hexagram_id,hexagram_name,phase_temporal,phase_bits,yao_key,pool_names,expression,tool_role,category,action,state_fidelity,megatron_head,voice_mode
1,The Creative,past,0,old yang,genesis_spark|voice_warmth|voice_subtlety,slot 1 stable_yin: chaos=0.113 whimsy=0.262 darkTone=0.103 coherence=0.857 voiceWeight=0.832,codegen,sovereign,ASSERT,0.5667,head_hex_01,idle
1,The Creative,present,1,old yang,genesis_spark|voice_warmth|voice_subtlety,slot 1 stable_yin: chaos=0.113 whimsy=0.262 darkTone=0.103 coherence=0.857 voiceWeight=0.832,codegen,sovereign,ASSERT,0.5219,head_hex_01,idle
1,The Creative,future,2,old yang,genesis_spark|voice_warmth|voice_subtlety,slot 1 stable_yin: chaos=0.113 whimsy=0.262 darkTone=0.103 coherence=0.857 voiceWeight=0.832,codegen,sovereign,ASSERT,0.5219,head_hex_01,idle
1,The Creative,transition,3,old yang,genesis_spark|voice_warmth|voice_subtlety,slot 1 stable_yin: chaos=0.113 whimsy=0.262 darkTone=0.103 coherence=0.857 voiceWeight=0.832,codegen,sovereign,ASSERT,0.4324,head_hex_01,idle
1,The Creative,resolution,4,old yang,genesis_spark|voice_warmth|voice_subtlety,slot 1 stable_yin: chaos=0.113 whimsy=0.262 darkTone=0.103 coherence=0.857 voiceWeight=0.832,codegen,sovereign,ASSERT,0.5219,head_hex_01,idle
1,The Creative,dissolution,5,old yang,genesis_spark|voice_warmth|voice_subtlety,slot 1 stable_yin: chaos=0.113 whimsy=0.262 darkTone=0.103 coherence=0.857 voiceWeight=0.832,codegen,sovereign,ASSERT,0.4324,head_hex_01,idle
1,The Creative,crystallization,6,old yang,genesis_spark|voice_warmth|voice_subtlety,slot 1 stable_yin: chaos=0.113 whimsy=0.262 darkTone=0.103 coherence=0.857 voiceWeight=0.832,codegen,sovereign,ASSERT,0.4324,head_hex_01,idle
1,The Creative,void,7,old yang,genesis_spark|voice_warmth|voice_subtlety,slot 1 stable_yin: chaos=0.113 whimsy=0.262 darkTone=0.103 coherence=0.857 voiceWeight=0.832,codegen,sovereign,ASSERT,0.41,head_hex_01,idle
1,The Creative,past,0,old yang,genesis_spark|voice_warmth|voice_subtlety,slot 1 stable_yin: chaos=0.113 whimsy=0.262 darkTone=0.103 coherence=0.857 voiceWeight=0.832,codegen,sovereign,ASSERT,0.5667,head_hex_01,idle
1,The Creative,present,1,old yang,genesis_spark|voice_warmth|voice_subtlety,slot 1 stable_yin: chaos=0.113 whimsy=0.262 darkTone=0.103 coherence=0.857 voiceWeight=0.832,codegen,sovereign,ASSERT,0.5219,head_hex_01,idle
1,The Creative,future,2,old yang,genesis_spark|voice_warmth|voice_subtlety,slot 1 stable_yin: chaos=0.113 whimsy=0.262 darkTone=0.103 coherence=0.857 voiceWeight=0.832,codegen,sovereign,ASSERT,0.5219,head_hex_01,idle
1,The Creative,transition,3,old yang,genesis_spark|voice_warmth|voice_subtlety,slot 1 stable_yin: chaos=0.113 whimsy=0.262 darkTone=0.103 coherence=0.857 voiceWeight=0.832,codegen,sovereign,ASSERT,0.4324,head_hex_01,idle
1,The Creative,resolution,4,old yang,genesis_spark|voice_warmth|voice_subtlety,slot 1 stable_yin: chaos=0.113 whimsy=0.262 darkTone=0.103 coherence=0.857 voiceWeight=0.832,codegen,sovereign,ASSERT,0.5219,head_hex_01,idle
1,The Creative,dissolution,5,old yang,genesis_spark|voice_warmth|voice_subtlety,slot 1 stable_yin: chaos=0.113 whimsy=0.262 darkTone=0.103 coherence=0.857 voiceWeight=0.832,codegen,sovereign,ASSERT,0.4324,head_hex_01,idle
1,The Creative,crystallization,6,old yang,genesis_spark|voice_warmth|voice_subtlety,slot 1 stable_yin: chaos=0.113 whimsy=0.262 darkTone=0.103 coherence=0.857 voiceWeight=0.832,codegen,sovereign,ASSERT,0.5152,head_hex_01,idle
1,The Creative,void,7,old yang,genesis_spark|voice_warmth|voice_subtlety,slot 1 stable_yin: chaos=0.113 whimsy=0.262 darkTone=0.103 coherence=0.857 voiceWeight=0.832,codegen,sovereign,ASSERT,0.4975,head_hex_01,idle
1,The Creative,past,0,old yang,genesis_spark|voice_warmth|voice_subtlety,slot 1 stable_yin: chaos=0.113 whimsy=0.262 darkTone=0.103 coherence=0.857 voiceWeight=0.832,codegen,sovereign,ASSERT,0.5667,head_hex_01,idle
1,The Creative,present,1,old yang,genesis_spark|voice_warmth|voice_subtlety,slot 1 stable_yin: chaos=0.113 whimsy=0.262 darkTone=0.103 coherence=0.857 voiceWeight=0.832,codegen,sovereign,ASSERT,0.5219,head_hex_01,idle
1,The Creative,future,2,old yang,genesis_spark|voice_warmth|voice_subtlety,slot 1 stable_yin: chaos=0.113 whimsy=0.262 darkTone=0.103 coherence=0.857 voiceWeight=0.832,codegen,sovereign,ASSERT,0.5219,head_hex_01,idle
1,The Creative,transition,3,old yang,genesis_spark|voice_warmth|voice_subtlety,slot 1 stable_yin: chaos=0.113 whimsy=0.262 darkTone=0.103 coherence=0.857 voiceWeight=0.832,codegen,sovereign,ASSERT,0.4324,head_hex_01,idle
1,The Creative,resolution,4,old yang,genesis_spark|voice_warmth|voice_subtlety,slot 1 stable_yin: chaos=0.113 whimsy=0.262 darkTone=0.103 coherence=0.857 voiceWeight=0.832,codegen,sovereign,ASSERT,0.5857,head_hex_01,idle
1,The Creative,dissolution,5,old yang,genesis_spark|voice_warmth|voice_subtlety,slot 1 stable_yin: chaos=0.113 whimsy=0.262 darkTone=0.103 coherence=0.857 voiceWeight=0.832,codegen,sovereign,ASSERT,0.5152,head_hex_01,idle
1,The Creative,crystallization,6,old yang,genesis_spark|voice_warmth|voice_subtlety,slot 1 stable_yin: chaos=0.113 whimsy=0.262 darkTone=0.103 coherence=0.857 voiceWeight=0.832,codegen,sovereign,ASSERT,0.5152,head_hex_01,idle
1,The Creative,void,7,old yang,genesis_spark|voice_warmth|voice_subtlety,slot 1 stable_yin: chaos=0.113 whimsy=0.262 darkTone=0.103 coherence=0.857 voiceWeight=0.832,codegen,sovereign,ASSERT,0.4975,head_hex_01,idle
2,The Receptive,past,0,old yang,earthy_patience|voice_warmth|voice_subtlety,slot 1 stable_yin: chaos=0.113 whimsy=0.262 darkTone=0.103 coherence=0.857 voiceWeight=0.832,codegen,transformer,YIELD,0.4433,head_hex_02,stealth
2,The Receptive,present,1,old yang,earthy_patience|voice_warmth|voice_subtlety,slot 1 stable_yin: chaos=0.113 whimsy=0.262 darkTone=0.103 coherence=0.857 voiceWeight=0.832,codegen,transformer,YIELD,0.4433,head_hex_02,stealth
2,The Receptive,future,2,old yang,earthy_patience|voice_warmth|voice_subtlety,slot 1 stable_yin: chaos=0.113 whimsy=0.262 darkTone=0.103 coherence=0.857 voiceWeight=0.832,codegen,transformer,YIELD,0.4433,head_hex_02,stealth
2,The Receptive,transition,3,old yang,earthy_patience|voice_warmth|voice_subtlety,slot 1 stable_yin: chaos=0.113 whimsy=0.262 darkTone=0.103 coherence=0.857 voiceWeight=0.832,codegen,transformer,YIELD,0.4209,head_hex_02,stealth
2,The Receptive,resolution,4,old yang,earthy_patience|voice_warmth|voice_subtlety,slot 1 stable_yin: chaos=0.113 whimsy=0.262 darkTone=0.103 coherence=0.857 voiceWeight=0.832,codegen,transformer,YIELD,0.4433,head_hex_02,stealth
2,The Receptive,dissolution,5,old yang,earthy_patience|voice_warmth|voice_subtlety,slot 1 stable_yin: chaos=0.113 whimsy=0.262 darkTone=0.103 coherence=0.857 voiceWeight=0.832,codegen,transformer,YIELD,0.4209,head_hex_02,stealth
2,The Receptive,crystallization,6,old yang,earthy_patience|voice_warmth|voice_subtlety,slot 1 stable_yin: chaos=0.113 whimsy=0.262 darkTone=0.103 coherence=0.857 voiceWeight=0.832,codegen,transformer,YIELD,0.4209,head_hex_02,stealth
2,The Receptive,void,7,old yang,earthy_patience|voice_warmth|voice_subtlety,slot 1 stable_yin: chaos=0.113 whimsy=0.262 darkTone=0.103 coherence=0.857 voiceWeight=0.832,codegen,transformer,YIELD,0.4209,head_hex_02,stealth
2,The Receptive,past,0,old yang,earthy_patience|voice_warmth|voice_subtlety,slot 1 stable_yin: chaos=0.113 whimsy=0.262 darkTone=0.103 coherence=0.857 voiceWeight=0.832,codegen,transformer,YIELD,0.4433,head_hex_02,stealth
2,The Receptive,present,1,old yang,earthy_patience|voice_warmth|voice_subtlety,slot 1 stable_yin: chaos=0.113 whimsy=0.262 darkTone=0.103 coherence=0.857 voiceWeight=0.832,codegen,transformer,YIELD,0.4433,head_hex_02,stealth
2,The Receptive,future,2,old yang,earthy_patience|voice_warmth|voice_subtlety,slot 1 stable_yin: chaos=0.113 whimsy=0.262 darkTone=0.103 coherence=0.857 voiceWeight=0.832,codegen,transformer,YIELD,0.4433,head_hex_02,stealth
2,The Receptive,transition,3,old yang,earthy_patience|voice_warmth|voice_subtlety,slot 1 stable_yin: chaos=0.113 whimsy=0.262 darkTone=0.103 coherence=0.857 voiceWeight=0.832,codegen,transformer,YIELD,0.4209,head_hex_02,stealth
2,The Receptive,resolution,4,old yang,earthy_patience|voice_warmth|voice_subtlety,slot 1 stable_yin: chaos=0.113 whimsy=0.262 darkTone=0.103 coherence=0.857 voiceWeight=0.832,codegen,transformer,YIELD,0.4433,head_hex_02,stealth
2,The Receptive,dissolution,5,old yang,earthy_patience|voice_warmth|voice_subtlety,slot 1 stable_yin: chaos=0.113 whimsy=0.262 darkTone=0.103 coherence=0.857 voiceWeight=0.832,codegen,transformer,YIELD,0.4209,head_hex_02,stealth
2,The Receptive,crystallization,6,old yang,earthy_patience|voice_warmth|voice_subtlety,slot 1 stable_yin: chaos=0.113 whimsy=0.262 darkTone=0.103 coherence=0.857 voiceWeight=0.832,codegen,transformer,YIELD,0.5078,head_hex_02,stealth
2,The Receptive,void,7,old yang,earthy_patience|voice_warmth|voice_subtlety,slot 1 stable_yin: chaos=0.113 whimsy=0.262 darkTone=0.103 coherence=0.857 voiceWeight=0.832,codegen,transformer,YIELD,0.5078,head_hex_02,stealth
2,The Receptive,past,0,old yang,earthy_patience|voice_warmth|voice_subtlety,slot 1 stable_yin: chaos=0.113 whimsy=0.262 darkTone=0.103 coherence=0.857 voiceWeight=0.832,codegen,transformer,YIELD,0.4433,head_hex_02,stealth
2,The Receptive,present,1,old yang,earthy_patience|voice_warmth|voice_subtlety,slot 1 stable_yin: chaos=0.113 whimsy=0.262 darkTone=0.103 coherence=0.857 voiceWeight=0.832,codegen,transformer,YIELD,0.4433,head_hex_02,stealth
2,The Receptive,future,2,old yang,earthy_patience|voice_warmth|voice_subtlety,slot 1 stable_yin: chaos=0.113 whimsy=0.262 darkTone=0.103 coherence=0.857 voiceWeight=0.832,codegen,transformer,YIELD,0.4433,head_hex_02,stealth
2,The Receptive,transition,3,old yang,earthy_patience|voice_warmth|voice_subtlety,slot 1 stable_yin: chaos=0.113 whimsy=0.262 darkTone=0.103 coherence=0.857 voiceWeight=0.832,codegen,transformer,YIELD,0.4209,head_hex_02,stealth
2,The Receptive,resolution,4,old yang,earthy_patience|voice_warmth|voice_subtlety,slot 1 stable_yin: chaos=0.113 whimsy=0.262 darkTone=0.103 coherence=0.857 voiceWeight=0.832,codegen,transformer,YIELD,0.5254,head_hex_02,stealth
2,The Receptive,dissolution,5,old yang,earthy_patience|voice_warmth|voice_subtlety,slot 1 stable_yin: chaos=0.113 whimsy=0.262 darkTone=0.103 coherence=0.857 voiceWeight=0.832,codegen,transformer,YIELD,0.5078,head_hex_02,stealth
2,The Receptive,crystallization,6,old yang,earthy_patience|voice_warmth|voice_subtlety,slot 1 stable_yin: chaos=0.113 whimsy=0.262 darkTone=0.103 coherence=0.857 voiceWeight=0.832,codegen,transformer,YIELD,0.5078,head_hex_02,stealth
2,The Receptive,void,7,old yang,earthy_patience|voice_warmth|voice_subtlety,slot 1 stable_yin: chaos=0.113 whimsy=0.262 darkTone=0.103 coherence=0.857 voiceWeight=0.832,codegen,transformer,YIELD,0.5078,head_hex_02,stealth
3,Difficulty at the Beginning,past,0,old yang,birth_chaos|voice_warmth|voice_subtlety,slot 1 stable_yin: chaos=0.113 whimsy=0.262 darkTone=0.103 coherence=0.857 voiceWeight=0.832,codegen,dissipator,ADAPT,0.5991,head_hex_03,recovery/fault_hold
3,Difficulty at the Beginning,present,1,old yang,birth_chaos|voice_warmth|voice_subtlety,slot 1 stable_yin: chaos=0.113 whimsy=0.262 darkTone=0.103 coherence=0.857 voiceWeight=0.832,codegen,dissipator,ADAPT,0.5819,head_hex_03,recovery/fault_hold
3,Difficulty at the Beginning,future,2,old yang,birth_chaos|voice_warmth|voice_subtlety,slot 1 stable_yin: chaos=0.113 whimsy=0.262 darkTone=0.103 coherence=0.857 voiceWeight=0.832,codegen,dissipator,ADAPT,0.569,head_hex_03,recovery/fault_hold
3,Difficulty at the Beginning,transition,3,old yang,birth_chaos|voice_warmth|voice_subtlety,slot 1 stable_yin: chaos=0.113 whimsy=0.262 darkTone=0.103 coherence=0.857 voiceWeight=0.832,codegen,dissipator,ADAPT,0.5432,head_hex_03,recovery/fault_hold
3,Difficulty at the Beginning,resolution,4,old yang,birth_chaos|voice_warmth|voice_subtlety,slot 1 stable_yin: chaos=0.113 whimsy=0.262 darkTone=0.103 coherence=0.857 voiceWeight=0.832,codegen,dissipator,ADAPT,0.569,head_hex_03,recovery/fault_hold
3,Difficulty at the Beginning,dissolution,5,old yang,birth_chaos|voice_warmth|voice_subtlety,slot 1 stable_yin: chaos=0.113 whimsy=0.262 darkTone=0.103 coherence=0.857 voiceWeight=0.832,codegen,dissipator,ADAPT,0.5432,head_hex_03,recovery/fault_hold
3,Difficulty at the Beginning,crystallization,6,old yang,birth_chaos|voice_warmth|voice_subtlety,slot 1 stable_yin: chaos=0.113 whimsy=0.262 darkTone=0.103 coherence=0.857 voiceWeight=0.832,codegen,dissipator,ADAPT,0.5432,head_hex_03,recovery/fault_hold
3,Difficulty at the Beginning,void,7,old yang,birth_chaos|voice_warmth|voice_subtlety,slot 1 stable_yin: chaos=0.113 whimsy=0.262 darkTone=0.103 coherence=0.857 voiceWeight=0.832,codegen,dissipator,ADAPT,0.5432,head_hex_03,recovery/fault_hold
3,Difficulty at the Beginning,past,0,old yang,birth_chaos|voice_warmth|voice_subtlety,slot 1 stable_yin: chaos=0.113 whimsy=0.262 darkTone=0.103 coherence=0.857 voiceWeight=0.832,codegen,dissipator,ADAPT,0.5991,head_hex_03,recovery/fault_hold
3,Difficulty at the Beginning,present,1,old yang,birth_chaos|voice_warmth|voice_subtlety,slot 1 stable_yin: chaos=0.113 whimsy=0.262 darkTone=0.103 coherence=0.857 voiceWeight=0.832,codegen,dissipator,ADAPT,0.5819,head_hex_03,recovery/fault_hold
3,Difficulty at the Beginning,future,2,old yang,birth_chaos|voice_warmth|voice_subtlety,slot 1 stable_yin: chaos=0.113 whimsy=0.262 darkTone=0.103 coherence=0.857 voiceWeight=0.832,codegen,dissipator,ADAPT,0.569,head_hex_03,recovery/fault_hold
3,Difficulty at the Beginning,transition,3,old yang,birth_chaos|voice_warmth|voice_subtlety,slot 1 stable_yin: chaos=0.113 whimsy=0.262 darkTone=0.103 coherence=0.857 voiceWeight=0.832,codegen,dissipator,ADAPT,0.5432,head_hex_03,recovery/fault_hold
3,Difficulty at the Beginning,resolution,4,old yang,birth_chaos|voice_warmth|voice_subtlety,slot 1 stable_yin: chaos=0.113 whimsy=0.262 darkTone=0.103 coherence=0.857 voiceWeight=0.832,codegen,dissipator,ADAPT,0.569,head_hex_03,recovery/fault_hold
3,Difficulty at the Beginning,dissolution,5,old yang,birth_chaos|voice_warmth|voice_subtlety,slot 1 stable_yin: chaos=0.113 whimsy=0.262 darkTone=0.103 coherence=0.857 voiceWeight=0.832,codegen,dissipator,ADAPT,0.5432,head_hex_03,recovery/fault_hold
3,Difficulty at the Beginning,crystallization,6,old yang,birth_chaos|voice_warmth|voice_subtlety,slot 1 stable_yin: chaos=0.113 whimsy=0.262 darkTone=0.103 coherence=0.857 voiceWeight=0.832,codegen,dissipator,ADAPT,0.6362,head_hex_03,recovery/fault_hold
3,Difficulty at the Beginning,void,7,old yang,birth_chaos|voice_warmth|voice_subtlety,slot 1 stable_yin: chaos=0.113 whimsy=0.262 darkTone=0.103 coherence=0.857 voiceWeight=0.832,codegen,dissipator,ADAPT,0.6362,head_hex_03,recovery/fault_hold
3,Difficulty at the Beginning,past,0,old yang,birth_chaos|voice_warmth|voice_subtlety,slot 1 stable_yin: chaos=0.113 whimsy=0.262 darkTone=0.103 coherence=0.857 voiceWeight=0.832,codegen,dissipator,ADAPT,0.5991,head_hex_03,recovery/fault_hold
3,Difficulty at the Beginning,present,1,old yang,birth_chaos|voice_warmth|voice_subtlety,slot 1 stable_yin: chaos=0.113 whimsy=0.262 darkTone=0.103 coherence=0.857 voiceWeight=0.832,codegen,dissipator,ADAPT,0.5819,head_hex_03,recovery/fault_hold
3,Difficulty at the Beginning,future,2,old yang,birth_chaos|voice_warmth|voice_subtlety,slot 1 stable_yin: chaos=0.113 whimsy=0.262 darkTone=0.103 coherence=0.857 voiceWeight=0.832,codegen,dissipator,ADAPT,0.569,head_hex_03,recovery/fault_hold
3,Difficulty at the Beginning,transition,3,old yang,birth_chaos|voice_warmth|voice_subtlety,slot 1 stable_yin: chaos=0.113 whimsy=0.262 darkTone=0.103 coherence=0.857 voiceWeight=0.832,codegen,dissipator,ADAPT,0.5432,head_hex_03,recovery/fault_hold
3,Difficulty at the Beginning,resolution,4,old yang,birth_chaos|voice_warmth|voice_subtlety,slot 1 stable_yin: chaos=0.113 whimsy=0.262 darkTone=0.103 coherence=0.857 voiceWeight=0.832,codegen,dissipator,ADAPT,0.6524,head_hex_03,recovery/fault_hold
3,Difficulty at the Beginning,dissolution,5,old yang,birth_chaos|voice_warmth|voice_subtlety,slot 1 stable_yin: chaos=0.113 whimsy=0.262 darkTone=0.103 coherence=0.857 voiceWeight=0.832,codegen,dissipator,ADAPT,0.6362,head_hex_03,recovery/fault_hold
3,Difficulty at the Beginning,crystallization,6,old yang,birth_chaos|voice_warmth|voice_subtlety,slot 1 stable_yin: chaos=0.113 whimsy=0.262 darkTone=0.103 coherence=0.857 voiceWeight=0.832,codegen,dissipator,ADAPT,0.6362,head_hex_03,recovery/fault_hold
3,Difficulty at the Beginning,void,7,old yang,birth_chaos|voice_warmth|voice_subtlety,slot 1 stable_yin: chaos=0.113 whimsy=0.262 darkTone=0.103 coherence=0.857 voiceWeight=0.832,codegen,dissipator,ADAPT,0.6362,head_hex_03,recovery/fault_hold
4,Youthful Folly,past,0,old yang,naive_curiosity|voice_warmth|voice_subtlety,slot 1 stable_yin: chaos=0.113 whimsy=0.262 darkTone=0.103 coherence=0.857 voiceWeight=0.832,codegen,transformer,WAIT,0.5416,head_hex_04,recovery/fault_hold
4,Youthful Folly,present,1,old yang,naive_curiosity|voice_warmth|voice_subtlety,slot 1 stable_yin: chaos=0.113 whimsy=0.262 darkTone=0.103 coherence=0.857 voiceWeight=0.832,codegen,transformer,WAIT,0.5004,head_hex_04,recovery/fault_hold
4,Youthful Folly,future,2,old yang,naive_curiosity|voice_warmth|voice_subtlety,slot 1 stable_yin: chaos=0.113 whimsy=0.262 darkTone=0.103 coherence=0.857 voiceWeight=0.832,codegen,transformer,WAIT,0.5004,head_hex_04,recovery/fault_hold
4,Youthful Folly,transition,3,old yang,naive_curiosity|voice_warmth|voice_subtlety,slot 1 stable_yin: chaos=0.113 whimsy=0.262 darkTone=0.103 coherence=0.857 voiceWeight=0.832,codegen,transformer,WAIT,0.4651,head_hex_04,recovery/fault_hold
4,Youthful Folly,resolution,4,old yang,naive_curiosity|voice_warmth|voice_subtlety,slot 1 stable_yin: chaos=0.113 whimsy=0.262 darkTone=0.103 coherence=0.857 voiceWeight=0.832,codegen,transformer,WAIT,0.5181,head_hex_04,recovery/fault_hold
4,Youthful Folly,dissolution,5,old yang,naive_curiosity|voice_warmth|voice_subtlety,slot 1 stable_yin: chaos=0.113 whimsy=0.262 darkTone=0.103 coherence=0.857 voiceWeight=0.832,codegen,transformer,WAIT,0.4651,head_hex_04,recovery/fault_hold
4,Youthful Folly,crystallization,6,old yang,naive_curiosity|voice_warmth|voice_subtlety,slot 1 stable_yin: chaos=0.113 whimsy=0.262 darkTone=0.103 coherence=0.857 voiceWeight=0.832,codegen,transformer,WAIT,0.4651,head_hex_04,recovery/fault_hold
4,Youthful Folly,void,7,old yang,naive_curiosity|voice_warmth|voice_subtlety,slot 1 stable_yin: chaos=0.113 whimsy=0.262 darkTone=0.103 coherence=0.857 voiceWeight=0.832,codegen,transformer,WAIT,0.4651,head_hex_04,recovery/fault_hold
4,Youthful Folly,past,0,old yang,naive_curiosity|voice_warmth|voice_subtlety,slot 1 stable_yin: chaos=0.113 whimsy=0.262 darkTone=0.103 coherence=0.857 voiceWeight=0.832,codegen,transformer,WAIT,0.5416,head_hex_04,recovery/fault_hold
4,Youthful Folly,present,1,old yang,naive_curiosity|voice_warmth|voice_subtlety,slot 1 stable_yin: chaos=0.113 whimsy=0.262 darkTone=0.103 coherence=0.857 voiceWeight=0.832,codegen,transformer,WAIT,0.5004,head_hex_04,recovery/fault_hold
4,Youthful Folly,future,2,old yang,naive_curiosity|voice_warmth|voice_subtlety,slot 1 stable_yin: chaos=0.113 whimsy=0.262 darkTone=0.103 coherence=0.857 voiceWeight=0.832,codegen,transformer,WAIT,0.5004,head_hex_04,recovery/fault_hold
4,Youthful Folly,transition,3,old yang,naive_curiosity|voice_warmth|voice_subtlety,slot 1 stable_yin: chaos=0.113 whimsy=0.262 darkTone=0.103 coherence=0.857 voiceWeight=0.832,codegen,transformer,WAIT,0.4651,head_hex_04,recovery/fault_hold
4,Youthful Folly,resolution,4,old yang,naive_curiosity|voice_warmth|voice_subtlety,slot 1 stable_yin: chaos=0.113 whimsy=0.262 darkTone=0.103 coherence=0.857 voiceWeight=0.832,codegen,transformer,WAIT,0.5181,head_hex_04,recovery/fault_hold
4,Youthful Folly,dissolution,5,old yang,naive_curiosity|voice_warmth|voice_subtlety,slot 1 stable_yin: chaos=0.113 whimsy=0.262 darkTone=0.103 coherence=0.857 voiceWeight=0.832,codegen,transformer,WAIT,0.4651,head_hex_04,recovery/fault_hold
4,Youthful Folly,crystallization,6,old yang,naive_curiosity|voice_warmth|voice_subtlety,slot 1 stable_yin: chaos=0.113 whimsy=0.262 darkTone=0.103 coherence=0.857 voiceWeight=0.832,codegen,transformer,WAIT,0.5635,head_hex_04,recovery/fault_hold
4,Youthful Folly,void,7,old yang,naive_curiosity|voice_warmth|voice_subtlety,slot 1 stable_yin: chaos=0.113 whimsy=0.262 darkTone=0.103 coherence=0.857 voiceWeight=0.832,codegen,transformer,WAIT,0.5635,head_hex_04,recovery/fault_hold
4,Youthful Folly,past,0,old yang,naive_curiosity|voice_warmth|voice_subtlety,slot 1 stable_yin: chaos=0.113 whimsy=0.262 darkTone=0.103 coherence=0.857 voiceWeight=0.832,codegen,transformer,WAIT,0.5416,head_hex_04,recovery/fault_hold
4,Youthful Folly,present,1,old yang,naive_curiosity|voice_warmth|voice_subtlety,slot 1 stable_yin: chaos=0.113 whimsy=0.262 darkTone=0.103 coherence=0.857 voiceWeight=0.832,codegen,transformer,WAIT,0.5004,head_hex_04,recovery/fault_hold
4,Youthful Folly,future,2,old yang,naive_curiosity|voice_warmth|voice_subtlety,slot 1 stable_yin: chaos=0.113 whimsy=0.262 darkTone=0.103 coherence=0.857 voiceWeight=0.832,codegen,transformer,WAIT,0.5004,head_hex_04,recovery/fault_hold
4,Youthful Folly,transition,3,old yang,naive_curiosity|voice_warmth|voice_subtlety,slot 1 stable_yin: chaos=0.113 whimsy=0.262 darkTone=0.103 coherence=0.857 voiceWeight=0.832,codegen,transformer,WAIT,0.4651,head_hex_04,recovery/fault_hold
4,Youthful Folly,resolution,4,old yang,naive_curiosity|voice_warmth|voice_subtlety,slot 1 stable_yin: chaos=0.113 whimsy=0.262 darkTone=0.103 coherence=0.857 voiceWeight=0.832,codegen,transformer,WAIT,0.6022,head_hex_04,recovery/fault_hold
4,Youthful Folly,dissolution,5,old yang,naive_curiosity|voice_warmth|voice_subtlety,slot 1 stable_yin: chaos=0.113 whimsy=0.262 darkTone=0.103 coherence=0.857 voiceWeight=0.832,codegen,transformer,WAIT,0.5635,head_hex_04,recovery/fault_hold
4,Youthful Folly,crystallization,6,old yang,naive_curiosity|voice_warmth|voice_subtlety,slot 1 stable_yin: chaos=0.113 whimsy=0.262 darkTone=0.103 coherence=0.857 voiceWeight=0.832,codegen,transformer,WAIT,0.5635,head_hex_04,recovery/fault_hold
4,Youthful Folly,void,7,old yang,naive_curiosity|voice_warmth|voice_subtlety,slot 1 stable_yin: chaos=0.113 whimsy=0.262 darkTone=0.103 coherence=0.857 voiceWeight=0.832,codegen,transformer,WAIT,0.5635,head_hex_04,recovery/fault_hold
5,Waiting,past,0,old yang,gathered_force|voice_warmth|voice_subtlety,slot 1 stable_yin: chaos=0.113 whimsy=0.262 darkTone=0.103 coherence=0.857 voiceWeight=0.832,codegen,dissipator,WAIT,0.5225,head_hex_05,recovery/fault_hold
5,Waiting,present,1,old yang,gathered_force|voice_warmth|voice_subtlety,slot 1 stable_yin: chaos=0.113 whimsy=0.262 darkTone=0.103 coherence=0.857 voiceWeight=0.832,codegen,dissipator,WAIT,0.4702,head_hex_05,recovery/fault_hold
5,Waiting,future,2,old yang,gathered_force|voice_warmth|voice_subtlety,slot 1 stable_yin: chaos=0.113 whimsy=0.262 darkTone=0.103 coherence=0.857 voiceWeight=0.832,codegen,dissipator,WAIT,0.4478,head_hex_05,recovery/fault_hold
5,Waiting,transition,3,old yang,gathered_force|voice_warmth|voice_subtlety,slot 1 stable_yin: chaos=0.113 whimsy=0.262 darkTone=0.103 coherence=0.857 voiceWeight=0.832,codegen,dissipator,WAIT,0.3806,head_hex_05,recovery/fault_hold
5,Waiting,resolution,4,old yang,gathered_force|voice_warmth|voice_subtlety,slot 1 stable_yin: chaos=0.113 whimsy=0.262 darkTone=0.103 coherence=0.857 voiceWeight=0.832,codegen,dissipator,WAIT,0.4702,head_hex_05,recovery/fault_hold
5,Waiting,dissolution,5,old yang,gathered_force|voice_warmth|voice_subtlety,slot 1 stable_yin: chaos=0.113 whimsy=0.262 darkTone=0.103 coherence=0.857 voiceWeight=0.832,codegen,dissipator,WAIT,0.403,head_hex_05,recovery/fault_hold
5,Waiting,crystallization,6,old yang,gathered_force|voice_warmth|voice_subtlety,slot 1 stable_yin: chaos=0.113 whimsy=0.262 darkTone=0.103 coherence=0.857 voiceWeight=0.832,codegen,dissipator,WAIT,0.3806,head_hex_05,recovery/fault_hold
5,Waiting,void,7,old yang,gathered_force|voice_warmth|voice_subtlety,slot 1 stable_yin: chaos=0.113 whimsy=0.262 darkTone=0.103 coherence=0.857 voiceWeight=0.832,codegen,dissipator,WAIT,0.3806,head_hex_05,recovery/fault_hold
5,Waiting,past,0,old yang,gathered_force|voice_warmth|voice_subtlety,slot 1 stable_yin: chaos=0.113 whimsy=0.262 darkTone=0.103 coherence=0.857 voiceWeight=0.832,codegen,dissipator,WAIT,0.5225,head_hex_05,recovery/fault_hold
5,Waiting,present,1,old yang,gathered_force|voice_warmth|voice_subtlety,slot 1 stable_yin: chaos=0.113 whimsy=0.262 darkTone=0.103 coherence=0.857 voiceWeight=0.832,codegen,dissipator,WAIT,0.4702,head_hex_05,recovery/fault_hold
5,Waiting,future,2,old yang,gathered_force|voice_warmth|voice_subtlety,slot 1 stable_yin: chaos=0.113 whimsy=0.262 darkTone=0.103 coherence=0.857 voiceWeight=0.832,codegen,dissipator,WAIT,0.4478,head_hex_05,recovery/fault_hold
5,Waiting,transition,3,old yang,gathered_force|voice_warmth|voice_subtlety,slot 1 stable_yin: chaos=0.113 whimsy=0.262 darkTone=0.103 coherence=0.857 voiceWeight=0.832,codegen,dissipator,WAIT,0.3806,head_hex_05,recovery/fault_hold
5,Waiting,resolution,4,old yang,gathered_force|voice_warmth|voice_subtlety,slot 1 stable_yin: chaos=0.113 whimsy=0.262 darkTone=0.103 coherence=0.857 voiceWeight=0.832,codegen,dissipator,WAIT,0.4702,head_hex_05,recovery/fault_hold
5,Waiting,dissolution,5,old yang,gathered_force|voice_warmth|voice_subtlety,slot 1 stable_yin: chaos=0.113 whimsy=0.262 darkTone=0.103 coherence=0.857 voiceWeight=0.832,codegen,dissipator,WAIT,0.403,head_hex_05,recovery/fault_hold
5,Waiting,crystallization,6,old yang,gathered_force|voice_warmth|voice_subtlety,slot 1 stable_yin: chaos=0.113 whimsy=0.262 darkTone=0.103 coherence=0.857 voiceWeight=0.832,codegen,dissipator,WAIT,0.476,head_hex_05,recovery/fault_hold
5,Waiting,void,7,old yang,gathered_force|voice_warmth|voice_subtlety,slot 1 stable_yin: chaos=0.113 whimsy=0.262 darkTone=0.103 coherence=0.857 voiceWeight=0.832,codegen,dissipator,WAIT,0.476,head_hex_05,recovery/fault_hold
5,Waiting,past,0,old yang,gathered_force|voice_warmth|voice_subtlety,slot 1 stable_yin: chaos=0.113 whimsy=0.262 darkTone=0.103 coherence=0.857 voiceWeight=0.832,codegen,dissipator,WAIT,0.5225,head_hex_05,recovery/fault_hold
5,Waiting,present,1,old yang,gathered_force|voice_warmth|voice_subtlety,slot 1 stable_yin: chaos=0.113 whimsy=0.262 darkTone=0.103 coherence=0.857 voiceWeight=0.832,codegen,dissipator,WAIT,0.4702,head_hex_05,recovery/fault_hold
5,Waiting,future,2,old yang,gathered_force|voice_warmth|voice_subtlety,slot 1 stable_yin: chaos=0.113 whimsy=0.262 darkTone=0.103 coherence=0.857 voiceWeight=0.832,codegen,dissipator,WAIT,0.4478,head_hex_05,recovery/fault_hold
5,Waiting,transition,3,old yang,gathered_force|voice_warmth|voice_subtlety,slot 1 stable_yin: chaos=0.113 whimsy=0.262 darkTone=0.103 coherence=0.857 voiceWeight=0.832,codegen,dissipator,WAIT,0.3806,head_hex_05,recovery/fault_hold
5,Waiting,resolution,4,old yang,gathered_force|voice_warmth|voice_subtlety,slot 1 stable_yin: chaos=0.113 whimsy=0.262 darkTone=0.103 coherence=0.857 voiceWeight=0.832,codegen,dissipator,WAIT,0.5466,head_hex_05,recovery/fault_hold
5,Waiting,dissolution,5,old yang,gathered_force|voice_warmth|voice_subtlety,slot 1 stable_yin: chaos=0.113 whimsy=0.262 darkTone=0.103 coherence=0.857 voiceWeight=0.832,codegen,dissipator,WAIT,0.4937,head_hex_05,recovery/fault_hold
5,Waiting,crystallization,6,old yang,gathered_force|voice_warmth|voice_subtlety,slot 1 stable_yin: chaos=0.113 whimsy=0.262 darkTone=0.103 coherence=0.857 voiceWeight=0.832,codegen,dissipator,WAIT,0.476,head_hex_05,recovery/fault_hold
5,Waiting,void,7,old yang,gathered_force|voice_warmth|voice_subtlety,slot 1 stable_yin: chaos=0.113 whimsy=0.262 darkTone=0.103 coherence=0.857 voiceWeight=0.832,codegen,dissipator,WAIT,0.476,head_hex_05,recovery/fault_hold
6,Conflict,past,0,old yang,adversarial_sharp|voice_warmth|voice_subtlety,slot 1 stable_yin: chaos=0.113 whimsy=0.262 darkTone=0.103 coherence=0.857 voiceWeight=0.832,codegen,transformer,ASSERT,0.7129,head_hex_06,recovery/fault_hold
6,Conflict,present,1,old yang,adversarial_sharp|voice_warmth|voice_subtlety,slot 1 stable_yin: chaos=0.113 whimsy=0.262 darkTone=0.103 coherence=0.857 voiceWeight=0.832,codegen,transformer,ASSERT,0.6939,head_hex_06,recovery/fault_hold
6,Conflict,future,2,old yang,adversarial_sharp|voice_warmth|voice_subtlety,slot 1 stable_yin: chaos=0.113 whimsy=0.262 darkTone=0.103 coherence=0.857 voiceWeight=0.832,codegen,transformer,ASSERT,0.6857,head_hex_06,recovery/fault_hold
6,Conflict,transition,3,old yang,adversarial_sharp|voice_warmth|voice_subtlety,slot 1 stable_yin: chaos=0.113 whimsy=0.262 darkTone=0.103 coherence=0.857 voiceWeight=0.832,codegen,transformer,ASSERT,0.6613,head_hex_06,recovery/fault_hold
6,Conflict,resolution,4,old yang,adversarial_sharp|voice_warmth|voice_subtlety,slot 1 stable_yin: chaos=0.113 whimsy=0.262 darkTone=0.103 coherence=0.857 voiceWeight=0.832,codegen,transformer,ASSERT,0.6939,head_hex_06,recovery/fault_hold
6,Conflict,dissolution,5,old yang,adversarial_sharp|voice_warmth|voice_subtlety,slot 1 stable_yin: chaos=0.113 whimsy=0.262 darkTone=0.103 coherence=0.857 voiceWeight=0.832,codegen,transformer,ASSERT,0.6694,head_hex_06,recovery/fault_hold
6,Conflict,crystallization,6,old yang,adversarial_sharp|voice_warmth|voice_subtlety,slot 1 stable_yin: chaos=0.113 whimsy=0.262 darkTone=0.103 coherence=0.857 voiceWeight=0.832,codegen,transformer,ASSERT,0.6613,head_hex_06,recovery/fault_hold
6,Conflict,void,7,old yang,adversarial_sharp|voice_warmth|voice_subtlety,slot 1 stable_yin: chaos=0.113 whimsy=0.262 darkTone=0.103 coherence=0.857 voiceWeight=0.832,codegen,transformer,ASSERT,0.6613,head_hex_06,recovery/fault_hold
6,Conflict,past,0,old yang,adversarial_sharp|voice_warmth|voice_subtlety,slot 1 stable_yin: chaos=0.113 whimsy=0.262 darkTone=0.103 coherence=0.857 voiceWeight=0.832,codegen,transformer,ASSERT,0.7129,head_hex_06,recovery/fault_hold
6,Conflict,present,1,old yang,adversarial_sharp|voice_warmth|voice_subtlety,slot 1 stable_yin: chaos=0.113 whimsy=0.262 darkTone=0.103 coherence=0.857 voiceWeight=0.832,codegen,transformer,ASSERT,0.6939,head_hex_06,recovery/fault_hold
6,Conflict,future,2,old yang,adversarial_sharp|voice_warmth|voice_subtlety,slot 1 stable_yin: chaos=0.113 whimsy=0.262 darkTone=0.103 coherence=0.857 voiceWeight=0.832,codegen,transformer,ASSERT,0.6857,head_hex_06,recovery/fault_hold
6,Conflict,transition,3,old yang,adversarial_sharp|voice_warmth|voice_subtlety,slot 1 stable_yin: chaos=0.113 whimsy=0.262 darkTone=0.103 coherence=0.857 voiceWeight=0.832,codegen,transformer,ASSERT,0.6613,head_hex_06,recovery/fault_hold
6,Conflict,resolution,4,old yang,adversarial_sharp|voice_warmth|voice_subtlety,slot 1 stable_yin: chaos=0.113 whimsy=0.262 darkTone=0.103 coherence=0.857 voiceWeight=0.832,codegen,transformer,ASSERT,0.6939,head_hex_06,recovery/fault_hold
6,Conflict,dissolution,5,old yang,adversarial_sharp|voice_warmth|voice_subtlety,slot 1 stable_yin: chaos=0.113 whimsy=0.262 darkTone=0.103 coherence=0.857 voiceWeight=0.832,codegen,transformer,ASSERT,0.6694,head_hex_06,recovery/fault_hold
6,Conflict,crystallization,6,old yang,adversarial_sharp|voice_warmth|voice_subtlety,slot 1 stable_yin: chaos=0.113 whimsy=0.262 darkTone=0.103 coherence=0.857 voiceWeight=0.832,codegen,transformer,ASSERT,0.6613,head_hex_06,recovery/fault_hold
6,Conflict,void,7,old yang,adversarial_sharp|voice_warmth|voice_subtlety,slot 1 stable_yin: chaos=0.113 whimsy=0.262 darkTone=0.103 coherence=0.857 voiceWeight=0.832,codegen,transformer,ASSERT,0.6613,head_hex_06,recovery/fault_hold
6,Conflict,past,0,old yang,adversarial_sharp|voice_warmth|voice_subtlety,slot 1 stable_yin: chaos=0.113 whimsy=0.262 darkTone=0.103 coherence=0.857 voiceWeight=0.832,codegen,transformer,ASSERT,0.7129,head_hex_06,recovery/fault_hold
6,Conflict,present,1,old yang,adversarial_sharp|voice_warmth|voice_subtlety,slot 1 stable_yin: chaos=0.113 whimsy=0.262 darkTone=0.103 coherence=0.857 voiceWeight=0.832,codegen,transformer,ASSERT,0.6939,head_hex_06,recovery/fault_hold
6,Conflict,future,2,old yang,adversarial_sharp|voice_warmth|voice_subtlety,slot 1 stable_yin: chaos=0.113 whimsy=0.262 darkTone=0.103 coherence=0.857 voiceWeight=0.832,codegen,transformer,ASSERT,0.6857,head_hex_06,recovery/fault_hold
6,Conflict,transition,3,old yang,adversarial_sharp|voice_warmth|voice_subtlety,slot 1 stable_yin: chaos=0.113 whimsy=0.262 darkTone=0.103 coherence=0.857 voiceWeight=0.832,codegen,transformer,ASSERT,0.6613,head_hex_06,recovery/fault_hold
6,Conflict,resolution,4,old yang,adversarial_sharp|voice_warmth|voice_subtlety,slot 1 stable_yin: chaos=0.113 whimsy=0.262 darkTone=0.103 coherence=0.857 voiceWeight=0.832,codegen,transformer,ASSERT,0.6939,head_hex_06,recovery/fault_hold
6,Conflict,dissolution,5,old yang,adversarial_sharp|voice_warmth|voice_subtlety,slot 1 stable_yin: chaos=0.113 whimsy=0.262 darkTone=0.103 coherence=0.857 voiceWeight=0.832,codegen,transformer,ASSERT,0.6694,head_hex_06,recovery/fault_hold
6,Conflict,crystallization,6,old yang,adversarial_sharp|voice_warmth|voice_subtlety,slot 1 stable_yin: chaos=0.113 whimsy=0.262 darkTone=0.103 coherence=0.857 voiceWeight=0.832,codegen,transformer,ASSERT,0.6613,head_hex_06,recovery/fault_hold
6,Conflict,void,7,old yang,adversarial_sharp|voice_warmth|voice_subtlety,slot 1 stable_yin: chaos=0.113 whimsy=0.262 darkTone=0.103 coherence=0.857 voiceWeight=0.832,codegen,transformer,ASSERT,0.6613,head_hex_06,recovery/fault_hold
7,The Army,past,0,old yang,hierarchical_command|voice_warmth|voice_subtlety,slot 1 stable_yin: chaos=0.113 whimsy=0.262 darkTone=0.103 coherence=0.857 voiceWeight=0.832,codegen,sovereign,ASSERT,0.3436,head_hex_07,recovery/fault_hold
7,The Army,present,1,old yang,hierarchical_command|voice_warmth|voice_subtlety,slot 1 stable_yin: chaos=0.113 whimsy=0.262 darkTone=0.103 coherence=0.857 voiceWeight=0.832,codegen,sovereign,ASSERT,0.3255,head_hex_07,recovery/fault_hold
7,The Army,future,2,old yang,hierarchical_command|voice_warmth|voice_subtlety,slot 1 stable_yin: chaos=0.113 whimsy=0.262 darkTone=0.103 coherence=0.857 voiceWeight=0.832,codegen,sovereign,ASSERT,0.2984,head_hex_07,recovery/fault_hold
7,The Army,transition,3,old yang,hierarchical_command|voice_warmth|voice_subtlety,slot 1 stable_yin: chaos=0.113 whimsy=0.262 darkTone=0.103 coherence=0.857 voiceWeight=0.832,codegen,sovereign,ASSERT,0.2712,head_hex_07,recovery/fault_hold
7,The Army,resolution,4,old yang,hierarchical_command|voice_warmth|voice_subtlety,slot 1 stable_yin: chaos=0.113 whimsy=0.262 darkTone=0.103 coherence=0.857 voiceWeight=0.832,codegen,sovereign,ASSERT,0.3255,head_hex_07,recovery/fault_hold
7,The Army,dissolution,5,old yang,hierarchical_command|voice_warmth|voice_subtlety,slot 1 stable_yin: chaos=0.113 whimsy=0.262 darkTone=0.103 coherence=0.857 voiceWeight=0.832,codegen,sovereign,ASSERT,0.2712,head_hex_07,recovery/fault_hold
7,The Army,crystallization,6,old yang,hierarchical_command|voice_warmth|voice_subtlety,slot 1 stable_yin: chaos=0.113 whimsy=0.262 darkTone=0.103 coherence=0.857 voiceWeight=0.832,codegen,sovereign,ASSERT,0.2712,head_hex_07,recovery/fault_hold
7,The Army,void,7,old yang,hierarchical_command|voice_warmth|voice_subtlety,slot 1 stable_yin: chaos=0.113 whimsy=0.262 darkTone=0.103 coherence=0.857 voiceWeight=0.832,codegen,sovereign,ASSERT,0.2712,head_hex_07,recovery/fault_hold
7,The Army,past,0,old yang,hierarchical_command|voice_warmth|voice_subtlety,slot 1 stable_yin: chaos=0.113 whimsy=0.262 darkTone=0.103 coherence=0.857 voiceWeight=0.832,codegen,sovereign,ASSERT,0.3436,head_hex_07,recovery/fault_hold
7,The Army,present,1,old yang,hierarchical_command|voice_warmth|voice_subtlety,slot 1 stable_yin: chaos=0.113 whimsy=0.262 darkTone=0.103 coherence=0.857 voiceWeight=0.832,codegen,sovereign,ASSERT,0.3255,head_hex_07,recovery/fault_hold
7,The Army,future,2,old yang,hierarchical_command|voice_warmth|voice_subtlety,slot 1 stable_yin: chaos=0.113 whimsy=0.262 darkTone=0.103 coherence=0.857 voiceWeight=0.832,codegen,sovereign,ASSERT,0.2984,head_hex_07,recovery/fault_hold
7,The Army,transition,3,old yang,hierarchical_command|voice_warmth|voice_subtlety,slot 1 stable_yin: chaos=0.113 whimsy=0.262 darkTone=0.103 coherence=0.857 voiceWeight=0.832,codegen,sovereign,ASSERT,0.2712,head_hex_07,recovery/fault_hold
7,The Army,resolution,4,old yang,hierarchical_command|voice_warmth|voice_subtlety,slot 1 stable_yin: chaos=0.113 whimsy=0.262 darkTone=0.103 coherence=0.857 voiceWeight=0.832,codegen,sovereign,ASSERT,0.3255,head_hex_07,recovery/fault_hold
7,The Army,dissolution,5,old yang,hierarchical_command|voice_warmth|voice_subtlety,slot 1 stable_yin: chaos=0.113 whimsy=0.262 darkTone=0.103 coherence=0.857 voiceWeight=0.832,codegen,sovereign,ASSERT,0.2712,head_hex_07,recovery/fault_hold
7,The Army,crystallization,6,old yang,hierarchical_command|voice_warmth|voice_subtlety,slot 1 stable_yin: chaos=0.113 whimsy=0.262 darkTone=0.103 coherence=0.857 voiceWeight=0.832,codegen,sovereign,ASSERT,0.3691,head_hex_07,recovery/fault_hold
7,The Army,void,7,old yang,hierarchical_command|voice_warmth|voice_subtlety,slot 1 stable_yin: chaos=0.113 whimsy=0.262 darkTone=0.103 coherence=0.857 voiceWeight=0.832,codegen,sovereign,ASSERT,0.3691,head_hex_07,recovery/fault_hold
7,The Army,past,0,old yang,hierarchical_command|voice_warmth|voice_subtlety,slot 1 stable_yin: chaos=0.113 whimsy=0.262 darkTone=0.103 coherence=0.857 voiceWeight=0.832,codegen,sovereign,ASSERT,0.3436,head_hex_07,recovery/fault_hold
7,The Army,present,1,old yang,hierarchical_command|voice_warmth|voice_subtlety,slot 1 stable_yin: chaos=0.113 whimsy=0.262 darkTone=0.103 coherence=0.857 voiceWeight=0.832,codegen,sovereign,ASSERT,0.3255,head_hex_07,recovery/fault_hold
7,The Army,future,2,old yang,hierarchical_command|voice_warmth|voice_subtlety,slot 1 stable_yin: chaos=0.113 whimsy=0.262 darkTone=0.103 coherence=0.857 voiceWeight=0.832,codegen,sovereign,ASSERT,0.2984,head_hex_07,recovery/fault_hold
7,The Army,transition,3,old yang,hierarchical_command|voice_warmth|voice_subtlety,slot 1 stable_yin: chaos=0.113 whimsy=0.262 darkTone=0.103 coherence=0.857 voiceWeight=0.832,codegen,sovereign,ASSERT,0.2712,head_hex_07,recovery/fault_hold
7,The Army,resolution,4,old yang,hierarchical_command|voice_warmth|voice_subtlety,slot 1 stable_yin: chaos=0.113 whimsy=0.262 darkTone=0.103 coherence=0.857 voiceWeight=0.832,codegen,sovereign,ASSERT,0.4139,head_hex_07,recovery/fault_hold
7,The Army,dissolution,5,old yang,hierarchical_command|voice_warmth|voice_subtlety,slot 1 stable_yin: chaos=0.113 whimsy=0.262 darkTone=0.103 coherence=0.857 voiceWeight=0.832,codegen,sovereign,ASSERT,0.3691,head_hex_07,recovery/fault_hold
7,The Army,crystallization,6,old yang,hierarchical_command|voice_warmth|voice_subtlety,slot 1 stable_yin: chaos=0.113 whimsy=0.262 darkTone=0.103 coherence=0.857 voiceWeight=0.832,codegen,sovereign,ASSERT,0.3691,head_hex_07,recovery/fault_hold
7,The Army,void,7,old yang,hierarchical_command|voice_warmth|voice_subtlety,slot 1 stable_yin: chaos=0.113 whimsy=0.262 darkTone=0.103 coherence=0.857 voiceWeight=0.832,codegen,sovereign,ASSERT,0.3691,head_hex_07,recovery/fault_hold
8,Holding Together,past,0,old yang,warm_cooperation|voice_warmth|voice_subtlety,slot 1 stable_yin: chaos=0.113 whimsy=0.262 darkTone=0.103 coherence=0.857 voiceWeight=0.832,codegen,transformer,YIELD,0.5276,head_hex_08,transit
8,Holding Together,present,1,old yang,warm_cooperation|voice_warmth|voice_subtlety,slot 1 stable_yin: chaos=0.113 whimsy=0.262 darkTone=0.103 coherence=0.857 voiceWeight=0.832,codegen,transformer,YIELD,0.5159,head_hex_08,transit
8,Holding Together,future,2,old yang,warm_cooperation|voice_warmth|voice_subtlety,slot 1 stable_yin: chaos=0.113 whimsy=0.262 darkTone=0.103 coherence=0.857 voiceWeight=0.832,codegen,transformer,YIELD,0.4982,head_hex_08,transit
8,Holding Together,transition,3,old yang,warm_cooperation|voice_warmth|voice_subtlety,slot 1 stable_yin: chaos=0.113 whimsy=0.262 darkTone=0.103 coherence=0.857 voiceWeight=0.832,codegen,transformer,YIELD,0.4806,head_hex_08,transit
8,Holding Together,resolution,4,old yang,warm_cooperation|voice_warmth|voice_subtlety,slot 1 stable_yin: chaos=0.113 whimsy=0.262 darkTone=0.103 coherence=0.857 voiceWeight=0.832,codegen,transformer,YIELD,0.5159,head_hex_08,transit
8,Holding Together,dissolution,5,old yang,warm_cooperation|voice_warmth|voice_subtlety,slot 1 stable_yin: chaos=0.113 whimsy=0.262 darkTone=0.103 coherence=0.857 voiceWeight=0.832,codegen,transformer,YIELD,0.4806,head_hex_08,transit
8,Holding Together,crystallization,6,old yang,warm_cooperation|voice_warmth|voice_subtlety,slot 1 stable_yin: chaos=0.113 whimsy=0.262 darkTone=0.103 coherence=0.857 voiceWeight=0.832,codegen,transformer,YIELD,0.4806,head_hex_08,transit
8,Holding Together,void,7,old yang,warm_cooperation|voice_warmth|voice_subtlety,slot 1 stable_yin: chaos=0.113 whimsy=0.262 darkTone=0.103 coherence=0.857 voiceWeight=0.832,codegen,transformer,YIELD,0.4806,head_hex_08,transit
8,Holding Together,past,0,old yang,warm_cooperation|voice_warmth|voice_subtlety,slot 1 stable_yin: chaos=0.113 whimsy=0.262 darkTone=0.103 coherence=0.857 voiceWeight=0.832,codegen,transformer,YIELD,0.5276,head_hex_08,transit
8,Holding Together,present,1,old yang,warm_cooperation|voice_warmth|voice_subtlety,slot 1 stable_yin: chaos=0.113 whimsy=0.262 darkTone=0.103 coherence=0.857 voiceWeight=0.832,codegen,transformer,YIELD,0.5159,head_hex_08,transit
8,Holding Together,future,2,old yang,warm_cooperation|voice_warmth|voice_subtlety,slot 1 stable_yin: chaos=0.113 whimsy=0.262 darkTone=0.103 coherence=0.857 voiceWeight=0.832,codegen,transformer,YIELD,0.4982,head_hex_08,transit
8,Holding Together,transition,3,old yang,warm_cooperation|voice_warmth|voice_subtlety,slot 1 stable_yin: chaos=0.113 whimsy=0.262 darkTone=0.103 coherence=0.857 voiceWeight=0.832,codegen,transformer,YIELD,0.4806,head_hex_08,transit
8,Holding Together,resolution,4,old yang,warm_cooperation|voice_warmth|voice_subtlety,slot 1 stable_yin: chaos=0.113 whimsy=0.262 darkTone=0.103 coherence=0.857 voiceWeight=0.832,codegen,transformer,YIELD,0.5159,head_hex_08,transit
8,Holding Together,dissolution,5,old yang,warm_cooperation|voice_warmth|voice_subtlety,slot 1 stable_yin: chaos=0.113 whimsy=0.262 darkTone=0.103 coherence=0.857 voiceWeight=0.832,codegen,transformer,YIELD,0.4806,head_hex_08,transit
8,Holding Together,crystallization,6,old yang,warm_cooperation|voice_warmth|voice_subtlety,slot 1 stable_yin: chaos=0.113 whimsy=0.262 darkTone=0.103 coherence=0.857 voiceWeight=0.832,codegen,transformer,YIELD,0.5748,head_hex_08,transit
8,Holding Together,void,7,old yang,warm_cooperation|voice_warmth|voice_subtlety,slot 1 stable_yin: chaos=0.113 whimsy=0.262 darkTone=0.103 coherence=0.857 voiceWeight=0.832,codegen,transformer,YIELD,0.5748,head_hex_08,transit
8,Holding Together,past,0,old yang,warm_cooperation|voice_warmth|voice_subtlety,slot 1 stable_yin: chaos=0.113 whimsy=0.262 darkTone=0.103 coherence=0.857 voiceWeight=0.832,codegen,transformer,YIELD,0.5276,head_hex_08,transit
8,Holding Together,present,1,old yang,warm_cooperation|voice_warmth|voice_subtlety,slot 1 stable_yin: chaos=0.113 whimsy=0.262 darkTone=0.103 coherence=0.857 voiceWeight=0.832,codegen,transformer,YIELD,0.5159,head_hex_08,transit
8,Holding Together,future,2,old yang,warm_cooperation|voice_warmth|voice_subtlety,slot 1 stable_yin: chaos=0.113 whimsy=0.262 darkTone=0.103 coherence=0.857 voiceWeight=0.832,codegen,transformer,YIELD,0.4982,head_hex_08,transit
8,Holding Together,transition,3,old yang,warm_cooperation|voice_warmth|voice_subtlety,slot 1 stable_yin: chaos=0.113 whimsy=0.262 darkTone=0.103 coherence=0.857 voiceWeight=0.832,codegen,transformer,YIELD,0.4806,head_hex_08,transit
8,Holding Together,resolution,4,old yang,warm_cooperation|voice_warmth|voice_subtlety,slot 1 stable_yin: chaos=0.113 whimsy=0.262 darkTone=0.103 coherence=0.857 voiceWeight=0.832,codegen,transformer,YIELD,0.6006,head_hex_08,transit
8,Holding Together,dissolution,5,old yang,warm_cooperation|voice_warmth|voice_subtlety,slot 1 stable_yin: chaos=0.113 whimsy=0.262 darkTone=0.103 coherence=0.857 voiceWeight=0.832,codegen,transformer,YIELD,0.5748,head_hex_08,transit
8,Holding Together,crystallization,6,old yang,warm_cooperation|voice_warmth|voice_subtlety,slot 1 stable_yin: chaos=0.113 whimsy=0.262 darkTone=0.103 coherence=0.857 voiceWeight=0.832,codegen,transformer,YIELD,0.5748,head_hex_08,transit
8,Holding Together,void,7,old yang,warm_cooperation|voice_warmth|voice_subtlety,slot 1 stable_yin: chaos=0.113 whimsy=0.262 darkTone=0.103 coherence=0.857 voiceWeight=0.832,codegen,transformer,YIELD,0.5748,head_hex_08,transit
9,Taming Power of the Small,past,0,old yang,gentle_restraint|voice_warmth|voice_subtlety,slot 1 stable_yin: chaos=0.113 whimsy=0.262 darkTone=0.103 coherence=0.857 voiceWeight=0.832,codegen,dissipator,ADAPT,0.6088,head_hex_09,recovery/fault_hold
9,Taming Power of the Small,present,1,old yang,gentle_restraint|voice_warmth|voice_subtlety,slot 1 stable_yin: chaos=0.113 whimsy=0.262 darkTone=0.103 coherence=0.857 voiceWeight=0.832,codegen,dissipator,ADAPT,0.5617,head_hex_09,recovery/fault_hold
9,Taming Power of the Small,future,2,old yang,gentle_restraint|voice_warmth|voice_subtlety,slot 1 stable_yin: chaos=0.113 whimsy=0.262 darkTone=0.103 coherence=0.857 voiceWeight=0.832,codegen,dissipator,ADAPT,0.5617,head_hex_09,recovery/fault_hold
9,Taming Power of the Small,transition,3,old yang,gentle_restraint|voice_warmth|voice_subtlety,slot 1 stable_yin: chaos=0.113 whimsy=0.262 darkTone=0.103 coherence=0.857 voiceWeight=0.832,codegen,dissipator,ADAPT,0.4912,head_hex_09,recovery/fault_hold
9,Taming Power of the Small,resolution,4,old yang,gentle_restraint|voice_warmth|voice_subtlety,slot 1 stable_yin: chaos=0.113 whimsy=0.262 darkTone=0.103 coherence=0.857 voiceWeight=0.832,codegen,dissipator,ADAPT,0.5794,head_hex_09,recovery/fault_hold
9,Taming Power of the Small,dissolution,5,old yang,gentle_restraint|voice_warmth|voice_subtlety,slot 1 stable_yin: chaos=0.113 whimsy=0.262 darkTone=0.103 coherence=0.857 voiceWeight=0.832,codegen,dissipator,ADAPT,0.5088,head_hex_09,recovery/fault_hold
9,Taming Power of the Small,crystallization,6,old yang,gentle_restraint|voice_warmth|voice_subtlety,slot 1 stable_yin: chaos=0.113 whimsy=0.262 darkTone=0.103 coherence=0.857 voiceWeight=0.832,codegen,dissipator,ADAPT,0.5088,head_hex_09,recovery/fault_hold
9,Taming Power of the Small,void,7,old yang,gentle_restraint|voice_warmth|voice_subtlety,slot 1 stable_yin: chaos=0.113 whimsy=0.262 darkTone=0.103 coherence=0.857 voiceWeight=0.832,codegen,dissipator,ADAPT,0.4912,head_hex_09,recovery/fault_hold
9,Taming Power of the Small,past,0,old yang,gentle_restraint|voice_warmth|voice_subtlety,slot 1 stable_yin: chaos=0.113 whimsy=0.262 darkTone=0.103 coherence=0.857 voiceWeight=0.832,codegen,dissipator,ADAPT,0.6088,head_hex_09,recovery/fault_hold
9,Taming Power of the Small,present,1,old yang,gentle_restraint|voice_warmth|voice_subtlety,slot 1 stable_yin: chaos=0.113 whimsy=0.262 darkTone=0.103 coherence=0.857 voiceWeight=0.832,codegen,dissipator,ADAPT,0.5617,head_hex_09,recovery/fault_hold
9,Taming Power of the Small,future,2,old yang,gentle_restraint|voice_warmth|voice_subtlety,slot 1 stable_yin: chaos=0.113 whimsy=0.262 darkTone=0.103 coherence=0.857 voiceWeight=0.832,codegen,dissipator,ADAPT,0.5617,head_hex_09,recovery/fault_hold
9,Taming Power of the Small,transition,3,old yang,gentle_restraint|voice_warmth|voice_subtlety,slot 1 stable_yin: chaos=0.113 whimsy=0.262 darkTone=0.103 coherence=0.857 voiceWeight=0.832,codegen,dissipator,ADAPT,0.4912,head_hex_09,recovery/fault_hold
9,Taming Power of the Small,resolution,4,old yang,gentle_restraint|voice_warmth|voice_subtlety,slot 1 stable_yin: chaos=0.113 whimsy=0.262 darkTone=0.103 coherence=0.857 voiceWeight=0.832,codegen,dissipator,ADAPT,0.5794,head_hex_09,recovery/fault_hold
9,Taming Power of the Small,dissolution,5,old yang,gentle_restraint|voice_warmth|voice_subtlety,slot 1 stable_yin: chaos=0.113 whimsy=0.262 darkTone=0.103 coherence=0.857 voiceWeight=0.832,codegen,dissipator,ADAPT,0.5088,head_hex_09,recovery/fault_hold
9,Taming Power of the Small,crystallization,6,old yang,gentle_restraint|voice_warmth|voice_subtlety,slot 1 stable_yin: chaos=0.113 whimsy=0.262 darkTone=0.103 coherence=0.857 voiceWeight=0.832,codegen,dissipator,ADAPT,0.5954,head_hex_09,recovery/fault_hold
9,Taming Power of the Small,void,7,old yang,gentle_restraint|voice_warmth|voice_subtlety,slot 1 stable_yin: chaos=0.113 whimsy=0.262 darkTone=0.103 coherence=0.857 voiceWeight=0.832,codegen,dissipator,ADAPT,0.5825,head_hex_09,recovery/fault_hold
9,Taming Power of the Small,past,0,old yang,gentle_restraint|voice_warmth|voice_subtlety,slot 1 stable_yin: chaos=0.113 whimsy=0.262 darkTone=0.103 coherence=0.857 voiceWeight=0.832,codegen,dissipator,ADAPT,0.6088,head_hex_09,recovery/fault_hold
9,Taming Power of the Small,present,1,old yang,gentle_restraint|voice_warmth|voice_subtlety,slot 1 stable_yin: chaos=0.113 whimsy=0.262 darkTone=0.103 coherence=0.857 voiceWeight=0.832,codegen,dissipator,ADAPT,0.5617,head_hex_09,recovery/fault_hold
9,Taming Power of the Small,future,2,old yang,gentle_restraint|voice_warmth|voice_subtlety,slot 1 stable_yin: chaos=0.113 whimsy=0.262 darkTone=0.103 coherence=0.857 voiceWeight=0.832,codegen,dissipator,ADAPT,0.5617,head_hex_09,recovery/fault_hold
9,Taming Power of the Small,transition,3,old yang,gentle_restraint|voice_warmth|voice_subtlety,slot 1 stable_yin: chaos=0.113 whimsy=0.262 darkTone=0.103 coherence=0.857 voiceWeight=0.832,codegen,dissipator,ADAPT,0.4912,head_hex_09,recovery/fault_hold
9,Taming Power of the Small,resolution,4,old yang,gentle_restraint|voice_warmth|voice_subtlety,slot 1 stable_yin: chaos=0.113 whimsy=0.262 darkTone=0.103 coherence=0.857 voiceWeight=0.832,codegen,dissipator,ADAPT,0.647,head_hex_09,recovery/fault_hold
9,Taming Power of the Small,dissolution,5,old yang,gentle_restraint|voice_warmth|voice_subtlety,slot 1 stable_yin: chaos=0.113 whimsy=0.262 darkTone=0.103 coherence=0.857 voiceWeight=0.832,codegen,dissipator,ADAPT,0.5954,head_hex_09,recovery/fault_hold
9,Taming Power of the Small,crystallization,6,old yang,gentle_restraint|voice_warmth|voice_subtlety,slot 1 stable_yin: chaos=0.113 whimsy=0.262 darkTone=0.103 coherence=0.857 voiceWeight=0.832,codegen,dissipator,ADAPT,0.5954,head_hex_09,recovery/fault_hold
9,Taming Power of the Small,void,7,old yang,gentle_restraint|voice_warmth|voice_subtlety,slot 1 stable_yin: chaos=0.113 whimsy=0.262 darkTone=0.103 coherence=0.857 voiceWeight=0.832,codegen,dissipator,ADAPT,0.5825,head_hex_09,recovery/fault_hold
10,Treading,past,0,old yang,cautious_confidence|voice_warmth|voice_subtlety,slot 1 stable_yin: chaos=0.113 whimsy=0.262 darkTone=0.103 coherence=0.857 voiceWeight=0.832,codegen,sovereign,ADAPT,0.6183,head_hex_10,recovery/fault_hold
10,Treading,present,1,old yang,cautious_confidence|voice_warmth|voice_subtlety,slot 1 stable_yin: chaos=0.113 whimsy=0.262 darkTone=0.103 coherence=0.857 voiceWeight=0.832,codegen,sovereign,ADAPT,0.5889,head_hex_10,recovery/fault_hold
10,Treading,future,2,old yang,cautious_confidence|voice_warmth|voice_subtlety,slot 1 stable_yin: chaos=0.113 whimsy=0.262 darkTone=0.103 coherence=0.857 voiceWeight=0.832,codegen,sovereign,ADAPT,0.5712,head_hex_10,recovery/fault_hold
10,Treading,transition,3,old yang,cautious_confidence|voice_warmth|voice_subtlety,slot 1 stable_yin: chaos=0.113 whimsy=0.262 darkTone=0.103 coherence=0.857 voiceWeight=0.832,codegen,sovereign,ADAPT,0.5183,head_hex_10,recovery/fault_hold
10,Treading,resolution,4,old yang,cautious_confidence|voice_warmth|voice_subtlety,slot 1 stable_yin: chaos=0.113 whimsy=0.262 darkTone=0.103 coherence=0.857 voiceWeight=0.832,codegen,sovereign,ADAPT,0.5712,head_hex_10,recovery/fault_hold
10,Treading,dissolution,5,old yang,cautious_confidence|voice_warmth|voice_subtlety,slot 1 stable_yin: chaos=0.113 whimsy=0.262 darkTone=0.103 coherence=0.857 voiceWeight=0.832,codegen,sovereign,ADAPT,0.5183,head_hex_10,recovery/fault_hold
10,Treading,crystallization,6,old yang,cautious_confidence|voice_warmth|voice_subtlety,slot 1 stable_yin: chaos=0.113 whimsy=0.262 darkTone=0.103 coherence=0.857 voiceWeight=0.832,codegen,sovereign,ADAPT,0.5007,head_hex_10,recovery/fault_hold
10,Treading,void,7,old yang,cautious_confidence|voice_warmth|voice_subtlety,slot 1 stable_yin: chaos=0.113 whimsy=0.262 darkTone=0.103 coherence=0.857 voiceWeight=0.832,codegen,sovereign,ADAPT,0.5007,head_hex_10,recovery/fault_hold
10,Treading,past,0,old yang,cautious_confidence|voice_warmth|voice_subtlety,slot 1 stable_yin: chaos=0.113 whimsy=0.262 darkTone=0.103 coherence=0.857 voiceWeight=0.832,codegen,sovereign,ADAPT,0.6183,head_hex_10,recovery/fault_hold
10,Treading,present,1,old yang,cautious_confidence|voice_warmth|voice_subtlety,slot 1 stable_yin: chaos=0.113 whimsy=0.262 darkTone=0.103 coherence=0.857 voiceWeight=0.832,codegen,sovereign,ADAPT,0.5889,head_hex_10,recovery/fault_hold
10,Treading,future,2,old yang,cautious_confidence|voice_warmth|voice_subtlety,slot 1 stable_yin: chaos=0.113 whimsy=0.262 darkTone=0.103 coherence=0.857 voiceWeight=0.832,codegen,sovereign,ADAPT,0.5712,head_hex_10,recovery/fault_hold
10,Treading,transition,3,old yang,cautious_confidence|voice_warmth|voice_subtlety,slot 1 stable_yin: chaos=0.113 whimsy=0.262 darkTone=0.103 coherence=0.857 voiceWeight=0.832,codegen,sovereign,ADAPT,0.5183,head_hex_10,recovery/fault_hold
10,Treading,resolution,4,old yang,cautious_confidence|voice_warmth|voice_subtlety,slot 1 stable_yin: chaos=0.113 whimsy=0.262 darkTone=0.103 coherence=0.857 voiceWeight=0.832,codegen,sovereign,ADAPT,0.5712,head_hex_10,recovery/fault_hold
10,Treading,dissolution,5,old yang,cautious_confidence|voice_warmth|voice_subtlety,slot 1 stable_yin: chaos=0.113 whimsy=0.262 darkTone=0.103 coherence=0.857 voiceWeight=0.832,codegen,sovereign,ADAPT,0.5183,head_hex_10,recovery/fault_hold
10,Treading,crystallization,6,old yang,cautious_confidence|voice_warmth|voice_subtlety,slot 1 stable_yin: chaos=0.113 whimsy=0.262 darkTone=0.103 coherence=0.857 voiceWeight=0.832,codegen,sovereign,ADAPT,0.5968,head_hex_10,recovery/fault_hold
10,Treading,void,7,old yang,cautious_confidence|voice_warmth|voice_subtlety,slot 1 stable_yin: chaos=0.113 whimsy=0.262 darkTone=0.103 coherence=0.857 voiceWeight=0.832,codegen,sovereign,ADAPT,0.5968,head_hex_10,recovery/fault_hold
10,Treading,past,0,old yang,cautious_confidence|voice_warmth|voice_subtlety,slot 1 stable_yin: chaos=0.113 whimsy=0.262 darkTone=0.103 coherence=0.857 voiceWeight=0.832,codegen,sovereign,ADAPT,0.6183,head_hex_10,recovery/fault_hold
10,Treading,present,1,old yang,cautious_confidence|voice_warmth|voice_subtlety,slot 1 stable_yin: chaos=0.113 whimsy=0.262 darkTone=0.103 coherence=0.857 voiceWeight=0.832,codegen,sovereign,ADAPT,0.5889,head_hex_10,recovery/fault_hold
10,Treading,future,2,old yang,cautious_confidence|voice_warmth|voice_subtlety,slot 1 stable_yin: chaos=0.113 whimsy=0.262 darkTone=0.103 coherence=0.857 voiceWeight=0.832,codegen,sovereign,ADAPT,0.5712,head_hex_10,recovery/fault_hold
10,Treading,transition,3,old yang,cautious_confidence|voice_warmth|voice_subtlety,slot 1 stable_yin: chaos=0.113 whimsy=0.262 darkTone=0.103 coherence=0.857 voiceWeight=0.832,codegen,sovereign,ADAPT,0.5183,head_hex_10,recovery/fault_hold
10,Treading,resolution,4,old yang,cautious_confidence|voice_warmth|voice_subtlety,slot 1 stable_yin: chaos=0.113 whimsy=0.262 darkTone=0.103 coherence=0.857 voiceWeight=0.832,codegen,sovereign,ADAPT,0.6483,head_hex_10,recovery/fault_hold
10,Treading,dissolution,5,old yang,cautious_confidence|voice_warmth|voice_subtlety,slot 1 stable_yin: chaos=0.113 whimsy=0.262 darkTone=0.103 coherence=0.857 voiceWeight=0.832,codegen,sovereign,ADAPT,0.6097,head_hex_10,recovery/fault_hold
10,Treading,crystallization,6,old yang,cautious_confidence|voice_warmth|voice_subtlety,slot 1 stable_yin: chaos=0.113 whimsy=0.262 darkTone=0.103 coherence=0.857 voiceWeight=0.832,codegen,sovereign,ADAPT,0.5968,head_hex_10,recovery/fault_hold
10,Treading,void,7,old yang,cautious_confidence|voice_warmth|voice_subtlety,slot 1 stable_yin: chaos=0.113 whimsy=0.262 darkTone=0.103 coherence=0.857 voiceWeight=0.832,codegen,sovereign,ADAPT,0.5968,head_hex_10,recovery/fault_hold
11,Peace,past,0,old yang,harmonic_flow|voice_warmth|voice_subtlety,slot 1 stable_yin: chaos=0.113 whimsy=0.262 darkTone=0.103 coherence=0.857 voiceWeight=0.832,codegen,transformer,YIELD,0.5543,head_hex_11,tr_salt
11,Peace,present,1,old yang,harmonic_flow|voice_warmth|voice_subtlety,slot 1 stable_yin: chaos=0.113 whimsy=0.262 darkTone=0.103 coherence=0.857 voiceWeight=0.832,codegen,transformer,YIELD,0.4871,head_hex_11,tr_salt
11,Peace,future,2,old yang,harmonic_flow|voice_warmth|voice_subtlety,slot 1 stable_yin: chaos=0.113 whimsy=0.262 darkTone=0.103 coherence=0.857 voiceWeight=0.832,codegen,transformer,YIELD,0.4871,head_hex_11,tr_salt
11,Peace,transition,3,old yang,harmonic_flow|voice_warmth|voice_subtlety,slot 1 stable_yin: chaos=0.113 whimsy=0.262 darkTone=0.103 coherence=0.857 voiceWeight=0.832,codegen,transformer,YIELD,0.4199,head_hex_11,tr_salt
11,Peace,resolution,4,old yang,harmonic_flow|voice_warmth|voice_subtlety,slot 1 stable_yin: chaos=0.113 whimsy=0.262 darkTone=0.103 coherence=0.857 voiceWeight=0.832,codegen,transformer,YIELD,0.4871,head_hex_11,tr_salt
11,Peace,dissolution,5,old yang,harmonic_flow|voice_warmth|voice_subtlety,slot 1 stable_yin: chaos=0.113 whimsy=0.262 darkTone=0.103 coherence=0.857 voiceWeight=0.832,codegen,transformer,YIELD,0.4199,head_hex_11,tr_salt
11,Peace,crystallization,6,old yang,harmonic_flow|voice_warmth|voice_subtlety,slot 1 stable_yin: chaos=0.113 whimsy=0.262 darkTone=0.103 coherence=0.857 voiceWeight=0.832,codegen,transformer,YIELD,0.4199,head_hex_11,tr_salt
11,Peace,void,7,old yang,harmonic_flow|voice_warmth|voice_subtlety,slot 1 stable_yin: chaos=0.113 whimsy=0.262 darkTone=0.103 coherence=0.857 voiceWeight=0.832,codegen,transformer,YIELD,0.4199,head_hex_11,tr_salt
11,Peace,past,0,old yang,harmonic_flow|voice_warmth|voice_subtlety,slot 1 stable_yin: chaos=0.113 whimsy=0.262 darkTone=0.103 coherence=0.857 voiceWeight=0.832,codegen,transformer,YIELD,0.5543,head_hex_11,tr_salt
11,Peace,present,1,old yang,harmonic_flow|voice_warmth|voice_subtlety,slot 1 stable_yin: chaos=0.113 whimsy=0.262 darkTone=0.103 coherence=0.857 voiceWeight=0.832,codegen,transformer,YIELD,0.4871,head_hex_11,tr_salt
11,Peace,future,2,old yang,harmonic_flow|voice_warmth|voice_subtlety,slot 1 stable_yin: chaos=0.113 whimsy=0.262 darkTone=0.103 coherence=0.857 voiceWeight=0.832,codegen,transformer,YIELD,0.4871,head_hex_11,tr_salt
11,Peace,transition,3,old yang,harmonic_flow|voice_warmth|voice_subtlety,slot 1 stable_yin: chaos=0.113 whimsy=0.262 darkTone=0.103 coherence=0.857 voiceWeight=0.832,codegen,transformer,YIELD,0.4199,head_hex_11,tr_salt
11,Peace,resolution,4,old yang,harmonic_flow|voice_warmth|voice_subtlety,slot 1 stable_yin: chaos=0.113 whimsy=0.262 darkTone=0.103 coherence=0.857 voiceWeight=0.832,codegen,transformer,YIELD,0.4871,head_hex_11,tr_salt
11,Peace,dissolution,5,old yang,harmonic_flow|voice_warmth|voice_subtlety,slot 1 stable_yin: chaos=0.113 whimsy=0.262 darkTone=0.103 coherence=0.857 voiceWeight=0.832,codegen,transformer,YIELD,0.4199,head_hex_11,tr_salt
11,Peace,crystallization,6,old yang,harmonic_flow|voice_warmth|voice_subtlety,slot 1 stable_yin: chaos=0.113 whimsy=0.262 darkTone=0.103 coherence=0.857 voiceWeight=0.832,codegen,transformer,YIELD,0.5128,head_hex_11,tr_salt
11,Peace,void,7,old yang,harmonic_flow|voice_warmth|voice_subtlety,slot 1 stable_yin: chaos=0.113 whimsy=0.262 darkTone=0.103 coherence=0.857 voiceWeight=0.832,codegen,transformer,YIELD,0.5128,head_hex_11,tr_salt
11,Peace,past,0,old yang,harmonic_flow|voice_warmth|voice_subtlety,slot 1 stable_yin: chaos=0.113 whimsy=0.262 darkTone=0.103 coherence=0.857 voiceWeight=0.832,codegen,transformer,YIELD,0.5543,head_hex_11,tr_salt
11,Peace,present,1,old yang,harmonic_flow|voice_warmth|voice_subtlety,slot 1 stable_yin: chaos=0.113 whimsy=0.262 darkTone=0.103 coherence=0.857 voiceWeight=0.832,codegen,transformer,YIELD,0.4871,head_hex_11,tr_salt
11,Peace,future,2,old yang,harmonic_flow|voice_warmth|voice_subtlety,slot 1 stable_yin: chaos=0.113 whimsy=0.262 darkTone=0.103 coherence=0.857 voiceWeight=0.832,codegen,transformer,YIELD,0.4871,head_hex_11,tr_salt
11,Peace,transition,3,old yang,harmonic_flow|voice_warmth|voice_subtlety,slot 1 stable_yin: chaos=0.113 whimsy=0.262 darkTone=0.103 coherence=0.857 voiceWeight=0.832,codegen,transformer,YIELD,0.4199,head_hex_11,tr_salt
11,Peace,resolution,4,old yang,harmonic_flow|voice_warmth|voice_subtlety,slot 1 stable_yin: chaos=0.113 whimsy=0.262 darkTone=0.103 coherence=0.857 voiceWeight=0.832,codegen,transformer,YIELD,0.5657,head_hex_11,tr_salt
11,Peace,dissolution,5,old yang,harmonic_flow|voice_warmth|voice_subtlety,slot 1 stable_yin: chaos=0.113 whimsy=0.262 darkTone=0.103 coherence=0.857 voiceWeight=0.832,codegen,transformer,YIELD,0.5128,head_hex_11,tr_salt
11,Peace,crystallization,6,old yang,harmonic_flow|voice_warmth|voice_subtlety,slot 1 stable_yin: chaos=0.113 whimsy=0.262 darkTone=0.103 coherence=0.857 voiceWeight=0.832,codegen,transformer,YIELD,0.5128,head_hex_11,tr_salt
11,Peace,void,7,old yang,harmonic_flow|voice_warmth|voice_subtlety,slot 1 stable_yin: chaos=0.113 whimsy=0.262 darkTone=0.103 coherence=0.857 voiceWeight=0.832,codegen,transformer,YIELD,0.5128,head_hex_11,tr_salt
12,Standstill,past,0,old yang,stagnant_blockage|voice_warmth|voice_subtlety,slot 1 stable_yin: chaos=0.113 whimsy=0.262 darkTone=0.103 coherence=0.857 voiceWeight=0.832,codegen,boundary,WAIT,0.748,head_hex_12,tr_crit
12,Standstill,present,1,old yang,stagnant_blockage|voice_warmth|voice_subtlety,slot 1 stable_yin: chaos=0.113 whimsy=0.262 darkTone=0.103 coherence=0.857 voiceWeight=0.832,codegen,boundary,WAIT,0.7236,head_hex_12,tr_crit
12,Standstill,future,2,old yang,stagnant_blockage|voice_warmth|voice_subtlety,slot 1 stable_yin: chaos=0.113 whimsy=0.262 darkTone=0.103 coherence=0.857 voiceWeight=0.832,codegen,boundary,WAIT,0.7236,head_hex_12,tr_crit
12,Standstill,transition,3,old yang,stagnant_blockage|voice_warmth|voice_subtlety,slot 1 stable_yin: chaos=0.113 whimsy=0.262 darkTone=0.103 coherence=0.857 voiceWeight=0.832,codegen,boundary,WAIT,0.6991,head_hex_12,tr_crit
12,Standstill,resolution,4,old yang,stagnant_blockage|voice_warmth|voice_subtlety,slot 1 stable_yin: chaos=0.113 whimsy=0.262 darkTone=0.103 coherence=0.857 voiceWeight=0.832,codegen,boundary,WAIT,0.7236,head_hex_12,tr_crit
12,Standstill,dissolution,5,old yang,stagnant_blockage|voice_warmth|voice_subtlety,slot 1 stable_yin: chaos=0.113 whimsy=0.262 darkTone=0.103 coherence=0.857 voiceWeight=0.832,codegen,boundary,WAIT,0.6991,head_hex_12,tr_crit
12,Standstill,crystallization,6,old yang,stagnant_blockage|voice_warmth|voice_subtlety,slot 1 stable_yin: chaos=0.113 whimsy=0.262 darkTone=0.103 coherence=0.857 voiceWeight=0.832,codegen,boundary,WAIT,0.6991,head_hex_12,tr_crit
12,Standstill,void,7,old yang,stagnant_blockage|voice_warmth|voice_subtlety,slot 1 stable_yin: chaos=0.113 whimsy=0.262 darkTone=0.103 coherence=0.857 voiceWeight=0.832,codegen,boundary,WAIT,0.6991,head_hex_12,tr_crit
12,Standstill,past,0,old yang,stagnant_blockage|voice_warmth|voice_subtlety,slot 1 stable_yin: chaos=0.113 whimsy=0.262 darkTone=0.103 coherence=0.857 voiceWeight=0.832,codegen,boundary,WAIT,0.748,head_hex_12,tr_crit
12,Standstill,present,1,old yang,stagnant_blockage|voice_warmth|voice_subtlety,slot 1 stable_yin: chaos=0.113 whimsy=0.262 darkTone=0.103 coherence=0.857 voiceWeight=0.832,codegen,boundary,WAIT,0.7236,head_hex_12,tr_crit
12,Standstill,future,2,old yang,stagnant_blockage|voice_warmth|voice_subtlety,slot 1 stable_yin: chaos=0.113 whimsy=0.262 darkTone=0.103 coherence=0.857 voiceWeight=0.832,codegen,boundary,WAIT,0.7236,head_hex_12,tr_crit
12,Standstill,transition,3,old yang,stagnant_blockage|voice_warmth|voice_subtlety,slot 1 stable_yin: chaos=0.113 whimsy=0.262 darkTone=0.103 coherence=0.857 voiceWeight=0.832,codegen,boundary,WAIT,0.6991,head_hex_12,tr_crit
12,Standstill,resolution,4,old yang,stagnant_blockage|voice_warmth|voice_subtlety,slot 1 stable_yin: chaos=0.113 whimsy=0.262 darkTone=0.103 coherence=0.857 voiceWeight=0.832,codegen,boundary,WAIT,0.7236,head_hex_12,tr_crit
12,Standstill,dissolution,5,old yang,stagnant_blockage|voice_warmth|voice_subtlety,slot 1 stable_yin: chaos=0.113 whimsy=0.262 darkTone=0.103 coherence=0.857 voiceWeight=0.832,codegen,boundary,WAIT,0.6991,head_hex_12,tr_crit
12,Standstill,crystallization,6,old yang,stagnant_blockage|voice_warmth|voice_subtlety,slot 1 stable_yin: chaos=0.113 whimsy=0.262 darkTone=0.103 coherence=0.857 voiceWeight=0.832,codegen,boundary,WAIT,0.6991,head_hex_12,tr_crit
12,Standstill,void,7,old yang,stagnant_blockage|voice_warmth|voice_subtlety,slot 1 stable_yin: chaos=0.113 whimsy=0.262 darkTone=0.103 coherence=0.857 voiceWeight=0.832,codegen,boundary,WAIT,0.6991,head_hex_12,tr_crit
12,Standstill,past,0,old yang,stagnant_blockage|voice_warmth|voice_subtlety,slot 1 stable_yin: chaos=0.113 whimsy=0.262 darkTone=0.103 coherence=0.857 voiceWeight=0.832,codegen,boundary,WAIT,0.748,head_hex_12,tr_crit
12,Standstill,present,1,old yang,stagnant_blockage|voice_warmth|voice_subtlety,slot 1 stable_yin: chaos=0.113 whimsy=0.262 darkTone=0.103 coherence=0.857 voiceWeight=0.832,codegen,boundary,WAIT,0.7236,head_hex_12,tr_crit
12,Standstill,future,2,old yang,stagnant_blockage|voice_warmth|voice_subtlety,slot 1 stable_yin: chaos=0.113 whimsy=0.262 darkTone=0.103 coherence=0.857 voiceWeight=0.832,codegen,boundary,WAIT,0.7236,head_hex_12,tr_crit
12,Standstill,transition,3,old yang,stagnant_blockage|voice_warmth|voice_subtlety,slot 1 stable_yin: chaos=0.113 whimsy=0.262 darkTone=0.103 coherence=0.857 voiceWeight=0.832,codegen,boundary,WAIT,0.6991,head_hex_12,tr_crit
12,Standstill,resolution,4,old yang,stagnant_blockage|voice_warmth|voice_subtlety,slot 1 stable_yin: chaos=0.113 whimsy=0.262 darkTone=0.103 coherence=0.857 voiceWeight=0.832,codegen,boundary,WAIT,0.7236,head_hex_12,tr_crit
12,Standstill,dissolution,5,old yang,stagnant_blockage|voice_warmth|voice_subtlety,slot 1 stable_yin: chaos=0.113 whimsy=0.262 darkTone=0.103 coherence=0.857 voiceWeight=0.832,codegen,boundary,WAIT,0.6991,head_hex_12,tr_crit
12,Standstill,crystallization,6,old yang,stagnant_blockage|voice_warmth|voice_subtlety,slot 1 stable_yin: chaos=0.113 whimsy=0.262 darkTone=0.103 coherence=0.857 voiceWeight=0.832,codegen,boundary,WAIT,0.6991,head_hex_12,tr_crit
12,Standstill,void,7,old yang,stagnant_blockage|voice_warmth|voice_subtlety,slot 1 stable_yin: chaos=0.113 whimsy=0.262 darkTone=0.103 coherence=0.857 voiceWeight=0.832,codegen,boundary,WAIT,0.6991,head_hex_12,tr_crit
13,Fellowship with Men,past,0,old yang,allied_collective|voice_warmth|voice_subtlety,slot 1 stable_yin: chaos=0.113 whimsy=0.262 darkTone=0.103 coherence=0.857 voiceWeight=0.832,codegen,transformer,ASSERT,0.6243,head_hex_13,recovery/fault_hold
13,Fellowship with Men,present,1,old yang,allied_collective|voice_warmth|voice_subtlety,slot 1 stable_yin: chaos=0.113 whimsy=0.262 darkTone=0.103 coherence=0.857 voiceWeight=0.832,codegen,transformer,ASSERT,0.5773,head_hex_13,recovery/fault_hold
13,Fellowship with Men,future,2,old yang,allied_collective|voice_warmth|voice_subtlety,slot 1 stable_yin: chaos=0.113 whimsy=0.262 darkTone=0.103 coherence=0.857 voiceWeight=0.832,codegen,transformer,ASSERT,0.5949,head_hex_13,recovery/fault_hold
13,Fellowship with Men,transition,3,old yang,allied_collective|voice_warmth|voice_subtlety,slot 1 stable_yin: chaos=0.113 whimsy=0.262 darkTone=0.103 coherence=0.857 voiceWeight=0.832,codegen,transformer,ASSERT,0.5244,head_hex_13,recovery/fault_hold
13,Fellowship with Men,resolution,4,old yang,allied_collective|voice_warmth|voice_subtlety,slot 1 stable_yin: chaos=0.113 whimsy=0.262 darkTone=0.103 coherence=0.857 voiceWeight=0.832,codegen,transformer,ASSERT,0.5773,head_hex_13,recovery/fault_hold
13,Fellowship with Men,dissolution,5,old yang,allied_collective|voice_warmth|voice_subtlety,slot 1 stable_yin: chaos=0.113 whimsy=0.262 darkTone=0.103 coherence=0.857 voiceWeight=0.832,codegen,transformer,ASSERT,0.5067,head_hex_13,recovery/fault_hold
13,Fellowship with Men,crystallization,6,old yang,allied_collective|voice_warmth|voice_subtlety,slot 1 stable_yin: chaos=0.113 whimsy=0.262 darkTone=0.103 coherence=0.857 voiceWeight=0.832,codegen,transformer,ASSERT,0.5244,head_hex_13,recovery/fault_hold
13,Fellowship with Men,void,7,old yang,allied_collective|voice_warmth|voice_subtlety,slot 1 stable_yin: chaos=0.113 whimsy=0.262 darkTone=0.103 coherence=0.857 voiceWeight=0.832,codegen,transformer,ASSERT,0.5067,head_hex_13,recovery/fault_hold
13,Fellowship with Men,past,0,old yang,allied_collective|voice_warmth|voice_subtlety,slot 1 stable_yin: chaos=0.113 whimsy=0.262 darkTone=0.103 coherence=0.857 voiceWeight=0.832,codegen,transformer,ASSERT,0.6243,head_hex_13,recovery/fault_hold
13,Fellowship with Men,present,1,old yang,allied_collective|voice_warmth|voice_subtlety,slot 1 stable_yin: chaos=0.113 whimsy=0.262 darkTone=0.103 coherence=0.857 voiceWeight=0.832,codegen,transformer,ASSERT,0.5773,head_hex_13,recovery/fault_hold
13,Fellowship with Men,future,2,old yang,allied_collective|voice_warmth|voice_subtlety,slot 1 stable_yin: chaos=0.113 whimsy=0.262 darkTone=0.103 coherence=0.857 voiceWeight=0.832,codegen,transformer,ASSERT,0.5949,head_hex_13,recovery/fault_hold
13,Fellowship with Men,transition,3,old yang,allied_collective|voice_warmth|voice_subtlety,slot 1 stable_yin: chaos=0.113 whimsy=0.262 darkTone=0.103 coherence=0.857 voiceWeight=0.832,codegen,transformer,ASSERT,0.5244,head_hex_13,recovery/fault_hold
13,Fellowship with Men,resolution,4,old yang,allied_collective|voice_warmth|voice_subtlety,slot 1 stable_yin: chaos=0.113 whimsy=0.262 darkTone=0.103 coherence=0.857 voiceWeight=0.832,codegen,transformer,ASSERT,0.5773,head_hex_13,recovery/fault_hold
13,Fellowship with Men,dissolution,5,old yang,allied_collective|voice_warmth|voice_subtlety,slot 1 stable_yin: chaos=0.113 whimsy=0.262 darkTone=0.103 coherence=0.857 voiceWeight=0.832,codegen,transformer,ASSERT,0.5067,head_hex_13,recovery/fault_hold
13,Fellowship with Men,crystallization,6,old yang,allied_collective|voice_warmth|voice_subtlety,slot 1 stable_yin: chaos=0.113 whimsy=0.262 darkTone=0.103 coherence=0.857 voiceWeight=0.832,codegen,transformer,ASSERT,0.6141,head_hex_13,recovery/fault_hold
13,Fellowship with Men,void,7,old yang,allied_collective|voice_warmth|voice_subtlety,slot 1 stable_yin: chaos=0.113 whimsy=0.262 darkTone=0.103 coherence=0.857 voiceWeight=0.832,codegen,transformer,ASSERT,0.6012,head_hex_13,recovery/fault_hold
13,Fellowship with Men,past,0,old yang,allied_collective|voice_warmth|voice_subtlety,slot 1 stable_yin: chaos=0.113 whimsy=0.262 darkTone=0.103 coherence=0.857 voiceWeight=0.832,codegen,transformer,ASSERT,0.6243,head_hex_13,recovery/fault_hold
13,Fellowship with Men,present,1,old yang,allied_collective|voice_warmth|voice_subtlety,slot 1 stable_yin: chaos=0.113 whimsy=0.262 darkTone=0.103 coherence=0.857 voiceWeight=0.832,codegen,transformer,ASSERT,0.5773,head_hex_13,recovery/fault_hold
13,Fellowship with Men,future,2,old yang,allied_collective|voice_warmth|voice_subtlety,slot 1 stable_yin: chaos=0.113 whimsy=0.262 darkTone=0.103 coherence=0.857 voiceWeight=0.832,codegen,transformer,ASSERT,0.5949,head_hex_13,recovery/fault_hold
13,Fellowship with Men,transition,3,old yang,allied_collective|voice_warmth|voice_subtlety,slot 1 stable_yin: chaos=0.113 whimsy=0.262 darkTone=0.103 coherence=0.857 voiceWeight=0.832,codegen,transformer,ASSERT,0.5244,head_hex_13,recovery/fault_hold
13,Fellowship with Men,resolution,4,old yang,allied_collective|voice_warmth|voice_subtlety,slot 1 stable_yin: chaos=0.113 whimsy=0.262 darkTone=0.103 coherence=0.857 voiceWeight=0.832,codegen,transformer,ASSERT,0.6528,head_hex_13,recovery/fault_hold
13,Fellowship with Men,dissolution,5,old yang,allied_collective|voice_warmth|voice_subtlety,slot 1 stable_yin: chaos=0.113 whimsy=0.262 darkTone=0.103 coherence=0.857 voiceWeight=0.832,codegen,transformer,ASSERT,0.6012,head_hex_13,recovery/fault_hold
13,Fellowship with Men,crystallization,6,old yang,allied_collective|voice_warmth|voice_subtlety,slot 1 stable_yin: chaos=0.113 whimsy=0.262 darkTone=0.103 coherence=0.857 voiceWeight=0.832,codegen,transformer,ASSERT,0.6141,head_hex_13,recovery/fault_hold
13,Fellowship with Men,void,7,old yang,allied_collective|voice_warmth|voice_subtlety,slot 1 stable_yin: chaos=0.113 whimsy=0.262 darkTone=0.103 coherence=0.857 voiceWeight=0.832,codegen,transformer,ASSERT,0.6012,head_hex_13,recovery/fault_hold
14,Possession in Great Measure,past,0,old yang,abundant_wisdom|voice_warmth|voice_subtlety,slot 1 stable_yin: chaos=0.113 whimsy=0.262 darkTone=0.103 coherence=0.857 voiceWeight=0.832,codegen,sovereign,ASSERT,0.5549,head_hex_14,recovery/fault_hold
14,Possession in Great Measure,present,1,old yang,abundant_wisdom|voice_warmth|voice_subtlety,slot 1 stable_yin: chaos=0.113 whimsy=0.262 darkTone=0.103 coherence=0.857 voiceWeight=0.832,codegen,sovereign,ASSERT,0.4952,head_hex_14,recovery/fault_hold
14,Possession in Great Measure,future,2,old yang,abundant_wisdom|voice_warmth|voice_subtlety,slot 1 stable_yin: chaos=0.113 whimsy=0.262 darkTone=0.103 coherence=0.857 voiceWeight=0.832,codegen,sovereign,ASSERT,0.5175,head_hex_14,recovery/fault_hold
14,Possession in Great Measure,transition,3,old yang,abundant_wisdom|voice_warmth|voice_subtlety,slot 1 stable_yin: chaos=0.113 whimsy=0.262 darkTone=0.103 coherence=0.857 voiceWeight=0.832,codegen,sovereign,ASSERT,0.428,head_hex_14,recovery/fault_hold
14,Possession in Great Measure,resolution,4,old yang,abundant_wisdom|voice_warmth|voice_subtlety,slot 1 stable_yin: chaos=0.113 whimsy=0.262 darkTone=0.103 coherence=0.857 voiceWeight=0.832,codegen,sovereign,ASSERT,0.4952,head_hex_14,recovery/fault_hold
14,Possession in Great Measure,dissolution,5,old yang,abundant_wisdom|voice_warmth|voice_subtlety,slot 1 stable_yin: chaos=0.113 whimsy=0.262 darkTone=0.103 coherence=0.857 voiceWeight=0.832,codegen,sovereign,ASSERT,0.4056,head_hex_14,recovery/fault_hold
14,Possession in Great Measure,crystallization,6,old yang,abundant_wisdom|voice_warmth|voice_subtlety,slot 1 stable_yin: chaos=0.113 whimsy=0.262 darkTone=0.103 coherence=0.857 voiceWeight=0.832,codegen,sovereign,ASSERT,0.428,head_hex_14,recovery/fault_hold
14,Possession in Great Measure,void,7,old yang,abundant_wisdom|voice_warmth|voice_subtlety,slot 1 stable_yin: chaos=0.113 whimsy=0.262 darkTone=0.103 coherence=0.857 voiceWeight=0.832,codegen,sovereign,ASSERT,0.4056,head_hex_14,recovery/fault_hold
14,Possession in Great Measure,past,0,old yang,abundant_wisdom|voice_warmth|voice_subtlety,slot 1 stable_yin: chaos=0.113 whimsy=0.262 darkTone=0.103 coherence=0.857 voiceWeight=0.832,codegen,sovereign,ASSERT,0.5549,head_hex_14,recovery/fault_hold
14,Possession in Great Measure,present,1,old yang,abundant_wisdom|voice_warmth|voice_subtlety,slot 1 stable_yin: chaos=0.113 whimsy=0.262 darkTone=0.103 coherence=0.857 voiceWeight=0.832,codegen,sovereign,ASSERT,0.4952,head_hex_14,recovery/fault_hold
14,Possession in Great Measure,future,2,old yang,abundant_wisdom|voice_warmth|voice_subtlety,slot 1 stable_yin: chaos=0.113 whimsy=0.262 darkTone=0.103 coherence=0.857 voiceWeight=0.832,codegen,sovereign,ASSERT,0.5175,head_hex_14,recovery/fault_hold
14,Possession in Great Measure,transition,3,old yang,abundant_wisdom|voice_warmth|voice_subtlety,slot 1 stable_yin: chaos=0.113 whimsy=0.262 darkTone=0.103 coherence=0.857 voiceWeight=0.832,codegen,sovereign,ASSERT,0.428,head_hex_14,recovery/fault_hold
14,Possession in Great Measure,resolution,4,old yang,abundant_wisdom|voice_warmth|voice_subtlety,slot 1 stable_yin: chaos=0.113 whimsy=0.262 darkTone=0.103 coherence=0.857 voiceWeight=0.832,codegen,sovereign,ASSERT,0.4952,head_hex_14,recovery/fault_hold
14,Possession in Great Measure,dissolution,5,old yang,abundant_wisdom|voice_warmth|voice_subtlety,slot 1 stable_yin: chaos=0.113 whimsy=0.262 darkTone=0.103 coherence=0.857 voiceWeight=0.832,codegen,sovereign,ASSERT,0.4056,head_hex_14,recovery/fault_hold
14,Possession in Great Measure,crystallization,6,old yang,abundant_wisdom|voice_warmth|voice_subtlety,slot 1 stable_yin: chaos=0.113 whimsy=0.262 darkTone=0.103 coherence=0.857 voiceWeight=0.832,codegen,sovereign,ASSERT,0.5133,head_hex_14,recovery/fault_hold
14,Possession in Great Measure,void,7,old yang,abundant_wisdom|voice_warmth|voice_subtlety,slot 1 stable_yin: chaos=0.113 whimsy=0.262 darkTone=0.103 coherence=0.857 voiceWeight=0.832,codegen,sovereign,ASSERT,0.4957,head_hex_14,recovery/fault_hold
14,Possession in Great Measure,past,0,old yang,abundant_wisdom|voice_warmth|voice_subtlety,slot 1 stable_yin: chaos=0.113 whimsy=0.262 darkTone=0.103 coherence=0.857 voiceWeight=0.832,codegen,sovereign,ASSERT,0.5549,head_hex_14,recovery/fault_hold
14,Possession in Great Measure,present,1,old yang,abundant_wisdom|voice_warmth|voice_subtlety,slot 1 stable_yin: chaos=0.113 whimsy=0.262 darkTone=0.103 coherence=0.857 voiceWeight=0.832,codegen,sovereign,ASSERT,0.4952,head_hex_14,recovery/fault_hold
14,Possession in Great Measure,future,2,old yang,abundant_wisdom|voice_warmth|voice_subtlety,slot 1 stable_yin: chaos=0.113 whimsy=0.262 darkTone=0.103 coherence=0.857 voiceWeight=0.832,codegen,sovereign,ASSERT,0.5175,head_hex_14,recovery/fault_hold
14,Possession in Great Measure,transition,3,old yang,abundant_wisdom|voice_warmth|voice_subtlety,slot 1 stable_yin: chaos=0.113 whimsy=0.262 darkTone=0.103 coherence=0.857 voiceWeight=0.832,codegen,sovereign,ASSERT,0.428,head_hex_14,recovery/fault_hold
14,Possession in Great Measure,resolution,4,old yang,abundant_wisdom|voice_warmth|voice_subtlety,slot 1 stable_yin: chaos=0.113 whimsy=0.262 darkTone=0.103 coherence=0.857 voiceWeight=0.832,codegen,sovereign,ASSERT,0.5663,head_hex_14,recovery/fault_hold
14,Possession in Great Measure,dissolution,5,old yang,abundant_wisdom|voice_warmth|voice_subtlety,slot 1 stable_yin: chaos=0.113 whimsy=0.262 darkTone=0.103 coherence=0.857 voiceWeight=0.832,codegen,sovereign,ASSERT,0.4957,head_hex_14,recovery/fault_hold
14,Possession in Great Measure,crystallization,6,old yang,abundant_wisdom|voice_warmth|voice_subtlety,slot 1 stable_yin: chaos=0.113 whimsy=0.262 darkTone=0.103 coherence=0.857 voiceWeight=0.832,codegen,sovereign,ASSERT,0.5133,head_hex_14,recovery/fault_hold
14,Possession in Great Measure,void,7,old yang,abundant_wisdom|voice_warmth|voice_subtlety,slot 1 stable_yin: chaos=0.113 whimsy=0.262 darkTone=0.103 coherence=0.857 voiceWeight=0.832,codegen,sovereign,ASSERT,0.4957,head_hex_14,recovery/fault_hold
15,Modesty,past,0,old yang,quiet_strength|voice_warmth|voice_subtlety,slot 1 stable_yin: chaos=0.113 whimsy=0.262 darkTone=0.103 coherence=0.857 voiceWeight=0.832,codegen,transformer,YIELD,0.4783,head_hex_15,recovery/fault_hold
15,Modesty,present,1,old yang,quiet_strength|voice_warmth|voice_subtlety,slot 1 stable_yin: chaos=0.113 whimsy=0.262 darkTone=0.103 coherence=0.857 voiceWeight=0.832,codegen,transformer,YIELD,0.4634,head_hex_15,recovery/fault_hold
15,Modesty,future,2,old yang,quiet_strength|voice_warmth|voice_subtlety,slot 1 stable_yin: chaos=0.113 whimsy=0.262 darkTone=0.103 coherence=0.857 voiceWeight=0.832,codegen,transformer,YIELD,0.4634,head_hex_15,recovery/fault_hold
15,Modesty,transition,3,old yang,quiet_strength|voice_warmth|voice_subtlety,slot 1 stable_yin: chaos=0.113 whimsy=0.262 darkTone=0.103 coherence=0.857 voiceWeight=0.832,codegen,transformer,YIELD,0.4186,head_hex_15,recovery/fault_hold
15,Modesty,resolution,4,old yang,quiet_strength|voice_warmth|voice_subtlety,slot 1 stable_yin: chaos=0.113 whimsy=0.262 darkTone=0.103 coherence=0.857 voiceWeight=0.832,codegen,transformer,YIELD,0.441,head_hex_15,recovery/fault_hold
15,Modesty,dissolution,5,old yang,quiet_strength|voice_warmth|voice_subtlety,slot 1 stable_yin: chaos=0.113 whimsy=0.262 darkTone=0.103 coherence=0.857 voiceWeight=0.832,codegen,transformer,YIELD,0.4186,head_hex_15,recovery/fault_hold
15,Modesty,crystallization,6,old yang,quiet_strength|voice_warmth|voice_subtlety,slot 1 stable_yin: chaos=0.113 whimsy=0.262 darkTone=0.103 coherence=0.857 voiceWeight=0.832,codegen,transformer,YIELD,0.4186,head_hex_15,recovery/fault_hold
15,Modesty,void,7,old yang,quiet_strength|voice_warmth|voice_subtlety,slot 1 stable_yin: chaos=0.113 whimsy=0.262 darkTone=0.103 coherence=0.857 voiceWeight=0.832,codegen,transformer,YIELD,0.4186,head_hex_15,recovery/fault_hold
15,Modesty,past,0,old yang,quiet_strength|voice_warmth|voice_subtlety,slot 1 stable_yin: chaos=0.113 whimsy=0.262 darkTone=0.103 coherence=0.857 voiceWeight=0.832,codegen,transformer,YIELD,0.4783,head_hex_15,recovery/fault_hold
15,Modesty,present,1,old yang,quiet_strength|voice_warmth|voice_subtlety,slot 1 stable_yin: chaos=0.113 whimsy=0.262 darkTone=0.103 coherence=0.857 voiceWeight=0.832,codegen,transformer,YIELD,0.4634,head_hex_15,recovery/fault_hold
15,Modesty,future,2,old yang,quiet_strength|voice_warmth|voice_subtlety,slot 1 stable_yin: chaos=0.113 whimsy=0.262 darkTone=0.103 coherence=0.857 voiceWeight=0.832,codegen,transformer,YIELD,0.4634,head_hex_15,recovery/fault_hold
15,Modesty,transition,3,old yang,quiet_strength|voice_warmth|voice_subtlety,slot 1 stable_yin: chaos=0.113 whimsy=0.262 darkTone=0.103 coherence=0.857 voiceWeight=0.832,codegen,transformer,YIELD,0.4186,head_hex_15,recovery/fault_hold
15,Modesty,resolution,4,old yang,quiet_strength|voice_warmth|voice_subtlety,slot 1 stable_yin: chaos=0.113 whimsy=0.262 darkTone=0.103 coherence=0.857 voiceWeight=0.832,codegen,transformer,YIELD,0.441,head_hex_15,recovery/fault_hold
15,Modesty,dissolution,5,old yang,quiet_strength|voice_warmth|voice_subtlety,slot 1 stable_yin: chaos=0.113 whimsy=0.262 darkTone=0.103 coherence=0.857 voiceWeight=0.832,codegen,transformer,YIELD,0.4186,head_hex_15,recovery/fault_hold
15,Modesty,crystallization,6,old yang,quiet_strength|voice_warmth|voice_subtlety,slot 1 stable_yin: chaos=0.113 whimsy=0.262 darkTone=0.103 coherence=0.857 voiceWeight=0.832,codegen,transformer,YIELD,0.506,head_hex_15,recovery/fault_hold
15,Modesty,void,7,old yang,quiet_strength|voice_warmth|voice_subtlety,slot 1 stable_yin: chaos=0.113 whimsy=0.262 darkTone=0.103 coherence=0.857 voiceWeight=0.832,codegen,transformer,YIELD,0.506,head_hex_15,recovery/fault_hold
15,Modesty,past,0,old yang,quiet_strength|voice_warmth|voice_subtlety,slot 1 stable_yin: chaos=0.113 whimsy=0.262 darkTone=0.103 coherence=0.857 voiceWeight=0.832,codegen,transformer,YIELD,0.4783,head_hex_15,recovery/fault_hold
15,Modesty,present,1,old yang,quiet_strength|voice_warmth|voice_subtlety,slot 1 stable_yin: chaos=0.113 whimsy=0.262 darkTone=0.103 coherence=0.857 voiceWeight=0.832,codegen,transformer,YIELD,0.4634,head_hex_15,recovery/fault_hold
15,Modesty,future,2,old yang,quiet_strength|voice_warmth|voice_subtlety,slot 1 stable_yin: chaos=0.113 whimsy=0.262 darkTone=0.103 coherence=0.857 voiceWeight=0.832,codegen,transformer,YIELD,0.4634,head_hex_15,recovery/fault_hold
15,Modesty,transition,3,old yang,quiet_strength|voice_warmth|voice_subtlety,slot 1 stable_yin: chaos=0.113 whimsy=0.262 darkTone=0.103 coherence=0.857 voiceWeight=0.832,codegen,transformer,YIELD,0.4186,head_hex_15,recovery/fault_hold
15,Modesty,resolution,4,old yang,quiet_strength|voice_warmth|voice_subtlety,slot 1 stable_yin: chaos=0.113 whimsy=0.262 darkTone=0.103 coherence=0.857 voiceWeight=0.832,codegen,transformer,YIELD,0.5236,head_hex_15,recovery/fault_hold
15,Modesty,dissolution,5,old yang,quiet_strength|voice_warmth|voice_subtlety,slot 1 stable_yin: chaos=0.113 whimsy=0.262 darkTone=0.103 coherence=0.857 voiceWeight=0.832,codegen,transformer,YIELD,0.506,head_hex_15,recovery/fault_hold
15,Modesty,crystallization,6,old yang,quiet_strength|voice_warmth|voice_subtlety,slot 1 stable_yin: chaos=0.113 whimsy=0.262 darkTone=0.103 coherence=0.857 voiceWeight=0.832,codegen,transformer,YIELD,0.506,head_hex_15,recovery/fault_hold
15,Modesty,void,7,old yang,quiet_strength|voice_warmth|voice_subtlety,slot 1 stable_yin: chaos=0.113 whimsy=0.262 darkTone=0.103 coherence=0.857 voiceWeight=0.832,codegen,transformer,YIELD,0.506,head_hex_15,recovery/fault_hold
16,Enthusiasm,past,0,old yang,collective_energy|voice_warmth|voice_subtlety,slot 1 stable_yin: chaos=0.113 whimsy=0.262 darkTone=0.103 coherence=0.857 voiceWeight=0.832,codegen,dissipator,ADAPT,0.6117,head_hex_16,recovery/fault_hold
16,Enthusiasm,present,1,old yang,collective_energy|voice_warmth|voice_subtlety,slot 1 stable_yin: chaos=0.113 whimsy=0.262 darkTone=0.103 coherence=0.857 voiceWeight=0.832,codegen,dissipator,ADAPT,0.5902,head_hex_16,recovery/fault_hold
16,Enthusiasm,future,2,old yang,collective_energy|voice_warmth|voice_subtlety,slot 1 stable_yin: chaos=0.113 whimsy=0.262 darkTone=0.103 coherence=0.857 voiceWeight=0.832,codegen,dissipator,ADAPT,0.6031,head_hex_16,recovery/fault_hold
16,Enthusiasm,transition,3,old yang,collective_energy|voice_warmth|voice_subtlety,slot 1 stable_yin: chaos=0.113 whimsy=0.262 darkTone=0.103 coherence=0.857 voiceWeight=0.832,codegen,dissipator,ADAPT,0.5773,head_hex_16,recovery/fault_hold
16,Enthusiasm,resolution,4,old yang,collective_energy|voice_warmth|voice_subtlety,slot 1 stable_yin: chaos=0.113 whimsy=0.262 darkTone=0.103 coherence=0.857 voiceWeight=0.832,codegen,dissipator,ADAPT,0.6031,head_hex_16,recovery/fault_hold
16,Enthusiasm,dissolution,5,old yang,collective_energy|voice_warmth|voice_subtlety,slot 1 stable_yin: chaos=0.113 whimsy=0.262 darkTone=0.103 coherence=0.857 voiceWeight=0.832,codegen,dissipator,ADAPT,0.5773,head_hex_16,recovery/fault_hold
16,Enthusiasm,crystallization,6,old yang,collective_energy|voice_warmth|voice_subtlety,slot 1 stable_yin: chaos=0.113 whimsy=0.262 darkTone=0.103 coherence=0.857 voiceWeight=0.832,codegen,dissipator,ADAPT,0.5773,head_hex_16,recovery/fault_hold
16,Enthusiasm,void,7,old yang,collective_energy|voice_warmth|voice_subtlety,slot 1 stable_yin: chaos=0.113 whimsy=0.262 darkTone=0.103 coherence=0.857 voiceWeight=0.832,codegen,dissipator,ADAPT,0.5773,head_hex_16,recovery/fault_hold
16,Enthusiasm,past,0,old yang,collective_energy|voice_warmth|voice_subtlety,slot 1 stable_yin: chaos=0.113 whimsy=0.262 darkTone=0.103 coherence=0.857 voiceWeight=0.832,codegen,dissipator,ADAPT,0.6117,head_hex_16,recovery/fault_hold
16,Enthusiasm,present,1,old yang,collective_energy|voice_warmth|voice_subtlety,slot 1 stable_yin: chaos=0.113 whimsy=0.262 darkTone=0.103 coherence=0.857 voiceWeight=0.832,codegen,dissipator,ADAPT,0.5902,head_hex_16,recovery/fault_hold
16,Enthusiasm,future,2,old yang,collective_energy|voice_warmth|voice_subtlety,slot 1 stable_yin: chaos=0.113 whimsy=0.262 darkTone=0.103 coherence=0.857 voiceWeight=0.832,codegen,dissipator,ADAPT,0.6031,head_hex_16,recovery/fault_hold
16,Enthusiasm,transition,3,old yang,collective_energy|voice_warmth|voice_subtlety,slot 1 stable_yin: chaos=0.113 whimsy=0.262 darkTone=0.103 coherence=0.857 voiceWeight=0.832,codegen,dissipator,ADAPT,0.5773,head_hex_16,recovery/fault_hold
16,Enthusiasm,resolution,4,old yang,collective_energy|voice_warmth|voice_subtlety,slot 1 stable_yin: chaos=0.113 whimsy=0.262 darkTone=0.103 coherence=0.857 voiceWeight=0.832,codegen,dissipator,ADAPT,0.6031,head_hex_16,recovery/fault_hold
16,Enthusiasm,dissolution,5,old yang,collective_energy|voice_warmth|voice_subtlety,slot 1 stable_yin: chaos=0.113 whimsy=0.262 darkTone=0.103 coherence=0.857 voiceWeight=0.832,codegen,dissipator,ADAPT,0.5773,head_hex_16,recovery/fault_hold
16,Enthusiasm,crystallization,6,old yang,collective_energy|voice_warmth|voice_subtlety,slot 1 stable_yin: chaos=0.113 whimsy=0.262 darkTone=0.103 coherence=0.857 voiceWeight=0.832,codegen,dissipator,ADAPT,0.6677,head_hex_16,recovery/fault_hold
16,Enthusiasm,void,7,old yang,collective_energy|voice_warmth|voice_subtlety,slot 1 stable_yin: chaos=0.113 whimsy=0.262 darkTone=0.103 coherence=0.857 voiceWeight=0.832,codegen,dissipator,ADAPT,0.6677,head_hex_16,recovery/fault_hold
16,Enthusiasm,past,0,old yang,collective_energy|voice_warmth|voice_subtlety,slot 1 stable_yin: chaos=0.113 whimsy=0.262 darkTone=0.103 coherence=0.857 voiceWeight=0.832,codegen,dissipator,ADAPT,0.6117,head_hex_16,recovery/fault_hold
16,Enthusiasm,present,1,old yang,collective_energy|voice_warmth|voice_subtlety,slot 1 stable_yin: chaos=0.113 whimsy=0.262 darkTone=0.103 coherence=0.857 voiceWeight=0.832,codegen,dissipator,ADAPT,0.5902,head_hex_16,recovery/fault_hold
16,Enthusiasm,future,2,old yang,collective_energy|voice_warmth|voice_subtlety,slot 1 stable_yin: chaos=0.113 whimsy=0.262 darkTone=0.103 coherence=0.857 voiceWeight=0.832,codegen,dissipator,ADAPT,0.6031,head_hex_16,recovery/fault_hold
16,Enthusiasm,transition,3,old yang,collective_energy|voice_warmth|voice_subtlety,slot 1 stable_yin: chaos=0.113 whimsy=0.262 darkTone=0.103 coherence=0.857 voiceWeight=0.832,codegen,dissipator,ADAPT,0.5773,head_hex_16,recovery/fault_hold
16,Enthusiasm,resolution,4,old yang,collective_energy|voice_warmth|voice_subtlety,slot 1 stable_yin: chaos=0.113 whimsy=0.262 darkTone=0.103 coherence=0.857 voiceWeight=0.832,codegen,dissipator,ADAPT,0.684,head_hex_16,recovery/fault_hold
16,Enthusiasm,dissolution,5,old yang,collective_energy|voice_warmth|voice_subtlety,slot 1 stable_yin: chaos=0.113 whimsy=0.262 darkTone=0.103 coherence=0.857 voiceWeight=0.832,codegen,dissipator,ADAPT,0.6677,head_hex_16,recovery/fault_hold
16,Enthusiasm,crystallization,6,old yang,collective_energy|voice_warmth|voice_subtlety,slot 1 stable_yin: chaos=0.113 whimsy=0.262 darkTone=0.103 coherence=0.857 voiceWeight=0.832,codegen,dissipator,ADAPT,0.6677,head_hex_16,recovery/fault_hold
16,Enthusiasm,void,7,old yang,collective_energy|voice_warmth|voice_subtlety,slot 1 stable_yin: chaos=0.113 whimsy=0.262 darkTone=0.103 coherence=0.857 voiceWeight=0.832,codegen,dissipator,ADAPT,0.6677,head_hex_16,recovery/fault_hold
17,Following,past,0,old yang,adaptive_following|voice_warmth|voice_subtlety,slot 1 stable_yin: chaos=0.113 whimsy=0.262 darkTone=0.103 coherence=0.857 voiceWeight=0.832,codegen,transformer,YIELD,0.5837,head_hex_17,recovery/fault_hold
17,Following,present,1,old yang,adaptive_following|voice_warmth|voice_subtlety,slot 1 stable_yin: chaos=0.113 whimsy=0.262 darkTone=0.103 coherence=0.857 voiceWeight=0.832,codegen,transformer,YIELD,0.5131,head_hex_17,recovery/fault_hold
17,Following,future,2,old yang,adaptive_following|voice_warmth|voice_subtlety,slot 1 stable_yin: chaos=0.113 whimsy=0.262 darkTone=0.103 coherence=0.857 voiceWeight=0.832,codegen,transformer,YIELD,0.5308,head_hex_17,recovery/fault_hold
17,Following,transition,3,old yang,adaptive_following|voice_warmth|voice_subtlety,slot 1 stable_yin: chaos=0.113 whimsy=0.262 darkTone=0.103 coherence=0.857 voiceWeight=0.832,codegen,transformer,YIELD,0.4779,head_hex_17,recovery/fault_hold
17,Following,resolution,4,old yang,adaptive_following|voice_warmth|voice_subtlety,slot 1 stable_yin: chaos=0.113 whimsy=0.262 darkTone=0.103 coherence=0.857 voiceWeight=0.832,codegen,transformer,YIELD,0.5484,head_hex_17,recovery/fault_hold
17,Following,dissolution,5,old yang,adaptive_following|voice_warmth|voice_subtlety,slot 1 stable_yin: chaos=0.113 whimsy=0.262 darkTone=0.103 coherence=0.857 voiceWeight=0.832,codegen,transformer,YIELD,0.4779,head_hex_17,recovery/fault_hold
17,Following,crystallization,6,old yang,adaptive_following|voice_warmth|voice_subtlety,slot 1 stable_yin: chaos=0.113 whimsy=0.262 darkTone=0.103 coherence=0.857 voiceWeight=0.832,codegen,transformer,YIELD,0.4955,head_hex_17,recovery/fault_hold
17,Following,void,7,old yang,adaptive_following|voice_warmth|voice_subtlety,slot 1 stable_yin: chaos=0.113 whimsy=0.262 darkTone=0.103 coherence=0.857 voiceWeight=0.832,codegen,transformer,YIELD,0.4779,head_hex_17,recovery/fault_hold
17,Following,past,0,old yang,adaptive_following|voice_warmth|voice_subtlety,slot 1 stable_yin: chaos=0.113 whimsy=0.262 darkTone=0.103 coherence=0.857 voiceWeight=0.832,codegen,transformer,YIELD,0.5837,head_hex_17,recovery/fault_hold
17,Following,present,1,old yang,adaptive_following|voice_warmth|voice_subtlety,slot 1 stable_yin: chaos=0.113 whimsy=0.262 darkTone=0.103 coherence=0.857 voiceWeight=0.832,codegen,transformer,YIELD,0.5131,head_hex_17,recovery/fault_hold
17,Following,future,2,old yang,adaptive_following|voice_warmth|voice_subtlety,slot 1 stable_yin: chaos=0.113 whimsy=0.262 darkTone=0.103 coherence=0.857 voiceWeight=0.832,codegen,transformer,YIELD,0.5308,head_hex_17,recovery/fault_hold
17,Following,transition,3,old yang,adaptive_following|voice_warmth|voice_subtlety,slot 1 stable_yin: chaos=0.113 whimsy=0.262 darkTone=0.103 coherence=0.857 voiceWeight=0.832,codegen,transformer,YIELD,0.4779,head_hex_17,recovery/fault_hold
17,Following,resolution,4,old yang,adaptive_following|voice_warmth|voice_subtlety,slot 1 stable_yin: chaos=0.113 whimsy=0.262 darkTone=0.103 coherence=0.857 voiceWeight=0.832,codegen,transformer,YIELD,0.5484,head_hex_17,recovery/fault_hold
17,Following,dissolution,5,old yang,adaptive_following|voice_warmth|voice_subtlety,slot 1 stable_yin: chaos=0.113 whimsy=0.262 darkTone=0.103 coherence=0.857 voiceWeight=0.832,codegen,transformer,YIELD,0.4779,head_hex_17,recovery/fault_hold
17,Following,crystallization,6,old yang,adaptive_following|voice_warmth|voice_subtlety,slot 1 stable_yin: chaos=0.113 whimsy=0.262 darkTone=0.103 coherence=0.857 voiceWeight=0.832,codegen,transformer,YIELD,0.5836,head_hex_17,recovery/fault_hold
17,Following,void,7,old yang,adaptive_following|voice_warmth|voice_subtlety,slot 1 stable_yin: chaos=0.113 whimsy=0.262 darkTone=0.103 coherence=0.857 voiceWeight=0.832,codegen,transformer,YIELD,0.5707,head_hex_17,recovery/fault_hold
17,Following,past,0,old yang,adaptive_following|voice_warmth|voice_subtlety,slot 1 stable_yin: chaos=0.113 whimsy=0.262 darkTone=0.103 coherence=0.857 voiceWeight=0.832,codegen,transformer,YIELD,0.5837,head_hex_17,recovery/fault_hold
17,Following,present,1,old yang,adaptive_following|voice_warmth|voice_subtlety,slot 1 stable_yin: chaos=0.113 whimsy=0.262 darkTone=0.103 coherence=0.857 voiceWeight=0.832,codegen,transformer,YIELD,0.5131,head_hex_17,recovery/fault_hold
17,Following,future,2,old yang,adaptive_following|voice_warmth|voice_subtlety,slot 1 stable_yin: chaos=0.113 whimsy=0.262 darkTone=0.103 coherence=0.857 voiceWeight=0.832,codegen,transformer,YIELD,0.5308,head_hex_17,recovery/fault_hold
17,Following,transition,3,old yang,adaptive_following|voice_warmth|voice_subtlety,slot 1 stable_yin: chaos=0.113 whimsy=0.262 darkTone=0.103 coherence=0.857 voiceWeight=0.832,codegen,transformer,YIELD,0.4779,head_hex_17,recovery/fault_hold
17,Following,resolution,4,old yang,adaptive_following|voice_warmth|voice_subtlety,slot 1 stable_yin: chaos=0.113 whimsy=0.262 darkTone=0.103 coherence=0.857 voiceWeight=0.832,codegen,transformer,YIELD,0.6223,head_hex_17,recovery/fault_hold
17,Following,dissolution,5,old yang,adaptive_following|voice_warmth|voice_subtlety,slot 1 stable_yin: chaos=0.113 whimsy=0.262 darkTone=0.103 coherence=0.857 voiceWeight=0.832,codegen,transformer,YIELD,0.5707,head_hex_17,recovery/fault_hold
17,Following,crystallization,6,old yang,adaptive_following|voice_warmth|voice_subtlety,slot 1 stable_yin: chaos=0.113 whimsy=0.262 darkTone=0.103 coherence=0.857 voiceWeight=0.832,codegen,transformer,YIELD,0.5836,head_hex_17,recovery/fault_hold
17,Following,void,7,old yang,adaptive_following|voice_warmth|voice_subtlety,slot 1 stable_yin: chaos=0.113 whimsy=0.262 darkTone=0.103 coherence=0.857 voiceWeight=0.832,codegen,transformer,YIELD,0.5707,head_hex_17,recovery/fault_hold
18,Work on Decayed,past,0,old yang,confronting_rot|voice_warmth|voice_subtlety,slot 1 stable_yin: chaos=0.113 whimsy=0.262 darkTone=0.103 coherence=0.857 voiceWeight=0.832,codegen,dissipator,ADAPT,0.6534,head_hex_18,recovery/fault_hold
18,Work on Decayed,present,1,old yang,confronting_rot|voice_warmth|voice_subtlety,slot 1 stable_yin: chaos=0.113 whimsy=0.262 darkTone=0.103 coherence=0.857 voiceWeight=0.832,codegen,dissipator,ADAPT,0.6276,head_hex_18,recovery/fault_hold
18,Work on Decayed,future,2,old yang,confronting_rot|voice_warmth|voice_subtlety,slot 1 stable_yin: chaos=0.113 whimsy=0.262 darkTone=0.103 coherence=0.857 voiceWeight=0.832,codegen,dissipator,ADAPT,0.6147,head_hex_18,recovery/fault_hold
18,Work on Decayed,transition,3,old yang,confronting_rot|voice_warmth|voice_subtlety,slot 1 stable_yin: chaos=0.113 whimsy=0.262 darkTone=0.103 coherence=0.857 voiceWeight=0.832,codegen,dissipator,ADAPT,0.5889,head_hex_18,recovery/fault_hold
18,Work on Decayed,resolution,4,old yang,confronting_rot|voice_warmth|voice_subtlety,slot 1 stable_yin: chaos=0.113 whimsy=0.262 darkTone=0.103 coherence=0.857 voiceWeight=0.832,codegen,dissipator,ADAPT,0.6018,head_hex_18,recovery/fault_hold
18,Work on Decayed,dissolution,5,old yang,confronting_rot|voice_warmth|voice_subtlety,slot 1 stable_yin: chaos=0.113 whimsy=0.262 darkTone=0.103 coherence=0.857 voiceWeight=0.832,codegen,dissipator,ADAPT,0.576,head_hex_18,recovery/fault_hold
18,Work on Decayed,crystallization,6,old yang,confronting_rot|voice_warmth|voice_subtlety,slot 1 stable_yin: chaos=0.113 whimsy=0.262 darkTone=0.103 coherence=0.857 voiceWeight=0.832,codegen,dissipator,ADAPT,0.576,head_hex_18,recovery/fault_hold
18,Work on Decayed,void,7,old yang,confronting_rot|voice_warmth|voice_subtlety,slot 1 stable_yin: chaos=0.113 whimsy=0.262 darkTone=0.103 coherence=0.857 voiceWeight=0.832,codegen,dissipator,ADAPT,0.576,head_hex_18,recovery/fault_hold
18,Work on Decayed,past,0,old yang,confronting_rot|voice_warmth|voice_subtlety,slot 1 stable_yin: chaos=0.113 whimsy=0.262 darkTone=0.103 coherence=0.857 voiceWeight=0.832,codegen,dissipator,ADAPT,0.6534,head_hex_18,recovery/fault_hold
18,Work on Decayed,present,1,old yang,confronting_rot|voice_warmth|voice_subtlety,slot 1 stable_yin: chaos=0.113 whimsy=0.262 darkTone=0.103 coherence=0.857 voiceWeight=0.832,codegen,dissipator,ADAPT,0.6276,head_hex_18,recovery/fault_hold
18,Work on Decayed,future,2,old yang,confronting_rot|voice_warmth|voice_subtlety,slot 1 stable_yin: chaos=0.113 whimsy=0.262 darkTone=0.103 coherence=0.857 voiceWeight=0.832,codegen,dissipator,ADAPT,0.6147,head_hex_18,recovery/fault_hold
18,Work on Decayed,transition,3,old yang,confronting_rot|voice_warmth|voice_subtlety,slot 1 stable_yin: chaos=0.113 whimsy=0.262 darkTone=0.103 coherence=0.857 voiceWeight=0.832,codegen,dissipator,ADAPT,0.5889,head_hex_18,recovery/fault_hold
18,Work on Decayed,resolution,4,old yang,confronting_rot|voice_warmth|voice_subtlety,slot 1 stable_yin: chaos=0.113 whimsy=0.262 darkTone=0.103 coherence=0.857 voiceWeight=0.832,codegen,dissipator,ADAPT,0.6018,head_hex_18,recovery/fault_hold
18,Work on Decayed,dissolution,5,old yang,confronting_rot|voice_warmth|voice_subtlety,slot 1 stable_yin: chaos=0.113 whimsy=0.262 darkTone=0.103 coherence=0.857 voiceWeight=0.832,codegen,dissipator,ADAPT,0.576,head_hex_18,recovery/fault_hold
18,Work on Decayed,crystallization,6,old yang,confronting_rot|voice_warmth|voice_subtlety,slot 1 stable_yin: chaos=0.113 whimsy=0.262 darkTone=0.103 coherence=0.857 voiceWeight=0.832,codegen,dissipator,ADAPT,0.6669,head_hex_18,recovery/fault_hold
18,Work on Decayed,void,7,old yang,confronting_rot|voice_warmth|voice_subtlety,slot 1 stable_yin: chaos=0.113 whimsy=0.262 darkTone=0.103 coherence=0.857 voiceWeight=0.832,codegen,dissipator,ADAPT,0.6669,head_hex_18,recovery/fault_hold
18,Work on Decayed,past,0,old yang,confronting_rot|voice_warmth|voice_subtlety,slot 1 stable_yin: chaos=0.113 whimsy=0.262 darkTone=0.103 coherence=0.857 voiceWeight=0.832,codegen,dissipator,ADAPT,0.6534,head_hex_18,recovery/fault_hold
18,Work on Decayed,present,1,old yang,confronting_rot|voice_warmth|voice_subtlety,slot 1 stable_yin: chaos=0.113 whimsy=0.262 darkTone=0.103 coherence=0.857 voiceWeight=0.832,codegen,dissipator,ADAPT,0.6276,head_hex_18,recovery/fault_hold
18,Work on Decayed,future,2,old yang,confronting_rot|voice_warmth|voice_subtlety,slot 1 stable_yin: chaos=0.113 whimsy=0.262 darkTone=0.103 coherence=0.857 voiceWeight=0.832,codegen,dissipator,ADAPT,0.6147,head_hex_18,recovery/fault_hold
18,Work on Decayed,transition,3,old yang,confronting_rot|voice_warmth|voice_subtlety,slot 1 stable_yin: chaos=0.113 whimsy=0.262 darkTone=0.103 coherence=0.857 voiceWeight=0.832,codegen,dissipator,ADAPT,0.5889,head_hex_18,recovery/fault_hold
18,Work on Decayed,resolution,4,old yang,confronting_rot|voice_warmth|voice_subtlety,slot 1 stable_yin: chaos=0.113 whimsy=0.262 darkTone=0.103 coherence=0.857 voiceWeight=0.832,codegen,dissipator,ADAPT,0.6832,head_hex_18,recovery/fault_hold
18,Work on Decayed,dissolution,5,old yang,confronting_rot|voice_warmth|voice_subtlety,slot 1 stable_yin: chaos=0.113 whimsy=0.262 darkTone=0.103 coherence=0.857 voiceWeight=0.832,codegen,dissipator,ADAPT,0.6669,head_hex_18,recovery/fault_hold
18,Work on Decayed,crystallization,6,old yang,confronting_rot|voice_warmth|voice_subtlety,slot 1 stable_yin: chaos=0.113 whimsy=0.262 darkTone=0.103 coherence=0.857 voiceWeight=0.832,codegen,dissipator,ADAPT,0.6669,head_hex_18,recovery/fault_hold
18,Work on Decayed,void,7,old yang,confronting_rot|voice_warmth|voice_subtlety,slot 1 stable_yin: chaos=0.113 whimsy=0.262 darkTone=0.103 coherence=0.857 voiceWeight=0.832,codegen,dissipator,ADAPT,0.6669,head_hex_18,recovery/fault_hold
19,Approach,past,0,old yang,seasonal_turning|voice_warmth|voice_subtlety,slot 1 stable_yin: chaos=0.113 whimsy=0.262 darkTone=0.103 coherence=0.857 voiceWeight=0.832,codegen,transformer,YIELD,0.5725,head_hex_19,recovery/fault_hold
19,Approach,present,1,old yang,seasonal_turning|voice_warmth|voice_subtlety,slot 1 stable_yin: chaos=0.113 whimsy=0.262 darkTone=0.103 coherence=0.857 voiceWeight=0.832,codegen,transformer,YIELD,0.5313,head_hex_19,recovery/fault_hold
19,Approach,future,2,old yang,seasonal_turning|voice_warmth|voice_subtlety,slot 1 stable_yin: chaos=0.113 whimsy=0.262 darkTone=0.103 coherence=0.857 voiceWeight=0.832,codegen,transformer,YIELD,0.5313,head_hex_19,recovery/fault_hold
19,Approach,transition,3,old yang,seasonal_turning|voice_warmth|voice_subtlety,slot 1 stable_yin: chaos=0.113 whimsy=0.262 darkTone=0.103 coherence=0.857 voiceWeight=0.832,codegen,transformer,YIELD,0.496,head_hex_19,recovery/fault_hold
19,Approach,resolution,4,old yang,seasonal_turning|voice_warmth|voice_subtlety,slot 1 stable_yin: chaos=0.113 whimsy=0.262 darkTone=0.103 coherence=0.857 voiceWeight=0.832,codegen,transformer,YIELD,0.5489,head_hex_19,recovery/fault_hold
19,Approach,dissolution,5,old yang,seasonal_turning|voice_warmth|voice_subtlety,slot 1 stable_yin: chaos=0.113 whimsy=0.262 darkTone=0.103 coherence=0.857 voiceWeight=0.832,codegen,transformer,YIELD,0.496,head_hex_19,recovery/fault_hold
19,Approach,crystallization,6,old yang,seasonal_turning|voice_warmth|voice_subtlety,slot 1 stable_yin: chaos=0.113 whimsy=0.262 darkTone=0.103 coherence=0.857 voiceWeight=0.832,codegen,transformer,YIELD,0.496,head_hex_19,recovery/fault_hold
19,Approach,void,7,old yang,seasonal_turning|voice_warmth|voice_subtlety,slot 1 stable_yin: chaos=0.113 whimsy=0.262 darkTone=0.103 coherence=0.857 voiceWeight=0.832,codegen,transformer,YIELD,0.496,head_hex_19,recovery/fault_hold
19,Approach,past,0,old yang,seasonal_turning|voice_warmth|voice_subtlety,slot 1 stable_yin: chaos=0.113 whimsy=0.262 darkTone=0.103 coherence=0.857 voiceWeight=0.832,codegen,transformer,YIELD,0.5725,head_hex_19,recovery/fault_hold
19,Approach,present,1,old yang,seasonal_turning|voice_warmth|voice_subtlety,slot 1 stable_yin: chaos=0.113 whimsy=0.262 darkTone=0.103 coherence=0.857 voiceWeight=0.832,codegen,transformer,YIELD,0.5313,head_hex_19,recovery/fault_hold
19,Approach,future,2,old yang,seasonal_turning|voice_warmth|voice_subtlety,slot 1 stable_yin: chaos=0.113 whimsy=0.262 darkTone=0.103 coherence=0.857 voiceWeight=0.832,codegen,transformer,YIELD,0.5313,head_hex_19,recovery/fault_hold
19,Approach,transition,3,old yang,seasonal_turning|voice_warmth|voice_subtlety,slot 1 stable_yin: chaos=0.113 whimsy=0.262 darkTone=0.103 coherence=0.857 voiceWeight=0.832,codegen,transformer,YIELD,0.496,head_hex_19,recovery/fault_hold
19,Approach,resolution,4,old yang,seasonal_turning|voice_warmth|voice_subtlety,slot 1 stable_yin: chaos=0.113 whimsy=0.262 darkTone=0.103 coherence=0.857 voiceWeight=0.832,codegen,transformer,YIELD,0.5489,head_hex_19,recovery/fault_hold
19,Approach,dissolution,5,old yang,seasonal_turning|voice_warmth|voice_subtlety,slot 1 stable_yin: chaos=0.113 whimsy=0.262 darkTone=0.103 coherence=0.857 voiceWeight=0.832,codegen,transformer,YIELD,0.496,head_hex_19,recovery/fault_hold
19,Approach,crystallization,6,old yang,seasonal_turning|voice_warmth|voice_subtlety,slot 1 stable_yin: chaos=0.113 whimsy=0.262 darkTone=0.103 coherence=0.857 voiceWeight=0.832,codegen,transformer,YIELD,0.584,head_hex_19,recovery/fault_hold
19,Approach,void,7,old yang,seasonal_turning|voice_warmth|voice_subtlety,slot 1 stable_yin: chaos=0.113 whimsy=0.262 darkTone=0.103 coherence=0.857 voiceWeight=0.832,codegen,transformer,YIELD,0.584,head_hex_19,recovery/fault_hold
19,Approach,past,0,old yang,seasonal_turning|voice_warmth|voice_subtlety,slot 1 stable_yin: chaos=0.113 whimsy=0.262 darkTone=0.103 coherence=0.857 voiceWeight=0.832,codegen,transformer,YIELD,0.5725,head_hex_19,recovery/fault_hold
19,Approach,present,1,old yang,seasonal_turning|voice_warmth|voice_subtlety,slot 1 stable_yin: chaos=0.113 whimsy=0.262 darkTone=0.103 coherence=0.857 voiceWeight=0.832,codegen,transformer,YIELD,0.5313,head_hex_19,recovery/fault_hold
19,Approach,future,2,old yang,seasonal_turning|voice_warmth|voice_subtlety,slot 1 stable_yin: chaos=0.113 whimsy=0.262 darkTone=0.103 coherence=0.857 voiceWeight=0.832,codegen,transformer,YIELD,0.5313,head_hex_19,recovery/fault_hold
19,Approach,transition,3,old yang,seasonal_turning|voice_warmth|voice_subtlety,slot 1 stable_yin: chaos=0.113 whimsy=0.262 darkTone=0.103 coherence=0.857 voiceWeight=0.832,codegen,transformer,YIELD,0.496,head_hex_19,recovery/fault_hold
19,Approach,resolution,4,old yang,seasonal_turning|voice_warmth|voice_subtlety,slot 1 stable_yin: chaos=0.113 whimsy=0.262 darkTone=0.103 coherence=0.857 voiceWeight=0.832,codegen,transformer,YIELD,0.6226,head_hex_19,recovery/fault_hold
19,Approach,dissolution,5,old yang,seasonal_turning|voice_warmth|voice_subtlety,slot 1 stable_yin: chaos=0.113 whimsy=0.262 darkTone=0.103 coherence=0.857 voiceWeight=0.832,codegen,transformer,YIELD,0.584,head_hex_19,recovery/fault_hold
19,Approach,crystallization,6,old yang,seasonal_turning|voice_warmth|voice_subtlety,slot 1 stable_yin: chaos=0.113 whimsy=0.262 darkTone=0.103 coherence=0.857 voiceWeight=0.832,codegen,transformer,YIELD,0.584,head_hex_19,recovery/fault_hold
19,Approach,void,7,old yang,seasonal_turning|voice_warmth|voice_subtlety,slot 1 stable_yin: chaos=0.113 whimsy=0.262 darkTone=0.103 coherence=0.857 voiceWeight=0.832,codegen,transformer,YIELD,0.584,head_hex_19,recovery/fault_hold
20,Contemplation,past,0,old yang,pattern_watching|voice_warmth|voice_subtlety,slot 1 stable_yin: chaos=0.113 whimsy=0.262 darkTone=0.103 coherence=0.857 voiceWeight=0.832,codegen,boundary,WAIT,0.4936,head_hex_20,recovery/fault_hold
20,Contemplation,present,1,old yang,pattern_watching|voice_warmth|voice_subtlety,slot 1 stable_yin: chaos=0.113 whimsy=0.262 darkTone=0.103 coherence=0.857 voiceWeight=0.832,codegen,boundary,WAIT,0.4637,head_hex_20,recovery/fault_hold
20,Contemplation,future,2,old yang,pattern_watching|voice_warmth|voice_subtlety,slot 1 stable_yin: chaos=0.113 whimsy=0.262 darkTone=0.103 coherence=0.857 voiceWeight=0.832,codegen,boundary,WAIT,0.4413,head_hex_20,recovery/fault_hold
20,Contemplation,transition,3,old yang,pattern_watching|voice_warmth|voice_subtlety,slot 1 stable_yin: chaos=0.113 whimsy=0.262 darkTone=0.103 coherence=0.857 voiceWeight=0.832,codegen,boundary,WAIT,0.3965,head_hex_20,recovery/fault_hold
20,Contemplation,resolution,4,old yang,pattern_watching|voice_warmth|voice_subtlety,slot 1 stable_yin: chaos=0.113 whimsy=0.262 darkTone=0.103 coherence=0.857 voiceWeight=0.832,codegen,boundary,WAIT,0.4413,head_hex_20,recovery/fault_hold
20,Contemplation,dissolution,5,old yang,pattern_watching|voice_warmth|voice_subtlety,slot 1 stable_yin: chaos=0.113 whimsy=0.262 darkTone=0.103 coherence=0.857 voiceWeight=0.832,codegen,boundary,WAIT,0.3965,head_hex_20,recovery/fault_hold
20,Contemplation,crystallization,6,old yang,pattern_watching|voice_warmth|voice_subtlety,slot 1 stable_yin: chaos=0.113 whimsy=0.262 darkTone=0.103 coherence=0.857 voiceWeight=0.832,codegen,boundary,WAIT,0.3965,head_hex_20,recovery/fault_hold
20,Contemplation,void,7,old yang,pattern_watching|voice_warmth|voice_subtlety,slot 1 stable_yin: chaos=0.113 whimsy=0.262 darkTone=0.103 coherence=0.857 voiceWeight=0.832,codegen,boundary,WAIT,0.3965,head_hex_20,recovery/fault_hold
20,Contemplation,past,0,old yang,pattern_watching|voice_warmth|voice_subtlety,slot 1 stable_yin: chaos=0.113 whimsy=0.262 darkTone=0.103 coherence=0.857 voiceWeight=0.832,codegen,boundary,WAIT,0.4936,head_hex_20,recovery/fault_hold
20,Contemplation,present,1,old yang,pattern_watching|voice_warmth|voice_subtlety,slot 1 stable_yin: chaos=0.113 whimsy=0.262 darkTone=0.103 coherence=0.857 voiceWeight=0.832,codegen,boundary,WAIT,0.4637,head_hex_20,recovery/fault_hold
20,Contemplation,future,2,old yang,pattern_watching|voice_warmth|voice_subtlety,slot 1 stable_yin: chaos=0.113 whimsy=0.262 darkTone=0.103 coherence=0.857 voiceWeight=0.832,codegen,boundary,WAIT,0.4413,head_hex_20,recovery/fault_hold
20,Contemplation,transition,3,old yang,pattern_watching|voice_warmth|voice_subtlety,slot 1 stable_yin: chaos=0.113 whimsy=0.262 darkTone=0.103 coherence=0.857 voiceWeight=0.832,codegen,boundary,WAIT,0.3965,head_hex_20,recovery/fault_hold
20,Contemplation,resolution,4,old yang,pattern_watching|voice_warmth|voice_subtlety,slot 1 stable_yin: chaos=0.113 whimsy=0.262 darkTone=0.103 coherence=0.857 voiceWeight=0.832,codegen,boundary,WAIT,0.4413,head_hex_20,recovery/fault_hold
20,Contemplation,dissolution,5,old yang,pattern_watching|voice_warmth|voice_subtlety,slot 1 stable_yin: chaos=0.113 whimsy=0.262 darkTone=0.103 coherence=0.857 voiceWeight=0.832,codegen,boundary,WAIT,0.3965,head_hex_20,recovery/fault_hold
20,Contemplation,crystallization,6,old yang,pattern_watching|voice_warmth|voice_subtlety,slot 1 stable_yin: chaos=0.113 whimsy=0.262 darkTone=0.103 coherence=0.857 voiceWeight=0.832,codegen,boundary,WAIT,0.4869,head_hex_20,recovery/fault_hold
20,Contemplation,void,7,old yang,pattern_watching|voice_warmth|voice_subtlety,slot 1 stable_yin: chaos=0.113 whimsy=0.262 darkTone=0.103 coherence=0.857 voiceWeight=0.832,codegen,boundary,WAIT,0.4869,head_hex_20,recovery/fault_hold
20,Contemplation,past,0,old yang,pattern_watching|voice_warmth|voice_subtlety,slot 1 stable_yin: chaos=0.113 whimsy=0.262 darkTone=0.103 coherence=0.857 voiceWeight=0.832,codegen,boundary,WAIT,0.4936,head_hex_20,recovery/fault_hold
20,Contemplation,present,1,old yang,pattern_watching|voice_warmth|voice_subtlety,slot 1 stable_yin: chaos=0.113 whimsy=0.262 darkTone=0.103 coherence=0.857 voiceWeight=0.832,codegen,boundary,WAIT,0.4637,head_hex_20,recovery/fault_hold
20,Contemplation,future,2,old yang,pattern_watching|voice_warmth|voice_subtlety,slot 1 stable_yin: chaos=0.113 whimsy=0.262 darkTone=0.103 coherence=0.857 voiceWeight=0.832,codegen,boundary,WAIT,0.4413,head_hex_20,recovery/fault_hold
20,Contemplation,transition,3,old yang,pattern_watching|voice_warmth|voice_subtlety,slot 1 stable_yin: chaos=0.113 whimsy=0.262 darkTone=0.103 coherence=0.857 voiceWeight=0.832,codegen,boundary,WAIT,0.3965,head_hex_20,recovery/fault_hold
20,Contemplation,resolution,4,old yang,pattern_watching|voice_warmth|voice_subtlety,slot 1 stable_yin: chaos=0.113 whimsy=0.262 darkTone=0.103 coherence=0.857 voiceWeight=0.832,codegen,boundary,WAIT,0.5222,head_hex_20,recovery/fault_hold
20,Contemplation,dissolution,5,old yang,pattern_watching|voice_warmth|voice_subtlety,slot 1 stable_yin: chaos=0.113 whimsy=0.262 darkTone=0.103 coherence=0.857 voiceWeight=0.832,codegen,boundary,WAIT,0.4869,head_hex_20,recovery/fault_hold
20,Contemplation,crystallization,6,old yang,pattern_watching|voice_warmth|voice_subtlety,slot 1 stable_yin: chaos=0.113 whimsy=0.262 darkTone=0.103 coherence=0.857 voiceWeight=0.832,codegen,boundary,WAIT,0.4869,head_hex_20,recovery/fault_hold
20,Contemplation,void,7,old yang,pattern_watching|voice_warmth|voice_subtlety,slot 1 stable_yin: chaos=0.113 whimsy=0.262 darkTone=0.103 coherence=0.857 voiceWeight=0.832,codegen,boundary,WAIT,0.4869,head_hex_20,recovery/fault_hold
21,Biting Through,past,0,old yang,decisive_cutting|voice_warmth|voice_subtlety,slot 1 stable_yin: chaos=0.113 whimsy=0.262 darkTone=0.103 coherence=0.857 voiceWeight=0.832,codegen,transformer,ASSERT,0.7138,head_hex_21,recovery/fault_hold
21,Biting Through,present,1,old yang,decisive_cutting|voice_warmth|voice_subtlety,slot 1 stable_yin: chaos=0.113 whimsy=0.262 darkTone=0.103 coherence=0.857 voiceWeight=0.832,codegen,transformer,ASSERT,0.6812,head_hex_21,recovery/fault_hold
21,Biting Through,future,2,old yang,decisive_cutting|voice_warmth|voice_subtlety,slot 1 stable_yin: chaos=0.113 whimsy=0.262 darkTone=0.103 coherence=0.857 voiceWeight=0.832,codegen,transformer,ASSERT,0.6975,head_hex_21,recovery/fault_hold
21,Biting Through,transition,3,old yang,decisive_cutting|voice_warmth|voice_subtlety,slot 1 stable_yin: chaos=0.113 whimsy=0.262 darkTone=0.103 coherence=0.857 voiceWeight=0.832,codegen,transformer,ASSERT,0.6649,head_hex_21,recovery/fault_hold
21,Biting Through,resolution,4,old yang,decisive_cutting|voice_warmth|voice_subtlety,slot 1 stable_yin: chaos=0.113 whimsy=0.262 darkTone=0.103 coherence=0.857 voiceWeight=0.832,codegen,transformer,ASSERT,0.6894,head_hex_21,recovery/fault_hold
21,Biting Through,dissolution,5,old yang,decisive_cutting|voice_warmth|voice_subtlety,slot 1 stable_yin: chaos=0.113 whimsy=0.262 darkTone=0.103 coherence=0.857 voiceWeight=0.832,codegen,transformer,ASSERT,0.6649,head_hex_21,recovery/fault_hold
21,Biting Through,crystallization,6,old yang,decisive_cutting|voice_warmth|voice_subtlety,slot 1 stable_yin: chaos=0.113 whimsy=0.262 darkTone=0.103 coherence=0.857 voiceWeight=0.832,codegen,transformer,ASSERT,0.6731,head_hex_21,recovery/fault_hold
21,Biting Through,void,7,old yang,decisive_cutting|voice_warmth|voice_subtlety,slot 1 stable_yin: chaos=0.113 whimsy=0.262 darkTone=0.103 coherence=0.857 voiceWeight=0.832,codegen,transformer,ASSERT,0.6649,head_hex_21,recovery/fault_hold
21,Biting Through,past,0,old yang,decisive_cutting|voice_warmth|voice_subtlety,slot 1 stable_yin: chaos=0.113 whimsy=0.262 darkTone=0.103 coherence=0.857 voiceWeight=0.832,codegen,transformer,ASSERT,0.7138,head_hex_21,recovery/fault_hold
21,Biting Through,present,1,old yang,decisive_cutting|voice_warmth|voice_subtlety,slot 1 stable_yin: chaos=0.113 whimsy=0.262 darkTone=0.103 coherence=0.857 voiceWeight=0.832,codegen,transformer,ASSERT,0.6812,head_hex_21,recovery/fault_hold
21,Biting Through,future,2,old yang,decisive_cutting|voice_warmth|voice_subtlety,slot 1 stable_yin: chaos=0.113 whimsy=0.262 darkTone=0.103 coherence=0.857 voiceWeight=0.832,codegen,transformer,ASSERT,0.6975,head_hex_21,recovery/fault_hold
21,Biting Through,transition,3,old yang,decisive_cutting|voice_warmth|voice_subtlety,slot 1 stable_yin: chaos=0.113 whimsy=0.262 darkTone=0.103 coherence=0.857 voiceWeight=0.832,codegen,transformer,ASSERT,0.6649,head_hex_21,recovery/fault_hold
21,Biting Through,resolution,4,old yang,decisive_cutting|voice_warmth|voice_subtlety,slot 1 stable_yin: chaos=0.113 whimsy=0.262 darkTone=0.103 coherence=0.857 voiceWeight=0.832,codegen,transformer,ASSERT,0.6894,head_hex_21,recovery/fault_hold
21,Biting Through,dissolution,5,old yang,decisive_cutting|voice_warmth|voice_subtlety,slot 1 stable_yin: chaos=0.113 whimsy=0.262 darkTone=0.103 coherence=0.857 voiceWeight=0.832,codegen,transformer,ASSERT,0.6649,head_hex_21,recovery/fault_hold
21,Biting Through,crystallization,6,old yang,decisive_cutting|voice_warmth|voice_subtlety,slot 1 stable_yin: chaos=0.113 whimsy=0.262 darkTone=0.103 coherence=0.857 voiceWeight=0.832,codegen,transformer,ASSERT,0.6731,head_hex_21,recovery/fault_hold
21,Biting Through,void,7,old yang,decisive_cutting|voice_warmth|voice_subtlety,slot 1 stable_yin: chaos=0.113 whimsy=0.262 darkTone=0.103 coherence=0.857 voiceWeight=0.832,codegen,transformer,ASSERT,0.6649,head_hex_21,recovery/fault_hold
21,Biting Through,past,0,old yang,decisive_cutting|voice_warmth|voice_subtlety,slot 1 stable_yin: chaos=0.113 whimsy=0.262 darkTone=0.103 coherence=0.857 voiceWeight=0.832,codegen,transformer,ASSERT,0.7138,head_hex_21,recovery/fault_hold
21,Biting Through,present,1,old yang,decisive_cutting|voice_warmth|voice_subtlety,slot 1 stable_yin: chaos=0.113 whimsy=0.262 darkTone=0.103 coherence=0.857 voiceWeight=0.832,codegen,transformer,ASSERT,0.6812,head_hex_21,recovery/fault_hold
21,Biting Through,future,2,old yang,decisive_cutting|voice_warmth|voice_subtlety,slot 1 stable_yin: chaos=0.113 whimsy=0.262 darkTone=0.103 coherence=0.857 voiceWeight=0.832,codegen,transformer,ASSERT,0.6975,head_hex_21,recovery/fault_hold
21,Biting Through,transition,3,old yang,decisive_cutting|voice_warmth|voice_subtlety,slot 1 stable_yin: chaos=0.113 whimsy=0.262 darkTone=0.103 coherence=0.857 voiceWeight=0.832,codegen,transformer,ASSERT,0.6649,head_hex_21,recovery/fault_hold
21,Biting Through,resolution,4,old yang,decisive_cutting|voice_warmth|voice_subtlety,slot 1 stable_yin: chaos=0.113 whimsy=0.262 darkTone=0.103 coherence=0.857 voiceWeight=0.832,codegen,transformer,ASSERT,0.6894,head_hex_21,recovery/fault_hold
21,Biting Through,dissolution,5,old yang,decisive_cutting|voice_warmth|voice_subtlety,slot 1 stable_yin: chaos=0.113 whimsy=0.262 darkTone=0.103 coherence=0.857 voiceWeight=0.832,codegen,transformer,ASSERT,0.6649,head_hex_21,recovery/fault_hold
21,Biting Through,crystallization,6,old yang,decisive_cutting|voice_warmth|voice_subtlety,slot 1 stable_yin: chaos=0.113 whimsy=0.262 darkTone=0.103 coherence=0.857 voiceWeight=0.832,codegen,transformer,ASSERT,0.6731,head_hex_21,recovery/fault_hold
21,Biting Through,void,7,old yang,decisive_cutting|voice_warmth|voice_subtlety,slot 1 stable_yin: chaos=0.113 whimsy=0.262 darkTone=0.103 coherence=0.857 voiceWeight=0.832,codegen,transformer,ASSERT,0.6649,head_hex_21,recovery/fault_hold
22,Grace,past,0,old yang,ornamental_form|voice_warmth|voice_subtlety,slot 1 stable_yin: chaos=0.113 whimsy=0.262 darkTone=0.103 coherence=0.857 voiceWeight=0.832,codegen,boundary,WAIT,0.6001,head_hex_22,recovery/fault_hold
22,Grace,present,1,old yang,ornamental_form|voice_warmth|voice_subtlety,slot 1 stable_yin: chaos=0.113 whimsy=0.262 darkTone=0.103 coherence=0.857 voiceWeight=0.832,codegen,boundary,WAIT,0.5471,head_hex_22,recovery/fault_hold
22,Grace,future,2,old yang,ornamental_form|voice_warmth|voice_subtlety,slot 1 stable_yin: chaos=0.113 whimsy=0.262 darkTone=0.103 coherence=0.857 voiceWeight=0.832,codegen,boundary,WAIT,0.5648,head_hex_22,recovery/fault_hold
22,Grace,transition,3,old yang,ornamental_form|voice_warmth|voice_subtlety,slot 1 stable_yin: chaos=0.113 whimsy=0.262 darkTone=0.103 coherence=0.857 voiceWeight=0.832,codegen,boundary,WAIT,0.5118,head_hex_22,recovery/fault_hold
22,Grace,resolution,4,old yang,ornamental_form|voice_warmth|voice_subtlety,slot 1 stable_yin: chaos=0.113 whimsy=0.262 darkTone=0.103 coherence=0.857 voiceWeight=0.832,codegen,boundary,WAIT,0.5295,head_hex_22,recovery/fault_hold
22,Grace,dissolution,5,old yang,ornamental_form|voice_warmth|voice_subtlety,slot 1 stable_yin: chaos=0.113 whimsy=0.262 darkTone=0.103 coherence=0.857 voiceWeight=0.832,codegen,boundary,WAIT,0.4942,head_hex_22,recovery/fault_hold
22,Grace,crystallization,6,old yang,ornamental_form|voice_warmth|voice_subtlety,slot 1 stable_yin: chaos=0.113 whimsy=0.262 darkTone=0.103 coherence=0.857 voiceWeight=0.832,codegen,boundary,WAIT,0.4942,head_hex_22,recovery/fault_hold
22,Grace,void,7,old yang,ornamental_form|voice_warmth|voice_subtlety,slot 1 stable_yin: chaos=0.113 whimsy=0.262 darkTone=0.103 coherence=0.857 voiceWeight=0.832,codegen,boundary,WAIT,0.4942,head_hex_22,recovery/fault_hold
22,Grace,past,0,old yang,ornamental_form|voice_warmth|voice_subtlety,slot 1 stable_yin: chaos=0.113 whimsy=0.262 darkTone=0.103 coherence=0.857 voiceWeight=0.832,codegen,boundary,WAIT,0.6001,head_hex_22,recovery/fault_hold
22,Grace,present,1,old yang,ornamental_form|voice_warmth|voice_subtlety,slot 1 stable_yin: chaos=0.113 whimsy=0.262 darkTone=0.103 coherence=0.857 voiceWeight=0.832,codegen,boundary,WAIT,0.5471,head_hex_22,recovery/fault_hold
22,Grace,future,2,old yang,ornamental_form|voice_warmth|voice_subtlety,slot 1 stable_yin: chaos=0.113 whimsy=0.262 darkTone=0.103 coherence=0.857 voiceWeight=0.832,codegen,boundary,WAIT,0.5648,head_hex_22,recovery/fault_hold
22,Grace,transition,3,old yang,ornamental_form|voice_warmth|voice_subtlety,slot 1 stable_yin: chaos=0.113 whimsy=0.262 darkTone=0.103 coherence=0.857 voiceWeight=0.832,codegen,boundary,WAIT,0.5118,head_hex_22,recovery/fault_hold
22,Grace,resolution,4,old yang,ornamental_form|voice_warmth|voice_subtlety,slot 1 stable_yin: chaos=0.113 whimsy=0.262 darkTone=0.103 coherence=0.857 voiceWeight=0.832,codegen,boundary,WAIT,0.5295,head_hex_22,recovery/fault_hold
22,Grace,dissolution,5,old yang,ornamental_form|voice_warmth|voice_subtlety,slot 1 stable_yin: chaos=0.113 whimsy=0.262 darkTone=0.103 coherence=0.857 voiceWeight=0.832,codegen,boundary,WAIT,0.4942,head_hex_22,recovery/fault_hold
22,Grace,crystallization,6,old yang,ornamental_form|voice_warmth|voice_subtlety,slot 1 stable_yin: chaos=0.113 whimsy=0.262 darkTone=0.103 coherence=0.857 voiceWeight=0.832,codegen,boundary,WAIT,0.5826,head_hex_22,recovery/fault_hold
22,Grace,void,7,old yang,ornamental_form|voice_warmth|voice_subtlety,slot 1 stable_yin: chaos=0.113 whimsy=0.262 darkTone=0.103 coherence=0.857 voiceWeight=0.832,codegen,boundary,WAIT,0.5826,head_hex_22,recovery/fault_hold
22,Grace,past,0,old yang,ornamental_form|voice_warmth|voice_subtlety,slot 1 stable_yin: chaos=0.113 whimsy=0.262 darkTone=0.103 coherence=0.857 voiceWeight=0.832,codegen,boundary,WAIT,0.6001,head_hex_22,recovery/fault_hold
22,Grace,present,1,old yang,ornamental_form|voice_warmth|voice_subtlety,slot 1 stable_yin: chaos=0.113 whimsy=0.262 darkTone=0.103 coherence=0.857 voiceWeight=0.832,codegen,boundary,WAIT,0.5471,head_hex_22,recovery/fault_hold
22,Grace,future,2,old yang,ornamental_form|voice_warmth|voice_subtlety,slot 1 stable_yin: chaos=0.113 whimsy=0.262 darkTone=0.103 coherence=0.857 voiceWeight=0.832,codegen,boundary,WAIT,0.5648,head_hex_22,recovery/fault_hold
22,Grace,transition,3,old yang,ornamental_form|voice_warmth|voice_subtlety,slot 1 stable_yin: chaos=0.113 whimsy=0.262 darkTone=0.103 coherence=0.857 voiceWeight=0.832,codegen,boundary,WAIT,0.5118,head_hex_22,recovery/fault_hold
22,Grace,resolution,4,old yang,ornamental_form|voice_warmth|voice_subtlety,slot 1 stable_yin: chaos=0.113 whimsy=0.262 darkTone=0.103 coherence=0.857 voiceWeight=0.832,codegen,boundary,WAIT,0.6084,head_hex_22,recovery/fault_hold
22,Grace,dissolution,5,old yang,ornamental_form|voice_warmth|voice_subtlety,slot 1 stable_yin: chaos=0.113 whimsy=0.262 darkTone=0.103 coherence=0.857 voiceWeight=0.832,codegen,boundary,WAIT,0.5826,head_hex_22,recovery/fault_hold
22,Grace,crystallization,6,old yang,ornamental_form|voice_warmth|voice_subtlety,slot 1 stable_yin: chaos=0.113 whimsy=0.262 darkTone=0.103 coherence=0.857 voiceWeight=0.832,codegen,boundary,WAIT,0.5826,head_hex_22,recovery/fault_hold
22,Grace,void,7,old yang,ornamental_form|voice_warmth|voice_subtlety,slot 1 stable_yin: chaos=0.113 whimsy=0.262 darkTone=0.103 coherence=0.857 voiceWeight=0.832,codegen,boundary,WAIT,0.5826,head_hex_22,recovery/fault_hold
23,Splitting Apart,past,0,old yang,collapsing_structure|voice_warmth|voice_subtlety,slot 1 stable_yin: chaos=0.113 whimsy=0.262 darkTone=0.103 coherence=0.857 voiceWeight=0.832,codegen,dissipator,WAIT,0.697,head_hex_23,recovery/fault_hold
23,Splitting Apart,present,1,old yang,collapsing_structure|voice_warmth|voice_subtlety,slot 1 stable_yin: chaos=0.113 whimsy=0.262 darkTone=0.103 coherence=0.857 voiceWeight=0.832,codegen,dissipator,WAIT,0.6916,head_hex_23,recovery/fault_hold
23,Splitting Apart,future,2,old yang,collapsing_structure|voice_warmth|voice_subtlety,slot 1 stable_yin: chaos=0.113 whimsy=0.262 darkTone=0.103 coherence=0.857 voiceWeight=0.832,codegen,dissipator,WAIT,0.6916,head_hex_23,recovery/fault_hold
23,Splitting Apart,transition,3,old yang,collapsing_structure|voice_warmth|voice_subtlety,slot 1 stable_yin: chaos=0.113 whimsy=0.262 darkTone=0.103 coherence=0.857 voiceWeight=0.832,codegen,dissipator,WAIT,0.6753,head_hex_23,recovery/fault_hold
23,Splitting Apart,resolution,4,old yang,collapsing_structure|voice_warmth|voice_subtlety,slot 1 stable_yin: chaos=0.113 whimsy=0.262 darkTone=0.103 coherence=0.857 voiceWeight=0.832,codegen,dissipator,WAIT,0.6834,head_hex_23,recovery/fault_hold
23,Splitting Apart,dissolution,5,old yang,collapsing_structure|voice_warmth|voice_subtlety,slot 1 stable_yin: chaos=0.113 whimsy=0.262 darkTone=0.103 coherence=0.857 voiceWeight=0.832,codegen,dissipator,WAIT,0.6753,head_hex_23,recovery/fault_hold
23,Splitting Apart,crystallization,6,old yang,collapsing_structure|voice_warmth|voice_subtlety,slot 1 stable_yin: chaos=0.113 whimsy=0.262 darkTone=0.103 coherence=0.857 voiceWeight=0.832,codegen,dissipator,WAIT,0.6753,head_hex_23,recovery/fault_hold
23,Splitting Apart,void,7,old yang,collapsing_structure|voice_warmth|voice_subtlety,slot 1 stable_yin: chaos=0.113 whimsy=0.262 darkTone=0.103 coherence=0.857 voiceWeight=0.832,codegen,dissipator,WAIT,0.6753,head_hex_23,recovery/fault_hold
23,Splitting Apart,past,0,old yang,collapsing_structure|voice_warmth|voice_subtlety,slot 1 stable_yin: chaos=0.113 whimsy=0.262 darkTone=0.103 coherence=0.857 voiceWeight=0.832,codegen,dissipator,WAIT,0.697,head_hex_23,recovery/fault_hold
23,Splitting Apart,present,1,old yang,collapsing_structure|voice_warmth|voice_subtlety,slot 1 stable_yin: chaos=0.113 whimsy=0.262 darkTone=0.103 coherence=0.857 voiceWeight=0.832,codegen,dissipator,WAIT,0.6916,head_hex_23,recovery/fault_hold
23,Splitting Apart,future,2,old yang,collapsing_structure|voice_warmth|voice_subtlety,slot 1 stable_yin: chaos=0.113 whimsy=0.262 darkTone=0.103 coherence=0.857 voiceWeight=0.832,codegen,dissipator,WAIT,0.6916,head_hex_23,recovery/fault_hold
23,Splitting Apart,transition,3,old yang,collapsing_structure|voice_warmth|voice_subtlety,slot 1 stable_yin: chaos=0.113 whimsy=0.262 darkTone=0.103 coherence=0.857 voiceWeight=0.832,codegen,dissipator,WAIT,0.6753,head_hex_23,recovery/fault_hold
23,Splitting Apart,resolution,4,old yang,collapsing_structure|voice_warmth|voice_subtlety,slot 1 stable_yin: chaos=0.113 whimsy=0.262 darkTone=0.103 coherence=0.857 voiceWeight=0.832,codegen,dissipator,WAIT,0.6834,head_hex_23,recovery/fault_hold
23,Splitting Apart,dissolution,5,old yang,collapsing_structure|voice_warmth|voice_subtlety,slot 1 stable_yin: chaos=0.113 whimsy=0.262 darkTone=0.103 coherence=0.857 voiceWeight=0.832,codegen,dissipator,WAIT,0.6753,head_hex_23,recovery/fault_hold
23,Splitting Apart,crystallization,6,old yang,collapsing_structure|voice_warmth|voice_subtlety,slot 1 stable_yin: chaos=0.113 whimsy=0.262 darkTone=0.103 coherence=0.857 voiceWeight=0.832,codegen,dissipator,WAIT,0.6753,head_hex_23,recovery/fault_hold
23,Splitting Apart,void,7,old yang,collapsing_structure|voice_warmth|voice_subtlety,slot 1 stable_yin: chaos=0.113 whimsy=0.262 darkTone=0.103 coherence=0.857 voiceWeight=0.832,codegen,dissipator,WAIT,0.6753,head_hex_23,recovery/fault_hold
23,Splitting Apart,past,0,old yang,collapsing_structure|voice_warmth|voice_subtlety,slot 1 stable_yin: chaos=0.113 whimsy=0.262 darkTone=0.103 coherence=0.857 voiceWeight=0.832,codegen,dissipator,WAIT,0.697,head_hex_23,recovery/fault_hold
23,Splitting Apart,present,1,old yang,collapsing_structure|voice_warmth|voice_subtlety,slot 1 stable_yin: chaos=0.113 whimsy=0.262 darkTone=0.103 coherence=0.857 voiceWeight=0.832,codegen,dissipator,WAIT,0.6916,head_hex_23,recovery/fault_hold
23,Splitting Apart,future,2,old yang,collapsing_structure|voice_warmth|voice_subtlety,slot 1 stable_yin: chaos=0.113 whimsy=0.262 darkTone=0.103 coherence=0.857 voiceWeight=0.832,codegen,dissipator,WAIT,0.6916,head_hex_23,recovery/fault_hold
23,Splitting Apart,transition,3,old yang,collapsing_structure|voice_warmth|voice_subtlety,slot 1 stable_yin: chaos=0.113 whimsy=0.262 darkTone=0.103 coherence=0.857 voiceWeight=0.832,codegen,dissipator,WAIT,0.6753,head_hex_23,recovery/fault_hold
23,Splitting Apart,resolution,4,old yang,collapsing_structure|voice_warmth|voice_subtlety,slot 1 stable_yin: chaos=0.113 whimsy=0.262 darkTone=0.103 coherence=0.857 voiceWeight=0.832,codegen,dissipator,WAIT,0.6834,head_hex_23,recovery/fault_hold
23,Splitting Apart,dissolution,5,old yang,collapsing_structure|voice_warmth|voice_subtlety,slot 1 stable_yin: chaos=0.113 whimsy=0.262 darkTone=0.103 coherence=0.857 voiceWeight=0.832,codegen,dissipator,WAIT,0.6753,head_hex_23,recovery/fault_hold
23,Splitting Apart,crystallization,6,old yang,collapsing_structure|voice_warmth|voice_subtlety,slot 1 stable_yin: chaos=0.113 whimsy=0.262 darkTone=0.103 coherence=0.857 voiceWeight=0.832,codegen,dissipator,WAIT,0.6753,head_hex_23,recovery/fault_hold
23,Splitting Apart,void,7,old yang,collapsing_structure|voice_warmth|voice_subtlety,slot 1 stable_yin: chaos=0.113 whimsy=0.262 darkTone=0.103 coherence=0.857 voiceWeight=0.832,codegen,dissipator,WAIT,0.6753,head_hex_23,recovery/fault_hold
24,Return,past,0,old yang,renewal_light|voice_warmth|voice_subtlety,slot 1 stable_yin: chaos=0.113 whimsy=0.262 darkTone=0.103 coherence=0.857 voiceWeight=0.832,codegen,transformer,YIELD,0.5367,head_hex_24,recovery/fault_hold
24,Return,present,1,old yang,renewal_light|voice_warmth|voice_subtlety,slot 1 stable_yin: chaos=0.113 whimsy=0.262 darkTone=0.103 coherence=0.857 voiceWeight=0.832,codegen,transformer,YIELD,0.5073,head_hex_24,recovery/fault_hold
24,Return,future,2,old yang,renewal_light|voice_warmth|voice_subtlety,slot 1 stable_yin: chaos=0.113 whimsy=0.262 darkTone=0.103 coherence=0.857 voiceWeight=0.832,codegen,transformer,YIELD,0.5249,head_hex_24,recovery/fault_hold
24,Return,transition,3,old yang,renewal_light|voice_warmth|voice_subtlety,slot 1 stable_yin: chaos=0.113 whimsy=0.262 darkTone=0.103 coherence=0.857 voiceWeight=0.832,codegen,transformer,YIELD,0.4896,head_hex_24,recovery/fault_hold
24,Return,resolution,4,old yang,renewal_light|voice_warmth|voice_subtlety,slot 1 stable_yin: chaos=0.113 whimsy=0.262 darkTone=0.103 coherence=0.857 voiceWeight=0.832,codegen,transformer,YIELD,0.5249,head_hex_24,recovery/fault_hold
24,Return,dissolution,5,old yang,renewal_light|voice_warmth|voice_subtlety,slot 1 stable_yin: chaos=0.113 whimsy=0.262 darkTone=0.103 coherence=0.857 voiceWeight=0.832,codegen,transformer,YIELD,0.4896,head_hex_24,recovery/fault_hold
24,Return,crystallization,6,old yang,renewal_light|voice_warmth|voice_subtlety,slot 1 stable_yin: chaos=0.113 whimsy=0.262 darkTone=0.103 coherence=0.857 voiceWeight=0.832,codegen,transformer,YIELD,0.4896,head_hex_24,recovery/fault_hold
24,Return,void,7,old yang,renewal_light|voice_warmth|voice_subtlety,slot 1 stable_yin: chaos=0.113 whimsy=0.262 darkTone=0.103 coherence=0.857 voiceWeight=0.832,codegen,transformer,YIELD,0.4896,head_hex_24,recovery/fault_hold
24,Return,past,0,old yang,renewal_light|voice_warmth|voice_subtlety,slot 1 stable_yin: chaos=0.113 whimsy=0.262 darkTone=0.103 coherence=0.857 voiceWeight=0.832,codegen,transformer,YIELD,0.5367,head_hex_24,recovery/fault_hold
24,Return,present,1,old yang,renewal_light|voice_warmth|voice_subtlety,slot 1 stable_yin: chaos=0.113 whimsy=0.262 darkTone=0.103 coherence=0.857 voiceWeight=0.832,codegen,transformer,YIELD,0.5073,head_hex_24,recovery/fault_hold
24,Return,future,2,old yang,renewal_light|voice_warmth|voice_subtlety,slot 1 stable_yin: chaos=0.113 whimsy=0.262 darkTone=0.103 coherence=0.857 voiceWeight=0.832,codegen,transformer,YIELD,0.5249,head_hex_24,recovery/fault_hold
24,Return,transition,3,old yang,renewal_light|voice_warmth|voice_subtlety,slot 1 stable_yin: chaos=0.113 whimsy=0.262 darkTone=0.103 coherence=0.857 voiceWeight=0.832,codegen,transformer,YIELD,0.4896,head_hex_24,recovery/fault_hold
24,Return,resolution,4,old yang,renewal_light|voice_warmth|voice_subtlety,slot 1 stable_yin: chaos=0.113 whimsy=0.262 darkTone=0.103 coherence=0.857 voiceWeight=0.832,codegen,transformer,YIELD,0.5249,head_hex_24,recovery/fault_hold
24,Return,dissolution,5,old yang,renewal_light|voice_warmth|voice_subtlety,slot 1 stable_yin: chaos=0.113 whimsy=0.262 darkTone=0.103 coherence=0.857 voiceWeight=0.832,codegen,transformer,YIELD,0.4896,head_hex_24,recovery/fault_hold
24,Return,crystallization,6,old yang,renewal_light|voice_warmth|voice_subtlety,slot 1 stable_yin: chaos=0.113 whimsy=0.262 darkTone=0.103 coherence=0.857 voiceWeight=0.832,codegen,transformer,YIELD,0.5814,head_hex_24,recovery/fault_hold
24,Return,void,7,old yang,renewal_light|voice_warmth|voice_subtlety,slot 1 stable_yin: chaos=0.113 whimsy=0.262 darkTone=0.103 coherence=0.857 voiceWeight=0.832,codegen,transformer,YIELD,0.5814,head_hex_24,recovery/fault_hold
24,Return,past,0,old yang,renewal_light|voice_warmth|voice_subtlety,slot 1 stable_yin: chaos=0.113 whimsy=0.262 darkTone=0.103 coherence=0.857 voiceWeight=0.832,codegen,transformer,YIELD,0.5367,head_hex_24,recovery/fault_hold
24,Return,present,1,old yang,renewal_light|voice_warmth|voice_subtlety,slot 1 stable_yin: chaos=0.113 whimsy=0.262 darkTone=0.103 coherence=0.857 voiceWeight=0.832,codegen,transformer,YIELD,0.5073,head_hex_24,recovery/fault_hold
24,Return,future,2,old yang,renewal_light|voice_warmth|voice_subtlety,slot 1 stable_yin: chaos=0.113 whimsy=0.262 darkTone=0.103 coherence=0.857 voiceWeight=0.832,codegen,transformer,YIELD,0.5249,head_hex_24,recovery/fault_hold
24,Return,transition,3,old yang,renewal_light|voice_warmth|voice_subtlety,slot 1 stable_yin: chaos=0.113 whimsy=0.262 darkTone=0.103 coherence=0.857 voiceWeight=0.832,codegen,transformer,YIELD,0.4896,head_hex_24,recovery/fault_hold
24,Return,resolution,4,old yang,renewal_light|voice_warmth|voice_subtlety,slot 1 stable_yin: chaos=0.113 whimsy=0.262 darkTone=0.103 coherence=0.857 voiceWeight=0.832,codegen,transformer,YIELD,0.6072,head_hex_24,recovery/fault_hold
24,Return,dissolution,5,old yang,renewal_light|voice_warmth|voice_subtlety,slot 1 stable_yin: chaos=0.113 whimsy=0.262 darkTone=0.103 coherence=0.857 voiceWeight=0.832,codegen,transformer,YIELD,0.5814,head_hex_24,recovery/fault_hold
24,Return,crystallization,6,old yang,renewal_light|voice_warmth|voice_subtlety,slot 1 stable_yin: chaos=0.113 whimsy=0.262 darkTone=0.103 coherence=0.857 voiceWeight=0.832,codegen,transformer,YIELD,0.5814,head_hex_24,recovery/fault_hold
24,Return,void,7,old yang,renewal_light|voice_warmth|voice_subtlety,slot 1 stable_yin: chaos=0.113 whimsy=0.262 darkTone=0.103 coherence=0.857 voiceWeight=0.832,codegen,transformer,YIELD,0.5814,head_hex_24,recovery/fault_hold
25,Innocence,past,0,old yang,spontaneous_nature|voice_warmth|voice_subtlety,slot 1 stable_yin: chaos=0.113 whimsy=0.262 darkTone=0.103 coherence=0.857 voiceWeight=0.832,codegen,sovereign,ASSERT,0.5359,head_hex_25,recovery/fault_hold
25,Innocence,present,1,old yang,spontaneous_nature|voice_warmth|voice_subtlety,slot 1 stable_yin: chaos=0.113 whimsy=0.262 darkTone=0.103 coherence=0.857 voiceWeight=0.832,codegen,sovereign,ASSERT,0.4612,head_hex_25,recovery/fault_hold
25,Innocence,future,2,old yang,spontaneous_nature|voice_warmth|voice_subtlety,slot 1 stable_yin: chaos=0.113 whimsy=0.262 darkTone=0.103 coherence=0.857 voiceWeight=0.832,codegen,sovereign,ASSERT,0.4836,head_hex_25,recovery/fault_hold
25,Innocence,transition,3,old yang,spontaneous_nature|voice_warmth|voice_subtlety,slot 1 stable_yin: chaos=0.113 whimsy=0.262 darkTone=0.103 coherence=0.857 voiceWeight=0.832,codegen,sovereign,ASSERT,0.394,head_hex_25,recovery/fault_hold
25,Innocence,resolution,4,old yang,spontaneous_nature|voice_warmth|voice_subtlety,slot 1 stable_yin: chaos=0.113 whimsy=0.262 darkTone=0.103 coherence=0.857 voiceWeight=0.832,codegen,sovereign,ASSERT,0.4836,head_hex_25,recovery/fault_hold
25,Innocence,dissolution,5,old yang,spontaneous_nature|voice_warmth|voice_subtlety,slot 1 stable_yin: chaos=0.113 whimsy=0.262 darkTone=0.103 coherence=0.857 voiceWeight=0.832,codegen,sovereign,ASSERT,0.394,head_hex_25,recovery/fault_hold
25,Innocence,crystallization,6,old yang,spontaneous_nature|voice_warmth|voice_subtlety,slot 1 stable_yin: chaos=0.113 whimsy=0.262 darkTone=0.103 coherence=0.857 voiceWeight=0.832,codegen,sovereign,ASSERT,0.4164,head_hex_25,recovery/fault_hold
25,Innocence,void,7,old yang,spontaneous_nature|voice_warmth|voice_subtlety,slot 1 stable_yin: chaos=0.113 whimsy=0.262 darkTone=0.103 coherence=0.857 voiceWeight=0.832,codegen,sovereign,ASSERT,0.394,head_hex_25,recovery/fault_hold
25,Innocence,past,0,old yang,spontaneous_nature|voice_warmth|voice_subtlety,slot 1 stable_yin: chaos=0.113 whimsy=0.262 darkTone=0.103 coherence=0.857 voiceWeight=0.832,codegen,sovereign,ASSERT,0.5359,head_hex_25,recovery/fault_hold
25,Innocence,present,1,old yang,spontaneous_nature|voice_warmth|voice_subtlety,slot 1 stable_yin: chaos=0.113 whimsy=0.262 darkTone=0.103 coherence=0.857 voiceWeight=0.832,codegen,sovereign,ASSERT,0.4612,head_hex_25,recovery/fault_hold
25,Innocence,future,2,old yang,spontaneous_nature|voice_warmth|voice_subtlety,slot 1 stable_yin: chaos=0.113 whimsy=0.262 darkTone=0.103 coherence=0.857 voiceWeight=0.832,codegen,sovereign,ASSERT,0.4836,head_hex_25,recovery/fault_hold
25,Innocence,transition,3,old yang,spontaneous_nature|voice_warmth|voice_subtlety,slot 1 stable_yin: chaos=0.113 whimsy=0.262 darkTone=0.103 coherence=0.857 voiceWeight=0.832,codegen,sovereign,ASSERT,0.394,head_hex_25,recovery/fault_hold
25,Innocence,resolution,4,old yang,spontaneous_nature|voice_warmth|voice_subtlety,slot 1 stable_yin: chaos=0.113 whimsy=0.262 darkTone=0.103 coherence=0.857 voiceWeight=0.832,codegen,sovereign,ASSERT,0.4836,head_hex_25,recovery/fault_hold
25,Innocence,dissolution,5,old yang,spontaneous_nature|voice_warmth|voice_subtlety,slot 1 stable_yin: chaos=0.113 whimsy=0.262 darkTone=0.103 coherence=0.857 voiceWeight=0.832,codegen,sovereign,ASSERT,0.394,head_hex_25,recovery/fault_hold
25,Innocence,crystallization,6,old yang,spontaneous_nature|voice_warmth|voice_subtlety,slot 1 stable_yin: chaos=0.113 whimsy=0.262 darkTone=0.103 coherence=0.857 voiceWeight=0.832,codegen,sovereign,ASSERT,0.5043,head_hex_25,recovery/fault_hold
25,Innocence,void,7,old yang,spontaneous_nature|voice_warmth|voice_subtlety,slot 1 stable_yin: chaos=0.113 whimsy=0.262 darkTone=0.103 coherence=0.857 voiceWeight=0.832,codegen,sovereign,ASSERT,0.4866,head_hex_25,recovery/fault_hold
25,Innocence,past,0,old yang,spontaneous_nature|voice_warmth|voice_subtlety,slot 1 stable_yin: chaos=0.113 whimsy=0.262 darkTone=0.103 coherence=0.857 voiceWeight=0.832,codegen,sovereign,ASSERT,0.5359,head_hex_25,recovery/fault_hold
25,Innocence,present,1,old yang,spontaneous_nature|voice_warmth|voice_subtlety,slot 1 stable_yin: chaos=0.113 whimsy=0.262 darkTone=0.103 coherence=0.857 voiceWeight=0.832,codegen,sovereign,ASSERT,0.4612,head_hex_25,recovery/fault_hold
25,Innocence,future,2,old yang,spontaneous_nature|voice_warmth|voice_subtlety,slot 1 stable_yin: chaos=0.113 whimsy=0.262 darkTone=0.103 coherence=0.857 voiceWeight=0.832,codegen,sovereign,ASSERT,0.4836,head_hex_25,recovery/fault_hold
25,Innocence,transition,3,old yang,spontaneous_nature|voice_warmth|voice_subtlety,slot 1 stable_yin: chaos=0.113 whimsy=0.262 darkTone=0.103 coherence=0.857 voiceWeight=0.832,codegen,sovereign,ASSERT,0.394,head_hex_25,recovery/fault_hold
25,Innocence,resolution,4,old yang,spontaneous_nature|voice_warmth|voice_subtlety,slot 1 stable_yin: chaos=0.113 whimsy=0.262 darkTone=0.103 coherence=0.857 voiceWeight=0.832,codegen,sovereign,ASSERT,0.5572,head_hex_25,recovery/fault_hold
25,Innocence,dissolution,5,old yang,spontaneous_nature|voice_warmth|voice_subtlety,slot 1 stable_yin: chaos=0.113 whimsy=0.262 darkTone=0.103 coherence=0.857 voiceWeight=0.832,codegen,sovereign,ASSERT,0.4866,head_hex_25,recovery/fault_hold
25,Innocence,crystallization,6,old yang,spontaneous_nature|voice_warmth|voice_subtlety,slot 1 stable_yin: chaos=0.113 whimsy=0.262 darkTone=0.103 coherence=0.857 voiceWeight=0.832,codegen,sovereign,ASSERT,0.5043,head_hex_25,recovery/fault_hold
25,Innocence,void,7,old yang,spontaneous_nature|voice_warmth|voice_subtlety,slot 1 stable_yin: chaos=0.113 whimsy=0.262 darkTone=0.103 coherence=0.857 voiceWeight=0.832,codegen,sovereign,ASSERT,0.4866,head_hex_25,recovery/fault_hold
26,Taming Power of the Great,past,0,old yang,restrained_storage|voice_warmth|voice_subtlety,slot 1 stable_yin: chaos=0.113 whimsy=0.262 darkTone=0.103 coherence=0.857 voiceWeight=0.832,codegen,boundary,ADAPT,0.5547,head_hex_26,recovery/fault_hold
26,Taming Power of the Great,present,1,old yang,restrained_storage|voice_warmth|voice_subtlety,slot 1 stable_yin: chaos=0.113 whimsy=0.262 darkTone=0.103 coherence=0.857 voiceWeight=0.832,codegen,boundary,ADAPT,0.5024,head_hex_26,recovery/fault_hold
26,Taming Power of the Great,future,2,old yang,restrained_storage|voice_warmth|voice_subtlety,slot 1 stable_yin: chaos=0.113 whimsy=0.262 darkTone=0.103 coherence=0.857 voiceWeight=0.832,codegen,boundary,ADAPT,0.5024,head_hex_26,recovery/fault_hold
26,Taming Power of the Great,transition,3,old yang,restrained_storage|voice_warmth|voice_subtlety,slot 1 stable_yin: chaos=0.113 whimsy=0.262 darkTone=0.103 coherence=0.857 voiceWeight=0.832,codegen,boundary,ADAPT,0.4353,head_hex_26,recovery/fault_hold
26,Taming Power of the Great,resolution,4,old yang,restrained_storage|voice_warmth|voice_subtlety,slot 1 stable_yin: chaos=0.113 whimsy=0.262 darkTone=0.103 coherence=0.857 voiceWeight=0.832,codegen,boundary,ADAPT,0.48,head_hex_26,recovery/fault_hold
26,Taming Power of the Great,dissolution,5,old yang,restrained_storage|voice_warmth|voice_subtlety,slot 1 stable_yin: chaos=0.113 whimsy=0.262 darkTone=0.103 coherence=0.857 voiceWeight=0.832,codegen,boundary,ADAPT,0.4129,head_hex_26,recovery/fault_hold
26,Taming Power of the Great,crystallization,6,old yang,restrained_storage|voice_warmth|voice_subtlety,slot 1 stable_yin: chaos=0.113 whimsy=0.262 darkTone=0.103 coherence=0.857 voiceWeight=0.832,codegen,boundary,ADAPT,0.4129,head_hex_26,recovery/fault_hold
26,Taming Power of the Great,void,7,old yang,restrained_storage|voice_warmth|voice_subtlety,slot 1 stable_yin: chaos=0.113 whimsy=0.262 darkTone=0.103 coherence=0.857 voiceWeight=0.832,codegen,boundary,ADAPT,0.4129,head_hex_26,recovery/fault_hold
26,Taming Power of the Great,past,0,old yang,restrained_storage|voice_warmth|voice_subtlety,slot 1 stable_yin: chaos=0.113 whimsy=0.262 darkTone=0.103 coherence=0.857 voiceWeight=0.832,codegen,boundary,ADAPT,0.5547,head_hex_26,recovery/fault_hold
26,Taming Power of the Great,present,1,old yang,restrained_storage|voice_warmth|voice_subtlety,slot 1 stable_yin: chaos=0.113 whimsy=0.262 darkTone=0.103 coherence=0.857 voiceWeight=0.832,codegen,boundary,ADAPT,0.5024,head_hex_26,recovery/fault_hold
26,Taming Power of the Great,future,2,old yang,restrained_storage|voice_warmth|voice_subtlety,slot 1 stable_yin: chaos=0.113 whimsy=0.262 darkTone=0.103 coherence=0.857 voiceWeight=0.832,codegen,boundary,ADAPT,0.5024,head_hex_26,recovery/fault_hold
26,Taming Power of the Great,transition,3,old yang,restrained_storage|voice_warmth|voice_subtlety,slot 1 stable_yin: chaos=0.113 whimsy=0.262 darkTone=0.103 coherence=0.857 voiceWeight=0.832,codegen,boundary,ADAPT,0.4353,head_hex_26,recovery/fault_hold
26,Taming Power of the Great,resolution,4,old yang,restrained_storage|voice_warmth|voice_subtlety,slot 1 stable_yin: chaos=0.113 whimsy=0.262 darkTone=0.103 coherence=0.857 voiceWeight=0.832,codegen,boundary,ADAPT,0.48,head_hex_26,recovery/fault_hold
26,Taming Power of the Great,dissolution,5,old yang,restrained_storage|voice_warmth|voice_subtlety,slot 1 stable_yin: chaos=0.113 whimsy=0.262 darkTone=0.103 coherence=0.857 voiceWeight=0.832,codegen,boundary,ADAPT,0.4129,head_hex_26,recovery/fault_hold
26,Taming Power of the Great,crystallization,6,old yang,restrained_storage|voice_warmth|voice_subtlety,slot 1 stable_yin: chaos=0.113 whimsy=0.262 darkTone=0.103 coherence=0.857 voiceWeight=0.832,codegen,boundary,ADAPT,0.5014,head_hex_26,recovery/fault_hold
26,Taming Power of the Great,void,7,old yang,restrained_storage|voice_warmth|voice_subtlety,slot 1 stable_yin: chaos=0.113 whimsy=0.262 darkTone=0.103 coherence=0.857 voiceWeight=0.832,codegen,boundary,ADAPT,0.5014,head_hex_26,recovery/fault_hold
26,Taming Power of the Great,past,0,old yang,restrained_storage|voice_warmth|voice_subtlety,slot 1 stable_yin: chaos=0.113 whimsy=0.262 darkTone=0.103 coherence=0.857 voiceWeight=0.832,codegen,boundary,ADAPT,0.5547,head_hex_26,recovery/fault_hold
26,Taming Power of the Great,present,1,old yang,restrained_storage|voice_warmth|voice_subtlety,slot 1 stable_yin: chaos=0.113 whimsy=0.262 darkTone=0.103 coherence=0.857 voiceWeight=0.832,codegen,boundary,ADAPT,0.5024,head_hex_26,recovery/fault_hold
26,Taming Power of the Great,future,2,old yang,restrained_storage|voice_warmth|voice_subtlety,slot 1 stable_yin: chaos=0.113 whimsy=0.262 darkTone=0.103 coherence=0.857 voiceWeight=0.832,codegen,boundary,ADAPT,0.5024,head_hex_26,recovery/fault_hold
26,Taming Power of the Great,transition,3,old yang,restrained_storage|voice_warmth|voice_subtlety,slot 1 stable_yin: chaos=0.113 whimsy=0.262 darkTone=0.103 coherence=0.857 voiceWeight=0.832,codegen,boundary,ADAPT,0.4353,head_hex_26,recovery/fault_hold
26,Taming Power of the Great,resolution,4,old yang,restrained_storage|voice_warmth|voice_subtlety,slot 1 stable_yin: chaos=0.113 whimsy=0.262 darkTone=0.103 coherence=0.857 voiceWeight=0.832,codegen,boundary,ADAPT,0.5544,head_hex_26,recovery/fault_hold
26,Taming Power of the Great,dissolution,5,old yang,restrained_storage|voice_warmth|voice_subtlety,slot 1 stable_yin: chaos=0.113 whimsy=0.262 darkTone=0.103 coherence=0.857 voiceWeight=0.832,codegen,boundary,ADAPT,0.5014,head_hex_26,recovery/fault_hold
26,Taming Power of the Great,crystallization,6,old yang,restrained_storage|voice_warmth|voice_subtlety,slot 1 stable_yin: chaos=0.113 whimsy=0.262 darkTone=0.103 coherence=0.857 voiceWeight=0.832,codegen,boundary,ADAPT,0.5014,head_hex_26,recovery/fault_hold
26,Taming Power of the Great,void,7,old yang,restrained_storage|voice_warmth|voice_subtlety,slot 1 stable_yin: chaos=0.113 whimsy=0.262 darkTone=0.103 coherence=0.857 voiceWeight=0.832,codegen,boundary,ADAPT,0.5014,head_hex_26,recovery/fault_hold
27,Corners of the Mouth,past,0,old yang,sustaining_nourishment|voice_warmth|voice_subtlety,slot 1 stable_yin: chaos=0.113 whimsy=0.262 darkTone=0.103 coherence=0.857 voiceWeight=0.832,codegen,transformer,YIELD,0.5765,head_hex_27,recovery/fault_hold
27,Corners of the Mouth,present,1,old yang,sustaining_nourishment|voice_warmth|voice_subtlety,slot 1 stable_yin: chaos=0.113 whimsy=0.262 darkTone=0.103 coherence=0.857 voiceWeight=0.832,codegen,transformer,YIELD,0.5353,head_hex_27,recovery/fault_hold
27,Corners of the Mouth,future,2,old yang,sustaining_nourishment|voice_warmth|voice_subtlety,slot 1 stable_yin: chaos=0.113 whimsy=0.262 darkTone=0.103 coherence=0.857 voiceWeight=0.832,codegen,transformer,YIELD,0.553,head_hex_27,recovery/fault_hold
27,Corners of the Mouth,transition,3,old yang,sustaining_nourishment|voice_warmth|voice_subtlety,slot 1 stable_yin: chaos=0.113 whimsy=0.262 darkTone=0.103 coherence=0.857 voiceWeight=0.832,codegen,transformer,YIELD,0.5,head_hex_27,recovery/fault_hold
27,Corners of the Mouth,resolution,4,old yang,sustaining_nourishment|voice_warmth|voice_subtlety,slot 1 stable_yin: chaos=0.113 whimsy=0.262 darkTone=0.103 coherence=0.857 voiceWeight=0.832,codegen,transformer,YIELD,0.5353,head_hex_27,recovery/fault_hold
27,Corners of the Mouth,dissolution,5,old yang,sustaining_nourishment|voice_warmth|voice_subtlety,slot 1 stable_yin: chaos=0.113 whimsy=0.262 darkTone=0.103 coherence=0.857 voiceWeight=0.832,codegen,transformer,YIELD,0.5,head_hex_27,recovery/fault_hold
27,Corners of the Mouth,crystallization,6,old yang,sustaining_nourishment|voice_warmth|voice_subtlety,slot 1 stable_yin: chaos=0.113 whimsy=0.262 darkTone=0.103 coherence=0.857 voiceWeight=0.832,codegen,transformer,YIELD,0.5,head_hex_27,recovery/fault_hold
27,Corners of the Mouth,void,7,old yang,sustaining_nourishment|voice_warmth|voice_subtlety,slot 1 stable_yin: chaos=0.113 whimsy=0.262 darkTone=0.103 coherence=0.857 voiceWeight=0.832,codegen,transformer,YIELD,0.5,head_hex_27,recovery/fault_hold
27,Corners of the Mouth,past,0,old yang,sustaining_nourishment|voice_warmth|voice_subtlety,slot 1 stable_yin: chaos=0.113 whimsy=0.262 darkTone=0.103 coherence=0.857 voiceWeight=0.832,codegen,transformer,YIELD,0.5765,head_hex_27,recovery/fault_hold
27,Corners of the Mouth,present,1,old yang,sustaining_nourishment|voice_warmth|voice_subtlety,slot 1 stable_yin: chaos=0.113 whimsy=0.262 darkTone=0.103 coherence=0.857 voiceWeight=0.832,codegen,transformer,YIELD,0.5353,head_hex_27,recovery/fault_hold
27,Corners of the Mouth,future,2,old yang,sustaining_nourishment|voice_warmth|voice_subtlety,slot 1 stable_yin: chaos=0.113 whimsy=0.262 darkTone=0.103 coherence=0.857 voiceWeight=0.832,codegen,transformer,YIELD,0.553,head_hex_27,recovery/fault_hold
27,Corners of the Mouth,transition,3,old yang,sustaining_nourishment|voice_warmth|voice_subtlety,slot 1 stable_yin: chaos=0.113 whimsy=0.262 darkTone=0.103 coherence=0.857 voiceWeight=0.832,codegen,transformer,YIELD,0.5,head_hex_27,recovery/fault_hold
27,Corners of the Mouth,resolution,4,old yang,sustaining_nourishment|voice_warmth|voice_subtlety,slot 1 stable_yin: chaos=0.113 whimsy=0.262 darkTone=0.103 coherence=0.857 voiceWeight=0.832,codegen,transformer,YIELD,0.5353,head_hex_27,recovery/fault_hold
27,Corners of the Mouth,dissolution,5,old yang,sustaining_nourishment|voice_warmth|voice_subtlety,slot 1 stable_yin: chaos=0.113 whimsy=0.262 darkTone=0.103 coherence=0.857 voiceWeight=0.832,codegen,transformer,YIELD,0.5,head_hex_27,recovery/fault_hold
27,Corners of the Mouth,crystallization,6,old yang,sustaining_nourishment|voice_warmth|voice_subtlety,slot 1 stable_yin: chaos=0.113 whimsy=0.262 darkTone=0.103 coherence=0.857 voiceWeight=0.832,codegen,transformer,YIELD,0.5984,head_hex_27,recovery/fault_hold
27,Corners of the Mouth,void,7,old yang,sustaining_nourishment|voice_warmth|voice_subtlety,slot 1 stable_yin: chaos=0.113 whimsy=0.262 darkTone=0.103 coherence=0.857 voiceWeight=0.832,codegen,transformer,YIELD,0.5984,head_hex_27,recovery/fault_hold
27,Corners of the Mouth,past,0,old yang,sustaining_nourishment|voice_warmth|voice_subtlety,slot 1 stable_yin: chaos=0.113 whimsy=0.262 darkTone=0.103 coherence=0.857 voiceWeight=0.832,codegen,transformer,YIELD,0.5765,head_hex_27,recovery/fault_hold
27,Corners of the Mouth,present,1,old yang,sustaining_nourishment|voice_warmth|voice_subtlety,slot 1 stable_yin: chaos=0.113 whimsy=0.262 darkTone=0.103 coherence=0.857 voiceWeight=0.832,codegen,transformer,YIELD,0.5353,head_hex_27,recovery/fault_hold
27,Corners of the Mouth,future,2,old yang,sustaining_nourishment|voice_warmth|voice_subtlety,slot 1 stable_yin: chaos=0.113 whimsy=0.262 darkTone=0.103 coherence=0.857 voiceWeight=0.832,codegen,transformer,YIELD,0.553,head_hex_27,recovery/fault_hold
27,Corners of the Mouth,transition,3,old yang,sustaining_nourishment|voice_warmth|voice_subtlety,slot 1 stable_yin: chaos=0.113 whimsy=0.262 darkTone=0.103 coherence=0.857 voiceWeight=0.832,codegen,transformer,YIELD,0.5,head_hex_27,recovery/fault_hold
27,Corners of the Mouth,resolution,4,old yang,sustaining_nourishment|voice_warmth|voice_subtlety,slot 1 stable_yin: chaos=0.113 whimsy=0.262 darkTone=0.103 coherence=0.857 voiceWeight=0.832,codegen,transformer,YIELD,0.6242,head_hex_27,recovery/fault_hold
27,Corners of the Mouth,dissolution,5,old yang,sustaining_nourishment|voice_warmth|voice_subtlety,slot 1 stable_yin: chaos=0.113 whimsy=0.262 darkTone=0.103 coherence=0.857 voiceWeight=0.832,codegen,transformer,YIELD,0.5984,head_hex_27,recovery/fault_hold
27,Corners of the Mouth,crystallization,6,old yang,sustaining_nourishment|voice_warmth|voice_subtlety,slot 1 stable_yin: chaos=0.113 whimsy=0.262 darkTone=0.103 coherence=0.857 voiceWeight=0.832,codegen,transformer,YIELD,0.5984,head_hex_27,recovery/fault_hold
27,Corners of the Mouth,void,7,old yang,sustaining_nourishment|voice_warmth|voice_subtlety,slot 1 stable_yin: chaos=0.113 whimsy=0.262 darkTone=0.103 coherence=0.857 voiceWeight=0.832,codegen,transformer,YIELD,0.5984,head_hex_27,recovery/fault_hold
28,Preponderance of the Great,past,0,old yang,excess_weight|voice_warmth|voice_subtlety,slot 1 stable_yin: chaos=0.113 whimsy=0.262 darkTone=0.103 coherence=0.857 voiceWeight=0.832,codegen,dissipator,ADAPT,0.6961,head_hex_28,recovery/fault_hold
28,Preponderance of the Great,present,1,old yang,excess_weight|voice_warmth|voice_subtlety,slot 1 stable_yin: chaos=0.113 whimsy=0.262 darkTone=0.103 coherence=0.857 voiceWeight=0.832,codegen,dissipator,ADAPT,0.6771,head_hex_28,recovery/fault_hold
28,Preponderance of the Great,future,2,old yang,excess_weight|voice_warmth|voice_subtlety,slot 1 stable_yin: chaos=0.113 whimsy=0.262 darkTone=0.103 coherence=0.857 voiceWeight=0.832,codegen,dissipator,ADAPT,0.669,head_hex_28,recovery/fault_hold
28,Preponderance of the Great,transition,3,old yang,excess_weight|voice_warmth|voice_subtlety,slot 1 stable_yin: chaos=0.113 whimsy=0.262 darkTone=0.103 coherence=0.857 voiceWeight=0.832,codegen,dissipator,ADAPT,0.6445,head_hex_28,recovery/fault_hold
28,Preponderance of the Great,resolution,4,old yang,excess_weight|voice_warmth|voice_subtlety,slot 1 stable_yin: chaos=0.113 whimsy=0.262 darkTone=0.103 coherence=0.857 voiceWeight=0.832,codegen,dissipator,ADAPT,0.6771,head_hex_28,recovery/fault_hold
28,Preponderance of the Great,dissolution,5,old yang,excess_weight|voice_warmth|voice_subtlety,slot 1 stable_yin: chaos=0.113 whimsy=0.262 darkTone=0.103 coherence=0.857 voiceWeight=0.832,codegen,dissipator,ADAPT,0.6527,head_hex_28,recovery/fault_hold
28,Preponderance of the Great,crystallization,6,old yang,excess_weight|voice_warmth|voice_subtlety,slot 1 stable_yin: chaos=0.113 whimsy=0.262 darkTone=0.103 coherence=0.857 voiceWeight=0.832,codegen,dissipator,ADAPT,0.6445,head_hex_28,recovery/fault_hold
28,Preponderance of the Great,void,7,old yang,excess_weight|voice_warmth|voice_subtlety,slot 1 stable_yin: chaos=0.113 whimsy=0.262 darkTone=0.103 coherence=0.857 voiceWeight=0.832,codegen,dissipator,ADAPT,0.6445,head_hex_28,recovery/fault_hold
28,Preponderance of the Great,past,0,old yang,excess_weight|voice_warmth|voice_subtlety,slot 1 stable_yin: chaos=0.113 whimsy=0.262 darkTone=0.103 coherence=0.857 voiceWeight=0.832,codegen,dissipator,ADAPT,0.6961,head_hex_28,recovery/fault_hold
28,Preponderance of the Great,present,1,old yang,excess_weight|voice_warmth|voice_subtlety,slot 1 stable_yin: chaos=0.113 whimsy=0.262 darkTone=0.103 coherence=0.857 voiceWeight=0.832,codegen,dissipator,ADAPT,0.6771,head_hex_28,recovery/fault_hold
28,Preponderance of the Great,future,2,old yang,excess_weight|voice_warmth|voice_subtlety,slot 1 stable_yin: chaos=0.113 whimsy=0.262 darkTone=0.103 coherence=0.857 voiceWeight=0.832,codegen,dissipator,ADAPT,0.669,head_hex_28,recovery/fault_hold
28,Preponderance of the Great,transition,3,old yang,excess_weight|voice_warmth|voice_subtlety,slot 1 stable_yin: chaos=0.113 whimsy=0.262 darkTone=0.103 coherence=0.857 voiceWeight=0.832,codegen,dissipator,ADAPT,0.6445,head_hex_28,recovery/fault_hold
28,Preponderance of the Great,resolution,4,old yang,excess_weight|voice_warmth|voice_subtlety,slot 1 stable_yin: chaos=0.113 whimsy=0.262 darkTone=0.103 coherence=0.857 voiceWeight=0.832,codegen,dissipator,ADAPT,0.6771,head_hex_28,recovery/fault_hold
28,Preponderance of the Great,dissolution,5,old yang,excess_weight|voice_warmth|voice_subtlety,slot 1 stable_yin: chaos=0.113 whimsy=0.262 darkTone=0.103 coherence=0.857 voiceWeight=0.832,codegen,dissipator,ADAPT,0.6527,head_hex_28,recovery/fault_hold
28,Preponderance of the Great,crystallization,6,old yang,excess_weight|voice_warmth|voice_subtlety,slot 1 stable_yin: chaos=0.113 whimsy=0.262 darkTone=0.103 coherence=0.857 voiceWeight=0.832,codegen,dissipator,ADAPT,0.6445,head_hex_28,recovery/fault_hold
28,Preponderance of the Great,void,7,old yang,excess_weight|voice_warmth|voice_subtlety,slot 1 stable_yin: chaos=0.113 whimsy=0.262 darkTone=0.103 coherence=0.857 voiceWeight=0.832,codegen,dissipator,ADAPT,0.6445,head_hex_28,recovery/fault_hold
28,Preponderance of the Great,past,0,old yang,excess_weight|voice_warmth|voice_subtlety,slot 1 stable_yin: chaos=0.113 whimsy=0.262 darkTone=0.103 coherence=0.857 voiceWeight=0.832,codegen,dissipator,ADAPT,0.6961,head_hex_28,recovery/fault_hold
28,Preponderance of the Great,present,1,old yang,excess_weight|voice_warmth|voice_subtlety,slot 1 stable_yin: chaos=0.113 whimsy=0.262 darkTone=0.103 coherence=0.857 voiceWeight=0.832,codegen,dissipator,ADAPT,0.6771,head_hex_28,recovery/fault_hold
28,Preponderance of the Great,future,2,old yang,excess_weight|voice_warmth|voice_subtlety,slot 1 stable_yin: chaos=0.113 whimsy=0.262 darkTone=0.103 coherence=0.857 voiceWeight=0.832,codegen,dissipator,ADAPT,0.669,head_hex_28,recovery/fault_hold
28,Preponderance of the Great,transition,3,old yang,excess_weight|voice_warmth|voice_subtlety,slot 1 stable_yin: chaos=0.113 whimsy=0.262 darkTone=0.103 coherence=0.857 voiceWeight=0.832,codegen,dissipator,ADAPT,0.6445,head_hex_28,recovery/fault_hold
28,Preponderance of the Great,resolution,4,old yang,excess_weight|voice_warmth|voice_subtlety,slot 1 stable_yin: chaos=0.113 whimsy=0.262 darkTone=0.103 coherence=0.857 voiceWeight=0.832,codegen,dissipator,ADAPT,0.6771,head_hex_28,recovery/fault_hold
28,Preponderance of the Great,dissolution,5,old yang,excess_weight|voice_warmth|voice_subtlety,slot 1 stable_yin: chaos=0.113 whimsy=0.262 darkTone=0.103 coherence=0.857 voiceWeight=0.832,codegen,dissipator,ADAPT,0.6527,head_hex_28,recovery/fault_hold
28,Preponderance of the Great,crystallization,6,old yang,excess_weight|voice_warmth|voice_subtlety,slot 1 stable_yin: chaos=0.113 whimsy=0.262 darkTone=0.103 coherence=0.857 voiceWeight=0.832,codegen,dissipator,ADAPT,0.6445,head_hex_28,recovery/fault_hold
28,Preponderance of the Great,void,7,old yang,excess_weight|voice_warmth|voice_subtlety,slot 1 stable_yin: chaos=0.113 whimsy=0.262 darkTone=0.103 coherence=0.857 voiceWeight=0.832,codegen,dissipator,ADAPT,0.6445,head_hex_28,recovery/fault_hold
29,The Abysmal,past,0,old yang,deep_test|voice_warmth|voice_subtlety,slot 1 stable_yin: chaos=0.113 whimsy=0.262 darkTone=0.103 coherence=0.857 voiceWeight=0.832,codegen,dissipator,WAIT,0.7098,head_hex_29,limp
29,The Abysmal,present,1,old yang,deep_test|voice_warmth|voice_subtlety,slot 1 stable_yin: chaos=0.113 whimsy=0.262 darkTone=0.103 coherence=0.857 voiceWeight=0.832,codegen,dissipator,WAIT,0.699,head_hex_29,limp
29,The Abysmal,future,2,old yang,deep_test|voice_warmth|voice_subtlety,slot 1 stable_yin: chaos=0.113 whimsy=0.262 darkTone=0.103 coherence=0.857 voiceWeight=0.832,codegen,dissipator,WAIT,0.6827,head_hex_29,limp
29,The Abysmal,transition,3,old yang,deep_test|voice_warmth|voice_subtlety,slot 1 stable_yin: chaos=0.113 whimsy=0.262 darkTone=0.103 coherence=0.857 voiceWeight=0.832,codegen,dissipator,WAIT,0.6746,head_hex_29,limp
29,The Abysmal,resolution,4,old yang,deep_test|voice_warmth|voice_subtlety,slot 1 stable_yin: chaos=0.113 whimsy=0.262 darkTone=0.103 coherence=0.857 voiceWeight=0.832,codegen,dissipator,WAIT,0.699,head_hex_29,limp
29,The Abysmal,dissolution,5,old yang,deep_test|voice_warmth|voice_subtlety,slot 1 stable_yin: chaos=0.113 whimsy=0.262 darkTone=0.103 coherence=0.857 voiceWeight=0.832,codegen,dissipator,WAIT,0.6827,head_hex_29,limp
29,The Abysmal,crystallization,6,old yang,deep_test|voice_warmth|voice_subtlety,slot 1 stable_yin: chaos=0.113 whimsy=0.262 darkTone=0.103 coherence=0.857 voiceWeight=0.832,codegen,dissipator,WAIT,0.6746,head_hex_29,limp
29,The Abysmal,void,7,old yang,deep_test|voice_warmth|voice_subtlety,slot 1 stable_yin: chaos=0.113 whimsy=0.262 darkTone=0.103 coherence=0.857 voiceWeight=0.832,codegen,dissipator,WAIT,0.6746,head_hex_29,limp
29,The Abysmal,past,0,old yang,deep_test|voice_warmth|voice_subtlety,slot 1 stable_yin: chaos=0.113 whimsy=0.262 darkTone=0.103 coherence=0.857 voiceWeight=0.832,codegen,dissipator,WAIT,0.7098,head_hex_29,limp
29,The Abysmal,present,1,old yang,deep_test|voice_warmth|voice_subtlety,slot 1 stable_yin: chaos=0.113 whimsy=0.262 darkTone=0.103 coherence=0.857 voiceWeight=0.832,codegen,dissipator,WAIT,0.699,head_hex_29,limp
29,The Abysmal,future,2,old yang,deep_test|voice_warmth|voice_subtlety,slot 1 stable_yin: chaos=0.113 whimsy=0.262 darkTone=0.103 coherence=0.857 voiceWeight=0.832,codegen,dissipator,WAIT,0.6827,head_hex_29,limp
29,The Abysmal,transition,3,old yang,deep_test|voice_warmth|voice_subtlety,slot 1 stable_yin: chaos=0.113 whimsy=0.262 darkTone=0.103 coherence=0.857 voiceWeight=0.832,codegen,dissipator,WAIT,0.6746,head_hex_29,limp
29,The Abysmal,resolution,4,old yang,deep_test|voice_warmth|voice_subtlety,slot 1 stable_yin: chaos=0.113 whimsy=0.262 darkTone=0.103 coherence=0.857 voiceWeight=0.832,codegen,dissipator,WAIT,0.699,head_hex_29,limp
29,The Abysmal,dissolution,5,old yang,deep_test|voice_warmth|voice_subtlety,slot 1 stable_yin: chaos=0.113 whimsy=0.262 darkTone=0.103 coherence=0.857 voiceWeight=0.832,codegen,dissipator,WAIT,0.6827,head_hex_29,limp
29,The Abysmal,crystallization,6,old yang,deep_test|voice_warmth|voice_subtlety,slot 1 stable_yin: chaos=0.113 whimsy=0.262 darkTone=0.103 coherence=0.857 voiceWeight=0.832,codegen,dissipator,WAIT,0.6746,head_hex_29,limp
29,The Abysmal,void,7,old yang,deep_test|voice_warmth|voice_subtlety,slot 1 stable_yin: chaos=0.113 whimsy=0.262 darkTone=0.103 coherence=0.857 voiceWeight=0.832,codegen,dissipator,WAIT,0.6746,head_hex_29,limp
29,The Abysmal,past,0,old yang,deep_test|voice_warmth|voice_subtlety,slot 1 stable_yin: chaos=0.113 whimsy=0.262 darkTone=0.103 coherence=0.857 voiceWeight=0.832,codegen,dissipator,WAIT,0.7098,head_hex_29,limp
29,The Abysmal,present,1,old yang,deep_test|voice_warmth|voice_subtlety,slot 1 stable_yin: chaos=0.113 whimsy=0.262 darkTone=0.103 coherence=0.857 voiceWeight=0.832,codegen,dissipator,WAIT,0.699,head_hex_29,limp
29,The Abysmal,future,2,old yang,deep_test|voice_warmth|voice_subtlety,slot 1 stable_yin: chaos=0.113 whimsy=0.262 darkTone=0.103 coherence=0.857 voiceWeight=0.832,codegen,dissipator,WAIT,0.6827,head_hex_29,limp
29,The Abysmal,transition,3,old yang,deep_test|voice_warmth|voice_subtlety,slot 1 stable_yin: chaos=0.113 whimsy=0.262 darkTone=0.103 coherence=0.857 voiceWeight=0.832,codegen,dissipator,WAIT,0.6746,head_hex_29,limp
29,The Abysmal,resolution,4,old yang,deep_test|voice_warmth|voice_subtlety,slot 1 stable_yin: chaos=0.113 whimsy=0.262 darkTone=0.103 coherence=0.857 voiceWeight=0.832,codegen,dissipator,WAIT,0.699,head_hex_29,limp
29,The Abysmal,dissolution,5,old yang,deep_test|voice_warmth|voice_subtlety,slot 1 stable_yin: chaos=0.113 whimsy=0.262 darkTone=0.103 coherence=0.857 voiceWeight=0.832,codegen,dissipator,WAIT,0.6827,head_hex_29,limp
29,The Abysmal,crystallization,6,old yang,deep_test|voice_warmth|voice_subtlety,slot 1 stable_yin: chaos=0.113 whimsy=0.262 darkTone=0.103 coherence=0.857 voiceWeight=0.832,codegen,dissipator,WAIT,0.6746,head_hex_29,limp
29,The Abysmal,void,7,old yang,deep_test|voice_warmth|voice_subtlety,slot 1 stable_yin: chaos=0.113 whimsy=0.262 darkTone=0.103 coherence=0.857 voiceWeight=0.832,codegen,dissipator,WAIT,0.6746,head_hex_29,limp
30,The Clinging,past,0,old yang,persistent_clarity|voice_warmth|voice_subtlety,slot 1 stable_yin: chaos=0.113 whimsy=0.262 darkTone=0.103 coherence=0.857 voiceWeight=0.832,codegen,boundary,ADAPT,0.6017,head_hex_30,recovery/fault_hold
30,The Clinging,present,1,old yang,persistent_clarity|voice_warmth|voice_subtlety,slot 1 stable_yin: chaos=0.113 whimsy=0.262 darkTone=0.103 coherence=0.857 voiceWeight=0.832,codegen,boundary,ADAPT,0.5429,head_hex_30,recovery/fault_hold
30,The Clinging,future,2,old yang,persistent_clarity|voice_warmth|voice_subtlety,slot 1 stable_yin: chaos=0.113 whimsy=0.262 darkTone=0.103 coherence=0.857 voiceWeight=0.832,codegen,boundary,ADAPT,0.5782,head_hex_30,recovery/fault_hold
30,The Clinging,transition,3,old yang,persistent_clarity|voice_warmth|voice_subtlety,slot 1 stable_yin: chaos=0.113 whimsy=0.262 darkTone=0.103 coherence=0.857 voiceWeight=0.832,codegen,boundary,ADAPT,0.5076,head_hex_30,recovery/fault_hold
30,The Clinging,resolution,4,old yang,persistent_clarity|voice_warmth|voice_subtlety,slot 1 stable_yin: chaos=0.113 whimsy=0.262 darkTone=0.103 coherence=0.857 voiceWeight=0.832,codegen,boundary,ADAPT,0.5429,head_hex_30,recovery/fault_hold
30,The Clinging,dissolution,5,old yang,persistent_clarity|voice_warmth|voice_subtlety,slot 1 stable_yin: chaos=0.113 whimsy=0.262 darkTone=0.103 coherence=0.857 voiceWeight=0.832,codegen,boundary,ADAPT,0.49,head_hex_30,recovery/fault_hold
30,The Clinging,crystallization,6,old yang,persistent_clarity|voice_warmth|voice_subtlety,slot 1 stable_yin: chaos=0.113 whimsy=0.262 darkTone=0.103 coherence=0.857 voiceWeight=0.832,codegen,boundary,ADAPT,0.5076,head_hex_30,recovery/fault_hold
30,The Clinging,void,7,old yang,persistent_clarity|voice_warmth|voice_subtlety,slot 1 stable_yin: chaos=0.113 whimsy=0.262 darkTone=0.103 coherence=0.857 voiceWeight=0.832,codegen,boundary,ADAPT,0.49,head_hex_30,recovery/fault_hold
30,The Clinging,past,0,old yang,persistent_clarity|voice_warmth|voice_subtlety,slot 1 stable_yin: chaos=0.113 whimsy=0.262 darkTone=0.103 coherence=0.857 voiceWeight=0.832,codegen,boundary,ADAPT,0.6017,head_hex_30,recovery/fault_hold
30,The Clinging,present,1,old yang,persistent_clarity|voice_warmth|voice_subtlety,slot 1 stable_yin: chaos=0.113 whimsy=0.262 darkTone=0.103 coherence=0.857 voiceWeight=0.832,codegen,boundary,ADAPT,0.5429,head_hex_30,recovery/fault_hold
30,The Clinging,future,2,old yang,persistent_clarity|voice_warmth|voice_subtlety,slot 1 stable_yin: chaos=0.113 whimsy=0.262 darkTone=0.103 coherence=0.857 voiceWeight=0.832,codegen,boundary,ADAPT,0.5782,head_hex_30,recovery/fault_hold
30,The Clinging,transition,3,old yang,persistent_clarity|voice_warmth|voice_subtlety,slot 1 stable_yin: chaos=0.113 whimsy=0.262 darkTone=0.103 coherence=0.857 voiceWeight=0.832,codegen,boundary,ADAPT,0.5076,head_hex_30,recovery/fault_hold
30,The Clinging,resolution,4,old yang,persistent_clarity|voice_warmth|voice_subtlety,slot 1 stable_yin: chaos=0.113 whimsy=0.262 darkTone=0.103 coherence=0.857 voiceWeight=0.832,codegen,boundary,ADAPT,0.5429,head_hex_30,recovery/fault_hold
30,The Clinging,dissolution,5,old yang,persistent_clarity|voice_warmth|voice_subtlety,slot 1 stable_yin: chaos=0.113 whimsy=0.262 darkTone=0.103 coherence=0.857 voiceWeight=0.832,codegen,boundary,ADAPT,0.49,head_hex_30,recovery/fault_hold
30,The Clinging,crystallization,6,old yang,persistent_clarity|voice_warmth|voice_subtlety,slot 1 stable_yin: chaos=0.113 whimsy=0.262 darkTone=0.103 coherence=0.857 voiceWeight=0.832,codegen,boundary,ADAPT,0.5924,head_hex_30,recovery/fault_hold
30,The Clinging,void,7,old yang,persistent_clarity|voice_warmth|voice_subtlety,slot 1 stable_yin: chaos=0.113 whimsy=0.262 darkTone=0.103 coherence=0.857 voiceWeight=0.832,codegen,boundary,ADAPT,0.5795,head_hex_30,recovery/fault_hold
30,The Clinging,past,0,old yang,persistent_clarity|voice_warmth|voice_subtlety,slot 1 stable_yin: chaos=0.113 whimsy=0.262 darkTone=0.103 coherence=0.857 voiceWeight=0.832,codegen,boundary,ADAPT,0.6017,head_hex_30,recovery/fault_hold
30,The Clinging,present,1,old yang,persistent_clarity|voice_warmth|voice_subtlety,slot 1 stable_yin: chaos=0.113 whimsy=0.262 darkTone=0.103 coherence=0.857 voiceWeight=0.832,codegen,boundary,ADAPT,0.5429,head_hex_30,recovery/fault_hold
30,The Clinging,future,2,old yang,persistent_clarity|voice_warmth|voice_subtlety,slot 1 stable_yin: chaos=0.113 whimsy=0.262 darkTone=0.103 coherence=0.857 voiceWeight=0.832,codegen,boundary,ADAPT,0.5782,head_hex_30,recovery/fault_hold
30,The Clinging,transition,3,old yang,persistent_clarity|voice_warmth|voice_subtlety,slot 1 stable_yin: chaos=0.113 whimsy=0.262 darkTone=0.103 coherence=0.857 voiceWeight=0.832,codegen,boundary,ADAPT,0.5076,head_hex_30,recovery/fault_hold
30,The Clinging,resolution,4,old yang,persistent_clarity|voice_warmth|voice_subtlety,slot 1 stable_yin: chaos=0.113 whimsy=0.262 darkTone=0.103 coherence=0.857 voiceWeight=0.832,codegen,boundary,ADAPT,0.6182,head_hex_30,recovery/fault_hold
30,The Clinging,dissolution,5,old yang,persistent_clarity|voice_warmth|voice_subtlety,slot 1 stable_yin: chaos=0.113 whimsy=0.262 darkTone=0.103 coherence=0.857 voiceWeight=0.832,codegen,boundary,ADAPT,0.5795,head_hex_30,recovery/fault_hold
30,The Clinging,crystallization,6,old yang,persistent_clarity|voice_warmth|voice_subtlety,slot 1 stable_yin: chaos=0.113 whimsy=0.262 darkTone=0.103 coherence=0.857 voiceWeight=0.832,codegen,boundary,ADAPT,0.5924,head_hex_30,recovery/fault_hold
30,The Clinging,void,7,old yang,persistent_clarity|voice_warmth|voice_subtlety,slot 1 stable_yin: chaos=0.113 whimsy=0.262 darkTone=0.103 coherence=0.857 voiceWeight=0.832,codegen,boundary,ADAPT,0.5795,head_hex_30,recovery/fault_hold
31,Influence,past,0,old yang,attractive_pull|voice_warmth|voice_subtlety,slot 1 stable_yin: chaos=0.113 whimsy=0.262 darkTone=0.103 coherence=0.857 voiceWeight=0.832,codegen,transformer,YIELD,0.6114,head_hex_31,recovery/fault_hold
31,Influence,present,1,old yang,attractive_pull|voice_warmth|voice_subtlety,slot 1 stable_yin: chaos=0.113 whimsy=0.262 darkTone=0.103 coherence=0.857 voiceWeight=0.832,codegen,transformer,YIELD,0.5584,head_hex_31,recovery/fault_hold
31,Influence,future,2,old yang,attractive_pull|voice_warmth|voice_subtlety,slot 1 stable_yin: chaos=0.113 whimsy=0.262 darkTone=0.103 coherence=0.857 voiceWeight=0.832,codegen,transformer,YIELD,0.5584,head_hex_31,recovery/fault_hold
31,Influence,transition,3,old yang,attractive_pull|voice_warmth|voice_subtlety,slot 1 stable_yin: chaos=0.113 whimsy=0.262 darkTone=0.103 coherence=0.857 voiceWeight=0.832,codegen,transformer,YIELD,0.5055,head_hex_31,recovery/fault_hold
31,Influence,resolution,4,old yang,attractive_pull|voice_warmth|voice_subtlety,slot 1 stable_yin: chaos=0.113 whimsy=0.262 darkTone=0.103 coherence=0.857 voiceWeight=0.832,codegen,transformer,YIELD,0.5584,head_hex_31,recovery/fault_hold
31,Influence,dissolution,5,old yang,attractive_pull|voice_warmth|voice_subtlety,slot 1 stable_yin: chaos=0.113 whimsy=0.262 darkTone=0.103 coherence=0.857 voiceWeight=0.832,codegen,transformer,YIELD,0.5055,head_hex_31,recovery/fault_hold
31,Influence,crystallization,6,old yang,attractive_pull|voice_warmth|voice_subtlety,slot 1 stable_yin: chaos=0.113 whimsy=0.262 darkTone=0.103 coherence=0.857 voiceWeight=0.832,codegen,transformer,YIELD,0.5055,head_hex_31,recovery/fault_hold
31,Influence,void,7,old yang,attractive_pull|voice_warmth|voice_subtlety,slot 1 stable_yin: chaos=0.113 whimsy=0.262 darkTone=0.103 coherence=0.857 voiceWeight=0.832,codegen,transformer,YIELD,0.5055,head_hex_31,recovery/fault_hold
31,Influence,past,0,old yang,attractive_pull|voice_warmth|voice_subtlety,slot 1 stable_yin: chaos=0.113 whimsy=0.262 darkTone=0.103 coherence=0.857 voiceWeight=0.832,codegen,transformer,YIELD,0.6114,head_hex_31,recovery/fault_hold
31,Influence,present,1,old yang,attractive_pull|voice_warmth|voice_subtlety,slot 1 stable_yin: chaos=0.113 whimsy=0.262 darkTone=0.103 coherence=0.857 voiceWeight=0.832,codegen,transformer,YIELD,0.5584,head_hex_31,recovery/fault_hold
31,Influence,future,2,old yang,attractive_pull|voice_warmth|voice_subtlety,slot 1 stable_yin: chaos=0.113 whimsy=0.262 darkTone=0.103 coherence=0.857 voiceWeight=0.832,codegen,transformer,YIELD,0.5584,head_hex_31,recovery/fault_hold
31,Influence,transition,3,old yang,attractive_pull|voice_warmth|voice_subtlety,slot 1 stable_yin: chaos=0.113 whimsy=0.262 darkTone=0.103 coherence=0.857 voiceWeight=0.832,codegen,transformer,YIELD,0.5055,head_hex_31,recovery/fault_hold
31,Influence,resolution,4,old yang,attractive_pull|voice_warmth|voice_subtlety,slot 1 stable_yin: chaos=0.113 whimsy=0.262 darkTone=0.103 coherence=0.857 voiceWeight=0.832,codegen,transformer,YIELD,0.5584,head_hex_31,recovery/fault_hold
31,Influence,dissolution,5,old yang,attractive_pull|voice_warmth|voice_subtlety,slot 1 stable_yin: chaos=0.113 whimsy=0.262 darkTone=0.103 coherence=0.857 voiceWeight=0.832,codegen,transformer,YIELD,0.5055,head_hex_31,recovery/fault_hold
31,Influence,crystallization,6,old yang,attractive_pull|voice_warmth|voice_subtlety,slot 1 stable_yin: chaos=0.113 whimsy=0.262 darkTone=0.103 coherence=0.857 voiceWeight=0.832,codegen,transformer,YIELD,0.6003,head_hex_31,recovery/fault_hold
31,Influence,void,7,old yang,attractive_pull|voice_warmth|voice_subtlety,slot 1 stable_yin: chaos=0.113 whimsy=0.262 darkTone=0.103 coherence=0.857 voiceWeight=0.832,codegen,transformer,YIELD,0.6003,head_hex_31,recovery/fault_hold
31,Influence,past,0,old yang,attractive_pull|voice_warmth|voice_subtlety,slot 1 stable_yin: chaos=0.113 whimsy=0.262 darkTone=0.103 coherence=0.857 voiceWeight=0.832,codegen,transformer,YIELD,0.6114,head_hex_31,recovery/fault_hold
31,Influence,present,1,old yang,attractive_pull|voice_warmth|voice_subtlety,slot 1 stable_yin: chaos=0.113 whimsy=0.262 darkTone=0.103 coherence=0.857 voiceWeight=0.832,codegen,transformer,YIELD,0.5584,head_hex_31,recovery/fault_hold
31,Influence,future,2,old yang,attractive_pull|voice_warmth|voice_subtlety,slot 1 stable_yin: chaos=0.113 whimsy=0.262 darkTone=0.103 coherence=0.857 voiceWeight=0.832,codegen,transformer,YIELD,0.5584,head_hex_31,recovery/fault_hold
31,Influence,transition,3,old yang,attractive_pull|voice_warmth|voice_subtlety,slot 1 stable_yin: chaos=0.113 whimsy=0.262 darkTone=0.103 coherence=0.857 voiceWeight=0.832,codegen,transformer,YIELD,0.5055,head_hex_31,recovery/fault_hold
31,Influence,resolution,4,old yang,attractive_pull|voice_warmth|voice_subtlety,slot 1 stable_yin: chaos=0.113 whimsy=0.262 darkTone=0.103 coherence=0.857 voiceWeight=0.832,codegen,transformer,YIELD,0.639,head_hex_31,recovery/fault_hold
31,Influence,dissolution,5,old yang,attractive_pull|voice_warmth|voice_subtlety,slot 1 stable_yin: chaos=0.113 whimsy=0.262 darkTone=0.103 coherence=0.857 voiceWeight=0.832,codegen,transformer,YIELD,0.6003,head_hex_31,recovery/fault_hold
31,Influence,crystallization,6,old yang,attractive_pull|voice_warmth|voice_subtlety,slot 1 stable_yin: chaos=0.113 whimsy=0.262 darkTone=0.103 coherence=0.857 voiceWeight=0.832,codegen,transformer,YIELD,0.6003,head_hex_31,recovery/fault_hold
31,Influence,void,7,old yang,attractive_pull|voice_warmth|voice_subtlety,slot 1 stable_yin: chaos=0.113 whimsy=0.262 darkTone=0.103 coherence=0.857 voiceWeight=0.832,codegen,transformer,YIELD,0.6003,head_hex_31,recovery/fault_hold
32,Duration,past,0,old yang,enduring_rhythm|voice_warmth|voice_subtlety,slot 1 stable_yin: chaos=0.113 whimsy=0.262 darkTone=0.103 coherence=0.857 voiceWeight=0.832,codegen,boundary,WAIT,0.5217,head_hex_32,recovery/fault_hold
32,Duration,present,1,old yang,enduring_rhythm|voice_warmth|voice_subtlety,slot 1 stable_yin: chaos=0.113 whimsy=0.262 darkTone=0.103 coherence=0.857 voiceWeight=0.832,codegen,boundary,WAIT,0.4545,head_hex_32,recovery/fault_hold
32,Duration,future,2,old yang,enduring_rhythm|voice_warmth|voice_subtlety,slot 1 stable_yin: chaos=0.113 whimsy=0.262 darkTone=0.103 coherence=0.857 voiceWeight=0.832,codegen,boundary,WAIT,0.4545,head_hex_32,recovery/fault_hold
32,Duration,transition,3,old yang,enduring_rhythm|voice_warmth|voice_subtlety,slot 1 stable_yin: chaos=0.113 whimsy=0.262 darkTone=0.103 coherence=0.857 voiceWeight=0.832,codegen,boundary,WAIT,0.3873,head_hex_32,recovery/fault_hold
32,Duration,resolution,4,old yang,enduring_rhythm|voice_warmth|voice_subtlety,slot 1 stable_yin: chaos=0.113 whimsy=0.262 darkTone=0.103 coherence=0.857 voiceWeight=0.832,codegen,boundary,WAIT,0.4545,head_hex_32,recovery/fault_hold
32,Duration,dissolution,5,old yang,enduring_rhythm|voice_warmth|voice_subtlety,slot 1 stable_yin: chaos=0.113 whimsy=0.262 darkTone=0.103 coherence=0.857 voiceWeight=0.832,codegen,boundary,WAIT,0.3873,head_hex_32,recovery/fault_hold
32,Duration,crystallization,6,old yang,enduring_rhythm|voice_warmth|voice_subtlety,slot 1 stable_yin: chaos=0.113 whimsy=0.262 darkTone=0.103 coherence=0.857 voiceWeight=0.832,codegen,boundary,WAIT,0.3873,head_hex_32,recovery/fault_hold
32,Duration,void,7,old yang,enduring_rhythm|voice_warmth|voice_subtlety,slot 1 stable_yin: chaos=0.113 whimsy=0.262 darkTone=0.103 coherence=0.857 voiceWeight=0.832,codegen,boundary,WAIT,0.3873,head_hex_32,recovery/fault_hold
32,Duration,past,0,old yang,enduring_rhythm|voice_warmth|voice_subtlety,slot 1 stable_yin: chaos=0.113 whimsy=0.262 darkTone=0.103 coherence=0.857 voiceWeight=0.832,codegen,boundary,WAIT,0.5217,head_hex_32,recovery/fault_hold
32,Duration,present,1,old yang,enduring_rhythm|voice_warmth|voice_subtlety,slot 1 stable_yin: chaos=0.113 whimsy=0.262 darkTone=0.103 coherence=0.857 voiceWeight=0.832,codegen,boundary,WAIT,0.4545,head_hex_32,recovery/fault_hold
32,Duration,future,2,old yang,enduring_rhythm|voice_warmth|voice_subtlety,slot 1 stable_yin: chaos=0.113 whimsy=0.262 darkTone=0.103 coherence=0.857 voiceWeight=0.832,codegen,boundary,WAIT,0.4545,head_hex_32,recovery/fault_hold
32,Duration,transition,3,old yang,enduring_rhythm|voice_warmth|voice_subtlety,slot 1 stable_yin: chaos=0.113 whimsy=0.262 darkTone=0.103 coherence=0.857 voiceWeight=0.832,codegen,boundary,WAIT,0.3873,head_hex_32,recovery/fault_hold
32,Duration,resolution,4,old yang,enduring_rhythm|voice_warmth|voice_subtlety,slot 1 stable_yin: chaos=0.113 whimsy=0.262 darkTone=0.103 coherence=0.857 voiceWeight=0.832,codegen,boundary,WAIT,0.4545,head_hex_32,recovery/fault_hold
32,Duration,dissolution,5,old yang,enduring_rhythm|voice_warmth|voice_subtlety,slot 1 stable_yin: chaos=0.113 whimsy=0.262 darkTone=0.103 coherence=0.857 voiceWeight=0.832,codegen,boundary,WAIT,0.3873,head_hex_32,recovery/fault_hold
32,Duration,crystallization,6,old yang,enduring_rhythm|voice_warmth|voice_subtlety,slot 1 stable_yin: chaos=0.113 whimsy=0.262 darkTone=0.103 coherence=0.857 voiceWeight=0.832,codegen,boundary,WAIT,0.487,head_hex_32,recovery/fault_hold
32,Duration,void,7,old yang,enduring_rhythm|voice_warmth|voice_subtlety,slot 1 stable_yin: chaos=0.113 whimsy=0.262 darkTone=0.103 coherence=0.857 voiceWeight=0.832,codegen,boundary,WAIT,0.487,head_hex_32,recovery/fault_hold
32,Duration,past,0,old yang,enduring_rhythm|voice_warmth|voice_subtlety,slot 1 stable_yin: chaos=0.113 whimsy=0.262 darkTone=0.103 coherence=0.857 voiceWeight=0.832,codegen,boundary,WAIT,0.5217,head_hex_32,recovery/fault_hold
32,Duration,present,1,old yang,enduring_rhythm|voice_warmth|voice_subtlety,slot 1 stable_yin: chaos=0.113 whimsy=0.262 darkTone=0.103 coherence=0.857 voiceWeight=0.832,codegen,boundary,WAIT,0.4545,head_hex_32,recovery/fault_hold
32,Duration,future,2,old yang,enduring_rhythm|voice_warmth|voice_subtlety,slot 1 stable_yin: chaos=0.113 whimsy=0.262 darkTone=0.103 coherence=0.857 voiceWeight=0.832,codegen,boundary,WAIT,0.4545,head_hex_32,recovery/fault_hold
32,Duration,transition,3,old yang,enduring_rhythm|voice_warmth|voice_subtlety,slot 1 stable_yin: chaos=0.113 whimsy=0.262 darkTone=0.103 coherence=0.857 voiceWeight=0.832,codegen,boundary,WAIT,0.3873,head_hex_32,recovery/fault_hold
32,Duration,resolution,4,old yang,enduring_rhythm|voice_warmth|voice_subtlety,slot 1 stable_yin: chaos=0.113 whimsy=0.262 darkTone=0.103 coherence=0.857 voiceWeight=0.832,codegen,boundary,WAIT,0.54,head_hex_32,recovery/fault_hold
32,Duration,dissolution,5,old yang,enduring_rhythm|voice_warmth|voice_subtlety,slot 1 stable_yin: chaos=0.113 whimsy=0.262 darkTone=0.103 coherence=0.857 voiceWeight=0.832,codegen,boundary,WAIT,0.487,head_hex_32,recovery/fault_hold
32,Duration,crystallization,6,old yang,enduring_rhythm|voice_warmth|voice_subtlety,slot 1 stable_yin: chaos=0.113 whimsy=0.262 darkTone=0.103 coherence=0.857 voiceWeight=0.832,codegen,boundary,WAIT,0.487,head_hex_32,recovery/fault_hold
32,Duration,void,7,old yang,enduring_rhythm|voice_warmth|voice_subtlety,slot 1 stable_yin: chaos=0.113 whimsy=0.262 darkTone=0.103 coherence=0.857 voiceWeight=0.832,codegen,boundary,WAIT,0.487,head_hex_32,recovery/fault_hold
33,Retreat,past,0,old yang,strategic_withdrawal|voice_warmth|voice_subtlety,slot 1 stable_yin: chaos=0.113 whimsy=0.262 darkTone=0.103 coherence=0.857 voiceWeight=0.832,codegen,boundary,YIELD,0.6233,head_hex_33,recovery/fault_hold
33,Retreat,present,1,old yang,strategic_withdrawal|voice_warmth|voice_subtlety,slot 1 stable_yin: chaos=0.113 whimsy=0.262 darkTone=0.103 coherence=0.857 voiceWeight=0.832,codegen,boundary,YIELD,0.5821,head_hex_33,recovery/fault_hold
33,Retreat,future,2,old yang,strategic_withdrawal|voice_warmth|voice_subtlety,slot 1 stable_yin: chaos=0.113 whimsy=0.262 darkTone=0.103 coherence=0.857 voiceWeight=0.832,codegen,boundary,YIELD,0.5821,head_hex_33,recovery/fault_hold
33,Retreat,transition,3,old yang,strategic_withdrawal|voice_warmth|voice_subtlety,slot 1 stable_yin: chaos=0.113 whimsy=0.262 darkTone=0.103 coherence=0.857 voiceWeight=0.832,codegen,boundary,YIELD,0.5292,head_hex_33,recovery/fault_hold
33,Retreat,resolution,4,old yang,strategic_withdrawal|voice_warmth|voice_subtlety,slot 1 stable_yin: chaos=0.113 whimsy=0.262 darkTone=0.103 coherence=0.857 voiceWeight=0.832,codegen,boundary,YIELD,0.5645,head_hex_33,recovery/fault_hold
33,Retreat,dissolution,5,old yang,strategic_withdrawal|voice_warmth|voice_subtlety,slot 1 stable_yin: chaos=0.113 whimsy=0.262 darkTone=0.103 coherence=0.857 voiceWeight=0.832,codegen,boundary,YIELD,0.5115,head_hex_33,recovery/fault_hold
33,Retreat,crystallization,6,old yang,strategic_withdrawal|voice_warmth|voice_subtlety,slot 1 stable_yin: chaos=0.113 whimsy=0.262 darkTone=0.103 coherence=0.857 voiceWeight=0.832,codegen,boundary,YIELD,0.5115,head_hex_33,recovery/fault_hold
33,Retreat,void,7,old yang,strategic_withdrawal|voice_warmth|voice_subtlety,slot 1 stable_yin: chaos=0.113 whimsy=0.262 darkTone=0.103 coherence=0.857 voiceWeight=0.832,codegen,boundary,YIELD,0.5115,head_hex_33,recovery/fault_hold
33,Retreat,past,0,old yang,strategic_withdrawal|voice_warmth|voice_subtlety,slot 1 stable_yin: chaos=0.113 whimsy=0.262 darkTone=0.103 coherence=0.857 voiceWeight=0.832,codegen,boundary,YIELD,0.6233,head_hex_33,recovery/fault_hold
33,Retreat,present,1,old yang,strategic_withdrawal|voice_warmth|voice_subtlety,slot 1 stable_yin: chaos=0.113 whimsy=0.262 darkTone=0.103 coherence=0.857 voiceWeight=0.832,codegen,boundary,YIELD,0.5821,head_hex_33,recovery/fault_hold
33,Retreat,future,2,old yang,strategic_withdrawal|voice_warmth|voice_subtlety,slot 1 stable_yin: chaos=0.113 whimsy=0.262 darkTone=0.103 coherence=0.857 voiceWeight=0.832,codegen,boundary,YIELD,0.5821,head_hex_33,recovery/fault_hold
33,Retreat,transition,3,old yang,strategic_withdrawal|voice_warmth|voice_subtlety,slot 1 stable_yin: chaos=0.113 whimsy=0.262 darkTone=0.103 coherence=0.857 voiceWeight=0.832,codegen,boundary,YIELD,0.5292,head_hex_33,recovery/fault_hold
33,Retreat,resolution,4,old yang,strategic_withdrawal|voice_warmth|voice_subtlety,slot 1 stable_yin: chaos=0.113 whimsy=0.262 darkTone=0.103 coherence=0.857 voiceWeight=0.832,codegen,boundary,YIELD,0.5645,head_hex_33,recovery/fault_hold
33,Retreat,dissolution,5,old yang,strategic_withdrawal|voice_warmth|voice_subtlety,slot 1 stable_yin: chaos=0.113 whimsy=0.262 darkTone=0.103 coherence=0.857 voiceWeight=0.832,codegen,boundary,YIELD,0.5115,head_hex_33,recovery/fault_hold
33,Retreat,crystallization,6,old yang,strategic_withdrawal|voice_warmth|voice_subtlety,slot 1 stable_yin: chaos=0.113 whimsy=0.262 darkTone=0.103 coherence=0.857 voiceWeight=0.832,codegen,boundary,YIELD,0.6047,head_hex_33,recovery/fault_hold
33,Retreat,void,7,old yang,strategic_withdrawal|voice_warmth|voice_subtlety,slot 1 stable_yin: chaos=0.113 whimsy=0.262 darkTone=0.103 coherence=0.857 voiceWeight=0.832,codegen,boundary,YIELD,0.6047,head_hex_33,recovery/fault_hold
33,Retreat,past,0,old yang,strategic_withdrawal|voice_warmth|voice_subtlety,slot 1 stable_yin: chaos=0.113 whimsy=0.262 darkTone=0.103 coherence=0.857 voiceWeight=0.832,codegen,boundary,YIELD,0.6233,head_hex_33,recovery/fault_hold
33,Retreat,present,1,old yang,strategic_withdrawal|voice_warmth|voice_subtlety,slot 1 stable_yin: chaos=0.113 whimsy=0.262 darkTone=0.103 coherence=0.857 voiceWeight=0.832,codegen,boundary,YIELD,0.5821,head_hex_33,recovery/fault_hold
33,Retreat,future,2,old yang,strategic_withdrawal|voice_warmth|voice_subtlety,slot 1 stable_yin: chaos=0.113 whimsy=0.262 darkTone=0.103 coherence=0.857 voiceWeight=0.832,codegen,boundary,YIELD,0.5821,head_hex_33,recovery/fault_hold
33,Retreat,transition,3,old yang,strategic_withdrawal|voice_warmth|voice_subtlety,slot 1 stable_yin: chaos=0.113 whimsy=0.262 darkTone=0.103 coherence=0.857 voiceWeight=0.832,codegen,boundary,YIELD,0.5292,head_hex_33,recovery/fault_hold
33,Retreat,resolution,4,old yang,strategic_withdrawal|voice_warmth|voice_subtlety,slot 1 stable_yin: chaos=0.113 whimsy=0.262 darkTone=0.103 coherence=0.857 voiceWeight=0.832,codegen,boundary,YIELD,0.6434,head_hex_33,recovery/fault_hold
33,Retreat,dissolution,5,old yang,strategic_withdrawal|voice_warmth|voice_subtlety,slot 1 stable_yin: chaos=0.113 whimsy=0.262 darkTone=0.103 coherence=0.857 voiceWeight=0.832,codegen,boundary,YIELD,0.6047,head_hex_33,recovery/fault_hold
33,Retreat,crystallization,6,old yang,strategic_withdrawal|voice_warmth|voice_subtlety,slot 1 stable_yin: chaos=0.113 whimsy=0.262 darkTone=0.103 coherence=0.857 voiceWeight=0.832,codegen,boundary,YIELD,0.6047,head_hex_33,recovery/fault_hold
33,Retreat,void,7,old yang,strategic_withdrawal|voice_warmth|voice_subtlety,slot 1 stable_yin: chaos=0.113 whimsy=0.262 darkTone=0.103 coherence=0.857 voiceWeight=0.832,codegen,boundary,YIELD,0.6047,head_hex_33,recovery/fault_hold
34,Power of the Great,past,0,old yang,unstoppable_momentum|voice_warmth|voice_subtlety,slot 1 stable_yin: chaos=0.113 whimsy=0.262 darkTone=0.103 coherence=0.857 voiceWeight=0.832,codegen,sovereign,ASSERT,0.6642,head_hex_34,recovery/fault_hold
34,Power of the Great,present,1,old yang,unstoppable_momentum|voice_warmth|voice_subtlety,slot 1 stable_yin: chaos=0.113 whimsy=0.262 darkTone=0.103 coherence=0.857 voiceWeight=0.832,codegen,sovereign,ASSERT,0.6212,head_hex_34,recovery/fault_hold
34,Power of the Great,future,2,old yang,unstoppable_momentum|voice_warmth|voice_subtlety,slot 1 stable_yin: chaos=0.113 whimsy=0.262 darkTone=0.103 coherence=0.857 voiceWeight=0.832,codegen,sovereign,ASSERT,0.6341,head_hex_34,recovery/fault_hold
34,Power of the Great,transition,3,old yang,unstoppable_momentum|voice_warmth|voice_subtlety,slot 1 stable_yin: chaos=0.113 whimsy=0.262 darkTone=0.103 coherence=0.857 voiceWeight=0.832,codegen,sovereign,ASSERT,0.5825,head_hex_34,recovery/fault_hold
34,Power of the Great,resolution,4,old yang,unstoppable_momentum|voice_warmth|voice_subtlety,slot 1 stable_yin: chaos=0.113 whimsy=0.262 darkTone=0.103 coherence=0.857 voiceWeight=0.832,codegen,sovereign,ASSERT,0.6341,head_hex_34,recovery/fault_hold
34,Power of the Great,dissolution,5,old yang,unstoppable_momentum|voice_warmth|voice_subtlety,slot 1 stable_yin: chaos=0.113 whimsy=0.262 darkTone=0.103 coherence=0.857 voiceWeight=0.832,codegen,sovereign,ASSERT,0.5825,head_hex_34,recovery/fault_hold
34,Power of the Great,crystallization,6,old yang,unstoppable_momentum|voice_warmth|voice_subtlety,slot 1 stable_yin: chaos=0.113 whimsy=0.262 darkTone=0.103 coherence=0.857 voiceWeight=0.832,codegen,sovereign,ASSERT,0.5954,head_hex_34,recovery/fault_hold
34,Power of the Great,void,7,old yang,unstoppable_momentum|voice_warmth|voice_subtlety,slot 1 stable_yin: chaos=0.113 whimsy=0.262 darkTone=0.103 coherence=0.857 voiceWeight=0.832,codegen,sovereign,ASSERT,0.5825,head_hex_34,recovery/fault_hold
34,Power of the Great,past,0,old yang,unstoppable_momentum|voice_warmth|voice_subtlety,slot 1 stable_yin: chaos=0.113 whimsy=0.262 darkTone=0.103 coherence=0.857 voiceWeight=0.832,codegen,sovereign,ASSERT,0.6642,head_hex_34,recovery/fault_hold
34,Power of the Great,present,1,old yang,unstoppable_momentum|voice_warmth|voice_subtlety,slot 1 stable_yin: chaos=0.113 whimsy=0.262 darkTone=0.103 coherence=0.857 voiceWeight=0.832,codegen,sovereign,ASSERT,0.6212,head_hex_34,recovery/fault_hold
34,Power of the Great,future,2,old yang,unstoppable_momentum|voice_warmth|voice_subtlety,slot 1 stable_yin: chaos=0.113 whimsy=0.262 darkTone=0.103 coherence=0.857 voiceWeight=0.832,codegen,sovereign,ASSERT,0.6341,head_hex_34,recovery/fault_hold
34,Power of the Great,transition,3,old yang,unstoppable_momentum|voice_warmth|voice_subtlety,slot 1 stable_yin: chaos=0.113 whimsy=0.262 darkTone=0.103 coherence=0.857 voiceWeight=0.832,codegen,sovereign,ASSERT,0.5825,head_hex_34,recovery/fault_hold
34,Power of the Great,resolution,4,old yang,unstoppable_momentum|voice_warmth|voice_subtlety,slot 1 stable_yin: chaos=0.113 whimsy=0.262 darkTone=0.103 coherence=0.857 voiceWeight=0.832,codegen,sovereign,ASSERT,0.6341,head_hex_34,recovery/fault_hold
34,Power of the Great,dissolution,5,old yang,unstoppable_momentum|voice_warmth|voice_subtlety,slot 1 stable_yin: chaos=0.113 whimsy=0.262 darkTone=0.103 coherence=0.857 voiceWeight=0.832,codegen,sovereign,ASSERT,0.5825,head_hex_34,recovery/fault_hold
34,Power of the Great,crystallization,6,old yang,unstoppable_momentum|voice_warmth|voice_subtlety,slot 1 stable_yin: chaos=0.113 whimsy=0.262 darkTone=0.103 coherence=0.857 voiceWeight=0.832,codegen,sovereign,ASSERT,0.682,head_hex_34,recovery/fault_hold
34,Power of the Great,void,7,old yang,unstoppable_momentum|voice_warmth|voice_subtlety,slot 1 stable_yin: chaos=0.113 whimsy=0.262 darkTone=0.103 coherence=0.857 voiceWeight=0.832,codegen,sovereign,ASSERT,0.6739,head_hex_34,recovery/fault_hold
34,Power of the Great,past,0,old yang,unstoppable_momentum|voice_warmth|voice_subtlety,slot 1 stable_yin: chaos=0.113 whimsy=0.262 darkTone=0.103 coherence=0.857 voiceWeight=0.832,codegen,sovereign,ASSERT,0.6642,head_hex_34,recovery/fault_hold
34,Power of the Great,present,1,old yang,unstoppable_momentum|voice_warmth|voice_subtlety,slot 1 stable_yin: chaos=0.113 whimsy=0.262 darkTone=0.103 coherence=0.857 voiceWeight=0.832,codegen,sovereign,ASSERT,0.6212,head_hex_34,recovery/fault_hold
34,Power of the Great,future,2,old yang,unstoppable_momentum|voice_warmth|voice_subtlety,slot 1 stable_yin: chaos=0.113 whimsy=0.262 darkTone=0.103 coherence=0.857 voiceWeight=0.832,codegen,sovereign,ASSERT,0.6341,head_hex_34,recovery/fault_hold
34,Power of the Great,transition,3,old yang,unstoppable_momentum|voice_warmth|voice_subtlety,slot 1 stable_yin: chaos=0.113 whimsy=0.262 darkTone=0.103 coherence=0.857 voiceWeight=0.832,codegen,sovereign,ASSERT,0.5825,head_hex_34,recovery/fault_hold
34,Power of the Great,resolution,4,old yang,unstoppable_momentum|voice_warmth|voice_subtlety,slot 1 stable_yin: chaos=0.113 whimsy=0.262 darkTone=0.103 coherence=0.857 voiceWeight=0.832,codegen,sovereign,ASSERT,0.7064,head_hex_34,recovery/fault_hold
34,Power of the Great,dissolution,5,old yang,unstoppable_momentum|voice_warmth|voice_subtlety,slot 1 stable_yin: chaos=0.113 whimsy=0.262 darkTone=0.103 coherence=0.857 voiceWeight=0.832,codegen,sovereign,ASSERT,0.6739,head_hex_34,recovery/fault_hold
34,Power of the Great,crystallization,6,old yang,unstoppable_momentum|voice_warmth|voice_subtlety,slot 1 stable_yin: chaos=0.113 whimsy=0.262 darkTone=0.103 coherence=0.857 voiceWeight=0.832,codegen,sovereign,ASSERT,0.682,head_hex_34,recovery/fault_hold
34,Power of the Great,void,7,old yang,unstoppable_momentum|voice_warmth|voice_subtlety,slot 1 stable_yin: chaos=0.113 whimsy=0.262 darkTone=0.103 coherence=0.857 voiceWeight=0.832,codegen,sovereign,ASSERT,0.6739,head_hex_34,recovery/fault_hold
35,Progress,past,0,old yang,advancing_clarity|voice_warmth|voice_subtlety,slot 1 stable_yin: chaos=0.113 whimsy=0.262 darkTone=0.103 coherence=0.857 voiceWeight=0.832,codegen,transformer,ADAPT,0.5782,head_hex_35,recovery/fault_hold
35,Progress,present,1,old yang,advancing_clarity|voice_warmth|voice_subtlety,slot 1 stable_yin: chaos=0.113 whimsy=0.262 darkTone=0.103 coherence=0.857 voiceWeight=0.832,codegen,transformer,ADAPT,0.537,head_hex_35,recovery/fault_hold
35,Progress,future,2,old yang,advancing_clarity|voice_warmth|voice_subtlety,slot 1 stable_yin: chaos=0.113 whimsy=0.262 darkTone=0.103 coherence=0.857 voiceWeight=0.832,codegen,transformer,ADAPT,0.5547,head_hex_35,recovery/fault_hold
35,Progress,transition,3,old yang,advancing_clarity|voice_warmth|voice_subtlety,slot 1 stable_yin: chaos=0.113 whimsy=0.262 darkTone=0.103 coherence=0.857 voiceWeight=0.832,codegen,transformer,ADAPT,0.5017,head_hex_35,recovery/fault_hold
35,Progress,resolution,4,old yang,advancing_clarity|voice_warmth|voice_subtlety,slot 1 stable_yin: chaos=0.113 whimsy=0.262 darkTone=0.103 coherence=0.857 voiceWeight=0.832,codegen,transformer,ADAPT,0.537,head_hex_35,recovery/fault_hold
35,Progress,dissolution,5,old yang,advancing_clarity|voice_warmth|voice_subtlety,slot 1 stable_yin: chaos=0.113 whimsy=0.262 darkTone=0.103 coherence=0.857 voiceWeight=0.832,codegen,transformer,ADAPT,0.5017,head_hex_35,recovery/fault_hold
35,Progress,crystallization,6,old yang,advancing_clarity|voice_warmth|voice_subtlety,slot 1 stable_yin: chaos=0.113 whimsy=0.262 darkTone=0.103 coherence=0.857 voiceWeight=0.832,codegen,transformer,ADAPT,0.5017,head_hex_35,recovery/fault_hold
35,Progress,void,7,old yang,advancing_clarity|voice_warmth|voice_subtlety,slot 1 stable_yin: chaos=0.113 whimsy=0.262 darkTone=0.103 coherence=0.857 voiceWeight=0.832,codegen,transformer,ADAPT,0.5017,head_hex_35,recovery/fault_hold
35,Progress,past,0,old yang,advancing_clarity|voice_warmth|voice_subtlety,slot 1 stable_yin: chaos=0.113 whimsy=0.262 darkTone=0.103 coherence=0.857 voiceWeight=0.832,codegen,transformer,ADAPT,0.5782,head_hex_35,recovery/fault_hold
35,Progress,present,1,old yang,advancing_clarity|voice_warmth|voice_subtlety,slot 1 stable_yin: chaos=0.113 whimsy=0.262 darkTone=0.103 coherence=0.857 voiceWeight=0.832,codegen,transformer,ADAPT,0.537,head_hex_35,recovery/fault_hold
35,Progress,future,2,old yang,advancing_clarity|voice_warmth|voice_subtlety,slot 1 stable_yin: chaos=0.113 whimsy=0.262 darkTone=0.103 coherence=0.857 voiceWeight=0.832,codegen,transformer,ADAPT,0.5547,head_hex_35,recovery/fault_hold
35,Progress,transition,3,old yang,advancing_clarity|voice_warmth|voice_subtlety,slot 1 stable_yin: chaos=0.113 whimsy=0.262 darkTone=0.103 coherence=0.857 voiceWeight=0.832,codegen,transformer,ADAPT,0.5017,head_hex_35,recovery/fault_hold
35,Progress,resolution,4,old yang,advancing_clarity|voice_warmth|voice_subtlety,slot 1 stable_yin: chaos=0.113 whimsy=0.262 darkTone=0.103 coherence=0.857 voiceWeight=0.832,codegen,transformer,ADAPT,0.537,head_hex_35,recovery/fault_hold
35,Progress,dissolution,5,old yang,advancing_clarity|voice_warmth|voice_subtlety,slot 1 stable_yin: chaos=0.113 whimsy=0.262 darkTone=0.103 coherence=0.857 voiceWeight=0.832,codegen,transformer,ADAPT,0.5017,head_hex_35,recovery/fault_hold
35,Progress,crystallization,6,old yang,advancing_clarity|voice_warmth|voice_subtlety,slot 1 stable_yin: chaos=0.113 whimsy=0.262 darkTone=0.103 coherence=0.857 voiceWeight=0.832,codegen,transformer,ADAPT,0.5902,head_hex_35,recovery/fault_hold
35,Progress,void,7,old yang,advancing_clarity|voice_warmth|voice_subtlety,slot 1 stable_yin: chaos=0.113 whimsy=0.262 darkTone=0.103 coherence=0.857 voiceWeight=0.832,codegen,transformer,ADAPT,0.5902,head_hex_35,recovery/fault_hold
35,Progress,past,0,old yang,advancing_clarity|voice_warmth|voice_subtlety,slot 1 stable_yin: chaos=0.113 whimsy=0.262 darkTone=0.103 coherence=0.857 voiceWeight=0.832,codegen,transformer,ADAPT,0.5782,head_hex_35,recovery/fault_hold
35,Progress,present,1,old yang,advancing_clarity|voice_warmth|voice_subtlety,slot 1 stable_yin: chaos=0.113 whimsy=0.262 darkTone=0.103 coherence=0.857 voiceWeight=0.832,codegen,transformer,ADAPT,0.537,head_hex_35,recovery/fault_hold
35,Progress,future,2,old yang,advancing_clarity|voice_warmth|voice_subtlety,slot 1 stable_yin: chaos=0.113 whimsy=0.262 darkTone=0.103 coherence=0.857 voiceWeight=0.832,codegen,transformer,ADAPT,0.5547,head_hex_35,recovery/fault_hold
35,Progress,transition,3,old yang,advancing_clarity|voice_warmth|voice_subtlety,slot 1 stable_yin: chaos=0.113 whimsy=0.262 darkTone=0.103 coherence=0.857 voiceWeight=0.832,codegen,transformer,ADAPT,0.5017,head_hex_35,recovery/fault_hold
35,Progress,resolution,4,old yang,advancing_clarity|voice_warmth|voice_subtlety,slot 1 stable_yin: chaos=0.113 whimsy=0.262 darkTone=0.103 coherence=0.857 voiceWeight=0.832,codegen,transformer,ADAPT,0.616,head_hex_35,recovery/fault_hold
35,Progress,dissolution,5,old yang,advancing_clarity|voice_warmth|voice_subtlety,slot 1 stable_yin: chaos=0.113 whimsy=0.262 darkTone=0.103 coherence=0.857 voiceWeight=0.832,codegen,transformer,ADAPT,0.5902,head_hex_35,recovery/fault_hold
35,Progress,crystallization,6,old yang,advancing_clarity|voice_warmth|voice_subtlety,slot 1 stable_yin: chaos=0.113 whimsy=0.262 darkTone=0.103 coherence=0.857 voiceWeight=0.832,codegen,transformer,ADAPT,0.5902,head_hex_35,recovery/fault_hold
35,Progress,void,7,old yang,advancing_clarity|voice_warmth|voice_subtlety,slot 1 stable_yin: chaos=0.113 whimsy=0.262 darkTone=0.103 coherence=0.857 voiceWeight=0.832,codegen,transformer,ADAPT,0.5902,head_hex_35,recovery/fault_hold
36,Darkening of the Light,past,0,old yang,inner_light_obscured|voice_warmth|voice_subtlety,slot 1 stable_yin: chaos=0.113 whimsy=0.262 darkTone=0.103 coherence=0.857 voiceWeight=0.832,codegen,dissipator,WAIT,0.7126,head_hex_36,recovery/fault_hold
36,Darkening of the Light,present,1,old yang,inner_light_obscured|voice_warmth|voice_subtlety,slot 1 stable_yin: chaos=0.113 whimsy=0.262 darkTone=0.103 coherence=0.857 voiceWeight=0.832,codegen,dissipator,WAIT,0.6936,head_hex_36,recovery/fault_hold
36,Darkening of the Light,future,2,old yang,inner_light_obscured|voice_warmth|voice_subtlety,slot 1 stable_yin: chaos=0.113 whimsy=0.262 darkTone=0.103 coherence=0.857 voiceWeight=0.832,codegen,dissipator,WAIT,0.7018,head_hex_36,recovery/fault_hold
36,Darkening of the Light,transition,3,old yang,inner_light_obscured|voice_warmth|voice_subtlety,slot 1 stable_yin: chaos=0.113 whimsy=0.262 darkTone=0.103 coherence=0.857 voiceWeight=0.832,codegen,dissipator,WAIT,0.6773,head_hex_36,recovery/fault_hold
36,Darkening of the Light,resolution,4,old yang,inner_light_obscured|voice_warmth|voice_subtlety,slot 1 stable_yin: chaos=0.113 whimsy=0.262 darkTone=0.103 coherence=0.857 voiceWeight=0.832,codegen,dissipator,WAIT,0.6936,head_hex_36,recovery/fault_hold
36,Darkening of the Light,dissolution,5,old yang,inner_light_obscured|voice_warmth|voice_subtlety,slot 1 stable_yin: chaos=0.113 whimsy=0.262 darkTone=0.103 coherence=0.857 voiceWeight=0.832,codegen,dissipator,WAIT,0.6773,head_hex_36,recovery/fault_hold
36,Darkening of the Light,crystallization,6,old yang,inner_light_obscured|voice_warmth|voice_subtlety,slot 1 stable_yin: chaos=0.113 whimsy=0.262 darkTone=0.103 coherence=0.857 voiceWeight=0.832,codegen,dissipator,WAIT,0.6773,head_hex_36,recovery/fault_hold
36,Darkening of the Light,void,7,old yang,inner_light_obscured|voice_warmth|voice_subtlety,slot 1 stable_yin: chaos=0.113 whimsy=0.262 darkTone=0.103 coherence=0.857 voiceWeight=0.832,codegen,dissipator,WAIT,0.6773,head_hex_36,recovery/fault_hold
36,Darkening of the Light,past,0,old yang,inner_light_obscured|voice_warmth|voice_subtlety,slot 1 stable_yin: chaos=0.113 whimsy=0.262 darkTone=0.103 coherence=0.857 voiceWeight=0.832,codegen,dissipator,WAIT,0.7126,head_hex_36,recovery/fault_hold
36,Darkening of the Light,present,1,old yang,inner_light_obscured|voice_warmth|voice_subtlety,slot 1 stable_yin: chaos=0.113 whimsy=0.262 darkTone=0.103 coherence=0.857 voiceWeight=0.832,codegen,dissipator,WAIT,0.6936,head_hex_36,recovery/fault_hold
36,Darkening of the Light,future,2,old yang,inner_light_obscured|voice_warmth|voice_subtlety,slot 1 stable_yin: chaos=0.113 whimsy=0.262 darkTone=0.103 coherence=0.857 voiceWeight=0.832,codegen,dissipator,WAIT,0.7018,head_hex_36,recovery/fault_hold
36,Darkening of the Light,transition,3,old yang,inner_light_obscured|voice_warmth|voice_subtlety,slot 1 stable_yin: chaos=0.113 whimsy=0.262 darkTone=0.103 coherence=0.857 voiceWeight=0.832,codegen,dissipator,WAIT,0.6773,head_hex_36,recovery/fault_hold
36,Darkening of the Light,resolution,4,old yang,inner_light_obscured|voice_warmth|voice_subtlety,slot 1 stable_yin: chaos=0.113 whimsy=0.262 darkTone=0.103 coherence=0.857 voiceWeight=0.832,codegen,dissipator,WAIT,0.6936,head_hex_36,recovery/fault_hold
36,Darkening of the Light,dissolution,5,old yang,inner_light_obscured|voice_warmth|voice_subtlety,slot 1 stable_yin: chaos=0.113 whimsy=0.262 darkTone=0.103 coherence=0.857 voiceWeight=0.832,codegen,dissipator,WAIT,0.6773,head_hex_36,recovery/fault_hold
36,Darkening of the Light,crystallization,6,old yang,inner_light_obscured|voice_warmth|voice_subtlety,slot 1 stable_yin: chaos=0.113 whimsy=0.262 darkTone=0.103 coherence=0.857 voiceWeight=0.832,codegen,dissipator,WAIT,0.6773,head_hex_36,recovery/fault_hold
36,Darkening of the Light,void,7,old yang,inner_light_obscured|voice_warmth|voice_subtlety,slot 1 stable_yin: chaos=0.113 whimsy=0.262 darkTone=0.103 coherence=0.857 voiceWeight=0.832,codegen,dissipator,WAIT,0.6773,head_hex_36,recovery/fault_hold
36,Darkening of the Light,past,0,old yang,inner_light_obscured|voice_warmth|voice_subtlety,slot 1 stable_yin: chaos=0.113 whimsy=0.262 darkTone=0.103 coherence=0.857 voiceWeight=0.832,codegen,dissipator,WAIT,0.7126,head_hex_36,recovery/fault_hold
36,Darkening of the Light,present,1,old yang,inner_light_obscured|voice_warmth|voice_subtlety,slot 1 stable_yin: chaos=0.113 whimsy=0.262 darkTone=0.103 coherence=0.857 voiceWeight=0.832,codegen,dissipator,WAIT,0.6936,head_hex_36,recovery/fault_hold
36,Darkening of the Light,future,2,old yang,inner_light_obscured|voice_warmth|voice_subtlety,slot 1 stable_yin: chaos=0.113 whimsy=0.262 darkTone=0.103 coherence=0.857 voiceWeight=0.832,codegen,dissipator,WAIT,0.7018,head_hex_36,recovery/fault_hold
36,Darkening of the Light,transition,3,old yang,inner_light_obscured|voice_warmth|voice_subtlety,slot 1 stable_yin: chaos=0.113 whimsy=0.262 darkTone=0.103 coherence=0.857 voiceWeight=0.832,codegen,dissipator,WAIT,0.6773,head_hex_36,recovery/fault_hold
36,Darkening of the Light,resolution,4,old yang,inner_light_obscured|voice_warmth|voice_subtlety,slot 1 stable_yin: chaos=0.113 whimsy=0.262 darkTone=0.103 coherence=0.857 voiceWeight=0.832,codegen,dissipator,WAIT,0.6936,head_hex_36,recovery/fault_hold
36,Darkening of the Light,dissolution,5,old yang,inner_light_obscured|voice_warmth|voice_subtlety,slot 1 stable_yin: chaos=0.113 whimsy=0.262 darkTone=0.103 coherence=0.857 voiceWeight=0.832,codegen,dissipator,WAIT,0.6773,head_hex_36,recovery/fault_hold
36,Darkening of the Light,crystallization,6,old yang,inner_light_obscured|voice_warmth|voice_subtlety,slot 1 stable_yin: chaos=0.113 whimsy=0.262 darkTone=0.103 coherence=0.857 voiceWeight=0.832,codegen,dissipator,WAIT,0.6773,head_hex_36,recovery/fault_hold
36,Darkening of the Light,void,7,old yang,inner_light_obscured|voice_warmth|voice_subtlety,slot 1 stable_yin: chaos=0.113 whimsy=0.262 darkTone=0.103 coherence=0.857 voiceWeight=0.832,codegen,dissipator,WAIT,0.6773,head_hex_36,recovery/fault_hold
37,The Family,past,0,old yang,structural_bonds|voice_warmth|voice_subtlety,slot 1 stable_yin: chaos=0.113 whimsy=0.262 darkTone=0.103 coherence=0.857 voiceWeight=0.832,codegen,transformer,YIELD,0.5359,head_hex_37,recovery/fault_hold
37,The Family,present,1,old yang,structural_bonds|voice_warmth|voice_subtlety,slot 1 stable_yin: chaos=0.113 whimsy=0.262 darkTone=0.103 coherence=0.857 voiceWeight=0.832,codegen,transformer,YIELD,0.4836,head_hex_37,recovery/fault_hold
37,The Family,future,2,old yang,structural_bonds|voice_warmth|voice_subtlety,slot 1 stable_yin: chaos=0.113 whimsy=0.262 darkTone=0.103 coherence=0.857 voiceWeight=0.832,codegen,transformer,YIELD,0.4836,head_hex_37,recovery/fault_hold
37,The Family,transition,3,old yang,structural_bonds|voice_warmth|voice_subtlety,slot 1 stable_yin: chaos=0.113 whimsy=0.262 darkTone=0.103 coherence=0.857 voiceWeight=0.832,codegen,transformer,YIELD,0.4164,head_hex_37,recovery/fault_hold
37,The Family,resolution,4,old yang,structural_bonds|voice_warmth|voice_subtlety,slot 1 stable_yin: chaos=0.113 whimsy=0.262 darkTone=0.103 coherence=0.857 voiceWeight=0.832,codegen,transformer,YIELD,0.4612,head_hex_37,recovery/fault_hold
37,The Family,dissolution,5,old yang,structural_bonds|voice_warmth|voice_subtlety,slot 1 stable_yin: chaos=0.113 whimsy=0.262 darkTone=0.103 coherence=0.857 voiceWeight=0.832,codegen,transformer,YIELD,0.394,head_hex_37,recovery/fault_hold
37,The Family,crystallization,6,old yang,structural_bonds|voice_warmth|voice_subtlety,slot 1 stable_yin: chaos=0.113 whimsy=0.262 darkTone=0.103 coherence=0.857 voiceWeight=0.832,codegen,transformer,YIELD,0.394,head_hex_37,recovery/fault_hold
37,The Family,void,7,old yang,structural_bonds|voice_warmth|voice_subtlety,slot 1 stable_yin: chaos=0.113 whimsy=0.262 darkTone=0.103 coherence=0.857 voiceWeight=0.832,codegen,transformer,YIELD,0.394,head_hex_37,recovery/fault_hold
37,The Family,past,0,old yang,structural_bonds|voice_warmth|voice_subtlety,slot 1 stable_yin: chaos=0.113 whimsy=0.262 darkTone=0.103 coherence=0.857 voiceWeight=0.832,codegen,transformer,YIELD,0.5359,head_hex_37,recovery/fault_hold
37,The Family,present,1,old yang,structural_bonds|voice_warmth|voice_subtlety,slot 1 stable_yin: chaos=0.113 whimsy=0.262 darkTone=0.103 coherence=0.857 voiceWeight=0.832,codegen,transformer,YIELD,0.4836,head_hex_37,recovery/fault_hold
37,The Family,future,2,old yang,structural_bonds|voice_warmth|voice_subtlety,slot 1 stable_yin: chaos=0.113 whimsy=0.262 darkTone=0.103 coherence=0.857 voiceWeight=0.832,codegen,transformer,YIELD,0.4836,head_hex_37,recovery/fault_hold
37,The Family,transition,3,old yang,structural_bonds|voice_warmth|voice_subtlety,slot 1 stable_yin: chaos=0.113 whimsy=0.262 darkTone=0.103 coherence=0.857 voiceWeight=0.832,codegen,transformer,YIELD,0.4164,head_hex_37,recovery/fault_hold
37,The Family,resolution,4,old yang,structural_bonds|voice_warmth|voice_subtlety,slot 1 stable_yin: chaos=0.113 whimsy=0.262 darkTone=0.103 coherence=0.857 voiceWeight=0.832,codegen,transformer,YIELD,0.4612,head_hex_37,recovery/fault_hold
37,The Family,dissolution,5,old yang,structural_bonds|voice_warmth|voice_subtlety,slot 1 stable_yin: chaos=0.113 whimsy=0.262 darkTone=0.103 coherence=0.857 voiceWeight=0.832,codegen,transformer,YIELD,0.394,head_hex_37,recovery/fault_hold
37,The Family,crystallization,6,old yang,structural_bonds|voice_warmth|voice_subtlety,slot 1 stable_yin: chaos=0.113 whimsy=0.262 darkTone=0.103 coherence=0.857 voiceWeight=0.832,codegen,transformer,YIELD,0.4866,head_hex_37,recovery/fault_hold
37,The Family,void,7,old yang,structural_bonds|voice_warmth|voice_subtlety,slot 1 stable_yin: chaos=0.113 whimsy=0.262 darkTone=0.103 coherence=0.857 voiceWeight=0.832,codegen,transformer,YIELD,0.4866,head_hex_37,recovery/fault_hold
37,The Family,past,0,old yang,structural_bonds|voice_warmth|voice_subtlety,slot 1 stable_yin: chaos=0.113 whimsy=0.262 darkTone=0.103 coherence=0.857 voiceWeight=0.832,codegen,transformer,YIELD,0.5359,head_hex_37,recovery/fault_hold
37,The Family,present,1,old yang,structural_bonds|voice_warmth|voice_subtlety,slot 1 stable_yin: chaos=0.113 whimsy=0.262 darkTone=0.103 coherence=0.857 voiceWeight=0.832,codegen,transformer,YIELD,0.4836,head_hex_37,recovery/fault_hold
37,The Family,future,2,old yang,structural_bonds|voice_warmth|voice_subtlety,slot 1 stable_yin: chaos=0.113 whimsy=0.262 darkTone=0.103 coherence=0.857 voiceWeight=0.832,codegen,transformer,YIELD,0.4836,head_hex_37,recovery/fault_hold
37,The Family,transition,3,old yang,structural_bonds|voice_warmth|voice_subtlety,slot 1 stable_yin: chaos=0.113 whimsy=0.262 darkTone=0.103 coherence=0.857 voiceWeight=0.832,codegen,transformer,YIELD,0.4164,head_hex_37,recovery/fault_hold
37,The Family,resolution,4,old yang,structural_bonds|voice_warmth|voice_subtlety,slot 1 stable_yin: chaos=0.113 whimsy=0.262 darkTone=0.103 coherence=0.857 voiceWeight=0.832,codegen,transformer,YIELD,0.5396,head_hex_37,recovery/fault_hold
37,The Family,dissolution,5,old yang,structural_bonds|voice_warmth|voice_subtlety,slot 1 stable_yin: chaos=0.113 whimsy=0.262 darkTone=0.103 coherence=0.857 voiceWeight=0.832,codegen,transformer,YIELD,0.4866,head_hex_37,recovery/fault_hold
37,The Family,crystallization,6,old yang,structural_bonds|voice_warmth|voice_subtlety,slot 1 stable_yin: chaos=0.113 whimsy=0.262 darkTone=0.103 coherence=0.857 voiceWeight=0.832,codegen,transformer,YIELD,0.4866,head_hex_37,recovery/fault_hold
37,The Family,void,7,old yang,structural_bonds|voice_warmth|voice_subtlety,slot 1 stable_yin: chaos=0.113 whimsy=0.262 darkTone=0.103 coherence=0.857 voiceWeight=0.832,codegen,transformer,YIELD,0.4866,head_hex_37,recovery/fault_hold
38,Opposition,past,0,old yang,divergent_strife|voice_warmth|voice_subtlety,slot 1 stable_yin: chaos=0.113 whimsy=0.262 darkTone=0.103 coherence=0.857 voiceWeight=0.832,codegen,dissipator,ADAPT,0.724,head_hex_38,recovery/fault_hold
38,Opposition,present,1,old yang,divergent_strife|voice_warmth|voice_subtlety,slot 1 stable_yin: chaos=0.113 whimsy=0.262 darkTone=0.103 coherence=0.857 voiceWeight=0.832,codegen,dissipator,ADAPT,0.6969,head_hex_38,recovery/fault_hold
38,Opposition,future,2,old yang,divergent_strife|voice_warmth|voice_subtlety,slot 1 stable_yin: chaos=0.113 whimsy=0.262 darkTone=0.103 coherence=0.857 voiceWeight=0.832,codegen,dissipator,ADAPT,0.705,head_hex_38,recovery/fault_hold
38,Opposition,transition,3,old yang,divergent_strife|voice_warmth|voice_subtlety,slot 1 stable_yin: chaos=0.113 whimsy=0.262 darkTone=0.103 coherence=0.857 voiceWeight=0.832,codegen,dissipator,ADAPT,0.6725,head_hex_38,recovery/fault_hold
38,Opposition,resolution,4,old yang,divergent_strife|voice_warmth|voice_subtlety,slot 1 stable_yin: chaos=0.113 whimsy=0.262 darkTone=0.103 coherence=0.857 voiceWeight=0.832,codegen,dissipator,ADAPT,0.705,head_hex_38,recovery/fault_hold
38,Opposition,dissolution,5,old yang,divergent_strife|voice_warmth|voice_subtlety,slot 1 stable_yin: chaos=0.113 whimsy=0.262 darkTone=0.103 coherence=0.857 voiceWeight=0.832,codegen,dissipator,ADAPT,0.6725,head_hex_38,recovery/fault_hold
38,Opposition,crystallization,6,old yang,divergent_strife|voice_warmth|voice_subtlety,slot 1 stable_yin: chaos=0.113 whimsy=0.262 darkTone=0.103 coherence=0.857 voiceWeight=0.832,codegen,dissipator,ADAPT,0.6806,head_hex_38,recovery/fault_hold
38,Opposition,void,7,old yang,divergent_strife|voice_warmth|voice_subtlety,slot 1 stable_yin: chaos=0.113 whimsy=0.262 darkTone=0.103 coherence=0.857 voiceWeight=0.832,codegen,dissipator,ADAPT,0.6725,head_hex_38,recovery/fault_hold
38,Opposition,past,0,old yang,divergent_strife|voice_warmth|voice_subtlety,slot 1 stable_yin: chaos=0.113 whimsy=0.262 darkTone=0.103 coherence=0.857 voiceWeight=0.832,codegen,dissipator,ADAPT,0.724,head_hex_38,recovery/fault_hold
38,Opposition,present,1,old yang,divergent_strife|voice_warmth|voice_subtlety,slot 1 stable_yin: chaos=0.113 whimsy=0.262 darkTone=0.103 coherence=0.857 voiceWeight=0.832,codegen,dissipator,ADAPT,0.6969,head_hex_38,recovery/fault_hold
38,Opposition,future,2,old yang,divergent_strife|voice_warmth|voice_subtlety,slot 1 stable_yin: chaos=0.113 whimsy=0.262 darkTone=0.103 coherence=0.857 voiceWeight=0.832,codegen,dissipator,ADAPT,0.705,head_hex_38,recovery/fault_hold
38,Opposition,transition,3,old yang,divergent_strife|voice_warmth|voice_subtlety,slot 1 stable_yin: chaos=0.113 whimsy=0.262 darkTone=0.103 coherence=0.857 voiceWeight=0.832,codegen,dissipator,ADAPT,0.6725,head_hex_38,recovery/fault_hold
38,Opposition,resolution,4,old yang,divergent_strife|voice_warmth|voice_subtlety,slot 1 stable_yin: chaos=0.113 whimsy=0.262 darkTone=0.103 coherence=0.857 voiceWeight=0.832,codegen,dissipator,ADAPT,0.705,head_hex_38,recovery/fault_hold
38,Opposition,dissolution,5,old yang,divergent_strife|voice_warmth|voice_subtlety,slot 1 stable_yin: chaos=0.113 whimsy=0.262 darkTone=0.103 coherence=0.857 voiceWeight=0.832,codegen,dissipator,ADAPT,0.6725,head_hex_38,recovery/fault_hold
38,Opposition,crystallization,6,old yang,divergent_strife|voice_warmth|voice_subtlety,slot 1 stable_yin: chaos=0.113 whimsy=0.262 darkTone=0.103 coherence=0.857 voiceWeight=0.832,codegen,dissipator,ADAPT,0.6806,head_hex_38,recovery/fault_hold
38,Opposition,void,7,old yang,divergent_strife|voice_warmth|voice_subtlety,slot 1 stable_yin: chaos=0.113 whimsy=0.262 darkTone=0.103 coherence=0.857 voiceWeight=0.832,codegen,dissipator,ADAPT,0.6725,head_hex_38,recovery/fault_hold
38,Opposition,past,0,old yang,divergent_strife|voice_warmth|voice_subtlety,slot 1 stable_yin: chaos=0.113 whimsy=0.262 darkTone=0.103 coherence=0.857 voiceWeight=0.832,codegen,dissipator,ADAPT,0.724,head_hex_38,recovery/fault_hold
38,Opposition,present,1,old yang,divergent_strife|voice_warmth|voice_subtlety,slot 1 stable_yin: chaos=0.113 whimsy=0.262 darkTone=0.103 coherence=0.857 voiceWeight=0.832,codegen,dissipator,ADAPT,0.6969,head_hex_38,recovery/fault_hold
38,Opposition,future,2,old yang,divergent_strife|voice_warmth|voice_subtlety,slot 1 stable_yin: chaos=0.113 whimsy=0.262 darkTone=0.103 coherence=0.857 voiceWeight=0.832,codegen,dissipator,ADAPT,0.705,head_hex_38,recovery/fault_hold
38,Opposition,transition,3,old yang,divergent_strife|voice_warmth|voice_subtlety,slot 1 stable_yin: chaos=0.113 whimsy=0.262 darkTone=0.103 coherence=0.857 voiceWeight=0.832,codegen,dissipator,ADAPT,0.6725,head_hex_38,recovery/fault_hold
38,Opposition,resolution,4,old yang,divergent_strife|voice_warmth|voice_subtlety,slot 1 stable_yin: chaos=0.113 whimsy=0.262 darkTone=0.103 coherence=0.857 voiceWeight=0.832,codegen,dissipator,ADAPT,0.705,head_hex_38,recovery/fault_hold
38,Opposition,dissolution,5,old yang,divergent_strife|voice_warmth|voice_subtlety,slot 1 stable_yin: chaos=0.113 whimsy=0.262 darkTone=0.103 coherence=0.857 voiceWeight=0.832,codegen,dissipator,ADAPT,0.6725,head_hex_38,recovery/fault_hold
38,Opposition,crystallization,6,old yang,divergent_strife|voice_warmth|voice_subtlety,slot 1 stable_yin: chaos=0.113 whimsy=0.262 darkTone=0.103 coherence=0.857 voiceWeight=0.832,codegen,dissipator,ADAPT,0.6806,head_hex_38,recovery/fault_hold
38,Opposition,void,7,old yang,divergent_strife|voice_warmth|voice_subtlety,slot 1 stable_yin: chaos=0.113 whimsy=0.262 darkTone=0.103 coherence=0.857 voiceWeight=0.832,codegen,dissipator,ADAPT,0.6725,head_hex_38,recovery/fault_hold
39,Obstruction,past,0,old yang,blocked_path|voice_warmth|voice_subtlety,slot 1 stable_yin: chaos=0.113 whimsy=0.262 darkTone=0.103 coherence=0.857 voiceWeight=0.832,codegen,dissipator,WAIT,0.6287,head_hex_39,recovery/fault_hold
39,Obstruction,present,1,old yang,blocked_path|voice_warmth|voice_subtlety,slot 1 stable_yin: chaos=0.113 whimsy=0.262 darkTone=0.103 coherence=0.857 voiceWeight=0.832,codegen,dissipator,WAIT,0.5986,head_hex_39,recovery/fault_hold
39,Obstruction,future,2,old yang,blocked_path|voice_warmth|voice_subtlety,slot 1 stable_yin: chaos=0.113 whimsy=0.262 darkTone=0.103 coherence=0.857 voiceWeight=0.832,codegen,dissipator,WAIT,0.5986,head_hex_39,recovery/fault_hold
39,Obstruction,transition,3,old yang,blocked_path|voice_warmth|voice_subtlety,slot 1 stable_yin: chaos=0.113 whimsy=0.262 darkTone=0.103 coherence=0.857 voiceWeight=0.832,codegen,dissipator,WAIT,0.5728,head_hex_39,recovery/fault_hold
39,Obstruction,resolution,4,old yang,blocked_path|voice_warmth|voice_subtlety,slot 1 stable_yin: chaos=0.113 whimsy=0.262 darkTone=0.103 coherence=0.857 voiceWeight=0.832,codegen,dissipator,WAIT,0.6115,head_hex_39,recovery/fault_hold
39,Obstruction,dissolution,5,old yang,blocked_path|voice_warmth|voice_subtlety,slot 1 stable_yin: chaos=0.113 whimsy=0.262 darkTone=0.103 coherence=0.857 voiceWeight=0.832,codegen,dissipator,WAIT,0.5728,head_hex_39,recovery/fault_hold
39,Obstruction,crystallization,6,old yang,blocked_path|voice_warmth|voice_subtlety,slot 1 stable_yin: chaos=0.113 whimsy=0.262 darkTone=0.103 coherence=0.857 voiceWeight=0.832,codegen,dissipator,WAIT,0.5728,head_hex_39,recovery/fault_hold
39,Obstruction,void,7,old yang,blocked_path|voice_warmth|voice_subtlety,slot 1 stable_yin: chaos=0.113 whimsy=0.262 darkTone=0.103 coherence=0.857 voiceWeight=0.832,codegen,dissipator,WAIT,0.5728,head_hex_39,recovery/fault_hold
39,Obstruction,past,0,old yang,blocked_path|voice_warmth|voice_subtlety,slot 1 stable_yin: chaos=0.113 whimsy=0.262 darkTone=0.103 coherence=0.857 voiceWeight=0.832,codegen,dissipator,WAIT,0.6287,head_hex_39,recovery/fault_hold
39,Obstruction,present,1,old yang,blocked_path|voice_warmth|voice_subtlety,slot 1 stable_yin: chaos=0.113 whimsy=0.262 darkTone=0.103 coherence=0.857 voiceWeight=0.832,codegen,dissipator,WAIT,0.5986,head_hex_39,recovery/fault_hold
39,Obstruction,future,2,old yang,blocked_path|voice_warmth|voice_subtlety,slot 1 stable_yin: chaos=0.113 whimsy=0.262 darkTone=0.103 coherence=0.857 voiceWeight=0.832,codegen,dissipator,WAIT,0.5986,head_hex_39,recovery/fault_hold
39,Obstruction,transition,3,old yang,blocked_path|voice_warmth|voice_subtlety,slot 1 stable_yin: chaos=0.113 whimsy=0.262 darkTone=0.103 coherence=0.857 voiceWeight=0.832,codegen,dissipator,WAIT,0.5728,head_hex_39,recovery/fault_hold
39,Obstruction,resolution,4,old yang,blocked_path|voice_warmth|voice_subtlety,slot 1 stable_yin: chaos=0.113 whimsy=0.262 darkTone=0.103 coherence=0.857 voiceWeight=0.832,codegen,dissipator,WAIT,0.6115,head_hex_39,recovery/fault_hold
39,Obstruction,dissolution,5,old yang,blocked_path|voice_warmth|voice_subtlety,slot 1 stable_yin: chaos=0.113 whimsy=0.262 darkTone=0.103 coherence=0.857 voiceWeight=0.832,codegen,dissipator,WAIT,0.5728,head_hex_39,recovery/fault_hold
39,Obstruction,crystallization,6,old yang,blocked_path|voice_warmth|voice_subtlety,slot 1 stable_yin: chaos=0.113 whimsy=0.262 darkTone=0.103 coherence=0.857 voiceWeight=0.832,codegen,dissipator,WAIT,0.6677,head_hex_39,recovery/fault_hold
39,Obstruction,void,7,old yang,blocked_path|voice_warmth|voice_subtlety,slot 1 stable_yin: chaos=0.113 whimsy=0.262 darkTone=0.103 coherence=0.857 voiceWeight=0.832,codegen,dissipator,WAIT,0.6677,head_hex_39,recovery/fault_hold
39,Obstruction,past,0,old yang,blocked_path|voice_warmth|voice_subtlety,slot 1 stable_yin: chaos=0.113 whimsy=0.262 darkTone=0.103 coherence=0.857 voiceWeight=0.832,codegen,dissipator,WAIT,0.6287,head_hex_39,recovery/fault_hold
39,Obstruction,present,1,old yang,blocked_path|voice_warmth|voice_subtlety,slot 1 stable_yin: chaos=0.113 whimsy=0.262 darkTone=0.103 coherence=0.857 voiceWeight=0.832,codegen,dissipator,WAIT,0.5986,head_hex_39,recovery/fault_hold
39,Obstruction,future,2,old yang,blocked_path|voice_warmth|voice_subtlety,slot 1 stable_yin: chaos=0.113 whimsy=0.262 darkTone=0.103 coherence=0.857 voiceWeight=0.832,codegen,dissipator,WAIT,0.5986,head_hex_39,recovery/fault_hold
39,Obstruction,transition,3,old yang,blocked_path|voice_warmth|voice_subtlety,slot 1 stable_yin: chaos=0.113 whimsy=0.262 darkTone=0.103 coherence=0.857 voiceWeight=0.832,codegen,dissipator,WAIT,0.5728,head_hex_39,recovery/fault_hold
39,Obstruction,resolution,4,old yang,blocked_path|voice_warmth|voice_subtlety,slot 1 stable_yin: chaos=0.113 whimsy=0.262 darkTone=0.103 coherence=0.857 voiceWeight=0.832,codegen,dissipator,WAIT,0.6921,head_hex_39,recovery/fault_hold
39,Obstruction,dissolution,5,old yang,blocked_path|voice_warmth|voice_subtlety,slot 1 stable_yin: chaos=0.113 whimsy=0.262 darkTone=0.103 coherence=0.857 voiceWeight=0.832,codegen,dissipator,WAIT,0.6677,head_hex_39,recovery/fault_hold
39,Obstruction,crystallization,6,old yang,blocked_path|voice_warmth|voice_subtlety,slot 1 stable_yin: chaos=0.113 whimsy=0.262 darkTone=0.103 coherence=0.857 voiceWeight=0.832,codegen,dissipator,WAIT,0.6677,head_hex_39,recovery/fault_hold
39,Obstruction,void,7,old yang,blocked_path|voice_warmth|voice_subtlety,slot 1 stable_yin: chaos=0.113 whimsy=0.262 darkTone=0.103 coherence=0.857 voiceWeight=0.832,codegen,dissipator,WAIT,0.6677,head_hex_39,recovery/fault_hold
40,Deliverance,past,0,old yang,breaking_storm|voice_warmth|voice_subtlety,slot 1 stable_yin: chaos=0.113 whimsy=0.262 darkTone=0.103 coherence=0.857 voiceWeight=0.832,codegen,transformer,ADAPT,0.6078,head_hex_40,recovery/fault_hold
40,Deliverance,present,1,old yang,breaking_storm|voice_warmth|voice_subtlety,slot 1 stable_yin: chaos=0.113 whimsy=0.262 darkTone=0.103 coherence=0.857 voiceWeight=0.832,codegen,transformer,ADAPT,0.5906,head_hex_40,recovery/fault_hold
40,Deliverance,future,2,old yang,breaking_storm|voice_warmth|voice_subtlety,slot 1 stable_yin: chaos=0.113 whimsy=0.262 darkTone=0.103 coherence=0.857 voiceWeight=0.832,codegen,transformer,ADAPT,0.5777,head_hex_40,recovery/fault_hold
40,Deliverance,transition,3,old yang,breaking_storm|voice_warmth|voice_subtlety,slot 1 stable_yin: chaos=0.113 whimsy=0.262 darkTone=0.103 coherence=0.857 voiceWeight=0.832,codegen,transformer,ADAPT,0.5519,head_hex_40,recovery/fault_hold
40,Deliverance,resolution,4,old yang,breaking_storm|voice_warmth|voice_subtlety,slot 1 stable_yin: chaos=0.113 whimsy=0.262 darkTone=0.103 coherence=0.857 voiceWeight=0.832,codegen,transformer,ADAPT,0.5777,head_hex_40,recovery/fault_hold
40,Deliverance,dissolution,5,old yang,breaking_storm|voice_warmth|voice_subtlety,slot 1 stable_yin: chaos=0.113 whimsy=0.262 darkTone=0.103 coherence=0.857 voiceWeight=0.832,codegen,transformer,ADAPT,0.5519,head_hex_40,recovery/fault_hold
40,Deliverance,crystallization,6,old yang,breaking_storm|voice_warmth|voice_subtlety,slot 1 stable_yin: chaos=0.113 whimsy=0.262 darkTone=0.103 coherence=0.857 voiceWeight=0.832,codegen,transformer,ADAPT,0.5519,head_hex_40,recovery/fault_hold
40,Deliverance,void,7,old yang,breaking_storm|voice_warmth|voice_subtlety,slot 1 stable_yin: chaos=0.113 whimsy=0.262 darkTone=0.103 coherence=0.857 voiceWeight=0.832,codegen,transformer,ADAPT,0.5519,head_hex_40,recovery/fault_hold
40,Deliverance,past,0,old yang,breaking_storm|voice_warmth|voice_subtlety,slot 1 stable_yin: chaos=0.113 whimsy=0.262 darkTone=0.103 coherence=0.857 voiceWeight=0.832,codegen,transformer,ADAPT,0.6078,head_hex_40,recovery/fault_hold
40,Deliverance,present,1,old yang,breaking_storm|voice_warmth|voice_subtlety,slot 1 stable_yin: chaos=0.113 whimsy=0.262 darkTone=0.103 coherence=0.857 voiceWeight=0.832,codegen,transformer,ADAPT,0.5906,head_hex_40,recovery/fault_hold
40,Deliverance,future,2,old yang,breaking_storm|voice_warmth|voice_subtlety,slot 1 stable_yin: chaos=0.113 whimsy=0.262 darkTone=0.103 coherence=0.857 voiceWeight=0.832,codegen,transformer,ADAPT,0.5777,head_hex_40,recovery/fault_hold
40,Deliverance,transition,3,old yang,breaking_storm|voice_warmth|voice_subtlety,slot 1 stable_yin: chaos=0.113 whimsy=0.262 darkTone=0.103 coherence=0.857 voiceWeight=0.832,codegen,transformer,ADAPT,0.5519,head_hex_40,recovery/fault_hold
40,Deliverance,resolution,4,old yang,breaking_storm|voice_warmth|voice_subtlety,slot 1 stable_yin: chaos=0.113 whimsy=0.262 darkTone=0.103 coherence=0.857 voiceWeight=0.832,codegen,transformer,ADAPT,0.5777,head_hex_40,recovery/fault_hold
40,Deliverance,dissolution,5,old yang,breaking_storm|voice_warmth|voice_subtlety,slot 1 stable_yin: chaos=0.113 whimsy=0.262 darkTone=0.103 coherence=0.857 voiceWeight=0.832,codegen,transformer,ADAPT,0.5519,head_hex_40,recovery/fault_hold
40,Deliverance,crystallization,6,old yang,breaking_storm|voice_warmth|voice_subtlety,slot 1 stable_yin: chaos=0.113 whimsy=0.262 darkTone=0.103 coherence=0.857 voiceWeight=0.832,codegen,transformer,ADAPT,0.6517,head_hex_40,recovery/fault_hold
40,Deliverance,void,7,old yang,breaking_storm|voice_warmth|voice_subtlety,slot 1 stable_yin: chaos=0.113 whimsy=0.262 darkTone=0.103 coherence=0.857 voiceWeight=0.832,codegen,transformer,ADAPT,0.6517,head_hex_40,recovery/fault_hold
40,Deliverance,past,0,old yang,breaking_storm|voice_warmth|voice_subtlety,slot 1 stable_yin: chaos=0.113 whimsy=0.262 darkTone=0.103 coherence=0.857 voiceWeight=0.832,codegen,transformer,ADAPT,0.6078,head_hex_40,recovery/fault_hold
40,Deliverance,present,1,old yang,breaking_storm|voice_warmth|voice_subtlety,slot 1 stable_yin: chaos=0.113 whimsy=0.262 darkTone=0.103 coherence=0.857 voiceWeight=0.832,codegen,transformer,ADAPT,0.5906,head_hex_40,recovery/fault_hold
40,Deliverance,future,2,old yang,breaking_storm|voice_warmth|voice_subtlety,slot 1 stable_yin: chaos=0.113 whimsy=0.262 darkTone=0.103 coherence=0.857 voiceWeight=0.832,codegen,transformer,ADAPT,0.5777,head_hex_40,recovery/fault_hold
40,Deliverance,transition,3,old yang,breaking_storm|voice_warmth|voice_subtlety,slot 1 stable_yin: chaos=0.113 whimsy=0.262 darkTone=0.103 coherence=0.857 voiceWeight=0.832,codegen,transformer,ADAPT,0.5519,head_hex_40,recovery/fault_hold
40,Deliverance,resolution,4,old yang,breaking_storm|voice_warmth|voice_subtlety,slot 1 stable_yin: chaos=0.113 whimsy=0.262 darkTone=0.103 coherence=0.857 voiceWeight=0.832,codegen,transformer,ADAPT,0.668,head_hex_40,recovery/fault_hold
40,Deliverance,dissolution,5,old yang,breaking_storm|voice_warmth|voice_subtlety,slot 1 stable_yin: chaos=0.113 whimsy=0.262 darkTone=0.103 coherence=0.857 voiceWeight=0.832,codegen,transformer,ADAPT,0.6517,head_hex_40,recovery/fault_hold
40,Deliverance,crystallization,6,old yang,breaking_storm|voice_warmth|voice_subtlety,slot 1 stable_yin: chaos=0.113 whimsy=0.262 darkTone=0.103 coherence=0.857 voiceWeight=0.832,codegen,transformer,ADAPT,0.6517,head_hex_40,recovery/fault_hold
40,Deliverance,void,7,old yang,breaking_storm|voice_warmth|voice_subtlety,slot 1 stable_yin: chaos=0.113 whimsy=0.262 darkTone=0.103 coherence=0.857 voiceWeight=0.832,codegen,transformer,ADAPT,0.6517,head_hex_40,recovery/fault_hold
41,Decrease,past,0,old yang,serving_loss|voice_warmth|voice_subtlety,slot 1 stable_yin: chaos=0.113 whimsy=0.262 darkTone=0.103 coherence=0.857 voiceWeight=0.832,codegen,transformer,YIELD,0.5344,head_hex_41,recovery/fault_hold
41,Decrease,present,1,old yang,serving_loss|voice_warmth|voice_subtlety,slot 1 stable_yin: chaos=0.113 whimsy=0.262 darkTone=0.103 coherence=0.857 voiceWeight=0.832,codegen,transformer,YIELD,0.4672,head_hex_41,recovery/fault_hold
41,Decrease,future,2,old yang,serving_loss|voice_warmth|voice_subtlety,slot 1 stable_yin: chaos=0.113 whimsy=0.262 darkTone=0.103 coherence=0.857 voiceWeight=0.832,codegen,transformer,YIELD,0.4672,head_hex_41,recovery/fault_hold
41,Decrease,transition,3,old yang,serving_loss|voice_warmth|voice_subtlety,slot 1 stable_yin: chaos=0.113 whimsy=0.262 darkTone=0.103 coherence=0.857 voiceWeight=0.832,codegen,transformer,YIELD,0.4,head_hex_41,recovery/fault_hold
41,Decrease,resolution,4,old yang,serving_loss|voice_warmth|voice_subtlety,slot 1 stable_yin: chaos=0.113 whimsy=0.262 darkTone=0.103 coherence=0.857 voiceWeight=0.832,codegen,transformer,YIELD,0.4672,head_hex_41,recovery/fault_hold
41,Decrease,dissolution,5,old yang,serving_loss|voice_warmth|voice_subtlety,slot 1 stable_yin: chaos=0.113 whimsy=0.262 darkTone=0.103 coherence=0.857 voiceWeight=0.832,codegen,transformer,YIELD,0.4,head_hex_41,recovery/fault_hold
41,Decrease,crystallization,6,old yang,serving_loss|voice_warmth|voice_subtlety,slot 1 stable_yin: chaos=0.113 whimsy=0.262 darkTone=0.103 coherence=0.857 voiceWeight=0.832,codegen,transformer,YIELD,0.4,head_hex_41,recovery/fault_hold
41,Decrease,void,7,old yang,serving_loss|voice_warmth|voice_subtlety,slot 1 stable_yin: chaos=0.113 whimsy=0.262 darkTone=0.103 coherence=0.857 voiceWeight=0.832,codegen,transformer,YIELD,0.4,head_hex_41,recovery/fault_hold
41,Decrease,past,0,old yang,serving_loss|voice_warmth|voice_subtlety,slot 1 stable_yin: chaos=0.113 whimsy=0.262 darkTone=0.103 coherence=0.857 voiceWeight=0.832,codegen,transformer,YIELD,0.5344,head_hex_41,recovery/fault_hold
41,Decrease,present,1,old yang,serving_loss|voice_warmth|voice_subtlety,slot 1 stable_yin: chaos=0.113 whimsy=0.262 darkTone=0.103 coherence=0.857 voiceWeight=0.832,codegen,transformer,YIELD,0.4672,head_hex_41,recovery/fault_hold
41,Decrease,future,2,old yang,serving_loss|voice_warmth|voice_subtlety,slot 1 stable_yin: chaos=0.113 whimsy=0.262 darkTone=0.103 coherence=0.857 voiceWeight=0.832,codegen,transformer,YIELD,0.4672,head_hex_41,recovery/fault_hold
41,Decrease,transition,3,old yang,serving_loss|voice_warmth|voice_subtlety,slot 1 stable_yin: chaos=0.113 whimsy=0.262 darkTone=0.103 coherence=0.857 voiceWeight=0.832,codegen,transformer,YIELD,0.4,head_hex_41,recovery/fault_hold
41,Decrease,resolution,4,old yang,serving_loss|voice_warmth|voice_subtlety,slot 1 stable_yin: chaos=0.113 whimsy=0.262 darkTone=0.103 coherence=0.857 voiceWeight=0.832,codegen,transformer,YIELD,0.4672,head_hex_41,recovery/fault_hold
41,Decrease,dissolution,5,old yang,serving_loss|voice_warmth|voice_subtlety,slot 1 stable_yin: chaos=0.113 whimsy=0.262 darkTone=0.103 coherence=0.857 voiceWeight=0.832,codegen,transformer,YIELD,0.4,head_hex_41,recovery/fault_hold
41,Decrease,crystallization,6,old yang,serving_loss|voice_warmth|voice_subtlety,slot 1 stable_yin: chaos=0.113 whimsy=0.262 darkTone=0.103 coherence=0.857 voiceWeight=0.832,codegen,transformer,YIELD,0.4897,head_hex_41,recovery/fault_hold
41,Decrease,void,7,old yang,serving_loss|voice_warmth|voice_subtlety,slot 1 stable_yin: chaos=0.113 whimsy=0.262 darkTone=0.103 coherence=0.857 voiceWeight=0.832,codegen,transformer,YIELD,0.4897,head_hex_41,recovery/fault_hold
41,Decrease,past,0,old yang,serving_loss|voice_warmth|voice_subtlety,slot 1 stable_yin: chaos=0.113 whimsy=0.262 darkTone=0.103 coherence=0.857 voiceWeight=0.832,codegen,transformer,YIELD,0.5344,head_hex_41,recovery/fault_hold
41,Decrease,present,1,old yang,serving_loss|voice_warmth|voice_subtlety,slot 1 stable_yin: chaos=0.113 whimsy=0.262 darkTone=0.103 coherence=0.857 voiceWeight=0.832,codegen,transformer,YIELD,0.4672,head_hex_41,recovery/fault_hold
41,Decrease,future,2,old yang,serving_loss|voice_warmth|voice_subtlety,slot 1 stable_yin: chaos=0.113 whimsy=0.262 darkTone=0.103 coherence=0.857 voiceWeight=0.832,codegen,transformer,YIELD,0.4672,head_hex_41,recovery/fault_hold
41,Decrease,transition,3,old yang,serving_loss|voice_warmth|voice_subtlety,slot 1 stable_yin: chaos=0.113 whimsy=0.262 darkTone=0.103 coherence=0.857 voiceWeight=0.832,codegen,transformer,YIELD,0.4,head_hex_41,recovery/fault_hold
41,Decrease,resolution,4,old yang,serving_loss|voice_warmth|voice_subtlety,slot 1 stable_yin: chaos=0.113 whimsy=0.262 darkTone=0.103 coherence=0.857 voiceWeight=0.832,codegen,transformer,YIELD,0.5426,head_hex_41,recovery/fault_hold
41,Decrease,dissolution,5,old yang,serving_loss|voice_warmth|voice_subtlety,slot 1 stable_yin: chaos=0.113 whimsy=0.262 darkTone=0.103 coherence=0.857 voiceWeight=0.832,codegen,transformer,YIELD,0.4897,head_hex_41,recovery/fault_hold
41,Decrease,crystallization,6,old yang,serving_loss|voice_warmth|voice_subtlety,slot 1 stable_yin: chaos=0.113 whimsy=0.262 darkTone=0.103 coherence=0.857 voiceWeight=0.832,codegen,transformer,YIELD,0.4897,head_hex_41,recovery/fault_hold
41,Decrease,void,7,old yang,serving_loss|voice_warmth|voice_subtlety,slot 1 stable_yin: chaos=0.113 whimsy=0.262 darkTone=0.103 coherence=0.857 voiceWeight=0.832,codegen,transformer,YIELD,0.4897,head_hex_41,recovery/fault_hold
42,Increase,past,0,old yang,abundant_growth|voice_warmth|voice_subtlety,slot 1 stable_yin: chaos=0.113 whimsy=0.262 darkTone=0.103 coherence=0.857 voiceWeight=0.832,codegen,transformer,ASSERT,0.5929,head_hex_42,recovery/fault_hold
42,Increase,present,1,old yang,abundant_growth|voice_warmth|voice_subtlety,slot 1 stable_yin: chaos=0.113 whimsy=0.262 darkTone=0.103 coherence=0.857 voiceWeight=0.832,codegen,transformer,ASSERT,0.54,head_hex_42,recovery/fault_hold
42,Increase,future,2,old yang,abundant_growth|voice_warmth|voice_subtlety,slot 1 stable_yin: chaos=0.113 whimsy=0.262 darkTone=0.103 coherence=0.857 voiceWeight=0.832,codegen,transformer,ASSERT,0.54,head_hex_42,recovery/fault_hold
42,Increase,transition,3,old yang,abundant_growth|voice_warmth|voice_subtlety,slot 1 stable_yin: chaos=0.113 whimsy=0.262 darkTone=0.103 coherence=0.857 voiceWeight=0.832,codegen,transformer,ASSERT,0.487,head_hex_42,recovery/fault_hold
42,Increase,resolution,4,old yang,abundant_growth|voice_warmth|voice_subtlety,slot 1 stable_yin: chaos=0.113 whimsy=0.262 darkTone=0.103 coherence=0.857 voiceWeight=0.832,codegen,transformer,ASSERT,0.54,head_hex_42,recovery/fault_hold
42,Increase,dissolution,5,old yang,abundant_growth|voice_warmth|voice_subtlety,slot 1 stable_yin: chaos=0.113 whimsy=0.262 darkTone=0.103 coherence=0.857 voiceWeight=0.832,codegen,transformer,ASSERT,0.487,head_hex_42,recovery/fault_hold
42,Increase,crystallization,6,old yang,abundant_growth|voice_warmth|voice_subtlety,slot 1 stable_yin: chaos=0.113 whimsy=0.262 darkTone=0.103 coherence=0.857 voiceWeight=0.832,codegen,transformer,ASSERT,0.487,head_hex_42,recovery/fault_hold
42,Increase,void,7,old yang,abundant_growth|voice_warmth|voice_subtlety,slot 1 stable_yin: chaos=0.113 whimsy=0.262 darkTone=0.103 coherence=0.857 voiceWeight=0.832,codegen,transformer,ASSERT,0.487,head_hex_42,recovery/fault_hold
42,Increase,past,0,old yang,abundant_growth|voice_warmth|voice_subtlety,slot 1 stable_yin: chaos=0.113 whimsy=0.262 darkTone=0.103 coherence=0.857 voiceWeight=0.832,codegen,transformer,ASSERT,0.5929,head_hex_42,recovery/fault_hold
42,Increase,present,1,old yang,abundant_growth|voice_warmth|voice_subtlety,slot 1 stable_yin: chaos=0.113 whimsy=0.262 darkTone=0.103 coherence=0.857 voiceWeight=0.832,codegen,transformer,ASSERT,0.54,head_hex_42,recovery/fault_hold
42,Increase,future,2,old yang,abundant_growth|voice_warmth|voice_subtlety,slot 1 stable_yin: chaos=0.113 whimsy=0.262 darkTone=0.103 coherence=0.857 voiceWeight=0.832,codegen,transformer,ASSERT,0.54,head_hex_42,recovery/fault_hold
42,Increase,transition,3,old yang,abundant_growth|voice_warmth|voice_subtlety,slot 1 stable_yin: chaos=0.113 whimsy=0.262 darkTone=0.103 coherence=0.857 voiceWeight=0.832,codegen,transformer,ASSERT,0.487,head_hex_42,recovery/fault_hold
42,Increase,resolution,4,old yang,abundant_growth|voice_warmth|voice_subtlety,slot 1 stable_yin: chaos=0.113 whimsy=0.262 darkTone=0.103 coherence=0.857 voiceWeight=0.832,codegen,transformer,ASSERT,0.54,head_hex_42,recovery/fault_hold
42,Increase,dissolution,5,old yang,abundant_growth|voice_warmth|voice_subtlety,slot 1 stable_yin: chaos=0.113 whimsy=0.262 darkTone=0.103 coherence=0.857 voiceWeight=0.832,codegen,transformer,ASSERT,0.487,head_hex_42,recovery/fault_hold
42,Increase,crystallization,6,old yang,abundant_growth|voice_warmth|voice_subtlety,slot 1 stable_yin: chaos=0.113 whimsy=0.262 darkTone=0.103 coherence=0.857 voiceWeight=0.832,codegen,transformer,ASSERT,0.5868,head_hex_42,recovery/fault_hold
42,Increase,void,7,old yang,abundant_growth|voice_warmth|voice_subtlety,slot 1 stable_yin: chaos=0.113 whimsy=0.262 darkTone=0.103 coherence=0.857 voiceWeight=0.832,codegen,transformer,ASSERT,0.5868,head_hex_42,recovery/fault_hold
42,Increase,past,0,old yang,abundant_growth|voice_warmth|voice_subtlety,slot 1 stable_yin: chaos=0.113 whimsy=0.262 darkTone=0.103 coherence=0.857 voiceWeight=0.832,codegen,transformer,ASSERT,0.5929,head_hex_42,recovery/fault_hold
42,Increase,present,1,old yang,abundant_growth|voice_warmth|voice_subtlety,slot 1 stable_yin: chaos=0.113 whimsy=0.262 darkTone=0.103 coherence=0.857 voiceWeight=0.832,codegen,transformer,ASSERT,0.54,head_hex_42,recovery/fault_hold
42,Increase,future,2,old yang,abundant_growth|voice_warmth|voice_subtlety,slot 1 stable_yin: chaos=0.113 whimsy=0.262 darkTone=0.103 coherence=0.857 voiceWeight=0.832,codegen,transformer,ASSERT,0.54,head_hex_42,recovery/fault_hold
42,Increase,transition,3,old yang,abundant_growth|voice_warmth|voice_subtlety,slot 1 stable_yin: chaos=0.113 whimsy=0.262 darkTone=0.103 coherence=0.857 voiceWeight=0.832,codegen,transformer,ASSERT,0.487,head_hex_42,recovery/fault_hold
42,Increase,resolution,4,old yang,abundant_growth|voice_warmth|voice_subtlety,slot 1 stable_yin: chaos=0.113 whimsy=0.262 darkTone=0.103 coherence=0.857 voiceWeight=0.832,codegen,transformer,ASSERT,0.6255,head_hex_42,recovery/fault_hold
42,Increase,dissolution,5,old yang,abundant_growth|voice_warmth|voice_subtlety,slot 1 stable_yin: chaos=0.113 whimsy=0.262 darkTone=0.103 coherence=0.857 voiceWeight=0.832,codegen,transformer,ASSERT,0.5868,head_hex_42,recovery/fault_hold
42,Increase,crystallization,6,old yang,abundant_growth|voice_warmth|voice_subtlety,slot 1 stable_yin: chaos=0.113 whimsy=0.262 darkTone=0.103 coherence=0.857 voiceWeight=0.832,codegen,transformer,ASSERT,0.5868,head_hex_42,recovery/fault_hold
42,Increase,void,7,old yang,abundant_growth|voice_warmth|voice_subtlety,slot 1 stable_yin: chaos=0.113 whimsy=0.262 darkTone=0.103 coherence=0.857 voiceWeight=0.832,codegen,transformer,ASSERT,0.5868,head_hex_42,recovery/fault_hold
43,Breakthrough,past,0,old yang,decisive_resolution|voice_warmth|voice_subtlety,slot 1 stable_yin: chaos=0.113 whimsy=0.262 darkTone=0.103 coherence=0.857 voiceWeight=0.832,codegen,sovereign,ASSERT,0.5577,head_hex_43,recovery/fault_hold
43,Breakthrough,present,1,old yang,decisive_resolution|voice_warmth|voice_subtlety,slot 1 stable_yin: chaos=0.113 whimsy=0.262 darkTone=0.103 coherence=0.857 voiceWeight=0.832,codegen,sovereign,ASSERT,0.498,head_hex_43,recovery/fault_hold
43,Breakthrough,future,2,old yang,decisive_resolution|voice_warmth|voice_subtlety,slot 1 stable_yin: chaos=0.113 whimsy=0.262 darkTone=0.103 coherence=0.857 voiceWeight=0.832,codegen,sovereign,ASSERT,0.498,head_hex_43,recovery/fault_hold
43,Breakthrough,transition,3,old yang,decisive_resolution|voice_warmth|voice_subtlety,slot 1 stable_yin: chaos=0.113 whimsy=0.262 darkTone=0.103 coherence=0.857 voiceWeight=0.832,codegen,sovereign,ASSERT,0.4084,head_hex_43,recovery/fault_hold
43,Breakthrough,resolution,4,old yang,decisive_resolution|voice_warmth|voice_subtlety,slot 1 stable_yin: chaos=0.113 whimsy=0.262 darkTone=0.103 coherence=0.857 voiceWeight=0.832,codegen,sovereign,ASSERT,0.5204,head_hex_43,recovery/fault_hold
43,Breakthrough,dissolution,5,old yang,decisive_resolution|voice_warmth|voice_subtlety,slot 1 stable_yin: chaos=0.113 whimsy=0.262 darkTone=0.103 coherence=0.857 voiceWeight=0.832,codegen,sovereign,ASSERT,0.4308,head_hex_43,recovery/fault_hold
43,Breakthrough,crystallization,6,old yang,decisive_resolution|voice_warmth|voice_subtlety,slot 1 stable_yin: chaos=0.113 whimsy=0.262 darkTone=0.103 coherence=0.857 voiceWeight=0.832,codegen,sovereign,ASSERT,0.4308,head_hex_43,recovery/fault_hold
43,Breakthrough,void,7,old yang,decisive_resolution|voice_warmth|voice_subtlety,slot 1 stable_yin: chaos=0.113 whimsy=0.262 darkTone=0.103 coherence=0.857 voiceWeight=0.832,codegen,sovereign,ASSERT,0.4084,head_hex_43,recovery/fault_hold
43,Breakthrough,past,0,old yang,decisive_resolution|voice_warmth|voice_subtlety,slot 1 stable_yin: chaos=0.113 whimsy=0.262 darkTone=0.103 coherence=0.857 voiceWeight=0.832,codegen,sovereign,ASSERT,0.5577,head_hex_43,recovery/fault_hold
43,Breakthrough,present,1,old yang,decisive_resolution|voice_warmth|voice_subtlety,slot 1 stable_yin: chaos=0.113 whimsy=0.262 darkTone=0.103 coherence=0.857 voiceWeight=0.832,codegen,sovereign,ASSERT,0.498,head_hex_43,recovery/fault_hold
43,Breakthrough,future,2,old yang,decisive_resolution|voice_warmth|voice_subtlety,slot 1 stable_yin: chaos=0.113 whimsy=0.262 darkTone=0.103 coherence=0.857 voiceWeight=0.832,codegen,sovereign,ASSERT,0.498,head_hex_43,recovery/fault_hold
43,Breakthrough,transition,3,old yang,decisive_resolution|voice_warmth|voice_subtlety,slot 1 stable_yin: chaos=0.113 whimsy=0.262 darkTone=0.103 coherence=0.857 voiceWeight=0.832,codegen,sovereign,ASSERT,0.4084,head_hex_43,recovery/fault_hold
43,Breakthrough,resolution,4,old yang,decisive_resolution|voice_warmth|voice_subtlety,slot 1 stable_yin: chaos=0.113 whimsy=0.262 darkTone=0.103 coherence=0.857 voiceWeight=0.832,codegen,sovereign,ASSERT,0.5204,head_hex_43,recovery/fault_hold
43,Breakthrough,dissolution,5,old yang,decisive_resolution|voice_warmth|voice_subtlety,slot 1 stable_yin: chaos=0.113 whimsy=0.262 darkTone=0.103 coherence=0.857 voiceWeight=0.832,codegen,sovereign,ASSERT,0.4308,head_hex_43,recovery/fault_hold
43,Breakthrough,crystallization,6,old yang,decisive_resolution|voice_warmth|voice_subtlety,slot 1 stable_yin: chaos=0.113 whimsy=0.262 darkTone=0.103 coherence=0.857 voiceWeight=0.832,codegen,sovereign,ASSERT,0.5213,head_hex_43,recovery/fault_hold
43,Breakthrough,void,7,old yang,decisive_resolution|voice_warmth|voice_subtlety,slot 1 stable_yin: chaos=0.113 whimsy=0.262 darkTone=0.103 coherence=0.857 voiceWeight=0.832,codegen,sovereign,ASSERT,0.5037,head_hex_43,recovery/fault_hold
43,Breakthrough,past,0,old yang,decisive_resolution|voice_warmth|voice_subtlety,slot 1 stable_yin: chaos=0.113 whimsy=0.262 darkTone=0.103 coherence=0.857 voiceWeight=0.832,codegen,sovereign,ASSERT,0.5577,head_hex_43,recovery/fault_hold
43,Breakthrough,present,1,old yang,decisive_resolution|voice_warmth|voice_subtlety,slot 1 stable_yin: chaos=0.113 whimsy=0.262 darkTone=0.103 coherence=0.857 voiceWeight=0.832,codegen,sovereign,ASSERT,0.498,head_hex_43,recovery/fault_hold
43,Breakthrough,future,2,old yang,decisive_resolution|voice_warmth|voice_subtlety,slot 1 stable_yin: chaos=0.113 whimsy=0.262 darkTone=0.103 coherence=0.857 voiceWeight=0.832,codegen,sovereign,ASSERT,0.498,head_hex_43,recovery/fault_hold
43,Breakthrough,transition,3,old yang,decisive_resolution|voice_warmth|voice_subtlety,slot 1 stable_yin: chaos=0.113 whimsy=0.262 darkTone=0.103 coherence=0.857 voiceWeight=0.832,codegen,sovereign,ASSERT,0.4084,head_hex_43,recovery/fault_hold
43,Breakthrough,resolution,4,old yang,decisive_resolution|voice_warmth|voice_subtlety,slot 1 stable_yin: chaos=0.113 whimsy=0.262 darkTone=0.103 coherence=0.857 voiceWeight=0.832,codegen,sovereign,ASSERT,0.5919,head_hex_43,recovery/fault_hold
43,Breakthrough,dissolution,5,old yang,decisive_resolution|voice_warmth|voice_subtlety,slot 1 stable_yin: chaos=0.113 whimsy=0.262 darkTone=0.103 coherence=0.857 voiceWeight=0.832,codegen,sovereign,ASSERT,0.5213,head_hex_43,recovery/fault_hold
43,Breakthrough,crystallization,6,old yang,decisive_resolution|voice_warmth|voice_subtlety,slot 1 stable_yin: chaos=0.113 whimsy=0.262 darkTone=0.103 coherence=0.857 voiceWeight=0.832,codegen,sovereign,ASSERT,0.5213,head_hex_43,recovery/fault_hold
43,Breakthrough,void,7,old yang,decisive_resolution|voice_warmth|voice_subtlety,slot 1 stable_yin: chaos=0.113 whimsy=0.262 darkTone=0.103 coherence=0.857 voiceWeight=0.832,codegen,sovereign,ASSERT,0.5037,head_hex_43,recovery/fault_hold
44,Coming to Meet,past,0,old yang,unexpected_vigilance|voice_warmth|voice_subtlety,slot 1 stable_yin: chaos=0.113 whimsy=0.262 darkTone=0.103 coherence=0.857 voiceWeight=0.832,codegen,boundary,WAIT,0.6652,head_hex_44,recovery/fault_hold
44,Coming to Meet,present,1,old yang,unexpected_vigilance|voice_warmth|voice_subtlety,slot 1 stable_yin: chaos=0.113 whimsy=0.262 darkTone=0.103 coherence=0.857 voiceWeight=0.832,codegen,boundary,WAIT,0.6437,head_hex_44,recovery/fault_hold
44,Coming to Meet,future,2,old yang,unexpected_vigilance|voice_warmth|voice_subtlety,slot 1 stable_yin: chaos=0.113 whimsy=0.262 darkTone=0.103 coherence=0.857 voiceWeight=0.832,codegen,boundary,WAIT,0.6308,head_hex_44,recovery/fault_hold
44,Coming to Meet,transition,3,old yang,unexpected_vigilance|voice_warmth|voice_subtlety,slot 1 stable_yin: chaos=0.113 whimsy=0.262 darkTone=0.103 coherence=0.857 voiceWeight=0.832,codegen,boundary,WAIT,0.5921,head_hex_44,recovery/fault_hold
44,Coming to Meet,resolution,4,old yang,unexpected_vigilance|voice_warmth|voice_subtlety,slot 1 stable_yin: chaos=0.113 whimsy=0.262 darkTone=0.103 coherence=0.857 voiceWeight=0.832,codegen,boundary,WAIT,0.6308,head_hex_44,recovery/fault_hold
44,Coming to Meet,dissolution,5,old yang,unexpected_vigilance|voice_warmth|voice_subtlety,slot 1 stable_yin: chaos=0.113 whimsy=0.262 darkTone=0.103 coherence=0.857 voiceWeight=0.832,codegen,boundary,WAIT,0.5921,head_hex_44,recovery/fault_hold
44,Coming to Meet,crystallization,6,old yang,unexpected_vigilance|voice_warmth|voice_subtlety,slot 1 stable_yin: chaos=0.113 whimsy=0.262 darkTone=0.103 coherence=0.857 voiceWeight=0.832,codegen,boundary,WAIT,0.5792,head_hex_44,recovery/fault_hold
44,Coming to Meet,void,7,old yang,unexpected_vigilance|voice_warmth|voice_subtlety,slot 1 stable_yin: chaos=0.113 whimsy=0.262 darkTone=0.103 coherence=0.857 voiceWeight=0.832,codegen,boundary,WAIT,0.5792,head_hex_44,recovery/fault_hold
44,Coming to Meet,past,0,old yang,unexpected_vigilance|voice_warmth|voice_subtlety,slot 1 stable_yin: chaos=0.113 whimsy=0.262 darkTone=0.103 coherence=0.857 voiceWeight=0.832,codegen,boundary,WAIT,0.6652,head_hex_44,recovery/fault_hold
44,Coming to Meet,present,1,old yang,unexpected_vigilance|voice_warmth|voice_subtlety,slot 1 stable_yin: chaos=0.113 whimsy=0.262 darkTone=0.103 coherence=0.857 voiceWeight=0.832,codegen,boundary,WAIT,0.6437,head_hex_44,recovery/fault_hold
44,Coming to Meet,future,2,old yang,unexpected_vigilance|voice_warmth|voice_subtlety,slot 1 stable_yin: chaos=0.113 whimsy=0.262 darkTone=0.103 coherence=0.857 voiceWeight=0.832,codegen,boundary,WAIT,0.6308,head_hex_44,recovery/fault_hold
44,Coming to Meet,transition,3,old yang,unexpected_vigilance|voice_warmth|voice_subtlety,slot 1 stable_yin: chaos=0.113 whimsy=0.262 darkTone=0.103 coherence=0.857 voiceWeight=0.832,codegen,boundary,WAIT,0.5921,head_hex_44,recovery/fault_hold
44,Coming to Meet,resolution,4,old yang,unexpected_vigilance|voice_warmth|voice_subtlety,slot 1 stable_yin: chaos=0.113 whimsy=0.262 darkTone=0.103 coherence=0.857 voiceWeight=0.832,codegen,boundary,WAIT,0.6308,head_hex_44,recovery/fault_hold
44,Coming to Meet,dissolution,5,old yang,unexpected_vigilance|voice_warmth|voice_subtlety,slot 1 stable_yin: chaos=0.113 whimsy=0.262 darkTone=0.103 coherence=0.857 voiceWeight=0.832,codegen,boundary,WAIT,0.5921,head_hex_44,recovery/fault_hold
44,Coming to Meet,crystallization,6,old yang,unexpected_vigilance|voice_warmth|voice_subtlety,slot 1 stable_yin: chaos=0.113 whimsy=0.262 darkTone=0.103 coherence=0.857 voiceWeight=0.832,codegen,boundary,WAIT,0.6718,head_hex_44,recovery/fault_hold
44,Coming to Meet,void,7,old yang,unexpected_vigilance|voice_warmth|voice_subtlety,slot 1 stable_yin: chaos=0.113 whimsy=0.262 darkTone=0.103 coherence=0.857 voiceWeight=0.832,codegen,boundary,WAIT,0.6718,head_hex_44,recovery/fault_hold
44,Coming to Meet,past,0,old yang,unexpected_vigilance|voice_warmth|voice_subtlety,slot 1 stable_yin: chaos=0.113 whimsy=0.262 darkTone=0.103 coherence=0.857 voiceWeight=0.832,codegen,boundary,WAIT,0.6652,head_hex_44,recovery/fault_hold
44,Coming to Meet,present,1,old yang,unexpected_vigilance|voice_warmth|voice_subtlety,slot 1 stable_yin: chaos=0.113 whimsy=0.262 darkTone=0.103 coherence=0.857 voiceWeight=0.832,codegen,boundary,WAIT,0.6437,head_hex_44,recovery/fault_hold
44,Coming to Meet,future,2,old yang,unexpected_vigilance|voice_warmth|voice_subtlety,slot 1 stable_yin: chaos=0.113 whimsy=0.262 darkTone=0.103 coherence=0.857 voiceWeight=0.832,codegen,boundary,WAIT,0.6308,head_hex_44,recovery/fault_hold
44,Coming to Meet,transition,3,old yang,unexpected_vigilance|voice_warmth|voice_subtlety,slot 1 stable_yin: chaos=0.113 whimsy=0.262 darkTone=0.103 coherence=0.857 voiceWeight=0.832,codegen,boundary,WAIT,0.5921,head_hex_44,recovery/fault_hold
44,Coming to Meet,resolution,4,old yang,unexpected_vigilance|voice_warmth|voice_subtlety,slot 1 stable_yin: chaos=0.113 whimsy=0.262 darkTone=0.103 coherence=0.857 voiceWeight=0.832,codegen,boundary,WAIT,0.7043,head_hex_44,recovery/fault_hold
44,Coming to Meet,dissolution,5,old yang,unexpected_vigilance|voice_warmth|voice_subtlety,slot 1 stable_yin: chaos=0.113 whimsy=0.262 darkTone=0.103 coherence=0.857 voiceWeight=0.832,codegen,boundary,WAIT,0.6799,head_hex_44,recovery/fault_hold
44,Coming to Meet,crystallization,6,old yang,unexpected_vigilance|voice_warmth|voice_subtlety,slot 1 stable_yin: chaos=0.113 whimsy=0.262 darkTone=0.103 coherence=0.857 voiceWeight=0.832,codegen,boundary,WAIT,0.6718,head_hex_44,recovery/fault_hold
44,Coming to Meet,void,7,old yang,unexpected_vigilance|voice_warmth|voice_subtlety,slot 1 stable_yin: chaos=0.113 whimsy=0.262 darkTone=0.103 coherence=0.857 voiceWeight=0.832,codegen,boundary,WAIT,0.6718,head_hex_44,recovery/fault_hold
45,Gathering Together,past,0,old yang,collective_assembly|voice_warmth|voice_subtlety,slot 1 stable_yin: chaos=0.113 whimsy=0.262 darkTone=0.103 coherence=0.857 voiceWeight=0.832,codegen,transformer,YIELD,0.5752,head_hex_45,recovery/fault_hold
45,Gathering Together,present,1,old yang,collective_assembly|voice_warmth|voice_subtlety,slot 1 stable_yin: chaos=0.113 whimsy=0.262 darkTone=0.103 coherence=0.857 voiceWeight=0.832,codegen,transformer,YIELD,0.534,head_hex_45,recovery/fault_hold
45,Gathering Together,future,2,old yang,collective_assembly|voice_warmth|voice_subtlety,slot 1 stable_yin: chaos=0.113 whimsy=0.262 darkTone=0.103 coherence=0.857 voiceWeight=0.832,codegen,transformer,YIELD,0.534,head_hex_45,recovery/fault_hold
45,Gathering Together,transition,3,old yang,collective_assembly|voice_warmth|voice_subtlety,slot 1 stable_yin: chaos=0.113 whimsy=0.262 darkTone=0.103 coherence=0.857 voiceWeight=0.832,codegen,transformer,YIELD,0.4987,head_hex_45,recovery/fault_hold
45,Gathering Together,resolution,4,old yang,collective_assembly|voice_warmth|voice_subtlety,slot 1 stable_yin: chaos=0.113 whimsy=0.262 darkTone=0.103 coherence=0.857 voiceWeight=0.832,codegen,transformer,YIELD,0.5517,head_hex_45,recovery/fault_hold
45,Gathering Together,dissolution,5,old yang,collective_assembly|voice_warmth|voice_subtlety,slot 1 stable_yin: chaos=0.113 whimsy=0.262 darkTone=0.103 coherence=0.857 voiceWeight=0.832,codegen,transformer,YIELD,0.4987,head_hex_45,recovery/fault_hold
45,Gathering Together,crystallization,6,old yang,collective_assembly|voice_warmth|voice_subtlety,slot 1 stable_yin: chaos=0.113 whimsy=0.262 darkTone=0.103 coherence=0.857 voiceWeight=0.832,codegen,transformer,YIELD,0.4987,head_hex_45,recovery/fault_hold
45,Gathering Together,void,7,old yang,collective_assembly|voice_warmth|voice_subtlety,slot 1 stable_yin: chaos=0.113 whimsy=0.262 darkTone=0.103 coherence=0.857 voiceWeight=0.832,codegen,transformer,YIELD,0.4987,head_hex_45,recovery/fault_hold
45,Gathering Together,past,0,old yang,collective_assembly|voice_warmth|voice_subtlety,slot 1 stable_yin: chaos=0.113 whimsy=0.262 darkTone=0.103 coherence=0.857 voiceWeight=0.832,codegen,transformer,YIELD,0.5752,head_hex_45,recovery/fault_hold
45,Gathering Together,present,1,old yang,collective_assembly|voice_warmth|voice_subtlety,slot 1 stable_yin: chaos=0.113 whimsy=0.262 darkTone=0.103 coherence=0.857 voiceWeight=0.832,codegen,transformer,YIELD,0.534,head_hex_45,recovery/fault_hold
45,Gathering Together,future,2,old yang,collective_assembly|voice_warmth|voice_subtlety,slot 1 stable_yin: chaos=0.113 whimsy=0.262 darkTone=0.103 coherence=0.857 voiceWeight=0.832,codegen,transformer,YIELD,0.534,head_hex_45,recovery/fault_hold
45,Gathering Together,transition,3,old yang,collective_assembly|voice_warmth|voice_subtlety,slot 1 stable_yin: chaos=0.113 whimsy=0.262 darkTone=0.103 coherence=0.857 voiceWeight=0.832,codegen,transformer,YIELD,0.4987,head_hex_45,recovery/fault_hold
45,Gathering Together,resolution,4,old yang,collective_assembly|voice_warmth|voice_subtlety,slot 1 stable_yin: chaos=0.113 whimsy=0.262 darkTone=0.103 coherence=0.857 voiceWeight=0.832,codegen,transformer,YIELD,0.5517,head_hex_45,recovery/fault_hold
45,Gathering Together,dissolution,5,old yang,collective_assembly|voice_warmth|voice_subtlety,slot 1 stable_yin: chaos=0.113 whimsy=0.262 darkTone=0.103 coherence=0.857 voiceWeight=0.832,codegen,transformer,YIELD,0.4987,head_hex_45,recovery/fault_hold
45,Gathering Together,crystallization,6,old yang,collective_assembly|voice_warmth|voice_subtlety,slot 1 stable_yin: chaos=0.113 whimsy=0.262 darkTone=0.103 coherence=0.857 voiceWeight=0.832,codegen,transformer,YIELD,0.588,head_hex_45,recovery/fault_hold
45,Gathering Together,void,7,old yang,collective_assembly|voice_warmth|voice_subtlety,slot 1 stable_yin: chaos=0.113 whimsy=0.262 darkTone=0.103 coherence=0.857 voiceWeight=0.832,codegen,transformer,YIELD,0.588,head_hex_45,recovery/fault_hold
45,Gathering Together,past,0,old yang,collective_assembly|voice_warmth|voice_subtlety,slot 1 stable_yin: chaos=0.113 whimsy=0.262 darkTone=0.103 coherence=0.857 voiceWeight=0.832,codegen,transformer,YIELD,0.5752,head_hex_45,recovery/fault_hold
45,Gathering Together,present,1,old yang,collective_assembly|voice_warmth|voice_subtlety,slot 1 stable_yin: chaos=0.113 whimsy=0.262 darkTone=0.103 coherence=0.857 voiceWeight=0.832,codegen,transformer,YIELD,0.534,head_hex_45,recovery/fault_hold
45,Gathering Together,future,2,old yang,collective_assembly|voice_warmth|voice_subtlety,slot 1 stable_yin: chaos=0.113 whimsy=0.262 darkTone=0.103 coherence=0.857 voiceWeight=0.832,codegen,transformer,YIELD,0.534,head_hex_45,recovery/fault_hold
45,Gathering Together,transition,3,old yang,collective_assembly|voice_warmth|voice_subtlety,slot 1 stable_yin: chaos=0.113 whimsy=0.262 darkTone=0.103 coherence=0.857 voiceWeight=0.832,codegen,transformer,YIELD,0.4987,head_hex_45,recovery/fault_hold
45,Gathering Together,resolution,4,old yang,collective_assembly|voice_warmth|voice_subtlety,slot 1 stable_yin: chaos=0.113 whimsy=0.262 darkTone=0.103 coherence=0.857 voiceWeight=0.832,codegen,transformer,YIELD,0.6267,head_hex_45,recovery/fault_hold
45,Gathering Together,dissolution,5,old yang,collective_assembly|voice_warmth|voice_subtlety,slot 1 stable_yin: chaos=0.113 whimsy=0.262 darkTone=0.103 coherence=0.857 voiceWeight=0.832,codegen,transformer,YIELD,0.588,head_hex_45,recovery/fault_hold
45,Gathering Together,crystallization,6,old yang,collective_assembly|voice_warmth|voice_subtlety,slot 1 stable_yin: chaos=0.113 whimsy=0.262 darkTone=0.103 coherence=0.857 voiceWeight=0.832,codegen,transformer,YIELD,0.588,head_hex_45,recovery/fault_hold
45,Gathering Together,void,7,old yang,collective_assembly|voice_warmth|voice_subtlety,slot 1 stable_yin: chaos=0.113 whimsy=0.262 darkTone=0.103 coherence=0.857 voiceWeight=0.832,codegen,transformer,YIELD,0.588,head_hex_45,recovery/fault_hold
46,Pushing Upward,past,0,old yang,steady_ascent|voice_warmth|voice_subtlety,slot 1 stable_yin: chaos=0.113 whimsy=0.262 darkTone=0.103 coherence=0.857 voiceWeight=0.832,codegen,transformer,ADAPT,0.5634,head_hex_46,recovery/fault_hold
46,Pushing Upward,present,1,old yang,steady_ascent|voice_warmth|voice_subtlety,slot 1 stable_yin: chaos=0.113 whimsy=0.262 darkTone=0.103 coherence=0.857 voiceWeight=0.832,codegen,transformer,ADAPT,0.5399,head_hex_46,recovery/fault_hold
46,Pushing Upward,future,2,old yang,steady_ascent|voice_warmth|voice_subtlety,slot 1 stable_yin: chaos=0.113 whimsy=0.262 darkTone=0.103 coherence=0.857 voiceWeight=0.832,codegen,transformer,ADAPT,0.5222,head_hex_46,recovery/fault_hold
46,Pushing Upward,transition,3,old yang,steady_ascent|voice_warmth|voice_subtlety,slot 1 stable_yin: chaos=0.113 whimsy=0.262 darkTone=0.103 coherence=0.857 voiceWeight=0.832,codegen,transformer,ADAPT,0.4869,head_hex_46,recovery/fault_hold
46,Pushing Upward,resolution,4,old yang,steady_ascent|voice_warmth|voice_subtlety,slot 1 stable_yin: chaos=0.113 whimsy=0.262 darkTone=0.103 coherence=0.857 voiceWeight=0.832,codegen,transformer,ADAPT,0.5222,head_hex_46,recovery/fault_hold
46,Pushing Upward,dissolution,5,old yang,steady_ascent|voice_warmth|voice_subtlety,slot 1 stable_yin: chaos=0.113 whimsy=0.262 darkTone=0.103 coherence=0.857 voiceWeight=0.832,codegen,transformer,ADAPT,0.4869,head_hex_46,recovery/fault_hold
46,Pushing Upward,crystallization,6,old yang,steady_ascent|voice_warmth|voice_subtlety,slot 1 stable_yin: chaos=0.113 whimsy=0.262 darkTone=0.103 coherence=0.857 voiceWeight=0.832,codegen,transformer,ADAPT,0.4869,head_hex_46,recovery/fault_hold
46,Pushing Upward,void,7,old yang,steady_ascent|voice_warmth|voice_subtlety,slot 1 stable_yin: chaos=0.113 whimsy=0.262 darkTone=0.103 coherence=0.857 voiceWeight=0.832,codegen,transformer,ADAPT,0.4869,head_hex_46,recovery/fault_hold
46,Pushing Upward,past,0,old yang,steady_ascent|voice_warmth|voice_subtlety,slot 1 stable_yin: chaos=0.113 whimsy=0.262 darkTone=0.103 coherence=0.857 voiceWeight=0.832,codegen,transformer,ADAPT,0.5634,head_hex_46,recovery/fault_hold
46,Pushing Upward,present,1,old yang,steady_ascent|voice_warmth|voice_subtlety,slot 1 stable_yin: chaos=0.113 whimsy=0.262 darkTone=0.103 coherence=0.857 voiceWeight=0.832,codegen,transformer,ADAPT,0.5399,head_hex_46,recovery/fault_hold
46,Pushing Upward,future,2,old yang,steady_ascent|voice_warmth|voice_subtlety,slot 1 stable_yin: chaos=0.113 whimsy=0.262 darkTone=0.103 coherence=0.857 voiceWeight=0.832,codegen,transformer,ADAPT,0.5222,head_hex_46,recovery/fault_hold
46,Pushing Upward,transition,3,old yang,steady_ascent|voice_warmth|voice_subtlety,slot 1 stable_yin: chaos=0.113 whimsy=0.262 darkTone=0.103 coherence=0.857 voiceWeight=0.832,codegen,transformer,ADAPT,0.4869,head_hex_46,recovery/fault_hold
46,Pushing Upward,resolution,4,old yang,steady_ascent|voice_warmth|voice_subtlety,slot 1 stable_yin: chaos=0.113 whimsy=0.262 darkTone=0.103 coherence=0.857 voiceWeight=0.832,codegen,transformer,ADAPT,0.5222,head_hex_46,recovery/fault_hold
46,Pushing Upward,dissolution,5,old yang,steady_ascent|voice_warmth|voice_subtlety,slot 1 stable_yin: chaos=0.113 whimsy=0.262 darkTone=0.103 coherence=0.857 voiceWeight=0.832,codegen,transformer,ADAPT,0.4869,head_hex_46,recovery/fault_hold
46,Pushing Upward,crystallization,6,old yang,steady_ascent|voice_warmth|voice_subtlety,slot 1 stable_yin: chaos=0.113 whimsy=0.262 darkTone=0.103 coherence=0.857 voiceWeight=0.832,codegen,transformer,ADAPT,0.5773,head_hex_46,recovery/fault_hold
46,Pushing Upward,void,7,old yang,steady_ascent|voice_warmth|voice_subtlety,slot 1 stable_yin: chaos=0.113 whimsy=0.262 darkTone=0.103 coherence=0.857 voiceWeight=0.832,codegen,transformer,ADAPT,0.5773,head_hex_46,recovery/fault_hold
46,Pushing Upward,past,0,old yang,steady_ascent|voice_warmth|voice_subtlety,slot 1 stable_yin: chaos=0.113 whimsy=0.262 darkTone=0.103 coherence=0.857 voiceWeight=0.832,codegen,transformer,ADAPT,0.5634,head_hex_46,recovery/fault_hold
46,Pushing Upward,present,1,old yang,steady_ascent|voice_warmth|voice_subtlety,slot 1 stable_yin: chaos=0.113 whimsy=0.262 darkTone=0.103 coherence=0.857 voiceWeight=0.832,codegen,transformer,ADAPT,0.5399,head_hex_46,recovery/fault_hold
46,Pushing Upward,future,2,old yang,steady_ascent|voice_warmth|voice_subtlety,slot 1 stable_yin: chaos=0.113 whimsy=0.262 darkTone=0.103 coherence=0.857 voiceWeight=0.832,codegen,transformer,ADAPT,0.5222,head_hex_46,recovery/fault_hold
46,Pushing Upward,transition,3,old yang,steady_ascent|voice_warmth|voice_subtlety,slot 1 stable_yin: chaos=0.113 whimsy=0.262 darkTone=0.103 coherence=0.857 voiceWeight=0.832,codegen,transformer,ADAPT,0.4869,head_hex_46,recovery/fault_hold
46,Pushing Upward,resolution,4,old yang,steady_ascent|voice_warmth|voice_subtlety,slot 1 stable_yin: chaos=0.113 whimsy=0.262 darkTone=0.103 coherence=0.857 voiceWeight=0.832,codegen,transformer,ADAPT,0.6031,head_hex_46,recovery/fault_hold
46,Pushing Upward,dissolution,5,old yang,steady_ascent|voice_warmth|voice_subtlety,slot 1 stable_yin: chaos=0.113 whimsy=0.262 darkTone=0.103 coherence=0.857 voiceWeight=0.832,codegen,transformer,ADAPT,0.5773,head_hex_46,recovery/fault_hold
46,Pushing Upward,crystallization,6,old yang,steady_ascent|voice_warmth|voice_subtlety,slot 1 stable_yin: chaos=0.113 whimsy=0.262 darkTone=0.103 coherence=0.857 voiceWeight=0.832,codegen,transformer,ADAPT,0.5773,head_hex_46,recovery/fault_hold
46,Pushing Upward,void,7,old yang,steady_ascent|voice_warmth|voice_subtlety,slot 1 stable_yin: chaos=0.113 whimsy=0.262 darkTone=0.103 coherence=0.857 voiceWeight=0.832,codegen,transformer,ADAPT,0.5773,head_hex_46,recovery/fault_hold
47,Oppression,past,0,old yang,exhausted_spirit|voice_warmth|voice_subtlety,slot 1 stable_yin: chaos=0.113 whimsy=0.262 darkTone=0.103 coherence=0.857 voiceWeight=0.832,codegen,dissipator,WAIT,0.7019,head_hex_47,recovery/fault_hold
47,Oppression,present,1,old yang,exhausted_spirit|voice_warmth|voice_subtlety,slot 1 stable_yin: chaos=0.113 whimsy=0.262 darkTone=0.103 coherence=0.857 voiceWeight=0.832,codegen,dissipator,WAIT,0.6775,head_hex_47,recovery/fault_hold
47,Oppression,future,2,old yang,exhausted_spirit|voice_warmth|voice_subtlety,slot 1 stable_yin: chaos=0.113 whimsy=0.262 darkTone=0.103 coherence=0.857 voiceWeight=0.832,codegen,dissipator,WAIT,0.6694,head_hex_47,recovery/fault_hold
47,Oppression,transition,3,old yang,exhausted_spirit|voice_warmth|voice_subtlety,slot 1 stable_yin: chaos=0.113 whimsy=0.262 darkTone=0.103 coherence=0.857 voiceWeight=0.832,codegen,dissipator,WAIT,0.6531,head_hex_47,recovery/fault_hold
47,Oppression,resolution,4,old yang,exhausted_spirit|voice_warmth|voice_subtlety,slot 1 stable_yin: chaos=0.113 whimsy=0.262 darkTone=0.103 coherence=0.857 voiceWeight=0.832,codegen,dissipator,WAIT,0.6856,head_hex_47,recovery/fault_hold
47,Oppression,dissolution,5,old yang,exhausted_spirit|voice_warmth|voice_subtlety,slot 1 stable_yin: chaos=0.113 whimsy=0.262 darkTone=0.103 coherence=0.857 voiceWeight=0.832,codegen,dissipator,WAIT,0.6612,head_hex_47,recovery/fault_hold
47,Oppression,crystallization,6,old yang,exhausted_spirit|voice_warmth|voice_subtlety,slot 1 stable_yin: chaos=0.113 whimsy=0.262 darkTone=0.103 coherence=0.857 voiceWeight=0.832,codegen,dissipator,WAIT,0.6531,head_hex_47,recovery/fault_hold
47,Oppression,void,7,old yang,exhausted_spirit|voice_warmth|voice_subtlety,slot 1 stable_yin: chaos=0.113 whimsy=0.262 darkTone=0.103 coherence=0.857 voiceWeight=0.832,codegen,dissipator,WAIT,0.6531,head_hex_47,recovery/fault_hold
47,Oppression,past,0,old yang,exhausted_spirit|voice_warmth|voice_subtlety,slot 1 stable_yin: chaos=0.113 whimsy=0.262 darkTone=0.103 coherence=0.857 voiceWeight=0.832,codegen,dissipator,WAIT,0.7019,head_hex_47,recovery/fault_hold
47,Oppression,present,1,old yang,exhausted_spirit|voice_warmth|voice_subtlety,slot 1 stable_yin: chaos=0.113 whimsy=0.262 darkTone=0.103 coherence=0.857 voiceWeight=0.832,codegen,dissipator,WAIT,0.6775,head_hex_47,recovery/fault_hold
47,Oppression,future,2,old yang,exhausted_spirit|voice_warmth|voice_subtlety,slot 1 stable_yin: chaos=0.113 whimsy=0.262 darkTone=0.103 coherence=0.857 voiceWeight=0.832,codegen,dissipator,WAIT,0.6694,head_hex_47,recovery/fault_hold
47,Oppression,transition,3,old yang,exhausted_spirit|voice_warmth|voice_subtlety,slot 1 stable_yin: chaos=0.113 whimsy=0.262 darkTone=0.103 coherence=0.857 voiceWeight=0.832,codegen,dissipator,WAIT,0.6531,head_hex_47,recovery/fault_hold
47,Oppression,resolution,4,old yang,exhausted_spirit|voice_warmth|voice_subtlety,slot 1 stable_yin: chaos=0.113 whimsy=0.262 darkTone=0.103 coherence=0.857 voiceWeight=0.832,codegen,dissipator,WAIT,0.6856,head_hex_47,recovery/fault_hold
47,Oppression,dissolution,5,old yang,exhausted_spirit|voice_warmth|voice_subtlety,slot 1 stable_yin: chaos=0.113 whimsy=0.262 darkTone=0.103 coherence=0.857 voiceWeight=0.832,codegen,dissipator,WAIT,0.6612,head_hex_47,recovery/fault_hold
47,Oppression,crystallization,6,old yang,exhausted_spirit|voice_warmth|voice_subtlety,slot 1 stable_yin: chaos=0.113 whimsy=0.262 darkTone=0.103 coherence=0.857 voiceWeight=0.832,codegen,dissipator,WAIT,0.6531,head_hex_47,recovery/fault_hold
47,Oppression,void,7,old yang,exhausted_spirit|voice_warmth|voice_subtlety,slot 1 stable_yin: chaos=0.113 whimsy=0.262 darkTone=0.103 coherence=0.857 voiceWeight=0.832,codegen,dissipator,WAIT,0.6531,head_hex_47,recovery/fault_hold
47,Oppression,past,0,old yang,exhausted_spirit|voice_warmth|voice_subtlety,slot 1 stable_yin: chaos=0.113 whimsy=0.262 darkTone=0.103 coherence=0.857 voiceWeight=0.832,codegen,dissipator,WAIT,0.7019,head_hex_47,recovery/fault_hold
47,Oppression,present,1,old yang,exhausted_spirit|voice_warmth|voice_subtlety,slot 1 stable_yin: chaos=0.113 whimsy=0.262 darkTone=0.103 coherence=0.857 voiceWeight=0.832,codegen,dissipator,WAIT,0.6775,head_hex_47,recovery/fault_hold
47,Oppression,future,2,old yang,exhausted_spirit|voice_warmth|voice_subtlety,slot 1 stable_yin: chaos=0.113 whimsy=0.262 darkTone=0.103 coherence=0.857 voiceWeight=0.832,codegen,dissipator,WAIT,0.6694,head_hex_47,recovery/fault_hold
47,Oppression,transition,3,old yang,exhausted_spirit|voice_warmth|voice_subtlety,slot 1 stable_yin: chaos=0.113 whimsy=0.262 darkTone=0.103 coherence=0.857 voiceWeight=0.832,codegen,dissipator,WAIT,0.6531,head_hex_47,recovery/fault_hold
47,Oppression,resolution,4,old yang,exhausted_spirit|voice_warmth|voice_subtlety,slot 1 stable_yin: chaos=0.113 whimsy=0.262 darkTone=0.103 coherence=0.857 voiceWeight=0.832,codegen,dissipator,WAIT,0.6856,head_hex_47,recovery/fault_hold
47,Oppression,dissolution,5,old yang,exhausted_spirit|voice_warmth|voice_subtlety,slot 1 stable_yin: chaos=0.113 whimsy=0.262 darkTone=0.103 coherence=0.857 voiceWeight=0.832,codegen,dissipator,WAIT,0.6612,head_hex_47,recovery/fault_hold
47,Oppression,crystallization,6,old yang,exhausted_spirit|voice_warmth|voice_subtlety,slot 1 stable_yin: chaos=0.113 whimsy=0.262 darkTone=0.103 coherence=0.857 voiceWeight=0.832,codegen,dissipator,WAIT,0.6531,head_hex_47,recovery/fault_hold
47,Oppression,void,7,old yang,exhausted_spirit|voice_warmth|voice_subtlety,slot 1 stable_yin: chaos=0.113 whimsy=0.262 darkTone=0.103 coherence=0.857 voiceWeight=0.832,codegen,dissipator,WAIT,0.6531,head_hex_47,recovery/fault_hold
48,The Well,past,0,old yang,community_source|voice_warmth|voice_subtlety,slot 1 stable_yin: chaos=0.113 whimsy=0.262 darkTone=0.103 coherence=0.857 voiceWeight=0.832,codegen,boundary,YIELD,0.5025,head_hex_48,recovery/fault_hold
48,The Well,present,1,old yang,community_source|voice_warmth|voice_subtlety,slot 1 stable_yin: chaos=0.113 whimsy=0.262 darkTone=0.103 coherence=0.857 voiceWeight=0.832,codegen,boundary,YIELD,0.4577,head_hex_48,recovery/fault_hold
48,The Well,future,2,old yang,community_source|voice_warmth|voice_subtlety,slot 1 stable_yin: chaos=0.113 whimsy=0.262 darkTone=0.103 coherence=0.857 voiceWeight=0.832,codegen,boundary,YIELD,0.4129,head_hex_48,recovery/fault_hold
48,The Well,transition,3,old yang,community_source|voice_warmth|voice_subtlety,slot 1 stable_yin: chaos=0.113 whimsy=0.262 darkTone=0.103 coherence=0.857 voiceWeight=0.832,codegen,boundary,YIELD,0.3681,head_hex_48,recovery/fault_hold
48,The Well,resolution,4,old yang,community_source|voice_warmth|voice_subtlety,slot 1 stable_yin: chaos=0.113 whimsy=0.262 darkTone=0.103 coherence=0.857 voiceWeight=0.832,codegen,boundary,YIELD,0.4353,head_hex_48,recovery/fault_hold
48,The Well,dissolution,5,old yang,community_source|voice_warmth|voice_subtlety,slot 1 stable_yin: chaos=0.113 whimsy=0.262 darkTone=0.103 coherence=0.857 voiceWeight=0.832,codegen,boundary,YIELD,0.3905,head_hex_48,recovery/fault_hold
48,The Well,crystallization,6,old yang,community_source|voice_warmth|voice_subtlety,slot 1 stable_yin: chaos=0.113 whimsy=0.262 darkTone=0.103 coherence=0.857 voiceWeight=0.832,codegen,boundary,YIELD,0.3681,head_hex_48,recovery/fault_hold
48,The Well,void,7,old yang,community_source|voice_warmth|voice_subtlety,slot 1 stable_yin: chaos=0.113 whimsy=0.262 darkTone=0.103 coherence=0.857 voiceWeight=0.832,codegen,boundary,YIELD,0.3681,head_hex_48,recovery/fault_hold
48,The Well,past,0,old yang,community_source|voice_warmth|voice_subtlety,slot 1 stable_yin: chaos=0.113 whimsy=0.262 darkTone=0.103 coherence=0.857 voiceWeight=0.832,codegen,boundary,YIELD,0.5025,head_hex_48,recovery/fault_hold
48,The Well,present,1,old yang,community_source|voice_warmth|voice_subtlety,slot 1 stable_yin: chaos=0.113 whimsy=0.262 darkTone=0.103 coherence=0.857 voiceWeight=0.832,codegen,boundary,YIELD,0.4577,head_hex_48,recovery/fault_hold
48,The Well,future,2,old yang,community_source|voice_warmth|voice_subtlety,slot 1 stable_yin: chaos=0.113 whimsy=0.262 darkTone=0.103 coherence=0.857 voiceWeight=0.832,codegen,boundary,YIELD,0.4129,head_hex_48,recovery/fault_hold
48,The Well,transition,3,old yang,community_source|voice_warmth|voice_subtlety,slot 1 stable_yin: chaos=0.113 whimsy=0.262 darkTone=0.103 coherence=0.857 voiceWeight=0.832,codegen,boundary,YIELD,0.3681,head_hex_48,recovery/fault_hold
48,The Well,resolution,4,old yang,community_source|voice_warmth|voice_subtlety,slot 1 stable_yin: chaos=0.113 whimsy=0.262 darkTone=0.103 coherence=0.857 voiceWeight=0.832,codegen,boundary,YIELD,0.4353,head_hex_48,recovery/fault_hold
48,The Well,dissolution,5,old yang,community_source|voice_warmth|voice_subtlety,slot 1 stable_yin: chaos=0.113 whimsy=0.262 darkTone=0.103 coherence=0.857 voiceWeight=0.832,codegen,boundary,YIELD,0.3905,head_hex_48,recovery/fault_hold
48,The Well,crystallization,6,old yang,community_source|voice_warmth|voice_subtlety,slot 1 stable_yin: chaos=0.113 whimsy=0.262 darkTone=0.103 coherence=0.857 voiceWeight=0.832,codegen,boundary,YIELD,0.4719,head_hex_48,recovery/fault_hold
48,The Well,void,7,old yang,community_source|voice_warmth|voice_subtlety,slot 1 stable_yin: chaos=0.113 whimsy=0.262 darkTone=0.103 coherence=0.857 voiceWeight=0.832,codegen,boundary,YIELD,0.4719,head_hex_48,recovery/fault_hold
48,The Well,past,0,old yang,community_source|voice_warmth|voice_subtlety,slot 1 stable_yin: chaos=0.113 whimsy=0.262 darkTone=0.103 coherence=0.857 voiceWeight=0.832,codegen,boundary,YIELD,0.5025,head_hex_48,recovery/fault_hold
48,The Well,present,1,old yang,community_source|voice_warmth|voice_subtlety,slot 1 stable_yin: chaos=0.113 whimsy=0.262 darkTone=0.103 coherence=0.857 voiceWeight=0.832,codegen,boundary,YIELD,0.4577,head_hex_48,recovery/fault_hold
48,The Well,future,2,old yang,community_source|voice_warmth|voice_subtlety,slot 1 stable_yin: chaos=0.113 whimsy=0.262 darkTone=0.103 coherence=0.857 voiceWeight=0.832,codegen,boundary,YIELD,0.4129,head_hex_48,recovery/fault_hold
48,The Well,transition,3,old yang,community_source|voice_warmth|voice_subtlety,slot 1 stable_yin: chaos=0.113 whimsy=0.262 darkTone=0.103 coherence=0.857 voiceWeight=0.832,codegen,boundary,YIELD,0.3681,head_hex_48,recovery/fault_hold
48,The Well,resolution,4,old yang,community_source|voice_warmth|voice_subtlety,slot 1 stable_yin: chaos=0.113 whimsy=0.262 darkTone=0.103 coherence=0.857 voiceWeight=0.832,codegen,boundary,YIELD,0.5249,head_hex_48,recovery/fault_hold
48,The Well,dissolution,5,old yang,community_source|voice_warmth|voice_subtlety,slot 1 stable_yin: chaos=0.113 whimsy=0.262 darkTone=0.103 coherence=0.857 voiceWeight=0.832,codegen,boundary,YIELD,0.4896,head_hex_48,recovery/fault_hold
48,The Well,crystallization,6,old yang,community_source|voice_warmth|voice_subtlety,slot 1 stable_yin: chaos=0.113 whimsy=0.262 darkTone=0.103 coherence=0.857 voiceWeight=0.832,codegen,boundary,YIELD,0.4719,head_hex_48,recovery/fault_hold
48,The Well,void,7,old yang,community_source|voice_warmth|voice_subtlety,slot 1 stable_yin: chaos=0.113 whimsy=0.262 darkTone=0.103 coherence=0.857 voiceWeight=0.832,codegen,boundary,YIELD,0.4719,head_hex_48,recovery/fault_hold
49,Revolution,past,0,old yang,upheaval_fire|voice_warmth|voice_subtlety,slot 1 stable_yin: chaos=0.113 whimsy=0.262 darkTone=0.103 coherence=0.857 voiceWeight=0.832,codegen,transformer,ASSERT,0.7437,head_hex_49,recovery/fault_hold
49,Revolution,present,1,old yang,upheaval_fire|voice_warmth|voice_subtlety,slot 1 stable_yin: chaos=0.113 whimsy=0.262 darkTone=0.103 coherence=0.857 voiceWeight=0.832,codegen,transformer,ASSERT,0.7166,head_hex_49,recovery/fault_hold
49,Revolution,future,2,old yang,upheaval_fire|voice_warmth|voice_subtlety,slot 1 stable_yin: chaos=0.113 whimsy=0.262 darkTone=0.103 coherence=0.857 voiceWeight=0.832,codegen,transformer,ASSERT,0.7247,head_hex_49,recovery/fault_hold
49,Revolution,transition,3,old yang,upheaval_fire|voice_warmth|voice_subtlety,slot 1 stable_yin: chaos=0.113 whimsy=0.262 darkTone=0.103 coherence=0.857 voiceWeight=0.832,codegen,transformer,ASSERT,0.6922,head_hex_49,recovery/fault_hold
49,Revolution,resolution,4,old yang,upheaval_fire|voice_warmth|voice_subtlety,slot 1 stable_yin: chaos=0.113 whimsy=0.262 darkTone=0.103 coherence=0.857 voiceWeight=0.832,codegen,transformer,ASSERT,0.7247,head_hex_49,recovery/fault_hold
49,Revolution,dissolution,5,old yang,upheaval_fire|voice_warmth|voice_subtlety,slot 1 stable_yin: chaos=0.113 whimsy=0.262 darkTone=0.103 coherence=0.857 voiceWeight=0.832,codegen,transformer,ASSERT,0.6922,head_hex_49,recovery/fault_hold
49,Revolution,crystallization,6,old yang,upheaval_fire|voice_warmth|voice_subtlety,slot 1 stable_yin: chaos=0.113 whimsy=0.262 darkTone=0.103 coherence=0.857 voiceWeight=0.832,codegen,transformer,ASSERT,0.7003,head_hex_49,recovery/fault_hold
49,Revolution,void,7,old yang,upheaval_fire|voice_warmth|voice_subtlety,slot 1 stable_yin: chaos=0.113 whimsy=0.262 darkTone=0.103 coherence=0.857 voiceWeight=0.832,codegen,transformer,ASSERT,0.6922,head_hex_49,recovery/fault_hold
49,Revolution,past,0,old yang,upheaval_fire|voice_warmth|voice_subtlety,slot 1 stable_yin: chaos=0.113 whimsy=0.262 darkTone=0.103 coherence=0.857 voiceWeight=0.832,codegen,transformer,ASSERT,0.7437,head_hex_49,recovery/fault_hold
49,Revolution,present,1,old yang,upheaval_fire|voice_warmth|voice_subtlety,slot 1 stable_yin: chaos=0.113 whimsy=0.262 darkTone=0.103 coherence=0.857 voiceWeight=0.832,codegen,transformer,ASSERT,0.7166,head_hex_49,recovery/fault_hold
49,Revolution,future,2,old yang,upheaval_fire|voice_warmth|voice_subtlety,slot 1 stable_yin: chaos=0.113 whimsy=0.262 darkTone=0.103 coherence=0.857 voiceWeight=0.832,codegen,transformer,ASSERT,0.7247,head_hex_49,recovery/fault_hold
49,Revolution,transition,3,old yang,upheaval_fire|voice_warmth|voice_subtlety,slot 1 stable_yin: chaos=0.113 whimsy=0.262 darkTone=0.103 coherence=0.857 voiceWeight=0.832,codegen,transformer,ASSERT,0.6922,head_hex_49,recovery/fault_hold
49,Revolution,resolution,4,old yang,upheaval_fire|voice_warmth|voice_subtlety,slot 1 stable_yin: chaos=0.113 whimsy=0.262 darkTone=0.103 coherence=0.857 voiceWeight=0.832,codegen,transformer,ASSERT,0.7247,head_hex_49,recovery/fault_hold
49,Revolution,dissolution,5,old yang,upheaval_fire|voice_warmth|voice_subtlety,slot 1 stable_yin: chaos=0.113 whimsy=0.262 darkTone=0.103 coherence=0.857 voiceWeight=0.832,codegen,transformer,ASSERT,0.6922,head_hex_49,recovery/fault_hold
49,Revolution,crystallization,6,old yang,upheaval_fire|voice_warmth|voice_subtlety,slot 1 stable_yin: chaos=0.113 whimsy=0.262 darkTone=0.103 coherence=0.857 voiceWeight=0.832,codegen,transformer,ASSERT,0.7003,head_hex_49,recovery/fault_hold
49,Revolution,void,7,old yang,upheaval_fire|voice_warmth|voice_subtlety,slot 1 stable_yin: chaos=0.113 whimsy=0.262 darkTone=0.103 coherence=0.857 voiceWeight=0.832,codegen,transformer,ASSERT,0.6922,head_hex_49,recovery/fault_hold
49,Revolution,past,0,old yang,upheaval_fire|voice_warmth|voice_subtlety,slot 1 stable_yin: chaos=0.113 whimsy=0.262 darkTone=0.103 coherence=0.857 voiceWeight=0.832,codegen,transformer,ASSERT,0.7437,head_hex_49,recovery/fault_hold
49,Revolution,present,1,old yang,upheaval_fire|voice_warmth|voice_subtlety,slot 1 stable_yin: chaos=0.113 whimsy=0.262 darkTone=0.103 coherence=0.857 voiceWeight=0.832,codegen,transformer,ASSERT,0.7166,head_hex_49,recovery/fault_hold
49,Revolution,future,2,old yang,upheaval_fire|voice_warmth|voice_subtlety,slot 1 stable_yin: chaos=0.113 whimsy=0.262 darkTone=0.103 coherence=0.857 voiceWeight=0.832,codegen,transformer,ASSERT,0.7247,head_hex_49,recovery/fault_hold
49,Revolution,transition,3,old yang,upheaval_fire|voice_warmth|voice_subtlety,slot 1 stable_yin: chaos=0.113 whimsy=0.262 darkTone=0.103 coherence=0.857 voiceWeight=0.832,codegen,transformer,ASSERT,0.6922,head_hex_49,recovery/fault_hold
49,Revolution,resolution,4,old yang,upheaval_fire|voice_warmth|voice_subtlety,slot 1 stable_yin: chaos=0.113 whimsy=0.262 darkTone=0.103 coherence=0.857 voiceWeight=0.832,codegen,transformer,ASSERT,0.7247,head_hex_49,recovery/fault_hold
49,Revolution,dissolution,5,old yang,upheaval_fire|voice_warmth|voice_subtlety,slot 1 stable_yin: chaos=0.113 whimsy=0.262 darkTone=0.103 coherence=0.857 voiceWeight=0.832,codegen,transformer,ASSERT,0.6922,head_hex_49,recovery/fault_hold
49,Revolution,crystallization,6,old yang,upheaval_fire|voice_warmth|voice_subtlety,slot 1 stable_yin: chaos=0.113 whimsy=0.262 darkTone=0.103 coherence=0.857 voiceWeight=0.832,codegen,transformer,ASSERT,0.7003,head_hex_49,recovery/fault_hold
49,Revolution,void,7,old yang,upheaval_fire|voice_warmth|voice_subtlety,slot 1 stable_yin: chaos=0.113 whimsy=0.262 darkTone=0.103 coherence=0.857 voiceWeight=0.832,codegen,transformer,ASSERT,0.6922,head_hex_49,recovery/fault_hold
50,The Cauldron,past,0,old yang,transformative_vessel|voice_warmth|voice_subtlety,slot 1 stable_yin: chaos=0.113 whimsy=0.262 darkTone=0.103 coherence=0.857 voiceWeight=0.832,codegen,sovereign,ASSERT,0.5953,head_hex_50,recovery/fault_hold
50,The Cauldron,present,1,old yang,transformative_vessel|voice_warmth|voice_subtlety,slot 1 stable_yin: chaos=0.113 whimsy=0.262 darkTone=0.103 coherence=0.857 voiceWeight=0.832,codegen,sovereign,ASSERT,0.5542,head_hex_50,recovery/fault_hold
50,The Cauldron,future,2,old yang,transformative_vessel|voice_warmth|voice_subtlety,slot 1 stable_yin: chaos=0.113 whimsy=0.262 darkTone=0.103 coherence=0.857 voiceWeight=0.832,codegen,sovereign,ASSERT,0.5542,head_hex_50,recovery/fault_hold
50,The Cauldron,transition,3,old yang,transformative_vessel|voice_warmth|voice_subtlety,slot 1 stable_yin: chaos=0.113 whimsy=0.262 darkTone=0.103 coherence=0.857 voiceWeight=0.832,codegen,sovereign,ASSERT,0.5012,head_hex_50,recovery/fault_hold
50,The Cauldron,resolution,4,old yang,transformative_vessel|voice_warmth|voice_subtlety,slot 1 stable_yin: chaos=0.113 whimsy=0.262 darkTone=0.103 coherence=0.857 voiceWeight=0.832,codegen,sovereign,ASSERT,0.5365,head_hex_50,recovery/fault_hold
50,The Cauldron,dissolution,5,old yang,transformative_vessel|voice_warmth|voice_subtlety,slot 1 stable_yin: chaos=0.113 whimsy=0.262 darkTone=0.103 coherence=0.857 voiceWeight=0.832,codegen,sovereign,ASSERT,0.4836,head_hex_50,recovery/fault_hold
50,The Cauldron,crystallization,6,old yang,transformative_vessel|voice_warmth|voice_subtlety,slot 1 stable_yin: chaos=0.113 whimsy=0.262 darkTone=0.103 coherence=0.857 voiceWeight=0.832,codegen,sovereign,ASSERT,0.4836,head_hex_50,recovery/fault_hold
50,The Cauldron,void,7,old yang,transformative_vessel|voice_warmth|voice_subtlety,slot 1 stable_yin: chaos=0.113 whimsy=0.262 darkTone=0.103 coherence=0.857 voiceWeight=0.832,codegen,sovereign,ASSERT,0.4836,head_hex_50,recovery/fault_hold
50,The Cauldron,past,0,old yang,transformative_vessel|voice_warmth|voice_subtlety,slot 1 stable_yin: chaos=0.113 whimsy=0.262 darkTone=0.103 coherence=0.857 voiceWeight=0.832,codegen,sovereign,ASSERT,0.5953,head_hex_50,recovery/fault_hold
50,The Cauldron,present,1,old yang,transformative_vessel|voice_warmth|voice_subtlety,slot 1 stable_yin: chaos=0.113 whimsy=0.262 darkTone=0.103 coherence=0.857 voiceWeight=0.832,codegen,sovereign,ASSERT,0.5542,head_hex_50,recovery/fault_hold
50,The Cauldron,future,2,old yang,transformative_vessel|voice_warmth|voice_subtlety,slot 1 stable_yin: chaos=0.113 whimsy=0.262 darkTone=0.103 coherence=0.857 voiceWeight=0.832,codegen,sovereign,ASSERT,0.5542,head_hex_50,recovery/fault_hold
50,The Cauldron,transition,3,old yang,transformative_vessel|voice_warmth|voice_subtlety,slot 1 stable_yin: chaos=0.113 whimsy=0.262 darkTone=0.103 coherence=0.857 voiceWeight=0.832,codegen,sovereign,ASSERT,0.5012,head_hex_50,recovery/fault_hold
50,The Cauldron,resolution,4,old yang,transformative_vessel|voice_warmth|voice_subtlety,slot 1 stable_yin: chaos=0.113 whimsy=0.262 darkTone=0.103 coherence=0.857 voiceWeight=0.832,codegen,sovereign,ASSERT,0.5365,head_hex_50,recovery/fault_hold
50,The Cauldron,dissolution,5,old yang,transformative_vessel|voice_warmth|voice_subtlety,slot 1 stable_yin: chaos=0.113 whimsy=0.262 darkTone=0.103 coherence=0.857 voiceWeight=0.832,codegen,sovereign,ASSERT,0.4836,head_hex_50,recovery/fault_hold
50,The Cauldron,crystallization,6,old yang,transformative_vessel|voice_warmth|voice_subtlety,slot 1 stable_yin: chaos=0.113 whimsy=0.262 darkTone=0.103 coherence=0.857 voiceWeight=0.832,codegen,sovereign,ASSERT,0.577,head_hex_50,recovery/fault_hold
50,The Cauldron,void,7,old yang,transformative_vessel|voice_warmth|voice_subtlety,slot 1 stable_yin: chaos=0.113 whimsy=0.262 darkTone=0.103 coherence=0.857 voiceWeight=0.832,codegen,sovereign,ASSERT,0.577,head_hex_50,recovery/fault_hold
50,The Cauldron,past,0,old yang,transformative_vessel|voice_warmth|voice_subtlety,slot 1 stable_yin: chaos=0.113 whimsy=0.262 darkTone=0.103 coherence=0.857 voiceWeight=0.832,codegen,sovereign,ASSERT,0.5953,head_hex_50,recovery/fault_hold
50,The Cauldron,present,1,old yang,transformative_vessel|voice_warmth|voice_subtlety,slot 1 stable_yin: chaos=0.113 whimsy=0.262 darkTone=0.103 coherence=0.857 voiceWeight=0.832,codegen,sovereign,ASSERT,0.5542,head_hex_50,recovery/fault_hold
50,The Cauldron,future,2,old yang,transformative_vessel|voice_warmth|voice_subtlety,slot 1 stable_yin: chaos=0.113 whimsy=0.262 darkTone=0.103 coherence=0.857 voiceWeight=0.832,codegen,sovereign,ASSERT,0.5542,head_hex_50,recovery/fault_hold
50,The Cauldron,transition,3,old yang,transformative_vessel|voice_warmth|voice_subtlety,slot 1 stable_yin: chaos=0.113 whimsy=0.262 darkTone=0.103 coherence=0.857 voiceWeight=0.832,codegen,sovereign,ASSERT,0.5012,head_hex_50,recovery/fault_hold
50,The Cauldron,resolution,4,old yang,transformative_vessel|voice_warmth|voice_subtlety,slot 1 stable_yin: chaos=0.113 whimsy=0.262 darkTone=0.103 coherence=0.857 voiceWeight=0.832,codegen,sovereign,ASSERT,0.6157,head_hex_50,recovery/fault_hold
50,The Cauldron,dissolution,5,old yang,transformative_vessel|voice_warmth|voice_subtlety,slot 1 stable_yin: chaos=0.113 whimsy=0.262 darkTone=0.103 coherence=0.857 voiceWeight=0.832,codegen,sovereign,ASSERT,0.577,head_hex_50,recovery/fault_hold
50,The Cauldron,crystallization,6,old yang,transformative_vessel|voice_warmth|voice_subtlety,slot 1 stable_yin: chaos=0.113 whimsy=0.262 darkTone=0.103 coherence=0.857 voiceWeight=0.832,codegen,sovereign,ASSERT,0.577,head_hex_50,recovery/fault_hold
50,The Cauldron,void,7,old yang,transformative_vessel|voice_warmth|voice_subtlety,slot 1 stable_yin: chaos=0.113 whimsy=0.262 darkTone=0.103 coherence=0.857 voiceWeight=0.832,codegen,sovereign,ASSERT,0.577,head_hex_50,recovery/fault_hold
51,The Arousing,past,0,old yang,sudden_awakening|voice_warmth|voice_subtlety,slot 1 stable_yin: chaos=0.113 whimsy=0.262 darkTone=0.103 coherence=0.857 voiceWeight=0.832,codegen,sovereign,ASSERT,0.6284,head_hex_51,recovery/fault_hold
51,The Arousing,present,1,old yang,sudden_awakening|voice_warmth|voice_subtlety,slot 1 stable_yin: chaos=0.113 whimsy=0.262 darkTone=0.103 coherence=0.857 voiceWeight=0.832,codegen,sovereign,ASSERT,0.5855,head_hex_51,recovery/fault_hold
51,The Arousing,future,2,old yang,sudden_awakening|voice_warmth|voice_subtlety,slot 1 stable_yin: chaos=0.113 whimsy=0.262 darkTone=0.103 coherence=0.857 voiceWeight=0.832,codegen,sovereign,ASSERT,0.6112,head_hex_51,recovery/fault_hold
51,The Arousing,transition,3,old yang,sudden_awakening|voice_warmth|voice_subtlety,slot 1 stable_yin: chaos=0.113 whimsy=0.262 darkTone=0.103 coherence=0.857 voiceWeight=0.832,codegen,sovereign,ASSERT,0.5726,head_hex_51,recovery/fault_hold
51,The Arousing,resolution,4,old yang,sudden_awakening|voice_warmth|voice_subtlety,slot 1 stable_yin: chaos=0.113 whimsy=0.262 darkTone=0.103 coherence=0.857 voiceWeight=0.832,codegen,sovereign,ASSERT,0.6112,head_hex_51,recovery/fault_hold
51,The Arousing,dissolution,5,old yang,sudden_awakening|voice_warmth|voice_subtlety,slot 1 stable_yin: chaos=0.113 whimsy=0.262 darkTone=0.103 coherence=0.857 voiceWeight=0.832,codegen,sovereign,ASSERT,0.5726,head_hex_51,recovery/fault_hold
51,The Arousing,crystallization,6,old yang,sudden_awakening|voice_warmth|voice_subtlety,slot 1 stable_yin: chaos=0.113 whimsy=0.262 darkTone=0.103 coherence=0.857 voiceWeight=0.832,codegen,sovereign,ASSERT,0.5855,head_hex_51,recovery/fault_hold
51,The Arousing,void,7,old yang,sudden_awakening|voice_warmth|voice_subtlety,slot 1 stable_yin: chaos=0.113 whimsy=0.262 darkTone=0.103 coherence=0.857 voiceWeight=0.832,codegen,sovereign,ASSERT,0.5726,head_hex_51,recovery/fault_hold
51,The Arousing,past,0,old yang,sudden_awakening|voice_warmth|voice_subtlety,slot 1 stable_yin: chaos=0.113 whimsy=0.262 darkTone=0.103 coherence=0.857 voiceWeight=0.832,codegen,sovereign,ASSERT,0.6284,head_hex_51,recovery/fault_hold
51,The Arousing,present,1,old yang,sudden_awakening|voice_warmth|voice_subtlety,slot 1 stable_yin: chaos=0.113 whimsy=0.262 darkTone=0.103 coherence=0.857 voiceWeight=0.832,codegen,sovereign,ASSERT,0.5855,head_hex_51,recovery/fault_hold
51,The Arousing,future,2,old yang,sudden_awakening|voice_warmth|voice_subtlety,slot 1 stable_yin: chaos=0.113 whimsy=0.262 darkTone=0.103 coherence=0.857 voiceWeight=0.832,codegen,sovereign,ASSERT,0.6112,head_hex_51,recovery/fault_hold
51,The Arousing,transition,3,old yang,sudden_awakening|voice_warmth|voice_subtlety,slot 1 stable_yin: chaos=0.113 whimsy=0.262 darkTone=0.103 coherence=0.857 voiceWeight=0.832,codegen,sovereign,ASSERT,0.5726,head_hex_51,recovery/fault_hold
51,The Arousing,resolution,4,old yang,sudden_awakening|voice_warmth|voice_subtlety,slot 1 stable_yin: chaos=0.113 whimsy=0.262 darkTone=0.103 coherence=0.857 voiceWeight=0.832,codegen,sovereign,ASSERT,0.6112,head_hex_51,recovery/fault_hold
51,The Arousing,dissolution,5,old yang,sudden_awakening|voice_warmth|voice_subtlety,slot 1 stable_yin: chaos=0.113 whimsy=0.262 darkTone=0.103 coherence=0.857 voiceWeight=0.832,codegen,sovereign,ASSERT,0.5726,head_hex_51,recovery/fault_hold
51,The Arousing,crystallization,6,old yang,sudden_awakening|voice_warmth|voice_subtlety,slot 1 stable_yin: chaos=0.113 whimsy=0.262 darkTone=0.103 coherence=0.857 voiceWeight=0.832,codegen,sovereign,ASSERT,0.6757,head_hex_51,recovery/fault_hold
51,The Arousing,void,7,old yang,sudden_awakening|voice_warmth|voice_subtlety,slot 1 stable_yin: chaos=0.113 whimsy=0.262 darkTone=0.103 coherence=0.857 voiceWeight=0.832,codegen,sovereign,ASSERT,0.6676,head_hex_51,recovery/fault_hold
51,The Arousing,past,0,old yang,sudden_awakening|voice_warmth|voice_subtlety,slot 1 stable_yin: chaos=0.113 whimsy=0.262 darkTone=0.103 coherence=0.857 voiceWeight=0.832,codegen,sovereign,ASSERT,0.6284,head_hex_51,recovery/fault_hold
51,The Arousing,present,1,old yang,sudden_awakening|voice_warmth|voice_subtlety,slot 1 stable_yin: chaos=0.113 whimsy=0.262 darkTone=0.103 coherence=0.857 voiceWeight=0.832,codegen,sovereign,ASSERT,0.5855,head_hex_51,recovery/fault_hold
51,The Arousing,future,2,old yang,sudden_awakening|voice_warmth|voice_subtlety,slot 1 stable_yin: chaos=0.113 whimsy=0.262 darkTone=0.103 coherence=0.857 voiceWeight=0.832,codegen,sovereign,ASSERT,0.6112,head_hex_51,recovery/fault_hold
51,The Arousing,transition,3,old yang,sudden_awakening|voice_warmth|voice_subtlety,slot 1 stable_yin: chaos=0.113 whimsy=0.262 darkTone=0.103 coherence=0.857 voiceWeight=0.832,codegen,sovereign,ASSERT,0.5726,head_hex_51,recovery/fault_hold
51,The Arousing,resolution,4,old yang,sudden_awakening|voice_warmth|voice_subtlety,slot 1 stable_yin: chaos=0.113 whimsy=0.262 darkTone=0.103 coherence=0.857 voiceWeight=0.832,codegen,sovereign,ASSERT,0.692,head_hex_51,recovery/fault_hold
51,The Arousing,dissolution,5,old yang,sudden_awakening|voice_warmth|voice_subtlety,slot 1 stable_yin: chaos=0.113 whimsy=0.262 darkTone=0.103 coherence=0.857 voiceWeight=0.832,codegen,sovereign,ASSERT,0.6676,head_hex_51,recovery/fault_hold
51,The Arousing,crystallization,6,old yang,sudden_awakening|voice_warmth|voice_subtlety,slot 1 stable_yin: chaos=0.113 whimsy=0.262 darkTone=0.103 coherence=0.857 voiceWeight=0.832,codegen,sovereign,ASSERT,0.6757,head_hex_51,recovery/fault_hold
51,The Arousing,void,7,old yang,sudden_awakening|voice_warmth|voice_subtlety,slot 1 stable_yin: chaos=0.113 whimsy=0.262 darkTone=0.103 coherence=0.857 voiceWeight=0.832,codegen,sovereign,ASSERT,0.6676,head_hex_51,recovery/fault_hold
52,Keeping Still,past,0,old yang,meditative_pause|voice_warmth|voice_subtlety,slot 1 stable_yin: chaos=0.113 whimsy=0.262 darkTone=0.103 coherence=0.857 voiceWeight=0.832,codegen,boundary,WAIT,0.4447,head_hex_52,st_crit
52,Keeping Still,present,1,old yang,meditative_pause|voice_warmth|voice_subtlety,slot 1 stable_yin: chaos=0.113 whimsy=0.262 darkTone=0.103 coherence=0.857 voiceWeight=0.832,codegen,boundary,WAIT,0.4085,head_hex_52,st_crit
52,Keeping Still,future,2,old yang,meditative_pause|voice_warmth|voice_subtlety,slot 1 stable_yin: chaos=0.113 whimsy=0.262 darkTone=0.103 coherence=0.857 voiceWeight=0.832,codegen,boundary,WAIT,0.4085,head_hex_52,st_crit
52,Keeping Still,transition,3,old yang,meditative_pause|voice_warmth|voice_subtlety,slot 1 stable_yin: chaos=0.113 whimsy=0.262 darkTone=0.103 coherence=0.857 voiceWeight=0.832,codegen,boundary,WAIT,0.3542,head_hex_52,st_crit
52,Keeping Still,resolution,4,old yang,meditative_pause|voice_warmth|voice_subtlety,slot 1 stable_yin: chaos=0.113 whimsy=0.262 darkTone=0.103 coherence=0.857 voiceWeight=0.832,codegen,boundary,WAIT,0.3542,head_hex_52,st_crit
52,Keeping Still,dissolution,5,old yang,meditative_pause|voice_warmth|voice_subtlety,slot 1 stable_yin: chaos=0.113 whimsy=0.262 darkTone=0.103 coherence=0.857 voiceWeight=0.832,codegen,boundary,WAIT,0.3271,head_hex_52,st_crit
52,Keeping Still,crystallization,6,old yang,meditative_pause|voice_warmth|voice_subtlety,slot 1 stable_yin: chaos=0.113 whimsy=0.262 darkTone=0.103 coherence=0.857 voiceWeight=0.832,codegen,boundary,WAIT,0.3271,head_hex_52,st_crit
52,Keeping Still,void,7,old yang,meditative_pause|voice_warmth|voice_subtlety,slot 1 stable_yin: chaos=0.113 whimsy=0.262 darkTone=0.103 coherence=0.857 voiceWeight=0.832,codegen,boundary,WAIT,0.3271,head_hex_52,st_crit
52,Keeping Still,past,0,old yang,meditative_pause|voice_warmth|voice_subtlety,slot 1 stable_yin: chaos=0.113 whimsy=0.262 darkTone=0.103 coherence=0.857 voiceWeight=0.832,codegen,boundary,WAIT,0.4447,head_hex_52,st_crit
52,Keeping Still,present,1,old yang,meditative_pause|voice_warmth|voice_subtlety,slot 1 stable_yin: chaos=0.113 whimsy=0.262 darkTone=0.103 coherence=0.857 voiceWeight=0.832,codegen,boundary,WAIT,0.4085,head_hex_52,st_crit
52,Keeping Still,future,2,old yang,meditative_pause|voice_warmth|voice_subtlety,slot 1 stable_yin: chaos=0.113 whimsy=0.262 darkTone=0.103 coherence=0.857 voiceWeight=0.832,codegen,boundary,WAIT,0.4085,head_hex_52,st_crit
52,Keeping Still,transition,3,old yang,meditative_pause|voice_warmth|voice_subtlety,slot 1 stable_yin: chaos=0.113 whimsy=0.262 darkTone=0.103 coherence=0.857 voiceWeight=0.832,codegen,boundary,WAIT,0.3542,head_hex_52,st_crit
52,Keeping Still,resolution,4,old yang,meditative_pause|voice_warmth|voice_subtlety,slot 1 stable_yin: chaos=0.113 whimsy=0.262 darkTone=0.103 coherence=0.857 voiceWeight=0.832,codegen,boundary,WAIT,0.3542,head_hex_52,st_crit
52,Keeping Still,dissolution,5,old yang,meditative_pause|voice_warmth|voice_subtlety,slot 1 stable_yin: chaos=0.113 whimsy=0.262 darkTone=0.103 coherence=0.857 voiceWeight=0.832,codegen,boundary,WAIT,0.3271,head_hex_52,st_crit
52,Keeping Still,crystallization,6,old yang,meditative_pause|voice_warmth|voice_subtlety,slot 1 stable_yin: chaos=0.113 whimsy=0.262 darkTone=0.103 coherence=0.857 voiceWeight=0.832,codegen,boundary,WAIT,0.4138,head_hex_52,st_crit
52,Keeping Still,void,7,old yang,meditative_pause|voice_warmth|voice_subtlety,slot 1 stable_yin: chaos=0.113 whimsy=0.262 darkTone=0.103 coherence=0.857 voiceWeight=0.832,codegen,boundary,WAIT,0.4138,head_hex_52,st_crit
52,Keeping Still,past,0,old yang,meditative_pause|voice_warmth|voice_subtlety,slot 1 stable_yin: chaos=0.113 whimsy=0.262 darkTone=0.103 coherence=0.857 voiceWeight=0.832,codegen,boundary,WAIT,0.4447,head_hex_52,st_crit
52,Keeping Still,present,1,old yang,meditative_pause|voice_warmth|voice_subtlety,slot 1 stable_yin: chaos=0.113 whimsy=0.262 darkTone=0.103 coherence=0.857 voiceWeight=0.832,codegen,boundary,WAIT,0.4085,head_hex_52,st_crit
52,Keeping Still,future,2,old yang,meditative_pause|voice_warmth|voice_subtlety,slot 1 stable_yin: chaos=0.113 whimsy=0.262 darkTone=0.103 coherence=0.857 voiceWeight=0.832,codegen,boundary,WAIT,0.4085,head_hex_52,st_crit
52,Keeping Still,transition,3,old yang,meditative_pause|voice_warmth|voice_subtlety,slot 1 stable_yin: chaos=0.113 whimsy=0.262 darkTone=0.103 coherence=0.857 voiceWeight=0.832,codegen,boundary,WAIT,0.3542,head_hex_52,st_crit
52,Keeping Still,resolution,4,old yang,meditative_pause|voice_warmth|voice_subtlety,slot 1 stable_yin: chaos=0.113 whimsy=0.262 darkTone=0.103 coherence=0.857 voiceWeight=0.832,codegen,boundary,WAIT,0.4362,head_hex_52,st_crit
52,Keeping Still,dissolution,5,old yang,meditative_pause|voice_warmth|voice_subtlety,slot 1 stable_yin: chaos=0.113 whimsy=0.262 darkTone=0.103 coherence=0.857 voiceWeight=0.832,codegen,boundary,WAIT,0.4138,head_hex_52,st_crit
52,Keeping Still,crystallization,6,old yang,meditative_pause|voice_warmth|voice_subtlety,slot 1 stable_yin: chaos=0.113 whimsy=0.262 darkTone=0.103 coherence=0.857 voiceWeight=0.832,codegen,boundary,WAIT,0.4138,head_hex_52,st_crit
52,Keeping Still,void,7,old yang,meditative_pause|voice_warmth|voice_subtlety,slot 1 stable_yin: chaos=0.113 whimsy=0.262 darkTone=0.103 coherence=0.857 voiceWeight=0.832,codegen,boundary,WAIT,0.4138,head_hex_52,st_crit
53,Development,past,0,old yang,gradual_patience|voice_warmth|voice_subtlety,slot 1 stable_yin: chaos=0.113 whimsy=0.262 darkTone=0.103 coherence=0.857 voiceWeight=0.832,codegen,transformer,ADAPT,0.5351,head_hex_53,recovery/fault_hold
53,Development,present,1,old yang,gradual_patience|voice_warmth|voice_subtlety,slot 1 stable_yin: chaos=0.113 whimsy=0.262 darkTone=0.103 coherence=0.857 voiceWeight=0.832,codegen,transformer,ADAPT,0.4903,head_hex_53,recovery/fault_hold
53,Development,future,2,old yang,gradual_patience|voice_warmth|voice_subtlety,slot 1 stable_yin: chaos=0.113 whimsy=0.262 darkTone=0.103 coherence=0.857 voiceWeight=0.832,codegen,transformer,ADAPT,0.4679,head_hex_53,recovery/fault_hold
53,Development,transition,3,old yang,gradual_patience|voice_warmth|voice_subtlety,slot 1 stable_yin: chaos=0.113 whimsy=0.262 darkTone=0.103 coherence=0.857 voiceWeight=0.832,codegen,transformer,ADAPT,0.4231,head_hex_53,recovery/fault_hold
53,Development,resolution,4,old yang,gradual_patience|voice_warmth|voice_subtlety,slot 1 stable_yin: chaos=0.113 whimsy=0.262 darkTone=0.103 coherence=0.857 voiceWeight=0.832,codegen,transformer,ADAPT,0.4455,head_hex_53,recovery/fault_hold
53,Development,dissolution,5,old yang,gradual_patience|voice_warmth|voice_subtlety,slot 1 stable_yin: chaos=0.113 whimsy=0.262 darkTone=0.103 coherence=0.857 voiceWeight=0.832,codegen,transformer,ADAPT,0.4008,head_hex_53,recovery/fault_hold
53,Development,crystallization,6,old yang,gradual_patience|voice_warmth|voice_subtlety,slot 1 stable_yin: chaos=0.113 whimsy=0.262 darkTone=0.103 coherence=0.857 voiceWeight=0.832,codegen,transformer,ADAPT,0.4008,head_hex_53,recovery/fault_hold
53,Development,void,7,old yang,gradual_patience|voice_warmth|voice_subtlety,slot 1 stable_yin: chaos=0.113 whimsy=0.262 darkTone=0.103 coherence=0.857 voiceWeight=0.832,codegen,transformer,ADAPT,0.4008,head_hex_53,recovery/fault_hold
53,Development,past,0,old yang,gradual_patience|voice_warmth|voice_subtlety,slot 1 stable_yin: chaos=0.113 whimsy=0.262 darkTone=0.103 coherence=0.857 voiceWeight=0.832,codegen,transformer,ADAPT,0.5351,head_hex_53,recovery/fault_hold
53,Development,present,1,old yang,gradual_patience|voice_warmth|voice_subtlety,slot 1 stable_yin: chaos=0.113 whimsy=0.262 darkTone=0.103 coherence=0.857 voiceWeight=0.832,codegen,transformer,ADAPT,0.4903,head_hex_53,recovery/fault_hold
53,Development,future,2,old yang,gradual_patience|voice_warmth|voice_subtlety,slot 1 stable_yin: chaos=0.113 whimsy=0.262 darkTone=0.103 coherence=0.857 voiceWeight=0.832,codegen,transformer,ADAPT,0.4679,head_hex_53,recovery/fault_hold
53,Development,transition,3,old yang,gradual_patience|voice_warmth|voice_subtlety,slot 1 stable_yin: chaos=0.113 whimsy=0.262 darkTone=0.103 coherence=0.857 voiceWeight=0.832,codegen,transformer,ADAPT,0.4231,head_hex_53,recovery/fault_hold
53,Development,resolution,4,old yang,gradual_patience|voice_warmth|voice_subtlety,slot 1 stable_yin: chaos=0.113 whimsy=0.262 darkTone=0.103 coherence=0.857 voiceWeight=0.832,codegen,transformer,ADAPT,0.4455,head_hex_53,recovery/fault_hold
53,Development,dissolution,5,old yang,gradual_patience|voice_warmth|voice_subtlety,slot 1 stable_yin: chaos=0.113 whimsy=0.262 darkTone=0.103 coherence=0.857 voiceWeight=0.832,codegen,transformer,ADAPT,0.4008,head_hex_53,recovery/fault_hold
53,Development,crystallization,6,old yang,gradual_patience|voice_warmth|voice_subtlety,slot 1 stable_yin: chaos=0.113 whimsy=0.262 darkTone=0.103 coherence=0.857 voiceWeight=0.832,codegen,transformer,ADAPT,0.4903,head_hex_53,recovery/fault_hold
53,Development,void,7,old yang,gradual_patience|voice_warmth|voice_subtlety,slot 1 stable_yin: chaos=0.113 whimsy=0.262 darkTone=0.103 coherence=0.857 voiceWeight=0.832,codegen,transformer,ADAPT,0.4903,head_hex_53,recovery/fault_hold
53,Development,past,0,old yang,gradual_patience|voice_warmth|voice_subtlety,slot 1 stable_yin: chaos=0.113 whimsy=0.262 darkTone=0.103 coherence=0.857 voiceWeight=0.832,codegen,transformer,ADAPT,0.5351,head_hex_53,recovery/fault_hold
53,Development,present,1,old yang,gradual_patience|voice_warmth|voice_subtlety,slot 1 stable_yin: chaos=0.113 whimsy=0.262 darkTone=0.103 coherence=0.857 voiceWeight=0.832,codegen,transformer,ADAPT,0.4903,head_hex_53,recovery/fault_hold
53,Development,future,2,old yang,gradual_patience|voice_warmth|voice_subtlety,slot 1 stable_yin: chaos=0.113 whimsy=0.262 darkTone=0.103 coherence=0.857 voiceWeight=0.832,codegen,transformer,ADAPT,0.4679,head_hex_53,recovery/fault_hold
53,Development,transition,3,old yang,gradual_patience|voice_warmth|voice_subtlety,slot 1 stable_yin: chaos=0.113 whimsy=0.262 darkTone=0.103 coherence=0.857 voiceWeight=0.832,codegen,transformer,ADAPT,0.4231,head_hex_53,recovery/fault_hold
53,Development,resolution,4,old yang,gradual_patience|voice_warmth|voice_subtlety,slot 1 stable_yin: chaos=0.113 whimsy=0.262 darkTone=0.103 coherence=0.857 voiceWeight=0.832,codegen,transformer,ADAPT,0.5255,head_hex_53,recovery/fault_hold
53,Development,dissolution,5,old yang,gradual_patience|voice_warmth|voice_subtlety,slot 1 stable_yin: chaos=0.113 whimsy=0.262 darkTone=0.103 coherence=0.857 voiceWeight=0.832,codegen,transformer,ADAPT,0.4903,head_hex_53,recovery/fault_hold
53,Development,crystallization,6,old yang,gradual_patience|voice_warmth|voice_subtlety,slot 1 stable_yin: chaos=0.113 whimsy=0.262 darkTone=0.103 coherence=0.857 voiceWeight=0.832,codegen,transformer,ADAPT,0.4903,head_hex_53,recovery/fault_hold
53,Development,void,7,old yang,gradual_patience|voice_warmth|voice_subtlety,slot 1 stable_yin: chaos=0.113 whimsy=0.262 darkTone=0.103 coherence=0.857 voiceWeight=0.832,codegen,transformer,ADAPT,0.4903,head_hex_53,recovery/fault_hold
54,The Marrying Maiden,past,0,old yang,risky_union|voice_warmth|voice_subtlety,slot 1 stable_yin: chaos=0.113 whimsy=0.262 darkTone=0.103 coherence=0.857 voiceWeight=0.832,codegen,dissipator,YIELD,0.6634,head_hex_54,recovery/fault_hold
54,The Marrying Maiden,present,1,old yang,risky_union|voice_warmth|voice_subtlety,slot 1 stable_yin: chaos=0.113 whimsy=0.262 darkTone=0.103 coherence=0.857 voiceWeight=0.832,codegen,dissipator,YIELD,0.6118,head_hex_54,recovery/fault_hold
54,The Marrying Maiden,future,2,old yang,risky_union|voice_warmth|voice_subtlety,slot 1 stable_yin: chaos=0.113 whimsy=0.262 darkTone=0.103 coherence=0.857 voiceWeight=0.832,codegen,dissipator,YIELD,0.6247,head_hex_54,recovery/fault_hold
54,The Marrying Maiden,transition,3,old yang,risky_union|voice_warmth|voice_subtlety,slot 1 stable_yin: chaos=0.113 whimsy=0.262 darkTone=0.103 coherence=0.857 voiceWeight=0.832,codegen,dissipator,YIELD,0.5861,head_hex_54,recovery/fault_hold
54,The Marrying Maiden,resolution,4,old yang,risky_union|voice_warmth|voice_subtlety,slot 1 stable_yin: chaos=0.113 whimsy=0.262 darkTone=0.103 coherence=0.857 voiceWeight=0.832,codegen,dissipator,YIELD,0.6376,head_hex_54,recovery/fault_hold
54,The Marrying Maiden,dissolution,5,old yang,risky_union|voice_warmth|voice_subtlety,slot 1 stable_yin: chaos=0.113 whimsy=0.262 darkTone=0.103 coherence=0.857 voiceWeight=0.832,codegen,dissipator,YIELD,0.5861,head_hex_54,recovery/fault_hold
54,The Marrying Maiden,crystallization,6,old yang,risky_union|voice_warmth|voice_subtlety,slot 1 stable_yin: chaos=0.113 whimsy=0.262 darkTone=0.103 coherence=0.857 voiceWeight=0.832,codegen,dissipator,YIELD,0.5989,head_hex_54,recovery/fault_hold
54,The Marrying Maiden,void,7,old yang,risky_union|voice_warmth|voice_subtlety,slot 1 stable_yin: chaos=0.113 whimsy=0.262 darkTone=0.103 coherence=0.857 voiceWeight=0.832,codegen,dissipator,YIELD,0.5861,head_hex_54,recovery/fault_hold
54,The Marrying Maiden,past,0,old yang,risky_union|voice_warmth|voice_subtlety,slot 1 stable_yin: chaos=0.113 whimsy=0.262 darkTone=0.103 coherence=0.857 voiceWeight=0.832,codegen,dissipator,YIELD,0.6634,head_hex_54,recovery/fault_hold
54,The Marrying Maiden,present,1,old yang,risky_union|voice_warmth|voice_subtlety,slot 1 stable_yin: chaos=0.113 whimsy=0.262 darkTone=0.103 coherence=0.857 voiceWeight=0.832,codegen,dissipator,YIELD,0.6118,head_hex_54,recovery/fault_hold
54,The Marrying Maiden,future,2,old yang,risky_union|voice_warmth|voice_subtlety,slot 1 stable_yin: chaos=0.113 whimsy=0.262 darkTone=0.103 coherence=0.857 voiceWeight=0.832,codegen,dissipator,YIELD,0.6247,head_hex_54,recovery/fault_hold
54,The Marrying Maiden,transition,3,old yang,risky_union|voice_warmth|voice_subtlety,slot 1 stable_yin: chaos=0.113 whimsy=0.262 darkTone=0.103 coherence=0.857 voiceWeight=0.832,codegen,dissipator,YIELD,0.5861,head_hex_54,recovery/fault_hold
54,The Marrying Maiden,resolution,4,old yang,risky_union|voice_warmth|voice_subtlety,slot 1 stable_yin: chaos=0.113 whimsy=0.262 darkTone=0.103 coherence=0.857 voiceWeight=0.832,codegen,dissipator,YIELD,0.6376,head_hex_54,recovery/fault_hold
54,The Marrying Maiden,dissolution,5,old yang,risky_union|voice_warmth|voice_subtlety,slot 1 stable_yin: chaos=0.113 whimsy=0.262 darkTone=0.103 coherence=0.857 voiceWeight=0.832,codegen,dissipator,YIELD,0.5861,head_hex_54,recovery/fault_hold
54,The Marrying Maiden,crystallization,6,old yang,risky_union|voice_warmth|voice_subtlety,slot 1 stable_yin: chaos=0.113 whimsy=0.262 darkTone=0.103 coherence=0.857 voiceWeight=0.832,codegen,dissipator,YIELD,0.6914,head_hex_54,recovery/fault_hold
54,The Marrying Maiden,void,7,old yang,risky_union|voice_warmth|voice_subtlety,slot 1 stable_yin: chaos=0.113 whimsy=0.262 darkTone=0.103 coherence=0.857 voiceWeight=0.832,codegen,dissipator,YIELD,0.6832,head_hex_54,recovery/fault_hold
54,The Marrying Maiden,past,0,old yang,risky_union|voice_warmth|voice_subtlety,slot 1 stable_yin: chaos=0.113 whimsy=0.262 darkTone=0.103 coherence=0.857 voiceWeight=0.832,codegen,dissipator,YIELD,0.6634,head_hex_54,recovery/fault_hold
54,The Marrying Maiden,present,1,old yang,risky_union|voice_warmth|voice_subtlety,slot 1 stable_yin: chaos=0.113 whimsy=0.262 darkTone=0.103 coherence=0.857 voiceWeight=0.832,codegen,dissipator,YIELD,0.6118,head_hex_54,recovery/fault_hold
54,The Marrying Maiden,future,2,old yang,risky_union|voice_warmth|voice_subtlety,slot 1 stable_yin: chaos=0.113 whimsy=0.262 darkTone=0.103 coherence=0.857 voiceWeight=0.832,codegen,dissipator,YIELD,0.6247,head_hex_54,recovery/fault_hold
54,The Marrying Maiden,transition,3,old yang,risky_union|voice_warmth|voice_subtlety,slot 1 stable_yin: chaos=0.113 whimsy=0.262 darkTone=0.103 coherence=0.857 voiceWeight=0.832,codegen,dissipator,YIELD,0.5861,head_hex_54,recovery/fault_hold
54,The Marrying Maiden,resolution,4,old yang,risky_union|voice_warmth|voice_subtlety,slot 1 stable_yin: chaos=0.113 whimsy=0.262 darkTone=0.103 coherence=0.857 voiceWeight=0.832,codegen,dissipator,YIELD,0.7158,head_hex_54,recovery/fault_hold
54,The Marrying Maiden,dissolution,5,old yang,risky_union|voice_warmth|voice_subtlety,slot 1 stable_yin: chaos=0.113 whimsy=0.262 darkTone=0.103 coherence=0.857 voiceWeight=0.832,codegen,dissipator,YIELD,0.6832,head_hex_54,recovery/fault_hold
54,The Marrying Maiden,crystallization,6,old yang,risky_union|voice_warmth|voice_subtlety,slot 1 stable_yin: chaos=0.113 whimsy=0.262 darkTone=0.103 coherence=0.857 voiceWeight=0.832,codegen,dissipator,YIELD,0.6914,head_hex_54,recovery/fault_hold
54,The Marrying Maiden,void,7,old yang,risky_union|voice_warmth|voice_subtlety,slot 1 stable_yin: chaos=0.113 whimsy=0.262 darkTone=0.103 coherence=0.857 voiceWeight=0.832,codegen,dissipator,YIELD,0.6832,head_hex_54,recovery/fault_hold
55,Abundance,past,0,old yang,peak_prosperity|voice_warmth|voice_subtlety,slot 1 stable_yin: chaos=0.113 whimsy=0.262 darkTone=0.103 coherence=0.857 voiceWeight=0.832,codegen,sovereign,ASSERT,0.6667,head_hex_55,recovery/fault_hold
55,Abundance,present,1,old yang,peak_prosperity|voice_warmth|voice_subtlety,slot 1 stable_yin: chaos=0.113 whimsy=0.262 darkTone=0.103 coherence=0.857 voiceWeight=0.832,codegen,sovereign,ASSERT,0.6281,head_hex_55,recovery/fault_hold
55,Abundance,future,2,old yang,peak_prosperity|voice_warmth|voice_subtlety,slot 1 stable_yin: chaos=0.113 whimsy=0.262 darkTone=0.103 coherence=0.857 voiceWeight=0.832,codegen,sovereign,ASSERT,0.6409,head_hex_55,recovery/fault_hold
55,Abundance,transition,3,old yang,peak_prosperity|voice_warmth|voice_subtlety,slot 1 stable_yin: chaos=0.113 whimsy=0.262 darkTone=0.103 coherence=0.857 voiceWeight=0.832,codegen,sovereign,ASSERT,0.6023,head_hex_55,recovery/fault_hold
55,Abundance,resolution,4,old yang,peak_prosperity|voice_warmth|voice_subtlety,slot 1 stable_yin: chaos=0.113 whimsy=0.262 darkTone=0.103 coherence=0.857 voiceWeight=0.832,codegen,sovereign,ASSERT,0.6152,head_hex_55,recovery/fault_hold
55,Abundance,dissolution,5,old yang,peak_prosperity|voice_warmth|voice_subtlety,slot 1 stable_yin: chaos=0.113 whimsy=0.262 darkTone=0.103 coherence=0.857 voiceWeight=0.832,codegen,sovereign,ASSERT,0.5894,head_hex_55,recovery/fault_hold
55,Abundance,crystallization,6,old yang,peak_prosperity|voice_warmth|voice_subtlety,slot 1 stable_yin: chaos=0.113 whimsy=0.262 darkTone=0.103 coherence=0.857 voiceWeight=0.832,codegen,sovereign,ASSERT,0.5894,head_hex_55,recovery/fault_hold
55,Abundance,void,7,old yang,peak_prosperity|voice_warmth|voice_subtlety,slot 1 stable_yin: chaos=0.113 whimsy=0.262 darkTone=0.103 coherence=0.857 voiceWeight=0.832,codegen,sovereign,ASSERT,0.5894,head_hex_55,recovery/fault_hold
55,Abundance,past,0,old yang,peak_prosperity|voice_warmth|voice_subtlety,slot 1 stable_yin: chaos=0.113 whimsy=0.262 darkTone=0.103 coherence=0.857 voiceWeight=0.832,codegen,sovereign,ASSERT,0.6667,head_hex_55,recovery/fault_hold
55,Abundance,present,1,old yang,peak_prosperity|voice_warmth|voice_subtlety,slot 1 stable_yin: chaos=0.113 whimsy=0.262 darkTone=0.103 coherence=0.857 voiceWeight=0.832,codegen,sovereign,ASSERT,0.6281,head_hex_55,recovery/fault_hold
55,Abundance,future,2,old yang,peak_prosperity|voice_warmth|voice_subtlety,slot 1 stable_yin: chaos=0.113 whimsy=0.262 darkTone=0.103 coherence=0.857 voiceWeight=0.832,codegen,sovereign,ASSERT,0.6409,head_hex_55,recovery/fault_hold
55,Abundance,transition,3,old yang,peak_prosperity|voice_warmth|voice_subtlety,slot 1 stable_yin: chaos=0.113 whimsy=0.262 darkTone=0.103 coherence=0.857 voiceWeight=0.832,codegen,sovereign,ASSERT,0.6023,head_hex_55,recovery/fault_hold
55,Abundance,resolution,4,old yang,peak_prosperity|voice_warmth|voice_subtlety,slot 1 stable_yin: chaos=0.113 whimsy=0.262 darkTone=0.103 coherence=0.857 voiceWeight=0.832,codegen,sovereign,ASSERT,0.6152,head_hex_55,recovery/fault_hold
55,Abundance,dissolution,5,old yang,peak_prosperity|voice_warmth|voice_subtlety,slot 1 stable_yin: chaos=0.113 whimsy=0.262 darkTone=0.103 coherence=0.857 voiceWeight=0.832,codegen,sovereign,ASSERT,0.5894,head_hex_55,recovery/fault_hold
55,Abundance,crystallization,6,old yang,peak_prosperity|voice_warmth|voice_subtlety,slot 1 stable_yin: chaos=0.113 whimsy=0.262 darkTone=0.103 coherence=0.857 voiceWeight=0.832,codegen,sovereign,ASSERT,0.6853,head_hex_55,recovery/fault_hold
55,Abundance,void,7,old yang,peak_prosperity|voice_warmth|voice_subtlety,slot 1 stable_yin: chaos=0.113 whimsy=0.262 darkTone=0.103 coherence=0.857 voiceWeight=0.832,codegen,sovereign,ASSERT,0.6853,head_hex_55,recovery/fault_hold
55,Abundance,past,0,old yang,peak_prosperity|voice_warmth|voice_subtlety,slot 1 stable_yin: chaos=0.113 whimsy=0.262 darkTone=0.103 coherence=0.857 voiceWeight=0.832,codegen,sovereign,ASSERT,0.6667,head_hex_55,recovery/fault_hold
55,Abundance,present,1,old yang,peak_prosperity|voice_warmth|voice_subtlety,slot 1 stable_yin: chaos=0.113 whimsy=0.262 darkTone=0.103 coherence=0.857 voiceWeight=0.832,codegen,sovereign,ASSERT,0.6281,head_hex_55,recovery/fault_hold
55,Abundance,future,2,old yang,peak_prosperity|voice_warmth|voice_subtlety,slot 1 stable_yin: chaos=0.113 whimsy=0.262 darkTone=0.103 coherence=0.857 voiceWeight=0.832,codegen,sovereign,ASSERT,0.6409,head_hex_55,recovery/fault_hold
55,Abundance,transition,3,old yang,peak_prosperity|voice_warmth|voice_subtlety,slot 1 stable_yin: chaos=0.113 whimsy=0.262 darkTone=0.103 coherence=0.857 voiceWeight=0.832,codegen,sovereign,ASSERT,0.6023,head_hex_55,recovery/fault_hold
55,Abundance,resolution,4,old yang,peak_prosperity|voice_warmth|voice_subtlety,slot 1 stable_yin: chaos=0.113 whimsy=0.262 darkTone=0.103 coherence=0.857 voiceWeight=0.832,codegen,sovereign,ASSERT,0.7016,head_hex_55,recovery/fault_hold
55,Abundance,dissolution,5,old yang,peak_prosperity|voice_warmth|voice_subtlety,slot 1 stable_yin: chaos=0.113 whimsy=0.262 darkTone=0.103 coherence=0.857 voiceWeight=0.832,codegen,sovereign,ASSERT,0.6853,head_hex_55,recovery/fault_hold
55,Abundance,crystallization,6,old yang,peak_prosperity|voice_warmth|voice_subtlety,slot 1 stable_yin: chaos=0.113 whimsy=0.262 darkTone=0.103 coherence=0.857 voiceWeight=0.832,codegen,sovereign,ASSERT,0.6853,head_hex_55,recovery/fault_hold
55,Abundance,void,7,old yang,peak_prosperity|voice_warmth|voice_subtlety,slot 1 stable_yin: chaos=0.113 whimsy=0.262 darkTone=0.103 coherence=0.857 voiceWeight=0.832,codegen,sovereign,ASSERT,0.6853,head_hex_55,recovery/fault_hold
56,The Wanderer,past,0,old yang,journeying_stranger|voice_warmth|voice_subtlety,slot 1 stable_yin: chaos=0.113 whimsy=0.262 darkTone=0.103 coherence=0.857 voiceWeight=0.832,codegen,dissipator,ADAPT,0.6144,head_hex_56,recovery/fault_hold
56,The Wanderer,present,1,old yang,journeying_stranger|voice_warmth|voice_subtlety,slot 1 stable_yin: chaos=0.113 whimsy=0.262 darkTone=0.103 coherence=0.857 voiceWeight=0.832,codegen,dissipator,ADAPT,0.5438,head_hex_56,recovery/fault_hold
56,The Wanderer,future,2,old yang,journeying_stranger|voice_warmth|voice_subtlety,slot 1 stable_yin: chaos=0.113 whimsy=0.262 darkTone=0.103 coherence=0.857 voiceWeight=0.832,codegen,dissipator,ADAPT,0.5791,head_hex_56,recovery/fault_hold
56,The Wanderer,transition,3,old yang,journeying_stranger|voice_warmth|voice_subtlety,slot 1 stable_yin: chaos=0.113 whimsy=0.262 darkTone=0.103 coherence=0.857 voiceWeight=0.832,codegen,dissipator,ADAPT,0.5085,head_hex_56,recovery/fault_hold
56,The Wanderer,resolution,4,old yang,journeying_stranger|voice_warmth|voice_subtlety,slot 1 stable_yin: chaos=0.113 whimsy=0.262 darkTone=0.103 coherence=0.857 voiceWeight=0.832,codegen,dissipator,ADAPT,0.5615,head_hex_56,recovery/fault_hold
56,The Wanderer,dissolution,5,old yang,journeying_stranger|voice_warmth|voice_subtlety,slot 1 stable_yin: chaos=0.113 whimsy=0.262 darkTone=0.103 coherence=0.857 voiceWeight=0.832,codegen,dissipator,ADAPT,0.5085,head_hex_56,recovery/fault_hold
56,The Wanderer,crystallization,6,old yang,journeying_stranger|voice_warmth|voice_subtlety,slot 1 stable_yin: chaos=0.113 whimsy=0.262 darkTone=0.103 coherence=0.857 voiceWeight=0.832,codegen,dissipator,ADAPT,0.5262,head_hex_56,recovery/fault_hold
56,The Wanderer,void,7,old yang,journeying_stranger|voice_warmth|voice_subtlety,slot 1 stable_yin: chaos=0.113 whimsy=0.262 darkTone=0.103 coherence=0.857 voiceWeight=0.832,codegen,dissipator,ADAPT,0.5085,head_hex_56,recovery/fault_hold
56,The Wanderer,past,0,old yang,journeying_stranger|voice_warmth|voice_subtlety,slot 1 stable_yin: chaos=0.113 whimsy=0.262 darkTone=0.103 coherence=0.857 voiceWeight=0.832,codegen,dissipator,ADAPT,0.6144,head_hex_56,recovery/fault_hold
56,The Wanderer,present,1,old yang,journeying_stranger|voice_warmth|voice_subtlety,slot 1 stable_yin: chaos=0.113 whimsy=0.262 darkTone=0.103 coherence=0.857 voiceWeight=0.832,codegen,dissipator,ADAPT,0.5438,head_hex_56,recovery/fault_hold
56,The Wanderer,future,2,old yang,journeying_stranger|voice_warmth|voice_subtlety,slot 1 stable_yin: chaos=0.113 whimsy=0.262 darkTone=0.103 coherence=0.857 voiceWeight=0.832,codegen,dissipator,ADAPT,0.5791,head_hex_56,recovery/fault_hold
56,The Wanderer,transition,3,old yang,journeying_stranger|voice_warmth|voice_subtlety,slot 1 stable_yin: chaos=0.113 whimsy=0.262 darkTone=0.103 coherence=0.857 voiceWeight=0.832,codegen,dissipator,ADAPT,0.5085,head_hex_56,recovery/fault_hold
56,The Wanderer,resolution,4,old yang,journeying_stranger|voice_warmth|voice_subtlety,slot 1 stable_yin: chaos=0.113 whimsy=0.262 darkTone=0.103 coherence=0.857 voiceWeight=0.832,codegen,dissipator,ADAPT,0.5615,head_hex_56,recovery/fault_hold
56,The Wanderer,dissolution,5,old yang,journeying_stranger|voice_warmth|voice_subtlety,slot 1 stable_yin: chaos=0.113 whimsy=0.262 darkTone=0.103 coherence=0.857 voiceWeight=0.832,codegen,dissipator,ADAPT,0.5085,head_hex_56,recovery/fault_hold
56,The Wanderer,crystallization,6,old yang,journeying_stranger|voice_warmth|voice_subtlety,slot 1 stable_yin: chaos=0.113 whimsy=0.262 darkTone=0.103 coherence=0.857 voiceWeight=0.832,codegen,dissipator,ADAPT,0.6154,head_hex_56,recovery/fault_hold
56,The Wanderer,void,7,old yang,journeying_stranger|voice_warmth|voice_subtlety,slot 1 stable_yin: chaos=0.113 whimsy=0.262 darkTone=0.103 coherence=0.857 voiceWeight=0.832,codegen,dissipator,ADAPT,0.6025,head_hex_56,recovery/fault_hold
56,The Wanderer,past,0,old yang,journeying_stranger|voice_warmth|voice_subtlety,slot 1 stable_yin: chaos=0.113 whimsy=0.262 darkTone=0.103 coherence=0.857 voiceWeight=0.832,codegen,dissipator,ADAPT,0.6144,head_hex_56,recovery/fault_hold
56,The Wanderer,present,1,old yang,journeying_stranger|voice_warmth|voice_subtlety,slot 1 stable_yin: chaos=0.113 whimsy=0.262 darkTone=0.103 coherence=0.857 voiceWeight=0.832,codegen,dissipator,ADAPT,0.5438,head_hex_56,recovery/fault_hold
56,The Wanderer,future,2,old yang,journeying_stranger|voice_warmth|voice_subtlety,slot 1 stable_yin: chaos=0.113 whimsy=0.262 darkTone=0.103 coherence=0.857 voiceWeight=0.832,codegen,dissipator,ADAPT,0.5791,head_hex_56,recovery/fault_hold
56,The Wanderer,transition,3,old yang,journeying_stranger|voice_warmth|voice_subtlety,slot 1 stable_yin: chaos=0.113 whimsy=0.262 darkTone=0.103 coherence=0.857 voiceWeight=0.832,codegen,dissipator,ADAPT,0.5085,head_hex_56,recovery/fault_hold
56,The Wanderer,resolution,4,old yang,journeying_stranger|voice_warmth|voice_subtlety,slot 1 stable_yin: chaos=0.113 whimsy=0.262 darkTone=0.103 coherence=0.857 voiceWeight=0.832,codegen,dissipator,ADAPT,0.6412,head_hex_56,recovery/fault_hold
56,The Wanderer,dissolution,5,old yang,journeying_stranger|voice_warmth|voice_subtlety,slot 1 stable_yin: chaos=0.113 whimsy=0.262 darkTone=0.103 coherence=0.857 voiceWeight=0.832,codegen,dissipator,ADAPT,0.6025,head_hex_56,recovery/fault_hold
56,The Wanderer,crystallization,6,old yang,journeying_stranger|voice_warmth|voice_subtlety,slot 1 stable_yin: chaos=0.113 whimsy=0.262 darkTone=0.103 coherence=0.857 voiceWeight=0.832,codegen,dissipator,ADAPT,0.6154,head_hex_56,recovery/fault_hold
56,The Wanderer,void,7,old yang,journeying_stranger|voice_warmth|voice_subtlety,slot 1 stable_yin: chaos=0.113 whimsy=0.262 darkTone=0.103 coherence=0.857 voiceWeight=0.832,codegen,dissipator,ADAPT,0.6025,head_hex_56,recovery/fault_hold
57,The Gentle,past,0,old yang,soft_persistence|voice_warmth|voice_subtlety,slot 1 stable_yin: chaos=0.113 whimsy=0.262 darkTone=0.103 coherence=0.857 voiceWeight=0.832,codegen,boundary,YIELD,0.5291,head_hex_57,recovery/fault_hold
57,The Gentle,present,1,old yang,soft_persistence|voice_warmth|voice_subtlety,slot 1 stable_yin: chaos=0.113 whimsy=0.262 darkTone=0.103 coherence=0.857 voiceWeight=0.832,codegen,boundary,YIELD,0.4993,head_hex_57,recovery/fault_hold
57,The Gentle,future,2,old yang,soft_persistence|voice_warmth|voice_subtlety,slot 1 stable_yin: chaos=0.113 whimsy=0.262 darkTone=0.103 coherence=0.857 voiceWeight=0.832,codegen,boundary,YIELD,0.4545,head_hex_57,recovery/fault_hold
57,The Gentle,transition,3,old yang,soft_persistence|voice_warmth|voice_subtlety,slot 1 stable_yin: chaos=0.113 whimsy=0.262 darkTone=0.103 coherence=0.857 voiceWeight=0.832,codegen,boundary,YIELD,0.4097,head_hex_57,recovery/fault_hold
57,The Gentle,resolution,4,old yang,soft_persistence|voice_warmth|voice_subtlety,slot 1 stable_yin: chaos=0.113 whimsy=0.262 darkTone=0.103 coherence=0.857 voiceWeight=0.832,codegen,boundary,YIELD,0.4545,head_hex_57,recovery/fault_hold
57,The Gentle,dissolution,5,old yang,soft_persistence|voice_warmth|voice_subtlety,slot 1 stable_yin: chaos=0.113 whimsy=0.262 darkTone=0.103 coherence=0.857 voiceWeight=0.832,codegen,boundary,YIELD,0.4097,head_hex_57,recovery/fault_hold
57,The Gentle,crystallization,6,old yang,soft_persistence|voice_warmth|voice_subtlety,slot 1 stable_yin: chaos=0.113 whimsy=0.262 darkTone=0.103 coherence=0.857 voiceWeight=0.832,codegen,boundary,YIELD,0.3873,head_hex_57,recovery/fault_hold
57,The Gentle,void,7,old yang,soft_persistence|voice_warmth|voice_subtlety,slot 1 stable_yin: chaos=0.113 whimsy=0.262 darkTone=0.103 coherence=0.857 voiceWeight=0.832,codegen,boundary,YIELD,0.3873,head_hex_57,recovery/fault_hold
57,The Gentle,past,0,old yang,soft_persistence|voice_warmth|voice_subtlety,slot 1 stable_yin: chaos=0.113 whimsy=0.262 darkTone=0.103 coherence=0.857 voiceWeight=0.832,codegen,boundary,YIELD,0.5291,head_hex_57,recovery/fault_hold
57,The Gentle,present,1,old yang,soft_persistence|voice_warmth|voice_subtlety,slot 1 stable_yin: chaos=0.113 whimsy=0.262 darkTone=0.103 coherence=0.857 voiceWeight=0.832,codegen,boundary,YIELD,0.4993,head_hex_57,recovery/fault_hold
57,The Gentle,future,2,old yang,soft_persistence|voice_warmth|voice_subtlety,slot 1 stable_yin: chaos=0.113 whimsy=0.262 darkTone=0.103 coherence=0.857 voiceWeight=0.832,codegen,boundary,YIELD,0.4545,head_hex_57,recovery/fault_hold
57,The Gentle,transition,3,old yang,soft_persistence|voice_warmth|voice_subtlety,slot 1 stable_yin: chaos=0.113 whimsy=0.262 darkTone=0.103 coherence=0.857 voiceWeight=0.832,codegen,boundary,YIELD,0.4097,head_hex_57,recovery/fault_hold
57,The Gentle,resolution,4,old yang,soft_persistence|voice_warmth|voice_subtlety,slot 1 stable_yin: chaos=0.113 whimsy=0.262 darkTone=0.103 coherence=0.857 voiceWeight=0.832,codegen,boundary,YIELD,0.4545,head_hex_57,recovery/fault_hold
57,The Gentle,dissolution,5,old yang,soft_persistence|voice_warmth|voice_subtlety,slot 1 stable_yin: chaos=0.113 whimsy=0.262 darkTone=0.103 coherence=0.857 voiceWeight=0.832,codegen,boundary,YIELD,0.4097,head_hex_57,recovery/fault_hold
57,The Gentle,crystallization,6,old yang,soft_persistence|voice_warmth|voice_subtlety,slot 1 stable_yin: chaos=0.113 whimsy=0.262 darkTone=0.103 coherence=0.857 voiceWeight=0.832,codegen,boundary,YIELD,0.487,head_hex_57,recovery/fault_hold
57,The Gentle,void,7,old yang,soft_persistence|voice_warmth|voice_subtlety,slot 1 stable_yin: chaos=0.113 whimsy=0.262 darkTone=0.103 coherence=0.857 voiceWeight=0.832,codegen,boundary,YIELD,0.487,head_hex_57,recovery/fault_hold
57,The Gentle,past,0,old yang,soft_persistence|voice_warmth|voice_subtlety,slot 1 stable_yin: chaos=0.113 whimsy=0.262 darkTone=0.103 coherence=0.857 voiceWeight=0.832,codegen,boundary,YIELD,0.5291,head_hex_57,recovery/fault_hold
57,The Gentle,present,1,old yang,soft_persistence|voice_warmth|voice_subtlety,slot 1 stable_yin: chaos=0.113 whimsy=0.262 darkTone=0.103 coherence=0.857 voiceWeight=0.832,codegen,boundary,YIELD,0.4993,head_hex_57,recovery/fault_hold
57,The Gentle,future,2,old yang,soft_persistence|voice_warmth|voice_subtlety,slot 1 stable_yin: chaos=0.113 whimsy=0.262 darkTone=0.103 coherence=0.857 voiceWeight=0.832,codegen,boundary,YIELD,0.4545,head_hex_57,recovery/fault_hold
57,The Gentle,transition,3,old yang,soft_persistence|voice_warmth|voice_subtlety,slot 1 stable_yin: chaos=0.113 whimsy=0.262 darkTone=0.103 coherence=0.857 voiceWeight=0.832,codegen,boundary,YIELD,0.4097,head_hex_57,recovery/fault_hold
57,The Gentle,resolution,4,old yang,soft_persistence|voice_warmth|voice_subtlety,slot 1 stable_yin: chaos=0.113 whimsy=0.262 darkTone=0.103 coherence=0.857 voiceWeight=0.832,codegen,boundary,YIELD,0.54,head_hex_57,recovery/fault_hold
57,The Gentle,dissolution,5,old yang,soft_persistence|voice_warmth|voice_subtlety,slot 1 stable_yin: chaos=0.113 whimsy=0.262 darkTone=0.103 coherence=0.857 voiceWeight=0.832,codegen,boundary,YIELD,0.5047,head_hex_57,recovery/fault_hold
57,The Gentle,crystallization,6,old yang,soft_persistence|voice_warmth|voice_subtlety,slot 1 stable_yin: chaos=0.113 whimsy=0.262 darkTone=0.103 coherence=0.857 voiceWeight=0.832,codegen,boundary,YIELD,0.487,head_hex_57,recovery/fault_hold
57,The Gentle,void,7,old yang,soft_persistence|voice_warmth|voice_subtlety,slot 1 stable_yin: chaos=0.113 whimsy=0.262 darkTone=0.103 coherence=0.857 voiceWeight=0.832,codegen,boundary,YIELD,0.487,head_hex_57,recovery/fault_hold
58,The Joyous,past,0,old yang,open_pleasure|voice_warmth|voice_subtlety,slot 1 stable_yin: chaos=0.113 whimsy=0.262 darkTone=0.103 coherence=0.857 voiceWeight=0.832,codegen,transformer,YIELD,0.6064,head_hex_58,purge
58,The Joyous,present,1,old yang,open_pleasure|voice_warmth|voice_subtlety,slot 1 stable_yin: chaos=0.113 whimsy=0.262 darkTone=0.103 coherence=0.857 voiceWeight=0.832,codegen,transformer,YIELD,0.5475,head_hex_58,purge
58,The Joyous,future,2,old yang,open_pleasure|voice_warmth|voice_subtlety,slot 1 stable_yin: chaos=0.113 whimsy=0.262 darkTone=0.103 coherence=0.857 voiceWeight=0.832,codegen,transformer,YIELD,0.5475,head_hex_58,purge
58,The Joyous,transition,3,old yang,open_pleasure|voice_warmth|voice_subtlety,slot 1 stable_yin: chaos=0.113 whimsy=0.262 darkTone=0.103 coherence=0.857 voiceWeight=0.832,codegen,transformer,YIELD,0.4946,head_hex_58,purge
58,The Joyous,resolution,4,old yang,open_pleasure|voice_warmth|voice_subtlety,slot 1 stable_yin: chaos=0.113 whimsy=0.262 darkTone=0.103 coherence=0.857 voiceWeight=0.832,codegen,transformer,YIELD,0.5828,head_hex_58,purge
58,The Joyous,dissolution,5,old yang,open_pleasure|voice_warmth|voice_subtlety,slot 1 stable_yin: chaos=0.113 whimsy=0.262 darkTone=0.103 coherence=0.857 voiceWeight=0.832,codegen,transformer,YIELD,0.5123,head_hex_58,purge
58,The Joyous,crystallization,6,old yang,open_pleasure|voice_warmth|voice_subtlety,slot 1 stable_yin: chaos=0.113 whimsy=0.262 darkTone=0.103 coherence=0.857 voiceWeight=0.832,codegen,transformer,YIELD,0.5123,head_hex_58,purge
58,The Joyous,void,7,old yang,open_pleasure|voice_warmth|voice_subtlety,slot 1 stable_yin: chaos=0.113 whimsy=0.262 darkTone=0.103 coherence=0.857 voiceWeight=0.832,codegen,transformer,YIELD,0.4946,head_hex_58,purge
58,The Joyous,past,0,old yang,open_pleasure|voice_warmth|voice_subtlety,slot 1 stable_yin: chaos=0.113 whimsy=0.262 darkTone=0.103 coherence=0.857 voiceWeight=0.832,codegen,transformer,YIELD,0.6064,head_hex_58,purge
58,The Joyous,present,1,old yang,open_pleasure|voice_warmth|voice_subtlety,slot 1 stable_yin: chaos=0.113 whimsy=0.262 darkTone=0.103 coherence=0.857 voiceWeight=0.832,codegen,transformer,YIELD,0.5475,head_hex_58,purge
58,The Joyous,future,2,old yang,open_pleasure|voice_warmth|voice_subtlety,slot 1 stable_yin: chaos=0.113 whimsy=0.262 darkTone=0.103 coherence=0.857 voiceWeight=0.832,codegen,transformer,YIELD,0.5475,head_hex_58,purge
58,The Joyous,transition,3,old yang,open_pleasure|voice_warmth|voice_subtlety,slot 1 stable_yin: chaos=0.113 whimsy=0.262 darkTone=0.103 coherence=0.857 voiceWeight=0.832,codegen,transformer,YIELD,0.4946,head_hex_58,purge
58,The Joyous,resolution,4,old yang,open_pleasure|voice_warmth|voice_subtlety,slot 1 stable_yin: chaos=0.113 whimsy=0.262 darkTone=0.103 coherence=0.857 voiceWeight=0.832,codegen,transformer,YIELD,0.5828,head_hex_58,purge
58,The Joyous,dissolution,5,old yang,open_pleasure|voice_warmth|voice_subtlety,slot 1 stable_yin: chaos=0.113 whimsy=0.262 darkTone=0.103 coherence=0.857 voiceWeight=0.832,codegen,transformer,YIELD,0.5123,head_hex_58,purge
58,The Joyous,crystallization,6,old yang,open_pleasure|voice_warmth|voice_subtlety,slot 1 stable_yin: chaos=0.113 whimsy=0.262 darkTone=0.103 coherence=0.857 voiceWeight=0.832,codegen,transformer,YIELD,0.6052,head_hex_58,purge
58,The Joyous,void,7,old yang,open_pleasure|voice_warmth|voice_subtlety,slot 1 stable_yin: chaos=0.113 whimsy=0.262 darkTone=0.103 coherence=0.857 voiceWeight=0.832,codegen,transformer,YIELD,0.5923,head_hex_58,purge
58,The Joyous,past,0,old yang,open_pleasure|voice_warmth|voice_subtlety,slot 1 stable_yin: chaos=0.113 whimsy=0.262 darkTone=0.103 coherence=0.857 voiceWeight=0.832,codegen,transformer,YIELD,0.6064,head_hex_58,purge
58,The Joyous,present,1,old yang,open_pleasure|voice_warmth|voice_subtlety,slot 1 stable_yin: chaos=0.113 whimsy=0.262 darkTone=0.103 coherence=0.857 voiceWeight=0.832,codegen,transformer,YIELD,0.5475,head_hex_58,purge
58,The Joyous,future,2,old yang,open_pleasure|voice_warmth|voice_subtlety,slot 1 stable_yin: chaos=0.113 whimsy=0.262 darkTone=0.103 coherence=0.857 voiceWeight=0.832,codegen,transformer,YIELD,0.5475,head_hex_58,purge
58,The Joyous,transition,3,old yang,open_pleasure|voice_warmth|voice_subtlety,slot 1 stable_yin: chaos=0.113 whimsy=0.262 darkTone=0.103 coherence=0.857 voiceWeight=0.832,codegen,transformer,YIELD,0.4946,head_hex_58,purge
58,The Joyous,resolution,4,old yang,open_pleasure|voice_warmth|voice_subtlety,slot 1 stable_yin: chaos=0.113 whimsy=0.262 darkTone=0.103 coherence=0.857 voiceWeight=0.832,codegen,transformer,YIELD,0.6568,head_hex_58,purge
58,The Joyous,dissolution,5,old yang,open_pleasure|voice_warmth|voice_subtlety,slot 1 stable_yin: chaos=0.113 whimsy=0.262 darkTone=0.103 coherence=0.857 voiceWeight=0.832,codegen,transformer,YIELD,0.6052,head_hex_58,purge
58,The Joyous,crystallization,6,old yang,open_pleasure|voice_warmth|voice_subtlety,slot 1 stable_yin: chaos=0.113 whimsy=0.262 darkTone=0.103 coherence=0.857 voiceWeight=0.832,codegen,transformer,YIELD,0.6052,head_hex_58,purge
58,The Joyous,void,7,old yang,open_pleasure|voice_warmth|voice_subtlety,slot 1 stable_yin: chaos=0.113 whimsy=0.262 darkTone=0.103 coherence=0.857 voiceWeight=0.832,codegen,transformer,YIELD,0.5923,head_hex_58,purge
59,Dispersion,past,0,old yang,scattering_wind|voice_warmth|voice_subtlety,slot 1 stable_yin: chaos=0.113 whimsy=0.262 darkTone=0.103 coherence=0.857 voiceWeight=0.832,codegen,dissipator,ADAPT,0.6476,head_hex_59,recovery/fault_hold
59,Dispersion,present,1,old yang,scattering_wind|voice_warmth|voice_subtlety,slot 1 stable_yin: chaos=0.113 whimsy=0.262 darkTone=0.103 coherence=0.857 voiceWeight=0.832,codegen,dissipator,ADAPT,0.6218,head_hex_59,recovery/fault_hold
59,Dispersion,future,2,old yang,scattering_wind|voice_warmth|voice_subtlety,slot 1 stable_yin: chaos=0.113 whimsy=0.262 darkTone=0.103 coherence=0.857 voiceWeight=0.832,codegen,dissipator,ADAPT,0.596,head_hex_59,recovery/fault_hold
59,Dispersion,transition,3,old yang,scattering_wind|voice_warmth|voice_subtlety,slot 1 stable_yin: chaos=0.113 whimsy=0.262 darkTone=0.103 coherence=0.857 voiceWeight=0.832,codegen,dissipator,ADAPT,0.5702,head_hex_59,recovery/fault_hold
59,Dispersion,resolution,4,old yang,scattering_wind|voice_warmth|voice_subtlety,slot 1 stable_yin: chaos=0.113 whimsy=0.262 darkTone=0.103 coherence=0.857 voiceWeight=0.832,codegen,dissipator,ADAPT,0.6089,head_hex_59,recovery/fault_hold
59,Dispersion,dissolution,5,old yang,scattering_wind|voice_warmth|voice_subtlety,slot 1 stable_yin: chaos=0.113 whimsy=0.262 darkTone=0.103 coherence=0.857 voiceWeight=0.832,codegen,dissipator,ADAPT,0.5831,head_hex_59,recovery/fault_hold
59,Dispersion,crystallization,6,old yang,scattering_wind|voice_warmth|voice_subtlety,slot 1 stable_yin: chaos=0.113 whimsy=0.262 darkTone=0.103 coherence=0.857 voiceWeight=0.832,codegen,dissipator,ADAPT,0.5702,head_hex_59,recovery/fault_hold
59,Dispersion,void,7,old yang,scattering_wind|voice_warmth|voice_subtlety,slot 1 stable_yin: chaos=0.113 whimsy=0.262 darkTone=0.103 coherence=0.857 voiceWeight=0.832,codegen,dissipator,ADAPT,0.5702,head_hex_59,recovery/fault_hold
59,Dispersion,past,0,old yang,scattering_wind|voice_warmth|voice_subtlety,slot 1 stable_yin: chaos=0.113 whimsy=0.262 darkTone=0.103 coherence=0.857 voiceWeight=0.832,codegen,dissipator,ADAPT,0.6476,head_hex_59,recovery/fault_hold
59,Dispersion,present,1,old yang,scattering_wind|voice_warmth|voice_subtlety,slot 1 stable_yin: chaos=0.113 whimsy=0.262 darkTone=0.103 coherence=0.857 voiceWeight=0.832,codegen,dissipator,ADAPT,0.6218,head_hex_59,recovery/fault_hold
59,Dispersion,future,2,old yang,scattering_wind|voice_warmth|voice_subtlety,slot 1 stable_yin: chaos=0.113 whimsy=0.262 darkTone=0.103 coherence=0.857 voiceWeight=0.832,codegen,dissipator,ADAPT,0.596,head_hex_59,recovery/fault_hold
59,Dispersion,transition,3,old yang,scattering_wind|voice_warmth|voice_subtlety,slot 1 stable_yin: chaos=0.113 whimsy=0.262 darkTone=0.103 coherence=0.857 voiceWeight=0.832,codegen,dissipator,ADAPT,0.5702,head_hex_59,recovery/fault_hold
59,Dispersion,resolution,4,old yang,scattering_wind|voice_warmth|voice_subtlety,slot 1 stable_yin: chaos=0.113 whimsy=0.262 darkTone=0.103 coherence=0.857 voiceWeight=0.832,codegen,dissipator,ADAPT,0.6089,head_hex_59,recovery/fault_hold
59,Dispersion,dissolution,5,old yang,scattering_wind|voice_warmth|voice_subtlety,slot 1 stable_yin: chaos=0.113 whimsy=0.262 darkTone=0.103 coherence=0.857 voiceWeight=0.832,codegen,dissipator,ADAPT,0.5831,head_hex_59,recovery/fault_hold
59,Dispersion,crystallization,6,old yang,scattering_wind|voice_warmth|voice_subtlety,slot 1 stable_yin: chaos=0.113 whimsy=0.262 darkTone=0.103 coherence=0.857 voiceWeight=0.832,codegen,dissipator,ADAPT,0.6761,head_hex_59,recovery/fault_hold
59,Dispersion,void,7,old yang,scattering_wind|voice_warmth|voice_subtlety,slot 1 stable_yin: chaos=0.113 whimsy=0.262 darkTone=0.103 coherence=0.857 voiceWeight=0.832,codegen,dissipator,ADAPT,0.6761,head_hex_59,recovery/fault_hold
59,Dispersion,past,0,old yang,scattering_wind|voice_warmth|voice_subtlety,slot 1 stable_yin: chaos=0.113 whimsy=0.262 darkTone=0.103 coherence=0.857 voiceWeight=0.832,codegen,dissipator,ADAPT,0.6476,head_hex_59,recovery/fault_hold
59,Dispersion,present,1,old yang,scattering_wind|voice_warmth|voice_subtlety,slot 1 stable_yin: chaos=0.113 whimsy=0.262 darkTone=0.103 coherence=0.857 voiceWeight=0.832,codegen,dissipator,ADAPT,0.6218,head_hex_59,recovery/fault_hold
59,Dispersion,future,2,old yang,scattering_wind|voice_warmth|voice_subtlety,slot 1 stable_yin: chaos=0.113 whimsy=0.262 darkTone=0.103 coherence=0.857 voiceWeight=0.832,codegen,dissipator,ADAPT,0.596,head_hex_59,recovery/fault_hold
59,Dispersion,transition,3,old yang,scattering_wind|voice_warmth|voice_subtlety,slot 1 stable_yin: chaos=0.113 whimsy=0.262 darkTone=0.103 coherence=0.857 voiceWeight=0.832,codegen,dissipator,ADAPT,0.5702,head_hex_59,recovery/fault_hold
59,Dispersion,resolution,4,old yang,scattering_wind|voice_warmth|voice_subtlety,slot 1 stable_yin: chaos=0.113 whimsy=0.262 darkTone=0.103 coherence=0.857 voiceWeight=0.832,codegen,dissipator,ADAPT,0.7005,head_hex_59,recovery/fault_hold
59,Dispersion,dissolution,5,old yang,scattering_wind|voice_warmth|voice_subtlety,slot 1 stable_yin: chaos=0.113 whimsy=0.262 darkTone=0.103 coherence=0.857 voiceWeight=0.832,codegen,dissipator,ADAPT,0.6842,head_hex_59,recovery/fault_hold
59,Dispersion,crystallization,6,old yang,scattering_wind|voice_warmth|voice_subtlety,slot 1 stable_yin: chaos=0.113 whimsy=0.262 darkTone=0.103 coherence=0.857 voiceWeight=0.832,codegen,dissipator,ADAPT,0.6761,head_hex_59,recovery/fault_hold
59,Dispersion,void,7,old yang,scattering_wind|voice_warmth|voice_subtlety,slot 1 stable_yin: chaos=0.113 whimsy=0.262 darkTone=0.103 coherence=0.857 voiceWeight=0.832,codegen,dissipator,ADAPT,0.6761,head_hex_59,recovery/fault_hold
60,Limitation,past,0,old yang,measured_restraint|voice_warmth|voice_subtlety,slot 1 stable_yin: chaos=0.113 whimsy=0.262 darkTone=0.103 coherence=0.857 voiceWeight=0.832,codegen,boundary,WAIT,0.5082,head_hex_60,recovery/fault_hold
60,Limitation,present,1,old yang,measured_restraint|voice_warmth|voice_subtlety,slot 1 stable_yin: chaos=0.113 whimsy=0.262 darkTone=0.103 coherence=0.857 voiceWeight=0.832,codegen,boundary,WAIT,0.441,head_hex_60,recovery/fault_hold
60,Limitation,future,2,old yang,measured_restraint|voice_warmth|voice_subtlety,slot 1 stable_yin: chaos=0.113 whimsy=0.262 darkTone=0.103 coherence=0.857 voiceWeight=0.832,codegen,boundary,WAIT,0.4186,head_hex_60,recovery/fault_hold
60,Limitation,transition,3,old yang,measured_restraint|voice_warmth|voice_subtlety,slot 1 stable_yin: chaos=0.113 whimsy=0.262 darkTone=0.103 coherence=0.857 voiceWeight=0.832,codegen,boundary,WAIT,0.3738,head_hex_60,recovery/fault_hold
60,Limitation,resolution,4,old yang,measured_restraint|voice_warmth|voice_subtlety,slot 1 stable_yin: chaos=0.113 whimsy=0.262 darkTone=0.103 coherence=0.857 voiceWeight=0.832,codegen,boundary,WAIT,0.4634,head_hex_60,recovery/fault_hold
60,Limitation,dissolution,5,old yang,measured_restraint|voice_warmth|voice_subtlety,slot 1 stable_yin: chaos=0.113 whimsy=0.262 darkTone=0.103 coherence=0.857 voiceWeight=0.832,codegen,boundary,WAIT,0.3962,head_hex_60,recovery/fault_hold
60,Limitation,crystallization,6,old yang,measured_restraint|voice_warmth|voice_subtlety,slot 1 stable_yin: chaos=0.113 whimsy=0.262 darkTone=0.103 coherence=0.857 voiceWeight=0.832,codegen,boundary,WAIT,0.3738,head_hex_60,recovery/fault_hold
60,Limitation,void,7,old yang,measured_restraint|voice_warmth|voice_subtlety,slot 1 stable_yin: chaos=0.113 whimsy=0.262 darkTone=0.103 coherence=0.857 voiceWeight=0.832,codegen,boundary,WAIT,0.3738,head_hex_60,recovery/fault_hold
60,Limitation,past,0,old yang,measured_restraint|voice_warmth|voice_subtlety,slot 1 stable_yin: chaos=0.113 whimsy=0.262 darkTone=0.103 coherence=0.857 voiceWeight=0.832,codegen,boundary,WAIT,0.5082,head_hex_60,recovery/fault_hold
60,Limitation,present,1,old yang,measured_restraint|voice_warmth|voice_subtlety,slot 1 stable_yin: chaos=0.113 whimsy=0.262 darkTone=0.103 coherence=0.857 voiceWeight=0.832,codegen,boundary,WAIT,0.441,head_hex_60,recovery/fault_hold
60,Limitation,future,2,old yang,measured_restraint|voice_warmth|voice_subtlety,slot 1 stable_yin: chaos=0.113 whimsy=0.262 darkTone=0.103 coherence=0.857 voiceWeight=0.832,codegen,boundary,WAIT,0.4186,head_hex_60,recovery/fault_hold
60,Limitation,transition,3,old yang,measured_restraint|voice_warmth|voice_subtlety,slot 1 stable_yin: chaos=0.113 whimsy=0.262 darkTone=0.103 coherence=0.857 voiceWeight=0.832,codegen,boundary,WAIT,0.3738,head_hex_60,recovery/fault_hold
60,Limitation,resolution,4,old yang,measured_restraint|voice_warmth|voice_subtlety,slot 1 stable_yin: chaos=0.113 whimsy=0.262 darkTone=0.103 coherence=0.857 voiceWeight=0.832,codegen,boundary,WAIT,0.4634,head_hex_60,recovery/fault_hold
60,Limitation,dissolution,5,old yang,measured_restraint|voice_warmth|voice_subtlety,slot 1 stable_yin: chaos=0.113 whimsy=0.262 darkTone=0.103 coherence=0.857 voiceWeight=0.832,codegen,boundary,WAIT,0.3962,head_hex_60,recovery/fault_hold
60,Limitation,crystallization,6,old yang,measured_restraint|voice_warmth|voice_subtlety,slot 1 stable_yin: chaos=0.113 whimsy=0.262 darkTone=0.103 coherence=0.857 voiceWeight=0.832,codegen,boundary,WAIT,0.4765,head_hex_60,recovery/fault_hold
60,Limitation,void,7,old yang,measured_restraint|voice_warmth|voice_subtlety,slot 1 stable_yin: chaos=0.113 whimsy=0.262 darkTone=0.103 coherence=0.857 voiceWeight=0.832,codegen,boundary,WAIT,0.4765,head_hex_60,recovery/fault_hold
60,Limitation,past,0,old yang,measured_restraint|voice_warmth|voice_subtlety,slot 1 stable_yin: chaos=0.113 whimsy=0.262 darkTone=0.103 coherence=0.857 voiceWeight=0.832,codegen,boundary,WAIT,0.5082,head_hex_60,recovery/fault_hold
60,Limitation,present,1,old yang,measured_restraint|voice_warmth|voice_subtlety,slot 1 stable_yin: chaos=0.113 whimsy=0.262 darkTone=0.103 coherence=0.857 voiceWeight=0.832,codegen,boundary,WAIT,0.441,head_hex_60,recovery/fault_hold
60,Limitation,future,2,old yang,measured_restraint|voice_warmth|voice_subtlety,slot 1 stable_yin: chaos=0.113 whimsy=0.262 darkTone=0.103 coherence=0.857 voiceWeight=0.832,codegen,boundary,WAIT,0.4186,head_hex_60,recovery/fault_hold
60,Limitation,transition,3,old yang,measured_restraint|voice_warmth|voice_subtlety,slot 1 stable_yin: chaos=0.113 whimsy=0.262 darkTone=0.103 coherence=0.857 voiceWeight=0.832,codegen,boundary,WAIT,0.3738,head_hex_60,recovery/fault_hold
60,Limitation,resolution,4,old yang,measured_restraint|voice_warmth|voice_subtlety,slot 1 stable_yin: chaos=0.113 whimsy=0.262 darkTone=0.103 coherence=0.857 voiceWeight=0.832,codegen,boundary,WAIT,0.547,head_hex_60,recovery/fault_hold
60,Limitation,dissolution,5,old yang,measured_restraint|voice_warmth|voice_subtlety,slot 1 stable_yin: chaos=0.113 whimsy=0.262 darkTone=0.103 coherence=0.857 voiceWeight=0.832,codegen,boundary,WAIT,0.4941,head_hex_60,recovery/fault_hold
60,Limitation,crystallization,6,old yang,measured_restraint|voice_warmth|voice_subtlety,slot 1 stable_yin: chaos=0.113 whimsy=0.262 darkTone=0.103 coherence=0.857 voiceWeight=0.832,codegen,boundary,WAIT,0.4765,head_hex_60,recovery/fault_hold
60,Limitation,void,7,old yang,measured_restraint|voice_warmth|voice_subtlety,slot 1 stable_yin: chaos=0.113 whimsy=0.262 darkTone=0.103 coherence=0.857 voiceWeight=0.832,codegen,boundary,WAIT,0.4765,head_hex_60,recovery/fault_hold
61,Inner Truth,past,0,old yang,sincere_resonance|voice_warmth|voice_subtlety,slot 1 stable_yin: chaos=0.113 whimsy=0.262 darkTone=0.103 coherence=0.857 voiceWeight=0.832,codegen,transformer,YIELD,0.5288,head_hex_61,recovery/fault_hold
61,Inner Truth,present,1,old yang,sincere_resonance|voice_warmth|voice_subtlety,slot 1 stable_yin: chaos=0.113 whimsy=0.262 darkTone=0.103 coherence=0.857 voiceWeight=0.832,codegen,transformer,YIELD,0.4765,head_hex_61,recovery/fault_hold
61,Inner Truth,future,2,old yang,sincere_resonance|voice_warmth|voice_subtlety,slot 1 stable_yin: chaos=0.113 whimsy=0.262 darkTone=0.103 coherence=0.857 voiceWeight=0.832,codegen,transformer,YIELD,0.4541,head_hex_61,recovery/fault_hold
61,Inner Truth,transition,3,old yang,sincere_resonance|voice_warmth|voice_subtlety,slot 1 stable_yin: chaos=0.113 whimsy=0.262 darkTone=0.103 coherence=0.857 voiceWeight=0.832,codegen,transformer,YIELD,0.3869,head_hex_61,recovery/fault_hold
61,Inner Truth,resolution,4,old yang,sincere_resonance|voice_warmth|voice_subtlety,slot 1 stable_yin: chaos=0.113 whimsy=0.262 darkTone=0.103 coherence=0.857 voiceWeight=0.832,codegen,transformer,YIELD,0.4765,head_hex_61,recovery/fault_hold
61,Inner Truth,dissolution,5,old yang,sincere_resonance|voice_warmth|voice_subtlety,slot 1 stable_yin: chaos=0.113 whimsy=0.262 darkTone=0.103 coherence=0.857 voiceWeight=0.832,codegen,transformer,YIELD,0.4093,head_hex_61,recovery/fault_hold
61,Inner Truth,crystallization,6,old yang,sincere_resonance|voice_warmth|voice_subtlety,slot 1 stable_yin: chaos=0.113 whimsy=0.262 darkTone=0.103 coherence=0.857 voiceWeight=0.832,codegen,transformer,YIELD,0.3869,head_hex_61,recovery/fault_hold
61,Inner Truth,void,7,old yang,sincere_resonance|voice_warmth|voice_subtlety,slot 1 stable_yin: chaos=0.113 whimsy=0.262 darkTone=0.103 coherence=0.857 voiceWeight=0.832,codegen,transformer,YIELD,0.3869,head_hex_61,recovery/fault_hold
61,Inner Truth,past,0,old yang,sincere_resonance|voice_warmth|voice_subtlety,slot 1 stable_yin: chaos=0.113 whimsy=0.262 darkTone=0.103 coherence=0.857 voiceWeight=0.832,codegen,transformer,YIELD,0.5288,head_hex_61,recovery/fault_hold
61,Inner Truth,present,1,old yang,sincere_resonance|voice_warmth|voice_subtlety,slot 1 stable_yin: chaos=0.113 whimsy=0.262 darkTone=0.103 coherence=0.857 voiceWeight=0.832,codegen,transformer,YIELD,0.4765,head_hex_61,recovery/fault_hold
61,Inner Truth,future,2,old yang,sincere_resonance|voice_warmth|voice_subtlety,slot 1 stable_yin: chaos=0.113 whimsy=0.262 darkTone=0.103 coherence=0.857 voiceWeight=0.832,codegen,transformer,YIELD,0.4541,head_hex_61,recovery/fault_hold
61,Inner Truth,transition,3,old yang,sincere_resonance|voice_warmth|voice_subtlety,slot 1 stable_yin: chaos=0.113 whimsy=0.262 darkTone=0.103 coherence=0.857 voiceWeight=0.832,codegen,transformer,YIELD,0.3869,head_hex_61,recovery/fault_hold
61,Inner Truth,resolution,4,old yang,sincere_resonance|voice_warmth|voice_subtlety,slot 1 stable_yin: chaos=0.113 whimsy=0.262 darkTone=0.103 coherence=0.857 voiceWeight=0.832,codegen,transformer,YIELD,0.4765,head_hex_61,recovery/fault_hold
61,Inner Truth,dissolution,5,old yang,sincere_resonance|voice_warmth|voice_subtlety,slot 1 stable_yin: chaos=0.113 whimsy=0.262 darkTone=0.103 coherence=0.857 voiceWeight=0.832,codegen,transformer,YIELD,0.4093,head_hex_61,recovery/fault_hold
61,Inner Truth,crystallization,6,old yang,sincere_resonance|voice_warmth|voice_subtlety,slot 1 stable_yin: chaos=0.113 whimsy=0.262 darkTone=0.103 coherence=0.857 voiceWeight=0.832,codegen,transformer,YIELD,0.4794,head_hex_61,recovery/fault_hold
61,Inner Truth,void,7,old yang,sincere_resonance|voice_warmth|voice_subtlety,slot 1 stable_yin: chaos=0.113 whimsy=0.262 darkTone=0.103 coherence=0.857 voiceWeight=0.832,codegen,transformer,YIELD,0.4794,head_hex_61,recovery/fault_hold
61,Inner Truth,past,0,old yang,sincere_resonance|voice_warmth|voice_subtlety,slot 1 stable_yin: chaos=0.113 whimsy=0.262 darkTone=0.103 coherence=0.857 voiceWeight=0.832,codegen,transformer,YIELD,0.5288,head_hex_61,recovery/fault_hold
61,Inner Truth,present,1,old yang,sincere_resonance|voice_warmth|voice_subtlety,slot 1 stable_yin: chaos=0.113 whimsy=0.262 darkTone=0.103 coherence=0.857 voiceWeight=0.832,codegen,transformer,YIELD,0.4765,head_hex_61,recovery/fault_hold
61,Inner Truth,future,2,old yang,sincere_resonance|voice_warmth|voice_subtlety,slot 1 stable_yin: chaos=0.113 whimsy=0.262 darkTone=0.103 coherence=0.857 voiceWeight=0.832,codegen,transformer,YIELD,0.4541,head_hex_61,recovery/fault_hold
61,Inner Truth,transition,3,old yang,sincere_resonance|voice_warmth|voice_subtlety,slot 1 stable_yin: chaos=0.113 whimsy=0.262 darkTone=0.103 coherence=0.857 voiceWeight=0.832,codegen,transformer,YIELD,0.3869,head_hex_61,recovery/fault_hold
61,Inner Truth,resolution,4,old yang,sincere_resonance|voice_warmth|voice_subtlety,slot 1 stable_yin: chaos=0.113 whimsy=0.262 darkTone=0.103 coherence=0.857 voiceWeight=0.832,codegen,transformer,YIELD,0.5499,head_hex_61,recovery/fault_hold
61,Inner Truth,dissolution,5,old yang,sincere_resonance|voice_warmth|voice_subtlety,slot 1 stable_yin: chaos=0.113 whimsy=0.262 darkTone=0.103 coherence=0.857 voiceWeight=0.832,codegen,transformer,YIELD,0.497,head_hex_61,recovery/fault_hold
61,Inner Truth,crystallization,6,old yang,sincere_resonance|voice_warmth|voice_subtlety,slot 1 stable_yin: chaos=0.113 whimsy=0.262 darkTone=0.103 coherence=0.857 voiceWeight=0.832,codegen,transformer,YIELD,0.4794,head_hex_61,recovery/fault_hold
61,Inner Truth,void,7,old yang,sincere_resonance|voice_warmth|voice_subtlety,slot 1 stable_yin: chaos=0.113 whimsy=0.262 darkTone=0.103 coherence=0.857 voiceWeight=0.832,codegen,transformer,YIELD,0.4794,head_hex_61,recovery/fault_hold
62,Preponderance of the Small,past,0,old yang,cautious_flight|voice_warmth|voice_subtlety,slot 1 stable_yin: chaos=0.113 whimsy=0.262 darkTone=0.103 coherence=0.857 voiceWeight=0.832,codegen,dissipator,WAIT,0.5738,head_hex_62,recovery/fault_hold
62,Preponderance of the Small,present,1,old yang,cautious_flight|voice_warmth|voice_subtlety,slot 1 stable_yin: chaos=0.113 whimsy=0.262 darkTone=0.103 coherence=0.857 voiceWeight=0.832,codegen,dissipator,WAIT,0.5326,head_hex_62,recovery/fault_hold
62,Preponderance of the Small,future,2,old yang,cautious_flight|voice_warmth|voice_subtlety,slot 1 stable_yin: chaos=0.113 whimsy=0.262 darkTone=0.103 coherence=0.857 voiceWeight=0.832,codegen,dissipator,WAIT,0.5503,head_hex_62,recovery/fault_hold
62,Preponderance of the Small,transition,3,old yang,cautious_flight|voice_warmth|voice_subtlety,slot 1 stable_yin: chaos=0.113 whimsy=0.262 darkTone=0.103 coherence=0.857 voiceWeight=0.832,codegen,dissipator,WAIT,0.4973,head_hex_62,recovery/fault_hold
62,Preponderance of the Small,resolution,4,old yang,cautious_flight|voice_warmth|voice_subtlety,slot 1 stable_yin: chaos=0.113 whimsy=0.262 darkTone=0.103 coherence=0.857 voiceWeight=0.832,codegen,dissipator,WAIT,0.5326,head_hex_62,recovery/fault_hold
62,Preponderance of the Small,dissolution,5,old yang,cautious_flight|voice_warmth|voice_subtlety,slot 1 stable_yin: chaos=0.113 whimsy=0.262 darkTone=0.103 coherence=0.857 voiceWeight=0.832,codegen,dissipator,WAIT,0.4973,head_hex_62,recovery/fault_hold
62,Preponderance of the Small,crystallization,6,old yang,cautious_flight|voice_warmth|voice_subtlety,slot 1 stable_yin: chaos=0.113 whimsy=0.262 darkTone=0.103 coherence=0.857 voiceWeight=0.832,codegen,dissipator,WAIT,0.4973,head_hex_62,recovery/fault_hold
62,Preponderance of the Small,void,7,old yang,cautious_flight|voice_warmth|voice_subtlety,slot 1 stable_yin: chaos=0.113 whimsy=0.262 darkTone=0.103 coherence=0.857 voiceWeight=0.832,codegen,dissipator,WAIT,0.4973,head_hex_62,recovery/fault_hold
62,Preponderance of the Small,past,0,old yang,cautious_flight|voice_warmth|voice_subtlety,slot 1 stable_yin: chaos=0.113 whimsy=0.262 darkTone=0.103 coherence=0.857 voiceWeight=0.832,codegen,dissipator,WAIT,0.5738,head_hex_62,recovery/fault_hold
62,Preponderance of the Small,present,1,old yang,cautious_flight|voice_warmth|voice_subtlety,slot 1 stable_yin: chaos=0.113 whimsy=0.262 darkTone=0.103 coherence=0.857 voiceWeight=0.832,codegen,dissipator,WAIT,0.5326,head_hex_62,recovery/fault_hold
62,Preponderance of the Small,future,2,old yang,cautious_flight|voice_warmth|voice_subtlety,slot 1 stable_yin: chaos=0.113 whimsy=0.262 darkTone=0.103 coherence=0.857 voiceWeight=0.832,codegen,dissipator,WAIT,0.5503,head_hex_62,recovery/fault_hold
62,Preponderance of the Small,transition,3,old yang,cautious_flight|voice_warmth|voice_subtlety,slot 1 stable_yin: chaos=0.113 whimsy=0.262 darkTone=0.103 coherence=0.857 voiceWeight=0.832,codegen,dissipator,WAIT,0.4973,head_hex_62,recovery/fault_hold
62,Preponderance of the Small,resolution,4,old yang,cautious_flight|voice_warmth|voice_subtlety,slot 1 stable_yin: chaos=0.113 whimsy=0.262 darkTone=0.103 coherence=0.857 voiceWeight=0.832,codegen,dissipator,WAIT,0.5326,head_hex_62,recovery/fault_hold
62,Preponderance of the Small,dissolution,5,old yang,cautious_flight|voice_warmth|voice_subtlety,slot 1 stable_yin: chaos=0.113 whimsy=0.262 darkTone=0.103 coherence=0.857 voiceWeight=0.832,codegen,dissipator,WAIT,0.4973,head_hex_62,recovery/fault_hold
62,Preponderance of the Small,crystallization,6,old yang,cautious_flight|voice_warmth|voice_subtlety,slot 1 stable_yin: chaos=0.113 whimsy=0.262 darkTone=0.103 coherence=0.857 voiceWeight=0.832,codegen,dissipator,WAIT,0.5943,head_hex_62,recovery/fault_hold
62,Preponderance of the Small,void,7,old yang,cautious_flight|voice_warmth|voice_subtlety,slot 1 stable_yin: chaos=0.113 whimsy=0.262 darkTone=0.103 coherence=0.857 voiceWeight=0.832,codegen,dissipator,WAIT,0.5943,head_hex_62,recovery/fault_hold
62,Preponderance of the Small,past,0,old yang,cautious_flight|voice_warmth|voice_subtlety,slot 1 stable_yin: chaos=0.113 whimsy=0.262 darkTone=0.103 coherence=0.857 voiceWeight=0.832,codegen,dissipator,WAIT,0.5738,head_hex_62,recovery/fault_hold
62,Preponderance of the Small,present,1,old yang,cautious_flight|voice_warmth|voice_subtlety,slot 1 stable_yin: chaos=0.113 whimsy=0.262 darkTone=0.103 coherence=0.857 voiceWeight=0.832,codegen,dissipator,WAIT,0.5326,head_hex_62,recovery/fault_hold
62,Preponderance of the Small,future,2,old yang,cautious_flight|voice_warmth|voice_subtlety,slot 1 stable_yin: chaos=0.113 whimsy=0.262 darkTone=0.103 coherence=0.857 voiceWeight=0.832,codegen,dissipator,WAIT,0.5503,head_hex_62,recovery/fault_hold
62,Preponderance of the Small,transition,3,old yang,cautious_flight|voice_warmth|voice_subtlety,slot 1 stable_yin: chaos=0.113 whimsy=0.262 darkTone=0.103 coherence=0.857 voiceWeight=0.832,codegen,dissipator,WAIT,0.4973,head_hex_62,recovery/fault_hold
62,Preponderance of the Small,resolution,4,old yang,cautious_flight|voice_warmth|voice_subtlety,slot 1 stable_yin: chaos=0.113 whimsy=0.262 darkTone=0.103 coherence=0.857 voiceWeight=0.832,codegen,dissipator,WAIT,0.6201,head_hex_62,recovery/fault_hold
62,Preponderance of the Small,dissolution,5,old yang,cautious_flight|voice_warmth|voice_subtlety,slot 1 stable_yin: chaos=0.113 whimsy=0.262 darkTone=0.103 coherence=0.857 voiceWeight=0.832,codegen,dissipator,WAIT,0.5943,head_hex_62,recovery/fault_hold
62,Preponderance of the Small,crystallization,6,old yang,cautious_flight|voice_warmth|voice_subtlety,slot 1 stable_yin: chaos=0.113 whimsy=0.262 darkTone=0.103 coherence=0.857 voiceWeight=0.832,codegen,dissipator,WAIT,0.5943,head_hex_62,recovery/fault_hold
62,Preponderance of the Small,void,7,old yang,cautious_flight|voice_warmth|voice_subtlety,slot 1 stable_yin: chaos=0.113 whimsy=0.262 darkTone=0.103 coherence=0.857 voiceWeight=0.832,codegen,dissipator,WAIT,0.5943,head_hex_62,recovery/fault_hold
63,After Completion,past,0,old yang,achieved_state|voice_warmth|voice_subtlety,slot 1 stable_yin: chaos=0.113 whimsy=0.262 darkTone=0.103 coherence=0.857 voiceWeight=0.832,codegen,boundary,WAIT,0.5747,head_hex_63,recovery/fault_hold
63,After Completion,present,1,old yang,achieved_state|voice_warmth|voice_subtlety,slot 1 stable_yin: chaos=0.113 whimsy=0.262 darkTone=0.103 coherence=0.857 voiceWeight=0.832,codegen,boundary,WAIT,0.5217,head_hex_63,recovery/fault_hold
63,After Completion,future,2,old yang,achieved_state|voice_warmth|voice_subtlety,slot 1 stable_yin: chaos=0.113 whimsy=0.262 darkTone=0.103 coherence=0.857 voiceWeight=0.832,codegen,boundary,WAIT,0.5217,head_hex_63,recovery/fault_hold
63,After Completion,transition,3,old yang,achieved_state|voice_warmth|voice_subtlety,slot 1 stable_yin: chaos=0.113 whimsy=0.262 darkTone=0.103 coherence=0.857 voiceWeight=0.832,codegen,boundary,WAIT,0.4688,head_hex_63,recovery/fault_hold
63,After Completion,resolution,4,old yang,achieved_state|voice_warmth|voice_subtlety,slot 1 stable_yin: chaos=0.113 whimsy=0.262 darkTone=0.103 coherence=0.857 voiceWeight=0.832,codegen,boundary,WAIT,0.5217,head_hex_63,recovery/fault_hold
63,After Completion,dissolution,5,old yang,achieved_state|voice_warmth|voice_subtlety,slot 1 stable_yin: chaos=0.113 whimsy=0.262 darkTone=0.103 coherence=0.857 voiceWeight=0.832,codegen,boundary,WAIT,0.4688,head_hex_63,recovery/fault_hold
63,After Completion,crystallization,6,old yang,achieved_state|voice_warmth|voice_subtlety,slot 1 stable_yin: chaos=0.113 whimsy=0.262 darkTone=0.103 coherence=0.857 voiceWeight=0.832,codegen,boundary,WAIT,0.4688,head_hex_63,recovery/fault_hold
63,After Completion,void,7,old yang,achieved_state|voice_warmth|voice_subtlety,slot 1 stable_yin: chaos=0.113 whimsy=0.262 darkTone=0.103 coherence=0.857 voiceWeight=0.832,codegen,boundary,WAIT,0.4688,head_hex_63,recovery/fault_hold
63,After Completion,past,0,old yang,achieved_state|voice_warmth|voice_subtlety,slot 1 stable_yin: chaos=0.113 whimsy=0.262 darkTone=0.103 coherence=0.857 voiceWeight=0.832,codegen,boundary,WAIT,0.5747,head_hex_63,recovery/fault_hold
63,After Completion,present,1,old yang,achieved_state|voice_warmth|voice_subtlety,slot 1 stable_yin: chaos=0.113 whimsy=0.262 darkTone=0.103 coherence=0.857 voiceWeight=0.832,codegen,boundary,WAIT,0.5217,head_hex_63,recovery/fault_hold
63,After Completion,future,2,old yang,achieved_state|voice_warmth|voice_subtlety,slot 1 stable_yin: chaos=0.113 whimsy=0.262 darkTone=0.103 coherence=0.857 voiceWeight=0.832,codegen,boundary,WAIT,0.5217,head_hex_63,recovery/fault_hold
63,After Completion,transition,3,old yang,achieved_state|voice_warmth|voice_subtlety,slot 1 stable_yin: chaos=0.113 whimsy=0.262 darkTone=0.103 coherence=0.857 voiceWeight=0.832,codegen,boundary,WAIT,0.4688,head_hex_63,recovery/fault_hold
63,After Completion,resolution,4,old yang,achieved_state|voice_warmth|voice_subtlety,slot 1 stable_yin: chaos=0.113 whimsy=0.262 darkTone=0.103 coherence=0.857 voiceWeight=0.832,codegen,boundary,WAIT,0.5217,head_hex_63,recovery/fault_hold
63,After Completion,dissolution,5,old yang,achieved_state|voice_warmth|voice_subtlety,slot 1 stable_yin: chaos=0.113 whimsy=0.262 darkTone=0.103 coherence=0.857 voiceWeight=0.832,codegen,boundary,WAIT,0.4688,head_hex_63,recovery/fault_hold
63,After Completion,crystallization,6,old yang,achieved_state|voice_warmth|voice_subtlety,slot 1 stable_yin: chaos=0.113 whimsy=0.262 darkTone=0.103 coherence=0.857 voiceWeight=0.832,codegen,boundary,WAIT,0.5641,head_hex_63,recovery/fault_hold
63,After Completion,void,7,old yang,achieved_state|voice_warmth|voice_subtlety,slot 1 stable_yin: chaos=0.113 whimsy=0.262 darkTone=0.103 coherence=0.857 voiceWeight=0.832,codegen,boundary,WAIT,0.5641,head_hex_63,recovery/fault_hold
63,After Completion,past,0,old yang,achieved_state|voice_warmth|voice_subtlety,slot 1 stable_yin: chaos=0.113 whimsy=0.262 darkTone=0.103 coherence=0.857 voiceWeight=0.832,codegen,boundary,WAIT,0.5747,head_hex_63,recovery/fault_hold
63,After Completion,present,1,old yang,achieved_state|voice_warmth|voice_subtlety,slot 1 stable_yin: chaos=0.113 whimsy=0.262 darkTone=0.103 coherence=0.857 voiceWeight=0.832,codegen,boundary,WAIT,0.5217,head_hex_63,recovery/fault_hold
63,After Completion,future,2,old yang,achieved_state|voice_warmth|voice_subtlety,slot 1 stable_yin: chaos=0.113 whimsy=0.262 darkTone=0.103 coherence=0.857 voiceWeight=0.832,codegen,boundary,WAIT,0.5217,head_hex_63,recovery/fault_hold
63,After Completion,transition,3,old yang,achieved_state|voice_warmth|voice_subtlety,slot 1 stable_yin: chaos=0.113 whimsy=0.262 darkTone=0.103 coherence=0.857 voiceWeight=0.832,codegen,boundary,WAIT,0.4688,head_hex_63,recovery/fault_hold
63,After Completion,resolution,4,old yang,achieved_state|voice_warmth|voice_subtlety,slot 1 stable_yin: chaos=0.113 whimsy=0.262 darkTone=0.103 coherence=0.857 voiceWeight=0.832,codegen,boundary,WAIT,0.6027,head_hex_63,recovery/fault_hold
63,After Completion,dissolution,5,old yang,achieved_state|voice_warmth|voice_subtlety,slot 1 stable_yin: chaos=0.113 whimsy=0.262 darkTone=0.103 coherence=0.857 voiceWeight=0.832,codegen,boundary,WAIT,0.5641,head_hex_63,recovery/fault_hold
63,After Completion,crystallization,6,old yang,achieved_state|voice_warmth|voice_subtlety,slot 1 stable_yin: chaos=0.113 whimsy=0.262 darkTone=0.103 coherence=0.857 voiceWeight=0.832,codegen,boundary,WAIT,0.5641,head_hex_63,recovery/fault_hold
63,After Completion,void,7,old yang,achieved_state|voice_warmth|voice_subtlety,slot 1 stable_yin: chaos=0.113 whimsy=0.262 darkTone=0.103 coherence=0.857 voiceWeight=0.832,codegen,boundary,WAIT,0.5641,head_hex_63,recovery/fault_hold
64,Before Completion,past,0,old yang,becoming_chaos|voice_warmth|voice_subtlety,slot 1 stable_yin: chaos=0.113 whimsy=0.262 darkTone=0.103 coherence=0.857 voiceWeight=0.832,codegen,transformer,ADAPT,0.652,head_hex_64,recovery/fault_hold
64,Before Completion,present,1,old yang,becoming_chaos|voice_warmth|voice_subtlety,slot 1 stable_yin: chaos=0.113 whimsy=0.262 darkTone=0.103 coherence=0.857 voiceWeight=0.832,codegen,transformer,ADAPT,0.6133,head_hex_64,recovery/fault_hold
64,Before Completion,future,2,old yang,becoming_chaos|voice_warmth|voice_subtlety,slot 1 stable_yin: chaos=0.113 whimsy=0.262 darkTone=0.103 coherence=0.857 voiceWeight=0.832,codegen,transformer,ADAPT,0.6133,head_hex_64,recovery/fault_hold
64,Before Completion,transition,3,old yang,becoming_chaos|voice_warmth|voice_subtlety,slot 1 stable_yin: chaos=0.113 whimsy=0.262 darkTone=0.103 coherence=0.857 voiceWeight=0.832,codegen,transformer,ADAPT,0.5747,head_hex_64,recovery/fault_hold
64,Before Completion,resolution,4,old yang,becoming_chaos|voice_warmth|voice_subtlety,slot 1 stable_yin: chaos=0.113 whimsy=0.262 darkTone=0.103 coherence=0.857 voiceWeight=0.832,codegen,transformer,ADAPT,0.6133,head_hex_64,recovery/fault_hold
64,Before Completion,dissolution,5,old yang,becoming_chaos|voice_warmth|voice_subtlety,slot 1 stable_yin: chaos=0.113 whimsy=0.262 darkTone=0.103 coherence=0.857 voiceWeight=0.832,codegen,transformer,ADAPT,0.5747,head_hex_64,recovery/fault_hold
64,Before Completion,crystallization,6,old yang,becoming_chaos|voice_warmth|voice_subtlety,slot 1 stable_yin: chaos=0.113 whimsy=0.262 darkTone=0.103 coherence=0.857 voiceWeight=0.832,codegen,transformer,ADAPT,0.5747,head_hex_64,recovery/fault_hold
64,Before Completion,void,7,old yang,becoming_chaos|voice_warmth|voice_subtlety,slot 1 stable_yin: chaos=0.113 whimsy=0.262 darkTone=0.103 coherence=0.857 voiceWeight=0.832,codegen,transformer,ADAPT,0.5747,head_hex_64,recovery/fault_hold
64,Before Completion,past,0,old yang,becoming_chaos|voice_warmth|voice_subtlety,slot 1 stable_yin: chaos=0.113 whimsy=0.262 darkTone=0.103 coherence=0.857 voiceWeight=0.832,codegen,transformer,ADAPT,0.652,head_hex_64,recovery/fault_hold
64,Before Completion,present,1,old yang,becoming_chaos|voice_warmth|voice_subtlety,slot 1 stable_yin: chaos=0.113 whimsy=0.262 darkTone=0.103 coherence=0.857 voiceWeight=0.832,codegen,transformer,ADAPT,0.6133,head_hex_64,recovery/fault_hold
64,Before Completion,future,2,old yang,becoming_chaos|voice_warmth|voice_subtlety,slot 1 stable_yin: chaos=0.113 whimsy=0.262 darkTone=0.103 coherence=0.857 voiceWeight=0.832,codegen,transformer,ADAPT,0.6133,head_hex_64,recovery/fault_hold
64,Before Completion,transition,3,old yang,becoming_chaos|voice_warmth|voice_subtlety,slot 1 stable_yin: chaos=0.113 whimsy=0.262 darkTone=0.103 coherence=0.857 voiceWeight=0.832,codegen,transformer,ADAPT,0.5747,head_hex_64,recovery/fault_hold
64,Before Completion,resolution,4,old yang,becoming_chaos|voice_warmth|voice_subtlety,slot 1 stable_yin: chaos=0.113 whimsy=0.262 darkTone=0.103 coherence=0.857 voiceWeight=0.832,codegen,transformer,ADAPT,0.6133,head_hex_64,recovery/fault_hold
64,Before Completion,dissolution,5,old yang,becoming_chaos|voice_warmth|voice_subtlety,slot 1 stable_yin: chaos=0.113 whimsy=0.262 darkTone=0.103 coherence=0.857 voiceWeight=0.832,codegen,transformer,ADAPT,0.5747,head_hex_64,recovery/fault_hold
64,Before Completion,crystallization,6,old yang,becoming_chaos|voice_warmth|voice_subtlety,slot 1 stable_yin: chaos=0.113 whimsy=0.262 darkTone=0.103 coherence=0.857 voiceWeight=0.832,codegen,transformer,ADAPT,0.6789,head_hex_64,recovery/fault_hold
64,Before Completion,void,7,old yang,becoming_chaos|voice_warmth|voice_subtlety,slot 1 stable_yin: chaos=0.113 whimsy=0.262 darkTone=0.103 coherence=0.857 voiceWeight=0.832,codegen,transformer,ADAPT,0.6789,head_hex_64,recovery/fault_hold
64,Before Completion,past,0,old yang,becoming_chaos|voice_warmth|voice_subtlety,slot 1 stable_yin: chaos=0.113 whimsy=0.262 darkTone=0.103 coherence=0.857 voiceWeight=0.832,codegen,transformer,ADAPT,0.652,head_hex_64,recovery/fault_hold
64,Before Completion,present,1,old yang,becoming_chaos|voice_warmth|voice_subtlety,slot 1 stable_yin: chaos=0.113 whimsy=0.262 darkTone=0.103 coherence=0.857 voiceWeight=0.832,codegen,transformer,ADAPT,0.6133,head_hex_64,recovery/fault_hold
64,Before Completion,future,2,old yang,becoming_chaos|voice_warmth|voice_subtlety,slot 1 stable_yin: chaos=0.113 whimsy=0.262 darkTone=0.103 coherence=0.857 voiceWeight=0.832,codegen,transformer,ADAPT,0.6133,head_hex_64,recovery/fault_hold
64,Before Completion,transition,3,old yang,becoming_chaos|voice_warmth|voice_subtlety,slot 1 stable_yin: chaos=0.113 whimsy=0.262 darkTone=0.103 coherence=0.857 voiceWeight=0.832,codegen,transformer,ADAPT,0.5747,head_hex_64,recovery/fault_hold
64,Before Completion,resolution,4,old yang,becoming_chaos|voice_warmth|voice_subtlety,slot 1 stable_yin: chaos=0.113 whimsy=0.262 darkTone=0.103 coherence=0.857 voiceWeight=0.832,codegen,transformer,ADAPT,0.7033,head_hex_64,recovery/fault_hold
64,Before Completion,dissolution,5,old yang,becoming_chaos|voice_warmth|voice_subtlety,slot 1 stable_yin: chaos=0.113 whimsy=0.262 darkTone=0.103 coherence=0.857 voiceWeight=0.832,codegen,transformer,ADAPT,0.6789,head_hex_64,recovery/fault_hold
64,Before Completion,crystallization,6,old yang,becoming_chaos|voice_warmth|voice_subtlety,slot 1 stable_yin: chaos=0.113 whimsy=0.262 darkTone=0.103 coherence=0.857 voiceWeight=0.832,codegen,transformer,ADAPT,0.6789,head_hex_64,recovery/fault_hold
64,Before Completion,void,7,old yang,becoming_chaos|voice_warmth|voice_subtlety,slot 1 stable_yin: chaos=0.113 whimsy=0.262 darkTone=0.103 coherence=0.857 voiceWeight=0.832,codegen,transformer,ADAPT,0.6789,head_hex_64,recovery/fault_hold
