{
  "10": {
    "label": "input=10",
    "consensus": 49,
    "consensus_name": "Revolution",
    "consensus_yao": "old_yang",
    "explanation": "Consensus resolved from 512 states: hexagram 49 (Revolution) in past phase, mu=0.4250, sigma=0.2780, weight_sum=1.0000, porosity=2.0000, voiceWeight=0.7424, coherence=0.7080. Intent: hexagram 49; past; category=transformer; action=ASSERT; authoritative; focused",
    "mu": 0.325,
    "sigma": 0.27089843750000003,
    "wsum": 443.76482115045764,
    "temporal": [
      [
        "resolution",
        0.13446316474887046
      ],
      [
        "present",
        0.13423781831545242
      ],
      [
        "crystallization",
        0.13013979427482072
      ],
      [
        "transition",
        0.1299171480827751
      ],
      [
        "void",
        0.1258377055379759
      ],
      [
        "future",
        0.12555554166754754
      ],
      [
        "dissolution",
        0.11323202758106207
      ],
      [
        "past",
        0.10661679979149531
      ]
    ],
    "inject_primary_top5": [
      [
        "genesis_spark",
        0.016710474897807928
      ],
      [
        "allied_collective",
        0.01666753304883716
      ],
      [
        "decisive_resolution",
        0.016606825520345987
      ],
      [
        "structural_bonds",
        0.016604099954347668
      ],
      [
        "spontaneous_nature",
        0.01660283429510398
      ]
    ],
    "top12": [
      [
        49,
        0.0015640320205765417
      ],
      [
        6,
        0.001473764302853478
      ],
      [
        21,
        0.00140692808521462
      ],
      [
        28,
        0.001361511840494888
      ],
      [
        16,
        0.0012926558096232102
      ],
      [
        34,
        0.0012841566026894082
      ],
      [
        38,
        0.0012723192469250332
      ],
      [
        55,
        0.001228393038203769
      ],
      [
        40,
        0.0012180795538780992
      ],
      [
        36,
        0.0012156604686935288
      ],
      [
        29,
        0.0011658069733595775
      ],
      [
        12,
        0.001165010854666361
      ]
    ],
    "score_details_first3": [
      [
        {
          "w": 0.0018823990358563154,
          "yao": 0.0,
          "yin": 0.3333333333333333,
          "porosity_norm": 1.0,
          "alignment": 0.48,
          "complexity": 0.3333333333333333,
          "hex_score": 0.00017830083667631018
        },
        {
          "w": 0.002253179326119983,
          "yao": 0.3333333333333333,
          "yin": 0.3333333333333333,
          "porosity_norm": 1.0,
          "alignment": 0.48,
          "complexity": 0.3333333333333333,
          "hex_score": 0.0002134211457700848
        }
      ],
      [
        {
          "w": 0.001335584281725492,
          "yao": 0.0,
          "yin": 0.3333333333333333,
          "porosity_norm": 1.0,
          "alignment": 0.4699999999999999,
          "complexity": 0.3333333333333333,
          "hex_score": 0.0001238709901824336
        },
        {
          "w": 0.002133540246520826,
          "yao": 0.3333333333333333,
          "yin": 0.16666666666666666,
          "porosity_norm": 1.0,
          "alignment": 0.4699999999999999,
          "complexity": 0.3333333333333333,
          "hex_score": 0.00019787874606398483
        }
      ],
      [
        {
          "w": 0.0011584697913930991,
          "yao": 0.0,
          "yin": 0.5,
          "porosity_norm": 1.0,
          "alignment": 0.45999999999999996,
          "complexity": 0.3333333333333333,
          "hex_score": 0.00010515816453072292
        },
        {
          "w": 0.0019494743984065793,
          "yao": 0.3333333333333333,
          "yin": 0.5,
          "porosity_norm": 1.0,
          "alignment": 0.45999999999999996,
          "complexity": 0.3333333333333333,
          "hex_score": 0.00017696028939135987
        }
      ]
    ]
  },
  "20": {
    "label": "input=20",
    "consensus": 49,
    "consensus_name": "Revolution",
    "consensus_yao": "old_yang",
    "explanation": "Consensus resolved from 512 states: hexagram 49 (Revolution) in past phase, mu=0.4250, sigma=0.2780, weight_sum=1.0000, porosity=2.0000, voiceWeight=0.7425, coherence=0.7084. Intent: hexagram 49; past; category=transformer; action=ASSERT; authoritative; focused",
    "mu": 0.375,
    "sigma": 0.27089843750000003,
    "wsum": 442.07071695686153,
    "temporal": [
      [
        "resolution",
        0.13385378351282964
      ],
      [
        "present",
        0.13363581059742333
      ],
      [
        "void",
        0.12997747192259962
      ],
      [
        "future",
        0.12969084451429433
      ],
      [
        "crystallization",
        0.12715929113938856
      ],
      [
        "transition",
        0.12695525698150248
      ],
      [
        "dissolution",
        0.11912991213456124
      ],
      [
        "past",
        0.09959762919740088
      ]
    ],
    "inject_primary_top5": [
      [
        "allied_collective",
        0.016748731696701144
      ],
      [
        "genesis_spark",
        0.01673893693859403
      ],
      [
        "cautious_confidence",
        0.01668816038645199
      ],
      [
        "decisive_resolution",
        0.01667702044201434
      ],
      [
        "upheaval_fire",
        0.01666451172852882
      ]
    ],
    "top12": [
      [
        49,
        0.0018770906011014862
      ],
      [
        6,
        0.0017116029824480023
      ],
      [
        28,
        0.0016356471726776986
      ],
      [
        21,
        0.0016226622672904432
      ],
      [
        38,
        0.001584613145993404
      ],
      [
        16,
        0.0015366110817718814
      ],
      [
        34,
        0.0015301829067591705
      ],
      [
        55,
        0.0014648942876298269
      ],
      [
        40,
        0.0014492004631675907
      ],
      [
        29,
        0.001439751223067956
      ],
      [
        36,
        0.0014018750594483663
      ],
      [
        47,
        0.0013881133697598812
      ]
    ],
    "score_details_first3": [
      [
        {
          "w": 0.0017802532306057189,
          "yao": 0.0,
          "yin": 0.3333333333333333,
          "porosity_norm": 1.0,
          "alignment": 0.48,
          "complexity": 0.3333333333333333,
          "hex_score": 0.00020052772389542815
        },
        {
          "w": 0.002255402069940873,
          "yao": 0.3333333333333333,
          "yin": 0.3333333333333333,
          "porosity_norm": 1.0,
          "alignment": 0.48,
          "complexity": 0.3333333333333333,
          "hex_score": 0.00025404848915813993
        }
      ],
      [
        {
          "w": 0.0012147556519299654,
          "yao": 0.0,
          "yin": 0.3333333333333333,
          "porosity_norm": 1.0,
          "alignment": 0.4699999999999999,
          "complexity": 0.3333333333333333,
          "hex_score": 0.00013397945003686227
        },
        {
          "w": 0.002068515886475044,
          "yao": 0.3333333333333333,
          "yin": 0.16666666666666666,
          "porosity_norm": 1.0,
          "alignment": 0.4699999999999999,
          "complexity": 0.3333333333333333,
          "hex_score": 0.0002281435121722874
        }
      ],
      [
        {
          "w": 0.0017990938132491684,
          "yao": 0.0,
          "yin": 0.3333333333333333,
          "porosity_norm": 1.0,
          "alignment": 0.42000000000000004,
          "complexity": 0.3333333333333333,
          "hex_score": 0.00017731868623383802
        },
        {
          "w": 0.0022618139639706426,
          "yao": 0.3333333333333333,
          "yin": 0.16666666666666666,
          "porosity_norm": 1.0,
          "alignment": 0.42000000000000004,
          "complexity": 0.3333333333333333,
          "hex_score": 0.00022292438428894653
        }
      ]
    ]
  },
  "30": {
    "label": "input=30",
    "consensus": 49,
    "consensus_name": "Revolution",