hexagram_id,name,phase_bits,phase_temporal,category,action,agent_type,domain,element_subset,coder_specialty,rs3_actionable,chaos,whimsy,darkTone,coherence,voiceWeight,exp_chaos,exp_whimsy,exp_darkTone,exp_coherence,exp_voiceWeight,qdot_chaos,qdot_whimsy,qdot_darkTone,qdot_coherence,qdot_voiceWeight,dy_yang_yin,yao_dy,changing_dy,avatar_scale,avatar_rotation_x,avatar_rotation_y,avatar_rotation_z,avatar_color_r,avatar_color_g,avatar_color_b,avatar_animation_phase,avatar_codename,delegate_chaos,delegate_whimsy,delegate_darkTone,delegate_coherence,delegate_voiceWeight,dominant_intent,intensity,query_tokens,training_notes
1,The Creative,0,past,sovereign,ASSERT,architect,assertion,heaven,Research,attack,0.17316,0.10445,0.19735,0.59262,0.64872,0.17316,0.10445,0.14735,0.58262,0.65872,0.0,0.0,0.05,0.01,-0.01,6.0,-3.0,-6.0,0.75,0.0,0.0,0.0,4.1,4.7,2.5,0.0,HEX-01-PHASE-0,0.111116,0.067027,0.126639,0.380293,0.416293,understand,0.04,blast|shotgun,"Pure yang — sovereign command voice. Absolute clarity, zero hesitation. The Creative speaks with the weight of genesis."
1,The Creative,1,present,sovereign,ASSERT,architect,assertion,heaven,Research,attack,0.1242,0.18445,0.06581,0.52815,0.55012,0.0842,0.10445,0.06581,0.53815,0.54012,0.04,0.08,0.0,-0.01,0.01,4.0,-1.0,-2.0,0.75,0.0,0.0,0.00775,2.9,1.6,4.4,0.125,HEX-01-PHASE-1,0.124203,0.18445,0.065806,0.528145,0.550118,understand,0.04,blast|shotgun,"Pure yang — sovereign command voice. Absolute clarity, zero hesitation. The Creative speaks with the weight of genesis."
1,The Creative,2,future,sovereign,ASSERT,architect,assertion,heaven,Research,attack,0.1042,0.19445,0.06581,0.53815,0.56012,0.0842,0.10445,0.06581,0.53815,0.54012,0.02,0.09,0.0,0.0,0.02,4.0,-1.0,-2.0,0.75,0.0,0.0,0.0155,2.5,1.6,4.6,0.25,HEX-01-PHASE-2,0.066869,0.124781,0.042229,0.345335,0.359435,understand,0.04,blast|shotgun,"Pure yang — sovereign command voice. Absolute clarity, zero hesitation. The Creative speaks with the weight of genesis."
1,The Creative,3,transition,sovereign,ASSERT,architect,assertion,heaven,Research,attack,0.17868,0.17669,0.07098,0.42919,0.46599,0.12868,0.12669,0.05098,0.44919,0.46599,0.05,0.05,0.02,-0.02,0.0,2.0,1.0,2.0,0.75,0.0,0.0,0.02325,4.2,1.7,4.2,0.375,HEX-01-PHASE-3,0.0303,0.029962,0.012037,0.072781,0.079021,understand,0.04,blast|shotgun,"Pure yang — sovereign command voice. Absolute clarity, zero hesitation. The Creative speaks with the weight of genesis."
1,The Creative,4,resolution,sovereign,ASSERT,architect,assertion,heaven,Research,attack,0.0542,0.08445,0.07546,0.58815,0.57012,0.0842,0.10445,0.09546,0.53815,0.54012,-0.03,-0.02,-0.02,0.05,0.03,4.0,-1.0,-2.0,0.75,0.0,0.0,0.031,1.3,1.8,2.0,0.5,HEX-01-PHASE-4,0.001,0.001558,0.001392,0.010853,0.01052,understand,0.04,blast|shotgun,"Pure yang — sovereign command voice. Absolute clarity, zero hesitation. The Creative speaks with the weight of genesis."
1,The Creative,5,dissolution,sovereign,ASSERT,architect,assertion,heaven,Research,attack,0.18868,0.16669,0.16028,0.41919,0.44599,0.12868,0.12669,0.11028,0.44919,0.46599,0.06,0.04,0.05,-0.03,-0.02,2.0,1.0,2.0,0.75,0.0,0.0,0.03875,4.5,3.8,4.0,0.625,HEX-01-PHASE-5,0.000156,0.000138,0.000133,0.000347,0.000369,understand,0.04,blast|shotgun,"Pure yang — sovereign command voice. Absolute clarity, zero hesitation. The Creative speaks with the weight of genesis."
1,The Creative,6,crystallization,sovereign,ASSERT,architect,assertion,heaven,Research,attack,0.10868,0.11669,0.04098,0.48919,0.50599,0.12868,0.12669,0.05098,0.44919,0.46599,-0.02,-0.01,-0.01,0.04,0.04,2.0,1.0,2.0,0.75,0.0,0.0,0.0465,2.6,1.0,2.8,0.75,HEX-01-PHASE-6,2e-06,2e-06,1e-06,7e-06,8e-06,understand,0.04,blast|shotgun,"Pure yang — sovereign command voice. Absolute clarity, zero hesitation. The Creative speaks with the weight of genesis."
1,The Creative,7,void,sovereign,ASSERT,architect,assertion,heaven,Research,attack,0.159,0.19273,0.10961,0.51389,0.51384,0.159,0.19273,0.10961,0.51389,0.51384,0.0,0.0,0.0,0.0,0.0,0.0,3.0,6.0,0.75,0.0,0.0,0.05425,3.8,2.6,4.6,0.875,HEX-01-PHASE-7,0.0,0.0,0.0,0.0,0.0,understand,0.04,blast|shotgun,"Pure yang — sovereign command voice. Absolute clarity, zero hesitation. The Creative speaks with the weight of genesis."
2,The Receptive,0,past,transformer,YIELD,integrator,reception,earth,Dev,interact,0.05446,0.14402,0.103,0.47007,0.45512,0.05446,0.14402,0.053,0.46007,0.46512,0.0,0.0,0.05,0.01,-0.01,-6.0,-3.0,-6.0,0.75,0.0,0.0,0.0,1.3,2.4,3.4,0.0,HEX-02-PHASE-0,0.034945,0.092417,0.066098,0.301651,0.29206,understand,0.04,blast|shotgun,"Pure yin — receptive, yielding, vast. The Receptive holds space without forcing. Earth-tone patience."
2,The Receptive,1,present,transformer,YIELD,integrator,reception,earth,Dev,interact,0.11669,0.25367,0.053,0.45007,0.44547,0.07669,0.17367,0.053,0.46007,0.43547,0.04,0.08,0.0,-0.01,0.01,-4.0,-1.0,-2.0,0.75,0.0,0.0,0.00775,2.8,1.3,6.0,0.125,HEX-02-PHASE-1,0.116695,0.253667,0.053002,0.450071,0.445474,understand,0.04,blast|shotgun,"Pure yin — receptive, yielding, vast. The Receptive holds space without forcing. Earth-tone patience."
2,The Receptive,2,future,transformer,YIELD,integrator,reception,earth,Dev,interact,0.09669,0.26367,0.053,0.46007,0.45547,0.07669,0.17367,0.053,0.46007,0.43547,0.02,0.09,0.0,0.0,0.02,-4.0,-1.0,-2.0,0.75,0.0,0.0,0.0155,2.3,1.3,6.3,0.25,HEX-02-PHASE-2,0.06205,0.169198,0.034012,0.295234,0.292284,understand,0.04,blast|shotgun,"Pure yin — receptive, yielding, vast. The Receptive holds space without forcing. Earth-tone patience."
2,The Receptive,3,transition,transformer,YIELD,integrator,reception,earth,Dev,interact,0.17117,0.20884,0.073,0.41783,0.42065,0.12117,0.15884,0.053,0.43783,0.42065,0.05,0.05,0.02,-0.02,0.0,-2.0,1.0,2.0,0.75,0.0,0.0,0.02325,4.1,1.7,5.0,0.375,HEX-02-PHASE-3,0.029026,0.035414,0.012379,0.070854,0.071332,understand,0.04,blast|shotgun,"Pure yin — receptive, yielding, vast. The Receptive holds space without forcing. Earth-tone patience."
2,The Receptive,4,resolution,transformer,YIELD,integrator,reception,earth,Dev,interact,0.04669,0.15367,0.033,0.51007,0.46547,0.07669,0.17367,0.053,0.46007,0.43547,-0.03,-0.02,-0.02,0.05,0.03,-4.0,-1.0,-2.0,0.75,0.0,0.0,0.031,1.1,0.8,3.6,0.5,HEX-02-PHASE-4,0.000862,0.002836,0.000609,0.009412,0.008589,understand,0.04,blast|shotgun,"Pure yin — receptive, yielding, vast. The Receptive holds space without forcing. Earth-tone patience."
2,The Receptive,5,dissolution,transformer,YIELD,integrator,reception,earth,Dev,interact,0.18117,0.19884,0.14748,0.40783,0.40065,0.12117,0.15884,0.09748,0.43783,0.42065,0.06,0.04,0.05,-0.03,-0.02,-2.0,1.0,2.0,0.75,0.0,0.0,0.03875,4.3,3.5,4.7,0.625,HEX-02-PHASE-5,0.00015,0.000164,0.000122,0.000337,0.000331,understand,0.04,blast|shotgun,"Pure yin — receptive, yielding, vast. The Receptive holds space without forcing. Earth-tone patience."
2,The Receptive,6,crystallization,transformer,YIELD,integrator,reception,earth,Dev,interact,0.10117,0.14884,0.043,0.47783,0.46065,0.12117,0.15884,0.053,0.43783,0.42065,-0.02,-0.01,-0.01,0.04,0.04,-2.0,1.0,2.0,0.75,0.0,0.0,0.0465,2.4,1.0,3.5,0.75,HEX-02-PHASE-6,2e-06,2e-06,1e-06,7e-06,7e-06,understand,0.04,blast|shotgun,"Pure yin — receptive, yielding, vast. The Receptive holds space without forcing. Earth-tone patience."
2,The Receptive,7,void,transformer,YIELD,integrator,reception,earth,Dev,interact,0.15554,0.16154,0.1433,0.52409,0.50556,0.15554,0.16154,0.1433,0.52409,0.50556,0.0,0.0,0.0,0.0,0.0,0.0,3.0,6.0,0.75,0.0,0.0,0.05425,3.7,3.4,3.8,0.875,HEX-02-PHASE-7,0.0,0.0,0.0,0.0,0.0,understand,0.04,blast|shotgun,"Pure yin — receptive, yielding, vast. The Receptive holds space without forcing. Earth-tone patience."
3,Difficulty at the Beginning,0,past,dissipator,ADAPT,navigator,adaptation,thunder,HTML,traverse,0.13836,0.25544,0.13858,0.62471,0.60735,0.13836,0.25544,0.08858,0.61471,0.61735,0.0,0.0,0.05,0.01,-0.01,-2.0,-3.0,-6.0,0.75,0.0,0.0,0.0,3.3,3.3,6.1,0.0,HEX-03-PHASE-0,0.08879,0.163922,0.088927,0.400885,0.389745,understand,0.04,blast|shotgun,"Thunder below water — birth chaos. Difficulty at the Beginning is fragmented, stumbling, finding footing."
3,Difficulty at the Beginning,1,present,dissipator,ADAPT,navigator,adaptation,thunder,HTML,traverse,0.17836,0.33544,0.08431,0.58764,0.60174,0.13836,0.25544,0.08431,0.59764,0.59174,0.04,0.08,0.0,-0.01,0.01,0.0,-1.0,-2.0,0.75,0.0,0.0,0.00775,4.2,2.0,8.0,0.125,HEX-03-PHASE-1,0.178364,0.335444,0.084309,0.587639,0.601744,understand,0.04,blast|shotgun,"Thunder below water — birth chaos. Difficulty at the Beginning is fragmented, stumbling, finding footing."
3,Difficulty at the Beginning,2,future,dissipator,ADAPT,navigator,adaptation,thunder,HTML,traverse,0.15836,0.36252,0.08431,0.58484,0.59894,0.13836,0.27252,0.08431,0.58484,0.57894,0.02,0.09,0.0,0.0,0.02,-2.0,-1.0,-2.0,0.75,0.0,0.0,0.0155,3.8,2.0,8.6,0.25,HEX-03-PHASE-2,0.101624,0.232631,0.054102,0.375296,0.384348,understand,0.04,blast|shotgun,"Thunder below water — birth chaos. Difficulty at the Beginning is fragmented, stumbling, finding footing."
3,Difficulty at the Beginning,3,transition,dissipator,ADAPT,navigator,adaptation,thunder,HTML,traverse,0.2097,0.31398,0.10431,0.53923,0.56187,0.1597,0.26398,0.08431,0.55923,0.56187,0.05,0.05,0.02,-0.02,0.0,0.0,1.0,2.0,0.75,0.0,0.0,0.02325,5.0,2.5,7.4,0.375,HEX-03-PHASE-3,0.035561,0.053243,0.017688,0.09144,0.095279,understand,0.04,blast|shotgun,"Thunder below water — birth chaos. Difficulty at the Beginning is fragmented, stumbling, finding footing."
3,Difficulty at the Beginning,4,resolution,dissipator,ADAPT,navigator,adaptation,thunder,HTML,traverse,0.10836,0.25252,0.07284,0.63484,0.60894,0.13836,0.27252,0.09284,0.58484,0.57894,-0.03,-0.02,-0.02,0.05,0.03,-2.0,-1.0,-2.0,0.75,0.0,0.0,0.031,2.6,1.7,6.0,0.5,HEX-03-PHASE-4,0.002,0.00466,0.001344,0.011715,0.011237,understand,0.04,blast|shotgun,"Thunder below water — birth chaos. Difficulty at the Beginning is fragmented, stumbling, finding footing."
3,Difficulty at the Beginning,5,dissolution,dissipator,ADAPT,navigator,adaptation,thunder,HTML,traverse,0.2197,0.30398,0.16845,0.52923,0.54187,0.1597,0.26398,0.11845,0.55923,0.56187,0.06,0.04,0.05,-0.03,-0.02,0.0,1.0,2.0,0.75,0.0,0.0,0.03875,5.2,4.0,7.2,0.625,HEX-03-PHASE-5,0.000182,0.000251,0.000139,0.000438,0.000448,understand,0.04,blast|shotgun,"Thunder below water — birth chaos. Difficulty at the Beginning is fragmented, stumbling, finding footing."
3,Difficulty at the Beginning,6,crystallization,dissipator,ADAPT,navigator,adaptation,thunder,HTML,traverse,0.15678,0.27105,0.07431,0.59923,0.5976,0.17678,0.28105,0.08431,0.55923,0.5576,-0.02,-0.01,-0.01,0.04,0.04,-2.0,1.0,2.0,0.75,0.0,0.0,0.0465,3.7,1.8,6.4,0.75,HEX-03-PHASE-6,2e-06,4e-06,1e-06,9e-06,9e-06,understand,0.04,blast|shotgun,"Thunder below water — birth chaos. Difficulty at the Beginning is fragmented, stumbling, finding footing."
3,Difficulty at the Beginning,7,void,dissipator,ADAPT,navigator,adaptation,thunder,HTML,traverse,0.18122,0.3081,0.11612,0.65155,0.63618,0.18122,0.3081,0.11612,0.65155,0.63618,0.0,0.0,0.0,0.0,0.0,0.0,3.0,6.0,0.75,0.0,0.0,0.05425,4.3,2.8,7.3,0.875,HEX-03-PHASE-7,0.0,0.0,0.0,0.0,0.0,understand,0.04,blast|shotgun,"Thunder below water — birth chaos. Difficulty at the Beginning is fragmented, stumbling, finding footing."
4,Youthful Folly,0,past,transformer,WAIT,integrator,patience,water,Robotics,harvest,0.11149,0.14268,0.18312,0.56766,0.56381,0.11149,0.14268,0.13312,0.55766,0.57381,0.0,0.0,0.05,0.01,-0.01,-2.0,-3.0,-6.0,0.75,0.0,0.0,0.0,2.6,4.3,3.4,0.0,HEX-04-PHASE-0,0.071542,0.09156,0.117513,0.364277,0.361802,understand,0.04,blast|shotgun,"Mountain over water — the student. Youthful Folly is curious, naive, eager to learn. Playful but unfocused."
4,Youthful Folly,1,present,transformer,WAIT,integrator,patience,water,Robotics,harvest,0.15149,0.24604,0.12728,0.50678,0.53124,0.11149,0.16604,0.12728,0.51678,0.52124,0.04,0.08,0.0,-0.01,0.01,-2.0,-1.0,-2.0,0.75,0.0,0.0,0.00775,3.6,3.0,5.8,0.125,HEX-04-PHASE-1,0.151486,0.246042,0.127283,0.506781,0.531243,understand,0.04,blast|shotgun,"Mountain over water — the student. Youthful Folly is curious, naive, eager to learn. Playful but unfocused."
4,Youthful Folly,2,future,transformer,WAIT,integrator,patience,water,Robotics,harvest,0.13149,0.25604,0.12728,0.51678,0.54124,0.11149,0.16604,0.12728,0.51678,0.52124,0.02,0.09,0.0,0.0,0.02,-2.0,-1.0,-2.0,0.75,0.0,0.0,0.0155,3.1,3.0,6.1,0.25,HEX-04-PHASE-2,0.084376,0.164306,0.081679,0.331625,0.347323,understand,0.04,blast|shotgun,"Mountain over water — the student. Youthful Folly is curious, naive, eager to learn. Playful but unfocused."
4,Youthful Folly,3,transition,transformer,WAIT,integrator,patience,water,Robotics,harvest,0.21405,0.22772,0.14728,0.46174,0.49204,0.16405,0.17772,0.12728,0.48174,0.49204,0.05,0.05,0.02,-0.02,0.0,-2.0,1.0,2.0,0.75,0.0,0.0,0.02325,5.1,3.5,5.4,0.375,HEX-04-PHASE-3,0.036297,0.038616,0.024976,0.0783,0.083438,understand,0.04,blast|shotgun,"Mountain over water — the student. Youthful Folly is curious, naive, eager to learn. Playful but unfocused."
4,Youthful Folly,4,resolution,transformer,WAIT,integrator,patience,water,Robotics,harvest,0.08149,0.12268,0.13064,0.5843,0.56876,0.11149,0.14268,0.15064,0.5343,0.53876,-0.03,-0.02,-0.02,0.05,0.03,0.0,-1.0,-2.0,0.75,0.0,0.0,0.031,1.9,3.1,2.9,0.5,HEX-04-PHASE-4,0.001504,0.002264,0.002411,0.010782,0.010495,understand,0.04,blast|shotgun,"Mountain over water — the student. Youthful Folly is curious, naive, eager to learn. Playful but unfocused."
4,Youthful Folly,5,dissolution,transformer,WAIT,integrator,patience,water,Robotics,harvest,0.20069,0.19436,0.22401,0.45174,0.47788,0.14069,0.15436,0.17401,0.48174,0.49788,0.06,0.04,0.05,-0.03,-0.02,0.0,1.0,2.0,0.75,0.0,0.0,0.03875,4.8,5.3,4.6,0.625,HEX-04-PHASE-5,0.000166,0.000161,0.000185,0.000374,0.000395,understand,0.04,blast|shotgun,"Mountain over water — the student. Youthful Folly is curious, naive, eager to learn. Playful but unfocused."
4,Youthful Folly,6,crystallization,transformer,WAIT,integrator,patience,water,Robotics,harvest,0.12069,0.14436,0.11728,0.52174,0.53788,0.14069,0.15436,0.12728,0.48174,0.49788,-0.02,-0.01,-0.01,0.04,0.04,0.0,1.0,2.0,0.75,0.0,0.0,0.0465,2.9,2.8,3.4,0.75,HEX-04-PHASE-6,2e-06,2e-06,2e-06,8e-06,8e-06,understand,0.04,blast|shotgun,"Mountain over water — the student. Youthful Folly is curious, naive, eager to learn. Playful but unfocused."
4,Youthful Folly,7,void,transformer,WAIT,integrator,patience,water,Robotics,harvest,0.17726,0.18235,0.18416,0.5794,0.58059,0.17726,0.18235,0.18416,0.5794,0.58059,0.0,0.0,0.0,0.0,0.0,0.0,3.0,6.0,0.75,0.0,0.0,0.05425,4.2,4.4,4.3,0.875,HEX-04-PHASE-7,0.0,0.0,0.0,0.0,0.0,understand,0.04,blast|shotgun,"Mountain over water — the student. Youthful Folly is curious, naive, eager to learn. Playful but unfocused."
5,Waiting,0,past,dissipator,WAIT,navigator,patience,heaven,Game Dev,craft,0.09448,0.09996,0.20043,0.54865,0.57373,0.09448,0.09996,0.15043,0.53865,0.58373,0.0,0.0,0.05,0.01,-0.01,2.0,-3.0,-6.0,0.75,0.0,0.0,0.0,2.2,4.8,2.4,0.0,HEX-05-PHASE-0,0.060632,0.064148,0.128616,0.352073,0.368169,understand,0.04,blast|shotgun,Water over heaven — patience as discipline. Waiting is not passive; it is the gathering of force before release.
5,Waiting,1,present,dissipator,WAIT,navigator,patience,heaven,Game Dev,craft,0.13448,0.17996,0.10595,0.47676,0.51219,0.09448,0.09996,0.10595,0.48676,0.50219,0.04,0.08,0.0,-0.01,0.01,2.0,-1.0,-2.0,0.75,0.0,0.0,0.00775,3.2,2.5,4.3,0.125,HEX-05-PHASE-1,0.134485,0.179963,0.10595,0.476757,0.512188,understand,0.04,blast|shotgun,Water over heaven — patience as discipline. Waiting is not passive; it is the gathering of force before release.
5,Waiting,2,future,dissipator,WAIT,navigator,patience,heaven,Game Dev,craft,0.11448,0.21961,0.09112,0.46452,0.49995,0.09448,0.12961,0.09112,0.46452,0.47995,0.02,0.09,0.0,0.0,0.02,0.0,-1.0,-2.0,0.75,0.0,0.0,0.0155,2.7,2.2,5.2,0.25,HEX-05-PHASE-2,0.073466,0.140929,0.058476,0.298088,0.320825,understand,0.04,blast|shotgun,Water over heaven — patience as discipline. Waiting is not passive; it is the gathering of force before release.
5,Waiting,3,transition,dissipator,WAIT,navigator,patience,heaven,Game Dev,craft,0.18155,0.19444,0.11112,0.3778,0.42806,0.13155,0.14444,0.09112,0.3978,0.42806,0.05,0.05,0.02,-0.02,0.0,0.0,1.0,2.0,0.75,0.0,0.0,0.02325,4.3,2.6,4.6,0.375,HEX-05-PHASE-3,0.030786,0.032972,0.018844,0.064066,0.072589,understand,0.04,blast|shotgun,Water over heaven — patience as discipline. Waiting is not passive; it is the gathering of force before release.
5,Waiting,4,resolution,dissipator,WAIT,navigator,patience,heaven,Game Dev,craft,0.06448,0.07996,0.1156,0.53676,0.53219,0.09448,0.09996,0.1356,0.48676,0.50219,-0.03,-0.02,-0.02,0.05,0.03,2.0,-1.0,-2.0,0.75,0.0,0.0,0.031,1.5,2.7,1.9,0.5,HEX-05-PHASE-4,0.00119,0.001476,0.002133,0.009905,0.00982,understand,0.04,blast|shotgun,Water over heaven — patience as discipline. Waiting is not passive; it is the gathering of force before release.
5,Waiting,5,dissolution,dissipator,WAIT,navigator,patience,heaven,Game Dev,craft,0.2212,0.15479,0.21525,0.39004,0.4303,0.1612,0.11479,0.16525,0.42004,0.4503,0.06,0.04,0.05,-0.03,-0.02,2.0,1.0,2.0,0.75,0.0,0.0,0.03875,5.2,5.1,3.7,0.625,HEX-05-PHASE-5,0.000183,0.000128,0.000178,0.000323,0.000356,understand,0.04,blast|shotgun,Water over heaven — patience as discipline. Waiting is not passive; it is the gathering of force before release.
5,Waiting,6,crystallization,dissipator,WAIT,navigator,patience,heaven,Game Dev,craft,0.11155,0.13444,0.08112,0.4378,0.46806,0.13155,0.14444,0.09112,0.3978,0.42806,-0.02,-0.01,-0.01,0.04,0.04,0.0,1.0,2.0,0.75,0.0,0.0,0.0465,2.6,1.9,3.2,0.75,HEX-05-PHASE-6,2e-06,2e-06,1e-06,7e-06,7e-06,understand,0.04,blast|shotgun,Water over heaven — patience as discipline. Waiting is not passive; it is the gathering of force before release.
5,Waiting,7,void,dissipator,WAIT,navigator,patience,heaven,Game Dev,craft,0.18708,0.17355,0.17334,0.49255,0.50556,0.18708,0.17355,0.17334,0.49255,0.50556,0.0,0.0,0.0,0.0,0.0,0.0,3.0,6.0,0.75,0.0,0.0,0.05425,4.4,4.1,4.1,0.875,HEX-05-PHASE-7,0.0,0.0,0.0,0.0,0.0,understand,0.04,blast|shotgun,Water over heaven — patience as discipline. Waiting is not passive; it is the gathering of force before release.
6,Conflict,0,past,transformer,ASSERT,integrator,assertion,water,Analytics,bank,0.11499,0.17987,0.20601,0.73772,0.72121,0.11499,0.17987,0.15601,0.72772,0.73121,0.0,0.0,0.05,0.01,-0.01,2.0,-3.0,-6.0,0.75,0.0,0.0,0.0,2.7,4.9,4.3,0.0,HEX-06-PHASE-0,0.073791,0.115423,0.132199,0.473403,0.462811,understand,0.04,blast|shotgun,"Heaven over water — clash of wills. Conflict is sharp, adversarial, truth forced through opposition."
6,Conflict,1,present,transformer,ASSERT,integrator,assertion,water,Analytics,bank,0.15499,0.25987,0.13984,0.69885,0.71156,0.11499,0.17987,0.13984,0.70885,0.70156,0.04,0.08,0.0,-0.01,0.01,2.0,-1.0,-2.0,0.75,0.0,0.0,0.00775,3.7,3.3,6.2,0.125,HEX-06-PHASE-1,0.15499,0.259867,0.139837,0.698849,0.711561,understand,0.04,blast|shotgun,"Heaven over water — clash of wills. Conflict is sharp, adversarial, truth forced through opposition."
6,Conflict,2,future,transformer,ASSERT,integrator,assertion,water,Analytics,bank,0.13499,0.28065,0.13445,0.70076,0.71347,0.11499,0.19065,0.13445,0.70076,0.69347,0.02,0.09,0.0,0.0,0.02,0.0,-1.0,-2.0,0.75,0.0,0.0,0.0155,3.2,3.2,6.7,0.25,HEX-06-PHASE-2,0.086625,0.180096,0.086276,0.449688,0.457846,understand,0.04,blast|shotgun,"Heaven over water — clash of wills. Conflict is sharp, adversarial, truth forced through opposition."
6,Conflict,3,transition,transformer,ASSERT,integrator,assertion,water,Analytics,bank,0.17847,0.24604,0.15445,0.6565,0.67461,0.12847,0.19604,0.13445,0.6765,0.67461,0.05,0.05,0.02,-0.02,0.0,0.0,1.0,2.0,0.75,0.0,0.0,0.02325,4.2,3.7,5.8,0.375,HEX-06-PHASE-3,0.030264,0.041722,0.02619,0.111327,0.114397,understand,0.04,blast|shotgun,"Heaven over water — clash of wills. Conflict is sharp, adversarial, truth forced through opposition."
6,Conflict,4,resolution,transformer,ASSERT,integrator,assertion,water,Analytics,bank,0.08499,0.15987,0.13062,0.75885,0.73156,0.11499,0.17987,0.15062,0.70885,0.70156,-0.03,-0.02,-0.02,0.05,0.03,2.0,-1.0,-2.0,0.75,0.0,0.0,0.031,2.0,3.1,3.8,0.5,HEX-06-PHASE-4,0.001568,0.00295,0.00241,0.014003,0.0135,understand,0.04,blast|shotgun,"Heaven over water — clash of wills. Conflict is sharp, adversarial, truth forced through opposition."
6,Conflict,5,dissolution,transformer,ASSERT,integrator,assertion,water,Analytics,bank,0.19925,0.22526,0.2114,0.65459,0.66269,0.13925,0.18526,0.1614,0.68459,0.68269,0.06,0.04,0.05,-0.03,-0.02,2.0,1.0,2.0,0.75,0.0,0.0,0.03875,4.7,5.0,5.3,0.625,HEX-06-PHASE-5,0.000165,0.000186,0.000175,0.000541,0.000548,understand,0.04,blast|shotgun,"Heaven over water — clash of wills. Conflict is sharp, adversarial, truth forced through opposition."
6,Conflict,6,crystallization,transformer,ASSERT,integrator,assertion,water,Analytics,bank,0.10847,0.18604,0.12445,0.7165,0.71461,0.12847,0.19604,0.13445,0.6765,0.67461,-0.02,-0.01,-0.01,0.04,0.04,0.0,1.0,2.0,0.75,0.0,0.0,0.0465,2.6,3.0,4.4,0.75,HEX-06-PHASE-6,2e-06,3e-06,2e-06,1.1e-05,1.1e-05,understand,0.04,blast|shotgun,"Heaven over water — clash of wills. Conflict is sharp, adversarial, truth forced through opposition."
6,Conflict,7,void,transformer,ASSERT,integrator,assertion,water,Analytics,bank,0.15542,0.20143,0.16679,0.6765,0.67191,0.15542,0.20143,0.16679,0.6765,0.67191,0.0,0.0,0.0,0.0,0.0,0.0,3.0,6.0,0.75,0.0,0.0,0.05425,3.7,4.0,4.8,0.875,HEX-06-PHASE-7,0.0,0.0,0.0,0.0,0.0,understand,0.04,blast|shotgun,"Heaven over water — clash of wills. Conflict is sharp, adversarial, truth forced through opposition."
7,The Army,0,past,sovereign,ASSERT,architect,assertion,water,Blueprinting,equip,0.10336,0.11546,0.1521,0.37107,0.3948,0.10336,0.11546,0.1021,0.36107,0.4048,0.0,0.0,0.05,0.01,-0.01,-4.0,-3.0,-6.0,0.75,0.0,0.0,0.0,2.5,3.6,2.7,0.0,HEX-07-PHASE-0,0.066328,0.07409,0.097604,0.238123,0.253346,understand,0.04,blast|shotgun,"Earth over water — the army. Disciplined, hierarchical, unwavering. The commander speaks once and is obeyed."
7,The Army,1,present,sovereign,ASSERT,architect,assertion,water,Blueprinting,equip,0.14336,0.21343,0.1021,0.3331,0.36987,0.10336,0.13343,0.1021,0.3431,0.35987,0.04,0.08,0.0,-0.01,0.01,-2.0,-1.0,-2.0,0.75,0.0,0.0,0.00775,3.4,2.4,5.1,0.125,HEX-07-PHASE-1,0.143361,0.213426,0.102099,0.333105,0.369871,understand,0.04,blast|shotgun,"Earth over water — the army. Disciplined, hierarchical, unwavering. The commander speaks once and is obeyed."
7,The Army,2,future,sovereign,ASSERT,architect,assertion,water,Blueprinting,equip,0.15032,0.25937,0.1021,0.31615,0.35292,0.13032,0.16937,0.1021,0.31615,0.33292,0.02,0.09,0.0,0.0,0.02,-4.0,-1.0,-2.0,0.75,0.0,0.0,0.0155,3.6,2.4,6.2,0.25,HEX-07-PHASE-2,0.09646,0.166439,0.065519,0.202877,0.226471,understand,0.04,blast|shotgun,"Earth over water — the army. Disciplined, hierarchical, unwavering. The commander speaks once and is obeyed."
7,The Army,3,transition,sovereign,ASSERT,architect,assertion,water,Blueprinting,equip,0.23423,0.2014,0.1221,0.26919,0.31495,0.18423,0.1514,0.1021,0.28919,0.31495,0.05,0.05,0.02,-0.02,0.0,-2.0,1.0,2.0,0.75,0.0,0.0,0.02325,5.6,2.9,4.8,0.375,HEX-07-PHASE-3,0.039719,0.034152,0.020705,0.045649,0.053407,understand,0.04,blast|shotgun,"Earth over water — the army. Disciplined, hierarchical, unwavering. The commander speaks once and is obeyed."
7,The Army,4,resolution,sovereign,ASSERT,architect,assertion,water,Blueprinting,equip,0.07336,0.11343,0.10007,0.3931,0.38987,0.10336,0.13343,0.12007,0.3431,0.35987,-0.03,-0.02,-0.02,0.05,0.03,-2.0,-1.0,-2.0,0.75,0.0,0.0,0.031,1.7,2.4,2.7,0.5,HEX-07-PHASE-4,0.001354,0.002093,0.001847,0.007254,0.007194,understand,0.04,blast|shotgun,"Earth over water — the army. Disciplined, hierarchical, unwavering. The commander speaks once and is obeyed."
7,The Army,5,dissolution,sovereign,ASSERT,architect,assertion,water,Blueprinting,equip,0.20829,0.15546,0.22398,0.25919,0.30393,0.14829,0.11546,0.17398,0.28919,0.32393,0.06,0.04,0.05,-0.03,-0.02,0.0,1.0,2.0,0.75,0.0,0.0,0.03875,4.9,5.3,3.7,0.625,HEX-07-PHASE-5,0.000172,0.000129,0.000185,0.000214,0.000251,understand,0.04,blast|shotgun,"Earth over water — the army. Disciplined, hierarchical, unwavering. The commander speaks once and is obeyed."
7,The Army,6,crystallization,sovereign,ASSERT,architect,assertion,water,Blueprinting,equip,0.16423,0.1414,0.0921,0.32919,0.35495,0.18423,0.1514,0.1021,0.28919,0.31495,-0.02,-0.01,-0.01,0.04,0.04,-2.0,1.0,2.0,0.75,0.0,0.0,0.0465,3.9,2.2,3.4,0.75,HEX-07-PHASE-6,3e-06,2e-06,1e-06,5e-06,5e-06,understand,0.04,blast|shotgun,"Earth over water — the army. Disciplined, hierarchical, unwavering. The commander speaks once and is obeyed."
7,The Army,7,void,sovereign,ASSERT,architect,assertion,water,Blueprinting,equip,0.21711,0.14973,0.19914,0.38637,0.40349,0.21711,0.14973,0.19914,0.38637,0.40349,0.0,0.0,0.0,0.0,0.0,0.0,3.0,6.0,0.75,0.0,0.0,0.05425,5.1,4.7,3.6,0.875,HEX-07-PHASE-7,0.0,0.0,0.0,0.0,0.0,understand,0.04,blast|shotgun,"Earth over water — the army. Disciplined, hierarchical, unwavering. The commander speaks once and is obeyed."
8,Holding Together,0,past,transformer,YIELD,integrator,reception,earth,Scribe,cast,0.09497,0.15286,0.15325,0.55378,0.54495,0.09497,0.15286,0.10325,0.54378,0.55495,0.0,0.0,0.05,0.01,-0.01,-4.0,-3.0,-6.0,0.75,0.0,0.0,0.0,2.3,3.6,3.6,0.0,HEX-08-PHASE-0,0.060941,0.098092,0.098346,0.355368,0.349702,understand,0.04,blast|shotgun,"Water over earth — union through affinity. Holding Together is cooperative, warm, finding common ground."
8,Holding Together,1,present,transformer,YIELD,integrator,reception,earth,Scribe,cast,0.13497,0.24454,0.10325,0.5221,0.53575,0.09497,0.16454,0.10325,0.5321,0.52575,0.04,0.08,0.0,-0.01,0.01,-2.0,-1.0,-2.0,0.75,0.0,0.0,0.00775,3.2,2.4,5.8,0.125,HEX-08-PHASE-1,0.134966,0.244541,0.103255,0.522099,0.535749,understand,0.04,blast|shotgun,"Water over earth — union through affinity. Holding Together is cooperative, warm, finding common ground."
8,Holding Together,2,future,transformer,YIELD,integrator,reception,earth,Scribe,cast,0.13249,0.2779,0.10325,0.51458,0.52823,0.11249,0.1879,0.10325,0.51458,0.50823,0.02,0.09,0.0,0.0,0.02,-4.0,-1.0,-2.0,0.75,0.0,0.0,0.0155,3.1,2.4,6.6,0.25,HEX-08-PHASE-2,0.085019,0.178333,0.06626,0.330212,0.338971,understand,0.04,blast|shotgun,"Water over earth — union through affinity. Holding Together is cooperative, warm, finding common ground."
8,Holding Together,3,transition,transformer,YIELD,integrator,reception,earth,Scribe,cast,0.19753,0.22622,0.12325,0.47706,0.49655,0.14753,0.17622,0.10325,0.49706,0.49655,0.05,0.05,0.02,-0.02,0.0,-2.0,1.0,2.0,0.75,0.0,0.0,0.02325,4.7,2.9,5.4,0.375,HEX-08-PHASE-3,0.033496,0.038362,0.020901,0.080897,0.084202,understand,0.04,blast|shotgun,"Water over earth — union through affinity. Holding Together is cooperative, warm, finding common ground."
8,Holding Together,4,resolution,transformer,YIELD,integrator,reception,earth,Scribe,cast,0.06497,0.14454,0.09494,0.5821,0.55575,0.09497,0.16454,0.11494,0.5321,0.52575,-0.03,-0.02,-0.02,0.05,0.03,-2.0,-1.0,-2.0,0.75,0.0,0.0,0.031,1.5,2.3,3.4,0.5,HEX-08-PHASE-4,0.001199,0.002667,0.001752,0.010741,0.010255,understand,0.04,blast|shotgun,"Water over earth — union through affinity. Holding Together is cooperative, warm, finding common ground."
8,Holding Together,5,dissolution,transformer,YIELD,integrator,reception,earth,Scribe,cast,0.18417,0.19286,0.19998,0.46706,0.48239,0.12417,0.15286,0.14998,0.49706,0.50239,0.06,0.04,0.05,-0.03,-0.02,0.0,1.0,2.0,0.75,0.0,0.0,0.03875,4.4,4.7,4.6,0.625,HEX-08-PHASE-5,0.000152,0.000159,0.000165,0.000386,0.000399,understand,0.04,blast|shotgun,"Water over earth — union through affinity. Holding Together is cooperative, warm, finding common ground."
8,Holding Together,6,crystallization,transformer,YIELD,integrator,reception,earth,Scribe,cast,0.12753,0.16622,0.09325,0.53706,0.53655,0.14753,0.17622,0.10325,0.49706,0.49655,-0.02,-0.01,-0.01,0.04,0.04,-2.0,1.0,2.0,0.75,0.0,0.0,0.0465,3.0,2.2,3.9,0.75,HEX-08-PHASE-6,2e-06,3e-06,1e-06,8e-06,8e-06,understand,0.04,blast|shotgun,"Water over earth — union through affinity. Holding Together is cooperative, warm, finding common ground."
8,Holding Together,7,void,transformer,YIELD,integrator,reception,earth,Scribe,cast,0.16518,0.18125,0.1666,0.59059,0.58388,0.16518,0.18125,0.1666,0.59059,0.58388,0.0,0.0,0.0,0.0,0.0,0.0,3.0,6.0,0.75,0.0,0.0,0.05425,3.9,4.0,4.3,0.875,HEX-08-PHASE-7,0.0,0.0,0.0,0.0,0.0,understand,0.04,blast|shotgun,"Water over earth — union through affinity. Holding Together is cooperative, warm, finding common ground."
9,Taming Power of the Small,0,past,dissipator,ADAPT,navigator,adaptation,heaven,Security Red-Team,dialogue,0.11065,0.14201,0.19339,0.63438,0.65221,0.11065,0.14201,0.14339,0.62438,0.66221,0.0,0.0,0.05,0.01,-0.01,4.0,-3.0,-6.0,0.75,0.0,0.0,0.0,2.6,4.6,3.4,0.0,HEX-09-PHASE-0,0.071007,0.091132,0.124098,0.407087,0.418533,understand,0.04,blast|shotgun,"Wind over heaven — gentle restraint. Taming Power of the Small is subtle influence, soft persistence."
9,Taming Power of the Small,1,present,dissipator,ADAPT,navigator,adaptation,heaven,Security Red-Team,dialogue,0.12145,0.22785,0.0879,0.56765,0.58461,0.08145,0.14785,0.0879,0.57765,0.57461,0.04,0.08,0.0,-0.01,0.01,2.0,-1.0,-2.0,0.75,0.0,0.0,0.00775,2.9,2.1,5.4,0.125,HEX-09-PHASE-1,0.12145,0.227854,0.087903,0.567654,0.584607,understand,0.04,blast|shotgun,"Wind over heaven — gentle restraint. Taming Power of the Small is subtle influence, soft persistence."
9,Taming Power of the Small,2,future,dissipator,ADAPT,navigator,adaptation,heaven,Security Red-Team,dialogue,0.10145,0.23785,0.0879,0.57765,0.59461,0.08145,0.14785,0.0879,0.57765,0.57461,0.02,0.09,0.0,0.0,0.02,2.0,-1.0,-2.0,0.75,0.0,0.0,0.0155,2.4,2.1,5.6,0.25,HEX-09-PHASE-2,0.065102,0.152634,0.056409,0.370688,0.381567,understand,0.04,blast|shotgun,"Wind over heaven — gentle restraint. Taming Power of the Small is subtle influence, soft persistence."
9,Taming Power of the Small,3,transition,dissipator,ADAPT,navigator,adaptation,heaven,Security Red-Team,dialogue,0.16065,0.2329,0.09622,0.48757,0.5162,0.11065,0.1829,0.07622,0.50757,0.5162,0.05,0.05,0.02,-0.02,0.0,0.0,1.0,2.0,0.75,0.0,0.0,0.02325,3.8,2.3,5.5,0.375,HEX-09-PHASE-3,0.027243,0.039493,0.016317,0.08268,0.087536,understand,0.04,blast|shotgun,"Wind over heaven — gentle restraint. Taming Power of the Small is subtle influence, soft persistence."
9,Taming Power of the Small,4,resolution,dissipator,ADAPT,navigator,adaptation,heaven,Security Red-Team,dialogue,0.06897,0.12201,0.10294,0.64517,0.62213,0.09897,0.14201,0.12294,0.59517,0.59213,-0.03,-0.02,-0.02,0.05,0.03,4.0,-1.0,-2.0,0.75,0.0,0.0,0.031,1.6,2.4,2.9,0.5,HEX-09-PHASE-4,0.001273,0.002252,0.0019,0.011905,0.01148,understand,0.04,blast|shotgun,"Wind over heaven — gentle restraint. Taming Power of the Small is subtle influence, soft persistence."
9,Taming Power of the Small,5,dissolution,dissipator,ADAPT,navigator,adaptation,heaven,Security Red-Team,dialogue,0.19401,0.19953,0.18463,0.49509,0.51372,0.13401,0.15953,0.13463,0.52509,0.53372,0.06,0.04,0.05,-0.03,-0.02,2.0,1.0,2.0,0.75,0.0,0.0,0.03875,4.6,4.4,4.7,0.625,HEX-09-PHASE-5,0.00016,0.000165,0.000153,0.000409,0.000425,understand,0.04,blast|shotgun,"Wind over heaven — gentle restraint. Taming Power of the Small is subtle influence, soft persistence."
9,Taming Power of the Small,6,crystallization,dissipator,ADAPT,navigator,adaptation,heaven,Security Red-Team,dialogue,0.11401,0.14953,0.0779,0.56509,0.57372,0.13401,0.15953,0.0879,0.52509,0.53372,-0.02,-0.01,-0.01,0.04,0.04,2.0,1.0,2.0,0.75,0.0,0.0,0.0465,2.7,1.8,3.5,0.75,HEX-09-PHASE-6,2e-06,2e-06,1e-06,9e-06,9e-06,understand,0.04,blast|shotgun,"Wind over heaven — gentle restraint. Taming Power of the Small is subtle influence, soft persistence."
9,Taming Power of the Small,7,void,dissipator,ADAPT,navigator,adaptation,heaven,Security Red-Team,dialogue,0.15531,0.2032,0.14685,0.59827,0.59398,0.15531,0.2032,0.14685,0.59827,0.59398,0.0,0.0,0.0,0.0,0.0,0.0,3.0,6.0,0.75,0.0,0.0,0.05425,3.7,3.5,4.8,0.875,HEX-09-PHASE-7,0.0,0.0,0.0,0.0,0.0,understand,0.04,blast|shotgun,"Wind over heaven — gentle restraint. Taming Power of the Small is subtle influence, soft persistence."
10,Treading,0,past,sovereign,ADAPT,architect,adaptation,lake,Database/Storage,forensics,0.10468,0.12634,0.1796,0.64381,0.66149,0.10468,0.12634,0.1296,0.63381,0.67149,0.0,0.0,0.05,0.01,-0.01,4.0,-3.0,-6.0,0.75,0.0,0.0,0.0,2.5,4.3,3.0,0.0,HEX-10-PHASE-0,0.067176,0.081075,0.115252,0.413142,0.424488,understand,0.04,blast|shotgun,"Heaven over lake — walking on thin ice. Treading is cautious confidence, measured risk, knowing the danger."
10,Treading,1,present,sovereign,ADAPT,architect,adaptation,lake,Database/Storage,forensics,0.133,0.20634,0.0858,0.59461,0.61141,0.093,0.12634,0.0858,0.60461,0.60141,0.04,0.08,0.0,-0.01,0.01,4.0,-1.0,-2.0,0.75,0.0,0.0,0.00775,3.2,2.0,4.9,0.125,HEX-10-PHASE-1,0.133002,0.206341,0.085798,0.594609,0.611408,understand,0.04,blast|shotgun,"Heaven over lake — walking on thin ice. Treading is cautious confidence, measured risk, knowing the danger."
10,Treading,2,future,sovereign,ADAPT,architect,adaptation,lake,Database/Storage,forensics,0.09548,0.22218,0.07412,0.58709,0.60389,0.07548,0.13218,0.07412,0.58709,0.58389,0.02,0.09,0.0,0.0,0.02,2.0,-1.0,-2.0,0.75,0.0,0.0,0.0155,2.3,1.8,5.3,0.25,HEX-10-PHASE-2,0.061272,0.142577,0.047562,0.376742,0.387522,understand,0.04,blast|shotgun,"Heaven over lake — walking on thin ice. Treading is cautious confidence, measured risk, knowing the danger."
10,Treading,3,transition,sovereign,ADAPT,architect,adaptation,lake,Database/Storage,forensics,0.17804,0.19386,0.09412,0.51453,0.54301,0.12804,0.14386,0.07412,0.53453,0.54301,0.05,0.05,0.02,-0.02,0.0,2.0,1.0,2.0,0.75,0.0,0.0,0.02325,4.2,2.2,4.6,0.375,HEX-10-PHASE-3,0.030192,0.032874,0.01596,0.087251,0.09208,understand,0.04,blast|shotgun,"Heaven over lake — walking on thin ice. Treading is cautious confidence, measured risk, knowing the danger."
10,Treading,4,resolution,sovereign,ADAPT,architect,adaptation,lake,Database/Storage,forensics,0.04548,0.11218,0.07748,0.63709,0.61389,0.07548,0.13218,0.09748,0.58709,0.58389,-0.03,-0.02,-0.02,0.05,0.03,2.0,-1.0,-2.0,0.75,0.0,0.0,0.031,1.1,1.8,2.7,0.5,HEX-10-PHASE-4,0.000839,0.00207,0.00143,0.011756,0.011328,understand,0.04,blast|shotgun,"Heaven over lake — walking on thin ice. Treading is cautious confidence, measured risk, knowing the danger."
10,Treading,5,dissolution,sovereign,ADAPT,architect,adaptation,lake,Database/Storage,forensics,0.18804,0.18386,0.17084,0.50453,0.52301,0.12804,0.14386,0.12084,0.53453,0.54301,0.06,0.04,0.05,-0.03,-0.02,2.0,1.0,2.0,0.75,0.0,0.0,0.03875,4.5,4.1,4.4,0.625,HEX-10-PHASE-5,0.000155,0.000152,0.000141,0.000417,0.000432,understand,0.04,blast|shotgun,"Heaven over lake — walking on thin ice. Treading is cautious confidence, measured risk, knowing the danger."
10,Treading,6,crystallization,sovereign,ADAPT,architect,adaptation,lake,Database/Storage,forensics,0.08468,0.15722,0.05244,0.557,0.56548,0.10468,0.16722,0.06244,0.517,0.52548,-0.02,-0.01,-0.01,0.04,0.04,0.0,1.0,2.0,0.75,0.0,0.0,0.0465,2.0,1.2,3.7,0.75,HEX-10-PHASE-6,1e-06,2e-06,1e-06,8e-06,9e-06,understand,0.04,blast|shotgun,"Heaven over lake — walking on thin ice. Treading is cautious confidence, measured risk, knowing the danger."
10,Treading,7,void,sovereign,ADAPT,architect,adaptation,lake,Database/Storage,forensics,0.14058,0.16583,0.12848,0.61243,0.60905,0.14058,0.16583,0.12848,0.61243,0.60905,0.0,0.0,0.0,0.0,0.0,0.0,3.0,6.0,0.75,0.0,0.0,0.05425,3.3,3.0,3.9,0.875,HEX-10-PHASE-7,0.0,0.0,0.0,0.0,0.0,understand,0.04,blast|shotgun,"Heaven over lake — walking on thin ice. Treading is cautious confidence, measured risk, knowing the danger."
11,Peace,0,past,transformer,YIELD,integrator,reception,heaven,Async/Networking,attack,0.05344,0.09413,0.13097,0.58026,0.56091,0.05344,0.09413,0.08097,0.57026,0.57091,0.0,0.0,0.05,0.01,-0.01,0.0,-3.0,-6.0,0.75,0.0,0.0,0.0,1.3,3.1,2.2,0.0,HEX-11-PHASE-0,0.034291,0.060404,0.084044,0.372361,0.35994,understand,0.04,blast|shotgun,"Earth over heaven — the ideal union. Peace is harmony, flow, the small supporting the great."
11,Peace,1,present,transformer,YIELD,integrator,reception,heaven,Async/Networking,attack,0.09344,0.18895,0.04761,0.49355,0.50678,0.05344,0.10895,0.04761,0.50355,0.49678,0.04,0.08,0.0,-0.01,0.01,0.0,-1.0,-2.0,0.75,0.0,0.0,0.00775,2.2,1.1,4.5,0.125,HEX-11-PHASE-1,0.093436,0.188955,0.047611,0.493546,0.506778,understand,0.04,blast|shotgun,"Earth over heaven — the ideal union. Peace is harmony, flow, the small supporting the great."
11,Peace,2,future,transformer,YIELD,integrator,reception,heaven,Async/Networking,attack,0.07344,0.19895,0.04761,0.50355,0.51678,0.05344,0.10895,0.04761,0.50355,0.49678,0.02,0.09,0.0,0.0,0.02,0.0,-1.0,-2.0,0.75,0.0,0.0,0.0155,1.7,1.1,4.7,0.25,HEX-11-PHASE-2,0.047125,0.127672,0.030553,0.323132,0.331623,understand,0.04,blast|shotgun,"Earth over heaven — the ideal union. Peace is harmony, flow, the small supporting the great."
11,Peace,3,transition,transformer,YIELD,integrator,reception,heaven,Async/Networking,attack,0.1405,0.17378,0.06761,0.41683,0.44489,0.0905,0.12378,0.04761,0.43683,0.44489,0.05,0.05,0.02,-0.02,0.0,0.0,1.0,2.0,0.75,0.0,0.0,0.02325,3.3,1.6,4.1,0.375,HEX-11-PHASE-3,0.023825,0.029469,0.011465,0.070684,0.075442,understand,0.04,blast|shotgun,"Earth over heaven — the ideal union. Peace is harmony, flow, the small supporting the great."
11,Peace,4,resolution,transformer,YIELD,integrator,reception,heaven,Async/Networking,attack,0.02344,0.08895,0.05726,0.55355,0.52678,0.05344,0.10895,0.07726,0.50355,0.49678,-0.03,-0.02,-0.02,0.05,0.03,0.0,-1.0,-2.0,0.75,0.0,0.0,0.031,0.6,1.4,2.1,0.5,HEX-11-PHASE-4,0.000432,0.001641,0.001057,0.010215,0.009721,understand,0.04,blast|shotgun,"Earth over heaven — the ideal union. Peace is harmony, flow, the small supporting the great."
11,Peace,5,dissolution,transformer,YIELD,integrator,reception,heaven,Async/Networking,attack,0.1505,0.16378,0.15691,0.40683,0.42489,0.0905,0.12378,0.10691,0.43683,0.44489,0.06,0.04,0.05,-0.03,-0.02,0.0,1.0,2.0,0.75,0.0,0.0,0.03875,3.6,3.7,3.9,0.625,HEX-11-PHASE-5,0.000124,0.000135,0.00013,0.000336,0.000351,understand,0.04,blast|shotgun,"Earth over heaven — the ideal union. Peace is harmony, flow, the small supporting the great."
11,Peace,6,crystallization,transformer,YIELD,integrator,reception,heaven,Async/Networking,attack,0.0705,0.11378,0.03761,0.47683,0.48489,0.0905,0.12378,0.04761,0.43683,0.44489,-0.02,-0.01,-0.01,0.04,0.04,0.0,1.0,2.0,0.75,0.0,0.0,0.0465,1.7,0.9,2.7,0.75,HEX-11-PHASE-6,1e-06,2e-06,1e-06,7e-06,7e-06,understand,0.04,blast|shotgun,"Earth over heaven — the ideal union. Peace is harmony, flow, the small supporting the great."
11,Peace,7,void,transformer,YIELD,integrator,reception,heaven,Async/Networking,attack,0.14657,0.13685,0.13252,0.52902,0.52535,0.14657,0.13685,0.13252,0.52902,0.52535,0.0,0.0,0.0,0.0,0.0,0.0,3.0,6.0,0.75,0.0,0.0,0.05425,3.5,3.1,3.2,0.875,HEX-11-PHASE-7,0.0,0.0,0.0,0.0,0.0,understand,0.04,blast|shotgun,"Earth over heaven — the ideal union. Peace is harmony, flow, the small supporting the great."
12,Standstill,0,past,boundary,WAIT,guardian,patience,earth,DevOps/CI-CD,interact,0.06932,0.11579,0.15422,0.77261,0.73823,0.06932,0.11579,0.10422,0.76261,0.74823,0.0,0.0,0.05,0.01,-0.01,0.0,-3.0,-6.0,0.75,0.0,0.0,0.0,1.6,3.7,2.7,0.0,HEX-12-PHASE-0,0.044484,0.074304,0.098963,0.495791,0.473733,understand,0.04,blast|shotgun,"Heaven over earth — stagnation. Standstill is blockage, miscommunication, the great rejecting the small."
12,Standstill,1,present,boundary,WAIT,guardian,patience,earth,DevOps/CI-CD,interact,0.10932,0.20118,0.09209,0.72835,0.73128,0.06932,0.12118,0.09209,0.73835,0.72128,0.04,0.08,0.0,-0.01,0.01,0.0,-1.0,-2.0,0.75,0.0,0.0,0.00775,2.6,2.2,4.8,0.125,HEX-12-PHASE-1,0.10932,0.201181,0.092088,0.728346,0.731277,understand,0.04,blast|shotgun,"Heaven over earth — stagnation. Standstill is blockage, miscommunication, the great rejecting the small."
12,Standstill,2,future,boundary,WAIT,guardian,patience,earth,DevOps/CI-CD,interact,0.08932,0.21118,0.09209,0.73835,0.74128,0.06932,0.12118,0.09209,0.73835,0.72128,0.02,0.09,0.0,0.0,0.02,0.0,-1.0,-2.0,0.75,0.0,0.0,0.0155,2.1,2.2,5.0,0.25,HEX-12-PHASE-2,0.057318,0.135518,0.059094,0.473806,0.475687,understand,0.04,blast|shotgun,"Heaven over earth — stagnation. Standstill is blockage, miscommunication, the great rejecting the small."
12,Standstill,3,transition,boundary,WAIT,guardian,patience,earth,DevOps/CI-CD,interact,0.1328,0.17657,0.11209,0.69409,0.70241,0.0828,0.12657,0.09209,0.71409,0.70241,0.05,0.05,0.02,-0.02,0.0,0.0,1.0,2.0,0.75,0.0,0.0,0.02325,3.1,2.7,4.2,0.375,HEX-12-PHASE-3,0.022519,0.029942,0.019007,0.1177,0.119111,understand,0.04,blast|shotgun,"Heaven over earth — stagnation. Standstill is blockage, miscommunication, the great rejecting the small."
12,Standstill,4,resolution,boundary,WAIT,guardian,patience,earth,DevOps/CI-CD,interact,0.03932,0.10118,0.08287,0.78835,0.75128,0.06932,0.12118,0.10287,0.73835,0.72128,-0.03,-0.02,-0.02,0.05,0.03,0.0,-1.0,-2.0,0.75,0.0,0.0,0.031,0.9,2.0,2.4,0.5,HEX-12-PHASE-4,0.000726,0.001867,0.001529,0.014547,0.013863,understand,0.04,blast|shotgun,"Heaven over earth — stagnation. Standstill is blockage, miscommunication, the great rejecting the small."
12,Standstill,5,dissolution,boundary,WAIT,guardian,patience,earth,DevOps/CI-CD,interact,0.1428,0.16657,0.16365,0.68409,0.68241,0.0828,0.12657,0.11365,0.71409,0.70241,0.06,0.04,0.05,-0.03,-0.02,0.0,1.0,2.0,0.75,0.0,0.0,0.03875,3.4,3.9,4.0,0.625,HEX-12-PHASE-5,0.000118,0.000138,0.000135,0.000566,0.000564,understand,0.04,blast|shotgun,"Heaven over earth — stagnation. Standstill is blockage, miscommunication, the great rejecting the small."
12,Standstill,6,crystallization,boundary,WAIT,guardian,patience,earth,DevOps/CI-CD,interact,0.0628,0.11657,0.08209,0.75409,0.74241,0.0828,0.12657,0.09209,0.71409,0.70241,-0.02,-0.01,-0.01,0.04,0.04,0.0,1.0,2.0,0.75,0.0,0.0,0.0465,1.5,1.9,2.8,0.75,HEX-12-PHASE-6,1e-06,2e-06,1e-06,1.2e-05,1.1e-05,understand,0.04,blast|shotgun,"Heaven over earth — stagnation. Standstill is blockage, miscommunication, the great rejecting the small."
12,Standstill,7,void,boundary,WAIT,guardian,patience,earth,DevOps/CI-CD,interact,0.10975,0.13196,0.12443,0.71409,0.69971,0.10975,0.13196,0.12443,0.71409,0.69971,0.0,0.0,0.0,0.0,0.0,0.0,3.0,6.0,0.75,0.0,0.0,0.05425,2.6,3.0,3.1,0.875,HEX-12-PHASE-7,0.0,0.0,0.0,0.0,0.0,understand,0.04,blast|shotgun,"Heaven over earth — stagnation. Standstill is blockage, miscommunication, the great rejecting the small."
13,Fellowship with Men,0,past,transformer,ASSERT,integrator,assertion,heaven,Research,traverse,0.09717,0.09631,0.1826,0.64982,0.669,0.09717,0.09631,0.1326,0.63982,0.679,0.0,0.0,0.05,0.01,-0.01,4.0,-3.0,-6.0,0.75,0.0,0.0,0.0,2.3,4.3,2.3,0.0,HEX-13-PHASE-0,0.062358,0.0618,0.117179,0.416996,0.429306,understand,0.04,blast|shotgun,"Fire over heaven — fellowship. Fellowship with Men is alliance, shared purpose, collective will."
13,Fellowship with Men,1,present,transformer,ASSERT,integrator,assertion,heaven,Research,traverse,0.10797,0.18215,0.07712,0.5831,0.6014,0.06797,0.10215,0.07712,0.5931,0.5914,0.04,0.08,0.0,-0.01,0.01,2.0,-1.0,-2.0,0.75,0.0,0.0,0.00775,2.6,1.8,4.3,0.125,HEX-13-PHASE-1,0.107973,0.182146,0.077121,0.583095,0.601396,understand,0.04,blast|shotgun,"Fire over heaven — fellowship. Fellowship with Men is alliance, shared purpose, collective will."
13,Fellowship with Men,2,future,transformer,ASSERT,integrator,assertion,heaven,Research,traverse,0.10549,0.18631,0.0888,0.61062,0.62892,0.08549,0.09631,0.0888,0.61062,0.60892,0.02,0.09,0.0,0.0,0.02,4.0,-1.0,-2.0,0.75,0.0,0.0,0.0155,2.5,2.1,4.4,0.25,HEX-13-PHASE-2,0.067697,0.119555,0.056985,0.39184,0.403584,understand,0.04,blast|shotgun,"Fire over heaven — fellowship. Fellowship with Men is alliance, shared purpose, collective will."
13,Fellowship with Men,3,transition,transformer,ASSERT,integrator,assertion,heaven,Research,traverse,0.17054,0.16383,0.09712,0.52053,0.55051,0.12054,0.11383,0.07712,0.54053,0.55051,0.05,0.05,0.02,-0.02,0.0,2.0,1.0,2.0,0.75,0.0,0.0,0.02325,4.0,2.3,3.9,0.375,HEX-13-PHASE-3,0.028919,0.027781,0.016469,0.08827,0.093354,understand,0.04,blast|shotgun,"Fire over heaven — fellowship. Fellowship with Men is alliance, shared purpose, collective will."
13,Fellowship with Men,4,resolution,transformer,ASSERT,integrator,assertion,heaven,Research,traverse,0.03797,0.08215,0.08048,0.6431,0.6214,0.06797,0.10215,0.10048,0.5931,0.5914,-0.03,-0.02,-0.02,0.05,0.03,2.0,-1.0,-2.0,0.75,0.0,0.0,0.031,0.9,1.9,1.9,0.5,HEX-13-PHASE-4,0.000701,0.001516,0.001485,0.011867,0.011467,understand,0.04,blast|shotgun,"Fire over heaven — fellowship. Fellowship with Men is alliance, shared purpose, collective will."
13,Fellowship with Men,5,dissolution,transformer,ASSERT,integrator,assertion,heaven,Research,traverse,0.15717,0.17719,0.16216,0.49301,0.51299,0.09717,0.13719,0.11216,0.52301,0.53299,0.06,0.04,0.05,-0.03,-0.02,0.0,1.0,2.0,0.75,0.0,0.0,0.03875,3.7,3.8,4.2,0.625,HEX-13-PHASE-5,0.00013,0.000147,0.000134,0.000408,0.000424,understand,0.04,blast|shotgun,"Fire over heaven — fellowship. Fellowship with Men is alliance, shared purpose, collective will."
13,Fellowship with Men,6,crystallization,transformer,ASSERT,integrator,assertion,heaven,Research,traverse,0.10054,0.10383,0.06712,0.58053,0.59051,0.12054,0.11383,0.07712,0.54053,0.55051,-0.02,-0.01,-0.01,0.04,0.04,2.0,1.0,2.0,0.75,0.0,0.0,0.0465,2.4,1.6,2.5,0.75,HEX-13-PHASE-6,2e-06,2e-06,1e-06,9e-06,9e-06,understand,0.04,blast|shotgun,"Fire over heaven — fellowship. Fellowship with Men is alliance, shared purpose, collective will."
13,Fellowship with Men,7,void,transformer,ASSERT,integrator,assertion,heaven,Research,traverse,0.13509,0.14388,0.13067,0.61682,0.61454,0.13509,0.14388,0.13067,0.61682,0.61454,0.0,0.0,0.0,0.0,0.0,0.0,3.0,6.0,0.75,0.0,0.0,0.05425,3.2,3.1,3.4,0.875,HEX-13-PHASE-7,0.0,0.0,0.0,0.0,0.0,understand,0.04,blast|shotgun,"Fire over heaven — fellowship. Fellowship with Men is alliance, shared purpose, collective will."
14,Possession in Great Measure,0,past,sovereign,ASSERT,architect,assertion,fire,Dev,harvest,0.11249,0.1078,0.19397,0.58084,0.61443,0.11249,0.1078,0.14397,0.57084,0.62443,0.0,0.0,0.05,0.01,-0.01,4.0,-3.0,-6.0,0.75,0.0,0.0,0.0,2.7,4.6,2.6,0.0,HEX-14-PHASE-0,0.072185,0.069176,0.124471,0.372731,0.39429,understand,0.04,blast|shotgun,Heaven over fire — great possession. Possession in Great Measure is abundance wielded with wisdom.
14,Possession in Great Measure,1,present,sovereign,ASSERT,architect,assertion,fire,Dev,harvest,0.11542,0.19521,0.07355,0.50154,0.52324,0.07542,0.11521,0.07355,0.51154,0.51324,0.04,0.08,0.0,-0.01,0.01,2.0,-1.0,-2.0,0.75,0.0,0.0,0.00775,2.7,1.7,4.6,0.125,HEX-14-PHASE-1,0.115424,0.195212,0.073546,0.501536,0.523244,understand,0.04,blast|shotgun,Heaven over fire — great possession. Possession in Great Measure is abundance wielded with wisdom.
14,Possession in Great Measure,2,future,sovereign,ASSERT,architect,assertion,fire,Dev,harvest,0.11766,0.1978,0.08837,0.53377,0.55548,0.09766,0.1078,0.08837,0.53377,0.53548,0.02,0.09,0.0,0.0,0.02,4.0,-1.0,-2.0,0.75,0.0,0.0,0.0155,2.8,2.1,4.7,0.25,HEX-14-PHASE-2,0.075505,0.126931,0.056709,0.34253,0.35646,understand,0.04,blast|shotgun,Heaven over fire — great possession. Possession in Great Measure is abundance wielded with wisdom.
14,Possession in Great Measure,3,transition,sovereign,ASSERT,architect,assertion,fire,Dev,harvest,0.19214,0.18004,0.09355,0.42482,0.46136,0.14214,0.13004,0.07355,0.44482,0.46136,0.05,0.05,0.02,-0.02,0.0,2.0,1.0,2.0,0.75,0.0,0.0,0.02325,4.6,2.2,4.3,0.375,HEX-14-PHASE-3,0.032582,0.03053,0.015863,0.072039,0.078235,understand,0.04,blast|shotgun,Heaven over fire — great possession. Possession in Great Measure is abundance wielded with wisdom.
14,Possession in Great Measure,4,resolution,sovereign,ASSERT,architect,assertion,fire,Dev,harvest,0.04542,0.09521,0.0832,0.56154,0.54324,0.07542,0.11521,0.1032,0.51154,0.51324,-0.03,-0.02,-0.02,0.05,0.03,2.0,-1.0,-2.0,0.75,0.0,0.0,0.031,1.1,2.0,2.3,0.5,HEX-14-PHASE-4,0.000838,0.001757,0.001535,0.010362,0.010024,understand,0.04,blast|shotgun,Heaven over fire — great possession. Possession in Great Measure is abundance wielded with wisdom.
14,Possession in Great Measure,5,dissolution,sovereign,ASSERT,architect,assertion,fire,Dev,harvest,0.17249,0.19969,0.16802,0.39258,0.41912,0.11249,0.15969,0.11802,0.42258,0.43912,0.06,0.04,0.05,-0.03,-0.02,0.0,1.0,2.0,0.75,0.0,0.0,0.03875,4.1,4.0,4.7,0.625,HEX-14-PHASE-5,0.000143,0.000165,0.000139,0.000325,0.000347,understand,0.04,blast|shotgun,Heaven over fire — great possession. Possession in Great Measure is abundance wielded with wisdom.
14,Possession in Great Measure,6,crystallization,sovereign,ASSERT,architect,assertion,fire,Dev,harvest,0.12214,0.12004,0.06355,0.48482,0.50136,0.14214,0.13004,0.07355,0.44482,0.46136,-0.02,-0.01,-0.01,0.04,0.04,2.0,1.0,2.0,0.75,0.0,0.0,0.0465,2.9,1.5,2.8,0.75,HEX-14-PHASE-6,2e-06,2e-06,1e-06,7e-06,8e-06,understand,0.04,blast|shotgun,Heaven over fire — great possession. Possession in Great Measure is abundance wielded with wisdom.
14,Possession in Great Measure,7,void,sovereign,ASSERT,architect,assertion,fire,Dev,harvest,0.17206,0.18557,0.14781,0.51208,0.51427,0.17206,0.18557,0.14781,0.51208,0.51427,0.0,0.0,0.0,0.0,0.0,0.0,3.0,6.0,0.75,0.0,0.0,0.05425,4.1,3.5,4.4,0.875,HEX-14-PHASE-7,0.0,0.0,0.0,0.0,0.0,understand,0.04,blast|shotgun,Heaven over fire — great possession. Possession in Great Measure is abundance wielded with wisdom.
15,Modesty,0,past,transformer,YIELD,integrator,reception,earth,HTML,craft,0.05827,0.12919,0.11444,0.50485,0.48478,0.05827,0.12919,0.06444,0.49485,0.49478,0.0,0.0,0.05,0.01,-0.01,-4.0,-3.0,-6.0,0.75,0.0,0.0,0.0,1.4,2.7,3.1,0.0,HEX-15-PHASE-0,0.037392,0.082903,0.073437,0.323967,0.311087,understand,0.04,blast|shotgun,"Mountain over earth — modesty. Modesty is quiet strength, the mountain bowing to the valley."
15,Modesty,1,present,transformer,YIELD,integrator,reception,earth,HTML,craft,0.09827,0.22402,0.06444,0.47002,0.46771,0.05827,0.14402,0.06444,0.48002,0.45771,0.04,0.08,0.0,-0.01,0.01,-2.0,-1.0,-2.0,0.75,0.0,0.0,0.00775,2.3,1.5,5.3,0.125,HEX-15-PHASE-1,0.098269,0.224016,0.064439,0.470022,0.467712,understand,0.04,blast|shotgun,"Mountain over earth — modesty. Modesty is quiet strength, the mountain bowing to the valley."
15,Modesty,2,future,transformer,YIELD,integrator,reception,earth,HTML,craft,0.07827,0.23402,0.06444,0.48002,0.47771,0.05827,0.14402,0.06444,0.48002,0.45771,0.02,0.09,0.0,0.0,0.02,-2.0,-1.0,-2.0,0.75,0.0,0.0,0.0155,1.9,1.5,5.5,0.25,HEX-15-PHASE-2,0.050226,0.150171,0.041351,0.308036,0.306554,understand,0.04,blast|shotgun,"Mountain over earth — modesty. Modesty is quiet strength, the mountain bowing to the valley."
15,Modesty,3,transition,transformer,YIELD,integrator,reception,earth,HTML,craft,0.14533,0.17919,0.08444,0.41555,0.42806,0.09533,0.12919,0.06444,0.43555,0.42806,0.05,0.05,0.02,-0.02,0.0,0.0,1.0,2.0,0.75,0.0,0.0,0.02325,3.4,2.0,4.2,0.375,HEX-15-PHASE-3,0.024645,0.030386,0.014319,0.070466,0.072589,understand,0.04,blast|shotgun,"Mountain over earth — modesty. Modesty is quiet strength, the mountain bowing to the valley."
15,Modesty,4,resolution,transformer,YIELD,integrator,reception,earth,HTML,craft,0.05051,0.15367,0.04444,0.50778,0.46547,0.08051,0.17367,0.06444,0.45778,0.43547,-0.03,-0.02,-0.02,0.05,0.03,-4.0,-1.0,-2.0,0.75,0.0,0.0,0.031,1.2,1.1,3.6,0.5,HEX-15-PHASE-4,0.000932,0.002836,0.00082,0.00937,0.008589,understand,0.04,blast|shotgun,"Mountain over earth — modesty. Modesty is quiet strength, the mountain bowing to the valley."
15,Modesty,5,dissolution,transformer,YIELD,integrator,reception,earth,HTML,craft,0.18498,0.19884,0.15892,0.40555,0.40065,0.12498,0.15884,0.10892,0.43555,0.42065,0.06,0.04,0.05,-0.03,-0.02,-2.0,1.0,2.0,0.75,0.0,0.0,0.03875,4.4,3.8,4.7,0.625,HEX-15-PHASE-5,0.000153,0.000164,0.000131,0.000335,0.000331,understand,0.04,blast|shotgun,"Mountain over earth — modesty. Modesty is quiet strength, the mountain bowing to the valley."
15,Modesty,6,crystallization,transformer,YIELD,integrator,reception,earth,HTML,craft,0.10498,0.14884,0.05444,0.47555,0.46065,0.12498,0.15884,0.06444,0.43555,0.42065,-0.02,-0.01,-0.01,0.04,0.04,-2.0,1.0,2.0,0.75,0.0,0.0,0.0465,2.5,1.3,3.5,0.75,HEX-15-PHASE-6,2e-06,2e-06,1e-06,7e-06,7e-06,understand,0.04,blast|shotgun,"Mountain over earth — modesty. Modesty is quiet strength, the mountain bowing to the valley."
15,Modesty,7,void,transformer,YIELD,integrator,reception,earth,HTML,craft,0.15854,0.16154,0.15231,0.52229,0.50556,0.15854,0.16154,0.15231,0.52229,0.50556,0.0,0.0,0.0,0.0,0.0,0.0,3.0,6.0,0.75,0.0,0.0,0.05425,3.8,3.6,3.8,0.875,HEX-15-PHASE-7,0.0,0.0,0.0,0.0,0.0,understand,0.04,blast|shotgun,"Mountain over earth — modesty. Modesty is quiet strength, the mountain bowing to the valley."
16,Enthusiasm,0,past,dissipator,ADAPT,navigator,adaptation,thunder,Robotics,bank,0.09839,0.21124,0.09619,0.63728,0.61304,0.09839,0.21124,0.04619,0.62728,0.62304,0.0,0.0,0.05,0.01,-0.01,-4.0,-3.0,-6.0,0.75,0.0,0.0,0.0,2.3,2.3,5.0,0.0,HEX-16-PHASE-0,0.06314,0.135558,0.061724,0.408949,0.393394,understand,0.04,blast|shotgun,"Earth over thunder — enthusiasm. Enthusiasm is movement, music, the drumbeat of collective energy."
16,Enthusiasm,1,present,dissipator,ADAPT,navigator,adaptation,thunder,Robotics,bank,0.1512,0.31685,0.04619,0.59594,0.59889,0.1112,0.23685,0.04619,0.60594,0.58889,0.04,0.08,0.0,-0.01,0.01,-4.0,-1.0,-2.0,0.75,0.0,0.0,0.00775,3.6,1.1,7.5,0.125,HEX-16-PHASE-1,0.151197,0.316851,0.046187,0.595938,0.598894,understand,0.04,blast|shotgun,"Earth over thunder — enthusiasm. Enthusiasm is movement, music, the drumbeat of collective energy."
16,Enthusiasm,2,future,dissipator,ADAPT,navigator,adaptation,thunder,Robotics,bank,0.11839,0.30978,0.04619,0.61874,0.6217,0.09839,0.21978,0.04619,0.61874,0.6017,0.02,0.09,0.0,0.0,0.02,-2.0,-1.0,-2.0,0.75,0.0,0.0,0.0155,2.8,1.1,7.3,0.25,HEX-16-PHASE-2,0.075975,0.19879,0.029639,0.397054,0.398952,understand,0.04,blast|shotgun,"Earth over thunder — enthusiasm. Enthusiasm is movement, music, the drumbeat of collective energy."
16,Enthusiasm,3,transition,dissipator,ADAPT,navigator,adaptation,thunder,Robotics,bank,0.1868,0.27832,0.06619,0.57313,0.58036,0.1368,0.22832,0.04619,0.59313,0.58036,0.05,0.05,0.02,-0.02,0.0,-2.0,1.0,2.0,0.75,0.0,0.0,0.02325,4.4,1.6,6.6,0.375,HEX-16-PHASE-3,0.031678,0.047195,0.011224,0.097189,0.098415,understand,0.04,blast|shotgun,"Earth over thunder — enthusiasm. Enthusiasm is movement, music, the drumbeat of collective energy."
16,Enthusiasm,4,resolution,dissipator,ADAPT,navigator,adaptation,thunder,Robotics,bank,0.06839,0.19978,0.03472,0.66874,0.6317,0.09839,0.21978,0.05472,0.61874,0.6017,-0.03,-0.02,-0.02,0.05,0.03,-2.0,-1.0,-2.0,0.75,0.0,0.0,0.031,1.6,0.8,4.7,0.5,HEX-16-PHASE-4,0.001262,0.003687,0.000641,0.01234,0.011657,understand,0.04,blast|shotgun,"Earth over thunder — enthusiasm. Enthusiasm is movement, music, the drumbeat of collective energy."
16,Enthusiasm,5,dissolution,dissipator,ADAPT,navigator,adaptation,thunder,Robotics,bank,0.1968,0.26832,0.12179,0.56313,0.56036,0.1368,0.22832,0.07179,0.59313,0.58036,0.06,0.04,0.05,-0.03,-0.02,-2.0,1.0,2.0,0.75,0.0,0.0,0.03875,4.7,2.9,6.4,0.625,HEX-16-PHASE-5,0.000163,0.000222,0.000101,0.000466,0.000463,understand,0.04,blast|shotgun,"Earth over thunder — enthusiasm. Enthusiasm is movement, music, the drumbeat of collective energy."
16,Enthusiasm,6,crystallization,dissipator,ADAPT,navigator,adaptation,thunder,Robotics,bank,0.09973,0.20124,0.03619,0.63313,0.62463,0.11973,0.21124,0.04619,0.59313,0.58463,-0.02,-0.01,-0.01,0.04,0.04,0.0,1.0,2.0,0.75,0.0,0.0,0.0465,2.4,0.9,4.8,0.75,HEX-16-PHASE-6,2e-06,3e-06,1e-06,1e-05,1e-05,understand,0.04,blast|shotgun,"Earth over thunder — enthusiasm. Enthusiasm is movement, music, the drumbeat of collective energy."
16,Enthusiasm,7,void,dissipator,ADAPT,navigator,adaptation,thunder,Robotics,bank,0.14179,0.23932,0.08069,0.68289,0.6619,0.14179,0.23932,0.08069,0.68289,0.6619,0.0,0.0,0.0,0.0,0.0,0.0,3.0,6.0,0.75,0.0,0.0,0.05425,3.4,1.9,5.7,0.875,HEX-16-PHASE-7,0.0,0.0,0.0,0.0,0.0,understand,0.04,blast|shotgun,"Earth over thunder — enthusiasm. Enthusiasm is movement, music, the drumbeat of collective energy."
17,Following,0,past,transformer,YIELD,integrator,reception,thunder,Game Dev,equip,0.10744,0.19523,0.12031,0.60949,0.59214,0.10744,0.19523,0.07031,0.59949,0.60214,0.0,0.0,0.05,0.01,-0.01,0.0,-3.0,-6.0,0.75,0.0,0.0,0.0,2.5,2.9,4.6,0.0,HEX-17-PHASE-0,0.068947,0.125282,0.077205,0.391116,0.379985,understand,0.04,blast|shotgun,"Lake over thunder — following. Following is adaptation, riding the wave, knowing when to lead and when to follow."
17,Following,1,present,transformer,YIELD,integrator,reception,thunder,Game Dev,equip,0.14744,0.31027,0.04403,0.5194,0.53622,0.10744,0.23027,0.04403,0.5294,0.52622,0.04,0.08,0.0,-0.01,0.01,-2.0,-1.0,-2.0,0.75,0.0,0.0,0.00775,3.5,1.0,7.4,0.125,HEX-17-PHASE-1,0.147443,0.310273,0.04403,0.519404,0.536218,understand,0.04,blast|shotgun,"Lake over thunder — following. Following is adaptation, riding the wave, knowing when to lead and when to follow."
17,Following,2,future,transformer,YIELD,integrator,reception,thunder,Game Dev,equip,0.12744,0.29691,0.04403,0.54692,0.56374,0.10744,0.20691,0.04403,0.54692,0.54374,0.02,0.09,0.0,0.0,0.02,0.0,-1.0,-2.0,0.75,0.0,0.0,0.0155,3.0,1.0,7.0,0.25,HEX-17-PHASE-2,0.081782,0.190532,0.028255,0.350969,0.361759,understand,0.04,blast|shotgun,"Lake over thunder — following. Following is adaptation, riding the wave, knowing when to lead and when to follow."
17,Following,3,transition,transformer,YIELD,integrator,reception,thunder,Game Dev,equip,0.21001,0.29195,0.06403,0.47436,0.49702,0.16001,0.24195,0.04403,0.49436,0.49702,0.05,0.05,0.02,-0.02,0.0,-2.0,1.0,2.0,0.75,0.0,0.0,0.02325,5.0,1.5,6.9,0.375,HEX-17-PHASE-3,0.035612,0.049508,0.010858,0.08044,0.084282,understand,0.04,blast|shotgun,"Lake over thunder — following. Following is adaptation, riding the wave, knowing when to lead and when to follow."
17,Following,4,resolution,transformer,YIELD,integrator,reception,thunder,Game Dev,equip,0.07744,0.16355,0.05907,0.61445,0.59126,0.10744,0.18355,0.07907,0.56445,0.56126,-0.03,-0.02,-0.02,0.05,0.03,2.0,-1.0,-2.0,0.75,0.0,0.0,0.031,1.8,1.4,3.9,0.5,HEX-17-PHASE-4,0.001429,0.003018,0.00109,0.011338,0.010911,understand,0.04,blast|shotgun,"Lake over thunder — following. Following is adaptation, riding the wave, knowing when to lead and when to follow."
17,Following,5,dissolution,transformer,YIELD,integrator,reception,thunder,Game Dev,equip,0.19664,0.25859,0.14075,0.46436,0.48286,0.13664,0.21859,0.09075,0.49436,0.50286,0.06,0.04,0.05,-0.03,-0.02,0.0,1.0,2.0,0.75,0.0,0.0,0.03875,4.7,3.3,6.1,0.625,HEX-17-PHASE-5,0.000163,0.000214,0.000116,0.000384,0.000399,understand,0.04,blast|shotgun,"Lake over thunder — following. Following is adaptation, riding the wave, knowing when to lead and when to follow."
17,Following,6,crystallization,transformer,YIELD,integrator,reception,thunder,Game Dev,equip,0.14001,0.18523,0.04571,0.55188,0.56038,0.16001,0.19523,0.05571,0.51188,0.52038,-0.02,-0.01,-0.01,0.04,0.04,2.0,1.0,2.0,0.75,0.0,0.0,0.0465,3.3,1.1,4.4,0.75,HEX-17-PHASE-6,2e-06,3e-06,1e-06,8e-06,9e-06,understand,0.04,blast|shotgun,"Lake over thunder — following. Following is adaptation, riding the wave, knowing when to lead and when to follow."
17,Following,7,void,transformer,YIELD,integrator,reception,thunder,Game Dev,equip,0.17119,0.24173,0.0974,0.58655,0.57904,0.17119,0.24173,0.0974,0.58655,0.57904,0.0,0.0,0.0,0.0,0.0,0.0,3.0,6.0,0.75,0.0,0.0,0.05425,4.1,2.3,5.7,0.875,HEX-17-PHASE-7,0.0,0.0,0.0,0.0,0.0,understand,0.04,blast|shotgun,"Lake over thunder — following. Following is adaptation, riding the wave, knowing when to lead and when to follow."
18,Work on Decayed,0,past,dissipator,ADAPT,navigator,adaptation,wind,Analytics,cast,0.08742,0.20405,0.12198,0.67864,0.64257,0.08742,0.20405,0.07198,0.66864,0.65257,0.0,0.0,0.05,0.01,-0.01,0.0,-3.0,-6.0,0.75,0.0,0.0,0.0,2.1,2.9,4.8,0.0,HEX-18-PHASE-0,0.056098,0.130941,0.078274,0.435492,0.412347,understand,0.04,blast|shotgun,"Mountain over wind — decay and repair. Work on Decayed is confronting rot, clearing the old to make way."
18,Work on Decayed,1,present,dissipator,ADAPT,navigator,adaptation,wind,Analytics,cast,0.12742,0.27551,0.06131,0.63303,0.6327,0.08742,0.19551,0.06131,0.64303,0.6227,0.04,0.08,0.0,-0.01,0.01,2.0,-1.0,-2.0,0.75,0.0,0.0,0.00775,3.0,1.5,6.5,0.125,HEX-18-PHASE-1,0.127419,0.275513,0.061307,0.633032,0.632696,understand,0.04,blast|shotgun,"Mountain over wind — decay and repair. Work on Decayed is confronting rot, clearing the old to make way."
18,Work on Decayed,2,future,dissipator,ADAPT,navigator,adaptation,wind,Analytics,cast,0.10742,0.30259,0.05277,0.63023,0.62989,0.08742,0.21259,0.05277,0.63023,0.60989,0.02,0.09,0.0,0.0,0.02,0.0,-1.0,-2.0,0.75,0.0,0.0,0.0155,2.5,1.3,7.2,0.25,HEX-18-PHASE-2,0.068932,0.194173,0.033864,0.404426,0.40421,understand,0.04,blast|shotgun,"Mountain over wind — decay and repair. Work on Decayed is confronting rot, clearing the old to make way."
18,Work on Decayed,3,transition,dissipator,ADAPT,navigator,adaptation,wind,Analytics,cast,0.17583,0.25405,0.08131,0.58462,0.59282,0.12583,0.20405,0.06131,0.60462,0.59282,0.05,0.05,0.02,-0.02,0.0,2.0,1.0,2.0,0.75,0.0,0.0,0.02325,4.2,1.9,6.0,0.375,HEX-18-PHASE-3,0.029816,0.043081,0.013788,0.099137,0.100528,understand,0.04,blast|shotgun,"Mountain over wind — decay and repair. Work on Decayed is confronting rot, clearing the old to make way."
18,Work on Decayed,4,resolution,dissipator,ADAPT,navigator,adaptation,wind,Analytics,cast,0.05742,0.20966,0.04131,0.66742,0.62709,0.08742,0.22966,0.06131,0.61742,0.59709,-0.03,-0.02,-0.02,0.05,0.03,-2.0,-1.0,-2.0,0.75,0.0,0.0,0.031,1.4,1.0,5.0,0.5,HEX-18-PHASE-4,0.00106,0.003869,0.000762,0.012316,0.011572,understand,0.04,blast|shotgun,"Mountain over wind — decay and repair. Work on Decayed is confronting rot, clearing the old to make way."
18,Work on Decayed,5,dissolution,dissipator,ADAPT,navigator,adaptation,wind,Analytics,cast,0.16876,0.26112,0.13691,0.56182,0.56002,0.10876,0.22112,0.08691,0.59182,0.58002,0.06,0.04,0.05,-0.03,-0.02,0.0,1.0,2.0,0.75,0.0,0.0,0.03875,4.0,3.2,6.2,0.625,HEX-18-PHASE-5,0.00014,0.000216,0.000113,0.000465,0.000463,understand,0.04,blast|shotgun,"Mountain over wind — decay and repair. Work on Decayed is confronting rot, clearing the old to make way."
18,Work on Decayed,6,crystallization,dissipator,ADAPT,navigator,adaptation,wind,Analytics,cast,0.10583,0.22819,0.04277,0.63182,0.61575,0.12583,0.23819,0.05277,0.59182,0.57575,-0.02,-0.01,-0.01,0.04,0.04,-2.0,1.0,2.0,0.75,0.0,0.0,0.0465,2.5,1.0,5.4,0.75,HEX-18-PHASE-6,2e-06,3e-06,1e-06,1e-05,9e-06,understand,0.04,blast|shotgun,"Mountain over wind — decay and repair. Work on Decayed is confronting rot, clearing the old to make way."
18,Work on Decayed,7,void,dissipator,ADAPT,navigator,adaptation,wind,Analytics,cast,0.13486,0.24556,0.08485,0.68206,0.65899,0.13486,0.24556,0.08485,0.68206,0.65899,0.0,0.0,0.0,0.0,0.0,0.0,3.0,6.0,0.75,0.0,0.0,0.05425,3.2,2.0,5.8,0.875,HEX-18-PHASE-7,0.0,0.0,0.0,0.0,0.0,understand,0.04,blast|shotgun,"Mountain over wind — decay and repair. Work on Decayed is confronting rot, clearing the old to make way."
19,Approach,0,past,transformer,YIELD,integrator,reception,earth,Blueprinting,dialogue,0.07591,0.18438,0.09537,0.59831,0.56878,0.07591,0.18438,0.04537,0.58831,0.57878,0.0,0.0,0.05,0.01,-0.01,-2.0,-3.0,-6.0,0.75,0.0,0.0,0.0,1.8,2.3,4.4,0.0,HEX-19-PHASE-0,0.048709,0.118322,0.061197,0.383942,0.364994,understand,0.04,blast|shotgun,"Lake over earth — approach. Approach is the season turning, the leader descending to meet the people."
19,Approach,1,present,transformer,YIELD,integrator,reception,earth,Blueprinting,dialogue,0.11591,0.28775,0.03952,0.53743,0.53622,0.07591,0.20775,0.03952,0.54743,0.52622,0.04,0.08,0.0,-0.01,0.01,-2.0,-1.0,-2.0,0.75,0.0,0.0,0.00775,2.7,0.9,6.8,0.125,HEX-19-PHASE-1,0.115905,0.287746,0.039525,0.537425,0.536218,understand,0.04,blast|shotgun,"Lake over earth — approach. Approach is the season turning, the leader descending to meet the people."
19,Approach,2,future,transformer,YIELD,integrator,reception,earth,Blueprinting,dialogue,0.09591,0.29775,0.03952,0.54743,0.54622,0.07591,0.20775,0.03952,0.54743,0.52622,0.02,0.09,0.0,0.0,0.02,-2.0,-1.0,-2.0,0.75,0.0,0.0,0.0155,2.3,0.9,7.1,0.25,HEX-19-PHASE-2,0.061544,0.191067,0.025364,0.35129,0.350515,understand,0.04,blast|shotgun,"Lake over earth — approach. Approach is the season turning, the leader descending to meet the people."
19,Approach,3,transition,transformer,YIELD,integrator,reception,earth,Blueprinting,dialogue,0.17847,0.26943,0.05952,0.49238,0.49702,0.12847,0.21943,0.03952,0.51238,0.49702,0.05,0.05,0.02,-0.02,0.0,-2.0,1.0,2.0,0.75,0.0,0.0,0.02325,4.2,1.4,6.4,0.375,HEX-19-PHASE-3,0.030264,0.045688,0.010094,0.083496,0.084282,understand,0.04,blast|shotgun,"Lake over earth — approach. Approach is the season turning, the leader descending to meet the people."
19,Approach,4,resolution,transformer,YIELD,integrator,reception,earth,Blueprinting,dialogue,0.04591,0.16438,0.04289,0.61495,0.57374,0.07591,0.18438,0.06289,0.56495,0.54374,-0.03,-0.02,-0.02,0.05,0.03,0.0,-1.0,-2.0,0.75,0.0,0.0,0.031,1.1,1.0,3.9,0.5,HEX-19-PHASE-4,0.000847,0.003033,0.000791,0.011348,0.010587,understand,0.04,blast|shotgun,"Lake over earth — approach. Approach is the season turning, the leader descending to meet the people."
19,Approach,5,dissolution,transformer,YIELD,integrator,reception,earth,Blueprinting,dialogue,0.16511,0.23607,0.13625,0.48238,0.48286,0.10511,0.19607,0.08625,0.51238,0.50286,0.06,0.04,0.05,-0.03,-0.02,0.0,1.0,2.0,0.75,0.0,0.0,0.03875,3.9,3.2,5.6,0.625,HEX-19-PHASE-5,0.000137,0.000195,0.000113,0.000399,0.000399,understand,0.04,blast|shotgun,"Lake over earth — approach. Approach is the season turning, the leader descending to meet the people."
19,Approach,6,crystallization,transformer,YIELD,integrator,reception,earth,Blueprinting,dialogue,0.08511,0.18607,0.02952,0.55238,0.54286,0.10511,0.19607,0.03952,0.51238,0.50286,-0.02,-0.01,-0.01,0.04,0.04,0.0,1.0,2.0,0.75,0.0,0.0,0.0465,2.0,0.7,4.4,0.75,HEX-19-PHASE-6,1e-06,3e-06,0.0,8e-06,8e-06,understand,0.04,blast|shotgun,"Lake over earth — approach. Approach is the season turning, the leader descending to meet the people."
19,Approach,7,void,transformer,YIELD,integrator,reception,earth,Blueprinting,dialogue,0.14815,0.22527,0.09411,0.59972,0.57904,0.14815,0.22527,0.09411,0.59972,0.57904,0.0,0.0,0.0,0.0,0.0,0.0,3.0,6.0,0.75,0.0,0.0,0.05425,3.5,2.2,5.3,0.875,HEX-19-PHASE-7,0.0,0.0,0.0,0.0,0.0,understand,0.04,blast|shotgun,"Lake over earth — approach. Approach is the season turning, the leader descending to meet the people."
20,Contemplation,0,past,boundary,WAIT,guardian,patience,wind,Scribe,forensics,0.06959,0.1682,0.09929,0.51998,0.50305,0.06959,0.1682,0.04929,0.50998,0.51305,0.0,0.0,0.05,0.01,-0.01,-2.0,-3.0,-6.0,0.75,0.0,0.0,0.0,1.7,2.4,4.0,0.0,HEX-20-PHASE-0,0.044657,0.107935,0.063713,0.333676,0.322815,understand,0.04,blast|shotgun,"Earth over wind — contemplation. Contemplation is watching, waiting, seeing the pattern before acting."
20,Contemplation,1,present,boundary,WAIT,guardian,patience,wind,Scribe,forensics,0.10959,0.2482,0.04187,0.47033,0.47858,0.06959,0.1682,0.04187,0.48033,0.46858,0.04,0.08,0.0,-0.01,0.01,0.0,-1.0,-2.0,0.75,0.0,0.0,0.00775,2.6,1.0,5.9,0.125,HEX-20-PHASE-1,0.10959,0.248199,0.041874,0.470326,0.478575,understand,0.04,blast|shotgun,"Earth over wind — contemplation. Contemplation is watching, waiting, seeing the pattern before acting."
20,Contemplation,2,future,boundary,WAIT,guardian,patience,wind,Scribe,forensics,0.08959,0.28785,0.04187,0.45809,0.46634,0.06959,0.19785,0.04187,0.45809,0.44634,0.02,0.09,0.0,0.0,0.02,-2.0,-1.0,-2.0,0.75,0.0,0.0,0.0155,2.1,1.0,6.8,0.25,HEX-20-PHASE-2,0.057491,0.184717,0.026871,0.293961,0.299255,understand,0.04,blast|shotgun,"Earth over wind — contemplation. Contemplation is watching, waiting, seeing the pattern before acting."
20,Contemplation,3,transition,boundary,WAIT,guardian,patience,wind,Scribe,forensics,0.15665,0.23302,0.06187,0.39361,0.41669,0.10665,0.18302,0.04187,0.41361,0.41669,0.05,0.05,0.02,-0.02,0.0,0.0,1.0,2.0,0.75,0.0,0.0,0.02325,3.7,1.5,5.5,0.375,HEX-20-PHASE-3,0.026565,0.039515,0.010492,0.066747,0.07066,understand,0.04,blast|shotgun,"Earth over wind — contemplation. Contemplation is watching, waiting, seeing the pattern before acting."
20,Contemplation,4,resolution,boundary,WAIT,guardian,patience,wind,Scribe,forensics,0.03959,0.17785,0.0367,0.50809,0.47634,0.06959,0.19785,0.0567,0.45809,0.44634,-0.03,-0.02,-0.02,0.05,0.03,-2.0,-1.0,-2.0,0.75,0.0,0.0,0.031,0.9,0.9,4.2,0.5,HEX-20-PHASE-4,0.000731,0.003282,0.000677,0.009376,0.00879,understand,0.04,blast|shotgun,"Earth over wind — contemplation. Contemplation is watching, waiting, seeing the pattern before acting."
20,Contemplation,5,dissolution,boundary,WAIT,guardian,patience,wind,Scribe,forensics,0.16665,0.22302,0.15118,0.38361,0.39669,0.10665,0.18302,0.10118,0.41361,0.41669,0.06,0.04,0.05,-0.03,-0.02,0.0,1.0,2.0,0.75,0.0,0.0,0.03875,4.0,3.6,5.3,0.625,HEX-20-PHASE-5,0.000138,0.000184,0.000125,0.000317,0.000328,understand,0.04,blast|shotgun,"Earth over wind — contemplation. Contemplation is watching, waiting, seeing the pattern before acting."
20,Contemplation,6,crystallization,boundary,WAIT,guardian,patience,wind,Scribe,forensics,0.1163,0.20267,0.03187,0.45361,0.44927,0.1363,0.21267,0.04187,0.41361,0.40927,-0.02,-0.01,-0.01,0.04,0.04,-2.0,1.0,2.0,0.75,0.0,0.0,0.0465,2.8,0.8,4.8,0.75,HEX-20-PHASE-6,2e-06,3e-06,0.0,7e-06,7e-06,understand,0.04,blast|shotgun,"Earth over wind — contemplation. Contemplation is watching, waiting, seeing the pattern before acting."
20,Contemplation,7,void,boundary,WAIT,guardian,patience,wind,Scribe,forensics,0.16501,0.21375,0.11411,0.50337,0.49251,0.16501,0.21375,0.11411,0.50337,0.49251,0.0,0.0,0.0,0.0,0.0,0.0,3.0,6.0,0.75,0.0,0.0,0.05425,3.9,2.7,5.1,0.875,HEX-20-PHASE-7,0.0,0.0,0.0,0.0,0.0,understand,0.04,blast|shotgun,"Earth over wind — contemplation. Contemplation is watching, waiting, seeing the pattern before acting."
21,Biting Through,0,past,transformer,ASSERT,integrator,assertion,thunder,Security Red-Team,attack,0.10552,0.22869,0.11186,0.73864,0.70125,0.10552,0.22869,0.06186,0.72864,0.71125,0.0,0.0,0.05,0.01,-0.01,0.0,-3.0,-6.0,0.75,0.0,0.0,0.0,2.5,2.7,5.4,0.0,HEX-21-PHASE-0,0.067712,0.146756,0.071781,0.473996,0.450001,understand,0.04,blast|shotgun,"Fire over thunder — biting through. Biting Through is decisive action, cutting through obstruction with force."
21,Biting Through,1,present,transformer,ASSERT,integrator,assertion,thunder,Security Red-Team,attack,0.14552,0.32487,0.04973,0.6863,0.68621,0.10552,0.24487,0.04973,0.6963,0.67621,0.04,0.08,0.0,-0.01,0.01,-2.0,-1.0,-2.0,0.75,0.0,0.0,0.00775,3.5,1.2,7.7,0.125,HEX-21-PHASE-1,0.145517,0.324867,0.049729,0.686295,0.686208,understand,0.04,blast|shotgun,"Fire over thunder — biting through. Biting Through is decisive action, cutting through obstruction with force."
21,Biting Through,2,future,transformer,ASSERT,integrator,assertion,thunder,Security Red-Team,attack,0.12552,0.3133,0.05512,0.71247,0.71238,0.10552,0.2233,0.05512,0.71247,0.69238,0.02,0.09,0.0,0.0,0.02,2.0,-1.0,-2.0,0.75,0.0,0.0,0.0155,3.0,1.3,7.4,0.25,HEX-21-PHASE-2,0.080546,0.201051,0.035371,0.4572,0.457144,understand,0.04,blast|shotgun,"Fire over thunder — biting through. Biting Through is decisive action, cutting through obstruction with force."
21,Biting Through,3,transition,transformer,ASSERT,integrator,assertion,thunder,Security Red-Team,attack,0.16899,0.28948,0.06973,0.66012,0.66543,0.11899,0.23948,0.04973,0.68012,0.66543,0.05,0.05,0.02,-0.02,0.0,0.0,1.0,2.0,0.75,0.0,0.0,0.02325,4.0,1.7,6.9,0.375,HEX-21-PHASE-3,0.028657,0.049088,0.011824,0.111941,0.11284,understand,0.04,blast|shotgun,"Fire over thunder — biting through. Biting Through is decisive action, cutting through obstruction with force."
21,Biting Through,4,resolution,transformer,ASSERT,integrator,assertion,thunder,Security Red-Team,attack,0.07552,0.21409,0.04051,0.75438,0.71429,0.10552,0.23409,0.06051,0.70438,0.68429,-0.03,-0.02,-0.02,0.05,0.03,0.0,-1.0,-2.0,0.75,0.0,0.0,0.031,1.8,1.0,5.1,0.5,HEX-21-PHASE-4,0.001394,0.003951,0.000748,0.013921,0.013181,understand,0.04,blast|shotgun,"Fire over thunder — biting through. Biting Through is decisive action, cutting through obstruction with force."
21,Biting Through,5,dissolution,transformer,ASSERT,integrator,assertion,thunder,Security Red-Team,attack,0.18978,0.29026,0.1159,0.65012,0.64273,0.12978,0.25026,0.0659,0.68012,0.66273,0.06,0.04,0.05,-0.03,-0.02,-2.0,1.0,2.0,0.75,0.0,0.0,0.03875,4.5,2.7,6.9,0.625,HEX-21-PHASE-5,0.000157,0.00024,9.6e-05,0.000538,0.000531,understand,0.04,blast|shotgun,"Fire over thunder — biting through. Biting Through is decisive action, cutting through obstruction with force."
21,Biting Through,6,crystallization,transformer,ASSERT,integrator,assertion,thunder,Security Red-Team,attack,0.10978,0.21869,0.04512,0.72821,0.71351,0.12978,0.22869,0.05512,0.68821,0.67351,-0.02,-0.01,-0.01,0.04,0.04,2.0,1.0,2.0,0.75,0.0,0.0,0.0465,2.6,1.1,5.2,0.75,HEX-21-PHASE-6,2e-06,3e-06,1e-06,1.1e-05,1.1e-05,understand,0.04,blast|shotgun,"Fire over thunder — biting through. Biting Through is decisive action, cutting through obstruction with force."
21,Biting Through,7,void,transformer,ASSERT,integrator,assertion,thunder,Security Red-Team,attack,0.14595,0.24487,0.08208,0.68012,0.66273,0.14595,0.24487,0.08208,0.68012,0.66273,0.0,0.0,0.0,0.0,0.0,0.0,3.0,6.0,0.75,0.0,0.0,0.05425,3.5,1.9,5.8,0.875,HEX-21-PHASE-7,0.0,0.0,0.0,0.0,0.0,understand,0.04,blast|shotgun,"Fire over thunder — biting through. Biting Through is decisive action, cutting through obstruction with force."
22,Grace,0,past,boundary,WAIT,guardian,patience,fire,Database/Storage,interact,0.08041,0.16069,0.12932,0.62571,0.59665,0.08041,0.16069,0.07932,0.61571,0.60665,0.0,0.0,0.05,0.01,-0.01,0.0,-3.0,-6.0,0.75,0.0,0.0,0.0,1.9,3.1,3.8,0.0,HEX-22-PHASE-0,0.0516,0.103117,0.082988,0.401524,0.382877,understand,0.04,blast|shotgun,"Mountain over fire — grace. Grace is beauty, ornament, the form that carries the essence."
22,Grace,1,present,boundary,WAIT,guardian,patience,fire,Database/Storage,interact,0.12041,0.25237,0.05304,0.55314,0.55824,0.08041,0.17237,0.05304,0.56314,0.54824,0.04,0.08,0.0,-0.01,0.01,0.0,-1.0,-2.0,0.75,0.0,0.0,0.00775,2.9,1.3,6.0,0.125,HEX-22-PHASE-1,0.12041,0.25237,0.053041,0.553144,0.558245,understand,0.04,blast|shotgun,"Mountain over fire — grace. Grace is beauty, ornament, the form that carries the essence."
22,Grace,2,future,boundary,WAIT,guardian,patience,fire,Database/Storage,interact,0.10041,0.23901,0.06472,0.58067,0.58577,0.08041,0.14901,0.06472,0.58067,0.56577,0.02,0.09,0.0,0.0,0.02,2.0,-1.0,-2.0,0.75,0.0,0.0,0.0155,2.4,1.5,5.7,0.25,HEX-22-PHASE-2,0.064435,0.153375,0.041533,0.37262,0.375893,understand,0.04,blast|shotgun,"Mountain over fire — grace. Grace is beauty, ornament, the form that carries the essence."
22,Grace,3,transition,boundary,WAIT,guardian,patience,fire,Database/Storage,interact,0.18297,0.21069,0.08472,0.5081,0.52488,0.13297,0.16069,0.06472,0.5281,0.52488,0.05,0.05,0.02,-0.02,0.0,2.0,1.0,2.0,0.75,0.0,0.0,0.02325,4.3,2.0,5.0,0.375,HEX-22-PHASE-3,0.031028,0.035728,0.014367,0.086162,0.089007,understand,0.04,blast|shotgun,"Mountain over fire — grace. Grace is beauty, ornament, the form that carries the essence."
22,Grace,4,resolution,boundary,WAIT,guardian,patience,fire,Database/Storage,interact,0.05041,0.17573,0.04472,0.59562,0.56072,0.08041,0.19573,0.06472,0.54562,0.53072,-0.03,-0.02,-0.02,0.05,0.03,-2.0,-1.0,-2.0,0.75,0.0,0.0,0.031,1.2,1.1,4.2,0.5,HEX-22-PHASE-4,0.00093,0.003243,0.000825,0.010991,0.010347,understand,0.04,blast|shotgun,"Mountain over fire — grace. Grace is beauty, ornament, the form that carries the essence."
22,Grace,5,dissolution,boundary,WAIT,guardian,patience,fire,Database/Storage,interact,0.19297,0.24741,0.13808,0.48058,0.48152,0.13297,0.20741,0.08808,0.51058,0.50152,0.06,0.04,0.05,-0.03,-0.02,-2.0,1.0,2.0,0.75,0.0,0.0,0.03875,4.6,3.3,5.9,0.625,HEX-22-PHASE-5,0.00016,0.000205,0.000114,0.000397,0.000398,understand,0.04,blast|shotgun,"Mountain over fire — grace. Grace is beauty, ornament, the form that carries the essence."
22,Grace,6,crystallization,boundary,WAIT,guardian,patience,fire,Database/Storage,interact,0.08961,0.17405,0.04304,0.55058,0.54736,0.10961,0.18405,0.05304,0.51058,0.50736,-0.02,-0.01,-0.01,0.04,0.04,0.0,1.0,2.0,0.75,0.0,0.0,0.0465,2.1,1.0,4.1,0.75,HEX-22-PHASE-6,1e-06,3e-06,1e-06,8e-06,8e-06,understand,0.04,blast|shotgun,"Mountain over fire — grace. Grace is beauty, ornament, the form that carries the essence."
22,Grace,7,void,boundary,WAIT,guardian,patience,fire,Database/Storage,interact,0.15144,0.21649,0.10399,0.5984,0.58233,0.15144,0.21649,0.10399,0.5984,0.58233,0.0,0.0,0.0,0.0,0.0,0.0,3.0,6.0,0.75,0.0,0.0,0.05425,3.6,2.5,5.1,0.875,HEX-22-PHASE-7,0.0,0.0,0.0,0.0,0.0,understand,0.04,blast|shotgun,"Mountain over fire — grace. Grace is beauty, ornament, the form that carries the essence."
23,Splitting Apart,0,past,dissipator,WAIT,navigator,patience,earth,Async/Networking,traverse,0.08819,0.22353,0.10042,0.72194,0.67885,0.08819,0.22353,0.05042,0.71194,0.68885,0.0,0.0,0.05,0.01,-0.01,-4.0,-3.0,-6.0,0.75,0.0,0.0,0.0,2.1,2.4,5.3,0.0,HEX-23-PHASE-0,0.056592,0.143445,0.064442,0.463281,0.435629,understand,0.04,blast|shotgun,"Mountain over earth — splitting apart. Splitting Apart is collapse, the structure giving way, darkness rising."
23,Splitting Apart,1,present,dissipator,WAIT,navigator,patience,earth,Async/Networking,traverse,0.12819,0.30893,0.05042,0.69655,0.68538,0.08819,0.22893,0.05042,0.70655,0.67538,0.04,0.08,0.0,-0.01,0.01,-2.0,-1.0,-2.0,0.75,0.0,0.0,0.00775,3.0,1.2,7.3,0.125,HEX-23-PHASE-1,0.128189,0.308925,0.050422,0.696554,0.685376,understand,0.04,blast|shotgun,"Mountain over earth — splitting apart. Splitting Apart is collapse, the structure giving way, darkness rising."
23,Splitting Apart,2,future,dissipator,WAIT,navigator,patience,earth,Async/Networking,traverse,0.10819,0.31893,0.05042,0.70655,0.69538,0.08819,0.22893,0.05042,0.70655,0.67538,0.02,0.09,0.0,0.0,0.02,-2.0,-1.0,-2.0,0.75,0.0,0.0,0.0155,2.6,1.2,7.6,0.25,HEX-23-PHASE-2,0.069426,0.204658,0.032357,0.453405,0.446232,understand,0.04,blast|shotgun,"Mountain over earth — splitting apart. Splitting Apart is collapse, the structure giving way, darkness rising."
23,Splitting Apart,3,transition,dissipator,WAIT,navigator,patience,earth,Async/Networking,traverse,0.15167,0.27353,0.07042,0.67038,0.66459,0.10167,0.22353,0.05042,0.69038,0.66459,0.05,0.05,0.02,-0.02,0.0,0.0,1.0,2.0,0.75,0.0,0.0,0.02325,3.6,1.7,6.5,0.375,HEX-23-PHASE-3,0.025719,0.046385,0.011942,0.11368,0.112699,understand,0.04,blast|shotgun,"Mountain over earth — splitting apart. Splitting Apart is collapse, the structure giving way, darkness rising."
23,Splitting Apart,4,resolution,dissipator,WAIT,navigator,patience,earth,Async/Networking,traverse,0.06628,0.21971,0.03042,0.74847,0.69729,0.09628,0.23971,0.05042,0.69847,0.66729,-0.03,-0.02,-0.02,0.05,0.03,-4.0,-1.0,-2.0,0.75,0.0,0.0,0.031,1.6,0.7,5.2,0.5,HEX-23-PHASE-4,0.001223,0.004054,0.000561,0.013811,0.012867,understand,0.04,blast|shotgun,"Mountain over earth — splitting apart. Splitting Apart is collapse, the structure giving way, darkness rising."
23,Splitting Apart,5,dissolution,dissipator,WAIT,navigator,patience,earth,Async/Networking,traverse,0.17245,0.27432,0.1166,0.66038,0.6419,0.11245,0.23432,0.0666,0.69038,0.6619,0.06,0.04,0.05,-0.03,-0.02,-2.0,1.0,2.0,0.75,0.0,0.0,0.03875,4.1,2.8,6.5,0.625,HEX-23-PHASE-5,0.000143,0.000227,9.6e-05,0.000546,0.000531,understand,0.04,blast|shotgun,"Mountain over earth — splitting apart. Splitting Apart is collapse, the structure giving way, darkness rising."
23,Splitting Apart,6,crystallization,dissipator,WAIT,navigator,patience,earth,Async/Networking,traverse,0.09245,0.22432,0.04042,0.73038,0.7019,0.11245,0.23432,0.05042,0.69038,0.6619,-0.02,-0.01,-0.01,0.04,0.04,-2.0,1.0,2.0,0.75,0.0,0.0,0.0465,2.2,1.0,5.3,0.75,HEX-23-PHASE-6,1e-06,3e-06,1e-06,1.1e-05,1.1e-05,understand,0.04,blast|shotgun,"Mountain over earth — splitting apart. Splitting Apart is collapse, the structure giving way, darkness rising."
23,Splitting Apart,7,void,dissipator,WAIT,navigator,patience,earth,Async/Networking,traverse,0.12862,0.22893,0.08277,0.69038,0.6619,0.12862,0.22893,0.08277,0.69038,0.6619,0.0,0.0,0.0,0.0,0.0,0.0,3.0,6.0,0.75,0.0,0.0,0.05425,3.1,2.0,5.4,0.875,HEX-23-PHASE-7,0.0,0.0,0.0,0.0,0.0,understand,0.04,blast|shotgun,"Mountain over earth — splitting apart. Splitting Apart is collapse, the structure giving way, darkness rising."
24,Return,0,past,transformer,YIELD,integrator,reception,thunder,DevOps/CI-CD,harvest,0.09947,0.17238,0.12772,0.56279,0.55396,0.09947,0.17238,0.07772,0.55279,0.56396,0.0,0.0,0.05,0.01,-0.01,-4.0,-3.0,-6.0,0.75,0.0,0.0,0.0,2.4,3.0,4.1,0.0,HEX-24-PHASE-0,0.063832,0.110621,0.081962,0.36115,0.355484,understand,0.04,blast|shotgun,"Earth over thunder — return. Return is the turning point, the first light after darkness, hope renewed."
24,Return,1,present,transformer,YIELD,integrator,reception,thunder,DevOps/CI-CD,harvest,0.15699,0.28743,0.07772,0.51359,0.52724,0.11699,0.20743,0.07772,0.52359,0.51724,0.04,0.08,0.0,-0.01,0.01,-4.0,-1.0,-2.0,0.75,0.0,0.0,0.00775,3.7,1.8,6.8,0.125,HEX-24-PHASE-1,0.156993,0.287425,0.077724,0.513589,0.527238,understand,0.04,blast|shotgun,"Earth over thunder — return. Return is the turning point, the first light after darkness, hope renewed."
24,Return,2,future,transformer,YIELD,integrator,reception,thunder,DevOps/CI-CD,harvest,0.11947,0.27406,0.07772,0.54111,0.55476,0.09947,0.18406,0.07772,0.54111,0.53476,0.02,0.09,0.0,0.0,0.02,-2.0,-1.0,-2.0,0.75,0.0,0.0,0.0155,2.8,1.8,6.5,0.25,HEX-24-PHASE-2,0.076667,0.17587,0.049877,0.347237,0.355996,understand,0.04,blast|shotgun,"Earth over thunder — return. Return is the turning point, the first light after darkness, hope renewed."
24,Return,3,transition,transformer,YIELD,integrator,reception,thunder,DevOps/CI-CD,harvest,0.20203,0.24574,0.09772,0.48607,0.50556,0.15203,0.19574,0.07772,0.50607,0.50556,0.05,0.05,0.02,-0.02,0.0,-2.0,1.0,2.0,0.75,0.0,0.0,0.02325,4.8,2.3,5.8,0.375,HEX-24-PHASE-3,0.03426,0.041672,0.016572,0.082425,0.08573,understand,0.04,blast|shotgun,"Earth over thunder — return. Return is the turning point, the first light after darkness, hope renewed."
24,Return,4,resolution,transformer,YIELD,integrator,reception,thunder,DevOps/CI-CD,harvest,0.06947,0.16406,0.0694,0.59111,0.56476,0.09947,0.18406,0.0894,0.54111,0.53476,-0.03,-0.02,-0.02,0.05,0.03,-2.0,-1.0,-2.0,0.75,0.0,0.0,0.031,1.6,1.6,3.9,0.5,HEX-24-PHASE-4,0.001282,0.003027,0.001281,0.010908,0.010422,understand,0.04,blast|shotgun,"Earth over thunder — return. Return is the turning point, the first light after darkness, hope renewed."
24,Return,5,dissolution,transformer,YIELD,integrator,reception,thunder,DevOps/CI-CD,harvest,0.21203,0.23574,0.16277,0.47607,0.48556,0.15203,0.19574,0.11277,0.50607,0.50556,0.06,0.04,0.05,-0.03,-0.02,-2.0,1.0,2.0,0.75,0.0,0.0,0.03875,5.0,3.9,5.6,0.625,HEX-24-PHASE-5,0.000175,0.000195,0.000135,0.000394,0.000402,understand,0.04,blast|shotgun,"Earth over thunder — return. Return is the turning point, the first light after darkness, hope renewed."
24,Return,6,crystallization,transformer,YIELD,integrator,reception,thunder,DevOps/CI-CD,harvest,0.10867,0.16238,0.06772,0.54607,0.5514,0.12867,0.17238,0.07772,0.50607,0.5114,-0.02,-0.01,-0.01,0.04,0.04,0.0,1.0,2.0,0.75,0.0,0.0,0.0465,2.6,1.6,3.9,0.75,HEX-24-PHASE-6,2e-06,2e-06,1e-06,8e-06,8e-06,understand,0.04,blast|shotgun,"Earth over thunder — return. Return is the turning point, the first light after darkness, hope renewed."
24,Return,7,void,transformer,YIELD,integrator,reception,thunder,DevOps/CI-CD,harvest,0.16848,0.19552,0.14794,0.59718,0.59047,0.16848,0.19552,0.14794,0.59718,0.59047,0.0,0.0,0.0,0.0,0.0,0.0,3.0,6.0,0.75,0.0,0.0,0.05425,4.0,3.5,4.6,0.875,HEX-24-PHASE-7,0.0,0.0,0.0,0.0,0.0,understand,0.04,blast|shotgun,"Earth over thunder — return. Return is the turning point, the first light after darkness, hope renewed."
25,Innocence,0,past,sovereign,ASSERT,architect,assertion,thunder,Research,craft,0.0983,0.12093,0.16802,0.56199,0.58135,0.0983,0.12093,0.11802,0.55199,0.59135,0.0,0.0,0.05,0.01,-0.01,2.0,-3.0,-6.0,0.75,0.0,0.0,0.0,2.3,4.0,2.9,0.0,HEX-25-PHASE-0,0.063079,0.077603,0.107822,0.360635,0.373061,understand,0.04,blast|shotgun,"Heaven over thunder — innocence. Innocence is spontaneous, natural, without calculation. The uncarved block."
25,Innocence,1,present,sovereign,ASSERT,architect,assertion,thunder,Research,craft,0.1383,0.23058,0.05872,0.46786,0.49757,0.0983,0.15058,0.05872,0.47786,0.48757,0.04,0.08,0.0,-0.01,0.01,0.0,-1.0,-2.0,0.75,0.0,0.0,0.00775,3.3,1.4,5.5,0.125,HEX-25-PHASE-1,0.138297,0.230582,0.058721,0.467862,0.497575,understand,0.04,blast|shotgun,"Heaven over thunder — innocence. Innocence is spontaneous, natural, without calculation. The uncarved block."
25,Innocence,2,future,sovereign,ASSERT,architect,assertion,thunder,Research,craft,0.1183,0.21093,0.07355,0.5001,0.52981,0.0983,0.12093,0.07355,0.5001,0.50981,0.02,0.09,0.0,0.0,0.02,2.0,-1.0,-2.0,0.75,0.0,0.0,0.0155,2.8,1.7,5.0,0.25,HEX-25-PHASE-2,0.075913,0.135357,0.047196,0.32092,0.339988,understand,0.04,blast|shotgun,"Heaven over thunder — innocence. Innocence is spontaneous, natural, without calculation. The uncarved block."
25,Innocence,3,transition,sovereign,ASSERT,architect,assertion,thunder,Research,craft,0.18536,0.21541,0.07872,0.39115,0.43569,0.13536,0.16541,0.05872,0.41115,0.43569,0.05,0.05,0.02,-0.02,0.0,0.0,1.0,2.0,0.75,0.0,0.0,0.02325,4.4,1.9,5.1,0.375,HEX-25-PHASE-3,0.031433,0.036528,0.013349,0.066329,0.073882,understand,0.04,blast|shotgun,"Heaven over thunder — innocence. Innocence is spontaneous, natural, without calculation. The uncarved block."
25,Innocence,4,resolution,sovereign,ASSERT,architect,assertion,thunder,Research,craft,0.0683,0.10093,0.0832,0.5501,0.53981,0.0983,0.12093,0.1032,0.5001,0.50981,-0.03,-0.02,-0.02,0.05,0.03,2.0,-1.0,-2.0,0.75,0.0,0.0,0.031,1.6,2.0,2.4,0.5,HEX-25-PHASE-4,0.00126,0.001862,0.001535,0.010151,0.009961,understand,0.04,blast|shotgun,"Heaven over thunder — innocence. Innocence is spontaneous, natural, without calculation. The uncarved block."
25,Innocence,5,dissolution,sovereign,ASSERT,architect,assertion,thunder,Research,craft,0.19536,0.20541,0.16802,0.38115,0.41569,0.13536,0.16541,0.11802,0.41115,0.43569,0.06,0.04,0.05,-0.03,-0.02,0.0,1.0,2.0,0.75,0.0,0.0,0.03875,4.6,4.0,4.9,0.625,HEX-25-PHASE-5,0.000162,0.00017,0.000139,0.000315,0.000344,understand,0.04,blast|shotgun,"Heaven over thunder — innocence. Innocence is spontaneous, natural, without calculation. The uncarved block."
25,Innocence,6,crystallization,sovereign,ASSERT,architect,assertion,thunder,Research,craft,0.14501,0.12576,0.06355,0.47339,0.49792,0.16501,0.13576,0.07355,0.43339,0.45792,-0.02,-0.01,-0.01,0.04,0.04,2.0,1.0,2.0,0.75,0.0,0.0,0.0465,3.4,1.5,3.0,0.75,HEX-25-PHASE-6,2e-06,2e-06,1e-06,7e-06,8e-06,understand,0.04,blast|shotgun,"Heaven over thunder — innocence. Innocence is spontaneous, natural, without calculation. The uncarved block."
25,Innocence,7,void,sovereign,ASSERT,architect,assertion,thunder,Research,craft,0.19008,0.19007,0.14781,0.50306,0.51156,0.19008,0.19007,0.14781,0.50306,0.51156,0.0,0.0,0.0,0.0,0.0,0.0,3.0,6.0,0.75,0.0,0.0,0.05425,4.5,3.5,4.5,0.875,HEX-25-PHASE-7,0.0,0.0,0.0,0.0,0.0,understand,0.04,blast|shotgun,"Heaven over thunder — innocence. Innocence is spontaneous, natural, without calculation. The uncarved block."
26,Taming Power of the Great,0,past,boundary,ADAPT,guardian,adaptation,heaven,Dev,bank,0.06399,0.09615,0.17374,0.58067,0.58516,0.06399,0.09615,0.12374,0.57067,0.59516,0.0,0.0,0.05,0.01,-0.01,2.0,-3.0,-6.0,0.75,0.0,0.0,0.0,1.5,4.1,2.3,0.0,HEX-26-PHASE-0,0.041061,0.061701,0.111492,0.372623,0.375508,understand,0.04,blast|shotgun,"Mountain over heaven — taming power. Taming Power of the Great is restraint, storing energy, knowing when to hold."
26,Taming Power of the Great,1,present,boundary,ADAPT,guardian,adaptation,heaven,Dev,bank,0.10399,0.17615,0.07926,0.50878,0.52363,0.06399,0.09615,0.07926,0.51878,0.51363,0.04,0.08,0.0,-0.01,0.01,2.0,-1.0,-2.0,0.75,0.0,0.0,0.00775,2.5,1.9,4.2,0.125,HEX-26-PHASE-1,0.103987,0.176151,0.079265,0.50878,0.523625,understand,0.04,blast|shotgun,"Mountain over heaven — taming power. Taming Power of the Great is restraint, storing energy, knowing when to hold."
26,Taming Power of the Great,2,future,boundary,ADAPT,guardian,adaptation,heaven,Dev,bank,0.08399,0.18615,0.07926,0.51878,0.53363,0.06399,0.09615,0.07926,0.51878,0.51363,0.02,0.09,0.0,0.0,0.02,2.0,-1.0,-2.0,0.75,0.0,0.0,0.0155,2.0,1.9,4.4,0.25,HEX-26-PHASE-2,0.053896,0.119456,0.050865,0.332908,0.342434,understand,0.04,blast|shotgun,"Mountain over heaven — taming power. Taming Power of the Great is restraint, storing energy, knowing when to hold."
26,Taming Power of the Great,3,transition,boundary,ADAPT,guardian,adaptation,heaven,Dev,bank,0.1807,0.16098,0.09926,0.43207,0.46174,0.1307,0.11098,0.07926,0.45207,0.46174,0.05,0.05,0.02,-0.02,0.0,2.0,1.0,2.0,0.75,0.0,0.0,0.02325,4.3,2.4,3.8,0.375,HEX-26-PHASE-3,0.030643,0.027298,0.016833,0.073268,0.078299,understand,0.04,blast|shotgun,"Mountain over heaven — taming power. Taming Power of the Great is restraint, storing energy, knowing when to hold."
26,Taming Power of the Great,4,resolution,boundary,ADAPT,guardian,adaptation,heaven,Dev,bank,0.03399,0.1058,0.07409,0.54654,0.52139,0.06399,0.1258,0.09409,0.49654,0.49139,-0.03,-0.02,-0.02,0.05,0.03,0.0,-1.0,-2.0,0.75,0.0,0.0,0.031,0.8,1.8,2.5,0.5,HEX-26-PHASE-4,0.000627,0.001952,0.001367,0.010085,0.009621,understand,0.04,blast|shotgun,"Mountain over heaven — taming power. Taming Power of the Great is restraint, storing energy, knowing when to hold."
26,Taming Power of the Great,5,dissolution,boundary,ADAPT,guardian,adaptation,heaven,Dev,bank,0.16105,0.18063,0.17374,0.39983,0.4195,0.10105,0.14063,0.12374,0.42983,0.4395,0.06,0.04,0.05,-0.03,-0.02,0.0,1.0,2.0,0.75,0.0,0.0,0.03875,3.8,4.1,4.3,0.625,HEX-26-PHASE-5,0.000133,0.000149,0.000144,0.000331,0.000347,understand,0.04,blast|shotgun,"Mountain over heaven — taming power. Taming Power of the Great is restraint, storing energy, knowing when to hold."
26,Taming Power of the Great,6,crystallization,boundary,ADAPT,guardian,adaptation,heaven,Dev,bank,0.08105,0.13063,0.05444,0.46983,0.4795,0.10105,0.14063,0.06444,0.42983,0.4395,-0.02,-0.01,-0.01,0.04,0.04,0.0,1.0,2.0,0.75,0.0,0.0,0.0465,1.9,1.3,3.1,0.75,HEX-26-PHASE-6,1e-06,2e-06,1e-06,7e-06,7e-06,understand,0.04,blast|shotgun,"Mountain over heaven — taming power. Taming Power of the Great is restraint, storing energy, knowing when to hold."
26,Taming Power of the Great,7,void,boundary,ADAPT,guardian,adaptation,heaven,Dev,bank,0.16305,0.17055,0.15231,0.51778,0.51457,0.16305,0.17055,0.15231,0.51778,0.51457,0.0,0.0,0.0,0.0,0.0,0.0,3.0,6.0,0.75,0.0,0.0,0.05425,3.9,3.6,4.0,0.875,HEX-26-PHASE-7,0.0,0.0,0.0,0.0,0.0,understand,0.04,blast|shotgun,"Mountain over heaven — taming power. Taming Power of the Great is restraint, storing energy, knowing when to hold."
27,Corners of the Mouth,0,past,transformer,YIELD,integrator,reception,thunder,HTML,equip,0.09304,0.11084,0.16549,0.60232,0.59484,0.09304,0.11084,0.11549,0.59232,0.60484,0.0,0.0,0.05,0.01,-0.01,-2.0,-3.0,-6.0,0.75,0.0,0.0,0.0,2.2,3.9,2.6,0.0,HEX-27-PHASE-0,0.059706,0.071125,0.106195,0.386517,0.381718,understand,0.04,blast|shotgun,"Mountain over thunder — nourishment. Corners of the Mouth is sustenance, what feeds the self and others."
27,Corners of the Mouth,1,present,transformer,YIELD,integrator,reception,thunder,HTML,equip,0.13304,0.2142,0.10965,0.54144,0.56228,0.09304,0.1342,0.10965,0.55144,0.55228,0.04,0.08,0.0,-0.01,0.01,-2.0,-1.0,-2.0,0.75,0.0,0.0,0.00775,3.2,2.6,5.1,0.125,HEX-27-PHASE-1,0.133041,0.214197,0.109647,0.541438,0.56228,understand,0.04,blast|shotgun,"Mountain over thunder — nourishment. Corners of the Mouth is sustenance, what feeds the self and others."
27,Corners of the Mouth,2,future,transformer,YIELD,integrator,reception,thunder,HTML,equip,0.11304,0.20084,0.10965,0.56896,0.5898,0.09304,0.11084,0.10965,0.56896,0.5698,0.02,0.09,0.0,0.0,0.02,0.0,-1.0,-2.0,0.75,0.0,0.0,0.0155,2.7,2.6,4.8,0.25,HEX-27-PHASE-2,0.07254,0.128879,0.070362,0.365108,0.378483,understand,0.04,blast|shotgun,"Mountain over thunder — nourishment. Corners of the Mouth is sustenance, what feeds the self and others."
27,Corners of the Mouth,3,transition,transformer,YIELD,integrator,reception,thunder,HTML,equip,0.17224,0.17252,0.12965,0.4964,0.52892,0.12224,0.12252,0.10965,0.5164,0.52892,0.05,0.05,0.02,-0.02,0.0,0.0,1.0,2.0,0.75,0.0,0.0,0.02325,4.1,3.1,4.1,0.375,HEX-27-PHASE-3,0.029208,0.029255,0.021985,0.084177,0.089692,understand,0.04,blast|shotgun,"Mountain over thunder — nourishment. Corners of the Mouth is sustenance, what feeds the self and others."
27,Corners of the Mouth,4,resolution,transformer,YIELD,integrator,reception,thunder,HTML,equip,0.06304,0.1142,0.10133,0.60144,0.58228,0.09304,0.1342,0.12133,0.55144,0.55228,-0.03,-0.02,-0.02,0.05,0.03,-2.0,-1.0,-2.0,0.75,0.0,0.0,0.031,1.5,2.4,2.7,0.5,HEX-27-PHASE-4,0.001163,0.002107,0.00187,0.011098,0.010745,understand,0.04,blast|shotgun,"Mountain over thunder — nourishment. Corners of the Mouth is sustenance, what feeds the self and others."
27,Corners of the Mouth,5,dissolution,transformer,YIELD,integrator,reception,thunder,HTML,equip,0.2056,0.18588,0.19469,0.4864,0.50308,0.1456,0.14588,0.14469,0.5164,0.52308,0.06,0.04,0.05,-0.03,-0.02,-2.0,1.0,2.0,0.75,0.0,0.0,0.03875,4.9,4.6,4.4,0.625,HEX-27-PHASE-5,0.00017,0.000154,0.000161,0.000402,0.000416,understand,0.04,blast|shotgun,"Mountain over thunder — nourishment. Corners of the Mouth is sustenance, what feeds the self and others."
27,Corners of the Mouth,6,crystallization,transformer,YIELD,integrator,reception,thunder,HTML,equip,0.10224,0.11252,0.09965,0.5564,0.56892,0.12224,0.12252,0.10965,0.5164,0.52892,-0.02,-0.01,-0.01,0.04,0.04,0.0,1.0,2.0,0.75,0.0,0.0,0.0465,2.4,2.4,2.7,0.75,HEX-27-PHASE-6,2e-06,2e-06,2e-06,8e-06,9e-06,understand,0.04,blast|shotgun,"Mountain over thunder — nourishment. Corners of the Mouth is sustenance, what feeds the self and others."
27,Corners of the Mouth,7,void,transformer,YIELD,integrator,reception,thunder,HTML,equip,0.15652,0.12072,0.1889,0.61405,0.61675,0.15652,0.12072,0.1889,0.61405,0.61675,0.0,0.0,0.0,0.0,0.0,0.0,3.0,6.0,0.75,0.0,0.0,0.05425,3.7,4.5,2.9,0.875,HEX-27-PHASE-7,0.0,0.0,0.0,0.0,0.0,understand,0.04,blast|shotgun,"Mountain over thunder — nourishment. Corners of the Mouth is sustenance, what feeds the self and others."
28,Preponderance of the Great,0,past,dissipator,ADAPT,navigator,adaptation,wind,Robotics,cast,0.12554,0.30525,0.14147,0.72108,0.68589,0.12554,0.30525,0.09147,0.71108,0.69589,0.0,0.0,0.05,0.01,-0.01,2.0,-3.0,-6.0,0.75,0.0,0.0,0.0,3.0,3.4,7.2,0.0,HEX-28-PHASE-0,0.080561,0.195881,0.090784,0.462728,0.440146,understand,0.04,blast|shotgun,"Lake over wind — preponderance. Preponderance of the Great is excess, the beam about to break, dangerous weight."
28,Preponderance of the Great,1,present,dissipator,ADAPT,navigator,adaptation,wind,Robotics,cast,0.16554,0.38525,0.0753,0.68221,0.67624,0.12554,0.30525,0.0753,0.69221,0.66624,0.04,0.08,0.0,-0.01,0.01,2.0,-1.0,-2.0,0.75,0.0,0.0,0.00775,3.9,1.8,9.1,0.125,HEX-28-PHASE-1,0.165541,0.385247,0.075298,0.682214,0.676242,understand,0.04,blast|shotgun,"Lake over wind — preponderance. Preponderance of the Great is excess, the beam about to break, dangerous weight."
28,Preponderance of the Great,2,future,dissipator,ADAPT,navigator,adaptation,wind,Robotics,cast,0.14554,0.40603,0.06991,0.68413,0.67816,0.12554,0.31603,0.06991,0.68413,0.65816,0.02,0.09,0.0,0.0,0.02,0.0,-1.0,-2.0,0.75,0.0,0.0,0.0155,3.5,1.7,9.6,0.25,HEX-28-PHASE-2,0.093396,0.260554,0.04486,0.439013,0.435181,understand,0.04,blast|shotgun,"Lake over wind — preponderance. Preponderance of the Great is excess, the beam about to break, dangerous weight."
28,Preponderance of the Great,3,transition,dissipator,ADAPT,navigator,adaptation,wind,Robotics,cast,0.18902,0.37142,0.08991,0.63987,0.63929,0.13902,0.32142,0.06991,0.65987,0.63929,0.05,0.05,0.02,-0.02,0.0,0.0,1.0,2.0,0.75,0.0,0.0,0.02325,4.5,2.1,8.8,0.375,HEX-28-PHASE-3,0.032053,0.062984,0.015246,0.108506,0.108407,understand,0.04,blast|shotgun,"Lake over wind — preponderance. Preponderance of the Great is excess, the beam about to break, dangerous weight."
28,Preponderance of the Great,4,resolution,dissipator,ADAPT,navigator,adaptation,wind,Robotics,cast,0.09554,0.28525,0.06608,0.74221,0.69624,0.12554,0.30525,0.08608,0.69221,0.66624,-0.03,-0.02,-0.02,0.05,0.03,2.0,-1.0,-2.0,0.75,0.0,0.0,0.031,2.3,1.6,6.8,0.5,HEX-28-PHASE-4,0.001763,0.005264,0.001219,0.013696,0.012848,understand,0.04,blast|shotgun,"Lake over wind — preponderance. Preponderance of the Great is excess, the beam about to break, dangerous weight."
28,Preponderance of the Great,5,dissolution,dissipator,ADAPT,navigator,adaptation,wind,Robotics,cast,0.2098,0.35064,0.14686,0.63795,0.62737,0.1498,0.31064,0.09686,0.66795,0.64737,0.06,0.04,0.05,-0.03,-0.02,2.0,1.0,2.0,0.75,0.0,0.0,0.03875,5.0,3.5,8.3,0.625,HEX-28-PHASE-5,0.000173,0.00029,0.000121,0.000528,0.000519,understand,0.04,blast|shotgun,"Lake over wind — preponderance. Preponderance of the Great is excess, the beam about to break, dangerous weight."
28,Preponderance of the Great,6,crystallization,dissipator,ADAPT,navigator,adaptation,wind,Robotics,cast,0.11902,0.31142,0.05991,0.69987,0.67929,0.13902,0.32142,0.06991,0.65987,0.63929,-0.02,-0.01,-0.01,0.04,0.04,0.0,1.0,2.0,0.75,0.0,0.0,0.0465,2.8,1.4,7.4,0.75,HEX-28-PHASE-6,2e-06,5e-06,1e-06,1.1e-05,1e-05,understand,0.04,blast|shotgun,"Lake over wind — preponderance. Preponderance of the Great is excess, the beam about to break, dangerous weight."
28,Preponderance of the Great,7,void,dissipator,ADAPT,navigator,adaptation,wind,Robotics,cast,0.16597,0.32681,0.10225,0.65987,0.63659,0.16597,0.32681,0.10225,0.65987,0.63659,0.0,0.0,0.0,0.0,0.0,0.0,3.0,6.0,0.75,0.0,0.0,0.05425,3.9,2.4,7.8,0.875,HEX-28-PHASE-7,0.0,0.0,0.0,0.0,0.0,understand,0.04,blast|shotgun,"Lake over wind — preponderance. Preponderance of the Great is excess, the beam about to break, dangerous weight."
29,The Abysmal,0,past,dissipator,WAIT,navigator,patience,water,Game Dev,dialogue,0.10721,0.08953,0.24683,0.73471,0.72776,0.10721,0.08953,0.19683,0.72471,0.73776,0.0,0.0,0.05,0.01,-0.01,-2.0,-3.0,-6.0,0.75,0.0,0.0,0.0,2.5,5.9,2.1,0.0,HEX-29-PHASE-0,0.068799,0.057451,0.158393,0.471475,0.467012,understand,0.04,blast|shotgun,"Water over water — the abyss. The Abysmal is danger repeated, the deep, the test of endurance."
29,The Abysmal,1,present,dissipator,WAIT,navigator,patience,water,Game Dev,dialogue,0.14721,0.16953,0.19413,0.70393,0.73158,0.10721,0.08953,0.19413,0.71393,0.72158,0.04,0.08,0.0,-0.01,0.01,0.0,-1.0,-2.0,0.75,0.0,0.0,0.00775,3.5,4.6,4.0,0.125,HEX-29-PHASE-1,0.147212,0.169528,0.194132,0.703932,0.731585,understand,0.04,blast|shotgun,"Water over water — the abyss. The Abysmal is danger repeated, the deep, the test of endurance."
29,The Abysmal,2,future,dissipator,WAIT,navigator,patience,water,Game Dev,dialogue,0.1353,0.20109,0.19413,0.69776,0.72541,0.1153,0.11109,0.19413,0.69776,0.70541,0.02,0.09,0.0,0.0,0.02,-4.0,-1.0,-2.0,0.75,0.0,0.0,0.0155,3.2,4.6,4.8,0.25,HEX-29-PHASE-2,0.086823,0.129043,0.124577,0.447761,0.465506,understand,0.04,blast|shotgun,"Water over water — the abyss. The Abysmal is danger repeated, the deep, the test of endurance."
29,The Abysmal,3,transition,dissipator,WAIT,navigator,patience,water,Game Dev,dialogue,0.18147,0.1557,0.21413,0.66967,0.70002,0.13147,0.1057,0.19413,0.68967,0.70002,0.05,0.05,0.02,-0.02,0.0,-2.0,1.0,2.0,0.75,0.0,0.0,0.02325,4.3,5.1,3.7,0.375,HEX-29-PHASE-3,0.030773,0.026403,0.036312,0.11356,0.118706,understand,0.04,blast|shotgun,"Water over water — the abyss. The Abysmal is danger repeated, the deep, the test of endurance."
29,The Abysmal,4,resolution,dissipator,WAIT,navigator,patience,water,Game Dev,dialogue,0.07721,0.06953,0.18491,0.76393,0.75158,0.10721,0.08953,0.20491,0.71393,0.72158,-0.03,-0.02,-0.02,0.05,0.03,0.0,-1.0,-2.0,0.75,0.0,0.0,0.031,1.8,4.4,1.6,0.5,HEX-29-PHASE-4,0.001425,0.001283,0.003412,0.014097,0.013869,understand,0.04,blast|shotgun,"Water over water — the abyss. The Abysmal is danger repeated, the deep, the test of endurance."
29,The Abysmal,5,dissolution,dissipator,WAIT,navigator,patience,water,Game Dev,dialogue,0.19147,0.12414,0.27109,0.66776,0.6908,0.13147,0.08414,0.22109,0.69776,0.7108,0.06,0.04,0.05,-0.03,-0.02,2.0,1.0,2.0,0.75,0.0,0.0,0.03875,4.5,6.4,2.9,0.625,HEX-29-PHASE-5,0.000158,0.000103,0.000224,0.000552,0.000571,understand,0.04,blast|shotgun,"Water over water — the abyss. The Abysmal is danger repeated, the deep, the test of endurance."
29,The Abysmal,6,crystallization,dissipator,WAIT,navigator,patience,water,Game Dev,dialogue,0.11147,0.0957,0.18413,0.72967,0.74002,0.13147,0.1057,0.19413,0.68967,0.70002,-0.02,-0.01,-0.01,0.04,0.04,-2.0,1.0,2.0,0.75,0.0,0.0,0.0465,2.6,4.4,2.3,0.75,HEX-29-PHASE-6,2e-06,1e-06,3e-06,1.1e-05,1.1e-05,understand,0.04,blast|shotgun,"Water over water — the abyss. The Abysmal is danger repeated, the deep, the test of endurance."
29,The Abysmal,7,void,dissipator,WAIT,navigator,patience,water,Game Dev,dialogue,0.14764,0.10031,0.22648,0.68967,0.70002,0.14764,0.10031,0.22648,0.68967,0.70002,0.0,0.0,0.0,0.0,0.0,0.0,3.0,6.0,0.75,0.0,0.0,0.05425,3.5,5.4,2.4,0.875,HEX-29-PHASE-7,0.0,0.0,0.0,0.0,0.0,understand,0.04,blast|shotgun,"Water over water — the abyss. The Abysmal is danger repeated, the deep, the test of endurance."
30,The Clinging,0,past,boundary,ADAPT,guardian,adaptation,fire,Analytics,forensics,0.08642,0.16102,0.14376,0.62734,0.62181,0.08642,0.16102,0.09376,0.61734,0.63181,0.0,0.0,0.05,0.01,-0.01,2.0,-3.0,-6.0,0.75,0.0,0.0,0.0,2.0,3.4,3.8,0.0,HEX-30-PHASE-0,0.055455,0.103331,0.09225,0.402574,0.399024,understand,0.04,blast|shotgun,"Fire over fire — the clinging. The Clinging is attachment, illumination, clarity through persistence."
30,The Clinging,1,present,boundary,ADAPT,guardian,adaptation,fire,Analytics,forensics,0.12642,0.26438,0.04703,0.54894,0.56005,0.08642,0.18438,0.04703,0.55894,0.55005,0.04,0.08,0.0,-0.01,0.01,0.0,-1.0,-2.0,0.75,0.0,0.0,0.00775,3.0,1.1,6.3,0.125,HEX-30-PHASE-1,0.126418,0.264385,0.047034,0.548939,0.560047,understand,0.04,blast|shotgun,"Fire over fire — the clinging. The Clinging is attachment, illumination, clarity through persistence."
30,The Clinging,2,future,boundary,ADAPT,guardian,adaptation,fire,Analytics,forensics,0.12394,0.24518,0.07039,0.59398,0.60509,0.10394,0.15518,0.07039,0.59398,0.58509,0.02,0.09,0.0,0.0,0.02,4.0,-1.0,-2.0,0.75,0.0,0.0,0.0155,2.9,1.7,5.8,0.25,HEX-30-PHASE-2,0.079533,0.157337,0.045173,0.381165,0.388293,understand,0.04,blast|shotgun,"Fire over fire — the clinging. The Clinging is attachment, illumination, clarity through persistence."
30,The Clinging,3,transition,boundary,ADAPT,guardian,adaptation,fire,Analytics,forensics,0.18898,0.2227,0.07871,0.5039,0.52669,0.13898,0.1727,0.05871,0.5239,0.52669,0.05,0.05,0.02,-0.02,0.0,2.0,1.0,2.0,0.75,0.0,0.0,0.02325,4.5,1.9,5.3,0.375,HEX-30-PHASE-3,0.032046,0.037765,0.013348,0.085449,0.089313,understand,0.04,blast|shotgun,"Fire over fire — the clinging. The Clinging is attachment, illumination, clarity through persistence."
30,The Clinging,4,resolution,boundary,ADAPT,guardian,adaptation,fire,Analytics,forensics,0.05642,0.16438,0.05039,0.60894,0.58005,0.08642,0.18438,0.07039,0.55894,0.55005,-0.03,-0.02,-0.02,0.05,0.03,0.0,-1.0,-2.0,0.75,0.0,0.0,0.031,1.3,1.2,3.9,0.5,HEX-30-PHASE-4,0.001041,0.003033,0.00093,0.011237,0.010704,understand,0.04,blast|shotgun,"Fire over fire — the clinging. The Clinging is attachment, illumination, clarity through persistence."
30,The Clinging,5,dissolution,boundary,ADAPT,guardian,adaptation,fire,Analytics,forensics,0.19898,0.25943,0.13208,0.47638,0.48332,0.13898,0.21943,0.08208,0.50638,0.50332,0.06,0.04,0.05,-0.03,-0.02,-2.0,1.0,2.0,0.75,0.0,0.0,0.03875,4.7,3.1,6.2,0.625,HEX-30-PHASE-5,0.000165,0.000215,0.000109,0.000394,0.0004,understand,0.04,blast|shotgun,"Fire over fire — the clinging. The Clinging is attachment, illumination, clarity through persistence."
30,The Clinging,6,crystallization,boundary,ADAPT,guardian,adaptation,fire,Analytics,forensics,0.11898,0.1627,0.04871,0.5639,0.56669,0.13898,0.1727,0.05871,0.5239,0.52669,-0.02,-0.01,-0.01,0.04,0.04,2.0,1.0,2.0,0.75,0.0,0.0,0.0465,2.8,1.2,3.9,0.75,HEX-30-PHASE-6,2e-06,2e-06,1e-06,9e-06,9e-06,understand,0.04,blast|shotgun,"Fire over fire — the clinging. The Clinging is attachment, illumination, clarity through persistence."
30,The Clinging,7,void,boundary,ADAPT,guardian,adaptation,fire,Analytics,forensics,0.15583,0.22527,0.0996,0.59533,0.58365,0.15583,0.22527,0.0996,0.59533,0.58365,0.0,0.0,0.0,0.0,0.0,0.0,3.0,6.0,0.75,0.0,0.0,0.05425,3.7,2.4,5.3,0.875,HEX-30-PHASE-7,0.0,0.0,0.0,0.0,0.0,understand,0.04,blast|shotgun,"Fire over fire — the clinging. The Clinging is attachment, illumination, clarity through persistence."
31,Influence,0,past,transformer,YIELD,integrator,reception,mountain,Blueprinting,attack,0.07098,0.12284,0.15223,0.63694,0.60966,0.07098,0.12284,0.10223,0.62694,0.61966,0.0,0.0,0.05,0.01,-0.01,0.0,-3.0,-6.0,0.75,0.0,0.0,0.0,1.7,3.6,2.9,0.0,HEX-31-PHASE-0,0.045546,0.078826,0.097691,0.40873,0.391229,understand,0.04,blast|shotgun,"Lake over mountain — influence. Influence is attraction, the subtle pull between beings, seduction without force."
31,Influence,1,present,transformer,YIELD,integrator,reception,mountain,Blueprinting,attack,0.11098,0.21452,0.07595,0.56437,0.57126,0.07098,0.13452,0.07595,0.57437,0.56126,0.04,0.08,0.0,-0.01,0.01,0.0,-1.0,-2.0,0.75,0.0,0.0,0.00775,2.6,1.8,5.1,0.125,HEX-31-PHASE-1,0.110976,0.214518,0.075953,0.564373,0.57126,understand,0.04,blast|shotgun,"Lake over mountain — influence. Influence is attraction, the subtle pull between beings, seduction without force."
31,Influence,2,future,transformer,YIELD,integrator,reception,mountain,Blueprinting,attack,0.09098,0.22452,0.07595,0.57437,0.58126,0.07098,0.13452,0.07595,0.57437,0.56126,0.02,0.09,0.0,0.0,0.02,0.0,-1.0,-2.0,0.75,0.0,0.0,0.0155,2.2,1.8,5.3,0.25,HEX-31-PHASE-2,0.058381,0.144076,0.04874,0.368583,0.373002,understand,0.04,blast|shotgun,"Lake over mountain — influence. Influence is attraction, the subtle pull between beings, seduction without force."
31,Influence,3,transition,transformer,YIELD,integrator,reception,mountain,Blueprinting,attack,0.15018,0.1962,0.09595,0.50181,0.52038,0.10018,0.1462,0.07595,0.52181,0.52038,0.05,0.05,0.02,-0.02,0.0,0.0,1.0,2.0,0.75,0.0,0.0,0.02325,3.6,2.3,4.7,0.375,HEX-31-PHASE-3,0.025466,0.03327,0.016271,0.085095,0.088243,understand,0.04,blast|shotgun,"Lake over mountain — influence. Influence is attraction, the subtle pull between beings, seduction without force."
31,Influence,4,resolution,transformer,YIELD,integrator,reception,mountain,Blueprinting,attack,0.04098,0.11452,0.07931,0.62437,0.59126,0.07098,0.13452,0.09931,0.57437,0.56126,-0.03,-0.02,-0.02,0.05,0.03,0.0,-1.0,-2.0,0.75,0.0,0.0,0.031,1.0,1.9,2.7,0.5,HEX-31-PHASE-4,0.000756,0.002113,0.001464,0.011522,0.010911,understand,0.04,blast|shotgun,"Lake over mountain — influence. Influence is attraction, the subtle pull between beings, seduction without force."
31,Influence,5,dissolution,transformer,YIELD,integrator,reception,mountain,Blueprinting,attack,0.16018,0.1862,0.17268,0.49181,0.50038,0.10018,0.1462,0.12268,0.52181,0.52038,0.06,0.04,0.05,-0.03,-0.02,0.0,1.0,2.0,0.75,0.0,0.0,0.03875,3.8,4.1,4.4,0.625,HEX-31-PHASE-5,0.000132,0.000154,0.000143,0.000407,0.000414,understand,0.04,blast|shotgun,"Lake over mountain — influence. Influence is attraction, the subtle pull between beings, seduction without force."
31,Influence,6,crystallization,transformer,YIELD,integrator,reception,mountain,Blueprinting,attack,0.08018,0.1362,0.06595,0.56181,0.56038,0.10018,0.1462,0.07595,0.52181,0.52038,-0.02,-0.01,-0.01,0.04,0.04,0.0,1.0,2.0,0.75,0.0,0.0,0.0465,1.9,1.6,3.2,0.75,HEX-31-PHASE-6,1e-06,2e-06,1e-06,9e-06,9e-06,understand,0.04,blast|shotgun,"Lake over mountain — influence. Influence is attraction, the subtle pull between beings, seduction without force."
31,Influence,7,void,transformer,YIELD,integrator,reception,mountain,Blueprinting,attack,0.13729,0.15047,0.13835,0.61594,0.60532,0.13729,0.15047,0.13835,0.61594,0.60532,0.0,0.0,0.0,0.0,0.0,0.0,3.0,6.0,0.75,0.0,0.0,0.05425,3.3,3.3,3.6,0.875,HEX-31-PHASE-7,0.0,0.0,0.0,0.0,0.0,understand,0.04,blast|shotgun,"Lake over mountain — influence. Influence is attraction, the subtle pull between beings, seduction without force."
32,Duration,0,past,boundary,WAIT,guardian,patience,wind,Scribe,interact,0.09156,0.1475,0.1405,0.54786,0.54146,0.09156,0.1475,0.0905,0.53786,0.55146,0.0,0.0,0.05,0.01,-0.01,0.0,-3.0,-6.0,0.75,0.0,0.0,0.0,2.2,3.3,3.5,0.0,HEX-32-PHASE-0,0.058754,0.094653,0.09016,0.351566,0.347464,understand,0.04,blast|shotgun,"Thunder over wind — duration. Duration is endurance, the long rhythm, constancy through change."
32,Duration,1,present,boundary,WAIT,guardian,patience,wind,Scribe,interact,0.13156,0.24233,0.05714,0.46114,0.48734,0.09156,0.16233,0.05714,0.47114,0.47734,0.04,0.08,0.0,-0.01,0.01,0.0,-1.0,-2.0,0.75,0.0,0.0,0.00775,3.1,1.4,5.7,0.125,HEX-32-PHASE-1,0.131558,0.242326,0.057142,0.461142,0.487336,understand,0.04,blast|shotgun,"Thunder over wind — duration. Duration is endurance, the long rhythm, constancy through change."
32,Duration,2,future,boundary,WAIT,guardian,patience,wind,Scribe,interact,0.11156,0.25233,0.05714,0.47114,0.49734,0.09156,0.16233,0.05714,0.47114,0.47734,0.02,0.09,0.0,0.0,0.02,0.0,-1.0,-2.0,0.75,0.0,0.0,0.0155,2.6,1.4,6.0,0.25,HEX-32-PHASE-2,0.071588,0.161921,0.036669,0.302338,0.319147,understand,0.04,blast|shotgun,"Thunder over wind — duration. Duration is endurance, the long rhythm, constancy through change."
32,Duration,3,transition,boundary,WAIT,guardian,patience,wind,Scribe,interact,0.17862,0.22715,0.07714,0.38443,0.42545,0.12862,0.17715,0.05714,0.40443,0.42545,0.05,0.05,0.02,-0.02,0.0,0.0,1.0,2.0,0.75,0.0,0.0,0.02325,4.2,1.8,5.4,0.375,HEX-32-PHASE-3,0.03029,0.038519,0.013081,0.06519,0.072145,understand,0.04,blast|shotgun,"Thunder over wind — duration. Duration is endurance, the long rhythm, constancy through change."
32,Duration,4,resolution,boundary,WAIT,guardian,patience,wind,Scribe,interact,0.06156,0.14233,0.06679,0.52114,0.50734,0.09156,0.16233,0.08679,0.47114,0.47734,-0.03,-0.02,-0.02,0.05,0.03,0.0,-1.0,-2.0,0.75,0.0,0.0,0.031,1.5,1.6,3.4,0.5,HEX-32-PHASE-4,0.001136,0.002626,0.001233,0.009617,0.009362,understand,0.04,blast|shotgun,"Thunder over wind — duration. Duration is endurance, the long rhythm, constancy through change."
32,Duration,5,dissolution,boundary,WAIT,guardian,patience,wind,Scribe,interact,0.18862,0.21715,0.16644,0.37443,0.40545,0.12862,0.17715,0.11644,0.40443,0.42545,0.06,0.04,0.05,-0.03,-0.02,0.0,1.0,2.0,0.75,0.0,0.0,0.03875,4.5,3.9,5.1,0.625,HEX-32-PHASE-5,0.000156,0.00018,0.000138,0.00031,0.000335,understand,0.04,blast|shotgun,"Thunder over wind — duration. Duration is endurance, the long rhythm, constancy through change."
32,Duration,6,crystallization,boundary,WAIT,guardian,patience,wind,Scribe,interact,0.10862,0.16715,0.04714,0.44443,0.46545,0.12862,0.17715,0.05714,0.40443,0.42545,-0.02,-0.01,-0.01,0.04,0.04,0.0,1.0,2.0,0.75,0.0,0.0,0.0465,2.6,1.1,4.0,0.75,HEX-32-PHASE-6,2e-06,3e-06,1e-06,7e-06,7e-06,understand,0.04,blast|shotgun,"Thunder over wind — duration. Duration is endurance, the long rhythm, constancy through change."
32,Duration,7,void,boundary,WAIT,guardian,patience,wind,Scribe,interact,0.1766,0.1789,0.14003,0.50349,0.51003,0.1766,0.1789,0.14003,0.50349,0.51003,0.0,0.0,0.0,0.0,0.0,0.0,3.0,6.0,0.75,0.0,0.0,0.05425,4.2,3.3,4.2,0.875,HEX-32-PHASE-7,0.0,0.0,0.0,0.0,0.0,understand,0.04,blast|shotgun,"Thunder over wind — duration. Duration is endurance, the long rhythm, constancy through change."
33,Retreat,0,past,boundary,YIELD,guardian,reception,mountain,Security Red-Team,traverse,0.06197,0.08713,0.17268,0.64878,0.64083,0.06197,0.08713,0.12268,0.63878,0.65083,0.0,0.0,0.05,0.01,-0.01,2.0,-3.0,-6.0,0.75,0.0,0.0,0.0,1.5,4.1,2.1,0.0,HEX-33-PHASE-0,0.039764,0.055911,0.110808,0.416333,0.411231,understand,0.04,blast|shotgun,"Heaven over mountain — retreat. Retreat is strategic withdrawal, knowing when to yield ground."
33,Retreat,1,present,boundary,YIELD,guardian,reception,mountain,Security Red-Team,traverse,0.10197,0.16713,0.08763,0.5879,0.59659,0.06197,0.08713,0.08763,0.5979,0.58659,0.04,0.08,0.0,-0.01,0.01,2.0,-1.0,-2.0,0.75,0.0,0.0,0.00775,2.4,2.1,4.0,0.125,HEX-33-PHASE-1,0.101965,0.167128,0.087633,0.587901,0.59659,understand,0.04,blast|shotgun,"Heaven over mountain — retreat. Retreat is strategic withdrawal, knowing when to yield ground."
33,Retreat,2,future,boundary,YIELD,guardian,reception,mountain,Security Red-Team,traverse,0.08197,0.17713,0.08763,0.5979,0.60659,0.06197,0.08713,0.08763,0.5979,0.58659,0.02,0.09,0.0,0.0,0.02,2.0,-1.0,-2.0,0.75,0.0,0.0,0.0155,1.9,2.1,4.2,0.25,HEX-33-PHASE-2,0.052598,0.113665,0.056236,0.383681,0.389257,understand,0.04,blast|shotgun,"Heaven over mountain — retreat. Retreat is strategic withdrawal, knowing when to yield ground."
33,Retreat,3,transition,boundary,YIELD,guardian,reception,mountain,Security Red-Team,traverse,0.16453,0.14881,0.10763,0.52534,0.54571,0.11453,0.09881,0.08763,0.54534,0.54571,0.05,0.05,0.02,-0.02,0.0,2.0,1.0,2.0,0.75,0.0,0.0,0.02325,3.9,2.6,3.5,0.375,HEX-33-PHASE-3,0.0279,0.025234,0.018252,0.089085,0.092539,understand,0.04,blast|shotgun,"Heaven over mountain — retreat. Retreat is strategic withdrawal, knowing when to yield ground."
33,Retreat,4,resolution,boundary,YIELD,guardian,reception,mountain,Security Red-Team,traverse,0.03197,0.09049,0.07931,0.63038,0.59907,0.06197,0.11049,0.09931,0.58038,0.56907,-0.03,-0.02,-0.02,0.05,0.03,0.0,-1.0,-2.0,0.75,0.0,0.0,0.031,0.8,1.9,2.1,0.5,HEX-33-PHASE-4,0.00059,0.00167,0.001464,0.011632,0.011055,understand,0.04,blast|shotgun,"Heaven over mountain — retreat. Retreat is strategic withdrawal, knowing when to yield ground."
33,Retreat,5,dissolution,boundary,YIELD,guardian,reception,mountain,Security Red-Team,traverse,0.15117,0.16217,0.17268,0.49782,0.50819,0.09117,0.12217,0.12268,0.52782,0.52819,0.06,0.04,0.05,-0.03,-0.02,0.0,1.0,2.0,0.75,0.0,0.0,0.03875,3.6,4.1,3.8,0.625,HEX-33-PHASE-5,0.000125,0.000134,0.000143,0.000412,0.00042,understand,0.04,blast|shotgun,"Heaven over mountain — retreat. Retreat is strategic withdrawal, knowing when to yield ground."
33,Retreat,6,crystallization,boundary,YIELD,guardian,reception,mountain,Security Red-Team,traverse,0.07117,0.11217,0.06595,0.56782,0.56819,0.09117,0.12217,0.07595,0.52782,0.52819,-0.02,-0.01,-0.01,0.04,0.04,0.0,1.0,2.0,0.75,0.0,0.0,0.0465,1.7,1.6,2.7,0.75,HEX-33-PHASE-6,1e-06,2e-06,1e-06,9e-06,9e-06,understand,0.04,blast|shotgun,"Heaven over mountain — retreat. Retreat is strategic withdrawal, knowing when to yield ground."
33,Retreat,7,void,boundary,YIELD,guardian,reception,mountain,Security Red-Team,traverse,0.1307,0.13291,0.13835,0.62033,0.61103,0.1307,0.13291,0.13835,0.62033,0.61103,0.0,0.0,0.0,0.0,0.0,0.0,3.0,6.0,0.75,0.0,0.0,0.05425,3.1,3.3,3.2,0.875,HEX-33-PHASE-7,0.0,0.0,0.0,0.0,0.0,understand,0.04,blast|shotgun,"Heaven over mountain — retreat. Retreat is strategic withdrawal, knowing when to yield ground."
34,Power of the Great,0,past,sovereign,ASSERT,architect,assertion,heaven,Database/Storage,harvest,0.10007,0.16247,0.17977,0.68936,0.68095,0.10007,0.16247,0.12977,0.67936,0.69095,0.0,0.0,0.05,0.01,-0.01,2.0,-3.0,-6.0,0.75,0.0,0.0,0.0,2.4,4.3,3.9,0.0,HEX-34-PHASE-0,0.064215,0.104262,0.115363,0.442374,0.436972,understand,0.04,blast|shotgun,"Thunder over heaven — power. Power of the Great is force unleashed, the thunderbolt, unstoppable momentum."
34,Power of the Great,1,present,sovereign,ASSERT,architect,assertion,heaven,Database/Storage,harvest,0.14007,0.25955,0.09563,0.62669,0.64119,0.10007,0.17955,0.09563,0.63669,0.63119,0.04,0.08,0.0,-0.01,0.01,0.0,-1.0,-2.0,0.75,0.0,0.0,0.00775,3.3,2.3,6.2,0.125,HEX-34-PHASE-1,0.140069,0.259546,0.09563,0.626686,0.641195,understand,0.04,blast|shotgun,"Thunder over heaven — power. Power of the Great is force unleashed, the thunderbolt, unstoppable momentum."
34,Power of the Great,2,future,sovereign,ASSERT,architect,assertion,heaven,Database/Storage,harvest,0.12007,0.25247,0.10417,0.64949,0.664,0.10007,0.16247,0.10417,0.64949,0.644,0.02,0.09,0.0,0.0,0.02,2.0,-1.0,-2.0,0.75,0.0,0.0,0.0155,2.8,2.5,6.0,0.25,HEX-34-PHASE-2,0.07705,0.162016,0.066845,0.416786,0.426097,understand,0.04,blast|shotgun,"Thunder over heaven — power. Power of the Great is force unleashed, the thunderbolt, unstoppable momentum."
34,Power of the Great,3,transition,sovereign,ASSERT,architect,assertion,heaven,Database/Storage,harvest,0.17141,0.23808,0.11563,0.57827,0.60132,0.12141,0.18808,0.09563,0.59827,0.60132,0.05,0.05,0.02,-0.02,0.0,0.0,1.0,2.0,0.75,0.0,0.0,0.02325,4.1,2.7,5.6,0.375,HEX-34-PHASE-3,0.029067,0.040373,0.019608,0.098061,0.101969,understand,0.04,blast|shotgun,"Thunder over heaven — power. Power of the Great is force unleashed, the thunderbolt, unstoppable momentum."
34,Power of the Great,4,resolution,sovereign,ASSERT,architect,assertion,heaven,Database/Storage,harvest,0.07007,0.14247,0.10124,0.69949,0.674,0.10007,0.16247,0.12124,0.64949,0.644,-0.03,-0.02,-0.02,0.05,0.03,2.0,-1.0,-2.0,0.75,0.0,0.0,0.031,1.7,2.4,3.4,0.5,HEX-34-PHASE-4,0.001293,0.002629,0.001868,0.012908,0.012437,understand,0.04,blast|shotgun,"Thunder over heaven — power. Power of the Great is force unleashed, the thunderbolt, unstoppable momentum."
34,Power of the Great,5,dissolution,sovereign,ASSERT,architect,assertion,heaven,Database/Storage,harvest,0.18141,0.22808,0.17977,0.56827,0.58132,0.12141,0.18808,0.12977,0.59827,0.60132,0.06,0.04,0.05,-0.03,-0.02,0.0,1.0,2.0,0.75,0.0,0.0,0.03875,4.3,4.3,5.4,0.625,HEX-34-PHASE-5,0.00015,0.000189,0.000149,0.00047,0.000481,understand,0.04,blast|shotgun,"Thunder over heaven — power. Power of the Great is force unleashed, the thunderbolt, unstoppable momentum."
34,Power of the Great,6,crystallization,sovereign,ASSERT,architect,assertion,heaven,Database/Storage,harvest,0.11848,0.16101,0.09417,0.65108,0.65412,0.13848,0.17101,0.10417,0.61108,0.61412,-0.02,-0.01,-0.01,0.04,0.04,2.0,1.0,2.0,0.75,0.0,0.0,0.0465,2.8,2.2,3.8,0.75,HEX-34-PHASE-6,2e-06,2e-06,1e-06,1e-05,1e-05,understand,0.04,blast|shotgun,"Thunder over heaven — power. Power of the Great is force unleashed, the thunderbolt, unstoppable momentum."
34,Power of the Great,7,void,sovereign,ASSERT,architect,assertion,heaven,Database/Storage,harvest,0.14711,0.20767,0.14738,0.68898,0.67953,0.14711,0.20767,0.14738,0.68898,0.67953,0.0,0.0,0.0,0.0,0.0,0.0,3.0,6.0,0.75,0.0,0.0,0.05425,3.5,3.5,4.9,0.875,HEX-34-PHASE-7,0.0,0.0,0.0,0.0,0.0,understand,0.04,blast|shotgun,"Thunder over heaven — power. Power of the Great is force unleashed, the thunderbolt, unstoppable momentum."
35,Progress,0,past,transformer,ADAPT,integrator,adaptation,earth,Async/Networking,craft,0.07694,0.15019,0.13206,0.60401,0.57912,0.07694,0.15019,0.08206,0.59401,0.58912,0.0,0.0,0.05,0.01,-0.01,-2.0,-3.0,-6.0,0.75,0.0,0.0,0.0,1.8,3.1,3.6,0.0,HEX-35-PHASE-0,0.049376,0.096379,0.084746,0.387599,0.371632,understand,0.04,blast|shotgun,"Fire over earth — progress. Progress is the sun rising, advancement through clarity and patience."
35,Progress,1,present,transformer,ADAPT,integrator,adaptation,earth,Async/Networking,craft,0.11694,0.25355,0.07622,0.54312,0.54656,0.07694,0.17355,0.07622,0.55312,0.53656,0.04,0.08,0.0,-0.01,0.01,-2.0,-1.0,-2.0,0.75,0.0,0.0,0.00775,2.8,1.8,6.0,0.125,HEX-35-PHASE-1,0.116945,0.253551,0.076222,0.543124,0.546561,understand,0.04,blast|shotgun,"Fire over earth — progress. Progress is the sun rising, advancement through clarity and patience."
35,Progress,2,future,transformer,ADAPT,integrator,adaptation,earth,Async/Networking,craft,0.09694,0.24019,0.07622,0.57065,0.57408,0.07694,0.15019,0.07622,0.57065,0.55408,0.02,0.09,0.0,0.0,0.02,0.0,-1.0,-2.0,0.75,0.0,0.0,0.0155,2.3,1.8,5.7,0.25,HEX-35-PHASE-2,0.062211,0.154133,0.048913,0.366191,0.368396,understand,0.04,blast|shotgun,"Fire over earth — progress. Progress is the sun rising, advancement through clarity and patience."
35,Progress,3,transition,transformer,ADAPT,integrator,adaptation,earth,Async/Networking,craft,0.15615,0.21187,0.09622,0.49808,0.5132,0.10615,0.16187,0.07622,0.51808,0.5132,0.05,0.05,0.02,-0.02,0.0,0.0,1.0,2.0,0.75,0.0,0.0,0.02325,3.7,2.3,5.0,0.375,HEX-35-PHASE-3,0.026479,0.035928,0.016317,0.084463,0.087026,understand,0.04,blast|shotgun,"Fire over earth — progress. Progress is the sun rising, advancement through clarity and patience."
35,Progress,4,resolution,transformer,ADAPT,integrator,adaptation,earth,Async/Networking,craft,0.04694,0.15355,0.0679,0.60312,0.56656,0.07694,0.17355,0.0879,0.55312,0.53656,-0.03,-0.02,-0.02,0.05,0.03,-2.0,-1.0,-2.0,0.75,0.0,0.0,0.031,1.1,1.6,3.6,0.5,HEX-35-PHASE-4,0.000866,0.002833,0.001253,0.011129,0.010455,understand,0.04,blast|shotgun,"Fire over earth — progress. Progress is the sun rising, advancement through clarity and patience."
35,Progress,5,dissolution,transformer,ADAPT,integrator,adaptation,earth,Async/Networking,craft,0.18951,0.22523,0.16126,0.48808,0.48736,0.12951,0.18523,0.11126,0.51808,0.50736,0.06,0.04,0.05,-0.03,-0.02,-2.0,1.0,2.0,0.75,0.0,0.0,0.03875,4.5,3.8,5.3,0.625,HEX-35-PHASE-5,0.000157,0.000186,0.000133,0.000404,0.000403,understand,0.04,blast|shotgun,"Fire over earth — progress. Progress is the sun rising, advancement through clarity and patience."
35,Progress,6,crystallization,transformer,ADAPT,integrator,adaptation,earth,Async/Networking,craft,0.08615,0.15187,0.06622,0.55808,0.5532,0.10615,0.16187,0.07622,0.51808,0.5132,-0.02,-0.01,-0.01,0.04,0.04,0.0,1.0,2.0,0.75,0.0,0.0,0.0465,2.0,1.6,3.6,0.75,HEX-35-PHASE-6,1e-06,2e-06,1e-06,9e-06,8e-06,understand,0.04,blast|shotgun,"Fire over earth — progress. Progress is the sun rising, advancement through clarity and patience."
35,Progress,7,void,transformer,ADAPT,integrator,adaptation,earth,Async/Networking,craft,0.15202,0.18784,0.14685,0.60596,0.59178,0.15202,0.18784,0.14685,0.60596,0.59178,0.0,0.0,0.0,0.0,0.0,0.0,3.0,6.0,0.75,0.0,0.0,0.05425,3.6,3.5,4.5,0.875,HEX-35-PHASE-7,0.0,0.0,0.0,0.0,0.0,understand,0.04,blast|shotgun,"Fire over earth — progress. Progress is the sun rising, advancement through clarity and patience."
36,Darkening of the Light,0,past,dissipator,WAIT,navigator,patience,fire,DevOps/CI-CD,bank,0.10113,0.19411,0.16843,0.73749,0.70436,0.10113,0.19411,0.11843,0.72749,0.71436,0.0,0.0,0.05,0.01,-0.01,-2.0,-3.0,-6.0,0.75,0.0,0.0,0.0,2.4,4.0,4.6,0.0,HEX-36-PHASE-0,0.064895,0.124566,0.108082,0.473255,0.451998,understand,0.04,blast|shotgun,"Earth over fire — darkening. Darkening of the Light is persecution, the wise forced into hiding, inner light obscured."
36,Darkening of the Light,1,present,dissipator,WAIT,navigator,patience,fire,DevOps/CI-CD,bank,0.14113,0.2849,0.11573,0.69862,0.7001,0.10113,0.2049,0.11573,0.70862,0.6901,0.04,0.08,0.0,-0.01,0.01,-2.0,-1.0,-2.0,0.75,0.0,0.0,0.00775,3.3,2.7,6.8,0.125,HEX-36-PHASE-1,0.141128,0.284896,0.115731,0.698618,0.700101,understand,0.04,blast|shotgun,"Earth over fire — darkening. Darkening of the Light is persecution, the wise forced into hiding, inner light obscured."
36,Darkening of the Light,2,future,dissipator,WAIT,navigator,patience,fire,DevOps/CI-CD,bank,0.12113,0.28411,0.11573,0.7167,0.71819,0.10113,0.19411,0.11573,0.7167,0.69819,0.02,0.09,0.0,0.0,0.02,0.0,-1.0,-2.0,0.75,0.0,0.0,0.0155,2.9,2.7,6.7,0.25,HEX-36-PHASE-2,0.077729,0.18232,0.074266,0.459918,0.46087,understand,0.04,blast|shotgun,"Earth over fire — darkening. Darkening of the Light is persecution, the wise forced into hiding, inner light obscured."
36,Darkening of the Light,3,transition,dissipator,WAIT,navigator,patience,fire,DevOps/CI-CD,bank,0.16461,0.24951,0.13573,0.67244,0.67932,0.11461,0.19951,0.11573,0.69244,0.67932,0.05,0.05,0.02,-0.02,0.0,0.0,1.0,2.0,0.75,0.0,0.0,0.02325,3.9,3.2,5.9,0.375,HEX-36-PHASE-3,0.027913,0.04231,0.023017,0.11403,0.115196,understand,0.04,blast|shotgun,"Earth over fire — darkening. Darkening of the Light is persecution, the wise forced into hiding, inner light obscured."
36,Darkening of the Light,4,resolution,dissipator,WAIT,navigator,patience,fire,DevOps/CI-CD,bank,0.07113,0.1849,0.10112,0.75862,0.7201,0.10113,0.2049,0.12112,0.70862,0.6901,-0.03,-0.02,-0.02,0.05,0.03,-2.0,-1.0,-2.0,0.75,0.0,0.0,0.031,1.7,2.4,4.4,0.5,HEX-36-PHASE-4,0.001313,0.003412,0.001866,0.013999,0.013288,understand,0.04,blast|shotgun,"Earth over fire — darkening. Darkening of the Light is persecution, the wise forced into hiding, inner light obscured."
36,Darkening of the Light,5,dissolution,dissipator,WAIT,navigator,patience,fire,DevOps/CI-CD,bank,0.18539,0.25029,0.1819,0.66244,0.65662,0.12539,0.21029,0.1319,0.69244,0.67662,0.06,0.04,0.05,-0.03,-0.02,-2.0,1.0,2.0,0.75,0.0,0.0,0.03875,4.4,4.3,5.9,0.625,HEX-36-PHASE-5,0.000153,0.000207,0.00015,0.000548,0.000543,understand,0.04,blast|shotgun,"Earth over fire — darkening. Darkening of the Light is persecution, the wise forced into hiding, inner light obscured."
36,Darkening of the Light,6,crystallization,dissipator,WAIT,navigator,patience,fire,DevOps/CI-CD,bank,0.09461,0.18951,0.10573,0.73244,0.71932,0.11461,0.19951,0.11573,0.69244,0.67932,-0.02,-0.01,-0.01,0.04,0.04,0.0,1.0,2.0,0.75,0.0,0.0,0.0465,2.2,2.5,4.5,0.75,HEX-36-PHASE-6,1e-06,3e-06,2e-06,1.1e-05,1.1e-05,understand,0.04,blast|shotgun,"Earth over fire — darkening. Darkening of the Light is persecution, the wise forced into hiding, inner light obscured."
36,Darkening of the Light,7,void,dissipator,WAIT,navigator,patience,fire,DevOps/CI-CD,bank,0.14156,0.2049,0.14808,0.69244,0.67662,0.14156,0.2049,0.14808,0.69244,0.67662,0.0,0.0,0.0,0.0,0.0,0.0,3.0,6.0,0.75,0.0,0.0,0.05425,3.4,3.5,4.9,0.875,HEX-36-PHASE-7,0.0,0.0,0.0,0.0,0.0,understand,0.04,blast|shotgun,"Earth over fire — darkening. Darkening of the Light is persecution, the wise forced into hiding, inner light obscured."
37,The Family,0,past,transformer,YIELD,integrator,reception,fire,Research,equip,0.08305,0.13809,0.17183,0.56199,0.57182,0.08305,0.13809,0.12183,0.55199,0.58182,0.0,0.0,0.05,0.01,-0.01,2.0,-3.0,-6.0,0.75,0.0,0.0,0.0,2.0,4.1,3.3,0.0,HEX-37-PHASE-0,0.053293,0.088612,0.110268,0.360635,0.366946,understand,0.04,blast|shotgun,"Wind over fire — the family. The Family is structure, roles, the bonds that hold through storm."
37,The Family,1,present,transformer,YIELD,integrator,reception,fire,Research,equip,0.12305,0.21809,0.07736,0.4901,0.51028,0.08305,0.13809,0.07736,0.5001,0.50028,0.04,0.08,0.0,-0.01,0.01,2.0,-1.0,-2.0,0.75,0.0,0.0,0.00775,2.9,1.8,5.2,0.125,HEX-37-PHASE-1,0.123048,0.218086,0.077358,0.4901,0.510282,understand,0.04,blast|shotgun,"Wind over fire — the family. The Family is structure, roles, the bonds that hold through storm."
37,The Family,2,future,transformer,YIELD,integrator,reception,fire,Research,equip,0.10305,0.22809,0.07736,0.5001,0.52028,0.08305,0.13809,0.07736,0.5001,0.50028,0.02,0.09,0.0,0.0,0.02,2.0,-1.0,-2.0,0.75,0.0,0.0,0.0155,2.4,1.8,5.4,0.25,HEX-37-PHASE-2,0.066127,0.146366,0.049642,0.32092,0.333872,understand,0.04,blast|shotgun,"Wind over fire — the family. The Family is structure, roles, the bonds that hold through storm."
37,The Family,3,transition,transformer,YIELD,integrator,reception,fire,Research,equip,0.19976,0.20291,0.09736,0.41339,0.44839,0.14976,0.15291,0.07736,0.43339,0.44839,0.05,0.05,0.02,-0.02,0.0,2.0,1.0,2.0,0.75,0.0,0.0,0.02325,4.7,2.3,4.8,0.375,HEX-37-PHASE-3,0.033875,0.034409,0.01651,0.0701,0.076037,understand,0.04,blast|shotgun,"Wind over fire — the family. The Family is structure, roles, the bonds that hold through storm."
37,The Family,4,resolution,transformer,YIELD,integrator,reception,fire,Research,equip,0.05305,0.14774,0.07218,0.52786,0.50804,0.08305,0.16774,0.09218,0.47786,0.47804,-0.03,-0.02,-0.02,0.05,0.03,0.0,-1.0,-2.0,0.75,0.0,0.0,0.031,1.3,1.7,3.5,0.5,HEX-37-PHASE-4,0.000979,0.002726,0.001332,0.009741,0.009375,understand,0.04,blast|shotgun,"Wind over fire — the family. The Family is structure, roles, the bonds that hold through storm."
37,The Family,5,dissolution,transformer,YIELD,integrator,reception,fire,Research,equip,0.18011,0.22256,0.17183,0.38115,0.40616,0.12011,0.18256,0.12183,0.41115,0.42616,0.06,0.04,0.05,-0.03,-0.02,0.0,1.0,2.0,0.75,0.0,0.0,0.03875,4.3,4.1,5.3,0.625,HEX-37-PHASE-5,0.000149,0.000184,0.000142,0.000315,0.000336,understand,0.04,blast|shotgun,"Wind over fire — the family. The Family is structure, roles, the bonds that hold through storm."
37,The Family,6,crystallization,transformer,YIELD,integrator,reception,fire,Research,equip,0.10011,0.17256,0.05253,0.45115,0.46616,0.12011,0.18256,0.06253,0.41115,0.42616,-0.02,-0.01,-0.01,0.04,0.04,0.0,1.0,2.0,0.75,0.0,0.0,0.0465,2.4,1.2,4.1,0.75,HEX-37-PHASE-6,2e-06,3e-06,1e-06,7e-06,7e-06,understand,0.04,blast|shotgun,"Wind over fire — the family. The Family is structure, roles, the bonds that hold through storm."
37,The Family,7,void,transformer,YIELD,integrator,reception,fire,Research,equip,0.17807,0.20359,0.15081,0.50306,0.50406,0.17807,0.20359,0.15081,0.50306,0.50406,0.0,0.0,0.0,0.0,0.0,0.0,3.0,6.0,0.75,0.0,0.0,0.05425,4.2,3.6,4.8,0.875,HEX-37-PHASE-7,0.0,0.0,0.0,0.0,0.0,understand,0.04,blast|shotgun,"Wind over fire — the family. The Family is structure, roles, the bonds that hold through storm."
38,Opposition,0,past,dissipator,ADAPT,navigator,adaptation,lake,Dev,cast,0.10737,0.20135,0.1866,0.74881,0.72426,0.10737,0.20135,0.1366,0.73881,0.73426,0.0,0.0,0.05,0.01,-0.01,2.0,-3.0,-6.0,0.75,0.0,0.0,0.0,2.5,4.4,4.8,0.0,HEX-38-PHASE-0,0.068898,0.129211,0.119745,0.48052,0.464768,understand,0.04,blast|shotgun,"Fire over lake — opposition. Opposition is estrangement, the fire and water that cannot mix, divergence."
38,Opposition,1,present,dissipator,ADAPT,navigator,adaptation,lake,Dev,cast,0.14737,0.29214,0.11504,0.70185,0.70652,0.10737,0.21214,0.11504,0.71185,0.69652,0.04,0.08,0.0,-0.01,0.01,0.0,-1.0,-2.0,0.75,0.0,0.0,0.00775,3.5,2.7,6.9,0.125,HEX-38-PHASE-1,0.147366,0.292136,0.115038,0.701852,0.706524,understand,0.04,blast|shotgun,"Fire over lake — opposition. Opposition is estrangement, the fire and water that cannot mix, divergence."
38,Opposition,2,future,dissipator,ADAPT,navigator,adaptation,lake,Dev,cast,0.12737,0.29135,0.12043,0.71994,0.72461,0.10737,0.20135,0.12043,0.71994,0.70461,0.02,0.09,0.0,0.0,0.02,2.0,-1.0,-2.0,0.75,0.0,0.0,0.0155,3.0,2.9,6.9,0.25,HEX-38-PHASE-2,0.081732,0.186965,0.077281,0.461994,0.464992,understand,0.04,blast|shotgun,"Fire over lake — opposition. Opposition is estrangement, the fire and water that cannot mix, divergence."
38,Opposition,3,transition,dissipator,ADAPT,navigator,adaptation,lake,Dev,cast,0.17084,0.26753,0.13504,0.66759,0.67766,0.12084,0.21753,0.11504,0.68759,0.67766,0.05,0.05,0.02,-0.02,0.0,0.0,1.0,2.0,0.75,0.0,0.0,0.02325,4.1,3.2,6.3,0.375,HEX-38-PHASE-3,0.028971,0.045366,0.022899,0.113207,0.114914,understand,0.04,blast|shotgun,"Fire over lake — opposition. Opposition is estrangement, the fire and water that cannot mix, divergence."
38,Opposition,4,resolution,dissipator,ADAPT,navigator,adaptation,lake,Dev,cast,0.07737,0.18135,0.11121,0.76994,0.73461,0.10737,0.20135,0.13121,0.71994,0.70461,-0.03,-0.02,-0.02,0.05,0.03,2.0,-1.0,-2.0,0.75,0.0,0.0,0.031,1.8,2.6,4.3,0.5,HEX-38-PHASE-4,0.001428,0.003347,0.002052,0.014208,0.013556,understand,0.04,blast|shotgun,"Fire over lake — opposition. Opposition is estrangement, the fire and water that cannot mix, divergence."
38,Opposition,5,dissolution,dissipator,ADAPT,navigator,adaptation,lake,Dev,cast,0.18084,0.25753,0.1866,0.65759,0.65766,0.12084,0.21753,0.1366,0.68759,0.67766,0.06,0.04,0.05,-0.03,-0.02,0.0,1.0,2.0,0.75,0.0,0.0,0.03875,4.3,4.4,6.1,0.625,HEX-38-PHASE-5,0.00015,0.000213,0.000154,0.000544,0.000544,understand,0.04,blast|shotgun,"Fire over lake — opposition. Opposition is estrangement, the fire and water that cannot mix, divergence."
38,Opposition,6,crystallization,dissipator,ADAPT,navigator,adaptation,lake,Dev,cast,0.11163,0.19674,0.11043,0.73568,0.72574,0.13163,0.20674,0.12043,0.69568,0.68574,-0.02,-0.01,-0.01,0.04,0.04,2.0,1.0,2.0,0.75,0.0,0.0,0.0465,2.6,2.6,4.7,0.75,HEX-38-PHASE-6,2e-06,3e-06,2e-06,1.1e-05,1.1e-05,understand,0.04,blast|shotgun,"Fire over lake — opposition. Opposition is estrangement, the fire and water that cannot mix, divergence."
38,Opposition,7,void,dissipator,ADAPT,navigator,adaptation,lake,Dev,cast,0.1478,0.22292,0.14738,0.68759,0.67496,0.1478,0.22292,0.14738,0.68759,0.67496,0.0,0.0,0.0,0.0,0.0,0.0,3.0,6.0,0.75,0.0,0.0,0.05425,3.5,3.5,5.3,0.875,HEX-38-PHASE-7,0.0,0.0,0.0,0.0,0.0,understand,0.04,blast|shotgun,"Fire over lake — opposition. Opposition is estrangement, the fire and water that cannot mix, divergence."
39,Obstruction,0,past,dissipator,WAIT,navigator,patience,mountain,HTML,dialogue,0.10446,0.16418,0.17953,0.6541,0.63363,0.10446,0.16418,0.12953,0.6441,0.64363,0.0,0.0,0.05,0.01,-0.01,-2.0,-3.0,-6.0,0.75,0.0,0.0,0.0,2.5,4.3,3.9,0.0,HEX-39-PHASE-0,0.067032,0.105357,0.115207,0.419744,0.40661,understand,0.04,blast|shotgun,"Water over mountain — obstruction. Obstruction is the blocked path, the need to find another way, perseverance."
39,Obstruction,1,present,dissipator,WAIT,navigator,patience,mountain,HTML,dialogue,0.14446,0.26125,0.12526,0.60422,0.61522,0.10446,0.18125,0.12526,0.61422,0.60522,0.04,0.08,0.0,-0.01,0.01,-2.0,-1.0,-2.0,0.75,0.0,0.0,0.00775,3.4,3.0,6.2,0.125,HEX-39-PHASE-1,0.144458,0.261253,0.125262,0.604224,0.615222,understand,0.04,blast|shotgun,"Water over mountain — obstruction. Obstruction is the blocked path, the need to find another way, perseverance."
39,Obstruction,2,future,dissipator,WAIT,navigator,patience,mountain,HTML,dialogue,0.12446,0.27125,0.12526,0.61422,0.62522,0.10446,0.18125,0.12526,0.61422,0.60522,0.02,0.09,0.0,0.0,0.02,-2.0,-1.0,-2.0,0.75,0.0,0.0,0.0155,3.0,3.0,6.4,0.25,HEX-39-PHASE-2,0.079867,0.174066,0.080382,0.394156,0.401213,understand,0.04,blast|shotgun,"Water over mountain — obstruction. Obstruction is the blocked path, the need to find another way, perseverance."
39,Obstruction,3,transition,dissipator,WAIT,navigator,patience,mountain,HTML,dialogue,0.19287,0.23979,0.14526,0.56862,0.58388,0.14287,0.18979,0.12526,0.58862,0.58388,0.05,0.05,0.02,-0.02,0.0,-2.0,1.0,2.0,0.75,0.0,0.0,0.02325,4.6,3.4,5.7,0.375,HEX-39-PHASE-3,0.032706,0.040662,0.024633,0.096424,0.099012,understand,0.04,blast|shotgun,"Water over mountain — obstruction. Obstruction is the blocked path, the need to find another way, perseverance."
39,Obstruction,4,resolution,dissipator,WAIT,navigator,patience,mountain,HTML,dialogue,0.07446,0.14418,0.12233,0.67703,0.64803,0.10446,0.16418,0.14233,0.62703,0.61803,-0.03,-0.02,-0.02,0.05,0.03,0.0,-1.0,-2.0,0.75,0.0,0.0,0.031,1.8,2.9,3.4,0.5,HEX-39-PHASE-4,0.001374,0.002661,0.002257,0.012493,0.011958,understand,0.04,blast|shotgun,"Water over mountain — obstruction. Obstruction is the blocked path, the need to find another way, perseverance."
39,Obstruction,5,dissolution,dissipator,WAIT,navigator,patience,mountain,HTML,dialogue,0.1858,0.21272,0.20941,0.55862,0.56815,0.1258,0.17272,0.15941,0.58862,0.58815,0.06,0.04,0.05,-0.03,-0.02,0.0,1.0,2.0,0.75,0.0,0.0,0.03875,4.4,5.0,5.0,0.625,HEX-39-PHASE-5,0.000154,0.000176,0.000173,0.000462,0.00047,understand,0.04,blast|shotgun,"Water over mountain — obstruction. Obstruction is the blocked path, the need to find another way, perseverance."
39,Obstruction,6,crystallization,dissipator,WAIT,navigator,patience,mountain,HTML,dialogue,0.1058,0.16272,0.11526,0.62862,0.62815,0.1258,0.17272,0.12526,0.58862,0.58815,-0.02,-0.01,-0.01,0.04,0.04,0.0,1.0,2.0,0.75,0.0,0.0,0.0465,2.5,2.7,3.9,0.75,HEX-39-PHASE-6,2e-06,2e-06,2e-06,1e-05,1e-05,understand,0.04,blast|shotgun,"Water over mountain — obstruction. Obstruction is the blocked path, the need to find another way, perseverance."
39,Obstruction,7,void,dissipator,WAIT,navigator,patience,mountain,HTML,dialogue,0.14988,0.19797,0.1661,0.68288,0.67122,0.14988,0.19797,0.1661,0.68288,0.67122,0.0,0.0,0.0,0.0,0.0,0.0,3.0,6.0,0.75,0.0,0.0,0.05425,3.6,3.9,4.7,0.875,HEX-39-PHASE-7,0.0,0.0,0.0,0.0,0.0,understand,0.04,blast|shotgun,"Water over mountain — obstruction. Obstruction is the blocked path, the need to find another way, perseverance."
40,Deliverance,0,past,transformer,ADAPT,integrator,adaptation,water,Robotics,forensics,0.12034,0.20051,0.13228,0.63338,0.62023,0.12034,0.20051,0.08228,0.62338,0.63023,0.0,0.0,0.05,0.01,-0.01,-2.0,-3.0,-6.0,0.75,0.0,0.0,0.0,2.9,3.1,4.8,0.0,HEX-40-PHASE-0,0.077226,0.128672,0.084886,0.406445,0.398011,understand,0.04,blast|shotgun,"Thunder over water — deliverance. Deliverance is release, the storm breaking, relief after tension."
40,Deliverance,1,present,transformer,ADAPT,integrator,adaptation,water,Robotics,forensics,0.16034,0.28051,0.07801,0.5963,0.61462,0.12034,0.20051,0.07801,0.6063,0.60462,0.04,0.08,0.0,-0.01,0.01,0.0,-1.0,-2.0,0.75,0.0,0.0,0.00775,3.8,1.9,6.7,0.125,HEX-40-PHASE-1,0.160343,0.280513,0.078013,0.596303,0.614625,understand,0.04,blast|shotgun,"Thunder over water — deliverance. Deliverance is release, the storm breaking, relief after tension."
40,Deliverance,2,future,transformer,ADAPT,integrator,adaptation,water,Robotics,forensics,0.14034,0.30758,0.07801,0.5935,0.61182,0.12034,0.21758,0.07801,0.5935,0.59182,0.02,0.09,0.0,0.0,0.02,-2.0,-1.0,-2.0,0.75,0.0,0.0,0.0155,3.3,1.9,7.3,0.25,HEX-40-PHASE-2,0.09006,0.197381,0.050062,0.380856,0.392613,understand,0.04,blast|shotgun,"Thunder over water — deliverance. Deliverance is release, the storm breaking, relief after tension."
40,Deliverance,3,transition,transformer,ADAPT,integrator,adaptation,water,Robotics,forensics,0.19168,0.25905,0.09801,0.54789,0.57475,0.14168,0.20905,0.07801,0.56789,0.57475,0.05,0.05,0.02,-0.02,0.0,0.0,1.0,2.0,0.75,0.0,0.0,0.02325,4.5,2.3,6.1,0.375,HEX-40-PHASE-3,0.032505,0.043928,0.016621,0.092909,0.097463,understand,0.04,blast|shotgun,"Thunder over water — deliverance. Deliverance is release, the storm breaking, relief after tension."
40,Deliverance,4,resolution,transformer,ADAPT,integrator,adaptation,water,Robotics,forensics,0.09034,0.19758,0.06655,0.6435,0.62182,0.12034,0.21758,0.08655,0.5935,0.59182,-0.03,-0.02,-0.02,0.05,0.03,-2.0,-1.0,-2.0,0.75,0.0,0.0,0.031,2.1,1.6,4.7,0.5,HEX-40-PHASE-4,0.001667,0.003646,0.001228,0.011875,0.011474,understand,0.04,blast|shotgun,"Thunder over water — deliverance. Deliverance is release, the storm breaking, relief after tension."
40,Deliverance,5,dissolution,transformer,ADAPT,integrator,adaptation,water,Robotics,forensics,0.20168,0.24905,0.16216,0.53789,0.55475,0.14168,0.20905,0.11216,0.56789,0.57475,0.06,0.04,0.05,-0.03,-0.02,0.0,1.0,2.0,0.75,0.0,0.0,0.03875,4.8,3.8,5.9,0.625,HEX-40-PHASE-5,0.000167,0.000206,0.000134,0.000445,0.000459,understand,0.04,blast|shotgun,"Thunder over water — deliverance. Deliverance is release, the storm breaking, relief after tension."
40,Deliverance,6,crystallization,transformer,ADAPT,integrator,adaptation,water,Robotics,forensics,0.13875,0.21612,0.06801,0.60789,0.61048,0.15875,0.22612,0.07801,0.56789,0.57048,-0.02,-0.01,-0.01,0.04,0.04,-2.0,1.0,2.0,0.75,0.0,0.0,0.0465,3.3,1.6,5.1,0.75,HEX-40-PHASE-6,2e-06,3e-06,1e-06,9e-06,9e-06,understand,0.04,blast|shotgun,"Thunder over water — deliverance. Deliverance is release, the storm breaking, relief after tension."
40,Deliverance,7,void,transformer,ADAPT,integrator,adaptation,water,Robotics,forensics,0.15565,0.23794,0.10079,0.66695,0.65566,0.15565,0.23794,0.10079,0.66695,0.65566,0.0,0.0,0.0,0.0,0.0,0.0,3.0,6.0,0.75,0.0,0.0,0.05425,3.7,2.4,5.6,0.875,HEX-40-PHASE-7,0.0,0.0,0.0,0.0,0.0,understand,0.04,blast|shotgun,"Thunder over water — deliverance. Deliverance is release, the storm breaking, relief after tension."
41,Decrease,0,past,transformer,YIELD,integrator,reception,lake,Game Dev,attack,0.07912,0.16481,0.13095,0.56047,0.53728,0.07912,0.16481,0.08095,0.55047,0.54728,0.0,0.0,0.05,0.01,-0.01,0.0,-3.0,-6.0,0.75,0.0,0.0,0.0,1.9,3.1,3.9,0.0,HEX-41-PHASE-0,0.050773,0.105761,0.084032,0.359662,0.344778,understand,0.04,blast|shotgun,"Mountain over lake — decrease. Decrease is loss that serves, giving up to gain, the valley that becomes deep."
41,Decrease,1,present,transformer,YIELD,integrator,reception,lake,Game Dev,attack,0.11912,0.25964,0.04759,0.47376,0.48315,0.07912,0.17964,0.04759,0.48376,0.47315,0.04,0.08,0.0,-0.01,0.01,0.0,-1.0,-2.0,0.75,0.0,0.0,0.00775,2.8,1.1,6.2,0.125,HEX-41-PHASE-1,0.11912,0.259635,0.047592,0.473757,0.48315,understand,0.04,blast|shotgun,"Mountain over lake — decrease. Decrease is loss that serves, giving up to gain, the valley that becomes deep."
41,Decrease,2,future,transformer,YIELD,integrator,reception,lake,Game Dev,attack,0.09912,0.26964,0.04759,0.48376,0.49315,0.07912,0.17964,0.04759,0.48376,0.47315,0.02,0.09,0.0,0.0,0.02,0.0,-1.0,-2.0,0.75,0.0,0.0,0.0155,2.4,1.1,6.4,0.25,HEX-41-PHASE-2,0.063607,0.173029,0.03054,0.310433,0.316461,understand,0.04,blast|shotgun,"Mountain over lake — decrease. Decrease is loss that serves, giving up to gain, the valley that becomes deep."
41,Decrease,3,transition,transformer,YIELD,integrator,reception,lake,Game Dev,attack,0.16618,0.24446,0.06759,0.39704,0.42126,0.11618,0.19446,0.04759,0.41704,0.42126,0.05,0.05,0.02,-0.02,0.0,0.0,1.0,2.0,0.75,0.0,0.0,0.02325,3.9,1.6,5.8,0.375,HEX-41-PHASE-3,0.028181,0.041455,0.011462,0.067329,0.071436,understand,0.04,blast|shotgun,"Mountain over lake — decrease. Decrease is loss that serves, giving up to gain, the valley that becomes deep."
41,Decrease,4,resolution,transformer,YIELD,integrator,reception,lake,Game Dev,attack,0.04912,0.15964,0.05724,0.53376,0.50315,0.07912,0.17964,0.07724,0.48376,0.47315,-0.03,-0.02,-0.02,0.05,0.03,0.0,-1.0,-2.0,0.75,0.0,0.0,0.031,1.2,1.4,3.8,0.5,HEX-41-PHASE-4,0.000906,0.002946,0.001056,0.009849,0.009285,understand,0.04,blast|shotgun,"Mountain over lake — decrease. Decrease is loss that serves, giving up to gain, the valley that becomes deep."
41,Decrease,5,dissolution,transformer,YIELD,integrator,reception,lake,Game Dev,attack,0.17618,0.23446,0.15689,0.38704,0.40126,0.11618,0.19446,0.10689,0.41704,0.42126,0.06,0.04,0.05,-0.03,-0.02,0.0,1.0,2.0,0.75,0.0,0.0,0.03875,4.2,3.7,5.6,0.625,HEX-41-PHASE-5,0.000146,0.000194,0.00013,0.00032,0.000332,understand,0.04,blast|shotgun,"Mountain over lake — decrease. Decrease is loss that serves, giving up to gain, the valley that becomes deep."
41,Decrease,6,crystallization,transformer,YIELD,integrator,reception,lake,Game Dev,attack,0.09618,0.18446,0.03759,0.45704,0.46126,0.11618,0.19446,0.04759,0.41704,0.42126,-0.02,-0.01,-0.01,0.04,0.04,0.0,1.0,2.0,0.75,0.0,0.0,0.0465,2.3,0.9,4.4,0.75,HEX-41-PHASE-6,1e-06,3e-06,1e-06,7e-06,7e-06,understand,0.04,blast|shotgun,"Mountain over lake — decrease. Decrease is loss that serves, giving up to gain, the valley that becomes deep."
41,Decrease,7,void,transformer,YIELD,integrator,reception,lake,Game Dev,attack,0.17252,0.22276,0.11862,0.50608,0.49612,0.17252,0.22276,0.11862,0.50608,0.49612,0.0,0.0,0.0,0.0,0.0,0.0,3.0,6.0,0.75,0.0,0.0,0.05425,4.1,2.8,5.3,0.875,HEX-41-PHASE-7,0.0,0.0,0.0,0.0,0.0,understand,0.04,blast|shotgun,"Mountain over lake — decrease. Decrease is loss that serves, giving up to gain, the valley that becomes deep."
42,Increase,0,past,transformer,ASSERT,integrator,assertion,thunder,Analytics,interact,0.095,0.13936,0.14623,0.61861,0.60726,0.095,0.13936,0.09623,0.60861,0.61726,0.0,0.0,0.05,0.01,-0.01,0.0,-3.0,-6.0,0.75,0.0,0.0,0.0,2.3,3.5,3.3,0.0,HEX-42-PHASE-0,0.060966,0.089427,0.093836,0.396972,0.389687,understand,0.04,blast|shotgun,"Wind over thunder — increase. Increase is growth, the seed becoming tree, abundance through right action."
42,Increase,1,present,transformer,ASSERT,integrator,assertion,thunder,Analytics,interact,0.135,0.23104,0.06995,0.54605,0.56886,0.095,0.15104,0.06995,0.55605,0.55886,0.04,0.08,0.0,-0.01,0.01,0.0,-1.0,-2.0,0.75,0.0,0.0,0.00775,3.2,1.7,5.5,0.125,HEX-42-PHASE-1,0.135005,0.231037,0.069946,0.546051,0.568857,understand,0.04,blast|shotgun,"Wind over thunder — increase. Increase is growth, the seed becoming tree, abundance through right action."
42,Increase,2,future,transformer,ASSERT,integrator,assertion,thunder,Analytics,interact,0.115,0.24104,0.06995,0.55605,0.57886,0.095,0.15104,0.06995,0.55605,0.55886,0.02,0.09,0.0,0.0,0.02,0.0,-1.0,-2.0,0.75,0.0,0.0,0.0155,2.7,1.7,5.7,0.25,HEX-42-PHASE-2,0.0738,0.154677,0.044885,0.356825,0.37146,understand,0.04,blast|shotgun,"Wind over thunder — increase. Increase is growth, the seed becoming tree, abundance through right action."
42,Increase,3,transition,transformer,ASSERT,integrator,assertion,thunder,Analytics,interact,0.17421,0.21272,0.08995,0.48349,0.51798,0.12421,0.16272,0.06995,0.50349,0.51798,0.05,0.05,0.02,-0.02,0.0,0.0,1.0,2.0,0.75,0.0,0.0,0.02325,4.1,2.1,5.0,0.375,HEX-42-PHASE-3,0.029541,0.036072,0.015253,0.081988,0.087836,understand,0.04,blast|shotgun,"Wind over thunder — increase. Increase is growth, the seed becoming tree, abundance through right action."
42,Increase,4,resolution,transformer,ASSERT,integrator,assertion,thunder,Analytics,interact,0.065,0.13104,0.07331,0.60605,0.58886,0.095,0.15104,0.09331,0.55605,0.55886,-0.03,-0.02,-0.02,0.05,0.03,0.0,-1.0,-2.0,0.75,0.0,0.0,0.031,1.5,1.7,3.1,0.5,HEX-42-PHASE-4,0.0012,0.002418,0.001353,0.011183,0.010866,understand,0.04,blast|shotgun,"Wind over thunder — increase. Increase is growth, the seed becoming tree, abundance through right action."
42,Increase,5,dissolution,transformer,ASSERT,integrator,assertion,thunder,Analytics,interact,0.18421,0.20272,0.16667,0.47349,0.49798,0.12421,0.16272,0.11667,0.50349,0.51798,0.06,0.04,0.05,-0.03,-0.02,0.0,1.0,2.0,0.75,0.0,0.0,0.03875,4.4,4.0,4.8,0.625,HEX-42-PHASE-5,0.000152,0.000168,0.000138,0.000392,0.000412,understand,0.04,blast|shotgun,"Wind over thunder — increase. Increase is growth, the seed becoming tree, abundance through right action."
42,Increase,6,crystallization,transformer,ASSERT,integrator,assertion,thunder,Analytics,interact,0.10421,0.15272,0.05995,0.54349,0.55798,0.12421,0.16272,0.06995,0.50349,0.51798,-0.02,-0.01,-0.01,0.04,0.04,0.0,1.0,2.0,0.75,0.0,0.0,0.0465,2.5,1.4,3.6,0.75,HEX-42-PHASE-6,2e-06,2e-06,1e-06,8e-06,9e-06,understand,0.04,blast|shotgun,"Wind over thunder — increase. Increase is growth, the seed becoming tree, abundance through right action."
42,Increase,7,void,transformer,ASSERT,integrator,assertion,thunder,Analytics,interact,0.15485,0.16254,0.13396,0.60255,0.60357,0.15485,0.16254,0.13396,0.60255,0.60357,0.0,0.0,0.0,0.0,0.0,0.0,3.0,6.0,0.75,0.0,0.0,0.05425,3.7,3.2,3.9,0.875,HEX-42-PHASE-7,0.0,0.0,0.0,0.0,0.0,understand,0.04,blast|shotgun,"Wind over thunder — increase. Increase is growth, the seed becoming tree, abundance through right action."
43,Breakthrough,0,past,sovereign,ASSERT,architect,assertion,heaven,Blueprinting,traverse,0.10575,0.11001,0.18286,0.58365,0.61792,0.10575,0.11001,0.13286,0.57365,0.62792,0.0,0.0,0.05,0.01,-0.01,4.0,-3.0,-6.0,0.75,0.0,0.0,0.0,2.5,4.3,2.6,0.0,HEX-43-PHASE-0,0.06786,0.070597,0.117342,0.374535,0.396527,understand,0.04,blast|shotgun,"Lake over heaven — breakthrough. Breakthrough is decisive action, the final push, resolution through clarity."
43,Breakthrough,1,present,sovereign,ASSERT,architect,assertion,heaven,Blueprinting,traverse,0.10868,0.19743,0.06244,0.50435,0.52673,0.06868,0.11743,0.06244,0.51435,0.51673,0.04,0.08,0.0,-0.01,0.01,2.0,-1.0,-2.0,0.75,0.0,0.0,0.00775,2.6,1.5,4.7,0.125,HEX-43-PHASE-1,0.108685,0.197427,0.062437,0.504347,0.526729,understand,0.04,blast|shotgun,"Lake over heaven — breakthrough. Breakthrough is decisive action, the final push, resolution through clarity."
43,Breakthrough,2,future,sovereign,ASSERT,architect,assertion,heaven,Blueprinting,traverse,0.08868,0.20743,0.06244,0.51435,0.53673,0.06868,0.11743,0.06244,0.51435,0.51673,0.02,0.09,0.0,0.0,0.02,2.0,-1.0,-2.0,0.75,0.0,0.0,0.0155,2.1,1.5,4.9,0.25,HEX-43-PHASE-2,0.05691,0.133108,0.040066,0.330063,0.344426,understand,0.04,blast|shotgun,"Lake over heaven — breakthrough. Breakthrough is decisive action, the final push, resolution through clarity."
43,Breakthrough,3,transition,sovereign,ASSERT,architect,assertion,heaven,Blueprinting,traverse,0.15575,0.2119,0.06761,0.4054,0.4426,0.10575,0.1619,0.04761,0.4254,0.4426,0.05,0.05,0.02,-0.02,0.0,0.0,1.0,2.0,0.75,0.0,0.0,0.02325,3.7,1.6,5.0,0.375,HEX-43-PHASE-3,0.026411,0.035934,0.011465,0.068745,0.075054,understand,0.04,blast|shotgun,"Lake over heaven — breakthrough. Breakthrough is decisive action, the final push, resolution through clarity."
43,Breakthrough,4,resolution,sovereign,ASSERT,architect,assertion,heaven,Blueprinting,traverse,0.06092,0.09001,0.08691,0.58659,0.56897,0.09092,0.11001,0.10691,0.53659,0.53897,-0.03,-0.02,-0.02,0.05,0.03,4.0,-1.0,-2.0,0.75,0.0,0.0,0.031,1.4,2.1,2.1,0.5,HEX-43-PHASE-4,0.001124,0.001661,0.001604,0.010824,0.010499,understand,0.04,blast|shotgun,"Lake over heaven — breakthrough. Breakthrough is decisive action, the final push, resolution through clarity."
43,Breakthrough,5,dissolution,sovereign,ASSERT,architect,assertion,heaven,Blueprinting,traverse,0.1954,0.17225,0.17174,0.41763,0.44484,0.1354,0.13225,0.12174,0.44763,0.46484,0.06,0.04,0.05,-0.03,-0.02,2.0,1.0,2.0,0.75,0.0,0.0,0.03875,4.6,4.1,4.1,0.625,HEX-43-PHASE-5,0.000162,0.000142,0.000142,0.000345,0.000368,understand,0.04,blast|shotgun,"Lake over heaven — breakthrough. Breakthrough is decisive action, the final push, resolution through clarity."
43,Breakthrough,6,crystallization,sovereign,ASSERT,architect,assertion,heaven,Blueprinting,traverse,0.1154,0.12225,0.05244,0.48763,0.50484,0.1354,0.13225,0.06244,0.44763,0.46484,-0.02,-0.01,-0.01,0.04,0.04,2.0,1.0,2.0,0.75,0.0,0.0,0.0465,2.7,1.2,2.9,0.75,HEX-43-PHASE-6,2e-06,2e-06,1e-06,7e-06,8e-06,understand,0.04,blast|shotgun,"Lake over heaven — breakthrough. Breakthrough is decisive action, the final push, resolution through clarity."
43,Breakthrough,7,void,sovereign,ASSERT,architect,assertion,heaven,Blueprinting,traverse,0.15858,0.16689,0.13252,0.52001,0.52355,0.15858,0.16689,0.13252,0.52001,0.52355,0.0,0.0,0.0,0.0,0.0,0.0,3.0,6.0,0.75,0.0,0.0,0.05425,3.8,3.1,4.0,0.875,HEX-43-PHASE-7,0.0,0.0,0.0,0.0,0.0,understand,0.04,blast|shotgun,"Lake over heaven — breakthrough. Breakthrough is decisive action, the final push, resolution through clarity."
44,Coming to Meet,0,past,boundary,WAIT,guardian,patience,wind,Scribe,harvest,0.11482,0.17138,0.19581,0.69034,0.69121,0.11482,0.17138,0.14581,0.68034,0.70121,0.0,0.0,0.05,0.01,-0.01,4.0,-3.0,-6.0,0.75,0.0,0.0,0.0,2.7,4.6,4.1,0.0,HEX-44-PHASE-0,0.073684,0.109974,0.125653,0.443,0.44356,understand,0.04,blast|shotgun,"Heaven over wind — coming to meet. Coming to Meet is the unexpected encounter, the stranger at the gate, vigilance."
44,Coming to Meet,1,present,boundary,WAIT,guardian,patience,wind,Scribe,harvest,0.14629,0.25138,0.1138,0.649,0.66,0.10629,0.17138,0.1138,0.659,0.65,0.04,0.08,0.0,-0.01,0.01,4.0,-1.0,-2.0,0.75,0.0,0.0,0.00775,3.5,2.7,6.0,0.125,HEX-44-PHASE-1,0.146288,0.251376,0.113799,0.649001,0.659998,understand,0.04,blast|shotgun,"Heaven over wind — coming to meet. Coming to Meet is the unexpected encounter, the stranger at the gate, vigilance."
44,Coming to Meet,2,future,boundary,WAIT,guardian,patience,wind,Scribe,harvest,0.11348,0.26564,0.10526,0.6462,0.65719,0.09348,0.17564,0.10526,0.6462,0.63719,0.02,0.09,0.0,0.0,0.02,2.0,-1.0,-2.0,0.75,0.0,0.0,0.0155,2.7,2.5,6.3,0.25,HEX-44-PHASE-2,0.072824,0.170467,0.067549,0.414673,0.42173,understand,0.04,blast|shotgun,"Heaven over wind — coming to meet. Coming to Meet is the unexpected encounter, the stranger at the gate, vigilance."
44,Coming to Meet,3,transition,boundary,WAIT,guardian,patience,wind,Scribe,harvest,0.1819,0.23418,0.12526,0.58779,0.60732,0.1319,0.18418,0.10526,0.60779,0.60732,0.05,0.05,0.02,-0.02,0.0,2.0,1.0,2.0,0.75,0.0,0.0,0.02325,4.3,3.0,5.6,0.375,HEX-44-PHASE-3,0.030845,0.039711,0.021242,0.099674,0.102986,understand,0.04,blast|shotgun,"Heaven over wind — coming to meet. Coming to Meet is the unexpected encounter, the stranger at the gate, vigilance."
44,Coming to Meet,4,resolution,boundary,WAIT,guardian,patience,wind,Scribe,harvest,0.06348,0.15564,0.10234,0.6962,0.66719,0.09348,0.17564,0.12234,0.6462,0.63719,-0.03,-0.02,-0.02,0.05,0.03,2.0,-1.0,-2.0,0.75,0.0,0.0,0.031,1.5,2.4,3.7,0.5,HEX-44-PHASE-4,0.001171,0.002872,0.001888,0.012847,0.012312,understand,0.04,blast|shotgun,"Heaven over wind — coming to meet. Coming to Meet is the unexpected encounter, the stranger at the gate, vigilance."
44,Coming to Meet,5,dissolution,boundary,WAIT,guardian,patience,wind,Scribe,harvest,0.1919,0.22418,0.18941,0.57779,0.58732,0.1319,0.18418,0.13941,0.60779,0.60732,0.06,0.04,0.05,-0.03,-0.02,2.0,1.0,2.0,0.75,0.0,0.0,0.03875,4.6,4.5,5.3,0.625,HEX-44-PHASE-5,0.000159,0.000185,0.000157,0.000478,0.000486,understand,0.04,blast|shotgun,"Heaven over wind — coming to meet. Coming to Meet is the unexpected encounter, the stranger at the gate, vigilance."
44,Coming to Meet,6,crystallization,boundary,WAIT,guardian,patience,wind,Scribe,harvest,0.09482,0.19125,0.08673,0.63498,0.63452,0.11482,0.20125,0.09673,0.59498,0.59452,-0.02,-0.01,-0.01,0.04,0.04,0.0,1.0,2.0,0.75,0.0,0.0,0.0465,2.2,2.1,4.5,0.75,HEX-44-PHASE-6,1e-06,3e-06,1e-06,1e-05,1e-05,understand,0.04,blast|shotgun,"Heaven over wind — coming to meet. Coming to Meet is the unexpected encounter, the stranger at the gate, vigilance."
44,Coming to Meet,7,void,boundary,WAIT,guardian,patience,wind,Scribe,harvest,0.14295,0.21599,0.14808,0.6869,0.67524,0.14295,0.21599,0.14808,0.6869,0.67524,0.0,0.0,0.0,0.0,0.0,0.0,3.0,6.0,0.75,0.0,0.0,0.05425,3.4,3.5,5.1,0.875,HEX-44-PHASE-7,0.0,0.0,0.0,0.0,0.0,understand,0.04,blast|shotgun,"Heaven over wind — coming to meet. Coming to Meet is the unexpected encounter, the stranger at the gate, vigilance."
45,Gathering Together,0,past,transformer,YIELD,integrator,reception,earth,Security Red-Team,craft,0.07995,0.16821,0.12906,0.601,0.57552,0.07995,0.16821,0.07906,0.591,0.58552,0.0,0.0,0.05,0.01,-0.01,-2.0,-3.0,-6.0,0.75,0.0,0.0,0.0,1.9,3.1,4.0,0.0,HEX-45-PHASE-0,0.051304,0.107944,0.082819,0.385671,0.369319,understand,0.04,blast|shotgun,"Lake over earth — gathering. Gathering Together is assembly, the king receiving his people, collective purpose."
45,Gathering Together,1,present,transformer,YIELD,integrator,reception,earth,Security Red-Team,craft,0.11995,0.27157,0.07322,0.54012,0.54296,0.07995,0.19157,0.07322,0.55012,0.53296,0.04,0.08,0.0,-0.01,0.01,-2.0,-1.0,-2.0,0.75,0.0,0.0,0.00775,2.8,1.7,6.4,0.125,HEX-45-PHASE-1,0.119948,0.271573,0.073219,0.540121,0.542957,understand,0.04,blast|shotgun,"Lake over earth — gathering. Gathering Together is assembly, the king receiving his people, collective purpose."
45,Gathering Together,2,future,transformer,YIELD,integrator,reception,earth,Security Red-Team,craft,0.09995,0.28157,0.07322,0.55012,0.55296,0.07995,0.19157,0.07322,0.55012,0.53296,0.02,0.09,0.0,0.0,0.02,-2.0,-1.0,-2.0,0.75,0.0,0.0,0.0155,2.4,1.7,6.7,0.25,HEX-45-PHASE-2,0.064138,0.180689,0.046985,0.35302,0.35484,understand,0.04,blast|shotgun,"Lake over earth — gathering. Gathering Together is assembly, the king receiving his people, collective purpose."
45,Gathering Together,3,transition,transformer,YIELD,integrator,reception,earth,Security Red-Team,craft,0.18251,0.25325,0.09322,0.49508,0.50376,0.13251,0.20325,0.07322,0.51508,0.50376,0.05,0.05,0.02,-0.02,0.0,-2.0,1.0,2.0,0.75,0.0,0.0,0.02325,4.3,2.2,6.0,0.375,HEX-45-PHASE-3,0.030949,0.042946,0.015808,0.083953,0.085425,understand,0.04,blast|shotgun,"Lake over earth — gathering. Gathering Together is assembly, the king receiving his people, collective purpose."
45,Gathering Together,4,resolution,transformer,YIELD,integrator,reception,earth,Security Red-Team,craft,0.04995,0.14821,0.07658,0.61764,0.58048,0.07995,0.16821,0.09658,0.56764,0.55048,-0.03,-0.02,-0.02,0.05,0.03,0.0,-1.0,-2.0,0.75,0.0,0.0,0.031,1.2,1.8,3.5,0.5,HEX-45-PHASE-4,0.000922,0.002735,0.001413,0.011397,0.010712,understand,0.04,blast|shotgun,"Lake over earth — gathering. Gathering Together is assembly, the king receiving his people, collective purpose."
45,Gathering Together,5,dissolution,transformer,YIELD,integrator,reception,earth,Security Red-Team,craft,0.16915,0.21989,0.16994,0.48508,0.4896,0.10915,0.17989,0.11994,0.51508,0.5096,0.06,0.04,0.05,-0.03,-0.02,0.0,1.0,2.0,0.75,0.0,0.0,0.03875,4.0,4.0,5.2,0.625,HEX-45-PHASE-5,0.00014,0.000182,0.000141,0.000401,0.000405,understand,0.04,blast|shotgun,"Lake over earth — gathering. Gathering Together is assembly, the king receiving his people, collective purpose."
45,Gathering Together,6,crystallization,transformer,YIELD,integrator,reception,earth,Security Red-Team,craft,0.08915,0.16989,0.06322,0.55508,0.5496,0.10915,0.17989,0.07322,0.51508,0.5096,-0.02,-0.01,-0.01,0.04,0.04,0.0,1.0,2.0,0.75,0.0,0.0,0.0465,2.1,1.5,4.0,0.75,HEX-45-PHASE-6,1e-06,3e-06,1e-06,8e-06,8e-06,understand,0.04,blast|shotgun,"Lake over earth — gathering. Gathering Together is assembly, the king receiving his people, collective purpose."
45,Gathering Together,7,void,transformer,YIELD,integrator,reception,earth,Security Red-Team,craft,0.15421,0.20101,0.14465,0.60376,0.58915,0.15421,0.20101,0.14465,0.60376,0.58915,0.0,0.0,0.0,0.0,0.0,0.0,3.0,6.0,0.75,0.0,0.0,0.05425,3.7,3.4,4.8,0.875,HEX-45-PHASE-7,0.0,0.0,0.0,0.0,0.0,understand,0.04,blast|shotgun,"Lake over earth — gathering. Gathering Together is assembly, the king receiving his people, collective purpose."
46,Pushing Upward,0,past,transformer,ADAPT,integrator,adaptation,wind,Database/Storage,bank,0.07741,0.19039,0.09987,0.5893,0.56428,0.07741,0.19039,0.04987,0.5793,0.57428,0.0,0.0,0.05,0.01,-0.01,-2.0,-3.0,-6.0,0.75,0.0,0.0,0.0,1.8,2.4,4.5,0.0,HEX-46-PHASE-0,0.049673,0.122177,0.064088,0.378159,0.362103,understand,0.04,blast|shotgun,"Earth over wind — pushing upward. Pushing Upward is steady ascent, the tree growing from earth to heaven."
46,Pushing Upward,1,present,transformer,ADAPT,integrator,adaptation,wind,Database/Storage,bank,0.11741,0.27039,0.04403,0.54594,0.54923,0.07741,0.19039,0.04403,0.55594,0.53923,0.04,0.08,0.0,-0.01,0.01,0.0,-1.0,-2.0,0.75,0.0,0.0,0.00775,2.8,1.0,6.4,0.125,HEX-46-PHASE-1,0.117407,0.270392,0.04403,0.545936,0.549234,understand,0.04,blast|shotgun,"Earth over wind — pushing upward. Pushing Upward is steady ascent, the tree growing from earth to heaven."
46,Pushing Upward,2,future,transformer,ADAPT,integrator,adaptation,wind,Database/Storage,bank,0.09741,0.30375,0.04403,0.53841,0.54171,0.07741,0.21375,0.04403,0.53841,0.52171,0.02,0.09,0.0,0.0,0.02,-2.0,-1.0,-2.0,0.75,0.0,0.0,0.0155,2.3,1.0,7.2,0.25,HEX-46-PHASE-2,0.062507,0.194922,0.028255,0.345508,0.347624,understand,0.04,blast|shotgun,"Earth over wind — pushing upward. Pushing Upward is steady ascent, the tree growing from earth to heaven."
46,Pushing Upward,3,transition,transformer,ADAPT,integrator,adaptation,wind,Database/Storage,bank,0.15661,0.25207,0.06403,0.48337,0.49835,0.10661,0.20207,0.04403,0.50337,0.49835,0.05,0.05,0.02,-0.02,0.0,0.0,1.0,2.0,0.75,0.0,0.0,0.02325,3.7,1.5,6.0,0.375,HEX-46-PHASE-3,0.026557,0.042745,0.010858,0.081968,0.084508,understand,0.04,blast|shotgun,"Earth over wind — pushing upward. Pushing Upward is steady ascent, the tree growing from earth to heaven."
46,Pushing Upward,4,resolution,transformer,ADAPT,integrator,adaptation,wind,Database/Storage,bank,0.04741,0.19375,0.03571,0.58841,0.55171,0.07741,0.21375,0.05571,0.53841,0.52171,-0.03,-0.02,-0.02,0.05,0.03,-2.0,-1.0,-2.0,0.75,0.0,0.0,0.031,1.1,0.8,4.6,0.5,HEX-46-PHASE-4,0.000875,0.003575,0.000659,0.010858,0.010181,understand,0.04,blast|shotgun,"Earth over wind — pushing upward. Pushing Upward is steady ascent, the tree growing from earth to heaven."
46,Pushing Upward,5,dissolution,transformer,ADAPT,integrator,adaptation,wind,Database/Storage,bank,0.16661,0.24207,0.14075,0.47337,0.47835,0.10661,0.20207,0.09075,0.50337,0.49835,0.06,0.04,0.05,-0.03,-0.02,0.0,1.0,2.0,0.75,0.0,0.0,0.03875,4.0,3.3,5.7,0.625,HEX-46-PHASE-5,0.000138,0.0002,0.000116,0.000391,0.000396,understand,0.04,blast|shotgun,"Earth over wind — pushing upward. Pushing Upward is steady ascent, the tree growing from earth to heaven."
46,Pushing Upward,6,crystallization,transformer,ADAPT,integrator,adaptation,wind,Database/Storage,bank,0.10997,0.21543,0.03403,0.54337,0.53251,0.12997,0.22543,0.04403,0.50337,0.49251,-0.02,-0.01,-0.01,0.04,0.04,-2.0,1.0,2.0,0.75,0.0,0.0,0.0465,2.6,0.8,5.1,0.75,HEX-46-PHASE-6,2e-06,3e-06,1e-06,8e-06,8e-06,understand,0.04,blast|shotgun,"Earth over wind — pushing upward. Pushing Upward is steady ascent, the tree growing from earth to heaven."
46,Pushing Upward,7,void,transformer,ADAPT,integrator,adaptation,wind,Database/Storage,bank,0.14924,0.22966,0.0974,0.59313,0.57575,0.14924,0.22966,0.0974,0.59313,0.57575,0.0,0.0,0.0,0.0,0.0,0.0,3.0,6.0,0.75,0.0,0.0,0.05425,3.5,2.3,5.4,0.875,HEX-46-PHASE-7,0.0,0.0,0.0,0.0,0.0,understand,0.04,blast|shotgun,"Earth over wind — pushing upward. Pushing Upward is steady ascent, the tree growing from earth to heaven."
47,Oppression,0,past,dissipator,WAIT,navigator,patience,water,Async/Networking,equip,0.11106,0.22869,0.12919,0.72686,0.69335,0.11106,0.22869,0.07919,0.71686,0.70335,0.0,0.0,0.05,0.01,-0.01,0.0,-3.0,-6.0,0.75,0.0,0.0,0.0,2.6,3.1,5.4,0.0,HEX-47-PHASE-0,0.07127,0.146756,0.082901,0.466434,0.44493,understand,0.04,blast|shotgun,"Lake over water — oppression. Oppression is exhaustion, the well run dry, the spirit tested to breaking."
47,Oppression,1,present,dissipator,WAIT,navigator,patience,water,Async/Networking,equip,0.15106,0.31409,0.06706,0.6826,0.68639,0.11106,0.23409,0.06706,0.6926,0.67639,0.04,0.08,0.0,-0.01,0.01,0.0,-1.0,-2.0,0.75,0.0,0.0,0.00775,3.6,1.6,7.4,0.125,HEX-47-PHASE-1,0.151062,0.314085,0.067058,0.682599,0.686392,understand,0.04,blast|shotgun,"Lake over water — oppression. Oppression is exhaustion, the well run dry, the spirit tested to breaking."
47,Oppression,2,future,dissipator,WAIT,navigator,patience,water,Async/Networking,equip,0.13106,0.33487,0.06706,0.68451,0.68831,0.11106,0.24487,0.06706,0.68451,0.66831,0.02,0.09,0.0,0.0,0.02,-2.0,-1.0,-2.0,0.75,0.0,0.0,0.0155,3.1,1.6,7.9,0.25,HEX-47-PHASE-2,0.084104,0.214889,0.043032,0.43926,0.441695,understand,0.04,blast|shotgun,"Lake over water — oppression. Oppression is exhaustion, the well run dry, the spirit tested to breaking."
47,Oppression,3,transition,dissipator,WAIT,navigator,patience,water,Async/Networking,equip,0.18532,0.30026,0.08706,0.64834,0.65483,0.13532,0.25026,0.06706,0.66834,0.65483,0.05,0.05,0.02,-0.02,0.0,-2.0,1.0,2.0,0.75,0.0,0.0,0.02325,4.4,2.1,7.1,0.375,HEX-47-PHASE-3,0.031426,0.050916,0.014763,0.109942,0.111043,understand,0.04,blast|shotgun,"Lake over water — oppression. Oppression is exhaustion, the well run dry, the spirit tested to breaking."
47,Oppression,4,resolution,dissipator,WAIT,navigator,patience,water,Async/Networking,equip,0.08106,0.2033,0.06323,0.75069,0.71448,0.11106,0.2233,0.08323,0.70069,0.68448,-0.03,-0.02,-0.02,0.05,0.03,2.0,-1.0,-2.0,0.75,0.0,0.0,0.031,1.9,1.5,4.8,0.5,HEX-47-PHASE-4,0.001496,0.003752,0.001167,0.013852,0.013184,understand,0.04,blast|shotgun,"Lake over water — oppression. Oppression is exhaustion, the well run dry, the spirit tested to breaking."
47,Oppression,5,dissolution,dissipator,WAIT,navigator,patience,water,Async/Networking,equip,0.19532,0.26869,0.14401,0.64643,0.64561,0.13532,0.22869,0.09401,0.67643,0.66561,0.06,0.04,0.05,-0.03,-0.02,2.0,1.0,2.0,0.75,0.0,0.0,0.03875,4.6,3.4,6.4,0.625,HEX-47-PHASE-5,0.000162,0.000222,0.000119,0.000535,0.000534,understand,0.04,blast|shotgun,"Lake over water — oppression. Oppression is exhaustion, the well run dry, the spirit tested to breaking."
47,Oppression,6,crystallization,dissipator,WAIT,navigator,patience,water,Async/Networking,equip,0.10454,0.22948,0.05706,0.70834,0.69752,0.12454,0.23948,0.06706,0.66834,0.65752,-0.02,-0.01,-0.01,0.04,0.04,0.0,1.0,2.0,0.75,0.0,0.0,0.0465,2.5,1.4,5.4,0.75,HEX-47-PHASE-6,2e-06,4e-06,1e-06,1.1e-05,1.1e-05,understand,0.04,blast|shotgun,"Lake over water — oppression. Oppression is exhaustion, the well run dry, the spirit tested to breaking."
47,Oppression,7,void,dissipator,WAIT,navigator,patience,water,Async/Networking,equip,0.1515,0.24487,0.0994,0.66834,0.65483,0.1515,0.24487,0.0994,0.66834,0.65483,0.0,0.0,0.0,0.0,0.0,0.0,3.0,6.0,0.75,0.0,0.0,0.05425,3.6,2.4,5.8,0.875,HEX-47-PHASE-7,0.0,0.0,0.0,0.0,0.0,understand,0.04,blast|shotgun,"Lake over water — oppression. Oppression is exhaustion, the well run dry, the spirit tested to breaking."
48,The Well,0,past,boundary,YIELD,guardian,reception,wind,DevOps/CI-CD,cast,0.09918,0.13225,0.17481,0.5288,0.53003,0.09918,0.13225,0.12481,0.5188,0.54003,0.0,0.0,0.05,0.01,-0.01,0.0,-3.0,-6.0,0.75,0.0,0.0,0.0,2.4,4.1,3.1,0.0,HEX-48-PHASE-0,0.063647,0.084868,0.112177,0.339335,0.340124,understand,0.04,blast|shotgun,"Water over wind — the well. The Well is the source, community resource, the depth that never runs dry."
48,The Well,1,present,boundary,YIELD,guardian,reception,wind,DevOps/CI-CD,cast,0.13918,0.19743,0.10628,0.46432,0.49814,0.09918,0.11743,0.10628,0.47432,0.48814,0.04,0.08,0.0,-0.01,0.01,2.0,-1.0,-2.0,0.75,0.0,0.0,0.00775,3.3,2.5,4.7,0.125,HEX-48-PHASE-1,0.139183,0.197427,0.106278,0.464319,0.498137,understand,0.04,blast|shotgun,"Water over wind — the well. The Well is the source, community resource, the depth that never runs dry."
48,The Well,2,future,boundary,YIELD,guardian,reception,wind,DevOps/CI-CD,cast,0.11918,0.26673,0.09145,0.42984,0.46366,0.09918,0.17673,0.09145,0.42984,0.44366,0.02,0.09,0.0,0.0,0.02,-2.0,-1.0,-2.0,0.75,0.0,0.0,0.0155,2.8,2.2,6.3,0.25,HEX-48-PHASE-2,0.076481,0.171163,0.058686,0.275836,0.297537,understand,0.04,blast|shotgun,"Water over wind — the well. The Well is the source, community resource, the depth that never runs dry."
48,The Well,3,transition,boundary,YIELD,guardian,reception,wind,DevOps/CI-CD,cast,0.18625,0.2119,0.11145,0.36537,0.41401,0.13625,0.1619,0.09145,0.38537,0.41401,0.05,0.05,0.02,-0.02,0.0,0.0,1.0,2.0,0.75,0.0,0.0,0.02325,4.4,2.6,5.0,0.375,HEX-48-PHASE-3,0.031583,0.035934,0.0189,0.061957,0.070206,understand,0.04,blast|shotgun,"Water over wind — the well. The Well is the source, community resource, the depth that never runs dry."
48,The Well,4,resolution,boundary,YIELD,guardian,reception,wind,DevOps/CI-CD,cast,0.06918,0.12708,0.1011,0.50208,0.4959,0.09918,0.14708,0.1211,0.45208,0.4659,-0.03,-0.02,-0.02,0.05,0.03,0.0,-1.0,-2.0,0.75,0.0,0.0,0.031,1.6,2.4,3.0,0.5,HEX-48-PHASE-4,0.001277,0.002345,0.001866,0.009265,0.009151,understand,0.04,blast|shotgun,"Water over wind — the well. The Well is the source, community resource, the depth that never runs dry."
48,The Well,5,dissolution,boundary,YIELD,guardian,reception,wind,DevOps/CI-CD,cast,0.2259,0.17225,0.21558,0.3776,0.41625,0.1659,0.13225,0.16558,0.4076,0.43625,0.06,0.04,0.05,-0.03,-0.02,2.0,1.0,2.0,0.75,0.0,0.0,0.03875,5.4,5.1,4.1,0.625,HEX-48-PHASE-5,0.000187,0.000142,0.000178,0.000312,0.000344,understand,0.04,blast|shotgun,"Water over wind — the well. The Well is the source, community resource, the depth that never runs dry."
48,The Well,6,crystallization,boundary,YIELD,guardian,reception,wind,DevOps/CI-CD,cast,0.1459,0.18155,0.08145,0.42537,0.4466,0.1659,0.19155,0.09145,0.38537,0.4066,-0.02,-0.01,-0.01,0.04,0.04,-2.0,1.0,2.0,0.75,0.0,0.0,0.0465,3.5,1.9,4.3,0.75,HEX-48-PHASE-6,2e-06,3e-06,1e-06,6e-06,7e-06,understand,0.04,blast|shotgun,"Water over wind — the well. The Well is the source, community resource, the depth that never runs dry."
48,The Well,7,void,boundary,YIELD,guardian,reception,wind,DevOps/CI-CD,cast,0.18261,0.16689,0.16706,0.48847,0.50102,0.18261,0.16689,0.16706,0.48847,0.50102,0.0,0.0,0.0,0.0,0.0,0.0,3.0,6.0,0.75,0.0,0.0,0.05425,4.3,4.0,4.0,0.875,HEX-48-PHASE-7,0.0,0.0,0.0,0.0,0.0,understand,0.04,blast|shotgun,"Water over wind — the well. The Well is the source, community resource, the depth that never runs dry."
49,Revolution,0,past,transformer,ASSERT,integrator,assertion,fire,Research,dialogue,0.07972,0.12981,0.16573,0.76837,0.74666,0.07972,0.12981,0.11573,0.75837,0.75666,0.0,0.0,0.05,0.01,-0.01,2.0,-3.0,-6.0,0.75,0.0,0.0,0.0,1.9,3.9,3.1,0.0,HEX-49-PHASE-0,0.051156,0.083299,0.106352,0.493073,0.47914,understand,0.04,blast|shotgun,"Lake over fire — revolution. Revolution is upheaval, the old order overthrown, transformation through fire."
49,Revolution,1,present,transformer,ASSERT,integrator,assertion,fire,Research,dialogue,0.11972,0.22059,0.09417,0.72141,0.72892,0.07972,0.14059,0.09417,0.73141,0.71892,0.04,0.08,0.0,-0.01,0.01,0.0,-1.0,-2.0,0.75,0.0,0.0,0.00775,2.8,2.2,5.2,0.125,HEX-49-PHASE-1,0.119717,0.220589,0.094167,0.721414,0.72892,understand,0.04,blast|shotgun,"Lake over fire — revolution. Revolution is upheaval, the old order overthrown, transformation through fire."
49,Revolution,2,future,transformer,ASSERT,integrator,assertion,fire,Research,dialogue,0.09972,0.21981,0.09956,0.7395,0.74701,0.07972,0.12981,0.09956,0.7395,0.72701,0.02,0.09,0.0,0.0,0.02,2.0,-1.0,-2.0,0.75,0.0,0.0,0.0155,2.4,2.4,5.2,0.25,HEX-49-PHASE-2,0.06399,0.141053,0.063888,0.474547,0.479364,understand,0.04,blast|shotgun,"Lake over fire — revolution. Revolution is upheaval, the old order overthrown, transformation through fire."
49,Revolution,3,transition,transformer,ASSERT,integrator,assertion,fire,Research,dialogue,0.14319,0.19598,0.11417,0.68715,0.70005,0.09319,0.14598,0.09417,0.70715,0.70005,0.05,0.05,0.02,-0.02,0.0,0.0,1.0,2.0,0.75,0.0,0.0,0.02325,3.4,2.7,4.6,0.375,HEX-49-PHASE-3,0.024282,0.033233,0.01936,0.116525,0.118712,understand,0.04,blast|shotgun,"Lake over fire — revolution. Revolution is upheaval, the old order overthrown, transformation through fire."
49,Revolution,4,resolution,transformer,ASSERT,integrator,assertion,fire,Research,dialogue,0.04972,0.10981,0.09034,0.7895,0.75701,0.07972,0.12981,0.11034,0.7395,0.72701,-0.03,-0.02,-0.02,0.05,0.03,2.0,-1.0,-2.0,0.75,0.0,0.0,0.031,1.2,2.1,2.6,0.5,HEX-49-PHASE-4,0.000917,0.002026,0.001667,0.014569,0.013969,understand,0.04,blast|shotgun,"Lake over fire — revolution. Revolution is upheaval, the old order overthrown, transformation through fire."
49,Revolution,5,dissolution,transformer,ASSERT,integrator,assertion,fire,Research,dialogue,0.15319,0.18598,0.16573,0.67715,0.68005,0.09319,0.14598,0.11573,0.70715,0.70005,0.06,0.04,0.05,-0.03,-0.02,0.0,1.0,2.0,0.75,0.0,0.0,0.03875,3.6,3.9,4.4,0.625,HEX-49-PHASE-5,0.000127,0.000154,0.000137,0.00056,0.000562,understand,0.04,blast|shotgun,"Lake over fire — revolution. Revolution is upheaval, the old order overthrown, transformation through fire."
49,Revolution,6,crystallization,transformer,ASSERT,integrator,assertion,fire,Research,dialogue,0.08398,0.1252,0.08956,0.75524,0.74814,0.10398,0.1352,0.09956,0.71524,0.70814,-0.02,-0.01,-0.01,0.04,0.04,2.0,1.0,2.0,0.75,0.0,0.0,0.0465,2.0,2.1,3.0,0.75,HEX-49-PHASE-6,1e-06,2e-06,1e-06,1.2e-05,1.1e-05,understand,0.04,blast|shotgun,"Lake over fire — revolution. Revolution is upheaval, the old order overthrown, transformation through fire."
49,Revolution,7,void,transformer,ASSERT,integrator,assertion,fire,Research,dialogue,0.12015,0.15137,0.12651,0.70715,0.69736,0.12015,0.15137,0.12651,0.70715,0.69736,0.0,0.0,0.0,0.0,0.0,0.0,3.0,6.0,0.75,0.0,0.0,0.05425,2.8,3.0,3.6,0.875,HEX-49-PHASE-7,0.0,0.0,0.0,0.0,0.0,understand,0.04,blast|shotgun,"Lake over fire — revolution. Revolution is upheaval, the old order overthrown, transformation through fire."
50,The Cauldron,0,past,sovereign,ASSERT,architect,assertion,wind,Dev,forensics,0.09046,0.16287,0.17745,0.62103,0.61954,0.09046,0.16287,0.12745,0.61103,0.62954,0.0,0.0,0.05,0.01,-0.01,2.0,-3.0,-6.0,0.75,0.0,0.0,0.0,2.1,4.2,3.9,0.0,HEX-50-PHASE-0,0.05805,0.104517,0.113872,0.398521,0.397566,understand,0.04,blast|shotgun,"Fire over wind — the cauldron. The Cauldron is transformation, cooking, the vessel that changes the nature of things."
50,The Cauldron,1,present,sovereign,ASSERT,architect,assertion,wind,Dev,forensics,0.13046,0.24287,0.09241,0.56014,0.5753,0.09046,0.16287,0.09241,0.57014,0.5653,0.04,0.08,0.0,-0.01,0.01,2.0,-1.0,-2.0,0.75,0.0,0.0,0.00775,3.1,2.2,5.8,0.125,HEX-50-PHASE-1,0.130461,0.242872,0.092408,0.560145,0.575296,understand,0.04,blast|shotgun,"Fire over wind — the cauldron. The Cauldron is transformation, cooking, the vessel that changes the nature of things."
50,The Cauldron,2,future,sovereign,ASSERT,architect,assertion,wind,Dev,forensics,0.11046,0.25287,0.09241,0.57014,0.5853,0.09046,0.16287,0.09241,0.57014,0.5653,0.02,0.09,0.0,0.0,0.02,2.0,-1.0,-2.0,0.75,0.0,0.0,0.0155,2.6,2.2,6.0,0.25,HEX-50-PHASE-2,0.070884,0.162271,0.0593,0.365869,0.375592,understand,0.04,blast|shotgun,"Fire over wind — the cauldron. The Cauldron is transformation, cooking, the vessel that changes the nature of things."
50,The Cauldron,3,transition,sovereign,ASSERT,architect,assertion,wind,Dev,forensics,0.19302,0.22455,0.11241,0.49758,0.52441,0.14302,0.17455,0.09241,0.51758,0.52441,0.05,0.05,0.02,-0.02,0.0,2.0,1.0,2.0,0.75,0.0,0.0,0.02325,4.6,2.7,5.3,0.375,HEX-50-PHASE-3,0.032732,0.038079,0.019062,0.084378,0.088928,understand,0.04,blast|shotgun,"Fire over wind — the cauldron. The Cauldron is transformation, cooking, the vessel that changes the nature of things."
50,The Cauldron,4,resolution,sovereign,ASSERT,architect,assertion,wind,Dev,forensics,0.06046,0.16623,0.08409,0.60262,0.57777,0.09046,0.18623,0.10409,0.55262,0.54777,-0.03,-0.02,-0.02,0.05,0.03,0.0,-1.0,-2.0,0.75,0.0,0.0,0.031,1.4,2.0,3.9,0.5,HEX-50-PHASE-4,0.001116,0.003068,0.001552,0.01112,0.010662,understand,0.04,blast|shotgun,"Fire over wind — the cauldron. The Cauldron is transformation, cooking, the vessel that changes the nature of things."
50,The Cauldron,5,dissolution,sovereign,ASSERT,architect,assertion,wind,Dev,forensics,0.17966,0.23791,0.17745,0.47006,0.48689,0.11966,0.19791,0.12745,0.50006,0.50689,0.06,0.04,0.05,-0.03,-0.02,0.0,1.0,2.0,0.75,0.0,0.0,0.03875,4.3,4.2,5.6,0.625,HEX-50-PHASE-5,0.000149,0.000197,0.000147,0.000389,0.000403,understand,0.04,blast|shotgun,"Fire over wind — the cauldron. The Cauldron is transformation, cooking, the vessel that changes the nature of things."
50,The Cauldron,6,crystallization,sovereign,ASSERT,architect,assertion,wind,Dev,forensics,0.09966,0.18791,0.07073,0.54006,0.54689,0.11966,0.19791,0.08073,0.50006,0.50689,-0.02,-0.01,-0.01,0.04,0.04,0.0,1.0,2.0,0.75,0.0,0.0,0.0465,2.4,1.7,4.5,0.75,HEX-50-PHASE-6,2e-06,3e-06,1e-06,8e-06,8e-06,understand,0.04,blast|shotgun,"Fire over wind — the cauldron. The Cauldron is transformation, cooking, the vessel that changes the nature of things."
50,The Cauldron,7,void,sovereign,ASSERT,architect,assertion,wind,Dev,forensics,0.16189,0.21418,0.15014,0.59279,0.58717,0.16189,0.21418,0.15014,0.59279,0.58717,0.0,0.0,0.0,0.0,0.0,0.0,3.0,6.0,0.75,0.0,0.0,0.05425,3.8,3.6,5.1,0.875,HEX-50-PHASE-7,0.0,0.0,0.0,0.0,0.0,understand,0.04,blast|shotgun,"Fire over wind — the cauldron. The Cauldron is transformation, cooking, the vessel that changes the nature of things."
51,The Arousing,0,past,sovereign,ASSERT,architect,assertion,thunder,HTML,attack,0.11982,0.18942,0.15319,0.65388,0.64022,0.11982,0.18942,0.10319,0.64388,0.65022,0.0,0.0,0.05,0.01,-0.01,-2.0,-3.0,-6.0,0.75,0.0,0.0,0.0,2.8,3.6,4.5,0.0,HEX-51-PHASE-0,0.076892,0.121555,0.098304,0.419603,0.410836,understand,0.04,blast|shotgun,"Thunder over thunder — the arousing. The Arousing is shock, sudden awakening, the thunder that jolts from sleep."
51,The Arousing,1,present,sovereign,ASSERT,architect,assertion,thunder,HTML,attack,0.17263,0.30357,0.09892,0.5912,0.609,0.13263,0.22357,0.09892,0.6012,0.599,0.04,0.08,0.0,-0.01,0.01,-4.0,-1.0,-2.0,0.75,0.0,0.0,0.00775,4.1,2.3,7.2,0.125,HEX-51-PHASE-1,0.172627,0.303566,0.098923,0.591201,0.609003,understand,0.04,blast|shotgun,"Thunder over thunder — the arousing. The Arousing is shock, sudden awakening, the thunder that jolts from sleep."
51,The Arousing,2,future,sovereign,ASSERT,architect,assertion,thunder,HTML,attack,0.13982,0.27942,0.09892,0.62681,0.64461,0.11982,0.18942,0.09892,0.62681,0.62461,0.02,0.09,0.0,0.0,0.02,0.0,-1.0,-2.0,0.75,0.0,0.0,0.0155,3.3,2.3,6.6,0.25,HEX-51-PHASE-2,0.089726,0.179309,0.06348,0.402231,0.413655,understand,0.04,blast|shotgun,"Thunder over thunder — the arousing. The Arousing is shock, sudden awakening, the thunder that jolts from sleep."
51,The Arousing,3,transition,sovereign,ASSERT,architect,assertion,thunder,HTML,attack,0.20823,0.26503,0.11892,0.5684,0.59047,0.15823,0.21503,0.09892,0.5884,0.59047,0.05,0.05,0.02,-0.02,0.0,-2.0,1.0,2.0,0.75,0.0,0.0,0.02325,4.9,2.8,6.3,0.375,HEX-51-PHASE-3,0.035311,0.044943,0.020166,0.096386,0.100129,understand,0.04,blast|shotgun,"Thunder over thunder — the arousing. The Arousing is shock, sudden awakening, the thunder that jolts from sleep."
51,The Arousing,4,resolution,sovereign,ASSERT,architect,assertion,thunder,HTML,attack,0.08982,0.16942,0.09599,0.67681,0.65461,0.11982,0.18942,0.11599,0.62681,0.62461,-0.03,-0.02,-0.02,0.05,0.03,0.0,-1.0,-2.0,0.75,0.0,0.0,0.031,2.1,2.3,4.0,0.5,HEX-51-PHASE-4,0.001658,0.003126,0.001771,0.012489,0.01208,understand,0.04,blast|shotgun,"Thunder over thunder — the arousing. The Arousing is shock, sudden awakening, the thunder that jolts from sleep."
51,The Arousing,5,dissolution,sovereign,ASSERT,architect,assertion,thunder,HTML,attack,0.21823,0.25503,0.17453,0.5584,0.57047,0.15823,0.21503,0.12453,0.5884,0.59047,0.06,0.04,0.05,-0.03,-0.02,-2.0,1.0,2.0,0.75,0.0,0.0,0.03875,5.2,4.1,6.0,0.625,HEX-51-PHASE-5,0.00018,0.000211,0.000144,0.000462,0.000472,understand,0.04,blast|shotgun,"Thunder over thunder — the arousing. The Arousing is shock, sudden awakening, the thunder that jolts from sleep."
51,The Arousing,6,crystallization,sovereign,ASSERT,architect,assertion,thunder,HTML,attack,0.13823,0.17089,0.09746,0.6412,0.64754,0.15823,0.18089,0.10746,0.6012,0.60754,-0.02,-0.01,-0.01,0.04,0.04,2.0,1.0,2.0,0.75,0.0,0.0,0.0465,3.3,2.3,4.1,0.75,HEX-51-PHASE-6,2e-06,3e-06,1e-06,1e-05,1e-05,understand,0.04,blast|shotgun,"Thunder over thunder — the arousing. The Arousing is shock, sudden awakening, the thunder that jolts from sleep."
51,The Arousing,7,void,sovereign,ASSERT,architect,assertion,thunder,HTML,attack,0.15958,0.21391,0.14946,0.68274,0.67538,0.15958,0.21391,0.14946,0.68274,0.67538,0.0,0.0,0.0,0.0,0.0,0.0,3.0,6.0,0.75,0.0,0.0,0.05425,3.8,3.5,5.1,0.875,HEX-51-PHASE-7,0.0,0.0,0.0,0.0,0.0,understand,0.04,blast|shotgun,"Thunder over thunder — the arousing. The Arousing is shock, sudden awakening, the thunder that jolts from sleep."
52,Keeping Still,0,past,boundary,WAIT,guardian,patience,mountain,Robotics,interact,0.05253,0.09055,0.12643,0.47145,0.45153,0.05253,0.09055,0.07643,0.46145,0.46153,0.0,0.0,0.05,0.01,-0.01,-2.0,-3.0,-6.0,0.75,0.0,0.0,0.0,1.2,3.0,2.1,0.0,HEX-52-PHASE-0,0.03371,0.05811,0.08113,0.302536,0.289753,understand,0.04,blast|shotgun,"Mountain over mountain — keeping still. Keeping Still is meditation, the pause between beats, absolute presence."
52,Keeping Still,1,present,boundary,WAIT,guardian,patience,mountain,Robotics,interact,0.09253,0.17055,0.06744,0.41551,0.41762,0.05253,0.09055,0.06744,0.42551,0.40762,0.04,0.08,0.0,-0.01,0.01,0.0,-1.0,-2.0,0.75,0.0,0.0,0.00775,2.2,1.6,4.0,0.125,HEX-52-PHASE-1,0.092531,0.170555,0.067443,0.415511,0.41762,understand,0.04,blast|shotgun,"Mountain over mountain — keeping still. Keeping Still is meditation, the pause between beats, absolute presence."
52,Keeping Still,2,future,boundary,WAIT,guardian,patience,mountain,Robotics,interact,0.07253,0.18055,0.06744,0.42551,0.42762,0.05253,0.09055,0.06744,0.42551,0.40762,0.02,0.09,0.0,0.0,0.02,0.0,-1.0,-2.0,0.75,0.0,0.0,0.0155,1.7,1.6,4.3,0.25,HEX-52-PHASE-2,0.046544,0.115864,0.043279,0.273056,0.27441,understand,0.04,blast|shotgun,"Mountain over mountain — keeping still. Keeping Still is meditation, the pause between beats, absolute presence."
52,Keeping Still,3,transition,boundary,WAIT,guardian,patience,mountain,Robotics,interact,0.1834,0.12258,0.10541,0.3516,0.37168,0.1334,0.07258,0.08541,0.3716,0.37168,0.05,0.05,0.02,-0.02,0.0,2.0,1.0,2.0,0.75,0.0,0.0,0.02325,4.3,2.5,2.9,0.375,HEX-52-PHASE-3,0.0311,0.020787,0.017875,0.059623,0.063028,understand,0.04,blast|shotgun,"Mountain over mountain — keeping still. Keeping Still is meditation, the pause between beats, absolute presence."
52,Keeping Still,4,resolution,boundary,WAIT,guardian,patience,mountain,Robotics,interact,0.04949,0.14244,0.04744,0.4216,0.38371,0.07949,0.16244,0.06744,0.3716,0.35371,-0.03,-0.02,-0.02,0.05,0.03,-4.0,-1.0,-2.0,0.75,0.0,0.0,0.031,1.2,1.1,3.4,0.5,HEX-52-PHASE-4,0.000913,0.002628,0.000875,0.00778,0.007081,understand,0.04,blast|shotgun,"Mountain over mountain — keeping still. Keeping Still is meditation, the pause between beats, absolute presence."
52,Keeping Still,5,dissolution,boundary,WAIT,guardian,patience,mountain,Robotics,interact,0.1934,0.18447,0.17135,0.31464,0.31574,0.1334,0.14447,0.12135,0.34464,0.33574,0.06,0.04,0.05,-0.03,-0.02,-2.0,1.0,2.0,0.75,0.0,0.0,0.03875,4.6,4.1,4.4,0.625,HEX-52-PHASE-5,0.00016,0.000153,0.000142,0.00026,0.000261,understand,0.04,blast|shotgun,"Mountain over mountain — keeping still. Keeping Still is meditation, the pause between beats, absolute presence."
52,Keeping Still,6,crystallization,boundary,WAIT,guardian,patience,mountain,Robotics,interact,0.1134,0.13447,0.05744,0.38464,0.37574,0.1334,0.14447,0.06744,0.34464,0.33574,-0.02,-0.01,-0.01,0.04,0.04,-2.0,1.0,2.0,0.75,0.0,0.0,0.0465,2.7,1.4,3.2,0.75,HEX-52-PHASE-6,2e-06,2e-06,1e-06,6e-06,6e-06,understand,0.04,blast|shotgun,"Mountain over mountain — keeping still. Keeping Still is meditation, the pause between beats, absolute presence."
52,Keeping Still,7,void,boundary,WAIT,guardian,patience,mountain,Robotics,interact,0.17316,0.1521,0.1537,0.43077,0.41728,0.17316,0.1521,0.1537,0.43077,0.41728,0.0,0.0,0.0,0.0,0.0,0.0,3.0,6.0,0.75,0.0,0.0,0.05425,4.1,3.6,3.6,0.875,HEX-52-PHASE-7,0.0,0.0,0.0,0.0,0.0,understand,0.04,blast|shotgun,"Mountain over mountain — keeping still. Keeping Still is meditation, the pause between beats, absolute presence."
53,Development,0,past,transformer,ADAPT,integrator,adaptation,mountain,Game Dev,traverse,0.06959,0.13812,0.14048,0.56123,0.53537,0.06959,0.13812,0.09048,0.55123,0.54537,0.0,0.0,0.05,0.01,-0.01,0.0,-3.0,-6.0,0.75,0.0,0.0,0.0,1.7,3.3,3.3,0.0,HEX-53-PHASE-0,0.044657,0.088636,0.090148,0.360151,0.343554,understand,0.04,blast|shotgun,"Wind over mountain — development. Development is gradual growth, the tree on the mountain, patience rewarded."
53,Development,1,present,transformer,ADAPT,integrator,adaptation,mountain,Game Dev,traverse,0.10959,0.2033,0.07195,0.49676,0.50348,0.06959,0.1233,0.07195,0.50676,0.49348,0.04,0.08,0.0,-0.01,0.01,2.0,-1.0,-2.0,0.75,0.0,0.0,0.00775,2.6,1.7,4.8,0.125,HEX-53-PHASE-1,0.10959,0.203299,0.071948,0.496758,0.503482,understand,0.04,blast|shotgun,"Wind over mountain — development. Development is gradual growth, the tree on the mountain, patience rewarded."
53,Development,2,future,transformer,ADAPT,integrator,adaptation,mountain,Game Dev,traverse,0.08959,0.24295,0.05712,0.48452,0.49124,0.06959,0.15295,0.05712,0.48452,0.47124,0.02,0.09,0.0,0.0,0.02,0.0,-1.0,-2.0,0.75,0.0,0.0,0.0155,2.1,1.4,5.8,0.25,HEX-53-PHASE-2,0.057491,0.155904,0.036656,0.310922,0.315238,understand,0.04,blast|shotgun,"Wind over mountain — development. Development is gradual growth, the tree on the mountain, patience rewarded."
53,Development,3,transition,transformer,ADAPT,integrator,adaptation,mountain,Game Dev,traverse,0.1863,0.18812,0.09195,0.42004,0.44159,0.1363,0.13812,0.07195,0.44004,0.44159,0.05,0.05,0.02,-0.02,0.0,2.0,1.0,2.0,0.75,0.0,0.0,0.02325,4.4,2.2,4.5,0.375,HEX-53-PHASE-3,0.031593,0.031901,0.015592,0.071229,0.074883,understand,0.04,blast|shotgun,"Wind over mountain — development. Development is gradual growth, the tree on the mountain, patience rewarded."
53,Development,4,resolution,transformer,ADAPT,integrator,adaptation,mountain,Game Dev,traverse,0.03959,0.1626,0.05195,0.51228,0.47901,0.06959,0.1826,0.07195,0.46228,0.44901,-0.03,-0.02,-0.02,0.05,0.03,-2.0,-1.0,-2.0,0.75,0.0,0.0,0.031,0.9,1.2,3.9,0.5,HEX-53-PHASE-4,0.000731,0.003,0.000959,0.009453,0.008839,understand,0.04,blast|shotgun,"Wind over mountain — development. Development is gradual growth, the tree on the mountain, patience rewarded."
53,Development,5,dissolution,transformer,ADAPT,integrator,adaptation,mountain,Game Dev,traverse,0.16665,0.20778,0.16642,0.38781,0.39935,0.10665,0.16778,0.11642,0.41781,0.41935,0.06,0.04,0.05,-0.03,-0.02,0.0,1.0,2.0,0.75,0.0,0.0,0.03875,4.0,3.9,4.9,0.625,HEX-53-PHASE-5,0.000138,0.000172,0.000138,0.000321,0.00033,understand,0.04,blast|shotgun,"Wind over mountain — development. Development is gradual growth, the tree on the mountain, patience rewarded."
53,Development,6,crystallization,transformer,ADAPT,integrator,adaptation,mountain,Game Dev,traverse,0.1163,0.18743,0.04712,0.45781,0.45194,0.1363,0.19743,0.05712,0.41781,0.41194,-0.02,-0.01,-0.01,0.04,0.04,-2.0,1.0,2.0,0.75,0.0,0.0,0.0465,2.8,1.1,4.4,0.75,HEX-53-PHASE-6,2e-06,3e-06,1e-06,7e-06,7e-06,understand,0.04,blast|shotgun,"Wind over mountain — development. Development is gradual growth, the tree on the mountain, patience rewarded."
53,Development,7,void,transformer,ADAPT,integrator,adaptation,mountain,Game Dev,traverse,0.16501,0.20174,0.12613,0.50668,0.49461,0.16501,0.20174,0.12613,0.50668,0.49461,0.0,0.0,0.0,0.0,0.0,0.0,3.0,6.0,0.75,0.0,0.0,0.05425,3.9,3.0,4.8,0.875,HEX-53-PHASE-7,0.0,0.0,0.0,0.0,0.0,understand,0.04,blast|shotgun,"Wind over mountain — development. Development is gradual growth, the tree on the mountain, patience rewarded."
54,The Marrying Maiden,0,past,dissipator,YIELD,navigator,reception,lake,Analytics,harvest,0.08366,0.17107,0.09812,0.68862,0.66138,0.08366,0.17107,0.04812,0.67862,0.67138,0.0,0.0,0.05,0.01,-0.01,0.0,-3.0,-6.0,0.75,0.0,0.0,0.0,2.0,2.3,4.1,0.0,HEX-54-PHASE-0,0.053689,0.109776,0.062966,0.441897,0.424415,understand,0.04,blast|shotgun,"Thunder over lake — marrying maiden. The Marrying Maiden is union without proper foundation, risk in relationship."
54,The Marrying Maiden,1,present,dissipator,YIELD,navigator,reception,lake,Analytics,harvest,0.12366,0.27668,0.02892,0.61741,0.6259,0.08366,0.19668,0.02892,0.62741,0.6159,0.04,0.08,0.0,-0.01,0.01,-2.0,-1.0,-2.0,0.75,0.0,0.0,0.00775,2.9,0.7,6.6,0.125,HEX-54-PHASE-1,0.123664,0.276675,0.028916,0.617405,0.625896,understand,0.04,blast|shotgun,"Thunder over lake — marrying maiden. The Marrying Maiden is union without proper foundation, risk in relationship."
54,The Marrying Maiden,2,future,dissipator,YIELD,navigator,reception,lake,Analytics,harvest,0.10366,0.2696,0.02892,0.64021,0.6487,0.08366,0.1796,0.02892,0.64021,0.6287,0.02,0.09,0.0,0.0,0.02,0.0,-1.0,-2.0,0.75,0.0,0.0,0.0155,2.5,0.7,6.4,0.25,HEX-54-PHASE-2,0.066523,0.173008,0.018556,0.410831,0.416279,understand,0.04,blast|shotgun,"Thunder over lake — marrying maiden. The Marrying Maiden is union without proper foundation, risk in relationship."
54,The Marrying Maiden,3,transition,dissipator,YIELD,navigator,reception,lake,Analytics,harvest,0.17208,0.25521,0.04892,0.5818,0.59456,0.12208,0.20521,0.02892,0.6018,0.59456,0.05,0.05,0.02,-0.02,0.0,-2.0,1.0,2.0,0.75,0.0,0.0,0.02325,4.1,1.2,6.1,0.375,HEX-54-PHASE-3,0.02918,0.043278,0.008295,0.098659,0.100822,understand,0.04,blast|shotgun,"Thunder over lake — marrying maiden. The Marrying Maiden is union without proper foundation, risk in relationship."
54,The Marrying Maiden,4,resolution,dissipator,YIELD,navigator,reception,lake,Analytics,harvest,0.05366,0.14253,0.03452,0.70301,0.6715,0.08366,0.16253,0.05452,0.65301,0.6415,-0.03,-0.02,-0.02,0.05,0.03,2.0,-1.0,-2.0,0.75,0.0,0.0,0.031,1.3,0.8,3.4,0.5,HEX-54-PHASE-4,0.00099,0.00263,0.000637,0.012973,0.012391,understand,0.04,blast|shotgun,"Thunder over lake — marrying maiden. The Marrying Maiden is union without proper foundation, risk in relationship."
54,The Marrying Maiden,5,dissolution,dissipator,YIELD,navigator,reception,lake,Analytics,harvest,0.165,0.22814,0.11306,0.5718,0.57882,0.105,0.18814,0.06306,0.6018,0.59882,0.06,0.04,0.05,-0.03,-0.02,0.0,1.0,2.0,0.75,0.0,0.0,0.03875,3.9,2.7,5.4,0.625,HEX-54-PHASE-5,0.000136,0.000189,9.3e-05,0.000473,0.000479,understand,0.04,blast|shotgun,"Thunder over lake — marrying maiden. The Marrying Maiden is union without proper foundation, risk in relationship."
54,The Marrying Maiden,6,crystallization,dissipator,YIELD,navigator,reception,lake,Analytics,harvest,0.10208,0.16107,0.02745,0.6546,0.65163,0.12208,0.17107,0.03745,0.6146,0.61163,-0.02,-0.01,-0.01,0.04,0.04,2.0,1.0,2.0,0.75,0.0,0.0,0.0465,2.4,0.7,3.8,0.75,HEX-54-PHASE-6,2e-06,2e-06,0.0,1e-05,1e-05,understand,0.04,blast|shotgun,"Thunder over lake — marrying maiden. The Marrying Maiden is union without proper foundation, risk in relationship."
54,The Marrying Maiden,7,void,dissipator,YIELD,navigator,reception,lake,Analytics,harvest,0.1183,0.18926,0.05843,0.6983,0.68221,0.1183,0.18926,0.05843,0.6983,0.68221,0.0,0.0,0.0,0.0,0.0,0.0,3.0,6.0,0.75,0.0,0.0,0.05425,2.8,1.4,4.5,0.875,HEX-54-PHASE-7,0.0,0.0,0.0,0.0,0.0,understand,0.04,blast|shotgun,"Thunder over lake — marrying maiden. The Marrying Maiden is union without proper foundation, risk in relationship."
55,Abundance,0,past,sovereign,ASSERT,architect,assertion,fire,Blueprinting,craft,0.08037,0.15131,0.10141,0.69191,0.66533,0.08037,0.15131,0.05141,0.68191,0.67533,0.0,0.0,0.05,0.01,-0.01,0.0,-3.0,-6.0,0.75,0.0,0.0,0.0,1.9,2.4,3.6,0.0,HEX-55-PHASE-0,0.051576,0.0971,0.065079,0.444009,0.426951,understand,0.04,blast|shotgun,"Thunder over fire — abundance. Abundance is fullness, the harvest, the peak of prosperity and its attendant danger."
55,Abundance,1,present,sovereign,ASSERT,architect,assertion,fire,Blueprinting,craft,0.12037,0.23985,0.03221,0.6335,0.64265,0.08037,0.15985,0.03221,0.6435,0.63265,0.04,0.08,0.0,-0.01,0.01,0.0,-1.0,-2.0,0.75,0.0,0.0,0.00775,2.9,0.8,5.7,0.125,HEX-55-PHASE-1,0.120372,0.239849,0.032208,0.633502,0.642651,understand,0.04,blast|shotgun,"Thunder over fire — abundance. Abundance is fullness, the harvest, the peak of prosperity and its attendant danger."
55,Abundance,2,future,sovereign,ASSERT,architect,assertion,fire,Blueprinting,craft,0.10037,0.23278,0.04074,0.65631,0.66545,0.08037,0.14278,0.04074,0.65631,0.64545,0.02,0.09,0.0,0.0,0.02,2.0,-1.0,-2.0,0.75,0.0,0.0,0.0155,2.4,1.0,5.5,0.25,HEX-55-PHASE-2,0.06441,0.149376,0.026146,0.42116,0.427031,understand,0.04,blast|shotgun,"Thunder over fire — abundance. Abundance is fullness, the harvest, the peak of prosperity and its attendant danger."
55,Abundance,3,transition,sovereign,ASSERT,architect,assertion,fire,Blueprinting,craft,0.16878,0.20131,0.06074,0.59789,0.61558,0.11878,0.15131,0.04074,0.61789,0.61558,0.05,0.05,0.02,-0.02,0.0,2.0,1.0,2.0,0.75,0.0,0.0,0.02325,4.0,1.4,4.8,0.375,HEX-55-PHASE-3,0.028622,0.034138,0.010301,0.101388,0.104387,understand,0.04,blast|shotgun,"Thunder over fire — abundance. Abundance is fullness, the harvest, the peak of prosperity and its attendant danger."
55,Abundance,4,resolution,sovereign,ASSERT,architect,assertion,fire,Blueprinting,craft,0.05037,0.15692,0.02074,0.6807,0.64985,0.08037,0.17692,0.04074,0.6307,0.61985,-0.03,-0.02,-0.02,0.05,0.03,-2.0,-1.0,-2.0,0.75,0.0,0.0,0.031,1.2,0.5,3.7,0.5,HEX-55-PHASE-4,0.00093,0.002896,0.000383,0.012561,0.011992,understand,0.04,blast|shotgun,"Thunder over fire — abundance. Abundance is fullness, the harvest, the peak of prosperity and its attendant danger."
55,Abundance,5,dissolution,sovereign,ASSERT,architect,assertion,fire,Blueprinting,craft,0.17878,0.22546,0.10782,0.57509,0.57851,0.11878,0.18546,0.05782,0.60509,0.59851,0.06,0.04,0.05,-0.03,-0.02,-2.0,1.0,2.0,0.75,0.0,0.0,0.03875,4.2,2.6,5.3,0.625,HEX-55-PHASE-5,0.000148,0.000186,8.9e-05,0.000476,0.000478,understand,0.04,blast|shotgun,"Thunder over fire — abundance. Abundance is fullness, the harvest, the peak of prosperity and its attendant danger."
55,Abundance,6,crystallization,sovereign,ASSERT,architect,assertion,fire,Blueprinting,craft,0.08171,0.15838,0.02221,0.64509,0.64278,0.10171,0.16838,0.03221,0.60509,0.60278,-0.02,-0.01,-0.01,0.04,0.04,0.0,1.0,2.0,0.75,0.0,0.0,0.0465,1.9,0.5,3.8,0.75,HEX-55-PHASE-6,1e-06,2e-06,0.0,1e-05,1e-05,understand,0.04,blast|shotgun,"Thunder over fire — abundance. Abundance is fullness, the harvest, the peak of prosperity and its attendant danger."
55,Abundance,7,void,sovereign,ASSERT,architect,assertion,fire,Blueprinting,craft,0.11622,0.17679,0.06051,0.70038,0.68471,0.11622,0.17679,0.06051,0.70038,0.68471,0.0,0.0,0.0,0.0,0.0,0.0,3.0,6.0,0.75,0.0,0.0,0.05425,2.8,1.4,4.2,0.875,HEX-55-PHASE-7,0.0,0.0,0.0,0.0,0.0,understand,0.04,blast|shotgun,"Thunder over fire — abundance. Abundance is fullness, the harvest, the peak of prosperity and its attendant danger."
56,The Wanderer,0,past,dissipator,ADAPT,navigator,adaptation,mountain,Scribe,bank,0.06797,0.10482,0.15524,0.63994,0.61327,0.06797,0.10482,0.10524,0.62994,0.62327,0.0,0.0,0.05,0.01,-0.01,0.0,-3.0,-6.0,0.75,0.0,0.0,0.0,1.6,3.7,2.5,0.0,HEX-56-PHASE-0,0.043619,0.067261,0.099618,0.410657,0.393542,understand,0.04,blast|shotgun,"Fire over mountain — the wanderer. The Wanderer is the stranger, the journey, finding home in movement."
56,The Wanderer,1,present,dissipator,ADAPT,navigator,adaptation,mountain,Scribe,bank,0.10797,0.21986,0.07896,0.54986,0.55734,0.06797,0.13986,0.07896,0.55986,0.54734,0.04,0.08,0.0,-0.01,0.01,-2.0,-1.0,-2.0,0.75,0.0,0.0,0.00775,2.6,1.9,5.2,0.125,HEX-56-PHASE-1,0.107973,0.219857,0.078956,0.549856,0.557344,understand,0.04,blast|shotgun,"Fire over mountain — the wanderer. The Wanderer is the stranger, the journey, finding home in movement."
56,The Wanderer,2,future,dissipator,ADAPT,navigator,adaptation,mountain,Scribe,bank,0.08797,0.18313,0.09064,0.5949,0.60239,0.06797,0.09313,0.09064,0.5949,0.58239,0.02,0.09,0.0,0.0,0.02,2.0,-1.0,-2.0,0.75,0.0,0.0,0.0155,2.1,2.1,4.3,0.25,HEX-56-PHASE-2,0.056453,0.11752,0.058163,0.381753,0.386559,understand,0.04,blast|shotgun,"Fire over mountain — the wanderer. The Wanderer is the stranger, the journey, finding home in movement."
56,The Wanderer,3,transition,dissipator,ADAPT,navigator,adaptation,mountain,Scribe,bank,0.14717,0.17818,0.09896,0.50481,0.52398,0.09717,0.12818,0.07896,0.52481,0.52398,0.05,0.05,0.02,-0.02,0.0,0.0,1.0,2.0,0.75,0.0,0.0,0.02325,3.5,2.3,4.2,0.375,HEX-56-PHASE-3,0.024957,0.030214,0.016781,0.085604,0.088855,understand,0.04,blast|shotgun,"Fire over mountain — the wanderer. The Wanderer is the stranger, the journey, finding home in movement."
56,The Wanderer,4,resolution,dissipator,ADAPT,navigator,adaptation,mountain,Scribe,bank,0.03797,0.0965,0.08232,0.62738,0.59486,0.06797,0.1165,0.10232,0.57738,0.56486,-0.03,-0.02,-0.02,0.05,0.03,0.0,-1.0,-2.0,0.75,0.0,0.0,0.031,0.9,2.0,2.3,0.5,HEX-56-PHASE-4,0.000701,0.001781,0.001519,0.011577,0.010977,understand,0.04,blast|shotgun,"Fire over mountain — the wanderer. The Wanderer is the stranger, the journey, finding home in movement."
56,The Wanderer,5,dissolution,dissipator,ADAPT,navigator,adaptation,mountain,Scribe,bank,0.18054,0.19154,0.164,0.49481,0.49814,0.12054,0.15154,0.114,0.52481,0.51814,0.06,0.04,0.05,-0.03,-0.02,-2.0,1.0,2.0,0.75,0.0,0.0,0.03875,4.3,3.9,4.5,0.625,HEX-56-PHASE-5,0.000149,0.000158,0.000136,0.000409,0.000412,understand,0.04,blast|shotgun,"Fire over mountain — the wanderer. The Wanderer is the stranger, the journey, finding home in movement."
56,The Wanderer,6,crystallization,dissipator,ADAPT,navigator,adaptation,mountain,Scribe,bank,0.10054,0.09482,0.08064,0.58233,0.5815,0.12054,0.10482,0.09064,0.54233,0.5415,-0.02,-0.01,-0.01,0.04,0.04,2.0,1.0,2.0,0.75,0.0,0.0,0.0465,2.4,1.9,2.2,0.75,HEX-56-PHASE-6,2e-06,1e-06,1e-06,9e-06,9e-06,understand,0.04,blast|shotgun,"Fire over mountain — the wanderer. The Wanderer is the stranger, the journey, finding home in movement."
56,The Wanderer,7,void,dissipator,ADAPT,navigator,adaptation,mountain,Scribe,bank,0.13509,0.1373,0.14055,0.61813,0.60796,0.13509,0.1373,0.14055,0.61813,0.60796,0.0,0.0,0.0,0.0,0.0,0.0,3.0,6.0,0.75,0.0,0.0,0.05425,3.2,3.3,3.3,0.875,HEX-56-PHASE-7,0.0,0.0,0.0,0.0,0.0,understand,0.04,blast|shotgun,"Fire over mountain — the wanderer. The Wanderer is the stranger, the journey, finding home in movement."
57,The Gentle,0,past,boundary,YIELD,guardian,reception,wind,Security Red-Team,equip,0.07631,0.14411,0.16644,0.55527,0.56578,0.07631,0.14411,0.11644,0.54527,0.57578,0.0,0.0,0.05,0.01,-0.01,2.0,-3.0,-6.0,0.75,0.0,0.0,0.0,1.8,3.9,3.4,0.0,HEX-57-PHASE-0,0.048969,0.092479,0.106809,0.356323,0.363066,understand,0.04,blast|shotgun,"Wind over wind — the gentle. The Gentle is persistence, the soft that overcomes the hard, penetration without force."
57,The Gentle,1,present,boundary,YIELD,guardian,reception,wind,Security Red-Team,equip,0.13855,0.2167,0.08679,0.50562,0.52647,0.09855,0.1367,0.08679,0.51562,0.51647,0.04,0.08,0.0,-0.01,0.01,4.0,-1.0,-2.0,0.75,0.0,0.0,0.00775,3.3,2.1,5.1,0.125,HEX-57-PHASE-1,0.138548,0.2167,0.086793,0.505618,0.526475,understand,0.04,blast|shotgun,"Wind over wind — the gentle. The Gentle is persistence, the soft that overcomes the hard, penetration without force."
57,The Gentle,2,future,boundary,YIELD,guardian,reception,wind,Security Red-Team,equip,0.09631,0.26376,0.05714,0.47114,0.492,0.07631,0.17376,0.05714,0.47114,0.472,0.02,0.09,0.0,0.0,0.02,0.0,-1.0,-2.0,0.75,0.0,0.0,0.0155,2.3,1.4,6.3,0.25,HEX-57-PHASE-2,0.061803,0.16926,0.036669,0.302338,0.315722,understand,0.04,blast|shotgun,"Wind over wind — the gentle. The Gentle is persistence, the soft that overcomes the hard, penetration without force."
57,The Gentle,3,transition,boundary,YIELD,guardian,reception,wind,Security Red-Team,equip,0.19302,0.20894,0.09197,0.40667,0.44235,0.14302,0.15894,0.07197,0.42667,0.44235,0.05,0.05,0.02,-0.02,0.0,2.0,1.0,2.0,0.75,0.0,0.0,0.02325,4.6,2.2,5.0,0.375,HEX-57-PHASE-3,0.032732,0.035431,0.015595,0.068961,0.075011,understand,0.04,blast|shotgun,"Wind over wind — the gentle. The Gentle is persistence, the soft that overcomes the hard, penetration without force."
57,The Gentle,4,resolution,boundary,YIELD,guardian,reception,wind,Security Red-Team,equip,0.04631,0.15376,0.06679,0.52114,0.502,0.07631,0.17376,0.08679,0.47114,0.472,-0.03,-0.02,-0.02,0.05,0.03,0.0,-1.0,-2.0,0.75,0.0,0.0,0.031,1.1,1.6,3.6,0.5,HEX-57-PHASE-4,0.000855,0.002837,0.001233,0.009617,0.009263,understand,0.04,blast|shotgun,"Wind over wind — the gentle. The Gentle is persistence, the soft that overcomes the hard, penetration without force."
57,The Gentle,5,dissolution,boundary,YIELD,guardian,reception,wind,Security Red-Team,equip,0.20302,0.19894,0.18127,0.39667,0.42235,0.14302,0.15894,0.13127,0.42667,0.44235,0.06,0.04,0.05,-0.03,-0.02,2.0,1.0,2.0,0.75,0.0,0.0,0.03875,4.8,4.3,4.7,0.625,HEX-57-PHASE-5,0.000168,0.000165,0.00015,0.000328,0.000349,understand,0.04,blast|shotgun,"Wind over wind — the gentle. The Gentle is persistence, the soft that overcomes the hard, penetration without force."
57,The Gentle,6,crystallization,boundary,YIELD,guardian,reception,wind,Security Red-Team,equip,0.12302,0.20824,0.04714,0.44443,0.4527,0.14302,0.21824,0.05714,0.40443,0.4127,-0.02,-0.01,-0.01,0.04,0.04,-2.0,1.0,2.0,0.75,0.0,0.0,0.0465,2.9,1.1,4.9,0.75,HEX-57-PHASE-6,2e-06,3e-06,1e-06,7e-06,7e-06,understand,0.04,blast|shotgun,"Wind over wind — the gentle. The Gentle is persistence, the soft that overcomes the hard, penetration without force."
57,The Gentle,7,void,boundary,YIELD,guardian,reception,wind,Security Red-Team,equip,0.16459,0.18791,0.14003,0.50349,0.50583,0.16459,0.18791,0.14003,0.50349,0.50583,0.0,0.0,0.0,0.0,0.0,0.0,3.0,6.0,0.75,0.0,0.0,0.05425,3.9,3.3,4.5,0.875,HEX-57-PHASE-7,0.0,0.0,0.0,0.0,0.0,understand,0.04,blast|shotgun,"Wind over wind — the gentle. The Gentle is persistence, the soft that overcomes the hard, penetration without force."
58,The Joyous,0,past,transformer,YIELD,integrator,reception,lake,Database/Storage,cast,0.08449,0.15621,0.15916,0.63196,0.63032,0.08449,0.15621,0.10916,0.62196,0.64032,0.0,0.0,0.05,0.01,-0.01,2.0,-3.0,-6.0,0.75,0.0,0.0,0.0,2.0,3.8,3.7,0.0,HEX-58-PHASE-0,0.05422,0.100242,0.102135,0.405539,0.404485,understand,0.04,blast|shotgun,"Lake over lake — the joyous. The Joyous is pleasure, openness, the lake that reflects heaven without distortion."
58,The Joyous,1,present,transformer,YIELD,integrator,reception,lake,Database/Storage,cast,0.12449,0.25957,0.06244,0.55356,0.56856,0.08449,0.17957,0.06244,0.56356,0.55856,0.04,0.08,0.0,-0.01,0.01,0.0,-1.0,-2.0,0.75,0.0,0.0,0.00775,3.0,1.5,6.2,0.125,HEX-58-PHASE-1,0.124492,0.259571,0.062437,0.55356,0.568557,understand,0.04,blast|shotgun,"Lake over lake — the joyous. The Joyous is pleasure, openness, the lake that reflects heaven without distortion."
58,The Joyous,2,future,transformer,YIELD,integrator,reception,lake,Database/Storage,cast,0.10449,0.26957,0.06244,0.56356,0.57856,0.08449,0.17957,0.06244,0.56356,0.55856,0.02,0.09,0.0,0.0,0.02,0.0,-1.0,-2.0,0.75,0.0,0.0,0.0155,2.5,1.5,6.4,0.25,HEX-58-PHASE-2,0.067054,0.172987,0.040066,0.361644,0.371268,understand,0.04,blast|shotgun,"Lake over lake — the joyous. The Joyous is pleasure, openness, the lake that reflects heaven without distortion."
58,The Joyous,3,transition,transformer,YIELD,integrator,reception,lake,Database/Storage,cast,0.18706,0.26461,0.08244,0.491,0.51183,0.13706,0.21461,0.06244,0.511,0.51183,0.05,0.05,0.02,-0.02,0.0,-2.0,1.0,2.0,0.75,0.0,0.0,0.02325,4.4,2.0,6.3,0.375,HEX-58-PHASE-3,0.03172,0.044872,0.013979,0.083261,0.086795,understand,0.04,blast|shotgun,"Lake over lake — the joyous. The Joyous is pleasure, openness, the lake that reflects heaven without distortion."
58,The Joyous,4,resolution,transformer,YIELD,integrator,reception,lake,Database/Storage,cast,0.07201,0.13037,0.08916,0.6486,0.6236,0.10201,0.15037,0.10916,0.5986,0.5936,-0.03,-0.02,-0.02,0.05,0.03,4.0,-1.0,-2.0,0.75,0.0,0.0,0.031,1.7,2.1,3.1,0.5,HEX-58-PHASE-4,0.001329,0.002406,0.001645,0.011969,0.011507,understand,0.04,blast|shotgun,"Lake over lake — the joyous. The Joyous is pleasure, openness, the lake that reflects heaven without distortion."
58,The Joyous,5,dissolution,transformer,YIELD,integrator,reception,lake,Database/Storage,cast,0.19706,0.20789,0.17084,0.49852,0.5152,0.13706,0.16789,0.12084,0.52852,0.5352,0.06,0.04,0.05,-0.03,-0.02,2.0,1.0,2.0,0.75,0.0,0.0,0.03875,4.7,4.1,4.9,0.625,HEX-58-PHASE-5,0.000163,0.000172,0.000141,0.000412,0.000426,understand,0.04,blast|shotgun,"Lake over lake — the joyous. The Joyous is pleasure, openness, the lake that reflects heaven without distortion."
58,The Joyous,6,crystallization,transformer,YIELD,integrator,reception,lake,Database/Storage,cast,0.11706,0.15789,0.06412,0.56852,0.5752,0.13706,0.16789,0.07412,0.52852,0.5352,-0.02,-0.01,-0.01,0.04,0.04,2.0,1.0,2.0,0.75,0.0,0.0,0.0465,2.8,1.5,3.7,0.75,HEX-58-PHASE-6,2e-06,2e-06,1e-06,9e-06,9e-06,understand,0.04,blast|shotgun,"Lake over lake — the joyous. The Joyous is pleasure, openness, the lake that reflects heaven without distortion."
58,The Joyous,7,void,transformer,YIELD,integrator,reception,lake,Database/Storage,cast,0.14716,0.18339,0.12848,0.60804,0.60335,0.14716,0.18339,0.12848,0.60804,0.60335,0.0,0.0,0.0,0.0,0.0,0.0,3.0,6.0,0.75,0.0,0.0,0.05425,3.5,3.0,4.3,0.875,HEX-58-PHASE-7,0.0,0.0,0.0,0.0,0.0,understand,0.04,blast|shotgun,"Lake over lake — the joyous. The Joyous is pleasure, openness, the lake that reflects heaven without distortion."
59,Dispersion,0,past,dissipator,ADAPT,navigator,adaptation,water,Async/Networking,dialogue,0.09741,0.12376,0.18159,0.67291,0.66051,0.09741,0.12376,0.13159,0.66291,0.67051,0.0,0.0,0.05,0.01,-0.01,0.0,-3.0,-6.0,0.75,0.0,0.0,0.0,2.3,4.3,2.9,0.0,HEX-59-PHASE-0,0.06251,0.079419,0.116526,0.431815,0.423859,understand,0.04,blast|shotgun,"Wind over water — dispersion. Dispersion is dissolution, the scattering of what was gathered, wind over water."
59,Dispersion,1,present,dissipator,ADAPT,navigator,adaptation,water,Async/Networking,dialogue,0.13741,0.19523,0.12092,0.6273,0.65064,0.09741,0.11523,0.12092,0.6373,0.64064,0.04,0.08,0.0,-0.01,0.01,2.0,-1.0,-2.0,0.75,0.0,0.0,0.00775,3.3,2.9,4.6,0.125,HEX-59-PHASE-1,0.137412,0.195225,0.120917,0.627302,0.650637,understand,0.04,blast|shotgun,"Wind over water — dispersion. Dispersion is dissolution, the scattering of what was gathered, wind over water."
59,Dispersion,2,future,dissipator,ADAPT,navigator,adaptation,water,Async/Networking,dialogue,0.11741,0.23937,0.11238,0.61169,0.63503,0.09741,0.14937,0.11238,0.61169,0.61503,0.02,0.09,0.0,0.0,0.02,-2.0,-1.0,-2.0,0.75,0.0,0.0,0.0155,2.8,2.7,5.7,0.25,HEX-59-PHASE-2,0.075345,0.153606,0.072116,0.392532,0.407507,understand,0.04,blast|shotgun,"Wind over water — dispersion. Dispersion is dissolution, the scattering of what was gathered, wind over water."
59,Dispersion,3,transition,dissipator,ADAPT,navigator,adaptation,water,Async/Networking,dialogue,0.16875,0.19083,0.13238,0.56609,0.59796,0.11875,0.14083,0.11238,0.58609,0.59796,0.05,0.05,0.02,-0.02,0.0,0.0,1.0,2.0,0.75,0.0,0.0,0.02325,4.0,3.1,4.5,0.375,HEX-59-PHASE-3,0.028616,0.032361,0.022449,0.095995,0.101399,understand,0.04,blast|shotgun,"Wind over water — dispersion. Dispersion is dissolution, the scattering of what was gathered, wind over water."
59,Dispersion,4,resolution,dissipator,ADAPT,navigator,adaptation,water,Async/Networking,dialogue,0.06741,0.1123,0.10945,0.6745,0.65783,0.09741,0.1323,0.12945,0.6245,0.62783,-0.03,-0.02,-0.02,0.05,0.03,0.0,-1.0,-2.0,0.75,0.0,0.0,0.031,1.6,2.6,2.7,0.5,HEX-59-PHASE-4,0.001244,0.002072,0.00202,0.012447,0.012139,understand,0.04,blast|shotgun,"Wind over water — dispersion. Dispersion is dissolution, the scattering of what was gathered, wind over water."
59,Dispersion,5,dissolution,dissipator,ADAPT,navigator,adaptation,water,Async/Networking,dialogue,0.19582,0.16376,0.20506,0.56889,0.59076,0.13582,0.12376,0.15506,0.59889,0.61076,0.06,0.04,0.05,-0.03,-0.02,2.0,1.0,2.0,0.75,0.0,0.0,0.03875,4.6,4.9,3.9,0.625,HEX-59-PHASE-5,0.000162,0.000135,0.00017,0.00047,0.000489,understand,0.04,blast|shotgun,"Wind over water — dispersion. Dispersion is dissolution, the scattering of what was gathered, wind over water."
59,Dispersion,6,crystallization,dissipator,ADAPT,navigator,adaptation,water,Async/Networking,dialogue,0.11582,0.1479,0.10238,0.62609,0.63369,0.13582,0.1579,0.11238,0.58609,0.59369,-0.02,-0.01,-0.01,0.04,0.04,-2.0,1.0,2.0,0.75,0.0,0.0,0.0465,2.7,2.4,3.5,0.75,HEX-59-PHASE-6,2e-06,2e-06,2e-06,1e-05,1e-05,understand,0.04,blast|shotgun,"Wind over water — dispersion. Dispersion is dissolution, the scattering of what was gathered, wind over water."
59,Dispersion,7,void,dissipator,ADAPT,navigator,adaptation,water,Async/Networking,dialogue,0.13124,0.14236,0.14661,0.69121,0.68876,0.13124,0.14236,0.14661,0.69121,0.68876,0.0,0.0,0.0,0.0,0.0,0.0,3.0,6.0,0.75,0.0,0.0,0.05425,3.1,3.5,3.4,0.875,HEX-59-PHASE-7,0.0,0.0,0.0,0.0,0.0,understand,0.04,blast|shotgun,"Wind over water — dispersion. Dispersion is dissolution, the scattering of what was gathered, wind over water."
60,Limitation,0,past,boundary,WAIT,guardian,patience,lake,DevOps/CI-CD,forensics,0.1049,0.14369,0.16909,0.53451,0.5346,0.1049,0.14369,0.11909,0.52451,0.5446,0.0,0.0,0.05,0.01,-0.01,0.0,-3.0,-6.0,0.75,0.0,0.0,0.0,2.5,4.0,3.4,0.0,HEX-60-PHASE-0,0.067316,0.092207,0.108508,0.343004,0.34306,understand,0.04,blast|shotgun,"Water over lake — limitation. Limitation is discipline, the dam that channels the flood, measured restraint."
60,Limitation,1,present,boundary,WAIT,guardian,patience,lake,DevOps/CI-CD,forensics,0.1449,0.23851,0.08573,0.4478,0.48047,0.1049,0.15851,0.08573,0.4578,0.47047,0.04,0.08,0.0,-0.01,0.01,0.0,-1.0,-2.0,0.75,0.0,0.0,0.00775,3.4,2.0,5.7,0.125,HEX-60-PHASE-1,0.144901,0.238514,0.085734,0.447799,0.480474,understand,0.04,blast|shotgun,"Water over lake — limitation. Limitation is discipline, the dam that channels the flood, measured restraint."
60,Limitation,2,future,boundary,WAIT,guardian,patience,lake,DevOps/CI-CD,forensics,0.1249,0.27816,0.08573,0.43556,0.46824,0.1049,0.18816,0.08573,0.43556,0.44824,0.02,0.09,0.0,0.0,0.02,-2.0,-1.0,-2.0,0.75,0.0,0.0,0.0155,3.0,2.0,6.6,0.25,HEX-60-PHASE-2,0.080151,0.178502,0.055016,0.279505,0.300473,understand,0.04,blast|shotgun,"Water over lake — limitation. Limitation is discipline, the dam that channels the flood, measured restraint."
60,Limitation,3,transition,boundary,WAIT,guardian,patience,lake,DevOps/CI-CD,forensics,0.22162,0.25299,0.10573,0.37108,0.41117,0.17162,0.20299,0.08573,0.39108,0.41117,0.05,0.05,0.02,-0.02,0.0,-2.0,1.0,2.0,0.75,0.0,0.0,0.02325,5.3,2.5,6.0,0.375,HEX-60-PHASE-3,0.037581,0.042901,0.01793,0.062927,0.069725,understand,0.04,blast|shotgun,"Water over lake — limitation. Limitation is discipline, the dam that channels the flood, measured restraint."
60,Limitation,4,resolution,boundary,WAIT,guardian,patience,lake,DevOps/CI-CD,forensics,0.0749,0.10886,0.11021,0.53004,0.52271,0.1049,0.12886,0.13021,0.48004,0.49271,-0.03,-0.02,-0.02,0.05,0.03,2.0,-1.0,-2.0,0.75,0.0,0.0,0.031,1.8,2.6,2.6,0.5,HEX-60-PHASE-4,0.001382,0.002009,0.002034,0.009781,0.009646,understand,0.04,blast|shotgun,"Water over lake — limitation. Limitation is discipline, the dam that channels the flood, measured restraint."
60,Limitation,5,dissolution,boundary,WAIT,guardian,patience,lake,DevOps/CI-CD,forensics,0.23162,0.18369,0.20986,0.38332,0.42082,0.17162,0.14369,0.15986,0.41332,0.44082,0.06,0.04,0.05,-0.03,-0.02,2.0,1.0,2.0,0.75,0.0,0.0,0.03875,5.5,5.0,4.4,0.625,HEX-60-PHASE-5,0.000192,0.000152,0.000174,0.000317,0.000348,understand,0.04,blast|shotgun,"Water over lake — limitation. Limitation is discipline, the dam that channels the flood, measured restraint."
60,Limitation,6,crystallization,boundary,WAIT,guardian,patience,lake,DevOps/CI-CD,forensics,0.12196,0.16334,0.07573,0.43108,0.45858,0.14196,0.17334,0.08573,0.39108,0.41858,-0.02,-0.01,-0.01,0.04,0.04,0.0,1.0,2.0,0.75,0.0,0.0,0.0465,2.9,1.8,3.9,0.75,HEX-60-PHASE-6,2e-06,2e-06,1e-06,7e-06,7e-06,understand,0.04,blast|shotgun,"Water over lake — limitation. Limitation is discipline, the dam that channels the flood, measured restraint."
60,Limitation,7,void,boundary,WAIT,guardian,patience,lake,DevOps/CI-CD,forensics,0.18711,0.1759,0.16256,0.49298,0.50463,0.18711,0.1759,0.16256,0.49298,0.50463,0.0,0.0,0.0,0.0,0.0,0.0,3.0,6.0,0.75,0.0,0.0,0.05425,4.4,3.9,4.2,0.875,HEX-60-PHASE-7,0.0,0.0,0.0,0.0,0.0,understand,0.04,blast|shotgun,"Water over lake — limitation. Limitation is discipline, the dam that channels the flood, measured restraint."
61,Inner Truth,0,past,transformer,YIELD,integrator,reception,lake,Research,attack,0.08674,0.18048,0.14927,0.55492,0.56159,0.08674,0.18048,0.09927,0.54492,0.57159,0.0,0.0,0.05,0.01,-0.01,2.0,-3.0,-6.0,0.75,0.0,0.0,0.0,2.1,3.5,4.3,0.0,HEX-61-PHASE-0,0.055665,0.115818,0.095788,0.356101,0.36038,understand,0.04,blast|shotgun,"Wind over lake — inner truth. Inner Truth is sincerity, the gentle wind over still water, resonance without words."
61,Inner Truth,1,present,transformer,YIELD,integrator,reception,lake,Research,attack,0.12674,0.26048,0.05479,0.48303,0.50005,0.08674,0.18048,0.05479,0.49303,0.49005,0.04,0.08,0.0,-0.01,0.01,2.0,-1.0,-2.0,0.75,0.0,0.0,0.00775,3.0,1.3,6.2,0.125,HEX-61-PHASE-1,0.126745,0.260483,0.054793,0.483034,0.500051,understand,0.04,blast|shotgun,"Wind over lake — inner truth. Inner Truth is sincerity, the gentle wind over still water, resonance without words."
61,Inner Truth,2,future,transformer,YIELD,integrator,reception,lake,Research,attack,0.10674,0.30013,0.03997,0.4708,0.48781,0.08674,0.21013,0.03997,0.4708,0.46781,0.02,0.09,0.0,0.0,0.02,0.0,-1.0,-2.0,0.75,0.0,0.0,0.0155,2.5,0.9,7.1,0.25,HEX-61-PHASE-2,0.0685,0.1926,0.025648,0.302116,0.313036,understand,0.04,blast|shotgun,"Wind over lake — inner truth. Inner Truth is sincerity, the gentle wind over still water, resonance without words."
61,Inner Truth,3,transition,transformer,YIELD,integrator,reception,lake,Research,attack,0.17381,0.27496,0.05997,0.38408,0.41592,0.12381,0.22496,0.03997,0.40408,0.41592,0.05,0.05,0.02,-0.02,0.0,0.0,1.0,2.0,0.75,0.0,0.0,0.02325,4.1,1.4,6.5,0.375,HEX-61-PHASE-3,0.029474,0.046626,0.010169,0.065131,0.070531,understand,0.04,blast|shotgun,"Wind over lake — inner truth. Inner Truth is sincerity, the gentle wind over still water, resonance without words."
61,Inner Truth,4,resolution,transformer,YIELD,integrator,reception,lake,Research,attack,0.05674,0.16048,0.06444,0.54303,0.52005,0.08674,0.18048,0.08444,0.49303,0.49005,-0.03,-0.02,-0.02,0.05,0.03,2.0,-1.0,-2.0,0.75,0.0,0.0,0.031,1.3,1.5,3.8,0.5,HEX-61-PHASE-4,0.001047,0.002961,0.001189,0.010021,0.009597,understand,0.04,blast|shotgun,"Wind over lake — inner truth. Inner Truth is sincerity, the gentle wind over still water, resonance without words."
61,Inner Truth,5,dissolution,transformer,YIELD,integrator,reception,lake,Research,attack,0.21346,0.23531,0.16409,0.39632,0.41816,0.15346,0.19531,0.11409,0.42632,0.43816,0.06,0.04,0.05,-0.03,-0.02,2.0,1.0,2.0,0.75,0.0,0.0,0.03875,5.1,3.9,5.6,0.625,HEX-61-PHASE-5,0.000177,0.000195,0.000136,0.000328,0.000346,understand,0.04,blast|shotgun,"Wind over lake — inner truth. Inner Truth is sincerity, the gentle wind over still water, resonance without words."
61,Inner Truth,6,crystallization,transformer,YIELD,integrator,reception,lake,Research,attack,0.10381,0.21496,0.02997,0.44408,0.45592,0.12381,0.22496,0.03997,0.40408,0.41592,-0.02,-0.01,-0.01,0.04,0.04,0.0,1.0,2.0,0.75,0.0,0.0,0.0465,2.5,0.7,5.1,0.75,HEX-61-PHASE-6,2e-06,3e-06,0.0,7e-06,7e-06,understand,0.04,blast|shotgun,"Wind over lake — inner truth. Inner Truth is sincerity, the gentle wind over still water, resonance without words."
61,Inner Truth,7,void,transformer,YIELD,integrator,reception,lake,Research,attack,0.17853,0.24679,0.11261,0.49586,0.49191,0.17853,0.24679,0.11261,0.49586,0.49191,0.0,0.0,0.0,0.0,0.0,0.0,3.0,6.0,0.75,0.0,0.0,0.05425,4.2,2.7,5.9,0.875,HEX-61-PHASE-7,0.0,0.0,0.0,0.0,0.0,understand,0.04,blast|shotgun,"Wind over lake — inner truth. Inner Truth is sincerity, the gentle wind over still water, resonance without words."
62,Preponderance of the Small,0,past,dissipator,WAIT,navigator,patience,thunder,Dev,interact,0.089,0.12701,0.13179,0.59962,0.5881,0.089,0.12701,0.08179,0.58962,0.5981,0.0,0.0,0.05,0.01,-0.01,-2.0,-3.0,-6.0,0.75,0.0,0.0,0.0,2.1,3.1,3.0,0.0,HEX-62-PHASE-0,0.057111,0.081503,0.084573,0.384787,0.377394,understand,0.04,blast|shotgun,"Mountain over thunder — small preponderance. Preponderance of the Small is caution, the bird in flight, avoiding the heights."
62,Preponderance of the Small,1,present,dissipator,WAIT,navigator,patience,thunder,Dev,interact,0.129,0.23037,0.07595,0.53874,0.55554,0.089,0.15037,0.07595,0.54874,0.54554,0.04,0.08,0.0,-0.01,0.01,-2.0,-1.0,-2.0,0.75,0.0,0.0,0.00775,3.1,1.8,5.5,0.125,HEX-62-PHASE-1,0.128998,0.23037,0.075953,0.538742,0.555541,understand,0.04,blast|shotgun,"Mountain over thunder — small preponderance. Preponderance of the Small is caution, the bird in flight, avoiding the heights."
62,Preponderance of the Small,2,future,dissipator,WAIT,navigator,patience,thunder,Dev,interact,0.109,0.21701,0.07595,0.56626,0.58306,0.089,0.12701,0.07595,0.56626,0.56306,0.02,0.09,0.0,0.0,0.02,0.0,-1.0,-2.0,0.75,0.0,0.0,0.0155,2.6,1.8,5.1,0.25,HEX-62-PHASE-2,0.069945,0.139257,0.04874,0.363378,0.374159,understand,0.04,blast|shotgun,"Mountain over thunder — small preponderance. Preponderance of the Small is caution, the bird in flight, avoiding the heights."
62,Preponderance of the Small,3,transition,dissipator,WAIT,navigator,patience,thunder,Dev,interact,0.1682,0.18869,0.09595,0.4937,0.52218,0.1182,0.13869,0.07595,0.5137,0.52218,0.05,0.05,0.02,-0.02,0.0,0.0,1.0,2.0,0.75,0.0,0.0,0.02325,4.0,2.3,4.5,0.375,HEX-62-PHASE-3,0.028522,0.031997,0.016271,0.08372,0.088549,understand,0.04,blast|shotgun,"Mountain over thunder — small preponderance. Preponderance of the Small is caution, the bird in flight, avoiding the heights."
62,Preponderance of the Small,4,resolution,dissipator,WAIT,navigator,patience,thunder,Dev,interact,0.059,0.13037,0.06763,0.59874,0.57554,0.089,0.15037,0.08763,0.54874,0.54554,-0.03,-0.02,-0.02,0.05,0.03,-2.0,-1.0,-2.0,0.75,0.0,0.0,0.031,1.4,1.6,3.1,0.5,HEX-62-PHASE-4,0.001089,0.002406,0.001248,0.011049,0.01062,understand,0.04,blast|shotgun,"Mountain over thunder — small preponderance. Preponderance of the Small is caution, the bird in flight, avoiding the heights."
62,Preponderance of the Small,5,dissolution,dissipator,WAIT,navigator,patience,thunder,Dev,interact,0.20156,0.20205,0.16099,0.4837,0.49634,0.14156,0.16205,0.11099,0.5137,0.51634,0.06,0.04,0.05,-0.03,-0.02,-2.0,1.0,2.0,0.75,0.0,0.0,0.03875,4.8,3.8,4.8,0.625,HEX-62-PHASE-5,0.000167,0.000167,0.000133,0.0004,0.00041,understand,0.04,blast|shotgun,"Mountain over thunder — small preponderance. Preponderance of the Small is caution, the bird in flight, avoiding the heights."
62,Preponderance of the Small,6,crystallization,dissipator,WAIT,navigator,patience,thunder,Dev,interact,0.0982,0.12869,0.06595,0.5537,0.56218,0.1182,0.13869,0.07595,0.5137,0.52218,-0.02,-0.01,-0.01,0.04,0.04,0.0,1.0,2.0,0.75,0.0,0.0,0.0465,2.3,1.6,3.1,0.75,HEX-62-PHASE-6,1e-06,2e-06,1e-06,8e-06,9e-06,understand,0.04,blast|shotgun,"Mountain over thunder — small preponderance. Preponderance of the Small is caution, the bird in flight, avoiding the heights."
62,Preponderance of the Small,7,void,dissipator,WAIT,navigator,patience,thunder,Dev,interact,0.15046,0.14498,0.13835,0.61001,0.60664,0.15046,0.14498,0.13835,0.61001,0.60664,0.0,0.0,0.0,0.0,0.0,0.0,3.0,6.0,0.75,0.0,0.0,0.05425,3.6,3.3,3.4,0.875,HEX-62-PHASE-7,0.0,0.0,0.0,0.0,0.0,understand,0.04,blast|shotgun,"Mountain over thunder — small preponderance. Preponderance of the Small is caution, the bird in flight, avoiding the heights."
63,After Completion,0,past,boundary,WAIT,guardian,patience,fire,HTML,traverse,0.10444,0.16369,0.15035,0.60048,0.58764,0.10444,0.16369,0.10035,0.59048,0.59764,0.0,0.0,0.05,0.01,-0.01,0.0,-3.0,-6.0,0.75,0.0,0.0,0.0,2.5,3.6,3.9,0.0,HEX-63-PHASE-0,0.06702,0.105044,0.09648,0.385334,0.377094,understand,0.04,blast|shotgun,"Water over fire — after completion. After Completion is the achieved state, the danger of complacency after success."
63,After Completion,1,present,boundary,WAIT,guardian,patience,fire,HTML,traverse,0.14444,0.25537,0.07407,0.52791,0.54923,0.10444,0.17537,0.07407,0.53791,0.53923,0.04,0.08,0.0,-0.01,0.01,0.0,-1.0,-2.0,0.75,0.0,0.0,0.00775,3.4,1.8,6.1,0.125,HEX-63-PHASE-1,0.144439,0.255374,0.074066,0.527914,0.549234,understand,0.04,blast|shotgun,"Water over fire — after completion. After Completion is the achieved state, the danger of complacency after success."
63,After Completion,2,future,boundary,WAIT,guardian,patience,fire,HTML,traverse,0.12444,0.26537,0.07407,0.53791,0.55923,0.10444,0.17537,0.07407,0.53791,0.53923,0.02,0.09,0.0,0.0,0.02,0.0,-1.0,-2.0,0.75,0.0,0.0,0.0155,3.0,1.8,6.3,0.25,HEX-63-PHASE-2,0.079854,0.170294,0.047529,0.345186,0.358868,understand,0.04,blast|shotgun,"Water over fire — after completion. After Completion is the achieved state, the danger of complacency after success."
63,After Completion,3,transition,boundary,WAIT,guardian,patience,fire,HTML,traverse,0.18364,0.23705,0.09407,0.46535,0.49835,0.13364,0.18705,0.07407,0.48535,0.49835,0.05,0.05,0.02,-0.02,0.0,0.0,1.0,2.0,0.75,0.0,0.0,0.02325,4.4,2.2,5.6,0.375,HEX-63-PHASE-3,0.031141,0.040199,0.015951,0.078912,0.084508,understand,0.04,blast|shotgun,"Water over fire — after completion. After Completion is the achieved state, the danger of complacency after success."
63,After Completion,4,resolution,boundary,WAIT,guardian,patience,fire,HTML,traverse,0.07444,0.15537,0.07743,0.58791,0.56923,0.10444,0.17537,0.09743,0.53791,0.53923,-0.03,-0.02,-0.02,0.05,0.03,0.0,-1.0,-2.0,0.75,0.0,0.0,0.031,1.8,1.8,3.7,0.5,HEX-63-PHASE-4,0.001374,0.002867,0.001429,0.010849,0.010504,understand,0.04,blast|shotgun,"Water over fire — after completion. After Completion is the achieved state, the danger of complacency after success."
63,After Completion,5,dissolution,boundary,WAIT,guardian,patience,fire,HTML,traverse,0.19364,0.22705,0.17079,0.45535,0.47835,0.13364,0.18705,0.12079,0.48535,0.49835,0.06,0.04,0.05,-0.03,-0.02,0.0,1.0,2.0,0.75,0.0,0.0,0.03875,4.6,4.1,5.4,0.625,HEX-63-PHASE-5,0.00016,0.000188,0.000141,0.000377,0.000396,understand,0.04,blast|shotgun,"Water over fire — after completion. After Completion is the achieved state, the danger of complacency after success."
63,After Completion,6,crystallization,boundary,WAIT,guardian,patience,fire,HTML,traverse,0.11364,0.17705,0.06407,0.52535,0.53835,0.13364,0.18705,0.07407,0.48535,0.49835,-0.02,-0.01,-0.01,0.04,0.04,0.0,1.0,2.0,0.75,0.0,0.0,0.0465,2.7,1.5,4.2,0.75,HEX-63-PHASE-6,2e-06,3e-06,1e-06,8e-06,8e-06,understand,0.04,blast|shotgun,"Water over fire — after completion. After Completion is the achieved state, the danger of complacency after success."
63,After Completion,7,void,boundary,WAIT,guardian,patience,fire,HTML,traverse,0.169,0.21868,0.11935,0.57996,0.57575,0.169,0.21868,0.11935,0.57996,0.57575,0.0,0.0,0.0,0.0,0.0,0.0,3.0,6.0,0.75,0.0,0.0,0.05425,4.0,2.8,5.2,0.875,HEX-63-PHASE-7,0.0,0.0,0.0,0.0,0.0,understand,0.04,blast|shotgun,"Water over fire — after completion. After Completion is the achieved state, the danger of complacency after success."
64,Before Completion,0,past,transformer,ADAPT,integrator,adaptation,water,Robotics,harvest,0.09741,0.11498,0.18159,0.6773,0.6649,0.09741,0.11498,0.13159,0.6673,0.6749,0.0,0.0,0.05,0.01,-0.01,0.0,-3.0,-6.0,0.75,0.0,0.0,0.0,2.3,4.3,2.7,0.0,HEX-64-PHASE-0,0.06251,0.073785,0.116526,0.434632,0.426676,understand,0.04,blast|shotgun,"Fire over water — before completion. Before Completion is the unfinished, the chaos before order, the moment of becoming."
64,Before Completion,1,present,transformer,ADAPT,integrator,adaptation,water,Robotics,harvest,0.13741,0.20352,0.11238,0.61889,0.64222,0.09741,0.12352,0.11238,0.62889,0.63222,0.04,0.08,0.0,-0.01,0.01,0.0,-1.0,-2.0,0.75,0.0,0.0,0.00775,3.3,2.7,4.8,0.125,HEX-64-PHASE-1,0.137412,0.203517,0.112381,0.618888,0.642223,understand,0.04,blast|shotgun,"Fire over water — before completion. Before Completion is the unfinished, the chaos before order, the moment of becoming."
64,Before Completion,2,future,transformer,ADAPT,integrator,adaptation,water,Robotics,harvest,0.11741,0.21352,0.11238,0.62889,0.65222,0.09741,0.12352,0.11238,0.62889,0.63222,0.02,0.09,0.0,0.0,0.02,0.0,-1.0,-2.0,0.75,0.0,0.0,0.0155,2.8,2.7,5.1,0.25,HEX-64-PHASE-2,0.075345,0.137017,0.072116,0.403566,0.41854,understand,0.04,blast|shotgun,"Fire over water — before completion. Before Completion is the unfinished, the chaos before order, the moment of becoming."
64,Before Completion,3,transition,transformer,ADAPT,integrator,adaptation,water,Robotics,harvest,0.16875,0.18205,0.13238,0.57048,0.60235,0.11875,0.13205,0.11238,0.59048,0.60235,0.05,0.05,0.02,-0.02,0.0,0.0,1.0,2.0,0.75,0.0,0.0,0.02325,4.0,3.1,4.3,0.375,HEX-64-PHASE-3,0.028616,0.030872,0.022449,0.096739,0.102143,understand,0.04,blast|shotgun,"Fire over water — before completion. Before Completion is the unfinished, the chaos before order, the moment of becoming."
64,Before Completion,4,resolution,transformer,ADAPT,integrator,adaptation,water,Robotics,harvest,0.06741,0.10352,0.10945,0.67889,0.66222,0.09741,0.12352,0.12945,0.62889,0.63222,-0.03,-0.02,-0.02,0.05,0.03,0.0,-1.0,-2.0,0.75,0.0,0.0,0.031,1.6,2.6,2.5,0.5,HEX-64-PHASE-4,0.001244,0.00191,0.00202,0.012528,0.01222,understand,0.04,blast|shotgun,"Fire over water — before completion. Before Completion is the unfinished, the chaos before order, the moment of becoming."
64,Before Completion,5,dissolution,transformer,ADAPT,integrator,adaptation,water,Robotics,harvest,0.17875,0.17205,0.19652,0.56048,0.58235,0.11875,0.13205,0.14652,0.59048,0.60235,0.06,0.04,0.05,-0.03,-0.02,0.0,1.0,2.0,0.75,0.0,0.0,0.03875,4.2,4.7,4.1,0.625,HEX-64-PHASE-5,0.000148,0.000142,0.000163,0.000463,0.000482,understand,0.04,blast|shotgun,"Fire over water — before completion. Before Completion is the unfinished, the chaos before order, the moment of becoming."
64,Before Completion,6,crystallization,transformer,ADAPT,integrator,adaptation,water,Robotics,harvest,0.09875,0.12205,0.10238,0.63048,0.64235,0.11875,0.13205,0.11238,0.59048,0.60235,-0.02,-0.01,-0.01,0.04,0.04,0.0,1.0,2.0,0.75,0.0,0.0,0.0465,2.3,2.4,2.9,0.75,HEX-64-PHASE-6,2e-06,2e-06,2e-06,1e-05,1e-05,understand,0.04,blast|shotgun,"Fire over water — before completion. Before Completion is the unfinished, the chaos before order, the moment of becoming."
64,Before Completion,7,void,transformer,ADAPT,integrator,adaptation,water,Robotics,harvest,0.13124,0.13682,0.14661,0.69398,0.69153,0.13124,0.13682,0.14661,0.69398,0.69153,0.0,0.0,0.0,0.0,0.0,0.0,3.0,6.0,0.75,0.0,0.0,0.05425,3.1,3.5,3.2,0.875,HEX-64-PHASE-7,0.0,0.0,0.0,0.0,0.0,understand,0.04,blast|shotgun,"Fire over water — before completion. Before Completion is the unfinished, the chaos before order, the moment of becoming."
