hexagram_id,phase,voiceWeight,coherence,chaos,whimsy,darkTone,porosity_norm,dominant_axis,text
1,past,0.55042,0.53111,0.12605,0.16094,0.0938,0.25,voiceWeight,<|hexagram|>01 <|phase|>past <|action|>ASSERT <|dominant|>voiceWeight <|porosity|>0.25 <|source|>baseline <|name|>The Creative
1,present,0.55042,0.53111,0.12605,0.16094,0.0938,0.25,voiceWeight,<|hexagram|>01 <|phase|>present <|action|>ASSERT <|dominant|>voiceWeight <|porosity|>0.25 <|source|>baseline <|name|>The Creative
1,future,0.55042,0.53111,0.12605,0.16094,0.0938,0.25,voiceWeight,<|hexagram|>01 <|phase|>future <|action|>ASSERT <|dominant|>voiceWeight <|porosity|>0.25 <|source|>baseline <|name|>The Creative
1,transition,0.55042,0.53111,0.12605,0.16094,0.0938,0.25,voiceWeight,<|hexagram|>01 <|phase|>transition <|action|>ASSERT <|dominant|>voiceWeight <|porosity|>0.25 <|source|>baseline <|name|>The Creative
1,resolution,0.55042,0.53111,0.12605,0.16094,0.0938,0.25,voiceWeight,<|hexagram|>01 <|phase|>resolution <|action|>ASSERT <|dominant|>voiceWeight <|porosity|>0.25 <|source|>baseline <|name|>The Creative
1,dissolution,0.55042,0.53111,0.12605,0.16094,0.0938,0.25,voiceWeight,<|hexagram|>01 <|phase|>dissolution <|action|>ASSERT <|dominant|>voiceWeight <|porosity|>0.25 <|source|>baseline <|name|>The Creative
1,crystallization,0.55042,0.53111,0.12605,0.16094,0.0938,0.25,voiceWeight,<|hexagram|>01 <|phase|>crystallization <|action|>ASSERT <|dominant|>voiceWeight <|porosity|>0.25 <|source|>baseline <|name|>The Creative
1,void,0.55042,0.53111,0.12605,0.16094,0.0938,0.25,voiceWeight,<|hexagram|>01 <|phase|>void <|action|>ASSERT <|dominant|>voiceWeight <|porosity|>0.25 <|source|>baseline <|name|>The Creative
2,past,0.46878,0.48115,0.10355,0.19579,0.08147,0.25,coherence,<|hexagram|>02 <|phase|>past <|action|>YIELD <|dominant|>coherence <|porosity|>0.25 <|source|>baseline <|name|>The Receptive
2,present,0.46878,0.48115,0.10355,0.19579,0.08147,0.25,coherence,<|hexagram|>02 <|phase|>present <|action|>YIELD <|dominant|>coherence <|porosity|>0.25 <|source|>baseline <|name|>The Receptive
2,future,0.46878,0.48115,0.10355,0.19579,0.08147,0.25,coherence,<|hexagram|>02 <|phase|>future <|action|>YIELD <|dominant|>coherence <|porosity|>0.25 <|source|>baseline <|name|>The Receptive
2,transition,0.46878,0.48115,0.10355,0.19579,0.08147,0.25,coherence,<|hexagram|>02 <|phase|>transition <|action|>YIELD <|dominant|>coherence <|porosity|>0.25 <|source|>baseline <|name|>The Receptive
2,resolution,0.46878,0.48115,0.10355,0.19579,0.08147,0.25,coherence,<|hexagram|>02 <|phase|>resolution <|action|>YIELD <|dominant|>coherence <|porosity|>0.25 <|source|>baseline <|name|>The Receptive
2,dissolution,0.46878,0.48115,0.10355,0.19579,0.08147,0.25,coherence,<|hexagram|>02 <|phase|>dissolution <|action|>YIELD <|dominant|>coherence <|porosity|>0.25 <|source|>baseline <|name|>The Receptive
2,crystallization,0.46878,0.48115,0.10355,0.19579,0.08147,0.25,coherence,<|hexagram|>02 <|phase|>crystallization <|action|>YIELD <|dominant|>coherence <|porosity|>0.25 <|source|>baseline <|name|>The Receptive
2,void,0.46878,0.48115,0.10355,0.19579,0.08147,0.25,coherence,<|hexagram|>02 <|phase|>void <|action|>YIELD <|dominant|>coherence <|porosity|>0.25 <|source|>baseline <|name|>The Receptive
3,past,0.46697,0.44302,0.16333,0.23729,0.1081,0.5,voiceWeight,<|hexagram|>03 <|phase|>past <|action|>ADAPT <|dominant|>voiceWeight <|porosity|>0.50 <|source|>baseline <|name|>Difficulty at the Beginning
3,present,0.46697,0.44302,0.16333,0.23729,0.1081,0.5,voiceWeight,<|hexagram|>03 <|phase|>present <|action|>ADAPT <|dominant|>voiceWeight <|porosity|>0.50 <|source|>baseline <|name|>Difficulty at the Beginning
3,future,0.46697,0.44302,0.16333,0.23729,0.1081,0.5,voiceWeight,<|hexagram|>03 <|phase|>future <|action|>ADAPT <|dominant|>voiceWeight <|porosity|>0.50 <|source|>baseline <|name|>Difficulty at the Beginning
3,transition,0.46697,0.44302,0.16333,0.23729,0.1081,0.5,voiceWeight,<|hexagram|>03 <|phase|>transition <|action|>ADAPT <|dominant|>voiceWeight <|porosity|>0.50 <|source|>baseline <|name|>Difficulty at the Beginning
3,resolution,0.46697,0.44302,0.16333,0.23729,0.1081,0.5,voiceWeight,<|hexagram|>03 <|phase|>resolution <|action|>ADAPT <|dominant|>voiceWeight <|porosity|>0.50 <|source|>baseline <|name|>Difficulty at the Beginning
3,dissolution,0.46697,0.44302,0.16333,0.23729,0.1081,0.5,voiceWeight,<|hexagram|>03 <|phase|>dissolution <|action|>ADAPT <|dominant|>voiceWeight <|porosity|>0.50 <|source|>baseline <|name|>Difficulty at the Beginning
3,crystallization,0.46697,0.44302,0.16333,0.23729,0.1081,0.5,voiceWeight,<|hexagram|>03 <|phase|>crystallization <|action|>ADAPT <|dominant|>voiceWeight <|porosity|>0.50 <|source|>baseline <|name|>Difficulty at the Beginning
3,void,0.46697,0.44302,0.16333,0.23729,0.1081,0.5,voiceWeight,<|hexagram|>03 <|phase|>void <|action|>ADAPT <|dominant|>voiceWeight <|porosity|>0.50 <|source|>baseline <|name|>Difficulty at the Beginning
4,past,0.47506,0.45527,0.13904,0.1756,0.14958,0.5,voiceWeight,<|hexagram|>04 <|phase|>past <|action|>WAIT <|dominant|>voiceWeight <|porosity|>0.50 <|source|>baseline <|name|>Youthful Folly
4,present,0.47506,0.45527,0.13904,0.1756,0.14958,0.5,voiceWeight,<|hexagram|>04 <|phase|>present <|action|>WAIT <|dominant|>voiceWeight <|porosity|>0.50 <|source|>baseline <|name|>Youthful Folly
4,future,0.47506,0.45527,0.13904,0.1756,0.14958,0.5,voiceWeight,<|hexagram|>04 <|phase|>future <|action|>WAIT <|dominant|>voiceWeight <|porosity|>0.50 <|source|>baseline <|name|>Youthful Folly
4,transition,0.47506,0.45527,0.13904,0.1756,0.14958,0.5,voiceWeight,<|hexagram|>04 <|phase|>transition <|action|>WAIT <|dominant|>voiceWeight <|porosity|>0.50 <|source|>baseline <|name|>Youthful Folly
4,resolution,0.47506,0.45527,0.13904,0.1756,0.14958,0.5,voiceWeight,<|hexagram|>04 <|phase|>resolution <|action|>WAIT <|dominant|>voiceWeight <|porosity|>0.50 <|source|>baseline <|name|>Youthful Folly
4,dissolution,0.47506,0.45527,0.13904,0.1756,0.14958,0.5,voiceWeight,<|hexagram|>04 <|phase|>dissolution <|action|>WAIT <|dominant|>voiceWeight <|porosity|>0.50 <|source|>baseline <|name|>Youthful Folly
4,crystallization,0.47506,0.45527,0.13904,0.1756,0.14958,0.5,voiceWeight,<|hexagram|>04 <|phase|>crystallization <|action|>WAIT <|dominant|>voiceWeight <|porosity|>0.50 <|source|>baseline <|name|>Youthful Folly
4,void,0.47506,0.45527,0.13904,0.1756,0.14958,0.5,voiceWeight,<|hexagram|>04 <|phase|>void <|action|>WAIT <|dominant|>voiceWeight <|porosity|>0.50 <|source|>baseline <|name|>Youthful Folly
5,past,0.51369,0.48781,0.12531,0.15884,0.13525,0.5,voiceWeight,<|hexagram|>05 <|phase|>past <|action|>WAIT <|dominant|>voiceWeight <|porosity|>0.50 <|source|>baseline <|name|>Waiting
5,present,0.51369,0.48781,0.12531,0.15884,0.13525,0.5,voiceWeight,<|hexagram|>05 <|phase|>present <|action|>WAIT <|dominant|>voiceWeight <|porosity|>0.50 <|source|>baseline <|name|>Waiting
5,future,0.51369,0.48781,0.12531,0.15884,0.13525,0.5,voiceWeight,<|hexagram|>05 <|phase|>future <|action|>WAIT <|dominant|>voiceWeight <|porosity|>0.50 <|source|>baseline <|name|>Waiting
5,transition,0.51369,0.48781,0.12531,0.15884,0.13525,0.5,voiceWeight,<|hexagram|>05 <|phase|>transition <|action|>WAIT <|dominant|>voiceWeight <|porosity|>0.50 <|source|>baseline <|name|>Waiting
5,resolution,0.51369,0.48781,0.12531,0.15884,0.13525,0.5,voiceWeight,<|hexagram|>05 <|phase|>resolution <|action|>WAIT <|dominant|>voiceWeight <|porosity|>0.50 <|source|>baseline <|name|>Waiting
5,dissolution,0.51369,0.48781,0.12531,0.15884,0.13525,0.5,voiceWeight,<|hexagram|>05 <|phase|>dissolution <|action|>WAIT <|dominant|>voiceWeight <|porosity|>0.50 <|source|>baseline <|name|>Waiting
5,crystallization,0.51369,0.48781,0.12531,0.15884,0.13525,0.5,voiceWeight,<|hexagram|>05 <|phase|>crystallization <|action|>WAIT <|dominant|>voiceWeight <|porosity|>0.50 <|source|>baseline <|name|>Waiting
5,void,0.51369,0.48781,0.12531,0.15884,0.13525,0.5,voiceWeight,<|hexagram|>05 <|phase|>void <|action|>WAIT <|dominant|>voiceWeight <|porosity|>0.50 <|source|>baseline <|name|>Waiting
6,past,0.50511,0.47408,0.13904,0.15713,0.15241,1.0,voiceWeight,<|hexagram|>06 <|phase|>past <|action|>ASSERT <|dominant|>voiceWeight <|porosity|>1.00 <|source|>baseline <|name|>Conflict
6,present,0.50511,0.47408,0.13904,0.15713,0.15241,1.0,voiceWeight,<|hexagram|>06 <|phase|>present <|action|>ASSERT <|dominant|>voiceWeight <|porosity|>1.00 <|source|>baseline <|name|>Conflict
6,future,0.50511,0.47408,0.13904,0.15713,0.15241,1.0,voiceWeight,<|hexagram|>06 <|phase|>future <|action|>ASSERT <|dominant|>voiceWeight <|porosity|>1.00 <|source|>baseline <|name|>Conflict
6,transition,0.50511,0.47408,0.13904,0.15713,0.15241,1.0,voiceWeight,<|hexagram|>06 <|phase|>transition <|action|>ASSERT <|dominant|>voiceWeight <|porosity|>1.00 <|source|>baseline <|name|>Conflict
6,resolution,0.50511,0.47408,0.13904,0.15713,0.15241,1.0,voiceWeight,<|hexagram|>06 <|phase|>resolution <|action|>ASSERT <|dominant|>voiceWeight <|porosity|>1.00 <|source|>baseline <|name|>Conflict
6,dissolution,0.50511,0.47408,0.13904,0.15713,0.15241,1.0,voiceWeight,<|hexagram|>06 <|phase|>dissolution <|action|>ASSERT <|dominant|>voiceWeight <|porosity|>1.00 <|source|>baseline <|name|>Conflict
6,crystallization,0.50511,0.47408,0.13904,0.15713,0.15241,1.0,voiceWeight,<|hexagram|>06 <|phase|>crystallization <|action|>ASSERT <|dominant|>voiceWeight <|porosity|>1.00 <|source|>baseline <|name|>Conflict
6,void,0.50511,0.47408,0.13904,0.15713,0.15241,1.0,voiceWeight,<|hexagram|>06 <|phase|>void <|action|>ASSERT <|dominant|>voiceWeight <|porosity|>1.00 <|source|>baseline <|name|>Conflict
7,past,0.4642,0.44607,0.14135,0.18827,0.13629,0.25,voiceWeight,<|hexagram|>07 <|phase|>past <|action|>ASSERT <|dominant|>voiceWeight <|porosity|>0.25 <|source|>baseline <|name|>The Army
7,present,0.4642,0.44607,0.14135,0.18827,0.13629,0.25,voiceWeight,<|hexagram|>07 <|phase|>present <|action|>ASSERT <|dominant|>voiceWeight <|porosity|>0.25 <|source|>baseline <|name|>The Army
7,future,0.4642,0.44607,0.14135,0.18827,0.13629,0.25,voiceWeight,<|hexagram|>07 <|phase|>future <|action|>ASSERT <|dominant|>voiceWeight <|porosity|>0.25 <|source|>baseline <|name|>The Army
7,transition,0.4642,0.44607,0.14135,0.18827,0.13629,0.25,voiceWeight,<|hexagram|>07 <|phase|>transition <|action|>ASSERT <|dominant|>voiceWeight <|porosity|>0.25 <|source|>baseline <|name|>The Army
7,resolution,0.4642,0.44607,0.14135,0.18827,0.13629,0.25,voiceWeight,<|hexagram|>07 <|phase|>resolution <|action|>ASSERT <|dominant|>voiceWeight <|porosity|>0.25 <|source|>baseline <|name|>The Army
7,dissolution,0.4642,0.44607,0.14135,0.18827,0.13629,0.25,voiceWeight,<|hexagram|>07 <|phase|>dissolution <|action|>ASSERT <|dominant|>voiceWeight <|porosity|>0.25 <|source|>baseline <|name|>The Army
7,crystallization,0.4642,0.44607,0.14135,0.18827,0.13629,0.25,voiceWeight,<|hexagram|>07 <|phase|>crystallization <|action|>ASSERT <|dominant|>voiceWeight <|porosity|>0.25 <|source|>baseline <|name|>The Army
7,void,0.4642,0.44607,0.14135,0.18827,0.13629,0.25,voiceWeight,<|hexagram|>07 <|phase|>void <|action|>ASSERT <|dominant|>voiceWeight <|porosity|>0.25 <|source|>baseline <|name|>The Army
8,past,0.46935,0.46152,0.1259,0.18655,0.11913,0.25,voiceWeight,<|hexagram|>08 <|phase|>past <|action|>YIELD <|dominant|>voiceWeight <|porosity|>0.25 <|source|>baseline <|name|>Holding Together
8,present,0.46935,0.46152,0.1259,0.18655,0.11913,0.25,voiceWeight,<|hexagram|>08 <|phase|>present <|action|>YIELD <|dominant|>voiceWeight <|porosity|>0.25 <|source|>baseline <|name|>Holding Together
8,future,0.46935,0.46152,0.1259,0.18655,0.11913,0.25,voiceWeight,<|hexagram|>08 <|phase|>future <|action|>YIELD <|dominant|>voiceWeight <|porosity|>0.25 <|source|>baseline <|name|>Holding Together
8,transition,0.46935,0.46152,0.1259,0.18655,0.11913,0.25,voiceWeight,<|hexagram|>08 <|phase|>transition <|action|>YIELD <|dominant|>voiceWeight <|porosity|>0.25 <|source|>baseline <|name|>Holding Together
8,resolution,0.46935,0.46152,0.1259,0.18655,0.11913,0.25,voiceWeight,<|hexagram|>08 <|phase|>resolution <|action|>YIELD <|dominant|>voiceWeight <|porosity|>0.25 <|source|>baseline <|name|>Holding Together
8,dissolution,0.46935,0.46152,0.1259,0.18655,0.11913,0.25,voiceWeight,<|hexagram|>08 <|phase|>dissolution <|action|>YIELD <|dominant|>voiceWeight <|porosity|>0.25 <|source|>baseline <|name|>Holding Together
8,crystallization,0.46935,0.46152,0.1259,0.18655,0.11913,0.25,voiceWeight,<|hexagram|>08 <|phase|>crystallization <|action|>YIELD <|dominant|>voiceWeight <|porosity|>0.25 <|source|>baseline <|name|>Holding Together
8,void,0.46935,0.46152,0.1259,0.18655,0.11913,0.25,voiceWeight,<|hexagram|>08 <|phase|>void <|action|>YIELD <|dominant|>voiceWeight <|porosity|>0.25 <|source|>baseline <|name|>Holding Together
9,past,0.53151,0.51391,0.11611,0.17413,0.11352,0.5,voiceWeight,<|hexagram|>09 <|phase|>past <|action|>ADAPT <|dominant|>voiceWeight <|porosity|>0.50 <|source|>baseline <|name|>Taming Power of the Small
9,present,0.53151,0.51391,0.11611,0.17413,0.11352,0.5,voiceWeight,<|hexagram|>09 <|phase|>present <|action|>ADAPT <|dominant|>voiceWeight <|porosity|>0.50 <|source|>baseline <|name|>Taming Power of the Small
9,future,0.53151,0.51391,0.11611,0.17413,0.11352,0.5,voiceWeight,<|hexagram|>09 <|phase|>future <|action|>ADAPT <|dominant|>voiceWeight <|porosity|>0.50 <|source|>baseline <|name|>Taming Power of the Small
9,transition,0.53151,0.51391,0.11611,0.17413,0.11352,0.5,voiceWeight,<|hexagram|>09 <|phase|>transition <|action|>ADAPT <|dominant|>voiceWeight <|porosity|>0.50 <|source|>baseline <|name|>Taming Power of the Small
9,resolution,0.53151,0.51391,0.11611,0.17413,0.11352,0.5,voiceWeight,<|hexagram|>09 <|phase|>resolution <|action|>ADAPT <|dominant|>voiceWeight <|porosity|>0.50 <|source|>baseline <|name|>Taming Power of the Small
9,dissolution,0.53151,0.51391,0.11611,0.17413,0.11352,0.5,voiceWeight,<|hexagram|>09 <|phase|>dissolution <|action|>ADAPT <|dominant|>voiceWeight <|porosity|>0.50 <|source|>baseline <|name|>Taming Power of the Small
9,crystallization,0.53151,0.51391,0.11611,0.17413,0.11352,0.5,voiceWeight,<|hexagram|>09 <|phase|>crystallization <|action|>ADAPT <|dominant|>voiceWeight <|porosity|>0.50 <|source|>baseline <|name|>Taming Power of the Small
9,void,0.53151,0.51391,0.11611,0.17413,0.11352,0.5,voiceWeight,<|hexagram|>09 <|phase|>void <|action|>ADAPT <|dominant|>voiceWeight <|porosity|>0.50 <|source|>baseline <|name|>Taming Power of the Small
10,past,0.53794,0.52103,0.11451,0.16927,0.10194,0.5,voiceWeight,<|hexagram|>10 <|phase|>past <|action|>ADAPT <|dominant|>voiceWeight <|porosity|>0.50 <|source|>baseline <|name|>Treading
10,present,0.53794,0.52103,0.11451,0.16927,0.10194,0.5,voiceWeight,<|hexagram|>10 <|phase|>present <|action|>ADAPT <|dominant|>voiceWeight <|porosity|>0.50 <|source|>baseline <|name|>Treading
10,future,0.53794,0.52103,0.11451,0.16927,0.10194,0.5,voiceWeight,<|hexagram|>10 <|phase|>future <|action|>ADAPT <|dominant|>voiceWeight <|porosity|>0.50 <|source|>baseline <|name|>Treading
10,transition,0.53794,0.52103,0.11451,0.16927,0.10194,0.5,voiceWeight,<|hexagram|>10 <|phase|>transition <|action|>ADAPT <|dominant|>voiceWeight <|porosity|>0.50 <|source|>baseline <|name|>Treading
10,resolution,0.53794,0.52103,0.11451,0.16927,0.10194,0.5,voiceWeight,<|hexagram|>10 <|phase|>resolution <|action|>ADAPT <|dominant|>voiceWeight <|porosity|>0.50 <|source|>baseline <|name|>Treading
10,dissolution,0.53794,0.52103,0.11451,0.16927,0.10194,0.5,voiceWeight,<|hexagram|>10 <|phase|>dissolution <|action|>ADAPT <|dominant|>voiceWeight <|porosity|>0.50 <|source|>baseline <|name|>Treading
10,crystallization,0.53794,0.52103,0.11451,0.16927,0.10194,0.5,voiceWeight,<|hexagram|>10 <|phase|>crystallization <|action|>ADAPT <|dominant|>voiceWeight <|porosity|>0.50 <|source|>baseline <|name|>Treading
10,void,0.53794,0.52103,0.11451,0.16927,0.10194,0.5,voiceWeight,<|hexagram|>10 <|phase|>void <|action|>ADAPT <|dominant|>voiceWeight <|porosity|>0.50 <|source|>baseline <|name|>Treading
11,past,0.5198,0.51689,0.0813,0.14263,0.08362,0.25,voiceWeight,<|hexagram|>11 <|phase|>past <|action|>YIELD <|dominant|>voiceWeight <|porosity|>0.25 <|source|>baseline <|name|>Peace
11,present,0.5198,0.51689,0.0813,0.14263,0.08362,0.25,voiceWeight,<|hexagram|>11 <|phase|>present <|action|>YIELD <|dominant|>voiceWeight <|porosity|>0.25 <|source|>baseline <|name|>Peace
11,future,0.5198,0.51689,0.0813,0.14263,0.08362,0.25,voiceWeight,<|hexagram|>11 <|phase|>future <|action|>YIELD <|dominant|>voiceWeight <|porosity|>0.25 <|source|>baseline <|name|>Peace
11,transition,0.5198,0.51689,0.0813,0.14263,0.08362,0.25,voiceWeight,<|hexagram|>11 <|phase|>transition <|action|>YIELD <|dominant|>voiceWeight <|porosity|>0.25 <|source|>baseline <|name|>Peace
11,resolution,0.5198,0.51689,0.0813,0.14263,0.08362,0.25,voiceWeight,<|hexagram|>11 <|phase|>resolution <|action|>YIELD <|dominant|>voiceWeight <|porosity|>0.25 <|source|>baseline <|name|>Peace
11,dissolution,0.5198,0.51689,0.0813,0.14263,0.08362,0.25,voiceWeight,<|hexagram|>11 <|phase|>dissolution <|action|>YIELD <|dominant|>voiceWeight <|porosity|>0.25 <|source|>baseline <|name|>Peace
11,crystallization,0.5198,0.51689,0.0813,0.14263,0.08362,0.25,voiceWeight,<|hexagram|>11 <|phase|>crystallization <|action|>YIELD <|dominant|>voiceWeight <|porosity|>0.25 <|source|>baseline <|name|>Peace
11,void,0.5198,0.51689,0.0813,0.14263,0.08362,0.25,voiceWeight,<|hexagram|>11 <|phase|>void <|action|>YIELD <|dominant|>voiceWeight <|porosity|>0.25 <|source|>baseline <|name|>Peace
12,past,0.51637,0.51861,0.07958,0.1392,0.08362,0.5,coherence,<|hexagram|>12 <|phase|>past <|action|>WAIT <|dominant|>coherence <|porosity|>0.50 <|source|>baseline <|name|>Standstill
12,present,0.51637,0.51861,0.07958,0.1392,0.08362,0.5,coherence,<|hexagram|>12 <|phase|>present <|action|>WAIT <|dominant|>coherence <|porosity|>0.50 <|source|>baseline <|name|>Standstill
12,future,0.51637,0.51861,0.07958,0.1392,0.08362,0.5,coherence,<|hexagram|>12 <|phase|>future <|action|>WAIT <|dominant|>coherence <|porosity|>0.50 <|source|>baseline <|name|>Standstill
12,transition,0.51637,0.51861,0.07958,0.1392,0.08362,0.5,coherence,<|hexagram|>12 <|phase|>transition <|action|>WAIT <|dominant|>coherence <|porosity|>0.50 <|source|>baseline <|name|>Standstill
12,resolution,0.51637,0.51861,0.07958,0.1392,0.08362,0.5,coherence,<|hexagram|>12 <|phase|>resolution <|action|>WAIT <|dominant|>coherence <|porosity|>0.50 <|source|>baseline <|name|>Standstill
12,dissolution,0.51637,0.51861,0.07958,0.1392,0.08362,0.5,coherence,<|hexagram|>12 <|phase|>dissolution <|action|>WAIT <|dominant|>coherence <|porosity|>0.50 <|source|>baseline <|name|>Standstill
12,crystallization,0.51637,0.51861,0.07958,0.1392,0.08362,0.5,coherence,<|hexagram|>12 <|phase|>crystallization <|action|>WAIT <|dominant|>coherence <|porosity|>0.50 <|source|>baseline <|name|>Standstill
12,void,0.51637,0.51861,0.07958,0.1392,0.08362,0.5,coherence,<|hexagram|>12 <|phase|>void <|action|>WAIT <|dominant|>coherence <|porosity|>0.50 <|source|>baseline <|name|>Standstill
13,past,0.54652,0.5279,0.10593,0.13495,0.10538,0.5,voiceWeight,<|hexagram|>13 <|phase|>past <|action|>ASSERT <|dominant|>voiceWeight <|porosity|>0.50 <|source|>baseline <|name|>Fellowship with Men
13,present,0.54652,0.5279,0.10593,0.13495,0.10538,0.5,voiceWeight,<|hexagram|>13 <|phase|>present <|action|>ASSERT <|dominant|>voiceWeight <|porosity|>0.50 <|source|>baseline <|name|>Fellowship with Men
13,future,0.54652,0.5279,0.10593,0.13495,0.10538,0.5,voiceWeight,<|hexagram|>13 <|phase|>future <|action|>ASSERT <|dominant|>voiceWeight <|porosity|>0.50 <|source|>baseline <|name|>Fellowship with Men
13,transition,0.54652,0.5279,0.10593,0.13495,0.10538,0.5,voiceWeight,<|hexagram|>13 <|phase|>transition <|action|>ASSERT <|dominant|>voiceWeight <|porosity|>0.50 <|source|>baseline <|name|>Fellowship with Men
13,resolution,0.54652,0.5279,0.10593,0.13495,0.10538,0.5,voiceWeight,<|hexagram|>13 <|phase|>resolution <|action|>ASSERT <|dominant|>voiceWeight <|porosity|>0.50 <|source|>baseline <|name|>Fellowship with Men
13,dissolution,0.54652,0.5279,0.10593,0.13495,0.10538,0.5,voiceWeight,<|hexagram|>13 <|phase|>dissolution <|action|>ASSERT <|dominant|>voiceWeight <|porosity|>0.50 <|source|>baseline <|name|>Fellowship with Men
13,crystallization,0.54652,0.5279,0.10593,0.13495,0.10538,0.5,voiceWeight,<|hexagram|>13 <|phase|>crystallization <|action|>ASSERT <|dominant|>voiceWeight <|porosity|>0.50 <|source|>baseline <|name|>Fellowship with Men
13,void,0.54652,0.5279,0.10593,0.13495,0.10538,0.5,voiceWeight,<|hexagram|>13 <|phase|>void <|action|>ASSERT <|dominant|>voiceWeight <|porosity|>0.50 <|source|>baseline <|name|>Fellowship with Men
14,past,0.53597,0.51906,0.11955,0.16383,0.11524,0.25,voiceWeight,<|hexagram|>14 <|phase|>past <|action|>ASSERT <|dominant|>voiceWeight <|porosity|>0.25 <|source|>baseline <|name|>Possession in Great Measure
14,present,0.53597,0.51906,0.11955,0.16383,0.11524,0.25,voiceWeight,<|hexagram|>14 <|phase|>present <|action|>ASSERT <|dominant|>voiceWeight <|porosity|>0.25 <|source|>baseline <|name|>Possession in Great Measure
14,future,0.53597,0.51906,0.11955,0.16383,0.11524,0.25,voiceWeight,<|hexagram|>14 <|phase|>future <|action|>ASSERT <|dominant|>voiceWeight <|porosity|>0.25 <|source|>baseline <|name|>Possession in Great Measure
14,transition,0.53597,0.51906,0.11955,0.16383,0.11524,0.25,voiceWeight,<|hexagram|>14 <|phase|>transition <|action|>ASSERT <|dominant|>voiceWeight <|porosity|>0.25 <|source|>baseline <|name|>Possession in Great Measure
14,resolution,0.53597,0.51906,0.11955,0.16383,0.11524,0.25,voiceWeight,<|hexagram|>14 <|phase|>resolution <|action|>ASSERT <|dominant|>voiceWeight <|porosity|>0.25 <|source|>baseline <|name|>Possession in Great Measure
14,dissolution,0.53597,0.51906,0.11955,0.16383,0.11524,0.25,voiceWeight,<|hexagram|>14 <|phase|>dissolution <|action|>ASSERT <|dominant|>voiceWeight <|porosity|>0.25 <|source|>baseline <|name|>Possession in Great Measure
14,crystallization,0.53597,0.51906,0.11955,0.16383,0.11524,0.25,voiceWeight,<|hexagram|>14 <|phase|>crystallization <|action|>ASSERT <|dominant|>voiceWeight <|porosity|>0.25 <|source|>baseline <|name|>Possession in Great Measure
14,void,0.53597,0.51906,0.11955,0.16383,0.11524,0.25,voiceWeight,<|hexagram|>14 <|phase|>void <|action|>ASSERT <|dominant|>voiceWeight <|porosity|>0.25 <|source|>baseline <|name|>Possession in Great Measure
15,past,0.47964,0.49035,0.09845,0.18312,0.09177,0.25,coherence,<|hexagram|>15 <|phase|>past <|action|>YIELD <|dominant|>coherence <|porosity|>0.25 <|source|>baseline <|name|>Modesty
15,present,0.47964,0.49035,0.09845,0.18312,0.09177,0.25,coherence,<|hexagram|>15 <|phase|>present <|action|>YIELD <|dominant|>coherence <|porosity|>0.25 <|source|>baseline <|name|>Modesty
15,future,0.47964,0.49035,0.09845,0.18312,0.09177,0.25,coherence,<|hexagram|>15 <|phase|>future <|action|>YIELD <|dominant|>coherence <|porosity|>0.25 <|source|>baseline <|name|>Modesty
15,transition,0.47964,0.49035,0.09845,0.18312,0.09177,0.25,coherence,<|hexagram|>15 <|phase|>transition <|action|>YIELD <|dominant|>coherence <|porosity|>0.25 <|source|>baseline <|name|>Modesty
15,resolution,0.47964,0.49035,0.09845,0.18312,0.09177,0.25,coherence,<|hexagram|>15 <|phase|>resolution <|action|>YIELD <|dominant|>coherence <|porosity|>0.25 <|source|>baseline <|name|>Modesty
15,dissolution,0.47964,0.49035,0.09845,0.18312,0.09177,0.25,coherence,<|hexagram|>15 <|phase|>dissolution <|action|>YIELD <|dominant|>coherence <|porosity|>0.25 <|source|>baseline <|name|>Modesty
15,crystallization,0.47964,0.49035,0.09845,0.18312,0.09177,0.25,coherence,<|hexagram|>15 <|phase|>crystallization <|action|>YIELD <|dominant|>coherence <|porosity|>0.25 <|source|>baseline <|name|>Modesty
15,void,0.47964,0.49035,0.09845,0.18312,0.09177,0.25,coherence,<|hexagram|>15 <|phase|>void <|action|>YIELD <|dominant|>coherence <|porosity|>0.25 <|source|>baseline <|name|>Modesty
16,past,0.47455,0.46978,0.128,0.22108,0.06304,0.75,voiceWeight,<|hexagram|>16 <|phase|>past <|action|>ADAPT <|dominant|>voiceWeight <|porosity|>0.75 <|source|>baseline <|name|>Enthusiasm
16,present,0.47455,0.46978,0.128,0.22108,0.06304,0.75,voiceWeight,<|hexagram|>16 <|phase|>present <|action|>ADAPT <|dominant|>voiceWeight <|porosity|>0.75 <|source|>baseline <|name|>Enthusiasm
16,future,0.47455,0.46978,0.128,0.22108,0.06304,0.75,voiceWeight,<|hexagram|>16 <|phase|>future <|action|>ADAPT <|dominant|>voiceWeight <|porosity|>0.75 <|source|>baseline <|name|>Enthusiasm
16,transition,0.47455,0.46978,0.128,0.22108,0.06304,0.75,voiceWeight,<|hexagram|>16 <|phase|>transition <|action|>ADAPT <|dominant|>voiceWeight <|porosity|>0.75 <|source|>baseline <|name|>Enthusiasm
16,resolution,0.47455,0.46978,0.128,0.22108,0.06304,0.75,voiceWeight,<|hexagram|>16 <|phase|>resolution <|action|>ADAPT <|dominant|>voiceWeight <|porosity|>0.75 <|source|>baseline <|name|>Enthusiasm
16,dissolution,0.47455,0.46978,0.128,0.22108,0.06304,0.75,voiceWeight,<|hexagram|>16 <|phase|>dissolution <|action|>ADAPT <|dominant|>voiceWeight <|porosity|>0.75 <|source|>baseline <|name|>Enthusiasm
16,crystallization,0.47455,0.46978,0.128,0.22108,0.06304,0.75,voiceWeight,<|hexagram|>16 <|phase|>crystallization <|action|>ADAPT <|dominant|>voiceWeight <|porosity|>0.75 <|source|>baseline <|name|>Enthusiasm
16,void,0.47455,0.46978,0.128,0.22108,0.06304,0.75,voiceWeight,<|hexagram|>16 <|phase|>void <|action|>ADAPT <|dominant|>voiceWeight <|porosity|>0.75 <|source|>baseline <|name|>Enthusiasm
17,past,0.49568,0.48419,0.13893,0.23006,0.0748,0.5,voiceWeight,<|hexagram|>17 <|phase|>past <|action|>YIELD <|dominant|>voiceWeight <|porosity|>0.50 <|source|>baseline <|name|>Following
17,present,0.49568,0.48419,0.13893,0.23006,0.0748,0.5,voiceWeight,<|hexagram|>17 <|phase|>present <|action|>YIELD <|dominant|>voiceWeight <|porosity|>0.50 <|source|>baseline <|name|>Following
17,future,0.49568,0.48419,0.13893,0.23006,0.0748,0.5,voiceWeight,<|hexagram|>17 <|phase|>future <|action|>YIELD <|dominant|>voiceWeight <|porosity|>0.50 <|source|>baseline <|name|>Following
17,transition,0.49568,0.48419,0.13893,0.23006,0.0748,0.5,voiceWeight,<|hexagram|>17 <|phase|>transition <|action|>YIELD <|dominant|>voiceWeight <|porosity|>0.50 <|source|>baseline <|name|>Following
17,resolution,0.49568,0.48419,0.13893,0.23006,0.0748,0.5,voiceWeight,<|hexagram|>17 <|phase|>resolution <|action|>YIELD <|dominant|>voiceWeight <|porosity|>0.50 <|source|>baseline <|name|>Following
17,dissolution,0.49568,0.48419,0.13893,0.23006,0.0748,0.5,voiceWeight,<|hexagram|>17 <|phase|>dissolution <|action|>YIELD <|dominant|>voiceWeight <|porosity|>0.50 <|source|>baseline <|name|>Following
17,crystallization,0.49568,0.48419,0.13893,0.23006,0.0748,0.5,voiceWeight,<|hexagram|>17 <|phase|>crystallization <|action|>YIELD <|dominant|>voiceWeight <|porosity|>0.50 <|source|>baseline <|name|>Following
17,void,0.49568,0.48419,0.13893,0.23006,0.0748,0.5,voiceWeight,<|hexagram|>17 <|phase|>void <|action|>YIELD <|dominant|>voiceWeight <|porosity|>0.50 <|source|>baseline <|name|>Following
18,past,0.49053,0.49243,0.10804,0.21118,0.08323,0.75,coherence,<|hexagram|>18 <|phase|>past <|action|>ADAPT <|dominant|>coherence <|porosity|>0.75 <|source|>baseline <|name|>Work on Decayed
18,present,0.49053,0.49243,0.10804,0.21118,0.08323,0.75,coherence,<|hexagram|>18 <|phase|>present <|action|>ADAPT <|dominant|>coherence <|porosity|>0.75 <|source|>baseline <|name|>Work on Decayed
18,future,0.49053,0.49243,0.10804,0.21118,0.08323,0.75,coherence,<|hexagram|>18 <|phase|>future <|action|>ADAPT <|dominant|>coherence <|porosity|>0.75 <|source|>baseline <|name|>Work on Decayed
18,transition,0.49053,0.49243,0.10804,0.21118,0.08323,0.75,coherence,<|hexagram|>18 <|phase|>transition <|action|>ADAPT <|dominant|>coherence <|porosity|>0.75 <|source|>baseline <|name|>Work on Decayed
18,resolution,0.49053,0.49243,0.10804,0.21118,0.08323,0.75,coherence,<|hexagram|>18 <|phase|>resolution <|action|>ADAPT <|dominant|>coherence <|porosity|>0.75 <|source|>baseline <|name|>Work on Decayed
18,dissolution,0.49053,0.49243,0.10804,0.21118,0.08323,0.75,coherence,<|hexagram|>18 <|phase|>dissolution <|action|>ADAPT <|dominant|>coherence <|porosity|>0.75 <|source|>baseline <|name|>Work on Decayed
18,crystallization,0.49053,0.49243,0.10804,0.21118,0.08323,0.75,coherence,<|hexagram|>18 <|phase|>crystallization <|action|>ADAPT <|dominant|>coherence <|porosity|>0.75 <|source|>baseline <|name|>Work on Decayed
18,void,0.49053,0.49243,0.10804,0.21118,0.08323,0.75,coherence,<|hexagram|>18 <|phase|>void <|action|>ADAPT <|dominant|>coherence <|porosity|>0.75 <|source|>baseline <|name|>Work on Decayed
19,past,0.48335,0.49133,0.09995,0.21699,0.06235,0.25,coherence,<|hexagram|>19 <|phase|>past <|action|>YIELD <|dominant|>coherence <|porosity|>0.25 <|source|>baseline <|name|>Approach
19,present,0.48335,0.49133,0.09995,0.21699,0.06235,0.25,coherence,<|hexagram|>19 <|phase|>present <|action|>YIELD <|dominant|>coherence <|porosity|>0.25 <|source|>baseline <|name|>Approach
19,future,0.48335,0.49133,0.09995,0.21699,0.06235,0.25,coherence,<|hexagram|>19 <|phase|>future <|action|>YIELD <|dominant|>coherence <|porosity|>0.25 <|source|>baseline <|name|>Approach
19,transition,0.48335,0.49133,0.09995,0.21699,0.06235,0.25,coherence,<|hexagram|>19 <|phase|>transition <|action|>YIELD <|dominant|>coherence <|porosity|>0.25 <|source|>baseline <|name|>Approach
19,resolution,0.48335,0.49133,0.09995,0.21699,0.06235,0.25,coherence,<|hexagram|>19 <|phase|>resolution <|action|>YIELD <|dominant|>coherence <|porosity|>0.25 <|source|>baseline <|name|>Approach
19,dissolution,0.48335,0.49133,0.09995,0.21699,0.06235,0.25,coherence,<|hexagram|>19 <|phase|>dissolution <|action|>YIELD <|dominant|>coherence <|porosity|>0.25 <|source|>baseline <|name|>Approach
19,crystallization,0.48335,0.49133,0.09995,0.21699,0.06235,0.25,coherence,<|hexagram|>19 <|phase|>crystallization <|action|>YIELD <|dominant|>coherence <|porosity|>0.25 <|source|>baseline <|name|>Approach
19,void,0.48335,0.49133,0.09995,0.21699,0.06235,0.25,coherence,<|hexagram|>19 <|phase|>void <|action|>YIELD <|dominant|>coherence <|porosity|>0.25 <|source|>baseline <|name|>Approach
20,past,0.4782,0.48103,0.10166,0.22385,0.06564,0.5,coherence,<|hexagram|>20 <|phase|>past <|action|>WAIT <|dominant|>coherence <|porosity|>0.50 <|source|>baseline <|name|>Contemplation
20,present,0.4782,0.48103,0.10166,0.22385,0.06564,0.5,coherence,<|hexagram|>20 <|phase|>present <|action|>WAIT <|dominant|>coherence <|porosity|>0.50 <|source|>baseline <|name|>Contemplation
20,future,0.4782,0.48103,0.10166,0.22385,0.06564,0.5,coherence,<|hexagram|>20 <|phase|>future <|action|>WAIT <|dominant|>coherence <|porosity|>0.50 <|source|>baseline <|name|>Contemplation
20,transition,0.4782,0.48103,0.10166,0.22385,0.06564,0.5,coherence,<|hexagram|>20 <|phase|>transition <|action|>WAIT <|dominant|>coherence <|porosity|>0.50 <|source|>baseline <|name|>Contemplation
20,resolution,0.4782,0.48103,0.10166,0.22385,0.06564,0.5,coherence,<|hexagram|>20 <|phase|>resolution <|action|>WAIT <|dominant|>coherence <|porosity|>0.50 <|source|>baseline <|name|>Contemplation
20,dissolution,0.4782,0.48103,0.10166,0.22385,0.06564,0.5,coherence,<|hexagram|>20 <|phase|>dissolution <|action|>WAIT <|dominant|>coherence <|porosity|>0.50 <|source|>baseline <|name|>Contemplation
20,crystallization,0.4782,0.48103,0.10166,0.22385,0.06564,0.5,coherence,<|hexagram|>20 <|phase|>crystallization <|action|>WAIT <|dominant|>coherence <|porosity|>0.50 <|source|>baseline <|name|>Contemplation
20,void,0.4782,0.48103,0.10166,0.22385,0.06564,0.5,coherence,<|hexagram|>20 <|phase|>void <|action|>WAIT <|dominant|>coherence <|porosity|>0.50 <|source|>baseline <|name|>Contemplation
21,past,0.4998,0.48763,0.13549,0.20947,0.07676,0.5,voiceWeight,<|hexagram|>21 <|phase|>past <|action|>ASSERT <|dominant|>voiceWeight <|porosity|>0.50 <|source|>baseline <|name|>Biting Through
21,present,0.4998,0.48763,0.13549,0.20947,0.07676,0.5,voiceWeight,<|hexagram|>21 <|phase|>present <|action|>ASSERT <|dominant|>voiceWeight <|porosity|>0.50 <|source|>baseline <|name|>Biting Through
21,future,0.4998,0.48763,0.13549,0.20947,0.07676,0.5,voiceWeight,<|hexagram|>21 <|phase|>future <|action|>ASSERT <|dominant|>voiceWeight <|porosity|>0.50 <|source|>baseline <|name|>Biting Through
21,transition,0.4998,0.48763,0.13549,0.20947,0.07676,0.5,voiceWeight,<|hexagram|>21 <|phase|>transition <|action|>ASSERT <|dominant|>voiceWeight <|porosity|>0.50 <|source|>baseline <|name|>Biting Through
21,resolution,0.4998,0.48763,0.13549,0.20947,0.07676,0.5,voiceWeight,<|hexagram|>21 <|phase|>resolution <|action|>ASSERT <|dominant|>voiceWeight <|porosity|>0.50 <|source|>baseline <|name|>Biting Through
21,dissolution,0.4998,0.48763,0.13549,0.20947,0.07676,0.5,voiceWeight,<|hexagram|>21 <|phase|>dissolution <|action|>ASSERT <|dominant|>voiceWeight <|porosity|>0.50 <|source|>baseline <|name|>Biting Through
21,crystallization,0.4998,0.48763,0.13549,0.20947,0.07676,0.5,voiceWeight,<|hexagram|>21 <|phase|>crystallization <|action|>ASSERT <|dominant|>voiceWeight <|porosity|>0.50 <|source|>baseline <|name|>Biting Through
21,void,0.4998,0.48763,0.13549,0.20947,0.07676,0.5,voiceWeight,<|hexagram|>21 <|phase|>void <|action|>ASSERT <|dominant|>voiceWeight <|porosity|>0.50 <|source|>baseline <|name|>Biting Through
22,past,0.50083,0.50273,0.10804,0.19059,0.08176,0.5,coherence,<|hexagram|>22 <|phase|>past <|action|>WAIT <|dominant|>coherence <|porosity|>0.50 <|source|>baseline <|name|>Grace
22,present,0.50083,0.50273,0.10804,0.19059,0.08176,0.5,coherence,<|hexagram|>22 <|phase|>present <|action|>WAIT <|dominant|>coherence <|porosity|>0.50 <|source|>baseline <|name|>Grace
22,future,0.50083,0.50273,0.10804,0.19059,0.08176,0.5,coherence,<|hexagram|>22 <|phase|>future <|action|>WAIT <|dominant|>coherence <|porosity|>0.50 <|source|>baseline <|name|>Grace
22,transition,0.50083,0.50273,0.10804,0.19059,0.08176,0.5,coherence,<|hexagram|>22 <|phase|>transition <|action|>WAIT <|dominant|>coherence <|porosity|>0.50 <|source|>baseline <|name|>Grace
22,resolution,0.50083,0.50273,0.10804,0.19059,0.08176,0.5,coherence,<|hexagram|>22 <|phase|>resolution <|action|>WAIT <|dominant|>coherence <|porosity|>0.50 <|source|>baseline <|name|>Grace
22,dissolution,0.50083,0.50273,0.10804,0.19059,0.08176,0.5,coherence,<|hexagram|>22 <|phase|>dissolution <|action|>WAIT <|dominant|>coherence <|porosity|>0.50 <|source|>baseline <|name|>Grace
22,crystallization,0.50083,0.50273,0.10804,0.19059,0.08176,0.5,coherence,<|hexagram|>22 <|phase|>crystallization <|action|>WAIT <|dominant|>coherence <|porosity|>0.50 <|source|>baseline <|name|>Grace
22,void,0.50083,0.50273,0.10804,0.19059,0.08176,0.5,coherence,<|hexagram|>22 <|phase|>void <|action|>WAIT <|dominant|>coherence <|porosity|>0.50 <|source|>baseline <|name|>Grace
23,past,0.47455,0.48831,0.09539,0.19533,0.06632,0.75,coherence,<|hexagram|>23 <|phase|>past <|action|>WAIT <|dominant|>coherence <|porosity|>0.75 <|source|>baseline <|name|>Splitting Apart
23,present,0.47455,0.48831,0.09539,0.19533,0.06632,0.75,coherence,<|hexagram|>23 <|phase|>present <|action|>WAIT <|dominant|>coherence <|porosity|>0.75 <|source|>baseline <|name|>Splitting Apart
23,future,0.47455,0.48831,0.09539,0.19533,0.06632,0.75,coherence,<|hexagram|>23 <|phase|>future <|action|>WAIT <|dominant|>coherence <|porosity|>0.75 <|source|>baseline <|name|>Splitting Apart
23,transition,0.47455,0.48831,0.09539,0.19533,0.06632,0.75,coherence,<|hexagram|>23 <|phase|>transition <|action|>WAIT <|dominant|>coherence <|porosity|>0.75 <|source|>baseline <|name|>Splitting Apart
23,resolution,0.47455,0.48831,0.09539,0.19533,0.06632,0.75,coherence,<|hexagram|>23 <|phase|>resolution <|action|>WAIT <|dominant|>coherence <|porosity|>0.75 <|source|>baseline <|name|>Splitting Apart
23,dissolution,0.47455,0.48831,0.09539,0.19533,0.06632,0.75,coherence,<|hexagram|>23 <|phase|>dissolution <|action|>WAIT <|dominant|>coherence <|porosity|>0.75 <|source|>baseline <|name|>Splitting Apart
23,crystallization,0.47455,0.48831,0.09539,0.19533,0.06632,0.75,coherence,<|hexagram|>23 <|phase|>crystallization <|action|>WAIT <|dominant|>coherence <|porosity|>0.75 <|source|>baseline <|name|>Splitting Apart
23,void,0.47455,0.48831,0.09539,0.19533,0.06632,0.75,coherence,<|hexagram|>23 <|phase|>void <|action|>WAIT <|dominant|>coherence <|porosity|>0.75 <|source|>baseline <|name|>Splitting Apart
24,past,0.47964,0.47181,0.13105,0.20886,0.08849,0.25,voiceWeight,<|hexagram|>24 <|phase|>past <|action|>YIELD <|dominant|>voiceWeight <|porosity|>0.25 <|source|>baseline <|name|>Return
24,present,0.47964,0.47181,0.13105,0.20886,0.08849,0.25,voiceWeight,<|hexagram|>24 <|phase|>present <|action|>YIELD <|dominant|>voiceWeight <|porosity|>0.25 <|source|>baseline <|name|>Return
24,future,0.47964,0.47181,0.13105,0.20886,0.08849,0.25,voiceWeight,<|hexagram|>24 <|phase|>future <|action|>YIELD <|dominant|>voiceWeight <|porosity|>0.25 <|source|>baseline <|name|>Return
24,transition,0.47964,0.47181,0.13105,0.20886,0.08849,0.25,voiceWeight,<|hexagram|>24 <|phase|>transition <|action|>YIELD <|dominant|>voiceWeight <|porosity|>0.25 <|source|>baseline <|name|>Return
24,resolution,0.47964,0.47181,0.13105,0.20886,0.08849,0.25,voiceWeight,<|hexagram|>24 <|phase|>resolution <|action|>YIELD <|dominant|>voiceWeight <|porosity|>0.25 <|source|>baseline <|name|>Return
24,dissolution,0.47964,0.47181,0.13105,0.20886,0.08849,0.25,voiceWeight,<|hexagram|>24 <|phase|>dissolution <|action|>YIELD <|dominant|>voiceWeight <|porosity|>0.25 <|source|>baseline <|name|>Return
24,crystallization,0.47964,0.47181,0.13105,0.20886,0.08849,0.25,voiceWeight,<|hexagram|>24 <|phase|>crystallization <|action|>YIELD <|dominant|>voiceWeight <|porosity|>0.25 <|source|>baseline <|name|>Return
24,void,0.47964,0.47181,0.13105,0.20886,0.08849,0.25,voiceWeight,<|hexagram|>24 <|phase|>void <|action|>YIELD <|dominant|>voiceWeight <|porosity|>0.25 <|source|>baseline <|name|>Return
25,past,0.52055,0.49982,0.12874,0.17772,0.10607,0.25,voiceWeight,<|hexagram|>25 <|phase|>past <|action|>ASSERT <|dominant|>voiceWeight <|porosity|>0.25 <|source|>baseline <|name|>Innocence
25,present,0.52055,0.49982,0.12874,0.17772,0.10607,0.25,voiceWeight,<|hexagram|>25 <|phase|>present <|action|>ASSERT <|dominant|>voiceWeight <|porosity|>0.25 <|source|>baseline <|name|>Innocence
25,future,0.52055,0.49982,0.12874,0.17772,0.10607,0.25,voiceWeight,<|hexagram|>25 <|phase|>future <|action|>ASSERT <|dominant|>voiceWeight <|porosity|>0.25 <|source|>baseline <|name|>Innocence
25,transition,0.52055,0.49982,0.12874,0.17772,0.10607,0.25,voiceWeight,<|hexagram|>25 <|phase|>transition <|action|>ASSERT <|dominant|>voiceWeight <|porosity|>0.25 <|source|>baseline <|name|>Innocence
25,resolution,0.52055,0.49982,0.12874,0.17772,0.10607,0.25,voiceWeight,<|hexagram|>25 <|phase|>resolution <|action|>ASSERT <|dominant|>voiceWeight <|porosity|>0.25 <|source|>baseline <|name|>Innocence
25,dissolution,0.52055,0.49982,0.12874,0.17772,0.10607,0.25,voiceWeight,<|hexagram|>25 <|phase|>dissolution <|action|>ASSERT <|dominant|>voiceWeight <|porosity|>0.25 <|source|>baseline <|name|>Innocence
25,crystallization,0.52055,0.49982,0.12874,0.17772,0.10607,0.25,voiceWeight,<|hexagram|>25 <|phase|>crystallization <|action|>ASSERT <|dominant|>voiceWeight <|porosity|>0.25 <|source|>baseline <|name|>Innocence
25,void,0.52055,0.49982,0.12874,0.17772,0.10607,0.25,voiceWeight,<|hexagram|>25 <|phase|>void <|action|>ASSERT <|dominant|>voiceWeight <|porosity|>0.25 <|source|>baseline <|name|>Innocence
26,past,0.52398,0.51664,0.09785,0.15541,0.11122,0.5,voiceWeight,<|hexagram|>26 <|phase|>past <|action|>ADAPT <|dominant|>voiceWeight <|porosity|>0.50 <|source|>baseline <|name|>Taming Power of the Great
26,present,0.52398,0.51664,0.09785,0.15541,0.11122,0.5,voiceWeight,<|hexagram|>26 <|phase|>present <|action|>ADAPT <|dominant|>voiceWeight <|porosity|>0.50 <|source|>baseline <|name|>Taming Power of the Great
26,future,0.52398,0.51664,0.09785,0.15541,0.11122,0.5,voiceWeight,<|hexagram|>26 <|phase|>future <|action|>ADAPT <|dominant|>voiceWeight <|porosity|>0.50 <|source|>baseline <|name|>Taming Power of the Great
26,transition,0.52398,0.51664,0.09785,0.15541,0.11122,0.5,voiceWeight,<|hexagram|>26 <|phase|>transition <|action|>ADAPT <|dominant|>voiceWeight <|porosity|>0.50 <|source|>baseline <|name|>Taming Power of the Great
26,resolution,0.52398,0.51664,0.09785,0.15541,0.11122,0.5,voiceWeight,<|hexagram|>26 <|phase|>resolution <|action|>ADAPT <|dominant|>voiceWeight <|porosity|>0.50 <|source|>baseline <|name|>Taming Power of the Great
26,dissolution,0.52398,0.51664,0.09785,0.15541,0.11122,0.5,voiceWeight,<|hexagram|>26 <|phase|>dissolution <|action|>ADAPT <|dominant|>voiceWeight <|porosity|>0.50 <|source|>baseline <|name|>Taming Power of the Great
26,crystallization,0.52398,0.51664,0.09785,0.15541,0.11122,0.5,voiceWeight,<|hexagram|>26 <|phase|>crystallization <|action|>ADAPT <|dominant|>voiceWeight <|porosity|>0.50 <|source|>baseline <|name|>Taming Power of the Great
26,void,0.52398,0.51664,0.09785,0.15541,0.11122,0.5,voiceWeight,<|hexagram|>26 <|phase|>void <|action|>ADAPT <|dominant|>voiceWeight <|porosity|>0.50 <|source|>baseline <|name|>Taming Power of the Great
27,past,0.50373,0.49017,0.12162,0.15852,0.11722,0.25,voiceWeight,<|hexagram|>27 <|phase|>past <|action|>YIELD <|dominant|>voiceWeight <|porosity|>0.25 <|source|>baseline <|name|>Corners of the Mouth
27,present,0.50373,0.49017,0.12162,0.15852,0.11722,0.25,voiceWeight,<|hexagram|>27 <|phase|>present <|action|>YIELD <|dominant|>voiceWeight <|porosity|>0.25 <|source|>baseline <|name|>Corners of the Mouth
27,future,0.50373,0.49017,0.12162,0.15852,0.11722,0.25,voiceWeight,<|hexagram|>27 <|phase|>future <|action|>YIELD <|dominant|>voiceWeight <|porosity|>0.25 <|source|>baseline <|name|>Corners of the Mouth
27,transition,0.50373,0.49017,0.12162,0.15852,0.11722,0.25,voiceWeight,<|hexagram|>27 <|phase|>transition <|action|>YIELD <|dominant|>voiceWeight <|porosity|>0.25 <|source|>baseline <|name|>Corners of the Mouth
27,resolution,0.50373,0.49017,0.12162,0.15852,0.11722,0.25,voiceWeight,<|hexagram|>27 <|phase|>resolution <|action|>YIELD <|dominant|>voiceWeight <|porosity|>0.25 <|source|>baseline <|name|>Corners of the Mouth
27,dissolution,0.50373,0.49017,0.12162,0.15852,0.11722,0.25,voiceWeight,<|hexagram|>27 <|phase|>dissolution <|action|>YIELD <|dominant|>voiceWeight <|porosity|>0.25 <|source|>baseline <|name|>Corners of the Mouth
27,crystallization,0.50373,0.49017,0.12162,0.15852,0.11722,0.25,voiceWeight,<|hexagram|>27 <|phase|>crystallization <|action|>YIELD <|dominant|>voiceWeight <|porosity|>0.25 <|source|>baseline <|name|>Corners of the Mouth
27,void,0.50373,0.49017,0.12162,0.15852,0.11722,0.25,voiceWeight,<|hexagram|>27 <|phase|>void <|action|>YIELD <|dominant|>voiceWeight <|porosity|>0.25 <|source|>baseline <|name|>Corners of the Mouth
28,past,0.49119,0.4838,0.12557,0.25829,0.08877,0.75,voiceWeight,<|hexagram|>28 <|phase|>past <|action|>ADAPT <|dominant|>voiceWeight <|porosity|>0.75 <|source|>baseline <|name|>Preponderance of the Great
28,present,0.49119,0.4838,0.12557,0.25829,0.08877,0.75,voiceWeight,<|hexagram|>28 <|phase|>present <|action|>ADAPT <|dominant|>voiceWeight <|porosity|>0.75 <|source|>baseline <|name|>Preponderance of the Great
28,future,0.49119,0.4838,0.12557,0.25829,0.08877,0.75,voiceWeight,<|hexagram|>28 <|phase|>future <|action|>ADAPT <|dominant|>voiceWeight <|porosity|>0.75 <|source|>baseline <|name|>Preponderance of the Great
28,transition,0.49119,0.4838,0.12557,0.25829,0.08877,0.75,voiceWeight,<|hexagram|>28 <|phase|>transition <|action|>ADAPT <|dominant|>voiceWeight <|porosity|>0.75 <|source|>baseline <|name|>Preponderance of the Great
28,resolution,0.49119,0.4838,0.12557,0.25829,0.08877,0.75,voiceWeight,<|hexagram|>28 <|phase|>resolution <|action|>ADAPT <|dominant|>voiceWeight <|porosity|>0.75 <|source|>baseline <|name|>Preponderance of the Great
28,dissolution,0.49119,0.4838,0.12557,0.25829,0.08877,0.75,voiceWeight,<|hexagram|>28 <|phase|>dissolution <|action|>ADAPT <|dominant|>voiceWeight <|porosity|>0.75 <|source|>baseline <|name|>Preponderance of the Great
28,crystallization,0.49119,0.4838,0.12557,0.25829,0.08877,0.75,voiceWeight,<|hexagram|>28 <|phase|>crystallization <|action|>ADAPT <|dominant|>voiceWeight <|porosity|>0.75 <|source|>baseline <|name|>Preponderance of the Great
28,void,0.49119,0.4838,0.12557,0.25829,0.08877,0.75,voiceWeight,<|hexagram|>28 <|phase|>void <|action|>ADAPT <|dominant|>voiceWeight <|porosity|>0.75 <|source|>baseline <|name|>Preponderance of the Great
29,past,0.47946,0.4378,0.16805,0.14136,0.19239,0.75,voiceWeight,<|hexagram|>29 <|phase|>past <|action|>WAIT <|dominant|>voiceWeight <|porosity|>0.75 <|source|>baseline <|name|>The Abysmal
29,present,0.47946,0.4378,0.16805,0.14136,0.19239,0.75,voiceWeight,<|hexagram|>29 <|phase|>present <|action|>WAIT <|dominant|>voiceWeight <|porosity|>0.75 <|source|>baseline <|name|>The Abysmal
29,future,0.47946,0.4378,0.16805,0.14136,0.19239,0.75,voiceWeight,<|hexagram|>29 <|phase|>future <|action|>WAIT <|dominant|>voiceWeight <|porosity|>0.75 <|source|>baseline <|name|>The Abysmal
29,transition,0.47946,0.4378,0.16805,0.14136,0.19239,0.75,voiceWeight,<|hexagram|>29 <|phase|>transition <|action|>WAIT <|dominant|>voiceWeight <|porosity|>0.75 <|source|>baseline <|name|>The Abysmal
29,resolution,0.47946,0.4378,0.16805,0.14136,0.19239,0.75,voiceWeight,<|hexagram|>29 <|phase|>resolution <|action|>WAIT <|dominant|>voiceWeight <|porosity|>0.75 <|source|>baseline <|name|>The Abysmal
29,dissolution,0.47946,0.4378,0.16805,0.14136,0.19239,0.75,voiceWeight,<|hexagram|>29 <|phase|>dissolution <|action|>WAIT <|dominant|>voiceWeight <|porosity|>0.75 <|source|>baseline <|name|>The Abysmal
29,crystallization,0.47946,0.4378,0.16805,0.14136,0.19239,0.75,voiceWeight,<|hexagram|>29 <|phase|>crystallization <|action|>WAIT <|dominant|>voiceWeight <|porosity|>0.75 <|source|>baseline <|name|>The Abysmal
29,void,0.47946,0.4378,0.16805,0.14136,0.19239,0.75,voiceWeight,<|hexagram|>29 <|phase|>void <|action|>WAIT <|dominant|>voiceWeight <|porosity|>0.75 <|source|>baseline <|name|>The Abysmal
30,past,0.51522,0.50686,0.12064,0.19445,0.08406,0.5,voiceWeight,<|hexagram|>30 <|phase|>past <|action|>ADAPT <|dominant|>voiceWeight <|porosity|>0.50 <|source|>baseline <|name|>The Clinging
30,present,0.51522,0.50686,0.12064,0.19445,0.08406,0.5,voiceWeight,<|hexagram|>30 <|phase|>present <|action|>ADAPT <|dominant|>voiceWeight <|porosity|>0.50 <|source|>baseline <|name|>The Clinging
30,future,0.51522,0.50686,0.12064,0.19445,0.08406,0.5,voiceWeight,<|hexagram|>30 <|phase|>future <|action|>ADAPT <|dominant|>voiceWeight <|porosity|>0.50 <|source|>baseline <|name|>The Clinging
30,transition,0.51522,0.50686,0.12064,0.19445,0.08406,0.5,voiceWeight,<|hexagram|>30 <|phase|>transition <|action|>ADAPT <|dominant|>voiceWeight <|porosity|>0.50 <|source|>baseline <|name|>The Clinging
30,resolution,0.51522,0.50686,0.12064,0.19445,0.08406,0.5,voiceWeight,<|hexagram|>30 <|phase|>resolution <|action|>ADAPT <|dominant|>voiceWeight <|porosity|>0.50 <|source|>baseline <|name|>The Clinging
30,dissolution,0.51522,0.50686,0.12064,0.19445,0.08406,0.5,voiceWeight,<|hexagram|>30 <|phase|>dissolution <|action|>ADAPT <|dominant|>voiceWeight <|porosity|>0.50 <|source|>baseline <|name|>The Clinging
30,crystallization,0.51522,0.50686,0.12064,0.19445,0.08406,0.5,voiceWeight,<|hexagram|>30 <|phase|>crystallization <|action|>ADAPT <|dominant|>voiceWeight <|porosity|>0.50 <|source|>baseline <|name|>The Clinging
30,void,0.51522,0.50686,0.12064,0.19445,0.08406,0.5,voiceWeight,<|hexagram|>30 <|phase|>void <|action|>ADAPT <|dominant|>voiceWeight <|porosity|>0.50 <|source|>baseline <|name|>The Clinging
31,past,0.50744,0.50865,0.09503,0.16665,0.09906,0.25,coherence,<|hexagram|>31 <|phase|>past <|action|>YIELD <|dominant|>coherence <|porosity|>0.25 <|source|>baseline <|name|>Influence
31,present,0.50744,0.50865,0.09503,0.16665,0.09906,0.25,coherence,<|hexagram|>31 <|phase|>present <|action|>YIELD <|dominant|>coherence <|porosity|>0.25 <|source|>baseline <|name|>Influence
31,future,0.50744,0.50865,0.09503,0.16665,0.09906,0.25,coherence,<|hexagram|>31 <|phase|>future <|action|>YIELD <|dominant|>coherence <|porosity|>0.25 <|source|>baseline <|name|>Influence
31,transition,0.50744,0.50865,0.09503,0.16665,0.09906,0.25,coherence,<|hexagram|>31 <|phase|>transition <|action|>YIELD <|dominant|>coherence <|porosity|>0.25 <|source|>baseline <|name|>Influence
31,resolution,0.50744,0.50865,0.09503,0.16665,0.09906,0.25,coherence,<|hexagram|>31 <|phase|>resolution <|action|>YIELD <|dominant|>coherence <|porosity|>0.25 <|source|>baseline <|name|>Influence
31,dissolution,0.50744,0.50865,0.09503,0.16665,0.09906,0.25,coherence,<|hexagram|>31 <|phase|>dissolution <|action|>YIELD <|dominant|>coherence <|porosity|>0.25 <|source|>baseline <|name|>Influence
31,crystallization,0.50744,0.50865,0.09503,0.16665,0.09906,0.25,coherence,<|hexagram|>31 <|phase|>crystallization <|action|>YIELD <|dominant|>coherence <|porosity|>0.25 <|source|>baseline <|name|>Influence
31,void,0.50744,0.50865,0.09503,0.16665,0.09906,0.25,coherence,<|hexagram|>31 <|phase|>void <|action|>YIELD <|dominant|>coherence <|porosity|>0.25 <|source|>baseline <|name|>Influence
32,past,0.5023,0.48772,0.11562,0.19068,0.0922,0.5,voiceWeight,<|hexagram|>32 <|phase|>past <|action|>WAIT <|dominant|>voiceWeight <|porosity|>0.50 <|source|>baseline <|name|>Duration
32,present,0.5023,0.48772,0.11562,0.19068,0.0922,0.5,voiceWeight,<|hexagram|>32 <|phase|>present <|action|>WAIT <|dominant|>voiceWeight <|porosity|>0.50 <|source|>baseline <|name|>Duration
32,future,0.5023,0.48772,0.11562,0.19068,0.0922,0.5,voiceWeight,<|hexagram|>32 <|phase|>future <|action|>WAIT <|dominant|>voiceWeight <|porosity|>0.50 <|source|>baseline <|name|>Duration
32,transition,0.5023,0.48772,0.11562,0.19068,0.0922,0.5,voiceWeight,<|hexagram|>32 <|phase|>transition <|action|>WAIT <|dominant|>voiceWeight <|porosity|>0.50 <|source|>baseline <|name|>Duration
32,resolution,0.5023,0.48772,0.11562,0.19068,0.0922,0.5,voiceWeight,<|hexagram|>32 <|phase|>resolution <|action|>WAIT <|dominant|>voiceWeight <|porosity|>0.50 <|source|>baseline <|name|>Duration
32,dissolution,0.5023,0.48772,0.11562,0.19068,0.0922,0.5,voiceWeight,<|hexagram|>32 <|phase|>dissolution <|action|>WAIT <|dominant|>voiceWeight <|porosity|>0.50 <|source|>baseline <|name|>Duration
32,crystallization,0.5023,0.48772,0.11562,0.19068,0.0922,0.5,voiceWeight,<|hexagram|>32 <|phase|>crystallization <|action|>WAIT <|dominant|>voiceWeight <|porosity|>0.50 <|source|>baseline <|name|>Duration
32,void,0.5023,0.48772,0.11562,0.19068,0.0922,0.5,voiceWeight,<|hexagram|>32 <|phase|>void <|action|>WAIT <|dominant|>voiceWeight <|porosity|>0.50 <|source|>baseline <|name|>Duration
33,past,0.5287,0.52445,0.08767,0.12653,0.10823,0.5,voiceWeight,<|hexagram|>33 <|phase|>past <|action|>YIELD <|dominant|>voiceWeight <|porosity|>0.50 <|source|>baseline <|name|>Retreat
33,present,0.5287,0.52445,0.08767,0.12653,0.10823,0.5,voiceWeight,<|hexagram|>33 <|phase|>present <|action|>YIELD <|dominant|>voiceWeight <|porosity|>0.50 <|source|>baseline <|name|>Retreat
33,future,0.5287,0.52445,0.08767,0.12653,0.10823,0.5,voiceWeight,<|hexagram|>33 <|phase|>future <|action|>YIELD <|dominant|>voiceWeight <|porosity|>0.50 <|source|>baseline <|name|>Retreat
33,transition,0.5287,0.52445,0.08767,0.12653,0.10823,0.5,voiceWeight,<|hexagram|>33 <|phase|>transition <|action|>YIELD <|dominant|>voiceWeight <|porosity|>0.50 <|source|>baseline <|name|>Retreat
33,resolution,0.5287,0.52445,0.08767,0.12653,0.10823,0.5,voiceWeight,<|hexagram|>33 <|phase|>resolution <|action|>YIELD <|dominant|>voiceWeight <|porosity|>0.50 <|source|>baseline <|name|>Retreat
33,dissolution,0.5287,0.52445,0.08767,0.12653,0.10823,0.5,voiceWeight,<|hexagram|>33 <|phase|>dissolution <|action|>YIELD <|dominant|>voiceWeight <|porosity|>0.50 <|source|>baseline <|name|>Retreat
33,crystallization,0.5287,0.52445,0.08767,0.12653,0.10823,0.5,voiceWeight,<|hexagram|>33 <|phase|>crystallization <|action|>YIELD <|dominant|>voiceWeight <|porosity|>0.50 <|source|>baseline <|name|>Retreat
33,void,0.5287,0.52445,0.08767,0.12653,0.10823,0.5,voiceWeight,<|hexagram|>33 <|phase|>void <|action|>YIELD <|dominant|>voiceWeight <|porosity|>0.50 <|source|>baseline <|name|>Retreat
34,past,0.52398,0.50497,0.11845,0.17257,0.10436,0.25,voiceWeight,<|hexagram|>34 <|phase|>past <|action|>ASSERT <|dominant|>voiceWeight <|porosity|>0.25 <|source|>baseline <|name|>Power of the Great
34,present,0.52398,0.50497,0.11845,0.17257,0.10436,0.25,voiceWeight,<|hexagram|>34 <|phase|>present <|action|>ASSERT <|dominant|>voiceWeight <|porosity|>0.25 <|source|>baseline <|name|>Power of the Great
34,future,0.52398,0.50497,0.11845,0.17257,0.10436,0.25,voiceWeight,<|hexagram|>34 <|phase|>future <|action|>ASSERT <|dominant|>voiceWeight <|porosity|>0.25 <|source|>baseline <|name|>Power of the Great
34,transition,0.52398,0.50497,0.11845,0.17257,0.10436,0.25,voiceWeight,<|hexagram|>34 <|phase|>transition <|action|>ASSERT <|dominant|>voiceWeight <|porosity|>0.25 <|source|>baseline <|name|>Power of the Great
34,resolution,0.52398,0.50497,0.11845,0.17257,0.10436,0.25,voiceWeight,<|hexagram|>34 <|phase|>resolution <|action|>ASSERT <|dominant|>voiceWeight <|porosity|>0.25 <|source|>baseline <|name|>Power of the Great
34,dissolution,0.52398,0.50497,0.11845,0.17257,0.10436,0.25,voiceWeight,<|hexagram|>34 <|phase|>dissolution <|action|>ASSERT <|dominant|>voiceWeight <|porosity|>0.25 <|source|>baseline <|name|>Power of the Great
34,crystallization,0.52398,0.50497,0.11845,0.17257,0.10436,0.25,voiceWeight,<|hexagram|>34 <|phase|>crystallization <|action|>ASSERT <|dominant|>voiceWeight <|porosity|>0.25 <|source|>baseline <|name|>Power of the Great
34,void,0.52398,0.50497,0.11845,0.17257,0.10436,0.25,voiceWeight,<|hexagram|>34 <|phase|>void <|action|>ASSERT <|dominant|>voiceWeight <|porosity|>0.25 <|source|>baseline <|name|>Power of the Great
35,past,0.49256,0.4968,0.09957,0.18418,0.0879,0.5,coherence,<|hexagram|>35 <|phase|>past <|action|>ADAPT <|dominant|>coherence <|porosity|>0.50 <|source|>baseline <|name|>Progress
35,present,0.49256,0.4968,0.09957,0.18418,0.0879,0.5,coherence,<|hexagram|>35 <|phase|>present <|action|>ADAPT <|dominant|>coherence <|porosity|>0.50 <|source|>baseline <|name|>Progress
35,future,0.49256,0.4968,0.09957,0.18418,0.0879,0.5,coherence,<|hexagram|>35 <|phase|>future <|action|>ADAPT <|dominant|>coherence <|porosity|>0.50 <|source|>baseline <|name|>Progress
35,transition,0.49256,0.4968,0.09957,0.18418,0.0879,0.5,coherence,<|hexagram|>35 <|phase|>transition <|action|>ADAPT <|dominant|>coherence <|porosity|>0.50 <|source|>baseline <|name|>Progress
35,resolution,0.49256,0.4968,0.09957,0.18418,0.0879,0.5,coherence,<|hexagram|>35 <|phase|>resolution <|action|>ADAPT <|dominant|>coherence <|porosity|>0.50 <|source|>baseline <|name|>Progress
35,dissolution,0.49256,0.4968,0.09957,0.18418,0.0879,0.5,coherence,<|hexagram|>35 <|phase|>dissolution <|action|>ADAPT <|dominant|>coherence <|porosity|>0.50 <|source|>baseline <|name|>Progress
35,crystallization,0.49256,0.4968,0.09957,0.18418,0.0879,0.5,coherence,<|hexagram|>35 <|phase|>crystallization <|action|>ADAPT <|dominant|>coherence <|porosity|>0.50 <|source|>baseline <|name|>Progress
35,void,0.49256,0.4968,0.09957,0.18418,0.0879,0.5,coherence,<|hexagram|>35 <|phase|>void <|action|>ADAPT <|dominant|>coherence <|porosity|>0.50 <|source|>baseline <|name|>Progress
36,past,0.49359,0.49336,0.10472,0.19104,0.08962,0.75,voiceWeight,<|hexagram|>36 <|phase|>past <|action|>WAIT <|dominant|>voiceWeight <|porosity|>0.75 <|source|>baseline <|name|>Darkening of the Light
36,present,0.49359,0.49336,0.10472,0.19104,0.08962,0.75,voiceWeight,<|hexagram|>36 <|phase|>present <|action|>WAIT <|dominant|>voiceWeight <|porosity|>0.75 <|source|>baseline <|name|>Darkening of the Light
36,future,0.49359,0.49336,0.10472,0.19104,0.08962,0.75,voiceWeight,<|hexagram|>36 <|phase|>future <|action|>WAIT <|dominant|>voiceWeight <|porosity|>0.75 <|source|>baseline <|name|>Darkening of the Light
36,transition,0.49359,0.49336,0.10472,0.19104,0.08962,0.75,voiceWeight,<|hexagram|>36 <|phase|>transition <|action|>WAIT <|dominant|>voiceWeight <|porosity|>0.75 <|source|>baseline <|name|>Darkening of the Light
36,resolution,0.49359,0.49336,0.10472,0.19104,0.08962,0.75,voiceWeight,<|hexagram|>36 <|phase|>resolution <|action|>WAIT <|dominant|>voiceWeight <|porosity|>0.75 <|source|>baseline <|name|>Darkening of the Light
36,dissolution,0.49359,0.49336,0.10472,0.19104,0.08962,0.75,voiceWeight,<|hexagram|>36 <|phase|>dissolution <|action|>WAIT <|dominant|>voiceWeight <|porosity|>0.75 <|source|>baseline <|name|>Darkening of the Light
36,crystallization,0.49359,0.49336,0.10472,0.19104,0.08962,0.75,voiceWeight,<|hexagram|>36 <|phase|>crystallization <|action|>WAIT <|dominant|>voiceWeight <|porosity|>0.75 <|source|>baseline <|name|>Darkening of the Light
36,void,0.49359,0.49336,0.10472,0.19104,0.08962,0.75,voiceWeight,<|hexagram|>36 <|phase|>void <|action|>WAIT <|dominant|>voiceWeight <|porosity|>0.75 <|source|>baseline <|name|>Darkening of the Light
37,past,0.51197,0.49982,0.11501,0.19316,0.10951,0.25,voiceWeight,<|hexagram|>37 <|phase|>past <|action|>YIELD <|dominant|>voiceWeight <|porosity|>0.25 <|source|>baseline <|name|>The Family
37,present,0.51197,0.49982,0.11501,0.19316,0.10951,0.25,voiceWeight,<|hexagram|>37 <|phase|>present <|action|>YIELD <|dominant|>voiceWeight <|porosity|>0.25 <|source|>baseline <|name|>The Family
37,future,0.51197,0.49982,0.11501,0.19316,0.10951,0.25,voiceWeight,<|hexagram|>37 <|phase|>future <|action|>YIELD <|dominant|>voiceWeight <|porosity|>0.25 <|source|>baseline <|name|>The Family
37,transition,0.51197,0.49982,0.11501,0.19316,0.10951,0.25,voiceWeight,<|hexagram|>37 <|phase|>transition <|action|>YIELD <|dominant|>voiceWeight <|porosity|>0.25 <|source|>baseline <|name|>The Family
37,resolution,0.51197,0.49982,0.11501,0.19316,0.10951,0.25,voiceWeight,<|hexagram|>37 <|phase|>resolution <|action|>YIELD <|dominant|>voiceWeight <|porosity|>0.25 <|source|>baseline <|name|>The Family
37,dissolution,0.51197,0.49982,0.11501,0.19316,0.10951,0.25,voiceWeight,<|hexagram|>37 <|phase|>dissolution <|action|>YIELD <|dominant|>voiceWeight <|porosity|>0.25 <|source|>baseline <|name|>The Family
37,crystallization,0.51197,0.49982,0.11501,0.19316,0.10951,0.25,voiceWeight,<|hexagram|>37 <|phase|>crystallization <|action|>YIELD <|dominant|>voiceWeight <|porosity|>0.25 <|source|>baseline <|name|>The Family
37,void,0.51197,0.49982,0.11501,0.19316,0.10951,0.25,voiceWeight,<|hexagram|>37 <|phase|>void <|action|>YIELD <|dominant|>voiceWeight <|porosity|>0.25 <|source|>baseline <|name|>The Family
38,past,0.51266,0.50154,0.12016,0.21032,0.10436,0.75,voiceWeight,<|hexagram|>38 <|phase|>past <|action|>ADAPT <|dominant|>voiceWeight <|porosity|>0.75 <|source|>baseline <|name|>Opposition
38,present,0.51266,0.50154,0.12016,0.21032,0.10436,0.75,voiceWeight,<|hexagram|>38 <|phase|>present <|action|>ADAPT <|dominant|>voiceWeight <|porosity|>0.75 <|source|>baseline <|name|>Opposition
38,future,0.51266,0.50154,0.12016,0.21032,0.10436,0.75,voiceWeight,<|hexagram|>38 <|phase|>future <|action|>ADAPT <|dominant|>voiceWeight <|porosity|>0.75 <|source|>baseline <|name|>Opposition
38,transition,0.51266,0.50154,0.12016,0.21032,0.10436,0.75,voiceWeight,<|hexagram|>38 <|phase|>transition <|action|>ADAPT <|dominant|>voiceWeight <|porosity|>0.75 <|source|>baseline <|name|>Opposition
38,resolution,0.51266,0.50154,0.12016,0.21032,0.10436,0.75,voiceWeight,<|hexagram|>38 <|phase|>resolution <|action|>ADAPT <|dominant|>voiceWeight <|porosity|>0.75 <|source|>baseline <|name|>Opposition
38,dissolution,0.51266,0.50154,0.12016,0.21032,0.10436,0.75,voiceWeight,<|hexagram|>38 <|phase|>dissolution <|action|>ADAPT <|dominant|>voiceWeight <|porosity|>0.75 <|source|>baseline <|name|>Opposition
38,crystallization,0.51266,0.50154,0.12016,0.21032,0.10436,0.75,voiceWeight,<|hexagram|>38 <|phase|>crystallization <|action|>ADAPT <|dominant|>voiceWeight <|porosity|>0.75 <|source|>baseline <|name|>Opposition
38,void,0.51266,0.50154,0.12016,0.21032,0.10436,0.75,voiceWeight,<|hexagram|>38 <|phase|>void <|action|>ADAPT <|dominant|>voiceWeight <|porosity|>0.75 <|source|>baseline <|name|>Opposition
39,past,0.4802,0.46968,0.12531,0.17388,0.13757,0.75,voiceWeight,<|hexagram|>39 <|phase|>past <|action|>WAIT <|dominant|>voiceWeight <|porosity|>0.75 <|source|>baseline <|name|>Obstruction
39,present,0.4802,0.46968,0.12531,0.17388,0.13757,0.75,voiceWeight,<|hexagram|>39 <|phase|>present <|action|>WAIT <|dominant|>voiceWeight <|porosity|>0.75 <|source|>baseline <|name|>Obstruction
39,future,0.4802,0.46968,0.12531,0.17388,0.13757,0.75,voiceWeight,<|hexagram|>39 <|phase|>future <|action|>WAIT <|dominant|>voiceWeight <|porosity|>0.75 <|source|>baseline <|name|>Obstruction
39,transition,0.4802,0.46968,0.12531,0.17388,0.13757,0.75,voiceWeight,<|hexagram|>39 <|phase|>transition <|action|>WAIT <|dominant|>voiceWeight <|porosity|>0.75 <|source|>baseline <|name|>Obstruction
39,resolution,0.4802,0.46968,0.12531,0.17388,0.13757,0.75,voiceWeight,<|hexagram|>39 <|phase|>resolution <|action|>WAIT <|dominant|>voiceWeight <|porosity|>0.75 <|source|>baseline <|name|>Obstruction
39,dissolution,0.4802,0.46968,0.12531,0.17388,0.13757,0.75,voiceWeight,<|hexagram|>39 <|phase|>dissolution <|action|>WAIT <|dominant|>voiceWeight <|porosity|>0.75 <|source|>baseline <|name|>Obstruction
39,crystallization,0.4802,0.46968,0.12531,0.17388,0.13757,0.75,voiceWeight,<|hexagram|>39 <|phase|>crystallization <|action|>WAIT <|dominant|>voiceWeight <|porosity|>0.75 <|source|>baseline <|name|>Obstruction
39,void,0.4802,0.46968,0.12531,0.17388,0.13757,0.75,voiceWeight,<|hexagram|>39 <|phase|>void <|action|>WAIT <|dominant|>voiceWeight <|porosity|>0.75 <|source|>baseline <|name|>Obstruction
40,past,0.46997,0.44156,0.15658,0.20497,0.1154,0.5,voiceWeight,<|hexagram|>40 <|phase|>past <|action|>ADAPT <|dominant|>voiceWeight <|porosity|>0.50 <|source|>baseline <|name|>Deliverance
40,present,0.46997,0.44156,0.15658,0.20497,0.1154,0.5,voiceWeight,<|hexagram|>40 <|phase|>present <|action|>ADAPT <|dominant|>voiceWeight <|porosity|>0.50 <|source|>baseline <|name|>Deliverance
40,future,0.46997,0.44156,0.15658,0.20497,0.1154,0.5,voiceWeight,<|hexagram|>40 <|phase|>future <|action|>ADAPT <|dominant|>voiceWeight <|porosity|>0.50 <|source|>baseline <|name|>Deliverance
40,transition,0.46997,0.44156,0.15658,0.20497,0.1154,0.5,voiceWeight,<|hexagram|>40 <|phase|>transition <|action|>ADAPT <|dominant|>voiceWeight <|porosity|>0.50 <|source|>baseline <|name|>Deliverance
40,resolution,0.46997,0.44156,0.15658,0.20497,0.1154,0.5,voiceWeight,<|hexagram|>40 <|phase|>resolution <|action|>ADAPT <|dominant|>voiceWeight <|porosity|>0.50 <|source|>baseline <|name|>Deliverance
40,dissolution,0.46997,0.44156,0.15658,0.20497,0.1154,0.5,voiceWeight,<|hexagram|>40 <|phase|>dissolution <|action|>ADAPT <|dominant|>voiceWeight <|porosity|>0.50 <|source|>baseline <|name|>Deliverance
40,crystallization,0.46997,0.44156,0.15658,0.20497,0.1154,0.5,voiceWeight,<|hexagram|>40 <|phase|>crystallization <|action|>ADAPT <|dominant|>voiceWeight <|porosity|>0.50 <|source|>baseline <|name|>Deliverance
40,void,0.46997,0.44156,0.15658,0.20497,0.1154,0.5,voiceWeight,<|hexagram|>40 <|phase|>void <|action|>ADAPT <|dominant|>voiceWeight <|porosity|>0.50 <|source|>baseline <|name|>Deliverance
41,past,0.49318,0.49537,0.1073,0.22148,0.07661,0.25,coherence,<|hexagram|>41 <|phase|>past <|action|>YIELD <|dominant|>coherence <|porosity|>0.25 <|source|>baseline <|name|>Decrease
41,present,0.49318,0.49537,0.1073,0.22148,0.07661,0.25,coherence,<|hexagram|>41 <|phase|>present <|action|>YIELD <|dominant|>coherence <|porosity|>0.25 <|source|>baseline <|name|>Decrease
41,future,0.49318,0.49537,0.1073,0.22148,0.07661,0.25,coherence,<|hexagram|>41 <|phase|>future <|action|>YIELD <|dominant|>coherence <|porosity|>0.25 <|source|>baseline <|name|>Decrease
41,transition,0.49318,0.49537,0.1073,0.22148,0.07661,0.25,coherence,<|hexagram|>41 <|phase|>transition <|action|>YIELD <|dominant|>coherence <|porosity|>0.25 <|source|>baseline <|name|>Decrease
41,resolution,0.49318,0.49537,0.1073,0.22148,0.07661,0.25,coherence,<|hexagram|>41 <|phase|>resolution <|action|>YIELD <|dominant|>coherence <|porosity|>0.25 <|source|>baseline <|name|>Decrease
41,dissolution,0.49318,0.49537,0.1073,0.22148,0.07661,0.25,coherence,<|hexagram|>41 <|phase|>dissolution <|action|>YIELD <|dominant|>coherence <|porosity|>0.25 <|source|>baseline <|name|>Decrease
41,crystallization,0.49318,0.49537,0.1073,0.22148,0.07661,0.25,coherence,<|hexagram|>41 <|phase|>crystallization <|action|>YIELD <|dominant|>coherence <|porosity|>0.25 <|source|>baseline <|name|>Decrease
41,void,0.49318,0.49537,0.1073,0.22148,0.07661,0.25,coherence,<|hexagram|>41 <|phase|>void <|action|>YIELD <|dominant|>coherence <|porosity|>0.25 <|source|>baseline <|name|>Decrease
42,past,0.5047,0.48772,0.12249,0.18553,0.0922,0.25,voiceWeight,<|hexagram|>42 <|phase|>past <|action|>ASSERT <|dominant|>voiceWeight <|porosity|>0.25 <|source|>baseline <|name|>Increase
42,present,0.5047,0.48772,0.12249,0.18553,0.0922,0.25,voiceWeight,<|hexagram|>42 <|phase|>present <|action|>ASSERT <|dominant|>voiceWeight <|porosity|>0.25 <|source|>baseline <|name|>Increase
42,future,0.5047,0.48772,0.12249,0.18553,0.0922,0.25,voiceWeight,<|hexagram|>42 <|phase|>future <|action|>ASSERT <|dominant|>voiceWeight <|porosity|>0.25 <|source|>baseline <|name|>Increase
42,transition,0.5047,0.48772,0.12249,0.18553,0.0922,0.25,voiceWeight,<|hexagram|>42 <|phase|>transition <|action|>ASSERT <|dominant|>voiceWeight <|porosity|>0.25 <|source|>baseline <|name|>Increase
42,resolution,0.5047,0.48772,0.12249,0.18553,0.0922,0.25,voiceWeight,<|hexagram|>42 <|phase|>resolution <|action|>ASSERT <|dominant|>voiceWeight <|porosity|>0.25 <|source|>baseline <|name|>Increase
42,dissolution,0.5047,0.48772,0.12249,0.18553,0.0922,0.25,voiceWeight,<|hexagram|>42 <|phase|>dissolution <|action|>ASSERT <|dominant|>voiceWeight <|porosity|>0.25 <|source|>baseline <|name|>Increase
42,crystallization,0.5047,0.48772,0.12249,0.18553,0.0922,0.25,voiceWeight,<|hexagram|>42 <|phase|>crystallization <|action|>ASSERT <|dominant|>voiceWeight <|porosity|>0.25 <|source|>baseline <|name|>Increase
42,void,0.5047,0.48772,0.12249,0.18553,0.0922,0.25,voiceWeight,<|hexagram|>42 <|phase|>void <|action|>ASSERT <|dominant|>voiceWeight <|porosity|>0.25 <|source|>baseline <|name|>Increase
43,past,0.5424,0.52447,0.10937,0.15554,0.10194,0.25,voiceWeight,<|hexagram|>43 <|phase|>past <|action|>ASSERT <|dominant|>voiceWeight <|porosity|>0.25 <|source|>baseline <|name|>Breakthrough
43,present,0.5424,0.52447,0.10937,0.15554,0.10194,0.25,voiceWeight,<|hexagram|>43 <|phase|>present <|action|>ASSERT <|dominant|>voiceWeight <|porosity|>0.25 <|source|>baseline <|name|>Breakthrough
43,future,0.5424,0.52447,0.10937,0.15554,0.10194,0.25,voiceWeight,<|hexagram|>43 <|phase|>future <|action|>ASSERT <|dominant|>voiceWeight <|porosity|>0.25 <|source|>baseline <|name|>Breakthrough
43,transition,0.5424,0.52447,0.10937,0.15554,0.10194,0.25,voiceWeight,<|hexagram|>43 <|phase|>transition <|action|>ASSERT <|dominant|>voiceWeight <|porosity|>0.25 <|source|>baseline <|name|>Breakthrough
43,resolution,0.5424,0.52447,0.10937,0.15554,0.10194,0.25,voiceWeight,<|hexagram|>43 <|phase|>resolution <|action|>ASSERT <|dominant|>voiceWeight <|porosity|>0.25 <|source|>baseline <|name|>Breakthrough
43,dissolution,0.5424,0.52447,0.10937,0.15554,0.10194,0.25,voiceWeight,<|hexagram|>43 <|phase|>dissolution <|action|>ASSERT <|dominant|>voiceWeight <|porosity|>0.25 <|source|>baseline <|name|>Breakthrough
43,crystallization,0.5424,0.52447,0.10937,0.15554,0.10194,0.25,voiceWeight,<|hexagram|>43 <|phase|>crystallization <|action|>ASSERT <|dominant|>voiceWeight <|porosity|>0.25 <|source|>baseline <|name|>Breakthrough
43,void,0.5424,0.52447,0.10937,0.15554,0.10194,0.25,voiceWeight,<|hexagram|>43 <|phase|>void <|action|>ASSERT <|dominant|>voiceWeight <|porosity|>0.25 <|source|>baseline <|name|>Breakthrough
44,past,0.52567,0.50876,0.11955,0.18442,0.11524,0.5,voiceWeight,<|hexagram|>44 <|phase|>past <|action|>WAIT <|dominant|>voiceWeight <|porosity|>0.50 <|source|>baseline <|name|>Coming to Meet
44,present,0.52567,0.50876,0.11955,0.18442,0.11524,0.5,voiceWeight,<|hexagram|>44 <|phase|>present <|action|>WAIT <|dominant|>voiceWeight <|porosity|>0.50 <|source|>baseline <|name|>Coming to Meet
44,future,0.52567,0.50876,0.11955,0.18442,0.11524,0.5,voiceWeight,<|hexagram|>44 <|phase|>future <|action|>WAIT <|dominant|>voiceWeight <|porosity|>0.50 <|source|>baseline <|name|>Coming to Meet
44,transition,0.52567,0.50876,0.11955,0.18442,0.11524,0.5,voiceWeight,<|hexagram|>44 <|phase|>transition <|action|>WAIT <|dominant|>voiceWeight <|porosity|>0.50 <|source|>baseline <|name|>Coming to Meet
44,resolution,0.52567,0.50876,0.11955,0.18442,0.11524,0.5,voiceWeight,<|hexagram|>44 <|phase|>resolution <|action|>WAIT <|dominant|>voiceWeight <|porosity|>0.50 <|source|>baseline <|name|>Coming to Meet
44,dissolution,0.52567,0.50876,0.11955,0.18442,0.11524,0.5,voiceWeight,<|hexagram|>44 <|phase|>dissolution <|action|>WAIT <|dominant|>voiceWeight <|porosity|>0.50 <|source|>baseline <|name|>Coming to Meet
44,crystallization,0.52567,0.50876,0.11955,0.18442,0.11524,0.5,voiceWeight,<|hexagram|>44 <|phase|>crystallization <|action|>WAIT <|dominant|>voiceWeight <|porosity|>0.50 <|source|>baseline <|name|>Coming to Meet
44,void,0.52567,0.50876,0.11955,0.18442,0.11524,0.5,voiceWeight,<|hexagram|>44 <|phase|>void <|action|>WAIT <|dominant|>voiceWeight <|porosity|>0.50 <|source|>baseline <|name|>Coming to Meet
45,past,0.48844,0.49336,0.103,0.20477,0.08781,0.25,coherence,<|hexagram|>45 <|phase|>past <|action|>YIELD <|dominant|>coherence <|porosity|>0.25 <|source|>baseline <|name|>Gathering Together
45,present,0.48844,0.49336,0.103,0.20477,0.08781,0.25,coherence,<|hexagram|>45 <|phase|>present <|action|>YIELD <|dominant|>coherence <|porosity|>0.25 <|source|>baseline <|name|>Gathering Together
45,future,0.48844,0.49336,0.103,0.20477,0.08781,0.25,coherence,<|hexagram|>45 <|phase|>future <|action|>YIELD <|dominant|>coherence <|porosity|>0.25 <|source|>baseline <|name|>Gathering Together
45,transition,0.48844,0.49336,0.103,0.20477,0.08781,0.25,coherence,<|hexagram|>45 <|phase|>transition <|action|>YIELD <|dominant|>coherence <|porosity|>0.25 <|source|>baseline <|name|>Gathering Together
45,resolution,0.48844,0.49336,0.103,0.20477,0.08781,0.25,coherence,<|hexagram|>45 <|phase|>resolution <|action|>YIELD <|dominant|>coherence <|porosity|>0.25 <|source|>baseline <|name|>Gathering Together
45,dissolution,0.48844,0.49336,0.103,0.20477,0.08781,0.25,coherence,<|hexagram|>45 <|phase|>dissolution <|action|>YIELD <|dominant|>coherence <|porosity|>0.25 <|source|>baseline <|name|>Gathering Together
45,crystallization,0.48844,0.49336,0.103,0.20477,0.08781,0.25,coherence,<|hexagram|>45 <|phase|>crystallization <|action|>YIELD <|dominant|>coherence <|porosity|>0.25 <|source|>baseline <|name|>Gathering Together
45,void,0.48844,0.49336,0.103,0.20477,0.08781,0.25,coherence,<|hexagram|>45 <|phase|>void <|action|>YIELD <|dominant|>coherence <|porosity|>0.25 <|source|>baseline <|name|>Gathering Together
46,past,0.4782,0.48103,0.10166,0.22385,0.06564,0.5,coherence,<|hexagram|>46 <|phase|>past <|action|>ADAPT <|dominant|>coherence <|porosity|>0.50 <|source|>baseline <|name|>Pushing Upward
46,present,0.4782,0.48103,0.10166,0.22385,0.06564,0.5,coherence,<|hexagram|>46 <|phase|>present <|action|>ADAPT <|dominant|>coherence <|porosity|>0.50 <|source|>baseline <|name|>Pushing Upward
46,future,0.4782,0.48103,0.10166,0.22385,0.06564,0.5,coherence,<|hexagram|>46 <|phase|>future <|action|>ADAPT <|dominant|>coherence <|porosity|>0.50 <|source|>baseline <|name|>Pushing Upward
46,transition,0.4782,0.48103,0.10166,0.22385,0.06564,0.5,coherence,<|hexagram|>46 <|phase|>transition <|action|>ADAPT <|dominant|>coherence <|porosity|>0.50 <|source|>baseline <|name|>Pushing Upward
46,resolution,0.4782,0.48103,0.10166,0.22385,0.06564,0.5,coherence,<|hexagram|>46 <|phase|>resolution <|action|>ADAPT <|dominant|>coherence <|porosity|>0.50 <|source|>baseline <|name|>Pushing Upward
46,dissolution,0.4782,0.48103,0.10166,0.22385,0.06564,0.5,coherence,<|hexagram|>46 <|phase|>dissolution <|action|>ADAPT <|dominant|>coherence <|porosity|>0.50 <|source|>baseline <|name|>Pushing Upward
46,crystallization,0.4782,0.48103,0.10166,0.22385,0.06564,0.5,coherence,<|hexagram|>46 <|phase|>crystallization <|action|>ADAPT <|dominant|>coherence <|porosity|>0.50 <|source|>baseline <|name|>Pushing Upward
46,void,0.4782,0.48103,0.10166,0.22385,0.06564,0.5,coherence,<|hexagram|>46 <|phase|>void <|action|>ADAPT <|dominant|>coherence <|porosity|>0.50 <|source|>baseline <|name|>Pushing Upward
47,past,0.48024,0.45845,0.14922,0.20947,0.12113,0.75,voiceWeight,<|hexagram|>47 <|phase|>past <|action|>WAIT <|dominant|>voiceWeight <|porosity|>0.75 <|source|>baseline <|name|>Oppression
47,present,0.48024,0.45845,0.14922,0.20947,0.12113,0.75,voiceWeight,<|hexagram|>47 <|phase|>present <|action|>WAIT <|dominant|>voiceWeight <|porosity|>0.75 <|source|>baseline <|name|>Oppression
47,future,0.48024,0.45845,0.14922,0.20947,0.12113,0.75,voiceWeight,<|hexagram|>47 <|phase|>future <|action|>WAIT <|dominant|>voiceWeight <|porosity|>0.75 <|source|>baseline <|name|>Oppression
47,transition,0.48024,0.45845,0.14922,0.20947,0.12113,0.75,voiceWeight,<|hexagram|>47 <|phase|>transition <|action|>WAIT <|dominant|>voiceWeight <|porosity|>0.75 <|source|>baseline <|name|>Oppression
47,resolution,0.48024,0.45845,0.14922,0.20947,0.12113,0.75,voiceWeight,<|hexagram|>47 <|phase|>resolution <|action|>WAIT <|dominant|>voiceWeight <|porosity|>0.75 <|source|>baseline <|name|>Oppression
47,dissolution,0.48024,0.45845,0.14922,0.20947,0.12113,0.75,voiceWeight,<|hexagram|>47 <|phase|>dissolution <|action|>WAIT <|dominant|>voiceWeight <|porosity|>0.75 <|source|>baseline <|name|>Oppression
47,crystallization,0.48024,0.45845,0.14922,0.20947,0.12113,0.75,voiceWeight,<|hexagram|>47 <|phase|>crystallization <|action|>WAIT <|dominant|>voiceWeight <|porosity|>0.75 <|source|>baseline <|name|>Oppression
47,void,0.48024,0.45845,0.14922,0.20947,0.12113,0.75,voiceWeight,<|hexagram|>47 <|phase|>void <|action|>WAIT <|dominant|>voiceWeight <|porosity|>0.75 <|source|>baseline <|name|>Oppression
48,past,0.49347,0.47276,0.12837,0.17695,0.12643,0.5,voiceWeight,<|hexagram|>48 <|phase|>past <|action|>YIELD <|dominant|>voiceWeight <|porosity|>0.50 <|source|>baseline <|name|>The Well
48,present,0.49347,0.47276,0.12837,0.17695,0.12643,0.5,voiceWeight,<|hexagram|>48 <|phase|>present <|action|>YIELD <|dominant|>voiceWeight <|porosity|>0.50 <|source|>baseline <|name|>The Well
48,future,0.49347,0.47276,0.12837,0.17695,0.12643,0.5,voiceWeight,<|hexagram|>48 <|phase|>future <|action|>YIELD <|dominant|>voiceWeight <|porosity|>0.50 <|source|>baseline <|name|>The Well
48,transition,0.49347,0.47276,0.12837,0.17695,0.12643,0.5,voiceWeight,<|hexagram|>48 <|phase|>transition <|action|>YIELD <|dominant|>voiceWeight <|porosity|>0.50 <|source|>baseline <|name|>The Well
48,resolution,0.49347,0.47276,0.12837,0.17695,0.12643,0.5,voiceWeight,<|hexagram|>48 <|phase|>resolution <|action|>YIELD <|dominant|>voiceWeight <|porosity|>0.50 <|source|>baseline <|name|>The Well
48,dissolution,0.49347,0.47276,0.12837,0.17695,0.12643,0.5,voiceWeight,<|hexagram|>48 <|phase|>dissolution <|action|>YIELD <|dominant|>voiceWeight <|porosity|>0.50 <|source|>baseline <|name|>The Well
48,crystallization,0.49347,0.47276,0.12837,0.17695,0.12643,0.5,voiceWeight,<|hexagram|>48 <|phase|>crystallization <|action|>YIELD <|dominant|>voiceWeight <|porosity|>0.50 <|source|>baseline <|name|>The Well
48,void,0.49347,0.47276,0.12837,0.17695,0.12643,0.5,voiceWeight,<|hexagram|>48 <|phase|>void <|action|>YIELD <|dominant|>voiceWeight <|porosity|>0.50 <|source|>baseline <|name|>The Well
49,past,0.52286,0.51038,0.10827,0.17458,0.09793,0.5,voiceWeight,<|hexagram|>49 <|phase|>past <|action|>ASSERT <|dominant|>voiceWeight <|porosity|>0.50 <|source|>baseline <|name|>Revolution
49,present,0.52286,0.51038,0.10827,0.17458,0.09793,0.5,voiceWeight,<|hexagram|>49 <|phase|>present <|action|>ASSERT <|dominant|>voiceWeight <|porosity|>0.50 <|source|>baseline <|name|>Revolution
49,future,0.52286,0.51038,0.10827,0.17458,0.09793,0.5,voiceWeight,<|hexagram|>49 <|phase|>future <|action|>ASSERT <|dominant|>voiceWeight <|porosity|>0.50 <|source|>baseline <|name|>Revolution
49,transition,0.52286,0.51038,0.10827,0.17458,0.09793,0.5,voiceWeight,<|hexagram|>49 <|phase|>transition <|action|>ASSERT <|dominant|>voiceWeight <|porosity|>0.50 <|source|>baseline <|name|>Revolution
49,resolution,0.52286,0.51038,0.10827,0.17458,0.09793,0.5,voiceWeight,<|hexagram|>49 <|phase|>resolution <|action|>ASSERT <|dominant|>voiceWeight <|porosity|>0.50 <|source|>baseline <|name|>Revolution
49,dissolution,0.52286,0.51038,0.10827,0.17458,0.09793,0.5,voiceWeight,<|hexagram|>49 <|phase|>dissolution <|action|>ASSERT <|dominant|>voiceWeight <|porosity|>0.50 <|source|>baseline <|name|>Revolution
49,crystallization,0.52286,0.51038,0.10827,0.17458,0.09793,0.5,voiceWeight,<|hexagram|>49 <|phase|>crystallization <|action|>ASSERT <|dominant|>voiceWeight <|porosity|>0.50 <|source|>baseline <|name|>Revolution
49,void,0.52286,0.51038,0.10827,0.17458,0.09793,0.5,voiceWeight,<|hexagram|>49 <|phase|>void <|action|>ASSERT <|dominant|>voiceWeight <|porosity|>0.50 <|source|>baseline <|name|>Revolution
50,past,0.50854,0.49639,0.11501,0.20003,0.10951,0.25,voiceWeight,<|hexagram|>50 <|phase|>past <|action|>ASSERT <|dominant|>voiceWeight <|porosity|>0.25 <|source|>baseline <|name|>The Cauldron
50,present,0.50854,0.49639,0.11501,0.20003,0.10951,0.25,voiceWeight,<|hexagram|>50 <|phase|>present <|action|>ASSERT <|dominant|>voiceWeight <|porosity|>0.25 <|source|>baseline <|name|>The Cauldron
50,future,0.50854,0.49639,0.11501,0.20003,0.10951,0.25,voiceWeight,<|hexagram|>50 <|phase|>future <|action|>ASSERT <|dominant|>voiceWeight <|porosity|>0.25 <|source|>baseline <|name|>The Cauldron
50,transition,0.50854,0.49639,0.11501,0.20003,0.10951,0.25,voiceWeight,<|hexagram|>50 <|phase|>transition <|action|>ASSERT <|dominant|>voiceWeight <|porosity|>0.25 <|source|>baseline <|name|>The Cauldron
50,resolution,0.50854,0.49639,0.11501,0.20003,0.10951,0.25,voiceWeight,<|hexagram|>50 <|phase|>resolution <|action|>ASSERT <|dominant|>voiceWeight <|porosity|>0.25 <|source|>baseline <|name|>The Cauldron
50,dissolution,0.50854,0.49639,0.11501,0.20003,0.10951,0.25,voiceWeight,<|hexagram|>50 <|phase|>dissolution <|action|>ASSERT <|dominant|>voiceWeight <|porosity|>0.25 <|source|>baseline <|name|>The Cauldron
50,crystallization,0.50854,0.49639,0.11501,0.20003,0.10951,0.25,voiceWeight,<|hexagram|>50 <|phase|>crystallization <|action|>ASSERT <|dominant|>voiceWeight <|porosity|>0.25 <|source|>baseline <|name|>The Cauldron
50,void,0.50854,0.49639,0.11501,0.20003,0.10951,0.25,voiceWeight,<|hexagram|>50 <|phase|>void <|action|>ASSERT <|dominant|>voiceWeight <|porosity|>0.25 <|source|>baseline <|name|>The Cauldron
51,past,0.49197,0.47154,0.15802,0.21335,0.09639,0.25,voiceWeight,<|hexagram|>51 <|phase|>past <|action|>ASSERT <|dominant|>voiceWeight <|porosity|>0.25 <|source|>baseline <|name|>The Arousing
51,present,0.49197,0.47154,0.15802,0.21335,0.09639,0.25,voiceWeight,<|hexagram|>51 <|phase|>present <|action|>ASSERT <|dominant|>voiceWeight <|porosity|>0.25 <|source|>baseline <|name|>The Arousing
51,future,0.49197,0.47154,0.15802,0.21335,0.09639,0.25,voiceWeight,<|hexagram|>51 <|phase|>future <|action|>ASSERT <|dominant|>voiceWeight <|porosity|>0.25 <|source|>baseline <|name|>The Arousing
51,transition,0.49197,0.47154,0.15802,0.21335,0.09639,0.25,voiceWeight,<|hexagram|>51 <|phase|>transition <|action|>ASSERT <|dominant|>voiceWeight <|porosity|>0.25 <|source|>baseline <|name|>The Arousing
51,resolution,0.49197,0.47154,0.15802,0.21335,0.09639,0.25,voiceWeight,<|hexagram|>51 <|phase|>resolution <|action|>ASSERT <|dominant|>voiceWeight <|porosity|>0.25 <|source|>baseline <|name|>The Arousing
51,dissolution,0.49197,0.47154,0.15802,0.21335,0.09639,0.25,voiceWeight,<|hexagram|>51 <|phase|>dissolution <|action|>ASSERT <|dominant|>voiceWeight <|porosity|>0.25 <|source|>baseline <|name|>The Arousing
51,crystallization,0.49197,0.47154,0.15802,0.21335,0.09639,0.25,voiceWeight,<|hexagram|>51 <|phase|>crystallization <|action|>ASSERT <|dominant|>voiceWeight <|porosity|>0.25 <|source|>baseline <|name|>The Arousing
51,void,0.49197,0.47154,0.15802,0.21335,0.09639,0.25,voiceWeight,<|hexagram|>51 <|phase|>void <|action|>ASSERT <|dominant|>voiceWeight <|porosity|>0.25 <|source|>baseline <|name|>The Arousing
52,past,0.48688,0.49868,0.10348,0.18267,0.08436,0.5,coherence,<|hexagram|>52 <|phase|>past <|action|>WAIT <|dominant|>coherence <|porosity|>0.50 <|source|>baseline <|name|>Keeping Still
52,present,0.48688,0.49868,0.10348,0.18267,0.08436,0.5,coherence,<|hexagram|>52 <|phase|>present <|action|>WAIT <|dominant|>coherence <|porosity|>0.50 <|source|>baseline <|name|>Keeping Still
52,future,0.48688,0.49868,0.10348,0.18267,0.08436,0.5,coherence,<|hexagram|>52 <|phase|>future <|action|>WAIT <|dominant|>coherence <|porosity|>0.50 <|source|>baseline <|name|>Keeping Still
52,transition,0.48688,0.49868,0.10348,0.18267,0.08436,0.5,coherence,<|hexagram|>52 <|phase|>transition <|action|>WAIT <|dominant|>coherence <|porosity|>0.50 <|source|>baseline <|name|>Keeping Still
52,resolution,0.48688,0.49868,0.10348,0.18267,0.08436,0.5,coherence,<|hexagram|>52 <|phase|>resolution <|action|>WAIT <|dominant|>coherence <|porosity|>0.50 <|source|>baseline <|name|>Keeping Still
52,dissolution,0.48688,0.49868,0.10348,0.18267,0.08436,0.5,coherence,<|hexagram|>52 <|phase|>dissolution <|action|>WAIT <|dominant|>coherence <|porosity|>0.50 <|source|>baseline <|name|>Keeping Still
52,crystallization,0.48688,0.49868,0.10348,0.18267,0.08436,0.5,coherence,<|hexagram|>52 <|phase|>crystallization <|action|>WAIT <|dominant|>coherence <|porosity|>0.50 <|source|>baseline <|name|>Keeping Still
52,void,0.48688,0.49868,0.10348,0.18267,0.08436,0.5,coherence,<|hexagram|>52 <|phase|>void <|action|>WAIT <|dominant|>coherence <|porosity|>0.50 <|source|>baseline <|name|>Keeping Still
53,past,0.49293,0.49827,0.1046,0.19745,0.08666,0.5,coherence,<|hexagram|>53 <|phase|>past <|action|>ADAPT <|dominant|>coherence <|porosity|>0.50 <|source|>baseline <|name|>Development
53,present,0.49293,0.49827,0.1046,0.19745,0.08666,0.5,coherence,<|hexagram|>53 <|phase|>present <|action|>ADAPT <|dominant|>coherence <|porosity|>0.50 <|source|>baseline <|name|>Development
53,future,0.49293,0.49827,0.1046,0.19745,0.08666,0.5,coherence,<|hexagram|>53 <|phase|>future <|action|>ADAPT <|dominant|>coherence <|porosity|>0.50 <|source|>baseline <|name|>Development
53,transition,0.49293,0.49827,0.1046,0.19745,0.08666,0.5,coherence,<|hexagram|>53 <|phase|>transition <|action|>ADAPT <|dominant|>coherence <|porosity|>0.50 <|source|>baseline <|name|>Development
53,resolution,0.49293,0.49827,0.1046,0.19745,0.08666,0.5,coherence,<|hexagram|>53 <|phase|>resolution <|action|>ADAPT <|dominant|>coherence <|porosity|>0.50 <|source|>baseline <|name|>Development
53,dissolution,0.49293,0.49827,0.1046,0.19745,0.08666,0.5,coherence,<|hexagram|>53 <|phase|>dissolution <|action|>ADAPT <|dominant|>coherence <|porosity|>0.50 <|source|>baseline <|name|>Development
53,crystallization,0.49293,0.49827,0.1046,0.19745,0.08666,0.5,coherence,<|hexagram|>53 <|phase|>crystallization <|action|>ADAPT <|dominant|>coherence <|porosity|>0.50 <|source|>baseline <|name|>Development
53,void,0.49293,0.49827,0.1046,0.19745,0.08666,0.5,coherence,<|hexagram|>53 <|phase|>void <|action|>ADAPT <|dominant|>coherence <|porosity|>0.50 <|source|>baseline <|name|>Development
54,past,0.50279,0.49304,0.1236,0.21319,0.06494,0.75,voiceWeight,<|hexagram|>54 <|phase|>past <|action|>YIELD <|dominant|>voiceWeight <|porosity|>0.75 <|source|>baseline <|name|>The Marrying Maiden
54,present,0.50279,0.49304,0.1236,0.21319,0.06494,0.75,voiceWeight,<|hexagram|>54 <|phase|>present <|action|>YIELD <|dominant|>voiceWeight <|porosity|>0.75 <|source|>baseline <|name|>The Marrying Maiden
54,future,0.50279,0.49304,0.1236,0.21319,0.06494,0.75,voiceWeight,<|hexagram|>54 <|phase|>future <|action|>YIELD <|dominant|>voiceWeight <|porosity|>0.75 <|source|>baseline <|name|>The Marrying Maiden
54,transition,0.50279,0.49304,0.1236,0.21319,0.06494,0.75,voiceWeight,<|hexagram|>54 <|phase|>transition <|action|>YIELD <|dominant|>voiceWeight <|porosity|>0.75 <|source|>baseline <|name|>The Marrying Maiden
54,resolution,0.50279,0.49304,0.1236,0.21319,0.06494,0.75,voiceWeight,<|hexagram|>54 <|phase|>resolution <|action|>YIELD <|dominant|>voiceWeight <|porosity|>0.75 <|source|>baseline <|name|>The Marrying Maiden
54,dissolution,0.50279,0.49304,0.1236,0.21319,0.06494,0.75,voiceWeight,<|hexagram|>54 <|phase|>dissolution <|action|>YIELD <|dominant|>voiceWeight <|porosity|>0.75 <|source|>baseline <|name|>The Marrying Maiden
54,crystallization,0.50279,0.49304,0.1236,0.21319,0.06494,0.75,voiceWeight,<|hexagram|>54 <|phase|>crystallization <|action|>YIELD <|dominant|>voiceWeight <|porosity|>0.75 <|source|>baseline <|name|>The Marrying Maiden
54,void,0.50279,0.49304,0.1236,0.21319,0.06494,0.75,voiceWeight,<|hexagram|>54 <|phase|>void <|action|>YIELD <|dominant|>voiceWeight <|porosity|>0.75 <|source|>baseline <|name|>The Marrying Maiden
55,past,0.50897,0.49818,0.11845,0.1823,0.06675,0.25,voiceWeight,<|hexagram|>55 <|phase|>past <|action|>ASSERT <|dominant|>voiceWeight <|porosity|>0.25 <|source|>baseline <|name|>Abundance
55,present,0.50897,0.49818,0.11845,0.1823,0.06675,0.25,voiceWeight,<|hexagram|>55 <|phase|>present <|action|>ASSERT <|dominant|>voiceWeight <|porosity|>0.25 <|source|>baseline <|name|>Abundance
55,future,0.50897,0.49818,0.11845,0.1823,0.06675,0.25,voiceWeight,<|hexagram|>55 <|phase|>future <|action|>ASSERT <|dominant|>voiceWeight <|porosity|>0.25 <|source|>baseline <|name|>Abundance
55,transition,0.50897,0.49818,0.11845,0.1823,0.06675,0.25,voiceWeight,<|hexagram|>55 <|phase|>transition <|action|>ASSERT <|dominant|>voiceWeight <|porosity|>0.25 <|source|>baseline <|name|>Abundance
55,resolution,0.50897,0.49818,0.11845,0.1823,0.06675,0.25,voiceWeight,<|hexagram|>55 <|phase|>resolution <|action|>ASSERT <|dominant|>voiceWeight <|porosity|>0.25 <|source|>baseline <|name|>Abundance
55,dissolution,0.50897,0.49818,0.11845,0.1823,0.06675,0.25,voiceWeight,<|hexagram|>55 <|phase|>dissolution <|action|>ASSERT <|dominant|>voiceWeight <|porosity|>0.25 <|source|>baseline <|name|>Abundance
55,crystallization,0.50897,0.49818,0.11845,0.1823,0.06675,0.25,voiceWeight,<|hexagram|>55 <|phase|>crystallization <|action|>ASSERT <|dominant|>voiceWeight <|porosity|>0.25 <|source|>baseline <|name|>Abundance
55,void,0.50897,0.49818,0.11845,0.1823,0.06675,0.25,voiceWeight,<|hexagram|>55 <|phase|>void <|action|>ASSERT <|dominant|>voiceWeight <|porosity|>0.25 <|source|>baseline <|name|>Abundance
56,past,0.51303,0.51429,0.09748,0.14606,0.10436,0.75,coherence,<|hexagram|>56 <|phase|>past <|action|>ADAPT <|dominant|>coherence <|porosity|>0.75 <|source|>baseline <|name|>The Wanderer
56,present,0.51303,0.51429,0.09748,0.14606,0.10436,0.75,coherence,<|hexagram|>56 <|phase|>present <|action|>ADAPT <|dominant|>coherence <|porosity|>0.75 <|source|>baseline <|name|>The Wanderer
56,future,0.51303,0.51429,0.09748,0.14606,0.10436,0.75,coherence,<|hexagram|>56 <|phase|>future <|action|>ADAPT <|dominant|>coherence <|porosity|>0.75 <|source|>baseline <|name|>The Wanderer
56,transition,0.51303,0.51429,0.09748,0.14606,0.10436,0.75,coherence,<|hexagram|>56 <|phase|>transition <|action|>ADAPT <|dominant|>coherence <|porosity|>0.75 <|source|>baseline <|name|>The Wanderer
56,resolution,0.51303,0.51429,0.09748,0.14606,0.10436,0.75,coherence,<|hexagram|>56 <|phase|>resolution <|action|>ADAPT <|dominant|>coherence <|porosity|>0.75 <|source|>baseline <|name|>The Wanderer
56,dissolution,0.51303,0.51429,0.09748,0.14606,0.10436,0.75,coherence,<|hexagram|>56 <|phase|>dissolution <|action|>ADAPT <|dominant|>coherence <|porosity|>0.75 <|source|>baseline <|name|>The Wanderer
56,crystallization,0.51303,0.51429,0.09748,0.14606,0.10436,0.75,coherence,<|hexagram|>56 <|phase|>crystallization <|action|>ADAPT <|dominant|>coherence <|porosity|>0.75 <|source|>baseline <|name|>The Wanderer
56,void,0.51303,0.51429,0.09748,0.14606,0.10436,0.75,coherence,<|hexagram|>56 <|phase|>void <|action|>ADAPT <|dominant|>coherence <|porosity|>0.75 <|source|>baseline <|name|>The Wanderer
57,past,0.51129,0.49886,0.11352,0.19111,0.10283,0.5,voiceWeight,<|hexagram|>57 <|phase|>past <|action|>YIELD <|dominant|>voiceWeight <|porosity|>0.50 <|source|>baseline <|name|>The Gentle
57,present,0.51129,0.49886,0.11352,0.19111,0.10283,0.5,voiceWeight,<|hexagram|>57 <|phase|>present <|action|>YIELD <|dominant|>voiceWeight <|porosity|>0.50 <|source|>baseline <|name|>The Gentle
57,future,0.51129,0.49886,0.11352,0.19111,0.10283,0.5,voiceWeight,<|hexagram|>57 <|phase|>future <|action|>YIELD <|dominant|>voiceWeight <|porosity|>0.50 <|source|>baseline <|name|>The Gentle
57,transition,0.51129,0.49886,0.11352,0.19111,0.10283,0.5,voiceWeight,<|hexagram|>57 <|phase|>transition <|action|>YIELD <|dominant|>voiceWeight <|porosity|>0.50 <|source|>baseline <|name|>The Gentle
57,resolution,0.51129,0.49886,0.11352,0.19111,0.10283,0.5,voiceWeight,<|hexagram|>57 <|phase|>resolution <|action|>YIELD <|dominant|>voiceWeight <|porosity|>0.50 <|source|>baseline <|name|>The Gentle
57,dissolution,0.51129,0.49886,0.11352,0.19111,0.10283,0.5,voiceWeight,<|hexagram|>57 <|phase|>dissolution <|action|>YIELD <|dominant|>voiceWeight <|porosity|>0.50 <|source|>baseline <|name|>The Gentle
57,crystallization,0.51129,0.49886,0.11352,0.19111,0.10283,0.5,voiceWeight,<|hexagram|>57 <|phase|>crystallization <|action|>YIELD <|dominant|>voiceWeight <|porosity|>0.50 <|source|>baseline <|name|>The Gentle
57,void,0.51129,0.49886,0.11352,0.19111,0.10283,0.5,voiceWeight,<|hexagram|>57 <|phase|>void <|action|>YIELD <|dominant|>voiceWeight <|porosity|>0.50 <|source|>baseline <|name|>The Gentle
58,past,0.51815,0.50744,0.1221,0.20827,0.09425,0.25,voiceWeight,<|hexagram|>58 <|phase|>past <|action|>YIELD <|dominant|>voiceWeight <|porosity|>0.25 <|source|>baseline <|name|>The Joyous
58,present,0.51815,0.50744,0.1221,0.20827,0.09425,0.25,voiceWeight,<|hexagram|>58 <|phase|>present <|action|>YIELD <|dominant|>voiceWeight <|porosity|>0.25 <|source|>baseline <|name|>The Joyous
58,future,0.51815,0.50744,0.1221,0.20827,0.09425,0.25,voiceWeight,<|hexagram|>58 <|phase|>future <|action|>YIELD <|dominant|>voiceWeight <|porosity|>0.25 <|source|>baseline <|name|>The Joyous
58,transition,0.51815,0.50744,0.1221,0.20827,0.09425,0.25,voiceWeight,<|hexagram|>58 <|phase|>transition <|action|>YIELD <|dominant|>voiceWeight <|porosity|>0.25 <|source|>baseline <|name|>The Joyous
58,resolution,0.51815,0.50744,0.1221,0.20827,0.09425,0.25,voiceWeight,<|hexagram|>58 <|phase|>resolution <|action|>YIELD <|dominant|>voiceWeight <|porosity|>0.25 <|source|>baseline <|name|>The Joyous
58,dissolution,0.51815,0.50744,0.1221,0.20827,0.09425,0.25,voiceWeight,<|hexagram|>58 <|phase|>dissolution <|action|>YIELD <|dominant|>voiceWeight <|porosity|>0.25 <|source|>baseline <|name|>The Joyous
58,crystallization,0.51815,0.50744,0.1221,0.20827,0.09425,0.25,voiceWeight,<|hexagram|>58 <|phase|>crystallization <|action|>YIELD <|dominant|>voiceWeight <|porosity|>0.25 <|source|>baseline <|name|>The Joyous
58,void,0.51815,0.50744,0.1221,0.20827,0.09425,0.25,voiceWeight,<|hexagram|>58 <|phase|>void <|action|>YIELD <|dominant|>voiceWeight <|porosity|>0.25 <|source|>baseline <|name|>The Joyous
59,past,0.49072,0.46418,0.13866,0.16494,0.14187,0.75,voiceWeight,<|hexagram|>59 <|phase|>past <|action|>ADAPT <|dominant|>voiceWeight <|porosity|>0.75 <|source|>baseline <|name|>Dispersion
59,present,0.49072,0.46418,0.13866,0.16494,0.14187,0.75,voiceWeight,<|hexagram|>59 <|phase|>present <|action|>ADAPT <|dominant|>voiceWeight <|porosity|>0.75 <|source|>baseline <|name|>Dispersion
59,future,0.49072,0.46418,0.13866,0.16494,0.14187,0.75,voiceWeight,<|hexagram|>59 <|phase|>future <|action|>ADAPT <|dominant|>voiceWeight <|porosity|>0.75 <|source|>baseline <|name|>Dispersion
59,transition,0.49072,0.46418,0.13866,0.16494,0.14187,0.75,voiceWeight,<|hexagram|>59 <|phase|>transition <|action|>ADAPT <|dominant|>voiceWeight <|porosity|>0.75 <|source|>baseline <|name|>Dispersion
59,resolution,0.49072,0.46418,0.13866,0.16494,0.14187,0.75,voiceWeight,<|hexagram|>59 <|phase|>resolution <|action|>ADAPT <|dominant|>voiceWeight <|porosity|>0.75 <|source|>baseline <|name|>Dispersion
59,dissolution,0.49072,0.46418,0.13866,0.16494,0.14187,0.75,voiceWeight,<|hexagram|>59 <|phase|>dissolution <|action|>ADAPT <|dominant|>voiceWeight <|porosity|>0.75 <|source|>baseline <|name|>Dispersion
59,crystallization,0.49072,0.46418,0.13866,0.16494,0.14187,0.75,voiceWeight,<|hexagram|>59 <|phase|>crystallization <|action|>ADAPT <|dominant|>voiceWeight <|porosity|>0.75 <|source|>baseline <|name|>Dispersion
59,void,0.49072,0.46418,0.13866,0.16494,0.14187,0.75,voiceWeight,<|hexagram|>59 <|phase|>void <|action|>ADAPT <|dominant|>voiceWeight <|porosity|>0.75 <|source|>baseline <|name|>Dispersion
60,past,0.49759,0.47791,0.13352,0.18725,0.12128,0.5,voiceWeight,<|hexagram|>60 <|phase|>past <|action|>WAIT <|dominant|>voiceWeight <|porosity|>0.50 <|source|>baseline <|name|>Limitation
60,present,0.49759,0.47791,0.13352,0.18725,0.12128,0.5,voiceWeight,<|hexagram|>60 <|phase|>present <|action|>WAIT <|dominant|>voiceWeight <|porosity|>0.50 <|source|>baseline <|name|>Limitation
60,future,0.49759,0.47791,0.13352,0.18725,0.12128,0.5,voiceWeight,<|hexagram|>60 <|phase|>future <|action|>WAIT <|dominant|>voiceWeight <|porosity|>0.50 <|source|>baseline <|name|>Limitation
60,transition,0.49759,0.47791,0.13352,0.18725,0.12128,0.5,voiceWeight,<|hexagram|>60 <|phase|>transition <|action|>WAIT <|dominant|>voiceWeight <|porosity|>0.50 <|source|>baseline <|name|>Limitation
60,resolution,0.49759,0.47791,0.13352,0.18725,0.12128,0.5,voiceWeight,<|hexagram|>60 <|phase|>resolution <|action|>WAIT <|dominant|>voiceWeight <|porosity|>0.50 <|source|>baseline <|name|>Limitation
60,dissolution,0.49759,0.47791,0.13352,0.18725,0.12128,0.5,voiceWeight,<|hexagram|>60 <|phase|>dissolution <|action|>WAIT <|dominant|>voiceWeight <|porosity|>0.50 <|source|>baseline <|name|>Limitation
60,crystallization,0.49759,0.47791,0.13352,0.18725,0.12128,0.5,voiceWeight,<|hexagram|>60 <|phase|>crystallization <|action|>WAIT <|dominant|>voiceWeight <|porosity|>0.50 <|source|>baseline <|name|>Limitation
60,void,0.49759,0.47791,0.13352,0.18725,0.12128,0.5,voiceWeight,<|hexagram|>60 <|phase|>void <|action|>WAIT <|dominant|>voiceWeight <|porosity|>0.50 <|source|>baseline <|name|>Limitation
61,past,0.5007,0.49264,0.11711,0.23627,0.07891,0.25,voiceWeight,<|hexagram|>61 <|phase|>past <|action|>YIELD <|dominant|>voiceWeight <|porosity|>0.25 <|source|>baseline <|name|>Inner Truth
61,present,0.5007,0.49264,0.11711,0.23627,0.07891,0.25,voiceWeight,<|hexagram|>61 <|phase|>present <|action|>YIELD <|dominant|>voiceWeight <|porosity|>0.25 <|source|>baseline <|name|>Inner Truth
61,future,0.5007,0.49264,0.11711,0.23627,0.07891,0.25,voiceWeight,<|hexagram|>61 <|phase|>future <|action|>YIELD <|dominant|>voiceWeight <|porosity|>0.25 <|source|>baseline <|name|>Inner Truth
61,transition,0.5007,0.49264,0.11711,0.23627,0.07891,0.25,voiceWeight,<|hexagram|>61 <|phase|>transition <|action|>YIELD <|dominant|>voiceWeight <|porosity|>0.25 <|source|>baseline <|name|>Inner Truth
61,resolution,0.5007,0.49264,0.11711,0.23627,0.07891,0.25,voiceWeight,<|hexagram|>61 <|phase|>resolution <|action|>YIELD <|dominant|>voiceWeight <|porosity|>0.25 <|source|>baseline <|name|>Inner Truth
61,dissolution,0.5007,0.49264,0.11711,0.23627,0.07891,0.25,voiceWeight,<|hexagram|>61 <|phase|>dissolution <|action|>YIELD <|dominant|>voiceWeight <|porosity|>0.25 <|source|>baseline <|name|>Inner Truth
61,crystallization,0.5007,0.49264,0.11711,0.23627,0.07891,0.25,voiceWeight,<|hexagram|>61 <|phase|>crystallization <|action|>YIELD <|dominant|>voiceWeight <|porosity|>0.25 <|source|>baseline <|name|>Inner Truth
61,void,0.5007,0.49264,0.11711,0.23627,0.07891,0.25,voiceWeight,<|hexagram|>61 <|phase|>void <|action|>YIELD <|dominant|>voiceWeight <|porosity|>0.25 <|source|>baseline <|name|>Inner Truth
62,past,0.49864,0.48813,0.11856,0.17074,0.09177,0.75,voiceWeight,<|hexagram|>62 <|phase|>past <|action|>WAIT <|dominant|>voiceWeight <|porosity|>0.75 <|source|>baseline <|name|>Preponderance of the Small
62,present,0.49864,0.48813,0.11856,0.17074,0.09177,0.75,voiceWeight,<|hexagram|>62 <|phase|>present <|action|>WAIT <|dominant|>voiceWeight <|porosity|>0.75 <|source|>baseline <|name|>Preponderance of the Small
62,future,0.49864,0.48813,0.11856,0.17074,0.09177,0.75,voiceWeight,<|hexagram|>62 <|phase|>future <|action|>WAIT <|dominant|>voiceWeight <|porosity|>0.75 <|source|>baseline <|name|>Preponderance of the Small
62,transition,0.49864,0.48813,0.11856,0.17074,0.09177,0.75,voiceWeight,<|hexagram|>62 <|phase|>transition <|action|>WAIT <|dominant|>voiceWeight <|porosity|>0.75 <|source|>baseline <|name|>Preponderance of the Small
62,resolution,0.49864,0.48813,0.11856,0.17074,0.09177,0.75,voiceWeight,<|hexagram|>62 <|phase|>resolution <|action|>WAIT <|dominant|>voiceWeight <|porosity|>0.75 <|source|>baseline <|name|>Preponderance of the Small
62,dissolution,0.49864,0.48813,0.11856,0.17074,0.09177,0.75,voiceWeight,<|hexagram|>62 <|phase|>dissolution <|action|>WAIT <|dominant|>voiceWeight <|porosity|>0.75 <|source|>baseline <|name|>Preponderance of the Small
62,crystallization,0.49864,0.48813,0.11856,0.17074,0.09177,0.75,voiceWeight,<|hexagram|>62 <|phase|>crystallization <|action|>WAIT <|dominant|>voiceWeight <|porosity|>0.75 <|source|>baseline <|name|>Preponderance of the Small
62,void,0.49864,0.48813,0.11856,0.17074,0.09177,0.75,voiceWeight,<|hexagram|>62 <|phase|>void <|action|>WAIT <|dominant|>voiceWeight <|porosity|>0.75 <|source|>baseline <|name|>Preponderance of the Small
63,past,0.48906,0.47169,0.12961,0.19402,0.10578,0.5,voiceWeight,<|hexagram|>63 <|phase|>past <|action|>WAIT <|dominant|>voiceWeight <|porosity|>0.50 <|source|>baseline <|name|>After Completion
63,present,0.48906,0.47169,0.12961,0.19402,0.10578,0.5,voiceWeight,<|hexagram|>63 <|phase|>present <|action|>WAIT <|dominant|>voiceWeight <|porosity|>0.50 <|source|>baseline <|name|>After Completion
63,future,0.48906,0.47169,0.12961,0.19402,0.10578,0.5,voiceWeight,<|hexagram|>63 <|phase|>future <|action|>WAIT <|dominant|>voiceWeight <|porosity|>0.50 <|source|>baseline <|name|>After Completion
63,transition,0.48906,0.47169,0.12961,0.19402,0.10578,0.5,voiceWeight,<|hexagram|>63 <|phase|>transition <|action|>WAIT <|dominant|>voiceWeight <|porosity|>0.50 <|source|>baseline <|name|>After Completion
63,resolution,0.48906,0.47169,0.12961,0.19402,0.10578,0.5,voiceWeight,<|hexagram|>63 <|phase|>resolution <|action|>WAIT <|dominant|>voiceWeight <|porosity|>0.50 <|source|>baseline <|name|>After Completion
63,dissolution,0.48906,0.47169,0.12961,0.19402,0.10578,0.5,voiceWeight,<|hexagram|>63 <|phase|>dissolution <|action|>WAIT <|dominant|>voiceWeight <|porosity|>0.50 <|source|>baseline <|name|>After Completion
63,crystallization,0.48906,0.47169,0.12961,0.19402,0.10578,0.5,voiceWeight,<|hexagram|>63 <|phase|>crystallization <|action|>WAIT <|dominant|>voiceWeight <|porosity|>0.50 <|source|>baseline <|name|>After Completion
63,void,0.48906,0.47169,0.12961,0.19402,0.10578,0.5,voiceWeight,<|hexagram|>63 <|phase|>void <|action|>WAIT <|dominant|>voiceWeight <|porosity|>0.50 <|source|>baseline <|name|>After Completion
64,past,0.49612,0.46884,0.13278,0.15121,0.13853,0.75,voiceWeight,<|hexagram|>64 <|phase|>past <|action|>ADAPT <|dominant|>voiceWeight <|porosity|>0.75 <|source|>baseline <|name|>Before Completion
64,present,0.49612,0.46884,0.13278,0.15121,0.13853,0.75,voiceWeight,<|hexagram|>64 <|phase|>present <|action|>ADAPT <|dominant|>voiceWeight <|porosity|>0.75 <|source|>baseline <|name|>Before Completion
64,future,0.49612,0.46884,0.13278,0.15121,0.13853,0.75,voiceWeight,<|hexagram|>64 <|phase|>future <|action|>ADAPT <|dominant|>voiceWeight <|porosity|>0.75 <|source|>baseline <|name|>Before Completion
64,transition,0.49612,0.46884,0.13278,0.15121,0.13853,0.75,voiceWeight,<|hexagram|>64 <|phase|>transition <|action|>ADAPT <|dominant|>voiceWeight <|porosity|>0.75 <|source|>baseline <|name|>Before Completion
64,resolution,0.49612,0.46884,0.13278,0.15121,0.13853,0.75,voiceWeight,<|hexagram|>64 <|phase|>resolution <|action|>ADAPT <|dominant|>voiceWeight <|porosity|>0.75 <|source|>baseline <|name|>Before Completion
64,dissolution,0.49612,0.46884,0.13278,0.15121,0.13853,0.75,voiceWeight,<|hexagram|>64 <|phase|>dissolution <|action|>ADAPT <|dominant|>voiceWeight <|porosity|>0.75 <|source|>baseline <|name|>Before Completion
64,crystallization,0.49612,0.46884,0.13278,0.15121,0.13853,0.75,voiceWeight,<|hexagram|>64 <|phase|>crystallization <|action|>ADAPT <|dominant|>voiceWeight <|porosity|>0.75 <|source|>baseline <|name|>Before Completion
64,void,0.49612,0.46884,0.13278,0.15121,0.13853,0.75,voiceWeight,<|hexagram|>64 <|phase|>void <|action|>ADAPT <|dominant|>voiceWeight <|porosity|>0.75 <|source|>baseline <|name|>Before Completion
