# King Wen sovereign avatar mesh
# hex09_phase1.ply
# vertices=729 faces=13662
o kingwen_avatar
v 0.191565 0.000043 0.082772 0.305882 0.356863 0.333333
v 0.194138 0.001817 0.082743 0.309804 0.356863 0.333333
v 0.196698 0.003625 0.082690 0.313725 0.356863 0.333333
v 0.199238 0.005465 0.082614 0.313725 0.352941 0.333333
v 0.201747 0.007338 0.082514 0.317647 0.352941 0.329412
v 0.203369 0.009203 0.082049 0.317647 0.349020 0.329412
v 0.205780 0.011128 0.081903 0.321569 0.349020 0.329412
v 0.208133 0.013081 0.081734 0.325490 0.349020 0.329412
v 0.210420 0.015060 0.081541 0.325490 0.345098 0.325490
v 0.212631 0.017064 0.081326 0.329412 0.345098 0.325490
v 0.214757 0.019090 0.081087 0.329412 0.341176 0.325490
v 0.215887 0.021048 0.080489 0.329412 0.341176 0.325490
v 0.217811 0.023104 0.080205 0.333333 0.341176 0.321569
v 0.219625 0.025176 0.079899 0.333333 0.337255 0.321569
v 0.221323 0.027260 0.079570 0.337255 0.337255 0.321569
v 0.222897 0.029355 0.079218 0.337255 0.337255 0.321569
v 0.224340 0.031458 0.078844 0.337255 0.333333 0.317647
v 0.225646 0.033566 0.078447 0.337255 0.333333 0.317647
v 0.225860 0.035527 0.077701 0.341176 0.333333 0.317647
v 0.226871 0.037627 0.077261 0.341176 0.329412 0.317647
v 0.227729 0.039724 0.076799 0.341176 0.329412 0.313725
v 0.228431 0.041815 0.076315 0.341176 0.329412 0.313725
v 0.228973 0.043896 0.075808 0.341176 0.325490 0.313725
v 0.229353 0.045964 0.075280 0.341176 0.325490 0.313725
v 0.229569 0.048016 0.074730 0.341176 0.325490 0.309804
v 0.229619 0.050050 0.074158 0.341176 0.321569 0.309804
v 0.229502 0.052063 0.073565 0.341176 0.321569 0.309804
v 0.229219 0.054051 0.072950 0.341176 0.321569 0.309804
v 0.228771 0.056011 0.072314 0.341176 0.321569 0.305882
v 0.228158 0.057941 0.071657 0.337255 0.317647 0.305882
v 0.227383 0.059838 0.070978 0.337255 0.317647 0.305882
v 0.225497 0.061440 0.069984 0.337255 0.317647 0.305882
v 0.224411 0.063254 0.069267 0.333333 0.317647 0.301961
v 0.223173 0.065028 0.068530 0.333333 0.313725 0.301961
v 0.221789 0.066759 0.067773 0.333333 0.313725 0.301961
v 0.220263 0.068444 0.066996 0.329412 0.313725 0.301961
v 0.218601 0.070081 0.066199 0.329412 0.313725 0.301961
v 0.216808 0.071668 0.065382 0.325490 0.313725 0.298039
v 0.214891 0.073203 0.064546 0.325490 0.309804 0.298039
v 0.212858 0.074685 0.063691 0.321569 0.309804 0.298039
v 0.210714 0.076112 0.062818 0.321569 0.309804 0.298039
v 0.208468 0.077482 0.061925 0.317647 0.309804 0.298039
v 0.206127 0.078794 0.061015 0.313725 0.309804 0.298039
v 0.203700 0.080047 0.060086 0.313725 0.305882 0.294118
v 0.201193 0.081240 0.059140 0.309804 0.305882 0.294118
v 0.198615 0.082372 0.058176 0.305882 0.305882 0.294118
v 0.195974 0.083443 0.057195 0.305882 0.305882 0.294118
v 0.193278 0.084452 0.056197 0.301961 0.305882 0.294118
v 0.190535 0.085400 0.055182 0.298039 0.301961 0.294118
v 0.187754 0.086286 0.054151 0.298039 0.301961 0.294118
v 0.184161 0.086742 0.052880 0.294118 0.301961 0.294118
v 0.181337 0.087503 0.051822 0.294118 0.301961 0.290196
v 0.178498 0.088202 0.050749 0.290196 0.301961 0.290196
v 0.175650 0.088843 0.049661 0.286275 0.298039 0.290196
v 0.172801 0.089425 0.048558 0.286275 0.298039 0.290196
v 0.169958 0.089951 0.047441 0.286275 0.298039 0.290196
v 0.167126 0.090420 0.046310 0.282353 0.294118 0.290196
v 0.165009 0.091221 0.045357 0.282353 0.294118 0.290196
v 0.161523 0.091200 0.044007 0.278431 0.294118 0.290196
v 0.159435 0.091901 0.043018 0.278431 0.294118 0.290196
v 0.156698 0.092167 0.041830 0.278431 0.290196 0.290196
v 0.154001 0.092388 0.040629 0.274510 0.290196 0.290196
v 0.151348 0.092565 0.039416 0.274510 0.286275 0.290196
v 0.148743 0.092702 0.038192 0.274510 0.286275 0.290196
v 0.146191 0.092802 0.036956 0.274510 0.286275 0.290196
v 0.143695 0.092867 0.035710 0.274510 0.282353 0.294118
v 0.141258 0.092901 0.034452 0.274510 0.282353 0.294118
v 0.138884 0.092908 0.033185 0.274510 0.278431 0.294118
v 0.136574 0.092890 0.031907 0.274510 0.278431 0.294118
v 0.134331 0.092852 0.030619 0.274510 0.274510 0.294118
v 0.132716 0.093190 0.029446 0.274510 0.274510 0.294118
v 0.130605 0.093124 0.028134 0.274510 0.270588 0.294118
v 0.128566 0.093050 0.026812 0.274510 0.270588 0.294118
v 0.126602 0.092973 0.025482 0.274510 0.266667 0.294118
v 0.125237 0.093288 0.024245 0.274510 0.262745 0.298039
v 0.147178 0.111166 0.027299 0.278431 0.262745 0.298039
v 0.207737 0.159057 0.036760 0.278431 0.258824 0.298039
v 0.207903 0.161323 0.034927 0.278431 0.258824 0.298039
v 0.205147 0.161288 0.032540 0.278431 0.254902 0.298039
v 0.203014 0.161689 0.030211 0.282353 0.254902 0.301961
v 0.201001 0.162146 0.027858 0.282353 0.250980 0.301961
v 0.199108 0.162669 0.025478 0.282353 0.247059 0.301961
v 0.196863 0.162878 0.023019 0.282353 0.247059 0.301961
v 0.195215 0.163562 0.020595 0.286275 0.243137 0.301961
v 0.193685 0.164342 0.018147 0.286275 0.243137 0.305882
v 0.192271 0.165227 0.015674 0.290196 0.243137 0.305882
v 0.190972 0.166227 0.013176 0.290196 0.239216 0.305882
v 0.189786 0.167350 0.010654 0.290196 0.239216 0.309804
v 0.188709 0.168605 0.008107 0.294118 0.239216 0.309804
v 0.188182 0.170401 0.005551 0.294118 0.239216 0.309804
v 0.187313 0.171945 0.002951 0.298039 0.239216 0.309804
v 0.186981 0.174049 0.000330 0.298039 0.235294 0.313725
v 0.186740 0.176320 -0.002325 0.298039 0.239216 0.313725
v 0.187019 0.179176 -0.005026 0.301961 0.239216 0.313725
v 0.187806 0.182636 -0.007790 0.301961 0.239216 0.317647
v 0.188236 0.185871 -0.010587 0.305882 0.239216 0.317647
v 0.188737 0.189302 -0.013427 0.309804 0.239216 0.317647
v 0.188879 0.192497 -0.016274 0.309804 0.243137 0.321569
v 0.189084 0.195881 -0.019149 0.313725 0.243137 0.321569
v 0.189346 0.199453 -0.022051 0.313725 0.243137 0.321569
v 0.189659 0.203213 -0.024980 0.317647 0.247059 0.325490
v 0.190015 0.207159 -0.027933 0.317647 0.247059 0.325490
v 0.189989 0.210825 -0.030842 0.321569 0.250980 0.325490
v 0.189159 0.213714 -0.033612 0.321569 0.254902 0.329412
v 0.188771 0.217212 -0.036445 0.325490 0.254902 0.329412
v 0.188399 0.220850 -0.039272 0.329412 0.258824 0.329412
v 0.188035 0.224622 -0.042091 0.329412 0.258824 0.333333
v 0.187257 0.228015 -0.044803 0.329412 0.262745 0.333333
v 0.186472 0.231510 -0.047492 0.333333 0.266667 0.333333
v 0.185672 0.235098 -0.050157 0.333333 0.266667 0.333333
v 0.184850 0.238770 -0.052797 0.337255 0.270588 0.337255
v 0.183587 0.241979 -0.055288 0.337255 0.274510 0.337255
v 0.182289 0.245235 -0.057740 0.337255 0.274510 0.337255
v 0.180949 0.248531 -0.060151 0.341176 0.278431 0.337255
v 0.179969 0.252429 -0.062663 0.341176 0.282353 0.337255
v 0.178526 0.255786 -0.064998 0.341176 0.282353 0.337255
v 0.177429 0.259747 -0.067443 0.341176 0.286275 0.341176
v 0.175862 0.263130 -0.069698 0.341176 0.286275 0.341176
v 0.173827 0.265895 -0.071744 0.341176 0.290196 0.341176
v 0.172521 0.269869 -0.074075 0.341176 0.290196 0.341176
v 0.170739 0.273208 -0.076197 0.341176 0.294118 0.341176
v 0.168880 0.276513 -0.078273 0.341176 0.294118 0.341176
v 0.166942 0.279777 -0.080303 0.337255 0.298039 0.341176
v 0.163758 0.280993 -0.081705 0.337255 0.298039 0.341176
v 0.161666 0.284117 -0.083625 0.337255 0.301961 0.341176
v 0.159493 0.287174 -0.085498 0.333333 0.301961 0.341176
v 0.156860 0.289459 -0.087114 0.333333 0.305882 0.341176
v 0.153406 0.290224 -0.088242 0.329412 0.305882 0.341176
v 0.150638 0.292273 -0.089731 0.329412 0.305882 0.341176
v 0.147802 0.294205 -0.091161 0.325490 0.309804 0.341176
v 0.145262 0.296751 -0.092765 0.325490 0.309804 0.341176
v 0.142650 0.299185 -0.094320 0.321569 0.309804 0.341176
v 0.139619 0.300744 -0.095586 0.317647 0.313725 0.341176
v 0.137225 0.303694 -0.097285 0.317647 0.313725 0.341176
v 0.134419 0.305755 -0.098695 0.313725 0.317647 0.337255
v 0.131890 0.308465 -0.100312 0.309804 0.317647 0.337255
v 0.128966 0.310257 -0.101629 0.305882 0.317647 0.337255
v 0.125668 0.311101 -0.102633 0.305882 0.317647 0.337255
v 0.122973 0.313396 -0.104116 0.301961 0.321569 0.337255
v 0.119913 0.314733 -0.105287 0.298039 0.321569 0.337255
v 0.117122 0.316735 -0.106686 0.298039 0.321569 0.333333
v 0.113988 0.317755 -0.107762 0.294118 0.325490 0.333333
v 0.110827 0.318609 -0.108790 0.294118 0.325490 0.333333
v 0.107643 0.319292 -0.109768 0.290196 0.325490 0.333333
v 0.104164 0.318951 -0.110403 0.286275 0.329412 0.329412
v 0.100957 0.319282 -0.111279 0.286275 0.329412 0.329412
v 0.097741 0.319438 -0.112107 0.282353 0.329412 0.329412
v 0.094777 0.320283 -0.113192 0.282353 0.329412 0.329412
v 0.091548 0.320089 -0.113926 0.282353 0.333333 0.325490
v 0.088324 0.319718 -0.114612 0.278431 0.333333 0.325490
v 0.085107 0.319169 -0.115249 0.278431 0.333333 0.325490
v 0.081901 0.318444 -0.115837 0.278431 0.337255 0.325490
v 0.078710 0.317543 -0.116378 0.274510 0.337255 0.321569
v 0.075747 0.317352 -0.117198 0.274510 0.337255 0.321569
v 0.072587 0.316106 -0.117646 0.274510 0.337255 0.321569
v 0.069451 0.314690 -0.118046 0.274510 0.341176 0.321569
v 0.066529 0.313994 -0.118735 0.274510 0.341176 0.317647
v 0.063441 0.312246 -0.119044 0.274510 0.341176 0.317647
v 0.060385 0.310338 -0.119306 0.274510 0.345098 0.317647
v 0.057362 0.308271 -0.119521 0.274510 0.345098 0.317647
v 0.054532 0.306937 -0.120036 0.274510 0.345098 0.313725
v 0.051574 0.304567 -0.120161 0.274510 0.345098 0.313725
v 0.048657 0.302053 -0.120241 0.274510 0.349020 0.313725
v 0.045915 0.300279 -0.120627 0.274510 0.349020 0.313725
v 0.043073 0.297490 -0.120618 0.278431 0.349020 0.309804
v 0.040395 0.295446 -0.120921 0.278431 0.352941 0.309804
v 0.037636 0.292403 -0.120824 0.278431 0.352941 0.309804
v 0.035027 0.290109 -0.121043 0.278431 0.352941 0.309804
v 0.032452 0.287696 -0.121221 0.282353 0.352941 0.305882
v 0.029910 0.285170 -0.121360 0.282353 0.356863 0.305882
v 0.027405 0.282538 -0.121457 0.282353 0.356863 0.305882
v 0.024935 0.279805 -0.121515 0.286275 0.356863 0.305882
v 0.022504 0.276978 -0.121533 0.286275 0.356863 0.305882
v 0.020050 0.273233 -0.121142 0.290196 0.360784 0.301961
v 0.017703 0.270245 -0.121080 0.290196 0.360784 0.301961
v 0.015397 0.267183 -0.120978 0.294118 0.360784 0.301961
v 0.013131 0.264056 -0.120837 0.294118 0.360784 0.301961
v 0.010908 0.260869 -0.120657 0.298039 0.364706 0.301961
v 0.008727 0.257632 -0.120440 0.298039 0.364706 0.298039
v 0.006589 0.254351 -0.120184 0.301961 0.364706 0.298039
v 0.004495 0.251034 -0.119890 0.301961 0.364706 0.298039
v 0.002445 0.247689 -0.119559 0.305882 0.368627 0.298039
v 0.000441 0.245087 -0.119564 0.305882 0.368627 0.298039
v -0.001531 0.242456 -0.119533 0.309804 0.368627 0.294118
v -0.003460 0.239057 -0.119093 0.309804 0.368627 0.294118
v -0.005360 0.236399 -0.118989 0.313725 0.368627 0.294118
v -0.007205 0.233005 -0.118477 0.317647 0.368627 0.294118
v -0.009033 0.230352 -0.118302 0.317647 0.368627 0.294118
v -0.010829 0.227708 -0.118092 0.321569 0.372549 0.294118
v -0.012552 0.224375 -0.117477 0.321569 0.372549 0.294118
v -0.014277 0.221780 -0.117198 0.325490 0.372549 0.294118
v -0.015970 0.219218 -0.116885 0.325490 0.372549 0.290196
v -0.017632 0.216694 -0.116537 0.329412 0.372549 0.290196
v -0.019264 0.214217 -0.116156 0.329412 0.372549 0.290196
v -0.020802 0.211126 -0.115378 0.333333 0.372549 0.290196
v -0.022443 0.209427 -0.115295 0.333333 0.372549 0.290196
v -0.023991 0.207128 -0.114816 0.333333 0.372549 0.290196
v -0.025515 0.204901 -0.114304 0.337255 0.372549 0.290196
v -0.027015 0.202750 -0.113761 0.337255 0.372549 0.290196
v -0.028494 0.200682 -0.113187 0.337255 0.372549 0.290196
v -0.029858 0.198077 -0.112228 0.337255 0.372549 0.290196
v -0.031394 0.196813 -0.111946 0.341176 0.372549 0.290196
v -0.032716 0.194405 -0.110930 0.341176 0.372549 0.290196
v -0.034124 0.192716 -0.110236 0.341176 0.372549 0.290196
v -0.035521 0.191127 -0.109513 0.341176 0.372549 0.290196
v -0.036793 0.189043 -0.108417 0.341176 0.372549 0.290196
v -0.038170 0.187666 -0.107638 0.341176 0.372549 0.290196
v -0.039419 0.185806 -0.106491 0.341176 0.372549 0.290196
v -0.040658 0.184058 -0.105321 0.341176 0.372549 0.294118
v -0.042024 0.183006 -0.104461 0.341176 0.372549 0.294118
v -0.043255 0.181477 -0.103242 0.341176 0.372549 0.294118
v -0.044483 0.180058 -0.102000 0.337255 0.372549 0.294118
v -0.045711 0.178743 -0.100735 0.337255 0.372549 0.294118
v -0.046941 0.177531 -0.099449 0.337255 0.372549 0.294118
v -0.048176 0.176417 -0.098140 0.337255 0.372549 0.294118
v -0.049256 0.174826 -0.096495 0.333333 0.372549 0.294118
v -0.050500 0.173895 -0.095145 0.333333 0.372549 0.294118
v -0.051584 0.172480 -0.093466 0.333333 0.372549 0.294118
v -0.052496 0.170577 -0.091469 0.329412 0.368627 0.294118
v -0.053761 0.169880 -0.090065 0.329412 0.368627 0.294118
v -0.054855 0.168682 -0.088344 0.325490 0.368627 0.294118
v -0.056145 0.168109 -0.086902 0.325490 0.368627 0.294118
v -0.057645 0.168156 -0.085729 0.325490 0.368627 0.298039
v -0.058774 0.167117 -0.083957 0.321569 0.364706 0.298039
v -0.060321 0.167251 -0.082735 0.321569 0.364706 0.298039
v -0.061688 0.166855 -0.081208 0.317647 0.360784 0.298039
v -0.063290 0.167055 -0.079934 0.313725 0.360784 0.298039
v -0.064923 0.167281 -0.078632 0.313725 0.360784 0.298039
v -0.066589 0.167527 -0.077303 0.309804 0.356863 0.298039
v -0.068288 0.167789 -0.075947 0.309804 0.352941 0.298039
v -0.070020 0.168061 -0.074564 0.305882 0.352941 0.298039
v -0.071785 0.168340 -0.073154 0.305882 0.349020 0.298039
v -0.073584 0.168621 -0.071720 0.301961 0.345098 0.298039
v -0.075418 0.168902 -0.070260 0.301961 0.345098 0.298039
v -0.077285 0.169178 -0.068776 0.298039 0.341176 0.298039
v -0.079187 0.169447 -0.067268 0.294118 0.337255 0.298039
v -0.081398 0.170283 -0.065962 0.294118 0.333333 0.301961
v -0.083374 0.170529 -0.064405 0.290196 0.329412 0.301961
v -0.085384 0.170760 -0.062826 0.290196 0.329412 0.301961
v -0.087427 0.170973 -0.061227 0.286275 0.325490 0.301961
v -0.089806 0.171747 -0.059811 0.286275 0.321569 0.301961
v -0.091921 0.171919 -0.058169 0.282353 0.317647 0.301961
v -0.094385 0.172648 -0.056701 0.282353 0.313725 0.301961
v -0.096569 0.172770 -0.055019 0.278431 0.309804 0.301961
v -0.098783 0.172865 -0.053321 0.278431 0.305882 0.301961
v -0.101366 0.173512 -0.051782 0.278431 0.301961 0.301961
v -0.103644 0.173545 -0.050050 0.274510 0.298039 0.305882
v -0.106303 0.174126 -0.048467 0.274510 0.294118 0.305882
v -0.108640 0.174090 -0.046703 0.274510 0.290196 0.305882
v -0.111371 0.174597 -0.045078 0.274510 0.286275 0.305882
v -0.113761 0.174482 -0.043286 0.274510 0.282353 0.305882
v -0.116557 0.174907 -0.041622 0.274510 0.278431 0.305882
v -0.118990 0.174706 -0.039805 0.274510 0.274510 0.305882
v -0.121439 0.174458 -0.037979 0.274510 0.270588 0.305882
v -0.123899 0.174163 -0.036146 0.274510 0.270588 0.309804
v -0.126789 0.174396 -0.034420 0.274510 0.266667 0.309804
v -0.129274 0.173998 -0.032567 0.274510 0.262745 0.309804
v -0.132197 0.174121 -0.030810 0.278431 0.258824 0.309804
v -0.134692 0.173612 -0.028940 0.278431 0.258824 0.309804
v -0.137636 0.173618 -0.027155 0.282353 0.254902 0.309804
v -0.140126 0.172992 -0.025271 0.282353 0.250980 0.309804
v -0.142604 0.172307 -0.023384 0.286275 0.250980 0.313725
v -0.145542 0.172125 -0.021564 0.286275 0.247059 0.313725
v -0.148475 0.171876 -0.019731 0.290196 0.247059 0.313725
v -0.150904 0.170999 -0.017825 0.290196 0.243137 0.313725
v -0.153802 0.170615 -0.015971 0.294118 0.243137 0.313725
v -0.156170 0.169608 -0.014058 0.298039 0.243137 0.313725
v -0.158497 0.168537 -0.012145 0.298039 0.239216 0.317647
v -0.161300 0.167948 -0.010267 0.301961 0.239216 0.317647
v -0.163533 0.166745 -0.008351 0.305882 0.239216 0.317647
v -0.166246 0.166016 -0.006458 0.305882 0.239216 0.317647
v -0.168364 0.164683 -0.004540 0.309804 0.239216 0.317647
v -0.170412 0.163288 -0.002626 0.313725 0.239216 0.317647
v -0.172943 0.162355 -0.000718 0.317647 0.235294 0.321569
v -0.174841 0.160835 0.001195 0.317647 0.239216 0.321569
v -0.176653 0.159256 0.003102 0.321569 0.239216 0.321569
v -0.178374 0.157621 0.005004 0.321569 0.239216 0.321569
v -0.180580 0.156434 0.006921 0.325490 0.239216 0.321569
v -0.182109 0.154686 0.008817 0.329412 0.239216 0.321569
v -0.183532 0.152888 0.010704 0.329412 0.239216 0.321569
v -0.184846 0.151042 0.012584 0.333333 0.239216 0.325490
v -0.186046 0.149150 0.014456 0.333333 0.243137 0.325490
v -0.187731 0.147689 0.016371 0.333333 0.243137 0.325490
v -0.188699 0.145708 0.018230 0.337255 0.243137 0.325490
v -0.189543 0.143689 0.020079 0.337255 0.247059 0.325490
v -0.190263 0.141635 0.021918 0.337255 0.247059 0.325490
v -0.190857 0.139550 0.023745 0.341176 0.250980 0.325490
v -0.191324 0.137436 0.025561 0.341176 0.250980 0.325490
v -0.191664 0.135296 0.027365 0.341176 0.254902 0.325490
v -0.191876 0.133133 0.029157 0.341176 0.254902 0.329412
v -0.191961 0.130949 0.030935 0.341176 0.258824 0.329412
v -0.191921 0.128749 0.032700 0.341176 0.258824 0.329412
v -0.192371 0.126940 0.034562 0.341176 0.262745 0.329412
v -0.192084 0.124706 0.036305 0.341176 0.266667 0.329412
v -0.191679 0.122463 0.038033 0.341176 0.266667 0.329412
v -0.191157 0.120214 0.039746 0.341176 0.270588 0.329412
v -0.190523 0.117961 0.041444 0.341176 0.274510 0.329412
v -0.189782 0.115706 0.043126 0.341176 0.278431 0.329412
v -0.188939 0.113452 0.044793 0.337255 0.282353 0.329412
v -0.187998 0.111201 0.046443 0.337255 0.282353 0.329412
v -0.186966 0.108954 0.048078 0.337255 0.286275 0.329412
v -0.185849 0.106714 0.049696 0.337255 0.290196 0.329412
v -0.184653 0.104482 0.051297 0.337255 0.294118 0.329412
v -0.183386 0.102260 0.052882 0.333333 0.298039 0.329412
v -0.182053 0.100050 0.054451 0.333333 0.301961 0.329412
v -0.180664 0.097853 0.056003 0.333333 0.305882 0.329412
v -0.179224 0.095670 0.057538 0.329412 0.309804 0.329412
v -0.178311 0.093801 0.059245 0.329412 0.313725 0.329412
v -0.176227 0.091351 0.060558 0.329412 0.317647 0.333333
v -0.175244 0.089503 0.062241 0.329412 0.321569 0.333333
v -0.173679 0.087383 0.063714 0.325490 0.325490 0.333333
v -0.172104 0.085282 0.065171 0.325490 0.329412 0.333333
v -0.170526 0.083202 0.066610 0.321569 0.333333 0.333333
v -0.168955 0.081145 0.068033 0.321569 0.337255 0.333333
v -0.167397 0.079111 0.069439 0.321569 0.341176 0.333333
v -0.165860 0.077101 0.070828 0.317647 0.345098 0.333333
v -0.164352 0.075116 0.072200 0.317647 0.349020 0.333333
v -0.163398 0.073391 0.073789 0.313725 0.352941 0.333333
v -0.161965 0.071454 0.075130 0.313725 0.356863 0.333333
v -0.160582 0.069546 0.076454 0.313725 0.356863 0.333333
v -0.159255 0.067666 0.077759 0.309804 0.360784 0.333333
v -0.157992 0.065817 0.079045 0.309804 0.364706 0.333333
v -0.156798 0.063999 0.080312 0.305882 0.364706 0.333333
v -0.156173 0.062410 0.081818 0.305882 0.368627 0.333333
v -0.155130 0.060651 0.083049 0.301961 0.368627 0.333333
v -0.154174 0.058923 0.084259 0.301961 0.368627 0.333333
v -0.153308 0.057229 0.085446 0.298039 0.372549 0.333333
v -0.152537 0.055567 0.086611 0.294118 0.372549 0.333333
v -0.152345 0.054108 0.088030 0.294118 0.372549 0.333333
v -0.151774 0.052506 0.089150 0.290196 0.372549 0.333333
v -0.151309 0.050935 0.090246 0.290196 0.372549 0.333333
v -0.151431 0.049550 0.091603 0.286275 0.372549 0.333333
v -0.151187 0.048034 0.092649 0.286275 0.372549 0.337255
v -0.151058 0.046546 0.093666 0.286275 0.372549 0.337255
v -0.151047 0.045085 0.094656 0.282353 0.372549 0.337255
v -0.151630 0.043785 0.095916 0.282353 0.372549 0.337255
v -0.151859 0.042365 0.096849 0.278431 0.372549 0.337255
v -0.152209 0.040966 0.097752 0.278431 0.372549 0.337255
v -0.152681 0.039584 0.098622 0.278431 0.372549 0.337255
v -0.153757 0.038337 0.099773 0.274510 0.372549 0.337255
v -0.154478 0.036978 0.100582 0.274510 0.372549 0.337255
v -0.155321 0.035629 0.101359 0.274510 0.372549 0.337255
v -0.156286 0.034286 0.102102 0.274510 0.372549 0.341176
v -0.157373 0.032946 0.102812 0.274510 0.372549 0.341176
v -0.158579 0.031607 0.103487 0.274510 0.372549 0.341176
v -0.159904 0.030265 0.104129 0.274510 0.372549 0.341176
v -0.161849 0.029009 0.105064 0.274510 0.372549 0.341176
v -0.163408 0.027648 0.105640 0.274510 0.372549 0.341176
v -0.165078 0.026277 0.106181 0.274510 0.372549 0.341176
v -0.166856 0.024891 0.106688 0.274510 0.372549 0.341176
v -0.168738 0.023487 0.107161 0.278431 0.372549 0.341176
v -0.170720 0.022064 0.107599 0.278431 0.372549 0.341176
v -0.172799 0.020619 0.108004 0.278431 0.372549 0.341176
v -0.174968 0.019150 0.108374 0.282353 0.372549 0.341176
v -0.177223 0.017653 0.108711 0.282353 0.372549 0.341176
v -0.179559 0.016128 0.109015 0.286275 0.372549 0.341176
v -0.181969 0.014572 0.109285 0.286275 0.372549 0.341176
v -0.184447 0.012985 0.109521 0.290196 0.372549 0.341176
v -0.186986 0.011364 0.109725 0.290196 0.372549 0.341176
v -0.189579 0.009708 0.109896 0.294118 0.372549 0.341176
v -0.192219 0.008017 0.110034 0.298039 0.372549 0.341176
v -0.194898 0.006290 0.110140 0.298039 0.372549 0.341176
v -0.197607 0.004526 0.110214 0.301961 0.372549 0.337255
v -0.200338 0.002724 0.110255 0.301961 0.372549 0.337255
v -0.203083 0.000886 0.110264 0.305882 0.372549 0.337255
v -0.216735 -0.001041 0.116082 0.309804 0.372549 0.337255
v -0.219625 -0.003053 0.116025 0.309804 0.372549 0.337255
v -0.222500 -0.005104 0.115935 0.313725 0.372549 0.337255
v -0.225349 -0.007191 0.115811 0.317647 0.368627 0.333333
v -0.228164 -0.009314 0.115655 0.317647 0.368627 0.333333
v -0.230249 -0.011437 0.115124 0.321569 0.368627 0.333333
v -0.232955 -0.013621 0.114903 0.321569 0.368627 0.333333
v -0.235595 -0.015836 0.114649 0.325490 0.368627 0.329412
v -0.238159 -0.018080 0.114362 0.325490 0.364706 0.329412
v -0.240638 -0.020352 0.114043 0.329412 0.364706 0.329412
v -0.243021 -0.022649 0.113692 0.329412 0.364706 0.329412
v -0.244572 -0.024895 0.112972 0.333333 0.364706 0.329412
v -0.246730 -0.027228 0.112557 0.333333 0.360784 0.325490
v -0.248766 -0.029579 0.112111 0.333333 0.360784 0.325490
v -0.250671 -0.031944 0.111632 0.337255 0.360784 0.325490
v -0.252437 -0.034322 0.111122 0.337255 0.356863 0.321569
v -0.254056 -0.036708 0.110579 0.337255 0.356863 0.321569
v -0.255523 -0.039101 0.110006 0.337255 0.356863 0.321569
v -0.256065 -0.041373 0.109075 0.341176 0.356863 0.321569
v -0.257203 -0.043761 0.108440 0.341176 0.352941 0.317647
v -0.258172 -0.046146 0.107774 0.341176 0.352941 0.317647
v -0.258966 -0.048523 0.107076 0.341176 0.352941 0.317647
v -0.259583 -0.050891 0.106348 0.341176 0.349020 0.317647
v -0.260019 -0.053246 0.105589 0.341176 0.349020 0.313725
v -0.260272 -0.055583 0.104799 0.341176 0.349020 0.313725
v -0.260342 -0.057901 0.103979 0.341176 0.345098 0.313725
v -0.260226 -0.060195 0.103129 0.341176 0.345098 0.313725
v -0.259927 -0.062463 0.102248 0.341176 0.345098 0.309804
v -0.259443 -0.064701 0.101338 0.337255 0.345098 0.309804
v -0.258778 -0.066906 0.100398 0.337255 0.341176 0.309804
v -0.257934 -0.069074 0.099428 0.337255 0.341176 0.309804
v -0.256146 -0.070992 0.098136 0.337255 0.341176 0.305882
v -0.254956 -0.073073 0.097111 0.333333 0.341176 0.305882
v -0.253599 -0.075110 0.096058 0.333333 0.337255 0.305882
v -0.252080 -0.077100 0.094977 0.329412 0.337255 0.305882
v -0.250404 -0.079039 0.093867 0.329412 0.337255 0.301961
v -0.248578 -0.080927 0.092730 0.325490 0.337255 0.301961
v -0.246608 -0.082759 0.091566 0.325490 0.337255 0.301961
v -0.244502 -0.084535 0.090374 0.321569 0.333333 0.301961
v -0.242267 -0.086253 0.089156 0.321569 0.333333 0.298039
v -0.239911 -0.087909 0.087911 0.317647 0.333333 0.298039
v -0.237443 -0.089504 0.086641 0.317647 0.333333 0.298039
v -0.234871 -0.091035 0.085344 0.313725 0.329412 0.298039
v -0.232203 -0.092501 0.084023 0.309804 0.329412 0.298039
v -0.229449 -0.093901 0.082677 0.309804 0.329412 0.298039
v -0.226618 -0.095235 0.081306 0.305882 0.329412 0.294118
v -0.223717 -0.096501 0.079911 0.301961 0.325490 0.294118
v -0.220758 -0.097700 0.078493 0.301961 0.325490 0.294118
v -0.217748 -0.098831 0.077051 0.298039 0.325490 0.294118
v -0.214696 -0.099894 0.075587 0.298039 0.325490 0.294118
v -0.211611 -0.100889 0.074101 0.294118 0.321569 0.294118
v -0.208502 -0.101818 0.072592 0.290196 0.321569 0.294118
v -0.205377 -0.102680 0.071063 0.290196 0.321569 0.294118
v -0.202244 -0.103477 0.069512 0.286275 0.317647 0.290196
v -0.199110 -0.104209 0.067941 0.286275 0.317647 0.290196
v -0.195984 -0.104879 0.066350 0.282353 0.317647 0.290196
v -0.192873 -0.105487 0.064739 0.282353 0.313725 0.290196
v -0.189783 -0.106036 0.063110 0.278431 0.313725 0.290196
v -0.186721 -0.106528 0.061462 0.278431 0.313725 0.290196
v -0.183694 -0.106965 0.059796 0.278431 0.309804 0.290196
v -0.180707 -0.107350 0.058112 0.278431 0.309804 0.290196
v -0.177765 -0.107685 0.056411 0.274510 0.305882 0.290196
v -0.174874 -0.107973 0.054694 0.274510 0.305882 0.290196
v -0.172039 -0.108218 0.052960 0.274510 0.301961 0.290196
v -0.169264 -0.108422 0.051211 0.274510 0.301961 0.290196
v -0.166553 -0.108590 0.049446 0.274510 0.298039 0.290196
v -0.163910 -0.108726 0.047667 0.274510 0.294118 0.290196
v -0.161337 -0.108833 0.045873 0.274510 0.294118 0.294118
v -0.158839 -0.108915 0.044065 0.274510 0.290196 0.294118
v -0.156417 -0.108978 0.042243 0.274510 0.286275 0.294118
v -0.154075 -0.109025 0.040408 0.274510 0.286275 0.294118
v -0.152268 -0.109389 0.038675 0.274510 0.282353 0.294118
v -0.150084 -0.109422 0.036809 0.274510 0.278431 0.294118
v -0.147984 -0.109455 0.034930 0.274510 0.274510 0.294118
v -0.145970 -0.109494 0.033040 0.278431 0.274510 0.294118
v -0.144042 -0.109544 0.031137 0.278431 0.270588 0.298039
v -0.142203 -0.109612 0.029222 0.278431 0.266667 0.298039
v -0.140451 -0.109704 0.027296 0.278431 0.262745 0.298039
v -0.138788 -0.109826 0.025359 0.278431 0.258824 0.298039
v -0.137622 -0.110313 0.023481 0.282353 0.258824 0.298039
v -0.136130 -0.110515 0.021515 0.282353 0.254902 0.301961
v -0.134324 -0.110437 0.019481 0.282353 0.250980 0.301961
v -0.133408 -0.111075 0.017552 0.286275 0.250980 0.301961
v -0.132176 -0.111445 0.015554 0.286275 0.247059 0.301961
v -0.131419 -0.112218 0.013587 0.286275 0.243137 0.305882
v -0.129965 -0.112401 0.011528 0.290196 0.243137 0.305882
v -0.129367 -0.113334 0.009528 0.290196 0.239216 0.305882
v -0.128461 -0.114020 0.007484 0.290196 0.239216 0.309804
v -0.128011 -0.115139 0.005447 0.294118 0.239216 0.309804
v -0.127256 -0.116017 0.003379 0.294118 0.239216 0.309804
v -0.126948 -0.117343 0.001306 0.298039 0.239216 0.313725
v -0.126707 -0.118782 -0.000787 0.298039 0.239216 0.313725
v -0.126529 -0.120338 -0.002900 0.301961 0.239216 0.313725
v -0.126412 -0.122013 -0.005032 0.301961 0.239216 0.317647
v -0.126722 -0.124172 -0.007204 0.305882 0.239216 0.317647
v -0.127084 -0.126466 -0.009405 0.305882 0.239216 0.317647
v -0.126762 -0.128156 -0.011569 0.309804 0.243137 0.321569
v -0.127221 -0.130716 -0.013816 0.309804 0.243137 0.321569
v -0.127721 -0.133415 -0.016090 0.313725 0.247059 0.321569
v -0.127895 -0.135868 -0.018339 0.313725 0.247059 0.325490
v -0.128104 -0.138450 -0.020600 0.317647 0.250980 0.325490
v -0.127979 -0.140759 -0.022808 0.321569 0.254902 0.325490
v -0.127879 -0.143180 -0.025014 0.321569 0.254902 0.329412
v -0.127799 -0.145710 -0.027217 0.325490 0.258824 0.329412
v -0.127733 -0.148345 -0.029416 0.325490 0.262745 0.329412
v -0.127676 -0.151081 -0.031610 0.329412 0.266667 0.333333
v -0.127986 -0.154353 -0.033894 0.329412 0.270588 0.333333
v -0.127930 -0.157289 -0.036080 0.333333 0.270588 0.333333
v -0.127867 -0.160314 -0.038258 0.333333 0.274510 0.333333
v -0.127790 -0.163424 -0.040426 0.337255 0.278431 0.337255
v -0.127695 -0.166613 -0.042584 0.337255 0.282353 0.337255
v -0.127576 -0.169877 -0.044731 0.337255 0.282353 0.337255
v -0.127427 -0.173210 -0.046866 0.337255 0.286275 0.337255
v -0.127244 -0.176607 -0.048987 0.341176 0.290196 0.337255
v -0.127022 -0.180062 -0.051095 0.341176 0.290196 0.341176
v -0.126756 -0.183571 -0.053188 0.341176 0.294118 0.341176
v -0.126441 -0.187127 -0.055266 0.341176 0.298039 0.341176
v -0.125717 -0.190184 -0.057164 0.341176 0.298039 0.341176
v -0.125294 -0.193807 -0.059203 0.341176 0.301961 0.341176
v -0.124812 -0.197459 -0.061224 0.341176 0.301961 0.341176
v -0.123914 -0.200563 -0.063047 0.341176 0.305882 0.341176
v -0.123304 -0.204246 -0.065025 0.337255 0.305882 0.341176
v -0.122277 -0.207347 -0.066793 0.337255 0.309804 0.341176
v -0.121530 -0.211035 -0.068726 0.337255 0.309804 0.341176
v -0.120712 -0.214721 -0.070639 0.333333 0.313725 0.341176
v -0.119478 -0.217775 -0.072322 0.333333 0.313725 0.341176
v -0.118514 -0.221428 -0.074187 0.333333 0.313725 0.341176
v -0.117138 -0.224415 -0.075810 0.329412 0.317647 0.341176
v -0.115693 -0.227354 -0.077401 0.325490 0.317647 0.341176
v -0.114511 -0.230904 -0.079187 0.325490 0.321569 0.341176
v -0.112927 -0.233738 -0.080715 0.321569 0.321569 0.341176
v -0.111599 -0.237192 -0.082447 0.321569 0.321569 0.341176
v -0.109880 -0.239897 -0.083912 0.317647 0.325490 0.337255
v -0.108098 -0.242524 -0.085341 0.313725 0.325490 0.337255
v -0.106565 -0.245782 -0.086988 0.313725 0.325490 0.337255
v -0.104660 -0.248244 -0.088352 0.309804 0.325490 0.337255
v -0.102698 -0.250612 -0.089679 0.305882 0.329412 0.337255
v -0.100683 -0.252880 -0.090971 0.301961 0.329412 0.337255
v -0.098908 -0.255794 -0.092498 0.301961 0.329412 0.333333
v -0.096791 -0.257856 -0.093722 0.298039 0.333333 0.333333
v -0.094629 -0.259804 -0.094909 0.294118 0.333333 0.333333
v -0.092699 -0.262407 -0.096343 0.294118 0.333333 0.333333
v -0.090453 -0.264122 -0.097460 0.290196 0.333333 0.333333
v -0.088172 -0.265710 -0.098540 0.290196 0.337255 0.329412
v -0.085860 -0.267169 -0.099582 0.286275 0.337255 0.329412
v -0.083520 -0.268495 -0.100587 0.286275 0.337255 0.329412
v -0.081156 -0.269686 -0.101554 0.282353 0.337255 0.329412
v -0.079006 -0.271552 -0.102791 0.282353 0.337255 0.325490
v -0.076595 -0.272470 -0.103686 0.278431 0.341176 0.325490
v -0.074169 -0.273246 -0.104542 0.278431 0.341176 0.325490
v -0.071730 -0.273879 -0.105361 0.278431 0.341176 0.325490
v -0.069492 -0.275199 -0.106462 0.274510 0.341176 0.321569
v -0.067030 -0.275545 -0.107207 0.274510 0.345098 0.321569
v -0.064563 -0.275745 -0.107913 0.274510 0.345098 0.321569
v -0.062096 -0.275799 -0.108581 0.274510 0.345098 0.321569
v -0.059628 -0.275706 -0.109209 0.274510 0.345098 0.317647
v -0.057339 -0.276314 -0.110136 0.274510 0.349020 0.317647
v -0.054873 -0.275933 -0.110690 0.274510 0.349020 0.317647
v -0.052414 -0.275409 -0.111205 0.274510 0.349020 0.317647
v -0.049964 -0.274742 -0.111682 0.274510 0.349020 0.313725
v -0.047525 -0.273936 -0.112119 0.274510 0.349020 0.313725
v -0.045239 -0.273840 -0.112867 0.274510 0.352941 0.313725
v -0.042820 -0.272761 -0.113229 0.274510 0.352941 0.313725
v -0.040417 -0.271549 -0.113552 0.274510 0.352941 0.309804
v -0.038032 -0.270208 -0.113836 0.278431 0.352941 0.309804
v -0.035777 -0.269584 -0.114439 0.278431 0.356863 0.309804
v -0.033424 -0.267994 -0.114647 0.278431 0.356863 0.309804
v -0.031093 -0.266286 -0.114817 0.278431 0.356863 0.305882
v -0.028875 -0.265300 -0.115311 0.282353 0.356863 0.305882
v -0.026584 -0.263367 -0.115405 0.282353 0.356863 0.305882
v -0.024318 -0.261330 -0.115461 0.286275 0.360784 0.305882
v -0.022149 -0.260018 -0.115845 0.286275 0.360784 0.305882
v -0.019930 -0.257786 -0.115826 0.286275 0.360784 0.301961
v -0.017741 -0.255467 -0.115768 0.290196 0.360784 0.301961
v -0.015631 -0.253875 -0.116043 0.290196 0.360784 0.301961
v -0.013495 -0.251395 -0.115912 0.294118 0.364706 0.301961
v -0.011391 -0.248845 -0.115743 0.294118 0.364706 0.301961
v -0.009349 -0.247026 -0.115908 0.298039 0.364706 0.298039
v -0.007305 -0.244353 -0.115666 0.298039 0.364706 0.298039
v -0.005311 -0.242412 -0.115760 0.301961 0.364706 0.298039
v -0.003329 -0.239643 -0.115446 0.301961 0.364706 0.298039
v -0.001383 -0.236841 -0.115096 0.305882 0.368627 0.298039
v 0.000529 -0.234771 -0.115083 0.309804 0.368627 0.298039
v 0.002417 -0.232668 -0.115035 0.309804 0.368627 0.294118
v 0.004267 -0.229793 -0.114580 0.313725 0.368627 0.294118
v 0.006099 -0.227653 -0.114462 0.313725 0.368627 0.294118
v 0.007881 -0.224770 -0.113939 0.317647 0.368627 0.294118
v 0.009657 -0.222622 -0.113754 0.317647 0.368627 0.294118
v 0.011408 -0.220477 -0.113535 0.321569 0.368627 0.294118
v 0.013091 -0.217633 -0.112913 0.321569 0.372549 0.294118
v 0.014786 -0.215525 -0.112628 0.325490 0.372549 0.294118
v 0.016457 -0.213443 -0.112310 0.325490 0.372549 0.290196
v 0.018105 -0.211394 -0.111959 0.329412 0.372549 0.290196
v 0.019665 -0.208700 -0.111212 0.329412 0.372549 0.290196
v 0.021331 -0.207421 -0.111162 0.333333 0.372549 0.290196
v 0.022838 -0.204840 -0.110354 0.333333 0.372549 0.290196
v 0.024395 -0.202996 -0.109879 0.333333 0.372549 0.290196
v 0.025933 -0.201218 -0.109374 0.337255 0.372549 0.290196
v 0.027455 -0.199511 -0.108838 0.337255 0.372549 0.290196
v 0.028962 -0.197881 -0.108272 0.337255 0.372549 0.290196
v 0.030356 -0.195688 -0.107324 0.341176 0.372549 0.290196
v 0.031834 -0.194229 -0.106701 0.341176 0.372549 0.290196
v 0.033303 -0.192861 -0.106050 0.341176 0.372549 0.290196
v 0.034765 -0.191585 -0.105371 0.341176 0.372549 0.290196
v 0.036223 -0.190406 -0.104663 0.341176 0.372549 0.290196
v 0.037554 -0.188703 -0.103585 0.341176 0.372549 0.290196
v 0.038876 -0.187106 -0.102485 0.341176 0.372549 0.290196
v 0.040325 -0.186234 -0.101698 0.341176 0.372549 0.290196
v 0.041640 -0.184849 -0.100550 0.341176 0.372549 0.290196
v 0.043097 -0.184183 -0.099712 0.341176 0.372549 0.294118
v 0.044416 -0.183007 -0.098517 0.341176 0.372549 0.294118
v 0.045737 -0.181934 -0.097302 0.337255 0.372549 0.294118
v 0.047064 -0.180962 -0.096064 0.337255 0.368627 0.294118
v 0.048398 -0.180087 -0.094806 0.337255 0.368627 0.294118
v 0.049741 -0.179305 -0.093526 0.337255 0.368627 0.294118
v 0.051096 -0.178612 -0.092226 0.333333 0.368627 0.294118
v 0.052464 -0.178003 -0.090905 0.333333 0.368627 0.294118
v 0.054032 -0.178080 -0.089869 0.333333 0.368627 0.294118
v 0.055249 -0.177018 -0.088201 0.329412 0.364706 0.294118
v 0.056668 -0.176630 -0.086819 0.329412 0.364706 0.294118
v 0.058107 -0.176304 -0.085416 0.325490 0.364706 0.294118
v 0.059567 -0.176034 -0.083993 0.325490 0.360784 0.294118
v 0.061050 -0.175814 -0.082551 0.321569 0.360784 0.294118
v 0.062557 -0.175638 -0.081089 0.321569 0.356863 0.294118
v 0.063863 -0.174885 -0.079329 0.317647 0.356863 0.294118
v 0.065413 -0.174776 -0.077833 0.317647 0.352941 0.298039
v 0.066989 -0.174693 -0.076319 0.313725 0.352941 0.298039
v 0.068348 -0.174011 -0.074522 0.313725 0.349020 0.298039
v 0.069970 -0.173960 -0.072978 0.309804 0.345098 0.298039
v 0.071362 -0.173296 -0.071161 0.309804 0.345098 0.298039
v 0.073031 -0.173259 -0.069590 0.305882 0.341176 0.298039
v 0.074726 -0.173223 -0.068004 0.301961 0.337255 0.298039
v 0.076448 -0.173183 -0.066404 0.301961 0.333333 0.298039
v 0.078197 -0.173137 -0.064790 0.298039 0.333333 0.298039
v 0.079972 -0.173081 -0.063165 0.298039 0.329412 0.298039
v 0.081773 -0.173012 -0.061528 0.294118 0.325490 0.298039
v 0.083600 -0.172926 -0.059881 0.294118 0.321569 0.298039
v 0.085451 -0.172823 -0.058225 0.290196 0.317647 0.298039
v 0.087327 -0.172699 -0.056561 0.290196 0.313725 0.298039
v 0.089226 -0.172552 -0.054889 0.286275 0.309804 0.301961
v 0.091147 -0.172380 -0.053211 0.286275 0.305882 0.301961
v 0.093090 -0.172181 -0.051528 0.282353 0.301961 0.301961
v 0.095053 -0.171954 -0.049841 0.282353 0.298039 0.301961
v 0.097036 -0.171696 -0.048151 0.278431 0.298039 0.301961
v 0.099037 -0.171406 -0.046459 0.278431 0.294118 0.301961
v 0.101054 -0.171082 -0.044765 0.278431 0.290196 0.301961
v 0.103481 -0.171376 -0.043236 0.274510 0.286275 0.301961
v 0.105536 -0.170981 -0.041537 0.274510 0.282353 0.301961
v 0.107602 -0.170545 -0.039839 0.274510 0.278431 0.305882
v 0.109677 -0.170070 -0.038143 0.274510 0.274510 0.305882
v 0.111760 -0.169551 -0.036450 0.274510 0.270588 0.305882
v 0.113848 -0.168988 -0.034761 0.274510 0.270588 0.305882
v 0.115938 -0.168380 -0.033077 0.274510 0.266667 0.305882
v 0.118028 -0.167724 -0.031398 0.274510 0.262745 0.305882
v 0.120115 -0.167019 -0.029725 0.274510 0.262745 0.305882
v 0.122196 -0.166264 -0.028058 0.274510 0.258824 0.309804
v 0.124760 -0.166114 -0.026503 0.278431 0.254902 0.309804
v 0.126829 -0.165253 -0.024846 0.278431 0.254902 0.309804
v 0.129395 -0.164993 -0.023289 0.278431 0.250980 0.309804
v 0.131437 -0.164022 -0.021642 0.282353 0.250980 0.309804
v 0.133455 -0.162994 -0.020005 0.282353 0.247059 0.309804
v 0.135445 -0.161909 -0.018378 0.286275 0.247059 0.309804
v 0.137956 -0.161416 -0.016829 0.286275 0.243137 0.313725
v 0.139886 -0.160214 -0.015218 0.290196 0.243137 0.313725
v 0.141775 -0.158954 -0.013618 0.294118 0.243137 0.313725
v 0.144201 -0.158277 -0.012079 0.294118 0.239216 0.313725
v 0.146002 -0.156898 -0.010498 0.298039 0.239216 0.313725
v 0.147748 -0.155462 -0.008929 0.301961 0.239216 0.317647
v 0.150045 -0.154600 -0.007404 0.301961 0.239216 0.317647
v 0.152295 -0.153675 -0.005881 0.305882 0.239216 0.317647
v 0.153862 -0.152064 -0.004342 0.309804 0.239216 0.317647
v 0.155354 -0.150398 -0.002817 0.313725 0.239216 0.317647
v 0.157414 -0.149295 -0.001313 0.313725 0.239216 0.317647
v 0.159405 -0.148131 0.000187 0.317647 0.235294 0.321569
v 0.160660 -0.146303 0.001677 0.321569 0.239216 0.321569
v 0.162492 -0.145027 0.003164 0.321569 0.239216 0.321569
v 0.163561 -0.143101 0.004627 0.325490 0.239216 0.321569
v 0.164530 -0.141132 0.006073 0.325490 0.239216 0.321569
v 0.166085 -0.139705 0.007532 0.329412 0.239216 0.321569
v 0.166845 -0.137651 0.008949 0.329412 0.239216 0.325490
v 0.168199 -0.136131 0.010390 0.333333 0.239216 0.325490
v 0.169448 -0.134565 0.011825 0.333333 0.239216 0.325490
v 0.169878 -0.132399 0.013197 0.337255 0.243137 0.325490
v 0.170907 -0.130756 0.014611 0.337255 0.243137 0.325490
v 0.171824 -0.129074 0.016018 0.337255 0.243137 0.325490
v 0.172628 -0.127355 0.017416 0.337255 0.247059 0.325490
v 0.173317 -0.125604 0.018806 0.341176 0.247059 0.329412
v 0.173158 -0.123301 0.020101 0.341176 0.247059 0.329412
v 0.173611 -0.121498 0.021467 0.341176 0.250980 0.329412
v 0.173947 -0.119669 0.022823 0.341176 0.250980 0.329412
v 0.174167 -0.117817 0.024169 0.341176 0.250980 0.329412
v 0.174272 -0.115946 0.025504 0.341176 0.254902 0.329412
v 0.174262 -0.114056 0.026829 0.341176 0.254902 0.329412
v 0.174141 -0.112151 0.028143 0.341176 0.258824 0.329412
v 0.173176 -0.109768 0.029321 0.341176 0.258824 0.329412
v 0.173572 -0.108305 0.030737 0.341176 0.262745 0.329412
v 0.172401 -0.105919 0.031881 0.341176 0.266667 0.329412
v 0.171863 -0.103985 0.033144 0.337255 0.266667 0.333333
v 0.171231 -0.102046 0.034394 0.337255 0.270588 0.333333
v 0.170509 -0.100106 0.035633 0.337255 0.274510 0.333333
v 0.170423 -0.098581 0.037015 0.337255 0.274510 0.333333
v 0.169534 -0.096633 0.038234 0.337255 0.278431 0.333333
v 0.168572 -0.094688 0.039440 0.333333 0.282353 0.333333
v 0.167543 -0.092748 0.040634 0.333333 0.282353 0.333333
v 0.166453 -0.090814 0.041815 0.333333 0.286275 0.333333
v 0.165309 -0.088887 0.042984 0.333333 0.290196 0.333333
v 0.164119 -0.086969 0.044140 0.329412 0.294118 0.333333
v 0.163576 -0.085421 0.045474 0.329412 0.298039 0.333333
v 0.162308 -0.083516 0.046609 0.329412 0.301961 0.333333
v 0.161015 -0.081624 0.047732 0.325490 0.305882 0.333333
v 0.159704 -0.079745 0.048842 0.325490 0.305882 0.333333
v 0.159048 -0.078208 0.050150 0.325490 0.309804 0.333333
v 0.157718 -0.076351 0.051239 0.321569 0.313725 0.333333
v 0.156392 -0.074512 0.052315 0.321569 0.317647 0.333333
v 0.155078 -0.072690 0.053379 0.317647 0.321569 0.333333
v 0.154426 -0.071184 0.054658 0.317647 0.325490 0.333333
v 0.153151 -0.069394 0.055700 0.317647 0.329412 0.333333
v 0.151908 -0.067626 0.056728 0.313725 0.333333 0.333333
v 0.150705 -0.065880 0.057743 0.313725 0.333333 0.333333
v 0.150171 -0.064424 0.058989 0.309804 0.337255 0.333333
v 0.149062 -0.062718 0.059981 0.309804 0.341176 0.333333
v 0.148010 -0.061038 0.060957 0.305882 0.345098 0.337255
v 0.147023 -0.059384 0.061919 0.305882 0.349020 0.337255
v 0.146105 -0.057757 0.062866 0.301961 0.349020 0.337255
v 0.145262 -0.056157 0.063796 0.301961 0.352941 0.337255
v 0.145098 -0.054811 0.064979 0.298039 0.352941 0.337255
v 0.144415 -0.053261 0.065879 0.298039 0.356863 0.337255
v 0.143821 -0.051738 0.066762 0.294118 0.356863 0.337255
v 0.143319 -0.050244 0.067627 0.294118 0.360784 0.337255
v 0.143504 -0.048978 0.068756 0.290196 0.360784 0.337255
v 0.143196 -0.047532 0.069586 0.290196 0.364706 0.337255
v 0.142991 -0.046111 0.070395 0.286275 0.364706 0.337255
v 0.142891 -0.044716 0.071183 0.286275 0.364706 0.337255
v 0.142898 -0.043343 0.071950 0.282353 0.368627 0.337255
v 0.143015 -0.041993 0.072695 0.282353 0.368627 0.337255
v 0.143833 -0.040831 0.073719 0.278431 0.368627 0.337255
v 0.144174 -0.039513 0.074421 0.278431 0.368627 0.341176
v 0.144630 -0.038212 0.075099 0.278431 0.368627 0.341176
v 0.145200 -0.036924 0.075753 0.278431 0.368627 0.341176
v 0.145884 -0.035648 0.076383 0.274510 0.368627 0.341176
v 0.146684 -0.034380 0.076987 0.274510 0.368627 0.341176
v 0.147597 -0.033119 0.077566 0.274510 0.368627 0.341176
v 0.148625 -0.031860 0.078120 0.274510 0.368627 0.341176
v 0.149764 -0.030602 0.078648 0.274510 0.368627 0.341176
v 0.151016 -0.029341 0.079151 0.274510 0.368627 0.341176
v 0.152376 -0.028076 0.079627 0.274510 0.368627 0.341176
v 0.153844 -0.026802 0.080077 0.274510 0.368627 0.341176
v 0.155417 -0.025517 0.080502 0.274510 0.368627 0.341176
v 0.157091 -0.024219 0.080900 0.274510 0.368627 0.341176
v 0.158865 -0.022905 0.081272 0.278431 0.368627 0.341176
v 0.160075 -0.021484 0.081284 0.278431 0.368627 0.341176
v 0.162027 -0.020137 0.081603 0.278431 0.368627 0.341176
v 0.164065 -0.018766 0.081896 0.282353 0.368627 0.341176
v 0.166185 -0.017370 0.082164 0.282353 0.368627 0.341176
v 0.168381 -0.015947 0.082407 0.282353 0.368627 0.341176
v 0.170648 -0.014496 0.082624 0.286275 0.368627 0.341176
v 0.172981 -0.013014 0.082815 0.290196 0.364706 0.341176
v 0.175372 -0.011501 0.082982 0.290196 0.364706 0.341176
v 0.177084 -0.009914 0.082782 0.294118 0.364706 0.337255
v 0.179562 -0.008341 0.082898 0.294118 0.364706 0.337255
v 0.182078 -0.006733 0.082990 0.298039 0.360784 0.337255
v 0.184624 -0.005092 0.083058 0.301961 0.360784 0.337255
v 0.187191 -0.003415 0.083101 0.301961 0.360784 0.337255
v 0.188989 -0.001696 0.082776 0.305882 0.360784 0.337255
f 219 209 201
f 149 157 154
f 149 150 157
f 151 150 157
f 156 158 264
f 156 158 153
f 156 158 153
f 221 219 201
f 206 209 201
f 138 137 173
f 218 219 201
f 147 151 150
f 147 158 153
f 147 149 150
f 147 151 150
f 147 158 153
f 147 149 157
f 152 153 157
f 152 151 157
f 152 147 153
f 152 147 151
f 155 156 153
f 155 153 157
f 155 156 153
f 76 238 236
f 203 206 201
f 384 380 400
f 388 383 392
f 347 25 348
f 347 25 18
f 347 25 348
f 347 18 24
f 347 348 24
f 347 348 18
f 170 166 143
f 170 142 166
f 161 144 157
f 161 170 166
f 161 147 157
f 161 147 158
f 161 147 158
f 78 118 119
f 78 118 119
f 78 134 127
f 78 138 137
f 78 34 77
f 212 219 209
f 212 213 219
f 212 213 219
f 216 213 219
f 216 213 219
f 216 219 209
f 216 218 219
f 216 206 209
f 223 221 201
f 223 218 201
f 60 76 58
f 56 76 58
f 49 77 50
f 37 78 38
f 401 384 380
f 66 65 76
f 67 68 76
f 67 66 76
f 31 34 77
f 31 78 34
f 31 16 11
f 387 388 383
f 172 143 144
f 172 142 143
f 172 142 173
f 169 142 166
f 169 170 142
f 169 170 142
f 171 161 170
f 171 161 144
f 171 161 170
f 171 144 157
f 171 172 144
f 171 170 143
f 171 172 143
f 171 170 142
f 171 172 142
f 171 170 142
f 171 172 142
f 160 161 147
f 160 147 153
f 160 147 138
f 160 156 153
f 164 166 143
f 164 161 166
f 164 142 166
f 164 171 161
f 128 78 126
f 124 78 122
f 124 180 128
f 124 78 119
f 124 128 78
f 210 208 207
f 217 203 206
f 217 216 206
f 217 216 218
f 217 216 206
f 217 223 218
f 217 223 218
f 321 322 240
f 321 322 76
f 321 76 320
f 321 322 76
f 354 321 353
f 354 321 353
f 145 78 143
f 145 164 143
f 145 164 161
f 145 164 142
f 145 160 147
f 271 152 153
f 271 161 158
f 283 78 143
f 379 380 400
f 379 401 400
f 379 401 380
f 59 60 76
f 59 66 65
f 59 67 66
f 57 56 76
f 57 59 76
f 57 56 76
f 57 59 76
f 48 47 77
f 48 49 77
f 36 31 77
f 36 78 77
f 36 37 78
f 36 31 11
f 36 31 37
f 17 31 34
f 17 31 18
f 17 31 16
f 17 16 34
f 17 31 34
f 17 31 16
f 17 347 18
f 17 347 348
f 17 347 348
f 396 401 400
f 396 376 383
f 396 401 370
f 396 381 376
f 396 380 381
f 396 380 400
f 396 380 400
f 239 240 236
f 239 238 236
f 239 76 240
f 239 76 238
f 241 212 213
f 241 210 207
f 241 205 207
f 241 238 237
f 241 205 237
f 33 31 18
f 33 31 34
f 33 17 34
f 30 22 32
f 30 31 22
f 30 31 347
f 30 31 78
f 30 31 78
f 94 654 36
f 94 654 36
f 94 654 37
f 389 388 383
f 389 383 392
f 389 390 392
f 389 390 383
f 389 388 392
f 139 171 170
f 139 171 172
f 139 172 173
f 139 172 138
f 139 138 137
f 139 78 137
f 139 78 138
f 129 78 131
f 129 128 78
f 129 114 107
f 177 129 128
f 132 78 131
f 132 78 134
f 132 134 127
f 187 124 188
f 187 94 76
f 187 239 188
f 187 241 239
f 189 124 188
f 228 187 229
f 228 217 229
f 228 217 223
f 228 217 223
f 231 223 218
f 91 147 138
f 91 147 92
f 91 92 156
f 91 89 156
f 91 160 92
f 91 89 160
f 91 89 76
f 91 246 76
f 91 247 246
f 91 247 246
f 91 89 49
f 91 48 49
f 91 48 89
f 91 48 47
f 91 48 89
f 91 37 38
f 91 36 37
f 211 212 579
f 211 241 212
f 211 241 210
f 215 203 229
f 215 217 229
f 215 217 203
f 215 217 203
f 215 204 203
f 215 217 206
f 215 205 204
f 215 210 207
f 215 208 206
f 215 217 216
f 215 231 210
f 215 205 207
f 215 210 208
f 215 217 233
f 215 212 213
f 215 211 212
f 215 210 208
f 215 211 210
f 215 211 210
f 215 212 213
f 215 211 212
f 71 68 76
f 338 57 56
f 338 77 50
f 338 52 50
f 336 56 58
f 336 335 66
f 336 335 67
f 61 76 62
f 61 60 76
f 61 336 335
f 61 336 335
f 61 59 76
f 61 59 60
f 61 338 59
f 324 321 353
f 324 354 353
f 324 347 320
f 324 321 322
f 324 322 76
f 324 321 320
f 355 354 321
f 355 354 321
f 332 324 336
f 332 336 343
f 332 61 62
f 269 316 268
f 269 271 78
f 269 271 270
f 269 271 78
f 269 147 149
f 269 271 149
f 269 271 147
f 269 271 149
f 269 271 151
f 269 271 172
f 269 271 171
f 269 271 152
f 269 205 271
f 269 271 171
f 269 271 152
f 269 271 164
f 269 271 161
f 269 271 169
f 269 271 153
f 269 271 164
f 269 271 158
f 269 271 169
f 269 271 155
f 269 271 158
f 269 271 155
f 269 155 156
f 267 268 76
f 267 269 78
f 267 269 268
f 267 316 268
f 146 161 144
f 146 145 161
f 146 161 147
f 146 160 161
f 146 145 160
f 146 145 160
f 146 271 78
f 146 145 147
f 140 78 142
f 140 145 142
f 140 145 78
f 140 139 78
f 140 78 142
f 140 139 78
f 140 145 164
f 140 142 166
f 140 164 142
f 140 165 138
f 140 165 164
f 140 165 164
f 140 169 138
f 140 169 166
f 140 169 170
f 140 139 170
f 140 169 170
f 140 171 170
f 140 139 171
f 140 171 172
f 140 139 172
f 140 139 171
f 162 145 160
f 162 145 164
f 351 324 321
f 287 293 78
f 278 275 78
f 278 146 144
f 278 275 313
f 63 59 76
f 63 59 76
f 63 336 335
f 63 76 62
f 63 332 62
f 63 332 76
f 53 76 52
f 53 54 76
f 53 89 76
f 53 338 52
f 724 63 59
f 51 91 49
f 51 91 49
f 51 91 76
f 51 91 76
f 51 91 89
f 51 91 89
f 51 52 50
f 14 36 37
f 19 14 37
f 19 33 34
f 19 33 18
f 19 33 17
f 19 17 16
f 19 33 17
f 19 34 32
f 19 16 34
f 19 36 32
f 398 396 383
f 398 384 383
f 395 386 387
f 395 386 396
f 395 396 376
f 200 568 202
f 200 233 202
f 200 238 237
f 200 241 238
f 29 32 24
f 29 30 32
f 29 22 18
f 29 30 22
f 29 30 22
f 29 343 30
f 29 30 347
f 29 30 78
f 342 343 347
f 342 343 347
f 342 37 38
f 342 37 38
f 342 36 37
f 342 31 37
f 342 36 31
f 342 343 31
f 342 36 31
f 342 31 18
f 342 343 18
f 342 700 343
f 342 30 31
f 342 343 30
f 342 343 30
f 342 336 343
f 344 31 347
f 344 343 347
f 344 343 31
f 344 30 31
f 344 343 30
f 344 29 30
f 344 29 343
f 344 347 25
f 344 25 18
f 344 343 18
f 344 347 25
f 344 347 18
f 344 343 18
f 344 700 343
f 344 343 347
f 344 332 347
f 344 332 343
f 652 97 31
f 652 30 31
f 652 30 654
f 652 29 30
f 652 654 25
f 653 654 34
f 653 94 34
f 653 94 654
f 653 33 654
f 653 94 33
f 653 33 654
f 653 652 654
f 653 652 33
f 653 94 649
f 653 654 76
f 653 94 76
f 653 94 654
f 93 147 138
f 93 147 92
f 93 94 147
f 93 92 156
f 93 160 156
f 93 94 160
f 93 160 92
f 93 247 246
f 93 51 76
f 93 48 47
f 93 48 49
f 93 51 49
f 93 51 48
f 93 51 76
f 93 51 48
f 93 94 654
f 93 37 38
f 93 94 37
f 93 36 37
f 93 94 36
f 93 36 92
f 93 94 92
f 93 94 36
f 385 386 396
f 243 215 217
f 243 215 241
f 243 217 218
f 243 250 217
f 243 246 212
f 243 241 212
f 243 211 246
f 243 211 241
f 243 211 210
f 243 211 241
f 243 210 246
f 243 241 210
f 243 187 241
f 243 205 246
f 243 241 205
f 243 189 246
f 243 189 241
f 243 205 246
f 243 241 205
f 243 189 192
f 243 200 246
f 243 200 241
f 249 91 250
f 249 250 169
f 249 247 76
f 249 250 89
f 249 91 89
f 249 91 250
f 249 247 321
f 249 247 321
f 245 247 76
f 245 247 246
f 245 246 76
f 245 93 76
f 245 93 246
f 245 321 322
f 245 247 321
f 245 247 321
f 195 228 229
f 195 219 201
f 195 221 219
f 195 221 219
f 195 228 227
f 167 165 138
f 167 258 165
f 167 249 250
f 167 93 165
f 167 91 250
f 167 91 165
f 167 93 165
f 81 114 107
f 81 48 47
f 81 83 48
f 81 48 49
f 81 83 48
f 81 49 77
f 81 83 49
f 81 53 54
f 81 53 83
f 81 52 77
f 81 83 52
f 81 53 52
f 81 53 83
f 179 132 180
f 179 129 180
f 179 180 128
f 179 93 94
f 179 93 180
f 125 128 78
f 125 124 128
f 125 78 126
f 125 124 78
f 184 179 258
f 191 568 189
f 191 195 231
f 191 192 238
f 191 195 228
f 191 241 192
f 191 195 228
f 191 243 241
f 191 243 189
f 190 189 188
f 190 191 238
f 190 187 238
f 190 187 188
f 190 239 188
f 190 187 237
f 190 191 241
f 190 241 239
f 190 241 239
f 190 189 241
f 190 243 189
f 190 191 243
f 190 191 243
f 190 228 187
f 190 191 228
f 190 191 228
f 190 187 94
f 190 228 227
f 190 228 187
f 190 195 224
f 190 191 195
f 230 203 229
f 230 231 203
f 230 195 229
f 230 215 203
f 230 191 195
f 230 191 195
f 230 215 217
f 230 215 231
f 230 231 204
f 230 215 204
f 230 190 191
f 230 190 191
f 230 217 218
f 230 231 217
f 230 231 205
f 230 215 205
f 230 190 187
f 230 190 231
f 230 223 218
f 230 231 223
f 230 231 205
f 230 215 205
f 230 215 231
f 230 187 229
f 230 231 187
f 95 94 92
f 95 78 34
f 95 94 34
f 95 31 78
f 95 94 33
f 95 33 31
f 95 653 94
f 95 653 652
f 86 146 145
f 86 258 156
f 86 53 54
f 337 338 77
f 337 336 77
f 337 53 52
f 337 53 338
f 337 336 54
f 337 53 54
f 337 53 338
f 337 52 77
f 337 338 77
f 337 338 52
f 337 338 56
f 337 336 56
f 337 338 59
f 337 59 60
f 337 336 60
f 337 338 59
f 337 61 338
f 337 61 336
f 337 61 338
f 337 61 336
f 337 63 338
f 337 63 336
f 337 338 66
f 337 336 66
f 337 338 67
f 337 336 67
f 337 335 67
f 337 336 335
f 319 324 320
f 319 324 347
f 319 347 320
f 319 76 320
f 319 354 353
f 319 355 354
f 319 265 76
f 319 267 265
f 701 354 702
f 701 355 354
f 377 374 365
f 294 374 375
f 294 375 293
f 294 293 370
f 294 379 293
f 294 379 293
f 294 293 380
f 294 293 381
f 294 293 383
f 294 385 384
f 294 385 293
f 294 385 386
f 294 386 387
f 294 387 293
f 294 389 293
f 294 389 390
f 294 390 293
f 294 293 392
f 294 293 392
f 294 401 293
f 318 319 355
f 318 319 354
f 318 313 347
f 318 319 347
f 318 319 324
f 318 271 270
f 318 316 271
f 318 332 324
f 318 269 270
f 318 269 316
f 318 324 347
f 318 319 324
f 318 332 324
f 318 324 336
f 318 269 268
f 318 269 316
f 318 268 76
f 318 319 76
f 318 267 268
f 318 319 267
f 318 319 267
f 328 228 227
f 328 230 231
f 328 228 229
f 328 230 229
f 312 354 313
f 312 355 354
f 312 313 347
f 312 311 347
f 312 318 313
f 312 311 347
f 312 318 347
f 312 318 311
f 312 318 313
f 312 318 311
f 312 364 365
f 312 311 364
f 312 278 313
f 312 278 311
f 312 365 428
f 312 268 313
f 312 311 268
f 312 268 265
f 308 294 293
f 308 336 77
f 308 300 77
f 308 332 336
f 308 318 332
f 308 365 306
f 70 328 71
f 70 724 689
f 70 59 67
f 266 265 76
f 266 267 76
f 266 267 265
f 266 267 78
f 266 78 147
f 266 269 78
f 266 267 269
f 266 147 150
f 266 269 147
f 266 147 149
f 266 151 150
f 266 269 149
f 266 269 151
f 266 152 151
f 266 269 152
f 266 269 152
f 266 152 153
f 266 269 153
f 266 269 155
f 266 155 153
f 266 155 153
f 266 269 155
f 266 155 156
f 266 212 213
f 266 211 212
f 266 269 156
f 266 156 264
f 266 211 210
f 266 269 158
f 266 158 264
f 266 210 207
f 266 269 158
f 266 158 264
f 266 205 207
f 266 269 205
f 266 269 161
f 266 205 202
f 266 160 264
f 266 160 161
f 266 160 161
f 266 162 161
f 266 200 202
f 266 269 164
f 266 162 164
f 266 162 164
f 266 269 164
f 266 164 166
f 266 269 169
f 266 169 166
f 266 269 169
f 266 169 170
f 266 184 179
f 266 269 171
f 266 171 170
f 266 269 171
f 266 171 172
f 266 269 177
f 266 269 172
f 266 172 173
f 163 140 145
f 163 162 145
f 163 140 164
f 163 140 145
f 163 165 164
f 163 145 160
f 163 162 145
f 163 162 164
f 163 91 89
f 163 253 91
f 163 91 160
f 163 91 165
f 163 93 160
f 163 93 165
f 163 93 94
f 163 93 165
f 350 351 324
f 350 319 351
f 350 318 319
f 350 318 351
f 350 312 351
f 350 312 351
f 350 701 351
f 350 701 351
f 350 17 16
f 350 351 16
f 350 351 17
f 350 351 17
f 350 351 24
f 350 351 18
f 285 78 142
f 285 308 293
f 288 287 78
f 288 287 293
f 288 287 383
f 288 287 386
f 288 287 386
f 288 287 387
f 288 287 389
f 288 287 389
f 288 287 390
f 288 287 392
f 288 287 392
f 288 395 287
f 288 287 401
f 288 469 287
f 288 294 287
f 279 283 78
f 279 278 78
f 279 283 144
f 279 278 144
f 279 283 78
f 279 278 78
f 279 283 149
f 279 278 149
f 279 278 311
f 279 283 149
f 279 278 149
f 279 308 277
f 279 308 278
f 64 65 76
f 64 63 76
f 64 59 65
f 64 63 59
f 64 332 65
f 64 63 332
f 64 336 335
f 64 63 336
f 64 337 338
f 64 337 63
f 64 337 336
f 64 337 63
f 339 338 59
f 339 338 57
f 339 338 57
f 339 53 54
f 339 53 338
f 339 53 338
f 339 337 338
f 339 337 336
f 339 342 336
f 339 337 338
f 339 337 336
f 339 336 343
f 339 344 343
f 717 63 338
f 356 312 313
f 356 312 355
f 356 701 355
f 356 701 423
f 356 318 319
f 356 318 319
f 356 319 320
f 356 319 355
f 356 321 320
f 356 355 321
f 356 321 322
f 356 355 321
f 15 14 36
f 15 19 16
f 15 19 36
f 15 14 36
f 15 19 36
f 15 19 14
f 15 16 11
f 15 36 11
f 20 19 18
f 20 31 18
f 399 398 396
f 399 396 381
f 399 396 400
f 399 384 381
f 399 398 384
f 399 384 400
f 399 288 287
f 399 288 398
f 399 294 293
f 399 294 398
f 517 200 513
f 517 200 202
f 517 513 205
f 517 205 202
f 397 398 384
f 397 398 396
f 397 385 384
f 397 385 396
f 397 385 386
f 397 395 386
f 397 399 384
f 397 399 398
f 397 395 386
f 397 294 398
f 397 300 389
f 397 288 287
f 397 288 398
f 397 389 388
f 397 285 398
f 397 389 392
f 397 389 390
f 397 390 392
f 394 387 383
f 394 395 387
f 394 387 388
f 394 397 388
f 394 397 387
f 394 397 395
f 394 294 293
f 394 397 395
f 394 397 294
f 394 288 287
f 394 288 395
f 371 412 365
f 371 365 306
f 366 356 312
f 366 356 312
f 366 312 355
f 366 312 354
f 366 312 311
f 366 308 347
f 407 408 370
f 407 406 370
f 407 701 408
f 407 701 406
f 407 377 374
f 407 378 377
f 407 378 377
f 407 406 374
f 407 377 374
f 407 377 406
f 407 378 408
f 407 406 379
f 407 378 379
f 407 378 406
f 407 294 408
f 407 294 406
f 214 216 213
f 214 215 213
f 214 215 216
f 214 266 213
f 214 266 215
f 214 243 246
f 214 243 215
f 214 243 241
f 214 243 215
f 214 241 213
f 214 215 213
f 214 215 241
f 565 184 179
f 565 568 177
f 565 568 172
f 565 568 171
f 565 164 171
f 565 164 171
f 565 568 171
f 565 568 161
f 565 157 154
f 565 568 157
f 565 149 154
f 565 568 144
f 565 568 143
f 565 568 142
f 565 568 142
f 135 175 134
f 135 138 173
f 135 78 138
f 135 78 134
f 135 172 138
f 135 171 172
f 135 171 170
f 135 169 170
f 545 205 204
f 28 18 24
f 28 29 24
f 28 29 18
f 28 29 343
f 28 25 32
f 28 29 32
f 28 344 29
f 28 344 29
f 28 652 29
f 28 29 347
f 28 29 78
f 28 29 107
f 341 342 347
f 341 342 38
f 341 5 342
f 341 342 336
f 341 339 336
f 341 339 342
f 341 339 342
f 651 652 29
f 651 28 652
f 651 95 653
f 651 95 653
f 651 652 25
f 651 652 25
f 651 652 24
f 45 93 92
f 45 91 92
f 45 44 77
f 45 341 44
f 45 81 44
f 360 312 361
f 360 366 312
f 360 319 361
f 360 361 321
f 360 366 361
f 360 361 321
f 425 701 355
f 260 169 170
f 260 258 169
f 260 171 170
f 260 258 171
f 260 171 172
f 260 258 171
f 260 167 258
f 260 172 173
f 260 258 172
f 260 258 165
f 260 175 258
f 260 164 166
f 260 165 164
f 260 163 164
f 260 163 165
f 260 163 258
f 260 163 162
f 260 184 179
f 260 184 179
f 260 163 162
f 260 163 258
f 260 160 161
f 260 162 161
f 260 162 160
f 260 160 156
f 260 258 160
f 260 156 158
f 260 258 156
f 260 200 202
f 260 258 200
f 260 205 202
f 260 258 205
f 260 205 207
f 260 258 205
f 260 210 207
f 260 258 210
f 260 211 210
f 260 258 211
f 260 211 212
f 260 258 211
f 260 212 213
f 260 258 212
f 260 214 213
f 260 214 258
f 260 214 215
f 260 214 258
f 260 258 215
f 244 245 76
f 244 243 93
f 244 245 93
f 244 179 180
f 244 179 245
f 244 179 243
f 193 195 114
f 193 241 192
f 193 192 238
f 193 243 241
f 193 243 192
f 193 189 250
f 222 195 221
f 222 195 224
f 222 195 224
f 222 223 221
f 222 195 221
f 222 195 223
f 232 195 192
f 232 195 231
f 232 191 192
f 232 191 231
f 232 190 191
f 232 190 191
f 232 200 233
f 232 190 187
f 232 190 231
f 232 233 202
f 232 231 187
f 232 203 202
f 232 231 203
f 232 205 233
f 232 76 233
f 232 187 76
f 232 187 76
f 232 328 233
f 232 328 231
f 232 204 203
f 232 231 204
f 232 205 204
f 232 231 205
f 232 205 207
f 232 231 205
f 232 210 207
f 232 231 210
f 232 215 210
f 232 215 231
f 232 215 217
f 232 215 231
f 232 217 233
f 232 217 218
f 232 231 218
f 232 231 217
f 225 195 224
f 225 195 227
f 225 195 223
f 225 228 227
f 225 228 223
f 168 135 169
f 168 135 167
f 168 167 93
f 168 169 138
f 168 167 138
f 168 167 93
f 168 260 167
f 168 169 166
f 168 260 166
f 168 260 169
f 168 260 258
f 168 260 167
f 168 249 250
f 168 167 249
f 256 163 258
f 256 258 160
f 256 86 258
f 256 163 258
f 256 167 258
f 256 168 167
f 256 168 258
f 256 258 169
f 256 253 169
f 256 258 171
f 256 253 171
f 256 258 171
f 256 253 171
f 256 258 172
f 256 253 172
f 256 175 258
f 256 179 258
f 256 184 258
f 252 167 91
f 252 253 167
f 252 253 91
f 252 163 91
f 252 163 253
f 252 163 253
f 252 168 167
f 252 168 253
f 252 253 89
f 252 168 250
f 252 168 253
f 252 250 169
f 252 253 169
f 252 250 171
f 252 253 171
f 252 253 171
f 252 253 172
f 252 179 250
f 252 256 179
f 252 256 184
f 252 193 189
f 252 200 250
f 252 250 205
f 252 258 200
f 252 250 205
f 252 258 205
f 252 250 210
f 252 258 205
f 252 211 250
f 252 258 210
f 252 258 211
f 252 211 250
f 252 258 211
f 252 250 212
f 252 258 212
f 252 214 250
f 252 258 215
f 252 260 258
f 252 214 258
f 252 214 215
f 252 215 250
f 252 214 258
f 252 250 217
f 103 129 107
f 103 81 107
f 103 81 129
f 103 29 107
f 103 28 29
f 103 106 28
f 103 30 78
f 103 29 30
f 103 29 30
f 103 28 29
f 80 81 114
f 80 128 78
f 80 129 128
f 80 81 129
f 80 81 114
f 80 103 107
f 80 103 81
f 80 103 78
f 80 103 81
f 80 81 97
f 80 140 145
f 80 81 145
f 80 81 146
f 80 81 146
f 80 147 151
f 80 81 151
f 80 81 147
f 80 265 76
f 80 266 265
f 80 265 76
f 80 81 76
f 80 37 78
f 80 81 37
f 80 81 37
f 82 103 81
f 82 81 37
f 82 95 81
f 82 36 37
f 82 81 37
f 82 83 145
f 82 81 145
f 82 146 83
f 82 81 146
f 82 45 83
f 82 45 81
f 82 45 81
f 82 146 83
f 82 81 146
f 82 83 152
f 82 152 147
f 82 81 147
f 82 81 152
f 82 83 152
f 82 260 83
f 82 81 83
f 178 135 177
f 178 565 568
f 178 565 179
f 178 135 177
f 178 177 129
f 178 179 129
f 178 177 128
f 178 179 128
f 178 266 184
f 178 266 177
f 178 266 179
f 178 260 177
f 178 260 179
f 178 93 177
f 178 179 93
f 178 260 258
f 178 260 179
f 178 256 258
f 178 256 179
f 178 244 243
f 178 244 179
f 178 252 256
f 178 252 256
f 178 244 245
f 178 244 179
f 178 252 177
f 178 252 179
f 178 245 177
f 178 179 245
f 174 252 172
f 174 252 175
f 174 252 171
f 174 252 250
f 174 252 253
f 174 252 175
f 174 256 253
f 174 256 175
f 174 256 175
f 174 250 171
f 174 249 250
f 174 93 247
f 174 175 247
f 174 175 93
f 174 168 247
f 174 168 93
f 174 245 93
f 174 175 245
f 174 168 93
f 174 244 245
f 174 244 175
f 174 244 175
f 174 106 167
f 176 135 177
f 176 135 175
f 176 135 177
f 176 135 173
f 176 135 175
f 176 137 173
f 176 260 175
f 176 260 173
f 176 260 177
f 176 260 258
f 176 260 175
f 176 266 173
f 176 266 177
f 176 266 177
f 176 256 258
f 176 256 175
f 176 256 175
f 176 252 175
f 176 252 256
f 176 252 256
f 176 252 177
f 176 252 175
f 176 93 177
f 176 175 93
f 176 244 175
f 176 243 93
f 176 244 243
f 176 244 243
f 176 244 245
f 176 244 175
f 176 245 177
f 176 175 245
f 182 93 94
f 182 76 238
f 182 239 76
f 182 238 237
f 182 239 76
f 182 241 239
f 182 244 243
f 185 184 124
f 185 187 124
f 185 243 187
f 185 187 241
f 185 182 241
f 185 182 243
f 185 184 243
f 185 187 239
f 185 182 239
f 185 187 238
f 185 182 238
f 185 187 237
f 185 182 237
f 185 187 94
f 185 182 94
f 185 187 76
f 185 182 76
f 111 80 107
f 111 80 114
f 111 80 114
f 115 111 78
f 115 111 114
f 234 190 191
f 234 191 192
f 234 190 187
f 234 185 187
f 234 195 192
f 234 193 195
f 234 185 182
f 234 328 233
f 234 182 76
f 234 76 233
f 234 200 237
f 234 200 233
f 234 205 237
f 234 205 233
f 234 205 207
f 234 205 207
f 234 210 207
f 234 210 207
f 234 215 233
f 234 215 210
f 234 215 210
f 226 190 227
f 226 190 224
f 226 190 195
f 226 328 227
f 226 225 195
f 226 225 195
f 226 191 195
f 226 190 191
f 226 190 191
f 566 565 208
f 566 565 208
f 566 565 207
f 566 565 205
f 566 565 205
f 566 565 204
f 566 565 203
f 435 689 691
f 472 267 268
f 472 238 237
f 472 287 401
f 90 82 86
f 90 95 94
f 90 82 95
f 90 95 92
f 90 95 78
f 90 89 147
f 90 91 147
f 90 89 147
f 90 91 147
f 90 91 89
f 90 36 92
f 90 91 36
f 90 91 36
f 90 89 37
f 90 91 37
f 90 45 89
f 90 45 91
f 90 45 91
f 96 82 81
f 96 82 95
f 96 81 97
f 96 95 81
f 96 94 160
f 96 97 31
f 96 95 31
f 96 163 94
f 96 95 33
f 96 163 165
f 96 33 31
f 96 97 31
f 96 167 165
f 96 652 33
f 96 95 652
f 96 652 97
f 96 190 94
f 96 651 652
f 96 651 95
f 96 174 175
f 96 168 167
f 96 174 168
f 96 174 168
f 96 190 187
f 96 645 643
f 96 176 175
f 96 185 187
f 96 176 177
f 96 185 182
f 96 178 177
f 96 178 179
f 96 179 94
f 55 337 336
f 55 337 336
f 55 336 56
f 55 336 54
f 55 337 338
f 55 337 338
f 55 81 54
f 55 339 338
f 55 339 338
f 55 56 76
f 55 81 76
f 55 81 83
f 55 81 83
f 55 83 54
f 55 56 76
f 55 54 76
f 352 318 319
f 352 318 319
f 352 319 353
f 352 319 351
f 352 318 351
f 352 321 353
f 352 351 321
f 352 312 313
f 352 312 351
f 352 324 321
f 352 351 324
f 352 312 311
f 352 312 351
f 352 366 311
f 352 366 351
f 352 366 5
f 352 351 16
f 352 366 16
f 352 351 17
f 352 366 17
f 352 701 428
f 352 701 700
f 352 701 351
f 352 351 17
f 352 366 17
f 352 366 351
f 352 701 702
f 352 701 351
f 317 360 361
f 317 360 318
f 317 360 319
f 317 360 318
f 317 364 365
f 317 245 247
f 317 245 247
f 317 249 247
f 317 249 247
f 317 267 316
f 317 318 267
f 317 245 316
f 317 267 316
f 317 318 316
f 317 318 267
f 317 245 321
f 317 245 321
f 317 321 240
f 439 692 691
f 276 312 275
f 276 312 278
f 276 278 275
f 276 312 275
f 276 312 278
f 276 273 308
f 276 273 469
f 276 273 277
f 310 273 275
f 310 273 308
f 310 276 275
f 310 276 308
f 310 276 308
f 310 308 278
f 310 276 278
f 310 276 278
f 310 279 278
f 310 279 308
f 310 279 308
f 310 366 308
f 310 308 283
f 310 279 283
f 310 279 311
f 310 311 364
f 310 366 364
f 310 366 311
f 310 318 311
f 310 308 318
f 310 350 351
f 310 366 351
f 310 366 350
f 310 311 347
f 310 308 347
f 310 318 336
f 310 318 311
f 310 308 336
f 310 318 332
f 310 308 332
f 310 308 318
f 310 311 347
f 310 308 347
f 69 337 335
f 69 70 337
f 69 70 328
f 69 71 68
f 69 70 71
f 69 71 68
f 69 70 68
f 69 70 71
f 73 70 337
f 74 67 68
f 74 70 68
f 74 70 67
f 74 59 67
f 74 70 59
f 74 73 70
f 74 689 688
f 74 70 689
f 74 689 690
f 74 70 689
f 74 690 694
f 74 700 694
f 74 73 76
f 349 324 320
f 349 350 324
f 349 319 320
f 349 350 319
f 349 318 319
f 349 350 318
f 349 318 313
f 349 350 318
f 349 312 313
f 349 350 312
f 349 312 311
f 349 350 312
f 349 310 311
f 349 310 350
f 349 310 308
f 349 435 700
f 349 366 308
f 349 310 366
f 349 310 366
f 349 350 701
f 349 700 702
f 349 701 700
f 349 350 701
f 349 25 348
f 349 350 25
f 349 25 348
f 349 350 25
f 349 348 24
f 349 350 24
f 349 17 348
f 349 350 17
f 349 348 18
f 349 350 18
f 349 17 348
f 349 350 17
f 284 283 143
f 284 285 143
f 284 283 78
f 284 285 78
f 284 283 78
f 284 285 78
f 284 308 283
f 284 285 308
f 284 285 387
f 284 285 389
f 284 389 283
f 284 285 389
f 284 283 390
f 284 285 390
f 284 399 285
f 284 283 392
f 284 285 392
f 284 398 396
f 284 285 398
f 284 283 392
f 284 285 392
f 284 395 396
f 284 285 395
f 284 394 283
f 284 394 285
f 284 394 395
f 284 394 285
f 286 285 143
f 286 287 142
f 286 285 142
f 286 287 78
f 286 285 78
f 286 287 78
f 286 285 78
f 286 287 293
f 286 285 293
f 286 287 386
f 286 285 386
f 286 287 386
f 286 285 386
f 286 287 387
f 286 285 387
f 286 287 389
f 286 285 389
f 286 287 389
f 286 285 389
f 286 472 287
f 286 287 390
f 286 285 390
f 286 399 287
f 286 399 285
f 286 287 392
f 286 285 392
f 286 399 398
f 286 399 285
f 286 287 392
f 286 285 392
f 286 397 398
f 286 397 285
f 286 394 287
f 286 394 285
f 286 397 287
f 286 397 285
f 286 394 395
f 286 394 285
f 286 395 287
f 286 285 395
f 289 379 293
f 289 379 293
f 289 288 380
f 289 288 381
f 289 288 383
f 289 385 386
f 289 288 386
f 289 288 386
f 289 288 387
f 289 288 389
f 289 288 389
f 289 288 390
f 289 288 392
f 289 288 392
f 289 394 288
f 289 394 288
f 289 288 395
f 289 397 288
f 289 397 288
f 289 399 288
f 289 399 288
f 289 288 401
f 289 288 294
f 680 64 59
f 715 376 383
f 715 366 356
f 715 717 344
f 715 717 342
f 719 70 689
f 719 70 724
f 719 715 354
f 719 715 355
f 719 715 366
f 719 715 352
f 719 715 352
f 719 61 59
f 728 48 49
f 728 48 47
f 728 45 341
f 728 366 354
f 10 342 38
f 10 5 342
f 10 342 343
f 10 5 342
f 10 344 343
f 10 5 344
f 10 347 348
f 10 5 347
f 10 349 348
f 10 349 5
f 10 349 350
f 10 349 5
f 10 350 351
f 10 5 350
f 10 352 351
f 10 352 5
f 10 352 366
f 10 352 366
f 665 15 19
f 665 19 37
f 665 19 36
f 665 19 36
f 665 36 32
f 665 34 32
f 665 57 59
f 665 621 611
f 637 665 645
f 21 31 22
f 21 20 31
f 21 20 31
f 21 30 22
f 21 30 31
f 21 30 31
f 43 93 92
f 43 42 93
f 43 665 42
f 43 91 92
f 43 42 91
f 43 90 91
f 43 90 42
f 43 90 89
f 43 90 42
f 43 341 42
f 43 341 44
f 43 341 42
f 43 82 83
f 43 82 42
f 43 44 77
f 43 42 77
f 43 82 81
f 43 82 42
f 43 80 42
f 43 80 42
f 43 81 44
f 43 80 81
f 40 10 12
f 516 517 624
f 409 408 370
f 409 410 370
f 409 371 408
f 409 410 371
f 409 377 374
f 409 410 377
f 409 701 408
f 409 410 701
f 409 378 377
f 409 378 377
f 409 410 377
f 409 294 408
f 411 371 370
f 411 410 370
f 411 410 371
f 411 371 412
f 411 371 412
f 411 410 377
f 411 701 412
f 411 410 701
f 695 411 410
f 695 409 410
f 695 411 701
f 695 409 701
f 367 409 366
f 367 411 366
f 367 411 366
f 367 366 308
f 367 366 414
f 367 366 308
f 367 366 294
f 416 701 702
f 416 364 365
f 416 366 364
f 416 695 691
f 362 366 361
f 362 366 312
f 362 366 312
f 362 312 361
f 362 317 361
f 362 317 435
f 362 361 321
f 362 319 361
f 362 317 319
f 362 317 319
f 705 407 406
f 705 706 370
f 705 406 370
f 705 406 706
f 705 367 409
f 705 367 366
f 705 367 409
f 705 335 706
f 705 74 706
f 705 74 700
f 705 339 338
f 705 337 335
f 705 337 338
f 705 337 338
f 705 341 339
f 705 356 706
f 705 341 342
f 705 356 355
f 705 342 343
f 705 355 354
f 705 344 343
f 705 354 353
f 705 352 353
f 705 347 706
f 705 352 351
f 705 349 706
f 705 350 351
f 705 349 350
f 373 407 374
f 373 409 374
f 373 409 410
f 373 407 406
f 373 404 374
f 373 410 377
f 373 411 410
f 373 374 293
f 373 294 293
f 373 294 374
f 373 374 365
f 373 377 374
f 373 411 377
f 403 404 706
f 403 374 375
f 403 404 374
f 403 404 374
f 403 404 375
f 403 705 404
f 403 378 377
f 403 404 377
f 403 404 378
f 403 404 378
f 403 404 379
f 403 404 294
f 405 406 706
f 405 404 706
f 405 373 406
f 405 373 404
f 405 705 406
f 405 705 404
f 405 373 406
f 405 373 404
f 405 406 374
f 405 404 374
f 405 701 406
f 405 404 701
f 405 377 406
f 405 377 375
f 405 404 375
f 405 404 377
f 405 378 377
f 405 404 378
f 405 378 406
f 405 404 378
f 405 406 379
f 405 404 379
f 405 294 406
f 405 404 294
f 577 574 216
f 577 214 216
f 577 214 574
f 577 214 574
f 577 574 221
f 577 222 574
f 577 190 191
f 577 118 119
f 186 565 184
f 186 185 124
f 186 185 187
f 186 185 184
f 186 243 246
f 186 243 187
f 186 252 184
f 186 185 184
f 186 185 243
f 186 185 243
f 186 565 568
f 186 125 124
f 186 252 189
f 186 252 256
f 186 252 256
f 186 256 258
f 186 256 184
f 186 260 258
f 186 260 184
f 186 260 189
f 186 260 184
f 186 266 189
f 186 266 184
f 130 179 180
f 130 179 129
f 130 178 179
f 130 178 179
f 130 178 177
f 130 178 177
f 130 177 129
f 130 176 177
f 130 176 175
f 130 174 175
f 130 174 169
f 130 174 168
f 130 174 168
f 130 174 167
f 130 129 114
f 130 167 109
f 130 106 167
f 130 103 129
f 130 103 106
f 130 103 104
f 130 82 103
f 130 80 81
f 130 103 81
f 130 82 103
f 130 129 78
f 130 80 129
f 133 178 179
f 133 178 177
f 133 179 132
f 133 178 179
f 133 176 177
f 133 178 177
f 133 176 175
f 133 130 177
f 133 130 176
f 133 175 134
f 133 174 175
f 133 130 176
f 133 174 172
f 133 130 174
f 133 135 134
f 133 135 172
f 133 174 171
f 133 135 171
f 133 174 171
f 133 130 174
f 133 135 171
f 133 130 169
f 133 135 169
f 133 130 168
f 133 168 135
f 133 130 168
f 133 168 135
f 133 130 167
f 133 130 163
f 133 167 165
f 133 135 167
f 133 163 165
f 133 163 160
f 133 160 138
f 133 96 160
f 133 147 138
f 133 96 86
f 133 94 147
f 133 96 94
f 133 96 95
f 133 93 147
f 133 93 94
f 133 90 95
f 133 93 138
f 133 93 94
f 133 90 94
f 133 130 82
f 133 91 138
f 133 90 91
f 133 90 91
f 133 130 80
f 133 82 83
f 133 132 78
f 133 130 78
f 133 130 80
f 133 82 81
f 133 132 78
f 133 135 78
f 133 80 81
f 133 135 78
f 133 80 78
f 572 214 574
f 572 574 216
f 572 214 574
f 572 568 221
f 572 574 221
f 572 574 212
f 572 574 211
f 572 574 211
f 572 574 208
f 572 574 208
f 572 205 204
f 572 574 204
f 560 559 208
f 560 559 210
f 560 205 207
f 560 149 150
f 560 565 137
f 560 565 137
f 560 565 127
f 546 548 208
f 546 545 208
f 27 25 18
f 27 28 18
f 27 28 25
f 27 25 18
f 27 343 18
f 27 28 343
f 27 25 32
f 27 28 25
f 27 344 343
f 27 28 344
f 27 344 347
f 27 28 344
f 27 652 654
f 27 28 652
f 27 347 348
f 27 28 347
f 27 651 652
f 27 651 28
f 27 349 348
f 27 349 28
f 27 106 28
f 27 103 106
f 108 109 107
f 108 28 107
f 108 28 109
f 108 27 28
f 108 27 28
f 108 27 109
f 108 130 106
f 108 130 106
f 108 109 114
f 108 130 114
f 108 130 109
f 108 195 109
f 108 106 195
f 108 191 109
f 108 106 191
f 108 190 191
f 108 106 190
f 108 190 109
f 108 106 190
f 108 185 109
f 108 185 106
f 108 185 182
f 108 185 182
f 108 179 109
f 108 106 179
f 108 178 179
f 108 178 106
f 108 178 109
f 108 178 106
f 108 176 109
f 108 176 106
f 108 176 175
f 108 176 106
f 108 174 175
f 108 174 106
f 108 174 106
f 198 104 201
f 198 195 201
f 198 195 104
f 198 108 106
f 198 230 231
f 198 230 195
f 198 230 195
f 198 232 195
f 650 96 97
f 650 96 651
f 650 103 28
f 650 96 94
f 650 651 28
f 650 27 651
f 650 653 94
f 650 651 653
f 650 651 95
f 650 96 95
f 650 96 651
f 650 27 651
f 650 651 25
f 46 93 47
f 46 45 93
f 46 91 47
f 46 45 91
f 46 12 51
f 46 91 89
f 46 45 91
f 46 81 83
f 46 45 81
f 46 728 47
f 46 728 45
f 46 81 47
f 46 45 81
f 46 47 77
f 46 45 77
f 426 425 364
f 426 312 311
f 426 425 311
f 426 362 425
f 426 425 360
f 426 425 356
f 426 425 356
f 426 425 355
f 426 425 701
f 426 472 425
f 426 631 425
f 426 695 692
f 426 695 425
f 424 423 364
f 424 425 364
f 424 362 423
f 424 362 425
f 424 360 423
f 424 425 360
f 424 356 423
f 424 425 356
f 424 425 356
f 424 356 701
f 424 356 701
f 424 425 701
f 424 472 469
f 424 472 425
f 424 698 701
f 424 695 423
f 424 695 425
f 418 364 365
f 418 362 361
f 418 360 361
f 418 701 702
f 418 695 691
f 421 420 364
f 421 472 420
f 421 362 420
f 421 420 360
f 421 420 701
f 421 695 420
f 263 160 264
f 263 260 160
f 263 260 160
f 263 158 264
f 263 156 158
f 263 156 153
f 263 152 153
f 263 152 151
f 263 81 151
f 263 81 152
f 263 80 76
f 263 80 81
f 263 80 81
f 263 265 76
f 263 265 76
f 263 319 265
f 263 318 319
f 263 317 318
f 259 260 83
f 259 321 322
f 248 168 167
f 248 168 167
f 248 167 249
f 248 168 247
f 248 168 249
f 248 91 247
f 248 249 91
f 248 93 247
f 248 167 93
f 248 167 93
f 248 174 247
f 248 91 247
f 248 249 247
f 248 249 91
f 248 249 169
f 248 174 169
f 248 174 249
f 248 174 175
f 248 174 249
f 248 174 175
f 248 175 247
f 248 176 175
f 248 176 175
f 248 176 177
f 248 176 177
f 248 178 177
f 248 178 177
f 248 178 179
f 248 178 179
f 248 179 180
f 248 179 250
f 248 243 250
f 248 215 250
f 248 243 215
f 248 243 215
f 248 186 184
f 248 186 184
f 248 214 215
f 248 214 215
f 248 186 189
f 248 214 246
f 248 214 250
f 248 189 192
f 248 189 250
f 248 189 246
f 248 186 246
f 248 186 189
f 248 246 212
f 248 250 212
f 248 193 192
f 248 193 250
f 248 211 246
f 248 211 250
f 248 211 210
f 248 211 250
f 248 210 246
f 248 250 210
f 248 205 246
f 248 250 205
f 248 200 246
f 248 200 250
f 248 205 246
f 248 250 205
f 254 163 89
f 254 163 253
f 254 163 253
f 254 256 163
f 254 253 167
f 254 256 167
f 254 253 76
f 254 168 253
f 254 256 168
f 254 168 253
f 254 256 253
f 254 256 168
f 257 256 86
f 257 259 76
f 257 259 258
f 257 259 322
f 257 259 321
f 257 259 321
f 257 317 319
f 257 259 319
f 257 259 317
f 257 259 317
f 251 167 91
f 251 252 167
f 251 252 167
f 251 91 250
f 251 252 91
f 251 250 89
f 251 252 89
f 251 249 76
f 251 249 250
f 251 253 76
f 251 252 253
f 251 254 253
f 251 249 321
f 251 249 321
f 251 317 249
f 79 140 78
f 79 80 78
f 79 80 140
f 79 140 145
f 79 80 140
f 79 146 145
f 79 80 146
f 79 146 78
f 79 80 146
f 79 78 147
f 79 80 147
f 79 266 78
f 79 266 265
f 79 80 265
f 79 80 266
f 79 266 78
f 79 80 266
f 79 40 80
f 79 80 78
f 100 133 130
f 100 133 163
f 100 195 104
f 100 163 104
f 100 191 195
f 100 167 104
f 100 190 191
f 100 174 167
f 100 190 104
f 100 174 175
f 100 645 644
f 100 185 104
f 100 176 175
f 100 185 182
f 100 176 104
f 100 178 104
f 100 179 104
f 100 178 179
f 113 174 175
f 113 174 175
f 113 176 175
f 113 176 175
f 113 167 109
f 113 174 167
f 113 174 167
f 113 176 177
f 113 176 109
f 113 178 177
f 113 178 109
f 113 178 179
f 113 178 179
f 113 179 114
f 113 179 109
f 113 185 182
f 113 185 187
f 113 190 187
f 113 190 191
f 113 191 114
f 113 193 114
f 113 193 195
f 113 193 195
f 113 583 115
f 113 115 111
f 116 185 182
f 116 185 182
f 116 179 180
f 116 179 114
f 116 185 187
f 116 185 187
f 116 178 179
f 116 178 179
f 116 80 128
f 116 80 114
f 116 80 78
f 116 80 114
f 116 115 114
f 116 187 188
f 116 178 177
f 116 178 177
f 116 129 128
f 116 129 114
f 116 78 119
f 116 115 78
f 116 190 188
f 116 190 187
f 116 190 187
f 116 176 177
f 116 176 177
f 116 130 129
f 116 130 129
f 116 190 191
f 116 190 191
f 116 176 175
f 116 176 175
f 116 130 174
f 116 130 174
f 116 191 114
f 116 174 175
f 116 174 175
f 116 115 114
f 116 193 192
f 116 193 114
f 116 193 114
f 235 193 195
f 235 234 195
f 235 234 193
f 235 193 192
f 235 234 193
f 235 191 192
f 235 234 191
f 235 190 191
f 235 234 190
f 235 190 237
f 235 190 187
f 235 234 190
f 235 185 187
f 235 234 185
f 235 185 182
f 235 234 185
f 235 182 76
f 235 234 182
f 235 76 236
f 235 234 76
f 235 328 236
f 235 234 328
f 455 226 224
f 455 317 240
f 455 317 316
f 623 680 621
f 562 214 215
f 562 560 205
f 562 560 204
f 562 560 200
f 567 583 566
f 567 572 583
f 567 200 568
f 567 565 200
f 567 566 565
f 567 193 568
f 567 193 565
f 567 568 203
f 567 566 203
f 567 568 221
f 567 568 189
f 567 565 189
f 567 565 568
f 567 568 204
f 567 566 204
f 567 568 216
f 567 566 216
f 567 568 205
f 567 566 205
f 567 214 568
f 567 566 214
f 567 568 205
f 567 566 205
f 567 214 568
f 567 566 214
f 567 568 207
f 567 566 207
f 567 568 212
f 567 566 212
f 567 568 208
f 567 566 208
f 567 568 211
f 567 566 211
f 567 568 208
f 567 566 208
f 567 568 211
f 567 211 210
f 567 566 210
f 567 566 211
f 432 350 351
f 432 689 691
f 485 260 215
f 485 260 215
f 242 472 241
f 242 244 76
f 242 244 243
f 242 472 244
f 242 76 240
f 242 243 93
f 242 244 245
f 242 180 76
f 242 241 180
f 242 179 93
f 242 179 180
f 242 178 179
f 242 178 179
f 242 243 93
f 242 178 93
f 242 178 243
f 242 245 322
f 242 179 243
f 242 182 243
f 581 113 583
f 274 312 275
f 274 273 312
f 274 312 275
f 274 273 275
f 274 273 312
f 274 275 78
f 274 271 78
f 274 146 145
f 274 146 271
f 274 145 78
f 274 273 472
f 274 278 78
f 274 278 275
f 274 146 145
f 274 146 271
f 274 278 146
f 274 271 147
f 274 146 147
f 274 278 146
f 274 271 149
f 274 278 149
f 274 271 149
f 274 278 149
f 274 271 151
f 274 278 151
f 274 271 152
f 274 278 151
f 274 152 151
f 274 271 152
f 274 271 164
f 274 278 157
f 274 271 161
f 274 155 157
f 274 271 155
f 274 271 155
f 274 271 158
f 272 318 271
f 272 274 271
f 272 274 318
f 272 312 313
f 272 273 312
f 272 472 271
f 272 312 311
f 272 273 311
f 272 273 312
f 648 96 97
f 648 96 94
f 648 94 649
f 648 96 94
f 648 96 645
f 648 653 649
f 648 645 621
f 434 317 364
f 434 317 435
f 434 317 435
f 434 362 435
f 434 435 360
f 434 435 312
f 434 435 312
f 434 435 356
f 434 435 356
f 434 435 355
f 434 435 354
f 434 352 435
f 434 352 435
f 434 435 350
f 434 349 435
f 434 349 435
f 434 695 435
f 434 435 693
f 434 435 692
f 434 435 692
f 434 435 689
f 434 435 689
f 434 435 687
f 434 631 435
f 323 324 354
f 323 355 354
f 323 326 356
f 323 356 355
f 323 356 322
f 323 326 356
f 323 242 245
f 323 322 76
f 323 324 322
f 323 245 247
f 323 245 247
f 323 242 322
f 323 242 245
f 323 74 76
f 323 74 324
f 323 74 324
f 323 249 247
f 323 249 247
f 323 322 240
f 323 326 240
f 323 326 240
f 323 242 240
f 323 251 249
f 323 251 249
f 327 328 355
f 327 326 355
f 327 328 354
f 327 326 354
f 327 356 328
f 327 326 356
f 327 352 328
f 327 326 352
f 327 352 328
f 327 326 352
f 327 326 356
f 327 350 328
f 327 326 350
f 327 323 326
f 327 349 350
f 327 349 326
f 327 232 328
f 327 328 230
f 327 232 328
f 327 323 232
f 327 234 328
f 327 323 234
f 327 235 234
f 327 323 235
f 327 326 76
f 327 235 328
f 327 323 326
f 327 323 235
f 327 328 71
f 327 328 236
f 327 240 236
f 327 326 240
f 327 326 240
f 327 74 328
f 327 74 326
f 327 74 73
f 327 74 73
f 331 352 328
f 331 439 328
f 331 439 352
f 331 352 328
f 331 69 70
f 331 69 332
f 331 332 67
f 331 332 67
f 331 332 65
f 331 332 66
f 438 439 693
f 438 439 692
f 438 439 692
f 438 439 691
f 438 439 689
f 438 439 689
f 438 439 687
f 438 623 439
f 438 439 472
f 307 268 270
f 307 273 270
f 307 276 273
f 307 276 273
f 307 308 277
f 307 276 277
f 307 276 308
f 307 434 435
f 307 426 425
f 307 424 425
f 307 424 423
f 307 421 420
f 307 418 417
f 307 416 417
f 307 308 365
f 307 416 365
f 307 411 412
f 307 411 412
f 307 377 365
f 307 411 377
f 307 411 377
f 309 311 268
f 309 307 268
f 309 273 311
f 309 310 273
f 309 307 273
f 309 312 268
f 309 312 311
f 309 310 273
f 309 307 273
f 309 310 308
f 309 307 308
f 309 455 245
f 309 307 455
f 309 421 420
f 309 307 421
f 309 257 259
f 309 434 435
f 309 455 245
f 309 307 434
f 309 418 365
f 309 307 365
f 309 307 418
f 309 245 247
f 309 424 423
f 309 307 424
f 309 249 247
f 309 310 311
f 309 307 424
f 309 425 311
f 309 424 425
f 309 307 426
f 309 426 425
f 72 70 71
f 72 73 70
f 72 71 76
f 72 73 76
f 72 73 326
f 72 331 70
f 72 73 70
f 72 327 71
f 72 327 326
f 72 327 73
f 72 327 328
f 72 327 73
f 290 293 380
f 290 289 380
f 290 289 293
f 290 293 381
f 290 289 381
f 290 293 383
f 290 289 383
f 290 385 293
f 290 289 385
f 290 385 386
f 290 289 385
f 290 386 387
f 290 289 386
f 290 289 387
f 290 289 389
f 290 289 389
f 290 289 390
f 290 289 392
f 290 289 392
f 290 289 394
f 290 289 394
f 290 289 397
f 290 397 395
f 290 289 395
f 290 289 397
f 290 289 399
f 290 289 399
f 290 289 401
f 290 289 294
f 280 279 308
f 280 281 308
f 280 485 396
f 280 395 396
f 280 279 395
f 280 394 395
f 280 394 279
f 280 394 283
f 620 680 621
f 620 621 687
f 620 621 689
f 620 438 439
f 684 69 724
f 684 69 70
f 684 687 724
f 684 70 724
f 684 680 74
f 684 74 70
f 684 680 74
f 684 74 688
f 684 623 621
f 684 689 688
f 684 620 621
f 684 620 680
f 714 689 691
f 714 715 689
f 714 687 691
f 714 715 687
f 714 715 394
f 714 715 394
f 714 337 338
f 714 715 392
f 714 337 67
f 714 715 392
f 714 715 341
f 714 715 339
f 714 715 341
f 714 715 342
f 714 715 390
f 714 715 376
f 714 715 344
f 714 715 389
f 714 715 389
f 714 715 370
f 714 715 370
f 714 715 347
f 714 715 349
f 714 367 715
f 714 715 349
f 714 715 350
f 714 715 366
f 714 715 352
f 714 715 356
f 714 715 352
f 714 715 355
f 714 715 354
f 716 717 689
f 716 715 689
f 716 717 687
f 716 715 687
f 716 717 689
f 716 714 715
f 716 689 691
f 716 714 689
f 716 692 691
f 716 690 693
f 716 692 690
f 716 717 67
f 716 717 67
f 716 714 67
f 716 74 690
f 716 74 717
f 716 717 66
f 716 69 717
f 716 338 67
f 716 714 338
f 716 74 700
f 716 338 66
f 716 69 717
f 716 714 339
f 716 714 715
f 716 64 338
f 716 717 64
f 716 717 339
f 716 74 717
f 716 64 63
f 716 717 63
f 716 717 64
f 716 717 339
f 716 715 339
f 716 74 73
f 716 341 717
f 716 715 341
f 716 341 717
f 716 715 717
f 716 715 341
f 346 714 715
f 346 705 347
f 346 700 702
f 346 438 439
f 346 349 350
f 346 350 328
f 346 331 328
f 346 331 352
f 346 331 439
f 720 724 689
f 720 719 689
f 720 719 724
f 720 687 724
f 720 719 687
f 720 684 687
f 720 684 719
f 720 719 715
f 720 715 370
f 720 715 370
f 720 719 715
f 720 367 715
f 720 719 354
f 720 366 355
f 720 719 355
f 720 719 366
f 720 719 352
f 720 719 352
f 720 719 350
f 720 719 349
f 720 719 349
f 720 719 347
f 720 719 344
f 720 719 342
f 720 719 341
f 720 719 341
f 720 719 339
f 720 339 57
f 720 57 59
f 720 719 59
f 720 339 59
f 720 719 63
f 720 339 338
f 720 719 338
f 720 719 339
f 720 719 64
f 720 64 724
f 720 719 64
f 720 724 66
f 720 719 66
f 720 724 67
f 720 719 67
f 720 724 67
f 720 719 67
f 720 69 724
f 720 719 69
f 720 69 70
f 720 719 70
f 720 719 69
f 718 717 689
f 718 719 689
f 718 717 687
f 718 719 687
f 718 717 689
f 718 719 689
f 718 719 70
f 718 74 70
f 718 74 717
f 718 74 717
f 718 69 717
f 718 719 69
f 718 715 717
f 718 69 717
f 718 719 69
f 718 715 347
f 718 719 347
f 718 717 67
f 718 719 67
f 718 715 349
f 718 719 349
f 718 717 67
f 718 719 67
f 718 717 344
f 718 719 344
f 718 715 349
f 718 719 349
f 718 717 66
f 718 719 66
f 718 717 342
f 718 719 342
f 718 715 350
f 718 719 350
f 718 719 715
f 718 717 64
f 718 719 64
f 718 341 717
f 718 719 341
f 718 717 64
f 718 719 64
f 718 341 717
f 718 719 341
f 718 717 63
f 718 719 63
f 718 717 339
f 718 719 339
f 718 719 61
f 718 717 339
f 718 719 339
f 718 61 338
f 718 717 338
f 718 61 338
f 718 719 338
f 718 719 61
f 729 680 64
f 729 680 64
f 729 680 66
f 729 680 67
f 729 680 67
f 729 728 51
f 729 728 49
f 729 728 51
f 345 10 5
f 345 10 5
f 345 344 347
f 345 10 347
f 345 10 344
f 345 344 332
f 345 346 332
f 345 720 719
f 345 720 719
f 345 718 719
f 345 718 719
f 345 339 344
f 345 346 339
f 345 718 717
f 345 718 717
f 345 715 717
f 345 346 715
f 345 715 717
f 345 714 715
f 345 346 714
f 345 344 700
f 345 346 700
f 345 705 344
f 345 346 705
f 668 43 19
f 668 43 665
f 668 43 665
f 668 45 12
f 668 665 45
f 668 46 665
f 668 46 665
f 668 665 51
f 668 665 53
f 668 665 53
f 668 665 55
f 668 665 55
f 668 665 57
f 668 665 57
f 668 648 665
f 668 665 59
f 659 15 14
f 659 20 19
f 659 27 28
f 659 421 420
f 666 10 12
f 666 648 653
f 666 650 653
f 666 651 653
f 666 650 651
f 633 645 643
f 633 637 643
f 633 637 645
f 633 645 621
f 633 648 645
f 633 637 665
f 633 621 630
f 633 665 630
f 633 637 680
f 641 103 104
f 641 106 644
f 641 108 644
f 641 108 644
f 641 426 425
f 641 424 425
f 41 40 93
f 41 42 93
f 41 40 93
f 41 42 91
f 41 40 91
f 41 665 42
f 41 40 665
f 41 90 42
f 41 40 90
f 41 90 42
f 41 40 90
f 41 10 42
f 41 40 10
f 41 82 42
f 41 40 82
f 41 341 42
f 41 40 341
f 41 82 42
f 41 40 82
f 41 40 341
f 41 80 42
f 41 40 80
f 41 42 77
f 41 341 77
f 41 341 42
f 41 80 42
f 41 40 80
f 39 94 654
f 39 40 94
f 39 93 94
f 39 40 93
f 39 93 38
f 39 40 93
f 39 665 19
f 39 40 665
f 39 91 38
f 39 40 91
f 39 19 14
f 39 40 19
f 39 90 91
f 39 40 90
f 39 90 89
f 39 40 90
f 39 12 38
f 39 40 12
f 39 10 38
f 39 40 10
f 39 10 5
f 39 40 82
f 39 341 5
f 39 40 341
f 39 82 81
f 39 40 82
f 39 341 38
f 39 40 341
f 39 80 81
f 39 40 80
f 39 79 40
f 39 79 80
f 39 79 40
f 39 78 38
f 39 79 78
f 39 79 78
f 413 367 366
f 413 367 366
f 413 367 414
f 413 307 412
f 413 307 414
f 413 701 412
f 413 414 701
f 413 307 412
f 413 307 414
f 413 695 701
f 413 695 414
f 413 641 517
f 413 641 414
f 415 414 701
f 415 416 701
f 415 366 414
f 415 416 366
f 415 695 414
f 415 416 695
f 415 307 414
f 415 307 416
f 415 416 695
f 415 307 414
f 415 307 416
f 415 641 414
f 363 362 366
f 363 416 364
f 363 416 366
f 363 416 366
f 363 418 364
f 363 418 362
f 363 366 311
f 363 362 366
f 363 312 311
f 363 362 312
f 363 421 420
f 363 421 362
f 363 312 364
f 363 362 312
f 363 424 423
f 363 424 362
f 363 317 364
f 363 362 317
f 363 424 425
f 363 424 362
f 363 317 435
f 363 362 317
f 363 426 425
f 363 426 362
f 363 434 435
f 363 434 362
f 368 705 407
f 368 407 408
f 368 705 706
f 368 705 367
f 368 705 407
f 368 705 367
f 368 409 408
f 368 367 409
f 368 409 410
f 368 367 409
f 368 714 715
f 368 714 367
f 368 411 410
f 368 367 411
f 368 720 715
f 368 720 367
f 368 411 412
f 368 367 411
f 368 413 367
f 368 412 365
f 368 413 412
f 368 413 367
f 368 308 365
f 368 367 308
f 368 308 306
f 368 367 308
f 368 294 293
f 368 367 294
f 704 411 366
f 704 705 409
f 704 409 366
f 704 705 409
f 704 411 366
f 704 705 407
f 704 413 366
f 704 705 407
f 704 405 705
f 704 405 705
f 704 705 356
f 704 705 356
f 704 705 355
f 704 705 354
f 704 705 701
f 704 705 352
f 704 705 352
f 704 705 335
f 704 74 700
f 704 705 74
f 704 705 74
f 704 705 350
f 704 705 338
f 704 705 349
f 704 705 339
f 704 705 349
f 704 705 341
f 704 705 341
f 704 705 347
f 704 346 347
f 704 346 705
f 704 345 346
f 704 705 342
f 704 345 705
f 704 705 344
f 372 409 410
f 372 373 409
f 372 411 410
f 372 373 411
f 372 409 371
f 372 373 409
f 372 411 371
f 372 373 411
f 372 373 407
f 372 371 365
f 372 373 365
f 372 371 408
f 372 407 408
f 372 407 406
f 372 373 406
f 372 373 407
f 402 403 375
f 402 401 370
f 402 375 370
f 402 403 378
f 402 403 375
f 402 379 401
f 402 378 379
f 402 403 378
f 402 403 706
f 402 379 401
f 402 401 384
f 402 379 384
f 402 403 379
f 402 294 401
f 402 403 294
f 402 290 289
f 402 290 403
f 402 289 288
f 402 288 469
f 514 411 410
f 514 411 410
f 514 411 412
f 514 411 517
f 514 413 412
f 514 413 517
f 514 413 414
f 514 413 414
f 514 415 414
f 514 415 414
f 514 415 416
f 514 415 416
f 514 416 513
f 514 416 517
f 514 418 513
f 514 418 517
f 514 421 420
f 514 424 423
f 514 624 513
f 578 216 213
f 578 577 216
f 578 212 213
f 578 577 212
f 578 216 219
f 578 577 216
f 578 211 212
f 578 577 211
f 578 221 219
f 578 577 221
f 578 211 579
f 578 577 211
f 578 222 221
f 578 577 222
f 578 208 579
f 578 577 208
f 578 208 206
f 578 577 208
f 578 204 206
f 578 577 204
f 578 204 203
f 578 577 204
f 578 572 574
f 578 572 577
f 578 203 579
f 578 577 203
f 578 572 583
f 578 572 577
f 578 577 583
f 578 583 115
f 578 583 115
f 578 193 195
f 578 577 193
f 578 116 115
f 578 116 115
f 578 577 119
f 578 116 119
f 578 116 192
f 578 193 192
f 578 577 193
f 578 577 191
f 578 116 191
f 578 577 191
f 578 116 191
f 576 574 208
f 576 577 208
f 576 574 211
f 576 577 211
f 576 574 208
f 576 577 208
f 576 574 211
f 576 577 211
f 576 574 204
f 576 577 204
f 576 574 212
f 576 577 212
f 576 577 574
f 576 574 204
f 576 577 204
f 576 574 203
f 576 577 203
f 576 577 193
f 576 577 191
f 576 577 190
f 576 190 189
f 576 577 190
f 576 189 124
f 576 577 118
f 576 577 118
f 576 577 583
f 576 572 577
f 576 572 577
f 181 130 129
f 181 130 182
f 181 129 180
f 181 182 129
f 181 124 180
f 181 182 124
f 181 184 180
f 181 130 180
f 181 124 180
f 181 182 124
f 181 252 250
f 181 252 184
f 181 248 250
f 181 248 182
f 181 116 180
f 181 116 182
f 181 248 180
f 181 248 182
f 181 116 114
f 181 116 182
f 181 244 180
f 181 182 244
f 181 113 114
f 181 113 182
f 181 244 243
f 181 182 244
f 181 113 109
f 181 113 182
f 181 242 243
f 181 242 182
f 181 108 109
f 181 108 182
f 181 242 241
f 181 242 182
f 181 108 106
f 181 108 182
f 181 241 180
f 181 182 241
f 181 180 76
f 181 182 76
f 181 100 104
f 181 100 182
f 181 93 180
f 181 182 93
f 181 93 94
f 181 182 93
f 181 96 94
f 181 96 182
f 183 130 184
f 183 130 182
f 183 184 129
f 183 182 129
f 183 181 130
f 183 184 124
f 183 182 124
f 183 181 182
f 183 130 184
f 183 181 184
f 183 181 130
f 183 185 184
f 183 248 184
f 183 248 182
f 183 252 184
f 183 181 252
f 183 181 252
f 183 182 124
f 183 185 124
f 183 185 182
f 183 185 184
f 183 185 182
f 183 248 184
f 183 248 182
f 183 184 243
f 183 182 243
f 105 130 103
f 105 130 103
f 105 641 644
f 105 641 106
f 105 167 104
f 105 163 104
f 105 130 163
f 105 130 167
f 105 130 106
f 105 27 103
f 105 174 167
f 105 174 106
f 105 133 163
f 105 133 130
f 105 133 130
f 105 174 175
f 105 174 106
f 105 176 175
f 105 176 106
f 105 176 104
f 105 176 106
f 105 178 104
f 105 178 106
f 105 178 179
f 105 178 106
f 105 198 104
f 105 179 104
f 105 106 179
f 105 198 195
f 105 198 106
f 105 181 104
f 105 181 106
f 105 106 195
f 105 181 182
f 105 181 182
f 105 191 195
f 105 191 195
f 105 106 191
f 105 185 182
f 105 185 182
f 105 190 191
f 105 106 190
f 105 185 104
f 105 185 106
f 105 190 104
f 105 106 190
f 87 133 86
f 87 90 86
f 87 86 36
f 87 86 146
f 87 96 86
f 87 133 96
f 87 133 96
f 87 86 37
f 87 82 36
f 87 82 86
f 87 36 78
f 87 90 78
f 87 90 36
f 87 90 82
f 87 90 82
f 87 86 146
f 87 39 86
f 87 86 147
f 87 39 40
f 87 86 156
f 87 41 40
f 87 41 42
f 87 256 160
f 87 256 86
f 87 43 42
f 87 43 86
f 87 45 86
f 87 86 53
f 87 46 45
f 87 86 53
f 87 46 86
f 87 86 51
f 87 86 48
f 87 86 51
f 87 86 48
f 87 86 49
f 84 133 83
f 84 83 145
f 84 146 83
f 84 133 82
f 84 133 130
f 84 146 83
f 84 100 130
f 84 96 82
f 84 152 147
f 84 83 152
f 84 83 152
f 84 39 82
f 84 39 82
f 84 82 37
f 84 260 83
f 84 260 258
f 84 39 40
f 84 259 260
f 84 259 260
f 84 257 258
f 84 41 40
f 84 259 83
f 84 259 258
f 84 83 54
f 84 41 42
f 84 53 83
f 84 43 42
f 84 53 83
f 84 43 83
f 84 45 83
f 84 83 52
f 84 51 52
f 84 46 45
f 84 83 49
f 84 46 83
f 84 83 48
f 84 83 48
f 571 572 214
f 571 572 216
f 571 572 568
f 571 572 214
f 571 572 212
f 571 572 211
f 571 572 211
f 571 572 208
f 571 208 207
f 571 572 208
f 571 572 205
f 571 572 205
f 571 572 204
f 571 203 202
f 571 572 203
f 571 572 200
f 571 184 180
f 571 132 180
f 571 567 583
f 571 567 572
f 571 567 572
f 471 572 568
f 471 567 568
f 471 472 226
f 471 472 226
f 471 472 228
f 471 472 228
f 471 472 230
f 471 472 230
f 471 472 232
f 471 472 232
f 471 472 234
f 471 235 472
f 471 235 472
f 471 239 238
f 471 472 238
f 471 472 239
f 471 472 239
f 471 242 472
f 471 242 472
f 471 472 245
f 471 472 249
f 471 251 472
f 471 257 259
f 471 472 268
f 471 472 268
f 471 272 472
f 471 272 273
f 471 273 472
f 471 276 472
f 471 276 472
f 471 279 278
f 471 472 278
f 471 472 279
f 471 280 472
f 471 280 281
f 471 284 472
f 573 574 204
f 573 572 204
f 573 572 574
f 573 574 203
f 573 572 203
f 573 574 200
f 573 572 200
f 573 574 195
f 573 193 574
f 573 571 193
f 573 571 191
f 573 571 191
f 573 190 191
f 573 571 189
f 573 571 186
f 573 571 186
f 573 186 184
f 573 130 184
f 573 130 184
f 573 571 184
f 573 571 130
f 573 571 130
f 573 184 129
f 573 129 128
f 573 128 126
f 573 125 126
f 543 545 205
f 543 540 205
f 543 545 205
f 543 540 205
f 543 545 200
f 543 540 200
f 543 193 545
f 543 540 193
f 543 186 545
f 543 540 186
f 543 186 545
f 543 540 186
f 543 178 545
f 543 540 178
f 543 178 545
f 543 540 178
f 543 545 177
f 543 540 177
f 543 545 172
f 543 540 172
f 543 545 171
f 537 540 205
f 537 540 205
f 537 540 200
f 537 540 193
f 537 540 186
f 537 540 186
f 537 540 178
f 537 540 178
f 537 540 177
f 628 631 519
f 628 537 540
f 628 537 631
f 628 631 513
f 628 631 517
f 628 543 540
f 628 543 631
f 628 560 565
f 628 514 631
f 628 543 545
f 628 543 631
f 121 124 78
f 121 124 78
f 121 124 119
f 121 576 119
f 121 576 124
f 614 543 615
f 614 543 615
f 614 537 615
f 614 615 560
f 614 615 516
f 427 364 365
f 427 426 364
f 427 312 365
f 427 426 312
f 427 363 364
f 427 363 426
f 427 312 311
f 427 426 312
f 427 363 362
f 427 363 426
f 427 309 311
f 427 309 426
f 427 362 361
f 427 426 362
f 427 309 307
f 427 309 307
f 427 360 361
f 427 426 360
f 427 307 428
f 427 307 426
f 427 356 428
f 427 426 356
f 427 356 355
f 427 426 356
f 427 355 354
f 427 426 355
f 427 472 469
f 427 426 472
f 427 354 428
f 427 701 428
f 427 701 354
f 427 426 701
f 427 701 700
f 427 631 513
f 427 426 631
f 427 695 692
f 427 426 695
f 427 692 691
f 427 426 692
f 427 687 691
f 427 426 687
f 427 641 426
f 303 280 281
f 303 284 308
f 303 403 404
f 303 402 403
f 303 379 384
f 303 402 401
f 303 401 384
f 303 397 384
f 303 377 374
f 696 424 695
f 696 426 695
f 696 424 695
f 696 427 426
f 696 427 695
f 696 421 695
f 696 434 695
f 696 418 701
f 696 418 695
f 696 416 701
f 696 416 695
f 696 416 695
f 696 438 439
f 261 260 158
f 261 263 158
f 261 263 260
f 261 260 156
f 261 263 156
f 261 260 156
f 261 263 156
f 261 263 152
f 261 82 152
f 261 82 260
f 261 263 81
f 261 82 81
f 261 82 260
f 261 260 83
f 261 259 76
f 261 259 260
f 255 254 89
f 255 256 163
f 255 254 163
f 255 254 256
f 255 87 256
f 255 256 86
f 255 87 86
f 255 87 254
f 255 254 76
f 255 257 76
f 255 257 256
f 255 257 322
f 255 323 322
f 255 257 321
f 255 471 257
f 255 251 254
f 255 323 251
f 255 323 251
f 255 251 321
f 255 257 321
f 255 251 254
f 255 471 251
f 255 251 321
f 255 257 317
f 255 251 317
f 255 257 317
f 255 251 469
f 255 307 257
f 255 317 249
f 255 251 317
f 255 309 257
f 255 309 249
f 255 307 455
f 255 309 307
f 255 307 455
f 255 309 249
f 255 309 307
f 99 100 82
f 99 100 80
f 99 84 100
f 99 100 80
f 99 84 100
f 99 100 31
f 99 100 133
f 99 100 30
f 99 133 163
f 99 100 133
f 99 651 29
f 99 100 29
f 99 100 651
f 99 100 650
f 99 100 163
f 99 100 650
f 99 100 167
f 99 100 174
f 99 100 174
f 99 100 645
f 99 100 176
f 99 100 176
f 99 633 100
f 99 100 178
f 99 633 100
f 99 100 178
f 99 100 179
f 99 181 100
f 99 190 191
f 99 100 190
f 99 100 190
f 99 181 100
f 99 191 195
f 99 100 195
f 99 100 191
f 99 100 185
f 99 100 185
f 101 130 82
f 101 100 130
f 101 82 81
f 101 100 82
f 101 130 104
f 101 100 130
f 101 80 81
f 101 100 80
f 101 80 78
f 101 100 80
f 101 31 78
f 101 100 31
f 101 633 100
f 101 100 104
f 101 30 31
f 101 100 30
f 101 29 30
f 101 100 29
f 101 100 651
f 101 100 644
f 101 650 651
f 101 100 650
f 101 28 29
f 101 650 28
f 101 650 28
f 101 100 650
f 110 185 182
f 110 113 182
f 110 113 185
f 110 185 109
f 110 113 185
f 110 190 109
f 110 190 191
f 110 191 109
f 110 195 109
f 110 113 109
f 110 113 111
f 110 109 114
f 110 111 114
f 110 109 107
f 110 111 107
f 110 28 109
f 110 111 28
f 110 27 28
f 110 27 111
f 110 641 644
f 110 641 111
f 110 27 109
f 110 27 111
f 462 222 224
f 462 578 222
f 462 578 577
f 462 577 222
f 462 222 574
f 453 226 328
f 453 455 226
f 453 331 328
f 453 226 328
f 453 455 226
f 453 328 228
f 453 455 228
f 453 328 228
f 453 455 228
f 453 327 328
f 453 328 230
f 453 455 230
f 453 698 694
f 453 455 694
f 453 455 230
f 453 327 230
f 453 327 323
f 453 455 232
f 453 327 232
f 453 323 322
f 453 455 232
f 453 323 232
f 453 321 322
f 453 455 235
f 453 323 235
f 453 455 234
f 453 323 234
f 453 690 693
f 453 455 690
f 453 317 321
f 453 455 317
f 453 455 235
f 453 323 235
f 453 455 317
f 453 608 455
f 453 309 455
f 453 309 307
f 453 307 455
f 298 286 285
f 298 372 373
f 298 378 377
f 298 397 392
f 610 620 621
f 610 453 455
f 610 453 690
f 610 689 690
f 610 689 611
f 610 684 611
f 610 684 680
f 563 562 214
f 563 562 214
f 563 562 212
f 563 560 184
f 563 560 186
f 563 562 211
f 563 560 178
f 563 560 186
f 563 562 211
f 563 560 178
f 563 560 189
f 563 562 210
f 563 560 177
f 563 560 193
f 563 562 208
f 563 562 208
f 563 562 198
f 563 562 207
f 563 562 205
f 563 562 200
f 563 562 205
f 563 204 203
f 563 562 204
f 561 211 559
f 561 560 559
f 561 211 559
f 561 562 211
f 561 562 211
f 561 559 212
f 561 562 212
f 561 560 210
f 561 562 210
f 561 214 559
f 561 562 214
f 561 560 208
f 561 562 208
f 561 214 215
f 561 562 214
f 561 560 208
f 561 562 208
f 561 562 215
f 561 560 207
f 561 562 207
f 561 560 205
f 561 562 205
f 561 562 560
f 484 485 215
f 484 561 215
f 484 252 260
f 484 485 260
f 484 214 215
f 484 485 260
f 484 485 266
f 484 485 266
f 484 485 269
f 484 274 485
f 484 274 485
f 484 485 278
f 484 485 279
f 484 438 485
f 484 280 485
f 484 434 485
f 484 280 485
f 486 214 559
f 486 484 214
f 486 484 214
f 486 484 485
f 486 438 485
f 199 578 579
f 199 578 198
f 199 578 577
f 199 578 198
f 199 576 577
f 199 232 200
f 199 576 198
f 199 232 231
f 199 198 231
f 199 198 232
f 199 232 200
f 199 198 232
f 199 234 200
f 199 198 234
f 199 573 574
f 199 573 198
f 199 234 200
f 199 198 234
f 199 573 572
f 199 573 198
f 199 200 238
f 199 198 238
f 199 571 572
f 199 571 198
f 199 200 241
f 199 198 241
f 199 243 200
f 199 198 243
f 199 567 200
f 199 567 198
f 199 243 200
f 199 198 243
f 199 567 565
f 199 567 198
f 199 248 200
f 199 248 198
f 199 248 200
f 199 248 198
f 199 563 562
f 199 563 562
f 199 252 200
f 199 198 252
f 199 562 560
f 199 562 198
f 199 252 258
f 199 198 252
f 199 260 258
f 199 198 260
f 199 260 200
f 199 198 260
f 199 543 545
f 199 543 198
f 199 266 200
f 199 198 266
f 199 543 540
f 199 543 198
f 199 537 540
f 199 537 198
f 199 517 200
f 199 198 517
f 199 517 200
f 199 198 517
f 197 578 195
f 197 578 198
f 197 578 577
f 197 578 198
f 197 576 195
f 197 576 577
f 197 576 198
f 197 195 196
f 197 234 195
f 197 198 234
f 197 234 195
f 197 198 234
f 197 196 238
f 197 198 238
f 197 232 195
f 197 198 232
f 197 198 232
f 197 573 574
f 197 573 198
f 197 241 196
f 197 198 241
f 197 573 572
f 197 573 198
f 197 243 241
f 197 198 243
f 197 571 572
f 197 571 198
f 197 243 196
f 197 198 243
f 197 248 196
f 197 248 198
f 197 567 568
f 197 567 198
f 197 248 250
f 197 248 198
f 197 567 565
f 197 567 198
f 197 252 250
f 197 198 252
f 197 252 256
f 197 563 560
f 197 563 198
f 197 256 258
f 197 252 256
f 197 198 252
f 197 260 258
f 197 198 260
f 197 260 196
f 197 198 260
f 197 543 545
f 197 543 198
f 197 266 196
f 197 198 266
f 197 543 540
f 197 543 198
f 197 537 540
f 197 537 198
f 197 517 196
f 197 198 517
f 626 438 439
f 626 623 627
f 626 628 434
f 314 275 313
f 314 274 275
f 314 274 275
f 314 318 313
f 314 274 273
f 314 356 313
f 314 272 273
f 314 360 361
f 314 356 355
f 314 356 318
f 314 362 361
f 314 355 354
f 314 318 355
f 314 272 313
f 314 272 271
f 314 363 362
f 314 354 313
f 314 318 354
f 314 268 313
f 314 363 364
f 314 352 313
f 314 352 318
f 314 352 318
f 314 268 265
f 314 364 365
f 314 434 435
f 314 257 259
f 314 255 257
f 314 255 249
f 314 453 455
f 314 249 247
f 314 245 247
f 314 455 245
f 314 455 245
f 433 432 364
f 433 434 364
f 433 432 365
f 433 363 432
f 433 363 434
f 433 317 365
f 433 434 317
f 433 434 317
f 433 363 432
f 433 363 434
f 433 314 432
f 433 314 434
f 433 432 362
f 433 434 362
f 433 432 312
f 433 434 312
f 433 432 360
f 433 434 360
f 433 432 312
f 433 434 312
f 433 309 432
f 433 309 434
f 433 432 356
f 433 434 356
f 433 309 307
f 433 309 307
f 433 432 356
f 433 434 356
f 433 307 432
f 433 307 434
f 433 432 355
f 433 434 355
f 433 432 354
f 433 434 354
f 433 432 352
f 433 434 352
f 433 432 352
f 433 434 352
f 433 432 350
f 433 434 350
f 433 432 350
f 433 349 350
f 433 434 349
f 433 434 349
f 433 432 472
f 433 434 472
f 433 696 432
f 433 696 434
f 433 434 695
f 433 484 485
f 433 484 434
f 433 695 693
f 433 432 695
f 433 434 693
f 433 432 692
f 433 434 692
f 433 432 692
f 433 434 692
f 433 432 689
f 433 434 689
f 433 432 689
f 433 434 689
f 433 626 628
f 433 626 628
f 433 432 687
f 433 434 687
f 325 326 355
f 325 323 355
f 325 323 326
f 325 323 324
f 325 324 354
f 325 326 354
f 325 323 324
f 325 323 326
f 325 352 324
f 325 326 352
f 325 74 324
f 325 74 326
f 325 352 351
f 325 326 352
f 325 74 73
f 325 350 351
f 325 326 350
f 325 73 326
f 325 74 324
f 325 74 73
f 325 349 350
f 325 349 326
f 325 324 76
f 325 326 76
f 325 349 324
f 325 349 326
f 325 324 347
f 325 326 347
f 329 327 349
f 329 346 349
f 329 346 349
f 329 349 326
f 329 327 349
f 329 346 347
f 329 326 347
f 329 346 332
f 329 325 326
f 329 327 326
f 329 327 76
f 329 327 328
f 329 325 324
f 329 325 326
f 329 324 347
f 329 332 347
f 329 332 324
f 329 332 324
f 329 325 324
f 329 69 68
f 329 69 328
f 329 69 70
f 329 70 328
f 329 72 328
f 329 72 73
f 436 328 355
f 436 435 355
f 436 328 354
f 436 439 328
f 436 435 354
f 436 435 356
f 436 439 352
f 436 356 328
f 436 327 439
f 436 352 435
f 436 435 356
f 436 327 356
f 436 327 323
f 436 352 435
f 436 327 356
f 436 346 352
f 436 346 439
f 436 346 438
f 436 323 439
f 436 435 350
f 436 327 323
f 436 346 350
f 436 439 321
f 436 439 321
f 436 323 360
f 436 349 435
f 436 346 349
f 436 346 438
f 436 361 321
f 436 439 317
f 436 360 361
f 436 435 360
f 436 349 435
f 436 346 349
f 436 435 700
f 436 346 700
f 436 362 361
f 436 362 435
f 436 362 321
f 436 362 435
f 436 317 435
f 436 317 435
f 436 439 317
f 436 696 438
f 436 435 693
f 436 438 693
f 436 695 435
f 436 696 695
f 436 696 695
f 436 314 435
f 436 435 692
f 436 435 312
f 436 435 692
f 436 435 312
f 436 435 691
f 436 309 312
f 436 309 435
f 436 435 689
f 436 309 307
f 436 435 689
f 436 307 435
f 436 435 687
f 436 631 435
f 436 626 628
f 436 626 628
f 430 314 365
f 430 628 513
f 430 352 351
f 430 695 692
f 291 387 293
f 291 290 387
f 291 290 387
f 291 389 293
f 291 290 389
f 291 389 390
f 291 290 389
f 291 390 293
f 291 290 390
f 291 293 392
f 291 290 392
f 291 293 392
f 291 290 392
f 291 394 293
f 291 290 394
f 291 394 395
f 291 290 394
f 291 290 397
f 291 290 397
f 291 290 399
f 291 290 399
f 291 290 401
f 291 402 290
f 291 402 290
f 291 290 403
f 291 290 405
f 291 290 294
f 616 615 516
f 616 537 615
f 616 543 615
f 616 543 545
f 616 543 615
f 616 689 611
f 616 689 690
f 683 680 69
f 683 684 69
f 683 684 724
f 683 680 69
f 683 684 69
f 683 684 680
f 683 680 630
f 683 684 630
f 683 623 680
f 683 684 623
f 683 623 680
f 683 684 680
f 683 684 623
f 711 695 692
f 711 695 693
f 711 695 692
f 711 716 700
f 711 73 70
f 711 341 339
f 711 390 383
f 711 366 356
f 333 346 331
f 333 345 346
f 333 331 74
f 333 331 74
f 333 345 344
f 333 72 331
f 333 331 70
f 333 72 331
f 333 332 336
f 333 332 336
f 333 344 336
f 333 344 332
f 333 69 70
f 333 69 332
f 333 61 60
f 333 332 61
f 333 332 67
f 333 332 61
f 333 332 67
f 333 63 332
f 333 332 66
f 333 64 63
f 333 64 332
f 726 729 55
f 726 729 55
f 726 729 57
f 726 729 57
f 686 684 719
f 686 718 719
f 686 718 717
f 686 716 717
f 686 716 715
f 686 716 715
f 686 714 715
f 686 433 432
f 686 427 426
f 686 427 687
f 686 433 434
f 686 434 435
f 686 426 687
f 686 426 425
f 686 436 435
f 686 424 425
f 686 424 423
f 686 438 439
f 686 623 627
f 686 684 623
f 686 684 623
f 667 668 665
f 667 666 665
f 667 666 10
f 667 668 648
f 667 666 648
f 667 666 648
f 667 666 650
f 667 666 650
f 667 666 651
f 667 666 714
f 669 46 45
f 669 668 45
f 669 668 46
f 669 46 12
f 669 668 46
f 669 668 51
f 669 668 53
f 669 668 53
f 669 668 55
f 669 668 55
f 669 668 57
f 669 668 57
f 669 668 665
f 669 668 648
f 669 668 59
f 669 668 665
f 661 659 15
f 661 659 15
f 661 659 14
f 661 659 17
f 661 659 10
f 661 666 10
f 661 666 653
f 661 653 652
f 661 19 17
f 661 659 17
f 661 659 19
f 661 659 20
f 661 659 21
f 661 659 421
f 661 659 21
f 661 659 418
f 661 666 418
f 661 659 416
f 661 666 416
f 661 415 659
f 661 415 666
f 661 415 659
f 661 415 666
f 661 413 659
f 661 413 666
f 661 413 659
f 661 413 666
f 661 659 411
f 661 666 411
f 661 659 411
f 661 666 411
f 661 659 409
f 661 666 409
f 661 666 407
f 661 659 409
f 661 666 409
f 661 659 407
f 661 666 407
f 657 21 20
f 657 409 652
f 657 409 410
f 657 411 410
f 657 28 29
f 657 51 76
f 657 76 52
f 632 633 630
f 632 436 631
f 632 436 633
f 632 434 631
f 632 633 434
f 632 683 684
f 632 683 633
f 632 683 633
f 632 433 434
f 632 433 432
f 638 101 104
f 638 101 637
f 638 101 100
f 642 103 644
f 642 641 103
f 642 101 644
f 642 101 641
f 642 103 644
f 642 641 644
f 642 641 103
f 642 101 644
f 642 101 100
f 655 41 42
f 655 43 42
f 655 93 94
f 655 41 93
f 655 43 93
f 655 40 94
f 655 41 40
f 655 45 93
f 655 39 40
f 655 46 45
f 655 39 654
f 655 46 93
f 655 654 37
f 655 93 76
f 655 93 654
f 655 654 36
f 655 51 76
f 655 654 36
f 655 654 34
f 655 654 76
f 655 33 654
f 655 33 654
f 655 30 654
f 655 29 30
f 655 29 30
f 655 28 29
f 655 27 28
f 655 27 654
f 655 654 25
f 655 652 25
f 655 652 654
f 655 652 24
f 655 652 22
f 655 21 652
f 655 21 652
f 655 661 652
f 655 661 659
f 655 661 659
f 13 41 40
f 13 39 40
f 13 39 40
f 13 41 42
f 13 40 19
f 13 41 40
f 13 39 14
f 13 39 12
f 13 41 42
f 13 12 38
f 13 43 42
f 13 43 42
f 13 37 38
f 13 14 37
f 13 14 37
f 13 661 14
f 13 667 668
f 13 667 668
f 13 668 19
f 13 668 12
f 13 43 19
f 13 43 12
f 13 665 19
f 13 667 665
f 13 667 665
f 13 666 665
f 703 411 410
f 703 704 411
f 703 409 410
f 703 704 409
f 703 411 412
f 703 704 411
f 703 409 408
f 703 704 409
f 703 413 412
f 703 704 413
f 703 407 408
f 703 704 407
f 703 413 414
f 703 407 406
f 703 704 407
f 703 415 414
f 703 413 366
f 703 704 413
f 703 405 406
f 703 704 405
f 703 415 416
f 703 415 366
f 703 405 404
f 703 704 405
f 703 415 416
f 703 416 702
f 703 416 366
f 703 360 366
f 703 701 700
f 703 704 701
f 703 418 702
f 703 418 360
f 703 356 702
f 703 704 356
f 703 356 355
f 703 704 356
f 703 339 700
f 703 704 339
f 703 700 338
f 703 704 338
f 703 355 354
f 703 704 355
f 703 341 339
f 703 704 341
f 703 700 335
f 703 704 335
f 703 704 700
f 703 354 702
f 703 704 354
f 703 342 700
f 703 341 342
f 703 704 341
f 703 352 702
f 703 704 352
f 703 342 343
f 703 704 342
f 703 352 351
f 703 704 352
f 703 344 343
f 703 704 344
f 703 350 351
f 703 704 350
f 703 345 344
f 703 704 345
f 703 349 350
f 703 704 349
f 703 345 346
f 703 704 345
f 703 349 702
f 703 704 349
f 703 346 702
f 703 704 346
f 88 90 89
f 88 133 90
f 88 90 89
f 88 87 133
f 88 133 90
f 88 87 90
f 88 87 133
f 88 89 37
f 88 87 37
f 88 90 36
f 88 87 36
f 88 87 90
f 88 89 147
f 88 39 89
f 88 87 39
f 88 146 147
f 88 87 146
f 88 87 146
f 88 89 147
f 88 87 147
f 88 39 40
f 88 87 39
f 88 89 156
f 88 87 156
f 88 41 40
f 88 87 41
f 88 89 160
f 88 87 160
f 88 41 42
f 88 87 41
f 88 87 256
f 88 43 42
f 88 87 43
f 88 255 89
f 88 255 256
f 88 255 87
f 88 43 89
f 88 87 43
f 88 255 254
f 88 255 87
f 88 45 89
f 88 87 45
f 88 254 253
f 88 46 45
f 88 87 46
f 88 253 89
f 88 254 253
f 88 87 254
f 88 46 89
f 88 87 46
f 88 53 89
f 88 87 53
f 88 48 89
f 88 87 48
f 88 53 89
f 88 87 53
f 88 48 89
f 88 87 48
f 88 51 89
f 88 87 51
f 88 89 49
f 88 87 49
f 88 51 89
f 88 87 51
f 85 133 86
f 85 84 133
f 85 86 145
f 85 84 145
f 85 133 86
f 85 86 146
f 85 84 146
f 85 96 86
f 85 84 96
f 85 133 130
f 85 84 133
f 85 86 146
f 85 84 146
f 85 96 86
f 85 86 147
f 85 84 147
f 85 82 86
f 85 96 82
f 85 84 96
f 85 86 258
f 85 84 258
f 85 84 82
f 85 257 86
f 85 84 257
f 85 86 36
f 85 82 36
f 85 82 86
f 85 86 37
f 85 84 37
f 85 84 257
f 85 39 86
f 85 84 39
f 85 256 86
f 85 257 256
f 85 257 256
f 85 86 54
f 85 84 54
f 85 39 40
f 85 84 39
f 85 86 53
f 85 84 53
f 85 41 40
f 85 84 41
f 85 86 53
f 85 84 53
f 85 41 42
f 85 84 41
f 85 86 51
f 85 84 51
f 85 43 42
f 85 84 43
f 85 86 51
f 85 84 51
f 85 43 86
f 85 84 43
f 85 86 49
f 85 84 49
f 85 45 86
f 85 84 45
f 85 86 48
f 85 84 48
f 85 46 45
f 85 84 46
f 85 86 48
f 85 84 48
f 85 46 86
f 85 84 46
f 569 214 568
f 569 571 214
f 569 568 216
f 569 571 216
f 569 571 568
f 569 214 568
f 569 571 214
f 569 568 212
f 569 571 212
f 569 568 211
f 569 571 211
f 569 568 211
f 569 571 211
f 569 568 208
f 569 571 208
f 569 568 208
f 569 571 208
f 569 568 207
f 569 571 207
f 569 568 205
f 569 568 205
f 569 568 204
f 569 568 203
f 569 568 202
f 569 200 568
f 569 199 200
f 569 199 198
f 569 197 198
f 569 197 568
f 569 193 568
f 569 191 568
f 569 191 568
f 569 186 568
f 569 186 184
f 569 184 179
f 569 184 179
f 569 178 179
f 569 178 568
f 569 568 177
f 569 568 142
f 569 565 137
f 569 568 142
f 569 565 127
f 569 565 137
f 569 565 568
f 569 568 143
f 569 568 172
f 569 172 144
f 569 568 144
f 569 171 172
f 569 568 171
f 569 171 157
f 569 568 157
f 569 171 161
f 569 568 161
f 569 568 171
f 569 571 583
f 470 572 469
f 470 471 572
f 470 222 469
f 470 471 222
f 470 572 574
f 470 471 572
f 470 222 469
f 470 471 222
f 470 471 578
f 470 226 469
f 470 471 226
f 470 577 574
f 470 578 577
f 470 578 577
f 470 578 469
f 470 471 578
f 470 226 469
f 470 471 226
f 470 469 228
f 470 471 228
f 470 469 228
f 470 471 228
f 470 230 469
f 470 471 230
f 470 230 469
f 470 471 230
f 470 232 469
f 470 471 232
f 470 232 469
f 470 471 232
f 470 234 469
f 470 471 234
f 470 610 469
f 470 610 471
f 470 235 234
f 470 471 235
f 470 235 469
f 470 471 235
f 470 469 240
f 470 239 240
f 470 471 239
f 470 471 239
f 470 242 469
f 470 471 242
f 470 469 287
f 470 472 287
f 470 286 469
f 470 286 472
f 470 242 469
f 470 471 242
f 470 402 469
f 470 402 472
f 470 286 285
f 470 286 472
f 470 469 245
f 470 471 245
f 470 402 403
f 470 402 403
f 470 284 285
f 470 284 472
f 470 471 284
f 470 469 249
f 470 471 249
f 470 403 404
f 470 403 472
f 470 284 469
f 470 471 284
f 470 251 469
f 470 471 251
f 470 405 404
f 470 405 472
f 470 255 251
f 470 255 471
f 470 405 469
f 470 405 472
f 470 280 281
f 470 471 280
f 470 255 257
f 470 255 471
f 470 407 469
f 470 472 407
f 470 280 279
f 470 471 280
f 470 257 259
f 470 471 257
f 470 407 469
f 470 472 407
f 470 279 469
f 470 471 279
f 470 409 469
f 470 409 472
f 470 276 469
f 470 471 276
f 470 409 410
f 470 409 472
f 470 276 469
f 470 471 276
f 470 411 410
f 470 411 472
f 470 273 469
f 470 471 273
f 470 469 268
f 470 471 268
f 470 411 469
f 470 411 472
f 470 273 469
f 470 469 268
f 470 471 268
f 470 413 469
f 470 413 472
f 470 272 273
f 470 471 272
f 470 471 272
f 470 413 414
f 470 413 472
f 470 415 414
f 470 415 472
f 470 415 416
f 470 415 416
f 470 416 469
f 470 416 472
f 470 418 469
f 470 418 472
f 470 472 420
f 580 470 471
f 580 470 471
f 580 470 469
f 580 470 581
f 580 572 583
f 580 572 583
f 580 581 583
f 580 581 583
f 580 115 114
f 580 583 115
f 580 583 115
f 580 195 114
f 580 222 224
f 580 581 222
f 580 197 195
f 580 197 581
f 580 113 195
f 580 581 113
f 580 581 113
f 580 222 221
f 580 581 222
f 580 197 198
f 580 197 581
f 580 221 219
f 580 581 221
f 580 199 198
f 580 199 581
f 580 216 219
f 580 581 216
f 580 199 579
f 580 199 581
f 580 216 213
f 580 581 216
f 580 203 579
f 580 581 203
f 580 212 213
f 580 581 212
f 580 204 203
f 580 581 204
f 580 212 579
f 580 581 212
f 580 204 206
f 580 581 204
f 580 208 579
f 580 581 208
f 580 208 206
f 580 581 208
f 599 684 689
f 599 626 628
f 603 470 471
f 603 470 604
f 603 455 604
f 603 604 689
f 603 604 689
f 603 684 604
f 603 633 604
f 603 680 604
f 603 684 680
f 603 684 680
f 603 633 621
f 603 633 604
f 603 623 621
f 603 623 604
f 194 573 574
f 194 573 193
f 194 573 571
f 194 577 193
f 194 576 577
f 194 576 577
f 194 573 571
f 194 195 196
f 194 193 195
f 194 571 572
f 194 573 195
f 194 573 572
f 194 196 238
f 194 193 238
f 194 569 568
f 194 569 193
f 194 241 196
f 194 193 241
f 194 567 568
f 194 567 193
f 194 243 241
f 194 193 243
f 194 567 565
f 194 567 193
f 194 243 196
f 194 193 243
f 194 248 196
f 194 248 193
f 194 563 560
f 194 563 560
f 194 248 250
f 194 248 193
f 194 252 250
f 194 252 193
f 194 252 256
f 194 543 545
f 194 543 193
f 194 256 258
f 194 252 193
f 194 252 256
f 194 543 540
f 194 543 540
f 194 260 258
f 194 256 258
f 194 537 540
f 194 537 540
f 194 260 196
f 194 260 258
f 194 260 189
f 194 266 196
f 194 266 189
f 544 603 546
f 534 513 205
f 534 537 205
f 534 537 513
f 534 517 513
f 534 537 205
f 534 514 513
f 534 537 200
f 534 199 537
f 534 199 537
f 534 197 537
f 534 197 537
f 534 194 537
f 534 194 537
f 534 537 193
f 534 537 186
f 534 628 537
f 534 537 186
f 534 628 537
f 534 537 178
f 607 543 608
f 607 544 543
f 607 470 471
f 607 470 608
f 607 608 455
f 607 620 608
f 607 608 689
f 607 608 621
f 607 608 689
f 607 608 611
f 607 684 608
f 607 684 608
f 629 631 630
f 629 434 631
f 629 599 630
f 629 599 628
f 629 434 435
f 629 628 434
f 629 433 434
f 629 433 628
f 629 628 438
f 629 436 435
f 629 436 628
f 629 628 432
f 629 433 432
f 629 433 628
f 629 439 630
f 629 438 439
f 629 438 439
f 515 628 631
f 515 628 514
f 515 628 516
f 301 421 420
f 301 418 300
f 301 416 300
f 301 415 416
f 301 415 414
f 301 413 414
f 301 413 412
f 301 273 268
f 301 273 300
f 301 411 412
f 301 273 300
f 301 411 410
f 301 409 410
f 301 409 300
f 301 407 300
f 301 407 406
f 301 284 285
f 301 284 285
f 301 405 406
f 301 308 300
f 301 285 300
f 301 285 308
f 301 300 347
f 301 308 347
f 301 308 300
f 301 366 300
f 301 405 404
f 301 367 366
f 301 403 404
f 301 368 367
f 301 402 403
f 301 368 300
f 301 402 300
f 301 300 370
f 301 300 401
f 301 372 300
f 301 399 300
f 301 372 373
f 301 399 398
f 301 373 300
f 301 397 398
f 301 300 374
f 301 300 386
f 301 397 386
f 301 385 300
f 301 300 375
f 301 377 375
f 301 377 300
f 301 378 377
f 301 300 387
f 301 397 387
f 301 397 300
f 301 385 300
f 301 378 300
f 301 300 379
f 301 384 380
f 301 300 380
f 301 300 384
f 697 427 698
f 697 696 427
f 697 427 426
f 697 696 427
f 697 426 425
f 697 696 426
f 697 433 432
f 697 433 696
f 697 424 425
f 697 696 424
f 697 433 434
f 697 433 696
f 697 424 698
f 697 696 424
f 697 434 435
f 697 696 434
f 697 436 435
f 697 436 696
f 697 696 421
f 697 436 438
f 697 436 696
f 697 421 698
f 697 421 420
f 697 438 439
f 697 696 438
f 697 698 701
f 697 696 418
f 697 453 698
f 262 263 81
f 262 261 263
f 262 82 81
f 262 261 82
f 262 263 76
f 262 82 83
f 262 261 83
f 262 261 82
f 262 321 76
f 262 263 319
f 262 259 321
f 262 321 76
f 262 261 76
f 262 259 319
f 262 259 321
f 262 261 259
f 262 259 317
f 262 317 318
f 262 263 318
f 262 263 317
f 262 259 317
f 262 317 316
f 262 263 317
f 262 314 259
f 262 314 265
f 262 309 259
f 262 312 265
f 262 309 312
f 262 309 312
f 262 309 257
f 262 309 307
f 262 307 257
f 262 309 268
f 262 309 307
f 262 307 268
f 262 301 300
f 262 470 469
f 262 470 471
f 262 263 472
f 262 471 472
f 262 470 259
f 262 470 471
f 262 471 259
f 262 261 259
f 98 82 81
f 98 99 82
f 98 80 81
f 98 99 80
f 98 84 82
f 98 99 84
f 98 80 97
f 98 99 80
f 98 85 84
f 98 97 31
f 98 99 31
f 98 85 130
f 98 99 84
f 98 85 84
f 98 99 30
f 98 133 130
f 98 99 133
f 98 652 30
f 98 652 97
f 98 133 96
f 98 651 652
f 98 99 651
f 98 651 652
f 98 133 96
f 98 99 133
f 98 650 651
f 98 99 650
f 98 96 643
f 98 96 190
f 98 99 190
f 98 96 163
f 98 99 163
f 98 650 97
f 98 99 650
f 98 637 643
f 98 96 645
f 98 599 633
f 98 96 190
f 98 99 190
f 98 96 163
f 98 99 163
f 98 648 97
f 98 99 648
f 98 633 637
f 98 99 637
f 98 99 645
f 98 648 96
f 98 648 96
f 98 99 633
f 98 96 185
f 98 99 185
f 98 96 167
f 98 99 167
f 98 96 185
f 98 99 185
f 98 96 174
f 98 99 174
f 98 181 96
f 98 99 181
f 98 96 174
f 98 99 174
f 98 181 96
f 98 99 181
f 98 96 176
f 98 99 176
f 98 96 179
f 98 99 179
f 98 96 176
f 98 99 176
f 98 96 178
f 98 99 178
f 98 96 178
f 98 99 178
f 647 99 100
f 647 99 648
f 647 101 100
f 647 103 644
f 647 101 650
f 647 101 650
f 647 650 103
f 647 669 668
f 647 105 106
f 647 105 27
f 647 103 644
f 647 105 644
f 647 105 103
f 647 667 648
f 647 667 668
f 647 650 27
f 647 27 103
f 647 650 103
f 647 650 27
f 647 106 644
f 647 105 27
f 647 667 650
f 647 650 25
f 647 27 106
f 647 651 25
f 647 650 651
f 647 667 650
f 647 667 651
f 647 424 423
f 647 108 644
f 647 108 27
f 647 108 27
f 647 424 425
f 647 424 425
f 647 641 424
f 647 641 424
f 647 421 420
f 647 426 425
f 647 427 426
f 647 108 109
f 647 108 644
f 647 641 421
f 647 110 109
f 647 110 644
f 647 110 111
f 647 110 111
f 647 418 652
f 647 416 652
f 647 641 418
f 647 415 416
f 647 641 416
f 647 415 414
f 647 415 641
f 647 413 414
f 647 415 641
f 647 641 411
f 647 413 652
f 647 413 641
f 647 411 410
f 647 413 641
f 647 411 652
f 636 101 637
f 636 101 633
f 636 638 637
f 636 638 637
f 636 433 432
f 636 638 432
f 112 113 190
f 112 110 190
f 112 110 113
f 112 113 190
f 112 110 190
f 112 113 191
f 112 110 191
f 112 113 195
f 112 110 195
f 112 581 113
f 112 110 581
f 112 110 113
f 112 581 113
f 112 110 583
f 112 113 115
f 467 262 257
f 467 276 273
f 467 402 403
f 459 462 226
f 459 462 226
f 459 580 581
f 459 580 462
f 459 462 228
f 459 462 224
f 459 580 224
f 459 580 462
f 459 462 228
f 459 462 230
f 459 462 230
f 459 462 232
f 459 603 462
f 459 462 232
f 459 462 234
f 459 607 462
f 459 462 235
f 459 462 235
f 459 255 249
f 459 273 268
f 282 298 286
f 282 284 285
f 282 462 286
f 282 301 284
f 282 459 288
f 282 301 300
f 282 301 284
f 282 459 289
f 282 459 290
f 282 470 469
f 282 470 281
f 282 470 471
f 282 470 471
f 282 471 472
f 282 471 281
f 451 453 331
f 451 700 335
f 451 453 331
f 451 453 327
f 451 697 453
f 451 453 327
f 451 697 453
f 451 453 323
f 451 453 693
f 451 453 321
f 451 453 690
f 451 317 321
f 451 453 317
f 451 453 317
f 451 453 690
f 451 616 690
f 451 616 615
f 451 314 453
f 451 614 615
f 451 309 312
f 451 453 309
f 451 453 309
f 451 453 307
f 299 421 420
f 299 418 300
f 299 298 418
f 299 262 300
f 299 416 300
f 299 298 416
f 299 273 300
f 299 415 416
f 299 298 415
f 299 415 414
f 299 298 415
f 299 413 414
f 299 298 413
f 299 413 412
f 299 298 413
f 299 282 285
f 299 411 412
f 299 298 411
f 299 285 300
f 299 298 285
f 299 298 286
f 299 282 286
f 299 282 298
f 299 411 410
f 299 298 411
f 299 308 300
f 299 298 308
f 299 409 410
f 299 298 409
f 299 308 300
f 299 298 308
f 299 409 300
f 299 298 409
f 299 407 300
f 299 298 407
f 299 407 406
f 299 298 407
f 299 405 406
f 299 298 405
f 299 367 366
f 299 298 367
f 299 405 404
f 299 298 405
f 299 368 367
f 299 298 368
f 299 403 404
f 299 298 403
f 299 368 300
f 299 298 368
f 299 402 403
f 299 298 402
f 299 300 370
f 299 298 370
f 299 402 300
f 299 298 402
f 299 372 300
f 299 298 372
f 299 300 401
f 299 298 401
f 299 372 373
f 299 298 372
f 299 399 300
f 299 298 399
f 299 373 300
f 299 298 373
f 299 399 398
f 299 298 399
f 299 300 374
f 299 298 374
f 299 397 398
f 299 298 397
f 299 300 375
f 299 298 375
f 299 377 300
f 299 298 377
f 299 397 389
f 299 397 300
f 299 298 389
f 299 397 390
f 299 298 390
f 299 298 397
f 299 378 377
f 299 298 378
f 299 300 389
f 299 298 389
f 299 378 300
f 299 298 378
f 299 300 387
f 299 298 387
f 299 300 379
f 299 298 379
f 299 300 386
f 299 298 386
f 299 300 380
f 299 298 380
f 299 385 300
f 299 298 385
f 299 300 384
f 299 385 300
f 299 298 385
f 299 384 381
f 299 298 381
f 299 298 384
f 609 610 516
f 609 470 471
f 609 470 610
f 609 470 608
f 609 470 610
f 609 620 608
f 609 610 620
f 609 608 621
f 609 610 621
f 609 608 611
f 609 610 611
f 609 459 462
f 609 684 608
f 609 610 684
f 609 453 608
f 609 610 453
f 609 684 608
f 609 610 684
f 609 453 608
f 609 610 453
f 609 608 689
f 609 610 689
f 609 608 689
f 609 610 689
f 564 583 566
f 564 565 144
f 564 560 144
f 564 565 149
f 564 560 149
f 564 566 211
f 564 563 211
f 564 566 212
f 564 563 212
f 564 565 143
f 564 560 143
f 564 565 149
f 564 560 149
f 564 566 211
f 564 563 211
f 564 566 214
f 564 563 214
f 564 565 142
f 564 560 142
f 564 565 157
f 564 560 157
f 564 566 210
f 564 566 565
f 564 563 210
f 564 566 214
f 564 563 214
f 564 565 142
f 564 560 142
f 564 560 565
f 564 565 161
f 564 560 161
f 564 565 208
f 564 563 208
f 564 566 216
f 564 563 216
f 564 565 164
f 564 560 164
f 564 565 208
f 564 563 208
f 564 565 164
f 564 560 164
f 564 565 207
f 564 563 207
f 564 565 171
f 564 560 171
f 564 565 205
f 564 563 205
f 564 565 171
f 564 560 171
f 564 565 205
f 564 563 205
f 564 565 172
f 564 560 172
f 564 563 560
f 564 565 204
f 564 563 204
f 564 565 177
f 564 563 177
f 564 565 203
f 564 563 203
f 564 178 565
f 564 563 178
f 564 565 200
f 564 563 200
f 564 178 565
f 564 563 178
f 564 199 565
f 564 199 563
f 564 565 184
f 564 563 184
f 564 199 198
f 564 199 563
f 564 186 565
f 564 563 186
f 564 197 198
f 564 197 563
f 564 186 565
f 564 563 186
f 564 197 565
f 564 197 563
f 564 565 189
f 564 563 189
f 564 194 565
f 564 194 563
f 564 193 565
f 564 563 193
f 564 194 193
f 564 194 563
f 483 215 217
f 483 484 215
f 483 561 215
f 483 484 561
f 483 561 562
f 483 484 561
f 483 486 484
f 483 603 486
f 483 607 486
f 483 609 486
f 483 609 486
f 483 486 610
f 483 484 438
f 575 576 574
f 575 199 576
f 575 574 200
f 575 199 200
f 575 199 574
f 575 199 198
f 575 199 576
f 575 197 198
f 575 197 576
f 575 197 574
f 575 197 576
f 575 574 195
f 575 576 195
f 575 194 574
f 575 194 576
f 575 194 193
f 575 194 576
f 575 193 574
f 575 576 193
f 575 576 191
f 575 573 191
f 575 573 574
f 575 576 190
f 575 573 190
f 575 576 190
f 575 573 190
f 575 573 189
f 575 189 124
f 575 576 189
f 575 187 124
f 575 186 187
f 575 573 186
f 575 186 187
f 575 573 186
f 575 186 125
f 575 124 122
f 575 186 125
f 575 125 124
f 575 573 125
f 575 573 122
f 575 121 124
f 575 121 576
f 575 576 572
f 575 573 572
f 575 125 128
f 575 573 128
f 575 573 125
f 575 576 572
f 575 121 576
f 575 571 572
f 575 573 571
f 575 118 119
f 575 576 119
f 575 576 118
f 575 628 583
f 575 576 118
f 575 628 631
f 575 576 583
f 625 623 439
f 625 438 439
f 625 626 438
f 625 599 628
f 625 599 626
f 625 514 624
f 625 628 514
f 625 624 513
f 625 628 513
f 625 434 435
f 625 626 434
f 625 515 514
f 625 515 628
f 625 626 628
f 625 433 434
f 625 433 626
f 625 515 516
f 625 515 628
f 625 433 432
f 625 433 626
f 625 516 517
f 625 628 516
f 625 517 624
f 625 628 517
f 625 624 519
f 625 628 519
f 625 628 624
f 315 274 318
f 315 314 318
f 315 314 274
f 315 272 274
f 315 272 274
f 315 314 274
f 315 314 272
f 315 318 316
f 315 272 318
f 315 314 272
f 315 356 318
f 315 314 356
f 315 314 356
f 315 316 271
f 315 314 271
f 315 360 361
f 315 314 360
f 315 316 268
f 315 314 268
f 315 362 361
f 315 314 362
f 315 316 268
f 315 314 268
f 315 363 362
f 315 314 363
f 315 262 316
f 315 262 314
f 315 363 364
f 315 314 363
f 315 262 259
f 315 262 314
f 315 364 365
f 315 314 364
f 315 257 259
f 315 314 257
f 315 432 365
f 315 255 257
f 315 314 255
f 315 433 432
f 315 433 314
f 315 255 249
f 315 314 255
f 315 433 434
f 315 433 314
f 315 249 247
f 315 314 249
f 315 434 435
f 315 314 434
f 315 245 247
f 315 314 245
f 315 436 435
f 315 436 314
f 315 245 316
f 315 314 245
f 315 455 316
f 315 314 455
f 315 453 455
f 315 314 453
f 315 451 453
f 315 451 314
f 359 433 434
f 359 434 435
f 359 433 432
f 359 436 435
f 359 436 323
f 359 323 360
f 359 427 360
f 359 360 321
f 359 427 426
f 359 360 321
f 359 426 425
f 359 360 319
f 359 424 425
f 359 360 318
f 359 424 360
f 359 315 314
f 359 360 318
f 359 315 318
f 359 315 360
f 359 421 420
f 359 314 360
f 359 360 312
f 359 360 366
f 359 703 418
f 359 703 418
f 359 703 360
f 359 703 704
f 359 704 705
f 330 346 331
f 330 329 346
f 330 346 331
f 330 329 346
f 330 74 328
f 330 331 328
f 330 331 74
f 330 74 73
f 330 329 73
f 330 331 74
f 330 329 332
f 330 72 331
f 330 329 72
f 330 332 76
f 330 331 332
f 330 329 76
f 330 72 331
f 330 329 72
f 330 331 70
f 330 329 70
f 330 67 66
f 330 331 67
f 330 67 68
f 330 329 68
f 330 331 67
f 330 331 69
f 330 329 69
f 330 66 65
f 330 331 65
f 330 331 66
f 330 331 69
f 330 329 69
f 437 438 692
f 437 436 692
f 437 436 438
f 437 438 692
f 437 436 692
f 437 438 691
f 437 436 691
f 437 438 689
f 437 436 689
f 437 438 689
f 437 436 689
f 437 438 687
f 437 436 687
f 437 686 438
f 437 686 436
f 437 632 436
f 437 629 438
f 437 629 436
f 437 436 631
f 437 632 631
f 437 632 436
f 437 629 628
f 437 629 436
f 437 628 438
f 437 436 628
f 437 626 438
f 437 436 626
f 437 625 626
f 437 625 438
f 437 436 626
f 437 625 626
f 437 438 623
f 437 625 435
f 437 486 438
f 437 484 485
f 437 484 438
f 437 438 472
f 437 434 472
f 431 307 432
f 431 430 307
f 431 309 307
f 431 430 309
f 431 309 432
f 431 430 309
f 431 432 312
f 431 430 312
f 431 432 312
f 431 430 312
f 431 314 432
f 431 430 314
f 431 430 314
f 431 315 432
f 431 315 314
f 431 315 314
f 431 432 364
f 431 430 364
f 431 363 432
f 431 430 363
f 431 432 472
f 431 430 472
f 431 363 432
f 431 430 363
f 431 432 362
f 431 430 362
f 431 432 360
f 431 430 360
f 431 484 485
f 431 430 484
f 431 359 432
f 431 359 430
f 431 432 356
f 431 430 356
f 431 432 356
f 431 430 356
f 431 430 628
f 431 432 355
f 431 430 355
f 431 625 628
f 431 628 432
f 431 430 628
f 431 432 354
f 431 430 354
f 431 632 432
f 431 432 352
f 431 430 352
f 431 432 352
f 431 430 352
f 431 432 351
f 431 430 351
f 431 636 638
f 431 697 432
f 431 697 430
f 431 697 696
f 431 697 430
f 431 696 432
f 431 430 696
f 431 686 432
f 431 686 430
f 431 432 695
f 431 430 695
f 431 432 687
f 431 430 687
f 431 432 692
f 431 430 692
f 431 432 691
f 431 430 691
f 431 432 692
f 431 430 692
f 429 307 428
f 429 430 307
f 429 309 307
f 429 430 309
f 429 309 311
f 429 430 309
f 429 312 311
f 429 430 312
f 429 312 428
f 429 430 312
f 429 365 428
f 429 430 365
f 429 364 365
f 429 430 364
f 429 363 364
f 429 430 363
f 429 472 469
f 429 430 472
f 429 363 362
f 429 430 363
f 429 362 361
f 429 430 362
f 429 360 361
f 429 430 360
f 429 430 484
f 429 359 360
f 429 359 430
f 429 356 428
f 429 430 356
f 429 430 513
f 429 356 355
f 429 430 356
f 429 628 513
f 429 430 628
f 429 355 354
f 429 430 355
f 429 628 631
f 429 430 628
f 429 354 428
f 429 430 354
f 429 352 428
f 429 430 352
f 429 352 700
f 429 430 352
f 429 697 698
f 429 697 430
f 429 641 681
f 429 430 641
f 429 697 696
f 429 697 430
f 429 696 695
f 429 430 696
f 429 686 687
f 429 686 430
f 429 695 692
f 429 430 695
f 429 430 687
f 429 692 691
f 429 430 692
f 429 687 691
f 429 687 691
f 429 430 691
f 296 286 287
f 292 273 268
f 292 282 268
f 292 282 291
f 292 299 273
f 292 273 300
f 292 299 273
f 292 282 300
f 292 299 282
f 292 299 282
f 292 262 291
f 292 299 262
f 292 282 298
f 292 298 288
f 292 282 288
f 292 282 289
f 292 282 290
f 292 282 291
f 292 296 291
f 292 291 294
f 292 407 408
f 292 407 406
f 292 409 408
f 292 405 406
f 292 291 405
f 292 405 404
f 292 291 405
f 292 403 404
f 292 291 403
f 292 402 403
f 292 291 402
f 292 402 401
f 292 291 402
f 292 401 293
f 292 291 401
f 292 399 293
f 292 291 399
f 292 399 398
f 292 291 399
f 292 397 398
f 292 291 397
f 292 397 395
f 292 291 395
f 292 291 397
f 622 614 615
f 622 616 615
f 622 603 604
f 622 603 623
f 622 603 623
f 622 623 604
f 622 515 516
f 622 516 624
f 622 515 620
f 622 534 537
f 622 515 514
f 622 624 519
f 622 537 540
f 622 514 624
f 622 515 620
f 622 515 514
f 622 437 623
f 622 437 435
f 622 437 438
f 622 620 438
f 622 437 620
f 622 438 439
f 622 438 623
f 618 684 680
f 618 622 534
f 618 515 516
f 682 680 681
f 682 683 680
f 682 633 680
f 682 720 719
f 682 633 680
f 682 683 680
f 682 683 633
f 682 433 432
f 721 720 684
f 721 683 684
f 721 683 720
f 721 682 683
f 721 682 720
f 721 720 366
f 721 720 367
f 721 720 354
f 721 368 720
f 721 720 352
f 721 368 720
f 721 720 352
f 721 720 370
f 721 720 350
f 721 720 370
f 721 720 349
f 721 720 349
f 721 720 715
f 721 720 347
f 721 345 720
f 721 345 720
f 721 720 344
f 721 720 342
f 721 720 341
f 721 720 341
f 721 720 339
f 721 339 57
f 721 720 339
f 721 720 57
f 721 724 59
f 721 720 59
f 721 724 63
f 721 720 63
f 721 64 724
f 721 720 64
f 721 720 64
f 707 696 695
f 707 697 701
f 707 697 696
f 707 697 698
f 707 74 700
f 707 402 403
f 707 402 706
f 707 402 401
f 707 335 706
f 707 74 706
f 707 74 335
f 707 337 335
f 707 396 401
f 707 337 338
f 707 396 370
f 707 339 338
f 707 341 339
f 707 706 370
f 707 341 342
f 707 368 706
f 707 342 343
f 707 368 367
f 707 344 343
f 707 367 366
f 707 345 344
f 707 345 346
f 707 356 706
f 707 346 347
f 707 356 355
f 707 347 706
f 707 355 354
f 707 349 706
f 707 354 353
f 707 349 350
f 707 352 353
f 707 350 351
f 707 352 351
f 708 707 695
f 708 707 696
f 708 707 681
f 708 707 697
f 708 707 697
f 708 707 74
f 708 707 402
f 708 707 74
f 708 707 337
f 708 396 401
f 708 707 396
f 708 707 337
f 708 707 339
f 708 395 396
f 708 707 396
f 708 707 341
f 708 707 341
f 708 707 342
f 708 707 370
f 708 707 344
f 708 707 370
f 708 707 345
f 708 707 368
f 708 707 345
f 708 707 368
f 708 707 346
f 708 707 367
f 708 707 347
f 708 707 349
f 708 707 356
f 708 707 349
f 708 707 356
f 708 707 350
f 708 707 355
f 708 707 352
f 708 707 354
f 708 707 352
f 334 346 331
f 334 333 346
f 334 333 331
f 334 345 346
f 334 333 345
f 334 451 335
f 334 451 331
f 334 74 335
f 334 333 74
f 334 345 344
f 334 333 345
f 334 74 73
f 334 333 74
f 334 333 344
f 334 72 73
f 334 333 72
f 334 336 343
f 334 344 343
f 334 344 336
f 334 333 336
f 334 72 70
f 334 333 72
f 334 336 58
f 334 333 60
f 334 69 70
f 334 333 69
f 334 60 58
f 334 336 60
f 334 336 335
f 334 61 335
f 334 333 61
f 334 69 335
f 334 333 69
f 334 61 335
f 334 333 61
f 334 335 67
f 334 333 67
f 334 63 335
f 334 333 63
f 334 335 67
f 334 333 67
f 334 64 63
f 334 333 64
f 334 335 66
f 334 333 66
f 334 64 335
f 334 333 64
f 685 686 718
f 685 686 684
f 685 718 719
f 685 682 720
f 685 682 683
f 685 720 684
f 685 683 720
f 685 719 715
f 685 682 719
f 685 686 436
f 685 686 434
f 685 718 715
f 685 686 715
f 685 686 718
f 685 686 433
f 685 682 433
f 685 431 686
f 685 436 633
f 685 683 633
f 685 437 686
f 685 682 434
f 685 686 433
f 685 714 715
f 685 686 714
f 685 682 433
f 685 431 432
f 685 682 432
f 685 431 686
f 685 437 436
f 685 437 686
f 685 429 681
f 685 429 686
f 685 429 430
f 685 429 686
f 685 431 430
f 685 632 633
f 685 437 632
f 685 686 438
f 685 437 438
f 685 427 681
f 685 686 427
f 685 632 684
f 685 437 632
f 685 438 439
f 685 708 681
f 685 686 711
f 685 427 426
f 685 686 427
f 685 684 630
f 685 686 684
f 685 426 425
f 685 686 426
f 685 681 701
f 685 695 701
f 685 695 701
f 685 424 425
f 685 686 424
f 685 409 681
f 685 695 409
f 685 411 681
f 685 695 411
f 685 413 681
f 685 413 695
f 685 424 681
f 685 686 424
f 685 409 410
f 685 695 409
f 685 415 695
f 685 415 695
f 685 413 695
f 685 411 410
f 685 695 411
f 685 413 414
f 685 415 416
f 685 415 414
f 685 686 423
f 685 421 420
f 685 416 691
f 685 415 416
f 685 421 420
f 685 418 691
f 685 416 681
f 685 418 681
f 713 714 687
f 713 686 687
f 713 686 714
f 713 685 686
f 713 716 692
f 713 716 714
f 713 685 714
f 713 716 692
f 713 716 69
f 713 716 69
f 713 716 714
f 713 69 337
f 713 714 337
f 713 714 337
f 713 714 339
f 713 714 339
f 713 714 341
f 713 714 395
f 713 714 341
f 713 714 394
f 713 714 342
f 713 714 394
f 713 714 344
f 713 714 392
f 713 345 714
f 713 714 392
f 713 345 346
f 713 714 390
f 713 346 714
f 713 714 347
f 713 389 390
f 713 714 389
f 713 714 389
f 713 714 376
f 713 714 349
f 713 714 370
f 713 714 349
f 713 714 370
f 713 714 350
f 713 368 714
f 713 714 352
f 713 368 714
f 713 714 352
f 713 714 367
f 713 714 354
f 713 714 366
f 713 714 355
f 713 714 356
f 672 59 66
f 672 59 67
f 672 59 67
f 672 70 59
f 672 69 70
f 672 633 637
f 672 633 665
f 672 665 630
f 672 665 611
f 672 665 621
f 672 665 621
f 663 661 15
f 663 13 661
f 663 661 15
f 663 661 666
f 663 13 12
f 663 13 661
f 663 21 22
f 663 633 621
f 663 22 32
f 663 57 56
f 9 661 666
f 9 667 666
f 9 659 10
f 9 661 659
f 9 661 659
f 9 667 10
f 9 667 668
f 9 669 668
f 9 43 12
f 9 10 42
f 9 43 42
f 9 41 10
f 9 41 40
f 9 41 40
f 9 39 10
f 9 39 40
f 9 39 40
f 660 659 22
f 660 661 22
f 660 661 659
f 660 659 24
f 660 659 25
f 660 659 25
f 660 25 32
f 660 659 27
f 660 27 32
f 660 659 27
f 660 657 51
f 660 657 52
f 660 53 52
f 660 53 54
f 660 55 54
f 660 655 654
f 660 655 659
f 660 661 653
f 660 661 659
f 660 653 654
f 660 648 653
f 660 648 621
f 660 633 648
f 660 663 633
f 660 633 648
f 660 663 648
f 660 663 633
f 656 657 15
f 656 652 17
f 656 657 17
f 656 652 17
f 656 655 652
f 656 657 17
f 656 655 659
f 656 657 21
f 656 655 21
f 656 657 21
f 656 655 21
f 656 660 657
f 656 660 655
f 656 657 22
f 656 655 22
f 656 657 76
f 656 655 76
f 656 657 24
f 656 655 24
f 656 657 51
f 656 655 51
f 656 657 25
f 656 655 25
f 656 657 51
f 656 655 51
f 656 657 25
f 656 655 25
f 656 657 46
f 656 655 46
f 656 657 27
f 656 655 27
f 656 657 46
f 656 655 46
f 656 657 27
f 656 655 27
f 656 657 45
f 656 655 45
f 656 657 28
f 656 655 28
f 656 657 43
f 656 655 43
f 656 657 29
f 656 655 29
f 656 657 43
f 656 655 43
f 656 657 33
f 656 655 33
f 656 657 41
f 656 655 41
f 656 657 33
f 656 655 33
f 656 657 41
f 656 655 41
f 656 657 34
f 656 655 34
f 656 657 39
f 656 655 39
f 656 657 36
f 656 655 36
f 656 657 39
f 656 655 39
f 656 657 36
f 656 655 36
f 656 657 37
f 656 655 37
f 658 659 15
f 658 657 15
f 658 659 15
f 658 657 15
f 658 659 17
f 658 657 17
f 658 659 17
f 658 657 17
f 658 659 20
f 658 657 20
f 658 659 21
f 658 657 21
f 658 659 21
f 658 657 21
f 658 659 22
f 658 657 22
f 658 659 24
f 658 657 24
f 658 659 25
f 658 657 25
f 658 659 25
f 658 657 25
f 658 659 27
f 658 657 27
f 658 659 27
f 658 657 27
f 658 659 409
f 658 657 409
f 658 659 28
f 658 657 28
f 658 659 409
f 658 657 409
f 658 657 33
f 658 659 411
f 658 657 411
f 658 660 33
f 658 660 659
f 658 657 33
f 658 659 411
f 658 660 33
f 658 657 34
f 658 411 652
f 658 657 411
f 658 413 659
f 658 660 34
f 658 657 36
f 658 413 652
f 658 413 659
f 658 660 36
f 658 657 36
f 658 413 414
f 658 415 659
f 658 660 36
f 658 415 414
f 658 657 37
f 658 660 37
f 658 656 660
f 658 415 416
f 658 415 659
f 658 656 659
f 658 656 657
f 658 657 39
f 658 660 39
f 658 660 655
f 658 656 655
f 658 656 660
f 658 416 652
f 658 659 416
f 658 657 39
f 658 660 39
f 658 418 652
f 658 659 418
f 658 659 418
f 658 657 41
f 658 660 41
f 658 657 41
f 658 660 41
f 658 657 43
f 658 660 43
f 658 657 43
f 658 660 43
f 658 657 45
f 658 660 45
f 658 657 46
f 658 660 46
f 658 657 46
f 658 660 46
f 658 657 51
f 658 660 51
f 658 660 657
f 639 105 641
f 639 641 106
f 639 105 641
f 639 638 105
f 639 641 108
f 639 638 104
f 639 641 108
f 639 638 101
f 639 110 641
f 639 110 641
f 639 112 641
f 639 112 113
f 639 112 641
f 639 641 115
f 639 641 517
f 639 418 517
f 639 641 418
f 639 514 420
f 639 416 517
f 639 641 416
f 639 641 421
f 639 415 416
f 639 415 641
f 639 415 641
f 639 641 424
f 639 641 424
f 639 641 426
f 639 427 641
f 639 427 641
f 639 429 641
f 639 429 430
f 639 431 636
f 639 430 641
f 639 431 430
f 639 638 432
f 639 431 432
f 639 431 638
f 640 642 101
f 640 642 101
f 640 638 100
f 640 638 101
f 640 639 638
f 640 642 100
f 640 101 641
f 640 639 101
f 640 99 637
f 640 99 100
f 640 99 100
f 640 641 104
f 640 639 104
f 640 639 641
f 570 571 205
f 570 569 205
f 570 569 571
f 570 571 205
f 570 569 205
f 570 571 204
f 570 569 204
f 570 571 203
f 570 569 203
f 570 571 202
f 570 569 202
f 570 571 200
f 570 569 200
f 570 199 571
f 570 569 199
f 570 199 571
f 570 569 199
f 570 197 571
f 570 569 197
f 570 197 571
f 570 569 197
f 570 194 571
f 570 194 569
f 570 194 571
f 570 194 569
f 570 571 193
f 570 569 193
f 570 571 191
f 570 569 191
f 570 571 191
f 570 569 191
f 570 571 189
f 570 186 189
f 570 569 186
f 570 571 186
f 570 571 186
f 570 569 186
f 570 571 184
f 570 569 184
f 570 569 179
f 570 179 132
f 570 571 132
f 570 569 178
f 570 133 179
f 570 178 179
f 570 569 178
f 570 133 132
f 570 133 179
f 570 178 135
f 570 178 177
f 570 135 134
f 570 178 135
f 570 176 177
f 570 132 134
f 570 571 132
f 570 176 137
f 570 569 137
f 570 176 177
f 570 569 177
f 570 132 127
f 570 569 127
f 570 132 131
f 570 176 137
f 570 129 131
f 570 139 137
f 570 573 129
f 570 573 571
f 570 130 129
f 570 571 130
f 570 571 130
f 570 573 126
f 570 565 126
f 570 569 565
f 570 139 173
f 570 139 137
f 570 569 137
f 570 573 126
f 570 565 126
f 570 142 173
f 570 569 142
f 570 573 122
f 570 142 143
f 570 569 142
f 570 143 144
f 570 569 143
f 570 575 573
f 570 575 121
f 570 172 144
f 570 569 172
f 570 569 172
f 570 575 121
f 570 575 573
f 570 569 571
f 570 575 571
f 570 575 628
f 570 628 565
f 570 575 628
f 570 560 565
f 570 614 560
f 570 603 560
f 570 567 583
f 570 567 565
f 570 569 565
f 570 567 583
f 570 569 583
f 600 470 471
f 600 599 470
f 600 483 486
f 600 483 599
f 600 470 601
f 600 599 470
f 600 459 462
f 600 459 599
f 600 601 455
f 600 599 455
f 600 601 689
f 600 599 689
f 600 684 601
f 600 599 684
f 600 684 601
f 600 599 684
f 600 633 601
f 600 599 633
f 600 633 601
f 600 599 633
f 600 625 601
f 600 625 599
f 600 601 630
f 600 599 630
f 600 625 626
f 600 625 599
f 600 626 601
f 600 599 626
f 602 470 471
f 602 603 470
f 602 483 486
f 602 483 603
f 602 470 601
f 602 603 470
f 602 459 462
f 602 459 603
f 602 601 455
f 602 603 455
f 602 570 603
f 602 601 689
f 602 603 689
f 602 684 601
f 602 684 689
f 602 603 689
f 602 603 684
f 602 684 601
f 602 603 684
f 602 633 601
f 602 603 633
f 602 625 601
f 602 633 601
f 602 603 633
f 602 603 623
f 602 625 623
f 602 601 630
f 602 625 626
f 602 625 626
f 602 621 630
f 602 603 621
f 602 603 621
f 602 626 601
f 602 626 623
f 602 603 623
f 538 614 537
f 542 544 603
f 542 602 544
f 542 607 543
f 542 602 544
f 542 600 544
f 531 514 517
f 531 534 517
f 531 534 514
f 531 515 514
f 531 515 516
f 531 517 205
f 531 534 517
f 531 534 205
f 531 534 200
f 531 534 199
f 531 534 199
f 531 534 197
f 531 534 197
f 531 534 194
f 531 534 194
f 531 534 193
f 531 622 534
f 531 534 186
f 531 534 628
f 531 534 186
f 531 534 628
f 302 303 424
f 302 301 424
f 302 303 426
f 302 301 426
f 302 303 424
f 302 301 424
f 302 303 427
f 302 303 427
f 302 303 421
f 302 301 421
f 302 429 303
f 302 303 418
f 302 301 418
f 302 453 303
f 302 303 416
f 302 301 416
f 302 303 415
f 302 301 415
f 302 255 303
f 302 301 255
f 302 303 415
f 302 301 415
f 302 262 303
f 302 262 301
f 302 303 413
f 302 301 413
f 302 262 303
f 302 262 301
f 302 303 413
f 302 301 413
f 302 303 268
f 302 301 268
f 302 303 411
f 302 301 411
f 302 303 273
f 302 301 273
f 302 303 411
f 302 301 411
f 302 303 273
f 302 301 273
f 302 303 409
f 302 301 409
f 302 282 301
f 302 303 409
f 302 301 409
f 302 303 281
f 302 282 281
f 302 282 303
f 302 282 303
f 302 282 301
f 302 303 407
f 302 301 407
f 302 303 284
f 302 301 284
f 302 303 407
f 302 301 407
f 302 303 284
f 302 301 284
f 302 303 405
f 302 301 405
f 302 303 366
f 302 303 405
f 302 301 405
f 302 366 308
f 302 301 308
f 302 301 366
f 302 303 367
f 302 301 367
f 302 303 403
f 302 301 403
f 302 303 368
f 302 301 368
f 302 303 402
f 302 301 402
f 302 303 368
f 302 301 368
f 302 303 402
f 302 301 402
f 302 303 370
f 302 301 370
f 302 303 401
f 302 301 401
f 302 303 371
f 302 301 399
f 302 372 371
f 302 301 372
f 302 303 372
f 302 397 399
f 302 303 397
f 302 303 372
f 302 301 372
f 302 397 399
f 302 301 399
f 302 301 397
f 302 303 373
f 302 301 373
f 302 397 385
f 302 303 397
f 302 397 385
f 302 301 385
f 302 301 397
f 302 301 385
f 302 303 374
f 302 301 374
f 302 303 384
f 302 301 384
f 302 303 377
f 302 301 377
f 302 303 379
f 302 301 379
f 302 303 378
f 302 301 378
f 302 303 378
f 302 301 378
f 646 99 100
f 646 647 99
f 646 647 101
f 646 98 99
f 646 100 645
f 646 101 100
f 646 98 648
f 646 98 99
f 646 647 99
f 646 101 644
f 646 647 644
f 646 647 101
f 646 669 648
f 646 647 669
f 635 638 105
f 635 636 638
f 635 431 636
f 635 639 638
f 635 639 636
f 635 636 433
f 635 431 430
f 635 431 632
f 635 639 431
f 635 639 431
f 635 639 105
f 635 427 631
f 635 427 426
f 635 429 430
f 635 639 429
f 635 639 106
f 635 429 631
f 635 426 631
f 635 639 427
f 635 639 427
f 635 682 433
f 635 639 429
f 635 639 108
f 635 639 426
f 635 636 433
f 635 682 433
f 635 639 108
f 635 631 425
f 635 424 425
f 635 639 424
f 635 639 110
f 635 514 631
f 635 514 424
f 635 639 424
f 635 515 514
f 635 514 424
f 635 639 110
f 635 515 631
f 635 515 514
f 635 639 112
f 635 112 583
f 635 631 517
f 635 639 514
f 635 639 112
f 635 112 113
f 635 514 421
f 635 639 421
f 635 639 514
f 635 639 517
f 635 631 519
f 635 639 113
f 635 113 583
f 635 639 519
f 635 631 519
f 635 639 115
f 635 583 115
f 635 639 519
f 635 575 583
f 635 575 631
f 635 575 118
f 635 531 534
f 635 570 575
f 635 534 537
f 634 633 637
f 634 636 637
f 634 636 633
f 634 635 636
f 634 682 633
f 634 635 682
f 634 635 636
f 634 101 633
f 634 636 101
f 634 636 101
f 634 682 683
f 634 685 683
f 634 685 682
f 634 685 633
f 634 685 682
f 634 635 105
f 634 633 434
f 634 682 434
f 634 635 682
f 634 635 105
f 634 635 632
f 634 632 633
f 634 632 433
f 634 635 433
f 634 632 433
f 634 635 433
f 634 431 632
f 634 635 431
f 634 635 431
f 468 226 469
f 468 467 226
f 468 222 469
f 468 467 222
f 468 226 469
f 468 467 226
f 468 222 469
f 468 467 222
f 468 469 228
f 468 467 228
f 468 469 228
f 468 467 228
f 468 572 469
f 468 572 574
f 468 572 574
f 468 577 574
f 468 230 469
f 468 467 230
f 468 578 577
f 468 230 469
f 468 467 230
f 468 578 469
f 468 232 469
f 468 467 232
f 468 580 469
f 468 232 469
f 468 467 232
f 468 580 581
f 468 234 469
f 468 467 234
f 468 235 234
f 468 467 235
f 468 235 469
f 468 467 235
f 468 469 240
f 468 467 240
f 468 600 599
f 468 242 469
f 468 467 242
f 468 600 601
f 468 242 469
f 468 467 242
f 468 602 601
f 468 469 245
f 468 467 245
f 468 602 603
f 468 469 249
f 468 467 249
f 468 603 604
f 468 255 469
f 468 467 255
f 468 255 257
f 468 467 255
f 468 607 608
f 468 257 259
f 468 467 257
f 468 609 608
f 468 262 259
f 468 467 262
f 468 609 610
f 468 262 469
f 468 610 469
f 468 469 268
f 468 262 268
f 468 467 262
f 468 469 268
f 468 467 268
f 468 273 469
f 468 467 273
f 468 276 273
f 468 467 276
f 468 276 469
f 468 467 276
f 468 279 469
f 468 280 279
f 468 467 280
f 468 280 279
f 468 280 281
f 468 467 280
f 468 282 281
f 468 282 467
f 468 282 467
f 468 284 285
f 468 467 284
f 468 284 469
f 468 282 469
f 468 282 284
f 468 286 285
f 468 467 286
f 468 286 469
f 468 467 286
f 468 288 469
f 468 467 288
f 468 402 288
f 468 402 403
f 468 467 402
f 468 402 289
f 468 467 289
f 468 467 402
f 468 403 404
f 468 467 403
f 468 405 404
f 468 467 405
f 468 405 469
f 468 467 405
f 468 407 469
f 468 467 407
f 468 407 469
f 468 467 407
f 468 409 469
f 468 467 409
f 468 409 410
f 468 467 409
f 468 411 410
f 468 467 411
f 468 411 469
f 468 467 411
f 468 413 469
f 468 467 413
f 468 413 414
f 468 467 413
f 468 415 414
f 468 467 415
f 468 415 416
f 468 467 415
f 468 416 469
f 468 467 416
f 468 418 469
f 468 467 418
f 468 421 420
f 468 467 421
f 468 424 469
f 468 467 424
f 468 424 425
f 468 467 424
f 468 426 425
f 468 467 426
f 468 427 426
f 468 467 427
f 468 427 469
f 468 467 427
f 468 429 469
f 468 429 467
f 468 429 430
f 468 429 467
f 468 431 430
f 468 431 467
f 468 431 432
f 468 431 467
f 468 433 432
f 468 467 433
f 468 433 434
f 468 467 433
f 468 437 434
f 468 437 467
f 468 437 438
f 468 437 467
f 468 438 439
f 468 467 438
f 463 462 226
f 463 462 222
f 463 467 222
f 463 462 226
f 463 462 222
f 463 467 222
f 463 462 228
f 463 462 574
f 463 462 228
f 463 468 574
f 463 468 467
f 463 462 230
f 463 462 577
f 463 468 577
f 463 462 230
f 463 462 578
f 463 468 578
f 463 609 610
f 463 609 462
f 463 468 609
f 463 462 232
f 463 462 578
f 463 468 578
f 463 607 462
f 463 468 607
f 463 462 232
f 463 580 462
f 463 468 580
f 463 462 234
f 463 580 462
f 463 468 462
f 463 468 580
f 463 603 462
f 463 468 603
f 463 462 235
f 463 602 603
f 463 468 602
f 463 462 235
f 463 602 462
f 463 468 602
f 463 462 240
f 463 600 462
f 463 468 600
f 463 462 245
f 463 600 599
f 463 468 600
f 463 462 245
f 463 462 249
f 463 462 255
f 463 462 255
f 463 262 462
f 463 262 462
f 463 273 268
f 463 462 273
f 463 462 273
f 463 282 281
f 463 282 462
f 463 282 286
f 463 282 462
f 463 462 286
f 463 462 288
f 463 462 289
f 463 462 290
f 463 291 462
f 463 292 291
f 463 409 410
f 463 409 294
f 457 298 418
f 590 99 100
f 460 462 240
f 460 459 240
f 460 459 462
f 460 462 245
f 460 459 245
f 460 462 245
f 460 459 245
f 460 462 249
f 460 459 249
f 460 462 255
f 460 459 255
f 460 462 255
f 460 459 255
f 460 262 462
f 460 459 262
f 460 262 462
f 460 459 262
f 460 462 273
f 460 459 273
f 460 462 273
f 460 459 273
f 460 282 462
f 460 282 459
f 460 282 462
f 460 282 459
f 460 462 288
f 460 459 288
f 460 462 289
f 460 459 289
f 460 459 290
f 460 459 291
f 460 292 459
f 460 296 413
f 460 296 415
f 460 609 610
f 460 609 459
f 460 609 459
f 699 451 700
f 699 700 694
f 699 698 694
f 699 453 698
f 699 451 453
f 699 451 453
f 699 438 439
f 699 438 439
f 699 708 707
f 699 708 707
f 699 436 438
f 699 436 438
f 699 707 700
f 699 707 698
f 699 436 435
f 699 436 435
f 699 698 701
f 699 434 435
f 699 434 435
f 699 705 700
f 699 705 701
f 699 705 701
f 699 433 434
f 699 433 434
f 699 427 701
f 699 427 426
f 699 427 426
f 699 426 425
f 699 426 425
f 699 433 432
f 699 433 432
f 699 427 700
f 699 427 698
f 699 424 698
f 699 424 425
f 699 424 425
f 699 431 432
f 699 431 432
f 699 429 700
f 699 429 698
f 699 431 430
f 699 431 430
f 699 429 430
f 699 429 430
f 447 700 338
f 447 339 338
f 447 339 700
f 447 621 689
f 480 217 216
f 480 216 218
f 480 563 216
f 480 223 218
f 480 563 562
f 480 232 231
f 480 590 483
f 480 248 243
f 480 230 223
f 480 600 483
f 480 600 483
f 480 602 483
f 480 602 483
f 480 483 603
f 480 483 607
f 480 483 609
f 480 483 609
f 480 483 610
f 480 276 278
f 480 280 281
f 556 489 212
f 488 486 559
f 488 486 214
f 488 489 214
f 488 556 486
f 488 600 599
f 488 600 486
f 488 602 486
f 488 602 603
f 488 603 486
f 488 607 486
f 488 609 486
f 488 609 486
f 488 486 610
f 488 437 489
f 488 489 438
f 490 266 212
f 490 489 212
f 490 214 266
f 490 489 214
f 490 214 266
f 490 489 214
f 490 266 215
f 490 489 215
f 490 489 266
f 490 489 266
f 490 489 269
f 490 489 274
f 490 279 395
f 490 280 279
f 490 437 489
f 490 489 434
f 490 489 433
f 490 489 433
f 490 431 489
f 490 431 489
f 490 429 489
f 490 429 489
f 490 489 427
f 490 489 427
f 490 489 426
f 358 436 323
f 358 359 436
f 358 323 322
f 358 359 323
f 358 436 435
f 358 359 436
f 358 321 322
f 358 359 321
f 358 434 435
f 358 359 434
f 358 321 320
f 358 359 321
f 358 433 434
f 358 359 433
f 358 319 320
f 358 359 319
f 358 433 432
f 358 359 433
f 358 318 319
f 358 359 318
f 358 431 432
f 358 431 359
f 358 315 318
f 358 359 315
f 358 431 430
f 358 431 359
f 358 315 314
f 358 359 315
f 358 429 430
f 358 429 359
f 358 314 313
f 358 359 314
f 358 429 428
f 358 429 359
f 358 312 313
f 358 359 312
f 358 427 428
f 358 359 427
f 358 366 312
f 358 359 366
f 358 427 426
f 358 359 427
f 358 426 425
f 358 359 426
f 358 707 706
f 358 707 366
f 358 705 706
f 358 705 366
f 358 359 705
f 358 424 425
f 358 359 424
f 358 708 366
f 358 708 707
f 358 708 707
f 358 704 705
f 358 359 704
f 358 424 423
f 358 359 424
f 358 703 704
f 358 359 703
f 358 703 702
f 358 359 703
f 358 359 421
f 358 359 420
f 358 421 702
f 358 421 420
f 304 431 430
f 304 429 430
f 304 431 303
f 304 429 303
f 304 433 303
f 304 303 427
f 304 303 427
f 304 303 426
f 304 303 424
f 304 303 424
f 304 303 421
f 304 453 303
f 304 255 303
f 304 303 418
f 304 255 303
f 304 303 416
f 304 262 303
f 304 303 415
f 304 262 303
f 304 303 415
f 304 303 268
f 304 303 413
f 304 303 273
f 304 303 413
f 304 303 273
f 304 303 411
f 304 303 280
f 304 303 411
f 304 303 280
f 304 303 409
f 304 303 409
f 304 303 366
f 304 281 308
f 304 303 308
f 304 303 407
f 304 303 367
f 304 282 281
f 304 282 303
f 304 282 303
f 304 303 368
f 304 303 379
f 304 407 406
f 304 303 407
f 304 303 368
f 304 303 378
f 304 405 406
f 304 303 405
f 304 303 370
f 304 303 378
f 304 405 404
f 304 303 404
f 304 303 405
f 304 303 371
f 304 303 377
f 304 303 372
f 304 303 373
f 304 303 372
f 295 291 290
f 295 296 291
f 295 290 289
f 295 296 290
f 295 292 291
f 295 292 296
f 295 289 288
f 295 296 289
f 295 288 294
f 295 296 288
f 295 460 296
f 295 460 292
f 295 460 292
f 295 294 287
f 295 296 287
f 295 296 294
f 295 296 411
f 295 296 413
f 295 411 410
f 295 296 411
f 295 409 410
f 295 296 409
f 295 409 294
f 295 296 409
f 295 407 294
f 295 296 407
f 295 407 294
f 295 296 407
f 295 405 294
f 295 296 405
f 295 405 404
f 295 296 405
f 295 403 404
f 295 296 403
f 295 402 403
f 295 296 402
f 295 402 294
f 295 296 402
f 295 294 401
f 295 296 401
f 295 399 294
f 295 296 399
f 295 399 294
f 295 296 399
f 295 397 294
f 295 296 397
f 295 394 397
f 295 394 294
f 295 394 397
f 295 296 397
f 295 294 392
f 295 296 392
f 295 294 392
f 295 296 392
f 295 294 390
f 295 296 390
f 295 294 389
f 295 296 389
f 295 294 389
f 295 296 389
f 295 294 387
f 295 296 387
f 295 294 386
f 295 296 386
f 295 294 385
f 295 296 385
f 295 294 385
f 295 296 385
f 295 294 384
f 295 296 384
f 295 294 383
f 295 296 383
f 295 294 381
f 295 296 381
f 295 294 380
f 295 296 380
f 295 294 379
f 295 296 379
f 295 296 378
f 295 378 379
f 295 294 379
f 295 296 378
f 295 294 375
f 295 296 375
f 295 294 374
f 295 296 374
f 295 373 294
f 295 296 373
f 295 373 294
f 295 296 373
f 295 294 370
f 295 296 370
f 295 368 294
f 295 296 368
f 295 368 367
f 295 296 368
f 295 367 366
f 295 296 367
f 295 308 294
f 295 296 308
f 295 296 308
f 297 298 286
f 297 296 286
f 297 298 308
f 297 298 286
f 297 296 286
f 297 308 294
f 297 296 294
f 297 296 308
f 297 298 308
f 297 296 308
f 297 298 288
f 297 296 288
f 297 296 289
f 297 298 367
f 297 296 367
f 297 292 289
f 297 292 298
f 297 298 368
f 297 296 368
f 297 296 290
f 297 292 290
f 297 292 296
f 297 457 292
f 297 457 292
f 297 298 368
f 297 296 368
f 297 298 370
f 297 296 370
f 297 298 415
f 297 298 416
f 297 457 416
f 297 457 298
f 297 298 373
f 297 296 373
f 297 298 415
f 297 296 415
f 297 298 373
f 297 296 373
f 297 298 413
f 297 296 413
f 297 298 374
f 297 296 374
f 297 298 413
f 297 296 413
f 297 298 375
f 297 296 375
f 297 298 411
f 297 296 411
f 297 298 378
f 297 296 378
f 297 298 411
f 297 296 411
f 297 298 378
f 297 296 378
f 297 298 409
f 297 296 409
f 297 298 379
f 297 296 379
f 297 298 409
f 297 296 409
f 297 298 380
f 297 296 380
f 297 298 407
f 297 296 407
f 297 298 381
f 297 296 381
f 297 298 407
f 297 296 407
f 297 298 384
f 297 298 405
f 297 296 405
f 297 384 383
f 297 296 383
f 297 296 384
f 297 298 385
f 297 296 385
f 297 298 405
f 297 296 405
f 297 298 385
f 297 296 385
f 297 298 403
f 297 296 403
f 297 298 386
f 297 296 386
f 297 298 402
f 297 296 402
f 297 298 387
f 297 296 387
f 297 298 402
f 297 296 402
f 297 298 389
f 297 296 389
f 297 298 401
f 297 296 401
f 297 298 389
f 297 296 389
f 297 298 399
f 297 296 399
f 297 298 390
f 297 296 390
f 297 298 399
f 297 296 399
f 297 298 392
f 297 296 392
f 297 298 397
f 297 296 397
f 297 298 397
f 297 397 392
f 297 296 392
f 297 296 397
f 617 618 684
f 617 684 611
f 617 616 611
f 617 618 684
f 617 616 689
f 617 618 689
f 617 616 689
f 617 622 540
f 617 622 616
f 617 616 537
f 617 622 537
f 617 618 622
f 617 451 689
f 617 618 451
f 617 451 616
f 617 543 540
f 617 616 543
f 617 616 543
f 617 618 534
f 617 616 516
f 617 618 516
f 617 616 516
f 617 618 516
f 619 620 680
f 619 618 680
f 619 684 620
f 619 618 684
f 619 618 684
f 619 622 519
f 619 620 687
f 619 684 687
f 619 684 620
f 619 620 689
f 619 618 689
f 619 622 516
f 619 622 620
f 619 516 519
f 619 618 516
f 619 451 620
f 619 618 451
f 619 515 620
f 619 618 515
f 619 515 620
f 619 618 515
f 619 620 438
f 619 437 620
f 722 682 683
f 722 721 683
f 722 721 682
f 722 682 681
f 722 721 682
f 722 721 347
f 722 721 349
f 722 721 345
f 722 721 349
f 722 721 345
f 722 721 350
f 722 721 344
f 722 721 352
f 722 667 666
f 722 721 342
f 722 721 352
f 722 721 341
f 722 721 354
f 722 721 341
f 722 721 366
f 722 721 339
f 722 721 367
f 722 721 368
f 722 721 370
f 722 721 368
f 722 721 370
f 722 55 339
f 722 721 339
f 722 724 57
f 722 721 57
f 722 724 57
f 722 721 57
f 722 721 724
f 710 685 711
f 710 711 695
f 710 685 711
f 710 711 695
f 710 711 700
f 710 711 716
f 710 711 716
f 710 74 73
f 710 711 74
f 710 73 337
f 710 711 73
f 710 711 337
f 710 711 339
f 710 711 395
f 710 711 341
f 710 711 394
f 710 711 341
f 710 711 394
f 710 711 342
f 710 711 344
f 710 383 392
f 710 711 392
f 710 711 376
f 710 711 345
f 710 383 392
f 710 711 392
f 710 711 383
f 710 711 370
f 710 711 345
f 710 711 370
f 710 711 346
f 710 711 368
f 710 711 347
f 710 711 368
f 710 711 349
f 710 711 367
f 710 711 349
f 710 711 366
f 710 711 350
f 710 711 356
f 710 711 352
f 710 711 356
f 710 711 352
f 710 711 355
f 710 711 354
f 712 686 711
f 712 713 686
f 712 711 692
f 712 713 692
f 712 685 686
f 712 713 685
f 712 711 692
f 712 713 692
f 712 685 711
f 712 713 685
f 712 711 693
f 712 716 693
f 712 713 716
f 712 711 716
f 712 713 716
f 712 716 73
f 712 711 73
f 712 711 70
f 712 716 74
f 712 711 74
f 712 711 716
f 712 69 70
f 712 713 69
f 712 713 69
f 712 711 337
f 712 713 337
f 712 711 339
f 712 713 339
f 712 711 339
f 712 713 339
f 712 711 341
f 712 713 341
f 712 711 395
f 712 713 395
f 712 711 341
f 712 713 341
f 712 711 394
f 712 713 394
f 712 711 342
f 712 713 342
f 712 711 394
f 712 713 394
f 712 711 344
f 712 713 344
f 712 711 392
f 712 713 392
f 712 711 345
f 712 713 345
f 712 711 392
f 712 713 392
f 712 711 345
f 712 713 345
f 712 711 390
f 712 713 390
f 712 711 346
f 712 713 346
f 712 711 390
f 712 713 390
f 712 711 347
f 712 713 347
f 712 711 376
f 712 713 376
f 712 711 349
f 712 713 349
f 712 711 370
f 712 713 370
f 712 711 349
f 712 713 349
f 712 711 370
f 712 713 370
f 712 711 350
f 712 713 350
f 712 711 368
f 712 713 368
f 712 711 352
f 712 713 352
f 712 711 368
f 712 713 368
f 712 711 352
f 712 713 352
f 712 711 367
f 712 713 367
f 712 711 354
f 712 713 354
f 712 711 366
f 712 713 366
f 712 711 355
f 712 713 355
f 712 711 356
f 712 713 356
f 670 669 12
f 670 669 51
f 670 669 53
f 670 669 53
f 670 669 55
f 670 669 55
f 670 669 57
f 670 669 57
f 670 74 59
f 670 669 59
f 670 669 665
f 670 669 665
f 675 672 55
f 675 672 57
f 675 672 57
f 675 672 59
f 675 672 66
f 675 672 67
f 675 672 67
f 675 672 69
f 675 672 69
f 675 672 74
f 675 672 74
f 664 665 15
f 664 663 15
f 664 13 665
f 664 663 13
f 664 665 15
f 664 13 666
f 664 15 19
f 664 663 19
f 664 663 15
f 664 663 20
f 664 666 648
f 664 13 666
f 664 663 13
f 664 20 19
f 664 665 19
f 664 648 665
f 664 663 648
f 664 666 648
f 664 663 648
f 664 663 666
f 664 666 12
f 664 663 12
f 664 663 666
f 664 21 20
f 664 663 21
f 664 663 21
f 664 663 33
f 664 633 665
f 664 663 633
f 664 33 34
f 664 665 34
f 664 663 33
f 664 633 665
f 664 663 633
f 664 665 34
f 664 663 34
f 664 665 621
f 664 663 621
f 664 665 36
f 664 663 36
f 664 665 621
f 664 663 621
f 664 665 36
f 664 663 36
f 664 665 57
f 664 663 57
f 664 665 37
f 664 663 37
f 664 665 57
f 664 663 57
f 664 39 665
f 664 663 39
f 664 665 55
f 664 663 55
f 664 39 40
f 664 663 39
f 664 665 55
f 664 663 55
f 664 41 40
f 664 663 41
f 664 665 53
f 664 663 53
f 664 41 665
f 664 663 41
f 664 665 53
f 664 663 53
f 664 43 665
f 664 663 43
f 664 665 51
f 664 663 51
f 664 43 665
f 664 663 43
f 664 46 665
f 664 663 46
f 664 665 45
f 664 663 45
f 664 46 665
f 664 663 46
f 662 663 19
f 662 663 661
f 662 19 17
f 662 661 17
f 662 661 19
f 662 661 20
f 662 663 20
f 662 661 21
f 662 663 21
f 662 661 21
f 662 663 21
f 662 661 22
f 662 663 22
f 662 660 661
f 662 660 24
f 662 660 661
f 662 32 24
f 662 663 32
f 662 660 25
f 662 661 666
f 662 663 666
f 662 663 661
f 662 663 648
f 662 660 648
f 662 660 663
f 662 25 32
f 662 660 25
f 662 663 33
f 662 660 33
f 662 663 33
f 662 660 33
f 662 663 34
f 662 660 34
f 662 663 36
f 662 660 36
f 662 663 36
f 662 660 36
f 662 663 37
f 662 660 37
f 662 663 39
f 662 660 39
f 662 663 39
f 662 660 39
f 662 663 41
f 662 660 41
f 662 663 41
f 662 660 41
f 662 663 43
f 662 660 43
f 662 663 43
f 662 660 43
f 662 663 45
f 662 660 45
f 662 663 46
f 662 660 46
f 662 660 46
f 662 46 51
f 662 663 46
f 662 660 51
f 662 663 51
f 662 660 51
f 662 663 53
f 662 660 53
f 662 663 53
f 662 660 53
f 662 663 55
f 662 660 55
f 662 660 55
f 662 55 56
f 662 663 56
f 662 663 55
f 662 663 621
f 662 660 621
f 662 660 663
f 7 672 12
f 7 51 48
f 7 667 668
f 7 43 5
f 7 667 666
f 7 43 42
f 539 609 608
f 539 542 603
f 535 614 537
f 535 534 614
f 535 616 537
f 535 534 616
f 535 617 616
f 535 617 534
f 535 617 534
f 606 607 544
f 606 539 542
f 606 607 544
f 606 542 544
f 606 542 607
f 606 607 546
f 606 488 607
f 606 483 607
f 606 480 483
f 606 607 470
f 606 633 621
f 606 607 470
f 606 621 611
f 606 607 611
f 606 607 621
f 606 607 680
f 606 468 607
f 606 607 684
f 606 463 468
f 606 607 684
f 606 463 607
f 606 607 689
f 606 459 607
f 606 607 689
f 606 607 455
f 533 535 534
f 533 534 614
f 532 515 514
f 532 531 515
f 532 534 514
f 532 533 534
f 532 531 534
f 532 617 534
f 532 617 531
f 532 534 616
f 532 533 534
f 532 531 616
f 532 617 618
f 532 617 531
f 532 531 614
f 532 533 614
f 532 618 622
f 532 531 622
f 532 531 618
f 527 205 202
f 527 531 205
f 527 531 205
f 527 200 202
f 527 531 200
f 527 199 200
f 527 531 199
f 527 199 198
f 527 531 199
f 527 197 198
f 527 531 197
f 527 197 196
f 527 531 197
f 527 194 196
f 527 531 194
f 527 194 193
f 527 531 194
f 527 193 189
f 527 531 193
f 527 519 518
f 527 517 518
f 527 531 517
f 422 302 301
f 422 302 301
f 422 301 423
f 422 301 421
f 422 302 303
f 422 302 303
f 422 304 303
f 422 304 303
f 422 307 423
f 422 307 421
f 422 309 307
f 422 309 307
f 422 309 423
f 422 309 421
f 422 423 364
f 422 421 364
f 422 468 467
f 422 468 467
f 422 363 423
f 422 363 421
f 422 468 469
f 422 468 421
f 422 363 362
f 422 363 421
f 422 472 469
f 422 421 472
f 422 362 423
f 422 421 362
f 422 360 423
f 422 421 360
f 422 359 360
f 422 359 421
f 422 358 359
f 422 358 359
f 422 358 423
f 422 358 421
f 422 421 702
f 422 356 702
f 422 356 423
f 422 356 423
f 422 701 423
f 422 421 701
f 422 698 701
f 422 421 698
f 422 697 698
f 422 697 421
f 422 514 423
f 422 514 421
f 422 697 696
f 422 697 696
f 422 635 514
f 422 635 514
f 422 696 695
f 422 696 421
f 422 635 639
f 422 635 639
f 422 695 423
f 422 421 695
f 422 639 641
f 422 639 641
f 422 685 423
f 422 685 421
f 422 647 641
f 422 647 641
f 422 685 681
f 422 685 421
f 422 647 423
f 422 647 421
f 422 661 423
f 422 659 421
f 422 661 659
f 422 661 659
f 419 302 301
f 419 302 301
f 419 301 420
f 419 301 418
f 419 302 303
f 419 302 303
f 419 299 420
f 419 299 418
f 419 304 303
f 419 304 303
f 419 299 298
f 419 307 420
f 419 307 418
f 419 309 307
f 419 309 307
f 419 309 420
f 419 309 418
f 419 420 364
f 419 418 364
f 419 363 420
f 419 363 418
f 419 363 362
f 419 363 418
f 419 468 467
f 419 468 467
f 419 362 420
f 419 418 362
f 419 468 420
f 419 468 418
f 419 420 360
f 419 418 360
f 419 470 420
f 419 470 418
f 419 359 420
f 419 359 418
f 419 470 472
f 419 470 418
f 419 359 420
f 419 359 418
f 419 420 701
f 419 418 701
f 419 697 420
f 419 697 418
f 419 697 696
f 419 697 696
f 419 696 695
f 419 696 418
f 419 695 420
f 419 418 695
f 419 685 420
f 419 685 418
f 419 685 420
f 419 685 418
f 419 514 420
f 419 514 418
f 419 661 666
f 419 514 420
f 419 514 418
f 419 661 659
f 419 661 659
f 419 639 420
f 419 639 418
f 419 659 420
f 419 659 418
f 419 639 641
f 419 639 641
f 419 647 420
f 419 647 418
f 419 647 641
f 419 647 641
f 454 302 453
f 454 302 301
f 454 302 301
f 454 301 455
f 454 301 453
f 454 299 455
f 454 299 421
f 454 422 421
f 454 299 421
f 454 419 299
f 454 419 299
f 454 457 429
f 454 457 429
f 454 457 431
f 454 457 431
f 454 457 433
f 454 453 455
f 454 457 433
f 454 460 457
f 454 457 437
f 465 467 226
f 465 463 226
f 465 463 467
f 465 467 226
f 465 463 226
f 465 467 228
f 465 463 228
f 465 467 228
f 465 463 228
f 465 467 230
f 465 463 230
f 465 467 230
f 465 463 230
f 465 467 232
f 465 463 232
f 465 467 232
f 465 463 232
f 465 467 234
f 465 463 234
f 465 467 235
f 465 463 235
f 465 463 235
f 465 242 245
f 465 280 281
f 465 291 405
f 465 292 291
f 465 463 468
f 465 468 469
f 465 470 469
f 465 468 610
f 465 468 609
f 465 463 609
f 465 463 468
f 456 455 226
f 456 457 226
f 456 455 224
f 456 457 224
f 456 455 226
f 456 457 226
f 456 590 457
f 456 455 228
f 456 457 228
f 456 455 228
f 456 457 228
f 456 455 230
f 456 457 230
f 456 600 599
f 456 457 600
f 456 455 230
f 456 457 230
f 456 600 601
f 456 457 600
f 456 455 232
f 456 457 232
f 456 602 601
f 456 457 602
f 456 455 232
f 456 457 232
f 456 602 603
f 456 457 602
f 456 455 234
f 456 457 234
f 456 603 455
f 456 457 603
f 456 455 235
f 456 457 235
f 456 455 235
f 456 457 235
f 456 606 607
f 456 606 457
f 456 455 240
f 456 457 240
f 456 607 608
f 456 457 607
f 456 455 245
f 456 457 245
f 456 609 608
f 456 457 609
f 456 455 245
f 456 457 245
f 456 609 610
f 456 457 609
f 456 255 455
f 456 457 255
f 456 457 255
f 456 610 455
f 456 454 455
f 456 457 610
f 456 454 457
f 456 301 255
f 456 457 262
f 456 454 299
f 456 454 299
f 456 454 419
f 456 262 301
f 456 302 301
f 456 302 301
f 456 299 455
f 456 292 299
f 456 457 292
f 456 457 298
f 456 419 298
f 456 419 457
f 456 419 457
f 456 454 419
f 456 255 303
f 456 302 303
f 456 302 255
f 456 301 455
f 456 262 301
f 456 299 262
f 456 292 299
f 456 457 292
f 456 457 421
f 456 454 421
f 456 422 457
f 456 454 422
f 456 422 457
f 456 454 422
f 456 457 424
f 456 454 424
f 456 457 424
f 456 454 424
f 456 457 426
f 456 454 426
f 456 457 427
f 456 454 427
f 456 457 427
f 456 454 427
f 456 454 457
f 458 459 226
f 458 457 226
f 458 459 226
f 458 457 226
f 458 459 228
f 458 457 228
f 458 459 228
f 458 457 228
f 458 459 230
f 458 457 230
f 458 600 459
f 458 457 600
f 458 459 230
f 458 457 230
f 458 600 459
f 458 457 600
f 458 459 232
f 458 457 232
f 458 602 459
f 458 457 602
f 458 459 232
f 458 457 232
f 458 602 459
f 458 457 602
f 458 459 234
f 458 457 234
f 458 459 603
f 458 457 603
f 458 459 235
f 458 457 235
f 458 459 235
f 458 457 235
f 458 606 459
f 458 606 457
f 458 459 240
f 458 457 240
f 458 459 607
f 458 457 607
f 458 459 245
f 458 457 245
f 458 609 459
f 458 457 609
f 458 459 245
f 458 457 245
f 458 609 459
f 458 457 609
f 458 459 255
f 458 457 255
f 458 460 459
f 458 459 255
f 458 457 255
f 458 457 610
f 458 460 610
f 458 460 457
f 458 459 262
f 458 457 262
f 458 457 421
f 458 460 421
f 458 422 457
f 458 422 460
f 458 459 262
f 458 419 457
f 458 419 460
f 458 422 457
f 458 422 460
f 458 262 291
f 458 419 457
f 458 419 460
f 458 457 424
f 458 460 424
f 458 282 291
f 458 292 262
f 458 457 292
f 458 459 268
f 458 282 268
f 458 282 459
f 458 457 418
f 458 460 418
f 458 457 424
f 458 460 424
f 458 292 459
f 458 459 291
f 458 282 291
f 458 282 459
f 458 457 416
f 458 460 416
f 458 457 426
f 458 460 426
f 458 295 292
f 458 297 457
f 458 460 415
f 458 457 427
f 458 460 427
f 458 295 296
f 458 457 292
f 458 295 292
f 458 297 415
f 458 297 457
f 458 460 296
f 458 460 296
f 458 457 427
f 458 460 427
f 458 297 296
f 458 457 429
f 458 460 429
f 458 457 429
f 458 460 429
f 458 457 431
f 458 460 431
f 458 457 431
f 458 460 431
f 458 457 433
f 458 460 433
f 458 457 433
f 458 460 433
f 458 457 437
f 458 460 437
f 458 457 437
f 458 460 437
f 458 457 438
f 458 460 438
f 595 456 455
f 595 455 694
f 595 690 694
f 595 98 99
f 595 101 633
f 588 590 101
f 588 564 583
f 588 110 583
f 461 462 290
f 461 460 290
f 461 460 462
f 461 291 462
f 461 460 291
f 461 292 291
f 461 460 292
f 461 460 292
f 461 463 292
f 461 463 410
f 461 292 294
f 461 463 294
f 461 463 292
f 461 411 410
f 461 295 411
f 461 295 460
f 461 463 411
f 461 295 411
f 461 463 411
f 461 295 413
f 461 463 413
f 461 460 413
f 461 460 296
f 461 295 296
f 461 295 460
f 461 463 413
f 461 460 415
f 461 463 415
f 461 460 415
f 461 463 415
f 461 460 416
f 461 463 416
f 461 460 418
f 461 463 418
f 461 419 460
f 461 419 460
f 461 463 610
f 461 463 610
f 461 460 610
f 461 460 610
f 461 454 460
f 461 460 421
f 461 422 460
f 461 422 460
f 461 460 424
f 461 460 438
f 461 460 424
f 461 460 437
f 461 460 426
f 461 460 437
f 461 460 427
f 461 460 433
f 461 460 427
f 461 460 433
f 461 460 429
f 461 460 431
f 461 460 429
f 461 460 431
f 449 451 700
f 449 447 700
f 449 447 331
f 449 699 451
f 449 447 699
f 449 334 331
f 449 334 451
f 449 334 451
f 449 451 331
f 449 447 331
f 449 699 451
f 449 447 699
f 449 451 327
f 449 447 327
f 449 451 697
f 449 447 697
f 449 451 327
f 449 447 327
f 449 451 697
f 449 447 697
f 449 451 323
f 449 447 323
f 449 451 693
f 449 447 693
f 449 451 321
f 449 447 321
f 449 451 690
f 449 447 690
f 449 451 321
f 449 447 321
f 449 451 689
f 449 447 689
f 449 451 317
f 449 447 317
f 449 451 620
f 449 451 317
f 449 447 317
f 449 620 621
f 449 447 621
f 449 447 620
f 449 619 451
f 449 619 447
f 449 315 451
f 449 447 315
f 449 619 618
f 449 619 447
f 449 315 451
f 449 447 315
f 449 617 618
f 449 617 447
f 449 451 314
f 449 447 314
f 449 617 451
f 449 617 447
f 449 451 312
f 449 447 312
f 449 451 616
f 449 451 309
f 449 447 309
f 449 451 614
f 449 451 309
f 449 447 309
f 449 451 307
f 449 447 307
f 443 339 342
f 443 344 700
f 443 697 696
f 443 686 627
f 481 480 217
f 481 483 562
f 481 480 562
f 481 480 217
f 481 483 561
f 481 480 561
f 481 483 561
f 481 480 561
f 481 480 483
f 481 480 252
f 481 480 252
f 481 480 243
f 481 480 260
f 481 243 218
f 481 480 243
f 481 480 260
f 481 223 218
f 481 480 223
f 481 480 266
f 481 231 223
f 481 480 231
f 481 480 266
f 481 230 231
f 481 480 230
f 481 480 230
f 481 480 269
f 481 480 274
f 481 480 274
f 481 480 278
f 481 480 279
f 481 480 280
f 481 480 280
f 481 480 396
f 481 480 398
f 481 480 399
f 481 480 399
f 481 480 401
f 481 480 402
f 481 480 402
f 481 480 403
f 481 480 405
f 481 480 405
f 481 480 407
f 481 480 407
f 481 480 409
f 481 480 409
f 481 480 411
f 481 480 411
f 481 480 413
f 481 480 413
f 481 480 415
f 481 480 415
f 481 480 416
f 481 480 418
f 481 419 480
f 481 419 480
f 481 480 421
f 481 422 480
f 481 422 480
f 481 480 424
f 481 480 424
f 481 480 426
f 481 480 427
f 481 480 427
f 481 480 429
f 481 480 429
f 481 480 431
f 481 480 431
f 481 480 433
f 481 480 433
f 481 480 437
f 481 480 437
f 481 480 438
f 479 218 219
f 479 480 218
f 479 480 218
f 479 480 223
f 479 564 563
f 479 480 563
f 479 564 563
f 479 563 562
f 479 480 563
f 479 480 561
f 479 228 223
f 479 480 223
f 479 480 561
f 479 480 590
f 479 480 230
f 479 480 230
f 479 480 232
f 479 480 600
f 479 480 232
f 479 480 600
f 479 480 602
f 479 480 243
f 479 480 602
f 479 480 603
f 479 480 248
f 479 480 248
f 479 606 480
f 479 480 252
f 479 480 607
f 479 480 609
f 479 480 252
f 479 480 609
f 479 480 260
f 479 480 610
f 479 480 260
f 479 480 266
f 479 480 266
f 479 480 438
f 479 480 269
f 479 480 437
f 479 480 437
f 479 272 274
f 479 480 274
f 479 480 433
f 479 480 274
f 479 480 433
f 479 480 276
f 479 480 431
f 479 480 276
f 479 480 431
f 479 480 279
f 479 480 429
f 479 480 280
f 479 480 429
f 479 480 280
f 479 480 427
f 479 480 281
f 479 480 427
f 479 480 426
f 479 480 424
f 479 398 396
f 479 480 396
f 479 480 398
f 479 480 399
f 479 480 399
f 479 480 424
f 479 480 401
f 479 422 480
f 479 480 402
f 479 422 480
f 479 480 402
f 479 480 421
f 479 480 403
f 479 419 480
f 479 480 405
f 479 419 480
f 479 480 405
f 479 480 418
f 479 480 407
f 479 480 416
f 479 480 407
f 479 480 415
f 479 480 409
f 479 480 415
f 479 480 409
f 479 480 413
f 479 480 411
f 479 480 413
f 479 480 411
f 598 480 483
f 598 480 483
f 598 483 486
f 598 483 599
f 598 479 480
f 598 479 480
f 598 488 486
f 598 488 599
f 598 470 471
f 598 599 470
f 598 470 469
f 598 599 470
f 598 468 469
f 598 468 599
f 598 463 468
f 598 463 468
f 598 463 462
f 598 463 599
f 598 599 628
f 598 459 462
f 598 459 599
f 598 629 628
f 598 629 599
f 598 458 459
f 598 458 459
f 598 629 630
f 598 629 599
f 598 458 457
f 598 458 457
f 598 633 630
f 598 599 633
f 598 456 457
f 598 456 457
f 598 99 633
f 598 456 455
f 598 456 599
f 598 98 99
f 598 98 99
f 598 98 599
f 598 455 597
f 598 599 455
f 598 98 597
f 598 98 599
f 598 599 689
f 598 599 689
f 598 597 690
f 598 689 690
f 589 588 590
f 589 561 560
f 589 588 561
f 589 561 562
f 589 588 561
f 589 563 562
f 589 588 563
f 589 628 583
f 589 564 560
f 589 588 564
f 589 564 563
f 589 588 564
f 589 628 631
f 589 570 560
f 589 570 583
f 589 588 583
f 589 635 631
f 589 602 570
f 589 635 583
f 589 588 583
f 589 635 106
f 589 588 106
f 589 588 105
f 589 570 603
f 589 635 110
f 589 588 110
f 589 635 108
f 589 588 108
f 589 590 105
f 589 588 105
f 589 588 590
f 589 635 110
f 589 588 110
f 589 635 108
f 589 588 108
f 558 211 559
f 558 211 559
f 558 559 210
f 558 559 208
f 558 560 208
f 558 560 559
f 558 560 205
f 558 560 205
f 558 560 204
f 558 560 200
f 558 199 560
f 558 199 198
f 558 197 198
f 558 600 601
f 558 197 560
f 558 602 601
f 558 194 560
f 558 602 603
f 558 194 560
f 558 603 560
f 558 560 193
f 558 560 189
f 558 560 186
f 558 560 186
f 558 178 184
f 558 560 184
f 558 560 178
f 558 560 178
f 558 560 177
f 558 560 172
f 558 560 171
f 558 560 171
f 558 560 164
f 558 560 164
f 558 560 161
f 558 560 157
f 558 560 150
f 558 560 143
f 558 560 149
f 558 560 144
f 558 560 149
f 557 556 489
f 557 488 489
f 557 488 556
f 557 556 212
f 557 488 559
f 557 488 556
f 557 559 212
f 557 558 559
f 557 556 211
f 557 558 211
f 557 556 211
f 557 558 211
f 557 556 210
f 557 558 210
f 557 556 208
f 557 558 208
f 557 598 556
f 557 556 208
f 557 558 208
f 557 558 600
f 557 556 205
f 557 558 205
f 557 556 205
f 557 558 205
f 557 556 204
f 557 558 204
f 557 558 200
f 557 558 199
f 557 558 199
f 557 558 197
f 557 558 197
f 557 558 194
f 557 558 194
f 557 558 193
f 487 486 214
f 487 488 486
f 487 489 214
f 487 488 489
f 487 489 215
f 487 485 215
f 487 486 485
f 487 489 266
f 487 485 266
f 487 489 266
f 487 485 266
f 487 489 269
f 487 485 269
f 487 489 274
f 487 274 485
f 487 274 485
f 487 431 485
f 487 431 430
f 487 485 278
f 487 490 274
f 487 490 489
f 487 427 485
f 487 489 427
f 487 427 485
f 487 489 427
f 487 433 485
f 487 429 430
f 487 431 489
f 487 431 489
f 487 490 278
f 487 485 279
f 487 485 426
f 487 489 426
f 487 429 485
f 487 429 489
f 487 433 434
f 487 429 489
f 487 489 433
f 487 490 279
f 487 280 485
f 487 485 424
f 487 434 485
f 487 489 433
f 487 490 280
f 487 280 485
f 487 490 424
f 487 490 489
f 487 485 424
f 487 437 485
f 487 437 486
f 487 489 434
f 487 490 280
f 487 490 424
f 487 422 485
f 487 437 489
f 487 488 437
f 487 437 486
f 487 488 437
f 487 490 399
f 487 399 398
f 487 485 398
f 487 485 399
f 487 485 399
f 487 422 490
f 487 422 485
f 487 486 438
f 487 488 438
f 487 488 486
f 487 490 399
f 487 485 401
f 487 422 490
f 487 485 421
f 487 490 401
f 487 402 485
f 487 490 421
f 487 419 485
f 487 490 402
f 487 402 485
f 487 419 490
f 487 419 485
f 487 490 402
f 487 485 403
f 487 419 490
f 487 485 418
f 487 490 403
f 487 485 405
f 487 490 418
f 487 485 416
f 487 490 405
f 487 485 405
f 487 490 416
f 487 415 485
f 487 490 405
f 487 485 407
f 487 490 415
f 487 415 485
f 487 490 407
f 487 485 407
f 487 490 415
f 487 413 485
f 487 490 407
f 487 485 409
f 487 490 413
f 487 413 485
f 487 490 409
f 487 485 409
f 487 490 413
f 487 485 411
f 487 490 409
f 487 485 411
f 487 490 411
f 487 490 411
f 492 266 211
f 492 490 266
f 492 266 211
f 492 490 266
f 492 490 269
f 492 490 274
f 492 274 278
f 492 490 278
f 492 490 274
f 492 490 395
f 492 279 395
f 492 490 279
f 492 490 279
f 492 490 399
f 492 490 399
f 492 490 401
f 492 490 402
f 492 490 402
f 492 490 403
f 492 490 405
f 492 490 405
f 492 490 407
f 492 490 407
f 492 490 409
f 492 490 409
f 492 490 411
f 492 490 411
f 492 490 433
f 492 490 413
f 492 490 431
f 492 490 413
f 492 490 431
f 492 490 415
f 492 490 429
f 492 490 415
f 492 490 429
f 492 490 416
f 492 490 427
f 492 490 418
f 492 490 427
f 492 419 490
f 492 490 426
f 492 419 490
f 492 490 424
f 492 490 421
f 492 490 424
f 492 422 490
f 492 422 490
f 491 556 489
f 491 490 489
f 491 492 490
f 491 492 211
f 491 489 438
f 491 437 489
f 491 490 437
f 491 443 488
f 491 490 437
f 491 492 437
f 491 488 600
f 491 488 614
f 491 490 434
f 491 492 434
f 491 488 602
f 491 490 433
f 491 492 433
f 491 492 490
f 491 488 602
f 491 488 610
f 491 488 603
f 491 488 609
f 491 488 609
f 491 606 488
f 491 488 607
f 305 433 432
f 305 304 433
f 305 431 432
f 305 304 431
f 305 433 434
f 305 304 433
f 305 431 430
f 305 304 431
f 305 434 435
f 305 304 434
f 305 429 430
f 305 304 429
f 305 436 435
f 305 304 436
f 305 429 428
f 305 304 429
f 305 443 304
f 305 427 428
f 305 304 427
f 305 427 426
f 305 304 427
f 305 449 447
f 305 449 304
f 305 426 425
f 305 304 426
f 305 449 451
f 305 449 304
f 305 424 425
f 305 304 424
f 305 451 453
f 305 304 451
f 305 424 423
f 305 304 424
f 305 453 455
f 305 304 453
f 305 422 423
f 305 422 304
f 305 255 455
f 305 304 255
f 305 422 421
f 305 422 304
f 305 255 257
f 305 304 255
f 305 421 420
f 305 304 421
f 305 262 257
f 305 304 262
f 305 419 420
f 305 419 304
f 305 262 268
f 305 304 262
f 305 419 418
f 305 419 304
f 305 268 270
f 305 304 268
f 305 418 417
f 305 304 418
f 305 273 270
f 305 304 273
f 305 416 417
f 305 304 416
f 305 273 277
f 305 304 273
f 305 415 416
f 305 304 415
f 305 279 277
f 305 415 414
f 305 304 415
f 305 280 279
f 305 304 280
f 305 413 414
f 305 304 413
f 305 279 308
f 305 280 279
f 305 413 412
f 305 304 413
f 305 366 308
f 305 304 366
f 305 280 281
f 305 304 281
f 305 304 280
f 305 411 412
f 305 304 411
f 305 367 366
f 305 304 367
f 305 411 410
f 305 304 411
f 305 368 367
f 305 304 368
f 305 409 410
f 305 304 409
f 305 368 306
f 305 304 368
f 305 304 409
f 305 304 370
f 305 409 378
f 305 409 378
f 305 371 306
f 305 371 370
f 305 304 371
f 305 378 377
f 305 304 378
f 305 378 408
f 305 372 371
f 305 304 372
f 305 377 374
f 305 304 377
f 305 407 408
f 305 304 407
f 305 304 407
f 305 378 379
f 305 304 379
f 305 304 378
f 305 372 373
f 305 304 372
f 305 373 374
f 305 304 373
f 612 617 618
f 612 619 618
f 612 617 622
f 612 617 618
f 612 619 622
f 612 619 618
f 612 622 614
f 612 622 616
f 612 617 616
f 612 622 620
f 612 607 620
f 612 609 620
f 612 610 620
f 612 619 620
f 612 607 620
f 612 606 607
f 612 622 604
f 612 609 610
f 612 603 604
f 612 539 538
f 612 539 609
f 612 589 583
f 612 589 570
f 612 570 575
f 612 602 603
f 612 543 608
f 612 539 538
f 612 602 601
f 612 542 543
f 612 600 601
f 612 533 535
f 612 533 609
f 612 610 512
f 612 610 516
f 612 491 488
f 612 488 486
f 612 483 486
f 612 480 483
f 612 479 480
f 725 726 341
f 725 726 729
f 725 729 680
f 725 726 729
f 725 51 52
f 725 726 51
f 725 726 53
f 725 683 724
f 725 683 680
f 725 683 680
f 725 724 67
f 725 729 67
f 725 724 63
f 725 724 57
f 725 726 57
f 725 51 50
f 725 726 50
f 725 726 51
f 725 724 53
f 725 726 53
f 725 724 67
f 725 729 67
f 725 64 63
f 725 729 64
f 725 64 724
f 725 724 57
f 725 726 57
f 725 55 724
f 725 726 55
f 725 724 66
f 725 729 66
f 725 64 724
f 725 729 64
f 725 55 724
f 725 726 55
f 727 669 668
f 727 728 350
f 727 728 349
f 727 728 349
f 727 729 728
f 727 728 347
f 727 728 51
f 727 726 51
f 727 729 53
f 727 726 53
f 727 345 728
f 727 728 51
f 727 726 51
f 727 729 53
f 727 726 53
f 727 726 729
f 727 345 728
f 727 726 345
f 727 726 50
f 727 728 344
f 727 726 344
f 727 49 50
f 727 728 49
f 727 728 49
f 727 728 341
f 727 726 341
f 727 728 342
f 727 726 342
f 727 728 341
f 727 726 341
f 709 695 701
f 709 710 695
f 709 685 701
f 709 710 685
f 709 708 695
f 709 685 708
f 709 708 696
f 709 685 708
f 709 710 685
f 709 696 695
f 709 710 695
f 709 708 697
f 709 697 696
f 709 697 698
f 709 708 697
f 709 699 698
f 709 699 708
f 709 699 700
f 709 710 700
f 709 699 708
f 709 708 402
f 709 708 74
f 709 708 401
f 709 710 401
f 709 716 74
f 709 710 716
f 709 710 716
f 709 708 74
f 709 710 74
f 709 708 396
f 709 710 396
f 709 708 337
f 709 710 337
f 709 708 395
f 709 710 395
f 709 708 337
f 709 710 337
f 709 710 394
f 709 708 339
f 709 710 339
f 709 394 395
f 709 708 341
f 709 710 341
f 709 395 376
f 709 708 395
f 709 394 383
f 709 710 383
f 709 710 394
f 709 710 376
f 709 708 341
f 709 710 341
f 709 708 370
f 709 710 370
f 709 708 342
f 709 710 342
f 709 708 370
f 709 710 370
f 709 708 344
f 709 710 344
f 709 708 368
f 709 710 368
f 709 708 345
f 709 710 345
f 709 708 368
f 709 710 368
f 709 708 345
f 709 710 345
f 709 708 367
f 709 710 367
f 709 708 346
f 709 710 346
f 709 708 366
f 709 710 366
f 709 708 347
f 709 710 347
f 709 708 356
f 709 710 356
f 709 708 349
f 709 710 349
f 709 708 356
f 709 710 356
f 709 708 349
f 709 710 349
f 709 708 355
f 709 710 355
f 709 708 350
f 709 710 350
f 709 708 354
f 709 710 354
f 709 708 352
f 709 710 352
f 709 708 352
f 709 710 352
f 671 672 12
f 671 670 12
f 671 672 51
f 671 670 51
f 671 7 672
f 671 672 53
f 671 670 53
f 671 672 53
f 671 670 53
f 671 672 55
f 671 670 55
f 671 672 55
f 671 670 55
f 671 672 57
f 671 670 57
f 671 672 57
f 671 670 57
f 671 672 70
f 671 74 70
f 671 670 74
f 671 672 74
f 671 665 645
f 671 670 665
f 671 672 74
f 671 670 74
f 671 637 665
f 671 672 637
f 671 672 637
f 671 672 665
f 671 670 665
f 674 675 729
f 674 727 675
f 674 672 637
f 674 675 672
f 674 640 637
f 674 675 640
f 674 675 640
f 678 727 726
f 678 638 637
f 678 639 638
f 8 12 51
f 8 7 51
f 8 7 12
f 8 46 12
f 8 7 46
f 8 46 45
f 8 7 46
f 8 45 12
f 8 9 12
f 8 9 669
f 8 670 669
f 8 671 670
f 8 671 7
f 8 671 7
f 8 7 670
f 8 7 45
f 8 9 669
f 8 7 669
f 8 9 43
f 8 7 43
f 8 9 667
f 8 7 667
f 8 9 43
f 8 7 43
f 8 9 667
f 8 7 667
f 8 7 42
f 8 7 666
f 8 41 42
f 8 9 41
f 8 9 41
f 8 661 666
f 8 9 661
f 8 9 661
f 6 672 51
f 6 7 672
f 6 672 53
f 6 672 53
f 6 51 48
f 6 7 51
f 6 672 55
f 6 7 48
f 6 675 672
f 6 7 46
f 6 675 55
f 6 674 675
f 6 46 45
f 6 7 46
f 6 671 7
f 6 45 5
f 6 7 5
f 6 7 45
f 6 671 7
f 6 670 669
f 6 7 670
f 6 669 668
f 6 7 668
f 6 7 669
f 541 539 608
f 541 612 543
f 541 612 542
f 541 609 608
f 541 542 607
f 541 539 607
f 541 539 542
f 541 612 609
f 541 612 609
f 541 612 542
f 536 533 535
f 536 612 538
f 536 612 538
f 536 539 607
f 536 606 539
f 536 612 533
f 536 612 533
f 536 539 609
f 536 539 538
f 536 533 609
f 536 533 606
f 536 533 607
f 605 542 544
f 605 606 542
f 605 606 544
f 605 539 542
f 605 606 539
f 605 544 546
f 605 544 546
f 605 606 546
f 605 536 539
f 605 536 606
f 605 606 546
f 605 536 533
f 605 491 488
f 605 491 606
f 605 570 560
f 605 488 486
f 605 606 488
f 605 612 570
f 605 612 606
f 605 483 486
f 605 606 483
f 605 589 570
f 605 612 589
f 605 612 589
f 605 612 622
f 605 480 483
f 605 606 480
f 605 622 604
f 605 612 622
f 605 612 606
f 605 479 480
f 605 479 606
f 605 633 604
f 605 606 633
f 605 633 604
f 605 606 633
f 605 680 604
f 605 606 680
f 605 470 471
f 605 606 470
f 605 684 680
f 605 606 684
f 605 470 604
f 605 606 470
f 605 684 604
f 605 606 684
f 605 468 604
f 605 606 468
f 605 604 689
f 605 606 689
f 605 463 468
f 605 606 463
f 605 604 689
f 605 606 689
f 605 463 462
f 605 606 463
f 605 455 604
f 605 606 455
f 605 459 462
f 605 606 459
f 605 456 455
f 605 456 606
f 605 458 459
f 605 458 606
f 605 456 457
f 605 456 606
f 605 458 457
f 605 458 606
f 529 617 531
f 529 531 618
f 529 619 618
f 529 531 622
f 530 531 515
f 530 532 531
f 530 515 516
f 530 532 515
f 530 529 531
f 530 532 533
f 530 532 531
f 530 612 532
f 530 606 607
f 530 531 614
f 530 529 614
f 530 612 533
f 530 533 606
f 530 533 607
f 530 605 533
f 530 531 616
f 530 529 616
f 530 533 609
f 530 533 609
f 530 617 531
f 530 529 617
f 530 529 617
f 523 635 639
f 523 635 631
f 523 628 631
f 523 628 624
f 523 622 624
f 523 619 622
f 466 467 235
f 466 465 235
f 466 465 467
f 466 467 240
f 466 465 240
f 466 467 242
f 466 465 242
f 466 467 242
f 466 465 242
f 466 467 245
f 466 465 245
f 466 467 249
f 466 465 249
f 466 467 255
f 466 465 255
f 466 467 255
f 466 465 255
f 466 467 262
f 466 465 262
f 466 467 262
f 466 465 262
f 466 467 268
f 466 465 268
f 466 467 273
f 466 465 273
f 466 467 273
f 466 465 273
f 466 467 280
f 466 465 280
f 466 467 280
f 466 465 280
f 466 282 467
f 466 465 282
f 466 282 467
f 466 467 284
f 466 282 284
f 466 465 282
f 466 467 286
f 466 465 286
f 466 467 286
f 466 465 286
f 466 467 288
f 466 465 288
f 466 467 289
f 466 465 289
f 466 465 290
f 466 290 403
f 466 467 403
f 466 290 403
f 466 467 403
f 466 290 405
f 466 467 405
f 466 291 290
f 466 465 291
f 466 465 291
f 466 467 405
f 466 465 405
f 466 467 407
f 466 465 407
f 466 467 407
f 466 465 407
f 466 467 409
f 466 465 409
f 466 467 409
f 466 465 409
f 466 467 411
f 466 465 411
f 466 467 411
f 466 465 411
f 466 467 413
f 466 465 413
f 466 467 413
f 466 465 413
f 466 467 415
f 466 465 415
f 466 467 415
f 466 465 415
f 466 467 416
f 466 465 416
f 466 467 418
f 466 465 418
f 466 419 467
f 466 465 419
f 466 419 467
f 466 465 419
f 466 467 421
f 466 465 421
f 466 422 467
f 466 465 422
f 466 422 467
f 466 465 422
f 466 467 424
f 466 465 424
f 466 467 424
f 466 465 424
f 466 467 426
f 466 465 426
f 466 467 427
f 466 465 427
f 466 467 427
f 466 465 427
f 466 429 467
f 466 465 429
f 466 429 467
f 466 465 429
f 466 431 467
f 466 465 431
f 466 431 467
f 466 465 431
f 466 467 433
f 466 465 433
f 466 467 433
f 466 465 433
f 466 437 467
f 466 465 437
f 466 437 467
f 466 465 437
f 466 467 438
f 466 465 438
f 466 465 468
f 466 465 468
f 464 463 240
f 464 465 240
f 464 465 463
f 464 463 245
f 464 465 245
f 464 463 245
f 464 465 245
f 464 463 249
f 464 465 249
f 464 463 255
f 464 465 255
f 464 463 255
f 464 465 255
f 464 463 262
f 464 465 262
f 464 463 262
f 464 465 262
f 464 463 268
f 464 465 268
f 464 463 273
f 464 465 273
f 464 463 273
f 464 465 273
f 464 463 281
f 464 465 281
f 464 463 282
f 464 465 282
f 464 463 282
f 464 465 282
f 464 463 286
f 464 465 286
f 464 463 286
f 464 465 286
f 464 463 288
f 464 465 288
f 464 463 289
f 464 465 289
f 464 463 290
f 464 465 290
f 464 463 291
f 464 465 291
f 464 463 292
f 464 465 292
f 464 292 409
f 464 292 407
f 464 465 407
f 464 465 409
f 464 292 409
f 464 463 409
f 464 463 292
f 464 292 407
f 464 465 407
f 464 465 292
f 464 463 409
f 464 465 409
f 464 463 411
f 464 465 411
f 464 463 411
f 464 465 411
f 464 463 413
f 464 465 413
f 464 463 413
f 464 465 413
f 464 463 415
f 464 465 415
f 464 463 415
f 464 465 415
f 464 463 416
f 464 465 416
f 464 463 418
f 464 465 418
f 464 465 419
f 464 461 463
f 464 461 419
f 464 465 419
f 464 461 419
f 464 465 421
f 464 461 421
f 464 465 422
f 464 461 422
f 464 465 422
f 464 461 422
f 464 465 424
f 464 461 424
f 464 465 424
f 464 461 424
f 464 465 426
f 464 461 426
f 464 465 427
f 464 461 427
f 464 465 427
f 464 461 427
f 464 465 429
f 464 461 429
f 464 465 429
f 464 461 429
f 464 465 431
f 464 461 431
f 464 465 431
f 464 461 431
f 464 465 433
f 464 461 433
f 464 465 433
f 464 461 433
f 464 465 437
f 464 461 437
f 464 465 437
f 464 461 437
f 464 465 438
f 464 461 438
f 464 461 463
f 464 463 610
f 464 465 610
f 464 465 463
f 596 459 462
f 596 595 459
f 596 463 462
f 596 595 463
f 596 458 459
f 596 595 458
f 596 463 468
f 596 595 463
f 596 458 457
f 596 595 458
f 596 468 469
f 596 595 468
f 596 456 457
f 596 595 456
f 596 470 469
f 596 595 470
f 596 456 455
f 596 595 456
f 596 470 471
f 596 595 470
f 596 595 455
f 596 455 690
f 596 455 597
f 596 595 690
f 596 597 690
f 596 595 690
f 596 479 480
f 596 479 595
f 596 98 597
f 596 595 98
f 596 480 483
f 596 595 480
f 596 98 99
f 596 595 98
f 596 483 486
f 596 595 483
f 596 99 100
f 596 595 99
f 596 488 486
f 596 595 101
f 596 633 100
f 596 101 633
f 596 595 101
f 596 632 633
f 596 631 630
f 596 632 630
f 596 632 631
f 593 590 459
f 593 595 459
f 593 590 468
f 593 458 590
f 593 595 458
f 593 463 468
f 593 595 463
f 593 595 463
f 593 590 468
f 593 595 468
f 593 458 590
f 593 595 458
f 593 590 470
f 593 595 470
f 593 456 590
f 593 595 456
f 593 590 470
f 593 595 470
f 593 456 590
f 593 595 456
f 593 590 99
f 593 595 99
f 593 590 99
f 593 595 99
f 593 479 480
f 593 479 595
f 593 595 101
f 593 480 590
f 593 595 480
f 585 561 562
f 585 221 219
f 585 222 221
f 585 222 224
f 448 304 447
f 448 449 304
f 448 449 304
f 448 449 302
f 448 302 429
f 448 302 427
f 448 447 614
f 448 449 614
f 448 447 616
f 448 449 616
f 448 449 447
f 450 302 451
f 450 449 302
f 450 304 451
f 450 449 304
f 450 449 304
f 450 302 301
f 450 301 424
f 450 301 424
f 450 301 426
f 450 448 449
f 450 301 423
f 450 302 427
f 450 448 302
f 450 448 427
f 450 448 429
f 450 448 429
f 450 454 429
f 450 454 429
f 450 448 431
f 450 454 431
f 450 454 431
f 450 464 465
f 450 461 454
f 450 454 433
f 450 465 470
f 450 448 464
f 450 454 460
f 450 454 433
f 450 470 471
f 450 465 470
f 450 448 466
f 450 454 437
f 450 449 451
f 450 448 470
f 450 448 470
f 450 466 465
f 450 448 466
f 450 437 434
f 450 458 460
f 450 457 438
f 450 457 437
f 450 454 457
f 450 448 612
f 441 345 346
f 441 345 339
f 441 345 344
f 441 436 307
f 441 625 626
f 441 622 623
f 444 447 339
f 444 443 339
f 444 447 331
f 444 443 331
f 444 443 339
f 444 447 331
f 444 443 331
f 444 339 342
f 444 447 339
f 444 447 327
f 444 443 327
f 444 342 700
f 444 443 700
f 444 443 342
f 444 447 699
f 444 443 699
f 444 447 327
f 444 443 327
f 444 447 699
f 444 443 699
f 444 447 323
f 444 443 323
f 444 447 697
f 444 443 697
f 444 447 321
f 444 443 321
f 444 447 697
f 444 443 697
f 444 447 321
f 444 443 321
f 444 447 693
f 444 443 693
f 444 447 317
f 444 443 317
f 444 447 690
f 444 447 317
f 444 443 317
f 444 692 690
f 444 443 692
f 444 443 692
f 444 447 689
f 444 443 689
f 444 447 315
f 444 443 315
f 444 447 689
f 444 443 689
f 444 447 315
f 444 443 315
f 444 443 687
f 444 447 314
f 444 443 314
f 444 621 687
f 444 447 621
f 444 447 312
f 444 443 312
f 444 623 621
f 444 443 623
f 444 443 620
f 444 447 309
f 444 443 309
f 444 626 623
f 444 443 626
f 444 443 619
f 444 447 309
f 444 443 309
f 444 626 627
f 444 443 627
f 444 443 626
f 444 443 619
f 444 447 307
f 444 443 307
f 444 443 617
f 444 305 447
f 444 305 443
f 444 443 617
f 444 305 304
f 444 305 443
f 444 304 433
f 444 433 303
f 444 304 433
f 444 304 434
f 444 304 436
f 444 443 304
f 482 483 217
f 482 481 217
f 482 481 483
f 482 484 252
f 482 483 484
f 482 252 217
f 482 481 217
f 482 481 252
f 482 252 250
f 482 481 252
f 482 481 260
f 482 252 260
f 482 484 252
f 482 243 250
f 482 481 243
f 482 481 243
f 482 481 260
f 482 484 260
f 482 481 266
f 482 484 266
f 482 481 266
f 482 484 266
f 482 481 269
f 482 484 269
f 482 481 274
f 482 484 274
f 482 481 274
f 482 484 274
f 482 481 278
f 482 484 278
f 482 481 279
f 482 484 279
f 482 481 280
f 482 484 280
f 482 481 280
f 482 484 280
f 482 481 396
f 482 481 398
f 482 485 396
f 482 484 485
f 482 485 398
f 482 481 399
f 482 485 399
f 482 481 399
f 482 431 430
f 482 429 430
f 482 481 429
f 482 481 431
f 482 485 399
f 482 481 401
f 482 431 484
f 482 481 429
f 482 481 431
f 482 485 401
f 482 481 402
f 482 433 484
f 482 429 485
f 482 429 484
f 482 481 427
f 482 481 433
f 482 402 485
f 482 481 402
f 482 433 484
f 482 427 485
f 482 481 427
f 482 481 433
f 482 402 485
f 482 481 403
f 482 484 434
f 482 427 485
f 482 481 426
f 482 485 403
f 482 481 405
f 482 437 484
f 482 485 426
f 482 481 424
f 482 437 434
f 482 481 437
f 482 485 405
f 482 481 405
f 482 483 484
f 482 437 484
f 482 485 424
f 482 481 424
f 482 481 437
f 482 485 405
f 482 481 407
f 482 485 424
f 482 481 422
f 482 483 438
f 482 481 438
f 482 485 407
f 482 481 407
f 482 422 485
f 482 481 422
f 482 441 481
f 482 485 407
f 482 481 409
f 482 422 485
f 482 481 421
f 482 485 409
f 482 481 409
f 482 485 421
f 482 481 419
f 482 485 409
f 482 481 411
f 482 419 485
f 482 481 419
f 482 485 411
f 482 481 411
f 482 419 485
f 482 481 418
f 482 485 411
f 482 481 413
f 482 485 418
f 482 481 416
f 482 413 485
f 482 481 413
f 482 485 416
f 482 481 415
f 482 413 485
f 482 481 415
f 482 415 485
f 482 415 485
f 477 221 219
f 477 580 572
f 477 580 581
f 477 225 228
f 477 266 267
f 477 284 398
f 477 284 399
f 494 542 600
f 494 542 600
f 494 491 600
f 494 542 602
f 494 491 602
f 494 491 602
f 494 491 603
f 494 605 491
f 494 605 491
f 494 491 606
f 494 491 607
f 494 491 609
f 494 491 609
f 494 491 610
f 494 612 491
f 494 491 614
f 494 491 443
f 494 491 438
f 555 556 211
f 555 491 211
f 555 491 556
f 555 491 492
f 555 556 211
f 555 488 556
f 555 488 556
f 555 491 556
f 555 556 208
f 555 556 210
f 555 483 486
f 555 556 486
f 555 593 595
f 555 590 483
f 555 593 590
f 555 593 590
f 613 612 614
f 613 612 616
f 613 614 615
f 613 616 615
f 613 612 616
f 613 451 614
f 613 449 451
f 613 449 451
f 613 448 612
f 613 448 449
f 613 450 449
f 613 450 448
f 613 450 448
f 613 612 480
f 613 612 479
f 613 483 486
f 613 612 483
f 613 477 448
f 613 488 486
f 613 612 488
f 613 491 488
f 613 612 491
f 613 494 491
f 613 494 612
f 613 614 516
f 613 612 516
f 613 530 529
f 613 530 529
f 613 530 532
f 613 530 612
f 613 532 533
f 613 612 532
f 613 533 534
f 613 612 533
f 613 535 534
f 613 612 535
f 613 536 612
f 613 535 614
f 613 536 535
f 613 536 612
f 613 538 614
f 613 612 538
f 613 538 614
f 613 612 538
f 613 614 543
f 613 612 543
f 613 614 543
f 613 612 543
f 613 570 614
f 613 612 570
f 613 612 570
f 613 570 614
f 613 570 575
f 613 622 614
f 613 612 622
f 613 612 622
f 613 575 583
f 613 612 583
f 613 612 575
f 3 6 674
f 3 6 674
f 3 45 341
f 3 667 666
f 3 6 51
f 3 6 51
f 3 728 341
f 3 6 48
f 3 728 342
f 3 728 344
f 3 345 728
f 3 345 728
f 673 674 729
f 673 3 671
f 673 674 727
f 673 671 670
f 673 3 671
f 673 3 674
f 673 670 669
f 673 727 669
f 673 674 727
f 673 646 669
f 673 670 669
f 673 646 645
f 673 671 645
f 673 671 672
f 673 674 672
f 673 646 647
f 673 645 644
f 673 646 647
f 673 727 669
f 673 647 669
f 673 642 644
f 673 722 721
f 673 647 667
f 673 647 667
f 673 722 667
f 673 667 666
f 673 667 714
f 673 661 666
f 673 667 666
f 673 713 666
f 673 422 661
f 673 661 421
f 673 704 705
f 673 704 666
f 673 704 666
f 673 666 705
f 673 712 713
f 673 419 661
f 673 419 661
f 673 707 666
f 673 405 701
f 673 666 405
f 673 666 407
f 673 666 416
f 673 666 418
f 673 712 711
f 673 419 666
f 673 708 707
f 673 666 407
f 673 415 666
f 673 710 711
f 673 709 708
f 673 666 409
f 673 415 666
f 673 709 710
f 673 666 409
f 673 413 666
f 673 666 411
f 673 413 666
f 673 666 411
f 679 729 680
f 679 680 59
f 679 726 729
f 679 678 726
f 679 680 66
f 679 725 726
f 679 678 725
f 679 680 67
f 679 725 680
f 679 678 725
f 679 680 67
f 679 680 681
f 679 680 69
f 679 637 680
f 679 678 637
f 679 680 69
f 679 633 637
f 679 678 633
f 679 680 74
f 679 633 680
f 677 678 727
f 677 675 729
f 677 727 729
f 677 727 675
f 677 678 727
f 677 674 727
f 677 674 727
f 677 678 725
f 677 673 674
f 677 674 675
f 677 640 642
f 677 675 640
f 677 673 642
f 677 673 674
f 677 640 642
f 677 675 640
f 677 673 642
f 677 642 641
f 677 673 722
f 677 640 639
f 677 640 638
f 677 678 638
f 677 673 647
f 677 722 721
f 677 678 722
f 677 673 721
f 677 639 641
f 677 678 639
f 677 640 639
f 677 678 639
f 677 427 641
f 677 673 647
f 677 721 720
f 677 721 720
f 677 673 714
f 677 647 427
f 677 641 681
f 677 427 681
f 677 427 641
f 677 720 715
f 677 714 715
f 677 427 426
f 677 647 427
f 677 426 425
f 677 647 425
f 677 647 426
f 677 424 425
f 677 713 714
f 677 673 713
f 677 424 425
f 677 424 423
f 677 712 713
f 677 673 712
f 677 424 681
f 677 661 423
f 677 673 661
f 677 712 711
f 677 673 712
f 677 422 681
f 677 422 661
f 677 673 422
f 677 710 711
f 677 673 710
f 677 422 421
f 677 673 422
f 677 709 710
f 677 673 709
f 677 421 420
f 677 673 421
f 677 709 708
f 677 673 709
f 677 419 420
f 677 673 419
f 677 708 707
f 677 673 708
f 677 419 418
f 677 673 419
f 677 673 707
f 677 418 681
f 677 673 418
f 677 707 701
f 677 707 681
f 677 416 681
f 677 673 416
f 677 705 701
f 677 673 705
f 677 673 705
f 677 415 416
f 677 673 415
f 677 681 701
f 677 407 701
f 677 407 701
f 677 673 701
f 677 673 407
f 677 673 407
f 677 415 414
f 677 673 415
f 677 409 681
f 677 673 409
f 677 413 414
f 677 673 413
f 677 409 410
f 677 673 409
f 677 413 681
f 677 673 413
f 677 411 410
f 677 673 411
f 677 411 681
f 677 673 411
f 676 675 57
f 676 6 57
f 676 6 675
f 676 675 57
f 676 679 729
f 676 679 678
f 676 675 59
f 676 677 675
f 676 677 678
f 676 679 59
f 676 675 66
f 676 677 675
f 676 677 678
f 676 679 66
f 676 675 67
f 676 678 633
f 676 679 67
f 676 675 67
f 676 672 633
f 676 675 672
f 676 679 678
f 676 679 67
f 676 675 69
f 676 672 633
f 676 679 633
f 676 679 69
f 676 675 69
f 676 672 630
f 676 675 74
f 676 675 74
f 676 679 74
f 676 679 69
f 676 672 621
f 676 680 630
f 676 679 680
f 676 680 74
f 676 679 680
f 676 672 621
f 676 680 621
f 676 680 621
f 676 609 608
f 676 609 608
f 676 609 610
f 676 609 610
f 676 610 680
f 676 610 611
f 676 672 611
f 676 675 672
f 676 607 680
f 676 607 608
f 676 607 608
f 520 527 519
f 520 523 527
f 520 616 516
f 520 616 615
f 520 617 616
f 520 617 618
f 520 619 618
f 520 619 622
f 520 622 624
f 520 625 624
f 520 625 624
f 520 625 628
f 520 625 628
f 520 631 519
f 520 628 631
f 520 628 631
f 525 527 622
f 547 596 488
f 547 598 488
f 547 598 488
f 547 494 600
f 547 494 491
f 547 488 600
f 547 491 488
f 547 602 601
f 547 600 544
f 547 602 603
f 547 602 544
f 547 603 604
f 547 603 546
f 547 544 603
f 547 602 544
f 547 605 604
f 547 605 546
f 547 605 546
f 592 557 558
f 592 557 556
f 592 589 560
f 592 558 560
f 592 555 556
f 592 634 105
f 592 589 105
f 592 634 105
f 592 589 628
f 592 635 105
f 592 635 105
f 592 589 635
f 592 589 635
f 592 634 632
f 592 589 628
f 592 557 598
f 592 557 558
f 592 612 589
f 592 558 600
f 592 558 600
f 592 600 601
f 592 612 600
f 592 612 602
f 592 602 601
f 592 589 602
f 592 612 602
f 592 602 570
f 592 589 570
f 592 589 602
f 592 589 603
f 592 612 603
f 592 612 589
f 587 588 561
f 587 588 590
f 587 588 561
f 587 588 563
f 587 590 100
f 587 590 101
f 587 588 590
f 587 564 563
f 587 588 564
f 587 588 101
f 587 564 583
f 587 588 564
f 587 588 105
f 587 588 110
f 587 588 110
f 587 588 108
f 587 588 105
f 587 588 108
f 587 588 106
f 584 585 561
f 584 585 561
f 584 585 583
f 584 585 583
f 584 585 108
f 584 585 108
f 584 585 470
f 584 585 470
f 584 105 198
f 584 585 105
f 584 585 468
f 584 105 198
f 584 199 198
f 584 585 468
f 584 105 104
f 584 585 105
f 584 585 459
f 584 104 201
f 584 585 104
f 584 203 201
f 584 585 458
f 584 203 206
f 584 206 209
f 584 585 222
f 584 458 457
f 584 585 457
f 584 585 458
f 584 212 209
f 584 585 222
f 584 212 213
f 584 585 221
f 584 216 213
f 584 216 219
f 584 585 219
f 452 454 427
f 452 450 427
f 452 450 454
f 452 454 427
f 452 450 427
f 452 454 426
f 452 450 426
f 452 454 424
f 452 450 424
f 452 454 424
f 452 450 424
f 452 454 422
f 452 454 453
f 452 454 453
f 452 454 422
f 452 422 423
f 452 450 423
f 452 451 453
f 452 450 451
f 452 461 454
f 452 450 461
f 452 301 453
f 452 450 301
f 452 464 461
f 452 450 464
f 452 450 464
f 452 302 301
f 452 450 302
f 452 450 302
f 452 302 453
f 452 302 451
f 452 304 453
f 452 304 451
f 452 304 451
f 442 443 339
f 442 441 339
f 442 443 331
f 442 441 331
f 442 443 339
f 442 443 331
f 442 441 331
f 442 339 344
f 442 441 339
f 442 443 344
f 442 443 327
f 442 441 327
f 442 443 344
f 442 441 344
f 442 443 327
f 442 441 327
f 442 443 699
f 442 441 699
f 442 443 323
f 442 441 323
f 442 443 699
f 442 441 699
f 442 443 321
f 442 441 321
f 442 443 697
f 442 441 697
f 442 443 321
f 442 441 321
f 442 443 697
f 442 441 697
f 442 443 317
f 442 441 317
f 442 443 696
f 442 441 696
f 442 443 317
f 442 441 317
f 442 443 693
f 442 441 693
f 442 443 315
f 442 441 315
f 442 443 692
f 442 441 692
f 442 443 315
f 442 441 315
f 442 443 692
f 442 441 692
f 442 443 314
f 442 441 314
f 442 443 689
f 442 441 689
f 442 443 312
f 442 441 312
f 442 443 689
f 442 441 689
f 442 443 309
f 442 441 309
f 442 443 687
f 442 441 687
f 442 443 309
f 442 441 309
f 442 443 686
f 442 441 686
f 442 443 307
f 442 441 307
f 442 443 686
f 442 441 686
f 442 305 443
f 442 443 626
f 442 441 626
f 442 305 436
f 442 441 436
f 442 305 443
f 442 443 626
f 442 441 626
f 442 443 623
f 442 441 623
f 442 443 620
f 442 441 620
f 442 443 619
f 442 441 619
f 442 443 619
f 442 441 619
f 442 441 464
f 442 443 617
f 442 441 617
f 442 441 466
f 442 443 617
f 442 441 617
f 442 441 466
f 442 494 441
f 442 441 468
f 442 443 616
f 442 494 616
f 442 494 443
f 442 494 491
f 442 494 441
f 442 441 468
f 442 491 443
f 442 441 491
f 442 441 472
f 442 443 488
f 442 441 488
f 442 441 486
f 442 483 486
f 442 443 483
f 442 441 483
f 442 479 443
f 442 441 479
f 442 481 443
f 442 441 481
f 442 481 443
f 442 441 481
f 440 346 339
f 440 441 339
f 440 441 346
f 440 346 331
f 440 346 331
f 440 441 331
f 440 441 345
f 440 331 439
f 440 441 331
f 440 346 439
f 440 345 346
f 440 441 345
f 440 327 439
f 440 441 327
f 440 699 439
f 440 441 699
f 440 327 323
f 440 441 327
f 440 699 439
f 440 441 699
f 440 323 439
f 440 441 323
f 440 697 439
f 440 441 697
f 440 439 321
f 440 441 321
f 440 697 696
f 440 441 697
f 440 439 321
f 440 441 321
f 440 696 439
f 440 441 696
f 440 439 317
f 440 441 317
f 440 439 693
f 440 441 693
f 440 439 317
f 440 441 317
f 440 439 692
f 440 441 692
f 440 441 315
f 440 439 692
f 440 441 692
f 440 436 439
f 440 315 436
f 440 441 315
f 440 439 689
f 440 441 689
f 440 315 436
f 440 441 314
f 440 439 689
f 440 441 689
f 440 436 314
f 440 441 312
f 440 439 687
f 440 441 687
f 440 436 312
f 440 441 309
f 440 686 439
f 440 441 686
f 440 436 309
f 440 685 686
f 440 436 309
f 440 441 309
f 440 441 436
f 440 685 686
f 440 441 686
f 440 439 630
f 440 685 630
f 440 685 439
f 440 626 439
f 440 441 626
f 440 625 626
f 440 441 625
f 440 461 460
f 440 625 623
f 440 441 625
f 440 464 461
f 440 441 464
f 440 622 623
f 440 441 622
f 440 464 465
f 440 441 464
f 440 622 439
f 440 441 622
f 440 466 465
f 440 441 466
f 440 620 439
f 440 441 620
f 440 466 467
f 440 441 466
f 440 619 620
f 440 441 619
f 440 468 467
f 440 441 468
f 440 619 618
f 440 441 619
f 440 468 439
f 440 441 468
f 440 441 617
f 440 439 472
f 440 441 472
f 440 494 491
f 440 494 441
f 440 491 489
f 440 479 480
f 440 441 479
f 440 488 489
f 440 491 488
f 440 441 491
f 440 481 480
f 440 441 481
f 440 488 486
f 440 441 488
f 440 482 481
f 440 482 441
f 440 441 486
f 440 482 483
f 440 482 441
f 440 484 485
f 440 486 485
f 440 486 484
f 440 483 484
f 440 441 483
f 445 444 436
f 445 444 434
f 445 444 443
f 445 450 434
f 445 444 433
f 445 442 443
f 445 437 436
f 445 437 436
f 445 450 437
f 445 450 437
f 445 436 438
f 445 450 438
f 445 444 433
f 445 442 441
f 445 440 436
f 445 440 441
f 445 440 460
f 445 431 303
f 445 444 303
f 445 458 460
f 445 450 458
f 445 450 461
f 445 441 464
f 445 442 441
f 445 442 464
f 445 458 457
f 445 450 457
f 445 450 458
f 445 440 461
f 445 440 441
f 445 442 466
f 445 479 443
f 445 442 466
f 445 466 468
f 445 481 480
f 445 481 443
f 445 442 468
f 445 442 468
f 445 470 472
f 445 613 483
f 445 481 443
f 445 442 472
f 445 442 443
f 445 483 486
f 445 443 483
f 445 488 486
f 445 488 614
f 445 443 488
f 445 443 488
f 445 443 616
f 445 444 443
f 445 444 617
f 445 444 617
f 445 444 619
f 445 444 619
f 478 477 221
f 478 223 221
f 478 479 223
f 478 479 219
f 478 477 219
f 478 477 222
f 478 222 223
f 478 477 566
f 478 477 222
f 478 564 566
f 478 479 564
f 478 479 564
f 478 477 225
f 478 561 562
f 478 479 562
f 478 479 561
f 478 561 566
f 478 479 561
f 478 225 228
f 478 479 228
f 478 477 225
f 478 479 228
f 478 477 228
f 478 585 479
f 478 584 585
f 478 584 477
f 478 479 230
f 478 477 230
f 478 479 230
f 478 477 230
f 478 593 479
f 478 477 593
f 478 479 232
f 478 477 232
f 478 593 479
f 478 477 593
f 478 479 232
f 478 596 479
f 478 477 596
f 478 232 233
f 478 477 233
f 478 477 232
f 478 479 243
f 478 477 243
f 478 596 479
f 478 477 596
f 478 479 248
f 478 477 248
f 478 598 479
f 478 477 598
f 478 479 248
f 478 477 248
f 478 598 479
f 478 477 598
f 478 479 252
f 478 477 252
f 478 479 600
f 478 477 600
f 478 479 252
f 478 479 600
f 478 477 600
f 478 252 256
f 478 477 256
f 478 477 252
f 478 479 260
f 478 477 260
f 478 479 602
f 478 477 602
f 478 479 260
f 478 477 260
f 478 479 602
f 478 477 602
f 478 479 266
f 478 477 266
f 478 479 603
f 478 477 603
f 478 479 266
f 478 477 266
f 478 605 479
f 478 477 605
f 478 479 269
f 478 477 269
f 478 605 479
f 478 477 605
f 478 479 272
f 478 477 272
f 478 479 606
f 478 477 606
f 478 479 272
f 478 477 272
f 478 479 607
f 478 477 607
f 478 479 274
f 478 477 274
f 478 479 609
f 478 477 609
f 478 479 276
f 478 477 276
f 478 479 609
f 478 477 609
f 478 479 276
f 478 477 276
f 478 479 610
f 478 477 610
f 478 479 279
f 478 477 279
f 478 612 479
f 478 477 612
f 478 479 280
f 478 477 280
f 478 613 612
f 478 613 477
f 478 479 280
f 478 477 280
f 478 613 477
f 478 479 281
f 478 477 281
f 478 479 398
f 478 477 398
f 478 445 479
f 478 445 477
f 478 479 399
f 478 477 399
f 478 442 479
f 478 442 477
f 478 479 399
f 478 477 399
f 478 442 441
f 478 442 477
f 478 479 401
f 478 477 401
f 478 440 441
f 478 440 477
f 478 479 402
f 478 477 402
f 478 440 479
f 478 440 477
f 478 479 402
f 478 477 402
f 478 479 438
f 478 477 438
f 478 479 403
f 478 477 403
f 478 479 437
f 478 477 437
f 478 479 405
f 478 477 405
f 478 479 437
f 478 477 437
f 478 479 405
f 478 477 405
f 478 479 433
f 478 477 433
f 478 479 407
f 478 477 407
f 478 479 433
f 478 477 433
f 478 479 407
f 478 477 407
f 478 479 431
f 478 477 431
f 478 479 409
f 478 477 409
f 478 479 431
f 478 477 431
f 478 479 409
f 478 477 409
f 478 479 429
f 478 477 429
f 478 479 411
f 478 477 411
f 478 479 429
f 478 477 429
f 478 479 411
f 478 477 411
f 478 479 427
f 478 477 427
f 478 479 413
f 478 477 413
f 478 479 427
f 478 477 427
f 478 479 413
f 478 477 413
f 478 479 426
f 478 477 426
f 478 479 415
f 478 477 415
f 478 479 424
f 478 477 424
f 478 479 415
f 478 477 415
f 478 479 424
f 478 477 424
f 478 479 416
f 478 477 416
f 478 479 422
f 478 477 422
f 478 479 418
f 478 477 418
f 478 479 422
f 478 477 422
f 478 479 419
f 478 477 419
f 478 479 421
f 478 477 421
f 478 479 419
f 478 477 419
f 475 567 572
f 475 222 224
f 475 572 574
f 475 241 238
f 475 252 256
f 475 262 261
f 475 450 612
f 475 450 448
f 475 266 265
f 475 267 269
f 475 269 271
f 475 272 274
f 475 276 278
f 475 284 399
f 500 548 210
f 500 547 546
f 500 210 208
f 493 555 492
f 493 492 211
f 493 494 211
f 493 555 491
f 493 491 492
f 493 492 437
f 493 494 437
f 493 491 437
f 493 494 437
f 493 494 491
f 493 492 434
f 493 494 434
f 493 492 433
f 493 494 433
f 493 492 433
f 493 494 433
f 493 492 431
f 493 492 431
f 493 492 429
f 493 492 429
f 493 492 427
f 550 547 494
f 550 547 491
f 550 547 596
f 550 547 596
f 550 547 598
f 550 547 598
f 550 547 600
f 550 547 601
f 550 547 600
f 550 602 601
f 4 3 671
f 4 6 670
f 4 6 671
f 4 670 669
f 4 3 670
f 4 669 668
f 4 3 669
f 4 6 671
f 4 3 671
f 4 3 6
f 4 667 668
f 4 3 667
f 4 6 46
f 4 6 46
f 4 3 46
f 4 6 48
f 4 3 48
f 4 3 6
f 4 667 666
f 4 3 667
f 4 46 45
f 4 3 46
f 4 661 666
f 4 45 5
f 4 3 45
f 4 661 666
f 4 3 666
f 4 43 5
f 4 43 341
f 4 3 341
f 4 43 341
f 4 349 5
f 4 728 349
f 4 349 5
f 4 728 349
f 4 341 5
f 4 3 341
f 4 5 350
f 4 728 350
f 4 5 347
f 4 728 347
f 4 3 728
f 4 5 342
f 4 3 342
f 4 352 5
f 4 728 352
f 4 345 5
f 4 3 345
f 4 5 344
f 4 3 344
f 4 352 5
f 4 728 352
f 4 345 5
f 4 3 345
f 4 366 5
f 4 728 366
f 4 728 366
f 2 46 728
f 2 3 46
f 2 46 728
f 2 3 46
f 2 3 48
f 2 728 45
f 2 3 45
f 2 3 728
f 2 3 48
f 2 673 670
f 2 673 3
f 2 673 3
f 2 3 51
f 2 670 669
f 2 3 670
f 2 3 674
f 2 3 51
f 2 669 668
f 2 3 669
f 2 667 668
f 2 3 667
f 2 3 667
f 2 3 6
f 2 676 6
f 2 6 53
f 2 3 6
f 2 676 57
f 2 676 6
f 2 6 53
f 2 6 57
f 2 6 55
f 2 6 55
f 723 677 725
f 723 677 673
f 723 677 673
f 723 673 727
f 723 722 347
f 723 722 345
f 723 673 727
f 723 677 678
f 723 678 725
f 723 677 678
f 723 727 347
f 723 722 349
f 723 727 345
f 723 727 726
f 723 726 345
f 723 722 345
f 723 722 352
f 723 722 352
f 723 673 667
f 723 673 722
f 723 722 341
f 723 725 341
f 723 722 341
f 723 722 681
f 723 678 722
f 723 727 349
f 723 722 349
f 723 726 344
f 723 722 344
f 723 722 350
f 723 728 352
f 723 727 728
f 723 727 350
f 723 728 352
f 723 722 354
f 723 667 668
f 723 727 668
f 723 722 667
f 723 725 52
f 723 726 341
f 723 725 726
f 723 722 342
f 723 679 681
f 723 679 678
f 723 679 678
f 723 727 349
f 723 726 342
f 723 728 354
f 723 722 366
f 723 667 666
f 723 53 52
f 723 53 54
f 723 724 53
f 723 725 53
f 723 725 724
f 723 728 366
f 723 722 367
f 723 661 666
f 723 339 54
f 723 722 339
f 723 55 724
f 723 722 368
f 723 55 339
f 723 722 55
f 723 55 724
f 723 722 724
f 723 722 55
f 723 722 368
f 723 722 370
f 723 722 370
f 526 527 619
f 526 525 619
f 526 525 527
f 526 527 619
f 526 525 619
f 526 527 617
f 526 525 617
f 526 527 617
f 526 525 617
f 526 525 616
f 526 525 614
f 526 613 529
f 526 525 613
f 526 613 529
f 526 530 529
f 526 530 529
f 526 530 612
f 526 530 516
f 526 530 609
f 526 530 609
f 526 607 608
f 526 530 607
f 526 530 607
f 524 527 635
f 524 523 635
f 524 527 628
f 524 523 628
f 524 527 628
f 524 525 527
f 524 523 628
f 524 525 616
f 524 523 622
f 524 525 622
f 524 525 617
f 524 523 619
f 524 525 619
f 524 523 617
f 524 525 617
f 524 523 619
f 524 525 619
f 591 593 590
f 591 589 590
f 591 592 589
f 591 555 593
f 591 592 555
f 591 592 555
f 591 592 593
f 591 589 590
f 591 592 589
f 591 590 101
f 591 593 101
f 591 590 105
f 591 592 105
f 591 590 101
f 591 593 101
f 591 593 590
f 594 555 593
f 594 592 555
f 594 596 632
f 594 592 628
f 594 592 632
f 594 555 598
f 594 596 632
f 594 596 595
f 594 596 631
f 594 598 628
f 594 592 555
f 594 595 633
f 594 629 631
f 594 629 628
f 594 629 628
f 594 634 632
f 594 592 634
f 594 592 593
f 594 598 628
f 594 592 628
f 594 557 598
f 594 592 557
f 594 592 557
f 594 595 101
f 594 593 101
f 594 593 595
f 594 634 633
f 594 592 634
f 594 598 599
f 594 592 598
f 594 600 599
f 594 592 600
f 594 612 600
f 594 592 612
f 594 592 612
f 586 585 561
f 586 587 561
f 586 587 590
f 586 585 561
f 586 587 561
f 586 479 590
f 586 585 479
f 586 587 590
f 586 585 562
f 586 478 479
f 586 478 585
f 586 590 457
f 586 587 100
f 586 563 562
f 586 587 563
f 586 587 563
f 586 585 583
f 586 587 583
f 586 478 477
f 586 478 477
f 586 457 224
f 586 585 224
f 586 585 457
f 586 458 590
f 586 585 458
f 586 101 100
f 586 587 101
f 586 585 583
f 586 458 590
f 586 585 458
f 586 101 104
f 586 585 104
f 586 587 101
f 586 110 583
f 586 587 110
f 586 587 110
f 586 585 108
f 586 587 108
f 586 590 459
f 586 585 459
f 586 585 105
f 586 587 105
f 586 587 108
f 586 590 470
f 586 585 470
f 586 590 468
f 586 585 468
f 586 585 105
f 586 587 105
f 586 108 106
f 586 585 108
f 586 587 106
f 586 590 470
f 586 585 470
f 586 590 468
f 586 585 468
f 582 561 566
f 582 584 561
f 582 584 561
f 582 478 566
f 582 478 584
f 582 581 583
f 582 584 583
f 582 477 581
f 582 478 477
f 582 478 584
f 582 584 583
f 582 110 583
f 582 584 108
f 582 110 195
f 582 110 581
f 582 112 581
f 582 112 110
f 582 112 110
f 582 108 195
f 582 470 471
f 582 584 470
f 582 198 108
f 582 470 581
f 582 584 470
f 582 198 108
f 582 584 108
f 582 584 198
f 582 197 198
f 582 197 581
f 582 197 581
f 582 199 581
f 582 584 199
f 582 468 581
f 582 584 468
f 582 199 581
f 582 584 199
f 582 468 462
f 582 584 468
f 582 581 203
f 582 584 203
f 582 459 462
f 582 584 459
f 582 584 203
f 582 459 581
f 582 204 203
f 582 581 204
f 582 581 204
f 582 584 206
f 582 581 222
f 582 584 222
f 582 458 459
f 582 584 458
f 582 584 458
f 582 208 206
f 582 581 208
f 582 581 208
f 582 581 212
f 582 584 212
f 582 581 222
f 582 584 222
f 582 581 212
f 582 584 212
f 582 581 221
f 582 584 221
f 582 581 216
f 582 584 216
f 582 581 216
f 582 584 216
f 446 450 433
f 446 445 433
f 446 445 450
f 446 450 433
f 446 445 433
f 446 450 431
f 446 450 448
f 446 445 431
f 446 445 450
f 446 448 431
f 446 450 464
f 446 450 448
f 446 445 464
f 446 431 430
f 446 445 431
f 446 448 429
f 446 448 464
f 446 445 464
f 446 429 430
f 446 448 466
f 446 445 466
f 446 448 447
f 446 448 447
f 446 448 466
f 446 304 447
f 446 302 429
f 446 448 302
f 446 448 302
f 446 447 614
f 446 445 614
f 446 613 448
f 446 445 613
f 446 466 468
f 446 445 468
f 446 445 466
f 446 448 470
f 446 445 470
f 446 444 304
f 446 445 444
f 446 444 304
f 446 447 616
f 446 445 616
f 446 448 470
f 446 445 444
f 446 617 447
f 446 445 617
f 446 478 613
f 446 478 613
f 446 478 445
f 446 613 479
f 446 445 479
f 446 470 471
f 446 445 470
f 446 448 471
f 446 447 620
f 446 444 620
f 446 444 447
f 446 619 447
f 446 445 619
f 446 617 447
f 446 445 617
f 446 478 477
f 446 478 445
f 446 613 480
f 446 445 480
f 446 445 613
f 446 619 447
f 446 445 619
f 476 477 221
f 476 475 221
f 476 477 566
f 476 475 566
f 476 477 222
f 476 475 222
f 476 477 572
f 476 475 572
f 476 477 222
f 476 475 222
f 476 475 572
f 476 475 224
f 476 580 572
f 476 477 580
f 476 475 580
f 476 225 224
f 476 477 225
f 476 475 225
f 476 477 580
f 476 475 580
f 476 477 225
f 476 582 477
f 476 582 475
f 476 226 225
f 476 475 226
f 476 475 226
f 476 477 228
f 476 475 228
f 476 582 584
f 476 582 475
f 476 477 228
f 476 475 228
f 476 584 477
f 476 475 584
f 476 477 230
f 476 475 230
f 476 586 477
f 476 586 475
f 476 477 230
f 476 475 230
f 476 586 477
f 476 586 475
f 476 477 232
f 476 475 232
f 476 477 593
f 476 475 593
f 476 477 232
f 476 475 232
f 476 477 593
f 476 475 593
f 476 477 233
f 476 477 596
f 476 475 596
f 476 234 233
f 476 475 234
f 476 475 234
f 476 475 241
f 476 477 596
f 476 475 596
f 476 243 241
f 476 477 243
f 476 475 243
f 476 477 598
f 476 475 598
f 476 475 243
f 476 477 598
f 476 475 598
f 476 248 243
f 476 477 248
f 476 475 248
f 476 477 600
f 476 475 600
f 476 477 248
f 476 475 248
f 476 477 600
f 476 475 600
f 476 477 252
f 476 475 252
f 476 477 602
f 476 475 602
f 476 477 252
f 476 475 252
f 476 477 602
f 476 475 602
f 476 477 256
f 476 475 256
f 476 477 603
f 476 475 603
f 476 477 260
f 476 475 260
f 476 477 605
f 476 475 605
f 476 477 605
f 476 475 605
f 476 263 260
f 476 477 260
f 476 261 263
f 476 475 261
f 476 475 261
f 476 475 263
f 476 477 606
f 476 475 606
f 476 477 266
f 476 475 266
f 476 477 607
f 476 475 607
f 476 477 266
f 476 475 266
f 476 477 609
f 476 475 609
f 476 477 267
f 476 475 267
f 476 477 609
f 476 475 609
f 476 477 269
f 476 475 269
f 476 477 610
f 476 475 610
f 476 477 272
f 476 475 272
f 476 477 612
f 476 475 612
f 476 477 272
f 476 475 272
f 476 477 448
f 476 475 448
f 476 477 274
f 476 475 274
f 476 446 477
f 476 446 475
f 476 477 276
f 476 475 276
f 476 446 445
f 476 446 475
f 476 477 276
f 476 475 276
f 476 445 477
f 476 475 445
f 476 477 279
f 476 475 279
f 476 442 477
f 476 475 442
f 476 477 280
f 476 475 280
f 476 442 477
f 476 475 442
f 476 477 280
f 476 475 280
f 476 440 477
f 476 475 440
f 476 477 281
f 476 475 281
f 476 440 477
f 476 475 440
f 476 477 284
f 476 475 284
f 476 477 438
f 476 475 438
f 476 477 284
f 476 475 284
f 476 477 437
f 476 475 437
f 476 477 399
f 476 475 399
f 476 477 437
f 476 475 437
f 476 477 401
f 476 475 401
f 476 477 433
f 476 475 433
f 476 477 402
f 476 475 402
f 476 477 433
f 476 475 433
f 476 477 402
f 476 475 402
f 476 477 431
f 476 475 431
f 476 477 403
f 476 475 403
f 476 477 431
f 476 475 431
f 476 477 405
f 476 475 405
f 476 477 429
f 476 475 429
f 476 477 405
f 476 475 405
f 476 477 429
f 476 475 429
f 476 477 407
f 476 475 407
f 476 477 427
f 476 475 427
f 476 477 407
f 476 475 407
f 476 477 427
f 476 475 427
f 476 477 409
f 476 475 409
f 476 477 426
f 476 475 426
f 476 477 409
f 476 475 409
f 476 477 424
f 476 475 424
f 476 477 411
f 476 475 411
f 476 477 424
f 476 475 424
f 476 477 411
f 476 475 411
f 476 477 422
f 476 475 422
f 476 477 413
f 476 475 413
f 476 477 422
f 476 475 422
f 476 477 413
f 476 475 413
f 476 477 421
f 476 475 421
f 476 477 415
f 476 475 415
f 476 477 419
f 476 475 419
f 476 477 415
f 476 475 415
f 476 477 419
f 476 475 419
f 476 477 416
f 476 475 416
f 476 477 418
f 476 475 418
f 474 567 221
f 474 475 221
f 474 567 566
f 474 475 566
f 474 475 567
f 474 475 567
f 474 475 222
f 474 567 572
f 474 475 572
f 474 475 222
f 474 475 450
f 474 450 471
f 474 475 450
f 474 446 475
f 474 610 471
f 474 475 610
f 474 578 574
f 474 475 574
f 474 226 225
f 474 475 225
f 474 475 226
f 474 475 226
f 474 446 475
f 474 609 610
f 474 475 609
f 474 475 580
f 474 475 228
f 474 475 445
f 474 609 471
f 474 475 609
f 474 475 580
f 474 475 228
f 474 475 442
f 474 607 471
f 474 475 607
f 474 582 475
f 474 475 230
f 474 475 442
f 474 606 607
f 474 475 606
f 474 582 475
f 474 475 230
f 474 475 440
f 474 605 606
f 474 475 605
f 474 475 584
f 474 475 232
f 474 475 440
f 474 605 471
f 474 475 605
f 474 586 475
f 474 475 232
f 474 475 438
f 474 603 471
f 474 475 603
f 474 586 475
f 474 475 234
f 474 475 437
f 474 475 602
f 474 475 593
f 474 475 437
f 474 475 602
f 474 475 593
f 474 235 234
f 474 475 234
f 474 475 433
f 474 475 600
f 474 475 596
f 474 475 238
f 474 475 433
f 474 475 600
f 474 475 596
f 474 475 431
f 474 475 598
f 474 475 598
f 474 241 239
f 474 475 241
f 474 475 431
f 474 475 243
f 474 475 429
f 474 475 429
f 474 244 243
f 474 475 243
f 474 475 427
f 474 475 248
f 474 475 427
f 474 475 426
f 474 248 249
f 474 475 248
f 474 475 424
f 474 475 424
f 474 251 252
f 474 475 252
f 474 475 422
f 474 475 252
f 474 475 422
f 474 475 421
f 474 254 256
f 474 475 256
f 474 475 419
f 474 255 254
f 474 475 419
f 474 475 418
f 474 257 256
f 474 475 256
f 474 475 416
f 474 475 415
f 474 259 260
f 474 475 260
f 474 475 415
f 474 475 261
f 474 475 413
f 474 475 262
f 474 475 413
f 474 475 262
f 474 475 411
f 474 475 263
f 474 475 411
f 474 475 265
f 474 475 409
f 474 475 266
f 474 475 409
f 474 475 266
f 474 475 407
f 474 475 267
f 474 475 407
f 474 475 269
f 474 475 405
f 474 475 269
f 474 475 405
f 474 475 271
f 474 475 403
f 474 475 272
f 474 475 402
f 474 475 272
f 474 475 402
f 474 475 274
f 474 475 401
f 474 475 274
f 474 475 276
f 474 399 285
f 474 475 399
f 474 475 399
f 474 475 284
f 474 475 276
f 474 475 284
f 474 475 278
f 474 475 281
f 474 475 279
f 474 475 280
f 474 475 280
f 501 546 548
f 501 500 548
f 501 500 546
f 501 546 545
f 501 500 208
f 501 544 546
f 501 500 205
f 501 500 405
f 501 500 407
f 501 500 407
f 501 500 409
f 501 500 409
f 501 500 411
f 501 500 411
f 501 500 413
f 501 500 413
f 501 500 415
f 501 500 415
f 501 500 416
f 501 500 433
f 501 500 418
f 501 500 433
f 501 500 419
f 501 500 431
f 501 500 419
f 501 500 431
f 501 500 421
f 501 500 429
f 501 500 422
f 501 500 429
f 501 500 422
f 501 500 427
f 501 500 424
f 501 500 427
f 501 500 424
f 501 500 426
f 554 493 494
f 554 493 555
f 554 555 211
f 554 210 208
f 554 555 208
f 554 555 210
f 554 556 208
f 554 555 556
f 554 556 205
f 554 556 205
f 554 556 204
f 554 557 200
f 554 557 556
f 554 557 199
f 554 557 199
f 554 557 197
f 554 557 197
f 554 557 194
f 554 557 194
f 554 557 193
f 554 558 189
f 554 557 558
f 554 558 186
f 554 558 186
f 554 558 178
f 554 558 178
f 554 612 606
f 554 558 177
f 554 558 603
f 554 558 560
f 554 605 560
f 554 605 606
f 554 558 172
f 554 558 602
f 554 612 606
f 554 558 171
f 554 558 602
f 554 613 612
f 554 558 149
f 554 558 144
f 554 558 171
f 554 171 170
f 554 558 600
f 554 557 558
f 554 557 600
f 554 557 556
f 554 598 556
f 554 613 614
f 554 558 149
f 554 558 143
f 554 558 164
f 554 594 598
f 554 594 555
f 554 594 555
f 554 614 615
f 554 558 150
f 554 558 164
f 554 615 560
f 554 558 157
f 554 558 161
f 554 628 560
f 495 493 494
f 495 266 210
f 495 492 266
f 495 493 492
f 495 492 266
f 495 492 269
f 495 492 274
f 495 492 274
f 495 492 395
f 495 492 399
f 495 492 399
f 495 492 401
f 495 492 402
f 495 492 402
f 495 492 403
f 495 492 405
f 495 492 405
f 495 492 407
f 495 492 407
f 495 492 409
f 495 492 409
f 495 492 411
f 495 492 411
f 495 492 413
f 495 492 413
f 495 492 415
f 495 492 415
f 495 492 416
f 495 492 418
f 495 492 419
f 495 492 419
f 495 492 421
f 495 492 422
f 495 492 422
f 495 492 424
f 495 492 424
f 495 492 426
f 495 492 427
f 495 493 492
f 495 493 427
f 495 493 429
f 495 493 429
f 495 493 431
f 495 493 431
f 495 493 494
f 495 494 433
f 495 494 433
f 495 494 434
f 495 494 437
f 1 728 48
f 1 2 48
f 1 2 728
f 1 728 48
f 1 729 728
f 1 2 48
f 1 673 729
f 1 2 673
f 1 729 49
f 1 673 674
f 1 2 673
f 1 51 49
f 1 2 51
f 1 729 51
f 1 674 675
f 1 2 674
f 1 729 51
f 1 2 51
f 1 676 675
f 1 2 676
f 1 729 53
f 1 2 53
f 1 676 729
f 1 2 676
f 1 729 53
f 1 2 53
f 1 729 57
f 1 2 57
f 1 729 55
f 1 2 55
f 1 729 57
f 1 2 57
f 1 729 55
f 1 2 55
f 521 526 613
f 521 526 525
f 521 613 612
f 521 526 612
f 521 526 525
f 521 612 610
f 521 613 614
f 521 525 613
f 521 524 525
f 521 526 609
f 521 609 610
f 521 614 615
f 521 520 615
f 521 525 614
f 521 524 525
f 521 520 523
f 521 524 523
f 521 526 609
f 521 520 616
f 521 524 616
f 521 609 516
f 521 609 608
f 521 526 516
f 521 526 608
f 521 520 617
f 521 524 617
f 521 524 523
f 521 520 523
f 521 523 617
f 521 520 617
f 521 523 619
f 521 523 619
f 521 520 619
f 521 619 622
f 521 520 619
f 521 622 624
f 521 520 624
f 521 520 622
f 473 471 567
f 473 474 567
f 473 471 567
f 473 474 567
f 473 471 222
f 473 474 222
f 473 448 471
f 473 471 572
f 473 474 572
f 473 471 222
f 473 471 472
f 473 474 222
f 473 446 448
f 473 474 446
f 473 450 448
f 473 474 450
f 473 474 450
f 473 471 572
f 473 474 572
f 473 472 226
f 473 474 226
f 473 446 445
f 473 474 446
f 473 471 578
f 473 474 578
f 473 472 226
f 473 474 226
f 473 445 443
f 473 474 445
f 473 471 578
f 473 474 578
f 473 472 228
f 473 474 228
f 473 442 443
f 473 474 442
f 473 580 471
f 473 474 580
f 473 472 228
f 473 474 228
f 473 442 441
f 473 474 442
f 473 580 471
f 473 474 580
f 473 472 230
f 473 474 230
f 473 440 441
f 473 474 440
f 473 582 471
f 473 474 582
f 473 472 230
f 473 474 230
f 473 440 439
f 473 474 440
f 473 582 584
f 473 474 582
f 473 472 232
f 473 474 232
f 473 438 439
f 473 474 438
f 473 584 585
f 473 474 584
f 473 472 232
f 473 474 232
f 473 437 438
f 473 474 437
f 473 586 585
f 473 474 586
f 473 472 234
f 473 474 234
f 473 437 434
f 473 474 437
f 473 586 590
f 473 474 586
f 473 235 472
f 473 474 235
f 473 433 434
f 473 474 433
f 473 593 590
f 473 474 593
f 473 235 472
f 473 433 432
f 473 474 433
f 473 593 595
f 473 474 593
f 473 472 237
f 473 235 237
f 473 474 235
f 473 431 432
f 473 474 431
f 473 596 595
f 473 474 596
f 473 472 238
f 473 474 238
f 473 431 430
f 473 474 431
f 473 596 471
f 473 474 596
f 473 472 239
f 473 474 239
f 473 429 430
f 473 474 429
f 473 598 471
f 473 474 598
f 473 472 239
f 473 429 472
f 473 474 429
f 473 598 599
f 473 474 598
f 473 241 239
f 473 474 241
f 473 472 241
f 473 427 472
f 473 474 427
f 473 600 599
f 473 474 600
f 473 242 472
f 473 427 426
f 473 474 427
f 473 600 471
f 473 474 600
f 473 242 243
f 473 474 243
f 473 426 472
f 473 474 426
f 473 602 471
f 473 474 602
f 473 242 244
f 473 242 472
f 473 474 244
f 473 424 472
f 473 474 424
f 473 602 603
f 473 474 603
f 473 474 602
f 473 472 244
f 473 424 472
f 473 474 424
f 473 244 245
f 473 474 244
f 473 422 472
f 473 474 422
f 473 245 247
f 473 472 245
f 473 422 421
f 473 474 422
f 473 248 247
f 473 474 248
f 473 421 472
f 473 474 421
f 473 472 249
f 473 248 249
f 473 474 248
f 473 419 472
f 473 474 419
f 473 251 472
f 473 419 418
f 473 474 419
f 473 251 249
f 473 474 249
f 473 474 251
f 473 418 472
f 473 474 418
f 473 251 254
f 473 251 254
f 473 474 254
f 473 251 252
f 473 474 252
f 473 474 251
f 473 416 472
f 473 474 416
f 473 255 254
f 473 474 255
f 473 415 416
f 473 474 415
f 473 255 257
f 473 415 472
f 473 474 415
f 473 257 259
f 473 255 257
f 473 474 257
f 473 474 255
f 473 413 472
f 473 474 413
f 473 261 259
f 473 257 259
f 473 474 259
f 473 474 257
f 473 413 472
f 473 474 413
f 473 262 261
f 473 474 262
f 473 261 259
f 473 474 259
f 473 474 261
f 473 411 472
f 473 474 411
f 473 262 263
f 473 474 262
f 473 411 472
f 473 474 411
f 473 263 472
f 473 409 472
f 473 474 409
f 473 472 267
f 473 263 265
f 473 474 265
f 473 474 263
f 473 409 472
f 473 474 409
f 473 266 267
f 473 474 266
f 473 474 266
f 473 472 267
f 473 474 267
f 473 472 407
f 473 474 407
f 473 474 269
f 473 472 407
f 473 474 407
f 473 269 268
f 473 472 268
f 473 474 269
f 473 405 472
f 473 474 405
f 473 472 271
f 473 474 271
f 473 405 472
f 473 474 405
f 473 272 472
f 473 474 272
f 473 403 472
f 473 474 403
f 473 272 273
f 473 474 272
f 473 402 403
f 473 474 402
f 473 274 273
f 473 474 274
f 473 402 472
f 473 474 402
f 473 274 472
f 473 474 274
f 473 472 401
f 473 474 401
f 473 276 472
f 473 474 276
f 473 286 472
f 473 276 472
f 473 474 276
f 473 286 285
f 473 474 285
f 473 286 472
f 473 472 278
f 473 474 278
f 473 284 472
f 473 474 284
f 473 472 279
f 473 474 279
f 473 284 472
f 473 474 284
f 473 280 472
f 473 474 280
f 473 282 472
f 473 280 281
f 473 474 280
f 473 282 281
f 473 474 281
f 473 282 281
f 504 545 208
f 504 543 545
f 504 501 205
f 504 500 205
f 504 501 500
f 504 500 399
f 504 500 401
f 504 500 402
f 504 500 402
f 504 500 403
f 504 500 405
f 504 501 500
f 504 501 405
f 504 501 407
f 504 501 407
f 504 501 409
f 504 501 409
f 504 501 411
f 504 501 411
f 504 501 413
f 504 501 413
f 504 501 415
f 504 501 415
f 504 501 416
f 504 501 418
f 504 501 419
f 504 501 419
f 504 501 421
f 504 501 422
f 504 501 422
f 504 501 424
f 504 501 424
f 552 493 494
f 552 550 494
f 552 495 494
f 552 550 491
f 552 491 488
f 552 555 488
f 552 555 491
f 552 555 488
f 552 550 596
f 552 550 598
f 552 596 488
f 552 550 596
f 552 594 596
f 552 594 555
f 552 550 598
f 552 596 595
f 552 595 483
f 552 555 483
f 552 555 595
f 552 594 596
f 552 594 555
f 552 550 600
f 498 500 210
f 498 500 431
f 498 500 429
f 498 500 429
f 498 500 427
f 498 500 427
f 528 521 526
f 528 521 526
f 528 526 529
f 528 521 520
f 528 521 520
f 528 529 531
f 528 526 527
f 528 520 516
f 528 520 527
f 528 531 516
f 528 527 531
f 528 527 617
f 528 529 617
f 528 529 616
f 528 526 616
f 528 516 519
f 528 527 519
f 528 516 517
f 528 527 517
f 528 531 628
f 528 527 628
f 528 531 628
f 528 529 531
f 528 527 628
f 528 527 617
f 528 529 617
f 528 529 614
f 528 526 614
f 528 526 529
f 528 635 531
f 528 527 635
f 528 527 622
f 528 529 622
f 528 527 619
f 528 529 619
f 528 527 619
f 528 529 619
f 502 501 545
f 502 504 545
f 502 501 208
f 502 504 208
f 502 504 501
f 502 501 544
f 502 501 437
f 502 501 434
f 502 501 433
f 502 501 433
f 502 501 431
f 502 501 431
f 502 501 429
f 502 504 429
f 502 501 429
f 502 504 429
f 502 501 427
f 502 504 427
f 502 501 427
f 502 504 427
f 502 501 426
f 502 504 426
f 502 504 501
f 507 543 540
f 507 504 205
f 507 504 205
f 507 504 413
f 507 504 411
f 507 539 538
f 507 504 413
f 507 504 411
f 507 504 415
f 507 504 409
f 507 504 415
f 507 504 409
f 507 504 416
f 507 504 407
f 507 504 418
f 507 504 407
f 507 504 419
f 507 504 405
f 507 504 419
f 507 504 405
f 507 504 421
f 507 504 403
f 507 504 422
f 507 504 402
f 507 504 422
f 507 504 402
f 507 504 424
f 507 504 424
f 553 554 493
f 553 552 493
f 553 554 494
f 553 554 493
f 553 494 211
f 553 552 494
f 553 554 211
f 553 493 555
f 553 552 555
f 553 552 493
f 553 552 555
f 553 554 210
f 553 555 598
f 553 554 555
f 553 552 598
f 553 554 208
f 553 554 598
f 553 552 598
f 553 554 205
f 553 554 600
f 553 552 600
f 553 554 600
f 553 554 602
f 551 553 210
f 551 553 552
f 551 553 208
f 551 552 550
f 551 553 205
f 551 554 205
f 551 553 554
f 551 550 602
f 551 553 602
f 551 554 204
f 551 550 600
f 551 552 550
f 551 554 602
f 551 553 554
f 551 553 600
f 551 553 552
f 551 554 200
f 551 554 603
f 551 554 199
f 551 554 605
f 551 554 199
f 551 554 605
f 551 554 197
f 551 554 606
f 551 554 197
f 551 554 612
f 551 554 194
f 551 554 613
f 551 554 194
f 551 554 613
f 551 554 614
f 551 193 189
f 551 554 189
f 551 554 193
f 551 554 186
f 551 554 615
f 551 554 186
f 551 554 178
f 551 554 628
f 551 554 178
f 551 554 177
f 551 554 172
f 551 554 171
f 551 554 171
f 551 554 170
f 551 554 149
f 551 554 164
f 551 554 150
f 551 554 164
f 551 554 157
f 551 554 161
f 496 550 547
f 496 498 547
f 496 550 547
f 496 551 550
f 496 547 494
f 496 552 495
f 496 551 552
f 496 552 495
f 496 551 552
f 496 494 542
f 496 494 437
f 496 495 494
f 496 494 438
f 496 440 494
f 496 495 437
f 496 539 542
f 496 440 494
f 496 495 434
f 496 542 602
f 496 494 602
f 496 494 542
f 496 494 603
f 496 494 441
f 496 495 433
f 496 494 605
f 496 441 617
f 496 494 616
f 496 495 433
f 496 494 605
f 496 494 614
f 496 494 606
f 496 613 494
f 496 494 607
f 496 613 494
f 496 494 609
f 496 494 612
f 496 494 609
f 496 494 610
f 549 548 210
f 549 500 548
f 549 496 550
f 549 496 498
f 549 551 210
f 549 548 208
f 549 551 208
f 549 551 205
f 549 545 205
f 549 551 205
f 549 603 604
f 549 605 604
f 549 551 605
f 549 551 603
f 549 546 548
f 549 546 545
f 549 545 205
f 549 551 204
f 549 602 603
f 549 550 602
f 549 605 606
f 549 551 605
f 549 551 602
f 549 551 550
f 549 607 546
f 549 545 204
f 549 551 200
f 549 551 606
f 549 607 608
f 549 606 546
f 549 606 607
f 549 545 200
f 549 551 199
f 549 551 612
f 549 612 608
f 549 612 607
f 549 199 545
f 549 551 199
f 549 551 613
f 549 613 612
f 549 199 198
f 549 551 197
f 549 551 613
f 549 613 614
f 549 197 198
f 549 551 197
f 549 551 614
f 549 614 615
f 549 197 545
f 549 551 194
f 549 616 615
f 549 194 545
f 549 551 194
f 549 616 615
f 549 551 615
f 549 616 545
f 549 194 193
f 549 551 193
f 549 193 545
f 549 551 186
f 549 628 545
f 549 551 628
f 549 186 545
f 549 551 186
f 549 545 177
f 549 551 177
f 549 545 172
f 549 551 172
f 549 186 545
f 549 551 178
f 549 178 545
f 549 551 178
f 549 545 171
f 549 551 171
f 549 178 545
f 549 545 171
f 549 551 171
f 549 545 170
f 549 551 170
f 549 545 164
f 549 551 164
f 549 545 164
f 549 551 164
f 549 551 161
f 549 551 157
f 503 504 543
f 503 502 504
f 503 544 543
f 503 502 544
f 503 504 542
f 503 542 544
f 503 502 542
f 503 541 539
f 503 605 536
f 503 605 536
f 503 530 605
f 503 530 606
f 503 530 605
f 503 607 608
f 503 606 607
f 503 440 618
f 503 619 618
f 503 619 437
f 503 619 438
f 503 619 437
f 503 502 437
f 503 502 437
f 503 502 434
f 503 502 433
f 503 504 433
f 503 502 433
f 503 504 431
f 503 502 431
f 503 504 431
f 503 502 431
f 503 502 504
f 505 504 543
f 505 507 543
f 505 507 504
f 505 541 542
f 505 504 542
f 505 541 543
f 505 507 543
f 505 503 541
f 505 503 504
f 505 503 437
f 505 503 434
f 505 503 433
f 505 503 504
f 505 504 433
f 505 504 431
f 505 504 431
f 505 504 429
f 505 507 429
f 505 504 429
f 505 507 429
f 505 504 427
f 505 507 427
f 505 504 427
f 505 507 427
f 505 504 426
f 505 507 426
f 505 507 504
f 510 424 423
f 510 422 423
f 510 422 421
f 510 421 420
f 510 419 420
f 510 419 418
f 510 418 513
f 510 416 513
f 510 433 434
f 510 415 416
f 510 415 414
f 510 413 414
f 510 413 412
f 510 411 412
f 510 411 410
f 510 409 410
f 510 409 513
f 510 407 513
f 510 407 406
f 508 537 540
f 508 507 540
f 508 538 537
f 508 507 538
f 508 507 205
f 508 507 205
f 508 507 433
f 508 507 431
f 508 507 431
f 508 507 429
f 508 507 429
f 508 507 427
f 508 507 427
f 508 507 426
f 508 507 424
f 508 507 424
f 508 507 422
f 508 507 422
f 508 507 421
f 508 507 419
f 508 507 419
f 508 507 418
f 508 507 416
f 508 507 415
f 508 507 415
f 508 507 413
f 508 507 413
f 508 507 411
f 508 507 405
f 508 507 411
f 508 507 405
f 508 507 409
f 508 507 407
f 508 507 409
f 508 507 407
f 497 496 551
f 497 549 551
f 497 549 496
f 497 549 496
f 497 496 551
f 497 549 498
f 497 549 551
f 497 496 495
f 497 495 210
f 497 498 210
f 497 495 426
f 497 495 427
f 497 498 427
f 497 266 269
f 497 495 266
f 497 495 266
f 497 269 271
f 497 495 269
f 497 500 426
f 497 498 500
f 497 495 424
f 497 495 427
f 497 498 427
f 497 205 271
f 497 495 274
f 497 500 424
f 497 495 424
f 497 495 429
f 497 498 429
f 497 500 205
f 497 498 500
f 497 500 424
f 497 495 422
f 497 495 429
f 497 498 429
f 497 500 422
f 497 495 422
f 497 495 431
f 497 498 431
f 497 500 422
f 497 495 421
f 497 495 431
f 497 496 495
f 497 498 431
f 497 495 399
f 497 500 421
f 497 495 419
f 497 498 433
f 497 496 433
f 497 500 399
f 497 495 399
f 497 500 419
f 497 495 419
f 497 498 433
f 497 496 433
f 497 500 399
f 497 495 401
f 497 500 419
f 497 495 418
f 497 498 434
f 497 496 434
f 497 500 401
f 497 495 402
f 497 500 418
f 497 495 416
f 497 498 437
f 497 496 437
f 497 496 498
f 497 500 402
f 497 495 402
f 497 500 416
f 497 495 415
f 497 500 402
f 497 495 403
f 497 500 415
f 497 495 415
f 497 500 403
f 497 495 405
f 497 500 415
f 497 495 413
f 497 500 405
f 497 495 405
f 497 500 413
f 497 495 413
f 497 500 405
f 497 495 407
f 497 500 413
f 497 495 411
f 497 500 407
f 497 495 407
f 497 500 411
f 497 495 411
f 497 500 407
f 497 495 409
f 497 500 411
f 497 495 409
f 497 500 409
f 497 500 409
f 499 498 500
f 499 549 500
f 499 549 498
f 499 549 500
f 499 549 498
f 499 500 547
f 499 498 547
f 499 500 547
f 499 547 544
f 499 501 500
f 499 501 544
f 499 496 547
f 499 496 498
f 499 496 542
f 499 501 437
f 499 498 437
f 499 502 542
f 499 502 501
f 499 496 539
f 499 501 434
f 499 501 500
f 499 498 434
f 499 502 437
f 499 502 501
f 499 496 437
f 499 496 498
f 499 503 502
f 499 503 539
f 499 500 433
f 499 498 433
f 499 496 438
f 499 496 539
f 499 500 433
f 499 498 433
f 499 496 440
f 499 503 438
f 499 503 502
f 499 503 617
f 499 539 603
f 499 496 603
f 499 496 613
f 499 503 613
f 499 496 612
f 499 503 612
f 499 500 431
f 499 498 431
f 499 498 500
f 499 496 440
f 499 503 440
f 499 440 441
f 499 496 617
f 499 503 616
f 499 440 617
f 499 503 617
f 499 503 440
f 499 536 539
f 499 503 536
f 499 503 536
f 499 496 605
f 499 503 605
f 499 496 613
f 499 503 613
f 499 496 610
f 499 503 610
f 499 496 441
f 499 496 616
f 499 503 614
f 499 496 605
f 499 503 605
f 499 496 614
f 499 496 609
f 499 503 609
f 499 496 606
f 499 503 606
f 499 496 609
f 499 503 609
f 499 496 607
f 499 503 607
f 506 507 539
f 506 505 507
f 506 541 539
f 506 505 541
f 506 503 541
f 506 505 503
f 506 507 539
f 506 508 507
f 506 503 536
f 506 536 539
f 506 505 434
f 506 508 434
f 506 505 437
f 506 505 433
f 506 508 433
f 506 508 507
f 506 536 533
f 506 503 536
f 506 510 617
f 506 510 619
f 506 507 433
f 506 505 433
f 506 622 437
f 506 530 533
f 506 503 530
f 506 503 530
f 506 503 617
f 506 510 617
f 506 503 619
f 506 507 431
f 506 505 431
f 506 503 437
f 506 505 503
f 506 613 612
f 506 503 613
f 506 613 614
f 506 503 613
f 506 503 614
f 506 503 617
f 506 503 619
f 506 507 431
f 506 505 431
f 506 505 507
f 506 612 512
f 506 503 612
f 506 503 616
f 506 610 512
f 506 503 610
f 506 609 610
f 506 503 609
f 506 609 608
f 506 503 608
f 506 503 609
f 511 534 537
f 511 510 537
f 511 534 513
f 511 535 534
f 511 535 534
f 511 536 535
f 511 510 536
f 511 429 513
f 511 429 513
f 511 510 429
f 511 427 513
f 511 510 427
f 511 536 535
f 511 429 430
f 511 510 429
f 511 427 426
f 511 510 427
f 511 506 536
f 511 506 510
f 511 431 430
f 511 510 431
f 511 426 425
f 511 510 426
f 511 510 431
f 511 424 425
f 511 510 424
f 511 510 424
f 511 616 615
f 511 614 615
f 511 506 614
f 511 506 614
f 511 506 616
f 511 506 510
f 511 431 625
f 511 617 616
f 511 510 617
f 511 625 628
f 511 431 628
f 511 431 625
f 511 625 624
f 511 625 432
f 511 617 618
f 511 510 617
f 511 622 624
f 511 510 622
f 511 433 432
f 511 510 433
f 511 510 433
f 511 619 618
f 511 510 619
f 511 622 620
f 511 510 622
f 511 619 620
f 511 510 619
f 509 537 513
f 509 508 537
f 509 513 205
f 509 508 205
f 509 510 537
f 509 513 205
f 509 508 205
f 509 508 538
f 509 200 513
f 509 508 200
f 509 536 538
f 509 510 536
f 509 506 536
f 509 506 508
f 509 506 510
f 509 510 622
f 509 510 622
f 509 506 622
f 509 506 622
f 509 622 435
f 509 510 619
f 509 506 619
f 509 506 510
f 509 622 437
f 509 506 437
f 509 506 508
f 509 434 435
f 509 510 434
f 509 508 434
f 509 510 433
f 509 508 433
f 509 508 405
f 509 510 433
f 509 508 433
f 509 510 407
f 509 508 407
f 509 510 431
f 509 508 431
f 509 510 407
f 509 508 407
f 509 510 431
f 509 508 431
f 509 510 409
f 509 508 409
f 509 510 429
f 509 508 429
f 509 510 409
f 509 508 409
f 509 510 429
f 509 508 429
f 509 510 411
f 509 508 411
f 509 510 427
f 509 508 427
f 509 510 411
f 509 508 411
f 509 510 427
f 509 508 427
f 509 510 413
f 509 508 413
f 509 510 426
f 509 508 426
f 509 510 413
f 509 508 413
f 509 510 424
f 509 508 424
f 509 510 415
f 509 508 415
f 509 510 424
f 509 508 424
f 509 510 415
f 509 508 415
f 509 510 422
f 509 508 422
f 509 510 416
f 509 508 416
f 509 510 422
f 509 508 422
f 509 510 418
f 509 508 418
f 509 510 421
f 509 508 421
f 509 510 419
f 509 508 419
f 509 510 419
f 509 508 419
