# King Wen sovereign avatar mesh
# hex09_phase7.ply
# vertices=729 faces=14151
o kingwen_avatar
v 0.147980 0.000235 0.073990 0.309804 0.309804 0.313725
v 0.149503 0.001526 0.073979 0.309804 0.309804 0.313725
v 0.151009 0.002843 0.073946 0.309804 0.309804 0.313725
v 0.152496 0.004186 0.073891 0.309804 0.309804 0.313725
v 0.153959 0.005555 0.073814 0.309804 0.309804 0.313725
v 0.155393 0.006948 0.073716 0.309804 0.309804 0.313725
v 0.156794 0.008365 0.073595 0.309804 0.309804 0.313725
v 0.157498 0.009765 0.073146 0.309804 0.309804 0.313725
v 0.158816 0.011221 0.072982 0.309804 0.309804 0.313725
v 0.160088 0.012699 0.072797 0.309804 0.309804 0.313725
v 0.161311 0.014196 0.072590 0.309804 0.309804 0.313725
v 0.162481 0.015711 0.072361 0.309804 0.309804 0.313725
v 0.163595 0.017243 0.072111 0.309804 0.309804 0.313725
v 0.164649 0.018791 0.071839 0.309804 0.309804 0.313725
v 0.164946 0.020266 0.071247 0.309804 0.309804 0.313725
v 0.165866 0.021832 0.070934 0.309804 0.309804 0.313725
v 0.166717 0.023408 0.070600 0.309804 0.309804 0.313725
v 0.167496 0.024991 0.070245 0.309804 0.309804 0.313725
v 0.168201 0.026580 0.069869 0.309804 0.309804 0.313725
v 0.168828 0.028172 0.069473 0.309804 0.309804 0.313725
v 0.169376 0.029767 0.069056 0.309804 0.309804 0.313725
v 0.169128 0.031228 0.068329 0.309804 0.309804 0.313725
v 0.169510 0.032812 0.067873 0.309804 0.309804 0.313725
v 0.169807 0.034390 0.067397 0.309804 0.309804 0.313725
v 0.170019 0.035962 0.066900 0.309804 0.309804 0.313725
v 0.170145 0.037523 0.066384 0.309804 0.309804 0.313725
v 0.170182 0.039072 0.065848 0.309804 0.309804 0.313725
v 0.170132 0.040607 0.065293 0.309804 0.309804 0.313725
v 0.169993 0.042126 0.064718 0.309804 0.309804 0.313725
v 0.169765 0.043626 0.064124 0.309804 0.309804 0.313725
v 0.168733 0.044915 0.063242 0.309804 0.309804 0.313725
v 0.168330 0.046365 0.062613 0.309804 0.309804 0.313725
v 0.167840 0.047790 0.061965 0.309804 0.309804 0.313725
v 0.167264 0.049188 0.061298 0.309804 0.309804 0.313725
v 0.166602 0.050558 0.060614 0.309804 0.309804 0.313725
v 0.165856 0.051896 0.059911 0.309804 0.309804 0.313725
v 0.165027 0.053203 0.059191 0.309804 0.309804 0.313725
v 0.164118 0.054476 0.058453 0.309804 0.309804 0.313725
v 0.163129 0.055713 0.057697 0.309804 0.309804 0.313725
v 0.162064 0.056914 0.056925 0.309804 0.309804 0.313725
v 0.160924 0.058076 0.056135 0.309804 0.309804 0.313725
v 0.159034 0.058948 0.055094 0.309804 0.309804 0.313725
v 0.157759 0.060027 0.054275 0.309804 0.309804 0.313725
v 0.156416 0.061065 0.053440 0.309804 0.309804 0.313725
v 0.155011 0.062061 0.052589 0.309804 0.309804 0.313725
v 0.153545 0.063015 0.051722 0.309804 0.309804 0.313725
v 0.152023 0.063927 0.050840 0.309804 0.309804 0.313725
v 0.150447 0.064796 0.049943 0.309804 0.309804 0.313725
v 0.148822 0.065622 0.049031 0.309804 0.309804 0.313725
v 0.147150 0.066405 0.048104 0.309804 0.309804 0.313725
v 0.144816 0.066860 0.046962 0.309804 0.309804 0.313725
v 0.143070 0.067556 0.046012 0.309804 0.309804 0.313725
v 0.141290 0.068211 0.045047 0.309804 0.309804 0.313725
v 0.139478 0.068825 0.044069 0.309804 0.309804 0.313725
v 0.137640 0.069399 0.043078 0.309804 0.309804 0.313725
v 0.135779 0.069935 0.042074 0.309804 0.309804 0.313725
v 0.133899 0.070434 0.041058 0.309804 0.309804 0.313725
v 0.132004 0.070896 0.040030 0.309804 0.309804 0.313725
v 0.130099 0.071324 0.038989 0.309804 0.309804 0.313725
v 0.128186 0.071719 0.037937 0.309804 0.309804 0.313725
v 0.126270 0.072083 0.036874 0.309804 0.309804 0.313725
v 0.124355 0.072418 0.035800 0.309804 0.309804 0.313725
v 0.122444 0.072726 0.034715 0.309804 0.309804 0.313725
v 0.120542 0.073009 0.033620 0.309804 0.309804 0.313725
v 0.118651 0.073269 0.032515 0.309804 0.309804 0.313725
v 0.116776 0.073509 0.031400 0.309804 0.309804 0.313725
v 0.114920 0.073731 0.030276 0.309804 0.309804 0.313725
v 0.113086 0.073938 0.029142 0.309804 0.309804 0.313725
v 0.111278 0.074133 0.028001 0.309804 0.309804 0.313725
v 0.109498 0.074317 0.026851 0.309804 0.309804 0.313725
v 0.107750 0.074495 0.025692 0.309804 0.309804 0.313725
v 0.106036 0.074669 0.024527 0.309804 0.309804 0.313725
v 0.104805 0.075162 0.023454 0.309804 0.309804 0.313725
v 0.103160 0.075337 0.022269 0.309804 0.309804 0.313725
v 0.101556 0.075516 0.021077 0.309804 0.309804 0.313725
v 0.105960 0.080218 0.021065 0.309804 0.309804 0.313725
v 0.163088 0.125694 0.030927 0.309804 0.309804 0.313725
v 0.169750 0.133176 0.030561 0.309804 0.309804 0.313725
v 0.167676 0.133900 0.028505 0.309804 0.309804 0.313725
v 0.165277 0.134333 0.026366 0.309804 0.309804 0.313725
v 0.163364 0.135133 0.024278 0.309804 0.309804 0.313725
v 0.161531 0.135978 0.022173 0.309804 0.309804 0.313725
v 0.159780 0.136875 0.020050 0.309804 0.309804 0.313725
v 0.157734 0.137497 0.017868 0.309804 0.309804 0.313725
v 0.156158 0.138509 0.015719 0.309804 0.309804 0.313725
v 0.154667 0.139588 0.013554 0.309804 0.309804 0.313725
v 0.153263 0.140736 0.011375 0.309804 0.309804 0.313725
v 0.151946 0.141960 0.009181 0.309804 0.309804 0.313725
v 0.150715 0.143262 0.006975 0.309804 0.309804 0.313725
v 0.149569 0.144648 0.004755 0.309804 0.309804 0.313725
v 0.148861 0.146466 0.002530 0.309804 0.309804 0.313725
v 0.148578 0.148730 0.000283 0.309804 0.309804 0.313725
v 0.149058 0.151805 -0.002005 0.309804 0.309804 0.313725
v 0.149253 0.154647 -0.004336 0.309804 0.309804 0.313725
v 0.149171 0.157252 -0.006692 0.309804 0.309804 0.313725
v 0.149156 0.159976 -0.009079 0.309804 0.309804 0.313725
v 0.149207 0.162821 -0.011495 0.309804 0.309804 0.313725
v 0.149655 0.166163 -0.013970 0.309804 0.309804 0.313725
v 0.149495 0.168891 -0.016411 0.309804 0.309804 0.313725
v 0.148735 0.170979 -0.018784 0.309804 0.309804 0.313725
v 0.147710 0.172786 -0.021104 0.309804 0.309804 0.313725
v 0.147074 0.175074 -0.023461 0.309804 0.309804 0.313725
v 0.146492 0.177465 -0.025810 0.309804 0.309804 0.313725
v 0.145958 0.179955 -0.028151 0.309804 0.309804 0.313725
v 0.145143 0.182137 -0.030416 0.309804 0.309804 0.313725
v 0.144369 0.184404 -0.032662 0.309804 0.309804 0.313725
v 0.143628 0.186752 -0.034888 0.309804 0.309804 0.313725
v 0.142916 0.189179 -0.037093 0.309804 0.309804 0.313725
v 0.142227 0.191679 -0.039277 0.309804 0.309804 0.313725
v 0.141236 0.193812 -0.041345 0.309804 0.309804 0.313725
v 0.140257 0.195996 -0.043381 0.309804 0.309804 0.313725
v 0.139286 0.198227 -0.045384 0.309804 0.309804 0.313725
v 0.138634 0.200959 -0.047462 0.309804 0.309804 0.313725
v 0.137661 0.203274 -0.049402 0.309804 0.309804 0.313725
v 0.136994 0.206094 -0.051426 0.309804 0.309804 0.313725
v 0.135998 0.208470 -0.053302 0.309804 0.309804 0.313725
v 0.134983 0.210863 -0.055142 0.309804 0.309804 0.313725
v 0.133944 0.213267 -0.056947 0.309804 0.309804 0.313725
v 0.132879 0.215676 -0.058716 0.309804 0.309804 0.313725
v 0.131782 0.218082 -0.060448 0.309804 0.309804 0.313725
v 0.130649 0.220478 -0.062143 0.309804 0.309804 0.313725
v 0.129169 0.222328 -0.063649 0.309804 0.309804 0.313725
v 0.127957 0.224678 -0.065265 0.309804 0.309804 0.313725
v 0.126699 0.226997 -0.066843 0.309804 0.309804 0.313725
v 0.125090 0.228725 -0.068218 0.309804 0.309804 0.313725
v 0.123737 0.230956 -0.069715 0.309804 0.309804 0.313725
v 0.122031 0.232565 -0.071000 0.309804 0.309804 0.313725
v 0.120275 0.234101 -0.072237 0.309804 0.309804 0.313725
v 0.118469 0.235558 -0.073426 0.309804 0.309804 0.313725
v 0.116904 0.237526 -0.074756 0.309804 0.309804 0.313725
v 0.115283 0.239417 -0.076047 0.309804 0.309804 0.313725
v 0.113604 0.241227 -0.077298 0.309804 0.309804 0.313725
v 0.112152 0.243568 -0.078709 0.309804 0.309804 0.313725
v 0.110635 0.245831 -0.080090 0.309804 0.309804 0.313725
v 0.108777 0.247376 -0.081230 0.309804 0.309804 0.313725
v 0.107136 0.249458 -0.082543 0.309804 0.309804 0.313725
v 0.105160 0.250797 -0.083607 0.309804 0.309804 0.313725
v 0.103129 0.252023 -0.084632 0.309804 0.309804 0.313725
v 0.101308 0.253790 -0.085839 0.309804 0.309804 0.313725
v 0.099167 0.254782 -0.086787 0.309804 0.309804 0.313725
v 0.097230 0.256320 -0.087925 0.309804 0.309804 0.313725
v 0.094985 0.257063 -0.088796 0.309804 0.309804 0.313725
v 0.092695 0.257674 -0.089627 0.309804 0.309804 0.313725
v 0.090361 0.258150 -0.090417 0.309804 0.309804 0.313725
v 0.088222 0.259180 -0.091411 0.309804 0.309804 0.313725
v 0.085804 0.259385 -0.092125 0.309804 0.309804 0.313725
v 0.083351 0.259448 -0.092798 0.309804 0.309804 0.313725
v 0.080866 0.259370 -0.093431 0.309804 0.309804 0.313725
v 0.078353 0.259150 -0.094024 0.309804 0.309804 0.313725
v 0.075815 0.258787 -0.094578 0.309804 0.309804 0.313725
v 0.073458 0.258993 -0.095354 0.309804 0.309804 0.313725
v 0.070875 0.258347 -0.095831 0.309804 0.309804 0.313725
v 0.068278 0.257560 -0.096269 0.309804 0.309804 0.313725
v 0.065670 0.256632 -0.096667 0.309804 0.309804 0.313725
v 0.063055 0.255566 -0.097027 0.309804 0.309804 0.313725
v 0.060608 0.255082 -0.097623 0.309804 0.309804 0.313725
v 0.057985 0.253744 -0.097907 0.309804 0.309804 0.313725
v 0.055365 0.252275 -0.098154 0.309804 0.309804 0.313725
v 0.052906 0.251396 -0.098644 0.309804 0.309804 0.313725
v 0.050299 0.249672 -0.098816 0.309804 0.309804 0.313725
v 0.047709 0.247825 -0.098951 0.309804 0.309804 0.313725
v 0.045136 0.245860 -0.099048 0.309804 0.309804 0.313725
v 0.042711 0.244495 -0.099398 0.309804 0.309804 0.313725
v 0.040179 0.242304 -0.099423 0.309804 0.309804 0.313725
v 0.037787 0.240718 -0.099706 0.309804 0.309804 0.313725
v 0.035309 0.238320 -0.099660 0.309804 0.309804 0.313725
v 0.032963 0.236530 -0.099875 0.309804 0.309804 0.313725
v 0.030550 0.233945 -0.099759 0.309804 0.309804 0.313725
v 0.028261 0.231971 -0.099908 0.309804 0.309804 0.313725
v 0.025923 0.229220 -0.099724 0.309804 0.309804 0.313725
v 0.023701 0.227084 -0.099807 0.309804 0.309804 0.313725
v 0.021512 0.224873 -0.099858 0.309804 0.309804 0.313725
v 0.019301 0.221914 -0.099573 0.309804 0.309804 0.313725
v 0.017192 0.219574 -0.099560 0.309804 0.309804 0.313725
v 0.015122 0.217176 -0.099516 0.309804 0.309804 0.313725
v 0.013093 0.214726 -0.099441 0.309804 0.309804 0.313725
v 0.011106 0.212231 -0.099334 0.309804 0.309804 0.313725
v 0.009161 0.209695 -0.099198 0.309804 0.309804 0.313725
v 0.007261 0.207125 -0.099030 0.309804 0.309804 0.313725
v 0.005406 0.204528 -0.098833 0.309804 0.309804 0.313725
v 0.003595 0.201909 -0.098605 0.309804 0.309804 0.313725
v 0.001836 0.199900 -0.098656 0.309804 0.309804 0.313725
v 0.000112 0.197250 -0.098370 0.309804 0.309804 0.313725
v -0.001562 0.193984 -0.097745 0.309804 0.309804 0.313725
v -0.003200 0.191946 -0.097709 0.309804 0.309804 0.313725
v -0.004804 0.189904 -0.097644 0.309804 0.309804 0.313725
v -0.006353 0.187270 -0.097241 0.309804 0.309804 0.313725
v -0.007883 0.185244 -0.097118 0.309804 0.309804 0.313725
v -0.009380 0.183230 -0.096967 0.309804 0.309804 0.313725
v -0.010845 0.181234 -0.096786 0.309804 0.309804 0.313725
v -0.012239 0.178695 -0.096271 0.309804 0.309804 0.313725
v -0.013638 0.176760 -0.096033 0.309804 0.309804 0.313725
v -0.015056 0.175414 -0.096072 0.309804 0.309804 0.313725
v -0.016352 0.172997 -0.095473 0.309804 0.309804 0.313725
v -0.017670 0.171180 -0.095151 0.309804 0.309804 0.313725
v -0.019025 0.169950 -0.095101 0.309804 0.309804 0.313725
v -0.020238 0.167698 -0.094420 0.309804 0.309804 0.313725
v -0.021560 0.166569 -0.094312 0.309804 0.309804 0.313725
v -0.022728 0.164448 -0.093578 0.309804 0.309804 0.313725
v -0.023949 0.162919 -0.093115 0.309804 0.309804 0.313725
v -0.025158 0.161461 -0.092625 0.309804 0.309804 0.313725
v -0.026357 0.160075 -0.092107 0.309804 0.309804 0.313725
v -0.027549 0.158765 -0.091561 0.309804 0.309804 0.313725
v -0.028645 0.157032 -0.090699 0.309804 0.309804 0.313725
v -0.029826 0.155886 -0.090102 0.309804 0.309804 0.313725
v -0.030909 0.154328 -0.089192 0.309804 0.309804 0.313725
v -0.032091 0.153352 -0.088543 0.309804 0.309804 0.313725
v -0.033173 0.151975 -0.087586 0.309804 0.309804 0.313725
v -0.034255 0.150690 -0.086608 0.309804 0.309804 0.313725
v -0.035456 0.149981 -0.085886 0.309804 0.309804 0.313725
v -0.036436 0.148398 -0.084589 0.309804 0.309804 0.313725
v -0.037538 0.147390 -0.083549 0.309804 0.309804 0.313725
v -0.038778 0.146951 -0.082758 0.309804 0.309804 0.313725
v -0.039909 0.146123 -0.081677 0.309804 0.309804 0.313725
v -0.040923 0.144908 -0.080312 0.309804 0.309804 0.313725
v -0.042084 0.144255 -0.079196 0.309804 0.309804 0.313725
v -0.042980 0.142739 -0.077546 0.309804 0.309804 0.313725
v -0.043880 0.141304 -0.075891 0.309804 0.309804 0.313725
v -0.045089 0.140897 -0.074735 0.309804 0.309804 0.313725
v -0.046166 0.140091 -0.073314 0.309804 0.309804 0.313725
v -0.047420 0.139832 -0.072129 0.309804 0.309804 0.313725
v -0.048702 0.139643 -0.070930 0.309804 0.309804 0.313725
v -0.050012 0.139519 -0.069716 0.309804 0.309804 0.313725
v -0.051527 0.139937 -0.068723 0.309804 0.309804 0.313725
v -0.052900 0.139935 -0.067478 0.309804 0.309804 0.313725
v -0.054491 0.140471 -0.066449 0.309804 0.309804 0.313725
v -0.056123 0.141061 -0.065399 0.309804 0.309804 0.313725
v -0.057798 0.141702 -0.064331 0.309804 0.309804 0.313725
v -0.059515 0.142390 -0.063243 0.309804 0.309804 0.313725
v -0.061274 0.143120 -0.062136 0.309804 0.309804 0.313725
v -0.063077 0.143888 -0.061011 0.309804 0.309804 0.313725
v -0.064921 0.144691 -0.059868 0.309804 0.309804 0.313725
v -0.066807 0.145523 -0.058707 0.309804 0.309804 0.313725
v -0.068734 0.146380 -0.057529 0.309804 0.309804 0.313725
v -0.070701 0.147258 -0.056333 0.309804 0.309804 0.313725
v -0.072958 0.148660 -0.055311 0.309804 0.309804 0.313725
v -0.075009 0.149567 -0.054078 0.309804 0.309804 0.313725
v -0.077097 0.150479 -0.052829 0.309804 0.309804 0.313725
v -0.079491 0.151912 -0.051741 0.309804 0.309804 0.313725
v -0.081655 0.152825 -0.050457 0.309804 0.309804 0.313725
v -0.083849 0.153729 -0.049157 0.309804 0.309804 0.313725
v -0.086072 0.154620 -0.047843 0.309804 0.309804 0.313725
v -0.088623 0.156023 -0.046674 0.309804 0.309804 0.313725
v -0.090905 0.156876 -0.045328 0.309804 0.309804 0.313725
v -0.093524 0.158237 -0.044117 0.309804 0.309804 0.313725
v -0.095853 0.159031 -0.042740 0.309804 0.309804 0.313725
v -0.098530 0.160331 -0.041489 0.309804 0.309804 0.313725
v -0.100894 0.161049 -0.040082 0.309804 0.309804 0.313725
v -0.103267 0.161722 -0.038663 0.309804 0.309804 0.313725
v -0.106003 0.162894 -0.037358 0.309804 0.309804 0.313725
v -0.108391 0.163464 -0.035911 0.309804 0.309804 0.313725
v -0.110777 0.163977 -0.034453 0.309804 0.309804 0.313725
v -0.113158 0.164428 -0.032986 0.309804 0.309804 0.313725
v -0.115919 0.165370 -0.031614 0.309804 0.309804 0.313725
v -0.118286 0.165689 -0.030122 0.309804 0.309804 0.313725
v -0.120635 0.165937 -0.028621 0.309804 0.309804 0.313725
v -0.123376 0.166668 -0.027203 0.309804 0.309804 0.313725
v -0.125687 0.166765 -0.025681 0.309804 0.309804 0.313725
v -0.128398 0.167341 -0.024231 0.309804 0.309804 0.313725
v -0.130655 0.167277 -0.022689 0.309804 0.309804 0.313725
v -0.132874 0.167129 -0.021140 0.309804 0.309804 0.313725
v -0.135504 0.167453 -0.019649 0.309804 0.309804 0.313725
v -0.137645 0.167133 -0.018083 0.309804 0.309804 0.313725
v -0.139738 0.166725 -0.016511 0.309804 0.309804 0.313725
v -0.142250 0.166781 -0.014984 0.309804 0.309804 0.313725
v -0.144242 0.166193 -0.013397 0.309804 0.309804 0.313725
v -0.146658 0.166064 -0.011846 0.309804 0.309804 0.313725
v -0.148534 0.165295 -0.010247 0.309804 0.309804 0.313725
v -0.150343 0.164435 -0.008644 0.309804 0.309804 0.313725
v -0.152585 0.164026 -0.007063 0.309804 0.309804 0.313725
v -0.154258 0.162985 -0.005451 0.309804 0.309804 0.313725
v -0.155857 0.161856 -0.003837 0.309804 0.309804 0.313725
v -0.157895 0.161170 -0.002229 0.309804 0.309804 0.313725
v -0.159341 0.159865 -0.000608 0.309804 0.309804 0.313725
v -0.160704 0.158477 0.001013 0.309804 0.309804 0.313725
v -0.162514 0.157523 0.002643 0.309804 0.309804 0.313725
v -0.163711 0.155969 0.004268 0.309804 0.309804 0.313725
v -0.164820 0.154337 0.005892 0.309804 0.309804 0.313725
v -0.165840 0.152631 0.007515 0.309804 0.309804 0.313725
v -0.167315 0.151347 0.009165 0.309804 0.309804 0.313725
v -0.168158 0.149494 0.010788 0.309804 0.309804 0.313725
v -0.168909 0.147575 0.012407 0.309804 0.309804 0.313725
v -0.169568 0.145593 0.014023 0.309804 0.309804 0.313725
v -0.170137 0.143552 0.015635 0.309804 0.309804 0.313725
v -0.171170 0.141917 0.017298 0.309804 0.309804 0.313725
v -0.171558 0.139761 0.018905 0.309804 0.309804 0.313725
v -0.171857 0.137557 0.020507 0.309804 0.309804 0.313725
v -0.172067 0.135309 0.022102 0.309804 0.309804 0.313725
v -0.172189 0.133019 0.023691 0.309804 0.309804 0.313725
v -0.172226 0.130693 0.025273 0.309804 0.309804 0.313725
v -0.172180 0.128335 0.026847 0.309804 0.309804 0.313725
v -0.172052 0.125948 0.028413 0.309804 0.309804 0.313725
v -0.172404 0.123937 0.030069 0.309804 0.309804 0.313725
v -0.172121 0.121497 0.031623 0.309804 0.309804 0.313725
v -0.171764 0.119041 0.033167 0.309804 0.309804 0.313725
v -0.171337 0.116572 0.034702 0.309804 0.309804 0.313725
v -0.170844 0.114094 0.036227 0.309804 0.309804 0.313725
v -0.170287 0.111612 0.037740 0.309804 0.309804 0.313725
v -0.169671 0.109130 0.039243 0.309804 0.309804 0.313725
v -0.168999 0.106650 0.040734 0.309804 0.309804 0.313725
v -0.168277 0.104177 0.042212 0.309804 0.309804 0.313725
v -0.168050 0.102044 0.043820 0.309804 0.309804 0.313725
v -0.167236 0.099587 0.045278 0.309804 0.309804 0.313725
v -0.166385 0.097147 0.046722 0.309804 0.309804 0.313725
v -0.165500 0.094727 0.048153 0.309804 0.309804 0.313725
v -0.164587 0.092331 0.049569 0.309804 0.309804 0.313725
v -0.163651 0.089960 0.050971 0.309804 0.309804 0.313725
v -0.162697 0.087618 0.052357 0.309804 0.309804 0.313725
v -0.161730 0.085308 0.053728 0.309804 0.309804 0.313725
v -0.160756 0.083030 0.055083 0.309804 0.309804 0.313725
v -0.160294 0.081050 0.056603 0.309804 0.309804 0.313725
v -0.159316 0.078838 0.057929 0.309804 0.309804 0.313725
v -0.158346 0.076667 0.059238 0.309804 0.309804 0.313725
v -0.157389 0.074535 0.060529 0.309804 0.309804 0.313725
v -0.156449 0.072446 0.061803 0.309804 0.309804 0.313725
v -0.155533 0.070400 0.063057 0.309804 0.309804 0.313725
v -0.155142 0.068619 0.064500 0.309804 0.309804 0.313725
v -0.154284 0.066655 0.065721 0.309804 0.309804 0.313725
v -0.153464 0.064737 0.066923 0.309804 0.309804 0.313725
v -0.152686 0.062864 0.068104 0.309804 0.309804 0.313725
v -0.151955 0.061037 0.069266 0.309804 0.309804 0.313725
v -0.151275 0.059255 0.070406 0.309804 0.309804 0.313725
v -0.151134 0.057702 0.071755 0.309804 0.309804 0.313725
v -0.150567 0.056004 0.072857 0.309804 0.309804 0.313725
v -0.150064 0.054349 0.073938 0.309804 0.309804 0.313725
v -0.149628 0.052737 0.074996 0.309804 0.309804 0.313725
v -0.149262 0.051166 0.076032 0.309804 0.309804 0.313725
v -0.149447 0.049794 0.077292 0.309804 0.309804 0.313725
v -0.149230 0.048297 0.078286 0.309804 0.309804 0.313725
v -0.149093 0.046837 0.079257 0.309804 0.309804 0.313725
v -0.149037 0.045412 0.080204 0.309804 0.309804 0.313725
v -0.149540 0.044160 0.081385 0.309804 0.309804 0.313725
v -0.149654 0.042795 0.082287 0.309804 0.309804 0.313725
v -0.149854 0.041459 0.083165 0.309804 0.309804 0.313725
v -0.150144 0.040149 0.084018 0.309804 0.309804 0.313725
v -0.150522 0.038863 0.084845 0.309804 0.309804 0.313725
v -0.150990 0.037599 0.085648 0.309804 0.309804 0.313725
v -0.152029 0.036469 0.086700 0.309804 0.309804 0.313725
v -0.152679 0.035236 0.087454 0.309804 0.309804 0.313725
v -0.153418 0.034016 0.088181 0.309804 0.309804 0.313725
v -0.154246 0.032808 0.088883 0.309804 0.309804 0.313725
v -0.155163 0.031608 0.089558 0.309804 0.309804 0.313725
v -0.156166 0.030412 0.090207 0.309804 0.309804 0.313725
v -0.157752 0.029312 0.091117 0.309804 0.309804 0.313725
v -0.158926 0.028116 0.091713 0.309804 0.309804 0.313725
v -0.160182 0.026916 0.092283 0.309804 0.309804 0.313725
v -0.161516 0.025711 0.092825 0.309804 0.309804 0.313725
v -0.162925 0.024498 0.093339 0.309804 0.309804 0.313725
v -0.164407 0.023273 0.093826 0.309804 0.309804 0.313725
v -0.165958 0.022035 0.094285 0.309804 0.309804 0.313725
v -0.167575 0.020782 0.094716 0.309804 0.309804 0.313725
v -0.169252 0.019510 0.095118 0.309804 0.309804 0.313725
v -0.170987 0.018218 0.095493 0.309804 0.309804 0.313725
v -0.172775 0.016904 0.095839 0.309804 0.309804 0.313725
v -0.174611 0.015566 0.096157 0.309804 0.309804 0.313725
v -0.176490 0.014201 0.096446 0.309804 0.309804 0.313725
v -0.178408 0.012809 0.096706 0.309804 0.309804 0.313725
v -0.180360 0.011387 0.096938 0.309804 0.309804 0.313725
v -0.182339 0.009935 0.097140 0.309804 0.309804 0.313725
v -0.184923 0.008478 0.097622 0.309804 0.309804 0.313725
v -0.186949 0.006957 0.097767 0.309804 0.309804 0.313725
v -0.188986 0.005402 0.097884 0.309804 0.309804 0.313725
v -0.191029 0.003813 0.097971 0.309804 0.309804 0.313725
v -0.193072 0.002190 0.098029 0.309804 0.309804 0.313725
v -0.195109 0.000531 0.098058 0.309804 0.309804 0.313725
v -0.207682 -0.001225 0.103305 0.309804 0.309804 0.313725
v -0.209170 -0.003037 0.102965 0.309804 0.309804 0.313725
v -0.211255 -0.004888 0.102904 0.309804 0.309804 0.313725
v -0.213309 -0.006776 0.102812 0.309804 0.309804 0.313725
v -0.215325 -0.008698 0.102690 0.309804 0.309804 0.313725
v -0.217300 -0.010655 0.102537 0.309804 0.309804 0.313725
v -0.219225 -0.012644 0.102354 0.309804 0.309804 0.313725
v -0.221096 -0.014665 0.102140 0.309804 0.309804 0.313725
v -0.222238 -0.016665 0.101591 0.309804 0.309804 0.313725
v -0.223978 -0.018739 0.101317 0.309804 0.309804 0.313725
v -0.225647 -0.020838 0.101014 0.309804 0.309804 0.313725
v -0.227239 -0.022962 0.100680 0.309804 0.309804 0.313725
v -0.228750 -0.025108 0.100317 0.309804 0.309804 0.313725
v -0.230176 -0.027274 0.099923 0.309804 0.309804 0.313725
v -0.231511 -0.029458 0.099500 0.309804 0.309804 0.313725
v -0.232751 -0.031657 0.099048 0.309804 0.309804 0.313725
v -0.233189 -0.033766 0.098269 0.309804 0.309804 0.313725
v -0.234224 -0.035979 0.097759 0.309804 0.309804 0.313725
v -0.235153 -0.038199 0.097221 0.309804 0.309804 0.313725
v -0.235974 -0.040423 0.096653 0.309804 0.309804 0.313725
v -0.236682 -0.042647 0.096056 0.309804 0.309804 0.313725
v -0.237275 -0.044869 0.095431 0.309804 0.309804 0.313725
v -0.237751 -0.047085 0.094778 0.309804 0.309804 0.313725
v -0.238109 -0.049292 0.094097 0.309804 0.309804 0.313725
v -0.238345 -0.051487 0.093387 0.309804 0.309804 0.313725
v -0.238459 -0.053667 0.092650 0.309804 0.309804 0.313725
v -0.238450 -0.055829 0.091885 0.309804 0.309804 0.313725
v -0.238318 -0.057969 0.091093 0.309804 0.309804 0.313725
v -0.237343 -0.059903 0.090002 0.309804 0.309804 0.313725
v -0.236963 -0.061984 0.089158 0.309804 0.309804 0.313725
v -0.236460 -0.064035 0.088289 0.309804 0.309804 0.313725
v -0.235833 -0.066052 0.087392 0.309804 0.309804 0.313725
v -0.235085 -0.068033 0.086470 0.309804 0.309804 0.313725
v -0.234216 -0.069975 0.085523 0.309804 0.309804 0.313725
v -0.233228 -0.071875 0.084549 0.309804 0.309804 0.313725
v -0.232123 -0.073731 0.083551 0.309804 0.309804 0.313725
v -0.230904 -0.075541 0.082528 0.309804 0.309804 0.313725
v -0.229572 -0.077302 0.081480 0.309804 0.309804 0.313725
v -0.228131 -0.079012 0.080408 0.309804 0.309804 0.313725
v -0.226583 -0.080670 0.079313 0.309804 0.309804 0.313725
v -0.224933 -0.082274 0.078193 0.309804 0.309804 0.313725
v -0.223183 -0.083822 0.077051 0.309804 0.309804 0.313725
v -0.221339 -0.085313 0.075885 0.309804 0.309804 0.313725
v -0.219402 -0.086746 0.074697 0.309804 0.309804 0.313725
v -0.217379 -0.088120 0.073487 0.309804 0.309804 0.313725
v -0.215274 -0.089434 0.072255 0.309804 0.309804 0.313725
v -0.213091 -0.090689 0.071001 0.309804 0.309804 0.313725
v -0.210835 -0.091883 0.069727 0.309804 0.309804 0.313725
v -0.207881 -0.092735 0.068225 0.309804 0.309804 0.313725
v -0.205502 -0.093806 0.066913 0.309804 0.309804 0.313725
v -0.203065 -0.094817 0.065581 0.309804 0.309804 0.313725
v -0.200578 -0.095770 0.064230 0.309804 0.309804 0.313725
v -0.198044 -0.096665 0.062860 0.309804 0.309804 0.313725
v -0.195469 -0.097503 0.061471 0.309804 0.309804 0.313725
v -0.192859 -0.098286 0.060064 0.309804 0.309804 0.313725
v -0.190220 -0.099015 0.058639 0.309804 0.309804 0.313725
v -0.187556 -0.099693 0.057197 0.309804 0.309804 0.313725
v -0.184875 -0.100321 0.055738 0.309804 0.309804 0.313725
v -0.182733 -0.101207 0.054426 0.309804 0.309804 0.313725
v -0.180024 -0.101743 0.052930 0.309804 0.309804 0.313725
v -0.177312 -0.102238 0.051417 0.309804 0.309804 0.313725
v -0.174605 -0.102692 0.049890 0.309804 0.309804 0.313725
v -0.171907 -0.103109 0.048348 0.309804 0.309804 0.313725
v -0.169223 -0.103493 0.046791 0.309804 0.309804 0.313725
v -0.166558 -0.103846 0.045220 0.309804 0.309804 0.313725
v -0.163918 -0.104173 0.043636 0.309804 0.309804 0.313725
v -0.161307 -0.104476 0.042039 0.309804 0.309804 0.313725
v -0.158730 -0.104760 0.040429 0.309804 0.309804 0.313725
v -0.156191 -0.105028 0.038808 0.309804 0.309804 0.313725
v -0.153694 -0.105284 0.037175 0.309804 0.309804 0.313725
v -0.151244 -0.105532 0.035531 0.309804 0.309804 0.313725
v -0.148844 -0.105777 0.033876 0.309804 0.309804 0.313725
v -0.146498 -0.106021 0.032211 0.309804 0.309804 0.313725
v -0.144645 -0.106592 0.030629 0.309804 0.309804 0.313725
v -0.142409 -0.106851 0.028941 0.309804 0.309804 0.313725
v -0.140237 -0.107122 0.027244 0.309804 0.309804 0.313725
v -0.138130 -0.107411 0.025538 0.309804 0.309804 0.313725
v -0.136091 -0.107720 0.023826 0.309804 0.309804 0.313725
v -0.134123 -0.108055 0.022106 0.309804 0.309804 0.313725
v -0.132624 -0.108746 0.020441 0.309804 0.309804 0.313725
v -0.130795 -0.109145 0.018703 0.309804 0.309804 0.313725
v -0.129040 -0.109581 0.016960 0.309804 0.309804 0.313725
v -0.127743 -0.110388 0.015257 0.309804 0.309804 0.313725
v -0.126134 -0.110911 0.013499 0.309804 0.309804 0.313725
v -0.124975 -0.111817 0.011772 0.309804 0.309804 0.313725
v -0.123883 -0.112777 0.010031 0.309804 0.309804 0.313725
v -0.122495 -0.113459 0.008252 0.309804 0.309804 0.313725
v -0.121543 -0.114540 0.006490 0.309804 0.309804 0.313725
v -0.120659 -0.115686 0.004715 0.309804 0.309804 0.313725
v -0.120196 -0.117247 0.002937 0.309804 0.309804 0.313725
v -0.119442 -0.118538 0.001133 0.309804 0.309804 0.313725
v -0.119448 -0.120605 -0.000686 0.309804 0.309804 0.313725
v -0.119163 -0.122410 -0.002529 0.309804 0.309804 0.313725
v -0.118935 -0.124301 -0.004392 0.309804 0.309804 0.313725
v -0.118424 -0.125922 -0.006258 0.309804 0.309804 0.313725
v -0.117635 -0.127264 -0.008109 0.309804 0.309804 0.313725
v -0.117243 -0.129053 -0.009986 0.309804 0.309804 0.313725
v -0.116571 -0.130557 -0.011838 0.309804 0.309804 0.313725
v -0.115954 -0.132141 -0.013685 0.309804 0.309804 0.313725
v -0.115388 -0.133805 -0.015529 0.309804 0.309804 0.313725
v -0.114870 -0.135549 -0.017367 0.309804 0.309804 0.313725
v -0.114396 -0.137372 -0.019201 0.309804 0.309804 0.313725
v -0.113961 -0.139275 -0.021029 0.309804 0.309804 0.313725
v -0.113563 -0.141254 -0.022851 0.309804 0.309804 0.313725
v -0.113519 -0.143720 -0.024736 0.309804 0.309804 0.313725
v -0.113179 -0.145856 -0.026549 0.309804 0.309804 0.313725
v -0.112862 -0.148064 -0.028354 0.309804 0.309804 0.313725
v -0.112563 -0.150343 -0.030150 0.309804 0.309804 0.313725
v -0.112279 -0.152689 -0.031938 0.309804 0.309804 0.313725
v -0.112006 -0.155100 -0.033716 0.309804 0.309804 0.313725
v -0.111419 -0.157123 -0.035383 0.309804 0.309804 0.313725
v -0.111153 -0.159646 -0.037135 0.309804 0.309804 0.313725
v -0.110883 -0.162224 -0.038877 0.309804 0.309804 0.313725
v -0.110607 -0.164851 -0.040607 0.309804 0.309804 0.313725
v -0.110318 -0.167524 -0.042324 0.309804 0.309804 0.313725
v -0.109700 -0.169752 -0.043904 0.309804 0.309804 0.313725
v -0.109377 -0.172496 -0.045591 0.309804 0.309804 0.313725
v -0.109030 -0.175271 -0.047265 0.309804 0.309804 0.313725
v -0.108344 -0.177563 -0.048784 0.309804 0.309804 0.313725
v -0.107940 -0.180379 -0.050425 0.309804 0.309804 0.313725
v -0.107502 -0.183211 -0.052050 0.309804 0.309804 0.313725
v -0.106717 -0.185520 -0.053506 0.309804 0.309804 0.313725
v -0.106201 -0.188360 -0.055095 0.309804 0.309804 0.313725
v -0.105641 -0.191200 -0.056669 0.309804 0.309804 0.313725
v -0.104731 -0.193474 -0.058057 0.309804 0.309804 0.313725
v -0.104077 -0.196287 -0.059591 0.309804 0.309804 0.313725
v -0.103072 -0.198507 -0.060932 0.309804 0.309804 0.313725
v -0.102314 -0.201271 -0.062426 0.309804 0.309804 0.313725
v -0.101206 -0.203413 -0.063716 0.309804 0.309804 0.313725
v -0.100339 -0.206104 -0.065169 0.309804 0.309804 0.313725
v -0.099123 -0.208147 -0.066408 0.309804 0.309804 0.313725
v -0.098140 -0.210742 -0.067818 0.309804 0.309804 0.313725
v -0.096812 -0.212663 -0.069005 0.309804 0.309804 0.313725
v -0.095710 -0.215140 -0.070369 0.309804 0.309804 0.313725
v -0.094270 -0.216917 -0.071503 0.309804 0.309804 0.313725
v -0.092775 -0.218612 -0.072608 0.309804 0.309804 0.313725
v -0.091494 -0.220870 -0.073901 0.309804 0.309804 0.313725
v -0.089887 -0.222392 -0.074951 0.309804 0.309804 0.313725
v -0.088227 -0.223819 -0.075971 0.309804 0.309804 0.313725
v -0.086773 -0.225814 -0.077190 0.309804 0.309804 0.313725
v -0.085006 -0.227043 -0.078154 0.309804 0.309804 0.313725
v -0.083191 -0.228164 -0.079088 0.309804 0.309804 0.313725
v -0.081572 -0.229860 -0.080230 0.309804 0.309804 0.313725
v -0.079660 -0.230762 -0.081106 0.309804 0.309804 0.313725
v -0.077704 -0.231549 -0.081951 0.309804 0.309804 0.313725
v -0.075936 -0.232915 -0.083014 0.309804 0.309804 0.313725
v -0.073896 -0.233467 -0.083801 0.309804 0.309804 0.313725
v -0.071820 -0.233897 -0.084557 0.309804 0.309804 0.313725
v -0.069921 -0.234911 -0.085539 0.309804 0.309804 0.313725
v -0.067776 -0.235095 -0.086236 0.309804 0.309804 0.313725
v -0.065603 -0.235155 -0.086901 0.309804 0.309804 0.313725
v -0.063406 -0.235088 -0.087534 0.309804 0.309804 0.313725
v -0.061187 -0.234896 -0.088137 0.309804 0.309804 0.313725
v -0.059131 -0.235297 -0.088979 0.309804 0.309804 0.313725
v -0.056873 -0.234856 -0.089521 0.309804 0.309804 0.313725
v -0.054603 -0.234291 -0.090031 0.309804 0.309804 0.313725
v -0.052324 -0.233604 -0.090510 0.309804 0.309804 0.313725
v -0.050040 -0.232797 -0.090958 0.309804 0.309804 0.313725
v -0.047902 -0.232589 -0.091657 0.309804 0.309804 0.313725
v -0.045610 -0.231545 -0.092044 0.309804 0.309804 0.313725
v -0.043323 -0.230388 -0.092399 0.309804 0.309804 0.313725
v -0.041043 -0.229119 -0.092723 0.309804 0.309804 0.313725
v -0.038774 -0.227743 -0.093016 0.309804 0.309804 0.313725
v -0.036633 -0.226973 -0.093570 0.309804 0.309804 0.313725
v -0.034386 -0.225389 -0.093802 0.309804 0.309804 0.313725
v -0.032160 -0.223709 -0.094003 0.309804 0.309804 0.313725
v -0.029955 -0.221936 -0.094173 0.309804 0.309804 0.313725
v -0.027862 -0.220772 -0.094611 0.309804 0.309804 0.313725
v -0.025702 -0.218824 -0.094720 0.309804 0.309804 0.313725
v -0.023572 -0.216797 -0.094800 0.309804 0.309804 0.313725
v -0.021473 -0.214697 -0.094848 0.309804 0.309804 0.313725
v -0.019408 -0.212528 -0.094867 0.309804 0.309804 0.313725
v -0.017433 -0.210971 -0.095159 0.309804 0.309804 0.313725
v -0.015434 -0.208676 -0.095118 0.309804 0.309804 0.313725
v -0.013474 -0.206330 -0.095047 0.309804 0.309804 0.313725
v -0.011590 -0.204596 -0.095253 0.309804 0.309804 0.313725
v -0.009705 -0.202157 -0.095124 0.309804 0.309804 0.313725
v -0.007887 -0.200329 -0.095273 0.309804 0.309804 0.313725
v -0.006081 -0.197821 -0.095086 0.309804 0.309804 0.313725
v -0.004319 -0.195289 -0.094869 0.309804 0.309804 0.313725
v -0.002610 -0.193368 -0.094933 0.309804 0.309804 0.313725
v -0.000930 -0.190801 -0.094659 0.309804 0.309804 0.313725
v 0.000705 -0.188228 -0.094358 0.309804 0.309804 0.313725
v 0.002303 -0.186265 -0.094337 0.309804 0.309804 0.313725
v 0.003855 -0.183692 -0.093979 0.309804 0.309804 0.313725
v 0.005381 -0.181728 -0.093903 0.309804 0.309804 0.313725
v 0.006874 -0.179767 -0.093798 0.309804 0.309804 0.313725
v 0.008307 -0.177233 -0.093358 0.309804 0.309804 0.313725
v 0.009732 -0.175304 -0.093198 0.309804 0.309804 0.313725
v 0.011126 -0.173395 -0.093010 0.309804 0.309804 0.313725
v 0.012490 -0.171512 -0.092795 0.309804 0.309804 0.313725
v 0.013826 -0.169660 -0.092552 0.309804 0.309804 0.313725
v 0.015135 -0.167844 -0.092282 0.309804 0.309804 0.313725
v 0.016419 -0.166069 -0.091984 0.309804 0.309804 0.313725
v 0.017680 -0.164338 -0.091659 0.309804 0.309804 0.313725
v 0.018919 -0.162657 -0.091307 0.309804 0.309804 0.313725
v 0.020137 -0.161031 -0.090928 0.309804 0.309804 0.313725
v 0.021409 -0.159987 -0.090819 0.309804 0.309804 0.313725
v 0.022524 -0.157955 -0.090088 0.309804 0.309804 0.313725
v 0.023697 -0.156513 -0.089628 0.309804 0.309804 0.313725
v 0.024859 -0.155140 -0.089141 0.309804 0.309804 0.313725
v 0.026012 -0.153839 -0.088628 0.309804 0.309804 0.313725
v 0.027160 -0.152612 -0.088088 0.309804 0.309804 0.313725
v 0.028304 -0.151462 -0.087522 0.309804 0.309804 0.313725
v 0.029351 -0.149897 -0.086645 0.309804 0.309804 0.313725
v 0.030493 -0.148911 -0.086029 0.309804 0.309804 0.313725
v 0.031744 -0.148497 -0.085670 0.309804 0.309804 0.313725
v 0.032901 -0.147675 -0.085001 0.309804 0.309804 0.313725
v 0.033957 -0.146455 -0.084030 0.309804 0.309804 0.313725
v 0.035018 -0.145325 -0.083038 0.309804 0.309804 0.313725
v 0.036206 -0.144765 -0.082299 0.309804 0.309804 0.313725
v 0.037411 -0.144291 -0.081536 0.309804 0.309804 0.313725
v 0.038509 -0.143426 -0.080481 0.309804 0.309804 0.313725
v 0.039622 -0.142649 -0.079407 0.309804 0.309804 0.313725
v 0.040751 -0.141957 -0.078315 0.309804 0.309804 0.313725
v 0.041899 -0.141350 -0.077205 0.309804 0.309804 0.313725
v 0.043067 -0.140825 -0.076078 0.309804 0.309804 0.313725
v 0.043958 -0.139430 -0.074428 0.309804 0.309804 0.313725
v 0.045162 -0.139060 -0.073275 0.309804 0.309804 0.313725
v 0.046392 -0.138764 -0.072106 0.309804 0.309804 0.313725
v 0.047484 -0.138061 -0.070678 0.309804 0.309804 0.313725
v 0.048593 -0.137423 -0.069242 0.309804 0.309804 0.313725
v 0.049894 -0.137325 -0.068036 0.309804 0.309804 0.313725
v 0.051224 -0.137286 -0.066816 0.309804 0.309804 0.313725
v 0.052398 -0.136820 -0.065354 0.309804 0.309804 0.313725
v 0.053780 -0.136886 -0.064113 0.309804 0.309804 0.313725
v 0.054996 -0.136513 -0.062636 0.309804 0.309804 0.313725
v 0.056432 -0.136666 -0.061376 0.309804 0.309804 0.313725
v 0.057689 -0.136367 -0.059889 0.309804 0.309804 0.313725
v 0.058963 -0.136096 -0.058399 0.309804 0.309804 0.313725
v 0.060472 -0.136346 -0.057116 0.309804 0.309804 0.313725
v 0.062008 -0.136620 -0.055823 0.309804 0.309804 0.313725
v 0.063337 -0.136412 -0.054322 0.309804 0.309804 0.313725
v 0.064917 -0.136718 -0.053017 0.309804 0.309804 0.313725
v 0.066274 -0.136526 -0.051512 0.309804 0.309804 0.313725
v 0.067893 -0.136846 -0.050197 0.309804 0.309804 0.313725
v 0.069532 -0.137167 -0.048875 0.309804 0.309804 0.313725
v 0.071189 -0.137485 -0.047547 0.309804 0.309804 0.313725
v 0.072863 -0.137796 -0.046213 0.309804 0.309804 0.313725
v 0.074551 -0.138095 -0.044875 0.309804 0.309804 0.313725
v 0.076251 -0.138377 -0.043532 0.309804 0.309804 0.313725
v 0.077961 -0.138639 -0.042185 0.309804 0.309804 0.313725
v 0.079677 -0.138877 -0.040835 0.309804 0.309804 0.313725
v 0.081399 -0.139086 -0.039481 0.309804 0.309804 0.313725
v 0.083443 -0.139801 -0.038273 0.309804 0.309804 0.313725
v 0.085173 -0.139945 -0.036911 0.309804 0.309804 0.313725
v 0.086899 -0.140048 -0.035547 0.309804 0.309804 0.313725
v 0.088619 -0.140109 -0.034182 0.309804 0.309804 0.313725
v 0.090328 -0.140124 -0.032816 0.309804 0.309804 0.313725
v 0.092386 -0.140640 -0.031574 0.309804 0.309804 0.313725
v 0.094075 -0.140555 -0.030204 0.309804 0.309804 0.313725
v 0.095744 -0.140416 -0.028834 0.309804 0.309804 0.313725
v 0.097391 -0.140220 -0.027466 0.309804 0.309804 0.313725
v 0.099013 -0.139964 -0.026100 0.309804 0.309804 0.313725
v 0.101007 -0.140204 -0.024835 0.309804 0.309804 0.313725
v 0.102166 -0.139267 -0.023375 0.309804 0.309804 0.313725
v 0.104109 -0.139380 -0.022106 0.309804 0.309804 0.313725
v 0.105605 -0.138870 -0.020746 0.309804 0.309804 0.313725
v 0.107492 -0.138851 -0.019469 0.309804 0.309804 0.313725
v 0.108910 -0.138206 -0.018113 0.309804 0.309804 0.313725
v 0.110282 -0.137492 -0.016762 0.309804 0.309804 0.313725
v 0.112057 -0.137265 -0.015479 0.309804 0.309804 0.313725
v 0.113334 -0.136411 -0.014134 0.309804 0.309804 0.313725
v 0.115023 -0.136041 -0.012848 0.309804 0.309804 0.313725
v 0.116193 -0.135047 -0.011510 0.309804 0.309804 0.313725
v 0.117785 -0.134534 -0.010222 0.309804 0.309804 0.313725
v 0.118839 -0.133401 -0.008894 0.309804 0.309804 0.313725
v 0.120323 -0.132745 -0.007605 0.309804 0.309804 0.313725
v 0.121252 -0.131475 -0.006288 0.309804 0.309804 0.313725
v 0.122619 -0.130679 -0.005000 0.309804 0.309804 0.313725
v 0.123926 -0.129812 -0.003711 0.309804 0.309804 0.313725
v 0.124657 -0.128344 -0.002411 0.309804 0.309804 0.313725
v 0.125836 -0.127343 -0.001125 0.309804 0.309804 0.313725
v 0.126425 -0.125752 0.000160 0.309804 0.309804 0.313725
v 0.127468 -0.124623 0.001441 0.309804 0.309804 0.313725
v 0.127911 -0.122918 0.002710 0.309804 0.309804 0.313725
v 0.128815 -0.121669 0.003984 0.309804 0.309804 0.313725
v 0.129650 -0.120360 0.005257 0.309804 0.309804 0.313725
v 0.129871 -0.118498 0.006501 0.309804 0.309804 0.313725
v 0.130562 -0.117082 0.007765 0.309804 0.309804 0.313725
v 0.130633 -0.115130 0.008989 0.309804 0.309804 0.313725
v 0.131179 -0.113618 0.010243 0.309804 0.309804 0.313725
v 0.131655 -0.112059 0.011494 0.309804 0.309804 0.313725
v 0.131505 -0.109990 0.012688 0.309804 0.309804 0.313725
v 0.131838 -0.108352 0.013926 0.309804 0.309804 0.313725
v 0.132102 -0.106674 0.015160 0.309804 0.309804 0.313725
v 0.131739 -0.104518 0.016321 0.309804 0.309804 0.313725
v 0.131866 -0.102779 0.017540 0.309804 0.309804 0.313725
v 0.131927 -0.101011 0.018755 0.309804 0.309804 0.313725
v 0.131923 -0.099217 0.019964 0.309804 0.309804 0.313725
v 0.131856 -0.097398 0.021167 0.309804 0.309804 0.313725
v 0.131169 -0.095155 0.022269 0.309804 0.309804 0.313725
v 0.130983 -0.093307 0.023454 0.309804 0.309804 0.313725
v 0.130739 -0.091445 0.024632 0.309804 0.309804 0.313725
v 0.130441 -0.089572 0.025802 0.309804 0.309804 0.313725
v 0.130091 -0.087691 0.026965 0.309804 0.309804 0.313725
v 0.129691 -0.085806 0.028120 0.309804 0.309804 0.313725
v 0.129245 -0.083918 0.029267 0.309804 0.309804 0.313725
v 0.128755 -0.082031 0.030405 0.309804 0.309804 0.313725
v 0.128225 -0.080148 0.031534 0.309804 0.309804 0.313725
v 0.127657 -0.078271 0.032654 0.309804 0.309804 0.313725
v 0.127597 -0.076729 0.033907 0.309804 0.309804 0.313725
v 0.126963 -0.074865 0.035012 0.309804 0.309804 0.313725
v 0.126301 -0.073016 0.036106 0.309804 0.309804 0.313725
v 0.125617 -0.071182 0.037189 0.309804 0.309804 0.313725
v 0.124913 -0.069368 0.038262 0.309804 0.309804 0.313725
v 0.124193 -0.067575 0.039323 0.309804 0.309804 0.313725
v 0.123462 -0.065804 0.040372 0.309804 0.309804 0.313725
v 0.123243 -0.064329 0.041585 0.309804 0.309804 0.313725
v 0.122496 -0.062602 0.042614 0.309804 0.309804 0.313725
v 0.121750 -0.060903 0.043631 0.309804 0.309804 0.313725
v 0.121007 -0.059233 0.044635 0.309804 0.309804 0.313725
v 0.120780 -0.057837 0.045818 0.309804 0.309804 0.313725
v 0.120054 -0.056223 0.046799 0.309804 0.309804 0.313725
v 0.119344 -0.054641 0.047766 0.309804 0.309804 0.313725
v 0.118653 -0.053092 0.048719 0.309804 0.309804 0.313725
v 0.117986 -0.051578 0.049657 0.309804 0.309804 0.313725
v 0.117839 -0.050308 0.050794 0.309804 0.309804 0.313725
v 0.117226 -0.048857 0.051706 0.309804 0.309804 0.313725
v 0.116648 -0.047440 0.052604 0.309804 0.309804 0.313725
v 0.116107 -0.046058 0.053485 0.309804 0.309804 0.313725
v 0.116092 -0.044898 0.054578 0.309804 0.309804 0.313725
v 0.115634 -0.043579 0.055431 0.309804 0.309804 0.313725
v 0.115224 -0.042294 0.056268 0.309804 0.309804 0.313725
v 0.114864 -0.041041 0.057088 0.309804 0.309804 0.313725
v 0.114556 -0.039821 0.057891 0.309804 0.309804 0.313725
v 0.114780 -0.038794 0.058921 0.309804 0.309804 0.313725
v 0.114585 -0.037631 0.059692 0.309804 0.309804 0.313725
v 0.114449 -0.036496 0.060446 0.309804 0.309804 0.313725
v 0.114374 -0.035389 0.061182 0.309804 0.309804 0.313725
v 0.114364 -0.034309 0.061899 0.309804 0.309804 0.313725
v 0.114418 -0.033253 0.062598 0.309804 0.309804 0.313725
v 0.115013 -0.032354 0.063542 0.309804 0.309804 0.313725
v 0.115201 -0.031338 0.064206 0.309804 0.309804 0.313725
v 0.115458 -0.030341 0.064852 0.309804 0.309804 0.313725
v 0.115782 -0.029362 0.065478 0.309804 0.309804 0.313725
v 0.116176 -0.028398 0.066085 0.309804 0.309804 0.313725
v 0.116639 -0.027448 0.066672 0.309804 0.309804 0.313725
v 0.117171 -0.026510 0.067239 0.309804 0.309804 0.313725
v 0.118259 -0.025687 0.068067 0.309804 0.309804 0.313725
v 0.118929 -0.024761 0.068596 0.309804 0.309804 0.313725
v 0.119667 -0.023840 0.069105 0.309804 0.309804 0.313725
v 0.120471 -0.022923 0.069593 0.309804 0.309804 0.313725
v 0.121340 -0.022006 0.070061 0.309804 0.309804 0.313725
v 0.122271 -0.021088 0.070508 0.309804 0.309804 0.313725
v 0.123264 -0.020167 0.070934 0.309804 0.309804 0.313725
v 0.123803 -0.019161 0.071045 0.309804 0.309804 0.313725
v 0.124907 -0.018231 0.071427 0.309804 0.309804 0.313725
v 0.126065 -0.017292 0.071788 0.309804 0.309804 0.313725
v 0.127274 -0.016341 0.072127 0.309804 0.309804 0.313725
v 0.128531 -0.015378 0.072445 0.309804 0.309804 0.313725
v 0.129834 -0.014400 0.072742 0.309804 0.309804 0.313725
v 0.131178 -0.013405 0.073017 0.309804 0.309804 0.313725
v 0.132562 -0.012393 0.073270 0.309804 0.309804 0.313725
v 0.133980 -0.011362 0.073502 0.309804 0.309804 0.313725
v 0.135430 -0.010310 0.073711 0.309804 0.309804 0.313725
v 0.136907 -0.009236 0.073899 0.309804 0.309804 0.313725
v 0.137835 -0.008106 0.073759 0.309804 0.309804 0.313725
v 0.139348 -0.006991 0.073902 0.309804 0.309804 0.313725
v 0.140877 -0.005851 0.074023 0.309804 0.309804 0.313725
v 0.142417 -0.004685 0.074122 0.309804 0.309804 0.313725
v 0.143963 -0.003494 0.074200 0.309804 0.309804 0.313725
v 0.145512 -0.002277 0.074255 0.309804 0.309804 0.313725
v 0.147058 -0.001034 0.074288 0.309804 0.309804 0.313725
f 146 151 159
f 146 159 145
f 76 220 221
f 76 220 218
f 197 220 195
f 197 220 218
f 197 76 218
f 197 76 195
f 192 76 220
f 148 151 159
f 148 151 159
f 685 687 723
f 685 442 687
f 704 331 334
f 397 381 398
f 140 141 79
f 135 175 172
f 388 381 392
f 163 142 140
f 163 159 145
f 340 339 21
f 380 373 381
f 178 125 177
f 196 198 520
f 137 175 172
f 137 138 79
f 137 135 172
f 187 123 185
f 187 120 188
f 169 140 141
f 169 140 172
f 169 140 138
f 169 138 172
f 169 133 135
f 169 137 135
f 663 22 21
f 23 22 21
f 333 331 334
f 708 373 381
f 701 331 697
f 67 704 712
f 688 687 723
f 394 392 393
f 394 388 392
f 459 486 460
f 184 181 125
f 184 123 125
f 184 123 185
f 184 123 185
f 184 187 185
f 184 187 120
f 184 187 185
f 184 95 187
f 129 178 125
f 174 135 175
f 174 133 135
f 174 133 135
f 174 175 125
f 174 129 175
f 387 394 388
f 387 381 392
f 387 388 392
f 387 388 381
f 389 388 392
f 389 394 392
f 389 394 388
f 389 388 381
f 161 158 140
f 144 163 159
f 144 146 159
f 144 163 145
f 144 146 159
f 144 161 158
f 144 148 159
f 343 333 331
f 290 387 388
f 290 380 381
f 285 380 286
f 285 387 286
f 285 389 286
f 285 286 392
f 285 286 392
f 285 286 397
f 379 285 286
f 379 285 380
f 379 290 378
f 379 290 380
f 379 380 373
f 78 141 79
f 78 137 136
f 78 137 79
f 78 137 79
f 78 285 286
f 78 142 141
f 78 30 340
f 382 397 381
f 382 379 380
f 587 220 221
f 587 220 218
f 587 206 209
f 179 129 178
f 179 178 125
f 338 78 333
f 338 78 30
f 191 187 188
f 191 76 220
f 191 192 220
f 191 192 76
f 194 220 195
f 194 192 220
f 194 76 218
f 194 192 76
f 194 220 218
f 194 192 220
f 207 514 205
f 236 216 231
f 236 234 198
f 236 234 196
f 236 234 194
f 236 194 196
f 236 234 196
f 236 234 194
f 236 191 192
f 236 234 191
f 236 187 188
f 236 184 187
f 183 184 185
f 183 129 184
f 183 129 181
f 183 184 181
f 186 123 185
f 186 187 123
f 186 187 123
f 171 137 138
f 171 169 138
f 171 169 137
f 171 137 135
f 171 169 137
f 171 169 135
f 171 133 135
f 171 133 135
f 171 169 257
f 269 290 264
f 262 144 148
f 664 22 19
f 664 663 19
f 664 663 22
f 664 663 19
f 664 23 663
f 664 23 663
f 664 663 600
f 29 30 340
f 29 338 339
f 29 338 30
f 29 338 30
f 29 78 30
f 14 30 19
f 14 30 21
f 14 30 19
f 14 338 339
f 14 340 339
f 14 338 30
f 14 366 19
f 14 664 16
f 14 664 663
f 720 685 687
f 330 327 331
f 330 329 327
f 709 712 334
f 709 708 334
f 709 708 340
f 709 380 373
f 709 708 373
f 709 381 392
f 709 708 381
f 709 708 692
f 707 704 334
f 707 708 334
f 707 708 340
f 707 708 692
f 702 701 331
f 702 701 331
f 702 701 697
f 700 331 334
f 700 701 331
f 700 701 331
f 700 701 704
f 700 423 701
f 444 688 687
f 444 340 447
f 444 447 327
f 452 327 331
f 515 196 198
f 515 514 196
f 395 381 385
f 395 285 286
f 395 288 394
f 395 394 397
f 132 166 133
f 132 171 133
f 132 169 133
f 132 171 133
f 132 174 133
f 132 174 133
f 132 178 133
f 128 184 185
f 128 129 184
f 128 183 184
f 128 183 129
f 128 183 181
f 128 183 129
f 386 381 385
f 386 387 381
f 386 285 286
f 386 285 387
f 386 387 394
f 386 395 385
f 386 395 394
f 386 395 394
f 386 290 385
f 386 290 387
f 390 285 286
f 390 285 389
f 390 389 381
f 390 389 394
f 162 163 140
f 162 161 140
f 162 161 163
f 162 158 135
f 162 161 158
f 162 132 158
f 143 144 145
f 143 163 142
f 143 144 163
f 143 163 142
f 143 161 163
f 143 144 161
f 143 144 161
f 160 144 163
f 160 144 161
f 160 262 161
f 160 144 158
f 160 144 161
f 160 161 158
f 150 152 153
f 150 152 151
f 150 132 144
f 150 144 140
f 150 262 152
f 150 262 152
f 370 709 708
f 370 709 371
f 370 707 708
f 370 707 371
f 370 707 371
f 377 373 378
f 377 285 286
f 377 285 286
f 377 290 378
f 375 374 373
f 372 709 708
f 372 709 371
f 372 707 708
f 372 707 371
f 26 664 663
f 287 370 288
f 287 78 286
f 287 370 288
f 287 372 288
f 287 372 286
f 287 372 288
f 287 377 286
f 287 377 288
f 287 377 286
f 287 377 288
f 287 379 286
f 287 379 288
f 287 379 380
f 287 379 288
f 287 286 397
f 287 288 397
f 287 380 286
f 287 288 380
f 287 395 286
f 287 395 288
f 287 386 286
f 287 386 288
f 287 286 392
f 287 288 392
f 287 386 387
f 287 386 288
f 287 286 392
f 287 288 392
f 287 387 286
f 287 288 387
f 287 390 286
f 287 390 288
f 287 389 286
f 287 288 389
f 287 390 389
f 287 390 288
f 344 29 78
f 344 78 340
f 344 338 340
f 344 338 78
f 344 26 21
f 344 709 343
f 289 78 290
f 289 78 288
f 289 370 371
f 289 370 366
f 289 370 288
f 289 370 288
f 289 372 371
f 289 372 288
f 289 372 373
f 289 372 288
f 289 376 373
f 289 377 376
f 289 377 290
f 289 377 376
f 289 377 288
f 289 377 290
f 289 377 288
f 289 379 290
f 289 379 288
f 289 379 290
f 289 379 288
f 289 290 397
f 289 288 397
f 289 290 380
f 289 288 380
f 289 395 290
f 289 395 288
f 289 386 290
f 289 386 288
f 289 290 394
f 289 288 394
f 289 386 290
f 289 386 288
f 289 290 392
f 289 288 392
f 289 290 387
f 289 288 387
f 289 290 392
f 289 288 392
f 289 290 389
f 289 288 389
f 289 390 290
f 289 390 288
f 289 390 290
f 289 390 288
f 383 394 397
f 383 382 397
f 383 382 397
f 103 590 76
f 204 587 201
f 204 587 206
f 204 207 205
f 727 338 726
f 727 726 340
f 724 685 723
f 332 338 78
f 332 330 78
f 332 330 343
f 332 343 333
f 332 330 343
f 199 204 206
f 199 206 218
f 199 204 206
f 199 587 197
f 199 76 218
f 199 197 76
f 199 197 76
f 211 206 209
f 211 206 218
f 211 204 206
f 211 587 209
f 224 199 217
f 326 227 322
f 326 444 447
f 326 444 322
f 233 236 207
f 233 234 198
f 233 196 197
f 233 234 196
f 233 234 322
f 233 196 197
f 233 234 196
f 233 234 194
f 233 234 76
f 233 234 194
f 233 234 191
f 233 234 191
f 233 234 184
f 233 234 187
f 235 234 187
f 235 236 187
f 235 236 234
f 235 234 184
f 235 236 184
f 235 184 181
f 235 236 184
f 235 234 76
f 235 236 469
f 235 234 322
f 168 169 135
f 168 169 133
f 168 166 133
f 168 132 169
f 168 132 166
f 168 132 169
f 168 129 170
f 168 166 129
f 291 78 290
f 291 269 290
f 291 269 290
f 291 397 398
f 291 290 397
f 291 395 394
f 291 395 290
f 291 394 393
f 291 290 394
f 291 392 393
f 291 290 392
f 291 392 293
f 291 290 392
f 291 390 293
f 291 390 290
f 291 390 389
f 291 390 290
f 291 389 388
f 291 290 388
f 291 290 389
f 292 291 78
f 292 291 269
f 292 423 459
f 292 291 400
f 266 292 269
f 273 143 142
f 193 196 520
f 193 191 192
f 193 236 192
f 193 236 194
f 193 236 196
f 193 236 194
f 193 194 192
f 614 664 663
f 614 664 663
f 465 287 286
f 641 614 609
f 641 634 609
f 667 22 19
f 656 659 19
f 656 659 21
f 656 659 19
f 656 23 24
f 656 667 709
f 656 667 707
f 365 377 382
f 651 648 19
f 651 654 21
f 651 648 21
f 651 648 19
f 651 654 24
f 651 648 24
f 651 14 648
f 651 26 654
f 651 26 648
f 651 29 648
f 651 656 5
f 645 648 21
f 645 26 643
f 645 26 648
f 645 29 30
f 645 29 648
f 645 78 30
f 98 645 78
f 98 645 648
f 98 140 79
f 98 142 140
f 98 143 142
f 98 262 144
f 28 24 21
f 28 339 21
f 28 29 339
f 28 340 339
f 28 29 340
f 28 78 643
f 28 29 78
f 28 645 643
f 28 645 29
f 28 645 648
f 28 645 29
f 28 651 648
f 28 651 29
f 28 651 654
f 28 651 29
f 77 332 333
f 77 332 78
f 77 78 333
f 77 332 330
f 77 332 330
f 77 330 78
f 77 326 63
f 77 266 264
f 77 292 291
f 77 292 291
f 77 291 78
f 77 291 290
f 77 289 78
f 77 289 290
f 77 289 78
f 77 289 288
f 77 78 284
f 77 287 288
f 77 287 78
f 77 287 78
f 90 258 91
f 51 90 91
f 53 77 332
f 251 168 169
f 489 490 213
f 261 292 291
f 261 292 291
f 261 291 290
f 261 291 258
f 261 93 90
f 261 290 264
f 261 289 290
f 167 168 169
f 167 166 257
f 167 169 140
f 167 140 138
f 167 166 138
f 167 169 140
f 167 166 135
f 167 168 135
f 167 168 166
f 167 142 140
f 167 142 140
f 167 169 142
f 167 143 142
f 167 143 145
f 167 143 142
f 718 338 717
f 718 717 340
f 718 688 717
f 718 344 343
f 718 371 717
f 718 372 371
f 718 372 717
f 718 379 717
f 718 379 717
f 718 717 392
f 718 717 380
f 718 717 392
f 718 387 717
f 718 390 717
f 718 387 717
f 718 390 389
f 718 389 717
f 722 661 656
f 722 724 338
f 66 67 712
f 66 67 333
f 66 65 333
f 66 67 333
f 66 65 333
f 66 330 67
f 66 330 65
f 66 67 685
f 66 65 685
f 66 330 67
f 66 330 65
f 66 67 329
f 66 326 67
f 66 326 65
f 66 664 67
f 66 65 664
f 66 77 67
f 66 77 65
f 64 718 63
f 64 718 717
f 64 718 717
f 64 333 63
f 64 65 333
f 64 333 63
f 64 65 333
f 64 63 685
f 64 65 685
f 64 330 63
f 64 330 65
f 64 330 329
f 64 330 65
f 64 664 663
f 64 65 664
f 64 326 63
f 64 326 65
f 64 77 326
f 64 77 63
f 64 77 65
f 721 59 720
f 721 720 338
f 721 722 338
f 721 661 667
f 721 722 661
f 721 720 340
f 721 722 340
f 721 661 656
f 721 722 661
f 721 344 720
f 721 722 344
f 721 720 371
f 721 722 371
f 721 372 720
f 721 722 372
f 721 372 720
f 721 722 372
f 721 722 373
f 721 379 373
f 721 720 379
f 721 722 379
f 721 720 379
f 721 722 379
f 721 720 380
f 721 722 380
f 721 386 720
f 721 720 387
f 721 386 720
f 710 340 339
f 710 709 340
f 710 344 709
f 710 370 709
f 710 370 709
f 710 372 709
f 710 372 709
f 710 709 380
f 710 709 380
f 710 709 692
f 710 656 667
f 710 390 389
f 710 390 381
f 710 381 392
f 710 709 381
f 710 709 392
f 710 709 398
f 706 340 704
f 706 707 340
f 706 370 707
f 706 656 667
f 403 372 707
f 403 375 376
f 401 708 373
f 401 707 708
f 401 377 373
f 401 709 708
f 401 377 378
f 401 710 709
f 401 379 378
f 401 382 379
f 401 382 394
f 401 395 394
f 401 292 400
f 401 292 291
f 401 291 290
f 401 289 290
f 401 289 288
f 401 287 288
f 401 287 286
f 401 285 286
f 401 489 400
f 703 704 331
f 703 702 331
f 703 704 331
f 703 702 331
f 703 702 71
f 703 69 704
f 703 701 704
f 703 702 701
f 703 340 704
f 74 322 76
f 74 73 322
f 74 330 331
f 74 330 329
f 74 326 327
f 74 326 73
f 74 329 327
f 696 444 447
f 696 444 695
f 696 331 334
f 696 331 697
f 696 452 331
f 696 452 695
f 68 67 704
f 68 69 704
f 68 696 67
f 68 696 69
f 68 67 704
f 68 69 704
f 68 67 333
f 68 69 333
f 68 67 333
f 68 69 333
f 68 330 67
f 68 69 330
f 68 330 67
f 68 69 330
f 68 67 685
f 68 69 685
f 68 67 329
f 68 69 329
f 68 326 67
f 68 326 69
f 68 664 67
f 68 69 664
f 68 69 322
f 68 77 67
f 68 77 67
f 68 661 67
f 68 661 69
f 428 429 692
f 428 700 429
f 428 656 667
f 428 651 656
f 428 651 648
f 428 645 648
f 428 459 429
f 428 645 429
f 428 640 429
f 428 429 486
f 428 489 429
f 428 489 429
f 72 74 76
f 72 696 697
f 72 696 71
f 72 661 76
f 72 661 71
f 72 74 73
f 72 702 697
f 72 702 71
f 72 71 685
f 72 703 702
f 72 703 702
f 72 664 663
f 72 664 71
f 72 330 71
f 72 71 333
f 72 74 330
f 72 703 704
f 72 703 71
f 72 326 71
f 72 326 73
f 72 330 71
f 72 333 331
f 72 74 331
f 72 71 333
f 72 74 330
f 72 707 704
f 72 71 329
f 72 333 334
f 72 71 712
f 72 74 329
f 72 74 73
f 72 707 708
f 72 707 708
f 72 708 704
f 72 71 704
f 72 712 334
f 72 709 708
f 72 709 708
f 72 709 712
f 443 688 442
f 443 444 688
f 443 694 695
f 443 444 694
f 443 442 687
f 443 444 687
f 443 696 695
f 443 696 444
f 443 685 442
f 443 444 685
f 443 696 442
f 443 696 444
f 443 343 442
f 443 444 343
f 443 667 444
f 443 444 664
f 443 667 663
f 443 667 664
f 443 327 442
f 443 444 327
f 443 326 327
f 443 326 444
f 443 326 322
f 443 326 444
f 443 641 640
f 443 641 640
f 691 452 695
f 691 595 686
f 691 696 695
f 691 72 696
f 691 72 696
f 691 68 696
f 691 68 696
f 691 66 67
f 691 696 67
f 691 64 63
f 691 66 65
f 691 718 717
f 598 76 600
f 598 595 76
f 598 476 548
f 518 618 620
f 396 395 397
f 396 401 397
f 396 401 395
f 396 291 397
f 396 291 395
f 396 291 290
f 396 291 395
f 396 289 290
f 396 289 395
f 396 289 288
f 396 289 395
f 396 287 288
f 396 287 395
f 396 287 286
f 396 287 395
f 396 285 286
f 396 395 285
f 396 395 285
f 396 397 381
f 396 395 381
f 396 383 397
f 396 395 394
f 396 383 394
f 396 383 395
f 173 132 174
f 173 132 171
f 173 251 174
f 173 129 170
f 173 129 125
f 173 174 125
f 173 174 129
f 180 129 181
f 180 247 181
f 180 179 129
f 180 128 181
f 180 128 129
f 180 128 129
f 180 181 125
f 180 179 125
f 180 235 181
f 130 128 133
f 130 180 129
f 130 180 179
f 130 179 129
f 130 129 178
f 130 174 129
f 130 173 174
f 130 173 129
f 130 168 129
f 130 168 166
f 130 132 129
f 130 162 129
f 127 184 185
f 127 128 184
f 127 128 184
f 127 133 134
f 127 128 133
f 149 144 148
f 149 150 144
f 149 148 159
f 149 150 159
f 149 148 151
f 149 150 151
f 149 98 262
f 149 98 150
f 149 150 132
f 155 144 158
f 155 150 144
f 155 158 140
f 155 150 140
f 155 150 132
f 155 132 129
f 155 158 135
f 155 132 135
f 155 132 158
f 155 98 258
f 355 721 720
f 355 326 356
f 355 356 717
f 355 718 717
f 355 428 356
f 355 710 709
f 355 709 356
f 355 702 356
f 355 707 356
f 355 703 702
f 355 706 707
f 441 343 442
f 441 696 442
f 441 696 695
f 441 694 695
f 441 327 442
f 441 438 327
f 441 326 327
f 441 326 438
f 441 688 442
f 441 326 322
f 441 326 438
f 441 685 442
f 441 667 663
f 441 656 659
f 441 459 460
f 441 486 442
f 441 645 643
f 441 489 442
f 693 441 694
f 693 428 429
f 693 428 694
f 693 441 691
f 693 441 691
f 693 443 694
f 693 691 443
f 693 443 444
f 693 691 444
f 693 691 443
f 693 710 692
f 693 694 709
f 693 710 709
f 693 710 709
f 693 709 708
f 693 707 708
f 638 443 640
f 638 441 640
f 638 428 640
f 341 78 30
f 341 344 78
f 341 344 78
f 341 29 30
f 341 344 29
f 341 28 29
f 341 28 344
f 341 28 340
f 341 28 344
f 341 340 21
f 341 344 21
f 341 14 21
f 341 14 340
f 341 344 338
f 341 332 338
f 341 727 726
f 341 338 333
f 341 721 722
f 341 721 720
f 341 718 717
f 341 444 340
f 341 700 340
f 341 710 709
f 341 700 701
f 341 709 708
f 341 702 701
f 341 707 708
f 341 703 702
f 341 706 707
f 341 703 340
f 341 706 340
f 349 330 329
f 409 372 374
f 409 706 656
f 409 656 707
f 414 365 382
f 414 365 375
f 414 465 289
f 102 594 595
f 102 594 103
f 102 191 187
f 102 103 191
f 102 103 191
f 102 103 184
f 102 596 103
f 102 103 184
f 102 180 103
f 102 180 103
f 102 103 179
f 102 168 103
f 102 103 178
f 102 168 103
f 102 103 162
f 102 173 103
f 102 155 103
f 102 103 174
f 102 173 103
f 102 155 103
f 102 638 103
f 102 103 150
f 588 587 590
f 106 76 195
f 106 194 76
f 106 194 192
f 106 130 132
f 106 155 150
f 570 207 208
f 728 338 729
f 728 727 338
f 728 729 340
f 728 727 340
f 728 341 729
f 728 341 727
f 728 51 727
f 728 51 727
f 728 353 729
f 728 727 353
f 728 661 656
f 728 661 656
f 728 722 656
f 337 728 338
f 337 728 727
f 337 727 338
f 337 722 724
f 337 722 724
f 337 721 722
f 337 721 720
f 337 718 338
f 337 710 709
f 337 710 339
f 337 709 708
f 337 710 709
f 337 707 708
f 337 706 707
f 337 706 707
f 337 703 704
f 337 706 704
f 337 703 340
f 337 703 702
f 337 702 701
f 337 700 701
f 337 700 340
f 337 340 447
f 337 444 340
f 337 341 444
f 337 341 443
f 337 338 340
f 337 341 443
f 337 341 338
f 337 341 338
f 337 341 441
f 337 343 331
f 337 341 441
f 725 338 726
f 725 724 338
f 725 726 340
f 725 337 338
f 725 337 724
f 725 722 340
f 725 722 724
f 725 341 726
f 725 341 722
f 725 722 344
f 725 1 685
f 725 724 685
f 725 724 1
f 57 77 330
f 57 725 1
f 61 724 1
f 529 207 514
f 200 204 217
f 200 199 217
f 200 199 204
f 200 204 217
f 200 199 217
f 200 204 216
f 200 199 227
f 200 204 201
f 200 199 204
f 200 587 201
f 200 199 587
f 200 233 198
f 219 199 217
f 219 199 197
f 219 224 199
f 219 197 220
f 219 197 220
f 219 224 199
f 219 224 217
f 219 476 220
f 212 587 218
f 212 211 218
f 212 211 587
f 212 204 217
f 212 211 204
f 212 211 204
f 212 490 213
f 222 197 195
f 222 194 195
f 222 219 197
f 222 219 224
f 222 219 224
f 222 194 192
f 222 191 192
f 222 191 76
f 222 76 221
f 222 587 221
f 226 227 197
f 226 224 197
f 226 227 194
f 226 199 227
f 226 224 199
f 226 227 194
f 226 199 227
f 226 224 227
f 226 224 199
f 226 227 191
f 226 227 191
f 226 227 184
f 226 227 184
f 226 227 76
f 226 326 227
f 226 452 227
f 226 326 227
f 232 236 216
f 232 233 236
f 232 207 205
f 232 233 207
f 232 200 231
f 232 200 233
f 232 200 199
f 232 200 199
f 232 200 233
f 232 199 197
f 232 199 231
f 232 233 197
f 232 322 231
f 232 233 322
f 232 231 197
f 232 233 197
f 232 231 76
f 232 233 76
f 232 194 231
f 232 233 194
f 232 194 192
f 232 233 194
f 232 191 192
f 232 233 191
f 232 184 187
f 232 233 184
f 232 191 188
f 232 233 191
f 232 187 188
f 232 233 187
f 497 401 499
f 497 401 495
f 497 428 499
f 497 428 495
f 493 401 400
f 493 401 495
f 493 441 442
f 493 428 429
f 493 428 495
f 276 275 78
f 276 277 78
f 276 277 275
f 276 273 78
f 276 273 142
f 276 277 486
f 276 273 486
f 276 273 142
f 276 489 273
f 276 273 146
f 276 401 277
f 276 401 489
f 276 489 273
f 276 273 146
f 276 401 277
f 276 401 489
f 276 493 273
f 276 489 400
f 276 273 148
f 276 493 400
f 276 493 273
f 276 497 273
f 276 277 397
f 276 396 277
f 276 396 277
f 283 78 285
f 283 78 284
f 283 77 284
f 282 283 78
f 282 283 78
f 282 283 77
f 282 285 389
f 282 390 285
f 282 390 285
f 282 285 392
f 282 285 392
f 282 396 285
f 282 396 285
f 282 285 397
f 282 401 285
f 282 283 401
f 281 386 285
f 281 282 78
f 281 285 387
f 281 282 285
f 281 282 389
f 281 282 390
f 281 282 390
f 281 282 392
f 281 282 392
f 281 282 396
f 281 282 396
f 281 282 397
f 281 282 401
f 272 292 291
f 272 291 269
f 272 292 275
f 272 292 291
f 265 144 146
f 265 160 262
f 265 160 262
f 265 262 163
f 265 167 262
f 265 489 262
f 265 167 262
f 265 493 262
f 265 262 169
f 265 493 495
f 265 497 495
f 265 497 262
f 267 98 143
f 267 265 98
f 267 144 146
f 267 265 144
f 267 265 146
f 267 265 148
f 267 265 149
f 267 265 152
f 267 149 150
f 267 265 150
f 267 265 149
f 267 265 152
f 267 265 160
f 267 265 160
f 267 265 163
f 267 265 489
f 267 265 167
f 267 265 493
f 267 265 493
f 267 265 497
f 267 265 497
f 617 518 618
f 617 618 620
f 617 614 618
f 619 614 618
f 619 456 621
f 619 456 618
f 619 459 460
f 619 620 460
f 619 617 620
f 619 617 618
f 619 617 618
f 461 620 460
f 461 619 620
f 461 619 459
f 461 619 618
f 461 292 459
f 461 226 456
f 461 456 598
f 461 244 289
f 461 456 235
f 461 456 598
f 461 456 233
f 461 232 456
f 461 232 456
f 461 456 587
f 475 281 282
f 475 267 265
f 475 233 236
f 475 476 233
f 475 232 476
f 475 232 476
f 475 226 476
f 665 664 22
f 665 667 22
f 665 664 19
f 665 667 19
f 665 664 23
f 665 664 23
f 665 664 16
f 665 667 16
f 665 14 664
f 665 667 14
f 665 667 14
f 665 64 664
f 665 64 65
f 665 66 65
f 665 66 664
f 665 68 664
f 665 68 69
f 665 72 664
f 665 72 664
f 665 664 600
f 665 614 664
f 665 614 664
f 665 667 444
f 655 656 19
f 655 651 19
f 655 651 654
f 655 654 21
f 655 656 21
f 655 656 19
f 655 651 19
f 655 654 24
f 655 656 24
f 655 656 14
f 655 651 14
f 655 26 654
f 655 656 26
f 655 28 654
f 655 28 656
f 655 28 29
f 655 28 656
f 655 441 654
f 655 441 656
f 655 29 30
f 655 656 29
f 655 443 654
f 655 443 656
f 655 443 444
f 655 51 656
f 655 55 654
f 658 659 23
f 658 656 23
f 658 656 659
f 658 659 23
f 658 656 23
f 658 26 659
f 658 656 26
f 658 28 659
f 658 28 656
f 658 28 29
f 658 28 656
f 658 656 29
f 658 51 659
f 658 61 659
f 658 659 76
f 658 659 600
f 658 443 444
f 658 656 659
f 658 443 659
f 658 443 656
f 658 614 659
f 658 614 659
f 662 663 19
f 662 661 19
f 662 663 21
f 662 661 21
f 662 663 19
f 662 661 19
f 662 663 22
f 662 661 22
f 662 23 663
f 662 661 23
f 662 14 663
f 662 661 14
f 662 23 663
f 662 661 23
f 662 26 663
f 662 661 26
f 662 28 661
f 662 728 661
f 662 667 663
f 662 728 667
f 662 441 667
f 662 728 667
f 662 728 661
f 662 441 663
f 662 441 661
f 662 722 667
f 662 722 661
f 662 722 661
f 662 443 663
f 662 443 661
f 662 443 444
f 662 443 661
f 662 64 663
f 662 64 661
f 662 64 65
f 662 64 661
f 662 614 663
f 662 661 614
f 662 66 65
f 662 66 661
f 662 614 663
f 662 661 614
f 662 66 67
f 662 66 661
f 662 68 67
f 662 68 661
f 662 68 69
f 662 68 661
f 662 72 71
f 662 72 661
f 662 663 600
f 662 661 600
f 662 72 663
f 662 72 661
f 660 659 19
f 660 661 19
f 660 659 21
f 660 661 21
f 660 659 19
f 660 661 19
f 660 661 22
f 660 23 22
f 660 659 23
f 660 661 23
f 660 659 23
f 660 661 23
f 660 26 659
f 660 661 26
f 660 28 659
f 660 28 661
f 660 28 29
f 660 441 656
f 660 656 5
f 660 661 5
f 660 661 656
f 660 441 659
f 660 441 661
f 660 443 659
f 660 443 661
f 660 443 444
f 660 443 661
f 660 614 659
f 660 661 614
f 660 614 659
f 660 661 614
f 660 64 661
f 660 659 63
f 660 64 63
f 660 64 661
f 660 64 65
f 660 659 76
f 660 661 76
f 660 66 65
f 660 66 661
f 660 659 600
f 660 661 600
f 660 661 67
f 660 66 67
f 660 66 661
f 653 29 30
f 653 651 29
f 653 651 29
f 653 53 91
f 653 654 76
f 653 443 444
f 653 443 654
f 653 441 654
f 653 441 651
f 653 441 651
f 25 648 24
f 25 645 648
f 25 645 643
f 25 645 26
f 25 645 26
f 25 651 648
f 25 651 26
f 25 24 21
f 25 26 21
f 25 651 654
f 25 651 26
f 25 655 654
f 25 655 26
f 25 655 656
f 25 655 656
f 25 658 656
f 25 658 656
f 25 658 659
f 25 658 26
f 25 660 659
f 25 660 26
f 25 660 661
f 25 660 661
f 25 662 661
f 25 662 661
f 25 665 664
f 25 665 26
f 25 662 663
f 25 662 26
f 25 664 663
f 25 26 664
f 399 497 499
f 399 497 495
f 399 710 709
f 399 710 709
f 399 276 497
f 399 276 497
f 399 709 708
f 399 276 277
f 399 276 277
f 399 493 495
f 399 276 493
f 399 276 493
f 399 709 398
f 399 709 708
f 399 708 373
f 399 708 373
f 399 281 282
f 399 281 282
f 399 379 380
f 399 379 380
f 399 381 398
f 399 380 381
f 399 382 380
f 399 379 373
f 399 282 285
f 399 282 285
f 399 382 381
f 399 382 380
f 399 382 394
f 399 373 378
f 399 379 378
f 399 379 373
f 399 285 286
f 399 285 286
f 399 395 394
f 399 395 394
f 399 383 394
f 399 383 382
f 399 383 382
f 399 287 286
f 399 287 286
f 399 396 395
f 399 396 395
f 399 287 288
f 399 287 288
f 399 397 398
f 399 396 397
f 399 396 397
f 399 289 288
f 399 289 288
f 399 289 290
f 399 289 290
f 399 291 290
f 399 291 290
f 399 291 400
f 399 291 398
f 644 645 643
f 644 443 643
f 644 443 645
f 96 648 95
f 96 78 95
f 96 98 78
f 96 78 95
f 96 98 78
f 96 644 95
f 96 258 95
f 96 598 76
f 96 168 247
f 96 261 262
f 96 173 244
f 96 173 174
f 96 95 187
f 96 102 187
f 96 265 98
f 96 174 95
f 96 184 95
f 96 102 184
f 96 184 95
f 96 102 184
f 96 95 178
f 96 180 95
f 96 102 180
f 96 179 95
f 96 102 179
f 96 180 179
f 96 102 180
f 12 11 667
f 12 11 664
f 12 662 11
f 12 662 11
f 12 660 11
f 12 660 656
f 12 660 11
f 12 655 11
f 12 655 11
f 10 11 667
f 10 662 11
f 10 11 664
f 86 77 63
f 86 261 258
f 328 77 78
f 328 77 326
f 328 332 78
f 328 349 329
f 328 349 326
f 328 64 63
f 328 64 329
f 328 64 65
f 328 64 65
f 328 66 329
f 328 66 65
f 328 66 65
f 279 292 275
f 279 77 292
f 279 283 77
f 279 272 275
f 279 272 275
f 279 261 264
f 279 282 283
f 279 269 264
f 279 272 269
f 279 272 269
f 279 282 77
f 279 283 465
f 279 281 282
f 279 282 78
f 279 281 282
f 89 51 88
f 89 51 90
f 89 93 90
f 89 93 88
f 89 261 88
f 89 261 93
f 89 261 93
f 89 61 88
f 54 91 55
f 54 53 91
f 54 55 654
f 54 90 91
f 54 53 90
f 54 653 654
f 54 653 53
f 54 653 53
f 54 655 55
f 54 655 53
f 54 89 90
f 54 89 53
f 54 89 88
f 54 89 53
f 54 658 659
f 54 658 53
f 54 86 77
f 54 86 53
f 54 660 659
f 54 660 53
f 54 77 332
f 54 53 77
f 54 660 661
f 54 660 53
f 54 332 55
f 54 53 332
f 54 662 661
f 54 662 53
f 54 55 333
f 54 53 333
f 54 662 55
f 54 662 53
f 54 664 55
f 54 53 664
f 54 665 664
f 54 665 53
f 54 725 724
f 54 725 53
f 54 724 55
f 54 725 726
f 54 725 53
f 54 1 726
f 54 727 1
f 54 53 727
f 54 53 727
f 92 232 233
f 92 232 231
f 92 93 648
f 92 89 93
f 92 233 234
f 92 232 184
f 92 232 233
f 92 184 95
f 92 235 234
f 92 229 184
f 92 233 234
f 92 184 95
f 92 235 76
f 92 235 234
f 92 180 95
f 92 235 184
f 92 180 235
f 92 180 235
f 92 180 179
f 92 180 179
f 92 179 95
f 92 258 91
f 92 93 258
f 94 93 648
f 94 78 95
f 94 93 78
f 94 261 262
f 94 261 93
f 94 258 95
f 94 93 258
f 624 529 620
f 624 627 520
f 624 518 520
f 624 518 627
f 624 627 120
f 628 610 102
f 458 619 621
f 458 619 459
f 458 441 442
f 458 441 459
f 458 619 618
f 458 619 618
f 458 456 618
f 458 617 456
f 458 461 618
f 458 461 617
f 458 461 292
f 458 456 292
f 458 461 456
f 254 171 169
f 254 171 169
f 254 171 257
f 254 251 174
f 254 167 169
f 254 167 168
f 254 257 175
f 254 174 175
f 254 251 174
f 254 167 168
f 254 178 257
f 254 251 178
f 254 179 178
f 254 251 179
f 254 179 257
f 254 251 179
f 254 162 161
f 254 186 257
f 254 186 183
f 254 193 196
f 254 196 257
f 254 207 205
f 254 493 257
f 254 493 213
f 254 493 213
f 254 489 257
f 254 475 476
f 254 475 251
f 250 251 171
f 250 251 168
f 250 251 168
f 250 251 171
f 250 173 171
f 250 173 251
f 250 173 251
f 250 251 174
f 250 96 251
f 250 94 251
f 250 251 178
f 250 94 251
f 250 247 179
f 250 251 179
f 250 92 251
f 250 180 247
f 250 251 179
f 250 180 179
f 250 180 247
f 250 247 183
f 250 254 183
f 250 254 251
f 250 247 186
f 250 254 186
f 250 254 193
f 250 193 247
f 250 254 196
f 250 247 196
f 250 254 207
f 250 247 207
f 250 254 489
f 250 254 251
f 250 475 476
f 250 475 251
f 238 95 178
f 238 240 178
f 238 92 240
f 238 92 95
f 238 92 76
f 238 92 240
f 238 92 179
f 238 92 179
f 238 180 179
f 238 180 181
f 238 235 76
f 238 235 76
f 238 184 181
f 238 461 456
f 238 458 461
f 214 250 247
f 214 233 236
f 214 233 213
f 214 489 213
f 214 250 489
f 214 247 216
f 214 232 233
f 214 254 213
f 214 250 254
f 214 250 254
f 214 232 216
f 214 204 216
f 214 204 216
f 214 229 204
f 214 212 211
f 214 204 207
f 214 204 207
f 214 212 211
f 214 213 206
f 214 211 206
f 214 211 213
f 485 214 216
f 485 484 214
f 485 484 216
f 485 250 247
f 485 250 247
f 485 486 460
f 485 484 460
f 485 250 254
f 485 250 254
f 485 254 257
f 485 254 257
f 485 265 262
f 485 265 262
f 485 267 265
f 485 267 265
f 485 273 486
f 210 250 247
f 210 250 247
f 210 207 208
f 210 214 207
f 210 214 213
f 210 250 254
f 210 250 254
f 210 208 206
f 210 213 206
f 210 232 207
f 210 214 232
f 210 254 207
f 210 254 213
f 210 233 236
f 210 233 213
f 210 232 233
f 210 229 207
f 210 214 207
f 210 214 229
f 210 214 233
f 210 214 232
f 210 211 213
f 210 493 213
f 210 500 207
f 210 211 564
f 487 485 214
f 487 485 484
f 487 459 486
f 487 490 459
f 487 485 486
f 487 624 490
f 487 532 490
f 487 484 624
f 487 485 484
f 487 490 618
f 487 484 618
f 487 617 490
f 487 484 617
f 259 90 258
f 259 92 258
f 259 89 90
f 259 92 93
f 259 89 258
f 259 94 93
f 259 94 258
f 259 96 258
f 259 155 98
f 259 155 158
f 259 155 258
f 259 160 158
f 259 160 158
f 259 160 262
f 259 160 161
f 259 160 262
f 259 162 161
f 259 262 161
f 259 162 163
f 259 162 161
f 259 262 163
f 259 475 476
f 259 167 262
f 259 475 258
f 259 475 476
f 259 167 257
f 259 167 169
f 259 167 262
f 259 485 257
f 259 485 262
f 259 169 257
f 259 262 169
f 259 485 257
f 259 485 262
f 259 257 175
f 259 262 175
f 259 489 257
f 259 489 262
f 259 178 257
f 259 262 178
f 259 493 257
f 259 493 262
f 259 262 178
f 259 493 495
f 259 179 257
f 259 179 178
f 259 179 178
f 259 193 262
f 259 497 495
f 259 210 493
f 259 210 493
f 259 193 196
f 259 193 262
f 259 210 497
f 259 196 257
f 259 262 196
f 259 210 207
f 259 497 262
f 259 210 497
f 259 207 205
f 259 210 207
f 259 207 499
f 715 691 696
f 715 337 338
f 360 709 708
f 360 358 709
f 360 707 708
f 360 358 707
f 360 710 709
f 360 358 710
f 360 358 710
f 360 706 707
f 360 706 358
f 357 709 356
f 357 358 709
f 357 707 356
f 357 358 707
f 357 710 709
f 357 358 710
f 357 706 707
f 357 706 358
f 357 360 358
f 357 703 702
f 357 703 358
f 357 358 702
f 357 702 356
f 357 326 356
f 357 358 326
f 357 428 356
f 357 428 358
f 369 370 707
f 369 706 707
f 369 706 370
f 404 292 405
f 404 403 292
f 404 383 394
f 404 403 383
f 404 292 291
f 404 403 292
f 404 383 382
f 404 403 383
f 404 291 290
f 404 403 291
f 404 403 382
f 404 289 290
f 404 403 289
f 404 377 382
f 404 377 382
f 404 403 377
f 404 289 288
f 404 403 289
f 404 377 376
f 404 403 377
f 404 287 288
f 404 403 287
f 404 375 376
f 404 403 375
f 404 287 286
f 404 403 287
f 404 375 373
f 404 403 375
f 404 285 286
f 404 403 285
f 404 372 373
f 404 403 372
f 404 283 285
f 404 283 403
f 404 403 372
f 404 282 283
f 404 282 283
f 404 707 371
f 404 372 371
f 404 372 707
f 404 707 708
f 404 403 707
f 404 281 282
f 404 281 282
f 404 709 708
f 404 403 709
f 404 710 709
f 404 403 710
f 404 486 405
f 404 403 486
f 404 489 486
f 404 403 489
f 404 489 405
f 404 403 489
f 404 493 405
f 404 493 403
f 404 493 495
f 404 493 403
f 404 497 495
f 404 497 403
f 404 497 499
f 404 497 403
f 402 403 707
f 402 401 707
f 402 403 376
f 402 403 707
f 402 401 707
f 402 377 376
f 402 401 377
f 402 403 377
f 402 403 709
f 402 401 709
f 402 403 377
f 402 401 377
f 402 403 710
f 402 401 710
f 402 403 382
f 402 382 379
f 402 401 379
f 402 401 382
f 402 401 382
f 402 383 382
f 402 403 383
f 402 403 383
f 402 403 395
f 402 401 395
f 402 396 401
f 402 403 292
f 402 401 292
f 402 403 292
f 402 401 292
f 402 403 291
f 402 401 291
f 402 403 289
f 402 401 289
f 402 403 289
f 402 401 289
f 402 403 287
f 402 401 287
f 402 403 287
f 402 401 287
f 402 403 285
f 402 401 285
f 402 283 403
f 402 283 401
f 402 282 283
f 402 282 283
f 402 497 403
f 402 497 401
f 402 281 282
f 402 281 282
f 402 497 403
f 402 497 401
f 402 493 403
f 402 493 401
f 402 493 403
f 402 493 401
f 402 401 277
f 402 403 486
f 402 403 489
f 402 401 489
f 402 403 489
f 402 401 489
f 70 703 71
f 70 703 69
f 70 71 704
f 70 69 704
f 70 703 71
f 70 703 69
f 70 71 712
f 70 696 71
f 70 696 69
f 70 71 333
f 70 69 333
f 70 691 696
f 70 691 696
f 70 71 333
f 70 69 333
f 70 330 71
f 70 69 330
f 70 71 685
f 70 69 685
f 70 330 71
f 70 69 330
f 70 71 329
f 70 69 329
f 70 326 71
f 70 326 69
f 70 665 664
f 70 665 69
f 70 69 322
f 70 664 71
f 70 69 664
f 70 661 71
f 70 661 69
f 70 662 71
f 70 662 69
f 70 662 661
f 70 662 661
f 325 74 326
f 325 72 326
f 325 326 322
f 325 74 326
f 325 72 326
f 325 70 326
f 325 70 326
f 325 68 326
f 325 68 326
f 325 66 326
f 325 66 326
f 325 328 77
f 325 328 77
f 325 64 326
f 325 64 77
f 325 64 77
f 325 328 349
f 325 355 326
f 325 357 356
f 325 357 326
f 325 357 358
f 325 357 358
f 325 326 438
f 698 706 707
f 698 707 708
f 698 708 704
f 698 704 712
f 698 696 712
f 698 696 695
f 698 694 695
f 698 693 707
f 698 693 707
f 698 709 708
f 698 694 709
f 698 693 709
f 698 693 694
f 698 431 696
f 698 694 695
f 698 428 694
f 698 656 667
f 435 355 356
f 435 357 356
f 435 655 651
f 430 694 695
f 430 431 694
f 430 698 695
f 430 698 431
f 430 693 694
f 430 693 431
f 430 693 429
f 430 693 431
f 430 431 353
f 430 429 692
f 430 431 692
f 430 355 356
f 430 355 431
f 430 656 667
f 430 431 656
f 430 357 356
f 430 357 431
f 430 651 656
f 430 431 651
f 430 357 358
f 430 357 431
f 430 651 648
f 430 431 651
f 430 645 648
f 430 431 645
f 430 645 429
f 430 431 645
f 430 640 429
f 430 431 640
f 430 638 640
f 430 638 431
f 430 458 431
f 430 459 429
f 430 431 459
f 430 497 499
f 430 497 431
f 430 429 486
f 430 431 486
f 430 497 495
f 430 497 431
f 430 489 429
f 430 431 489
f 430 493 495
f 430 493 431
f 430 489 429
f 430 431 489
f 430 493 429
f 430 493 431
f 432 431 692
f 432 688 692
f 432 688 433
f 432 688 433
f 432 693 433
f 432 693 431
f 432 693 694
f 432 693 431
f 432 656 667
f 432 431 656
f 432 694 695
f 432 431 694
f 432 651 656
f 432 431 651
f 432 696 695
f 432 431 696
f 432 651 648
f 432 431 651
f 432 698 696
f 432 698 431
f 432 645 648
f 432 431 645
f 432 645 643
f 432 431 645
f 432 640 643
f 432 431 640
f 432 638 640
f 432 638 431
f 432 355 356
f 432 355 431
f 432 357 356
f 432 357 431
f 432 357 358
f 432 357 431
f 432 497 499
f 432 497 431
f 432 497 495
f 432 497 431
f 432 493 495
f 432 493 431
f 432 493 433
f 432 493 431
f 432 458 459
f 432 458 431
f 432 489 433
f 432 431 489
f 432 459 433
f 432 431 459
f 432 489 433
f 432 431 489
f 432 433 486
f 432 431 486
f 425 692 687
f 425 656 667
f 425 651 656
f 425 698 692
f 425 698 693
f 425 651 648
f 425 645 648
f 425 700 701
f 425 645 643
f 425 640 643
f 425 357 356
f 425 638 640
f 425 423 701
f 425 357 358
f 425 702 423
f 425 357 702
f 425 357 702
f 425 497 499
f 425 497 495
f 425 493 495
f 425 486 483
f 425 493 424
f 425 489 486
f 425 489 424
f 690 691 443
f 690 691 443
f 690 691 595
f 690 691 63
f 690 691 718
f 690 441 691
f 690 64 63
f 690 691 64
f 690 691 718
f 690 64 65
f 690 691 64
f 690 691 438
f 690 66 65
f 690 691 66
f 690 715 691
f 690 66 67
f 690 691 66
f 690 68 67
f 690 691 68
f 690 68 69
f 690 691 68
f 690 70 69
f 690 70 691
f 690 70 71
f 690 70 691
f 690 72 71
f 690 691 72
f 690 72 686
f 690 691 686
f 690 691 72
f 592 691 590
f 592 691 595
f 592 595 76
f 592 594 595
f 592 590 76
f 592 461 456
f 592 461 456
f 592 102 594
f 592 103 590
f 592 102 103
f 592 102 594
f 603 461 456
f 603 461 602
f 603 665 664
f 603 665 602
f 603 664 604
f 603 602 664
f 603 662 604
f 603 662 602
f 603 662 661
f 603 662 602
f 603 660 661
f 603 660 602
f 603 660 659
f 603 660 602
f 603 658 659
f 603 658 602
f 603 96 602
f 603 96 644
f 603 102 103
f 603 102 602
f 603 644 641
f 603 96 641
f 603 96 644
f 605 461 456
f 605 461 606
f 605 665 664
f 605 665 606
f 605 664 604
f 605 606 664
f 605 662 604
f 605 662 606
f 605 662 661
f 605 662 606
f 605 660 661
f 605 660 606
f 605 660 659
f 605 660 606
f 605 658 659
f 605 658 606
f 605 610 582
f 605 610 606
f 605 102 103
f 605 102 606
f 605 644 641
f 605 644 606
f 605 96 641
f 637 638 443
f 522 518 620
f 522 624 627
f 384 396 383
f 384 395 381
f 384 396 395
f 384 396 383
f 384 287 288
f 384 287 288
f 384 289 288
f 384 289 288
f 384 395 394
f 384 383 395
f 384 287 286
f 384 287 286
f 384 289 290
f 384 289 290
f 384 285 381
f 384 285 286
f 384 285 286
f 384 290 385
f 384 290 381
f 384 383 381
f 384 414 383
f 242 173 174
f 242 96 173
f 242 92 244
f 242 244 91
f 242 244 76
f 242 458 456
f 242 238 458
f 242 458 461
f 242 238 458
f 242 244 292
f 242 461 292
f 242 244 291
f 242 461 291
f 242 461 244
f 164 132 166
f 164 162 132
f 164 130 166
f 164 130 162
f 164 166 135
f 164 162 135
f 164 166 138
f 164 162 163
f 164 254 166
f 164 140 138
f 164 163 140
f 164 163 140
f 164 162 163
f 164 250 251
f 164 102 103
f 164 102 103
f 164 259 257
f 164 259 163
f 164 259 163
f 131 162 132
f 131 130 132
f 131 130 162
f 131 164 162
f 131 164 130
f 131 164 132
f 131 164 130
f 131 168 132
f 131 130 168
f 131 168 132
f 131 130 168
f 131 132 171
f 131 173 171
f 131 130 173
f 131 173 132
f 131 173 132
f 131 130 173
f 131 132 174
f 131 130 174
f 131 132 178
f 131 130 178
f 131 132 179
f 131 130 179
f 131 180 132
f 131 130 180
f 131 130 180
f 131 130 133
f 131 127 133
f 131 127 130
f 131 130 128
f 131 127 128
f 131 127 130
f 131 106 130
f 157 150 144
f 157 155 150
f 157 144 158
f 157 155 144
f 157 150 159
f 157 155 150
f 157 262 158
f 157 259 155
f 157 265 262
f 157 265 262
f 157 267 159
f 157 267 265
f 157 267 265
f 154 150 153
f 154 155 150
f 154 259 150
f 154 267 153
f 154 267 265
f 154 267 265
f 154 155 262
f 154 265 262
f 154 259 98
f 154 259 155
f 440 438 343
f 440 441 343
f 440 441 438
f 440 696 438
f 440 441 696
f 440 696 438
f 440 441 696
f 440 438 694
f 440 441 694
f 440 693 438
f 440 693 441
f 440 693 438
f 440 693 441
f 440 691 438
f 440 441 691
f 440 690 691
f 440 690 441
f 440 441 688
f 440 441 685
f 440 662 441
f 440 662 441
f 440 660 441
f 440 660 441
f 440 655 441
f 440 441 651
f 440 441 651
f 440 655 651
f 440 655 441
f 440 441 645
f 440 441 645
f 440 638 441
f 440 500 441
f 440 493 441
f 440 441 489
f 440 441 489
f 440 441 486
f 440 475 441
f 440 441 459
f 440 458 441
f 440 458 441
f 516 513 627
f 516 513 624
f 342 344 21
f 342 341 21
f 342 341 344
f 342 344 14
f 342 341 14
f 342 5 344
f 342 728 344
f 342 728 341
f 342 341 344
f 342 728 727
f 342 728 341
f 342 332 344
f 342 332 344
f 342 341 332
f 342 727 344
f 342 341 727
f 342 332 343
f 342 341 332
f 342 725 344
f 342 725 341
f 342 343 333
f 342 341 333
f 342 722 344
f 342 725 722
f 342 725 341
f 342 337 343
f 342 337 341
f 342 721 722
f 342 341 721
f 342 337 438
f 342 337 341
f 342 721 720
f 342 341 721
f 342 441 438
f 342 341 441
f 342 441 343
f 342 341 441
f 342 718 343
f 342 341 718
f 342 443 343
f 342 341 443
f 342 443 444
f 342 341 443
f 342 444 343
f 342 341 444
f 342 700 343
f 342 341 700
f 342 710 709
f 342 341 710
f 342 700 343
f 342 341 700
f 342 709 343
f 342 341 709
f 342 702 343
f 342 341 702
f 342 707 343
f 342 341 707
f 342 703 702
f 342 341 703
f 342 706 707
f 342 341 706
f 342 703 343
f 342 341 703
f 342 706 343
f 342 341 706
f 347 330 343
f 350 330 327
f 350 349 330
f 350 349 330
f 350 349 343
f 350 349 326
f 350 325 349
f 350 349 700
f 350 349 702
f 350 349 703
f 350 349 14
f 350 349 703
f 350 366 21
f 350 349 21
f 350 349 706
f 350 349 5
f 350 349 707
f 350 728 349
f 350 349 709
f 350 728 349
f 350 349 710
f 350 349 721
f 350 349 727
f 350 349 722
f 350 349 721
f 350 349 718
f 705 409 706
f 705 414 413
f 705 698 656
f 705 706 656
f 705 698 656
f 705 698 706
f 705 703 702
f 705 700 701
f 705 703 701
f 705 698 692
f 705 357 706
f 705 357 703
f 705 707 692
f 705 706 707
f 705 698 707
f 705 698 706
f 705 357 706
f 705 357 703
f 705 355 706
f 705 355 703
f 705 350 349
f 705 350 349
f 705 706 343
f 408 409 707
f 408 409 706
f 408 656 709
f 408 409 656
f 408 409 706
f 408 409 651
f 408 369 409
f 408 409 370
f 408 409 372
f 408 409 372
f 408 409 375
f 408 409 375
f 408 377 382
f 408 409 382
f 408 497 409
f 408 414 383
f 408 414 409
f 408 497 409
f 408 414 383
f 408 493 409
f 408 493 409
f 408 409 292
f 408 409 489
f 408 409 292
f 408 409 489
f 408 409 291
f 408 409 486
f 408 409 289
f 408 409 289
f 408 409 287
f 408 409 287
f 408 409 285
f 411 414 292
f 411 414 292
f 411 414 291
f 411 369 365
f 411 365 370
f 411 365 374
f 101 598 595
f 101 102 595
f 101 96 598
f 101 96 102
f 101 598 596
f 101 102 596
f 101 102 598
f 101 102 598
f 101 603 102
f 101 603 102
f 101 605 102
f 101 605 102
f 101 102 638
f 101 637 102
f 101 102 162
f 101 164 102
f 101 102 155
f 101 164 102
f 101 102 155
f 101 102 168
f 101 102 168
f 101 102 150
f 101 102 173
f 101 96 173
f 101 102 173
f 101 96 173
f 101 102 174
f 101 96 174
f 101 102 178
f 101 96 178
f 101 96 102
f 562 564 587
f 562 476 564
f 562 564 217
f 562 212 211
f 562 214 212
f 562 210 211
f 562 210 564
f 105 103 76
f 105 106 76
f 105 103 590
f 105 103 191
f 105 588 590
f 105 106 588
f 105 592 103
f 105 191 192
f 105 106 192
f 105 106 191
f 105 103 191
f 105 106 191
f 105 588 587
f 105 106 587
f 105 106 588
f 105 106 591
f 105 592 591
f 105 592 106
f 105 103 184
f 105 106 184
f 105 103 184
f 105 106 184
f 105 594 103
f 105 596 103
f 105 596 594
f 105 180 103
f 105 106 180
f 105 180 103
f 105 106 180
f 105 103 179
f 105 106 179
f 105 103 178
f 105 106 178
f 105 605 610
f 105 103 174
f 105 106 174
f 105 173 103
f 105 106 173
f 105 624 106
f 105 173 103
f 105 106 173
f 105 624 106
f 105 168 103
f 105 106 168
f 105 168 103
f 105 106 168
f 105 164 103
f 105 164 106
f 105 164 103
f 105 164 106
f 105 103 162
f 105 106 162
f 105 106 638
f 105 155 103
f 105 106 155
f 105 155 103
f 105 106 155
f 105 103 150
f 105 106 150
f 105 131 106
f 105 131 106
f 105 106 130
f 107 197 195
f 107 106 195
f 107 587 197
f 107 106 587
f 107 106 194
f 107 106 588
f 107 106 194
f 107 106 591
f 107 106 191
f 107 624 106
f 107 624 106
f 107 106 191
f 107 106 184
f 107 106 184
f 107 106 180
f 107 106 638
f 107 106 180
f 107 106 179
f 107 106 178
f 107 106 174
f 107 164 106
f 107 106 162
f 107 106 173
f 107 164 106
f 107 106 155
f 107 106 173
f 107 106 168
f 107 106 132
f 107 106 155
f 107 106 168
f 575 222 465
f 575 579 220
f 575 212 579
f 575 212 211
f 575 211 576
f 575 208 576
f 575 208 206
f 575 204 206
f 575 200 201
f 575 200 199
f 575 199 197
f 575 197 576
f 575 194 576
f 575 193 194
f 575 193 192
f 575 191 192
f 583 581 197
f 583 581 194
f 583 199 581
f 583 581 194
f 583 204 587
f 583 587 206
f 583 211 587
f 583 208 206
f 583 212 211
f 583 212 579
f 583 582 570
f 583 212 587
f 583 212 579
f 583 587 220
f 583 579 220
f 583 575 570
f 583 564 587
f 583 570 564
f 583 566 582
f 583 587 220
f 583 222 587
f 583 575 220
f 583 575 579
f 583 461 456
f 583 575 222
f 583 575 222
f 578 579 194
f 578 579 191
f 578 579 194
f 578 579 197
f 578 579 199
f 578 200 199
f 578 200 579
f 578 120 188
f 578 200 201
f 578 200 579
f 578 120 121
f 578 624 579
f 578 204 206
f 578 579 204
f 578 208 206
f 578 579 208
f 578 579 582
f 578 208 576
f 578 579 208
f 578 211 576
f 578 579 211
f 578 212 211
f 578 212 579
f 578 575 212
f 578 575 212
f 578 575 579
f 578 579 582
f 580 581 191
f 580 579 191
f 580 581 194
f 580 579 194
f 580 581 194
f 580 579 194
f 580 581 197
f 580 579 197
f 580 624 579
f 580 199 581
f 580 579 199
f 580 582 581
f 580 579 582
f 580 579 582
f 580 200 579
f 580 583 199
f 580 583 200
f 580 200 579
f 580 583 200
f 580 579 204
f 580 583 204
f 580 583 575
f 580 579 208
f 580 583 208
f 580 575 579
f 580 583 570
f 580 583 575
f 580 579 208
f 580 583 208
f 580 579 211
f 580 583 211
f 580 583 579
f 580 578 579
f 189 578 120
f 189 578 579
f 189 236 188
f 189 234 191
f 189 236 234
f 189 236 234
f 189 250 247
f 3 337 338
f 3 54 53
f 336 728 729
f 336 337 728
f 336 337 728
f 336 51 727
f 336 51 727
f 336 337 727
f 336 725 337
f 336 54 53
f 336 725 53
f 336 725 337
f 336 54 55
f 336 337 724
f 336 54 724
f 336 721 722
f 336 337 722
f 336 337 721
f 336 337 721
f 336 337 718
f 336 337 709
f 336 337 709
f 336 337 707
f 336 337 707
f 336 337 703
f 336 337 703
f 336 337 702
f 336 337 700
f 336 337 700
f 336 337 444
f 336 337 443
f 336 443 442
f 336 337 443
f 336 441 442
f 336 337 441
f 336 441 438
f 336 337 438
f 336 337 441
f 7 10 662
f 7 662 11
f 7 10 662
f 7 660 11
f 7 660 11
f 7 667 664
f 7 10 664
f 7 10 667
f 7 655 651
f 7 655 11
f 7 655 11
f 7 12 11
f 58 332 59
f 58 57 332
f 58 59 333
f 58 57 333
f 58 332 59
f 58 57 332
f 58 330 59
f 58 57 330
f 58 57 77
f 58 721 59
f 58 57 721
f 58 721 59
f 58 330 59
f 58 77 59
f 58 77 330
f 58 86 77
f 58 86 57
f 58 724 59
f 58 57 724
f 58 725 724
f 58 57 725
f 58 89 59
f 58 89 57
f 58 725 59
f 58 57 725
f 58 89 90
f 58 89 57
f 58 90 59
f 58 90 91
f 58 57 91
f 58 57 90
f 58 658 59
f 58 658 57
f 58 660 59
f 58 660 57
f 58 665 59
f 58 665 57
f 58 660 661
f 58 660 57
f 58 59 664
f 58 57 664
f 58 662 661
f 58 662 57
f 58 662 59
f 58 662 57
f 56 55 333
f 56 57 333
f 56 332 55
f 56 57 332
f 56 77 332
f 56 724 55
f 56 57 724
f 56 86 77
f 56 86 57
f 56 77 332
f 56 57 332
f 56 57 77
f 56 725 724
f 56 57 725
f 56 725 726
f 56 57 725
f 56 89 88
f 56 89 57
f 56 1 726
f 56 57 1
f 56 89 90
f 56 89 57
f 56 90 91
f 56 57 90
f 56 91 55
f 56 57 91
f 56 655 55
f 56 658 659
f 56 658 57
f 56 665 664
f 56 665 57
f 56 660 659
f 56 660 57
f 56 664 55
f 56 57 664
f 56 660 661
f 56 660 57
f 56 662 55
f 56 662 57
f 56 662 661
f 56 662 57
f 60 332 59
f 60 61 332
f 60 59 333
f 60 61 333
f 60 332 59
f 60 61 332
f 60 330 59
f 60 61 330
f 60 330 59
f 60 61 330
f 60 59 720
f 60 61 720
f 60 77 59
f 60 724 59
f 60 61 724
f 60 328 77
f 60 328 61
f 60 328 61
f 60 86 77
f 60 86 61
f 60 61 724
f 60 725 59
f 60 725 724
f 60 725 724
f 60 61 1
f 60 89 59
f 60 89 61
f 60 1 685
f 60 59 1
f 60 61 685
f 60 89 90
f 60 90 59
f 60 89 90
f 60 89 61
f 60 658 59
f 60 658 61
f 60 658 59
f 60 658 61
f 60 665 59
f 60 665 61
f 60 660 59
f 60 660 61
f 60 59 664
f 60 61 664
f 60 660 661
f 60 660 61
f 60 662 59
f 60 662 61
f 60 662 661
f 60 662 61
f 62 333 63
f 62 61 333
f 62 61 332
f 62 333 63
f 62 332 333
f 62 61 332
f 62 330 63
f 62 61 330
f 62 690 723
f 62 690 63
f 62 690 63
f 62 724 723
f 62 61 724
f 62 61 724
f 62 63 685
f 62 61 685
f 62 330 329
f 62 61 330
f 62 328 329
f 62 328 61
f 62 328 63
f 62 77 63
f 62 328 77
f 62 328 61
f 62 665 664
f 62 665 61
f 62 86 77
f 62 86 61
f 62 664 663
f 62 61 664
f 62 662 663
f 62 662 61
f 62 61 88
f 62 86 63
f 62 662 661
f 62 662 61
f 62 659 63
f 62 61 659
f 62 660 661
f 62 660 61
f 62 660 659
f 62 660 61
f 502 505 207
f 502 207 499
f 502 500 207
f 502 210 207
f 502 210 500
f 502 259 499
f 502 259 262
f 502 259 262
f 502 265 262
f 502 267 265
f 502 402 403
f 502 404 403
f 502 404 499
f 502 500 499
f 502 432 499
f 502 432 431
f 502 408 409
f 502 432 431
f 502 430 431
f 502 408 409
f 502 430 431
f 502 430 505
f 502 430 499
f 502 428 505
f 502 428 499
f 502 425 505
f 502 425 499
f 524 522 627
f 524 624 627
f 524 516 513
f 524 513 515
f 524 513 518
f 524 515 514
f 524 529 514
f 524 522 518
f 524 529 193
f 524 516 515
f 524 193 196
f 524 529 196
f 524 196 198
f 524 529 198
f 524 207 205
f 524 529 207
f 524 529 207
f 524 198 520
f 230 199 231
f 230 229 199
f 230 231 197
f 230 229 197
f 230 200 199
f 230 200 229
f 230 194 231
f 230 229 194
f 230 200 231
f 230 200 229
f 230 194 192
f 230 229 194
f 230 191 192
f 230 229 191
f 230 191 187
f 230 229 191
f 230 207 205
f 230 229 207
f 230 184 187
f 230 229 184
f 230 210 207
f 230 210 229
f 230 92 184
f 230 92 229
f 230 210 214
f 230 210 214
f 230 92 231
f 230 92 229
f 230 214 216
f 230 214 229
f 230 231 76
f 230 229 76
f 230 216 231
f 230 322 231
f 230 229 322
f 230 475 476
f 230 475 229
f 230 461 456
f 230 461 229
f 228 199 227
f 228 229 199
f 228 227 197
f 228 229 197
f 228 200 199
f 228 200 229
f 228 227 194
f 228 229 194
f 228 200 229
f 228 227 194
f 228 229 194
f 228 200 216
f 228 200 227
f 228 227 191
f 228 229 191
f 228 214 216
f 228 214 204
f 228 214 229
f 228 214 229
f 228 227 191
f 228 229 191
f 228 227 184
f 228 229 184
f 228 224 227
f 228 227 184
f 228 229 184
f 228 475 476
f 228 475 229
f 228 227 76
f 228 229 76
f 228 227 322
f 228 229 322
f 228 461 456
f 228 461 229
f 215 204 216
f 215 212 204
f 215 214 216
f 215 214 212
f 215 204 217
f 215 212 204
f 215 484 214
f 215 562 564
f 215 562 212
f 215 562 214
f 215 212 217
f 215 212 570
f 223 224 197
f 223 222 197
f 223 222 224
f 223 224 194
f 223 222 194
f 223 222 194
f 223 222 191
f 223 191 187
f 223 222 191
f 223 222 76
f 223 222 587
f 223 583 456
f 223 583 222
f 223 583 222
f 223 222 476
f 223 475 476
f 223 475 222
f 225 224 194
f 225 226 194
f 225 226 224
f 225 226 194
f 225 223 194
f 225 223 224
f 225 226 191
f 225 223 191
f 225 226 191
f 225 223 191
f 225 223 187
f 225 184 187
f 225 226 184
f 225 226 184
f 225 226 76
f 225 223 76
f 225 461 226
f 225 223 461
f 225 226 476
f 225 475 476
f 225 475 226
f 225 326 327
f 225 226 326
f 225 452 327
f 225 223 452
f 225 326 452
f 225 326 452
f 225 226 452
f 225 226 326
f 543 502 210
f 541 543 542
f 541 543 207
f 541 505 207
f 541 543 207
f 541 543 624
f 541 543 198
f 541 543 196
f 541 543 193
f 541 543 178
f 541 543 178
f 541 543 169
f 280 281 389
f 280 276 142
f 280 281 390
f 280 276 142
f 280 281 390
f 280 276 78
f 280 276 277
f 280 281 392
f 280 276 277
f 280 281 392
f 280 279 281
f 280 396 277
f 280 281 396
f 280 396 277
f 280 281 396
f 280 402 401
f 280 402 281
f 280 402 281
f 280 277 397
f 280 281 397
f 280 401 277
f 280 281 401
f 280 402 403
f 280 399 277
f 280 399 281
f 280 399 277
f 280 399 281
f 280 277 486
f 280 402 486
f 280 402 277
f 280 404 281
f 280 404 281
f 274 275 78
f 274 273 78
f 274 276 275
f 274 276 273
f 274 475 276
f 271 273 78
f 271 272 273
f 271 475 272
f 176 262 175
f 176 259 262
f 176 259 262
f 176 259 257
f 176 259 257
f 176 254 257
f 176 254 257
f 176 254 251
f 176 254 251
f 176 135 175
f 176 137 175
f 176 250 251
f 176 250 251
f 176 541 543
f 176 541 543
f 176 133 135
f 176 132 133
f 176 132 133
f 176 135 134
f 176 133 134
f 176 133 135
f 176 131 132
f 176 131 132
f 176 131 130
f 176 131 130
f 176 130 129
f 176 130 129
f 176 240 95
f 176 129 125
f 176 129 175
f 176 96 95
f 176 96 95
f 176 238 95
f 176 238 240
f 176 238 240
f 176 125 177
f 176 175 125
f 176 101 96
f 176 101 96
f 176 101 102
f 176 101 102
f 176 102 103
f 176 102 103
f 176 107 106
f 176 107 106
f 176 105 103
f 176 105 103
f 176 105 106
f 176 105 106
f 531 617 532
f 615 487 484
f 615 487 490
f 615 487 614
f 615 490 523
f 615 531 532
f 615 541 543
f 615 624 103
f 615 107 106
f 615 107 610
f 615 105 106
f 615 105 610
f 612 461 456
f 612 615 541
f 612 615 543
f 666 667 23
f 666 665 23
f 666 665 667
f 666 667 23
f 666 665 23
f 666 25 667
f 666 25 665
f 666 25 665
f 666 54 665
f 666 54 665
f 666 56 665
f 666 56 665
f 666 58 665
f 666 58 665
f 666 60 665
f 666 60 665
f 666 62 665
f 666 62 665
f 666 665 64
f 666 665 64
f 666 669 64
f 666 665 66
f 666 669 66
f 666 665 66
f 666 669 66
f 666 665 68
f 666 669 68
f 666 665 68
f 666 669 68
f 666 70 665
f 666 70 669
f 666 70 665
f 666 70 669
f 666 665 72
f 666 669 72
f 666 665 72
f 666 669 72
f 666 665 600
f 666 665 667
f 666 603 665
f 666 603 665
f 666 605 665
f 666 665 614
f 666 605 665
f 666 665 614
f 445 665 444
f 445 444 664
f 445 666 665
f 445 662 444
f 445 662 661
f 445 660 661
f 445 660 444
f 445 658 444
f 445 644 641
f 445 637 638
f 445 489 490
f 445 489 490
f 445 489 442
f 445 458 459
f 445 458 442
f 445 486 442
f 445 459 486
f 445 460 442
f 445 459 460
f 445 459 460
f 445 441 442
f 670 669 16
f 670 10 669
f 670 12 669
f 670 12 669
f 670 54 669
f 670 3 669
f 670 7 669
f 670 54 669
f 670 669 728
f 670 669 728
f 670 56 669
f 670 669 727
f 670 56 669
f 670 58 669
f 670 669 722
f 670 58 669
f 670 60 669
f 670 60 669
f 670 62 669
f 670 62 669
f 670 669 64
f 670 669 64
f 670 669 66
f 670 669 66
f 670 669 68
f 670 669 68
f 670 70 669
f 670 669 441
f 670 70 669
f 670 669 443
f 670 669 72
f 670 669 443
f 670 669 72
f 670 445 669
f 670 666 669
f 670 666 669
f 668 667 22
f 668 669 22
f 668 667 23
f 668 669 23
f 668 667 16
f 668 669 16
f 668 667 23
f 668 12 11
f 668 12 669
f 668 10 11
f 668 10 669
f 668 3 667
f 668 3 669
f 668 728 667
f 668 669 728
f 668 728 667
f 668 669 728
f 668 666 667
f 668 722 667
f 668 443 667
f 668 669 443
f 668 445 669
f 668 445 666
f 668 445 666
f 668 722 727
f 668 669 727
f 668 669 722
f 668 721 722
f 668 669 721
f 668 54 669
f 668 666 54
f 668 443 667
f 668 669 443
f 668 721 667
f 668 669 721
f 668 54 669
f 668 666 54
f 668 441 667
f 668 669 441
f 668 56 669
f 668 666 56
f 668 440 441
f 668 440 669
f 668 56 669
f 668 666 56
f 668 58 669
f 668 666 58
f 668 710 667
f 668 58 669
f 668 666 58
f 668 667 709
f 668 60 669
f 668 666 60
f 668 60 669
f 668 666 60
f 668 62 669
f 668 666 62
f 668 62 669
f 668 666 62
f 668 669 64
f 668 666 64
f 668 666 669
f 657 51 656
f 657 658 51
f 657 655 51
f 657 54 658
f 657 54 655
f 657 54 658
f 657 54 655
f 657 56 658
f 657 56 655
f 657 56 658
f 657 56 655
f 657 56 57
f 657 58 57
f 657 58 658
f 657 658 76
f 657 658 59
f 657 58 59
f 657 58 658
f 657 654 76
f 657 655 654
f 657 655 443
f 657 655 443
f 657 658 443
f 657 658 443
f 657 655 444
f 657 653 654
f 657 653 444
f 657 658 600
f 657 445 658
f 657 603 658
f 657 603 658
f 657 605 658
f 657 605 658
f 657 658 614
f 657 658 614
f 657 658 659
f 657 628 660
f 17 660 661
f 17 662 661
f 17 662 661
f 17 661 14
f 17 660 661
f 17 662 663
f 17 662 663
f 17 660 659
f 17 660 14
f 17 664 663
f 17 664 663
f 17 656 659
f 17 656 14
f 17 656 14
f 17 665 664
f 17 665 664
f 17 665 667
f 17 665 667
f 17 670 669
f 17 669 22
f 17 670 669
f 17 668 667
f 17 668 667
f 17 668 669
f 17 668 669
f 652 92 651
f 652 653 91
f 652 92 91
f 652 653 76
f 652 657 653
f 652 657 603
f 652 657 603
f 652 657 605
f 652 657 605
f 652 657 614
f 652 657 614
f 652 653 443
f 652 657 653
f 652 657 445
f 652 443 651
f 652 653 651
f 652 653 443
f 49 653 91
f 49 653 51
f 49 51 91
f 49 653 654
f 49 653 51
f 49 90 91
f 49 90 91
f 49 655 654
f 49 655 51
f 49 655 51
f 49 89 90
f 49 89 90
f 49 1 729
f 49 728 51
f 49 728 51
f 49 89 88
f 49 89 88
f 49 728 729
f 49 728 1
f 49 336 728
f 49 86 77
f 49 86 77
f 49 728 727
f 49 336 727
f 49 336 728
f 49 77 333
f 49 333 50
f 49 77 48
f 49 77 333
f 52 653 51
f 52 653 53
f 52 51 90
f 52 53 90
f 52 653 51
f 52 653 53
f 52 89 51
f 52 89 53
f 52 655 51
f 52 655 53
f 52 89 51
f 52 89 53
f 52 657 655
f 52 657 655
f 52 657 658
f 52 657 658
f 52 51 88
f 52 86 53
f 52 658 51
f 52 658 53
f 52 86 77
f 52 53 77
f 52 660 51
f 52 660 53
f 52 660 51
f 52 660 53
f 52 333 50
f 52 53 333
f 52 662 51
f 52 662 53
f 52 332 333
f 52 53 332
f 52 53 332
f 52 336 725
f 52 662 51
f 52 662 53
f 52 725 53
f 52 336 51
f 52 336 725
f 52 51 664
f 52 53 664
f 52 51 727
f 52 53 727
f 52 665 51
f 52 665 53
f 52 51 727
f 52 53 727
f 52 666 665
f 52 666 665
f 52 668 666
f 52 668 666
f 52 3 51
f 52 3 53
f 52 668 669
f 52 668 669
f 52 670 669
f 52 670 669
f 646 644 443
f 646 644 443
f 646 443 645
f 646 445 644
f 646 603 644
f 646 644 95
f 646 92 95
f 646 96 644
f 646 96 644
f 646 644 641
f 646 603 644
f 646 605 644
f 646 641 614
f 646 603 602
f 646 605 644
f 646 641 614
f 646 652 641
f 419 420 645
f 419 420 651
f 419 420 645
f 419 420 651
f 419 420 640
f 419 420 656
f 419 420 638
f 419 420 667
f 419 698 420
f 419 420 700
f 419 502 420
f 419 705 360
f 419 420 702
f 419 705 702
f 419 705 420
f 419 502 420
f 419 420 497
f 419 420 497
f 419 420 493
f 419 420 292
f 419 420 493
f 419 420 292
f 419 420 489
f 419 420 489
f 419 420 486
f 97 98 648
f 97 96 648
f 97 96 98
f 97 98 645
f 97 96 645
f 97 98 645
f 97 644 645
f 97 96 644
f 97 605 96
f 97 101 162
f 97 101 164
f 97 605 96
f 97 101 605
f 97 254 162
f 97 101 155
f 97 101 155
f 97 164 251
f 97 101 164
f 97 603 96
f 97 101 603
f 97 250 96
f 97 164 250
f 97 96 168
f 97 101 168
f 97 603 96
f 97 101 603
f 97 155 98
f 97 98 258
f 97 96 258
f 97 96 168
f 97 101 168
f 97 101 96
f 97 259 98
f 97 259 96
f 97 96 598
f 97 101 598
f 97 101 96
f 97 96 98
f 246 96 247
f 246 92 247
f 246 96 247
f 246 92 244
f 246 173 247
f 246 244 91
f 246 173 247
f 246 90 91
f 246 244 76
f 246 247 174
f 246 244 292
f 246 244 291
f 246 244 289
f 246 244 289
f 246 244 288
f 13 667 14
f 13 668 667
f 13 668 12
f 13 667 14
f 13 12 667
f 13 12 669
f 13 668 669
f 13 668 12
f 13 14 664
f 13 12 664
f 13 14 338
f 13 7 338
f 13 14 340
f 13 7 340
f 13 662 14
f 13 12 662
f 13 341 14
f 13 7 341
f 13 662 661
f 13 12 662
f 13 342 341
f 13 7 342
f 13 660 661
f 13 12 660
f 13 342 344
f 13 7 342
f 13 660 14
f 13 12 660
f 13 656 14
f 13 12 656
f 13 655 656
f 13 12 655
f 13 350 349
f 13 7 350
f 13 655 651
f 13 12 655
f 13 651 14
f 13 12 651
f 85 86 265
f 85 86 77
f 85 86 261
f 85 94 86
f 263 85 86
f 263 86 265
f 263 94 262
f 263 93 88
f 263 94 93
f 263 94 93
f 263 85 261
f 263 86 261
f 263 85 86
f 263 94 265
f 263 475 265
f 263 96 262
f 263 96 265
f 263 96 98
f 263 96 265
f 263 98 262
f 263 265 98
f 263 262 144
f 263 265 144
f 263 262 148
f 263 265 148
f 263 149 262
f 263 265 149
f 263 149 150
f 263 265 149
f 263 150 262
f 263 265 150
f 263 262 152
f 263 265 152
f 263 262 152
f 263 265 152
f 263 154 262
f 263 154 265
f 263 154 265
f 278 279 77
f 278 277 275
f 278 279 275
f 278 277 78
f 278 279 78
f 278 280 277
f 278 280 279
f 649 646 92
f 649 652 76
f 649 602 76
f 649 646 602
f 649 652 602
f 649 652 445
f 649 646 445
f 649 443 648
f 649 652 603
f 649 646 603
f 649 646 652
f 649 652 603
f 649 646 603
f 649 652 605
f 649 646 605
f 649 652 605
f 649 646 605
f 649 652 614
f 649 646 614
f 649 652 614
f 649 646 614
f 649 646 652
f 650 649 92
f 650 649 648
f 650 652 92
f 650 441 648
f 650 441 651
f 650 441 651
f 650 443 651
f 650 649 443
f 650 652 443
f 650 652 92
f 650 649 92
f 650 649 652
f 650 652 443
f 650 649 443
f 650 649 652
f 623 615 620
f 623 615 624
f 623 624 459
f 623 458 624
f 623 458 624
f 462 484 624
f 462 432 433
f 462 428 429
f 462 461 460
f 462 432 431
f 462 430 429
f 462 461 620
f 462 461 619
f 462 430 431
f 462 425 423
f 462 425 423
f 462 461 619
f 462 461 292
f 462 461 292
f 462 420 292
f 462 419 420
f 462 461 291
f 462 461 289
f 626 666 628
f 626 628 627
f 626 666 452
f 626 623 452
f 626 666 628
f 626 615 610
f 626 623 615
f 626 666 665
f 626 628 665
f 626 610 102
f 626 628 102
f 626 628 610
f 626 665 664
f 626 628 664
f 626 628 610
f 626 664 663
f 626 628 662
f 626 649 652
f 626 649 652
f 626 652 657
f 626 652 657
f 626 662 663
f 626 628 662
f 626 641 634
f 626 649 646
f 626 649 646
f 626 657 658
f 626 662 661
f 626 628 660
f 626 646 641
f 626 646 641
f 626 646 628
f 626 658 659
f 626 657 658
f 626 657 660
f 626 657 628
f 626 660 661
f 626 660 659
f 616 458 461
f 616 458 461
f 616 617 456
f 616 458 456
f 616 458 617
f 616 617 614
f 616 615 614
f 616 617 620
f 616 615 620
f 616 615 465
f 616 541 543
f 616 615 541
f 616 487 484
f 616 615 487
f 616 487 617
f 616 615 487
f 616 531 617
f 616 615 531
f 616 615 490
f 616 531 617
f 616 615 531
f 616 615 523
f 252 251 171
f 252 254 171
f 252 251 169
f 252 254 169
f 252 251 171
f 252 254 171
f 252 254 251
f 252 251 168
f 252 254 168
f 252 251 168
f 252 254 168
f 252 164 251
f 252 164 254
f 252 164 251
f 252 97 251
f 252 97 96
f 252 96 251
f 252 94 251
f 252 94 251
f 252 92 251
f 252 92 251
f 252 251 90
f 252 251 90
f 252 254 475
f 255 167 166
f 255 254 167
f 255 254 167
f 255 166 257
f 255 254 166
f 255 164 257
f 255 164 254
f 255 164 162
f 255 164 254
f 255 162 161
f 255 254 162
f 255 254 161
f 255 97 155
f 255 97 254
f 255 97 254
f 255 254 96
f 255 254 94
f 255 254 94
f 255 254 92
f 255 254 92
f 255 254 475
f 248 173 171
f 248 173 247
f 248 168 247
f 248 250 173
f 248 173 247
f 248 250 173
f 248 96 168
f 248 247 174
f 248 250 174
f 248 96 247
f 248 176 247
f 248 176 250
f 248 176 247
f 248 176 250
f 248 92 247
f 248 92 93
f 248 247 178
f 248 250 178
f 248 250 247
f 248 246 92
f 248 246 92
f 248 246 90
f 248 246 90
f 354 325 326
f 354 325 355
f 354 326 353
f 354 355 326
f 354 727 353
f 354 722 727
f 354 722 727
f 354 721 722
f 354 355 721
f 354 721 722
f 354 435 355
f 354 721 353
f 354 355 721
f 354 353 327
f 354 435 327
f 354 432 353
f 354 432 355
f 354 718 353
f 354 355 718
f 354 432 431
f 354 432 355
f 354 430 431
f 354 430 355
f 354 430 355
f 354 710 353
f 354 355 710
f 354 430 700
f 354 430 353
f 354 353 709
f 354 355 709
f 354 700 429
f 354 353 700
f 354 428 429
f 354 355 428
f 354 355 428
f 354 353 702
f 354 355 702
f 354 353 707
f 354 355 707
f 354 703 353
f 354 355 703
f 354 706 353
f 354 355 706
f 354 705 703
f 354 705 355
f 354 705 706
f 354 705 355
f 416 292 417
f 416 292 291
f 416 705 698
f 416 291 290
f 416 698 656
f 416 698 656
f 416 417 486
f 416 413 486
f 416 651 656
f 416 651 656
f 416 489 417
f 416 489 413
f 416 651 648
f 416 651 413
f 416 489 417
f 416 489 413
f 416 645 648
f 416 645 413
f 416 493 417
f 416 493 413
f 416 645 643
f 416 645 413
f 416 493 495
f 416 493 495
f 416 640 643
f 416 640 413
f 416 497 495
f 416 497 495
f 416 497 499
f 416 497 413
f 416 502 499
f 416 502 413
f 416 502 505
f 416 502 505
f 239 240 179
f 239 238 179
f 239 238 240
f 239 180 240
f 239 238 180
f 239 180 240
f 239 238 180
f 239 240 184
f 239 238 184
f 239 240 184
f 239 184 185
f 239 238 184
f 239 187 185
f 239 186 187
f 239 240 186
f 239 240 186
f 239 240 187
f 239 187 188
f 239 189 240
f 239 189 188
f 239 193 191
f 239 193 196
f 239 240 193
f 239 240 196
f 239 475 240
f 239 238 240
f 239 236 196
f 239 236 196
f 239 475 476
f 239 210 236
f 239 210 213
f 239 236 216
f 239 236 207
f 239 214 213
f 239 485 216
f 239 214 236
f 481 462 484
f 481 619 618
f 481 484 618
f 481 484 617
f 481 610 537
f 481 484 610
f 481 616 484
f 481 616 615
f 481 215 217
f 481 615 484
f 481 228 224
f 496 210 497
f 496 445 495
f 496 441 495
f 496 497 441
f 496 440 441
f 496 440 497
f 498 210 497
f 498 543 500
f 498 543 542
f 498 496 543
f 498 541 542
f 498 445 500
f 498 500 441
f 498 500 441
f 498 497 441
f 498 496 497
f 498 496 445
f 498 440 441
f 498 440 497
f 498 496 532
f 498 496 523
f 494 210 493
f 494 496 495
f 494 496 445
f 494 445 495
f 494 445 493
f 494 441 495
f 494 493 441
f 494 496 627
f 494 440 441
f 494 440 493
f 494 440 493
f 494 496 532
f 494 496 523
f 494 496 618
f 494 617 518
f 494 496 518
f 494 617 518
f 494 496 518
f 488 214 489
f 488 487 214
f 488 487 214
f 488 489 490
f 488 214 247
f 488 487 459
f 488 489 490
f 488 487 490
f 488 250 247
f 488 214 250
f 488 214 250
f 488 445 459
f 488 445 489
f 488 250 254
f 488 250 254
f 488 445 486
f 488 445 489
f 488 254 257
f 488 254 489
f 488 441 486
f 488 441 489
f 488 441 489
f 488 259 257
f 488 259 489
f 488 259 262
f 488 259 489
f 488 265 262
f 488 265 489
f 488 267 265
f 488 267 265
f 545 487 484
f 545 487 484
f 545 481 484
f 545 481 484
f 545 488 487
f 545 488 490
f 545 487 542
f 545 488 487
f 545 603 602
f 545 603 604
f 545 605 542
f 545 605 604
f 545 605 542
f 540 487 490
f 540 487 542
f 540 487 484
f 540 487 484
f 540 481 484
f 540 481 484
f 540 494 496
f 540 494 496
f 540 610 537
f 540 498 496
f 540 498 541
f 540 498 496
f 540 605 542
f 540 612 615
f 540 498 541
f 540 605 542
f 536 487 490
f 536 487 532
f 536 487 484
f 536 487 484
f 536 484 610
f 536 612 535
f 536 494 496
f 536 494 496
f 536 498 496
f 536 498 535
f 536 498 496
f 536 616 615
f 536 616 615
f 536 616 535
f 536 535 617
f 260 89 261
f 260 259 89
f 260 261 90
f 260 259 90
f 260 89 261
f 260 259 89
f 260 259 92
f 260 259 258
f 260 261 93
f 260 92 93
f 260 259 92
f 260 86 261
f 260 94 261
f 260 259 94
f 260 475 261
f 260 259 475
f 260 94 261
f 260 259 94
f 260 96 261
f 260 259 96
f 260 150 262
f 260 154 262
f 260 154 259
f 260 259 150
f 260 97 259
f 260 98 150
f 260 154 155
f 260 154 259
f 260 259 98
f 260 96 261
f 260 97 96
f 260 97 259
f 260 97 98
f 260 155 262
f 260 157 262
f 260 157 155
f 260 157 259
f 260 157 262
f 260 157 259
f 260 262 158
f 260 259 158
f 260 259 262
f 714 715 66
f 714 715 65
f 714 715 66
f 714 715 696
f 714 68 67
f 714 691 696
f 714 715 691
f 714 68 69
f 714 715 691
f 714 336 715
f 714 715 688
f 714 715 337
f 714 354 715
f 714 715 688
f 714 715 340
f 714 350 715
f 714 715 341
f 714 342 715
f 714 342 715
f 714 715 344
f 716 691 65
f 716 715 65
f 716 715 691
f 716 691 64
f 716 691 64
f 716 64 717
f 716 691 717
f 716 690 691
f 716 690 715
f 716 336 337
f 716 336 715
f 716 337 338
f 716 715 337
f 716 688 717
f 716 715 688
f 716 338 717
f 716 715 338
f 716 717 340
f 716 715 340
f 716 341 717
f 716 715 341
f 716 342 341
f 716 342 715
f 716 342 343
f 716 342 715
f 716 717 392
f 716 344 343
f 716 715 344
f 716 717 392
f 716 390 717
f 716 390 389
f 716 350 349
f 716 350 715
f 716 389 717
f 716 387 717
f 716 354 353
f 716 354 715
f 716 387 717
f 716 354 355
f 716 354 715
f 716 717 380
f 716 355 356
f 716 715 355
f 716 379 717
f 716 356 717
f 716 715 356
f 716 379 717
f 716 371 717
f 716 372 717
f 716 372 371
f 324 325 72
f 324 73 322
f 324 72 73
f 324 74 73
f 324 325 74
f 324 325 72
f 324 72 71
f 324 74 322
f 324 325 322
f 324 325 74
f 324 325 70
f 324 70 322
f 324 70 71
f 324 70 69
f 324 325 70
f 324 325 68
f 324 325 68
f 324 325 66
f 324 325 77
f 324 66 77
f 324 325 77
f 324 325 66
f 324 325 328
f 324 350 325
f 324 354 325
f 324 354 325
f 324 355 356
f 324 325 356
f 324 325 355
f 421 698 420
f 421 420 667
f 421 667 692
f 421 420 656
f 421 651 656
f 421 420 651
f 421 420 700
f 421 651 648
f 421 420 651
f 421 420 702
f 421 645 648
f 421 420 645
f 421 462 292
f 421 462 420
f 421 645 643
f 421 420 645
f 421 420 292
f 421 640 643
f 421 420 640
f 421 486 483
f 421 420 486
f 421 638 640
f 421 420 638
f 421 489 486
f 421 420 489
f 421 705 703
f 421 705 420
f 421 705 360
f 421 489 424
f 421 420 489
f 421 493 424
f 421 420 493
f 421 493 495
f 421 420 493
f 421 497 495
f 421 420 497
f 421 502 505
f 421 502 420
f 421 497 499
f 421 420 497
f 421 502 499
f 421 502 420
f 436 435 696
f 436 435 694
f 436 435 696
f 436 435 693
f 436 435 693
f 436 435 698
f 436 350 349
f 436 350 435
f 436 435 688
f 436 435 327
f 436 435 326
f 436 354 353
f 436 354 435
f 436 354 435
f 436 435 325
f 436 435 325
f 436 435 656
f 436 435 655
f 436 435 458
f 436 435 655
f 436 435 458
f 436 435 651
f 436 435 459
f 436 435 645
f 436 462 435
f 436 435 645
f 436 435 640
f 436 435 638
f 436 435 486
f 436 435 489
f 436 435 489
f 436 435 493
f 436 435 493
f 436 435 497
f 436 502 435
f 436 435 497
f 436 435 500
f 434 694 695
f 434 435 694
f 434 696 695
f 434 435 696
f 434 693 694
f 434 435 693
f 434 435 696
f 434 693 433
f 434 435 693
f 434 698 696
f 434 698 696
f 434 435 698
f 434 688 433
f 434 435 688
f 434 688 433
f 434 435 688
f 434 354 353
f 434 354 435
f 434 354 355
f 434 354 435
f 434 355 356
f 434 435 355
f 434 357 356
f 434 435 357
f 434 656 667
f 434 435 656
f 434 357 358
f 434 651 656
f 434 435 651
f 434 357 358
f 434 435 357
f 434 651 648
f 434 435 651
f 434 435 325
f 434 358 326
f 434 435 326
f 434 645 648
f 434 435 645
f 434 435 325
f 434 645 643
f 434 435 645
f 434 640 643
f 434 435 640
f 434 458 433
f 434 435 458
f 434 638 640
f 434 435 638
f 434 458 459
f 434 435 458
f 434 459 433
f 434 435 459
f 434 462 433
f 434 462 435
f 434 502 500
f 434 502 435
f 434 500 499
f 434 435 500
f 434 433 486
f 434 435 486
f 434 497 499
f 434 435 497
f 434 489 433
f 434 435 489
f 434 497 495
f 434 435 497
f 434 489 433
f 434 435 489
f 434 493 495
f 434 435 493
f 434 493 433
f 434 435 493
f 426 425 656
f 426 425 651
f 426 425 692
f 426 425 651
f 426 425 693
f 426 425 645
f 426 425 645
f 426 425 698
f 426 425 640
f 426 425 638
f 426 425 700
f 426 425 356
f 426 425 357
f 426 425 357
f 426 502 425
f 426 502 425
f 426 425 497
f 426 425 497
f 426 425 493
f 426 423 459
f 426 425 423
f 426 425 493
f 426 462 425
f 426 425 489
f 426 425 489
f 426 425 486
f 689 688 447
f 689 443 444
f 689 690 443
f 689 688 723
f 689 690 723
f 689 443 688
f 689 690 443
f 689 690 718
f 689 441 688
f 689 690 441
f 689 718 688
f 689 690 718
f 689 440 441
f 689 440 690
f 689 716 688
f 689 716 690
f 689 440 690
f 689 716 715
f 689 716 690
f 689 715 688
f 689 690 715
f 689 435 688
f 689 436 435
f 689 436 435
f 446 690 691
f 446 690 691
f 446 691 694
f 446 691 444
f 446 689 690
f 446 689 690
f 446 694 695
f 446 444 695
f 446 444 694
f 446 689 688
f 446 689 444
f 446 688 447
f 446 444 688
f 446 447 685
f 446 444 685
f 446 670 669
f 446 670 445
f 446 666 669
f 446 445 666
f 446 666 665
f 446 445 666
f 446 665 664
f 446 445 665
f 446 664 663
f 446 445 664
f 446 662 663
f 446 445 662
f 446 662 661
f 446 445 662
f 446 660 661
f 446 445 660
f 446 660 659
f 446 445 660
f 446 658 659
f 446 445 658
f 446 657 658
f 446 657 445
f 446 644 641
f 446 445 644
f 446 652 657
f 446 652 657
f 446 646 644
f 446 646 445
f 446 649 652
f 446 649 652
f 446 649 646
f 446 649 646
f 450 666 628
f 450 666 628
f 454 690 691
f 454 592 691
f 454 690 595
f 454 592 456
f 454 592 691
f 454 598 595
f 454 456 598
f 454 592 456
f 454 691 590
f 454 598 600
f 454 456 598
f 454 456 587
f 454 587 590
f 454 223 456
f 454 223 587
f 454 603 602
f 454 225 223
f 454 603 456
f 454 225 226
f 454 605 456
f 454 226 456
f 454 605 606
f 454 228 456
f 454 228 229
f 454 230 229
f 454 230 456
f 454 619 614
f 454 619 456
f 454 617 614
f 454 617 456
f 454 617 456
f 454 232 456
f 454 619 456
f 454 232 456
f 454 456 233
f 454 456 235
f 454 238 456
f 467 570 220
f 467 279 282
f 467 285 286
f 467 414 287
f 472 598 596
f 472 225 223
f 472 235 236
f 472 239 238
f 472 276 277
f 472 274 272
f 472 271 272
f 622 522 620
f 622 522 624
f 622 513 518
f 622 623 624
f 622 494 496
f 622 494 496
f 622 487 490
f 622 487 624
f 622 487 484
f 622 487 484
f 622 481 484
f 622 481 484
f 622 623 624
f 622 462 624
f 622 462 460
f 622 623 620
f 622 462 620
f 622 459 460
f 622 623 459
f 622 458 459
f 622 623 458
f 622 458 621
f 622 623 458
f 622 456 621
f 622 623 456
f 622 623 456
f 243 173 244
f 243 242 173
f 243 244 174
f 243 242 174
f 243 96 173
f 243 242 96
f 243 176 244
f 243 176 242
f 243 96 244
f 243 242 96
f 243 176 244
f 243 176 242
f 243 92 244
f 243 242 92
f 243 242 92
f 243 244 178
f 243 242 178
f 243 242 179
f 243 242 180
f 243 242 180
f 243 183 181
f 243 183 184
f 243 183 184
f 243 189 240
f 243 475 240
f 243 240 193
f 243 240 196
f 243 239 240
f 243 239 214
f 243 239 210
f 243 239 210
f 243 239 207
f 243 239 240
f 241 174 95
f 241 242 174
f 241 242 174
f 241 240 95
f 241 176 240
f 241 176 242
f 241 92 240
f 241 242 92
f 241 176 240
f 241 176 242
f 241 92 240
f 241 240 178
f 241 242 178
f 241 242 76
f 241 92 91
f 241 242 91
f 241 242 92
f 241 240 179
f 241 242 179
f 241 238 76
f 241 238 240
f 241 242 238
f 241 180 240
f 241 242 180
f 241 180 240
f 241 242 180
f 241 467 238
f 241 240 184
f 241 242 238
f 241 243 184
f 241 243 242
f 241 240 184
f 241 243 184
f 241 243 472
f 241 240 186
f 241 243 186
f 241 243 186
f 241 243 240
f 241 186 187
f 241 240 187
f 241 240 186
f 318 317 77
f 318 350 317
f 318 354 317
f 318 354 317
f 318 317 355
f 318 357 317
f 318 357 317
f 517 624 518
f 517 516 624
f 517 516 513
f 517 622 624
f 517 622 513
f 517 622 513
f 517 524 513
f 517 524 516
f 517 524 516
f 517 518 520
f 517 524 520
f 517 524 518
f 711 342 341
f 711 342 341
f 711 710 340
f 711 341 340
f 711 341 710
f 711 342 343
f 711 342 710
f 711 710 344
f 711 350 349
f 711 714 350
f 711 710 692
f 711 714 688
f 711 354 710
f 711 714 354
f 711 688 692
f 711 710 692
f 711 714 688
f 711 354 355
f 711 714 715
f 711 355 710
f 711 354 715
f 711 714 354
f 711 716 715
f 711 715 355
f 711 710 370
f 711 715 356
f 711 357 356
f 711 357 710
f 711 710 392
f 711 710 398
f 711 716 392
f 711 716 715
f 711 710 370
f 711 358 710
f 711 357 358
f 711 357 358
f 711 402 401
f 711 401 710
f 711 710 392
f 711 397 398
f 711 399 710
f 711 716 392
f 711 370 371
f 711 716 371
f 711 710 372
f 711 402 403
f 711 399 710
f 711 710 390
f 711 717 397
f 711 716 717
f 711 717 397
f 711 716 390
f 711 716 372
f 711 710 372
f 711 404 403
f 711 710 390
f 711 716 390
f 711 716 372
f 711 668 710
f 711 716 389
f 711 716 379
f 711 379 380
f 711 710 380
f 711 710 656
f 711 668 718
f 711 404 710
f 711 389 388
f 711 710 389
f 711 716 387
f 711 716 379
f 711 710 380
f 711 718 656
f 711 387 388
f 711 716 387
f 711 716 380
f 346 330 343
f 346 347 330
f 346 347 330
f 346 347 328
f 346 324 347
f 346 347 703
f 346 347 703
f 346 347 702
f 346 705 347
f 346 318 347
f 346 347 700
f 346 705 347
f 346 347 706
f 346 438 343
f 346 347 438
f 346 347 438
f 346 347 707
f 346 347 709
f 346 347 28
f 346 347 710
f 346 347 28
f 346 711 347
f 346 347 26
f 346 347 26
f 346 714 347
f 346 347 21
f 346 716 347
f 346 347 14
f 346 716 347
f 346 13 347
f 346 347 718
f 346 13 7
f 346 347 721
f 346 347 5
f 346 347 721
f 346 347 728
f 346 347 722
f 346 347 728
f 346 347 727
f 348 349 330
f 348 347 330
f 348 328 349
f 348 347 328
f 348 349 330
f 348 347 330
f 348 325 328
f 348 349 343
f 348 347 343
f 348 324 325
f 348 324 325
f 348 324 347
f 348 318 317
f 348 318 347
f 348 347 438
f 348 349 700
f 348 347 700
f 348 349 702
f 348 347 702
f 348 349 703
f 348 347 703
f 348 347 26
f 348 349 703
f 348 347 703
f 348 347 26
f 348 705 349
f 348 705 347
f 348 349 21
f 348 347 21
f 348 705 349
f 348 705 347
f 348 349 14
f 348 347 14
f 348 349 706
f 348 347 706
f 348 13 349
f 348 13 347
f 348 349 707
f 348 347 707
f 348 13 7
f 348 13 7
f 348 349 709
f 348 347 709
f 348 349 710
f 348 347 710
f 348 349 5
f 348 347 5
f 348 711 349
f 348 711 347
f 348 728 349
f 348 347 728
f 348 711 714
f 348 711 714
f 348 728 349
f 348 347 728
f 348 714 715
f 348 714 347
f 348 349 727
f 348 347 727
f 348 716 715
f 348 716 347
f 348 349 722
f 348 347 722
f 348 716 349
f 348 716 347
f 348 349 721
f 348 347 721
f 348 349 718
f 348 347 718
f 348 349 721
f 348 347 721
f 352 353 327
f 352 326 353
f 352 436 353
f 352 436 337
f 352 325 326
f 352 436 435
f 352 324 325
f 352 434 435
f 352 434 353
f 352 432 353
f 352 318 317
f 352 431 353
f 352 432 431
f 352 432 431
f 352 353 700
f 352 353 702
f 352 13 7
f 352 703 353
f 352 353 729
f 352 5 729
f 352 705 703
f 352 705 703
f 352 728 353
f 352 705 706
f 352 728 727
f 352 706 353
f 352 722 727
f 352 353 707
f 352 721 722
f 352 353 709
f 352 721 353
f 352 710 353
f 352 711 710
f 352 718 353
f 352 711 714
f 352 716 353
f 352 714 715
f 352 716 715
f 363 416 705
f 363 416 705
f 361 360 706
f 361 705 706
f 361 705 360
f 361 419 705
f 361 419 360
f 361 421 360
f 699 705 700
f 699 705 698
f 699 700 704
f 699 698 704
f 699 416 705
f 699 436 698
f 699 416 698
f 699 705 700
f 699 416 705
f 699 436 435
f 699 348 347
f 699 348 347
f 699 348 349
f 699 348 436
f 699 434 435
f 699 436 435
f 699 419 420
f 699 419 698
f 699 346 347
f 699 346 347
f 699 434 700
f 699 434 698
f 699 434 350
f 699 434 350
f 699 350 349
f 699 350 435
f 699 421 420
f 699 421 698
f 699 700 343
f 699 346 343
f 699 432 700
f 699 432 698
f 699 432 431
f 699 432 698
f 699 700 423
f 699 430 431
f 699 430 698
f 699 425 700
f 699 425 698
f 699 430 700
f 699 430 698
f 699 426 425
f 699 426 425
f 699 428 700
f 699 698 428
f 359 705 703
f 359 703 358
f 359 360 706
f 359 705 706
f 359 705 360
f 359 421 705
f 359 421 705
f 359 421 703
f 359 361 421
f 359 360 317
f 359 361 360
f 359 425 358
f 359 426 425
f 359 426 425
f 359 318 317
f 359 428 358
f 359 363 428
f 359 430 358
f 359 363 430
f 359 430 431
f 359 363 430
f 359 432 358
f 359 432 431
f 359 434 322
f 359 434 358
f 359 325 358
f 359 434 325
f 359 325 358
f 359 434 358
f 359 434 325
f 407 408 370
f 407 408 372
f 407 408 369
f 407 408 369
f 407 372 374
f 407 408 372
f 407 408 706
f 407 408 375
f 407 408 706
f 407 408 375
f 407 408 707
f 407 408 377
f 407 408 709
f 407 408 377
f 407 408 710
f 407 408 383
f 407 408 383
f 407 408 414
f 407 408 292
f 407 408 292
f 407 408 291
f 407 408 289
f 407 408 289
f 407 408 287
f 407 502 408
f 407 408 287
f 407 502 408
f 407 408 285
f 407 408 497
f 407 408 497
f 407 408 493
f 407 408 493
f 407 408 489
f 407 408 489
f 407 408 486
f 410 409 292
f 410 411 292
f 410 409 292
f 410 411 292
f 410 409 382
f 410 414 382
f 410 414 409
f 410 409 375
f 410 414 375
f 410 409 291
f 410 411 291
f 410 409 375
f 410 414 365
f 410 411 414
f 410 409 289
f 410 411 289
f 410 365 375
f 410 411 365
f 410 409 374
f 410 411 374
f 410 409 289
f 410 411 289
f 410 409 370
f 410 411 370
f 410 409 287
f 410 411 287
f 410 369 409
f 410 411 369
f 410 409 287
f 410 411 287
f 410 705 409
f 410 411 705
f 410 411 705
f 410 409 285
f 410 409 706
f 410 705 706
f 410 705 409
f 410 409 651
f 410 411 651
f 410 411 651
f 410 409 486
f 410 411 486
f 410 409 489
f 410 411 489
f 410 409 489
f 410 411 489
f 410 493 409
f 410 411 493
f 410 493 409
f 410 411 493
f 410 502 409
f 410 502 411
f 410 497 409
f 410 411 497
f 410 502 409
f 410 502 411
f 410 497 409
f 410 411 497
f 412 414 289
f 412 411 289
f 412 411 414
f 412 414 289
f 412 411 289
f 412 414 287
f 412 411 287
f 412 467 414
f 412 411 414
f 412 411 369
f 412 705 413
f 412 411 705
f 412 705 656
f 412 411 705
f 412 651 656
f 412 411 651
f 412 651 413
f 412 411 651
f 412 645 413
f 412 411 645
f 412 413 486
f 412 411 486
f 412 645 413
f 412 489 413
f 412 411 489
f 412 489 413
f 412 411 489
f 412 493 413
f 412 411 493
f 412 493 495
f 412 411 493
f 412 497 495
f 412 411 497
f 412 502 505
f 412 502 411
f 412 497 413
f 412 411 497
f 412 502 413
f 412 502 411
f 99 645 78
f 99 98 645
f 99 98 645
f 99 78 120
f 99 78 124
f 99 78 124
f 99 127 130
f 99 131 132
f 99 78 134
f 99 127 130
f 99 131 130
f 99 132 133
f 99 131 133
f 99 132 135
f 99 132 144
f 99 133 134
f 99 78 134
f 99 130 128
f 99 133 135
f 99 137 135
f 99 144 140
f 99 135 134
f 99 78 79
f 99 98 78
f 99 137 138
f 99 137 135
f 99 140 138
f 99 98 140
f 99 143 144
f 99 98 143
f 99 98 143
f 99 98 144
f 99 149 144
f 99 149 98
f 99 149 98
f 99 137 79
f 99 138 79
f 99 98 79
f 99 154 98
f 99 154 155
f 563 564 208
f 563 562 208
f 563 562 564
f 563 564 207
f 563 562 207
f 563 564 207
f 563 562 207
f 563 564 205
f 563 562 205
f 563 204 564
f 563 189 566
f 563 566 186
f 563 186 183
f 563 566 183
f 563 566 178
f 563 566 178
f 563 176 566
f 563 176 566
f 563 566 169
f 563 566 167
f 563 566 167
f 563 566 163
f 563 566 163
f 563 566 159
f 563 566 152
f 563 566 152
f 563 552 624
f 563 615 552
f 563 562 582
f 593 105 592
f 593 592 106
f 593 592 594
f 593 105 594
f 593 105 592
f 593 107 106
f 593 615 610
f 593 563 582
f 593 610 582
f 593 605 610
f 597 105 596
f 597 105 596
f 597 107 610
f 597 102 596
f 597 102 598
f 597 102 598
f 597 593 596
f 597 593 105
f 597 593 105
f 597 593 107
f 597 605 610
f 597 593 605
f 597 615 107
f 597 593 615
f 597 593 615
f 597 605 582
f 597 593 605
f 597 593 563
f 597 563 603
f 636 105 106
f 636 107 106
f 636 102 638
f 636 637 102
f 636 434 638
f 636 432 638
f 636 638 515
f 636 434 435
f 636 432 638
f 636 436 435
f 636 430 638
f 636 430 638
f 636 638 428
f 636 440 638
f 636 638 441
f 636 638 443
f 636 637 638
f 636 637 443
f 636 445 637
f 117 189 191
f 117 164 162
f 589 106 588
f 589 107 106
f 589 107 106
f 589 107 591
f 589 563 582
f 589 563 562
f 589 610 582
f 589 615 610
f 589 615 610
f 567 570 469
f 567 566 469
f 567 566 570
f 567 570 220
f 567 566 220
f 567 215 566
f 567 215 566
f 567 566 212
f 567 566 211
f 567 566 208
f 567 566 207
f 567 566 207
f 567 566 205
f 567 566 204
f 567 566 200
f 567 200 199
f 567 566 200
f 567 566 196
f 567 566 193
f 567 189 566
f 567 566 186
f 567 566 183
f 567 566 178
f 567 566 178
f 567 176 566
f 567 176 566
f 567 566 169
f 567 566 167
f 567 566 167
f 567 566 163
f 567 566 163
f 567 566 159
f 567 152 151
f 567 566 152
f 567 566 152
f 567 563 151
f 567 563 566
f 567 563 146
f 567 563 146
f 567 563 142
f 567 563 142
f 567 563 141
f 567 578 579
f 567 580 579
f 567 580 578
f 567 580 570
f 567 582 570
f 567 566 582
f 565 570 564
f 565 566 570
f 565 583 570
f 565 583 566
f 565 472 566
f 565 583 566
f 565 564 220
f 565 566 220
f 565 563 582
f 565 215 566
f 565 564 217
f 565 215 217
f 565 215 564
f 565 215 212
f 565 215 566
f 565 566 200
f 565 563 200
f 565 212 211
f 565 566 212
f 565 204 564
f 565 566 204
f 565 566 200
f 565 563 200
f 565 211 564
f 565 566 211
f 565 564 205
f 565 566 205
f 565 566 196
f 565 563 196
f 565 564 208
f 565 566 208
f 565 564 207
f 565 566 207
f 565 566 193
f 565 563 193
f 565 563 566
f 565 564 207
f 565 566 207
f 584 583 197
f 584 583 199
f 584 583 200
f 584 583 200
f 584 565 582
f 584 565 583
f 584 565 583
f 584 204 587
f 584 583 204
f 584 583 204
f 577 194 192
f 577 578 194
f 577 191 192
f 577 578 191
f 577 194 576
f 577 578 194
f 577 189 578
f 577 197 576
f 577 578 197
f 577 189 188
f 577 189 578
f 577 199 197
f 577 578 199
f 577 578 199
f 577 187 188
f 577 187 188
f 577 578 188
f 577 186 187
f 577 186 187
f 577 187 123
f 577 187 123
f 577 186 185
f 577 186 185
f 577 123 124
f 577 123 121
f 577 578 121
f 577 127 185
f 577 124 125
f 577 123 124
f 577 127 125
f 577 128 185
f 577 127 128
f 577 127 128
f 577 578 624
f 577 624 120
f 577 578 120
f 577 567 578
f 577 578 582
f 577 615 582
f 577 578 575
f 577 578 575
f 577 615 610
f 577 567 566
f 577 563 610
f 577 610 582
f 577 565 566
f 577 565 563
f 577 578 582
f 577 567 582
f 577 563 605
f 577 605 582
f 577 580 578
f 577 567 580
f 577 567 580
f 577 605 582
f 577 563 605
f 577 597 582
f 577 597 563
f 577 597 563
f 202 580 579
f 202 580 579
f 202 578 579
f 202 578 579
f 202 583 204
f 202 580 583
f 202 580 583
f 202 578 201
f 202 578 204
f 202 575 201
f 202 575 204
f 202 567 566
f 202 565 566
f 202 565 563
f 202 541 543
f 202 524 529
f 202 524 198
f 202 524 198
f 202 515 198
f 202 515 514
f 202 230 231
f 202 230 229
f 202 232 231
f 202 228 204
f 202 228 229
f 202 228 229
f 202 232 233
f 202 236 234
f 202 233 234
f 202 236 198
f 4 337 5
f 4 3 337
f 4 5 338
f 4 338 729
f 4 3 338
f 4 729 340
f 4 5 340
f 4 3 667
f 4 51 8
f 4 3 51
f 4 3 51
f 4 341 729
f 4 341 5
f 4 667 663
f 4 667 5
f 4 668 667
f 4 668 3
f 4 670 669
f 4 670 3
f 4 342 5
f 4 342 341
f 4 342 341
f 4 662 663
f 4 662 5
f 4 668 669
f 4 668 3
f 4 661 5
f 4 662 661
f 4 662 661
f 2 49 1
f 2 3 51
f 2 49 51
f 2 49 51
f 2 52 51
f 2 52 3
f 2 52 53
f 2 52 3
f 2 54 53
f 2 3 54
f 2 56 57
f 2 56 57
f 2 54 1
f 2 56 55
f 2 56 1
f 2 54 55
f 2 3 54
f 6 337 5
f 6 5 338
f 6 7 338
f 6 5 340
f 6 7 340
f 6 341 5
f 6 7 341
f 6 342 341
f 6 7 342
f 6 670 669
f 6 670 7
f 6 342 5
f 6 7 342
f 6 668 669
f 6 668 7
f 6 668 667
f 6 668 7
f 6 346 347
f 6 346 7
f 6 667 5
f 6 7 667
f 6 348 347
f 6 348 7
f 6 662 5
f 6 7 662
f 6 348 349
f 6 348 7
f 6 662 661
f 6 7 662
f 6 350 349
f 6 7 350
f 6 660 661
f 6 7 660
f 6 660 656
f 6 7 660
f 6 352 5
f 6 352 7
f 6 651 656
f 6 7 651
f 9 51 8
f 9 668 10
f 9 7 669
f 9 668 7
f 9 7 10
f 9 668 10
f 9 668 7
f 9 670 669
f 9 670 10
f 719 60 61
f 719 62 61
f 719 336 337
f 719 336 337
f 719 61 720
f 719 62 61
f 719 337 720
f 719 337 718
f 719 718 63
f 719 62 63
f 719 62 718
f 719 720 338
f 719 718 338
f 719 688 687
f 719 720 687
f 719 689 688
f 719 689 718
f 719 689 718
f 719 718 688
f 719 720 340
f 719 718 340
f 719 341 720
f 719 341 718
f 719 342 341
f 719 342 341
f 719 342 720
f 719 342 718
f 719 668 669
f 719 344 720
f 719 718 344
f 719 668 667
f 719 668 718
f 719 661 667
f 719 346 347
f 719 346 347
f 719 661 656
f 719 661 656
f 719 718 656
f 719 348 347
f 719 348 347
f 719 348 349
f 719 348 349
f 719 350 349
f 719 350 349
f 719 352 353
f 719 352 718
f 719 354 353
f 719 354 718
f 719 354 355
f 719 354 355
f 719 355 720
f 719 355 718
f 719 720 371
f 719 718 371
f 719 372 720
f 719 718 372
f 719 718 392
f 719 372 720
f 719 718 372
f 719 718 392
f 719 720 379
f 719 718 379
f 719 390 720
f 719 718 390
f 719 720 379
f 719 718 379
f 719 390 720
f 719 718 390
f 719 720 380
f 719 718 380
f 719 720 389
f 719 718 389
f 719 718 387
f 719 720 387
f 719 718 387
f 719 386 387
f 719 386 720
f 719 386 720
f 503 505 207
f 503 502 207
f 503 502 505
f 503 543 502
f 503 541 505
f 503 541 543
f 503 541 543
f 503 436 435
f 503 436 502
f 503 434 435
f 503 434 502
f 503 434 505
f 503 434 502
f 503 432 505
f 503 502 432
f 503 502 432
f 527 624 529
f 527 624 529
f 527 624 620
f 527 618 620
f 527 618 620
f 527 617 618
f 527 617 618
f 527 616 523
f 527 616 617
f 527 616 617
f 550 488 490
f 550 488 487
f 550 487 485
f 550 485 484
f 550 481 484
f 550 476 596
f 550 598 476
f 550 598 476
f 550 598 548
f 550 597 598
f 550 603 602
f 550 603 604
f 550 605 604
f 492 493 213
f 492 210 493
f 492 210 211
f 492 552 212
f 492 494 210
f 492 212 213
f 492 212 211
f 492 550 490
f 492 212 490
f 492 552 212
f 492 545 542
f 492 494 445
f 492 493 442
f 492 445 442
f 492 445 493
f 492 494 445
f 492 540 542
f 492 540 494
f 492 445 490
f 492 445 490
f 492 494 627
f 492 540 490
f 492 540 494
f 492 536 490
f 492 536 494
f 492 622 624
f 492 622 494
f 492 536 532
f 492 536 494
f 492 622 490
f 492 622 494
f 492 532 490
f 492 494 532
f 492 490 618
f 492 494 618
f 492 490 523
f 492 494 523
f 492 617 490
f 492 494 617
f 492 616 490
f 492 616 617
f 492 616 617
f 492 494 617
f 557 215 484
f 557 200 198
f 557 592 591
f 557 593 592
f 557 563 615
f 501 502 210
f 501 543 210
f 501 543 502
f 501 541 543
f 501 541 543
f 501 540 541
f 501 503 536
f 501 536 498
f 501 500 441
f 501 445 500
f 501 503 441
f 501 536 498
f 501 440 500
f 501 503 440
f 501 503 502
f 501 498 535
f 501 498 532
f 501 498 445
f 501 498 523
f 501 498 496
f 501 622 496
f 501 496 518
f 501 498 496
f 501 622 496
f 501 496 618
f 501 496 518
f 506 436 435
f 506 434 435
f 506 434 505
f 506 432 505
f 506 432 431
f 270 271 78
f 270 78 142
f 270 78 142
f 270 267 143
f 270 273 142
f 270 273 78
f 270 271 273
f 270 273 143
f 270 273 143
f 270 267 146
f 270 143 144
f 270 267 144
f 270 267 143
f 270 273 146
f 270 267 146
f 270 273 146
f 270 273 148
f 270 267 148
f 270 273 148
f 270 267 149
f 270 149 148
f 270 273 152
f 270 267 149
f 270 485 267
f 270 267 152
f 270 485 273
f 270 485 267
f 270 267 152
f 270 485 273
f 270 267 153
f 270 489 273
f 270 488 489
f 270 488 267
f 270 488 267
f 270 267 489
f 270 267 159
f 270 489 273
f 270 267 493
f 270 493 273
f 270 267 493
f 270 493 273
f 270 267 497
f 270 497 273
f 270 267 497
f 270 497 273
f 510 527 529
f 510 527 513
f 510 507 523
f 510 527 523
f 510 507 518
f 510 513 518
f 510 507 518
f 510 513 518
f 510 622 624
f 510 622 513
f 510 513 624
f 510 622 507
f 510 622 513
f 613 461 456
f 613 612 461
f 613 454 456
f 613 454 614
f 613 612 456
f 613 454 456
f 613 614 609
f 613 612 609
f 613 615 614
f 613 612 615
f 613 615 614
f 613 615 532
f 613 615 535
f 613 612 535
f 613 487 614
f 613 487 532
f 613 536 615
f 613 536 612
f 613 481 484
f 613 481 612
f 613 487 484
f 613 487 484
f 613 612 484
f 613 612 615
f 613 536 615
f 613 536 612
f 672 22 16
f 672 666 605
f 672 666 614
f 672 666 614
f 672 666 452
f 672 450 666
f 672 446 445
f 33 17 14
f 33 14 30
f 33 17 14
f 33 78 95
f 33 94 78
f 33 648 95
f 33 94 648
f 33 651 648
f 87 49 88
f 87 49 86
f 87 49 88
f 87 49 86
f 87 52 88
f 87 52 86
f 87 52 53
f 87 52 86
f 87 94 93
f 87 94 86
f 87 54 53
f 87 54 86
f 87 263 94
f 87 54 88
f 87 54 86
f 87 263 88
f 87 263 86
f 87 94 86
f 87 263 86
f 87 263 94
f 87 56 88
f 87 56 86
f 87 261 88
f 87 86 261
f 87 56 57
f 87 56 86
f 87 260 261
f 87 260 86
f 87 58 57
f 87 58 86
f 87 260 258
f 87 260 86
f 87 58 59
f 87 58 86
f 87 86 258
f 87 60 59
f 87 60 86
f 87 62 88
f 87 62 86
f 87 60 61
f 87 60 86
f 87 62 61
f 87 62 86
f 335 49 48
f 335 49 336
f 335 49 50
f 335 49 336
f 335 77 78
f 335 52 50
f 335 338 78
f 335 336 338
f 335 52 53
f 335 52 336
f 335 336 51
f 335 52 51
f 335 52 336
f 335 337 338
f 335 336 337
f 335 54 53
f 335 336 54
f 335 337 331
f 335 336 337
f 335 54 55
f 335 336 54
f 335 56 55
f 335 444 447
f 335 336 444
f 335 443 444
f 335 336 443
f 335 336 443
f 335 56 57
f 335 336 55
f 335 56 55
f 335 58 57
f 335 56 57
f 335 58 59
f 335 58 57
f 335 57 721
f 335 336 721
f 335 696 334
f 335 60 59
f 335 58 59
f 335 336 721
f 335 58 721
f 335 700 334
f 335 336 700
f 335 60 61
f 335 60 59
f 335 700 701
f 335 336 700
f 335 719 60
f 335 719 336
f 335 719 60
f 335 702 701
f 335 336 702
f 335 719 61
f 335 719 336
f 335 703 702
f 335 336 703
f 335 62 61
f 335 62 61
f 335 336 718
f 335 703 704
f 335 336 703
f 335 62 63
f 335 62 718
f 335 718 717
f 335 716 336
f 335 707 704
f 335 336 707
f 335 64 63
f 335 64 717
f 335 716 64
f 335 716 336
f 335 707 708
f 335 336 707
f 335 64 65
f 335 716 64
f 335 714 336
f 335 716 715
f 335 709 708
f 335 336 709
f 335 714 67
f 335 714 715
f 335 66 65
f 335 715 66
f 335 709 712
f 335 336 709
f 335 66 67
f 335 715 66
f 418 645 648
f 418 419 645
f 418 651 648
f 418 419 651
f 418 645 643
f 418 419 645
f 418 651 656
f 418 419 651
f 418 640 643
f 418 419 640
f 418 698 656
f 418 419 638
f 418 699 698
f 418 699 419
f 418 698 656
f 418 419 698
f 418 699 700
f 418 699 419
f 418 656 667
f 418 419 667
f 418 419 656
f 418 419 700
f 418 705 700
f 418 705 700
f 418 419 705
f 418 361 419
f 418 502 505
f 418 419 502
f 418 502 499
f 418 419 502
f 418 497 499
f 418 419 497
f 418 497 495
f 418 419 497
f 418 292 417
f 418 419 292
f 418 493 495
f 418 419 493
f 418 292 291
f 418 419 292
f 418 493 417
f 418 419 493
f 418 462 419
f 418 489 417
f 418 419 489
f 418 291 290
f 418 462 290
f 418 462 291
f 418 489 417
f 418 419 489
f 418 417 486
f 418 419 486
f 642 96 644
f 642 97 96
f 642 97 96
f 642 97 644
f 642 644 641
f 642 97 101
f 642 97 101
f 642 443 641
f 642 644 443
f 642 644 443
f 642 101 640
f 642 101 641
f 642 443 643
f 642 443 641
f 642 641 640
f 642 441 643
f 642 441 640
f 642 440 640
f 642 440 441
f 642 440 441
f 639 97 605
f 639 97 101
f 639 97 101
f 639 605 606
f 639 101 641
f 639 101 605
f 639 101 638
f 639 101 637
f 639 101 606
f 639 101 637
f 639 641 634
f 639 641 640
f 639 445 641
f 639 445 637
f 639 446 445
f 639 446 445
f 639 445 638
f 639 446 641
f 639 446 637
f 639 443 640
f 639 638 443
f 639 638 443
f 245 96 244
f 245 246 96
f 245 92 244
f 245 246 92
f 245 246 92
f 245 96 244
f 245 246 96
f 245 173 244
f 245 246 173
f 245 173 244
f 245 246 173
f 245 244 174
f 245 246 174
f 245 176 244
f 245 176 247
f 245 246 247
f 245 176 244
f 245 176 247
f 245 244 178
f 245 247 178
f 245 247 179
f 245 243 179
f 245 243 244
f 245 180 247
f 245 243 180
f 245 180 247
f 245 243 180
f 245 247 181
f 245 243 181
f 245 247 183
f 245 243 183
f 245 247 186
f 245 186 183
f 245 243 183
f 245 243 186
f 245 243 472
f 245 189 247
f 245 475 476
f 245 243 475
f 245 189 186
f 245 243 186
f 245 243 189
f 245 193 247
f 245 243 193
f 245 247 196
f 245 243 196
f 245 485 247
f 245 239 485
f 245 239 485
f 245 214 247
f 245 239 214
f 245 243 239
f 245 247 207
f 245 243 207
f 245 247 216
f 245 485 216
f 245 485 247
f 245 214 247
f 245 243 214
f 245 210 247
f 245 243 210
f 245 210 247
f 245 243 210
f 268 270 475
f 268 267 142
f 268 270 142
f 268 270 267
f 647 646 443
f 647 649 443
f 647 649 646
f 647 649 443
f 647 443 648
f 647 646 443
f 647 649 92
f 647 649 646
f 647 646 645
f 647 92 648
f 647 646 92
f 647 441 648
f 647 441 645
f 647 441 645
f 647 96 648
f 647 96 645
f 647 646 96
f 647 646 96
f 633 631 440
f 633 636 440
f 633 631 105
f 633 636 105
f 633 631 441
f 633 631 107
f 633 636 107
f 633 631 443
f 633 631 445
f 633 506 631
f 633 445 443
f 633 446 445
f 633 636 436
f 633 446 634
f 633 510 509
f 633 631 515
f 633 636 515
f 633 631 516
f 633 636 516
f 633 636 516
f 633 517 516
f 633 517 631
f 633 517 631
f 633 631 520
f 633 636 520
f 630 628 102
f 630 631 102
f 630 626 628
f 630 626 609
f 630 628 662
f 630 628 664
f 630 450 664
f 630 628 665
f 630 450 665
f 630 450 628
f 630 652 657
f 630 628 662
f 630 657 662
f 630 657 628
f 630 649 652
f 630 646 628
f 630 649 646
f 611 626 610
f 611 612 609
f 611 626 609
f 611 610 609
f 611 612 615
f 611 626 623
f 611 626 623
f 611 612 461
f 611 623 615
f 611 623 615
f 611 481 484
f 611 481 612
f 611 563 615
f 611 557 563
f 611 557 563
f 611 543 610
f 611 612 543
f 611 612 484
f 611 540 610
f 611 536 484
f 611 536 484
f 611 536 612
f 611 612 541
f 611 540 541
f 611 540 612
f 611 540 610
f 611 536 610
f 611 536 612
f 253 164 254
f 253 252 164
f 253 252 164
f 253 97 254
f 253 252 97
f 253 97 254
f 253 252 97
f 253 254 96
f 253 252 96
f 253 254 94
f 253 252 94
f 253 254 94
f 253 252 94
f 253 254 92
f 253 252 92
f 253 254 92
f 253 252 92
f 253 252 90
f 253 255 90
f 253 255 254
f 253 255 89
f 253 89 90
f 253 252 90
f 253 89 88
f 253 255 88
f 253 255 89
f 253 252 76
f 253 279 465
f 256 161 158
f 256 255 161
f 256 255 161
f 256 155 158
f 256 255 155
f 256 97 155
f 256 255 97
f 256 97 96
f 256 255 97
f 256 96 95
f 256 255 96
f 256 94 95
f 256 255 94
f 256 94 93
f 256 255 94
f 256 92 93
f 256 255 92
f 256 92 91
f 256 255 92
f 256 90 91
f 256 255 90
f 256 255 89
f 256 90 258
f 256 89 90
f 256 255 89
f 256 89 258
f 256 87 258
f 256 255 88
f 256 87 88
f 256 87 258
f 256 253 472
f 256 253 255
f 256 292 291
f 256 253 279
f 256 253 289
f 256 253 292
f 256 291 258
f 256 467 279
f 256 261 289
f 256 279 261
f 256 253 289
f 256 253 291
f 256 272 275
f 256 467 272
f 256 467 272
f 256 261 258
f 256 261 289
f 256 279 275
f 256 279 261
f 249 250 171
f 249 248 171
f 249 248 250
f 249 250 168
f 249 248 168
f 249 250 168
f 249 96 168
f 249 248 96
f 249 97 96
f 249 97 250
f 249 250 96
f 249 248 96
f 249 164 250
f 249 97 164
f 249 97 164
f 249 250 94
f 249 94 93
f 249 248 93
f 249 250 94
f 249 250 92
f 249 248 92
f 249 248 92
f 249 92 251
f 249 250 92
f 249 248 90
f 249 251 90
f 249 248 90
f 249 251 90
f 249 252 76
f 249 252 251
f 249 246 76
f 249 248 246
f 249 472 250
f 249 253 252
f 249 246 292
f 249 253 465
f 249 253 292
f 249 246 291
f 249 253 291
f 249 246 289
f 249 246 288
f 249 289 288
f 249 253 289
f 249 253 289
f 249 246 289
f 415 414 365
f 415 705 414
f 415 416 705
f 415 414 292
f 415 416 292
f 415 705 414
f 415 416 705
f 415 414 292
f 415 416 292
f 415 414 291
f 415 416 291
f 415 414 289
f 415 416 289
f 415 414 465
f 478 622 481
f 478 481 462
f 478 407 408
f 478 622 481
f 478 408 475
f 478 481 619
f 478 280 404
f 478 410 475
f 478 481 619
f 478 475 281
f 478 280 281
f 478 410 411
f 478 481 617
f 478 412 411
f 478 481 616
f 478 412 475
f 478 481 616
f 478 481 615
f 478 415 475
f 478 415 416
f 478 416 475
f 478 613 481
f 478 418 475
f 478 613 481
f 478 418 419
f 478 611 481
f 478 268 270
f 478 419 420
f 478 611 481
f 478 421 420
f 478 481 610
f 478 421 475
f 478 425 475
f 478 426 425
f 478 540 605
f 478 540 481
f 478 540 605
f 478 540 481
f 478 540 542
f 478 545 481
f 478 545 481
f 478 550 481
f 478 232 233
f 478 219 220
f 478 226 224
f 547 605 606
f 547 545 605
f 547 545 605
f 547 496 210
f 547 494 496
f 547 492 494
f 547 492 545
f 547 545 490
f 547 492 490
f 547 492 545
f 544 494 496
f 544 545 494
f 544 496 543
f 544 492 494
f 544 492 545
f 544 492 545
f 544 543 610
f 544 498 496
f 544 545 498
f 544 611 543
f 544 498 543
f 544 611 612
f 544 543 500
f 544 612 615
f 544 543 210
f 544 543 210
f 713 714 66
f 713 66 712
f 713 66 65
f 713 714 65
f 713 66 67
f 713 714 66
f 713 696 712
f 713 714 696
f 713 68 67
f 713 714 68
f 713 696 695
f 713 714 696
f 713 68 69
f 713 714 68
f 713 694 695
f 713 714 69
f 713 693 694
f 713 691 694
f 713 714 691
f 713 70 712
f 713 70 69
f 713 70 69
f 713 335 712
f 713 335 714
f 713 693 692
f 713 693 691
f 713 335 336
f 713 335 714
f 713 711 692
f 713 711 714
f 713 693 691
f 713 714 691
f 713 336 337
f 713 714 336
f 713 337 339
f 713 714 337
f 713 714 344
f 713 711 343
f 713 711 344
f 713 340 339
f 713 714 340
f 713 342 343
f 713 714 342
f 713 711 714
f 713 346 714
f 713 346 711
f 713 341 340
f 713 714 341
f 713 342 341
f 713 714 342
f 323 68 69
f 323 324 69
f 323 324 68
f 323 68 67
f 323 324 68
f 323 77 67
f 323 324 77
f 323 66 77
f 323 324 66
f 323 324 66
f 323 318 317
f 323 352 324
f 323 324 328
f 323 324 354
f 323 324 350
f 323 317 328
f 323 317 332
f 323 324 355
f 323 324 354
f 323 348 324
f 323 328 332
f 323 317 344
f 323 318 317
f 323 332 344
f 323 348 324
f 323 348 318
f 323 346 324
f 323 346 318
f 422 698 692
f 422 421 698
f 422 692 687
f 422 421 692
f 422 667 687
f 422 421 667
f 422 699 423
f 422 699 698
f 422 699 421
f 422 656 667
f 422 421 656
f 422 421 656
f 422 699 700
f 422 699 421
f 422 462 423
f 422 421 462
f 422 700 423
f 422 421 700
f 422 292 423
f 422 421 292
f 422 702 423
f 422 421 702
f 422 292 423
f 422 421 292
f 422 359 421
f 422 358 702
f 422 359 358
f 422 359 358
f 422 359 361
f 422 359 361
f 437 696 438
f 437 436 696
f 437 438 694
f 437 436 694
f 437 696 438
f 437 436 696
f 437 693 438
f 437 436 693
f 437 699 436
f 437 693 438
f 437 436 693
f 437 348 438
f 437 699 348
f 437 699 348
f 437 690 438
f 437 689 690
f 437 689 436
f 437 689 690
f 437 337 438
f 437 436 337
f 437 347 438
f 437 348 347
f 437 348 347
f 437 436 349
f 437 348 349
f 437 348 436
f 437 689 438
f 437 689 436
f 437 337 438
f 437 436 337
f 437 438 688
f 437 436 688
f 437 438 327
f 437 436 327
f 437 326 438
f 437 436 326
f 437 325 326
f 437 436 325
f 437 325 438
f 437 436 325
f 437 668 667
f 437 436 656
f 437 661 667
f 437 661 656
f 437 661 656
f 437 655 656
f 437 436 655
f 437 436 458
f 437 655 651
f 437 436 655
f 437 651 438
f 437 436 651
f 437 645 438
f 437 436 645
f 437 645 438
f 437 436 645
f 437 436 640
f 437 436 638
f 437 636 436
f 437 633 636
f 437 633 506
f 437 506 436
f 427 428 640
f 427 426 640
f 427 428 645
f 427 426 645
f 427 638 428
f 427 426 638
f 427 428 645
f 427 426 645
f 427 636 638
f 427 636 426
f 427 428 651
f 427 426 651
f 427 428 651
f 427 426 651
f 427 428 656
f 427 426 656
f 427 502 428
f 427 426 502
f 427 428 692
f 427 426 692
f 427 502 428
f 427 426 502
f 427 693 428
f 427 426 693
f 427 497 428
f 427 426 497
f 427 693 428
f 427 497 428
f 427 426 497
f 427 698 428
f 427 698 693
f 427 426 698
f 427 493 428
f 427 426 493
f 427 699 698
f 427 699 426
f 427 493 428
f 427 426 493
f 427 699 428
f 427 699 426
f 427 428 489
f 427 426 489
f 427 428 700
f 427 426 700
f 427 428 489
f 427 426 489
f 427 355 428
f 427 428 486
f 427 426 486
f 427 355 356
f 427 426 356
f 427 355 428
f 427 357 428
f 427 426 357
f 427 357 428
f 427 426 357
f 427 359 428
f 427 359 426
f 427 359 363
f 427 426 365
f 427 462 428
f 427 426 462
f 427 428 459
f 427 426 459
f 439 689 438
f 439 689 440
f 439 689 440
f 439 438 688
f 439 440 688
f 439 668 440
f 439 668 667
f 439 668 440
f 439 661 667
f 439 440 660
f 439 662 661
f 439 440 662
f 439 440 662
f 439 661 656
f 439 660 661
f 439 440 660
f 439 655 656
f 439 440 655
f 439 655 651
f 439 440 655
f 439 651 438
f 439 440 651
f 439 645 438
f 439 440 645
f 439 645 438
f 439 440 645
f 439 440 640
f 439 437 438
f 439 437 640
f 439 440 638
f 439 437 638
f 439 636 440
f 439 437 636
f 439 633 636
f 439 437 633
f 439 437 633
f 439 437 506
f 439 633 631
f 439 506 631
f 439 633 506
f 439 437 438
f 439 440 458
f 439 437 458
f 439 503 436
f 439 437 436
f 439 503 502
f 439 440 458
f 439 503 436
f 439 436 458
f 439 437 436
f 439 440 459
f 439 436 502
f 439 501 440
f 439 501 502
f 439 501 502
f 439 440 500
f 439 436 459
f 439 436 500
f 439 436 462
f 439 440 475
f 439 436 497
f 439 498 497
f 439 498 440
f 439 498 440
f 439 436 497
f 439 496 497
f 439 496 440
f 439 496 440
f 439 440 493
f 439 436 493
f 439 440 493
f 439 436 493
f 439 440 489
f 439 436 489
f 439 440 489
f 439 440 486
f 439 436 489
f 439 436 486
f 449 689 690
f 449 690 691
f 449 689 447
f 449 689 690
f 449 691 694
f 449 690 691
f 449 447 685
f 449 690 452
f 449 450 452
f 449 694 695
f 449 691 694
f 449 691 452
f 449 696 695
f 449 696 452
f 449 696 447
f 449 696 452
f 449 670 666
f 449 335 696
f 449 452 327
f 449 696 331
f 449 666 665
f 449 450 666
f 449 337 447
f 449 336 337
f 449 336 337
f 449 335 336
f 449 335 336
f 449 335 696
f 449 447 327
f 449 326 452
f 449 665 664
f 449 450 665
f 449 326 447
f 449 326 452
f 449 335 331
f 449 335 447
f 449 664 663
f 449 450 664
f 449 326 322
f 449 662 663
f 449 450 662
f 449 662 661
f 449 660 661
f 449 657 662
f 449 450 657
f 449 657 660
f 449 660 659
f 449 657 659
f 449 657 660
f 449 652 657
f 449 646 652
f 449 652 657
f 449 646 641
f 449 646 652
f 449 652 641
f 449 639 641
f 449 639 641
f 449 637 634
f 449 639 637
f 449 639 637
f 449 630 450
f 451 626 628
f 451 450 628
f 451 626 628
f 451 450 628
f 451 458 627
f 451 458 627
f 451 445 441
f 453 690 691
f 453 454 690
f 453 691 452
f 453 454 691
f 453 690 452
f 453 454 690
f 453 223 452
f 453 454 223
f 453 225 223
f 453 454 225
f 453 225 226
f 453 454 225
f 453 226 452
f 453 454 226
f 453 454 614
f 453 454 619
f 453 228 452
f 453 454 228
f 453 619 614
f 453 454 619
f 453 228 229
f 453 454 228
f 453 623 452
f 453 454 623
f 453 230 229
f 453 454 230
f 453 626 623
f 453 230 452
f 453 454 230
f 453 451 626
f 453 232 452
f 453 454 232
f 453 232 233
f 453 454 232
f 453 454 233
f 453 454 235
f 455 623 456
f 455 454 456
f 455 454 623
f 455 454 623
f 455 623 456
f 455 623 624
f 455 437 438
f 455 439 438
f 455 451 627
f 455 439 440
f 455 439 440
f 455 451 440
f 455 440 441
f 455 451 441
f 455 451 440
f 466 605 606
f 466 467 605
f 466 605 465
f 466 467 605
f 466 611 465
f 466 611 467
f 466 603 465
f 466 467 603
f 466 611 612
f 466 611 467
f 466 603 602
f 466 467 603
f 466 613 612
f 466 613 467
f 466 613 465
f 466 613 467
f 466 598 465
f 466 467 598
f 466 615 465
f 466 467 615
f 466 598 465
f 466 467 598
f 466 616 615
f 466 467 616
f 466 592 465
f 466 467 592
f 466 616 617
f 466 467 616
f 466 592 465
f 466 467 592
f 466 617 465
f 466 467 617
f 466 465 587
f 466 467 587
f 466 619 465
f 466 467 619
f 466 583 465
f 466 467 583
f 466 619 465
f 466 467 619
f 466 583 575
f 466 467 583
f 466 622 465
f 466 622 467
f 466 467 570
f 466 222 465
f 466 467 222
f 466 223 222
f 466 467 223
f 466 225 223
f 466 467 225
f 466 225 226
f 466 467 225
f 466 226 465
f 466 467 226
f 466 430 465
f 466 228 465
f 466 467 228
f 466 428 465
f 466 228 229
f 466 467 228
f 466 427 428
f 466 230 229
f 466 467 230
f 466 427 426
f 466 427 467
f 466 230 465
f 466 467 230
f 466 426 425
f 466 467 426
f 466 232 465
f 466 467 232
f 466 425 465
f 466 467 425
f 466 232 465
f 466 467 232
f 466 422 465
f 466 422 467
f 466 465 233
f 466 467 233
f 466 422 421
f 466 422 467
f 466 465 235
f 466 467 235
f 466 421 420
f 466 467 421
f 466 467 235
f 466 419 420
f 466 467 419
f 466 238 235
f 466 238 465
f 466 467 238
f 466 418 419
f 466 418 467
f 466 241 238
f 466 241 467
f 466 418 465
f 466 418 467
f 466 241 242
f 466 241 467
f 466 416 465
f 466 467 416
f 466 242 244
f 466 467 242
f 466 415 416
f 466 415 467
f 466 246 244
f 466 467 246
f 466 415 414
f 466 415 467
f 466 249 246
f 466 249 467
f 466 414 465
f 466 467 414
f 466 249 253
f 466 249 253
f 466 465 287
f 466 467 287
f 466 253 279
f 466 465 287
f 466 467 287
f 466 279 283
f 466 467 279
f 466 256 467
f 466 256 253
f 466 256 253
f 466 465 286
f 466 467 286
f 466 283 465
f 466 467 283
f 473 605 606
f 473 472 605
f 473 605 476
f 473 472 605
f 473 610 476
f 473 472 610
f 473 603 476
f 473 472 603
f 473 611 610
f 473 611 472
f 473 603 602
f 473 472 603
f 473 611 612
f 473 611 472
f 473 613 612
f 473 613 472
f 473 598 476
f 473 472 598
f 473 613 476
f 473 613 472
f 473 598 476
f 473 472 598
f 473 615 476
f 473 472 615
f 473 476 596
f 473 472 596
f 473 616 615
f 473 472 616
f 473 472 592
f 473 616 617
f 473 472 616
f 473 617 476
f 473 472 617
f 473 619 476
f 473 472 619
f 473 472 592
f 473 619 476
f 473 472 619
f 473 472 562
f 473 622 472
f 473 565 472
f 473 565 472
f 473 622 472
f 473 472 220
f 473 472 222
f 473 439 472
f 473 472 223
f 473 439 472
f 473 472 223
f 473 472 436
f 473 472 225
f 473 472 434
f 473 472 225
f 473 472 434
f 473 472 226
f 473 472 432
f 473 472 228
f 473 472 432
f 473 472 228
f 473 472 430
f 473 472 230
f 473 472 430
f 473 472 230
f 473 472 428
f 473 472 232
f 473 427 472
f 473 472 232
f 473 427 472
f 473 472 233
f 473 472 426
f 473 472 236
f 473 472 425
f 473 472 236
f 473 472 421
f 473 472 239
f 473 472 421
f 473 472 239
f 473 472 419
f 473 241 472
f 473 418 472
f 473 241 243
f 473 418 472
f 473 245 243
f 473 472 416
f 473 415 472
f 473 472 248
f 473 472 246
f 473 245 246
f 473 245 472
f 473 415 472
f 473 412 472
f 473 472 250
f 473 249 248
f 473 249 472
f 473 249 472
f 473 412 472
f 473 472 252
f 473 410 472
f 473 253 472
f 473 410 472
f 473 472 408
f 473 253 255
f 473 253 472
f 473 256 472
f 473 472 408
f 473 407 408
f 473 472 282
f 473 472 283
f 473 256 258
f 473 256 472
f 473 472 281
f 473 472 280
f 473 260 261
f 473 472 261
f 473 472 280
f 473 472 278
f 473 263 261
f 473 472 261
f 473 472 278
f 473 472 266
f 473 472 276
f 473 472 276
f 473 472 266
f 473 268 266
f 473 472 274
f 473 472 271
f 473 472 271
f 473 274 272
f 473 472 274
f 471 610 609
f 471 472 610
f 471 611 610
f 471 611 472
f 471 605 606
f 471 472 605
f 471 611 612
f 471 611 472
f 471 605 604
f 471 472 605
f 471 613 612
f 471 613 472
f 471 603 604
f 471 472 603
f 471 613 614
f 471 613 472
f 471 603 602
f 471 472 603
f 471 615 614
f 471 472 615
f 471 616 615
f 471 472 616
f 471 598 469
f 471 472 598
f 471 616 617
f 471 472 616
f 471 598 595
f 471 472 598
f 471 617 618
f 471 472 617
f 471 592 595
f 471 472 592
f 471 472 619
f 471 592 469
f 471 472 592
f 471 472 619
f 471 587 469
f 471 472 587
f 471 622 472
f 471 562 587
f 471 472 562
f 471 562 564
f 471 472 562
f 471 565 564
f 471 565 472
f 471 472 430
f 471 472 430
f 471 565 566
f 471 565 472
f 471 472 428
f 471 472 432
f 471 566 469
f 471 472 566
f 471 427 472
f 471 472 432
f 471 472 434
f 471 469 220
f 471 472 220
f 471 427 472
f 471 472 434
f 471 222 469
f 471 472 222
f 471 472 426
f 471 472 436
f 471 223 222
f 471 472 223
f 471 472 425
f 471 439 472
f 471 439 472
f 471 225 223
f 471 472 225
f 471 225 226
f 471 472 225
f 471 472 421
f 471 472 226
f 471 472 421
f 471 472 228
f 471 472 419
f 471 472 228
f 471 418 472
f 471 472 230
f 471 418 472
f 471 472 230
f 471 472 416
f 471 472 232
f 471 415 472
f 471 472 232
f 471 472 233
f 471 415 414
f 471 415 472
f 471 472 235
f 471 412 472
f 471 472 235
f 471 412 472
f 471 472 236
f 471 410 472
f 471 472 238
f 471 472 239
f 471 472 239
f 471 410 472
f 471 241 472
f 471 283 285
f 471 472 283
f 471 408 409
f 471 472 408
f 471 472 408
f 471 241 472
f 471 472 282
f 471 243 472
f 471 472 281
f 471 243 472
f 471 245 472
f 471 472 278
f 471 280 279
f 471 472 280
f 471 472 280
f 471 245 472
f 471 472 272
f 471 278 277
f 471 472 277
f 471 472 278
f 471 249 472
f 471 248 246
f 471 472 246
f 471 472 248
f 471 472 272
f 471 472 266
f 471 253 472
f 471 472 252
f 471 249 252
f 471 249 472
f 471 472 266
f 471 256 253
f 471 472 261
f 471 256 472
f 471 472 261
f 508 506 535
f 508 636 430
f 508 506 432
f 508 430 431
f 508 506 431
f 508 636 430
f 508 430 505
f 508 636 432
f 508 506 432
f 508 428 505
f 508 505 207
f 508 506 505
f 508 636 432
f 508 506 434
f 508 427 428
f 508 636 434
f 508 506 434
f 508 427 426
f 508 636 434
f 508 633 636
f 508 506 436
f 508 426 425
f 508 408 409
f 508 633 636
f 508 509 631
f 508 633 631
f 508 633 509
f 508 633 436
f 508 633 506
f 508 633 506
f 508 425 505
f 508 410 409
f 508 421 505
f 508 410 411
f 508 421 420
f 508 412 411
f 508 419 420
f 508 412 505
f 508 418 419
f 508 416 505
f 508 418 505
f 508 416 505
f 320 242 238
f 320 323 77
f 320 323 354
f 320 323 352
f 345 332 343
f 345 346 343
f 345 332 344
f 345 328 332
f 345 328 332
f 345 346 328
f 345 346 324
f 345 706 707
f 345 705 706
f 345 346 705
f 345 346 706
f 345 323 328
f 345 323 324
f 345 323 346
f 345 707 343
f 345 344 343
f 345 705 343
f 345 346 705
f 345 346 707
f 345 323 318
f 345 323 346
f 345 703 343
f 345 346 703
f 345 344 709
f 345 346 709
f 345 318 317
f 345 346 318
f 345 703 702
f 345 346 703
f 345 710 344
f 345 346 710
f 345 702 343
f 345 346 702
f 345 711 710
f 345 346 711
f 345 700 343
f 345 346 700
f 345 713 711
f 345 713 346
f 345 699 700
f 345 699 346
f 345 699 346
f 345 713 714
f 345 713 346
f 345 344 29
f 345 714 715
f 345 346 714
f 345 28 29
f 345 346 28
f 345 28 344
f 345 716 715
f 345 346 716
f 345 28 344
f 345 346 28
f 345 716 344
f 345 346 716
f 345 344 26
f 345 346 26
f 345 718 344
f 345 346 718
f 345 344 26
f 345 346 26
f 345 719 718
f 345 719 346
f 345 344 21
f 345 346 21
f 345 719 344
f 345 719 346
f 345 344 14
f 345 346 14
f 345 721 344
f 345 346 721
f 345 13 344
f 345 346 13
f 345 721 722
f 345 346 721
f 345 13 7
f 345 346 13
f 345 722 344
f 345 346 722
f 345 6 7
f 345 6 346
f 345 727 344
f 345 346 727
f 345 6 5
f 345 6 346
f 345 728 727
f 345 346 728
f 345 5 344
f 345 346 5
f 345 728 344
f 345 346 728
f 351 350 327
f 351 352 327
f 351 352 337
f 351 350 326
f 351 352 326
f 351 337 343
f 351 350 343
f 351 350 325
f 351 352 325
f 351 436 337
f 351 352 436
f 351 436 350
f 351 324 350
f 351 352 324
f 351 436 350
f 351 352 436
f 351 323 324
f 351 323 352
f 351 434 350
f 351 352 434
f 351 320 323
f 351 352 434
f 351 434 700
f 351 434 350
f 351 318 350
f 351 352 318
f 351 432 700
f 351 352 432
f 351 352 432
f 351 350 700
f 351 352 700
f 351 350 702
f 351 352 702
f 351 350 703
f 351 352 703
f 351 14 366
f 351 350 366
f 351 350 14
f 351 13 14
f 351 352 13
f 351 13 350
f 351 350 703
f 351 352 703
f 351 13 7
f 351 352 13
f 351 705 350
f 351 352 705
f 351 6 7
f 351 6 352
f 351 705 350
f 351 352 705
f 351 6 350
f 351 6 352
f 351 350 706
f 351 352 706
f 351 350 5
f 351 352 5
f 351 350 707
f 351 352 707
f 351 350 728
f 351 352 728
f 351 350 709
f 351 352 709
f 351 350 728
f 351 352 728
f 351 350 710
f 351 352 710
f 351 352 722
f 351 711 350
f 351 352 711
f 351 722 727
f 351 350 727
f 351 350 722
f 351 350 721
f 351 352 721
f 351 711 714
f 351 352 711
f 351 350 721
f 351 352 721
f 351 714 350
f 351 352 714
f 351 719 350
f 351 719 352
f 351 716 350
f 351 352 716
f 351 719 350
f 351 719 352
f 351 716 350
f 351 352 716
f 351 350 718
f 351 352 718
f 364 416 365
f 364 363 416
f 364 418 365
f 364 418 363
f 364 363 416
f 364 418 419
f 364 418 363
f 364 415 365
f 364 415 416
f 364 415 416
f 364 419 420
f 364 363 419
f 364 421 420
f 364 363 421
f 364 422 421
f 364 422 363
f 364 320 432
f 364 422 365
f 364 422 363
f 364 432 431
f 364 320 359
f 364 426 365
f 364 363 426
f 364 430 431
f 364 363 430
f 364 359 432
f 364 359 363
f 364 427 426
f 364 427 363
f 364 430 365
f 364 363 430
f 364 427 428
f 364 427 363
f 364 428 365
f 364 363 428
f 362 363 705
f 362 361 705
f 362 363 705
f 362 359 361
f 362 418 705
f 362 418 361
f 362 418 363
f 362 363 318
f 362 359 318
f 362 359 363
f 362 359 361
f 362 418 363
f 362 418 361
f 362 422 363
f 362 422 361
f 362 363 426
f 362 359 426
f 362 363 419
f 362 361 419
f 362 422 363
f 362 422 361
f 362 427 363
f 362 427 359
f 362 427 359
f 362 363 421
f 362 361 421
f 406 370 371
f 406 407 370
f 406 372 371
f 406 407 372
f 406 706 370
f 406 372 373
f 406 407 372
f 406 706 707
f 406 407 706
f 406 369 706
f 406 407 369
f 406 374 373
f 406 407 374
f 406 707 708
f 406 407 707
f 406 369 706
f 406 407 706
f 406 407 369
f 406 375 374
f 406 407 375
f 406 709 708
f 406 407 709
f 406 375 376
f 406 407 375
f 406 710 709
f 406 407 710
f 406 377 376
f 406 407 377
f 406 711 710
f 406 407 711
f 406 377 382
f 406 407 377
f 406 383 382
f 406 407 383
f 406 383 394
f 406 407 383
f 406 407 414
f 406 292 405
f 406 407 292
f 406 292 291
f 406 407 292
f 406 291 290
f 406 407 291
f 406 289 290
f 406 407 289
f 406 289 288
f 406 407 289
f 406 502 505
f 406 407 502
f 406 287 288
f 406 407 287
f 406 502 499
f 406 407 502
f 406 287 286
f 406 407 287
f 406 497 499
f 406 407 497
f 406 285 286
f 406 407 285
f 406 497 495
f 406 407 497
f 406 283 285
f 406 407 283
f 406 493 495
f 406 407 493
f 406 282 283
f 406 493 405
f 406 407 493
f 406 475 282
f 406 489 405
f 406 407 489
f 406 478 475
f 406 478 407
f 406 489 486
f 406 407 489
f 406 486 405
f 406 407 486
f 368 410 411
f 368 410 411
f 368 412 411
f 368 410 409
f 368 410 369
f 368 408 409
f 368 408 369
f 368 408 369
f 368 412 414
f 368 412 369
f 100 101 640
f 100 101 102
f 100 99 98
f 100 101 102
f 100 103 640
f 100 102 103
f 100 99 78
f 100 102 103
f 100 97 98
f 100 97 101
f 100 97 101
f 100 101 155
f 100 99 155
f 100 99 132
f 100 99 131
f 100 101 155
f 100 149 132
f 100 99 149
f 100 99 131
f 100 154 155
f 100 99 154
f 100 99 154
f 100 99 149
f 100 149 150
f 100 101 150
f 100 99 130
f 100 99 128
f 100 99 127
f 100 99 127
f 104 597 105
f 104 603 602
f 104 603 103
f 104 105 603
f 104 605 103
f 104 105 605
f 104 605 610
f 104 105 605
f 104 615 610
f 104 615 105
f 104 615 103
f 104 615 105
f 104 624 103
f 104 105 624
f 104 624 627
f 104 105 624
f 104 633 631
f 104 633 631
f 104 633 636
f 104 633 636
f 104 636 638
f 104 636 105
f 104 638 103
f 104 105 638
f 104 103 640
f 104 640 78
f 104 100 78
f 104 100 103
f 104 105 106
f 104 107 106
f 104 100 99
f 104 105 106
f 104 107 106
f 104 105 130
f 104 100 130
f 104 100 128
f 104 99 120
f 104 99 124
f 104 105 131
f 104 100 131
f 104 128 129
f 104 100 127
f 104 99 124
f 104 100 99
f 104 105 103
f 104 105 131
f 104 100 103
f 104 100 131
f 104 127 128
f 104 100 127
f 104 124 125
f 104 127 125
f 599 597 598
f 599 102 598
f 599 102 598
f 599 550 598
f 599 104 602
f 599 104 597
f 599 104 597
f 599 104 603
f 599 104 105
f 599 597 563
f 599 105 603
f 599 597 603
f 599 597 105
f 599 105 610
f 599 105 610
f 599 597 610
f 599 597 610
f 118 582 581
f 118 117 582
f 118 117 582
f 118 580 581
f 118 117 580
f 118 580 624
f 118 117 624
f 118 117 624
f 118 580 579
f 118 117 580
f 118 633 117
f 118 117 189
f 118 633 117
f 118 117 189
f 118 117 187
f 118 117 184
f 118 117 184
f 118 117 180
f 118 117 180
f 118 117 179
f 118 117 178
f 118 166 129
f 118 117 176
f 118 117 173
f 118 117 173
f 118 168 166
f 118 117 168
f 118 164 166
f 118 117 164
f 118 117 164
f 118 117 176
f 118 168 170
f 118 117 168
f 118 117 174
f 568 215 570
f 568 567 570
f 568 567 215
f 568 215 212
f 568 567 215
f 568 212 570
f 568 567 212
f 568 570 211
f 568 567 211
f 568 570 208
f 568 567 208
f 568 567 207
f 568 567 207
f 568 567 205
f 568 567 204
f 568 202 567
f 568 567 200
f 568 567 200
f 568 567 199
f 568 567 196
f 568 567 193
f 568 567 189
f 568 567 186
f 568 567 183
f 568 179 178
f 568 567 178
f 568 567 178
f 568 567 176
f 568 567 176
f 568 567 169
f 568 567 167
f 568 567 167
f 568 163 159
f 568 567 163
f 568 567 163
f 568 567 159
f 568 567 151
f 568 567 151
f 568 567 146
f 568 567 146
f 568 567 142
f 568 567 142
f 568 567 141
f 568 563 136
f 568 567 563
f 568 577 567
f 190 567 566
f 190 567 189
f 190 563 566
f 190 563 189
f 190 568 567
f 190 568 567
f 190 563 189
f 190 239 193
f 190 239 191
f 190 239 189
f 190 239 240
f 190 239 189
f 190 575 191
f 190 541 543
f 190 236 191
f 190 189 236
f 190 189 236
f 190 243 240
f 190 243 189
f 190 577 191
f 190 577 189
f 190 577 189
f 190 245 243
f 190 245 243
f 190 543 186
f 190 541 543
f 190 245 193
f 190 245 189
f 190 250 193
f 190 189 250
f 190 524 529
f 190 250 254
f 190 259 193
f 190 254 193
f 190 250 254
f 190 189 250
f 190 186 257
f 190 259 257
f 190 259 193
f 190 254 186
f 112 583 194
f 112 584 583
f 112 191 187
f 112 113 624
f 112 162 129
f 112 107 155
f 112 155 129
f 112 155 132
f 112 107 132
f 112 107 155
f 110 589 615
f 110 633 113
f 115 113 582
f 115 113 624
f 115 113 624
f 115 633 113
f 115 633 113
f 115 113 636
f 115 118 117
f 115 118 117
f 115 104 99
f 574 577 127
f 574 127 128
f 574 577 575
f 574 128 129
f 574 130 129
f 574 183 129
f 574 183 129
f 574 183 185
f 574 186 185
f 574 186 187
f 574 187 188
f 574 189 188
f 574 190 575
f 574 190 189
f 574 575 193
f 574 190 575
f 574 575 194
f 574 575 191
f 574 575 193
f 574 196 197
f 574 575 197
f 574 575 199
f 574 575 200
f 574 575 200
f 574 202 575
f 574 202 575
f 574 575 204
f 574 575 208
f 574 575 208
f 203 567 566
f 203 202 567
f 203 565 566
f 203 202 565
f 203 568 567
f 203 568 202
f 203 565 204
f 203 563 204
f 203 565 563
f 203 202 565
f 203 563 204
f 203 229 204
f 203 230 229
f 203 230 205
f 203 202 230
f 203 202 229
f 203 202 230
f 203 232 205
f 203 202 232
f 203 541 543
f 203 202 541
f 203 232 233
f 203 202 232
f 203 233 236
f 203 239 236
f 203 233 236
f 203 202 236
f 203 202 233
f 203 524 529
f 203 202 524
f 203 239 240
f 203 239 236
f 203 202 236
f 203 524 205
f 203 202 524
f 203 243 240
f 203 239 240
f 203 514 205
f 203 245 243
f 203 243 240
f 203 515 514
f 203 202 515
f 203 202 515
f 203 245 247
f 203 245 243
f 203 250 247
f 203 245 247
f 203 508 505
f 203 250 254
f 203 250 247
f 203 502 505
f 203 254 205
f 203 250 254
f 203 502 262
f 203 259 205
f 203 254 257
f 203 259 262
f 203 259 262
f 203 259 257
f 504 503 536
f 504 503 541
f 504 536 535
f 504 506 535
f 504 501 536
f 504 501 503
f 504 506 631
f 504 501 535
f 504 501 532
f 504 439 631
f 504 439 631
f 504 439 503
f 504 439 503
f 504 631 440
f 504 503 440
f 504 631 441
f 504 503 441
f 504 501 503
f 504 531 507
f 504 531 532
f 504 531 532
f 504 507 523
f 504 501 523
f 504 507 518
f 504 501 518
f 504 622 624
f 504 501 622
f 504 507 518
f 504 622 507
f 504 501 622
f 504 518 618
f 504 501 618
f 504 501 518
f 525 513 529
f 525 524 529
f 525 524 513
f 525 524 513
f 525 524 624
f 525 622 620
f 525 524 624
f 525 622 624
f 551 492 552
f 551 492 550
f 551 550 488
f 551 550 488
f 551 552 210
f 551 552 210
f 551 492 210
f 551 492 552
f 551 550 494
f 551 492 494
f 551 492 550
f 551 552 207
f 551 552 605
f 551 550 605
f 551 552 605
f 551 550 605
f 551 552 603
f 551 550 603
f 551 552 603
f 551 550 603
f 551 599 550
f 549 492 494
f 549 492 550
f 549 492 550
f 549 550 494
f 549 494 495
f 549 494 210
f 549 496 495
f 549 496 210
f 549 547 210
f 549 551 210
f 549 551 550
f 549 547 496
f 549 547 496
f 549 547 207
f 549 551 207
f 549 547 610
f 549 551 550
f 549 547 611
f 549 552 207
f 549 551 552
f 549 605 606
f 549 550 605
f 549 550 605
f 549 611 552
f 549 551 552
f 549 203 552
f 549 611 615
f 549 203 202
f 549 615 552
f 549 202 552
f 549 552 198
f 549 552 196
f 549 552 193
f 549 190 552
f 549 190 552
f 549 552 186
f 549 552 178
f 549 552 178
f 549 176 552
f 549 176 552
f 549 552 169
f 549 552 167
f 560 481 217
f 560 563 200
f 560 593 563
f 560 563 196
f 560 563 193
f 560 190 563
f 560 190 563
f 556 557 208
f 556 557 210
f 556 557 207
f 556 557 210
f 556 557 207
f 556 557 212
f 556 203 557
f 556 557 212
f 556 203 557
f 556 557 202
f 556 487 214
f 556 557 214
f 556 557 198
f 556 487 485
f 556 557 196
f 556 485 484
f 556 557 484
f 556 552 193
f 556 557 193
f 556 190 552
f 556 190 557
f 556 190 552
f 556 190 557
f 556 473 557
f 556 552 186
f 556 557 186
f 556 552 178
f 556 557 178
f 556 557 592
f 556 552 178
f 556 557 178
f 556 557 593
f 556 473 557
f 556 176 552
f 556 557 176
f 556 472 587
f 556 557 587
f 556 557 472
f 556 176 552
f 556 557 176
f 556 557 597
f 556 599 557
f 556 552 169
f 556 557 169
f 556 599 557
f 556 552 167
f 556 557 167
f 556 557 603
f 556 552 167
f 556 557 167
f 556 557 605
f 556 552 163
f 556 557 163
f 556 557 605
f 556 552 163
f 556 557 163
f 556 557 610
f 556 552 159
f 556 557 159
f 556 611 552
f 556 611 557
f 556 552 152
f 556 557 152
f 556 557 615
f 556 611 615
f 556 611 557
f 556 552 152
f 556 557 152
f 556 557 552
f 539 540 498
f 539 501 498
f 539 501 540
f 539 540 498
f 539 501 498
f 539 501 540
f 539 503 541
f 539 501 541
f 539 501 503
f 539 616 541
f 539 616 615
f 539 540 615
f 539 612 615
f 539 540 612
f 539 611 612
f 539 611 540
f 539 611 540
f 533 504 532
f 533 531 532
f 533 509 531
f 533 508 509
f 533 531 532
f 533 531 624
f 533 617 532
f 533 202 529
f 533 529 198
f 533 529 207
f 533 203 202
f 533 529 196
f 533 529 207
f 533 203 529
f 533 529 193
f 533 190 529
f 533 190 529
f 530 510 529
f 530 529 620
f 530 531 507
f 530 510 507
f 530 533 510
f 530 617 620
f 530 531 617
f 530 531 617
f 530 624 529
f 530 531 624
f 530 509 531
f 530 510 509
f 530 533 531
f 530 533 509
f 530 533 510
f 530 624 529
f 530 533 624
f 512 513 529
f 512 510 513
f 512 633 636
f 512 631 513
f 512 633 631
f 512 510 513
f 671 672 22
f 671 17 22
f 671 17 670
f 671 17 670
f 671 670 16
f 671 672 16
f 671 672 11
f 671 12 11
f 671 670 12
f 671 670 12
f 671 670 10
f 671 672 10
f 671 9 670
f 671 672 9
f 671 52 670
f 671 672 52
f 671 9 670
f 671 672 9
f 671 52 670
f 671 672 52
f 671 670 7
f 671 670 54
f 671 672 54
f 671 6 7
f 671 672 6
f 671 6 670
f 671 670 54
f 671 672 54
f 671 6 670
f 671 672 6
f 671 670 56
f 671 672 56
f 671 4 670
f 671 670 56
f 671 672 56
f 671 4 670
f 671 670 58
f 671 672 58
f 671 670 3
f 671 670 58
f 671 672 58
f 671 670 60
f 671 672 60
f 671 670 60
f 671 672 60
f 671 670 62
f 671 672 62
f 671 670 62
f 671 672 62
f 671 670 64
f 671 672 64
f 671 670 64
f 671 672 64
f 671 670 66
f 671 672 66
f 671 670 66
f 671 672 66
f 671 670 68
f 671 672 68
f 671 670 68
f 671 672 68
f 671 670 70
f 671 672 70
f 671 670 70
f 671 672 70
f 671 670 72
f 671 672 72
f 671 670 72
f 671 672 72
f 671 670 666
f 671 666 600
f 671 672 600
f 671 449 670
f 671 672 450
f 671 449 450
f 671 449 672
f 671 449 670
f 671 449 672
f 671 666 603
f 671 672 603
f 671 446 670
f 671 672 446
f 671 666 603
f 671 672 603
f 671 446 670
f 671 672 446
f 671 666 605
f 671 672 605
f 671 672 666
f 671 670 445
f 671 672 445
f 671 670 443
f 671 670 443
f 673 51 22
f 673 672 22
f 673 672 9
f 673 672 52
f 673 672 9
f 673 672 52
f 673 10 11
f 673 672 11
f 673 672 10
f 673 672 54
f 673 672 54
f 673 672 56
f 673 672 56
f 673 672 58
f 673 672 58
f 673 672 60
f 673 672 60
f 673 672 62
f 673 672 62
f 673 672 64
f 673 672 64
f 673 672 66
f 673 672 66
f 673 672 68
f 673 672 68
f 673 672 70
f 673 672 70
f 673 672 72
f 673 672 72
f 673 598 600
f 673 672 600
f 673 672 603
f 673 672 603
f 673 672 605
f 673 672 605
f 673 672 614
f 673 672 450
f 673 672 452
f 673 453 452
f 673 672 614
f 673 453 614
f 673 449 672
f 673 449 672
f 673 672 446
f 673 672 446
f 31 668 23
f 31 668 669
f 31 25 667
f 31 668 667
f 31 25 26
f 31 28 24
f 31 25 24
f 31 666 25
f 31 666 25
f 31 668 666
f 31 669 23
f 31 670 669
f 31 666 665
f 31 23 24
f 31 28 24
f 31 28 29
f 31 671 670
f 31 26 664
f 31 665 26
f 31 23 21
f 31 23 22
f 31 671 672
f 31 662 663
f 31 662 28
f 31 662 28
f 31 664 663
f 31 30 21
f 31 29 30
f 31 22 19
f 31 30 19
f 31 22 19
f 31 660 29
f 31 660 28
f 31 660 28
f 31 17 22
f 31 658 29
f 31 658 29
f 31 17 22
f 31 658 656
f 31 22 16
f 31 655 656
f 34 14 16
f 34 33 16
f 34 33 14
f 34 33 14
f 34 33 78
f 34 31 33
f 34 94 93
f 34 33 94
f 34 33 94
f 34 650 651
f 34 33 651
f 34 33 653
f 34 33 653
f 34 33 655
f 34 33 655
f 34 33 657
f 34 33 657
f 34 33 658
f 34 33 660
f 34 33 660
f 34 33 662
f 34 33 662
f 34 33 664
f 34 33 665
f 34 33 666
f 632 631 102
f 632 633 102
f 632 633 631
f 632 630 631
f 632 633 102
f 632 101 102
f 632 634 609
f 632 630 609
f 632 633 634
f 632 449 630
f 632 626 634
f 632 630 626
f 632 446 631
f 632 633 446
f 632 449 657
f 632 449 450
f 632 626 628
f 632 630 628
f 632 630 626
f 632 446 631
f 632 633 631
f 632 633 446
f 632 652 657
f 632 630 652
f 632 450 657
f 632 630 657
f 632 649 652
f 632 630 649
f 632 450 662
f 632 630 662
f 632 630 450
f 632 649 646
f 632 630 646
f 632 630 649
f 635 636 102
f 635 633 102
f 635 633 636
f 635 633 102
f 635 636 637
f 635 633 445
f 635 101 102
f 635 101 637
f 635 101 637
f 635 446 445
f 635 636 445
f 635 633 445
f 635 637 634
f 635 446 634
f 635 446 637
f 635 446 445
f 635 636 445
f 635 636 443
f 635 633 443
f 635 636 443
f 635 633 443
f 635 636 441
f 635 633 441
f 635 633 636
f 521 633 636
f 521 633 636
f 521 633 631
f 521 633 631
f 521 524 518
f 521 524 522
f 521 624 518
f 521 624 627
f 521 522 624
f 521 622 624
f 521 622 522
f 521 522 518
f 521 622 518
f 521 622 522
f 629 628 627
f 629 630 628
f 629 630 631
f 629 104 627
f 629 104 631
f 629 104 105
f 629 104 631
f 629 446 631
f 629 105 106
f 629 631 105
f 629 501 498
f 629 501 498
f 629 504 501
f 629 501 445
f 629 107 106
f 629 631 107
f 629 498 496
f 629 504 507
f 629 504 631
f 629 504 501
f 629 445 443
f 629 631 443
f 629 631 445
f 629 449 630
f 629 450 628
f 629 449 450
f 629 509 631
f 629 506 631
f 629 504 506
f 629 504 506
f 629 510 507
f 629 510 509
f 629 510 509
f 629 512 510
f 629 115 113
f 629 115 113
f 629 512 513
f 629 512 631
f 629 631 513
f 629 118 117
f 629 118 117
f 629 513 515
f 629 513 627
f 629 631 515
f 629 516 627
f 629 631 516
f 629 627 120
f 629 631 120
f 629 517 516
f 629 517 631
f 629 517 631
f 629 627 520
f 629 631 520
f 629 518 627
f 629 517 518
f 629 517 518
f 629 521 627
f 629 521 631
f 629 521 522
f 629 524 522
f 629 521 524
f 629 521 631
f 629 525 524
f 629 525 631
f 629 530 533
f 629 530 529
f 629 530 533
f 468 611 609
f 468 611 467
f 468 611 612
f 468 611 467
f 468 605 606
f 468 467 605
f 468 613 612
f 468 613 467
f 468 605 604
f 468 467 605
f 468 613 614
f 468 613 467
f 468 603 604
f 468 467 603
f 468 615 614
f 468 467 615
f 468 603 602
f 468 467 603
f 468 616 615
f 468 467 616
f 468 616 617
f 468 467 616
f 468 598 469
f 468 467 598
f 468 617 618
f 468 467 617
f 468 598 595
f 468 467 598
f 468 619 618
f 468 467 619
f 468 592 595
f 468 467 592
f 468 619 620
f 468 467 619
f 468 592 469
f 468 467 592
f 468 622 467
f 468 587 469
f 468 467 587
f 468 583 587
f 468 467 583
f 468 583 575
f 468 467 583
f 468 570 469
f 468 467 570
f 468 469 220
f 468 467 220
f 468 222 469
f 468 467 222
f 468 223 222
f 468 467 223
f 468 467 416
f 468 225 223
f 468 467 225
f 468 415 467
f 468 225 226
f 468 467 225
f 468 415 467
f 468 226 227
f 468 467 226
f 468 228 227
f 468 467 228
f 468 412 414
f 468 412 467
f 468 228 229
f 468 467 228
f 468 230 229
f 468 467 230
f 468 412 467
f 468 230 469
f 468 467 230
f 468 467 287
f 468 232 469
f 468 467 232
f 468 467 285
f 468 232 233
f 468 467 232
f 468 467 285
f 468 233 234
f 468 467 233
f 468 283 469
f 468 467 283
f 468 235 234
f 468 467 235
f 468 282 283
f 468 467 282
f 468 235 469
f 468 467 235
f 468 279 282
f 468 467 279
f 468 238 469
f 468 467 238
f 468 279 275
f 468 467 279
f 468 238 240
f 468 467 238
f 468 272 275
f 468 467 272
f 468 241 240
f 468 241 467
f 468 467 272
f 468 241 242
f 468 241 467
f 468 269 264
f 468 272 269
f 468 272 269
f 468 256 467
f 468 242 244
f 468 467 242
f 468 261 264
f 468 256 261
f 468 256 261
f 468 256 253
f 468 256 253
f 468 246 244
f 468 467 246
f 468 249 253
f 468 249 253
f 468 249 246
f 468 249 467
f 315 249 253
f 315 230 452
f 315 428 365
f 315 362 361
f 315 361 360
f 477 462 624
f 477 478 462
f 477 478 462
f 477 622 475
f 477 622 624
f 477 478 622
f 477 271 475
f 477 478 271
f 477 274 475
f 477 478 274
f 477 622 476
f 477 478 622
f 477 270 271
f 477 478 270
f 477 274 475
f 477 478 274
f 477 619 476
f 477 478 619
f 477 268 270
f 477 478 268
f 477 475 276
f 477 478 276
f 477 619 476
f 477 478 619
f 477 268 475
f 477 478 268
f 477 278 475
f 477 478 278
f 477 617 476
f 477 478 617
f 477 475 267
f 477 478 267
f 477 278 280
f 477 478 278
f 477 616 617
f 477 478 616
f 477 263 475
f 477 478 265
f 477 280 475
f 477 478 475
f 477 478 280
f 477 616 615
f 477 478 616
f 477 263 265
f 477 475 476
f 477 263 475
f 477 259 476
f 477 478 259
f 477 615 476
f 477 478 615
f 477 259 476
f 477 478 259
f 477 613 476
f 477 478 613
f 477 254 476
f 477 478 254
f 477 613 612
f 477 478 613
f 477 250 254
f 477 478 250
f 477 611 612
f 477 478 611
f 477 250 476
f 477 478 250
f 477 611 610
f 477 478 611
f 477 245 476
f 477 478 245
f 477 610 476
f 477 478 610
f 477 245 243
f 477 478 245
f 477 243 239
f 477 478 243
f 477 605 606
f 477 478 605
f 477 239 476
f 477 478 239
f 477 605 476
f 477 478 605
f 477 476 233
f 477 478 233
f 477 603 476
f 477 232 476
f 477 478 232
f 477 545 603
f 477 232 476
f 477 478 232
f 477 545 542
f 477 478 542
f 477 478 545
f 477 603 602
f 477 545 602
f 477 545 603
f 477 545 476
f 477 478 545
f 477 230 476
f 477 478 230
f 477 550 476
f 477 478 550
f 477 230 229
f 477 478 230
f 477 228 229
f 477 478 228
f 477 228 476
f 477 478 228
f 477 226 476
f 477 478 226
f 477 556 557
f 477 556 478
f 477 226 476
f 477 478 226
f 477 222 476
f 477 478 222
f 477 222 476
f 477 478 222
f 477 562 476
f 477 478 562
f 477 476 220
f 477 478 220
f 477 219 476
f 477 478 219
f 477 219 476
f 477 478 219
f 480 407 408
f 480 408 409
f 480 406 407
f 480 410 409
f 480 406 405
f 480 410 411
f 480 404 405
f 480 412 411
f 480 404 403
f 480 280 404
f 480 412 413
f 480 280 403
f 480 280 277
f 480 416 413
f 480 276 277
f 480 416 417
f 480 418 417
f 480 418 419
f 480 419 420
f 480 421 420
f 480 421 483
f 480 425 483
f 480 426 425
f 480 427 426
f 480 427 428
f 480 428 429
f 480 430 429
f 480 245 243
f 480 430 431
f 480 481 239
f 480 432 431
f 480 432 433
f 480 232 236
f 480 481 236
f 480 434 433
f 480 481 230
f 480 434 435
f 480 481 230
f 480 436 435
f 480 481 228
f 480 439 436
f 480 439 440
f 480 439 440
f 480 228 224
f 480 481 228
f 480 440 475
f 480 440 441
f 480 475 441
f 480 481 462
f 480 222 224
f 480 460 442
f 480 441 442
f 480 441 460
f 480 219 224
f 480 219 224
f 480 481 224
f 480 219 217
f 480 481 217
f 480 481 217
f 546 545 494
f 546 547 494
f 546 547 545
f 546 547 496
f 546 498 496
f 546 545 498
f 546 498 210
f 546 547 210
f 546 498 210
f 546 547 210
f 546 544 498
f 546 544 545
f 546 544 210
f 546 210 500
f 546 544 500
f 546 544 210
f 546 547 207
f 546 543 207
f 546 544 543
f 546 543 207
f 546 549 207
f 546 549 547
f 546 549 611
f 546 549 547
f 546 547 545
f 546 547 611
f 546 611 612
f 546 544 612
f 546 544 611
f 546 544 545
f 546 544 611
f 546 616 615
f 546 544 615
f 546 203 543
f 546 549 203
f 546 616 615
f 546 549 615
f 546 616 543
f 546 549 203
f 546 203 202
f 546 543 624
f 546 549 202
f 546 202 543
f 546 552 624
f 546 549 552
f 546 549 198
f 546 543 198
f 546 549 196
f 546 543 196
f 546 549 193
f 546 543 193
f 546 549 190
f 546 190 543
f 546 549 190
f 546 190 543
f 546 549 186
f 546 543 186
f 546 549 178
f 546 543 178
f 546 549 178
f 546 543 178
f 546 549 176
f 546 176 543
f 546 549 176
f 546 176 543
f 546 549 169
f 546 543 169
f 546 549 167
f 546 543 167
f 546 543 167
f 546 552 159
f 546 552 167
f 546 549 552
f 546 543 163
f 546 552 163
f 546 543 163
f 546 552 163
f 571 466 467
f 571 466 467
f 571 468 467
f 571 468 467
f 571 466 575
f 571 575 570
f 571 468 570
f 571 468 575
f 571 575 465
f 571 466 465
f 571 466 570
f 571 570 220
f 571 575 220
f 571 570 220
f 571 575 220
f 571 212 570
f 571 575 212
f 571 212 570
f 571 577 575
f 571 574 577
f 571 575 212
f 571 570 211
f 571 575 211
f 571 574 575
f 571 570 208
f 571 574 208
f 571 570 208
f 571 574 208
f 571 574 204
f 571 204 205
f 571 570 205
f 571 570 204
f 571 203 570
f 571 203 202
f 571 202 570
f 571 200 570
f 571 200 570
f 571 570 199
f 474 622 476
f 474 473 476
f 474 473 622
f 474 622 475
f 474 622 624
f 474 473 622
f 474 222 476
f 474 475 222
f 474 476 220
f 474 473 220
f 474 473 222
f 474 462 624
f 474 473 462
f 474 476 220
f 474 223 475
f 474 473 223
f 474 473 439
f 474 564 220
f 474 476 564
f 474 223 475
f 474 473 223
f 474 462 475
f 474 439 475
f 474 439 462
f 474 439 436
f 474 473 439
f 474 565 564
f 474 473 565
f 474 473 565
f 474 562 476
f 474 473 562
f 474 473 562
f 474 225 475
f 474 473 225
f 474 436 435
f 474 473 436
f 474 225 475
f 474 473 225
f 474 434 435
f 474 473 434
f 474 475 226
f 474 473 226
f 474 434 475
f 474 473 434
f 474 228 475
f 474 473 228
f 474 432 475
f 474 473 432
f 474 228 475
f 474 473 228
f 474 432 475
f 474 473 432
f 474 230 475
f 474 473 230
f 474 430 475
f 474 473 430
f 474 230 475
f 474 473 230
f 474 430 475
f 474 473 430
f 474 475 232
f 474 473 232
f 474 475 428
f 474 473 428
f 474 475 232
f 474 473 232
f 474 427 475
f 474 473 427
f 474 475 233
f 474 473 233
f 474 427 426
f 474 473 427
f 474 475 236
f 474 473 236
f 474 426 425
f 474 473 426
f 474 473 236
f 474 425 475
f 474 473 425
f 474 239 236
f 474 239 475
f 474 473 239
f 474 421 475
f 474 473 421
f 474 239 475
f 474 473 239
f 474 421 420
f 474 473 421
f 474 243 475
f 474 419 420
f 474 473 419
f 474 241 243
f 474 473 241
f 474 473 241
f 474 245 243
f 474 473 245
f 474 418 419
f 474 473 418
f 474 245 475
f 474 473 245
f 474 418 475
f 474 473 418
f 474 473 248
f 474 416 475
f 474 473 416
f 474 250 475
f 474 248 250
f 474 473 248
f 474 415 416
f 474 473 415
f 474 250 475
f 474 473 250
f 474 415 475
f 474 473 415
f 474 252 475
f 474 473 252
f 474 412 475
f 474 473 412
f 474 252 254
f 474 412 411
f 474 473 412
f 474 255 254
f 474 473 255
f 474 253 252
f 474 473 253
f 474 473 253
f 474 410 411
f 474 473 410
f 474 473 256
f 474 410 475
f 474 473 410
f 474 255 475
f 474 256 255
f 474 473 256
f 474 408 475
f 474 473 408
f 474 475 258
f 474 473 258
f 474 407 408
f 474 473 407
f 474 259 475
f 474 260 259
f 474 473 260
f 474 260 259
f 474 406 407
f 474 406 407
f 474 473 282
f 474 407 283
f 474 473 283
f 474 473 407
f 474 260 475
f 474 473 260
f 474 406 282
f 474 406 475
f 474 475 281
f 474 473 281
f 474 475 261
f 474 280 475
f 474 473 280
f 474 263 261
f 474 473 263
f 474 263 475
f 474 278 280
f 474 263 475
f 474 473 263
f 474 278 475
f 474 473 278
f 474 278 280
f 474 473 280
f 474 473 278
f 474 473 266
f 474 475 276
f 474 473 276
f 474 265 266
f 474 475 265
f 474 475 265
f 474 473 268
f 474 475 276
f 474 473 276
f 474 475 267
f 474 268 267
f 474 268 475
f 474 268 475
f 474 473 268
f 474 274 475
f 474 473 274
f 474 270 475
f 474 274 475
f 474 473 274
f 474 270 271
f 474 473 271
f 474 270 271
f 474 475 272
f 474 473 272
f 474 271 475
f 474 473 271
f 470 619 618
f 470 471 618
f 470 471 619
f 470 619 620
f 470 471 619
f 470 471 622
f 470 468 620
f 470 468 622
f 470 468 622
f 470 471 415
f 470 468 415
f 470 471 416
f 470 468 416
f 470 466 622
f 470 471 415
f 470 468 415
f 470 471 418
f 470 466 622
f 470 471 427
f 470 427 467
f 470 471 427
f 470 471 414
f 470 468 414
f 470 418 467
f 470 468 467
f 470 471 418
f 470 471 430
f 470 471 432
f 470 466 427
f 470 466 427
f 470 471 428
f 470 467 426
f 470 471 426
f 470 471 412
f 470 468 412
f 470 418 467
f 470 471 419
f 470 430 431
f 470 466 430
f 470 466 430
f 470 471 430
f 470 622 462
f 470 466 428
f 470 467 425
f 470 471 425
f 470 471 412
f 470 467 419
f 470 471 421
f 470 462 432
f 470 471 432
f 470 473 462
f 470 622 472
f 470 471 622
f 470 422 467
f 470 412 411
f 470 468 412
f 470 467 421
f 470 434 462
f 470 471 434
f 470 473 472
f 470 473 472
f 470 471 472
f 470 422 467
f 470 422 421
f 470 471 421
f 470 410 411
f 470 471 410
f 470 468 285
f 470 411 287
f 470 468 287
f 470 434 462
f 470 471 434
f 470 410 285
f 470 471 285
f 470 468 469
f 470 468 285
f 470 436 462
f 470 471 436
f 470 410 409
f 470 471 409
f 470 471 410
f 470 283 469
f 470 471 283
f 470 439 436
f 470 471 439
f 470 471 439
f 470 282 283
f 470 471 282
f 470 281 282
f 470 471 281
f 470 279 281
f 470 471 279
f 470 278 279
f 470 471 278
f 470 278 275
f 470 471 278
f 470 272 275
f 470 471 272
f 470 272 269
f 470 471 272
f 470 269 264
f 470 261 264
f 470 471 261
f 470 266 269
f 470 471 266
f 470 471 266
f 470 471 261
f 470 256 261
f 470 256 261
f 470 471 256
f 470 256 253
f 470 471 256
f 470 471 253
f 470 249 253
f 470 249 253
f 470 471 249
f 470 471 249
f 470 249 246
f 470 249 248
f 470 471 248
f 470 246 244
f 470 471 243
f 470 245 246
f 470 471 245
f 470 471 245
f 470 242 244
f 470 243 242
f 470 471 243
f 470 241 242
f 470 471 241
f 470 241 240
f 470 471 241
f 470 239 240
f 470 471 239
f 470 239 238
f 470 471 239
f 470 238 469
f 470 471 238
f 470 236 469
f 470 471 236
f 470 235 236
f 470 471 235
f 470 235 234
f 470 471 235
f 470 233 234
f 470 471 233
f 470 232 233
f 470 471 232
f 470 232 469
f 470 471 232
f 470 230 469
f 470 471 230
f 470 230 229
f 470 471 230
f 470 228 229
f 470 471 228
f 470 228 227
f 470 471 228
f 470 226 227
f 470 471 226
f 470 471 226
f 319 320 242
f 319 320 242
f 319 320 76
f 319 318 77
f 319 320 77
f 319 318 77
f 319 320 77
f 319 323 318
f 319 320 323
f 319 318 350
f 319 323 350
f 319 351 318
f 319 351 323
f 319 351 320
f 319 348 318
f 319 323 348
f 319 323 348
f 319 351 352
f 319 351 320
f 319 352 318
f 319 320 352
f 319 320 444
f 319 318 354
f 319 320 354
f 319 320 443
f 319 318 354
f 319 320 354
f 319 320 443
f 319 318 355
f 319 320 355
f 319 320 441
f 319 318 357
f 319 320 357
f 319 320 441
f 319 318 357
f 319 320 357
f 319 320 437
f 319 359 318
f 319 320 359
f 319 320 437
f 319 359 363
f 319 320 359
f 319 320 436
f 319 364 363
f 319 364 320
f 319 320 434
f 319 364 318
f 319 364 320
f 319 318 434
f 319 320 434
f 319 318 431
f 319 318 432
f 319 320 432
f 319 432 431
f 319 320 432
f 319 318 432
f 321 238 235
f 321 320 238
f 321 320 238
f 321 235 322
f 321 322 76
f 321 320 76
f 321 235 234
f 321 320 235
f 321 320 77
f 321 233 234
f 321 320 233
f 321 68 322
f 321 68 77
f 321 68 77
f 321 323 77
f 321 320 323
f 321 232 233
f 321 320 232
f 321 323 355
f 321 232 322
f 321 320 232
f 321 355 356
f 321 320 355
f 321 323 354
f 321 320 354
f 321 320 323
f 321 230 322
f 321 320 230
f 321 357 356
f 321 320 357
f 321 230 229
f 321 320 230
f 321 357 358
f 321 320 357
f 321 228 229
f 321 320 228
f 321 359 358
f 321 320 359
f 321 320 228
f 321 452 227
f 321 228 227
f 321 228 452
f 321 449 452
f 321 320 449
f 321 359 322
f 321 359 432
f 321 320 432
f 321 364 359
f 321 364 320
f 321 364 320
f 321 449 322
f 321 320 449
f 321 434 322
f 321 320 434
f 321 444 322
f 321 320 444
f 321 434 435
f 321 320 434
f 321 443 444
f 321 320 443
f 321 436 435
f 321 320 436
f 321 443 322
f 321 320 443
f 321 437 436
f 321 320 437
f 321 441 322
f 321 320 441
f 321 437 438
f 321 320 437
f 321 441 438
f 321 320 441
f 367 412 411
f 367 368 411
f 367 368 412
f 367 368 412
f 367 414 413
f 367 412 413
f 367 412 414
f 367 414 365
f 367 368 414
f 119 580 624
f 119 118 580
f 119 118 580
f 119 578 624
f 119 577 578
f 119 189 578
f 119 189 578
f 119 577 578
f 119 577 624
f 119 189 120
f 119 118 189
f 119 189 579
f 119 118 579
f 119 118 189
f 119 624 627
f 119 118 624
f 119 187 120
f 119 118 187
f 119 629 627
f 119 629 118
f 119 184 187
f 119 118 184
f 119 629 631
f 119 629 118
f 119 118 184
f 119 633 631
f 119 118 633
f 119 184 181
f 119 184 120
f 119 118 180
f 119 180 181
f 119 180 179
f 119 118 180
f 119 118 129
f 119 115 118
f 119 115 118
f 119 179 178
f 119 118 179
f 119 99 78
f 119 115 99
f 119 115 99
f 119 178 177
f 119 118 178
f 119 176 177
f 119 118 176
f 119 176 175
f 119 118 176
f 119 174 175
f 119 118 174
f 119 173 174
f 119 118 173
f 119 173 170
f 119 118 170
f 119 118 173
f 569 570 207
f 569 568 207
f 569 568 570
f 569 570 207
f 569 568 207
f 569 570 205
f 569 568 205
f 569 570 204
f 569 568 204
f 569 203 570
f 569 203 568
f 569 203 202
f 569 203 568
f 569 202 570
f 569 568 202
f 569 200 570
f 569 568 200
f 569 200 570
f 569 568 200
f 569 570 199
f 569 568 199
f 569 568 196
f 569 568 193
f 569 190 568
f 569 190 568
f 569 568 189
f 569 189 186
f 569 568 186
f 569 568 183
f 569 568 179
f 569 568 179
f 569 568 577
f 569 568 178
f 569 568 176
f 569 563 134
f 569 568 563
f 569 568 136
f 569 568 176
f 569 568 141
f 569 568 169
f 569 568 142
f 569 568 167
f 569 568 142
f 569 568 167
f 569 568 146
f 569 568 159
f 569 568 146
f 569 568 151
f 569 568 159
f 569 568 151
f 114 583 581
f 114 583 194
f 114 112 194
f 114 112 583
f 114 112 191
f 114 112 583
f 114 112 113
f 114 583 582
f 114 112 191
f 114 581 191
f 114 115 582
f 114 115 113
f 114 112 187
f 114 580 581
f 114 112 184
f 114 112 184
f 114 112 180
f 114 112 180
f 114 117 180
f 114 112 179
f 114 117 180
f 114 112 178
f 114 117 179
f 114 112 176
f 114 117 178
f 114 112 176
f 114 117 176
f 114 112 174
f 114 117 176
f 114 112 173
f 114 117 174
f 114 112 173
f 114 117 173
f 114 117 173
f 114 117 168
f 114 112 168
f 114 112 113
f 114 115 113
f 114 117 168
f 114 112 168
f 114 117 162
f 114 112 162
f 114 117 164
f 114 112 164
f 114 117 164
f 114 112 164
f 108 107 587
f 108 107 197
f 108 110 197
f 108 107 588
f 108 110 588
f 108 107 194
f 108 110 194
f 108 589 107
f 108 107 194
f 108 110 194
f 108 589 107
f 108 107 191
f 108 110 191
f 108 593 107
f 108 107 191
f 108 110 191
f 108 593 615
f 108 107 184
f 108 110 184
f 108 615 107
f 108 107 184
f 108 107 624
f 108 107 180
f 108 107 624
f 108 107 180
f 108 629 107
f 108 107 179
f 108 629 631
f 108 107 178
f 108 633 631
f 108 633 636
f 108 636 107
f 108 107 638
f 108 104 640
f 108 104 107
f 108 104 107
f 586 199 587
f 586 584 199
f 586 108 587
f 586 108 110
f 586 108 110
f 586 110 588
f 586 200 199
f 586 584 200
f 586 200 587
f 586 584 587
f 586 584 200
f 586 562 564
f 586 589 562
f 586 110 589
f 586 583 564
f 586 584 583
f 586 584 583
f 111 584 197
f 111 110 197
f 111 586 584
f 111 586 110
f 111 584 583
f 111 112 583
f 111 112 584
f 111 112 194
f 111 110 194
f 111 112 194
f 111 110 194
f 111 112 191
f 111 110 191
f 111 112 589
f 111 112 191
f 111 110 191
f 111 589 615
f 111 110 615
f 111 110 589
f 111 112 624
f 111 110 624
f 111 112 184
f 111 110 184
f 111 110 624
f 111 112 184
f 111 113 624
f 111 112 113
f 111 629 110
f 111 108 184
f 111 108 110
f 111 112 180
f 111 629 113
f 111 108 180
f 111 112 180
f 111 629 113
f 111 629 110
f 111 108 180
f 111 112 179
f 111 633 113
f 111 110 633
f 111 110 633
f 111 108 179
f 111 112 178
f 111 108 178
f 111 112 176
f 111 112 176
f 111 176 107
f 111 108 107
f 111 112 174
f 111 176 107
f 111 112 173
f 111 107 174
f 111 112 173
f 111 107 173
f 111 107 173
f 111 107 168
f 111 112 168
f 111 112 107
f 111 108 107
f 111 108 110
f 111 107 168
f 111 112 168
f 111 107 164
f 111 112 164
f 111 107 164
f 111 112 164
f 111 107 162
f 111 112 162
f 111 112 107
f 625 504 501
f 625 504 501
f 625 501 498
f 625 501 498
f 625 504 507
f 625 504 624
f 625 498 496
f 625 498 496
f 625 510 507
f 625 510 624
f 625 510 624
f 625 494 496
f 625 494 496
f 625 492 494
f 625 492 494
f 625 492 624
f 625 492 490
f 625 492 627
f 625 490 459
f 625 624 459
f 625 624 490
f 625 458 627
f 625 458 624
f 625 624 627
f 625 626 627
f 625 458 627
f 625 458 624
f 625 615 624
f 625 626 615
f 625 455 627
f 625 455 624
f 625 623 615
f 625 626 623
f 625 451 626
f 625 455 451
f 625 453 626
f 625 453 451
f 625 455 453
f 625 455 454
f 625 455 453
f 625 454 623
f 625 453 454
f 526 629 631
f 526 629 525
f 526 527 513
f 526 525 513
f 526 527 529
f 526 629 529
f 526 629 525
f 526 525 513
f 526 527 624
f 526 525 624
f 526 510 513
f 526 510 527
f 526 510 527
f 526 527 620
f 526 525 620
f 526 527 624
f 526 622 624
f 526 525 622
f 526 525 622
f 561 562 208
f 561 560 208
f 561 562 210
f 561 560 210
f 561 562 207
f 561 560 207
f 561 562 210
f 561 560 210
f 561 562 207
f 561 560 207
f 561 562 212
f 561 560 212
f 561 562 205
f 561 560 205
f 561 562 212
f 561 560 212
f 561 563 562
f 561 562 214
f 561 560 214
f 561 203 563
f 561 560 203
f 561 560 563
f 561 215 562
f 561 560 215
f 561 203 202
f 561 560 203
f 561 589 563
f 561 589 563
f 561 560 589
f 561 215 562
f 561 560 215
f 561 202 563
f 561 560 202
f 561 589 562
f 561 560 589
f 561 562 217
f 561 560 217
f 561 563 200
f 561 560 200
f 561 560 563
f 561 560 588
f 561 478 562
f 561 586 588
f 561 586 562
f 561 586 562
f 561 472 562
f 561 560 472
f 561 477 478
f 561 477 560
f 561 473 472
f 561 560 473
f 561 477 562
f 561 477 560
f 561 473 562
f 561 560 473
f 559 560 208
f 559 560 210
f 559 560 207
f 559 560 210
f 559 560 212
f 559 207 205
f 559 560 205
f 559 560 207
f 559 560 203
f 559 560 212
f 559 560 203
f 559 560 214
f 559 560 202
f 559 560 215
f 559 560 200
f 559 560 200
f 559 481 215
f 559 560 215
f 559 560 481
f 559 560 196
f 559 477 560
f 559 560 193
f 559 477 560
f 559 560 190
f 559 560 473
f 559 560 190
f 559 560 473
f 559 560 472
f 559 563 186
f 559 560 563
f 559 560 588
f 559 563 178
f 559 563 178
f 559 589 588
f 559 560 589
f 559 563 176
f 559 589 591
f 559 560 589
f 559 560 593
f 559 563 176
f 559 563 169
f 559 597 593
f 559 560 593
f 559 563 167
f 559 599 597
f 559 563 167
f 559 599 563
f 559 563 163
f 559 563 603
f 559 563 152
f 559 563 159
f 559 563 163
f 559 563 152
f 555 556 487
f 555 556 212
f 555 556 487
f 555 556 212
f 555 556 485
f 555 556 210
f 555 210 208
f 555 556 208
f 555 556 210
f 555 556 207
f 555 477 556
f 555 556 207
f 555 477 556
f 555 203 552
f 555 556 203
f 555 203 202
f 555 556 203
f 555 556 473
f 555 202 552
f 555 556 202
f 555 552 198
f 555 556 198
f 555 552 196
f 555 556 196
f 555 556 552
f 555 556 592
f 555 593 596
f 555 597 593
f 555 556 597
f 555 556 599
f 555 556 593
f 555 556 472
f 555 556 473
f 555 556 599
f 555 556 603
f 555 556 605
f 555 556 605
f 555 552 610
f 555 556 610
f 555 556 552
f 538 501 503
f 538 539 501
f 538 539 501
f 538 504 503
f 538 504 536
f 538 504 503
f 538 539 503
f 538 504 536
f 538 504 541
f 538 536 617
f 538 536 616
f 538 536 616
f 538 616 617
f 538 539 616
f 538 535 624
f 538 536 535
f 538 541 624
f 538 539 541
f 538 536 535
f 538 506 535
f 538 541 505
f 538 506 505
f 538 616 615
f 538 539 615
f 538 539 616
f 538 541 624
f 538 508 506
f 538 508 506
f 538 541 207
f 538 533 508
f 538 203 541
f 538 533 207
f 538 203 202
f 538 533 203
f 538 202 541
f 538 533 203
f 538 541 198
f 538 533 202
f 538 541 196
f 538 533 198
f 538 541 193
f 538 533 196
f 538 190 541
f 538 533 193
f 538 190 541
f 538 533 190
f 538 541 178
f 538 533 190
f 538 541 178
f 538 533 178
f 538 176 541
f 538 533 178
f 538 176 541
f 534 504 506
f 534 506 535
f 534 504 535
f 534 533 504
f 534 504 506
f 534 533 504
f 534 508 535
f 534 533 508
f 534 538 508
f 534 538 533
f 534 615 535
f 534 616 615
f 534 616 615
f 534 616 617
f 534 533 617
f 534 616 535
f 534 535 617
f 534 533 617
f 534 629 533
f 534 538 629
f 534 535 624
f 534 533 624
f 534 533 624
f 534 538 624
f 534 538 535
f 511 633 510
f 511 512 633
f 511 629 510
f 511 629 512
f 511 629 512
f 511 512 633
f 511 633 636
f 511 633 510
f 511 533 510
f 511 636 426
f 511 636 638
f 511 512 636
f 511 533 508
f 511 533 510
f 511 512 510
f 511 426 425
f 511 427 636
f 511 425 638
f 511 638 640
f 511 533 508
f 511 533 529
f 511 512 529
f 511 508 426
f 511 508 427
f 511 427 636
f 511 421 638
f 511 508 425
f 511 508 207
f 511 533 207
f 511 508 427
f 511 508 636
f 511 421 420
f 511 508 421
f 511 416 640
f 511 418 640
f 511 418 638
f 511 207 514
f 511 203 508
f 511 636 428
f 511 508 428
f 511 508 636
f 511 419 420
f 511 508 421
f 511 640 413
f 511 416 640
f 511 418 419
f 511 203 514
f 511 508 419
f 511 508 416
f 511 508 418
f 511 203 202
f 511 203 202
f 511 203 508
f 511 508 418
f 511 508 416
f 511 202 514
f 511 508 412
f 511 508 412
f 677 51 8
f 677 9 8
f 677 52 51
f 677 52 53
f 677 54 53
f 677 598 595
f 677 673 598
f 677 673 598
f 677 673 603
f 677 673 603
f 677 673 605
f 677 673 605
f 677 453 454
f 677 673 453
f 677 453 614
f 677 673 614
f 677 673 453
f 677 673 449
f 677 673 450
f 601 673 672
f 601 673 672
f 601 671 672
f 601 671 672
f 601 677 673
f 601 677 673
f 601 671 666
f 601 671 666
f 601 666 665
f 601 666 665
f 601 665 664
f 601 665 602
f 601 454 456
f 601 454 602
f 601 664 663
f 601 602 664
f 601 461 456
f 601 461 602
f 601 662 663
f 601 662 602
f 601 662 661
f 601 662 602
f 601 466 465
f 601 466 602
f 601 660 661
f 601 660 602
f 601 466 467
f 601 466 467
f 601 660 659
f 601 660 602
f 601 468 467
f 601 468 467
f 601 658 659
f 601 658 602
f 601 468 469
f 601 468 602
f 601 657 658
f 601 657 658
f 601 471 469
f 601 471 602
f 601 652 657
f 601 471 472
f 601 471 472
f 601 652 602
f 601 657 600
f 601 652 657
f 601 473 472
f 601 473 472
f 601 76 600
f 601 602 76
f 601 473 476
f 601 473 602
f 601 96 76
f 601 96 602
f 601 476 548
f 601 97 96
f 601 97 96
f 601 550 548
f 601 550 602
f 601 545 476
f 601 545 602
f 601 545 602
f 601 97 101
f 601 97 101
f 601 599 550
f 601 599 550
f 601 101 102
f 601 101 102
f 601 599 102
f 601 102 602
f 601 599 602
f 601 599 102
f 607 673 672
f 607 672 666
f 607 677 673
f 607 666 665
f 607 665 606
f 607 454 606
f 607 606 664
f 607 461 606
f 607 662 606
f 607 662 606
f 607 466 606
f 607 660 606
f 607 466 467
f 607 660 606
f 607 468 467
f 607 658 606
f 607 468 606
f 607 657 658
f 607 471 606
f 607 652 657
f 607 471 472
f 607 649 652
f 607 473 472
f 607 649 646
f 607 473 606
f 607 646 644
f 607 477 606
f 607 644 606
f 607 477 478
f 607 639 606
f 607 478 481
f 607 639 606
f 607 540 481
f 607 540 481
f 607 101 606
f 607 632 101
f 607 540 542
f 607 101 102
f 607 102 606
f 607 610 606
f 607 610 102
f 607 545 542
f 607 544 545
f 607 547 545
f 607 547 545
f 607 547 606
f 607 547 610
f 607 549 606
f 607 549 610
f 607 549 551
f 607 549 551
f 607 552 610
f 607 551 552
f 607 551 552
f 42 31 668
f 42 31 670
f 42 34 33
f 42 31 671
f 42 34 31
f 42 671 672
f 42 31 671
f 42 31 22
f 42 51 22
f 42 673 51
f 42 673 672
f 42 10 11
f 42 673 672
f 42 31 672
f 42 9 7
f 42 652 651
f 36 13 14
f 36 13 14
f 36 14 338
f 36 13 7
f 36 89 90
f 36 650 92
f 36 650 92
f 36 42 664
f 36 42 665
f 448 449 634
f 448 632 634
f 448 632 449
f 448 632 449
f 448 629 449
f 448 632 631
f 448 632 630
f 448 629 630
f 448 629 449
f 448 446 631
f 448 629 446
f 448 629 450
f 448 629 496
f 448 496 627
f 448 451 627
f 448 451 450
f 448 629 498
f 448 451 458
f 448 494 496
f 448 498 496
f 448 629 498
f 448 629 446
f 448 445 458
f 448 445 458
f 448 451 458
f 448 451 445
f 448 494 445
f 448 494 496
f 316 249 246
f 316 315 249
f 316 315 249
f 316 246 244
f 316 315 246
f 316 242 244
f 316 315 242
f 316 319 242
f 316 315 76
f 316 319 76
f 316 319 318
f 316 315 242
f 316 319 242
f 316 318 77
f 316 318 317
f 316 315 77
f 316 315 317
f 316 315 238
f 316 315 449
f 316 315 449
f 316 315 434
f 316 315 436
f 316 320 238
f 316 319 320
f 316 315 235
f 316 315 444
f 316 319 444
f 316 320 449
f 316 319 320
f 316 320 449
f 316 318 434
f 316 319 434
f 316 319 318
f 316 315 434
f 316 319 436
f 316 315 437
f 316 320 235
f 316 315 233
f 316 315 443
f 316 319 443
f 316 320 228
f 316 230 229
f 316 315 230
f 316 228 229
f 316 318 432
f 316 315 432
f 316 319 437
f 316 315 437
f 316 320 233
f 316 315 232
f 316 315 443
f 316 319 443
f 316 320 228
f 316 320 230
f 316 315 230
f 316 318 432
f 316 315 432
f 316 319 437
f 316 315 441
f 316 320 232
f 316 315 232
f 316 315 441
f 316 319 441
f 316 320 230
f 316 318 431
f 316 315 430
f 316 319 441
f 316 320 232
f 316 430 431
f 316 364 318
f 316 315 364
f 316 363 318
f 316 364 363
f 316 430 365
f 316 315 365
f 316 315 430
f 316 315 364
f 316 362 363
f 316 315 362
f 316 315 362
f 310 253 76
f 310 256 253
f 310 256 258
f 310 261 258
f 310 453 233
f 310 453 233
f 310 232 233
f 310 232 452
f 310 418 365
f 310 418 419
f 310 419 420
f 310 421 420
f 310 422 365
f 310 422 421
f 482 276 273
f 482 480 276
f 482 480 276
f 482 270 273
f 482 480 270
f 482 270 267
f 482 480 270
f 482 267 265
f 482 480 267
f 482 265 262
f 482 480 265
f 482 259 262
f 482 480 259
f 482 259 257
f 482 480 460
f 482 480 481
f 482 480 259
f 482 254 257
f 482 484 460
f 482 480 254
f 482 250 254
f 482 462 484
f 482 481 462
f 482 481 462
f 482 480 250
f 482 250 247
f 482 484 216
f 482 215 484
f 482 481 215
f 482 559 481
f 482 480 250
f 482 245 247
f 482 480 245
f 482 245 239
f 482 230 216
f 482 230 229
f 482 481 230
f 482 228 229
f 482 481 228
f 482 481 228
f 482 556 557
f 482 556 557
f 482 480 481
f 482 480 245
f 482 239 236
f 482 481 239
f 482 230 231
f 482 481 230
f 482 555 556
f 482 555 556
f 482 236 231
f 482 481 236
f 482 550 481
f 479 478 462
f 479 462 475
f 479 480 475
f 479 480 462
f 479 478 481
f 479 480 481
f 479 430 475
f 479 432 475
f 479 480 432
f 479 480 430
f 479 480 481
f 479 430 475
f 479 432 475
f 479 480 432
f 479 480 430
f 479 561 478
f 479 478 219
f 479 475 428
f 479 434 475
f 479 480 434
f 479 480 428
f 479 560 481
f 479 561 560
f 479 561 560
f 479 219 217
f 479 480 217
f 479 480 219
f 479 478 219
f 479 480 219
f 479 427 475
f 479 434 435
f 479 480 434
f 479 480 427
f 479 559 560
f 479 559 560
f 479 478 222
f 479 480 222
f 479 478 426
f 479 427 426
f 479 436 435
f 479 480 436
f 479 480 427
f 479 478 222
f 479 480 222
f 479 439 436
f 479 480 439
f 479 480 439
f 479 478 426
f 479 480 426
f 479 556 557
f 479 556 478
f 479 478 224
f 479 480 224
f 479 478 425
f 479 480 425
f 479 555 556
f 479 555 556
f 479 478 228
f 479 480 228
f 479 478 421
f 479 480 421
f 479 478 228
f 479 480 228
f 479 478 421
f 479 480 421
f 479 478 230
f 479 480 230
f 479 478 419
f 479 480 419
f 479 478 230
f 479 480 230
f 479 478 418
f 479 480 418
f 479 478 232
f 479 480 232
f 479 478 418
f 479 480 418
f 479 478 232
f 479 480 232
f 479 478 416
f 479 480 416
f 479 478 239
f 479 480 239
f 479 478 415
f 479 478 243
f 479 480 243
f 479 415 416
f 479 480 416
f 479 478 415
f 479 478 245
f 479 480 245
f 479 478 412
f 479 480 412
f 479 478 245
f 479 480 245
f 479 478 412
f 479 480 412
f 479 478 250
f 479 480 250
f 479 478 410
f 479 480 410
f 479 478 250
f 479 480 250
f 479 478 410
f 479 480 410
f 479 478 254
f 479 480 254
f 479 478 408
f 479 480 408
f 479 478 259
f 479 480 259
f 479 478 407
f 479 480 407
f 479 478 259
f 479 480 259
f 479 406 478
f 479 480 406
f 479 478 265
f 479 480 265
f 479 406 478
f 479 480 406
f 479 478 267
f 479 480 267
f 479 478 404
f 479 480 404
f 479 478 270
f 479 480 270
f 479 478 280
f 479 480 280
f 479 480 270
f 479 478 278
f 479 270 271
f 479 478 271
f 479 478 270
f 479 478 274
f 479 278 280
f 479 480 280
f 479 478 278
f 479 274 276
f 479 480 276
f 479 478 274
f 479 478 276
f 479 480 276
f 463 470 622
f 463 622 462
f 463 462 619
f 463 462 619
f 463 462 430
f 463 462 430
f 463 461 617
f 463 462 461
f 463 462 428
f 463 616 461
f 463 427 462
f 463 616 461
f 463 427 426
f 463 613 461
f 463 426 462
f 463 613 612
f 463 228 461
f 463 228 461
f 463 462 425
f 463 611 612
f 463 461 226
f 463 230 461
f 463 611 461
f 463 225 461
f 463 230 461
f 463 462 423
f 463 422 423
f 463 422 462
f 463 422 421
f 463 225 223
f 463 461 232
f 463 421 462
f 463 607 461
f 463 461 232
f 463 462 419
f 463 605 461
f 463 461 233
f 463 418 462
f 463 605 461
f 463 461 235
f 463 418 462
f 463 603 461
f 463 238 461
f 463 603 461
f 463 241 238
f 463 462 290
f 463 416 290
f 463 601 461
f 463 241 242
f 463 462 289
f 463 601 461
f 463 242 461
f 463 461 598
f 463 461 598
f 463 461 244
f 463 462 461
f 463 244 289
f 463 246 244
f 463 244 288
f 573 571 577
f 573 571 574
f 573 569 577
f 573 577 624
f 573 176 137
f 573 135 134
f 573 563 615
f 573 577 615
f 573 563 624
f 573 569 568
f 573 569 568
f 573 176 135
f 573 176 137
f 573 137 138
f 573 135 134
f 573 127 128
f 573 574 127
f 573 127 134
f 573 577 124
f 573 577 624
f 573 577 124
f 573 563 615
f 573 577 615
f 573 577 563
f 573 568 567
f 573 568 577
f 573 176 135
f 573 137 175
f 573 138 172
f 573 137 138
f 573 140 141
f 573 133 134
f 573 130 128
f 573 577 127
f 573 574 577
f 573 567 563
f 573 577 567
f 573 140 172
f 573 140 141
f 573 169 141
f 573 178 133
f 573 131 133
f 573 131 130
f 573 130 128
f 573 574 128
f 573 574 130
f 573 565 563
f 573 577 565
f 573 577 565
f 573 132 178
f 573 131 132
f 573 131 130
f 573 574 130
f 573 132 179
f 573 131 180
f 573 131 180
f 573 180 132
f 573 180 179
f 573 574 183
f 573 186 183
f 573 574 183
f 573 574 186
f 573 186 187
f 573 574 187
f 573 574 186
f 573 574 189
f 573 574 190
f 573 190 193
f 573 574 190
f 573 574 193
f 573 193 191
f 573 574 191
f 573 574 193
f 573 574 194
f 573 574 196
f 573 574 196
f 573 199 197
f 573 574 199
f 573 574 200
f 573 574 200
f 573 574 202
f 573 574 202
f 573 571 574
f 116 117 580
f 116 114 580
f 116 117 191
f 116 114 191
f 116 117 580
f 116 114 580
f 116 117 187
f 116 114 187
f 116 114 115
f 116 117 184
f 116 114 184
f 116 117 582
f 116 115 582
f 116 115 117
f 116 114 117
f 116 114 115
f 116 117 184
f 116 114 184
f 116 114 117
f 116 117 582
f 116 115 582
f 116 117 624
f 116 115 624
f 116 117 624
f 116 115 624
f 116 629 117
f 116 629 115
f 116 629 117
f 116 629 115
f 116 633 117
f 116 115 633
f 116 633 117
f 116 115 633
f 116 115 117
f 109 110 589
f 109 108 589
f 109 108 110
f 109 110 589
f 109 108 589
f 109 108 593
f 109 593 615
f 109 110 615
f 109 108 593
f 109 110 615
f 109 108 615
f 109 110 624
f 109 108 624
f 109 110 624
f 109 108 624
f 109 629 110
f 109 108 629
f 109 629 110
f 109 108 629
f 109 110 633
f 109 108 633
f 109 110 633
f 109 108 633
f 109 108 636
f 109 113 636
f 109 110 113
f 109 108 638
f 109 115 113
f 109 108 640
f 109 115 113
f 109 112 113
f 109 108 110
f 109 108 104
f 109 111 112
f 109 111 110
f 109 111 112
f 109 111 110
f 109 104 99
f 109 115 99
f 109 115 104
f 109 115 104
f 109 119 129
f 109 119 115
f 109 129 125
f 109 104 120
f 109 119 120
f 109 119 115
f 109 123 125
f 109 104 129
f 109 108 104
f 109 120 121
f 109 123 121
f 109 123 124
f 109 104 124
f 109 123 124
f 109 104 124
f 585 111 112
f 585 111 586
f 585 112 584
f 585 111 112
f 585 584 582
f 585 586 584
f 585 586 110
f 585 111 110
f 585 111 586
f 585 562 582
f 585 586 562
f 585 112 113
f 585 589 562
f 585 586 589
f 585 113 582
f 585 112 589
f 585 112 113
f 585 615 582
f 585 589 615
f 585 589 615
f 558 557 208
f 558 559 208
f 558 557 210
f 558 559 210
f 558 557 207
f 558 559 207
f 558 557 210
f 558 559 210
f 558 557 207
f 558 559 207
f 558 557 212
f 558 559 212
f 558 203 557
f 558 559 203
f 558 557 212
f 558 559 212
f 558 203 557
f 558 559 203
f 558 557 214
f 558 559 214
f 558 557 202
f 558 559 202
f 558 557 215
f 558 559 215
f 558 557 200
f 558 559 200
f 558 557 215
f 558 557 200
f 558 559 200
f 558 482 215
f 558 482 559
f 558 482 557
f 558 557 196
f 558 559 196
f 558 482 557
f 558 482 559
f 558 557 193
f 558 559 193
f 558 479 557
f 558 479 559
f 558 190 557
f 558 559 190
f 558 479 478
f 558 479 559
f 558 190 557
f 558 559 190
f 558 477 478
f 558 559 477
f 558 557 186
f 558 559 186
f 558 477 557
f 558 559 477
f 558 557 178
f 558 559 178
f 558 473 557
f 558 559 473
f 558 557 178
f 558 559 178
f 558 473 557
f 558 559 473
f 558 557 176
f 558 559 176
f 558 557 472
f 558 559 472
f 558 557 176
f 558 559 176
f 558 557 587
f 558 557 169
f 558 559 169
f 558 588 587
f 558 559 588
f 558 559 588
f 558 557 591
f 558 559 591
f 558 557 167
f 558 559 167
f 558 557 593
f 558 559 593
f 558 557 167
f 558 559 167
f 558 557 597
f 558 559 597
f 558 557 163
f 558 559 163
f 558 599 557
f 558 559 599
f 558 557 163
f 558 559 163
f 558 599 557
f 558 559 599
f 558 557 159
f 558 559 159
f 558 557 603
f 558 559 603
f 558 557 152
f 558 559 152
f 558 557 605
f 558 557 152
f 558 559 152
f 558 563 605
f 558 559 563
f 558 557 605
f 558 557 151
f 558 563 605
f 558 557 610
f 558 563 151
f 558 559 563
f 558 563 610
f 558 557 563
f 558 563 146
f 558 563 146
f 675 673 51
f 675 673 52
f 675 673 52
f 675 673 54
f 675 673 54
f 675 673 56
f 675 673 56
f 675 673 58
f 675 673 58
f 675 673 60
f 675 673 60
f 675 673 62
f 675 673 446
f 675 673 446
f 680 54 55
f 680 677 60
f 680 677 60
f 680 677 62
f 680 677 62
f 680 677 64
f 680 722 724
f 680 677 64
f 680 677 66
f 680 677 66
f 680 677 68
f 680 677 68
f 680 677 70
f 680 677 70
f 680 677 72
f 680 677 72
f 680 677 449
f 608 664 663
f 608 607 664
f 608 662 663
f 608 607 662
f 608 665 664
f 608 607 665
f 608 662 661
f 608 607 662
f 608 666 665
f 608 607 666
f 608 660 661
f 608 607 660
f 608 672 666
f 608 607 672
f 608 660 659
f 608 607 660
f 608 673 672
f 608 607 673
f 608 658 659
f 608 607 658
f 608 677 673
f 608 607 677
f 608 657 658
f 608 607 657
f 608 677 454
f 608 652 657
f 608 607 652
f 608 454 456
f 608 607 454
f 608 649 652
f 608 607 649
f 608 461 456
f 608 607 461
f 608 649 646
f 608 607 649
f 608 463 461
f 608 463 607
f 608 646 641
f 608 639 641
f 608 607 639
f 608 646 644
f 608 607 644
f 608 607 646
f 608 466 465
f 608 607 466
f 608 639 634
f 608 607 639
f 608 466 467
f 608 607 466
f 608 632 634
f 608 607 632
f 608 468 467
f 608 607 468
f 608 632 630
f 608 468 609
f 608 607 468
f 608 632 630
f 608 471 609
f 608 607 471
f 608 628 102
f 608 630 628
f 608 630 628
f 608 610 102
f 608 607 610
f 608 632 101
f 608 607 101
f 608 607 632
f 608 471 472
f 608 607 471
f 608 540 610
f 608 473 472
f 608 607 473
f 608 540 537
f 608 607 540
f 608 540 610
f 608 607 540
f 608 473 476
f 608 607 473
f 608 481 537
f 608 607 481
f 608 544 610
f 608 607 544
f 608 477 476
f 608 607 477
f 608 478 481
f 608 607 478
f 608 544 545
f 608 607 545
f 608 607 544
f 608 477 478
f 608 607 477
f 32 31 668
f 32 42 668
f 32 42 31
f 32 42 33
f 32 42 31
f 32 33 666
f 32 31 666
f 32 33 665
f 32 31 665
f 32 33 664
f 32 31 664
f 32 33 662
f 32 31 662
f 32 33 662
f 32 31 662
f 32 33 660
f 32 31 660
f 32 33 660
f 32 31 660
f 32 33 658
f 32 31 658
f 32 33 657
f 32 657 658
f 32 31 658
f 32 33 657
f 32 33 655
f 32 31 655
f 32 33 655
f 32 655 30
f 32 31 655
f 32 653 30
f 32 33 653
f 32 33 30
f 32 653 651
f 32 33 651
f 32 33 653
f 32 30 19
f 32 31 19
f 32 31 30
f 32 33 17
f 32 31 17
f 32 33 17
f 32 31 17
f 32 33 16
f 32 31 16
f 32 31 33
f 44 668 669
f 44 670 669
f 44 6 5
f 44 4 3
f 44 85 86
f 44 652 653
f 35 34 14
f 35 36 14
f 35 34 31
f 35 34 14
f 35 36 14
f 35 42 31
f 35 36 42
f 35 42 34
f 35 36 338
f 35 36 42
f 35 338 78
f 35 34 78
f 35 36 338
f 35 34 666
f 35 42 666
f 35 42 34
f 35 34 665
f 35 36 665
f 35 36 78
f 35 34 664
f 35 36 664
f 35 34 93
f 35 34 662
f 35 36 662
f 35 36 87
f 35 36 87
f 35 34 662
f 35 36 662
f 35 87 93
f 35 34 660
f 35 36 660
f 35 89 93
f 35 36 89
f 35 34 660
f 35 36 660
f 35 92 89
f 35 94 93
f 35 34 94
f 35 34 94
f 35 92 93
f 35 36 92
f 35 34 650
f 35 36 650
f 35 34 658
f 35 36 658
f 35 92 89
f 35 36 89
f 35 36 92
f 35 34 650
f 35 36 650
f 35 34 657
f 35 36 657
f 35 34 653
f 35 36 653
f 35 34 657
f 35 36 657
f 35 34 653
f 35 36 653
f 35 34 655
f 35 36 655
f 35 34 655
f 35 36 655
f 37 13 12
f 37 36 13
f 37 36 42
f 37 13 7
f 37 36 13
f 37 7 12
f 37 36 7
f 37 36 338
f 37 36 78
f 37 36 85
f 37 36 87
f 37 36 87
f 37 36 89
f 37 36 89
f 37 36 90
f 37 36 92
f 37 36 92
f 37 36 653
f 37 36 653
f 37 36 655
f 37 36 655
f 37 36 657
f 37 36 657
f 37 36 658
f 37 36 660
f 37 36 660
f 37 42 662
f 37 36 662
f 37 42 662
f 37 36 662
f 37 36 42
f 314 315 253
f 314 315 76
f 314 315 249
f 314 310 249
f 314 315 77
f 314 315 249
f 314 310 249
f 314 315 246
f 314 310 246
f 314 317 77
f 314 315 317
f 314 315 242
f 314 310 242
f 314 315 242
f 314 310 242
f 314 315 238
f 314 310 238
f 314 315 235
f 314 310 235
f 314 357 317
f 314 315 233
f 314 310 233
f 314 357 317
f 314 315 232
f 314 310 232
f 314 360 317
f 314 315 360
f 314 315 361
f 314 315 232
f 314 310 232
f 314 315 362
f 314 315 452
f 314 310 452
f 314 315 362
f 314 315 449
f 314 315 364
f 314 315 449
f 314 315 364
f 314 315 444
f 314 315 443
f 314 427 365
f 314 315 443
f 314 427 428
f 314 315 428
f 314 315 441
f 314 315 428
f 314 315 441
f 314 315 430
f 314 315 437
f 314 315 430
f 314 315 437
f 314 315 432
f 314 315 436
f 314 315 432
f 314 315 434
f 314 315 434
f 309 261 264
f 309 310 261
f 309 310 77
f 309 310 261
f 309 310 256
f 309 310 256
f 309 310 249
f 309 310 249
f 309 310 246
f 309 310 242
f 309 310 242
f 309 310 238
f 309 310 453
f 309 310 235
f 309 310 453
f 309 310 449
f 309 310 449
f 309 310 444
f 309 310 443
f 309 310 443
f 309 310 441
f 309 310 441
f 309 310 437
f 309 310 437
f 309 310 436
f 309 310 434
f 309 310 434
f 309 310 432
f 309 414 365
f 309 310 432
f 309 415 414
f 309 310 430
f 309 415 416
f 309 310 430
f 309 416 365
f 309 310 365
f 309 310 428
f 309 310 427
f 309 310 418
f 309 310 427
f 309 310 418
f 309 310 422
f 309 310 419
f 309 310 422
f 309 310 421
f 553 482 550
f 553 478 550
f 553 479 478
f 553 482 550
f 553 551 552
f 553 551 599
f 553 551 599
f 553 550 597
f 553 477 478
f 553 550 485
f 553 550 597
f 553 599 597
f 553 599 550
f 553 552 603
f 553 550 596
f 553 596 594
f 553 477 550
f 553 550 487
f 553 551 550
f 553 551 488
f 553 552 603
f 553 592 594
f 553 550 476
f 553 551 552
f 553 551 488
f 553 473 592
f 553 473 476
f 553 212 490
f 553 552 212
f 553 552 212
f 553 552 210
f 464 470 462
f 464 463 470
f 464 462 432
f 464 463 462
f 464 470 431
f 464 470 432
f 464 470 622
f 464 463 470
f 464 430 431
f 464 463 430
f 464 622 465
f 464 463 622
f 464 430 465
f 464 463 430
f 464 619 465
f 464 463 619
f 464 428 465
f 464 463 428
f 464 619 465
f 464 463 619
f 464 427 428
f 464 463 427
f 464 617 465
f 464 463 617
f 464 427 426
f 464 463 427
f 464 616 617
f 464 463 616
f 464 426 425
f 464 463 426
f 464 616 465
f 464 463 616
f 464 425 465
f 464 463 425
f 464 613 465
f 464 463 613
f 464 422 465
f 464 463 422
f 464 613 612
f 464 463 613
f 464 422 421
f 464 463 422
f 464 611 612
f 464 463 611
f 464 421 420
f 464 463 421
f 464 611 465
f 464 463 611
f 464 419 420
f 464 463 419
f 464 608 465
f 464 608 463
f 464 418 419
f 464 463 418
f 464 608 607
f 464 608 463
f 464 418 465
f 464 463 418
f 464 607 606
f 464 463 607
f 464 416 465
f 464 463 416
f 464 605 606
f 464 463 605
f 464 415 416
f 464 605 465
f 464 463 605
f 464 415 465
f 464 415 416
f 464 603 465
f 464 463 603
f 464 465 289
f 464 463 289
f 464 416 289
f 464 463 289
f 464 463 416
f 464 603 602
f 464 463 603
f 464 465 287
f 464 601 602
f 464 463 601
f 464 287 288
f 464 463 288
f 464 465 287
f 464 601 465
f 464 463 601
f 464 249 465
f 464 598 465
f 464 463 598
f 464 249 246
f 464 463 246
f 464 249 246
f 464 598 465
f 464 463 598
f 464 246 244
f 464 463 246
f 464 592 465
f 464 242 244
f 464 463 242
f 464 592 461
f 464 463 461
f 464 592 465
f 464 241 242
f 464 463 241
f 464 592 461
f 464 465 587
f 464 241 238
f 464 463 241
f 464 461 587
f 464 583 465
f 464 238 465
f 464 463 238
f 464 583 461
f 464 583 575
f 464 465 235
f 464 463 235
f 464 575 222
f 464 465 233
f 464 463 233
f 464 583 461
f 464 583 575
f 464 223 222
f 464 575 222
f 464 232 465
f 464 463 232
f 464 225 223
f 464 463 225
f 464 463 223
f 464 232 465
f 464 463 232
f 464 223 222
f 464 223 461
f 464 225 226
f 464 463 225
f 464 230 465
f 464 463 230
f 464 226 465
f 464 463 226
f 464 230 229
f 464 463 230
f 464 228 465
f 464 463 228
f 464 228 229
f 464 463 228
f 572 573 571
f 572 573 569
f 572 571 570
f 572 569 196
f 572 569 570
f 572 569 193
f 572 569 190
f 572 573 190
f 572 569 190
f 572 573 190
f 572 196 197
f 572 193 194
f 572 573 193
f 572 569 189
f 572 573 189
f 572 573 197
f 572 573 196
f 572 569 186
f 572 573 186
f 572 571 199
f 572 573 199
f 572 194 196
f 572 573 196
f 572 573 194
f 572 569 186
f 572 573 186
f 572 571 200
f 572 573 200
f 572 569 183
f 572 573 183
f 572 571 200
f 572 573 200
f 572 569 179
f 572 573 179
f 572 571 202
f 572 573 202
f 572 569 179
f 572 573 179
f 572 571 203
f 572 569 178
f 572 573 178
f 572 203 202
f 572 573 202
f 572 571 203
f 572 573 571
f 572 569 176
f 572 573 176
f 572 569 176
f 572 176 175
f 572 573 175
f 572 573 176
f 572 569 169
f 572 573 169
f 572 569 167
f 572 167 169
f 572 569 167
f 572 169 142
f 572 573 169
f 572 167 142
f 572 167 145
f 572 569 159
f 572 569 142
f 572 569 142
f 572 146 145
f 572 146 159
f 572 569 141
f 572 573 141
f 572 569 146
f 572 146 151
f 572 151 159
f 572 569 159
f 572 569 151
f 572 569 136
f 572 146 151
f 572 569 151
f 572 569 146
f 572 137 136
f 572 573 137
f 572 573 137
f 572 569 134
f 572 573 134
f 572 573 134
f 572 573 569
f 676 677 51
f 676 675 51
f 676 677 9
f 676 677 52
f 676 675 52
f 676 9 10
f 676 675 10
f 676 675 9
f 676 677 9
f 676 675 9
f 676 677 52
f 676 675 52
f 676 677 4
f 676 677 54
f 676 675 54
f 676 4 5
f 676 675 5
f 676 675 4
f 676 677 4
f 676 675 4
f 676 677 54
f 676 675 54
f 676 675 2
f 676 677 56
f 676 675 56
f 676 675 2
f 676 677 56
f 676 675 56
f 676 677 58
f 676 675 58
f 676 677 58
f 676 675 58
f 676 677 60
f 676 675 60
f 676 677 60
f 676 675 60
f 676 677 62
f 676 675 62
f 676 677 62
f 676 673 62
f 676 675 673
f 676 677 64
f 676 673 64
f 676 677 64
f 676 673 64
f 676 677 66
f 676 673 66
f 676 677 66
f 676 673 66
f 676 677 68
f 676 675 443
f 676 673 68
f 676 677 68
f 676 677 446
f 676 675 446
f 676 673 68
f 676 677 70
f 676 677 446
f 676 675 446
f 676 673 70
f 676 675 673
f 676 673 70
f 676 677 70
f 676 673 449
f 676 677 449
f 676 677 673
f 676 673 72
f 676 677 72
f 676 673 72
f 676 677 72
f 676 677 673
f 674 673 10
f 674 675 10
f 674 675 673
f 674 673 9
f 674 675 9
f 674 673 9
f 674 675 9
f 674 672 6
f 674 673 672
f 674 6 5
f 674 675 5
f 674 672 6
f 674 675 4
f 674 671 4
f 674 671 672
f 674 675 4
f 674 673 672
f 674 675 673
f 674 671 4
f 674 675 2
f 674 675 443
f 674 671 443
f 674 671 672
f 674 675 443
f 674 2 3
f 674 671 3
f 674 2 1
f 674 675 1
f 674 675 2
f 674 671 443
f 674 675 728
f 674 670 728
f 674 671 670
f 674 675 728
f 674 670 441
f 674 671 670
f 674 670 728
f 674 675 727
f 674 670 727
f 674 440 669
f 674 670 669
f 674 670 722
f 674 725 722
f 674 439 440
f 674 669 721
f 674 670 669
f 674 669 721
f 674 439 668
f 674 439 668
f 674 719 669
f 674 719 668
f 674 719 668
f 674 711 668
f 674 437 668
f 674 711 668
f 674 668 710
f 674 437 668
f 674 437 436
f 674 668 709
f 674 706 667
f 674 705 706
f 674 436 435
f 674 667 707
f 674 668 667
f 674 705 698
f 674 434 435
f 674 434 667
f 674 432 667
f 674 432 431
f 679 677 54
f 679 680 54
f 679 677 56
f 679 680 56
f 679 677 54
f 679 680 54
f 679 677 56
f 679 680 56
f 679 680 3
f 679 677 58
f 679 680 58
f 679 4 3
f 679 680 2
f 679 677 58
f 679 680 58
f 679 680 677
f 679 680 2
f 679 728 727
f 679 680 727
f 679 680 727
f 679 680 725
f 679 680 722
f 679 680 725
f 679 680 441
f 679 680 440
f 679 680 443
f 679 680 443
f 679 677 446
f 679 680 446
f 679 677 446
f 679 680 446
f 679 680 677
f 681 56 55
f 681 680 55
f 681 680 56
f 681 680 56
f 681 2 3
f 681 680 3
f 681 680 2
f 681 680 2
f 681 680 58
f 681 680 58
f 681 680 725
f 681 727 1
f 681 680 727
f 681 680 727
f 681 680 60
f 681 680 725
f 681 680 60
f 681 680 62
f 681 680 62
f 681 680 64
f 681 680 64
f 681 680 66
f 681 680 66
f 681 680 68
f 681 680 68
f 681 680 70
f 681 680 70
f 681 680 72
f 681 680 72
f 681 680 677
f 681 677 453
f 681 677 453
f 681 677 450
f 681 680 449
f 681 677 449
f 681 680 677
f 681 680 446
f 681 680 446
f 681 680 443
f 681 680 443
f 43 42 668
f 43 44 668
f 43 42 670
f 43 44 670
f 43 42 668
f 43 44 668
f 43 42 671
f 43 42 666
f 43 44 666
f 43 671 670
f 43 44 670
f 43 42 671
f 43 42 665
f 43 44 665
f 43 42 51
f 43 44 51
f 43 42 664
f 43 44 664
f 43 44 9
f 43 42 662
f 43 44 662
f 43 9 10
f 43 42 10
f 43 42 9
f 43 42 9
f 43 44 9
f 43 42 662
f 43 44 662
f 43 44 6
f 43 42 660
f 43 44 660
f 43 6 7
f 43 42 7
f 43 42 6
f 43 44 6
f 43 42 660
f 43 44 660
f 43 44 4
f 43 42 658
f 43 44 658
f 43 44 4
f 43 42 657
f 43 44 657
f 43 42 657
f 43 44 657
f 43 42 655
f 43 44 655
f 43 42 655
f 43 44 655
f 43 42 653
f 43 44 653
f 43 44 85
f 43 42 652
f 43 44 652
f 43 44 85
f 43 42 652
f 43 44 652
f 43 44 87
f 43 42 90
f 43 44 90
f 43 44 87
f 43 44 89
f 43 44 89
f 45 668 666
f 45 44 668
f 45 44 668
f 45 44 666
f 45 44 665
f 45 44 664
f 45 44 662
f 45 44 662
f 45 44 5
f 45 44 9
f 45 44 660
f 45 44 4
f 45 44 51
f 45 44 9
f 45 44 660
f 45 44 4
f 45 44 658
f 45 44 657
f 45 2 3
f 45 44 657
f 45 3 337
f 45 44 3
f 45 44 655
f 45 44 335
f 45 44 336
f 45 44 655
f 45 44 653
f 45 335 77
f 45 44 653
f 45 44 86
f 45 44 90
f 45 44 87
f 45 44 89
f 45 44 87
f 45 44 89
f 82 94 95
f 82 96 95
f 82 96 98
f 82 272 77
f 82 267 143
f 82 98 142
f 82 98 140
f 82 98 140
f 83 36 85
f 83 35 36
f 83 37 36
f 83 82 37
f 83 35 36
f 83 82 36
f 83 94 86
f 83 85 94
f 83 87 86
f 83 35 87
f 83 94 93
f 83 82 94
f 83 82 94
f 83 35 87
f 83 94 265
f 83 85 94
f 83 93 78
f 83 35 78
f 83 35 93
f 83 77 266
f 83 82 77
f 83 265 98
f 83 96 98
f 83 82 96
f 83 82 96
f 83 268 266
f 83 82 268
f 83 267 265
f 83 267 265
f 83 267 98
f 83 82 267
f 83 268 267
f 83 82 268
f 83 98 143
f 83 82 143
f 83 82 98
f 38 37 12
f 38 37 12
f 38 37 42
f 38 7 10
f 38 37 7
f 38 37 7
f 38 37 338
f 38 77 78
f 38 37 78
f 38 37 85
f 38 83 82
f 38 37 87
f 38 37 87
f 38 37 89
f 38 37 89
f 38 37 90
f 38 37 92
f 38 37 92
f 38 37 653
f 38 37 653
f 38 37 655
f 38 37 655
f 38 37 657
f 38 37 657
f 38 37 658
f 38 42 660
f 38 37 660
f 38 42 660
f 38 37 660
f 38 37 42
f 313 310 253
f 313 314 253
f 313 314 310
f 313 310 76
f 313 314 76
f 313 314 77
f 313 314 77
f 313 314 317
f 313 352 317
f 313 354 317
f 313 314 361
f 313 354 317
f 313 314 357
f 313 357 360
f 313 314 360
f 313 314 357
f 313 314 362
f 313 317 355
f 313 314 317
f 313 314 362
f 313 314 364
f 313 314 364
f 313 314 365
f 313 314 427
f 313 314 427
f 313 314 428
f 313 314 430
f 313 314 430
f 313 314 432
f 313 314 432
f 313 314 434
f 313 314 434
f 313 314 436
f 313 314 437
f 313 314 437
f 313 310 441
f 313 314 441
f 313 310 441
f 313 314 441
f 313 310 443
f 313 314 443
f 313 310 443
f 313 314 443
f 313 310 444
f 313 314 444
f 313 310 449
f 313 314 449
f 313 310 449
f 313 314 449
f 313 314 310
f 307 266 264
f 307 368 369
f 307 367 368
f 307 369 365
f 307 365 370
f 307 365 374
f 307 365 375
f 307 377 382
f 307 414 383
f 307 384 414
f 307 384 414
f 554 482 555
f 554 553 482
f 554 479 555
f 554 553 479
f 554 482 555
f 554 553 482
f 554 479 555
f 554 553 479
f 554 555 485
f 554 553 485
f 554 555 477
f 554 553 477
f 554 555 487
f 554 553 487
f 554 555 477
f 554 553 477
f 554 553 488
f 554 555 473
f 554 553 473
f 554 488 487
f 554 555 487
f 554 488 490
f 554 553 490
f 554 553 488
f 554 555 212
f 554 553 212
f 554 473 472
f 554 555 472
f 554 555 473
f 554 473 592
f 554 553 473
f 554 555 592
f 554 555 212
f 554 553 212
f 554 553 592
f 554 555 210
f 554 553 210
f 554 593 592
f 554 555 593
f 554 555 593
f 554 555 596
f 554 553 596
f 554 555 210
f 554 555 597
f 554 553 597
f 554 552 210
f 554 553 552
f 554 555 599
f 554 553 599
f 554 552 207
f 554 555 207
f 554 553 552
f 554 555 599
f 554 552 207
f 554 555 207
f 554 555 552
f 554 552 605
f 554 555 605
f 554 555 603
f 554 553 603
f 554 599 603
f 554 553 603
f 554 553 599
f 554 552 605
f 554 555 605
f 554 555 552
f 678 677 4
f 678 679 4
f 678 679 677
f 678 677 4
f 678 679 4
f 678 679 2
f 678 676 2
f 678 676 677
f 678 679 2
f 678 676 2
f 678 679 728
f 678 728 1
f 678 675 1
f 678 676 675
f 678 679 728
f 678 675 728
f 678 675 728
f 678 679 727
f 678 676 443
f 678 676 677
f 678 679 443
f 678 679 677
f 678 679 443
f 678 675 727
f 678 679 725
f 678 675 443
f 678 676 675
f 678 679 441
f 678 674 725
f 678 674 675
f 678 674 441
f 678 674 675
f 678 679 440
f 678 674 725
f 678 725 722
f 678 679 722
f 678 679 725
f 678 679 721
f 678 674 440
f 678 679 439
f 678 674 721
f 678 674 439
f 678 674 721
f 678 679 721
f 678 674 439
f 678 679 439
f 678 674 719
f 678 679 719
f 678 674 437
f 678 674 719
f 678 674 437
f 678 674 436
f 678 711 718
f 678 674 711
f 678 674 434
f 678 674 711
f 678 674 434
f 678 674 710
f 678 674 432
f 678 674 709
f 678 674 432
f 678 674 707
f 678 674 706
f 678 430 431
f 678 674 431
f 678 674 705
f 678 430 667
f 678 674 705
f 678 428 667
f 678 705 698
f 678 427 428
f 678 698 692
f 678 427 426
f 678 427 426
f 678 667 692
f 678 698 667
f 678 674 698
f 678 426 425
f 678 426 425
f 678 667 687
f 678 425 687
f 678 425 667
f 682 56 57
f 682 681 56
f 682 681 56
f 682 2 57
f 682 681 2
f 682 2 57
f 682 681 2
f 682 58 57
f 682 681 58
f 682 58 59
f 682 681 58
f 682 59 1
f 682 681 1
f 682 60 59
f 682 681 60
f 682 681 725
f 682 60 61
f 682 681 60
f 682 62 61
f 682 681 62
f 682 62 63
f 682 681 62
f 682 64 63
f 682 681 64
f 682 64 65
f 682 681 64
f 682 66 65
f 682 681 66
f 682 66 67
f 682 681 66
f 682 68 67
f 682 681 68
f 682 68 69
f 682 681 68
f 682 70 69
f 682 681 70
f 682 70 71
f 682 681 70
f 682 72 71
f 682 681 72
f 682 681 72
f 682 72 686
f 682 72 685
f 682 595 686
f 682 677 595
f 682 681 677
f 682 598 595
f 682 454 600
f 682 598 600
f 682 677 598
f 682 453 454
f 682 677 598
f 682 601 454
f 682 681 453
f 682 453 452
f 682 601 677
f 682 601 454
f 682 681 453
f 682 450 452
f 682 601 677
f 682 454 603
f 682 681 450
f 682 449 685
f 682 449 450
f 682 677 603
f 682 454 603
f 682 681 449
f 682 677 603
f 682 454 605
f 682 449 447
f 682 681 449
f 682 677 605
f 682 454 605
f 682 681 446
f 682 677 605
f 682 607 454
f 682 681 446
f 682 607 677
f 682 608 607
f 682 681 443
f 682 608 607
f 682 608 677
f 682 681 677
f 46 666 665
f 46 45 666
f 46 45 666
f 46 665 51
f 46 45 665
f 46 51 664
f 46 45 664
f 46 662 51
f 46 45 662
f 46 45 662
f 46 9 51
f 46 45 9
f 46 45 660
f 46 45 4
f 46 4 5
f 46 45 5
f 46 45 4
f 46 9 51
f 46 45 51
f 46 45 9
f 46 45 660
f 46 45 2
f 46 45 658
f 46 45 2
f 46 45 657
f 46 45 657
f 46 45 335
f 46 336 337
f 46 45 337
f 46 45 336
f 46 45 655
f 46 45 335
f 46 45 655
f 46 45 77
f 46 45 653
f 46 45 86
f 46 45 653
f 46 45 87
f 46 45 90
f 46 45 87
f 46 45 89
f 46 45 89
f 81 37 36
f 81 82 36
f 81 82 37
f 81 38 82
f 81 38 82
f 81 82 272
f 81 271 272
f 81 82 272
f 81 268 270
f 81 270 271
f 81 268 267
f 81 82 268
f 81 268 270
f 81 82 268
f 81 267 142
f 81 82 267
f 81 142 141
f 81 82 142
f 81 140 141
f 81 82 140
f 81 82 140
f 39 42 11
f 39 38 42
f 39 12 11
f 39 38 12
f 39 38 12
f 39 38 10
f 39 38 7
f 39 38 7
f 39 38 338
f 39 38 77
f 39 38 85
f 39 83 82
f 39 38 82
f 39 38 83
f 39 38 87
f 39 38 87
f 39 38 89
f 39 38 89
f 39 38 90
f 39 92 651
f 39 38 92
f 39 38 92
f 39 652 653
f 39 38 653
f 39 38 653
f 39 38 655
f 39 38 655
f 39 42 657
f 39 38 657
f 39 42 657
f 39 38 657
f 39 42 658
f 39 38 658
f 39 38 42
f 84 83 37
f 84 38 37
f 84 38 83
f 84 39 38
f 84 39 38
f 84 39 83
f 84 77 264
f 84 85 77
f 84 77 266
f 84 83 77
f 84 85 265
f 84 83 85
f 84 261 264
f 84 85 261
f 84 85 261
f 84 265 266
f 84 83 265
f 312 310 77
f 312 313 77
f 312 313 310
f 312 313 77
f 312 313 317
f 312 313 362
f 312 313 364
f 312 351 350
f 312 313 362
f 312 313 364
f 312 313 352
f 312 351 352
f 312 313 352
f 312 350 317
f 312 313 361
f 312 310 365
f 312 313 365
f 312 313 354
f 312 348 317
f 312 313 357
f 312 310 427
f 312 313 427
f 312 313 354
f 312 345 346
f 312 348 347
f 312 313 357
f 312 310 427
f 312 313 427
f 312 313 355
f 312 346 347
f 312 310 428
f 312 313 428
f 312 310 430
f 312 313 430
f 312 310 430
f 312 313 430
f 312 310 432
f 312 313 432
f 312 310 432
f 312 313 432
f 312 310 434
f 312 313 434
f 312 310 434
f 312 313 434
f 312 310 436
f 312 313 436
f 312 310 437
f 312 313 437
f 312 310 437
f 312 313 437
f 312 313 310
f 308 309 264
f 308 307 264
f 308 309 77
f 308 307 77
f 308 309 261
f 308 307 261
f 308 307 77
f 308 309 261
f 308 307 261
f 308 309 256
f 308 307 256
f 308 309 256
f 308 307 256
f 308 309 365
f 308 309 249
f 308 307 249
f 308 367 365
f 308 307 367
f 308 307 367
f 308 309 365
f 308 309 249
f 308 307 249
f 308 365 377
f 308 307 377
f 308 309 414
f 308 307 414
f 308 309 246
f 308 307 246
f 308 365 377
f 308 307 377
f 308 309 415
f 308 307 415
f 308 309 242
f 308 307 242
f 308 365 375
f 308 307 375
f 308 307 365
f 308 309 415
f 308 307 415
f 308 309 242
f 308 307 242
f 308 309 416
f 308 307 416
f 308 309 238
f 308 307 238
f 308 309 418
f 308 307 418
f 308 309 235
f 308 309 418
f 308 307 418
f 308 453 235
f 308 307 453
f 308 309 453
f 308 309 419
f 308 307 419
f 308 309 453
f 308 307 453
f 308 309 421
f 308 307 421
f 308 309 449
f 308 307 449
f 308 309 422
f 308 307 422
f 308 309 449
f 308 307 449
f 308 309 422
f 308 307 422
f 308 309 444
f 308 307 444
f 308 309 427
f 308 307 427
f 308 309 443
f 308 307 443
f 308 309 427
f 308 307 427
f 308 309 443
f 308 307 443
f 308 309 428
f 308 307 428
f 308 309 441
f 308 307 441
f 308 309 430
f 308 307 430
f 308 309 441
f 308 307 441
f 308 309 430
f 308 307 430
f 308 309 437
f 308 307 437
f 308 309 432
f 308 307 432
f 308 309 437
f 308 307 437
f 308 309 432
f 308 307 432
f 308 309 436
f 308 307 436
f 308 309 434
f 308 307 434
f 308 309 434
f 308 307 434
f 306 77 266
f 306 307 266
f 306 307 77
f 306 77 266
f 306 307 266
f 306 307 261
f 306 307 261
f 306 307 77
f 306 307 256
f 306 307 256
f 306 307 453
f 306 453 454
f 306 307 453
f 306 307 242
f 306 307 238
f 306 307 249
f 306 307 242
f 306 307 249
f 306 307 449
f 306 307 246
f 306 307 449
f 306 307 444
f 306 307 443
f 306 307 443
f 306 307 369
f 306 307 368
f 306 307 441
f 306 307 370
f 306 307 367
f 306 307 367
f 306 307 441
f 306 307 437
f 306 372 374
f 306 307 374
f 306 307 437
f 306 307 436
f 306 307 375
f 306 307 434
f 306 307 375
f 306 307 434
f 306 307 377
f 306 307 432
f 306 307 377
f 306 307 432
f 306 307 430
f 306 307 382
f 306 307 430
f 306 307 428
f 306 307 383
f 306 307 427
f 306 307 384
f 306 307 427
f 306 307 422
f 306 384 394
f 306 307 384
f 306 307 422
f 306 307 421
f 306 307 419
f 306 307 418
f 306 307 418
f 306 307 416
f 306 307 415
f 306 307 415
f 306 307 414
f 684 725 1
f 684 682 1
f 684 725 724
f 684 725 1
f 684 682 1
f 684 682 725
f 684 724 685
f 684 720 685
f 684 721 720
f 684 720 685
f 684 719 720
f 684 439 438
f 684 440 685
f 684 439 440
f 684 440 441
f 684 441 685
f 684 443 685
f 684 443 444
f 684 446 444
f 684 682 446
f 684 446 447
f 684 682 447
f 684 682 446
f 47 662 51
f 47 46 662
f 47 46 662
f 47 660 51
f 47 46 660
f 47 51 659
f 47 660 51
f 47 51 8
f 47 46 51
f 47 46 660
f 47 4 8
f 47 46 4
f 47 658 659
f 47 46 658
f 47 4 3
f 47 46 4
f 47 657 658
f 47 46 657
f 47 2 3
f 47 46 2
f 47 657 656
f 47 46 657
f 47 2 1
f 47 655 656
f 47 46 655
f 47 1 729
f 47 2 1
f 47 46 2
f 47 655 654
f 47 46 655
f 47 336 729
f 47 46 336
f 47 653 654
f 47 46 653
f 47 335 336
f 47 46 335
f 47 653 91
f 47 46 653
f 47 335 48
f 47 46 335
f 47 90 91
f 47 46 90
f 47 77 48
f 47 46 77
f 47 89 90
f 47 46 89
f 47 86 77
f 47 46 86
f 47 89 88
f 47 46 89
f 47 87 86
f 47 46 87
f 47 87 88
f 47 46 87
f 80 38 37
f 80 81 37
f 80 81 38
f 80 38 77
f 80 81 38
f 80 278 275
f 80 278 77
f 80 274 275
f 80 272 77
f 80 81 272
f 80 279 77
f 80 278 279
f 80 278 279
f 80 274 272
f 80 272 273
f 80 274 273
f 80 274 272
f 80 271 272
f 80 81 271
f 80 270 271
f 80 81 270
f 80 81 270
f 40 42 10
f 40 39 10
f 40 39 42
f 40 42 9
f 40 9 7
f 40 39 7
f 40 39 7
f 40 39 338
f 40 39 77
f 40 84 39
f 40 84 39
f 40 39 85
f 40 39 87
f 40 39 87
f 40 39 89
f 40 39 89
f 40 39 90
f 40 39 651
f 40 39 652
f 40 39 652
f 40 42 653
f 40 39 653
f 40 42 655
f 40 39 655
f 40 42 655
f 40 39 655
f 40 39 42
f 311 312 77
f 311 308 77
f 311 308 309
f 311 309 310
f 311 312 310
f 311 308 307
f 311 308 309
f 311 306 307
f 311 308 307
f 311 309 365
f 311 309 310
f 311 312 310
f 311 312 317
f 311 364 365
f 311 312 364
f 311 312 348
f 311 312 346
f 311 306 307
f 311 351 350
f 311 312 351
f 311 312 350
f 311 364 363
f 311 312 364
f 311 323 317
f 311 317 332
f 311 317 328
f 311 312 348
f 311 306 348
f 311 312 345
f 311 350 349
f 311 306 349
f 311 351 352
f 311 312 351
f 311 362 363
f 311 312 362
f 311 317 344
f 311 352 353
f 311 312 352
f 311 362 361
f 311 312 362
f 311 345 317
f 311 312 345
f 311 354 353
f 311 312 354
f 311 361 360
f 311 312 361
f 311 354 355
f 311 312 354
f 311 357 360
f 311 312 357
f 311 355 356
f 311 312 355
f 311 357 356
f 311 312 357
f 301 272 77
f 301 454 238
f 301 408 414
f 683 684 725
f 683 684 682
f 683 681 725
f 683 682 681
f 683 684 724
f 683 680 724
f 683 681 680
f 683 680 722
f 683 721 722
f 683 684 721
f 683 684 440
f 683 684 441
f 683 680 441
f 683 681 680
f 683 681 443
f 683 682 681
f 683 680 440
f 683 684 439
f 683 684 443
f 683 679 721
f 683 679 680
f 683 684 721
f 683 682 443
f 683 684 443
f 683 684 682
f 683 679 721
f 683 684 719
f 683 684 439
f 683 679 439
f 683 679 680
f 683 679 719
f 683 679 439
f 683 719 718
f 683 684 719
f 683 437 438
f 683 684 438
f 683 678 719
f 683 678 679
f 683 718 717
f 683 678 437
f 683 678 679
f 683 437 436
f 683 678 718
f 683 716 717
f 683 678 437
f 683 436 435
f 683 678 711
f 683 711 716
f 683 711 716
f 683 434 435
f 683 678 436
f 683 434 433
f 683 678 434
f 683 711 710
f 683 678 711
f 683 432 433
f 683 678 434
f 683 710 709
f 683 678 710
f 683 432 431
f 683 678 432
f 683 678 432
f 683 709 708
f 683 678 709
f 683 430 431
f 683 678 430
f 683 707 708
f 683 678 707
f 683 430 429
f 683 678 430
f 683 706 707
f 683 678 706
f 683 428 429
f 683 678 428
f 683 705 706
f 683 678 705
f 683 678 705
f 683 427 428
f 683 678 427
f 683 678 427
f 41 42 9
f 41 40 9
f 41 40 42
f 41 42 6
f 41 6 7
f 41 40 7
f 41 6 337
f 41 43 6
f 41 43 42
f 41 6 337
f 41 336 337
f 41 336 338
f 41 40 338
f 41 4 337
f 41 43 4
f 41 43 4
f 41 43 85
f 41 43 44
f 41 335 336
f 41 44 336
f 41 43 44
f 41 43 85
f 41 84 85
f 41 40 84
f 41 40 84
f 41 40 85
f 41 335 77
f 41 40 77
f 41 44 335
f 41 43 87
f 41 40 87
f 41 45 335
f 41 45 44
f 41 45 44
f 41 43 87
f 41 40 87
f 41 43 89
f 41 40 89
f 41 43 89
f 41 43 42
f 41 40 89
f 41 42 90
f 41 40 90
f 41 42 651
f 41 40 651
f 41 42 652
f 41 40 652
f 41 42 652
f 41 40 652
f 41 40 42
f 298 266 292
f 298 272 292
f 298 272 292
f 298 279 292
f 298 279 77
f 298 279 77
f 298 448 449
f 298 448 446
f 298 445 443
f 298 410 414
f 298 390 394
f 305 306 266
f 305 301 266
f 305 306 77
f 305 301 77
f 305 306 266
f 305 301 266
f 305 306 77
f 305 306 261
f 305 301 261
f 305 306 261
f 305 301 261
f 305 306 256
f 305 301 256
f 305 311 306
f 305 306 256
f 305 301 256
f 305 311 345
f 305 306 249
f 305 301 249
f 305 311 345
f 305 306 249
f 305 301 249
f 305 311 346
f 305 306 246
f 305 301 246
f 305 311 348
f 305 311 306
f 305 306 242
f 305 301 242
f 305 306 349
f 305 306 348
f 305 367 368
f 305 306 367
f 305 306 367
f 305 306 368
f 305 306 242
f 305 301 242
f 305 306 369
f 305 306 238
f 305 301 238
f 305 306 370
f 305 306 454
f 305 301 454
f 305 306 372
f 305 306 453
f 305 301 453
f 305 306 453
f 305 306 372
f 305 306 375
f 305 449 450
f 305 306 449
f 305 306 375
f 305 306 449
f 305 306 377
f 305 306 444
f 305 306 377
f 305 306 443
f 305 306 443
f 305 306 382
f 305 306 441
f 305 306 383
f 305 306 441
f 305 306 384
f 305 306 437
f 305 306 384
f 305 306 437
f 305 306 436
f 305 386 394
f 305 306 394
f 305 306 434
f 305 306 434
f 305 306 432
f 305 306 432
f 305 306 430
f 305 404 394
f 305 306 430
f 305 406 394
f 305 306 428
f 305 406 414
f 305 306 414
f 305 306 427
f 305 406 407
f 305 306 427
f 305 306 422
f 305 306 415
f 305 306 422
f 305 306 415
f 305 306 421
f 305 306 416
f 305 306 419
f 305 306 418
f 305 306 418
f 300 301 266
f 300 301 272
f 300 301 266
f 300 301 261
f 300 272 77
f 300 301 272
f 300 301 261
f 300 301 256
f 300 301 256
f 300 301 249
f 300 301 249
f 300 301 246
f 300 301 242
f 300 301 242
f 300 301 454
f 300 301 453
f 300 301 453
f 300 301 450
f 300 301 449
f 300 301 449
f 300 301 446
f 300 301 446
f 300 301 443
f 300 301 384
f 300 301 443
f 300 301 384
f 300 301 441
f 300 301 386
f 300 301 441
f 300 301 386
f 300 301 437
f 300 301 387
f 300 301 437
f 300 301 389
f 300 301 436
f 300 301 434
f 300 390 389
f 300 301 389
f 300 301 434
f 300 301 395
f 300 301 432
f 300 301 396
f 300 301 432
f 300 301 396
f 300 301 430
f 300 301 397
f 300 301 430
f 300 301 399
f 300 301 428
f 300 301 399
f 300 301 427
f 300 301 401
f 300 301 427
f 300 301 402
f 300 301 422
f 300 301 402
f 300 301 422
f 300 301 404
f 300 301 421
f 300 301 404
f 300 301 419
f 300 301 406
f 300 301 418
f 300 301 406
f 300 301 418
f 300 301 407
f 300 301 416
f 300 301 408
f 300 301 415
f 300 301 414
f 300 301 415
f 297 266 292
f 297 298 266
f 297 298 266
f 297 261 292
f 297 298 261
f 297 261 292
f 297 298 261
f 297 256 292
f 297 298 256
f 297 256 253
f 297 298 256
f 297 298 249
f 297 298 249
f 297 298 246
f 297 298 242
f 297 242 238
f 297 298 238
f 297 298 242
f 297 298 77
f 297 298 77
f 297 298 434
f 297 298 434
f 297 455 454
f 297 298 454
f 297 298 432
f 297 298 436
f 297 298 437
f 297 298 437
f 297 455 453
f 297 298 453
f 297 298 432
f 297 455 453
f 297 298 430
f 297 453 451
f 297 298 451
f 297 298 453
f 297 298 430
f 297 440 441
f 297 298 441
f 297 451 440
f 297 298 428
f 297 451 445
f 297 298 369
f 297 298 427
f 297 445 441
f 297 298 441
f 297 448 451
f 297 298 369
f 297 298 427
f 297 445 443
f 297 298 443
f 297 298 445
f 297 448 446
f 297 298 446
f 297 298 448
f 297 448 451
f 297 298 451
f 297 298 448
f 297 298 370
f 297 298 422
f 297 298 372
f 297 298 422
f 297 298 372
f 297 298 421
f 297 298 419
f 297 298 377
f 297 298 375
f 297 298 375
f 297 298 418
f 297 298 377
f 297 298 418
f 297 298 379
f 297 298 416
f 297 298 379
f 297 298 415
f 297 298 380
f 297 298 415
f 297 298 382
f 297 298 410
f 297 298 383
f 297 298 410
f 297 298 384
f 297 298 408
f 297 298 384
f 297 298 407
f 297 298 386
f 297 298 406
f 297 298 386
f 297 298 406
f 297 298 387
f 297 298 404
f 297 298 389
f 297 298 404
f 297 298 390
f 297 298 402
f 297 298 390
f 297 298 402
f 297 298 394
f 297 298 401
f 297 298 395
f 297 298 399
f 297 298 396
f 297 298 399
f 297 298 396
f 297 298 397
f 302 300 301
f 302 297 298
f 302 368 369
f 302 348 347
f 302 346 347
f 302 323 328
f 302 328 332
f 302 311 323
f 302 311 328
f 302 297 298
f 302 323 317
f 302 311 317
f 302 311 323
f 302 375 374
f 302 300 375
f 302 300 377
f 302 300 377
f 302 300 379
f 302 300 379
f 302 382 379
f 302 300 382
f 302 300 383
f 302 300 301
f 302 301 384
f 302 301 384
f 302 301 386
f 302 301 386
f 302 301 387
f 302 301 395
f 302 389 394
f 302 301 389
f 302 301 389
f 302 301 396
f 302 301 396
f 302 301 397
f 302 301 399
f 302 301 399
f 302 301 401
f 302 301 402
f 302 301 402
f 302 301 404
f 302 301 404
f 302 301 406
f 302 301 406
f 302 301 407
f 302 301 408
f 302 301 415
f 302 301 415
f 302 301 416
f 302 301 418
f 302 301 418
f 299 298 266
f 299 300 266
f 299 298 272
f 299 300 272
f 299 298 266
f 299 300 266
f 299 298 272
f 299 300 272
f 299 298 261
f 299 300 261
f 299 298 77
f 299 300 77
f 299 298 261
f 299 300 261
f 299 302 300
f 299 298 256
f 299 300 256
f 299 298 77
f 299 302 77
f 299 302 298
f 299 298 256
f 299 300 256
f 299 298 372
f 299 298 370
f 299 302 370
f 299 302 372
f 299 298 249
f 299 300 249
f 299 298 372
f 299 298 369
f 299 302 369
f 299 302 372
f 299 298 249
f 299 300 249
f 299 298 375
f 299 298 369
f 299 302 369
f 299 302 298
f 299 302 375
f 299 302 300
f 299 298 246
f 299 300 246
f 299 298 375
f 299 300 375
f 299 298 242
f 299 300 242
f 299 298 377
f 299 300 377
f 299 298 242
f 299 300 242
f 299 298 377
f 299 300 377
f 299 300 454
f 299 298 379
f 299 300 379
f 299 454 238
f 299 298 238
f 299 298 454
f 299 298 453
f 299 300 453
f 299 298 379
f 299 300 379
f 299 298 453
f 299 300 453
f 299 300 382
f 299 298 451
f 299 382 380
f 299 298 380
f 299 298 382
f 299 298 383
f 299 300 383
f 299 451 450
f 299 300 450
f 299 298 451
f 299 298 384
f 299 300 384
f 299 298 449
f 299 300 449
f 299 298 384
f 299 300 384
f 299 298 448
f 299 298 386
f 299 300 386
f 299 448 449
f 299 300 449
f 299 298 448
f 299 298 386
f 299 300 386
f 299 298 446
f 299 300 446
f 299 298 387
f 299 300 387
f 299 300 446
f 299 298 389
f 299 300 389
f 299 446 445
f 299 298 445
f 299 298 446
f 299 298 443
f 299 300 443
f 299 298 390
f 299 300 390
f 299 298 443
f 299 300 443
f 299 298 390
f 299 300 390
f 299 298 441
f 299 300 441
f 299 298 395
f 299 300 395
f 299 298 441
f 299 300 441
f 299 298 396
f 299 300 396
f 299 298 437
f 299 300 437
f 299 298 396
f 299 300 396
f 299 298 437
f 299 300 437
f 299 298 397
f 299 300 397
f 299 298 436
f 299 300 436
f 299 298 399
f 299 300 399
f 299 298 434
f 299 300 434
f 299 298 399
f 299 300 399
f 299 298 434
f 299 300 434
f 299 298 401
f 299 300 401
f 299 298 432
f 299 300 432
f 299 298 402
f 299 300 402
f 299 298 432
f 299 300 432
f 299 298 402
f 299 300 402
f 299 298 430
f 299 300 430
f 299 298 404
f 299 300 404
f 299 298 430
f 299 300 430
f 299 298 404
f 299 300 404
f 299 298 428
f 299 300 428
f 299 298 406
f 299 300 406
f 299 298 427
f 299 300 427
f 299 298 406
f 299 300 406
f 299 298 427
f 299 300 427
f 299 298 407
f 299 300 407
f 299 298 422
f 299 300 422
f 299 298 408
f 299 300 408
f 299 298 422
f 299 300 422
f 299 298 414
f 299 300 414
f 299 298 421
f 299 300 421
f 299 298 415
f 299 300 415
f 299 298 419
f 299 300 419
f 299 298 415
f 299 300 415
f 299 298 418
f 299 300 418
f 299 298 416
f 299 300 416
f 299 298 418
f 299 300 418
f 296 249 253
f 296 297 253
f 296 297 249
f 296 249 246
f 296 297 249
f 296 246 244
f 296 297 246
f 296 242 244
f 296 297 242
f 296 242 456
f 296 297 242
f 296 455 456
f 296 297 455
f 296 297 77
f 296 455 437
f 296 297 77
f 296 437 436
f 296 297 437
f 296 455 437
f 296 297 437
f 296 297 430
f 296 297 432
f 296 434 433
f 296 297 434
f 296 297 432
f 296 302 297
f 296 436 435
f 296 297 436
f 296 455 451
f 296 297 455
f 296 297 430
f 296 434 435
f 296 297 434
f 296 451 440
f 296 297 440
f 296 297 451
f 296 297 428
f 296 302 344
f 296 297 427
f 296 302 345
f 296 302 345
f 296 297 427
f 296 297 369
f 296 302 346
f 296 302 297
f 296 297 422
f 296 297 369
f 296 297 422
f 296 297 370
f 296 297 421
f 296 297 372
f 296 297 419
f 296 297 372
f 296 297 418
f 296 297 418
f 296 297 377
f 296 375 376
f 296 297 375
f 296 297 375
f 296 297 416
f 296 297 377
f 296 297 415
f 296 297 379
f 296 297 415
f 296 297 379
f 296 297 410
f 296 297 380
f 296 297 410
f 296 297 408
f 296 297 384
f 296 297 382
f 296 297 383
f 296 297 407
f 296 297 384
f 296 297 406
f 296 297 386
f 296 297 406
f 296 297 386
f 296 297 404
f 296 297 387
f 296 297 404
f 296 297 389
f 296 297 402
f 296 297 390
f 296 297 402
f 296 297 390
f 296 297 401
f 296 297 394
f 296 297 399
f 296 297 395
f 296 297 399
f 296 297 396
f 296 297 397
f 296 297 396
f 304 305 301
f 304 305 77
f 304 305 311
f 304 305 436
f 304 305 434
f 304 305 437
f 304 305 434
f 304 311 344
f 304 305 311
f 304 305 437
f 304 305 432
f 304 305 345
f 304 305 441
f 304 305 432
f 304 305 345
f 304 305 441
f 304 305 430
f 304 305 346
f 304 305 443
f 304 305 430
f 304 305 348
f 304 305 443
f 304 305 428
f 304 305 444
f 304 305 427
f 304 348 349
f 304 305 349
f 304 305 348
f 304 305 368
f 304 446 444
f 304 301 449
f 304 305 449
f 304 305 427
f 304 305 368
f 304 301 449
f 304 305 449
f 304 305 422
f 304 305 369
f 304 301 450
f 304 305 450
f 304 305 422
f 304 305 370
f 304 301 453
f 304 305 453
f 304 305 301
f 304 305 421
f 304 305 372
f 304 305 419
f 304 305 372
f 304 305 418
f 304 305 375
f 304 305 418
f 304 305 375
f 304 305 416
f 304 305 377
f 304 305 415
f 304 305 377
f 304 305 415
f 304 305 407
f 304 382 379
f 304 305 382
f 304 407 408
f 304 305 406
f 304 305 383
f 304 305 406
f 304 305 384
f 304 305 404
f 304 305 384
f 304 305 386
f 304 404 403
f 304 305 404
f 304 403 395
f 304 402 403
f 304 386 387
f 304 305 386
f 304 402 396
f 304 402 396
f 304 396 401
f 304 401 397
f 304 397 398
f 304 399 398
f 295 296 77
f 295 296 77
f 295 458 292
f 295 430 458
f 295 456 292
f 295 296 456
f 295 296 456
f 295 458 433
f 295 296 433
f 295 302 332
f 295 296 302
f 295 296 428
f 295 430 459
f 295 296 430
f 295 430 458
f 295 296 430
f 295 432 458
f 295 296 432
f 295 296 344
f 295 302 332
f 295 296 302
f 295 296 427
f 295 432 458
f 295 296 432
f 295 296 345
f 295 427 426
f 295 296 427
f 295 296 369
f 295 345 346
f 295 296 346
f 295 296 345
f 295 296 422
f 295 296 369
f 295 296 422
f 295 296 370
f 295 296 421
f 295 296 372
f 295 296 419
f 295 296 372
f 295 296 418
f 295 296 376
f 295 296 418
f 295 296 377
f 295 296 416
f 295 296 377
f 295 296 415
f 295 296 379
f 295 296 415
f 295 296 379
f 295 296 380
f 295 410 411
f 295 296 410
f 295 296 410
f 295 296 384
f 295 383 382
f 295 296 382
f 295 296 383
f 295 296 408
f 295 296 384
f 295 296 407
f 295 296 386
f 295 296 406
f 295 296 386
f 295 296 406
f 295 296 387
f 295 296 404
f 295 296 389
f 295 296 404
f 295 296 390
f 295 296 402
f 295 296 390
f 295 296 402
f 295 296 401
f 295 394 392
f 295 296 394
f 295 296 399
f 295 296 395
f 295 296 399
f 295 296 396
f 295 296 397
f 295 296 396
f 303 302 301
f 303 304 301
f 303 302 77
f 303 304 77
f 303 302 311
f 303 304 311
f 303 301 427
f 303 301 427
f 303 304 427
f 303 304 427
f 303 302 311
f 303 301 422
f 303 301 428
f 303 304 428
f 303 304 422
f 303 311 332
f 303 304 311
f 303 302 332
f 303 301 422
f 303 301 430
f 303 304 430
f 303 304 422
f 303 302 344
f 303 304 344
f 303 301 421
f 303 301 430
f 303 304 430
f 303 304 421
f 303 302 345
f 303 304 345
f 303 301 419
f 303 302 301
f 303 301 432
f 303 304 432
f 303 304 419
f 303 302 345
f 303 304 345
f 303 301 432
f 303 304 432
f 303 302 418
f 303 304 418
f 303 302 346
f 303 304 346
f 303 301 434
f 303 304 434
f 303 302 418
f 303 304 418
f 303 302 348
f 303 304 348
f 303 301 434
f 303 304 434
f 303 302 416
f 303 304 416
f 303 302 348
f 303 304 348
f 303 301 436
f 303 304 436
f 303 302 415
f 303 304 415
f 303 302 368
f 303 304 368
f 303 301 437
f 303 304 437
f 303 302 415
f 303 304 415
f 303 302 368
f 303 304 368
f 303 301 437
f 303 304 437
f 303 302 408
f 303 304 408
f 303 302 369
f 303 304 369
f 303 301 441
f 303 304 441
f 303 302 407
f 303 304 407
f 303 302 370
f 303 304 370
f 303 301 441
f 303 304 441
f 303 302 406
f 303 304 406
f 303 302 372
f 303 304 372
f 303 301 443
f 303 304 443
f 303 302 406
f 303 304 406
f 303 302 372
f 303 301 443
f 303 304 443
f 303 302 404
f 303 304 404
f 303 372 374
f 303 304 372
f 303 302 374
f 303 301 446
f 303 304 446
f 303 302 404
f 303 304 404
f 303 302 375
f 303 304 375
f 303 301 446
f 303 304 446
f 303 304 301
f 303 302 402
f 303 304 402
f 303 302 375
f 303 304 375
f 303 302 402
f 303 304 402
f 303 302 377
f 303 304 377
f 303 302 401
f 303 304 401
f 303 302 377
f 303 304 377
f 303 302 399
f 303 304 399
f 303 302 379
f 303 304 379
f 303 302 399
f 303 304 399
f 303 302 382
f 303 304 382
f 303 302 397
f 303 304 397
f 303 302 383
f 303 304 383
f 303 302 396
f 303 304 396
f 303 302 384
f 303 304 384
f 303 302 396
f 303 304 396
f 303 302 384
f 303 304 384
f 303 302 395
f 303 304 395
f 303 302 386
f 303 304 386
f 303 304 387
f 303 302 386
f 303 304 386
f 303 387 394
f 303 302 394
f 303 302 387
f 294 295 77
f 294 292 78
f 294 77 292
f 294 295 77
f 294 292 423
f 294 292 423
f 294 458 292
f 294 295 458
f 294 295 458
f 294 338 78
f 294 426 423
f 294 427 426
f 294 295 427
f 294 427 428
f 294 295 427
f 294 344 338
f 294 295 344
f 294 332 338
f 294 295 332
f 294 295 332
f 294 295 426
f 294 428 459
f 294 295 459
f 294 295 428
f 294 345 344
f 294 295 345
f 294 422 423
f 294 295 422
f 294 345 366
f 294 295 345
f 294 422 421
f 294 295 422
f 294 370 366
f 294 421 420
f 294 295 421
f 294 370 371
f 294 295 370
f 294 369 370
f 294 295 369
f 294 295 369
f 294 419 420
f 294 295 419
f 294 372 371
f 294 295 372
f 294 418 419
f 294 295 418
f 294 372 373
f 294 295 372
f 294 418 417
f 294 295 418
f 294 376 373
f 294 295 376
f 294 416 417
f 294 295 416
f 294 377 376
f 294 295 377
f 294 415 416
f 294 295 415
f 294 377 378
f 294 295 377
f 294 415 414
f 294 295 415
f 294 379 378
f 294 295 379
f 294 411 414
f 294 295 411
f 294 379 380
f 294 295 379
f 294 410 411
f 294 295 410
f 294 380 381
f 294 295 380
f 294 410 409
f 294 295 410
f 294 383 381
f 294 295 383
f 294 408 409
f 294 295 408
f 294 384 383
f 294 295 384
f 294 407 408
f 294 295 407
f 294 384 385
f 294 295 384
f 294 406 407
f 294 295 406
f 294 386 385
f 294 295 386
f 294 406 405
f 294 295 406
f 294 386 387
f 294 295 386
f 294 404 405
f 294 295 404
f 294 387 388
f 294 295 387
f 294 404 403
f 294 295 404
f 294 389 388
f 294 295 389
f 294 402 403
f 294 295 402
f 294 390 389
f 294 295 390
f 294 402 401
f 294 295 402
f 294 390 293
f 294 295 390
f 294 401 400
f 294 295 401
f 294 392 293
f 294 295 392
f 294 399 400
f 294 295 399
f 294 394 392
f 294 295 394
f 294 399 398
f 294 295 399
f 294 395 394
f 294 295 395
f 294 397 398
f 294 295 397
f 294 396 395
f 294 295 396
f 294 396 397
f 294 295 396
