# King Wen sovereign avatar mesh
# hex06_phase2.ply
# vertices=729 faces=9870
o kingwen_avatar
v 0.202243 0.000092 0.089186 0.309804 0.352941 0.337255
v 0.204782 0.001942 0.089003 0.309804 0.349020 0.337255
v 0.207305 0.003826 0.088493 0.313725 0.349020 0.337255
v 0.209805 0.005744 0.087660 0.313725 0.349020 0.337255
v 0.212272 0.007692 0.086507 0.313725 0.345098 0.337255
v 0.213979 0.009634 0.084759 0.317647 0.345098 0.333333
v 0.216348 0.011626 0.082996 0.317647 0.341176 0.333333
v 0.218658 0.013636 0.080938 0.321569 0.337255 0.333333
v 0.220160 0.015607 0.078332 0.321569 0.333333 0.329412
v 0.222321 0.017632 0.075723 0.321569 0.329412 0.329412
v 0.224399 0.019660 0.072851 0.325490 0.325490 0.325490
v 0.225624 0.021611 0.069492 0.325490 0.321569 0.325490
v 0.227506 0.023619 0.066139 0.325490 0.313725 0.325490
v 0.229283 0.025612 0.062556 0.325490 0.309804 0.321569
v 0.230947 0.027587 0.058756 0.329412 0.305882 0.321569
v 0.231705 0.029439 0.054564 0.329412 0.298039 0.317647
v 0.233119 0.031361 0.050375 0.329412 0.294118 0.317647
v 0.233607 0.033146 0.045846 0.329412 0.286275 0.317647
v 0.234748 0.035015 0.041314 0.329412 0.282353 0.313725
v 0.235749 0.036866 0.036618 0.333333 0.274510 0.313725
v 0.235799 0.038573 0.031663 0.333333 0.270588 0.309804
v 0.236502 0.040402 0.026691 0.333333 0.266667 0.309804
v 0.237054 0.042235 0.021592 0.333333 0.262745 0.305882
v 0.238261 0.044232 0.016433 0.333333 0.258824 0.305882
v 0.343150 0.066341 0.015970 0.333333 0.258824 0.305882
v 0.345703 0.069579 0.008233 0.333333 0.254902 0.301961
v 0.344780 0.072235 0.000285 0.333333 0.254902 0.301961
v 0.345248 0.075296 -0.007731 0.333333 0.254902 0.301961
v 0.347101 0.078809 -0.015897 0.333333 0.254902 0.298039
v 0.347098 0.082053 -0.024069 0.333333 0.258824 0.298039
v 0.345253 0.084980 -0.032101 0.329412 0.262745 0.298039
v 0.343990 0.088155 -0.040124 0.329412 0.266667 0.298039
v 0.342505 0.091374 -0.048045 0.329412 0.270588 0.294118
v 0.340804 0.094621 -0.055827 0.329412 0.278431 0.294118
v 0.339682 0.098106 -0.063580 0.325490 0.282353 0.294118
v 0.337561 0.101362 -0.070992 0.325490 0.290196 0.294118
v 0.336021 0.104831 -0.078337 0.325490 0.294118 0.294118
v 0.335054 0.108518 -0.085633 0.321569 0.301961 0.294118
v 0.332343 0.111652 -0.092251 0.321569 0.305882 0.294118
v 0.328698 0.114437 -0.098300 0.317647 0.313725 0.298039
v 0.325655 0.117383 -0.104193 0.317647 0.317647 0.298039
v 0.321710 0.119942 -0.109440 0.313725 0.325490 0.298039
v 0.318375 0.122654 -0.114516 0.313725 0.329412 0.298039
v 0.314905 0.125241 -0.119160 0.309804 0.333333 0.298039
v 0.310589 0.127401 -0.123070 0.309804 0.337255 0.301961
v 0.306891 0.129720 -0.126796 0.305882 0.341176 0.301961
v 0.302387 0.131599 -0.129746 0.305882 0.341176 0.301961
v 0.297809 0.133335 -0.132201 0.301961 0.345098 0.305882
v 0.293170 0.134931 -0.134156 0.301961 0.349020 0.305882
v 0.288482 0.136390 -0.135609 0.298039 0.349020 0.305882
v 0.282419 0.137068 -0.135916 0.298039 0.349020 0.309804
v 0.277683 0.138258 -0.136361 0.294118 0.352941 0.309804
v 0.272930 0.139324 -0.136309 0.294118 0.352941 0.309804
v 0.268170 0.140270 -0.135763 0.294118 0.352941 0.309804
v 0.263414 0.141099 -0.134730 0.290196 0.352941 0.313725
v 0.258671 0.141813 -0.133217 0.290196 0.352941 0.313725
v 0.253951 0.142415 -0.131230 0.290196 0.352941 0.313725
v 0.249261 0.142906 -0.128779 0.286275 0.352941 0.313725
v 0.244611 0.143286 -0.125874 0.286275 0.352941 0.317647
v 0.240009 0.143553 -0.122526 0.286275 0.352941 0.317647
v 0.235462 0.143706 -0.118748 0.286275 0.349020 0.317647
v 0.231538 0.144089 -0.114830 0.286275 0.349020 0.317647
v 0.227112 0.144002 -0.110222 0.286275 0.345098 0.317647
v 0.222762 0.143786 -0.105227 0.282353 0.345098 0.317647
v 0.218492 0.143437 -0.099861 0.282353 0.341176 0.317647
v 0.214309 0.142950 -0.094145 0.282353 0.337255 0.317647
v 0.210731 0.142671 -0.088314 0.282353 0.333333 0.317647
v 0.206725 0.141899 -0.081945 0.282353 0.325490 0.317647
v 0.202818 0.140990 -0.075295 0.286275 0.321569 0.317647
v 0.199504 0.140297 -0.068559 0.286275 0.313725 0.317647
v 0.195797 0.139150 -0.061414 0.286275 0.305882 0.317647
v 0.193148 0.138605 -0.054348 0.286275 0.298039 0.313725
v 0.190113 0.137673 -0.046941 0.286275 0.290196 0.313725
v 0.187637 0.137087 -0.039482 0.286275 0.278431 0.313725
v 0.185247 0.136568 -0.031877 0.286275 0.270588 0.313725
v 0.182947 0.136189 -0.024167 0.286275 0.266667 0.309804
v 0.180739 0.136026 -0.016396 0.286275 0.258824 0.309804
v 0.178191 0.135819 -0.008583 0.286275 0.254902 0.309804
v 0.175323 0.135627 -0.000824 0.286275 0.254902 0.309804
v 0.172574 0.135818 0.006808 0.290196 0.254902 0.305882
v 0.170777 0.137070 0.014358 0.290196 0.258824 0.305882
v 0.168254 0.138036 0.021699 0.290196 0.262745 0.305882
v 0.166254 0.139679 0.028922 0.294118 0.270588 0.305882
v 0.164361 0.141604 0.035979 0.294118 0.278431 0.305882
v 0.162970 0.144089 0.042968 0.298039 0.286275 0.305882
v 0.161282 0.146357 0.049688 0.298039 0.298039 0.305882
v 0.160085 0.149046 0.056359 0.301961 0.305882 0.305882
v 0.158596 0.151373 0.062712 0.305882 0.313725 0.305882
v 0.156823 0.153275 0.068690 0.305882 0.321569 0.305882
v 0.155151 0.155086 0.074418 0.309804 0.329412 0.305882
v 0.153955 0.157180 0.080075 0.309804 0.337255 0.305882
v 0.152848 0.159184 0.085474 0.313725 0.341176 0.305882
v 0.152197 0.161507 0.090815 0.313725 0.345098 0.305882
v 0.151256 0.163384 0.095644 0.317647 0.349020 0.305882
v 0.150392 0.165229 0.100145 0.317647 0.352941 0.305882
v 0.149967 0.167476 0.104550 0.317647 0.356863 0.305882
v 0.149244 0.169340 0.108338 0.321569 0.356863 0.305882
v 0.148947 0.171663 0.112003 0.321569 0.356863 0.305882
v 0.148347 0.173638 0.114992 0.321569 0.360784 0.305882
v 0.147442 0.175265 0.117266 0.325490 0.360784 0.305882
v 0.146946 0.177406 0.119378 0.325490 0.360784 0.305882
v 0.142929 0.175278 0.118091 0.325490 0.360784 0.305882
v 0.133994 0.166942 0.112122 0.325490 0.360784 0.305882
v 0.133641 0.169195 0.112792 0.329412 0.360784 0.309804
v 0.120229 0.154709 0.101940 0.329412 0.360784 0.309804
v 0.115362 0.150911 0.097878 0.329412 0.360784 0.309804
v 0.115103 0.153100 0.097344 0.329412 0.360784 0.309804
v 0.114849 0.155348 0.096445 0.329412 0.360784 0.313725
v 0.114246 0.157160 0.094895 0.333333 0.356863 0.313725
v 0.113991 0.159475 0.093291 0.333333 0.356863 0.313725
v 0.113727 0.161798 0.091347 0.333333 0.356863 0.317647
v 0.113449 0.164108 0.089075 0.333333 0.352941 0.317647
v 0.113154 0.166379 0.086489 0.333333 0.349020 0.317647
v 0.112490 0.168068 0.083344 0.333333 0.345098 0.321569
v 0.112147 0.170180 0.080180 0.333333 0.341176 0.321569
v 0.111773 0.172178 0.076744 0.333333 0.337255 0.325490
v 0.111365 0.174045 0.073052 0.333333 0.333333 0.325490
v 0.110577 0.175224 0.068904 0.333333 0.329412 0.325490
v 0.110091 0.176786 0.064753 0.333333 0.321569 0.329412
v 0.109560 0.178197 0.060386 0.333333 0.313725 0.329412
v 0.108981 0.179470 0.055814 0.333333 0.309804 0.329412
v 0.108352 0.180630 0.051049 0.329412 0.301961 0.333333
v 0.107670 0.181711 0.046099 0.329412 0.294118 0.333333
v 0.106933 0.182758 0.040973 0.329412 0.286275 0.337255
v 0.106139 0.183822 0.035681 0.329412 0.278431 0.337255
v 0.105288 0.184958 0.030233 0.329412 0.274510 0.337255
v 0.104376 0.186220 0.024639 0.329412 0.266667 0.341176
v 0.103404 0.187658 0.018911 0.325490 0.262745 0.341176
v 0.102055 0.188727 0.013024 0.325490 0.258824 0.341176
v 0.100963 0.190621 0.007094 0.325490 0.254902 0.345098
v 0.099811 0.192773 0.001081 0.325490 0.254902 0.345098
v 0.098597 0.195185 -0.004993 0.321569 0.254902 0.345098
v 0.097323 0.197843 -0.011103 0.321569 0.258824 0.345098
v 0.095988 0.200718 -0.017223 0.317647 0.258824 0.345098
v 0.094595 0.203775 -0.023326 0.317647 0.266667 0.345098
v 0.093144 0.206968 -0.029383 0.313725 0.270588 0.345098
v 0.091637 0.210249 -0.035365 0.313725 0.274510 0.345098
v 0.090076 0.213568 -0.041244 0.309804 0.282353 0.345098
v 0.088462 0.216876 -0.046991 0.305882 0.290196 0.345098
v 0.087066 0.220812 -0.052742 0.305882 0.294118 0.341176
v 0.085347 0.223981 -0.058161 0.301961 0.301961 0.341176
v 0.083582 0.227020 -0.063371 0.301961 0.305882 0.341176
v 0.081773 0.229901 -0.068349 0.298039 0.313725 0.337255
v 0.079922 0.232603 -0.073072 0.298039 0.317647 0.337255
v 0.078032 0.235109 -0.077523 0.294118 0.321569 0.337255
v 0.076340 0.238139 -0.081936 0.294118 0.325490 0.333333
v 0.074373 0.240229 -0.085803 0.290196 0.329412 0.333333
v 0.072597 0.242844 -0.089624 0.290196 0.333333 0.333333
v 0.070563 0.244500 -0.092847 0.290196 0.337255 0.329412
v 0.068713 0.246690 -0.096019 0.290196 0.337255 0.329412
v 0.066827 0.248672 -0.098852 0.286275 0.341176 0.329412
v 0.064709 0.249684 -0.101027 0.286275 0.341176 0.325490
v 0.062763 0.251251 -0.103144 0.286275 0.345098 0.325490
v 0.060788 0.252615 -0.104892 0.286275 0.345098 0.325490
v 0.058609 0.253013 -0.105944 0.286275 0.345098 0.325490
v 0.056418 0.253212 -0.106610 0.286275 0.345098 0.321569
v 0.054383 0.253981 -0.107211 0.282353 0.345098 0.321569
v 0.052171 0.253789 -0.107100 0.282353 0.345098 0.321569
v 0.049954 0.253402 -0.106599 0.282353 0.345098 0.321569
v 0.047591 0.252059 -0.105390 0.282353 0.345098 0.317647
v 0.045517 0.252051 -0.104436 0.282353 0.345098 0.317647
v 0.043170 0.250325 -0.102470 0.286275 0.345098 0.317647
v 0.040965 0.249164 -0.100445 0.286275 0.345098 0.317647
v 0.038649 0.247054 -0.097755 0.286275 0.341176 0.317647
v 0.036465 0.245498 -0.095009 0.286275 0.341176 0.317647
v 0.034292 0.243738 -0.091911 0.286275 0.337255 0.317647
v 0.032130 0.241773 -0.088472 0.286275 0.337255 0.317647
v 0.029982 0.239600 -0.084704 0.286275 0.333333 0.317647
v 0.027849 0.237221 -0.080619 0.290196 0.329412 0.317647
v 0.025733 0.234639 -0.076231 0.290196 0.325490 0.317647
v 0.023707 0.232566 -0.071775 0.290196 0.321569 0.313725
v 0.021623 0.229594 -0.066819 0.290196 0.313725 0.317647
v 0.019560 0.226455 -0.061614 0.294118 0.309804 0.317647
v 0.017573 0.223850 -0.056353 0.294118 0.301961 0.317647
v 0.015550 0.220446 -0.050702 0.294118 0.298039 0.317647
v 0.013553 0.216972 -0.044873 0.298039 0.290196 0.317647
v 0.011617 0.214119 -0.039012 0.298039 0.282353 0.317647
v 0.009667 0.210642 -0.032894 0.298039 0.278431 0.317647
v 0.007769 0.207881 -0.026766 0.301961 0.270588 0.317647
v 0.005888 0.205256 -0.020540 0.301961 0.262745 0.317647
v 0.004015 0.202224 -0.014205 0.305882 0.258824 0.317647
v 0.002178 0.200062 -0.007895 0.305882 0.254902 0.317647
v 0.000361 0.198204 -0.001577 0.309804 0.254902 0.321569
v -0.001435 0.196683 0.004720 0.309804 0.254902 0.321569
v -0.003199 0.194935 0.010941 0.309804 0.258824 0.321569
v -0.004946 0.194114 0.017109 0.313725 0.262745 0.321569
v -0.006671 0.193609 0.023192 0.313725 0.266667 0.321569
v -0.008374 0.193373 0.029175 0.317647 0.274510 0.325490
v -0.010055 0.193344 0.035044 0.317647 0.282353 0.325490
v -0.011713 0.193450 0.040789 0.321569 0.290196 0.325490
v -0.013349 0.193618 0.046400 0.321569 0.301961 0.325490
v -0.014963 0.193776 0.051867 0.321569 0.309804 0.325490
v -0.016557 0.193862 0.057180 0.325490 0.317647 0.325490
v -0.018131 0.193830 0.062329 0.325490 0.325490 0.325490
v -0.019685 0.193645 0.067302 0.325490 0.329412 0.325490
v -0.021222 0.193292 0.072082 0.325490 0.337255 0.325490
v -0.022676 0.192218 0.076436 0.329412 0.341176 0.329412
v -0.024246 0.192090 0.081003 0.329412 0.349020 0.329412
v -0.025664 0.190729 0.084863 0.329412 0.352941 0.329412
v -0.027139 0.189807 0.088691 0.329412 0.356863 0.329412
v -0.028604 0.188809 0.092234 0.329412 0.356863 0.329412
v -0.030062 0.187768 0.095472 0.333333 0.360784 0.329412
v -0.031514 0.186714 0.098386 0.333333 0.360784 0.329412
v -0.032962 0.185679 0.100957 0.333333 0.360784 0.325490
v -0.034410 0.184690 0.103168 0.333333 0.360784 0.325490
v -0.035759 0.183254 0.104709 0.333333 0.360784 0.325490
v -0.037208 0.182424 0.106154 0.333333 0.360784 0.325490
v -0.038665 0.181697 0.107200 0.333333 0.364706 0.325490
v -0.040019 0.180578 0.107538 0.333333 0.364706 0.325490
v -0.041493 0.180087 0.107764 0.333333 0.364706 0.325490
v -0.042862 0.179219 0.107276 0.333333 0.364706 0.321569
v -0.044241 0.178477 0.106376 0.329412 0.364706 0.321569
v -0.045632 0.177855 0.105070 0.329412 0.364706 0.321569
v -0.047038 0.177344 0.103364 0.329412 0.360784 0.321569
v -0.048461 0.176928 0.101269 0.329412 0.360784 0.317647
v -0.049904 0.176590 0.098796 0.329412 0.360784 0.317647
v -0.051368 0.176307 0.095962 0.325490 0.360784 0.317647
v -0.052709 0.175563 0.092522 0.325490 0.360784 0.313725
v -0.054219 0.175309 0.089023 0.325490 0.356863 0.313725
v -0.055757 0.175024 0.085216 0.325490 0.356863 0.309804
v -0.057324 0.174676 0.081120 0.321569 0.352941 0.309804
v -0.058757 0.173748 0.076542 0.321569 0.349020 0.309804
v -0.060384 0.173192 0.071942 0.317647 0.341176 0.305882
v -0.062044 0.172505 0.067111 0.317647 0.337255 0.305882
v -0.063561 0.171204 0.061893 0.313725 0.329412 0.301961
v -0.065288 0.170264 0.056664 0.313725 0.321569 0.301961
v -0.067051 0.169235 0.051246 0.309804 0.313725 0.298039
v -0.068659 0.167692 0.045522 0.309804 0.301961 0.298039
v -0.070494 0.166647 0.039771 0.305882 0.294118 0.298039
v -0.072368 0.165699 0.033856 0.305882 0.286275 0.298039
v -0.074281 0.164930 0.027785 0.301961 0.274510 0.294118
v -0.076233 0.164415 0.021564 0.301961 0.266667 0.294118
v -0.078225 0.164220 0.015206 0.298039 0.262745 0.294118
v -0.080256 0.164392 0.008723 0.298039 0.258824 0.294118
v -0.082326 0.164953 0.002136 0.294118 0.254902 0.294118
v -0.084673 0.166369 -0.004546 0.294118 0.254902 0.298039
v -0.086582 0.167213 -0.011258 0.294118 0.258824 0.298039
v -0.089017 0.169317 -0.018057 0.294118 0.262745 0.298039
v -0.091245 0.171207 -0.024815 0.290196 0.270588 0.301961
v -0.093509 0.173288 -0.031531 0.290196 0.278431 0.301961
v -0.095808 0.175490 -0.038167 0.290196 0.286275 0.301961
v -0.098140 0.177746 -0.044690 0.290196 0.294118 0.305882
v -0.100787 0.180503 -0.051210 0.290196 0.301961 0.305882
v -0.103189 0.182707 -0.057425 0.290196 0.309804 0.305882
v -0.105621 0.184815 -0.063433 0.286275 0.317647 0.309804
v -0.108382 0.187323 -0.069399 0.286275 0.325490 0.309804
v -0.110874 0.189167 -0.074927 0.286275 0.329412 0.309804
v -0.113389 0.190851 -0.080173 0.286275 0.333333 0.313725
v -0.115925 0.192368 -0.085116 0.286275 0.341176 0.313725
v -0.118480 0.193716 -0.089739 0.286275 0.341176 0.313725
v -0.121390 0.195439 -0.094287 0.286275 0.345098 0.317647
v -0.124328 0.197002 -0.098507 0.286275 0.349020 0.317647
v -0.127291 0.198407 -0.102383 0.286275 0.349020 0.317647
v -0.129917 0.199105 -0.105606 0.282353 0.352941 0.321569
v -0.132547 0.199648 -0.108442 0.282353 0.352941 0.321569
v -0.135554 0.200594 -0.111188 0.282353 0.352941 0.321569
v -0.138572 0.201393 -0.113541 0.282353 0.356863 0.325490
v -0.141988 0.202600 -0.115808 0.286275 0.356863 0.325490
v -0.145026 0.203107 -0.117350 0.286275 0.356863 0.325490
v -0.148468 0.204019 -0.118795 0.286275 0.356863 0.325490
v -0.151099 0.203673 -0.119168 0.286275 0.356863 0.329412
v -0.154124 0.203729 -0.119433 0.286275 0.356863 0.329412
v -0.157136 0.203628 -0.119261 0.286275 0.356863 0.329412
v -0.159697 0.202817 -0.118332 0.290196 0.352941 0.329412
v -0.162659 0.202391 -0.117287 0.290196 0.352941 0.329412
v -0.166037 0.202337 -0.116115 0.290196 0.352941 0.329412
v -0.168490 0.201022 -0.113883 0.294118 0.349020 0.333333
v -0.170890 0.199533 -0.111231 0.294118 0.349020 0.333333
v -0.173696 0.198398 -0.108457 0.298039 0.345098 0.333333
v -0.175981 0.196550 -0.104981 0.298039 0.345098 0.333333
v -0.178196 0.194523 -0.101113 0.301961 0.341176 0.333333
v -0.180820 0.192833 -0.097126 0.301961 0.337255 0.333333
v -0.182889 0.190448 -0.092504 0.305882 0.333333 0.333333
v -0.184873 0.187898 -0.087535 0.305882 0.329412 0.333333
v -0.186768 0.185191 -0.082239 0.309804 0.321569 0.333333
v -0.188569 0.182343 -0.076637 0.309804 0.317647 0.337255
v -0.190272 0.179371 -0.070753 0.313725 0.309804 0.337255
v -0.191873 0.176298 -0.064613 0.317647 0.301961 0.337255
v -0.193884 0.173611 -0.058399 0.317647 0.294118 0.337255
v -0.195272 0.170409 -0.051813 0.321569 0.290196 0.337255
v -0.196025 0.166749 -0.044937 0.321569 0.282353 0.337255
v -0.197706 0.163997 -0.038164 0.325490 0.274510 0.337255
v -0.198745 0.160855 -0.031166 0.325490 0.266667 0.337255
v -0.199132 0.157379 -0.024032 0.329412 0.262745 0.337255
v -0.199924 0.154444 -0.016941 0.329412 0.258824 0.337255
v -0.200593 0.151645 -0.009843 0.329412 0.254902 0.337255
v -0.201136 0.148999 -0.002767 0.329412 0.254902 0.333333
v -0.201554 0.146515 0.004257 0.333333 0.254902 0.333333
v -0.201847 0.144192 0.011205 0.333333 0.258824 0.333333
v -0.202015 0.142020 0.018051 0.333333 0.258824 0.333333
v -0.202059 0.139985 0.024774 0.333333 0.262745 0.333333
v -0.201982 0.138060 0.031356 0.333333 0.270588 0.333333
v -0.201784 0.136219 0.037778 0.333333 0.274510 0.333333
v -0.200932 0.134069 0.043908 0.333333 0.282353 0.329412
v -0.200504 0.132302 0.049952 0.333333 0.290196 0.329412
v -0.199965 0.130521 0.055795 0.333333 0.298039 0.329412
v -0.199321 0.128700 0.061426 0.333333 0.305882 0.329412
v -0.198574 0.126816 0.066832 0.333333 0.313725 0.329412
v -0.197731 0.124852 0.072001 0.333333 0.321569 0.329412
v -0.197322 0.123124 0.077126 0.333333 0.325490 0.325490
v -0.196299 0.120965 0.081795 0.333333 0.333333 0.325490
v -0.195196 0.118710 0.086186 0.333333 0.337255 0.325490
v -0.194019 0.116363 0.090284 0.329412 0.345098 0.325490
v -0.192775 0.113934 0.094076 0.329412 0.349020 0.325490
v -0.191983 0.111732 0.097804 0.329412 0.352941 0.325490
v -0.190623 0.109170 0.100944 0.329412 0.352941 0.325490
v -0.189218 0.106566 0.103731 0.329412 0.356863 0.325490
v -0.187775 0.103934 0.106152 0.329412 0.356863 0.325490
v -0.186302 0.101291 0.108193 0.325490 0.360784 0.325490
v -0.185297 0.098910 0.110135 0.325490 0.360784 0.325490
v -0.183783 0.096273 0.111387 0.325490 0.360784 0.325490
v -0.182261 0.093659 0.112230 0.321569 0.360784 0.325490
v -0.180741 0.091076 0.112656 0.321569 0.360784 0.325490
v -0.179704 0.088768 0.112960 0.321569 0.360784 0.325490
v -0.178204 0.086263 0.112542 0.317647 0.360784 0.329412
v -0.176728 0.083805 0.111700 0.317647 0.364706 0.329412
v -0.175282 0.081398 0.110437 0.317647 0.364706 0.329412
v -0.173875 0.079041 0.108758 0.313725 0.360784 0.329412
v -0.172513 0.076733 0.106671 0.313725 0.360784 0.329412
v -0.171203 0.074472 0.104185 0.313725 0.360784 0.333333
v -0.169951 0.072254 0.101313 0.309804 0.360784 0.333333
v -0.168764 0.070074 0.098068 0.309804 0.360784 0.333333
v -0.167647 0.067926 0.094467 0.305882 0.360784 0.337255
v -0.166607 0.065803 0.090528 0.305882 0.360784 0.337255
v -0.165648 0.063698 0.086271 0.301961 0.356863 0.337255
v -0.164776 0.061605 0.081716 0.301961 0.356863 0.341176
v -0.163995 0.059519 0.076885 0.298039 0.352941 0.341176
v -0.163310 0.057434 0.071798 0.298039 0.349020 0.341176
v -0.163155 0.055496 0.066651 0.298039 0.341176 0.341176
v -0.162672 0.053410 0.061096 0.294118 0.333333 0.345098
v -0.162295 0.051333 0.055340 0.294118 0.325490 0.345098
v -0.162029 0.049278 0.049397 0.290196 0.317647 0.345098
v -0.162302 0.047385 0.043391 0.290196 0.305882 0.345098
v -0.162263 0.045420 0.037087 0.290196 0.294118 0.345098
v -0.162342 0.043535 0.030621 0.286275 0.282353 0.345098
v -0.162967 0.041860 0.024063 0.286275 0.274510 0.345098
v -0.163713 0.040295 0.017322 0.286275 0.266667 0.345098
v -0.164154 0.038749 0.010380 0.286275 0.258824 0.341176
v -0.165147 0.037434 0.003325 0.286275 0.254902 0.341176
v -0.165834 0.036142 -0.003860 0.286275 0.254902 0.337255
v -0.167078 0.035052 -0.011149 0.282353 0.258824 0.337255
v -0.168011 0.033954 -0.018470 0.282353 0.266667 0.333333
v -0.169506 0.033002 -0.025862 0.282353 0.274510 0.333333
v -0.171126 0.032075 -0.033255 0.282353 0.286275 0.329412
v -0.172872 0.031147 -0.040606 0.286275 0.298039 0.325490
v -0.174742 0.030195 -0.047873 0.286275 0.309804 0.325490
v -0.177189 0.029277 -0.055155 0.286275 0.321569 0.321569
v -0.179307 0.028224 -0.062147 0.286275 0.329412 0.317647
v -0.181543 0.027109 -0.068938 0.286275 0.337255 0.317647
v -0.184362 0.025991 -0.075687 0.286275 0.345098 0.313725
v -0.186832 0.024736 -0.081998 0.286275 0.349020 0.313725
v -0.189410 0.023412 -0.088020 0.286275 0.352941 0.309804
v -0.192094 0.022024 -0.093730 0.290196 0.356863 0.309804
v -0.194879 0.020572 -0.099110 0.290196 0.360784 0.309804
v -0.197759 0.019060 -0.104140 0.290196 0.360784 0.305882
v -0.200730 0.017491 -0.108804 0.294118 0.360784 0.305882
v -0.203277 0.015826 -0.112807 0.294118 0.360784 0.305882
v -0.206404 0.014150 -0.116687 0.294118 0.360784 0.301961
v -0.209081 0.012391 -0.119863 0.298039 0.364706 0.301961
v -0.212337 0.010613 -0.122913 0.298039 0.364706 0.301961
v -0.215115 0.008762 -0.125224 0.301961 0.364706 0.301961
v -0.217927 0.006866 -0.127087 0.301961 0.364706 0.301961
v -0.220767 0.004928 -0.128497 0.305882 0.364706 0.298039
v -0.223624 0.002947 -0.129449 0.305882 0.364706 0.298039
v -0.226490 0.000924 -0.129939 0.305882 0.364706 0.298039
v -0.228785 -0.001138 -0.129640 0.309804 0.360784 0.298039
v -0.231057 -0.003229 -0.128876 0.309804 0.360784 0.298039
v -0.233881 -0.005362 -0.127970 0.313725 0.360784 0.298039
v -0.236676 -0.007530 -0.126599 0.313725 0.360784 0.298039
v -0.238835 -0.009706 -0.124453 0.317647 0.360784 0.298039
v -0.241538 -0.011930 -0.122166 0.317647 0.360784 0.298039
v -0.244184 -0.014177 -0.119426 0.317647 0.356863 0.298039
v -0.246145 -0.016403 -0.115949 0.321569 0.356863 0.298039
v -0.248643 -0.018676 -0.112335 0.321569 0.352941 0.298039
v -0.250425 -0.020904 -0.108025 0.321569 0.349020 0.298039
v -0.252739 -0.023179 -0.103587 0.325490 0.345098 0.298039
v -0.254307 -0.025384 -0.098506 0.325490 0.341176 0.298039
v -0.256402 -0.027635 -0.093311 0.325490 0.333333 0.298039
v -0.257726 -0.029792 -0.087539 0.329412 0.329412 0.298039
v -0.259571 -0.031997 -0.081674 0.329412 0.321569 0.298039
v -0.260621 -0.034091 -0.075313 0.329412 0.313725 0.298039
v -0.262188 -0.036240 -0.068883 0.329412 0.305882 0.298039
v -0.263609 -0.038364 -0.062208 0.329412 0.298039 0.298039
v -0.264878 -0.040466 -0.055320 0.329412 0.290196 0.298039
v -0.265314 -0.042445 -0.048129 0.333333 0.282353 0.298039
v -0.266261 -0.044519 -0.040933 0.333333 0.274510 0.298039
v -0.267042 -0.046594 -0.033626 0.333333 0.270588 0.301961
v -0.268335 -0.048806 -0.026309 0.333333 0.262745 0.301961
v -0.268777 -0.050922 -0.018863 0.333333 0.258824 0.301961
v -0.269043 -0.053072 -0.011405 0.333333 0.254902 0.301961
v -0.269817 -0.055406 -0.003977 0.333333 0.254902 0.301961
v -0.269731 -0.057657 0.003432 0.333333 0.254902 0.301961
v -0.269467 -0.059963 0.010766 0.333333 0.254902 0.301961
v -0.269708 -0.062484 0.018046 0.333333 0.258824 0.301961
v -0.269091 -0.064910 0.025177 0.333333 0.262745 0.301961
v -0.268300 -0.067386 0.032165 0.329412 0.266667 0.301961
v -0.268013 -0.070081 0.039091 0.329412 0.274510 0.301961
v -0.266880 -0.072637 0.045756 0.329412 0.278431 0.301961
v -0.265582 -0.075211 0.052225 0.329412 0.286275 0.301961
v -0.264124 -0.077788 0.058483 0.325490 0.290196 0.301961
v -0.263172 -0.080557 0.064676 0.325490 0.298039 0.301961
v -0.261405 -0.083102 0.070480 0.325490 0.305882 0.301961
v -0.260145 -0.085822 0.076218 0.321569 0.313725 0.301961
v -0.258090 -0.088277 0.081505 0.321569 0.317647 0.301961
v -0.255904 -0.090665 0.086504 0.317647 0.325490 0.301961
v -0.253593 -0.092975 0.091199 0.317647 0.329412 0.301961
v -0.251165 -0.095200 0.095575 0.313725 0.333333 0.301961
v -0.249252 -0.097576 0.099866 0.313725 0.337255 0.301961
v -0.246607 -0.099617 0.103569 0.309804 0.341176 0.301961
v -0.243869 -0.101557 0.106907 0.309804 0.345098 0.301961
v -0.241047 -0.103396 0.109867 0.305882 0.349020 0.301961
v -0.238147 -0.105132 0.112438 0.305882 0.349020 0.301961
v -0.235179 -0.106767 0.114606 0.301961 0.352941 0.301961
v -0.232151 -0.108302 0.116364 0.301961 0.352941 0.301961
v -0.229072 -0.109739 0.117701 0.298039 0.356863 0.301961
v -0.225950 -0.111081 0.118610 0.298039 0.356863 0.298039
v -0.222793 -0.112329 0.119088 0.294118 0.356863 0.298039
v -0.219608 -0.113487 0.119129 0.294118 0.356863 0.298039
v -0.216405 -0.114556 0.118734 0.290196 0.356863 0.298039
v -0.213191 -0.115538 0.117902 0.290196 0.356863 0.298039
v -0.209974 -0.116435 0.116636 0.290196 0.356863 0.298039
v -0.206760 -0.117246 0.114942 0.286275 0.356863 0.298039
v -0.203556 -0.117972 0.112826 0.286275 0.356863 0.298039
v -0.200871 -0.118907 0.110572 0.286275 0.356863 0.298039
v -0.197702 -0.119458 0.107634 0.286275 0.356863 0.294118
v -0.194562 -0.119917 0.104305 0.286275 0.352941 0.294118
v -0.191936 -0.120578 0.100851 0.286275 0.352941 0.294118
v -0.189807 -0.121440 0.097259 0.286275 0.349020 0.294118
v -0.197403 -0.128516 0.098105 0.282353 0.349020 0.294118
v -0.200617 -0.132773 0.096121 0.282353 0.345098 0.294118
v -0.196974 -0.132387 0.090381 0.282353 0.341176 0.294118
v -0.193853 -0.132169 0.084547 0.282353 0.333333 0.294118
v -0.190369 -0.131520 0.078243 0.282353 0.329412 0.294118
v -0.187402 -0.131045 0.071862 0.286275 0.321569 0.294118
v -0.184093 -0.130160 0.065082 0.286275 0.313725 0.298039
v -0.180879 -0.129185 0.058100 0.286275 0.305882 0.298039
v -0.177355 -0.127859 0.050818 0.286275 0.298039 0.298039
v -0.174345 -0.126814 0.043500 0.286275 0.290196 0.298039
v -0.171435 -0.125810 0.036028 0.286275 0.278431 0.298039
v -0.168629 -0.124907 0.028415 0.286275 0.270588 0.301961
v -0.165541 -0.123884 0.020625 0.286275 0.262745 0.301961
v -0.162947 -0.123385 0.012788 0.286275 0.258824 0.305882
v -0.160083 -0.122888 0.004843 0.286275 0.254902 0.305882
v -0.157334 -0.122725 -0.003138 0.286275 0.254902 0.309804
v -0.155063 -0.123205 -0.011155 0.290196 0.258824 0.313725
v -0.152535 -0.123745 -0.019141 0.290196 0.262745 0.313725
v -0.150118 -0.124606 -0.027065 0.290196 0.270588 0.317647
v -0.147811 -0.125738 -0.034883 0.294118 0.282353 0.321569
v -0.145611 -0.127078 -0.042551 0.294118 0.294118 0.325490
v -0.143517 -0.128554 -0.050024 0.298039 0.305882 0.329412
v -0.141525 -0.130097 -0.057256 0.301961 0.317647 0.329412
v -0.139634 -0.131646 -0.064206 0.301961 0.329412 0.333333
v -0.137841 -0.133153 -0.070839 0.305882 0.337255 0.337255
v -0.136141 -0.134586 -0.077121 0.305882 0.345098 0.337255
v -0.134532 -0.135928 -0.083029 0.309804 0.349020 0.341176
v -0.133342 -0.137516 -0.088760 0.309804 0.356863 0.341176
v -0.131901 -0.138682 -0.093874 0.313725 0.356863 0.341176
v -0.130541 -0.139777 -0.098564 0.313725 0.360784 0.341176
v -0.129581 -0.141175 -0.103081 0.317647 0.360784 0.345098
v -0.128689 -0.142554 -0.107184 0.317647 0.360784 0.345098
v -0.127861 -0.143935 -0.110865 0.317647 0.364706 0.345098
v -0.127092 -0.145340 -0.114119 0.321569 0.360784 0.345098
v -0.126378 -0.146785 -0.116945 0.321569 0.360784 0.345098
v -0.125715 -0.148288 -0.119338 0.321569 0.360784 0.345098
v -0.125417 -0.150242 -0.121607 0.325490 0.360784 0.345098
v -0.124839 -0.151897 -0.123135 0.325490 0.360784 0.345098
v -0.124297 -0.153637 -0.124225 0.325490 0.360784 0.345098
v -0.123786 -0.155462 -0.124877 0.329412 0.360784 0.345098
v -0.123618 -0.157778 -0.125413 0.329412 0.360784 0.345098
v -0.123152 -0.159777 -0.125191 0.329412 0.360784 0.345098
v -0.123018 -0.162268 -0.124852 0.329412 0.360784 0.345098
v -0.122893 -0.164836 -0.124075 0.329412 0.360784 0.345098
v -0.122456 -0.167038 -0.122542 0.329412 0.360784 0.345098
v -0.122334 -0.169711 -0.120889 0.333333 0.364706 0.345098
v -0.121891 -0.171968 -0.118493 0.333333 0.360784 0.345098
v -0.121752 -0.174667 -0.115974 0.333333 0.360784 0.345098
v -0.121597 -0.177345 -0.113025 0.333333 0.360784 0.345098
v -0.121107 -0.179511 -0.109368 0.333333 0.360784 0.345098
v -0.120905 -0.182061 -0.105586 0.333333 0.356863 0.345098
v -0.120985 -0.184987 -0.101661 0.333333 0.352941 0.345098
v -0.120716 -0.187316 -0.097065 0.333333 0.349020 0.345098
v -0.120408 -0.189500 -0.092089 0.333333 0.345098 0.345098
v -0.120367 -0.192021 -0.086975 0.333333 0.341176 0.345098
v -0.119968 -0.193892 -0.081280 0.333333 0.333333 0.345098
v -0.119517 -0.195610 -0.075269 0.333333 0.325490 0.345098
v -0.119319 -0.197702 -0.069147 0.329412 0.317647 0.345098
v -0.118756 -0.199188 -0.062573 0.329412 0.309804 0.345098
v -0.118435 -0.201132 -0.055918 0.329412 0.301961 0.345098
v -0.118049 -0.203077 -0.049039 0.329412 0.290196 0.345098
v -0.117294 -0.204561 -0.041865 0.329412 0.282353 0.345098
v -0.116769 -0.206687 -0.034664 0.329412 0.274510 0.345098
v -0.116172 -0.208995 -0.027349 0.329412 0.266667 0.345098
v -0.115206 -0.211004 -0.019903 0.325490 0.262745 0.345098
v -0.114170 -0.213279 -0.012448 0.325490 0.258824 0.345098
v -0.113349 -0.216396 -0.005029 0.325490 0.254902 0.345098
v -0.112167 -0.219273 0.002371 0.321569 0.254902 0.345098
v -0.110912 -0.222447 0.009694 0.321569 0.254902 0.345098
v -0.109586 -0.225895 0.016918 0.317647 0.258824 0.345098
v -0.108190 -0.229581 0.024021 0.317647 0.262745 0.345098
v -0.106724 -0.233459 0.030985 0.313725 0.266667 0.345098
v -0.105189 -0.237477 0.037793 0.313725 0.274510 0.345098
v -0.103324 -0.240966 0.044315 0.309804 0.278431 0.345098
v -0.101661 -0.245085 0.050746 0.309804 0.286275 0.345098
v -0.099935 -0.249179 0.056974 0.305882 0.290196 0.345098
v -0.098147 -0.253198 0.062983 0.305882 0.298039 0.345098
v -0.096055 -0.256447 0.068584 0.301961 0.301961 0.345098
v -0.094156 -0.260187 0.074095 0.298039 0.309804 0.345098
v -0.092203 -0.263745 0.079342 0.298039 0.313725 0.345098
v -0.089969 -0.266417 0.084091 0.294118 0.317647 0.345098
v -0.087696 -0.268852 0.088519 0.294118 0.321569 0.345098
v -0.085607 -0.271736 0.092850 0.294118 0.325490 0.345098
v -0.083260 -0.273678 0.096606 0.290196 0.329412 0.345098
v -0.081093 -0.276075 0.100257 0.290196 0.333333 0.345098
v -0.078686 -0.277514 0.103287 0.290196 0.333333 0.345098
v -0.076255 -0.278703 0.105932 0.286275 0.337255 0.345098
v -0.073995 -0.280370 0.108465 0.286275 0.337255 0.345098
v -0.071522 -0.281074 0.110323 0.286275 0.341176 0.345098
v -0.069033 -0.281543 0.111772 0.286275 0.341176 0.345098
v -0.066534 -0.281780 0.112809 0.286275 0.341176 0.345098
v -0.064026 -0.281792 0.113432 0.286275 0.341176 0.345098
v -0.061512 -0.281583 0.113638 0.286275 0.341176 0.345098
v -0.058995 -0.281156 0.113429 0.282353 0.341176 0.345098
v -0.056626 -0.281252 0.113105 0.282353 0.341176 0.345098
v -0.054105 -0.280395 0.112074 0.282353 0.341176 0.345098
v -0.051588 -0.279326 0.110640 0.282353 0.341176 0.345098
v -0.049078 -0.278043 0.108811 0.286275 0.341176 0.345098
v -0.046453 -0.275812 0.106315 0.286275 0.341176 0.345098
v -0.043970 -0.274101 0.103734 0.286275 0.337255 0.345098
v -0.041501 -0.272171 0.100792 0.286275 0.337255 0.345098
v -0.038942 -0.269297 0.097244 0.286275 0.333333 0.345098
v -0.036611 -0.267648 0.093887 0.286275 0.333333 0.345098
v -0.034194 -0.265052 0.089955 0.286275 0.329412 0.345098
v -0.031713 -0.261523 0.085493 0.290196 0.325490 0.341176
v -0.029347 -0.258490 0.080996 0.290196 0.321569 0.341176
v -0.026932 -0.254547 0.076029 0.290196 0.317647 0.341176
v -0.024556 -0.250416 0.070845 0.290196 0.313725 0.341176
v -0.022343 -0.247477 0.065827 0.294118 0.309804 0.341176
v -0.020036 -0.243015 0.060241 0.294118 0.301961 0.337255
v -0.017772 -0.238441 0.054495 0.294118 0.298039 0.337255
v -0.015551 -0.233793 0.048607 0.298039 0.290196 0.337255
v -0.013413 -0.229764 0.042715 0.298039 0.286275 0.333333
v -0.011277 -0.225114 0.036579 0.298039 0.278431 0.333333
v -0.009187 -0.220555 0.030350 0.301961 0.270588 0.329412
v -0.007144 -0.216153 0.024045 0.301961 0.266667 0.329412
v -0.005148 -0.211971 0.017679 0.301961 0.262745 0.325490
v -0.003210 -0.208669 0.011301 0.305882 0.258824 0.325490
v -0.001305 -0.205090 0.004847 0.305882 0.254902 0.321569
v 0.000552 -0.201876 -0.001615 0.309804 0.254902 0.321569
v 0.002360 -0.199045 -0.008061 0.309804 0.254902 0.317647
v 0.004132 -0.197171 -0.014510 0.313725 0.258824 0.313725
v 0.005849 -0.195070 -0.020868 0.313725 0.266667 0.313725
v 0.007518 -0.193278 -0.027130 0.317647 0.274510 0.309804
v 0.009141 -0.191734 -0.033264 0.317647 0.282353 0.305882
v 0.010749 -0.190939 -0.039355 0.317647 0.290196 0.305882
v 0.012320 -0.190243 -0.045291 0.321569 0.298039 0.301961
v 0.013857 -0.189573 -0.051038 0.321569 0.309804 0.301961
v 0.015405 -0.189435 -0.056736 0.321569 0.317647 0.301961
v 0.016879 -0.188634 -0.062030 0.325490 0.325490 0.298039
v 0.018375 -0.188271 -0.067252 0.325490 0.333333 0.298039
v 0.019909 -0.188321 -0.072424 0.325490 0.341176 0.298039
v 0.021496 -0.188768 -0.077567 0.329412 0.345098 0.298039
v 0.023149 -0.189611 -0.082700 0.329412 0.349020 0.294118
v 0.024810 -0.190294 -0.087580 0.329412 0.352941 0.294118
v 0.026480 -0.190840 -0.092188 0.329412 0.356863 0.294118
v 0.028243 -0.191829 -0.096782 0.329412 0.360784 0.294118
v 0.029854 -0.191634 -0.100509 0.333333 0.360784 0.294118
v 0.031562 -0.191946 -0.104190 0.333333 0.360784 0.294118
v 0.033192 -0.191701 -0.107230 0.333333 0.360784 0.294118
v 0.034832 -0.191479 -0.109907 0.333333 0.360784 0.294118
v 0.036486 -0.191307 -0.112212 0.333333 0.364706 0.294118
v 0.038155 -0.191206 -0.114138 0.333333 0.360784 0.298039
v 0.039622 -0.190140 -0.115036 0.333333 0.360784 0.298039
v 0.041208 -0.189715 -0.115856 0.333333 0.360784 0.298039
v 0.042691 -0.188888 -0.115956 0.333333 0.360784 0.298039
v 0.044185 -0.188192 -0.115656 0.333333 0.360784 0.298039
v 0.045691 -0.187625 -0.114956 0.333333 0.360784 0.298039
v 0.047083 -0.186668 -0.113544 0.329412 0.360784 0.298039
v 0.048484 -0.185831 -0.111744 0.329412 0.364706 0.298039
v 0.049758 -0.184586 -0.109256 0.329412 0.364706 0.298039
v 0.051182 -0.183948 -0.106704 0.329412 0.360784 0.298039
v 0.052475 -0.182863 -0.103491 0.329412 0.360784 0.298039
v 0.053625 -0.181305 -0.099650 0.325490 0.360784 0.298039
v 0.054778 -0.179760 -0.095493 0.325490 0.360784 0.298039
v 0.055934 -0.178199 -0.091036 0.325490 0.356863 0.298039
v 0.056928 -0.176072 -0.086044 0.321569 0.356863 0.298039
v 0.058090 -0.174383 -0.081052 0.321569 0.352941 0.298039
v 0.058905 -0.171560 -0.075363 0.321569 0.349020 0.298039
v 0.059889 -0.169135 -0.069722 0.317647 0.341176 0.298039
v 0.060869 -0.166587 -0.063917 0.317647 0.333333 0.298039
v 0.061845 -0.163924 -0.057979 0.313725 0.325490 0.298039
v 0.062818 -0.161172 -0.051940 0.313725 0.317647 0.298039
v 0.063990 -0.158877 -0.045984 0.309804 0.309804 0.298039
v 0.065169 -0.156583 -0.039965 0.309804 0.298039 0.298039
v 0.066353 -0.154355 -0.033920 0.305882 0.290196 0.298039
v 0.067986 -0.153264 -0.028069 0.301961 0.278431 0.298039
v 0.069647 -0.152375 -0.022188 0.301961 0.270588 0.298039
v 0.071338 -0.151753 -0.016312 0.298039 0.262745 0.298039
v 0.073297 -0.151948 -0.010503 0.298039 0.258824 0.298039
v 0.075051 -0.151995 -0.004703 0.298039 0.254902 0.298039
v 0.077086 -0.152903 0.001017 0.294118 0.254902 0.298039
v 0.078901 -0.153656 0.006648 0.294118 0.254902 0.294118
v 0.081010 -0.155229 0.012200 0.294118 0.258824 0.294118
v 0.083158 -0.157072 0.017655 0.290196 0.262745 0.294118
v 0.085346 -0.159126 0.023002 0.290196 0.270588 0.294118
v 0.087571 -0.161329 0.028230 0.290196 0.274510 0.294118
v 0.090130 -0.164157 0.033439 0.290196 0.282353 0.294118
v 0.092436 -0.166479 0.038416 0.290196 0.290196 0.294118
v 0.094776 -0.168778 0.043243 0.290196 0.294118 0.294118
v 0.097150 -0.171010 0.047909 0.286275 0.301961 0.294118
v 0.099884 -0.173714 0.052574 0.286275 0.305882 0.294118
v 0.101992 -0.175156 0.056710 0.286275 0.313725 0.294118
v 0.104800 -0.177610 0.061019 0.286275 0.317647 0.294118
v 0.106947 -0.178749 0.064716 0.286275 0.321569 0.294118
v 0.109463 -0.180317 0.068386 0.286275 0.325490 0.294118
v 0.112000 -0.181728 0.071817 0.286275 0.329412 0.294118
v 0.114557 -0.182985 0.074994 0.286275 0.333333 0.294118
v 0.117131 -0.184088 0.077905 0.286275 0.333333 0.294118
v 0.119325 -0.184434 0.080273 0.282353 0.337255 0.294118
v 0.121916 -0.185240 0.082609 0.282353 0.337255 0.294118
v 0.124104 -0.185291 0.084368 0.282353 0.341176 0.294118
v 0.126699 -0.185814 0.086093 0.282353 0.341176 0.294118
v 0.128867 -0.185583 0.087215 0.282353 0.341176 0.294118
v 0.131453 -0.185831 0.088305 0.286275 0.341176 0.294118
v 0.133587 -0.185326 0.088776 0.286275 0.341176 0.294118
v 0.136148 -0.185302 0.089217 0.286275 0.341176 0.294118
v 0.138232 -0.184523 0.089033 0.286275 0.341176 0.294118
v 0.140751 -0.184222 0.088823 0.286275 0.341176 0.298039
v 0.142769 -0.183162 0.087993 0.286275 0.341176 0.298039
v 0.144743 -0.181960 0.086849 0.290196 0.337255 0.298039
v 0.147164 -0.181223 0.085686 0.290196 0.337255 0.298039
v 0.149046 -0.179725 0.083931 0.290196 0.333333 0.298039
v 0.151381 -0.178680 0.082162 0.294118 0.333333 0.298039
v 0.153152 -0.176876 0.079830 0.294118 0.329412 0.298039
v 0.154857 -0.174917 0.077228 0.298039 0.325490 0.301961
v 0.156491 -0.172804 0.074370 0.298039 0.325490 0.301961
v 0.158592 -0.171124 0.071512 0.301961 0.321569 0.301961
v 0.160081 -0.168704 0.068168 0.301961 0.317647 0.305882
v 0.161486 -0.166142 0.064607 0.305882 0.313725 0.305882
v 0.162805 -0.163446 0.060842 0.309804 0.305882 0.305882
v 0.164033 -0.160627 0.056886 0.309804 0.301961 0.309804
v 0.165741 -0.158250 0.052938 0.313725 0.298039 0.309804
v 0.166784 -0.155227 0.048628 0.313725 0.294118 0.313725
v 0.167727 -0.152138 0.044168 0.317647 0.286275 0.313725
v 0.169155 -0.149528 0.039710 0.321569 0.282353 0.317647
v 0.169894 -0.146374 0.034972 0.321569 0.278431 0.321569
v 0.171122 -0.143736 0.030229 0.325490 0.270588 0.321569
v 0.172249 -0.141123 0.025352 0.325490 0.266667 0.325490
v 0.173272 -0.138565 0.020354 0.325490 0.262745 0.325490
v 0.174798 -0.136562 0.015302 0.329412 0.258824 0.329412
v 0.261272 -0.199633 0.015002 0.329412 0.258824 0.329412
v 0.292417 -0.218791 0.007936 0.329412 0.254902 0.333333
v 0.292780 -0.214810 -0.000955 0.329412 0.254902 0.333333
v 0.292956 -0.211070 -0.009882 0.333333 0.254902 0.337255
v 0.292945 -0.207564 -0.018814 0.333333 0.258824 0.337255
v 0.293369 -0.204705 -0.027773 0.333333 0.258824 0.341176
v 0.292992 -0.201592 -0.036622 0.333333 0.266667 0.341176
v 0.293056 -0.199047 -0.045457 0.333333 0.270588 0.341176
v 0.292945 -0.196592 -0.054179 0.333333 0.274510 0.341176
v 0.292661 -0.194180 -0.062745 0.333333 0.282353 0.345098
v 0.292830 -0.192172 -0.071262 0.333333 0.290196 0.345098
v 0.292215 -0.189707 -0.079405 0.333333 0.298039 0.345098
v 0.292060 -0.187554 -0.087449 0.333333 0.305882 0.345098
v 0.291136 -0.184887 -0.095004 0.333333 0.309804 0.345098
v 0.290680 -0.182469 -0.102417 0.333333 0.317647 0.345098
v 0.289475 -0.179515 -0.109239 0.333333 0.325490 0.345098
v 0.288142 -0.176410 -0.115639 0.333333 0.329412 0.345098
v 0.286690 -0.173159 -0.121592 0.329412 0.337255 0.345098
v 0.284529 -0.169415 -0.126808 0.329412 0.341176 0.345098
v 0.282872 -0.165916 -0.131793 0.329412 0.345098 0.345098
v 0.281127 -0.162316 -0.136274 0.329412 0.349020 0.345098
v 0.279892 -0.158970 -0.140535 0.329412 0.352941 0.345098
v 0.277997 -0.155224 -0.143980 0.329412 0.352941 0.345098
v 0.276046 -0.151442 -0.146891 0.325490 0.356863 0.345098
v 0.274049 -0.147644 -0.149261 0.325490 0.356863 0.341176
v 0.272591 -0.144151 -0.151405 0.325490 0.356863 0.341176
v 0.269966 -0.140073 -0.152366 0.325490 0.360784 0.341176
v 0.268467 -0.136619 -0.153422 0.321569 0.360784 0.341176
v 0.266400 -0.132916 -0.153611 0.321569 0.360784 0.341176
v 0.264901 -0.129540 -0.153578 0.321569 0.360784 0.341176
v 0.263417 -0.126212 -0.153000 0.317647 0.360784 0.337255
v 0.261959 -0.122935 -0.151878 0.317647 0.360784 0.337255
v 0.260539 -0.119713 -0.150215 0.317647 0.360784 0.337255
v 0.259167 -0.116545 -0.148013 0.313725 0.360784 0.337255
v 0.257855 -0.113430 -0.145276 0.313725 0.360784 0.337255
v 0.256081 -0.110135 -0.141714 0.309804 0.360784 0.337255
v 0.254922 -0.107117 -0.137929 0.309804 0.360784 0.337255
v 0.253854 -0.104134 -0.133626 0.305882 0.356863 0.337255
v 0.252363 -0.100967 -0.128548 0.305882 0.356863 0.337255
v 0.250987 -0.097829 -0.122990 0.305882 0.352941 0.337255
v 0.249733 -0.094709 -0.116968 0.301961 0.352941 0.333333
v 0.248610 -0.091597 -0.110496 0.301961 0.349020 0.333333
v 0.246600 -0.088121 -0.103165 0.298039 0.341176 0.333333
v 0.245251 -0.084845 -0.095685 0.298039 0.337255 0.333333
v 0.244563 -0.081750 -0.088038 0.294118 0.329412 0.337255
v 0.243015 -0.078332 -0.079708 0.294118 0.321569 0.337255
v 0.241629 -0.074959 -0.071133 0.290196 0.313725 0.337255
v 0.239902 -0.071500 -0.062226 0.290196 0.301961 0.337255
v 0.231258 -0.066119 -0.051625 0.290196 0.294118 0.337255
v 0.151891 -0.041618 -0.028286 0.286275 0.282353 0.337255
v 0.147517 -0.038716 -0.021929 0.286275 0.274510 0.337255
v 0.146284 -0.036778 -0.016212 0.286275 0.266667 0.337255
v 0.146678 -0.035350 -0.010714 0.286275 0.258824 0.337255
v 0.147179 -0.034039 -0.005237 0.286275 0.254902 0.341176
v 0.147789 -0.032843 0.000193 0.286275 0.254902 0.341176
v 0.148506 -0.031751 0.005554 0.282353 0.254902 0.341176
v 0.149850 -0.030854 0.010868 0.282353 0.258824 0.341176
v 0.150785 -0.029911 0.016065 0.282353 0.266667 0.341176
v 0.152352 -0.029108 0.021227 0.282353 0.270588 0.341176
v 0.153503 -0.028216 0.026220 0.282353 0.278431 0.341176
v 0.155292 -0.027410 0.031200 0.286275 0.286275 0.341176
v 0.157192 -0.026572 0.036085 0.286275 0.298039 0.345098
v 0.158659 -0.025600 0.040728 0.286275 0.305882 0.345098
v 0.160772 -0.024662 0.045382 0.286275 0.313725 0.345098
v 0.162992 -0.023664 0.049911 0.286275 0.317647 0.345098
v 0.164754 -0.022524 0.054117 0.286275 0.325490 0.345098
v 0.167172 -0.021402 0.058339 0.286275 0.329412 0.345098
v 0.169113 -0.020149 0.062180 0.290196 0.337255 0.345098
v 0.171714 -0.018909 0.066031 0.290196 0.341176 0.345098
v 0.174405 -0.017612 0.069676 0.290196 0.345098 0.345098
v 0.176586 -0.016204 0.072854 0.290196 0.345098 0.345098
v 0.179434 -0.014803 0.076028 0.294118 0.349020 0.345098
v 0.181747 -0.013305 0.078682 0.294118 0.349020 0.341176
v 0.184112 -0.011766 0.081050 0.298039 0.352941 0.341176
v 0.187150 -0.010222 0.083400 0.298039 0.352941 0.341176
v 0.189610 -0.008599 0.085169 0.298039 0.352941 0.341176
v 0.192102 -0.006938 0.086624 0.301961 0.352941 0.341176
v 0.194619 -0.005237 0.087756 0.301961 0.352941 0.341176
v 0.197154 -0.003499 0.088562 0.305882 0.352941 0.341176
v 0.199698 -0.001722 0.089039 0.305882 0.352941 0.341176
f 25 698 697
f 305 306 404
f 305 306 404
f 454 382 453
f 454 453 380
f 264 262 263
f 264 261 262
f 158 55 157
f 158 262 157
f 158 261 157
f 158 261 262
f 158 261 262
f 452 453 380
f 452 382 453
f 452 483 387
f 452 483 453
f 57 156 157
f 57 158 157
f 40 42 698
f 696 28 697
f 696 40 42
f 696 57 42
f 691 694 664
f 69 68 70
f 69 68 698
f 69 170 699
f 66 698 65
f 504 501 404
f 504 501 404
f 416 517 415
f 416 517 518
f 416 326 418
f 27 26 25
f 27 698 28
f 27 25 698
f 27 696 28
f 27 696 26
f 327 412 326
f 327 302 326
f 327 328 404
f 327 326 404
f 311 412 310
f 311 404 310
f 311 404 310
f 531 512 529
f 531 619 530
f 571 664 519
f 571 531 532
f 571 529 526
f 571 531 529
f 571 531 529
f 571 534 532
f 489 397 491
f 330 331 404
f 411 311 410
f 411 311 412
f 411 327 326
f 411 327 412
f 411 327 410
f 401 302 305
f 401 302 305
f 401 305 306
f 401 504 501
f 394 489 397
f 394 330 331
f 396 330 331
f 396 330 397
f 396 327 397
f 396 327 326
f 396 305 326
f 396 397 305
f 396 397 305
f 396 302 397
f 388 483 389
f 388 287 389
f 388 483 387
f 173 700 175
f 265 263 266
f 265 264 263
f 160 66 156
f 60 158 156
f 357 373 454
f 377 454 453
f 379 452 453
f 379 454 453
f 379 454 453
f 379 377 453
f 379 377 452
f 225 302 224
f 222 225 330
f 222 225 330
f 222 225 327
f 221 222 302
f 221 222 305
f 279 276 380
f 279 276 376
f 685 57 684
f 685 57 686
f 685 686 684
f 687 57 686
f 687 686 684
f 683 57 684
f 683 685 684
f 469 471 368
f 469 371 369
f 469 471 371
f 469 471 372
f 469 373 372
f 469 471 372
f 469 471 376
f 469 377 466
f 469 377 466
f 37 698 36
f 37 40 698
f 37 696 36
f 37 696 40
f 37 66 65
f 37 66 40
f 37 68 70
f 37 687 686
f 37 686 684
f 37 683 684
f 37 677 675
f 64 37 40
f 64 696 698
f 64 160 156
f 56 696 57
f 56 57 156
f 56 687 686
f 56 687 57
f 56 158 55
f 56 57 158
f 56 685 686
f 56 685 57
f 56 158 55
f 56 57 158
f 56 685 55
f 56 685 57
f 56 683 55
f 56 683 57
f 41 687 686
f 41 687 40
f 41 40 686
f 41 685 42
f 41 685 686
f 41 685 686
f 41 683 42
f 41 683 40
f 41 679 677
f 41 64 42
f 41 64 40
f 41 64 40
f 54 687 686
f 54 685 686
f 54 685 55
f 54 683 55
f 54 261 262
f 54 55 157
f 54 261 157
f 54 261 55
f 67 37 68
f 67 37 66
f 67 68 698
f 67 66 698
f 67 66 68
f 67 37 66
f 67 66 40
f 67 41 40
f 67 41 42
f 525 524 517
f 525 524 517
f 525 571 526
f 525 571 524
f 528 529 526
f 528 512 527
f 528 512 529
f 31 32 691
f 31 669 667
f 31 669 32
f 31 32 696
f 31 669 671
f 31 669 32
f 31 28 697
f 35 683 684
f 35 677 675
f 35 687 684
f 35 696 36
f 414 517 415
f 414 327 326
f 414 327 326
f 417 418 517
f 417 416 517
f 417 418 517
f 417 416 517
f 417 418 519
f 417 416 519
f 417 418 519
f 417 418 521
f 417 416 326
f 623 534 532
f 623 528 527
f 618 533 616
f 618 617 533
f 618 619 530
f 618 533 530
f 618 533 619
f 618 533 619
f 618 617 533
f 632 617 619
f 24 27 25
f 24 27 698
f 24 78 27
f 24 700 701
f 24 700 75
f 24 698 28
f 24 31 28
f 24 31 32
f 24 69 699
f 24 69 698
f 24 31 32
f 24 698 36
f 24 69 68
f 24 69 68
f 24 67 68
f 24 67 68
f 24 67 66
f 24 67 66
f 24 66 65
f 24 66 698
f 24 37 65
f 24 37 698
f 24 64 698
f 24 64 37
f 24 37 40
f 332 396 397
f 428 330 331
f 428 332 331
f 428 332 331
f 428 512 527
f 312 414 311
f 312 414 311
f 312 311 412
f 312 411 311
f 312 411 311
f 312 311 404
f 312 311 404
f 304 305 326
f 304 225 224
f 304 225 306
f 304 222 305
f 304 221 222
f 304 221 222
f 304 305 214
f 513 531 529
f 513 528 529
f 513 528 512
f 513 571 526
f 513 571 531
f 513 571 483
f 513 571 531
f 511 531 512
f 511 513 531
f 511 531 512
f 511 513 512
f 511 513 531
f 511 411 509
f 511 513 411
f 511 411 509
f 511 513 411
f 511 509 412
f 511 513 412
f 511 513 414
f 511 513 414
f 511 513 416
f 523 524 517
f 523 571 517
f 523 571 526
f 523 524 517
f 523 571 517
f 523 525 526
f 523 525 524
f 523 525 571
f 523 525 571
f 523 524 519
f 523 571 519
f 523 571 664
f 523 571 524
f 523 623 524
f 661 26 28
f 661 27 26
f 567 489 504
f 505 489 397
f 505 489 504
f 505 567 489
f 505 401 504
f 505 401 504
f 505 504 404
f 505 504 404
f 505 408 504
f 505 428 504
f 298 394 331
f 347 591 700
f 347 452 453
f 347 454 453
f 79 24 78
f 79 78 27
f 76 24 75
f 76 24 31
f 76 24 31
f 76 31 32
f 76 37 75
f 76 35 75
f 399 401 302
f 399 401 305
f 402 311 310
f 402 401 311
f 402 312 311
f 402 312 401
f 402 401 327
f 402 326 404
f 402 327 326
f 402 401 327
f 402 327 328
f 402 330 331
f 402 332 331
f 402 428 332
f 384 388 483
f 384 388 287
f 384 480 454
f 72 37 70
f 72 35 70
f 72 73 700
f 72 24 73
f 161 262 263
f 159 158 262
f 159 161 262
f 159 160 158
f 159 158 262
f 159 161 262
f 159 161 263
f 163 161 263
f 163 161 263
f 59 158 157
f 59 60 158
f 59 156 157
f 59 60 156
f 59 60 146
f 59 685 684
f 59 685 60
f 59 683 684
f 59 685 686
f 59 685 60
f 59 687 686
f 59 687 60
f 59 60 42
f 59 696 42
f 59 696 42
f 59 60 696
f 61 40 42
f 61 24 40
f 61 42 698
f 61 60 42
f 61 696 698
f 61 60 696
f 61 24 37
f 61 687 60
f 61 685 60
f 61 60 160
f 61 160 156
f 61 160 158
f 61 60 158
f 259 264 261
f 259 264 261
f 259 57 158
f 259 57 158
f 259 159 158
f 259 265 264
f 259 159 161
f 349 279 348
f 349 452 453
f 349 454 453
f 472 471 371
f 472 471 372
f 472 471 677
f 472 471 372
f 472 471 376
f 472 377 376
f 472 379 380
f 472 469 377
f 472 469 471
f 472 469 377
f 472 469 379
f 472 469 379
f 375 357 452
f 375 377 452
f 375 355 377
f 375 357 373
f 375 377 454
f 375 355 377
f 375 357 373
f 375 373 454
f 375 469 376
f 203 269 202
f 203 269 202
f 203 279 276
f 267 368 369
f 267 269 368
f 267 265 266
f 247 174 246
f 247 246 348
f 247 349 246
f 270 272 372
f 270 269 372
f 270 272 371
f 270 269 371
f 270 272 368
f 270 269 368
f 228 327 227
f 228 327 227
f 228 227 302
f 228 304 227
f 219 222 327
f 219 222 327
f 286 347 287
f 286 384 388
f 277 279 246
f 277 247 246
f 277 247 246
f 277 246 276
f 277 279 246
f 277 276 372
f 277 279 372
f 277 276 372
f 277 279 372
f 277 276 371
f 277 279 371
f 277 279 278
f 277 276 376
f 277 279 376
f 277 279 276
f 277 278 368
f 277 276 368
f 226 286 287
f 226 286 287
f 226 228 227
f 226 227 302
f 226 225 302
f 226 327 227
f 226 225 327
f 226 225 330
f 226 228 330
f 226 304 227
f 226 304 225
f 226 327 227
f 226 225 327
f 226 225 330
f 226 228 330
f 226 304 322
f 226 332 225
f 226 228 332
f 226 228 332
f 356 357 373
f 356 375 357
f 356 355 279
f 356 375 357
f 356 375 355
f 356 375 355
f 356 277 357
f 356 277 355
f 356 357 452
f 356 355 452
f 356 277 357
f 356 277 355
f 356 357 454
f 356 355 454
f 356 357 271
f 356 355 271
f 356 270 357
f 356 270 355
f 356 259 357
f 356 355 259
f 356 259 357
f 356 355 259
f 356 357 265
f 356 355 265
f 356 357 261
f 356 357 264
f 356 264 261
f 356 355 264
f 398 302 397
f 398 399 302
f 398 489 397
f 398 401 489
f 398 397 305
f 398 399 305
f 398 505 397
f 398 505 401
f 398 505 401
f 398 397 305
f 398 399 305
f 398 332 397
f 398 399 332
f 398 330 397
f 398 399 330
f 398 327 397
f 398 399 327
f 470 471 677
f 470 469 677
f 693 37 40
f 693 40 694
f 693 37 694
f 693 35 694
f 693 54 694
f 693 56 694
f 693 56 57
f 693 57 694
f 693 59 694
f 693 59 60
f 693 61 60
f 693 694 65
f 693 64 65
f 693 64 694
f 38 37 687
f 38 37 686
f 38 37 683
f 38 37 677
f 38 35 671
f 38 101 37
f 38 101 35
f 38 72 37
f 38 76 37
f 38 72 37
f 38 72 76
f 38 37 68
f 38 67 37
f 63 64 40
f 63 61 42
f 63 61 40
f 63 64 37
f 63 61 37
f 63 693 64
f 63 693 61
f 63 24 64
f 63 61 24
f 63 64 696
f 63 61 696
f 63 24 64
f 63 61 24
f 63 160 156
f 63 64 160
f 63 61 687
f 51 693 694
f 51 693 45
f 51 54 696
f 51 56 696
f 51 56 696
f 51 56 57
f 51 45 57
f 51 687 686
f 51 685 686
f 51 685 684
f 51 683 684
f 44 45 687
f 44 45 685
f 44 45 685
f 44 45 683
f 44 67 64
f 682 54 681
f 682 54 683
f 682 56 681
f 682 56 683
f 682 56 683
f 682 51 681
f 682 51 683
f 682 683 57
f 682 44 45
f 682 44 45
f 682 41 681
f 682 41 683
f 682 683 685
f 682 41 40
f 682 41 683
f 682 677 681
f 682 677 681
f 682 683 677
f 682 38 37
f 682 38 37
f 682 35 681
f 682 35 683
f 682 37 681
f 682 37 683
f 682 35 681
f 682 35 683
f 53 54 262
f 53 682 681
f 53 682 54
f 53 682 683
f 53 682 54
f 53 683 684
f 53 54 683
f 53 685 684
f 53 54 685
f 53 685 686
f 53 54 685
f 53 687 686
f 53 54 687
f 53 693 694
f 53 693 54
f 53 51 54
f 53 51 54
f 522 525 517
f 522 525 524
f 522 524 519
f 522 523 524
f 522 521 519
f 522 523 519
f 522 523 521
f 33 35 671
f 33 669 671
f 33 669 32
f 33 669 32
f 33 687 684
f 33 32 691
f 33 32 696
f 33 24 32
f 33 24 73
f 33 72 24
f 33 76 32
f 33 101 35
f 510 533 530
f 510 533 509
f 510 531 530
f 510 428 533
f 510 428 533
f 510 511 509
f 510 511 531
f 510 511 531
f 510 428 512
f 510 511 512
f 503 504 501
f 503 408 501
f 503 408 504
f 406 330 331
f 406 327 328
f 406 327 326
f 406 312 311
f 406 311 310
f 406 408 311
f 406 305 306
f 406 408 305
f 621 619 651
f 621 623 651
f 621 623 534
f 621 533 619
f 621 533 534
f 621 623 534
f 621 533 619
f 621 623 531
f 621 531 529
f 621 623 531
f 621 623 528
f 625 623 651
f 625 528 526
f 625 528 529
f 625 623 528
f 625 623 528
f 625 525 526
f 625 531 529
f 625 623 531
f 625 623 525
f 625 531 532
f 625 623 532
f 625 623 531
f 625 623 524
f 625 623 525
f 625 523 524
f 625 522 523
f 625 522 101
f 707 79 24
f 635 615 716
f 635 618 617
f 635 615 618
f 635 615 716
f 74 24 73
f 74 73 700
f 74 24 700
f 74 24 700
f 74 24 32
f 74 24 73
f 74 135 700
f 74 33 32
f 74 33 73
f 74 72 135
f 74 35 75
f 74 72 35
f 74 37 75
f 74 72 37
f 74 72 37
f 8 25 651
f 8 11 25
f 445 388 387
f 423 411 327
f 423 411 410
f 423 522 523
f 323 417 322
f 323 417 322
f 323 322 416
f 323 414 322
f 323 225 322
f 323 414 322
f 323 226 225
f 323 322 412
f 323 226 322
f 323 411 322
f 323 411 322
f 323 304 322
f 323 228 304
f 323 406 322
f 323 304 305
f 323 304 322
f 323 322 404
f 323 322 404
f 323 398 322
f 323 402 322
f 323 398 399
f 323 402 401
f 434 428 404
f 434 402 404
f 434 503 428
f 309 312 221
f 309 312 221
f 514 528 512
f 514 513 528
f 514 528 527
f 514 513 528
f 514 513 526
f 514 417 418
f 514 513 417
f 514 417 416
f 514 513 417
f 514 416 415
f 514 513 416
f 514 414 415
f 514 513 414
f 514 414 413
f 514 513 414
f 514 412 413
f 514 513 412
f 514 411 412
f 514 513 411
f 514 513 411
f 570 513 571
f 570 511 513
f 570 511 513
f 570 480 571
f 570 472 471
f 570 470 471
f 570 470 469
f 666 38 35
f 666 33 35
f 666 33 32
f 481 570 571
f 481 570 480
f 481 384 483
f 481 454 483
f 481 480 454
f 481 483 453
f 481 384 480
f 658 571 657
f 658 657 26
f 658 657 25
f 658 657 26
f 658 657 697
f 660 661 26
f 660 658 26
f 660 658 571
f 660 661 696
f 607 428 327
f 508 567 534
f 508 533 534
f 508 533 509
f 508 511 509
f 508 505 567
f 508 570 511
f 508 505 408
f 508 411 509
f 508 511 408
f 508 511 408
f 508 505 404
f 508 411 509
f 508 511 404
f 508 505 404
f 508 505 401
f 508 511 404
f 508 505 401
f 568 571 534
f 568 567 534
f 568 567 571
f 568 508 511
f 568 508 567
f 568 481 567
f 568 470 567
f 568 567 480
f 538 503 502
f 538 567 571
f 579 578 685
f 579 578 687
f 579 682 578
f 579 682 578
f 579 683 685
f 579 578 685
f 579 578 683
f 655 571 657
f 655 657 26
f 655 658 657
f 655 660 658
f 655 658 657
f 655 660 658
f 584 658 657
f 581 567 571
f 164 66 65
f 164 160 66
f 164 67 66
f 676 684 675
f 676 683 684
f 676 683 677
f 676 578 677
f 676 685 684
f 676 685 684
f 676 683 684
f 676 670 685
f 676 682 677
f 676 682 683
f 676 682 683
f 676 670 584
f 676 584 685
f 676 670 584
f 492 445 443
f 492 401 489
f 492 495 401
f 492 398 401
f 492 489 397
f 492 398 489
f 492 398 399
f 492 434 399
f 492 434 398
f 441 394 393
f 409 508 509
f 409 508 408
f 409 511 509
f 409 511 408
f 409 511 513
f 409 511 513
f 409 323 322
f 409 311 410
f 409 408 311
f 409 312 311
f 409 312 408
f 232 330 231
f 232 332 231
f 232 286 287
f 232 286 236
f 232 286 236
f 299 394 330
f 299 298 330
f 299 298 394
f 299 298 327
f 299 228 298
f 299 226 298
f 299 226 298
f 299 298 225
f 392 394 489
f 392 445 489
f 392 445 443
f 392 390 443
f 273 203 202
f 273 203 274
f 273 247 246
f 273 247 274
f 273 272 376
f 273 274 376
f 273 355 271
f 273 272 372
f 273 274 372
f 273 356 355
f 273 356 355
f 273 272 372
f 273 274 372
f 273 356 357
f 273 356 274
f 273 272 371
f 273 274 371
f 273 272 368
f 273 274 368
f 292 390 389
f 292 392 394
f 594 595 700
f 594 595 700
f 77 76 24
f 77 76 24
f 77 78 27
f 77 24 27
f 77 24 78
f 77 76 31
f 77 78 28
f 77 31 28
f 77 31 78
f 77 76 31
f 77 33 78
f 77 33 76
f 77 38 76
f 77 38 72
f 77 76 37
f 77 76 35
f 400 401 305
f 400 399 305
f 400 399 401
f 400 401 311
f 400 399 311
f 400 323 401
f 400 323 399
f 400 401 327
f 400 399 327
f 400 401 327
f 400 399 330
f 400 402 330
f 400 399 332
f 400 402 332
f 400 335 399
f 400 434 399
f 383 454 382
f 383 384 454
f 383 286 287
f 383 286 384
f 383 452 382
f 383 384 452
f 383 287 382
f 383 347 287
f 383 384 347
f 383 349 382
f 383 349 447
f 136 74 73
f 136 74 135
f 136 178 135
f 136 74 72
f 136 74 72
f 71 72 700
f 71 173 700
f 71 24 699
f 71 72 24
f 71 170 699
f 71 173 170
f 71 173 700
f 71 72 138
f 71 138 73
f 71 72 73
f 71 72 138
f 362 368 369
f 362 259 57
f 362 259 158
f 362 259 57
f 362 56 57
f 362 682 56
f 451 379 377
f 451 452 380
f 451 379 380
f 451 379 452
f 451 452 382
f 451 349 452
f 451 383 452
f 451 347 452
f 451 383 384
f 451 452 387
f 451 452 483
f 451 388 483
f 458 347 591
f 458 481 480
f 169 69 170
f 672 670 578
f 672 670 687
f 672 670 687
f 672 687 32
f 672 38 35
f 672 33 32
f 672 33 687
f 672 33 687
f 204 269 205
f 204 203 269
f 204 273 205
f 204 273 203
f 204 273 274
f 204 273 203
f 204 279 205
f 204 203 279
f 258 259 265
f 258 267 265
f 258 259 264
f 258 259 265
f 258 267 266
f 258 163 161
f 258 259 161
f 258 161 160
f 258 159 160
f 258 159 161
f 258 259 159
f 258 159 158
f 258 259 159
f 248 273 247
f 248 273 247
f 248 277 247
f 248 247 349
f 248 247 170
f 248 349 348
f 248 277 349
f 248 247 348
f 248 277 247
f 230 286 287
f 230 286 236
f 230 299 298
f 230 332 231
f 230 298 231
f 230 298 327
f 230 299 327
f 230 330 231
f 342 594 595
f 342 594 595
f 351 379 380
f 351 255 273
f 353 379 377
f 353 169 170
f 354 355 377
f 354 355 377
f 354 451 377
f 354 451 379
f 354 353 379
f 354 353 451
f 354 353 451
f 354 355 452
f 354 353 452
f 354 355 279
f 354 353 279
f 354 355 454
f 354 353 454
f 354 277 355
f 354 353 277
f 354 277 355
f 354 353 277
f 354 273 355
f 354 353 273
f 354 273 355
f 354 353 273
f 354 270 355
f 354 355 265
f 354 353 264
f 354 264 261
f 354 355 264
f 354 259 261
f 354 355 259
f 354 355 259
f 275 279 205
f 275 204 205
f 275 204 274
f 275 204 203
f 275 204 203
f 275 203 276
f 275 203 274
f 275 276 376
f 275 274 376
f 275 276 376
f 275 274 376
f 275 246 276
f 275 276 372
f 275 274 372
f 275 247 246
f 275 247 274
f 275 276 372
f 275 274 372
f 275 248 247
f 275 248 247
f 275 276 371
f 275 274 371
f 275 276 368
f 275 274 368
f 275 354 353
f 275 354 353
f 275 356 357
f 275 356 274
f 275 354 355
f 275 354 355
f 275 356 355
f 275 356 355
f 43 693 694
f 43 693 45
f 43 44 45
f 43 45 60
f 43 63 42
f 43 44 63
f 43 687 686
f 43 44 687
f 43 61 42
f 43 61 60
f 43 61 60
f 43 59 60
f 43 59 45
f 43 63 64
f 43 44 63
f 43 685 686
f 43 44 685
f 43 59 42
f 43 59 45
f 43 64 42
f 43 44 64
f 43 685 42
f 43 44 685
f 43 57 42
f 43 45 57
f 43 67 42
f 43 44 67
f 43 683 42
f 43 44 683
f 43 51 57
f 43 51 45
f 43 51 45
f 43 67 41
f 43 682 683
f 43 682 44
f 43 101 67
f 43 44 101
f 43 44 101
f 43 682 681
f 43 682 44
f 43 41 677
f 43 44 677
f 43 41 679
f 43 41 679
f 43 44 679
f 692 691 694
f 692 693 694
f 692 693 64
f 692 33 691
f 692 33 693
f 692 63 64
f 692 63 693
f 692 63 61
f 692 63 693
f 692 35 691
f 692 693 35
f 692 61 60
f 692 693 61
f 692 37 691
f 692 693 37
f 692 59 60
f 692 693 59
f 692 38 37
f 692 59 691
f 692 693 59
f 692 691 57
f 692 693 57
f 692 41 691
f 692 56 691
f 692 693 56
f 692 41 40
f 692 693 40
f 692 41 691
f 692 56 691
f 692 693 56
f 692 43 691
f 692 43 693
f 692 54 691
f 692 693 54
f 692 43 45
f 692 43 693
f 692 53 54
f 692 53 693
f 692 53 691
f 692 53 693
f 692 51 691
f 692 51 693
f 39 687 40
f 39 38 687
f 39 40 686
f 39 38 686
f 39 683 40
f 39 38 683
f 39 682 683
f 39 682 38
f 39 692 691
f 39 692 38
f 39 682 40
f 39 682 38
f 39 692 38
f 39 67 37
f 39 38 67
f 39 693 37
f 39 692 693
f 39 692 693
f 39 679 677
f 39 38 679
f 39 38 67
f 39 38 677
f 39 38 68
f 39 41 677
f 39 41 677
f 39 67 41
f 39 101 67
f 39 672 38
f 39 38 72
f 39 672 41
f 30 101 31
f 30 101 35
f 30 38 101
f 30 691 664
f 30 77 78
f 30 77 31
f 30 77 31
f 30 31 32
f 30 666 32
f 30 33 35
f 30 691 694
f 30 31 691
f 30 666 691
f 30 696 697
f 30 31 697
f 30 31 696
f 688 44 45
f 688 44 45
f 688 43 44
f 688 43 44
f 688 49 51
f 688 49 51
f 688 43 42
f 688 43 687
f 688 51 689
f 688 51 687
f 688 41 42
f 688 41 687
f 688 53 689
f 688 53 687
f 688 41 40
f 688 41 687
f 688 53 54
f 688 53 54
f 688 39 40
f 688 39 687
f 688 54 55
f 688 54 687
f 688 39 38
f 688 39 38
f 688 56 55
f 688 56 687
f 688 38 37
f 688 38 37
f 688 56 57
f 688 56 687
f 688 37 689
f 688 37 687
f 688 57 689
f 688 687 57
f 688 35 689
f 688 35 687
f 688 59 689
f 688 59 687
f 688 59 60
f 688 59 687
f 688 33 32
f 688 33 687
f 688 61 60
f 688 61 687
f 688 31 32
f 688 63 61
f 688 63 61
f 688 31 671
f 688 687 32
f 688 31 32
f 688 63 689
f 688 63 687
f 688 669 671
f 688 670 687
f 688 670 669
f 688 579 689
f 688 579 578
f 688 579 578
f 688 670 687
f 680 44 45
f 680 44 45
f 680 43 44
f 680 43 44
f 680 43 681
f 680 43 679
f 680 51 681
f 680 41 681
f 680 41 679
f 680 53 681
f 680 53 679
f 680 41 40
f 680 41 679
f 680 53 54
f 680 53 54
f 680 39 40
f 680 39 679
f 680 39 38
f 680 39 38
f 680 54 681
f 680 38 37
f 680 37 681
f 680 38 679
f 680 38 37
f 680 35 681
f 680 37 677
f 680 579 578
f 680 579 578
f 680 35 677
f 680 677 681
f 680 679 677
f 680 677 681
f 680 35 681
f 680 35 677
f 690 35 689
f 690 35 691
f 690 33 32
f 690 33 32
f 690 37 689
f 690 37 691
f 690 31 32
f 690 31 32
f 690 38 37
f 690 38 37
f 690 31 667
f 690 39 38
f 690 39 38
f 690 666 691
f 690 30 691
f 690 30 31
f 690 30 31
f 690 39 40
f 690 39 691
f 690 41 40
f 690 41 691
f 690 41 42
f 690 41 691
f 690 63 689
f 690 43 42
f 690 43 691
f 690 692 63
f 690 692 63
f 690 63 61
f 690 63 61
f 690 43 44
f 690 61 60
f 690 61 60
f 690 44 45
f 690 43 45
f 690 43 44
f 690 59 60
f 690 59 60
f 690 59 689
f 690 59 691
f 690 49 51
f 690 57 689
f 690 691 57
f 690 51 689
f 690 51 691
f 690 56 57
f 690 56 691
f 690 53 689
f 690 53 691
f 690 56 55
f 690 56 691
f 690 53 54
f 690 53 54
f 690 54 55
f 690 54 691
f 695 35 694
f 695 35 696
f 695 33 32
f 695 33 32
f 695 37 694
f 695 37 696
f 695 31 32
f 695 31 32
f 695 37 40
f 695 37 696
f 695 30 31
f 695 30 31
f 695 40 694
f 695 696 40
f 695 30 694
f 695 30 696
f 695 51 696
f 695 694 28
f 695 696 28
f 695 51 45
f 695 51 45
f 695 51 694
f 695 27 696
f 695 43 694
f 695 43 45
f 695 43 45
f 695 53 694
f 695 53 51
f 695 53 51
f 695 53 54
f 695 53 54
f 695 660 661
f 695 660 661
f 695 27 696
f 695 661 696
f 695 661 27
f 695 54 694
f 695 54 696
f 695 56 694
f 695 56 696
f 695 56 57
f 695 56 696
f 695 57 694
f 695 696 57
f 695 698 65
f 695 696 698
f 695 694 65
f 695 59 694
f 695 59 696
f 695 64 694
f 695 64 696
f 695 59 60
f 695 59 60
f 695 63 64
f 695 63 64
f 695 61 60
f 695 61 60
f 695 63 61
f 695 63 61
f 620 621 528
f 620 621 525
f 620 618 528
f 620 618 619
f 620 618 528
f 620 531 619
f 620 621 531
f 620 528 529
f 620 621 529
f 620 621 528
f 620 531 619
f 620 621 619
f 620 621 531
f 314 101 417
f 314 312 416
f 314 312 414
f 314 312 414
f 314 312 412
f 314 312 411
f 314 312 411
f 314 409 312
f 314 409 312
f 314 406 312
f 314 312 404
f 314 312 404
f 314 402 312
f 314 402 312
f 314 312 401
f 314 400 401
f 314 400 399
f 314 399 311
f 314 398 399
f 636 617 616
f 636 615 616
f 636 635 615
f 15 25 698
f 15 14 698
f 15 14 25
f 15 14 716
f 13 11 25
f 13 14 25
f 13 11 698
f 13 14 698
f 13 14 716
f 10 11 698
f 10 8 698
f 10 8 11
f 10 101 11
f 10 8 11
f 10 8 101
f 5 8 724
f 5 8 698
f 490 445 443
f 490 445 489
f 490 451 489
f 346 286 347
f 346 451 347
f 346 347 452
f 346 347 454
f 346 458 347
f 346 347 591
f 421 327 412
f 421 522 523
f 421 523 623
f 426 423 327
f 426 620 618
f 426 618 528
f 426 522 525
f 426 618 528
f 426 528 527
f 426 522 525
f 426 514 513
f 318 309 312
f 318 309 311
f 318 314 311
f 324 323 417
f 324 323 417
f 324 323 225
f 324 323 416
f 324 323 226
f 324 323 414
f 324 323 226
f 324 323 414
f 324 323 228
f 324 323 412
f 324 323 411
f 324 228 302
f 324 323 411
f 324 228 304
f 324 323 228
f 324 409 323
f 324 323 304
f 324 396 305
f 324 323 305
f 324 323 406
f 324 323 398
f 324 396 397
f 324 323 397
f 324 323 404
f 324 323 398
f 324 323 404
f 324 400 323
f 324 323 402
f 324 400 323
f 324 323 402
f 430 501 404
f 430 499 404
f 430 408 501
f 430 406 408
f 430 495 401
f 430 503 408
f 430 503 408
f 430 503 502
f 430 505 408
f 430 409 505
f 430 409 508
f 430 508 411
f 430 508 411
f 430 421 414
f 430 509 412
f 430 508 509
f 430 510 511
f 430 513 417
f 430 511 509
f 430 511 414
f 430 511 416
f 430 513 417
f 430 511 513
f 430 511 513
f 430 511 414
f 430 421 514
f 307 304 322
f 307 304 225
f 307 226 304
f 307 323 322
f 307 225 306
f 307 323 397
f 307 322 397
f 307 323 322
f 307 398 397
f 307 398 397
f 307 221 222
f 307 398 399
f 307 400 399
f 307 400 401
f 307 401 306
f 307 402 401
f 307 406 408
f 307 306 404
f 307 406 306
f 307 306 404
f 515 514 512
f 515 428 512
f 515 522 428
f 515 522 525
f 515 522 525
f 515 522 517
f 515 522 428
f 515 525 527
f 515 514 526
f 515 514 527
f 515 522 519
f 515 428 521
f 515 522 521
f 515 525 517
f 515 525 526
f 515 426 517
f 515 521 519
f 572 472 471
f 572 470 471
f 572 470 469
f 572 570 469
f 385 481 453
f 385 481 384
f 385 481 384
f 385 452 453
f 385 384 452
f 385 451 452
f 385 451 384
f 385 347 447
f 385 384 347
f 385 383 447
f 385 383 384
f 649 658 697
f 649 658 696
f 649 698 697
f 649 696 698
f 649 5 698
f 649 695 696
f 649 695 698
f 649 695 694
f 649 693 661
f 649 594 595
f 649 693 694
f 649 693 591
f 649 692 693
f 649 700 701
f 574 676 677
f 574 469 679
f 574 470 469
f 574 680 469
f 574 680 469
f 574 362 682
f 574 572 464
f 659 660 658
f 659 26 25
f 659 658 25
f 659 658 26
f 659 696 26
f 659 660 696
f 659 658 696
f 659 695 660
f 659 649 658
f 659 649 695
f 659 695 660
f 659 649 695
f 659 649 658
f 659 660 661
f 659 649 661
f 659 660 658
f 606 607 646
f 606 607 547
f 606 607 545
f 606 607 545
f 507 508 533
f 507 505 506
f 507 508 505
f 507 508 533
f 507 430 505
f 507 428 533
f 507 508 428
f 507 430 409
f 507 430 409
f 507 508 505
f 507 409 505
f 507 409 508
f 569 508 570
f 569 568 508
f 569 570 511
f 569 568 511
f 569 570 571
f 569 568 571
f 569 481 570
f 569 481 570
f 569 568 481
f 569 570 480
f 569 568 480
f 569 568 464
f 569 572 464
f 569 572 570
f 569 570 472
f 569 568 472
f 569 570 470
f 569 568 470
f 565 567 504
f 565 492 538
f 565 505 567
f 565 567 489
f 565 492 489
f 565 492 489
f 565 581 651
f 565 581 567
f 565 481 567
f 541 565 581
f 541 565 651
f 541 615 616
f 541 617 616
f 541 565 567
f 535 505 506
f 535 507 506
f 535 507 533
f 535 507 428
f 535 507 428
f 535 615 533
f 535 621 534
f 535 617 533
f 535 617 533
f 535 621 619
f 535 618 619
f 535 618 617
f 535 618 617
f 536 505 504
f 536 428 504
f 536 538 428
f 536 535 505
f 536 535 428
f 536 428 614
f 536 538 614
f 536 538 615
f 536 535 615
f 536 535 617
f 437 502 501
f 437 400 402
f 437 400 335
f 437 400 399
f 437 428 332
f 437 398 399
f 653 25 697
f 612 541 615
f 612 636 615
f 612 636 615
f 612 638 639
f 612 638 613
f 590 649 693
f 590 591 700
f 590 693 591
f 590 591 700
f 590 349 700
f 590 458 591
f 580 581 571
f 580 570 578
f 580 569 570
f 580 569 570
f 580 569 568
f 580 569 579
f 580 568 567
f 580 581 567
f 580 569 579
f 580 658 578
f 580 581 658
f 580 579 568
f 580 581 579
f 580 670 578
f 580 670 581
f 580 659 658
f 580 659 581
f 580 672 670
f 580 666 578
f 580 581 666
f 580 672 670
f 580 659 660
f 580 659 581
f 580 660 578
f 580 581 660
f 580 676 578
f 580 676 581
f 580 676 578
f 580 676 581
f 580 578 679
f 580 579 578
f 580 581 679
f 580 680 579
f 580 680 581
f 580 680 579
f 580 680 581
f 580 579 682
f 580 581 682
f 580 579 682
f 580 581 682
f 580 579 683
f 580 581 683
f 580 579 685
f 580 581 685
f 580 579 687
f 580 581 687
f 580 688 579
f 580 688 581
f 580 688 579
f 580 688 581
f 580 579 689
f 580 581 689
f 580 581 579
f 165 66 68
f 165 164 66
f 165 164 66
f 165 164 355
f 165 354 355
f 165 258 163
f 493 492 547
f 493 492 495
f 493 492 434
f 557 490 489
f 500 538 495
f 500 492 538
f 500 492 495
f 500 492 538
f 500 495 401
f 500 495 401
f 500 401 501
f 500 401 499
f 500 501 404
f 500 499 404
f 500 437 501
f 500 437 499
f 500 430 501
f 500 430 499
f 440 489 491
f 440 394 489
f 440 441 394
f 440 441 499
f 440 441 545
f 496 497 545
f 496 495 544
f 496 545 544
f 496 541 497
f 496 545 443
f 496 497 545
f 496 495 547
f 496 440 441
f 496 440 497
f 496 437 495
f 496 437 497
f 496 497 495
f 496 430 495
f 496 430 497
f 233 232 332
f 233 232 236
f 300 299 394
f 300 298 394
f 300 299 298
f 300 396 397
f 300 299 327
f 300 299 225
f 300 299 226
f 300 299 226
f 198 275 246
f 198 275 276
f 198 277 276
f 198 277 279
f 198 277 279
f 198 200 199
f 198 163 161
f 198 159 161
f 198 159 158
f 198 200 115
f 295 232 330
f 295 392 394
f 289 236 337
f 289 388 387
f 280 281 347
f 280 279 348
f 280 347 348
f 280 281 347
f 280 349 279
f 280 281 349
f 280 243 226
f 280 243 279
f 280 243 226
f 280 354 353
f 280 354 353
f 280 354 355
f 280 354 281
f 280 356 355
f 280 281 356
f 280 204 279
f 280 204 203
f 280 203 279
f 280 383 384
f 280 279 371
f 280 279 372
f 280 383 279
f 280 279 372
f 280 279 380
f 280 279 376
f 280 279 376
f 596 595 700
f 596 595 700
f 596 649 595
f 129 130 80
f 702 77 76
f 702 77 76
f 702 76 24
f 702 76 24
f 702 77 78
f 702 77 78
f 702 24 699
f 702 24 701
f 702 79 78
f 702 79 78
f 702 649 699
f 702 649 701
f 702 79 80
f 702 79 701
f 702 130 80
f 132 77 78
f 132 79 78
f 132 77 76
f 106 192 222
f 208 207 101
f 208 273 205
f 208 273 274
f 208 205 214
f 208 207 205
f 208 300 298
f 208 275 274
f 208 275 279
f 208 280 279
f 137 138 73
f 137 136 73
f 137 136 178
f 137 72 138
f 137 136 72
f 137 176 138
f 137 176 178
f 137 72 138
f 137 136 72
f 137 138 68
f 137 101 68
f 137 136 101
f 137 101 67
f 142 141 174
f 142 71 141
f 142 71 141
f 142 141 69
f 142 141 69
f 142 141 67
f 142 67 66
f 142 141 67
f 142 141 64
f 142 141 63
f 142 141 63
f 140 71 141
f 140 141 174
f 140 138 68
f 140 192 174
f 140 69 68
f 140 141 69
f 140 141 69
f 140 141 67
f 140 137 67
f 140 137 138
f 140 137 101
f 140 101 67
f 140 67 64
f 140 141 64
f 140 141 67
f 140 63 101
f 140 141 63
f 140 141 63
f 140 49 141
f 139 71 700
f 139 71 138
f 139 176 700
f 139 176 138
f 139 71 173
f 139 174 173
f 139 140 174
f 139 140 174
f 139 71 141
f 139 140 141
f 139 140 71
f 139 71 138
f 139 140 138
f 139 140 71
f 365 469 679
f 365 680 469
f 365 680 54
f 365 265 264
f 365 53 679
f 365 53 54
f 365 53 54
f 365 265 263
f 365 270 271
f 365 277 278
f 365 278 368
f 365 279 278
f 365 280 279
f 365 280 281
f 359 373 454
f 359 357 373
f 359 373 371
f 359 267 265
f 253 270 271
f 253 270 269
f 253 267 269
f 253 258 267
f 253 258 267
f 253 258 266
f 253 169 171
f 673 687 686
f 673 672 687
f 673 686 684
f 673 687 684
f 673 672 687
f 673 684 675
f 673 685 686
f 673 670 685
f 673 670 685
f 673 672 670
f 673 672 670
f 673 580 581
f 673 580 672
f 673 580 578
f 673 580 672
f 673 43 44
f 673 43 41
f 673 43 672
f 673 39 41
f 673 39 672
f 673 39 38
f 673 39 672
f 673 672 38
f 673 35 675
f 673 38 35
f 673 672 33
f 673 37 675
f 673 38 37
f 673 38 37
f 34 33 35
f 34 672 35
f 34 672 33
f 34 673 672
f 34 673 672
f 34 673 35
f 34 673 33
f 34 33 684
f 34 683 684
f 34 35 683
f 34 35 683
f 34 35 687
f 34 33 687
f 34 688 35
f 34 688 33
f 34 688 35
f 34 688 33
f 34 690 35
f 34 690 33
f 34 690 35
f 34 690 33
f 34 692 35
f 34 692 33
f 34 692 693
f 34 692 33
f 34 693 35
f 34 33 693
f 34 695 35
f 34 695 33
f 34 695 35
f 34 695 33
f 34 35 696
f 34 33 696
f 34 33 24
f 34 35 36
f 34 24 36
f 34 24 69
f 34 24 69
f 34 72 35
f 34 71 24
f 34 69 70
f 34 35 70
f 34 71 72
f 34 74 72
f 34 33 72
f 34 71 72
f 34 74 35
f 34 74 33
f 34 33 72
f 34 74 72
f 34 74 33
f 34 76 35
f 34 33 76
f 34 77 76
f 34 77 33
f 34 33 101
f 477 480 571
f 477 476 570
f 477 476 380
f 477 569 476
f 477 480 382
f 477 569 476
f 477 383 480
f 477 476 568
f 477 383 384
f 475 476 570
f 475 569 476
f 475 569 476
f 475 476 568
f 256 270 271
f 256 255 270
f 256 258 163
f 256 165 258
f 256 354 353
f 256 354 353
f 256 161 160
f 256 354 355
f 256 354 255
f 256 359 160
f 256 359 255
f 256 356 355
f 256 255 356
f 256 356 357
f 256 255 356
f 249 248 277
f 249 349 250
f 249 277 349
f 249 248 277
f 249 275 250
f 249 275 248
f 249 275 250
f 249 275 248
f 249 250 171
f 249 248 171
f 249 169 250
f 249 353 169
f 249 353 169
f 249 248 170
f 249 353 170
f 249 353 248
f 249 248 273
f 249 248 273
f 181 182 701
f 181 700 701
f 181 132 182
f 177 140 192
f 177 139 176
f 177 139 140
f 177 137 176
f 177 137 176
f 177 139 176
f 177 139 140
f 229 286 287
f 229 230 286
f 229 192 236
f 229 230 236
f 229 230 192
f 229 230 335
f 229 299 228
f 229 230 299
f 229 230 299
f 229 228 332
f 229 230 332
f 229 228 327
f 229 230 327
f 229 228 330
f 229 230 330
f 229 228 327
f 229 230 327
f 215 205 214
f 215 216 205
f 215 216 204
f 215 216 204
f 215 300 298
f 215 300 216
f 215 302 214
f 215 216 302
f 215 304 214
f 215 216 304
f 215 106 712
f 215 304 305
f 215 216 304
f 215 712 214
f 215 305 214
f 215 216 305
f 215 327 214
f 215 307 214
f 215 307 216
f 215 327 214
f 215 309 214
f 215 216 309
f 215 324 323
f 215 324 216
f 215 311 214
f 215 216 311
f 215 323 322
f 215 216 323
f 215 312 311
f 215 216 312
f 341 342 388
f 341 342 388
f 341 342 390
f 341 342 286
f 341 392 390
f 341 392 390
f 341 342 390
f 341 342 595
f 341 342 595
f 350 286 380
f 350 351 380
f 350 351 286
f 350 286 382
f 350 351 449
f 350 286 287
f 350 280 281
f 350 280 351
f 350 287 382
f 350 349 382
f 350 286 287
f 350 286 349
f 350 451 349
f 350 351 451
f 350 280 349
f 350 280 351
f 350 349 452
f 350 351 452
f 350 349 279
f 350 351 279
f 350 349 454
f 350 351 454
f 350 277 349
f 350 351 277
f 350 277 349
f 350 351 277
f 350 275 351
f 350 349 250
f 350 275 250
f 350 249 349
f 350 249 351
f 350 249 248
f 350 249 351
f 350 248 247
f 350 351 248
f 251 351 255
f 251 275 250
f 251 275 351
f 251 350 351
f 251 350 275
f 251 350 275
f 251 249 250
f 251 249 273
f 251 354 353
f 251 249 273
f 251 354 355
f 251 249 250
f 251 164 355
f 251 165 164
f 251 250 171
f 251 169 171
f 251 169 250
f 352 353 379
f 352 280 351
f 352 280 353
f 352 351 379
f 352 351 449
f 352 280 351
f 352 280 353
f 352 351 451
f 352 353 451
f 352 351 279
f 352 353 279
f 352 351 452
f 352 353 452
f 352 351 277
f 352 353 277
f 352 351 454
f 352 353 454
f 352 351 277
f 352 353 277
f 352 275 351
f 352 275 353
f 352 275 351
f 352 275 353
f 352 351 273
f 352 353 273
f 352 351 579
f 352 353 579
f 352 353 273
f 352 255 273
f 352 351 255
f 352 248 247
f 352 353 248
f 352 351 248
f 352 256 255
f 352 256 353
f 352 249 351
f 352 249 353
f 352 353 271
f 352 256 271
f 352 256 353
f 352 251 351
f 352 251 353
f 352 249 351
f 352 249 353
f 148 63 64
f 148 63 146
f 148 60 146
f 148 59 60
f 148 59 146
f 148 146 57
f 148 56 146
f 148 56 146
f 148 54 146
f 148 151 54
f 148 44 101
f 148 151 44
f 155 63 64
f 155 63 156
f 155 61 156
f 155 61 60
f 155 59 60
f 155 59 156
f 155 57 156
f 155 56 57
f 155 56 55
f 155 56 156
f 155 54 55
f 155 53 54
f 155 53 157
f 155 158 156
f 155 159 158
f 155 159 158
f 155 159 160
f 155 159 161
f 152 66 156
f 152 160 66
f 152 64 156
f 152 164 160
f 152 151 63
f 152 151 164
f 152 151 63
f 152 151 163
f 152 151 61
f 48 51 57
f 48 49 57
f 48 49 51
f 48 49 59
f 48 49 59
f 48 692 51
f 48 690 51
f 48 690 49
f 48 140 49
f 48 690 49
f 48 140 49
f 48 688 49
f 48 142 49
f 48 688 49
f 48 49 687
f 48 148 49
f 48 49 685
f 48 148 49
f 48 49 685
f 48 49 683
f 48 49 682
f 48 49 682
f 48 680 49
f 48 680 49
f 48 49 677
f 48 49 679
f 50 51 685
f 50 49 685
f 50 51 683
f 50 49 683
f 50 51 685
f 50 49 685
f 50 682 51
f 50 49 682
f 50 51 687
f 50 49 687
f 50 49 51
f 50 682 51
f 50 49 682
f 50 680 51
f 50 680 49
f 50 680 49
f 50 49 679
f 50 680 679
f 50 680 51
f 50 49 677
f 50 155 157
f 50 51 54
f 50 53 54
f 50 51 54
f 50 54 146
f 50 51 56
f 50 148 49
f 50 148 54
f 50 148 49
f 50 51 56
f 50 49 51
f 50 151 53
f 50 148 151
f 50 56 146
f 50 49 57
f 50 142 62
f 50 49 141
f 50 142 141
f 50 142 49
f 50 59 62
f 50 49 59
f 50 49 59
f 622 724 623
f 622 318 423
f 622 623 525
f 622 423 525
f 622 623 525
f 622 525 527
f 622 621 525
f 622 623 527
f 622 623 528
f 622 621 528
f 622 621 623
f 315 316 417
f 315 314 417
f 315 314 101
f 315 316 417
f 315 314 417
f 315 316 416
f 315 314 416
f 315 215 316
f 315 215 314
f 315 316 414
f 315 314 414
f 315 215 216
f 315 215 314
f 315 316 414
f 315 314 414
f 315 316 412
f 315 314 412
f 315 316 411
f 315 314 411
f 315 314 316
f 315 316 411
f 315 314 411
f 315 409 316
f 315 314 409
f 315 409 316
f 315 314 409
f 315 316 406
f 315 314 406
f 315 316 404
f 315 314 404
f 315 316 404
f 315 314 404
f 315 316 402
f 315 314 402
f 315 316 402
f 315 314 402
f 315 400 316
f 315 314 400
f 315 400 316
f 315 314 400
f 315 316 398
f 315 314 398
f 315 314 316
f 313 314 312
f 313 101 312
f 313 314 101
f 313 215 312
f 313 215 314
f 313 215 216
f 313 215 314
f 313 315 314
f 313 315 314
f 313 312 221
f 313 316 221
f 313 315 316
f 313 309 312
f 313 318 309
f 313 318 309
f 630 632 651
f 626 724 625
f 626 625 623
f 1 638 639
f 1 636 2
f 1 649 2
f 1 630 632
f 1 630 628
f 1 626 625
f 719 10 11
f 719 13 716
f 714 649 716
f 637 635 615
f 637 636 615
f 637 636 635
f 637 635 638
f 637 612 636
f 637 638 614
f 637 612 614
f 637 612 638
f 637 612 638
f 637 612 636
f 637 1 638
f 637 1 636
f 4 5 724
f 4 649 5
f 4 649 5
f 4 5 651
f 446 490 447
f 446 490 445
f 446 490 447
f 446 490 445
f 446 447 390
f 446 445 390
f 446 492 447
f 446 492 445
f 446 447 390
f 446 445 390
f 446 493 492
f 446 493 492
f 446 447 388
f 446 445 388
f 446 447 388
f 446 445 388
f 446 447 387
f 446 445 387
f 446 385 447
f 446 385 346
f 446 346 347
f 446 385 347
f 446 385 346
f 446 341 342
f 446 341 342
f 450 490 449
f 450 490 449
f 450 490 451
f 450 342 594
f 450 342 451
f 450 449 388
f 450 449 388
f 450 451 388
f 450 346 449
f 450 346 451
f 450 449 387
f 450 451 387
f 450 449 347
f 450 451 347
f 450 385 449
f 450 385 451
f 450 449 349
f 450 451 349
f 450 385 449
f 450 385 451
f 450 350 449
f 450 350 451
f 450 383 449
f 450 451 383
f 450 350 351
f 450 350 351
f 450 383 449
f 450 451 383
f 450 352 351
f 450 352 351
f 450 449 382
f 450 451 382
f 450 451 379
f 450 352 379
f 450 352 449
f 450 353 451
f 450 352 353
f 450 352 353
f 345 446 346
f 345 450 346
f 345 450 346
f 345 446 445
f 345 446 346
f 345 346 451
f 345 445 387
f 345 346 452
f 345 385 346
f 345 594 454
f 345 346 454
f 345 385 346
f 345 346 286
f 345 243 346
f 593 345 594
f 593 594 454
f 593 345 594
f 593 345 346
f 593 594 700
f 593 594 452
f 593 649 594
f 593 649 594
f 593 596 649
f 420 421 327
f 420 324 421
f 420 421 414
f 420 414 327
f 420 421 327
f 420 421 414
f 420 421 323
f 420 430 416
f 420 430 421
f 420 430 421
f 420 421 514
f 420 515 421
f 420 515 421
f 420 421 522
f 420 421 517
f 420 421 521
f 420 625 522
f 420 421 522
f 420 421 517
f 420 421 519
f 420 421 519
f 422 423 327
f 422 421 327
f 422 421 327
f 422 324 323
f 422 324 421
f 422 411 327
f 422 423 411
f 422 423 411
f 422 423 412
f 422 421 412
f 422 323 423
f 422 421 323
f 422 421 414
f 422 430 414
f 422 430 423
f 422 430 421
f 422 318 423
f 422 430 514
f 422 430 421
f 422 421 523
f 422 515 514
f 422 515 421
f 422 523 623
f 422 423 523
f 422 423 522
f 422 421 522
f 422 421 623
f 422 726 623
f 422 726 421
f 422 515 423
f 422 515 421
f 422 622 623
f 422 622 423
f 422 622 423
f 422 423 522
f 422 421 522
f 422 423 517
f 422 421 517
f 422 423 521
f 422 421 521
f 422 423 517
f 422 421 517
f 422 423 519
f 422 421 519
f 422 423 519
f 422 421 519
f 427 428 327
f 427 426 327
f 427 428 327
f 427 426 327
f 427 324 426
f 427 324 323
f 427 428 330
f 427 428 614
f 427 323 614
f 427 323 615
f 427 406 330
f 427 426 406
f 427 536 428
f 427 536 615
f 427 323 615
f 427 426 323
f 427 406 331
f 427 331 404
f 427 428 404
f 427 428 331
f 427 406 428
f 427 536 535
f 427 536 535
f 427 615 533
f 427 615 322
f 427 535 428
f 427 535 615
f 427 533 616
f 427 428 533
f 427 618 322
f 427 426 618
f 427 618 616
f 427 426 618
f 427 428 527
f 427 426 527
f 427 522 428
f 427 426 522
f 427 522 428
f 427 426 522
f 427 510 428
f 427 428 521
f 427 426 521
f 427 426 514
f 427 510 511
f 427 426 519
f 427 515 428
f 427 515 514
f 427 515 426
f 427 515 519
f 427 515 428
f 427 426 519
f 427 515 519
f 427 515 426
f 425 423 327
f 425 426 327
f 425 426 423
f 425 324 323
f 425 324 426
f 425 323 423
f 425 426 323
f 425 426 620
f 425 426 525
f 425 426 525
f 425 426 522
f 425 426 522
f 425 426 521
f 425 426 519
f 425 426 519
f 425 426 517
f 425 515 426
f 425 515 426
f 425 426 514
f 425 426 513
f 425 423 411
f 425 426 423
f 329 426 423
f 329 406 328
f 329 406 330
f 329 427 426
f 329 427 426
f 329 328 404
f 329 330 404
f 329 428 330
f 329 427 428
f 329 427 428
f 329 402 328
f 329 402 330
f 329 402 401
f 329 400 401
f 329 400 402
f 329 400 402
f 329 400 399
f 329 398 399
f 329 400 327
f 329 400 399
f 329 398 330
f 329 398 399
f 329 396 330
f 329 398 327
f 329 396 327
f 329 396 330
f 329 396 302
f 329 327 302
f 329 396 302
f 329 396 327
f 329 394 330
f 329 300 394
f 329 300 394
f 329 300 299
f 329 300 299
f 329 299 298
f 329 299 298
f 329 230 231
f 329 230 330
f 329 232 330
f 329 229 230
f 329 229 230
f 329 228 330
f 329 229 228
f 329 229 228
f 325 417 326
f 325 324 417
f 325 417 416
f 325 324 417
f 325 420 421
f 325 420 324
f 325 416 326
f 325 324 416
f 325 422 421
f 325 422 324
f 325 414 326
f 325 324 414
f 325 422 423
f 325 422 324
f 325 414 326
f 325 324 414
f 325 425 423
f 325 425 324
f 325 412 326
f 325 324 412
f 325 425 426
f 325 425 324
f 325 411 412
f 325 324 411
f 325 427 426
f 325 427 324
f 325 411 326
f 325 324 411
f 325 427 428
f 325 427 324
f 325 409 326
f 325 324 409
f 325 406 326
f 325 324 406
f 325 215 214
f 325 215 324
f 325 326 404
f 325 324 404
f 325 215 216
f 325 215 324
f 325 326 404
f 325 324 404
f 325 402 326
f 325 324 402
f 325 402 401
f 325 324 402
f 325 400 401
f 325 324 400
f 325 226 225
f 325 324 226
f 325 400 399
f 325 324 400
f 325 226 227
f 325 324 226
f 325 398 399
f 325 324 398
f 325 228 227
f 325 324 228
f 325 398 397
f 325 324 398
f 325 229 228
f 325 396 397
f 325 324 396
f 325 324 228
f 325 229 228
f 325 396 305
f 325 324 396
f 325 302 326
f 325 324 302
f 325 229 299
f 325 304 305
f 325 324 304
f 325 304 326
f 325 324 304
f 432 430 404
f 432 430 401
f 432 402 401
f 432 434 402
f 432 434 402
f 432 430 495
f 432 505 428
f 432 493 495
f 432 493 434
f 432 493 434
f 432 496 434
f 432 496 430
f 432 496 497
f 432 496 430
f 432 500 430
f 432 500 430
f 308 307 322
f 308 307 226
f 308 309 225
f 308 307 225
f 308 215 309
f 308 215 307
f 308 309 221
f 308 307 221
f 308 215 216
f 308 215 307
f 308 409 408
f 308 307 409
f 308 406 408
f 308 307 406
f 308 406 310
f 308 307 406
f 308 404 310
f 308 307 404
f 308 404 310
f 308 307 404
f 308 402 310
f 308 307 402
f 308 402 401
f 308 307 402
f 308 400 401
f 308 307 400
f 308 400 399
f 308 307 400
f 308 398 399
f 308 307 398
f 308 307 398
f 647 1 646
f 647 1 2
f 647 590 606
f 665 690 666
f 665 649 690
f 665 30 691
f 665 30 666
f 665 30 666
f 665 666 33
f 665 30 33
f 665 580 581
f 665 580 581
f 665 666 33
f 665 30 33
f 665 580 578
f 665 580 666
f 665 666 38
f 656 655 571
f 656 580 578
f 656 580 655
f 656 580 581
f 656 580 581
f 656 581 655
f 656 657 697
f 656 655 697
f 656 657 25
f 656 655 25
f 656 657 26
f 656 655 26
f 656 655 657
f 576 653 655
f 576 656 655
f 576 656 655
f 576 656 571
f 576 656 578
f 576 580 571
f 576 580 578
f 576 580 578
f 576 658 578
f 576 659 658
f 576 659 660
f 576 660 578
f 576 676 675
f 576 61 685
f 576 64 160
f 709 228 332
f 709 707 228
f 709 332 225
f 709 226 228
f 709 222 225
f 709 106 226
f 709 106 222
f 709 106 226
f 709 106 707
f 705 230 335
f 705 230 335
f 705 79 24
f 486 569 568
f 486 568 508
f 486 569 508
f 486 508 505
f 486 508 570
f 486 505 489
f 486 508 505
f 486 394 397
f 486 394 489
f 486 392 394
f 486 390 389
f 486 450 449
f 486 450 388
f 537 565 505
f 537 565 538
f 537 565 505
f 537 505 567
f 537 535 505
f 537 538 567
f 537 536 535
f 537 536 505
f 537 536 538
f 537 565 504
f 537 565 538
f 537 567 571
f 537 538 571
f 537 503 504
f 537 538 503
f 537 538 503
f 537 571 534
f 537 535 534
f 537 535 621
f 537 619 651
f 537 538 651
f 537 621 619
f 537 535 621
f 537 617 619
f 537 538 617
f 537 535 617
f 537 536 535
f 537 538 617
f 537 536 617
f 537 538 615
f 537 536 615
f 537 536 538
f 566 567 480
f 566 565 480
f 566 565 567
f 566 477 476
f 566 477 565
f 566 475 476
f 566 475 565
f 566 470 567
f 566 568 464
f 566 579 568
f 566 581 579
f 566 565 581
f 566 569 579
f 566 569 572
f 539 538 502
f 539 500 538
f 539 500 541
f 539 500 538
f 539 500 541
f 539 538 503
f 539 538 495
f 539 492 538
f 539 541 492
f 539 503 428
f 539 538 428
f 539 538 503
f 539 565 492
f 539 541 565
f 539 536 538
f 539 536 538
f 539 538 614
f 539 565 538
f 539 541 565
f 539 538 615
f 539 538 567
f 539 541 567
f 539 538 615
f 539 538 651
f 539 541 651
f 539 538 617
f 539 541 617
f 539 538 617
f 539 541 617
f 542 502 501
f 542 541 502
f 542 541 502
f 542 500 501
f 542 500 541
f 542 437 541
f 542 500 541
f 542 437 541
f 542 496 541
f 542 496 541
f 542 541 492
f 542 541 615
f 542 612 615
f 542 612 541
f 542 541 581
f 542 541 565
f 542 541 565
f 435 434 503
f 435 434 503
f 435 402 428
f 435 434 428
f 435 434 402
f 435 434 402
f 435 434 502
f 435 400 434
f 435 500 434
f 435 400 434
f 435 500 434
f 435 434 398
f 435 496 497
f 435 492 434
f 435 496 434
f 435 493 492
f 435 493 434
f 609 325 428
f 668 580 581
f 668 580 581
f 668 580 578
f 668 580 578
f 668 581 666
f 668 669 667
f 668 690 667
f 668 690 666
f 668 649 690
f 668 688 669
f 663 580 581
f 663 580 578
f 663 576 578
f 663 649 692
f 663 692 693
f 663 692 693
f 663 692 691
f 663 649 692
f 663 665 691
f 663 693 694
f 663 649 690
f 663 665 690
f 663 665 649
f 663 694 664
f 494 495 547
f 494 493 547
f 494 493 495
f 494 445 495
f 494 446 493
f 494 446 493
f 494 440 441
f 494 440 493
f 448 493 492
f 448 492 447
f 448 492 449
f 448 490 447
f 448 490 449
f 448 490 447
f 448 490 449
f 448 486 447
f 448 341 342
f 448 341 342
f 448 447 390
f 448 486 390
f 448 447 390
f 448 486 390
f 448 486 449
f 448 345 346
f 448 345 346
f 448 447 388
f 448 449 388
f 448 346 347
f 448 346 449
f 448 447 388
f 448 449 388
f 448 347 447
f 448 449 347
f 448 447 387
f 448 449 387
f 448 349 447
f 448 449 349
f 448 385 447
f 448 385 449
f 448 385 449
f 448 383 349
f 448 383 349
f 448 383 449
f 448 350 349
f 448 350 449
f 448 383 449
f 448 385 383
f 448 385 383
f 448 449 382
f 448 350 382
f 448 350 449
f 444 492 445
f 444 493 492
f 444 493 492
f 444 494 493
f 444 494 493
f 444 494 495
f 444 494 445
f 444 496 495
f 444 445 495
f 444 496 495
f 444 547 443
f 444 496 443
f 444 496 547
f 444 341 342
f 444 341 342
f 444 445 390
f 444 342 390
f 444 390 443
f 444 445 443
f 444 445 390
f 444 445 387
f 543 557 565
f 543 565 584
f 543 612 544
f 543 612 584
f 543 542 565
f 543 557 492
f 543 542 557
f 543 493 492
f 543 612 584
f 543 542 584
f 543 542 612
f 543 495 544
f 543 493 495
f 543 493 492
f 543 542 492
f 543 496 495
f 543 542 496
f 543 606 607
f 543 496 497
f 543 542 496
f 543 542 607
f 543 542 437
f 543 440 499
f 543 428 544
f 543 437 428
f 543 542 437
f 543 542 500
f 550 492 547
f 550 557 492
f 550 565 584
f 550 557 565
f 550 557 565
f 550 492 449
f 550 493 492
f 563 565 492
f 563 557 492
f 563 557 584
f 563 557 565
f 563 542 565
f 563 542 557
f 563 565 489
f 563 557 489
f 563 557 562
f 563 543 557
f 563 543 542
f 563 543 542
f 563 562 481
f 563 562 480
f 563 475 476
f 482 458 481
f 482 481 454
f 482 563 562
f 482 563 562
f 482 565 567
f 482 565 481
f 482 568 567
f 482 568 481
f 482 569 481
f 482 569 568
f 482 569 568
f 439 397 491
f 439 440 491
f 439 396 397
f 439 440 396
f 439 397 491
f 439 492 491
f 439 440 492
f 439 398 397
f 439 398 396
f 439 440 337
f 439 493 492
f 439 440 493
f 439 398 337
f 439 494 493
f 439 494 440
f 439 494 495
f 439 494 440
f 439 398 399
f 439 332 331
f 439 440 332
f 439 496 495
f 439 496 440
f 439 496 497
f 439 496 440
f 439 330 331
f 439 545 544
f 439 440 545
f 439 500 499
f 439 543 544
f 439 543 440
f 439 543 500
f 439 543 440
f 439 542 500
f 439 543 542
f 439 543 542
f 442 496 497
f 442 496 497
f 442 497 545
f 442 496 495
f 442 496 441
f 442 545 443
f 442 441 545
f 442 494 495
f 442 494 441
f 442 547 443
f 442 441 547
f 442 494 493
f 442 494 493
f 442 493 492
f 442 492 443
f 442 440 493
f 442 440 493
f 442 490 443
f 442 440 492
f 442 490 489
f 442 490 489
f 442 440 489
f 442 441 394
f 442 341 392
f 442 440 394
f 442 440 441
f 442 392 445
f 442 392 445
f 442 445 489
f 442 394 489
f 442 445 489
f 240 181 180
f 240 346 347
f 240 347 700
f 194 226 225
f 194 247 174
f 194 248 247
f 194 142 174
f 244 279 246
f 244 243 279
f 244 280 243
f 244 280 243
f 244 177 192
f 244 177 243
f 244 177 243
f 244 243 347
f 244 346 281
f 244 243 346
f 244 243 346
f 244 177 176
f 244 176 700
f 244 700 175
f 244 350 349
f 244 350 351
f 183 234 184
f 183 184 243
f 183 702 184
f 183 702 130
f 183 702 184
f 183 129 130
f 183 129 184
f 183 129 184
f 201 275 274
f 201 198 275
f 201 273 274
f 201 198 273
f 201 275 276
f 201 198 275
f 201 273 202
f 201 198 273
f 201 279 276
f 201 198 279
f 201 269 202
f 201 198 269
f 201 279 221
f 201 198 279
f 201 269 202
f 201 198 269
f 201 198 200
f 201 161 202
f 201 198 161
f 201 159 161
f 201 198 159
f 201 159 158
f 201 198 159
f 201 158 202
f 201 198 158
f 201 101 202
f 201 198 101
f 201 198 200
f 116 198 200
f 296 295 332
f 296 295 330
f 296 295 392
f 296 295 394
f 296 295 232
f 296 329 232
f 296 295 232
f 296 329 232
f 296 295 230
f 296 229 295
f 296 229 295
f 296 295 228
f 296 295 226
f 296 295 226
f 296 295 216
f 296 215 216
f 294 234 233
f 294 234 233
f 294 233 332
f 294 295 332
f 294 233 232
f 294 295 232
f 294 295 232
f 294 390 337
f 294 295 337
f 294 295 230
f 294 229 295
f 294 295 226
f 294 295 228
f 294 229 228
f 294 229 295
f 294 295 226
f 288 289 337
f 288 236 287
f 288 289 236
f 288 234 289
f 288 341 342
f 288 341 289
f 288 233 236
f 288 234 233
f 288 234 289
f 288 233 232
f 288 289 233
f 288 345 346
f 288 232 287
f 288 289 232
f 288 346 347
f 288 345 346
f 288 230 287
f 288 289 230
f 288 345 385
f 288 345 289
f 288 229 230
f 288 229 289
f 288 383 347
f 288 383 384
f 288 383 384
f 288 384 287
f 288 385 384
f 288 229 287
f 288 229 289
f 288 388 287
f 288 289 388
f 288 385 384
f 288 289 385
f 288 226 287
f 288 289 226
f 288 388 287
f 288 289 388
f 288 226 287
f 288 289 226
f 288 287 389
f 288 289 389
f 220 279 221
f 220 280 279
f 220 201 221
f 220 201 200
f 220 201 200
f 220 200 199
f 220 200 219
f 220 323 222
f 220 324 323
f 220 324 323
f 220 323 219
f 220 288 289
f 220 325 324
f 220 325 324
f 220 219 222
f 220 325 222
f 220 325 219
f 220 313 316
f 220 313 312
f 220 313 219
f 220 315 316
f 220 313 315
f 220 313 315
f 220 296 295
f 220 312 221
f 220 219 312
f 220 309 221
f 220 309 219
f 220 299 298
f 220 308 309
f 220 308 309
f 220 300 299
f 220 308 307
f 220 308 307
f 220 307 221
f 220 307 219
f 220 221 302
f 220 219 302
f 220 221 305
f 220 219 305
f 220 304 221
f 220 219 304
f 220 304 221
f 220 219 304
f 597 596 700
f 597 596 700
f 597 596 649
f 597 444 445
f 131 132 79
f 131 79 701
f 131 130 79
f 131 132 182
f 131 130 79
f 131 132 79
f 131 702 701
f 131 702 130
f 131 183 182
f 131 183 132
f 131 183 702
f 131 183 702
f 131 183 184
f 131 183 132
f 133 132 76
f 133 76 75
f 133 181 132
f 133 132 77
f 133 181 132
f 133 183 132
f 133 183 132
f 209 208 101
f 209 208 106
f 209 212 208
f 145 146 66
f 145 169 69
f 145 169 171
f 145 169 171
f 367 469 471
f 367 362 368
f 367 458 368
f 363 367 362
f 363 682 56
f 363 362 682
f 363 56 681
f 363 362 368
f 363 365 368
f 363 365 362
f 363 56 55
f 363 362 56
f 363 362 261
f 363 362 261
f 363 362 262
f 363 362 264
f 363 362 265
f 363 362 265
f 363 362 267
f 363 362 270
f 363 362 270
f 363 362 271
f 363 362 273
f 363 362 273
f 363 275 362
f 363 275 362
f 363 362 277
f 363 362 277
f 363 362 279
f 363 280 362
f 363 280 362
f 363 365 362
f 358 359 458
f 358 255 357
f 358 359 255
f 358 256 255
f 358 256 359
f 358 256 357
f 358 256 359
f 358 359 258
f 358 259 357
f 358 258 259
f 358 359 258
f 358 259 357
f 358 359 259
f 358 357 261
f 358 359 261
f 358 357 264
f 358 264 262
f 358 359 262
f 358 359 264
f 358 357 265
f 358 359 265
f 358 267 357
f 358 359 267
f 358 270 269
f 358 359 270
f 358 270 357
f 358 359 270
f 358 357 271
f 358 359 271
f 358 273 357
f 358 359 273
f 358 273 274
f 358 359 273
f 358 275 274
f 358 359 275
f 358 275 357
f 358 359 275
f 358 277 357
f 358 277 357
f 358 356 357
f 358 356 279
f 358 280 356
f 358 280 281
f 358 356 357
f 358 359 357
f 358 373 372
f 358 356 373
f 361 59 158
f 361 362 158
f 361 258 158
f 361 367 362
f 361 367 359
f 361 362 259
f 361 258 259
f 361 362 259
f 361 362 369
f 361 362 261
f 361 365 362
f 361 362 261
f 361 280 362
f 361 362 262
f 361 280 362
f 361 362 264
f 361 362 279
f 361 362 265
f 361 362 277
f 361 362 265
f 361 362 277
f 361 362 267
f 361 275 362
f 361 275 362
f 361 362 270
f 361 362 273
f 361 362 270
f 361 362 273
f 361 362 271
f 478 570 571
f 478 477 571
f 478 477 570
f 478 569 570
f 478 477 569
f 478 569 568
f 478 477 569
f 478 568 567
f 478 477 568
f 478 566 567
f 478 566 477
f 478 566 565
f 478 566 477
f 478 563 562
f 478 563 476
f 478 475 476
f 473 570 472
f 473 569 570
f 473 569 568
f 473 568 567
f 473 568 472
f 473 566 475
f 473 566 567
f 473 566 475
f 473 566 470
f 473 475 470
f 473 563 562
f 473 563 475
f 474 475 476
f 474 472 376
f 474 475 570
f 474 473 570
f 474 472 376
f 474 473 472
f 474 475 569
f 474 473 569
f 474 472 380
f 474 476 380
f 474 475 569
f 474 473 569
f 474 472 380
f 474 475 568
f 474 473 568
f 474 473 475
f 474 382 380
f 474 472 382
f 474 477 382
f 474 477 476
f 474 477 383
f 179 177 243
f 179 177 243
f 179 177 137
f 179 177 137
f 179 240 178
f 179 137 136
f 179 137 180
f 179 178 135
f 179 136 178
f 179 180 136
f 179 181 700
f 191 229 228
f 191 229 192
f 191 226 228
f 191 192 226
f 191 192 226
f 191 106 192
f 191 229 230
f 191 230 236
f 191 230 192
f 191 244 243
f 191 244 243
f 191 136 192
f 191 244 177
f 191 244 177
f 191 137 136
f 191 177 137
f 191 137 192
f 191 177 137
f 191 140 192
f 191 177 140
f 191 177 140
f 218 215 216
f 218 201 219
f 218 215 106
f 218 201 200
f 218 201 106
f 218 215 106
f 218 215 712
f 218 712 330
f 218 219 327
f 218 215 327
f 218 200 219
f 218 106 200
f 218 222 330
f 218 219 222
f 218 219 327
f 218 215 327
f 218 215 216
f 218 222 330
f 218 325 219
f 218 325 216
f 218 325 324
f 218 325 324
f 218 324 323
f 218 324 216
f 218 323 219
f 218 216 323
f 218 315 316
f 218 313 315
f 218 313 219
f 218 219 312
f 218 309 311
f 218 309 219
f 218 308 309
f 218 308 307
f 218 307 219
f 218 219 305
f 339 292 388
f 339 341 388
f 339 341 292
f 339 441 393
f 252 255 273
f 252 251 273
f 252 251 255
f 252 251 273
f 252 273 271
f 252 253 271
f 252 253 269
f 252 251 354
f 252 251 354
f 252 248 269
f 252 352 353
f 252 352 251
f 252 249 248
f 252 251 249
f 252 248 269
f 252 253 269
f 252 251 351
f 252 352 351
f 252 352 251
f 252 164 356
f 252 251 164
f 252 251 249
f 252 253 169
f 252 251 169
f 252 164 356
f 252 253 165
f 252 251 165
f 461 350 349
f 461 478 475
f 461 474 475
f 461 368 369
f 150 151 63
f 150 151 63
f 150 148 63
f 150 152 64
f 150 152 151
f 150 151 61
f 150 61 60
f 150 148 60
f 150 151 61
f 150 152 151
f 150 151 59
f 150 148 59
f 150 151 59
f 150 148 59
f 150 151 164
f 150 165 164
f 150 165 151
f 150 151 57
f 150 148 57
f 150 151 56
f 150 148 56
f 150 151 56
f 150 148 56
f 150 148 151
f 147 64 146
f 147 148 64
f 147 148 64
f 147 146 66
f 147 148 66
f 147 145 146
f 147 145 67
f 147 145 67
f 147 165 164
f 147 145 69
f 147 145 167
f 153 155 64
f 153 152 64
f 153 155 160
f 153 152 160
f 153 155 63
f 153 152 63
f 153 155 63
f 153 152 63
f 153 152 151
f 153 152 61
f 153 50 151
f 153 151 61
f 153 152 151
f 153 151 53
f 153 151 59
f 153 151 54
f 153 151 59
f 153 151 56
f 153 151 57
f 153 151 56
f 47 51 45
f 47 48 51
f 47 59 45
f 47 48 59
f 47 48 692
f 47 48 59
f 47 51 693
f 47 692 693
f 47 692 51
f 47 692 45
f 47 48 692
f 47 59 60
f 47 690 45
f 47 48 690
f 47 48 140
f 47 690 45
f 47 48 690
f 47 48 688
f 47 48 140
f 47 48 688
f 47 48 142
f 47 48 687
f 47 48 685
f 47 48 148
f 47 48 685
f 47 48 148
f 47 48 683
f 47 48 682
f 47 48 682
f 47 48 680
f 47 48 680
f 47 679 677
f 47 48 677
f 47 48 679
f 47 48 677
f 729 647 728
f 729 647 1
f 729 1 646
f 729 1 649
f 729 1 639
f 729 728 638
f 729 1 638
f 729 726 1
f 729 637 728
f 729 637 1
f 729 637 636
f 729 637 1
f 729 630 728
f 729 1 630
f 729 1 630
f 729 626 728
f 729 1 626
f 729 728 625
f 729 1 625
f 721 647 719
f 721 649 724
f 721 719 649
f 721 8 724
f 721 10 8
f 721 719 10
f 12 13 11
f 12 719 11
f 12 719 13
f 12 719 10
f 12 721 719
f 633 618 617
f 633 632 617
f 633 632 617
f 633 636 617
f 633 729 728
f 633 632 2
f 633 729 1
f 633 1 632
f 634 620 635
f 634 635 618
f 634 633 618
f 634 633 729
f 634 633 636
f 634 636 728
f 634 729 636
f 634 633 729
f 634 635 617
f 634 636 617
f 634 636 635
f 634 729 1
f 634 1 636
f 634 633 1
f 634 636 2
f 634 633 2
f 634 633 636
f 715 647 716
f 715 647 714
f 715 640 716
f 715 640 613
f 715 638 613
f 715 638 716
f 715 716 614
f 715 638 614
f 715 635 716
f 715 635 638
f 715 635 638
f 715 607 327
f 713 647 712
f 713 647 714
f 713 609 643
f 713 714 649
f 713 712 214
f 713 715 214
f 713 106 712
f 727 647 728
f 727 647 726
f 727 640 728
f 727 640 726
f 727 726 649
f 727 728 638
f 727 726 638
f 727 729 649
f 727 729 649
f 727 729 726
f 727 637 728
f 727 637 726
f 727 729 1
f 727 729 726
f 727 637 636
f 727 637 726
f 727 1 728
f 727 726 1
f 727 636 728
f 727 726 636
f 727 634 728
f 727 634 726
f 727 634 633
f 727 634 633
f 727 633 728
f 727 633 726
f 727 626 728
f 727 726 626
f 727 726 421
f 727 726 625
f 6 4 5
f 6 727 728
f 6 1 728
f 6 729 1
f 22 24 25
f 22 20 25
f 17 15 25
f 3 724 2
f 3 4 724
f 3 649 2
f 3 4 649
f 3 4 649
f 3 4 651
f 3 727 726
f 3 6 727
f 3 6 727
f 3 632 651
f 3 632 2
f 3 630 632
f 3 630 632
f 3 630 628
f 3 4 628
f 3 630 628
f 344 345 286
f 344 288 345
f 344 288 345
f 344 345 387
f 344 289 385
f 344 345 385
f 344 345 289
f 344 700 701
f 344 345 700
f 344 444 387
f 344 345 445
f 344 444 445
f 344 594 700
f 344 345 594
f 344 345 446
f 344 594 452
f 344 345 452
f 344 345 594
f 344 345 451
f 344 345 446
f 344 345 450
f 344 448 345
f 344 345 450
f 344 448 345
f 284 354 353
f 284 353 377
f 284 354 355
f 284 354 377
f 284 379 380
f 592 346 591
f 592 593 346
f 592 591 700
f 592 593 700
f 592 649 591
f 592 593 649
f 592 590 649
f 592 590 606
f 419 420 327
f 419 326 418
f 419 327 326
f 419 325 326
f 419 325 420
f 419 325 324
f 419 325 420
f 419 416 418
f 419 420 416
f 419 414 327
f 419 420 414
f 419 420 414
f 419 324 323
f 419 420 324
f 419 417 416
f 419 323 322
f 419 420 323
f 419 430 417
f 419 430 417
f 419 420 430
f 419 430 513
f 419 420 430
f 419 514 513
f 419 420 514
f 419 315 316
f 419 420 315
f 419 514 418
f 419 420 315
f 419 418 517
f 419 420 517
f 419 515 514
f 419 420 515
f 419 420 515
f 419 314 101
f 419 315 314
f 419 315 314
f 419 420 522
f 419 418 517
f 419 420 517
f 419 101 418
f 419 522 101
f 419 420 522
f 419 418 519
f 419 420 519
f 419 418 521
f 419 420 521
f 419 418 519
f 419 420 519
f 317 726 318
f 317 422 318
f 317 422 726
f 317 726 318
f 317 422 318
f 317 422 726
f 317 727 726
f 317 420 421
f 317 420 318
f 317 727 421
f 317 727 726
f 317 419 420
f 317 419 420
f 317 215 316
f 317 215 318
f 317 419 316
f 317 419 318
f 317 215 216
f 317 215 318
f 317 316 417
f 317 318 417
f 317 316 417
f 317 318 417
f 317 218 316
f 317 218 318
f 317 316 416
f 317 318 416
f 317 220 316
f 317 220 318
f 317 316 414
f 317 318 414
f 317 220 316
f 317 220 318
f 317 316 414
f 317 318 414
f 317 316 221
f 317 318 221
f 317 316 412
f 317 318 412
f 317 313 316
f 317 316 411
f 317 318 411
f 317 313 316
f 317 313 318
f 317 316 411
f 317 318 411
f 317 318 312
f 317 409 316
f 317 318 409
f 317 314 312
f 317 314 316
f 317 318 314
f 317 409 316
f 317 318 409
f 317 314 316
f 317 318 314
f 317 316 398
f 317 318 398
f 317 316 406
f 317 318 406
f 317 400 316
f 317 318 400
f 317 316 404
f 317 318 404
f 317 400 316
f 317 318 400
f 317 316 404
f 317 318 404
f 317 316 402
f 317 318 402
f 317 316 402
f 317 318 402
f 321 425 423
f 321 422 423
f 321 422 421
f 321 425 426
f 321 420 421
f 321 426 618
f 321 426 620
f 321 419 420
f 321 419 322
f 321 417 322
f 321 215 322
f 321 417 322
f 321 215 216
f 321 322 416
f 321 218 216
f 321 414 322
f 321 218 219
f 321 414 322
f 321 220 219
f 321 322 412
f 321 411 322
f 321 220 222
f 321 220 221
f 321 411 322
f 321 409 322
f 321 225 322
f 321 406 322
f 321 226 225
f 321 308 226
f 321 308 322
f 321 322 404
f 321 308 307
f 321 308 307
f 321 322 404
f 321 226 304
f 321 307 304
f 321 307 226
f 321 322 397
f 321 398 397
f 321 398 322
f 321 398 399
f 321 402 322
f 321 400 399
f 321 402 401
f 321 400 401
f 319 425 622
f 319 622 318
f 319 622 318
f 319 318 724
f 319 422 318
f 319 422 318
f 319 420 318
f 319 215 318
f 319 419 420
f 319 215 318
f 319 419 318
f 319 318 417
f 319 218 318
f 319 318 417
f 319 220 318
f 319 318 416
f 319 220 318
f 319 318 414
f 319 318 221
f 319 318 414
f 319 318 412
f 319 318 411
f 319 309 225
f 319 318 309
f 319 318 411
f 319 318 309
f 319 318 409
f 319 318 314
f 319 318 409
f 319 318 314
f 319 318 398
f 319 318 406
f 319 318 400
f 319 318 404
f 319 318 400
f 319 318 404
f 319 318 402
f 319 318 402
f 301 329 302
f 301 329 300
f 301 396 302
f 301 300 396
f 301 329 327
f 301 396 302
f 301 300 396
f 301 327 302
f 301 300 327
f 301 329 327
f 301 329 300
f 301 398 302
f 301 300 398
f 301 299 327
f 301 300 299
f 301 398 399
f 301 300 398
f 301 325 302
f 301 325 299
f 301 300 299
f 301 399 401
f 301 300 399
f 301 325 229
f 301 325 229
f 301 228 227
f 301 299 228
f 301 226 227
f 301 300 226
f 301 401 302
f 301 229 228
f 301 229 299
f 301 226 225
f 301 300 226
f 301 225 302
f 301 300 225
f 301 221 222
f 301 300 221
f 301 220 221
f 301 220 300
f 301 220 219
f 301 220 300
f 301 215 216
f 301 215 300
f 301 215 302
f 301 215 300
f 433 434 404
f 433 432 404
f 433 432 406
f 433 434 404
f 433 432 404
f 433 432 434
f 433 406 428
f 433 434 428
f 433 434 428
f 433 505 428
f 433 432 505
f 433 432 505
f 433 434 503
f 433 432 503
f 433 434 503
f 433 432 503
f 433 434 502
f 433 432 502
f 433 500 434
f 433 432 500
f 433 500 434
f 433 432 434
f 433 432 500
f 431 430 404
f 431 432 404
f 431 432 430
f 431 430 406
f 431 432 406
f 431 430 409
f 431 430 409
f 431 432 428
f 431 507 430
f 431 430 505
f 431 432 505
f 431 430 505
f 431 432 505
f 431 430 503
f 431 432 503
f 431 430 503
f 431 432 503
f 431 430 502
f 431 432 502
f 431 432 430
f 407 427 406
f 407 431 432
f 407 431 432
f 407 433 406
f 407 433 432
f 407 433 432
f 407 427 426
f 407 431 409
f 407 430 406
f 407 431 430
f 407 431 430
f 407 427 426
f 407 406 327
f 407 406 327
f 407 329 426
f 407 426 423
f 407 426 409
f 407 325 406
f 407 327 326
f 407 409 326
f 407 325 409
f 407 327 410
f 407 329 406
f 407 329 423
f 407 426 406
f 407 329 406
f 407 329 426
f 407 423 410
f 407 325 324
f 407 325 324
f 407 324 323
f 407 324 409
f 407 323 406
f 407 409 323
f 407 321 406
f 407 321 409
f 407 321 409
f 407 319 318
f 407 319 318
f 407 317 318
f 407 317 318
f 407 317 316
f 407 317 316
f 407 315 316
f 407 315 316
f 407 315 314
f 407 315 314
f 407 314 312
f 407 314 406
f 407 312 408
f 407 406 408
f 407 406 312
f 648 647 2
f 648 647 649
f 648 3 2
f 648 3 649
f 648 3 649
f 648 1 649
f 648 647 1
f 648 729 1
f 648 729 647
f 648 729 649
f 648 729 647
f 648 727 649
f 648 727 647
f 648 727 726
f 648 727 647
f 648 721 649
f 648 721 647
f 648 721 719
f 648 721 647
f 648 714 649
f 648 715 714
f 648 715 647
f 648 715 647
f 648 713 714
f 648 713 647
f 648 713 649
f 648 713 647
f 648 647 606
f 717 640 716
f 717 638 716
f 717 635 638
f 717 635 716
f 717 620 635
f 717 615 716
f 717 615 716
f 717 716 614
f 717 212 325
f 717 212 325
f 717 715 212
f 717 715 212
f 654 576 655
f 654 576 653
f 654 576 653
f 654 580 655
f 654 580 653
f 654 580 581
f 654 580 653
f 654 581 655
f 654 653 581
f 654 655 697
f 654 653 697
f 654 655 25
f 654 653 25
f 654 655 26
f 654 653 26
f 654 653 655
f 575 574 572
f 575 574 464
f 575 356 464
f 575 358 357
f 575 164 356
f 575 356 355
f 575 358 359
f 575 358 357
f 575 576 164
f 575 164 356
f 575 576 164
f 575 354 355
f 575 358 359
f 575 361 59
f 575 159 160
f 575 61 60
f 575 61 160
f 575 576 61
f 575 59 60
f 575 361 59
f 575 60 160
f 575 63 160
f 575 576 63
f 575 61 685
f 575 576 61
f 575 59 683
f 575 361 362
f 575 63 64
f 575 576 64
f 575 576 63
f 575 685 60
f 575 576 685
f 575 59 60
f 575 682 683
f 575 362 57
f 575 574 362
f 575 59 683
f 575 576 683
f 575 576 682
f 575 682 57
f 575 574 682
f 575 574 682
f 575 576 682
f 575 574 680
f 575 576 680
f 575 574 680
f 575 576 680
f 575 574 679
f 575 576 679
f 575 574 677
f 575 576 677
f 575 574 676
f 575 576 676
f 575 574 676
f 575 576 676
f 575 574 675
f 575 576 675
f 575 673 574
f 575 576 673
f 575 673 574
f 575 576 673
f 575 574 672
f 575 576 672
f 575 574 670
f 575 576 670
f 575 574 670
f 575 576 670
f 575 668 574
f 575 668 576
f 575 668 574
f 575 668 576
f 575 574 666
f 575 576 666
f 575 665 574
f 575 576 665
f 575 665 574
f 575 576 574
f 575 576 665
f 652 576 578
f 652 576 653
f 652 580 578
f 652 580 653
f 652 576 571
f 652 576 653
f 652 580 581
f 652 580 653
f 652 655 571
f 652 653 655
f 652 581 651
f 652 653 581
f 652 25 651
f 652 653 25
f 652 26 651
f 652 655 26
f 652 653 655
f 652 26 25
f 652 653 26
f 573 658 571
f 573 576 571
f 573 576 658
f 573 659 658
f 573 576 659
f 573 659 660
f 573 576 659
f 573 660 661
f 573 576 572
f 573 576 660
f 573 575 574
f 573 575 576
f 573 575 576
f 573 663 571
f 573 574 672
f 573 576 574
f 573 663 576
f 573 665 571
f 573 665 574
f 573 670 669
f 573 574 670
f 573 574 670
f 573 668 574
f 573 673 574
f 573 665 666
f 573 665 574
f 573 572 472
f 573 474 472
f 573 669 571
f 573 668 669
f 573 668 574
f 573 666 571
f 573 574 666
f 573 572 472
f 573 673 574
f 573 472 471
f 573 572 470
f 573 574 675
f 573 471 677
f 573 574 677
f 573 472 677
f 573 574 677
f 573 470 471
f 573 574 470
f 573 572 470
f 573 574 470
f 573 574 572
f 577 665 578
f 577 576 578
f 577 576 665
f 577 665 666
f 577 576 665
f 577 666 578
f 577 576 666
f 577 668 578
f 577 668 576
f 577 668 578
f 577 668 576
f 577 670 578
f 577 576 670
f 577 670 578
f 577 576 670
f 577 672 578
f 577 576 672
f 577 673 672
f 577 576 673
f 577 673 578
f 577 576 673
f 577 676 578
f 577 576 676
f 577 676 578
f 577 576 676
f 577 578 677
f 577 576 677
f 577 578 679
f 577 576 679
f 577 680 578
f 577 576 680
f 577 680 578
f 577 576 680
f 577 682 578
f 577 576 682
f 577 682 578
f 577 576 682
f 577 578 683
f 577 576 683
f 577 578 685
f 577 576 685
f 577 578 685
f 577 576 685
f 577 578 687
f 577 63 687
f 577 688 578
f 577 63 61
f 577 576 61
f 577 63 687
f 577 688 687
f 577 688 578
f 577 63 61
f 577 576 61
f 577 576 63
f 577 63 64
f 577 576 63
f 577 64 65
f 577 576 64
f 577 579 578
f 577 353 579
f 577 354 353
f 577 164 65
f 577 165 354
f 577 165 164
f 577 164 160
f 577 576 160
f 577 576 164
f 577 352 353
f 577 165 354
f 577 354 353
f 577 575 354
f 577 575 354
f 577 575 576
f 577 575 576
f 577 165 164
f 577 576 164
f 577 575 572
f 577 569 579
f 577 569 572
f 577 569 570
f 577 569 572
f 577 570 578
f 577 576 578
f 577 572 570
f 577 576 572
f 708 709 647
f 708 648 647
f 708 648 709
f 708 648 649
f 708 648 709
f 710 709 647
f 710 648 709
f 710 648 709
f 710 708 649
f 710 708 709
f 710 709 222
f 710 218 222
f 710 709 106
f 710 708 22
f 710 712 330
f 710 218 330
f 710 218 712
f 710 218 106
f 710 218 106
f 484 569 568
f 484 486 569
f 484 568 567
f 484 486 568
f 484 569 570
f 484 486 569
f 484 565 567
f 484 570 571
f 484 486 570
f 484 563 562
f 484 513 571
f 484 511 513
f 484 511 513
f 484 508 511
f 484 486 508
f 484 508 511
f 484 486 508
f 484 454 483
f 484 452 483
f 484 451 452
f 484 486 450
f 484 451 388
f 484 450 451
f 484 486 450
f 484 388 483
f 484 486 388
f 484 483 389
f 484 486 389
f 484 394 483
f 484 486 394
f 484 486 394
f 488 505 567
f 488 486 505
f 488 486 505
f 488 565 567
f 488 486 565
f 488 563 565
f 488 563 562
f 488 557 562
f 488 451 489
f 488 450 451
f 488 450 449
f 488 448 449
f 488 448 447
f 488 448 486
f 488 446 447
f 488 446 447
f 488 486 447
f 488 446 445
f 488 446 445
f 488 486 392
f 488 392 445
f 488 392 445
f 488 392 394
f 488 486 394
f 488 486 392
f 540 541 502
f 540 539 502
f 540 539 541
f 540 541 502
f 540 437 502
f 540 437 541
f 540 437 503
f 540 539 503
f 540 437 541
f 540 542 541
f 540 612 614
f 540 612 541
f 540 539 614
f 540 541 615
f 540 539 615
f 540 541 615
f 540 539 615
f 540 539 541
f 436 539 503
f 436 435 503
f 436 540 437
f 436 540 539
f 436 540 437
f 436 540 539
f 436 437 402
f 436 435 402
f 436 437 503
f 436 435 503
f 436 437 400
f 436 437 502
f 436 435 502
f 436 400 402
f 436 435 402
f 436 435 400
f 436 437 400
f 436 435 400
f 436 500 437
f 436 435 500
f 436 437 398
f 436 435 398
f 436 500 437
f 436 435 500
f 436 398 397
f 436 437 398
f 436 492 398
f 436 435 492
f 436 496 437
f 436 435 496
f 436 435 493
f 436 496 437
f 436 435 496
f 436 397 491
f 436 492 491
f 436 492 397
f 436 493 492
f 436 494 493
f 436 435 493
f 436 494 493
f 436 437 495
f 436 494 495
f 498 542 541
f 498 542 541
f 498 539 541
f 498 543 542
f 498 543 542
f 498 539 495
f 498 541 497
f 498 539 541
f 498 543 499
f 498 543 497
f 498 497 495
f 498 441 499
f 498 401 499
f 498 495 401
f 498 495 401
f 498 430 499
f 498 430 497
f 498 441 545
f 498 497 545
f 498 440 441
f 498 440 497
f 498 432 430
f 498 432 430
f 498 442 441
f 498 442 497
f 498 442 497
f 498 439 440
f 498 439 440
f 498 432 434
f 498 432 497
f 498 439 499
f 498 439 497
f 498 435 434
f 498 435 497
f 498 437 499
f 498 437 497
f 498 436 435
f 498 436 435
f 498 436 437
f 498 436 437
f 583 542 584
f 583 542 581
f 583 542 565
f 583 542 565
f 583 584 657
f 583 656 657
f 583 584 658
f 583 659 584
f 583 659 584
f 583 690 584
f 583 584 660
f 583 690 584
f 583 688 584
f 583 688 584
f 583 663 665
f 583 663 665
f 583 584 685
f 583 665 584
f 583 668 584
f 583 682 685
f 583 584 685
f 583 668 584
f 583 682 681
f 583 670 584
f 583 680 681
f 583 676 584
f 583 670 584
f 583 673 670
f 583 676 584
f 608 643 607
f 608 609 643
f 608 713 607
f 608 713 609
f 608 713 609
f 608 607 547
f 608 715 609
f 608 713 715
f 608 713 715
f 608 607 545
f 608 609 545
f 608 715 607
f 608 607 545
f 608 609 545
f 608 607 428
f 608 609 428
f 608 717 715
f 608 717 715
f 608 543 607
f 608 543 609
f 608 542 607
f 608 609 325
f 608 717 325
f 608 717 609
f 608 543 542
f 608 543 609
f 608 540 542
f 608 540 609
f 608 609 542
f 608 540 542
f 608 540 609
f 641 729 639
f 641 612 639
f 641 640 612
f 641 640 728
f 641 729 728
f 641 727 640
f 641 727 640
f 586 612 584
f 586 659 649
f 586 550 557
f 586 584 658
f 586 659 658
f 586 659 584
f 586 659 649
f 586 612 584
f 586 550 584
f 586 550 612
f 586 557 584
f 586 663 584
f 586 663 649
f 586 584 660
f 586 659 660
f 586 659 584
f 586 668 690
f 586 668 649
f 586 663 665
f 586 663 665
f 586 668 688
f 586 668 584
f 586 668 649
f 586 665 584
f 586 665 649
f 586 668 688
f 586 688 670
f 586 688 670
f 611 612 613
f 611 640 613
f 611 640 612
f 611 540 612
f 611 540 539
f 611 540 612
f 611 540 609
f 611 715 640
f 611 715 640
f 611 715 609
f 611 713 640
f 611 713 609
f 611 713 609
f 611 540 539
f 611 540 609
f 611 542 612
f 611 715 716
f 611 536 428
f 611 539 536
f 611 539 536
f 611 717 716
f 611 717 715
f 611 717 715
f 611 427 428
f 611 427 324
f 611 427 324
f 611 717 324
f 611 325 324
f 611 609 325
f 611 717 325
f 611 717 609
f 662 580 581
f 662 663 580
f 662 580 578
f 662 663 580
f 662 663 584
f 662 583 584
f 662 583 663
f 662 576 578
f 662 663 576
f 662 573 576
f 662 573 663
f 662 573 661
f 662 573 663
f 662 660 571
f 662 660 661
f 662 523 571
f 662 523 571
f 662 663 571
f 662 660 661
f 662 30 660
f 662 30 664
f 662 663 664
f 662 661 28
f 662 694 28
f 662 663 694
f 662 695 694
f 662 695 661
f 662 693 661
f 662 663 693
f 662 663 693
f 662 661 27
f 662 695 27
f 662 695 661
f 166 165 68
f 166 167 68
f 166 165 354
f 166 167 354
f 166 147 165
f 166 165 354
f 166 167 354
f 166 167 69
f 166 147 69
f 166 147 167
f 166 147 167
f 166 251 165
f 166 167 251
f 166 252 251
f 166 252 167
f 166 150 165
f 166 167 148
f 166 150 148
f 166 252 253
f 166 252 167
f 166 165 151
f 166 167 253
f 166 151 163
f 166 167 163
f 166 167 151
f 166 165 163
f 166 256 165
f 166 165 258
f 166 167 258
f 166 167 266
f 166 263 266
f 166 163 263
f 166 163 263
f 166 198 163
f 166 167 198
f 168 69 68
f 168 167 68
f 168 167 69
f 168 169 69
f 168 167 354
f 168 145 169
f 168 145 167
f 168 353 169
f 168 354 353
f 168 167 354
f 168 147 145
f 168 353 169
f 168 354 353
f 168 251 169
f 168 167 251
f 168 145 169
f 168 147 145
f 168 252 251
f 168 252 167
f 168 147 148
f 168 147 167
f 168 252 253
f 168 252 167
f 168 169 171
f 168 148 171
f 168 253 169
f 168 148 151
f 168 167 148
f 168 167 266
f 168 253 258
f 168 167 258
f 168 167 253
f 168 167 151
f 168 171 266
f 168 169 171
f 555 557 492
f 555 550 557
f 555 557 490
f 555 557 490
f 555 451 594
f 555 586 550
f 549 448 492
f 549 550 492
f 549 550 448
f 549 448 493
f 549 550 493
f 549 448 493
f 549 550 448
f 549 494 493
f 549 550 446
f 549 597 446
f 549 597 550
f 564 482 565
f 564 482 563
f 564 565 481
f 564 563 481
f 564 482 565
f 564 482 563
f 564 565 480
f 564 563 480
f 564 484 565
f 564 484 563
f 564 484 563
f 564 478 565
f 564 478 563
f 564 478 563
f 564 475 565
f 564 563 475
f 564 477 565
f 564 478 477
f 564 478 477
f 564 473 475
f 564 473 563
f 564 473 563
f 564 473 566
f 564 473 566
f 564 583 566
f 564 563 565
f 564 583 565
f 564 566 464
f 334 234 233
f 334 233 335
f 334 335 232
f 334 230 335
f 334 335 394
f 334 229 230
f 334 229 230
f 334 335 394
f 334 229 335
f 334 335 396
f 334 707 228
f 334 229 228
f 334 229 707
f 334 398 396
f 334 335 398
f 334 442 335
f 334 442 335
f 334 335 398
f 334 440 335
f 334 400 335
f 334 439 440
f 334 439 335
f 334 400 402
f 334 437 400
f 334 437 400
f 334 437 335
f 290 234 289
f 290 289 233
f 290 289 232
f 290 289 230
f 290 289 388
f 290 341 289
f 290 229 289
f 290 289 388
f 290 229 289
f 290 289 389
f 290 289 387
f 290 344 289
f 290 289 226
f 290 289 226
f 290 220 289
f 238 192 236
f 238 191 192
f 238 183 236
f 238 183 184
f 238 236 287
f 238 286 236
f 238 183 182
f 238 341 342
f 238 181 182
f 238 344 345
f 238 181 700
f 238 345 700
f 238 345 346
f 282 280 243
f 282 280 243
f 282 280 226
f 282 280 226
f 282 344 345
f 282 345 346
f 282 220 280
f 282 280 380
f 282 346 281
f 282 280 376
f 282 383 382
f 282 280 383
f 282 281 347
f 282 280 376
f 282 280 383
f 282 281 349
f 282 280 372
f 282 280 384
f 282 350 281
f 282 208 280
f 282 280 372
f 282 350 351
f 282 372 371
f 282 280 371
f 282 280 281
f 282 358 281
f 282 352 351
f 282 365 281
f 282 281 356
f 282 352 353
f 282 365 362
f 282 361 362
f 282 361 365
f 282 354 281
f 282 354 353
f 195 243 226
f 195 194 226
f 195 194 243
f 195 243 226
f 195 194 226
f 195 244 194
f 195 244 194
f 195 194 247
f 195 194 248
f 195 194 248
f 195 252 248
f 195 116 194
f 195 252 253
f 195 253 171
f 195 194 142
f 195 168 161
f 195 140 141
f 195 194 140
f 195 168 167
f 195 148 171
f 195 194 171
f 195 148 151
f 193 244 243
f 193 244 194
f 193 194 240
f 193 244 192
f 193 244 194
f 193 238 192
f 193 192 226
f 193 194 226
f 193 194 174
f 193 192 226
f 193 194 226
f 193 174 246
f 193 192 174
f 193 192 222
f 193 177 246
f 193 177 192
f 193 177 192
f 193 140 192
f 193 140 141
f 193 142 141
f 193 194 142
f 193 194 142
f 193 194 140
f 193 106 192
f 193 194 140
f 193 137 192
f 193 140 192
f 193 140 137
f 193 137 136
f 193 194 137
f 193 116 194
f 193 136 192
f 143 194 171
f 143 194 142
f 143 195 194
f 143 195 194
f 143 142 63
f 143 142 64
f 143 142 63
f 143 142 66
f 143 71 173
f 143 142 71
f 143 71 170
f 143 142 71
f 143 142 67
f 143 142 69
f 143 47 48
f 143 47 48
f 143 59 62
f 143 142 62
f 143 142 67
f 143 142 69
f 143 48 49
f 143 48 142
f 143 50 49
f 143 50 142
f 143 50 57
f 143 50 142
f 143 50 56
f 245 177 246
f 245 244 177
f 245 244 177
f 245 174 246
f 245 174 173
f 245 174 246
f 245 173 175
f 245 244 175
f 245 247 246
f 245 173 170
f 245 247 170
f 245 247 173
f 245 352 247
f 245 352 351
f 245 351 700
f 245 244 700
f 245 244 351
f 245 244 350
f 245 352 351
f 245 350 351
f 245 244 350
f 245 247 349
f 245 350 247
f 245 349 246
f 245 244 349
f 245 244 347
f 245 246 348
f 245 347 348
f 245 279 246
f 245 244 279
f 245 281 347
f 245 244 281
f 245 280 279
f 245 244 280
f 245 280 281
f 245 244 280
f 235 183 184
f 235 183 234
f 235 183 234
f 235 183 182
f 235 342 701
f 235 341 342
f 235 182 701
f 235 183 182
f 235 183 236
f 235 341 342
f 235 234 289
f 235 290 234
f 235 334 234
f 293 339 292
f 293 334 292
f 293 334 294
f 293 334 294
f 293 294 390
f 293 339 390
f 293 292 390
f 293 294 390
f 293 292 390
f 293 339 390
f 293 339 292
f 293 292 392
f 293 295 392
f 293 294 295
f 293 292 392
f 293 295 392
f 293 296 295
f 293 295 216
f 293 296 397
f 293 296 394
f 293 208 292
f 293 220 292
f 293 282 208
f 293 296 295
f 293 296 208
f 293 220 295
f 293 208 280
f 293 208 275
f 293 294 295
f 293 292 226
f 293 294 226
f 293 208 275
f 293 292 226
f 293 294 226
f 293 229 292
f 293 294 229
f 293 229 230
f 293 294 229
f 293 230 292
f 293 294 230
f 293 292 232
f 293 294 232
f 293 233 292
f 293 294 233
f 293 294 233
f 336 294 295
f 336 293 294
f 336 293 294
f 336 334 294
f 336 334 294
f 336 392 337
f 336 392 337
f 336 295 337
f 336 295 392
f 336 293 292
f 336 293 292
f 336 337 394
f 336 335 394
f 336 334 392
f 336 334 335
f 336 296 295
f 336 334 296
f 336 334 296
f 336 337 394
f 336 335 394
f 336 290 289
f 336 337 396
f 336 335 396
f 336 289 236
f 336 235 290
f 336 235 290
f 336 398 337
f 336 335 398
f 336 235 236
f 336 235 289
f 336 439 398
f 336 235 234
f 336 235 234
f 336 439 440
f 336 439 440
f 336 335 398
f 336 439 398
f 336 234 233
f 336 234 233
f 336 440 441
f 336 440 335
f 336 335 399
f 336 439 399
f 336 439 335
f 336 233 232
f 336 233 335
f 336 442 441
f 336 442 335
f 336 442 337
f 336 442 335
f 336 335 232
f 336 705 232
f 336 705 335
f 336 444 337
f 336 444 335
f 336 597 444
f 217 280 279
f 217 220 279
f 217 220 280
f 217 280 203
f 217 280 204
f 217 201 219
f 217 220 201
f 217 220 201
f 217 216 204
f 217 280 204
f 217 218 203
f 217 218 216
f 217 218 219
f 217 216 204
f 217 282 280
f 217 282 220
f 217 293 295
f 217 293 220
f 217 293 220
f 217 300 216
f 217 301 300
f 217 301 300
f 217 296 295
f 217 220 296
f 217 293 292
f 217 293 216
f 217 216 205
f 217 300 299
f 217 301 219
f 217 301 216
f 217 290 220
f 217 220 288
f 217 220 299
f 217 220 300
f 217 220 300
f 217 219 302
f 217 216 302
f 217 219 304
f 217 216 304
f 217 219 304
f 217 218 219
f 217 216 304
f 217 216 305
f 217 218 305
f 217 307 216
f 217 218 307
f 217 308 307
f 217 218 308
f 217 308 216
f 217 218 308
f 217 216 309
f 217 218 309
f 217 216 311
f 217 218 311
f 217 216 312
f 217 218 312
f 217 313 216
f 217 218 313
f 217 313 315
f 217 218 313
f 217 315 216
f 217 218 315
f 217 317 216
f 217 317 218
f 217 317 318
f 217 317 218
f 217 319 318
f 217 319 218
f 211 300 298
f 211 212 298
f 211 212 300
f 211 301 300
f 211 301 212
f 211 301 302
f 211 301 212
f 211 302 303
f 211 212 302
f 211 305 303
f 211 212 305
f 211 305 306
f 211 212 305
f 211 307 306
f 211 212 307
f 211 308 307
f 211 212 308
f 211 308 310
f 211 311 310
f 211 212 311
f 211 308 309
f 211 212 309
f 211 212 308
f 211 312 311
f 211 212 312
f 211 313 312
f 211 212 313
f 211 313 314
f 211 212 313
f 211 315 314
f 211 212 315
f 211 315 316
f 211 212 315
f 211 317 316
f 211 317 212
f 211 317 318
f 211 317 212
f 211 319 318
f 211 319 212
f 211 321 212
f 211 319 724
f 211 209 106
f 211 209 212
f 211 212 208
f 211 209 208
f 211 209 212
f 211 212 323
f 206 106 204
f 206 207 205
f 206 106 204
f 206 215 205
f 206 215 204
f 206 106 203
f 206 215 204
f 206 218 106
f 206 209 106
f 206 218 215
f 206 218 203
f 206 218 215
f 206 201 106
f 206 218 201
f 206 218 201
f 107 206 106
f 107 206 106
f 107 206 108
f 107 106 204
f 107 108 204
f 107 106 204
f 107 108 204
f 107 106 203
f 107 201 106
f 213 209 212
f 213 715 212
f 213 206 106
f 213 206 209
f 213 713 106
f 213 713 715
f 213 713 715
f 213 206 207
f 213 209 212
f 213 206 209
f 213 327 214
f 213 327 214
f 213 715 214
f 213 715 327
f 213 715 327
f 213 715 212
f 213 208 207
f 213 212 208
f 213 325 214
f 213 212 325
f 213 208 214
f 213 212 208
f 213 325 324
f 213 212 325
f 213 212 298
f 213 324 323
f 213 212 324
f 213 300 298
f 213 212 300
f 213 323 322
f 213 212 323
f 213 301 300
f 213 301 212
f 213 321 322
f 213 321 212
f 213 301 302
f 213 301 212
f 213 302 214
f 213 212 302
f 213 319 318
f 213 319 212
f 213 305 214
f 213 212 305
f 213 317 318
f 213 317 212
f 213 305 214
f 213 212 305
f 213 317 316
f 213 317 212
f 213 307 214
f 213 212 307
f 213 315 316
f 213 212 315
f 213 308 307
f 213 212 308
f 213 315 314
f 213 212 315
f 213 308 309
f 213 212 308
f 213 313 314
f 213 212 313
f 213 309 214
f 213 212 309
f 213 313 312
f 213 212 313
f 213 311 214
f 213 212 311
f 213 312 311
f 213 212 312
f 366 365 469
f 366 367 469
f 366 365 263
f 366 365 267
f 366 267 368
f 366 367 365
f 366 267 269
f 366 365 267
f 366 270 269
f 366 365 270
f 366 270 272
f 366 365 270
f 366 273 272
f 366 365 273
f 366 273 274
f 366 365 273
f 366 275 274
f 366 365 275
f 366 275 276
f 366 365 275
f 366 277 276
f 366 365 277
f 366 365 277
f 364 365 680
f 364 680 469
f 364 363 469
f 364 366 367
f 364 680 681
f 364 363 681
f 364 680 54
f 364 365 680
f 364 367 365
f 364 363 365
f 364 363 367
f 364 54 261
f 364 261 55
f 364 363 55
f 364 363 261
f 364 363 261
f 364 54 261
f 364 365 54
f 364 365 262
f 364 363 262
f 364 365 264
f 364 363 264
f 364 365 265
f 364 363 265
f 364 365 265
f 364 363 265
f 364 365 267
f 364 363 267
f 364 365 270
f 364 363 270
f 364 365 270
f 364 363 270
f 364 365 271
f 364 363 271
f 364 365 273
f 364 363 273
f 364 365 273
f 364 363 273
f 364 365 275
f 364 363 275
f 364 365 275
f 364 363 275
f 364 365 277
f 364 363 277
f 364 365 277
f 364 363 277
f 364 365 279
f 364 363 279
f 364 365 280
f 364 363 280
f 364 365 280
f 364 363 280
f 364 363 365
f 465 358 359
f 465 358 359
f 465 361 362
f 465 361 362
f 465 358 357
f 465 358 464
f 465 363 362
f 465 363 362
f 465 575 357
f 465 575 464
f 465 575 464
f 465 364 363
f 465 364 363
f 465 364 365
f 465 364 365
f 465 366 365
f 465 366 365
f 465 366 367
f 465 366 367
f 465 367 466
f 465 367 464
f 465 466 368
f 465 464 368
f 465 466 369
f 465 464 369
f 465 466 371
f 465 464 371
f 465 466 372
f 465 464 372
f 465 373 466
f 465 373 466
f 465 375 466
f 465 375 466
f 465 377 466
f 465 377 466
f 465 469 466
f 465 469 379
f 465 469 379
f 465 472 469
f 465 472 469
f 465 472 380
f 465 461 380
f 465 461 472
f 465 473 472
f 465 470 469
f 465 470 469
f 465 473 470
f 465 473 470
f 456 361 367
f 456 373 371
f 456 454 380
f 456 454 382
f 456 383 454
f 456 474 383
f 456 474 477
f 456 383 384
f 456 477 383
f 456 384 480
f 456 477 384
f 456 481 480
f 456 484 482
f 268 358 359
f 268 358 359
f 268 361 362
f 268 361 362
f 268 358 269
f 268 358 267
f 268 363 362
f 268 363 362
f 268 364 363
f 268 364 363
f 268 270 269
f 268 356 270
f 268 267 357
f 268 356 357
f 268 365 267
f 268 364 365
f 268 364 365
f 268 356 270
f 268 356 355
f 268 354 270
f 268 354 355
f 268 258 267
f 268 258 267
f 268 354 265
f 268 258 264
f 268 258 265
f 268 256 258
f 268 354 353
f 268 353 264
f 268 256 270
f 268 256 270
f 268 354 270
f 268 354 353
f 268 270 271
f 268 353 271
f 188 229 707
f 188 229 230
f 188 133 132
f 188 234 233
f 340 341 390
f 340 339 390
f 340 339 341
f 340 341 390
f 340 339 390
f 340 341 392
f 340 339 392
f 340 339 392
f 340 442 392
f 340 442 341
f 340 442 441
f 340 339 441
f 340 339 442
f 340 442 341
f 340 339 442
f 340 444 341
f 340 339 444
f 340 444 341
f 340 339 444
f 340 446 341
f 340 339 446
f 340 446 341
f 340 339 446
f 340 448 341
f 340 448 596
f 340 597 596
f 340 339 597
f 340 448 596
f 340 597 596
f 340 596 595
f 340 341 595
f 340 341 595
f 340 448 595
f 340 448 341
f 340 597 702
f 340 339 597
f 340 235 341
f 340 235 234
f 340 234 702
f 340 235 339
f 340 234 702
f 340 339 702
f 340 339 234
f 340 235 341
f 340 238 341
f 340 339 236
f 340 235 236
f 340 235 339
f 340 339 287
f 340 238 287
f 340 238 341
f 340 238 286
f 340 341 286
f 340 288 341
f 340 339 288
f 340 288 341
f 340 339 288
f 340 290 341
f 340 290 339
f 338 390 337
f 338 339 390
f 338 339 390
f 338 392 337
f 338 339 392
f 338 392 337
f 338 339 392
f 338 339 393
f 338 394 393
f 338 337 394
f 338 337 394
f 338 337 396
f 338 440 396
f 338 440 337
f 338 440 441
f 338 339 441
f 338 440 441
f 338 442 441
f 338 339 442
f 338 442 337
f 338 339 442
f 338 444 337
f 338 339 444
f 338 444 445
f 338 339 444
f 338 339 446
f 338 597 445
f 338 597 446
f 338 597 446
f 338 339 446
f 338 339 597
f 338 597 702
f 338 339 597
f 338 233 232
f 338 233 232
f 338 702 233
f 338 339 702
f 338 234 233
f 338 339 234
f 338 336 232
f 338 235 234
f 338 235 339
f 338 235 236
f 338 235 339
f 338 236 337
f 338 339 236
f 338 288 337
f 338 288 287
f 338 339 287
f 338 339 288
f 338 288 289
f 338 339 288
f 338 290 289
f 338 290 339
f 338 339 292
f 254 255 273
f 254 252 273
f 254 252 255
f 254 252 253
f 254 255 270
f 254 253 270
f 254 252 253
f 254 253 270
f 254 253 165
f 254 252 164
f 254 256 270
f 254 256 255
f 254 255 164
f 254 165 164
f 254 255 356
f 254 252 356
f 254 268 256
f 254 256 255
f 254 256 165
f 254 166 253
f 254 166 256
f 254 255 356
f 254 252 356
f 254 253 258
f 254 268 258
f 254 268 256
f 254 166 253
f 254 166 256
f 254 354 255
f 254 252 354
f 254 354 353
f 254 252 353
f 254 252 354
f 459 352 353
f 459 354 353
f 459 352 351
f 459 354 458
f 459 350 351
f 459 458 356
f 459 350 458
f 459 458 356
f 459 358 458
f 459 458 349
f 459 590 349
f 459 590 458
f 459 358 359
f 459 361 359
f 459 361 458
f 459 478 458
f 459 363 458
f 459 363 367
f 459 364 363
f 459 364 366
f 459 367 458
f 459 458 368
f 459 458 371
f 459 373 372
f 459 458 373
f 459 458 377
f 459 458 373
f 459 458 375
f 459 458 375
f 462 461 356
f 462 461 354
f 462 461 356
f 462 461 354
f 462 461 358
f 462 461 352
f 462 461 358
f 462 461 352
f 462 461 361
f 462 351 579
f 462 461 363
f 462 575 574
f 462 351 700
f 462 364 461
f 462 574 572
f 462 350 351
f 462 461 350
f 462 461 350
f 462 566 572
f 462 364 366
f 462 364 366
f 462 566 569
f 462 564 566
f 462 564 461
f 462 366 461
f 462 566 569
f 462 461 367
f 462 564 461
f 462 461 368
f 462 461 563
f 462 461 369
f 462 461 371
f 462 461 478
f 462 461 372
f 462 461 474
f 462 461 373
f 462 461 373
f 462 461 474
f 462 465 461
f 462 461 375
f 462 461 375
f 462 461 377
f 462 461 377
f 462 465 377
f 462 461 379
f 462 465 379
f 462 461 379
f 462 465 379
f 462 465 461
f 149 148 63
f 149 150 63
f 149 150 148
f 149 148 64
f 149 150 64
f 149 148 66
f 149 152 66
f 149 150 152
f 149 147 148
f 149 152 164
f 149 150 152
f 149 147 67
f 149 164 67
f 149 150 165
f 149 147 165
f 149 164 67
f 149 147 67
f 149 147 164
f 149 166 150
f 149 166 150
f 149 166 147
f 149 166 147
f 154 155 61
f 154 153 61
f 154 153 155
f 154 155 61
f 154 153 61
f 154 155 59
f 154 153 59
f 154 155 59
f 154 153 59
f 154 155 57
f 154 153 57
f 154 155 56
f 154 153 56
f 154 155 56
f 154 153 56
f 154 155 54
f 154 153 54
f 154 155 53
f 154 153 53
f 154 153 50
f 154 155 53
f 154 50 53
f 154 50 155
f 154 50 49
f 154 153 50
f 154 48 49
f 154 47 48
f 154 151 44
f 154 198 101
f 154 153 151
f 154 159 161
f 154 155 159
f 154 155 159
f 154 155 161
f 154 153 161
f 154 153 155
f 154 195 161
f 154 195 161
f 154 195 151
f 154 168 161
f 154 168 151
f 154 168 151
f 46 45 60
f 46 47 60
f 46 59 45
f 46 47 59
f 46 47 59
f 46 44 45
f 46 44 63
f 46 140 63
f 46 47 140
f 46 140 63
f 46 44 63
f 46 63 101
f 46 140 141
f 46 47 140
f 46 142 141
f 46 47 142
f 46 154 151
f 46 154 47
f 46 101 67
f 46 44 67
f 46 44 101
f 46 148 151
f 46 47 148
f 46 143 142
f 46 143 47
f 46 148 44
f 46 47 148
f 46 44 101
f 46 143 101
f 46 143 47
f 46 44 677
f 46 47 677
f 46 44 679
f 46 44 45
f 46 47 679
f 46 680 45
f 46 47 680
f 46 680 45
f 46 47 680
f 46 682 45
f 46 47 682
f 46 682 45
f 46 47 682
f 46 45 683
f 46 47 683
f 46 45 685
f 46 47 685
f 46 45 685
f 46 47 685
f 46 45 687
f 46 47 687
f 46 688 45
f 46 47 688
f 46 688 45
f 46 47 45
f 46 47 688
f 100 1 101
f 100 3 101
f 100 3 4
f 100 4 5
f 722 647 724
f 722 721 647
f 722 721 647
f 722 641 721
f 722 721 640
f 722 721 638
f 722 721 637
f 722 637 636
f 722 721 637
f 722 634 721
f 722 634 633
f 722 721 626
f 722 721 626
f 722 721 622
f 722 721 622
f 722 211 321
f 722 721 620
f 722 321 620
f 722 321 721
f 645 721 719
f 645 722 721
f 645 717 716
f 645 722 724
f 645 715 716
f 645 715 714
f 645 715 714
f 645 727 726
f 645 713 714
f 645 713 714
f 645 727 728
f 645 713 712
f 645 713 643
f 645 729 728
f 645 729 646
f 645 710 709
f 645 710 606
f 85 717 715
f 85 6 727
f 85 22 20
f 85 22 24
f 85 27 26
f 85 30 31
f 629 722 721
f 629 721 626
f 629 630 628
f 629 727 726
f 629 727 726
f 629 628 621
f 629 622 621
f 629 622 620
f 629 622 623
f 629 626 623
f 629 626 628
f 629 727 728
f 629 727 630
f 629 717 622
f 629 729 728
f 629 729 630
f 629 729 630
f 629 717 620
f 629 717 622
f 103 727 726
f 103 317 316
f 103 317 727
f 103 317 727
f 103 100 1
f 7 5 8
f 7 6 5
f 7 8 101
f 7 5 101
f 7 100 8
f 7 100 5
f 7 8 25
f 7 5 25
f 7 8 651
f 7 5 651
f 7 5 8
f 23 22 24
f 23 708 22
f 23 707 24
f 23 708 707
f 23 708 22
f 23 708 709
f 23 710 709
f 23 710 22
f 19 20 25
f 19 17 25
f 16 17 15
f 16 17 714
f 16 15 716
f 16 714 716
f 16 15 14
f 16 715 714
f 16 717 14
f 627 3 4
f 627 4 628
f 627 3 628
f 627 1 101
f 627 1 626
f 627 1 628
f 627 523 524
f 627 625 101
f 627 626 625
f 627 729 1
f 627 729 1
f 627 625 523
f 627 625 651
f 627 626 625
f 627 626 628
f 627 729 728
f 627 729 626
f 627 525 524
f 627 625 525
f 627 625 525
f 627 630 651
f 627 630 628
f 627 727 728
f 627 727 626
f 627 628 621
f 627 630 628
f 627 727 726
f 627 727 726
f 627 621 623
f 627 625 623
f 627 621 619
f 627 630 621
f 627 626 628
f 627 632 619
f 627 630 632
f 627 630 632
f 343 342 286
f 343 344 286
f 343 288 342
f 343 344 288
f 343 288 289
f 343 344 288
f 343 284 240
f 343 290 289
f 343 290 344
f 343 238 342
f 343 238 344
f 343 342 388
f 343 341 342
f 343 290 341
f 343 290 341
f 343 344 387
f 343 290 387
f 343 290 344
f 343 342 701
f 343 344 701
f 343 388 387
f 343 344 387
f 343 342 388
f 343 342 594
f 343 344 594
f 343 344 444
f 343 342 451
f 343 342 390
f 343 444 390
f 343 444 342
f 343 444 342
f 343 344 444
f 343 451 594
f 343 344 594
f 343 344 451
f 343 450 342
f 343 344 450
f 343 446 342
f 343 344 446
f 343 450 342
f 343 344 450
f 343 446 342
f 343 344 446
f 343 448 342
f 343 344 448
f 343 448 342
f 343 344 448
f 285 226 286
f 285 226 286
f 285 229 286
f 285 229 230
f 285 229 230
f 285 230 236
f 285 284 236
f 285 230 286
f 285 238 286
f 285 238 284
f 285 284 240
f 285 341 342
f 285 343 342
f 285 343 284
f 285 383 286
f 285 343 344
f 285 343 284
f 285 383 286
f 285 344 345
f 285 284 344
f 285 345 346
f 285 284 345
f 285 382 380
f 285 286 380
f 285 286 382
f 285 284 379
f 285 346 286
f 285 284 346
f 285 351 379
f 285 351 286
f 285 286 347
f 285 284 347
f 285 352 351
f 285 352 379
f 285 284 379
f 285 284 352
f 285 286 349
f 285 284 349
f 285 352 353
f 285 284 353
f 285 284 352
f 285 350 351
f 285 284 350
f 285 350 286
f 285 284 350
f 600 649 700
f 598 593 596
f 598 592 593
f 598 600 592
f 598 597 596
f 598 597 649
f 598 597 700
f 598 549 597
f 598 597 700
f 598 597 702
f 598 597 444
f 598 549 444
f 598 549 597
f 598 597 702
f 424 321 425
f 424 319 622
f 424 319 425
f 424 622 621
f 424 622 423
f 424 622 620
f 424 425 622
f 424 620 621
f 424 423 525
f 424 425 525
f 424 620 525
f 424 425 525
f 424 425 620
f 424 423 522
f 424 425 522
f 424 423 522
f 424 425 522
f 424 423 521
f 424 425 521
f 424 423 519
f 424 425 519
f 424 423 519
f 424 425 519
f 424 423 517
f 424 425 517
f 424 423 517
f 424 515 517
f 424 425 515
f 424 515 423
f 424 515 514
f 424 425 515
f 424 425 514
f 424 430 514
f 424 430 514
f 424 423 411
f 424 425 423
f 429 407 427
f 429 407 431
f 429 427 426
f 429 407 427
f 429 407 431
f 429 426 409
f 429 431 409
f 429 431 430
f 429 427 510
f 429 431 507
f 429 425 426
f 429 430 510
f 429 427 510
f 429 510 428
f 429 430 510
f 429 507 508
f 429 507 430
f 429 507 428
f 429 431 428
f 429 431 507
f 429 430 411
f 429 425 411
f 429 425 426
f 429 430 511
f 429 427 511
f 429 427 426
f 429 508 428
f 429 430 508
f 429 424 425
f 429 430 513
f 429 425 513
f 429 430 411
f 429 424 411
f 429 424 430
f 429 424 425
f 429 424 423
f 429 424 430
f 429 423 412
f 429 430 412
f 429 430 423
f 725 648 647
f 725 648 647
f 725 647 724
f 725 647 726
f 725 648 649
f 725 648 726
f 725 645 724
f 725 645 726
f 725 649 724
f 725 726 649
f 725 724 2
f 725 1 2
f 725 726 1
f 725 726 1
f 725 3 724
f 725 3 726
f 725 641 640
f 725 641 640
f 725 3 4
f 725 640 724
f 725 640 726
f 725 6 4
f 725 3 6
f 725 3 6
f 725 638 724
f 725 726 638
f 725 637 638
f 725 637 726
f 725 637 636
f 725 637 726
f 725 636 635
f 725 726 636
f 725 106 724
f 725 634 635
f 725 634 726
f 725 318 724
f 725 726 318
f 725 634 633
f 725 634 633
f 725 622 318
f 725 633 724
f 725 633 726
f 725 622 724
f 725 622 318
f 725 726 318
f 725 724 623
f 725 726 623
f 725 629 630
f 725 629 726
f 725 724 625
f 725 726 625
f 725 629 628
f 725 629 726
f 725 626 724
f 725 726 626
f 725 627 628
f 725 627 726
f 725 627 626
f 725 627 726
f 706 648 649
f 706 648 705
f 706 708 649
f 706 708 649
f 706 649 698
f 706 23 708
f 706 23 708
f 706 23 24
f 706 23 707
f 706 707 79
f 706 705 79
f 706 707 79
f 706 705 79
f 718 648 647
f 718 647 719
f 718 648 647
f 718 645 719
f 718 645 717
f 718 647 716
f 718 717 716
f 718 648 649
f 718 648 719
f 718 719 13
f 718 649 716
f 718 719 716
f 718 719 649
f 718 13 14
f 718 717 14
f 718 12 719
f 718 16 13
f 718 16 717
f 718 641 640
f 718 640 719
f 718 717 640
f 718 719 638
f 718 717 638
f 718 717 212
f 718 211 212
f 718 637 719
f 718 637 635
f 718 717 635
f 718 637 719
f 718 212 324
f 718 717 212
f 718 634 719
f 718 323 614
f 718 324 323
f 718 717 324
f 718 717 614
f 718 719 615
f 718 717 615
f 718 629 719
f 718 717 615
f 718 719 626
f 718 629 626
f 718 629 717
f 718 615 618
f 718 719 618
f 718 719 615
f 718 719 620
f 718 717 620
f 718 719 622
f 718 717 622
f 718 719 622
f 718 717 622
f 162 575 357
f 162 575 164
f 162 575 164
f 162 255 357
f 162 255 164
f 162 254 164
f 162 254 255
f 162 254 255
f 162 152 164
f 162 152 164
f 162 152 163
f 162 256 161
f 162 256 255
f 162 256 255
f 162 153 161
f 162 153 152
f 162 153 152
f 162 256 161
f 162 256 163
f 162 258 161
f 162 258 163
f 162 258 163
f 711 647 712
f 711 710 647
f 711 645 712
f 711 645 710
f 711 648 647
f 711 710 648
f 711 645 710
f 711 648 649
f 711 710 648
f 711 606 607
f 711 710 606
f 711 643 607
f 711 645 643
f 711 645 643
f 711 710 649
f 711 713 649
f 711 713 649
f 711 19 713
f 711 19 20
f 711 23 710
f 21 708 22
f 21 710 708
f 21 710 708
f 21 22 20
f 21 711 20
f 21 711 710
f 21 711 710
f 21 711 22
f 21 711 19
f 21 711 19
f 21 19 713
f 21 85 22
f 485 486 565
f 485 484 565
f 485 484 486
f 485 563 486
f 485 484 563
f 485 563 486
f 485 484 563
f 485 486 454
f 485 484 454
f 485 486 452
f 485 484 452
f 485 486 451
f 485 484 451
f 485 484 486
f 582 656 581
f 582 583 581
f 582 583 656
f 582 656 581
f 582 583 656
f 582 581 658
f 582 583 658
f 582 659 581
f 582 583 659
f 582 659 581
f 582 583 659
f 582 581 660
f 582 583 660
f 582 662 581
f 582 662 583
f 582 662 663
f 582 662 583
f 582 663 581
f 582 583 663
f 582 665 581
f 582 583 665
f 582 665 581
f 582 583 665
f 582 668 581
f 582 583 668
f 582 668 581
f 582 583 668
f 582 670 581
f 582 583 670
f 582 673 670
f 582 583 673
f 582 673 581
f 582 583 673
f 582 676 581
f 582 583 676
f 582 676 581
f 582 583 676
f 582 581 679
f 582 680 679
f 582 583 680
f 582 680 581
f 582 680 581
f 582 583 680
f 582 581 682
f 582 583 682
f 582 581 682
f 582 682 683
f 582 583 682
f 582 581 683
f 582 581 685
f 582 583 685
f 582 581 687
f 582 688 687
f 582 583 688
f 582 688 581
f 582 688 581
f 582 583 688
f 582 581 689
f 582 690 689
f 582 583 690
f 582 583 690
f 582 581 579
f 582 583 579
f 582 566 581
f 582 564 566
f 582 564 583
f 582 564 583
f 582 566 565
f 582 583 565
f 582 583 566
f 642 713 609
f 642 713 609
f 642 713 714
f 642 713 640
f 642 715 643
f 642 715 640
f 642 717 643
f 642 717 640
f 642 608 609
f 642 729 643
f 642 641 729
f 642 715 714
f 642 715 640
f 642 718 717
f 642 718 717
f 642 718 641
f 642 729 643
f 642 641 729
f 642 718 719
f 642 718 641
f 642 727 643
f 642 641 727
f 642 727 726
f 642 641 727
f 642 722 721
f 642 722 641
f 642 725 726
f 642 725 641
f 642 722 643
f 642 722 641
f 642 725 643
f 642 725 641
f 720 641 640
f 720 641 721
f 720 640 719
f 720 721 640
f 720 642 641
f 720 642 641
f 720 719 638
f 720 721 638
f 720 642 719
f 720 642 721
f 720 637 719
f 720 721 637
f 720 637 719
f 720 721 637
f 720 634 719
f 720 634 721
f 720 634 633
f 720 629 719
f 720 629 721
f 720 719 626
f 720 721 626
f 720 719 622
f 720 721 622
f 720 719 622
f 720 721 622
f 720 719 620
f 720 721 620
f 720 618 322
f 720 719 618
f 720 321 618
f 720 321 721
f 720 615 322
f 720 719 615
f 720 211 321
f 720 211 321
f 720 211 323
f 720 323 615
f 720 718 211
f 720 722 211
f 720 722 211
f 720 323 615
f 720 719 615
f 720 718 323
f 720 718 719
f 720 211 212
f 720 718 212
f 720 718 211
f 720 12 721
f 720 718 12
f 720 722 12
f 588 586 649
f 588 649 692
f 588 649 690
f 588 692 693
f 585 668 584
f 585 586 668
f 585 586 668
f 585 670 584
f 585 586 670
f 585 670 584
f 585 584 685
f 585 670 685
f 585 586 670
f 585 688 584
f 585 586 688
f 585 688 584
f 585 586 688
f 585 690 584
f 585 586 690
f 585 586 690
f 585 690 584
f 585 690 692
f 585 586 692
f 585 583 584
f 585 563 584
f 585 586 584
f 585 462 700
f 585 583 579
f 585 462 579
f 585 462 461
f 585 564 563
f 585 564 583
f 585 564 461
f 585 462 461
f 585 564 461
f 585 564 583
f 551 550 492
f 551 555 550
f 551 450 490
f 551 450 449
f 551 550 449
f 551 550 448
f 551 593 596
f 551 550 448
f 551 598 593
f 551 598 597
f 551 598 597
f 551 598 592
f 551 550 446
f 551 597 446
f 551 597 550
f 551 598 600
f 551 598 600
f 551 592 590
f 551 592 590
f 551 550 606
f 551 555 586
f 551 588 586
f 551 608 550
f 551 588 608
f 556 488 557
f 556 555 557
f 556 555 488
f 556 485 486
f 556 485 484
f 556 555 454
f 556 484 482
f 556 593 452
f 556 555 452
f 556 555 592
f 556 593 594
f 556 555 594
f 556 555 593
f 556 555 592
f 556 557 590
f 556 555 590
f 556 588 555
f 548 550 493
f 548 549 550
f 548 494 493
f 548 549 494
f 548 608 607
f 548 608 550
f 548 606 607
f 548 550 606
f 548 549 550
f 548 494 445
f 548 494 446
f 548 549 446
f 548 494 446
f 548 549 446
f 548 549 494
f 548 444 445
f 548 549 444
f 548 444 547
f 297 296 332
f 297 298 330
f 297 296 330
f 297 298 394
f 297 296 394
f 297 296 392
f 297 329 298
f 297 296 329
f 297 298 394
f 297 296 394
f 297 329 298
f 297 296 397
f 297 298 231
f 297 329 231
f 297 296 329
f 297 300 397
f 297 300 298
f 297 230 298
f 297 296 230
f 297 229 230
f 297 296 229
f 297 229 228
f 297 296 229
f 297 228 298
f 297 296 228
f 297 208 298
f 297 296 208
f 297 226 298
f 297 296 226
f 297 226 298
f 297 213 214
f 297 213 298
f 297 213 298
f 297 215 214
f 297 296 215
f 297 215 298
f 297 298 225
f 297 226 225
f 297 296 226
f 297 215 216
f 297 296 215
f 297 217 216
f 297 217 296
f 297 220 298
f 297 220 296
f 297 217 220
f 297 217 220
f 283 284 345
f 283 282 345
f 283 284 346
f 283 282 346
f 283 284 344
f 283 282 344
f 283 284 347
f 283 282 347
f 283 284 349
f 283 282 349
f 283 284 350
f 283 282 350
f 283 284 350
f 283 282 350
f 283 284 236
f 283 238 236
f 283 238 284
f 283 282 226
f 283 284 352
f 283 282 352
f 283 285 226
f 283 285 284
f 283 282 226
f 283 284 352
f 283 282 352
f 283 285 226
f 283 284 354
f 283 282 354
f 283 284 354
f 283 282 354
f 283 285 286
f 283 282 383
f 283 285 383
f 283 282 384
f 283 282 356
f 283 286 221
f 283 282 383
f 283 285 383
f 283 286 384
f 283 285 286
f 283 356 355
f 283 284 355
f 283 282 220
f 283 282 382
f 283 285 382
f 283 285 284
f 283 356 375
f 283 356 375
f 283 358 356
f 283 282 358
f 283 288 221
f 283 220 288
f 283 217 282
f 283 388 287
f 283 286 388
f 283 284 380
f 283 282 380
f 283 358 372
f 283 282 372
f 283 282 358
f 283 375 376
f 283 282 376
f 283 217 220
f 283 282 376
f 283 217 288
f 283 377 376
f 283 284 377
f 283 284 377
f 283 217 290
f 283 217 205
f 283 217 282
f 283 208 292
f 283 208 205
f 283 282 208
f 283 293 208
f 283 293 282
f 196 244 243
f 196 195 243
f 196 195 244
f 196 244 246
f 196 195 244
f 196 198 246
f 196 195 247
f 196 247 246
f 196 273 246
f 196 198 273
f 196 248 247
f 196 195 248
f 196 198 269
f 196 273 274
f 196 198 273
f 196 248 269
f 196 198 269
f 196 195 116
f 196 275 274
f 196 198 275
f 196 198 275
f 196 248 269
f 196 168 171
f 196 171 266
f 196 195 171
f 196 195 168
f 196 119 198
f 196 252 248
f 196 252 253
f 196 253 266
f 196 195 253
f 196 195 252
f 196 195 252
f 196 167 198
f 196 168 167
f 196 195 168
f 196 148 151
f 196 148 101
f 196 195 148
f 196 195 148
f 196 166 198
f 196 166 167
f 196 166 167
f 196 198 163
f 196 167 163
f 196 195 167
f 196 154 151
f 196 154 198
f 196 143 101
f 196 143 195
f 196 154 195
f 196 198 161
f 196 195 161
f 196 143 142
f 196 143 195
f 196 154 198
f 196 154 195
f 196 142 141
f 196 195 141
f 196 195 142
f 223 195 194
f 223 195 194
f 223 194 225
f 223 196 195
f 223 193 222
f 223 193 194
f 223 193 194
f 223 196 198
f 223 324 225
f 223 325 324
f 223 325 324
f 223 325 225
f 223 325 222
f 223 198 221
f 223 324 323
f 223 324 323
f 223 225 327
f 223 222 327
f 223 222 225
f 223 198 279
f 223 198 279
f 223 323 322
f 223 323 222
f 223 299 298
f 223 297 298
f 223 297 298
f 223 299 298
f 223 280 279
f 223 280 279
f 223 321 322
f 223 321 222
f 223 300 299
f 223 297 296
f 223 297 296
f 223 300 221
f 223 300 299
f 223 282 280
f 223 282 280
f 223 301 300
f 223 301 300
f 223 296 295
f 223 296 295
f 223 283 282
f 223 283 282
f 223 319 318
f 223 319 318
f 223 301 302
f 223 301 222
f 223 293 295
f 223 293 295
f 223 283 286
f 223 283 286
f 223 317 318
f 223 302 224
f 223 222 302
f 223 293 292
f 223 293 292
f 223 286 287
f 223 286 221
f 223 317 313
f 223 313 318
f 223 317 313
f 223 304 224
f 223 304 222
f 223 288 287
f 223 288 221
f 223 313 309
f 223 313 309
f 223 304 306
f 223 304 222
f 223 290 289
f 223 290 289
f 223 288 289
f 223 288 289
f 223 308 309
f 223 308 309
f 223 307 306
f 223 307 222
f 223 308 307
f 223 308 307
f 172 195 252
f 172 195 252
f 172 252 248
f 172 194 174
f 172 195 194
f 172 195 194
f 172 249 248
f 172 252 249
f 172 252 249
f 172 142 174
f 172 142 174
f 172 247 174
f 172 248 247
f 172 143 142
f 172 143 142
f 172 247 173
f 172 248 171
f 172 248 247
f 172 143 173
f 172 143 171
f 241 193 194
f 241 193 194
f 241 194 243
f 241 194 240
f 241 193 243
f 241 193 240
f 241 282 243
f 241 282 240
f 241 191 243
f 241 191 240
f 241 188 240
f 241 344 240
f 241 283 282
f 241 183 184
f 241 183 240
f 241 240 345
f 241 283 284
f 241 283 284
f 241 183 243
f 241 240 346
f 241 343 344
f 241 343 284
f 241 343 284
f 241 179 240
f 241 240 180
f 241 183 180
f 241 183 240
f 241 240 347
f 241 179 240
f 241 240 700
f 241 240 178
f 239 193 240
f 239 193 238
f 239 191 240
f 239 238 191
f 239 193 240
f 239 193 238
f 239 283 238
f 239 282 240
f 239 283 282
f 239 283 282
f 239 283 284
f 239 283 238
f 239 183 240
f 239 238 183
f 239 285 284
f 239 285 238
f 239 183 240
f 239 238 183
f 239 240 181
f 239 238 181
f 239 238 341
f 239 285 341
f 239 285 240
f 239 238 341
f 239 285 341
f 239 285 238
f 239 240 181
f 239 343 240
f 239 343 238
f 239 179 181
f 239 179 240
f 239 343 344
f 239 343 238
f 239 179 181
f 239 238 181
f 239 179 240
f 239 344 240
f 239 238 344
f 239 240 346
f 239 238 346
f 239 240 345
f 239 238 345
f 118 193 115
f 118 193 116
f 118 119 193
f 118 119 191
f 118 193 116
f 118 119 193
f 118 195 116
f 118 119 195
f 118 196 119
f 134 191 192
f 134 191 133
f 134 77 76
f 134 133 77
f 134 188 133
f 134 76 135
f 134 133 76
f 134 133 183
f 134 133 75
f 134 184 180
f 134 183 184
f 134 700 75
f 134 135 700
f 134 179 180
f 134 183 180
f 134 133 183
f 134 179 700
f 134 179 135
f 134 133 181
f 134 179 181
f 134 179 181
f 134 181 180
f 134 133 181
f 144 145 171
f 144 143 171
f 144 145 146
f 144 145 171
f 144 143 171
f 144 64 146
f 144 143 64
f 144 145 66
f 144 143 66
f 144 145 69
f 144 63 64
f 144 143 63
f 144 145 67
f 144 143 67
f 144 69 170
f 144 143 170
f 144 143 69
f 144 145 69
f 144 143 69
f 144 63 146
f 144 143 63
f 144 145 67
f 144 143 67
f 144 59 146
f 144 143 59
f 144 59 146
f 144 143 59
f 144 146 57
f 144 143 57
f 144 56 146
f 144 143 56
f 144 50 56
f 144 143 50
f 144 143 50
f 291 336 292
f 291 336 290
f 291 334 292
f 291 336 292
f 291 336 290
f 291 235 334
f 291 235 290
f 291 338 292
f 291 338 290
f 291 334 234
f 291 235 334
f 291 235 290
f 291 338 339
f 291 338 290
f 291 234 233
f 291 290 234
f 291 340 290
f 291 233 292
f 291 290 233
f 291 339 341
f 291 340 339
f 291 340 290
f 291 292 232
f 291 290 232
f 291 290 341
f 291 230 292
f 291 290 230
f 291 341 388
f 291 341 292
f 291 290 388
f 291 229 230
f 291 290 229
f 291 292 388
f 291 290 388
f 291 229 292
f 291 290 229
f 291 292 389
f 291 290 389
f 291 292 226
f 291 290 226
f 291 292 226
f 291 290 226
f 291 223 292
f 291 223 290
f 291 283 292
f 291 223 292
f 291 223 290
f 291 217 292
f 291 283 217
f 291 283 217
f 291 220 292
f 291 290 220
f 291 217 220
f 291 217 290
f 109 108 204
f 109 110 204
f 109 108 204
f 109 110 204
f 109 110 203
f 109 107 203
f 109 107 108
f 109 110 201
f 109 107 201
f 109 110 201
f 109 201 106
f 109 107 201
f 109 110 200
f 109 107 108
f 109 106 200
f 109 195 194
f 109 110 195
f 109 193 194
f 109 193 106
f 109 191 106
f 467 364 363
f 467 363 362
f 467 364 365
f 467 366 365
f 467 573 574
f 467 361 362
f 467 366 367
f 467 573 572
f 467 575 574
f 467 575 574
f 467 575 361
f 467 367 466
f 467 572 570
f 467 575 359
f 467 466 368
f 467 569 570
f 467 466 369
f 467 469 369
f 467 569 568
f 467 466 371
f 467 469 371
f 467 566 568
f 467 466 372
f 467 469 372
f 467 564 566
f 467 373 466
f 467 469 373
f 467 373 466
f 467 469 373
f 467 375 466
f 467 375 469
f 467 564 464
f 467 564 563
f 467 469 466
f 467 375 466
f 467 375 469
f 360 465 359
f 360 465 361
f 360 465 359
f 360 465 361
f 360 462 461
f 360 462 461
f 360 467 359
f 360 467 361
f 360 467 575
f 360 467 575
f 360 575 361
f 360 575 159
f 360 159 158
f 360 361 158
f 360 575 159
f 360 575 359
f 360 159 160
f 360 359 160
f 360 359 258
f 360 361 258
f 360 359 258
f 360 361 258
f 360 361 259
f 360 259 261
f 360 359 259
f 360 361 261
f 360 359 261
f 360 361 261
f 360 359 262
f 360 361 262
f 360 359 264
f 360 361 264
f 360 359 265
f 360 361 265
f 360 359 265
f 360 361 265
f 360 359 267
f 360 361 267
f 360 268 359
f 360 268 361
f 360 268 359
f 360 268 361
f 360 359 270
f 360 361 270
f 360 359 270
f 360 361 270
f 360 359 271
f 360 361 271
f 360 359 273
f 360 361 273
f 360 359 273
f 360 361 273
f 360 359 275
f 360 361 275
f 360 359 275
f 360 361 275
f 360 361 277
f 360 358 277
f 360 358 359
f 360 361 277
f 360 358 277
f 360 361 279
f 360 358 279
f 360 361 280
f 360 358 280
f 360 358 280
f 360 361 280
f 360 282 358
f 360 282 361
f 360 359 373
f 360 358 359
f 360 359 371
f 360 361 359
f 360 282 358
f 360 373 372
f 360 358 373
f 360 371 369
f 360 361 369
f 360 372 371
f 360 282 361
f 360 361 365
f 360 282 372
f 360 282 365
f 457 361 359
f 457 456 361
f 457 359 458
f 457 456 359
f 457 361 458
f 457 456 361
f 457 458 356
f 457 456 356
f 457 456 367
f 457 458 356
f 457 456 356
f 457 363 458
f 457 363 367
f 457 363 367
f 457 367 458
f 457 456 367
f 457 354 458
f 457 456 354
f 457 458 371
f 457 456 371
f 457 354 353
f 457 456 354
f 457 458 373
f 457 456 373
f 457 352 353
f 457 456 352
f 457 456 375
f 457 352 351
f 457 375 373
f 457 458 373
f 457 458 375
f 457 458 375
f 457 456 375
f 457 350 351
f 457 458 377
f 457 456 377
f 457 350 458
f 457 456 377
f 457 458 349
f 457 459 377
f 457 459 458
f 457 456 379
f 457 458 347
f 457 459 379
f 457 346 458
f 457 456 379
f 457 459 379
f 457 456 380
f 457 459 380
f 457 459 478
f 457 459 478
f 457 459 477
f 457 346 458
f 457 456 382
f 457 478 458
f 457 478 477
f 457 474 477
f 457 456 474
f 457 459 474
f 457 456 474
f 457 458 480
f 457 477 480
f 457 456 477
f 457 458 481
f 457 456 481
f 457 482 557
f 457 556 482
f 457 482 458
f 457 456 482
f 457 556 484
f 457 456 484
f 457 485 456
f 457 556 485
f 457 556 485
f 455 356 357
f 455 456 356
f 455 359 357
f 455 456 359
f 455 356 355
f 455 456 356
f 455 354 355
f 455 456 354
f 455 359 454
f 455 367 359
f 455 456 367
f 455 361 367
f 455 456 361
f 455 456 361
f 455 354 353
f 455 456 354
f 455 373 454
f 455 456 373
f 455 352 353
f 455 456 352
f 455 375 373
f 455 456 375
f 455 352 351
f 455 375 377
f 455 350 351
f 455 457 352
f 455 457 456
f 455 377 454
f 455 456 377
f 455 375 377
f 455 456 377
f 455 456 375
f 455 350 349
f 455 457 350
f 455 379 454
f 455 456 379
f 455 349 454
f 455 457 350
f 455 379 454
f 455 456 454
f 455 456 379
f 455 347 454
f 455 457 349
f 455 457 347
f 455 346 347
f 455 457 346
f 455 592 593
f 455 592 593
f 455 592 346
f 455 457 346
f 455 345 346
f 455 593 345
f 455 593 345
f 455 457 556
f 455 556 485
f 455 485 484
f 455 485 456
f 455 556 555
f 455 556 485
f 455 484 454
f 455 456 484
f 455 482 454
f 455 456 482
f 455 482 481
f 455 456 481
f 455 456 482
f 189 188 229
f 189 188 229
f 189 106 707
f 189 188 707
f 189 188 106
f 189 188 230
f 189 118 119
f 189 188 232
f 189 233 232
f 189 188 233
f 189 188 233
f 189 188 238
f 189 239 188
f 189 188 131
f 189 239 188
f 189 188 133
f 189 241 188
f 189 134 188
f 189 241 184
f 189 241 188
f 189 134 184
f 189 134 188
f 189 184 243
f 189 180 136
f 189 184 180
f 187 705 230
f 187 188 230
f 187 188 106
f 187 705 230
f 187 188 230
f 187 188 232
f 187 188 233
f 187 131 184
f 187 188 131
f 187 188 234
f 187 131 132
f 187 188 132
f 187 188 131
f 187 188 234
f 187 188 238
f 187 239 238
f 187 239 188
f 187 188 240
f 187 239 240
f 187 239 188
f 126 193 136
f 460 461 352
f 460 459 352
f 460 461 354
f 460 459 354
f 460 461 352
f 460 459 352
f 460 461 354
f 460 459 354
f 460 461 350
f 460 459 350
f 460 461 356
f 460 459 356
f 460 461 350
f 460 459 350
f 460 461 356
f 460 459 356
f 460 588 461
f 460 461 358
f 460 459 358
f 460 461 358
f 460 459 358
f 460 360 461
f 460 459 361
f 460 360 361
f 460 360 461
f 460 459 478
f 460 461 361
f 460 459 361
f 460 459 478
f 460 461 363
f 460 459 363
f 460 478 477
f 460 461 478
f 460 459 477
f 460 364 461
f 460 459 364
f 460 461 474
f 460 459 474
f 460 364 366
f 460 459 364
f 460 461 474
f 460 366 461
f 460 459 366
f 460 474 472
f 460 461 367
f 460 459 367
f 460 457 474
f 460 457 459
f 460 472 382
f 460 461 472
f 460 461 368
f 460 459 368
f 460 457 382
f 460 457 459
f 460 461 380
f 460 459 380
f 460 461 371
f 460 459 371
f 460 461 379
f 460 459 379
f 460 461 372
f 460 459 372
f 460 461 379
f 460 459 379
f 460 461 373
f 460 459 373
f 460 461 377
f 460 459 377
f 460 461 373
f 460 459 373
f 460 461 377
f 460 459 377
f 460 461 375
f 460 459 375
f 460 461 375
f 460 459 375
f 463 356 355
f 463 462 356
f 463 354 355
f 463 462 354
f 463 356 464
f 463 462 356
f 463 354 353
f 463 462 354
f 463 358 464
f 463 462 358
f 463 462 352
f 463 358 359
f 463 462 358
f 463 577 353
f 463 577 352
f 463 360 359
f 463 360 462
f 463 577 352
f 463 352 351
f 463 462 351
f 463 462 352
f 463 360 361
f 463 360 462
f 463 577 575
f 463 577 575
f 463 462 575
f 463 361 362
f 463 462 361
f 463 575 574
f 463 462 575
f 463 363 362
f 463 462 363
f 463 574 572
f 463 462 574
f 463 364 363
f 463 462 364
f 463 569 572
f 463 462 569
f 463 364 365
f 463 462 364
f 463 569 568
f 463 462 569
f 463 366 365
f 463 462 366
f 463 566 568
f 463 462 566
f 463 366 367
f 463 462 366
f 463 564 566
f 463 462 564
f 463 367 464
f 463 462 367
f 463 564 563
f 463 462 564
f 463 464 368
f 463 462 368
f 463 563 562
f 463 462 563
f 463 464 369
f 463 462 369
f 463 464 371
f 463 462 371
f 463 462 478
f 463 464 372
f 463 462 372
f 463 473 475
f 463 462 373
f 463 465 473
f 463 474 473
f 463 462 474
f 463 465 373
f 463 465 464
f 463 462 373
f 463 465 473
f 463 462 465
f 463 474 473
f 463 462 474
f 463 465 373
f 463 465 375
f 463 462 375
f 463 465 375
f 463 462 375
f 463 465 377
f 463 462 377
f 463 462 465
f 99 10 101
f 99 10 8
f 99 100 8
f 99 7 100
f 99 101 11
f 99 101 26
f 99 13 11
f 99 7 6
f 99 7 100
f 99 100 4
f 99 101 26
f 99 100 3
f 99 30 101
f 99 100 3
f 99 103 3
f 99 103 100
f 723 641 640
f 723 722 641
f 723 722 641
f 723 640 724
f 723 722 640
f 723 638 724
f 723 722 638
f 723 637 638
f 723 722 637
f 723 637 636
f 723 722 637
f 723 636 635
f 723 722 636
f 723 634 635
f 723 722 634
f 723 634 633
f 723 722 634
f 723 633 724
f 723 629 628
f 723 629 722
f 723 626 628
f 723 722 626
f 723 626 724
f 723 722 626
f 723 622 724
f 723 722 622
f 723 319 622
f 723 211 319
f 723 319 622
f 723 722 622
f 723 722 211
f 723 106 724
f 723 211 724
f 723 211 106
f 723 725 106
f 723 725 6
f 723 85 6
f 723 725 6
f 9 721 10
f 9 12 721
f 9 722 12
f 9 721 8
f 9 7 8
f 9 722 721
f 9 723 722
f 9 723 722
f 9 723 85
f 9 7 6
f 9 723 6
f 644 645 721
f 644 720 719
f 644 720 721
f 644 720 721
f 644 718 719
f 644 718 645
f 644 722 721
f 644 645 722
f 644 718 717
f 644 718 645
f 644 722 643
f 644 645 722
f 644 717 643
f 644 645 717
f 644 725 643
f 644 725 645
f 644 715 643
f 644 645 715
f 644 645 715
f 644 725 726
f 644 725 645
f 644 727 726
f 644 645 727
f 644 727 643
f 644 645 727
f 644 729 643
f 644 645 729
f 644 729 643
f 644 645 729
f 644 645 643
f 644 608 607
f 644 608 643
f 644 607 646
f 644 645 646
f 644 642 643
f 644 606 607
f 644 645 606
f 644 645 606
f 84 713 715
f 84 85 715
f 84 713 106
f 84 710 106
f 84 710 709
f 84 85 717
f 84 21 85
f 84 19 85
f 84 21 85
f 84 718 85
f 84 16 85
f 84 85 22
f 84 85 24
f 84 85 12
f 84 720 718
f 84 720 718
f 84 85 13
f 84 16 13
f 84 16 85
f 84 720 722
f 84 720 85
f 84 723 722
f 84 723 85
f 84 9 85
f 84 9 723
f 84 9 723
f 105 727 106
f 105 103 727
f 105 729 106
f 105 103 729
f 105 727 726
f 105 103 727
f 105 729 1
f 105 103 729
f 105 103 726
f 105 1 106
f 105 103 1
f 105 725 106
f 105 725 726
f 105 725 726
f 105 209 106
f 105 103 209
f 105 3 106
f 105 103 3
f 105 209 208
f 105 208 106
f 105 107 106
f 105 107 206
f 105 107 206
f 105 206 108
f 102 729 728
f 102 103 729
f 102 103 727
f 102 729 1
f 102 103 729
f 102 728 625
f 102 727 728
f 102 100 1
f 102 103 100
f 102 727 625
f 102 727 421
f 102 727 421
f 102 103 727
f 102 99 100
f 102 99 103
f 102 420 625
f 102 420 421
f 102 420 421
f 102 103 316
f 102 625 522
f 102 420 522
f 102 420 625
f 102 420 315
f 102 420 315
f 102 315 101
f 102 315 316
f 102 209 101
f 102 209 208
f 102 208 207
f 102 201 200
f 102 201 101
f 102 198 200
f 102 116 198
f 102 203 101
f 102 207 101
f 102 204 203
f 102 204 101
f 111 110 204
f 111 110 203
f 111 110 201
f 111 110 201
f 111 110 200
f 18 17 714
f 18 19 17
f 18 713 714
f 18 711 713
f 18 711 19
f 18 711 19
f 18 21 713
f 18 21 19
f 18 16 715
f 18 16 17
f 18 21 715
f 18 16 715
f 18 84 16
f 18 717 715
f 18 16 717
f 18 84 85
f 18 84 19
f 603 600 592
f 603 551 600
f 603 551 600
f 603 706 648
f 603 706 648
f 603 710 712
f 603 439 440
f 603 712 330
f 603 439 330
f 603 439 330
f 599 598 649
f 599 598 600
f 599 649 700
f 599 600 649
f 599 598 700
f 599 600 700
f 599 598 700
f 599 600 702
f 599 598 702
f 599 600 702
f 599 598 702
f 599 705 335
f 599 600 335
f 599 600 705
f 599 336 705
f 599 336 444
f 599 444 335
f 599 600 335
f 599 598 549
f 599 336 597
f 599 598 597
f 599 548 444
f 599 548 600
f 599 548 549
f 599 548 600
f 599 600 549
f 599 598 549
f 599 598 600
f 560 462 461
f 560 463 462
f 560 463 478
f 560 463 475
f 560 590 458
f 631 720 633
f 631 720 629
f 631 720 629
f 631 722 633
f 631 720 634
f 631 720 634
f 631 723 633
f 631 723 722
f 631 630 632
f 631 629 722
f 631 633 632
f 631 718 634
f 631 718 629
f 631 630 621
f 631 629 630
f 631 723 629
f 631 620 618
f 631 633 618
f 631 620 621
f 631 629 620
f 631 634 620
f 631 634 633
f 631 634 620
f 631 629 620
f 631 718 634
f 631 723 724
f 631 629 630
f 631 723 629
f 631 629 717
f 631 718 717
f 631 718 629
f 631 725 724
f 631 725 630
f 631 725 726
f 631 725 726
f 631 727 726
f 631 727 726
f 631 630 728
f 631 727 728
f 631 727 630
f 86 720 722
f 86 720 85
f 86 723 722
f 86 723 85
f 86 720 718
f 86 720 718
f 86 85 717
f 86 718 717
f 86 718 85
f 86 723 85
f 86 723 725
f 86 85 727
f 86 6 727
f 86 85 6
f 86 6 729
f 86 6 729
f 86 6 1
f 86 9 85
f 86 9 12
f 86 9 85
f 86 85 119
f 86 118 119
f 86 85 12
f 86 85 13
f 86 16 15
f 86 16 85
f 86 16 85
f 86 85 20
f 86 19 85
f 86 18 85
f 86 18 19
f 589 588 649
f 589 647 649
f 589 647 590
f 589 588 649
f 589 647 646
f 589 606 607
f 589 608 607
f 589 588 608
f 589 649 692
f 589 590 649
f 589 588 692
f 589 606 646
f 589 647 606
f 589 647 590
f 589 551 606
f 589 551 590
f 589 551 608
f 589 551 588
f 589 590 693
f 589 588 693
f 589 556 555
f 589 556 588
f 589 590 700
f 589 588 700
f 589 556 557
f 589 556 588
f 589 590 349
f 589 588 349
f 589 460 588
f 589 560 590
f 589 459 590
f 589 460 459
f 589 460 588
f 589 459 590
f 610 588 608
f 610 642 608
f 610 588 586
f 610 588 608
f 610 642 641
f 610 644 608
f 610 644 642
f 610 586 612
f 610 588 586
f 610 548 608
f 610 641 612
f 610 642 609
f 610 642 641
f 610 642 608
f 610 644 608
f 610 644 642
f 610 586 550
f 610 548 550
f 610 548 608
f 610 611 609
f 610 608 547
f 610 608 609
f 610 641 640
f 610 611 640
f 610 550 547
f 610 550 612
f 610 609 545
f 610 545 544
f 610 612 544
f 610 609 545
f 610 543 612
f 610 543 609
f 610 543 542
f 610 611 542
f 610 543 609
f 610 609 542
f 610 611 542
f 610 611 609
f 587 586 649
f 587 588 649
f 587 588 586
f 587 586 690
f 587 690 692
f 587 588 692
f 587 588 690
f 587 586 692
f 587 588 692
f 587 585 586
f 587 588 700
f 587 585 700
f 587 585 461
f 587 461 349
f 587 588 349
f 587 588 461
f 587 460 588
f 587 460 588
f 587 460 461
f 587 555 586
f 587 588 555
f 587 588 555
f 587 461 563
f 587 585 563
f 587 585 461
f 554 555 492
f 554 551 492
f 554 551 555
f 554 555 490
f 554 555 490
f 554 555 488
f 554 555 452
f 554 555 451
f 554 555 454
f 554 450 451
f 554 555 451
f 554 555 593
f 554 555 592
f 554 555 592
f 554 555 590
f 554 589 555
f 554 589 588
f 554 588 555
f 554 551 555
f 487 556 555
f 487 554 555
f 487 556 486
f 487 556 488
f 487 556 485
f 487 556 485
f 487 554 555
f 487 488 557
f 487 455 485
f 487 486 454
f 487 554 454
f 487 455 555
f 487 563 486
f 487 488 563
f 487 485 486
f 487 455 485
f 487 486 452
f 487 488 452
f 487 563 486
f 487 488 486
f 487 488 563
f 487 486 451
f 487 488 451
f 487 486 450
f 487 488 450
f 487 486 450
f 487 488 450
f 487 448 486
f 487 488 448
f 487 488 448
f 333 334 296
f 333 297 296
f 333 334 392
f 333 297 392
f 333 297 296
f 333 296 295
f 333 334 296
f 333 334 394
f 333 297 298
f 333 294 295
f 333 334 294
f 333 394 331
f 333 334 394
f 333 298 331
f 333 297 332
f 333 297 298
f 333 334 294
f 333 394 331
f 333 334 396
f 333 294 234
f 333 294 234
f 333 334 234
f 333 396 331
f 333 332 396
f 333 332 396
f 333 334 396
f 333 234 233
f 333 334 234
f 333 398 332
f 333 334 398
f 333 233 232
f 333 334 233
f 333 398 399
f 333 334 398
f 333 232 332
f 333 334 232
f 333 400 399
f 333 334 400
f 333 230 332
f 333 334 230
f 333 334 230
f 333 400 402
f 333 334 400
f 333 402 428
f 333 334 402
f 333 437 428
f 333 334 437
f 333 437 332
f 333 334 437
f 333 439 332
f 333 334 439
f 333 439 440
f 333 334 439
f 333 440 441
f 333 334 440
f 197 195 194
f 197 223 195
f 197 223 196
f 197 195 194
f 197 198 221
f 197 198 199
f 197 223 198
f 197 223 196
f 197 109 106
f 197 109 195
f 197 220 219
f 197 220 219
f 197 218 219
f 197 218 219
f 197 218 106
f 197 220 221
f 197 220 199
f 197 111 110
f 197 109 110
f 197 109 110
f 197 193 194
f 197 193 194
f 197 111 110
f 197 218 106
f 197 193 106
f 197 116 198
f 197 196 116
f 242 179 243
f 242 241 243
f 242 241 179
f 242 179 243
f 242 241 179
f 242 177 243
f 242 177 176
f 242 177 243
f 242 176 178
f 242 241 178
f 242 244 176
f 242 244 243
f 242 244 349
f 242 349 700
f 242 241 700
f 242 244 349
f 242 244 243
f 242 243 347
f 242 241 347
f 242 243 346
f 242 241 346
f 242 345 243
f 242 241 345
f 242 345 243
f 242 282 243
f 242 241 282
f 242 344 345
f 242 241 344
f 242 282 344
f 242 283 282
f 242 241 283
f 242 241 283
f 114 200 115
f 114 113 200
f 114 113 200
f 114 198 115
f 114 197 198
f 114 197 198
f 114 197 111
f 114 196 195
f 114 197 196
f 114 197 196
f 114 195 194
f 114 193 194
f 114 110 195
f 114 111 110
f 114 109 191
f 114 109 110
f 114 111 110
f 114 109 193
f 114 109 110
f 114 118 106
f 114 118 191
f 114 109 191
f 114 193 115
f 114 109 193
f 114 118 115
f 114 118 191
f 468 364 363
f 468 467 364
f 468 363 469
f 468 364 365
f 468 467 364
f 468 574 469
f 468 363 682
f 468 366 365
f 468 467 366
f 468 574 682
f 468 573 574
f 468 467 573
f 468 363 362
f 468 467 363
f 468 366 367
f 468 467 366
f 468 574 362
f 468 467 574
f 468 573 572
f 468 467 573
f 468 367 469
f 468 467 367
f 468 572 570
f 468 467 572
f 468 469 368
f 468 467 368
f 468 467 469
f 468 467 569
f 468 570 470
f 468 569 570
f 468 467 569
f 468 569 568
f 468 568 470
f 468 566 568
f 468 467 566
f 468 566 470
f 468 470 469
f 468 467 469
f 468 564 566
f 468 467 564
f 468 467 464
f 468 564 563
f 468 467 564
f 468 465 464
f 468 465 470
f 468 465 470
f 468 563 562
f 468 563 562
f 468 467 563
f 468 475 470
f 190 191 229
f 190 189 229
f 190 191 226
f 190 191 229
f 190 189 229
f 190 106 226
f 190 189 106
f 190 191 226
f 190 191 230
f 190 189 230
f 190 106 226
f 190 191 106
f 190 189 232
f 190 118 191
f 190 189 118
f 190 232 236
f 190 191 236
f 190 189 232
f 190 118 119
f 190 189 118
f 190 238 191
f 190 189 238
f 190 239 238
f 190 189 239
f 190 239 191
f 190 189 239
f 190 241 191
f 190 189 241
f 190 241 191
f 190 189 241
f 190 189 131
f 190 191 243
f 190 189 243
f 190 191 133
f 190 189 133
f 190 189 180
f 190 134 191
f 190 189 134
f 190 137 180
f 190 191 137
f 190 191 137
f 190 191 136
f 190 189 136
f 190 134 191
f 190 189 134
f 185 233 232
f 185 129 184
f 185 702 233
f 185 702 184
f 185 234 702
f 185 235 234
f 185 702 184
f 185 234 184
f 185 234 702
f 185 235 184
f 124 195 194
f 124 194 140
f 128 136 101
f 128 134 101
f 128 134 192
f 128 134 133
f 128 193 192
f 128 134 133
f 128 191 133
f 128 191 133
f 128 190 131
f 128 190 191
f 128 85 131
f 128 190 189
f 128 188 131
f 128 189 188
f 128 187 188
f 186 187 705
f 186 187 106
f 186 187 705
f 186 705 232
f 186 187 232
f 186 187 233
f 186 185 233
f 186 185 184
f 186 187 184
f 186 128 187
f 186 185 129
f 186 128 185
f 186 187 234
f 186 185 234
f 186 238 184
f 186 187 238
f 186 187 238
f 186 187 234
f 186 129 184
f 186 128 129
f 186 235 234
f 186 185 235
f 186 185 235
f 97 9 10
f 320 722 211
f 320 723 722
f 320 723 211
f 320 722 321
f 320 723 722
f 320 211 321
f 320 211 319
f 320 723 319
f 320 213 321
f 320 213 319
f 320 319 425
f 320 213 321
f 320 213 319
f 320 425 426
f 320 321 426
f 320 321 425
f 320 424 321
f 320 424 319
f 320 321 215
f 320 319 215
f 320 424 321
f 320 424 319
f 320 321 215
f 320 319 215
f 320 321 422
f 320 319 422
f 320 321 218
f 320 321 422
f 320 319 422
f 320 217 218
f 320 217 319
f 320 217 319
f 320 321 218
f 320 319 218
f 320 321 420
f 320 319 420
f 320 321 220
f 320 319 220
f 320 321 419
f 320 319 419
f 320 321 220
f 320 319 220
f 320 321 419
f 320 319 419
f 320 321 221
f 320 319 221
f 320 321 417
f 320 319 417
f 320 223 321
f 320 223 319
f 320 321 417
f 320 319 417
f 320 223 321
f 320 223 319
f 320 321 416
f 320 319 416
f 320 321 225
f 320 319 225
f 320 321 414
f 320 319 414
f 320 319 309
f 320 321 414
f 320 319 414
f 320 308 309
f 320 321 308
f 320 319 309
f 320 321 412
f 320 319 412
f 320 308 309
f 320 321 308
f 320 319 314
f 320 321 411
f 320 319 411
f 320 314 398
f 320 321 398
f 320 319 314
f 320 321 411
f 320 319 411
f 320 321 398
f 320 319 398
f 320 321 409
f 320 319 409
f 320 321 400
f 320 319 400
f 320 321 409
f 320 319 409
f 320 321 400
f 320 319 400
f 320 407 321
f 320 407 319
f 320 321 402
f 320 319 402
f 320 407 321
f 320 407 319
f 320 321 402
f 320 319 402
f 320 321 406
f 320 319 406
f 320 321 404
f 320 319 404
f 320 321 404
f 320 319 404
f 81 711 22
f 81 21 22
f 81 711 23
f 81 23 710
f 81 711 23
f 81 710 709
f 81 708 709
f 81 23 24
f 81 708 707
f 81 79 24
f 81 79 24
f 81 79 27
f 81 85 27
f 81 85 27
f 81 130 79
f 81 129 130
f 81 128 129
f 81 78 27
f 81 79 78
f 81 128 85
f 81 130 79
f 81 78 28
f 81 85 28
f 81 131 130
f 81 128 131
f 81 128 131
f 81 30 78
f 81 85 30
f 81 85 30
f 82 711 710
f 82 81 711
f 82 81 711
f 82 81 710
f 82 21 713
f 82 81 21
f 82 21 713
f 82 708 709
f 82 81 708
f 82 81 708
f 82 21 715
f 82 126 705
f 82 706 705
f 82 18 21
f 82 706 707
f 82 81 707
f 82 706 705
f 82 18 21
f 82 81 129
f 82 81 128
f 82 81 21
f 82 81 23
f 82 81 23
f 82 81 24
f 104 103 209
f 104 102 209
f 104 102 103
f 104 102 209
f 104 105 209
f 104 105 103
f 104 102 208
f 104 105 208
f 104 105 206
f 104 206 207
f 104 102 207
f 104 105 206
f 104 102 204
f 104 105 108
f 104 110 204
f 104 102 204
f 104 109 108
f 104 105 109
f 104 109 110
f 104 111 110
f 104 111 204
f 104 102 203
f 104 105 109
f 104 111 105
f 104 111 105
f 104 113 201
f 104 102 201
f 104 113 200
f 104 113 201
f 104 102 201
f 104 114 113
f 104 97 102
f 104 116 200
f 104 102 116
f 604 592 606
f 604 603 592
f 604 648 606
f 604 603 648
f 604 551 592
f 604 603 551
f 604 648 647
f 604 551 550
f 604 603 551
f 604 648 647
f 604 603 648
f 604 549 550
f 604 603 549
f 604 708 647
f 604 603 708
f 604 548 549
f 604 603 548
f 604 603 708
f 604 603 548
f 604 603 710
f 604 603 547
f 604 603 545
f 604 603 710
f 604 545 544
f 604 428 544
f 604 439 545
f 604 603 439
f 604 603 439
f 604 712 330
f 604 603 712
f 604 428 330
f 604 603 330
f 604 428 330
f 704 648 705
f 704 649 699
f 704 706 649
f 704 706 705
f 704 599 600
f 704 599 600
f 704 24 699
f 704 24 698
f 704 706 698
f 704 599 598
f 704 705 24
f 704 706 24
f 704 706 705
f 704 598 597
f 704 599 336
f 704 77 78
f 704 77 24
f 704 77 24
f 704 79 78
f 704 705 79
f 704 338 597
f 704 599 336
f 704 599 598
f 704 79 80
f 704 705 79
f 704 338 232
f 704 338 597
f 704 336 597
f 704 129 80
f 704 186 705
f 704 336 705
f 704 338 336
f 704 338 336
f 704 185 129
f 704 185 705
f 704 82 129
f 704 82 705
f 704 82 705
f 704 185 232
f 704 186 185
f 704 186 185
f 601 702 649
f 601 600 702
f 601 704 600
f 601 702 649
f 601 600 649
f 601 600 702
f 601 704 600
f 601 600 705
f 601 706 705
f 601 709 707
f 601 334 707
f 601 333 334
f 601 334 335
f 601 600 335
f 601 333 441
f 601 333 334
f 601 334 335
f 601 600 335
f 601 442 441
f 601 441 547
f 601 334 442
f 601 334 442
f 601 548 600
f 601 548 600
f 601 442 547
f 601 548 547
f 558 485 484
f 558 484 482
f 558 485 486
f 558 482 458
f 558 482 557
f 558 457 557
f 558 457 556
f 558 455 457
f 558 455 556
f 558 557 590
f 558 455 592
f 558 556 557
f 558 556 592
f 558 589 557
f 558 592 593
f 558 556 592
f 558 589 588
f 558 593 454
f 558 556 454
f 558 556 593
f 558 587 588
f 558 560 586
f 558 587 586
f 87 723 725
f 87 86 723
f 87 86 723
f 87 725 726
f 87 86 725
f 87 86 727
f 87 86 727
f 87 86 729
f 87 86 729
f 87 86 1
f 87 3 6
f 87 86 6
f 87 86 9
f 87 114 106
f 87 118 106
f 87 86 118
f 87 86 9
f 87 86 12
f 87 86 118
f 87 86 12
f 87 86 13
f 87 86 15
f 87 86 16
f 87 86 16
f 87 19 20
f 87 86 20
f 87 86 19
f 87 18 19
f 87 86 18
f 87 86 18
f 87 85 26
f 87 86 85
f 87 134 133
f 87 133 132
f 87 128 131
f 87 34 77
f 87 85 30
f 87 85 28
f 87 85 27
f 87 134 77
f 87 128 85
f 87 34 77
f 87 77 33
f 87 33 78
f 87 85 30
f 87 85 27
f 87 132 77
f 87 131 132
f 87 85 131
f 87 77 35
f 87 31 78
f 87 85 31
f 87 77 37
f 87 77 38
f 552 551 490
f 552 554 490
f 552 554 551
f 552 450 490
f 552 551 450
f 552 551 450
f 552 551 448
f 552 551 596
f 552 448 596
f 552 551 448
f 552 593 594
f 552 551 593
f 552 597 596
f 552 551 597
f 552 551 597
f 552 551 592
f 552 551 592
f 552 551 590
f 552 589 551
f 552 554 589
f 552 589 551
f 552 554 589
f 552 551 588
f 552 554 588
f 552 554 551
f 561 560 486
f 561 487 486
f 561 487 557
f 561 487 486
f 561 586 557
f 561 560 586
f 561 485 486
f 561 560 485
f 561 587 560
f 561 485 484
f 561 560 485
f 561 585 586
f 561 587 585
f 561 587 585
f 561 587 560
f 561 484 562
f 561 560 484
f 561 587 588
f 561 482 562
f 561 560 482
f 561 560 460
f 561 560 459
f 561 587 460
f 561 587 460
f 561 482 562
f 561 560 482
f 561 460 461
f 561 560 460
f 561 589 459
f 561 589 588
f 561 589 560
f 561 589 560
f 561 560 481
f 561 462 461
f 561 560 462
f 561 481 480
f 561 562 480
f 561 562 481
f 561 478 562
f 561 560 478
f 561 463 462
f 561 560 463
f 561 478 475
f 561 560 478
f 561 463 562
f 561 560 463
f 561 468 562
f 561 473 562
f 561 473 475
f 561 473 475
f 561 468 562
f 561 468 475
f 561 560 475
f 561 468 475
f 121 84 85
f 121 189 188
f 122 196 195
f 122 121 196
f 122 121 196
f 122 121 195
f 122 121 193
f 122 121 87
f 122 121 193
f 122 121 86
f 122 121 191
f 122 121 84
f 122 121 190
f 122 121 84
f 122 121 190
f 122 121 188
f 122 121 189
f 127 126 136
f 127 128 136
f 127 126 136
f 127 128 136
f 127 87 86
f 127 126 193
f 127 128 193
f 127 86 126
f 127 87 86
f 127 87 128
f 127 126 193
f 127 128 193
f 127 84 126
f 127 128 84
f 127 126 191
f 127 128 191
f 127 190 126
f 127 128 190
f 127 82 128
f 127 190 126
f 127 128 190
f 127 128 185
f 127 82 705
f 127 82 126
f 127 126 189
f 127 128 189
f 127 185 705
f 127 186 128
f 127 126 187
f 127 128 187
f 127 186 126
f 127 186 185
f 127 186 126
f 127 186 128
f 125 126 705
f 125 186 705
f 125 186 126
f 125 186 106
f 125 124 187
f 125 186 187
f 125 186 126
f 125 126 187
f 125 124 187
f 125 84 126
f 125 124 84
f 125 126 189
f 125 124 189
f 125 86 126
f 125 124 86
f 125 190 126
f 125 124 190
f 125 87 86
f 125 87 124
f 125 190 126
f 125 124 190
f 125 126 191
f 125 124 191
f 125 126 193
f 125 124 193
f 125 137 136
f 125 126 136
f 125 140 137
f 125 124 140
f 125 124 140
f 125 124 194
f 125 124 193
f 125 194 137
f 125 193 194
f 125 126 193
f 98 97 102
f 98 102 99
f 98 104 97
f 98 102 99
f 98 104 102
f 98 104 97
f 98 99 26
f 98 99 103
f 98 97 103
f 98 27 26
f 98 99 3
f 98 97 3
f 98 13 14
f 98 99 13
f 98 15 14
f 98 26 28
f 98 99 26
f 98 99 4
f 98 97 4
f 98 99 13
f 98 99 30
f 98 99 6
f 98 97 6
f 98 99 10
f 98 97 10
f 98 99 7
f 98 97 7
f 98 99 10
f 98 97 10
f 98 99 7
f 98 97 7
f 83 84 710
f 83 82 710
f 83 84 713
f 83 82 713
f 83 84 710
f 83 82 710
f 83 84 713
f 83 82 709
f 83 713 715
f 83 82 715
f 83 82 713
f 83 84 717
f 83 709 106
f 83 84 709
f 83 18 717
f 83 82 18
f 83 125 106
f 83 18 16
f 83 718 16
f 83 84 718
f 83 18 84
f 83 82 126
f 83 125 126
f 83 124 84
f 83 125 124
f 83 125 124
f 83 125 84
f 83 718 16
f 83 84 16
f 83 18 84
f 83 82 18
f 83 127 84
f 83 127 82
f 83 718 12
f 83 84 12
f 83 84 718
f 83 82 21
f 83 127 128
f 83 127 82
f 83 21 19
f 83 84 19
f 83 84 21
f 83 84 21
f 83 82 21
f 83 82 81
f 83 82 23
f 83 128 84
f 83 81 128
f 83 82 81
f 83 23 22
f 83 84 22
f 83 82 23
f 83 84 85
f 83 81 85
f 83 84 24
f 83 82 24
f 112 104 113
f 112 104 111
f 112 104 113
f 112 113 201
f 112 111 201
f 112 111 203
f 112 104 203
f 112 104 111
f 112 113 201
f 112 111 201
f 112 114 113
f 112 113 200
f 112 111 200
f 112 197 111
f 112 114 197
f 112 114 197
f 605 647 606
f 605 604 647
f 605 645 606
f 605 708 647
f 605 604 708
f 605 645 709
f 605 708 709
f 605 604 708
f 605 645 710
f 605 645 710
f 605 604 710
f 605 711 710
f 605 711 606
f 605 711 710
f 605 604 710
f 605 606 607
f 605 713 607
f 605 713 712
f 605 604 712
f 605 713 715
f 605 713 715
f 605 715 607
f 605 715 327
f 605 604 428
f 605 607 428
f 605 428 327
f 605 543 607
f 605 543 606
f 605 543 428
f 605 604 428
f 605 543 606
f 605 606 545
f 605 604 545
f 605 606 545
f 605 604 545
f 605 606 547
f 605 604 547
f 605 548 606
f 605 604 548
f 605 604 548
f 602 603 600
f 602 601 600
f 602 603 600
f 602 603 648
f 602 704 648
f 602 704 649
f 602 601 649
f 602 601 704
f 602 601 704
f 602 600 549
f 602 601 600
f 602 603 549
f 602 603 648
f 602 704 648
f 602 603 706
f 602 601 706
f 602 603 548
f 602 601 548
f 602 603 706
f 602 601 706
f 602 603 548
f 602 601 548
f 602 601 709
f 602 603 547
f 602 601 547
f 602 708 709
f 602 603 708
f 602 603 708
f 602 603 545
f 602 710 709
f 602 603 710
f 602 603 710
f 602 709 332
f 602 601 709
f 602 441 545
f 602 601 441
f 602 440 332
f 602 601 441
f 602 440 441
f 602 603 440
f 602 439 440
f 602 603 439
f 602 603 439
f 602 440 441
f 559 560 485
f 559 558 485
f 559 560 484
f 559 560 485
f 559 558 485
f 559 484 482
f 559 558 484
f 559 560 482
f 559 560 486
f 559 558 486
f 559 558 560
f 559 560 482
f 559 482 481
f 559 558 482
f 559 560 481
f 559 460 459
f 559 560 460
f 559 459 458
f 559 558 458
f 559 560 459
f 559 460 478
f 559 560 478
f 559 558 457
f 559 460 461
f 559 560 461
f 559 560 460
f 559 457 458
f 559 560 458
f 559 558 455
f 559 455 457
f 559 455 592
f 559 558 592
f 559 558 455
f 559 560 590
f 559 558 590
f 559 589 560
f 559 558 589
f 559 589 560
f 559 558 589
f 559 587 560
f 559 558 587
f 559 587 560
f 559 558 560
f 559 558 587
f 553 554 490
f 553 552 554
f 553 490 489
f 553 554 488
f 553 488 489
f 553 490 451
f 553 552 490
f 553 554 451
f 553 488 452
f 553 554 452
f 553 554 450
f 553 552 450
f 553 487 488
f 553 487 554
f 553 487 554
f 553 552 450
f 553 450 594
f 553 554 450
f 553 594 595
f 553 552 594
f 553 554 593
f 553 552 593
f 553 448 595
f 553 552 448
f 553 554 592
f 553 552 592
f 553 448 596
f 553 552 596
f 553 552 448
f 553 554 592
f 553 552 592
f 553 554 590
f 553 552 590
f 553 552 554
f 120 86 85
f 120 121 86
f 120 85 119
f 120 121 85
f 120 87 86
f 120 121 87
f 120 189 119
f 120 121 189
f 120 190 189
f 120 121 190
f 120 190 119
f 120 121 190
f 120 119 191
f 120 121 191
f 120 196 119
f 120 121 196
f 120 119 193
f 120 121 193
f 120 196 119
f 120 121 196
f 120 119 193
f 120 121 193
f 120 119 195
f 120 121 195
f 123 124 86
f 123 122 86
f 123 124 84
f 123 122 84
f 123 87 124
f 123 122 87
f 123 124 84
f 123 122 84
f 123 122 188
f 123 187 188
f 123 124 187
f 123 124 187
f 123 124 189
f 123 122 189
f 123 124 190
f 123 122 190
f 123 124 140
f 123 124 190
f 123 122 190
f 123 195 140
f 123 122 195
f 123 124 195
f 123 124 191
f 123 122 191
f 123 124 195
f 123 122 195
f 123 124 193
f 123 122 193
f 123 124 193
f 123 122 193
f 117 98 119
f 117 98 97
f 117 119 198
f 117 102 198
f 117 196 119
f 117 118 196
f 117 98 102
f 117 98 102
f 117 102 116
f 117 197 116
f 117 197 196
f 117 197 196
f 117 196 195
f 117 118 195
f 117 118 196
f 93 123 124
f 93 125 124
f 93 98 26
f 93 123 122
f 93 125 126
f 93 98 99
f 93 17 15
f 93 98 27
f 93 127 126
f 93 98 27
f 93 98 28
f 93 117 118
f 93 111 105
f 90 112 114
f 90 114 111
f 90 112 114
f 90 111 110
f 90 109 110
f 90 1 106
f 90 3 6
f 90 9 7
f 96 117 98
f 96 117 98
f 96 98 119
f 96 120 119
f 96 117 97
f 96 120 121
f 96 93 98
f 96 93 98
f 96 98 15
f 96 104 116
f 96 104 97
f 96 98 15
f 96 104 97
f 96 98 13
f 96 98 13
f 96 98 97
f 96 105 103
f 96 97 103
f 96 97 10
f 96 97 3
f 96 97 9
f 96 97 4
f 96 97 9
f 96 97 6
f 96 97 7
f 96 97 7
f 92 93 114
f 92 93 112
f 92 93 114
f 92 93 112
f 92 93 116
f 92 93 111
f 92 93 117
f 92 93 117
f 92 105 109
f 92 93 105
f 92 93 118
f 92 105 109
f 92 109 108
f 92 93 120
f 92 105 107
f 92 107 108
f 92 93 120
f 92 105 107
f 92 105 3
f 92 93 105
f 92 93 3
f 92 93 122
f 92 6 4
f 92 93 4
f 92 93 6
f 92 93 7
f 92 93 7
f 92 93 9
f 92 93 9
f 92 93 10
f 92 93 12
f 92 93 12
f 92 93 13
f 92 93 15
f 89 90 114
f 89 90 114
f 89 727 106
f 89 729 106
f 89 90 116
f 89 729 1
f 89 90 1
f 89 90 1
f 89 117 118
f 89 90 117
f 89 90 117
f 89 90 118
f 89 90 3
f 89 90 120
f 89 90 3
f 89 90 120
f 89 90 7
f 89 90 122
f 89 90 9
f 89 90 123
f 89 90 9
f 89 90 10
f 89 90 12
f 89 90 12
f 89 93 125
f 89 90 13
f 89 93 127
f 89 90 15
f 89 93 127
f 95 96 117
f 95 96 117
f 95 96 116
f 95 104 114
f 95 96 104
f 95 104 114
f 95 104 113
f 95 96 104
f 95 112 113
f 95 96 105
f 95 96 105
f 95 96 3
f 95 96 4
f 95 96 6
f 95 96 7
f 95 96 7
f 95 96 9
f 95 96 9
f 95 96 10
f 95 96 13
f 94 93 122
f 94 122 121
f 94 96 121
f 94 93 120
f 94 96 120
f 94 93 122
f 94 96 93
f 94 93 120
f 94 96 120
f 94 95 96
f 94 93 117
f 94 95 117
f 94 93 15
f 94 96 15
f 94 96 93
f 94 93 15
f 94 96 15
f 94 93 117
f 94 95 117
f 94 93 13
f 94 96 13
f 94 95 96
f 94 93 116
f 94 95 116
f 94 95 13
f 94 93 114
f 94 95 114
f 94 12 13
f 94 93 12
f 94 93 12
f 94 93 10
f 94 95 10
f 94 93 114
f 94 95 114
f 94 93 9
f 94 95 9
f 94 93 112
f 94 95 112
f 94 93 9
f 94 95 9
f 94 93 112
f 94 93 7
f 94 95 7
f 94 112 111
f 94 95 112
f 94 93 111
f 94 93 7
f 94 95 7
f 94 111 105
f 94 95 105
f 94 93 105
f 94 95 105
f 94 93 6
f 94 95 6
f 94 93 3
f 94 95 3
f 94 93 4
f 94 95 4
f 91 90 114
f 91 92 114
f 91 90 112
f 91 92 112
f 91 90 114
f 91 92 114
f 91 90 112
f 91 92 112
f 91 90 116
f 91 92 116
f 91 90 111
f 91 92 111
f 91 90 117
f 91 92 117
f 91 90 109
f 91 92 109
f 91 90 117
f 91 92 117
f 91 90 109
f 91 92 109
f 91 90 118
f 91 92 118
f 91 92 3
f 91 90 120
f 91 92 120
f 91 3 106
f 91 90 106
f 91 90 3
f 91 90 3
f 91 92 3
f 91 90 120
f 91 92 120
f 91 90 6
f 91 92 6
f 91 90 122
f 91 92 122
f 91 90 7
f 91 92 7
f 91 90 123
f 91 90 7
f 91 92 7
f 91 93 123
f 91 92 93
f 91 90 9
f 91 92 9
f 91 93 123
f 91 90 9
f 91 92 9
f 91 89 123
f 91 89 90
f 91 93 17
f 91 92 93
f 91 90 10
f 91 92 10
f 91 93 125
f 91 89 125
f 91 89 93
f 91 93 17
f 91 89 17
f 91 89 93
f 91 89 17
f 91 89 90
f 91 90 15
f 91 92 15
f 91 90 12
f 91 92 12
f 91 90 13
f 91 92 13
f 91 90 12
f 91 92 12
f 88 87 114
f 88 89 114
f 88 89 727
f 88 87 114
f 88 89 114
f 88 727 726
f 88 87 726
f 88 87 727
f 88 87 727
f 88 89 727
f 88 89 116
f 88 87 729
f 88 89 729
f 88 118 116
f 88 87 118
f 88 89 118
f 88 87 729
f 88 89 729
f 88 87 118
f 88 89 118
f 88 87 1
f 88 89 1
f 88 120 87
f 88 89 120
f 88 87 3
f 88 89 3
f 88 120 121
f 88 89 120
f 88 87 3
f 88 89 3
f 88 122 121
f 88 89 122
f 88 89 7
f 88 123 122
f 88 89 123
f 88 9 7
f 88 87 9
f 88 89 9
f 88 123 87
f 88 89 123
f 88 87 9
f 88 89 9
f 88 125 87
f 88 89 125
f 88 87 12
f 88 125 87
f 88 89 125
f 88 12 10
f 88 89 10
f 88 89 12
f 88 87 12
f 88 89 12
f 88 127 87
f 88 89 127
f 88 87 13
f 88 89 13
f 88 127 87
f 88 87 15
f 88 89 15
f 88 87 128
f 88 127 128
f 88 89 127
f 88 87 16
f 88 128 133
f 88 87 133
f 88 128 133
f 88 16 17
f 88 89 17
f 88 87 16
f 88 87 134
f 88 134 133
f 88 89 17
f 88 87 134
f 88 134 101
f 88 19 17
f 88 87 19
f 88 87 19
f 88 87 26
f 88 93 26
f 88 89 93
f 88 87 27
f 88 136 101
f 88 93 27
f 88 87 27
f 88 136 72
f 88 136 101
f 88 101 35
f 88 87 35
f 88 34 101
f 88 87 34
f 88 93 27
f 88 87 28
f 88 72 135
f 88 136 72
f 88 101 37
f 88 87 37
f 88 34 33
f 88 87 34
f 88 93 28
f 88 87 30
f 88 76 135
f 88 72 76
f 88 39 72
f 88 101 68
f 88 39 68
f 88 39 38
f 88 38 101
f 88 87 38
f 88 33 101
f 88 87 33
f 88 87 30
f 88 77 76
f 88 87 77
f 88 77 72
f 88 39 38
f 88 101 67
f 88 39 67
f 88 39 101
f 88 101 31
f 88 87 31
f 88 98 30
f 88 93 98
f 88 30 101
f 88 77 38
f 88 87 77
f 88 98 99
f 88 93 98
f 88 99 30
f 88 93 99
f 88 89 93
