# King Wen sovereign avatar mesh
# hex02_phase7.ply
# vertices=729 faces=19261
o kingwen_avatar
v 0.173070 0.000275 0.086535 0.309804 0.309804 0.309804
v 0.174850 0.001785 0.086506 0.309804 0.309804 0.309804
v 0.176613 0.003325 0.086419 0.309804 0.309804 0.309804
v 0.178352 0.004896 0.086275 0.309804 0.309804 0.309804
v 0.180062 0.006497 0.086073 0.309804 0.309804 0.309804
v 0.181739 0.008126 0.085813 0.309804 0.309804 0.309804
v 0.183378 0.009784 0.085496 0.309804 0.309804 0.309804
v 0.184973 0.011468 0.085122 0.309804 0.309804 0.309804
v 0.186520 0.013179 0.084690 0.309804 0.309804 0.309804
v 0.188014 0.014914 0.084203 0.309804 0.309804 0.309804
v 0.189451 0.016672 0.083658 0.309804 0.309804 0.309804
v 0.190826 0.018452 0.083058 0.309804 0.309804 0.309804
v 0.191591 0.020194 0.082170 0.309804 0.309804 0.309804
v 0.192826 0.022006 0.081462 0.309804 0.309804 0.309804
v 0.193986 0.023834 0.080699 0.309804 0.309804 0.309804
v 0.195068 0.025676 0.079882 0.309804 0.309804 0.309804
v 0.196069 0.027529 0.079011 0.309804 0.309804 0.309804
v 0.196985 0.029391 0.078088 0.309804 0.309804 0.309804
v 0.197813 0.031259 0.077112 0.309804 0.309804 0.309804
v 0.198551 0.033132 0.076085 0.309804 0.309804 0.309804
v 0.199195 0.035007 0.075007 0.309804 0.309804 0.309804
v 0.199744 0.036881 0.073879 0.309804 0.309804 0.309804
v 0.200195 0.038752 0.072702 0.309804 0.309804 0.309804
v 0.199979 0.040501 0.071274 0.309804 0.309804 0.309804
v 0.200228 0.042351 0.070003 0.309804 0.309804 0.309804
v 0.200376 0.044190 0.068686 0.309804 0.309804 0.309804
v 0.200420 0.046015 0.067323 0.309804 0.309804 0.309804
v 0.200361 0.047823 0.065915 0.309804 0.309804 0.309804
v 0.200197 0.049611 0.064463 0.309804 0.309804 0.309804
v 0.199929 0.051378 0.062968 0.309804 0.309804 0.309804
v 0.199556 0.053120 0.061431 0.309804 0.309804 0.309804
v 0.198515 0.054679 0.059683 0.309804 0.309804 0.309804
v 0.197937 0.056359 0.058069 0.309804 0.309804 0.309804
v 0.197257 0.058008 0.056417 0.309804 0.309804 0.309804
v 0.196477 0.059623 0.054727 0.309804 0.309804 0.309804
v 0.195597 0.061202 0.053000 0.309804 0.309804 0.309804
v 0.195174 0.062922 0.051383 0.309804 0.309804 0.309804
v 0.194098 0.064427 0.049582 0.309804 0.309804 0.309804
v 0.192929 0.065890 0.047747 0.309804 0.309804 0.309804
v 0.191669 0.067310 0.045880 0.309804 0.309804 0.309804
v 0.190321 0.068685 0.043983 0.309804 0.309804 0.309804
v 0.188887 0.070014 0.042056 0.309804 0.309804 0.309804
v 0.187372 0.071295 0.040101 0.309804 0.309804 0.309804
v 0.185778 0.072527 0.038120 0.309804 0.309804 0.309804
v 0.184108 0.073710 0.036113 0.309804 0.309804 0.309804
v 0.182368 0.074844 0.034081 0.309804 0.309804 0.309804
v 0.181072 0.076142 0.032118 0.309804 0.309804 0.309804
v 0.179195 0.077177 0.030037 0.309804 0.309804 0.309804
v 0.177761 0.078382 0.028014 0.309804 0.309804 0.309804
v 0.175268 0.079094 0.025815 0.309804 0.309804 0.309804
v 0.177640 0.082015 0.024281 0.309804 0.309804 0.309804
v 0.192941 0.091105 0.024267 0.309804 0.309804 0.309804
v 0.211115 0.101921 0.024179 0.309804 0.309804 0.309804
v 0.210298 0.103771 0.021650 0.309804 0.309804 0.309804
v 0.207527 0.104637 0.018887 0.309804 0.309804 0.309804
v 0.204721 0.105445 0.016112 0.309804 0.309804 0.309804
v 0.201433 0.105958 0.013295 0.309804 0.309804 0.309804
v 0.198135 0.106414 0.010483 0.309804 0.309804 0.309804
v 0.194834 0.106814 0.007675 0.309804 0.309804 0.309804
v 0.191535 0.107163 0.004876 0.309804 0.309804 0.309804
v 0.188245 0.107463 0.002085 0.309804 0.309804 0.309804
v 0.184547 0.107471 -0.000692 0.309804 0.309804 0.309804
v 0.180468 0.107189 -0.003436 0.309804 0.309804 0.309804
v 0.177256 0.107359 -0.006168 0.309804 0.309804 0.309804
v 0.174074 0.107493 -0.008883 0.309804 0.309804 0.309804
v 0.170928 0.107596 -0.011580 0.309804 0.309804 0.309804
v 0.167822 0.107672 -0.014257 0.309804 0.309804 0.309804
v 0.164761 0.107724 -0.016911 0.309804 0.309804 0.309804
v 0.161750 0.107756 -0.019542 0.309804 0.309804 0.309804
v 0.158792 0.107773 -0.022147 0.309804 0.309804 0.309804
v 0.155891 0.107779 -0.024725 0.309804 0.309804 0.309804
v 0.152693 0.107525 -0.027210 0.309804 0.309804 0.309804
v 0.149924 0.107520 -0.029723 0.309804 0.309804 0.309804
v 0.146875 0.107262 -0.032128 0.309804 0.309804 0.309804
v 0.144250 0.107263 -0.034569 0.309804 0.309804 0.309804
v 0.141360 0.107018 -0.036888 0.309804 0.309804 0.309804
v 0.138887 0.107042 -0.039252 0.309804 0.309804 0.309804
v 0.136164 0.106826 -0.041478 0.309804 0.309804 0.309804
v 0.133851 0.106889 -0.043759 0.309804 0.309804 0.309804
v 0.131301 0.106718 -0.045888 0.309804 0.309804 0.309804
v 0.129153 0.106834 -0.048081 0.309804 0.309804 0.309804
v 0.126777 0.106722 -0.050108 0.309804 0.309804 0.309804
v 0.124796 0.106906 -0.052208 0.309804 0.309804 0.309804
v 0.122595 0.106866 -0.054129 0.309804 0.309804 0.309804
v 0.120484 0.106867 -0.055992 0.309804 0.309804 0.309804
v 0.118754 0.107175 -0.057941 0.309804 0.309804 0.309804
v 0.116813 0.107265 -0.059692 0.309804 0.309804 0.309804
v 0.115245 0.107671 -0.061537 0.309804 0.309804 0.309804
v 0.113755 0.108130 -0.063330 0.309804 0.309804 0.309804
v 0.112341 0.108644 -0.065072 0.309804 0.309804 0.309804
v 0.111279 0.109489 -0.066928 0.309804 0.309804 0.309804
v 0.110009 0.110122 -0.068568 0.309804 0.309804 0.309804
v 0.109083 0.111094 -0.070329 0.309804 0.309804 0.309804
v 0.108221 0.112132 -0.072043 0.309804 0.309804 0.309804
v 0.107420 0.113240 -0.073710 0.309804 0.309804 0.309804
v 0.106679 0.114417 -0.075326 0.309804 0.309804 0.309804
v 0.106260 0.115956 -0.077086 0.309804 0.309804 0.309804
v 0.105627 0.117278 -0.078605 0.309804 0.309804 0.309804
v 0.105308 0.118971 -0.080272 0.309804 0.309804 0.309804
v 0.104773 0.120442 -0.081688 0.309804 0.309804 0.309804
v 0.104543 0.122290 -0.083258 0.309804 0.309804 0.309804
v 0.104093 0.123910 -0.084567 0.309804 0.309804 0.309804
v 0.103939 0.125915 -0.086034 0.309804 0.309804 0.309804
v 0.103560 0.127682 -0.087232 0.309804 0.309804 0.309804
v 0.103469 0.129841 -0.088592 0.309804 0.309804 0.309804
v 0.102891 0.131424 -0.089454 0.309804 0.309804 0.309804
v 0.102593 0.133397 -0.090475 0.309804 0.309804 0.309804
v 0.102569 0.135770 -0.091663 0.309804 0.309804 0.309804
v 0.102304 0.137875 -0.092565 0.309804 0.309804 0.309804
v 0.102051 0.140040 -0.093406 0.309804 0.309804 0.309804
v 0.101805 0.142262 -0.094183 0.309804 0.309804 0.309804
v 0.101310 0.144180 -0.094663 0.309804 0.309804 0.309804
v 0.101067 0.146502 -0.095312 0.309804 0.309804 0.309804
v 0.100819 0.148872 -0.095898 0.309804 0.309804 0.309804
v 0.100312 0.150909 -0.096180 0.309804 0.309804 0.309804
v 0.100043 0.153356 -0.096636 0.309804 0.309804 0.309804
v 0.099510 0.155450 -0.096786 0.309804 0.309804 0.309804
v 0.098958 0.157562 -0.096869 0.309804 0.309804 0.309804
v 0.098632 0.160090 -0.097130 0.309804 0.309804 0.309804
v 0.098033 0.162233 -0.097081 0.309804 0.309804 0.309804
v 0.097407 0.164380 -0.096967 0.309804 0.309804 0.309804
v 0.096749 0.166526 -0.096788 0.309804 0.309804 0.309804
v 0.096058 0.168667 -0.096544 0.309804 0.309804 0.309804
v 0.095331 0.170796 -0.096235 0.309804 0.309804 0.309804
v 0.094565 0.172910 -0.095862 0.309804 0.309804 0.309804
v 0.093759 0.175003 -0.095427 0.309804 0.309804 0.309804
v 0.092911 0.177069 -0.094928 0.309804 0.309804 0.309804
v 0.092019 0.179104 -0.094368 0.309804 0.309804 0.309804
v 0.091082 0.181103 -0.093746 0.309804 0.309804 0.309804
v 0.090098 0.183060 -0.093064 0.309804 0.309804 0.309804
v 0.089066 0.184970 -0.092322 0.309804 0.309804 0.309804
v 0.087758 0.186345 -0.091284 0.309804 0.309804 0.309804
v 0.086630 0.188142 -0.090426 0.309804 0.309804 0.309804
v 0.085454 0.189878 -0.089512 0.309804 0.309804 0.309804
v 0.084008 0.191047 -0.088309 0.309804 0.309804 0.309804
v 0.082517 0.192135 -0.087056 0.309804 0.309804 0.309804
v 0.080984 0.193139 -0.085753 0.309804 0.309804 0.309804
v 0.079620 0.194572 -0.084627 0.309804 0.309804 0.309804
v 0.078000 0.195402 -0.083227 0.309804 0.309804 0.309804
v 0.076751 0.197191 -0.082221 0.309804 0.309804 0.309804
v 0.075247 0.198369 -0.080943 0.309804 0.309804 0.309804
v 0.073897 0.199992 -0.079831 0.309804 0.309804 0.309804
v 0.072497 0.201528 -0.078665 0.309804 0.309804 0.309804
v 0.071048 0.202975 -0.077447 0.309804 0.309804 0.309804
v 0.069551 0.204329 -0.076177 0.309804 0.309804 0.309804
v 0.068008 0.205587 -0.074856 0.309804 0.309804 0.309804
v 0.066420 0.206747 -0.073486 0.309804 0.309804 0.309804
v 0.064790 0.207806 -0.072066 0.309804 0.309804 0.309804
v 0.063119 0.208762 -0.070597 0.309804 0.309804 0.309804
v 0.061574 0.210174 -0.069267 0.309804 0.309804 0.309804
v 0.059823 0.210919 -0.067701 0.309804 0.309804 0.309804
v 0.058039 0.211557 -0.066090 0.309804 0.309804 0.309804
v 0.056373 0.212651 -0.064607 0.309804 0.309804 0.309804
v 0.054523 0.213070 -0.062905 0.309804 0.309804 0.309804
v 0.052646 0.213377 -0.061160 0.309804 0.309804 0.309804
v 0.050746 0.213574 -0.059374 0.309804 0.309804 0.309804
v 0.048954 0.214228 -0.057702 0.309804 0.309804 0.309804
v 0.047010 0.214202 -0.055833 0.309804 0.309804 0.309804
v 0.045169 0.214635 -0.054070 0.309804 0.309804 0.309804
v 0.043191 0.214389 -0.052123 0.309804 0.309804 0.309804
v 0.041203 0.214034 -0.050141 0.309804 0.309804 0.309804
v 0.039313 0.214138 -0.048253 0.309804 0.309804 0.309804
v 0.037309 0.213570 -0.046199 0.309804 0.309804 0.309804
v 0.035397 0.213462 -0.044232 0.309804 0.309804 0.309804
v 0.033387 0.212689 -0.042112 0.309804 0.309804 0.309804
v 0.031465 0.212376 -0.040070 0.309804 0.309804 0.309804
v 0.029462 0.211407 -0.037890 0.309804 0.309804 0.309804
v 0.027468 0.210345 -0.035685 0.309804 0.309804 0.309804
v 0.025553 0.209746 -0.033544 0.309804 0.309804 0.309804
v 0.023642 0.209055 -0.031369 0.309804 0.309804 0.309804
v 0.021681 0.207733 -0.029084 0.309804 0.309804 0.309804
v 0.019790 0.206873 -0.026851 0.309804 0.309804 0.309804
v 0.017864 0.205398 -0.024523 0.309804 0.309804 0.309804
v 0.016003 0.204386 -0.022237 0.309804 0.309804 0.309804
v 0.014119 0.202774 -0.019871 0.309804 0.309804 0.309804
v 0.012294 0.201628 -0.017539 0.309804 0.309804 0.309804
v 0.010460 0.199900 -0.015142 0.309804 0.309804 0.309804
v 0.008656 0.198123 -0.012736 0.309804 0.309804 0.309804
v 0.006900 0.196813 -0.010348 0.309804 0.309804 0.309804
v 0.005152 0.194951 -0.007920 0.309804 0.309804 0.309804
v 0.003447 0.193557 -0.005500 0.309804 0.309804 0.309804
v 0.001760 0.191631 -0.003057 0.309804 0.309804 0.309804
v 0.000108 0.190173 -0.000613 0.309804 0.309804 0.309804
v -0.001516 0.188206 0.001839 0.309804 0.309804 0.309804
v -0.003113 0.186708 0.004301 0.309804 0.309804 0.309804
v -0.004673 0.184722 0.006755 0.309804 0.309804 0.309804
v -0.006215 0.183206 0.009229 0.309804 0.309804 0.309804
v -0.007712 0.181223 0.011679 0.309804 0.309804 0.309804
v -0.009200 0.179713 0.014157 0.309804 0.309804 0.309804
v -0.010664 0.178210 0.016639 0.309804 0.309804 0.309804
v -0.012073 0.176272 0.019073 0.309804 0.309804 0.309804
v -0.013487 0.174807 0.021549 0.309804 0.309804 0.309804
v -0.014880 0.173366 0.024023 0.309804 0.309804 0.309804
v -0.016212 0.171521 0.026426 0.309804 0.309804 0.309804
v -0.017564 0.170150 0.028885 0.309804 0.309804 0.309804
v -0.018898 0.168819 0.031336 0.309804 0.309804 0.309804
v -0.020167 0.167110 0.033693 0.309804 0.309804 0.309804
v -0.021470 0.165878 0.036119 0.309804 0.309804 0.309804
v -0.022762 0.164699 0.038532 0.309804 0.309804 0.309804
v -0.023986 0.163168 0.040829 0.309804 0.309804 0.309804
v -0.025260 0.162113 0.043207 0.309804 0.309804 0.309804
v -0.026464 0.160722 0.045453 0.309804 0.309804 0.309804
v -0.027730 0.159806 0.047788 0.309804 0.309804 0.309804
v -0.028997 0.158962 0.050102 0.309804 0.309804 0.309804
v -0.030193 0.157801 0.052263 0.309804 0.309804 0.309804
v -0.031468 0.157115 0.054525 0.309804 0.309804 0.309804
v -0.032752 0.156509 0.056761 0.309804 0.309804 0.309804
v -0.033964 0.155601 0.058824 0.309804 0.309804 0.309804
v -0.035273 0.155166 0.060998 0.309804 0.309804 0.309804
v -0.036600 0.154818 0.063141 0.309804 0.309804 0.309804
v -0.037854 0.154177 0.065091 0.309804 0.309804 0.309804
v -0.039223 0.154006 0.067163 0.309804 0.309804 0.309804
v -0.040618 0.153925 0.069199 0.309804 0.309804 0.309804
v -0.041940 0.153556 0.071024 0.309804 0.309804 0.309804
v -0.043393 0.153655 0.072980 0.309804 0.309804 0.309804
v -0.044882 0.153843 0.074896 0.309804 0.309804 0.309804
v -0.046294 0.153744 0.076583 0.309804 0.309804 0.309804
v -0.047856 0.154108 0.078410 0.309804 0.309804 0.309804
v -0.049340 0.154182 0.079997 0.309804 0.309804 0.309804
v -0.050985 0.154716 0.081730 0.309804 0.309804 0.309804
v -0.052549 0.154956 0.083213 0.309804 0.309804 0.309804
v -0.054154 0.155275 0.084640 0.309804 0.309804 0.309804
v -0.055936 0.156047 0.086220 0.309804 0.309804 0.309804
v -0.057631 0.156515 0.087537 0.309804 0.309804 0.309804
v -0.059515 0.157432 0.089010 0.309804 0.309804 0.309804
v -0.061304 0.158035 0.090211 0.309804 0.309804 0.309804
v -0.063141 0.158699 0.091353 0.309804 0.309804 0.309804
v -0.065182 0.159806 0.092656 0.309804 0.309804 0.309804
v -0.067119 0.160581 0.093677 0.309804 0.309804 0.309804
v -0.069103 0.161405 0.094635 0.309804 0.309804 0.309804
v -0.071307 0.162664 0.095761 0.309804 0.309804 0.309804
v -0.073392 0.163571 0.096594 0.309804 0.309804 0.309804
v -0.075524 0.164512 0.097362 0.309804 0.309804 0.309804
v -0.077703 0.165481 0.098066 0.309804 0.309804 0.309804
v -0.079927 0.166472 0.098703 0.309804 0.309804 0.309804
v -0.082393 0.167885 0.099514 0.309804 0.309804 0.309804
v -0.084710 0.168909 0.100021 0.309804 0.309804 0.309804
v -0.087067 0.169940 0.100461 0.309804 0.309804 0.309804
v -0.089465 0.170971 0.100833 0.309804 0.309804 0.309804
v -0.091899 0.171999 0.101139 0.309804 0.309804 0.309804
v -0.094369 0.173017 0.101376 0.309804 0.309804 0.309804
v -0.097104 0.174437 0.101790 0.309804 0.309804 0.309804
v -0.099642 0.175421 0.101892 0.309804 0.309804 0.309804
v -0.102207 0.176379 0.101926 0.309804 0.309804 0.309804
v -0.104795 0.177306 0.101892 0.309804 0.309804 0.309804
v -0.107405 0.178197 0.101790 0.309804 0.309804 0.309804
v -0.110031 0.179045 0.101620 0.309804 0.309804 0.309804
v -0.112671 0.179848 0.101382 0.309804 0.309804 0.309804
v -0.115321 0.180599 0.101076 0.309804 0.309804 0.309804
v -0.117977 0.181294 0.100702 0.309804 0.309804 0.309804
v -0.120635 0.181929 0.100261 0.309804 0.309804 0.309804
v -0.123291 0.182500 0.099753 0.309804 0.309804 0.309804
v -0.125941 0.183002 0.099179 0.309804 0.309804 0.309804
v -0.128580 0.183432 0.098538 0.309804 0.309804 0.309804
v -0.131205 0.183786 0.097831 0.309804 0.309804 0.309804
v -0.133811 0.184061 0.097059 0.309804 0.309804 0.309804
v -0.136394 0.184253 0.096222 0.309804 0.309804 0.309804
v -0.138949 0.184360 0.095321 0.309804 0.309804 0.309804
v -0.141472 0.184380 0.094356 0.309804 0.309804 0.309804
v -0.143958 0.184309 0.093327 0.309804 0.309804 0.309804
v -0.146404 0.184147 0.092237 0.309804 0.309804 0.309804
v -0.148805 0.183891 0.091085 0.309804 0.309804 0.309804
v -0.151156 0.183539 0.089872 0.309804 0.309804 0.309804
v -0.153455 0.183091 0.088598 0.309804 0.309804 0.309804
v -0.155323 0.182108 0.087057 0.309804 0.309804 0.309804
v -0.157497 0.181466 0.085669 0.309804 0.309804 0.309804
v -0.159607 0.180726 0.084225 0.309804 0.309804 0.309804
v -0.161648 0.179888 0.082724 0.309804 0.309804 0.309804
v -0.163617 0.178953 0.081167 0.309804 0.309804 0.309804
v -0.165510 0.177920 0.079557 0.309804 0.309804 0.309804
v -0.167325 0.176791 0.077893 0.309804 0.309804 0.309804
v -0.169059 0.175567 0.076177 0.309804 0.309804 0.309804
v -0.170708 0.174249 0.074410 0.309804 0.309804 0.309804
v -0.172271 0.172838 0.072594 0.309804 0.309804 0.309804
v -0.173744 0.171337 0.070729 0.309804 0.309804 0.309804
v -0.175127 0.169748 0.068816 0.309804 0.309804 0.309804
v -0.176840 0.168478 0.067019 0.309804 0.309804 0.309804
v -0.178038 0.166715 0.065011 0.309804 0.309804 0.309804
v -0.179140 0.164872 0.062960 0.309804 0.309804 0.309804
v -0.180145 0.162952 0.060866 0.309804 0.309804 0.309804
v -0.181052 0.160957 0.058732 0.309804 0.309804 0.309804
v -0.181861 0.158891 0.056559 0.309804 0.309804 0.309804
v -0.183008 0.157133 0.054478 0.309804 0.309804 0.309804
v -0.183622 0.154930 0.052225 0.309804 0.309804 0.309804
v -0.184137 0.152668 0.049937 0.309804 0.309804 0.309804
v -0.184554 0.150349 0.047616 0.309804 0.309804 0.309804
v -0.184875 0.147978 0.045263 0.309804 0.309804 0.309804
v -0.185544 0.145907 0.042982 0.309804 0.309804 0.309804
v -0.185676 0.143438 0.040564 0.309804 0.309804 0.309804
v -0.185716 0.140930 0.038120 0.309804 0.309804 0.309804
v -0.185666 0.138387 0.035649 0.309804 0.309804 0.309804
v -0.185971 0.136137 0.033234 0.309804 0.309804 0.309804
v -0.185748 0.133530 0.030712 0.309804 0.309804 0.309804
v -0.185442 0.130901 0.028169 0.309804 0.309804 0.309804
v -0.185058 0.128254 0.025607 0.309804 0.309804 0.309804
v -0.185037 0.125893 0.023083 0.309804 0.309804 0.309804
v -0.184504 0.123217 0.020483 0.309804 0.309804 0.309804
v -0.183903 0.120537 0.017869 0.309804 0.309804 0.309804
v -0.183673 0.118136 0.015279 0.309804 0.309804 0.309804
v -0.182946 0.115451 0.012637 0.309804 0.309804 0.309804
v -0.182164 0.112774 0.009986 0.309804 0.309804 0.309804
v -0.181331 0.110108 0.007328 0.309804 0.309804 0.309804
v -0.180880 0.107712 0.004677 0.309804 0.309804 0.309804
v -0.179959 0.105073 0.002005 0.309804 0.309804 0.309804
v -0.179002 0.102456 -0.000668 0.309804 0.309804 0.309804
v -0.178436 0.100099 -0.003349 0.309804 0.309804 0.309804
v -0.177421 0.097529 -0.006026 0.309804 0.309804 0.309804
v -0.176387 0.094991 -0.008699 0.309804 0.309804 0.309804
v -0.175752 0.092704 -0.011393 0.309804 0.309804 0.309804
v -0.174693 0.090229 -0.014058 0.309804 0.309804 0.309804
v -0.173631 0.087793 -0.016715 0.309804 0.309804 0.309804
v -0.172977 0.085599 -0.019405 0.309804 0.309804 0.309804
v -0.171924 0.083240 -0.022044 0.309804 0.309804 0.309804
v -0.170884 0.080927 -0.024667 0.309804 0.309804 0.309804
v -0.170263 0.078843 -0.027338 0.309804 0.309804 0.309804
v -0.169266 0.076616 -0.029933 0.309804 0.309804 0.309804
v -0.168693 0.074612 -0.032585 0.309804 0.309804 0.309804
v -0.167760 0.072477 -0.035144 0.309804 0.309804 0.309804
v -0.167257 0.070556 -0.037768 0.309804 0.309804 0.309804
v -0.166409 0.068515 -0.040284 0.309804 0.309804 0.309804
v -0.165998 0.066678 -0.042873 0.309804 0.309804 0.309804
v -0.165256 0.064731 -0.045340 0.309804 0.309804 0.309804
v -0.164956 0.062980 -0.047887 0.309804 0.309804 0.309804
v -0.164338 0.061126 -0.050297 0.309804 0.309804 0.309804
v -0.164169 0.059457 -0.052795 0.309804 0.309804 0.309804
v -0.164070 0.057827 -0.055270 0.309804 0.309804 0.309804
v -0.163669 0.056105 -0.057585 0.309804 0.309804 0.309804
v -0.163726 0.054552 -0.059999 0.309804 0.309804 0.309804
v -0.163866 0.053034 -0.062384 0.309804 0.309804 0.309804
v -0.163715 0.051430 -0.064589 0.309804 0.309804 0.309804
v -0.164030 0.049980 -0.066905 0.309804 0.309804 0.309804
v -0.164060 0.048448 -0.069027 0.309804 0.309804 0.309804
v -0.164561 0.047058 -0.071266 0.309804 0.309804 0.309804
v -0.165159 0.045693 -0.073467 0.309804 0.309804 0.309804
v -0.165478 0.044249 -0.075455 0.309804 0.309804 0.309804
v -0.166273 0.042930 -0.077570 0.309804 0.309804 0.309804
v -0.166790 0.041533 -0.079461 0.309804 0.309804 0.309804
v -0.167787 0.040249 -0.081484 0.309804 0.309804 0.309804
v -0.168504 0.038888 -0.083271 0.309804 0.309804 0.309804
v -0.169705 0.037628 -0.085196 0.309804 0.309804 0.309804
v -0.170621 0.036291 -0.086875 0.309804 0.309804 0.309804
v -0.172024 0.035042 -0.088696 0.309804 0.309804 0.309804
v -0.173136 0.033717 -0.090261 0.309804 0.309804 0.309804
v -0.174736 0.032468 -0.091973 0.309804 0.309804 0.309804
v -0.176037 0.031143 -0.093420 0.309804 0.309804 0.309804
v -0.177829 0.029882 -0.095018 0.309804 0.309804 0.309804
v -0.179310 0.028544 -0.096342 0.309804 0.309804 0.309804
v -0.180874 0.027196 -0.097601 0.309804 0.309804 0.309804
v -0.182520 0.025837 -0.098795 0.309804 0.309804 0.309804
v -0.184241 0.024463 -0.099923 0.309804 0.309804 0.309804
v -0.186454 0.023123 -0.101211 0.309804 0.309804 0.309804
v -0.188321 0.021708 -0.102207 0.309804 0.309804 0.309804
v -0.190251 0.020271 -0.103135 0.309804 0.309804 0.309804
v -0.192241 0.018809 -0.103994 0.309804 0.309804 0.309804
v -0.194283 0.017319 -0.104783 0.309804 0.309804 0.309804
v -0.196375 0.015801 -0.105502 0.309804 0.309804 0.309804
v -0.198509 0.014252 -0.106150 0.309804 0.309804 0.309804
v -0.200680 0.012670 -0.106728 0.309804 0.309804 0.309804
v -0.202882 0.011055 -0.107234 0.309804 0.309804 0.309804
v -0.205110 0.009404 -0.107669 0.309804 0.309804 0.309804
v -0.206891 0.007699 -0.107789 0.309804 0.309804 0.309804
v -0.209146 0.005979 -0.108078 0.309804 0.309804 0.309804
v -0.211407 0.004220 -0.108296 0.309804 0.309804 0.309804
v -0.213668 0.002423 -0.108441 0.309804 0.309804 0.309804
v -0.215922 0.000588 -0.108513 0.309804 0.309804 0.309804
v -0.219146 -0.001292 -0.109002 0.309804 0.309804 0.309804
v -0.221378 -0.003214 -0.108929 0.309804 0.309804 0.309804
v -0.223584 -0.005174 -0.108783 0.309804 0.309804 0.309804
v -0.225252 -0.007155 -0.108322 0.309804 0.309804 0.309804
v -0.227382 -0.009185 -0.108031 0.309804 0.309804 0.309804
v -0.229466 -0.011251 -0.107669 0.309804 0.309804 0.309804
v -0.231499 -0.013352 -0.107234 0.309804 0.309804 0.309804
v -0.233475 -0.015486 -0.106728 0.309804 0.309804 0.309804
v -0.234858 -0.017612 -0.105912 0.309804 0.309804 0.309804
v -0.236697 -0.019803 -0.105265 0.309804 0.309804 0.309804
v -0.238460 -0.022021 -0.104547 0.309804 0.309804 0.309804
v -0.240143 -0.024266 -0.103760 0.309804 0.309804 0.309804
v -0.241740 -0.026534 -0.102903 0.309804 0.309804 0.309804
v -0.242699 -0.028758 -0.101748 0.309804 0.309804 0.309804
v -0.244106 -0.031061 -0.100757 0.309804 0.309804 0.309804
v -0.245414 -0.033379 -0.099698 0.309804 0.309804 0.309804
v -0.246617 -0.035710 -0.098573 0.309804 0.309804 0.309804
v -0.247712 -0.038051 -0.097381 0.309804 0.309804 0.309804
v -0.248695 -0.040399 -0.096125 0.309804 0.309804 0.309804
v -0.248999 -0.042654 -0.094590 0.309804 0.309804 0.309804
v -0.249746 -0.045001 -0.093209 0.309804 0.309804 0.309804
v -0.250372 -0.047346 -0.091766 0.309804 0.309804 0.309804
v -0.250875 -0.049684 -0.090261 0.309804 0.309804 0.309804
v -0.251252 -0.052013 -0.088696 0.309804 0.309804 0.309804
v -0.251501 -0.054329 -0.087072 0.309804 0.309804 0.309804
v -0.251622 -0.056630 -0.085389 0.309804 0.309804 0.309804
v -0.251043 -0.058777 -0.083460 0.309804 0.309804 0.309804
v -0.250904 -0.061030 -0.081669 0.309804 0.309804 0.309804
v -0.250633 -0.063257 -0.079823 0.309804 0.309804 0.309804
v -0.250232 -0.065455 -0.077924 0.309804 0.309804 0.309804
v -0.249700 -0.067621 -0.075972 0.309804 0.309804 0.309804
v -0.249039 -0.069751 -0.073970 0.309804 0.309804 0.309804
v -0.248248 -0.071843 -0.071918 0.309804 0.309804 0.309804
v -0.247331 -0.073893 -0.069818 0.309804 0.309804 0.309804
v -0.246288 -0.075900 -0.067672 0.309804 0.309804 0.309804
v -0.245121 -0.077860 -0.065480 0.309804 0.309804 0.309804
v -0.244386 -0.079952 -0.063388 0.309804 0.309804 0.309804
v -0.242976 -0.081816 -0.061105 0.309804 0.309804 0.309804
v -0.241451 -0.083626 -0.058781 0.309804 0.309804 0.309804
v -0.239813 -0.085380 -0.056418 0.309804 0.309804 0.309804
v -0.238605 -0.087274 -0.054139 0.309804 0.309804 0.309804
v -0.236749 -0.088917 -0.051697 0.309804 0.309804 0.309804
v -0.235322 -0.090702 -0.049331 0.309804 0.309804 0.309804
v -0.233263 -0.092226 -0.046815 0.309804 0.309804 0.309804
v -0.231632 -0.093898 -0.044368 0.309804 0.309804 0.309804
v -0.229389 -0.095298 -0.041786 0.309804 0.309804 0.309804
v -0.227573 -0.096852 -0.039263 0.309804 0.309804 0.309804
v -0.225668 -0.098347 -0.036703 0.309804 0.309804 0.309804
v -0.223680 -0.099783 -0.034106 0.309804 0.309804 0.309804
v -0.221613 -0.101161 -0.031475 0.309804 0.309804 0.309804
v -0.219961 -0.102706 -0.028874 0.309804 0.309804 0.309804
v -0.219674 -0.104888 -0.026404 0.309804 0.309804 0.309804
v -0.220702 -0.107724 -0.024009 0.309804 0.309804 0.309804
v -0.224872 -0.112170 -0.021818 0.309804 0.309804 0.309804
v -0.223258 -0.113778 -0.018955 0.309804 0.309804 0.309804
v -0.220203 -0.114623 -0.015943 0.309804 0.309804 0.309804
v -0.217570 -0.115646 -0.012947 0.309804 0.309804 0.309804
v -0.214460 -0.116374 -0.009909 0.309804 0.309804 0.309804
v -0.211334 -0.117047 -0.006864 0.309804 0.309804 0.309804
v -0.208631 -0.117912 -0.003823 0.309804 0.309804 0.309804
v -0.205489 -0.118484 -0.000765 0.309804 0.309804 0.309804
v -0.202770 -0.119256 0.002299 0.309804 0.309804 0.309804
v -0.199636 -0.119741 0.005362 0.309804 0.309804 0.309804
v -0.196924 -0.120434 0.008439 0.309804 0.309804 0.309804
v -0.193824 -0.120846 0.011500 0.309804 0.309804 0.309804
v -0.191143 -0.121475 0.014582 0.309804 0.309804 0.309804
v -0.188099 -0.121829 0.017631 0.309804 0.309804 0.309804
v -0.185093 -0.122159 0.020669 0.309804 0.309804 0.309804
v -0.182507 -0.122723 0.023741 0.309804 0.309804 0.309804
v -0.179589 -0.123023 0.026755 0.309804 0.309804 0.309804
v -0.176726 -0.123313 0.029751 0.309804 0.309804 0.309804
v -0.173922 -0.123598 0.032728 0.309804 0.309804 0.309804
v -0.171531 -0.124138 0.035755 0.309804 0.309804 0.309804
v -0.168851 -0.124430 0.038691 0.309804 0.309804 0.309804
v -0.166241 -0.124732 0.041602 0.309804 0.309804 0.309804
v -0.163705 -0.125049 0.044485 0.309804 0.309804 0.309804
v -0.161246 -0.125386 0.047338 0.309804 0.309804 0.309804
v -0.159191 -0.126004 0.050262 0.309804 0.309804 0.309804
v -0.156888 -0.126396 0.053056 0.309804 0.309804 0.309804
v -0.154669 -0.126822 0.055814 0.309804 0.309804 0.309804
v -0.152847 -0.127546 0.058654 0.309804 0.309804 0.309804
v -0.150796 -0.128056 0.061341 0.309804 0.309804 0.309804
v -0.148833 -0.128613 0.063987 0.309804 0.309804 0.309804
v -0.146958 -0.129222 0.066590 0.309804 0.309804 0.309804
v -0.145173 -0.129888 0.069149 0.309804 0.309804 0.309804
v -0.143476 -0.130614 0.071662 0.309804 0.309804 0.309804
v -0.141868 -0.131404 0.074127 0.309804 0.309804 0.309804
v -0.140348 -0.132261 0.076542 0.309804 0.309804 0.309804
v -0.138632 -0.132919 0.078745 0.309804 0.309804 0.309804
v -0.137287 -0.133919 0.081052 0.309804 0.309804 0.309804
v -0.136025 -0.134996 0.083304 0.309804 0.309804 0.309804
v -0.134570 -0.135874 0.085326 0.309804 0.309804 0.309804
v -0.133472 -0.137109 0.087461 0.309804 0.309804 0.309804
v -0.132180 -0.138144 0.089355 0.309804 0.309804 0.309804
v -0.131235 -0.139544 0.091368 0.309804 0.309804 0.309804
v -0.130361 -0.141031 0.093319 0.309804 0.309804 0.309804
v -0.129289 -0.142312 0.095013 0.309804 0.309804 0.309804
v -0.128548 -0.143971 0.096835 0.309804 0.309804 0.309804
v -0.127867 -0.145718 0.098592 0.309804 0.309804 0.309804
v -0.126982 -0.147250 0.100078 0.309804 0.309804 0.309804
v -0.126412 -0.149169 0.101698 0.309804 0.309804 0.309804
v -0.125631 -0.150865 0.103039 0.309804 0.309804 0.309804
v -0.124896 -0.152639 0.104304 0.309804 0.309804 0.309804
v -0.124460 -0.154808 0.105712 0.309804 0.309804 0.309804
v -0.123801 -0.156737 0.106828 0.309804 0.309804 0.309804
v -0.123430 -0.159066 0.108091 0.309804 0.309804 0.309804
v -0.122829 -0.161141 0.109056 0.309804 0.309804 0.309804
v -0.122505 -0.163621 0.110171 0.309804 0.309804 0.309804
v -0.121942 -0.165830 0.110983 0.309804 0.309804 0.309804
v -0.121645 -0.168448 0.111948 0.309804 0.309804 0.309804
v -0.121353 -0.171133 0.112839 0.309804 0.309804 0.309804
v -0.120812 -0.173520 0.113418 0.309804 0.309804 0.309804
v -0.120268 -0.175954 0.113917 0.309804 0.309804 0.309804
v -0.119968 -0.178803 0.114577 0.309804 0.309804 0.309804
v -0.119406 -0.181324 0.114920 0.309804 0.309804 0.309804
v -0.118828 -0.183877 0.115184 0.309804 0.309804 0.309804
v -0.118230 -0.186457 0.115369 0.309804 0.309804 0.309804
v -0.117607 -0.189059 0.115476 0.309804 0.309804 0.309804
v -0.117204 -0.192082 0.115747 0.309804 0.309804 0.309804
v -0.116521 -0.194718 0.115697 0.309804 0.309804 0.309804
v -0.115803 -0.197359 0.115569 0.309804 0.309804 0.309804
v -0.115289 -0.200421 0.115607 0.309804 0.309804 0.309804
v -0.114489 -0.203060 0.115325 0.309804 0.309804 0.309804
v -0.113644 -0.205685 0.114965 0.309804 0.309804 0.309804
v -0.112751 -0.208290 0.114529 0.309804 0.309804 0.309804
v -0.111808 -0.210869 0.114018 0.309804 0.309804 0.309804
v -0.110813 -0.213417 0.113431 0.309804 0.309804 0.309804
v -0.109764 -0.215926 0.112771 0.309804 0.309804 0.309804
v -0.108658 -0.218391 0.112037 0.309804 0.309804 0.309804
v -0.107496 -0.220805 0.111230 0.309804 0.309804 0.309804
v -0.106045 -0.222683 0.110114 0.309804 0.309804 0.309804
v -0.104767 -0.224973 0.109166 0.309804 0.309804 0.309804
v -0.103428 -0.227195 0.108149 0.309804 0.309804 0.309804
v -0.102029 -0.229343 0.107063 0.309804 0.309804 0.309804
v -0.100569 -0.231412 0.105909 0.309804 0.309804 0.309804
v -0.099049 -0.233397 0.104688 0.309804 0.309804 0.309804
v -0.097469 -0.235293 0.103402 0.309804 0.309804 0.309804
v -0.095830 -0.237095 0.102052 0.309804 0.309804 0.309804
v -0.094132 -0.238797 0.100638 0.309804 0.309804 0.309804
v -0.092173 -0.239867 0.098944 0.309804 0.309804 0.309804
v -0.090365 -0.241355 0.097411 0.309804 0.309804 0.309804
v -0.088503 -0.242732 0.095819 0.309804 0.309804 0.309804
v -0.086588 -0.243994 0.094168 0.309804 0.309804 0.309804
v -0.084434 -0.244592 0.092256 0.309804 0.309804 0.309804
v -0.082608 -0.246161 0.090700 0.309804 0.309804 0.309804
v -0.080548 -0.247061 0.088885 0.309804 0.309804 0.309804
v -0.078268 -0.247280 0.086823 0.309804 0.309804 0.309804
v -0.076127 -0.247923 0.084909 0.309804 0.309804 0.309804
v -0.073948 -0.248438 0.082946 0.309804 0.309804 0.309804
v -0.071733 -0.248822 0.080936 0.309804 0.309804 0.309804
v -0.069329 -0.248511 0.078701 0.309804 0.309804 0.309804
v -0.067058 -0.248630 0.076605 0.309804 0.309804 0.309804
v -0.064614 -0.248050 0.074297 0.309804 0.309804 0.309804
v -0.062299 -0.247905 0.072123 0.309804 0.309804 0.309804
v -0.059966 -0.247629 0.069910 0.309804 0.309804 0.309804
v -0.057484 -0.246653 0.067504 0.309804 0.309804 0.309804
v -0.055127 -0.246118 0.065223 0.309804 0.309804 0.309804
v -0.052761 -0.245455 0.062909 0.309804 0.309804 0.309804
v -0.050272 -0.244099 0.060421 0.309804 0.309804 0.309804
v -0.047904 -0.243188 0.058050 0.309804 0.309804 0.309804
v -0.045430 -0.241591 0.055520 0.309804 0.309804 0.309804
v -0.043072 -0.240445 0.053099 0.309804 0.309804 0.309804
v -0.040722 -0.239184 0.050654 0.309804 0.309804 0.309804
v -0.038291 -0.237251 0.048071 0.309804 0.309804 0.309804
v -0.035971 -0.235775 0.045588 0.309804 0.309804 0.309804
v -0.033667 -0.234196 0.043085 0.309804 0.309804 0.309804
v -0.031458 -0.233074 0.040661 0.309804 0.309804 0.309804
v -0.029121 -0.230748 0.038029 0.309804 0.309804 0.309804
v -0.026885 -0.228888 0.035479 0.309804 0.309804 0.309804
v -0.024675 -0.226943 0.032918 0.309804 0.309804 0.309804
v -0.022441 -0.224377 0.030273 0.309804 0.309804 0.309804
v -0.020298 -0.222283 0.027700 0.309804 0.309804 0.309804
v -0.018189 -0.220120 0.025120 0.309804 0.309804 0.309804
v -0.016116 -0.217895 0.022535 0.309804 0.309804 0.309804
v -0.014045 -0.215087 0.019900 0.309804 0.309804 0.309804
v -0.012053 -0.212758 0.017318 0.309804 0.309804 0.309804
v -0.010100 -0.210383 0.014736 0.309804 0.309804 0.309804
v -0.008188 -0.207970 0.012158 0.309804 0.309804 0.309804
v -0.006303 -0.205016 0.009560 0.309804 0.309804 0.309804
v -0.004480 -0.202547 0.006998 0.309804 0.309804 0.309804
v -0.002700 -0.200057 0.004445 0.309804 0.309804 0.309804
v -0.000963 -0.197553 0.001901 0.309804 0.309804 0.309804
v 0.000730 -0.195039 -0.000632 0.309804 0.309804 0.309804
v 0.002374 -0.192041 -0.003144 0.309804 0.309804 0.309804
v 0.003977 -0.189533 -0.005642 0.309804 0.309804 0.309804
v 0.005538 -0.187033 -0.008125 0.309804 0.309804 0.309804
v 0.007057 -0.184548 -0.010589 0.309804 0.309804 0.309804
v 0.008513 -0.181622 -0.013000 0.309804 0.309804 0.309804
v 0.009973 -0.179645 -0.015457 0.309804 0.309804 0.309804
v 0.011372 -0.177237 -0.017857 0.309804 0.309804 0.309804
v 0.012702 -0.174419 -0.020182 0.309804 0.309804 0.309804
v 0.014024 -0.172093 -0.022526 0.309804 0.309804 0.309804
v 0.015313 -0.169814 -0.024843 0.309804 0.309804 0.309804
v 0.016569 -0.167584 -0.027131 0.309804 0.309804 0.309804
v 0.017795 -0.165410 -0.029389 0.309804 0.309804 0.309804
v 0.018993 -0.163294 -0.031615 0.309804 0.309804 0.309804
v 0.020164 -0.161242 -0.033808 0.309804 0.309804 0.309804
v 0.021311 -0.159255 -0.035967 0.309804 0.309804 0.309804
v 0.022437 -0.157338 -0.038090 0.309804 0.309804 0.309804
v 0.023543 -0.155495 -0.040176 0.309804 0.309804 0.309804
v 0.024632 -0.153726 -0.042223 0.309804 0.309804 0.309804
v 0.025707 -0.152036 -0.044232 0.309804 0.309804 0.309804
v 0.026771 -0.150426 -0.046199 0.309804 0.309804 0.309804
v 0.027898 -0.149292 -0.048253 0.309804 0.309804 0.309804
v 0.029026 -0.148237 -0.050274 0.309804 0.309804 0.309804
v 0.030155 -0.147262 -0.052261 0.309804 0.309804 0.309804
v 0.031372 -0.146756 -0.054357 0.309804 0.309804 0.309804
v 0.032601 -0.146329 -0.056427 0.309804 0.309804 0.309804
v 0.033847 -0.145982 -0.058469 0.309804 0.309804 0.309804
v 0.035204 -0.146098 -0.060640 0.309804 0.309804 0.309804
v 0.036588 -0.146295 -0.062790 0.309804 0.309804 0.309804
v 0.038003 -0.146573 -0.064917 0.309804 0.309804 0.309804
v 0.039451 -0.146934 -0.067018 0.309804 0.309804 0.309804
v 0.040831 -0.147002 -0.068916 0.309804 0.309804 0.309804
v 0.042351 -0.147532 -0.070958 0.309804 0.309804 0.309804
v 0.043913 -0.148145 -0.072969 0.309804 0.309804 0.309804
v 0.045289 -0.148092 -0.074570 0.309804 0.309804 0.309804
v 0.046935 -0.148874 -0.076507 0.309804 0.309804 0.309804
v 0.048508 -0.149363 -0.078211 0.309804 0.309804 0.309804
v 0.050252 -0.150308 -0.080071 0.309804 0.309804 0.309804
v 0.051919 -0.150957 -0.081688 0.309804 0.309804 0.309804
v 0.053635 -0.151682 -0.083258 0.309804 0.309804 0.309804
v 0.055263 -0.152102 -0.084567 0.309804 0.309804 0.309804
v 0.057076 -0.152971 -0.086034 0.309804 0.309804 0.309804
v 0.058796 -0.153527 -0.087232 0.309804 0.309804 0.309804
v 0.060711 -0.154527 -0.088592 0.309804 0.309804 0.309804
v 0.062526 -0.155203 -0.089676 0.309804 0.309804 0.309804
v 0.064388 -0.155933 -0.090700 0.309804 0.309804 0.309804
v 0.066461 -0.157101 -0.091891 0.309804 0.309804 0.309804
v 0.068420 -0.157926 -0.092795 0.309804 0.309804 0.309804
v 0.070601 -0.159184 -0.093869 0.309804 0.309804 0.309804
v 0.072659 -0.160087 -0.094650 0.309804 0.309804 0.309804
v 0.074578 -0.160622 -0.095133 0.309804 0.309804 0.309804
v 0.076721 -0.161577 -0.095786 0.309804 0.309804 0.309804
v 0.078908 -0.162552 -0.096375 0.309804 0.309804 0.309804
v 0.081137 -0.163541 -0.096899 0.309804 0.309804 0.309804
v 0.083407 -0.164539 -0.097359 0.309804 0.309804 0.309804
v 0.085505 -0.165132 -0.097512 0.309804 0.309804 0.309804
v 0.087627 -0.165718 -0.097597 0.309804 0.309804 0.309804
v 0.090221 -0.167121 -0.098103 0.309804 0.309804 0.309804
v 0.092400 -0.167683 -0.098057 0.309804 0.309804 0.309804
v 0.094833 -0.168643 -0.098188 0.309804 0.309804 0.309804
v 0.097051 -0.169158 -0.098009 0.309804 0.309804 0.309804
v 0.099529 -0.170065 -0.098009 0.309804 0.309804 0.309804
v 0.101774 -0.170513 -0.097700 0.309804 0.309804 0.309804
v 0.104286 -0.171348 -0.097569 0.309804 0.309804 0.309804
v 0.106545 -0.171710 -0.097130 0.309804 0.309804 0.309804
v 0.109077 -0.172454 -0.096869 0.309804 0.309804 0.309804
v 0.111336 -0.172713 -0.096302 0.309804 0.309804 0.309804
v 0.114158 -0.173784 -0.096155 0.309804 0.309804 0.309804
v 0.119625 -0.178729 -0.098098 0.309804 0.309804 0.309804
v 0.130292 -0.191083 -0.104005 0.309804 0.309804 0.309804
v 0.155325 -0.223630 -0.120668 0.309804 0.309804 0.309804
v 0.159161 -0.224989 -0.120316 0.309804 0.309804 0.309804
v 0.162366 -0.225375 -0.119410 0.309804 0.309804 0.309804
v 0.166193 -0.226544 -0.118888 0.309804 0.309804 0.309804
v 0.170014 -0.227613 -0.118277 0.309804 0.309804 0.309804
v 0.173486 -0.228133 -0.117352 0.309804 0.309804 0.309804
v 0.176928 -0.228544 -0.116344 0.309804 0.309804 0.309804
v 0.180334 -0.228841 -0.115253 0.309804 0.309804 0.309804
v 0.183344 -0.228581 -0.113860 0.309804 0.309804 0.309804
v 0.186656 -0.228644 -0.112608 0.309804 0.309804 0.309804
v 0.189915 -0.228586 -0.111274 0.309804 0.309804 0.309804
v 0.192746 -0.227967 -0.109650 0.309804 0.309804 0.309804
v 0.195878 -0.227663 -0.108159 0.309804 0.309804 0.309804
v 0.198942 -0.227233 -0.106590 0.309804 0.309804 0.309804
v 0.201932 -0.226676 -0.104943 0.309804 0.309804 0.309804
v 0.204844 -0.225993 -0.103218 0.309804 0.309804 0.309804
v 0.207672 -0.225182 -0.101416 0.309804 0.309804 0.309804
v 0.210413 -0.224244 -0.099539 0.309804 0.309804 0.309804
v 0.212657 -0.222756 -0.097403 0.309804 0.309804 0.309804
v 0.214795 -0.221149 -0.095201 0.309804 0.309804 0.309804
v 0.216826 -0.219423 -0.092936 0.309804 0.309804 0.309804
v 0.218746 -0.217583 -0.090608 0.309804 0.309804 0.309804
v 0.220552 -0.215629 -0.088220 0.309804 0.309804 0.309804
v 0.222663 -0.213972 -0.085936 0.309804 0.309804 0.309804
v 0.224237 -0.211797 -0.083427 0.309804 0.309804 0.309804
v 0.225690 -0.209519 -0.080862 0.309804 0.309804 0.309804
v 0.227022 -0.207140 -0.078243 0.309804 0.309804 0.309804
v 0.227797 -0.204278 -0.075429 0.309804 0.309804 0.309804
v 0.228444 -0.201333 -0.072574 0.309804 0.309804 0.309804
v 0.228526 -0.197932 -0.069548 0.309804 0.309804 0.309804
v 0.216205 -0.184023 -0.062924 0.309804 0.309804 0.309804
v 0.163665 -0.136889 -0.045466 0.309804 0.309804 0.309804
v 0.157908 -0.129777 -0.041782 0.309804 0.309804 0.309804
v 0.157783 -0.127412 -0.039669 0.309804 0.309804 0.309804
v 0.157131 -0.124664 -0.037435 0.309804 0.309804 0.309804
v 0.156397 -0.121900 -0.035200 0.309804 0.309804 0.309804
v 0.155584 -0.119124 -0.032963 0.309804 0.309804 0.309804
v 0.154693 -0.116342 -0.030728 0.309804 0.309804 0.309804
v 0.152844 -0.112901 -0.028332 0.309804 0.309804 0.309804
v 0.151811 -0.110129 -0.026117 0.309804 0.309804 0.309804
v 0.150711 -0.107361 -0.023908 0.309804 0.309804 0.309804
v 0.149990 -0.104910 -0.021771 0.309804 0.309804 0.309804
v 0.148768 -0.102157 -0.019574 0.309804 0.309804 0.309804
v 0.147930 -0.099716 -0.017441 0.309804 0.309804 0.309804
v 0.147475 -0.097572 -0.015353 0.309804 0.309804 0.309804
v 0.146532 -0.095142 -0.013216 0.309804 0.309804 0.309804
v 0.145977 -0.093003 -0.011116 0.309804 0.309804 0.309804
v 0.145376 -0.090868 -0.009008 0.309804 0.309804 0.309804
v 0.144732 -0.088740 -0.006894 0.309804 0.309804 0.309804
v 0.144050 -0.086623 -0.004776 0.309804 0.309804 0.309804
v 0.143334 -0.084519 -0.002654 0.309804 0.309804 0.309804
v 0.142588 -0.082431 -0.000531 0.309804 0.309804 0.309804
v 0.141815 -0.080361 0.001593 0.309804 0.309804 0.309804
v 0.141020 -0.078313 0.003715 0.309804 0.309804 0.309804
v 0.140625 -0.076515 0.005853 0.309804 0.309804 0.309804
v 0.139797 -0.074510 0.007975 0.309804 0.309804 0.309804
v 0.138959 -0.072533 0.010093 0.309804 0.309804 0.309804
v 0.138118 -0.070586 0.012203 0.309804 0.309804 0.309804
v 0.137683 -0.068873 0.014348 0.309804 0.309804 0.309804
v 0.136843 -0.066985 0.016447 0.309804 0.309804 0.309804
v 0.136414 -0.065324 0.018590 0.309804 0.309804 0.309804
v 0.135594 -0.063500 0.020671 0.309804 0.309804 0.309804
v 0.135189 -0.061896 0.022806 0.309804 0.309804 0.309804
v 0.134407 -0.060141 0.024865 0.309804 0.309804 0.309804
v 0.134044 -0.058598 0.026986 0.309804 0.309804 0.309804
v 0.133316 -0.056916 0.029016 0.309804 0.309804 0.309804
v 0.132623 -0.055274 0.031027 0.309804 0.309804 0.309804
v 0.132356 -0.053828 0.033114 0.309804 0.309804 0.309804
v 0.132127 -0.052413 0.035190 0.309804 0.309804 0.309804
v 0.131558 -0.050879 0.037146 0.309804 0.309804 0.309804
v 0.131422 -0.049528 0.039191 0.309804 0.309804 0.309804
v 0.130955 -0.048068 0.041101 0.309804 0.309804 0.309804
v 0.130925 -0.046780 0.043109 0.309804 0.309804 0.309804
v 0.130574 -0.045390 0.044969 0.309804 0.309804 0.309804
v 0.130664 -0.044162 0.046934 0.309804 0.309804 0.309804
v 0.130441 -0.042838 0.048737 0.309804 0.309804 0.309804
v 0.130286 -0.041547 0.050508 0.309804 0.309804 0.309804
v 0.130578 -0.040403 0.052396 0.309804 0.309804 0.309804
v 0.130566 -0.039169 0.054103 0.309804 0.309804 0.309804
v 0.131004 -0.038073 0.055935 0.309804 0.309804 0.309804
v 0.131141 -0.036890 0.057573 0.309804 0.309804 0.309804
v 0.131733 -0.035835 0.059343 0.309804 0.309804 0.309804
v 0.132026 -0.034695 0.060908 0.309804 0.309804 0.309804
v 0.132776 -0.033672 0.062611 0.309804 0.309804 0.309804
v 0.133228 -0.032567 0.064097 0.309804 0.309804 0.309804
v 0.134141 -0.031567 0.065728 0.309804 0.309804 0.309804
v 0.134752 -0.030488 0.067132 0.309804 0.309804 0.309804
v 0.135443 -0.029419 0.068491 0.309804 0.309804 0.309804
v 0.136211 -0.028359 0.069805 0.309804 0.309804 0.309804
v 0.137446 -0.027382 0.071274 0.309804 0.309804 0.309804
v 0.138370 -0.026328 0.072496 0.309804 0.309804 0.309804
v 0.139367 -0.025276 0.073670 0.309804 0.309804 0.309804
v 0.140437 -0.024221 0.074795 0.309804 0.309804 0.309804
v 0.141979 -0.023229 0.076085 0.309804 0.309804 0.309804
v 0.143191 -0.022162 0.077112 0.309804 0.309804 0.309804
v 0.144467 -0.021086 0.078088 0.309804 0.309804 0.309804
v 0.145806 -0.019999 0.079011 0.309804 0.309804 0.309804
v 0.147621 -0.018954 0.080108 0.309804 0.309804 0.309804
v 0.149080 -0.017836 0.080927 0.309804 0.309804 0.309804
v 0.150590 -0.016702 0.081692 0.309804 0.309804 0.309804
v 0.152150 -0.015549 0.082403 0.309804 0.309804 0.309804
v 0.153755 -0.014375 0.083058 0.309804 0.309804 0.309804
v 0.155400 -0.013178 0.083658 0.309804 0.309804 0.309804
v 0.157081 -0.011958 0.084203 0.309804 0.309804 0.309804
v 0.158794 -0.010713 0.084690 0.309804 0.309804 0.309804
v 0.160535 -0.009441 0.085122 0.309804 0.309804 0.309804
v 0.162298 -0.008142 0.085496 0.309804 0.309804 0.309804
v 0.164078 -0.006814 0.085813 0.309804 0.309804 0.309804
v 0.165871 -0.005457 0.086073 0.309804 0.309804 0.309804
v 0.167672 -0.004070 0.086275 0.309804 0.309804 0.309804
v 0.169476 -0.002652 0.086419 0.309804 0.309804 0.309804
v 0.171277 -0.001204 0.086506 0.309804 0.309804 0.309804
f 105 648 646
f 105 648 103
f 532 530 648
f 267 270 268
f 431 503 502
f 431 503 432
f 108 105 646
f 535 537 646
f 535 648 537
f 645 535 537
f 645 105 648
f 645 108 105
f 269 267 270
f 429 487 427
f 429 487 431
f 429 427 503
f 429 431 503
f 429 427 503
f 429 431 503
f 518 519 431
f 518 429 519
f 518 429 519
f 54 648 53
f 54 646 53
f 110 645 111
f 637 648 103
f 167 168 331
f 616 617 105
f 365 374 401
f 425 427 503
f 425 427 503
f 425 487 427
f 425 487 422
f 534 532 646
f 534 535 646
f 534 532 648
f 534 535 648
f 534 645 532
f 534 645 535
f 534 535 431
f 534 419 535
f 421 534 422
f 421 534 535
f 421 535 422
f 27 648 53
f 488 429 431
f 488 429 487
f 488 429 427
f 488 429 487
f 488 425 427
f 488 425 487
f 488 425 422
f 488 425 487
f 443 488 440
f 443 488 487
f 443 488 446
f 434 488 435
f 434 488 431
f 434 488 435
f 434 488 487
f 434 503 502
f 434 435 503
f 434 435 487
f 434 487 431
f 434 503 432
f 434 435 503
f 434 518 435
f 434 534 435
f 438 488 435
f 438 488 435
f 438 435 487
f 179 54 176
f 276 179 277
f 430 308 431
f 430 534 535
f 430 534 429
f 430 429 519
f 263 179 176
f 263 179 262
f 242 166 239
f 242 179 176
f 234 213 233
f 234 207 233
f 234 207 233
f 230 234 295
f 230 234 213
f 509 707 518
f 253 276 203
f 55 56 648
f 55 54 648
f 55 56 646
f 55 54 646
f 55 645 56
f 55 54 645
f 55 179 176
f 55 179 54
f 55 116 56
f 109 108 646
f 109 110 646
f 109 645 108
f 109 110 645
f 109 335 110
f 109 339 110
f 639 109 110
f 639 110 111
f 639 116 119
f 633 637 648
f 633 535 537
f 633 534 535
f 633 534 532
f 633 116 119
f 633 110 111
f 633 109 110
f 633 109 108
f 633 108 105
f 633 105 103
f 633 637 103
f 633 637 105
f 638 639 119
f 638 637 116
f 638 639 116
f 638 637 110
f 638 639 110
f 638 534 637
f 638 639 534
f 638 109 637
f 638 639 109
f 638 534 637
f 638 639 534
f 638 109 637
f 638 639 109
f 638 637 535
f 638 639 535
f 638 637 108
f 638 639 108
f 638 637 105
f 638 639 105
f 638 637 648
f 638 639 648
f 120 118 343
f 120 55 56
f 120 55 54
f 120 355 119
f 120 356 355
f 120 356 119
f 196 267 268
f 196 269 268
f 196 269 270
f 196 270 198
f 196 272 198
f 196 272 273
f 196 274 273
f 196 274 275
f 196 276 275
f 172 274 277
f 629 626 617
f 629 617 648
f 629 626 617
f 629 626 105
f 620 617 105
f 607 109 605
f 607 605 606
f 607 109 605
f 607 605 110
f 604 605 606
f 107 605 606
f 107 607 108
f 107 607 606
f 107 604 605
f 107 109 339
f 107 109 335
f 359 361 360
f 359 120 360
f 350 409 361
f 350 109 349
f 350 109 349
f 350 349 110
f 350 107 349
f 350 593 107
f 350 593 107
f 350 356 361
f 350 339 356
f 350 339 356
f 350 349 118
f 350 120 349
f 362 120 360
f 407 409 331
f 407 362 409
f 407 335 409
f 407 339 361
f 407 339 409
f 423 422 503
f 423 425 503
f 423 425 422
f 423 422 503
f 423 425 503
f 423 422 532
f 423 534 422
f 423 534 535
f 423 535 422
f 426 427 532
f 426 425 532
f 426 534 535
f 426 534 425
f 642 108 105
f 642 643 108
f 642 643 105
f 642 109 108
f 642 109 643
f 642 105 648
f 642 109 110
f 642 109 643
f 642 535 537
f 642 643 535
f 642 110 111
f 642 643 110
f 642 534 535
f 642 643 534
f 642 534 532
f 642 643 534
f 642 116 119
f 642 643 116
f 642 120 119
f 642 120 643
f 644 645 108
f 644 643 108
f 644 645 105
f 644 643 105
f 644 643 645
f 644 109 645
f 644 109 643
f 644 109 110
f 644 109 643
f 644 110 645
f 644 643 110
f 644 55 116
f 644 55 645
f 644 643 116
f 644 55 116
f 644 55 54
f 644 55 54
f 644 120 54
f 644 120 643
f 644 120 643
f 644 534 645
f 644 643 534
f 644 534 645
f 644 643 534
f 644 645 535
f 644 643 535
f 420 419 535
f 420 421 535
f 420 534 419
f 420 421 534
f 420 534 419
f 420 421 534
f 420 422 503
f 420 422 503
f 420 488 422
f 420 488 487
f 420 487 422
f 23 242 239
f 533 534 532
f 533 434 534
f 533 431 532
f 533 534 431
f 533 430 431
f 533 430 534
f 533 430 429
f 533 430 534
f 533 426 427
f 533 426 534
f 533 534 425
f 533 426 425
f 533 426 534
f 672 534 535
f 525 716 648
f 496 509 707
f 711 532 530
f 711 707 532
f 711 707 532
f 711 672 707
f 447 488 446
f 447 448 488
f 447 509 448
f 447 533 534
f 447 533 448
f 441 443 440
f 441 496 443
f 441 533 534
f 441 335 440
f 444 496 443
f 444 488 446
f 444 443 488
f 444 443 488
f 444 533 443
f 433 518 519
f 433 434 518
f 433 533 532
f 433 533 534
f 433 533 434
f 433 534 535
f 433 434 534
f 433 335 337
f 433 339 337
f 433 335 337
f 439 488 440
f 439 438 488
f 439 488 487
f 439 438 488
f 439 438 487
f 439 440 503
f 439 438 503
f 439 438 518
f 439 335 440
f 439 533 534
f 439 533 438
f 436 435 503
f 436 438 503
f 436 435 503
f 436 438 503
f 436 518 435
f 436 533 534
f 436 534 435
f 436 335 337
f 436 339 337
f 436 335 435
f 201 234 233
f 287 201 203
f 302 203 204
f 240 207 210
f 240 207 204
f 240 201 204
f 243 242 166
f 243 242 179
f 249 248 203
f 249 201 248
f 249 196 248
f 249 248 179
f 246 203 245
f 246 201 203
f 246 179 245
f 219 230 222
f 219 230 217
f 219 230 217
f 235 234 213
f 235 240 210
f 235 215 287
f 235 287 213
f 235 230 217
f 235 234 207
f 235 215 213
f 235 215 287
f 235 234 207
f 252 276 204
f 252 253 276
f 252 203 204
f 252 253 203
f 252 201 203
f 252 201 253
f 252 196 251
f 252 196 253
f 252 179 176
f 252 253 179
f 254 253 276
f 254 201 276
f 254 201 276
f 254 201 253
f 254 196 253
f 254 253 179
f 333 139 118
f 333 139 335
f 333 139 335
f 333 362 361
f 333 407 409
f 333 433 332
f 333 433 335
f 333 335 435
f 333 433 435
f 333 433 335
f 338 139 141
f 338 139 339
f 338 350 339
f 338 339 356
f 338 339 361
f 338 339 356
f 640 108 105
f 640 639 108
f 640 639 105
f 640 109 108
f 640 639 109
f 640 639 109
f 640 642 105
f 640 642 105
f 640 639 648
f 640 642 648
f 640 535 537
f 640 639 535
f 640 534 535
f 640 639 534
f 640 534 532
f 640 639 532
f 640 639 534
f 131 55 130
f 131 134 55
f 131 55 54
f 131 134 55
f 131 359 360
f 131 359 134
f 131 356 130
f 131 134 356
f 131 356 355
f 131 134 356
f 131 355 130
f 131 134 355
f 336 335 118
f 336 139 141
f 336 139 335
f 336 335 361
f 336 338 361
f 336 338 356
f 336 338 356
f 336 350 355
f 336 338 350
f 183 276 277
f 185 183 55
f 185 183 55
f 185 183 254
f 185 183 54
f 185 183 252
f 185 183 252
f 185 183 263
f 185 183 249
f 185 183 263
f 185 183 265
f 185 183 246
f 185 183 267
f 185 183 243
f 185 183 269
f 185 183 242
f 185 183 269
f 185 183 270
f 185 183 272
f 185 183 272
f 185 183 274
f 185 183 274
f 185 183 276
f 185 183 276
f 266 185 183
f 266 185 183
f 266 183 265
f 266 196 265
f 266 196 267
f 266 272 265
f 266 272 267
f 266 270 265
f 266 267 270
f 266 269 270
f 266 269 267
f 266 267 268
f 266 269 268
f 266 269 267
f 197 287 196
f 193 246 196
f 193 55 54
f 193 196 55
f 193 243 196
f 193 249 196
f 193 240 196
f 193 240 242
f 193 240 196
f 193 252 192
f 193 254 192
f 193 266 192
f 193 192 262
f 193 266 192
f 193 192 267
f 193 192 269
f 193 192 269
f 193 192 270
f 193 192 272
f 193 192 272
f 193 192 274
f 193 192 274
f 193 192 276
f 630 629 535
f 630 629 648
f 630 629 105
f 630 629 108
f 630 629 109
f 628 629 535
f 628 630 534
f 628 630 629
f 628 630 534
f 628 630 110
f 628 630 109
f 628 630 629
f 628 629 109
f 628 629 108
f 623 626 105
f 623 626 617
f 117 359 360
f 117 359 360
f 117 356 119
f 117 356 116
f 117 356 355
f 117 356 355
f 117 355 119
f 117 355 116
f 117 350 349
f 117 350 349
f 112 350 349
f 112 339 110
f 112 338 339
f 112 335 110
f 112 109 335
f 112 333 107
f 112 107 109
f 112 333 107
f 112 139 107
f 112 139 107
f 618 617 108
f 618 620 617
f 618 109 617
f 618 607 109
f 618 607 109
f 618 607 110
f 618 607 605
f 618 607 605
f 618 359 360
f 618 362 360
f 618 117 360
f 618 362 360
f 618 117 116
f 618 117 360
f 618 534 535
f 618 393 394
f 94 333 332
f 94 333 335
f 104 604 605
f 104 604 605
f 104 605 606
f 104 605 606
f 104 607 606
f 104 607 606
f 104 616 105
f 104 616 105
f 104 615 614
f 104 616 615
f 104 616 615
f 106 607 606
f 106 107 607
f 106 107 607
f 106 605 606
f 106 107 605
f 106 604 605
f 106 107 604
f 106 107 339
f 106 104 339
f 106 139 107
f 106 107 335
f 106 104 335
f 106 139 141
f 106 333 107
f 106 104 333
f 106 333 107
f 106 104 333
f 341 106 104
f 341 106 104
f 341 106 107
f 341 106 107
f 341 107 109
f 341 109 339
f 341 112 339
f 341 350 409
f 341 350 409
f 341 350 339
f 341 407 409
f 341 407 339
f 341 407 339
f 587 350 349
f 587 588 355
f 587 356 588
f 587 356 588
f 587 359 361
f 587 362 361
f 587 365 588
f 587 367 588
f 587 367 365
f 587 367 365
f 587 385 381
f 587 385 382
f 160 336 161
f 160 336 338
f 162 55 56
f 162 55 54
f 162 269 270
f 162 270 271
f 162 272 271
f 162 272 273
f 162 274 273
f 162 274 277
f 162 277 278
f 162 160 336
f 162 160 336
f 140 341 139
f 358 361 331
f 358 413 357
f 358 587 588
f 358 587 359
f 358 618 359
f 358 117 116
f 358 117 359
f 358 117 119
f 358 117 359
f 358 131 134
f 358 131 359
f 358 120 119
f 358 359 120
f 358 131 130
f 358 131 359
f 363 407 409
f 363 407 362
f 363 587 588
f 363 587 362
f 363 333 364
f 363 331 364
f 363 333 331
f 363 333 362
f 363 618 362
f 363 362 120
f 363 618 362
f 405 365 331
f 405 407 365
f 405 331 364
f 405 407 331
f 405 333 364
f 405 333 407
f 405 363 407
f 405 363 333
f 405 363 407
f 405 363 333
f 405 407 362
f 405 335 361
f 405 407 361
f 405 407 335
f 424 425 532
f 424 423 532
f 424 525 423
f 424 534 425
f 424 423 534
f 424 534 425
f 424 423 534
f 424 425 535
f 424 423 535
f 114 644 643
f 114 644 643
f 114 642 643
f 114 642 643
f 114 644 645
f 114 642 111
f 114 642 116
f 114 644 116
f 114 644 645
f 114 639 111
f 114 639 116
f 114 56 111
f 114 645 111
f 114 645 56
f 114 638 639
f 114 638 639
f 114 638 637
f 114 638 637
f 114 633 111
f 114 633 116
f 114 358 618
f 114 628 630
f 114 628 630
f 114 356 601
f 114 356 116
f 114 356 355
f 114 358 116
f 114 355 116
f 236 201 234
f 236 201 234
f 236 235 234
f 236 235 207
f 206 249 248
f 206 249 248
f 206 287 204
f 206 246 245
f 206 246 207
f 11 12 648
f 11 12 242
f 11 12 234
f 11 236 12
f 531 707 532
f 531 434 435
f 531 436 435
f 531 436 533
f 531 533 434
f 531 433 434
f 531 433 533
f 531 433 533
f 531 433 530
f 531 433 532
f 531 439 438
f 531 439 533
f 531 431 530
f 531 431 532
f 531 439 440
f 531 439 533
f 531 430 431
f 531 430 431
f 531 441 440
f 531 441 533
f 531 447 448
f 531 447 533
f 531 430 429
f 531 430 429
f 531 447 446
f 531 447 533
f 531 427 532
f 531 444 443
f 531 444 533
f 655 54 648
f 613 616 105
f 613 612 616
f 613 616 615
f 613 104 105
f 613 104 612
f 613 104 614
f 613 104 612
f 611 613 612
f 611 616 617
f 611 612 616
f 611 617 108
f 611 104 610
f 611 104 612
f 611 104 610
f 611 104 612
f 608 94 604
f 608 104 607
f 608 104 607
f 608 607 108
f 609 607 109
f 609 611 617
f 609 109 617
f 609 608 108
f 609 607 109
f 609 608 607
f 609 611 108
f 609 611 610
f 609 104 610
f 609 608 104
f 609 104 610
f 609 608 104
f 602 110 601
f 602 114 618
f 602 109 110
f 602 114 358
f 602 109 108
f 602 358 359
f 602 358 618
f 602 358 601
f 602 114 601
f 602 114 358
f 602 107 108
f 602 359 360
f 602 618 360
f 602 618 359
f 602 106 107
f 602 106 601
f 602 104 601
f 602 104 601
f 521 518 708
f 521 707 518
f 521 496 707
f 521 447 448
f 521 447 518
f 521 444 443
f 521 441 518
f 521 439 518
f 521 439 518
f 521 439 438
f 521 436 435
f 521 434 435
f 529 711 707
f 529 447 448
f 529 447 446
f 529 444 443
f 529 441 440
f 529 439 440
f 529 439 438
f 529 436 435
f 529 434 435
f 529 433 434
f 529 433 530
f 529 431 530
f 529 430 431
f 529 430 429
f 529 426 427
f 529 426 425
f 527 525 648
f 527 525 646
f 527 525 645
f 527 525 644
f 527 525 644
f 527 529 441
f 527 525 642
f 527 529 439
f 527 525 642
f 527 529 439
f 527 525 639
f 527 525 638
f 527 529 436
f 527 525 638
f 527 525 426
f 527 525 426
f 527 424 525
f 527 424 525
f 527 525 423
f 527 525 420
f 499 447 446
f 499 444 446
f 499 444 443
f 499 441 443
f 499 441 440
f 499 439 440
f 499 439 438
f 499 436 438
f 499 436 435
f 499 434 435
f 499 434 500
f 499 431 500
f 499 429 431
f 499 429 427
f 499 425 427
f 499 425 422
f 499 420 422
f 497 509 707
f 497 496 707
f 497 496 509
f 497 496 509
f 497 447 496
f 497 447 496
f 497 444 496
f 497 444 496
f 497 441 496
f 497 441 496
f 497 439 496
f 497 439 496
f 449 497 496
f 449 509 448
f 449 521 448
f 449 529 448
f 449 531 448
f 449 531 533
f 449 533 448
f 495 431 432
f 495 434 432
f 495 497 431
f 495 434 435
f 495 497 434
f 495 429 431
f 495 497 429
f 495 436 435
f 495 497 434
f 495 429 427
f 495 436 438
f 495 497 436
f 495 425 427
f 495 439 438
f 495 439 496
f 495 497 496
f 495 497 436
f 495 425 422
f 495 439 440
f 495 439 496
f 495 420 422
f 495 441 440
f 495 441 496
f 495 441 496
f 416 341 433
f 416 430 332
f 416 333 332
f 416 341 433
f 416 333 335
f 416 335 337
f 416 433 337
f 416 433 339
f 231 228 176
f 231 228 179
f 231 228 201
f 231 228 207
f 231 228 207
f 231 185 183
f 231 230 213
f 231 193 228
f 486 707 708
f 486 488 708
f 486 448 488
f 486 449 448
f 486 447 448
f 486 521 496
f 486 488 446
f 486 447 488
f 225 11 12
f 225 179 176
f 225 228 176
f 225 228 179
f 225 228 213
f 225 228 207
f 225 228 207
f 225 185 183
f 225 228 201
f 225 193 228
f 506 441 509
f 506 439 509
f 506 439 509
f 506 431 432
f 506 429 431
f 506 429 427
f 506 425 427
f 506 423 425
f 506 423 422
f 445 444 509
f 445 521 518
f 445 521 444
f 445 529 446
f 445 529 444
f 445 531 446
f 445 531 444
f 445 531 533
f 445 531 444
f 445 533 534
f 445 444 533
f 445 447 446
f 181 183 295
f 181 179 277
f 181 183 277
f 181 276 179
f 181 183 276
f 181 276 179
f 181 183 276
f 181 274 179
f 181 183 274
f 181 274 179
f 181 183 274
f 181 272 179
f 181 183 272
f 181 272 179
f 181 183 272
f 181 179 270
f 181 183 270
f 181 179 269
f 181 183 269
f 181 179 269
f 181 183 269
f 181 179 267
f 181 183 267
f 181 266 179
f 181 266 183
f 181 266 179
f 181 266 183
f 181 263 179
f 181 183 263
f 181 263 179
f 181 183 263
f 181 55 179
f 181 183 55
f 181 55 179
f 181 183 55
f 181 179 54
f 181 183 54
f 181 225 179
f 181 225 183
f 181 254 253
f 181 183 254
f 181 225 228
f 181 225 183
f 181 252 253
f 181 183 252
f 181 231 228
f 181 231 183
f 181 252 179
f 181 183 252
f 181 249 248
f 181 183 249
f 181 242 179
f 181 183 242
f 181 246 179
f 181 183 246
f 181 243 242
f 181 183 243
f 177 277 176
f 177 179 277
f 177 277 176
f 177 179 277
f 177 274 176
f 177 274 179
f 177 274 273
f 177 274 179
f 177 272 273
f 177 272 179
f 177 272 176
f 177 272 179
f 177 176 270
f 177 179 270
f 177 179 176
f 177 269 176
f 177 179 269
f 177 269 176
f 177 179 269
f 177 176 267
f 177 179 267
f 177 266 176
f 177 266 179
f 177 179 176
f 177 266 176
f 177 266 179
f 174 277 176
f 174 172 277
f 174 277 176
f 174 172 277
f 174 274 176
f 174 172 274
f 174 274 273
f 174 172 274
f 174 272 273
f 174 172 272
f 174 55 176
f 174 172 55
f 174 272 176
f 174 172 272
f 174 55 54
f 174 172 55
f 174 176 270
f 174 172 270
f 174 54 176
f 174 172 54
f 174 269 176
f 174 172 269
f 174 231 176
f 174 231 172
f 174 269 176
f 174 172 269
f 174 176 267
f 174 172 267
f 174 172 267
f 174 266 267
f 174 266 176
f 174 266 176
f 174 263 176
f 174 172 263
f 174 242 176
f 174 172 242
f 174 263 262
f 174 172 263
f 174 243 242
f 174 243 172
f 174 246 245
f 174 246 172
f 174 254 253
f 174 254 172
f 174 249 248
f 174 249 172
f 174 252 253
f 174 252 172
f 174 252 176
f 174 252 172
f 170 172 277
f 170 277 166
f 170 172 274
f 170 274 277
f 170 172 274
f 170 274 273
f 170 172 272
f 170 55 166
f 170 272 273
f 170 172 272
f 170 172 55
f 170 55 54
f 170 272 166
f 170 172 270
f 170 172 55
f 170 54 166
f 170 166 270
f 170 172 269
f 170 172 54
f 170 269 166
f 170 172 269
f 170 236 172
f 170 269 166
f 170 172 267
f 170 242 166
f 170 166 267
f 170 172 267
f 170 172 242
f 170 243 242
f 170 166 267
f 170 172 263
f 170 243 172
f 170 263 166
f 170 172 263
f 170 246 245
f 170 263 262
f 170 246 172
f 170 249 248
f 170 249 172
f 170 254 172
f 170 252 166
f 170 254 253
f 170 252 172
f 170 252 172
f 170 252 253
f 370 374 401
f 370 587 588
f 370 587 371
f 370 618 371
f 199 201 204
f 199 207 204
f 199 207 210
f 199 213 210
f 199 196 213
f 199 207 213
f 199 207 213
f 199 225 228
f 199 225 228
f 199 246 201
f 199 231 228
f 199 231 228
f 199 225 201
f 199 249 248
f 199 196 248
f 199 246 196
f 199 249 201
f 199 236 196
f 199 236 201
f 199 252 251
f 199 243 196
f 199 252 201
f 199 252 253
f 199 240 201
f 199 252 201
f 199 240 196
f 199 254 253
f 199 254 201
f 199 201 276
f 199 274 273
f 199 274 273
f 199 274 275
f 199 274 275
f 199 276 275
f 199 287 201
f 199 272 273
f 199 272 273
f 199 276 275
f 199 266 265
f 199 266 272
f 199 266 267
f 199 266 272
f 199 272 198
f 199 272 267
f 199 267 268
f 199 267 268
f 199 270 198
f 199 270 268
f 199 269 268
f 199 269 270
f 199 269 270
f 291 287 204
f 291 206 287
f 291 287 203
f 291 206 287
f 291 208 287
f 291 287 213
f 291 215 287
f 291 215 287
f 291 219 217
f 291 235 217
f 291 235 287
f 291 224 222
f 291 230 222
f 291 235 230
f 291 235 230
f 291 235 240
f 291 235 240
f 283 449 447
f 283 449 447
f 283 438 434
f 283 438 443
f 305 199 200
f 305 217 308
f 305 302 217
f 305 219 217
f 305 219 302
f 305 219 222
f 305 219 302
f 305 224 222
f 305 302 224
f 305 302 224
f 298 201 295
f 298 199 295
f 298 201 295
f 298 199 295
f 298 295 203
f 298 295 203
f 298 295 204
f 298 206 295
f 298 206 295
f 298 208 295
f 298 208 206
f 298 215 295
f 298 215 217
f 298 215 217
f 298 219 217
f 298 219 295
f 298 224 295
f 298 224 295
f 298 230 295
f 298 230 295
f 298 234 295
f 298 235 234
f 220 185 183
f 220 225 193
f 220 199 225
f 220 199 225
f 220 225 207
f 465 531 533
f 465 531 468
f 465 529 468
f 221 220 219
f 221 220 718
f 221 11 12
f 221 220 11
f 258 459 257
f 258 199 265
f 258 199 257
f 258 199 257
f 258 196 257
f 258 193 192
f 258 185 183
f 258 181 183
f 258 181 179
f 258 179 257
f 258 174 257
f 258 174 172
f 258 170 172
f 258 170 257
f 255 276 275
f 255 254 276
f 255 274 275
f 255 254 201
f 255 199 254
f 255 199 254
f 255 254 196
f 255 193 254
f 255 185 183
f 255 181 183
f 255 181 254
f 255 254 179
f 255 174 254
f 255 174 254
f 255 170 254
f 255 170 254
f 334 333 335
f 334 336 161
f 334 162 336
f 334 336 335
f 334 333 362
f 334 405 335
f 334 405 362
f 334 405 333
f 334 361 331
f 334 333 361
f 334 356 361
f 334 336 356
f 334 405 407
f 334 405 333
f 334 356 331
f 334 336 356
f 334 355 331
f 334 336 355
f 334 407 335
f 334 333 407
f 334 356 355
f 164 334 333
f 164 55 166
f 164 162 55
f 164 334 162
f 164 55 54
f 164 162 55
f 164 162 336
f 164 54 166
f 164 243 166
f 164 246 245
f 164 249 248
f 164 252 166
f 164 277 166
f 164 162 277
f 164 252 253
f 164 274 277
f 164 162 274
f 164 254 253
f 164 274 273
f 164 162 274
f 164 255 254
f 164 272 273
f 164 162 272
f 164 272 166
f 164 162 272
f 164 258 257
f 164 166 270
f 164 162 270
f 164 269 166
f 164 162 269
f 164 269 166
f 164 162 269
f 164 263 262
f 164 162 263
f 164 166 267
f 164 162 267
f 164 263 166
f 164 162 263
f 164 166 267
f 164 162 267
f 634 633 535
f 634 635 535
f 634 633 534
f 634 635 534
f 634 633 108
f 634 635 108
f 634 633 534
f 634 635 534
f 634 633 109
f 634 635 109
f 634 633 109
f 634 635 109
f 634 633 110
f 634 635 110
f 634 114 633
f 634 114 635
f 634 114 633
f 634 114 635
f 634 633 116
f 634 635 116
f 157 55 56
f 157 154 55
f 157 55 54
f 157 154 55
f 157 355 354
f 157 154 355
f 157 356 355
f 157 154 356
f 157 356 357
f 157 154 356
f 157 358 357
f 157 358 154
f 157 358 359
f 157 358 154
f 157 154 359
f 147 150 55
f 147 150 55
f 147 150 355
f 147 150 356
f 147 359 150
f 147 150 356
f 147 358 359
f 147 358 150
f 123 336 139
f 123 336 139
f 190 193 55
f 190 254 192
f 190 252 192
f 190 193 55
f 190 255 254
f 190 193 54
f 190 193 252
f 190 193 252
f 190 193 243
f 190 193 242
f 190 258 192
f 190 258 189
f 190 193 249
f 190 220 225
f 190 193 246
f 190 225 193
f 190 192 262
f 190 231 193
f 190 266 192
f 190 266 189
f 190 263 262
f 190 189 263
f 190 189 263
f 190 266 192
f 190 266 189
f 190 192 267
f 190 189 267
f 190 192 269
f 190 189 269
f 190 192 269
f 190 189 269
f 190 192 270
f 190 189 270
f 190 192 272
f 190 189 272
f 190 192 272
f 190 189 272
f 190 192 274
f 190 189 274
f 190 192 274
f 190 189 274
f 190 192 276
f 190 189 276
f 190 287 192
f 187 185 55
f 187 190 55
f 187 185 55
f 187 190 55
f 187 255 185
f 187 185 254
f 187 185 54
f 187 190 54
f 187 190 185
f 187 258 189
f 187 190 255
f 187 190 255
f 187 190 254
f 187 185 252
f 187 185 243
f 187 190 243
f 187 258 185
f 187 190 252
f 187 185 252
f 187 185 246
f 187 185 242
f 187 190 242
f 187 190 246
f 187 190 252
f 187 189 263
f 187 185 249
f 187 190 249
f 187 185 263
f 187 189 263
f 187 266 189
f 187 231 185
f 187 190 231
f 187 266 185
f 187 263 265
f 187 185 265
f 187 185 263
f 187 266 189
f 187 225 185
f 187 190 225
f 187 266 185
f 187 189 267
f 187 220 225
f 187 190 220
f 187 190 220
f 187 185 267
f 187 189 269
f 187 185 269
f 187 189 269
f 187 185 269
f 187 189 270
f 187 185 270
f 187 189 272
f 187 185 272
f 187 189 272
f 187 185 272
f 187 189 274
f 187 185 274
f 187 189 274
f 187 185 274
f 187 189 276
f 187 185 276
f 187 185 276
f 187 291 185
f 392 379 396
f 392 379 396
f 392 587 389
f 392 587 389
f 631 535 537
f 631 630 535
f 631 648 103
f 631 630 648
f 631 534 535
f 631 630 534
f 631 105 103
f 631 630 105
f 631 534 532
f 631 630 534
f 631 108 105
f 631 630 108
f 631 109 108
f 631 630 109
f 631 109 110
f 631 630 109
f 631 110 111
f 631 630 110
f 631 114 111
f 631 114 630
f 631 114 116
f 631 114 630
f 631 116 119
f 631 628 116
f 631 628 630
f 627 626 535
f 627 628 535
f 627 629 626
f 627 628 629
f 627 628 534
f 627 626 108
f 627 628 108
f 627 628 534
f 627 109 626
f 627 628 109
f 627 628 109
f 627 628 110
f 627 114 628
f 627 114 628
f 625 626 535
f 625 627 626
f 625 627 534
f 625 627 534
f 625 628 116
f 625 627 628
f 625 627 114
f 625 627 114
f 625 627 110
f 625 627 109
f 625 627 109
f 625 109 626
f 625 626 108
f 622 623 535
f 622 623 534
f 622 623 534
f 622 623 120
f 622 623 116
f 622 114 623
f 622 114 623
f 622 623 110
f 622 623 109
f 622 623 109
f 622 623 108
f 621 623 626
f 621 622 535
f 621 622 623
f 621 620 617
f 621 623 617
f 621 620 105
f 621 623 105
f 621 620 108
f 621 622 108
f 621 622 109
f 621 622 109
f 621 622 110
f 619 620 108
f 619 618 108
f 619 618 620
f 619 618 109
f 619 621 109
f 619 621 620
f 619 618 109
f 619 621 109
f 619 618 110
f 619 621 110
f 619 622 114
f 619 621 622
f 619 114 618
f 619 618 535
f 619 621 535
f 619 618 534
f 619 622 114
f 619 618 116
f 619 622 534
f 619 621 622
f 619 618 534
f 619 622 116
f 619 622 534
f 619 618 120
f 619 622 120
f 400 618 399
f 400 379 374
f 400 379 399
f 575 339 337
f 575 335 337
f 575 341 339
f 575 341 343
f 575 350 349
f 575 355 354
f 575 356 355
f 575 356 357
f 575 358 357
f 575 358 361
f 573 333 332
f 573 333 572
f 573 333 335
f 573 333 572
f 573 335 337
f 573 572 335
f 573 339 337
f 573 572 339
f 573 341 339
f 573 341 572
f 573 341 343
f 573 341 572
f 573 350 349
f 573 572 350
f 573 356 355
f 573 355 354
f 579 341 582
f 579 341 582
f 163 333 161
f 163 333 139
f 163 333 139
f 163 334 333
f 163 334 162
f 163 164 334
f 163 164 334
f 366 367 618
f 366 363 618
f 366 618 120
f 366 363 120
f 366 363 618
f 342 107 109
f 342 341 107
f 342 341 107
f 342 109 110
f 342 341 109
f 342 112 110
f 342 341 112
f 342 117 118
f 342 341 117
f 342 120 118
f 342 341 120
f 342 131 130
f 342 133 134
f 342 140 341
f 342 140 341
f 584 341 582
f 135 342 133
f 135 342 133
f 135 342 134
f 113 602 601
f 113 602 605
f 113 602 114
f 113 602 114
f 113 618 605
f 113 114 618
f 113 619 618
f 113 619 114
f 113 619 114
f 113 114 355
f 113 112 338
f 113 112 338
f 113 112 350
f 113 114 350
f 113 342 341
f 113 342 112
f 115 350 349
f 115 114 350
f 115 117 116
f 115 342 117
f 115 113 342
f 115 342 341
f 115 113 342
f 115 113 338
f 115 113 338
f 115 338 339
f 115 117 339
f 115 338 118
f 115 335 118
f 115 112 335
f 115 113 112
f 115 112 139
f 115 333 335
f 115 112 333
f 115 112 139
f 115 333 118
f 115 112 333
f 115 139 168
f 115 139 118
f 115 112 168
f 282 206 287
f 282 276 203
f 282 287 203
f 282 276 204
f 282 206 287
f 282 206 249
f 282 201 276
f 282 287 201
f 282 249 248
f 282 199 201
f 282 199 276
f 282 196 276
f 282 283 181
f 282 283 181
f 1 2 648
f 1 2 503
f 1 2 213
f 1 2 503
f 1 215 2
f 1 499 2
f 1 220 219
f 1 495 2
f 1 221 220
f 1 221 2
f 1 2 488
f 1 2 488
f 1 225 2
f 1 228 2
f 1 240 2
f 1 236 2
f 1 231 2
f 1 2 234
f 8 9 648
f 8 220 219
f 8 221 220
f 8 221 9
f 8 225 224
f 8 242 9
f 8 236 234
f 8 234 9
f 19 20 648
f 19 24 217
f 19 220 219
f 19 221 220
f 19 221 222
f 19 236 233
f 19 242 20
f 15 12 648
f 15 12 242
f 15 12 234
f 15 236 12
f 10 9 648
f 10 11 648
f 10 220 219
f 10 220 11
f 10 221 220
f 10 221 220
f 10 221 9
f 10 221 11
f 10 225 224
f 10 225 11
f 10 242 9
f 10 11 242
f 10 236 234
f 10 11 236
f 10 234 9
f 10 11 234
f 501 1 2
f 501 1 2
f 501 420 422
f 501 420 422
f 501 423 422
f 501 423 422
f 501 423 425
f 501 423 425
f 501 425 427
f 501 425 427
f 501 429 427
f 501 429 427
f 501 429 431
f 501 429 431
f 501 431 502
f 501 431 500
f 501 434 502
f 501 434 500
f 501 444 446
f 501 434 435
f 501 434 435
f 501 444 443
f 501 436 435
f 501 436 435
f 501 441 443
f 501 441 443
f 501 436 438
f 501 436 438
f 501 441 440
f 501 441 440
f 501 439 438
f 501 439 438
f 501 439 440
f 501 439 440
f 492 496 707
f 492 447 496
f 492 449 496
f 686 692 534
f 703 672 534
f 703 672 707
f 703 533 534
f 703 707 532
f 703 533 532
f 703 531 707
f 703 531 533
f 703 531 707
f 454 215 217
f 454 221 219
f 454 305 302
f 454 302 230
f 454 298 230
f 454 298 234
f 454 496 509
f 454 298 235
f 454 298 235
f 454 291 240
f 329 167 166
f 329 164 166
f 329 164 334
f 329 365 331
f 329 363 331
f 329 363 362
f 329 362 361
f 329 355 331
f 329 358 361
f 329 358 359
f 329 356 355
f 329 358 331
f 329 356 331
f 667 1 2
f 649 99 616
f 649 99 616
f 649 55 56
f 649 55 54
f 153 150 55
f 153 154 55
f 153 150 55
f 153 154 55
f 153 359 150
f 153 154 359
f 153 358 359
f 153 358 154
f 153 358 150
f 153 358 154
f 153 150 356
f 153 154 356
f 153 150 356
f 153 154 356
f 153 150 355
f 153 154 355
f 153 154 338
f 22 24 672
f 22 220 24
f 22 220 24
f 22 221 220
f 22 23 648
f 22 236 23
f 22 23 242
f 603 604 605
f 603 109 605
f 603 602 109
f 603 107 604
f 603 602 107
f 603 109 605
f 603 602 109
f 603 106 107
f 603 602 106
f 603 605 110
f 603 602 110
f 603 602 605
f 603 106 604
f 603 602 106
f 603 104 604
f 603 602 104
f 603 104 604
f 603 602 104
f 524 525 707
f 524 711 525
f 524 486 521
f 524 449 521
f 524 521 447
f 524 521 447
f 524 445 521
f 524 445 521
f 524 521 444
f 524 521 441
f 524 525 434
f 524 433 525
f 524 433 525
f 524 525 431
f 524 525 430
f 524 525 430
f 709 521 708
f 709 521 711
f 709 518 708
f 709 711 518
f 709 499 711
f 709 497 496
f 709 497 711
f 709 492 496
f 709 711 707
f 709 710 707
f 709 710 711
f 709 488 708
f 709 711 488
f 709 486 488
f 709 486 711
f 709 465 222
f 709 221 222
f 709 221 710
f 709 710 224
f 709 465 224
f 709 465 710
f 709 221 219
f 709 221 710
f 709 219 217
f 709 710 219
f 709 215 217
f 709 710 215
f 709 215 708
f 709 710 215
f 709 710 208
f 709 710 206
f 520 521 711
f 520 722 519
f 520 420 422
f 520 423 422
f 520 423 425
f 520 425 519
f 520 429 519
f 520 430 429
f 520 521 430
f 520 430 519
f 520 521 430
f 520 519 431
f 520 521 431
f 520 433 519
f 520 521 433
f 520 433 434
f 520 521 434
f 520 521 433
f 715 527 711
f 715 525 716
f 715 527 525
f 715 672 716
f 715 711 672
f 715 520 716
f 715 703 692
f 715 716 503
f 715 716 503
f 715 501 716
f 715 501 716
f 715 499 716
f 715 497 496
f 715 495 716
f 715 495 496
f 715 495 496
f 715 488 716
f 715 488 716
f 715 486 716
f 715 228 716
f 715 225 224
f 528 529 434
f 528 527 434
f 528 527 529
f 528 529 433
f 528 527 433
f 528 529 433
f 528 527 433
f 528 529 431
f 528 527 431
f 528 529 430
f 528 527 430
f 528 529 430
f 528 527 430
f 528 529 426
f 528 527 426
f 528 529 426
f 528 527 426
f 528 527 424
f 528 424 425
f 528 529 425
f 528 527 424
f 528 424 423
f 528 527 423
f 528 423 422
f 528 420 421
f 528 527 420
f 528 422 532
f 528 421 422
f 528 420 421
f 528 420 419
f 528 525 420
f 528 527 525
f 528 631 532
f 528 631 630
f 528 634 635
f 528 634 633
f 528 633 532
f 528 628 630
f 528 631 630
f 528 631 525
f 528 619 618
f 528 627 628
f 528 628 630
f 528 525 633
f 528 638 637
f 528 527 635
f 528 634 635
f 528 634 525
f 528 619 622
f 528 619 618
f 528 625 627
f 528 627 628
f 528 638 639
f 528 527 638
f 528 622 623
f 528 619 622
f 528 625 627
f 528 639 532
f 528 527 638
f 528 622 623
f 528 642 532
f 528 527 639
f 528 642 643
f 528 527 642
f 528 644 643
f 528 527 642
f 528 644 645
f 528 527 644
f 528 645 532
f 528 527 644
f 528 532 646
f 528 532 530
f 528 527 645
f 528 527 646
f 528 530 648
f 528 527 648
f 528 711 530
f 528 529 711
f 528 715 711
f 528 715 527
f 528 715 527
f 528 529 711
f 528 527 529
f 528 711 707
f 528 527 707
f 528 527 711
f 498 497 509
f 498 709 499
f 498 709 497
f 498 709 499
f 498 709 497
f 498 449 497
f 498 499 447
f 498 497 447
f 498 715 499
f 498 715 497
f 498 499 447
f 498 497 447
f 498 499 444
f 498 497 444
f 498 499 444
f 498 497 444
f 498 499 441
f 498 497 441
f 498 499 441
f 498 497 441
f 498 499 439
f 498 497 439
f 498 499 439
f 498 497 439
f 498 499 436
f 498 497 436
f 498 499 436
f 498 497 436
f 498 1 499
f 498 1 495
f 498 499 434
f 498 497 434
f 498 499 425
f 498 499 420
f 498 495 420
f 498 495 425
f 498 499 434
f 498 497 434
f 498 499 425
f 498 495 425
f 498 499 431
f 498 497 431
f 498 499 429
f 498 495 429
f 498 495 497
f 498 499 429
f 498 497 429
f 353 573 572
f 353 573 572
f 353 573 354
f 353 573 350
f 353 575 354
f 353 587 588
f 353 112 354
f 353 113 112
f 353 113 114
f 353 114 116
f 353 117 116
f 353 117 119
f 353 120 119
f 353 131 130
f 353 131 134
f 353 147 150
f 353 153 150
f 353 153 154
f 353 157 154
f 353 157 354
f 353 329 331
f 353 334 331
f 353 336 350
f 353 334 336
f 353 334 336
f 723 724 648
f 723 722 648
f 723 722 672
f 723 724 503
f 723 722 503
f 723 724 503
f 723 722 503
f 723 501 724
f 723 501 722
f 723 501 724
f 723 501 722
f 723 499 724
f 723 722 499
f 723 498 499
f 723 498 722
f 723 215 724
f 723 722 215
f 723 498 722
f 723 722 215
f 723 722 495
f 723 498 495
f 723 498 495
f 723 495 724
f 723 722 495
f 723 220 219
f 723 220 722
f 723 221 220
f 723 221 220
f 723 221 222
f 723 221 722
f 723 488 724
f 723 722 488
f 723 488 487
f 723 722 488
f 723 225 224
f 723 225 722
f 723 228 227
f 723 722 228
f 723 231 230
f 723 231 722
f 723 234 233
f 723 722 234
f 721 720 648
f 721 722 648
f 721 520 720
f 721 520 722
f 721 720 672
f 721 722 672
f 721 520 720
f 721 520 722
f 721 506 720
f 721 720 503
f 721 722 503
f 721 720 503
f 721 722 503
f 721 501 720
f 721 501 722
f 721 501 720
f 721 501 722
f 721 499 720
f 721 722 499
f 721 215 720
f 721 722 215
f 721 498 499
f 721 498 722
f 721 215 720
f 721 722 215
f 721 498 497
f 721 498 722
f 721 495 497
f 721 722 495
f 721 220 219
f 721 220 722
f 721 495 720
f 721 722 495
f 721 221 220
f 721 221 220
f 721 221 720
f 721 221 722
f 721 720 488
f 721 722 488
f 721 225 720
f 721 225 722
f 721 720 488
f 721 722 488
f 721 228 720
f 721 722 228
f 721 231 720
f 721 231 722
f 721 475 722
f 717 716 648
f 717 718 648
f 717 672 716
f 717 718 672
f 717 520 716
f 717 520 718
f 717 506 716
f 717 506 718
f 717 716 503
f 717 718 503
f 717 716 503
f 717 718 503
f 717 501 716
f 717 501 718
f 717 501 716
f 717 501 718
f 717 215 716
f 717 718 215
f 717 499 716
f 717 718 499
f 717 215 217
f 717 718 215
f 717 498 499
f 717 498 718
f 717 219 217
f 717 718 219
f 717 498 497
f 717 498 718
f 717 221 219
f 717 221 718
f 717 718 495
f 717 221 716
f 717 221 718
f 717 497 496
f 717 495 496
f 717 495 497
f 717 495 716
f 717 718 495
f 717 225 224
f 717 225 718
f 717 488 716
f 717 718 488
f 717 228 716
f 717 718 228
f 717 488 716
f 717 718 488
f 717 486 716
f 717 486 718
f 719 720 648
f 719 718 648
f 719 520 720
f 719 720 672
f 719 718 672
f 719 520 720
f 719 520 718
f 719 506 720
f 719 506 718
f 719 720 503
f 719 718 503
f 719 720 503
f 719 718 503
f 719 501 720
f 719 501 718
f 719 501 720
f 719 501 718
f 719 499 720
f 719 718 499
f 719 215 720
f 719 718 215
f 719 498 499
f 719 498 718
f 719 215 720
f 719 718 215
f 719 498 497
f 719 498 718
f 719 219 720
f 719 718 219
f 719 495 497
f 719 718 495
f 719 220 219
f 719 220 718
f 719 495 720
f 719 718 495
f 719 221 220
f 719 221 220
f 719 221 720
f 719 221 718
f 719 720 488
f 719 718 488
f 719 225 720
f 719 225 718
f 719 720 488
f 719 718 488
f 719 486 720
f 719 486 718
f 719 228 720
f 719 718 228
f 719 231 720
f 719 231 718
f 209 240 207
f 209 291 287
f 209 291 208
f 209 208 287
f 209 298 208
f 209 719 208
f 209 717 208
f 209 709 710
f 510 509 434
f 437 438 518
f 437 436 518
f 437 521 438
f 437 521 436
f 437 527 529
f 437 527 529
f 437 529 438
f 437 529 436
f 437 531 438
f 437 531 436
f 437 531 533
f 437 531 436
f 437 533 438
f 437 436 533
f 437 436 534
f 437 436 335
f 437 436 339
f 437 436 335
f 437 439 335
f 437 305 439
f 442 441 509
f 442 521 443
f 442 521 441
f 442 524 521
f 442 524 521
f 442 527 529
f 442 527 529
f 442 529 443
f 442 529 441
f 442 531 443
f 442 531 441
f 442 531 533
f 442 531 441
f 442 533 443
f 442 441 533
f 442 302 444
f 450 486 449
f 450 492 449
f 450 497 496
f 450 449 497
f 450 497 509
f 450 509 518
f 450 449 509
f 450 498 449
f 450 521 518
f 450 449 521
f 450 524 521
f 450 524 449
f 450 529 530
f 450 449 529
f 450 531 530
f 450 449 531
f 450 531 533
f 450 449 531
f 450 533 534
f 450 449 533
f 450 283 446
f 450 283 449
f 450 447 446
f 450 449 447
f 450 447 448
f 450 449 448
f 450 449 447
f 244 203 245
f 244 201 203
f 244 201 203
f 244 199 201
f 244 199 243
f 244 199 196
f 244 199 243
f 244 193 196
f 244 193 243
f 244 190 193
f 244 190 193
f 244 187 190
f 244 187 190
f 244 187 185
f 244 187 185
f 244 185 183
f 244 185 183
f 244 181 183
f 244 181 183
f 244 164 245
f 244 164 243
f 244 181 179
f 244 181 243
f 244 170 245
f 244 170 243
f 244 179 245
f 244 243 179
f 244 170 172
f 244 170 243
f 244 174 245
f 244 174 243
f 244 174 172
f 244 174 243
f 247 282 248
f 247 282 246
f 247 206 248
f 247 206 246
f 247 206 248
f 247 206 246
f 247 248 203
f 247 246 203
f 247 201 248
f 247 246 201
f 247 199 201
f 247 199 246
f 247 199 196
f 247 199 246
f 247 193 196
f 247 193 246
f 247 190 193
f 247 190 193
f 247 187 190
f 247 187 190
f 247 187 185
f 247 187 185
f 247 185 183
f 247 185 183
f 247 181 183
f 247 181 183
f 247 164 248
f 247 164 246
f 247 181 248
f 247 181 246
f 247 170 248
f 247 170 246
f 247 248 179
f 247 246 179
f 247 170 172
f 247 170 246
f 247 174 248
f 247 174 246
f 247 174 172
f 247 174 246
f 462 524 521
f 462 524 521
f 462 529 459
f 462 465 529
f 462 531 459
f 462 465 531
f 462 531 459
f 462 465 531
f 462 263 265
f 250 282 204
f 250 282 276
f 250 203 204
f 250 249 203
f 250 206 249
f 250 282 206
f 250 282 206
f 250 201 203
f 250 249 201
f 250 199 201
f 250 199 249
f 250 199 251
f 250 199 249
f 250 196 251
f 250 249 196
f 250 193 249
f 250 190 193
f 250 190 193
f 250 187 190
f 250 187 190
f 250 187 185
f 250 187 185
f 250 185 183
f 250 185 183
f 250 181 183
f 250 181 183
f 250 181 179
f 250 181 249
f 250 164 166
f 250 164 249
f 250 179 176
f 250 249 179
f 250 170 166
f 250 170 249
f 250 174 176
f 250 174 249
f 250 170 172
f 250 170 249
f 250 174 172
f 250 174 249
f 505 449 509
f 505 447 509
f 505 498 499
f 505 498 449
f 505 447 509
f 505 499 447
f 505 499 447
f 505 709 499
f 505 498 509
f 505 498 499
f 505 450 449
f 505 450 498
f 505 447 446
f 505 444 509
f 505 709 509
f 505 709 499
f 505 709 711
f 505 506 711
f 505 709 711
f 505 498 497
f 505 450 497
f 505 450 498
f 505 501 446
f 505 501 444
f 505 444 509
f 505 501 711
f 505 441 509
f 505 506 441
f 505 501 711
f 505 501 443
f 505 501 444
f 505 441 443
f 505 506 441
f 505 440 503
f 505 441 440
f 505 439 440
f 505 506 439
f 505 715 503
f 505 438 503
f 505 439 438
f 505 506 439
f 505 506 716
f 505 715 716
f 505 715 506
f 505 436 438
f 505 506 436
f 505 436 435
f 505 506 436
f 505 434 435
f 505 506 434
f 505 434 432
f 505 506 432
f 505 506 434
f 507 436 509
f 507 506 509
f 507 506 436
f 507 436 509
f 507 506 436
f 507 506 434
f 507 506 434
f 507 506 431
f 507 506 429
f 507 506 429
f 507 506 425
f 507 715 506
f 507 717 506
f 507 506 423
f 507 717 506
f 507 506 423
f 507 719 506
f 507 719 506
f 507 420 422
f 507 506 422
f 507 721 506
f 507 420 419
f 507 721 722
f 507 721 506
f 507 723 722
f 507 723 724
f 507 1 2
f 175 178 177
f 175 178 107
f 175 178 106
f 175 178 106
f 173 112 107
f 173 175 107
f 173 175 106
f 173 175 106
f 238 166 239
f 238 170 166
f 238 170 166
f 238 23 239
f 238 170 172
f 238 22 23
f 238 174 172
f 238 174 176
f 238 19 20
f 238 179 176
f 238 181 179
f 238 181 183
f 238 15 12
f 238 185 183
f 238 11 12
f 238 187 185
f 238 10 11
f 238 187 190
f 238 10 9
f 238 190 193
f 238 8 9
f 238 193 196
f 238 199 196
f 238 199 201
f 238 201 204
f 238 1 2
f 238 207 204
f 238 207 210
f 238 235 210
f 238 235 207
f 238 454 235
f 238 291 235
f 294 295 204
f 294 291 204
f 294 206 295
f 294 291 206
f 294 295 203
f 294 291 203
f 294 206 295
f 294 291 206
f 294 295 203
f 294 291 203
f 294 208 295
f 294 291 208
f 294 201 295
f 294 291 201
f 294 209 208
f 294 209 291
f 294 201 295
f 294 291 201
f 294 209 295
f 294 209 291
f 294 199 295
f 294 291 199
f 294 199 295
f 294 291 199
f 294 197 295
f 294 291 197
f 294 215 295
f 294 291 215
f 294 197 196
f 294 291 197
f 294 215 217
f 294 291 215
f 294 219 217
f 294 291 219
f 294 193 295
f 294 291 193
f 294 219 295
f 294 291 219
f 294 193 192
f 294 224 295
f 294 291 224
f 294 192 295
f 294 224 295
f 294 291 224
f 294 190 295
f 294 230 295
f 294 291 230
f 294 190 189
f 294 230 234
f 294 291 230
f 294 189 188
f 294 235 234
f 294 291 235
f 294 187 188
f 294 238 235
f 294 238 291
f 294 187 295
f 294 238 454
f 294 185 295
f 294 454 291
f 294 238 291
f 294 238 454
f 294 450 295
f 294 183 184
f 294 185 184
f 294 181 183
f 294 450 449
f 294 181 179
f 294 449 295
f 294 447 295
f 294 447 295
f 294 445 295
f 294 445 444
f 294 444 295
f 294 442 295
f 294 442 441
f 294 442 441
f 294 441 295
f 294 439 295
f 294 439 295
f 294 436 295
f 294 436 295
f 294 295 434
f 294 295 434
f 294 295 431
f 290 287 203
f 290 291 203
f 290 291 287
f 290 287 201
f 290 291 201
f 290 287 201
f 290 291 201
f 290 199 287
f 290 291 199
f 290 199 287
f 290 291 199
f 290 197 287
f 290 291 197
f 290 197 287
f 290 291 197
f 290 193 287
f 290 291 193
f 290 193 287
f 290 291 193
f 290 287 192
f 290 291 192
f 290 190 287
f 290 190 291
f 290 190 291
f 290 187 291
f 290 291 189
f 290 187 189
f 290 187 291
f 290 291 185
f 290 291 181
f 290 291 181
f 290 423 425
f 290 291 439
f 290 441 443
f 290 291 441
f 290 291 441
f 290 291 444
f 290 291 444
f 290 291 447
f 290 291 447
f 290 291 449
f 290 450 291
f 290 450 291
f 398 392 379
f 398 392 379
f 398 379 374
f 398 379 399
f 307 203 308
f 307 305 203
f 307 206 308
f 307 305 206
f 307 203 308
f 307 305 203
f 307 208 206
f 307 305 208
f 307 200 308
f 307 305 200
f 307 209 208
f 307 209 305
f 307 200 308
f 307 305 200
f 307 197 308
f 307 305 197
f 307 305 308
f 307 197 196
f 307 305 197
f 307 193 194
f 307 305 193
f 307 193 192
f 307 305 193
f 307 192 308
f 307 305 192
f 307 190 308
f 307 190 305
f 307 190 189
f 307 190 305
f 307 189 188
f 307 305 189
f 307 187 188
f 307 187 305
f 307 187 186
f 307 187 305
f 307 185 186
f 307 185 184
f 307 183 184
f 307 183 308
f 307 181 308
f 307 178 179
f 307 178 177
f 307 379 380
f 307 392 390
f 307 416 426
f 307 426 308
f 307 430 429
f 307 430 308
f 307 308 431
f 307 433 308
f 307 433 308
f 307 433 434
f 307 436 308
f 307 437 436
f 307 437 439
f 307 439 308
f 307 441 308
f 307 305 441
f 307 442 441
f 307 442 305
f 307 442 444
f 307 442 305
f 307 445 444
f 307 305 445
f 307 445 447
f 307 305 445
f 307 447 448
f 307 305 447
f 307 449 448
f 307 305 449
f 307 450 449
f 307 450 305
f 307 305 308
f 307 450 308
f 307 450 305
f 304 302 203
f 304 305 203
f 304 206 302
f 304 305 206
f 304 302 203
f 304 305 203
f 304 208 206
f 304 305 208
f 304 302 201
f 304 209 208
f 304 209 305
f 304 201 200
f 304 305 200
f 304 302 201
f 304 199 302
f 304 305 199
f 304 199 302
f 304 305 199
f 304 197 302
f 304 305 197
f 304 197 302
f 304 305 197
f 304 193 302
f 304 305 193
f 304 193 302
f 304 305 193
f 304 302 192
f 304 305 192
f 304 190 302
f 304 190 305
f 304 190 189
f 304 190 305
f 304 189 302
f 304 305 189
f 304 187 302
f 304 187 305
f 304 187 302
f 304 187 305
f 304 305 185
f 304 305 185
f 304 305 183
f 304 305 183
f 304 305 181
f 304 178 305
f 304 178 305
f 304 305 424
f 304 305 426
f 304 305 426
f 304 305 430
f 304 305 430
f 304 305 431
f 304 305 433
f 304 305 433
f 304 305 434
f 304 305 436
f 304 437 305
f 304 437 305
f 304 305 439
f 304 305 439
f 304 305 441
f 304 442 305
f 304 442 302
f 304 442 305
f 304 445 302
f 304 305 445
f 304 445 302
f 304 305 445
f 304 302 447
f 304 305 447
f 304 449 302
f 304 305 449
f 304 450 449
f 304 450 305
f 304 305 302
f 304 450 302
f 304 450 305
f 301 199 302
f 301 302 201
f 301 199 302
f 301 302 201
f 301 197 302
f 301 302 203
f 301 197 302
f 301 302 203
f 301 298 203
f 301 302 204
f 301 298 204
f 301 193 302
f 301 206 302
f 301 298 206
f 301 193 302
f 301 208 206
f 301 298 208
f 301 302 192
f 301 209 208
f 301 209 298
f 301 190 302
f 301 190 189
f 301 189 302
f 301 187 302
f 301 302 217
f 301 298 217
f 301 187 302
f 301 219 302
f 301 298 219
f 301 185 302
f 301 219 302
f 301 298 219
f 301 185 302
f 301 302 224
f 301 298 224
f 301 183 302
f 301 302 224
f 301 298 224
f 301 183 302
f 301 302 230
f 301 298 230
f 301 181 302
f 301 454 302
f 301 454 298
f 301 450 302
f 301 178 302
f 301 178 177
f 301 178 177
f 301 450 449
f 301 449 302
f 301 302 447
f 301 445 447
f 301 445 302
f 301 445 302
f 301 302 444
f 301 442 302
f 301 442 302
f 301 302 441
f 301 302 439
f 301 302 439
f 301 437 302
f 301 437 302
f 301 302 436
f 301 302 434
f 301 302 433
f 301 302 433
f 301 302 431
f 301 302 430
f 301 302 430
f 301 302 426
f 301 302 426
f 301 424 302
f 301 424 302
f 301 302 423
f 301 302 421
f 301 302 420
f 301 302 420
f 301 400 401
f 297 193 295
f 297 298 193
f 297 197 196
f 297 298 197
f 297 193 192
f 297 298 193
f 297 197 295
f 297 298 295
f 297 298 197
f 297 192 295
f 297 298 192
f 297 190 295
f 297 190 298
f 297 190 189
f 297 190 298
f 297 189 188
f 297 298 189
f 297 187 188
f 297 187 298
f 297 187 295
f 297 187 298
f 297 185 295
f 297 298 185
f 297 298 185
f 297 298 183
f 297 298 183
f 297 298 181
f 297 298 181
f 297 298 177
f 297 420 421
f 297 424 423
f 297 426 425
f 297 298 426
f 297 298 426
f 297 430 429
f 297 298 430
f 297 298 430
f 297 298 431
f 297 298 433
f 297 298 433
f 297 298 434
f 297 298 436
f 297 437 298
f 297 437 298
f 297 298 439
f 297 298 439
f 297 298 441
f 297 442 298
f 297 442 298
f 297 298 444
f 297 298 445
f 297 298 445
f 297 298 447
f 297 447 295
f 297 298 447
f 297 449 295
f 297 298 449
f 297 450 449
f 297 450 298
f 297 450 295
f 297 450 298
f 259 193 192
f 259 258 193
f 259 190 192
f 259 190 258
f 259 190 189
f 259 190 258
f 259 196 260
f 259 187 189
f 259 187 258
f 259 459 260
f 259 258 459
f 259 196 265
f 259 258 265
f 259 258 196
f 259 187 185
f 259 187 258
f 259 185 183
f 259 258 185
f 259 181 183
f 259 258 181
f 259 181 260
f 259 258 181
f 259 260 179
f 259 258 179
f 259 174 260
f 259 258 174
f 259 174 172
f 259 258 174
f 259 170 172
f 259 258 170
f 259 170 260
f 259 258 170
f 259 164 260
f 259 164 258
f 256 255 201
f 256 199 257
f 256 199 201
f 256 255 199
f 256 199 257
f 256 255 199
f 256 196 257
f 256 255 196
f 256 193 192
f 256 255 193
f 256 190 192
f 256 190 255
f 256 190 189
f 256 190 255
f 256 187 189
f 256 187 255
f 256 187 185
f 256 187 255
f 256 185 183
f 256 255 185
f 256 181 183
f 256 255 181
f 256 181 179
f 256 255 181
f 256 179 257
f 256 255 179
f 256 174 257
f 256 255 174
f 256 174 172
f 256 255 174
f 256 170 172
f 256 255 170
f 256 170 257
f 256 255 170
f 256 164 257
f 256 164 255
f 636 637 535
f 636 635 535
f 636 634 635
f 636 534 637
f 636 635 534
f 636 637 108
f 636 635 108
f 636 633 637
f 636 634 633
f 636 634 633
f 636 534 637
f 636 635 534
f 636 109 637
f 636 635 109
f 636 528 637
f 636 528 635
f 636 109 637
f 636 635 109
f 636 528 527
f 636 528 527
f 636 637 110
f 636 635 110
f 636 527 525
f 636 527 635
f 636 114 637
f 636 114 635
f 636 114 637
f 636 114 635
f 636 637 116
f 636 635 116
f 149 336 335
f 149 342 341
f 146 145 55
f 146 147 55
f 146 145 55
f 146 147 55
f 146 145 359
f 146 147 359
f 146 358 145
f 146 147 358
f 146 358 145
f 146 147 358
f 146 145 356
f 146 147 356
f 146 145 356
f 146 147 356
f 146 145 355
f 146 147 355
f 146 353 145
f 146 353 147
f 146 342 341
f 146 342 147
f 146 145 338
f 146 147 338
f 146 145 338
f 146 147 338
f 146 336 145
f 146 147 336
f 376 377 587
f 376 618 375
f 127 128 55
f 127 128 55
f 127 342 128
f 127 342 128
f 127 353 128
f 127 128 355
f 127 128 356
f 127 128 356
f 127 128 358
f 127 128 358
f 127 128 359
f 127 366 128
f 129 55 130
f 129 128 55
f 129 342 341
f 129 342 128
f 129 55 54
f 129 128 55
f 129 342 130
f 129 342 128
f 129 353 130
f 129 353 128
f 129 355 130
f 129 128 355
f 129 356 355
f 129 128 356
f 129 356 130
f 129 128 356
f 129 358 130
f 129 128 358
f 129 358 359
f 129 128 358
f 129 359 360
f 129 128 359
f 129 366 128
f 132 129 128
f 132 71 133
f 132 129 341
f 132 342 131
f 132 342 341
f 132 342 133
f 132 342 131
f 132 342 133
f 122 123 336
f 122 123 338
f 122 123 55
f 122 123 336
f 122 123 338
f 122 123 55
f 122 139 335
f 122 123 139
f 122 123 139
f 122 342 123
f 122 342 123
f 122 123 350
f 122 353 123
f 122 123 355
f 122 123 356
f 122 123 356
f 122 123 358
f 122 123 358
f 122 123 359
f 122 366 123
f 124 125 139
f 124 123 139
f 124 125 338
f 124 123 338
f 124 125 55
f 124 123 55
f 124 125 338
f 124 123 338
f 124 125 55
f 124 123 55
f 124 342 341
f 124 342 123
f 124 342 125
f 124 342 123
f 124 125 350
f 124 123 350
f 124 353 125
f 124 353 123
f 124 125 355
f 124 123 355
f 124 125 356
f 124 123 356
f 124 125 356
f 124 123 356
f 124 358 125
f 124 123 358
f 124 358 125
f 124 123 358
f 124 125 359
f 124 123 359
f 124 366 125
f 124 366 123
f 624 623 535
f 624 625 535
f 624 623 626
f 624 625 626
f 624 623 534
f 624 625 534
f 624 623 108
f 624 625 108
f 624 623 534
f 624 625 534
f 624 623 109
f 624 625 109
f 624 528 623
f 624 528 625
f 624 623 109
f 624 625 109
f 624 528 623
f 624 528 625
f 624 623 110
f 624 625 110
f 624 114 623
f 624 625 114
f 624 114 623
f 624 625 114
f 624 623 116
f 624 625 116
f 624 623 120
f 624 625 120
f 101 613 612
f 101 616 615
f 101 99 616
f 101 611 612
f 101 616 617
f 101 99 616
f 101 609 608
f 101 617 648
f 101 608 607
f 101 649 617
f 101 649 99
f 101 649 99
f 97 649 99
f 97 139 107
f 97 99 139
f 576 575 339
f 576 575 341
f 576 575 341
f 576 575 350
f 576 353 575
f 576 575 355
f 576 575 356
f 576 575 356
f 576 575 358
f 576 575 358
f 576 363 362
f 580 350 582
f 580 579 350
f 580 353 582
f 580 353 579
f 580 582 355
f 580 579 355
f 580 582 356
f 580 579 356
f 580 582 356
f 580 579 356
f 580 579 358
f 580 579 358
f 580 358 359
f 580 579 362
f 580 579 363
f 580 579 363
f 580 579 365
f 580 365 401
f 580 370 401
f 580 405 365
f 580 579 405
f 580 370 374
f 580 579 405
f 580 579 407
f 165 139 141
f 165 163 141
f 165 163 139
f 165 139 168
f 165 163 139
f 165 167 168
f 165 71 167
f 165 167 331
f 165 167 166
f 165 333 331
f 165 163 333
f 165 163 164
f 165 164 166
f 165 164 333
f 585 593 604
f 585 584 604
f 585 584 350
f 585 353 584
f 585 584 355
f 585 584 356
f 585 584 356
f 585 584 358
f 585 584 358
f 585 584 359
f 585 584 400
f 585 584 362
f 585 398 584
f 585 584 363
f 585 398 584
f 585 584 363
f 585 584 396
f 585 584 365
f 585 584 396
f 585 584 365
f 585 584 394
f 585 584 370
f 585 584 393
f 585 584 370
f 585 584 392
f 585 584 371
f 585 584 375
f 585 392 386
f 585 392 385
f 585 584 392
f 585 584 375
f 585 376 375
f 585 379 385
f 585 584 379
f 340 115 113
f 340 115 113
f 340 341 112
f 340 113 112
f 340 113 341
f 340 115 117
f 340 115 341
f 340 117 339
f 340 341 117
f 340 120 339
f 340 341 120
f 340 122 123
f 340 122 123
f 340 124 123
f 340 124 123
f 340 124 125
f 340 124 341
f 340 127 128
f 340 127 128
f 340 129 128
f 340 129 128
f 340 132 129
f 340 132 129
f 340 139 339
f 340 341 139
f 340 146 145
f 340 146 341
f 340 146 147
f 340 146 147
f 340 149 341
f 340 153 154
f 340 342 341
f 340 153 342
f 340 154 338
f 340 157 338
f 340 342 157
f 340 338 350
f 340 341 350
f 340 160 338
f 340 342 160
f 340 162 160
f 340 342 162
f 340 341 350
f 340 342 350
f 340 342 341
f 340 164 162
f 340 329 342
f 340 334 336
f 340 342 336
f 340 342 334
f 286 199 287
f 286 282 287
f 286 282 199
f 286 199 287
f 286 282 199
f 286 287 196
f 286 282 196
f 286 193 287
f 286 190 287
f 286 190 189
f 286 187 189
f 286 187 185
f 286 185 183
f 286 181 183
f 286 282 246
f 286 181 287
f 286 450 287
f 286 450 449
f 280 190 192
f 280 193 192
f 280 283 170
f 280 283 429
f 280 283 170
f 280 283 429
f 280 164 283
f 280 283 425
f 280 164 283
f 280 283 425
f 280 283 162
f 280 283 420
f 280 283 420
f 280 283 419
f 280 283 399
f 280 398 283
f 280 398 283
f 280 283 396
f 725 724 648
f 725 726 648
f 725 507 724
f 725 507 726
f 725 724 503
f 725 726 503
f 725 724 503
f 725 726 503
f 725 501 724
f 725 501 726
f 725 501 724
f 725 501 726
f 725 499 724
f 725 726 499
f 725 498 499
f 725 498 726
f 725 215 724
f 725 726 215
f 725 498 495
f 725 498 726
f 725 495 724
f 725 726 495
f 725 220 219
f 725 726 220
f 725 221 220
f 725 726 221
f 725 488 724
f 725 726 488
f 725 221 222
f 725 726 221
f 725 488 487
f 725 726 488
f 725 225 224
f 725 726 225
f 725 228 227
f 725 726 228
f 725 236 234
f 725 726 236
f 725 234 233
f 725 726 234
f 725 231 230
f 725 726 231
f 727 728 648
f 727 726 648
f 727 514 728
f 727 667 728
f 727 507 728
f 727 507 726
f 727 728 503
f 727 726 503
f 727 728 503
f 727 726 503
f 727 501 728
f 727 501 726
f 727 501 728
f 727 501 726
f 727 499 728
f 727 726 499
f 727 498 499
f 727 498 726
f 727 728 215
f 727 726 215
f 727 498 495
f 727 498 726
f 727 495 728
f 727 726 495
f 727 220 728
f 727 726 220
f 727 221 220
f 727 726 221
f 727 728 488
f 727 726 488
f 727 221 728
f 727 726 221
f 727 728 488
f 727 726 488
f 727 225 728
f 727 726 225
f 727 728 228
f 727 726 228
f 727 728 236
f 727 726 236
f 727 728 234
f 727 726 234
f 727 231 728
f 727 726 231
f 729 728 648
f 729 1 648
f 729 667 728
f 729 667 1
f 729 507 728
f 729 507 1
f 729 728 503
f 729 1 503
f 729 728 503
f 729 1 503
f 729 501 728
f 729 501 1
f 729 501 728
f 729 501 1
f 729 499 728
f 729 1 499
f 729 1 213
f 729 498 499
f 729 498 1
f 729 728 215
f 729 1 215
f 729 498 495
f 729 498 1
f 729 495 728
f 729 1 495
f 729 220 728
f 729 1 220
f 729 221 220
f 729 1 221
f 729 728 488
f 729 1 488
f 729 221 728
f 729 1 221
f 729 728 488
f 729 1 488
f 729 225 728
f 729 1 225
f 729 238 1
f 729 728 228
f 729 1 228
f 729 728 236
f 729 1 236
f 729 728 234
f 729 1 234
f 729 231 728
f 729 1 231
f 7 6 648
f 7 8 648
f 7 6 215
f 7 8 215
f 7 220 6
f 7 8 220
f 7 221 220
f 7 8 221
f 7 221 6
f 7 8 221
f 7 225 6
f 7 8 225
f 7 6 228
f 7 8 228
f 7 6 242
f 7 8 242
f 7 238 6
f 7 238 8
f 7 6 236
f 7 8 236
f 7 6 234
f 7 8 234
f 3 2 648
f 3 4 648
f 3 667 2
f 3 667 4
f 3 507 2
f 3 2 503
f 3 2 503
f 3 501 2
f 3 501 2
f 3 2 213
f 3 4 213
f 3 499 2
f 3 215 2
f 3 4 215
f 3 498 499
f 3 498 495
f 3 495 2
f 3 220 219
f 3 4 220
f 3 221 220
f 3 4 221
f 3 221 2
f 3 4 221
f 3 2 488
f 3 2 488
f 3 4 488
f 3 225 2
f 3 4 225
f 3 2 242
f 3 4 242
f 3 228 2
f 3 4 228
f 3 240 2
f 3 4 240
f 3 240 2
f 3 4 240
f 3 238 2
f 3 238 4
f 3 2 234
f 3 4 234
f 3 236 2
f 3 4 236
f 5 6 648
f 5 4 648
f 5 4 213
f 5 6 215
f 5 4 215
f 5 220 6
f 5 4 220
f 5 221 220
f 5 4 221
f 5 221 6
f 5 4 221
f 5 225 6
f 5 4 225
f 5 6 228
f 5 4 228
f 5 4 240
f 5 240 242
f 5 6 242
f 5 4 240
f 5 238 6
f 5 238 4
f 5 6 234
f 5 4 234
f 5 6 236
f 5 4 236
f 18 17 648
f 18 19 648
f 18 19 24
f 18 220 17
f 18 19 220
f 18 221 220
f 18 19 221
f 18 221 17
f 18 19 221
f 18 17 234
f 18 236 234
f 18 19 236
f 18 17 236
f 18 17 242
f 18 19 242
f 18 238 17
f 18 238 19
f 16 17 648
f 16 15 648
f 16 686 15
f 16 15 24
f 16 220 17
f 16 15 220
f 16 221 220
f 16 15 221
f 16 221 17
f 16 15 221
f 16 17 234
f 16 15 234
f 16 17 236
f 16 15 236
f 16 238 17
f 16 238 15
f 16 17 242
f 16 15 242
f 491 3 492
f 491 492 1
f 491 729 492
f 491 729 492
f 491 727 492
f 491 727 492
f 491 725 492
f 491 725 492
f 491 723 492
f 491 723 492
f 491 721 492
f 491 721 492
f 491 719 492
f 491 719 492
f 491 717 492
f 491 717 492
f 491 715 492
f 491 492 420
f 491 492 425
f 491 709 492
f 491 492 425
f 491 709 492
f 491 492 429
f 491 492 707
f 491 492 429
f 491 492 434
f 491 521 496
f 491 492 496
f 491 492 434
f 491 492 439
f 491 436 438
f 491 492 436
f 491 492 436
f 491 450 496
f 491 450 492
f 491 492 439
f 491 450 492
f 491 492 441
f 491 492 449
f 491 492 441
f 491 492 447
f 491 492 444
f 491 492 447
f 491 492 444
f 493 447 496
f 493 492 447
f 493 492 447
f 493 444 496
f 493 444 496
f 493 492 444
f 493 711 496
f 493 444 443
f 493 492 444
f 493 709 711
f 493 709 492
f 493 709 492
f 493 441 443
f 493 492 441
f 493 715 716
f 493 715 492
f 493 441 440
f 493 492 441
f 493 717 716
f 493 717 492
f 493 439 440
f 493 492 439
f 493 717 718
f 493 717 492
f 493 439 438
f 493 492 439
f 493 719 718
f 493 719 492
f 493 436 438
f 493 492 436
f 493 719 720
f 493 719 492
f 493 436 435
f 493 492 436
f 493 721 720
f 493 721 492
f 493 434 435
f 493 492 434
f 493 721 722
f 493 721 492
f 493 492 434
f 493 723 722
f 493 723 492
f 493 431 432
f 493 434 432
f 493 434 431
f 493 429 431
f 493 492 429
f 493 723 724
f 493 723 492
f 493 429 427
f 493 492 429
f 493 725 724
f 493 725 492
f 493 425 427
f 493 492 425
f 493 725 726
f 493 725 492
f 493 425 422
f 493 492 425
f 493 727 726
f 493 727 492
f 493 420 422
f 493 492 420
f 493 727 728
f 493 727 492
f 493 729 728
f 493 729 492
f 493 729 1
f 493 729 492
f 493 1 2
f 493 492 1
f 493 3 2
f 493 3 492
f 696 454 698
f 696 698 208
f 696 698 202
f 536 462 459
f 536 535 648
f 536 655 648
f 536 655 535
f 536 462 465
f 536 462 459
f 536 454 533
f 536 450 537
f 536 465 468
f 536 462 465
f 536 450 534
f 536 450 449
f 536 465 533
f 536 450 449
f 536 449 448
f 536 449 448
f 536 447 448
f 536 447 448
f 536 447 446
f 536 447 534
f 536 445 446
f 536 445 534
f 536 445 444
f 536 445 444
f 536 444 443
f 536 444 443
f 536 442 443
f 536 442 443
f 536 442 441
f 536 442 441
f 536 441 440
f 536 441 534
f 536 439 440
f 536 439 534
f 536 439 438
f 536 439 438
f 536 437 438
f 536 437 534
f 536 437 438
f 536 437 436
f 536 437 436
f 536 436 435
f 536 436 435
f 536 434 435
f 536 434 435
f 536 433 434
f 536 433 434
f 536 433 432
f 536 433 535
f 536 431 432
f 536 535 431
f 536 430 431
f 536 430 535
f 536 430 429
f 536 430 429
f 536 426 427
f 536 426 535
f 536 425 535
f 536 426 425
f 536 426 425
f 680 19 24
f 699 692 534
f 699 725 698
f 704 529 707
f 704 703 707
f 704 703 529
f 704 703 710
f 452 536 537
f 452 536 454
f 452 536 534
f 452 536 454
f 452 533 534
f 452 454 533
f 452 531 533
f 452 454 531
f 452 531 530
f 452 454 531
f 452 217 214
f 452 454 217
f 452 529 530
f 452 454 529
f 452 219 217
f 452 454 219
f 452 219 222
f 452 454 219
f 452 454 224
f 452 524 521
f 452 222 308
f 452 224 222
f 452 521 518
f 452 305 308
f 452 305 224
f 452 305 302
f 452 454 305
f 452 305 224
f 452 454 224
f 452 454 305
f 452 509 518
f 452 301 302
f 452 301 454
f 452 496 509
f 452 301 454
f 452 297 298
f 452 491 496
f 452 491 486
f 452 297 295
f 452 454 298
f 452 297 298
f 452 294 295
f 452 290 291
f 452 286 287
f 452 447 448
f 452 449 448
f 452 447 446
f 452 450 449
f 452 283 446
f 327 689 202
f 668 672 535
f 668 667 535
f 668 536 672
f 668 536 667
f 668 723 724
f 668 723 672
f 668 723 672
f 668 725 724
f 668 725 672
f 668 536 672
f 668 536 667
f 668 725 726
f 668 725 726
f 668 727 726
f 668 727 667
f 668 727 726
f 668 727 667
f 668 729 667
f 668 667 573
f 668 729 667
f 668 667 573
f 668 667 1
f 668 667 575
f 668 3 667
f 668 576 667
f 668 3 667
f 668 5 667
f 668 667 579
f 668 5 667
f 668 7 667
f 668 7 667
f 668 667 8
f 668 667 10
f 668 667 10
f 668 667 11
f 668 16 667
f 668 16 667
f 668 22 667
f 668 18 667
f 668 18 667
f 668 667 19
f 666 655 535
f 666 667 535
f 666 536 655
f 666 536 667
f 666 16 667
f 666 16 667
f 666 536 655
f 666 536 667
f 666 18 667
f 666 667 11
f 666 18 667
f 666 667 10
f 666 667 19
f 666 667 10
f 666 667 573
f 666 8 9
f 666 667 8
f 666 22 667
f 666 667 573
f 666 7 8
f 666 7 667
f 666 667 575
f 666 7 6
f 666 7 667
f 666 576 667
f 666 5 6
f 666 5 667
f 666 667 4
f 666 5 4
f 666 5 667
f 666 667 579
f 666 667 584
f 68 187 188
f 68 185 184
f 68 183 184
f 68 175 177
f 68 173 175
f 75 648 103
f 75 132 131
f 151 149 338
f 151 340 149
f 151 340 149
f 151 340 342
f 151 340 153
f 21 220 219
f 21 22 220
f 21 221 220
f 21 22 221
f 21 668 667
f 21 668 22
f 21 666 667
f 21 666 22
f 21 20 648
f 21 22 648
f 21 236 233
f 21 22 236
f 21 238 20
f 21 238 22
f 21 242 20
f 21 22 242
f 522 521 707
f 522 524 707
f 522 524 521
f 522 709 711
f 522 709 521
f 522 709 521
f 522 715 520
f 522 715 520
f 522 717 520
f 522 717 520
f 522 719 520
f 522 719 520
f 522 520 420
f 522 520 423
f 522 520 423
f 522 520 425
f 522 520 521
f 522 521 430
f 522 521 430
f 522 521 431
f 522 521 433
f 522 521 433
f 522 521 434
f 522 524 434
f 522 521 436
f 522 524 436
f 522 437 521
f 522 437 524
f 522 437 521
f 522 437 524
f 522 521 439
f 522 524 439
f 522 521 439
f 522 524 439
f 522 524 521
f 526 524 525
f 526 525 707
f 526 527 707
f 526 711 525
f 526 527 711
f 526 527 711
f 526 442 527
f 526 442 524
f 526 442 527
f 526 442 524
f 526 704 527
f 526 527 441
f 526 524 441
f 526 524 444
f 526 527 439
f 526 524 439
f 526 529 444
f 526 527 529
f 526 524 445
f 526 527 439
f 526 524 439
f 526 445 529
f 526 524 445
f 526 437 527
f 526 437 524
f 526 445 529
f 526 524 447
f 526 462 524
f 526 437 527
f 526 437 524
f 526 529 447
f 526 524 447
f 526 465 529
f 526 462 465
f 526 462 524
f 526 527 436
f 526 524 525
f 526 524 436
f 526 529 447
f 526 524 449
f 526 462 465
f 526 462 529
f 526 525 434
f 526 527 434
f 526 449 529
f 526 450 524
f 526 433 525
f 526 527 433
f 526 450 449
f 526 450 524
f 526 452 524
f 526 433 525
f 526 527 433
f 526 450 529
f 526 452 529
f 526 525 431
f 526 527 431
f 526 525 430
f 526 527 430
f 526 525 430
f 526 527 430
f 526 527 525
f 712 524 711
f 712 715 711
f 712 715 524
f 712 522 521
f 712 522 715
f 712 520 521
f 712 715 520
f 712 520 711
f 712 715 520
f 712 711 518
f 712 715 518
f 712 506 711
f 712 507 506
f 712 505 506
f 712 505 503
f 712 505 711
f 712 501 711
f 712 501 711
f 712 499 711
f 712 498 499
f 712 498 497
f 712 497 711
f 712 711 496
f 712 493 711
f 712 493 492
f 712 491 492
f 712 711 488
f 712 486 488
f 712 486 711
f 712 710 711
f 712 710 224
f 712 221 710
f 712 221 710
f 712 710 219
f 712 710 215
f 712 710 215
f 560 608 607
f 560 604 605
f 560 603 604
f 330 327 445
f 330 442 441
f 330 327 442
f 330 573 572
f 330 441 440
f 330 327 442
f 330 439 440
f 330 437 436
f 330 437 439
f 330 436 435
f 330 433 435
f 330 106 104
f 330 433 332
f 330 430 332
f 330 175 178
f 330 106 107
f 330 178 107
f 330 178 106
f 330 416 430
f 330 175 178
f 330 173 175
f 330 407 409
f 330 329 407
f 330 329 169
f 330 405 407
f 330 329 405
f 330 167 168
f 330 329 167
f 330 329 167
f 330 405 365
f 330 329 365
f 330 405 365
f 330 329 365
f 330 329 405
f 571 333 572
f 571 333 572
f 571 330 572
f 571 572 335
f 571 572 339
f 571 341 572
f 571 341 572
f 571 668 667
f 571 572 350
f 571 416 350
f 571 666 667
f 571 353 572
f 428 430 429
f 428 307 308
f 428 307 429
f 428 426 308
f 428 304 305
f 428 304 305
f 428 536 427
f 428 536 429
f 428 536 535
f 428 536 429
f 428 301 302
f 428 301 302
f 428 534 535
f 428 534 429
f 428 533 534
f 428 533 534
f 428 297 429
f 428 297 298
f 428 297 298
f 428 533 427
f 428 533 429
f 428 531 427
f 428 531 429
f 428 531 427
f 428 531 429
f 428 529 427
f 428 529 429
f 428 528 529
f 428 528 529
f 428 528 527
f 428 528 527
f 428 526 527
f 428 526 527
f 428 526 525
f 428 526 525
f 428 524 525
f 428 524 525
f 428 522 521
f 428 522 521
f 428 520 429
f 428 520 521
f 428 520 521
f 352 575 350
f 352 353 350
f 352 353 575
f 352 576 575
f 352 576 353
f 352 580 579
f 352 580 353
f 352 580 350
f 352 580 353
f 352 585 584
f 352 585 353
f 352 587 350
f 352 353 587
f 352 353 112
f 352 353 113
f 352 353 113
f 352 115 114
f 352 353 114
f 352 353 117
f 352 353 117
f 352 353 120
f 352 122 353
f 352 124 353
f 352 124 353
f 352 127 353
f 352 129 353
f 352 129 353
f 352 353 131
f 352 353 131
f 352 146 353
f 352 146 353
f 352 353 147
f 352 353 153
f 352 353 153
f 352 353 157
f 352 353 157
f 352 353 329
f 352 353 334
f 352 353 334
f 218 721 722
f 218 721 722
f 218 723 722
f 218 723 722
f 218 219 720
f 218 721 720
f 218 721 219
f 218 723 217
f 218 723 219
f 218 725 217
f 218 725 219
f 218 725 726
f 218 725 726
f 218 727 726
f 218 727 726
f 218 727 728
f 218 727 728
f 218 729 728
f 218 729 728
f 218 729 1
f 218 729 1
f 218 1 2
f 218 1 219
f 218 3 2
f 218 3 219
f 218 3 4
f 218 3 4
f 218 5 4
f 218 5 4
f 218 5 6
f 218 5 6
f 218 7 6
f 218 7 6
f 218 7 8
f 218 7 8
f 218 8 217
f 218 8 219
f 218 10 217
f 218 10 219
f 218 16 15
f 218 16 15
f 218 16 17
f 218 16 17
f 218 18 17
f 218 18 17
f 218 18 19
f 218 18 19
f 218 19 217
f 218 19 219
f 218 21 219
f 218 24 217
f 218 21 24
f 218 22 24
f 218 21 22
f 218 21 22
f 218 219 217
f 218 219 222
f 218 220 219
f 218 220 185
f 218 190 185
f 218 190 220
f 218 190 220
f 218 224 222
f 218 220 224
f 218 220 224
f 218 220 193
f 218 220 225
f 218 220 199
f 485 721 722
f 485 723 722
f 485 486 720
f 485 721 720
f 485 721 722
f 485 723 722
f 485 721 720
f 485 723 724
f 485 723 487
f 485 719 720
f 485 719 486
f 485 443 440
f 485 443 487
f 485 443 446
f 485 443 446
f 485 486 446
f 485 725 724
f 485 725 487
f 485 719 718
f 485 719 486
f 485 439 440
f 485 439 487
f 485 439 487
f 485 447 446
f 485 486 447
f 485 725 726
f 485 725 726
f 485 717 718
f 485 717 486
f 485 447 448
f 485 486 447
f 485 727 726
f 485 727 726
f 485 717 716
f 485 717 486
f 485 449 448
f 485 486 449
f 485 727 728
f 485 727 728
f 485 715 716
f 485 715 486
f 485 450 486
f 485 729 728
f 485 729 728
f 485 729 1
f 485 729 1
f 485 712 486
f 485 1 2
f 485 1 2
f 485 3 2
f 485 3 2
f 485 709 710
f 485 709 486
f 485 3 4
f 485 3 4
f 485 709 486
f 485 486 707
f 223 719 718
f 223 719 718
f 223 717 718
f 223 717 718
f 223 719 720
f 223 719 720
f 223 717 716
f 223 717 224
f 223 721 720
f 223 721 720
f 223 721 722
f 223 721 722
f 223 723 722
f 223 723 722
f 223 723 222
f 223 723 224
f 223 725 222
f 223 725 224
f 223 725 726
f 223 725 726
f 223 727 726
f 223 727 726
f 223 727 728
f 223 727 728
f 223 729 728
f 223 729 728
f 223 729 1
f 223 729 1
f 223 1 2
f 223 1 2
f 223 3 2
f 223 3 2
f 223 3 4
f 223 3 4
f 223 5 4
f 223 5 4
f 223 5 6
f 223 5 6
f 223 7 6
f 223 7 6
f 223 7 8
f 223 7 8
f 223 8 9
f 223 8 224
f 223 10 9
f 223 10 224
f 223 10 11
f 223 10 11
f 223 11 12
f 223 11 12
f 223 16 15
f 223 16 17
f 223 16 15
f 223 18 17
f 223 16 225
f 223 18 19
f 223 18 225
f 223 19 222
f 223 18 19
f 223 19 225
f 223 221 222
f 223 21 221
f 223 21 225
f 223 21 22
f 223 21 22
f 223 22 221
f 223 22 225
f 223 220 224
f 223 221 220
f 223 225 224
f 223 220 224
f 223 220 225
f 223 225 183
f 223 220 183
f 223 225 185
f 223 220 185
f 223 220 225
f 314 219 217
f 314 187 188
f 322 208 320
f 322 450 449
f 322 320 202
f 322 449 320
f 322 320 200
f 322 320 447
f 322 445 320
f 322 320 200
f 322 197 200
f 322 197 320
f 322 445 320
f 322 442 320
f 322 320 192
f 322 320 192
f 322 189 320
f 322 442 320
f 322 189 320
f 322 320 441
f 322 320 188
f 322 320 439
f 322 320 184
f 322 437 320
f 322 320 184
f 322 437 320
f 322 320 436
f 322 320 433
f 322 320 433
f 322 320 430
f 322 416 320
f 464 280 429
f 464 280 429
f 464 266 265
f 464 259 465
f 464 259 258
f 464 258 465
f 464 256 465
f 464 256 255
f 464 255 465
f 464 465 254
f 464 465 252
f 464 465 252
f 464 250 465
f 464 250 465
f 464 465 249
f 464 247 465
f 464 247 465
f 464 465 246
f 464 244 465
f 464 244 465
f 464 465 243
f 464 465 240
f 464 238 465
f 464 465 236
f 464 465 235
f 464 465 234
f 229 228 227
f 229 231 230
f 229 228 213
f 229 231 213
f 229 231 228
f 229 715 228
f 229 717 228
f 229 10 228
f 229 10 231
f 229 10 11
f 229 10 231
f 229 717 718
f 229 717 718
f 229 8 228
f 229 8 231
f 229 11 228
f 229 231 11
f 229 719 718
f 229 719 718
f 229 7 8
f 229 7 8
f 229 15 228
f 229 15 231
f 229 719 720
f 229 719 228
f 229 7 6
f 229 7 231
f 229 16 15
f 229 16 15
f 229 721 720
f 229 721 228
f 229 5 6
f 229 5 231
f 229 16 17
f 229 16 231
f 229 721 722
f 229 721 722
f 229 5 4
f 229 5 4
f 229 18 17
f 229 18 231
f 229 723 722
f 229 723 722
f 229 3 4
f 229 3 4
f 229 18 19
f 229 18 19
f 229 723 230
f 229 723 228
f 229 3 228
f 229 231 2
f 229 3 231
f 229 19 228
f 229 19 231
f 229 725 230
f 229 725 228
f 229 1 2
f 229 1 228
f 229 21 228
f 229 21 231
f 229 725 726
f 229 725 726
f 229 729 1
f 229 729 1
f 229 21 22
f 229 21 22
f 229 727 726
f 229 727 726
f 229 729 728
f 229 729 728
f 229 231 228
f 229 22 228
f 229 22 231
f 229 727 728
f 229 727 728
f 508 510 719
f 508 507 719
f 508 510 717
f 508 507 717
f 508 510 719
f 508 507 719
f 508 510 717
f 508 507 717
f 508 510 721
f 508 507 721
f 508 510 715
f 508 507 715
f 508 510 721
f 508 507 721
f 508 510 715
f 508 507 715
f 508 510 723
f 508 507 723
f 508 510 723
f 508 507 723
f 508 510 431
f 508 510 509
f 508 507 431
f 508 510 429
f 508 507 429
f 508 725 510
f 508 725 507
f 508 509 434
f 508 507 434
f 508 510 429
f 508 507 429
f 508 725 510
f 508 725 507
f 508 509 434
f 508 507 434
f 508 507 509
f 508 510 425
f 508 507 425
f 508 727 510
f 508 727 507
f 508 510 423
f 508 507 423
f 508 727 510
f 508 727 507
f 508 510 423
f 508 507 423
f 508 729 510
f 508 729 507
f 508 510 420
f 508 507 420
f 508 729 510
f 508 729 507
f 508 510 420
f 508 507 420
f 508 510 1
f 508 507 1
f 508 3 510
f 508 3 507
f 237 170 236
f 237 238 170
f 237 174 236
f 237 238 174
f 237 170 236
f 237 238 170
f 237 174 236
f 237 238 174
f 237 236 27
f 237 236 179
f 237 238 179
f 237 181 236
f 237 238 181
f 237 22 236
f 237 238 22
f 237 181 236
f 237 238 181
f 237 21 22
f 237 21 238
f 237 236 185
f 237 238 185
f 237 21 236
f 237 21 238
f 237 187 236
f 237 238 187
f 237 19 236
f 237 238 19
f 237 187 190
f 237 238 187
f 237 18 19
f 237 18 238
f 237 190 236
f 237 238 190
f 237 18 17
f 237 18 238
f 237 236 193
f 237 238 193
f 237 16 17
f 237 16 238
f 237 199 236
f 237 238 199
f 237 16 15
f 237 16 238
f 237 199 236
f 237 238 199
f 237 15 236
f 237 238 15
f 237 236 201
f 237 238 201
f 237 11 236
f 237 238 11
f 237 236 207
f 237 238 207
f 237 10 11
f 237 238 10
f 237 236 235
f 237 238 235
f 237 10 236
f 237 238 10
f 237 8 236
f 237 238 8
f 237 464 236
f 237 7 8
f 237 7 238
f 237 464 465
f 237 464 238
f 237 7 6
f 237 7 238
f 237 5 6
f 237 5 238
f 237 5 4
f 237 5 238
f 237 3 4
f 237 3 238
f 237 3 236
f 237 3 238
f 237 727 728
f 237 727 726
f 237 1 236
f 237 238 1
f 237 729 728
f 237 729 238
f 237 729 1
f 237 729 238
f 293 291 193
f 293 294 193
f 293 294 291
f 293 291 192
f 293 294 192
f 293 190 291
f 293 294 190
f 293 190 291
f 293 294 190
f 293 291 189
f 293 294 189
f 293 187 291
f 293 294 187
f 293 187 291
f 293 294 187
f 293 291 185
f 293 294 185
f 293 185 183
f 293 294 183
f 293 294 185
f 293 294 181
f 293 294 181
f 293 294 177
f 293 294 177
f 293 294 174
f 293 294 174
f 293 393 394
f 293 294 393
f 293 294 393
f 293 294 394
f 293 294 396
f 293 294 396
f 293 398 294
f 293 398 294
f 293 400 399
f 293 294 400
f 293 294 400
f 293 294 420
f 293 294 420
f 293 294 423
f 293 294 423
f 293 294 425
f 293 294 429
f 293 294 429
f 293 294 431
f 293 294 434
f 293 294 434
f 293 294 436
f 293 294 436
f 293 294 439
f 293 294 439
f 293 294 441
f 293 294 441
f 293 294 444
f 293 445 444
f 293 294 445
f 293 294 445
f 293 294 447
f 293 294 447
f 293 294 449
f 293 294 450
f 293 450 291
f 293 294 450
f 293 452 291
f 293 452 294
f 293 294 454
f 289 190 189
f 289 290 190
f 289 290 190
f 289 187 189
f 289 290 187
f 289 187 185
f 289 290 187
f 289 185 183
f 289 290 185
f 289 290 181
f 289 290 181
f 289 290 177
f 289 290 177
f 289 290 174
f 289 290 174
f 289 398 290
f 289 290 399
f 289 290 419
f 289 290 420
f 289 290 420
f 289 290 425
f 289 290 425
f 289 290 429
f 289 290 429
f 289 290 434
f 289 290 434
f 289 290 438
f 289 290 439
f 289 290 439
f 289 290 443
f 289 444 443
f 289 290 444
f 289 290 444
f 289 290 447
f 289 290 447
f 289 290 449
f 289 290 450
f 289 290 450
f 289 452 290
f 289 290 454
f 306 305 185
f 306 307 185
f 306 307 305
f 306 305 185
f 306 307 185
f 306 305 183
f 306 307 183
f 306 305 183
f 306 307 183
f 306 305 181
f 306 307 181
f 306 178 305
f 306 307 178
f 306 178 305
f 306 307 178
f 306 307 177
f 306 304 177
f 306 304 305
f 306 304 174
f 306 175 174
f 306 307 175
f 306 307 175
f 306 307 174
f 306 304 174
f 306 376 307
f 306 376 307
f 306 307 377
f 306 304 377
f 306 307 375
f 306 307 380
f 306 304 380
f 306 307 380
f 306 304 380
f 306 307 381
f 306 304 381
f 306 340 164
f 306 307 382
f 306 304 382
f 306 370 371
f 306 340 342
f 306 307 384
f 306 304 384
f 306 307 385
f 306 307 385
f 306 385 386
f 306 304 386
f 306 307 386
f 306 304 386
f 306 307 387
f 306 304 387
f 306 307 389
f 306 304 389
f 306 307 389
f 306 304 389
f 306 307 390
f 306 304 390
f 306 307 392
f 306 304 392
f 306 307 392
f 306 304 392
f 306 307 393
f 306 304 393
f 306 307 394
f 306 304 394
f 306 307 396
f 306 304 396
f 306 307 396
f 306 304 396
f 306 307 398
f 306 304 398
f 306 307 398
f 306 304 398
f 306 307 400
f 306 304 400
f 306 307 400
f 306 304 400
f 306 304 401
f 306 404 307
f 306 404 304
f 306 307 405
f 306 307 407
f 306 307 416
f 306 305 426
f 306 305 426
f 306 307 426
f 306 305 424
f 306 428 305
f 306 428 307
f 306 428 305
f 306 428 307
f 306 305 430
f 306 307 430
f 306 305 430
f 306 307 430
f 306 305 431
f 306 307 431
f 306 305 433
f 306 307 433
f 306 305 433
f 306 307 433
f 306 305 434
f 306 307 434
f 306 305 436
f 306 307 436
f 306 437 305
f 306 307 437
f 306 437 305
f 306 307 437
f 306 305 439
f 306 307 439
f 306 307 305
f 303 185 302
f 303 304 302
f 303 304 185
f 303 185 302
f 303 304 185
f 303 183 302
f 303 304 183
f 303 183 302
f 303 304 183
f 303 181 302
f 303 304 181
f 303 178 302
f 303 304 178
f 303 178 177
f 303 304 178
f 303 304 177
f 303 301 177
f 303 301 177
f 303 304 174
f 303 301 174
f 303 304 174
f 303 301 174
f 303 306 170
f 303 306 304
f 303 304 380
f 303 304 377
f 303 306 170
f 303 304 380
f 303 306 169
f 303 304 381
f 303 301 381
f 303 306 304
f 303 306 376
f 303 306 167
f 303 304 382
f 303 301 382
f 303 306 376
f 303 376 375
f 303 306 164
f 303 304 384
f 303 301 384
f 303 306 375
f 303 306 164
f 303 304 386
f 303 301 386
f 303 306 372
f 303 306 342
f 303 304 386
f 303 301 386
f 303 306 372
f 303 304 387
f 303 301 387
f 303 306 371
f 303 304 389
f 303 301 389
f 303 306 367
f 303 306 352
f 303 304 389
f 303 301 389
f 303 306 366
f 303 306 353
f 303 304 390
f 303 301 390
f 303 306 366
f 303 306 355
f 303 304 392
f 303 301 393
f 303 306 359
f 303 306 356
f 303 392 393
f 303 304 392
f 303 301 393
f 303 306 358
f 303 306 356
f 303 304 393
f 303 301 394
f 303 306 358
f 303 304 394
f 303 301 396
f 303 304 396
f 303 301 396
f 303 304 396
f 303 301 398
f 303 304 398
f 303 301 398
f 303 304 398
f 303 301 400
f 303 304 400
f 303 301 400
f 303 304 400
f 303 301 401
f 303 304 401
f 303 404 301
f 303 404 304
f 303 301 419
f 303 301 302
f 303 418 420
f 303 302 420
f 303 418 420
f 303 302 420
f 303 418 423
f 303 302 423
f 303 424 302
f 303 418 421
f 303 302 421
f 303 424 302
f 303 304 424
f 303 302 426
f 303 304 426
f 303 302 426
f 303 304 426
f 303 428 302
f 303 428 304
f 303 428 302
f 303 428 304
f 303 302 430
f 303 304 430
f 303 302 430
f 303 304 430
f 303 302 431
f 303 304 431
f 303 302 433
f 303 304 433
f 303 302 433
f 303 304 433
f 303 302 434
f 303 304 434
f 303 302 436
f 303 304 436
f 303 437 302
f 303 304 437
f 303 437 302
f 303 304 437
f 303 302 439
f 303 304 439
f 303 302 439
f 303 304 439
f 303 302 441
f 303 304 441
f 303 442 302
f 303 304 442
f 303 304 442
f 415 304 305
f 415 306 305
f 415 303 304
f 415 306 307
f 415 307 416
f 415 330 416
f 415 416 333
f 415 573 575
f 415 416 333
f 415 573 356
f 415 416 335
f 415 573 356
f 415 416 339
f 415 573 355
f 415 573 572
f 415 571 353
f 415 416 341
f 415 353 572
f 415 571 416
f 415 571 353
f 415 416 341
f 415 416 350
f 417 304 305
f 417 304 305
f 417 306 305
f 417 306 305
f 417 306 424
f 417 303 424
f 417 303 304
f 417 306 426
f 417 306 416
f 417 303 418
f 417 303 304
f 417 415 303
f 417 415 303
f 417 415 418
f 300 298 199
f 300 301 199
f 300 298 201
f 300 301 201
f 300 298 199
f 300 301 199
f 300 298 201
f 300 301 201
f 300 298 197
f 300 301 197
f 300 298 203
f 300 301 203
f 300 301 298
f 300 298 197
f 300 301 197
f 300 298 193
f 300 301 193
f 300 298 193
f 300 301 193
f 300 298 192
f 300 301 192
f 300 190 298
f 300 301 190
f 300 190 298
f 300 301 190
f 300 298 189
f 300 301 189
f 300 187 298
f 300 301 187
f 300 187 298
f 300 301 187
f 300 298 185
f 300 301 185
f 300 301 185
f 300 301 183
f 300 301 183
f 300 301 181
f 300 301 177
f 300 301 177
f 300 301 174
f 300 301 174
f 300 303 170
f 300 303 301
f 300 303 170
f 300 303 169
f 300 303 167
f 300 303 358
f 300 303 358
f 300 303 359
f 300 303 366
f 300 303 366
f 300 303 367
f 300 303 371
f 300 303 372
f 300 303 372
f 300 303 376
f 300 303 376
f 300 303 377
f 300 303 380
f 300 303 380
f 300 303 301
f 300 301 381
f 300 301 382
f 300 301 384
f 300 301 386
f 300 301 386
f 300 301 387
f 300 301 389
f 300 301 389
f 300 301 390
f 300 301 393
f 300 301 393
f 300 301 394
f 300 301 396
f 300 301 396
f 300 301 398
f 300 301 398
f 300 301 400
f 300 301 400
f 300 404 301
f 300 301 420
f 300 301 420
f 300 301 421
f 300 301 423
f 300 301 424
f 300 301 424
f 300 301 426
f 300 301 426
f 300 428 301
f 300 428 301
f 300 301 430
f 300 301 430
f 300 301 431
f 300 301 433
f 300 301 433
f 300 301 434
f 300 301 436
f 300 301 437
f 300 301 437
f 300 301 439
f 300 301 439
f 300 301 441
f 300 301 442
f 300 301 442
f 300 301 444
f 300 301 445
f 300 298 445
f 300 301 445
f 300 298 447
f 300 301 447
f 300 298 447
f 300 301 447
f 300 298 449
f 300 301 449
f 300 450 298
f 300 301 450
f 300 450 298
f 300 301 450
f 300 452 298
f 300 452 301
f 300 452 301
f 296 185 184
f 296 297 185
f 296 297 185
f 296 183 184
f 296 297 183
f 296 183 295
f 296 297 183
f 296 181 295
f 296 297 181
f 296 181 179
f 296 297 181
f 296 297 177
f 296 294 179
f 296 294 177
f 296 297 177
f 296 294 177
f 296 297 174
f 296 294 174
f 296 297 174
f 296 294 174
f 296 297 389
f 296 297 389
f 296 293 170
f 296 293 294
f 296 293 389
f 296 297 390
f 296 293 389
f 296 297 387
f 296 293 170
f 296 293 390
f 296 293 294
f 296 294 393
f 296 297 393
f 296 293 387
f 296 293 169
f 296 294 393
f 296 297 393
f 296 293 387
f 296 386 387
f 296 297 386
f 296 297 386
f 296 293 167
f 296 294 394
f 296 297 394
f 296 293 384
f 296 293 164
f 296 294 396
f 296 297 396
f 296 293 382
f 296 294 396
f 296 297 396
f 296 293 381
f 296 293 366
f 296 398 294
f 296 297 398
f 296 293 381
f 296 293 366
f 296 398 294
f 296 297 398
f 296 293 377
f 296 293 367
f 296 294 400
f 296 297 400
f 296 293 376
f 296 293 371
f 296 294 400
f 296 297 400
f 296 293 376
f 296 293 372
f 296 293 372
f 296 294 420
f 296 297 420
f 296 294 420
f 296 297 420
f 296 294 423
f 296 297 423
f 296 294 423
f 296 297 423
f 296 294 425
f 296 297 425
f 296 294 429
f 296 297 429
f 296 294 429
f 296 294 295
f 296 297 429
f 296 295 431
f 296 297 431
f 296 295 434
f 296 433 434
f 296 297 433
f 296 297 433
f 296 295 434
f 296 297 434
f 296 436 295
f 296 297 436
f 296 297 437
f 296 436 295
f 296 437 436
f 296 297 437
f 296 439 295
f 296 297 439
f 296 439 295
f 296 297 439
f 296 441 295
f 296 297 441
f 296 442 441
f 296 297 442
f 296 442 295
f 296 297 442
f 296 444 295
f 296 297 444
f 296 445 444
f 296 297 445
f 296 445 295
f 296 297 445
f 296 447 295
f 296 297 447
f 296 297 447
f 156 149 335
f 156 149 161
f 156 334 335
f 156 334 161
f 156 157 336
f 156 333 161
f 156 334 333
f 156 334 333
f 156 157 338
f 156 340 157
f 126 125 139
f 126 338 139
f 126 125 338
f 126 125 338
f 126 127 338
f 126 340 125
f 126 340 127
f 126 125 55
f 126 127 55
f 126 340 341
f 126 340 127
f 126 125 55
f 126 127 55
f 126 342 341
f 126 127 342
f 126 342 125
f 126 127 342
f 126 352 353
f 126 352 127
f 126 353 125
f 126 127 353
f 126 125 355
f 126 127 355
f 126 125 356
f 126 127 356
f 126 125 356
f 126 127 356
f 126 358 125
f 126 127 358
f 126 358 125
f 126 127 358
f 126 125 359
f 126 127 359
f 126 366 125
f 126 127 366
f 136 135 133
f 136 132 133
f 136 135 342
f 136 135 342
f 121 338 118
f 121 336 118
f 121 122 336
f 121 122 338
f 121 120 339
f 121 338 339
f 121 336 335
f 121 122 335
f 121 122 336
f 121 122 338
f 121 340 120
f 121 340 122
f 121 120 55
f 121 122 55
f 121 340 341
f 121 340 122
f 121 120 55
f 121 122 55
f 121 342 341
f 121 122 342
f 121 342 120
f 121 122 342
f 121 350 120
f 121 122 350
f 121 352 353
f 121 352 122
f 121 353 120
f 121 122 353
f 121 120 355
f 121 122 355
f 121 120 356
f 121 122 356
f 121 120 356
f 121 122 356
f 121 358 120
f 121 122 358
f 121 358 359
f 121 122 358
f 121 359 120
f 121 122 359
f 121 362 120
f 121 363 362
f 121 363 362
f 121 366 363
f 121 122 366
f 121 366 363
f 121 366 618
f 137 124 123
f 137 123 139
f 137 124 125
f 137 126 125
f 137 126 338
f 137 126 127
f 137 338 139
f 137 127 338
f 137 132 127
f 137 127 128
f 137 132 128
f 137 340 139
f 137 340 132
f 137 340 341
f 137 340 132
f 137 136 132
f 137 342 341
f 137 136 342
f 137 136 342
f 100 99 612
f 100 101 612
f 100 99 615
f 100 101 615
f 100 101 99
f 100 99 612
f 100 101 612
f 100 99 608
f 100 101 608
f 100 99 608
f 100 101 608
f 100 99 604
f 100 101 604
f 100 603 99
f 100 101 603
f 100 603 99
f 100 101 603
f 100 584 341
f 100 584 341
f 100 330 184
f 100 99 139
f 102 613 614
f 102 101 613
f 102 615 614
f 102 101 615
f 102 101 615
f 102 613 612
f 102 101 613
f 102 611 612
f 102 101 611
f 102 611 610
f 102 101 611
f 102 609 610
f 102 101 609
f 102 609 608
f 102 101 609
f 102 608 607
f 102 101 608
f 102 607 606
f 102 101 607
f 102 604 606
f 102 101 604
f 102 603 604
f 102 101 603
f 102 603 602
f 102 602 601
f 102 603 602
f 102 101 603
f 102 100 101
f 102 341 104
f 102 100 341
f 102 341 104
f 102 100 341
f 102 100 584
f 102 104 339
f 102 100 339
f 102 104 335
f 102 100 335
f 102 104 333
f 102 100 333
f 102 104 333
f 102 100 333
f 102 106 104
f 102 101 106
f 102 330 104
f 102 100 330
f 102 101 106
f 102 106 139
f 102 100 139
f 102 106 139
f 102 100 139
f 102 100 99
f 102 100 101
f 102 330 184
f 102 100 184
f 102 100 330
f 102 106 141
f 102 100 141
f 102 175 178
f 102 100 175
f 102 173 106
f 102 173 175
f 102 100 173
f 91 97 99
f 91 102 99
f 91 102 101
f 91 102 101
f 91 97 107
f 91 112 107
f 91 97 139
f 91 97 94
f 91 101 106
f 91 101 106
f 91 97 649
f 91 97 649
f 96 97 612
f 96 97 612
f 96 97 608
f 96 97 615
f 96 97 608
f 96 97 604
f 96 603 604
f 96 97 603
f 96 97 603
f 96 579 339
f 96 576 575
f 96 575 335
f 96 327 194
f 96 327 188
f 96 163 141
f 98 99 612
f 98 97 612
f 98 99 615
f 98 97 615
f 98 99 612
f 98 97 612
f 98 649 99
f 98 97 649
f 98 97 649
f 98 99 608
f 98 97 608
f 98 99 608
f 98 97 608
f 98 99 604
f 98 97 604
f 98 603 99
f 98 97 603
f 98 603 99
f 98 97 603
f 98 100 99
f 98 100 584
f 98 96 584
f 98 100 341
f 98 341 582
f 98 100 341
f 98 579 582
f 98 96 579
f 98 96 579
f 98 96 339
f 98 100 339
f 98 96 335
f 98 100 335
f 98 96 333
f 98 100 333
f 98 96 333
f 98 100 333
f 98 96 330
f 98 100 330
f 98 97 99
f 98 100 99
f 98 96 97
f 98 100 139
f 98 96 139
f 98 330 188
f 98 100 330
f 98 96 188
f 98 100 141
f 98 96 141
f 98 100 184
f 98 96 184
f 98 100 184
f 98 96 184
f 98 100 173
f 98 96 173
f 98 100 175
f 98 96 175
f 577 579 339
f 577 576 339
f 577 96 579
f 577 96 576
f 577 579 341
f 577 576 341
f 577 579 341
f 577 576 341
f 577 579 350
f 577 576 350
f 577 352 579
f 577 352 576
f 577 668 667
f 577 668 576
f 577 352 353
f 577 352 576
f 577 666 667
f 577 666 576
f 577 576 353
f 577 576 355
f 577 576 356
f 577 576 356
f 577 576 358
f 577 576 358
f 577 576 362
f 577 415 576
f 577 576 363
f 577 363 409
f 577 576 363
f 577 407 409
f 577 407 365
f 581 358 582
f 581 580 582
f 581 580 358
f 581 358 359
f 581 580 358
f 581 359 582
f 581 580 359
f 581 362 582
f 581 580 362
f 581 363 362
f 581 580 363
f 581 363 582
f 581 580 363
f 581 582 365
f 581 580 365
f 581 582 365
f 581 580 365
f 581 370 582
f 581 580 370
f 581 370 582
f 581 580 370
f 581 400 399
f 581 400 374
f 581 580 374
f 581 398 399
f 581 580 405
f 581 398 374
f 581 404 405
f 581 580 405
f 581 379 374
f 581 379 582
f 581 580 407
f 581 379 396
f 581 379 396
f 581 392 379
f 581 392 394
f 586 585 593
f 586 102 588
f 586 102 584
f 586 102 100
f 586 587 350
f 586 585 350
f 586 102 100
f 586 585 584
f 586 352 587
f 586 352 585
f 586 98 100
f 586 98 100
f 586 352 353
f 586 352 585
f 586 96 584
f 586 98 96
f 586 98 96
f 586 353 587
f 586 585 353
f 586 587 355
f 586 585 355
f 586 587 356
f 586 585 356
f 586 587 356
f 586 585 356
f 586 358 587
f 586 585 358
f 586 358 587
f 586 585 358
f 586 587 359
f 586 585 359
f 586 587 362
f 586 585 362
f 586 363 587
f 586 585 363
f 586 363 587
f 586 585 363
f 586 587 365
f 586 585 365
f 586 587 365
f 586 585 365
f 586 370 587
f 586 585 370
f 586 370 587
f 586 585 370
f 586 585 371
f 586 372 371
f 586 372 587
f 586 372 587
f 586 587 375
f 586 585 375
f 586 376 587
f 586 585 376
f 586 376 587
f 586 585 376
f 586 587 379
f 586 585 379
f 586 587 380
f 586 385 380
f 586 585 385
f 586 587 385
f 586 587 385
f 586 585 385
f 586 587 386
f 586 585 386
f 586 587 387
f 586 392 387
f 586 585 392
f 586 392 587
f 586 392 587
f 586 585 392
f 586 587 393
f 586 585 393
f 586 587 394
f 586 585 394
f 586 587 396
f 586 585 396
f 586 587 396
f 586 585 396
f 586 398 587
f 586 585 398
f 586 398 587
f 586 585 398
f 586 400 587
f 586 585 400
f 586 400 587
f 586 585 400
f 586 587 401
f 586 404 405
f 586 404 585
f 403 586 401
f 403 586 585
f 403 306 401
f 403 586 404
f 403 306 304
f 403 306 404
f 403 306 307
f 403 306 404
f 403 586 587
f 403 586 404
f 403 303 304
f 403 303 404
f 403 303 301
f 403 303 404
f 403 300 301
f 403 300 404
f 403 296 297
f 403 296 404
f 403 296 294
f 403 296 404
f 403 293 294
f 403 293 404
f 403 293 404
f 285 282 193
f 285 286 193
f 285 286 282
f 285 282 190
f 285 286 190
f 285 282 190
f 285 286 190
f 285 282 187
f 285 286 187
f 285 286 187
f 285 286 185
f 285 286 181
f 285 286 181
f 285 452 286
f 285 286 177
f 285 286 450
f 285 286 177
f 285 286 450
f 285 286 174
f 285 286 449
f 285 286 174
f 285 286 447
f 285 286 447
f 285 286 443
f 285 439 438
f 285 286 439
f 285 286 439
f 285 286 438
f 285 286 434
f 285 286 429
f 285 286 429
f 285 286 425
f 285 286 425
f 285 286 420
f 281 280 193
f 281 282 193
f 281 280 193
f 281 282 196
f 281 282 190
f 281 280 190
f 281 282 190
f 281 280 190
f 281 283 177
f 281 282 283
f 281 283 177
f 281 280 177
f 281 280 177
f 281 282 187
f 281 280 187
f 281 283 174
f 281 280 174
f 281 282 181
f 281 280 181
f 281 282 187
f 281 280 187
f 281 283 174
f 281 280 174
f 281 280 283
f 281 282 181
f 281 280 181
f 281 282 185
f 281 280 185
f 279 190 189
f 279 280 190
f 279 280 190
f 279 187 189
f 279 280 187
f 279 187 276
f 279 187 185
f 279 280 187
f 279 185 183
f 279 280 185
f 279 181 183
f 279 280 181
f 279 181 179
f 279 280 181
f 279 420 422
f 279 280 420
f 279 280 425
f 279 177 179
f 279 280 177
f 279 420 419
f 279 280 420
f 279 280 425
f 279 464 280
f 279 177 176
f 279 280 177
f 279 280 419
f 279 174 176
f 279 280 174
f 279 280 399
f 279 174 172
f 279 280 174
f 279 280 398
f 279 170 172
f 279 280 170
f 279 170 166
f 279 280 170
f 279 164 166
f 279 280 164
f 279 164 162
f 279 280 164
f 279 162 278
f 279 280 162
f 211 209 721
f 211 209 719
f 211 209 719
f 211 209 717
f 211 209 709
f 211 696 698
f 211 209 698
f 211 696 698
f 211 696 454
f 211 307 209
f 211 304 305
f 211 304 209
f 211 452 454
f 211 450 214
f 211 452 214
f 211 322 208
f 211 307 209
f 211 304 209
f 211 301 209
f 211 450 320
f 211 322 450
f 211 301 209
f 211 294 295
f 211 209 295
f 211 209 298
f 211 294 291
f 211 291 287
f 216 729 1
f 216 729 1
f 216 1 2
f 216 1 215
f 216 729 728
f 216 729 728
f 216 3 2
f 216 3 215
f 216 727 728
f 216 727 728
f 216 3 4
f 216 3 4
f 216 727 726
f 216 727 726
f 216 5 4
f 216 5 4
f 216 725 726
f 216 725 726
f 216 5 6
f 216 5 6
f 216 725 217
f 216 725 215
f 216 7 6
f 216 7 6
f 216 723 217
f 216 723 215
f 216 723 215
f 216 7 8
f 216 7 8
f 216 8 217
f 216 8 215
f 216 16 15
f 216 16 15
f 216 16 17
f 216 16 24
f 216 16 24
f 216 18 17
f 216 18 24
f 216 18 24
f 216 235 230
f 216 235 215
f 216 230 217
f 216 218 217
f 216 235 215
f 216 229 230
f 216 229 230
f 216 230 234
f 216 235 234
f 216 235 230
f 216 229 228
f 216 229 228
f 216 196 213
f 216 193 196
f 216 190 193
f 216 218 190
f 216 218 190
f 216 218 193
f 216 225 228
f 216 218 225
f 216 225 228
f 216 199 196
f 216 218 199
f 216 218 220
f 216 199 213
f 216 225 213
f 216 207 213
f 216 220 199
f 216 218 220
f 216 225 207
f 216 220 225
f 216 207 213
f 216 220 207
f 490 3 2
f 490 491 3
f 490 1 2
f 490 491 1
f 490 729 1
f 490 491 729
f 490 729 728
f 490 491 729
f 490 727 728
f 490 491 727
f 490 727 726
f 490 491 727
f 490 725 726
f 490 491 725
f 490 725 724
f 490 491 725
f 490 723 724
f 490 491 723
f 490 723 722
f 490 491 723
f 490 721 722
f 490 491 721
f 490 721 720
f 490 491 721
f 490 719 720
f 490 491 719
f 490 719 718
f 490 491 719
f 490 717 718
f 490 491 717
f 490 717 716
f 490 491 717
f 490 715 716
f 490 491 715
f 490 420 422
f 490 491 420
f 490 425 422
f 490 491 425
f 490 712 711
f 490 712 491
f 490 425 427
f 490 491 425
f 490 709 711
f 490 491 709
f 490 429 427
f 490 491 429
f 490 709 708
f 490 491 709
f 490 429 431
f 490 491 429
f 490 707 708
f 490 491 707
f 490 434 431
f 490 491 434
f 490 491 521
f 490 434 435
f 490 491 434
f 490 524 521
f 490 486 521
f 490 438 435
f 490 491 438
f 490 486 521
f 490 491 521
f 490 491 486
f 490 439 438
f 490 491 439
f 490 450 486
f 490 450 486
f 490 491 450
f 490 452 486
f 490 452 491
f 490 452 491
f 490 439 440
f 490 491 439
f 490 450 449
f 490 491 450
f 490 441 440
f 490 491 441
f 490 449 448
f 490 491 449
f 490 441 443
f 490 491 441
f 490 447 448
f 490 491 447
f 490 444 443
f 490 491 444
f 490 447 446
f 490 491 447
f 490 444 446
f 490 491 444
f 546 437 439
f 481 478 531
f 481 478 529
f 481 704 478
f 481 443 446
f 481 443 440
f 481 439 440
f 481 439 438
f 481 434 435
f 481 438 435
f 481 434 431
f 481 429 431
f 481 1 240
f 481 1 240
f 481 240 2
f 481 249 248
f 481 250 249
f 688 686 692
f 688 536 686
f 688 536 686
f 688 719 686
f 688 721 686
f 688 719 686
f 688 721 686
f 688 717 686
f 688 723 686
f 688 717 686
f 688 723 686
f 688 715 686
f 688 725 686
f 688 715 686
f 688 725 686
f 688 686 711
f 688 727 686
f 688 703 686
f 688 703 686
f 688 727 686
f 688 729 686
f 688 729 686
f 688 686 1
f 688 3 686
f 688 3 686
f 688 5 686
f 688 5 686
f 688 7 686
f 688 7 686
f 82 696 698
f 82 85 200
f 82 197 85
f 82 197 85
f 82 192 194
f 82 189 188
f 678 703 672
f 678 680 703
f 678 672 534
f 678 680 534
f 678 703 672
f 678 680 703
f 678 536 672
f 678 680 536
f 678 711 672
f 678 680 711
f 678 680 536
f 678 680 715
f 678 680 715
f 678 680 717
f 678 680 717
f 678 680 729
f 678 680 1
f 678 680 719
f 678 680 729
f 678 680 3
f 678 680 719
f 678 680 727
f 678 680 3
f 678 680 721
f 678 680 727
f 678 680 5
f 678 680 721
f 678 680 725
f 678 680 5
f 678 680 723
f 678 680 725
f 678 680 7
f 678 680 723
f 678 680 7
f 678 680 8
f 678 680 10
f 678 680 10
f 678 680 16
f 678 680 16
f 678 680 18
f 678 680 18
f 678 680 19
f 678 680 24
f 678 21 24
f 682 680 703
f 682 686 692
f 682 686 534
f 682 680 534
f 682 703 686
f 682 680 703
f 682 536 686
f 682 680 536
f 682 686 711
f 682 680 711
f 682 536 686
f 682 680 536
f 682 715 686
f 682 680 715
f 682 715 686
f 682 680 715
f 682 717 686
f 682 680 717
f 682 717 686
f 682 680 717
f 682 719 686
f 682 680 719
f 682 719 686
f 682 680 719
f 682 721 686
f 682 680 721
f 682 721 686
f 682 680 721
f 682 723 686
f 682 680 723
f 682 723 686
f 682 680 723
f 682 725 686
f 682 680 725
f 682 725 686
f 682 680 725
f 682 727 686
f 682 680 727
f 682 727 686
f 682 680 727
f 682 729 686
f 682 680 729
f 682 729 686
f 682 680 729
f 682 686 1
f 682 680 1
f 682 3 686
f 682 680 3
f 682 3 686
f 682 680 3
f 682 18 24
f 682 680 18
f 682 680 16
f 682 5 686
f 682 680 5
f 682 18 19
f 682 680 19
f 682 680 18
f 682 680 16
f 682 5 686
f 682 680 5
f 682 680 7
f 682 680 7
f 682 680 10
f 682 680 8
f 700 699 536
f 700 211 209
f 700 209 698
f 700 698 208
f 700 208 206
f 700 698 202
f 700 698 85
f 700 82 85
f 700 82 698
f 700 699 723
f 700 699 723
f 700 699 725
f 697 536 692
f 697 699 692
f 697 699 536
f 697 699 536
f 697 699 719
f 697 699 721
f 697 699 698
f 697 699 719
f 697 699 721
f 697 699 717
f 697 699 723
f 697 699 725
f 697 699 725
f 697 699 723
f 697 699 717
f 697 725 698
f 697 699 715
f 697 727 698
f 697 715 703
f 697 699 703
f 697 699 715
f 705 527 529
f 705 704 529
f 705 704 527
f 705 526 527
f 705 526 704
f 705 526 524
f 705 526 524
f 705 526 704
f 705 490 524
f 705 524 486
f 705 490 524
f 705 704 219
f 705 704 215
f 705 704 215
f 477 704 703
f 477 704 478
f 477 705 704
f 477 705 704
f 477 475 707
f 477 478 707
f 477 709 475
f 477 478 709
f 477 709 475
f 477 478 709
f 477 475 710
f 477 478 710
f 477 712 475
f 477 712 478
f 477 478 715
f 477 478 717
f 477 478 717
f 477 478 719
f 477 478 719
f 477 478 721
f 477 478 721
f 477 478 723
f 477 478 723
f 477 725 236
f 477 478 725
f 477 478 725
f 568 327 447
f 568 327 445
f 568 330 327
f 568 330 445
f 568 330 442
f 568 330 442
f 568 442 441
f 568 441 335
f 568 441 335
f 568 439 335
f 568 437 439
f 568 437 335
f 568 437 436
f 568 437 339
f 568 436 339
f 568 433 339
f 568 341 433
f 568 416 433
f 568 341 433
f 568 416 430
f 568 416 433
f 171 327 173
f 171 330 173
f 171 329 170
f 171 330 329
f 171 330 169
f 171 71 169
f 171 330 173
f 171 112 168
f 171 173 112
f 171 168 331
f 171 330 331
f 171 330 168
f 171 112 107
f 171 173 112
f 171 106 107
f 171 173 106
f 171 102 106
f 171 102 173
f 171 102 100
f 171 102 100
f 171 98 100
f 171 98 100
f 171 98 96
f 171 98 96
f 669 727 728
f 669 668 727
f 669 668 727
f 669 729 728
f 669 668 729
f 669 729 1
f 669 668 729
f 669 1 672
f 669 668 1
f 669 3 672
f 669 668 3
f 669 3 4
f 669 668 3
f 669 5 4
f 669 668 5
f 669 5 6
f 669 668 5
f 669 7 6
f 669 668 7
f 669 7 8
f 669 668 7
f 669 8 672
f 669 668 8
f 669 10 672
f 669 668 10
f 669 10 11
f 669 668 10
f 669 11 672
f 669 668 11
f 669 16 15
f 669 668 16
f 669 16 17
f 669 668 16
f 669 18 17
f 669 668 18
f 669 668 18
f 669 668 19
f 669 21 668
f 669 21 668
f 669 668 22
f 669 668 24
f 669 668 579
f 669 577 668
f 669 577 668
f 669 668 576
f 669 668 575
f 669 668 573
f 669 668 573
f 669 571 668
f 51 666 667
f 51 197 196
f 51 190 192
f 34 223 220
f 657 655 54
f 657 655 55
f 657 655 55
f 658 657 571
f 658 657 573
f 658 657 573
f 658 657 575
f 658 657 576
f 658 657 577
f 658 657 577
f 658 657 579
f 658 657 584
f 658 657 584
f 662 15 12
f 662 16 15
f 662 16 17
f 662 18 17
f 25 666 667
f 25 668 24
f 25 668 667
f 25 669 668
f 25 223 221
f 25 220 24
f 25 221 220
f 25 223 225
f 25 220 24
f 25 218 24
f 25 678 680
f 25 218 24
f 25 682 680
f 25 216 24
f 25 216 24
f 67 66 648
f 67 68 648
f 67 649 66
f 67 68 649
f 67 68 109
f 67 68 109
f 67 68 110
f 67 657 66
f 67 657 68
f 67 66 114
f 67 68 114
f 67 658 657
f 67 658 657
f 67 66 114
f 67 68 114
f 67 66 116
f 67 68 116
f 67 662 661
f 67 662 661
f 67 66 120
f 67 68 120
f 67 121 66
f 67 121 68
f 67 666 667
f 67 68 666
f 67 121 122
f 67 121 68
f 67 51 667
f 67 122 123
f 67 68 122
f 67 68 668
f 67 124 123
f 67 68 124
f 67 124 66
f 67 68 124
f 67 66 189
f 67 68 189
f 67 190 189
f 67 68 189
f 67 126 66
f 67 126 68
f 67 187 66
f 67 68 187
f 67 126 127
f 67 126 68
f 67 187 66
f 67 68 187
f 67 127 128
f 67 68 127
f 67 66 185
f 67 68 185
f 67 129 128
f 67 68 129
f 67 66 185
f 67 68 185
f 67 129 66
f 67 68 129
f 67 66 183
f 67 68 183
f 67 66 131
f 67 68 131
f 67 66 183
f 67 68 183
f 67 66 131
f 67 181 66
f 67 68 181
f 67 133 131
f 67 68 133
f 67 68 133
f 67 135 66
f 67 68 135
f 67 136 135
f 67 136 68
f 67 178 66
f 67 68 178
f 67 178 177
f 67 68 178
f 67 177 66
f 67 68 177
f 67 175 66
f 67 68 175
f 67 146 66
f 67 68 146
f 67 175 174
f 67 68 175
f 67 146 147
f 67 68 146
f 67 173 174
f 67 68 173
f 67 173 66
f 67 68 149
f 67 171 66
f 67 171 173
f 67 171 68
f 67 151 66
f 67 151 68
f 67 171 170
f 67 170 66
f 67 171 170
f 67 171 68
f 67 153 66
f 67 68 153
f 67 66 169
f 67 68 169
f 67 66 167
f 67 68 167
f 67 156 157
f 67 156 68
f 67 66 167
f 67 165 167
f 67 68 165
f 67 165 66
f 67 66 160
f 67 165 164
f 67 66 160
f 67 68 160
f 67 163 164
f 67 165 163
f 67 68 165
f 67 66 162
f 67 163 66
f 67 163 162
f 67 68 163
f 69 68 648
f 69 68 105
f 69 68 649
f 69 68 108
f 69 68 109
f 69 68 109
f 69 657 68
f 69 68 110
f 69 658 657
f 69 68 114
f 69 68 114
f 69 662 661
f 69 68 116
f 69 68 120
f 69 68 666
f 69 121 68
f 69 68 668
f 69 121 68
f 69 68 122
f 69 68 124
f 69 68 124
f 69 126 68
f 69 68 189
f 69 126 68
f 69 68 189
f 69 68 127
f 69 68 188
f 69 68 129
f 69 68 184
f 69 68 129
f 69 68 184
f 69 68 131
f 69 68 133
f 69 68 133
f 69 68 135
f 69 68 178
f 69 136 68
f 69 68 175
f 69 68 173
f 69 171 68
f 69 171 68
f 69 68 169
f 69 68 146
f 69 68 167
f 69 68 146
f 69 68 165
f 69 68 165
f 69 68 163
f 69 68 149
f 69 151 149
f 69 151 68
f 69 68 160
f 73 71 648
f 73 75 648
f 73 75 103
f 73 71 649
f 73 75 649
f 73 105 103
f 73 71 105
f 73 75 105
f 73 652 71
f 73 75 652
f 73 71 108
f 73 75 108
f 73 71 109
f 73 75 109
f 73 71 109
f 73 75 109
f 73 71 110
f 73 75 110
f 73 71 114
f 73 75 114
f 73 71 114
f 73 75 114
f 73 71 116
f 73 75 116
f 73 71 120
f 73 75 120
f 73 121 71
f 73 121 75
f 73 121 122
f 73 121 75
f 73 122 71
f 73 75 122
f 73 124 71
f 73 75 124
f 73 124 71
f 73 75 124
f 73 126 71
f 73 126 75
f 73 126 127
f 73 126 75
f 73 127 71
f 73 75 127
f 73 129 71
f 73 75 129
f 73 129 71
f 73 75 129
f 73 71 131
f 73 75 131
f 73 132 71
f 73 75 132
f 73 132 71
f 73 75 132
f 73 71 133
f 73 135 133
f 73 75 135
f 73 71 135
f 73 136 71
f 73 136 75
f 73 137 136
f 73 137 136
f 73 137 75
f 73 140 139
f 77 101 648
f 77 75 648
f 77 75 105
f 77 75 649
f 77 75 108
f 77 75 652
f 77 75 109
f 77 75 109
f 77 75 110
f 77 658 657
f 77 75 114
f 77 75 114
f 77 662 661
f 77 117 116
f 77 75 116
f 77 666 667
f 77 75 120
f 77 668 667
f 77 121 75
f 77 669 668
f 77 121 75
f 77 75 122
f 77 75 124
f 77 75 124
f 77 126 75
f 77 126 75
f 77 75 127
f 77 75 129
f 77 75 129
f 77 132 129
f 77 75 132
f 77 137 136
f 77 137 136
f 77 75 132
f 77 136 132
f 77 137 139
f 77 75 135
f 77 136 135
f 77 136 75
f 77 139 141
f 77 146 145
f 77 146 147
f 77 156 149
f 77 156 161
f 77 163 161
f 77 165 163
f 77 178 177
f 77 165 168
f 77 175 177
f 77 171 168
f 77 173 175
f 77 171 173
f 523 524 711
f 523 522 711
f 523 522 524
f 523 712 524
f 523 712 522
f 523 712 715
f 523 712 522
f 523 522 715
f 523 715 525
f 523 715 524
f 523 522 717
f 523 525 716
f 523 717 716
f 523 717 718
f 523 522 717
f 523 525 646
f 523 520 646
f 523 522 520
f 523 719 718
f 523 522 719
f 523 522 719
f 523 525 645
f 523 520 645
f 523 525 644
f 523 520 644
f 523 520 644
f 523 525 644
f 523 520 642
f 523 525 642
f 523 525 420
f 523 525 420
f 523 522 420
f 523 520 642
f 523 525 642
f 523 525 423
f 523 520 420
f 523 522 520
f 523 522 423
f 523 520 638
f 523 525 639
f 523 525 423
f 523 403 520
f 523 522 423
f 523 638 639
f 523 520 638
f 523 525 638
f 523 525 426
f 523 403 520
f 523 403 618
f 523 525 638
f 523 636 520
f 523 525 426
f 523 524 525
f 523 520 618
f 523 403 618
f 523 619 618
f 523 426 425
f 523 522 425
f 523 636 525
f 523 636 520
f 523 520 619
f 523 619 622
f 523 428 524
f 523 428 522
f 523 636 635
f 523 520 634
f 523 520 619
f 523 622 623
f 523 428 524
f 523 428 522
f 523 634 635
f 523 520 634
f 523 520 622
f 523 624 623
f 523 524 430
f 523 522 430
f 523 634 525
f 523 520 633
f 523 624 520
f 523 624 625
f 523 524 430
f 523 522 430
f 523 525 633
f 523 520 631
f 523 624 520
f 523 524 431
f 523 522 431
f 523 631 525
f 523 520 631
f 523 520 625
f 523 627 628
f 523 625 627
f 523 625 627
f 523 524 433
f 523 522 433
f 523 628 630
f 523 631 630
f 523 631 628
f 523 524 433
f 523 522 433
f 523 522 524
f 453 452 454
f 453 526 454
f 453 526 452
f 453 526 524
f 453 526 452
f 453 524 454
f 453 452 524
f 453 454 521
f 453 452 521
f 453 454 509
f 453 452 509
f 453 454 496
f 453 452 496
f 453 454 486
f 453 452 486
f 453 452 449
f 453 452 447
f 453 452 450
f 453 452 447
f 453 452 450
f 453 464 438
f 453 281 280
f 453 438 434
f 453 464 438
f 453 283 434
f 453 280 283
f 453 283 434
f 453 452 283
f 453 285 286
f 453 285 452
f 453 286 454
f 453 452 286
f 453 289 454
f 453 289 452
f 453 289 290
f 453 289 452
f 453 290 454
f 453 452 290
f 453 293 454
f 453 293 452
f 453 293 294
f 453 293 452
f 453 294 454
f 453 452 454
f 453 452 294
f 516 709 711
f 516 709 518
f 516 509 518
f 516 445 444
f 516 444 443
f 516 445 518
f 516 442 443
f 516 447 518
f 516 447 509
f 516 447 509
f 516 442 441
f 516 441 518
f 516 439 518
f 516 439 438
f 516 437 438
f 516 437 514
f 516 437 436
f 516 437 514
f 516 436 518
f 516 514 436
f 516 434 518
f 516 514 434
f 516 433 434
f 512 712 711
f 512 436 509
f 512 436 509
f 512 439 509
f 512 709 711
f 512 516 709
f 512 439 509
f 512 709 509
f 512 516 509
f 512 516 709
f 512 442 509
f 512 444 509
f 512 516 444
f 512 516 442
f 512 441 509
f 512 442 441
f 512 445 444
f 512 516 445
f 512 516 442
f 512 445 509
f 512 516 509
f 512 516 445
f 472 717 718
f 472 231 718
f 472 719 231
f 472 462 521
f 558 607 605
f 558 611 612
f 562 603 602
f 328 327 441
f 328 330 441
f 328 330 327
f 328 327 439
f 328 330 439
f 328 327 437
f 328 330 437
f 328 327 437
f 328 330 437
f 328 327 436
f 328 330 436
f 328 327 433
f 328 330 433
f 328 327 433
f 328 330 433
f 328 327 430
f 328 330 430
f 328 327 416
f 328 330 416
f 328 415 327
f 328 415 330
f 328 415 330
f 328 327 178
f 328 330 178
f 328 327 175
f 328 330 175
f 328 327 184
f 328 330 184
f 328 329 407
f 328 327 407
f 328 327 173
f 328 330 173
f 328 330 173
f 328 327 184
f 328 330 184
f 328 329 405
f 328 327 405
f 328 171 173
f 328 171 327
f 328 327 188
f 328 330 188
f 328 329 405
f 328 327 405
f 328 171 329
f 328 171 327
f 328 98 330
f 328 329 170
f 328 96 327
f 328 98 96
f 328 98 96
f 328 365 374
f 328 329 365
f 328 329 169
f 328 329 365
f 328 329 167
f 328 329 363
f 180 178 106
f 180 330 106
f 180 330 178
f 180 102 178
f 180 102 330
f 180 102 330
f 180 328 330
f 180 328 330
f 180 102 100
f 180 102 100
f 180 328 327
f 180 328 327
f 180 98 100
f 180 98 100
f 180 98 96
f 180 98 96
f 180 181 320
f 180 77 78
f 180 77 178
f 180 307 179
f 180 307 181
f 180 306 307
f 180 306 307
f 180 68 178
f 180 69 68
f 180 68 181
f 180 69 68
f 180 306 305
f 180 306 305
f 180 67 68
f 180 67 68
f 180 304 305
f 180 304 305
f 180 67 66
f 180 67 181
f 180 303 304
f 180 303 304
f 180 303 302
f 180 303 181
f 180 301 302
f 180 301 181
f 180 300 301
f 180 300 301
f 180 298 181
f 351 352 350
f 351 350 109
f 351 350 110
f 351 352 110
f 351 112 350
f 351 352 112
f 351 113 112
f 351 352 113
f 351 113 114
f 351 352 113
f 351 115 114
f 351 352 115
f 351 115 350
f 351 352 115
f 351 117 350
f 351 352 117
f 351 352 117
f 351 350 118
f 351 117 118
f 351 117 350
f 351 350 120
f 351 352 120
f 351 121 350
f 351 121 352
f 351 121 122
f 351 121 352
f 351 122 123
f 351 352 122
f 351 124 123
f 351 352 124
f 351 124 125
f 351 352 124
f 351 126 352
f 351 125 350
f 351 126 125
f 351 126 352
f 351 126 127
f 351 352 127
f 351 127 128
f 351 352 129
f 351 129 128
f 351 352 129
f 351 129 349
f 351 352 131
f 351 131 349
f 351 352 131
f 351 131 134
f 351 352 135
f 351 135 134
f 351 352 146
f 351 146 145
f 351 352 146
f 351 146 147
f 351 352 147
f 351 147 150
f 351 352 153
f 351 352 334
f 351 352 153
f 351 352 157
f 351 329 334
f 351 352 334
f 351 352 329
f 351 352 157
f 351 303 306
f 714 477 478
f 714 715 228
f 714 715 225
f 714 223 224
f 714 223 716
f 714 715 224
f 714 223 224
f 714 221 716
f 714 221 219
f 714 219 217
f 714 215 217
f 714 215 716
f 714 717 716
f 714 211 209
f 714 209 717
f 714 715 703
f 714 703 710
f 311 211 209
f 311 211 314
f 311 217 308
f 311 314 217
f 311 219 217
f 311 314 219
f 311 219 222
f 311 193 192
f 311 222 308
f 311 219 222
f 311 314 219
f 311 450 308
f 311 314 450
f 311 314 450
f 325 327 197
f 325 327 194
f 325 327 188
f 325 327 442
f 325 327 188
f 325 327 441
f 325 327 184
f 325 327 439
f 325 327 184
f 325 327 437
f 325 180 327
f 325 327 437
f 325 180 327
f 325 327 436
f 325 327 433
f 325 327 433
f 325 327 430
f 325 173 175
f 325 327 416
f 325 415 327
f 325 392 379
f 325 398 392
f 325 370 374
f 261 464 465
f 261 193 262
f 261 193 260
f 261 193 192
f 261 193 192
f 261 190 192
f 261 190 192
f 261 190 189
f 261 190 189
f 261 187 189
f 261 187 189
f 261 187 185
f 261 187 185
f 261 185 183
f 261 185 183
f 261 181 183
f 261 181 183
f 261 181 179
f 261 181 260
f 261 179 262
f 261 260 179
f 261 174 262
f 261 174 260
f 261 174 172
f 261 174 172
f 261 170 172
f 261 170 172
f 261 170 262
f 261 170 260
f 261 164 262
f 261 164 260
f 241 464 465
f 241 464 465
f 241 240 201
f 241 244 459
f 241 199 240
f 241 244 201
f 241 244 243
f 241 199 243
f 241 199 243
f 241 240 196
f 241 199 196
f 241 199 240
f 241 240 207
f 241 206 207
f 241 206 245
f 241 244 245
f 241 244 287
f 241 291 240
f 241 290 291
f 241 206 207
f 241 209 240
f 241 246 287
f 241 209 287
f 241 209 240
f 241 246 207
f 241 282 246
f 241 211 287
f 241 282 246
f 241 282 287
f 241 209 287
f 241 235 287
f 241 235 240
f 241 235 240
f 232 465 231
f 232 464 465
f 232 231 230
f 232 464 465
f 232 213 233
f 232 230 213
f 232 230 213
f 232 207 233
f 232 231 207
f 232 207 233
f 232 231 207
f 232 201 233
f 232 231 201
f 232 199 201
f 232 199 231
f 232 199 196
f 232 199 231
f 232 721 231
f 232 719 231
f 232 231 193
f 232 721 722
f 232 721 231
f 232 236 196
f 232 236 193
f 232 190 231
f 232 723 722
f 232 723 231
f 232 190 236
f 232 187 190
f 232 723 233
f 232 723 231
f 232 187 190
f 232 187 231
f 232 725 233
f 232 725 231
f 232 187 236
f 232 231 185
f 232 725 726
f 232 725 726
f 232 236 185
f 232 181 231
f 232 727 726
f 232 727 726
f 232 181 236
f 232 181 231
f 232 727 728
f 232 727 231
f 232 181 236
f 232 231 179
f 232 729 728
f 232 729 231
f 232 236 179
f 232 174 231
f 232 729 1
f 232 729 1
f 232 174 236
f 232 174 231
f 232 1 2
f 232 1 231
f 232 174 236
f 232 231 172
f 232 3 2
f 232 3 231
f 232 236 233
f 232 236 172
f 232 3 4
f 232 3 4
f 232 5 4
f 232 5 4
f 232 22 23
f 232 22 231
f 232 5 6
f 232 5 231
f 232 21 22
f 232 21 22
f 232 7 6
f 232 7 231
f 232 21 233
f 232 21 231
f 232 7 8
f 232 7 8
f 232 19 233
f 232 19 231
f 232 8 9
f 232 8 231
f 232 18 19
f 232 18 19
f 232 10 9
f 232 10 231
f 232 18 17
f 232 18 231
f 232 10 11
f 232 10 231
f 232 16 17
f 232 16 231
f 232 11 12
f 232 231 11
f 232 16 15
f 232 16 15
f 232 15 12
f 232 15 231
f 226 225 224
f 226 710 224
f 226 712 710
f 226 712 710
f 226 714 715
f 226 714 715
f 226 714 225
f 226 715 716
f 226 715 225
f 226 717 716
f 226 717 225
f 226 717 718
f 226 717 225
f 226 719 718
f 226 719 225
f 226 719 720
f 226 719 225
f 226 721 720
f 226 721 225
f 226 721 722
f 226 721 225
f 226 723 722
f 226 723 225
f 226 723 227
f 226 723 225
f 226 725 227
f 226 725 225
f 226 725 726
f 226 725 726
f 226 727 726
f 226 727 726
f 226 727 728
f 226 727 225
f 226 729 728
f 226 729 225
f 226 729 1
f 226 729 1
f 226 1 2
f 226 1 225
f 226 3 2
f 226 3 225
f 226 3 4
f 226 3 4
f 226 5 4
f 226 5 4
f 226 5 6
f 226 5 225
f 226 7 6
f 226 7 225
f 226 7 8
f 226 7 8
f 226 8 225
f 226 10 225
f 226 8 228
f 226 8 228
f 226 10 228
f 226 10 225
f 226 10 11
f 226 225 11
f 226 11 228
f 226 15 228
f 226 16 15
f 226 16 15
f 226 225 228
f 226 16 17
f 226 16 225
f 226 18 17
f 226 18 225
f 226 18 19
f 226 18 19
f 226 19 228
f 226 19 225
f 226 21 228
f 226 21 225
f 226 21 22
f 226 21 22
f 226 22 228
f 226 22 225
f 292 291 185
f 292 293 185
f 292 293 291
f 292 291 181
f 292 293 181
f 292 291 181
f 292 293 181
f 292 293 177
f 292 290 177
f 292 290 291
f 292 293 177
f 292 290 177
f 292 293 174
f 292 290 174
f 292 293 174
f 292 290 174
f 292 293 170
f 292 289 170
f 292 289 290
f 292 293 170
f 292 293 398
f 292 293 396
f 292 289 170
f 292 293 169
f 292 289 398
f 292 289 398
f 292 398 290
f 292 293 398
f 292 289 396
f 292 293 396
f 292 289 169
f 292 293 167
f 292 290 399
f 292 293 399
f 292 289 396
f 292 293 394
f 292 289 167
f 292 293 164
f 292 290 419
f 292 289 394
f 292 293 394
f 292 289 164
f 292 290 420
f 292 403 419
f 292 403 293
f 292 403 293
f 292 293 420
f 292 289 394
f 292 293 390
f 292 289 164
f 292 296 164
f 292 296 293
f 292 290 420
f 292 293 420
f 292 289 390
f 292 293 389
f 292 296 162
f 292 289 162
f 292 290 423
f 292 293 423
f 292 289 389
f 292 293 389
f 292 351 296
f 292 293 366
f 292 289 366
f 292 290 423
f 292 293 423
f 292 289 389
f 292 293 387
f 292 351 352
f 292 351 296
f 292 353 354
f 292 355 354
f 292 293 366
f 292 289 366
f 292 296 359
f 292 296 293
f 292 290 425
f 292 293 425
f 292 289 387
f 292 293 387
f 292 352 353
f 292 296 352
f 292 296 353
f 292 296 355
f 292 293 367
f 292 289 367
f 292 296 358
f 292 290 429
f 292 293 429
f 292 289 387
f 292 293 384
f 292 296 356
f 292 293 371
f 292 289 371
f 292 296 358
f 292 290 429
f 292 293 429
f 292 289 384
f 292 293 382
f 292 296 356
f 292 293 372
f 292 289 372
f 292 290 434
f 292 293 431
f 292 289 382
f 292 293 381
f 292 293 372
f 292 289 372
f 292 434 431
f 292 290 434
f 292 293 434
f 292 289 381
f 292 293 381
f 292 293 376
f 292 289 376
f 292 293 434
f 292 290 438
f 292 289 381
f 292 293 377
f 292 293 376
f 292 289 376
f 292 293 436
f 292 436 438
f 292 290 439
f 292 290 291
f 292 289 377
f 292 293 436
f 292 293 439
f 292 291 439
f 292 293 439
f 292 291 441
f 292 293 441
f 292 291 441
f 292 293 441
f 292 291 444
f 292 293 444
f 292 291 444
f 292 293 444
f 292 291 447
f 292 293 447
f 292 291 447
f 292 293 447
f 292 291 449
f 292 293 449
f 292 450 291
f 292 293 450
f 292 293 450
f 288 181 183
f 288 289 183
f 288 289 181
f 288 181 287
f 288 289 181
f 288 289 177
f 288 286 287
f 288 286 177
f 288 289 177
f 288 286 177
f 288 289 174
f 288 286 174
f 288 289 174
f 288 286 174
f 288 289 170
f 288 285 170
f 288 285 286
f 288 289 420
f 288 289 419
f 288 170 169
f 288 289 169
f 288 289 170
f 288 289 167
f 288 285 420
f 288 285 286
f 288 286 420
f 288 289 420
f 288 285 419
f 288 289 399
f 288 170 167
f 288 285 170
f 288 289 164
f 288 286 425
f 288 289 425
f 288 285 399
f 288 289 398
f 288 285 164
f 288 289 164
f 288 286 425
f 288 289 425
f 288 285 398
f 288 289 398
f 288 285 164
f 288 289 162
f 288 286 429
f 288 289 429
f 288 285 398
f 288 289 396
f 288 285 162
f 288 286 429
f 288 289 429
f 288 285 396
f 288 289 396
f 288 286 434
f 288 289 434
f 288 285 396
f 288 289 394
f 288 358 359
f 288 157 359
f 288 289 366
f 288 285 366
f 288 286 438
f 288 289 434
f 288 285 394
f 288 289 394
f 288 358 357
f 288 292 358
f 288 157 359
f 288 292 359
f 288 292 289
f 288 289 366
f 288 285 366
f 288 438 434
f 288 286 439
f 288 289 438
f 288 285 394
f 288 289 390
f 288 356 357
f 288 292 358
f 288 289 367
f 288 285 367
f 288 289 439
f 288 286 439
f 288 285 390
f 288 289 389
f 288 356 355
f 288 292 356
f 288 289 371
f 288 285 371
f 288 289 439
f 288 439 443
f 288 286 443
f 288 285 389
f 288 289 389
f 288 292 355
f 288 292 289
f 288 292 356
f 288 289 372
f 288 285 372
f 288 289 443
f 288 289 443
f 288 286 447
f 288 285 389
f 288 289 387
f 288 289 372
f 288 285 372
f 288 289 447
f 288 286 447
f 288 285 387
f 288 289 387
f 288 289 376
f 288 285 376
f 288 289 447
f 288 286 449
f 288 286 449
f 288 285 387
f 288 289 384
f 288 289 376
f 288 285 376
f 288 289 449
f 288 285 384
f 288 289 382
f 288 289 377
f 288 285 377
f 288 450 449
f 288 289 450
f 288 285 382
f 288 289 381
f 288 289 381
f 288 285 381
f 288 450 287
f 288 289 450
f 288 285 381
f 288 452 287
f 288 289 452
f 288 289 452
f 414 303 418
f 414 415 418
f 414 415 303
f 414 303 419
f 414 303 304
f 414 415 303
f 414 304 305
f 414 415 304
f 414 306 305
f 414 415 306
f 414 306 307
f 414 415 306
f 414 307 308
f 414 415 307
f 414 577 576
f 414 577 415
f 414 576 575
f 414 415 576
f 414 575 413
f 414 415 575
f 414 413 357
f 414 356 357
f 414 415 356
f 414 356 413
f 414 356 355
f 414 415 356
f 414 355 413
f 414 415 355
f 414 328 327
f 414 328 415
f 414 353 413
f 414 415 353
f 414 328 329
f 414 328 415
f 414 353 350
f 414 415 353
f 414 330 329
f 414 415 330
f 414 350 349
f 414 415 350
f 414 330 413
f 414 415 330
f 414 333 413
f 414 415 333
f 414 341 343
f 414 415 341
f 414 333 335
f 414 415 333
f 414 341 339
f 414 415 341
f 414 335 337
f 414 415 335
f 414 339 337
f 414 415 339
f 299 298 185
f 299 300 185
f 299 300 298
f 299 298 183
f 299 300 183
f 299 298 183
f 299 300 183
f 299 298 181
f 299 300 181
f 299 180 298
f 299 180 300
f 299 180 298
f 299 180 300
f 299 298 177
f 299 300 177
f 299 300 177
f 299 297 177
f 299 297 298
f 299 300 174
f 299 297 174
f 299 300 174
f 299 297 174
f 299 300 170
f 299 296 170
f 299 296 297
f 299 300 170
f 299 297 386
f 299 300 386
f 299 300 384
f 299 296 170
f 299 300 169
f 299 297 386
f 299 300 386
f 299 296 384
f 299 296 297
f 299 300 382
f 299 296 169
f 299 300 167
f 299 297 387
f 299 300 387
f 299 296 382
f 299 300 381
f 299 296 167
f 299 297 389
f 299 300 389
f 299 296 381
f 299 296 164
f 299 303 164
f 299 300 303
f 299 297 389
f 299 300 389
f 299 296 381
f 299 380 381
f 299 300 380
f 299 300 380
f 299 300 377
f 299 303 164
f 299 296 164
f 299 297 390
f 299 300 390
f 299 296 377
f 299 300 376
f 299 300 359
f 299 296 359
f 299 300 358
f 299 296 358
f 299 297 393
f 299 300 393
f 299 296 376
f 299 300 376
f 299 296 162
f 299 300 366
f 299 296 366
f 299 300 358
f 299 296 358
f 299 297 393
f 299 300 393
f 299 296 376
f 299 300 372
f 299 351 296
f 299 300 366
f 299 296 366
f 299 296 356
f 299 297 394
f 299 300 394
f 299 296 372
f 299 300 372
f 299 351 303
f 299 296 352
f 299 300 367
f 299 296 367
f 299 303 356
f 299 300 303
f 299 296 356
f 299 297 396
f 299 300 396
f 299 296 372
f 299 300 371
f 299 303 352
f 299 296 353
f 299 296 371
f 299 303 356
f 299 296 355
f 299 297 396
f 299 300 396
f 299 303 353
f 299 303 355
f 299 297 398
f 299 300 398
f 299 297 398
f 299 300 398
f 299 297 400
f 299 300 400
f 299 297 400
f 299 300 400
f 299 403 297
f 299 403 300
f 299 403 404
f 299 403 300
f 299 297 420
f 299 300 420
f 299 297 420
f 299 300 420
f 299 297 421
f 299 300 421
f 299 297 423
f 299 300 423
f 299 297 424
f 299 300 424
f 299 297 424
f 299 297 298
f 299 300 424
f 299 298 426
f 299 300 426
f 299 298 426
f 299 300 426
f 299 428 298
f 299 300 428
f 299 428 298
f 299 300 428
f 299 298 430
f 299 300 430
f 299 298 430
f 299 300 430
f 299 298 431
f 299 300 431
f 299 298 433
f 299 300 433
f 299 298 433
f 299 300 433
f 299 298 434
f 299 300 434
f 299 298 436
f 299 300 436
f 299 437 298
f 299 300 437
f 299 437 298
f 299 300 437
f 299 298 439
f 299 300 439
f 299 298 439
f 299 300 439
f 299 298 441
f 299 300 441
f 299 442 298
f 299 300 442
f 299 442 298
f 299 300 442
f 299 298 444
f 299 300 444
f 299 298 445
f 299 300 445
f 299 300 298
f 155 156 336
f 155 154 338
f 155 156 338
f 155 340 154
f 155 156 340
f 155 69 68
f 155 69 156
f 155 156 340
f 155 67 68
f 155 67 156
f 155 340 342
f 155 340 342
f 155 67 66
f 155 67 156
f 138 67 66
f 138 67 136
f 138 67 68
f 138 67 136
f 138 69 68
f 138 69 136
f 138 137 136
f 138 342 140
f 138 342 140
f 138 137 342
f 138 137 342
f 138 71 140
f 138 73 71
f 138 73 137
f 138 73 137
f 86 91 649
f 86 91 97
f 86 91 97
f 86 658 657
f 86 104 105
f 86 106 104
f 86 106 104
f 86 106 107
f 86 107 108
f 86 112 107
f 86 107 109
f 86 112 109
f 86 115 112
f 86 122 123
f 86 137 124
f 86 139 85
f 86 149 85
f 86 163 161
f 86 156 161
f 86 156 149
f 86 165 163
f 86 165 85
f 87 86 139
f 87 86 149
f 87 86 163
f 87 156 149
f 87 86 156
f 87 86 156
f 87 86 165
f 87 86 165
f 87 171 85
f 87 86 85
f 87 171 173
f 87 173 175
f 87 175 178
f 87 180 178
f 87 180 85
f 87 184 85
f 87 184 85
f 87 188 85
f 87 188 85
f 87 85 194
f 87 197 85
f 87 197 85
f 87 85 200
f 87 698 85
f 87 696 698
f 87 696 698
f 87 669 668
f 87 668 667
f 87 666 667
f 87 86 658
f 92 163 161
f 92 165 163
f 92 327 197
f 92 327 200
f 92 328 330
f 92 571 330
f 92 330 573
f 92 571 330
f 92 573 332
f 92 330 573
f 92 667 584
f 92 669 668
f 92 668 667
f 92 666 667
f 92 658 657
f 95 96 612
f 95 96 612
f 95 96 608
f 95 97 649
f 95 96 97
f 95 608 94
f 95 96 608
f 95 97 94
f 95 96 97
f 95 94 604
f 95 96 604
f 95 94 139
f 95 96 139
f 95 96 604
f 95 163 94
f 95 96 163
f 95 163 94
f 95 96 163
f 95 171 94
f 95 171 96
f 95 584 94
f 95 96 584
f 95 171 173
f 95 171 96
f 95 584 94
f 95 96 584
f 95 173 175
f 95 96 173
f 95 579 94
f 95 96 579
f 95 175 178
f 95 96 175
f 95 577 579
f 95 577 96
f 95 180 178
f 95 180 96
f 95 577 576
f 95 577 96
f 95 180 94
f 95 180 96
f 95 576 575
f 95 96 576
f 95 94 184
f 95 96 184
f 95 575 94
f 95 94 184
f 95 96 184
f 95 94 335
f 95 575 335
f 95 96 575
f 95 94 188
f 95 96 188
f 95 94 333
f 95 96 333
f 95 94 188
f 95 96 188
f 95 94 333
f 95 96 333
f 95 94 194
f 95 96 194
f 95 330 94
f 95 96 330
f 95 327 94
f 95 96 327
f 95 328 330
f 95 328 96
f 95 328 327
f 95 328 96
f 598 585 593
f 598 581 585
f 598 581 585
f 598 586 587
f 598 586 585
f 598 586 585
f 590 98 96
f 590 95 96
f 590 98 100
f 590 95 94
f 590 102 100
f 590 102 104
f 590 102 104
f 590 658 657
f 590 658 657
f 590 586 593
f 590 586 587
f 590 586 587
f 578 353 579
f 578 577 353
f 578 577 353
f 578 579 355
f 578 577 355
f 578 579 356
f 578 577 356
f 578 579 356
f 578 577 356
f 578 579 358
f 578 577 358
f 578 579 358
f 578 577 358
f 578 579 362
f 578 577 362
f 578 579 363
f 578 577 363
f 578 579 363
f 578 577 363
f 578 579 365
f 578 577 365
f 578 579 405
f 578 405 407
f 578 577 407
f 578 579 405
f 578 579 407
f 578 577 407
f 578 580 579
f 578 414 577
f 578 581 580
f 578 414 581
f 578 414 577
f 578 414 581
f 578 414 415
f 578 577 612
f 578 608 604
f 583 581 407
f 583 585 405
f 583 581 405
f 583 585 584
f 583 581 585
f 583 404 585
f 583 581 404
f 583 403 404
f 583 581 404
f 583 403 585
f 583 403 404
f 583 585 400
f 583 585 584
f 583 581 400
f 583 584 400
f 583 581 400
f 583 398 584
f 583 581 398
f 583 398 584
f 583 581 398
f 583 584 396
f 583 581 396
f 583 584 396
f 583 581 396
f 583 584 394
f 583 581 394
f 583 584 393
f 583 581 392
f 583 392 393
f 583 584 392
f 583 581 379
f 583 581 392
f 583 379 582
f 583 392 379
f 583 584 379
f 583 584 392
f 583 370 582
f 583 375 379
f 583 584 375
f 583 584 375
f 583 370 371
f 583 584 371
f 583 584 370
f 583 370 582
f 583 584 370
f 583 582 365
f 583 584 365
f 583 582 365
f 583 584 365
f 583 363 582
f 583 584 363
f 583 363 362
f 583 584 363
f 583 362 582
f 583 584 362
f 583 359 582
f 583 584 359
f 583 358 359
f 583 584 358
f 583 358 582
f 583 584 358
f 583 582 356
f 583 584 356
f 583 582 356
f 583 584 356
f 583 582 355
f 583 584 355
f 583 353 582
f 583 353 584
f 583 352 353
f 583 352 353
f 583 352 350
f 583 352 584
f 583 350 582
f 583 584 582
f 583 584 350
f 345 586 584
f 345 584 582
f 345 586 588
f 345 579 582
f 345 580 579
f 345 590 104
f 345 577 579
f 345 102 588
f 345 102 104
f 345 102 104
f 345 106 104
f 345 577 576
f 345 106 107
f 345 576 575
f 345 575 343
f 345 107 109
f 345 573 343
f 345 573 572
f 345 571 572
f 345 112 110
f 345 415 416
f 345 414 415
f 345 414 415
f 345 414 343
f 345 414 349
f 345 342 350
f 348 585 584
f 348 586 585
f 348 586 585
f 348 584 582
f 348 580 582
f 348 587 349
f 348 586 587
f 348 586 587
f 348 580 579
f 348 577 579
f 348 577 576
f 348 107 349
f 348 576 575
f 348 109 349
f 348 575 349
f 348 109 349
f 348 573 349
f 348 349 110
f 348 573 572
f 348 345 573
f 348 112 349
f 348 571 572
f 348 345 571
f 348 113 112
f 348 571 416
f 348 113 114
f 348 415 416
f 348 345 415
f 348 345 415
f 348 115 114
f 348 115 349
f 348 117 349
f 348 117 349
f 348 349 118
f 348 120 349
f 348 121 120
f 348 121 122
f 348 122 123
f 348 124 123
f 348 124 125
f 348 126 125
f 348 126 127
f 348 127 128
f 348 129 128
f 348 129 349
f 348 131 349
f 348 131 134
f 348 133 131
f 348 135 134
f 348 138 135
f 348 146 145
f 348 146 147
f 348 147 150
f 348 351 150
f 348 351 153
f 348 351 153
f 348 351 157
f 348 351 157
f 406 585 405
f 406 586 585
f 406 586 585
f 406 586 587
f 406 586 405
f 406 618 535
f 406 528 618
f 406 528 419
f 406 528 618
f 406 296 297
f 406 403 618
f 406 403 404
f 406 528 525
f 406 296 294
f 406 296 404
f 406 296 404
f 406 523 403
f 406 523 525
f 406 293 294
f 406 293 404
f 406 293 404
f 406 299 404
f 406 403 404
f 406 523 403
f 406 300 404
f 406 299 300
f 406 300 301
f 406 300 301
f 406 303 301
f 406 303 301
f 406 303 304
f 406 303 304
f 406 306 405
f 406 306 304
f 406 306 304
f 284 282 187
f 284 285 187
f 284 285 282
f 284 282 185
f 284 282 283
f 284 285 185
f 284 283 181
f 284 285 181
f 284 453 285
f 284 283 181
f 284 285 181
f 284 453 452
f 284 453 285
f 284 283 177
f 284 285 177
f 284 452 283
f 284 285 452
f 284 283 177
f 284 285 177
f 284 450 283
f 284 285 450
f 284 283 174
f 284 285 174
f 284 450 283
f 284 285 450
f 284 283 174
f 284 285 174
f 284 283 449
f 284 285 449
f 284 283 170
f 284 285 170
f 284 283 447
f 284 285 447
f 284 283 170
f 284 285 170
f 284 283 447
f 284 285 447
f 284 164 283
f 284 285 164
f 284 283 443
f 284 285 443
f 284 164 283
f 284 285 164
f 284 283 438
f 284 285 438
f 284 283 162
f 284 285 162
f 284 283 438
f 284 285 438
f 284 157 283
f 284 283 434
f 284 285 434
f 284 288 157
f 284 288 285
f 284 283 429
f 284 285 429
f 284 288 157
f 284 288 285
f 284 285 366
f 284 283 429
f 284 285 429
f 284 285 366
f 284 283 425
f 284 285 425
f 284 285 367
f 284 283 425
f 284 285 425
f 284 285 371
f 284 283 420
f 284 285 420
f 284 285 372
f 284 283 420
f 284 285 420
f 284 285 372
f 284 283 419
f 284 285 419
f 284 285 376
f 284 283 399
f 284 285 399
f 284 285 376
f 284 398 283
f 284 285 398
f 284 285 377
f 284 398 283
f 284 285 398
f 284 283 381
f 284 285 381
f 284 283 396
f 284 285 396
f 284 283 381
f 284 285 381
f 284 283 396
f 284 285 396
f 284 283 382
f 284 285 382
f 284 283 394
f 284 285 394
f 284 283 384
f 284 285 384
f 284 283 394
f 284 285 394
f 284 283 387
f 284 285 387
f 284 283 390
f 284 285 390
f 284 283 387
f 284 285 387
f 284 283 389
f 284 285 389
f 284 283 389
f 284 285 389
f 212 1 2
f 212 3 2
f 212 729 1
f 212 3 4
f 212 211 729
f 212 235 213
f 212 235 240
f 212 235 240
f 212 241 240
f 212 241 211
f 212 241 240
f 212 729 213
f 212 729 728
f 212 211 727
f 212 241 287
f 212 241 211
f 212 727 728
f 212 211 727
f 212 291 287
f 212 211 291
f 212 727 726
f 212 211 725
f 212 211 294
f 212 725 726
f 212 211 725
f 212 291 213
f 212 294 291
f 212 725 724
f 212 211 723
f 212 294 295
f 212 211 294
f 212 723 724
f 212 211 723
f 212 719 720
f 212 719 718
f 212 211 719
f 212 211 719
f 212 298 295
f 212 211 298
f 212 723 722
f 212 211 721
f 212 721 720
f 212 717 718
f 212 211 717
f 212 211 721
f 212 301 298
f 212 211 301
f 212 721 722
f 212 714 717
f 212 714 211
f 212 301 302
f 212 211 301
f 212 305 302
f 212 211 305
f 212 307 305
f 212 211 307
f 212 709 710
f 212 211 709
f 212 307 308
f 212 211 308
f 212 211 307
f 212 211 698
f 212 700 698
f 212 700 211
f 324 211 322
f 324 211 322
f 324 322 450
f 324 568 450
f 324 322 449
f 324 568 449
f 324 322 208
f 324 322 447
f 324 568 327
f 324 322 202
f 324 327 447
f 324 322 445
f 324 327 202
f 324 322 200
f 324 327 445
f 324 322 445
f 324 327 200
f 324 322 197
f 324 327 445
f 324 322 442
f 324 327 197
f 324 325 327
f 324 322 197
f 324 325 197
f 324 327 442
f 324 325 327
f 324 322 442
f 324 325 442
f 324 325 194
f 324 322 441
f 324 325 441
f 324 192 194
f 324 322 192
f 324 322 192
f 324 322 189
f 324 322 439
f 324 325 439
f 324 189 188
f 324 325 188
f 324 322 189
f 324 322 437
f 324 325 437
f 324 322 188
f 324 325 188
f 324 322 437
f 324 325 437
f 324 322 184
f 324 325 184
f 324 322 436
f 324 325 436
f 324 322 184
f 324 325 184
f 324 322 433
f 324 325 433
f 324 180 322
f 324 325 180
f 324 322 433
f 324 325 433
f 324 325 180
f 324 322 430
f 324 325 430
f 324 325 178
f 324 322 416
f 324 325 416
f 324 325 175
f 324 325 415
f 324 175 177
f 324 325 175
f 324 414 325
f 324 325 173
f 324 414 325
f 324 325 173
f 324 325 407
f 324 325 405
f 324 325 405
f 318 211 208
f 318 208 320
f 318 211 320
f 318 203 202
f 318 320 202
f 318 450 214
f 318 450 320
f 318 320 200
f 318 450 449
f 318 320 200
f 318 449 320
f 318 197 320
f 318 320 447
f 318 445 320
f 318 320 192
f 318 445 320
f 318 320 192
f 318 442 320
f 318 189 320
f 318 442 320
f 318 189 320
f 318 320 441
f 318 320 188
f 318 320 439
f 318 320 184
f 318 437 320
f 318 437 320
f 318 320 184
f 318 183 184
f 318 320 436
f 318 320 433
f 318 320 433
f 318 320 430
f 550 649 616
f 550 417 418
f 541 442 444
f 541 697 696
f 541 640 639
f 541 624 625
f 482 481 529
f 482 481 704
f 482 526 478
f 482 481 478
f 482 705 481
f 482 453 481
f 482 481 707
f 482 481 452
f 482 481 709
f 482 481 450
f 482 481 709
f 482 481 450
f 482 481 710
f 482 481 449
f 482 481 712
f 482 481 447
f 482 447 446
f 482 481 446
f 482 481 447
f 482 481 715
f 482 481 717
f 482 481 717
f 482 481 719
f 482 481 719
f 482 481 721
f 482 481 721
f 482 723 722
f 482 481 723
f 482 723 724
f 482 481 723
f 482 725 724
f 482 481 725
f 482 725 726
f 482 481 725
f 482 727 726
f 482 481 727
f 482 727 728
f 482 481 727
f 482 729 728
f 482 481 729
f 482 729 1
f 482 481 729
f 482 1 2
f 482 481 1
f 482 2 242
f 482 481 2
f 482 243 242
f 482 481 243
f 482 244 243
f 482 481 244
f 482 244 245
f 482 481 244
f 482 246 245
f 482 481 246
f 482 247 246
f 482 481 247
f 482 247 248
f 482 481 248
f 482 481 247
f 690 536 692
f 690 688 692
f 690 688 536
f 690 536 692
f 690 688 536
f 690 1 692
f 690 729 1
f 690 688 729
f 690 688 1
f 690 3 692
f 690 729 692
f 690 688 729
f 690 688 3
f 690 3 4
f 690 727 692
f 690 688 727
f 690 688 3
f 690 5 4
f 690 727 726
f 690 688 727
f 690 688 5
f 690 5 692
f 690 725 726
f 690 688 725
f 690 688 5
f 690 725 692
f 690 688 725
f 690 688 7
f 690 723 692
f 690 688 723
f 690 723 722
f 690 688 723
f 690 721 722
f 690 688 721
f 690 721 692
f 690 688 721
f 690 719 692
f 690 688 719
f 690 719 718
f 690 688 719
f 690 717 718
f 690 688 717
f 690 717 692
f 690 688 717
f 690 715 692
f 690 688 715
f 690 715 692
f 690 688 715
f 690 703 692
f 690 688 703
f 690 703 711
f 690 688 711
f 690 688 703
f 83 662 661
f 83 658 657
f 83 86 649
f 83 86 97
f 83 97 99
f 83 86 97
f 83 112 110
f 83 113 112
f 83 115 113
f 83 115 113
f 83 115 117
f 83 121 122
f 83 82 137
f 83 137 126
f 83 82 139
f 83 137 132
f 83 82 149
f 83 132 127
f 83 82 156
f 83 82 156
f 83 82 163
f 83 82 165
f 83 82 165
f 83 171 82
f 83 171 82
f 676 536 672
f 676 678 536
f 676 678 536
f 676 25 678
f 676 678 21
f 676 21 22
f 676 678 21
f 676 678 19
f 676 678 18
f 676 678 18
f 676 678 16
f 676 678 16
f 676 678 11
f 676 678 10
f 676 678 10
f 676 678 8
f 676 678 7
f 676 678 7
f 676 678 5
f 676 678 5
f 676 678 3
f 676 678 3
f 676 678 1
f 676 678 729
f 676 678 729
f 676 678 727
f 676 678 727
f 676 678 725
f 676 678 725
f 676 723 672
f 676 678 723
f 676 723 722
f 676 678 723
f 676 721 722
f 676 678 721
f 676 721 720
f 676 678 721
f 676 719 720
f 676 678 719
f 676 719 718
f 676 678 719
f 676 717 718
f 676 678 717
f 676 717 672
f 676 678 717
f 676 715 672
f 676 678 715
f 676 715 711
f 676 678 711
f 676 678 715
f 701 703 686
f 701 682 686
f 701 682 703
f 701 682 692
f 701 682 703
f 701 699 692
f 701 699 703
f 701 703 533
f 701 700 699
f 701 536 533
f 701 703 531
f 701 536 534
f 701 699 534
f 701 699 536
f 701 699 719
f 701 699 721
f 701 536 478
f 701 700 536
f 701 714 719
f 701 699 719
f 701 699 721
f 701 700 699
f 701 700 478
f 701 714 719
f 701 699 717
f 701 714 717
f 701 699 717
f 701 714 703
f 701 714 717
f 701 715 703
f 701 699 715
f 701 699 715
f 701 700 723
f 13 680 10
f 13 682 680
f 13 682 10
f 13 678 11
f 13 678 680
f 13 218 10
f 13 10 217
f 13 216 217
f 13 216 215
f 13 686 8
f 13 688 686
f 13 676 678
f 13 10 11
f 13 218 10
f 13 8 215
f 13 8 215
f 13 220 11
f 13 220 11
f 13 688 7
f 13 690 688
f 13 221 220
f 13 7 8
f 13 221 12
f 13 690 7
f 13 223 12
f 13 690 692
f 695 536 692
f 695 697 536
f 695 697 536
f 695 725 726
f 695 697 725
f 695 697 727
f 695 725 692
f 695 697 725
f 695 697 727
f 695 723 692
f 695 697 723
f 695 697 729
f 695 697 696
f 695 723 722
f 695 697 723
f 695 721 722
f 695 697 721
f 695 721 692
f 695 697 721
f 695 719 692
f 695 697 719
f 695 719 718
f 695 697 719
f 695 717 718
f 695 697 717
f 695 717 692
f 695 697 717
f 695 715 692
f 695 697 715
f 695 697 715
f 706 524 521
f 706 705 524
f 706 705 524
f 706 490 521
f 706 705 490
f 706 490 707
f 706 705 490
f 706 486 707
f 706 705 486
f 706 482 481
f 706 482 705
f 706 477 478
f 706 477 705
f 706 477 475
f 706 477 705
f 706 462 221
f 706 221 222
f 706 462 221
f 706 705 462
f 706 221 219
f 706 705 219
f 706 219 217
f 706 705 215
f 706 215 217
f 706 705 215
f 706 215 708
f 706 212 705
f 706 710 707
f 706 709 708
f 706 212 709
f 706 212 705
f 706 709 710
f 706 704 710
f 706 705 704
f 706 212 211
f 706 705 211
f 706 211 209
f 706 705 209
f 706 704 703
f 706 714 703
f 706 209 709
f 706 705 208
f 706 709 206
f 706 705 203
f 706 714 710
f 706 714 721
f 706 709 208
f 706 705 206
f 706 705 203
f 480 481 704
f 480 705 704
f 480 705 481
f 480 706 705
f 480 706 705
f 480 706 478
f 480 706 481
f 480 478 707
f 480 481 707
f 480 478 709
f 480 481 709
f 480 478 709
f 480 481 709
f 480 478 710
f 480 481 710
f 480 712 478
f 480 481 712
f 480 714 481
f 480 481 715
f 480 481 717
f 480 481 717
f 480 481 719
f 480 481 719
f 480 481 721
f 480 481 721
f 480 481 723
f 480 481 723
f 480 481 725
f 480 481 725
f 480 481 727
f 480 481 727
f 480 729 238
f 480 481 729
f 480 729 238
f 480 481 240
f 480 729 1
f 480 481 1
f 480 481 729
f 480 481 240
f 480 481 243
f 480 481 244
f 480 481 244
f 480 481 246
f 480 481 247
f 480 481 247
f 480 481 249
f 480 481 250
f 480 481 250
f 480 481 252
f 480 481 252
f 480 481 254
f 480 481 255
f 480 481 443
f 480 481 447
f 480 481 443
f 480 481 439
f 480 481 439
f 480 481 447
f 480 420 422
f 480 481 449
f 480 481 434
f 480 481 438
f 480 481 434
f 480 425 422
f 480 481 450
f 480 481 429
f 480 425 427
f 480 481 450
f 480 429 427
f 480 481 429
f 480 481 452
f 480 453 481
f 480 453 481
f 566 565 447
f 566 565 449
f 566 565 445
f 566 450 565
f 566 565 445
f 566 450 565
f 566 442 565
f 566 452 565
f 566 442 565
f 566 452 565
f 566 565 441
f 566 565 439
f 566 437 565
f 566 437 565
f 566 565 436
f 566 565 433
f 566 565 433
f 566 565 430
f 566 428 416
f 566 428 565
f 566 428 565
f 566 415 565
f 566 669 668
f 566 668 565
f 566 666 565
f 566 415 573
f 566 415 576
f 566 415 576
f 566 577 576
f 566 578 577
f 566 658 657
f 566 565 612
f 566 565 608
f 566 565 612
f 566 565 608
f 566 578 608
f 566 581 565
f 566 578 581
f 566 578 581
f 569 568 335
f 569 568 330
f 569 568 335
f 569 568 330
f 569 568 339
f 569 324 568
f 569 568 341
f 569 568 341
f 569 568 416
f 569 345 416
f 569 669 568
f 569 568 668
f 569 658 657
f 569 568 666
f 670 18 19
f 670 669 18
f 670 669 18
f 670 19 672
f 670 669 19
f 670 21 672
f 670 669 21
f 670 21 22
f 670 669 21
f 670 22 672
f 670 669 22
f 670 24 672
f 670 669 24
f 670 25 24
f 670 25 669
f 670 87 669
f 670 669 577
f 670 669 579
f 670 92 669
f 670 669 577
f 670 669 576
f 670 669 575
f 670 669 573
f 670 669 573
f 670 669 571
f 670 569 669
f 670 566 669
f 46 209 208
f 46 211 725
f 46 706 710
f 46 714 721
f 46 211 727
f 46 714 719
f 46 714 710
f 46 714 721
f 46 211 727
f 46 714 719
f 46 700 699
f 46 211 729
f 46 697 696
f 195 51 193
f 195 196 274
f 195 193 274
f 195 196 274
f 195 193 274
f 195 196 276
f 195 193 276
f 195 196 272
f 195 193 272
f 195 197 196
f 195 281 196
f 195 281 193
f 195 196 272
f 195 193 272
f 195 307 194
f 195 307 196
f 195 281 282
f 195 281 282
f 195 196 270
f 195 193 270
f 195 307 305
f 195 307 305
f 195 318 320
f 195 318 197
f 195 286 282
f 195 286 282
f 195 196 269
f 195 193 269
f 195 304 305
f 195 304 305
f 195 322 320
f 195 322 197
f 195 322 197
f 195 82 197
f 195 286 287
f 195 193 287
f 195 286 193
f 195 196 269
f 195 193 269
f 195 304 302
f 195 304 302
f 195 290 287
f 195 290 287
f 195 196 267
f 195 193 267
f 195 301 302
f 195 301 302
f 195 290 291
f 195 290 291
f 195 266 196
f 195 193 266
f 195 300 301
f 195 300 301
f 195 294 291
f 195 294 291
f 195 266 196
f 195 193 266
f 195 300 298
f 195 300 298
f 195 294 295
f 195 294 196
f 195 196 260
f 195 193 260
f 195 297 298
f 195 297 298
f 195 297 295
f 195 297 196
f 195 259 196
f 195 259 193
f 195 259 258
f 195 259 258
f 195 258 196
f 195 258 193
f 195 256 196
f 195 256 193
f 195 256 255
f 195 256 255
f 195 255 254
f 195 255 193
f 195 254 196
f 195 193 254
f 195 252 196
f 195 193 252
f 195 252 196
f 195 193 252
f 195 250 196
f 195 250 193
f 195 250 193
f 38 216 218
f 665 666 15
f 665 662 15
f 665 666 11
f 665 666 16
f 665 662 16
f 665 11 12
f 665 662 12
f 665 666 16
f 665 662 16
f 665 10 11
f 665 666 10
f 665 666 655
f 665 662 655
f 665 666 18
f 665 662 18
f 665 10 9
f 665 666 9
f 665 666 10
f 665 666 655
f 665 662 655
f 665 666 18
f 665 662 18
f 665 666 19
f 665 662 19
f 665 21 666
f 665 21 666
f 665 666 22
f 665 25 666
f 665 566 666
f 665 569 568
f 665 571 666
f 665 666 573
f 665 67 666
f 665 666 573
f 665 67 68
f 665 666 575
f 665 69 68
f 665 666 576
f 665 577 666
f 665 577 666
f 665 666 579
f 665 666 584
f 665 77 666
f 665 92 666
f 665 87 666
f 659 18 19
f 659 662 18
f 659 662 18
f 659 19 20
f 659 662 19
f 659 662 655
f 659 21 20
f 659 662 21
f 659 21 22
f 659 662 21
f 659 655 23
f 659 22 23
f 659 662 22
f 659 25 655
f 659 25 662
f 659 657 655
f 659 657 54
f 659 662 55
f 659 662 55
f 659 55 54
f 659 657 55
f 659 67 658
f 659 657 55
f 659 67 658
f 659 69 658
f 659 77 658
f 659 83 658
f 659 86 658
f 659 87 86
f 58 170 169
f 58 162 160
f 26 655 23
f 26 25 655
f 26 655 27
f 26 27 648
f 26 23 648
f 26 659 655
f 26 659 25
f 26 27 53
f 26 23 53
f 26 231 228
f 26 231 228
f 26 226 228
f 26 226 228
f 26 659 662
f 26 659 25
f 26 237 27
f 26 232 231
f 26 232 231
f 26 226 225
f 26 25 225
f 26 226 225
f 26 238 23
f 26 237 238
f 26 237 238
f 26 237 236
f 26 237 236
f 26 232 27
f 26 232 23
f 26 223 225
f 26 25 223
f 26 665 666
f 26 665 25
f 26 236 27
f 26 236 23
f 26 223 221
f 26 25 223
f 26 666 667
f 26 25 666
f 26 221 220
f 26 25 221
f 26 668 667
f 26 25 668
f 26 220 219
f 26 25 220
f 26 669 668
f 26 25 669
f 26 218 219
f 26 25 218
f 26 670 669
f 26 670 25
f 26 218 217
f 26 25 218
f 26 670 672
f 26 670 25
f 26 216 217
f 26 25 216
f 26 25 216
f 26 676 678
f 26 676 25
f 26 678 680
f 26 25 678
f 70 71 648
f 70 69 648
f 70 71 105
f 70 69 105
f 70 71 649
f 70 69 649
f 70 71 108
f 70 69 108
f 70 71 109
f 70 69 109
f 70 71 109
f 70 69 109
f 70 657 71
f 70 69 657
f 70 71 110
f 70 69 110
f 70 658 657
f 70 69 658
f 70 71 114
f 70 69 114
f 70 659 658
f 70 659 69
f 70 71 114
f 70 69 114
f 70 71 116
f 70 69 116
f 70 662 661
f 70 69 662
f 70 71 120
f 70 69 120
f 70 121 71
f 70 69 121
f 70 665 666
f 70 665 69
f 70 121 122
f 70 69 121
f 70 666 71
f 70 69 666
f 70 122 71
f 70 69 122
f 70 668 71
f 70 69 668
f 70 124 71
f 70 69 124
f 70 669 668
f 70 69 669
f 70 124 71
f 70 69 124
f 70 670 669
f 70 126 71
f 70 69 126
f 70 126 127
f 70 69 126
f 70 127 71
f 70 69 127
f 70 129 71
f 70 69 129
f 70 129 71
f 70 69 129
f 70 69 189
f 70 71 131
f 70 69 131
f 70 69 189
f 70 71 133
f 70 69 133
f 70 71 188
f 70 69 188
f 70 71 133
f 70 69 133
f 70 71 184
f 70 69 184
f 70 71 135
f 70 69 135
f 70 71 184
f 70 69 184
f 70 136 71
f 70 69 136
f 70 180 71
f 70 180 69
f 70 138 136
f 70 138 69
f 70 180 178
f 70 180 69
f 70 138 71
f 70 138 69
f 70 178 71
f 70 69 178
f 70 71 140
f 70 69 140
f 70 175 71
f 70 69 175
f 70 173 175
f 70 69 173
f 70 146 71
f 70 69 146
f 70 171 173
f 70 69 171
f 70 146 71
f 70 69 146
f 70 171 71
f 70 69 171
f 70 71 169
f 70 69 169
f 70 151 149
f 70 69 151
f 70 71 167
f 70 69 167
f 70 165 71
f 70 69 165
f 70 165 71
f 70 69 165
f 70 155 69
f 70 71 163
f 70 69 163
f 70 155 156
f 70 155 69
f 70 69 160
f 143 348 135
f 143 348 135
f 143 351 352
f 143 351 135
f 143 135 134
f 143 352 135
f 143 146 147
f 656 657 71
f 656 77 655
f 656 77 657
f 656 83 82
f 656 83 657
f 656 86 655
f 656 86 657
f 656 87 86
f 656 87 86
f 656 92 657
f 656 590 657
f 656 590 657
f 656 657 584
f 656 657 584
f 656 580 579
f 656 657 579
f 656 657 577
f 656 578 577
f 656 657 577
f 656 657 576
f 656 657 575
f 656 657 573
f 656 657 573
f 656 657 571
f 656 569 657
f 656 566 657
f 72 71 140
f 72 73 140
f 72 73 71
f 72 71 140
f 72 73 140
f 72 146 71
f 72 73 146
f 72 146 71
f 72 73 146
f 72 155 156
f 72 71 163
f 72 73 163
f 72 165 71
f 72 73 165
f 72 165 71
f 72 73 165
f 72 171 71
f 72 73 171
f 72 171 173
f 72 73 171
f 72 173 175
f 72 73 173
f 72 175 71
f 72 73 175
f 72 178 71
f 72 73 178
f 72 180 178
f 72 180 73
f 72 180 71
f 72 180 73
f 72 71 184
f 72 73 184
f 72 71 184
f 72 73 184
f 72 71 188
f 72 70 189
f 72 70 71
f 72 70 189
f 72 70 192
f 72 670 669
f 72 670 73
f 72 669 668
f 72 73 669
f 72 668 71
f 72 73 668
f 72 666 71
f 72 73 666
f 72 665 666
f 72 665 73
f 72 662 661
f 72 73 662
f 72 659 658
f 72 659 73
f 72 658 657
f 72 73 658
f 72 656 657
f 72 656 73
f 72 73 71
f 72 656 71
f 72 656 73
f 148 72 73
f 148 72 73
f 148 77 147
f 148 77 149
f 148 72 71
f 148 72 149
f 148 70 71
f 148 70 149
f 148 70 69
f 148 70 69
f 148 146 147
f 148 146 149
f 148 69 68
f 148 69 68
f 148 67 68
f 148 67 68
f 148 67 147
f 148 149 336
f 148 67 66
f 148 67 149
f 148 147 336
f 148 149 336
f 148 149 342
f 148 147 338
f 148 149 338
f 148 342 147
f 148 149 342
f 148 147 338
f 148 149 338
f 148 340 147
f 148 340 149
f 148 340 147
f 148 340 149
f 158 72 73
f 158 72 73
f 158 160 161
f 158 156 161
f 158 72 71
f 158 72 156
f 158 160 336
f 158 156 336
f 158 70 160
f 158 70 71
f 158 70 156
f 158 160 336
f 158 156 157
f 158 70 69
f 158 70 69
f 158 336 338
f 158 157 338
f 158 69 68
f 158 336 338
f 158 157 338
f 158 157 336
f 158 156 68
f 158 69 156
f 158 67 160
f 158 67 68
f 158 67 68
f 158 67 66
f 158 67 157
f 76 137 75
f 76 77 137
f 76 77 137
f 76 75 139
f 76 77 139
f 76 75 146
f 76 77 146
f 76 75 146
f 76 77 146
f 76 148 75
f 76 148 77
f 76 148 75
f 76 148 77
f 76 77 156
f 76 158 75
f 76 158 156
f 76 158 156
f 76 75 163
f 76 77 163
f 76 75 165
f 76 77 165
f 76 75 165
f 76 77 165
f 76 171 75
f 76 77 171
f 76 171 75
f 76 77 171
f 76 75 173
f 76 77 173
f 76 75 175
f 76 77 175
f 76 75 178
f 76 77 178
f 76 180 75
f 76 180 77
f 76 180 75
f 76 180 77
f 76 75 184
f 76 184 78
f 76 77 78
f 76 184 186
f 76 188 186
f 76 189 188
f 76 189 191
f 76 192 191
f 76 192 194
f 76 195 194
f 76 195 197
f 76 197 78
f 76 200 78
f 76 670 669
f 76 77 669
f 76 670 669
f 76 669 75
f 76 77 669
f 76 75 668
f 76 77 668
f 76 75 666
f 76 77 666
f 76 665 75
f 76 665 77
f 76 662 661
f 76 77 662
f 76 659 658
f 76 659 77
f 76 658 657
f 76 77 658
f 76 656 657
f 76 656 77
f 76 77 75
f 76 656 75
f 76 656 77
f 476 453 477
f 476 439 438
f 476 420 277
f 476 475 263
f 476 475 263
f 476 261 475
f 476 261 475
f 476 259 475
f 476 259 258
f 476 258 475
f 476 477 258
f 476 256 475
f 476 477 256
f 476 256 255
f 476 477 256
f 476 255 475
f 476 477 255
f 476 475 254
f 476 477 254
f 476 475 252
f 476 477 252
f 476 475 252
f 476 477 252
f 476 250 475
f 476 477 250
f 476 250 475
f 476 477 250
f 476 475 249
f 476 477 249
f 476 247 475
f 476 477 247
f 476 247 475
f 476 477 247
f 476 475 246
f 476 477 246
f 476 244 475
f 476 477 244
f 476 244 475
f 476 477 244
f 476 475 243
f 476 477 243
f 476 475 240
f 476 477 240
f 476 475 240
f 476 477 240
f 476 238 475
f 476 477 238
f 476 237 238
f 476 477 237
f 476 237 475
f 476 477 237
f 476 475 236
f 476 236 235
f 476 475 235
f 476 236 234
f 476 477 236
f 476 723 234
f 476 477 723
f 476 723 722
f 476 477 723
f 476 722 234
f 476 475 234
f 476 475 722
f 476 721 475
f 476 477 721
f 476 721 475
f 476 477 721
f 476 719 475
f 476 477 719
f 476 719 475
f 476 477 719
f 476 717 475
f 476 477 717
f 476 717 475
f 476 477 717
f 476 715 475
f 476 477 715
f 476 714 715
f 476 714 477
f 476 477 712
f 515 712 715
f 515 516 712
f 515 715 514
f 515 712 514
f 515 516 514
f 515 516 712
f 515 717 514
f 515 717 514
f 515 719 514
f 515 719 514
f 515 721 514
f 515 721 514
f 515 723 514
f 515 723 514
f 515 725 514
f 515 725 724
f 515 725 726
f 515 725 726
f 515 514 646
f 515 727 514
f 515 727 726
f 515 727 726
f 515 514 645
f 515 514 644
f 515 514 420
f 515 514 420
f 515 514 423
f 515 514 423
f 515 514 425
f 515 514 429
f 515 514 429
f 515 516 429
f 515 514 431
f 515 516 431
f 515 514 434
f 515 516 434
f 515 516 514
f 517 717 716
f 517 515 717
f 517 715 518
f 517 715 716
f 517 717 718
f 517 712 715
f 517 516 712
f 517 515 715
f 517 515 516
f 517 515 717
f 517 719 718
f 517 712 711
f 517 516 711
f 517 516 712
f 517 515 719
f 517 719 720
f 517 515 719
f 517 721 720
f 517 515 721
f 517 721 722
f 517 515 721
f 517 515 723
f 517 722 519
f 517 723 722
f 517 723 724
f 517 515 724
f 517 515 723
f 517 515 646
f 517 420 422
f 517 520 646
f 517 520 519
f 517 515 645
f 517 515 420
f 517 515 420
f 517 423 422
f 517 520 645
f 517 515 644
f 517 520 420
f 517 520 420
f 517 515 419
f 517 515 423
f 517 423 425
f 517 520 644
f 517 515 644
f 517 515 423
f 517 518 519
f 517 425 519
f 517 520 644
f 517 515 642
f 517 403 419
f 517 403 520
f 517 403 520
f 517 515 425
f 517 518 429
f 517 520 642
f 517 515 642
f 517 520 619
f 517 515 429
f 517 515 516
f 517 518 429
f 517 516 429
f 517 520 642
f 517 515 638
f 517 520 619
f 517 518 431
f 517 516 431
f 517 520 638
f 517 515 638
f 517 520 622
f 517 433 518
f 517 516 433
f 517 520 638
f 517 515 636
f 517 624 520
f 517 433 434
f 517 516 434
f 517 516 433
f 517 636 520
f 517 515 636
f 517 624 520
f 517 636 520
f 517 515 634
f 517 520 625
f 517 520 634
f 517 520 631
f 517 520 634
f 517 520 631
f 517 520 633
f 513 712 715
f 513 512 712
f 513 715 514
f 513 712 514
f 513 512 712
f 513 717 514
f 513 516 514
f 513 512 516
f 513 717 514
f 513 719 514
f 513 516 439
f 513 516 514
f 513 512 439
f 513 516 439
f 513 512 439
f 513 719 514
f 513 437 514
f 513 516 441
f 513 512 441
f 513 512 516
f 513 721 514
f 513 437 436
f 513 512 436
f 513 437 514
f 513 721 514
f 513 514 436
f 513 512 436
f 513 514 434
f 513 512 434
f 513 514 434
f 513 512 434
f 513 514 431
f 513 512 431
f 513 514 429
f 513 512 429
f 513 514 429
f 513 514 425
f 513 514 423
f 513 514 423
f 513 514 420
f 713 512 712
f 713 512 712
f 713 507 715
f 713 712 507
f 713 507 715
f 713 712 507
f 713 505 715
f 713 712 505
f 713 505 715
f 713 712 505
f 713 715 503
f 713 712 503
f 713 715 501
f 713 712 501
f 713 715 501
f 713 712 501
f 713 715 499
f 713 712 499
f 713 498 715
f 713 712 498
f 713 498 715
f 713 712 498
f 713 715 497
f 713 712 497
f 713 715 496
f 713 712 496
f 713 493 715
f 713 712 493
f 713 493 715
f 713 712 493
f 713 491 715
f 713 712 491
f 713 490 491
f 713 490 712
f 713 490 715
f 713 490 712
f 713 715 488
f 713 712 488
f 713 715 488
f 713 712 488
f 713 715 486
f 713 712 486
f 713 485 715
f 713 485 712
f 713 712 715
f 713 485 715
f 713 485 712
f 713 715 703
f 713 714 715
f 713 703 711
f 713 714 703
f 713 714 481
f 713 482 481
f 713 482 481
f 713 710 711
f 713 712 710
f 713 714 710
f 713 480 481
f 713 480 714
f 713 209 710
f 713 710 208
f 713 714 209
f 713 477 712
f 713 714 477
f 713 211 209
f 713 714 211
f 713 476 477
f 713 476 714
f 713 212 211
f 713 212 714
f 713 476 712
f 713 476 714
f 713 712 710
f 713 212 710
f 713 212 714
f 713 712 215
f 713 714 215
f 713 712 215
f 713 714 215
f 713 714 227
f 713 712 219
f 713 714 219
f 713 226 227
f 713 226 712
f 713 226 714
f 713 712 221
f 713 714 221
f 713 226 712
f 713 226 714
f 713 712 221
f 713 714 221
f 713 712 224
f 713 714 224
f 470 710 711
f 470 472 710
f 470 712 711
f 470 472 712
f 470 709 710
f 470 472 709
f 470 713 712
f 470 713 472
f 470 709 708
f 470 472 709
f 470 713 714
f 470 472 707
f 470 706 708
f 470 706 707
f 470 706 472
f 470 714 715
f 470 706 705
f 470 706 472
f 470 229 715
f 470 714 228
f 470 705 704
f 470 472 705
f 470 229 715
f 470 700 698
f 470 472 700
f 470 541 472
f 470 696 698
f 470 536 468
f 470 472 536
f 470 536 533
f 470 472 536
f 470 531 533
f 470 472 531
f 470 531 468
f 470 472 531
f 470 529 468
f 470 472 529
f 470 526 529
f 470 472 526
f 470 526 524
f 470 472 526
f 470 524 521
f 470 472 521
f 470 472 524
f 470 472 462
f 471 229 717
f 471 472 717
f 471 470 229
f 471 229 717
f 471 472 717
f 471 472 715
f 471 470 715
f 471 470 229
f 471 714 472
f 471 470 714
f 471 472 231
f 471 470 231
f 471 713 714
f 471 470 713
f 471 470 713
f 471 232 472
f 471 470 232
f 471 232 472
f 471 470 232
f 471 472 234
f 471 470 234
f 471 472 235
f 471 470 235
f 471 472 236
f 471 470 236
f 471 472 237
f 471 470 237
f 471 472 237
f 471 470 237
f 471 472 238
f 471 470 238
f 471 472 240
f 471 470 240
f 471 470 241
f 471 472 240
f 471 241 240
f 471 470 241
f 471 472 243
f 471 470 243
f 471 472 244
f 471 470 244
f 471 472 244
f 471 470 244
f 471 472 246
f 471 470 246
f 471 470 247
f 471 470 247
f 471 470 249
f 471 470 250
f 471 420 422
f 471 453 447
f 471 453 449
f 471 470 472
f 461 471 472
f 461 470 472
f 461 470 472
f 461 279 464
f 461 279 464
f 461 464 277
f 461 464 280
f 461 276 277
f 461 464 434
f 461 453 434
f 461 453 464
f 461 462 269
f 461 462 267
f 461 462 266
f 461 462 266
f 461 263 262
f 461 462 263
f 461 462 263
f 461 261 462
f 461 261 462
f 461 259 462
f 461 259 462
f 461 462 258
f 461 256 462
f 461 256 462
f 461 462 255
f 461 462 254
f 461 462 252
f 461 462 252
f 461 250 462
f 461 250 462
f 461 462 249
f 461 462 247
f 461 462 247
f 461 462 246
f 461 462 244
f 461 462 244
f 461 241 462
f 461 241 462
f 461 462 240
f 461 238 462
f 461 237 238
f 461 237 462
f 461 462 235
f 557 449 556
f 557 558 449
f 557 447 556
f 557 558 447
f 557 450 449
f 557 558 450
f 557 445 447
f 557 558 445
f 557 450 556
f 557 558 450
f 557 445 444
f 557 558 445
f 557 452 556
f 557 558 452
f 557 442 444
f 557 558 442
f 557 452 454
f 557 558 452
f 557 442 441
f 557 558 442
f 557 441 556
f 557 558 441
f 557 439 556
f 557 558 439
f 557 437 439
f 557 558 437
f 557 437 436
f 557 558 437
f 557 436 556
f 557 558 436
f 557 433 556
f 557 558 433
f 557 433 556
f 557 558 433
f 557 556 430
f 557 558 430
f 557 428 556
f 557 558 428
f 557 428 556
f 557 558 428
f 557 417 556
f 557 558 417
f 557 558 417
f 557 670 669
f 557 670 558
f 557 669 668
f 557 558 669
f 557 668 667
f 557 558 668
f 557 666 667
f 557 558 666
f 557 665 666
f 557 665 558
f 557 659 658
f 557 659 558
f 557 658 657
f 557 558 658
f 557 558 602
f 557 656 657
f 557 656 558
f 557 558 602
f 557 558 607
f 557 558 608
f 557 558 609
f 557 558 649
f 557 558 609
f 557 558 615
f 557 558 611
f 557 558 611
f 557 613 612
f 557 558 612
f 559 560 449
f 559 558 449
f 559 560 447
f 559 558 447
f 559 560 450
f 559 558 450
f 559 560 445
f 559 558 445
f 559 560 450
f 559 558 450
f 559 560 445
f 559 558 445
f 559 560 452
f 559 558 452
f 559 560 442
f 559 558 442
f 559 560 452
f 559 558 452
f 559 560 442
f 559 558 442
f 559 560 441
f 559 558 441
f 559 560 439
f 559 558 439
f 559 560 437
f 559 558 437
f 559 560 437
f 559 558 437
f 559 560 436
f 559 558 436
f 559 560 433
f 559 558 433
f 559 560 433
f 559 558 433
f 559 560 430
f 559 558 430
f 559 428 560
f 559 558 428
f 559 428 560
f 559 558 428
f 559 560 416
f 559 417 416
f 559 558 417
f 559 558 417
f 559 415 560
f 559 558 415
f 559 414 415
f 559 414 558
f 559 670 669
f 559 670 558
f 559 414 581
f 559 414 558
f 559 669 560
f 559 558 669
f 559 581 560
f 559 558 581
f 559 560 668
f 559 558 668
f 559 586 560
f 559 558 586
f 559 560 666
f 559 558 666
f 559 586 560
f 559 558 586
f 559 665 560
f 559 665 558
f 559 560 602
f 559 558 602
f 559 658 657
f 559 558 658
f 559 560 603
f 559 656 657
f 559 656 558
f 559 603 602
f 559 558 602
f 559 560 603
f 559 560 605
f 559 558 605
f 559 560 607
f 559 558 607
f 559 560 608
f 559 558 608
f 559 560 608
f 559 560 615
f 559 558 615
f 559 609 608
f 559 558 609
f 559 558 609
f 559 560 612
f 559 558 612
f 559 560 612
f 559 558 612
f 563 562 449
f 563 562 447
f 563 562 450
f 563 562 445
f 563 562 450
f 563 562 445
f 563 562 452
f 563 562 442
f 563 562 452
f 563 562 442
f 563 562 441
f 563 562 439
f 563 562 437
f 563 562 437
f 563 562 436
f 563 562 433
f 563 562 433
f 563 562 430
f 563 562 428
f 563 562 428
f 563 670 562
f 563 562 415
f 563 562 669
f 563 578 562
f 563 562 668
f 563 578 562
f 563 562 666
f 563 562 581
f 563 665 562
f 563 586 585
f 563 562 586
f 563 562 586
f 563 603 604
f 563 562 603
f 563 562 603
f 563 562 658
f 563 608 604
f 563 562 604
f 563 562 608
f 563 562 608
f 563 656 562
f 563 562 612
f 563 562 612
f 561 560 449
f 561 562 449
f 561 560 447
f 561 562 447
f 561 560 450
f 561 562 450
f 561 560 445
f 561 562 445
f 561 560 450
f 561 562 450
f 561 560 445
f 561 562 445
f 561 560 452
f 561 562 452
f 561 560 442
f 561 562 442
f 561 560 452
f 561 562 452
f 561 560 442
f 561 562 442
f 561 560 441
f 561 562 441
f 561 560 439
f 561 562 439
f 561 560 437
f 561 562 437
f 561 560 437
f 561 562 437
f 561 560 436
f 561 562 436
f 561 560 433
f 561 562 433
f 561 560 433
f 561 562 433
f 561 560 430
f 561 562 430
f 561 428 560
f 561 562 428
f 561 562 428
f 561 560 416
f 561 428 416
f 561 428 560
f 561 415 560
f 561 562 415
f 561 670 669
f 561 670 562
f 561 578 415
f 561 578 562
f 561 669 560
f 561 562 669
f 561 578 581
f 561 578 562
f 561 560 668
f 561 562 668
f 561 581 560
f 561 562 581
f 561 560 666
f 561 562 666
f 561 586 560
f 561 562 586
f 561 665 560
f 561 665 562
f 561 586 560
f 561 562 586
f 561 560 602
f 561 562 602
f 561 658 657
f 561 562 658
f 561 560 603
f 561 562 603
f 561 656 657
f 561 656 562
f 561 560 603
f 561 562 603
f 561 560 604
f 561 562 604
f 561 560 608
f 561 562 608
f 561 560 608
f 561 562 608
f 561 560 612
f 561 562 612
f 561 560 612
f 561 562 612
f 321 322 320
f 321 180 320
f 321 180 322
f 321 180 322
f 321 178 177
f 321 322 178
f 321 178 320
f 321 180 320
f 321 180 178
f 321 177 320
f 321 322 177
f 321 175 320
f 321 322 175
f 321 175 174
f 321 322 175
f 321 322 173
f 321 340 329
f 321 340 329
f 321 362 361
f 321 370 371
f 321 375 379
f 321 392 393
f 321 392 394
f 321 392 396
f 321 405 320
f 321 322 405
f 321 405 320
f 321 322 405
f 321 320 407
f 321 322 407
f 321 414 320
f 321 414 322
f 321 414 415
f 321 414 415
f 321 322 416
f 321 415 416
f 321 415 322
f 310 203 308
f 310 311 203
f 310 206 308
f 310 311 206
f 310 203 308
f 310 311 203
f 310 208 206
f 310 311 208
f 310 200 308
f 310 311 200
f 310 209 208
f 310 311 209
f 310 200 308
f 310 311 200
f 310 211 209
f 310 311 211
f 310 197 308
f 310 311 197
f 310 211 308
f 310 311 308
f 310 311 211
f 310 195 197
f 310 195 311
f 310 195 194
f 310 195 311
f 310 193 194
f 310 311 193
f 310 193 192
f 310 311 193
f 310 192 308
f 310 311 192
f 310 190 308
f 310 311 190
f 310 190 189
f 310 311 190
f 310 189 188
f 310 311 189
f 310 187 188
f 310 311 187
f 310 187 186
f 310 311 187
f 310 311 185
f 310 311 185
f 310 311 183
f 310 311 183
f 310 311 181
f 310 311 180
f 310 311 180
f 310 311 178
f 310 311 178
f 310 311 405
f 310 311 407
f 310 414 311
f 310 414 311
f 310 311 415
f 310 311 428
f 310 311 428
f 310 311 430
f 310 311 433
f 310 311 433
f 310 311 436
f 310 311 437
f 310 437 439
f 310 311 437
f 310 439 308
f 310 311 439
f 310 441 308
f 310 311 441
f 310 442 441
f 310 311 442
f 310 442 444
f 310 311 442
f 310 445 444
f 310 311 445
f 310 445 447
f 310 311 445
f 310 447 448
f 310 311 447
f 310 449 448
f 310 311 449
f 310 450 449
f 310 311 450
f 310 311 450
f 313 314 203
f 313 311 203
f 313 314 206
f 313 311 206
f 313 314 203
f 313 311 203
f 313 314 208
f 313 311 208
f 313 314 200
f 313 311 200
f 313 211 314
f 313 311 211
f 313 311 211
f 313 314 200
f 313 311 200
f 313 314 197
f 313 311 197
f 313 195 314
f 313 195 311
f 313 195 314
f 313 195 311
f 313 314 192
f 313 311 192
f 313 314 192
f 313 311 192
f 313 311 190
f 313 190 189
f 313 314 189
f 313 311 190
f 313 314 189
f 313 311 189
f 313 314 187
f 313 311 187
f 313 314 187
f 313 311 187
f 313 314 185
f 313 314 185
f 313 314 183
f 313 314 183
f 313 314 181
f 313 180 314
f 313 180 314
f 313 314 178
f 313 314 178
f 313 314 177
f 313 404 405
f 313 314 405
f 313 314 407
f 313 414 314
f 313 414 415
f 313 415 314
f 313 314 428
f 313 314 428
f 313 314 430
f 313 314 433
f 313 314 433
f 313 314 436
f 313 314 437
f 313 314 437
f 313 311 437
f 313 314 439
f 313 311 439
f 313 314 441
f 313 311 441
f 313 314 442
f 313 311 442
f 313 314 442
f 313 311 442
f 313 314 445
f 313 311 445
f 313 314 445
f 313 311 445
f 313 314 447
f 313 311 447
f 313 314 449
f 313 311 449
f 313 311 314
f 326 327 178
f 326 325 178
f 326 325 327
f 326 327 175
f 326 325 175
f 326 327 173
f 326 325 173
f 326 327 173
f 326 325 173
f 326 171 327
f 326 325 171
f 326 171 327
f 326 325 171
f 326 325 170
f 326 328 170
f 326 328 327
f 326 328 169
f 326 169 167
f 326 328 167
f 326 328 363
f 326 329 167
f 326 328 329
f 326 328 365
f 326 329 363
f 326 328 329
f 326 329 164
f 326 321 164
f 326 328 365
f 326 329 362
f 326 329 358
f 326 329 358
f 326 328 374
f 326 328 327
f 326 365 374
f 326 325 374
f 326 325 365
f 326 329 359
f 326 359 361
f 326 329 356
f 326 351 352
f 326 321 329
f 326 379 374
f 326 325 379
f 326 327 405
f 326 325 405
f 326 329 356
f 326 352 353
f 326 400 379
f 326 325 400
f 326 327 405
f 326 325 405
f 326 329 355
f 326 353 329
f 326 400 379
f 326 325 379
f 326 325 400
f 326 327 407
f 326 325 407
f 326 414 327
f 326 414 325
f 326 325 415
f 326 414 415
f 326 414 325
f 88 87 666
f 88 87 668
f 88 665 87
f 88 87 669
f 88 670 87
f 88 87 658
f 88 656 87
f 88 656 87
f 88 86 91
f 88 87 200
f 88 87 197
f 88 91 106
f 88 86 106
f 88 86 112
f 88 87 197
f 88 91 106
f 88 86 106
f 88 86 112
f 88 87 194
f 88 91 101
f 88 86 101
f 88 86 123
f 88 87 188
f 88 91 101
f 88 86 101
f 88 86 91
f 88 137 123
f 88 86 124
f 88 87 188
f 88 137 124
f 88 86 137
f 88 87 86
f 88 87 139
f 88 86 137
f 88 87 184
f 88 87 184
f 88 149 161
f 88 87 149
f 88 87 149
f 88 87 163
f 88 87 180
f 88 87 165
f 88 87 180
f 88 87 165
f 88 87 175
f 88 87 171
f 88 87 173
f 88 87 171
f 93 91 94
f 93 92 91
f 93 94 139
f 93 92 139
f 93 91 649
f 93 163 94
f 93 92 163
f 93 163 94
f 93 92 163
f 93 171 94
f 93 92 171
f 93 171 173
f 93 92 171
f 93 656 92
f 93 173 175
f 93 92 173
f 93 656 94
f 93 92 658
f 93 598 658
f 93 598 92
f 93 175 178
f 93 92 175
f 93 590 94
f 93 590 92
f 93 180 178
f 93 92 180
f 93 584 94
f 93 92 584
f 93 180 94
f 93 92 180
f 93 584 94
f 93 92 584
f 93 94 184
f 93 92 184
f 93 579 94
f 93 92 579
f 93 94 184
f 93 92 184
f 93 577 579
f 93 92 577
f 93 94 188
f 93 92 188
f 93 577 576
f 93 92 577
f 93 94 188
f 93 92 188
f 93 576 575
f 93 92 576
f 93 94 194
f 93 92 194
f 93 575 94
f 93 92 575
f 93 92 197
f 93 94 332
f 93 92 332
f 93 327 197
f 93 327 94
f 93 92 327
f 93 330 94
f 93 92 330
f 93 328 327
f 93 92 328
f 93 328 330
f 93 92 328
f 90 92 666
f 90 92 668
f 90 665 92
f 90 92 669
f 90 670 92
f 90 92 658
f 90 92 579
f 90 670 92
f 90 658 657
f 90 92 577
f 90 656 657
f 90 92 577
f 90 92 575
f 90 92 576
f 90 92 573
f 90 92 573
f 90 92 571
f 90 571 327
f 90 92 571
f 90 327 689
f 90 92 327
f 90 92 200
f 90 92 197
f 90 92 197
f 90 92 194
f 90 92 188
f 90 92 188
f 90 92 184
f 90 92 184
f 90 92 180
f 90 92 180
f 90 92 175
f 90 92 173
f 90 92 171
f 90 92 171
f 90 92 165
f 90 92 165
f 90 92 163
f 90 92 161
f 90 92 139
f 90 92 91
f 595 598 98
f 595 98 96
f 595 98 96
f 595 598 96
f 595 98 99
f 595 598 98
f 595 95 96
f 595 598 95
f 595 100 99
f 595 598 100
f 595 95 94
f 595 598 95
f 595 100 101
f 595 598 100
f 595 93 94
f 595 93 598
f 595 102 101
f 595 598 102
f 595 93 92
f 595 93 598
f 595 598 92
f 595 658 657
f 595 598 658
f 595 656 657
f 595 656 598
f 595 106 104
f 595 351 350
f 595 351 109
f 595 351 352
f 595 598 587
f 600 563 604
f 600 93 656
f 600 563 562
f 600 93 94
f 600 561 562
f 600 95 604
f 600 95 94
f 600 561 560
f 600 95 96
f 600 559 560
f 600 96 97
f 600 559 558
f 600 98 97
f 600 557 558
f 600 98 99
f 600 100 99
f 600 100 101
f 600 102 101
f 600 102 601
f 600 104 601
f 600 372 618
f 600 104 601
f 600 372 618
f 600 106 601
f 600 370 618
f 600 106 107
f 600 370 618
f 600 107 108
f 600 367 618
f 600 367 618
f 600 109 108
f 600 366 367
f 600 109 110
f 600 366 363
f 600 110 601
f 600 363 362
f 600 362 360
f 600 113 601
f 600 113 112
f 600 359 360
f 600 358 359
f 600 113 114
f 600 113 114
f 600 358 601
f 600 114 356
f 600 114 356
f 600 356 601
f 599 581 565
f 599 598 581
f 599 598 581
f 599 600 563
f 599 600 93
f 599 600 561
f 599 656 598
f 599 93 598
f 599 93 656
f 599 93 598
f 599 600 93
f 599 598 95
f 599 600 95
f 599 598 95
f 599 600 95
f 599 598 96
f 599 600 96
f 599 598 98
f 599 600 98
f 599 598 98
f 599 600 98
f 599 598 100
f 599 600 100
f 599 598 100
f 599 600 100
f 599 598 102
f 599 600 102
f 599 598 102
f 599 600 102
f 599 598 104
f 599 600 104
f 599 598 104
f 599 600 104
f 599 600 618
f 599 598 106
f 599 600 106
f 599 600 372
f 599 598 106
f 599 600 106
f 599 600 372
f 599 598 107
f 599 600 107
f 599 600 370
f 599 598 109
f 599 600 109
f 599 600 370
f 599 598 109
f 599 600 109
f 599 600 367
f 599 598 110
f 599 600 110
f 599 600 366
f 599 600 112
f 599 600 366
f 599 112 354
f 599 598 354
f 599 600 113
f 599 366 363
f 599 600 363
f 599 113 112
f 599 600 113
f 599 600 362
f 599 113 355
f 599 598 355
f 599 598 356
f 599 600 356
f 599 600 359
f 599 600 356
f 599 600 358
f 599 600 358
f 592 98 96
f 592 590 98
f 592 95 96
f 592 590 95
f 592 98 100
f 592 590 98
f 592 95 94
f 592 590 95
f 592 102 100
f 592 590 102
f 592 93 94
f 592 93 590
f 592 102 593
f 592 590 102
f 592 93 92
f 592 93 590
f 592 104 593
f 592 590 104
f 592 92 661
f 592 590 92
f 592 106 104
f 592 593 107
f 592 106 593
f 592 348 107
f 592 348 106
f 592 350 593
f 592 351 350
f 592 351 352
f 592 352 353
f 592 353 593
f 592 593 355
f 592 593 356
f 592 593 356
f 592 358 593
f 592 358 359
f 592 359 593
f 592 593 361
f 592 362 593
f 592 363 362
f 592 363 593
f 589 590 587
f 589 398 587
f 589 398 587
f 589 587 396
f 589 400 587
f 589 587 396
f 589 400 587
f 589 587 394
f 589 587 401
f 589 400 401
f 589 587 393
f 589 403 587
f 589 392 587
f 589 403 404
f 589 392 390
f 589 392 587
f 589 404 405
f 589 406 405
f 589 406 404
f 589 587 389
f 589 587 389
f 589 587 387
f 589 587 386
f 589 587 385
f 589 587 385
f 589 590 587
f 589 587 382
f 589 385 384
f 589 557 558
f 589 587 381
f 589 559 558
f 589 587 380
f 589 559 560
f 589 587 379
f 589 561 560
f 589 377 587
f 589 376 377
f 589 377 379
f 589 376 587
f 589 587 375
f 589 372 587
f 589 587 371
f 589 372 587
f 589 372 374
f 589 370 371
f 589 370 588
f 589 367 369
f 589 367 588
f 589 590 367
f 589 367 365
f 589 365 588
f 589 590 365
f 589 366 367
f 589 590 366
f 589 590 366
f 589 363 588
f 589 590 363
f 589 363 362
f 589 590 363
f 589 362 361
f 589 590 362
f 589 361 360
f 589 590 361
f 589 359 360
f 589 590 359
f 589 358 359
f 589 590 358
f 589 358 588
f 589 590 358
f 589 356 588
f 589 590 356
f 589 356 588
f 589 590 356
f 589 588 355
f 589 590 355
f 589 353 588
f 589 590 353
f 589 352 353
f 589 590 352
f 589 351 352
f 589 590 351
f 589 351 350
f 589 590 351
f 589 350 349
f 589 590 350
f 589 348 349
f 589 348 590
f 408 583 407
f 408 583 585
f 408 583 585
f 408 586 585
f 408 586 585
f 408 586 587
f 408 586 587
f 408 406 587
f 408 589 406
f 408 419 535
f 408 406 535
f 408 406 419
f 408 299 297
f 408 406 297
f 408 406 299
f 408 406 300
f 408 406 299
f 408 300 301
f 408 300 301
f 408 303 301
f 408 303 301
f 408 303 304
f 408 303 304
f 408 306 407
f 408 306 304
f 408 306 304
f 411 583 581
f 411 581 580
f 411 578 580
f 411 578 577
f 411 577 576
f 411 300 301
f 411 576 575
f 411 575 361
f 411 362 409
f 411 576 362
f 411 576 362
f 411 306 307
f 411 358 361
f 411 356 361
f 411 307 409
f 411 356 361
f 411 409 361
f 411 310 311
f 411 350 355
f 411 350 409
f 411 353 350
f 411 313 314
f 411 345 350
f 411 350 409
f 411 345 350
f 411 341 409
f 411 341 339
f 411 321 320
f 411 339 409
f 411 321 322
f 411 335 409
f 411 324 325
f 411 333 409
f 411 334 335
f 411 334 333
f 411 334 333
f 411 326 325
f 411 409 331
f 411 326 327
f 411 330 409
f 411 328 327
f 411 330 329
f 411 328 329
f 344 107 109
f 344 345 107
f 344 345 107
f 344 109 110
f 344 345 109
f 344 112 110
f 344 345 112
f 344 113 112
f 344 345 113
f 344 345 113
f 344 115 113
f 344 115 113
f 344 345 115
f 344 115 116
f 344 345 115
f 344 117 116
f 344 345 117
f 344 117 118
f 344 345 117
f 344 118 343
f 344 345 118
f 344 120 343
f 344 345 120
f 344 121 120
f 344 345 121
f 344 121 122
f 344 345 121
f 344 122 123
f 344 345 122
f 344 124 123
f 344 345 124
f 344 124 125
f 344 345 124
f 344 126 125
f 344 345 126
f 344 126 127
f 344 345 126
f 344 127 128
f 344 345 127
f 344 129 128
f 344 345 129
f 344 129 130
f 344 345 129
f 344 131 130
f 344 345 131
f 344 132 131
f 344 132 133
f 344 132 133
f 344 345 133
f 344 133 134
f 344 345 133
f 344 135 134
f 344 345 135
f 344 136 135
f 344 137 136
f 344 138 137
f 344 138 137
f 344 138 140
f 344 146 342
f 344 146 342
f 344 148 342
f 344 148 342
f 344 151 342
f 344 151 153
f 344 153 342
f 344 345 342
f 344 155 342
f 344 155 342
f 344 342 157
f 344 162 160
f 344 342 160
f 344 342 162
f 344 303 342
f 344 303 306
f 344 326 321
f 344 326 329
f 344 329 342
f 344 342 334
f 344 342 336
f 344 345 350
f 344 345 342
f 344 340 342
f 344 340 342
f 347 345 586
f 347 348 586
f 347 345 584
f 347 348 584
f 347 345 586
f 347 348 586
f 347 345 580
f 347 348 580
f 347 345 590
f 347 345 580
f 347 348 580
f 347 589 590
f 347 589 348
f 347 589 348
f 347 345 590
f 347 345 577
f 347 348 577
f 347 590 106
f 347 348 590
f 347 345 106
f 347 345 577
f 347 348 577
f 347 348 106
f 347 345 576
f 347 348 576
f 347 348 107
f 347 345 575
f 347 348 575
f 347 348 109
f 347 345 573
f 347 348 573
f 347 348 345
f 347 348 109
f 347 348 110
f 347 348 112
f 347 348 113
f 347 348 113
f 347 348 115
f 347 348 115
f 347 348 117
f 347 348 117
f 347 348 118
f 347 348 120
f 347 348 121
f 347 348 121
f 347 348 122
f 347 348 124
f 347 348 124
f 347 348 126
f 347 348 126
f 347 348 127
f 347 348 129
f 347 348 129
f 347 348 131
f 347 348 133
f 347 348 133
f 347 348 135
f 347 348 138
f 347 348 138
f 347 143 348
f 347 348 146
f 347 348 146
f 347 348 147
f 347 348 153
f 347 348 153
f 347 348 157
f 347 348 157
f 347 351 296
f 347 348 351
f 347 299 351
f 347 299 351
f 323 180 322
f 323 324 180
f 323 324 180
f 323 322 178
f 323 324 178
f 323 322 177
f 323 324 177
f 323 322 175
f 323 324 175
f 323 322 175
f 323 324 175
f 323 322 173
f 323 324 173
f 323 324 173
f 323 321 173
f 323 321 322
f 323 321 171
f 323 325 171
f 323 324 325
f 323 321 171
f 323 325 171
f 323 325 170
f 323 321 170
f 323 325 365
f 323 326 325
f 323 321 365
f 323 321 363
f 323 326 365
f 323 326 325
f 323 321 365
f 323 325 370
f 323 321 169
f 323 326 169
f 323 326 363
f 323 321 363
f 323 321 370
f 323 325 370
f 323 321 167
f 323 326 167
f 323 326 321
f 323 321 361
f 323 326 361
f 323 321 359
f 323 326 359
f 323 326 363
f 323 321 362
f 323 321 370
f 323 325 379
f 323 326 362
f 323 321 358
f 323 326 358
f 323 321 379
f 323 325 392
f 323 321 358
f 323 326 358
f 323 321 379
f 323 392 379
f 323 325 398
f 323 321 356
f 323 326 356
f 323 321 392
f 323 398 392
f 323 325 398
f 323 321 356
f 323 326 356
f 323 321 392
f 323 392 396
f 323 325 400
f 323 321 355
f 323 326 355
f 323 321 396
f 323 321 398
f 323 321 398
f 323 325 400
f 323 324 325
f 323 321 353
f 323 326 353
f 323 321 400
f 323 321 352
f 323 326 352
f 323 321 400
f 323 321 322
f 323 322 405
f 323 324 405
f 323 321 351
f 323 326 351
f 323 322 405
f 323 324 405
f 323 322 407
f 323 324 407
f 323 411 322
f 323 411 324
f 323 414 322
f 323 324 414
f 323 414 415
f 323 324 414
f 323 415 322
f 323 324 322
f 323 324 415
f 316 211 314
f 316 318 211
f 316 318 208
f 316 211 314
f 316 318 211
f 316 208 206
f 316 314 206
f 316 314 208
f 316 314 203
f 316 318 203
f 316 314 217
f 316 314 203
f 316 318 203
f 316 217 214
f 316 318 214
f 316 314 217
f 316 314 200
f 316 318 200
f 316 314 450
f 316 318 450
f 316 314 200
f 316 318 200
f 316 314 450
f 316 318 450
f 316 314 197
f 316 318 197
f 316 314 449
f 316 318 449
f 316 195 314
f 316 195 318
f 316 314 447
f 316 318 447
f 316 195 314
f 316 195 318
f 316 314 445
f 316 318 445
f 316 314 192
f 316 318 192
f 316 314 445
f 316 318 445
f 316 314 192
f 316 318 192
f 316 314 442
f 316 318 442
f 316 314 189
f 316 318 189
f 316 314 442
f 316 318 442
f 316 314 189
f 316 318 189
f 316 314 441
f 316 318 441
f 316 314 188
f 316 318 188
f 316 314 439
f 316 318 439
f 316 314 185
f 316 314 437
f 316 318 437
f 316 185 184
f 316 318 184
f 316 314 185
f 316 314 437
f 316 318 437
f 316 314 436
f 316 318 436
f 316 314 433
f 316 318 433
f 319 181 320
f 319 318 320
f 319 318 181
f 319 180 181
f 319 318 180
f 319 180 320
f 319 318 180
f 319 178 320
f 319 318 178
f 319 178 177
f 319 318 178
f 319 177 320
f 319 318 177
f 319 175 320
f 319 318 175
f 319 175 174
f 319 321 174
f 319 321 173
f 319 321 173
f 319 321 171
f 319 321 171
f 319 321 370
f 319 321 170
f 319 321 370
f 319 367 369
f 319 367 365
f 319 321 365
f 319 321 169
f 319 321 371
f 319 366 367
f 319 321 167
f 319 372 371
f 319 321 375
f 319 321 365
f 319 321 375
f 319 321 363
f 319 321 164
f 319 344 321
f 319 376 375
f 319 321 379
f 319 321 363
f 319 321 340
f 319 379 385
f 319 321 392
f 319 321 362
f 319 326 329
f 319 326 321
f 319 326 321
f 319 321 329
f 319 321 351
f 319 321 392
f 319 321 359
f 319 340 334
f 319 321 340
f 319 321 352
f 319 321 393
f 319 321 358
f 319 321 353
f 319 321 394
f 319 321 358
f 319 321 355
f 319 321 396
f 319 321 356
f 319 321 356
f 319 321 396
f 319 321 398
f 319 321 398
f 319 321 400
f 319 321 320
f 319 321 400
f 319 405 320
f 319 318 405
f 319 405 320
f 319 318 405
f 319 320 407
f 319 318 407
f 319 411 320
f 319 411 318
f 319 414 320
f 319 318 414
f 319 414 415
f 319 318 414
f 319 415 416
f 319 318 415
f 319 416 320
f 319 318 320
f 319 318 416
f 687 557 689
f 687 557 558
f 687 559 558
f 687 559 560
f 687 561 560
f 687 561 562
f 687 87 689
f 687 563 562
f 687 88 87
f 687 566 689
f 687 90 571
f 687 569 568
f 685 687 550
f 685 687 557
f 685 687 557
f 685 687 559
f 685 16 686
f 685 16 686
f 685 13 686
f 685 686 8
f 681 557 679
f 681 557 558
f 681 559 558
f 681 559 560
f 681 561 560
f 681 561 562
f 681 87 679
f 681 563 562
f 681 88 87
f 681 76 679
f 681 566 679
f 681 90 679
f 681 679 573
f 681 569 568
f 681 679 573
f 681 571 679
f 651 546 652
f 651 88 86
f 651 90 91
f 651 77 652
f 540 541 450
f 540 541 452
f 540 541 450
f 540 541 452
f 540 541 449
f 540 541 447
f 540 541 462
f 540 541 445
f 540 541 462
f 540 541 445
f 540 465 468
f 540 541 465
f 540 541 444
f 540 470 468
f 540 470 541
f 540 541 442
f 540 470 472
f 540 470 541
f 540 541 442
f 540 541 472
f 540 541 441
f 540 541 697
f 540 541 439
f 540 700 699
f 540 700 699
f 540 541 439
f 540 541 697
f 540 695 697
f 540 695 541
f 540 541 437
f 540 690 541
f 540 541 437
f 540 690 541
f 540 541 436
f 540 541 688
f 540 541 434
f 540 541 682
f 540 541 433
f 540 541 682
f 540 541 433
f 540 541 678
f 540 541 431
f 540 676 541
f 540 541 430
f 540 541 430
f 540 541 428
f 540 541 668
f 540 541 669
f 540 541 669
f 540 541 428
f 540 541 666
f 540 541 426
f 540 665 541
f 540 541 426
f 540 665 541
f 540 659 541
f 540 659 541
f 540 541 649
f 544 470 541
f 544 470 696
f 544 470 541
f 544 470 696
f 544 690 688
f 654 540 541
f 654 540 541
f 654 655 55
f 654 649 55
f 654 67 66
f 654 655 55
f 654 649 55
f 654 67 68
f 654 655 54
f 654 649 54
f 654 649 655
f 654 69 68
f 654 70 69
f 654 656 655
f 654 557 656
f 654 70 71
f 654 557 656
f 654 73 71
f 654 559 656
f 654 73 75
f 654 559 656
f 654 77 75
f 654 561 656
f 654 561 656
f 654 90 656
f 654 656 92
f 654 563 656
f 654 88 656
f 654 88 87
f 654 656 566
f 654 86 655
f 654 87 86
f 483 704 703
f 483 482 704
f 483 526 704
f 483 482 526
f 483 482 705
f 483 526 704
f 483 705 704
f 483 706 482
f 483 526 524
f 483 706 705
f 483 706 482
f 483 524 486
f 483 526 478
f 483 482 526
f 483 453 452
f 483 453 454
f 483 482 453
f 483 485 486
f 483 706 486
f 483 486 521
f 483 452 486
f 483 482 452
f 483 485 707
f 483 482 707
f 483 450 486
f 483 485 450
f 483 485 709
f 483 482 709
f 483 482 450
f 483 462 521
f 483 485 709
f 483 482 709
f 483 485 449
f 483 485 450
f 483 482 450
f 483 485 710
f 483 482 710
f 483 449 448
f 483 482 449
f 483 485 712
f 483 485 712
f 483 482 712
f 483 447 448
f 483 482 447
f 483 482 447
f 483 713 712
f 483 713 482
f 483 713 715
f 483 713 482
f 483 715 716
f 483 482 715
f 483 717 716
f 483 482 717
f 483 717 718
f 483 482 717
f 483 719 718
f 483 482 719
f 483 719 720
f 483 482 719
f 483 721 720
f 483 482 721
f 483 721 722
f 483 482 722
f 483 482 721
f 691 544 690
f 691 557 689
f 691 557 558
f 691 559 558
f 691 82 689
f 691 559 560
f 691 87 689
f 691 561 560
f 691 88 87
f 691 561 562
f 691 563 562
f 691 90 689
f 691 689 202
f 691 566 689
f 691 324 208
f 691 327 689
f 691 324 327
f 691 569 568
f 691 569 324
f 691 571 327
f 84 82 666
f 84 666 667
f 84 82 668
f 84 665 82
f 84 668 667
f 84 665 666
f 84 669 82
f 84 669 668
f 84 83 662
f 84 670 669
f 84 670 669
f 84 180 178
f 84 180 82
f 84 175 178
f 84 82 175
f 84 659 658
f 84 659 83
f 84 180 85
f 84 180 82
f 84 173 175
f 84 82 173
f 84 83 82
f 84 658 657
f 84 83 658
f 84 184 85
f 84 82 184
f 84 171 173
f 84 83 171
f 84 656 657
f 84 656 83
f 84 184 85
f 84 82 184
f 84 171 85
f 84 83 171
f 84 656 655
f 84 656 83
f 84 681 679
f 84 681 82
f 84 188 85
f 84 82 188
f 84 165 85
f 84 83 165
f 84 654 655
f 84 654 83
f 84 188 85
f 84 82 188
f 84 165 163
f 84 83 165
f 84 85 194
f 84 82 194
f 84 82 85
f 84 163 161
f 84 83 163
f 84 654 86
f 84 82 689
f 84 687 689
f 84 687 82
f 84 156 161
f 84 83 156
f 84 651 86
f 84 651 83
f 84 156 149
f 84 83 156
f 84 86 122
f 84 83 122
f 84 86 115
f 84 83 115
f 84 83 86
f 84 149 85
f 84 83 149
f 84 86 122
f 84 83 122
f 84 86 115
f 84 83 115
f 84 139 85
f 84 83 139
f 84 86 124
f 84 83 124
f 84 86 112
f 84 83 112
f 84 83 137
f 84 86 124
f 84 83 124
f 84 86 109
f 84 83 109
f 84 86 139
f 84 86 137
f 84 83 137
f 84 86 137
f 84 83 126
f 84 86 109
f 84 83 109
f 84 137 126
f 84 86 108
f 84 83 108
f 84 86 105
f 84 83 105
f 84 86 101
f 84 83 101
f 84 86 101
f 84 83 101
f 84 83 86
f 80 82 666
f 80 82 668
f 80 669 668
f 80 669 82
f 80 670 669
f 80 670 669
f 80 681 679
f 80 681 82
f 80 685 687
f 80 685 687
f 80 687 689
f 80 687 82
f 80 691 689
f 80 691 82
f 80 146 149
f 80 82 696
f 80 148 146
f 80 148 146
f 80 700 82
f 80 200 202
f 80 82 200
f 80 200 78
f 80 197 78
f 80 197 200
f 80 82 197
f 80 195 197
f 80 195 82
f 80 195 194
f 80 195 82
f 80 192 194
f 80 82 192
f 80 192 191
f 80 82 192
f 80 180 178
f 80 180 82
f 80 189 191
f 80 82 189
f 80 180 78
f 80 180 82
f 80 189 188
f 80 82 189
f 80 184 78
f 80 82 184
f 80 188 186
f 80 82 188
f 80 184 186
f 80 82 184
f 79 101 99
f 79 77 101
f 79 77 649
f 79 77 101
f 79 77 105
f 79 651 77
f 79 77 108
f 79 651 77
f 79 77 109
f 79 77 109
f 79 77 655
f 79 654 77
f 79 77 110
f 79 656 655
f 79 80 656
f 79 77 114
f 79 656 657
f 79 80 656
f 79 77 114
f 79 658 657
f 79 80 658
f 79 77 117
f 79 659 658
f 79 80 659
f 79 77 117
f 79 117 118
f 79 77 120
f 79 662 661
f 79 80 662
f 79 77 121
f 79 77 121
f 79 665 666
f 79 80 665
f 79 77 122
f 79 666 667
f 79 80 666
f 79 77 124
f 79 668 667
f 79 80 668
f 79 80 668
f 79 77 124
f 79 77 126
f 79 77 126
f 79 77 127
f 79 77 129
f 79 77 132
f 79 132 129
f 79 77 137
f 79 77 137
f 79 137 139
f 79 80 137
f 79 139 141
f 79 80 139
f 79 146 145
f 79 80 146
f 79 146 147
f 79 80 146
f 79 148 147
f 79 80 148
f 79 148 149
f 79 80 148
f 79 156 149
f 79 80 156
f 79 156 161
f 79 80 156
f 79 163 161
f 79 80 163
f 79 165 163
f 79 80 165
f 79 165 168
f 79 80 165
f 79 171 168
f 79 80 171
f 79 171 173
f 79 80 171
f 79 173 175
f 79 80 173
f 79 175 178
f 79 80 178
f 79 80 175
f 702 478 531
f 702 701 531
f 702 701 478
f 702 481 478
f 702 481 531
f 702 481 478
f 702 703 531
f 702 701 703
f 702 482 481
f 702 701 478
f 702 482 481
f 702 477 703
f 702 477 478
f 702 477 478
f 702 703 529
f 702 482 529
f 702 483 703
f 702 483 482
f 702 483 482
f 702 472 704
f 702 470 472
f 702 470 472
f 702 470 704
f 702 470 700
f 702 704 459
f 702 700 459
f 702 459 219
f 702 704 219
f 702 700 215
f 702 704 215
f 702 700 215
f 702 704 215
f 702 706 704
f 702 212 700
f 702 706 705
f 702 705 704
f 702 212 705
f 702 212 700
f 702 701 700
f 702 701 721
f 702 706 714
f 702 706 714
f 702 701 721
f 702 706 721
f 702 212 705
f 702 700 211
f 702 700 723
f 702 46 723
f 702 714 721
f 702 701 714
f 702 701 714
f 702 701 723
f 702 705 211
f 702 700 209
f 702 46 723
f 702 46 706
f 702 705 209
f 702 700 208
f 702 705 208
f 702 700 206
f 702 700 202
f 702 700 82
f 702 80 82
f 702 80 700
f 702 705 206
f 702 203 202
f 702 705 203
f 702 705 203
f 32 13 690
f 32 13 688
f 32 685 686
f 32 13 215
f 32 25 24
f 32 25 682
f 32 26 25
f 32 25 682
f 32 26 25
f 32 26 216
f 32 26 216
f 32 26 680
f 32 678 680
f 32 29 216
f 549 546 696
f 549 696 465
f 549 550 696
f 549 546 465
f 549 691 550
f 549 691 690
f 549 687 688
f 549 687 550
f 549 550 452
f 549 687 550
f 549 550 452
f 549 685 550
f 549 550 450
f 549 550 450
f 549 681 550
f 549 550 449
f 549 681 550
f 549 550 447
f 549 550 680
f 549 550 445
f 549 550 678
f 549 550 445
f 549 550 442
f 549 550 442
f 549 550 441
f 549 670 550
f 549 550 439
f 549 550 669
f 549 550 437
f 549 550 668
f 549 550 437
f 549 550 666
f 549 550 436
f 549 665 550
f 549 433 434
f 549 550 433
f 549 550 662
f 549 550 433
f 549 550 431
f 549 659 550
f 549 550 430
f 549 550 658
f 549 550 430
f 549 656 550
f 549 550 428
f 549 656 550
f 549 550 428
f 549 654 550
f 549 550 426
f 549 550 426
f 549 651 550
f 549 550 424
f 555 670 669
f 555 669 668
f 555 668 667
f 555 666 667
f 555 665 666
f 555 662 661
f 555 659 658
f 555 658 657
f 555 656 657
f 555 656 655
f 555 654 655
f 555 557 649
f 555 557 649
f 555 613 615
f 555 557 615
f 555 611 613
f 555 609 611
f 555 557 613
f 555 557 613
f 555 557 611
f 555 557 611
f 555 557 609
f 555 557 607
f 555 609 608
f 555 557 608
f 555 557 609
f 555 557 602
f 555 557 602
f 555 600 557
f 555 589 557
f 555 558 586
f 555 557 558
f 555 558 586
f 555 581 585
f 555 558 581
f 555 414 581
f 555 414 558
f 555 414 558
f 555 557 417
f 555 557 417
f 555 558 415
f 555 557 558
f 555 417 424
f 555 417 426
f 555 417 556
f 555 428 426
f 555 428 556
f 555 428 556
f 555 556 430
f 555 433 556
f 553 452 454
f 553 691 689
f 553 452 556
f 553 687 689
f 553 450 556
f 553 685 687
f 553 450 449
f 553 449 556
f 553 447 556
f 553 681 679
f 553 445 447
f 553 681 680
f 553 445 444
f 553 442 444
f 553 442 441
f 553 441 556
f 553 439 556
f 553 437 439
f 553 437 436
f 553 436 556
f 553 433 556
f 553 555 433
f 553 428 430
f 567 568 447
f 567 566 447
f 567 568 449
f 567 566 449
f 567 568 445
f 567 566 445
f 567 568 450
f 567 566 450
f 567 568 445
f 567 566 445
f 567 568 450
f 567 566 450
f 567 568 442
f 567 566 442
f 567 566 452
f 567 568 442
f 567 566 442
f 567 568 441
f 567 566 441
f 567 566 452
f 567 568 439
f 567 566 439
f 567 691 568
f 567 691 566
f 567 568 437
f 567 566 437
f 567 687 568
f 567 687 566
f 567 568 437
f 567 566 437
f 567 568 436
f 567 566 436
f 567 568 433
f 567 566 433
f 567 681 568
f 567 681 566
f 567 568 433
f 567 566 433
f 567 568 430
f 567 566 430
f 567 568 416
f 567 566 416
f 567 569 568
f 567 670 669
f 567 670 566
f 567 566 415
f 567 569 415
f 567 669 568
f 567 566 669
f 567 569 415
f 567 568 668
f 567 566 668
f 567 415 573
f 567 566 415
f 567 569 573
f 567 566 612
f 567 568 666
f 567 566 666
f 567 566 573
f 567 569 573
f 567 654 656
f 567 566 612
f 567 665 568
f 567 665 566
f 567 566 576
f 567 569 576
f 567 656 657
f 567 656 566
f 567 577 612
f 567 569 577
f 567 566 577
f 567 569 577
f 567 658 657
f 567 566 658
f 567 578 577
f 567 566 578
f 567 578 608
f 567 566 608
f 567 566 578
f 570 333 335
f 570 569 335
f 570 571 333
f 570 571 333
f 570 571 330
f 570 569 330
f 570 571 335
f 570 569 335
f 570 571 330
f 570 569 330
f 570 571 339
f 570 569 339
f 570 691 571
f 570 571 341
f 570 569 341
f 570 569 324
f 570 691 324
f 570 691 569
f 570 691 571
f 570 691 569
f 570 571 341
f 570 569 341
f 570 687 571
f 570 687 569
f 570 345 571
f 570 569 345
f 570 569 345
f 570 348 571
f 570 348 345
f 570 348 345
f 570 415 571
f 570 569 415
f 570 681 571
f 570 681 569
f 570 415 571
f 570 569 415
f 570 576 575
f 570 569 576
f 570 670 669
f 570 670 569
f 570 573 575
f 570 569 573
f 570 569 573
f 570 669 571
f 570 569 669
f 570 656 657
f 570 656 569
f 570 571 668
f 570 569 668
f 570 658 657
f 570 569 658
f 570 571 666
f 570 569 666
f 570 665 571
f 570 665 569
f 44 209 207
f 44 212 729
f 44 212 211
f 44 697 727
f 44 697 727
f 44 727 698
f 44 699 698
f 48 51 666
f 48 46 670
f 48 46 678
f 48 46 209
f 48 46 209
f 40 668 667
f 40 666 667
f 40 669 668
f 40 665 666
f 40 670 669
f 40 670 672
f 40 676 678
f 40 41 213
f 40 216 213
f 40 678 680
f 40 216 215
f 36 38 670
f 36 38 670
f 36 40 676
f 36 40 678
f 36 38 215
f 36 682 680
f 36 40 680
f 36 5 213
f 36 685 686
f 36 5 6
f 36 5 4
f 36 7 6
f 36 5 692
f 36 212 4
f 36 5 4
f 36 13 7
f 36 13 692
f 36 212 41
f 36 40 41
f 36 13 690
f 36 212 3
f 36 212 3
f 36 695 3
f 36 695 1
f 664 662 21
f 664 665 21
f 664 665 662
f 664 662 21
f 664 665 21
f 664 662 22
f 664 665 22
f 664 25 662
f 664 665 25
f 664 26 25
f 664 26 665
f 664 26 662
f 664 26 665
f 664 40 665
f 664 665 67
f 664 665 67
f 664 665 69
f 664 70 665
f 664 70 665
f 664 72 665
f 664 72 665
f 664 76 665
f 664 76 665
f 664 665 77
f 664 79 665
f 664 79 80
f 664 84 83
f 664 84 665
f 664 84 665
f 664 665 87
f 664 88 665
f 664 90 665
f 664 665 92
f 664 665 584
f 664 665 579
f 664 665 577
f 664 665 577
f 664 665 576
f 664 665 575
f 664 665 573
f 664 665 573
f 664 665 571
f 664 570 665
f 664 570 665
f 664 665 569
f 664 567 665
f 664 567 665
f 664 665 566
f 664 563 665
f 664 561 665
f 664 561 665
f 664 559 665
f 664 559 665
f 664 557 665
f 664 557 665
f 664 555 665
f 664 549 665
f 660 662 661
f 660 67 661
f 660 659 67
f 660 67 661
f 660 659 67
f 660 549 550
f 660 549 659
f 660 69 661
f 660 659 69
f 660 70 69
f 660 70 659
f 660 70 661
f 660 70 659
f 660 555 661
f 660 555 659
f 660 72 661
f 660 72 659
f 660 557 661
f 660 557 659
f 660 72 73
f 660 72 659
f 660 557 558
f 660 557 659
f 660 559 558
f 660 76 661
f 660 76 659
f 660 559 661
f 660 659 558
f 660 559 558
f 660 76 77
f 660 76 659
f 660 561 661
f 660 559 658
f 660 77 661
f 660 659 77
f 660 561 658
f 660 561 562
f 660 79 661
f 660 79 659
f 660 561 562
f 660 563 562
f 660 79 80
f 660 79 80
f 660 563 562
f 660 566 661
f 660 83 661
f 660 659 83
f 660 566 658
f 660 567 566
f 660 84 83
f 660 84 659
f 660 567 566
f 660 567 661
f 660 84 661
f 660 84 659
f 660 567 658
f 660 569 661
f 660 86 661
f 660 659 86
f 660 569 658
f 660 570 569
f 660 87 86
f 660 659 87
f 660 570 569
f 660 570 661
f 660 88 87
f 660 570 658
f 660 661 571
f 660 659 87
f 660 88 87
f 660 658 571
f 660 661 573
f 660 90 92
f 660 658 573
f 660 661 573
f 660 90 92
f 660 658 573
f 660 661 575
f 660 92 661
f 660 658 575
f 660 661 576
f 660 590 658
f 660 595 658
f 660 595 92
f 660 595 92
f 660 658 579
f 660 661 579
f 660 658 577
f 660 661 577
f 660 658 576
f 660 661 577
f 660 592 661
f 660 592 590
f 660 592 590
f 660 590 658
f 660 590 661
f 660 658 584
f 660 661 584
f 660 658 577
f 660 658 584
f 660 661 584
f 57 659 662
f 57 58 659
f 57 659 657
f 57 58 659
f 57 657 655
f 57 58 657
f 57 654 655
f 57 654 58
f 57 654 649
f 57 654 58
f 57 649 56
f 57 58 649
f 57 56 648
f 57 58 648
f 57 56 646
f 57 58 646
f 57 187 190
f 57 56 111
f 57 58 111
f 57 187 185
f 57 58 187
f 57 187 190
f 57 58 190
f 57 58 187
f 57 114 56
f 57 58 114
f 57 185 183
f 57 58 185
f 57 114 116
f 57 58 114
f 57 181 183
f 57 58 181
f 57 116 56
f 57 58 116
f 57 181 179
f 57 58 181
f 57 120 56
f 57 58 120
f 57 177 179
f 57 58 177
f 57 121 120
f 57 58 121
f 57 177 176
f 57 58 177
f 57 121 122
f 57 58 121
f 57 174 176
f 57 58 174
f 57 122 123
f 57 58 122
f 57 174 172
f 57 58 174
f 57 124 123
f 57 58 124
f 57 170 172
f 57 58 170
f 57 124 125
f 57 58 124
f 57 58 170
f 57 126 125
f 57 58 126
f 57 170 166
f 57 170 167
f 57 58 167
f 57 126 127
f 57 58 126
f 57 164 166
f 57 58 164
f 57 127 128
f 57 58 127
f 57 164 162
f 57 58 164
f 57 129 128
f 57 58 129
f 57 162 56
f 57 58 162
f 57 129 130
f 57 58 129
f 57 157 56
f 57 58 157
f 57 131 130
f 57 58 131
f 57 157 154
f 57 58 157
f 57 131 134
f 57 58 131
f 57 153 154
f 57 58 153
f 57 135 134
f 57 58 135
f 57 153 150
f 57 58 153
f 57 143 135
f 57 143 58
f 57 147 150
f 57 58 147
f 57 146 147
f 57 58 146
f 57 146 145
f 57 58 146
f 144 69 68
f 144 143 69
f 144 67 68
f 144 143 67
f 144 70 69
f 144 143 70
f 144 67 66
f 144 143 67
f 144 70 71
f 144 143 70
f 144 72 71
f 144 72 143
f 144 57 58
f 144 57 143
f 144 72 73
f 144 72 143
f 144 57 145
f 144 57 143
f 144 145 55
f 144 76 75
f 144 76 143
f 144 134 55
f 144 143 134
f 144 145 55
f 144 76 77
f 144 76 143
f 144 134 55
f 144 77 145
f 144 143 77
f 144 79 145
f 144 79 143
f 144 358 134
f 144 358 145
f 144 134 356
f 144 145 356
f 144 79 80
f 144 79 80
f 144 358 359
f 144 358 145
f 144 134 356
f 144 145 356
f 144 359 134
f 144 145 359
f 144 134 355
f 144 145 355
f 144 148 149
f 144 148 143
f 144 353 134
f 144 353 145
f 144 148 147
f 144 148 143
f 144 352 353
f 144 143 352
f 144 352 353
f 144 146 147
f 144 143 146
f 144 351 352
f 144 143 351
f 144 146 336
f 144 143 146
f 144 351 145
f 144 143 351
f 144 336 145
f 144 143 336
f 144 348 145
f 144 143 348
f 144 145 338
f 144 143 338
f 144 347 348
f 144 347 143
f 144 145 338
f 144 143 338
f 144 340 145
f 144 143 340
f 144 340 341
f 144 143 340
f 144 344 342
f 144 342 341
f 144 143 342
f 144 143 342
f 144 344 342
f 144 344 143
f 74 656 657
f 74 656 73
f 74 658 657
f 74 73 658
f 74 73 75
f 74 656 75
f 74 656 73
f 74 659 658
f 74 659 73
f 74 660 659
f 74 660 659
f 74 660 661
f 74 660 73
f 74 662 661
f 74 73 662
f 74 664 665
f 74 664 665
f 74 665 75
f 74 665 73
f 74 75 666
f 74 73 666
f 74 75 668
f 74 73 668
f 74 669 75
f 74 73 669
f 74 670 669
f 74 670 73
f 74 76 670
f 74 76 195
f 74 72 192
f 74 76 195
f 74 72 192
f 74 76 192
f 74 72 189
f 74 76 192
f 74 72 189
f 74 76 189
f 74 72 188
f 74 72 73
f 74 76 189
f 74 76 188
f 74 73 184
f 74 76 184
f 74 76 75
f 74 75 184
f 74 73 184
f 74 180 75
f 74 180 73
f 74 180 75
f 74 180 73
f 74 75 178
f 74 73 178
f 74 75 175
f 74 73 175
f 74 75 173
f 74 73 173
f 74 171 75
f 74 73 171
f 74 171 75
f 74 73 171
f 74 75 165
f 74 73 165
f 74 75 165
f 74 73 165
f 74 75 163
f 74 73 163
f 74 158 75
f 74 158 73
f 74 158 156
f 74 158 73
f 74 148 75
f 74 148 73
f 74 148 75
f 74 148 73
f 74 75 146
f 74 73 146
f 74 75 146
f 74 73 146
f 74 144 75
f 74 144 73
f 74 144 143
f 74 144 143
f 74 75 139
f 74 73 139
f 74 73 75
f 152 77 156
f 152 76 77
f 152 76 77
f 152 76 75
f 152 76 156
f 152 74 75
f 152 74 156
f 152 155 156
f 152 74 73
f 152 149 336
f 152 156 336
f 152 156 149
f 152 74 73
f 152 72 73
f 152 72 155
f 152 149 336
f 152 155 336
f 152 72 73
f 152 149 338
f 152 151 149
f 152 155 154
f 152 151 149
f 152 72 149
f 152 154 338
f 152 72 155
f 152 153 154
f 152 70 151
f 152 70 155
f 152 70 155
f 152 153 338
f 152 151 338
f 152 340 153
f 152 151 340
f 152 151 340
f 152 70 69
f 152 70 69
f 152 68 153
f 152 69 68
f 152 69 151
f 152 67 68
f 152 67 151
f 152 151 153
f 152 67 153
f 152 67 151
f 479 480 429
f 479 476 429
f 479 480 425
f 479 476 425
f 479 480 429
f 479 476 429
f 479 480 425
f 479 476 425
f 479 480 434
f 479 476 434
f 479 480 420
f 479 476 420
f 479 476 438
f 479 476 420
f 479 438 434
f 479 480 434
f 479 480 438
f 479 480 439
f 479 476 439
f 479 476 274
f 479 476 439
f 479 476 274
f 479 439 443
f 479 480 443
f 479 480 439
f 479 480 443
f 479 476 443
f 479 476 272
f 479 480 447
f 479 476 447
f 479 476 272
f 479 480 447
f 479 476 447
f 479 476 270
f 479 480 449
f 479 476 449
f 479 476 269
f 479 480 450
f 479 476 450
f 479 476 269
f 479 476 450
f 479 476 267
f 479 480 450
f 479 476 452
f 479 476 477
f 479 476 267
f 479 480 452
f 479 477 256
f 479 480 256
f 479 477 256
f 479 480 256
f 479 476 263
f 479 453 477
f 479 453 477
f 479 480 453
f 479 480 453
f 479 477 255
f 479 480 255
f 479 477 258
f 479 480 258
f 479 476 263
f 479 477 254
f 479 480 254
f 479 480 259
f 479 480 261
f 479 476 261
f 479 477 252
f 479 480 252
f 479 476 259
f 479 476 477
f 479 480 259
f 479 480 261
f 479 476 261
f 479 477 252
f 479 480 252
f 479 476 259
f 479 477 250
f 479 480 250
f 479 477 250
f 479 480 250
f 479 477 249
f 479 480 249
f 479 477 247
f 479 480 247
f 479 477 247
f 479 480 247
f 479 477 246
f 479 480 246
f 479 477 244
f 479 480 244
f 479 477 244
f 479 480 244
f 479 477 243
f 479 480 243
f 479 477 240
f 479 480 240
f 479 477 240
f 479 480 240
f 479 477 238
f 479 480 238
f 479 477 237
f 479 477 478
f 479 477 237
f 479 237 238
f 479 480 238
f 479 237 726
f 479 237 727
f 479 480 727
f 479 237 727
f 479 480 727
f 479 725 726
f 479 478 725
f 479 480 725
f 479 478 725
f 479 480 725
f 479 478 723
f 479 480 723
f 479 478 723
f 479 480 723
f 479 478 721
f 479 480 721
f 479 478 721
f 479 480 721
f 479 478 719
f 479 480 719
f 479 478 719
f 479 480 719
f 479 478 717
f 479 480 717
f 479 478 717
f 479 480 717
f 479 478 715
f 479 480 715
f 479 714 478
f 479 480 714
f 479 713 714
f 479 713 480
f 479 480 712
f 479 713 712
f 479 713 480
f 511 513 717
f 511 510 717
f 511 513 715
f 511 513 512
f 511 513 717
f 511 510 715
f 511 510 717
f 511 513 719
f 511 510 715
f 511 510 719
f 511 513 719
f 511 713 715
f 511 713 512
f 511 713 512
f 511 510 509
f 511 510 719
f 511 513 721
f 511 509 434
f 511 512 434
f 511 512 509
f 511 510 434
f 511 512 434
f 511 510 721
f 511 513 721
f 511 510 431
f 511 512 431
f 511 510 721
f 511 510 429
f 511 512 429
f 511 510 723
f 511 510 429
f 511 723 514
f 511 513 514
f 511 510 723
f 511 510 420
f 511 510 420
f 511 513 420
f 511 513 429
f 511 513 512
f 511 510 425
f 511 723 514
f 511 725 510
f 511 510 423
f 511 514 420
f 511 513 514
f 511 513 423
f 511 513 425
f 511 510 423
f 511 725 514
f 511 725 510
f 511 513 423
f 511 725 726
f 511 727 510
f 511 727 726
f 511 727 510
f 511 727 514
f 511 729 510
f 511 514 728
f 511 729 728
f 511 514 646
f 511 729 1
f 511 729 510
f 511 1 2
f 511 510 1
f 511 3 2
f 511 3 510
f 511 3 510
f 474 713 714
f 474 714 715
f 474 713 712
f 474 713 472
f 474 715 475
f 474 712 475
f 474 472 712
f 474 717 475
f 474 475 710
f 474 472 710
f 474 717 475
f 474 709 475
f 474 472 709
f 474 719 475
f 474 709 475
f 474 472 709
f 474 719 475
f 474 475 707
f 474 472 707
f 474 706 475
f 474 706 472
f 474 721 475
f 474 232 721
f 474 706 705
f 474 706 472
f 474 721 475
f 474 232 721
f 474 475 234
f 474 705 704
f 474 472 705
f 474 475 235
f 474 704 703
f 474 472 704
f 474 475 236
f 474 702 703
f 474 702 472
f 474 237 475
f 474 702 701
f 474 237 238
f 474 701 700
f 474 702 472
f 474 702 701
f 474 238 475
f 474 475 240
f 474 540 700
f 474 540 472
f 474 472 700
f 474 540 700
f 474 540 472
f 474 475 240
f 474 700 536
f 474 472 536
f 474 700 478
f 474 700 536
f 474 472 536
f 474 536 478
f 474 472 531
f 474 478 531
f 474 472 531
f 474 478 531
f 474 472 529
f 474 478 529
f 474 472 526
f 474 526 478
f 474 526 478
f 474 472 526
f 474 472 524
f 474 461 472
f 474 483 478
f 474 483 524
f 474 483 478
f 474 472 462
f 474 483 462
f 469 714 227
f 469 470 714
f 469 470 714
f 469 228 227
f 469 470 228
f 469 229 228
f 469 470 229
f 469 229 230
f 469 470 229
f 469 231 230
f 469 470 231
f 469 232 231
f 469 470 232
f 469 232 233
f 469 470 232
f 469 234 233
f 469 470 234
f 469 235 234
f 469 470 235
f 469 236 235
f 469 470 236
f 469 237 236
f 469 470 237
f 469 237 238
f 469 470 237
f 469 238 239
f 469 470 238
f 469 240 239
f 469 470 240
f 469 241 240
f 469 470 241
f 469 241 242
f 469 470 241
f 469 243 242
f 469 470 243
f 469 244 243
f 469 470 244
f 469 244 245
f 469 470 244
f 469 246 245
f 469 470 246
f 469 247 246
f 469 470 247
f 469 247 248
f 469 470 247
f 469 249 248
f 469 470 249
f 469 250 249
f 469 470 250
f 469 250 251
f 469 252 251
f 469 471 250
f 469 471 470
f 469 252 253
f 469 471 252
f 469 254 253
f 469 471 252
f 469 471 254
f 469 471 255
f 469 471 256
f 469 471 256
f 469 471 258
f 469 471 259
f 469 471 259
f 469 471 261
f 469 471 261
f 469 471 263
f 469 471 263
f 469 471 267
f 469 471 267
f 469 471 269
f 469 471 269
f 469 471 270
f 469 471 272
f 469 471 272
f 469 471 277
f 469 471 274
f 469 471 274
f 469 279 422
f 469 471 422
f 469 471 425
f 469 471 425
f 469 471 429
f 469 471 429
f 463 470 462
f 463 461 470
f 463 470 464
f 463 461 470
f 463 462 465
f 463 464 465
f 463 464 272
f 463 461 272
f 463 464 272
f 463 461 272
f 463 465 224
f 463 462 224
f 463 226 465
f 463 226 462
f 463 464 270
f 463 461 270
f 463 464 274
f 463 461 274
f 463 706 462
f 463 226 465
f 463 226 462
f 463 464 269
f 463 461 269
f 463 461 462
f 463 464 274
f 463 461 274
f 463 465 222
f 463 706 222
f 463 706 465
f 463 706 705
f 463 706 705
f 463 229 465
f 463 229 462
f 463 462 269
f 463 464 269
f 463 464 277
f 463 461 277
f 463 461 464
f 463 705 704
f 463 705 704
f 463 464 465
f 463 229 465
f 463 229 462
f 463 462 267
f 463 464 267
f 463 702 704
f 463 702 704
f 463 232 462
f 463 232 464
f 463 462 266
f 463 464 266
f 463 702 700
f 463 702 700
f 463 232 462
f 463 232 464
f 463 462 266
f 463 464 266
f 463 700 698
f 463 700 462
f 463 462 234
f 463 464 234
f 463 462 265
f 463 464 265
f 463 696 698
f 463 696 462
f 463 462 235
f 463 464 235
f 463 462 263
f 463 464 263
f 463 550 696
f 463 237 462
f 463 237 464
f 463 462 263
f 463 464 263
f 463 549 550
f 463 549 550
f 463 553 696
f 463 553 550
f 463 553 550
f 463 237 238
f 463 237 464
f 463 261 462
f 463 261 464
f 463 549 546
f 463 549 546
f 463 238 462
f 463 464 238
f 463 261 462
f 463 261 464
f 463 462 240
f 463 464 240
f 463 259 462
f 463 464 259
f 463 241 462
f 463 241 464
f 463 259 462
f 463 464 259
f 463 241 462
f 463 462 258
f 463 464 258
f 463 462 244
f 463 464 244
f 463 464 243
f 463 241 243
f 463 241 464
f 463 256 462
f 463 464 256
f 463 462 244
f 463 464 244
f 463 256 462
f 463 464 256
f 463 462 246
f 463 464 246
f 463 462 255
f 463 464 255
f 463 462 247
f 463 464 247
f 463 462 254
f 463 464 254
f 463 462 247
f 463 464 247
f 463 462 252
f 463 464 252
f 463 462 249
f 463 464 249
f 463 462 252
f 463 464 252
f 463 250 462
f 463 464 250
f 463 250 462
f 463 464 250
f 693 553 691
f 693 549 691
f 693 691 546
f 693 36 695
f 693 540 541
f 693 540 695
f 693 540 695
f 693 3 692
f 693 695 3
f 693 3 4
f 693 36 4
f 693 36 3
f 693 1 692
f 693 695 1
f 693 729 1
f 693 695 729
f 693 729 692
f 693 695 729
f 693 727 692
f 693 695 727
f 693 727 726
f 693 695 726
f 693 695 727
f 677 559 558
f 677 557 558
f 677 559 560
f 677 557 679
f 677 561 560
f 677 553 679
f 677 553 678
f 677 561 562
f 677 563 562
f 677 549 550
f 677 549 676
f 677 549 676
f 677 84 679
f 677 87 679
f 677 566 679
f 677 84 82
f 677 88 87
f 677 567 566
f 677 80 82
f 677 567 568
f 677 80 679
f 677 90 679
f 677 569 568
f 677 76 679
f 677 679 573
f 677 90 575
f 677 570 569
f 677 74 76
f 677 679 573
f 677 570 571
f 677 571 679
f 677 46 676
f 677 48 46
f 677 48 46
f 674 553 555
f 674 40 676
f 674 32 29
f 674 26 676
f 674 26 676
f 674 676 25
f 674 676 22
f 674 676 21
f 674 676 21
f 674 676 19
f 674 676 18
f 674 676 18
f 674 676 16
f 674 676 16
f 564 565 449
f 564 563 449
f 564 565 447
f 564 563 447
f 564 450 565
f 564 563 450
f 564 565 445
f 564 563 445
f 564 450 565
f 564 563 450
f 564 565 445
f 564 563 445
f 564 452 565
f 564 563 452
f 564 442 565
f 564 563 442
f 564 452 565
f 564 563 452
f 564 442 565
f 564 563 442
f 564 565 441
f 564 563 441
f 564 565 439
f 564 563 439
f 564 691 689
f 564 691 563
f 564 437 565
f 564 563 437
f 564 687 689
f 564 687 563
f 564 437 565
f 564 563 437
f 564 565 436
f 564 563 436
f 564 565 433
f 564 563 433
f 564 681 679
f 564 681 563
f 564 565 433
f 564 563 433
f 564 677 679
f 564 677 563
f 564 565 430
f 564 563 430
f 564 428 565
f 564 563 428
f 564 428 565
f 564 563 428
f 564 415 565
f 564 563 415
f 564 577 415
f 564 670 669
f 564 563 670
f 564 578 577
f 564 578 577
f 564 563 578
f 564 669 668
f 564 563 669
f 564 578 581
f 564 563 578
f 564 668 565
f 564 563 668
f 564 581 585
f 564 563 581
f 564 666 565
f 564 563 666
f 564 563 585
f 564 665 666
f 564 563 665
f 564 598 585
f 564 598 585
f 564 664 665
f 564 664 563
f 564 595 598
f 564 599 598
f 564 599 563
f 564 599 600
f 564 660 661
f 564 660 563
f 564 600 563
f 564 599 565
f 564 599 600
f 564 660 658
f 564 660 563
f 564 565 608
f 564 563 608
f 564 658 657
f 564 563 658
f 564 565 608
f 564 563 608
f 564 656 657
f 564 563 656
f 564 565 612
f 564 563 612
f 564 654 656
f 564 654 563
f 564 565 612
f 564 563 612
f 456 483 482
f 456 474 478
f 456 482 481
f 456 477 478
f 456 453 477
f 456 476 477
f 456 476 453
f 456 476 453
f 456 453 281
f 456 453 281
f 456 453 280
f 456 461 280
f 456 461 453
f 456 461 453
f 456 461 471
f 456 285 286
f 456 281 282
f 309 185 186
f 309 310 186
f 309 310 185
f 309 185 184
f 309 310 185
f 309 183 184
f 309 310 183
f 309 183 308
f 309 310 183
f 309 181 308
f 309 310 181
f 309 180 181
f 309 310 180
f 309 180 179
f 309 310 180
f 309 178 179
f 309 310 178
f 309 178 177
f 309 310 178
f 309 310 177
f 309 307 177
f 309 307 177
f 309 310 175
f 309 307 175
f 309 310 175
f 309 307 175
f 309 307 174
f 309 173 174
f 309 310 173
f 309 310 173
f 309 307 375
f 309 310 372
f 309 306 170
f 309 306 307
f 309 376 307
f 309 375 374
f 309 310 374
f 309 310 375
f 309 310 376
f 309 306 372
f 309 306 307
f 309 310 372
f 309 306 170
f 309 376 307
f 309 310 376
f 309 306 372
f 309 306 169
f 309 307 377
f 309 310 377
f 309 306 370
f 309 306 167
f 309 307 379
f 309 310 379
f 309 306 370
f 309 306 164
f 309 307 379
f 309 310 379
f 309 306 367
f 309 306 353
f 309 306 352
f 309 307 380
f 309 310 380
f 309 306 366
f 309 164 334
f 309 164 336
f 309 306 355
f 309 351 306
f 309 307 381
f 309 310 381
f 309 306 366
f 309 340 164
f 309 306 340
f 309 306 356
f 309 307 382
f 309 310 382
f 309 306 359
f 309 306 340
f 309 306 356
f 309 307 384
f 309 306 358
f 309 344 306
f 309 306 358
f 309 307 385
f 309 385 384
f 309 310 385
f 309 307 385
f 309 310 385
f 309 307 386
f 309 310 386
f 309 307 387
f 309 310 387
f 309 307 389
f 309 310 389
f 309 307 389
f 309 307 392
f 309 392 389
f 309 310 392
f 309 307 392
f 309 310 392
f 309 307 393
f 309 310 393
f 309 307 394
f 309 310 394
f 309 307 396
f 309 310 396
f 309 307 396
f 309 310 396
f 309 307 398
f 309 310 398
f 309 307 398
f 309 310 398
f 309 307 400
f 309 310 400
f 309 307 400
f 309 310 400
f 309 403 307
f 309 403 404
f 309 403 404
f 309 310 404
f 309 404 307
f 309 310 404
f 309 307 405
f 309 310 405
f 309 307 409
f 309 307 407
f 309 310 407
f 309 411 409
f 309 411 310
f 309 414 308
f 309 310 414
f 309 414 415
f 309 310 414
f 309 415 416
f 309 310 415
f 309 310 428
f 309 416 426
f 309 428 426
f 309 428 416
f 309 428 430
f 309 310 428
f 309 430 308
f 309 310 430
f 309 433 308
f 309 310 433
f 309 433 308
f 309 310 433
f 309 436 308
f 309 310 436
f 309 437 436
f 309 310 437
f 309 310 437
f 312 311 185
f 312 313 185
f 312 313 311
f 312 311 185
f 312 313 185
f 312 311 183
f 312 313 183
f 312 311 183
f 312 313 183
f 312 311 181
f 312 313 181
f 312 311 180
f 312 313 180
f 312 311 180
f 312 313 180
f 312 311 178
f 312 313 178
f 312 311 178
f 312 313 178
f 312 313 177
f 312 310 177
f 312 310 311
f 312 313 175
f 312 310 175
f 312 313 175
f 312 310 175
f 312 313 173
f 312 310 173
f 312 313 173
f 312 310 173
f 312 309 170
f 312 309 310
f 312 313 370
f 312 309 170
f 312 309 370
f 312 309 310
f 312 310 372
f 312 313 372
f 312 309 370
f 312 370 369
f 312 313 369
f 312 313 370
f 312 309 169
f 312 310 372
f 312 313 372
f 312 309 367
f 312 309 167
f 312 310 374
f 312 313 374
f 312 309 366
f 312 309 164
f 312 309 351
f 312 310 375
f 312 313 375
f 312 309 366
f 312 366 363
f 312 309 164
f 312 309 352
f 312 310 376
f 312 313 376
f 312 309 359
f 312 329 164
f 312 309 334
f 312 309 353
f 312 309 344
f 312 310 376
f 312 313 376
f 312 309 358
f 312 309 336
f 312 309 355
f 312 309 340
f 312 310 377
f 312 309 358
f 312 309 340
f 312 309 356
f 312 310 379
f 312 377 379
f 312 313 377
f 312 309 356
f 312 310 379
f 312 313 379
f 312 310 380
f 312 313 380
f 312 310 381
f 312 313 381
f 312 310 382
f 312 310 385
f 312 385 382
f 312 313 385
f 312 310 385
f 312 313 385
f 312 310 386
f 312 313 386
f 312 310 387
f 312 313 387
f 312 310 389
f 312 310 392
f 312 392 389
f 312 313 392
f 312 310 392
f 312 313 392
f 312 310 393
f 312 313 393
f 312 310 394
f 312 313 394
f 312 310 396
f 312 313 396
f 312 310 396
f 312 313 396
f 312 310 398
f 312 313 398
f 312 310 398
f 312 313 398
f 312 310 400
f 312 313 400
f 312 310 400
f 312 313 400
f 312 310 404
f 312 313 404
f 312 310 404
f 312 310 311
f 312 313 404
f 312 311 405
f 312 313 405
f 312 311 407
f 312 313 407
f 312 411 311
f 312 411 313
f 312 414 311
f 312 313 414
f 312 414 311
f 312 313 414
f 312 311 415
f 312 313 415
f 312 311 428
f 312 313 428
f 312 311 428
f 312 313 428
f 312 311 430
f 312 313 430
f 312 311 433
f 312 313 433
f 312 311 433
f 312 313 433
f 312 311 436
f 312 313 436
f 312 311 437
f 312 313 437
f 312 313 311
f 594 102 593
f 594 595 102
f 594 595 102
f 594 104 593
f 594 595 104
f 594 106 104
f 594 595 106
f 594 106 593
f 594 595 106
f 594 593 107
f 594 595 107
f 594 350 593
f 594 350 109
f 594 595 109
f 594 595 350
f 594 351 350
f 594 595 351
f 594 351 352
f 594 595 351
f 594 352 353
f 594 595 352
f 594 353 593
f 594 595 353
f 594 593 355
f 594 595 355
f 594 593 356
f 594 595 356
f 594 593 356
f 594 595 356
f 594 358 593
f 594 595 358
f 594 358 359
f 594 595 358
f 594 359 593
f 594 595 359
f 594 593 361
f 594 595 361
f 594 362 593
f 594 363 362
f 594 363 593
f 594 592 365
f 594 592 593
f 594 366 365
f 594 592 366
f 594 592 366
f 594 592 367
f 594 592 369
f 594 370 369
f 594 592 370
f 594 592 370
f 594 592 372
f 594 592 372
f 594 375 374
f 594 592 374
f 594 592 375
f 594 592 376
f 594 592 376
f 594 592 377
f 594 592 380
f 594 592 380
f 594 592 381
f 594 592 382
f 594 592 384
f 594 592 386
f 594 592 386
f 594 592 387
f 594 592 389
f 594 592 389
f 594 592 390
f 594 595 587
f 594 564 563
f 594 564 595
f 596 595 102
f 596 595 598
f 596 595 104
f 596 595 104
f 596 595 106
f 596 595 106
f 596 595 107
f 596 595 109
f 596 595 109
f 596 595 352
f 596 595 352
f 596 595 353
f 596 595 355
f 596 595 356
f 596 595 356
f 596 595 358
f 596 595 358
f 596 595 359
f 596 595 361
f 596 594 362
f 596 594 595
f 596 594 363
f 596 594 363
f 596 594 366
f 596 594 366
f 596 594 367
f 596 594 370
f 596 594 370
f 596 594 372
f 596 594 372
f 596 594 375
f 596 594 376
f 596 594 376
f 596 594 377
f 596 594 380
f 596 594 380
f 596 594 381
f 596 594 382
f 596 594 384
f 596 594 386
f 596 594 386
f 596 594 387
f 596 594 389
f 596 594 389
f 596 594 390
f 596 594 396
f 596 398 618
f 596 594 396
f 596 594 555
f 596 594 393
f 596 594 398
f 596 398 618
f 596 594 394
f 596 594 557
f 596 594 393
f 596 594 398
f 596 400 618
f 596 406 618
f 596 406 404
f 596 594 406
f 596 594 559
f 596 594 400
f 596 400 618
f 596 594 408
f 596 403 404
f 596 594 403
f 596 594 559
f 596 594 400
f 596 403 618
f 596 594 403
f 596 594 561
f 596 594 561
f 596 594 563
f 596 564 563
f 596 564 595
f 596 594 564
f 596 594 564
f 591 590 106
f 591 592 106
f 591 592 590
f 591 348 590
f 591 592 348
f 591 348 590
f 591 592 348
f 591 590 350
f 591 592 350
f 591 590 351
f 591 592 351
f 591 590 351
f 591 592 351
f 591 590 352
f 591 592 352
f 591 590 353
f 591 592 353
f 591 590 355
f 591 592 355
f 591 590 356
f 591 592 356
f 591 590 356
f 591 592 356
f 591 590 358
f 591 592 358
f 591 590 358
f 591 592 358
f 591 590 359
f 591 592 359
f 591 590 361
f 591 592 361
f 591 590 362
f 591 592 362
f 591 590 363
f 591 592 363
f 591 590 363
f 591 592 363
f 591 590 365
f 591 592 365
f 591 590 366
f 591 592 366
f 591 590 366
f 591 592 366
f 591 590 367
f 591 592 367
f 591 592 369
f 591 589 369
f 591 589 590
f 591 592 370
f 591 589 370
f 591 592 370
f 591 589 370
f 591 592 372
f 591 589 372
f 591 592 372
f 591 589 372
f 591 592 374
f 591 589 374
f 591 592 375
f 591 589 375
f 591 592 376
f 591 589 376
f 591 592 376
f 591 589 376
f 591 592 377
f 591 589 377
f 591 589 379
f 591 379 380
f 591 592 380
f 591 589 379
f 591 592 380
f 591 589 380
f 591 592 381
f 591 589 381
f 591 592 382
f 591 589 382
f 591 592 384
f 591 589 384
f 591 589 385
f 591 385 386
f 591 592 386
f 591 589 385
f 591 592 386
f 591 589 386
f 591 592 387
f 591 589 387
f 591 592 389
f 591 589 389
f 591 592 389
f 591 589 389
f 591 592 390
f 591 589 390
f 591 589 392
f 591 392 393
f 591 589 392
f 591 594 393
f 591 594 592
f 591 589 393
f 591 594 393
f 591 589 394
f 591 594 394
f 591 594 396
f 591 589 396
f 591 592 590
f 591 589 590
f 591 594 396
f 591 589 396
f 591 589 587
f 591 594 398
f 591 589 398
f 591 594 587
f 591 594 592
f 591 594 398
f 591 589 398
f 591 594 400
f 591 589 400
f 591 561 562
f 591 589 561
f 591 563 562
f 591 594 563
f 591 594 563
f 591 594 561
f 591 589 559
f 591 594 559
f 591 589 559
f 591 594 559
f 591 594 400
f 591 589 400
f 591 589 561
f 591 594 561
f 591 589 557
f 591 594 557
f 591 594 403
f 591 589 403
f 591 555 589
f 591 594 555
f 591 594 403
f 591 589 403
f 591 594 406
f 591 589 406
f 591 594 408
f 591 408 589
f 412 581 585
f 412 411 581
f 412 581 580
f 412 411 581
f 412 411 586
f 412 578 580
f 412 411 578
f 412 301 419
f 412 411 301
f 412 411 586
f 412 578 577
f 412 411 578
f 412 303 301
f 412 411 303
f 412 577 576
f 412 411 577
f 412 303 304
f 412 411 303
f 412 576 575
f 412 411 576
f 412 304 305
f 412 575 413
f 412 411 575
f 412 306 305
f 412 306 304
f 412 411 306
f 412 411 361
f 412 306 307
f 412 411 306
f 412 358 413
f 412 358 361
f 412 411 358
f 412 307 308
f 412 411 307
f 412 358 413
f 412 411 358
f 412 309 308
f 412 309 411
f 412 356 413
f 412 411 356
f 412 309 310
f 412 309 411
f 412 356 355
f 412 411 356
f 412 310 311
f 412 411 310
f 412 355 413
f 412 411 355
f 412 312 311
f 412 312 411
f 412 353 413
f 412 411 353
f 412 312 313
f 412 312 411
f 412 353 350
f 412 411 353
f 412 313 314
f 412 411 313
f 412 350 349
f 412 411 350
f 412 345 349
f 412 411 345
f 412 345 343
f 412 411 345
f 412 319 318
f 412 319 411
f 412 341 343
f 412 411 341
f 412 319 320
f 412 319 411
f 412 341 339
f 412 411 341
f 412 321 320
f 412 411 321
f 412 339 337
f 412 411 339
f 412 321 322
f 412 411 321
f 412 335 337
f 412 411 335
f 412 323 322
f 412 323 411
f 412 333 335
f 412 411 333
f 412 323 324
f 412 323 411
f 412 333 413
f 412 411 333
f 412 324 325
f 412 411 324
f 412 411 331
f 412 326 325
f 412 411 326
f 412 330 331
f 412 330 413
f 412 411 330
f 412 326 327
f 412 411 326
f 412 330 329
f 412 411 330
f 412 328 327
f 412 411 328
f 412 328 329
f 412 411 328
f 410 583 585
f 410 411 583
f 410 586 585
f 410 411 586
f 410 583 581
f 410 411 581
f 410 411 583
f 410 586 587
f 410 411 586
f 410 408 587
f 410 408 589
f 410 411 300
f 410 412 411
f 410 299 300
f 410 300 301
f 410 411 300
f 410 591 408
f 410 408 299
f 410 408 300
f 410 408 299
f 410 303 301
f 410 411 303
f 410 303 304
f 410 411 303
f 410 306 304
f 410 411 306
f 410 411 306
f 346 345 106
f 346 347 106
f 346 347 345
f 346 345 107
f 346 347 107
f 346 345 109
f 346 347 109
f 346 345 109
f 346 347 109
f 346 345 110
f 346 347 110
f 346 345 112
f 346 347 112
f 346 345 113
f 346 347 113
f 346 345 113
f 346 347 113
f 346 345 115
f 346 347 115
f 346 345 115
f 346 347 115
f 346 345 117
f 346 347 117
f 346 345 117
f 346 347 117
f 346 345 118
f 346 347 118
f 346 345 120
f 346 347 120
f 346 345 121
f 346 347 121
f 346 345 121
f 346 347 121
f 346 345 122
f 346 347 122
f 346 345 124
f 346 347 124
f 346 345 124
f 346 347 124
f 346 345 126
f 346 347 126
f 346 345 126
f 346 347 126
f 346 345 127
f 346 347 127
f 346 345 129
f 346 347 129
f 346 345 129
f 346 347 129
f 346 345 131
f 346 347 131
f 346 345 133
f 346 347 133
f 346 345 133
f 346 347 133
f 346 345 135
f 346 347 135
f 346 344 136
f 346 344 345
f 346 138 136
f 346 347 138
f 346 344 138
f 346 347 138
f 346 344 138
f 346 347 143
f 346 144 347
f 346 144 344
f 346 144 347
f 346 144 344
f 346 347 146
f 346 344 146
f 346 347 146
f 346 344 146
f 346 344 148
f 346 148 147
f 346 347 147
f 346 344 148
f 346 344 151
f 346 151 153
f 346 347 153
f 346 344 151
f 346 344 153
f 346 347 153
f 346 347 348
f 346 347 157
f 346 348 345
f 346 344 345
f 346 155 157
f 346 344 155
f 346 344 155
f 346 344 157
f 346 347 157
f 346 348 351
f 346 347 348
f 346 344 162
f 346 351 350
f 346 344 350
f 346 344 336
f 346 299 162
f 346 351 334
f 346 340 338
f 346 344 340
f 346 344 340
f 346 336 338
f 346 344 334
f 346 299 296
f 346 347 296
f 346 347 299
f 346 299 303
f 346 344 303
f 346 347 299
f 346 334 336
f 346 351 329
f 346 344 329
f 346 344 303
f 346 326 351
f 346 344 326
f 346 351 303
f 346 347 351
f 346 309 344
f 346 323 326
f 346 344 326
f 346 309 351
f 346 312 309
f 346 323 321
f 346 323 326
f 346 319 344
f 346 312 309
f 346 319 321
f 315 314 183
f 315 316 183
f 315 316 314
f 315 314 183
f 315 316 183
f 315 314 181
f 315 316 181
f 315 180 314
f 315 316 180
f 315 180 314
f 315 316 180
f 315 314 178
f 315 316 178
f 315 314 178
f 315 316 178
f 315 314 177
f 315 316 177
f 315 313 175
f 315 313 314
f 315 313 175
f 315 313 173
f 315 313 173
f 315 312 170
f 315 312 313
f 315 171 170
f 315 312 170
f 315 312 367
f 315 312 313
f 315 313 369
f 315 312 366
f 315 312 169
f 315 313 370
f 315 312 366
f 315 366 363
f 315 312 167
f 315 313 370
f 315 312 363
f 315 363 362
f 315 312 351
f 315 313 372
f 315 312 359
f 315 312 164
f 315 312 352
f 315 346 312
f 315 313 372
f 315 312 358
f 315 312 353
f 315 346 312
f 315 372 374
f 315 313 374
f 315 312 358
f 315 312 355
f 315 312 344
f 315 313 375
f 315 312 356
f 315 312 356
f 315 312 340
f 315 313 376
f 315 312 340
f 315 313 376
f 315 376 377
f 315 313 377
f 315 313 379
f 315 313 380
f 315 313 381
f 315 385 381
f 315 313 385
f 315 313 385
f 315 313 386
f 315 313 387
f 315 392 387
f 315 313 392
f 315 313 392
f 315 313 393
f 315 313 394
f 315 313 396
f 315 313 396
f 315 313 398
f 315 313 398
f 315 313 400
f 315 313 400
f 315 316 405
f 315 313 405
f 315 313 314
f 315 314 405
f 315 316 405
f 315 314 407
f 315 316 407
f 315 411 314
f 315 316 411
f 315 412 411
f 315 412 316
f 315 412 314
f 315 412 316
f 315 414 314
f 315 316 414
f 315 414 415
f 315 316 414
f 315 415 314
f 315 316 415
f 315 316 416
f 315 428 416
f 315 314 428
f 315 314 428
f 315 314 430
f 315 316 430
f 315 314 433
f 315 316 433
f 315 316 314
f 317 318 183
f 317 316 183
f 317 316 318
f 317 318 183
f 317 316 183
f 317 318 181
f 317 316 181
f 317 318 180
f 317 316 180
f 317 318 180
f 317 316 180
f 317 318 178
f 317 316 178
f 317 318 178
f 317 316 178
f 317 318 177
f 317 316 177
f 317 318 175
f 317 315 175
f 317 315 316
f 317 315 175
f 317 319 175
f 317 319 318
f 317 315 173
f 317 319 173
f 317 315 173
f 317 319 173
f 317 319 171
f 317 315 171
f 317 319 370
f 317 319 369
f 317 319 171
f 317 315 171
f 317 319 367
f 317 315 367
f 317 319 366
f 317 315 366
f 317 315 370
f 317 319 370
f 317 315 369
f 317 319 170
f 317 315 170
f 317 315 366
f 317 315 370
f 317 319 372
f 317 319 169
f 317 315 169
f 317 366 365
f 317 319 365
f 317 319 366
f 317 319 363
f 317 315 363
f 317 315 372
f 317 319 372
f 317 319 167
f 317 315 167
f 317 319 363
f 317 315 363
f 317 315 372
f 317 319 375
f 317 319 164
f 317 315 164
f 317 319 362
f 317 315 362
f 317 315 375
f 317 319 376
f 317 315 312
f 317 319 359
f 317 315 359
f 317 315 376
f 317 319 376
f 317 319 329
f 317 312 329
f 317 319 358
f 317 315 358
f 317 315 376
f 317 319 379
f 317 319 329
f 317 312 329
f 317 319 358
f 317 315 358
f 317 315 379
f 317 319 385
f 317 312 334
f 317 319 356
f 317 315 356
f 317 315 380
f 317 385 380
f 317 319 392
f 317 334 336
f 317 319 334
f 317 312 336
f 317 315 312
f 317 319 356
f 317 315 356
f 317 315 385
f 317 392 385
f 317 319 392
f 317 319 340
f 317 315 340
f 317 319 355
f 317 315 355
f 317 315 385
f 317 319 393
f 317 319 340
f 317 315 340
f 317 319 353
f 317 315 353
f 317 315 392
f 317 319 394
f 317 319 344
f 317 315 344
f 317 319 352
f 317 315 352
f 317 392 386
f 317 315 386
f 317 315 392
f 317 315 393
f 317 319 396
f 317 346 319
f 317 315 346
f 317 319 351
f 317 315 351
f 317 315 394
f 317 319 396
f 317 346 319
f 317 315 346
f 317 315 396
f 317 319 398
f 317 315 396
f 317 319 398
f 317 315 398
f 317 319 400
f 317 315 398
f 317 319 400
f 317 319 318
f 317 315 400
f 317 315 400
f 317 315 316
f 317 318 405
f 317 316 405
f 317 318 405
f 317 316 405
f 317 318 407
f 317 316 407
f 317 411 318
f 317 316 411
f 317 412 411
f 317 412 316
f 317 412 318
f 317 412 316
f 317 318 414
f 317 316 414
f 317 318 414
f 317 316 414
f 317 318 415
f 317 316 415
f 317 318 416
f 317 316 416
f 317 318 430
f 317 316 430
f 317 318 433
f 317 316 433
f 317 316 318
f 684 685 559
f 684 685 557
f 684 685 557
f 684 687 559
f 684 685 687
f 684 553 685
f 684 687 561
f 684 80 685
f 684 687 561
f 684 549 685
f 684 681 563
f 684 80 685
f 684 685 687
f 684 84 687
f 684 687 563
f 684 564 681
f 684 84 687
f 684 681 87
f 684 564 687
f 684 564 681
f 684 687 87
f 684 681 88
f 684 564 687
f 684 681 566
f 684 687 88
f 684 687 566
f 684 567 681
f 684 681 90
f 684 567 687
f 684 567 681
f 684 687 90
f 684 90 573
f 684 681 573
f 684 567 687
f 684 681 569
f 684 90 571
f 684 570 687
f 684 90 573
f 684 681 573
f 684 687 569
f 684 570 681
f 684 681 571
f 684 570 681
f 684 570 687
f 14 682 680
f 14 13 682
f 14 685 686
f 14 685 13
f 14 678 680
f 14 13 678
f 14 686 15
f 14 676 678
f 14 13 676
f 14 15 24
f 14 32 686
f 14 32 13
f 14 674 676
f 14 674 13
f 14 32 24
f 14 32 13
f 14 216 15
f 14 13 216
f 14 216 15
f 14 13 216
f 14 13 672
f 14 218 15
f 14 13 218
f 14 669 672
f 14 669 15
f 14 13 223
f 14 218 15
f 14 13 218
f 14 669 668
f 14 669 668
f 14 223 12
f 14 223 15
f 14 13 223
f 14 15 220
f 14 13 220
f 14 668 667
f 14 668 667
f 14 225 12
f 14 223 225
f 14 223 15
f 14 15 221
f 14 13 221
f 14 15 221
f 14 13 221
f 14 666 15
f 14 666 667
f 14 666 667
f 14 226 225
f 14 226 15
f 14 226 15
f 650 559 558
f 650 557 558
f 650 559 560
f 650 557 652
f 650 557 558
f 650 561 560
f 650 558 649
f 650 559 558
f 650 555 652
f 650 555 651
f 650 557 649
f 650 561 562
f 650 561 560
f 650 559 560
f 650 555 649
f 650 563 562
f 650 561 562
f 650 560 615
f 650 564 563
f 650 563 562
f 650 96 615
f 650 564 652
f 650 564 563
f 650 95 96
f 650 97 649
f 650 96 97
f 650 96 97
f 650 95 96
f 650 549 550
f 650 549 651
f 650 566 652
f 650 564 565
f 650 95 612
f 650 95 649
f 650 566 565
f 650 567 566
f 650 95 612
f 650 93 649
f 650 567 566
f 650 567 568
f 650 567 612
f 650 567 569
f 650 569 577
f 650 578 612
f 650 93 91
f 650 95 608
f 650 95 608
f 650 569 568
f 650 567 569
f 650 578 577
f 650 569 577
f 650 93 92
f 650 93 92
f 650 608 604
f 650 608 94
f 650 570 569
f 650 578 577
f 650 577 652
f 650 570 569
f 650 578 604
f 650 578 580
f 650 92 91
f 650 651 91
f 650 88 86
f 650 651 88
f 650 651 90
f 650 578 652
f 650 652 576
f 650 570 576
f 650 578 581
f 650 578 581
f 650 599 598
f 650 84 86
f 650 84 651
f 650 652 573
f 650 571 652
f 650 570 571
f 650 570 571
f 650 576 575
f 650 652 575
f 650 583 581
f 650 581 580
f 650 598 593
f 650 651 83
f 650 84 83
f 650 84 651
f 650 573 575
f 650 652 573
f 650 573 575
f 650 583 584
f 650 583 581
f 650 593 604
f 650 595 598
f 650 584 604
f 650 583 584
f 650 590 593
f 538 450 537
f 538 540 450
f 538 452 537
f 538 540 452
f 538 450 449
f 538 540 450
f 538 452 454
f 538 540 452
f 538 449 448
f 538 540 449
f 538 447 448
f 538 540 447
f 538 445 447
f 538 540 445
f 538 462 459
f 538 540 462
f 538 445 444
f 538 540 445
f 538 462 465
f 538 540 465
f 538 540 462
f 538 444 443
f 538 540 444
f 538 442 443
f 538 540 442
f 538 442 441
f 538 540 442
f 538 441 440
f 538 540 441
f 538 439 440
f 538 540 439
f 538 439 438
f 538 540 439
f 538 437 438
f 538 540 437
f 538 437 436
f 538 436 435
f 538 434 435
f 538 433 434
f 538 433 432
f 538 431 432
f 538 430 431
f 538 430 429
f 538 428 429
f 538 428 427
f 538 426 427
f 538 426 425
f 538 424 425
f 538 424 423
f 538 423 422
f 538 421 422
f 538 420 421
f 538 420 419
f 538 419 535
f 538 408 419
f 538 408 406
f 538 596 406
f 538 618 535
f 538 596 618
f 538 619 618
f 538 619 621
f 538 621 622
f 538 622 623
f 538 624 623
f 538 624 625
f 538 625 626
f 538 627 626
f 538 627 628
f 538 628 629
f 538 630 629
f 538 631 630
f 538 631 537
f 538 633 537
f 538 634 633
f 538 634 635
f 538 636 635
f 538 636 637
f 538 638 637
f 538 638 639
f 538 640 639
f 538 642 537
f 538 640 537
f 538 640 642
f 538 642 643
f 538 644 645
f 538 644 643
f 538 645 537
f 538 537 646
f 538 648 537
f 538 655 648
f 538 649 655
f 538 662 655
f 538 659 662
f 538 665 662
f 538 665 666
f 538 666 667
f 538 668 667
f 538 668 672
f 538 676 672
f 538 676 678
f 538 678 680
f 538 682 680
f 538 682 686
f 538 688 686
f 538 690 688
f 538 690 692
f 538 695 692
f 538 695 697
f 538 540 695
f 538 697 698
f 538 540 697
f 538 699 698
f 538 540 699
f 538 540 699
f 545 546 450
f 545 544 450
f 545 546 452
f 545 544 452
f 545 546 450
f 545 544 450
f 545 546 452
f 545 544 452
f 545 546 449
f 545 544 449
f 545 546 447
f 545 544 447
f 545 546 445
f 545 544 445
f 545 546 445
f 545 544 445
f 545 463 546
f 545 546 442
f 545 544 442
f 545 544 462
f 545 463 462
f 545 463 546
f 545 546 442
f 545 544 442
f 545 546 465
f 545 544 465
f 545 546 441
f 545 544 441
f 545 546 696
f 545 544 696
f 545 546 439
f 545 544 439
f 545 546 439
f 545 544 439
f 545 546 437
f 545 544 437
f 545 693 546
f 545 693 544
f 545 546 437
f 545 544 437
f 545 691 546
f 545 691 544
f 545 546 436
f 545 544 436
f 545 691 690
f 545 691 544
f 545 546 434
f 545 544 434
f 545 690 546
f 545 544 690
f 545 546 433
f 545 544 433
f 545 688 546
f 545 544 688
f 545 546 433
f 545 544 433
f 545 687 688
f 545 546 431
f 545 544 431
f 545 687 546
f 545 687 688
f 545 544 688
f 545 546 430
f 545 544 430
f 545 685 546
f 545 544 685
f 545 546 430
f 545 544 430
f 545 546 428
f 545 544 428
f 545 682 546
f 545 544 682
f 545 546 428
f 545 544 428
f 545 678 546
f 545 544 678
f 545 546 426
f 545 544 426
f 545 676 678
f 545 544 676
f 545 546 426
f 545 544 426
f 545 674 676
f 545 674 544
f 545 546 424
f 545 544 424
f 545 546 424
f 545 670 546
f 545 546 423
f 545 670 669
f 545 544 669
f 545 670 669
f 545 546 421
f 545 669 546
f 545 544 669
f 545 546 420
f 545 546 668
f 545 544 668
f 545 546 420
f 545 546 666
f 545 544 666
f 545 665 546
f 545 544 665
f 545 664 665
f 545 664 544
f 545 664 662
f 545 664 544
f 545 659 662
f 545 544 659
f 545 659 657
f 545 544 659
f 545 657 546
f 545 544 657
f 545 654 546
f 545 654 544
f 545 618 620
f 545 546 618
f 545 621 620
f 545 546 617
f 545 546 652
f 545 544 652
f 545 621 626
f 545 626 617
f 545 546 649
f 542 541 450
f 542 544 450
f 542 541 452
f 542 544 452
f 542 541 450
f 542 544 450
f 542 541 452
f 542 544 452
f 542 541 449
f 542 544 449
f 542 541 447
f 542 544 447
f 542 541 445
f 542 544 445
f 542 541 462
f 542 544 462
f 542 541 445
f 542 544 445
f 542 541 462
f 542 544 462
f 542 541 442
f 542 544 442
f 542 541 465
f 542 544 465
f 542 544 541
f 542 541 442
f 542 544 442
f 542 541 441
f 542 544 441
f 542 541 439
f 542 544 439
f 542 541 439
f 542 544 439
f 542 541 437
f 542 544 437
f 542 541 437
f 542 541 436
f 542 541 434
f 542 541 433
f 542 541 433
f 542 541 431
f 542 541 430
f 542 541 430
f 542 541 428
f 542 541 428
f 542 541 426
f 542 541 426
f 542 541 424
f 542 541 424
f 542 541 423
f 542 541 421
f 542 541 420
f 542 541 420
f 542 541 619
f 542 541 619
f 542 541 621
f 542 621 622
f 542 541 622
f 542 541 621
f 542 541 624
f 542 541 624
f 542 541 627
f 542 541 627
f 542 541 630
f 542 541 631
f 542 541 649
f 542 541 631
f 542 654 541
f 542 633 648
f 542 541 633
f 542 654 541
f 542 633 637
f 542 541 633
f 542 659 541
f 542 638 637
f 542 541 638
f 542 659 541
f 542 638 639
f 542 541 639
f 542 541 638
f 542 665 541
f 542 665 541
f 542 541 666
f 542 541 668
f 542 541 669
f 542 541 669
f 542 676 541
f 542 541 678
f 542 541 682
f 542 541 682
f 542 541 688
f 542 690 541
f 542 690 541
f 542 544 690
f 542 693 541
f 542 693 544
f 542 695 541
f 542 544 695
f 542 541 696
f 542 544 696
f 542 544 541
f 81 83 99
f 81 79 99
f 81 83 649
f 81 79 649
f 81 83 101
f 81 79 101
f 81 83 101
f 81 79 101
f 81 79 651
f 81 83 105
f 81 79 105
f 81 651 83
f 81 79 651
f 81 83 108
f 81 79 108
f 81 651 83
f 81 83 109
f 81 83 109
f 81 79 109
f 81 83 110
f 81 79 109
f 81 79 654
f 81 79 80
f 81 83 82
f 81 654 83
f 81 83 113
f 81 79 110
f 81 656 82
f 81 80 656
f 81 83 113
f 81 656 657
f 81 80 656
f 81 83 115
f 81 113 114
f 81 79 114
f 81 658 657
f 81 80 658
f 81 79 114
f 81 115 114
f 81 659 658
f 81 80 659
f 81 115 117
f 81 83 115
f 81 79 117
f 81 660 659
f 81 660 80
f 81 83 117
f 81 79 117
f 81 660 661
f 81 660 80
f 81 83 121
f 81 662 661
f 81 80 662
f 81 121 120
f 81 83 121
f 81 120 118
f 81 79 118
f 81 79 120
f 81 79 121
f 81 83 122
f 81 79 121
f 81 664 665
f 81 664 80
f 81 83 124
f 81 79 122
f 81 665 82
f 81 80 82
f 81 80 665
f 81 83 124
f 81 79 124
f 81 83 126
f 81 79 124
f 81 83 126
f 81 79 126
f 81 83 127
f 81 79 126
f 81 83 132
f 81 79 127
f 81 83 137
f 81 83 82
f 81 79 132
f 81 79 137
f 81 79 80
f 81 82 137
f 81 80 137
f 81 82 139
f 81 80 139
f 81 82 149
f 81 82 156
f 81 80 156
f 81 144 143
f 81 144 80
f 81 82 156
f 81 80 156
f 81 80 149
f 81 144 149
f 81 144 80
f 81 82 163
f 81 80 163
f 81 82 165
f 81 80 165
f 81 82 165
f 81 80 165
f 81 171 82
f 81 80 171
f 81 171 82
f 81 80 171
f 81 82 173
f 81 80 173
f 81 82 175
f 81 80 175
f 81 80 82
f 142 79 80
f 142 79 80
f 142 81 80
f 142 81 80
f 142 79 141
f 142 79 143
f 142 81 149
f 142 81 143
f 142 77 141
f 142 143 77
f 142 148 149
f 142 148 143
f 142 76 77
f 142 76 143
f 142 148 143
f 142 76 75
f 142 76 143
f 142 143 147
f 142 148 336
f 142 148 147
f 142 74 75
f 142 74 143
f 142 336 141
f 142 143 336
f 142 74 73
f 142 74 143
f 142 338 141
f 142 143 338
f 142 72 73
f 142 72 143
f 142 338 339
f 142 143 338
f 142 72 71
f 142 72 143
f 142 340 339
f 142 143 340
f 142 70 71
f 142 143 70
f 142 340 341
f 142 143 340
f 142 70 69
f 142 143 70
f 142 342 341
f 142 143 342
f 142 143 69
f 142 143 342
f 142 69 140
f 142 69 68
f 142 342 140
f 142 342 140
f 142 344 143
f 142 67 68
f 142 143 67
f 142 344 140
f 142 346 143
f 142 346 344
f 142 346 344
f 142 67 66
f 142 143 67
f 467 702 700
f 467 702 700
f 467 700 698
f 467 700 698
f 467 702 704
f 467 702 704
f 467 696 465
f 467 696 698
f 467 696 698
f 467 705 704
f 467 705 704
f 467 706 705
f 467 706 705
f 467 706 708
f 467 706 465
f 467 709 708
f 467 709 465
f 467 709 710
f 467 709 465
f 467 710 224
f 467 465 710
f 467 226 224
f 467 226 465
f 467 226 227
f 467 226 465
f 467 229 227
f 467 229 465
f 467 229 230
f 467 231 230
f 467 232 231
f 467 232 233
f 467 234 233
f 467 235 234
f 467 236 235
f 467 237 236
f 467 237 238
f 467 238 239
f 467 240 239
f 467 241 240
f 467 241 242
f 467 243 242
f 467 244 243
f 467 244 245
f 467 246 245
f 467 247 246
f 467 247 248
f 467 249 248
f 467 250 249
f 467 250 251
f 467 252 251
f 467 252 253
f 467 254 253
f 467 469 254
f 467 469 255
f 467 469 256
f 467 469 256
f 467 469 258
f 467 469 259
f 467 469 259
f 467 469 261
f 467 469 261
f 467 469 263
f 467 469 263
f 467 469 267
f 467 469 267
f 467 469 269
f 467 469 269
f 33 13 690
f 33 32 13
f 33 690 34
f 33 32 690
f 33 13 34
f 33 32 13
f 33 34 688
f 33 32 688
f 33 34 215
f 33 32 215
f 33 685 34
f 33 32 685
f 33 34 216
f 33 32 216
f 33 32 216
f 33 34 682
f 33 32 682
f 33 216 218
f 33 34 216
f 33 32 218
f 33 34 678
f 33 32 678
f 33 34 218
f 33 676 34
f 33 32 676
f 33 34 223
f 33 674 676
f 33 674 32
f 33 34 223
f 33 659 34
f 33 670 34
f 33 32 670
f 33 659 662
f 33 670 34
f 33 32 670
f 33 664 662
f 33 34 669
f 33 32 669
f 33 664 665
f 33 34 668
f 33 32 668
f 33 665 34
f 33 34 666
f 33 32 666
f 28 32 216
f 28 32 29
f 28 216 217
f 28 29 216
f 28 32 29
f 28 218 217
f 28 29 218
f 28 674 676
f 28 674 29
f 28 676 678
f 28 32 678
f 28 32 676
f 28 218 219
f 28 220 219
f 28 218 220
f 28 29 218
f 28 670 672
f 28 29 670
f 28 221 220
f 28 29 221
f 28 670 669
f 28 29 670
f 28 223 221
f 28 29 223
f 28 669 668
f 28 29 669
f 28 223 225
f 28 29 223
f 28 668 667
f 28 29 668
f 28 226 225
f 28 666 667
f 28 29 666
f 28 226 228
f 28 226 225
f 28 29 225
f 28 665 666
f 28 665 29
f 28 231 228
f 28 29 231
f 28 664 665
f 28 664 665
f 28 232 231
f 28 664 662
f 28 664 29
f 28 232 231
f 28 29 231
f 28 659 662
f 28 659 29
f 28 232 233
f 28 232 27
f 28 27 648
f 28 29 648
f 28 659 655
f 28 659 29
f 28 236 233
f 28 236 27
f 28 236 27
f 28 655 27
f 28 29 655
f 31 33 218
f 31 33 32
f 31 223 221
f 31 33 223
f 31 223 225
f 31 33 223
f 31 225 228
f 31 33 659
f 31 655 648
f 31 659 655
f 31 33 659
f 31 33 664
f 31 33 664
f 31 33 665
f 31 33 32
f 31 32 666
f 31 32 668
f 31 32 669
f 31 32 670
f 547 549 546
f 547 693 691
f 547 693 549
f 547 691 690
f 547 549 691
f 547 690 546
f 547 549 690
f 547 688 546
f 547 549 688
f 547 687 688
f 547 549 687
f 547 687 546
f 547 549 687
f 547 685 546
f 547 549 685
f 547 684 685
f 547 684 549
f 547 682 546
f 547 681 682
f 547 678 546
f 547 676 678
f 547 674 676
f 547 670 546
f 547 670 669
f 547 669 546
f 547 546 668
f 547 546 666
f 547 665 546
f 547 664 665
f 547 664 662
f 547 659 662
f 547 660 659
f 547 659 657
f 547 659 658
f 547 657 546
f 547 656 657
f 547 654 546
f 547 651 546
f 547 651 546
f 547 546 617
f 547 546 649
f 547 546 618
f 547 596 594
f 547 591 594
f 547 591 589
f 547 589 546
f 547 410 546
f 547 410 546
f 547 546 420
f 547 546 420
f 547 546 421
f 547 546 423
f 547 546 424
f 547 546 424
f 547 546 426
f 547 546 426
f 547 546 428
f 547 546 428
f 547 546 430
f 547 546 430
f 547 546 431
f 547 546 433
f 547 546 433
f 547 546 434
f 547 546 436
f 547 546 437
f 547 546 437
f 547 549 437
f 547 546 439
f 547 549 439
f 547 546 441
f 547 549 441
f 547 546 442
f 547 549 442
f 547 546 442
f 547 549 442
f 547 546 445
f 547 549 445
f 547 546 445
f 547 549 445
f 547 546 447
f 547 549 447
f 547 546 449
f 547 549 449
f 547 546 450
f 547 549 450
f 547 546 450
f 547 549 450
f 547 546 452
f 547 549 452
f 547 546 452
f 547 549 452
f 547 549 546
f 694 549 550
f 694 553 550
f 694 547 549
f 694 693 549
f 694 547 546
f 694 547 693
f 694 553 462
f 694 553 696
f 694 693 553
f 694 545 546
f 694 547 693
f 694 544 695
f 694 545 544
f 694 545 693
f 694 557 459
f 694 545 693
f 694 691 557
f 694 693 691
f 694 557 558
f 694 542 544
f 694 542 693
f 694 691 557
f 694 559 558
f 694 80 696
f 694 693 695
f 694 542 695
f 694 542 693
f 694 691 559
f 694 691 561
f 694 691 561
f 694 211 696
f 694 211 452
f 694 567 452
f 694 80 691
f 694 80 82
f 694 691 559
f 694 691 563
f 694 211 452
f 694 567 566
f 694 567 452
f 694 564 563
f 694 80 691
f 694 82 696
f 694 564 691
f 694 566 565
f 694 567 691
f 694 567 568
f 694 211 450
f 694 211 696
f 694 564 565
f 694 691 82
f 694 87 696
f 694 564 691
f 694 691 566
f 694 567 691
f 694 568 450
f 694 324 211
f 694 696 208
f 694 324 211
f 694 691 87
f 694 691 324
f 694 324 568
f 694 691 208
f 694 696 202
f 694 691 324
f 694 691 88
f 694 87 696
f 694 88 87
f 694 691 202
f 694 691 90
f 671 555 670
f 671 557 670
f 671 549 550
f 671 549 670
f 671 549 670
f 671 557 670
f 671 559 670
f 671 559 670
f 671 561 670
f 671 561 670
f 671 563 670
f 671 564 563
f 671 564 670
f 671 670 566
f 671 674 566
f 671 567 670
f 671 674 567
f 671 567 670
f 671 674 567
f 671 670 569
f 671 674 569
f 671 570 670
f 671 674 570
f 671 570 670
f 671 674 570
f 671 670 571
f 671 674 571
f 671 674 90
f 671 670 573
f 671 674 573
f 671 88 670
f 671 674 88
f 671 670 579
f 671 90 579
f 671 90 670
f 671 670 577
f 671 674 577
f 671 670 573
f 671 674 573
f 671 670 87
f 671 670 577
f 671 674 577
f 671 670 575
f 671 674 575
f 671 84 670
f 671 670 576
f 671 674 576
f 671 84 670
f 671 80 670
f 671 80 670
f 671 76 670
f 671 74 76
f 671 74 76
f 671 74 670
f 671 72 670
f 671 74 72
f 671 74 72
f 671 72 670
f 671 70 670
f 43 44 668
f 43 44 666
f 43 44 669
f 43 44 665
f 43 44 670
f 43 44 670
f 43 674 44
f 43 44 676
f 43 212 211
f 43 44 211
f 43 44 212
f 43 44 678
f 43 212 1
f 43 44 212
f 43 44 682
f 43 695 729
f 43 44 729
f 43 693 44
f 43 694 44
f 43 694 693
f 43 694 693
f 43 695 696
f 43 44 695
f 43 44 685
f 43 697 696
f 43 44 697
f 43 691 690
f 43 44 691
f 43 44 691
f 43 697 729
f 43 44 729
f 43 44 697
f 43 687 688
f 43 44 687
f 43 44 687
f 43 690 688
f 43 44 688
f 43 44 690
f 45 46 668
f 45 44 668
f 45 46 666
f 45 44 666
f 45 46 669
f 45 44 669
f 45 46 670
f 45 44 670
f 45 46 670
f 45 44 670
f 45 674 46
f 45 674 44
f 45 46 676
f 45 44 676
f 45 44 678
f 45 46 209
f 45 44 209
f 45 678 680
f 45 46 680
f 45 46 678
f 45 681 46
f 45 46 209
f 45 44 209
f 45 681 682
f 45 44 682
f 45 681 46
f 45 46 211
f 45 44 211
f 45 46 211
f 45 44 211
f 45 684 685
f 45 684 44
f 45 46 729
f 45 44 729
f 45 685 46
f 45 44 685
f 45 46 727
f 45 44 727
f 45 687 46
f 45 44 687
f 45 46 727
f 45 44 727
f 45 687 46
f 45 44 687
f 45 46 725
f 45 46 688
f 45 44 688
f 45 699 725
f 45 44 699
f 45 46 690
f 45 44 690
f 45 700 699
f 45 700 725
f 45 46 725
f 45 46 700
f 45 691 46
f 45 44 691
f 45 702 700
f 45 702 46
f 45 702 46
f 45 46 699
f 45 44 699
f 45 691 46
f 45 44 691
f 45 46 697
f 45 44 697
f 45 693 46
f 45 693 44
f 45 46 697
f 45 44 697
f 45 694 693
f 45 694 693
f 45 46 695
f 45 44 695
f 45 694 46
f 45 694 44
f 49 48 668
f 49 48 51
f 49 48 669
f 49 51 203
f 49 206 204
f 49 48 206
f 47 46 668
f 47 48 668
f 47 46 666
f 47 48 666
f 47 46 669
f 47 48 669
f 47 48 51
f 47 46 670
f 47 48 670
f 47 48 46
f 47 48 206
f 47 48 206
f 47 46 208
f 47 48 208
f 47 48 46
f 39 38 668
f 39 40 668
f 39 38 666
f 39 40 666
f 39 38 669
f 39 40 669
f 39 665 38
f 39 40 665
f 39 38 670
f 39 40 670
f 39 664 665
f 39 664 40
f 39 38 670
f 39 40 670
f 39 664 38
f 39 38 662
f 39 36 38
f 39 38 216
f 39 40 216
f 39 36 38
f 39 36 40
f 39 674 40
f 39 674 36
f 39 38 216
f 39 40 216
f 39 36 213
f 39 36 40
f 39 40 215
f 39 215 213
f 39 38 215
f 35 34 668
f 35 36 668
f 35 34 666
f 35 36 666
f 35 34 669
f 35 36 669
f 35 665 34
f 35 670 34
f 35 36 670
f 35 664 665
f 35 670 34
f 35 36 670
f 35 664 662
f 35 674 676
f 35 674 36
f 35 659 34
f 35 659 662
f 35 659 662
f 35 34 220
f 35 676 34
f 35 36 676
f 35 34 218
f 35 34 678
f 35 36 678
f 35 34 216
f 35 34 682
f 35 36 682
f 35 34 216
f 35 36 216
f 35 34 215
f 35 36 215
f 35 36 7
f 35 685 34
f 35 36 685
f 35 13 7
f 35 13 34
f 35 36 13
f 35 34 688
f 35 36 688
f 35 13 690
f 35 36 13
f 35 690 34
f 35 36 690
f 37 38 668
f 37 36 668
f 37 38 666
f 37 36 666
f 37 38 669
f 37 36 669
f 37 36 38
f 37 665 38
f 37 35 665
f 37 35 36
f 37 664 665
f 37 35 664
f 37 664 38
f 37 35 664
f 37 38 662
f 37 35 662
f 37 35 220
f 37 218 220
f 37 38 218
f 37 35 218
f 37 38 216
f 37 35 216
f 37 35 36
f 37 38 216
f 37 36 216
f 37 36 38
f 62 187 185
f 62 51 189
f 62 185 183
f 62 66 648
f 62 181 183
f 62 67 66
f 62 180 181
f 62 178 177
f 62 67 110
f 62 67 66
f 62 66 114
f 62 66 114
f 62 66 116
f 62 175 174
f 62 66 120
f 62 121 66
f 62 173 174
f 62 171 170
f 62 169 167
f 62 165 164
f 62 163 164
f 62 142 143
f 663 67 662
f 663 664 67
f 663 67 662
f 663 664 67
f 663 69 662
f 663 664 69
f 663 70 69
f 663 664 70
f 663 70 662
f 663 664 70
f 663 72 662
f 663 664 72
f 663 72 73
f 663 664 72
f 663 74 73
f 663 74 664
f 663 74 662
f 663 74 664
f 663 76 662
f 663 664 76
f 663 76 77
f 663 664 76
f 663 77 662
f 663 664 77
f 663 79 662
f 663 664 79
f 663 79 80
f 663 664 79
f 663 81 80
f 663 81 664
f 663 81 662
f 663 81 664
f 663 83 662
f 663 664 83
f 663 84 83
f 663 664 84
f 663 664 84
f 663 84 661
f 663 84 662
f 663 664 87
f 663 86 661
f 663 87 86
f 663 664 88
f 663 87 86
f 663 88 87
f 663 90 92
f 663 664 90
f 663 566 661
f 663 567 566
f 663 664 567
f 663 664 566
f 663 564 661
f 663 567 661
f 663 664 567
f 663 564 664
f 663 590 661
f 663 590 92
f 663 590 92
f 663 661 584
f 663 92 584
f 663 664 92
f 663 564 563
f 663 569 661
f 663 664 569
f 663 564 664
f 663 661 584
f 663 664 584
f 663 563 562
f 663 570 569
f 663 664 570
f 663 664 563
f 663 661 579
f 663 664 579
f 663 561 562
f 663 570 661
f 663 664 570
f 663 664 561
f 663 661 577
f 663 664 577
f 663 561 661
f 663 661 571
f 663 664 571
f 663 664 561
f 663 661 577
f 663 664 577
f 663 559 661
f 663 661 573
f 663 664 573
f 663 664 559
f 663 661 576
f 663 664 576
f 663 559 558
f 663 661 573
f 663 664 573
f 663 664 559
f 663 661 575
f 663 664 575
f 663 557 558
f 663 664 557
f 663 662 661
f 663 557 661
f 663 664 557
f 663 555 662
f 663 664 555
f 663 549 550
f 663 664 549
f 473 713 714
f 473 474 713
f 473 474 713
f 473 714 472
f 473 474 714
f 473 472 715
f 473 474 715
f 473 472 717
f 473 474 717
f 473 472 717
f 473 474 717
f 473 472 719
f 473 474 719
f 473 472 719
f 473 232 719
f 473 232 472
f 473 232 719
f 473 474 719
f 473 474 232
f 473 232 472
f 473 474 232
f 473 472 234
f 473 474 234
f 473 472 235
f 473 474 235
f 473 472 236
f 473 474 236
f 473 472 237
f 473 474 237
f 473 472 237
f 473 474 237
f 473 472 238
f 473 474 238
f 473 472 240
f 473 474 240
f 473 472 240
f 473 474 240
f 473 472 243
f 473 475 243
f 473 474 475
f 473 472 244
f 473 244 475
f 473 472 244
f 473 244 475
f 473 472 246
f 473 475 246
f 473 247 475
f 473 471 247
f 473 471 472
f 473 247 475
f 473 471 247
f 473 475 249
f 473 471 249
f 473 250 475
f 473 471 250
f 473 250 475
f 473 471 250
f 473 475 252
f 473 471 252
f 473 475 252
f 473 471 252
f 473 475 254
f 473 471 254
f 473 255 475
f 473 471 255
f 473 256 255
f 473 471 256
f 473 256 475
f 473 471 256
f 473 258 475
f 473 471 258
f 473 259 258
f 473 471 259
f 473 259 475
f 473 471 259
f 473 261 475
f 473 471 261
f 473 261 475
f 473 471 261
f 473 475 263
f 473 471 263
f 473 475 263
f 473 471 263
f 473 471 267
f 473 456 474
f 473 461 471
f 473 476 267
f 473 476 475
f 473 471 267
f 473 456 453
f 473 456 471
f 473 476 267
f 473 471 269
f 473 476 453
f 473 476 269
f 473 471 269
f 473 476 269
f 473 471 270
f 473 476 274
f 473 471 274
f 473 476 274
f 473 471 274
f 473 453 452
f 473 476 452
f 473 476 453
f 473 453 450
f 473 476 450
f 473 476 270
f 473 471 272
f 473 476 272
f 473 471 272
f 473 476 277
f 473 471 277
f 473 453 450
f 473 471 453
f 473 476 450
f 473 476 272
f 473 476 420
f 473 471 420
f 473 476 449
f 473 471 449
f 473 476 420
f 473 471 420
f 473 476 447
f 473 471 447
f 473 476 425
f 473 471 425
f 473 476 447
f 473 471 447
f 473 476 425
f 473 471 425
f 473 476 443
f 473 476 429
f 473 471 429
f 473 438 443
f 473 471 438
f 473 476 438
f 473 476 429
f 473 471 429
f 473 476 438
f 473 471 438
f 473 476 434
f 473 471 434
f 460 474 461
f 460 483 462
f 460 474 483
f 460 474 483
f 460 226 459
f 460 226 462
f 460 229 459
f 460 229 462
f 460 226 459
f 460 226 462
f 460 229 459
f 460 229 462
f 460 459 224
f 460 462 224
f 460 232 459
f 460 232 462
f 460 461 277
f 460 221 459
f 460 462 221
f 460 232 459
f 460 232 462
f 460 461 276
f 460 221 459
f 460 462 221
f 460 459 234
f 460 462 234
f 460 461 462
f 460 459 276
f 460 461 276
f 460 705 462
f 460 235 459
f 460 461 235
f 460 459 274
f 460 461 274
f 460 704 459
f 460 705 704
f 460 705 704
f 460 237 235
f 460 461 237
f 460 459 274
f 460 461 274
f 460 702 704
f 460 702 704
f 460 237 238
f 460 461 237
f 460 459 272
f 460 461 272
f 460 702 700
f 460 702 700
f 460 238 459
f 460 461 238
f 460 459 272
f 460 461 272
f 460 700 698
f 460 700 462
f 460 459 240
f 460 461 240
f 460 459 270
f 460 461 270
f 460 696 698
f 460 696 462
f 460 241 459
f 460 461 241
f 460 459 269
f 460 461 269
f 460 694 696
f 460 694 696
f 460 241 459
f 460 461 241
f 460 459 269
f 460 461 269
f 460 694 459
f 460 694 462
f 460 244 459
f 460 461 244
f 460 459 267
f 460 461 267
f 460 553 459
f 460 553 462
f 460 244 459
f 460 461 244
f 460 266 459
f 460 461 266
f 460 553 550
f 460 553 550
f 460 459 246
f 460 461 246
f 460 266 459
f 460 461 266
f 460 549 550
f 460 549 550
f 460 247 459
f 460 461 247
f 460 547 549
f 460 547 549
f 460 247 459
f 460 461 247
f 460 459 260
f 460 261 260
f 460 261 262
f 460 461 262
f 460 461 261
f 460 461 261
f 460 547 546
f 460 547 546
f 460 459 249
f 460 461 249
f 460 259 459
f 460 461 259
f 460 545 546
f 460 545 546
f 460 250 459
f 460 461 250
f 460 259 258
f 460 461 259
f 460 544 462
f 460 545 544
f 460 545 544
f 460 250 459
f 460 461 250
f 460 258 459
f 460 461 258
f 460 252 459
f 460 461 252
f 460 256 459
f 460 461 256
f 460 252 459
f 460 461 252
f 460 256 255
f 460 461 256
f 460 254 459
f 460 461 254
f 460 255 254
f 460 461 255
f 675 674 561
f 675 677 561
f 675 674 563
f 675 674 561
f 675 677 563
f 675 677 561
f 675 564 674
f 675 674 559
f 675 564 677
f 675 677 559
f 675 674 559
f 675 677 559
f 675 564 677
f 675 564 674
f 675 674 557
f 675 677 557
f 675 677 87
f 675 674 87
f 675 677 88
f 675 674 88
f 675 677 566
f 675 674 566
f 675 674 557
f 675 677 557
f 675 677 84
f 675 674 84
f 675 677 567
f 675 674 567
f 675 674 553
f 675 677 553
f 675 677 553
f 675 677 84
f 675 674 84
f 675 677 567
f 675 674 567
f 675 677 80
f 675 674 80
f 675 90 576
f 675 677 90
f 675 90 577
f 675 674 577
f 675 674 576
f 675 677 569
f 675 674 569
f 675 549 676
f 675 674 549
f 675 674 549
f 675 677 80
f 675 674 80
f 675 90 577
f 675 674 577
f 675 674 90
f 675 677 575
f 675 674 575
f 675 677 570
f 675 674 570
f 675 677 76
f 675 674 76
f 675 677 573
f 675 674 573
f 675 677 570
f 675 674 570
f 675 677 74
f 675 677 74
f 675 674 74
f 675 677 573
f 675 674 573
f 675 677 571
f 675 674 571
f 675 48 46
f 675 674 46
f 675 674 48
f 458 459 240
f 458 241 459
f 458 241 244
f 458 244 459
f 458 459 246
f 458 247 459
f 458 247 459
f 458 459 249
f 458 250 459
f 458 250 459
f 458 252 459
f 458 252 459
f 458 254 459
f 458 255 254
f 458 279 276
f 458 459 276
f 458 276 277
f 458 461 279
f 458 456 461
f 458 460 474
f 458 459 274
f 458 460 277
f 458 460 276
f 458 460 459
f 458 461 279
f 458 460 461
f 458 474 478
f 458 456 474
f 458 460 474
f 458 483 478
f 458 456 483
f 458 473 456
f 458 459 274
f 458 256 255
f 458 256 255
f 458 474 461
f 458 473 461
f 458 473 474
f 458 456 461
f 458 473 461
f 458 473 456
f 458 272 273
f 458 459 272
f 458 459 257
f 458 256 257
f 458 256 459
f 458 272 265
f 458 459 272
f 458 270 265
f 458 459 270
f 458 269 270
f 458 459 269
f 458 269 268
f 458 459 269
f 458 267 268
f 458 459 267
f 458 266 267
f 458 266 459
f 458 266 459
f 597 598 102
f 597 596 102
f 597 596 598
f 597 598 104
f 597 596 104
f 597 598 104
f 597 596 104
f 597 598 106
f 597 596 106
f 597 598 106
f 597 596 106
f 597 598 107
f 597 596 107
f 597 598 109
f 597 596 109
f 597 598 109
f 597 596 109
f 597 598 110
f 597 352 110
f 597 596 352
f 597 352 353
f 597 596 352
f 597 353 354
f 597 598 354
f 597 596 353
f 597 598 355
f 597 596 355
f 597 598 356
f 597 596 356
f 597 596 356
f 597 599 356
f 597 599 598
f 597 596 358
f 597 599 358
f 597 596 358
f 597 599 358
f 597 596 359
f 597 599 359
f 597 599 362
f 597 362 361
f 597 596 361
f 597 596 362
f 597 596 363
f 597 599 363
f 597 596 363
f 597 599 363
f 597 596 366
f 597 599 366
f 597 596 366
f 597 599 366
f 597 596 367
f 597 599 367
f 597 596 370
f 597 599 370
f 597 596 370
f 597 599 370
f 597 596 372
f 597 599 372
f 597 596 372
f 597 599 372
f 597 596 375
f 597 596 376
f 597 618 375
f 597 599 618
f 597 596 376
f 597 376 618
f 597 596 377
f 597 376 377
f 597 377 618
f 597 618 381
f 597 380 381
f 597 596 380
f 597 596 380
f 597 599 563
f 597 599 563
f 597 596 563
f 597 596 563
f 597 599 561
f 597 596 561
f 597 618 381
f 597 596 381
f 597 599 600
f 597 596 561
f 597 618 382
f 597 596 382
f 597 600 561
f 597 599 600
f 597 596 559
f 597 618 384
f 597 596 384
f 597 600 618
f 597 547 618
f 597 547 546
f 597 547 596
f 597 600 559
f 597 600 559
f 597 596 559
f 597 618 387
f 597 600 557
f 597 596 557
f 597 386 387
f 597 596 386
f 597 596 386
f 597 618 387
f 597 596 387
f 597 555 600
f 597 555 600
f 597 596 555
f 597 618 389
f 597 596 389
f 597 618 389
f 597 596 389
f 597 618 390
f 597 596 390
f 597 618 393
f 597 596 393
f 597 618 393
f 597 596 393
f 597 618 394
f 597 596 394
f 597 618 396
f 597 596 396
f 597 618 396
f 597 596 396
f 597 596 618
f 683 681 559
f 683 684 559
f 683 681 557
f 683 684 557
f 683 681 559
f 683 684 559
f 683 681 557
f 683 684 557
f 683 681 561
f 683 684 561
f 683 553 681
f 683 684 553
f 683 681 561
f 683 684 561
f 683 684 681
f 683 553 681
f 683 549 550
f 683 684 549
f 683 681 76
f 683 684 76
f 683 45 46
f 683 45 684
f 683 80 681
f 683 684 80
f 683 547 682
f 683 547 684
f 683 45 44
f 683 45 684
f 683 80 681
f 683 684 80
f 683 545 682
f 683 43 44
f 683 84 681
f 683 684 84
f 683 684 685
f 683 545 685
f 683 684 44
f 683 43 44
f 683 84 681
f 683 684 681
f 683 684 84
f 683 545 544
f 683 545 544
f 683 36 682
f 683 33 34
f 683 33 685
f 683 35 34
f 683 35 685
f 683 544 682
f 683 544 685
f 683 36 685
f 683 35 36
f 683 33 32
f 683 33 32
f 683 35 36
f 683 32 682
f 683 32 685
f 683 7 686
f 683 682 686
f 683 682 7
f 683 7 686
f 683 685 686
f 683 682 7
f 683 682 24
f 683 682 8
f 683 685 8
f 683 16 24
f 683 685 16
f 683 682 16
f 683 13 682
f 683 685 13
f 683 682 16
f 683 685 16
f 683 14 13
f 683 14 685
f 683 14 682
f 683 14 685
f 552 553 678
f 552 677 553
f 552 677 553
f 552 675 553
f 552 675 674
f 552 671 553
f 552 671 553
f 552 553 670
f 552 553 669
f 552 553 668
f 552 553 666
f 552 553 665
f 552 664 553
f 552 663 664
f 552 663 553
f 552 553 662
f 552 660 553
f 552 660 553
f 552 553 659
f 552 553 658
f 552 553 656
f 552 553 656
f 552 553 654
f 552 553 651
f 552 650 553
f 552 611 616
f 552 609 611
f 552 609 607
f 552 417 415
f 552 417 424
f 552 417 415
f 552 414 415
f 552 417 418
f 552 553 426
f 552 553 428
f 552 553 428
f 552 553 430
f 552 430 431
f 552 553 430
f 552 553 433
f 552 553 433
f 552 553 436
f 539 540 437
f 539 538 437
f 539 538 540
f 539 540 436
f 539 538 436
f 539 540 434
f 539 538 434
f 539 540 433
f 539 538 433
f 539 540 433
f 539 538 433
f 539 540 431
f 539 538 431
f 539 540 430
f 539 538 430
f 539 540 430
f 539 538 430
f 539 540 428
f 539 538 428
f 539 540 428
f 539 538 428
f 539 540 426
f 539 538 426
f 539 540 426
f 539 538 426
f 539 538 424
f 539 541 424
f 539 540 541
f 539 538 424
f 539 541 424
f 539 538 423
f 539 541 423
f 539 538 421
f 539 541 421
f 539 538 420
f 539 541 420
f 539 538 420
f 539 541 420
f 539 538 408
f 539 542 541
f 539 542 408
f 539 541 619
f 539 538 596
f 539 538 619
f 539 542 591
f 539 591 594
f 539 596 594
f 539 541 619
f 539 542 541
f 539 542 596
f 539 542 591
f 539 542 596
f 539 596 408
f 539 538 408
f 539 538 596
f 539 541 621
f 539 619 621
f 539 538 619
f 539 541 621
f 539 538 621
f 539 541 622
f 539 538 622
f 539 541 624
f 539 538 624
f 539 541 624
f 539 538 624
f 539 541 625
f 539 538 625
f 539 541 627
f 539 538 627
f 539 541 627
f 539 538 627
f 539 627 628
f 539 541 630
f 539 538 628
f 539 538 630
f 539 541 631
f 539 538 631
f 539 541 631
f 539 538 631
f 539 541 633
f 539 538 633
f 539 538 634
f 539 634 633
f 539 541 633
f 539 636 634
f 539 636 634
f 539 538 634
f 539 538 636
f 539 538 636
f 539 541 638
f 539 538 638
f 539 541 638
f 539 538 638
f 539 541 640
f 539 538 640
f 539 541 640
f 539 540 541
f 539 538 640
f 539 640 642
f 539 642 643
f 539 538 642
f 539 540 649
f 539 538 649
f 539 643 645
f 539 654 540
f 539 645 648
f 539 538 645
f 539 644 643
f 539 538 644
f 539 538 644
f 539 654 649
f 539 538 649
f 539 654 540
f 539 648 646
f 539 538 646
f 539 538 648
f 539 540 659
f 539 538 659
f 539 540 659
f 539 538 659
f 539 540 665
f 539 538 665
f 539 540 665
f 539 538 665
f 539 540 666
f 539 538 666
f 539 540 668
f 539 538 668
f 539 538 668
f 539 669 668
f 539 540 669
f 539 540 669
f 539 540 676
f 539 538 676
f 539 540 676
f 539 538 676
f 539 540 678
f 539 538 678
f 539 540 682
f 539 538 682
f 539 540 682
f 539 538 682
f 539 540 688
f 539 538 688
f 539 540 690
f 539 538 690
f 539 540 690
f 539 538 690
f 539 540 695
f 539 538 695
f 539 538 540
f 543 544 437
f 543 542 437
f 543 542 544
f 543 544 436
f 543 542 436
f 543 544 434
f 543 542 434
f 543 544 433
f 543 542 433
f 543 544 433
f 543 542 433
f 543 544 431
f 543 542 431
f 543 544 430
f 543 542 430
f 543 544 430
f 543 542 430
f 543 544 428
f 543 542 428
f 543 544 428
f 543 542 428
f 543 544 426
f 543 542 426
f 543 544 426
f 543 542 426
f 543 544 424
f 543 542 424
f 543 542 424
f 543 545 424
f 543 545 544
f 543 542 423
f 543 545 423
f 543 542 421
f 543 545 421
f 543 542 420
f 543 545 420
f 543 542 420
f 543 545 420
f 543 410 546
f 543 545 546
f 543 410 408
f 543 542 408
f 543 545 618
f 543 410 591
f 543 542 591
f 543 410 591
f 543 545 621
f 543 619 618
f 543 542 619
f 543 542 619
f 543 542 621
f 543 545 546
f 543 597 546
f 543 542 596
f 543 597 596
f 543 589 546
f 543 410 546
f 543 410 589
f 543 591 589
f 543 542 591
f 543 542 621
f 543 597 596
f 543 542 596
f 543 591 594
f 543 621 623
f 543 545 621
f 543 542 624
f 543 596 594
f 543 624 623
f 543 542 624
f 543 629 626
f 543 545 626
f 543 627 629
f 543 542 627
f 543 542 627
f 543 545 649
f 543 545 544
f 543 630 629
f 543 542 630
f 543 542 649
f 543 631 630
f 543 542 631
f 543 631 648
f 543 542 648
f 543 542 631
f 543 654 544
f 543 542 654
f 543 544 657
f 543 659 657
f 543 542 659
f 543 544 659
f 543 544 659
f 543 542 659
f 543 664 544
f 543 664 665
f 543 542 665
f 543 664 544
f 543 544 665
f 543 542 665
f 543 544 666
f 543 542 666
f 543 544 668
f 543 542 668
f 543 544 669
f 543 542 669
f 543 544 669
f 543 542 669
f 543 544 676
f 543 542 676
f 543 544 678
f 543 542 678
f 543 544 682
f 543 542 682
f 543 544 682
f 543 542 682
f 543 544 688
f 543 542 688
f 543 544 690
f 543 542 690
f 543 542 544
f 466 469 277
f 466 464 277
f 466 469 279
f 466 469 274
f 466 279 464
f 466 469 279
f 466 469 274
f 466 274 277
f 466 464 277
f 466 464 274
f 466 464 274
f 466 469 425
f 466 469 272
f 466 279 425
f 466 464 272
f 466 469 425
f 466 469 272
f 466 279 425
f 466 279 464
f 466 469 270
f 466 467 469
f 466 464 272
f 466 464 465
f 466 467 465
f 466 464 429
f 466 469 429
f 466 464 270
f 466 470 464
f 466 464 429
f 466 469 429
f 466 471 470
f 466 469 471
f 466 469 470
f 466 467 469
f 466 467 269
f 466 464 269
f 466 464 434
f 466 467 269
f 466 464 269
f 466 471 434
f 466 469 471
f 466 464 438
f 466 456 453
f 466 456 471
f 466 456 471
f 466 453 464
f 466 467 267
f 466 464 267
f 466 471 438
f 466 464 438
f 466 453 447
f 466 471 447
f 466 471 453
f 466 471 438
f 466 464 266
f 466 266 267
f 466 467 267
f 466 464 266
f 466 467 263
f 466 464 263
f 466 467 263
f 466 464 263
f 466 467 261
f 466 261 464
f 466 261 464
f 466 261 465
f 466 467 261
f 466 259 465
f 466 467 259
f 466 259 258
f 466 467 259
f 466 258 465
f 466 467 258
f 466 256 465
f 466 467 256
f 466 256 255
f 466 467 256
f 466 255 465
f 466 467 255
f 466 465 254
f 466 467 254
f 466 465 252
f 466 467 252
f 466 465 252
f 466 467 252
f 466 250 465
f 466 467 250
f 466 250 465
f 466 467 250
f 466 465 249
f 466 467 249
f 466 247 465
f 466 467 247
f 466 247 465
f 466 467 247
f 466 465 246
f 466 467 246
f 466 244 465
f 466 467 244
f 466 244 465
f 466 467 244
f 466 465 243
f 466 467 243
f 466 241 465
f 466 467 241
f 466 241 465
f 466 467 241
f 466 465 240
f 466 467 240
f 466 238 465
f 466 467 238
f 466 237 238
f 466 467 237
f 466 237 465
f 466 467 237
f 466 465 236
f 466 467 236
f 466 465 235
f 466 467 235
f 466 465 234
f 466 467 234
f 466 232 465
f 466 467 232
f 466 232 465
f 466 467 232
f 466 465 231
f 466 467 231
f 466 229 465
f 466 467 229
f 466 467 229
f 30 32 29
f 30 29 670
f 30 32 670
f 30 31 32
f 30 31 32
f 30 29 670
f 30 31 670
f 30 29 218
f 30 32 218
f 30 32 29
f 30 29 218
f 30 31 218
f 30 29 669
f 30 31 669
f 30 29 221
f 30 31 221
f 30 29 668
f 30 31 668
f 30 29 223
f 30 31 223
f 30 29 666
f 30 31 666
f 30 29 223
f 30 31 223
f 30 665 29
f 30 31 665
f 30 29 225
f 30 31 225
f 30 664 665
f 30 31 664
f 30 31 228
f 30 664 29
f 30 31 664
f 30 231 228
f 30 29 231
f 30 29 231
f 30 29 648
f 30 31 648
f 30 659 29
f 30 31 659
f 30 29 655
f 30 31 655
f 30 659 29
f 30 31 659
f 551 694 553
f 551 694 693
f 551 694 693
f 551 693 691
f 551 693 553
f 551 691 550
f 551 553 691
f 551 687 550
f 551 553 687
f 551 685 687
f 551 553 685
f 551 684 685
f 551 684 553
f 551 683 684
f 551 550 441
f 551 553 441
f 551 550 439
f 551 553 439
f 551 683 684
f 551 683 550
f 551 550 442
f 551 553 442
f 551 550 437
f 551 553 437
f 551 683 553
f 551 681 550
f 551 550 442
f 551 553 442
f 551 550 437
f 551 553 437
f 551 552 553
f 551 553 681
f 551 681 550
f 551 550 445
f 551 553 445
f 551 550 436
f 551 552 436
f 551 553 681
f 551 550 680
f 551 550 445
f 551 553 445
f 551 550 433
f 551 552 433
f 551 553 680
f 551 552 553
f 551 550 678
f 551 552 678
f 551 550 447
f 551 553 447
f 551 550 433
f 551 552 433
f 551 677 550
f 551 552 677
f 551 550 449
f 551 553 449
f 551 550 431
f 551 552 431
f 551 677 676
f 551 552 677
f 551 550 450
f 551 553 450
f 551 550 430
f 551 552 430
f 551 675 676
f 551 552 675
f 551 550 450
f 551 553 450
f 551 550 430
f 551 552 430
f 551 675 674
f 551 552 675
f 551 550 452
f 551 553 452
f 551 550 428
f 551 552 428
f 551 550 452
f 551 553 452
f 551 550 428
f 551 552 428
f 551 671 550
f 551 552 671
f 551 550 426
f 551 552 426
f 551 671 670
f 551 552 671
f 551 553 550
f 551 550 426
f 551 552 426
f 551 670 550
f 551 552 670
f 551 550 424
f 551 552 424
f 551 550 669
f 551 552 669
f 551 550 424
f 551 552 424
f 551 550 668
f 551 552 668
f 551 550 417
f 551 552 417
f 551 550 666
f 551 552 666
f 551 550 417
f 551 552 417
f 551 665 550
f 551 552 665
f 551 550 418
f 551 552 418
f 551 664 665
f 551 552 664
f 551 663 664
f 551 552 663
f 551 414 419
f 551 552 414
f 551 552 414
f 551 552 412
f 551 663 550
f 551 552 663
f 551 552 412
f 551 550 662
f 551 552 662
f 551 552 586
f 551 660 550
f 551 552 660
f 551 552 586
f 551 660 659
f 551 552 660
f 551 552 589
f 551 659 550
f 551 552 659
f 551 552 591
f 551 550 658
f 551 552 658
f 551 552 591
f 551 656 550
f 551 552 656
f 551 552 596
f 551 656 550
f 551 552 656
f 551 552 597
f 551 654 550
f 551 552 654
f 551 597 550
f 551 552 597
f 551 550 602
f 551 552 602
f 551 651 550
f 551 552 651
f 551 550 602
f 551 552 602
f 551 650 651
f 551 552 650
f 551 550 605
f 551 650 550
f 551 552 650
f 551 607 605
f 551 552 607
f 551 552 607
f 551 550 616
f 551 552 616
f 551 550 649
f 551 552 649
f 457 694 561
f 457 694 559
f 457 694 559
f 457 694 696
f 457 559 558
f 457 696 698
f 457 694 561
f 457 557 558
f 457 700 698
f 457 557 459
f 457 700 698
f 457 553 459
f 457 700 215
f 457 700 215
f 457 700 459
f 457 551 553
f 457 459 219
f 457 551 550
f 457 540 541
f 457 538 540
f 457 221 459
f 457 549 550
f 457 542 541
f 457 538 459
f 457 221 459
f 457 547 549
f 457 542 544
f 457 536 459
f 457 459 224
f 457 547 546
f 457 545 544
f 457 536 459
f 457 226 459
f 457 545 546
f 457 531 459
f 457 226 459
f 457 531 459
f 457 229 459
f 457 529 459
f 457 229 459
f 457 526 529
f 457 232 459
f 457 526 524
f 457 232 459
f 457 232 230
f 457 524 521
f 457 456 524
f 457 459 234
f 457 483 521
f 457 458 483
f 457 456 521
f 457 235 459
f 457 483 521
f 457 456 483
f 457 458 456
f 457 237 235
f 457 237 238
f 457 237 238
f 457 238 459
f 457 458 459
f 457 458 240
f 457 458 241
f 457 456 241
f 457 458 241
f 457 456 244
f 457 458 244
f 457 458 246
f 457 246 287
f 457 456 287
f 457 458 247
f 457 286 246
f 457 456 286
f 457 247 282
f 457 458 247
f 457 286 282
f 457 456 286
f 457 247 282
f 457 458 249
f 457 282 249
f 457 458 250
f 457 250 282
f 457 458 250
f 457 250 282
f 457 250 276
f 457 281 282
f 457 456 281
f 457 252 276
f 457 458 252
f 457 458 456
f 457 281 280
f 457 456 281
f 457 252 253
f 457 458 252
f 457 279 280
f 457 458 279
f 457 458 279
f 457 254 253
f 457 458 254
f 457 255 254
f 457 458 255
f 457 255 276
f 457 458 276
f 457 255 274
f 457 458 274
f 457 255 274
f 457 458 255
f 457 274 273
f 457 458 273
f 457 458 274
f 554 671 555
f 554 671 553
f 554 555 670
f 554 553 670
f 554 555 669
f 554 553 669
f 554 555 668
f 554 553 668
f 554 555 666
f 554 553 666
f 554 555 665
f 554 553 665
f 554 664 555
f 554 664 553
f 554 663 664
f 554 663 664
f 554 663 555
f 554 663 553
f 554 555 662
f 554 553 662
f 554 660 555
f 554 660 553
f 554 660 555
f 554 660 553
f 554 555 659
f 554 553 659
f 554 555 658
f 554 553 658
f 554 555 656
f 554 553 656
f 554 555 656
f 554 553 656
f 554 555 654
f 554 553 654
f 554 555 651
f 554 553 651
f 554 650 555
f 554 650 553
f 554 650 555
f 554 552 650
f 554 552 650
f 554 555 649
f 554 649 616
f 554 552 649
f 554 555 424
f 554 555 417
f 554 552 417
f 554 552 424
f 554 613 616
f 554 555 613
f 554 552 611
f 554 555 426
f 554 555 417
f 554 552 417
f 554 552 426
f 554 552 553
f 554 611 613
f 554 555 611
f 554 555 609
f 554 552 609
f 554 555 426
f 554 553 426
f 554 555 415
f 554 552 415
f 554 555 609
f 554 552 609
f 554 555 428
f 554 553 428
f 554 555 414
f 554 552 414
f 554 555 607
f 554 552 607
f 554 555 428
f 554 553 428
f 554 555 414
f 554 552 414
f 554 555 602
f 554 552 602
f 554 555 430
f 554 553 430
f 554 555 585
f 554 555 602
f 554 552 602
f 554 555 433
f 554 553 433
f 554 553 555
f 554 412 585
f 554 552 412
f 554 552 412
f 554 555 586
f 554 552 586
f 554 597 555
f 554 552 597
f 554 555 586
f 554 552 586
f 554 597 596
f 554 552 597
f 554 555 589
f 554 552 589
f 554 596 594
f 554 552 596
f 554 591 555
f 554 552 591
f 554 591 594
f 554 552 591
f 673 674 557
f 673 671 557
f 673 674 559
f 673 671 559
f 673 674 557
f 673 671 557
f 673 674 559
f 673 671 559
f 673 674 561
f 673 671 561
f 673 674 555
f 673 671 555
f 673 674 561
f 673 671 561
f 673 674 553
f 673 554 671
f 673 674 80
f 673 671 80
f 673 674 80
f 673 671 80
f 673 674 563
f 673 671 563
f 673 554 553
f 673 552 553
f 673 552 674
f 673 671 553
f 673 554 671
f 673 674 76
f 673 671 76
f 673 671 76
f 673 674 84
f 673 671 84
f 673 564 674
f 673 671 564
f 673 551 552
f 673 551 552
f 673 74 76
f 673 674 74
f 673 674 84
f 673 671 84
f 673 564 674
f 673 671 674
f 673 671 564
f 673 551 550
f 673 551 674
f 673 74 72
f 673 674 74
f 673 674 87
f 673 671 87
f 673 671 674
f 673 549 550
f 673 674 549
f 673 547 546
f 673 547 674
f 673 545 546
f 673 545 674
f 673 48 46
f 673 674 48
f 673 545 544
f 673 545 674
f 673 45 46
f 673 45 674
f 673 543 544
f 673 45 44
f 673 45 674
f 673 674 544
f 673 543 544
f 673 43 44
f 673 43 674
f 673 543 542
f 673 543 542
f 673 5 6
f 673 676 5
f 673 7 6
f 673 676 7
f 673 542 541
f 673 542 676
f 673 40 672
f 673 674 40
f 673 5 4
f 673 676 5
f 673 7 8
f 673 676 7
f 673 540 541
f 673 540 676
f 673 540 676
f 673 39 40
f 673 39 674
f 673 3 4
f 673 676 3
f 673 8 672
f 673 676 8
f 673 39 36
f 673 39 674
f 673 3 672
f 673 676 3
f 673 10 672
f 673 676 10
f 673 35 36
f 673 35 674
f 673 1 672
f 673 676 1
f 673 10 11
f 673 676 10
f 673 35 34
f 673 35 674
f 673 729 1
f 673 676 729
f 673 11 672
f 673 676 11
f 673 33 34
f 673 33 674
f 673 729 728
f 673 676 729
f 673 13 672
f 673 13 676
f 673 674 13
f 673 33 32
f 673 33 674
f 673 727 728
f 673 676 727
f 673 14 13
f 673 14 674
f 673 32 29
f 673 674 32
f 673 727 726
f 673 676 727
f 673 14 15
f 673 14 674
f 673 28 29
f 673 28 674
f 673 725 726
f 673 676 725
f 673 16 15
f 673 674 16
f 673 28 672
f 673 28 674
f 673 725 672
f 673 676 672
f 673 676 725
f 673 16 17
f 673 674 16
f 673 26 672
f 673 674 26
f 673 18 17
f 673 674 18
f 673 26 25
f 673 674 26
f 673 18 19
f 673 674 18
f 673 25 24
f 673 674 25
f 673 19 672
f 673 674 19
f 673 22 24
f 673 674 22
f 673 21 672
f 673 674 21
f 673 21 22
f 673 674 21
f 42 668 667
f 42 43 668
f 42 666 667
f 42 43 666
f 42 669 668
f 42 43 669
f 42 665 666
f 42 43 665
f 42 670 669
f 42 43 670
f 42 670 672
f 42 43 670
f 42 673 672
f 42 673 43
f 42 41 213
f 42 673 674
f 42 673 43
f 42 213 210
f 42 43 210
f 42 212 41
f 42 674 676
f 42 43 674
f 42 212 213
f 42 43 212
f 42 212 3
f 42 676 678
f 42 43 676
f 42 212 3
f 42 43 212
f 42 678 680
f 42 43 678
f 42 36 3
f 42 36 3
f 42 682 680
f 42 43 682
f 42 36 1
f 42 43 1
f 42 683 682
f 42 683 43
f 42 36 690
f 42 43 690
f 42 36 690
f 42 43 690
f 42 36 695
f 42 43 695
f 42 683 685
f 42 683 43
f 42 36 686
f 42 36 688
f 42 43 688
f 42 693 36
f 42 43 693
f 42 693 36
f 42 43 693
f 42 685 686
f 42 43 685
f 52 44 665
f 52 45 44
f 52 45 46
f 52 47 46
f 52 43 44
f 52 665 51
f 52 47 51
f 52 42 43
f 52 45 46
f 52 47 46
f 52 664 665
f 52 42 665
f 52 42 43
f 52 43 210
f 52 43 44
f 52 62 665
f 52 62 664
f 52 57 662
f 52 57 58
f 52 45 44
f 52 207 204
f 52 42 41
f 52 207 210
f 52 44 207
f 52 206 207
f 52 47 206
f 52 47 206
f 52 40 41
f 52 664 40
f 52 662 55
f 52 662 55
f 52 201 204
f 52 47 48
f 52 47 48
f 52 196 55
f 52 39 662
f 52 39 40
f 52 39 664
f 52 39 664
f 52 51 193
f 52 195 51
f 52 195 51
f 52 199 201
f 52 51 199
f 52 201 203
f 52 51 203
f 52 51 201
f 52 49 51
f 52 49 48
f 52 49 48
f 52 199 196
f 52 193 55
f 52 193 196
f 52 51 190
f 52 190 193
f 52 57 58
f 52 195 193
f 52 190 193
f 52 57 190
f 52 199 196
f 52 51 196
f 52 51 199
f 50 49 669
f 50 49 668
f 50 49 51
f 50 69 68
f 50 69 669
f 50 67 68
f 50 67 668
f 50 67 51
f 50 48 670
f 50 49 48
f 50 67 68
f 50 69 68
f 50 70 69
f 50 70 670
f 50 48 670
f 50 671 70
f 50 671 670
f 50 51 190
f 50 67 190
f 50 51 192
f 50 673 48
f 50 671 70
f 50 671 72
f 50 51 190
f 50 67 190
f 50 70 192
f 50 70 69
f 50 673 674
f 50 72 70
f 50 671 72
f 50 673 72
f 50 51 66
f 50 67 66
f 50 67 51
f 50 193 192
f 50 51 193
f 50 51 193
f 50 72 192
f 50 72 70
f 50 675 674
f 50 673 674
f 50 195 51
f 50 675 48
f 50 74 195
f 50 74 72
f 50 677 48
f 50 674 74
f 50 675 674
f 50 675 74
f 50 74 195
f 50 677 48
f 50 677 74
f 50 51 197
f 50 195 197
f 50 195 51
f 50 74 76
f 50 48 678
f 50 677 678
f 50 677 74
f 50 51 197
f 50 76 197
f 50 46 680
f 50 48 46
f 50 681 680
f 50 681 76
f 50 74 76
f 50 683 681
f 50 76 200
f 50 681 46
f 50 683 684
f 50 683 681
f 50 199 200
f 50 51 199
f 50 76 200
f 50 681 46
f 50 199 201
f 50 51 199
f 50 201 200
f 50 51 201
f 50 49 51
f 50 200 202
f 50 683 46
f 50 684 76
f 50 684 685
f 50 683 684
f 50 201 203
f 50 80 202
f 50 687 689
f 50 691 689
f 50 685 687
f 50 685 687
f 50 684 685
f 50 706 203
f 50 694 691
f 50 691 690
f 50 687 688
f 50 685 46
f 50 706 203
f 50 702 80
f 50 706 705
f 50 694 696
f 50 694 693
f 50 687 46
f 50 203 204
f 50 49 204
f 50 49 203
f 50 706 709
f 50 80 700
f 50 702 705
f 50 702 80
f 50 693 691
f 50 46 690
f 50 691 46
f 50 46 688
f 50 687 46
f 50 709 710
f 50 706 709
f 50 80 696
f 50 80 696
f 50 702 46
f 50 702 706
f 50 694 695
f 50 694 693
f 50 691 46
f 50 46 700
f 50 702 46
f 50 46 706
f 50 46 696
f 50 46 695
f 50 694 46
f 50 693 46
f 50 710 206
f 50 713 710
f 50 49 206
f 50 713 714
f 50 46 714
f 50 46 714
f 50 714 717
f 50 714 717
f 50 713 208
f 50 713 714
f 50 46 719
f 50 717 208
f 50 208 206
f 50 46 719
f 50 719 208
f 50 48 206
f 50 49 48
f 50 48 208
f 50 46 721
f 50 48 209
f 50 209 721
f 50 46 721
f 50 209 719
f 50 209 719
f 50 46 723
f 50 211 721
f 50 211 209
f 50 211 723
f 50 46 723
f 50 211 209
f 50 48 209
f 50 211 723
f 50 46 211
f 50 48 46
f 50 211 725
f 50 46 725
f 50 46 211
f 64 663 664
f 64 660 659
f 64 665 51
f 64 659 658
f 64 62 654
f 64 162 160
f 64 62 160
f 64 158 157
f 64 62 157
f 64 62 155
f 64 62 155
f 64 62 153
f 64 62 151
f 64 62 151
f 64 62 148
f 64 62 148
f 64 62 146
f 64 62 146
f 64 62 144
f 64 62 144
f 64 62 142
f 64 62 142
f 64 62 138
f 89 675 674
f 89 675 674
f 89 671 674
f 89 671 674
f 89 675 677
f 89 675 677
f 89 671 88
f 89 671 90
f 89 677 88
f 89 677 90
f 89 88 670
f 89 90 670
f 89 681 88
f 89 681 90
f 89 88 669
f 89 90 669
f 89 684 681
f 89 684 681
f 89 88 668
f 89 90 668
f 89 684 687
f 89 684 687
f 89 88 666
f 89 90 666
f 89 687 88
f 89 687 90
f 89 88 665
f 89 90 665
f 89 691 88
f 89 691 90
f 89 664 88
f 89 664 90
f 89 694 691
f 89 694 691
f 89 663 664
f 89 663 664
f 89 694 88
f 89 694 90
f 89 663 88
f 89 663 90
f 89 88 200
f 89 90 200
f 89 660 88
f 89 660 90
f 89 88 197
f 89 90 197
f 89 660 88
f 89 660 90
f 89 88 197
f 89 90 197
f 89 88 658
f 89 90 658
f 89 88 194
f 89 90 194
f 89 88 656
f 89 90 656
f 89 88 188
f 89 90 188
f 89 654 88
f 89 654 90
f 89 88 188
f 89 90 188
f 89 88 184
f 89 90 184
f 89 651 88
f 89 651 90
f 89 88 184
f 89 90 184
f 89 650 651
f 89 650 651
f 89 88 180
f 89 90 180
f 89 650 90
f 89 88 180
f 89 90 180
f 89 90 91
f 89 88 91
f 89 650 91
f 89 650 88
f 89 88 175
f 89 90 175
f 89 88 137
f 89 88 139
f 89 90 139
f 89 88 173
f 89 90 173
f 89 137 139
f 89 91 139
f 89 88 137
f 89 88 161
f 89 90 161
f 89 88 171
f 89 90 171
f 89 91 112
f 89 88 112
f 89 88 163
f 89 90 163
f 89 88 171
f 89 90 171
f 89 91 112
f 89 88 112
f 89 88 91
f 89 88 165
f 89 90 165
f 89 88 165
f 89 90 165
f 548 547 684
f 548 683 684
f 548 683 547
f 548 683 549
f 548 683 547
f 548 549 681
f 548 547 681
f 548 549 681
f 548 547 681
f 548 549 680
f 548 678 680
f 548 547 678
f 548 549 678
f 548 549 676
f 548 547 676
f 548 674 549
f 548 547 674
f 548 673 674
f 548 673 547
f 548 673 549
f 548 673 547
f 548 549 670
f 548 547 670
f 548 549 670
f 548 547 670
f 548 549 669
f 548 547 669
f 548 549 668
f 548 547 668
f 548 549 666
f 548 547 666
f 548 549 665
f 548 547 665
f 548 664 549
f 548 547 664
f 548 547 664
f 548 663 549
f 548 663 664
f 548 663 664
f 548 547 660
f 548 549 662
f 548 660 662
f 548 660 549
f 548 660 549
f 548 547 660
f 548 549 659
f 548 547 659
f 548 549 658
f 548 547 658
f 548 549 656
f 548 547 656
f 548 549 656
f 548 547 656
f 548 549 654
f 548 547 654
f 548 549 651
f 548 547 651
f 548 547 651
f 548 650 651
f 548 650 549
f 548 650 549
f 548 550 649
f 548 549 550
f 548 649 617
f 548 547 617
f 548 547 649
f 548 550 605
f 548 618 605
f 548 547 618
f 548 550 602
f 548 602 618
f 548 550 602
f 548 602 618
f 548 547 618
f 548 597 550
f 548 597 547
f 548 597 547
f 548 550 418
f 548 547 596
f 548 551 597
f 548 551 597
f 548 412 419
f 548 410 412
f 548 547 410
f 548 418 420
f 548 547 420
f 548 551 596
f 548 547 591
f 548 418 423
f 548 550 418
f 548 551 419
f 548 551 550
f 548 551 412
f 548 547 410
f 548 412 586
f 548 418 420
f 548 547 420
f 548 418 421
f 548 547 421
f 548 547 423
f 548 551 591
f 548 547 591
f 548 550 424
f 548 549 550
f 548 412 411
f 548 410 411
f 548 410 412
f 548 551 586
f 548 412 586
f 548 551 586
f 548 551 412
f 548 547 589
f 548 547 424
f 548 551 591
f 548 551 589
f 548 549 424
f 548 547 424
f 548 549 426
f 548 547 426
f 548 549 426
f 548 547 426
f 548 549 428
f 548 547 428
f 548 549 428
f 548 547 428
f 548 549 430
f 548 547 430
f 548 549 430
f 548 547 430
f 548 549 431
f 548 547 431
f 548 549 433
f 548 547 433
f 548 549 433
f 548 547 433
f 548 549 434
f 548 547 434
f 548 549 436
f 548 547 436
f 548 549 437
f 548 547 437
f 548 547 549
f 653 542 654
f 653 543 542
f 653 543 542
f 653 544 652
f 653 543 544
f 653 543 654
f 653 67 649
f 653 654 67
f 653 545 544
f 653 545 654
f 653 67 68
f 653 64 62
f 653 64 62
f 653 654 67
f 653 545 546
f 653 545 654
f 653 69 68
f 653 654 69
f 653 547 546
f 653 547 654
f 653 70 69
f 653 654 70
f 653 548 547
f 653 548 547
f 653 652 71
f 653 70 71
f 653 654 70
f 653 548 549
f 653 548 549
f 653 73 652
f 653 654 73
f 653 549 550
f 653 549 654
f 653 73 75
f 653 654 73
f 653 551 550
f 653 551 654
f 653 77 75
f 653 654 77
f 653 551 552
f 653 551 552
f 653 79 77
f 653 79 654
f 653 552 553
f 653 552 553
f 653 81 79
f 653 81 79
f 653 554 553
f 653 554 553
f 653 81 83
f 653 81 654
f 653 554 555
f 653 554 555
f 653 84 83
f 653 84 654
f 653 555 652
f 653 555 654
f 653 84 86
f 653 84 654
f 653 557 652
f 653 654 557
f 653 654 87
f 653 557 558
f 653 654 557
f 653 88 86
f 653 88 87
f 653 654 88
f 653 559 558
f 653 654 559
f 653 89 88
f 653 89 654
f 653 559 560
f 653 654 559
f 653 89 90
f 653 89 654
f 653 561 560
f 653 654 561
f 653 90 91
f 653 654 90
f 653 561 562
f 653 654 561
f 653 92 91
f 653 654 92
f 653 563 562
f 653 654 563
f 653 93 92
f 653 564 563
f 653 564 654
f 653 93 656
f 653 654 656
f 653 564 652
f 653 564 654
f 653 93 656
f 653 566 652
f 653 654 566
f 653 656 94
f 653 650 93
f 653 650 93
f 653 656 590
f 653 656 584
f 653 567 566
f 653 567 654
f 653 650 94
f 653 600 656
f 653 650 590
f 653 656 590
f 653 650 584
f 653 656 584
f 653 567 568
f 653 650 599
f 653 599 600
f 653 599 600
f 653 650 590
f 653 595 656
f 653 650 584
f 653 656 580
f 653 569 568
f 653 567 656
f 653 567 654
f 653 650 599
f 653 599 656
f 653 650 595
f 653 595 656
f 653 650 580
f 653 656 580
f 653 570 569
f 653 656 569
f 653 650 595
f 653 650 580
f 653 650 652
f 653 578 652
f 653 656 578
f 653 570 571
f 653 570 656
f 653 578 577
f 653 656 578
f 653 571 652
f 653 570 656
f 653 577 652
f 653 656 577
f 653 652 573
f 653 656 571
f 653 652 576
f 653 656 576
f 653 656 573
f 653 652 573
f 653 652 575
f 653 656 575
f 653 656 573
f 455 561 562
f 455 457 561
f 455 457 694
f 455 561 560
f 455 457 561
f 455 563 562
f 455 694 563
f 455 694 563
f 455 694 696
f 455 457 694
f 455 559 560
f 455 457 559
f 455 696 454
f 455 457 696
f 455 559 558
f 455 457 559
f 455 454 698
f 455 457 698
f 455 557 558
f 455 457 557
f 455 454 215
f 455 457 215
f 455 557 454
f 455 457 557
f 455 454 215
f 455 457 215
f 455 553 454
f 455 457 553
f 455 454 219
f 455 457 219
f 455 551 553
f 455 457 551
f 455 454 221
f 455 457 221
f 455 551 550
f 455 457 551
f 455 454 221
f 455 457 221
f 455 549 550
f 455 457 549
f 455 454 224
f 455 457 224
f 455 547 549
f 455 457 547
f 455 457 226
f 455 547 546
f 455 457 547
f 455 454 224
f 455 226 224
f 455 457 226
f 455 545 546
f 455 457 545
f 455 454 230
f 455 545 544
f 455 457 545
f 455 229 230
f 455 457 229
f 455 457 229
f 455 542 544
f 455 457 542
f 455 454 230
f 455 457 230
f 455 542 541
f 455 457 542
f 455 454 234
f 455 457 234
f 455 526 454
f 455 454 529
f 455 457 529
f 455 457 526
f 455 540 541
f 455 457 540
f 455 454 235
f 455 457 235
f 455 526 524
f 455 454 531
f 455 457 531
f 455 457 526
f 455 457 456
f 455 538 540
f 455 457 538
f 455 238 454
f 455 457 238
f 455 524 454
f 455 456 524
f 455 454 531
f 455 457 531
f 455 538 454
f 455 457 538
f 455 238 454
f 455 457 238
f 455 454 521
f 455 456 521
f 455 536 454
f 455 457 536
f 455 536 454
f 455 457 536
f 455 454 240
f 455 457 240
f 455 454 496
f 455 457 241
f 455 457 456
f 455 486 496
f 455 454 486
f 455 454 291
f 455 241 291
f 455 483 486
f 455 456 483
f 455 483 454
f 455 290 454
f 455 241 290
f 455 290 454
f 455 241 290
f 455 286 454
f 455 456 286
f 455 241 244
f 455 456 241
f 455 483 453
f 455 285 286
f 455 456 285
f 455 244 287
f 455 456 287
f 455 456 244
f 455 456 453
f 455 483 482
f 455 456 483
f 455 284 285
f 455 284 453
f 455 284 453
f 455 482 453
f 455 456 482
f 455 284 285
f 455 456 285
f 455 284 282
f 455 456 282
f 455 453 481
f 455 456 481
f 455 456 453
f 59 52 58
f 59 58 659
f 59 58 659
f 59 58 187
f 59 58 190
f 59 52 58
f 59 58 657
f 59 58 187
f 59 654 58
f 59 58 185
f 59 58 181
f 59 654 58
f 59 58 181
f 59 58 649
f 59 58 177
f 59 58 648
f 59 58 177
f 59 58 646
f 59 58 174
f 59 58 111
f 59 58 174
f 59 58 114
f 59 58 170
f 59 58 114
f 59 58 170
f 59 58 116
f 59 58 169
f 59 58 120
f 59 58 167
f 59 58 121
f 59 58 164
f 59 58 121
f 59 58 164
f 59 58 122
f 59 58 162
f 59 58 124
f 59 58 160
f 59 58 124
f 59 58 157
f 59 58 126
f 59 58 126
f 59 155 157
f 59 58 157
f 59 58 127
f 59 58 153
f 59 58 129
f 59 58 129
f 59 58 153
f 59 58 131
f 59 58 147
f 59 58 131
f 59 58 146
f 59 58 135
f 59 58 146
f 59 143 58
f 59 144 58
f 59 144 143
f 61 62 664
f 61 52 664
f 61 52 62
f 61 62 659
f 61 52 62
f 61 62 659
f 61 62 51
f 61 62 657
f 61 62 654
f 61 187 189
f 61 62 189
f 61 62 187
f 61 62 187
f 61 653 62
f 61 62 185
f 61 653 62
f 61 62 181
f 61 62 649
f 61 62 181
f 61 62 648
f 61 62 177
f 61 62 177
f 61 109 110
f 61 110 646
f 61 62 110
f 61 62 174
f 61 109 108
f 61 67 109
f 61 62 67
f 61 110 111
f 61 62 114
f 61 62 174
f 61 108 105
f 61 67 109
f 61 62 114
f 61 62 170
f 61 68 105
f 61 68 108
f 61 67 68
f 61 62 116
f 61 62 170
f 61 67 68
f 61 62 67
f 61 62 120
f 61 62 169
f 61 62 121
f 61 62 167
f 61 62 121
f 61 62 164
f 61 62 122
f 61 62 164
f 61 62 124
f 61 62 162
f 61 62 124
f 61 62 160
f 61 62 126
f 61 62 157
f 61 62 126
f 61 62 155
f 61 62 127
f 61 62 155
f 61 62 129
f 61 62 153
f 61 62 129
f 61 62 151
f 61 62 131
f 61 62 151
f 61 62 131
f 61 62 135
f 61 148 147
f 61 62 148
f 61 62 148
f 61 62 146
f 61 62 146
f 61 138 135
f 61 62 138
f 61 62 138
f 61 143 135
f 61 62 143
f 61 62 144
f 61 62 144
f 63 62 664
f 63 64 664
f 63 62 659
f 63 64 659
f 63 62 664
f 63 64 664
f 63 62 659
f 63 64 659
f 63 62 665
f 63 64 665
f 63 62 657
f 63 64 657
f 63 64 62
f 63 62 51
f 63 64 51
f 63 62 187
f 63 64 187
f 63 62 187
f 63 64 187
f 63 62 185
f 63 64 185
f 63 62 185
f 63 64 185
f 63 62 183
f 63 64 183
f 63 62 183
f 63 64 183
f 63 62 181
f 63 64 181
f 63 62 180
f 63 64 180
f 63 62 180
f 63 64 180
f 63 62 178
f 63 64 178
f 63 62 178
f 63 64 178
f 63 62 177
f 63 64 177
f 63 62 175
f 63 64 175
f 63 62 175
f 63 64 175
f 63 62 173
f 63 64 173
f 63 62 173
f 63 64 173
f 63 62 171
f 63 64 171
f 63 62 171
f 63 64 171
f 63 62 170
f 63 64 170
f 63 62 169
f 63 64 169
f 63 62 167
f 63 64 167
f 63 62 167
f 63 64 167
f 63 62 165
f 63 64 165
f 63 62 165
f 63 64 165
f 63 62 163
f 63 64 163
f 63 62 163
f 63 64 163
f 63 62 162
f 63 64 162
f 63 64 62
f 65 660 662
f 65 64 660
f 65 663 662
f 65 64 663
f 65 660 659
f 65 64 660
f 65 663 664
f 65 64 663
f 65 659 658
f 65 64 659
f 65 664 665
f 65 64 664
f 65 658 657
f 65 64 658
f 65 665 666
f 65 64 665
f 65 657 66
f 65 64 657
f 65 51 666
f 65 64 51
f 65 654 66
f 65 64 654
f 65 64 51
f 65 653 654
f 65 653 64
f 65 66 189
f 65 51 189
f 65 51 66
f 65 187 66
f 65 64 187
f 65 653 649
f 65 653 64
f 65 187 66
f 65 64 187
f 65 649 66
f 65 66 185
f 65 64 185
f 65 62 66
f 65 62 649
f 65 64 62
f 65 66 185
f 65 64 185
f 65 66 183
f 65 64 183
f 65 66 131
f 65 62 131
f 65 66 131
f 65 62 131
f 65 66 183
f 65 64 183
f 65 129 66
f 65 62 129
f 65 135 66
f 65 62 135
f 65 181 66
f 65 64 181
f 65 129 128
f 65 62 129
f 65 62 138
f 65 64 62
f 65 180 181
f 65 64 180
f 65 127 128
f 65 62 127
f 65 136 135
f 65 138 136
f 65 138 136
f 65 138 66
f 65 64 138
f 65 180 66
f 65 64 180
f 65 126 127
f 65 62 126
f 65 142 66
f 65 64 142
f 65 178 66
f 65 64 178
f 65 126 66
f 65 62 126
f 65 142 143
f 65 64 142
f 65 178 177
f 65 64 178
f 65 124 66
f 65 62 124
f 65 144 143
f 65 64 144
f 65 177 66
f 65 64 177
f 65 124 123
f 65 62 124
f 65 144 66
f 65 64 144
f 65 175 66
f 65 64 175
f 65 122 123
f 65 62 122
f 65 146 66
f 65 64 146
f 65 175 174
f 65 64 175
f 65 121 122
f 65 62 121
f 65 62 121
f 65 146 147
f 65 64 146
f 65 173 174
f 65 64 173
f 65 148 147
f 65 64 148
f 65 173 66
f 65 64 173
f 65 148 66
f 65 64 148
f 65 171 66
f 65 64 171
f 65 151 66
f 65 64 151
f 65 171 170
f 65 64 171
f 65 151 153
f 65 64 151
f 65 170 66
f 65 64 170
f 65 153 66
f 65 64 153
f 65 66 169
f 65 64 169
f 65 155 66
f 65 64 155
f 65 66 167
f 65 64 167
f 65 155 156
f 65 66 167
f 65 64 167
f 65 156 157
f 65 155 156
f 65 64 155
f 65 165 66
f 65 64 165
f 65 158 157
f 65 64 158
f 65 165 164
f 65 64 165
f 65 158 66
f 65 64 158
f 65 163 164
f 65 64 163
f 65 66 160
f 65 64 160
f 65 163 66
f 65 64 163
f 65 66 160
f 65 64 160
f 65 66 162
f 65 64 162
f 60 59 52
f 60 61 52
f 60 59 659
f 60 61 659
f 60 61 52
f 60 59 659
f 60 61 659
f 60 52 51
f 60 59 52
f 60 59 657
f 60 61 657
f 60 51 190
f 60 61 51
f 60 59 190
f 60 59 654
f 60 61 654
f 60 59 187
f 60 61 187
f 60 61 653
f 60 59 187
f 60 61 187
f 60 653 654
f 60 59 654
f 60 61 653
f 60 59 185
f 60 61 185
f 60 59 649
f 60 61 649
f 60 59 181
f 60 61 181
f 60 59 648
f 60 61 648
f 60 59 181
f 60 61 181
f 60 59 646
f 60 61 646
f 60 59 177
f 60 61 177
f 60 59 111
f 60 61 111
f 60 59 177
f 60 61 177
f 60 59 114
f 60 61 114
f 60 59 174
f 60 61 174
f 60 59 114
f 60 61 114
f 60 59 174
f 60 61 174
f 60 59 116
f 60 61 116
f 60 59 170
f 60 61 170
f 60 59 120
f 60 61 120
f 60 59 170
f 60 61 170
f 60 59 121
f 60 61 121
f 60 59 169
f 60 61 169
f 60 59 121
f 60 61 121
f 60 59 167
f 60 61 167
f 60 59 122
f 60 61 122
f 60 59 164
f 60 61 164
f 60 59 124
f 60 61 124
f 60 59 164
f 60 61 164
f 60 59 124
f 60 61 124
f 60 59 162
f 60 61 162
f 60 59 126
f 60 61 126
f 60 59 160
f 60 61 160
f 60 59 126
f 60 61 126
f 60 59 157
f 60 61 157
f 60 59 127
f 60 61 127
f 60 59 155
f 60 61 155
f 60 59 129
f 60 61 129
f 60 59 155
f 60 61 155
f 60 59 129
f 60 61 129
f 60 59 153
f 60 61 153
f 60 59 131
f 60 61 131
f 60 59 153
f 60 59 131
f 60 61 131
f 60 151 153
f 60 61 151
f 60 61 151
f 60 59 147
f 60 61 147
f 60 59 135
f 60 61 135
f 60 59 146
f 60 61 146
f 60 59 143
f 60 61 143
f 60 59 146
f 60 61 146
f 60 59 144
f 60 61 144
f 60 59 144
f 60 61 144
