# King Wen sovereign avatar mesh
# hex03_phase4.ply
# vertices=729 faces=15307
o kingwen_avatar
v 0.177087 0.000161 0.088288 0.305882 0.305882 0.317647
v 0.178919 0.001706 0.088235 0.305882 0.305882 0.317647
v 0.180732 0.003283 0.088077 0.305882 0.305882 0.317647
v 0.182522 0.004891 0.087815 0.305882 0.305882 0.317647
v 0.184283 0.006530 0.087448 0.305882 0.305882 0.317647
v 0.186009 0.008198 0.086978 0.305882 0.305882 0.317647
v 0.187696 0.009895 0.086404 0.305882 0.305882 0.317647
v 0.189338 0.011619 0.085727 0.305882 0.305882 0.317647
v 0.190931 0.013370 0.084949 0.305882 0.305882 0.317647
v 0.192000 0.015109 0.083864 0.305882 0.305882 0.317647
v 0.193475 0.016904 0.082888 0.305882 0.305882 0.317647
v 0.194887 0.018720 0.081812 0.305882 0.305882 0.317647
v 0.196231 0.020557 0.080640 0.305882 0.305882 0.317647
v 0.197019 0.022357 0.079177 0.305882 0.305882 0.317647
v 0.198211 0.024223 0.077818 0.305882 0.305882 0.317647
v 0.199323 0.026102 0.076367 0.305882 0.305882 0.317647
v 0.200352 0.027993 0.074824 0.305882 0.305882 0.317647
v 0.200799 0.029820 0.073013 0.305882 0.305882 0.317647
v 0.201647 0.031722 0.071300 0.305882 0.305882 0.317647
v 0.202403 0.033628 0.069501 0.305882 0.305882 0.317647
v 0.203063 0.035535 0.067620 0.305882 0.305882 0.317647
v 0.203123 0.037349 0.065497 0.305882 0.305882 0.317647
v 0.203583 0.039247 0.063463 0.305882 0.305882 0.317647
v 0.203941 0.041138 0.061353 0.305882 0.305882 0.317647
v 0.203692 0.042913 0.059024 0.305882 0.305882 0.317647
v 0.203841 0.044778 0.056777 0.305882 0.305882 0.317647
v 0.203885 0.046628 0.054462 0.305882 0.305882 0.317647
v 0.203822 0.048461 0.052082 0.305882 0.305882 0.317647
v 0.203149 0.050149 0.049518 0.305882 0.301961 0.317647
v 0.203376 0.052064 0.047140 0.305882 0.301961 0.317647
v 0.202491 0.053696 0.044473 0.305882 0.301961 0.317647
v 0.202003 0.055428 0.041870 0.305882 0.301961 0.317647
v 0.201409 0.057131 0.039217 0.305882 0.301961 0.317647
v 0.200711 0.058801 0.036518 0.305882 0.301961 0.317647
v 0.199911 0.060437 0.033775 0.305882 0.301961 0.317647
v 0.198515 0.061883 0.030914 0.305882 0.301961 0.317647
v 0.197516 0.063439 0.028101 0.305882 0.301961 0.317647
v 0.196419 0.064955 0.025254 0.305882 0.301961 0.317647
v 0.195228 0.066429 0.022377 0.305882 0.301961 0.317647
v 0.193944 0.067859 0.019474 0.305882 0.301961 0.317647
v 0.194006 0.069761 0.016670 0.305882 0.301961 0.317647
v 0.212003 0.078299 0.015086 0.305882 0.301961 0.317647
v 0.267750 0.101517 0.015023 0.305882 0.301961 0.317647
v 0.267326 0.103999 0.010896 0.305882 0.301961 0.317647
v 0.265374 0.105882 0.006661 0.305882 0.301961 0.317647
v 0.262851 0.107512 0.002399 0.305882 0.301961 0.317647
v 0.260232 0.109071 -0.001866 0.305882 0.301961 0.317647
v 0.257521 0.110558 -0.006129 0.305882 0.301961 0.317647
v 0.255169 0.112169 -0.010404 0.305882 0.301961 0.317647
v 0.252729 0.113713 -0.014681 0.305882 0.301961 0.317647
v 0.249772 0.114990 -0.018923 0.305882 0.301961 0.317647
v 0.246749 0.116197 -0.023143 0.305882 0.301961 0.317647
v 0.243667 0.117334 -0.027335 0.305882 0.301961 0.317647
v 0.240532 0.118403 -0.031496 0.305882 0.301961 0.317647
v 0.236939 0.119197 -0.035557 0.305882 0.301961 0.317647
v 0.233725 0.120132 -0.039631 0.305882 0.301961 0.317647
v 0.230480 0.121004 -0.043658 0.305882 0.301961 0.317647
v 0.226814 0.121604 -0.047551 0.305882 0.301961 0.317647
v 0.223531 0.122355 -0.051463 0.305882 0.301961 0.317647
v 0.220621 0.123265 -0.055411 0.305882 0.301961 0.317647
v 0.217695 0.124125 -0.059306 0.305882 0.301961 0.317647
v 0.214387 0.124720 -0.063035 0.305882 0.305882 0.317647
v 0.210721 0.125052 -0.066572 0.305882 0.305882 0.317647
v 0.207081 0.125338 -0.070018 0.305882 0.305882 0.317647
v 0.203474 0.125583 -0.073368 0.305882 0.305882 0.317647
v 0.199556 0.125572 -0.076485 0.305882 0.305882 0.317647
v 0.196038 0.125748 -0.079628 0.305882 0.305882 0.317647
v 0.192231 0.125674 -0.082519 0.305882 0.305882 0.317647
v 0.188489 0.125575 -0.085289 0.305882 0.305882 0.317647
v 0.185146 0.125679 -0.088093 0.305882 0.305882 0.317647
v 0.181545 0.125546 -0.090621 0.305882 0.305882 0.317647
v 0.178022 0.125402 -0.093021 0.305882 0.305882 0.317647
v 0.174582 0.125253 -0.095291 0.305882 0.305882 0.317647
v 0.171229 0.125104 -0.097430 0.305882 0.305882 0.317647
v 0.168267 0.125184 -0.099614 0.305882 0.305882 0.317647
v 0.164790 0.124823 -0.101305 0.305882 0.305882 0.317647
v 0.161711 0.124701 -0.103039 0.305882 0.305882 0.317647
v 0.158728 0.124597 -0.104636 0.305882 0.305882 0.317647
v 0.155841 0.124517 -0.106094 0.305882 0.305882 0.317647
v 0.153054 0.124465 -0.107413 0.305882 0.305882 0.317647
v 0.150643 0.124674 -0.108793 0.305882 0.305882 0.317647
v 0.148051 0.124692 -0.109835 0.305882 0.305882 0.317647
v 0.145830 0.124980 -0.110941 0.305882 0.305882 0.317647
v 0.143435 0.125083 -0.111703 0.305882 0.305882 0.317647
v 0.141140 0.125234 -0.112325 0.305882 0.305882 0.317647
v 0.138944 0.125437 -0.112806 0.305882 0.305882 0.317647
v 0.136845 0.125693 -0.113147 0.305882 0.305882 0.317647
v 0.134843 0.126008 -0.113348 0.305882 0.305882 0.317647
v 0.132934 0.126382 -0.113410 0.305882 0.305882 0.317647
v 0.131119 0.126818 -0.113335 0.305882 0.305882 0.317647
v 0.129393 0.127319 -0.113122 0.305882 0.305882 0.317647
v 0.127755 0.127886 -0.112775 0.305882 0.305882 0.317647
v 0.126201 0.128521 -0.112293 0.305882 0.305882 0.317647
v 0.124969 0.129474 -0.111894 0.305882 0.305882 0.317647
v 0.123572 0.130249 -0.111149 0.305882 0.305882 0.317647
v 0.122488 0.131349 -0.110489 0.305882 0.305882 0.317647
v 0.121236 0.132267 -0.109486 0.305882 0.305882 0.317647
v 0.120285 0.133516 -0.108570 0.305882 0.305882 0.317647
v 0.119161 0.134578 -0.107318 0.305882 0.305882 0.317647
v 0.118561 0.136243 -0.106362 0.305882 0.305882 0.317647
v 0.117780 0.137719 -0.105073 0.305882 0.305882 0.317647
v 0.117278 0.139542 -0.103868 0.305882 0.305882 0.317647
v 0.116818 0.141446 -0.102539 0.305882 0.305882 0.317647
v 0.116168 0.143148 -0.100890 0.305882 0.305882 0.317647
v 0.115782 0.145205 -0.099322 0.305882 0.305882 0.317647
v 0.115425 0.147337 -0.097636 0.305882 0.305882 0.317647
v 0.115094 0.149544 -0.095834 0.305882 0.305882 0.317647
v 0.114559 0.151523 -0.093733 0.305882 0.305882 0.317647
v 0.114266 0.153865 -0.091709 0.305882 0.305882 0.317647
v 0.113985 0.156272 -0.089576 0.305882 0.305882 0.317647
v 0.113712 0.158741 -0.087337 0.305882 0.305882 0.317647
v 0.113442 0.161269 -0.084993 0.305882 0.305882 0.317647
v 0.113171 0.163852 -0.082548 0.305882 0.305882 0.317647
v 0.112672 0.166159 -0.079848 0.305882 0.305882 0.317647
v 0.112386 0.168834 -0.077215 0.305882 0.305882 0.317647
v 0.112085 0.171552 -0.074490 0.305882 0.305882 0.317647
v 0.111766 0.174308 -0.071676 0.305882 0.305882 0.317647
v 0.111424 0.177096 -0.068777 0.305882 0.305882 0.317647
v 0.111056 0.179913 -0.065796 0.305882 0.305882 0.317647
v 0.110658 0.182753 -0.062737 0.305882 0.305882 0.317647
v 0.110225 0.185611 -0.059603 0.305882 0.305882 0.317647
v 0.109540 0.188110 -0.056287 0.305882 0.305882 0.317647
v 0.109245 0.191359 -0.053127 0.305882 0.301961 0.317647
v 0.108477 0.193856 -0.049694 0.305882 0.301961 0.317647
v 0.107877 0.196727 -0.046307 0.305882 0.301961 0.317647
v 0.107228 0.199588 -0.042864 0.305882 0.301961 0.317647
v 0.106527 0.202434 -0.039372 0.305882 0.301961 0.317647
v 0.105563 0.204855 -0.035761 0.305882 0.301961 0.317647
v 0.104545 0.207238 -0.032123 0.305882 0.301961 0.317647
v 0.103062 0.208746 -0.028347 0.305882 0.301961 0.317647
v 0.095013 0.196692 -0.023004 0.305882 0.301961 0.317647
v 0.086839 0.183796 -0.018098 0.305882 0.301961 0.317647
v 0.085944 0.186038 -0.014946 0.305882 0.301961 0.317647
v 0.084995 0.188233 -0.011777 0.305882 0.301961 0.317647
v 0.083992 0.190376 -0.008593 0.305882 0.301961 0.317647
v 0.082935 0.192463 -0.005400 0.305882 0.301961 0.317647
v 0.081823 0.194490 -0.002201 0.305882 0.301961 0.317647
v 0.080844 0.196907 0.001003 0.305882 0.301961 0.317647
v 0.079620 0.198803 0.004211 0.305882 0.301961 0.317647
v 0.078343 0.200625 0.007413 0.305882 0.301961 0.317647
v 0.077190 0.202837 0.010631 0.305882 0.301961 0.317647
v 0.075804 0.204502 0.013819 0.305882 0.301961 0.317647
v 0.074539 0.206557 0.017029 0.305882 0.301961 0.317647
v 0.073216 0.208530 0.020234 0.305882 0.301961 0.317647
v 0.071673 0.209932 0.023375 0.305882 0.301961 0.317647
v 0.070243 0.211723 0.026550 0.305882 0.301961 0.317647
v 0.068604 0.212931 0.029638 0.305882 0.301961 0.317647
v 0.067074 0.214527 0.032767 0.305882 0.301961 0.317647
v 0.065494 0.216023 0.035870 0.305882 0.301961 0.317647
v 0.063721 0.216919 0.038855 0.305882 0.301961 0.317647
v 0.062053 0.218204 0.041890 0.305882 0.301961 0.317647
v 0.060341 0.219380 0.044888 0.305882 0.301961 0.317647
v 0.058455 0.219945 0.047738 0.305882 0.301961 0.317647
v 0.056668 0.220897 0.050645 0.305882 0.301961 0.317647
v 0.054721 0.221234 0.053384 0.305882 0.301961 0.317647
v 0.052869 0.221958 0.056186 0.305882 0.305882 0.317647
v 0.050987 0.222567 0.058934 0.305882 0.305882 0.317647
v 0.048966 0.222558 0.061484 0.305882 0.305882 0.317647
v 0.047035 0.222936 0.064106 0.305882 0.305882 0.317647
v 0.045082 0.223199 0.066663 0.305882 0.305882 0.317647
v 0.043013 0.222846 0.068996 0.305882 0.305882 0.317647
v 0.041029 0.222881 0.071407 0.305882 0.305882 0.317647
v 0.039032 0.222804 0.073743 0.305882 0.305882 0.317647
v 0.036941 0.222118 0.075832 0.305882 0.305882 0.317647
v 0.034930 0.221822 0.078005 0.305882 0.305882 0.317647
v 0.032841 0.220925 0.079915 0.305882 0.305882 0.317647
v 0.030828 0.220420 0.081913 0.305882 0.305882 0.317647
v 0.028815 0.219813 0.083821 0.305882 0.305882 0.317647
v 0.026746 0.218621 0.085448 0.305882 0.305882 0.317647
v 0.024747 0.217824 0.087166 0.305882 0.305882 0.317647
v 0.022756 0.216934 0.088788 0.305882 0.305882 0.317647
v 0.020730 0.215480 0.090110 0.305882 0.305882 0.317647
v 0.018767 0.214424 0.091528 0.305882 0.305882 0.317647
v 0.016783 0.212817 0.092637 0.305882 0.305882 0.317647
v 0.014856 0.211611 0.093843 0.305882 0.305882 0.317647
v 0.012920 0.209872 0.094734 0.305882 0.305882 0.317647
v 0.011038 0.208535 0.095722 0.305882 0.305882 0.317647
v 0.009177 0.207139 0.096599 0.305882 0.305882 0.317647
v 0.007324 0.205239 0.097151 0.305882 0.305882 0.317647
v 0.005516 0.203745 0.097802 0.305882 0.305882 0.317647
v 0.003725 0.201766 0.098124 0.305882 0.305882 0.317647
v 0.001972 0.200197 0.098544 0.305882 0.305882 0.317647
v 0.000247 0.198162 0.098632 0.305882 0.305882 0.317647
v -0.001447 0.196541 0.098819 0.305882 0.305882 0.317647
v -0.003106 0.194475 0.098672 0.305882 0.305882 0.317647
v -0.004741 0.192824 0.098623 0.305882 0.305882 0.317647
v -0.006334 0.190751 0.098242 0.305882 0.305882 0.317647
v -0.007909 0.189095 0.097956 0.305882 0.305882 0.317647
v -0.009437 0.187038 0.097340 0.305882 0.305882 0.317647
v -0.010932 0.184999 0.096608 0.305882 0.305882 0.317647
v -0.012423 0.183382 0.095969 0.305882 0.305882 0.317647
v -0.013859 0.181393 0.095007 0.305882 0.305882 0.317647
v -0.015265 0.179439 0.093932 0.305882 0.305882 0.317647
v -0.016644 0.177526 0.092744 0.305882 0.305882 0.317647
v -0.018036 0.176039 0.091645 0.305882 0.305882 0.317647
v -0.019368 0.174217 0.090236 0.305882 0.305882 0.317647
v -0.020677 0.172451 0.088719 0.305882 0.305882 0.317647
v -0.021967 0.170744 0.087097 0.305882 0.305882 0.317647
v -0.023238 0.169100 0.085372 0.305882 0.305882 0.317647
v -0.024495 0.167524 0.083545 0.305882 0.305882 0.317647
v -0.025738 0.166018 0.081619 0.305882 0.305882 0.317647
v -0.026971 0.164587 0.079596 0.305882 0.305882 0.317647
v -0.028196 0.163232 0.077478 0.305882 0.305882 0.317647
v -0.029416 0.161958 0.075268 0.305882 0.305882 0.317647
v -0.030634 0.160766 0.072969 0.305882 0.305882 0.317647
v -0.031853 0.159658 0.070583 0.305882 0.305882 0.317647
v -0.033075 0.158637 0.068113 0.305882 0.305882 0.317647
v -0.034303 0.157703 0.065562 0.305882 0.305882 0.317647
v -0.035540 0.156858 0.062934 0.305882 0.305882 0.317647
v -0.036789 0.156103 0.060231 0.305882 0.305882 0.317647
v -0.037971 0.155102 0.057332 0.305882 0.305882 0.317647
v -0.039249 0.154529 0.054496 0.305882 0.305882 0.317647
v -0.040547 0.154047 0.051595 0.305882 0.305882 0.317647
v -0.041868 0.153655 0.048632 0.305882 0.305882 0.317647
v -0.043215 0.153353 0.045612 0.305882 0.305882 0.317647
v -0.044492 0.152808 0.042445 0.305882 0.305882 0.317647
v -0.045894 0.152684 0.039327 0.305882 0.305882 0.317647
v -0.047327 0.152646 0.036163 0.305882 0.301961 0.317647
v -0.048795 0.152693 0.032955 0.305882 0.301961 0.317647
v -0.050191 0.152492 0.029643 0.305882 0.301961 0.317647
v -0.051730 0.152704 0.026367 0.305882 0.301961 0.317647
v -0.053309 0.152995 0.023060 0.305882 0.301961 0.317647
v -0.054930 0.153363 0.019726 0.305882 0.301961 0.317647
v -0.056593 0.153804 0.016367 0.305882 0.301961 0.317647
v -0.058300 0.154315 0.012989 0.305882 0.301961 0.317647
v -0.060052 0.154894 0.009595 0.305882 0.301961 0.317647
v -0.061849 0.155535 0.006190 0.305882 0.301961 0.317647
v -0.063693 0.156236 0.002776 0.305882 0.301961 0.317647
v -0.065583 0.156991 -0.000641 0.305882 0.301961 0.317647
v -0.067520 0.157797 -0.004057 0.305882 0.301961 0.317647
v -0.069504 0.158648 -0.007470 0.305882 0.301961 0.317647
v -0.071534 0.159539 -0.010873 0.305882 0.301961 0.317647
v -0.073609 0.160465 -0.014264 0.305882 0.301961 0.317647
v -0.075730 0.161421 -0.017638 0.305882 0.301961 0.317647
v -0.077895 0.162401 -0.020992 0.305882 0.301961 0.317647
v -0.080278 0.163755 -0.024374 0.305882 0.301961 0.317647
v -0.082532 0.164768 -0.027681 0.305882 0.301961 0.317647
v -0.084827 0.165790 -0.030955 0.305882 0.301961 0.317647
v -0.087160 0.166812 -0.034193 0.305882 0.301961 0.317647
v -0.089724 0.168196 -0.037472 0.305882 0.301961 0.317647
v -0.092133 0.169208 -0.040631 0.305882 0.301961 0.317647
v -0.094573 0.170204 -0.043743 0.305882 0.301961 0.317647
v -0.097253 0.171551 -0.046904 0.305882 0.301961 0.317647
v -0.099754 0.172504 -0.049914 0.305882 0.305882 0.317647
v -0.102279 0.173425 -0.052865 0.305882 0.305882 0.317647
v -0.105051 0.174687 -0.055874 0.305882 0.305882 0.317647
v -0.107618 0.175532 -0.058702 0.305882 0.305882 0.317647
v -0.110437 0.176712 -0.061593 0.305882 0.305882 0.317647
v -0.113034 0.177462 -0.064284 0.305882 0.305882 0.317647
v -0.115885 0.178540 -0.067043 0.305882 0.305882 0.317647
v -0.118496 0.179176 -0.069583 0.305882 0.305882 0.317647
v -0.121365 0.180133 -0.072196 0.305882 0.305882 0.317647
v -0.123975 0.180637 -0.074573 0.305882 0.305882 0.317647
v -0.126845 0.181458 -0.077026 0.305882 0.305882 0.317647
v -0.129436 0.181815 -0.079228 0.305882 0.305882 0.317647
v -0.132292 0.182483 -0.081510 0.305882 0.305882 0.317647
v -0.134847 0.182680 -0.083525 0.305882 0.305882 0.317647
v -0.137669 0.183182 -0.085624 0.305882 0.305882 0.317647
v -0.140172 0.183206 -0.087442 0.305882 0.305882 0.317647
v -0.142944 0.183531 -0.089346 0.305882 0.305882 0.317647
v -0.145685 0.183762 -0.091151 0.305882 0.305882 0.317647
v -0.148393 0.183899 -0.092855 0.305882 0.305882 0.317647
v -0.150743 0.183550 -0.094255 0.305882 0.305882 0.317647
v -0.153365 0.183492 -0.095745 0.305882 0.305882 0.317647
v -0.155611 0.182948 -0.096921 0.305882 0.305882 0.317647
v -0.158129 0.182690 -0.098189 0.305882 0.305882 0.317647
v -0.160254 0.181947 -0.099136 0.305882 0.305882 0.317647
v -0.162652 0.181486 -0.100176 0.305882 0.305882 0.317647
v -0.164987 0.180923 -0.101100 0.305882 0.305882 0.317647
v -0.166904 0.179880 -0.101693 0.305882 0.305882 0.317647
v -0.169097 0.179114 -0.102380 0.305882 0.305882 0.317647
v -0.170857 0.177874 -0.102732 0.305882 0.305882 0.317647
v -0.172893 0.176908 -0.103177 0.305882 0.305882 0.317647
v -0.174484 0.175476 -0.103284 0.305882 0.305882 0.317647
v -0.176353 0.174315 -0.103485 0.305882 0.305882 0.317647
v -0.177765 0.172698 -0.103347 0.305882 0.305882 0.317647
v -0.179083 0.170993 -0.103085 0.305882 0.305882 0.317647
v -0.180680 0.169557 -0.102916 0.305882 0.305882 0.317647
v -0.181807 0.167681 -0.102409 0.305882 0.305882 0.317647
v -0.182835 0.165726 -0.101780 0.305882 0.305882 0.317647
v -0.183763 0.163696 -0.101031 0.305882 0.305882 0.317647
v -0.184976 0.161929 -0.100370 0.305882 0.305882 0.317647
v -0.185706 0.159753 -0.099379 0.305882 0.305882 0.317647
v -0.186336 0.157511 -0.098270 0.305882 0.305882 0.317647
v -0.186865 0.155208 -0.097045 0.305882 0.305882 0.317647
v -0.187684 0.153165 -0.095903 0.305882 0.305882 0.317647
v -0.188016 0.150747 -0.094445 0.305882 0.305882 0.317647
v -0.188251 0.148279 -0.092875 0.305882 0.305882 0.317647
v -0.188390 0.145767 -0.091195 0.305882 0.305882 0.317647
v -0.188435 0.143214 -0.089406 0.305882 0.305882 0.317647
v -0.188779 0.140917 -0.087692 0.305882 0.305882 0.317647
v -0.188642 0.138291 -0.085689 0.305882 0.305882 0.317647
v -0.188418 0.135639 -0.083584 0.305882 0.305882 0.317647
v -0.188110 0.132963 -0.081380 0.305882 0.305882 0.317647
v -0.187722 0.130269 -0.079078 0.305882 0.305882 0.317647
v -0.187256 0.127562 -0.076683 0.305882 0.305882 0.317647
v -0.186716 0.124844 -0.074197 0.305882 0.305882 0.317647
v -0.186107 0.122122 -0.071622 0.305882 0.305882 0.317647
v -0.185432 0.119399 -0.068962 0.305882 0.305882 0.317647
v -0.184697 0.116678 -0.066221 0.305882 0.305882 0.317647
v -0.183905 0.113965 -0.063400 0.305882 0.305882 0.317647
v -0.183061 0.111263 -0.060504 0.305882 0.305882 0.317647
v -0.182170 0.108576 -0.057537 0.305882 0.305882 0.317647
v -0.181238 0.105908 -0.054500 0.305882 0.305882 0.317647
v -0.180270 0.103262 -0.051399 0.305882 0.305882 0.317647
v -0.179270 0.100640 -0.048237 0.305882 0.301961 0.317647
v -0.178245 0.098048 -0.045018 0.305882 0.301961 0.317647
v -0.177200 0.095487 -0.041745 0.305882 0.301961 0.317647
v -0.176140 0.092960 -0.038423 0.305882 0.301961 0.317647
v -0.174709 0.090284 -0.034982 0.305882 0.301961 0.317647
v -0.173640 0.087839 -0.031580 0.305882 0.301961 0.317647
v -0.172573 0.085435 -0.028140 0.305882 0.301961 0.317647
v -0.171514 0.083075 -0.024667 0.305882 0.301961 0.317647
v -0.170469 0.080760 -0.021164 0.305882 0.301961 0.317647
v -0.169092 0.078329 -0.017601 0.305882 0.301961 0.317647
v -0.168093 0.076113 -0.014060 0.305882 0.301961 0.317647
v -0.167125 0.073946 -0.010503 0.305882 0.301961 0.317647
v -0.166192 0.071829 -0.006934 0.305882 0.301961 0.317647
v -0.165300 0.069762 -0.003357 0.305882 0.301961 0.317647
v -0.164453 0.067746 0.000224 0.305882 0.301961 0.317647
v -0.163657 0.065780 0.003804 0.305882 0.301961 0.317647
v -0.162917 0.063863 0.007379 0.305882 0.301961 0.317647
v -0.162237 0.061997 0.010945 0.305882 0.301961 0.317647
v -0.161620 0.060179 0.014498 0.305882 0.301961 0.317647
v -0.161073 0.058409 0.018033 0.305882 0.301961 0.317647
v -0.160597 0.056685 0.021546 0.305882 0.301961 0.317647
v -0.160197 0.055006 0.025034 0.305882 0.301961 0.317647
v -0.159544 0.053260 0.028432 0.305882 0.301961 0.317647
v -0.159307 0.051669 0.031848 0.305882 0.301961 0.317647
v -0.159154 0.050118 0.035227 0.305882 0.301961 0.317647
v -0.159088 0.048604 0.038563 0.305882 0.301961 0.317647
v -0.159113 0.047125 0.041854 0.305882 0.305882 0.317647
v -0.159229 0.045678 0.045094 0.305882 0.305882 0.317647
v -0.159437 0.044262 0.048281 0.305882 0.305882 0.317647
v -0.159741 0.042873 0.051411 0.305882 0.305882 0.317647
v -0.160139 0.041509 0.054480 0.305882 0.305882 0.317647
v -0.160634 0.040167 0.057484 0.305882 0.305882 0.317647
v -0.161560 0.038926 0.060546 0.305882 0.305882 0.317647
v -0.162249 0.037618 0.063416 0.305882 0.305882 0.317647
v -0.163033 0.036323 0.066211 0.305882 0.305882 0.317647
v -0.163912 0.035040 0.068927 0.305882 0.305882 0.317647
v -0.164886 0.033765 0.071562 0.305882 0.305882 0.317647
v -0.166296 0.032563 0.074266 0.305882 0.305882 0.317647
v -0.167456 0.031293 0.076732 0.305882 0.305882 0.317647
v -0.168704 0.030022 0.079108 0.305882 0.305882 0.317647
v -0.170039 0.028748 0.081390 0.305882 0.305882 0.317647
v -0.171458 0.027467 0.083574 0.305882 0.305882 0.317647
v -0.173316 0.026232 0.085838 0.305882 0.305882 0.317647
v -0.174897 0.024929 0.087826 0.305882 0.305882 0.317647
v -0.176551 0.023611 0.089709 0.305882 0.305882 0.317647
v -0.178276 0.022276 0.091486 0.305882 0.305882 0.317647
v -0.180066 0.020922 0.093154 0.305882 0.305882 0.317647
v -0.181918 0.019546 0.094712 0.305882 0.305882 0.317647
v -0.183828 0.018146 0.096157 0.305882 0.305882 0.317647
v -0.186173 0.016755 0.097689 0.305882 0.305882 0.317647
v -0.188185 0.015299 0.098906 0.305882 0.305882 0.317647
v -0.190239 0.013813 0.100006 0.305882 0.305882 0.317647
v -0.192329 0.012296 0.100986 0.305882 0.305882 0.317647
v -0.194449 0.010746 0.101847 0.305882 0.305882 0.317647
v -0.196594 0.009163 0.102586 0.305882 0.305882 0.317647
v -0.198758 0.007544 0.103204 0.305882 0.305882 0.317647
v -0.200935 0.005890 0.103699 0.305882 0.305882 0.317647
v -0.203119 0.004199 0.104070 0.305882 0.305882 0.317647
v -0.205302 0.002472 0.104318 0.305882 0.305882 0.317647
v -0.207480 0.000707 0.104442 0.305882 0.305882 0.317647
v -0.220464 -0.001151 0.109831 0.305882 0.305882 0.317647
v -0.222722 -0.003085 0.109700 0.305882 0.305882 0.317647
v -0.224954 -0.005058 0.109439 0.305882 0.305882 0.317647
v -0.227154 -0.007068 0.109047 0.305882 0.305882 0.317647
v -0.229314 -0.009116 0.108526 0.305882 0.305882 0.317647
v -0.230975 -0.011178 0.107665 0.305882 0.305882 0.317647
v -0.233034 -0.013292 0.106888 0.305882 0.305882 0.317647
v -0.235035 -0.015440 0.105985 0.305882 0.305882 0.317647
v -0.236972 -0.017620 0.104955 0.305882 0.305882 0.317647
v -0.238838 -0.019830 0.103801 0.305882 0.305882 0.317647
v -0.240629 -0.022068 0.102524 0.305882 0.305882 0.317647
v -0.242338 -0.024332 0.101125 0.305882 0.305882 0.317647
v -0.243480 -0.026567 0.099410 0.305882 0.305882 0.317647
v -0.245007 -0.028871 0.097775 0.305882 0.305882 0.317647
v -0.246437 -0.031193 0.096025 0.305882 0.305882 0.317647
v -0.247766 -0.033531 0.094160 0.305882 0.305882 0.317647
v -0.248988 -0.035882 0.092184 0.305882 0.305882 0.317647
v -0.250101 -0.038242 0.090098 0.305882 0.305882 0.317647
v -0.250605 -0.040529 0.087732 0.305882 0.305882 0.317647
v -0.251485 -0.042895 0.085439 0.305882 0.305882 0.317647
v -0.252244 -0.045261 0.083045 0.305882 0.305882 0.317647
v -0.252880 -0.047623 0.080552 0.305882 0.305882 0.317647
v -0.253391 -0.049979 0.077963 0.305882 0.305882 0.317647
v -0.253774 -0.052326 0.075282 0.305882 0.305882 0.317647
v -0.254028 -0.054659 0.072511 0.305882 0.305882 0.317647
v -0.253648 -0.056863 0.069517 0.305882 0.305882 0.317647
v -0.253639 -0.059155 0.066583 0.305882 0.305882 0.317647
v -0.253497 -0.061424 0.063570 0.305882 0.305882 0.317647
v -0.253222 -0.063666 0.060482 0.305882 0.301961 0.317647
v -0.252814 -0.065878 0.057322 0.305882 0.301961 0.317647
v -0.252273 -0.068058 0.054093 0.305882 0.301961 0.317647
v -0.251601 -0.070202 0.050800 0.305882 0.301961 0.317647
v -0.250798 -0.072306 0.047447 0.305882 0.301961 0.317647
v -0.249372 -0.074222 0.043950 0.305882 0.301961 0.317647
v -0.248314 -0.076237 0.040495 0.305882 0.301961 0.317647
v -0.247131 -0.078205 0.036991 0.305882 0.301961 0.317647
v -0.245826 -0.080123 0.033443 0.305882 0.301961 0.317647
v -0.244401 -0.081990 0.029855 0.305882 0.301961 0.317647
v -0.242859 -0.083804 0.026232 0.305882 0.301961 0.317647
v -0.240726 -0.085392 0.022533 0.305882 0.301961 0.317647
v -0.238964 -0.087090 0.018858 0.305882 0.301961 0.317647
v -0.237097 -0.088729 0.015161 0.305882 0.301961 0.317647
v -0.235129 -0.090309 0.011446 0.305882 0.301961 0.317647
v -0.233064 -0.091828 0.007716 0.305882 0.301961 0.317647
v -0.230448 -0.093100 0.003970 0.305882 0.301961 0.317647
v -0.228207 -0.094493 0.000234 0.305882 0.301961 0.317647
v -0.225885 -0.095823 -0.003503 0.305882 0.301961 0.317647
v -0.223485 -0.097091 -0.007236 0.305882 0.301961 0.317647
v -0.221015 -0.098297 -0.010961 0.305882 0.301961 0.317647
v -0.218043 -0.099242 -0.014644 0.305882 0.301961 0.317647
v -0.215451 -0.100321 -0.018331 0.305882 0.301961 0.317647
v -0.212805 -0.101340 -0.021997 0.305882 0.301961 0.317647
v -0.210110 -0.102299 -0.025637 0.305882 0.301961 0.317647
v -0.207372 -0.103199 -0.029247 0.305882 0.301961 0.317647
v -0.204598 -0.104042 -0.032822 0.305882 0.301961 0.317647
v -0.201793 -0.104829 -0.036359 0.305882 0.301961 0.317647
v -0.198964 -0.105562 -0.039852 0.305882 0.301961 0.317647
v -0.196115 -0.106244 -0.043298 0.305882 0.301961 0.317647
v -0.193254 -0.106876 -0.046693 0.305882 0.301961 0.317647
v -0.190386 -0.107461 -0.050033 0.305882 0.301961 0.317647
v -0.187517 -0.108001 -0.053313 0.305882 0.305882 0.317647
v -0.184652 -0.108499 -0.056530 0.305882 0.305882 0.317647
v -0.181798 -0.108958 -0.059679 0.305882 0.305882 0.317647
v -0.179317 -0.109600 -0.062883 0.305882 0.305882 0.317647
v -0.176494 -0.109993 -0.065893 0.305882 0.305882 0.317647
v -0.173697 -0.110356 -0.068825 0.305882 0.305882 0.317647
v -0.171272 -0.110914 -0.071817 0.305882 0.305882 0.317647
v -0.168538 -0.111231 -0.074587 0.305882 0.305882 0.317647
v -0.166175 -0.111752 -0.077421 0.305882 0.305882 0.317647
v -0.163522 -0.112039 -0.080016 0.305882 0.305882 0.317647
v -0.161238 -0.112538 -0.082678 0.305882 0.305882 0.317647
v -0.158684 -0.112811 -0.085084 0.305882 0.305882 0.317647
v -0.156497 -0.113307 -0.087561 0.305882 0.305882 0.317647
v -0.154058 -0.113583 -0.089765 0.305882 0.305882 0.317647
v -0.151982 -0.114092 -0.092044 0.305882 0.305882 0.317647
v -0.149965 -0.114615 -0.094222 0.305882 0.305882 0.317647
v -0.147719 -0.114930 -0.096106 0.305882 0.305882 0.317647
v -0.145833 -0.115494 -0.098068 0.305882 0.305882 0.317647
v -0.143731 -0.115859 -0.099725 0.305882 0.305882 0.317647
v -0.141984 -0.116482 -0.101462 0.305882 0.305882 0.317647
v -0.140033 -0.116913 -0.102882 0.305882 0.305882 0.317647
v -0.138434 -0.117613 -0.104385 0.305882 0.305882 0.317647
v -0.136640 -0.118128 -0.105561 0.305882 0.305882 0.317647
v -0.135192 -0.118922 -0.106821 0.305882 0.305882 0.317647
v -0.133820 -0.119771 -0.107958 0.305882 0.305882 0.317647
v -0.132265 -0.120443 -0.108758 0.305882 0.305882 0.317647
v -0.131047 -0.121410 -0.109642 0.305882 0.305882 0.317647
v -0.129904 -0.122442 -0.110398 0.305882 0.305882 0.317647
v -0.128587 -0.123304 -0.110810 0.305882 0.305882 0.317647
v -0.127596 -0.124476 -0.111306 0.305882 0.305882 0.317647
v -0.126433 -0.125480 -0.111455 0.305882 0.305882 0.317647
v -0.125588 -0.126803 -0.111687 0.305882 0.305882 0.317647
v -0.124814 -0.128206 -0.111787 0.305882 0.305882 0.317647
v -0.124107 -0.129692 -0.111753 0.305882 0.305882 0.317647
v -0.123704 -0.131515 -0.111800 0.305882 0.305882 0.317647
v -0.123360 -0.133429 -0.111710 0.305882 0.305882 0.317647
v -0.122840 -0.135180 -0.111271 0.305882 0.305882 0.317647
v -0.122146 -0.136760 -0.110487 0.305882 0.305882 0.317647
v -0.121740 -0.138687 -0.109780 0.305882 0.305882 0.317647
v -0.120924 -0.140170 -0.108526 0.305882 0.305882 0.317647
v -0.120619 -0.142272 -0.107556 0.305882 0.305882 0.317647
v -0.120129 -0.144189 -0.106251 0.305882 0.305882 0.317647
v -0.119681 -0.146188 -0.104820 0.305882 0.305882 0.317647
v -0.119497 -0.148550 -0.103461 0.305882 0.305882 0.317647
v -0.119118 -0.150714 -0.101780 0.305882 0.305882 0.317647
v -0.118768 -0.152954 -0.099977 0.305882 0.305882 0.317647
v -0.118442 -0.155270 -0.098056 0.305882 0.305882 0.317647
v -0.118136 -0.157657 -0.096018 0.305882 0.305882 0.317647
v -0.118068 -0.160418 -0.094044 0.305882 0.305882 0.317647
v -0.117786 -0.162946 -0.091775 0.305882 0.305882 0.317647
v -0.117509 -0.165537 -0.089398 0.305882 0.305882 0.317647
v -0.117233 -0.168187 -0.086914 0.305882 0.305882 0.317647
v -0.116954 -0.170892 -0.084326 0.305882 0.305882 0.317647
v -0.116888 -0.173977 -0.081793 0.305882 0.305882 0.317647
v -0.116588 -0.176785 -0.079003 0.305882 0.305882 0.317647
v -0.116270 -0.179634 -0.076118 0.305882 0.305882 0.317647
v -0.115931 -0.182520 -0.073143 0.305882 0.305882 0.317647
v -0.115567 -0.185439 -0.070081 0.305882 0.305882 0.317647
v -0.115391 -0.188740 -0.067062 0.305882 0.305882 0.317647
v -0.114963 -0.191713 -0.063831 0.305882 0.305882 0.317647
v -0.114498 -0.194701 -0.060524 0.305882 0.305882 0.317647
v -0.113992 -0.197700 -0.057145 0.305882 0.305882 0.317647
v -0.113657 -0.201084 -0.053799 0.305882 0.301961 0.317647
v -0.113058 -0.204093 -0.050282 0.305882 0.301961 0.317647
v -0.112410 -0.207096 -0.046705 0.305882 0.301961 0.317647
v -0.111709 -0.210086 -0.043073 0.305882 0.301961 0.317647
v -0.110952 -0.213059 -0.039389 0.305882 0.301961 0.317647
v -0.110137 -0.216007 -0.035659 0.305882 0.301961 0.317647
v -0.109262 -0.218925 -0.031887 0.305882 0.301961 0.317647
v -0.108325 -0.221806 -0.028077 0.305882 0.301961 0.317647
v -0.107326 -0.224646 -0.024234 0.305882 0.301961 0.317647
v -0.106261 -0.227437 -0.020363 0.305882 0.301961 0.317647
v -0.105131 -0.230174 -0.016467 0.305882 0.301961 0.317647
v -0.103935 -0.232851 -0.012553 0.305882 0.301961 0.317647
v -0.102672 -0.235462 -0.008623 0.305882 0.301961 0.317647
v -0.101341 -0.238001 -0.004684 0.305882 0.301961 0.317647
v -0.099943 -0.240463 -0.000740 0.305882 0.301961 0.317647
v -0.098478 -0.242842 0.003205 0.305882 0.301961 0.317647
v -0.096947 -0.245133 0.007146 0.305882 0.301961 0.317647
v -0.095350 -0.247331 0.011078 0.305882 0.301961 0.317647
v -0.093511 -0.248960 0.014969 0.305882 0.301961 0.317647
v -0.091789 -0.250952 0.018862 0.305882 0.301961 0.317647
v -0.090004 -0.252837 0.022733 0.305882 0.301961 0.317647
v -0.088159 -0.254609 0.026576 0.305882 0.301961 0.317647
v -0.086255 -0.256266 0.030388 0.305882 0.301961 0.317647
v -0.084135 -0.257317 0.034098 0.305882 0.301961 0.317647
v -0.082125 -0.258728 0.037826 0.305882 0.301961 0.317647
v -0.080062 -0.260014 0.041508 0.305882 0.301961 0.317647
v -0.077950 -0.261171 0.045141 0.305882 0.301961 0.317647
v -0.075791 -0.262196 0.048720 0.305882 0.301961 0.317647
v -0.073589 -0.263088 0.052241 0.305882 0.301961 0.317647
v -0.071210 -0.263346 0.055594 0.305882 0.301961 0.317647
v -0.068934 -0.263965 0.058981 0.305882 0.301961 0.317647
v -0.066623 -0.264447 0.062297 0.305882 0.301961 0.317647
v -0.064282 -0.264791 0.065539 0.305882 0.301961 0.317647
v -0.061795 -0.264495 0.068572 0.305882 0.305882 0.317647
v -0.059293 -0.264060 0.071513 0.305882 0.305882 0.317647
v -0.056888 -0.263991 0.074499 0.305882 0.305882 0.317647
v -0.054465 -0.263785 0.077396 0.305882 0.305882 0.317647
v -0.051930 -0.262943 0.080049 0.305882 0.305882 0.317647
v -0.049488 -0.262471 0.082754 0.305882 0.305882 0.317647
v -0.047040 -0.261868 0.085360 0.305882 0.305882 0.317647
v -0.044588 -0.261136 0.087865 0.305882 0.305882 0.317647
v -0.042056 -0.259782 0.090094 0.305882 0.305882 0.317647
v -0.039612 -0.258804 0.092383 0.305882 0.305882 0.317647
v -0.037104 -0.257214 0.094382 0.305882 0.305882 0.317647
v -0.034681 -0.256005 0.096445 0.305882 0.305882 0.317647
v -0.032271 -0.254684 0.098394 0.305882 0.305882 0.317647
v -0.029820 -0.252772 0.100034 0.305882 0.305882 0.317647
v -0.027449 -0.251246 0.101743 0.305882 0.305882 0.317647
v -0.025051 -0.249145 0.103134 0.305882 0.305882 0.317647
v -0.022730 -0.247434 0.104597 0.305882 0.305882 0.317647
v -0.020396 -0.245166 0.105732 0.305882 0.305882 0.317647
v -0.018133 -0.243293 0.106943 0.305882 0.305882 0.317647
v -0.015870 -0.240882 0.107819 0.305882 0.305882 0.317647
v -0.013648 -0.238410 0.108562 0.305882 0.305882 0.317647
v -0.011490 -0.236341 0.109385 0.305882 0.305882 0.317647
v -0.009349 -0.233764 0.109865 0.305882 0.305882 0.317647
v -0.007253 -0.231147 0.110212 0.305882 0.305882 0.317647
v -0.005212 -0.228940 0.110641 0.305882 0.305882 0.317647
v -0.003203 -0.226258 0.110723 0.305882 0.305882 0.317647
v -0.001240 -0.223556 0.110672 0.305882 0.305882 0.317647
v 0.000676 -0.220840 0.110490 0.305882 0.305882 0.317647
v 0.002545 -0.218119 0.110176 0.305882 0.305882 0.317647
v 0.004368 -0.215397 0.109732 0.305882 0.305882 0.317647
v 0.006157 -0.213101 0.109373 0.305882 0.305882 0.317647
v 0.007893 -0.210395 0.108671 0.305882 0.305882 0.317647
v 0.009584 -0.207710 0.107842 0.305882 0.305882 0.317647
v 0.011232 -0.205051 0.106887 0.305882 0.305882 0.317647
v 0.012837 -0.202424 0.105808 0.305882 0.305882 0.317647
v 0.014402 -0.199836 0.104608 0.305882 0.305882 0.317647
v 0.015928 -0.197292 0.103287 0.305882 0.305882 0.317647
v 0.017383 -0.194411 0.101645 0.305882 0.305882 0.317647
v 0.018834 -0.191976 0.100093 0.305882 0.305882 0.317647
v 0.020251 -0.189601 0.098427 0.305882 0.305882 0.317647
v 0.021638 -0.187291 0.096650 0.305882 0.305882 0.317647
v 0.022997 -0.185049 0.094765 0.305882 0.305882 0.317647
v 0.024281 -0.182514 0.092588 0.305882 0.305882 0.317647
v 0.025587 -0.180427 0.090498 0.305882 0.305882 0.317647
v 0.026874 -0.178420 0.088309 0.305882 0.305882 0.317647
v 0.028085 -0.176140 0.085848 0.305882 0.305882 0.317647
v 0.029336 -0.174308 0.083473 0.305882 0.305882 0.317647
v 0.030513 -0.172213 0.080843 0.305882 0.305882 0.317647
v 0.031740 -0.170564 0.078296 0.305882 0.305882 0.317647
v 0.032893 -0.168661 0.075511 0.305882 0.305882 0.317647
v 0.034109 -0.167202 0.072807 0.305882 0.305882 0.317647
v 0.035251 -0.165497 0.069883 0.305882 0.305882 0.317647
v 0.036391 -0.163891 0.066898 0.305882 0.305882 0.317647
v 0.037609 -0.162725 0.063989 0.305882 0.305882 0.317647
v 0.038755 -0.161319 0.060889 0.305882 0.305882 0.317647
v 0.039906 -0.160012 0.057740 0.305882 0.305882 0.317647
v 0.041066 -0.158803 0.054547 0.305882 0.305882 0.317647
v 0.042237 -0.157692 0.051315 0.305882 0.305882 0.317647
v 0.043513 -0.157010 0.048150 0.305882 0.305882 0.317647
v 0.044715 -0.156087 0.044846 0.305882 0.305882 0.317647
v 0.045935 -0.155257 0.041514 0.305882 0.305882 0.317647
v 0.047175 -0.154517 0.038160 0.305882 0.301961 0.317647
v 0.048436 -0.153864 0.034789 0.305882 0.301961 0.317647
v 0.049828 -0.153628 0.031472 0.305882 0.301961 0.317647
v 0.051140 -0.153141 0.028070 0.305882 0.301961 0.317647
v 0.052478 -0.152733 0.024664 0.305882 0.301961 0.317647
v 0.053842 -0.152401 0.021257 0.305882 0.301961 0.317647
v 0.055235 -0.152139 0.017853 0.305882 0.301961 0.317647
v 0.056656 -0.151946 0.014457 0.305882 0.301961 0.317647
v 0.058235 -0.152152 0.011097 0.305882 0.301961 0.317647
v 0.059718 -0.152082 0.007722 0.305882 0.301961 0.317647
v 0.061230 -0.152066 0.004367 0.305882 0.301961 0.317647
v 0.062772 -0.152100 0.001035 0.305882 0.301961 0.317647
v 0.064343 -0.152178 -0.002268 0.305882 0.301961 0.317647
v 0.066091 -0.152639 -0.005551 0.305882 0.301961 0.317647
v 0.067722 -0.152792 -0.008793 0.305882 0.301961 0.317647
v 0.069538 -0.153322 -0.012023 0.305882 0.301961 0.317647
v 0.071226 -0.153528 -0.015190 0.305882 0.301961 0.317647
v 0.073105 -0.154105 -0.018351 0.305882 0.301961 0.317647
v 0.074845 -0.154342 -0.021427 0.305882 0.301961 0.317647
v 0.076783 -0.154943 -0.024505 0.305882 0.301961 0.317647
v 0.078749 -0.155549 -0.027539 0.305882 0.301961 0.317647
v 0.080743 -0.156155 -0.030527 0.305882 0.301961 0.317647
v 0.082761 -0.156756 -0.033465 0.305882 0.301961 0.317647
v 0.084803 -0.157346 -0.036349 0.305882 0.301961 0.317647
v 0.086865 -0.157920 -0.039176 0.305882 0.301961 0.317647
v 0.088945 -0.158473 -0.041943 0.305882 0.301961 0.317647
v 0.091253 -0.159374 -0.044752 0.305882 0.305882 0.317647
v 0.093585 -0.160248 -0.047508 0.305882 0.305882 0.317647
v 0.095937 -0.161090 -0.050207 0.305882 0.305882 0.317647
v 0.098306 -0.161897 -0.052847 0.305882 0.305882 0.317647
v 0.100690 -0.162664 -0.055423 0.305882 0.305882 0.317647
v 0.103085 -0.163385 -0.057934 0.305882 0.305882 0.317647
v 0.105734 -0.164441 -0.060517 0.305882 0.305882 0.317647
v 0.108399 -0.165446 -0.063039 0.305882 0.305882 0.317647
v 0.111075 -0.166397 -0.065498 0.305882 0.305882 0.317647
v 0.113496 -0.166901 -0.067732 0.305882 0.305882 0.317647
v 0.116179 -0.167729 -0.070047 0.305882 0.305882 0.317647
v 0.118862 -0.168490 -0.072289 0.305882 0.305882 0.317647
v 0.121542 -0.169181 -0.074455 0.305882 0.305882 0.317647
v 0.124213 -0.169798 -0.076541 0.305882 0.305882 0.317647
v 0.126873 -0.170339 -0.078544 0.305882 0.305882 0.317647
v 0.129814 -0.171190 -0.080647 0.305882 0.305882 0.317647
v 0.132443 -0.171568 -0.082481 0.305882 0.305882 0.317647
v 0.134740 -0.171469 -0.084033 0.305882 0.305882 0.317647
v 0.137310 -0.171673 -0.085680 0.305882 0.305882 0.317647
v 0.139848 -0.171788 -0.087232 0.305882 0.305882 0.317647
v 0.142348 -0.171811 -0.088686 0.305882 0.305882 0.317647
v 0.144479 -0.171353 -0.089836 0.305882 0.305882 0.317647
v 0.146887 -0.171190 -0.091085 0.305882 0.305882 0.317647
v 0.149247 -0.170932 -0.092231 0.305882 0.305882 0.317647
v 0.151211 -0.170194 -0.093061 0.305882 0.305882 0.317647
v 0.153110 -0.169363 -0.093781 0.305882 0.305882 0.317647
v 0.155290 -0.168819 -0.094602 0.305882 0.305882 0.317647
v 0.157052 -0.167802 -0.095099 0.305882 0.305882 0.317647
v 0.159096 -0.167069 -0.095697 0.305882 0.305882 0.317647
v 0.160708 -0.165868 -0.095969 0.305882 0.305882 0.317647
v 0.162240 -0.164578 -0.096126 0.305882 0.305882 0.317647
v 0.163689 -0.163202 -0.096169 0.305882 0.305882 0.317647
v 0.165053 -0.161741 -0.096097 0.305882 0.305882 0.317647
v 0.166703 -0.160556 -0.096127 0.305882 0.305882 0.317647
v 0.167894 -0.158928 -0.095826 0.305882 0.305882 0.317647
v 0.168994 -0.157222 -0.095412 0.305882 0.305882 0.317647
v 0.170003 -0.155440 -0.094885 0.305882 0.305882 0.317647
v 0.170920 -0.153586 -0.094244 0.305882 0.305882 0.317647
v 0.172513 -0.152342 -0.093911 0.305882 0.305882 0.317647
v 0.185608 -0.161070 -0.099682 0.305882 0.305882 0.317647
v 0.215371 -0.183657 -0.114030 0.305882 0.305882 0.317647
v 0.217603 -0.182334 -0.113494 0.305882 0.305882 0.317647
v 0.218948 -0.180262 -0.112403 0.305882 0.305882 0.317647
v 0.219789 -0.177788 -0.110970 0.305882 0.305882 0.317647
v 0.220518 -0.175245 -0.109399 0.305882 0.305882 0.317647
v 0.221525 -0.172942 -0.107883 0.305882 0.305882 0.317647
v 0.222030 -0.170267 -0.106037 0.305882 0.305882 0.317647
v 0.222818 -0.167831 -0.104240 0.305882 0.305882 0.317647
v 0.223106 -0.165044 -0.102125 0.305882 0.305882 0.317647
v 0.223289 -0.162212 -0.099881 0.305882 0.305882 0.317647
v 0.223370 -0.159338 -0.097508 0.305882 0.305882 0.317647
v 0.223742 -0.156703 -0.095177 0.305882 0.305882 0.317647
v 0.223627 -0.153757 -0.092552 0.305882 0.305882 0.317647
v 0.223808 -0.151049 -0.089964 0.305882 0.305882 0.317647
v 0.223899 -0.148309 -0.087248 0.305882 0.305882 0.317647
v 0.223903 -0.145543 -0.084407 0.305882 0.305882 0.317647
v 0.223826 -0.142755 -0.081443 0.305882 0.305882 0.317647
v 0.223289 -0.139711 -0.078226 0.305882 0.305882 0.317647
v 0.222683 -0.136667 -0.074905 0.305882 0.305882 0.317647
v 0.222013 -0.133628 -0.071482 0.305882 0.305882 0.317647
v 0.220909 -0.130374 -0.067846 0.305882 0.305882 0.317647
v 0.220133 -0.127363 -0.064239 0.305882 0.305882 0.317647
v 0.218938 -0.124157 -0.060440 0.305882 0.301961 0.317647
v 0.218080 -0.121191 -0.056665 0.305882 0.301961 0.317647
v 0.216820 -0.118049 -0.052721 0.305882 0.301961 0.317647
v 0.215539 -0.114948 -0.048713 0.305882 0.301961 0.317647
v 0.214244 -0.111889 -0.044648 0.305882 0.301961 0.317647
v 0.212579 -0.108692 -0.040460 0.305882 0.301961 0.317647
v 0.210918 -0.105555 -0.036239 0.305882 0.301961 0.317647
v 0.209268 -0.102479 -0.031990 0.305882 0.301961 0.317647
v 0.183082 -0.087704 -0.024439 0.305882 0.301961 0.317647
v 0.140240 -0.065700 -0.015945 0.305882 0.301961 0.317647
v 0.138703 -0.063527 -0.012972 0.305882 0.301961 0.317647
v 0.137546 -0.061568 -0.010038 0.305882 0.301961 0.317647
v 0.136767 -0.059811 -0.007126 0.305882 0.301961 0.317647
v 0.136020 -0.058095 -0.004206 0.305882 0.301961 0.317647
v 0.135308 -0.056421 -0.001280 0.305882 0.301961 0.317647
v 0.134978 -0.054926 0.001650 0.305882 0.301961 0.317647
v 0.134347 -0.053330 0.004582 0.305882 0.301961 0.317647
v 0.133764 -0.051775 0.007508 0.305882 0.301961 0.317647
v 0.133232 -0.050260 0.010424 0.305882 0.301961 0.317647
v 0.132755 -0.048784 0.013328 0.305882 0.301961 0.317647
v 0.132670 -0.047468 0.016257 0.305882 0.301961 0.317647
v 0.132311 -0.046065 0.019133 0.305882 0.301961 0.317647
v 0.132349 -0.044812 0.022041 0.305882 0.301961 0.317647
v 0.132119 -0.043477 0.024875 0.305882 0.301961 0.317647
v 0.132291 -0.042282 0.027749 0.305882 0.301961 0.317647
v 0.132202 -0.041009 0.030526 0.305882 0.301961 0.317647
v 0.132518 -0.039866 0.033352 0.305882 0.301961 0.317647
v 0.132911 -0.038746 0.036151 0.305882 0.305882 0.317647
v 0.133381 -0.037645 0.038920 0.305882 0.305882 0.317647
v 0.133596 -0.036471 0.041553 0.305882 0.305882 0.317647
v 0.134226 -0.035408 0.044247 0.305882 0.305882 0.317647
v 0.134602 -0.034273 0.046785 0.305882 0.305882 0.317647
v 0.135395 -0.033238 0.049390 0.305882 0.305882 0.317647
v 0.135934 -0.032134 0.051819 0.305882 0.305882 0.317647
v 0.136893 -0.031119 0.054322 0.305882 0.305882 0.317647
v 0.137594 -0.030034 0.056632 0.305882 0.305882 0.317647
v 0.138718 -0.029030 0.059020 0.305882 0.305882 0.317647
v 0.139925 -0.028026 0.061349 0.305882 0.305882 0.317647
v 0.140867 -0.026953 0.063460 0.305882 0.305882 0.317647
v 0.141884 -0.025881 0.065495 0.305882 0.305882 0.317647
v 0.143328 -0.024869 0.067619 0.305882 0.305882 0.317647
v 0.144495 -0.023788 0.069500 0.305882 0.305882 0.317647
v 0.146090 -0.022757 0.071475 0.305882 0.305882 0.317647
v 0.147396 -0.021659 0.073194 0.305882 0.305882 0.317647
v 0.148767 -0.020549 0.074826 0.305882 0.305882 0.317647
v 0.150567 -0.019474 0.076556 0.305882 0.305882 0.317647
v 0.152060 -0.018334 0.078011 0.305882 0.305882 0.317647
v 0.153607 -0.017175 0.079374 0.305882 0.305882 0.317647
v 0.155584 -0.016037 0.080840 0.305882 0.305882 0.317647
v 0.157232 -0.014835 0.082016 0.305882 0.305882 0.317647
v 0.158921 -0.013611 0.083094 0.305882 0.305882 0.317647
v 0.160648 -0.012362 0.084073 0.305882 0.305882 0.317647
v 0.162409 -0.011087 0.084952 0.305882 0.305882 0.317647
v 0.164197 -0.009786 0.085730 0.305882 0.305882 0.317647
v 0.166009 -0.008456 0.086407 0.305882 0.305882 0.317647
v 0.167839 -0.007096 0.086980 0.305882 0.305882 0.317647
v 0.169683 -0.005707 0.087450 0.305882 0.305882 0.317647
v 0.171535 -0.004287 0.087816 0.305882 0.305882 0.317647
v 0.173390 -0.002836 0.088078 0.305882 0.305882 0.317647
v 0.175242 -0.001353 0.088235 0.305882 0.305882 0.317647
f 542 649 539
f 537 649 539
f 537 535 649
f 276 275 278
f 540 542 539
f 545 649 546
f 545 542 649
f 678 40 679
f 132 101 41
f 534 380 381
f 54 53 42
f 51 42 50
f 44 45 677
f 274 276 278
f 274 276 275
f 538 540 590
f 538 602 537
f 655 545 664
f 8 678 9
f 77 678 672
f 77 678 78
f 77 101 78
f 674 8 9
f 628 494 495
f 628 504 505
f 509 628 510
f 532 534 381
f 379 534 380
f 379 534 535
f 681 77 78
f 617 678 679
f 99 101 41
f 99 101 78
f 133 134 40
f 133 132 40
f 133 134 42
f 133 132 42
f 104 132 101
f 104 77 101
f 104 77 101
f 417 494 418
f 61 678 62
f 52 53 42
f 52 51 42
f 277 274 276
f 277 274 278
f 663 664 649
f 663 628 664
f 663 44 664
f 663 44 45
f 663 646 664
f 663 51 664
f 663 77 78
f 663 52 51
f 663 52 53
f 663 54 53
f 663 65 67
f 663 61 664
f 653 655 545
f 653 655 44
f 653 655 51
f 653 52 655
f 653 52 655
f 653 655 54
f 653 61 655
f 653 65 655
f 653 70 655
f 653 655 649
f 7 674 6
f 7 674 8
f 7 678 6
f 7 8 678
f 7 698 678
f 7 698 8
f 63 678 62
f 63 663 664
f 63 653 655
f 66 65 67
f 69 674 70
f 676 66 65
f 676 63 62
f 676 61 62
f 676 54 53
f 676 52 53
f 676 52 51
f 676 51 50
f 676 44 45
f 676 44 677
f 645 646 679
f 507 628 505
f 530 532 533
f 526 527 524
f 526 388 387
f 526 386 387
f 526 386 527
f 526 386 527
f 518 519 516
f 385 527 528
f 385 386 527
f 385 386 527
f 389 391 388
f 178 177 8
f 47 48 42
f 47 676 48
f 142 47 48
f 680 678 40
f 680 681 678
f 680 40 679
f 680 681 40
f 680 681 77
f 680 77 78
f 680 681 77
f 685 678 590
f 685 34 678
f 685 686 40
f 618 678 646
f 618 617 678
f 618 645 646
f 618 676 617
f 616 678 615
f 616 617 678
f 616 676 615
f 616 676 678
f 616 676 617
f 616 676 590
f 616 618 676
f 616 527 528
f 616 530 528
f 616 526 527
f 616 530 532
f 616 526 524
f 616 532 615
f 616 618 526
f 616 535 615
f 616 519 520
f 616 537 535
f 616 618 519
f 616 545 615
f 616 518 519
f 616 537 539
f 616 618 518
f 616 540 539
f 616 618 518
f 616 540 542
f 616 515 516
f 616 618 515
f 616 515 514
f 616 618 515
f 616 513 514
f 616 618 513
f 616 509 510
f 616 618 509
f 616 618 507
f 616 504 505
f 616 618 504
f 616 494 615
f 616 618 494
f 715 712 678
f 715 718 678
f 715 718 712
f 197 196 721
f 541 391 386
f 541 385 386
f 541 379 538
f 541 538 540
f 541 379 538
f 400 513 399
f 394 518 519
f 407 504 505
f 690 29 678
f 80 93 99
f 80 678 646
f 80 670 678
f 80 663 646
f 73 653 655
f 599 602 540
f 599 602 540
f 599 538 602
f 599 538 602
f 599 534 602
f 599 534 602
f 599 532 602
f 599 527 602
f 599 518 519
f 599 526 527
f 599 519 602
f 493 417 414
f 493 628 492
f 493 628 494
f 493 417 492
f 493 417 494
f 493 616 618
f 493 616 618
f 493 616 492
f 493 616 494
f 416 414 494
f 416 417 494
f 416 493 414
f 416 493 417
f 416 493 417
f 662 663 655
f 662 663 649
f 662 628 661
f 662 663 628
f 662 663 44
f 662 44 661
f 662 663 44
f 662 661 646
f 662 663 646
f 662 80 661
f 662 80 663
f 662 51 661
f 662 663 51
f 662 52 51
f 662 663 52
f 662 77 661
f 662 663 77
f 662 52 661
f 662 663 52
f 662 54 661
f 662 663 54
f 662 73 661
f 662 61 661
f 662 663 61
f 662 63 661
f 662 63 663
f 662 65 661
f 662 663 65
f 651 653 61
f 651 653 61
f 651 63 653
f 651 653 65
f 651 653 70
f 651 653 77
f 651 653 77
f 654 77 655
f 654 653 655
f 654 653 77
f 654 77 655
f 654 653 77
f 654 83 655
f 654 653 655
f 660 65 661
f 660 73 661
f 660 77 661
f 660 661 646
f 667 623 562
f 667 668 51
f 667 634 668
f 667 52 668
f 667 668 646
f 667 52 668
f 667 668 54
f 667 668 77
f 667 61 668
f 667 63 668
f 667 66 668
f 667 69 668
f 667 66 668
f 561 676 560
f 561 676 562
f 561 667 560
f 561 667 562
f 561 623 562
f 561 357 358
f 569 715 718
f 625 645 623
f 58 678 42
f 58 132 42
f 636 634 668
f 636 634 647
f 631 667 668
f 631 667 634
f 631 663 628
f 631 667 634
f 631 663 664
f 631 662 663
f 631 662 663
f 631 662 628
f 631 662 661
f 631 660 661
f 631 628 661
f 631 660 661
f 631 634 647
f 511 616 510
f 511 599 509
f 511 403 509
f 511 403 509
f 402 511 401
f 402 511 403
f 402 403 509
f 506 616 505
f 506 616 507
f 506 616 507
f 506 599 504
f 506 507 505
f 508 616 509
f 508 616 507
f 508 616 618
f 508 616 618
f 508 509 628
f 508 507 628
f 508 507 505
f 508 403 505
f 508 507 505
f 508 403 509
f 497 498 628
f 497 412 498
f 497 412 498
f 497 616 618
f 497 498 413
f 497 616 498
f 497 416 498
f 497 498 417
f 499 500 628
f 499 498 628
f 499 412 498
f 499 412 413
f 499 412 498
f 499 616 618
f 499 616 618
f 499 413 500
f 499 498 413
f 499 616 500
f 499 616 498
f 499 416 500
f 499 416 498
f 503 628 504
f 503 502 628
f 503 616 618
f 503 616 618
f 503 616 504
f 503 616 502
f 501 500 628
f 501 502 628
f 501 616 618
f 501 616 618
f 501 412 413
f 501 412 502
f 501 616 500
f 501 616 502
f 382 530 532
f 382 532 534
f 529 599 602
f 529 599 530
f 529 386 527
f 529 526 527
f 529 385 386
f 529 386 527
f 529 526 527
f 529 530 528
f 529 526 388
f 529 526 391
f 531 599 532
f 531 599 530
f 531 532 534
f 531 529 385
f 531 382 530
f 531 382 530
f 531 385 386
f 531 529 386
f 531 386 534
f 531 391 534
f 531 391 388
f 531 529 388
f 531 529 391
f 531 392 541
f 517 616 516
f 517 616 518
f 517 616 518
f 517 599 518
f 517 599 515
f 517 515 399
f 517 400 399
f 517 513 514
f 517 400 513
f 517 400 513
f 517 561 513
f 543 599 602
f 543 599 602
f 543 616 542
f 543 616 545
f 181 183 196
f 181 197 196
f 181 197 183
f 195 183 196
f 166 197 169
f 174 197 169
f 157 160 44
f 157 160 159
f 131 133 134
f 131 133 132
f 131 58 132
f 46 47 42
f 46 42 677
f 46 45 677
f 46 45 42
f 46 676 45
f 46 47 676
f 46 653 655
f 46 653 655
f 46 662 661
f 46 662 47
f 46 662 663
f 46 662 47
f 46 663 45
f 46 47 663
f 49 42 50
f 49 48 42
f 49 676 50
f 49 676 48
f 49 663 664
f 49 47 663
f 49 662 663
f 49 662 47
f 49 662 661
f 49 662 47
f 619 618 645
f 619 618 645
f 619 618 678
f 619 493 618
f 619 618 676
f 619 616 618
f 619 493 618
f 619 618 494
f 619 561 616
f 619 497 618
f 619 499 618
f 619 499 618
f 619 616 545
f 619 501 618
f 619 543 616
f 619 501 618
f 619 543 616
f 619 503 618
f 619 616 540
f 619 503 618
f 619 616 540
f 619 618 504
f 619 616 537
f 619 618 507
f 619 616 537
f 619 508 618
f 619 616 535
f 619 508 618
f 619 616 532
f 619 618 509
f 619 616 530
f 619 616 530
f 619 616 527
f 619 618 513
f 619 616 526
f 619 616 618
f 619 618 515
f 619 618 526
f 619 618 515
f 619 618 518
f 619 618 519
f 619 618 518
f 675 616 676
f 675 616 618
f 675 616 618
f 675 619 618
f 675 619 618
f 675 619 676
f 675 69 674
f 675 674 678
f 675 561 562
f 675 561 676
f 675 561 674
f 675 561 676
f 675 66 678
f 675 676 66
f 675 66 674
f 675 66 674
f 675 676 66
f 675 676 677
f 675 63 674
f 675 676 63
f 675 674 44
f 675 676 44
f 675 61 674
f 675 676 61
f 675 674 44
f 675 676 44
f 675 46 674
f 675 46 676
f 675 46 47
f 675 46 47
f 675 674 54
f 675 676 54
f 675 47 674
f 675 47 676
f 675 52 674
f 675 676 52
f 675 49 674
f 675 49 676
f 675 52 674
f 675 676 52
f 675 49 674
f 675 49 676
f 675 674 51
f 675 676 51
f 28 678 27
f 28 29 678
f 28 27 677
f 28 29 155
f 28 157 27
f 30 28 678
f 30 28 29
f 30 28 677
f 30 42 677
f 30 28 29
f 190 166 169
f 720 721 678
f 720 718 721
f 720 561 721
f 720 561 721
f 720 196 721
f 720 197 196
f 717 561 718
f 717 720 29
f 200 717 199
f 200 166 169
f 200 174 169
f 200 181 183
f 200 195 196
f 200 197 196
f 342 344 417
f 342 416 344
f 342 402 344
f 700 7 698
f 707 718 712
f 544 392 541
f 544 543 545
f 556 191 357
f 395 544 394
f 395 394 518
f 395 394 518
f 395 517 396
f 395 517 518
f 395 517 518
f 393 544 392
f 393 544 394
f 393 531 392
f 393 392 520
f 408 506 407
f 408 407 504
f 408 506 504
f 408 506 504
f 408 503 504
f 408 503 407
f 408 503 502
f 406 342 407
f 406 508 511
f 406 508 407
f 406 506 507
f 406 506 407
f 406 407 505
f 406 506 505
f 406 506 407
f 691 690 40
f 691 99 41
f 691 99 101
f 691 132 101
f 92 93 686
f 92 93 680
f 92 93 680
f 92 274 275
f 92 93 274
f 92 93 274
f 688 690 29
f 130 46 47
f 130 49 47
f 130 49 47
f 130 49 42
f 130 51 42
f 130 52 51
f 130 52 53
f 130 54 53
f 79 99 101
f 79 80 99
f 79 104 101
f 79 80 104
f 79 99 78
f 79 80 99
f 79 681 78
f 79 680 681
f 79 80 680
f 79 680 78
f 79 80 680
f 79 651 653
f 79 678 78
f 79 80 678
f 79 654 653
f 79 670 678
f 79 80 670
f 79 654 655
f 79 667 668
f 79 80 670
f 79 667 668
f 79 660 661
f 79 660 80
f 79 663 78
f 79 80 663
f 79 662 661
f 79 662 80
f 79 662 663
f 79 662 80
f 82 80 99
f 82 80 93
f 82 80 93
f 82 92 93
f 82 80 680
f 82 80 680
f 82 80 646
f 82 83 646
f 82 658 83
f 74 73 679
f 74 680 679
f 74 73 678
f 74 667 668
f 74 667 73
f 74 663 664
f 74 73 663
f 74 662 663
f 74 662 73
f 74 662 73
f 71 69 679
f 71 69 678
f 71 69 70
f 71 674 70
f 71 651 653
f 71 653 70
f 71 667 668
f 71 663 70
f 71 660 70
f 71 662 663
f 71 662 70
f 254 252 197
f 254 252 195
f 254 252 191
f 254 252 157
f 254 103 255
f 271 275 278
f 271 195 275
f 271 195 269
f 292 416 417
f 292 406 407
f 303 417 304
f 303 416 417
f 303 413 414
f 303 412 413
f 303 408 304
f 303 379 304
f 303 408 407
f 303 304 380
f 303 406 407
f 303 382 304
f 303 406 304
f 303 382 304
f 303 403 304
f 303 385 304
f 303 402 403
f 303 385 386
f 303 402 304
f 303 386 304
f 303 400 304
f 303 388 304
f 303 389 388
f 303 389 304
f 303 395 304
f 303 392 304
f 303 395 394
f 303 393 392
f 303 393 394
f 286 417 414
f 286 269 284
f 286 195 275
f 282 270 271
f 282 271 275
f 282 271 269
f 282 286 275
f 282 286 269
f 595 596 678
f 595 680 596
f 595 680 596
f 595 545 590
f 595 493 596
f 595 493 596
f 595 596 494
f 595 497 498
f 595 499 498
f 595 501 593
f 595 532 534
f 595 501 593
f 595 503 593
f 595 503 593
f 595 506 593
f 595 506 593
f 595 508 593
f 595 508 593
f 595 511 593
f 595 593 513
f 597 596 678
f 597 680 596
f 597 595 596
f 597 599 678
f 597 595 678
f 597 595 590
f 597 599 513
f 597 595 513
f 597 599 515
f 597 595 515
f 597 676 590
f 597 599 676
f 597 517 599
f 597 595 517
f 597 676 590
f 597 511 599
f 597 595 511
f 597 517 599
f 597 595 517
f 597 493 596
f 597 508 599
f 597 595 508
f 597 599 518
f 597 595 518
f 597 493 596
f 597 508 599
f 597 595 508
f 597 596 494
f 597 599 545
f 597 595 545
f 597 506 599
f 597 595 506
f 597 543 599
f 597 595 543
f 597 506 599
f 597 595 506
f 597 497 498
f 597 543 599
f 597 595 543
f 597 503 599
f 597 595 503
f 597 599 526
f 597 595 526
f 597 499 498
f 597 499 599
f 597 599 540
f 597 503 599
f 597 595 503
f 597 595 529
f 597 499 599
f 597 541 540
f 597 595 541
f 597 595 541
f 597 599 540
f 597 595 540
f 597 501 599
f 597 595 501
f 597 599 527
f 597 529 527
f 597 529 599
f 597 595 531
f 597 501 599
f 597 595 499
f 597 595 499
f 597 599 538
f 597 595 538
f 597 595 501
f 597 529 599
f 597 531 599
f 597 531 529
f 597 531 599
f 597 595 531
f 597 599 538
f 597 595 538
f 597 599 532
f 597 595 532
f 597 599 534
f 597 595 534
f 597 599 534
f 597 595 534
f 600 456 680
f 600 599 678
f 600 493 599
f 600 493 599
f 600 599 494
f 398 303 400
f 398 292 400
f 398 400 513
f 398 400 401
f 398 513 399
f 398 515 399
f 398 517 515
f 315 406 314
f 315 408 314
f 315 408 314
f 315 314 412
f 315 314 413
f 315 314 416
f 315 314 417
f 454 277 274
f 454 277 274
f 222 691 132
f 657 658 647
f 657 658 83
f 657 82 658
f 657 79 80
f 657 79 658
f 657 658 77
f 657 658 77
f 657 73 658
f 657 71 658
f 659 662 663
f 659 662 663
f 659 663 655
f 659 662 44
f 659 662 44
f 659 662 655
f 659 662 649
f 659 662 661
f 659 657 658
f 659 657 44
f 659 44 661
f 659 660 661
f 659 657 46
f 659 46 661
f 659 658 647
f 659 657 46
f 659 46 47
f 659 631 647
f 659 631 660
f 659 631 660
f 659 46 47
f 659 657 51
f 659 49 47
f 659 657 52
f 659 49 661
f 659 49 47
f 659 79 80
f 659 79 660
f 659 51 661
f 659 657 52
f 659 79 658
f 659 79 660
f 659 52 51
f 659 657 54
f 659 658 77
f 659 660 77
f 659 52 661
f 659 658 77
f 659 54 661
f 659 657 61
f 659 73 658
f 659 660 73
f 659 657 63
f 659 61 661
f 659 71 658
f 659 71 660
f 659 63 661
f 659 657 65
f 659 657 658
f 659 660 65
f 659 660 65
f 650 647 649
f 650 651 647
f 650 653 649
f 650 651 653
f 650 653 655
f 650 663 664
f 650 663 655
f 650 663 655
f 650 545 649
f 650 653 545
f 650 79 651
f 650 545 542
f 650 78 75
f 650 77 78
f 650 651 77
f 650 651 77
f 650 71 651
f 650 651 70
f 650 651 65
f 650 651 63
f 650 651 61
f 671 667 7
f 671 7 674
f 671 667 8
f 671 674 8
f 671 7 674
f 671 674 672
f 671 674 6
f 671 44 672
f 671 44 672
f 671 46 672
f 671 46 47
f 671 561 562
f 671 561 672
f 671 47 672
f 671 47 670
f 671 49 672
f 671 49 670
f 671 49 672
f 671 49 670
f 671 670 628
f 671 51 672
f 671 670 51
f 671 678 672
f 671 670 678
f 671 52 51
f 671 670 52
f 671 678 672
f 671 670 678
f 671 52 672
f 671 670 52
f 671 77 672
f 671 670 77
f 671 54 672
f 671 670 54
f 671 74 73
f 671 74 73
f 671 61 672
f 671 670 61
f 671 63 672
f 671 670 63
f 671 71 70
f 671 71 670
f 671 69 70
f 671 670 69
f 671 66 65
f 671 670 66
f 671 66 672
f 671 670 66
f 666 667 44
f 666 667 44
f 666 46 667
f 666 46 667
f 666 49 667
f 666 49 667
f 666 667 51
f 666 667 52
f 666 667 52
f 666 667 54
f 666 667 61
f 666 667 63
f 666 667 66
f 666 667 66
f 666 667 69
f 666 71 667
f 666 74 667
f 666 74 667
f 666 667 77
f 666 79 667
f 666 79 667
f 666 667 646
f 666 631 667
f 666 631 667
f 666 556 649
f 567 569 676
f 567 569 718
f 567 675 569
f 567 675 569
f 567 715 714
f 567 671 623
f 567 619 569
f 567 619 569
f 567 569 616
f 567 544 569
f 567 517 514
f 567 513 514
f 573 493 575
f 573 575 494
f 573 493 575
f 573 497 498
f 573 499 498
f 573 499 575
f 573 501 575
f 573 501 502
f 573 503 502
f 574 575 678
f 574 531 575
f 574 531 529
f 574 517 575
f 574 513 575
f 574 508 511
f 574 573 508
f 574 508 507
f 574 573 508
f 574 506 507
f 574 573 506
f 574 503 506
f 574 573 503
f 574 573 503
f 713 567 714
f 713 29 714
f 571 574 616
f 571 675 569
f 571 574 675
f 571 569 616
f 571 574 616
f 571 675 569
f 571 574 675
f 571 569 676
f 571 574 676
f 571 567 569
f 571 567 597
f 571 574 597
f 571 569 715
f 571 715 712
f 571 713 715
f 571 574 531
f 571 531 569
f 571 574 531
f 571 574 541
f 571 544 569
f 571 574 544
f 587 678 590
f 587 515 514
f 587 517 515
f 587 517 515
f 587 517 518
f 587 529 526
f 587 531 529
f 626 625 672
f 626 625 645
f 624 625 623
f 624 671 623
f 624 626 625
f 624 626 671
f 624 671 670
f 624 626 671
f 624 513 623
f 624 623 509
f 624 515 623
f 624 626 509
f 624 667 623
f 624 666 667
f 624 508 623
f 624 515 623
f 624 626 508
f 624 508 507
f 624 518 623
f 624 626 508
f 624 507 623
f 624 518 623
f 624 626 507
f 624 530 532
f 624 530 623
f 624 530 528
f 624 530 623
f 624 623 504
f 624 623 519
f 624 626 504
f 624 532 533
f 624 623 532
f 624 527 528
f 624 623 527
f 624 503 623
f 624 626 503
f 624 535 533
f 624 623 535
f 624 526 527
f 624 526 623
f 624 503 502
f 624 526 623
f 624 626 503
f 624 537 535
f 624 623 537
f 624 526 524
f 624 501 502
f 624 626 501
f 624 537 539
f 624 623 537
f 624 501 623
f 624 626 501
f 624 540 539
f 624 623 540
f 624 499 623
f 624 626 499
f 624 540 542
f 624 623 540
f 624 499 498
f 624 626 499
f 624 545 542
f 624 623 545
f 624 497 498
f 624 626 497
f 624 545 546
f 624 623 545
f 624 623 494
f 624 626 494
f 624 493 623
f 624 626 493
f 624 493 623
f 624 626 493
f 60 667 61
f 60 671 670
f 60 666 667
f 60 671 61
f 60 663 61
f 60 675 61
f 60 675 676
f 60 676 61
f 60 61 678
f 60 63 678
f 60 63 132
f 60 61 678
f 60 63 678
f 57 659 657
f 57 659 657
f 57 659 61
f 57 131 58
f 57 653 655
f 57 653 61
f 57 653 61
f 57 662 61
f 57 58 42
f 57 662 663
f 57 60 663
f 57 58 676
f 57 60 663
f 57 675 58
f 57 675 58
f 57 60 58
f 57 60 666
f 57 58 667
f 57 671 58
f 57 671 58
f 641 668 646
f 641 636 668
f 635 634 645
f 635 636 634
f 630 631 668
f 630 631 670
f 630 631 645
f 630 631 628
f 632 631 645
f 632 630 631
f 632 631 634
f 512 616 513
f 512 511 616
f 512 616 618
f 512 597 599
f 512 597 511
f 512 619 618
f 512 616 618
f 512 511 616
f 512 597 595
f 512 597 595
f 512 619 618
f 512 595 593
f 512 595 511
f 512 624 623
f 512 624 513
f 512 398 513
f 512 398 400
f 512 398 400
f 512 400 401
f 512 511 401
f 512 400 513
f 512 402 513
f 512 402 511
f 512 628 510
f 512 513 510
f 512 574 513
f 512 574 511
f 512 574 573
f 512 574 573
f 512 561 513
f 512 511 561
f 496 628 495
f 496 497 628
f 496 624 626
f 496 624 626
f 496 624 623
f 496 624 497
f 496 497 412
f 496 619 618
f 496 619 497
f 496 413 414
f 496 497 413
f 496 616 618
f 496 497 616
f 496 416 414
f 496 616 615
f 496 497 616
f 496 416 417
f 496 497 416
f 496 417 418
f 496 497 417
f 496 600 599
f 496 573 575
f 496 573 497
f 496 597 596
f 496 597 497
f 496 595 596
f 496 595 497
f 319 389 391
f 316 382 317
f 316 382 314
f 316 317 380
f 316 314 380
f 316 382 317
f 316 382 314
f 316 317 379
f 316 314 379
f 316 317 379
f 316 314 379
f 316 385 317
f 316 314 385
f 316 317 386
f 316 314 386
f 316 317 388
f 316 314 388
f 316 389 317
f 316 314 389
f 316 389 317
f 316 314 389
f 316 317 391
f 316 314 391
f 316 392 317
f 316 314 392
f 316 393 392
f 316 393 314
f 316 393 394
f 316 393 314
f 316 395 394
f 316 395 314
f 316 395 317
f 316 395 314
f 316 398 317
f 316 398 314
f 316 400 317
f 316 314 400
f 316 400 317
f 316 314 400
f 316 402 317
f 316 402 314
f 316 317 417
f 316 315 417
f 316 402 403
f 316 402 314
f 316 416 317
f 316 315 416
f 316 403 317
f 316 314 403
f 316 317 413
f 316 315 413
f 316 406 407
f 316 315 406
f 316 412 317
f 316 315 412
f 316 408 407
f 316 315 408
f 316 408 317
f 316 315 408
f 372 541 540
f 372 370 540
f 372 543 541
f 372 370 540
f 372 370 314
f 369 370 543
f 369 544 543
f 369 544 370
f 369 370 314
f 369 303 370
f 26 27 677
f 26 29 155
f 26 157 27
f 26 157 159
f 26 678 27
f 26 690 678
f 26 690 29
f 26 696 29
f 185 184 183
f 185 195 183
f 185 190 183
f 185 190 195
f 185 200 183
f 185 200 195
f 185 197 183
f 185 195 183
f 185 195 197
f 12 674 9
f 12 671 674
f 12 671 674
f 12 667 9
f 12 671 667
f 12 671 667
f 179 177 8
f 179 178 177
f 179 178 7
f 179 181 7
f 5 181 183
f 5 181 183
f 5 185 183
f 5 674 6
f 5 678 6
f 5 4 678
f 5 698 678
f 5 698 4
f 5 700 698
f 5 700 698
f 5 707 704
f 353 717 561
f 353 717 561
f 551 666 667
f 548 5 674
f 548 551 667
f 548 650 655
f 548 551 650
f 548 551 650
f 548 551 649
f 548 551 624
f 548 551 624
f 548 571 544
f 548 551 619
f 548 551 616
f 548 551 595
f 548 551 597
f 548 551 597
f 210 209 166
f 210 179 209
f 210 209 181
f 210 209 184
f 210 191 209
f 210 209 195
f 210 200 209
f 210 209 197
f 207 197 196
f 207 195 196
f 207 191 195
f 207 200 199
f 207 185 183
f 207 185 184
f 207 181 183
f 207 179 181
f 207 166 169
f 207 133 134
f 207 133 132
f 207 210 209
f 39 685 686
f 39 688 690
f 39 683 678
f 39 683 685
f 39 683 685
f 39 691 690
f 39 678 42
f 39 678 40
f 39 694 40
f 39 717 714
f 39 714 711
f 36 685 34
f 36 37 685
f 36 685 34
f 36 37 685
f 36 688 690
f 36 688 37
f 36 37 678
f 36 717 37
f 36 717 720
f 36 37 714
f 36 720 37
f 36 37 197
f 673 619 616
f 673 571 616
f 673 619 569
f 673 619 569
f 673 571 569
f 673 571 569
f 673 624 623
f 673 567 569
f 673 567 569
f 673 624 623
f 673 678 672
f 673 674 678
f 673 625 672
f 673 624 625
f 673 624 625
f 673 561 562
f 673 561 562
f 673 561 672
f 673 561 674
f 673 74 678
f 673 74 73
f 673 74 73
f 673 71 70
f 673 71 674
f 673 69 70
f 673 69 674
f 673 66 672
f 673 66 674
f 673 66 65
f 673 66 674
f 673 63 672
f 673 63 674
f 673 61 672
f 673 61 674
f 673 60 61
f 673 60 61
f 673 57 58
f 673 57 58
f 673 54 672
f 673 674 54
f 673 52 672
f 673 52 674
f 673 52 51
f 673 52 674
f 673 51 672
f 673 674 51
f 673 49 672
f 673 49 674
f 673 49 672
f 673 49 674
f 673 47 672
f 673 47 674
f 673 46 47
f 673 46 47
f 673 46 672
f 673 46 674
f 673 44 672
f 673 674 44
f 673 44 672
f 673 674 672
f 673 674 44
f 521 619 618
f 521 616 618
f 521 616 520
f 521 624 623
f 521 520 524
f 521 624 520
f 521 599 602
f 521 599 519
f 521 597 599
f 521 597 595
f 521 393 519
f 521 393 394
f 521 393 392
f 521 392 520
f 521 392 391
f 521 389 520
f 521 389 520
f 621 673 623
f 621 675 678
f 621 493 623
f 621 493 623
f 621 623 494
f 621 496 623
f 621 496 497
f 621 497 498
f 621 499 498
f 621 499 623
f 621 501 623
f 621 501 502
f 621 503 502
f 621 503 623
f 621 623 504
f 621 507 623
f 621 508 507
f 621 508 623
f 621 623 509
f 621 512 623
f 621 512 513
f 621 513 623
f 621 515 623
f 621 515 623
f 621 518 623
f 621 518 623
f 621 623 519
f 621 521 623
f 621 526 623
f 621 526 623
f 621 623 527
f 697 694 698
f 697 26 29
f 697 26 696
f 697 36 37
f 697 36 696
f 697 696 132
f 697 39 698
f 697 39 696
f 697 696 40
f 728 717 715
f 726 36 29
f 726 707 700
f 726 707 718
f 719 718 678
f 719 720 678
f 719 720 718
f 719 561 718
f 719 720 561
f 719 720 561
f 719 353 561
f 719 353 718
f 719 353 195
f 719 353 195
f 719 717 718
f 719 195 196
f 719 720 196
f 719 720 197
f 719 717 197
f 719 717 720
f 719 720 718
f 341 417 340
f 341 342 417
f 341 416 417
f 341 342 416
f 341 207 340
f 341 207 342
f 341 406 407
f 341 406 342
f 341 393 394
f 341 402 340
f 341 342 402
f 341 395 394
f 341 400 340
f 341 342 400
f 341 395 340
f 341 395 342
f 341 400 399
f 341 342 400
f 341 399 340
f 341 342 399
f 343 400 344
f 343 342 344
f 343 342 400
f 343 400 344
f 343 342 400
f 343 344 399
f 343 342 399
f 343 395 344
f 343 395 342
f 343 341 395
f 343 341 395
f 343 341 393
f 343 341 342
f 343 341 340
f 702 5 700
f 702 5 707
f 702 5 707
f 702 707 704
f 702 707 700
f 702 5 704
f 702 5 700
f 702 700 7
f 708 574 573
f 708 207 342
f 558 406 511
f 558 508 511
f 558 508 407
f 558 531 561
f 558 531 541
f 558 531 561
f 329 400 327
f 329 400 327
f 329 327 399
f 329 395 327
f 329 395 394
f 329 393 394
f 329 393 392
f 329 392 327
f 329 327 391
f 329 327 388
f 329 327 386
f 329 385 327
f 329 327 380
f 326 408 407
f 326 408 407
f 326 406 407
f 326 406 407
f 326 412 413
f 326 412 327
f 326 402 403
f 326 402 403
f 326 402 325
f 326 402 327
f 326 400 325
f 326 400 327
f 326 416 417
f 326 416 327
f 326 400 399
f 326 400 327
f 326 417 325
f 326 327 417
f 326 395 325
f 326 395 327
f 326 395 394
f 326 395 394
f 326 393 394
f 326 393 394
f 326 393 392
f 326 393 392
f 326 392 391
f 326 392 327
f 326 391 388
f 326 327 391
f 326 388 325
f 326 327 388
f 326 386 325
f 326 327 386
f 326 385 386
f 326 385 327
f 326 210 209
f 326 210 209
f 326 325 380
f 326 327 380
f 326 207 325
f 326 207 327
f 326 379 325
f 326 327 379
f 326 379 325
f 326 327 379
f 326 369 370
f 555 558 512
f 555 558 512
f 555 558 517
f 555 190 191
f 555 556 191
f 555 556 190
f 555 728 556
f 555 556 676
f 555 571 574
f 555 556 675
f 555 556 675
f 555 673 556
f 555 673 556
f 555 671 556
f 555 597 556
f 555 597 595
f 555 597 556
f 555 666 556
f 555 556 616
f 555 556 649
f 555 556 619
f 555 556 623
f 405 508 507
f 405 406 507
f 405 406 508
f 405 508 509
f 405 511 509
f 405 508 511
f 405 406 508
f 405 511 403
f 405 402 403
f 405 341 406
f 405 402 511
f 405 512 402
f 405 558 406
f 405 555 558
f 405 326 403
f 405 326 406
f 405 341 402
f 405 341 406
f 405 326 403
f 405 326 406
f 405 341 342
f 405 406 342
f 405 342 402
f 405 316 317
f 405 316 406
f 405 316 314
f 405 315 406
f 405 316 315
f 405 316 315
f 405 406 304
f 692 40 41
f 692 691 41
f 692 691 40
f 692 39 40
f 692 39 691
f 692 37 694
f 692 36 37
f 692 36 37
f 692 36 690
f 692 26 29
f 692 26 690
f 692 587 691
f 692 18 694
f 91 686 41
f 91 92 686
f 91 82 41
f 91 82 92
f 91 82 93
f 91 82 92
f 91 680 681
f 91 92 680
f 91 680 679
f 91 92 680
f 91 271 269
f 91 271 92
f 91 645 679
f 91 271 90
f 91 271 92
f 91 619 645
f 91 275 90
f 91 92 275
f 91 619 618
f 91 92 619
f 91 92 456
f 91 618 617
f 91 92 617
f 91 92 618
f 687 93 686
f 687 688 93
f 687 686 40
f 687 688 40
f 687 39 686
f 687 39 688
f 687 36 37
f 687 36 688
f 687 36 34
f 687 36 688
f 687 688 593
f 687 688 29
f 689 690 40
f 689 688 40
f 689 688 690
f 689 691 99
f 689 691 690
f 689 688 93
f 689 326 688
f 94 274 272
f 94 93 274
f 94 271 272
f 94 270 271
f 94 92 93
f 94 271 92
f 94 270 271
f 94 271 92
f 94 91 92
f 100 254 255
f 100 254 255
f 652 79 651
f 652 651 647
f 652 651 653
f 652 654 647
f 652 654 653
f 652 654 653
f 102 82 103
f 102 103 104
f 102 80 104
f 102 82 80
f 102 82 80
f 102 254 255
f 102 254 103
f 81 82 80
f 81 650 651
f 81 650 83
f 81 650 79
f 81 652 651
f 81 650 78
f 81 650 79
f 81 652 79
f 81 652 653
f 81 652 79
f 81 654 653
f 81 79 654
f 81 654 83
f 81 82 83
f 81 79 654
f 81 657 79
f 81 657 80
f 81 657 82
f 81 659 80
f 81 82 658
f 81 659 658
f 81 659 660
f 81 659 660
f 81 82 80
f 81 660 646
f 81 82 646
f 81 80 661
f 81 660 661
f 81 660 80
f 76 104 77
f 76 77 678
f 76 74 678
f 76 77 678
f 76 74 678
f 76 680 77
f 76 74 680
f 76 671 77
f 76 671 74
f 76 680 77
f 76 74 680
f 76 671 670
f 76 74 670
f 76 671 74
f 76 667 668
f 76 667 668
f 76 666 667
f 76 666 667
f 76 663 664
f 76 663 77
f 76 662 663
f 76 662 663
f 76 662 661
f 76 662 77
f 76 660 661
f 76 660 77
f 76 659 77
f 76 659 660
f 76 659 660
f 105 104 77
f 105 254 255
f 105 79 104
f 105 79 80
f 105 81 80
f 105 81 82
f 105 82 103
f 105 82 103
f 298 197 196
f 298 417 297
f 298 416 417
f 298 416 414
f 298 369 370
f 298 413 414
f 298 412 413
f 298 408 409
f 298 408 407
f 298 380 297
f 298 406 407
f 298 382 297
f 298 406 297
f 298 382 297
f 298 403 297
f 298 385 297
f 298 402 403
f 298 385 386
f 298 402 401
f 298 386 387
f 298 400 401
f 298 388 387
f 298 398 400
f 298 389 388
f 298 389 297
f 298 395 396
f 298 392 297
f 298 395 394
f 298 393 392
f 298 393 394
f 129 254 252
f 129 254 130
f 129 130 54
f 129 131 58
f 129 128 61
f 129 130 52
f 129 57 131
f 129 57 130
f 129 60 128
f 129 57 60
f 129 57 60
f 129 130 52
f 129 130 51
f 64 63 132
f 64 66 132
f 64 63 678
f 64 66 678
f 64 66 65
f 64 63 678
f 64 676 678
f 64 676 65
f 64 676 63
f 64 675 676
f 64 675 676
f 64 675 674
f 64 675 63
f 64 673 674
f 64 673 63
f 64 673 65
f 64 673 63
f 64 671 65
f 64 671 63
f 64 671 670
f 64 671 670
f 64 667 668
f 64 667 63
f 64 666 667
f 64 666 667
f 64 663 65
f 64 63 663
f 64 662 663
f 64 662 63
f 64 662 65
f 64 662 63
f 64 659 65
f 64 659 63
f 64 659 657
f 64 659 657
f 64 653 65
f 64 63 653
f 64 651 653
f 64 651 63
f 64 650 651
f 64 650 651
f 257 98 255
f 411 292 412
f 411 298 409
f 411 298 412
f 411 303 412
f 411 315 314
f 411 316 315
f 411 316 412
f 411 326 412
f 411 326 412
f 411 341 412
f 411 341 342
f 411 342 412
f 411 353 412
f 411 503 506
f 411 503 412
f 411 501 412
f 411 501 500
f 411 501 412
f 411 499 500
f 411 499 412
f 411 499 412
f 415 303 414
f 415 303 416
f 415 315 314
f 415 315 314
f 415 316 315
f 415 316 315
f 415 316 317
f 415 316 416
f 415 317 413
f 415 326 416
f 415 326 413
f 415 326 416
f 415 326 327
f 415 341 416
f 415 341 412
f 415 341 342
f 415 413 500
f 415 501 413
f 415 341 342
f 415 342 416
f 415 499 500
f 415 499 416
f 415 416 500
f 415 501 500
f 415 501 502
f 415 342 412
f 415 499 498
f 415 499 416
f 415 412 502
f 415 497 498
f 415 497 416
f 415 496 416
f 415 496 497
f 415 496 497
f 263 100 262
f 264 262 195
f 264 262 157
f 264 262 130
f 264 129 262
f 264 129 262
f 264 102 262
f 264 263 100
f 264 102 100
f 264 102 100
f 264 263 100
f 594 593 678
f 594 595 678
f 594 595 593
f 594 593 680
f 594 595 680
f 594 593 680
f 594 595 680
f 594 454 593
f 594 454 456
f 594 687 593
f 594 493 593
f 594 595 493
f 594 493 593
f 594 595 493
f 594 593 494
f 594 595 494
f 594 496 593
f 594 496 595
f 594 496 497
f 594 496 595
f 594 497 593
f 594 595 497
f 594 499 593
f 594 595 499
f 594 499 593
f 594 595 593
f 594 595 499
f 682 593 678
f 682 681 678
f 682 683 678
f 682 594 593
f 682 594 683
f 682 680 678
f 682 680 681
f 682 593 680
f 682 593 680
f 682 681 40
f 682 683 40
f 682 594 683
f 682 683 80
f 682 595 596
f 682 594 595
f 682 594 595
f 682 79 681
f 682 79 80
f 682 79 80
f 682 82 80
f 682 683 82
f 682 454 456
f 682 454 456
f 682 454 683
f 682 454 99
f 682 91 681
f 682 91 683
f 682 91 92
f 682 91 683
f 682 92 93
f 682 683 92
f 591 678 590
f 591 685 678
f 591 683 685
f 591 595 590
f 591 685 590
f 591 687 590
f 591 526 527
f 591 687 688
f 591 529 527
f 591 521 519
f 591 531 529
f 591 518 519
f 591 531 532
f 591 517 518
f 591 532 534
f 591 595 532
f 591 517 515
f 591 515 514
f 591 513 514
f 591 538 537
f 591 595 538
f 591 512 513
f 591 538 590
f 591 595 538
f 591 512 511
f 591 540 590
f 591 595 540
f 591 493 590
f 591 511 509
f 591 541 540
f 591 595 541
f 591 493 494
f 591 508 509
f 591 541 590
f 591 595 541
f 591 494 590
f 591 508 507
f 591 543 590
f 591 595 543
f 591 496 590
f 591 506 507
f 591 543 545
f 591 595 545
f 591 595 543
f 591 496 497
f 591 506 504
f 591 497 498
f 591 503 504
f 591 499 498
f 591 503 502
f 591 499 500
f 591 501 502
f 591 501 500
f 97 88 93
f 97 88 98
f 97 682 683
f 97 682 99
f 97 91 93
f 97 687 99
f 97 454 99
f 97 687 688
f 97 454 456
f 97 689 688
f 97 456 680
f 97 454 239
f 97 93 99
f 97 689 99
f 97 257 98
f 97 257 454
f 97 264 263
f 97 263 262
f 598 599 678
f 598 597 678
f 598 597 599
f 598 597 680
f 598 600 680
f 598 600 599
f 598 600 680
f 598 680 596
f 598 597 680
f 598 600 456
f 598 682 596
f 598 682 456
f 598 682 456
f 598 597 477
f 598 493 599
f 598 597 493
f 598 493 599
f 598 597 493
f 598 599 494
f 598 597 494
f 598 496 599
f 598 496 597
f 598 496 497
f 598 496 597
f 598 497 599
f 598 597 599
f 598 597 497
f 536 597 595
f 536 597 595
f 536 591 595
f 536 597 599
f 536 597 599
f 536 591 537
f 536 595 534
f 536 591 595
f 536 599 602
f 536 599 602
f 536 591 534
f 536 538 537
f 536 379 534
f 536 379 534
f 536 379 535
f 536 379 538
f 536 534 380
f 536 538 380
f 536 538 537
f 536 379 538
f 536 385 386
f 536 385 386
f 536 571 574
f 536 571 574
f 536 386 534
f 536 571 569
f 536 391 534
f 536 391 386
f 536 391 386
f 536 571 541
f 536 571 569
f 536 531 391
f 536 531 569
f 536 567 531
f 536 567 569
f 536 541 391
f 536 531 541
f 536 531 541
f 601 456 680
f 601 600 456
f 601 680 602
f 601 600 680
f 601 602 678
f 601 600 678
f 601 600 599
f 601 602 678
f 601 599 678
f 601 599 602
f 601 501 502
f 601 501 599
f 601 501 500
f 601 501 599
f 601 493 602
f 601 600 493
f 601 503 502
f 601 503 599
f 601 499 500
f 601 499 599
f 601 493 602
f 601 600 493
f 601 503 602
f 601 503 599
f 601 499 498
f 601 499 599
f 601 602 494
f 601 600 494
f 601 602 504
f 601 599 504
f 601 497 498
f 601 497 599
f 601 496 602
f 601 496 600
f 601 506 602
f 601 506 599
f 601 496 497
f 601 496 497
f 601 496 600
f 601 506 507
f 601 506 599
f 601 508 507
f 601 508 599
f 601 508 509
f 601 508 599
f 601 509 602
f 601 599 509
f 601 511 602
f 601 511 599
f 601 512 511
f 601 512 511
f 601 512 513
f 601 512 599
f 601 513 514
f 601 599 513
f 601 515 514
f 601 599 515
f 601 515 602
f 601 599 515
f 601 517 602
f 601 517 599
f 601 517 599
f 235 102 104
f 451 687 323
f 451 594 687
f 451 235 316
f 451 594 454
f 451 594 687
f 451 687 593
f 451 303 304
f 287 286 417
f 287 286 417
f 287 369 286
f 287 286 413
f 287 286 412
f 287 286 412
f 287 286 408
f 287 286 408
f 287 286 380
f 287 286 407
f 287 286 382
f 287 286 403
f 287 286 382
f 287 286 402
f 287 286 386
f 287 286 402
f 287 286 386
f 287 398 286
f 287 286 388
f 287 286 389
f 287 286 395
f 287 286 389
f 287 286 395
f 287 286 393
f 287 286 393
f 285 263 454
f 281 270 271
f 281 282 270
f 281 454 277
f 281 282 270
f 226 689 688
f 226 210 200
f 656 655 649
f 656 659 649
f 656 659 655
f 656 659 657
f 656 654 655
f 656 654 647
f 656 657 647
f 656 654 655
f 656 655 44
f 656 659 44
f 656 659 657
f 656 83 655
f 656 657 83
f 656 655 44
f 656 657 44
f 656 82 83
f 656 657 82
f 656 46 655
f 656 657 46
f 656 81 82
f 656 81 657
f 656 46 655
f 656 657 46
f 656 81 79
f 656 81 657
f 656 655 51
f 656 657 51
f 656 79 655
f 656 657 79
f 656 52 655
f 656 657 52
f 656 77 655
f 656 657 77
f 656 52 655
f 656 657 52
f 656 77 655
f 656 657 77
f 656 655 54
f 656 657 54
f 656 73 655
f 656 657 73
f 656 57 655
f 656 57 657
f 656 57 61
f 656 57 657
f 656 71 70
f 656 657 71
f 656 61 655
f 656 657 61
f 656 63 655
f 656 657 63
f 656 65 655
f 656 657 65
f 656 64 63
f 656 64 657
f 656 64 65
f 656 64 657
f 665 44 664
f 665 666 44
f 665 44 45
f 665 666 44
f 665 666 667
f 665 46 45
f 665 666 46
f 665 46 47
f 665 666 46
f 665 49 47
f 665 666 49
f 665 49 664
f 665 666 49
f 665 51 664
f 665 666 51
f 665 52 51
f 665 666 52
f 665 52 53
f 665 666 52
f 665 54 53
f 665 666 54
f 665 57 60
f 665 57 60
f 665 60 61
f 665 60 666
f 665 61 664
f 665 666 61
f 665 63 664
f 665 666 63
f 665 64 63
f 665 64 666
f 665 64 65
f 665 64 666
f 665 66 65
f 665 666 66
f 665 66 67
f 665 666 66
f 665 69 70
f 665 666 69
f 665 71 70
f 665 666 71
f 665 74 73
f 665 666 74
f 665 74 664
f 665 666 74
f 665 76 664
f 665 76 666
f 665 76 77
f 665 76 666
f 665 77 78
f 665 666 77
f 665 79 78
f 665 666 79
f 665 666 79
f 665 80 646
f 665 79 80
f 665 79 80
f 665 646 664
f 665 666 646
f 665 631 664
f 665 666 631
f 665 631 628
f 665 666 631
f 665 624 664
f 665 624 666
f 665 664 649
f 665 666 649
f 665 666 556
f 665 555 664
f 665 555 556
f 665 555 666
f 665 551 666
f 716 717 715
f 716 569 715
f 716 567 569
f 716 567 569
f 716 567 718
f 716 567 715
f 716 200 199
f 716 200 717
f 716 200 717
f 716 717 18
f 568 567 715
f 568 567 569
f 568 713 715
f 568 713 569
f 568 713 567
f 568 713 569
f 568 569 712
f 568 713 712
f 568 713 567
f 568 415 416
f 568 499 416
f 568 499 416
f 568 498 417
f 568 499 498
f 568 499 500
f 568 497 498
f 568 501 500
f 568 501 502
f 568 503 502
f 568 503 506
f 568 506 507
f 568 508 507
f 568 508 511
f 568 512 511
f 568 512 511
f 568 567 513
f 568 512 513
f 568 512 569
f 568 569 513
f 568 567 513
f 568 517 569
f 568 567 517
f 579 574 616
f 579 574 675
f 579 574 675
f 579 555 574
f 579 574 676
f 579 574 575
f 579 574 544
f 579 574 544
f 579 544 543
f 579 574 541
f 579 536 574
f 579 702 704
f 579 702 578
f 579 574 575
f 579 536 574
f 579 707 704
f 579 531 575
f 579 531 529
f 579 496 578
f 579 578 497
f 579 578 499
f 579 578 499
f 579 578 508
f 579 578 501
f 579 578 508
f 579 578 501
f 579 578 506
f 579 578 503
f 579 578 503
f 572 574 712
f 572 571 712
f 572 571 574
f 572 574 573
f 572 574 517
f 572 571 517
f 572 574 513
f 572 574 573
f 572 571 513
f 572 512 573
f 572 512 571
f 572 512 573
f 572 512 571
f 572 573 494
f 572 496 573
f 572 573 508
f 572 571 508
f 572 496 573
f 572 573 508
f 572 571 508
f 572 573 497
f 572 573 506
f 572 573 499
f 572 573 503
f 572 573 499
f 572 573 503
f 572 573 501
f 572 573 501
f 570 713 569
f 570 571 569
f 570 571 713
f 570 713 569
f 570 571 713
f 570 569 712
f 570 571 712
f 570 568 569
f 570 568 415
f 570 568 416
f 570 568 417
f 570 568 497
f 570 572 496
f 570 568 497
f 570 572 496
f 570 568 499
f 570 572 497
f 570 568 499
f 570 572 499
f 570 568 501
f 570 572 499
f 570 568 501
f 570 572 501
f 570 568 503
f 570 572 501
f 570 568 503
f 570 572 503
f 570 568 506
f 570 572 503
f 570 568 508
f 570 572 506
f 570 572 571
f 570 571 508
f 570 568 511
f 570 568 508
f 570 571 508
f 570 512 511
f 570 512 571
f 570 512 569
f 570 512 571
f 570 569 513
f 570 571 513
f 570 517 569
f 570 571 517
f 570 571 517
f 583 697 582
f 583 697 696
f 583 582 493
f 583 582 493
f 583 582 494
f 583 496 582
f 583 496 497
f 583 497 582
f 583 499 582
f 583 499 582
f 583 501 582
f 583 501 582
f 583 503 582
f 583 503 582
f 583 506 582
f 627 626 672
f 627 671 672
f 627 671 628
f 627 645 628
f 627 626 645
f 627 626 671
f 627 671 670
f 627 626 671
f 627 667 668
f 627 624 626
f 627 624 667
f 627 666 667
f 627 624 666
f 627 665 666
f 627 665 624
f 627 628 664
f 627 624 664
f 627 624 520
f 627 493 628
f 627 626 493
f 627 665 628
f 627 665 624
f 627 515 516
f 627 518 516
f 627 519 520
f 627 624 519
f 627 493 628
f 627 626 493
f 627 515 514
f 627 518 519
f 627 624 518
f 627 624 515
f 627 624 518
f 627 628 494
f 627 626 494
f 627 513 514
f 627 624 515
f 627 496 628
f 627 496 626
f 627 512 628
f 627 512 513
f 627 624 513
f 627 496 497
f 627 496 626
f 627 512 624
f 627 512 628
f 627 497 498
f 627 626 497
f 627 624 626
f 627 512 624
f 627 509 628
f 627 626 509
f 627 499 498
f 627 626 499
f 627 508 509
f 627 626 508
f 627 499 500
f 627 626 499
f 627 508 507
f 627 626 508
f 627 501 500
f 627 626 501
f 627 507 628
f 627 626 507
f 627 501 502
f 627 626 501
f 627 628 504
f 627 626 504
f 627 503 502
f 627 626 503
f 627 503 628
f 627 626 503
f 59 58 667
f 59 60 667
f 59 60 58
f 59 671 58
f 59 60 671
f 59 671 58
f 59 60 671
f 59 673 58
f 59 673 60
f 59 673 58
f 59 673 60
f 59 675 58
f 59 60 675
f 59 675 58
f 59 60 675
f 59 58 676
f 59 60 676
f 59 58 678
f 59 60 678
f 59 58 678
f 59 678 42
f 59 60 678
f 59 58 42
f 59 58 132
f 59 60 132
f 59 131 58
f 59 60 124
f 59 129 58
f 59 129 60
f 59 129 60
f 122 60 63
f 122 60 61
f 122 60 124
f 122 60 63
f 122 60 124
f 122 64 63
f 122 64 121
f 122 121 239
f 122 64 121
f 55 130 54
f 55 130 131
f 55 129 130
f 55 54 42
f 55 676 54
f 55 675 676
f 55 675 674
f 55 673 674
f 55 673 54
f 55 671 54
f 55 671 670
f 55 667 668
f 629 670 628
f 629 630 670
f 629 630 670
f 629 645 628
f 629 630 645
f 629 627 645
f 629 627 626
f 629 626 625
f 629 91 625
f 629 626 92
f 629 91 92
f 633 634 645
f 633 632 645
f 633 632 634
f 633 635 634
f 633 629 91
f 633 632 630
f 633 629 630
f 322 382 321
f 322 323 382
f 322 321 380
f 322 323 380
f 322 321 379
f 322 323 379
f 322 321 379
f 322 323 379
f 322 321 385
f 322 323 385
f 322 321 386
f 322 323 386
f 322 372 370
f 322 321 388
f 322 323 388
f 322 369 370
f 322 369 323
f 322 321 389
f 322 323 389
f 322 321 389
f 322 323 389
f 322 321 392
f 322 323 392
f 322 393 321
f 322 323 393
f 322 393 321
f 322 323 393
f 322 343 321
f 322 343 323
f 322 395 321
f 322 323 395
f 322 204 321
f 322 395 321
f 322 323 395
f 322 207 321
f 322 207 323
f 322 321 400
f 322 323 400
f 322 321 400
f 322 323 400
f 322 210 209
f 322 210 323
f 322 402 321
f 322 323 402
f 322 402 321
f 322 323 402
f 322 405 321
f 322 405 323
f 322 405 406
f 322 405 323
f 322 687 323
f 322 406 321
f 322 323 406
f 322 408 321
f 322 323 408
f 322 321 417
f 322 323 417
f 322 321 416
f 322 323 416
f 322 411 321
f 322 411 323
f 322 415 321
f 322 415 323
f 322 321 412
f 322 323 412
f 322 415 321
f 322 415 323
f 324 325 380
f 324 323 380
f 324 382 325
f 324 323 382
f 324 379 325
f 324 323 379
f 324 379 325
f 324 323 379
f 324 385 386
f 324 323 385
f 324 386 325
f 324 323 386
f 324 369 370
f 324 369 323
f 324 388 325
f 324 323 388
f 324 389 388
f 324 323 389
f 324 389 391
f 324 323 389
f 324 392 391
f 324 323 392
f 324 393 392
f 324 323 393
f 324 343 323
f 324 393 394
f 324 323 393
f 324 395 394
f 324 323 395
f 324 395 325
f 324 323 395
f 324 207 325
f 324 207 323
f 324 400 399
f 324 323 400
f 324 210 209
f 324 210 323
f 324 400 325
f 324 323 400
f 324 402 325
f 324 323 402
f 324 402 403
f 324 323 402
f 324 405 403
f 324 405 323
f 324 405 406
f 324 405 323
f 324 689 688
f 324 226 323
f 324 226 689
f 324 406 407
f 324 323 406
f 324 687 688
f 324 687 323
f 324 408 407
f 324 323 408
f 324 451 687
f 324 451 687
f 324 411 412
f 324 411 323
f 324 417 325
f 324 323 417
f 324 412 413
f 324 323 412
f 324 416 417
f 324 323 416
f 324 415 413
f 324 415 323
f 324 415 416
f 324 415 323
f 320 382 321
f 320 319 382
f 320 321 380
f 320 319 380
f 320 319 382
f 320 321 379
f 320 319 379
f 320 321 379
f 320 319 379
f 320 321 385
f 320 319 385
f 320 321 386
f 320 319 386
f 320 372 370
f 320 372 319
f 320 321 388
f 320 319 388
f 320 369 370
f 320 369 319
f 320 321 389
f 320 319 389
f 320 321 389
f 320 319 389
f 320 321 392
f 320 319 392
f 320 393 321
f 320 319 393
f 320 393 321
f 320 319 393
f 320 343 321
f 320 395 321
f 320 319 395
f 320 395 321
f 320 319 395
f 320 321 314
f 320 207 314
f 320 207 321
f 320 210 209
f 320 210 319
f 320 210 209
f 320 321 400
f 320 319 400
f 320 321 400
f 320 319 400
f 320 451 319
f 320 402 321
f 320 319 402
f 320 402 321
f 320 319 402
f 320 405 321
f 320 405 319
f 320 321 417
f 320 319 417
f 320 405 406
f 320 405 319
f 320 321 416
f 320 319 416
f 320 406 321
f 320 319 406
f 320 415 321
f 320 415 319
f 320 408 321
f 320 319 408
f 320 415 321
f 320 415 319
f 320 321 412
f 320 319 412
f 320 411 321
f 320 411 319
f 318 317 380
f 318 319 380
f 318 382 317
f 318 319 382
f 318 317 379
f 318 319 379
f 318 382 317
f 318 319 382
f 318 317 379
f 318 319 379
f 318 385 317
f 318 319 385
f 318 372 370
f 318 372 319
f 318 317 386
f 318 319 386
f 318 369 370
f 318 369 319
f 318 317 388
f 318 319 388
f 318 389 317
f 318 319 389
f 318 319 230
f 318 389 317
f 318 319 389
f 318 317 391
f 318 319 391
f 318 392 317
f 318 319 392
f 318 393 392
f 318 319 393
f 318 317 417
f 318 319 417
f 318 393 394
f 318 319 393
f 318 416 317
f 318 319 416
f 318 395 394
f 318 319 395
f 318 415 416
f 318 415 319
f 318 395 317
f 318 319 395
f 318 415 317
f 318 415 319
f 318 412 317
f 318 319 412
f 318 398 317
f 318 411 412
f 318 411 319
f 318 400 317
f 318 319 400
f 318 400 317
f 318 319 400
f 318 408 317
f 318 402 317
f 318 319 402
f 318 408 407
f 318 319 408
f 318 402 403
f 318 319 402
f 318 406 407
f 318 319 406
f 318 405 319
f 318 405 406
f 318 405 319
f 318 403 317
f 318 405 317
f 318 405 403
f 313 382 314
f 313 312 382
f 313 314 380
f 313 312 380
f 313 382 314
f 313 312 382
f 313 314 379
f 313 312 379
f 313 314 385
f 313 312 385
f 313 314 386
f 313 312 386
f 313 372 370
f 313 372 312
f 313 314 388
f 313 312 388
f 313 369 370
f 313 369 312
f 313 314 389
f 313 312 389
f 313 314 389
f 313 312 389
f 313 314 391
f 313 312 391
f 313 314 392
f 313 312 392
f 313 393 314
f 313 312 393
f 313 393 314
f 313 312 393
f 313 395 314
f 313 312 395
f 313 395 314
f 313 312 395
f 313 398 314
f 313 312 398
f 313 314 400
f 313 312 400
f 313 314 400
f 313 312 400
f 313 402 314
f 313 312 402
f 313 402 314
f 313 312 402
f 313 314 403
f 313 312 403
f 313 314 417
f 313 312 417
f 313 405 314
f 313 405 312
f 313 314 416
f 313 312 416
f 313 405 406
f 313 405 312
f 313 415 314
f 313 415 312
f 313 406 314
f 313 312 406
f 313 415 314
f 313 415 312
f 313 408 314
f 313 312 408
f 313 314 413
f 313 312 413
f 313 408 314
f 313 312 408
f 313 314 412
f 313 312 412
f 313 411 314
f 313 411 312
f 311 312 380
f 311 312 382
f 311 312 379
f 311 312 382
f 311 312 385
f 311 312 385
f 311 312 386
f 311 312 388
f 311 312 389
f 311 312 389
f 311 312 391
f 311 451 239
f 311 451 312
f 311 312 392
f 311 312 393
f 311 312 393
f 311 417 310
f 311 312 417
f 311 312 395
f 311 416 417
f 311 312 416
f 311 312 395
f 311 415 416
f 311 415 312
f 311 415 414
f 311 415 312
f 311 312 398
f 311 413 414
f 311 312 413
f 311 312 400
f 311 412 413
f 311 312 412
f 311 312 400
f 311 411 412
f 311 411 312
f 311 312 402
f 311 312 402
f 311 408 409
f 311 312 408
f 311 312 403
f 311 312 408
f 311 405 312
f 311 312 406
f 311 405 312
f 371 370 543
f 371 372 543
f 371 372 370
f 371 544 370
f 371 372 544
f 371 326 372
f 371 326 369
f 371 326 369
f 371 326 370
f 371 326 372
f 371 324 370
f 371 324 372
f 371 324 323
f 371 324 372
f 371 322 323
f 371 322 372
f 371 322 372
f 377 538 537
f 377 536 535
f 377 536 537
f 377 536 537
f 377 379 535
f 377 379 535
f 377 287 286
f 377 298 380
f 377 303 379
f 377 311 312
f 377 313 312
f 377 314 379
f 377 313 314
f 377 316 317
f 377 316 314
f 377 318 317
f 377 318 319
f 377 320 319
f 377 320 321
f 377 322 321
f 161 166 197
f 161 190 166
f 161 200 166
f 161 185 166
f 158 26 157
f 158 26 157
f 158 200 155
f 158 161 200
f 158 161 181
f 158 161 210
f 158 210 209
f 158 197 155
f 158 161 197
f 158 185 183
f 158 161 185
f 158 161 210
f 158 190 155
f 158 161 190
f 158 207 155
f 158 161 207
f 23 160 162
f 23 161 160
f 3 185 183
f 3 185 183
f 3 184 183
f 3 551 677
f 3 551 4
f 3 678 677
f 3 4 678
f 3 715 712
f 3 698 678
f 3 698 4
f 3 707 712
f 3 700 698
f 3 700 698
f 3 702 707
f 3 702 707
f 3 702 700
f 3 702 700
f 705 36 37
f 705 341 209
f 705 341 207
f 705 341 342
f 705 573 342
f 705 574 573
f 187 3 185
f 187 190 29
f 187 185 29
f 187 3 190
f 187 3 185
f 187 158 190
f 187 158 185
f 187 158 161
f 187 158 161
f 187 185 190
f 187 161 190
f 187 161 185
f 187 190 191
f 187 185 190
f 17 16 678
f 17 16 18
f 17 16 677
f 17 16 18
f 14 181 18
f 14 185 18
f 14 707 18
f 14 713 715
f 14 3 18
f 14 713 18
f 14 702 18
f 14 702 700
f 14 713 715
f 14 713 18
f 14 700 18
f 14 716 715
f 14 716 18
f 14 716 717
f 14 694 698
f 14 12 698
f 180 178 7
f 180 179 7
f 180 179 178
f 180 179 181
f 180 5 181
f 180 271 178
f 180 271 269
f 180 210 179
f 180 264 262
f 180 254 252
f 710 5 707
f 710 3 712
f 710 3 707
f 710 3 707
f 710 707 712
f 710 708 707
f 710 14 707
f 710 707 575
f 710 18 712
f 710 14 18
f 710 574 575
f 710 574 707
f 710 708 574
f 710 574 573
f 710 708 574
f 710 712 678
f 710 574 678
f 710 574 712
f 710 572 573
f 710 571 712
f 710 572 571
f 710 570 571
f 352 717 718
f 352 353 718
f 352 353 717
f 352 717 197
f 352 353 195
f 352 568 415
f 352 353 412
f 352 415 412
f 352 411 353
f 352 353 406
f 352 405 353
f 352 405 353
f 352 353 402
f 352 353 400
f 352 353 400
f 356 561 357
f 547 548 5
f 547 574 544
f 547 674 6
f 547 5 674
f 547 548 5
f 547 579 574
f 547 579 548
f 547 571 574
f 547 548 571
f 547 548 571
f 547 671 674
f 547 548 671
f 547 671 667
f 547 548 671
f 547 667 664
f 547 548 667
f 547 655 664
f 547 548 655
f 547 595 590
f 547 548 595
f 547 653 655
f 547 597 595
f 547 548 597
f 547 650 653
f 547 650 653
f 547 548 650
f 547 597 599
f 547 548 597
f 547 650 649
f 547 548 650
f 547 649 546
f 547 548 649
f 547 624 546
f 547 548 624
f 547 616 615
f 547 548 616
f 547 624 623
f 547 548 624
f 547 619 616
f 547 548 619
f 549 551 184
f 549 3 551
f 549 3 548
f 549 3 551
f 549 3 548
f 549 551 4
f 549 5 4
f 549 548 5
f 549 548 5
f 549 551 674
f 549 548 674
f 549 551 671
f 549 548 671
f 549 551 671
f 549 548 671
f 549 548 551
f 549 567 544
f 549 548 544
f 549 548 571
f 549 548 571
f 549 579 551
f 549 579 548
f 549 579 548
f 384 538 380
f 384 541 538
f 384 541 385
f 384 536 538
f 384 536 385
f 384 382 534
f 384 536 534
f 384 536 385
f 384 329 327
f 384 329 385
f 384 326 327
f 384 326 385
f 384 531 385
f 384 531 382
f 384 382 325
f 384 326 325
f 384 326 385
f 384 531 530
f 384 382 532
f 384 531 532
f 384 531 382
f 384 324 385
f 384 324 382
f 384 529 530
f 384 531 529
f 384 531 529
f 384 324 323
f 384 324 323
f 384 385 528
f 384 529 528
f 384 529 385
f 384 322 323
f 384 322 323
f 384 322 321
f 384 322 382
f 384 320 321
f 384 320 382
f 384 320 382
f 384 320 319
f 384 320 319
f 384 318 319
f 384 318 319
f 384 318 317
f 384 318 385
f 384 316 317
f 384 316 385
f 384 316 314
f 384 316 314
f 384 313 314
f 384 313 314
f 384 312 385
f 384 313 312
f 384 313 312
f 211 158 155
f 211 158 210
f 211 158 210
f 211 133 134
f 211 133 132
f 211 209 133
f 211 209 133
f 211 705 209
f 211 336 210
f 211 705 209
f 147 36 37
f 172 210 209
f 172 210 209
f 172 207 169
f 172 207 174
f 172 174 18
f 172 14 18
f 172 14 174
f 176 210 209
f 176 210 179
f 176 210 179
f 176 207 174
f 176 207 179
f 176 200 174
f 176 14 12
f 176 14 174
f 176 200 181
f 176 179 200
f 176 14 181
f 176 14 179
f 176 174 197
f 176 166 18
f 176 174 18
f 176 181 197
f 176 185 166
f 176 158 161
f 176 161 181
f 176 161 166
f 176 181 183
f 176 190 183
f 176 174 169
f 176 190 169
f 176 190 166
f 176 185 190
f 176 185 190
f 198 210 209
f 198 210 209
f 198 207 199
f 198 207 197
f 198 226 210
f 198 200 197
f 198 254 252
f 198 254 252
f 198 303 304
f 198 303 197
f 198 717 720
f 198 716 717
f 198 720 197
f 198 39 717
f 198 39 720
f 198 717 199
f 198 39 717
f 198 37 197
f 198 142 199
f 198 39 142
f 198 39 197
f 198 158 155
f 198 158 197
f 198 158 161
f 198 158 161
f 198 161 166
f 198 161 166
f 198 166 169
f 198 166 197
f 198 174 169
f 198 174 197
f 198 176 174
f 198 176 174
f 198 176 181
f 198 176 181
f 198 181 183
f 198 181 197
f 198 185 183
f 198 185 197
f 198 185 195
f 198 185 195
f 198 197 196
f 198 195 196
f 198 195 197
f 208 207 185
f 208 209 184
f 208 207 184
f 208 209 181
f 208 207 181
f 208 179 209
f 208 207 179
f 208 191 209
f 208 207 191
f 208 176 179
f 208 176 207
f 208 209 195
f 208 207 195
f 208 176 209
f 208 176 207
f 208 209 197
f 208 207 197
f 208 172 209
f 208 172 207
f 208 198 209
f 208 198 207
f 208 172 209
f 208 172 207
f 208 198 209
f 208 198 207
f 208 209 166
f 208 207 166
f 208 200 209
f 208 207 200
f 208 158 161
f 208 158 161
f 208 207 209
f 208 158 209
f 208 158 207
f 208 209 133
f 208 207 133
f 208 209 133
f 208 207 133
f 208 705 209
f 208 705 341
f 208 705 341
f 208 341 209
f 208 341 207
f 208 326 209
f 208 326 207
f 208 326 209
f 208 326 207
f 208 324 209
f 208 324 207
f 208 324 323
f 208 324 207
f 208 322 323
f 208 322 207
f 208 322 209
f 208 322 207
f 208 320 209
f 208 320 207
f 208 320 209
f 208 320 207
f 208 207 210
f 127 128 61
f 127 126 61
f 127 126 63
f 127 60 128
f 127 126 60
f 127 64 126
f 127 59 60
f 127 59 126
f 127 64 126
f 127 59 58
f 127 126 65
f 127 131 58
f 127 59 131
f 127 59 126
f 127 254 252
f 127 126 254
f 127 264 262
f 127 264 126
f 125 124 61
f 125 126 61
f 125 124 63
f 125 126 63
f 125 60 124
f 125 126 60
f 125 64 126
f 125 59 60
f 125 59 126
f 125 64 126
f 125 59 126
f 125 131 124
f 125 59 124
f 125 59 131
f 125 126 254
f 68 66 678
f 68 66 678
f 68 678 679
f 68 69 679
f 68 69 678
f 68 675 678
f 68 675 69
f 68 675 674
f 68 675 69
f 68 660 661
f 68 660 70
f 68 662 661
f 68 662 70
f 68 673 674
f 68 673 69
f 68 659 660
f 68 659 660
f 68 662 663
f 68 662 663
f 68 673 672
f 68 673 69
f 68 659 658
f 68 659 658
f 68 663 67
f 68 663 70
f 68 69 70
f 68 671 672
f 68 671 69
f 68 657 658
f 68 657 658
f 68 665 67
f 68 665 69
f 68 671 670
f 68 671 670
f 68 656 657
f 68 656 657
f 68 665 666
f 68 665 666
f 68 70 655
f 68 656 655
f 68 656 70
f 68 666 667
f 68 666 667
f 68 667 668
f 68 667 69
f 114 71 69
f 72 121 71
f 72 650 651
f 72 650 71
f 72 114 71
f 72 73 653
f 72 651 653
f 72 71 651
f 72 73 679
f 72 71 679
f 72 73 653
f 72 71 653
f 72 73 678
f 72 71 678
f 72 656 73
f 72 656 71
f 72 673 73
f 72 656 657
f 72 656 657
f 72 71 674
f 72 673 674
f 72 673 71
f 72 673 73
f 72 673 71
f 72 657 73
f 72 657 71
f 72 671 73
f 72 671 71
f 72 659 73
f 72 659 71
f 72 671 73
f 72 671 71
f 72 659 660
f 72 659 71
f 72 660 73
f 72 71 660
f 72 667 73
f 72 71 667
f 72 662 73
f 72 71 662
f 72 666 667
f 72 666 71
f 72 662 73
f 72 71 662
f 72 665 666
f 72 665 666
f 72 73 663
f 72 71 663
f 72 665 73
f 72 665 71
f 38 37 685
f 38 39 685
f 38 687 37
f 38 687 39
f 38 37 685
f 38 39 685
f 38 687 688
f 38 687 39
f 38 37 678
f 38 39 678
f 38 688 37
f 38 39 688
f 38 692 37
f 38 39 691
f 38 692 691
f 38 692 39
f 38 692 37
f 38 692 39
f 38 39 197
f 38 37 694
f 38 39 694
f 38 197 142
f 38 37 197
f 38 198 37
f 38 198 39
f 38 198 37
f 38 198 39
f 38 697 696
f 38 697 39
f 38 720 37
f 38 39 720
f 38 697 37
f 38 697 39
f 38 717 720
f 38 39 717
f 38 717 37
f 38 39 717
f 38 37 714
f 38 39 714
f 38 705 37
f 35 34 678
f 35 36 34
f 35 678 42
f 35 36 678
f 35 34 42
f 35 147 36
f 699 36 37
f 699 36 700
f 699 38 37
f 699 38 700
f 699 38 39
f 699 38 39
f 699 39 698
f 699 39 700
f 699 697 40
f 699 697 698
f 699 132 40
f 699 697 132
f 523 624 524
f 523 521 524
f 523 521 624
f 523 624 623
f 523 521 624
f 523 621 623
f 523 621 521
f 523 619 618
f 523 521 619
f 523 616 618
f 523 521 616
f 523 616 524
f 523 599 602
f 523 389 524
f 523 521 389
f 523 521 389
f 620 675 619
f 620 621 675
f 620 673 619
f 620 621 673
f 620 675 619
f 620 621 675
f 620 673 619
f 620 619 678
f 620 621 678
f 620 673 623
f 620 621 673
f 620 619 645
f 620 621 645
f 620 567 623
f 620 567 619
f 620 91 619
f 620 91 621
f 620 548 551
f 620 548 551
f 620 91 92
f 620 91 621
f 620 561 623
f 620 619 561
f 620 547 548
f 620 547 548
f 620 555 556
f 620 555 556
f 620 547 623
f 620 547 619
f 620 623 545
f 620 619 545
f 620 623 545
f 620 623 540
f 620 543 545
f 620 619 543
f 620 619 543
f 620 619 540
f 620 623 540
f 620 619 540
f 620 619 493
f 620 621 493
f 620 623 537
f 620 619 537
f 620 619 493
f 620 621 493
f 620 623 537
f 620 619 537
f 620 619 494
f 620 621 494
f 620 623 535
f 620 619 535
f 620 496 619
f 620 621 496
f 620 623 532
f 620 619 532
f 620 496 619
f 620 621 496
f 620 530 623
f 620 619 530
f 620 619 497
f 620 621 497
f 620 530 623
f 620 621 623
f 620 619 530
f 620 619 499
f 620 621 499
f 620 619 527
f 620 621 527
f 620 619 499
f 620 621 499
f 620 619 526
f 620 621 526
f 620 619 501
f 620 621 501
f 620 619 526
f 620 621 526
f 620 619 501
f 620 621 501
f 620 523 619
f 620 523 621
f 620 619 503
f 620 621 503
f 620 523 521
f 620 523 621
f 620 619 503
f 620 621 503
f 620 521 619
f 620 621 521
f 620 619 504
f 620 621 504
f 620 619 519
f 620 621 519
f 620 619 507
f 620 621 507
f 620 619 518
f 620 621 518
f 620 619 508
f 620 621 508
f 620 619 518
f 620 621 518
f 620 619 508
f 620 621 508
f 620 619 515
f 620 621 515
f 620 619 509
f 620 621 509
f 620 619 515
f 620 621 515
f 620 512 619
f 620 621 512
f 620 619 513
f 620 621 513
f 620 512 619
f 620 621 512
f 622 621 623
f 622 673 674
f 622 673 623
f 622 673 623
f 622 675 674
f 622 621 675
f 622 621 675
f 622 645 623
f 622 621 645
f 622 625 645
f 622 91 625
f 622 91 621
f 622 91 92
f 622 91 621
f 729 728 190
f 729 187 728
f 729 14 728
f 729 728 717
f 729 716 717
f 729 728 715
f 729 728 707
f 729 728 678
f 729 555 728
f 729 702 728
f 729 728 700
f 729 702 728
f 193 728 190
f 193 147 36
f 193 147 36
f 193 190 155
f 193 190 195
f 727 726 29
f 727 193 29
f 727 193 728
f 727 193 726
f 727 193 728
f 727 193 726
f 727 14 728
f 727 14 726
f 727 728 717
f 727 726 717
f 727 555 728
f 727 555 726
f 727 726 718
f 727 728 556
f 727 715 718
f 727 728 715
f 727 728 715
f 727 728 707
f 727 726 707
f 727 728 678
f 727 726 678
f 727 726 707
f 727 728 700
f 727 726 700
f 727 702 707
f 727 702 728
f 727 702 728
f 565 719 720
f 565 720 721
f 565 567 718
f 565 676 562
f 565 567 676
f 565 716 718
f 565 716 717
f 565 567 718
f 565 719 718
f 565 675 676
f 565 567 675
f 565 536 531
f 565 536 567
f 565 675 562
f 565 567 675
f 565 536 541
f 565 536 567
f 565 716 715
f 565 673 562
f 565 673 567
f 565 544 541
f 565 567 544
f 565 715 714
f 565 673 562
f 565 673 567
f 565 549 567
f 565 671 562
f 565 567 671
f 565 567 671
f 565 620 623
f 565 620 567
f 565 571 567
f 565 620 619
f 565 620 567
f 565 619 616
f 565 567 619
f 565 616 562
f 565 567 616
f 565 597 562
f 565 571 597
f 565 571 567
f 565 597 599
f 565 567 597
f 565 571 574
f 354 719 720
f 354 719 561
f 354 719 353
f 354 719 720
f 354 719 353
f 354 356 561
f 354 720 721
f 354 353 195
f 354 356 561
f 354 411 353
f 354 353 406
f 354 406 407
f 354 405 353
f 354 405 406
f 354 405 353
f 354 353 402
f 354 353 400
f 354 353 400
f 308 307 200
f 308 451 242
f 308 451 242
f 308 198 307
f 308 369 307
f 308 307 417
f 308 307 416
f 308 415 307
f 308 377 307
f 308 415 307
f 308 307 379
f 308 307 413
f 308 307 380
f 308 307 412
f 308 307 382
f 308 411 307
f 308 307 382
f 308 307 385
f 308 307 408
f 308 307 385
f 308 307 408
f 308 307 386
f 308 307 406
f 308 307 388
f 308 405 307
f 308 307 389
f 308 405 307
f 308 307 389
f 308 307 403
f 308 307 402
f 308 307 392
f 308 307 402
f 308 307 393
f 308 307 400
f 308 307 393
f 308 307 400
f 308 307 395
f 308 398 307
f 308 307 395
f 703 702 704
f 703 36 37
f 703 702 36
f 703 38 37
f 703 38 702
f 703 38 702
f 703 702 39
f 703 38 705
f 703 38 705
f 703 705 39
f 703 705 132
f 703 211 705
f 703 211 132
f 703 705 341
f 703 705 341
f 703 702 578
f 32 699 700
f 32 703 702
f 32 703 36
f 32 705 36
f 32 708 36
f 32 30 42
f 32 30 42
f 32 36 714
f 559 357 358
f 559 558 357
f 559 356 357
f 559 356 558
f 559 405 558
f 559 354 356
f 559 406 407
f 559 558 406
f 559 354 720
f 559 720 721
f 559 506 507
f 559 558 506
f 559 508 507
f 559 558 508
f 559 508 511
f 559 558 508
f 559 512 511
f 559 558 512
f 559 512 513
f 559 558 512
f 559 517 513
f 559 558 517
f 559 561 562
f 559 558 561
f 559 558 561
f 559 558 531
f 557 556 357
f 557 558 357
f 557 556 191
f 557 356 558
f 557 727 556
f 557 727 726
f 557 727 726
f 557 556 676
f 557 559 558
f 557 676 560
f 557 559 560
f 557 556 675
f 557 559 562
f 557 675 676
f 557 556 675
f 557 561 562
f 557 675 674
f 557 673 556
f 557 556 623
f 557 667 560
f 557 673 674
f 557 673 556
f 557 565 571
f 557 555 571
f 557 619 561
f 557 556 619
f 557 556 616
f 557 616 562
f 557 561 616
f 557 561 560
f 557 561 623
f 557 620 556
f 557 666 667
f 557 666 556
f 557 666 556
f 557 673 672
f 557 671 556
f 557 571 574
f 557 571 574
f 557 620 619
f 557 620 556
f 557 620 561
f 557 671 672
f 557 579 574
f 557 579 574
f 557 597 599
f 557 597 556
f 557 597 562
f 557 597 556
f 328 408 407
f 328 329 408
f 328 406 407
f 328 329 406
f 328 405 406
f 328 405 329
f 328 405 403
f 328 405 329
f 328 411 412
f 328 411 329
f 328 402 403
f 328 329 402
f 328 412 327
f 328 329 412
f 328 402 327
f 328 329 327
f 328 329 402
f 328 415 327
f 328 415 329
f 328 415 416
f 328 415 329
f 328 416 327
f 328 329 416
f 328 327 417
f 328 329 417
f 328 451 591
f 328 689 329
f 328 329 691
f 669 555 556
f 669 555 671
f 669 557 556
f 669 557 671
f 669 557 667
f 669 557 671
f 669 551 671
f 669 561 667
f 669 671 561
f 669 561 667
f 669 671 561
f 669 667 623
f 669 671 667
f 669 624 667
f 669 624 667
f 669 671 670
f 669 565 623
f 669 565 671
f 669 565 671
f 669 667 44
f 669 624 670
f 669 667 44
f 669 671 44
f 669 627 624
f 669 627 624
f 669 46 667
f 669 671 44
f 669 627 668
f 669 627 670
f 669 46 667
f 669 671 46
f 669 630 668
f 669 630 670
f 669 49 667
f 669 671 47
f 669 671 46
f 669 630 631
f 669 630 631
f 669 667 668
f 669 49 667
f 669 49 670
f 669 47 670
f 669 49 670
f 669 49 47
f 669 631 634
f 669 632 631
f 669 631 670
f 669 632 631
f 669 668 51
f 669 670 51
f 669 632 634
f 669 52 668
f 669 670 52
f 669 79 668
f 669 79 670
f 669 636 668
f 669 636 634
f 669 636 634
f 669 52 668
f 669 670 52
f 669 79 668
f 669 79 670
f 669 668 54
f 669 670 54
f 669 668 77
f 669 670 77
f 669 55 668
f 669 55 670
f 669 76 668
f 669 76 670
f 669 76 668
f 669 76 670
f 669 57 58
f 669 57 58
f 669 74 668
f 669 74 670
f 669 59 58
f 669 59 58
f 669 74 73
f 669 74 73
f 669 59 60
f 669 59 60
f 669 72 73
f 669 72 73
f 669 60 61
f 669 60 670
f 669 72 71
f 669 72 71
f 669 61 668
f 669 670 61
f 669 71 668
f 669 71 670
f 669 63 668
f 669 670 63
f 669 69 668
f 669 670 69
f 669 64 63
f 669 64 670
f 669 68 69
f 669 68 670
f 669 64 668
f 669 64 670
f 669 68 668
f 669 68 670
f 669 66 668
f 669 670 66
f 669 66 668
f 669 670 66
f 330 405 403
f 330 405 329
f 330 402 403
f 330 329 402
f 330 405 406
f 330 405 329
f 330 402 401
f 330 329 402
f 330 406 407
f 330 329 406
f 330 400 401
f 330 329 400
f 330 408 407
f 330 329 408
f 330 400 399
f 330 329 400
f 330 399 396
f 330 329 399
f 330 395 396
f 330 329 395
f 330 411 412
f 330 411 329
f 330 395 394
f 330 329 395
f 330 412 413
f 330 329 412
f 330 393 394
f 330 329 393
f 330 415 413
f 330 415 329
f 330 393 392
f 330 329 393
f 330 415 416
f 330 415 329
f 330 392 391
f 330 329 392
f 330 416 417
f 330 329 416
f 330 391 388
f 330 329 391
f 330 417 331
f 330 329 417
f 330 388 387
f 330 329 388
f 330 386 387
f 330 329 386
f 330 385 386
f 330 329 385
f 330 384 385
f 330 384 329
f 330 587 331
f 330 587 691
f 330 329 691
f 330 384 380
f 330 379 380
f 330 329 380
f 330 384 380
f 330 384 329
f 330 379 331
f 330 327 379
f 330 329 327
f 330 327 379
f 554 405 555
f 554 555 512
f 554 405 402
f 554 405 555
f 554 555 512
f 554 402 401
f 554 555 517
f 554 565 571
f 554 557 555
f 554 557 565
f 554 571 574
f 554 555 571
f 554 727 726
f 554 727 555
f 554 579 574
f 554 579 555
f 554 727 728
f 554 727 555
f 554 729 728
f 554 729 555
f 554 729 555
f 554 595 553
f 554 555 595
f 554 676 553
f 554 555 676
f 554 597 595
f 554 555 597
f 554 675 676
f 554 555 675
f 554 597 599
f 554 555 597
f 554 675 674
f 554 555 675
f 554 673 674
f 554 555 673
f 554 673 553
f 554 555 673
f 554 616 553
f 554 555 616
f 554 671 553
f 554 555 671
f 554 619 616
f 554 555 619
f 554 669 671
f 554 669 555
f 554 620 619
f 554 620 555
f 554 669 667
f 554 669 555
f 554 620 623
f 554 620 555
f 554 666 667
f 554 555 666
f 554 623 553
f 554 555 623
f 554 665 666
f 554 665 555
f 554 553 649
f 554 555 649
f 554 665 553
f 554 665 555
f 554 553 664
f 554 555 664
f 588 587 678
f 588 687 688
f 588 688 690
f 588 587 690
f 588 689 688
f 588 587 691
f 588 689 691
f 588 330 587
f 588 330 329
f 588 330 587
f 588 587 493
f 588 587 493
f 588 587 494
f 588 496 587
f 588 496 587
f 588 587 497
f 588 587 499
f 588 587 499
f 588 587 501
f 588 587 501
f 588 587 503
f 588 503 504
f 588 587 503
f 588 506 504
f 588 587 506
f 588 506 507
f 588 587 506
f 588 508 507
f 588 587 508
f 588 508 509
f 588 587 508
f 588 511 509
f 588 587 511
f 588 512 511
f 588 512 587
f 588 512 513
f 588 512 587
f 588 513 514
f 588 587 514
f 588 587 513
f 455 94 93
f 455 94 456
f 455 454 274
f 455 94 274
f 455 94 454
f 455 93 274
f 455 274 276
f 455 454 274
f 455 92 93
f 455 92 456
f 455 92 456
f 455 454 277
f 455 277 276
f 455 454 277
f 86 82 93
f 86 102 100
f 86 682 82
f 86 682 683
f 258 262 191
f 258 257 100
f 258 257 100
f 258 257 102
f 258 257 102
f 258 257 105
f 295 385 386
f 410 303 304
f 410 411 303
f 410 411 303
f 410 308 307
f 410 308 411
f 410 311 409
f 410 311 411
f 410 311 312
f 410 311 411
f 410 313 312
f 410 313 411
f 410 313 314
f 410 313 411
f 410 315 314
f 410 411 315
f 410 316 315
f 410 411 316
f 410 316 317
f 410 411 316
f 410 318 317
f 410 318 411
f 410 318 411
f 410 320 411
f 410 318 408
f 410 318 319
f 410 320 319
f 410 320 411
f 410 320 408
f 410 322 411
f 410 322 408
f 410 322 411
f 410 322 323
f 410 324 411
f 410 324 323
f 410 324 411
f 410 324 408
f 410 411 326
f 410 326 408
f 410 411 326
f 410 326 408
f 410 328 411
f 410 328 408
f 410 328 411
f 410 328 329
f 410 330 411
f 410 330 329
f 410 330 411
f 410 330 408
f 410 408 506
f 410 506 504
f 410 411 341
f 410 503 504
f 410 503 506
f 410 411 503
f 410 559 558
f 410 559 506
f 410 341 407
f 410 411 341
f 410 503 502
f 410 411 503
f 410 558 506
f 410 559 558
f 410 559 407
f 410 341 342
f 410 411 342
f 410 501 502
f 410 411 501
f 410 411 501
f 410 506 407
f 410 408 506
f 410 558 407
f 410 561 407
f 410 342 407
f 410 352 411
f 410 354 407
f 410 352 353
f 410 354 411
f 410 354 353
f 410 354 411
f 266 286 269
f 266 264 286
f 266 286 284
f 266 285 286
f 266 180 269
f 266 180 264
f 266 264 100
f 266 100 98
f 266 264 100
f 266 264 191
f 266 264 129
f 266 264 129
f 266 127 264
f 592 682 683
f 592 591 683
f 592 682 593
f 592 682 683
f 592 591 683
f 592 591 685
f 592 591 678
f 592 687 593
f 592 591 687
f 592 595 678
f 592 595 593
f 592 591 595
f 592 687 688
f 592 591 687
f 592 521 595
f 592 591 521
f 592 688 593
f 592 326 688
f 592 689 326
f 592 591 689
f 592 595 518
f 592 591 518
f 592 451 593
f 592 451 326
f 592 451 591
f 592 328 689
f 592 328 591
f 592 328 591
f 592 595 517
f 592 591 517
f 592 451 454
f 592 451 591
f 592 595 517
f 592 591 517
f 592 595 526
f 592 591 526
f 592 454 593
f 592 591 454
f 592 595 515
f 592 595 593
f 592 591 515
f 592 595 529
f 592 591 529
f 592 593 513
f 592 591 513
f 592 595 531
f 592 591 531
f 592 512 593
f 592 591 512
f 592 595 531
f 592 591 531
f 592 591 595
f 592 512 511
f 592 591 512
f 592 511 593
f 592 591 511
f 592 508 593
f 592 591 508
f 592 508 593
f 592 591 508
f 592 493 593
f 592 591 493
f 592 506 593
f 592 591 506
f 592 493 593
f 592 591 493
f 592 506 593
f 592 591 506
f 592 593 494
f 592 591 494
f 592 503 593
f 592 591 503
f 592 496 593
f 592 591 496
f 592 503 593
f 592 591 503
f 592 496 497
f 592 591 496
f 592 501 593
f 592 591 501
f 592 497 593
f 592 591 497
f 592 501 593
f 592 591 501
f 592 499 593
f 592 591 499
f 592 499 593
f 592 591 499
f 89 97 88
f 89 88 100
f 89 97 93
f 89 97 88
f 89 88 102
f 89 82 93
f 89 88 82
f 89 88 102
f 89 82 41
f 89 88 82
f 89 686 41
f 89 682 683
f 89 682 88
f 89 682 681
f 89 682 88
f 89 680 681
f 89 88 680
f 89 680 679
f 89 88 680
f 89 646 679
f 89 88 646
f 89 641 647
f 89 88 647
f 89 645 646
f 89 88 645
f 95 93 680
f 95 93 680
f 95 97 680
f 95 456 93
f 95 94 456
f 95 682 93
f 95 97 682
f 95 456 680
f 95 97 456
f 95 682 683
f 95 97 682
f 95 97 454
f 95 455 454
f 95 455 94
f 95 455 94
f 95 687 93
f 95 97 687
f 95 687 688
f 95 97 687
f 95 270 269
f 95 94 270
f 95 454 270
f 95 94 270
f 95 94 454
f 95 689 688
f 95 97 689
f 95 689 93
f 95 97 93
f 95 97 689
f 96 89 97
f 96 89 97
f 96 94 91
f 96 97 91
f 96 89 100
f 96 100 98
f 96 89 102
f 96 94 103
f 96 102 100
f 96 94 91
f 96 97 91
f 96 95 97
f 96 97 264
f 96 89 103
f 96 89 102
f 96 266 103
f 96 266 98
f 96 269 103
f 96 94 269
f 96 91 92
f 96 94 92
f 96 95 94
f 96 95 269
f 96 95 94
f 96 97 264
f 96 95 97
f 245 99 101
f 245 102 101
f 245 97 99
f 245 97 454
f 245 451 304
f 241 239 99
f 241 242 99
f 241 102 239
f 241 242 102
f 241 97 239
f 241 242 97
f 241 102 239
f 241 242 102
f 241 97 454
f 241 242 97
f 241 242 105
f 241 451 239
f 241 451 242
f 241 122 242
f 241 125 242
f 241 125 126
f 241 125 242
f 241 129 130
f 241 242 129
f 241 127 126
f 241 127 242
f 241 129 131
f 241 242 129
f 241 127 131
f 241 127 242
f 232 682 454
f 232 318 314
f 237 235 99
f 237 235 102
f 237 235 454
f 237 235 102
f 237 235 105
f 237 451 235
f 237 313 451
f 237 313 315
f 684 451 454
f 684 451 594
f 684 454 683
f 684 594 683
f 684 594 454
f 684 594 683
f 684 451 594
f 684 592 683
f 684 592 683
f 684 594 593
f 684 322 451
f 684 592 685
f 684 592 593
f 684 451 323
f 684 322 323
f 684 322 451
f 684 451 683
f 684 683 230
f 684 97 683
f 684 97 99
f 684 95 97
f 684 95 97
f 684 95 683
f 684 95 93
f 684 683 92
f 684 92 93
f 684 91 683
f 684 91 92
f 684 91 683
f 684 91 686
f 684 89 683
f 684 89 686
f 684 89 88
f 684 685 686
f 684 89 686
f 684 89 88
f 684 86 683
f 684 685 40
f 684 683 40
f 684 683 685
f 684 82 80
f 684 683 80
f 684 683 82
f 302 451 303
f 302 303 252
f 302 198 252
f 302 198 252
f 302 198 303
f 302 417 301
f 302 303 417
f 302 198 197
f 302 198 303
f 302 416 417
f 302 303 416
f 302 416 301
f 302 413 301
f 302 303 413
f 302 415 416
f 302 415 303
f 302 415 303
f 302 412 413
f 302 303 412
f 302 411 412
f 302 411 303
f 302 369 370
f 302 369 303
f 302 411 301
f 302 411 303
f 302 408 301
f 302 303 408
f 302 408 407
f 302 303 408
f 302 406 407
f 302 303 406
f 302 377 301
f 302 377 303
f 302 406 301
f 302 303 406
f 302 301 379
f 302 303 379
f 302 403 301
f 302 303 403
f 302 301 380
f 302 303 380
f 302 402 403
f 302 303 402
f 302 382 301
f 302 303 382
f 302 402 301
f 302 303 402
f 302 382 301
f 302 303 382
f 302 400 301
f 302 303 400
f 302 385 301
f 302 303 385
f 302 398 400
f 302 398 303
f 302 385 301
f 302 303 385
f 302 301 386
f 302 303 386
f 302 395 301
f 302 303 395
f 302 301 388
f 302 303 388
f 302 395 394
f 302 303 395
f 302 389 301
f 302 303 389
f 302 393 394
f 302 303 393
f 302 389 301
f 302 303 389
f 302 393 392
f 302 303 393
f 302 392 301
f 302 303 392
f 300 254 252
f 300 198 254
f 300 198 197
f 300 417 301
f 300 416 417
f 300 416 301
f 300 413 301
f 300 412 413
f 300 411 412
f 300 369 370
f 300 411 301
f 300 408 301
f 300 408 407
f 300 406 407
f 300 377 301
f 300 406 301
f 300 301 379
f 300 403 301
f 300 301 380
f 300 402 403
f 300 382 301
f 300 402 301
f 300 382 301
f 300 400 301
f 300 385 301
f 300 398 400
f 300 385 301
f 300 301 386
f 300 395 301
f 300 301 388
f 300 395 394
f 300 389 301
f 300 393 394
f 300 389 301
f 300 393 392
f 300 392 301
f 249 97 454
f 249 97 99
f 249 302 451
f 249 302 451
f 249 99 101
f 249 100 99
f 249 302 303
f 253 298 254
f 253 254 255
f 253 298 254
f 253 97 454
f 253 97 98
f 253 98 255
f 253 254 255
f 253 97 98
f 253 100 254
f 253 100 254
f 253 102 252
f 253 102 254
f 253 102 252
f 253 102 254
f 253 252 103
f 253 254 103
f 253 105 252
f 253 105 254
f 253 121 254
f 291 417 289
f 291 292 417
f 291 417 414
f 291 292 417
f 291 413 414
f 291 292 413
f 291 412 413
f 291 292 412
f 291 412 289
f 291 292 412
f 291 408 289
f 291 292 408
f 291 408 407
f 291 292 408
f 291 407 289
f 291 292 407
f 291 403 289
f 291 292 403
f 291 292 402
f 291 292 402
f 291 398 292
f 291 292 395
f 291 292 395
f 291 292 393
f 291 292 393
f 291 292 389
f 291 292 389
f 291 292 388
f 291 292 386
f 291 292 386
f 291 292 382
f 291 292 382
f 291 292 380
f 291 377 292
f 291 369 292
f 291 287 264
f 291 264 262
f 291 264 286
f 291 262 195
f 291 262 195
f 291 292 195
f 291 292 262
f 291 195 269
f 291 286 269
f 291 286 195
f 290 291 262
f 283 281 284
f 283 269 284
f 283 281 282
f 283 286 269
f 283 282 286
f 283 270 269
f 283 281 270
f 283 281 270
f 283 286 388
f 283 286 386
f 283 286 386
f 283 286 382
f 283 282 382
f 283 286 382
f 283 282 382
f 283 286 380
f 283 282 380
f 283 377 286
f 283 377 282
f 283 369 286
f 283 369 282
f 283 369 282
f 288 285 263
f 288 263 262
f 288 264 263
f 288 291 262
f 288 291 264
f 288 291 287
f 288 417 289
f 288 287 417
f 288 287 388
f 288 291 388
f 288 287 386
f 288 291 386
f 288 417 414
f 288 287 417
f 288 287 389
f 288 291 389
f 288 287 386
f 288 291 386
f 288 413 414
f 288 287 413
f 288 287 389
f 288 291 389
f 288 287 382
f 288 291 382
f 288 412 413
f 288 287 412
f 288 287 393
f 288 291 393
f 288 287 382
f 288 291 382
f 288 412 289
f 288 287 412
f 288 287 393
f 288 291 393
f 288 287 380
f 288 291 380
f 288 408 289
f 288 287 408
f 288 287 395
f 288 291 395
f 288 377 287
f 288 291 377
f 288 408 407
f 288 287 408
f 288 287 395
f 288 291 395
f 288 407 289
f 288 287 407
f 288 403 289
f 288 287 403
f 288 287 398
f 288 291 398
f 288 287 402
f 288 287 402
f 288 291 402
f 288 287 369
f 288 291 369
f 288 291 287
f 288 291 403
f 288 291 402
f 214 180 210
f 214 176 210
f 214 210 179
f 214 176 210
f 220 330 329
f 228 684 99
f 228 684 322
f 228 684 322
f 228 322 687
f 224 328 689
f 224 689 326
f 584 675 616
f 584 579 616
f 584 579 675
f 584 675 616
f 584 579 574
f 584 675 676
f 584 579 675
f 584 616 590
f 584 574 590
f 584 574 616
f 584 676 590
f 584 579 676
f 584 571 574
f 584 565 571
f 584 565 571
f 584 565 562
f 584 579 574
f 584 565 574
f 584 557 562
f 584 557 579
f 584 557 556
f 584 557 579
f 584 582 678
f 584 547 579
f 584 579 548
f 584 555 556
f 584 579 555
f 584 582 698
f 584 583 582
f 584 547 579
f 584 548 551
f 584 554 555
f 584 554 579
f 584 697 698
f 584 583 697
f 584 697 694
f 584 579 543
f 584 543 541
f 584 541 538
f 584 554 579
f 584 554 553
f 584 697 696
f 584 583 697
f 584 579 541
f 584 579 544
f 584 544 545
f 584 579 544
f 584 517 582
f 584 582 513
f 584 512 582
f 584 512 511
f 584 508 511
f 584 508 582
f 584 508 511
f 584 506 582
f 584 583 506
f 584 583 506
f 584 583 503
f 584 583 503
f 584 583 501
f 584 583 501
f 584 583 499
f 584 583 499
f 584 583 497
f 584 583 496
f 584 583 496
f 584 583 494
f 584 583 493
f 584 583 493
f 576 575 678
f 576 579 575
f 576 707 575
f 576 513 575
f 576 517 575
f 576 512 513
f 576 703 705
f 576 703 705
f 576 512 511
f 576 703 341
f 576 703 341
f 576 508 511
f 576 508 507
f 576 341 342
f 576 506 507
f 576 503 506
f 576 493 575
f 576 503 502
f 576 493 575
f 576 501 502
f 576 575 494
f 576 501 575
f 576 496 575
f 576 499 575
f 576 496 497
f 576 499 498
f 576 497 498
f 421 572 573
f 421 572 494
f 421 570 572
f 332 417 331
f 332 416 417
f 332 415 416
f 332 415 413
f 332 412 413
f 332 411 412
f 332 410 411
f 332 214 210
f 332 410 408
f 332 408 407
f 332 210 327
f 332 406 407
f 332 405 406
f 332 405 402
f 332 402 401
f 332 400 401
f 332 400 399
f 332 399 396
f 332 395 396
f 332 395 394
f 332 393 394
f 332 393 392
f 332 392 391
f 332 388 387
f 332 391 388
f 332 391 388
f 332 386 387
f 332 384 380
f 332 385 386
f 332 384 385
f 123 124 63
f 123 122 63
f 123 124 61
f 123 122 61
f 123 122 124
f 123 122 64
f 123 125 124
f 123 125 64
f 123 122 64
f 123 125 64
f 123 122 121
f 123 126 65
f 123 125 126
f 123 66 65
f 123 121 66
f 123 121 66
f 123 121 254
f 123 68 70
f 123 68 121
f 123 68 121
f 123 125 254
f 123 127 126
f 123 121 71
f 123 264 121
f 123 266 264
f 123 121 71
f 123 264 126
f 123 266 121
f 123 241 242
f 123 241 122
f 123 241 122
f 123 258 125
f 123 127 264
f 123 266 127
f 56 57 42
f 56 55 42
f 56 57 676
f 56 55 676
f 56 57 131
f 56 55 131
f 56 57 675
f 56 55 675
f 56 57 130
f 56 55 130
f 56 57 675
f 56 55 675
f 56 129 57
f 56 55 129
f 56 673 57
f 56 55 673
f 56 129 57
f 56 55 129
f 56 673 57
f 56 55 673
f 56 57 671
f 56 55 671
f 56 663 54
f 56 57 663
f 56 665 54
f 56 665 57
f 56 57 671
f 56 55 671
f 56 662 663
f 56 57 662
f 56 665 666
f 56 665 57
f 56 669 57
f 56 669 55
f 56 662 54
f 56 57 662
f 56 666 667
f 56 55 667
f 56 57 666
f 56 669 57
f 56 669 55
f 56 659 54
f 56 57 659
f 56 57 659
f 56 57 667
f 56 55 667
f 642 641 646
f 642 643 646
f 642 89 641
f 642 641 636
f 642 643 636
f 642 643 88
f 642 89 88
f 642 89 643
f 642 89 641
f 642 89 643
f 644 635 636
f 644 643 636
f 644 643 635
f 644 635 645
f 644 645 646
f 644 643 646
f 644 88 645
f 644 643 88
f 644 91 645
f 644 89 88
f 644 89 643
f 644 89 645
f 644 89 643
f 397 320 319
f 397 318 398
f 397 318 319
f 397 320 319
f 397 318 319
f 397 517 399
f 397 398 517
f 397 320 321
f 397 320 321
f 397 318 317
f 397 318 398
f 397 517 396
f 397 322 321
f 397 322 321
f 397 316 317
f 397 316 398
f 397 517 515
f 397 398 517
f 397 322 323
f 397 322 323
f 397 316 314
f 397 316 398
f 397 324 323
f 397 324 323
f 397 313 314
f 397 313 398
f 397 398 515
f 397 324 325
f 397 324 399
f 397 313 312
f 397 313 312
f 397 326 325
f 397 326 399
f 397 311 312
f 397 311 312
f 397 327 399
f 397 326 327
f 397 326 327
f 397 287 286
f 397 287 398
f 397 308 307
f 397 308 398
f 397 288 287
f 397 288 287
f 397 288 291
f 397 288 291
f 397 303 304
f 397 398 303
f 397 291 292
f 397 291 398
f 397 302 303
f 397 302 398
f 397 302 301
f 397 302 398
f 397 300 301
f 397 300 398
f 397 298 396
f 397 298 398
f 448 320 451
f 448 318 451
f 448 320 451
f 448 318 451
f 448 322 451
f 448 451 316
f 448 322 451
f 448 451 316
f 448 324 451
f 448 313 451
f 448 324 451
f 448 451 326
f 448 328 451
f 448 588 587
f 448 588 451
f 448 328 451
f 448 451 468
f 373 372 543
f 373 372 541
f 373 374 541
f 373 372 540
f 373 374 540
f 373 330 374
f 373 326 372
f 373 374 326
f 373 283 374
f 373 326 372
f 373 374 326
f 373 283 282
f 373 283 374
f 373 324 372
f 373 374 324
f 373 283 286
f 373 374 287
f 373 324 372
f 373 374 324
f 373 287 286
f 373 288 374
f 373 322 372
f 373 374 322
f 373 288 287
f 373 288 291
f 373 322 372
f 373 374 322
f 373 288 291
f 373 291 374
f 373 320 372
f 373 374 320
f 373 291 292
f 373 320 372
f 373 374 320
f 373 318 372
f 373 374 318
f 373 374 298
f 373 318 372
f 373 374 318
f 373 298 370
f 373 372 314
f 373 374 314
f 373 300 374
f 373 313 372
f 373 374 313
f 373 300 370
f 373 302 374
f 373 313 372
f 373 374 313
f 373 302 370
f 373 302 374
f 373 302 303
f 373 374 303
f 373 303 370
f 373 308 374
f 373 308 307
f 375 374 541
f 375 374 326
f 375 374 324
f 375 538 540
f 375 374 540
f 375 326 327
f 375 374 326
f 375 374 324
f 375 538 537
f 375 374 537
f 375 330 327
f 375 330 374
f 375 330 374
f 375 374 322
f 375 374 322
f 375 374 320
f 375 374 320
f 375 374 318
f 375 283 374
f 375 374 318
f 375 283 374
f 375 374 314
f 375 374 287
f 375 374 313
f 375 288 374
f 375 374 313
f 375 288 291
f 375 291 374
f 375 308 374
f 375 374 298
f 375 374 303
f 375 302 374
f 375 300 374
f 375 302 374
f 164 210 209
f 164 161 210
f 164 208 209
f 164 208 161
f 164 210 166
f 164 161 210
f 164 208 207
f 164 208 161
f 164 207 166
f 164 161 207
f 164 161 200
f 25 717 29
f 25 717 29
f 25 727 726
f 25 713 29
f 25 727 728
f 25 185 18
f 25 158 181
f 25 176 158
f 25 713 29
f 25 713 712
f 25 729 728
f 25 185 183
f 25 158 183
f 25 158 26
f 25 176 158
f 25 710 29
f 25 3 18
f 25 26 29
f 25 185 29
f 25 14 185
f 25 14 187
f 25 187 185
f 25 158 161
f 25 14 3
f 25 187 3
f 25 187 190
f 25 708 707
f 25 190 29
f 25 3 190
f 25 187 3
f 25 26 678
f 25 26 690
f 25 23 690
f 25 702 704
f 25 692 26
f 25 702 700
f 25 692 26
f 25 700 29
f 25 26 29
f 25 697 26
f 25 26 696
f 25 697 696
f 25 697 26
f 19 697 18
f 19 697 18
f 19 692 18
f 19 692 18
f 19 17 678
f 19 17 18
f 186 729 728
f 186 729 187
f 186 729 187
f 186 729 551
f 186 727 187
f 186 727 187
f 186 549 551
f 186 184 275
f 186 210 209
f 186 271 184
f 186 208 209
f 186 208 185
f 186 271 184
f 186 208 207
f 186 266 184
f 186 207 185
f 186 266 264
f 186 264 262
f 186 258 262
f 186 254 252
f 362 406 407
f 10 14 185
f 10 5 183
f 10 5 185
f 10 181 7
f 10 181 183
f 10 14 181
f 10 5 185
f 10 707 704
f 10 710 14
f 10 710 14
f 10 187 185
f 10 14 187
f 10 702 7
f 10 702 704
f 10 5 707
f 10 710 5
f 10 14 707
f 10 179 7
f 10 179 181
f 10 710 712
f 10 710 5
f 10 14 715
f 10 25 187
f 10 25 14
f 10 14 702
f 10 14 179
f 10 3 712
f 10 3 715
f 10 25 3
f 10 25 14
f 10 702 700
f 10 14 702
f 10 179 8
f 10 176 14
f 10 3 715
f 10 14 3
f 10 7 698
f 10 700 7
f 10 716 715
f 10 14 716
f 10 179 177
f 10 176 177
f 10 176 179
f 10 716 717
f 10 14 716
f 10 8 678
f 10 698 8
f 10 729 728
f 10 729 14
f 10 727 728
f 10 727 14
f 10 727 726
f 10 727 14
f 15 16 18
f 15 14 18
f 15 172 14
f 15 14 18
f 15 14 694
f 15 697 694
f 15 697 18
f 15 697 18
f 15 18 694
f 15 16 18
f 15 14 694
f 15 16 678
f 13 12 678
f 13 14 12
f 13 15 678
f 13 15 14
f 13 675 677
f 13 16 677
f 13 15 16
f 13 14 12
f 13 172 14
f 13 675 674
f 13 12 674
f 13 675 674
f 13 12 674
f 182 5 181
f 182 180 5
f 182 180 5
f 182 181 183
f 182 3 183
f 182 3 184
f 182 547 548
f 182 3 184
f 182 3 548
f 182 549 184
f 182 549 548
f 182 549 548
f 182 184 275
f 182 180 275
f 182 210 181
f 182 210 184
f 182 271 184
f 182 180 271
f 182 271 184
f 182 180 271
f 182 266 184
f 182 266 180
f 182 266 264
f 182 266 180
f 182 264 262
f 182 180 264
f 182 258 262
f 182 254 252
f 182 180 254
f 345 416 344
f 345 415 416
f 345 572 708
f 345 344 417
f 345 415 412
f 345 411 412
f 345 572 573
f 345 410 411
f 345 410 407
f 345 406 407
f 345 405 406
f 345 405 402
f 345 402 344
f 345 400 344
f 345 400 344
f 355 352 353
f 355 286 195
f 355 352 286
f 355 354 353
f 355 282 286
f 355 354 352
f 355 291 352
f 355 193 195
f 355 354 195
f 355 193 356
f 355 291 352
f 355 193 721
f 355 354 721
f 355 559 354
f 355 356 558
f 355 559 558
f 355 559 356
f 355 354 720
f 355 559 720
f 355 559 354
f 355 354 357
f 355 354 356
f 355 343 357
f 355 356 343
f 355 352 298
f 137 714 711
f 150 147 210
f 150 208 147
f 150 147 211
f 150 208 147
f 150 147 211
f 150 147 207
f 150 147 200
f 150 198 147
f 150 198 147
f 150 147 197
f 150 193 147
f 150 193 147
f 150 147 190
f 150 147 36
f 150 32 147
f 145 207 142
f 145 147 207
f 145 208 207
f 145 208 147
f 145 200 142
f 145 147 200
f 145 208 209
f 145 208 147
f 145 198 142
f 145 198 147
f 145 211 209
f 145 198 197
f 145 198 147
f 145 211 142
f 145 147 211
f 145 211 210
f 145 147 210
f 145 147 211
f 145 197 142
f 145 147 197
f 145 38 142
f 145 38 37
f 145 36 37
f 145 147 36
f 145 147 36
f 145 38 39
f 145 38 37
f 145 38 39
f 205 198 197
f 205 198 204
f 205 197 196
f 205 204 197
f 205 198 199
f 205 198 204
f 205 195 196
f 205 204 195
f 205 200 199
f 205 204 200
f 205 186 185
f 205 186 204
f 205 185 183
f 205 204 185
f 205 181 183
f 205 204 181
f 205 179 181
f 205 204 179
f 205 176 179
f 205 176 204
f 205 176 174
f 205 176 204
f 205 172 174
f 205 172 204
f 205 172 169
f 205 172 204
f 205 166 169
f 205 204 166
f 205 164 166
f 205 164 204
f 205 164 161
f 205 164 161
f 205 158 161
f 205 158 161
f 205 158 155
f 205 158 204
f 205 150 147
f 205 150 147
f 205 145 147
f 205 145 147
f 205 145 142
f 205 145 204
f 205 343 204
f 205 343 342
f 205 343 342
f 205 343 340
f 205 326 327
f 205 326 204
f 205 326 325
f 205 326 204
f 205 324 325
f 205 324 204
f 205 324 323
f 205 324 204
f 205 322 323
f 205 322 204
f 205 322 321
f 205 322 204
f 205 321 314
f 205 204 321
f 205 204 210
f 205 210 209
f 205 204 210
f 205 208 209
f 205 208 204
f 205 204 207
f 205 208 207
f 205 208 204
f 203 198 204
f 203 204 197
f 203 204 200
f 203 198 204
f 203 204 195
f 203 204 185
f 203 204 181
f 203 204 179
f 203 176 204
f 203 176 204
f 203 172 204
f 203 172 204
f 203 204 166
f 203 164 204
f 203 164 161
f 203 158 161
f 203 158 204
f 203 150 147
f 203 145 147
f 203 145 204
f 203 137 714
f 203 137 714
f 203 137 204
f 203 713 714
f 203 345 204
f 203 345 204
f 203 343 204
f 203 324 343
f 203 324 323
f 203 324 204
f 203 324 204
f 203 324 343
f 203 322 323
f 203 322 204
f 203 322 204
f 203 326 204
f 203 326 343
f 203 326 204
f 203 326 343
f 203 204 210
f 203 208 204
f 203 208 204
f 203 204 207
f 203 205 204
f 117 68 66
f 117 72 73
f 112 72 114
f 112 72 114
f 112 77 78
f 112 241 114
f 695 38 39
f 695 38 39
f 695 39 694
f 695 39 696
f 695 38 37
f 695 38 696
f 695 696 40
f 695 36 37
f 695 36 696
f 695 36 696
f 695 40 41
f 695 694 40
f 695 696 132
f 695 132 41
f 695 220 132
f 695 217 696
f 695 332 331
f 695 330 331
f 695 220 330
f 695 220 330
f 695 332 583
f 695 584 696
f 695 584 583
f 695 583 696
f 522 521 597
f 522 523 597
f 522 592 521
f 522 592 523
f 522 521 597
f 522 523 597
f 522 592 591
f 522 592 523
f 522 521 599
f 522 523 599
f 522 591 521
f 522 523 591
f 522 587 518
f 522 521 616
f 522 523 616
f 522 523 521
f 522 518 519
f 522 521 519
f 522 395 518
f 522 395 394
f 522 521 394
f 522 395 518
f 522 517 518
f 522 521 393
f 522 517 399
f 522 395 399
f 522 579 517
f 522 576 579
f 522 521 393
f 522 574 517
f 522 572 574
f 522 576 517
f 522 521 392
f 522 572 571
f 522 572 571
f 522 521 391
f 522 523 391
f 522 523 521
f 522 548 544
f 522 559 558
f 522 555 558
f 522 571 517
f 522 549 517
f 522 549 548
f 522 559 517
f 522 554 555
f 522 568 517
f 522 517 561
f 522 568 567
f 522 568 567
f 522 567 517
f 522 565 567
f 522 565 517
f 1 190 29
f 1 729 190
f 1 25 29
f 1 25 729
f 1 187 190
f 1 729 187
f 1 25 18
f 1 187 185
f 1 729 187
f 1 14 18
f 1 729 14
f 1 185 184
f 1 10 14
f 1 10 729
f 1 551 184
f 1 729 551
f 1 186 185
f 1 186 729
f 1 186 729
f 1 10 717
f 1 10 729
f 1 716 717
f 1 729 716
f 1 716 715
f 1 729 716
f 1 678 677
f 1 729 678
f 1 554 553
f 1 554 729
f 1 554 729
f 1 715 712
f 1 729 715
f 1 698 678
f 1 707 712
f 1 729 707
f 1 700 698
f 1 700 698
f 1 729 700
f 1 702 707
f 1 729 702
f 1 702 700
f 1 729 702
f 192 190 191
f 192 193 190
f 192 355 193
f 192 355 356
f 192 355 193
f 192 356 191
f 192 557 191
f 192 195 275
f 192 191 275
f 192 271 195
f 192 271 191
f 192 271 195
f 192 271 191
f 192 264 195
f 192 264 191
f 192 262 191
f 192 264 262
f 192 264 262
f 189 727 726
f 189 187 728
f 189 727 728
f 189 727 187
f 189 190 191
f 189 187 190
f 564 565 719
f 564 720 721
f 564 565 720
f 564 565 719
f 564 721 562
f 564 565 562
f 564 565 721
f 564 565 717
f 564 565 716
f 564 565 716
f 564 352 353
f 564 565 715
f 564 354 353
f 564 565 714
f 564 410 354
f 564 410 411
f 564 411 412
f 564 415 412
f 564 503 506
f 564 503 502
f 564 506 507
f 564 501 502
f 564 415 501
f 564 415 501
f 564 508 507
f 564 508 511
f 564 512 511
f 564 512 513
f 564 522 565
f 564 517 513
f 564 565 517
f 564 565 531
f 31 702 700
f 31 700 29
f 31 32 700
f 31 703 702
f 31 32 703
f 31 697 29
f 31 32 697
f 31 703 704
f 31 32 703
f 31 697 696
f 31 32 697
f 31 705 704
f 31 32 705
f 31 696 29
f 31 32 696
f 31 692 29
f 31 32 692
f 31 708 707
f 31 32 708
f 31 692 690
f 31 32 692
f 31 688 690
f 31 32 688
f 31 687 688
f 31 32 687
f 31 29 714
f 31 32 714
f 31 687 29
f 31 717 29
f 31 30 29
f 31 687 678
f 31 32 678
f 31 32 687
f 31 36 717
f 31 32 36
f 31 717 720
f 31 30 678
f 31 32 678
f 31 32 30
f 31 36 717
f 31 720 29
f 31 150 147
f 31 150 32
f 31 36 720
f 31 32 147
f 31 147 190
f 31 147 36
f 31 193 190
f 31 193 36
f 31 36 29
f 31 193 29
f 31 193 36
f 33 32 702
f 33 699 36
f 33 32 699
f 33 699 36
f 33 32 699
f 33 697 36
f 33 32 697
f 33 697 36
f 33 32 697
f 33 36 696
f 33 32 696
f 33 150 36
f 33 150 32
f 33 692 36
f 33 692 36
f 33 32 692
f 33 692 690
f 33 32 692
f 33 34 42
f 33 32 42
f 33 688 690
f 33 32 688
f 33 34 678
f 33 32 678
f 33 687 688
f 33 32 687
f 33 34 678
f 33 32 678
f 33 687 34
f 33 32 687
f 724 556 190
f 724 192 190
f 724 555 556
f 724 557 559
f 724 561 560
f 724 31 36
f 724 707 718
f 589 678 590
f 589 588 678
f 589 687 590
f 589 687 678
f 589 588 687
f 589 687 688
f 589 588 687
f 589 588 689
f 589 591 688
f 589 591 689
f 589 328 591
f 589 328 689
f 589 448 328
f 589 448 588
f 589 448 328
f 589 448 588
f 589 689 329
f 589 588 329
f 589 588 689
f 589 448 451
f 589 588 451
f 589 451 591
f 589 451 454
f 589 591 454
f 589 493 590
f 589 588 493
f 589 493 494
f 589 588 493
f 589 494 590
f 589 588 494
f 589 496 590
f 589 588 496
f 589 496 497
f 589 588 496
f 589 497 498
f 589 588 497
f 589 499 498
f 589 588 499
f 589 499 500
f 589 588 499
f 589 501 500
f 589 588 501
f 589 501 502
f 589 588 501
f 589 503 502
f 589 588 503
f 589 588 503
f 87 88 82
f 87 86 82
f 87 88 93
f 87 86 93
f 87 88 82
f 87 86 100
f 87 684 82
f 87 684 86
f 87 684 88
f 87 100 98
f 87 88 98
f 87 88 100
f 87 88 102
f 87 86 102
f 87 684 88
f 87 684 86
f 87 88 102
f 87 86 102
f 87 682 88
f 87 86 682
f 87 682 88
f 87 86 682
f 87 88 680
f 87 86 680
f 87 88 680
f 87 86 680
f 87 88 646
f 87 86 646
f 87 86 646
f 87 645 646
f 87 88 645
f 87 88 645
f 87 88 647
f 87 86 647
f 84 82 99
f 84 102 82
f 84 82 103
f 84 102 82
f 84 82 646
f 84 82 83
f 84 105 103
f 84 83 646
f 84 652 653
f 84 652 653
f 84 652 651
f 84 654 83
f 84 654 653
f 84 654 653
f 84 650 651
f 84 650 83
f 279 282 271
f 279 455 454
f 279 454 277
f 279 271 278
f 279 271 272
f 279 277 278
f 279 274 272
f 279 277 274
f 279 277 274
f 279 375 374
f 279 373 374
f 279 373 374
f 279 373 370
f 279 373 282
f 279 369 370
f 279 369 282
f 473 588 587
f 473 448 587
f 478 601 477
f 478 601 600
f 478 477 616
f 478 600 477
f 478 477 616
f 478 598 477
f 478 477 618
f 478 598 597
f 478 477 619
f 478 597 477
f 478 620 477
f 478 620 621
f 478 594 477
f 478 594 595
f 478 594 477
f 478 592 477
f 478 592 481
f 478 592 591
f 478 592 481
f 478 589 591
f 478 589 481
f 478 589 588
f 478 589 481
f 478 588 587
f 478 481 588
f 478 481 583
f 464 463 620
f 464 463 620
f 464 463 622
f 464 463 622
f 464 463 624
f 464 463 624
f 464 463 626
f 464 463 627
f 464 463 627
f 464 629 630
f 464 463 629
f 464 463 629
f 464 463 630
f 464 632 631
f 464 632 634
f 465 601 468
f 465 601 468
f 465 598 468
f 465 448 451
f 465 463 617
f 465 598 468
f 465 451 468
f 465 616 617
f 465 463 618
f 465 463 619
f 465 464 463
f 465 594 468
f 465 594 468
f 465 464 620
f 465 464 620
f 465 464 622
f 465 464 622
f 465 464 624
f 465 464 624
f 483 601 485
f 483 601 485
f 483 485 600
f 483 598 485
f 483 598 485
f 483 485 597
f 483 485 595
f 483 594 485
f 483 594 485
f 483 592 485
f 483 592 591
f 483 591 485
f 483 589 485
f 483 589 591
f 483 589 588
f 483 588 485
f 462 463 618
f 462 463 619
f 462 463 620
f 462 463 620
f 462 463 622
f 462 463 626
f 462 622 625
f 462 463 622
f 462 463 627
f 462 624 625
f 462 463 624
f 462 463 624
f 462 463 629
f 462 463 627
f 462 463 629
f 462 463 630
f 462 633 632
f 462 464 632
f 462 464 463
f 462 464 632
f 462 464 634
f 459 465 601
f 459 465 601
f 459 465 451
f 459 465 463
f 459 465 598
f 459 465 598
f 459 465 594
f 459 465 594
f 459 592 468
f 459 465 468
f 459 633 635
f 459 629 627
f 459 633 629
f 459 633 632
f 487 489 601
f 487 489 601
f 487 489 600
f 487 489 598
f 487 489 598
f 487 489 597
f 487 489 595
f 487 489 594
f 487 489 594
f 487 592 489
f 487 592 489
f 487 489 591
f 487 589 489
f 487 589 489
f 487 489 588
f 487 489 583
f 491 601 602
f 491 601 600
f 491 616 492
f 491 600 599
f 491 616 618
f 491 598 599
f 491 619 618
f 491 598 597
f 491 620 619
f 491 597 596
f 491 620 621
f 491 595 596
f 491 621 623
f 491 594 595
f 491 624 623
f 491 594 593
f 491 624 626
f 491 592 593
f 491 627 626
f 491 592 591
f 491 627 628
f 491 591 590
f 491 628 492
f 491 589 590
f 491 589 588
f 491 588 587
f 491 584 583
f 491 417 414
f 491 583 582
f 491 417 492
f 491 576 575
f 491 573 575
f 611 676 615
f 611 565 562
f 611 565 567
f 611 557 562
f 611 571 567
f 611 557 556
f 611 555 556
f 611 554 555
f 611 554 553
f 611 548 551
f 611 547 548
f 611 547 615
f 611 545 615
f 611 543 545
f 611 543 542
f 611 540 542
f 611 540 539
f 611 529 530
f 611 537 539
f 611 537 535
f 611 531 530
f 611 535 615
f 611 532 615
f 256 295 258
f 256 298 197
f 256 298 254
f 256 298 254
f 256 254 197
f 256 262 197
f 256 295 257
f 256 254 195
f 256 262 195
f 256 258 262
f 256 254 157
f 256 258 157
f 256 254 191
f 256 258 191
f 256 129 254
f 256 258 129
f 256 129 254
f 256 258 129
f 256 186 254
f 256 186 258
f 256 127 254
f 256 258 127
f 256 182 254
f 256 182 258
f 256 127 126
f 256 258 127
f 256 182 180
f 256 182 258
f 256 125 126
f 256 258 125
f 256 180 254
f 256 258 180
f 256 123 125
f 256 123 258
f 256 123 121
f 256 123 258
f 256 117 254
f 256 112 258
f 256 105 255
f 256 103 255
f 256 105 103
f 256 257 105
f 256 102 103
f 256 257 102
f 256 102 255
f 256 257 102
f 256 100 255
f 256 257 100
f 256 100 255
f 256 257 255
f 256 257 100
f 296 197 196
f 296 295 197
f 296 295 262
f 296 355 352
f 296 355 295
f 296 256 197
f 296 256 262
f 296 256 295
f 296 256 295
f 296 254 255
f 296 256 254
f 296 256 254
f 296 369 370
f 296 295 369
f 296 373 370
f 296 373 295
f 296 373 374
f 296 373 295
f 296 375 374
f 296 375 295
f 296 377 380
f 296 295 377
f 296 417 297
f 296 295 417
f 296 380 297
f 296 295 380
f 296 416 417
f 296 295 416
f 296 382 297
f 296 295 382
f 296 416 414
f 296 295 416
f 296 382 297
f 296 295 382
f 296 413 414
f 296 295 413
f 296 385 297
f 296 295 385
f 296 412 413
f 296 295 412
f 296 385 386
f 296 295 385
f 296 411 412
f 296 295 411
f 296 386 387
f 296 295 386
f 296 411 409
f 296 295 411
f 296 388 387
f 296 295 388
f 296 408 409
f 296 295 408
f 296 389 388
f 296 295 389
f 296 408 407
f 296 295 408
f 296 389 297
f 296 295 389
f 296 406 407
f 296 295 406
f 296 392 297
f 296 295 392
f 296 406 297
f 296 295 406
f 296 393 392
f 296 295 393
f 296 403 297
f 296 295 403
f 296 393 394
f 296 295 393
f 296 402 403
f 296 295 402
f 296 395 394
f 296 295 395
f 296 402 401
f 296 295 402
f 296 395 396
f 296 295 395
f 296 400 401
f 296 295 400
f 296 397 396
f 296 397 295
f 296 398 400
f 296 295 398
f 296 397 398
f 296 397 295
f 349 296 295
f 349 296 196
f 349 200 199
f 349 713 714
f 349 355 326
f 267 96 266
f 267 96 95
f 267 281 285
f 267 266 284
f 267 266 285
f 267 95 270
f 267 95 454
f 267 281 270
f 267 281 284
f 267 281 285
f 267 454 270
f 267 281 270
f 267 281 454
f 244 242 99
f 244 245 99
f 244 242 102
f 244 245 102
f 244 242 97
f 244 245 97
f 244 242 102
f 244 245 102
f 244 242 97
f 244 245 97
f 244 245 105
f 244 451 242
f 244 245 451
f 244 245 122
f 244 123 245
f 244 123 245
f 244 245 125
f 244 245 125
f 244 245 127
f 244 245 127
f 244 245 129
f 244 245 129
f 246 102 104
f 246 245 102
f 246 245 102
f 246 105 104
f 246 245 105
f 246 122 121
f 246 245 122
f 246 123 122
f 246 123 245
f 246 123 124
f 246 123 245
f 246 125 124
f 246 245 125
f 246 125 126
f 246 245 125
f 246 127 126
f 246 245 127
f 246 127 128
f 246 245 127
f 246 129 128
f 246 245 129
f 246 245 129
f 246 244 245
f 246 244 157
f 246 244 160
f 246 244 160
f 306 245 451
f 306 244 245
f 306 246 244
f 306 246 244
f 306 307 200
f 306 198 307
f 306 307 417
f 306 307 416
f 306 415 307
f 306 415 307
f 306 307 413
f 306 307 412
f 306 369 307
f 306 411 307
f 306 373 307
f 306 410 411
f 306 373 374
f 306 410 307
f 306 375 374
f 306 307 408
f 306 307 408
f 306 377 307
f 306 307 406
f 306 307 379
f 306 405 307
f 306 307 380
f 306 405 307
f 306 307 382
f 306 307 403
f 306 307 382
f 306 307 402
f 306 307 385
f 306 307 402
f 306 307 385
f 306 307 400
f 306 307 386
f 306 307 388
f 306 397 398
f 306 307 400
f 306 398 400
f 306 398 307
f 306 307 389
f 306 397 307
f 306 307 389
f 306 307 395
f 306 307 392
f 306 307 395
f 306 307 393
f 306 307 393
f 240 105 239
f 240 241 239
f 240 241 105
f 240 112 114
f 240 112 241
f 240 122 121
f 240 241 122
f 240 122 239
f 240 239 131
f 240 122 124
f 240 241 122
f 240 131 124
f 240 241 130
f 240 125 131
f 240 241 125
f 240 241 125
f 240 241 157
f 240 241 160
f 240 241 160
f 240 237 180
f 240 311 312
f 240 237 313
f 240 182 237
f 240 311 239
f 240 241 239
f 240 182 237
f 240 186 237
f 240 208 209
f 240 210 209
f 309 308 242
f 309 241 242
f 309 240 241
f 309 240 311
f 309 240 311
f 309 377 311
f 309 308 377
f 309 240 313
f 309 311 379
f 309 308 379
f 309 377 311
f 309 375 308
f 309 369 312
f 309 308 369
f 309 311 380
f 309 308 380
f 309 375 374
f 309 373 308
f 309 372 312
f 309 373 308
f 309 240 207
f 309 240 205
f 309 203 204
f 309 311 382
f 309 308 382
f 309 373 374
f 309 373 372
f 309 373 372
f 309 205 314
f 309 207 314
f 309 240 313
f 309 205 204
f 309 311 382
f 309 308 382
f 309 208 207
f 309 240 208
f 309 240 208
f 309 311 385
f 309 308 385
f 309 343 200
f 309 308 200
f 309 311 385
f 309 308 385
f 309 311 386
f 309 308 386
f 309 311 388
f 309 308 388
f 309 311 389
f 309 308 389
f 309 311 389
f 309 308 389
f 309 311 391
f 309 311 392
f 309 392 391
f 309 308 392
f 309 311 393
f 309 308 393
f 309 311 393
f 309 308 393
f 309 311 395
f 309 308 395
f 309 311 395
f 309 308 395
f 309 397 311
f 309 397 308
f 309 397 311
f 309 397 308
f 309 311 398
f 309 308 398
f 309 311 400
f 309 308 400
f 309 311 400
f 309 308 400
f 309 311 402
f 309 308 402
f 309 311 402
f 309 308 402
f 309 311 403
f 309 308 403
f 309 311 405
f 309 308 405
f 309 311 405
f 309 308 405
f 309 311 406
f 309 308 406
f 309 311 408
f 309 311 408
f 309 308 408
f 309 408 409
f 309 308 408
f 309 410 409
f 309 410 308
f 309 410 411
f 309 410 308
f 309 411 412
f 309 308 411
f 309 412 413
f 309 308 412
f 309 413 414
f 309 308 413
f 309 415 414
f 309 308 415
f 309 415 416
f 309 308 415
f 309 416 417
f 309 308 416
f 309 417 310
f 309 308 417
f 309 308 444
f 231 230 99
f 231 232 99
f 231 230 104
f 231 232 104
f 231 683 230
f 231 105 230
f 231 232 105
f 231 682 683
f 231 232 682
f 231 682 454
f 231 232 682
f 231 451 683
f 231 451 454
f 231 232 451
f 231 451 319
f 231 230 133
f 231 232 133
f 231 318 319
f 231 318 451
f 231 232 318
f 231 230 133
f 231 232 133
f 231 318 230
f 231 232 318
f 231 205 210
f 231 205 210
f 231 205 204
f 231 203 204
f 231 200 230
f 231 158 157
f 231 232 158
f 231 198 230
f 231 158 230
f 231 232 158
f 231 198 230
f 231 232 198
f 231 160 230
f 231 232 160
f 231 230 197
f 231 232 197
f 231 161 160
f 231 232 161
f 231 195 230
f 231 232 195
f 231 161 230
f 231 232 161
f 231 191 195
f 231 232 191
f 231 186 184
f 231 186 232
f 231 182 184
f 231 182 232
f 231 182 180
f 231 182 232
f 231 180 230
f 231 232 180
f 233 232 99
f 233 232 104
f 233 232 454
f 233 232 105
f 233 232 451
f 233 318 451
f 233 232 318
f 233 232 318
f 233 232 133
f 233 316 314
f 233 232 314
f 233 232 133
f 233 182 232
f 233 182 232
f 233 232 180
f 233 186 232
f 233 232 158
f 233 232 158
f 233 232 160
f 233 161 160
f 233 232 161
f 233 232 161
f 238 239 99
f 238 237 99
f 238 102 239
f 238 237 102
f 238 454 239
f 238 237 454
f 238 102 239
f 238 237 102
f 238 105 239
f 238 237 105
f 238 451 312
f 238 240 312
f 238 240 237
f 238 313 451
f 238 237 313
f 238 237 313
f 238 112 114
f 238 112 237
f 238 117 237
f 238 237 133
f 238 240 239
f 238 237 157
f 238 240 157
f 238 131 133
f 238 239 131
f 238 237 133
f 238 237 160
f 238 240 160
f 238 131 133
f 238 137 239
f 238 237 160
f 238 240 160
f 452 451 235
f 452 237 235
f 452 237 451
f 452 238 237
f 452 238 237
f 452 238 454
f 452 238 451
f 452 241 454
f 452 241 451
f 452 241 242
f 452 241 451
f 452 244 242
f 452 244 451
f 452 244 245
f 452 244 245
f 452 245 454
f 452 245 451
f 452 249 454
f 452 249 451
f 452 253 454
f 452 257 454
f 452 253 255
f 452 300 451
f 452 249 451
f 452 249 300
f 452 295 257
f 452 296 255
f 452 296 451
f 452 451 298
f 452 253 298
f 452 296 295
f 452 296 295
f 452 290 451
f 452 288 451
f 452 288 285
f 452 288 287
f 452 288 285
f 452 287 451
f 452 285 451
f 452 285 287
f 452 451 454
f 452 459 454
f 452 459 451
f 168 238 240
f 168 17 16
f 168 17 16
f 250 249 102
f 250 300 252
f 250 249 102
f 250 302 252
f 250 249 302
f 250 249 103
f 250 302 303
f 250 249 105
f 250 303 304
f 250 303 252
f 250 200 304
f 250 252 195
f 250 252 197
f 250 198 252
f 250 252 191
f 250 198 252
f 250 123 249
f 250 123 125
f 250 125 126
f 250 249 125
f 250 249 125
f 250 123 125
f 250 123 249
f 250 186 252
f 250 127 126
f 250 249 127
f 250 182 252
f 250 127 252
f 250 182 180
f 250 129 252
f 250 180 252
f 250 129 130
f 250 252 157
f 250 157 160
f 251 250 300
f 251 452 249
f 251 253 97
f 251 249 300
f 251 250 300
f 251 250 249
f 251 452 249
f 251 452 253
f 251 253 100
f 251 249 97
f 251 249 97
f 251 253 97
f 251 253 252
f 251 253 100
f 251 249 100
f 251 249 100
f 251 250 249
f 251 102 252
f 251 250 102
f 251 102 252
f 251 250 102
f 251 252 103
f 251 250 103
f 251 105 252
f 251 250 105
f 251 123 121
f 251 250 123
f 251 250 123
f 259 263 454
f 259 452 257
f 259 96 95
f 259 97 257
f 259 96 97
f 259 97 257
f 259 257 98
f 259 258 257
f 259 258 100
f 259 258 102
f 259 258 100
f 259 258 102
f 259 258 105
f 170 168 228
f 170 168 231
f 170 168 231
f 170 168 233
f 170 168 240
f 170 15 172
f 170 168 16
f 170 168 16
f 170 15 16
f 156 158 226
f 156 158 157
f 156 28 155
f 156 28 157
f 156 26 155
f 156 158 26
f 156 158 26
f 156 231 230
f 156 231 157
f 156 28 157
f 156 231 232
f 156 231 232
f 156 233 232
f 156 233 232
f 156 238 237
f 156 238 240
f 156 240 241
f 156 246 244
f 173 13 12
f 173 13 172
f 175 173 224
f 175 173 231
f 175 173 231
f 175 231 230
f 175 173 233
f 175 231 232
f 175 176 177
f 175 233 232
f 175 10 176
f 175 173 12
f 175 173 12
f 175 173 240
f 175 240 237
f 175 173 250
f 175 250 252
f 175 173 254
f 175 271 269
f 175 173 266
f 175 254 252
f 175 173 256
f 175 266 269
f 175 173 266
f 175 256 254
f 175 173 256
f 175 266 264
f 175 173 264
f 175 256 258
f 175 264 262
f 585 584 590
f 585 584 678
f 585 584 541
f 585 584 538
f 585 692 694
f 585 584 694
f 585 541 590
f 585 584 541
f 585 584 536
f 585 692 694
f 585 543 590
f 585 584 543
f 585 584 536
f 585 695 694
f 585 695 584
f 585 332 583
f 585 695 583
f 585 695 584
f 585 544 543
f 585 584 544
f 585 584 531
f 585 544 545
f 585 584 544
f 585 584 531
f 585 545 590
f 585 584 545
f 585 584 529
f 585 547 590
f 585 584 547
f 585 478 583
f 585 547 548
f 585 584 548
f 585 584 547
f 585 478 481
f 585 522 584
f 585 584 517
f 585 584 517
f 585 584 513
f 585 487 489
f 585 584 512
f 585 584 512
f 585 491 584
f 585 584 511
f 585 584 493
f 585 584 508
f 585 584 493
f 585 584 508
f 585 584 494
f 585 584 506
f 585 584 496
f 585 584 506
f 585 584 496
f 585 584 503
f 585 584 497
f 585 584 503
f 585 584 499
f 585 584 501
f 585 584 499
f 585 584 501
f 580 584 579
f 580 579 678
f 580 522 579
f 580 702 700
f 580 579 702
f 580 579 702
f 580 579 517
f 580 579 517
f 580 579 529
f 580 584 529
f 580 579 513
f 580 579 531
f 580 584 531
f 580 579 512
f 580 579 531
f 580 584 531
f 580 483 431
f 580 579 512
f 580 579 536
f 580 584 536
f 580 579 508
f 580 579 536
f 580 584 536
f 580 584 579
f 580 579 508
f 580 579 506
f 580 491 578
f 580 503 506
f 580 579 503
f 580 578 493
f 580 579 503
f 580 578 493
f 580 579 501
f 580 578 494
f 580 579 501
f 580 496 578
f 580 579 496
f 580 579 496
f 580 579 499
f 580 579 497
f 580 579 499
f 577 579 678
f 577 576 678
f 577 576 579
f 577 579 707
f 577 576 707
f 577 579 707
f 577 579 578
f 577 703 578
f 577 576 703
f 577 579 578
f 577 579 512
f 577 576 512
f 577 579 512
f 577 576 512
f 577 576 703
f 577 578 508
f 577 576 508
f 577 579 513
f 577 576 513
f 577 578 508
f 577 576 508
f 577 579 517
f 577 576 517
f 577 576 579
f 577 576 341
f 577 578 506
f 577 576 506
f 577 578 503
f 577 576 503
f 577 578 503
f 577 576 503
f 577 578 501
f 577 576 501
f 577 491 578
f 577 491 576
f 577 578 501
f 577 576 501
f 577 578 493
f 577 576 493
f 577 578 499
f 577 576 499
f 577 578 493
f 577 576 493
f 577 578 499
f 577 576 499
f 577 578 494
f 577 576 494
f 577 578 497
f 577 576 497
f 577 496 578
f 577 576 496
f 577 496 578
f 577 576 496
f 420 421 341
f 420 421 341
f 420 332 421
f 420 573 342
f 420 421 573
f 420 421 330
f 420 345 573
f 420 421 330
f 420 421 572
f 420 421 328
f 420 421 570
f 420 421 328
f 420 421 326
f 420 570 496
f 420 421 570
f 420 421 326
f 420 421 494
f 420 421 324
f 420 421 493
f 420 421 324
f 420 421 493
f 420 421 322
f 420 491 421
f 420 421 322
f 420 421 320
f 420 421 320
f 420 421 318
f 420 421 318
f 420 421 316
f 420 421 316
f 420 421 315
f 420 421 313
f 420 421 313
f 420 421 311
f 420 421 287
f 420 421 311
f 420 421 288
f 420 309 421
f 420 421 288
f 420 309 421
f 420 421 291
f 420 421 308
f 420 421 291
f 420 306 421
f 420 296 421
f 420 421 303
f 420 296 421
f 420 421 302
f 420 421 298
f 420 421 302
f 420 421 300
f 640 643 635
f 640 644 643
f 640 642 643
f 640 642 641
f 640 633 91
f 640 644 91
f 640 644 643
f 640 633 635
f 640 644 635
f 640 633 91
f 640 644 91
f 640 641 647
f 640 89 641
f 640 89 641
f 446 320 319
f 446 448 320
f 446 318 319
f 446 448 318
f 446 320 444
f 446 448 320
f 446 318 444
f 446 448 318
f 446 322 444
f 446 448 322
f 446 316 444
f 446 448 316
f 446 322 323
f 446 448 322
f 446 316 444
f 446 448 316
f 446 324 323
f 446 448 324
f 446 313 444
f 446 448 313
f 446 324 444
f 446 448 324
f 446 313 312
f 446 448 313
f 446 326 444
f 446 448 326
f 446 311 312
f 446 448 311
f 446 328 326
f 446 448 328
f 446 311 444
f 446 448 311
f 446 328 329
f 446 448 328
f 446 308 444
f 446 448 308
f 446 448 588
f 446 308 444
f 446 448 308
f 446 330 329
f 446 588 330
f 446 588 330
f 446 588 587
f 446 448 588
f 446 306 444
f 446 306 448
f 446 444 303
f 446 448 303
f 446 448 302
f 446 448 302
f 449 313 451
f 449 448 313
f 449 448 313
f 449 311 451
f 449 448 311
f 449 311 451
f 449 448 311
f 449 308 451
f 449 448 308
f 449 308 451
f 449 448 308
f 449 306 451
f 449 306 448
f 449 451 303
f 449 448 303
f 449 302 451
f 449 448 302
f 449 302 451
f 449 448 302
f 449 300 451
f 449 448 300
f 449 448 298
f 449 296 448
f 449 296 448
f 449 448 291
f 449 448 290
f 449 448 290
f 449 465 448
f 449 462 464
f 449 465 464
f 449 465 464
f 376 541 540
f 376 375 541
f 376 375 541
f 376 538 540
f 376 375 538
f 376 377 538
f 376 377 538
f 376 375 538
f 376 324 323
f 376 324 325
f 376 375 324
f 376 375 324
f 376 377 537
f 376 322 323
f 376 377 322
f 376 326 325
f 376 375 326
f 376 375 326
f 376 375 322
f 376 377 322
f 376 375 322
f 376 377 320
f 376 375 320
f 376 377 320
f 376 375 320
f 376 377 318
f 376 375 318
f 376 377 318
f 376 375 318
f 376 375 314
f 376 283 377
f 376 375 283
f 376 316 314
f 376 377 316
f 376 377 316
f 376 377 313
f 376 375 313
f 376 283 377
f 376 375 283
f 376 377 313
f 376 375 313
f 376 377 287
f 376 375 287
f 376 309 377
f 376 309 375
f 376 288 377
f 376 375 288
f 376 309 308
f 376 309 375
f 376 288 291
f 376 375 288
f 376 308 377
f 376 375 308
f 376 291 377
f 376 375 291
f 376 306 377
f 376 306 375
f 376 296 295
f 376 296 375
f 376 377 303
f 376 375 303
f 376 296 377
f 376 296 375
f 376 302 377
f 376 375 302
f 376 377 298
f 376 375 298
f 376 302 377
f 376 375 302
f 376 300 377
f 376 375 300
f 165 164 224
f 165 231 164
f 165 231 164
f 165 250 168
f 165 168 254
f 165 168 256
f 165 168 256
f 165 168 264
f 165 19 17
f 165 168 266
f 22 717 18
f 22 25 717
f 22 717 18
f 22 25 717
f 22 713 18
f 22 25 713
f 22 727 726
f 22 25 727
f 22 713 18
f 22 25 713
f 22 727 728
f 22 25 727
f 22 18 712
f 22 25 712
f 22 729 728
f 22 25 729
f 22 710 18
f 22 25 710
f 22 1 729
f 22 1 25
f 22 1 25
f 22 710 708
f 22 708 707
f 22 25 708
f 22 707 18
f 22 702 18
f 22 19 166
f 22 176 166
f 22 25 23
f 22 25 702
f 22 19 164
f 22 176 181
f 22 25 176
f 22 176 161
f 22 25 176
f 22 164 161
f 22 25 702
f 22 702 700
f 22 181 18
f 22 25 18
f 22 25 181
f 22 23 161
f 22 164 161
f 22 25 700
f 22 700 18
f 22 19 18
f 22 25 697
f 22 19 697
f 22 23 678
f 22 25 697
f 22 19 697
f 22 19 692
f 22 25 692
f 22 19 692
f 22 692 690
f 22 23 690
f 22 25 692
f 22 25 23
f 709 25 708
f 709 25 710
f 709 31 708
f 709 22 710
f 709 22 25
f 709 22 25
f 709 710 29
f 709 31 29
f 709 31 32
f 709 31 32
f 709 32 708
f 709 32 36
f 709 708 36
f 709 36 37
f 709 38 708
f 709 38 37
f 709 38 708
f 709 38 39
f 709 708 39
f 709 39 711
f 709 133 132
f 709 134 711
f 709 133 134
f 709 133 132
f 709 205 134
f 709 133 134
f 709 205 204
f 709 708 342
f 709 205 342
f 709 207 132
f 709 708 207
f 709 345 204
f 709 205 204
f 709 708 342
f 709 205 342
f 709 345 708
f 709 208 207
f 709 208 708
f 709 710 570
f 709 345 204
f 709 570 568
f 709 710 570
f 709 345 572
f 709 345 570
f 709 570 572
f 709 710 572
f 709 572 708
f 709 710 708
f 709 710 572
f 24 23 678
f 24 25 678
f 24 25 23
f 24 23 677
f 24 26 677
f 24 25 26
f 24 23 160
f 24 26 159
f 24 160 159
f 24 158 26
f 24 25 158
f 24 25 158
f 24 161 160
f 24 23 161
f 24 25 161
f 24 25 23
f 550 565 571
f 550 551 571
f 550 549 571
f 550 549 551
f 550 554 565
f 550 549 571
f 550 565 571
f 550 400 401
f 550 517 400
f 550 549 517
f 550 549 567
f 550 565 567
f 550 565 549
f 550 402 401
f 550 517 400
f 550 522 549
f 550 522 554
f 550 565 544
f 550 565 549
f 550 557 565
f 550 554 557
f 550 405 402
f 550 402 513
f 550 517 513
f 550 554 517
f 550 522 554
f 550 544 541
f 550 557 558
f 550 554 557
f 550 405 512
f 550 512 402
f 550 554 512
f 550 558 541
f 550 544 531
f 550 549 544
f 550 557 558
f 550 557 555
f 550 405 512
f 550 554 512
f 550 555 558
f 550 558 531
f 550 554 405
f 550 554 405
f 368 326 369
f 368 369 545
f 368 371 369
f 368 369 543
f 368 326 369
f 368 279 282
f 368 279 369
f 368 279 369
f 368 369 282
f 368 324 369
f 368 324 369
f 368 287 369
f 368 291 287
f 368 291 369
f 368 322 369
f 368 322 369
f 368 296 295
f 368 320 369
f 368 296 369
f 368 320 369
f 368 298 369
f 368 318 369
f 368 300 369
f 368 369 314
f 368 318 369
f 368 313 369
f 368 302 369
f 368 302 369
f 368 313 369
f 368 309 369
f 368 309 308
f 368 369 303
f 368 308 369
f 368 306 369
f 366 186 549
f 366 550 549
f 366 186 549
f 366 549 548
f 366 186 184
f 366 189 191
f 366 547 548
f 366 182 184
f 366 191 357
f 366 355 356
f 366 356 191
f 366 330 327
f 366 192 191
f 366 192 355
f 366 355 282
f 366 355 332
f 366 355 327
f 366 195 275
f 366 192 195
f 366 355 195
f 366 192 355
f 366 355 282
f 366 355 326
f 366 355 291
f 366 355 326
f 366 291 287
f 366 355 291
f 366 355 324
f 366 355 324
f 366 296 355
f 366 355 322
f 366 296 355
f 366 355 322
f 366 355 298
f 366 355 320
f 366 355 320
f 366 355 300
f 366 355 302
f 366 318 319
f 366 355 319
f 366 355 302
f 366 318 314
f 366 355 303
f 366 309 313
f 366 309 355
f 366 309 313
f 366 309 355
f 366 306 355
f 366 355 308
f 11 176 14
f 11 10 176
f 11 14 12
f 11 175 10
f 11 12 698
f 11 10 698
f 11 14 700
f 11 10 700
f 11 10 14
f 11 176 12
f 11 175 12
f 11 175 176
f 11 175 12
f 11 175 10
f 11 10 678
f 11 678 9
f 11 12 9
f 11 12 678
f 140 211 209
f 140 137 211
f 140 208 209
f 140 137 208
f 140 211 142
f 140 137 211
f 140 208 207
f 140 137 208
f 140 207 142
f 140 137 207
f 140 205 142
f 140 205 137
f 140 205 204
f 140 205 137
f 140 203 204
f 140 203 137
f 140 142 199
f 140 200 199
f 140 200 142
f 135 211 134
f 135 211 209
f 135 208 209
f 135 208 207
f 135 207 134
f 135 205 134
f 135 134 711
f 135 709 134
f 135 709 205
f 135 709 205
f 135 231 230
f 135 134 40
f 135 231 232
f 135 134 42
f 135 233 232
f 135 131 134
f 135 238 131
f 135 238 237
f 153 210 209
f 153 150 210
f 153 208 209
f 153 150 208
f 153 211 210
f 153 150 211
f 153 208 207
f 153 150 208
f 153 211 155
f 153 150 211
f 153 207 155
f 153 150 207
f 153 205 155
f 153 205 150
f 153 205 204
f 153 205 150
f 153 203 204
f 153 203 150
f 153 200 155
f 153 150 200
f 153 198 155
f 153 150 198
f 153 198 197
f 153 150 198
f 153 197 155
f 153 150 197
f 153 193 155
f 153 150 193
f 153 193 190
f 153 150 193
f 153 190 29
f 153 150 190
f 153 31 150
f 153 31 30
f 148 150 147
f 148 231 147
f 148 231 232
f 148 233 232
f 148 238 237
f 148 238 240
f 148 147 42
f 148 35 147
f 148 150 147
f 148 147 36
f 148 35 36
f 148 35 147
f 143 231 230
f 143 231 232
f 143 233 232
f 143 238 237
f 143 238 240
f 143 240 241
f 143 142 47
f 143 142 47
f 143 46 47
f 143 142 42
f 143 142 40
f 143 39 40
f 143 39 142
f 143 145 39
f 146 145 228
f 146 231 147
f 146 231 145
f 146 231 232
f 146 231 145
f 146 233 232
f 146 233 145
f 146 238 237
f 146 238 145
f 146 238 240
f 146 238 240
f 146 148 240
f 146 148 240
f 146 148 246
f 146 246 244
f 146 148 246
f 146 130 46
f 146 148 130
f 146 148 44
f 146 44 45
f 146 148 44
f 146 148 147
f 146 147 42
f 146 145 42
f 146 147 37
f 146 145 37
f 146 145 147
f 202 203 198
f 202 203 197
f 202 203 200
f 202 203 198
f 202 203 195
f 202 203 185
f 202 203 185
f 202 203 181
f 202 203 179
f 202 203 176
f 202 203 176
f 202 172 174
f 202 203 172
f 202 203 172
f 202 203 166
f 202 203 164
f 202 203 164
f 202 203 158
f 202 203 158
f 202 153 203
f 202 153 203
f 202 203 150
f 202 203 145
f 202 203 145
f 202 140 203
f 202 203 714
f 202 203 137
f 202 140 137
f 202 140 203
f 202 203 713
f 202 203 345
f 202 203 713
f 202 203 343
f 202 203 343
f 202 309 203
f 202 309 246
f 202 231 203
f 202 203 228
f 202 203 210
f 202 203 208
f 202 203 208
f 202 203 207
f 202 203 205
f 202 203 205
f 116 117 132
f 116 117 237
f 116 68 69
f 116 117 68
f 116 117 68
f 116 117 69
f 116 238 117
f 116 117 71
f 116 238 117
f 116 117 72
f 116 240 117
f 116 117 72
f 116 240 117
f 116 117 73
f 116 117 241
f 116 244 117
f 116 117 264
f 116 246 117
f 116 246 117
f 116 256 117
f 116 256 117
f 116 250 117
f 116 117 254
f 116 251 250
f 116 117 253
f 116 251 117
f 116 117 253
f 119 238 239
f 119 68 69
f 107 81 79
f 107 87 112
f 107 89 103
f 107 269 103
f 107 94 103
f 107 94 269
f 107 266 103
f 110 74 73
f 110 233 232
f 110 107 81
f 110 107 264
f 110 107 266
f 113 112 74
f 113 112 114
f 113 74 73
f 113 112 74
f 113 81 83
f 113 112 81
f 113 117 83
f 113 116 117
f 113 112 264
f 113 116 264
f 113 81 78
f 113 112 78
f 113 112 81
f 113 84 112
f 113 112 266
f 113 112 269
f 113 117 266
f 113 112 266
f 113 256 112
f 113 117 266
f 113 116 117
f 113 256 112
f 113 87 112
f 113 112 254
f 113 112 253
f 113 112 253
f 113 251 114
f 113 251 112
f 113 251 250
f 113 251 250
f 113 250 249
f 113 250 112
f 113 246 114
f 113 246 112
f 113 246 245
f 113 246 112
f 113 244 245
f 113 244 112
f 113 112 114
f 236 112 114
f 236 112 237
f 236 235 133
f 236 237 133
f 236 235 133
f 236 237 133
f 236 135 235
f 236 135 237
f 236 143 235
f 236 143 237
f 236 146 145
f 236 146 237
f 236 148 237
f 236 156 237
f 236 237 157
f 236 158 157
f 236 237 160
f 236 237 160
f 236 170 168
f 236 170 168
f 236 175 173
f 236 175 173
f 236 175 237
f 236 175 233
f 236 237 315
f 236 237 235
f 236 233 232
f 236 237 180
f 236 233 180
f 236 316 315
f 236 231 232
f 236 182 237
f 236 233 182
f 236 232 198
f 236 182 237
f 236 233 182
f 236 240 210
f 236 210 230
f 236 231 230
f 236 231 210
f 236 231 198
f 236 231 232
f 236 240 198
f 236 232 197
f 236 240 198
f 236 186 237
f 236 233 186
f 236 237 313
f 236 240 313
f 236 240 237
f 236 240 210
f 236 208 207
f 236 207 210
f 236 231 210
f 236 231 200
f 236 240 200
f 236 232 195
f 236 240 197
f 236 208 210
f 236 240 208
f 236 240 208
f 236 240 207
f 236 231 205
f 236 232 191
f 236 240 195
f 236 240 205
f 236 231 205
f 236 202 231
f 236 202 240
f 236 240 191
f 236 240 205
f 236 231 203
f 236 240 203
f 722 557 356
f 722 192 356
f 722 356 558
f 722 557 356
f 722 193 356
f 722 192 193
f 722 559 558
f 722 193 721
f 722 559 721
f 722 561 721
f 722 197 721
f 722 36 197
f 722 31 36
f 722 561 721
f 722 37 197
f 722 36 37
f 722 36 37
f 722 31 29
f 722 721 562
f 722 25 29
f 722 721 678
f 722 22 25
f 722 718 721
f 722 22 18
f 722 719 718
f 722 717 18
f 722 14 717
f 722 717 720
f 722 719 720
f 722 719 717
f 188 189 727
f 188 189 727
f 188 727 726
f 188 727 187
f 188 554 726
f 188 189 554
f 188 366 186
f 188 189 187
f 188 366 186
f 188 186 275
f 188 366 191
f 188 366 189
f 188 187 191
f 188 205 186
f 188 205 186
f 188 210 191
f 188 186 210
f 188 191 275
f 188 186 271
f 188 191 195
f 188 205 195
f 188 205 204
f 188 207 191
f 188 186 207
f 188 186 204
f 188 186 187
f 188 208 191
f 188 186 208
f 188 271 191
f 188 186 271
f 188 203 204
f 188 208 207
f 188 186 208
f 188 203 204
f 188 271 191
f 188 186 266
f 188 187 185
f 188 203 185
f 188 266 191
f 188 186 266
f 188 266 264
f 188 186 264
f 188 264 262
f 188 186 258
f 188 258 262
f 188 256 186
f 188 231 191
f 188 231 186
f 188 256 258
f 188 256 186
f 188 231 232
f 188 231 186
f 188 256 254
f 188 186 254
f 188 236 232
f 188 254 252
f 188 250 186
f 188 236 240
f 188 233 186
f 188 236 233
f 188 236 233
f 188 250 252
f 188 240 186
f 188 236 186
f 188 236 240
f 563 719 720
f 563 564 720
f 563 564 719
f 563 719 718
f 563 564 719
f 563 717 718
f 563 564 717
f 563 353 717
f 563 352 353
f 563 564 352
f 563 352 716
f 563 564 716
f 563 564 354
f 563 353 561
f 563 354 353
f 563 354 561
f 563 354 357
f 563 561 357
f 563 410 354
f 563 564 410
f 563 564 410
f 563 410 411
f 563 564 506
f 563 411 506
f 563 564 411
f 563 410 561
f 563 410 506
f 563 564 508
f 563 503 506
f 563 564 503
f 563 506 507
f 563 564 508
f 563 503 412
f 563 564 503
f 563 508 507
f 563 564 512
f 563 415 412
f 563 564 415
f 563 564 415
f 563 512 511
f 563 511 561
f 563 508 511
f 563 564 512
f 563 512 561
f 563 564 517
f 563 517 561
f 563 564 522
f 563 522 517
f 563 564 531
f 701 31 702
f 701 31 32
f 701 31 32
f 701 33 32
f 701 33 32
f 701 33 36
f 701 33 702
f 701 36 700
f 701 702 36
f 701 38 700
f 701 38 702
f 701 38 39
f 701 38 702
f 701 39 700
f 701 702 39
f 701 699 132
f 701 699 700
f 701 703 132
f 701 703 702
f 701 214 699
f 701 703 132
f 701 214 699
f 701 580 699
f 701 580 699
f 701 703 702
f 701 579 702
f 701 579 702
f 701 580 579
f 701 580 579
f 701 577 703
f 701 577 703
f 725 559 560
f 725 724 560
f 725 724 559
f 725 557 726
f 725 557 559
f 725 726 678
f 725 724 678
f 725 724 557
f 725 726 707
f 725 724 707
f 725 557 726
f 725 724 557
f 725 726 707
f 725 724 707
f 725 555 726
f 725 724 555
f 725 726 717
f 725 724 717
f 725 10 726
f 725 554 555
f 725 189 554
f 725 189 726
f 725 189 555
f 725 724 555
f 725 10 14
f 725 724 14
f 725 10 14
f 725 188 554
f 725 188 189
f 725 188 189
f 725 724 192
f 725 14 726
f 725 724 14
f 725 193 726
f 725 192 193
f 725 724 192
f 725 22 726
f 725 22 724
f 725 193 726
f 725 724 193
f 725 22 25
f 725 22 724
f 725 726 36
f 725 724 36
f 725 25 726
f 725 724 25
f 725 726 36
f 725 724 36
f 85 86 82
f 85 84 82
f 85 84 99
f 85 84 82
f 85 100 99
f 85 86 100
f 85 86 100
f 85 86 102
f 85 84 102
f 85 82 680
f 85 86 680
f 85 86 646
f 85 84 646
f 85 86 102
f 85 84 102
f 85 82 680
f 85 86 680
f 85 86 82
f 85 86 646
f 85 84 646
f 85 84 105
f 85 650 651
f 85 652 651
f 85 84 652
f 85 84 652
f 85 84 650
f 85 650 647
f 85 84 650
f 85 113 112
f 85 113 84
f 85 647 649
f 85 86 649
f 85 86 647
f 339 420 421
f 339 417 340
f 339 577 578
f 339 701 577
f 339 701 577
f 339 701 703
f 339 416 417
f 339 415 416
f 339 211 705
f 339 703 705
f 339 703 211
f 339 415 412
f 339 211 209
f 339 211 210
f 339 411 412
f 339 208 209
f 339 410 411
f 339 410 407
f 339 208 207
f 339 406 407
f 339 405 406
f 339 207 340
f 339 405 402
f 339 205 340
f 339 402 340
f 339 400 340
f 339 393 392
f 339 205 343
f 339 400 399
f 339 393 394
f 339 399 340
f 339 395 394
f 339 395 340
f 432 431 300
f 432 431 302
f 432 431 302
f 432 431 303
f 432 306 431
f 432 431 308
f 432 309 431
f 432 309 431
f 475 473 601
f 475 473 601
f 475 473 598
f 605 522 608
f 605 608 521
f 605 608 519
f 605 608 518
f 425 577 576
f 425 577 341
f 425 491 573
f 425 491 573
f 425 328 326
f 280 281 282
f 280 279 282
f 280 281 454
f 280 279 454
f 280 281 271
f 280 279 271
f 280 281 277
f 280 279 277
f 461 462 463
f 461 462 618
f 461 462 619
f 461 462 620
f 461 462 620
f 461 462 622
f 461 462 622
f 461 462 626
f 461 462 627
f 461 636 634
f 461 462 634
f 461 635 636
f 461 629 627
f 461 462 627
f 461 462 629
f 461 462 629
f 461 462 633
f 461 462 630
f 461 462 633
f 461 462 632
f 614 493 492
f 614 491 492
f 614 493 494
f 614 494 615
f 614 496 615
f 614 496 497
f 614 497 498
f 614 499 498
f 614 499 500
f 614 478 477
f 614 501 500
f 614 501 502
f 614 503 502
f 614 503 504
f 614 504 505
f 614 465 463
f 614 506 505
f 614 506 507
f 614 508 507
f 614 508 509
f 614 509 510
f 614 511 510
f 614 92 93
f 614 678 679
f 614 512 511
f 614 617 679
f 614 92 617
f 614 678 615
f 614 611 615
f 614 512 513
f 614 513 514
f 614 515 514
f 614 515 516
f 614 517 516
f 614 517 518
f 614 518 519
f 614 519 520
f 614 521 520
f 614 522 521
f 614 522 523
f 614 523 524
f 614 526 527
f 614 527 528
f 614 611 527
f 614 530 528
f 614 611 530
f 614 530 532
f 614 611 532
f 614 611 530
f 609 608 493
f 609 491 608
f 609 608 493
f 609 608 494
f 609 608 496
f 609 608 496
f 609 608 497
f 609 608 499
f 609 608 499
f 609 478 608
f 609 608 501
f 609 608 501
f 609 475 473
f 609 608 503
f 609 608 503
f 609 608 504
f 609 465 608
f 609 608 506
f 609 608 506
f 609 608 508
f 609 608 508
f 609 608 678
f 609 608 509
f 609 608 678
f 609 608 511
f 609 605 608
f 609 608 512
f 609 608 512
f 609 605 543
f 609 608 513
f 609 605 543
f 609 608 515
f 609 605 540
f 609 608 515
f 609 605 540
f 609 608 517
f 609 605 537
f 609 608 517
f 609 605 537
f 609 608 518
f 609 605 534
f 609 608 519
f 609 534 535
f 609 605 534
f 609 608 521
f 609 605 532
f 609 522 608
f 609 605 531
f 609 605 531
f 609 605 522
f 609 605 522
f 609 605 529
f 609 605 523
f 609 605 529
f 609 605 527
f 609 605 526
f 348 298 196
f 348 349 196
f 348 349 298
f 348 300 197
f 348 349 197
f 348 300 197
f 348 349 300
f 348 302 197
f 348 349 302
f 348 302 303
f 348 349 302
f 348 303 197
f 348 349 303
f 348 198 197
f 348 349 198
f 348 306 198
f 348 306 349
f 348 308 198
f 348 349 308
f 348 309 349
f 348 308 198
f 348 309 308
f 348 349 198
f 348 349 200
f 348 345 200
f 348 309 343
f 348 309 349
f 348 343 200
f 348 343 200
f 348 309 343
f 348 320 343
f 348 355 343
f 348 320 319
f 348 349 319
f 348 349 320
f 348 320 343
f 348 349 320
f 348 322 343
f 348 349 322
f 348 355 332
f 348 322 343
f 348 349 322
f 348 326 343
f 348 349 326
f 348 332 327
f 348 355 327
f 348 349 355
f 348 324 343
f 348 349 324
f 348 326 343
f 348 349 326
f 348 324 343
f 348 349 324
f 351 355 300
f 351 355 300
f 351 355 302
f 351 352 298
f 351 355 302
f 351 296 352
f 351 355 303
f 351 296 295
f 351 306 355
f 351 291 352
f 351 355 308
f 351 309 355
f 351 352 286
f 351 291 286
f 351 291 352
f 351 352 195
f 351 309 355
f 351 352 197
f 351 355 319
f 351 355 354
f 351 352 717
f 351 198 717
f 351 352 716
f 351 198 716
f 351 352 400
f 351 716 715
f 351 352 400
f 351 564 715
f 351 564 716
f 351 564 352
f 351 352 402
f 351 563 352
f 351 563 564
f 351 563 564
f 351 352 568
f 351 352 405
f 351 352 568
f 351 352 405
f 351 352 415
f 351 352 406
f 351 352 411
f 351 410 352
f 351 410 352
f 265 96 264
f 265 285 263
f 265 267 285
f 265 267 266
f 265 288 264
f 265 288 287
f 265 288 285
f 265 288 285
f 265 96 95
f 265 267 96
f 265 267 96
f 265 95 263
f 265 267 95
f 265 287 264
f 265 266 264
f 265 285 287
f 265 266 285
f 265 266 264
f 265 96 264
f 265 96 266
f 243 242 105
f 243 244 105
f 243 244 242
f 243 113 112
f 243 113 244
f 243 113 114
f 243 113 244
f 243 116 117
f 243 116 244
f 243 122 242
f 243 244 122
f 243 123 122
f 243 244 123
f 243 123 242
f 243 244 123
f 243 125 242
f 243 244 125
f 243 125 242
f 243 244 125
f 243 127 242
f 243 244 127
f 243 127 242
f 243 244 127
f 243 242 129
f 243 244 129
f 243 242 129
f 243 244 129
f 243 146 244
f 243 241 242
f 243 146 148
f 243 146 148
f 243 156 244
f 243 156 241
f 243 244 157
f 243 241 157
f 243 244 160
f 243 241 160
f 243 244 160
f 243 241 160
f 243 309 241
f 243 309 308
f 243 309 240
f 243 165 240
f 243 165 168
f 243 308 242
f 243 244 242
f 243 309 246
f 243 246 308
f 243 246 244
f 243 240 186
f 243 188 240
f 243 202 240
f 243 240 203
f 243 309 203
f 243 202 309
f 243 202 309
f 243 246 186
f 243 240 182
f 243 188 246
f 243 188 240
f 243 240 205
f 243 309 205
f 243 309 240
f 243 175 173
f 243 175 173
f 243 246 182
f 243 240 182
f 243 188 246
f 243 240 191
f 243 240 200
f 243 175 240
f 243 175 246
f 243 246 200
f 243 246 182
f 243 240 180
f 243 246 191
f 243 240 195
f 243 240 198
f 243 246 180
f 243 246 198
f 243 246 195
f 243 240 197
f 243 240 198
f 243 246 198
f 243 246 197
f 305 200 304
f 305 306 200
f 305 198 304
f 305 306 198
f 305 250 200
f 305 250 306
f 305 348 198
f 305 348 306
f 305 348 349
f 305 348 306
f 305 306 246
f 305 245 304
f 305 246 304
f 305 246 245
f 305 245 451
f 305 306 245
f 305 351 355
f 305 351 306
f 305 449 451
f 305 449 306
f 305 366 355
f 305 366 306
f 305 449 448
f 305 449 306
f 305 446 448
f 305 446 306
f 305 368 369
f 305 368 306
f 305 446 444
f 305 446 306
f 305 369 370
f 305 306 369
f 305 373 370
f 305 306 373
f 305 432 431
f 305 432 306
f 305 373 374
f 305 306 373
f 305 375 374
f 305 306 375
f 305 376 375
f 305 376 306
f 305 420 421
f 305 420 306
f 305 376 377
f 305 376 306
f 305 377 379
f 305 306 377
f 305 417 304
f 305 306 417
f 305 379 304
f 305 306 379
f 305 416 417
f 305 306 416
f 305 304 380
f 305 306 380
f 305 415 416
f 305 306 415
f 305 382 304
f 305 306 382
f 305 415 414
f 305 306 415
f 305 382 304
f 305 306 382
f 305 413 414
f 305 306 413
f 305 385 304
f 305 306 385
f 305 412 413
f 305 306 412
f 305 385 386
f 305 306 385
f 305 411 412
f 305 306 411
f 305 386 304
f 305 306 386
f 305 410 411
f 305 306 410
f 305 388 304
f 305 306 388
f 305 410 304
f 305 306 410
f 305 389 388
f 305 306 389
f 305 408 304
f 305 306 408
f 305 389 304
f 305 306 389
f 305 408 407
f 305 306 408
f 305 392 304
f 305 306 392
f 305 406 407
f 305 306 406
f 305 393 392
f 305 306 393
f 305 405 406
f 305 306 405
f 305 393 394
f 305 306 393
f 305 405 304
f 305 306 405
f 305 395 394
f 305 306 395
f 305 403 304
f 305 306 403
f 305 395 304
f 305 306 395
f 305 402 403
f 305 306 402
f 305 397 304
f 305 306 397
f 305 402 304
f 305 306 402
f 305 397 398
f 305 306 397
f 305 400 304
f 305 306 400
f 305 398 400
f 305 306 398
f 234 235 99
f 234 233 99
f 234 235 104
f 234 233 104
f 234 235 454
f 234 233 454
f 234 235 105
f 234 233 105
f 234 451 235
f 234 233 451
f 234 451 235
f 234 451 316
f 234 233 316
f 234 233 451
f 234 235 316
f 234 236 316
f 234 236 235
f 234 233 316
f 234 236 316
f 234 236 233
f 234 112 114
f 234 114 235
f 234 112 114
f 234 156 233
f 234 236 156
f 234 235 133
f 234 233 133
f 234 148 233
f 234 236 148
f 234 156 233
f 234 236 156
f 234 235 133
f 234 233 133
f 234 146 233
f 234 236 146
f 234 233 158
f 234 236 158
f 234 135 235
f 234 135 233
f 234 146 233
f 234 236 145
f 234 236 146
f 234 233 158
f 234 236 158
f 234 233 160
f 234 236 160
f 234 143 235
f 234 143 233
f 234 233 160
f 234 236 160
f 234 236 168
f 167 168 231
f 167 168 222
f 167 165 166
f 167 165 231
f 167 168 231
f 167 166 18
f 167 165 231
f 167 168 233
f 167 17 18
f 167 168 17
f 167 165 233
f 167 19 166
f 167 19 17
f 167 234 168
f 167 234 165
f 167 165 19
f 167 165 19
f 167 168 17
f 167 165 17
f 167 165 168
f 167 234 236
f 167 234 236
f 167 236 168
f 167 236 165
f 167 168 238
f 167 165 238
f 167 168 238
f 167 165 238
f 167 243 168
f 167 243 165
f 167 243 165
f 248 249 302
f 248 250 302
f 248 250 249
f 248 250 303
f 248 303 304
f 248 249 303
f 248 246 304
f 248 305 246
f 248 305 250
f 248 305 306
f 248 305 250
f 248 165 168
f 248 165 250
f 248 246 160
f 248 306 246
f 248 246 160
f 248 250 306
f 248 250 160
f 248 246 157
f 248 246 200
f 248 250 200
f 248 250 157
f 248 175 173
f 248 175 173
f 248 156 246
f 248 246 308
f 248 246 198
f 248 250 198
f 248 156 250
f 248 175 246
f 248 175 250
f 248 246 198
f 248 250 198
f 248 246 180
f 248 250 180
f 248 246 197
f 248 250 197
f 248 246 182
f 248 250 182
f 248 246 195
f 248 250 195
f 248 246 182
f 248 250 182
f 248 246 191
f 248 250 191
f 248 246 186
f 248 250 186
f 248 188 246
f 248 188 250
f 248 188 246
f 248 188 250
f 248 246 129
f 248 246 129
f 248 250 129
f 248 129 128
f 248 250 129
f 248 127 128
f 248 250 127
f 248 250 249
f 248 127 126
f 248 249 127
f 248 125 126
f 248 249 125
f 248 125 124
f 248 249 125
f 248 123 124
f 248 123 249
f 248 123 249
f 248 122 121
f 248 123 122
f 248 123 122
f 248 116 117
f 248 116 117
f 248 113 114
f 248 113 249
f 248 113 112
f 248 113 112
f 248 105 104
f 248 249 105
f 248 103 104
f 248 249 103
f 248 102 103
f 248 249 102
f 248 102 101
f 248 249 101
f 248 249 102
f 299 452 253
f 299 251 452
f 299 253 298
f 299 251 253
f 299 251 452
f 299 251 300
f 299 452 451
f 299 452 300
f 299 298 254
f 299 300 254
f 299 449 451
f 299 449 300
f 299 300 198
f 299 449 448
f 299 449 448
f 299 298 254
f 299 198 254
f 299 300 198
f 299 298 197
f 299 300 197
f 299 348 298
f 299 348 300
f 299 348 349
f 299 348 349
f 299 351 352
f 299 351 300
f 299 355 352
f 299 355 300
f 299 420 421
f 299 420 421
f 299 366 355
f 299 366 355
f 299 298 417
f 299 300 417
f 299 368 298
f 299 368 300
f 299 298 416
f 299 300 416
f 299 298 369
f 299 300 369
f 299 298 416
f 299 300 416
f 299 373 298
f 299 373 300
f 299 298 413
f 299 300 413
f 299 373 374
f 299 373 300
f 299 298 412
f 299 300 412
f 299 375 374
f 299 375 300
f 299 411 298
f 299 300 411
f 299 376 375
f 299 376 375
f 299 411 298
f 299 300 411
f 299 376 377
f 299 376 300
f 299 298 408
f 299 300 408
f 299 377 298
f 299 298 408
f 299 300 408
f 299 298 380
f 299 300 380
f 299 377 379
f 299 300 379
f 299 300 377
f 299 298 406
f 299 300 406
f 299 298 382
f 299 300 382
f 299 298 406
f 299 300 406
f 299 298 382
f 299 300 382
f 299 298 403
f 299 300 403
f 299 298 385
f 299 300 385
f 299 298 402
f 299 300 402
f 299 298 385
f 299 300 385
f 299 298 402
f 299 300 402
f 299 298 386
f 299 300 386
f 299 298 400
f 299 300 400
f 299 298 388
f 299 300 388
f 299 298 398
f 299 300 398
f 299 298 389
f 299 300 389
f 299 397 298
f 299 397 300
f 299 298 389
f 299 300 389
f 299 397 298
f 299 397 300
f 299 298 392
f 299 300 392
f 299 298 395
f 299 300 395
f 299 298 393
f 299 300 393
f 299 298 395
f 299 300 395
f 299 298 393
f 299 300 393
f 260 95 263
f 260 259 263
f 260 259 95
f 260 96 95
f 260 259 96
f 260 259 96
f 260 259 97
f 260 290 263
f 260 259 263
f 260 259 290
f 260 290 291
f 260 259 290
f 260 100 98
f 260 259 98
f 260 259 100
f 260 259 258
f 260 259 102
f 260 102 100
f 260 259 100
f 260 259 102
f 260 259 105
f 260 258 127
f 260 123 258
f 260 258 127
f 260 123 258
f 260 258 129
f 260 107 259
f 260 258 129
f 260 116 117
f 260 113 112
f 260 113 116
f 453 259 452
f 453 259 452
f 453 452 290
f 453 259 454
f 453 259 290
f 453 285 454
f 453 452 285
f 453 452 285
f 453 281 285
f 453 281 285
f 453 283 281
f 453 452 283
f 453 283 281
f 453 452 283
f 453 280 281
f 453 280 281
f 453 452 459
f 453 279 455
f 453 280 279
f 294 452 295
f 294 259 452
f 294 452 295
f 294 259 258
f 294 295 258
f 294 256 258
f 294 256 295
f 294 256 295
f 294 449 448
f 294 262 197
f 294 295 197
f 294 295 262
f 294 349 195
f 294 349 295
f 294 351 295
f 294 355 295
f 294 366 355
f 294 420 421
f 294 368 295
f 294 295 417
f 294 295 369
f 294 295 416
f 294 373 295
f 294 295 416
f 294 373 295
f 294 295 413
f 294 375 295
f 294 295 412
f 294 376 375
f 294 295 411
f 294 376 295
f 294 295 411
f 294 295 377
f 294 295 408
f 294 295 380
f 294 295 408
f 294 295 382
f 294 295 406
f 294 295 382
f 294 295 406
f 294 295 386
f 294 295 403
f 294 295 386
f 294 295 402
f 294 295 388
f 294 295 402
f 294 295 389
f 294 295 400
f 294 295 389
f 294 295 398
f 294 295 392
f 294 397 295
f 294 295 393
f 294 397 295
f 294 295 393
f 294 295 395
f 294 295 395
f 171 170 233
f 171 173 233
f 171 170 231
f 171 236 170
f 171 173 231
f 171 236 173
f 171 170 231
f 171 236 170
f 171 173 231
f 171 236 173
f 171 173 13
f 171 170 240
f 171 173 240
f 171 173 172
f 171 170 15
f 171 243 173
f 171 15 172
f 171 13 172
f 171 13 15
f 171 13 15
f 171 170 15
f 171 13 16
f 171 170 16
f 171 170 168
f 171 243 168
f 171 243 173
f 171 170 168
f 171 243 168
f 171 248 173
f 171 248 168
f 171 248 173
f 171 248 250
f 171 173 250
f 171 250 168
f 171 173 254
f 171 168 254
f 171 173 256
f 171 168 266
f 171 173 266
f 171 168 256
f 171 173 256
f 171 168 266
f 171 173 266
f 171 168 256
f 171 168 264
f 171 173 264
f 586 587 590
f 586 585 590
f 586 587 678
f 586 585 678
f 586 585 692
f 586 536 534
f 586 536 538
f 586 585 536
f 586 585 536
f 586 587 690
f 586 692 690
f 586 692 587
f 586 585 692
f 586 531 534
f 586 587 531
f 586 538 540
f 586 585 538
f 586 585 531
f 586 587 691
f 586 692 691
f 586 692 587
f 586 587 331
f 586 541 540
f 586 585 541
f 586 585 541
f 586 587 531
f 586 585 531
f 586 332 331
f 586 585 332
f 586 587 529
f 586 585 529
f 586 446 587
f 586 585 473
f 586 446 473
f 586 585 473
f 586 473 448
f 586 446 448
f 586 446 473
f 586 522 587
f 586 585 522
f 586 478 587
f 586 585 478
f 586 587 517
f 586 585 517
f 586 478 481
f 586 585 478
f 586 587 517
f 586 585 517
f 586 587 513
f 586 585 513
f 586 512 587
f 586 585 512
f 586 512 587
f 586 585 512
f 586 487 489
f 586 585 487
f 586 587 511
f 586 585 511
f 586 587 508
f 586 585 508
f 586 491 587
f 586 585 491
f 586 587 508
f 586 585 508
f 586 587 493
f 586 585 493
f 586 587 506
f 586 585 506
f 586 587 493
f 586 585 493
f 586 587 506
f 586 585 506
f 586 587 494
f 586 585 494
f 586 587 503
f 586 585 503
f 586 496 587
f 586 585 496
f 586 587 503
f 586 585 503
f 586 496 587
f 586 585 496
f 586 587 501
f 586 585 501
f 586 587 497
f 586 585 497
f 586 587 501
f 586 585 501
f 586 587 499
f 586 585 499
f 586 587 499
f 586 585 499
f 581 584 582
f 581 580 584
f 581 582 678
f 581 580 678
f 581 580 700
f 581 522 584
f 581 580 522
f 581 582 698
f 581 700 698
f 581 584 517
f 581 584 517
f 581 580 517
f 581 699 700
f 581 580 699
f 581 517 582
f 581 580 517
f 581 697 582
f 581 699 697
f 581 582 513
f 581 580 513
f 581 699 336
f 581 431 336
f 581 512 582
f 581 580 512
f 581 697 696
f 581 336 696
f 581 336 697
f 581 580 483
f 581 512 511
f 581 580 512
f 581 508 511
f 581 580 508
f 581 508 582
f 581 580 508
f 581 506 582
f 581 580 506
f 581 506 582
f 581 580 506
f 581 491 582
f 581 580 491
f 581 503 582
f 581 580 503
f 581 582 493
f 581 580 493
f 581 503 582
f 581 580 503
f 581 582 493
f 581 580 493
f 581 501 582
f 581 580 501
f 581 582 494
f 581 580 494
f 581 501 582
f 581 580 501
f 581 496 582
f 581 580 496
f 581 499 582
f 581 580 499
f 581 496 497
f 581 580 496
f 581 499 582
f 581 580 499
f 581 497 582
f 581 580 497
f 337 580 699
f 337 581 431
f 337 581 580
f 337 339 701
f 337 701 699
f 337 701 699
f 337 581 699
f 337 581 580
f 337 339 701
f 337 701 703
f 337 339 703
f 337 420 421
f 337 339 420
f 337 211 336
f 337 703 211
f 337 211 336
f 337 336 417
f 337 339 417
f 337 336 416
f 337 339 416
f 337 336 415
f 337 339 415
f 337 339 415
f 337 415 412
f 337 336 412
f 337 336 415
f 337 336 411
f 337 339 411
f 337 410 336
f 337 339 410
f 337 410 336
f 337 336 406
f 337 336 405
f 337 336 405
f 337 336 402
f 337 336 400
f 337 336 400
f 419 341 340
f 419 420 341
f 419 339 340
f 419 339 420
f 419 341 342
f 419 420 341
f 419 337 339
f 419 337 339
f 419 342 344
f 419 420 342
f 419 337 336
f 419 337 420
f 419 345 344
f 419 420 345
f 419 420 345
f 419 420 572
f 419 332 331
f 419 420 332
f 419 570 572
f 419 420 570
f 419 330 331
f 419 420 330
f 419 420 570
f 419 330 329
f 419 420 330
f 419 496 497
f 419 570 497
f 419 570 496
f 419 496 418
f 419 420 496
f 419 328 329
f 419 420 328
f 419 494 418
f 419 420 494
f 419 328 327
f 419 420 328
f 419 493 494
f 419 420 493
f 419 326 327
f 419 420 326
f 419 493 492
f 419 420 493
f 419 326 325
f 419 420 326
f 419 491 492
f 419 420 491
f 419 324 325
f 419 420 324
f 419 324 323
f 419 420 324
f 419 322 323
f 419 420 322
f 419 322 321
f 419 420 322
f 419 320 321
f 419 420 320
f 419 320 319
f 419 420 320
f 419 318 319
f 419 420 318
f 419 318 317
f 419 420 318
f 419 316 317
f 419 420 316
f 419 316 315
f 419 420 316
f 419 315 314
f 419 420 315
f 419 313 314
f 419 420 313
f 419 287 286
f 419 420 287
f 419 313 312
f 419 420 313
f 419 288 287
f 419 420 288
f 419 311 312
f 419 420 311
f 419 288 289
f 419 420 288
f 419 311 310
f 419 420 311
f 419 291 289
f 419 420 291
f 419 309 310
f 419 420 309
f 419 291 292
f 419 420 291
f 419 309 308
f 419 420 309
f 419 308 307
f 419 420 308
f 419 294 295
f 419 294 420
f 419 306 307
f 419 420 306
f 419 296 295
f 419 420 296
f 419 305 306
f 419 305 420
f 419 296 297
f 419 420 296
f 419 305 304
f 419 305 420
f 419 298 297
f 419 420 298
f 419 303 304
f 419 420 303
f 419 299 298
f 419 299 420
f 419 302 303
f 419 420 302
f 419 299 300
f 419 299 420
f 419 302 301
f 419 420 302
f 419 300 301
f 419 420 300
f 335 214 699
f 335 699 336
f 335 334 699
f 335 336 697
f 335 334 697
f 335 336 210
f 335 336 696
f 335 695 696
f 335 334 695
f 335 431 336
f 335 695 583
f 335 334 695
f 335 420 421
f 335 334 420
f 335 419 420
f 335 419 334
f 335 334 386
f 335 419 336
f 335 419 334
f 335 334 391
f 335 336 417
f 335 334 417
f 335 336 392
f 335 334 392
f 335 336 416
f 335 334 416
f 335 336 393
f 335 334 393
f 335 336 415
f 335 334 415
f 335 336 393
f 335 334 393
f 335 336 415
f 335 334 415
f 335 336 395
f 335 334 395
f 335 336 412
f 335 334 412
f 335 336 395
f 335 334 395
f 335 336 411
f 335 334 411
f 335 336 399
f 335 334 399
f 335 410 336
f 335 334 410
f 335 336 400
f 335 334 400
f 335 410 336
f 335 336 400
f 335 334 400
f 335 336 406
f 335 334 406
f 335 410 408
f 335 334 408
f 335 334 410
f 335 336 402
f 335 334 402
f 335 336 405
f 335 334 405
f 335 336 405
f 335 334 405
f 333 334 697
f 333 695 217
f 333 695 332
f 333 334 695
f 333 695 332
f 333 334 695
f 333 332 214
f 333 210 209
f 333 332 210
f 333 420 332
f 333 334 420
f 333 419 420
f 333 419 334
f 333 419 332
f 333 419 334
f 333 332 417
f 333 334 417
f 333 332 416
f 333 334 416
f 333 332 415
f 333 334 415
f 333 332 415
f 333 334 415
f 333 332 412
f 333 334 412
f 333 332 384
f 333 334 384
f 333 332 411
f 333 334 411
f 333 332 385
f 333 334 385
f 333 332 410
f 333 334 410
f 333 332 386
f 333 334 386
f 333 332 410
f 333 334 410
f 333 332 391
f 333 334 391
f 333 332 408
f 333 334 408
f 333 332 392
f 333 334 392
f 333 332 406
f 333 334 406
f 333 332 393
f 333 334 393
f 333 332 405
f 333 334 405
f 333 332 393
f 333 334 393
f 333 332 405
f 333 334 405
f 333 332 395
f 333 334 395
f 333 332 402
f 333 334 402
f 333 332 395
f 333 334 395
f 333 332 400
f 333 334 400
f 333 332 399
f 333 334 399
f 333 332 400
f 333 334 400
f 637 642 643
f 637 640 643
f 637 640 642
f 637 642 641
f 637 636 668
f 637 641 668
f 637 641 636
f 637 636 647
f 637 461 636
f 637 459 635
f 637 640 635
f 445 302 444
f 445 446 444
f 445 446 302
f 445 302 444
f 445 446 302
f 445 300 444
f 445 446 300
f 445 299 300
f 445 299 446
f 445 299 298
f 445 299 446
f 445 298 444
f 445 446 298
f 445 296 444
f 445 446 296
f 445 296 295
f 445 446 296
f 445 294 295
f 445 294 446
f 445 290 291
f 445 446 468
f 447 448 300
f 447 446 300
f 447 446 448
f 447 299 448
f 447 299 446
f 447 299 448
f 447 299 446
f 447 448 298
f 447 446 298
f 447 296 448
f 447 446 296
f 447 296 448
f 447 446 296
f 447 294 448
f 447 294 446
f 447 448 291
f 447 445 291
f 447 445 446
f 447 448 290
f 447 445 290
f 447 448 290
f 447 445 290
f 447 445 288
f 447 449 288
f 447 449 448
f 447 445 288
f 447 449 288
f 447 445 287
f 447 449 287
f 447 445 286
f 447 449 464
f 447 445 283
f 447 465 464
f 447 449 462
f 447 445 462
f 447 445 461
f 447 445 283
f 450 451 298
f 450 449 298
f 450 449 451
f 450 296 451
f 450 449 296
f 450 296 295
f 450 449 296
f 450 294 295
f 450 294 449
f 450 290 451
f 450 290 291
f 450 449 291
f 450 449 290
f 450 290 451
f 450 449 290
f 450 288 451
f 450 449 288
f 450 288 287
f 450 449 288
f 450 287 451
f 450 449 287
f 450 285 286
f 450 285 451
f 450 447 286
f 450 447 449
f 450 452 285
f 450 452 285
f 450 447 283
f 450 452 283
f 450 447 283
f 450 461 452
f 450 452 283
f 450 453 461
f 450 453 452
f 450 449 462
f 450 461 463
f 450 461 462
f 450 447 449
f 450 447 461
f 450 447 445
f 450 465 463
f 450 449 465
f 450 449 465
f 706 22 707
f 706 22 25
f 706 22 25
f 706 576 705
f 706 705 704
f 706 25 704
f 706 25 707
f 706 577 707
f 706 577 576
f 706 577 576
f 706 576 707
f 706 576 705
f 706 31 707
f 706 31 705
f 706 574 707
f 706 705 574
f 706 31 32
f 706 31 32
f 706 574 573
f 706 705 574
f 706 32 36
f 706 32 705
f 706 708 573
f 706 705 36
f 706 708 36
f 706 708 36
f 706 38 708
f 706 38 705
f 706 572 573
f 706 572 708
f 706 572 708
f 706 573 342
f 706 705 573
f 706 708 342
f 706 38 708
f 706 38 705
f 706 708 207
f 706 705 207
f 706 708 39
f 706 705 39
f 706 208 708
f 706 208 705
f 706 705 132
f 706 208 705
f 706 709 132
f 706 709 708
f 706 709 208
f 706 709 208
f 21 22 678
f 21 23 677
f 21 22 23
f 21 23 162
f 21 22 23
f 21 22 164
f 552 366 362
f 552 550 571
f 552 550 551
f 552 188 366
f 552 571 574
f 552 551 571
f 552 188 186
f 552 579 574
f 552 579 551
f 552 186 728
f 552 186 187
f 552 188 187
f 552 188 186
f 552 584 579
f 552 584 579
f 552 729 728
f 552 729 728
f 552 727 728
f 552 186 727
f 552 186 727
f 552 584 553
f 552 584 551
f 552 1 729
f 552 1 729
f 552 595 553
f 552 551 595
f 552 1 551
f 552 597 595
f 552 551 597
f 552 551 677
f 552 1 677
f 552 1 553
f 552 597 599
f 552 551 597
f 552 551 674
f 552 675 674
f 552 675 674
f 552 673 674
f 552 676 553
f 552 675 676
f 552 675 676
f 552 673 553
f 552 673 674
f 552 671 553
f 552 671 674
f 552 551 671
f 552 669 671
f 552 669 551
f 552 611 553
f 552 611 551
f 552 669 667
f 552 669 551
f 552 616 553
f 552 551 616
f 552 666 667
f 552 551 666
f 552 619 616
f 552 551 619
f 552 665 666
f 552 665 551
f 552 620 619
f 552 620 551
f 552 665 553
f 552 665 551
f 552 620 623
f 552 620 551
f 552 551 650
f 552 551 624
f 552 553 664
f 552 650 664
f 552 551 650
f 552 623 553
f 552 624 623
f 552 551 624
f 552 553 649
f 552 551 649
f 367 366 547
f 367 368 545
f 367 366 545
f 367 368 326
f 367 366 326
f 367 368 326
f 367 366 326
f 367 368 275
f 367 366 275
f 367 368 324
f 367 366 324
f 367 368 282
f 367 366 282
f 367 368 324
f 367 366 324
f 367 368 282
f 367 366 282
f 367 368 322
f 367 366 322
f 367 368 287
f 367 366 287
f 367 368 322
f 367 366 322
f 367 368 291
f 367 366 291
f 367 368 320
f 367 366 320
f 367 368 291
f 367 366 291
f 367 368 320
f 367 366 320
f 367 368 318
f 367 366 318
f 367 294 368
f 367 294 366
f 367 368 318
f 367 366 318
f 367 368 296
f 367 366 296
f 367 368 314
f 367 366 314
f 367 368 296
f 367 366 296
f 367 368 313
f 367 366 313
f 367 368 298
f 367 366 298
f 367 368 313
f 367 366 313
f 367 299 368
f 367 299 366
f 367 368 309
f 367 366 309
f 367 299 368
f 367 299 366
f 367 368 309
f 367 366 309
f 367 368 300
f 367 366 300
f 367 368 308
f 367 366 308
f 367 368 302
f 367 366 302
f 367 368 306
f 367 366 306
f 367 368 302
f 367 366 302
f 367 305 368
f 367 305 366
f 367 368 303
f 367 366 303
f 367 305 368
f 367 305 366
f 213 140 137
f 213 140 137
f 213 140 142
f 213 140 214
f 213 135 134
f 213 135 214
f 213 145 142
f 213 145 214
f 213 133 134
f 213 214 133
f 213 145 147
f 213 145 214
f 213 133 132
f 213 214 133
f 213 150 147
f 213 150 214
f 213 701 132
f 213 701 214
f 213 153 150
f 213 153 150
f 213 701 214
f 213 153 155
f 213 153 214
f 213 335 336
f 213 335 214
f 213 337 336
f 213 337 701
f 213 337 701
f 213 158 155
f 213 214 158
f 213 335 334
f 213 158 161
f 213 214 158
f 213 335 210
f 213 335 334
f 213 164 161
f 213 164 214
f 213 333 214
f 213 333 334
f 213 333 334
f 213 164 166
f 213 164 214
f 213 210 166
f 213 210 166
f 213 214 166
f 213 172 210
f 213 214 172
f 213 172 210
f 213 214 210
f 213 214 172
f 216 140 137
f 216 140 217
f 216 135 217
f 216 135 214
f 216 217 133
f 216 214 133
f 216 143 217
f 216 143 145
f 216 143 145
f 216 145 147
f 216 217 133
f 216 214 133
f 216 150 147
f 216 214 699
f 216 153 150
f 216 699 697
f 216 697 696
f 216 217 696
f 216 334 699
f 216 335 214
f 216 335 334
f 216 335 334
f 216 333 697
f 216 333 217
f 216 333 334
f 216 333 332
f 218 140 137
f 218 140 217
f 218 135 217
f 218 143 217
f 218 217 133
f 218 143 145
f 218 217 133
f 218 220 133
f 218 145 147
f 218 695 217
f 218 695 220
f 218 148 147
f 218 695 332
f 218 148 150
f 218 332 217
f 218 695 220
f 218 695 332
f 218 153 150
f 218 330 217
f 218 153 217
f 218 330 329
f 218 158 217
f 218 156 158
f 218 158 161
f 218 164 161
f 218 164 161
f 221 140 222
f 221 140 220
f 221 135 222
f 221 135 220
f 221 143 222
f 221 143 220
f 221 222 133
f 221 220 133
f 221 143 145
f 221 143 145
f 221 222 133
f 221 220 133
f 221 145 147
f 221 145 220
f 221 220 132
f 221 148 147
f 221 148 220
f 221 691 132
f 221 222 691
f 221 148 150
f 221 148 150
f 221 328 691
f 221 328 222
f 221 328 329
f 221 220 329
f 221 220 328
f 221 328 222
f 221 153 222
f 221 156 222
f 221 156 158
f 221 158 222
f 221 161 222
f 221 164 222
f 221 161 222
f 223 140 222
f 223 140 224
f 223 135 222
f 223 135 224
f 223 143 222
f 223 143 224
f 223 222 133
f 223 224 133
f 223 143 145
f 223 143 145
f 223 222 133
f 223 224 133
f 223 145 147
f 223 145 224
f 223 222 132
f 223 148 147
f 223 148 224
f 223 104 132
f 223 224 104
f 223 224 104
f 223 224 99
f 223 148 150
f 223 148 150
f 223 691 99
f 223 222 691
f 223 689 691
f 223 224 689
f 223 328 222
f 223 153 222
f 223 153 224
f 223 328 689
f 223 224 328
f 223 224 328
f 223 156 222
f 223 156 224
f 223 326 222
f 223 328 222
f 223 328 326
f 223 224 326
f 223 156 158
f 223 156 224
f 223 224 324
f 223 158 222
f 223 224 158
f 223 161 222
f 223 224 161
f 223 161 222
f 223 224 161
f 223 164 222
f 223 164 224
f 223 188 186
f 223 164 222
f 223 164 224
f 223 186 224
f 223 167 222
f 223 167 224
f 223 182 224
f 223 167 168
f 223 167 168
f 223 182 224
f 223 168 222
f 223 168 224
f 223 224 180
f 223 170 222
f 223 170 224
f 223 224 178
f 223 171 170
f 223 171 170
f 223 175 222
f 223 175 224
f 223 171 172
f 223 171 224
f 223 175 222
f 223 175 224
f 223 173 172
f 223 173 224
f 223 173 222
f 223 173 224
f 225 140 226
f 225 140 224
f 225 135 226
f 225 135 224
f 225 143 226
f 225 143 224
f 225 226 133
f 225 224 133
f 225 143 145
f 225 143 145
f 225 226 133
f 225 224 133
f 225 145 147
f 225 145 224
f 225 226 104
f 225 224 104
f 225 148 147
f 225 148 224
f 225 226 104
f 225 224 104
f 225 148 150
f 225 148 150
f 225 226 99
f 225 224 99
f 225 226 689
f 225 224 689
f 225 153 226
f 225 153 224
f 225 224 689
f 225 156 226
f 225 156 224
f 225 324 689
f 225 324 226
f 225 224 324
f 225 156 158
f 225 156 224
f 225 324 226
f 225 224 324
f 225 158 226
f 225 224 158
f 225 322 226
f 225 224 161
f 225 226 160
f 225 161 160
f 225 161 226
f 225 161 226
f 225 224 161
f 225 165 164
f 225 165 164
f 225 165 226
f 225 165 224
f 225 198 226
f 225 198 226
f 225 226 197
f 225 167 226
f 225 167 224
f 225 226 195
f 225 167 168
f 225 167 168
f 225 226 191
f 225 224 191
f 225 168 226
f 225 168 224
f 225 188 226
f 225 188 224
f 225 170 226
f 225 170 224
f 225 188 186
f 225 188 186
f 225 171 170
f 225 171 170
f 225 186 226
f 225 186 224
f 225 171 172
f 225 171 224
f 225 182 226
f 225 182 224
f 225 173 172
f 225 173 224
f 225 182 180
f 225 182 224
f 225 175 173
f 225 175 173
f 225 180 226
f 225 224 180
f 225 175 226
f 225 175 224
f 225 226 178
f 225 224 178
f 227 140 226
f 227 140 228
f 227 135 226
f 227 135 228
f 227 143 226
f 227 143 228
f 227 226 133
f 227 228 133
f 227 143 145
f 227 143 145
f 227 226 133
f 227 228 133
f 227 145 147
f 227 145 228
f 227 226 104
f 227 148 147
f 227 148 228
f 227 105 104
f 227 228 105
f 227 226 104
f 227 228 104
f 227 148 150
f 227 148 150
f 227 226 99
f 227 228 99
f 227 153 226
f 227 687 688
f 227 226 688
f 227 687 99
f 227 228 99
f 227 228 687
f 227 156 226
f 227 156 228
f 227 687 323
f 227 226 323
f 227 322 687
f 227 228 322
f 227 322 226
f 227 156 226
f 227 156 228
f 227 322 226
f 227 228 322
f 227 158 226
f 227 228 158
f 227 228 320
f 227 158 226
f 227 228 158
f 227 226 160
f 227 228 160
f 227 161 226
f 227 228 161
f 227 226 210
f 227 161 226
f 227 228 161
f 227 226 200
f 227 228 200
f 227 198 226
f 227 228 198
f 227 165 164
f 227 165 164
f 227 198 226
f 227 228 198
f 227 165 226
f 227 165 228
f 227 226 197
f 227 228 197
f 227 167 226
f 227 167 228
f 227 226 195
f 227 228 195
f 227 167 168
f 227 167 168
f 227 226 191
f 227 228 191
f 227 168 226
f 227 168 228
f 227 188 226
f 227 188 228
f 227 170 226
f 227 170 228
f 227 188 186
f 227 188 186
f 227 171 170
f 227 171 170
f 227 186 226
f 227 186 228
f 227 171 173
f 227 171 173
f 227 182 226
f 227 182 228
f 227 175 173
f 227 175 173
f 227 182 180
f 227 182 228
f 227 175 226
f 227 175 228
f 227 180 226
f 227 228 180
f 227 226 178
f 227 228 178
f 229 140 228
f 229 135 230
f 229 135 228
f 229 143 230
f 229 143 228
f 229 230 133
f 229 228 133
f 229 143 145
f 229 230 133
f 229 228 133
f 229 146 145
f 229 146 145
f 229 146 147
f 229 146 228
f 229 148 147
f 229 148 228
f 229 105 230
f 229 228 105
f 229 230 104
f 229 228 104
f 229 230 99
f 229 228 99
f 229 684 230
f 229 228 684
f 229 156 230
f 229 156 228
f 229 228 684
f 229 156 157
f 229 156 228
f 229 684 451
f 229 684 451
f 229 228 320
f 229 158 157
f 229 228 158
f 229 320 451
f 229 320 451
f 229 320 319
f 229 228 320
f 229 158 230
f 229 228 158
f 229 160 230
f 229 228 160
f 229 319 230
f 229 203 228
f 229 161 160
f 229 228 161
f 229 204 210
f 229 203 204
f 229 203 204
f 229 202 203
f 229 202 203
f 229 161 230
f 229 228 161
f 229 200 230
f 229 228 200
f 229 165 164
f 229 165 164
f 229 198 230
f 229 228 198
f 229 165 166
f 229 165 228
f 229 198 230
f 229 228 198
f 229 167 166
f 229 167 228
f 229 230 197
f 229 228 197
f 229 167 168
f 229 167 168
f 229 195 230
f 229 228 195
f 229 170 168
f 229 170 168
f 229 191 195
f 229 228 191
f 229 171 170
f 229 171 170
f 229 188 191
f 229 188 228
f 229 171 173
f 229 171 173
f 229 188 186
f 229 188 186
f 229 175 173
f 229 175 173
f 229 186 184
f 229 186 228
f 229 175 228
f 229 182 184
f 229 182 228
f 229 228 178
f 229 175 178
f 229 175 230
f 229 182 180
f 229 182 228
f 229 180 230
f 229 228 180
f 141 231 230
f 141 140 231
f 141 229 230
f 141 229 140
f 141 229 140
f 141 231 232
f 141 140 231
f 141 233 232
f 141 140 233
f 141 234 233
f 141 234 140
f 141 234 235
f 141 234 140
f 141 236 235
f 141 236 140
f 141 236 237
f 141 236 140
f 141 238 237
f 141 140 238
f 141 238 239
f 141 140 238
f 141 240 239
f 141 140 240
f 141 140 240
f 141 143 240
f 141 143 240
f 141 143 142
f 141 143 130
f 141 142 48
f 141 130 49
f 141 140 130
f 141 49 48
f 141 140 49
f 141 142 42
f 141 140 42
f 141 142 40
f 141 140 40
f 141 140 142
f 201 198 200
f 201 202 198
f 201 200 197
f 201 202 197
f 201 198 200
f 201 202 200
f 201 202 198
f 201 200 195
f 201 202 195
f 201 185 200
f 201 202 185
f 201 185 200
f 201 202 185
f 201 200 181
f 201 202 181
f 201 179 200
f 201 202 179
f 201 176 179
f 201 202 176
f 201 176 200
f 201 202 176
f 201 200 174
f 201 202 174
f 201 200 166
f 201 202 166
f 201 164 200
f 201 202 164
f 201 164 161
f 201 202 164
f 201 158 161
f 201 202 158
f 201 158 200
f 201 202 158
f 201 153 200
f 201 202 153
f 201 153 150
f 201 202 153
f 201 150 147
f 201 202 150
f 201 145 147
f 201 202 145
f 201 145 200
f 201 202 145
f 201 140 200
f 201 202 140
f 201 140 200
f 201 202 140
f 201 202 714
f 201 717 714
f 201 200 717
f 201 200 717
f 201 202 713
f 201 348 345
f 201 345 200
f 201 202 345
f 201 343 200
f 201 202 343
f 201 202 343
f 201 309 343
f 201 309 343
f 201 202 309
f 201 309 308
f 201 202 309
f 201 308 307
f 201 248 308
f 201 306 307
f 201 248 306
f 201 248 306
f 201 248 246
f 201 202 246
f 201 248 246
f 201 243 246
f 201 243 202
f 201 243 240
f 201 243 202
f 201 236 240
f 201 236 202
f 201 236 231
f 201 236 202
f 201 231 200
f 201 202 231
f 201 229 200
f 201 229 202
f 201 229 228
f 201 229 202
f 201 227 228
f 201 227 210
f 201 202 228
f 201 227 228
f 201 210 200
f 201 202 210
f 201 208 200
f 201 202 208
f 201 208 207
f 201 202 208
f 201 207 200
f 201 202 207
f 201 205 200
f 201 202 205
f 201 205 204
f 201 202 205
f 201 203 204
f 201 202 203
f 201 202 203
f 115 114 132
f 115 116 132
f 115 114 69
f 115 116 69
f 115 114 71
f 115 114 235
f 115 236 235
f 115 236 114
f 115 116 237
f 115 236 237
f 115 236 237
f 115 71 69
f 115 116 69
f 115 116 71
f 115 72 114
f 115 116 72
f 115 238 237
f 115 116 238
f 115 238 114
f 115 116 238
f 115 72 114
f 115 113 114
f 115 116 72
f 115 240 114
f 115 116 240
f 115 116 253
f 115 113 253
f 115 116 254
f 115 113 254
f 115 116 73
f 115 113 73
f 115 113 116
f 115 240 241
f 115 116 240
f 115 116 253
f 115 113 114
f 115 113 253
f 115 116 256
f 115 113 256
f 115 241 114
f 115 116 241
f 115 251 114
f 115 116 251
f 115 116 256
f 115 113 256
f 115 113 116
f 115 243 114
f 115 243 116
f 115 251 250
f 115 116 251
f 115 243 244
f 115 243 116
f 115 250 249
f 115 116 250
f 115 244 245
f 115 116 244
f 115 248 249
f 115 248 116
f 115 246 245
f 115 116 246
f 115 248 114
f 115 248 116
f 115 246 114
f 115 116 246
f 120 121 239
f 120 119 239
f 120 240 121
f 120 119 240
f 120 64 66
f 120 64 121
f 120 66 132
f 120 119 132
f 120 119 66
f 120 121 66
f 120 119 66
f 120 240 241
f 120 119 240
f 120 121 66
f 120 64 66
f 120 64 121
f 120 68 121
f 120 119 68
f 120 241 242
f 120 119 241
f 120 68 121
f 120 119 68
f 120 243 242
f 120 243 119
f 120 121 71
f 120 119 71
f 120 243 244
f 120 243 119
f 120 72 121
f 120 119 72
f 120 244 245
f 120 119 244
f 120 72 121
f 120 119 72
f 120 246 245
f 120 119 246
f 120 246 121
f 120 119 246
f 120 248 121
f 120 248 119
f 120 248 249
f 120 248 119
f 120 266 121
f 120 119 266
f 120 250 249
f 120 119 250
f 120 266 264
f 120 119 266
f 120 251 250
f 120 119 251
f 120 264 121
f 120 119 264
f 120 251 121
f 120 119 251
f 120 253 121
f 120 119 253
f 120 260 258
f 120 260 119
f 120 253 121
f 120 119 253
f 120 256 258
f 120 119 256
f 120 256 121
f 120 119 256
f 118 238 117
f 118 119 238
f 118 117 132
f 118 119 132
f 118 238 117
f 118 119 238
f 118 117 66
f 118 119 66
f 118 240 117
f 118 119 240
f 118 117 68
f 118 240 117
f 118 119 240
f 118 68 66
f 118 119 66
f 118 119 68
f 118 117 68
f 118 119 68
f 118 117 241
f 118 119 241
f 118 117 69
f 118 119 69
f 118 243 117
f 118 243 119
f 118 117 71
f 118 119 71
f 118 243 244
f 118 243 119
f 118 117 72
f 118 119 72
f 118 244 117
f 118 119 244
f 118 117 72
f 118 119 72
f 118 246 117
f 118 119 246
f 118 117 83
f 118 119 83
f 118 246 117
f 118 119 246
f 118 113 117
f 118 248 117
f 118 248 119
f 118 248 117
f 118 248 119
f 118 119 269
f 118 113 269
f 118 113 117
f 118 250 117
f 118 119 250
f 118 117 266
f 118 119 266
f 118 251 250
f 118 119 251
f 118 117 266
f 118 119 266
f 118 251 117
f 118 119 251
f 118 117 264
f 118 119 264
f 118 117 253
f 118 119 253
f 118 117 253
f 118 119 253
f 118 260 117
f 118 260 119
f 118 256 117
f 118 119 256
f 118 256 117
f 118 119 256
f 106 105 79
f 106 107 79
f 106 105 79
f 106 107 79
f 106 105 81
f 106 107 81
f 106 105 81
f 106 81 82
f 106 107 81
f 106 105 82
f 106 84 105
f 106 107 84
f 106 237 235
f 106 85 84
f 106 85 107
f 106 238 237
f 106 85 107
f 106 238 105
f 106 85 105
f 106 85 86
f 106 240 105
f 106 87 86
f 106 107 87
f 106 240 241
f 106 105 262
f 106 264 262
f 106 266 264
f 106 107 266
f 106 107 266
f 106 107 264
f 106 87 88
f 106 107 87
f 106 241 242
f 106 89 88
f 106 107 89
f 106 107 89
f 106 243 242
f 106 260 259
f 106 260 107
f 106 243 244
f 106 259 258
f 106 107 259
f 106 244 245
f 106 258 257
f 106 107 258
f 106 246 245
f 106 107 246
f 106 256 257
f 106 107 256
f 106 246 105
f 106 107 246
f 106 256 105
f 106 107 256
f 106 248 105
f 106 248 107
f 106 105 254
f 106 107 254
f 106 248 249
f 106 248 107
f 106 253 105
f 106 107 253
f 106 250 249
f 106 107 250
f 106 253 105
f 106 107 253
f 106 251 250
f 106 107 251
f 106 251 105
f 106 107 251
f 111 112 74
f 111 110 74
f 111 110 73
f 111 110 76
f 111 72 73
f 111 112 72
f 111 112 72
f 111 110 132
f 111 76 74
f 111 112 74
f 111 110 76
f 111 114 132
f 111 112 114
f 111 112 114
f 111 110 233
f 111 76 77
f 111 112 77
f 111 112 77
f 111 110 77
f 111 234 112
f 111 234 233
f 111 234 110
f 111 112 81
f 111 234 112
f 111 234 110
f 111 81 79
f 111 110 79
f 111 110 81
f 111 112 81
f 111 110 81
f 111 236 112
f 111 236 110
f 111 84 112
f 111 236 112
f 111 236 110
f 111 107 84
f 111 110 107
f 111 85 84
f 111 238 112
f 111 110 238
f 111 85 107
f 111 238 112
f 111 110 238
f 111 110 107
f 111 107 112
f 111 85 112
f 111 85 107
f 111 240 112
f 111 110 240
f 111 112 266
f 111 107 266
f 111 112 266
f 111 110 266
f 111 240 112
f 111 110 240
f 111 112 269
f 111 107 269
f 111 107 112
f 111 112 264
f 111 110 264
f 111 112 241
f 111 110 241
f 111 243 112
f 111 243 110
f 111 260 112
f 111 260 110
f 111 243 244
f 111 243 110
f 111 112 258
f 111 110 258
f 111 244 112
f 111 110 244
f 111 256 112
f 111 110 256
f 111 246 112
f 111 110 246
f 111 256 112
f 111 110 256
f 111 246 112
f 111 110 246
f 111 112 254
f 111 110 254
f 111 248 112
f 111 248 110
f 111 112 253
f 111 110 253
f 111 248 112
f 111 248 110
f 111 112 253
f 111 110 253
f 111 250 112
f 111 110 250
f 111 251 112
f 111 110 251
f 111 251 250
f 111 110 251
f 108 76 74
f 108 76 104
f 108 106 107
f 108 104 132
f 108 105 104
f 108 76 104
f 108 105 104
f 108 105 77
f 108 106 105
f 108 229 230
f 108 231 230
f 108 229 228
f 108 227 105
f 108 227 228
f 108 227 228
f 108 229 228
f 108 229 105
f 108 231 105
f 108 231 232
f 108 233 232
f 108 234 233
f 108 234 235
f 108 106 235
f 108 236 237
f 108 106 237
f 108 106 238
f 108 106 238
f 108 106 240
f 108 106 240
f 108 106 241
f 108 106 243
f 108 106 243
f 108 106 244
f 108 106 107
f 108 107 246
f 108 107 246
f 108 248 107
f 108 248 107
f 108 107 250
f 108 107 251
f 108 107 251
f 108 107 253
f 108 107 253
f 723 192 557
f 723 722 557
f 723 722 192
f 723 192 557
f 723 724 192
f 723 557 556
f 723 724 556
f 723 724 557
f 723 724 557
f 723 722 557
f 723 724 192
f 723 722 192
f 723 724 559
f 723 722 559
f 723 724 193
f 723 722 193
f 723 724 559
f 723 722 559
f 723 724 36
f 723 722 36
f 723 724 561
f 723 722 561
f 723 724 31
f 723 722 31
f 723 722 561
f 723 724 31
f 723 722 31
f 723 561 562
f 723 724 561
f 723 722 562
f 723 724 25
f 723 722 25
f 723 724 678
f 723 722 678
f 723 22 724
f 723 722 22
f 723 724 718
f 723 722 718
f 723 22 724
f 723 722 22
f 723 722 719
f 723 724 14
f 723 722 14
f 723 719 717
f 723 724 717
f 723 722 719
f 723 724 14
f 723 722 14
f 360 552 188
f 360 188 189
f 360 189 554
f 435 478 481
f 435 478 583
f 435 333 334
f 476 601 477
f 476 475 601
f 476 601 600
f 476 475 601
f 476 600 477
f 476 609 608
f 476 609 475
f 476 598 477
f 476 598 600
f 476 475 598
f 476 598 477
f 476 594 477
f 476 473 598
f 476 475 473
f 476 614 477
f 476 614 475
f 476 473 594
f 476 594 477
f 476 477 616
f 476 475 616
f 476 473 594
f 476 477 616
f 476 475 616
f 476 592 477
f 476 473 592
f 476 477 618
f 476 475 618
f 476 592 591
f 476 473 592
f 476 477 619
f 476 475 619
f 476 589 591
f 476 473 589
f 476 620 477
f 476 475 620
f 476 589 588
f 476 473 589
f 476 620 621
f 476 475 620
f 476 588 587
f 476 473 588
f 476 622 621
f 476 475 622
f 476 586 587
f 476 586 473
f 476 586 473
f 476 622 477
f 476 475 622
f 476 624 477
f 476 475 624
f 476 630 631
f 476 475 631
f 476 475 630
f 476 475 630
f 476 624 626
f 476 475 624
f 476 627 477
f 476 475 627
f 476 627 626
f 476 475 627
f 603 465 468
f 603 475 473
f 603 459 465
f 603 476 475
f 603 476 477
f 603 478 477
f 603 680 602
f 603 456 680
f 603 456 680
f 603 602 678
f 603 602 678
f 603 483 485
f 603 599 602
f 603 599 676
f 603 565 599
f 603 565 567
f 603 557 599
f 603 491 602
f 603 571 567
f 603 557 556
f 603 493 602
f 603 555 556
f 603 493 602
f 603 554 555
f 603 602 494
f 603 554 599
f 603 496 602
f 603 552 599
f 603 496 497
f 603 552 551
f 603 497 498
f 603 548 551
f 603 499 498
f 603 547 548
f 603 499 500
f 603 547 599
f 603 501 500
f 603 599 545
f 603 599 602
f 603 543 602
f 603 501 502
f 603 543 602
f 603 503 502
f 603 602 540
f 603 503 602
f 603 602 540
f 603 602 504
f 603 602 537
f 603 506 602
f 603 536 602
f 603 506 507
f 603 536 602
f 603 508 507
f 603 534 602
f 603 508 509
f 603 534 602
f 603 509 602
f 603 532 602
f 603 511 602
f 603 531 532
f 603 512 511
f 603 531 530
f 603 512 513
f 603 529 530
f 603 513 514
f 603 529 602
f 603 515 514
f 603 527 602
f 603 515 602
f 603 526 527
f 603 517 602
f 603 517 518
f 603 523 602
f 603 518 519
f 603 522 523
f 603 519 602
f 603 522 521
f 603 521 602
f 471 601 468
f 471 598 468
f 471 598 468
f 471 594 468
f 471 594 468
f 471 446 448
f 467 609 608
f 467 609 465
f 467 603 465
f 467 614 468
f 467 468 616
f 467 468 616
f 467 468 618
f 467 468 619
f 467 620 468
f 467 620 468
f 467 622 468
f 467 622 468
f 467 468 624
f 467 468 624
f 467 445 446
f 467 465 448
f 467 447 465
f 467 446 448
f 467 447 446
f 458 609 459
f 458 603 459
f 458 459 601
f 458 459 601
f 458 459 617
f 458 614 617
f 458 614 459
f 458 459 598
f 458 92 618
f 458 459 618
f 458 459 598
f 458 92 619
f 458 459 619
f 458 629 91
f 458 459 594
f 458 620 92
f 458 459 620
f 458 629 626
f 458 459 629
f 458 633 629
f 458 459 633
f 458 459 594
f 458 620 621
f 458 459 620
f 458 89 275
f 458 626 92
f 458 459 626
f 458 633 91
f 458 459 633
f 458 459 592
f 458 622 621
f 458 459 622
f 458 89 90
f 458 459 90
f 458 637 459
f 458 622 92
f 458 459 622
f 458 459 454
f 458 592 591
f 458 459 592
f 458 453 455
f 458 453 459
f 458 453 459
f 458 459 465
f 458 459 465
f 480 609 608
f 480 603 481
f 480 603 478
f 480 481 601
f 480 478 601
f 480 614 481
f 480 481 601
f 480 478 601
f 480 481 616
f 480 481 600
f 480 478 600
f 480 481 616
f 480 481 598
f 480 478 598
f 480 481 618
f 480 481 598
f 480 478 598
f 480 481 619
f 480 481 597
f 480 478 597
f 480 481 620
f 480 481 595
f 480 478 595
f 480 481 620
f 480 481 594
f 480 478 594
f 480 481 621
f 480 481 594
f 480 478 594
f 480 478 481
f 480 481 624
f 480 481 624
f 480 481 627
f 480 481 627
f 480 481 628
f 480 435 478
f 482 609 608
f 482 609 483
f 482 603 481
f 482 603 483
f 482 481 601
f 482 483 601
f 482 614 481
f 482 614 483
f 482 481 601
f 482 483 601
f 482 481 616
f 482 483 616
f 482 481 600
f 482 483 600
f 482 481 616
f 482 483 616
f 482 481 598
f 482 483 598
f 482 481 618
f 482 483 618
f 482 481 598
f 482 483 598
f 482 481 619
f 482 483 619
f 482 481 597
f 482 483 597
f 482 481 620
f 482 483 620
f 482 481 595
f 482 483 595
f 482 481 620
f 482 481 594
f 482 483 594
f 482 481 621
f 482 481 594
f 482 483 594
f 482 481 624
f 482 592 481
f 482 483 592
f 482 481 624
f 482 592 481
f 482 483 592
f 482 481 627
f 482 589 481
f 482 483 589
f 482 481 627
f 482 589 481
f 482 483 589
f 482 481 588
f 482 483 588
f 482 586 481
f 482 586 483
f 482 586 585
f 482 586 585
f 482 585 481
f 482 585 483
f 482 435 481
f 482 481 583
f 482 483 583
f 482 581 483
f 484 609 608
f 484 609 483
f 484 614 485
f 484 614 483
f 484 485 616
f 484 483 616
f 484 483 616
f 484 616 618
f 484 485 616
f 484 483 618
f 484 485 619
f 484 483 619
f 484 620 485
f 484 483 620
f 484 620 485
f 484 485 621
f 484 482 620
f 484 482 483
f 484 482 621
f 484 485 624
f 484 482 624
f 484 485 624
f 484 482 624
f 484 627 485
f 484 482 627
f 484 627 485
f 484 482 627
f 484 485 628
f 484 481 628
f 484 482 481
f 484 480 481
f 484 480 425
f 486 609 608
f 486 609 487
f 486 603 485
f 486 603 487
f 486 601 485
f 486 487 601
f 486 614 485
f 486 614 487
f 486 601 485
f 486 487 601
f 486 485 616
f 486 487 616
f 486 485 600
f 486 487 600
f 486 485 616
f 486 487 616
f 486 598 485
f 486 487 598
f 486 485 619
f 486 487 619
f 486 598 485
f 486 487 598
f 486 620 485
f 486 487 620
f 486 485 597
f 486 487 597
f 486 620 485
f 486 485 595
f 486 487 595
f 486 485 621
f 486 594 485
f 486 487 594
f 486 485 624
f 486 594 485
f 486 487 594
f 486 485 624
f 486 592 485
f 486 487 592
f 486 627 485
f 486 592 591
f 486 487 592
f 486 627 485
f 486 591 485
f 486 487 591
f 486 589 485
f 486 487 589
f 486 589 588
f 486 487 589
f 486 588 485
f 486 487 588
f 486 586 487
f 486 483 485
f 486 586 483
f 486 586 585
f 486 586 585
f 486 585 487
f 486 483 431
f 486 483 431
f 486 580 487
f 486 585 483
f 486 487 583
f 486 580 483
f 486 581 580
f 486 483 583
f 486 581 487
f 486 581 580
f 486 581 483
f 488 609 608
f 488 609 487
f 488 487 489
f 488 603 489
f 488 603 487
f 488 614 489
f 488 614 487
f 488 489 616
f 488 487 616
f 488 489 616
f 488 487 616
f 488 489 619
f 488 487 619
f 488 489 620
f 488 487 620
f 488 489 620
f 488 486 620
f 488 486 487
f 488 489 621
f 488 486 621
f 488 489 624
f 488 486 624
f 488 489 624
f 488 486 624
f 488 489 627
f 488 486 627
f 488 489 627
f 488 486 627
f 488 489 628
f 488 485 628
f 488 486 485
f 488 425 487
f 488 486 425
f 488 484 485
f 488 420 421
f 488 419 420
f 488 419 489
f 490 609 608
f 490 609 491
f 490 603 489
f 490 603 491
f 490 489 601
f 490 491 601
f 490 614 489
f 490 614 491
f 490 489 601
f 490 491 601
f 490 489 616
f 490 491 616
f 490 489 600
f 490 491 600
f 490 489 616
f 490 491 616
f 490 489 598
f 490 491 598
f 490 489 619
f 490 491 619
f 490 489 598
f 490 491 598
f 490 489 620
f 490 491 620
f 490 489 597
f 490 491 597
f 490 489 620
f 490 491 620
f 490 489 595
f 490 491 595
f 490 489 621
f 490 491 621
f 490 489 594
f 490 491 594
f 490 489 624
f 490 491 624
f 490 489 594
f 490 491 594
f 490 489 624
f 490 491 624
f 490 592 489
f 490 491 592
f 490 489 627
f 490 491 627
f 490 592 489
f 490 491 592
f 490 489 627
f 490 491 627
f 490 489 591
f 490 491 591
f 490 489 628
f 490 491 628
f 490 589 489
f 490 491 589
f 490 589 489
f 490 491 589
f 490 489 588
f 490 491 588
f 490 586 489
f 490 586 491
f 490 586 585
f 490 586 585
f 490 489 417
f 490 491 417
f 490 585 489
f 490 489 417
f 490 491 417
f 490 489 583
f 490 491 583
f 490 491 584
f 490 585 584
f 490 585 491
f 490 419 489
f 490 419 491
f 490 581 491
f 490 419 420
f 490 419 420
f 490 487 489
f 490 581 487
f 490 581 580
f 490 420 421
f 490 420 491
f 490 581 580
f 490 580 491
f 490 580 487
f 490 577 491
f 490 577 487
f 490 577 491
f 490 577 487
f 428 577 487
f 428 486 431
f 428 486 487
f 428 486 431
f 428 580 431
f 428 337 580
f 428 337 580
f 428 337 431
f 428 484 483
f 428 335 431
f 428 335 334
f 428 333 334
f 428 333 431
f 428 431 332
f 428 431 330
f 428 431 330
f 428 431 328
f 428 431 328
f 428 431 326
f 428 431 324
f 612 611 493
f 612 614 493
f 612 611 491
f 612 614 491
f 612 611 493
f 612 614 493
f 612 490 611
f 612 490 614
f 612 611 494
f 612 614 494
f 612 490 611
f 612 611 496
f 612 614 496
f 612 488 611
f 612 611 496
f 612 614 496
f 612 488 611
f 612 611 497
f 612 614 497
f 612 486 611
f 612 611 499
f 612 614 499
f 612 486 611
f 612 611 499
f 612 614 499
f 612 484 611
f 612 611 501
f 612 614 501
f 612 484 611
f 612 611 501
f 612 614 501
f 612 482 611
f 612 611 503
f 612 614 503
f 612 482 611
f 612 611 503
f 612 614 503
f 612 480 611
f 612 611 504
f 612 614 504
f 612 611 506
f 612 614 506
f 612 611 478
f 612 611 506
f 612 614 506
f 612 476 611
f 612 611 508
f 612 614 508
f 612 476 475
f 612 611 508
f 612 614 508
f 612 611 509
f 612 614 509
f 612 611 511
f 612 614 511
f 612 611 512
f 612 614 512
f 612 467 611
f 612 611 512
f 612 614 512
f 612 467 611
f 612 611 513
f 612 614 513
f 612 611 465
f 612 611 515
f 612 614 515
f 612 611 515
f 612 614 515
f 612 458 611
f 612 611 517
f 612 614 517
f 612 611 517
f 612 614 517
f 612 611 518
f 612 614 518
f 612 611 93
f 612 611 519
f 612 614 519
f 612 611 678
f 612 611 521
f 612 614 521
f 612 611 678
f 612 614 611
f 612 611 522
f 612 614 522
f 612 611 522
f 612 614 522
f 612 611 523
f 612 614 523
f 612 611 526
f 612 614 526
f 612 614 611
f 610 611 493
f 610 609 493
f 610 611 491
f 610 609 491
f 610 611 493
f 610 609 493
f 610 490 611
f 610 490 609
f 610 611 494
f 610 609 494
f 610 490 611
f 610 490 609
f 610 611 496
f 610 609 496
f 610 488 611
f 610 488 609
f 610 611 496
f 610 609 496
f 610 488 611
f 610 488 609
f 610 611 497
f 610 609 497
f 610 486 611
f 610 486 609
f 610 611 499
f 610 609 499
f 610 486 611
f 610 486 609
f 610 611 499
f 610 609 499
f 610 484 611
f 610 484 609
f 610 611 501
f 610 609 501
f 610 484 611
f 610 484 609
f 610 611 501
f 610 609 501
f 610 482 611
f 610 482 609
f 610 611 503
f 610 609 503
f 610 482 611
f 610 482 609
f 610 611 503
f 610 609 503
f 610 480 611
f 610 480 609
f 610 611 504
f 610 609 504
f 610 611 506
f 610 609 506
f 610 611 478
f 610 609 478
f 610 611 506
f 610 609 506
f 610 476 611
f 610 476 609
f 610 611 508
f 610 609 508
f 610 476 475
f 610 476 609
f 610 611 508
f 610 609 508
f 610 609 475
f 610 611 509
f 610 609 509
f 610 611 511
f 610 609 511
f 610 611 512
f 610 609 512
f 610 467 611
f 610 467 609
f 610 611 512
f 610 609 512
f 610 467 611
f 610 467 609
f 610 611 513
f 610 609 513
f 610 611 465
f 610 609 465
f 610 611 515
f 610 609 515
f 610 611 515
f 610 609 515
f 610 458 611
f 610 458 609
f 610 611 517
f 610 609 517
f 610 611 517
f 610 609 517
f 610 611 518
f 610 609 518
f 610 611 678
f 610 609 678
f 610 611 519
f 610 609 519
f 610 611 678
f 610 609 678
f 610 611 521
f 610 609 521
f 610 611 522
f 610 609 522
f 610 611 676
f 610 603 676
f 610 611 522
f 610 609 522
f 610 603 599
f 610 611 565
f 610 611 565
f 610 603 565
f 610 611 523
f 610 609 523
f 610 597 599
f 610 603 571
f 610 611 557
f 610 611 571
f 610 603 571
f 610 597 676
f 610 611 676
f 610 571 597
f 610 611 554
f 610 611 554
f 610 611 557
f 610 611 526
f 610 609 526
f 610 597 590
f 610 571 574
f 610 552 611
f 610 611 555
f 610 611 527
f 610 609 527
f 610 574 590
f 610 574 597
f 610 571 574
f 610 611 571
f 610 552 611
f 610 611 529
f 610 609 529
f 610 611 548
f 610 609 548
f 610 611 529
f 610 609 529
f 610 611 547
f 610 609 547
f 610 611 531
f 610 609 531
f 610 611 547
f 610 609 547
f 610 611 531
f 610 609 531
f 610 611 545
f 610 609 545
f 610 611 532
f 610 609 532
f 610 611 543
f 610 609 543
f 610 611 535
f 610 609 535
f 610 611 543
f 610 609 543
f 610 611 537
f 610 609 537
f 610 611 540
f 610 609 540
f 610 611 537
f 610 609 537
f 610 611 540
f 610 609 540
f 347 202 713
f 347 201 202
f 347 568 713
f 347 201 713
f 347 568 713
f 347 709 568
f 347 349 713
f 347 201 200
f 347 201 348
f 347 349 713
f 347 349 568
f 347 709 570
f 347 349 200
f 347 348 349
f 347 570 568
f 347 570 416
f 347 570 415
f 347 570 417
f 350 349 300
f 350 351 300
f 350 349 302
f 350 351 302
f 350 299 349
f 350 299 351
f 350 349 302
f 350 351 302
f 350 299 349
f 350 299 351
f 350 349 303
f 350 351 303
f 350 349 298
f 350 351 298
f 350 305 349
f 350 305 351
f 350 349 296
f 350 351 296
f 350 305 306
f 350 305 351
f 350 349 296
f 350 351 296
f 350 306 349
f 350 351 306
f 350 294 349
f 350 294 351
f 350 349 308
f 350 351 308
f 350 309 349
f 350 351 309
f 350 351 291
f 350 309 349
f 350 351 309
f 350 291 292
f 350 351 291
f 350 349 319
f 350 351 319
f 350 349 195
f 350 351 195
f 350 349 320
f 350 349 197
f 350 351 197
f 350 355 320
f 350 351 355
f 350 349 320
f 350 349 198
f 350 351 198
f 350 355 320
f 350 349 322
f 350 349 198
f 350 355 322
f 350 349 322
f 350 198 716
f 350 351 198
f 350 355 322
f 350 716 199
f 350 349 199
f 350 351 716
f 350 355 324
f 350 349 324
f 350 349 355
f 350 351 355
f 350 349 714
f 350 355 324
f 350 349 324
f 350 564 714
f 350 351 564
f 350 351 564
f 350 349 568
f 350 351 568
f 350 355 326
f 350 349 326
f 350 349 355
f 350 351 568
f 350 347 568
f 350 347 349
f 350 351 415
f 350 351 400
f 350 347 400
f 350 347 415
f 350 351 411
f 350 351 400
f 350 347 400
f 350 347 411
f 350 351 410
f 350 351 402
f 350 347 402
f 350 347 410
f 350 351 410
f 350 351 405
f 350 347 405
f 350 347 410
f 350 351 406
f 350 351 405
f 350 347 405
f 350 347 406
f 163 248 246
f 163 248 165
f 163 248 165
f 163 246 244
f 163 165 250
f 163 248 160
f 163 248 250
f 163 243 244
f 163 21 162
f 163 21 164
f 163 21 165
f 163 21 165
f 163 243 246
f 163 243 165
f 163 250 252
f 163 165 254
f 163 243 241
f 163 160 162
f 163 243 165
f 163 254 252
f 163 165 256
f 163 240 241
f 163 165 240
f 163 256 254
f 163 165 256
f 163 238 240
f 163 165 238
f 163 256 258
f 163 238 237
f 163 165 238
f 163 236 237
f 163 165 266
f 163 236 165
f 163 165 264
f 163 234 236
f 163 266 264
f 163 234 236
f 163 264 262
f 163 234 233
f 163 234 165
f 163 233 232
f 163 165 164
f 163 165 233
f 163 231 232
f 163 231 164
f 163 231 230
f 163 231 164
f 163 229 230
f 163 229 164
f 163 229 228
f 163 229 164
f 163 227 228
f 163 227 164
f 163 227 226
f 163 227 164
f 163 225 226
f 163 225 164
f 163 164 224
f 163 225 224
f 163 225 164
f 261 260 290
f 261 263 262
f 261 290 262
f 261 290 263
f 261 97 263
f 261 290 291
f 261 260 290
f 261 97 262
f 261 260 97
f 261 96 97
f 261 260 96
f 261 260 96
f 261 291 292
f 261 260 291
f 261 100 262
f 261 260 100
f 261 260 258
f 261 102 100
f 261 260 102
f 261 102 262
f 261 260 102
f 261 171 168
f 261 171 168
f 261 165 168
f 261 165 168
f 261 105 262
f 261 260 105
f 261 171 173
f 261 171 173
f 261 163 165
f 261 163 165
f 261 106 105
f 261 106 260
f 261 175 173
f 261 175 173
f 261 163 262
f 261 163 258
f 261 106 107
f 261 106 260
f 261 175 262
f 261 175 258
f 261 262 157
f 261 258 157
f 261 110 107
f 261 180 262
f 261 258 180
f 261 111 110
f 261 111 260
f 261 182 180
f 261 182 258
f 261 182 258
f 261 260 258
f 261 111 112
f 261 111 260
f 261 129 262
f 261 260 129
f 261 113 112
f 261 260 113
f 261 129 262
f 261 260 129
f 261 113 116
f 261 260 113
f 261 127 262
f 261 260 127
f 261 116 117
f 261 260 116
f 261 127 126
f 261 260 127
f 261 118 117
f 261 118 260
f 261 123 126
f 261 260 123
f 261 118 119
f 261 118 260
f 261 123 121
f 261 260 123
f 261 120 119
f 261 120 260
f 261 120 121
f 261 120 260
f 293 259 452
f 293 294 259
f 293 259 290
f 293 290 451
f 293 452 290
f 293 294 452
f 293 259 258
f 293 294 259
f 293 450 451
f 293 450 294
f 293 294 258
f 293 450 449
f 293 450 294
f 293 261 292
f 293 261 258
f 293 261 258
f 293 292 262
f 293 294 262
f 293 449 448
f 293 294 449
f 293 292 195
f 293 294 195
f 293 447 448
f 293 447 294
f 293 294 349
f 293 447 446
f 293 447 294
f 293 350 292
f 293 350 349
f 293 350 294
f 293 445 446
f 293 445 294
f 293 350 351
f 293 350 294
f 293 351 352
f 293 294 351
f 293 355 352
f 293 294 355
f 293 366 355
f 293 294 366
f 293 367 366
f 293 367 294
f 293 367 368
f 293 367 294
f 293 368 369
f 293 294 368
f 293 369 292
f 293 294 369
f 293 373 292
f 293 294 373
f 293 420 421
f 293 294 420
f 293 373 374
f 293 294 373
f 293 419 420
f 293 419 294
f 293 375 374
f 293 294 375
f 293 419 292
f 293 419 294
f 293 376 375
f 293 294 376
f 293 292 417
f 293 294 417
f 293 376 377
f 293 294 376
f 293 292 416
f 293 294 416
f 293 377 292
f 293 294 377
f 293 292 416
f 293 294 416
f 293 292 380
f 293 294 380
f 293 292 413
f 293 294 413
f 293 292 382
f 293 294 382
f 293 292 412
f 293 294 412
f 293 292 382
f 293 294 382
f 293 411 292
f 293 294 411
f 293 292 386
f 293 294 386
f 293 411 292
f 293 294 411
f 293 292 386
f 293 294 386
f 293 292 408
f 293 294 408
f 293 292 388
f 293 294 388
f 293 292 408
f 293 294 408
f 293 292 389
f 293 294 389
f 293 292 406
f 293 294 406
f 293 292 389
f 293 294 389
f 293 292 406
f 293 294 406
f 293 294 392
f 293 292 403
f 293 294 403
f 293 393 392
f 293 292 393
f 293 294 393
f 293 292 402
f 293 294 402
f 293 292 393
f 293 294 393
f 293 292 402
f 293 294 402
f 293 292 395
f 293 294 395
f 293 292 400
f 293 294 400
f 293 292 395
f 293 294 395
f 293 398 292
f 293 294 398
f 293 397 292
f 293 294 397
f 293 397 398
f 293 294 397
f 525 581 580
f 525 580 522
f 525 581 522
f 525 580 579
f 525 585 522
f 525 580 584
f 525 581 580
f 525 522 576
f 525 522 523
f 525 585 584
f 525 586 585
f 525 576 579
f 525 522 576
f 525 522 392
f 525 586 585
f 525 586 522
f 525 579 529
f 525 579 529
f 525 522 574
f 525 523 524
f 525 523 391
f 525 531 392
f 525 522 393
f 525 586 587
f 525 522 587
f 525 522 523
f 525 574 529
f 525 522 571
f 525 389 524
f 525 389 391
f 525 526 388
f 525 389 388
f 525 526 391
f 525 389 391
f 525 591 526
f 525 523 591
f 525 587 526
f 525 529 526
f 525 531 529
f 525 393 531
f 525 522 393
f 525 571 574
f 525 522 571
f 525 592 591
f 525 592 523
f 525 522 567
f 525 592 595
f 525 592 523
f 525 565 567
f 525 567 531
f 525 393 394
f 525 393 531
f 525 571 531
f 525 571 531
f 525 522 565
f 525 597 595
f 525 523 597
f 525 564 565
f 525 544 531
f 525 395 394
f 525 522 395
f 525 564 522
f 525 597 599
f 525 523 599
f 525 523 597
f 525 563 564
f 525 549 544
f 525 522 544
f 525 522 395
f 525 563 564
f 525 599 602
f 525 599 526
f 525 563 531
f 525 550 549
f 525 550 522
f 525 549 548
f 525 522 548
f 525 522 549
f 525 395 544
f 525 395 544
f 525 603 602
f 525 603 526
f 525 531 561
f 525 550 558
f 525 563 561
f 525 563 522
f 525 531 561
f 525 559 558
f 525 522 559
f 525 522 555
f 525 550 555
f 525 550 522
f 525 522 561
f 525 609 605
f 525 609 605
f 525 559 531
f 525 522 559
f 525 610 609
f 525 610 609
f 525 610 611
f 525 610 611
f 525 612 611
f 525 612 611
f 525 612 614
f 525 612 614
f 525 526 524
f 525 614 524
f 525 614 526
f 338 339 410
f 338 337 410
f 338 337 339
f 338 339 406
f 338 337 406
f 338 339 405
f 338 337 405
f 338 339 405
f 338 337 405
f 338 339 402
f 338 337 402
f 338 339 400
f 338 337 400
f 338 339 400
f 338 337 400
f 338 339 399
f 338 336 399
f 338 337 336
f 338 339 395
f 338 336 395
f 338 339 395
f 338 336 395
f 338 339 393
f 338 336 393
f 338 339 393
f 338 336 393
f 338 339 392
f 338 336 392
f 338 337 336
f 338 335 336
f 338 335 336
f 338 339 211
f 338 337 211
f 338 337 339
f 338 339 210
f 338 335 334
f 338 333 210
f 338 333 334
f 338 339 208
f 338 208 209
f 338 333 209
f 338 208 207
f 338 339 208
f 338 333 332
f 338 343 357
f 338 207 327
f 338 339 207
f 338 355 356
f 338 366 355
f 338 348 355
f 338 348 355
f 338 366 357
f 338 356 343
f 338 205 327
f 338 339 205
f 338 348 343
f 338 348 332
f 338 366 356
f 338 366 355
f 338 333 366
f 338 205 204
f 338 203 204
f 338 203 343
f 338 203 343
f 338 205 343
f 338 339 205
f 638 637 642
f 638 637 640
f 638 637 641
f 638 637 647
f 638 458 637
f 638 637 640
f 638 458 637
f 20 22 19
f 20 21 22
f 20 19 678
f 20 21 678
f 20 22 19
f 20 21 22
f 20 21 677
f 20 21 165
f 20 17 677
f 20 19 17
f 20 19 17
f 20 165 19
f 20 21 165
f 20 19 164
f 20 165 164
f 20 165 19
f 365 366 332
f 365 333 366
f 365 368 371
f 365 368 371
f 365 367 368
f 365 366 330
f 365 366 549
f 365 366 547
f 365 367 366
f 365 371 372
f 365 367 547
f 365 367 368
f 365 366 330
f 365 367 366
f 365 366 550
f 365 547 548
f 365 368 369
f 365 371 372
f 365 550 549
f 365 547 544
f 365 372 544
f 365 373 372
f 365 379 331
f 365 544 545
f 365 369 545
f 365 369 544
f 365 369 544
f 365 371 544
f 365 371 369
f 365 373 372
f 365 373 330
f 365 373 330
f 365 393 544
f 365 393 544
f 365 550 400
f 365 544 392
f 365 330 331
f 365 330 374
f 365 375 374
f 365 379 380
f 365 332 380
f 365 332 384
f 365 333 332
f 365 541 379
f 365 395 544
f 365 549 548
f 365 343 341
f 365 343 393
f 365 395 399
f 365 354 400
f 365 550 400
f 365 544 543
f 365 373 543
f 365 373 374
f 365 375 541
f 365 375 374
f 365 333 334
f 365 395 544
f 365 548 544
f 365 393 392
f 365 341 393
f 365 348 343
f 365 343 395
f 365 343 395
f 365 348 345
f 365 354 353
f 365 354 400
f 365 552 550
f 365 541 391
f 365 544 541
f 365 541 385
f 365 391 386
f 365 384 541
f 365 541 379
f 365 384 541
f 365 343 341
f 365 395 344
f 365 350 347
f 365 352 353
f 365 354 352
f 365 354 402
f 365 400 401
f 365 554 401
f 365 334 384
f 365 338 335
f 365 339 392
f 365 339 392
f 365 339 343
f 365 344 399
f 365 345 344
f 365 347 348
f 365 350 351
f 365 350 347
f 365 351 352
f 365 351 354
f 365 354 405
f 365 335 386
f 365 335 391
f 365 338 335
f 365 338 339
f 365 334 385
f 365 335 334
f 365 338 339
f 365 554 402
f 365 554 555
f 365 405 555
f 365 360 354
f 365 405 555
f 365 555 558
f 365 559 405
f 365 559 405
f 136 213 137
f 136 213 135
f 136 216 137
f 136 216 135
f 136 213 137
f 136 213 135
f 136 216 137
f 136 216 135
f 136 137 211
f 136 135 211
f 136 218 137
f 136 218 135
f 136 137 211
f 136 135 211
f 136 137 208
f 136 135 208
f 136 221 137
f 136 221 135
f 136 137 208
f 136 135 208
f 136 221 137
f 136 221 135
f 136 137 207
f 136 135 207
f 136 223 137
f 136 223 135
f 136 205 137
f 136 135 205
f 136 223 137
f 136 223 135
f 136 205 137
f 136 225 137
f 136 225 135
f 136 137 204
f 136 205 204
f 136 135 205
f 136 225 137
f 136 225 135
f 136 137 711
f 136 135 711
f 136 227 137
f 136 227 135
f 136 137 40
f 136 135 40
f 136 227 137
f 136 227 135
f 136 137 42
f 136 135 42
f 136 229 137
f 136 229 135
f 136 137 131
f 136 135 131
f 136 229 137
f 136 229 135
f 136 238 137
f 136 135 238
f 136 231 137
f 136 135 231
f 136 238 137
f 136 135 238
f 136 231 137
f 136 135 231
f 136 236 137
f 136 236 135
f 136 233 137
f 136 135 233
f 136 236 137
f 136 236 135
f 136 234 233
f 136 234 135
f 136 234 137
f 136 234 135
f 215 140 137
f 215 216 137
f 215 216 140
f 215 140 214
f 215 216 140
f 215 145 214
f 215 216 145
f 215 145 214
f 215 216 145
f 215 150 214
f 215 216 150
f 215 153 150
f 215 216 153
f 215 153 214
f 215 214 158
f 215 153 217
f 215 216 153
f 215 158 217
f 215 214 158
f 215 158 161
f 215 164 214
f 215 164 161
f 215 164 214
f 215 214 166
f 215 218 164
f 215 218 164
f 215 330 217
f 215 332 217
f 215 216 332
f 215 332 214
f 215 167 166
f 215 218 167
f 215 330 327
f 215 333 332
f 215 216 333
f 215 218 167
f 215 218 170
f 215 214 172
f 215 170 172
f 215 210 327
f 215 214 210
f 215 218 330
f 215 218 330
f 215 333 334
f 215 216 334
f 215 216 333
f 215 218 170
f 215 214 172
f 215 326 210
f 215 218 172
f 215 326 210
f 215 218 175
f 215 324 210
f 215 214 176
f 215 175 176
f 215 324 210
f 215 214 176
f 215 322 210
f 215 322 210
f 215 179 178
f 215 214 179
f 215 320 210
f 215 180 179
f 215 214 180
f 215 320 210
f 215 227 228
f 215 228 320
f 215 227 226
f 215 182 180
f 215 227 228
f 215 210 319
f 215 229 319
f 215 229 228
f 215 229 228
f 215 180 210
f 215 214 180
f 215 182 210
f 215 182 210
f 215 210 230
f 215 229 230
f 215 229 210
f 215 210 191
f 215 210 195
f 215 186 210
f 215 188 210
f 215 210 197
f 215 198 210
f 215 188 186
f 219 218 140
f 219 136 137
f 219 136 218
f 219 140 220
f 219 218 140
f 219 136 135
f 219 136 218
f 219 143 220
f 219 218 143
f 219 135 220
f 219 218 135
f 219 143 145
f 219 218 143
f 219 220 133
f 219 218 133
f 219 218 220
f 219 145 220
f 219 218 145
f 219 148 220
f 219 218 148
f 219 148 150
f 219 218 148
f 219 221 150
f 219 218 153
f 219 221 153
f 219 218 156
f 219 221 156
f 219 218 156
f 219 221 156
f 219 221 158
f 219 158 161
f 219 218 158
f 219 221 161
f 219 218 161
f 219 221 161
f 219 218 164
f 219 221 164
f 219 218 164
f 219 218 329
f 219 221 328
f 219 221 220
f 219 164 222
f 219 221 164
f 219 218 167
f 219 328 329
f 219 220 328
f 219 220 330
f 219 218 330
f 219 215 326
f 219 215 218
f 219 326 222
f 219 221 222
f 219 167 222
f 219 218 167
f 219 220 330
f 219 218 330
f 219 218 220
f 219 215 326
f 219 167 222
f 219 218 170
f 219 215 324
f 219 223 326
f 219 223 326
f 219 170 222
f 219 223 324
f 219 215 324
f 219 175 222
f 219 175 176
f 219 215 176
f 219 175 222
f 219 215 175
f 219 215 218
f 219 218 175
f 219 171 170
f 219 171 170
f 219 218 170
f 219 223 224
f 219 224 324
f 219 215 322
f 219 223 188
f 219 223 178
f 219 223 222
f 219 215 178
f 219 173 222
f 219 171 172
f 219 225 224
f 219 225 322
f 219 215 188
f 219 223 186
f 219 215 188
f 219 188 224
f 219 223 188
f 219 223 180
f 219 215 180
f 219 173 172
f 219 173 172
f 219 218 172
f 219 225 322
f 219 215 186
f 219 223 182
f 219 215 191
f 219 224 191
f 219 223 182
f 219 215 182
f 219 215 195
f 219 322 226
f 219 215 322
f 219 225 226
f 219 215 226
f 219 215 182
f 219 225 195
f 219 225 224
f 219 225 197
f 219 215 197
f 219 227 226
f 219 215 227
f 219 225 198
f 219 215 198
f 219 225 198
f 219 215 198
f 219 227 320
f 219 215 320
f 219 215 227
f 139 221 137
f 139 221 140
f 139 219 137
f 139 219 140
f 139 219 140
f 139 221 137
f 139 221 140
f 139 223 137
f 139 223 140
f 139 223 137
f 139 223 140
f 139 225 137
f 139 225 140
f 139 225 137
f 139 225 140
f 139 227 137
f 139 227 140
f 139 227 137
f 139 227 140
f 139 229 137
f 139 229 140
f 139 229 137
f 139 229 140
f 139 140 231
f 139 140 231
f 139 140 233
f 139 234 140
f 139 234 140
f 139 236 140
f 139 236 140
f 139 140 238
f 139 140 238
f 139 140 240
f 139 140 240
f 139 130 49
f 139 140 49
f 139 140 130
f 139 140 42
f 139 137 40
f 139 140 40
f 139 140 137
f 152 227 153
f 152 229 153
f 152 229 153
f 152 153 231
f 152 153 231
f 152 153 233
f 152 234 153
f 152 234 236
f 152 236 153
f 152 250 130
f 152 254 130
f 152 256 254
f 152 130 44
f 152 256 258
f 152 32 42
f 152 32 30
f 152 153 30
f 152 31 32
f 152 153 31
f 154 227 228
f 154 227 153
f 154 227 153
f 154 229 228
f 154 229 153
f 154 229 230
f 154 229 153
f 154 231 230
f 154 153 231
f 154 231 232
f 154 153 231
f 154 233 232
f 154 153 233
f 154 234 233
f 154 234 153
f 154 234 236
f 154 234 236
f 154 236 153
f 154 236 156
f 154 236 156
f 154 156 238
f 154 152 238
f 154 152 153
f 154 156 238
f 154 152 238
f 154 156 240
f 154 152 240
f 154 243 156
f 154 152 243
f 154 243 156
f 154 152 243
f 154 156 246
f 154 152 246
f 154 248 156
f 154 152 248
f 154 248 156
f 154 152 248
f 154 152 250
f 154 152 44
f 154 152 153
f 154 152 130
f 154 250 252
f 154 156 250
f 154 152 254
f 154 153 30
f 154 157 44
f 154 156 157
f 154 156 28
f 154 156 28
f 154 254 252
f 154 152 256
f 154 30 28
f 154 30 28
f 154 30 29
f 154 153 29
f 154 153 30
f 154 262 130
f 154 261 262
f 154 261 258
f 154 152 258
f 154 256 254
f 154 152 256
f 154 261 262
f 154 261 258
f 154 256 258
f 144 229 145
f 144 229 143
f 144 229 143
f 144 231 145
f 144 143 231
f 144 231 145
f 144 143 231
f 144 233 145
f 144 143 233
f 144 234 233
f 144 234 143
f 144 234 145
f 144 234 143
f 144 236 145
f 144 236 143
f 144 236 145
f 144 236 143
f 144 238 145
f 144 143 238
f 144 238 240
f 144 143 238
f 144 143 240
f 144 146 240
f 144 146 240
f 144 243 146
f 144 143 241
f 144 243 241
f 144 243 146
f 144 130 47
f 144 143 47
f 144 143 130
f 144 143 46
f 144 130 46
f 144 146 130
f 144 146 46
f 144 46 45
f 144 143 46
f 144 146 45
f 144 146 145
f 144 45 42
f 144 145 42
f 144 145 39
f 144 143 145
f 144 39 42
f 144 143 42
f 144 143 39
f 149 148 150
f 149 229 150
f 149 229 148
f 149 229 150
f 149 229 148
f 149 231 150
f 149 148 231
f 149 231 150
f 149 148 231
f 149 233 150
f 149 148 233
f 149 234 233
f 149 234 148
f 149 234 236
f 149 234 236
f 149 236 150
f 149 236 148
f 149 238 150
f 149 148 238
f 149 148 238
f 149 148 240
f 149 243 148
f 149 243 148
f 149 148 246
f 149 148 246
f 149 248 246
f 149 148 130
f 149 248 250
f 149 148 44
f 149 148 44
f 149 150 42
f 149 148 42
f 149 148 150
f 149 33 34
f 149 33 150
f 149 33 150
f 149 35 34
f 149 148 35
f 149 148 35
f 109 110 76
f 109 108 76
f 109 110 74
f 109 108 74
f 109 110 76
f 109 108 76
f 109 110 132
f 109 108 132
f 109 110 77
f 109 108 77
f 109 108 231
f 109 108 107
f 109 231 232
f 109 110 232
f 109 108 231
f 109 107 79
f 109 110 79
f 109 110 233
f 109 108 233
f 109 107 81
f 109 110 81
f 109 110 107
f 109 107 256
f 109 110 256
f 109 107 256
f 109 110 256
f 109 234 110
f 109 108 234
f 109 107 258
f 109 110 258
f 109 107 254
f 109 108 107
f 109 110 254
f 109 234 110
f 109 108 234
f 109 260 107
f 109 260 110
f 109 110 253
f 109 108 253
f 109 236 110
f 109 108 236
f 109 261 110
f 109 261 260
f 109 261 260
f 109 110 253
f 109 108 253
f 109 236 110
f 109 108 236
f 109 110 251
f 109 108 251
f 109 110 238
f 109 108 238
f 109 110 251
f 109 108 251
f 109 110 238
f 109 108 238
f 109 110 250
f 109 108 250
f 109 110 240
f 109 108 240
f 109 248 110
f 109 108 248
f 109 110 240
f 109 108 240
f 109 248 110
f 109 108 248
f 109 110 241
f 109 108 241
f 109 110 246
f 109 108 246
f 109 243 110
f 109 108 243
f 109 110 246
f 109 108 246
f 109 243 110
f 109 108 243
f 109 110 244
f 109 108 244
f 361 552 366
f 361 338 360
f 361 552 362
f 361 360 552
f 361 552 188
f 361 360 188
f 361 360 552
f 361 333 366
f 361 338 333
f 361 338 333
f 361 338 362
f 361 338 360
f 361 362 554
f 361 360 554
f 361 348 362
f 361 360 348
f 361 362 554
f 361 360 554
f 361 348 349
f 361 362 555
f 361 360 555
f 361 348 349
f 361 360 348
f 361 362 558
f 361 360 558
f 361 349 355
f 361 360 355
f 361 362 559
f 361 360 559
f 361 350 362
f 361 350 349
f 361 350 349
f 361 365 362
f 361 365 360
f 361 362 559
f 361 360 559
f 361 365 362
f 361 365 360
f 361 362 407
f 361 362 405
f 361 360 405
f 361 561 407
f 361 360 561
f 361 362 406
f 361 360 406
f 361 410 561
f 361 360 410
f 361 563 410
f 361 360 563
f 361 360 563
f 359 188 366
f 359 360 188
f 359 360 188
f 359 366 189
f 359 360 189
f 359 338 366
f 359 338 360
f 359 189 554
f 359 360 554
f 359 338 343
f 359 338 360
f 359 555 190
f 359 189 190
f 359 189 555
f 359 555 556
f 359 360 555
f 359 348 343
f 359 360 348
f 359 360 558
f 359 348 355
f 359 360 348
f 359 557 556
f 359 557 558
f 359 557 558
f 359 559 558
f 359 360 559
f 359 355 354
f 359 360 355
f 359 559 358
f 359 360 559
f 359 354 405
f 359 360 354
f 359 561 358
f 359 360 561
f 359 405 406
f 359 360 405
f 359 563 561
f 359 360 563
f 359 406 407
f 359 360 406
f 359 563 410
f 359 360 563
f 359 410 407
f 359 360 410
f 442 585 473
f 442 585 473
f 442 586 585
f 442 586 587
f 442 586 587
f 442 330 587
f 442 330 587
f 442 330 329
f 442 328 329
f 442 328 326
f 442 326 444
f 442 324 444
f 442 324 323
f 442 322 323
f 442 322 444
f 442 320 444
f 442 320 319
f 442 318 319
f 442 318 444
f 442 316 444
f 442 316 444
f 442 313 444
f 442 440 313
f 442 313 312
f 442 440 313
f 442 311 312
f 442 440 311
f 442 311 444
f 442 440 311
f 442 309 444
f 442 440 309
f 442 309 308
f 442 440 309
f 442 305 444
f 442 308 444
f 442 440 308
f 442 305 306
f 442 440 305
f 442 306 444
f 442 440 306
f 439 478 583
f 439 585 332
f 439 585 583
f 439 442 585
f 439 586 585
f 439 586 332
f 439 476 473
f 439 442 473
f 439 442 440
f 439 442 586
f 439 442 586
f 439 442 330
f 439 476 475
f 439 442 330
f 439 442 328
f 439 442 328
f 439 442 326
f 439 442 324
f 439 442 324
f 439 442 322
f 439 442 322
f 439 442 320
f 439 442 320
f 439 442 318
f 439 442 318
f 439 442 316
f 439 442 316
f 439 442 440
f 439 313 315
f 439 440 313
f 439 440 313
f 439 440 311
f 439 440 311
f 439 440 309
f 439 440 309
f 439 440 308
f 439 440 306
f 439 440 305
f 439 440 305
f 439 440 303
f 439 440 302
f 439 440 302
f 439 440 300
f 439 440 299
f 439 440 299
f 439 440 298
f 470 609 608
f 470 471 609
f 470 610 609
f 470 610 471
f 470 603 468
f 470 471 603
f 470 610 611
f 470 610 471
f 470 601 468
f 470 471 601
f 470 471 601
f 470 612 611
f 470 612 471
f 470 471 614
f 470 471 616
f 470 471 616
f 470 471 618
f 470 471 619
f 470 471 620
f 470 471 620
f 470 471 622
f 470 471 622
f 470 471 624
f 470 471 624
f 470 471 627
f 470 471 627
f 470 471 630
f 470 471 630
f 470 471 631
f 470 446 468
f 470 471 446
f 470 471 446
f 607 475 473
f 607 470 471
f 607 476 475
f 607 470 608
f 607 476 608
f 607 467 608
f 607 478 608
f 607 467 465
f 607 465 608
f 607 480 608
f 607 459 608
f 607 459 465
f 607 482 608
f 607 458 459
f 607 482 483
f 607 484 483
f 607 484 608
f 607 608 678
f 607 486 608
f 607 486 487
f 607 488 487
f 607 488 608
f 607 490 608
f 607 490 491
f 607 491 608
f 607 608 493
f 604 605 475
f 604 603 475
f 604 470 471
f 604 470 471
f 604 476 605
f 604 603 476
f 604 470 605
f 604 470 603
f 604 476 605
f 604 603 476
f 604 467 605
f 604 467 603
f 604 605 478
f 604 603 478
f 604 467 605
f 604 467 603
f 604 480 605
f 604 480 603
f 604 605 459
f 604 603 459
f 604 480 605
f 604 480 603
f 604 458 605
f 604 458 603
f 604 482 605
f 604 482 603
f 604 482 605
f 604 482 603
f 604 605 456
f 604 603 456
f 604 603 483
f 604 605 678
f 604 603 678
f 604 484 483
f 604 484 605
f 604 484 605
f 604 486 605
f 604 486 603
f 604 605 678
f 604 603 678
f 604 486 605
f 604 486 603
f 604 610 603
f 604 488 605
f 604 488 603
f 604 609 605
f 604 610 609
f 604 488 605
f 604 488 603
f 604 603 554
f 604 610 554
f 604 603 554
f 604 610 554
f 604 490 605
f 604 490 603
f 604 610 552
f 604 610 609
f 604 610 552
f 604 603 552
f 604 603 555
f 604 610 555
f 604 490 605
f 604 490 603
f 604 609 548
f 604 603 552
f 604 603 557
f 604 610 557
f 604 605 491
f 604 603 491
f 604 603 548
f 604 609 547
f 604 603 557
f 604 610 557
f 604 605 493
f 604 603 493
f 604 603 547
f 604 609 547
f 604 603 565
f 604 610 565
f 604 610 603
f 604 605 493
f 604 603 493
f 604 603 547
f 604 609 545
f 604 609 605
f 604 605 494
f 604 603 494
f 604 603 545
f 604 605 496
f 604 603 496
f 604 605 543
f 604 603 543
f 604 605 496
f 604 603 496
f 604 605 543
f 604 603 543
f 604 605 497
f 604 603 497
f 604 605 540
f 604 603 540
f 604 605 499
f 604 603 499
f 604 605 540
f 604 603 540
f 604 605 499
f 604 603 499
f 604 605 537
f 604 603 537
f 604 605 501
f 604 603 501
f 604 603 536
f 604 605 501
f 604 603 501
f 604 536 537
f 604 605 537
f 604 603 536
f 604 605 503
f 604 603 503
f 604 605 534
f 604 603 534
f 604 605 503
f 604 603 503
f 604 605 534
f 604 603 534
f 604 605 504
f 604 603 504
f 604 605 532
f 604 603 532
f 604 605 506
f 604 603 506
f 604 605 531
f 604 603 531
f 604 605 506
f 604 603 506
f 604 605 531
f 604 603 531
f 604 605 508
f 604 603 508
f 604 605 529
f 604 603 529
f 604 605 508
f 604 603 508
f 604 605 529
f 604 603 529
f 604 605 509
f 604 603 509
f 604 605 527
f 604 603 527
f 604 605 511
f 604 603 511
f 604 605 526
f 604 603 526
f 604 605 512
f 604 603 512
f 604 525 605
f 604 525 603
f 604 605 512
f 604 603 512
f 604 525 605
f 604 525 603
f 604 605 513
f 604 603 513
f 604 605 523
f 604 603 523
f 604 605 515
f 604 603 515
f 604 605 522
f 604 603 522
f 604 605 515
f 604 603 515
f 604 605 522
f 604 603 522
f 604 605 517
f 604 603 517
f 604 605 521
f 604 603 521
f 604 605 517
f 604 603 517
f 604 605 519
f 604 603 519
f 604 605 518
f 604 603 518
f 466 614 465
f 466 467 614
f 466 465 616
f 466 467 616
f 466 465 616
f 466 467 616
f 466 465 618
f 466 467 618
f 466 465 619
f 466 467 619
f 466 465 620
f 466 467 620
f 466 465 620
f 466 467 620
f 466 465 622
f 466 467 622
f 466 465 622
f 466 467 622
f 466 465 624
f 466 467 624
f 466 465 624
f 466 467 624
f 466 467 626
f 466 464 626
f 466 465 464
f 466 467 627
f 466 464 627
f 466 464 627
f 466 467 627
f 466 447 465
f 466 467 447
f 466 464 630
f 466 467 630
f 466 447 445
f 466 464 630
f 466 467 630
f 466 447 445
f 466 467 445
f 466 467 447
f 466 464 631
f 466 467 631
f 479 609 478
f 479 480 609
f 479 607 478
f 479 607 480
f 479 607 480
f 479 610 609
f 479 610 480
f 479 610 611
f 479 610 480
f 479 612 611
f 479 612 480
f 479 614 478
f 479 480 614
f 479 478 616
f 479 480 616
f 479 478 616
f 479 480 616
f 479 478 618
f 479 480 618
f 479 478 619
f 479 480 619
f 479 478 620
f 479 480 620
f 479 478 620
f 479 480 620
f 479 622 621
f 479 478 621
f 479 622 621
f 479 480 621
f 479 622 477
f 479 480 624
f 479 624 477
f 479 480 624
f 479 624 626
f 479 480 627
f 479 627 626
f 479 480 627
f 479 627 477
f 479 476 477
f 479 476 630
f 479 630 628
f 479 480 628
f 479 476 630
f 479 476 475
f 479 476 475
f 426 577 578
f 426 425 577
f 426 425 577
f 426 425 339
f 426 337 425
f 426 490 491
f 426 490 425
f 426 337 425
f 426 491 576
f 426 425 576
f 426 425 491
f 426 425 487
f 426 490 487
f 426 490 425
f 426 486 425
f 426 335 425
f 426 486 425
f 426 335 425
f 426 484 425
f 426 333 425
f 426 484 425
f 426 333 425
f 426 480 425
f 426 425 332
f 426 479 480
f 426 425 330
f 426 425 330
f 426 425 328
f 426 425 287
f 426 425 328
f 426 425 288
f 426 425 326
f 426 425 288
f 426 425 324
f 426 425 291
f 426 425 324
f 426 425 291
f 426 425 322
f 426 293 425
f 426 425 322
f 426 293 294
f 426 425 320
f 426 294 425
f 426 425 320
f 426 425 296
f 426 425 318
f 426 425 296
f 426 425 318
f 426 425 298
f 426 425 316
f 426 299 425
f 426 425 316
f 426 299 425
f 426 425 315
f 426 425 300
f 426 425 313
f 426 425 302
f 426 425 313
f 426 425 302
f 426 425 311
f 426 425 303
f 426 425 311
f 426 305 425
f 426 425 309
f 426 305 425
f 426 425 309
f 426 425 306
f 426 425 308
f 430 483 431
f 430 428 431
f 430 428 483
f 430 482 483
f 430 482 431
f 430 432 431
f 430 480 432
f 430 479 480
f 430 293 294
f 430 293 432
f 430 294 432
f 430 432 296
f 430 432 296
f 430 432 298
f 430 299 432
f 430 432 431
f 430 299 432
f 430 431 300
f 430 431 302
f 430 431 302
f 430 431 303
f 430 305 431
f 430 305 306
f 430 306 431
f 430 431 308
f 430 309 431
f 430 309 431
f 430 431 311
f 430 431 311
f 430 428 311
f 430 431 313
f 430 428 313
f 430 431 313
f 430 428 313
f 430 431 315
f 430 428 315
f 430 431 316
f 430 428 316
f 430 431 316
f 430 428 316
f 430 431 318
f 430 428 318
f 430 431 318
f 430 428 318
f 430 431 320
f 430 428 320
f 430 431 320
f 430 428 320
f 430 431 322
f 430 428 322
f 430 431 322
f 430 428 322
f 430 431 324
f 430 428 324
f 430 428 431
f 613 490 614
f 613 612 490
f 613 612 490
f 613 488 614
f 613 612 488
f 613 488 614
f 613 612 488
f 613 486 614
f 613 612 486
f 613 486 614
f 613 612 486
f 613 484 614
f 613 612 484
f 613 484 614
f 613 612 484
f 613 482 614
f 613 612 482
f 613 482 614
f 613 612 482
f 613 480 614
f 613 612 480
f 613 479 480
f 613 479 612
f 613 479 614
f 613 479 612
f 613 614 478
f 613 612 478
f 613 476 614
f 613 612 476
f 613 476 614
f 613 612 476
f 613 470 471
f 613 470 612
f 613 467 614
f 613 612 467
f 613 612 467
f 613 466 614
f 613 466 467
f 613 466 467
f 613 614 465
f 613 612 465
f 613 458 614
f 613 612 458
f 613 612 93
f 613 92 93
f 613 614 92
f 613 614 92
f 613 614 678
f 613 612 678
f 613 614 678
f 613 612 678
f 613 612 614
f 460 610 609
f 460 610 609
f 460 459 608
f 460 609 608
f 460 609 459
f 460 610 611
f 460 610 611
f 460 612 611
f 460 612 611
f 460 613 612
f 460 613 612
f 460 459 463
f 460 461 463
f 460 613 614
f 460 613 614
f 460 452 459
f 460 461 452
f 460 614 463
f 460 614 459
f 460 453 452
f 460 453 461
f 460 463 617
f 460 461 463
f 460 459 617
f 460 453 459
f 460 453 461
f 460 459 618
f 460 461 618
f 460 458 459
f 460 459 619
f 460 461 619
f 460 458 459
f 460 459 620
f 460 461 620
f 460 637 461
f 460 459 620
f 460 461 620
f 460 638 459
f 460 638 637
f 460 638 637
f 460 637 459
f 460 637 461
f 460 458 89
f 460 459 622
f 460 461 622
f 460 459 635
f 460 461 635
f 460 459 622
f 460 461 622
f 460 459 635
f 460 461 635
f 460 459 626
f 460 461 626
f 460 459 633
f 460 461 633
f 460 459 627
f 460 461 627
f 460 459 633
f 460 461 633
f 460 459 629
f 460 461 629
f 460 459 632
f 460 459 629
f 460 461 629
f 460 632 630
f 460 461 630
f 460 461 632
f 639 640 642
f 639 638 642
f 639 638 640
f 639 640 641
f 639 638 641
f 639 640 647
f 639 638 647
f 639 89 90
f 639 640 89
f 639 640 89
f 639 459 90
f 639 638 459
f 639 640 91
f 639 458 459
f 639 638 458
f 639 458 91
f 639 640 91
f 639 638 640
f 639 458 91
f 639 638 458
f 364 365 333
f 364 365 366
f 364 365 333
f 364 365 338
f 364 552 550
f 364 365 552
f 364 365 338
f 364 365 552
f 364 365 348
f 364 365 554
f 364 365 348
f 364 365 554
f 364 365 350
f 364 365 555
f 364 365 558
f 364 350 351
f 364 365 351
f 364 365 350
f 364 365 559
f 364 559 406
f 364 365 559
f 364 365 405
f 346 365 348
f 346 365 347
f 346 201 348
f 346 347 201
f 346 365 345
f 346 365 347
f 346 201 202
f 346 347 201
f 346 345 400
f 346 347 400
f 346 202 203
f 346 345 400
f 346 347 400
f 346 203 345
f 346 202 203
f 346 347 202
f 346 345 402
f 346 347 402
f 346 709 345
f 346 347 709
f 346 345 405
f 346 347 405
f 346 709 345
f 346 347 709
f 346 345 405
f 346 347 405
f 346 345 570
f 346 345 406
f 346 347 406
f 346 570 572
f 346 347 570
f 346 345 410
f 346 347 410
f 346 419 572
f 346 419 345
f 346 345 417
f 346 347 417
f 346 345 410
f 346 347 410
f 346 345 572
f 346 419 572
f 346 419 345
f 346 345 416
f 346 347 416
f 346 345 411
f 346 347 411
f 346 345 415
f 346 347 415
f 346 345 415
f 346 347 415
f 151 218 153
f 151 219 218
f 151 219 218
f 151 219 221
f 151 219 221
f 151 221 150
f 151 221 153
f 151 223 150
f 151 223 153
f 151 223 150
f 151 223 153
f 151 225 150
f 151 225 153
f 151 153 31
f 151 152 153
f 151 225 150
f 151 225 153
f 151 31 150
f 151 152 31
f 151 227 150
f 151 227 153
f 151 152 227
f 151 33 150
f 151 227 150
f 151 152 227
f 151 33 32
f 151 152 32
f 151 33 150
f 151 229 150
f 151 152 229
f 151 150 42
f 151 152 42
f 151 229 150
f 151 152 229
f 151 149 150
f 151 231 150
f 151 152 231
f 151 152 44
f 151 149 44
f 151 231 150
f 151 152 231
f 151 152 44
f 151 149 44
f 151 152 240
f 151 149 240
f 151 152 243
f 151 149 243
f 151 233 150
f 151 152 233
f 151 152 130
f 151 149 130
f 151 152 238
f 151 149 238
f 151 149 238
f 151 152 243
f 151 149 243
f 151 234 233
f 151 152 234
f 151 152 250
f 151 149 250
f 151 238 150
f 151 152 238
f 151 152 246
f 151 149 246
f 151 234 236
f 151 152 234
f 151 152 248
f 151 149 248
f 151 236 150
f 151 152 236
f 151 152 248
f 151 149 248
f 138 231 137
f 138 139 137
f 138 139 231
f 138 231 137
f 138 139 231
f 138 233 137
f 138 139 233
f 138 234 233
f 138 139 234
f 138 234 137
f 138 139 234
f 138 236 137
f 138 139 236
f 138 236 137
f 138 139 236
f 138 238 137
f 138 139 238
f 138 238 137
f 138 139 238
f 138 139 240
f 138 137 239
f 138 240 239
f 138 240 130
f 138 139 240
f 138 130 131
f 138 137 131
f 138 139 130
f 138 137 42
f 138 139 42
f 138 139 137
f 437 435 478
f 437 439 478
f 437 435 333
f 437 435 478
f 437 439 478
f 437 333 332
f 437 439 332
f 437 435 333
f 437 439 476
f 437 435 332
f 437 439 332
f 437 435 330
f 437 439 330
f 437 435 330
f 437 439 330
f 437 435 328
f 437 439 328
f 437 435 328
f 437 439 328
f 437 435 326
f 437 439 326
f 437 435 324
f 437 439 324
f 437 435 324
f 437 439 324
f 437 435 322
f 437 439 322
f 437 435 322
f 437 439 322
f 437 435 320
f 437 439 320
f 437 435 320
f 437 439 320
f 437 435 318
f 437 439 318
f 437 435 318
f 437 439 318
f 437 435 316
f 437 439 316
f 437 435 316
f 437 439 316
f 437 435 315
f 437 439 315
f 437 435 313
f 437 439 313
f 437 435 313
f 437 439 313
f 437 435 311
f 437 439 311
f 437 435 311
f 437 439 311
f 437 435 309
f 437 439 309
f 437 435 309
f 437 439 309
f 437 439 308
f 443 442 471
f 443 470 471
f 443 470 442
f 443 466 467
f 443 445 291
f 443 445 288
f 443 466 445
f 443 445 291
f 443 445 288
f 443 445 462
f 443 293 445
f 443 445 287
f 443 445 294
f 443 293 445
f 443 445 286
f 443 445 461
f 443 294 295
f 443 445 283
f 443 445 283
f 443 296 295
f 443 442 296
f 443 296 444
f 443 442 296
f 443 298 444
f 443 442 298
f 443 299 298
f 443 442 299
f 443 299 300
f 443 442 299
f 443 300 444
f 443 442 300
f 443 302 444
f 443 442 302
f 443 302 444
f 443 442 302
f 443 444 303
f 443 442 303
f 443 442 444
f 606 605 475
f 606 607 475
f 606 470 471
f 606 607 470
f 606 476 605
f 606 607 476
f 606 470 605
f 606 607 470
f 606 476 605
f 606 607 476
f 606 467 605
f 606 607 467
f 606 605 478
f 606 607 478
f 606 467 605
f 606 607 467
f 606 480 605
f 606 607 480
f 606 605 459
f 606 607 459
f 606 480 605
f 606 607 480
f 606 458 605
f 606 607 458
f 606 482 605
f 606 607 482
f 606 482 605
f 606 607 482
f 606 605 456
f 606 607 456
f 606 484 605
f 606 607 484
f 606 605 678
f 606 607 678
f 606 484 605
f 606 607 484
f 606 607 608
f 606 486 605
f 606 607 486
f 606 608 678
f 606 605 678
f 606 605 608
f 606 486 605
f 606 607 486
f 606 608 499
f 606 605 499
f 606 608 499
f 606 605 499
f 606 488 605
f 606 607 488
f 606 608 501
f 606 605 501
f 606 608 497
f 606 605 497
f 606 488 605
f 606 607 488
f 606 608 501
f 606 605 501
f 606 608 496
f 606 605 496
f 606 490 605
f 606 607 490
f 606 608 503
f 606 605 503
f 606 608 496
f 606 605 496
f 606 490 605
f 606 607 490
f 606 608 503
f 606 605 503
f 606 608 494
f 606 605 494
f 606 605 491
f 606 607 491
f 606 608 504
f 606 605 504
f 606 608 493
f 606 607 608
f 606 605 493
f 606 605 493
f 606 607 493
f 606 608 506
f 606 605 506
f 606 608 506
f 606 605 506
f 606 608 508
f 606 605 508
f 606 608 508
f 606 605 508
f 606 608 509
f 606 605 509
f 606 608 511
f 606 605 511
f 606 608 512
f 606 605 512
f 606 608 512
f 606 605 512
f 606 608 513
f 606 605 513
f 606 608 515
f 606 605 515
f 606 608 515
f 606 605 515
f 606 608 517
f 606 605 517
f 606 608 517
f 606 605 517
f 606 605 608
f 433 479 480
f 433 480 432
f 433 480 435
f 433 480 435
f 433 479 480
f 433 482 435
f 433 432 431
f 433 482 431
f 433 482 483
f 433 431 320
f 433 431 320
f 433 435 320
f 433 435 320
f 433 581 483
f 433 482 581
f 433 431 318
f 433 431 322
f 433 435 322
f 433 435 318
f 433 581 431
f 433 482 581
f 433 482 435
f 433 431 318
f 433 431 322
f 433 435 322
f 433 435 318
f 433 335 431
f 433 431 316
f 433 431 324
f 433 435 324
f 433 435 316
f 433 335 583
f 433 435 583
f 433 335 334
f 433 431 316
f 433 431 324
f 433 435 324
f 433 435 316
f 433 335 334
f 433 435 334
f 433 333 334
f 433 435 333
f 433 431 315
f 433 431 326
f 433 435 326
f 433 435 315
f 433 333 431
f 433 435 333
f 433 431 313
f 433 431 328
f 433 435 328
f 433 435 313
f 433 431 332
f 433 435 332
f 433 431 313
f 433 431 328
f 433 435 328
f 433 435 313
f 433 431 330
f 433 435 330
f 433 431 311
f 433 431 330
f 433 435 330
f 433 435 311
f 433 431 311
f 433 432 431
f 433 435 311
f 433 432 309
f 433 435 309
f 433 432 309
f 433 432 308
f 433 432 306
f 433 305 432
f 433 305 432
f 433 432 303
f 433 432 302
f 433 432 302
f 433 432 300
f 433 299 432
f 423 479 484
f 423 488 486
f 423 573 493
f 423 576 342
f 427 428 577
f 427 426 577
f 427 426 577
f 427 337 339
f 427 428 337
f 427 339 578
f 427 426 578
f 427 426 339
f 427 426 337
f 427 577 487
f 427 428 577
f 427 428 337
f 427 426 337
f 427 490 487
f 427 426 490
f 427 426 490
f 427 428 486
f 427 426 486
f 427 428 335
f 427 426 335
f 427 428 486
f 427 426 486
f 427 428 335
f 427 426 335
f 427 428 484
f 427 426 484
f 427 428 333
f 427 426 333
f 427 428 333
f 427 426 333
f 427 428 332
f 427 426 332
f 427 428 330
f 427 426 330
f 427 428 330
f 427 426 330
f 427 426 293
f 427 428 328
f 427 426 328
f 427 426 293
f 427 428 328
f 427 426 328
f 427 426 294
f 427 428 326
f 427 426 326
f 427 426 296
f 427 428 324
f 427 426 324
f 427 426 296
f 427 428 324
f 427 426 324
f 427 426 298
f 427 428 322
f 427 426 322
f 427 426 299
f 427 428 322
f 427 426 322
f 427 426 299
f 427 428 320
f 427 426 320
f 427 426 300
f 427 428 320
f 427 426 320
f 427 428 302
f 427 426 302
f 427 428 318
f 427 426 318
f 427 428 302
f 427 426 302
f 427 428 318
f 427 426 318
f 427 428 303
f 427 426 303
f 427 428 316
f 427 426 316
f 427 428 305
f 427 426 305
f 427 428 316
f 427 426 316
f 427 428 305
f 427 426 305
f 427 428 315
f 427 426 315
f 427 428 306
f 427 426 306
f 427 428 313
f 427 426 313
f 427 428 308
f 427 426 308
f 427 428 313
f 427 426 313
f 427 428 309
f 427 426 309
f 427 428 311
f 427 426 311
f 427 428 309
f 427 426 309
f 427 428 311
f 427 426 311
f 429 427 428
f 429 484 482
f 429 430 482
f 429 430 482
f 429 428 484
f 429 430 428
f 429 484 482
f 429 426 484
f 429 427 426
f 429 430 480
f 429 426 480
f 429 430 479
f 429 430 293
f 429 427 293
f 429 426 479
f 429 430 293
f 429 427 293
f 429 432 291
f 429 430 432
f 429 426 291
f 429 427 426
f 429 430 294
f 429 427 294
f 429 432 291
f 429 426 291
f 429 426 479
f 429 479 475
f 429 430 479
f 429 426 287
f 429 430 296
f 429 427 296
f 429 432 288
f 429 426 288
f 429 425 286
f 429 426 425
f 429 432 286
f 429 426 288
f 429 432 287
f 429 430 296
f 429 427 296
f 429 432 288
f 429 432 283
f 429 430 298
f 429 427 298
f 429 430 299
f 429 427 299
f 429 430 299
f 429 427 299
f 429 430 300
f 429 427 300
f 429 427 428
f 429 428 302
f 429 430 302
f 429 428 302
f 429 430 302
f 429 428 303
f 429 430 303
f 429 428 305
f 429 430 305
f 429 428 305
f 429 430 305
f 429 428 306
f 429 430 306
f 429 428 308
f 429 430 308
f 429 428 309
f 429 430 309
f 429 428 309
f 429 430 309
f 429 428 311
f 429 430 311
f 429 430 428
f 474 613 612
f 474 613 612
f 474 612 611
f 474 612 475
f 474 613 614
f 474 613 614
f 474 610 611
f 474 610 475
f 474 610 475
f 474 614 473
f 474 614 475
f 474 473 616
f 474 475 616
f 474 473 616
f 474 475 616
f 474 473 618
f 474 475 618
f 474 473 619
f 474 475 619
f 474 473 620
f 474 475 620
f 474 473 620
f 474 475 620
f 474 473 622
f 474 475 622
f 474 473 622
f 474 475 622
f 474 475 624
f 474 475 624
f 474 475 627
f 474 475 627
f 474 475 630
f 474 471 630
f 474 475 630
f 474 471 630
f 474 475 631
f 474 471 631
f 474 470 471
f 474 439 475
f 474 439 440
f 474 429 475
f 474 429 479
f 469 470 612
f 469 613 612
f 469 613 470
f 469 613 614
f 469 613 470
f 469 614 468
f 469 470 614
f 469 468 616
f 469 470 616
f 469 468 616
f 469 470 616
f 469 468 618
f 469 470 618
f 469 468 619
f 469 470 619
f 469 620 468
f 469 470 620
f 469 620 468
f 469 470 620
f 469 622 468
f 469 470 622
f 469 622 468
f 469 470 622
f 469 468 624
f 469 470 624
f 469 468 624
f 469 624 626
f 469 470 624
f 469 467 626
f 469 467 468
f 469 470 627
f 469 467 627
f 469 470 627
f 469 467 627
f 469 470 630
f 469 467 630
f 469 470 630
f 469 467 630
f 469 470 631
f 469 467 631
f 469 466 467
f 469 443 466
f 469 467 445
f 469 443 467
f 469 470 468
f 469 443 470
f 469 443 466
f 469 445 468
f 469 443 445
f 469 429 432
f 469 474 429
f 363 333 366
f 363 364 333
f 363 366 362
f 363 338 333
f 363 552 362
f 363 364 552
f 363 366 550
f 363 364 550
f 363 364 366
f 363 338 362
f 363 364 338
f 363 338 333
f 363 364 333
f 363 364 338
f 363 552 362
f 363 364 552
f 363 348 362
f 363 364 348
f 363 362 554
f 363 364 554
f 363 348 349
f 363 364 348
f 363 362 554
f 363 364 554
f 363 350 349
f 363 364 350
f 363 362 555
f 363 364 555
f 363 350 362
f 363 364 350
f 363 362 558
f 363 364 558
f 363 365 362
f 363 364 365
f 363 362 559
f 363 364 559
f 363 365 362
f 363 364 365
f 363 362 559
f 363 364 559
f 363 362 405
f 363 364 405
f 363 362 406
f 363 364 406
f 436 437 435
f 436 437 476
f 436 437 476
f 436 469 474
f 436 437 299
f 436 435 299
f 436 437 299
f 436 435 300
f 436 437 300
f 436 435 302
f 436 437 302
f 436 435 302
f 436 437 302
f 436 435 303
f 436 437 303
f 436 435 305
f 436 437 305
f 436 435 305
f 436 437 305
f 436 435 306
f 436 437 306
f 436 435 308
f 436 437 308
f 436 437 435
f 438 439 476
f 438 437 476
f 438 437 439
f 438 474 439
f 438 436 437
f 438 436 474
f 438 474 439
f 438 440 291
f 438 436 291
f 438 436 291
f 438 474 470
f 438 436 474
f 438 293 440
f 438 436 288
f 438 436 293
f 438 436 469
f 438 293 440
f 438 436 288
f 438 436 293
f 438 436 469
f 438 440 294
f 438 436 287
f 438 436 294
f 438 436 462
f 438 440 296
f 438 436 286
f 438 436 296
f 438 440 296
f 438 439 440
f 438 436 283
f 438 436 296
f 438 439 298
f 438 436 298
f 438 436 437
f 438 439 299
f 438 437 299
f 438 439 299
f 438 437 299
f 438 439 300
f 438 437 300
f 438 439 302
f 438 437 302
f 438 439 302
f 438 437 302
f 438 439 303
f 438 437 303
f 438 439 305
f 438 437 305
f 438 439 305
f 438 437 305
f 438 439 306
f 438 437 306
f 438 437 439
f 472 606 607
f 472 606 607
f 472 607 473
f 472 607 471
f 472 606 605
f 472 606 471
f 472 609 473
f 472 471 609
f 472 604 605
f 472 604 471
f 472 610 609
f 472 610 471
f 472 604 603
f 472 604 471
f 472 610 611
f 472 610 471
f 472 603 473
f 472 471 603
f 472 612 611
f 472 612 471
f 472 473 601
f 472 471 601
f 472 613 612
f 472 613 612
f 472 473 601
f 472 471 601
f 472 613 614
f 472 613 471
f 472 473 598
f 472 471 598
f 472 614 473
f 472 471 614
f 472 473 598
f 472 471 598
f 472 473 616
f 472 471 616
f 472 473 594
f 472 471 594
f 472 473 616
f 472 471 616
f 472 473 594
f 472 471 594
f 472 473 618
f 472 471 618
f 472 473 592
f 472 473 619
f 472 471 619
f 472 592 468
f 472 471 468
f 472 473 592
f 472 473 620
f 472 471 620
f 472 592 591
f 472 473 589
f 472 473 620
f 472 471 620
f 472 589 591
f 472 473 622
f 472 471 622
f 472 589 468
f 472 473 622
f 472 471 622
f 472 589 588
f 472 473 588
f 472 473 589
f 472 448 468
f 472 471 448
f 472 473 448
f 472 471 624
f 472 446 473
f 472 471 446
f 472 474 624
f 472 474 473
f 472 446 473
f 472 471 446
f 472 471 624
f 472 474 624
f 472 474 440
f 472 442 473
f 472 442 471
f 472 471 627
f 472 474 627
f 472 438 471
f 472 438 474
f 472 438 474
f 472 471 627
f 472 474 627
f 472 474 471
f 457 606 607
f 457 606 607
f 457 607 458
f 457 606 605
f 457 606 458
f 457 458 609
f 457 607 456
f 457 607 608
f 457 604 605
f 457 604 458
f 457 609 608
f 457 610 458
f 457 604 603
f 457 604 458
f 457 610 609
f 457 610 458
f 457 603 456
f 457 458 603
f 457 610 611
f 457 612 458
f 457 601 456
f 457 458 601
f 457 456 93
f 457 611 93
f 457 612 611
f 457 613 612
f 457 601 600
f 457 458 601
f 457 613 612
f 457 598 600
f 457 458 598
f 457 92 456
f 457 613 614
f 457 613 458
f 457 598 456
f 457 458 598
f 457 92 93
f 457 458 92
f 457 91 92
f 457 458 91
f 457 614 93
f 457 458 614
f 457 594 456
f 457 458 594
f 457 91 456
f 457 594 593
f 457 458 594
f 457 455 456
f 457 91 275
f 457 458 275
f 457 458 91
f 457 592 593
f 457 458 592
f 457 455 276
f 457 458 276
f 457 455 454
f 457 458 454
f 457 458 455
f 457 592 591
f 457 458 592
f 457 455 276
f 457 589 591
f 457 589 468
f 457 589 591
f 457 458 591
f 457 465 468
f 457 458 465
f 457 458 465
f 434 433 479
f 434 479 476
f 434 479 476
f 434 436 476
f 434 435 478
f 434 479 478
f 434 436 435
f 434 433 435
f 434 433 479
f 434 476 475
f 434 436 476
f 434 474 475
f 434 436 474
f 434 293 432
f 434 432 291
f 434 436 291
f 434 436 293
f 434 469 474
f 434 436 469
f 434 293 294
f 434 432 291
f 434 436 291
f 434 436 293
f 434 469 432
f 434 436 469
f 434 294 432
f 434 432 288
f 434 436 288
f 434 436 294
f 434 436 462
f 434 432 296
f 434 432 288
f 434 436 288
f 434 436 296
f 434 432 296
f 434 432 287
f 434 436 287
f 434 436 296
f 434 432 298
f 434 432 286
f 434 436 286
f 434 436 298
f 434 299 432
f 434 433 299
f 434 432 283
f 434 436 283
f 434 436 299
f 434 436 435
f 434 435 299
f 434 433 299
f 434 435 300
f 434 433 300
f 434 435 302
f 434 433 302
f 434 435 302
f 434 433 302
f 434 435 303
f 434 433 303
f 434 435 305
f 434 433 305
f 434 435 305
f 434 433 305
f 434 435 306
f 434 433 306
f 434 435 308
f 434 433 308
f 434 435 309
f 434 433 309
f 434 433 435
f 422 423 484
f 422 488 484
f 422 488 484
f 422 423 488
f 422 488 421
f 422 423 488
f 422 490 421
f 422 423 490
f 422 490 491
f 422 423 490
f 422 421 287
f 422 423 287
f 422 491 421
f 422 423 491
f 422 421 288
f 422 423 288
f 422 421 493
f 422 423 493
f 422 421 288
f 422 423 288
f 422 421 493
f 422 421 291
f 422 423 291
f 422 573 493
f 422 423 573
f 422 421 573
f 422 421 291
f 422 423 291
f 422 421 573
f 422 293 421
f 422 423 293
f 422 573 342
f 422 423 342
f 422 423 573
f 422 421 341
f 422 423 341
f 422 293 294
f 422 423 293
f 422 421 341
f 422 423 341
f 422 294 421
f 422 423 294
f 422 339 421
f 422 423 339
f 422 296 421
f 422 423 296
f 422 337 339
f 422 423 337
f 422 296 421
f 422 423 296
f 422 337 421
f 422 423 337
f 422 421 298
f 422 423 298
f 422 335 421
f 422 423 335
f 422 299 421
f 422 423 299
f 422 335 334
f 422 423 335
f 422 299 421
f 422 423 299
f 422 333 334
f 422 423 333
f 422 421 300
f 422 423 300
f 422 333 332
f 422 423 333
f 422 421 302
f 422 423 302
f 422 332 421
f 422 423 332
f 422 421 302
f 422 423 302
f 422 421 330
f 422 423 330
f 422 421 303
f 422 423 303
f 422 421 330
f 422 423 330
f 422 305 421
f 422 423 305
f 422 421 328
f 422 423 328
f 422 305 306
f 422 423 305
f 422 421 328
f 422 423 328
f 422 306 421
f 422 423 306
f 422 421 326
f 422 423 326
f 422 421 308
f 422 423 308
f 422 421 326
f 422 423 326
f 422 309 421
f 422 423 309
f 422 421 324
f 422 423 324
f 422 309 421
f 422 423 309
f 422 421 324
f 422 423 324
f 422 421 311
f 422 423 311
f 422 421 322
f 422 423 322
f 422 421 311
f 422 423 311
f 422 421 322
f 422 423 322
f 422 421 313
f 422 423 313
f 422 421 320
f 422 423 320
f 422 421 313
f 422 423 313
f 422 421 320
f 422 423 320
f 422 421 315
f 422 423 315
f 422 421 318
f 422 423 318
f 422 421 316
f 422 423 316
f 422 421 318
f 422 423 318
f 422 421 316
f 422 423 316
f 424 479 480
f 424 423 479
f 424 484 480
f 424 423 484
f 424 484 425
f 424 423 484
f 424 486 425
f 424 423 486
f 424 488 486
f 424 423 488
f 424 488 425
f 424 423 488
f 424 490 425
f 424 423 490
f 424 490 425
f 424 423 490
f 424 425 286
f 424 423 286
f 424 425 491
f 424 423 491
f 424 425 287
f 424 423 287
f 424 425 573
f 424 423 573
f 424 425 288
f 424 423 288
f 424 425 573
f 424 423 573
f 424 425 288
f 424 423 288
f 424 425 576
f 424 423 576
f 424 425 291
f 424 423 291
f 424 425 576
f 424 425 291
f 424 423 291
f 424 576 341
f 424 423 341
f 424 423 576
f 424 425 341
f 424 423 341
f 424 293 425
f 424 423 293
f 424 425 339
f 424 423 339
f 424 293 294
f 424 423 293
f 424 337 425
f 424 423 337
f 424 294 425
f 424 423 294
f 424 337 425
f 424 423 337
f 424 425 296
f 424 423 296
f 424 335 425
f 424 423 335
f 424 425 296
f 424 423 296
f 424 335 425
f 424 423 335
f 424 425 298
f 424 423 298
f 424 333 425
f 424 423 333
f 424 299 425
f 424 423 299
f 424 333 425
f 424 423 333
f 424 299 425
f 424 423 299
f 424 425 332
f 424 423 332
f 424 425 300
f 424 423 300
f 424 425 330
f 424 423 330
f 424 425 302
f 424 423 302
f 424 425 330
f 424 423 330
f 424 425 302
f 424 423 302
f 424 425 328
f 424 423 328
f 424 425 303
f 424 423 303
f 424 425 328
f 424 423 328
f 424 305 425
f 424 423 305
f 424 425 326
f 424 423 326
f 424 305 425
f 424 423 305
f 424 425 326
f 424 423 326
f 424 425 306
f 424 423 306
f 424 425 324
f 424 423 324
f 424 425 308
f 424 423 308
f 424 425 324
f 424 423 324
f 424 425 309
f 424 423 309
f 424 425 322
f 424 423 322
f 424 425 309
f 424 423 309
f 424 425 322
f 424 423 322
f 424 425 311
f 424 423 311
f 424 425 320
f 424 423 320
f 424 425 311
f 424 423 311
f 424 425 320
f 424 423 320
f 424 425 313
f 424 423 313
f 424 425 318
f 424 423 318
f 424 425 313
f 424 423 313
f 424 425 318
f 424 423 318
f 424 425 315
f 424 423 315
f 424 425 316
f 424 423 316
f 424 425 316
f 424 423 316
f 441 438 471
f 441 438 470
f 441 470 442
f 441 438 469
f 441 472 471
f 441 472 442
f 441 438 469
f 441 442 440
f 441 472 440
f 441 472 442
f 441 443 470
f 441 469 443
f 441 469 443
f 441 438 462
f 441 443 462
f 441 440 291
f 441 443 291
f 441 443 291
f 441 438 436
f 441 293 440
f 441 438 291
f 441 438 440
f 441 443 288
f 441 443 293
f 441 443 461
f 441 443 283
f 441 438 283
f 441 293 440
f 441 438 288
f 441 443 288
f 441 443 293
f 441 443 286
f 441 438 286
f 441 440 294
f 441 438 288
f 441 443 287
f 441 443 294
f 441 443 442
f 441 438 287
f 441 440 296
f 441 442 296
f 441 440 296
f 441 442 296
f 441 440 298
f 441 442 298
f 441 440 299
f 441 442 299
f 441 440 299
f 441 442 299
f 441 440 300
f 441 442 300
f 441 440 302
f 441 442 302
f 441 440 302
f 441 442 302
f 441 440 303
f 441 442 303
f 441 440 305
f 441 442 305
f 441 442 440
