# King Wen sovereign avatar mesh
# hex27_phase1.ply
# vertices=729 faces=13457
o kingwen_avatar
v 0.213469 0.000048 0.091662 0.309804 0.356863 0.337255
v 0.216406 0.002018 0.091583 0.309804 0.352941 0.337255
v 0.219330 0.004025 0.091395 0.313725 0.352941 0.337255
v 0.222231 0.006068 0.091099 0.317647 0.352941 0.333333
v 0.225099 0.008145 0.090695 0.317647 0.349020 0.333333
v 0.227923 0.010255 0.090185 0.321569 0.349020 0.333333
v 0.230692 0.012396 0.089569 0.325490 0.345098 0.329412
v 0.232628 0.014518 0.088557 0.325490 0.345098 0.329412
v 0.235247 0.016705 0.087738 0.329412 0.341176 0.329412
v 0.237780 0.018915 0.086817 0.329412 0.337255 0.325490
v 0.240217 0.021144 0.085797 0.333333 0.337255 0.325490
v 0.242547 0.023389 0.084680 0.333333 0.333333 0.325490
v 0.244761 0.025647 0.083466 0.337255 0.329412 0.321569
v 0.246035 0.027821 0.081887 0.337255 0.329412 0.321569
v 0.247982 0.030084 0.080490 0.337255 0.325490 0.321569
v 0.249787 0.032347 0.079003 0.341176 0.321569 0.317647
v 0.251442 0.034607 0.077428 0.341176 0.321569 0.317647
v 0.252938 0.036858 0.075765 0.341176 0.317647 0.313725
v 0.254270 0.039098 0.074017 0.345098 0.313725 0.313725
v 0.255431 0.041322 0.072186 0.345098 0.309804 0.313725
v 0.256416 0.043525 0.070274 0.345098 0.305882 0.309804
v 0.256368 0.045552 0.068056 0.345098 0.305882 0.309804
v 0.256986 0.047695 0.065994 0.345098 0.301961 0.305882
v 0.257416 0.049806 0.063856 0.345098 0.298039 0.305882
v 0.257656 0.051882 0.061646 0.345098 0.294118 0.305882
v 0.257705 0.053920 0.059364 0.345098 0.290196 0.301961
v 0.257562 0.055916 0.057012 0.345098 0.290196 0.301961
v 0.257228 0.057868 0.054593 0.345098 0.286275 0.301961
v 0.255850 0.059575 0.051936 0.345098 0.282353 0.298039
v 0.255138 0.061426 0.049396 0.345098 0.278431 0.298039
v 0.255087 0.063439 0.046951 0.341176 0.274510 0.298039
v 0.253159 0.064981 0.044135 0.341176 0.270588 0.294118
v 0.251900 0.066683 0.041418 0.341176 0.270588 0.294118
v 0.250468 0.068334 0.038645 0.341176 0.266667 0.294118
v 0.248866 0.069936 0.035818 0.337255 0.262745 0.290196
v 0.247103 0.071489 0.032941 0.337255 0.258824 0.290196
v 0.245184 0.072995 0.030014 0.337255 0.258824 0.290196
v 0.243116 0.074456 0.027041 0.333333 0.254902 0.290196
v 0.240907 0.075874 0.024022 0.333333 0.254902 0.286275
v 0.238565 0.077253 0.020961 0.329412 0.250980 0.286275
v 0.239246 0.079642 0.018098 0.329412 0.247059 0.286275
v 0.288766 0.098809 0.018205 0.325490 0.247059 0.286275
v 0.346977 0.122036 0.017359 0.325490 0.247059 0.286275
v 0.345068 0.124747 0.012623 0.321569 0.243137 0.286275
v 0.341470 0.126894 0.007744 0.317647 0.243137 0.282353
v 0.337732 0.129024 0.002804 0.317647 0.243137 0.282353
v 0.333139 0.130855 -0.002188 0.313725 0.243137 0.282353
v 0.329175 0.132963 -0.007226 0.309804 0.243137 0.282353
v 0.324404 0.134774 -0.012282 0.309804 0.243137 0.282353
v 0.323066 0.138073 -0.017547 0.305882 0.247059 0.282353
v 0.325015 0.142924 -0.023180 0.301961 0.247059 0.282353
v 0.321970 0.145707 -0.028619 0.298039 0.250980 0.286275
v 0.316837 0.147583 -0.033909 0.294118 0.254902 0.286275
v 0.312350 0.149774 -0.039270 0.294118 0.258824 0.286275
v 0.307845 0.151973 -0.044635 0.290196 0.262745 0.286275
v 0.302700 0.153854 -0.049890 0.286275 0.266667 0.290196
v 0.297583 0.155727 -0.055109 0.282353 0.270588 0.290196
v 0.292505 0.157587 -0.060282 0.282353 0.278431 0.294118
v 0.286873 0.159093 -0.065263 0.278431 0.282353 0.294118
v 0.281914 0.160902 -0.070305 0.278431 0.290196 0.298039
v 0.276442 0.162335 -0.075115 0.274510 0.294118 0.298039
v 0.272211 0.164407 -0.080157 0.274510 0.301961 0.301961
v 0.268607 0.166783 -0.085303 0.270588 0.305882 0.301961
v 0.264505 0.168760 -0.090198 0.270588 0.313725 0.305882
v 0.259399 0.169964 -0.094604 0.270588 0.321569 0.309804
v 0.253352 0.170369 -0.098454 0.270588 0.325490 0.309804
v 0.248519 0.171399 -0.102554 0.270588 0.333333 0.313725
v 0.243820 0.172340 -0.106499 0.270588 0.337255 0.313725
v 0.238751 0.172822 -0.110050 0.274510 0.341176 0.317647
v 0.233839 0.173208 -0.113419 0.274510 0.345098 0.321569
v 0.229577 0.173871 -0.116852 0.274510 0.349020 0.321569
v 0.224976 0.174076 -0.119855 0.278431 0.352941 0.325490
v 0.221011 0.174572 -0.122930 0.278431 0.356863 0.325490
v 0.216257 0.174241 -0.125285 0.278431 0.360784 0.329412
v 0.212138 0.174219 -0.127712 0.282353 0.360784 0.329412
v 0.208179 0.174140 -0.129945 0.282353 0.364706 0.333333
v 0.204379 0.174015 -0.131986 0.286275 0.364706 0.333333
v 0.200736 0.173857 -0.133836 0.286275 0.368627 0.333333
v 0.197247 0.173679 -0.135497 0.290196 0.368627 0.337255
v 0.194774 0.174262 -0.137578 0.294118 0.368627 0.337255
v 0.191578 0.174082 -0.138875 0.294118 0.368627 0.337255
v 0.188110 0.173530 -0.139676 0.298039 0.368627 0.337255
v 0.185211 0.173394 -0.140605 0.298039 0.368627 0.341176
v 0.182454 0.173297 -0.141357 0.301961 0.372549 0.341176
v 0.179833 0.173251 -0.141934 0.301961 0.372549 0.341176
v 0.178154 0.174054 -0.142988 0.305882 0.372549 0.341176
v 0.175788 0.174141 -0.143230 0.305882 0.372549 0.341176
v 0.173547 0.174306 -0.143305 0.309804 0.372549 0.345098
v 0.171032 0.174152 -0.142886 0.309804 0.372549 0.345098
v 0.169029 0.174487 -0.142635 0.313725 0.372549 0.345098
v 0.167912 0.175729 -0.142887 0.313725 0.372549 0.345098
v 0.166117 0.176260 -0.142322 0.317647 0.372549 0.345098
v 0.164420 0.176892 -0.141603 0.317647 0.372549 0.345098
v 0.162817 0.177624 -0.140731 0.321569 0.372549 0.345098
v 0.162060 0.179298 -0.140368 0.321569 0.372549 0.345098
v 0.160999 0.180662 -0.139523 0.325490 0.372549 0.345098
v 0.159632 0.181703 -0.138201 0.325490 0.372549 0.345098
v 0.158333 0.182837 -0.136733 0.329412 0.372549 0.345098
v 0.157470 0.184498 -0.135442 0.329412 0.368627 0.345098
v 0.156659 0.186250 -0.134003 0.333333 0.368627 0.345098
v 0.156639 0.188987 -0.133050 0.333333 0.368627 0.345098
v 0.155539 0.190457 -0.130995 0.333333 0.368627 0.345098
v 0.155215 0.192904 -0.129419 0.337255 0.368627 0.345098
v 0.154545 0.194953 -0.127383 0.337255 0.368627 0.345098
v 0.154263 0.197521 -0.125501 0.341176 0.368627 0.345098
v 0.154362 0.200614 -0.123760 0.341176 0.364706 0.345098
v 0.153725 0.202780 -0.121272 0.341176 0.364706 0.345098
v 0.153455 0.205446 -0.118925 0.341176 0.360784 0.345098
v 0.153175 0.208118 -0.116425 0.345098 0.360784 0.345098
v 0.152878 0.210783 -0.113771 0.345098 0.356863 0.345098
v 0.152925 0.213941 -0.111234 0.345098 0.352941 0.349020
v 0.152575 0.216561 -0.108274 0.345098 0.349020 0.349020
v 0.152190 0.219139 -0.105169 0.345098 0.349020 0.349020
v 0.151763 0.221666 -0.101922 0.345098 0.345098 0.349020
v 0.151289 0.224133 -0.098536 0.345098 0.337255 0.349020
v 0.151123 0.227078 -0.095245 0.345098 0.333333 0.349020
v 0.150178 0.228871 -0.091371 0.345098 0.329412 0.349020
v 0.149531 0.231137 -0.087602 0.345098 0.325490 0.349020
v 0.149173 0.233893 -0.083919 0.345098 0.317647 0.345098
v 0.148386 0.236032 -0.079918 0.345098 0.313725 0.345098
v 0.147524 0.238114 -0.075817 0.345098 0.309804 0.345098
v 0.146585 0.240145 -0.071622 0.345098 0.301961 0.345098
v 0.145913 0.242713 -0.067504 0.341176 0.298039 0.345098
v 0.145152 0.245260 -0.063288 0.341176 0.290196 0.345098
v 0.143960 0.247212 -0.058844 0.341176 0.286275 0.345098
v 0.142681 0.249157 -0.054340 0.341176 0.278431 0.345098
v 0.141316 0.251110 -0.049786 0.337255 0.274510 0.345098
v 0.139863 0.253080 -0.045189 0.337255 0.270588 0.345098
v 0.138324 0.255081 -0.040558 0.337255 0.262745 0.345098
v 0.137022 0.257731 -0.035986 0.333333 0.258824 0.345098
v 0.134665 0.258594 -0.031151 0.333333 0.254902 0.345098
v 0.129710 0.254527 -0.025846 0.329412 0.250980 0.345098
v 0.107300 0.215365 -0.017853 0.329412 0.250980 0.345098
v 0.102628 0.210905 -0.013615 0.325490 0.247059 0.345098
v 0.100710 0.212119 -0.009874 0.321569 0.243137 0.345098
v 0.098445 0.212729 -0.006148 0.321569 0.243137 0.349020
v 0.096727 0.214659 -0.002498 0.317647 0.243137 0.349020
v 0.095243 0.217287 0.001135 0.313725 0.243137 0.349020
v 0.093415 0.219303 0.004751 0.309804 0.243137 0.349020
v 0.091538 0.221350 0.008339 0.309804 0.243137 0.349020
v 0.089615 0.223418 0.011896 0.305882 0.247059 0.349020
v 0.087649 0.225499 0.015417 0.301961 0.247059 0.349020
v 0.085902 0.228267 0.018957 0.298039 0.250980 0.349020
v 0.083853 0.230348 0.022410 0.294118 0.250980 0.349020
v 0.081771 0.232409 0.025819 0.294118 0.254902 0.349020
v 0.079659 0.234439 0.029181 0.290196 0.258824 0.349020
v 0.077751 0.237135 0.032592 0.286275 0.262745 0.349020
v 0.075580 0.239073 0.035864 0.286275 0.266667 0.349020
v 0.073387 0.240943 0.039081 0.282353 0.266667 0.349020
v 0.071388 0.243461 0.042368 0.278431 0.270588 0.349020
v 0.069360 0.245900 0.045616 0.278431 0.274510 0.345098
v 0.067105 0.247511 0.048675 0.274510 0.278431 0.345098
v 0.064840 0.249012 0.051670 0.274510 0.282353 0.345098
v 0.062752 0.251137 0.054762 0.274510 0.286275 0.345098
v 0.060465 0.252392 0.057632 0.274510 0.290196 0.345098
v 0.058346 0.254262 0.060611 0.270588 0.294118 0.345098
v 0.056046 0.255239 0.063346 0.270588 0.298039 0.345098
v 0.053906 0.256823 0.066201 0.270588 0.301961 0.345098
v 0.051601 0.257496 0.068791 0.270588 0.305882 0.345098
v 0.049446 0.258769 0.071511 0.270588 0.309804 0.345098
v 0.047144 0.259118 0.073946 0.270588 0.309804 0.345098
v 0.044981 0.260064 0.076521 0.270588 0.313725 0.345098
v 0.042688 0.260079 0.078792 0.270588 0.317647 0.345098
v 0.040404 0.259926 0.080974 0.274510 0.321569 0.345098
v 0.038244 0.260366 0.083308 0.274510 0.325490 0.345098
v 0.036083 0.260635 0.085561 0.274510 0.325490 0.345098
v 0.033824 0.259979 0.087473 0.274510 0.329412 0.345098
v 0.031672 0.259915 0.089548 0.278431 0.333333 0.345098
v 0.029437 0.258935 0.091267 0.278431 0.333333 0.345098
v 0.027299 0.258550 0.093154 0.278431 0.337255 0.345098
v 0.025094 0.257263 0.094670 0.282353 0.341176 0.345098
v 0.022975 0.256575 0.096357 0.282353 0.341176 0.345098
v 0.020803 0.255004 0.097661 0.286275 0.345098 0.341176
v 0.018707 0.254036 0.099139 0.286275 0.345098 0.341176
v 0.016573 0.252210 0.100222 0.290196 0.349020 0.341176
v 0.014463 0.250271 0.101190 0.290196 0.349020 0.341176
v 0.012413 0.248942 0.102334 0.294118 0.352941 0.341176
v 0.010346 0.246796 0.103069 0.294118 0.352941 0.341176
v 0.008330 0.245266 0.103981 0.298039 0.352941 0.341176
v 0.006311 0.242950 0.104475 0.301961 0.356863 0.341176
v 0.004333 0.241255 0.105147 0.301961 0.356863 0.341176
v 0.002365 0.238806 0.105395 0.305882 0.356863 0.341176
v 0.000428 0.236984 0.105818 0.305882 0.360784 0.341176
v -0.001486 0.234441 0.105814 0.309804 0.360784 0.337255
v -0.003380 0.232529 0.105983 0.313725 0.360784 0.337255
v -0.005238 0.229930 0.105723 0.313725 0.360784 0.337255
v -0.007065 0.227320 0.105334 0.317647 0.360784 0.337255
v -0.008861 0.224707 0.104817 0.321569 0.360784 0.337255
v -0.010656 0.222732 0.104467 0.321569 0.360784 0.337255
v -0.012395 0.220133 0.103691 0.325490 0.364706 0.333333
v -0.014103 0.217556 0.102788 0.325490 0.364706 0.333333
v -0.015825 0.215617 0.102045 0.329412 0.364706 0.333333
v -0.017477 0.213096 0.100886 0.329412 0.364706 0.333333
v -0.019100 0.210616 0.099602 0.333333 0.364706 0.329412
v -0.020695 0.208181 0.098196 0.333333 0.360784 0.329412
v -0.022263 0.205796 0.096668 0.337255 0.360784 0.329412
v -0.023805 0.203464 0.095023 0.337255 0.360784 0.329412
v -0.025393 0.201754 0.093524 0.341176 0.360784 0.325490
v -0.026892 0.199526 0.091644 0.341176 0.360784 0.325490
v -0.028368 0.197355 0.089654 0.341176 0.360784 0.325490
v -0.029825 0.195240 0.087556 0.345098 0.356863 0.321569
v -0.031265 0.193179 0.085356 0.345098 0.356863 0.321569
v -0.032688 0.191172 0.083057 0.345098 0.356863 0.317647
v -0.034098 0.189214 0.080663 0.345098 0.352941 0.317647
v -0.035497 0.187301 0.078178 0.345098 0.352941 0.317647
v -0.036782 0.184909 0.075393 0.345098 0.349020 0.313725
v -0.038161 0.183081 0.072747 0.345098 0.345098 0.313725
v -0.039535 0.181287 0.070024 0.345098 0.341176 0.309804
v -0.040908 0.179522 0.067226 0.345098 0.337255 0.309804
v -0.042280 0.177785 0.064359 0.345098 0.337255 0.305882
v -0.043656 0.176074 0.061427 0.341176 0.329412 0.305882
v -0.045037 0.174388 0.058432 0.341176 0.325490 0.301961
v -0.046425 0.172731 0.055376 0.341176 0.321569 0.301961
v -0.047823 0.171108 0.052264 0.337255 0.317647 0.298039
v -0.049095 0.169048 0.048957 0.337255 0.309804 0.298039
v -0.050516 0.167523 0.045744 0.333333 0.305882 0.294118
v -0.051953 0.166064 0.042478 0.333333 0.298039 0.294118
v -0.053408 0.164687 0.039159 0.329412 0.290196 0.294118
v -0.054884 0.163410 0.035787 0.329412 0.286275 0.290196
v -0.056382 0.162252 0.032363 0.325490 0.278431 0.290196
v -0.057904 0.161235 0.028886 0.321569 0.270588 0.286275
v -0.059283 0.159922 0.025285 0.317647 0.266667 0.286275
v -0.060853 0.159244 0.021713 0.317647 0.258824 0.286275
v -0.062451 0.158760 0.018090 0.313725 0.254902 0.286275
v -0.064078 0.158481 0.014417 0.309804 0.250980 0.282353
v -0.065736 0.158416 0.010695 0.309804 0.247059 0.282353
v -0.067425 0.158570 0.006929 0.305882 0.243137 0.282353
v -0.069146 0.158941 0.003121 0.301961 0.243137 0.282353
v -0.070901 0.159526 -0.000723 0.301961 0.243137 0.282353
v -0.072690 0.160313 -0.004600 0.298039 0.243137 0.282353
v -0.074513 0.161290 -0.008503 0.298039 0.247059 0.286275
v -0.076371 0.162440 -0.012425 0.294118 0.247059 0.286275
v -0.078264 0.163744 -0.016359 0.294118 0.250980 0.286275
v -0.080193 0.165182 -0.020299 0.290196 0.254902 0.286275
v -0.082157 0.166731 -0.024237 0.290196 0.262745 0.286275
v -0.084158 0.168370 -0.028166 0.286275 0.266667 0.290196
v -0.086194 0.170076 -0.032077 0.286275 0.270588 0.290196
v -0.088266 0.171829 -0.035964 0.286275 0.278431 0.290196
v -0.090374 0.173610 -0.039819 0.282353 0.282353 0.290196
v -0.092517 0.175398 -0.043635 0.282353 0.290196 0.294118
v -0.094695 0.177179 -0.047406 0.282353 0.294118 0.294118
v -0.096908 0.178935 -0.051125 0.282353 0.301961 0.294118
v -0.099437 0.181166 -0.054941 0.278431 0.305882 0.298039
v -0.101724 0.182839 -0.058549 0.278431 0.309804 0.298039
v -0.104044 0.184450 -0.062086 0.278431 0.317647 0.298039
v -0.106396 0.185991 -0.065549 0.278431 0.321569 0.301961
v -0.109087 0.187984 -0.069127 0.274510 0.325490 0.301961
v -0.111506 0.189363 -0.072435 0.274510 0.329412 0.301961
v -0.113954 0.190650 -0.075654 0.274510 0.333333 0.305882
v -0.116757 0.192380 -0.079003 0.274510 0.333333 0.305882
v -0.119264 0.193468 -0.082040 0.270588 0.337255 0.305882
v -0.122137 0.194997 -0.085216 0.270588 0.341176 0.309804
v -0.124696 0.195871 -0.088056 0.270588 0.345098 0.309804
v -0.127273 0.196630 -0.090788 0.270588 0.345098 0.313725
v -0.129867 0.197273 -0.093409 0.270588 0.349020 0.313725
v -0.132846 0.198354 -0.096186 0.270588 0.349020 0.313725
v -0.135471 0.198760 -0.098583 0.270588 0.352941 0.317647
v -0.138489 0.199601 -0.101142 0.270588 0.352941 0.317647
v -0.141526 0.200321 -0.103591 0.270588 0.352941 0.317647
v -0.144175 0.200359 -0.105633 0.270588 0.356863 0.321569
v -0.147637 0.201388 -0.108146 0.274510 0.356863 0.321569
v -0.150702 0.201731 -0.110245 0.274510 0.356863 0.321569
v -0.153769 0.201947 -0.112221 0.274510 0.356863 0.325490
v -0.156831 0.202035 -0.114071 0.278431 0.356863 0.325490
v -0.159883 0.201993 -0.115793 0.278431 0.360784 0.325490
v -0.162920 0.201821 -0.117384 0.278431 0.360784 0.329412
v -0.165935 0.201520 -0.118841 0.282353 0.360784 0.329412
v -0.168923 0.201089 -0.120162 0.286275 0.360784 0.329412
v -0.171877 0.200530 -0.121345 0.286275 0.360784 0.333333
v -0.175263 0.200381 -0.122719 0.290196 0.360784 0.333333
v -0.178136 0.199561 -0.123621 0.290196 0.360784 0.333333
v -0.180470 0.198082 -0.124045 0.294118 0.360784 0.337255
v -0.183222 0.197015 -0.124657 0.298039 0.360784 0.337255
v -0.185907 0.195823 -0.125121 0.301961 0.360784 0.337255
v -0.188015 0.193992 -0.125102 0.301961 0.360784 0.337255
v -0.190539 0.192564 -0.125269 0.305882 0.360784 0.337255
v -0.192463 0.190512 -0.124952 0.309804 0.360784 0.341176
v -0.194801 0.188859 -0.124819 0.313725 0.360784 0.341176
v -0.196516 0.186598 -0.124205 0.317647 0.360784 0.341176
v -0.198644 0.184730 -0.123770 0.317647 0.360784 0.341176
v -0.200130 0.182274 -0.122858 0.321569 0.360784 0.341176
v -0.202025 0.180207 -0.122123 0.325490 0.360784 0.345098
v -0.203262 0.177571 -0.120916 0.325490 0.360784 0.345098
v -0.204366 0.174854 -0.119565 0.329412 0.356863 0.345098
v -0.205336 0.172062 -0.118071 0.333333 0.356863 0.345098
v -0.206713 0.169646 -0.116743 0.333333 0.356863 0.345098
v -0.207407 0.166707 -0.114963 0.337255 0.356863 0.345098
v -0.208508 0.164138 -0.113343 0.337255 0.356863 0.345098
v -0.208920 0.161070 -0.111283 0.341176 0.352941 0.345098
v -0.209189 0.157950 -0.109088 0.341176 0.352941 0.345098
v -0.209316 0.154781 -0.106762 0.341176 0.352941 0.345098
v -0.209302 0.151568 -0.104306 0.345098 0.349020 0.345098
v -0.209699 0.148707 -0.101991 0.345098 0.349020 0.345098
v -0.209409 0.145413 -0.099278 0.345098 0.345098 0.345098
v -0.208984 0.142090 -0.096442 0.345098 0.345098 0.349020
v -0.208428 0.138744 -0.093489 0.345098 0.341176 0.349020
v -0.208291 0.135734 -0.090659 0.345098 0.337255 0.349020
v -0.207486 0.132347 -0.087471 0.345098 0.337255 0.349020
v -0.206564 0.128952 -0.084176 0.345098 0.333333 0.349020
v -0.205532 0.125555 -0.080777 0.345098 0.329412 0.349020
v -0.204396 0.122160 -0.077279 0.341176 0.325490 0.349020
v -0.203163 0.118775 -0.073687 0.341176 0.321569 0.349020
v -0.202368 0.115708 -0.070187 0.341176 0.317647 0.349020
v -0.200959 0.112350 -0.066409 0.337255 0.313725 0.349020
v -0.199475 0.109022 -0.062551 0.337255 0.309804 0.349020
v -0.197926 0.105728 -0.058620 0.333333 0.305882 0.345098
v -0.196831 0.102744 -0.054763 0.333333 0.298039 0.345098
v -0.195171 0.099533 -0.050691 0.329412 0.294118 0.345098
v -0.193470 0.096381 -0.046565 0.329412 0.286275 0.345098
v -0.191739 0.093293 -0.042390 0.325490 0.282353 0.345098
v -0.189985 0.090279 -0.038175 0.321569 0.278431 0.345098
v -0.188219 0.087346 -0.033928 0.321569 0.270588 0.345098
v -0.186448 0.084502 -0.029655 0.317647 0.266667 0.345098
v -0.184683 0.081755 -0.025367 0.313725 0.258824 0.345098
v -0.182931 0.079110 -0.021069 0.313725 0.254902 0.345098
v -0.181202 0.076575 -0.016772 0.309804 0.250980 0.345098
v -0.179503 0.074154 -0.012483 0.309804 0.247059 0.345098
v -0.177844 0.071850 -0.008209 0.305882 0.243137 0.345098
v -0.176231 0.069666 -0.003958 0.301961 0.243137 0.349020
v -0.174674 0.067601 0.000263 0.301961 0.243137 0.349020
v -0.173179 0.065654 0.004447 0.298039 0.243137 0.349020
v -0.171753 0.063820 0.008590 0.298039 0.247059 0.349020
v -0.170403 0.062094 0.012687 0.294118 0.247059 0.349020
v -0.169136 0.060469 0.016734 0.294118 0.250980 0.349020
v -0.167958 0.058935 0.020727 0.294118 0.258824 0.349020
v -0.166874 0.057481 0.024666 0.290196 0.262745 0.349020
v -0.165890 0.056096 0.028548 0.290196 0.270588 0.349020
v -0.165010 0.054770 0.032373 0.286275 0.278431 0.349020
v -0.164240 0.053489 0.036141 0.286275 0.286275 0.349020
v -0.163157 0.052107 0.039748 0.286275 0.294118 0.345098
v -0.162618 0.050888 0.043392 0.282353 0.301961 0.345098
v -0.162200 0.049685 0.046978 0.282353 0.309804 0.345098
v -0.161906 0.048489 0.050508 0.282353 0.317647 0.345098
v -0.161737 0.047294 0.053979 0.278431 0.325490 0.345098
v -0.161697 0.046094 0.057392 0.278431 0.333333 0.345098
v -0.161788 0.044885 0.060744 0.278431 0.337255 0.345098
v -0.162010 0.043664 0.064033 0.274510 0.345098 0.345098
v -0.162366 0.042429 0.067257 0.274510 0.349020 0.345098
v -0.162856 0.041180 0.070413 0.274510 0.352941 0.345098
v -0.163480 0.039914 0.073496 0.274510 0.356863 0.345098
v -0.164239 0.038633 0.076503 0.270588 0.360784 0.345098
v -0.165564 0.037432 0.079636 0.270588 0.360784 0.345098
v -0.166594 0.036115 0.082485 0.270588 0.364706 0.345098
v -0.167757 0.034780 0.085244 0.270588 0.364706 0.345098
v -0.169052 0.033428 0.087907 0.270588 0.368627 0.345098
v -0.170477 0.032059 0.090472 0.270588 0.368627 0.345098
v -0.172030 0.030671 0.092933 0.270588 0.368627 0.345098
v -0.173709 0.029264 0.095285 0.270588 0.368627 0.349020
v -0.175510 0.027837 0.097525 0.274510 0.368627 0.349020
v -0.177429 0.026387 0.099648 0.274510 0.368627 0.349020
v -0.179932 0.024979 0.101916 0.274510 0.372549 0.349020
v -0.182083 0.023476 0.103801 0.274510 0.372549 0.349020
v -0.184341 0.021947 0.105559 0.278431 0.372549 0.349020
v -0.186700 0.020390 0.107188 0.278431 0.372549 0.349020
v -0.189155 0.018802 0.108684 0.282353 0.372549 0.345098
v -0.191699 0.017182 0.110047 0.282353 0.372549 0.345098
v -0.194327 0.015528 0.111273 0.286275 0.372549 0.345098
v -0.197031 0.013839 0.112362 0.290196 0.372549 0.345098
v -0.199803 0.012114 0.113313 0.290196 0.372549 0.345098
v -0.202637 0.010351 0.114124 0.294118 0.372549 0.345098
v -0.205523 0.008549 0.114795 0.294118 0.368627 0.345098
v -0.208454 0.006708 0.115326 0.298039 0.368627 0.345098
v -0.211420 0.004827 0.115716 0.301961 0.368627 0.345098
v -0.214411 0.002906 0.115966 0.305882 0.368627 0.341176
v -0.217419 0.000946 0.116075 0.305882 0.368627 0.341176
v -0.238178 -0.001140 0.125387 0.309804 0.368627 0.341176
v -0.241431 -0.003343 0.125204 0.313725 0.368627 0.341176
v -0.244667 -0.005587 0.124873 0.313725 0.368627 0.341176
v -0.247281 -0.007852 0.124095 0.317647 0.368627 0.337255
v -0.250445 -0.010168 0.123470 0.321569 0.364706 0.337255
v -0.253558 -0.012519 0.122702 0.321569 0.364706 0.337255
v -0.256610 -0.014904 0.121790 0.325490 0.364706 0.333333
v -0.259588 -0.017319 0.120738 0.325490 0.360784 0.333333
v -0.262481 -0.019762 0.119546 0.329412 0.360784 0.333333
v -0.265277 -0.022228 0.118217 0.333333 0.356863 0.329412
v -0.267320 -0.024656 0.116472 0.333333 0.356863 0.329412
v -0.269884 -0.027155 0.114879 0.333333 0.352941 0.329412
v -0.272320 -0.029666 0.113156 0.337255 0.352941 0.325490
v -0.274616 -0.032186 0.111305 0.337255 0.349020 0.325490
v -0.276764 -0.034710 0.109328 0.341176 0.345098 0.321569
v -0.278754 -0.037234 0.107229 0.341176 0.345098 0.321569
v -0.279900 -0.039657 0.104756 0.341176 0.341176 0.321569
v -0.281546 -0.042161 0.102423 0.341176 0.337255 0.317647
v -0.283011 -0.044652 0.099976 0.345098 0.333333 0.317647
v -0.284288 -0.047124 0.097416 0.345098 0.329412 0.313725
v -0.285371 -0.049573 0.094747 0.345098 0.325490 0.313725
v -0.286257 -0.051996 0.091970 0.345098 0.325490 0.313725
v -0.286245 -0.054256 0.088873 0.345098 0.321569 0.309804
v -0.286722 -0.056606 0.085897 0.345098 0.317647 0.309804
v -0.286991 -0.058918 0.082822 0.345098 0.313725 0.305882
v -0.287051 -0.061189 0.079651 0.345098 0.309804 0.305882
v -0.286902 -0.063414 0.076386 0.345098 0.305882 0.305882
v -0.286543 -0.065592 0.073030 0.345098 0.298039 0.301961
v -0.285977 -0.067720 0.069586 0.345098 0.294118 0.301961
v -0.284513 -0.069627 0.065896 0.345098 0.290196 0.298039
v -0.283540 -0.071646 0.062292 0.341176 0.286275 0.298039
v -0.282369 -0.073611 0.058608 0.341176 0.282353 0.298039
v -0.281003 -0.075524 0.054848 0.341176 0.278431 0.294118
v -0.279449 -0.077383 0.051012 0.341176 0.274510 0.294118
v -0.277712 -0.079190 0.047105 0.337255 0.270588 0.294118
v -0.275799 -0.080946 0.043129 0.337255 0.266667 0.290196
v -0.273717 -0.082654 0.039087 0.333333 0.262745 0.290196
v -0.270814 -0.084110 0.034898 0.333333 0.258824 0.290196
v -0.268425 -0.085725 0.030743 0.333333 0.254902 0.286275
v -0.265892 -0.087300 0.026533 0.329412 0.254902 0.286275
v -0.263226 -0.088840 0.022269 0.325490 0.250980 0.286275
v -0.260436 -0.090348 0.017955 0.325490 0.247059 0.286275
v -0.257531 -0.091830 0.013596 0.321569 0.247059 0.286275
v -0.254521 -0.093288 0.009194 0.321569 0.243137 0.282353
v -0.250805 -0.094498 0.004742 0.317647 0.243137 0.282353
v -0.247625 -0.095922 0.000280 0.313725 0.243137 0.282353
v -0.244372 -0.097337 -0.004212 0.313725 0.243137 0.282353
v -0.241056 -0.098746 -0.008727 0.309804 0.243137 0.282353
v -0.237687 -0.100153 -0.013262 0.305882 0.247059 0.282353
v -0.234275 -0.101561 -0.017810 0.301961 0.247059 0.282353
v -0.230267 -0.102720 -0.022310 0.301961 0.250980 0.286275
v -0.226807 -0.104131 -0.026856 0.298039 0.254902 0.286275
v -0.223335 -0.105547 -0.031396 0.294118 0.258824 0.286275
v -0.219857 -0.106967 -0.035923 0.290196 0.266667 0.286275
v -0.216384 -0.108390 -0.040431 0.286275 0.270588 0.290196
v -0.213445 -0.110081 -0.045021 0.286275 0.278431 0.290196
v -0.209997 -0.111504 -0.049478 0.282353 0.286275 0.294118
v -0.206577 -0.112918 -0.053891 0.278431 0.294118 0.294118
v -0.203192 -0.114321 -0.058252 0.278431 0.301961 0.298039
v -0.200339 -0.115987 -0.062707 0.274510 0.309804 0.298039
v -0.197038 -0.117350 -0.066951 0.274510 0.313725 0.301961
v -0.193792 -0.118682 -0.071118 0.274510 0.321569 0.305882
v -0.190607 -0.119978 -0.075201 0.270588 0.329412 0.305882
v -0.187945 -0.121527 -0.079383 0.270588 0.337255 0.309804
v -0.185338 -0.123035 -0.083485 0.270588 0.341176 0.313725
v -0.182349 -0.124194 -0.087285 0.270588 0.349020 0.313725
v -0.180310 -0.125905 -0.091411 0.270588 0.352941 0.317647
v -0.178755 -0.127875 -0.095680 0.270588 0.356863 0.321569
v -0.178089 -0.130416 -0.100346 0.274510 0.360784 0.321569
v -0.177864 -0.133232 -0.105204 0.274510 0.364706 0.325490
v -0.175611 -0.134446 -0.108747 0.274510 0.364706 0.325490
v -0.173040 -0.135291 -0.111896 0.278431 0.368627 0.329412
v -0.170169 -0.135766 -0.114628 0.278431 0.368627 0.329412
v -0.167801 -0.136509 -0.117467 0.282353 0.368627 0.333333
v -0.165534 -0.137212 -0.120152 0.282353 0.372549 0.333333
v -0.162986 -0.137560 -0.122392 0.286275 0.372549 0.337255
v -0.160551 -0.137881 -0.124464 0.286275 0.372549 0.337255
v -0.158599 -0.138510 -0.126664 0.290196 0.368627 0.337255
v -0.156381 -0.138808 -0.128403 0.290196 0.368627 0.341176
v -0.154636 -0.139436 -0.130281 0.294118 0.368627 0.341176
v -0.152632 -0.139750 -0.131691 0.294118 0.368627 0.341176
v -0.151092 -0.140418 -0.133250 0.298039 0.368627 0.341176
v -0.149650 -0.141122 -0.134653 0.298039 0.368627 0.341176
v -0.147956 -0.141536 -0.135579 0.301961 0.364706 0.345098
v -0.146710 -0.142337 -0.136667 0.301961 0.364706 0.345098
v -0.145214 -0.142862 -0.137276 0.305882 0.364706 0.345098
v -0.144156 -0.143793 -0.138055 0.309804 0.364706 0.345098
v -0.143186 -0.144803 -0.138681 0.309804 0.364706 0.345098
v -0.141967 -0.145550 -0.138825 0.313725 0.364706 0.345098
v -0.141169 -0.146731 -0.139146 0.313725 0.364706 0.345098
v -0.140452 -0.148005 -0.139316 0.317647 0.364706 0.345098
v -0.139812 -0.149378 -0.139334 0.317647 0.364706 0.345098
v -0.138915 -0.150495 -0.138872 0.321569 0.364706 0.345098
v -0.138419 -0.152069 -0.138589 0.321569 0.364706 0.345098
v -0.137660 -0.153381 -0.137827 0.325490 0.364706 0.345098
v -0.137291 -0.155160 -0.137243 0.325490 0.364706 0.345098
v -0.136979 -0.157042 -0.136508 0.329412 0.368627 0.345098
v -0.136718 -0.159024 -0.135621 0.329412 0.368627 0.345098
v -0.136178 -0.160720 -0.134260 0.329412 0.368627 0.349020
v -0.136005 -0.162888 -0.133069 0.333333 0.368627 0.349020
v -0.135868 -0.165143 -0.131725 0.333333 0.368627 0.349020
v -0.135437 -0.167077 -0.129915 0.337255 0.368627 0.349020
v -0.135680 -0.169886 -0.128573 0.337255 0.372549 0.349020
v -0.135293 -0.171945 -0.126462 0.337255 0.372549 0.349020
v -0.135244 -0.174464 -0.124502 0.341176 0.372549 0.349020
v -0.135202 -0.177026 -0.122388 0.341176 0.368627 0.349020
v -0.134837 -0.179189 -0.119830 0.341176 0.368627 0.349020
v -0.135115 -0.182233 -0.117694 0.341176 0.368627 0.349020
v -0.135059 -0.184856 -0.115117 0.345098 0.368627 0.349020
v -0.134986 -0.187476 -0.112388 0.345098 0.364706 0.349020
v -0.134890 -0.190082 -0.109510 0.345098 0.364706 0.349020
v -0.134443 -0.192203 -0.106229 0.345098 0.360784 0.349020
v -0.134609 -0.195215 -0.103315 0.345098 0.356863 0.349020
v -0.134413 -0.197724 -0.100006 0.345098 0.352941 0.349020
v -0.134172 -0.200187 -0.096561 0.345098 0.349020 0.349020
v -0.133883 -0.202599 -0.092987 0.345098 0.345098 0.349020
v -0.133539 -0.204959 -0.089287 0.345098 0.337255 0.349020
v -0.133138 -0.207266 -0.085470 0.345098 0.333333 0.349020
v -0.132674 -0.209522 -0.081541 0.345098 0.329412 0.349020
v -0.132144 -0.211732 -0.077508 0.345098 0.321569 0.349020
v -0.131861 -0.214413 -0.073554 0.345098 0.313725 0.349020
v -0.131189 -0.216555 -0.069327 0.345098 0.309804 0.349020
v -0.130442 -0.218672 -0.065019 0.341176 0.301961 0.349020
v -0.129617 -0.220775 -0.060639 0.341176 0.294118 0.349020
v -0.129022 -0.223408 -0.056330 0.341176 0.290196 0.349020
v -0.128037 -0.225521 -0.051822 0.341176 0.282353 0.349020
v -0.126971 -0.227654 -0.047267 0.337255 0.278431 0.349020
v -0.125822 -0.229816 -0.042674 0.337255 0.270588 0.349020
v -0.124592 -0.232018 -0.038051 0.333333 0.266667 0.345098
v -0.123280 -0.234269 -0.033406 0.333333 0.258824 0.345098
v -0.121888 -0.236575 -0.028746 0.329412 0.254902 0.345098
v -0.120415 -0.238943 -0.024079 0.329412 0.250980 0.345098
v -0.118864 -0.241376 -0.019411 0.325490 0.247059 0.345098
v -0.117235 -0.243876 -0.014750 0.325490 0.247059 0.345098
v -0.115532 -0.246445 -0.010100 0.321569 0.243137 0.349020
v -0.113485 -0.248485 -0.005456 0.317647 0.243137 0.349020
v -0.111643 -0.251175 -0.000859 0.317647 0.243137 0.349020
v -0.109471 -0.253314 0.003701 0.313725 0.243137 0.349020
v -0.107501 -0.256103 0.008225 0.309804 0.243137 0.349020
v -0.105470 -0.258933 0.012712 0.305882 0.247059 0.349020
v -0.103381 -0.261793 0.017157 0.301961 0.247059 0.349020
v -0.101237 -0.264672 0.021557 0.301961 0.250980 0.349020
v -0.098803 -0.266917 0.025844 0.298039 0.250980 0.349020
v -0.096332 -0.269142 0.030058 0.294118 0.254902 0.349020
v -0.094053 -0.271990 0.034277 0.290196 0.258824 0.349020
v -0.091732 -0.274804 0.038437 0.290196 0.262745 0.349020
v -0.089158 -0.276902 0.042432 0.286275 0.266667 0.349020
v -0.086561 -0.278925 0.046342 0.282353 0.270588 0.349020
v -0.084147 -0.281542 0.050285 0.282353 0.274510 0.349020
v -0.081506 -0.283383 0.054027 0.278431 0.278431 0.349020
v -0.079044 -0.285804 0.057816 0.278431 0.282353 0.349020
v -0.076559 -0.288111 0.061528 0.274510 0.286275 0.345098
v -0.073695 -0.288883 0.064845 0.274510 0.290196 0.345098
v -0.071185 -0.290917 0.068378 0.274510 0.294118 0.345098
v -0.068493 -0.292089 0.071652 0.270588 0.298039 0.345098
v -0.065962 -0.293815 0.075005 0.270588 0.301961 0.345098
v -0.063267 -0.294655 0.078078 0.270588 0.301961 0.345098
v -0.060725 -0.296042 0.081242 0.270588 0.305882 0.345098
v -0.058035 -0.296523 0.084105 0.270588 0.309804 0.345098
v -0.055490 -0.297546 0.087069 0.270588 0.313725 0.345098
v -0.052812 -0.297650 0.089713 0.270588 0.317647 0.345098
v -0.050271 -0.298295 0.092469 0.270588 0.321569 0.345098
v -0.047614 -0.298012 0.094885 0.274510 0.321569 0.345098
v -0.044973 -0.297536 0.097182 0.274510 0.325490 0.345098
v -0.042453 -0.297604 0.099604 0.274510 0.329412 0.345098
v -0.039841 -0.296745 0.101661 0.274510 0.333333 0.345098
v -0.037249 -0.295700 0.103594 0.278431 0.333333 0.345098
v -0.034764 -0.295205 0.105662 0.278431 0.337255 0.345098
v -0.032209 -0.293798 0.107343 0.278431 0.337255 0.345098
v -0.029751 -0.292950 0.109167 0.282353 0.341176 0.345098
v -0.027307 -0.291931 0.110867 0.282353 0.341176 0.345098
v -0.024814 -0.290025 0.112161 0.286275 0.345098 0.345098
v -0.022348 -0.287969 0.113320 0.286275 0.345098 0.345098
v -0.019911 -0.285773 0.114344 0.290196 0.349020 0.341176
v -0.017503 -0.283445 0.115229 0.290196 0.349020 0.341176
v -0.015163 -0.281705 0.116270 0.294118 0.352941 0.341176
v -0.012811 -0.279141 0.116881 0.294118 0.352941 0.341176
v -0.010491 -0.276475 0.117351 0.298039 0.352941 0.341176
v -0.008205 -0.273720 0.117681 0.298039 0.356863 0.341176
v -0.005967 -0.271575 0.118170 0.301961 0.356863 0.341176
v -0.003744 -0.268667 0.118218 0.305882 0.356863 0.341176
v -0.001557 -0.265702 0.118125 0.305882 0.356863 0.341176
v 0.000594 -0.262691 0.117889 0.309804 0.360784 0.337255
v 0.002708 -0.259645 0.117512 0.309804 0.360784 0.337255
v 0.004785 -0.256574 0.116994 0.313725 0.360784 0.337255
v 0.006825 -0.253489 0.116336 0.317647 0.360784 0.337255
v 0.008850 -0.251047 0.115837 0.317647 0.360784 0.337255
v 0.010791 -0.247316 0.114602 0.321569 0.360784 0.337255
v 0.012718 -0.244246 0.113529 0.321569 0.360784 0.333333
v 0.014607 -0.241199 0.112321 0.325490 0.360784 0.333333
v 0.016459 -0.238183 0.110979 0.329412 0.360784 0.333333
v 0.018275 -0.235205 0.109506 0.329412 0.360784 0.333333
v 0.020056 -0.232271 0.107905 0.333333 0.360784 0.329412
v 0.021802 -0.229388 0.106177 0.333333 0.360784 0.329412
v 0.023514 -0.226558 0.104327 0.337255 0.360784 0.329412
v 0.025195 -0.223788 0.102357 0.337255 0.360784 0.329412
v 0.026844 -0.221078 0.100272 0.337255 0.360784 0.325490
v 0.028389 -0.217851 0.097813 0.341176 0.356863 0.325490
v 0.029978 -0.215275 0.095513 0.341176 0.356863 0.325490
v 0.031541 -0.212762 0.093110 0.341176 0.356863 0.321569
v 0.032992 -0.209746 0.090365 0.345098 0.352941 0.321569
v 0.034506 -0.207361 0.087777 0.345098 0.352941 0.317647
v 0.036002 -0.205033 0.085100 0.345098 0.349020 0.317647
v 0.037378 -0.202207 0.082116 0.345098 0.349020 0.317647
v 0.038839 -0.199987 0.079285 0.345098 0.345098 0.313725
v 0.040287 -0.197811 0.076382 0.345098 0.341176 0.313725
v 0.041612 -0.195137 0.073209 0.345098 0.341176 0.309804
v 0.043040 -0.193041 0.070184 0.345098 0.337255 0.309804
v 0.044341 -0.190448 0.066916 0.345098 0.333333 0.305882
v 0.045759 -0.188418 0.063789 0.345098 0.329412 0.305882
v 0.047046 -0.185897 0.060445 0.341176 0.321569 0.301961
v 0.048463 -0.183931 0.057233 0.341176 0.317647 0.301961
v 0.049746 -0.181487 0.053827 0.341176 0.313725 0.298039
v 0.051029 -0.179092 0.050401 0.337255 0.309804 0.298039
v 0.052312 -0.176755 0.046955 0.337255 0.301961 0.294118
v 0.053752 -0.174990 0.043618 0.333333 0.298039 0.294118
v 0.055048 -0.172805 0.040131 0.333333 0.290196 0.294118
v 0.056515 -0.171218 0.036737 0.329412 0.282353 0.290196
v 0.057831 -0.169255 0.033213 0.325490 0.278431 0.290196
v 0.059157 -0.167433 0.029677 0.325490 0.270588 0.286275
v 0.060494 -0.165771 0.026129 0.321569 0.266667 0.286275
v 0.062027 -0.164773 0.022638 0.317647 0.262745 0.286275
v 0.063395 -0.163481 0.019060 0.313725 0.254902 0.286275
v 0.064970 -0.162880 0.015520 0.313725 0.250980 0.282353
v 0.066373 -0.162010 0.011920 0.309804 0.247059 0.282353
v 0.067995 -0.161844 0.008342 0.305882 0.247059 0.282353
v 0.069645 -0.161898 0.004744 0.305882 0.243137 0.282353
v 0.071107 -0.161680 0.001128 0.301961 0.243137 0.282353
v 0.072807 -0.162158 -0.002484 0.298039 0.243137 0.282353
v 0.074536 -0.162830 -0.006102 0.298039 0.243137 0.282353
v 0.076294 -0.163682 -0.009719 0.294118 0.247059 0.286275
v 0.078081 -0.164694 -0.013328 0.294118 0.247059 0.286275
v 0.079897 -0.165845 -0.016923 0.290196 0.250980 0.286275
v 0.081743 -0.167114 -0.020498 0.290196 0.254902 0.286275
v 0.083877 -0.168998 -0.024119 0.290196 0.258824 0.286275
v 0.085787 -0.170439 -0.027643 0.286275 0.266667 0.290196
v 0.087727 -0.171930 -0.031125 0.286275 0.270588 0.290196
v 0.089974 -0.173991 -0.034667 0.286275 0.274510 0.290196
v 0.091977 -0.175527 -0.038058 0.282353 0.278431 0.290196
v 0.094301 -0.177608 -0.041518 0.282353 0.286275 0.294118
v 0.096668 -0.179678 -0.044934 0.282353 0.290196 0.294118
v 0.099075 -0.181721 -0.048300 0.278431 0.294118 0.294118
v 0.101840 -0.184296 -0.051771 0.278431 0.298039 0.298039
v 0.104336 -0.186253 -0.055030 0.278431 0.301961 0.298039
v 0.107205 -0.188731 -0.058404 0.278431 0.305882 0.298039
v 0.110127 -0.191148 -0.061727 0.274510 0.309804 0.298039
v 0.113104 -0.193495 -0.064994 0.274510 0.313725 0.301961
v 0.116135 -0.195763 -0.068200 0.274510 0.317647 0.301961
v 0.119217 -0.197946 -0.071340 0.274510 0.321569 0.301961
v 0.122350 -0.200037 -0.074410 0.274510 0.325490 0.305882
v 0.125914 -0.202643 -0.077641 0.270588 0.325490 0.305882
v 0.129153 -0.204536 -0.080566 0.270588 0.329412 0.305882
v 0.132437 -0.206320 -0.083408 0.270588 0.333333 0.309804
v 0.135765 -0.207991 -0.086163 0.270588 0.333333 0.309804
v 0.139133 -0.209544 -0.088828 0.270588 0.337255 0.309804
v 0.142538 -0.210977 -0.091398 0.270588 0.337255 0.313725
v 0.145978 -0.212285 -0.093871 0.270588 0.337255 0.313725
v 0.149449 -0.213465 -0.096242 0.270588 0.341176 0.313725
v 0.152946 -0.214515 -0.098509 0.270588 0.341176 0.317647
v 0.156465 -0.215432 -0.100668 0.274510 0.341176 0.317647
v 0.159532 -0.215579 -0.102415 0.274510 0.345098 0.321569
v 0.162593 -0.215588 -0.104038 0.274510 0.345098 0.321569
v 0.166131 -0.216095 -0.105848 0.274510 0.345098 0.321569
v 0.169671 -0.216462 -0.107539 0.278431 0.345098 0.325490
v 0.172700 -0.216055 -0.108791 0.278431 0.345098 0.325490
v 0.175700 -0.215510 -0.109912 0.282353 0.349020 0.325490
v 0.179189 -0.215457 -0.111228 0.282353 0.349020 0.325490
v 0.182122 -0.214634 -0.112088 0.286275 0.349020 0.329412
v 0.185006 -0.213676 -0.112815 0.286275 0.349020 0.329412
v 0.187834 -0.212582 -0.113408 0.290196 0.349020 0.329412
v 0.190600 -0.211354 -0.113866 0.294118 0.349020 0.333333
v 0.193297 -0.209996 -0.114188 0.298039 0.349020 0.333333
v 0.195918 -0.208507 -0.114375 0.298039 0.349020 0.333333
v 0.198455 -0.206892 -0.114426 0.301961 0.349020 0.337255
v 0.200901 -0.205152 -0.114341 0.305882 0.349020 0.337255
v 0.203845 -0.203885 -0.114454 0.309804 0.349020 0.337255
v 0.215108 -0.210726 -0.119085 0.309804 0.349020 0.337255
v 0.253761 -0.243473 -0.138437 0.313725 0.345098 0.337255
v 0.261131 -0.245383 -0.140306 0.317647 0.345098 0.341176
v 0.264731 -0.243637 -0.140013 0.321569 0.345098 0.341176
v 0.268192 -0.241732 -0.139543 0.321569 0.345098 0.341176
v 0.270878 -0.239119 -0.138575 0.325490 0.345098 0.341176
v 0.274032 -0.236915 -0.137752 0.329412 0.345098 0.341176
v 0.278935 -0.236182 -0.137694 0.329412 0.341176 0.341176
v 0.281769 -0.233664 -0.136501 0.333333 0.341176 0.345098
v 0.284426 -0.231006 -0.135127 0.337255 0.341176 0.345098
v 0.286900 -0.228213 -0.133571 0.337255 0.337255 0.345098
v 0.289188 -0.225289 -0.131835 0.341176 0.337255 0.345098
v 0.291283 -0.222241 -0.129918 0.341176 0.337255 0.345098
v 0.294487 -0.220046 -0.128389 0.341176 0.333333 0.345098
v 0.296845 -0.217223 -0.126378 0.345098 0.333333 0.345098
v 0.299005 -0.214272 -0.124174 0.345098 0.329412 0.345098
v 0.300965 -0.211198 -0.121779 0.345098 0.329412 0.345098
v 0.302072 -0.207561 -0.118935 0.345098 0.325490 0.345098
v 0.302980 -0.203833 -0.115916 0.345098 0.325490 0.345098
v 0.303043 -0.199594 -0.112483 0.345098 0.321569 0.345098
v 0.302916 -0.195299 -0.108895 0.345098 0.317647 0.345098
v 0.302606 -0.190957 -0.105157 0.345098 0.317647 0.349020
v 0.302119 -0.186574 -0.101272 0.345098 0.313725 0.349020
v 0.301463 -0.182159 -0.097245 0.345098 0.309804 0.349020
v 0.300647 -0.177720 -0.093079 0.341176 0.305882 0.349020
v 0.299043 -0.172901 -0.088593 0.341176 0.301961 0.349020
v 0.297306 -0.168097 -0.083999 0.337255 0.298039 0.349020
v 0.295445 -0.163318 -0.079304 0.337255 0.294118 0.349020
v 0.292850 -0.158238 -0.074356 0.337255 0.290196 0.349020
v 0.290164 -0.153224 -0.069341 0.333333 0.286275 0.349020
v 0.261613 -0.134982 -0.058501 0.333333 0.282353 0.349020
v 0.200497 -0.101061 -0.041670 0.329412 0.278431 0.349020
v 0.189830 -0.093461 -0.036376 0.325490 0.274510 0.349020
v 0.186472 -0.089664 -0.032630 0.325490 0.270588 0.349020
v 0.181932 -0.085434 -0.028733 0.321569 0.266667 0.349020
v 0.178019 -0.081641 -0.025006 0.317647 0.258824 0.349020
v 0.175310 -0.078523 -0.021496 0.317647 0.254902 0.349020
v 0.172626 -0.075528 -0.018020 0.313725 0.254902 0.345098
v 0.170548 -0.072906 -0.014635 0.309804 0.250980 0.345098
v 0.168500 -0.070400 -0.011275 0.309804 0.247059 0.349020
v 0.167054 -0.068243 -0.007973 0.305882 0.247059 0.349020
v 0.165644 -0.066193 -0.004687 0.305882 0.243137 0.349020
v 0.164278 -0.064251 -0.001421 0.301961 0.243137 0.349020
v 0.162411 -0.062206 0.001813 0.301961 0.243137 0.349020
v 0.161157 -0.060482 0.005013 0.298039 0.243137 0.349020
v 0.159424 -0.058660 0.008150 0.298039 0.247059 0.349020
v 0.158308 -0.057137 0.011268 0.294118 0.247059 0.349020
v 0.157268 -0.055700 0.014347 0.294118 0.250980 0.349020
v 0.156309 -0.054341 0.017384 0.290196 0.254902 0.349020
v 0.155438 -0.053050 0.020378 0.290196 0.258824 0.349020
v 0.155185 -0.051992 0.023408 0.290196 0.266667 0.349020
v 0.154500 -0.050800 0.026325 0.286275 0.270588 0.349020
v 0.153917 -0.049643 0.029198 0.286275 0.274510 0.349020
v 0.153439 -0.048513 0.032026 0.286275 0.282353 0.349020
v 0.153589 -0.047559 0.034929 0.282353 0.290196 0.349020
v 0.153331 -0.046449 0.037679 0.282353 0.294118 0.349020
v 0.153707 -0.045495 0.040521 0.282353 0.301961 0.349020
v 0.153683 -0.044379 0.043191 0.278431 0.305882 0.349020
v 0.154298 -0.043401 0.045968 0.278431 0.313725 0.349020
v 0.154518 -0.042262 0.048552 0.278431 0.317647 0.349020
v 0.155382 -0.041246 0.051258 0.274510 0.325490 0.349020
v 0.155854 -0.040073 0.053748 0.274510 0.329412 0.349020
v 0.156453 -0.038884 0.056184 0.274510 0.333333 0.349020
v 0.157704 -0.037804 0.058758 0.274510 0.337255 0.349020
v 0.158560 -0.036577 0.061082 0.270588 0.341176 0.349020
v 0.160076 -0.035450 0.063552 0.270588 0.345098 0.349020
v 0.161190 -0.034184 0.065751 0.270588 0.349020 0.349020
v 0.162970 -0.033009 0.068102 0.270588 0.352941 0.349020
v 0.164339 -0.031702 0.070158 0.270588 0.352941 0.349020
v 0.165832 -0.030377 0.072135 0.270588 0.356863 0.349020
v 0.168000 -0.029129 0.074273 0.270588 0.356863 0.349020
v 0.169738 -0.027759 0.076085 0.270588 0.356863 0.349020
v 0.171591 -0.026367 0.077807 0.274510 0.360784 0.345098
v 0.173557 -0.024952 0.079436 0.274510 0.360784 0.345098
v 0.176210 -0.023590 0.081236 0.274510 0.360784 0.345098
v 0.178395 -0.022120 0.082674 0.278431 0.360784 0.345098
v 0.180679 -0.020621 0.084012 0.278431 0.360784 0.345098
v 0.183057 -0.019093 0.085246 0.282353 0.360784 0.345098
v 0.185524 -0.017533 0.086375 0.282353 0.360784 0.345098
v 0.188072 -0.015941 0.087397 0.286275 0.360784 0.345098
v 0.190696 -0.014315 0.088312 0.286275 0.360784 0.345098
v 0.194025 -0.012694 0.089410 0.290196 0.360784 0.345098
v 0.196142 -0.010954 0.089813 0.290196 0.360784 0.345098
v 0.198948 -0.009217 0.090398 0.294118 0.360784 0.341176
v 0.201799 -0.007442 0.090873 0.298039 0.360784 0.341176
v 0.204686 -0.005628 0.091236 0.301961 0.356863 0.341176
v 0.207600 -0.003775 0.091489 0.301961 0.356863 0.341176
v 0.210531 -0.001883 0.091630 0.305882 0.356863 0.341176
f 17 170 18
f 17 18 671
f 17 672 18
f 185 280 278
f 185 276 278
f 642 641 672
f 642 87 641
f 274 185 276
f 518 388 387
f 518 389 517
f 673 87 641
f 673 39 675
f 673 17 672
f 673 675 17
f 179 274 276
f 374 538 537
f 374 536 537
f 542 541 650
f 542 545 650
f 548 185 366
f 13 170 171
f 238 170 171
f 238 179 205
f 423 424 495
f 423 424 326
f 643 654 642
f 643 642 87
f 632 642 629
f 632 629 672
f 632 629 641
f 632 643 642
f 670 642 672
f 670 642 629
f 670 643 642
f 670 13 671
f 279 274 280
f 172 243 170
f 172 17 170
f 172 13 170
f 14 13 673
f 555 670 552
f 135 133 134
f 283 374 282
f 283 374 282
f 198 274 280
f 198 274 276
f 526 374 524
f 522 374 524
f 522 521 387
f 515 514 389
f 515 514 390
f 519 521 390
f 519 517 390
f 519 389 521
f 519 389 517
f 519 518 389
f 519 518 389
f 519 643 517
f 519 518 388
f 519 518 387
f 453 279 280
f 181 280 278
f 181 276 278
f 181 179 276
f 181 274 276
f 181 179 274
f 368 181 280
f 368 185 280
f 371 542 540
f 371 368 181
f 371 368 282
f 3 548 4
f 3 552 671
f 3 2 552
f 3 39 40
f 3 2 39
f 3 672 671
f 3 2 672
f 3 673 672
f 3 2 673
f 3 673 675
f 3 2 673
f 3 678 2
f 546 659 545
f 365 326 325
f 365 522 524
f 153 187 155
f 153 3 2
f 153 3 2
f 153 150 149
f 153 3 149
f 153 3 155
f 153 14 155
f 153 154 238
f 153 155 17
f 164 198 176
f 164 176 171
f 157 14 155
f 157 187 155
f 157 155 17
f 157 159 17
f 697 134 40
f 241 150 243
f 241 153 154
f 241 154 155
f 241 243 170
f 241 243 170
f 241 172 243
f 241 179 243
f 241 181 179
f 241 181 243
f 241 185 243
f 246 133 247
f 137 135 243
f 137 135 133
f 426 424 326
f 426 427 326
f 428 326 325
f 428 427 326
f 422 495 420
f 422 423 495
f 422 326 420
f 422 423 326
f 378 532 379
f 378 526 379
f 378 283 282
f 378 283 379
f 378 522 379
f 378 515 379
f 380 381 533
f 380 526 381
f 380 283 282
f 380 283 379
f 380 526 381
f 380 526 379
f 380 522 381
f 380 522 379
f 385 530 386
f 385 522 521
f 385 522 384
f 385 519 518
f 385 519 384
f 385 515 384
f 383 384 530
f 383 522 384
f 383 515 384
f 663 643 642
f 663 643 642
f 663 546 545
f 663 546 545
f 661 643 654
f 661 643 654
f 661 659 654
f 661 654 642
f 661 659 654
f 661 546 545
f 661 546 545
f 478 476 643
f 633 641 672
f 633 632 672
f 633 632 641
f 633 642 641
f 633 634 642
f 633 632 642
f 633 632 643
f 633 634 643
f 630 632 643
f 669 642 668
f 669 670 642
f 669 643 642
f 669 670 643
f 669 670 643
f 669 13 668
f 669 670 13
f 669 555 668
f 669 555 670
f 669 670 548
f 669 7 548
f 669 7 670
f 173 205 176
f 173 172 11
f 173 172 238
f 173 164 176
f 27 42 26
f 27 26 673
f 27 153 154
f 27 42 26
f 725 726 149
f 725 726 142
f 727 726 187
f 727 726 149
f 727 726 552
f 727 726 187
f 727 726 142
f 727 726 672
f 727 726 673
f 727 726 673
f 556 557 729
f 556 670 557
f 556 555 670
f 556 669 670
f 556 669 555
f 556 727 726
f 556 727 555
f 556 669 557
f 556 669 555
f 556 725 555
f 556 557 552
f 556 555 552
f 556 526 557
f 556 526 555
f 556 522 557
f 556 522 555
f 556 515 518
f 556 515 555
f 554 555 552
f 554 2 552
f 554 2 555
f 554 727 726
f 554 727 555
f 554 725 555
f 554 555 552
f 554 515 555
f 554 526 555
f 554 522 555
f 86 643 642
f 86 87 641
f 86 642 641
f 86 642 87
f 86 651 642
f 86 653 642
f 41 673 675
f 41 59 673
f 41 673 39
f 41 137 135
f 41 135 133
f 41 100 134
f 41 137 40
f 41 137 135
f 41 134 40
f 41 135 134
f 41 134 40
f 261 185 262
f 261 181 262
f 261 181 179
f 261 179 177
f 261 172 170
f 252 261 198
f 192 198 187
f 565 532 540
f 565 526 524
f 565 522 524
f 621 673 641
f 640 629 641
f 640 632 629
f 640 630 632
f 640 621 673
f 640 633 632
f 640 633 634
f 640 642 641
f 640 639 642
f 628 640 629
f 628 640 630
f 628 630 629
f 628 478 476
f 529 565 526
f 529 565 532
f 529 378 379
f 529 526 374
f 529 532 374
f 529 380 379
f 529 556 526
f 529 554 555
f 529 554 526
f 529 526 524
f 529 380 530
f 529 556 526
f 529 526 524
f 529 532 524
f 463 630 643
f 463 630 632
f 516 518 517
f 516 389 517
f 516 515 389
f 516 385 515
f 516 389 517
f 516 515 389
f 516 518 388
f 516 385 388
f 516 385 518
f 516 385 384
f 516 385 515
f 516 623 514
f 516 517 390
f 516 515 390
f 516 383 384
f 516 383 515
f 393 519 517
f 457 627 623
f 457 633 634
f 692 3 2
f 227 326 325
f 227 228 326
f 227 691 134
f 227 134 136
f 227 228 134
f 227 137 136
f 227 137 228
f 324 227 228
f 324 451 325
f 324 227 325
f 324 428 325
f 324 428 427
f 324 426 427
f 324 426 424
f 324 423 424
f 324 422 423
f 324 422 420
f 324 365 325
f 573 522 571
f 573 515 518
f 419 495 420
f 419 418 495
f 419 326 420
f 419 418 326
f 419 324 420
f 419 324 418
f 455 453 276
f 277 453 276
f 277 453 279
f 277 274 276
f 277 279 274
f 683 41 682
f 683 682 39
f 683 14 682
f 683 3 682
f 683 3 2
f 683 678 2
f 683 727 726
f 199 164 176
f 199 164 198
f 199 274 282
f 199 198 282
f 199 198 274
f 199 261 198
f 199 252 261
f 199 252 261
f 372 371 540
f 372 539 540
f 372 539 373
f 372 282 373
f 372 371 282
f 372 532 524
f 372 365 524
f 372 365 371
f 372 522 524
f 372 529 524
f 372 529 532
f 372 529 532
f 372 365 522
f 370 368 542
f 370 371 542
f 370 371 542
f 370 543 542
f 370 365 371
f 370 543 365
f 10 7 179
f 10 173 11
f 10 11 171
f 10 669 670
f 10 669 7
f 10 670 11
f 10 7 670
f 10 157 159
f 10 11 672
f 10 7 672
f 10 157 155
f 10 673 11
f 10 153 155
f 10 673 675
f 10 14 150
f 10 14 150
f 10 683 682
f 5 157 176
f 5 157 159
f 5 157 155
f 5 153 155
f 5 181 4
f 5 153 150
f 5 150 149
f 5 552 671
f 5 672 671
f 5 673 672
f 5 673 675
f 5 683 682
f 549 7 548
f 549 670 552
f 549 670 548
f 549 669 670
f 549 669 670
f 549 5 548
f 549 669 668
f 549 669 548
f 549 3 548
f 549 663 552
f 549 663 548
f 549 3 548
f 549 3 2
f 549 663 662
f 549 663 548
f 549 548 552
f 549 548 185
f 549 2 185
f 549 661 662
f 549 661 548
f 549 548 185
f 549 661 552
f 549 661 548
f 549 365 548
f 549 659 552
f 549 659 548
f 549 529 526
f 549 365 548
f 549 526 548
f 549 522 548
f 182 181 4
f 182 3 4
f 182 3 2
f 182 153 2
f 657 545 650
f 657 546 545
f 657 659 654
f 647 86 643
f 547 663 548
f 547 663 546
f 547 669 548
f 547 663 548
f 547 663 546
f 547 669 7
f 547 669 546
f 547 661 548
f 547 661 546
f 547 661 548
f 547 661 546
f 547 659 548
f 547 546 659
f 547 548 366
f 547 365 548
f 547 365 548
f 547 548 552
f 547 565 552
f 367 546 545
f 367 547 546
f 367 547 365
f 367 547 365
f 367 185 366
f 367 368 185
f 367 282 185
f 367 282 185
f 367 368 185
f 367 368 282
f 359 726 552
f 359 725 726
f 359 726 187
f 360 359 552
f 360 359 554
f 360 359 556
f 360 359 556
f 360 359 350
f 728 153 187
f 728 153 187
f 728 727 187
f 728 153 149
f 728 153 729
f 728 727 149
f 728 185 729
f 728 142 729
f 728 727 142
f 728 554 729
f 728 554 727
f 728 692 729
f 728 554 555
f 728 554 727
f 728 556 555
f 728 556 727
f 728 556 557
f 728 556 727
f 728 557 729
f 728 683 675
f 728 683 727
f 728 729 672
f 728 727 672
f 728 673 675
f 728 727 673
f 728 673 729
f 728 727 673
f 151 27 26
f 151 42 132
f 151 42 150
f 151 154 132
f 151 150 247
f 151 241 150
f 178 3 155
f 178 157 155
f 178 157 176
f 178 157 159
f 178 164 159
f 178 5 176
f 178 205 176
f 178 179 205
f 178 164 176
f 178 199 198
f 178 198 176
f 178 7 176
f 178 7 179
f 160 241 159
f 160 159 17
f 165 241 164
f 165 164 17
f 99 100 134
f 99 254 255
f 99 254 255
f 99 255 256
f 99 255 100
f 99 261 98
f 215 706 137
f 308 389 388
f 240 99 241
f 240 241 205
f 240 99 241
f 240 205 185
f 240 241 185
f 240 241 205
f 240 241 181
f 240 241 181
f 240 135 134
f 240 241 135
f 240 241 135
f 240 137 241
f 240 241 179
f 240 241 150
f 240 151 241
f 240 241 172
f 240 241 170
f 240 241 153
f 240 241 170
f 240 241 154
f 240 165 241
f 240 160 241
f 432 324 451
f 454 240 241
f 454 455 92
f 454 455 274
f 454 455 453
f 454 455 453
f 145 39 40
f 145 3 40
f 145 3 2
f 140 41 42
f 421 422 495
f 330 227 691
f 206 153 205
f 206 153 150
f 206 153 205
f 534 532 374
f 534 374 538
f 534 374 538
f 534 532 374
f 534 539 538
f 534 610 532
f 534 372 539
f 534 372 532
f 534 610 539
f 534 372 539
f 534 372 532
f 534 565 532
f 382 522 381
f 382 526 381
f 382 383 381
f 382 383 526
f 382 380 522
f 382 515 379
f 382 380 379
f 382 516 515
f 382 516 383
f 382 516 383
f 382 378 515
f 382 324 365
f 644 663 662
f 644 663 643
f 644 661 662
f 644 661 643
f 644 663 552
f 644 663 643
f 644 661 552
f 644 661 643
f 644 555 643
f 644 556 555
f 644 647 643
f 644 647 659
f 644 549 552
f 644 549 643
f 644 549 548
f 644 549 643
f 644 547 548
f 644 547 643
f 644 547 546
f 644 547 546
f 644 546 545
f 644 546 643
f 644 542 545
f 644 643 542
f 644 542 541
f 644 643 542
f 644 643 538
f 644 643 538
f 644 643 536
f 644 643 533
f 644 643 530
f 644 643 530
f 644 643 517
f 644 514 517
f 644 643 514
f 644 643 514
f 644 478 476
f 644 457 643
f 644 643 87
f 559 669 643
f 559 727 726
f 281 453 282
f 175 173 205
f 175 240 241
f 175 241 243
f 175 10 177
f 175 10 176
f 12 173 172
f 12 172 11
f 12 172 13
f 12 11 171
f 12 13 171
f 12 175 177
f 12 164 14
f 12 673 675
f 12 14 673
f 12 14 13
f 12 157 159
f 12 157 14
f 12 157 14
f 12 669 668
f 12 669 13
f 12 673 11
f 12 13 673
f 12 669 670
f 12 669 670
f 12 11 672
f 12 13 672
f 12 670 11
f 12 670 13
f 257 99 100
f 257 99 258
f 257 99 256
f 257 99 258
f 257 255 256
f 257 255 451
f 15 14 150
f 15 683 14
f 15 153 14
f 15 157 14
f 15 157 14
f 15 14 673
f 15 14 673
f 15 14 13
f 15 165 164
f 15 172 13
f 15 13 170
f 15 14 13
f 25 26 673
f 25 26 673
f 25 42 672
f 25 42 26
f 25 42 671
f 25 42 26
f 25 154 26
f 25 153 154
f 25 151 26
f 19 673 675
f 19 673 672
f 19 672 18
f 19 18 671
f 19 170 18
f 19 160 159
f 19 157 155
f 19 153 155
f 57 56 42
f 57 41 42
f 57 56 672
f 57 56 42
f 57 56 670
f 57 56 669
f 57 56 669
f 57 56 659
f 57 56 661
f 57 56 661
f 57 56 663
f 57 56 663
f 666 556 643
f 666 644 556
f 666 644 556
f 666 644 555
f 553 725 726
f 553 554 726
f 553 554 725
f 553 359 725
f 553 359 554
f 553 360 359
f 553 360 359
f 553 551 552
f 553 554 552
f 553 532 551
f 553 365 515
f 553 529 532
f 553 529 554
f 553 529 532
f 553 515 551
f 553 554 515
f 553 529 526
f 553 529 554
f 553 526 551
f 553 554 526
f 553 522 551
f 553 554 522
f 101 99 100
f 101 99 261
f 101 99 261
f 101 257 258
f 82 642 641
f 82 663 642
f 82 663 642
f 60 41 133
f 60 133 61
f 60 41 673
f 60 41 59
f 60 41 133
f 60 41 59
f 60 673 61
f 60 59 673
f 60 61 672
f 60 59 672
f 60 670 61
f 60 59 670
f 60 59 669
f 60 669 670
f 60 59 669
f 680 682 39
f 680 683 678
f 680 683 589
f 680 683 589
f 680 678 17
f 680 15 14
f 680 15 678
f 680 12 678
f 680 14 682
f 680 12 14
f 680 12 678
f 680 10 682
f 680 10 678
f 680 5 682
f 680 5 678
f 680 3 682
f 680 3 678
f 680 3 678
f 694 41 134
f 694 41 40
f 694 330 226
f 694 330 691
f 130 57 56
f 271 179 274
f 271 181 179
f 271 181 274
f 271 274 185
f 271 199 198
f 271 274 282
f 271 281 282
f 271 279 274
f 271 281 279
f 251 99 252
f 194 198 282
f 194 198 280
f 194 198 276
f 194 198 274
f 194 271 198
f 189 192 282
f 189 192 280
f 189 192 282
f 189 192 276
f 189 192 187
f 189 185 276
f 189 192 274
f 189 359 187
f 189 274 185
f 189 271 192
f 189 726 187
f 189 359 726
f 189 271 274
f 189 725 726
f 189 359 725
f 189 192 261
f 189 261 185
f 189 192 252
f 189 252 256
f 189 192 198
f 189 192 198
f 189 192 185
f 723 189 725
f 723 359 554
f 723 556 725
f 723 554 725
f 723 556 726
f 723 556 725
f 723 565 672
f 723 726 672
f 723 726 673
f 723 726 673
f 723 683 726
f 723 692 725
f 568 571 672
f 568 565 672
f 568 534 565
f 568 534 610
f 568 534 610
f 568 534 532
f 568 534 565
f 568 529 532
f 568 529 565
f 568 529 526
f 568 529 565
f 568 526 571
f 568 565 526
f 568 522 571
f 568 565 522
f 616 615 673
f 616 556 557
f 616 543 542
f 616 519 518
f 616 615 495
f 616 476 615
f 616 478 615
f 616 463 464
f 619 549 548
f 466 616 615
f 466 468 628
f 466 463 643
f 466 468 643
f 466 644 463
f 466 468 644
f 490 421 419
f 507 644 643
f 507 490 644
f 507 490 644
f 535 616 534
f 535 378 379
f 535 378 379
f 535 380 533
f 535 380 379
f 535 380 379
f 535 374 536
f 535 534 374
f 535 374 536
f 535 534 374
f 531 643 530
f 531 616 532
f 531 530 381
f 531 380 381
f 531 380 530
f 531 532 379
f 531 380 379
f 531 380 379
f 531 378 379
f 531 378 532
f 531 529 378
f 528 643 530
f 528 529 530
f 528 616 529
f 528 383 381
f 528 383 530
f 528 380 381
f 528 529 380
f 528 383 384
f 528 383 384
f 528 529 380
f 528 385 530
f 528 385 384
f 528 385 384
f 528 380 526
f 528 380 526
f 528 378 526
f 528 529 378
f 528 529 378
f 523 521 390
f 523 389 521
f 523 644 643
f 523 389 521
f 523 522 521
f 523 522 387
f 523 385 522
f 523 385 384
f 523 385 522
f 523 383 384
f 523 383 522
f 523 382 522
f 523 382 383
f 523 382 383
f 525 387 386
f 525 523 389
f 525 523 387
f 525 385 386
f 525 389 390
f 525 523 389
f 525 523 385
f 525 523 385
f 525 644 643
f 525 523 644
f 525 385 384
f 525 385 384
f 525 523 390
f 525 383 384
f 525 383 526
f 525 383 384
f 525 382 383
f 525 382 383
f 525 526 381
f 525 382 381
f 525 382 526
f 674 640 621
f 674 640 673
f 674 41 673
f 674 66 41
f 459 630 629
f 459 633 632
f 459 633 632
f 459 628 629
f 459 633 634
f 459 633 634
f 459 644 457
f 459 627 628
f 459 457 634
f 459 457 634
f 91 274 276
f 91 455 274
f 91 455 92
f 90 91 455
f 90 674 640
f 90 627 640
f 90 627 640
f 90 683 41
f 90 683 41
f 462 463 464
f 462 616 463
f 462 448 457
f 462 459 457
f 462 459 448
f 462 463 627
f 462 463 628
f 462 463 630
f 462 463 630
f 462 463 632
f 462 644 463
f 462 459 644
f 578 577 673
f 513 573 515
f 513 556 515
f 513 556 365
f 513 556 515
f 513 554 365
f 513 554 515
f 513 382 365
f 513 382 383
f 513 382 378
f 513 553 365
f 513 553 554
f 513 553 554
f 513 514 389
f 513 515 389
f 513 515 514
f 513 383 515
f 513 382 383
f 513 514 390
f 583 600 673
f 233 214 157
f 233 99 100
f 429 308 430
f 429 430 485
f 315 382 380
f 520 573 518
f 520 568 518
f 520 568 522
f 520 573 522
f 520 568 565
f 520 522 374
f 520 565 522
f 520 378 522
f 520 372 522
f 520 563 518
f 520 380 522
f 520 378 379
f 520 365 518
f 520 372 365
f 520 372 365
f 520 382 380
f 520 380 379
f 520 556 518
f 520 556 522
f 520 383 522
f 520 382 383
f 520 382 380
f 520 556 555
f 520 556 522
f 520 383 384
f 520 382 383
f 520 554 555
f 520 554 522
f 520 385 384
f 520 385 519
f 520 519 384
f 520 383 384
f 520 547 548
f 520 553 554
f 520 553 554
f 520 385 521
f 520 385 519
f 520 549 548
f 520 549 522
f 520 553 551
f 520 553 522
f 520 521 387
f 520 519 387
f 520 519 388
f 520 389 388
f 520 389 521
f 520 519 389
f 520 519 389
f 341 422 420
f 452 277 453
f 452 277 269
f 452 281 453
f 452 453 279
f 452 281 279
f 452 281 453
f 452 281 283
f 452 454 451
f 452 454 453
f 452 457 453
f 452 257 255
f 452 257 454
f 452 251 255
f 452 454 254
f 452 251 254
f 452 251 454
f 452 454 241
f 684 41 685
f 684 683 41
f 684 683 41
f 684 683 39
f 684 15 683
f 684 683 14
f 684 10 14
f 684 10 683
f 684 5 683
f 684 683 3
f 684 683 3
f 684 728 683
f 684 728 683
f 684 683 727
f 684 723 683
f 684 723 725
f 684 723 719
f 684 723 673
f 684 723 683
f 684 595 683
f 687 688 230
f 687 90 41
f 687 595 688
f 687 688 41
f 94 41 134
f 94 687 688
f 94 687 688
f 94 687 90
f 94 90 98
f 94 687 90
f 94 90 683
f 94 683 685
f 94 90 683
f 94 240 241
f 94 454 240
f 94 251 454
f 94 454 254
f 94 257 454
f 167 12 11
f 167 12 164
f 167 12 13
f 167 12 164
f 167 10 11
f 167 10 164
f 167 164 14
f 167 165 164
f 167 15 165
f 544 365 522
f 544 543 365
f 544 522 524
f 544 520 365
f 544 526 524
f 544 529 526
f 544 522 548
f 544 520 522
f 544 520 547
f 544 520 365
f 544 529 532
f 544 526 548
f 544 547 565
f 544 520 547
f 544 543 368
f 544 547 365
f 544 547 365
f 544 529 526
f 544 568 565
f 544 547 565
f 544 367 368
f 544 367 546
f 544 367 365
f 544 367 365
f 544 370 543
f 544 568 565
f 544 568 543
f 544 565 540
f 544 547 548
f 544 549 548
f 544 532 540
f 544 549 532
f 544 549 529
f 544 549 529
f 9 10 176
f 9 10 7
f 9 175 173
f 9 175 10
f 9 175 10
f 9 10 173
f 9 10 171
f 9 167 164
f 9 167 10
f 9 167 10
f 9 10 157
f 9 10 157
f 9 10 153
f 9 10 150
f 9 684 10
f 9 10 683
f 9 680 10
f 9 680 10
f 9 10 673
f 9 7 673
f 9 10 673
f 9 10 7
f 550 5 552
f 550 549 5
f 550 549 5
f 550 3 552
f 550 549 3
f 550 3 2
f 550 549 3
f 550 185 729
f 550 551 552
f 550 549 552
f 550 185 552
f 550 551 552
f 550 532 551
f 550 549 532
f 550 549 185
f 550 529 532
f 550 549 529
f 550 549 365
f 550 529 526
f 550 549 529
f 550 365 515
f 550 526 551
f 550 549 526
f 550 515 551
f 550 365 515
f 550 549 365
f 550 522 551
f 550 549 522
f 550 520 551
f 550 520 549
f 550 520 522
f 550 520 549
f 1 182 153
f 1 153 729
f 1 153 2
f 1 550 185
f 1 142 729
f 1 550 729
f 1 550 2
f 1 549 2
f 1 550 549
f 1 550 549
f 1 2 39
f 1 554 729
f 1 554 2
f 1 692 729
f 1 692 39
f 1 692 2
f 1 554 555
f 1 554 2
f 1 2 555
f 1 556 729
f 1 556 555
f 1 556 555
f 1 729 672
f 1 2 672
f 1 673 729
f 1 2 673
f 1 673 675
f 1 2 673
f 1 684 683
f 1 684 683
f 1 683 678
f 1 683 675
f 186 728 185
f 186 728 187
f 186 728 727
f 186 189 198
f 186 189 198
f 186 728 185
f 186 728 727
f 186 189 187
f 186 185 552
f 186 727 552
f 186 727 187
f 186 282 185
f 186 189 282
f 186 282 185
f 186 189 282
f 186 185 280
f 186 189 280
f 186 189 185
f 184 164 159
f 184 182 164
f 184 182 164
f 184 157 187
f 184 157 159
f 184 198 187
f 184 182 198
f 184 182 157
f 184 186 198
f 184 157 187
f 184 182 157
f 184 186 187
f 184 186 198
f 184 153 187
f 184 182 153
f 184 153 187
f 184 199 198
f 184 182 199
f 184 1 153
f 184 1 182
f 184 1 185
f 184 186 185
f 184 2 185
f 184 1 2
f 184 182 2
f 184 1 182
f 658 659 542
f 658 657 542
f 658 546 659
f 658 657 546
f 658 657 542
f 658 547 546
f 658 547 659
f 658 657 546
f 658 547 546
f 658 549 659
f 658 547 548
f 658 549 548
f 658 549 659
f 658 549 552
f 658 644 552
f 658 57 56
f 658 57 56
f 658 659 552
f 658 644 552
f 658 644 659
f 658 657 659
f 656 542 545
f 656 657 545
f 656 657 542
f 656 542 541
f 656 657 542
f 656 651 650
f 656 657 650
f 656 651 652
f 656 653 652
f 656 657 653
f 656 657 653
f 656 657 654
f 648 659 654
f 648 647 659
f 648 643 654
f 648 647 643
f 648 658 659
f 648 658 647
f 648 643 654
f 648 647 643
f 648 658 657
f 648 653 654
f 648 658 657
f 648 653 642
f 648 657 653
f 648 657 653
f 648 651 642
f 648 653 652
f 648 651 652
f 648 651 650
f 648 86 651
f 648 86 651
f 648 647 86
f 648 86 650
f 648 647 86
f 625 547 546
f 625 546 643
f 625 547 643
f 625 643 542
f 625 549 643
f 625 643 542
f 625 549 643
f 625 643 538
f 625 555 643
f 625 643 538
f 625 556 555
f 625 643 536
f 625 556 643
f 625 643 533
f 625 531 643
f 625 531 643
f 625 507 500
f 625 507 643
f 625 628 643
f 625 528 643
f 625 643 514
f 625 629 672
f 625 628 629
f 625 670 643
f 625 670 643
f 625 565 562
f 625 528 643
f 625 643 514
f 625 670 562
f 625 670 629
f 625 568 565
f 625 525 643
f 625 519 643
f 625 500 495
f 625 525 523
f 625 519 643
f 625 523 643
f 180 178 3
f 180 3 2
f 180 182 2
f 180 182 3
f 180 182 157
f 180 178 157
f 180 182 3
f 180 178 3
f 180 182 157
f 180 178 157
f 180 182 181
f 180 182 164
f 180 178 164
f 180 182 164
f 180 178 164
f 180 5 181
f 180 178 5
f 180 181 179
f 180 178 179
f 180 182 198
f 180 178 198
f 180 182 199
f 180 178 199
f 572 513 573
f 712 572 573
f 709 712 673
f 709 712 684
f 709 572 574
f 718 563 719
f 718 563 717
f 718 568 719
f 718 568 717
f 718 719 673
f 718 717 673
f 718 137 719
f 718 684 719
f 718 684 717
f 162 160 254
f 162 160 258
f 152 150 17
f 152 153 17
f 152 15 14
f 152 15 153
f 152 240 241
f 152 240 151
f 152 14 150
f 152 153 14
f 152 151 23
f 152 241 153
f 152 151 241
f 152 10 150
f 152 10 153
f 152 9 10
f 152 9 10
f 152 25 153
f 152 25 151
f 152 27 153
f 152 151 27
f 152 151 154
f 152 154 42
f 152 151 42
f 152 151 154
f 237 454 238
f 237 167 165
f 237 167 238
f 237 94 454
f 237 165 164
f 237 238 171
f 237 94 238
f 237 173 238
f 237 99 238
f 237 99 100
f 237 157 238
f 237 238 134
f 237 157 238
f 237 137 238
f 237 153 238
f 237 152 153
f 237 238 150
f 237 151 238
f 237 152 151
f 237 152 151
f 309 214 235
f 309 237 310
f 309 237 308
f 309 240 241
f 309 240 308
f 309 367 310
f 309 308 367
f 309 367 368
f 309 308 367
f 309 370 368
f 309 308 370
f 309 370 371
f 309 308 370
f 309 432 310
f 309 372 371
f 309 308 372
f 309 432 310
f 309 432 308
f 309 372 310
f 309 308 372
f 309 429 310
f 309 429 308
f 309 310 374
f 309 308 374
f 309 429 428
f 309 429 308
f 309 310 374
f 309 308 374
f 309 428 427
f 309 308 428
f 309 426 427
f 309 308 426
f 309 378 379
f 309 308 378
f 309 425 426
f 309 425 308
f 309 380 379
f 309 308 380
f 309 425 310
f 309 425 308
f 309 380 310
f 309 308 380
f 309 423 310
f 309 308 423
f 309 308 383
f 309 422 423
f 309 308 422
f 309 382 310
f 309 382 383
f 309 382 383
f 309 383 384
f 309 308 383
f 309 421 422
f 309 421 308
f 309 385 384
f 309 308 385
f 309 421 310
f 309 421 308
f 309 385 310
f 309 308 385
f 309 419 310
f 309 308 419
f 309 310 387
f 309 308 387
f 309 419 310
f 309 308 419
f 309 310 388
f 309 308 388
f 309 310 389
f 309 308 389
f 309 310 389
f 309 308 389
f 309 310 390
f 309 308 390
f 302 251 255
f 302 432 430
f 244 247 243
f 244 172 243
f 244 160 159
f 244 175 243
f 244 179 243
f 244 181 179
f 244 154 155
f 244 181 243
f 244 153 154
f 244 185 243
f 244 152 153
f 244 150 243
f 244 189 185
f 244 189 247
f 244 152 151
f 244 151 150
f 244 189 192
f 244 189 192
f 244 192 198
f 244 192 198
f 244 199 198
f 244 199 198
f 244 247 205
f 303 244 243
f 303 244 247
f 303 367 366
f 303 367 368
f 303 371 368
f 303 372 371
f 303 302 432
f 303 372 373
f 303 302 430
f 303 374 373
f 303 302 429
f 303 374 375
f 303 302 429
f 303 302 428
f 303 378 379
f 303 302 426
f 303 380 379
f 303 302 425
f 303 380 381
f 303 302 425
f 303 383 381
f 303 302 423
f 303 383 384
f 303 302 422
f 303 302 421
f 303 421 419
f 303 302 421
f 303 302 419
f 307 237 214
f 307 237 308
f 307 237 308
f 307 240 214
f 307 240 241
f 307 240 308
f 307 308 367
f 307 308 367
f 307 370 371
f 307 308 370
f 307 308 370
f 307 308 372
f 307 308 372
f 307 308 374
f 307 308 374
f 307 432 308
f 307 308 430
f 307 308 378
f 307 429 308
f 307 308 380
f 307 429 308
f 307 308 380
f 307 308 428
f 307 308 383
f 307 308 426
f 307 308 383
f 307 425 308
f 307 308 385
f 307 425 308
f 307 308 385
f 307 308 423
f 307 308 387
f 307 308 422
f 307 308 389
f 307 421 308
f 307 308 389
f 307 421 308
f 307 308 390
f 307 308 419
f 307 308 419
f 264 292 265
f 264 452 265
f 264 452 265
f 264 454 265
f 264 94 454
f 264 189 192
f 264 189 265
f 264 265 185
f 264 265 181
f 264 265 181
f 264 265 179
f 264 265 172
f 260 292 261
f 260 452 257
f 260 264 292
f 260 452 257
f 260 264 452
f 260 452 454
f 260 94 257
f 260 94 257
f 260 94 261
f 260 99 261
f 260 99 261
f 260 101 261
f 253 251 254
f 253 251 252
f 253 256 172
f 253 256 179
f 253 252 179
f 253 252 172
f 253 181 256
f 253 252 181
f 253 99 254
f 253 94 251
f 253 251 99
f 253 251 99
f 253 181 256
f 253 252 181
f 253 99 254
f 253 99 252
f 253 256 185
f 253 252 185
f 253 252 256
f 253 162 160
f 253 162 160
f 297 425 422
f 297 421 419
f 297 199 198
f 285 452 281
f 285 281 269
f 285 452 269
f 285 452 269
f 460 454 432
f 460 595 454
f 460 454 451
f 460 459 627
f 460 459 628
f 147 145 247
f 147 145 42
f 143 246 247
f 143 41 42
f 143 244 142
f 143 41 39
f 143 41 142
f 143 240 241
f 143 237 142
f 139 718 137
f 139 718 140
f 139 721 137
f 139 140 721
f 139 140 41
f 139 140 41
f 139 140 133
f 139 244 140
f 139 140 240
f 139 237 137
f 139 237 140
f 139 227 137
f 139 140 227
f 139 227 137
f 139 140 227
f 435 297 425
f 435 429 430
f 328 330 423
f 328 330 426
f 328 330 422
f 328 330 426
f 328 330 422
f 328 330 428
f 328 330 419
f 328 330 428
f 328 330 419
f 328 330 227
f 328 330 227
f 141 718 719
f 141 718 140
f 141 227 142
f 141 140 227
f 141 140 724
f 141 227 142
f 141 140 227
f 141 725 724
f 141 725 142
f 141 725 142
f 141 41 142
f 141 140 41
f 141 41 42
f 141 140 41
f 141 140 42
f 141 143 42
f 141 143 42
f 141 237 142
f 141 237 140
f 141 244 142
f 141 244 140
f 141 240 241
f 141 140 240
f 637 636 642
f 637 640 639
f 637 636 640
f 637 457 643
f 637 636 643
f 637 636 457
f 637 90 636
f 635 634 642
f 635 636 642
f 635 640 634
f 635 636 640
f 635 634 643
f 635 636 643
f 635 457 634
f 635 636 457
f 558 669 670
f 558 559 669
f 558 670 557
f 558 559 670
f 558 669 557
f 558 559 669
f 558 728 557
f 558 559 643
f 558 728 727
f 558 559 727
f 558 728 727
f 558 625 643
f 558 625 559
f 558 727 726
f 558 559 727
f 558 723 726
f 558 723 559
f 558 723 559
f 558 559 719
f 558 616 557
f 558 557 552
f 558 559 552
f 558 360 359
f 558 559 360
f 558 513 515
f 558 513 559
f 558 515 518
f 558 559 515
f 558 520 518
f 558 520 559
f 558 520 522
f 558 520 559
f 558 522 557
f 558 559 522
f 558 526 557
f 558 559 526
f 558 529 526
f 558 559 529
f 558 559 529
f 560 559 669
f 560 625 559
f 560 559 669
f 560 559 670
f 560 559 726
f 560 723 726
f 560 723 559
f 560 723 559
f 560 718 559
f 560 559 360
f 560 563 360
f 560 559 515
f 560 513 559
f 560 520 559
f 560 520 559
f 560 559 522
f 560 559 526
f 560 559 529
f 560 529 556
f 560 559 529
f 560 558 559
f 174 175 173
f 174 175 240
f 174 240 241
f 174 240 173
f 174 175 241
f 174 241 172
f 174 244 175
f 174 244 172
f 174 244 175
f 174 12 172
f 174 12 173
f 174 253 252
f 174 12 13
f 174 12 175
f 174 12 173
f 174 12 175
f 174 253 252
f 174 253 256
f 174 10 173
f 174 175 10
f 174 175 10
f 174 253 256
f 174 261 172
f 174 261 177
f 174 264 265
f 174 264 265
f 174 271 274
f 16 150 17
f 16 15 150
f 16 152 150
f 16 152 15
f 16 15 683
f 16 152 153
f 16 152 15
f 16 680 682
f 16 680 15
f 16 153 155
f 16 15 153
f 16 680 678
f 16 680 15
f 16 157 155
f 16 15 157
f 16 157 159
f 16 15 157
f 16 673 675
f 16 15 673
f 16 673 17
f 16 15 673
f 16 17 672
f 16 13 672
f 16 15 13
f 16 165 164
f 16 15 165
f 16 17 671
f 16 13 671
f 16 172 17
f 16 15 172
f 16 172 17
f 16 15 172
f 16 174 13
f 16 174 172
f 16 174 172
f 158 157 159
f 158 19 159
f 158 19 157
f 158 27 26
f 158 25 26
f 158 25 160
f 158 27 42
f 158 253 160
f 158 253 160
f 158 160 254
f 158 244 160
f 158 244 159
f 158 244 157
f 158 241 159
f 158 241 157
f 158 240 241
f 158 240 241
f 158 157 238
f 156 19 157
f 156 25 26
f 156 158 25
f 156 154 26
f 156 27 154
f 156 158 27
f 156 158 27
f 156 154 42
f 156 158 42
f 156 244 155
f 156 244 157
f 156 241 155
f 156 241 157
f 156 240 241
f 156 240 241
f 156 157 238
f 20 19 673
f 20 19 672
f 20 19 671
f 20 19 160
f 20 158 19
f 20 158 19
f 20 156 19
f 20 156 19
f 48 42 672
f 48 49 672
f 48 49 42
f 48 49 42
f 54 52 663
f 54 52 663
f 58 41 59
f 58 57 41
f 58 59 672
f 58 57 672
f 58 41 59
f 58 59 670
f 58 57 670
f 58 41 42
f 58 57 42
f 58 57 41
f 58 59 669
f 58 57 669
f 58 130 60
f 58 59 669
f 58 57 669
f 58 130 57
f 58 661 64
f 58 57 661
f 58 57 661
f 58 57 663
f 58 60 666
f 58 659 64
f 58 57 659
f 58 57 663
f 58 60 663
f 58 658 659
f 58 658 57
f 58 658 57
f 667 666 643
f 667 558 557
f 667 558 643
f 667 558 643
f 667 556 557
f 667 666 556
f 667 643 642
f 667 666 643
f 667 556 555
f 667 666 556
f 667 666 642
f 667 555 668
f 667 666 555
f 667 642 641
f 667 642 668
f 667 549 668
f 667 666 549
f 667 549 548
f 667 666 549
f 667 547 548
f 667 666 547
f 667 547 669
f 667 547 669
f 667 666 669
f 667 666 547
f 667 60 59
f 667 60 666
f 667 58 59
f 667 58 666
f 667 12 668
f 667 58 57
f 667 58 666
f 667 12 13
f 667 666 12
f 667 57 56
f 667 666 57
f 667 13 668
f 667 666 13
f 667 54 52
f 665 644 643
f 665 666 644
f 665 643 642
f 665 666 643
f 665 644 552
f 665 666 644
f 665 642 641
f 665 666 642
f 665 549 552
f 665 666 549
f 665 549 548
f 665 666 549
f 665 82 641
f 665 82 641
f 665 667 641
f 665 667 666
f 665 667 666
f 665 547 548
f 665 666 547
f 665 547 546
f 665 666 547
f 665 546 545
f 665 666 546
f 665 58 60
f 665 58 60
f 665 58 57
f 665 58 666
f 665 54 52
f 665 54 52
f 665 57 56
f 665 666 57
f 362 553 551
f 362 551 552
f 81 667 80
f 81 667 666
f 81 667 666
f 81 665 666
f 81 665 82
f 81 665 666
f 81 665 80
f 81 665 82
f 81 80 663
f 81 82 663
f 81 80 663
f 81 82 663
f 81 80 661
f 81 82 661
f 81 80 661
f 81 661 659
f 81 82 661
f 81 80 659
f 81 658 80
f 81 82 657
f 81 658 657
f 81 658 657
f 81 656 657
f 81 656 82
f 81 80 653
f 81 80 651
f 81 80 651
f 81 86 650
f 110 244 133
f 110 133 134
f 104 100 133
f 104 240 241
f 676 41 675
f 676 39 675
f 676 678 39
f 676 674 675
f 676 684 683
f 676 684 683
f 676 675 17
f 676 678 17
f 676 1 683
f 676 1 683
f 676 16 675
f 676 16 678
f 676 1 2
f 676 1 678
f 676 16 15
f 676 16 15
f 676 3 2
f 676 3 678
f 676 15 14
f 676 15 678
f 676 3 675
f 676 3 678
f 676 12 14
f 676 12 678
f 676 5 675
f 676 5 678
f 676 12 675
f 676 12 678
f 676 10 675
f 676 10 678
f 676 9 10
f 676 9 10
f 76 41 133
f 76 75 41
f 76 100 133
f 76 41 100
f 76 104 100
f 76 104 75
f 76 674 75
f 76 674 75
f 76 75 673
f 76 676 75
f 76 75 668
f 76 667 75
f 76 667 75
f 76 665 75
f 76 665 75
f 76 75 663
f 76 75 663
f 76 75 661
f 76 75 661
f 76 75 659
f 76 658 75
f 76 658 75
f 76 656 657
f 681 41 682
f 681 680 682
f 681 680 41
f 681 680 41
f 681 94 90
f 681 94 90
f 681 94 235
f 681 94 680
f 679 41 678
f 679 680 41
f 679 678 39
f 679 680 39
f 679 94 90
f 679 94 454
f 679 94 680
f 693 41 691
f 693 694 691
f 693 694 41
f 693 41 691
f 693 694 41
f 693 692 691
f 693 728 692
f 693 728 727
f 693 728 692
f 693 692 727
f 693 692 725
f 693 692 725
f 65 64 672
f 65 66 672
f 65 64 670
f 65 66 670
f 65 669 64
f 65 66 669
f 65 669 64
f 65 66 669
f 65 667 64
f 65 667 66
f 65 667 666
f 65 665 666
f 65 665 64
f 65 663 64
f 65 663 64
f 65 661 64
f 65 661 64
f 65 659 64
f 65 658 659
f 65 658 657
f 128 130 254
f 128 253 130
f 128 253 130
f 128 133 61
f 106 101 86
f 106 91 101
f 106 81 101
f 106 257 258
f 106 257 107
f 106 255 107
f 106 254 255
f 272 454 269
f 272 452 269
f 272 277 269
f 272 281 269
f 272 271 281
f 270 106 271
f 270 281 269
f 270 272 281
f 270 272 271
f 270 267 172
f 270 271 172
f 270 281 283
f 270 271 281
f 270 189 271
f 270 174 267
f 270 174 271
f 270 189 271
f 270 271 199
f 270 264 265
f 270 264 199
f 270 174 267
f 270 174 271
f 270 271 185
f 270 267 179
f 270 271 179
f 270 271 181
f 270 267 181
f 270 271 181
f 248 94 246
f 248 174 247
f 248 99 246
f 248 174 172
f 248 246 100
f 248 99 246
f 248 172 247
f 248 162 160
f 248 158 160
f 248 156 158
f 248 128 247
f 248 156 154
f 248 151 247
f 248 152 154
f 248 152 151
f 193 192 282
f 193 194 282
f 193 192 280
f 193 194 280
f 193 192 276
f 193 194 276
f 193 192 274
f 193 194 274
f 193 271 192
f 193 194 271
f 193 270 271
f 193 270 192
f 193 194 271
f 193 270 271
f 193 264 192
f 193 270 265
f 193 264 265
f 193 192 261
f 193 261 198
f 193 192 198
f 193 194 198
f 193 261 198
f 193 192 261
f 193 252 198
f 193 192 252
f 195 194 366
f 195 194 198
f 195 194 153
f 195 194 153
f 195 194 157
f 195 194 157
f 195 164 198
f 195 194 198
f 191 725 149
f 191 725 724
f 191 193 192
f 191 153 149
f 191 153 155
f 191 194 153
f 191 157 155
f 191 194 153
f 191 157 159
f 191 194 157
f 191 193 194
f 191 194 157
f 191 195 164
f 191 195 194
f 357 191 723
f 357 191 192
f 357 721 557
f 357 556 721
f 357 558 557
f 357 193 192
f 357 193 192
f 357 558 559
f 357 194 366
f 357 193 194
f 357 193 194
f 357 560 559
f 357 350 346
f 357 350 410
f 358 189 359
f 358 723 359
f 358 723 189
f 358 189 359
f 358 359 554
f 358 723 554
f 358 723 359
f 358 359 556
f 358 723 556
f 358 357 723
f 358 357 192
f 358 359 556
f 358 357 556
f 358 558 359
f 358 357 558
f 358 558 559
f 358 357 558
f 358 560 559
f 358 357 560
f 358 359 350
f 358 357 350
f 358 359 350
f 358 357 350
f 564 565 562
f 564 723 562
f 564 723 565
f 564 563 719
f 564 520 565
f 564 520 563
f 564 520 565
f 564 520 563
f 564 718 565
f 564 718 563
f 564 565 515
f 564 563 515
f 564 718 717
f 564 718 563
f 564 513 565
f 564 513 563
f 622 568 623
f 622 623 672
f 622 621 672
f 622 621 571
f 622 568 571
f 622 568 621
f 622 568 565
f 622 568 621
f 622 621 641
f 622 565 623
f 622 621 565
f 622 640 641
f 622 640 623
f 622 640 621
f 622 627 640
f 622 627 640
f 622 560 559
f 622 560 559
f 622 90 627
f 622 558 559
f 622 558 559
f 622 558 623
f 622 558 621
f 622 457 623
f 622 457 621
f 622 556 623
f 622 621 556
f 622 459 623
f 622 459 621
f 622 621 556
f 622 460 459
f 622 460 459
f 622 623 555
f 622 556 555
f 622 556 623
f 622 549 623
f 622 549 621
f 622 549 623
f 622 549 621
f 622 462 463
f 622 462 463
f 622 547 623
f 622 547 621
f 622 463 464
f 622 463 621
f 622 547 546
f 622 547 621
f 622 546 623
f 622 621 546
f 622 466 468
f 622 466 468
f 622 623 542
f 622 621 542
f 622 623 542
f 622 621 542
f 622 623 538
f 622 621 538
f 622 478 476
f 622 621 478
f 622 623 538
f 622 621 538
f 622 623 536
f 622 621 536
f 622 535 623
f 622 535 621
f 622 535 623
f 622 535 621
f 622 531 623
f 622 531 621
f 622 623 495
f 622 621 495
f 622 531 623
f 622 531 621
f 622 528 623
f 622 528 621
f 622 528 623
f 622 528 621
f 622 507 623
f 622 507 621
f 622 525 623
f 622 525 621
f 622 623 514
f 622 621 514
f 622 525 523
f 622 525 523
f 622 516 623
f 622 516 621
f 622 523 623
f 622 523 621
f 622 516 623
f 622 516 621
f 622 519 623
f 622 621 519
f 622 519 623
f 622 621 519
f 570 568 571
f 570 513 515
f 570 515 518
f 570 568 518
f 570 568 515
f 567 568 719
f 567 568 565
f 567 718 565
f 567 718 568
f 567 718 717
f 567 718 568
f 567 513 568
f 567 568 515
f 567 520 565
f 567 520 568
f 567 520 568
f 715 564 565
f 715 141 206
f 715 141 206
f 715 141 140
f 715 141 718
f 715 141 718
f 715 140 137
f 715 139 140
f 715 139 718
f 715 139 718
f 715 40 714
f 715 137 714
f 715 137 40
f 715 718 137
f 715 718 719
f 575 616 577
f 575 616 573
f 575 520 573
f 575 709 577
f 575 712 573
f 575 577 515
f 575 573 515
f 575 709 712
f 575 709 574
f 575 709 712
f 575 513 577
f 575 513 573
f 575 574 513
f 494 428 427
f 494 426 427
f 494 426 424
f 494 423 424
f 494 422 423
f 494 616 615
f 494 421 422
f 494 421 495
f 494 419 495
f 494 622 621
f 494 419 418
f 494 622 623
f 494 625 500
f 497 616 615
f 497 622 621
f 497 622 623
f 497 625 500
f 497 422 423
f 497 422 420
f 497 423 424
f 497 423 424
f 497 419 420
f 497 419 418
f 504 616 615
f 504 360 359
f 504 358 359
f 504 572 574
f 504 358 357
f 504 357 503
f 377 378 536
f 377 535 536
f 377 535 378
f 377 535 378
f 377 535 534
f 377 378 532
f 377 529 378
f 377 531 378
f 377 531 529
f 377 531 529
f 377 378 526
f 377 378 522
f 377 520 378
f 377 520 378
f 377 378 515
f 377 513 378
f 377 513 382
f 377 513 382
f 377 382 324
f 377 309 310
f 377 309 378
f 377 309 308
f 377 309 308
f 377 307 308
f 377 307 308
f 377 303 375
f 377 303 378
f 377 297 378
f 617 674 615
f 617 616 615
f 617 616 673
f 617 616 573
f 617 460 615
f 617 460 616
f 617 616 573
f 617 616 568
f 617 462 616
f 617 616 568
f 617 616 463
f 617 616 565
f 617 466 616
f 617 560 616
f 617 616 468
f 617 558 616
f 617 558 616
f 617 616 556
f 617 616 556
f 617 478 476
f 617 616 476
f 617 616 478
f 617 616 548
f 617 616 547
f 617 616 547
f 617 616 546
f 617 494 616
f 617 616 542
f 617 616 495
f 617 616 542
f 617 497 616
f 617 616 539
f 617 616 539
f 617 616 538
f 617 616 536
f 617 535 616
f 617 535 616
f 617 510 616
f 617 531 616
f 617 531 616
f 617 528 616
f 617 528 616
f 617 516 515
f 617 616 515
f 617 616 516
f 617 616 516
f 617 616 519
f 617 616 526
f 617 525 526
f 617 525 616
f 617 523 616
f 617 525 616
f 617 525 523
f 617 520 519
f 617 520 616
f 617 520 616
f 617 616 522
f 617 523 522
f 617 523 616
f 84 674 673
f 84 673 641
f 84 674 675
f 84 642 641
f 84 676 675
f 84 653 654
f 84 679 678
f 84 86 642
f 84 86 653
f 84 101 86
f 84 86 653
f 84 680 41
f 84 679 680
f 84 679 680
f 84 101 100
f 84 86 651
f 84 99 100
f 84 99 98
f 605 577 515
f 605 575 577
f 605 454 455
f 605 679 454
f 456 91 276
f 456 91 455
f 456 455 276
f 456 90 91
f 456 455 453
f 456 457 453
f 456 455 453
f 456 457 621
f 456 622 457
f 456 622 90
f 456 617 615
f 456 622 90
f 456 457 627
f 456 622 627
f 456 622 457
f 456 635 457
f 456 90 636
f 456 635 636
f 456 635 90
f 612 456 90
f 612 544 543
f 612 542 540
f 612 534 538
f 612 535 534
f 612 525 526
f 612 523 522
f 612 516 518
f 89 90 640
f 89 640 642
f 89 640 639
f 89 640 641
f 89 674 640
f 89 90 674
f 89 643 642
f 89 457 643
f 89 457 643
f 89 456 457
f 89 456 91
f 89 456 90
f 89 456 90
f 89 87 641
f 89 673 87
f 89 674 673
f 89 90 98
f 89 87 85
f 89 673 87
f 89 674 673
f 89 676 674
f 89 676 90
f 89 679 678
f 89 679 90
f 89 679 680
f 89 679 90
f 89 681 680
f 89 681 90
f 89 90 41
f 89 681 41
f 89 90 41
f 89 681 41
f 89 681 90
f 620 90 674
f 620 90 674
f 620 674 621
f 620 674 619
f 620 456 90
f 620 456 90
f 620 621 673
f 620 619 673
f 620 456 621
f 620 456 619
f 620 621 672
f 620 459 621
f 620 459 619
f 620 571 672
f 620 619 571
f 620 621 571
f 620 460 459
f 620 460 459
f 620 568 621
f 620 619 568
f 620 568 621
f 620 619 568
f 620 462 463
f 620 462 619
f 620 621 565
f 620 619 565
f 620 463 621
f 620 619 463
f 620 560 559
f 620 560 619
f 620 466 619
f 620 558 559
f 620 558 619
f 620 619 468
f 620 466 468
f 620 466 468
f 620 558 621
f 620 558 619
f 620 621 556
f 620 619 556
f 620 621 556
f 620 619 556
f 620 621 478
f 620 619 478
f 620 549 621
f 620 619 549
f 620 549 621
f 620 619 549
f 620 547 621
f 620 619 547
f 620 547 621
f 620 619 547
f 620 621 546
f 620 619 546
f 620 494 621
f 620 494 619
f 620 621 542
f 620 619 542
f 620 621 495
f 620 619 495
f 620 621 542
f 620 619 542
f 620 497 621
f 620 497 619
f 620 619 539
f 620 539 538
f 620 621 538
f 620 619 539
f 620 621 538
f 620 619 538
f 620 621 536
f 620 619 536
f 620 510 507
f 620 535 621
f 620 535 619
f 620 510 619
f 620 507 621
f 620 510 507
f 620 535 621
f 620 535 619
f 620 531 621
f 620 531 619
f 620 516 621
f 620 619 516
f 620 531 621
f 620 531 619
f 620 516 621
f 620 619 516
f 620 528 621
f 620 528 619
f 620 621 519
f 620 619 519
f 620 528 621
f 620 528 619
f 620 621 519
f 620 619 519
f 620 525 621
f 620 525 619
f 620 523 621
f 620 523 619
f 620 525 523
f 620 525 523
f 707 578 706
f 707 577 673
f 707 709 673
f 707 709 577
f 587 589 673
f 587 676 589
f 587 676 589
f 587 676 684
f 587 683 589
f 587 684 683
f 587 684 683
f 587 501 589
f 581 583 673
f 581 504 503
f 581 501 503
f 591 676 589
f 591 676 589
f 591 680 589
f 591 680 589
f 591 683 589
f 591 684 683
f 591 328 330
f 591 694 330
f 591 460 432
f 591 460 454
f 592 587 600
f 592 587 589
f 592 589 673
f 592 591 589
f 592 595 673
f 592 587 589
f 592 591 676
f 592 501 589
f 592 591 501
f 592 504 595
f 592 587 504
f 592 587 504
f 592 591 676
f 592 679 680
f 592 591 680
f 592 591 497
f 592 591 495
f 592 681 680
f 592 591 680
f 592 591 494
f 592 591 683
f 592 591 684
f 592 591 687
f 598 674 600
f 598 674 600
f 598 683 685
f 598 233 454
f 598 454 455
f 598 504 600
f 229 324 228
f 229 134 230
f 229 228 134
f 229 134 230
f 229 688 230
f 229 688 134
f 229 137 230
f 229 137 228
f 229 139 137
f 229 139 137
f 229 139 140
f 229 139 140
f 229 141 142
f 229 141 142
f 229 141 140
f 229 141 140
f 221 229 230
f 221 229 315
f 221 150 230
f 221 220 150
f 221 229 228
f 221 152 150
f 221 152 220
f 221 152 220
f 221 227 228
f 221 220 324
f 221 220 326
f 221 141 220
f 221 141 220
f 221 139 220
f 221 139 220
f 216 152 214
f 216 152 214
f 216 215 335
f 216 214 150
f 216 215 214
f 216 215 137
f 216 141 215
f 216 141 140
f 216 140 215
f 216 139 140
f 312 425 426
f 210 303 243
f 210 175 173
f 210 175 238
f 210 238 176
f 344 341 419
f 344 341 419
f 450 452 453
f 450 448 283
f 450 452 283
f 450 448 457
f 450 452 457
f 450 452 283
f 450 459 448
f 450 459 457
f 450 452 457
f 450 452 451
f 450 460 451
f 450 460 459
f 686 41 685
f 686 687 41
f 686 687 41
f 686 684 39
f 686 684 685
f 686 688 39
f 686 687 688
f 686 684 33
f 686 684 5
f 686 684 10
f 686 9 10
f 686 9 684
f 686 688 3
f 686 684 3
f 686 688 3
f 686 684 3
f 686 1 688
f 686 1 684
f 686 1 688
f 686 1 684
f 686 728 688
f 686 684 728
f 686 728 688
f 686 684 728
f 686 688 727
f 686 684 727
f 686 684 725
f 686 684 723
f 686 591 687
f 686 587 684
f 686 592 591
f 686 592 684
f 686 592 591
f 686 587 589
f 686 718 684
f 686 718 717
f 686 718 684
f 686 718 692
f 686 709 712
f 686 709 712
f 689 94 41
f 689 94 688
f 689 688 134
f 689 94 134
f 689 94 688
f 689 688 41
f 689 229 228
f 689 229 688
f 689 688 39
f 689 686 589
f 689 686 688
f 689 592 591
f 689 688 3
f 689 686 723
f 689 688 3
f 689 723 692
f 689 686 723
f 689 1 688
f 689 692 725
f 689 686 725
f 689 686 688
f 689 1 692
f 689 1 688
f 689 692 727
f 689 688 727
f 689 728 692
f 689 728 688
f 689 728 692
f 689 728 688
f 96 270 271
f 96 89 91
f 96 91 87
f 96 91 101
f 96 106 91
f 96 89 85
f 96 87 85
f 96 86 87
f 96 101 86
f 96 101 86
f 168 240 241
f 168 167 240
f 168 241 243
f 168 167 241
f 168 243 170
f 168 244 243
f 168 248 247
f 168 253 252
f 168 19 170
f 168 253 256
f 168 17 170
f 168 19 170
f 168 20 19
f 168 16 17
f 168 15 170
f 168 16 15
f 168 16 167
f 168 261 170
f 168 15 14
f 168 167 15
f 168 14 13
f 168 167 13
f 168 167 14
f 168 270 271
f 168 264 265
f 168 270 267
f 166 240 165
f 166 167 240
f 166 165 241
f 166 167 241
f 166 244 165
f 166 168 167
f 166 168 244
f 166 248 165
f 166 168 248
f 166 168 253
f 166 253 162
f 166 168 253
f 166 20 19
f 166 168 20
f 166 168 20
f 166 253 162
f 166 253 254
f 166 19 165
f 166 168 19
f 166 162 254
f 166 162 258
f 166 165 17
f 166 168 17
f 166 168 261
f 166 16 165
f 166 168 16
f 166 168 16
f 166 162 261
f 166 167 15
f 166 16 15
f 166 16 167
f 166 168 270
f 166 168 264
f 166 264 162
f 369 544 365
f 369 544 370
f 369 544 543
f 369 544 370
f 369 367 365
f 369 543 368
f 369 370 368
f 369 370 543
f 8 7 176
f 8 9 176
f 8 9 7
f 8 9 173
f 8 173 164
f 8 173 164
f 8 9 173
f 8 9 157
f 8 164 171
f 8 9 171
f 8 9 164
f 8 9 157
f 8 9 153
f 8 5 153
f 8 5 153
f 8 9 684
f 8 686 684
f 8 686 9
f 8 152 153
f 8 152 9
f 8 152 9
f 8 5 150
f 8 9 150
f 8 683 7
f 8 9 683
f 8 680 7
f 8 9 680
f 8 686 688
f 8 686 5
f 8 686 36
f 8 680 7
f 8 9 680
f 8 689 688
f 8 676 7
f 8 676 9
f 8 145 39
f 8 676 7
f 8 676 9
f 8 7 673
f 8 9 673
f 8 9 7
f 645 644 647
f 645 658 644
f 645 658 644
f 645 644 643
f 645 644 647
f 645 536 537
f 645 644 536
f 645 538 537
f 645 644 538
f 645 538 541
f 645 644 541
f 645 644 538
f 655 656 651
f 655 656 651
f 655 80 653
f 655 656 653
f 655 76 656
f 655 656 653
f 655 81 653
f 655 81 80
f 655 81 656
f 655 656 82
f 655 81 82
f 655 81 656
f 624 547 546
f 624 625 547
f 624 546 623
f 624 625 546
f 624 547 623
f 624 625 547
f 624 623 542
f 624 625 542
f 624 549 623
f 624 625 549
f 624 623 542
f 624 625 542
f 624 549 623
f 624 625 549
f 624 623 538
f 624 625 538
f 624 623 555
f 624 625 555
f 624 623 538
f 624 625 538
f 624 556 623
f 624 625 556
f 624 623 536
f 624 625 536
f 624 556 623
f 624 625 556
f 624 625 533
f 624 558 623
f 624 558 625
f 624 535 533
f 624 535 623
f 624 535 623
f 624 531 623
f 624 625 531
f 624 558 559
f 624 558 625
f 624 531 623
f 624 625 531
f 624 560 559
f 624 560 625
f 624 528 623
f 624 625 528
f 624 528 623
f 624 625 528
f 624 565 623
f 624 625 565
f 624 525 623
f 624 625 525
f 624 568 565
f 624 625 568
f 624 525 523
f 624 625 525
f 624 568 623
f 624 625 568
f 624 523 623
f 624 625 523
f 624 623 672
f 624 625 672
f 624 519 623
f 624 625 519
f 624 640 623
f 624 625 640
f 624 519 623
f 624 625 519
f 624 627 640
f 624 623 514
f 624 625 514
f 624 627 623
f 624 623 514
f 624 625 514
f 624 459 623
f 624 507 623
f 624 625 507
f 624 460 459
f 624 460 625
f 624 507 500
f 624 625 507
f 624 462 463
f 624 625 462
f 624 497 623
f 624 497 625
f 624 463 464
f 624 623 495
f 624 625 495
f 624 494 623
f 624 494 625
f 624 466 468
f 624 625 466
f 624 478 476
f 624 625 478
f 626 481 628
f 626 625 628
f 626 628 478
f 626 625 478
f 626 466 468
f 626 625 628
f 626 625 466
f 626 463 627
f 626 628 640
f 626 627 628
f 626 625 640
f 626 624 627
f 626 624 625
f 626 462 463
f 626 625 462
f 626 624 625
f 626 460 459
f 626 460 625
f 626 459 627
f 626 624 627
f 626 624 459
f 204 180 181
f 204 180 182
f 204 181 205
f 204 182 181
f 204 180 178
f 204 205 185
f 204 178 205
f 204 205 176
f 204 205 171
f 204 192 185
f 204 192 198
f 204 244 205
f 204 167 205
f 204 241 185
f 204 241 205
f 204 241 205
f 204 244 247
f 204 167 164
f 204 157 159
f 204 270 271
f 204 157 205
f 204 153 205
f 204 153 205
f 204 206 205
f 204 303 205
f 204 307 303
f 204 307 308
f 204 206 346
f 204 309 308
f 348 572 574
f 713 570 712
f 713 567 568
f 713 567 712
f 713 204 206
f 710 712 572
f 710 709 572
f 710 709 712
f 710 570 572
f 710 348 570
f 163 166 165
f 163 166 162
f 163 166 162
f 163 248 165
f 163 248 162
f 163 165 164
f 163 244 165
f 163 244 162
f 163 165 164
f 163 19 165
f 163 162 19
f 163 20 19
f 163 20 162
f 163 241 164
f 163 162 241
f 163 164 17
f 163 162 17
f 163 240 241
f 163 162 240
f 163 16 164
f 163 16 15
f 163 237 164
f 163 15 164
f 163 214 235
f 236 309 237
f 236 237 308
f 236 309 214
f 236 309 308
f 236 309 235
f 236 309 237
f 236 214 235
f 236 163 235
f 236 163 237
f 236 237 165
f 236 237 167
f 236 237 315
f 236 454 235
f 236 237 454
f 236 681 454
f 236 235 157
f 236 237 157
f 236 681 94
f 236 237 94
f 236 681 94
f 236 235 157
f 236 237 157
f 236 94 235
f 236 237 94
f 236 235 153
f 236 237 153
f 236 99 235
f 236 237 99
f 236 152 235
f 236 237 152
f 236 99 235
f 236 237 99
f 236 152 235
f 236 237 152
f 236 235 100
f 236 237 100
f 236 235 150
f 236 237 150
f 236 235 134
f 236 237 134
f 236 137 235
f 236 237 137
f 236 139 137
f 236 139 237
f 236 139 140
f 236 139 237
f 236 141 140
f 236 141 237
f 236 141 235
f 236 141 237
f 242 241 310
f 242 309 310
f 242 309 241
f 242 452 241
f 242 309 308
f 242 452 454
f 242 309 308
f 242 94 454
f 242 307 241
f 242 307 308
f 242 94 241
f 242 244 94
f 242 99 241
f 242 244 99
f 242 99 241
f 242 244 100
f 242 244 99
f 242 241 107
f 242 110 134
f 242 135 134
f 242 241 135
f 242 135 243
f 242 241 135
f 242 137 243
f 242 137 241
f 242 139 140
f 242 139 140
f 242 141 140
f 242 141 140
f 242 141 142
f 242 141 241
f 242 143 142
f 242 143 241
f 242 241 243
f 444 309 308
f 444 309 310
f 444 303 302
f 444 432 310
f 392 309 308
f 392 309 308
f 392 307 308
f 392 307 308
f 392 309 310
f 392 309 393
f 392 513 514
f 392 513 393
f 392 515 514
f 392 393 515
f 392 516 515
f 392 393 516
f 392 516 517
f 392 393 516
f 392 519 517
f 392 393 519
f 392 519 521
f 392 393 519
f 392 523 521
f 392 523 393
f 245 452 246
f 245 242 452
f 245 452 454
f 245 242 452
f 245 94 454
f 245 303 246
f 245 303 244
f 245 242 94
f 245 242 244
f 245 94 246
f 245 244 94
f 245 99 246
f 245 244 99
f 245 156 158
f 245 158 160
f 245 158 244
f 245 99 246
f 245 244 99
f 245 156 154
f 245 162 160
f 245 244 162
f 245 158 244
f 245 156 244
f 245 156 158
f 245 152 154
f 245 163 162
f 245 163 244
f 245 244 153
f 245 244 154
f 245 156 154
f 245 156 244
f 245 152 151
f 245 152 153
f 245 163 165
f 245 163 244
f 245 244 152
f 245 151 150
f 245 244 152
f 245 166 165
f 245 166 244
f 245 244 151
f 245 166 168
f 245 166 168
f 245 244 150
f 245 168 247
f 245 168 244
f 245 118 246
f 245 145 246
f 245 147 145
f 245 172 247
f 245 244 172
f 245 246 133
f 245 140 133
f 245 139 140
f 245 139 244
f 245 139 244
f 245 141 244
f 245 174 172
f 245 174 244
f 245 141 140
f 245 174 247
f 245 174 244
f 245 143 246
f 245 141 143
f 245 143 244
f 245 141 244
f 245 141 143
f 245 179 247
f 245 244 179
f 245 181 179
f 245 244 181
f 245 181 247
f 245 244 181
f 245 247 185
f 245 244 185
f 245 244 247
f 301 303 247
f 301 303 302
f 301 248 247
f 301 248 302
f 301 251 254
f 301 392 393
f 301 392 303
f 301 303 302
f 301 254 255
f 301 251 254
f 301 302 251
f 301 419 418
f 301 302 419
f 301 392 300
f 301 392 303
f 301 255 451
f 301 302 255
f 301 421 419
f 301 302 421
f 301 390 300
f 301 303 390
f 301 421 422
f 301 302 421
f 301 389 390
f 301 303 389
f 301 422 423
f 301 302 422
f 301 389 387
f 301 303 389
f 301 425 423
f 301 387 386
f 301 303 387
f 301 425 426
f 301 302 425
f 301 425 423
f 301 302 423
f 301 302 425
f 301 385 386
f 301 303 385
f 301 444 302
f 301 426 427
f 301 302 426
f 301 385 384
f 301 303 384
f 301 303 385
f 301 302 428
f 301 429 427
f 301 429 428
f 301 302 429
f 301 429 430
f 301 302 429
f 301 302 432
f 301 435 430
f 447 448 463
f 447 462 463
f 447 462 448
f 239 307 308
f 239 307 240
f 239 309 308
f 239 309 240
f 239 307 214
f 239 307 240
f 239 309 310
f 239 309 240
f 239 312 240
f 239 454 238
f 239 454 240
f 239 238 179
f 239 181 179
f 239 181 205
f 239 240 205
f 239 240 181
f 239 240 181
f 239 94 454
f 239 94 454
f 239 238 179
f 239 240 179
f 239 94 238
f 239 94 240
f 239 238 176
f 239 99 238
f 239 240 99
f 239 175 176
f 239 175 240
f 239 175 238
f 239 99 100
f 239 240 99
f 239 174 175
f 239 174 175
f 239 174 173
f 239 174 240
f 239 104 238
f 239 104 240
f 239 173 172
f 239 240 173
f 239 238 134
f 239 240 134
f 239 172 238
f 239 240 172
f 239 137 238
f 239 240 137
f 239 238 170
f 239 240 170
f 239 238 170
f 239 240 170
f 239 139 140
f 239 139 140
f 239 168 240
f 239 141 140
f 239 141 140
f 239 167 238
f 239 168 167
f 239 168 167
f 239 141 142
f 239 141 240
f 239 166 167
f 239 143 142
f 239 143 240
f 239 166 240
f 239 167 165
f 239 166 167
f 239 165 164
f 239 240 165
f 239 163 164
f 239 163 240
f 239 163 162
f 239 238 150
f 239 240 150
f 239 151 238
f 239 240 151
f 239 240 160
f 239 152 151
f 239 152 240
f 239 158 238
f 239 158 240
f 239 152 153
f 239 152 240
f 239 158 157
f 239 158 240
f 239 153 154
f 239 240 153
f 239 156 157
f 239 156 240
f 239 154 238
f 239 240 154
f 239 156 238
f 239 156 240
f 304 307 214
f 304 303 244
f 304 245 303
f 304 307 303
f 304 245 303
f 304 303 246
f 304 248 246
f 304 303 302
f 304 248 302
f 304 444 303
f 304 444 303
f 304 303 432
f 304 303 430
f 304 303 429
f 304 303 429
f 304 303 428
f 304 303 426
f 304 303 425
f 304 303 425
f 304 303 423
f 304 303 422
f 304 303 421
f 304 303 421
f 304 303 419
f 304 303 419
f 304 392 303
f 304 392 303
f 304 303 390
f 304 303 389
f 304 303 389
f 304 303 387
f 304 303 385
f 304 303 385
f 304 303 383
f 304 303 383
f 304 303 380
f 304 303 380
f 304 303 378
f 304 307 378
f 304 377 303
f 304 377 307
f 304 377 303
f 304 377 307
f 304 303 374
f 304 307 374
f 304 303 374
f 304 307 374
f 304 303 372
f 304 307 372
f 304 303 372
f 304 307 372
f 304 303 371
f 304 307 371
f 304 303 367
f 304 307 367
f 304 303 367
f 304 307 367
f 304 307 303
f 259 260 292
f 259 106 258
f 259 181 256
f 259 181 256
f 259 261 181
f 259 261 181
f 259 260 101
f 259 256 179
f 259 256 185
f 259 261 185
f 259 261 179
f 259 101 258
f 259 260 101
f 259 174 256
f 259 189 256
f 259 189 261
f 259 174 261
f 259 99 258
f 259 260 99
f 259 174 256
f 259 192 261
f 259 189 192
f 259 189 192
f 259 174 261
f 259 99 258
f 259 260 99
f 259 256 172
f 259 261 172
f 259 168 256
f 259 168 261
f 259 166 258
f 259 166 168
f 259 166 168
f 259 162 160
f 259 166 162
f 259 166 162
f 97 253 254
f 97 253 94
f 97 254 255
f 97 94 254
f 97 94 251
f 97 253 251
f 97 253 94
f 97 257 255
f 97 94 257
f 97 257 258
f 97 94 90
f 97 96 94
f 97 94 257
f 97 96 260
f 97 89 90
f 97 96 89
f 97 259 258
f 97 259 260
f 97 259 260
f 97 260 261
f 97 96 260
f 97 89 98
f 97 96 89
f 97 261 98
f 97 96 261
f 97 99 98
f 97 101 99
f 97 96 101
f 97 96 264
f 97 264 99
f 97 264 101
f 97 264 101
f 299 422 423
f 299 425 423
f 299 421 422
f 299 425 426
f 299 421 419
f 299 426 427
f 299 419 418
f 299 429 427
f 299 435 429
f 299 435 429
f 299 392 393
f 299 444 445
f 299 392 300
f 299 390 300
f 299 389 390
f 299 389 387
f 299 387 386
f 299 257 451
f 299 385 386
f 299 257 255
f 299 385 384
f 299 254 255
f 299 383 384
f 299 253 254
f 299 383 381
f 299 253 252
f 299 380 381
f 299 380 379
f 299 251 252
f 299 378 379
f 299 377 378
f 299 247 243
f 299 210 243
f 299 210 247
f 299 377 375
f 299 204 205
f 299 374 375
f 299 374 373
f 299 204 303
f 299 372 373
f 299 303 366
f 299 367 366
f 299 372 371
f 299 367 368
f 299 371 368
f 295 260 292
f 295 257 258
f 295 253 254
f 295 297 253
f 295 297 421
f 295 297 425
f 295 435 297
f 295 297 421
f 295 392 297
f 250 297 247
f 250 204 247
f 250 204 252
f 250 199 198
f 250 199 252
f 250 192 198
f 250 248 247
f 250 299 247
f 250 299 251
f 250 189 192
f 250 193 252
f 250 193 192
f 250 193 192
f 250 189 192
f 250 299 251
f 250 189 247
f 250 189 252
f 250 301 251
f 250 301 248
f 250 174 252
f 250 252 179
f 250 248 174
f 250 247 185
f 250 252 185
f 250 174 252
f 250 179 247
f 250 248 247
f 250 252 181
f 250 248 174
f 250 181 247
f 250 252 181
f 250 252 172
f 250 181 179
f 250 248 172
f 250 168 252
f 250 168 248
f 250 166 168
f 250 166 168
f 250 166 165
f 250 166 248
f 250 163 165
f 250 163 248
f 250 163 162
f 250 163 248
f 250 162 160
f 250 248 162
f 250 158 160
f 250 248 158
f 250 156 158
f 250 248 156
f 250 156 252
f 250 248 156
f 250 248 152
f 250 152 154
f 250 152 151
f 250 248 151
f 250 248 152
f 461 462 459
f 461 450 459
f 461 450 460
f 461 447 462
f 461 447 462
f 461 459 630
f 461 462 630
f 461 459 630
f 461 460 459
f 461 462 630
f 461 459 632
f 461 462 632
f 461 462 459
f 461 462 628
f 461 460 628
f 461 462 627
f 461 460 627
f 461 626 462
f 461 626 460
f 461 626 625
f 461 626 460
f 461 462 616
f 461 460 616
f 461 624 625
f 461 624 460
f 461 617 462
f 461 617 460
f 461 624 462
f 461 624 460
f 461 622 462
f 461 622 460
f 461 620 462
f 461 620 460
f 461 622 462
f 461 622 460
f 461 620 462
f 461 620 460
f 146 244 145
f 146 147 244
f 146 242 145
f 146 242 147
f 146 245 244
f 146 245 147
f 146 245 147
f 146 242 145
f 146 242 147
f 146 145 240
f 146 147 240
f 146 239 145
f 146 239 147
f 146 239 145
f 146 239 147
f 146 237 145
f 146 147 237
f 146 236 237
f 146 236 145
f 146 229 145
f 146 229 145
f 146 145 227
f 146 145 227
f 146 221 220
f 146 216 145
f 146 145 215
f 146 204 206
f 146 204 206
f 146 195 194
f 146 145 725
f 146 191 724
f 146 191 194
f 146 191 194
f 146 725 724
f 146 145 725
f 146 725 726
f 146 145 727
f 146 727 726
f 146 145 728
f 146 728 727
f 146 145 728
f 146 728 729
f 146 1 145
f 146 1 145
f 146 145 3
f 146 145 3
f 146 8 5
f 146 8 145
f 146 9 10
f 146 147 145
f 146 36 145
f 146 36 147
f 144 145 246
f 144 143 246
f 144 145 247
f 144 143 247
f 144 245 145
f 144 245 143
f 144 145 42
f 144 143 42
f 144 245 244
f 144 245 143
f 144 244 145
f 144 143 244
f 144 242 145
f 144 242 143
f 144 145 39
f 144 143 39
f 144 242 145
f 144 242 143
f 144 143 142
f 144 145 240
f 144 143 240
f 144 145 2
f 144 239 145
f 144 239 143
f 144 1 142
f 144 1 2
f 144 1 145
f 144 239 145
f 144 239 143
f 144 1 142
f 144 1 145
f 144 229 142
f 144 229 145
f 144 236 235
f 144 236 145
f 144 237 145
f 144 143 237
f 144 728 142
f 144 145 728
f 144 229 142
f 144 229 145
f 144 143 237
f 144 236 237
f 144 236 237
f 144 728 727
f 144 145 728
f 144 227 142
f 144 145 227
f 144 727 726
f 144 145 727
f 144 227 142
f 144 145 227
f 144 725 726
f 144 145 725
f 144 725 142
f 144 145 725
f 144 221 220
f 144 221 220
f 144 216 215
f 144 216 145
f 144 215 214
f 144 145 215
f 144 210 145
f 138 41 137
f 138 139 137
f 138 139 41
f 138 139 41
f 138 41 133
f 138 41 137
f 138 139 133
f 138 139 244
f 138 137 133
f 138 244 133
f 138 139 244
f 138 242 137
f 138 242 139
f 138 242 137
f 138 242 139
f 138 240 137
f 138 139 240
f 138 239 240
f 138 239 139
f 138 139 137
f 138 239 137
f 138 239 139
f 290 252 261
f 286 450 287
f 286 287 285
f 286 450 285
f 286 450 287
f 286 270 283
f 286 287 285
f 286 270 271
f 286 367 282
f 286 192 282
f 286 367 368
f 286 193 192
f 286 371 368
f 286 380 283
f 286 372 371
f 286 380 283
f 286 283 282
f 286 372 282
f 286 378 283
f 286 283 374
f 286 378 283
f 286 283 374
f 327 423 424
f 327 328 423
f 327 426 424
f 327 328 426
f 327 422 423
f 327 328 422
f 327 426 427
f 327 328 426
f 327 422 326
f 327 328 422
f 327 428 427
f 327 328 428
f 327 419 326
f 327 328 419
f 327 428 326
f 327 328 428
f 327 419 418
f 327 328 419
f 327 591 326
f 327 227 326
f 327 328 227
f 327 328 227
f 327 221 220
f 327 221 328
f 327 365 326
f 327 324 326
f 327 328 324
f 329 216 332
f 329 360 359
f 329 221 328
f 329 358 359
f 329 358 357
f 329 357 366
f 333 332 423
f 333 332 426
f 333 332 422
f 333 332 426
f 333 332 422
f 333 332 428
f 333 332 419
f 333 332 419
f 333 332 697
f 333 221 332
f 333 216 332
f 333 329 360
f 333 329 358
f 333 329 358
f 333 329 357
f 331 330 423
f 331 332 423
f 331 330 426
f 331 332 426
f 331 330 422
f 331 332 422
f 331 330 426
f 331 332 426
f 331 330 422
f 331 332 422
f 331 330 428
f 331 332 428
f 331 330 419
f 331 332 419
f 331 330 419
f 331 332 419
f 331 221 332
f 331 329 221
f 331 329 221
f 331 329 332
f 638 639 642
f 638 637 642
f 638 637 639
f 638 637 457
f 638 89 639
f 638 89 457
f 638 89 90
f 638 637 90
f 638 89 90
f 638 637 640
f 631 637 90
f 631 635 90
f 631 638 637
f 631 637 636
f 631 90 627
f 631 638 90
f 631 635 636
f 631 456 90
f 631 638 637
f 631 635 640
f 631 456 457
f 631 456 635
f 631 456 635
f 631 627 640
f 631 638 640
f 631 640 633
f 631 628 640
f 631 627 628
f 631 640 633
f 631 640 630
f 631 628 630
f 631 627 628
f 631 457 627
f 631 457 633
f 631 456 457
f 631 633 632
f 631 457 633
f 631 459 632
f 631 459 630
f 631 459 630
f 561 669 643
f 561 560 669
f 561 625 643
f 561 560 625
f 561 669 670
f 561 560 669
f 561 624 625
f 561 624 560
f 561 670 562
f 561 560 670
f 561 624 623
f 561 624 560
f 561 723 562
f 561 560 723
f 561 622 623
f 561 622 560
f 561 723 721
f 561 560 723
f 561 622 621
f 561 622 560
f 561 620 621
f 561 620 560
f 561 718 719
f 561 560 718
f 561 620 619
f 561 620 560
f 561 718 717
f 561 560 718
f 561 617 616
f 561 617 560
f 561 357 563
f 561 357 560
f 561 358 357
f 561 358 357
f 561 563 518
f 561 563 515
f 561 560 515
f 561 513 563
f 561 560 513
f 561 560 563
f 561 358 563
f 561 358 560
f 561 520 518
f 561 560 520
f 561 520 522
f 561 560 520
f 561 522 524
f 561 560 522
f 561 526 524
f 561 560 526
f 561 529 526
f 561 560 529
f 561 560 529
f 561 556 555
f 561 529 555
f 561 529 556
f 561 556 557
f 561 560 556
f 561 558 557
f 561 560 558
f 561 558 559
f 561 560 559
f 561 560 558
f 21 20 673
f 21 20 672
f 21 20 671
f 21 162 23
f 21 166 162
f 21 166 20
f 21 162 160
f 21 166 162
f 21 166 20
f 21 20 160
f 21 163 162
f 21 163 20
f 21 163 20
f 21 158 160
f 21 158 160
f 21 20 158
f 21 20 158
f 21 20 156
f 38 41 673
f 38 41 673
f 38 673 39
f 38 41 42
f 38 676 39
f 38 676 678
f 38 143 41
f 38 144 143
f 38 143 41
f 38 144 143
f 38 144 145
f 38 679 678
f 38 679 680
f 38 8 145
f 38 146 8
f 38 680 682
f 38 683 682
f 38 689 688
f 38 8 39
f 38 8 689
f 38 684 683
f 38 686 688
f 38 3 39
f 38 686 684
f 38 692 3
f 35 36 673
f 35 36 42
f 35 36 673
f 35 36 147
f 35 676 36
f 35 146 36
f 35 676 36
f 35 679 36
f 35 146 8
f 35 146 8
f 35 679 36
f 35 686 36
f 35 8 686
f 35 8 686
f 35 36 680
f 35 36 684
f 35 36 683
f 29 30 673
f 29 30 673
f 29 26 673
f 29 27 26
f 29 676 30
f 29 25 26
f 29 676 25
f 29 27 26
f 29 30 150
f 29 151 27
f 29 30 151
f 29 676 30
f 29 25 150
f 29 25 26
f 29 680 23
f 29 30 680
f 29 15 14
f 29 30 680
f 29 146 30
f 29 684 15
f 29 30 684
f 29 30 683
f 29 30 684
f 32 33 673
f 32 33 673
f 32 30 673
f 32 676 33
f 32 676 30
f 32 676 33
f 32 676 30
f 32 680 33
f 32 30 680
f 32 680 33
f 32 30 680
f 32 33 683
f 32 30 683
f 32 146 33
f 32 146 30
f 32 684 33
f 32 30 684
f 32 684 33
f 32 30 684
f 51 52 670
f 51 46 670
f 51 52 669
f 51 46 669
f 51 52 669
f 51 667 52
f 51 52 663
f 51 665 52
f 51 667 52
f 51 52 663
f 51 665 52
f 51 52 661
f 51 52 661
f 51 52 659
f 51 52 658
f 55 56 42
f 55 54 42
f 55 56 672
f 55 54 672
f 55 56 42
f 55 54 42
f 55 56 670
f 55 54 670
f 55 56 669
f 55 54 669
f 55 54 52
f 55 56 669
f 55 54 669
f 55 130 56
f 55 667 56
f 55 667 54
f 55 658 56
f 55 52 658
f 55 667 666
f 55 667 54
f 55 658 56
f 55 56 659
f 55 52 659
f 55 665 666
f 55 665 54
f 55 56 661
f 55 52 661
f 55 665 56
f 55 665 54
f 55 56 661
f 55 52 661
f 55 54 52
f 55 56 663
f 55 54 663
f 55 56 663
f 55 54 663
f 50 49 42
f 50 54 42
f 50 49 42
f 50 54 42
f 50 49 672
f 50 51 52
f 50 48 49
f 50 51 48
f 63 58 60
f 63 663 64
f 63 60 663
f 63 663 64
f 63 58 663
f 63 58 130
f 63 58 130
f 63 665 64
f 63 665 60
f 63 661 64
f 63 58 661
f 63 58 661
f 63 128 130
f 63 665 666
f 63 665 60
f 63 667 666
f 63 667 60
f 63 667 64
f 63 667 60
f 63 669 64
f 63 64 672
f 63 65 64
f 63 65 66
f 63 669 64
f 63 64 670
f 361 553 360
f 361 362 553
f 361 360 554
f 361 362 554
f 361 553 360
f 361 362 553
f 361 360 556
f 361 362 556
f 361 360 552
f 361 362 552
f 361 360 556
f 361 362 556
f 361 362 328
f 361 558 360
f 361 362 558
f 361 329 360
f 361 329 328
f 361 329 362
f 361 558 559
f 361 362 558
f 361 333 329
f 361 329 362
f 361 333 362
f 361 333 329
f 361 560 559
f 361 360 350
f 361 362 350
f 363 362 554
f 363 362 556
f 363 362 553
f 363 362 556
f 363 362 553
f 363 550 551
f 363 362 551
f 363 362 558
f 363 362 328
f 363 327 328
f 363 329 362
f 363 329 362
f 363 348 362
f 363 333 362
f 109 110 133
f 109 76 110
f 109 242 110
f 109 242 110
f 109 110 244
f 109 245 110
f 109 245 110
f 109 110 246
f 109 259 110
f 109 248 110
f 109 110 257
f 109 110 257
f 109 250 110
f 109 110 255
f 109 110 251
f 109 110 254
f 109 110 253
f 109 110 253
f 102 254 255
f 102 253 254
f 102 104 253
f 102 255 100
f 102 253 252
f 102 104 253
f 102 257 100
f 102 101 257
f 102 251 252
f 102 104 251
f 102 250 251
f 102 250 104
f 102 101 257
f 102 259 101
f 102 248 100
f 102 248 104
f 102 246 100
f 102 104 246
f 102 245 246
f 102 245 104
f 102 245 244
f 102 245 104
f 102 244 100
f 102 104 244
f 102 242 100
f 102 242 104
f 102 242 241
f 102 242 104
f 102 240 241
f 102 104 240
f 102 239 240
f 102 239 104
f 102 239 100
f 102 239 104
f 102 104 238
f 102 104 100
f 102 237 238
f 102 237 100
f 102 237 100
f 79 41 100
f 79 94 41
f 79 99 100
f 79 102 82
f 79 94 98
f 79 94 90
f 79 84 98
f 79 94 90
f 79 90 41
f 79 84 41
f 79 104 81
f 79 679 41
f 79 674 82
f 79 676 82
f 79 81 80
f 79 82 673
f 79 81 82
f 79 667 80
f 79 674 82
f 79 667 666
f 79 665 666
f 79 665 80
f 105 76 75
f 105 76 104
f 105 107 133
f 105 104 133
f 105 241 107
f 105 104 241
f 105 79 104
f 105 242 241
f 105 242 104
f 105 251 252
f 105 104 251
f 105 253 252
f 105 104 253
f 105 106 81
f 105 79 81
f 105 79 106
f 105 242 107
f 105 242 104
f 105 250 251
f 105 250 104
f 105 253 254
f 105 106 254
f 105 104 253
f 105 244 107
f 105 104 244
f 105 104 254
f 105 106 254
f 105 245 244
f 105 245 104
f 105 248 107
f 105 248 104
f 105 104 255
f 105 106 255
f 105 245 246
f 105 245 104
f 105 246 107
f 105 104 246
f 105 104 257
f 105 106 257
f 105 104 257
f 105 106 257
f 105 259 104
f 105 259 106
f 105 259 104
f 105 259 106
f 677 676 75
f 677 76 75
f 677 76 676
f 677 41 678
f 677 676 678
f 677 676 41
f 677 79 676
f 677 84 678
f 677 84 676
f 677 89 678
f 677 89 676
f 677 89 90
f 677 89 676
f 677 454 455
f 677 94 454
f 677 94 454
f 677 592 676
f 696 587 693
f 696 587 694
f 696 697 40
f 696 694 40
f 696 693 692
f 696 693 725
f 696 684 583
f 696 718 692
f 696 693 725
f 696 725 726
f 696 727 726
f 696 718 717
f 696 693 727
f 696 693 727
f 696 693 694
f 124 63 65
f 124 270 130
f 124 63 65
f 103 106 81
f 103 81 82
f 103 104 81
f 103 105 104
f 103 105 106
f 103 102 82
f 103 101 261
f 103 106 261
f 103 105 104
f 103 105 106
f 103 79 104
f 103 79 102
f 103 79 102
f 103 264 101
f 103 106 101
f 103 106 264
f 103 259 101
f 103 102 259
f 103 259 104
f 103 259 104
f 103 102 259
f 103 104 257
f 103 102 257
f 103 104 257
f 103 102 257
f 103 104 255
f 103 102 255
f 103 104 254
f 103 102 254
f 103 102 104
f 273 454 92
f 273 272 454
f 273 272 271
f 273 454 453
f 273 272 454
f 273 91 92
f 273 91 271
f 273 277 279
f 273 271 279
f 273 272 277
f 273 272 271
f 268 270 116
f 268 106 101
f 268 270 106
f 268 96 101
f 268 96 270
f 268 286 270
f 268 286 285
f 268 286 270
f 268 94 267
f 268 285 269
f 268 285 267
f 268 454 269
f 268 267 454
f 268 452 269
f 268 452 267
f 268 452 269
f 268 452 267
f 266 189 192
f 266 270 192
f 266 270 189
f 266 189 265
f 266 270 189
f 266 265 185
f 266 270 185
f 266 265 181
f 266 270 181
f 266 270 267
f 266 286 287
f 266 265 181
f 266 267 181
f 266 287 285
f 266 287 285
f 266 265 179
f 266 267 179
f 266 285 265
f 266 285 267
f 266 174 265
f 266 174 267
f 266 452 265
f 266 452 267
f 266 174 265
f 266 174 267
f 266 452 265
f 266 452 267
f 266 265 172
f 266 267 172
f 266 454 265
f 266 267 454
f 266 168 265
f 266 168 267
f 266 94 454
f 266 94 267
f 266 166 168
f 266 166 168
f 266 166 162
f 266 96 101
f 266 106 101
f 266 106 101
f 266 97 101
f 266 97 96
f 266 97 96
f 266 124 130
f 266 124 130
f 67 66 41
f 67 69 41
f 67 674 66
f 67 69 674
f 67 674 66
f 67 69 674
f 67 65 665
f 67 65 663
f 67 66 673
f 67 69 673
f 67 65 665
f 67 65 667
f 67 65 667
f 67 670 672
f 67 66 672
f 67 66 670
f 67 66 669
f 67 667 66
f 67 66 669
f 117 69 116
f 117 245 118
f 117 245 118
f 117 118 246
f 117 248 118
f 117 250 251
f 117 251 252
f 117 251 116
f 117 253 252
f 117 253 116
f 117 253 254
f 117 253 116
f 117 254 118
f 117 116 118
f 117 116 254
f 70 69 41
f 70 69 118
f 70 117 118
f 70 117 69
f 70 117 69
f 70 676 41
f 70 674 41
f 70 69 674
f 70 69 674
f 70 69 673
f 70 69 670
f 70 69 669
f 70 69 669
f 70 69 667
f 70 69 667
f 70 69 665
f 249 302 251
f 249 452 251
f 249 304 302
f 249 304 248
f 249 452 246
f 249 452 251
f 249 301 302
f 249 250 301
f 249 301 248
f 249 250 301
f 249 452 454
f 249 94 251
f 249 94 251
f 249 248 94
f 249 94 454
f 249 248 94
f 249 251 99
f 249 248 99
f 249 251 99
f 249 250 251
f 249 248 99
f 249 102 248
f 249 102 250
f 249 102 248
f 249 102 250
f 249 105 248
f 249 105 250
f 249 105 248
f 249 105 250
f 249 109 248
f 249 109 250
f 249 117 248
f 249 117 250
f 249 250 248
f 196 195 718
f 196 146 195
f 196 195 153
f 196 195 153
f 196 195 157
f 196 195 157
f 196 195 164
f 720 195 194
f 720 195 194
f 720 196 195
f 720 196 195
f 720 558 719
f 720 193 194
f 720 721 557
f 720 558 557
f 720 558 721
f 720 558 559
f 720 558 559
f 720 146 145
f 720 560 559
f 720 560 559
f 720 145 719
f 720 145 721
f 720 561 560
f 720 561 560
f 720 141 719
f 720 141 721
f 720 561 719
f 720 561 721
f 720 141 140
f 720 141 140
f 720 564 719
f 720 139 140
f 720 139 140
f 720 723 721
f 720 564 723
f 720 564 565
f 720 139 137
f 720 139 721
f 720 564 723
f 720 137 719
f 720 721 137
f 720 723 565
f 720 715 719
f 720 715 721
f 720 686 692
f 720 684 723
f 720 686 684
f 720 686 684
f 720 723 692
f 720 686 723
f 720 567 719
f 720 567 565
f 720 567 565
f 720 719 673
f 720 723 673
f 720 723 719
f 720 696 692
f 720 696 692
f 190 189 192
f 190 191 192
f 190 189 725
f 190 191 725
f 190 189 725
f 190 191 725
f 190 189 192
f 190 358 192
f 190 358 189
f 190 357 191
f 190 358 357
f 190 723 189
f 190 191 723
f 190 357 191
f 190 358 723
f 190 358 357
f 722 193 192
f 722 191 193
f 722 191 723
f 722 191 192
f 722 191 723
f 722 357 721
f 722 357 723
f 722 193 194
f 722 191 193
f 722 723 692
f 722 723 692
f 722 191 194
f 722 357 556
f 722 357 723
f 722 693 692
f 722 693 692
f 722 195 194
f 722 556 721
f 722 723 556
f 722 696 693
f 722 696 693
f 722 146 194
f 722 146 195
f 722 558 721
f 722 558 723
f 722 558 723
f 722 146 145
f 722 146 145
f 722 196 195
f 722 196 146
f 722 196 146
f 722 144 145
f 722 140 724
f 722 140 721
f 722 144 142
f 722 145 721
f 722 144 145
f 722 141 140
f 722 141 140
f 722 141 142
f 722 141 721
f 161 195 194
f 161 191 194
f 161 191 195
f 161 191 195
f 161 196 195
f 161 196 195
f 161 164 159
f 161 191 159
f 161 191 164
f 161 199 164
f 161 204 159
f 161 204 164
f 161 163 164
f 161 163 214
f 161 12 14
f 161 12 164
f 161 12 159
f 161 12 164
f 161 15 14
f 161 163 15
f 161 214 235
f 161 10 159
f 161 10 164
f 161 16 15
f 161 236 235
f 161 163 214
f 161 9 10
f 161 9 10
f 161 160 159
f 161 16 159
f 161 163 16
f 161 236 237
f 161 236 163
f 161 8 164
f 161 8 9
f 161 8 9
f 161 163 162
f 161 163 16
f 161 237 238
f 161 236 163
f 161 160 17
f 161 162 17
f 161 239 238
f 161 239 160
f 161 163 237
f 161 19 160
f 161 162 19
f 161 239 163
f 161 239 163
f 161 20 19
f 161 20 162
f 161 239 240
f 161 239 162
f 161 21 162
f 161 21 20
f 161 21 20
f 161 240 160
f 161 162 240
f 161 160 241
f 161 162 241
f 161 244 160
f 161 244 162
f 161 244 162
f 351 715 350
f 351 199 350
f 351 307 308
f 351 204 307
f 351 324 325
f 351 309 308
f 351 204 309
f 351 309 310
f 351 329 328
f 351 328 324
f 351 329 328
f 351 326 325
f 351 204 346
f 351 204 309
f 351 309 310
f 351 327 326
f 351 327 328
f 351 327 326
f 351 327 328
f 465 622 621
f 465 622 466
f 465 620 621
f 465 620 466
f 465 622 464
f 465 622 466
f 465 620 619
f 465 620 466
f 465 624 464
f 465 624 466
f 465 624 625
f 465 617 616
f 465 617 466
f 465 624 463
f 465 624 625
f 465 616 464
f 465 466 616
f 465 463 445
f 465 466 463
f 465 626 625
f 465 626 625
f 465 444 466
f 465 626 463
f 465 626 466
f 465 466 615
f 465 444 464
f 465 444 466
f 465 463 628
f 465 466 628
f 465 466 463
f 471 622 473
f 471 620 473
f 471 622 473
f 471 620 473
f 471 624 473
f 471 624 473
f 471 626 473
f 471 626 473
f 471 468 628
f 471 473 628
f 471 468 643
f 471 473 643
f 471 468 644
f 471 473 644
f 471 473 440
f 475 622 621
f 475 620 621
f 475 622 476
f 475 620 619
f 475 624 476
f 475 624 625
f 475 617 616
f 475 626 625
f 475 616 476
f 475 626 628
f 475 628 476
f 475 476 643
f 475 612 476
f 475 644 476
f 480 622 481
f 480 620 481
f 480 622 481
f 480 620 481
f 480 624 481
f 480 624 625
f 480 617 481
f 480 626 625
f 480 481 616
f 480 626 481
f 480 628 643
f 480 481 628
f 480 481 644
f 480 481 432
f 483 626 625
f 483 435 429
f 483 435 429
f 486 617 616
f 486 616 615
f 486 483 625
f 486 490 644
f 486 483 644
f 486 435 421
f 486 483 435
f 486 425 422
f 486 435 425
f 486 428 427
f 502 622 500
f 502 620 500
f 502 402 507
f 502 620 500
f 502 504 616
f 502 617 504
f 502 617 500
f 502 616 615
f 502 500 616
f 566 567 717
f 566 715 565
f 566 715 567
f 566 713 567
f 566 713 350
f 566 351 350
f 566 564 565
f 566 564 563
f 566 564 513
f 566 357 563
f 566 513 565
f 566 567 513
f 566 565 515
f 566 567 515
f 566 567 565
f 416 501 414
f 416 333 332
f 416 331 332
f 416 331 330
f 416 329 330
f 416 329 328
f 416 327 328
f 416 327 414
f 416 414 326
f 416 324 414
f 412 360 359
f 412 358 359
f 412 504 360
f 412 361 504
f 509 581 510
f 509 581 583
f 509 510 578
f 509 510 575
f 509 510 575
f 509 510 574
f 509 572 574
f 509 510 572
f 509 570 572
f 509 510 572
f 509 510 570
f 509 566 510
f 509 566 510
f 509 510 564
f 509 566 564
f 509 358 563
f 509 563 360
f 509 358 357
f 509 560 563
f 509 361 560
f 509 561 560
f 509 561 510
f 509 561 510
f 509 510 560
f 509 361 560
f 509 361 362
f 509 363 362
f 509 362 558
f 509 510 558
f 509 510 558
f 509 363 558
f 509 363 510
f 376 535 534
f 376 377 535
f 376 377 535
f 376 534 532
f 376 377 529
f 376 534 532
f 376 377 532
f 376 377 534
f 376 532 374
f 376 529 532
f 376 377 529
f 376 529 526
f 376 377 526
f 376 526 374
f 376 377 522
f 376 522 374
f 376 377 520
f 376 520 522
f 376 377 520
f 376 520 518
f 376 520 374
f 376 312 377
f 376 377 324
f 376 365 518
f 376 365 515
f 376 377 515
f 376 513 365
f 376 377 513
f 376 377 513
f 618 90 674
f 618 674 619
f 618 617 674
f 618 456 90
f 618 90 674
f 618 617 674
f 618 619 673
f 618 617 673
f 618 456 619
f 618 456 617
f 618 456 90
f 618 456 617
f 618 617 573
f 618 459 619
f 618 573 571
f 618 619 571
f 618 617 573
f 618 460 459
f 618 617 460
f 618 460 459
f 618 619 568
f 618 617 568
f 618 461 460
f 618 461 617
f 618 619 568
f 618 617 568
f 618 461 462
f 618 461 617
f 618 619 565
f 618 617 565
f 618 462 619
f 618 617 462
f 618 561 619
f 618 561 617
f 618 619 463
f 618 617 463
f 618 561 560
f 618 561 617
f 618 465 619
f 618 465 617
f 618 560 619
f 618 617 560
f 618 465 466
f 618 465 617
f 618 558 619
f 618 617 558
f 618 466 619
f 618 617 466
f 618 558 619
f 618 617 558
f 618 619 468
f 618 617 468
f 618 619 556
f 618 617 556
f 618 619 556
f 618 617 556
f 618 471 473
f 618 619 548
f 618 617 548
f 618 619 547
f 618 617 547
f 618 475 619
f 618 475 617
f 618 619 547
f 618 617 547
f 618 619 478
f 618 617 478
f 618 619 546
f 618 617 546
f 618 619 542
f 618 617 542
f 618 480 481
f 618 480 617
f 618 619 542
f 618 617 542
f 618 619 539
f 618 617 539
f 618 619 539
f 618 617 539
f 618 619 538
f 618 617 538
f 618 619 536
f 618 617 536
f 618 535 619
f 618 617 535
f 618 494 619
f 618 617 494
f 618 535 619
f 618 617 535
f 618 619 495
f 618 617 495
f 618 531 619
f 618 617 531
f 618 497 619
f 618 617 497
f 618 531 619
f 618 617 531
f 618 528 619
f 618 617 528
f 618 502 500
f 618 502 617
f 618 528 619
f 618 617 528
f 618 502 617
f 618 525 619
f 618 617 525
f 618 525 523
f 618 617 525
f 618 523 619
f 618 617 523
f 618 510 619
f 618 617 510
f 618 619 519
f 618 617 519
f 618 619 519
f 618 617 519
f 618 619 516
f 618 617 516
f 618 619 516
f 618 617 516
f 83 674 82
f 83 84 674
f 83 82 673
f 83 674 82
f 83 84 674
f 83 673 641
f 83 84 673
f 83 82 641
f 83 676 82
f 83 84 676
f 83 82 642
f 83 84 642
f 83 677 676
f 83 677 84
f 83 84 654
f 83 677 84
f 83 656 654
f 83 656 82
f 83 84 653
f 83 84 679
f 83 677 79
f 83 677 79
f 83 656 657
f 83 656 82
f 83 81 653
f 83 81 82
f 83 84 653
f 83 79 679
f 83 657 659
f 83 82 657
f 83 81 653
f 83 79 82
f 83 84 679
f 83 79 679
f 83 79 84
f 83 661 659
f 83 82 661
f 83 81 651
f 83 84 651
f 83 102 82
f 83 84 99
f 83 79 99
f 83 661 642
f 83 82 642
f 83 82 661
f 83 84 86
f 83 81 101
f 83 81 82
f 83 84 101
f 83 84 101
f 83 102 101
f 83 102 82
f 83 84 99
f 83 79 99
f 83 79 84
f 83 86 651
f 83 81 651
f 83 81 86
f 602 679 680
f 602 681 680
f 602 461 460
f 608 610 673
f 608 581 610
f 608 581 583
f 608 581 578
f 608 578 610
f 608 575 610
f 608 575 573
f 608 575 520
f 608 610 522
f 608 573 522
f 608 520 610
f 608 520 573
f 608 573 571
f 608 573 610
f 608 520 610
f 608 526 571
f 608 610 526
f 608 610 516
f 608 529 526
f 608 610 529
f 608 516 515
f 608 610 516
f 608 529 532
f 608 610 532
f 608 610 529
f 608 610 515
f 608 513 515
f 608 513 610
f 608 510 610
f 608 509 510
f 603 600 673
f 603 608 673
f 603 583 600
f 603 608 583
f 603 581 583
f 603 608 581
f 603 602 674
f 603 602 676
f 603 605 578
f 603 602 677
f 603 513 578
f 603 513 577
f 603 605 577
f 603 605 513
f 603 509 605
f 603 605 504
f 603 602 501
f 603 602 497
f 603 602 495
f 603 602 494
f 603 602 480
f 603 602 480
f 613 612 90
f 613 612 674
f 613 612 456
f 613 612 673
f 613 612 456
f 613 612 460
f 613 612 577
f 613 461 612
f 613 612 575
f 613 612 568
f 613 612 573
f 613 461 612
f 613 612 575
f 613 612 568
f 613 612 462
f 613 612 565
f 613 465 612
f 613 612 552
f 613 465 612
f 613 612 548
f 613 612 547
f 613 612 547
f 613 612 546
f 613 612 543
f 613 475 612
f 613 612 543
f 613 612 476
f 613 612 542
f 613 612 478
f 613 612 540
f 613 612 539
f 613 480 612
f 613 612 539
f 613 612 538
f 613 486 612
f 613 535 536
f 613 612 535
f 613 612 535
f 613 612 494
f 613 534 532
f 613 612 534
f 613 612 495
f 613 612 531
f 613 612 497
f 613 531 529
f 613 612 531
f 613 612 501
f 613 612 528
f 613 502 612
f 613 502 612
f 613 528 526
f 613 612 528
f 613 612 504
f 613 612 525
f 613 612 525
f 613 612 523
f 613 509 612
f 613 612 523
f 613 612 510
f 613 612 522
f 613 612 520
f 613 612 513
f 613 612 520
f 613 612 515
f 613 612 519
f 613 612 516
f 613 612 518
f 613 612 516
f 611 610 673
f 611 612 673
f 611 674 610
f 611 612 674
f 611 581 610
f 611 581 578
f 611 581 578
f 611 578 577
f 611 612 577
f 611 578 610
f 611 676 674
f 611 575 610
f 611 612 575
f 611 676 90
f 611 676 90
f 611 612 90
f 611 575 573
f 611 612 575
f 611 90 455
f 611 612 90
f 611 573 610
f 611 612 573
f 611 456 455
f 611 612 456
f 611 568 610
f 611 612 568
f 611 456 610
f 611 612 456
f 611 460 610
f 611 612 460
f 611 544 568
f 611 568 565
f 611 612 568
f 611 461 460
f 611 461 612
f 611 544 568
f 611 544 546
f 611 612 546
f 611 612 544
f 611 612 544
f 611 547 565
f 611 612 547
f 611 461 462
f 611 461 612
f 611 568 610
f 611 568 543
f 611 547 565
f 611 462 610
f 611 612 462
f 611 610 539
f 611 612 539
f 611 543 542
f 611 612 542
f 611 612 543
f 611 565 552
f 611 612 552
f 611 612 565
f 611 547 548
f 611 612 548
f 611 612 547
f 611 465 610
f 611 465 612
f 611 612 539
f 611 465 610
f 611 465 612
f 611 534 539
f 611 534 610
f 611 612 534
f 611 534 610
f 611 612 534
f 611 610 529
f 611 531 529
f 611 612 531
f 611 612 531
f 611 612 528
f 611 475 610
f 611 475 612
f 611 610 529
f 611 528 529
f 611 612 528
f 611 612 478
f 611 610 526
f 611 612 526
f 611 610 522
f 611 612 522
f 611 480 481
f 611 480 612
f 611 520 610
f 611 520 522
f 611 612 522
f 611 612 520
f 611 612 520
f 611 520 519
f 611 520 610
f 611 612 519
f 611 486 610
f 611 486 612
f 611 610 516
f 611 612 516
f 611 610 516
f 611 612 516
f 611 610 515
f 611 612 515
f 611 494 610
f 611 612 494
f 611 513 610
f 611 612 513
f 611 610 495
f 611 612 495
f 611 497 610
f 611 612 497
f 611 510 610
f 611 612 510
f 611 509 510
f 611 509 612
f 611 501 500
f 611 612 501
f 611 502 501
f 611 502 612
f 611 502 610
f 611 502 612
f 611 504 610
f 611 612 504
f 576 575 709
f 576 707 709
f 576 707 575
f 576 707 706
f 576 578 706
f 576 574 706
f 576 501 574
f 576 501 578
f 576 501 578
f 576 344 578
f 576 501 574
f 576 504 578
f 576 504 578
f 576 504 574
f 576 509 575
f 708 575 709
f 708 707 575
f 708 576 575
f 708 576 707
f 708 574 706
f 708 576 574
f 708 576 707
f 708 709 572
f 708 710 709
f 708 710 348
f 708 707 706
f 708 706 40
f 708 215 706
f 708 706 137
f 584 583 673
f 584 583 600
f 584 587 600
f 584 684 583
f 584 676 684
f 584 684 583
f 584 587 504
f 584 696 583
f 584 504 583
f 584 587 504
f 584 501 583
f 588 693 589
f 588 587 589
f 588 587 693
f 588 693 694
f 588 587 693
f 588 694 589
f 588 587 694
f 588 333 697
f 588 696 697
f 588 696 587
f 588 696 587
f 588 333 332
f 588 331 332
f 588 331 330
f 588 497 589
f 588 587 501
f 492 425 426
f 492 421 419
f 492 625 500
f 492 507 500
f 582 584 338
f 582 423 424
f 582 424 495
f 582 584 495
f 582 584 497
f 582 497 424
f 582 497 424
f 582 426 424
f 582 584 426
f 582 584 501
f 582 581 501
f 582 501 583
f 582 581 501
f 582 426 427
f 582 584 427
f 582 584 426
f 582 504 583
f 582 581 504
f 582 581 504
f 579 578 673
f 579 581 673
f 579 581 578
f 579 344 706
f 579 344 578
f 579 509 510
f 579 509 581
f 579 501 578
f 579 341 420
f 579 344 341
f 579 510 578
f 579 581 510
f 579 501 503
f 579 501 578
f 579 504 503
f 579 504 578
f 506 598 583
f 506 579 581
f 506 611 507
f 506 611 612
f 506 613 612
f 506 507 616
f 506 617 507
f 506 618 617
f 506 566 357
f 506 618 507
f 506 566 357
f 506 620 507
f 506 502 402
f 506 620 507
f 506 622 507
f 506 502 622
f 506 502 507
f 506 502 622
f 506 507 500
f 506 622 500
f 506 622 507
f 596 592 595
f 596 674 673
f 596 595 673
f 596 592 587
f 596 584 587
f 596 676 595
f 596 584 504
f 596 677 676
f 596 504 595
f 596 677 595
f 596 501 595
f 596 679 595
f 596 679 595
f 596 681 595
f 596 497 595
f 596 681 595
f 596 595 495
f 596 595 683
f 596 494 595
f 596 595 683
f 596 687 595
f 596 595 454
f 596 595 454
f 596 460 595
f 596 460 595
f 596 595 464
f 594 676 595
f 594 592 595
f 594 592 676
f 594 677 676
f 594 677 592
f 594 677 595
f 594 677 592
f 594 679 595
f 594 592 679
f 594 679 595
f 594 592 679
f 594 681 595
f 594 681 595
f 594 595 683
f 594 684 595
f 594 684 595
f 594 687 595
f 594 686 687
f 594 687 595
f 594 689 229
f 594 595 688
f 594 229 688
f 594 595 454
f 594 460 595
f 594 460 595
f 594 595 464
f 594 494 595
f 594 595 495
f 594 497 595
f 594 501 595
f 594 592 595
f 594 592 501
f 599 676 600
f 599 598 600
f 599 598 676
f 599 677 676
f 599 677 598
f 599 677 600
f 599 677 598
f 599 679 600
f 599 598 679
f 599 598 679
f 599 598 681
f 599 598 454
f 599 681 454
f 599 598 681
f 599 598 455
f 599 454 685
f 599 598 685
f 599 598 454
f 599 598 460
f 599 598 460
f 599 598 464
f 599 598 481
f 599 480 600
f 599 480 481
f 599 480 481
f 599 494 600
f 599 598 494
f 599 600 495
f 599 598 495
f 599 497 600
f 599 598 497
f 599 501 600
f 599 598 600
f 599 598 501
f 218 214 235
f 234 454 235
f 234 233 454
f 234 218 235
f 234 681 235
f 234 681 454
f 234 681 454
f 234 94 235
f 234 454 685
f 234 233 454
f 234 218 214
f 234 218 233
f 234 94 685
f 234 94 233
f 234 94 235
f 234 94 233
f 234 214 235
f 234 99 235
f 234 233 99
f 234 235 157
f 234 214 157
f 234 233 214
f 234 99 235
f 234 233 99
f 234 235 157
f 234 233 157
f 234 235 100
f 234 233 100
f 234 235 153
f 234 233 153
f 234 235 134
f 234 233 134
f 234 152 235
f 234 152 233
f 234 137 235
f 234 233 137
f 234 152 235
f 234 152 233
f 234 139 137
f 234 139 233
f 234 235 150
f 234 233 150
f 234 139 140
f 234 139 233
f 234 141 140
f 234 141 233
f 234 141 235
f 234 141 233
f 234 146 145
f 234 146 233
f 234 144 235
f 234 144 233
f 234 144 145
f 234 144 233
f 232 312 221
f 232 221 220
f 232 152 233
f 232 233 153
f 232 218 153
f 232 152 233
f 232 233 214
f 232 233 454
f 232 596 454
f 232 233 150
f 232 94 233
f 232 94 233
f 232 94 687
f 232 146 233
f 232 144 233
f 232 99 134
f 232 233 99
f 232 233 99
f 232 233 134
f 232 144 233
f 232 233 137
f 232 141 233
f 232 139 233
f 232 141 233
f 232 139 233
f 319 327 210
f 319 232 233
f 313 218 312
f 313 312 221
f 313 351 344
f 313 351 312
f 313 312 367
f 313 232 312
f 313 312 367
f 313 234 312
f 313 312 370
f 313 234 312
f 313 312 370
f 313 236 312
f 313 312 372
f 313 236 312
f 313 312 372
f 313 312 237
f 313 312 374
f 313 312 374
f 313 239 238
f 313 239 312
f 313 239 312
f 313 376 312
f 313 376 312
f 313 444 312
f 313 312 377
f 313 312 432
f 313 312 378
f 313 312 429
f 313 312 380
f 313 312 429
f 313 312 380
f 313 312 428
f 313 312 382
f 313 312 426
f 313 312 382
f 313 312 426
f 313 312 383
f 313 312 423
f 313 312 385
f 313 312 422
f 313 312 385
f 313 312 421
f 313 312 421
f 313 388 387
f 313 312 387
f 313 312 388
f 313 312 389
f 313 312 419
f 313 312 389
f 313 312 419
f 313 312 390
f 313 392 312
f 313 392 312
f 311 218 214
f 311 218 312
f 311 312 221
f 311 351 344
f 311 351 344
f 311 221 220
f 311 312 221
f 311 351 310
f 311 351 312
f 311 234 220
f 311 234 312
f 311 367 310
f 311 312 367
f 311 234 235
f 311 234 312
f 311 367 368
f 311 312 367
f 311 236 235
f 311 236 312
f 311 370 368
f 311 312 370
f 311 236 237
f 311 236 312
f 311 370 371
f 311 312 370
f 311 237 310
f 311 312 237
f 311 372 371
f 311 312 372
f 311 239 310
f 311 239 312
f 311 372 310
f 311 312 372
f 311 239 240
f 311 239 312
f 311 310 374
f 311 312 374
f 311 240 241
f 311 310 374
f 311 312 374
f 311 241 310
f 311 240 241
f 311 312 240
f 311 377 310
f 311 312 377
f 311 377 378
f 311 312 377
f 311 378 379
f 311 312 378
f 311 444 432
f 311 444 312
f 311 380 379
f 311 312 380
f 311 432 310
f 311 312 432
f 311 380 310
f 311 312 380
f 311 429 310
f 311 312 429
f 311 382 310
f 311 312 382
f 311 429 428
f 311 312 429
f 311 382 383
f 311 312 382
f 311 428 427
f 311 312 428
f 311 383 384
f 311 312 383
f 311 426 427
f 311 312 426
f 311 385 384
f 311 312 385
f 311 425 426
f 311 312 425
f 311 385 310
f 311 312 385
f 311 425 310
f 311 312 425
f 311 310 387
f 311 312 387
f 311 423 310
f 311 312 423
f 311 310 388
f 311 312 388
f 311 422 423
f 311 312 422
f 311 310 389
f 311 312 389
f 311 421 422
f 311 312 421
f 311 310 389
f 311 312 389
f 311 421 310
f 311 312 421
f 311 310 390
f 311 312 390
f 311 419 310
f 311 312 419
f 311 392 310
f 311 392 312
f 311 419 310
f 311 312 419
f 311 392 393
f 311 392 312
f 209 210 309
f 209 311 210
f 209 210 309
f 209 311 210
f 209 210 307
f 209 313 210
f 209 304 307
f 209 304 210
f 209 304 303
f 209 304 210
f 209 303 205
f 209 210 303
f 209 299 205
f 209 299 210
f 209 329 210
f 209 299 210
f 209 247 205
f 209 210 247
f 209 240 205
f 209 210 240
f 209 161 210
f 209 210 157
f 209 239 240
f 209 239 210
f 209 161 210
f 209 210 157
f 209 239 238
f 209 239 210
f 209 210 167
f 209 210 153
f 209 210 140
f 209 238 205
f 209 210 238
f 209 210 167
f 209 210 153
f 209 210 141
f 209 205 176
f 209 210 176
f 209 210 171
f 209 210 150
f 209 210 141
f 209 175 205
f 209 210 175
f 209 173 205
f 209 210 173
f 209 146 210
f 209 210 145
f 209 175 173
f 209 210 175
f 209 146 210
f 336 419 335
f 336 419 335
f 336 416 414
f 336 335 422
f 336 335 422
f 336 335 423
f 336 363 362
f 336 361 362
f 336 361 360
f 336 360 359
f 336 358 359
f 336 216 215
f 336 358 357
f 336 215 335
f 336 357 335
f 336 209 210
f 336 329 335
f 339 338 419
f 339 338 419
f 339 416 338
f 339 338 422
f 339 338 422
f 339 338 423
f 339 582 423
f 339 582 338
f 339 582 584
f 339 338 216
f 339 338 215
f 339 209 338
f 342 363 338
f 342 339 363
f 342 361 338
f 342 339 209
f 342 209 210
f 342 339 209
f 342 336 329
f 342 336 329
f 342 336 358
f 342 313 312
f 342 336 357
f 342 336 335
f 342 311 312
f 342 319 351
f 342 311 310
f 590 591 684
f 590 686 684
f 590 686 591
f 590 686 688
f 590 686 591
f 590 689 688
f 590 689 591
f 590 693 692
f 590 693 589
f 590 693 694
f 590 591 694
f 590 693 694
f 590 694 589
f 590 694 330
f 590 591 694
f 590 331 332
f 590 331 330
f 590 588 589
f 590 588 331
f 590 588 331
f 590 333 332
f 590 588 333
f 590 588 333
f 590 328 330
f 590 591 328
f 590 588 485
f 590 330 428
f 590 588 428
f 590 588 330
f 590 327 328
f 590 327 591
f 590 327 591
f 590 591 432
f 590 591 432
f 590 591 494
f 590 588 494
f 590 591 495
f 590 588 495
f 590 588 589
f 590 497 589
f 590 591 497
f 590 591 501
f 690 41 691
f 690 689 41
f 690 692 691
f 690 41 691
f 690 689 41
f 690 692 39
f 690 689 39
f 690 689 589
f 690 689 228
f 690 38 692
f 690 38 689
f 690 590 692
f 690 590 589
f 690 590 689
f 690 227 228
f 690 227 691
f 690 227 691
f 690 689 229
f 690 38 692
f 690 590 591
f 690 590 689
f 690 594 689
f 690 692 3
f 690 689 3
f 690 689 3
f 690 38 3
f 690 38 689
f 690 689 592
f 690 1 692
f 690 689 1
f 690 689 1
f 95 260 94
f 95 96 260
f 95 97 94
f 95 97 96
f 95 97 96
f 95 260 94
f 95 96 260
f 95 94 261
f 95 96 261
f 95 264 94
f 95 96 264
f 95 266 94
f 95 266 96
f 95 266 94
f 95 266 96
f 95 268 94
f 95 268 96
f 95 268 94
f 95 270 94
f 95 268 270
f 95 268 96
f 95 96 94
f 95 96 270
f 95 96 89
f 95 91 271
f 95 96 91
f 95 90 91
f 95 89 90
f 95 96 89
f 131 162 160
f 131 266 166
f 131 270 130
f 131 166 270
f 131 266 130
f 131 266 162
f 131 266 130
f 131 266 166
f 131 158 160
f 131 259 130
f 131 259 162
f 131 259 162
f 131 130 261
f 131 162 261
f 131 264 130
f 131 264 162
f 131 156 158
f 131 158 160
f 131 259 160
f 131 259 130
f 131 154 132
f 131 156 154
f 131 156 158
f 131 253 130
f 131 158 253
f 131 253 130
f 131 158 253
f 131 160 258
f 131 130 258
f 131 130 254
f 131 158 254
f 131 156 252
f 131 54 52
f 131 50 51
f 131 50 51
f 131 250 130
f 131 250 130
f 131 250 154
f 131 250 252
f 131 55 54
f 131 55 54
f 131 50 54
f 131 48 49
f 131 50 49
f 131 50 48
f 131 55 56
f 131 55 130
f 131 57 56
f 131 130 57
f 131 58 57
f 131 58 130
f 131 130 59
f 131 58 59
f 131 58 130
f 6 5 157
f 6 8 157
f 6 8 5
f 6 5 157
f 6 8 157
f 6 8 164
f 6 164 159
f 6 5 159
f 6 8 164
f 6 8 7
f 6 178 7
f 6 178 5
f 6 8 684
f 6 178 7
f 6 684 5
f 6 8 683
f 6 8 684
f 6 7 181
f 6 180 178
f 6 180 178
f 6 683 7
f 6 5 683
f 6 180 181
f 6 180 5
f 6 680 7
f 6 680 5
f 6 680 7
f 6 680 5
f 6 547 7
f 6 547 5
f 6 676 7
f 6 676 5
f 6 549 7
f 6 549 5
f 6 676 7
f 6 676 5
f 6 549 5
f 6 7 673
f 6 5 673
f 6 5 552
f 6 549 552
f 6 549 7
f 6 7 673
f 6 5 673
f 6 7 672
f 6 5 672
f 646 658 647
f 646 645 647
f 646 645 658
f 646 645 658
f 646 648 647
f 646 648 658
f 646 648 658
f 646 647 86
f 646 647 86
f 646 645 647
f 646 86 643
f 646 645 643
f 646 645 86
f 499 624 625
f 499 624 500
f 499 622 500
f 499 622 500
f 499 620 500
f 499 620 500
f 499 618 500
f 499 618 617
f 499 617 500
f 499 500 616
f 499 613 612
f 499 611 612
f 499 611 500
f 499 603 602
f 499 599 501
f 499 599 598
f 499 596 501
f 499 594 501
f 499 594 592
f 499 592 591
f 499 590 591
f 499 590 501
f 499 588 501
f 499 588 587
f 499 501 419
f 499 501 419
f 499 579 420
f 499 579 501
f 499 579 501
f 499 582 501
f 499 582 584
f 499 416 501
f 203 204 180
f 203 204 180
f 203 204 182
f 203 204 178
f 203 204 185
f 203 192 198
f 203 204 192
f 203 204 192
f 203 204 198
f 203 204 171
f 203 204 176
f 203 204 167
f 203 204 244
f 203 204 167
f 203 204 244
f 203 161 204
f 203 250 204
f 203 161 204
f 203 250 204
f 203 204 157
f 203 204 157
f 203 204 270
f 203 204 153
f 203 204 270
f 203 204 153
f 203 146 204
f 203 146 204
f 203 206 145
f 203 204 206
f 203 715 206
f 203 715 206
f 203 204 206
f 203 299 204
f 203 713 204
f 203 204 307
f 203 351 307
f 203 351 204
f 569 713 712
f 569 713 570
f 569 713 568
f 569 713 570
f 569 567 712
f 569 710 348
f 569 504 350
f 569 572 350
f 569 504 572
f 569 504 570
f 569 509 510
f 569 509 510
f 569 513 568
f 569 570 568
f 569 570 513
f 711 712 572
f 711 710 572
f 711 710 712
f 711 570 712
f 711 710 570
f 711 569 570
f 711 569 710
f 711 569 567
f 711 569 567
f 711 566 567
f 711 566 713
f 711 713 567
f 711 566 713
f 711 204 206
f 711 203 204
f 711 203 713
f 711 203 713
f 711 713 204
f 711 713 712
f 711 713 206
f 711 715 712
f 711 141 140
f 711 141 206
f 711 141 206
f 711 140 137
f 711 715 40
f 711 715 709
f 711 710 709
f 711 40 714
f 711 137 714
f 711 209 210
f 711 708 137
f 711 707 715
f 711 708 40
f 711 708 210
f 711 209 708
f 711 209 708
f 711 707 715
f 711 708 707
f 711 708 707
f 711 708 710
f 111 76 110
f 111 250 110
f 111 109 76
f 111 110 251
f 111 110 253
f 111 106 81
f 111 109 106
f 111 110 253
f 111 106 81
f 111 270 106
f 111 110 254
f 111 268 270
f 111 110 255
f 111 268 106
f 111 266 106
f 111 266 109
f 111 266 109
f 111 257 258
f 111 110 257
f 111 110 257
f 111 259 110
f 111 109 264
f 111 109 259
f 111 109 259
f 111 109 261
f 148 245 147
f 148 245 150
f 148 245 150
f 148 245 244
f 148 245 147
f 148 150 247
f 148 147 247
f 148 244 243
f 148 147 244
f 148 147 33
f 148 42 150
f 148 147 42
f 148 242 243
f 148 242 147
f 148 242 241
f 148 242 147
f 148 32 30
f 148 146 147
f 148 32 146
f 148 240 241
f 148 147 240
f 148 29 30
f 148 32 146
f 148 239 240
f 148 239 147
f 148 29 146
f 148 239 238
f 148 239 147
f 148 29 14
f 148 29 146
f 148 237 238
f 148 147 237
f 148 234 233
f 148 232 233
f 148 232 146
f 148 234 146
f 148 10 14
f 148 146 10
f 148 236 237
f 148 234 235
f 148 234 146
f 148 9 10
f 148 146 9
f 148 236 235
f 148 146 147
f 148 146 236
f 148 229 230
f 148 146 229
f 148 146 236
f 148 8 9
f 148 146 8
f 148 229 228
f 148 146 229
f 148 8 5
f 148 146 8
f 148 227 228
f 148 146 227
f 148 5 149
f 148 146 5
f 148 221 227
f 148 3 149
f 148 146 3
f 148 221 220
f 148 146 221
f 148 221 227
f 148 146 227
f 148 146 221
f 148 3 2
f 148 146 3
f 148 1 2
f 148 146 1
f 148 1 729
f 148 146 729
f 148 146 1
f 148 216 215
f 148 146 216
f 148 215 214
f 148 146 215
f 148 146 210
f 434 301 432
f 434 301 435
f 434 480 435
f 434 438 303
f 434 435 478
f 305 304 244
f 305 304 307
f 305 304 245
f 305 304 245
f 305 249 246
f 305 249 304
f 305 304 248
f 305 249 248
f 305 249 304
f 305 304 444
f 305 304 432
f 305 304 430
f 305 304 429
f 305 304 429
f 305 304 428
f 305 304 426
f 305 304 425
f 305 304 425
f 305 304 423
f 305 304 422
f 305 304 421
f 305 304 421
f 305 304 419
f 305 304 419
f 305 392 307
f 305 304 392
f 305 392 307
f 305 304 392
f 305 307 390
f 305 304 390
f 305 307 389
f 305 304 389
f 305 307 389
f 305 304 389
f 305 307 387
f 305 304 387
f 305 307 385
f 305 304 385
f 305 307 385
f 305 304 385
f 305 307 383
f 305 304 383
f 305 307 383
f 305 304 383
f 305 307 380
f 305 304 380
f 305 307 380
f 305 304 380
f 305 304 307
f 298 297 422
f 298 299 422
f 298 297 425
f 298 299 425
f 298 297 421
f 298 299 421
f 298 297 425
f 298 299 425
f 298 297 421
f 298 299 421
f 298 435 297
f 298 297 419
f 298 299 419
f 298 435 426
f 298 299 426
f 298 299 435
f 298 444 297
f 298 299 444
f 298 392 297
f 298 299 392
f 298 392 297
f 298 299 392
f 298 297 390
f 298 299 390
f 298 297 389
f 298 299 389
f 298 297 389
f 298 299 389
f 298 299 257
f 298 297 387
f 298 299 387
f 298 297 254
f 298 299 254
f 298 297 385
f 298 299 385
f 298 297 253
f 298 299 253
f 298 297 385
f 298 299 385
f 298 297 253
f 298 299 253
f 298 297 383
f 298 299 383
f 298 250 297
f 298 250 299
f 298 297 383
f 298 299 383
f 298 250 297
f 298 250 299
f 298 297 380
f 298 299 380
f 298 209 299
f 298 297 380
f 298 299 380
f 298 297 247
f 298 209 247
f 298 209 299
f 298 297 378
f 298 299 378
f 298 204 297
f 298 299 204
f 298 377 297
f 298 299 377
f 298 203 204
f 298 203 299
f 298 377 297
f 298 299 377
f 298 297 374
f 298 299 374
f 298 297 199
f 298 297 374
f 298 299 374
f 298 297 367
f 298 299 367
f 298 297 372
f 298 299 372
f 298 297 367
f 298 299 367
f 298 297 372
f 298 299 372
f 298 297 371
f 298 299 371
f 294 450 292
f 294 295 292
f 294 295 450
f 294 295 447
f 294 295 444
f 294 295 421
f 294 435 421
f 294 295 421
f 294 435 425
f 294 295 425
f 294 295 435
f 294 295 392
f 294 392 297
f 294 295 392
f 294 297 390
f 294 297 389
f 294 297 389
f 294 297 387
f 294 297 385
f 294 297 385
f 294 297 383
f 294 297 383
f 294 297 380
f 294 297 380
f 294 297 378
f 294 297 378
f 294 297 374
f 294 297 374
f 294 297 372
f 294 297 372
f 294 297 371
f 294 297 367
f 294 297 367
f 294 295 253
f 294 295 253
f 294 295 258
f 294 295 297
f 294 250 297
f 294 259 260
f 294 295 260
f 294 295 260
f 446 298 297
f 446 294 295
f 446 294 295
f 446 298 299
f 446 298 299
f 446 299 445
f 446 299 447
f 446 447 301
f 446 444 445
f 446 301 444
f 446 447 301
f 446 301 444
f 446 304 447
f 446 304 444
f 446 305 304
f 446 305 304
f 446 465 445
f 446 465 444
f 446 465 444
f 446 463 445
f 446 447 463
f 446 447 463
f 446 444 464
f 446 444 309
f 446 460 464
f 446 461 460
f 446 461 447
f 446 461 447
f 446 444 309
f 446 460 432
f 446 460 432
f 446 313 444
f 446 311 444
f 446 313 444
f 446 311 444
f 441 298 297
f 441 298 440
f 441 294 295
f 441 298 299
f 441 298 299
f 441 299 442
f 441 299 440
f 441 301 442
f 441 301 440
f 441 301 302
f 441 301 440
f 441 303 302
f 441 304 303
f 441 305 304
f 129 128 130
f 129 250 130
f 129 250 128
f 129 250 130
f 129 130 59
f 129 249 250
f 129 249 250
f 129 60 59
f 129 130 60
f 129 128 130
f 129 248 128
f 129 249 248
f 129 249 248
f 129 60 61
f 129 128 61
f 129 128 60
f 225 146 145
f 225 146 221
f 225 144 145
f 225 144 142
f 225 141 142
f 225 141 140
f 225 139 140
f 225 139 137
f 225 137 136
f 225 134 136
f 225 694 226
f 225 694 134
f 225 691 134
f 225 694 691
f 225 694 691
f 225 330 226
f 225 331 330
f 225 328 330
f 225 329 328
f 225 327 328
f 225 327 326
f 225 326 325
f 225 324 325
f 406 336 335
f 406 502 504
f 291 447 448
f 291 290 447
f 291 450 292
f 291 290 450
f 291 447 292
f 291 290 447
f 291 290 287
f 291 287 285
f 291 290 287
f 291 292 265
f 291 285 265
f 291 287 285
f 291 264 292
f 291 290 264
f 291 292 261
f 291 290 261
f 449 291 290
f 449 291 290
f 449 291 448
f 449 291 450
f 449 294 448
f 449 294 450
f 449 294 295
f 449 294 295
f 449 295 450
f 449 298 447
f 449 298 299
f 449 298 299
f 449 299 447
f 449 299 451
f 449 447 301
f 449 301 451
f 449 447 301
f 449 301 302
f 449 304 447
f 449 304 302
f 449 305 304
f 449 305 304
f 449 450 460
f 449 446 309
f 449 309 308
f 449 461 450
f 449 461 450
f 449 446 460
f 449 446 447
f 449 461 447
f 449 461 447
f 449 446 309
f 449 309 310
f 449 446 311
f 449 311 310
f 449 313 312
f 449 446 313
f 449 446 311
f 449 311 312
f 449 446 432
f 284 448 445
f 284 286 448
f 284 450 448
f 284 286 450
f 284 286 450
f 284 450 283
f 284 450 285
f 284 286 270
f 284 286 270
f 284 452 283
f 284 285 452
f 284 270 269
f 284 452 281
f 284 285 452
f 284 281 269
f 284 285 281
f 284 268 285
f 284 268 270
f 284 268 270
f 398 509 510
f 263 291 290
f 263 291 290
f 263 291 292
f 263 291 264
f 263 260 292
f 263 260 264
f 263 270 252
f 263 199 198
f 263 264 199
f 263 264 94
f 263 260 94
f 263 260 94
f 263 264 454
f 263 260 454
f 263 193 198
f 263 193 264
f 263 95 94
f 263 95 264
f 263 264 452
f 263 260 452
f 263 260 264
f 263 193 192
f 263 193 264
f 263 95 96
f 263 95 96
f 263 189 192
f 263 264 189
f 263 97 96
f 263 97 96
f 263 189 185
f 263 264 189
f 263 97 98
f 263 97 264
f 263 185 262
f 263 264 185
f 263 99 98
f 263 264 99
f 263 181 262
f 263 264 181
f 263 101 99
f 263 264 101
f 263 181 179
f 263 264 181
f 263 103 101
f 263 103 264
f 263 179 177
f 263 264 179
f 263 103 106
f 263 103 106
f 263 174 177
f 263 174 264
f 263 174 172
f 263 174 264
f 263 111 109
f 263 111 109
f 263 172 170
f 263 264 172
f 263 168 170
f 263 168 264
f 263 166 168
f 263 166 168
f 263 166 162
f 263 166 264
f 263 131 162
f 263 131 264
f 263 131 130
f 263 131 264
f 334 335 423
f 334 333 423
f 334 335 426
f 334 333 426
f 334 335 422
f 334 333 422
f 334 335 426
f 334 333 426
f 334 335 422
f 334 333 422
f 334 333 428
f 334 419 335
f 334 333 419
f 334 419 335
f 334 333 419
f 334 588 335
f 334 588 333
f 334 416 414
f 334 416 333
f 334 333 221
f 334 406 335
f 334 216 335
f 334 333 216
f 334 363 362
f 334 363 333
f 334 333 329
f 334 361 362
f 334 361 333
f 334 209 210
f 334 209 329
f 334 209 329
f 334 361 360
f 334 361 333
f 334 342 329
f 334 342 351
f 334 342 351
f 334 360 359
f 334 333 360
f 334 357 335
f 334 333 357
f 334 358 359
f 334 333 358
f 334 358 357
f 334 333 358
f 37 36 673
f 37 38 673
f 37 36 42
f 37 38 42
f 37 36 673
f 37 38 673
f 37 38 144
f 37 676 36
f 37 38 676
f 37 36 145
f 37 144 145
f 37 38 144
f 37 676 36
f 37 38 676
f 37 146 36
f 37 38 146
f 37 679 36
f 37 38 679
f 37 146 8
f 37 38 146
f 37 679 36
f 37 38 679
f 37 38 8
f 37 36 680
f 37 38 680
f 37 8 36
f 37 8 689
f 37 38 689
f 37 36 683
f 37 38 683
f 37 686 36
f 37 38 686
f 37 36 684
f 37 38 684
f 37 686 36
f 37 38 686
f 34 33 673
f 34 35 673
f 34 33 42
f 34 35 42
f 34 33 673
f 34 35 673
f 34 147 33
f 34 35 147
f 34 676 33
f 34 35 676
f 34 146 147
f 34 35 146
f 34 676 33
f 34 35 676
f 34 146 33
f 34 680 33
f 34 686 33
f 34 146 9
f 34 35 146
f 34 679 680
f 34 35 679
f 34 35 679
f 34 680 33
f 34 35 680
f 34 686 9
f 34 35 686
f 34 686 684
f 34 35 686
f 34 33 683
f 34 35 683
f 34 684 33
f 34 35 684
f 28 27 673
f 28 29 673
f 28 29 27
f 28 27 42
f 28 156 154
f 28 156 27
f 28 156 27
f 28 152 154
f 28 27 153
f 28 152 153
f 28 152 27
f 28 152 151
f 28 29 151
f 24 29 23
f 24 676 23
f 24 29 676
f 24 29 676
f 24 29 23
f 24 29 25
f 24 676 23
f 24 676 25
f 24 23 150
f 24 25 150
f 24 23 673
f 24 25 673
f 24 151 23
f 24 25 151
f 24 23 673
f 24 25 673
f 24 152 151
f 24 152 25
f 24 25 672
f 24 152 23
f 24 152 25
f 24 21 672
f 24 21 23
f 24 25 671
f 24 23 153
f 24 25 153
f 24 21 671
f 24 21 23
f 24 162 23
f 24 23 154
f 24 25 154
f 24 25 160
f 24 162 160
f 24 162 160
f 24 156 23
f 24 156 25
f 24 158 160
f 24 158 25
f 24 156 23
f 24 158 23
f 24 156 158
f 24 156 158
f 22 29 680
f 22 29 680
f 22 29 683
f 22 680 17
f 22 680 682
f 22 680 678
f 22 680 23
f 22 16 682
f 22 16 683
f 22 16 15
f 22 150 17
f 22 150 17
f 22 23 150
f 22 16 17
f 22 676 678
f 22 676 23
f 22 16 15
f 22 29 23
f 22 29 15
f 22 684 15
f 22 29 684
f 22 29 684
f 22 19 675
f 22 676 675
f 22 152 150
f 22 152 23
f 22 676 23
f 22 19 153
f 22 152 153
f 22 152 23
f 22 23 673
f 22 19 673
f 22 20 19
f 22 19 153
f 22 20 19
f 22 21 20
f 22 23 153
f 22 153 154
f 22 23 673
f 22 21 673
f 22 21 23
f 22 23 154
f 22 156 23
f 22 20 156
f 22 21 20
f 22 156 23
f 22 21 156
f 22 158 23
f 22 21 158
f 22 21 158
f 31 30 673
f 31 32 673
f 31 32 30
f 31 28 42
f 31 33 42
f 31 32 33
f 31 29 30
f 31 28 29
f 31 151 42
f 31 30 151
f 31 29 30
f 31 28 29
f 31 152 151
f 31 28 152
f 31 28 152
f 31 148 42
f 31 148 33
f 31 148 32
f 31 30 150
f 31 32 30
f 31 148 150
f 31 148 32
f 45 42 671
f 45 46 42
f 45 46 670
f 45 42 132
f 45 46 42
f 45 46 669
f 45 131 46
f 45 131 51
f 45 51 669
f 45 51 46
f 45 51 667
f 47 48 42
f 47 46 42
f 47 51 48
f 47 51 46
f 47 48 42
f 47 46 42
f 47 131 51
f 47 131 51
f 47 131 48
f 47 131 46
f 53 54 672
f 53 50 672
f 53 50 54
f 53 50 52
f 53 52 670
f 53 54 670
f 53 131 54
f 53 131 50
f 53 131 50
f 53 52 669
f 53 54 669
f 53 52 669
f 53 54 669
f 53 667 52
f 53 667 54
f 53 667 54
f 364 554 365
f 364 363 554
f 364 556 365
f 364 363 556
f 364 553 554
f 364 363 553
f 364 513 556
f 364 553 365
f 364 363 553
f 364 513 556
f 364 363 556
f 364 550 365
f 364 363 550
f 364 509 510
f 364 509 363
f 364 550 365
f 364 363 550
f 364 327 365
f 364 363 327
f 364 327 328
f 364 363 327
f 364 504 365
f 364 363 504
f 364 329 328
f 364 363 329
f 364 329 332
f 364 363 329
f 364 363 348
f 364 333 332
f 364 363 333
f 364 334 333
f 364 334 363
f 364 334 335
f 364 334 363
f 364 336 335
f 364 336 363
f 364 342 339
f 364 342 339
f 364 339 338
f 364 339 363
f 108 107 133
f 108 109 133
f 108 76 75
f 108 109 76
f 108 242 107
f 108 109 242
f 108 242 107
f 108 109 242
f 108 244 107
f 108 109 244
f 108 109 106
f 108 245 244
f 108 109 245
f 108 259 106
f 108 259 106
f 108 109 259
f 108 106 261
f 108 109 261
f 108 245 246
f 108 109 245
f 108 259 258
f 108 109 259
f 108 263 106
f 108 263 109
f 108 246 107
f 108 109 246
f 108 257 258
f 108 109 257
f 108 263 106
f 108 263 109
f 108 248 107
f 108 109 248
f 108 257 107
f 108 109 257
f 108 106 264
f 108 109 264
f 108 249 248
f 108 249 109
f 108 255 107
f 108 109 255
f 108 266 106
f 108 266 109
f 108 266 109
f 108 249 250
f 108 249 109
f 108 254 255
f 108 109 254
f 108 250 251
f 108 109 250
f 108 253 254
f 108 109 253
f 108 251 252
f 108 109 251
f 108 253 252
f 108 109 253
f 77 76 41
f 77 677 76
f 77 76 104
f 77 102 104
f 77 677 76
f 77 105 76
f 77 76 676
f 77 105 76
f 77 76 674
f 77 108 76
f 77 76 674
f 77 76 673
f 77 108 109
f 77 76 668
f 77 76 663
f 77 76 663
f 77 111 76
f 77 111 109
f 77 111 109
f 77 76 667
f 77 76 661
f 77 76 665
f 77 76 667
f 77 80 661
f 77 76 661
f 77 76 665
f 77 80 659
f 77 76 659
f 77 658 80
f 77 76 658
f 77 658 657
f 77 76 657
f 77 76 658
f 119 270 116
f 119 124 270
f 119 69 116
f 119 264 116
f 119 266 116
f 119 266 116
f 119 266 124
f 119 263 264
f 119 263 116
f 119 116 261
f 119 259 116
f 119 259 116
f 119 249 250
f 119 116 258
f 119 116 118
f 119 250 251
f 119 254 118
f 119 251 252
f 119 253 254
f 119 253 252
f 62 124 63
f 62 63 60
f 62 60 669
f 62 60 669
f 62 63 669
f 62 41 673
f 62 66 41
f 62 673 61
f 62 66 673
f 62 63 66
f 62 41 133
f 62 66 41
f 62 669 670
f 62 63 669
f 62 61 672
f 62 63 672
f 62 670 61
f 62 63 670
f 125 264 130
f 125 124 130
f 125 124 264
f 125 263 264
f 125 263 124
f 125 263 130
f 125 263 124
f 125 124 261
f 125 124 259
f 125 124 130
f 125 124 259
f 125 124 63
f 125 124 258
f 125 62 124
f 125 124 254
f 125 124 253
f 125 124 253
f 125 250 251
f 125 124 251
f 125 124 250
f 125 249 124
f 125 249 124
f 275 273 453
f 275 273 277
f 275 277 274
f 275 277 453
f 275 452 277
f 275 454 274
f 275 454 453
f 275 454 453
f 275 272 452
f 275 273 272
f 275 273 272
f 275 452 277
f 275 272 277
f 275 272 452
f 72 70 41
f 72 70 676
f 72 70 676
f 72 70 674
f 72 70 674
f 72 70 673
f 197 351 350
f 197 351 717
f 197 199 350
f 197 715 199
f 197 351 718
f 197 351 196
f 197 196 718
f 197 199 157
f 197 196 157
f 197 199 157
f 197 196 157
f 197 718 719
f 197 161 199
f 197 161 199
f 197 161 196
f 197 196 153
f 197 145 719
f 197 720 145
f 197 720 196
f 197 196 164
f 197 161 164
f 197 161 196
f 197 196 153
f 197 720 146
f 197 196 146
f 197 196 146
f 197 720 146
f 197 720 196
f 716 564 563
f 716 715 564
f 716 563 717
f 716 351 717
f 716 351 715
f 716 564 717
f 716 715 564
f 716 561 717
f 716 197 717
f 716 197 715
f 716 197 715
f 716 566 717
f 716 566 715
f 716 566 567
f 716 566 715
f 716 567 568
f 716 567 568
f 716 715 567
f 716 715 712
f 716 569 568
f 716 569 570
f 716 569 570
f 716 568 717
f 716 570 568
f 716 713 712
f 716 713 570
f 716 713 570
f 716 570 571
f 716 717 673
f 716 712 673
f 716 712 573
f 716 696 717
f 716 573 571
f 716 684 717
f 716 712 684
f 716 712 573
f 716 713 712
f 716 686 717
f 716 686 712
f 716 686 684
f 716 686 712
f 470 471 620
f 470 622 468
f 470 471 622
f 470 471 620
f 470 622 468
f 470 471 622
f 470 618 471
f 470 624 468
f 470 471 624
f 470 618 471
f 470 624 625
f 470 471 624
f 470 471 617
f 470 626 625
f 470 471 626
f 470 471 616
f 470 626 468
f 470 471 468
f 470 471 626
f 470 471 440
f 470 441 440
f 474 622 473
f 474 475 622
f 474 620 473
f 474 475 620
f 474 622 473
f 474 475 622
f 474 620 473
f 474 475 620
f 474 624 473
f 474 475 624
f 474 618 473
f 474 618 475
f 474 624 473
f 474 475 624
f 474 618 617
f 474 618 475
f 474 626 473
f 474 475 626
f 474 617 473
f 474 475 617
f 474 626 473
f 474 475 626
f 474 473 616
f 474 475 616
f 474 473 628
f 474 475 628
f 474 473 643
f 474 475 643
f 474 613 612
f 474 613 475
f 474 473 644
f 474 475 644
f 474 611 475
f 474 611 475
f 474 434 438
f 479 620 621
f 479 480 620
f 479 622 621
f 479 480 622
f 479 620 619
f 479 480 620
f 479 622 478
f 479 480 622
f 479 618 619
f 479 618 480
f 479 624 478
f 479 480 624
f 479 618 617
f 479 618 480
f 479 624 625
f 479 480 624
f 479 617 616
f 479 480 617
f 479 626 625
f 479 480 626
f 479 616 478
f 479 480 616
f 479 626 628
f 479 480 626
f 479 628 478
f 479 480 628
f 479 613 612
f 479 613 480
f 479 478 643
f 479 480 643
f 479 611 612
f 479 611 480
f 479 644 478
f 479 480 644
f 479 611 480
f 479 611 478
f 479 611 610
f 479 480 432
f 479 434 478
f 479 434 435
f 479 434 480
f 482 622 481
f 482 483 622
f 482 620 481
f 482 483 620
f 482 622 481
f 482 483 622
f 482 620 481
f 482 483 620
f 482 624 481
f 482 483 624
f 482 618 481
f 482 618 483
f 482 624 625
f 482 483 624
f 482 618 617
f 482 618 483
f 482 626 625
f 482 483 626
f 482 617 481
f 482 483 617
f 482 626 481
f 482 483 626
f 482 481 616
f 482 483 616
f 482 481 644
f 482 483 644
f 482 613 612
f 482 613 483
f 482 611 612
f 482 611 483
f 482 611 481
f 482 611 483
f 482 603 602
f 482 603 602
f 482 434 435
f 482 483 435
f 482 434 435
f 482 599 481
f 482 599 483
f 482 434 432
f 482 599 598
f 482 599 483
f 482 432 431
f 482 481 432
f 482 432 430
f 482 483 430
f 482 483 431
f 482 596 483
f 482 594 595
f 482 594 483
f 482 596 481
f 482 596 595
f 487 622 490
f 487 486 622
f 487 486 620
f 487 622 490
f 487 486 622
f 487 486 620
f 487 624 490
f 487 486 624
f 487 618 486
f 487 624 625
f 487 486 624
f 487 618 486
f 487 625 490
f 487 486 490
f 487 486 625
f 487 486 617
f 487 486 616
f 487 613 486
f 487 611 486
f 487 611 486
f 487 603 602
f 487 429 485
f 487 429 428
f 487 486 428
f 487 486 428
f 487 486 426
f 487 486 425
f 487 486 425
f 487 486 422
f 487 486 421
f 487 486 421
f 487 406 486
f 484 483 620
f 484 486 620
f 484 483 622
f 484 486 622
f 484 483 620
f 484 486 620
f 484 483 622
f 484 486 622
f 484 483 624
f 484 486 624
f 484 618 483
f 484 618 486
f 484 483 624
f 484 486 624
f 484 486 483
f 484 618 483
f 484 486 617
f 484 618 486
f 484 486 427
f 484 486 426
f 484 486 425
f 484 617 616
f 484 483 617
f 484 483 429
f 484 435 426
f 484 483 435
f 484 435 425
f 484 486 435
f 484 486 483
f 484 616 615
f 484 483 616
f 484 428 427
f 484 429 428
f 484 429 428
f 484 429 430
f 484 483 429
f 484 430 485
f 484 483 430
f 484 613 612
f 484 613 483
f 484 483 431
f 484 611 612
f 484 611 483
f 484 590 431
f 484 590 485
f 484 611 610
f 484 611 483
f 484 483 591
f 484 590 591
f 484 590 591
f 484 594 595
f 484 594 483
f 484 603 602
f 484 603 602
f 484 596 595
f 484 596 483
f 484 599 600
f 484 599 483
f 484 599 598
f 484 599 483
f 355 350 346
f 355 351 350
f 355 566 564
f 355 504 503
f 355 564 563
f 355 342 335
f 355 414 503
f 355 416 414
f 355 561 563
f 355 334 335
f 355 350 410
f 355 329 366
f 355 333 329
f 355 334 333
f 355 334 333
f 355 561 560
f 355 560 559
f 355 560 718
f 355 559 719
f 355 718 559
f 355 720 719
f 355 195 366
f 355 195 198
f 355 196 195
f 355 193 194
f 355 195 194
f 355 720 721
f 355 193 192
f 355 193 192
f 355 722 721
f 355 722 192
f 355 722 192
f 415 501 500
f 415 416 501
f 415 416 501
f 415 499 500
f 415 499 416
f 415 497 414
f 415 416 497
f 415 414 495
f 415 416 495
f 415 494 414
f 415 487 490
f 415 487 486
f 415 487 486
f 415 294 295
f 415 294 295
f 415 486 421
f 415 295 297
f 415 486 483
f 415 486 483
f 415 298 297
f 415 483 435
f 415 291 290
f 415 291 290
f 415 298 299
f 415 482 435
f 415 482 483
f 415 482 483
f 415 299 414
f 415 301 414
f 415 301 303
f 415 304 303
f 415 416 304
f 415 305 304
f 415 305 416
f 415 307 308
f 415 416 307
f 415 309 308
f 415 416 309
f 415 309 414
f 415 416 309
f 415 311 414
f 415 311 416
f 415 311 312
f 415 311 416
f 415 313 312
f 415 313 416
f 417 418 495
f 417 416 495
f 417 497 418
f 417 416 497
f 417 494 418
f 417 415 494
f 417 415 416
f 417 499 501
f 417 499 416
f 417 416 501
f 417 415 490
f 417 348 501
f 417 416 350
f 417 299 418
f 417 298 299
f 417 415 298
f 417 415 299
f 417 301 418
f 417 298 297
f 417 415 298
f 417 415 301
f 417 301 303
f 417 295 297
f 417 415 295
f 417 415 295
f 417 415 301
f 417 415 416
f 417 304 303
f 417 416 304
f 417 344 341
f 417 416 344
f 417 305 304
f 417 305 416
f 417 339 338
f 417 339 416
f 417 307 308
f 417 416 307
f 417 309 308
f 417 416 309
f 417 336 335
f 417 336 416
f 417 309 310
f 417 416 309
f 417 334 335
f 417 334 416
f 417 311 310
f 417 311 416
f 417 334 333
f 417 334 416
f 417 311 312
f 417 311 416
f 417 333 332
f 417 416 333
f 417 313 312
f 417 313 416
f 417 331 332
f 417 416 331
f 417 331 330
f 417 416 331
f 417 416 329
f 417 328 330
f 417 329 328
f 417 416 329
f 417 324 418
f 417 416 324
f 417 327 328
f 417 416 327
f 417 418 326
f 417 416 326
f 417 327 418
f 417 416 327
f 349 416 414
f 349 416 348
f 349 417 416
f 349 417 416
f 349 417 350
f 349 364 348
f 349 572 350
f 349 348 572
f 349 348 501
f 349 417 501
f 349 417 348
f 349 348 570
f 349 569 572
f 349 569 570
f 349 569 348
f 349 711 569
f 349 711 713
f 349 711 713
f 349 569 710
f 349 711 710
f 349 711 569
f 349 713 350
f 349 713 348
f 349 715 350
f 349 348 715
f 349 715 199
f 349 351 348
f 345 416 414
f 345 416 344
f 345 417 416
f 345 417 416
f 345 417 346
f 345 417 344
f 345 419 346
f 345 344 419
f 345 364 365
f 345 364 344
f 345 344 419
f 345 364 363
f 345 364 363
f 345 576 344
f 345 363 362
f 345 363 344
f 345 501 419
f 345 576 501
f 345 501 419
f 345 576 501
f 345 576 706
f 345 361 362
f 345 361 344
f 345 708 706
f 345 708 344
f 345 576 578
f 345 576 344
f 345 361 360
f 345 361 344
f 345 708 710
f 345 708 710
f 345 579 578
f 345 579 344
f 345 579 344
f 345 360 359
f 345 344 360
f 345 711 710
f 345 711 710
f 345 358 359
f 345 344 358
f 345 711 206
f 345 711 344
f 345 358 357
f 345 344 358
f 345 206 346
f 345 344 206
f 345 357 346
f 345 344 357
f 345 351 346
f 345 355 346
f 345 355 344
f 345 344 310
f 345 351 310
f 345 351 344
f 345 355 351
f 345 355 351
f 413 501 500
f 413 412 501
f 413 499 500
f 413 499 412
f 413 501 414
f 413 502 501
f 413 412 502
f 413 412 502
f 413 497 414
f 413 412 497
f 413 414 503
f 413 357 503
f 413 358 357
f 413 412 358
f 413 412 358
f 413 412 357
f 413 414 495
f 413 412 495
f 413 355 414
f 413 355 412
f 413 494 414
f 413 412 494
f 413 349 414
f 413 349 412
f 413 349 348
f 413 349 412
f 413 487 490
f 413 487 412
f 413 487 486
f 413 487 412
f 413 345 414
f 413 345 412
f 413 486 483
f 413 345 344
f 413 345 412
f 413 482 483
f 413 482 435
f 413 339 338
f 413 339 412
f 413 291 290
f 413 291 412
f 413 336 414
f 413 336 412
f 413 334 414
f 413 334 412
f 413 294 295
f 413 294 412
f 413 334 333
f 413 334 412
f 413 295 297
f 413 412 295
f 413 333 332
f 413 412 333
f 413 298 297
f 413 298 412
f 413 331 332
f 413 412 331
f 413 298 299
f 413 298 412
f 413 331 330
f 413 412 331
f 413 299 414
f 413 412 299
f 413 329 330
f 413 412 329
f 413 301 414
f 413 412 301
f 413 329 328
f 413 412 329
f 413 301 303
f 413 412 301
f 413 327 328
f 413 412 327
f 413 304 303
f 413 412 304
f 413 327 414
f 413 412 327
f 413 305 304
f 413 305 412
f 413 414 326
f 413 412 326
f 413 305 412
f 413 324 414
f 413 412 324
f 413 307 308
f 413 412 307
f 413 309 308
f 413 412 309
f 413 309 414
f 413 412 309
f 413 311 414
f 413 311 412
f 413 313 312
f 413 313 412
f 413 311 312
f 413 311 412
f 411 412 495
f 411 412 497
f 411 412 494
f 411 499 412
f 411 501 500
f 411 412 501
f 411 502 501
f 411 412 502
f 411 502 410
f 411 412 502
f 411 504 410
f 411 412 504
f 411 363 362
f 411 363 504
f 411 363 504
f 411 361 362
f 411 361 504
f 411 412 361
f 411 361 360
f 411 412 361
f 411 360 359
f 411 412 360
f 411 358 359
f 411 412 358
f 411 358 357
f 411 412 358
f 411 357 410
f 411 412 357
f 411 355 410
f 411 355 412
f 411 412 295
f 411 298 412
f 411 349 350
f 411 349 412
f 411 298 412
f 411 349 348
f 411 349 412
f 411 412 299
f 411 412 301
f 411 345 410
f 411 345 412
f 411 412 301
f 411 345 344
f 411 345 412
f 411 304 303
f 411 412 304
f 411 305 304
f 411 305 412
f 411 305 307
f 411 305 412
f 411 339 338
f 411 339 412
f 411 307 308
f 411 412 307
f 411 309 308
f 411 412 309
f 411 336 335
f 411 336 412
f 411 309 410
f 411 412 309
f 411 334 335
f 411 334 412
f 411 311 410
f 411 311 412
f 411 334 333
f 411 334 412
f 411 311 312
f 411 311 412
f 411 333 332
f 411 412 333
f 411 313 312
f 411 313 412
f 411 331 332
f 411 412 331
f 411 331 330
f 411 412 331
f 411 329 330
f 411 412 329
f 411 329 328
f 411 412 329
f 411 324 410
f 411 412 324
f 411 327 328
f 411 412 327
f 411 410 326
f 411 412 326
f 411 327 410
f 411 412 327
f 472 618 617
f 472 618 471
f 472 618 471
f 472 617 473
f 472 471 617
f 472 473 616
f 472 471 616
f 472 613 612
f 472 470 613
f 472 470 613
f 472 474 612
f 472 474 611
f 472 470 611
f 472 474 611
f 472 470 611
f 472 603 602
f 472 599 598
f 472 474 438
f 472 474 434
f 472 599 598
f 472 596 595
f 472 590 432
f 472 594 595
f 472 470 441
f 472 596 595
f 472 590 591
f 472 590 591
f 472 432 431
f 472 590 431
f 472 590 432
f 472 594 595
f 472 470 471
f 472 470 441
f 508 618 617
f 508 618 617
f 508 510 507
f 508 618 507
f 508 618 510
f 508 617 507
f 508 617 510
f 508 509 510
f 508 406 506
f 508 613 612
f 508 613 509
f 508 509 583
f 508 506 583
f 508 364 509
f 508 364 506
f 508 611 612
f 508 611 509
f 508 509 581
f 508 506 581
f 508 364 509
f 508 364 506
f 508 611 507
f 508 611 509
f 508 603 509
f 508 506 603
f 508 579 509
f 508 506 579
f 508 509 363
f 508 506 363
f 508 608 509
f 508 579 509
f 508 506 579
f 508 509 361
f 508 506 361
f 508 509 578
f 508 506 578
f 508 509 361
f 508 506 361
f 508 576 509
f 508 506 576
f 508 509 360
f 508 506 360
f 508 576 509
f 508 506 576
f 508 509 358
f 508 506 358
f 508 509 575
f 508 506 575
f 508 509 358
f 508 506 358
f 508 509 572
f 508 506 572
f 508 509 357
f 508 506 357
f 508 509 570
f 508 506 570
f 508 509 566
f 508 506 566
f 508 569 509
f 508 569 506
f 508 509 566
f 508 506 566
f 508 569 509
f 508 569 506
f 609 674 610
f 609 608 610
f 609 608 674
f 609 676 674
f 609 676 90
f 609 677 676
f 609 90 455
f 609 456 455
f 609 456 610
f 609 460 610
f 609 461 460
f 609 461 462
f 609 462 610
f 609 465 610
f 609 465 464
f 609 608 464
f 609 465 610
f 609 472 470
f 609 472 470
f 609 472 474
f 609 472 474
f 609 474 475
f 609 474 608
f 609 475 610
f 609 608 475
f 609 479 610
f 609 479 608
f 609 479 480
f 609 479 608
f 609 480 481
f 609 608 480
f 609 482 481
f 609 482 608
f 609 482 483
f 609 482 608
f 609 484 483
f 609 484 608
f 609 484 610
f 609 484 608
f 609 487 608
f 609 486 610
f 609 487 486
f 609 487 486
f 609 494 610
f 609 608 494
f 609 610 495
f 609 608 495
f 609 497 610
f 609 608 497
f 609 499 500
f 609 499 608
f 609 501 500
f 609 608 501
f 609 502 501
f 609 608 502
f 609 502 610
f 609 608 502
f 609 504 610
f 609 608 504
f 609 506 507
f 609 506 608
f 609 508 507
f 609 508 608
f 609 508 608
f 606 605 674
f 606 603 605
f 606 603 608
f 606 603 608
f 606 676 674
f 606 605 674
f 606 605 676
f 606 677 605
f 606 608 581
f 606 603 605
f 606 603 581
f 606 605 578
f 606 608 578
f 606 605 455
f 606 677 455
f 606 677 605
f 606 456 605
f 606 605 575
f 606 608 575
f 606 456 605
f 606 605 575
f 606 605 460
f 606 575 520
f 606 608 520
f 606 608 575
f 606 605 515
f 606 608 515
f 606 461 605
f 606 605 513
f 606 608 513
f 606 461 605
f 606 605 464
f 606 509 605
f 606 608 509
f 606 508 509
f 606 472 605
f 606 508 506
f 606 508 506
f 606 480 605
f 606 479 480
f 606 480 605
f 606 605 504
f 606 482 605
f 606 482 483
f 606 605 501
f 606 502 501
f 606 484 483
f 606 499 605
f 606 484 605
f 606 487 605
f 606 605 497
f 606 605 495
f 606 605 494
f 601 603 600
f 601 674 600
f 601 603 674
f 601 603 602
f 601 674 600
f 601 602 674
f 601 508 509
f 601 509 510
f 601 603 509
f 601 508 603
f 601 676 600
f 601 602 676
f 601 508 506
f 601 508 506
f 601 677 676
f 601 602 677
f 601 510 578
f 601 677 600
f 601 602 677
f 601 504 600
f 601 603 581
f 601 603 581
f 601 603 504
f 601 603 602
f 601 679 600
f 601 602 679
f 601 501 600
f 601 602 501
f 601 579 578
f 601 579 581
f 601 579 581
f 601 599 679
f 601 499 501
f 601 499 602
f 601 602 679
f 601 599 679
f 601 602 464
f 601 599 464
f 601 602 460
f 601 599 460
f 601 602 681
f 601 599 681
f 601 497 600
f 601 602 497
f 601 472 599
f 601 602 460
f 601 599 460
f 601 602 681
f 601 599 681
f 601 600 495
f 601 602 495
f 601 472 602
f 601 599 600
f 601 472 599
f 601 602 455
f 601 599 455
f 601 602 454
f 601 599 454
f 601 494 600
f 601 602 494
f 601 480 600
f 601 602 480
f 601 480 481
f 601 602 480
f 601 482 481
f 601 482 602
f 601 482 483
f 601 482 602
f 601 484 483
f 601 484 602
f 601 484 600
f 601 484 602
f 604 605 674
f 604 603 674
f 604 603 605
f 604 605 674
f 604 603 674
f 604 605 676
f 604 603 676
f 604 677 605
f 604 603 677
f 604 677 605
f 604 605 679
f 604 602 677
f 604 603 602
f 604 602 679
f 604 605 679
f 604 602 679
f 604 605 454
f 604 602 454
f 604 602 455
f 604 456 455
f 604 456 605
f 604 456 605
f 604 605 460
f 604 602 460
f 604 461 605
f 604 602 461
f 604 461 605
f 604 602 461
f 604 605 464
f 604 602 464
f 604 472 603
f 604 472 605
f 604 472 603
f 604 480 605
f 604 603 480
f 604 480 605
f 604 603 480
f 604 482 605
f 604 482 603
f 604 482 483
f 604 482 603
f 604 484 483
f 604 484 603
f 604 484 605
f 604 484 603
f 604 487 605
f 604 487 603
f 604 605 494
f 604 603 494
f 604 605 495
f 604 603 495
f 604 605 497
f 604 603 497
f 604 499 605
f 604 499 603
f 604 605 501
f 604 603 501
f 604 603 605
f 614 90 674
f 614 613 90
f 614 674 615
f 614 613 674
f 614 456 90
f 614 613 456
f 614 615 673
f 614 613 673
f 614 456 615
f 614 613 456
f 614 616 615
f 614 460 615
f 614 613 460
f 614 616 577
f 614 613 577
f 614 461 460
f 614 613 461
f 614 575 616
f 614 613 575
f 614 616 529
f 614 613 529
f 614 531 616
f 614 613 531
f 614 461 462
f 614 613 461
f 614 575 616
f 614 613 575
f 614 528 616
f 614 613 528
f 614 531 616
f 614 613 531
f 614 462 464
f 614 613 462
f 614 616 573
f 614 613 573
f 614 528 616
f 614 613 528
f 614 616 532
f 614 613 532
f 614 465 464
f 614 613 465
f 614 616 568
f 614 613 568
f 614 616 526
f 614 613 526
f 614 616 534
f 614 613 534
f 614 465 615
f 614 613 465
f 614 616 568
f 614 613 568
f 614 525 616
f 614 613 525
f 614 535 616
f 614 613 535
f 614 616 565
f 614 613 565
f 614 525 616
f 614 613 525
f 614 535 616
f 614 613 535
f 614 561 616
f 614 523 616
f 614 613 523
f 614 616 536
f 614 613 536
f 614 470 471
f 614 470 613
f 614 561 560
f 614 561 560
f 614 523 616
f 614 613 523
f 614 616 538
f 614 613 538
f 614 472 471
f 614 472 613
f 614 560 559
f 614 560 616
f 614 616 522
f 614 613 522
f 614 616 539
f 614 613 539
f 614 472 473
f 614 472 613
f 614 559 552
f 614 613 552
f 614 558 616
f 614 520 616
f 614 613 520
f 614 616 539
f 614 474 473
f 614 474 613
f 614 558 559
f 614 558 616
f 614 520 616
f 614 613 520
f 614 539 540
f 614 613 540
f 614 613 539
f 614 616 542
f 614 613 542
f 614 474 475
f 614 474 613
f 614 616 548
f 614 613 548
f 614 616 519
f 614 613 519
f 614 616 543
f 614 613 543
f 614 475 476
f 614 613 475
f 614 616 547
f 614 613 547
f 614 616 518
f 614 613 518
f 614 616 543
f 614 613 543
f 614 476 615
f 614 613 476
f 614 616 547
f 614 613 547
f 614 616 516
f 614 613 516
f 614 616 546
f 614 613 546
f 614 478 615
f 614 613 478
f 614 616 516
f 614 613 516
f 614 479 478
f 614 479 613
f 614 616 515
f 614 613 515
f 614 479 480
f 614 479 613
f 614 513 616
f 614 613 513
f 614 480 481
f 614 613 480
f 614 482 481
f 614 482 613
f 614 510 616
f 614 613 510
f 614 482 483
f 614 482 613
f 614 509 510
f 614 613 509
f 614 484 483
f 614 484 613
f 614 508 509
f 614 508 613
f 614 484 615
f 614 484 613
f 614 507 616
f 614 508 507
f 614 508 613
f 614 486 615
f 614 613 486
f 614 506 507
f 614 506 613
f 614 487 486
f 614 487 613
f 614 504 615
f 614 613 504
f 614 502 615
f 614 613 502
f 614 613 502
f 614 494 615
f 614 613 494
f 614 502 500
f 614 502 501
f 614 613 501
f 614 615 495
f 614 613 495
f 614 499 500
f 614 499 613
f 614 497 615
f 614 613 497
f 347 708 574
f 347 501 574
f 347 708 710
f 347 708 710
f 347 348 572
f 347 708 572
f 347 708 348
f 347 348 501
f 347 501 574
f 347 348 574
f 347 348 501
f 347 711 710
f 347 711 710
f 347 419 346
f 347 501 419
f 347 501 419
f 347 417 346
f 347 417 348
f 347 711 713
f 347 711 713
f 347 417 416
f 347 417 416
f 347 203 713
f 347 416 414
f 347 416 348
f 347 203 204
f 347 713 348
f 347 413 414
f 347 413 348
f 347 351 204
f 347 203 351
f 347 203 351
f 347 413 412
f 347 413 412
f 347 351 350
f 347 351 348
f 347 411 412
f 347 411 412
f 347 411 410
f 347 411 348
f 347 361 360
f 347 361 360
f 347 361 362
f 347 348 362
f 347 361 362
f 347 359 350
f 347 360 359
f 347 360 359
f 347 363 362
f 347 363 348
f 347 364 365
f 347 364 363
f 347 364 363
f 585 587 673
f 585 584 673
f 585 584 587
f 585 587 676
f 585 584 676
f 585 587 676
f 585 584 676
f 585 584 684
f 585 686 684
f 585 686 587
f 585 686 587
f 585 587 693
f 585 696 693
f 585 584 696
f 585 696 587
f 585 339 584
f 585 584 426
f 585 584 426
f 585 428 427
f 585 584 427
f 585 494 428
f 585 584 495
f 585 584 497
f 585 499 584
f 585 584 501
f 585 584 587
f 699 697 134
f 699 588 335
f 699 336 588
f 699 697 134
f 699 334 335
f 491 492 428
f 491 492 426
f 491 492 425
f 491 490 425
f 491 492 425
f 491 490 423
f 491 492 423
f 491 490 422
f 491 492 422
f 491 490 421
f 491 492 421
f 491 490 421
f 491 492 421
f 491 596 492
f 491 490 419
f 491 492 419
f 491 417 490
f 491 417 492
f 491 599 492
f 491 417 415
f 491 417 415
f 491 599 492
f 491 415 490
f 491 415 492
f 491 601 492
f 491 413 490
f 491 413 492
f 491 601 492
f 491 413 412
f 491 413 492
f 491 492 603
f 491 604 492
f 491 604 492
f 491 606 492
f 491 609 608
f 491 609 492
f 491 609 490
f 491 609 492
f 491 507 490
f 491 492 507
f 491 492 507
f 491 611 490
f 491 492 611
f 491 625 490
f 491 492 625
f 491 611 612
f 491 492 611
f 491 624 625
f 491 492 624
f 491 613 612
f 491 492 613
f 491 624 490
f 491 492 624
f 491 614 613
f 491 614 492
f 491 622 490
f 491 492 622
f 491 614 490
f 491 614 492
f 491 622 490
f 491 492 622
f 491 490 616
f 491 492 616
f 491 620 490
f 491 492 620
f 491 617 490
f 491 492 617
f 491 620 490
f 491 492 620
f 491 618 617
f 491 492 618
f 491 618 490
f 491 492 618
f 597 592 600
f 597 596 592
f 597 598 600
f 597 592 587
f 597 596 592
f 597 598 674
f 597 596 674
f 597 598 583
f 597 584 587
f 597 596 584
f 597 598 674
f 597 596 674
f 597 584 583
f 597 596 584
f 597 506 598
f 597 598 676
f 597 596 676
f 597 677 598
f 597 596 677
f 597 598 504
f 597 596 504
f 597 677 598
f 597 596 677
f 597 598 501
f 597 596 501
f 597 598 679
f 597 596 679
f 597 499 598
f 597 499 596
f 597 598 679
f 597 596 679
f 597 598 681
f 597 596 681
f 597 598 497
f 597 596 497
f 597 598 681
f 597 596 681
f 597 598 495
f 597 596 495
f 597 598 683
f 597 596 683
f 597 598 494
f 597 596 494
f 597 598 683
f 597 596 683
f 597 596 687
f 597 491 492
f 597 491 596
f 597 232 687
f 597 232 596
f 597 598 233
f 597 232 233
f 597 232 596
f 597 598 233
f 597 232 233
f 597 598 454
f 597 596 454
f 597 598 460
f 597 596 460
f 597 484 598
f 597 484 596
f 597 598 460
f 597 596 460
f 597 484 483
f 597 484 596
f 597 598 464
f 597 596 464
f 597 482 483
f 597 482 596
f 597 472 598
f 597 472 596
f 597 482 598
f 597 482 596
f 597 472 598
f 597 472 596
f 597 598 481
f 597 596 481
f 593 592 681
f 593 594 681
f 593 594 592
f 593 592 681
f 593 594 681
f 593 592 683
f 593 594 683
f 593 592 684
f 593 594 684
f 593 592 684
f 593 594 684
f 593 686 592
f 593 594 686
f 593 686 592
f 593 594 686
f 593 592 687
f 593 594 687
f 593 689 592
f 593 594 689
f 593 690 689
f 593 690 594
f 593 690 591
f 593 690 592
f 593 690 691
f 593 227 691
f 593 690 229
f 593 690 594
f 593 227 228
f 593 228 326
f 593 327 227
f 593 229 228
f 593 327 227
f 593 326 325
f 593 591 328
f 593 327 328
f 593 327 591
f 593 327 591
f 593 229 324
f 593 594 229
f 593 591 326
f 593 451 325
f 593 324 451
f 593 591 432
f 593 432 451
f 593 594 454
f 593 454 432
f 593 591 454
f 593 594 460
f 593 591 460
f 593 594 460
f 593 591 460
f 593 460 464
f 593 594 464
f 593 472 591
f 593 472 594
f 593 472 591
f 593 472 594
f 593 483 591
f 593 484 483
f 593 482 483
f 593 482 594
f 593 482 594
f 593 484 594
f 593 484 591
f 593 484 594
f 593 592 591
f 593 592 494
f 593 594 494
f 593 592 495
f 593 594 495
f 593 592 497
f 593 594 497
f 593 499 594
f 321 210 326
f 321 369 367
f 321 449 446
f 321 376 374
f 321 382 383
f 212 236 237
f 212 237 167
f 212 708 215
f 212 708 215
f 212 708 341
f 212 167 165
f 212 152 153
f 217 324 214
f 217 218 324
f 217 214 326
f 217 218 326
f 217 327 214
f 217 218 327
f 217 327 328
f 217 216 214
f 217 218 327
f 217 329 328
f 217 329 216
f 217 214 153
f 217 218 153
f 217 216 152
f 217 218 152
f 217 218 329
f 217 232 214
f 217 232 218
f 217 216 152
f 217 218 152
f 217 218 331
f 217 218 233
f 217 232 233
f 217 232 218
f 217 216 150
f 217 218 150
f 217 329 216
f 217 331 329
f 217 218 331
f 217 148 216
f 217 148 218
f 217 333 216
f 217 218 333
f 217 148 146
f 217 148 218
f 217 334 333
f 217 334 218
f 217 146 216
f 217 218 146
f 217 334 216
f 217 334 218
f 217 144 216
f 217 218 144
f 217 336 216
f 217 336 218
f 217 144 216
f 217 218 144
f 217 216 141
f 217 218 141
f 217 339 338
f 217 216 141
f 217 218 141
f 217 216 139
f 217 218 139
f 217 216 139
f 217 218 139
f 217 216 137
f 217 218 137
f 219 313 312
f 219 313 218
f 219 311 312
f 219 311 218
f 219 220 324
f 219 218 324
f 219 311 218
f 219 220 326
f 219 218 326
f 219 234 218
f 219 311 234
f 219 311 234
f 219 327 220
f 219 218 327
f 219 234 220
f 219 234 218
f 219 327 328
f 219 218 327
f 219 232 220
f 219 232 218
f 219 329 328
f 219 218 329
f 219 331 329
f 219 218 331
f 219 152 220
f 219 218 152
f 219 331 332
f 219 218 331
f 219 152 220
f 219 218 152
f 219 333 332
f 219 218 333
f 219 220 150
f 219 218 150
f 219 334 333
f 219 334 218
f 219 148 220
f 219 148 218
f 219 334 220
f 219 334 218
f 219 148 146
f 219 148 218
f 219 336 220
f 219 336 218
f 219 146 220
f 219 218 146
f 219 144 220
f 219 218 144
f 219 144 220
f 219 218 144
f 219 699 220
f 219 141 220
f 219 218 141
f 219 220 137
f 219 218 137
f 219 141 220
f 219 218 141
f 219 139 220
f 219 218 139
f 219 139 220
f 219 218 139
f 231 232 312
f 231 313 312
f 231 313 232
f 231 313 221
f 231 221 220
f 231 232 221
f 231 219 232
f 231 219 220
f 231 152 220
f 231 152 220
f 231 232 152
f 231 232 218
f 231 219 218
f 231 219 232
f 231 152 150
f 231 232 152
f 231 321 595
f 231 321 232
f 231 150 230
f 231 232 150
f 231 687 595
f 231 596 687
f 231 232 596
f 231 596 595
f 231 232 596
f 231 148 230
f 231 148 232
f 231 232 94
f 231 148 146
f 231 148 232
f 231 687 230
f 231 94 687
f 231 232 94
f 231 146 145
f 231 232 146
f 231 134 230
f 231 232 134
f 231 144 145
f 231 232 144
f 231 134 230
f 231 232 134
f 231 144 142
f 231 232 144
f 231 137 230
f 231 232 137
f 231 141 142
f 231 232 141
f 231 139 137
f 231 232 139
f 231 141 140
f 231 232 141
f 231 139 140
f 231 232 139
f 208 309 310
f 208 209 309
f 208 311 310
f 208 209 311
f 208 309 308
f 208 209 309
f 208 311 312
f 208 209 311
f 208 307 308
f 208 209 307
f 208 209 307
f 208 313 312
f 208 209 313
f 208 329 335
f 208 209 329
f 208 336 335
f 208 336 209
f 208 342 209
f 208 209 157
f 208 209 157
f 208 209 161
f 208 209 153
f 208 711 209
f 208 708 710
f 208 209 708
f 208 161 164
f 208 209 161
f 208 209 153
f 208 167 164
f 208 209 167
f 208 209 150
f 208 209 141
f 208 209 140
f 208 711 140
f 208 711 209
f 208 167 205
f 208 209 167
f 208 209 146
f 208 209 141
f 208 205 171
f 208 209 171
f 208 209 205
f 208 209 146
f 208 209 145
f 337 338 419
f 337 336 419
f 337 417 338
f 337 417 336
f 337 338 419
f 337 336 419
f 337 417 416
f 337 417 336
f 337 338 422
f 337 336 422
f 337 416 338
f 337 336 416
f 337 338 422
f 337 336 422
f 337 413 338
f 337 413 336
f 337 338 423
f 337 336 423
f 337 413 412
f 337 413 336
f 337 585 336
f 337 411 412
f 337 411 336
f 337 584 338
f 337 585 584
f 337 585 584
f 337 411 338
f 337 411 336
f 337 219 336
f 337 219 336
f 337 406 336
f 337 217 218
f 337 217 336
f 337 364 338
f 337 364 336
f 337 217 338
f 337 217 336
f 337 364 363
f 337 364 336
f 337 338 216
f 337 336 216
f 337 363 338
f 337 336 363
f 337 338 215
f 337 336 215
f 337 361 338
f 337 336 361
f 337 336 361
f 337 342 361
f 337 342 361
f 337 209 338
f 337 336 209
f 337 336 360
f 337 342 360
f 337 208 342
f 337 208 209
f 337 208 336
f 337 336 358
f 337 342 358
f 337 342 336
f 337 342 336
f 337 208 336
f 337 208 342
f 340 341 419
f 340 339 419
f 340 417 341
f 340 417 339
f 340 341 419
f 340 339 419
f 340 417 416
f 340 417 339
f 340 341 422
f 340 339 422
f 340 416 341
f 340 339 416
f 340 339 422
f 340 413 341
f 340 413 339
f 340 422 423
f 340 341 422
f 340 339 582
f 340 413 412
f 340 413 339
f 340 582 423
f 340 582 341
f 340 339 582
f 340 411 412
f 340 411 339
f 340 411 341
f 340 411 339
f 340 585 339
f 340 341 215
f 340 339 216
f 340 339 215
f 340 342 341
f 340 342 339
f 340 342 210
f 340 342 339
f 93 95 90
f 93 95 94
f 93 90 455
f 93 95 270
f 93 454 455
f 93 94 454
f 93 609 90
f 93 270 94
f 93 95 271
f 93 95 270
f 93 677 94
f 93 609 677
f 93 609 677
f 93 270 272
f 93 272 271
f 93 270 272
f 93 272 454
f 93 272 454
f 93 268 454
f 93 268 94
f 93 268 94
f 93 677 90
f 93 677 94
f 93 679 90
f 93 679 94
f 93 679 94
f 201 167 164
f 201 263 252
f 201 715 718
f 201 348 715
f 201 271 274
f 112 245 110
f 112 110 246
f 112 248 110
f 112 249 248
f 112 249 250
f 112 111 250
f 112 111 250
f 112 111 270
f 112 111 251
f 112 111 268
f 112 111 253
f 112 111 268
f 112 111 253
f 112 111 266
f 112 111 254
f 112 111 266
f 112 111 255
f 112 111 264
f 112 111 258
f 112 263 111
f 112 111 259
f 112 263 111
f 112 111 259
f 112 111 261
f 437 438 301
f 437 434 438
f 437 438 301
f 437 434 438
f 437 438 299
f 437 434 475
f 437 298 438
f 437 298 438
f 437 474 438
f 437 474 438
f 437 291 290
f 433 301 302
f 433 434 301
f 433 434 301
f 433 303 302
f 433 434 303
f 433 304 303
f 433 305 304
f 433 438 304
f 433 434 438
f 433 472 434
f 433 472 432
f 433 441 305
f 433 472 467
f 433 472 432
f 433 479 432
f 433 479 434
f 433 434 475
f 433 472 475
f 433 444 467
f 433 444 432
f 433 479 480
f 433 479 434
f 433 474 434
f 433 472 474
f 433 472 474
f 433 307 308
f 433 307 432
f 433 446 432
f 433 446 444
f 433 446 444
f 433 480 481
f 433 434 480
f 433 309 308
f 433 309 432
f 433 309 432
f 433 482 481
f 433 482 434
f 433 482 434
f 306 305 244
f 306 305 307
f 306 242 244
f 306 242 307
f 306 305 245
f 306 242 307
f 306 305 245
f 306 245 242
f 306 305 246
f 306 242 308
f 306 245 242
f 306 245 246
f 306 449 305
f 306 449 308
f 306 449 446
f 306 446 305
f 306 446 305
f 306 449 305
f 306 449 446
f 306 446 444
f 306 305 444
f 306 307 308
f 306 444 308
f 306 433 307
f 306 433 305
f 306 433 307
f 306 433 305
f 306 307 432
f 306 305 432
f 306 307 430
f 306 305 430
f 306 307 429
f 306 305 429
f 306 307 429
f 306 305 429
f 306 307 428
f 306 305 428
f 306 307 426
f 306 305 426
f 306 307 425
f 306 305 425
f 306 307 425
f 306 305 425
f 306 307 423
f 306 305 423
f 306 307 422
f 306 305 422
f 306 307 421
f 306 305 421
f 306 307 421
f 306 305 421
f 306 307 419
f 306 305 419
f 306 307 419
f 306 305 419
f 306 417 307
f 306 417 305
f 306 417 416
f 306 417 305
f 306 415 416
f 306 415 305
f 306 415 307
f 306 415 305
f 306 413 307
f 306 413 305
f 306 413 305
f 443 298 299
f 443 298 299
f 443 299 442
f 443 299 444
f 443 298 297
f 443 298 444
f 443 301 442
f 443 301 444
f 443 301 444
f 443 294 295
f 443 441 294
f 443 294 444
f 443 291 292
f 443 441 468
f 443 291 290
f 443 468 467
f 443 444 467
f 443 444 466
f 443 441 440
f 443 291 290
f 443 291 441
f 443 466 468
f 443 444 466
f 443 466 463
f 443 466 468
f 443 440 468
f 443 448 463
f 443 440 448
f 443 284 286
f 443 284 445
f 293 447 448
f 293 294 448
f 293 294 447
f 293 446 294
f 293 447 292
f 293 446 447
f 293 446 294
f 293 443 292
f 293 443 294
f 293 443 441
f 293 441 294
f 293 443 291
f 293 443 291
f 293 291 441
f 293 437 291
f 293 294 435
f 293 415 435
f 293 415 291
f 293 415 294
f 293 294 421
f 293 415 421
f 293 415 294
f 293 415 291
f 293 413 294
f 293 413 291
f 293 413 294
f 293 413 291
f 293 294 392
f 293 259 258
f 293 294 258
f 293 294 259
f 293 259 260
f 293 294 260
f 293 294 259
f 293 259 292
f 293 291 292
f 293 253 252
f 293 294 253
f 293 294 253
f 293 290 252
f 293 290 392
f 293 294 392
f 293 259 261
f 293 290 261
f 293 291 290
f 293 290 392
f 293 294 390
f 293 250 252
f 293 294 250
f 293 294 367
f 293 290 390
f 293 294 389
f 293 250 297
f 293 294 250
f 293 204 297
f 293 297 198
f 293 294 297
f 293 290 367
f 293 294 367
f 293 290 390
f 293 389 390
f 293 294 389
f 293 203 204
f 293 297 199
f 293 290 371
f 293 294 371
f 293 290 387
f 293 294 387
f 293 290 372
f 293 294 372
f 293 290 385
f 293 294 385
f 293 290 372
f 293 294 372
f 293 290 385
f 293 294 385
f 293 290 374
f 293 294 374
f 293 290 384
f 293 290 374
f 293 294 374
f 293 290 380
f 293 383 384
f 293 294 383
f 293 294 383
f 293 294 380
f 293 290 378
f 293 294 378
f 293 290 380
f 293 294 380
f 293 290 378
f 293 294 378
f 224 225 144
f 224 146 221
f 224 225 146
f 224 225 146
f 224 225 144
f 224 225 141
f 224 225 141
f 224 225 139
f 224 225 139
f 224 225 137
f 224 225 134
f 224 225 134
f 224 332 697
f 224 331 332
f 224 225 331
f 224 225 331
f 224 225 329
f 224 225 329
f 224 225 327
f 224 225 327
f 224 225 326
f 224 221 324
f 224 225 324
f 224 321 225
f 408 324 410
f 408 410 326
f 408 327 410
f 408 327 328
f 408 329 328
f 408 329 330
f 408 331 330
f 408 331 332
f 408 333 332
f 408 334 333
f 408 334 335
f 408 502 501
f 408 336 335
f 408 337 336
f 408 337 338
f 408 339 338
f 408 340 339
f 408 340 341
f 408 345 344
f 408 345 344
f 408 345 410
f 408 345 365
f 408 347 410
f 408 347 365
f 408 364 365
f 408 347 364
f 408 347 348
f 408 347 364
f 408 349 348
f 408 349 364
f 408 349 350
f 408 349 364
f 408 364 363
f 408 364 363
f 408 362 350
f 408 363 362
f 408 363 362
f 404 402 301
f 404 402 299
f 404 402 301
f 404 298 402
f 404 402 304
f 404 298 402
f 404 402 295
f 404 294 402
f 404 331 329
f 404 508 509
f 404 331 332
f 404 502 402
f 404 502 402
f 296 449 298
f 296 449 295
f 296 449 298
f 296 295 260
f 296 449 295
f 296 298 447
f 296 260 257
f 296 295 257
f 296 298 257
f 296 298 297
f 296 295 447
f 296 446 298
f 296 446 298
f 296 299 257
f 296 298 299
f 296 298 299
f 296 260 257
f 296 295 257
f 296 295 260
f 296 257 255
f 296 295 254
f 296 446 295
f 296 254 255
f 296 297 254
f 296 297 253
f 296 295 253
f 296 295 297
f 296 446 297
f 296 446 295
f 296 444 297
f 296 295 444
f 296 443 444
f 296 443 295
f 296 443 297
f 296 441 297
f 296 443 441
f 296 443 441
f 296 441 440
f 296 441 295
f 296 295 435
f 400 510 507
f 400 508 510
f 400 508 509
f 400 327 365
f 394 293 290
f 394 293 294
f 394 294 295
f 394 295 297
f 394 298 297
f 394 393 517
f 394 298 299
f 394 516 514
f 394 393 516
f 394 513 393
f 394 299 393
f 394 516 515
f 394 393 515
f 394 393 516
f 394 301 393
f 394 301 303
f 394 304 303
f 394 305 304
f 394 305 307
f 394 307 308
f 394 309 308
f 394 309 393
f 394 311 393
f 394 311 312
f 394 313 312
f 44 131 132
f 44 45 132
f 44 45 131
f 44 45 131
f 44 131 51
f 44 51 52
f 44 659 660
f 44 51 659
f 44 661 660
f 44 51 661
f 44 51 658
f 44 661 662
f 44 51 661
f 44 663 662
f 44 51 663
f 44 663 664
f 44 51 663
f 44 665 664
f 44 51 665
f 44 665 666
f 44 51 665
f 44 667 666
f 44 51 667
f 44 45 51
f 44 667 668
f 44 45 667
f 44 669 668
f 44 45 669
f 44 669 670
f 44 45 669
f 44 670 671
f 44 45 671
f 44 45 670
f 78 79 41
f 78 77 41
f 78 79 102
f 78 77 102
f 78 77 677
f 78 79 102
f 78 77 102
f 78 79 41
f 78 677 41
f 78 677 79
f 78 677 79
f 78 77 677
f 78 105 79
f 78 77 105
f 78 79 676
f 78 77 676
f 78 77 105
f 78 79 674
f 78 77 674
f 78 105 106
f 78 105 79
f 78 77 108
f 78 79 674
f 78 77 674
f 78 108 106
f 78 79 673
f 78 77 673
f 78 79 106
f 78 108 106
f 78 79 80
f 78 108 109
f 78 77 109
f 78 77 108
f 78 79 667
f 78 80 663
f 78 77 663
f 78 79 665
f 78 77 665
f 78 667 668
f 78 77 668
f 78 77 667
f 78 79 667
f 78 77 667
f 78 80 663
f 78 77 663
f 78 79 665
f 78 77 665
f 78 80 661
f 78 77 661
f 78 77 80
f 68 119 69
f 68 65 658
f 68 65 658
f 68 65 656
f 68 65 659
f 68 69 659
f 68 65 661
f 68 69 661
f 68 65 661
f 68 69 661
f 68 65 663
f 68 67 65
f 68 69 663
f 68 69 663
f 68 67 663
f 68 69 665
f 68 67 665
f 68 69 665
f 68 67 665
f 68 69 667
f 68 67 667
f 68 69 667
f 68 67 667
f 68 69 669
f 68 67 669
f 68 69 669
f 68 67 669
f 68 69 670
f 68 67 670
f 68 67 69
f 120 266 124
f 120 119 266
f 120 119 266
f 120 124 264
f 120 119 264
f 120 263 124
f 120 119 263
f 120 263 124
f 120 119 263
f 120 124 261
f 120 119 261
f 120 119 259
f 120 119 259
f 120 119 258
f 120 119 254
f 120 119 253
f 120 119 253
f 120 119 251
f 120 119 250
f 120 119 249
f 120 249 248
f 120 119 249
f 120 248 118
f 120 246 133
f 120 118 246
f 120 118 246
f 120 69 118
f 120 119 69
f 120 119 124
f 120 68 67
f 120 68 119
f 120 68 67
f 120 68 119
f 126 130 261
f 126 125 261
f 126 125 130
f 126 259 130
f 126 125 259
f 126 125 259
f 126 125 258
f 126 125 130
f 126 125 254
f 126 125 63
f 126 125 253
f 126 125 62
f 126 125 253
f 126 125 250
f 126 62 133
f 126 125 62
f 126 125 249
f 126 125 133
f 126 125 249
f 126 125 248
f 74 72 110
f 74 109 110
f 74 109 110
f 74 75 41
f 74 72 41
f 74 108 109
f 74 108 109
f 74 676 75
f 74 72 676
f 74 111 110
f 74 112 111
f 74 112 111
f 74 108 107
f 74 108 75
f 74 676 75
f 74 72 676
f 74 105 107
f 74 105 75
f 74 674 75
f 74 72 674
f 74 104 75
f 74 105 104
f 74 105 104
f 74 674 75
f 74 72 674
f 74 75 673
f 74 72 673
f 74 669 668
f 74 75 668
f 74 667 75
f 74 667 75
f 74 665 75
f 74 665 75
f 115 70 117
f 115 72 70
f 115 70 117
f 115 117 245
f 115 117 245
f 115 117 248
f 115 117 246
f 115 249 117
f 115 249 117
f 115 117 251
f 115 117 250
f 115 251 116
f 115 253 116
f 115 253 116
f 115 116 254
f 469 620 468
f 469 470 468
f 469 470 620
f 469 620 619
f 469 470 620
f 469 618 619
f 469 470 618
f 469 618 617
f 469 470 618
f 469 617 616
f 469 470 617
f 469 470 616
f 469 616 615
f 469 616 468
f 469 614 470
f 469 614 615
f 469 468 467
f 469 614 613
f 469 614 470
f 469 472 467
f 469 472 470
f 469 441 468
f 469 470 441
f 469 470 441
f 469 613 612
f 469 470 613
f 469 611 612
f 469 470 611
f 469 604 605
f 469 604 602
f 469 604 472
f 469 604 472
f 469 611 610
f 469 470 611
f 469 606 605
f 469 601 602
f 469 601 472
f 469 601 472
f 469 606 472
f 469 609 610
f 469 609 470
f 469 609 608
f 469 609 470
f 488 620 490
f 488 487 490
f 488 487 620
f 488 620 490
f 488 487 620
f 488 618 490
f 488 487 618
f 488 618 617
f 488 487 618
f 488 617 490
f 488 487 617
f 488 487 616
f 488 614 487
f 488 614 487
f 488 487 613
f 488 487 611
f 488 487 611
f 488 609 487
f 488 609 487
f 488 606 487
f 488 604 487
f 488 604 487
f 488 487 603
f 488 487 602
f 488 601 602
f 488 601 600
f 488 599 600
f 488 599 598
f 488 597 598
f 488 597 596
f 488 596 595
f 488 594 595
f 488 593 594
f 488 593 591
f 488 590 591
f 488 487 485
f 488 487 429
f 488 487 429
f 488 487 428
f 488 487 426
f 488 487 425
f 488 487 425
f 488 487 422
f 488 490 421
f 488 487 421
f 488 490 421
f 488 487 421
f 488 415 490
f 488 415 487
f 488 415 487
f 353 569 566
f 353 569 504
f 353 504 350
f 353 416 350
f 353 416 414
f 353 413 414
f 353 413 412
f 353 716 715
f 353 411 412
f 353 716 563
f 353 716 561
f 353 195 194
f 353 720 194
f 353 197 196
f 343 413 412
f 343 413 412
f 343 411 412
f 343 411 412
f 343 413 341
f 343 413 344
f 343 411 341
f 343 411 344
f 343 416 341
f 343 416 344
f 343 416 344
f 343 408 341
f 343 408 342
f 343 408 344
f 343 342 209
f 343 208 342
f 343 364 344
f 343 364 342
f 343 708 341
f 343 708 344
f 343 708 210
f 343 209 210
f 343 209 708
f 343 208 708
f 343 208 209
f 343 364 363
f 343 364 342
f 343 363 344
f 343 342 363
f 343 579 341
f 343 579 344
f 343 579 344
f 343 344 310
f 343 342 310
f 343 361 344
f 343 342 361
f 343 311 344
f 343 342 311
f 343 361 344
f 343 342 361
f 343 311 344
f 343 342 311
f 343 344 360
f 343 342 360
f 343 313 344
f 343 342 313
f 343 344 358
f 343 342 358
f 343 313 351
f 343 344 358
f 343 342 358
f 343 355 351
f 343 355 342
f 343 344 357
f 343 342 357
f 343 355 344
f 343 355 342
f 288 437 286
f 288 443 286
f 288 443 286
f 288 286 448
f 288 286 287
f 288 447 448
f 288 450 287
f 288 449 450
f 288 286 387
f 288 286 385
f 288 286 385
f 288 286 384
f 288 286 380
f 288 286 380
f 288 286 378
f 288 286 378
f 288 286 374
f 288 286 374
f 288 286 372
f 288 286 372
f 288 286 371
f 288 286 367
f 288 286 367
f 288 270 264
f 288 266 287
f 288 266 286
f 288 263 270
f 288 193 194
f 288 193 192
f 288 286 192
f 288 286 193
f 288 266 270
f 288 263 270
f 288 194 198
f 288 193 194
f 288 286 193
f 288 286 270
f 288 266 270
f 288 266 286
f 288 270 252
f 288 252 261
f 288 194 198
f 288 270 271
f 288 286 270
f 288 204 252
f 288 204 271
f 288 293 199
f 288 199 198
f 288 293 252
f 288 293 204
f 288 203 204
f 288 293 203
f 288 286 271
f 288 203 271
f 607 608 674
f 607 606 674
f 607 606 608
f 607 606 676
f 607 609 676
f 607 609 608
f 607 606 677
f 607 609 677
f 607 609 677
f 607 606 677
f 607 609 456
f 607 606 456
f 607 609 456
f 607 606 456
f 607 609 460
f 607 606 460
f 607 609 461
f 607 606 461
f 607 609 461
f 607 606 461
f 607 461 462
f 607 609 462
f 607 609 608
f 607 608 464
f 607 606 464
f 607 469 608
f 607 469 606
f 607 469 606
f 607 472 474
f 607 472 470
f 607 469 470
f 607 469 472
f 607 474 608
f 607 472 474
f 607 608 475
f 607 472 475
f 607 606 472
f 607 479 608
f 607 606 479
f 607 479 608
f 607 606 479
f 607 608 480
f 607 606 480
f 607 482 608
f 607 606 482
f 607 482 608
f 607 606 482
f 607 484 608
f 607 606 484
f 607 484 608
f 607 606 484
f 607 487 608
f 607 606 487
f 607 488 487
f 607 488 606
f 607 491 492
f 607 491 606
f 607 608 494
f 607 606 494
f 607 608 495
f 607 606 495
f 607 608 497
f 607 606 497
f 607 499 608
f 607 608 501
f 607 499 501
f 607 606 499
f 607 608 502
f 607 606 502
f 607 608 502
f 607 606 502
f 607 608 504
f 607 606 504
f 607 506 608
f 607 606 506
f 607 508 608
f 607 606 508
f 607 508 608
f 607 606 608
f 607 606 508
f 512 606 608
f 512 608 610
f 512 608 513
f 512 606 605
f 512 608 510
f 512 606 608
f 512 611 610
f 512 611 513
f 512 603 605
f 512 606 605
f 512 611 612
f 512 611 612
f 512 603 605
f 512 613 612
f 512 613 612
f 512 601 603
f 512 614 613
f 512 614 613
f 512 601 510
f 512 603 513
f 512 601 603
f 512 614 616
f 512 614 513
f 512 513 578
f 512 510 578
f 512 617 616
f 512 364 513
f 512 364 510
f 512 575 513
f 512 510 575
f 512 618 617
f 512 513 616
f 512 617 616
f 512 364 363
f 512 513 365
f 512 575 574
f 512 510 575
f 512 618 617
f 512 618 619
f 512 618 619
f 512 363 510
f 512 364 513
f 512 364 363
f 512 574 513
f 512 510 574
f 512 620 619
f 512 620 619
f 512 558 513
f 512 510 558
f 512 572 513
f 512 510 572
f 512 621 514
f 512 620 621
f 512 620 621
f 512 558 513
f 512 510 558
f 512 572 513
f 512 510 572
f 512 560 513
f 512 510 560
f 512 570 513
f 512 510 570
f 512 561 560
f 512 561 510
f 512 569 570
f 512 569 510
f 512 561 513
f 512 561 510
f 512 569 510
f 512 564 513
f 512 510 564
f 512 566 567
f 512 566 510
f 512 567 513
f 512 569 513
f 512 569 567
f 512 566 564
f 512 566 510
f 586 696 587
f 586 585 696
f 586 588 587
f 586 699 588
f 586 699 336
f 586 337 585
f 586 337 699
f 586 337 585
f 586 337 699
f 586 336 588
f 586 585 339
f 586 334 588
f 586 336 335
f 586 585 336
f 586 334 588
f 586 334 335
f 586 335 426
f 586 585 426
f 586 588 333
f 586 334 333
f 586 335 426
f 586 585 426
f 586 334 428
f 586 585 428
f 586 429 428
f 586 588 428
f 586 585 494
f 586 585 494
f 586 588 494
f 586 585 495
f 586 588 495
f 586 585 497
f 586 588 497
f 586 588 587
f 586 499 587
f 586 585 499
f 586 587 501
f 586 585 501
f 586 585 587
f 698 699 585
f 698 585 584
f 698 586 699
f 698 586 699
f 698 586 696
f 698 586 585
f 698 696 697
f 698 699 697
f 698 584 696
f 698 725 724
f 698 696 725
f 698 696 725
f 698 722 696
f 698 581 583
f 698 722 696
f 698 583 673
f 698 720 696
f 698 684 673
f 698 684 583
f 698 696 684
f 698 720 696
f 698 696 684
f 698 696 718
f 698 696 718
f 698 716 696
f 698 716 712
f 698 716 696
f 317 221 227
f 317 369 370
f 317 376 374
f 317 234 235
f 213 313 312
f 213 212 313
f 213 311 312
f 213 212 311
f 213 311 214
f 213 212 311
f 213 309 214
f 213 212 309
f 213 324 214
f 213 212 324
f 213 309 308
f 213 212 309
f 213 214 326
f 213 212 326
f 213 307 308
f 213 212 307
f 213 327 214
f 213 212 327
f 213 304 307
f 213 212 304
f 213 327 328
f 213 212 327
f 213 304 214
f 213 329 328
f 213 212 329
f 213 240 214
f 213 212 240
f 213 304 303
f 213 212 303
f 213 212 304
f 213 329 332
f 213 239 240
f 213 212 239
f 213 333 332
f 213 333 329
f 213 212 333
f 213 239 214
f 213 212 239
f 213 334 333
f 213 212 334
f 213 237 214
f 213 212 237
f 213 334 335
f 213 212 334
f 213 236 237
f 213 212 236
f 213 336 335
f 213 212 336
f 213 236 214
f 213 337 336
f 213 337 212
f 213 161 214
f 213 212 161
f 213 236 165
f 213 212 165
f 213 337 338
f 213 337 212
f 213 161 214
f 213 212 161
f 213 236 167
f 213 212 167
f 213 212 236
f 213 339 338
f 213 212 339
f 213 214 157
f 213 212 157
f 213 340 339
f 213 340 212
f 213 214 157
f 213 212 157
f 213 340 215
f 213 214 153
f 213 212 153
f 213 215 214
f 213 340 341
f 213 340 212
f 213 152 214
f 213 212 152
f 213 144 214
f 213 212 144
f 213 141 215
f 213 212 141
f 213 341 215
f 213 212 215
f 213 212 341
f 213 152 214
f 213 212 152
f 213 144 145
f 213 212 144
f 213 141 140
f 213 212 141
f 213 214 150
f 213 212 150
f 213 146 145
f 213 212 146
f 213 140 215
f 213 212 215
f 213 212 140
f 213 148 214
f 213 212 148
f 213 148 146
f 213 212 148
f 314 209 210
f 314 209 313
f 314 213 212
f 314 213 212
f 314 208 209
f 314 208 209
f 314 213 315
f 314 213 313
f 314 208 315
f 314 208 313
f 314 218 315
f 314 313 218
f 314 329 315
f 314 219 218
f 314 219 313
f 314 342 329
f 314 342 313
f 314 342 329
f 314 219 315
f 314 219 313
f 314 342 351
f 314 221 315
f 314 313 221
f 314 351 315
f 314 313 351
f 314 343 313
f 314 343 342
f 314 343 342
f 314 313 221
f 314 315 367
f 314 313 367
f 314 229 315
f 314 221 229
f 314 221 229
f 314 231 315
f 314 231 313
f 314 315 367
f 314 313 367
f 314 231 232
f 314 231 313
f 314 315 370
f 314 313 370
f 314 232 315
f 314 313 232
f 314 315 370
f 314 313 370
f 314 234 315
f 314 313 234
f 314 315 372
f 314 313 372
f 314 234 315
f 314 313 234
f 314 315 372
f 314 313 372
f 314 236 315
f 314 313 236
f 314 315 374
f 314 313 374
f 314 236 237
f 314 313 236
f 314 315 374
f 314 313 374
f 314 237 315
f 314 376 315
f 314 313 376
f 314 449 315
f 314 449 313
f 314 237 238
f 314 313 238
f 314 313 237
f 314 376 377
f 314 313 376
f 314 449 446
f 314 449 446
f 314 377 315
f 314 313 377
f 314 446 315
f 314 446 313
f 314 315 378
f 314 313 378
f 314 315 432
f 314 313 432
f 314 315 380
f 314 313 380
f 314 315 429
f 314 313 429
f 314 315 380
f 314 313 380
f 314 315 429
f 314 313 429
f 314 315 382
f 314 313 382
f 314 315 428
f 314 313 428
f 314 315 382
f 314 313 382
f 314 315 426
f 314 313 426
f 314 315 383
f 314 313 383
f 314 315 426
f 314 313 426
f 314 315 385
f 314 313 385
f 314 315 423
f 314 313 423
f 314 315 385
f 314 313 385
f 314 315 422
f 314 313 422
f 314 315 388
f 314 313 388
f 314 315 421
f 314 313 421
f 314 315 389
f 314 313 389
f 314 315 421
f 314 313 421
f 314 315 389
f 314 313 389
f 314 315 419
f 314 313 419
f 314 315 390
f 314 313 390
f 314 315 419
f 314 313 419
f 314 392 315
f 314 313 392
f 314 417 315
f 314 417 313
f 314 392 315
f 314 313 392
f 314 417 416
f 314 417 313
f 314 415 416
f 314 415 313
f 314 415 315
f 314 415 313
f 314 413 315
f 314 413 313
f 314 413 412
f 314 413 313
f 314 411 412
f 314 411 313
f 314 411 315
f 314 411 313
f 320 321 210
f 320 213 212
f 320 213 212
f 320 327 210
f 320 319 327
f 320 321 327
f 320 213 319
f 320 213 321
f 320 319 327
f 320 321 327
f 320 217 319
f 320 217 321
f 320 319 329
f 320 321 329
f 320 217 319
f 320 217 321
f 320 319 351
f 320 321 351
f 320 219 319
f 320 219 321
f 320 319 351
f 320 321 351
f 320 219 319
f 320 219 321
f 320 319 367
f 320 321 367
f 320 319 221
f 320 321 221
f 320 319 367
f 320 321 367
f 320 225 319
f 320 321 225
f 320 319 369
f 320 321 369
f 320 225 319
f 320 321 225
f 320 319 369
f 320 321 369
f 320 319 227
f 320 321 227
f 320 319 370
f 320 321 370
f 320 319 227
f 320 321 227
f 320 319 372
f 320 321 372
f 320 319 229
f 320 321 229
f 320 319 372
f 320 321 372
f 320 319 229
f 320 321 229
f 320 319 374
f 320 321 374
f 320 231 319
f 320 231 321
f 320 319 376
f 320 321 376
f 320 231 319
f 320 231 321
f 320 319 376
f 320 321 376
f 320 319 232
f 320 321 232
f 320 319 377
f 320 321 377
f 320 449 319
f 320 321 449
f 320 319 378
f 320 449 446
f 320 321 449
f 320 382 378
f 320 321 382
f 320 319 382
f 320 446 319
f 320 321 446
f 320 319 382
f 320 321 382
f 320 319 432
f 320 321 432
f 320 321 383
f 320 319 429
f 320 321 429
f 320 383 384
f 320 319 384
f 320 319 383
f 320 319 389
f 320 321 389
f 320 319 429
f 320 321 429
f 320 319 389
f 320 321 389
f 320 319 428
f 320 321 428
f 320 319 390
f 320 321 390
f 320 319 426
f 320 321 426
f 320 319 426
f 320 321 426
f 320 319 423
f 320 321 423
f 320 319 422
f 320 321 422
f 320 319 422
f 320 321 422
f 320 319 419
f 320 321 419
f 320 319 419
f 320 321 419
f 320 417 319
f 320 321 417
f 320 417 319
f 320 321 417
f 320 415 319
f 320 408 321
f 320 415 416
f 320 321 416
f 320 415 319
f 320 411 319
f 320 321 411
f 320 413 319
f 320 321 413
f 320 411 319
f 320 321 411
f 320 413 319
f 320 321 413
f 322 210 324
f 322 321 210
f 322 213 212
f 322 321 326
f 322 213 321
f 322 321 327
f 322 217 321
f 322 321 327
f 322 217 321
f 322 321 329
f 322 219 321
f 322 321 351
f 322 219 321
f 322 321 351
f 322 321 221
f 322 321 367
f 322 224 321
f 322 321 369
f 322 224 321
f 322 321 369
f 322 321 225
f 322 321 370
f 322 321 227
f 322 321 372
f 322 321 227
f 322 321 372
f 322 321 229
f 322 321 376
f 322 321 229
f 322 321 376
f 322 594 595
f 322 321 382
f 322 377 382
f 322 321 382
f 322 321 377
f 322 231 595
f 322 231 321
f 322 231 321
f 322 594 595
f 322 321 595
f 322 321 449
f 322 321 389
f 322 321 449
f 322 321 389
f 322 321 432
f 322 429 428
f 322 321 429
f 322 321 429
f 322 321 428
f 322 321 426
f 322 321 426
f 322 321 423
f 322 321 422
f 322 321 422
f 322 321 419
f 322 321 419
f 322 321 417
f 322 408 321
f 322 321 417
f 322 321 411
f 322 321 416
f 322 321 411
f 322 321 413
f 322 321 413
f 700 699 585
f 700 698 584
f 700 698 699
f 700 582 581
f 700 698 581
f 700 698 581
f 700 698 699
f 700 698 684
f 700 698 722
f 700 698 720
f 700 686 684
f 700 698 684
f 700 722 724
f 700 698 724
f 700 698 722
f 700 698 720
f 700 698 712
f 700 698 718
f 700 698 716
f 700 698 718
f 700 698 716
f 200 180 178
f 200 201 180
f 200 178 199
f 200 201 178
f 200 180 182
f 200 201 180
f 200 199 176
f 200 201 176
f 200 184 182
f 200 201 184
f 200 199 164
f 200 201 164
f 200 184 199
f 200 201 184
f 200 161 199
f 200 201 161
f 200 199 198
f 200 201 198
f 200 161 199
f 200 201 161
f 200 199 198
f 200 201 198
f 200 199 157
f 200 201 157
f 200 244 199
f 200 201 244
f 200 199 157
f 200 201 157
f 200 244 199
f 200 201 244
f 200 201 153
f 200 250 199
f 200 201 250
f 200 197 153
f 200 197 199
f 200 201 153
f 200 250 199
f 200 201 250
f 200 197 153
f 200 199 252
f 200 201 252
f 200 197 146
f 200 201 146
f 200 263 199
f 200 201 263
f 200 197 146
f 200 201 146
f 200 197 718
f 200 197 718
f 200 201 718
f 200 263 264
f 200 197 145
f 200 201 145
f 200 197 715
f 200 197 715
f 200 715 718
f 200 201 715
f 200 270 264
f 200 263 270
f 200 201 263
f 200 349 715
f 200 270 271
f 200 201 270
f 200 349 199
f 200 349 348
f 200 201 348
f 200 201 349
f 200 271 199
f 200 201 271
f 200 351 199
f 200 349 351
f 200 201 349
f 200 199 274
f 200 201 274
f 200 288 199
f 200 288 201
f 200 353 199
f 200 288 293
f 200 288 293
f 200 201 303
f 200 293 297
f 200 293 201
f 200 299 303
f 200 201 299
f 200 298 297
f 200 201 298
f 200 298 199
f 200 298 299
f 200 201 298
f 202 203 180
f 202 201 180
f 202 203 178
f 202 201 178
f 202 203 180
f 202 201 180
f 202 203 176
f 202 201 184
f 202 176 171
f 202 201 176
f 202 203 171
f 202 184 182
f 202 203 182
f 202 201 184
f 202 203 167
f 202 201 167
f 202 184 185
f 202 203 185
f 202 203 198
f 202 201 198
f 202 203 167
f 202 201 167
f 202 203 198
f 202 201 198
f 202 203 161
f 202 201 161
f 202 203 244
f 202 201 244
f 202 203 161
f 202 201 161
f 202 203 244
f 202 201 244
f 202 203 157
f 202 201 157
f 202 203 250
f 202 201 250
f 202 203 157
f 202 201 157
f 202 203 250
f 202 201 250
f 202 203 153
f 202 201 153
f 202 203 270
f 202 203 153
f 202 201 153
f 202 263 270
f 202 201 263
f 202 201 263
f 202 203 270
f 202 201 270
f 202 203 146
f 202 201 146
f 202 203 271
f 202 201 271
f 202 203 146
f 202 201 146
f 202 288 203
f 202 288 201
f 202 203 145
f 202 201 145
f 202 288 293
f 202 288 293
f 202 203 715
f 202 201 715
f 202 293 203
f 202 293 201
f 202 203 715
f 202 201 715
f 202 298 203
f 202 201 298
f 202 298 203
f 202 201 298
f 202 203 713
f 202 347 713
f 202 347 203
f 202 347 348
f 202 201 348
f 202 347 203
f 202 203 299
f 202 201 299
f 202 201 349
f 202 203 307
f 202 203 351
f 202 349 351
f 202 201 349
f 202 307 303
f 202 201 303
f 202 203 307
f 202 203 351
f 439 437 438
f 439 298 440
f 439 298 438
f 439 296 440
f 439 296 437
f 439 437 473
f 439 437 438
f 439 298 299
f 439 298 438
f 439 296 295
f 439 296 437
f 439 472 438
f 439 299 440
f 439 438 299
f 439 294 295
f 439 437 294
f 439 471 473
f 439 472 471
f 439 472 471
f 439 472 441
f 439 301 440
f 439 438 301
f 439 293 294
f 439 293 437
f 439 293 437
f 439 433 472
f 439 301 440
f 439 438 301
f 439 438 303
f 439 441 303
f 439 441 440
f 439 438 304
f 439 441 304
f 439 433 438
f 439 472 441
f 439 433 441
f 439 433 472
f 439 441 305
f 439 433 305
f 439 433 441
f 223 144 221
f 223 224 221
f 223 224 144
f 223 144 221
f 223 224 144
f 223 224 141
f 223 224 141
f 223 224 139
f 223 224 139
f 223 224 137
f 223 224 134
f 223 224 134
f 223 224 697
f 223 333 332
f 223 224 332
f 223 224 331
f 223 224 331
f 223 224 329
f 223 329 221
f 223 224 329
f 223 327 221
f 223 224 327
f 223 327 221
f 223 224 327
f 223 221 326
f 223 224 326
f 223 224 221
f 409 408 301
f 409 411 301
f 409 408 299
f 409 408 301
f 409 411 299
f 409 411 303
f 409 411 301
f 409 408 298
f 409 304 303
f 409 408 304
f 409 411 298
f 409 408 298
f 409 305 304
f 409 408 305
f 409 411 298
f 409 408 295
f 409 305 307
f 409 408 305
f 409 411 295
f 409 408 294
f 409 307 308
f 409 408 307
f 409 309 308
f 409 408 309
f 409 294 412
f 409 411 412
f 409 408 293
f 409 309 410
f 409 408 309
f 409 293 294
f 409 411 495
f 409 408 495
f 409 411 494
f 409 408 494
f 409 408 293
f 409 311 410
f 409 408 311
f 409 293 291
f 409 411 497
f 409 408 497
f 409 408 291
f 409 311 312
f 409 408 311
f 409 291 412
f 409 411 412
f 409 408 491
f 409 313 312
f 409 408 313
f 409 411 500
f 409 411 499
f 409 408 499
f 409 491 492
f 409 408 491
f 409 314 313
f 409 314 408
f 409 501 500
f 409 408 501
f 409 491 412
f 409 408 487
f 409 413 412
f 409 487 412
f 409 408 486
f 409 408 487
f 409 314 315
f 409 314 408
f 409 502 501
f 409 408 502
f 409 487 412
f 409 413 486
f 409 413 412
f 409 408 482
f 409 502 410
f 409 408 502
f 409 413 482
f 409 482 435
f 409 408 482
f 409 413 482
f 409 504 410
f 409 408 504
f 409 408 504
f 409 480 435
f 409 408 480
f 409 320 319
f 409 320 408
f 409 320 408
f 407 406 301
f 407 408 301
f 407 406 299
f 407 408 299
f 407 406 301
f 407 408 301
f 407 406 298
f 407 408 298
f 407 406 304
f 407 408 304
f 407 406 298
f 407 408 298
f 407 406 305
f 407 408 305
f 407 406 295
f 407 408 295
f 407 406 305
f 407 408 305
f 407 406 294
f 407 408 294
f 407 406 307
f 407 408 307
f 407 293 406
f 407 408 293
f 407 406 309
f 407 408 309
f 407 293 291
f 407 408 293
f 407 406 309
f 407 408 309
f 407 291 406
f 407 408 291
f 407 406 311
f 407 408 311
f 407 406 311
f 407 408 311
f 407 406 313
f 407 408 313
f 407 314 406
f 407 314 408
f 407 408 480
f 407 314 406
f 407 314 408
f 407 482 406
f 407 408 482
f 407 482 406
f 407 408 482
f 407 406 486
f 407 408 486
f 407 320 406
f 407 320 408
f 407 487 406
f 407 408 487
f 407 320 321
f 407 320 408
f 407 487 406
f 407 408 487
f 407 322 321
f 407 322 408
f 407 491 406
f 407 408 491
f 407 491 406
f 407 408 491
f 407 406 324
f 407 408 324
f 407 406 326
f 407 408 326
f 407 406 494
f 407 408 494
f 407 406 327
f 407 408 327
f 407 406 495
f 407 408 495
f 407 406 327
f 407 408 327
f 407 406 497
f 407 408 497
f 407 406 329
f 407 408 329
f 407 408 329
f 407 406 499
f 407 408 499
f 407 331 329
f 407 406 331
f 407 408 331
f 407 406 502
f 407 408 502
f 407 406 331
f 407 408 331
f 407 406 502
f 407 408 502
f 407 406 333
f 407 408 333
f 407 406 504
f 407 408 504
f 407 334 406
f 407 408 334
f 407 334 406
f 407 408 334
f 407 406 506
f 407 408 506
f 407 406 336
f 407 408 336
f 407 337 406
f 407 408 337
f 407 340 339
f 407 340 341
f 407 408 340
f 407 408 340
f 407 408 337
f 407 339 338
f 407 342 341
f 407 408 342
f 407 408 339
f 407 337 338
f 407 337 406
f 407 343 342
f 407 343 408
f 407 408 344
f 407 343 344
f 407 343 408
f 405 406 301
f 405 404 301
f 405 406 299
f 405 404 299
f 405 406 301
f 405 404 301
f 405 406 298
f 405 404 298
f 405 406 304
f 405 404 304
f 405 406 298
f 405 404 298
f 405 406 305
f 405 404 305
f 405 406 295
f 405 404 295
f 405 406 305
f 405 404 305
f 405 406 294
f 405 404 294
f 405 406 307
f 405 404 307
f 405 293 406
f 405 406 309
f 405 404 309
f 405 293 294
f 405 404 294
f 405 293 291
f 405 406 309
f 405 404 309
f 405 293 291
f 405 291 406
f 405 406 311
f 405 404 311
f 405 291 290
f 405 406 311
f 405 404 311
f 405 406 313
f 405 404 313
f 405 402 494
f 405 406 494
f 405 314 406
f 405 314 404
f 405 491 492
f 405 491 406
f 405 402 495
f 405 406 495
f 405 314 406
f 405 314 404
f 405 491 402
f 405 491 406
f 405 402 497
f 405 406 497
f 405 486 402
f 405 406 486
f 405 499 402
f 405 404 402
f 405 406 499
f 405 320 406
f 405 320 404
f 405 406 502
f 405 404 502
f 405 320 321
f 405 320 404
f 405 406 502
f 405 404 502
f 405 322 321
f 405 322 404
f 405 508 406
f 405 406 324
f 405 404 324
f 405 508 506
f 405 404 506
f 405 404 508
f 405 508 406
f 405 404 508
f 405 406 326
f 405 404 326
f 405 406 327
f 405 404 327
f 405 334 333
f 405 334 406
f 405 334 406
f 405 333 332
f 405 404 332
f 405 406 333
f 405 406 327
f 405 404 327
f 405 406 331
f 405 404 331
f 405 406 329
f 405 404 329
f 405 406 331
f 405 404 331
f 403 305 402
f 403 404 402
f 403 404 305
f 403 305 402
f 403 404 305
f 403 402 307
f 403 404 307
f 403 402 309
f 403 404 309
f 403 402 309
f 403 404 309
f 403 311 402
f 403 404 311
f 403 311 402
f 403 404 311
f 403 313 402
f 403 404 313
f 403 314 313
f 403 314 404
f 403 314 402
f 403 314 404
f 403 320 404
f 403 320 404
f 403 322 404
f 403 404 324
f 403 404 326
f 403 404 327
f 403 400 327
f 403 404 327
f 403 400 327
f 403 327 328
f 403 400 509
f 403 329 328
f 403 404 329
f 403 404 329
f 403 404 509
f 403 508 509
f 403 404 508
f 403 508 402
f 403 404 508
f 403 506 402
f 403 404 506
f 403 404 506
f 395 394 307
f 395 394 309
f 395 394 309
f 395 394 311
f 395 394 311
f 395 394 313
f 395 394 313
f 395 314 313
f 395 314 315
f 395 317 392
f 395 319 392
f 395 320 319
f 395 320 321
f 395 321 390
f 395 322 321
f 395 324 365
f 395 392 513
f 395 324 365
f 395 322 389
f 395 512 510
f 395 394 513
f 395 512 365
f 395 392 513
f 395 322 389
f 395 394 513
f 395 513 390
f 395 513 389
f 395 513 389
f 395 512 513
f 121 124 259
f 121 120 259
f 121 120 124
f 121 120 259
f 121 120 258
f 121 120 254
f 121 120 253
f 121 120 253
f 121 120 251
f 121 120 250
f 121 120 249
f 121 120 249
f 121 120 248
f 121 120 133
f 121 67 69
f 121 120 69
f 121 120 67
f 121 67 65
f 121 120 67
f 127 259 130
f 127 126 259
f 127 126 259
f 127 130 258
f 127 126 258
f 127 128 130
f 127 128 254
f 127 126 254
f 127 126 130
f 127 128 253
f 127 126 253
f 127 63 130
f 127 63 128
f 127 126 63
f 127 128 253
f 127 126 253
f 127 126 62
f 127 250 128
f 127 126 250
f 127 63 128
f 127 62 63
f 127 126 62
f 127 249 250
f 127 126 249
f 127 128 60
f 127 62 60
f 127 128 133
f 127 126 133
f 127 249 248
f 127 126 249
f 127 128 133
f 127 248 128
f 127 126 248
f 127 133 247
f 127 126 133
f 127 128 247
f 73 74 112
f 73 112 111
f 73 112 111
f 73 111 76
f 73 111 76
f 73 655 76
f 73 655 76
f 73 658 75
f 73 76 75
f 73 76 656
f 73 658 75
f 73 75 659
f 73 75 661
f 73 75 661
f 73 75 663
f 73 75 663
f 73 74 75
f 73 74 665
f 73 72 665
f 73 74 665
f 73 72 667
f 73 74 667
f 73 72 667
f 73 74 667
f 73 72 669
f 73 74 669
f 73 72 669
f 73 74 669
f 73 74 72
f 114 72 110
f 114 115 72
f 114 245 244
f 114 115 245
f 114 115 72
f 114 73 72
f 114 115 245
f 114 115 246
f 114 263 116
f 114 116 261
f 114 115 248
f 114 263 264
f 114 259 116
f 114 115 249
f 114 264 116
f 114 259 116
f 114 115 249
f 114 266 116
f 114 116 258
f 114 115 116
f 114 115 250
f 114 115 251
f 114 254 255
f 114 115 254
f 114 115 253
f 114 115 253
f 71 115 70
f 71 115 72
f 71 115 72
f 71 73 72
f 71 70 69
f 71 68 69
f 71 73 661
f 71 69 661
f 71 69 659
f 71 73 659
f 71 73 661
f 71 68 658
f 71 68 69
f 71 73 658
f 71 68 658
f 71 73 658
f 71 69 661
f 71 73 663
f 71 68 656
f 71 73 656
f 71 69 663
f 71 73 663
f 71 69 663
f 71 73 665
f 71 73 72
f 71 69 665
f 71 70 69
f 71 70 665
f 71 72 665
f 71 70 667
f 71 72 667
f 71 70 667
f 71 72 667
f 71 70 669
f 71 72 669
f 71 70 669
f 71 669 670
f 71 72 669
f 71 70 670
f 71 72 70
f 489 490 616
f 489 488 616
f 489 488 490
f 489 614 490
f 489 488 614
f 489 614 613
f 489 488 614
f 489 613 612
f 489 488 613
f 489 611 612
f 489 488 611
f 489 611 490
f 489 488 611
f 489 609 490
f 489 488 609
f 489 609 608
f 489 488 609
f 489 607 488
f 489 491 608
f 489 607 491
f 489 607 488
f 489 607 491
f 489 488 606
f 489 491 606
f 489 488 604
f 489 491 604
f 489 488 604
f 489 491 604
f 489 488 603
f 489 491 603
f 489 488 601
f 489 491 601
f 489 488 601
f 489 491 601
f 489 488 599
f 489 491 599
f 489 488 599
f 489 491 599
f 489 597 491
f 489 488 597
f 489 491 428
f 489 488 428
f 489 488 429
f 489 597 491
f 489 488 597
f 489 491 426
f 489 488 426
f 489 491 492
f 489 488 429
f 489 491 596
f 489 488 596
f 489 491 425
f 489 491 490
f 489 488 425
f 489 586 429
f 489 586 492
f 489 488 594
f 489 490 425
f 489 586 429
f 489 586 588
f 489 594 492
f 489 491 492
f 489 488 593
f 489 425 423
f 489 488 425
f 489 490 423
f 489 586 492
f 489 588 485
f 489 488 485
f 489 593 594
f 489 488 593
f 489 490 422
f 489 488 422
f 489 488 490
f 489 590 492
f 489 590 588
f 489 488 590
f 489 488 590
f 489 593 492
f 489 590 492
f 354 353 566
f 354 355 504
f 354 353 504
f 354 355 566
f 354 353 566
f 354 355 416
f 354 353 416
f 354 355 564
f 354 353 564
f 354 355 416
f 354 353 416
f 354 355 561
f 354 413 355
f 354 353 413
f 354 561 563
f 354 353 563
f 354 353 561
f 354 413 355
f 354 353 413
f 354 561 560
f 354 355 561
f 354 716 561
f 354 353 716
f 354 353 716
f 354 353 718
f 354 411 355
f 354 353 411
f 354 560 718
f 354 355 560
f 354 355 718
f 354 353 718
f 354 411 355
f 354 355 720
f 354 353 720
f 354 355 350
f 354 411 350
f 354 353 411
f 354 355 351
f 354 353 351
f 354 720 193
f 354 355 193
f 354 355 720
f 354 720 193
f 354 353 720
f 354 355 193
f 354 355 342
f 354 353 342
f 354 355 195
f 354 353 195
f 354 355 342
f 354 353 342
f 354 355 196
f 354 353 196
f 354 355 334
f 354 353 334
f 354 355 196
f 354 353 196
f 354 355 334
f 354 353 334
f 354 355 198
f 354 355 329
f 354 353 329
f 354 199 198
f 354 353 199
f 354 353 199
f 352 569 567
f 352 353 569
f 352 566 567
f 352 569 566
f 352 353 569
f 352 566 351
f 352 353 351
f 352 353 566
f 352 566 564
f 352 566 351
f 352 715 564
f 352 351 715
f 352 715 564
f 352 353 564
f 352 353 715
f 352 716 351
f 352 353 716
f 352 716 351
f 352 353 716
f 352 351 718
f 352 353 718
f 352 351 196
f 352 196 195
f 352 353 196
f 352 197 351
f 352 353 197
f 352 195 718
f 352 353 718
f 352 353 195
f 352 197 351
f 352 353 197
f 352 351 199
f 352 353 199
f 352 200 351
f 352 200 353
f 352 200 201
f 352 200 201
f 352 200 353
f 352 202 351
f 352 202 201
f 352 202 201
f 352 351 329
f 352 353 329
f 352 334 351
f 352 353 334
f 352 334 351
f 352 353 334
f 352 342 351
f 352 353 342
f 352 353 342
f 207 208 342
f 207 343 342
f 207 343 208
f 207 344 206
f 207 343 344
f 207 343 208
f 207 157 205
f 207 206 205
f 207 157 159
f 207 208 157
f 207 208 157
f 207 711 344
f 207 161 159
f 207 208 161
f 207 208 161
f 207 206 153
f 207 208 153
f 207 711 206
f 207 208 711
f 207 711 710
f 207 208 710
f 207 208 711
f 207 206 153
f 207 208 153
f 207 141 206
f 207 208 141
f 207 206 150
f 207 208 150
f 207 141 206
f 207 208 141
f 207 146 206
f 207 208 146
f 207 206 145
f 207 208 145
f 207 146 206
f 207 208 146
f 436 288 437
f 436 291 290
f 436 437 291
f 436 479 435
f 436 293 291
f 436 293 437
f 436 478 476
f 436 435 478
f 436 479 480
f 436 409 288
f 436 409 288
f 436 407 408
f 436 293 294
f 436 293 437
f 436 475 476
f 436 437 475
f 436 434 435
f 436 437 434
f 436 409 480
f 436 409 408
f 436 294 295
f 436 437 294
f 436 437 434
f 436 296 295
f 436 296 437
f 436 434 301
f 436 434 301
f 436 437 301
f 436 296 435
f 436 296 437
f 436 301 435
f 436 437 301
f 436 298 435
f 436 437 298
f 436 299 435
f 436 437 299
f 436 298 299
f 436 437 298
f 401 291 290
f 401 400 291
f 401 293 291
f 401 400 293
f 401 293 294
f 401 400 293
f 401 294 402
f 401 400 294
f 401 402 295
f 401 400 295
f 401 298 402
f 401 400 298
f 401 298 402
f 401 400 298
f 401 402 299
f 401 400 299
f 401 402 301
f 401 400 301
f 401 402 301
f 401 400 301
f 401 402 304
f 401 400 304
f 401 305 402
f 401 400 305
f 401 305 402
f 401 400 305
f 401 402 307
f 401 400 307
f 401 402 309
f 401 400 309
f 401 402 309
f 401 400 309
f 401 402 507
f 401 311 402
f 401 400 311
f 401 508 402
f 401 400 508
f 401 311 402
f 401 400 311
f 401 508 509
f 401 400 508
f 401 313 402
f 401 400 313
f 401 403 509
f 401 403 400
f 401 314 313
f 401 314 400
f 401 314 402
f 401 314 400
f 401 320 400
f 401 403 320
f 401 320 400
f 401 403 320
f 401 322 400
f 401 403 322
f 401 400 324
f 401 403 324
f 401 400 326
f 401 403 326
f 401 403 400
f 399 400 291
f 399 293 291
f 399 293 398
f 399 400 293
f 399 293 398
f 399 400 293
f 399 398 294
f 399 400 294
f 399 398 295
f 399 400 295
f 399 398 298
f 399 400 298
f 399 398 298
f 399 400 298
f 399 398 299
f 399 400 299
f 399 398 301
f 399 400 301
f 399 398 301
f 399 400 301
f 399 398 304
f 399 400 304
f 399 398 305
f 399 400 305
f 399 398 305
f 399 400 305
f 399 398 307
f 399 400 307
f 399 398 309
f 399 400 309
f 399 398 510
f 399 400 510
f 399 398 309
f 399 400 309
f 399 398 509
f 399 400 509
f 399 398 311
f 399 400 311
f 399 398 509
f 399 400 509
f 399 398 311
f 399 400 311
f 399 398 365
f 399 400 365
f 399 398 313
f 399 400 313
f 399 398 326
f 399 400 326
f 399 314 398
f 399 314 400
f 399 398 324
f 399 400 324
f 399 314 398
f 399 314 400
f 399 322 321
f 399 322 400
f 399 320 321
f 399 320 400
f 399 320 398
f 399 320 400
f 397 293 398
f 397 394 293
f 397 293 398
f 397 398 294
f 397 398 295
f 397 398 298
f 397 398 298
f 397 398 299
f 397 398 301
f 397 398 514
f 397 398 301
f 397 398 304
f 397 398 514
f 397 512 514
f 397 398 305
f 397 398 510
f 397 398 305
f 397 398 510
f 397 398 307
f 397 398 309
f 397 365 326
f 397 398 326
f 397 398 365
f 397 398 324
f 397 398 309
f 397 398 311
f 397 322 321
f 397 398 311
f 397 320 321
f 397 398 313
f 397 320 398
f 397 314 398
f 397 314 398
f 498 607 606
f 498 607 606
f 498 606 605
f 498 606 499
f 498 607 608
f 498 607 499
f 498 604 605
f 498 604 499
f 498 609 608
f 498 609 499
f 498 604 603
f 498 604 499
f 498 609 497
f 498 609 499
f 498 603 602
f 498 499 603
f 498 611 497
f 498 499 611
f 498 601 602
f 498 601 499
f 498 611 612
f 498 499 611
f 498 601 497
f 498 601 499
f 498 613 612
f 498 499 613
f 498 599 497
f 498 499 599
f 498 614 613
f 498 614 499
f 498 599 598
f 498 499 599
f 498 614 497
f 498 614 499
f 498 597 598
f 498 597 499
f 498 497 616
f 498 499 616
f 498 597 596
f 498 597 499
f 498 617 497
f 498 499 617
f 498 596 497
f 498 499 596
f 498 618 617
f 498 499 618
f 498 594 497
f 498 499 594
f 498 618 497
f 498 499 618
f 498 593 594
f 498 593 499
f 498 620 497
f 498 499 620
f 498 593 592
f 498 593 499
f 498 620 497
f 498 499 620
f 498 592 591
f 498 499 592
f 498 497 622
f 498 499 622
f 498 590 591
f 498 499 590
f 498 497 622
f 498 499 622
f 498 590 497
f 498 499 590
f 498 624 497
f 498 499 624
f 498 588 497
f 498 499 588
f 498 624 497
f 498 499 624
f 498 588 587
f 498 499 588
f 498 497 625
f 498 499 625
f 498 586 587
f 498 586 499
f 498 586 585
f 498 586 585
f 498 585 584
f 498 585 499
f 498 405 402
f 498 405 499
f 498 582 584
f 498 499 582
f 498 405 406
f 498 405 406
f 498 582 497
f 498 499 582
f 498 407 406
f 498 407 406
f 498 407 408
f 498 407 408
f 498 422 423
f 498 497 423
f 498 497 422
f 498 422 420
f 498 499 420
f 498 497 422
f 498 409 408
f 498 409 408
f 498 497 419
f 498 499 419
f 498 409 411
f 498 409 411
f 498 497 419
f 498 499 419
f 498 411 412
f 498 411 499
f 498 417 497
f 498 417 499
f 498 413 412
f 498 413 499
f 498 417 416
f 498 417 499
f 498 413 497
f 498 413 499
f 498 415 416
f 498 415 499
f 498 415 497
f 498 415 499
f 505 607 606
f 505 607 606
f 505 606 605
f 505 606 506
f 505 607 608
f 505 607 506
f 505 603 605
f 505 506 603
f 505 609 608
f 505 609 506
f 505 601 603
f 505 601 506
f 505 609 504
f 505 609 506
f 505 601 504
f 505 601 506
f 505 611 504
f 505 506 611
f 505 598 504
f 505 506 598
f 505 611 612
f 505 506 611
f 505 597 598
f 505 597 506
f 505 613 612
f 505 506 613
f 505 597 506
f 505 614 613
f 505 614 506
f 505 581 504
f 505 506 581
f 505 597 596
f 505 597 596
f 505 614 504
f 505 614 506
f 505 581 504
f 505 506 581
f 505 584 504
f 505 596 584
f 505 596 584
f 505 504 616
f 505 506 616
f 505 579 504
f 505 506 579
f 505 617 504
f 505 506 617
f 505 579 504
f 505 506 579
f 505 618 617
f 505 506 618
f 505 504 578
f 505 506 578
f 505 506 618
f 505 576 504
f 505 506 576
f 505 618 502
f 505 618 502
f 505 576 504
f 505 502 620
f 505 506 620
f 505 502 402
f 505 506 502
f 505 504 572
f 505 506 572
f 505 576 575
f 505 506 575
f 505 506 576
f 505 502 620
f 505 506 620
f 505 506 502
f 505 404 402
f 505 404 506
f 505 504 570
f 505 506 570
f 505 405 404
f 505 405 404
f 505 569 504
f 505 569 506
f 505 405 406
f 505 405 406
f 505 569 566
f 505 407 406
f 505 407 406
f 505 506 566
f 505 569 566
f 505 569 506
f 505 407 408
f 505 407 408
f 505 354 566
f 505 354 355
f 505 354 355
f 505 355 504
f 505 506 566
f 505 355 566
f 505 408 504
f 505 504 357
f 505 506 357
f 505 504 365
f 505 408 365
f 505 408 506
f 505 504 358
f 505 506 358
f 505 364 504
f 505 364 506
f 505 504 358
f 505 506 358
f 505 364 363
f 505 364 506
f 505 504 360
f 505 506 360
f 505 363 504
f 505 506 363
f 505 361 504
f 505 506 361
f 505 361 504
f 505 506 361
f 493 586 494
f 493 586 492
f 493 494 428
f 493 492 428
f 493 586 588
f 493 586 492
f 493 494 426
f 493 492 426
f 493 590 588
f 493 590 492
f 493 494 426
f 493 492 426
f 493 590 591
f 493 590 492
f 493 494 423
f 493 492 423
f 493 593 591
f 493 593 492
f 493 494 422
f 493 492 422
f 493 593 594
f 493 593 594
f 493 494 421
f 493 492 421
f 493 594 494
f 493 594 492
f 493 494 421
f 493 492 421
f 493 596 494
f 493 596 492
f 493 494 419
f 493 492 419
f 493 597 596
f 493 597 596
f 493 494 419
f 493 492 419
f 493 597 598
f 493 597 492
f 493 417 494
f 493 417 492
f 493 599 598
f 493 599 492
f 493 417 415
f 493 417 415
f 493 599 494
f 493 599 492
f 493 415 494
f 493 415 492
f 493 601 494
f 493 601 492
f 493 413 494
f 493 413 492
f 493 601 602
f 493 601 492
f 493 413 412
f 493 413 492
f 493 603 602
f 493 492 603
f 493 409 412
f 493 409 492
f 493 604 603
f 493 604 492
f 493 409 408
f 493 409 408
f 493 604 605
f 493 604 492
f 493 407 408
f 493 407 408
f 493 606 605
f 493 606 492
f 493 407 406
f 493 407 406
f 493 607 606
f 493 607 606
f 493 405 406
f 493 405 406
f 493 607 608
f 493 607 492
f 493 405 402
f 493 405 492
f 493 609 608
f 493 609 492
f 493 609 494
f 493 609 492
f 493 611 494
f 493 492 611
f 493 494 625
f 493 492 625
f 493 611 612
f 493 492 611
f 493 624 494
f 493 492 624
f 493 613 612
f 493 492 613
f 493 624 494
f 493 492 624
f 493 614 613
f 493 614 492
f 493 494 622
f 493 492 622
f 493 614 494
f 493 614 492
f 493 494 622
f 493 492 622
f 493 494 616
f 493 492 616
f 493 620 494
f 493 492 620
f 493 617 494
f 493 492 617
f 493 620 494
f 493 492 620
f 493 618 617
f 493 492 618
f 493 618 494
f 493 492 618
f 211 320 319
f 211 320 212
f 211 320 321
f 211 320 212
f 211 314 210
f 211 314 212
f 211 322 321
f 211 322 212
f 211 314 313
f 211 314 212
f 211 322 210
f 211 313 210
f 211 212 313
f 211 210 324
f 211 212 324
f 211 311 210
f 211 212 311
f 211 210 326
f 211 212 326
f 211 311 210
f 211 212 311
f 211 327 210
f 211 212 327
f 211 210 309
f 211 212 309
f 211 327 210
f 211 212 327
f 211 210 309
f 211 212 309
f 211 329 210
f 211 212 329
f 211 210 307
f 211 212 307
f 211 333 329
f 211 212 333
f 211 304 210
f 211 212 304
f 211 334 333
f 211 212 334
f 211 304 210
f 211 212 304
f 211 334 210
f 211 212 334
f 211 210 303
f 211 212 303
f 211 336 210
f 211 212 336
f 211 210 240
f 211 212 240
f 211 337 336
f 211 337 212
f 211 239 210
f 211 212 239
f 211 337 338
f 211 337 212
f 211 239 210
f 211 212 239
f 211 339 338
f 211 212 339
f 211 212 237
f 211 340 339
f 211 340 212
f 211 237 173
f 211 210 173
f 211 340 210
f 211 340 212
f 211 237 173
f 211 210 173
f 211 237 171
f 211 212 237
f 211 210 171
f 211 708 210
f 211 212 708
f 211 210 167
f 211 212 167
f 211 708 210
f 211 212 708
f 211 210 167
f 211 212 167
f 211 210 140
f 211 212 140
f 211 161 210
f 211 212 161
f 211 210 141
f 211 212 141
f 211 161 210
f 211 212 161
f 211 210 141
f 211 212 141
f 211 210 157
f 211 212 157
f 211 144 210
f 211 212 144
f 211 210 157
f 211 212 157
f 211 144 210
f 211 212 144
f 211 210 153
f 211 212 153
f 211 146 210
f 211 212 146
f 211 210 153
f 211 212 153
f 211 148 146
f 211 212 148
f 211 210 150
f 211 212 150
f 211 148 210
f 211 212 148
f 316 209 210
f 316 317 209
f 316 211 210
f 316 211 317
f 316 208 209
f 316 211 212
f 316 211 317
f 316 208 209
f 316 317 209
f 316 213 212
f 316 213 317
f 316 329 315
f 316 208 315
f 316 208 329
f 316 342 329
f 316 317 342
f 316 213 315
f 316 213 317
f 316 342 351
f 316 317 342
f 316 218 315
f 316 351 315
f 316 317 351
f 316 217 218
f 316 317 217
f 316 317 217
f 316 219 218
f 316 317 219
f 316 315 367
f 316 317 367
f 316 219 315
f 316 317 219
f 316 315 367
f 316 317 367
f 316 221 315
f 316 317 221
f 316 315 370
f 316 317 370
f 316 317 221
f 316 315 370
f 316 317 370
f 316 221 227
f 316 221 315
f 316 317 227
f 316 315 372
f 316 317 372
f 316 229 315
f 316 317 229
f 316 315 372
f 316 317 372
f 316 229 315
f 316 317 229
f 316 315 374
f 316 317 374
f 316 231 315
f 316 317 231
f 316 315 374
f 316 317 374
f 316 231 232
f 316 317 231
f 316 376 315
f 316 317 376
f 316 232 315
f 316 317 232
f 316 376 377
f 316 317 376
f 316 234 315
f 316 317 234
f 316 377 315
f 316 317 377
f 316 234 315
f 316 317 234
f 316 315 378
f 316 317 378
f 316 317 235
f 316 315 380
f 316 317 380
f 316 236 235
f 316 236 315
f 316 236 315
f 316 449 315
f 316 317 449
f 316 315 382
f 316 317 382
f 316 449 446
f 316 317 449
f 316 315 382
f 316 317 382
f 316 446 315
f 316 317 446
f 316 315 383
f 316 317 383
f 316 315 432
f 316 317 432
f 316 315 385
f 316 317 385
f 316 315 429
f 316 317 429
f 316 317 385
f 316 315 429
f 316 317 429
f 316 385 388
f 316 315 388
f 316 315 385
f 316 315 389
f 316 317 389
f 316 315 428
f 316 317 428
f 316 315 389
f 316 317 389
f 316 315 426
f 316 317 426
f 316 315 390
f 316 317 390
f 316 315 426
f 316 317 426
f 316 392 315
f 316 317 392
f 316 315 423
f 316 317 423
f 316 392 315
f 316 317 392
f 316 315 422
f 316 317 422
f 316 395 315
f 316 395 317
f 316 317 422
f 316 421 422
f 316 315 421
f 316 315 421
f 316 315 419
f 316 317 419
f 316 397 398
f 316 397 317
f 316 315 419
f 316 317 419
f 316 399 398
f 316 399 317
f 316 417 315
f 316 317 417
f 316 399 400
f 316 399 317
f 316 417 416
f 316 317 417
f 316 401 400
f 316 401 317
f 316 415 416
f 316 317 415
f 316 401 402
f 316 415 315
f 316 317 415
f 316 403 402
f 316 401 403
f 316 401 403
f 316 413 315
f 316 317 413
f 316 403 404
f 316 403 317
f 316 413 412
f 316 317 413
f 316 405 404
f 316 405 317
f 316 411 412
f 316 317 411
f 316 405 406
f 316 405 317
f 316 411 315
f 316 317 411
f 316 407 406
f 316 407 317
f 316 409 315
f 316 409 317
f 316 407 408
f 316 407 317
f 316 409 408
f 316 409 317
f 323 324 326
f 323 322 326
f 323 322 324
f 323 327 324
f 323 322 327
f 323 327 328
f 323 322 327
f 323 329 328
f 323 322 329
f 323 351 329
f 323 322 351
f 323 351 324
f 323 322 351
f 323 322 367
f 323 324 365
f 323 367 365
f 323 322 369
f 323 369 367
f 323 322 369
f 323 369 370
f 323 322 370
f 323 370 365
f 323 322 372
f 323 372 365
f 323 322 372
f 323 372 365
f 323 322 376
f 323 376 365
f 323 376 324
f 323 376 377
f 323 322 376
f 323 377 382
f 323 322 377
f 323 382 324
f 323 322 382
f 323 395 324
f 323 395 322
f 323 397 398
f 323 397 322
f 323 399 398
f 323 399 322
f 323 399 400
f 323 399 322
f 323 401 400
f 323 401 322
f 323 401 403
f 323 401 403
f 323 403 404
f 323 403 322
f 323 405 404
f 323 405 322
f 323 405 406
f 323 405 322
f 323 407 406
f 323 407 322
f 323 407 408
f 323 407 322
f 323 408 324
f 323 322 408
f 323 411 324
f 323 322 411
f 323 411 412
f 323 322 411
f 323 413 412
f 323 322 413
f 323 413 324
f 323 322 413
f 323 416 324
f 323 322 416
f 323 417 416
f 323 322 417
f 323 417 324
f 323 322 417
f 323 419 324
f 323 322 419
f 323 419 324
f 323 322 419
f 323 324 422
f 323 322 422
f 323 324 422
f 323 322 422
f 323 324 423
f 323 322 423
f 323 324 426
f 323 322 426
f 323 324 426
f 323 322 426
f 323 324 428
f 323 322 428
f 323 324 428
f 323 322 428
f 323 432 324
f 323 322 432
f 323 432 324
f 323 322 594
f 323 449 432
f 323 322 449
f 323 322 449
f 323 593 324
f 323 593 594
f 323 593 594
f 323 322 594
f 323 594 229
f 323 594 229
f 323 322 229
f 323 229 324
f 323 322 229
f 323 324 227
f 323 322 227
f 323 324 227
f 323 322 227
f 323 225 324
f 323 322 225
f 323 224 225
f 323 322 224
f 323 224 221
f 323 322 224
f 323 221 220
f 323 322 221
f 323 219 220
f 323 322 219
f 323 219 218
f 323 322 219
f 323 217 218
f 323 322 217
f 323 217 324
f 323 322 217
f 323 213 324
f 323 322 213
f 323 213 212
f 323 322 213
f 323 211 212
f 323 211 322
f 323 211 322
f 705 707 715
f 705 707 706
f 705 707 578
f 705 579 578
f 705 707 577
f 705 707 578
f 704 705 706
f 704 134 40
f 704 706 40
f 704 217 218
f 704 215 706
f 704 216 215
f 704 217 216
f 704 217 218
f 704 340 215
f 704 340 216
f 704 217 339
f 704 340 339
f 704 217 339
f 704 337 218
f 704 337 219
f 704 340 341
f 704 343 341
f 704 343 341
f 704 344 706
f 704 343 344
f 704 343 344
f 704 579 706
f 704 705 579
f 704 705 579
f 704 582 341
f 704 582 581
f 702 722 721
f 702 700 722
f 702 700 722
f 702 715 721
f 702 705 715
f 702 700 720
f 702 720 715
f 702 700 582
f 702 720 715
f 702 700 720
f 702 705 707
f 702 579 581
f 702 700 581
f 702 579 581
f 702 705 579
f 702 715 718
f 702 700 718
f 702 707 715
f 702 579 578
f 702 700 582
f 702 715 718
f 702 700 718
f 702 705 707
f 702 700 684
f 702 578 577
f 702 705 577
f 702 705 578
f 702 716 715
f 702 700 716
f 702 715 709
f 702 716 715
f 702 700 716
f 702 709 684
f 702 707 709
f 702 686 709
f 702 700 686
f 702 709 712
f 702 700 712
f 702 686 709
f 702 700 686
f 222 221 141
f 222 223 141
f 222 223 221
f 222 221 141
f 222 223 141
f 222 221 139
f 222 223 139
f 222 221 139
f 222 223 139
f 222 223 137
f 222 220 137
f 222 221 220
f 222 699 220
f 222 699 697
f 222 697 134
f 222 223 134
f 222 697 134
f 222 223 134
f 222 223 697
f 222 699 334
f 222 336 220
f 222 699 336
f 222 334 333
f 222 223 333
f 222 699 334
f 222 334 220
f 222 334 221
f 222 334 333
f 222 333 221
f 222 223 333
f 222 331 221
f 222 223 331
f 222 331 221
f 222 223 331
f 222 329 221
f 222 223 329
f 222 223 329
f 289 409 413
f 289 413 290
f 289 409 408
f 289 409 288
f 289 409 413
f 289 409 288
f 289 413 435
f 289 407 408
f 289 407 288
f 289 415 435
f 289 415 290
f 289 415 290
f 289 436 290
f 289 436 288
f 289 407 406
f 289 407 288
f 289 436 437
f 289 436 288
f 289 405 406
f 289 405 288
f 289 437 290
f 289 288 437
f 289 405 290
f 289 405 288
f 289 443 290
f 289 288 443
f 289 401 290
f 289 401 288
f 289 443 290
f 289 288 443
f 289 401 400
f 289 401 288
f 289 290 447
f 289 288 447
f 289 399 400
f 289 399 288
f 289 290 447
f 289 288 447
f 289 399 398
f 289 399 288
f 289 449 290
f 289 288 449
f 289 397 398
f 289 397 288
f 289 449 290
f 289 288 449
f 289 397 394
f 289 397 288
f 289 288 450
f 289 394 290
f 289 288 394
f 289 450 287
f 289 290 287
f 289 290 450
f 289 290 392
f 289 288 392
f 289 290 264
f 289 290 287
f 289 288 264
f 289 288 287
f 289 263 290
f 289 288 263
f 289 290 392
f 289 288 392
f 289 263 290
f 289 288 263
f 289 290 390
f 289 288 390
f 289 290 261
f 289 288 261
f 289 290 390
f 289 288 390
f 289 290 252
f 289 288 252
f 289 290 387
f 289 288 387
f 289 293 290
f 289 288 293
f 289 290 385
f 289 288 385
f 289 290 385
f 289 288 385
f 289 293 367
f 289 293 290
f 289 288 367
f 289 293 198
f 289 288 198
f 289 288 293
f 289 290 384
f 289 288 384
f 289 290 367
f 289 288 367
f 289 290 380
f 289 288 380
f 289 290 371
f 289 288 371
f 289 290 380
f 289 288 380
f 289 290 372
f 289 288 372
f 289 290 378
f 289 288 378
f 289 290 372
f 289 288 372
f 289 290 378
f 289 288 378
f 289 290 374
f 289 288 374
f 289 290 374
f 289 288 374
f 123 124 259
f 123 121 259
f 123 121 124
f 123 124 258
f 123 121 258
f 123 124 254
f 123 121 254
f 123 124 253
f 123 121 253
f 123 124 253
f 123 124 251
f 123 124 250
f 123 249 124
f 123 249 124
f 123 125 248
f 123 125 124
f 123 125 133
f 123 125 62
f 123 125 62
f 123 62 66
f 123 62 124
f 123 124 65
f 123 121 65
f 123 120 124
f 123 121 120
f 123 121 120
f 113 114 110
f 113 110 244
f 113 114 244
f 113 74 112
f 113 245 110
f 113 112 245
f 113 114 245
f 113 74 72
f 113 114 72
f 113 73 74
f 113 112 245
f 113 114 245
f 113 73 74
f 113 114 73
f 113 114 73
f 113 112 246
f 113 114 246
f 113 112 248
f 113 114 248
f 113 268 270
f 113 112 268
f 113 112 249
f 113 114 249
f 113 268 116
f 113 112 268
f 113 112 249
f 113 114 249
f 113 266 116
f 113 114 266
f 113 112 266
f 113 112 250
f 113 114 250
f 113 112 266
f 113 114 266
f 113 112 251
f 113 114 251
f 113 112 264
f 113 114 264
f 113 112 253
f 113 114 253
f 113 112 263
f 113 114 263
f 113 112 253
f 113 114 253
f 113 112 263
f 113 114 263
f 113 112 254
f 113 114 254
f 113 112 261
f 113 114 261
f 113 112 255
f 113 114 255
f 113 112 259
f 113 114 259
f 113 112 258
f 113 114 258
f 113 112 259
f 113 114 259
f 396 394 293
f 396 397 293
f 396 397 394
f 396 394 294
f 396 397 294
f 396 394 295
f 396 397 295
f 396 394 298
f 396 397 298
f 396 394 298
f 396 397 298
f 396 394 299
f 396 397 299
f 396 394 301
f 396 397 301
f 396 394 301
f 396 397 301
f 396 394 304
f 396 397 304
f 396 395 394
f 396 394 305
f 396 397 305
f 396 394 514
f 396 397 514
f 396 397 394
f 396 397 512
f 396 394 305
f 396 395 394
f 396 397 305
f 396 512 513
f 396 395 513
f 396 395 512
f 396 395 512
f 396 395 307
f 396 397 307
f 396 512 510
f 396 397 510
f 396 397 512
f 396 395 510
f 396 397 510
f 396 395 309
f 396 397 309
f 396 395 365
f 396 397 365
f 396 395 309
f 396 397 309
f 396 395 324
f 396 397 324
f 396 395 311
f 396 397 311
f 396 323 395
f 396 323 397
f 396 395 311
f 396 397 311
f 396 323 395
f 396 323 397
f 396 395 313
f 396 397 313
f 396 395 322
f 396 397 322
f 396 395 314
f 396 397 314
f 396 395 320
f 396 397 320
f 396 395 314
f 396 397 314
f 396 395 320
f 396 397 320
f 396 316 395
f 396 316 397
f 396 316 395
f 396 316 397
f 318 211 212
f 318 211 317
f 318 213 212
f 318 213 317
f 318 211 319
f 318 211 317
f 318 213 319
f 318 213 317
f 318 317 209
f 318 217 319
f 318 317 217
f 318 319 210
f 318 209 210
f 318 217 319
f 318 317 217
f 318 319 329
f 318 209 329
f 318 317 209
f 318 219 319
f 318 317 219
f 318 342 319
f 318 317 342
f 318 219 319
f 318 317 219
f 318 342 319
f 318 317 342
f 318 319 221
f 318 317 221
f 318 319 351
f 318 317 351
f 318 317 221
f 318 319 367
f 318 317 367
f 318 225 221
f 318 225 319
f 318 225 319
f 318 319 227
f 318 317 227
f 318 319 367
f 318 317 367
f 318 319 227
f 318 317 227
f 318 319 369
f 318 317 369
f 318 319 229
f 318 317 229
f 318 319 369
f 318 317 369
f 318 319 229
f 318 317 229
f 318 319 370
f 318 317 370
f 318 231 319
f 318 317 231
f 318 319 372
f 318 317 372
f 318 231 319
f 318 317 231
f 318 319 372
f 318 317 372
f 318 319 232
f 318 317 232
f 318 319 374
f 318 317 374
f 318 319 233
f 318 319 376
f 318 317 376
f 318 234 233
f 318 317 234
f 318 317 234
f 318 449 319
f 318 317 449
f 318 319 376
f 318 317 376
f 318 449 446
f 318 317 449
f 318 319 377
f 318 317 377
f 318 446 319
f 318 317 446
f 318 319 378
f 318 317 378
f 318 319 432
f 318 317 432
f 318 319 382
f 318 319 429
f 318 317 429
f 318 382 380
f 318 317 380
f 318 317 382
f 318 319 382
f 318 317 382
f 318 319 429
f 318 317 429
f 318 319 383
f 318 317 383
f 318 319 428
f 318 317 428
f 318 317 385
f 318 319 426
f 318 317 426
f 318 385 384
f 318 319 384
f 318 317 385
f 318 319 426
f 318 317 426
f 318 319 389
f 318 317 389
f 318 319 423
f 318 317 423
f 318 319 389
f 318 317 389
f 318 319 422
f 318 317 422
f 318 319 390
f 318 317 390
f 318 319 422
f 318 317 422
f 318 319 392
f 318 317 392
f 318 319 419
f 318 317 419
f 318 395 319
f 318 395 317
f 318 319 419
f 318 317 419
f 318 396 395
f 318 396 395
f 318 417 319
f 318 317 417
f 318 396 397
f 318 396 397
f 318 417 319
f 318 317 417
f 318 397 398
f 318 397 317
f 318 415 319
f 318 317 415
f 318 399 398
f 318 399 317
f 318 415 319
f 318 317 415
f 318 399 400
f 318 399 317
f 318 413 319
f 318 317 413
f 318 401 400
f 318 401 317
f 318 413 319
f 318 317 413
f 318 401 403
f 318 401 403
f 318 411 319
f 318 317 411
f 318 403 404
f 318 403 317
f 318 411 319
f 318 317 411
f 318 405 404
f 318 405 317
f 318 409 319
f 318 409 317
f 318 405 406
f 318 405 317
f 318 409 408
f 318 409 317
f 318 407 406
f 318 407 317
f 318 407 408
f 318 407 317
f 703 704 705
f 703 702 705
f 703 704 705
f 703 705 579
f 703 702 579
f 703 702 705
f 703 704 581
f 703 702 581
f 703 704 582
f 703 702 582
f 703 704 339
f 703 340 582
f 703 704 340
f 703 340 582
f 703 704 582
f 703 704 340
f 122 121 253
f 122 123 253
f 122 123 121
f 122 121 251
f 122 123 251
f 122 121 250
f 122 123 250
f 122 121 249
f 122 123 249
f 122 121 249
f 122 123 249
f 122 121 248
f 122 123 248
f 122 121 133
f 122 123 133
f 122 123 66
f 122 123 121
f 122 67 66
f 122 121 67
f 122 121 67
f 701 702 700
f 701 703 702
f 701 700 699
f 701 699 134
f 701 703 339
f 701 704 134
f 701 703 704
f 701 699 134
f 701 337 699
f 701 704 134
f 701 219 699
f 701 586 339
f 701 586 699
f 701 700 699
f 701 704 337
f 701 703 704
f 701 337 699
f 701 700 585
f 701 340 585
f 701 703 340
f 701 704 218
f 701 219 218
f 701 219 699
f 701 586 585
f 701 586 699
f 701 704 337
f 701 337 336
f 701 700 584
f 701 702 700
f 701 340 585
f 701 703 340
f 701 703 582
f 701 703 702
f 701 704 219
f 701 337 219
f 701 222 336
f 701 222 699
f 701 222 699
f 701 582 584
f 701 702 582
