# King Wen sovereign avatar mesh
# hex20_phase7.ply
# vertices=729 faces=12826
o kingwen_avatar
v 0.171519 0.000272 0.085760 0.309804 0.305882 0.313725
v 0.172853 0.001764 0.085467 0.309804 0.305882 0.313725
v 0.174595 0.003287 0.085229 0.309804 0.305882 0.313725
v 0.176315 0.004840 0.084833 0.309804 0.305882 0.313725
v 0.178006 0.006422 0.084279 0.309804 0.305882 0.313725
v 0.179664 0.008033 0.083569 0.309804 0.305882 0.313725
v 0.181284 0.009672 0.082703 0.309804 0.305882 0.313725
v 0.182861 0.011337 0.081684 0.309804 0.305882 0.313725
v 0.183931 0.012996 0.080312 0.309804 0.305882 0.313725
v 0.185404 0.014707 0.078995 0.309804 0.305882 0.313725
v 0.186821 0.016441 0.077532 0.309804 0.305882 0.313725
v 0.188176 0.018196 0.075924 0.309804 0.305882 0.313725
v 0.188993 0.019920 0.073990 0.309804 0.305882 0.313725
v 0.190211 0.021708 0.072109 0.309804 0.305882 0.313725
v 0.191355 0.023511 0.070093 0.309804 0.305882 0.313725
v 0.192423 0.025327 0.067947 0.309804 0.305882 0.313725
v 0.192926 0.027087 0.065511 0.309804 0.305882 0.313725
v 0.193827 0.028919 0.063123 0.309804 0.305882 0.313725
v 0.194154 0.030681 0.060466 0.309804 0.305882 0.313725
v 0.194878 0.032519 0.057855 0.309804 0.305882 0.313725
v 0.195510 0.034360 0.055136 0.309804 0.305882 0.313725
v 0.196049 0.036199 0.052316 0.309804 0.305882 0.313725
v 0.195997 0.037939 0.049273 0.309804 0.305882 0.313725
v 0.196341 0.039764 0.046271 0.309804 0.305882 0.313725
v 0.196586 0.041581 0.043183 0.309804 0.305882 0.313725
v 0.196235 0.043277 0.039914 0.309804 0.305882 0.313725
v 0.196278 0.045064 0.036679 0.309804 0.305882 0.313725
v 0.196220 0.046834 0.033377 0.309804 0.305882 0.313725
v 0.195564 0.048463 0.029937 0.309804 0.305882 0.313725
v 0.195302 0.050189 0.026525 0.309804 0.305882 0.313725
v 0.194938 0.051890 0.023064 0.309804 0.305882 0.313725
v 0.194473 0.053565 0.019561 0.309804 0.305882 0.313725
v 0.193907 0.055212 0.016021 0.309804 0.305882 0.313725
v 0.193241 0.056827 0.012451 0.309804 0.305882 0.313725
v 0.192964 0.058558 0.008881 0.309804 0.305882 0.313725
v 0.193072 0.060412 0.005289 0.309804 0.305882 0.313725
v 0.266051 0.085772 0.002274 0.309804 0.305882 0.313725
v 0.276600 0.091812 -0.002906 0.309804 0.305882 0.313725
v 0.275412 0.094061 -0.008199 0.309804 0.305882 0.313725
v 0.274562 0.096421 -0.013518 0.309804 0.305882 0.313725
v 0.273102 0.098560 -0.018816 0.309804 0.305882 0.313725
v 0.271981 0.100813 -0.024139 0.309804 0.305882 0.313725
v 0.270262 0.102834 -0.029402 0.309804 0.305882 0.313725
v 0.268423 0.104792 -0.034629 0.309804 0.305882 0.313725
v 0.266467 0.106684 -0.039809 0.309804 0.305882 0.313725
v 0.264399 0.108509 -0.044933 0.309804 0.305882 0.313725
v 0.263119 0.110643 -0.050160 0.309804 0.305882 0.313725
v 0.261719 0.112719 -0.055345 0.309804 0.305882 0.313725
v 0.259329 0.114349 -0.060274 0.309804 0.305882 0.313725
v 0.257281 0.116105 -0.065216 0.309804 0.305882 0.313725
v 0.258561 0.119375 -0.071008 0.309804 0.305882 0.313725
v 0.255444 0.120618 -0.075572 0.309804 0.305882 0.313725
v 0.252265 0.121787 -0.079995 0.309804 0.305882 0.313725
v 0.249031 0.122883 -0.084270 0.309804 0.305882 0.313725
v 0.245750 0.123909 -0.088388 0.309804 0.305882 0.313725
v 0.242427 0.124866 -0.092342 0.309804 0.305882 0.313725
v 0.239070 0.125756 -0.096124 0.309804 0.305882 0.313725
v 0.235687 0.126582 -0.099728 0.309804 0.305882 0.313725
v 0.231900 0.127135 -0.102977 0.309804 0.305882 0.313725
v 0.228490 0.127839 -0.106199 0.309804 0.305882 0.313725
v 0.224702 0.128275 -0.109043 0.309804 0.305882 0.313725
v 0.220927 0.128657 -0.111674 0.309804 0.305882 0.313725
v 0.217171 0.128989 -0.114090 0.309804 0.305882 0.313725
v 0.213441 0.129275 -0.116285 0.309804 0.305882 0.313725
v 0.209743 0.129519 -0.118256 0.309804 0.305882 0.313725
v 0.206084 0.129726 -0.120002 0.309804 0.305882 0.313725
v 0.202129 0.129683 -0.121314 0.309804 0.305882 0.313725
v 0.198904 0.130047 -0.122803 0.309804 0.305882 0.313725
v 0.195395 0.130170 -0.123856 0.309804 0.305882 0.313725
v 0.191623 0.130056 -0.124464 0.309804 0.305882 0.313725
v 0.188245 0.130147 -0.125047 0.309804 0.305882 0.313725
v 0.184937 0.130230 -0.125395 0.309804 0.305882 0.313725
v 0.181703 0.130310 -0.125509 0.309804 0.305882 0.313725
v 0.178244 0.130170 -0.125176 0.309804 0.305882 0.313725
v 0.175175 0.130258 -0.124824 0.309804 0.305882 0.313725
v 0.172190 0.130359 -0.124241 0.309804 0.305882 0.313725
v 0.169293 0.130476 -0.123429 0.309804 0.305882 0.313725
v 0.166201 0.130392 -0.122180 0.309804 0.305882 0.313725
v 0.163490 0.130557 -0.120919 0.309804 0.305882 0.313725
v 0.160874 0.130754 -0.119437 0.309804 0.305882 0.313725
v 0.158353 0.130988 -0.117738 0.309804 0.305882 0.313725
v 0.155928 0.131262 -0.115827 0.309804 0.305882 0.313725
v 0.153601 0.131581 -0.113706 0.309804 0.305882 0.313725
v 0.151371 0.131950 -0.111381 0.309804 0.305882 0.313725
v 0.149238 0.132372 -0.108857 0.309804 0.305882 0.313725
v 0.147203 0.132851 -0.106140 0.309804 0.305882 0.313725
v 0.145265 0.133391 -0.103234 0.309804 0.305882 0.313725
v 0.143421 0.133995 -0.100147 0.309804 0.305882 0.313725
v 0.141673 0.134667 -0.096884 0.309804 0.305882 0.313725
v 0.140507 0.135883 -0.093780 0.309804 0.305882 0.313725
v 0.138937 0.136702 -0.090175 0.309804 0.305882 0.313725
v 0.137696 0.137836 -0.086566 0.309804 0.305882 0.313725
v 0.136298 0.138810 -0.082651 0.309804 0.305882 0.313725
v 0.135221 0.140108 -0.078735 0.309804 0.305882 0.313725
v 0.133985 0.141243 -0.074541 0.309804 0.305882 0.313725
v 0.133060 0.142712 -0.070347 0.309804 0.305882 0.313725
v 0.131973 0.144015 -0.065906 0.309804 0.305882 0.313725
v 0.131187 0.145658 -0.061467 0.309804 0.305882 0.313725
v 0.130005 0.146872 -0.056713 0.309804 0.305882 0.313725
v 0.129344 0.148688 -0.052070 0.309804 0.305882 0.313725
v 0.128739 0.150594 -0.047330 0.309804 0.305882 0.313725
v 0.128411 0.152858 -0.042578 0.309804 0.305882 0.313725
v 0.128128 0.155218 -0.037729 0.309804 0.305882 0.313725
v 0.127212 0.156842 -0.032620 0.309804 0.305882 0.313725
v 0.124546 0.156290 -0.027096 0.309804 0.305882 0.313725
v 0.123936 0.158305 -0.022058 0.309804 0.305882 0.313725
v 0.123577 0.160680 -0.017028 0.309804 0.305882 0.313725
v 0.123463 0.163428 -0.011988 0.309804 0.305882 0.313725
v 0.123144 0.165961 -0.006894 0.309804 0.305882 0.313725
v 0.122839 0.168567 -0.001788 0.309804 0.305882 0.313725
v 0.122543 0.171242 0.003321 0.309804 0.305882 0.313725
v 0.122470 0.174295 0.008439 0.309804 0.305882 0.313725
v 0.120861 0.175196 0.013390 0.309804 0.305882 0.313725
v 0.119472 0.176415 0.018240 0.309804 0.305882 0.313725
v 0.118949 0.178947 0.023135 0.309804 0.305882 0.313725
v 0.118631 0.181849 0.028021 0.309804 0.305882 0.313725
v 0.118510 0.185131 0.032915 0.309804 0.305882 0.313725
v 0.118149 0.188117 0.037696 0.309804 0.305882 0.313725
v 0.117759 0.191135 0.042407 0.309804 0.305882 0.313725
v 0.117338 0.194180 0.047040 0.309804 0.305882 0.313725
v 0.116668 0.196884 0.051491 0.309804 0.305882 0.313725
v 0.115959 0.199591 0.055830 0.309804 0.305882 0.313725
v 0.114574 0.201179 0.059717 0.309804 0.305882 0.313725
v 0.111254 0.199324 0.062367 0.309804 0.305882 0.313725
v 0.102671 0.187731 0.061558 0.309804 0.305882 0.313725
v 0.092048 0.171808 0.058742 0.309804 0.305882 0.313725
v 0.090206 0.171913 0.061012 0.309804 0.305882 0.313725
v 0.089569 0.174334 0.063967 0.309804 0.305882 0.313725
v 0.089088 0.177138 0.066957 0.309804 0.305882 0.313725
v 0.088352 0.179514 0.069676 0.309804 0.305882 0.313725
v 0.087566 0.181855 0.072265 0.309804 0.305882 0.313725
v 0.086728 0.184158 0.074720 0.309804 0.305882 0.313725
v 0.086033 0.186845 0.077213 0.309804 0.305882 0.313725
v 0.085086 0.189061 0.079391 0.309804 0.305882 0.313725
v 0.084085 0.191223 0.081422 0.309804 0.305882 0.313725
v 0.083219 0.193769 0.083492 0.309804 0.305882 0.313725
v 0.082106 0.195814 0.085221 0.309804 0.305882 0.313725
v 0.081122 0.198242 0.086990 0.309804 0.305882 0.313725
v 0.079896 0.200151 0.088403 0.309804 0.305882 0.313725
v 0.078616 0.201984 0.089651 0.309804 0.305882 0.313725
v 0.077459 0.204199 0.090940 0.309804 0.305882 0.313725
v 0.076069 0.205869 0.091856 0.309804 0.305882 0.313725
v 0.074628 0.207451 0.092601 0.309804 0.305882 0.313725
v 0.073136 0.208940 0.093174 0.309804 0.305882 0.313725
v 0.071757 0.210812 0.093787 0.309804 0.305882 0.313725
v 0.070165 0.212110 0.094014 0.309804 0.305882 0.313725
v 0.068527 0.213306 0.094066 0.309804 0.305882 0.313725
v 0.066845 0.214399 0.093944 0.309804 0.305882 0.313725
v 0.065121 0.215385 0.093647 0.309804 0.305882 0.313725
v 0.063501 0.216752 0.093388 0.309804 0.305882 0.313725
v 0.061695 0.217521 0.092742 0.309804 0.305882 0.313725
v 0.059855 0.218178 0.091925 0.309804 0.305882 0.313725
v 0.057982 0.218723 0.090937 0.309804 0.305882 0.313725
v 0.056079 0.219153 0.089780 0.309804 0.305882 0.313725
v 0.054271 0.219965 0.088657 0.309804 0.305882 0.313725
v 0.052194 0.219671 0.086969 0.309804 0.305882 0.313725
v 0.050218 0.219759 0.085320 0.309804 0.305882 0.313725
v 0.048332 0.220229 0.083701 0.309804 0.305882 0.313725
v 0.046317 0.220088 0.081734 0.309804 0.305882 0.313725
v 0.044289 0.219836 0.079615 0.309804 0.305882 0.313725
v 0.042250 0.219472 0.077348 0.309804 0.305882 0.313725
v 0.040205 0.218999 0.074937 0.309804 0.305882 0.313725
v 0.038155 0.218418 0.072388 0.309804 0.305882 0.313725
v 0.036105 0.217732 0.069704 0.309804 0.305882 0.313725
v 0.034055 0.216943 0.066890 0.309804 0.305882 0.313725
v 0.032010 0.216054 0.063953 0.309804 0.305882 0.313725
v 0.029972 0.215068 0.060896 0.309804 0.305882 0.313725
v 0.027944 0.213988 0.057727 0.309804 0.305882 0.313725
v 0.025927 0.212819 0.054450 0.309804 0.305882 0.313725
v 0.023926 0.211563 0.051073 0.309804 0.305882 0.313725
v 0.021941 0.210225 0.047600 0.309804 0.305882 0.313725
v 0.019976 0.208809 0.044039 0.309804 0.305882 0.313725
v 0.018031 0.207319 0.040396 0.309804 0.305882 0.313725
v 0.016110 0.205761 0.036679 0.309804 0.305882 0.313725
v 0.014214 0.204138 0.032893 0.309804 0.305882 0.313725
v 0.012317 0.202001 0.028980 0.309804 0.305882 0.313725
v 0.010480 0.200269 0.025088 0.309804 0.305882 0.313725
v 0.008672 0.198490 0.021150 0.309804 0.305882 0.313725
v 0.006894 0.196667 0.017172 0.309804 0.305882 0.313725
v 0.005149 0.194806 0.013162 0.309804 0.305882 0.313725
v 0.003435 0.192913 0.009128 0.309804 0.305882 0.313725
v 0.001754 0.190993 0.005076 0.309804 0.305882 0.313725
v 0.000107 0.189053 0.001016 0.309804 0.305882 0.313725
v -0.001507 0.187097 -0.003047 0.309804 0.305882 0.313725
v -0.003094 0.185550 -0.007120 0.309804 0.305882 0.313725
v -0.004644 0.183575 -0.011172 0.309804 0.305882 0.313725
v -0.006160 0.181603 -0.015205 0.309804 0.305882 0.313725
v -0.007644 0.179637 -0.019208 0.309804 0.305882 0.313725
v -0.009116 0.178085 -0.023229 0.309804 0.305882 0.313725
v -0.010540 0.176146 -0.027163 0.309804 0.305882 0.313725
v -0.011933 0.174230 -0.031046 0.309804 0.305882 0.313725
v -0.013297 0.172342 -0.034872 0.309804 0.305882 0.313725
v -0.014666 0.170872 -0.038720 0.309804 0.305882 0.313725
v -0.015979 0.169053 -0.042418 0.309804 0.305882 0.313725
v -0.017267 0.167277 -0.046037 0.309804 0.305882 0.313725
v -0.018532 0.165550 -0.049570 0.309804 0.305882 0.313725
v -0.019821 0.164243 -0.053131 0.309804 0.305882 0.313725
v -0.021048 0.162621 -0.056481 0.309804 0.305882 0.313725
v -0.022309 0.161420 -0.059861 0.309804 0.305882 0.313725
v -0.023508 0.159920 -0.063002 0.309804 0.305882 0.313725
v -0.024750 0.158842 -0.066175 0.309804 0.305882 0.313725
v -0.025988 0.157830 -0.069237 0.309804 0.305882 0.313725
v -0.027223 0.156886 -0.072184 0.309804 0.305882 0.313725
v -0.028585 0.156706 -0.075341 0.309804 0.305882 0.313725
v -0.029896 0.156248 -0.078221 0.309804 0.305882 0.313725
v -0.031353 0.156544 -0.081332 0.309804 0.305882 0.313725
v -0.032906 0.157247 -0.084514 0.309804 0.305882 0.313725
v -0.034345 0.157344 -0.087214 0.309804 0.305882 0.313725
v -0.035732 0.157186 -0.089588 0.309804 0.305882 0.313725
v -0.037142 0.157112 -0.091811 0.309804 0.305882 0.313725
v -0.038497 0.156793 -0.093681 0.309804 0.305882 0.313725
v -0.039875 0.156565 -0.095384 0.309804 0.305882 0.313725
v -0.041278 0.156428 -0.096916 0.309804 0.305882 0.313725
v -0.042711 0.156382 -0.098273 0.309804 0.305882 0.313725
v -0.044176 0.156428 -0.099452 0.309804 0.305882 0.313725
v -0.045675 0.156564 -0.100449 0.309804 0.305882 0.313725
v -0.047113 0.156463 -0.101052 0.309804 0.305882 0.313725
v -0.048584 0.156451 -0.101467 0.309804 0.305882 0.313725
v -0.050090 0.156527 -0.101694 0.309804 0.305882 0.313725
v -0.051635 0.156687 -0.101732 0.309804 0.305882 0.313725
v -0.053107 0.156601 -0.101368 0.309804 0.305882 0.313725
v -0.054729 0.156923 -0.101029 0.309804 0.305882 0.313725
v -0.056275 0.156991 -0.100291 0.309804 0.305882 0.313725
v -0.057858 0.157130 -0.099370 0.309804 0.305882 0.313725
v -0.059353 0.157004 -0.098060 0.309804 0.305882 0.313725
v -0.061008 0.157272 -0.096782 0.309804 0.305882 0.313725
v -0.062703 0.157598 -0.095329 0.309804 0.305882 0.313725
v -0.064162 0.157304 -0.093305 0.309804 0.305882 0.313725
v -0.065785 0.157391 -0.091324 0.309804 0.305882 0.313725
v -0.067439 0.157519 -0.089187 0.309804 0.305882 0.313725
v -0.069273 0.158023 -0.087089 0.309804 0.305882 0.313725
v -0.071144 0.158561 -0.084837 0.309804 0.305882 0.313725
v -0.073211 0.159473 -0.082617 0.309804 0.305882 0.313725
v -0.075159 0.160065 -0.080069 0.309804 0.305882 0.313725
v -0.077311 0.161024 -0.077552 0.309804 0.305882 0.313725
v -0.079677 0.162352 -0.075053 0.309804 0.305882 0.313725
v -0.081918 0.163342 -0.072246 0.309804 0.305882 0.313725
v -0.084198 0.164339 -0.069305 0.309804 0.305882 0.313725
v -0.086704 0.165695 -0.066379 0.309804 0.305882 0.313725
v -0.089063 0.166691 -0.063180 0.309804 0.305882 0.313725
v -0.091654 0.168040 -0.059993 0.309804 0.305882 0.313725
v -0.094288 0.169378 -0.056680 0.309804 0.305882 0.313725
v -0.096752 0.170334 -0.053132 0.309804 0.305882 0.313725
v -0.099456 0.171633 -0.049592 0.309804 0.305882 0.313725
v -0.101975 0.172534 -0.045845 0.309804 0.305882 0.313725
v -0.104514 0.173401 -0.042013 0.309804 0.305882 0.313725
v -0.107300 0.174601 -0.038186 0.309804 0.305882 0.313725
v -0.109874 0.175383 -0.034197 0.309804 0.305882 0.313725
v -0.112699 0.176494 -0.030209 0.309804 0.305882 0.313725
v -0.115295 0.177173 -0.026092 0.309804 0.305882 0.313725
v -0.118145 0.178174 -0.021973 0.309804 0.305882 0.313725
v -0.120746 0.178733 -0.017757 0.309804 0.305882 0.313725
v -0.123341 0.179225 -0.013509 0.309804 0.305882 0.313725
v -0.126195 0.180029 -0.009255 0.309804 0.305882 0.313725
v -0.128771 0.180377 -0.004956 0.309804 0.305882 0.313725
v -0.131608 0.181031 -0.000648 0.309804 0.305882 0.313725
v -0.134149 0.181220 0.003671 0.309804 0.305882 0.313725
v -0.136952 0.181711 0.008001 0.309804 0.305882 0.313725
v -0.139439 0.181730 0.012308 0.309804 0.305882 0.313725
v -0.142190 0.182046 0.016627 0.309804 0.305882 0.313725
v -0.144606 0.181886 0.020889 0.309804 0.305882 0.313725
v -0.147289 0.182017 0.025166 0.309804 0.305882 0.313725
v -0.149616 0.181669 0.029351 0.309804 0.305882 0.313725
v -0.152212 0.181608 0.033553 0.309804 0.305882 0.313725
v -0.154435 0.181067 0.037631 0.309804 0.305882 0.313725
v -0.156927 0.180809 0.041726 0.309804 0.305882 0.313725
v -0.159029 0.180072 0.045665 0.309804 0.305882 0.313725
v -0.161062 0.179237 0.049518 0.309804 0.305882 0.313725
v -0.163024 0.178305 0.053280 0.309804 0.305882 0.313725
v -0.165258 0.177649 0.057063 0.309804 0.305882 0.313725
v -0.167070 0.176521 0.060628 0.309804 0.305882 0.313725
v -0.168801 0.175299 0.064080 0.309804 0.305882 0.313725
v -0.170806 0.174348 0.067554 0.309804 0.305882 0.313725
v -0.172369 0.172937 0.070769 0.309804 0.305882 0.313725
v -0.173844 0.171435 0.073852 0.309804 0.305882 0.313725
v -0.175227 0.169845 0.076799 0.309804 0.305882 0.313725
v -0.176887 0.168522 0.079769 0.309804 0.305882 0.313725
v -0.178085 0.166759 0.082430 0.309804 0.305882 0.313725
v -0.179187 0.164916 0.084938 0.309804 0.305882 0.313725
v -0.180192 0.162995 0.087289 0.309804 0.305882 0.313725
v -0.181478 0.161336 0.089664 0.309804 0.305882 0.313725
v -0.182289 0.159265 0.091691 0.309804 0.305882 0.313725
v -0.183000 0.157126 0.093547 0.309804 0.305882 0.313725
v -0.183997 0.155247 0.095428 0.309804 0.305882 0.313725
v -0.184513 0.152979 0.096937 0.309804 0.305882 0.313725
v -0.184931 0.150656 0.098266 0.309804 0.305882 0.313725
v -0.185638 0.148588 0.099619 0.309804 0.305882 0.313725
v -0.185865 0.146159 0.100583 0.309804 0.305882 0.313725
v -0.185997 0.143687 0.101360 0.309804 0.305882 0.313725
v -0.186038 0.141174 0.101949 0.309804 0.305882 0.313725
v -0.185988 0.138626 0.102349 0.309804 0.305882 0.313725
v -0.185850 0.136048 0.102558 0.309804 0.305882 0.313725
v -0.186012 0.133720 0.102790 0.309804 0.305882 0.313725
v -0.185706 0.131087 0.102618 0.309804 0.305882 0.313725
v -0.185322 0.128437 0.102256 0.309804 0.305882 0.313725
v -0.184861 0.125773 0.101704 0.309804 0.305882 0.313725
v -0.184328 0.123100 0.100963 0.309804 0.305882 0.313725
v -0.184108 0.120672 0.100242 0.309804 0.305882 0.313725
v -0.183442 0.117987 0.099125 0.309804 0.305882 0.313725
v -0.182716 0.115306 0.097824 0.309804 0.305882 0.313725
v -0.181935 0.112633 0.096342 0.309804 0.305882 0.313725
v -0.181104 0.109970 0.094681 0.309804 0.305882 0.313725
v -0.180227 0.107322 0.092844 0.309804 0.305882 0.313725
v -0.179679 0.104909 0.091022 0.309804 0.305882 0.313725
v -0.178724 0.102296 0.088840 0.309804 0.305882 0.313725
v -0.177738 0.099708 0.086492 0.309804 0.305882 0.313725
v -0.176728 0.097148 0.083984 0.309804 0.305882 0.313725
v -0.175698 0.094619 0.081320 0.309804 0.305882 0.313725
v -0.174653 0.092124 0.078505 0.309804 0.305882 0.313725
v -0.173601 0.089665 0.075544 0.309804 0.305882 0.313725
v -0.172545 0.087244 0.072443 0.309804 0.305882 0.313725
v -0.171493 0.084864 0.069208 0.309804 0.305882 0.313725
v -0.170448 0.082526 0.065843 0.309804 0.305882 0.313725
v -0.169418 0.080232 0.062357 0.309804 0.305882 0.313725
v -0.168407 0.077983 0.058755 0.309804 0.305882 0.313725
v -0.167420 0.075781 0.055044 0.309804 0.305882 0.313725
v -0.166464 0.073626 0.051230 0.309804 0.305882 0.313725
v -0.165885 0.071667 0.047419 0.309804 0.305882 0.313725
v -0.165003 0.069605 0.043414 0.309804 0.305882 0.313725
v -0.164166 0.067591 0.039329 0.309804 0.305882 0.313725
v -0.163380 0.065626 0.035171 0.309804 0.305882 0.313725
v -0.162984 0.063842 0.031011 0.309804 0.305882 0.313725
v -0.162312 0.061970 0.026721 0.309804 0.305882 0.313725
v -0.161703 0.060146 0.022381 0.309804 0.305882 0.313725
v -0.161163 0.058369 0.018000 0.309804 0.305882 0.313725
v -0.161025 0.056754 0.013613 0.309804 0.305882 0.313725
v -0.160632 0.055063 0.009164 0.309804 0.305882 0.313725
v -0.160317 0.053416 0.004698 0.309804 0.305882 0.313725
v -0.160413 0.051916 0.000224 0.309804 0.305882 0.313725
v -0.160266 0.050347 -0.004260 0.309804 0.305882 0.313725
v -0.160206 0.048815 -0.008736 0.309804 0.305882 0.313725
v -0.160564 0.047416 -0.013223 0.309804 0.305882 0.313725
v -0.160686 0.045950 -0.017668 0.309804 0.305882 0.313725
v -0.160901 0.044515 -0.022080 0.309804 0.305882 0.313725
v -0.161541 0.043196 -0.026505 0.309804 0.305882 0.313725
v -0.161948 0.041813 -0.030836 0.309804 0.305882 0.313725
v -0.162783 0.040535 -0.035181 0.309804 0.305882 0.313725
v -0.163716 0.039272 -0.039477 0.309804 0.305882 0.313725
v -0.164416 0.037945 -0.043629 0.309804 0.305882 0.313725
v -0.165548 0.036706 -0.047797 0.309804 0.305882 0.313725
v -0.166779 0.035474 -0.051893 0.309804 0.305882 0.313725
v -0.168109 0.034245 -0.055908 0.309804 0.305882 0.313725
v -0.169196 0.032950 -0.059714 0.309804 0.305882 0.313725
v -0.170718 0.031722 -0.063538 0.309804 0.305882 0.313725
v -0.172336 0.030488 -0.067258 0.309804 0.305882 0.313725
v -0.174047 0.029246 -0.070867 0.309804 0.305882 0.313725
v -0.175496 0.027937 -0.074210 0.309804 0.305882 0.313725
v -0.177383 0.026671 -0.077570 0.309804 0.305882 0.313725
v -0.178996 0.025338 -0.080637 0.309804 0.305882 0.313725
v -0.181046 0.024039 -0.083722 0.309804 0.305882 0.313725
v -0.182810 0.022671 -0.086490 0.309804 0.305882 0.313725
v -0.185009 0.021327 -0.089275 0.309804 0.305882 0.313725
v -0.186905 0.019914 -0.091722 0.309804 0.305882 0.313725
v -0.189236 0.018515 -0.094186 0.309804 0.305882 0.313725
v -0.191247 0.017049 -0.096292 0.309804 0.305882 0.313725
v -0.193305 0.015554 -0.098219 0.309804 0.305882 0.313725
v -0.195406 0.014029 -0.099964 0.309804 0.305882 0.313725
v -0.197543 0.012472 -0.101523 0.309804 0.305882 0.313725
v -0.200109 0.010904 -0.103098 0.309804 0.305882 0.313725
v -0.202306 0.009275 -0.104281 0.309804 0.305882 0.313725
v -0.204522 0.007611 -0.105269 0.309804 0.305882 0.313725
v -0.206751 0.005910 -0.106062 0.309804 0.305882 0.313725
v -0.208986 0.004172 -0.106658 0.309804 0.305882 0.313725
v -0.211221 0.002395 -0.107056 0.309804 0.305882 0.313725
v -0.213449 0.000581 -0.107255 0.309804 0.305882 0.313725
v -0.218235 -0.001287 -0.108533 0.309804 0.305882 0.313725
v -0.220458 -0.003201 -0.108332 0.309804 0.305882 0.313725
v -0.222218 -0.005142 -0.107717 0.309804 0.305882 0.313725
v -0.224378 -0.007127 -0.107115 0.309804 0.305882 0.313725
v -0.226500 -0.009150 -0.106314 0.309804 0.305882 0.313725
v -0.228577 -0.011207 -0.105316 0.309804 0.305882 0.313725
v -0.230602 -0.013300 -0.104122 0.309804 0.305882 0.313725
v -0.232112 -0.015395 -0.102533 0.309804 0.305882 0.313725
v -0.234013 -0.017548 -0.100958 0.309804 0.305882 0.313725
v -0.235845 -0.019731 -0.099196 0.309804 0.305882 0.313725
v -0.237602 -0.021942 -0.097250 0.309804 0.305882 0.313725
v -0.238807 -0.024131 -0.094935 0.309804 0.305882 0.313725
v -0.240396 -0.026386 -0.092636 0.309804 0.305882 0.313725
v -0.241893 -0.028663 -0.090165 0.309804 0.305882 0.313725
v -0.243296 -0.030958 -0.087527 0.309804 0.305882 0.313725
v -0.244599 -0.033268 -0.084725 0.309804 0.305882 0.313725
v -0.245313 -0.035521 -0.081606 0.309804 0.305882 0.313725
v -0.246403 -0.037850 -0.078502 0.309804 0.305882 0.313725
v -0.247380 -0.040186 -0.075252 0.309804 0.305882 0.313725
v -0.248243 -0.042525 -0.071862 0.309804 0.305882 0.313725
v -0.248988 -0.044865 -0.068339 0.309804 0.305882 0.313725
v -0.249612 -0.047202 -0.064689 0.309804 0.305882 0.313725
v -0.250113 -0.049533 -0.060919 0.309804 0.305882 0.313725
v -0.250489 -0.051855 -0.057036 0.309804 0.305882 0.313725
v -0.250738 -0.054165 -0.053047 0.309804 0.305882 0.313725
v -0.250858 -0.056458 -0.048960 0.309804 0.305882 0.313725
v -0.250848 -0.058732 -0.044781 0.309804 0.305882 0.313725
v -0.250709 -0.060983 -0.040519 0.309804 0.305882 0.313725
v -0.250439 -0.063208 -0.036183 0.309804 0.305882 0.313725
v -0.250038 -0.065404 -0.031779 0.309804 0.305882 0.313725
v -0.250000 -0.067702 -0.027370 0.309804 0.305882 0.313725
v -0.249338 -0.069835 -0.022847 0.309804 0.305882 0.313725
v -0.248546 -0.071929 -0.018282 0.309804 0.305882 0.313725
v -0.247628 -0.073982 -0.013683 0.309804 0.305882 0.313725
v -0.247070 -0.076141 -0.009076 0.309804 0.305882 0.313725
v -0.245900 -0.078107 -0.004426 0.309804 0.305882 0.313725
v -0.244608 -0.080024 0.000233 0.309804 0.305882 0.313725
v -0.243676 -0.082051 0.004901 0.309804 0.305882 0.313725
v -0.242623 -0.084032 0.009578 0.309804 0.305882 0.313725
v -0.240977 -0.085795 0.014228 0.309804 0.305882 0.313725
v -0.239691 -0.087672 0.018888 0.309804 0.305882 0.313725
v -0.237827 -0.089321 0.023485 0.309804 0.305882 0.313725
v -0.236323 -0.091088 0.028094 0.309804 0.305882 0.313725
v -0.234714 -0.092799 0.032668 0.309804 0.305882 0.313725
v -0.232549 -0.094269 0.037127 0.309804 0.305882 0.313725
v -0.230746 -0.095862 0.041597 0.309804 0.305882 0.313725
v -0.228851 -0.097396 0.046008 0.309804 0.305882 0.313725
v -0.227309 -0.099062 0.050447 0.309804 0.305882 0.313725
v -0.227415 -0.101450 0.055248 0.309804 0.305882 0.313725
v -0.232127 -0.105960 0.061292 0.309804 0.305882 0.313725
v -0.232351 -0.108492 0.066273 0.309804 0.305882 0.313725
v -0.230344 -0.109983 0.070594 0.309804 0.305882 0.313725
v -0.227849 -0.111213 0.074677 0.309804 0.305882 0.313725
v -0.224887 -0.112177 0.078492 0.309804 0.305882 0.313725
v -0.222288 -0.113284 0.082312 0.309804 0.305882 0.313725
v -0.219246 -0.114124 0.085835 0.309804 0.305882 0.313725
v -0.216569 -0.115114 0.089361 0.309804 0.305882 0.313725
v -0.206505 -0.112058 0.089545 0.309804 0.305882 0.313725
v -0.198918 -0.110171 0.090398 0.309804 0.305882 0.313725
v -0.195217 -0.110331 0.092741 0.309804 0.305882 0.313725
v -0.191907 -0.110653 0.095074 0.309804 0.305882 0.313725
v -0.188977 -0.111144 0.097410 0.309804 0.305882 0.313725
v -0.186057 -0.111596 0.099565 0.309804 0.305882 0.313725
v -0.182799 -0.111796 0.101339 0.309804 0.305882 0.313725
v -0.179573 -0.111960 0.102918 0.309804 0.305882 0.313725
v -0.176726 -0.112313 0.104501 0.309804 0.305882 0.313725
v -0.173911 -0.112639 0.105891 0.309804 0.305882 0.313725
v -0.170801 -0.112727 0.106876 0.309804 0.305882 0.313725
v -0.168069 -0.113015 0.107868 0.309804 0.305882 0.313725
v -0.165062 -0.113071 0.108449 0.309804 0.305882 0.313725
v -0.162430 -0.113337 0.109038 0.309804 0.305882 0.313725
v -0.159853 -0.113600 0.109424 0.309804 0.305882 0.313725
v -0.157333 -0.113863 0.109607 0.309804 0.305882 0.313725
v -0.154574 -0.113909 0.109374 0.309804 0.305882 0.313725
v -0.152185 -0.114185 0.109151 0.309804 0.305882 0.313725
v -0.149863 -0.114475 0.108724 0.309804 0.305882 0.313725
v -0.147612 -0.114784 0.108096 0.309804 0.305882 0.313725
v -0.145433 -0.115115 0.107268 0.309804 0.305882 0.313725
v -0.143329 -0.115472 0.106240 0.309804 0.305882 0.313725
v -0.141577 -0.116087 0.105219 0.309804 0.305882 0.313725
v -0.139624 -0.116513 0.103796 0.309804 0.305882 0.313725
v -0.137751 -0.116978 0.102181 0.309804 0.305882 0.313725
v -0.135958 -0.117487 0.100375 0.309804 0.305882 0.313725
v -0.134245 -0.118044 0.098384 0.309804 0.305882 0.313725
v -0.132872 -0.118882 0.096396 0.309804 0.305882 0.313725
v -0.131319 -0.119547 0.094039 0.309804 0.305882 0.313725
v -0.130099 -0.120503 0.091684 0.309804 0.305882 0.313725
v -0.131197 -0.123638 0.090699 0.309804 0.305882 0.313725
v -0.134297 -0.128762 0.090771 0.309804 0.305882 0.313725
v -0.133238 -0.129969 0.087735 0.309804 0.305882 0.313725
v -0.132014 -0.131014 0.084370 0.309804 0.305882 0.313725
v -0.130629 -0.131894 0.080699 0.309804 0.305882 0.313725
v -0.129325 -0.132848 0.076892 0.309804 0.305882 0.313725
v -0.128099 -0.133879 0.072956 0.309804 0.305882 0.313725
v -0.126949 -0.134987 0.068898 0.309804 0.305882 0.313725
v -0.125637 -0.135921 0.064608 0.309804 0.305882 0.313725
v -0.124628 -0.137183 0.060340 0.309804 0.305882 0.313725
v -0.123454 -0.138266 0.055871 0.309804 0.305882 0.313725
v -0.122572 -0.139683 0.051427 0.309804 0.305882 0.313725
v -0.121518 -0.140913 0.046816 0.309804 0.305882 0.313725
v -0.120746 -0.142483 0.042230 0.309804 0.305882 0.313725
v -0.119796 -0.143857 0.037513 0.309804 0.305882 0.313725
v -0.118891 -0.145299 0.032761 0.309804 0.305882 0.313725
v -0.118027 -0.146807 0.027982 0.309804 0.305882 0.313725
v -0.117422 -0.148660 0.023232 0.309804 0.305882 0.313725
v -0.116624 -0.150295 0.018421 0.309804 0.305882 0.313725
v -0.115853 -0.151988 0.013613 0.309804 0.305882 0.313725
v -0.115104 -0.153736 0.008815 0.309804 0.305882 0.313725
v -0.114371 -0.155534 0.004038 0.309804 0.305882 0.313725
v -0.113872 -0.157684 -0.000711 0.309804 0.305882 0.313725
v -0.113159 -0.159578 -0.005431 0.309804 0.305882 0.313725
v -0.112450 -0.161510 -0.010103 0.309804 0.305882 0.313725
v -0.111959 -0.163797 -0.014749 0.309804 0.305882 0.313725
v -0.111243 -0.165799 -0.019311 0.309804 0.305882 0.313725
v -0.110735 -0.168157 -0.023849 0.309804 0.305882 0.313725
v -0.109995 -0.170209 -0.028268 0.309804 0.305882 0.313725
v -0.109238 -0.172278 -0.032600 0.309804 0.305882 0.313725
v -0.108676 -0.174703 -0.036909 0.309804 0.305882 0.313725
v -0.107873 -0.176791 -0.041051 0.309804 0.305882 0.313725
v -0.107257 -0.179237 -0.045172 0.309804 0.305882 0.313725
v -0.106394 -0.181323 -0.049095 0.309804 0.305882 0.313725
v -0.105922 -0.184137 -0.053107 0.309804 0.305882 0.313725
v -0.104987 -0.186206 -0.056792 0.309804 0.305882 0.313725
v -0.104223 -0.188633 -0.060462 0.309804 0.305882 0.313725
v -0.103415 -0.191042 -0.064005 0.309804 0.305882 0.313725
v -0.102353 -0.193036 -0.067278 0.309804 0.305882 0.313725
v -0.101452 -0.195388 -0.070542 0.309804 0.305882 0.313725
v -0.100502 -0.197705 -0.073660 0.309804 0.305882 0.313725
v -0.099500 -0.199983 -0.076629 0.309804 0.305882 0.313725
v -0.098243 -0.201800 -0.079281 0.309804 0.305882 0.313725
v -0.097137 -0.203976 -0.081930 0.309804 0.305882 0.313725
v -0.095975 -0.206095 -0.084416 0.309804 0.305882 0.313725
v -0.094759 -0.208152 -0.086734 0.309804 0.305882 0.313725
v -0.093487 -0.210142 -0.088882 0.309804 0.305882 0.313725
v -0.092159 -0.212060 -0.090855 0.309804 0.305882 0.313725
v -0.090776 -0.213902 -0.092651 0.309804 0.305882 0.313725
v -0.089337 -0.215662 -0.094266 0.309804 0.305882 0.313725
v -0.087844 -0.217336 -0.095700 0.309804 0.305882 0.313725
v -0.086297 -0.218920 -0.096950 0.309804 0.305882 0.313725
v -0.084696 -0.220410 -0.098013 0.309804 0.305882 0.313725
v -0.083044 -0.221802 -0.098890 0.309804 0.305882 0.313725
v -0.081342 -0.223092 -0.099579 0.309804 0.305882 0.313725
v -0.079591 -0.224278 -0.100080 0.309804 0.305882 0.313725
v -0.077793 -0.225355 -0.100393 0.309804 0.305882 0.313725
v -0.076111 -0.226801 -0.100729 0.309804 0.305882 0.313725
v -0.074221 -0.227657 -0.100666 0.309804 0.305882 0.313725
v -0.072445 -0.228882 -0.100629 0.309804 0.305882 0.313725
v -0.070472 -0.229508 -0.100192 0.309804 0.305882 0.313725
v -0.068464 -0.230014 -0.099571 0.309804 0.305882 0.313725
v -0.066423 -0.230400 -0.098767 0.309804 0.305882 0.313725
v -0.064351 -0.230665 -0.097782 0.309804 0.305882 0.313725
v -0.062251 -0.230807 -0.096619 0.309804 0.305882 0.313725
v -0.060257 -0.231322 -0.095486 0.309804 0.305882 0.313725
v -0.058107 -0.231221 -0.093974 0.309804 0.305882 0.313725
v -0.055939 -0.230998 -0.092294 0.309804 0.305882 0.313725
v -0.053755 -0.230654 -0.090448 0.309804 0.305882 0.313725
v -0.051559 -0.230189 -0.088443 0.309804 0.305882 0.313725
v -0.049461 -0.230102 -0.086468 0.309804 0.305882 0.313725
v -0.047245 -0.229400 -0.084150 0.309804 0.305882 0.313725
v -0.045027 -0.228583 -0.081686 0.309804 0.305882 0.313725
v -0.042809 -0.227653 -0.079080 0.309804 0.305882 0.313725
v -0.040594 -0.226613 -0.076338 0.309804 0.305882 0.313725
v -0.038469 -0.225956 -0.073626 0.309804 0.305882 0.313725
v -0.036266 -0.224701 -0.070624 0.309804 0.305882 0.313725
v -0.034075 -0.223345 -0.067503 0.309804 0.305882 0.313725
v -0.031968 -0.222378 -0.064410 0.309804 0.305882 0.313725
v -0.029871 -0.221312 -0.061198 0.309804 0.305882 0.313725
v -0.027723 -0.219670 -0.057746 0.309804 0.305882 0.313725
v -0.025655 -0.218421 -0.054321 0.309804 0.305882 0.313725
v -0.023552 -0.216610 -0.050683 0.309804 0.305882 0.313725
v -0.021523 -0.215195 -0.047070 0.309804 0.305882 0.313725
v -0.019472 -0.213234 -0.043275 0.309804 0.305882 0.313725
v -0.017491 -0.211671 -0.039502 0.309804 0.305882 0.313725
v -0.015501 -0.209579 -0.035578 0.309804 0.305882 0.313725
v -0.013575 -0.207889 -0.031675 0.309804 0.305882 0.313725
v -0.011678 -0.206142 -0.027713 0.309804 0.305882 0.313725
v -0.009788 -0.203891 -0.023647 0.309804 0.305882 0.313725
v -0.007955 -0.202048 -0.019598 0.309804 0.305882 0.313725
v -0.006140 -0.199722 -0.015479 0.309804 0.305882 0.313725
v -0.004375 -0.197806 -0.011374 0.309804 0.305882 0.313725
v -0.002643 -0.195860 -0.007248 0.309804 0.305882 0.313725
v -0.000945 -0.193890 -0.003109 0.309804 0.305882 0.313725
v 0.000717 -0.191477 0.001034 0.309804 0.305882 0.313725
v 0.002342 -0.189480 0.005168 0.309804 0.305882 0.313725
v 0.003934 -0.187476 0.009293 0.309804 0.305882 0.313725
v 0.005491 -0.185470 0.013400 0.309804 0.305882 0.313725
v 0.007000 -0.183062 0.017443 0.309804 0.305882 0.313725
v 0.008487 -0.181076 0.021484 0.309804 0.305882 0.313725
v 0.009943 -0.179105 0.025485 0.309804 0.305882 0.313725
v 0.011367 -0.177155 0.029439 0.309804 0.305882 0.313725
v 0.012761 -0.175231 0.033338 0.309804 0.305882 0.313725
v 0.014126 -0.173339 0.037175 0.309804 0.305882 0.313725
v 0.015464 -0.171484 0.040943 0.309804 0.305882 0.313725
v 0.016775 -0.169669 0.044635 0.309804 0.305882 0.313725
v 0.018063 -0.167902 0.048244 0.309804 0.305882 0.313725
v 0.019286 -0.165815 0.051648 0.309804 0.305882 0.313725
v 0.020528 -0.164156 0.055064 0.309804 0.305882 0.313725
v 0.021753 -0.162557 0.058378 0.309804 0.305882 0.313725
v 0.022962 -0.161021 0.061583 0.309804 0.305882 0.313725
v 0.024103 -0.159195 0.064530 0.309804 0.305882 0.313725
v 0.025285 -0.157799 0.067494 0.309804 0.305882 0.313725
v 0.026458 -0.156475 0.070333 0.309804 0.305882 0.313725
v 0.027563 -0.154881 0.072878 0.309804 0.305882 0.313725
v 0.028725 -0.153714 0.075444 0.309804 0.305882 0.313725
v 0.029885 -0.152627 0.077871 0.309804 0.305882 0.313725
v 0.030978 -0.151284 0.079974 0.309804 0.305882 0.313725
v 0.032143 -0.150366 0.082102 0.309804 0.305882 0.313725
v 0.033241 -0.149199 0.083890 0.309804 0.305882 0.313725
v 0.034421 -0.148455 0.085705 0.309804 0.305882 0.313725
v 0.035533 -0.147465 0.087166 0.309804 0.305882 0.313725
v 0.036822 -0.147228 0.088857 0.309804 0.305882 0.313725
v 0.037962 -0.146416 0.089983 0.309804 0.305882 0.313725
v 0.039118 -0.145693 0.090937 0.309804 0.305882 0.313725
v 0.040291 -0.145058 0.091717 0.309804 0.305882 0.313725
v 0.041484 -0.144510 0.092323 0.309804 0.305882 0.313725
v 0.042698 -0.144048 0.092754 0.309804 0.305882 0.313725
v 0.043936 -0.143668 0.093011 0.309804 0.305882 0.313725
v 0.045200 -0.143370 0.093093 0.309804 0.305882 0.313725
v 0.046491 -0.143150 0.093001 0.309804 0.305882 0.313725
v 0.047811 -0.143007 0.092736 0.309804 0.305882 0.313725
v 0.049161 -0.142936 0.092300 0.309804 0.305882 0.313725
v 0.050425 -0.142605 0.091482 0.309804 0.305882 0.313725
v 0.051836 -0.142669 0.090709 0.309804 0.305882 0.313725
v 0.053280 -0.142796 0.089770 0.309804 0.305882 0.313725
v 0.054630 -0.142649 0.088463 0.309804 0.305882 0.313725
v 0.056138 -0.142888 0.087203 0.309804 0.305882 0.313725
v 0.057546 -0.142842 0.085587 0.309804 0.305882 0.313725
v 0.059120 -0.143176 0.084021 0.309804 0.305882 0.313725
v 0.060729 -0.143553 0.082306 0.309804 0.305882 0.313725
v 0.062225 -0.143625 0.080256 0.309804 0.305882 0.313725
v 0.063746 -0.143727 0.078072 0.309804 0.305882 0.313725
v 0.065447 -0.144197 0.075944 0.309804 0.305882 0.313725
v 0.067181 -0.144691 0.073683 0.309804 0.305882 0.313725
v 0.068946 -0.145202 0.071297 0.309804 0.305882 0.313725
v 0.070741 -0.145728 0.068789 0.309804 0.305882 0.313725
v 0.072389 -0.145909 0.066005 0.309804 0.305882 0.313725
v 0.074235 -0.146444 0.063276 0.309804 0.305882 0.313725
v 0.076105 -0.146979 0.060442 0.309804 0.305882 0.313725
v 0.077809 -0.147149 0.057370 0.309804 0.305882 0.313725
v 0.079718 -0.147665 0.054351 0.309804 0.305882 0.313725
v 0.081646 -0.148167 0.051246 0.309804 0.305882 0.313725
v 0.083589 -0.148649 0.048061 0.309804 0.305882 0.313725
v 0.085336 -0.148739 0.044691 0.309804 0.305882 0.313725
v 0.087299 -0.149167 0.041372 0.309804 0.305882 0.313725
v 0.089269 -0.149562 0.037993 0.309804 0.305882 0.313725
v 0.091245 -0.149921 0.034559 0.309804 0.305882 0.313725
v 0.092990 -0.149864 0.031000 0.309804 0.305882 0.313725
v 0.094961 -0.150137 0.027487 0.309804 0.305882 0.313725
v 0.096928 -0.150361 0.023941 0.309804 0.305882 0.313725
v 0.098886 -0.150535 0.020367 0.309804 0.305882 0.313725
v 0.100834 -0.150654 0.016774 0.309804 0.305882 0.313725
v 0.102767 -0.150716 0.013167 0.309804 0.305882 0.313725
v 0.104949 -0.151101 0.009578 0.309804 0.305882 0.313725
v 0.106848 -0.151040 0.005957 0.309804 0.305882 0.313725
v 0.109000 -0.151299 0.002348 0.309804 0.305882 0.313725
v 0.111135 -0.151492 -0.001265 0.309804 0.305882 0.313725
v 0.113248 -0.151615 -0.004875 0.309804 0.305882 0.313725
v 0.115044 -0.151282 -0.008455 0.309804 0.305882 0.313725
v 0.117100 -0.151262 -0.012031 0.309804 0.305882 0.313725
v 0.119427 -0.151551 -0.015625 0.309804 0.305882 0.313725
v 0.121421 -0.151379 -0.019160 0.309804 0.305882 0.313725
v 0.123689 -0.151513 -0.022716 0.309804 0.305882 0.313725
v 0.125925 -0.151567 -0.026247 0.309804 0.305882 0.313725
v 0.128449 -0.151921 -0.029823 0.309804 0.305882 0.313725
v 0.130941 -0.152189 -0.033377 0.309804 0.305882 0.313725
v 0.133732 -0.152749 -0.036996 0.309804 0.305882 0.313725
v 0.136492 -0.153217 -0.040595 0.309804 0.305882 0.313725
v 0.139218 -0.153592 -0.044167 0.309804 0.305882 0.313725
v 0.141907 -0.153871 -0.047705 0.309804 0.305882 0.313725
v 0.144552 -0.154054 -0.051201 0.309804 0.305882 0.313725
v 0.147151 -0.154139 -0.054646 0.309804 0.305882 0.313725
v 0.149343 -0.153760 -0.057895 0.309804 0.305882 0.313725
v 0.151833 -0.153652 -0.061210 0.309804 0.305882 0.313725
v 0.154265 -0.153445 -0.064451 0.309804 0.305882 0.313725
v 0.155904 -0.152424 -0.067296 0.309804 0.305882 0.313725
v 0.158203 -0.152028 -0.070356 0.309804 0.305882 0.313725
v 0.160063 -0.151183 -0.073151 0.309804 0.305882 0.313725
v 0.161847 -0.150250 -0.075832 0.309804 0.305882 0.313725
v 0.163553 -0.149230 -0.078393 0.309804 0.305882 0.313725
v 0.165178 -0.148125 -0.080829 0.309804 0.305882 0.313725
v 0.166342 -0.146601 -0.082943 0.309804 0.305882 0.313725
v 0.167800 -0.145336 -0.085106 0.309804 0.305882 0.313725
v 0.169174 -0.143993 -0.087125 0.309804 0.305882 0.313725
v 0.170461 -0.142573 -0.088997 0.309804 0.305882 0.313725
v 0.171662 -0.141081 -0.090716 0.309804 0.305882 0.313725
v 0.172391 -0.139208 -0.092072 0.309804 0.305882 0.313725
v 0.173418 -0.137585 -0.093470 0.309804 0.305882 0.313725
v 0.174744 -0.136199 -0.094912 0.309804 0.305882 0.313725
v 0.186415 -0.142731 -0.101889 0.309804 0.305882 0.313725
v 0.214227 -0.161115 -0.117663 0.309804 0.305882 0.313725
v 0.215663 -0.159304 -0.118865 0.309804 0.305882 0.313725
v 0.215839 -0.156577 -0.119211 0.309804 0.305882 0.313725
v 0.215917 -0.153811 -0.119335 0.309804 0.305882 0.313725
v 0.215900 -0.151010 -0.119237 0.309804 0.305882 0.313725
v 0.215407 -0.147917 -0.118705 0.309804 0.305882 0.313725
v 0.215211 -0.145069 -0.118162 0.309804 0.305882 0.313725
v 0.214550 -0.141950 -0.117189 0.309804 0.305882 0.313725
v 0.214192 -0.139074 -0.116204 0.309804 0.305882 0.313725
v 0.213380 -0.135947 -0.114795 0.309804 0.305882 0.313725
v 0.212879 -0.133061 -0.113374 0.309804 0.305882 0.313725
v 0.211936 -0.129946 -0.111538 0.309804 0.305882 0.313725
v 0.210938 -0.126845 -0.109496 0.309804 0.305882 0.313725
v 0.210261 -0.123983 -0.107440 0.309804 0.305882 0.313725
v 0.209536 -0.121134 -0.105176 0.309804 0.305882 0.313725
v 0.208768 -0.118301 -0.102708 0.309804 0.305882 0.313725
v 0.207964 -0.115489 -0.100040 0.309804 0.305882 0.313725
v 0.207130 -0.112701 -0.097175 0.309804 0.305882 0.313725
v 0.206271 -0.109940 -0.094119 0.309804 0.305882 0.313725
v 0.205396 -0.107211 -0.090877 0.309804 0.305882 0.313725
v 0.204509 -0.104515 -0.087454 0.309804 0.305882 0.313725
v 0.203972 -0.102033 -0.084001 0.309804 0.305882 0.313725
v 0.203081 -0.099409 -0.080227 0.309804 0.305882 0.313725
v 0.202199 -0.096825 -0.076290 0.309804 0.305882 0.313725
v 0.201680 -0.094449 -0.072321 0.309804 0.305882 0.313725
v 0.200834 -0.091950 -0.068072 0.309804 0.305882 0.313725
v 0.200016 -0.089499 -0.063680 0.309804 0.305882 0.313725
v 0.199233 -0.087095 -0.059155 0.309804 0.305882 0.313725
v 0.198492 -0.084741 -0.054503 0.309804 0.305882 0.313725
v 0.197460 -0.082296 -0.049649 0.309804 0.305882 0.313725
v 0.196149 -0.079772 -0.044626 0.309804 0.305882 0.313725
v 0.195240 -0.077448 -0.039605 0.309804 0.305882 0.313725
v 0.193731 -0.074924 -0.034392 0.309804 0.305882 0.313725
v 0.186641 -0.070339 -0.028292 0.309804 0.305882 0.313725
v 0.130234 -0.047803 -0.016293 0.309804 0.305882 0.313725
v 0.128173 -0.045797 -0.012582 0.309804 0.305882 0.313725
v 0.127500 -0.044321 -0.009031 0.309804 0.305882 0.313725
v 0.127219 -0.042998 -0.005497 0.309804 0.305882 0.313725
v 0.127002 -0.041709 -0.001952 0.309804 0.305882 0.313725
v 0.126523 -0.040347 0.001593 0.309804 0.305882 0.313725
v 0.126441 -0.039123 0.005129 0.309804 0.305882 0.313725
v 0.126429 -0.037928 0.008656 0.309804 0.305882 0.313725
v 0.126489 -0.036761 0.012167 0.309804 0.305882 0.313725
v 0.126622 -0.035619 0.015655 0.309804 0.305882 0.313725
v 0.127158 -0.034590 0.019164 0.309804 0.305882 0.313725
v 0.127440 -0.033490 0.022597 0.309804 0.305882 0.313725
v 0.128130 -0.032493 0.026054 0.309804 0.305882 0.313725
v 0.128897 -0.031508 0.029481 0.309804 0.305882 0.313725
v 0.129744 -0.030532 0.032871 0.309804 0.305882 0.313725
v 0.130670 -0.029564 0.036216 0.309804 0.305882 0.313725
v 0.131676 -0.028601 0.039510 0.309804 0.305882 0.313725
v 0.132761 -0.027641 0.042747 0.309804 0.305882 0.313725
v 0.133585 -0.026613 0.045804 0.309804 0.305882 0.313725
v 0.134825 -0.025654 0.048900 0.309804 0.305882 0.313725
v 0.136142 -0.024691 0.051921 0.309804 0.305882 0.313725
v 0.137187 -0.023661 0.054720 0.309804 0.305882 0.313725
v 0.138652 -0.022684 0.057564 0.309804 0.305882 0.313725
v 0.140188 -0.021697 0.060314 0.309804 0.305882 0.313725
v 0.141794 -0.020696 0.062965 0.309804 0.305882 0.313725
v 0.143109 -0.019630 0.065347 0.309804 0.305882 0.313725
v 0.144845 -0.018597 0.067777 0.309804 0.305882 0.313725
v 0.146276 -0.017501 0.069918 0.309804 0.305882 0.313725
v 0.148129 -0.016429 0.072109 0.309804 0.305882 0.313725
v 0.149663 -0.015294 0.073990 0.309804 0.305882 0.313725
v 0.151620 -0.014175 0.075924 0.309804 0.305882 0.313725
v 0.153242 -0.012995 0.077532 0.309804 0.305882 0.313725
v 0.154900 -0.011792 0.078995 0.309804 0.305882 0.313725
v 0.156981 -0.010591 0.080513 0.309804 0.305882 0.313725
v 0.158701 -0.009333 0.081684 0.309804 0.305882 0.313725
v 0.160444 -0.008049 0.082703 0.309804 0.305882 0.313725
v 0.162204 -0.006736 0.083569 0.309804 0.305882 0.313725
v 0.163977 -0.005395 0.084279 0.309804 0.305882 0.313725
v 0.165757 -0.004023 0.084833 0.309804 0.305882 0.313725
v 0.167540 -0.002622 0.085229 0.309804 0.305882 0.313725
v 0.169742 -0.001193 0.085680 0.309804 0.305882 0.313725
f 555 454 455
f 35 693 694
f 398 496 494
f 398 496 400
f 398 477 397
f 395 477 397
f 395 394 477
f 395 398 397
f 513 514 512
f 439 440 454
f 439 440 454
f 422 513 514
f 422 513 512
f 422 501 512
f 51 122 123
f 51 122 123
f 51 112 52
f 309 395 394
f 309 395 310
f 309 398 308
f 309 398 310
f 309 439 440
f 309 439 440
f 309 439 308
f 309 439 310
f 309 416 417
f 309 310 416
f 556 555 454
f 556 555 454
f 554 555 455
f 554 607 555
f 393 496 394
f 393 394 477
f 393 309 310
f 393 309 394
f 171 258 256
f 171 258 170
f 171 258 172
f 171 258 170
f 171 309 310
f 171 309 170
f 171 309 172
f 171 309 170
f 509 516 517
f 509 507 516
f 504 516 517
f 504 514 512
f 45 51 122
f 48 45 51
f 121 45 44
f 121 45 122
f 121 171 170
f 121 171 122
f 121 171 172
f 121 171 122
f 121 48 51
f 121 48 51
f 121 51 52
f 121 51 122
f 121 122 112
f 37 113 112
f 37 121 120
f 37 15 123
f 37 15 123
f 37 122 123
f 37 121 122
f 40 122 123
f 42 40 122
f 289 416 400
f 289 400 288
f 415 309 416
f 415 309 310
f 415 310 416
f 307 171 172
f 307 171 170
f 307 393 394
f 307 395 394
f 307 398 308
f 307 415 416
f 307 439 440
f 307 416 417
f 307 439 308
f 306 307 171
f 306 307 171
f 306 307 393
f 306 307 398
f 306 307 415
f 306 307 416
f 306 307 439
f 306 307 439
f 286 294 291
f 286 298 288
f 286 291 167
f 281 309 310
f 281 309 310
f 281 309 284
f 281 307 284
f 281 306 307
f 274 306 307
f 274 307 308
f 274 309 308
f 154 155 288
f 154 289 155
f 490 512 494
f 490 487 512
f 490 422 512
f 490 487 416
f 655 516 517
f 655 661 660
f 423 307 422
f 423 306 307
f 111 45 46
f 111 45 112
f 111 42 37
f 111 37 112
f 111 113 112
f 111 113 35
f 220 72 216
f 220 171 216
f 220 171 216
f 169 121 122
f 169 220 72
f 169 121 170
f 169 258 170
f 169 309 170
f 169 258 170
f 169 309 170
f 169 307 170
f 169 306 307
f 169 274 170
f 557 454 558
f 557 556 454
f 557 454 558
f 557 556 454
f 557 600 558
f 557 600 556
f 544 543 477
f 541 543 454
f 547 454 455
f 547 543 454
f 547 541 543
f 547 586 551
f 525 490 528
f 532 528 454
f 561 608 562
f 80 175 81
f 80 81 678
f 80 81 36
f 210 80 81
f 210 80 216
f 675 81 689
f 675 80 81
f 695 35 36
f 695 35 694
f 695 561 562
f 695 561 562
f 264 171 263
f 264 171 263
f 64 684 63
f 64 121 63
f 64 63 112
f 64 121 112
f 64 121 63
f 64 63 122
f 437 439 454
f 437 439 454
f 437 434 454
f 437 434 422
f 437 439 310
f 437 309 310
f 437 309 310
f 437 306 307
f 437 306 307
f 437 309 308
f 437 309 436
f 437 307 308
f 437 307 436
f 53 678 52
f 53 112 52
f 53 121 52
f 53 121 122
f 53 122 123
f 56 684 36
f 56 684 55
f 56 55 112
f 56 121 55
f 56 121 55
f 56 55 122
f 179 175 216
f 179 80 175
f 179 220 175
f 179 80 175
f 179 111 113
f 510 661 662
f 510 661 660
f 510 513 507
f 508 509 507
f 508 510 509
f 508 509 507
f 508 513 507
f 508 510 513
f 508 510 513
f 505 504 516
f 505 504 514
f 505 504 422
f 505 510 422
f 505 504 400
f 505 504 416
f 505 504 416
f 392 496 494
f 392 393 496
f 392 505 504
f 392 505 504
f 392 309 310
f 392 393 309
f 392 288 287
f 392 393 288
f 392 309 308
f 392 393 309
f 392 289 288
f 392 289 393
f 392 307 308
f 392 307 393
f 392 306 307
f 392 306 307
f 420 498 422
f 420 505 504
f 420 490 422
f 420 490 422
f 420 510 422
f 420 423 309
f 257 346 258
f 257 175 258
f 497 416 494
f 497 416 417
f 497 498 417
f 497 498 416
f 497 498 416
f 497 392 496
f 497 392 498
f 497 496 400
f 497 392 393
f 497 392 498
f 497 398 496
f 497 498 398
f 497 393 496
f 497 498 393
f 497 398 496
f 497 498 398
f 351 497 498
f 351 497 496
f 475 395 398
f 475 415 416
f 475 416 417
f 475 480 422
f 475 544 543
f 475 532 528
f 475 541 543
f 401 309 310
f 401 309 400
f 401 307 400
f 401 306 307
f 401 497 400
f 401 497 498
f 141 12 123
f 141 142 123
f 141 142 12
f 141 154 142
f 141 7 142
f 141 7 142
f 14 12 123
f 14 15 123
f 14 37 12
f 14 37 15
f 14 37 15
f 451 450 453
f 164 122 123
f 164 165 122
f 164 307 165
f 164 306 307
f 164 306 307
f 164 165 258
f 164 291 292
f 164 165 291
f 164 165 258
f 164 264 266
f 164 264 266
f 166 165 122
f 166 121 122
f 166 309 167
f 166 307 167
f 166 307 165
f 166 306 307
f 166 306 307
f 166 258 167
f 166 165 258
f 166 258 167
f 166 165 258
f 166 291 167
f 166 165 291
f 166 286 291
f 166 286 165
f 166 264 266
f 166 264 266
f 39 121 120
f 39 40 121
f 39 121 122
f 39 40 122
f 39 40 121
f 39 684 37
f 39 684 40
f 43 121 44
f 43 42 121
f 43 111 112
f 43 111 42
f 43 121 122
f 43 42 121
f 43 111 42
f 43 122 123
f 43 42 122
f 43 37 44
f 43 51 123
f 43 42 51
f 43 661 51
f 41 40 121
f 41 42 121
f 41 40 121
f 41 42 121
f 41 42 40
f 41 40 37
f 41 42 37
f 41 684 40
f 290 148 291
f 290 154 289
f 290 291 416
f 290 289 416
f 290 289 400
f 290 164 291
f 290 398 400
f 290 286 289
f 290 164 286
f 290 286 294
f 290 286 165
f 290 164 165
f 290 164 286
f 290 289 393
f 290 392 289
f 290 392 289
f 410 307 415
f 304 298 284
f 304 300 392
f 304 423 422
f 296 166 167
f 296 166 165
f 296 164 165
f 296 420 298
f 296 298 416
f 296 298 416
f 285 298 284
f 285 286 298
f 285 286 155
f 381 497 382
f 381 497 498
f 381 304 298
f 478 480 416
f 478 416 417
f 478 480 415
f 478 415 416
f 478 475 417
f 478 420 480
f 478 543 477
f 478 475 480
f 478 475 420
f 478 532 480
f 478 475 532
f 478 544 543
f 478 398 477
f 478 395 477
f 478 395 394
f 478 393 394
f 478 392 477
f 478 392 393
f 483 480 416
f 483 480 422
f 483 420 422
f 483 420 480
f 483 480 528
f 483 532 528
f 483 532 480
f 515 504 516
f 515 504 514
f 515 505 504
f 515 505 504
f 515 508 509
f 515 508 509
f 515 508 507
f 515 508 507
f 67 64 684
f 67 80 81
f 585 580 587
f 432 296 434
f 432 434 422
f 414 415 310
f 414 415 309
f 424 423 309
f 424 423 309
f 424 423 307
f 424 423 306
f 151 285 152
f 151 285 152
f 151 150 288
f 151 152 288
f 151 289 150
f 151 152 289
f 151 290 289
f 151 290 152
f 151 290 291
f 151 290 152
f 151 291 150
f 151 152 291
f 282 304 281
f 282 304 300
f 49 51 112
f 49 48 51
f 47 111 46
f 47 111 48
f 47 121 45
f 47 121 48
f 47 121 45
f 47 121 48
f 47 45 51
f 47 48 51
f 47 48 45
f 47 48 45
f 47 49 102
f 173 220 216
f 173 258 256
f 173 258 172
f 173 121 122
f 173 121 122
f 173 121 172
f 173 121 112
f 173 264 263
f 173 309 310
f 173 309 172
f 173 307 172
f 173 306 307
f 688 35 36
f 61 684 59
f 656 655 8
f 656 515 655
f 5 141 142
f 5 141 142
f 168 72 122
f 168 121 122
f 168 169 121
f 168 169 121
f 168 125 121
f 168 125 121
f 168 125 169
f 168 258 167
f 168 169 258
f 168 309 167
f 168 169 309
f 168 258 167
f 168 169 258
f 168 309 167
f 168 169 309
f 168 307 167
f 168 169 307
f 168 306 307
f 168 169 306
f 168 264 266
f 168 264 266
f 168 274 167
f 168 169 274
f 168 296 167
f 73 169 122
f 73 169 72
f 73 171 122
f 73 168 72
f 73 168 169
f 73 168 169
f 73 72 216
f 73 171 216
f 73 171 216
f 73 72 122
f 73 171 122
f 73 173 216
f 73 220 72
f 73 661 72
f 73 661 72
f 261 173 172
f 553 691 552
f 611 547 543
f 611 541 543
f 611 541 655
f 538 454 536
f 538 541 454
f 538 541 454
f 538 478 475
f 538 478 480
f 538 478 475
f 594 547 551
f 594 547 600
f 594 600 558
f 603 541 655
f 603 541 543
f 603 541 600
f 603 655 4
f 603 655 600
f 603 547 543
f 603 547 600
f 603 547 607
f 603 547 600
f 603 607 555
f 603 556 607
f 603 556 555
f 603 600 556
f 603 557 600
f 603 557 600
f 550 547 455
f 550 552 477
f 550 547 607
f 550 611 547
f 546 547 543
f 546 475 547
f 546 611 547
f 546 547 477
f 523 422 454
f 523 422 455
f 523 480 470
f 523 475 480
f 523 480 487
f 523 478 475
f 523 490 487
f 523 490 494
f 523 497 496
f 523 497 498
f 526 497 525
f 526 497 525
f 526 525 655
f 534 454 536
f 534 532 454
f 534 475 532
f 534 478 475
f 534 478 475
f 534 478 480
f 534 478 532
f 534 483 532
f 531 532 528
f 531 491 532
f 559 454 558
f 559 594 600
f 559 603 600
f 559 454 558
f 559 594 558
f 559 608 607
f 559 561 694
f 456 559 558
f 456 557 558
f 456 557 556
f 456 423 422
f 456 556 555
f 456 554 555
f 456 422 512
f 456 422 455
f 456 554 455
f 456 523 455
f 456 490 487
f 456 490 422
f 456 490 422
f 456 550 455
f 456 550 547
f 456 532 528
f 456 546 547
f 456 534 532
f 456 546 543
f 456 534 536
f 456 541 543
f 456 538 536
f 456 538 541
f 456 538 541
f 79 80 216
f 79 80 36
f 78 75 81
f 78 80 81
f 78 79 80
f 78 67 80
f 78 67 80
f 78 79 80
f 78 688 36
f 78 79 36
f 78 510 662
f 78 510 509
f 78 79 509
f 78 79 216
f 185 210 216
f 185 220 216
f 185 216 181
f 185 210 216
f 185 80 81
f 185 210 80
f 185 80 181
f 185 210 80
f 209 229 230
f 209 210 227
f 209 229 227
f 226 210 227
f 677 81 678
f 677 675 81
f 677 678 689
f 677 675 689
f 677 80 81
f 677 79 80
f 677 78 79
f 677 64 63
f 677 56 55
f 677 47 48
f 677 53 678
f 677 49 48
f 677 49 678
f 677 678 52
f 677 51 52
f 692 35 693
f 692 35 36
f 692 691 36
f 692 688 693
f 692 561 608
f 692 559 561
f 692 559 691
f 692 559 694
f 692 559 691
f 692 557 694
f 692 691 557
f 692 691 557
f 193 209 210
f 265 266 169
f 265 264 169
f 265 264 266
f 265 266 171
f 265 264 171
f 265 266 171
f 265 264 171
f 265 173 266
f 265 173 264
f 265 264 175
f 135 166 165
f 135 164 165
f 135 306 307
f 135 164 307
f 135 164 307
f 710 585 587
f 690 691 36
f 690 89 205
f 690 552 477
f 690 691 552
f 690 553 691
f 690 550 552
f 690 553 691
f 690 691 554
f 690 691 556
f 54 677 55
f 54 677 53
f 54 55 112
f 54 53 112
f 54 121 55
f 54 53 121
f 54 121 55
f 54 53 121
f 54 55 122
f 54 53 122
f 95 690 691
f 58 677 678
f 110 54 53
f 110 53 112
f 110 51 52
f 110 51 112
f 110 51 50
f 110 51 112
f 110 35 36
f 110 111 35
f 110 49 50
f 110 49 112
f 110 37 36
f 110 111 37
f 110 49 48
f 110 111 48
f 110 49 48
f 110 43 37
f 110 43 111
f 110 47 48
f 110 47 111
f 110 43 44
f 110 43 111
f 110 47 46
f 110 47 111
f 110 45 44
f 110 111 45
f 110 45 46
f 110 111 45
f 180 216 181
f 180 179 216
f 180 80 181
f 180 179 80
f 180 220 216
f 180 179 220
f 180 80 81
f 180 179 80
f 180 179 111
f 180 257 256
f 180 257 179
f 180 110 111
f 180 110 111
f 180 179 111
f 180 257 179
f 180 261 179
f 177 257 175
f 177 257 175
f 511 510 653
f 511 510 661
f 511 513 653
f 511 510 513
f 511 661 660
f 511 510 661
f 511 510 509
f 511 513 514
f 511 510 513
f 511 510 509
f 511 515 514
f 511 515 509
f 511 509 516
f 511 515 516
f 511 515 509
f 506 509 507
f 506 505 509
f 506 509 507
f 506 505 509
f 506 507 516
f 506 505 516
f 506 515 507
f 506 515 505
f 506 515 507
f 506 515 505
f 506 513 507
f 506 513 514
f 506 505 514
f 506 513 507
f 506 510 507
f 506 505 510
f 506 505 510
f 506 420 510
f 506 420 510
f 506 420 505
f 506 507 416
f 506 505 416
f 418 498 417
f 418 420 498
f 418 505 504
f 418 420 505
f 418 490 417
f 418 420 490
f 418 506 505
f 418 506 420
f 418 490 487
f 418 420 490
f 418 506 507
f 418 506 420
f 418 483 487
f 418 483 420
f 418 510 507
f 418 420 510
f 418 483 480
f 418 483 420
f 418 478 480
f 418 478 420
f 418 478 475
f 418 478 475
f 418 414 310
f 418 309 310
f 418 290 291
f 418 309 417
f 418 307 417
f 418 306 307
f 418 296 298
f 418 296 420
f 421 420 422
f 421 423 422
f 421 307 422
f 421 420 307
f 421 423 309
f 421 420 309
f 421 420 423
f 421 306 307
f 421 420 306
f 421 300 420
f 349 223 224
f 349 392 477
f 353 351 497
f 353 351 497
f 474 553 691
f 474 553 552
f 474 553 691
f 474 550 552
f 474 550 475
f 474 691 554
f 474 691 556
f 474 550 552
f 474 475 395
f 474 546 475
f 468 418 470
f 468 414 415
f 468 470 416
f 468 415 416
f 468 415 470
f 468 421 420
f 468 421 422
f 468 546 547
f 403 475 404
f 403 477 404
f 403 309 310
f 403 478 477
f 403 309 308
f 403 307 308
f 403 306 307
f 403 497 494
f 403 401 497
f 403 497 498
f 403 401 497
f 403 401 400
f 402 474 401
f 402 403 474
f 402 401 475
f 402 403 475
f 402 401 477
f 402 403 477
f 402 401 309
f 402 403 309
f 402 478 401
f 402 403 478
f 402 401 309
f 402 403 309
f 402 401 307
f 402 403 307
f 402 401 306
f 402 403 306
f 463 461 568
f 143 142 123
f 143 145 123
f 143 142 12
f 143 7 142
f 143 145 7
f 143 7 142
f 143 145 7
f 143 5 142
f 143 5 145
f 143 5 142
f 143 5 145
f 146 151 145
f 146 439 147
f 146 296 442
f 124 141 12
f 124 14 12
f 124 141 142
f 124 141 142
f 124 14 15
f 124 164 123
f 124 125 164
f 124 154 142
f 124 15 123
f 124 125 15
f 124 164 165
f 124 125 164
f 124 152 155
f 124 166 165
f 124 125 166
f 124 143 142
f 124 143 145
f 124 166 122
f 124 151 152
f 124 151 145
f 124 166 121
f 124 125 121
f 124 151 150
f 124 151 145
f 124 166 121
f 124 125 121
f 124 125 166
f 124 146 145
f 124 146 145
f 124 150 123
f 124 146 123
f 124 146 150
f 139 124 141
f 698 105 700
f 446 309 310
f 446 447 309
f 446 309 444
f 446 447 309
f 446 307 444
f 446 439 454
f 446 447 439
f 446 447 439
f 443 439 440
f 443 442 439
f 443 306 307
f 443 442 306
f 443 307 444
f 443 442 307
f 443 309 444
f 443 442 309
f 443 309 310
f 443 442 309
f 441 146 442
f 441 443 442
f 441 443 442
f 441 146 296
f 441 440 454
f 441 443 454
f 441 443 440
f 441 306 307
f 441 442 306
f 441 307 440
f 441 442 307
f 441 309 440
f 441 442 309
f 441 309 440
f 441 442 309
f 441 321 439
f 441 442 439
f 104 45 46
f 104 47 49
f 104 49 50
f 104 110 181
f 104 105 188
f 104 51 50
f 104 51 52
f 104 51 52
f 104 53 52
f 104 110 52
f 104 110 53
f 104 180 110
f 104 180 110
f 104 110 54
f 104 180 179
f 104 56 55
f 104 54 55
f 104 110 54
f 273 164 165
f 273 164 274
f 273 166 165
f 273 166 274
f 273 164 272
f 273 164 274
f 273 274 167
f 273 166 167
f 273 166 274
f 273 309 310
f 273 274 309
f 273 274 309
f 118 125 171
f 118 39 37
f 118 45 112
f 118 45 46
f 118 47 46
f 118 47 48
f 13 688 14
f 262 164 260
f 262 164 264
f 262 164 165
f 262 164 264
f 262 166 264
f 262 166 165
f 262 166 264
f 262 166 167
f 262 168 264
f 262 168 167
f 262 168 264
f 262 168 169
f 262 264 263
f 262 264 169
f 262 169 170
f 262 171 170
f 262 171 263
f 262 171 172
f 262 261 172
f 262 171 263
f 262 173 263
f 262 261 173
f 262 177 261
f 277 164 278
f 277 309 310
f 277 309 278
f 277 307 278
f 277 306 307
f 162 277 278
f 162 277 161
f 162 273 274
f 162 273 161
f 162 285 161
f 162 286 289
f 162 161 286
f 162 264 266
f 162 161 264
f 162 290 289
f 162 290 161
f 162 262 264
f 162 290 291
f 162 290 161
f 162 291 292
f 162 161 291
f 162 306 307
f 162 135 307
f 162 122 123
f 162 124 123
f 162 124 161
f 162 135 307
f 162 135 161
f 162 124 125
f 162 124 161
f 279 162 161
f 279 162 278
f 279 164 278
f 279 164 165
f 279 166 165
f 279 306 307
f 279 281 306
f 279 307 278
f 279 281 307
f 279 309 278
f 279 281 309
f 279 281 309
f 411 415 309
f 411 410 309
f 411 410 415
f 411 410 309
f 411 475 415
f 411 410 475
f 411 478 415
f 411 478 410
f 411 478 410
f 409 306 307
f 409 410 307
f 409 410 307
f 409 410 309
f 409 410 309
f 409 478 480
f 409 478 410
f 409 478 410
f 409 410 475
f 409 474 410
f 435 296 434
f 435 306 307
f 435 434 306
f 435 307 436
f 435 434 307
f 435 309 436
f 435 434 309
f 435 309 310
f 435 434 309
f 435 449 450
f 435 449 451
f 435 439 454
f 435 451 450
f 435 450 453
f 435 434 454
f 299 304 298
f 299 304 300
f 299 392 298
f 299 300 392
f 299 392 298
f 299 300 392
f 299 298 393
f 299 300 393
f 299 298 398
f 299 300 398
f 299 298 398
f 299 300 398
f 299 401 298
f 299 300 401
f 299 403 401
f 299 403 300
f 299 300 148
f 299 403 298
f 299 403 300
f 299 146 298
f 299 146 300
f 299 300 415
f 299 298 416
f 299 300 416
f 299 418 298
f 299 418 300
f 299 418 420
f 299 418 300
f 299 420 298
f 299 300 420
f 299 443 442
f 299 443 300
f 299 441 442
f 299 441 300
f 299 441 298
f 299 441 300
f 299 435 434
f 299 435 300
f 299 298 439
f 299 300 439
f 299 435 298
f 299 435 300
f 299 298 439
f 299 300 439
f 299 437 298
f 299 300 437
f 299 437 298
f 299 300 437
f 303 304 422
f 303 435 304
f 303 435 304
f 303 304 437
f 303 304 437
f 303 304 439
f 303 304 439
f 303 441 304
f 303 441 304
f 303 443 304
f 303 306 171
f 303 306 171
f 303 173 306
f 303 279 304
f 295 286 298
f 295 296 286
f 295 286 294
f 295 296 286
f 295 398 294
f 295 298 398
f 295 398 294
f 295 298 398
f 295 162 161
f 295 162 296
f 295 393 294
f 295 298 393
f 295 401 294
f 295 401 298
f 295 162 292
f 295 162 296
f 295 392 393
f 295 392 298
f 295 403 401
f 295 403 401
f 295 164 292
f 295 296 164
f 295 296 164
f 295 298 294
f 295 392 294
f 295 392 298
f 295 403 294
f 295 296 298
f 295 403 298
f 295 151 152
f 295 151 296
f 295 294 416
f 295 296 416
f 295 151 294
f 295 294 416
f 295 296 416
f 295 418 294
f 295 418 296
f 295 148 294
f 295 296 148
f 295 418 420
f 295 418 296
f 295 146 294
f 295 146 296
f 295 420 422
f 295 296 420
f 295 441 146
f 295 432 422
f 295 432 296
f 295 441 296
f 295 146 440
f 295 441 146
f 295 432 434
f 295 432 296
f 295 439 440
f 295 296 439
f 295 434 294
f 295 296 434
f 295 439 294
f 295 296 439
f 295 437 294
f 295 296 437
f 295 437 294
f 295 296 437
f 631 688 632
f 631 688 630
f 305 392 306
f 305 304 392
f 305 306 284
f 305 304 284
f 305 392 306
f 305 304 392
f 305 281 306
f 305 304 281
f 305 306 393
f 305 304 393
f 305 279 281
f 305 279 306
f 305 279 304
f 305 306 398
f 305 304 398
f 305 306 398
f 305 304 398
f 305 401 306
f 305 304 401
f 305 303 306
f 305 402 401
f 305 402 403
f 305 403 304
f 305 402 403
f 305 443 306
f 305 303 443
f 305 303 443
f 305 403 306
f 305 403 304
f 305 443 442
f 305 443 304
f 305 441 442
f 305 441 304
f 305 409 306
f 305 409 304
f 305 441 306
f 305 441 304
f 305 306 415
f 305 304 415
f 305 306 439
f 305 304 439
f 305 306 416
f 305 304 416
f 305 306 439
f 305 304 439
f 305 162 161
f 305 303 162
f 305 418 306
f 305 418 304
f 305 437 306
f 305 304 437
f 305 162 306
f 305 303 162
f 305 437 306
f 305 304 437
f 305 164 306
f 305 303 164
f 305 421 420
f 305 421 304
f 305 435 306
f 305 435 304
f 305 164 306
f 305 303 164
f 305 421 306
f 305 421 304
f 305 435 434
f 305 435 304
f 305 166 306
f 305 303 166
f 305 423 306
f 305 304 423
f 305 166 306
f 305 303 166
f 305 168 306
f 305 303 168
f 305 168 169
f 305 303 168
f 305 169 306
f 305 303 306
f 305 303 169
f 373 370 491
f 373 497 372
f 373 497 372
f 495 381 382
f 495 381 382
f 495 373 372
f 495 353 351
f 495 351 496
f 495 349 351
f 495 525 496
f 495 526 525
f 495 526 525
f 267 162 161
f 267 162 266
f 267 164 266
f 267 164 266
f 267 166 266
f 267 166 266
f 267 168 266
f 267 168 266
f 267 266 169
f 267 266 171
f 267 266 171
f 267 173 266
f 267 265 173
f 267 265 316
f 542 541 543
f 542 478 543
f 542 478 541
f 542 544 628
f 485 487 416
f 485 483 416
f 485 483 487
f 485 415 487
f 485 483 415
f 485 403 487
f 485 403 483
f 485 402 403
f 485 402 403
f 485 402 401
f 485 402 483
f 485 401 487
f 485 483 401
f 485 487 398
f 485 487 395
f 485 534 483
f 485 483 532
f 485 534 532
f 485 534 483
f 481 480 415
f 481 483 415
f 481 483 480
f 481 409 480
f 481 409 483
f 481 403 480
f 481 403 483
f 481 402 403
f 481 402 403
f 481 402 401
f 481 401 480
f 481 480 398
f 481 480 395
f 481 480 395
f 481 480 393
f 481 392 480
f 481 392 480
f 481 353 351
f 481 349 351
f 481 544 480
f 481 542 480
f 481 542 544
f 481 542 541
f 481 538 480
f 481 538 483
f 481 534 480
f 481 534 483
f 481 534 483
f 365 483 377
f 365 370 491
f 365 495 368
f 365 495 368
f 365 368 497
f 365 368 497
f 365 366 505
f 365 366 506
f 492 490 398
f 492 490 398
f 492 490 395
f 492 353 491
f 492 495 353
f 492 349 491
f 492 495 349
f 492 401 490
f 492 490 393
f 492 349 491
f 492 495 349
f 492 403 401
f 492 392 490
f 492 403 490
f 492 392 490
f 492 491 490
f 492 491 381
f 65 677 64
f 65 677 67
f 65 677 67
f 65 661 66
f 65 121 112
f 65 64 121
f 65 121 122
f 65 64 121
f 65 122 123
f 65 64 122
f 293 432 434
f 293 434 294
f 293 432 422
f 293 437 294
f 293 420 422
f 293 437 294
f 293 418 420
f 293 418 294
f 293 418 420
f 293 439 147
f 293 439 294
f 293 148 294
f 293 294 416
f 293 418 291
f 293 148 291
f 293 148 291
f 293 146 294
f 293 146 439
f 293 291 416
f 293 294 291
f 293 439 440
f 293 146 440
f 293 146 439
f 293 151 150
f 293 151 294
f 293 294 416
f 293 152 294
f 293 151 152
f 293 151 152
f 293 416 400
f 293 403 294
f 293 403 400
f 293 290 416
f 293 290 291
f 293 403 401
f 293 403 401
f 293 290 398
f 293 401 294
f 293 398 294
f 293 290 398
f 293 398 294
f 293 290 393
f 293 393 294
f 293 290 392
f 293 392 393
f 293 290 392
f 293 392 294
f 293 290 294
f 293 290 286
f 293 290 286
f 293 286 289
f 293 286 298
f 293 286 298
f 293 298 288
f 293 381 288
f 293 381 298
f 425 424 309
f 425 424 309
f 425 424 307
f 425 424 306
f 425 424 423
f 425 305 423
f 149 299 300
f 149 299 300
f 149 295 296
f 149 146 151
f 149 295 151
f 149 295 151
f 149 151 145
f 149 295 294
f 149 295 148
f 149 148 150
f 149 146 150
f 149 146 151
f 149 293 294
f 149 293 148
f 149 293 150
f 149 293 148
f 149 291 150
f 149 148 291
f 149 148 291
f 153 282 155
f 153 285 155
f 153 285 152
f 153 124 154
f 153 124 152
f 153 154 155
f 153 285 155
f 153 285 152
f 153 124 145
f 153 154 288
f 153 152 288
f 153 124 143
f 153 154 289
f 153 152 289
f 153 149 145
f 153 143 154
f 153 124 154
f 153 124 143
f 153 290 154
f 153 290 152
f 153 149 300
f 153 290 154
f 153 290 152
f 153 299 300
f 153 299 300
f 153 154 291
f 153 152 291
f 153 154 294
f 153 152 294
f 153 295 154
f 153 295 152
f 153 295 296
f 153 295 296
f 283 282 155
f 283 162 282
f 283 162 285
f 283 285 298
f 283 162 282
f 283 299 298
f 283 285 286
f 283 162 286
f 283 162 285
f 283 282 300
f 283 299 300
f 283 164 286
f 283 296 286
f 283 164 286
f 283 166 286
f 283 286 167
f 283 168 167
f 283 168 169
f 283 166 286
f 301 282 304
f 301 282 304
f 301 300 415
f 301 300 416
f 301 418 300
f 301 403 300
f 301 403 304
f 301 421 300
f 301 300 169
f 301 403 300
f 301 403 304
f 301 421 300
f 301 168 300
f 301 300 401
f 301 304 401
f 301 168 300
f 301 300 398
f 301 304 398
f 301 300 166
f 301 300 398
f 301 304 398
f 301 300 166
f 301 435 300
f 301 300 164
f 301 435 300
f 301 300 164
f 301 300 393
f 301 304 393
f 301 300 437
f 301 162 300
f 301 300 392
f 301 304 392
f 301 304 300
f 301 300 437
f 301 162 300
f 301 300 439
f 301 300 439
f 301 153 300
f 301 441 300
f 301 153 149
f 301 441 300
f 301 149 300
f 301 443 300
f 301 300 148
f 301 443 300
f 100 49 36
f 100 105 695
f 100 55 98
f 100 54 55
f 100 56 55
f 100 102 98
f 100 58 98
f 100 58 102
f 174 220 175
f 174 173 220
f 174 73 175
f 174 73 173
f 174 175 258
f 174 173 258
f 174 173 258
f 174 261 175
f 174 261 173
f 174 262 261
f 174 262 261
f 174 262 175
f 174 262 173
f 174 264 175
f 174 173 264
f 174 173 309
f 174 265 264
f 174 265 173
f 174 173 309
f 174 267 265
f 174 267 265
f 174 173 307
f 174 173 306
f 174 303 173
f 174 303 173
f 687 688 35
f 687 37 12
f 687 37 15
f 687 14 15
f 687 688 14
f 687 688 14
f 687 37 15
f 687 688 15
f 687 688 7
f 687 656 8
f 687 7 655
f 687 688 7
f 687 656 655
f 687 7 655
f 687 5 688
f 687 5 655
f 687 5 688
f 687 5 655
f 687 631 688
f 687 631 688
f 62 677 63
f 62 677 61
f 62 684 63
f 62 61 684
f 62 89 59
f 62 61 59
f 62 61 89
f 62 61 102
f 62 63 112
f 62 61 112
f 62 121 63
f 62 61 121
f 62 121 63
f 62 61 121
f 62 63 122
f 62 61 122
f 60 677 678
f 60 677 61
f 60 61 121
f 60 58 121
f 60 61 122
f 60 58 122
f 60 61 121
f 60 58 121
f 60 61 112
f 60 58 112
f 60 104 58
f 60 102 98
f 60 61 102
f 636 538 655
f 636 534 655
f 639 531 532
f 639 531 640
f 76 73 122
f 76 173 122
f 76 173 122
f 76 73 173
f 76 174 173
f 76 174 73
f 76 174 175
f 76 174 73
f 76 73 75
f 76 175 216
f 76 73 175
f 76 73 75
f 76 366 75
f 76 366 220
f 76 510 363
f 76 510 660
f 76 510 660
f 76 661 660
f 76 75 661
f 76 661 662
f 76 75 661
f 76 677 75
f 76 78 675
f 76 78 75
f 76 677 78
f 218 78 79
f 218 79 80
f 218 79 509
f 673 79 80
f 315 180 316
f 315 261 316
f 315 180 179
f 315 265 316
f 315 267 265
f 315 446 447
f 315 446 316
f 315 443 316
f 315 443 442
f 315 441 442
f 315 441 316
f 315 316 439
f 315 316 398
f 315 316 439
f 315 437 439
f 315 435 316
f 315 401 316
f 315 402 401
f 315 402 403
f 315 403 316
f 315 425 424
f 315 409 410
f 315 411 410
f 319 262 261
f 3 143 142
f 3 591 4
f 3 141 142
f 3 2 141
f 718 135 307
f 459 567 568
f 459 568 458
f 459 425 423
f 459 425 424
f 459 559 458
f 459 423 422
f 459 557 458
f 459 557 556
f 459 556 458
f 459 456 422
f 459 554 458
f 459 554 458
f 459 550 458
f 459 550 547
f 459 456 538
f 459 538 541
f 459 546 547
f 459 541 543
f 459 546 543
f 610 611 556
f 610 611 557
f 610 554 607
f 610 611 554
f 610 554 607
f 610 550 607
f 610 550 611
f 610 550 611
f 610 553 554
f 610 611 553
f 610 611 553
f 472 538 475
f 472 475 420
f 472 557 694
f 539 481 538
f 539 631 538
f 598 601 698
f 606 557 556
f 606 603 556
f 606 603 557
f 606 557 607
f 606 603 557
f 606 559 607
f 606 559 603
f 606 561 608
f 612 611 554
f 612 611 556
f 612 691 557
f 612 611 557
f 612 692 693
f 612 610 557
f 612 610 611
f 612 559 691
f 612 610 695
f 612 559 691
f 612 610 695
f 618 611 541
f 524 528 454
f 524 523 454
f 524 456 528
f 524 456 523
f 524 528 422
f 524 523 422
f 524 475 528
f 524 523 475
f 524 478 475
f 524 523 478
f 524 478 480
f 524 523 478
f 524 480 528
f 524 523 480
f 524 525 528
f 524 525 490
f 524 523 490
f 524 525 496
f 524 523 496
f 524 497 525
f 524 523 497
f 524 497 525
f 524 523 497
f 519 523 422
f 519 523 494
f 519 498 494
f 519 523 498
f 519 523 520
f 519 517 653
f 519 520 517
f 521 523 520
f 521 505 509
f 521 505 504
f 521 520 504
f 521 520 517
f 499 526 525
f 499 524 525
f 499 351 498
f 499 353 351
f 499 523 520
f 499 521 523
f 499 519 520
f 499 519 498
f 499 365 368
f 499 512 494
f 499 498 494
f 499 498 422
f 499 373 372
f 499 420 498
f 499 418 420
f 499 418 498
f 499 498 416
f 499 498 416
f 499 392 498
f 499 403 498
f 499 392 498
f 499 403 401
f 499 498 393
f 499 401 498
f 499 498 398
f 499 498 398
f 502 521 520
f 502 519 520
f 502 519 501
f 502 501 512
f 502 422 501
f 502 365 366
f 502 420 422
f 502 418 420
f 502 418 501
f 502 416 501
f 502 373 372
f 502 416 501
f 502 403 501
f 502 403 401
f 502 401 400
f 502 398 400
f 502 392 501
f 502 398 501
f 502 392 393
f 502 393 394
f 471 534 470
f 471 534 475
f 471 534 475
f 471 472 475
f 471 538 470
f 471 472 538
f 471 475 422
f 471 472 475
f 471 538 541
f 471 472 538
f 471 420 422
f 471 472 420
f 471 541 543
f 471 472 541
f 471 418 470
f 471 472 418
f 471 546 547
f 471 472 546
f 471 470 416
f 471 472 416
f 471 415 470
f 471 472 415
f 471 550 470
f 471 472 550
f 471 414 415
f 471 472 414
f 471 552 470
f 471 472 552
f 471 553 552
f 471 472 553
f 471 411 410
f 471 472 411
f 471 553 554
f 471 472 553
f 471 472 409
f 471 554 470
f 471 472 554
f 471 556 470
f 471 472 556
f 471 557 556
f 471 472 557
f 471 402 403
f 471 472 402
f 471 472 557
f 471 559 561
f 471 561 694
f 471 472 694
f 488 392 487
f 488 392 393
f 488 393 487
f 488 487 395
f 634 541 655
f 529 531 528
f 529 492 490
f 529 492 491
f 529 639 655
f 529 639 531
f 529 532 655
f 529 531 532
f 529 531 532
f 489 531 532
f 489 531 532
f 489 488 532
f 489 529 531
f 489 529 531
f 489 490 528
f 489 529 528
f 489 529 490
f 489 487 398
f 489 490 398
f 489 401 487
f 489 401 490
f 489 403 401
f 489 490 395
f 489 488 395
f 489 353 491
f 489 488 353
f 489 403 487
f 489 403 490
f 489 402 401
f 489 402 403
f 489 402 403
f 489 490 393
f 489 488 393
f 489 349 491
f 489 488 349
f 489 488 349
f 489 392 490
f 489 488 392
f 489 488 365
f 489 392 490
f 489 488 392
f 489 373 370
f 489 365 370
f 489 365 373
f 489 490 487
f 652 677 678
f 652 521 520
f 652 519 520
f 457 567 568
f 457 456 567
f 457 559 458
f 457 456 559
f 457 557 458
f 457 456 557
f 457 557 556
f 457 456 557
f 457 425 423
f 457 556 458
f 457 456 556
f 457 423 422
f 457 456 422
f 457 456 423
f 457 554 458
f 457 456 554
f 457 554 458
f 457 456 554
f 457 550 458
f 457 456 550
f 457 550 547
f 457 456 550
f 457 546 547
f 457 456 546
f 457 546 543
f 457 456 546
f 457 541 543
f 457 456 541
f 457 456 541
f 681 652 689
f 681 652 646
f 681 47 49
f 685 688 684
f 685 78 684
f 685 78 688
f 685 78 75
f 685 78 75
f 685 78 688
f 685 634 688
f 685 47 46
f 685 47 684
f 685 684 45
f 685 47 49
f 685 47 49
f 685 684 45
f 685 684 36
f 685 49 36
f 685 49 684
f 685 43 684
f 685 43 684
f 685 41 42
f 685 41 684
f 685 41 684
f 668 56 666
f 668 54 666
f 668 54 53
f 668 53 666
f 668 666 51
f 668 666 48
f 668 47 666
f 668 47 666
f 668 666 45
f 668 43 666
f 668 43 666
f 668 666 42
f 668 666 40
f 186 220 216
f 186 185 216
f 186 185 220
f 228 209 210
f 228 209 229
f 228 349 226
f 228 353 229
f 676 675 80
f 676 677 80
f 676 677 675
f 676 79 675
f 676 677 79
f 676 78 79
f 676 677 78
f 676 76 78
f 676 76 677
f 676 76 675
f 676 76 677
f 676 73 675
f 676 67 675
f 676 677 67
f 676 65 675
f 676 65 677
f 676 65 64
f 676 65 677
f 676 64 675
f 676 677 64
f 676 62 675
f 676 62 677
f 676 62 61
f 676 62 677
f 676 60 61
f 676 60 677
f 676 60 675
f 676 60 677
f 676 58 675
f 676 58 677
f 676 56 675
f 676 677 56
f 676 54 675
f 676 54 677
f 676 54 53
f 676 54 677
f 676 53 675
f 676 677 53
f 676 675 51
f 676 677 51
f 676 49 48
f 676 49 51
f 676 677 51
f 676 677 49
f 676 677 49
f 676 677 47
f 676 677 47
f 676 47 45
f 676 677 45
f 676 677 45
f 676 677 43
f 676 677 43
f 676 677 41
f 676 677 41
f 676 677 39
f 676 677 39
f 676 673 656
f 676 677 675
f 676 652 675
f 676 652 677
f 192 698 105
f 197 207 199
f 708 587 584
f 708 710 587
f 708 601 602
f 708 603 602
f 708 606 607
f 708 608 607
f 711 315 316
f 711 585 712
f 711 710 585
f 711 585 712
f 711 710 585
f 711 588 712
f 711 710 588
f 711 612 611
f 711 601 712
f 711 601 710
f 711 610 611
f 711 601 602
f 711 601 710
f 711 603 602
f 711 710 603
f 711 608 712
f 711 710 608
f 711 606 712
f 711 606 710
f 87 64 63
f 206 89 205
f 206 209 89
f 206 207 89
f 206 229 205
f 206 209 229
f 206 209 230
f 206 207 230
f 206 690 205
f 96 95 36
f 96 56 55
f 96 95 56
f 96 200 95
f 96 60 98
f 96 95 61
f 96 60 61
f 96 60 61
f 96 95 207
f 96 197 207
f 96 62 61
f 96 197 207
f 96 62 63
f 96 186 98
f 96 64 63
f 96 186 185
f 96 65 64
f 96 65 98
f 96 73 98
f 94 56 36
f 94 95 36
f 94 95 56
f 94 95 61
f 94 96 95
f 94 96 62
f 94 96 62
f 94 96 64
f 94 96 207
f 94 96 95
f 94 96 65
f 94 96 65
f 94 193 209
f 94 96 193
f 94 193 209
f 94 96 73
f 94 96 73
f 94 186 185
f 94 96 186
f 94 96 186
f 176 175 113
f 176 177 113
f 176 177 175
f 176 315 177
f 176 177 309
f 176 174 309
f 176 177 309
f 176 174 309
f 176 174 307
f 176 174 306
f 176 174 303
f 176 267 265
f 176 174 303
f 176 265 175
f 176 177 265
f 176 262 175
f 176 262 177
f 176 262 261
f 176 262 177
f 176 261 175
f 176 177 261
f 176 177 175
f 127 176 177
f 127 708 319
f 127 711 316
f 127 176 315
f 127 319 180
f 127 176 174
f 127 315 316
f 259 180 179
f 259 176 177
f 259 176 177
f 259 180 261
f 259 176 175
f 259 176 175
f 259 180 261
f 259 180 257
f 259 180 257
f 259 174 258
f 259 174 175
f 259 174 175
f 259 315 261
f 259 261 321
f 259 346 258
f 347 349 491
f 347 488 491
f 347 488 349
f 347 481 349
f 347 228 346
f 347 228 226
f 347 349 478
f 347 228 229
f 347 349 392
f 347 229 346
f 347 392 393
f 347 392 346
f 347 349 392
f 347 393 477
f 347 393 394
f 347 239 238
f 221 347 346
f 221 347 223
f 380 489 488
f 380 489 490
f 380 491 490
f 380 491 381
f 380 492 491
f 380 495 381
f 380 495 381
f 380 381 309
f 380 381 497
f 380 381 497
f 380 381 309
f 380 381 281
f 380 499 381
f 380 307 284
f 380 381 307
f 380 306 307
f 380 381 306
f 380 502 381
f 380 306 284
f 380 381 284
f 380 305 306
f 380 305 381
f 380 381 505
f 380 381 304
f 380 305 304
f 380 305 381
f 380 506 381
f 380 506 381
f 201 692 694
f 201 200 692
f 201 692 691
f 201 200 692
f 201 234 207
f 201 96 200
f 201 200 95
f 201 95 207
f 201 94 95
f 201 94 95
f 473 692 691
f 473 474 691
f 473 692 557
f 473 472 557
f 473 474 556
f 473 472 556
f 473 692 557
f 473 472 557
f 473 474 554
f 473 472 554
f 473 474 553
f 473 472 553
f 473 402 474
f 473 474 553
f 473 472 553
f 473 402 403
f 473 472 402
f 473 474 552
f 473 472 552
f 473 474 550
f 473 472 550
f 473 409 474
f 473 472 409
f 473 474 546
f 473 472 546
f 473 472 411
f 473 474 410
f 473 411 410
f 473 472 414
f 473 475 541
f 473 472 541
f 473 472 475
f 473 475 415
f 473 472 415
f 473 475 416
f 473 472 416
f 473 418 475
f 473 472 418
f 473 472 418
f 548 474 475
f 548 475 547
f 548 473 474
f 548 547 477
f 548 473 472
f 548 471 472
f 548 546 547
f 548 471 547
f 548 690 546
f 548 624 546
f 565 601 568
f 565 695 562
f 545 471 543
f 545 471 546
f 545 471 472
f 545 471 472
f 545 544 543
f 545 473 472
f 545 473 472
f 545 475 544
f 545 473 475
f 545 624 546
f 545 475 544
f 545 546 475
f 545 474 546
f 545 473 474
f 545 473 474
f 545 690 544
f 545 690 546
f 545 626 544
f 545 624 626
f 545 624 626
f 545 544 477
f 545 546 477
f 545 478 544
f 545 546 478
f 469 695 561
f 469 468 559
f 469 695 561
f 469 471 561
f 469 471 559
f 469 468 559
f 469 561 562
f 469 468 561
f 469 411 410
f 469 411 468
f 469 471 559
f 469 468 557
f 469 565 562
f 469 565 468
f 469 565 468
f 469 468 414
f 469 471 557
f 469 471 557
f 469 557 556
f 469 468 557
f 469 556 470
f 469 468 556
f 469 554 470
f 469 468 554
f 469 553 554
f 469 468 553
f 469 553 552
f 469 468 553
f 469 552 470
f 469 468 552
f 469 550 470
f 469 468 550
f 469 468 550
f 479 402 403
f 479 402 403
f 479 403 480
f 479 403 478
f 479 402 401
f 479 402 478
f 479 401 480
f 479 478 401
f 479 480 398
f 479 478 398
f 479 480 395
f 479 478 395
f 479 480 395
f 479 478 395
f 479 480 393
f 479 478 393
f 479 392 480
f 479 478 392
f 479 392 480
f 479 478 392
f 479 353 351
f 479 349 351
f 479 349 478
f 479 347 349
f 479 347 349
f 479 347 481
f 479 548 481
f 479 548 481
f 479 546 478
f 479 548 546
f 479 545 546
f 479 545 481
f 479 545 478
f 479 481 544
f 479 545 481
f 479 544 480
f 479 478 544
f 479 542 480
f 479 542 478
f 479 478 541
f 479 542 541
f 479 542 478
f 560 459 559
f 560 459 562
f 560 457 559
f 560 457 562
f 560 457 456
f 560 457 456
f 560 603 561
f 560 456 559
f 560 559 603
f 560 606 559
f 560 559 454
f 560 559 594
f 560 606 561
f 560 606 559
f 560 561 608
f 560 559 608
f 560 559 561
f 560 594 551
f 560 559 594
f 560 586 551
f 560 547 454
f 560 559 454
f 549 548 618
f 549 468 547
f 549 548 547
f 549 468 550
f 549 471 550
f 549 548 471
f 549 471 472
f 549 548 471
f 549 548 690
f 549 473 472
f 549 548 473
f 549 690 550
f 549 473 474
f 549 548 473
f 549 550 477
f 549 548 477
f 549 479 690
f 549 479 548
f 549 479 548
f 549 474 550
f 549 548 474
f 549 550 475
f 549 548 475
f 11 143 142
f 11 143 12
f 11 143 145
f 11 687 12
f 11 687 8
f 11 141 142
f 11 687 688
f 11 687 688
f 11 139 141
f 11 127 13
f 136 124 161
f 136 124 135
f 136 162 161
f 136 162 135
f 136 162 135
f 136 135 161
f 136 124 137
f 136 124 135
f 136 11 137
f 136 11 135
f 136 7 137
f 136 135 7
f 136 7 137
f 136 135 7
f 136 5 137
f 136 135 5
f 136 5 137
f 136 135 5
f 136 3 137
f 136 3 135
f 136 3 2
f 136 3 135
f 140 141 7
f 140 139 7
f 140 139 141
f 140 141 7
f 140 139 7
f 140 5 141
f 140 139 5
f 140 5 141
f 140 139 5
f 140 3 141
f 140 3 139
f 140 3 2
f 140 3 139
f 140 726 141
f 140 139 124
f 140 305 303
f 140 305 306
f 159 283 285
f 138 5 137
f 138 139 5
f 138 3 137
f 138 3 139
f 138 5 137
f 138 139 5
f 138 3 2
f 138 3 139
f 138 7 137
f 138 139 7
f 138 7 137
f 138 139 7
f 138 11 137
f 138 11 139
f 138 124 137
f 138 139 124
f 571 698 700
f 571 698 573
f 576 449 450
f 576 446 447
f 576 440 454
f 576 441 440
f 576 443 442
f 576 441 442
f 576 560 547
f 576 547 586
f 576 560 586
f 576 560 586
f 576 594 591
f 699 606 700
f 699 606 698
f 699 612 610
f 699 612 610
f 699 700 35
f 699 698 35
f 699 698 700
f 705 587 584
f 578 588 587
f 575 578 451
f 582 718 309
f 582 447 309
f 582 718 309
f 582 447 309
f 582 718 307
f 582 446 447
f 582 446 307
f 582 446 306
f 582 305 306
f 582 305 303
f 590 575 700
f 590 575 588
f 590 705 587
f 590 575 588
f 590 708 587
f 590 576 591
f 590 575 576
f 590 575 576
f 590 710 588
f 590 708 710
f 590 711 710
f 590 711 588
f 31 688 695
f 445 306 307
f 445 446 307
f 445 446 306
f 445 582 306
f 445 582 446
f 445 446 454
f 445 576 446
f 445 443 454
f 445 576 443
f 103 102 105
f 103 104 105
f 103 104 46
f 103 47 46
f 103 47 102
f 103 104 47
f 103 47 49
f 103 104 47
f 103 102 98
f 103 186 98
f 103 186 104
f 103 49 102
f 103 104 49
f 103 186 185
f 103 104 53
f 103 96 185
f 103 104 180
f 103 54 53
f 103 54 102
f 103 104 54
f 103 94 96
f 103 104 180
f 103 54 102
f 103 104 54
f 103 96 73
f 103 96 73
f 103 94 96
f 103 83 180
f 103 102 56
f 103 104 56
f 103 76 73
f 103 73 98
f 103 94 81
f 103 179 175
f 103 174 175
f 103 175 81
f 103 58 102
f 103 73 72
f 103 174 173
f 103 174 175
f 103 60 102
f 103 60 58
f 103 60 104
f 103 76 122
f 103 73 122
f 103 76 73
f 103 65 98
f 103 173 122
f 103 174 173
f 103 60 61
f 103 173 122
f 103 65 64
f 103 65 112
f 103 62 61
f 103 60 61
f 103 60 104
f 103 64 63
f 103 65 64
f 103 62 61
f 103 62 63
f 103 62 102
f 103 64 63
f 103 62 63
f 106 104 105
f 106 105 35
f 106 186 104
f 106 186 104
f 107 106 104
f 107 104 45
f 107 106 104
f 107 106 35
f 107 106 186
f 108 47 46
f 108 104 47
f 108 47 48
f 108 104 47
f 108 45 46
f 108 107 104
f 108 104 45
f 108 107 104
f 108 49 48
f 108 104 49
f 108 104 49
f 108 45 44
f 108 45 36
f 108 107 45
f 108 37 44
f 108 37 36
f 108 37 36
f 108 35 36
f 108 107 35
f 119 171 170
f 119 118 171
f 119 118 125
f 119 171 172
f 119 118 171
f 119 169 170
f 119 125 169
f 119 125 169
f 119 173 172
f 119 118 173
f 119 173 112
f 119 51 112
f 119 174 173
f 119 174 118
f 119 174 118
f 119 37 120
f 119 118 37
f 119 48 51
f 119 48 51
f 119 118 48
f 119 39 120
f 119 118 39
f 119 47 48
f 119 118 47
f 119 39 40
f 119 118 39
f 119 47 45
f 119 41 40
f 119 118 41
f 119 45 44
f 119 118 45
f 119 47 45
f 119 118 45
f 119 118 47
f 119 41 42
f 119 118 41
f 119 43 44
f 119 118 43
f 119 43 42
f 119 118 43
f 338 469 402
f 326 273 274
f 276 162 277
f 276 162 277
f 276 277 164
f 276 164 165
f 276 277 164
f 276 166 165
f 276 279 166
f 276 279 166
f 276 279 168
f 276 303 304
f 276 303 279
f 276 305 304
f 276 305 303
f 276 301 171
f 276 277 306
f 276 305 306
f 276 277 306
f 276 173 172
f 276 303 173
f 276 277 307
f 276 277 309
f 276 277 309
f 271 162 270
f 271 162 273
f 271 159 273
f 271 162 270
f 271 273 272
f 271 162 273
f 271 164 272
f 271 270 164
f 271 366 273
f 271 164 165
f 271 270 164
f 271 166 165
f 271 270 166
f 271 315 270
f 271 166 167
f 271 270 166
f 271 168 167
f 271 168 270
f 271 309 310
f 271 168 169
f 271 168 270
f 271 309 308
f 271 169 170
f 271 171 170
f 271 171 172
f 462 463 461
f 462 549 550
f 462 463 557
f 462 463 557
f 462 559 461
f 462 463 559
f 462 560 559
f 462 560 463
f 462 560 461
f 462 560 463
f 462 461 561
f 462 463 561
f 462 463 461
f 405 305 304
f 405 485 487
f 405 305 306
f 405 485 483
f 405 306 307
f 405 481 483
f 405 307 308
f 405 481 480
f 405 309 308
f 405 309 310
f 405 479 480
f 405 479 478
f 405 478 477
f 405 477 404
f 405 315 316
f 405 475 404
f 405 403 475
f 405 403 474
f 405 473 403
f 405 473 472
f 405 471 472
f 405 471 403
f 405 402 403
f 405 469 402
f 429 299 298
f 429 422 454
f 429 457 456
f 429 315 316
f 433 299 300
f 433 299 432
f 433 301 300
f 433 301 432
f 433 432 434
f 433 299 434
f 433 299 432
f 433 303 304
f 433 303 432
f 433 305 304
f 433 305 432
f 433 305 434
f 433 305 432
f 433 434 306
f 433 432 306
f 433 434 307
f 433 432 307
f 433 434 309
f 433 432 309
f 433 434 309
f 433 432 309
f 433 315 435
f 433 432 434
f 433 435 434
f 433 435 453
f 433 453 454
f 433 451 453
f 433 435 451
f 433 435 449
f 69 103 72
f 69 103 98
f 69 164 165
f 69 166 165
f 69 72 122
f 69 96 98
f 69 162 122
f 69 164 122
f 69 72 122
f 69 166 122
f 69 168 72
f 69 94 96
f 69 169 220
f 69 168 169
f 69 168 169
f 375 338 332
f 375 273 274
f 375 277 274
f 375 492 491
f 375 491 377
f 375 489 377
f 371 495 372
f 371 495 370
f 371 497 372
f 371 370 497
f 371 495 370
f 371 497 372
f 371 370 497
f 371 495 373
f 371 495 373
f 371 499 372
f 371 499 370
f 371 373 370
f 371 492 370
f 371 492 373
f 371 502 372
f 371 502 370
f 371 505 372
f 371 370 505
f 371 506 505
f 371 370 506
f 371 338 332
f 371 506 372
f 371 370 506
f 371 508 372
f 371 370 508
f 371 326 273
f 371 508 510
f 371 370 508
f 371 271 370
f 371 273 270
f 371 271 273
f 371 271 370
f 371 267 270
f 371 267 370
f 371 267 266
f 371 267 370
f 371 370 264
f 369 495 368
f 369 495 370
f 369 368 497
f 369 370 497
f 369 495 368
f 369 495 370
f 369 368 497
f 369 370 497
f 369 499 368
f 369 499 370
f 369 365 368
f 369 365 370
f 369 492 370
f 369 492 365
f 369 502 368
f 369 502 370
f 369 368 505
f 369 370 505
f 369 506 368
f 369 370 506
f 369 506 368
f 369 370 506
f 369 370 508
f 369 370 508
f 268 162 270
f 268 267 270
f 268 267 162
f 268 162 270
f 268 267 162
f 268 270 164
f 268 267 164
f 268 270 164
f 268 267 164
f 268 270 166
f 268 267 166
f 268 267 166
f 268 267 168
f 268 267 168
f 268 267 169
f 268 267 171
f 268 267 171
f 268 267 173
f 268 174 267
f 268 174 267
f 268 176 267
f 268 177 309
f 268 176 177
f 268 176 267
f 268 177 265
f 268 265 309
f 268 267 265
f 268 315 267
f 268 338 270
f 268 338 267
f 268 366 270
f 627 626 544
f 627 542 544
f 627 542 541
f 627 542 544
f 627 542 541
f 627 544 628
f 627 626 544
f 627 688 628
f 627 626 688
f 627 687 688
f 627 687 626
f 484 485 483
f 484 483 398
f 484 485 398
f 484 483 395
f 484 485 395
f 484 483 393
f 484 485 393
f 484 483 392
f 484 485 392
f 484 483 392
f 484 485 392
f 484 483 377
f 484 365 483
f 484 365 485
f 484 353 483
f 484 690 544
f 484 542 544
f 484 539 538
f 484 539 485
f 484 485 483
f 486 393 487
f 486 485 487
f 486 485 393
f 486 392 393
f 486 485 392
f 486 392 487
f 486 485 392
f 486 488 377
f 486 365 373
f 486 365 485
f 486 488 365
f 486 488 353
f 486 484 353
f 486 488 349
f 486 484 349
f 486 539 485
f 486 347 488
f 486 484 347
f 486 488 539
f 486 347 488
f 486 539 542
f 486 484 542
f 486 484 539
f 482 402 483
f 482 481 402
f 482 481 402
f 482 483 401
f 482 481 401
f 482 483 398
f 482 481 398
f 482 483 395
f 482 481 395
f 482 483 393
f 482 481 393
f 482 483 392
f 482 481 392
f 482 483 392
f 482 481 392
f 482 365 483
f 482 353 483
f 482 481 353
f 482 481 349
f 482 484 483
f 482 484 349
f 482 347 481
f 482 484 347
f 482 484 690
f 482 481 542
f 482 545 690
f 482 545 481
f 482 484 542
f 482 481 542
f 482 545 690
f 482 545 481
f 482 548 690
f 482 548 481
f 482 548 481
f 482 481 538
f 482 539 538
f 482 539 481
f 374 365 373
f 374 486 373
f 374 486 488
f 374 486 488
f 374 489 488
f 374 375 489
f 374 489 488
f 374 489 373
f 374 375 489
f 374 373 491
f 374 375 491
f 374 373 372
f 374 492 373
f 374 375 492
f 374 375 338
f 374 505 372
f 374 506 505
f 374 375 506
f 374 375 505
f 374 495 373
f 374 375 495
f 374 506 372
f 374 375 506
f 374 495 373
f 374 375 495
f 374 508 372
f 374 375 508
f 374 502 373
f 374 375 502
f 374 373 497
f 374 375 497
f 374 373 497
f 374 375 497
f 374 499 373
f 374 375 499
f 493 492 490
f 493 525 490
f 493 526 525
f 493 526 528
f 493 529 528
f 493 529 492
f 493 526 525
f 493 529 495
f 493 524 525
f 493 524 525
f 493 523 490
f 493 524 523
f 493 524 523
f 493 416 417
f 493 490 417
f 493 490 416
f 493 492 495
f 493 492 490
f 493 369 365
f 493 369 492
f 493 403 494
f 493 492 403
f 493 369 370
f 493 369 492
f 493 403 401
f 493 492 403
f 493 371 370
f 493 371 492
f 493 401 400
f 493 492 401
f 493 371 373
f 493 371 492
f 493 398 400
f 493 492 398
f 493 374 373
f 493 374 492
f 493 398 494
f 493 492 398
f 493 374 375
f 493 374 375
f 493 375 492
f 493 492 395
f 493 393 394
f 493 492 393
f 493 380 381
f 493 380 492
f 493 392 393
f 493 492 392
f 493 381 382
f 493 492 381
f 493 392 494
f 493 492 392
f 426 309 310
f 426 425 309
f 426 309 308
f 426 425 309
f 426 315 316
f 426 315 425
f 426 307 308
f 426 425 307
f 426 306 307
f 426 425 306
f 426 305 306
f 426 425 305
f 426 305 304
f 426 304 423
f 426 305 304
f 426 425 305
f 426 326 451
f 426 457 425
f 426 456 423
f 426 457 456
f 426 457 456
f 426 457 425
f 426 457 427
f 426 457 458
f 426 459 458
f 426 459 425
f 297 296 286
f 297 283 286
f 297 283 296
f 297 283 299
f 297 283 296
f 297 153 296
f 297 153 299
f 297 162 296
f 297 153 296
f 297 153 299
f 297 162 300
f 297 162 296
f 297 168 300
f 297 168 300
f 297 168 296
f 297 169 170
f 297 149 299
f 297 162 300
f 297 296 164
f 297 276 301
f 297 300 169
f 297 168 169
f 297 168 296
f 297 300 166
f 297 296 166
f 297 149 296
f 297 151 296
f 297 149 151
f 297 149 151
f 297 149 299
f 297 300 164
f 297 296 164
f 297 301 171
f 297 301 300
f 297 300 166
f 297 296 166
f 297 296 148
f 297 299 148
f 297 299 298
f 297 300 164
f 297 146 298
f 297 146 296
f 297 146 145
f 297 146 296
f 297 296 442
f 297 441 442
f 297 441 296
f 297 441 298
f 297 441 296
f 297 298 439
f 297 296 439
f 297 298 439
f 297 296 439
f 297 437 298
f 297 296 437
f 297 437 298
f 297 296 437
f 297 435 298
f 297 435 296
f 297 296 434
f 297 435 434
f 297 435 296
f 302 276 303
f 302 418 304
f 302 301 418
f 302 276 301
f 302 421 304
f 302 304 416
f 302 301 416
f 302 301 421
f 302 303 171
f 302 301 171
f 302 303 173
f 302 276 173
f 302 276 303
f 302 421 304
f 302 303 304
f 302 304 415
f 302 301 415
f 302 301 421
f 302 303 171
f 302 301 171
f 302 303 422
f 302 303 169
f 302 301 169
f 302 303 168
f 302 301 168
f 302 301 304
f 302 303 168
f 302 301 168
f 302 433 303
f 302 433 301
f 302 303 166
f 302 301 166
f 302 433 303
f 302 433 301
f 302 303 166
f 302 301 166
f 302 303 435
f 302 301 435
f 302 303 164
f 302 301 164
f 302 303 435
f 302 301 435
f 302 303 164
f 302 301 164
f 302 303 437
f 302 301 437
f 302 303 162
f 302 301 162
f 302 303 437
f 302 301 437
f 302 303 162
f 302 301 162
f 302 303 439
f 302 301 439
f 302 303 439
f 302 301 439
f 302 303 441
f 302 301 441
f 302 149 303
f 302 303 441
f 302 301 441
f 302 153 149
f 302 301 153
f 302 301 153
f 302 149 303
f 302 301 149
f 302 303 443
f 302 301 443
f 302 303 443
f 302 301 443
f 302 582 303
f 302 140 143
f 302 140 303
f 406 301 300
f 406 299 300
f 406 301 300
f 406 299 415
f 406 299 300
f 406 405 485
f 406 302 301
f 406 299 298
f 406 299 298
f 406 415 487
f 406 489 487
f 406 489 487
f 406 405 487
f 406 405 485
f 406 405 305
f 406 405 304
f 406 302 304
f 406 489 490
f 406 493 490
f 406 298 416
f 406 489 490
f 406 405 481
f 406 405 305
f 406 493 416
f 406 493 490
f 406 416 494
f 406 405 481
f 406 405 306
f 406 493 494
f 406 405 307
f 406 479 478
f 406 405 479
f 406 405 479
f 406 405 478
f 406 405 309
f 406 405 477
f 406 405 309
f 406 405 475
f 406 405 474
f 406 405 315
f 406 405 473
f 101 49 102
f 101 100 49
f 101 102 105
f 101 100 105
f 101 49 102
f 101 100 49
f 101 54 102
f 101 100 54
f 101 192 102
f 101 192 193
f 101 54 102
f 101 100 54
f 101 102 56
f 101 100 56
f 99 98 36
f 99 100 36
f 99 100 98
f 99 695 694
f 99 695 36
f 99 100 36
f 99 100 695
f 99 200 692
f 99 200 692
f 99 100 193
f 191 100 193
f 191 101 100
f 191 101 100
f 191 101 192
f 191 101 192
f 191 192 102
f 191 103 102
f 191 192 105
f 191 106 105
f 625 687 632
f 625 687 631
f 625 541 632
f 625 631 541
f 625 627 687
f 625 541 543
f 625 627 541
f 625 627 626
f 625 687 688
f 625 624 688
f 625 687 626
f 625 544 543
f 625 626 544
f 625 624 626
f 625 626 688
f 625 624 688
f 625 624 626
f 625 545 544
f 625 545 624
f 625 545 624
f 23 711 710
f 23 711 20
f 23 711 712
f 23 711 20
f 645 646 677
f 645 676 646
f 645 646 526
f 645 524 525
f 645 524 646
f 638 639 684
f 638 639 640
f 638 636 534
f 638 534 532
f 638 639 532
f 219 73 75
f 219 218 73
f 219 76 75
f 219 218 76
f 219 73 220
f 219 218 73
f 219 218 76
f 219 76 363
f 219 76 220
f 219 218 78
f 219 221 351
f 219 347 218
f 219 221 347
f 672 673 76
f 672 673 73
f 672 673 76
f 672 673 78
f 672 673 78
f 672 673 67
f 672 673 79
f 672 673 65
f 672 673 65
f 672 673 64
f 672 673 62
f 672 673 62
f 672 673 656
f 672 673 60
f 672 673 60
f 672 676 673
f 672 673 58
f 672 676 673
f 672 673 56
f 672 39 40
f 672 673 39
f 672 673 39
f 672 673 41
f 672 673 54
f 672 673 41
f 672 673 54
f 672 673 43
f 672 673 53
f 672 673 43
f 672 673 51
f 672 673 45
f 672 673 48
f 672 673 47
f 672 673 47
f 674 79 675
f 674 673 79
f 674 675 80
f 674 673 80
f 674 78 79
f 674 673 78
f 674 652 675
f 674 78 675
f 674 673 78
f 674 76 675
f 674 673 76
f 674 76 675
f 674 673 76
f 674 645 676
f 674 676 673
f 674 73 675
f 674 673 73
f 674 673 47
f 674 676 47
f 674 673 45
f 674 676 45
f 674 673 47
f 674 676 47
f 674 673 43
f 674 676 43
f 674 673 48
f 674 676 48
f 674 676 675
f 674 673 43
f 674 676 43
f 674 67 675
f 674 673 67
f 674 675 51
f 674 673 51
f 674 673 41
f 674 676 41
f 674 65 675
f 674 673 65
f 674 53 675
f 674 673 53
f 674 673 41
f 674 676 41
f 674 65 64
f 674 673 65
f 674 54 53
f 674 673 54
f 674 673 39
f 674 676 39
f 674 64 675
f 674 673 64
f 674 54 675
f 674 673 54
f 674 673 39
f 674 676 39
f 674 676 673
f 674 62 675
f 674 673 62
f 674 56 675
f 674 673 56
f 674 62 61
f 674 673 62
f 674 60 61
f 674 673 60
f 674 58 675
f 674 673 58
f 674 60 675
f 674 673 60
f 313 180 261
f 313 180 261
f 313 127 176
f 313 127 174
f 313 127 173
f 448 315 447
f 448 315 449
f 448 447 321
f 448 447 439
f 448 435 439
f 448 435 449
f 448 447 439
f 448 435 439
f 448 435 449
f 448 576 447
f 448 576 449
f 317 261 316
f 317 265 316
f 317 259 261
f 317 265 316
f 317 259 257
f 317 267 316
f 317 180 316
f 317 319 180
f 317 180 179
f 317 127 180
f 317 127 319
f 317 127 177
f 317 127 319
f 317 127 711
f 317 127 711
f 317 319 451
f 317 319 449
f 317 448 449
f 317 448 447
f 317 446 447
f 317 446 316
f 317 443 316
f 317 443 442
f 317 441 442
f 317 441 316
f 317 316 439
f 317 316 439
f 317 435 316
f 317 433 435
f 317 429 316
f 317 426 316
f 317 426 425
f 317 425 424
f 317 411 410
f 317 409 410
f 320 319 264
f 320 262 263
f 320 319 262
f 320 319 265
f 320 262 261
f 320 319 262
f 320 319 265
f 320 259 261
f 320 259 319
f 320 319 267
f 320 259 257
f 320 259 319
f 320 268 319
f 320 127 319
f 320 127 321
f 320 580 321
f 320 127 708
f 320 127 708
f 320 708 580
f 320 708 319
f 320 319 451
f 320 580 321
f 320 451 321
f 320 451 580
f 320 449 451
f 320 319 449
f 320 448 449
f 320 448 319
f 320 319 395
f 320 448 447
f 320 448 319
f 320 447 321
f 320 319 447
f 320 319 398
f 320 443 321
f 320 319 443
f 320 443 442
f 320 319 443
f 320 319 401
f 320 441 442
f 320 319 441
f 320 319 402
f 320 441 321
f 320 319 441
f 320 319 402
f 320 321 439
f 320 319 439
f 320 319 403
f 320 435 321
f 320 319 435
f 320 405 319
f 320 433 435
f 320 433 319
f 320 406 405
f 320 406 405
f 320 409 410
f 320 319 409
f 320 426 425
f 320 426 319
f 320 411 410
f 320 319 411
f 320 425 424
f 320 319 425
f 144 143 145
f 144 3 145
f 144 3 143
f 144 299 443
f 144 443 442
f 144 299 146
f 144 146 145
f 144 299 146
f 144 297 145
f 144 297 442
f 144 297 442
f 144 146 300
f 144 301 300
f 144 149 146
f 144 302 301
f 144 153 143
f 144 153 149
f 144 149 146
f 144 301 148
f 144 302 301
f 144 153 143
f 144 153 149
f 144 149 148
f 144 302 303
f 144 302 303
f 144 149 303
f 144 140 303
f 144 140 305
f 717 718 585
f 717 718 588
f 717 718 587
f 717 718 585
f 717 590 718
f 717 718 588
f 717 590 718
f 717 593 718
f 722 590 591
f 460 461 567
f 460 459 567
f 460 461 568
f 460 459 568
f 460 425 461
f 460 426 425
f 460 426 459
f 460 426 459
f 460 425 461
f 460 459 425
f 460 560 459
f 460 459 424
f 460 461 561
f 460 560 561
f 460 560 461
f 460 560 559
f 460 560 459
f 460 462 424
f 460 462 461
f 460 459 423
f 460 559 461
f 460 459 559
f 460 462 423
f 460 459 557
f 460 462 557
f 460 462 461
f 460 459 557
f 460 462 553
f 460 459 550
f 460 462 550
f 460 462 557
f 460 459 556
f 460 459 456
f 460 553 554
f 460 459 554
f 460 462 553
f 460 459 550
f 460 462 550
f 460 462 556
f 460 459 554
f 460 480 422
f 460 456 422
f 460 456 512
f 460 456 523
f 460 462 554
f 460 459 546
f 460 462 546
f 460 456 487
f 460 524 456
f 460 459 546
f 460 462 546
f 460 524 456
f 460 459 541
f 460 462 541
f 460 456 532
f 460 459 538
f 460 462 538
f 460 456 534
f 460 462 534
f 460 462 538
f 460 456 534
f 460 456 538
f 460 459 456
f 623 688 622
f 623 624 688
f 623 624 688
f 623 548 624
f 623 549 548
f 623 548 547
f 623 546 547
f 623 548 546
f 623 548 624
f 623 545 546
f 623 545 624
f 623 545 624
f 540 472 475
f 540 472 538
f 540 472 538
f 540 475 541
f 540 538 475
f 540 478 541
f 540 538 478
f 540 478 541
f 540 539 538
f 540 538 478
f 540 539 538
f 540 481 541
f 540 539 481
f 540 634 538
f 540 631 541
f 540 539 631
f 540 482 481
f 540 482 539
f 540 631 630
f 540 539 631
f 540 482 539
f 540 484 539
f 540 482 542
f 540 542 541
f 540 482 484
f 540 482 484
f 540 542 628
f 540 539 628
f 540 539 542
f 540 486 539
f 540 486 484
f 540 486 484
f 419 418 475
f 419 472 475
f 419 472 418
f 419 471 472
f 419 471 472
f 419 471 420
f 419 471 418
f 419 468 420
f 419 468 418
f 419 420 423
f 419 420 309
f 419 418 309
f 419 420 309
f 419 418 309
f 419 420 307
f 419 418 307
f 419 420 306
f 419 418 306
f 419 305 420
f 419 305 418
f 419 305 304
f 419 305 418
f 419 302 304
f 419 302 418
f 419 302 301
f 419 302 301
f 419 418 300
f 419 301 300
f 419 301 418
f 595 593 571
f 595 593 571
f 595 593 711
f 595 593 711
f 595 717 718
f 599 598 594
f 599 598 567
f 599 598 601
f 599 601 710
f 599 708 601
f 599 708 598
f 599 711 710
f 599 711 598
f 599 717 718
f 599 717 598
f 599 711 712
f 599 711 598
f 599 598 601
f 620 618 546
f 620 548 618
f 620 549 690
f 620 623 549
f 620 692 691
f 620 618 687
f 620 688 695
f 615 618 546
f 615 611 541
f 615 618 541
f 615 618 611
f 615 618 546
f 615 618 611
f 615 618 687
f 615 711 688
f 621 541 543
f 621 618 541
f 621 541 655
f 621 618 541
f 621 545 543
f 621 620 618
f 621 618 546
f 621 620 618
f 621 687 655
f 621 618 687
f 621 545 546
f 621 545 546
f 621 687 688
f 621 620 687
f 621 546 547
f 621 620 546
f 621 688 622
f 621 548 547
f 621 620 548
f 621 623 622
f 621 620 623
f 621 688 693
f 621 620 688
f 621 623 548
f 621 692 693
f 621 620 692
f 621 620 692
f 621 623 549
f 621 620 549
f 621 620 623
f 522 502 526
f 522 499 524
f 522 502 521
f 522 652 524
f 522 499 521
f 522 652 521
f 522 524 523
f 522 499 523
f 522 499 524
f 522 521 505
f 522 521 505
f 522 652 526
f 522 652 526
f 522 505 509
f 522 505 504
f 522 521 523
f 522 509 517
f 522 521 517
f 522 521 509
f 500 501 512
f 500 499 512
f 500 519 501
f 500 499 519
f 500 501 512
f 500 499 512
f 500 519 520
f 500 499 519
f 500 422 501
f 500 499 422
f 500 521 520
f 500 499 521
f 500 420 422
f 500 499 420
f 500 522 521
f 500 522 499
f 500 418 420
f 500 499 418
f 500 522 526
f 500 418 501
f 500 499 418
f 500 499 526
f 500 522 526
f 500 522 499
f 500 416 501
f 500 499 416
f 500 499 351
f 500 416 501
f 500 499 416
f 500 353 351
f 500 499 353
f 500 403 501
f 500 499 403
f 500 403 401
f 500 499 403
f 500 401 400
f 500 499 401
f 500 398 400
f 500 499 398
f 500 398 501
f 500 499 398
f 500 369 368
f 500 369 499
f 500 369 370
f 500 369 499
f 500 371 370
f 500 371 499
f 500 393 394
f 500 499 393
f 500 371 372
f 500 371 499
f 500 392 393
f 500 499 392
f 500 373 372
f 500 499 373
f 500 392 501
f 500 499 392
f 500 374 373
f 500 374 499
f 500 374 375
f 500 374 375
f 500 380 381
f 500 380 499
f 358 482 481
f 358 482 365
f 633 688 632
f 633 634 688
f 633 652 634
f 633 687 688
f 633 687 632
f 633 685 634
f 633 540 538
f 633 540 634
f 633 541 632
f 633 634 541
f 633 687 655
f 633 634 655
f 633 634 687
f 633 540 541
f 633 540 634
f 635 688 684
f 635 634 688
f 635 634 688
f 635 685 636
f 635 685 634
f 635 636 538
f 635 634 538
f 635 636 687
f 635 634 687
f 635 636 538
f 635 538 541
f 635 634 541
f 635 634 538
f 530 531 491
f 530 529 491
f 530 529 531
f 530 529 492
f 530 493 529
f 530 493 492
f 530 493 529
f 530 495 496
f 530 497 496
f 530 639 531
f 530 529 639
f 527 526 528
f 527 495 526
f 527 529 528
f 527 529 495
f 527 495 526
f 527 526 497
f 527 530 495
f 527 530 529
f 527 645 646
f 527 530 652
f 527 530 497
f 527 526 497
f 527 652 689
f 527 652 526
f 527 497 498
f 527 530 497
f 527 501 689
f 527 499 498
f 527 499 526
f 527 502 501
f 527 502 526
f 527 500 501
f 527 500 526
f 527 500 499
f 527 500 499
f 527 522 526
f 527 522 502
f 527 522 502
f 533 489 488
f 533 534 532
f 533 488 532
f 533 488 534
f 533 531 491
f 533 491 532
f 533 489 532
f 533 489 491
f 533 531 640
f 533 530 531
f 533 638 640
f 533 638 534
f 533 530 492
f 533 492 491
f 533 530 652
f 533 633 652
f 533 530 531
f 533 530 646
f 533 633 652
f 533 492 495
f 533 530 495
f 533 530 492
f 637 652 640
f 637 652 634
f 637 635 634
f 637 533 652
f 637 635 684
f 637 635 636
f 637 533 638
f 637 638 636
f 637 638 636
f 637 533 638
f 680 681 78
f 680 681 76
f 680 79 80
f 680 681 79
f 680 681 76
f 680 681 689
f 680 681 652
f 680 681 65
f 680 681 65
f 680 681 639
f 680 681 64
f 680 681 656
f 680 681 62
f 680 681 62
f 680 681 61
f 680 681 39
f 680 681 39
f 680 681 41
f 680 681 56
f 680 681 41
f 680 681 54
f 680 681 43
f 680 681 54
f 680 681 43
f 680 681 49
f 680 681 45
f 680 681 49
f 680 681 45
f 680 681 47
f 680 681 47
f 682 681 61
f 682 681 56
f 682 681 62
f 682 681 62
f 682 54 55
f 682 681 54
f 682 681 54
f 682 681 49
f 682 681 64
f 682 681 47
f 682 681 65
f 682 681 47
f 682 681 65
f 682 681 45
f 682 681 45
f 682 681 43
f 682 681 43
f 682 76 78
f 682 681 76
f 682 681 76
f 682 681 41
f 682 78 79
f 682 681 79
f 682 681 78
f 682 681 41
f 682 637 640
f 682 681 39
f 682 652 640
f 682 681 652
f 682 681 652
f 682 637 638
f 682 681 39
f 682 638 639
f 682 681 639
f 682 681 656
f 686 687 688
f 686 685 688
f 686 633 687
f 686 633 685
f 686 45 36
f 686 45 46
f 686 685 46
f 686 685 45
f 686 685 45
f 686 633 634
f 686 633 685
f 686 37 36
f 686 687 37
f 686 685 43
f 686 635 634
f 686 635 685
f 686 43 37
f 686 635 636
f 686 635 685
f 686 43 42
f 686 685 42
f 686 685 43
f 686 687 37
f 686 636 687
f 686 684 37
f 686 685 684
f 686 685 636
f 686 656 684
f 686 687 656
f 686 656 684
f 686 687 656
f 686 638 684
f 686 638 636
f 686 638 636
f 667 78 666
f 667 668 78
f 667 78 666
f 667 668 78
f 667 76 666
f 667 668 76
f 667 668 666
f 667 76 666
f 667 668 76
f 667 73 666
f 667 668 73
f 667 67 666
f 667 668 67
f 667 65 666
f 667 668 65
f 667 65 64
f 667 668 65
f 667 64 666
f 667 668 64
f 667 62 666
f 667 668 62
f 667 62 61
f 667 668 62
f 667 60 61
f 667 668 60
f 667 60 666
f 667 668 60
f 667 58 666
f 667 668 58
f 669 78 670
f 669 668 78
f 669 78 670
f 669 668 78
f 669 76 670
f 669 668 76
f 669 668 666
f 669 76 75
f 669 668 76
f 669 656 655
f 669 668 666
f 669 40 670
f 669 668 40
f 669 73 670
f 669 668 73
f 669 42 40
f 669 668 42
f 669 43 42
f 669 668 43
f 669 43 670
f 669 668 43
f 669 67 670
f 669 668 67
f 669 45 670
f 669 668 45
f 669 65 670
f 669 668 65
f 669 47 45
f 669 668 47
f 669 65 64
f 669 668 65
f 669 47 48
f 669 668 47
f 669 64 63
f 669 668 64
f 669 48 670
f 669 668 48
f 669 62 63
f 669 668 62
f 669 670 51
f 669 668 51
f 669 62 61
f 669 668 62
f 669 53 670
f 669 668 53
f 669 60 61
f 669 668 60
f 669 54 53
f 669 668 54
f 669 60 670
f 669 668 60
f 669 54 55
f 669 668 54
f 669 58 670
f 669 668 58
f 669 56 55
f 669 668 56
f 663 664 78
f 663 510 653
f 663 78 510
f 663 78 510
f 663 78 662
f 663 664 78
f 663 76 662
f 663 664 76
f 663 76 75
f 663 664 76
f 663 73 72
f 663 664 73
f 663 65 66
f 663 664 65
f 663 664 65
f 663 65 661
f 663 65 64
f 663 664 64
f 663 64 661
f 663 664 62
f 663 62 661
f 663 664 62
f 663 62 61
f 663 60 61
f 663 60 58
f 663 56 661
f 663 54 661
f 663 54 53
f 663 53 661
f 663 661 51
f 663 661 51
f 663 43 661
f 663 43 42
f 663 42 40
f 663 40 661
f 663 655 661
f 663 656 655
f 665 78 666
f 665 664 78
f 665 78 666
f 665 664 78
f 665 76 666
f 665 664 76
f 665 663 664
f 665 76 666
f 665 664 76
f 665 663 656
f 665 669 666
f 665 669 656
f 665 666 40
f 665 663 40
f 665 73 666
f 665 664 73
f 665 669 656
f 665 666 42
f 665 669 670
f 665 669 666
f 665 663 42
f 665 43 666
f 665 663 43
f 665 43 666
f 665 663 43
f 665 666 45
f 665 65 666
f 665 664 65
f 665 47 666
f 665 47 45
f 665 65 64
f 665 664 65
f 665 47 666
f 665 47 48
f 665 64 666
f 665 664 64
f 665 666 48
f 665 48 51
f 665 663 51
f 665 62 666
f 665 664 62
f 665 666 51
f 665 663 51
f 665 62 61
f 665 664 62
f 665 53 666
f 665 663 53
f 665 60 61
f 665 54 53
f 665 663 54
f 665 663 60
f 665 663 664
f 665 54 666
f 665 663 54
f 665 58 666
f 665 60 666
f 665 60 58
f 665 663 60
f 665 56 666
f 665 663 56
f 235 201 238
f 235 201 234
f 235 347 234
f 235 201 234
f 242 239 227
f 242 239 366
f 198 239 197
f 198 200 238
f 198 200 695
f 198 200 695
f 198 99 200
f 198 99 200
f 198 99 695
f 198 99 100
f 198 99 197
f 17 688 15
f 17 124 125
f 17 127 15
f 17 127 14
f 17 717 13
f 17 717 718
f 17 127 13
f 604 711 710
f 604 711 603
f 604 708 603
f 604 603 602
f 604 699 698
f 604 601 602
f 604 601 698
f 604 565 601
f 604 565 601
f 604 565 695
f 604 565 695
f 604 603 561
f 82 81 36
f 82 83 36
f 82 81 689
f 82 83 689
f 82 67 81
f 82 83 67
f 82 83 216
f 82 185 210
f 82 83 185
f 82 75 81
f 82 83 75
f 82 185 81
f 82 83 185
f 82 180 81
f 82 83 180
f 82 103 83
f 82 180 179
f 82 103 179
f 82 103 180
f 84 85 36
f 84 83 36
f 84 85 67
f 84 83 67
f 84 83 689
f 84 83 185
f 84 73 75
f 84 85 73
f 84 83 75
f 88 89 36
f 88 87 36
f 88 87 63
f 88 62 63
f 88 62 89
f 88 62 89
f 88 89 64
f 88 87 64
f 88 67 89
f 88 87 67
f 86 85 36
f 86 87 36
f 86 85 67
f 86 67 64
f 86 87 64
f 86 87 67
f 86 85 73
f 233 235 234
f 233 210 227
f 233 347 234
f 97 98 36
f 97 96 36
f 97 55 98
f 97 96 55
f 97 99 98
f 97 56 55
f 97 96 56
f 97 692 691
f 97 692 693
f 97 99 692
f 97 96 200
f 97 99 200
f 97 201 96
f 97 96 98
f 97 95 691
f 97 96 95
f 97 693 694
f 97 99 694
f 97 692 693
f 97 99 692
f 97 198 99
f 97 198 99
f 97 201 200
f 97 99 200
f 97 95 691
f 97 201 691
f 97 198 197
f 97 96 197
f 97 198 197
f 97 201 95
f 97 201 96
f 97 195 197
f 97 195 96
f 93 94 56
f 93 94 61
f 93 95 690
f 93 94 95
f 93 94 62
f 93 94 62
f 93 94 207
f 57 94 95
f 57 94 95
f 57 96 95
f 57 96 95
f 57 93 94
f 57 93 94
f 57 93 59
f 57 93 56
f 57 97 96
f 57 97 96
f 57 684 59
f 57 56 684
f 57 682 681
f 57 682 681
f 57 58 98
f 57 97 98
f 57 97 56
f 57 680 58
f 57 680 681
f 57 680 681
f 57 100 56
f 57 100 58
f 57 100 58
f 57 677 56
f 57 58 677
f 57 103 102
f 57 103 58
f 57 101 102
f 57 101 100
f 57 101 100
f 57 676 677
f 57 676 58
f 57 103 104
f 57 103 104
f 57 676 56
f 57 676 58
f 57 104 56
f 57 104 58
f 57 674 56
f 57 674 58
f 57 56 112
f 57 58 112
f 57 674 673
f 57 674 673
f 57 56 121
f 57 58 121
f 57 672 673
f 57 672 673
f 57 56 121
f 57 58 121
f 57 56 122
f 57 58 122
f 57 669 56
f 57 669 58
f 57 669 668
f 57 669 668
f 57 668 56
f 57 665 56
f 57 665 58
f 57 667 58
f 57 667 668
f 57 667 668
f 57 665 663
f 57 665 663
f 57 663 56
f 57 663 58
f 190 94 96
f 190 94 96
f 190 96 98
f 190 96 193
f 190 94 210
f 190 94 193
f 190 191 193
f 190 210 216
f 190 193 210
f 190 102 98
f 190 103 102
f 190 191 103
f 190 100 102
f 190 191 100
f 190 191 100
f 190 191 103
f 190 104 105
f 190 103 104
f 190 103 104
f 190 105 188
f 190 106 105
f 190 191 106
f 190 106 700
f 190 191 106
f 126 127 180
f 126 127 180
f 126 127 176
f 126 127 176
f 126 127 174
f 126 127 708
f 126 127 708
f 126 127 711
f 126 174 173
f 126 127 174
f 126 127 711
f 126 127 173
f 126 118 171
f 126 127 171
f 126 119 118
f 126 118 125
f 126 705 127
f 126 107 705
f 126 125 171
f 126 127 171
f 126 125 169
f 126 127 169
f 126 107 106
f 126 168 125
f 126 106 700
f 126 17 127
f 131 125 166
f 350 223 351
f 350 349 223
f 350 219 221
f 350 219 221
f 350 351 224
f 350 349 224
f 350 218 349
f 350 219 218
f 350 219 218
f 350 226 351
f 350 349 226
f 350 226 351
f 350 349 226
f 350 228 351
f 350 228 349
f 350 228 351
f 350 228 349
f 350 351 229
f 350 349 229
f 350 233 234
f 350 233 234
f 350 235 234
f 350 235 234
f 350 239 238
f 350 239 349
f 379 350 351
f 379 350 380
f 379 486 485
f 379 486 487
f 379 488 487
f 379 380 488
f 379 380 489
f 379 380 489
f 379 380 491
f 379 380 492
f 379 493 380
f 379 493 380
f 379 281 310
f 379 380 281
f 379 380 281
f 379 380 495
f 379 309 310
f 379 380 309
f 379 380 495
f 379 309 284
f 379 380 284
f 379 380 309
f 379 380 497
f 379 380 497
f 379 380 499
f 379 500 380
f 379 500 380
f 379 380 502
f 379 380 506
f 379 380 506
f 379 380 505
f 412 473 411
f 412 411 475
f 412 473 475
f 412 473 472
f 412 411 415
f 412 471 472
f 412 411 309
f 412 471 411
f 412 469 411
f 412 469 411
f 412 315 411
f 412 317 411
f 412 320 319
f 412 462 463
f 412 320 411
f 412 462 461
f 412 426 425
f 566 463 465
f 566 565 465
f 566 565 463
f 566 462 463
f 566 565 601
f 566 462 565
f 566 461 567
f 566 462 461
f 566 599 567
f 566 599 601
f 566 565 601
f 566 462 565
f 566 599 567
f 566 599 601
f 566 460 461
f 566 460 565
f 566 460 459
f 566 460 565
f 566 459 567
f 566 565 459
f 566 456 567
f 566 457 567
f 566 457 456
f 464 565 463
f 464 561 465
f 464 463 561
f 464 560 561
f 464 560 463
f 464 560 559
f 464 560 463
f 464 559 465
f 464 463 559
f 464 557 465
f 464 463 557
f 464 557 465
f 464 463 557
f 464 465 556
f 464 462 556
f 464 462 463
f 464 465 554
f 464 462 554
f 464 462 553
f 464 462 553
f 464 462 550
f 464 462 549
f 464 462 549
f 464 462 423
f 464 462 546
f 464 421 423
f 464 460 462
f 464 462 424
f 464 462 463
f 464 462 546
f 464 421 420
f 464 462 541
f 464 419 420
f 464 424 414
f 464 462 534
f 464 460 534
f 464 460 462
f 464 462 538
f 464 419 414
f 464 462 538
f 464 412 411
f 464 412 411
f 464 411 410
f 464 411 463
f 697 565 568
f 697 565 698
f 697 601 568
f 697 601 698
f 697 604 601
f 697 604 601
f 697 565 468
f 697 198 200
f 697 606 698
f 697 195 698
f 697 612 610
f 697 612 610
f 697 100 105
f 697 100 36
f 697 698 105
f 697 100 105
f 697 35 36
f 697 698 35
f 697 31 699
f 10 143 145
f 10 11 143
f 10 145 8
f 10 11 8
f 10 11 145
f 10 143 142
f 10 11 143
f 10 141 142
f 10 11 141
f 10 139 141
f 10 11 139
f 10 138 139
f 10 138 11
f 10 138 137
f 10 138 11
f 10 136 137
f 10 136 11
f 10 136 135
f 10 136 11
f 10 11 127
f 10 11 688
f 10 717 11
f 728 138 139
f 728 136 135
f 728 126 127
f 160 136 161
f 160 136 124
f 160 136 124
f 160 138 124
f 160 138 159
f 160 138 159
f 160 124 161
f 160 159 124
f 160 161 123
f 160 302 301
f 160 301 300
f 160 297 300
f 160 297 296
f 160 295 296
f 160 159 295
f 160 267 161
f 160 295 161
f 160 159 295
f 160 267 270
f 160 159 267
f 160 161 291
f 160 159 291
f 160 271 270
f 160 271 159
f 160 290 161
f 160 159 290
f 160 271 273
f 160 271 159
f 160 290 161
f 160 159 290
f 160 273 161
f 160 159 273
f 160 159 289
f 160 286 289
f 160 161 286
f 160 159 286
f 160 285 161
f 160 159 285
f 160 277 161
f 160 159 277
f 160 283 285
f 160 159 283
f 160 279 161
f 160 159 279
f 160 283 282
f 160 159 283
f 160 282 161
f 160 159 282
f 158 138 139
f 158 138 159
f 158 124 155
f 158 159 124
f 158 159 286
f 158 159 285
f 158 159 273
f 158 159 285
f 158 159 273
f 158 159 283
f 158 159 283
f 158 277 155
f 158 159 277
f 158 282 281
f 158 159 282
f 158 279 155
f 158 159 279
f 158 279 281
f 570 571 453
f 570 456 453
f 570 453 454
f 570 571 453
f 570 576 594
f 570 595 571
f 572 573 453
f 572 571 453
f 572 571 573
f 572 573 453
f 572 571 453
f 572 570 571
f 572 570 576
f 572 570 571
f 572 570 576
f 572 593 571
f 572 593 571
f 572 593 594
f 572 576 594
f 184 126 127
f 184 705 127
f 184 107 186
f 184 126 107
f 184 320 186
f 184 705 321
f 184 108 107
f 184 126 108
f 184 320 186
f 184 126 108
f 184 317 186
f 184 317 257
f 184 259 257
f 19 711 20
f 19 17 711
f 19 20 124
f 19 126 20
f 19 126 23
f 19 126 23
f 19 126 13
f 19 126 17
f 577 578 588
f 577 588 586
f 577 576 586
f 577 576 585
f 577 578 585
f 577 575 588
f 577 575 576
f 577 576 585
f 577 578 585
f 577 578 588
f 577 575 588
f 577 575 578
f 577 575 576
f 577 575 578
f 577 576 451
f 577 578 451
f 577 576 449
f 577 578 449
f 577 448 576
f 577 448 578
f 577 448 576
f 577 448 578
f 577 576 446
f 577 578 446
f 577 445 576
f 577 445 578
f 577 445 576
f 577 445 578
f 577 576 443
f 577 578 443
f 577 576 441
f 577 578 441
f 577 576 441
f 577 578 441
f 577 576 440
f 577 578 440
f 701 575 700
f 701 575 573
f 701 590 700
f 701 190 700
f 701 190 191
f 701 191 192
f 701 126 700
f 701 126 127
f 701 126 106
f 701 598 601
f 701 601 602
f 701 106 105
f 701 106 105
f 701 604 602
f 701 700 35
f 701 105 35
f 701 105 700
f 701 606 700
f 701 699 688
f 701 699 618
f 701 615 699
f 701 612 610
f 701 612 610
f 704 590 703
f 704 590 705
f 704 184 127
f 704 184 705
f 704 126 127
f 704 126 705
f 704 126 107
f 704 126 107
f 704 107 106
f 704 599 598
f 704 599 705
f 704 106 703
f 704 107 705
f 704 107 106
f 704 599 601
f 704 599 705
f 704 601 703
f 704 705 601
f 704 604 703
f 704 604 705
f 704 23 703
f 704 23 705
f 704 606 703
f 704 606 608
f 704 705 608
f 704 705 606
f 704 610 703
f 704 705 610
f 704 612 703
f 704 705 612
f 574 575 576
f 574 572 576
f 574 575 576
f 574 572 593
f 574 572 593
f 574 572 573
f 574 572 576
f 574 575 451
f 574 575 573
f 574 573 453
f 574 451 453
f 574 573 453
f 574 451 453
f 574 451 450
f 574 576 450
f 574 576 451
f 583 582 587
f 583 704 703
f 583 704 582
f 583 705 587
f 583 704 705
f 583 704 582
f 583 705 584
f 583 582 705
f 583 708 584
f 583 582 708
f 583 708 710
f 583 582 708
f 583 711 710
f 583 582 711
f 583 711 712
f 583 582 711
f 583 144 726
f 583 299 443
f 583 301 300
f 583 441 442
f 583 582 441
f 583 144 442
f 583 443 300
f 583 582 443
f 583 144 299
f 583 302 301
f 583 302 582
f 583 302 582
f 583 722 582
f 583 582 441
f 583 582 443
f 583 144 443
f 583 582 440
f 583 439 584
f 583 439 440
f 583 577 576
f 583 577 582
f 583 577 578
f 583 577 582
f 709 590 708
f 709 595 593
f 709 595 593
f 709 599 598
f 709 599 708
f 709 599 601
f 709 599 708
f 709 601 710
f 709 708 601
f 709 710 603
f 709 708 603
f 709 604 710
f 709 604 708
f 709 606 710
f 709 708 606
f 709 710 608
f 709 708 608
f 709 711 710
f 709 708 610
f 709 711 610
f 709 708 612
f 709 711 612
f 709 615 711
f 709 19 17
f 709 17 688
f 709 19 17
f 709 19 708
f 709 711 20
f 709 19 711
f 709 711 688
f 709 17 712
f 709 17 711
f 709 23 20
f 709 14 712
f 709 688 14
f 709 688 14
f 709 23 710
f 709 23 708
f 34 126 708
f 34 126 107
f 34 107 705
f 34 107 705
f 34 704 705
f 34 126 708
f 34 108 107
f 34 126 108
f 34 704 703
f 34 108 35
f 34 126 108
f 34 37 116
f 34 111 113
f 34 110 111
f 34 110 35
f 34 126 110
f 34 701 700
f 34 699 700
f 34 687 688
f 34 699 698
f 34 697 698
f 34 692 35
f 34 692 688
f 34 697 35
f 34 688 35
f 34 692 35
f 34 692 688
f 34 35 693
f 34 695 693
f 34 695 35
f 34 695 35
f 187 104 188
f 187 103 104
f 187 103 186
f 187 103 186
f 187 104 105
f 187 186 104
f 187 106 105
f 187 106 186
f 187 107 106
f 187 126 107
f 187 126 106
f 187 126 107
f 187 320 186
f 187 320 188
f 187 320 186
f 187 126 127
f 187 126 127
f 187 127 703
f 187 704 127
f 187 704 127
f 182 103 185
f 182 103 104
f 182 104 181
f 182 108 104
f 182 242 185
f 182 257 256
f 182 259 257
f 182 110 181
f 182 126 110
f 182 126 110
f 182 126 127
f 182 320 127
f 182 259 261
f 182 259 315
f 182 315 316
f 182 320 319
f 182 317 316
f 182 317 319
f 178 104 179
f 178 103 104
f 178 103 104
f 178 103 175
f 178 103 179
f 178 177 175
f 178 179 113
f 178 177 113
f 178 126 127
f 178 126 127
f 178 317 127
f 178 317 127
f 178 257 179
f 178 177 257
f 178 317 179
f 178 317 177
f 178 257 179
f 178 177 257
f 178 315 179
f 178 315 177
f 178 259 179
f 178 259 177
f 178 259 177
f 178 177 261
f 178 259 261
f 178 259 261
f 178 261 179
f 178 177 261
f 178 265 309
f 178 177 309
f 178 177 265
f 178 265 179
f 178 177 265
f 335 262 261
f 335 338 262
f 335 261 332
f 335 338 261
f 335 262 332
f 335 338 262
f 335 338 259
f 335 332 264
f 335 338 264
f 335 265 332
f 335 265 264
f 335 338 264
f 335 265 332
f 335 267 332
f 335 338 267
f 335 338 267
f 335 381 332
f 335 338 381
f 335 380 381
f 335 338 380
f 335 379 380
f 335 379 338
f 339 235 338
f 339 229 205
f 339 690 691
f 339 690 477
f 339 395 398
f 339 338 398
f 339 338 395
f 339 338 395
f 339 338 393
f 339 338 392
f 339 471 472
f 339 338 471
f 339 338 392
f 339 471 402
f 339 338 402
f 339 338 471
f 342 262 264
f 342 338 264
f 342 338 262
f 342 262 264
f 342 264 266
f 342 338 264
f 342 267 266
f 342 338 267
f 342 262 261
f 342 268 267
f 342 268 338
f 342 268 270
f 342 268 338
f 342 366 270
f 342 379 338
f 342 271 366
f 342 371 372
f 342 371 338
f 342 338 270
f 342 271 270
f 342 338 366
f 342 271 366
f 342 374 372
f 342 374 338
f 342 374 375
f 342 374 375
f 329 262 332
f 329 332 264
f 329 265 332
f 329 326 265
f 329 265 332
f 329 326 265
f 329 267 332
f 329 326 267
f 329 268 267
f 329 268 326
f 329 268 270
f 329 268 326
f 329 271 270
f 329 271 326
f 329 271 273
f 329 271 326
f 329 366 273
f 329 371 332
f 329 371 326
f 329 375 332
f 329 375 326
f 329 379 380
f 329 379 326
f 329 380 381
f 329 326 380
f 329 381 332
f 329 326 381
f 323 326 267
f 323 268 326
f 323 259 257
f 323 190 188
f 323 187 188
f 323 575 321
f 323 187 186
f 323 187 704
f 323 451 321
f 323 184 186
f 323 704 184
f 323 184 705
f 323 704 184
f 323 448 449
f 323 435 439
f 431 299 432
f 431 429 299
f 431 429 298
f 431 299 432
f 431 296 298
f 431 432 296
f 431 432 296
f 431 432 422
f 431 429 422
f 431 301 432
f 431 429 454
f 431 302 301
f 431 433 454
f 431 433 432
f 431 302 303
f 431 433 453
f 431 303 432
f 431 433 315
f 431 305 432
f 431 305 432
f 431 432 306
f 431 432 309
f 431 432 307
f 431 432 309
f 428 299 300
f 428 429 299
f 428 429 299
f 428 301 300
f 428 429 301
f 428 302 422
f 428 302 301
f 428 429 422
f 428 302 429
f 428 456 422
f 428 456 422
f 428 429 456
f 428 429 456
f 428 302 303
f 428 302 429
f 428 303 304
f 428 429 303
f 428 305 304
f 428 429 305
f 428 305 306
f 428 429 305
f 428 306 307
f 428 429 306
f 428 307 308
f 428 429 307
f 428 309 308
f 428 429 309
f 428 309 310
f 428 429 309
f 71 661 72
f 71 661 72
f 71 663 72
f 71 663 664
f 71 665 664
f 71 665 666
f 71 667 666
f 71 667 668
f 71 669 668
f 71 669 670
f 71 672 673
f 71 674 673
f 71 674 675
f 71 676 675
f 71 676 677
f 71 677 72
f 71 680 681
f 71 682 681
f 71 84 85
f 71 86 85
f 71 69 94
f 68 161 123
f 68 162 161
f 68 69 162
f 68 122 123
f 68 162 122
f 68 69 162
f 68 122 112
f 68 69 122
f 68 661 66
f 68 94 67
f 68 69 661
f 68 103 112
f 68 69 103
f 68 663 66
f 68 94 96
f 68 69 94
f 68 663 69
f 68 103 98
f 68 69 103
f 68 663 664
f 68 96 98
f 68 69 96
f 68 663 69
f 68 665 664
f 68 665 69
f 68 67 666
f 68 665 666
f 68 665 69
f 68 667 67
f 68 667 69
f 68 667 668
f 68 667 69
f 68 669 668
f 68 669 69
f 68 669 67
f 68 669 69
f 68 672 673
f 68 672 69
f 68 674 673
f 68 674 69
f 68 674 67
f 68 674 69
f 68 676 67
f 68 69 676
f 68 69 676
f 269 270 166
f 269 268 166
f 269 268 270
f 269 168 270
f 269 268 168
f 269 168 270
f 269 268 168
f 269 268 169
f 269 271 169
f 269 271 270
f 269 268 171
f 269 271 171
f 269 268 171
f 269 271 171
f 269 268 173
f 269 173 172
f 269 271 172
f 269 268 174
f 269 174 173
f 269 271 309
f 269 268 309
f 269 271 309
f 269 268 309
f 269 176 174
f 269 176 174
f 269 268 174
f 269 268 176
f 269 307 308
f 269 271 308
f 269 176 307
f 269 176 306
f 269 303 306
f 269 176 303
f 269 176 303
f 269 306 307
f 269 315 270
f 269 268 315
f 269 176 177
f 269 268 177
f 269 268 176
f 269 268 326
f 269 323 326
f 269 323 268
f 537 484 485
f 537 484 485
f 537 486 485
f 537 486 485
f 537 538 483
f 537 484 483
f 537 484 538
f 537 486 539
f 537 486 488
f 537 539 630
f 537 489 488
f 537 488 491
f 537 488 539
f 537 539 631
f 537 539 631
f 537 631 538
f 537 633 538
f 537 634 538
f 537 633 634
f 537 633 634
f 535 485 534
f 535 486 485
f 535 485 534
f 535 486 485
f 535 488 534
f 535 486 488
f 535 537 486
f 535 537 486
f 535 537 489
f 535 533 488
f 535 533 489
f 535 533 489
f 535 537 489
f 535 537 633
f 535 537 633
f 535 633 634
f 535 633 632
f 535 533 633
f 535 533 633
f 535 533 491
f 535 537 491
f 535 635 634
f 535 631 632
f 535 537 631
f 535 636 534
f 535 635 636
f 535 631 630
f 535 537 630
f 535 537 631
f 535 637 533
f 535 637 635
f 535 637 533
f 535 637 636
f 535 637 635
f 399 482 481
f 399 482 481
f 399 481 480
f 399 481 480
f 399 482 483
f 399 482 483
f 399 479 480
f 399 479 480
f 399 484 483
f 399 484 483
f 399 479 478
f 399 479 478
f 399 484 485
f 399 484 485
f 399 478 398
f 399 485 487
f 399 485 487
f 399 398 477
f 399 478 401
f 399 478 401
f 399 489 487
f 399 489 487
f 399 401 477
f 399 475 398
f 399 490 398
f 399 489 490
f 399 489 490
f 399 401 475
f 399 474 475
f 399 474 401
f 399 473 474
f 399 473 474
f 399 339 338
f 399 473 402
f 399 473 472
f 399 339 338
f 399 339 472
f 399 320 319
f 399 320 319
f 399 315 316
f 399 315 316
f 399 309 310
f 399 309 398
f 399 309 400
f 399 309 398
f 399 307 400
f 399 307 398
f 399 306 398
f 399 306 307
f 399 306 307
f 396 481 395
f 396 482 481
f 396 482 481
f 396 482 483
f 396 482 483
f 396 484 483
f 396 484 483
f 396 484 485
f 396 484 485
f 396 485 487
f 396 485 487
f 396 489 487
f 396 489 490
f 396 489 490
f 396 488 487
f 396 489 488
f 396 489 488
f 396 492 490
f 396 492 490
f 396 493 492
f 396 493 492
f 396 493 494
f 396 496 494
f 396 493 394
f 396 493 395
f 396 497 496
f 396 496 394
f 396 497 498
f 396 497 496
f 396 499 498
f 396 497 498
f 396 500 499
f 396 499 498
f 396 500 501
f 396 500 499
f 396 502 501
f 396 500 394
f 396 502 394
f 396 505 504
f 396 289 288
f 396 290 289
f 396 290 289
f 396 504 393
f 396 505 504
f 396 289 393
f 396 289 393
f 396 293 290
f 396 293 290
f 396 393 288
f 396 293 294
f 396 293 294
f 396 295 294
f 396 295 294
f 396 295 298
f 396 295 298
f 396 299 298
f 396 299 298
f 396 299 300
f 396 299 300
f 396 301 300
f 396 301 300
f 396 301 304
f 396 301 304
f 396 305 304
f 396 305 304
f 396 305 306
f 396 305 306
f 396 306 307
f 396 307 395
f 396 306 307
f 396 307 308
f 396 307 395
f 396 309 308
f 396 309 395
f 396 309 310
f 396 309 395
f 396 315 316
f 396 320 319
f 396 320 319
f 396 329 395
f 387 479 353
f 387 293 298
f 387 293 290
f 364 482 483
f 364 482 365
f 364 484 483
f 364 484 365
f 364 358 365
f 364 358 482
f 364 358 482
f 364 484 485
f 364 484 365
f 364 486 485
f 364 486 365
f 364 486 488
f 364 486 488
f 364 489 488
f 364 489 488
f 364 489 490
f 364 489 365
f 364 491 490
f 364 365 491
f 364 492 491
f 364 492 365
f 364 493 492
f 364 493 492
f 364 493 495
f 364 495 496
f 364 365 495
f 364 365 495
f 364 493 495
f 364 493 365
f 364 497 496
f 364 365 497
f 364 497 498
f 364 365 497
f 364 499 498
f 364 499 365
f 364 500 499
f 364 500 499
f 364 500 363
f 364 500 365
f 364 502 363
f 364 502 365
f 364 505 504
f 364 365 505
f 364 506 505
f 364 365 506
f 364 506 507
f 364 366 506
f 364 365 366
f 364 508 507
f 364 366 508
f 364 508 509
f 364 366 508
f 364 510 509
f 364 366 510
f 364 366 510
f 408 302 301
f 408 406 301
f 408 406 302
f 408 409 304
f 408 302 304
f 408 406 415
f 408 406 302
f 408 485 415
f 408 406 485
f 408 305 409
f 408 409 483
f 408 485 483
f 408 305 409
f 408 481 409
f 408 409 306
f 408 481 409
f 408 409 307
f 408 409 478
f 408 409 309
f 408 409 478
f 408 409 309
f 408 409 475
f 408 409 474
f 408 473 409
f 408 315 409
f 408 473 472
f 408 317 409
f 408 471 472
f 408 320 319
f 408 471 410
f 408 471 409
f 408 320 409
f 408 469 410
f 408 469 468
f 408 409 410
f 24 23 703
f 24 704 703
f 24 704 23
f 24 704 705
f 24 704 23
f 24 23 121
f 24 37 122
f 24 708 26
f 24 23 708
f 24 23 708
f 24 125 121
f 24 23 125
f 24 126 23
f 24 126 23
f 21 23 705
f 21 20 687
f 21 20 687
f 21 20 37
f 21 709 708
f 21 709 23
f 21 709 23
f 21 20 124
f 21 20 124
f 21 126 20
f 21 126 23
f 643 681 646
f 643 530 646
f 643 680 681
f 643 526 655
f 643 527 526
f 217 219 218
f 217 219 221
f 217 221 220
f 217 219 220
f 217 219 221
f 217 347 218
f 217 218 349
f 217 218 353
f 217 353 351
f 217 501 689
f 217 500 501
f 217 500 351
f 217 500 351
f 217 502 353
f 217 353 505
f 217 502 501
f 217 505 504
f 217 353 506
f 217 82 216
f 217 82 81
f 217 82 81
f 217 80 81
f 217 218 80
f 217 80 81
f 217 506 505
f 217 79 80
f 217 218 79
f 217 506 507
f 217 78 79
f 217 218 78
f 217 508 507
f 217 218 508
f 217 78 216
f 217 218 78
f 217 508 509
f 217 218 509
f 217 218 508
f 217 76 216
f 217 218 76
f 217 76 75
f 217 218 76
f 217 73 75
f 217 218 73
f 217 218 73
f 348 219 347
f 348 219 221
f 348 219 221
f 348 221 349
f 348 221 347
f 348 349 223
f 348 347 223
f 348 349 226
f 348 347 226
f 348 228 349
f 348 347 228
f 348 228 349
f 348 347 228
f 348 349 229
f 348 347 229
f 348 233 234
f 348 233 347
f 348 235 234
f 348 235 347
f 348 239 349
f 348 347 239
f 348 379 380
f 348 346 258
f 348 350 258
f 348 379 350
f 348 380 346
f 348 346 258
f 348 350 258
f 348 350 375
f 348 350 349
f 348 350 380
f 348 262 346
f 348 350 262
f 348 374 375
f 348 350 374
f 348 262 264
f 348 350 262
f 348 374 373
f 348 350 374
f 348 264 266
f 348 350 264
f 348 373 372
f 348 350 373
f 348 267 266
f 348 350 267
f 348 371 372
f 348 350 371
f 348 268 267
f 348 350 268
f 348 268 366
f 352 218 353
f 352 219 218
f 352 219 218
f 352 219 351
f 352 219 353
f 352 221 351
f 352 221 353
f 352 223 351
f 352 353 223
f 352 351 224
f 352 353 224
f 352 226 351
f 352 353 226
f 352 226 351
f 352 353 226
f 352 228 351
f 352 228 353
f 352 228 351
f 352 228 353
f 352 351 229
f 352 235 234
f 352 233 234
f 352 233 235
f 352 239 238
f 352 350 242
f 352 379 350
f 352 350 375
f 352 350 258
f 352 353 351
f 352 379 351
f 352 379 353
f 352 350 374
f 352 350 258
f 352 350 374
f 352 350 262
f 352 350 262
f 352 371 373
f 352 350 373
f 352 350 371
f 352 350 264
f 352 350 267
f 671 76 75
f 671 672 76
f 671 73 670
f 671 672 73
f 671 76 670
f 671 672 76
f 671 71 670
f 671 71 672
f 671 78 670
f 671 672 78
f 671 672 78
f 671 68 69
f 671 68 672
f 671 78 670
f 671 78 79
f 671 672 79
f 671 68 67
f 671 68 672
f 671 67 670
f 671 672 67
f 671 65 670
f 671 672 65
f 671 65 64
f 671 672 65
f 671 64 63
f 671 672 64
f 671 656 655
f 671 672 656
f 671 62 63
f 671 672 62
f 671 665 656
f 671 62 61
f 671 672 62
f 671 665 670
f 671 60 61
f 671 672 60
f 671 40 670
f 671 672 40
f 671 672 676
f 671 665 676
f 671 665 672
f 671 60 670
f 671 672 60
f 671 42 40
f 671 58 670
f 671 672 58
f 671 43 42
f 671 672 43
f 671 41 42
f 671 672 41
f 671 672 41
f 671 57 58
f 671 57 672
f 671 43 670
f 671 672 43
f 671 57 56
f 671 57 672
f 671 45 670
f 671 672 45
f 671 56 55
f 671 672 56
f 671 47 45
f 671 672 47
f 671 54 55
f 671 672 54
f 671 47 48
f 671 672 47
f 671 54 53
f 671 672 54
f 671 48 670
f 671 672 48
f 671 53 670
f 671 672 53
f 671 670 51
f 671 672 51
f 654 674 645
f 654 648 674
f 654 674 673
f 654 671 655
f 654 669 655
f 654 672 673
f 654 674 673
f 654 671 672
f 654 669 668
f 654 672 673
f 654 669 670
f 654 667 668
f 654 671 670
f 654 671 672
f 654 669 668
f 654 667 666
f 654 667 668
f 654 665 666
f 654 667 666
f 654 665 666
f 654 665 664
f 654 665 664
f 654 521 520
f 654 522 521
f 654 519 520
f 654 652 519
f 654 522 523
f 654 648 523
f 654 652 519
f 654 519 653
f 654 519 655
f 654 655 660
f 654 663 653
f 654 663 664
f 654 663 655
f 654 663 664
f 654 517 653
f 654 655 517
f 654 661 660
f 654 516 517
f 654 655 516
f 654 511 653
f 654 511 661
f 654 661 660
f 654 511 653
f 654 511 661
f 654 513 653
f 654 513 660
f 654 513 514
f 654 515 514
f 654 515 516
f 654 515 655
f 654 656 515
f 314 315 180
f 314 313 180
f 314 313 261
f 314 315 180
f 314 313 180
f 314 182 261
f 314 182 315
f 314 182 315
f 314 315 261
f 314 313 261
f 314 178 315
f 314 178 313
f 314 315 265
f 314 313 265
f 314 178 315
f 314 178 313
f 314 315 267
f 314 313 267
f 314 176 315
f 314 313 176
f 314 268 315
f 314 313 268
f 314 127 176
f 314 313 127
f 314 269 268
f 314 269 313
f 314 269 315
f 314 269 313
f 314 271 315
f 314 313 271
f 314 271 315
f 314 313 271
f 314 448 315
f 314 448 313
f 314 315 273
f 314 313 273
f 314 448 315
f 314 448 313
f 314 315 273
f 314 313 273
f 314 315 446
f 314 313 446
f 314 315 446
f 314 313 446
f 314 315 443
f 314 313 443
f 314 315 443
f 314 313 443
f 314 315 441
f 314 313 441
f 314 315 441
f 314 313 441
f 314 315 439
f 314 313 439
f 314 315 437
f 314 313 437
f 314 315 437
f 314 313 437
f 314 315 392
f 314 313 392
f 314 315 435
f 314 313 435
f 314 315 392
f 314 313 392
f 314 433 315
f 314 313 433
f 314 315 393
f 314 313 393
f 314 431 433
f 314 431 313
f 314 315 395
f 314 313 395
f 314 396 315
f 314 396 313
f 314 429 315
f 314 313 429
f 314 396 315
f 314 396 313
f 314 426 315
f 314 313 426
f 314 315 398
f 314 313 398
f 314 426 315
f 314 313 426
f 314 399 315
f 314 399 313
f 314 315 425
f 314 313 425
f 314 399 315
f 314 399 313
f 314 315 424
f 314 313 424
f 314 315 401
f 314 313 401
f 314 315 402
f 314 313 402
f 314 412 315
f 314 412 313
f 314 315 402
f 314 313 402
f 314 315 411
f 314 313 411
f 314 315 403
f 314 313 403
f 314 315 409
f 314 313 409
f 314 405 315
f 314 313 405
f 314 408 315
f 314 408 313
f 314 406 405
f 314 313 406
f 312 180 179
f 312 313 180
f 312 313 180
f 312 313 265
f 312 178 313
f 312 313 267
f 312 178 313
f 312 313 268
f 312 313 176
f 312 269 313
f 312 313 176
f 312 313 174
f 312 313 271
f 312 313 271
f 312 269 271
f 312 269 313
f 312 313 173
f 312 313 273
f 312 313 273
f 312 313 277
f 312 313 281
f 312 448 313
f 312 313 446
f 312 379 313
f 312 313 446
f 312 313 380
f 312 313 443
f 312 313 443
f 312 313 441
f 312 313 441
f 312 313 392
f 312 313 439
f 312 313 392
f 312 313 437
f 312 313 393
f 312 313 437
f 312 313 395
f 312 313 435
f 312 396 313
f 312 313 433
f 312 396 313
f 312 431 313
f 312 313 398
f 312 399 313
f 312 399 313
f 312 313 429
f 312 428 429
f 312 313 401
f 312 313 426
f 312 313 402
f 312 313 426
f 312 313 402
f 312 313 425
f 312 313 403
f 312 313 405
f 312 424 414
f 312 313 424
f 312 313 406
f 312 412 313
f 312 408 313
f 312 313 411
f 312 313 409
f 579 448 449
f 579 448 578
f 579 449 451
f 579 448 447
f 579 448 578
f 579 451 580
f 579 578 451
f 579 449 451
f 579 578 451
f 579 578 449
f 579 446 447
f 579 578 446
f 579 580 321
f 579 445 446
f 579 445 578
f 579 575 321
f 579 575 578
f 579 445 578
f 579 323 575
f 579 575 580
f 579 575 578
f 579 443 442
f 579 578 443
f 579 443 580
f 579 445 580
f 579 445 443
f 579 323 705
f 579 323 704
f 579 580 587
f 579 578 587
f 579 441 442
f 579 578 441
f 579 580 321
f 579 705 321
f 579 705 580
f 579 704 705
f 579 323 704
f 579 575 703
f 579 704 703
f 579 704 575
f 579 585 580
f 579 578 585
f 579 441 580
f 579 578 441
f 579 585 580
f 579 578 585
f 579 580 440
f 579 578 440
f 579 583 580
f 579 583 578
f 579 583 582
f 579 583 582
f 579 577 576
f 579 577 578
f 579 577 578
f 318 319 261
f 318 317 261
f 318 319 264
f 318 259 319
f 318 317 259
f 318 265 264
f 318 317 265
f 318 319 265
f 318 259 319
f 318 317 319
f 318 317 259
f 318 319 265
f 318 317 265
f 318 319 267
f 318 317 267
f 318 268 319
f 318 268 267
f 318 317 267
f 318 269 268
f 318 269 268
f 318 269 319
f 318 269 270
f 318 271 270
f 318 271 319
f 318 396 319
f 318 396 316
f 318 396 319
f 318 271 315
f 318 271 315
f 318 271 273
f 318 271 319
f 318 319 395
f 318 396 315
f 318 396 315
f 318 316 398
f 318 319 398
f 318 315 273
f 318 315 395
f 318 319 393
f 318 399 316
f 318 399 319
f 318 315 273
f 318 315 393
f 318 319 392
f 318 399 316
f 318 399 319
f 318 315 392
f 318 319 392
f 318 401 316
f 318 319 401
f 318 314 315
f 318 315 392
f 318 402 401
f 318 319 402
f 318 402 403
f 318 319 402
f 318 313 277
f 318 314 313
f 318 403 316
f 318 319 403
f 318 313 281
f 318 313 380
f 318 314 313
f 318 405 316
f 318 405 319
f 318 379 313
f 318 406 405
f 318 406 405
f 318 408 317
f 318 312 313
f 318 312 379
f 318 408 319
f 318 408 317
f 318 319 409
f 318 317 409
f 318 319 411
f 318 317 411
f 318 412 319
f 318 412 317
f 318 319 425
f 318 317 425
f 318 426 319
f 318 317 426
f 318 317 426
f 318 433 319
f 318 317 433
f 318 319 435
f 318 435 439
f 318 317 439
f 318 317 435
f 318 319 439
f 318 317 439
f 318 319 441
f 318 317 441
f 318 319 441
f 318 317 441
f 318 319 443
f 318 317 443
f 318 319 443
f 318 317 443
f 318 317 446
f 318 446 447
f 318 319 447
f 318 317 446
f 318 448 319
f 318 317 448
f 318 448 319
f 318 317 319
f 318 317 448
f 253 320 188
f 253 190 188
f 253 190 252
f 253 190 252
f 253 187 252
f 253 187 320
f 253 323 252
f 253 187 186
f 253 186 185
f 253 184 185
f 253 182 252
f 253 180 252
f 253 180 252
f 253 348 252
f 592 717 718
f 592 717 593
f 592 722 593
f 592 593 711
f 592 590 711
f 592 593 711
f 592 590 711
f 592 709 593
f 592 709 590
f 592 709 593
f 592 709 590
f 592 590 708
f 592 574 593
f 592 574 593
f 592 590 575
f 592 595 708
f 592 595 593
f 592 590 705
f 592 574 575
f 592 574 575
f 592 575 573
f 592 590 575
f 592 704 590
f 592 595 593
f 592 701 590
f 592 704 590
f 713 11 688
f 713 615 688
f 713 10 11
f 713 13 688
f 713 11 13
f 713 688 14
f 713 13 688
f 713 612 611
f 713 610 611
f 713 14 712
f 713 17 712
f 713 17 14
f 713 19 17
f 713 608 712
f 713 23 20
f 713 19 20
f 713 606 712
f 713 604 603
f 713 603 602
f 713 601 602
f 713 601 712
f 713 599 712
f 713 599 598
f 713 588 712
f 713 590 588
f 713 595 593
f 713 595 593
f 713 592 590
f 713 592 593
f 724 583 301
f 724 144 301
f 724 144 301
f 720 583 582
f 720 582 306
f 720 582 718
f 720 135 306
f 720 718 135
f 720 599 722
f 720 599 722
f 720 722 602
f 720 722 603
f 720 722 610
f 720 722 606
f 1 5 688
f 1 722 5
f 1 722 5
f 1 687 688
f 1 687 655
f 1 655 4
f 1 687 611
f 1 603 4
f 1 611 655
f 1 603 600
f 1 610 611
f 1 606 603
f 1 594 600
f 1 594 591
f 1 3 591
f 1 599 594
f 1 3 591
f 1 588 586
f 1 439 584
f 1 146 439
f 1 3 146
f 1 583 439
f 1 583 439
f 1 146 439
f 1 144 3
f 1 144 3
f 1 3 2
f 1 3 143
f 1 2 141
f 1 140 2
f 1 140 139
f 1 138 139
f 1 138 2
f 1 136 2
f 1 136 135
f 629 540 539
f 629 540 539
f 629 539 628
f 629 539 630
f 629 540 541
f 629 540 630
f 629 688 628
f 629 688 630
f 629 627 541
f 629 687 688
f 629 687 688
f 629 627 687
f 629 631 630
f 629 687 631
f 629 625 631
f 629 625 627
f 629 625 687
f 629 625 627
f 619 549 548
f 619 620 548
f 619 620 549
f 619 549 618
f 619 549 690
f 619 620 549
f 619 550 552
f 619 690 550
f 619 690 691
f 619 620 691
f 619 620 690
f 619 620 692
f 619 620 692
f 619 620 695
f 619 695 693
f 619 618 693
f 619 618 695
f 619 618 695
f 619 688 695
f 619 620 688
f 619 697 618
f 619 697 688
f 619 620 618
f 619 699 618
f 619 697 699
f 619 697 699
f 614 546 611
f 614 615 611
f 614 615 546
f 614 546 611
f 614 615 546
f 614 550 611
f 614 549 550
f 614 615 549
f 614 615 549
f 614 550 611
f 614 615 550
f 614 615 552
f 614 615 553
f 614 615 553
f 614 615 687
f 614 615 554
f 614 687 611
f 614 615 611
f 614 615 687
f 614 713 615
f 614 713 615
f 614 690 556
f 614 615 690
f 614 615 711
f 614 615 690
f 614 709 615
f 614 615 692
f 614 709 615
f 614 615 692
f 614 615 693
f 614 615 695
f 614 704 615
f 614 615 695
f 614 704 615
f 614 697 615
f 614 697 615
f 614 701 615
f 614 615 699
f 614 615 699
f 616 549 618
f 616 615 618
f 616 615 549
f 616 549 618
f 616 615 549
f 616 615 550
f 616 615 552
f 616 615 553
f 616 615 553
f 616 615 690
f 616 690 554
f 616 615 554
f 616 615 690
f 616 615 692
f 616 615 692
f 616 615 693
f 616 615 695
f 616 615 695
f 616 697 615
f 616 697 615
f 616 615 699
f 616 701 615
f 616 704 615
f 616 704 615
f 616 618 687
f 616 615 687
f 616 615 618
f 616 709 708
f 616 709 615
f 616 709 615
f 503 522 521
f 503 522 502
f 503 521 520
f 503 502 521
f 503 522 504
f 503 522 502
f 503 502 519
f 503 217 504
f 503 217 502
f 503 520 504
f 503 519 520
f 503 502 519
f 503 217 353
f 503 217 502
f 503 504 517
f 503 519 517
f 503 504 512
f 503 502 512
f 503 504 422
f 503 502 422
f 503 420 504
f 503 502 420
f 503 364 504
f 503 364 502
f 503 418 420
f 503 502 418
f 503 364 365
f 503 364 502
f 503 418 504
f 503 502 418
f 503 365 366
f 503 502 365
f 503 504 416
f 503 502 416
f 503 504 416
f 503 369 368
f 503 369 502
f 503 416 400
f 503 502 416
f 503 502 398
f 503 369 370
f 503 369 502
f 503 401 400
f 503 502 401
f 503 398 400
f 503 504 400
f 503 502 398
f 503 371 370
f 503 371 502
f 503 403 401
f 503 502 403
f 503 502 403
f 503 396 504
f 503 396 502
f 503 371 372
f 503 371 502
f 503 396 504
f 503 396 502
f 503 374 372
f 503 504 393
f 503 502 393
f 503 374 375
f 503 374 375
f 503 502 373
f 503 374 373
f 503 374 502
f 503 392 504
f 503 502 392
f 503 392 504
f 503 502 392
f 503 379 380
f 503 379 380
f 503 380 381
f 503 380 502
f 367 499 365
f 367 500 499
f 367 500 499
f 367 365 366
f 367 500 368
f 367 365 366
f 367 500 365
f 367 502 368
f 367 502 366
f 367 503 502
f 367 503 502
f 367 503 368
f 367 503 366
f 367 368 505
f 367 366 505
f 367 506 368
f 367 366 506
f 367 506 368
f 367 366 506
f 367 366 508
f 367 369 508
f 367 369 368
f 367 369 508
f 367 508 510
f 367 366 510
f 367 366 508
f 367 366 258
f 367 366 258
f 367 369 366
f 367 366 262
f 367 366 262
f 367 370 262
f 367 366 264
f 367 370 264
f 367 267 366
f 367 267 370
f 367 268 267
f 367 267 370
f 367 268 366
f 367 268 267
f 367 369 366
f 367 271 370
f 367 271 366
f 367 271 370
f 367 271 366
f 367 329 366
f 367 371 370
f 367 371 326
f 367 329 326
f 367 329 371
f 367 329 366
f 367 329 371
f 367 352 366
f 367 352 350
f 367 352 371
f 367 352 350
f 367 348 350
f 367 348 350
f 367 338 366
f 367 371 338
f 367 348 366
f 367 348 371
f 367 342 338
f 367 342 371
f 367 342 366
f 367 342 371
f 651 637 652
f 651 637 533
f 651 637 533
f 651 652 646
f 651 533 646
f 651 533 530
f 651 533 530
f 651 681 652
f 651 680 681
f 651 680 681
f 651 527 530
f 651 527 530
f 651 652 677
f 651 527 652
f 651 676 652
f 651 652 526
f 651 676 652
f 651 652 524
f 651 674 652
f 651 522 524
f 651 522 652
f 651 674 652
f 651 654 652
f 651 522 652
f 651 652 521
f 651 654 521
f 651 654 652
f 679 78 79
f 679 680 78
f 679 79 80
f 679 680 79
f 679 76 78
f 679 680 76
f 679 80 678
f 679 680 80
f 679 76 75
f 679 680 76
f 679 678 689
f 679 680 689
f 679 652 678
f 679 680 652
f 679 651 652
f 679 651 680
f 679 71 72
f 679 71 680
f 679 651 648
f 679 645 646
f 679 65 67
f 679 680 65
f 679 65 64
f 679 680 65
f 679 64 63
f 679 680 64
f 679 643 677
f 679 62 63
f 679 680 62
f 679 680 656
f 679 62 61
f 679 680 62
f 679 677 39
f 679 680 39
f 679 676 677
f 679 676 656
f 679 676 677
f 679 680 61
f 679 677 39
f 679 680 39
f 679 60 678
f 679 60 61
f 679 60 61
f 679 58 678
f 679 680 58
f 679 677 41
f 679 680 41
f 679 665 676
f 679 665 663
f 679 665 663
f 679 663 661
f 679 663 676
f 679 57 58
f 679 57 680
f 679 677 41
f 679 680 41
f 679 57 56
f 679 57 680
f 679 677 43
f 679 680 43
f 679 56 55
f 679 680 56
f 679 677 43
f 679 680 43
f 679 54 55
f 679 680 54
f 679 677 45
f 679 680 45
f 679 54 53
f 679 677 45
f 679 680 45
f 679 53 678
f 679 54 53
f 679 680 54
f 679 677 47
f 679 677 47
f 679 680 47
f 679 49 678
f 679 680 49
f 679 47 48
f 679 680 47
f 679 49 48
f 679 680 49
f 237 201 200
f 237 235 201
f 237 200 238
f 237 198 238
f 237 198 197
f 237 198 197
f 237 239 197
f 237 195 239
f 237 193 210
f 237 239 193
f 237 239 227
f 237 352 239
f 237 352 239
f 237 352 238
f 237 350 238
f 237 350 349
f 237 348 349
f 237 348 347
f 237 347 238
f 237 339 338
f 237 339 235
f 194 96 197
f 194 195 197
f 194 195 96
f 194 96 193
f 194 237 193
f 194 96 193
f 194 237 239
f 194 237 195
f 194 99 193
f 194 195 99
f 194 97 96
f 194 97 195
f 194 97 195
f 194 99 100
f 194 195 99
f 194 101 100
f 194 195 101
f 194 192 193
f 194 101 193
f 194 195 101
f 194 192 193
f 194 192 698
f 194 195 698
f 194 192 698
f 194 195 698
f 194 195 192
f 244 367 242
f 244 352 350
f 244 348 350
f 244 242 179
f 244 178 179
f 244 242 180
f 244 242 180
f 244 182 242
f 244 182 242
f 244 242 186
f 244 242 186
f 244 187 186
f 244 190 242
f 196 195 239
f 196 697 195
f 196 697 198
f 196 195 698
f 196 697 198
f 196 697 105
f 196 697 195
f 196 198 695
f 196 105 695
f 196 198 100
f 196 100 105
f 196 101 100
f 196 195 101
f 196 195 101
f 196 195 99
f 196 198 99
f 196 198 99
f 196 99 197
f 196 195 197
f 196 195 99
f 605 560 606
f 605 560 603
f 605 604 603
f 605 560 606
f 605 720 722
f 605 720 722
f 605 604 561
f 605 604 717
f 605 561 608
f 605 606 561
f 605 608 562
f 605 604 562
f 605 713 606
f 605 713 604
f 605 695 608
f 605 604 695
f 605 695 608
f 605 604 695
f 605 711 606
f 605 604 711
f 605 697 608
f 605 697 606
f 605 697 604
f 605 711 606
f 605 604 711
f 605 697 606
f 605 697 604
f 605 709 606
f 605 709 604
f 605 699 606
f 605 604 699
f 605 709 708
f 605 709 604
f 605 699 606
f 605 604 699
f 605 708 606
f 605 604 708
f 605 701 606
f 605 701 604
f 605 704 705
f 605 704 604
f 605 704 606
f 605 704 604
f 213 86 87
f 213 206 229
f 213 339 229
f 74 84 83
f 74 84 73
f 74 71 84
f 74 71 84
f 74 82 83
f 74 85 73
f 74 84 85
f 74 84 85
f 74 685 75
f 74 71 685
f 74 682 681
f 74 682 681
f 74 685 75
f 74 71 685
f 74 78 75
f 74 78 67
f 74 78 75
f 74 82 75
f 74 82 78
f 74 71 682
f 74 680 681
f 74 680 681
f 74 679 680
f 74 679 680
f 74 679 72
f 74 679 75
f 74 677 72
f 74 677 75
f 74 676 73
f 74 676 677
f 74 676 677
f 74 676 675
f 74 676 73
f 74 674 675
f 74 674 73
f 74 674 673
f 74 674 673
f 74 672 673
f 74 672 673
f 74 671 672
f 74 671 672
f 74 671 75
f 74 671 73
f 74 669 75
f 74 669 73
f 74 669 668
f 74 669 668
f 74 667 668
f 74 667 668
f 74 667 666
f 74 667 73
f 74 665 666
f 74 665 73
f 74 665 664
f 74 665 664
f 74 663 664
f 74 663 664
f 74 663 75
f 74 663 73
f 74 75 661
f 74 73 661
f 74 75 661
f 74 73 661
f 74 73 75
f 74 366 75
f 74 366 73
f 231 206 207
f 231 207 230
f 231 206 205
f 231 229 230
f 231 229 227
f 231 233 227
f 231 352 229
f 231 352 353
f 231 352 233
f 231 339 338
f 231 352 351
f 231 350 351
f 231 350 349
f 231 347 346
f 231 348 349
f 231 348 347
f 91 89 59
f 91 89 36
f 91 690 36
f 91 93 690
f 91 690 89
f 91 690 89
f 91 206 89
f 91 206 207
f 91 207 89
f 203 93 95
f 203 91 690
f 203 91 93
f 203 91 93
f 203 95 691
f 203 95 690
f 203 339 690
f 203 339 690
f 203 94 95
f 203 93 94
f 203 692 691
f 203 692 694
f 203 235 234
f 683 57 56
f 683 57 682
f 683 56 684
f 683 682 56
f 683 57 684
f 683 57 682
f 683 684 55
f 683 682 55
f 683 61 684
f 683 682 61
f 683 49 684
f 683 682 49
f 683 62 61
f 683 682 62
f 683 47 49
f 683 682 47
f 683 62 684
f 683 682 62
f 683 47 684
f 683 682 47
f 683 64 684
f 683 682 64
f 683 684 45
f 683 682 45
f 683 682 65
f 683 684 45
f 683 682 45
f 683 67 64
f 683 65 67
f 683 682 65
f 683 43 684
f 683 682 43
f 683 43 684
f 683 682 43
f 683 74 71
f 683 74 71
f 683 41 684
f 683 682 41
f 683 74 75
f 683 74 682
f 683 41 684
f 683 682 41
f 683 78 75
f 683 682 78
f 683 39 684
f 683 682 39
f 683 78 684
f 683 682 78
f 683 39 684
f 683 682 39
f 683 637 684
f 683 682 637
f 683 656 684
f 683 637 638
f 683 682 637
f 683 656 684
f 683 682 656
f 683 638 639
f 683 682 638
f 683 639 684
f 683 682 639
f 241 242 239
f 241 190 239
f 241 190 242
f 241 190 239
f 241 194 242
f 241 242 191
f 241 190 191
f 241 190 242
f 241 194 242
f 241 339 242
f 241 242 347
f 241 348 242
f 241 348 242
f 241 350 242
f 241 350 242
f 241 352 242
f 241 352 239
f 114 126 176
f 114 176 177
f 114 176 175
f 114 178 177
f 114 178 126
f 114 178 179
f 114 178 126
f 114 34 113
f 114 34 126
f 114 180 179
f 114 126 180
f 114 113 35
f 114 34 111
f 114 34 110
f 114 126 180
f 114 110 111
f 114 126 110
f 114 180 111
f 114 180 111
f 117 126 118
f 117 118 173
f 117 126 173
f 117 126 173
f 117 174 173
f 117 174 118
f 117 174 118
f 117 31 118
f 117 175 116
f 117 174 175
f 117 174 175
f 117 118 39
f 117 41 40
f 117 118 41
f 117 118 39
f 117 37 116
f 117 40 37
f 117 39 40
f 117 41 42
f 117 118 41
f 117 43 42
f 117 118 43
f 117 43 112
f 117 118 112
f 117 118 43
f 130 131 168
f 130 131 168
f 130 720 131
f 130 125 166
f 130 131 166
f 130 131 125
f 130 125 15
f 130 131 125
f 130 131 14
f 130 131 13
f 130 131 13
f 130 131 11
f 130 10 131
f 130 131 3
f 130 131 3
f 130 131 7
f 130 131 5
f 130 131 7
f 130 131 5
f 132 168 169
f 132 131 169
f 132 131 168
f 132 168 167
f 132 131 168
f 132 309 167
f 132 718 309
f 132 131 718
f 132 166 309
f 132 131 166
f 132 718 309
f 132 718 135
f 132 166 309
f 132 135 166
f 132 135 166
f 132 131 166
f 132 720 718
f 132 720 131
f 132 135 164
f 132 125 164
f 132 131 125
f 132 124 125
f 132 131 125
f 132 131 14
f 132 131 13
f 132 131 13
f 132 131 11
f 132 1 131
f 132 10 131
f 132 131 3
f 132 131 3
f 132 131 7
f 132 131 5
f 132 131 7
f 132 131 5
f 222 221 349
f 222 350 349
f 222 350 221
f 222 350 223
f 222 350 221
f 222 352 223
f 222 352 221
f 222 352 353
f 222 352 221
f 222 366 220
f 222 221 220
f 222 221 223
f 222 190 193
f 222 193 210
f 222 239 193
f 222 190 239
f 222 210 216
f 222 223 216
f 222 242 239
f 222 242 239
f 222 220 216
f 222 190 216
f 222 190 239
f 222 237 239
f 222 237 239
f 222 174 220
f 222 179 220
f 222 242 179
f 222 186 220
f 222 242 186
f 222 244 223
f 222 244 242
f 222 174 173
f 222 180 179
f 222 242 180
f 222 244 174
f 222 244 242
f 222 186 185
f 222 242 186
f 222 173 220
f 222 244 174
f 222 180 220
f 222 242 180
f 222 185 220
f 222 242 185
f 222 220 171
f 222 244 173
f 222 244 171
f 222 220 171
f 222 244 171
f 222 169 220
f 222 244 169
f 413 473 414
f 413 412 473
f 413 414 415
f 413 412 415
f 413 473 472
f 413 412 473
f 413 414 309
f 413 412 309
f 413 471 472
f 413 412 471
f 413 471 414
f 413 412 471
f 413 312 313
f 413 312 412
f 413 469 414
f 413 412 469
f 413 314 313
f 413 314 412
f 413 469 468
f 413 412 469
f 413 314 315
f 413 314 412
f 413 412 315
f 413 464 414
f 413 464 412
f 413 315 424
f 413 315 424
f 413 412 317
f 413 464 412
f 413 317 424
f 413 318 412
f 413 464 424
f 413 464 463
f 413 318 317
f 413 462 463
f 413 412 462
f 413 318 319
f 413 318 412
f 413 462 461
f 413 412 462
f 413 320 319
f 413 412 320
f 413 425 461
f 413 320 424
f 413 412 320
f 413 425 424
f 413 425 461
f 413 412 461
f 413 412 425
f 564 566 565
f 564 566 567
f 564 601 602
f 564 565 601
f 564 565 601
f 564 604 603
f 564 604 565
f 564 560 594
f 564 599 567
f 564 599 594
f 564 599 594
f 564 567 454
f 564 566 567
f 564 560 454
f 564 566 456
f 564 576 594
f 564 566 457
f 564 560 594
f 564 576 594
f 564 576 560
f 564 570 567
f 564 570 576
f 564 570 576
f 564 566 457
f 564 566 565
f 564 565 459
f 564 460 565
f 564 460 565
f 564 462 565
f 564 462 565
f 727 140 139
f 727 728 140
f 727 139 726
f 727 728 139
f 727 140 726
f 727 728 140
f 727 135 726
f 727 728 135
f 727 726 141
f 727 728 141
f 727 143 726
f 727 728 143
f 727 132 131
f 727 132 728
f 727 144 143
f 727 728 144
f 727 130 131
f 727 130 728
f 727 144 726
f 727 728 144
f 727 583 726
f 727 583 728
f 727 126 127
f 727 728 126
f 727 583 726
f 727 583 728
f 727 126 13
f 727 728 126
f 727 726 585
f 727 728 585
f 727 726 585
f 727 726 588
f 727 728 726
f 727 726 588
f 727 726 591
f 727 593 726
f 727 593 594
f 727 593 594
f 727 598 594
f 727 599 598
f 727 599 726
f 727 603 726
f 727 606 603
f 727 606 726
f 727 610 726
f 727 610 611
f 275 276 277
f 275 160 277
f 275 160 161
f 275 162 161
f 275 276 162
f 275 160 159
f 275 160 159
f 275 162 274
f 275 276 162
f 275 314 313
f 275 314 313
f 275 312 313
f 275 312 313
f 275 158 159
f 275 158 159
f 275 164 274
f 275 276 164
f 275 318 314
f 275 318 314
f 275 277 274
f 275 158 274
f 275 158 277
f 275 164 274
f 275 276 164
f 275 274 309
f 275 276 309
f 275 166 274
f 275 276 166
f 275 274 309
f 275 276 309
f 275 166 274
f 275 276 166
f 275 277 274
f 275 274 307
f 275 276 307
f 275 168 274
f 275 276 168
f 275 274 306
f 275 276 306
f 275 168 169
f 275 276 168
f 275 276 305
f 275 169 274
f 275 276 169
f 275 274 306
f 275 305 306
f 275 274 170
f 275 305 303
f 275 276 303
f 275 276 305
f 275 171 170
f 275 276 171
f 275 171 172
f 275 276 172
f 275 276 171
f 280 160 159
f 280 160 159
f 280 158 279
f 280 158 159
f 280 158 159
f 280 160 161
f 280 160 279
f 280 279 162
f 280 282 161
f 280 162 282
f 280 279 162
f 280 162 282
f 280 279 164
f 280 283 164
f 280 283 282
f 280 301 282
f 280 279 164
f 280 283 164
f 280 301 282
f 280 279 166
f 280 283 166
f 280 301 304
f 280 302 301
f 280 302 276
f 280 302 276
f 280 283 282
f 280 297 301
f 280 305 304
f 280 305 279
f 280 305 279
f 280 303 279
f 280 302 303
f 280 302 303
f 280 297 276
f 280 279 166
f 280 283 166
f 280 283 299
f 280 297 299
f 280 297 283
f 280 297 283
f 280 279 168
f 280 283 168
f 280 276 169
f 280 297 170
f 280 276 171
f 280 297 171
f 280 297 276
f 280 283 168
f 280 276 168
f 280 276 279
f 280 169 170
f 280 283 169
f 156 283 282
f 156 158 282
f 156 158 283
f 156 283 155
f 156 285 155
f 156 285 286
f 156 286 155
f 156 155 288
f 156 289 155
f 156 290 289
f 156 290 154
f 156 290 154
f 156 154 291
f 156 154 294
f 156 141 154
f 156 295 154
f 156 124 141
f 156 158 124
f 156 295 296
f 156 141 154
f 156 140 141
f 156 297 296
f 156 143 154
f 156 140 143
f 156 297 299
f 156 144 143
f 156 144 140
f 156 302 303
f 156 299 300
f 156 149 303
f 156 302 301
f 156 301 300
f 156 144 149
f 569 457 453
f 569 570 453
f 569 457 456
f 569 570 456
f 569 568 458
f 569 457 458
f 569 457 568
f 569 571 568
f 569 570 571
f 569 457 456
f 569 570 456
f 569 456 567
f 569 456 567
f 569 567 454
f 569 570 454
f 569 570 567
f 569 570 594
f 18 19 17
f 18 687 688
f 18 17 688
f 18 20 687
f 18 19 20
f 18 687 37
f 18 20 687
f 18 37 123
f 18 20 37
f 18 124 123
f 18 17 124
f 18 20 124
f 18 19 20
f 18 17 124
f 18 19 124
f 18 19 126
f 18 19 126
f 18 126 17
f 581 704 703
f 581 704 582
f 581 704 705
f 581 704 582
f 581 575 580
f 581 701 575
f 581 701 582
f 581 705 580
f 581 582 705
f 581 582 587
f 581 708 580
f 581 582 708
f 581 585 587
f 581 585 580
f 581 585 580
f 581 583 580
f 581 583 582
f 581 583 582
f 581 582 708
f 581 708 319
f 581 708 319
f 581 317 319
f 581 317 319
f 581 582 711
f 581 317 711
f 581 317 449
f 581 317 711
f 581 315 449
f 581 711 315
f 581 449 451
f 581 317 451
f 581 317 449
f 581 448 449
f 581 314 315
f 581 711 315
f 581 582 711
f 581 448 447
f 581 448 582
f 581 448 313
f 581 314 313
f 581 314 313
f 581 446 447
f 581 582 446
f 581 312 313
f 581 312 448
f 581 312 448
f 581 445 446
f 581 445 582
f 581 445 580
f 581 445 582
f 581 443 580
f 581 582 443
f 581 443 442
f 581 582 443
f 581 441 442
f 581 582 441
f 581 441 580
f 581 582 441
f 581 580 440
f 581 582 440
f 581 577 576
f 581 577 582
f 581 577 578
f 581 577 582
f 581 579 578
f 581 579 582
f 581 579 582
f 702 126 106
f 702 701 126
f 702 106 703
f 702 701 106
f 702 126 127
f 702 701 126
f 702 34 703
f 702 34 701
f 702 127 703
f 702 701 127
f 702 701 190
f 702 701 688
f 702 575 703
f 702 24 688
f 702 24 703
f 702 24 703
f 702 701 618
f 702 581 703
f 702 581 575
f 702 581 701
f 702 581 582
f 702 581 701
f 702 616 615
f 702 616 701
f 702 701 582
f 702 614 615
f 702 614 701
f 702 583 703
f 702 583 582
f 702 583 582
f 702 590 703
f 702 701 590
f 702 592 590
f 702 592 701
f 702 612 703
f 702 701 612
f 702 610 703
f 702 701 610
f 702 598 601
f 702 701 598
f 702 606 703
f 702 701 606
f 702 601 703
f 702 701 601
f 702 605 606
f 702 605 701
f 702 604 703
f 702 701 604
f 702 605 604
f 702 605 701
f 33 34 695
f 33 34 697
f 33 34 695
f 33 34 697
f 33 34 688
f 33 34 699
f 33 34 687
f 33 34 699
f 33 34 701
f 33 687 37
f 33 34 37
f 33 702 34
f 33 37 35
f 33 34 37
f 33 687 35
f 33 34 687
f 33 702 34
f 33 114 34
f 33 34 704
f 33 34 126
f 33 34 704
f 33 34 708
f 33 34 705
f 33 34 708
f 183 184 108
f 183 108 104
f 183 182 108
f 183 184 108
f 183 182 108
f 183 103 104
f 183 182 103
f 183 182 103
f 183 253 184
f 183 253 182
f 183 184 126
f 183 182 126
f 183 184 126
f 183 182 126
f 183 184 259
f 183 182 259
f 183 127 321
f 183 184 321
f 183 184 127
f 183 320 127
f 183 182 320
f 183 184 320
f 183 184 259
f 183 184 320
f 183 182 320
f 183 259 315
f 183 182 315
f 183 182 259
f 183 184 317
f 183 182 317
f 183 184 317
f 183 182 317
f 333 259 332
f 333 335 332
f 333 335 259
f 333 259 332
f 333 335 259
f 333 332 257
f 333 335 257
f 333 332 257
f 333 335 257
f 333 253 252
f 333 235 238
f 333 235 332
f 333 203 235
f 333 200 695
f 333 469 695
f 333 410 332
f 333 405 403
f 333 402 403
f 333 402 332
f 333 399 332
f 333 399 332
f 333 332 398
f 333 332 395
f 333 332 395
f 333 335 395
f 333 332 393
f 333 335 393
f 333 332 392
f 333 335 392
f 333 332 392
f 333 335 392
f 333 387 335
f 337 338 259
f 337 335 259
f 337 335 338
f 337 338 257
f 337 335 257
f 337 338 257
f 337 335 257
f 337 253 338
f 337 253 335
f 337 241 242
f 337 237 338
f 337 237 235
f 337 235 338
f 337 231 338
f 337 203 339
f 337 339 205
f 337 339 338
f 337 203 339
f 337 474 691
f 337 339 691
f 337 339 474
f 337 339 473
f 337 339 473
f 337 339 338
f 337 338 471
f 337 338 471
f 337 338 469
f 337 338 469
f 337 399 402
f 337 399 338
f 337 399 338
f 337 338 398
f 337 338 395
f 337 338 395
f 337 338 393
f 337 338 392
f 337 335 392
f 337 338 392
f 337 335 392
f 341 338 262
f 341 342 262
f 341 342 338
f 341 338 261
f 341 342 261
f 341 338 259
f 341 342 259
f 341 338 259
f 341 342 259
f 341 342 257
f 341 342 257
f 341 253 342
f 341 338 381
f 341 342 381
f 341 342 392
f 341 338 380
f 341 342 380
f 341 342 338
f 341 342 392
f 341 342 393
f 341 241 342
f 341 342 395
f 341 342 395
f 341 342 239
f 341 399 342
f 341 237 342
f 341 399 473
f 341 399 342
f 341 342 235
f 341 342 473
f 341 474 475
f 341 231 342
f 341 342 229
f 341 342 228
f 341 479 481
f 341 342 228
f 341 342 221
f 345 262 346
f 345 342 262
f 345 342 262
f 345 259 346
f 345 342 259
f 345 259 346
f 345 342 259
f 345 257 346
f 345 342 257
f 345 257 346
f 345 342 257
f 345 253 252
f 345 241 242
f 345 239 238
f 345 237 238
f 345 235 234
f 345 233 234
f 345 231 346
f 345 229 346
f 345 228 229
f 345 228 346
f 345 221 346
f 345 219 221
f 345 219 347
f 345 219 347
f 345 217 347
f 345 486 347
f 345 486 484
f 345 482 484
f 345 482 347
f 345 479 347
f 345 479 347
f 345 347 478
f 345 347 477
f 345 347 394
f 345 475 395
f 345 395 394
f 345 347 393
f 345 347 392
f 345 347 392
f 345 392 346
f 345 380 346
f 345 380 381
f 345 342 381
f 345 342 380
f 345 379 380
f 345 342 379
f 376 342 338
f 376 342 375
f 376 342 377
f 376 342 375
f 376 375 338
f 376 335 338
f 376 348 377
f 376 348 375
f 376 348 375
f 376 329 375
f 376 329 375
f 376 318 281
f 376 379 281
f 376 318 312
f 376 318 277
f 376 379 277
f 376 375 277
f 376 375 273
f 376 375 508
f 376 375 506
f 376 375 506
f 376 375 505
f 376 503 375
f 376 503 375
f 376 375 502
f 376 500 377
f 376 500 375
f 376 500 499
f 376 500 375
f 376 499 377
f 376 375 499
f 376 377 497
f 376 375 497
f 376 377 497
f 376 375 497
f 376 495 377
f 376 375 495
f 376 495 377
f 376 375 495
f 376 493 377
f 376 493 375
f 376 493 375
f 330 262 261
f 330 329 262
f 330 329 262
f 330 261 332
f 330 329 261
f 330 259 332
f 330 329 259
f 330 259 332
f 330 329 259
f 330 332 257
f 330 329 257
f 330 332 257
f 330 329 257
f 330 253 329
f 330 565 698
f 330 565 465
f 330 329 411
f 330 329 412
f 330 408 329
f 330 412 463
f 330 329 463
f 330 329 412
f 330 329 405
f 330 329 402
f 330 329 402
f 330 399 329
f 330 399 329
f 330 329 398
f 330 332 395
f 330 329 395
f 330 332 395
f 330 329 395
f 330 332 393
f 330 329 393
f 330 332 392
f 330 329 392
f 330 332 392
f 330 329 392
f 327 326 262
f 327 329 262
f 327 326 261
f 327 329 261
f 327 326 262
f 327 329 262
f 327 326 259
f 327 329 259
f 327 326 264
f 327 329 264
f 327 329 326
f 327 326 259
f 327 329 259
f 327 326 257
f 327 326 257
f 327 253 326
f 327 196 195
f 327 571 573
f 327 571 573
f 327 426 326
f 327 412 426
f 327 412 326
f 327 426 326
f 327 412 426
f 327 326 411
f 327 413 326
f 327 413 412
f 327 413 412
f 327 408 326
f 327 405 326
f 327 326 402
f 327 326 402
f 327 326 401
f 327 399 401
f 327 399 326
f 327 399 326
f 327 399 329
f 327 326 398
f 327 329 398
f 327 396 326
f 327 396 329
f 327 396 326
f 327 396 329
f 327 326 395
f 327 329 395
f 327 326 393
f 327 329 393
f 327 326 392
f 327 329 392
f 327 326 392
f 327 329 392
f 322 323 264
f 322 320 263
f 322 320 264
f 322 262 263
f 322 323 262
f 322 323 265
f 322 320 265
f 322 262 261
f 322 323 262
f 322 323 265
f 322 320 265
f 322 261 321
f 322 323 261
f 322 323 267
f 322 320 267
f 322 259 321
f 322 323 259
f 322 259 257
f 322 323 259
f 322 320 268
f 322 323 268
f 322 323 393
f 322 323 392
f 322 269 323
f 322 253 323
f 322 320 395
f 322 319 393
f 322 320 319
f 322 323 395
f 322 319 392
f 322 323 392
f 322 320 268
f 322 269 268
f 322 269 323
f 322 396 320
f 322 396 323
f 322 319 392
f 322 269 319
f 322 396 320
f 322 396 323
f 322 271 319
f 322 271 326
f 322 323 326
f 322 320 398
f 322 323 398
f 322 271 326
f 322 271 319
f 322 399 320
f 322 399 323
f 322 326 273
f 322 399 320
f 322 399 323
f 322 318 273
f 322 318 319
f 322 320 401
f 322 323 401
f 322 318 380
f 322 326 380
f 322 326 274
f 322 275 274
f 322 275 318
f 322 320 402
f 322 323 402
f 322 318 379
f 322 379 326
f 322 275 277
f 322 275 318
f 322 320 402
f 322 323 402
f 322 375 277
f 322 375 326
f 322 320 403
f 322 323 403
f 322 376 375
f 322 376 375
f 322 376 318
f 322 320 405
f 322 320 405
f 322 323 405
f 322 406 405
f 322 323 406
f 322 408 410
f 322 408 323
f 322 411 410
f 322 323 411
f 322 412 411
f 322 323 412
f 322 413 412
f 322 413 323
f 322 413 425
f 322 413 323
f 322 426 425
f 322 323 426
f 322 435 321
f 322 323 435
f 322 441 321
f 322 441 442
f 322 441 442
f 322 443 442
f 322 443 442
f 322 443 439
f 322 323 439
f 322 443 321
f 322 448 321
f 322 323 448
f 322 448 449
f 322 323 448
f 322 449 451
f 322 323 451
f 322 323 449
f 324 326 264
f 324 323 264
f 324 326 262
f 324 323 262
f 324 326 265
f 324 323 265
f 324 326 262
f 324 323 262
f 324 326 265
f 324 323 265
f 324 323 326
f 324 326 261
f 324 323 261
f 324 323 259
f 324 323 259
f 324 323 257
f 324 253 323
f 324 323 190
f 324 323 190
f 324 187 703
f 324 323 187
f 324 323 575
f 324 187 704
f 324 323 187
f 324 704 575
f 324 323 704
f 324 323 451
f 324 323 449
f 324 323 426
f 324 413 323
f 324 413 323
f 324 323 449
f 324 323 435
f 324 323 412
f 324 323 411
f 324 408 323
f 324 323 402
f 324 405 403
f 324 323 403
f 324 323 405
f 324 326 402
f 324 323 402
f 324 326 401
f 324 323 401
f 324 399 326
f 324 399 323
f 324 399 326
f 324 399 323
f 324 326 398
f 324 323 398
f 324 396 326
f 324 396 323
f 324 396 326
f 324 396 323
f 324 326 395
f 324 323 395
f 324 326 393
f 324 323 393
f 324 326 392
f 324 323 392
f 324 326 392
f 324 323 392
f 324 323 326
f 430 429 299
f 430 431 299
f 430 431 429
f 430 429 301
f 430 431 301
f 430 302 429
f 430 431 302
f 430 302 429
f 430 431 302
f 430 429 303
f 430 431 303
f 430 429 305
f 430 431 305
f 430 429 305
f 430 431 305
f 430 429 306
f 430 431 306
f 430 429 307
f 430 431 307
f 430 429 309
f 430 431 309
f 430 429 309
f 430 431 309
f 430 312 313
f 430 312 431
f 430 314 313
f 430 314 431
f 430 314 429
f 430 314 431
f 430 429 315
f 430 431 315
f 430 317 429
f 430 317 433
f 430 431 433
f 430 318 317
f 430 317 429
f 430 318 317
f 430 318 433
f 430 318 426
f 430 318 426
f 430 320 433
f 430 426 427
f 430 320 426
f 430 320 433
f 430 457 427
f 430 429 457
f 430 426 451
f 430 320 426
f 430 457 453
f 430 426 449
f 430 322 426
f 430 433 435
f 430 322 435
f 430 457 456
f 430 429 457
f 430 433 451
f 430 322 323
f 430 322 323
f 430 433 453
f 430 431 433
f 430 433 449
f 430 324 323
f 430 324 323
f 430 456 453
f 430 431 453
f 430 429 456
f 430 431 429
f 430 433 435
f 430 435 449
f 430 324 449
f 430 324 435
f 70 69 661
f 70 71 661
f 70 69 661
f 70 71 661
f 70 663 69
f 70 71 663
f 70 663 69
f 70 71 663
f 70 665 69
f 70 71 665
f 70 665 69
f 70 71 665
f 70 667 69
f 70 71 667
f 70 667 69
f 70 71 667
f 70 669 69
f 70 71 669
f 70 669 69
f 70 71 669
f 70 671 69
f 70 671 71
f 70 671 672
f 70 671 71
f 70 672 69
f 70 71 672
f 70 674 69
f 70 71 674
f 70 674 69
f 70 71 674
f 70 69 676
f 70 71 676
f 70 71 676
f 70 676 677
f 70 69 676
f 70 71 677
f 70 677 67
f 70 679 71
f 70 679 67
f 70 679 71
f 70 679 680
f 70 680 681
f 70 71 680
f 70 86 87
f 70 682 681
f 70 71 682
f 70 86 85
f 70 71 86
f 70 683 682
f 70 683 71
f 70 84 85
f 70 71 84
f 70 683 67
f 70 683 71
f 70 84 83
f 70 71 84
f 70 67 684
f 70 82 83
f 70 685 684
f 70 71 685
f 70 71 685
f 70 74 67
f 70 74 71
f 70 74 82
f 70 74 71
f 70 74 78
f 70 74 82
f 70 78 67
f 70 82 67
f 70 82 78
f 385 479 353
f 385 350 349
f 385 495 496
f 385 322 318
f 389 479 478
f 389 349 478
f 407 406 305
f 407 408 305
f 407 408 406
f 407 406 305
f 407 408 305
f 407 406 306
f 407 408 306
f 407 406 307
f 407 408 307
f 407 406 309
f 407 408 309
f 407 406 309
f 407 408 309
f 407 312 313
f 407 312 408
f 407 314 313
f 407 314 408
f 407 314 406
f 407 314 408
f 407 406 315
f 407 408 315
f 407 318 406
f 407 318 408
f 407 318 406
f 407 318 408
f 407 320 406
f 407 408 320
f 407 320 406
f 407 408 320
f 407 322 406
f 407 322 408
f 407 322 323
f 407 322 408
f 407 324 408
f 407 323 406
f 407 324 323
f 407 327 408
f 407 327 405
f 407 330 408
f 407 330 329
f 407 333 405
f 407 333 410
f 407 333 410
f 407 405 469
f 407 408 469
f 407 405 469
f 407 408 469
f 407 405 471
f 407 408 471
f 407 405 471
f 407 408 471
f 407 405 473
f 407 406 405
f 407 408 473
f 407 406 473
f 407 408 473
f 407 406 474
f 407 408 474
f 407 406 475
f 407 408 475
f 407 406 477
f 407 478 477
f 407 408 478
f 407 406 478
f 407 406 478
f 407 408 478
f 407 406 481
f 407 408 481
f 407 406 481
f 407 408 481
f 407 406 485
f 407 408 485
f 407 408 406
f 25 24 688
f 25 24 687
f 25 24 687
f 25 24 37
f 25 37 121
f 25 24 121
f 25 24 121
f 25 119 26
f 25 119 125
f 25 24 125
f 25 24 126
f 25 126 119
f 25 24 126
f 25 119 118
f 25 126 118
f 25 126 119
f 22 21 687
f 22 24 687
f 22 21 37
f 22 21 687
f 22 21 23
f 22 24 37
f 22 24 687
f 22 24 23
f 22 24 122
f 22 24 23
f 22 124 122
f 22 21 124
f 22 124 125
f 22 21 124
f 22 125 121
f 22 23 121
f 22 23 125
f 22 126 23
f 22 21 126
f 22 21 126
f 641 680 681
f 641 682 639
f 641 682 681
f 641 682 681
f 641 529 639
f 641 639 655
f 641 680 639
f 641 679 680
f 641 530 639
f 641 530 529
f 644 643 680
f 644 679 645
f 644 679 680
f 644 679 643
f 644 530 529
f 644 643 530
f 644 643 530
f 644 643 529
f 644 679 645
f 644 679 643
f 644 527 529
f 644 527 529
f 644 527 645
f 644 643 527
f 644 645 677
f 644 643 677
f 644 527 645
f 644 643 527
f 644 645 676
f 644 643 676
f 644 643 526
f 644 674 645
f 644 526 525
f 644 645 525
f 644 645 526
f 644 654 645
f 644 674 676
f 644 643 676
f 644 654 674
f 644 654 674
f 378 352 353
f 378 352 379
f 378 352 350
f 378 352 379
f 378 358 365
f 378 348 350
f 378 348 379
f 378 365 377
f 378 358 365
f 378 348 377
f 378 348 379
f 378 484 377
f 378 342 377
f 378 484 485
f 378 379 485
f 378 484 485
f 378 345 379
f 378 345 342
f 378 345 342
f 378 342 338
f 378 342 379
f 378 486 485
f 378 379 486
f 378 335 379
f 378 486 377
f 378 379 486
f 378 376 338
f 378 376 335
f 378 335 379
f 378 488 377
f 378 379 488
f 378 376 335
f 378 489 488
f 378 379 489
f 378 329 379
f 378 376 329
f 378 489 377
f 378 379 489
f 378 329 379
f 378 376 329
f 378 503 379
f 378 376 503
f 378 503 379
f 378 376 503
f 378 491 377
f 378 379 491
f 378 322 379
f 378 322 376
f 378 379 502
f 378 376 377
f 378 376 502
f 378 379 505
f 378 376 505
f 378 492 491
f 378 379 492
f 378 322 318
f 378 322 376
f 378 500 377
f 378 379 500
f 378 379 506
f 378 376 506
f 378 493 492
f 378 379 493
f 378 318 312
f 378 376 318
f 378 500 499
f 378 379 500
f 378 379 506
f 378 376 506
f 378 493 377
f 378 379 493
f 378 376 379
f 378 376 312
f 378 499 377
f 378 379 499
f 378 495 377
f 378 379 495
f 378 377 497
f 378 379 497
f 378 495 377
f 378 379 495
f 378 377 497
f 378 379 497
f 311 312 265
f 311 265 179
f 311 312 179
f 311 267 265
f 311 312 267
f 311 178 265
f 311 178 265
f 311 312 178
f 311 268 267
f 311 312 268
f 311 178 177
f 311 312 178
f 311 269 268
f 311 312 269
f 311 176 177
f 311 312 176
f 311 269 271
f 311 312 269
f 311 176 174
f 311 312 176
f 311 271 310
f 311 312 271
f 311 174 173
f 311 312 174
f 311 273 310
f 311 312 273
f 311 173 310
f 311 312 173
f 311 273 274
f 311 312 273
f 311 171 310
f 311 312 171
f 311 275 274
f 311 275 312
f 311 171 170
f 311 275 276
f 311 276 277
f 311 275 276
f 311 275 312
f 311 277 310
f 311 312 277
f 311 169 170
f 311 131 169
f 311 281 310
f 311 312 281
f 311 379 281
f 311 312 448
f 311 379 380
f 311 312 379
f 311 378 379
f 311 378 312
f 311 378 312
f 311 582 447
f 311 448 582
f 311 312 448
f 311 380 381
f 311 312 380
f 311 446 447
f 311 312 446
f 311 446 310
f 311 312 446
f 311 443 310
f 311 312 443
f 311 443 442
f 311 312 443
f 311 441 442
f 311 312 441
f 311 441 440
f 311 312 441
f 311 392 310
f 311 312 392
f 311 439 440
f 311 312 439
f 311 392 393
f 311 312 392
f 311 437 439
f 311 312 437
f 311 393 310
f 311 312 393
f 311 437 310
f 311 312 437
f 311 395 310
f 311 312 395
f 311 435 310
f 311 312 435
f 311 396 395
f 311 312 396
f 311 312 433
f 311 396 310
f 311 312 396
f 311 435 434
f 311 433 434
f 311 433 435
f 311 312 431
f 311 398 310
f 311 312 398
f 311 433 432
f 311 431 432
f 311 431 433
f 311 430 431
f 311 430 312
f 311 399 398
f 311 312 399
f 311 430 429
f 311 430 312
f 311 399 310
f 311 312 399
f 311 428 429
f 311 312 428
f 311 401 310
f 311 312 401
f 311 428 310
f 311 312 428
f 311 402 401
f 311 312 402
f 311 426 310
f 311 312 426
f 311 402 403
f 311 312 402
f 311 426 425
f 311 312 426
f 311 403 310
f 311 312 403
f 311 425 424
f 311 312 425
f 311 405 310
f 311 312 405
f 311 424 423
f 311 312 424
f 311 406 405
f 311 312 406
f 311 419 423
f 311 407 406
f 311 407 312
f 311 419 414
f 311 312 414
f 311 407 408
f 311 407 312
f 311 418 414
f 311 419 418
f 311 419 418
f 311 413 414
f 311 413 312
f 311 408 409
f 311 312 408
f 311 413 412
f 311 413 312
f 311 409 410
f 311 312 409
f 311 412 411
f 311 312 412
f 311 411 410
f 311 312 411
f 128 313 127
f 128 312 313
f 128 312 313
f 128 127 171
f 128 312 171
f 128 311 312
f 128 127 171
f 128 311 171
f 128 127 169
f 128 130 131
f 128 130 168
f 128 311 169
f 128 311 131
f 128 311 131
f 128 720 127
f 128 130 720
f 128 130 131
f 128 126 168
f 128 126 127
f 128 126 168
f 128 18 126
f 128 18 126
f 128 18 17
f 128 18 17
f 128 17 127
f 128 127 15
f 128 727 127
f 128 727 130
f 128 127 14
f 128 727 728
f 128 727 130
f 128 127 13
f 128 728 127
f 128 127 13
f 128 127 3
f 128 11 127
f 128 127 3
f 128 10 11
f 128 127 5
f 128 127 5
f 128 127 7
f 255 253 320
f 255 320 257
f 255 322 253
f 255 322 257
f 255 320 319
f 255 322 253
f 255 187 320
f 255 253 187
f 255 322 323
f 255 324 253
f 255 187 186
f 255 253 187
f 255 324 323
f 255 317 319
f 255 317 186
f 255 184 186
f 255 253 186
f 255 253 184
f 255 183 184
f 255 184 317
f 255 184 317
f 255 327 326
f 255 182 257
f 255 183 182
f 255 182 256
f 255 330 329
f 255 180 256
f 255 330 332
f 255 180 179
f 255 333 332
f 255 178 179
f 255 333 335
f 255 337 335
f 255 337 338
f 255 341 342
f 255 345 346
f 255 348 346
f 706 592 705
f 706 599 598
f 706 599 705
f 706 599 601
f 706 599 705
f 706 601 602
f 706 705 601
f 706 604 602
f 706 604 705
f 706 605 604
f 706 605 604
f 706 605 606
f 706 605 705
f 706 606 607
f 706 705 606
f 706 608 607
f 706 705 608
f 706 705 610
f 706 708 610
f 706 708 610
f 706 705 612
f 706 708 612
f 706 614 615
f 706 614 615
f 706 616 615
f 706 616 615
f 706 616 705
f 706 616 708
f 706 19 708
f 706 709 708
f 706 709 19
f 706 709 19
f 706 19 20
f 706 21 708
f 706 21 20
f 706 21 705
f 706 23 708
f 706 21 23
f 706 21 23
f 706 24 23
f 706 24 23
f 706 24 26
f 706 24 705
f 706 33 705
f 596 592 573
f 596 592 595
f 596 698 573
f 596 592 701
f 596 571 698
f 596 595 571
f 596 702 592
f 596 702 592
f 596 571 698
f 596 592 704
f 596 569 571
f 596 570 595
f 596 569 570
f 596 592 704
f 596 706 592
f 596 592 595
f 596 706 592
f 596 595 708
f 596 709 595
f 596 709 595
f 596 595 711
f 596 595 711
f 596 713 595
f 596 595 717
f 715 10 717
f 715 713 10
f 715 717 11
f 715 713 11
f 715 713 10
f 715 713 13
f 715 614 717
f 715 614 713
f 715 713 17
f 715 713 612
f 715 717 610
f 715 713 610
f 715 717 608
f 715 713 608
f 715 717 606
f 715 713 606
f 715 605 717
f 715 605 713
f 715 605 604
f 715 605 713
f 715 604 717
f 725 726 585
f 725 724 585
f 725 583 726
f 725 724 583
f 725 726 585
f 725 724 585
f 725 583 144
f 725 726 588
f 725 144 143
f 725 724 144
f 725 583 144
f 725 588 587
f 725 724 587
f 725 724 588
f 725 726 588
f 725 724 588
f 725 143 726
f 725 724 143
f 725 144 299
f 725 724 144
f 725 583 299
f 725 724 583
f 725 726 591
f 725 724 591
f 725 140 726
f 725 724 140
f 725 593 726
f 725 724 593
f 725 140 139
f 725 724 140
f 725 593 594
f 725 724 593
f 725 139 726
f 725 724 139
f 725 724 595
f 725 135 726
f 725 724 135
f 725 598 594
f 725 599 598
f 725 724 599
f 725 132 131
f 725 132 724
f 725 599 726
f 725 724 599
f 725 130 131
f 725 130 724
f 725 724 602
f 725 128 130
f 725 128 130
f 725 603 602
f 725 603 726
f 725 724 603
f 725 128 127
f 725 128 724
f 725 605 724
f 725 126 127
f 725 606 603
f 725 605 606
f 725 605 724
f 725 19 126
f 725 606 726
f 725 724 606
f 725 19 13
f 725 610 611
f 725 724 610
f 725 687 611
f 725 724 3
f 725 687 726
f 725 724 687
f 725 3 726
f 725 724 3
f 725 728 726
f 725 724 728
f 723 722 585
f 723 724 585
f 723 583 722
f 723 724 583
f 723 722 585
f 723 724 585
f 723 722 587
f 723 724 587
f 723 583 302
f 723 583 722
f 723 583 302
f 723 724 583
f 723 722 588
f 723 724 588
f 723 302 140
f 723 722 140
f 723 302 143
f 723 302 301
f 723 724 301
f 723 724 143
f 723 722 588
f 723 724 588
f 723 302 140
f 723 724 140
f 723 722 591
f 723 724 591
f 723 724 140
f 723 722 593
f 723 724 593
f 723 140 139
f 723 722 140
f 723 724 139
f 723 722 593
f 723 724 593
f 723 722 135
f 723 724 135
f 723 595 722
f 723 724 595
f 723 132 724
f 723 599 722
f 723 724 599
f 723 130 724
f 723 599 722
f 723 724 599
f 723 128 130
f 723 722 602
f 723 724 602
f 723 128 724
f 723 722 603
f 723 724 603
f 723 605 722
f 723 605 724
f 723 605 722
f 723 605 724
f 723 722 606
f 723 724 606
f 723 722 5
f 723 722 610
f 723 724 610
f 723 722 3
f 723 724 3
f 723 722 3
f 723 724 3
f 723 614 722
f 719 718 585
f 719 720 585
f 719 583 718
f 719 720 583
f 719 720 583
f 719 718 585
f 719 720 585
f 719 718 587
f 719 720 587
f 719 718 588
f 719 720 588
f 719 718 588
f 719 720 588
f 719 590 718
f 719 720 590
f 719 590 718
f 719 720 590
f 719 592 718
f 719 720 592
f 719 592 593
f 719 720 592
f 719 593 718
f 719 720 593
f 719 595 718
f 719 720 595
f 719 596 595
f 719 599 598
f 719 720 599
f 719 599 718
f 719 720 599
f 719 720 602
f 719 601 602
f 719 720 603
f 719 717 601
f 719 717 718
f 719 717 601
f 719 717 603
f 719 605 720
f 719 605 717
f 719 605 720
f 719 605 717
f 719 720 606
f 719 717 606
f 719 720 610
f 719 717 610
f 719 717 718
f 719 10 717
f 719 720 718
f 719 720 722
f 719 614 717
f 719 614 722
f 719 688 7
f 719 717 688
f 719 688 7
f 719 5 688
f 719 722 5
f 719 722 5
f 721 722 585
f 721 720 585
f 721 583 722
f 721 720 583
f 721 722 585
f 721 720 585
f 721 583 722
f 721 720 583
f 721 722 587
f 721 720 587
f 721 722 582
f 721 722 588
f 721 720 588
f 721 582 305
f 721 722 140
f 721 722 588
f 721 720 588
f 721 305 303
f 721 582 305
f 721 720 582
f 721 140 303
f 721 722 140
f 721 722 590
f 721 720 590
f 721 305 306
f 721 722 135
f 721 722 590
f 721 720 590
f 721 135 306
f 721 720 135
f 721 132 720
f 721 592 722
f 721 720 592
f 721 723 722
f 721 132 720
f 721 592 722
f 721 720 592
f 721 723 132
f 721 130 720
f 721 722 593
f 721 720 593
f 721 723 130
f 721 128 130
f 721 595 722
f 721 720 595
f 721 720 595
f 721 723 128
f 721 128 720
f 721 723 128
f 721 126 127
f 721 720 127
f 721 723 724
f 721 19 126
f 721 725 126
f 721 725 724
f 721 19 17
f 721 725 19
f 721 19 17
f 721 17 718
f 721 720 718
f 721 725 19
f 609 720 722
f 609 720 722
f 609 723 722
f 609 723 722
f 609 719 720
f 609 719 720
f 609 723 724
f 609 723 724
f 609 725 724
f 609 725 724
f 609 717 608
f 609 719 717
f 609 719 717
f 609 610 726
f 609 725 726
f 609 725 610
f 609 557 607
f 609 608 607
f 609 557 556
f 609 610 557
f 609 610 557
f 609 715 717
f 609 715 717
f 609 556 607
f 609 610 607
f 609 610 556
f 609 559 608
f 609 715 713
f 609 715 713
f 609 612 559
f 609 612 610
f 609 559 561
f 609 713 608
f 609 713 610
f 609 612 559
f 609 711 608
f 609 711 610
f 609 612 691
f 609 709 711
f 609 709 711
f 609 692 561
f 609 692 691
f 609 612 692
f 609 692 608
f 609 612 692
f 609 612 610
f 609 709 708
f 609 709 708
f 609 695 608
f 609 610 695
f 609 708 608
f 609 708 610
f 609 695 608
f 609 610 695
f 609 706 608
f 609 706 610
f 609 697 608
f 609 697 610
f 609 706 705
f 609 706 705
f 609 697 698
f 609 697 610
f 609 704 705
f 609 704 705
f 609 699 698
f 609 699 610
f 609 704 703
f 609 704 610
f 609 699 700
f 609 699 610
f 609 702 703
f 609 702 610
f 609 701 700
f 609 701 610
f 609 702 701
f 609 702 701
f 613 611 553
f 613 614 611
f 613 553 552
f 613 614 552
f 613 614 553
f 613 611 553
f 613 612 611
f 613 614 553
f 613 612 554
f 613 614 554
f 613 719 717
f 613 719 722
f 613 719 614
f 613 719 614
f 613 612 556
f 613 614 556
f 613 715 612
f 613 715 717
f 613 723 722
f 613 723 614
f 613 715 614
f 613 614 690
f 613 723 724
f 613 715 713
f 613 715 614
f 613 690 691
f 613 614 690
f 613 725 724
f 613 723 724
f 613 723 614
f 613 713 612
f 613 614 713
f 613 691 557
f 613 612 557
f 613 612 691
f 613 612 692
f 613 614 692
f 613 614 687
f 613 725 687
f 613 725 724
f 613 724 687
f 613 614 687
f 613 711 612
f 613 614 711
f 613 612 692
f 613 614 692
f 613 709 711
f 613 614 709
f 613 612 693
f 613 614 693
f 613 709 708
f 613 614 709
f 613 612 695
f 613 614 695
f 613 706 708
f 613 706 614
f 613 612 695
f 613 614 695
f 613 706 705
f 613 706 614
f 613 697 612
f 613 614 697
f 613 704 705
f 613 614 704
f 613 697 612
f 613 614 697
f 613 704 612
f 613 614 704
f 613 699 612
f 613 614 699
f 613 702 612
f 613 702 614
f 613 699 612
f 613 614 699
f 613 702 701
f 613 702 614
f 613 701 612
f 613 614 701
f 617 616 550
f 617 616 618
f 617 619 550
f 617 619 618
f 617 616 552
f 617 619 552
f 617 616 553
f 617 690 553
f 617 619 690
f 617 619 690
f 617 616 690
f 617 690 553
f 617 616 553
f 617 616 690
f 617 619 692
f 617 616 692
f 617 619 692
f 617 619 618
f 617 616 692
f 617 618 693
f 617 616 693
f 617 618 695
f 617 616 695
f 617 618 695
f 617 616 695
f 617 697 618
f 617 616 697
f 617 697 699
f 617 701 699
f 617 616 701
f 617 697 699
f 617 616 699
f 617 616 697
f 617 702 701
f 617 702 616
f 617 702 616
f 617 616 704
f 617 702 703
f 617 702 618
f 617 704 703
f 617 616 618
f 617 704 705
f 617 616 705
f 617 616 704
f 356 217 218
f 356 218 508
f 356 226 224
f 356 486 484
f 356 231 229
f 356 231 233
f 356 482 481
f 356 481 353
f 356 385 353
f 356 374 365
f 361 218 78
f 361 219 218
f 361 78 510
f 361 219 78
f 361 78 510
f 361 222 221
f 361 358 486
f 361 358 484
f 361 242 239
f 361 241 242
f 361 244 242
f 649 648 677
f 649 651 677
f 649 651 648
f 649 648 676
f 649 648 676
f 649 648 674
f 649 654 648
f 649 654 522
f 649 654 648
f 649 648 524
f 649 648 524
f 649 651 524
f 649 648 526
f 649 651 526
f 649 648 527
f 649 651 527
f 649 651 648
f 647 651 680
f 647 679 680
f 647 679 651
f 647 679 651
f 647 651 530
f 647 679 646
f 647 679 648
f 647 530 529
f 647 651 530
f 647 646 677
f 647 648 677
f 647 527 529
f 647 651 527
f 647 651 648
f 647 676 646
f 647 648 676
f 647 527 646
f 647 648 527
f 647 648 676
f 647 646 526
f 647 648 526
f 647 645 676
f 647 645 676
f 647 654 648
f 647 524 646
f 647 648 524
f 647 654 645
f 647 654 648
f 647 648 524
f 647 654 645
f 647 648 523
f 647 524 523
f 647 645 524
f 647 645 524
f 659 679 680
f 659 679 676
f 659 679 676
f 659 679 661
f 659 679 680
f 659 680 681
f 659 672 676
f 659 682 681
f 659 671 672
f 659 663 676
f 659 683 682
f 659 671 665
f 659 671 665
f 659 665 672
f 659 665 663
f 659 663 656
f 659 665 663
f 659 40 661
f 659 655 661
f 659 656 655
f 659 42 40
f 659 43 42
f 659 43 661
f 659 43 42
f 659 654 513
f 659 654 513
f 659 661 51
f 659 513 660
f 659 53 661
f 659 511 660
f 659 54 53
f 659 511 510
f 659 54 661
f 659 56 661
f 659 510 660
f 659 366 510
f 659 57 56
f 659 76 660
f 659 76 366
f 659 73 72
f 659 74 73
f 659 57 58
f 659 76 75
f 659 76 366
f 659 71 72
f 659 74 75
f 659 74 366
f 659 60 58
f 659 60 61
f 659 70 69
f 659 70 71
f 659 70 71
f 659 62 61
f 659 69 661
f 659 68 69
f 659 62 661
f 659 68 661
f 659 64 661
f 659 65 661
f 659 65 64
f 236 237 201
f 236 237 235
f 236 201 200
f 236 237 200
f 236 201 207
f 236 235 201
f 236 207 199
f 236 197 199
f 236 237 197
f 236 233 207
f 236 233 235
f 236 195 197
f 236 237 195
f 236 233 210
f 236 237 210
f 236 194 195
f 236 194 237
f 236 194 237
f 236 233 210
f 236 210 227
f 236 237 227
f 236 352 233
f 236 352 233
f 236 237 352
f 236 222 210
f 236 222 237
f 236 222 237
f 236 352 235
f 236 237 352
f 236 239 366
f 236 237 239
f 236 350 235
f 236 237 350
f 236 350 235
f 236 237 350
f 236 348 235
f 236 237 348
f 236 348 235
f 236 237 348
f 236 235 347
f 236 237 347
f 236 345 235
f 236 345 237
f 236 341 342
f 236 341 237
f 236 341 237
f 245 244 182
f 245 244 182
f 245 244 186
f 245 244 187
f 245 187 246
f 245 244 187
f 245 190 246
f 245 244 190
f 245 190 191
f 245 244 190
f 245 191 192
f 245 244 191
f 245 244 352
f 245 192 193
f 245 244 192
f 245 348 350
f 245 244 348
f 245 194 193
f 245 244 194
f 245 348 246
f 245 194 195
f 245 345 246
f 245 345 244
f 245 348 347
f 245 244 347
f 245 244 348
f 245 196 195
f 245 341 342
f 245 341 244
f 245 330 329
f 245 339 338
f 245 244 339
f 245 337 338
f 245 337 244
f 245 333 332
f 243 190 242
f 243 244 190
f 243 244 190
f 243 242 191
f 243 191 192
f 243 244 192
f 243 244 191
f 243 194 242
f 243 244 194
f 243 194 242
f 243 245 194
f 243 245 244
f 243 241 242
f 243 241 196
f 243 245 196
f 243 241 196
f 243 245 330
f 243 333 241
f 243 245 333
f 243 245 244
f 243 337 241
f 243 337 242
f 243 337 244
f 243 339 242
f 243 244 339
f 243 341 342
f 243 341 244
f 243 345 242
f 243 345 244
f 243 242 347
f 243 244 347
f 243 348 242
f 243 244 348
f 243 348 242
f 243 244 348
f 243 350 242
f 243 244 350
f 243 244 350
f 211 84 83
f 211 82 83
f 211 213 82
f 211 84 85
f 211 86 85
f 211 86 87
f 211 88 87
f 211 206 89
f 211 88 89
f 211 88 89
f 211 209 89
f 211 206 209
f 211 228 209
f 211 206 209
f 211 228 209
f 211 226 210
f 211 228 210
f 211 228 226
f 211 226 210
f 211 210 216
f 215 210 81
f 215 82 81
f 215 82 210
f 215 211 210
f 215 82 83
f 215 83 216
f 215 84 83
f 215 84 689
f 215 217 689
f 215 217 216
f 215 349 351
f 215 217 351
f 215 217 349
f 215 217 347
f 215 217 221
f 215 345 217
f 215 221 223
f 215 217 221
f 215 223 216
f 215 221 223
f 92 93 59
f 92 91 59
f 92 91 93
f 92 93 61
f 92 91 61
f 92 93 62
f 92 91 62
f 92 93 62
f 92 91 62
f 92 91 64
f 92 94 64
f 92 93 94
f 92 94 65
f 92 94 65
f 92 65 67
f 92 94 67
f 92 68 94
f 92 68 69
f 92 71 69
f 92 71 94
f 92 70 71
f 92 94 209
f 92 94 210
f 92 94 73
f 92 94 209
f 92 93 94
f 92 94 185
f 92 94 73
f 92 93 207
f 92 91 207
f 92 93 206
f 92 91 206
f 92 94 81
f 92 93 206
f 92 91 206
f 92 91 93
f 92 103 94
f 92 82 103
f 92 82 103
f 92 103 185
f 92 103 94
f 90 61 89
f 90 91 89
f 90 91 61
f 90 62 61
f 90 91 62
f 90 62 89
f 90 91 62
f 90 89 64
f 90 91 64
f 90 67 89
f 90 65 67
f 90 92 65
f 90 92 91
f 90 92 65
f 90 88 67
f 90 92 68
f 90 88 89
f 90 68 69
f 90 92 68
f 90 209 89
f 90 88 87
f 90 88 87
f 90 70 87
f 90 70 69
f 90 92 70
f 90 92 209
f 90 209 89
f 90 91 89
f 90 92 70
f 90 92 209
f 90 92 91
f 90 86 87
f 90 70 86
f 90 70 71
f 90 92 71
f 90 86 85
f 90 71 86
f 90 92 73
f 90 92 210
f 90 86 73
f 90 92 73
f 90 185 210
f 90 92 185
f 90 85 73
f 90 86 85
f 90 84 85
f 90 84 185
f 90 84 85
f 90 84 83
f 90 84 83
f 90 82 83
f 90 92 82
f 90 83 185
f 90 92 185
f 90 82 81
f 90 92 81
f 90 92 82
f 90 103 83
f 90 92 103
f 90 92 103
f 204 203 93
f 204 203 93
f 204 93 206
f 204 203 94
f 204 93 206
f 204 93 94
f 204 203 234
f 204 234 207
f 204 233 206
f 204 201 207
f 204 201 94
f 204 201 94
f 204 233 234
f 204 233 206
f 232 337 338
f 232 337 231
f 232 204 233
f 232 204 203
f 232 339 338
f 232 231 339
f 232 204 233
f 232 204 203
f 232 233 206
f 232 231 206
f 232 341 342
f 232 341 231
f 232 233 206
f 232 231 206
f 232 233 207
f 232 231 207
f 232 231 233
f 232 345 233
f 232 345 231
f 232 233 347
f 232 231 347
f 232 348 233
f 232 231 348
f 232 348 233
f 232 231 348
f 232 350 233
f 232 231 350
f 232 350 233
f 232 231 350
f 232 352 233
f 232 231 352
f 232 231 352
f 240 196 195
f 240 241 196
f 240 194 195
f 240 241 194
f 240 196 239
f 240 194 239
f 240 241 239
f 240 241 194
f 240 198 239
f 240 196 198
f 240 241 196
f 240 198 200
f 240 198 239
f 240 330 198
f 240 330 329
f 240 333 238
f 240 333 241
f 240 243 241
f 240 243 330
f 240 243 330
f 240 337 338
f 240 337 241
f 240 339 239
f 240 339 338
f 240 241 339
f 240 341 342
f 240 341 241
f 240 345 239
f 240 345 241
f 240 347 239
f 240 241 347
f 240 348 347
f 240 241 348
f 240 348 239
f 240 241 348
f 240 350 239
f 240 241 350
f 240 350 239
f 240 241 350
f 240 352 239
f 240 241 352
f 240 241 352
f 115 114 126
f 115 126 176
f 115 114 176
f 115 174 175
f 115 126 174
f 115 126 174
f 115 114 175
f 115 175 113
f 115 175 116
f 115 33 34
f 115 33 114
f 115 37 113
f 115 37 116
f 115 37 113
f 115 114 113
f 115 34 116
f 115 114 34
f 115 37 35
f 115 37 116
f 115 114 35
f 9 132 131
f 9 132 10
f 9 130 131
f 9 130 10
f 9 10 135
f 9 128 10
f 9 128 7
f 9 128 127
f 9 719 7
f 9 127 7
f 9 719 717
f 9 719 10
f 9 127 5
f 9 715 10
f 9 719 7
f 9 719 722
f 9 719 720
f 9 722 5
f 9 127 5
f 9 717 688
f 9 715 717
f 9 10 688
f 9 715 10
f 9 721 720
f 9 719 10
f 9 719 720
f 9 723 722
f 9 127 3
f 9 721 723
f 9 721 720
f 9 723 5
f 9 723 724
f 9 725 724
f 9 127 3
f 9 721 723
f 9 725 3
f 9 725 3
f 9 10 127
f 9 721 725
f 9 721 725
f 9 725 13
f 9 3 726
f 9 727 726
f 9 727 13
f 9 727 728
f 9 728 127
f 9 728 127
f 9 727 728
f 563 603 602
f 563 564 602
f 563 564 603
f 563 560 603
f 563 560 603
f 563 564 560
f 563 604 603
f 563 564 604
f 563 564 560
f 563 564 604
f 563 560 456
f 563 560 456
f 563 564 456
f 563 604 562
f 563 604 565
f 563 457 456
f 563 564 457
f 563 695 562
f 563 565 695
f 563 565 695
f 563 565 468
f 563 464 465
f 563 464 565
f 563 457 562
f 563 564 457
f 563 464 463
f 563 464 565
f 563 564 565
f 563 459 562
f 563 564 459
f 563 462 463
f 563 564 462
f 563 460 459
f 563 564 460
f 563 462 461
f 563 564 462
f 563 460 461
f 563 564 460
f 133 132 1
f 133 132 3
f 133 132 3
f 133 132 5
f 133 132 5
f 133 132 7
f 133 132 7
f 133 9 132
f 133 9 132
f 133 132 10
f 133 132 11
f 133 13 14
f 133 132 13
f 133 132 13
f 133 124 14
f 133 132 14
f 133 132 124
f 133 132 124
f 133 125 164
f 133 132 125
f 157 158 283
f 157 156 283
f 157 156 158
f 157 158 285
f 157 156 285
f 157 158 285
f 157 156 285
f 157 158 286
f 157 286 288
f 157 156 288
f 157 156 286
f 157 156 289
f 157 159 289
f 157 158 159
f 157 156 290
f 157 159 290
f 157 156 290
f 157 159 290
f 157 156 291
f 157 159 291
f 157 156 294
f 157 156 295
f 157 295 294
f 157 159 295
f 157 159 295
f 157 156 295
f 157 156 297
f 157 158 138
f 157 158 138
f 157 158 139
f 157 156 158
f 157 160 159
f 157 160 297
f 157 156 297
f 157 138 139
f 157 138 159
f 157 140 139
f 157 140 139
f 157 156 299
f 157 140 124
f 157 156 124
f 157 156 140
f 157 140 306
f 157 160 159
f 157 297 299
f 157 160 297
f 157 156 301
f 157 140 305
f 157 160 161
f 157 160 301
f 157 306 307
f 157 305 161
f 157 144 140
f 157 156 144
f 157 160 302
f 157 156 302
f 157 162 307
f 157 162 161
f 157 162 306
f 157 162 161
f 157 305 303
f 157 144 305
f 157 302 303
f 157 160 302
f 157 156 302
f 157 144 149
f 157 156 149
f 157 156 144
f 29 697 699
f 29 697 688
f 29 706 26
f 29 708 26
f 29 709 708
f 29 709 710
f 29 709 708
f 29 711 710
f 29 711 712
f 29 115 126
f 29 126 711
f 32 31 695
f 32 33 695
f 32 697 31
f 32 33 697
f 32 31 695
f 32 33 695
f 32 697 31
f 32 33 697
f 32 31 688
f 32 33 688
f 32 31 699
f 32 33 699
f 32 31 687
f 32 33 687
f 32 31 699
f 32 33 699
f 32 31 687
f 32 33 687
f 32 701 31
f 32 33 701
f 32 117 31
f 32 702 701
f 32 33 702
f 32 117 37
f 32 33 37
f 32 117 31
f 32 702 31
f 32 33 702
f 32 115 31
f 32 115 33
f 32 704 31
f 32 33 704
f 32 115 114
f 32 115 33
f 32 704 31
f 32 33 704
f 32 114 126
f 32 33 114
f 32 706 31
f 32 706 33
f 32 126 31
f 32 33 126
f 32 706 31
f 32 706 33
f 32 31 708
f 32 33 708
f 32 31 708
f 32 33 708
f 334 253 335
f 334 333 253
f 334 333 253
f 334 245 335
f 334 245 333
f 334 243 245
f 334 243 245
f 334 243 241
f 334 243 333
f 334 240 241
f 334 240 333
f 334 240 335
f 334 240 333
f 334 333 235
f 334 237 235
f 334 237 335
f 334 237 335
f 334 335 235
f 334 203 235
f 334 333 203
f 334 232 335
f 334 232 203
f 334 232 203
f 334 333 203
f 334 203 694
f 334 201 694
f 334 333 201
f 334 201 200
f 334 333 201
f 334 471 472
f 334 469 471
f 334 473 472
f 334 200 695
f 334 333 200
f 334 469 695
f 334 333 469
f 334 335 469
f 334 333 469
f 334 407 333
f 334 407 335
f 334 407 333
f 334 333 405
f 334 405 402
f 334 335 405
f 334 333 402
f 334 335 402
f 334 333 402
f 334 399 335
f 334 333 399
f 334 399 335
f 334 333 399
f 334 335 398
f 334 333 398
f 334 335 395
f 334 333 395
f 334 333 335
f 336 337 335
f 336 245 335
f 336 245 337
f 336 245 244
f 336 245 337
f 336 243 244
f 336 243 337
f 336 243 241
f 336 243 337
f 336 240 241
f 336 240 337
f 336 240 335
f 336 240 337
f 336 237 335
f 336 337 237
f 336 237 335
f 336 337 237
f 336 335 235
f 336 337 235
f 336 232 335
f 336 232 337
f 336 337 203
f 336 232 203
f 336 232 203
f 336 232 231
f 336 232 337
f 336 337 203
f 336 231 205
f 336 337 205
f 336 337 231
f 336 203 692
f 336 337 474
f 336 473 692
f 336 334 203
f 336 473 474
f 336 337 473
f 336 203 692
f 336 334 203
f 336 337 473
f 336 473 692
f 336 334 473
f 336 334 473
f 336 337 471
f 336 334 471
f 336 334 469
f 336 334 335
f 336 469 471
f 336 337 471
f 336 337 469
f 336 405 469
f 336 335 469
f 336 405 469
f 336 337 469
f 336 335 405
f 336 407 405
f 336 407 335
f 336 407 335
f 336 335 402
f 336 337 402
f 336 399 335
f 336 337 399
f 336 399 335
f 336 337 399
f 336 335 398
f 336 337 398
f 336 335 395
f 336 337 395
f 336 335 395
f 336 337 395
f 336 335 393
f 336 337 393
f 336 337 335
f 340 338 257
f 340 341 257
f 340 341 338
f 340 338 257
f 340 341 257
f 340 255 338
f 340 255 341
f 340 253 338
f 340 341 253
f 340 245 339
f 340 245 341
f 340 245 244
f 340 245 341
f 340 339 392
f 340 341 392
f 340 243 244
f 340 243 341
f 340 339 392
f 340 341 392
f 340 243 339
f 340 243 341
f 340 339 393
f 340 341 393
f 340 241 339
f 340 341 241
f 340 339 395
f 340 341 395
f 340 240 241
f 340 240 341
f 340 339 395
f 340 341 395
f 340 240 339
f 340 240 341
f 340 399 339
f 340 341 399
f 340 339 239
f 340 341 239
f 340 399 339
f 340 341 399
f 340 237 339
f 340 341 237
f 340 339 473
f 340 341 473
f 340 237 339
f 340 341 237
f 340 339 473
f 340 341 473
f 340 339 235
f 340 341 235
f 340 339 474
f 340 341 474
f 340 232 339
f 340 232 341
f 340 339 477
f 340 341 477
f 340 232 231
f 340 232 341
f 340 341 479
f 340 231 339
f 340 341 231
f 340 479 690
f 340 339 690
f 340 341 479
f 340 339 229
f 340 341 229
f 340 339 690
f 340 341 690
f 340 341 228
f 340 213 339
f 340 341 213
f 340 213 228
f 340 213 339
f 340 341 228
f 340 341 221
f 343 245 342
f 343 245 244
f 343 243 244
f 343 243 342
f 343 241 342
f 343 240 241
f 343 240 342
f 343 342 239
f 343 237 342
f 343 236 237
f 343 236 342
f 343 342 235
f 343 232 342
f 343 232 231
f 343 231 342
f 343 342 229
f 343 342 228
f 343 342 228
f 343 342 221
f 343 341 221
f 343 341 342
f 343 219 221
f 343 215 217
f 343 341 690
f 343 213 690
f 343 482 484
f 343 482 481
f 343 341 481
f 343 341 479
f 343 341 479
f 343 341 477
f 343 341 475
f 343 341 474
f 343 341 342
f 343 474 395
f 343 342 395
f 343 342 395
f 343 473 474
f 343 342 473
f 343 342 393
f 343 399 473
f 343 399 342
f 343 399 342
f 343 342 392
f 343 342 392
f 328 329 257
f 328 327 257
f 328 327 329
f 328 329 257
f 328 327 257
f 328 255 329
f 328 255 327
f 328 253 329
f 328 327 253
f 328 245 329
f 328 327 196
f 328 245 196
f 328 243 245
f 328 243 245
f 328 243 196
f 328 240 329
f 328 240 243
f 328 240 243
f 328 330 329
f 328 330 196
f 328 327 196
f 328 330 196
f 328 196 195
f 328 196 698
f 328 330 698
f 328 195 192
f 328 327 192
f 328 698 700
f 328 330 465
f 328 194 195
f 328 327 194
f 328 327 194
f 328 571 700
f 328 327 571
f 328 330 463
f 328 330 329
f 328 571 568
f 328 327 571
f 328 463 465
f 328 463 568
f 328 329 463
f 328 329 412
f 328 327 412
f 328 329 412
f 328 327 412
f 328 329 411
f 328 327 411
f 328 408 329
f 328 327 408
f 328 407 408
f 328 407 327
f 328 407 329
f 328 407 327
f 328 329 405
f 328 327 405
f 328 329 402
f 328 327 402
f 328 329 402
f 328 327 402
f 328 399 329
f 328 327 399
f 328 327 399
f 325 326 259
f 325 324 259
f 325 324 326
f 325 326 259
f 325 324 259
f 325 326 257
f 325 324 257
f 325 326 257
f 325 255 257
f 325 255 324
f 325 255 326
f 325 255 253
f 325 255 324
f 325 253 326
f 325 324 253
f 325 194 195
f 325 327 326
f 325 327 195
f 325 327 194
f 325 327 194
f 325 324 191
f 325 701 191
f 325 701 192
f 325 327 192
f 325 701 190
f 325 324 190
f 325 701 573
f 325 327 573
f 325 701 575
f 325 327 573
f 325 327 326
f 325 702 701
f 325 702 701
f 325 575 573
f 325 324 575
f 325 702 575
f 325 324 575
f 325 702 190
f 325 324 190
f 325 326 451
f 325 324 451
f 325 702 703
f 325 324 703
f 325 426 326
f 325 426 449
f 325 324 449
f 325 426 326
f 325 324 426
f 325 430 426
f 325 430 324
f 325 430 324
f 325 413 326
f 325 324 413
f 325 413 412
f 325 324 413
f 325 412 326
f 325 324 412
f 325 326 411
f 325 324 411
f 325 408 326
f 325 324 408
f 325 407 408
f 325 407 324
f 325 407 405
f 325 407 324
f 325 405 326
f 325 324 405
f 325 326 402
f 325 324 402
f 325 324 326
f 250 325 324
f 250 324 191
f 250 325 326
f 250 324 323
f 250 324 323
f 250 323 190
f 250 327 326
f 250 190 188
f 250 190 252
f 250 190 252
f 250 323 252
f 250 323 190
f 250 328 327
f 250 187 252
f 250 328 329
f 250 340 339
f 384 385 482
f 384 385 482
f 384 385 484
f 384 356 385
f 384 385 481
f 384 356 481
f 384 356 385
f 384 385 484
f 384 385 353
f 384 385 486
f 384 385 350
f 384 385 486
f 384 385 350
f 384 385 488
f 384 385 348
f 384 385 489
f 384 385 348
f 384 385 489
f 384 385 347
f 384 385 491
f 384 385 345
f 384 385 492
f 384 385 493
f 384 385 341
f 384 385 493
f 384 385 495
f 384 385 335
f 384 340 341
f 384 340 385
f 384 340 385
f 384 385 495
f 384 385 335
f 384 385 497
f 384 385 329
f 384 385 497
f 384 385 329
f 384 385 499
f 384 385 323
f 384 385 500
f 384 385 322
f 384 385 500
f 384 385 322
f 384 385 502
f 384 385 318
f 384 385 503
f 384 385 314
f 384 385 312
f 384 385 503
f 384 311 385
f 384 385 293
f 384 385 505
f 384 311 385
f 384 385 304
f 384 385 288
f 384 293 289
f 384 385 289
f 384 385 293
f 384 385 506
f 384 385 309
f 384 385 305
f 384 385 284
f 384 385 309
f 384 385 305
f 384 385 307
f 384 385 306
f 386 387 482
f 386 385 482
f 386 387 481
f 386 385 481
f 386 387 482
f 386 385 482
f 386 387 479
f 386 385 479
f 386 387 484
f 386 385 484
f 386 387 479
f 386 385 479
f 386 387 484
f 386 385 484
f 386 387 353
f 386 385 353
f 386 387 486
f 386 385 486
f 386 387 349
f 386 385 349
f 386 387 486
f 386 385 486
f 386 348 387
f 386 385 348
f 386 387 488
f 386 385 488
f 386 348 387
f 386 385 348
f 386 387 489
f 386 385 489
f 386 387 347
f 386 385 347
f 386 387 489
f 386 385 489
f 386 345 387
f 386 385 345
f 386 387 491
f 386 385 491
f 386 387 492
f 386 385 492
f 386 387 493
f 386 385 493
f 386 341 387
f 386 385 341
f 386 387 493
f 386 385 493
f 386 340 341
f 386 340 385
f 386 387 496
f 386 385 496
f 386 340 387
f 386 340 385
f 386 387 497
f 386 385 497
f 386 337 387
f 386 387 497
f 386 385 497
f 386 337 335
f 386 385 335
f 386 337 387
f 386 387 499
f 386 385 499
f 386 387 335
f 386 385 335
f 386 387 500
f 386 385 500
f 386 387 329
f 386 385 329
f 386 387 500
f 386 385 500
f 386 387 329
f 386 385 329
f 386 387 502
f 386 385 502
f 386 387 323
f 386 385 323
f 386 503 387
f 386 385 503
f 386 322 387
f 386 385 322
f 386 503 387
f 386 385 503
f 386 322 387
f 386 385 322
f 386 387 505
f 386 385 505
f 386 318 387
f 386 385 318
f 386 387 506
f 386 385 506
f 386 318 314
f 386 385 318
f 386 314 387
f 386 385 314
f 386 312 387
f 386 385 312
f 386 311 312
f 386 311 385
f 386 311 387
f 386 311 385
f 386 387 309
f 386 385 309
f 386 387 309
f 386 385 309
f 386 387 284
f 386 385 284
f 386 387 307
f 386 385 307
f 386 387 288
f 386 385 288
f 386 387 306
f 386 385 306
f 386 387 289
f 386 385 289
f 386 387 305
f 386 385 305
f 386 387 293
f 386 385 293
f 386 387 305
f 386 385 305
f 386 387 293
f 386 385 293
f 386 387 299
f 386 387 299
f 386 299 304
f 386 385 304
f 390 479 480
f 390 389 479
f 390 481 480
f 390 389 481
f 390 479 478
f 390 389 479
f 390 482 481
f 390 389 482
f 390 478 477
f 390 482 483
f 390 389 482
f 390 349 477
f 390 349 478
f 390 389 349
f 390 484 483
f 390 389 484
f 390 347 349
f 390 389 347
f 390 484 485
f 390 389 484
f 390 347 346
f 390 389 347
f 390 486 485
f 390 389 486
f 390 345 346
f 390 389 345
f 390 486 487
f 390 389 486
f 390 488 487
f 390 389 488
f 390 343 342
f 390 343 389
f 390 489 488
f 390 389 489
f 390 341 342
f 390 389 341
f 390 489 490
f 390 389 489
f 390 340 341
f 390 340 389
f 390 491 490
f 390 389 491
f 390 340 389
f 390 492 491
f 390 389 492
f 390 337 338
f 390 389 337
f 390 339 338
f 390 340 339
f 390 340 339
f 390 493 492
f 390 389 493
f 390 337 335
f 390 389 337
f 390 493 494
f 390 389 493
f 390 333 335
f 390 389 333
f 390 496 494
f 390 389 496
f 390 333 332
f 390 389 333
f 390 497 496
f 390 389 497
f 390 330 332
f 390 389 330
f 390 497 498
f 390 389 497
f 390 330 329
f 390 389 330
f 390 499 498
f 390 389 499
f 390 327 329
f 390 500 499
f 390 389 500
f 390 327 326
f 390 327 329
f 390 389 329
f 390 500 501
f 390 389 500
f 390 323 326
f 390 389 323
f 390 502 501
f 390 389 502
f 390 322 323
f 390 389 322
f 390 503 502
f 390 389 503
f 390 322 319
f 390 389 322
f 390 503 504
f 390 389 503
f 390 318 319
f 390 389 318
f 390 505 504
f 390 389 505
f 390 318 315
f 390 389 318
f 390 389 506
f 390 314 315
f 390 389 314
f 390 314 313
f 390 389 314
f 390 312 313
f 390 389 312
f 390 311 312
f 390 311 389
f 390 311 310
f 390 311 389
f 390 309 310
f 390 389 309
f 390 309 308
f 390 389 309
f 390 288 287
f 390 389 288
f 390 307 308
f 390 389 307
f 390 289 288
f 390 389 289
f 390 306 307
f 390 389 306
f 390 290 289
f 390 389 290
f 390 305 306
f 390 389 305
f 390 293 290
f 390 389 293
f 390 305 304
f 390 389 305
f 390 293 294
f 390 389 293
f 390 304 300
f 390 389 304
f 390 298 294
f 390 389 298
f 390 299 300
f 390 389 299
f 390 299 298
f 390 389 299
f 388 387 479
f 388 389 479
f 388 387 481
f 388 389 481
f 388 387 479
f 388 389 479
f 388 387 482
f 388 389 482
f 388 387 349
f 388 389 349
f 388 387 482
f 388 389 482
f 388 348 387
f 388 387 484
f 388 389 484
f 388 348 347
f 388 389 347
f 388 348 387
f 388 387 484
f 388 389 484
f 388 387 347
f 388 389 347
f 388 387 486
f 388 389 486
f 388 345 387
f 388 389 345
f 388 387 486
f 388 389 486
f 388 387 488
f 388 389 488
f 388 343 387
f 388 343 389
f 388 387 489
f 388 389 489
f 388 341 387
f 388 389 341
f 388 387 489
f 388 389 489
f 388 340 341
f 388 340 389
f 388 387 491
f 388 389 491
f 388 340 387
f 388 340 389
f 388 387 492
f 388 389 492
f 388 337 387
f 388 389 337
f 388 387 493
f 388 389 493
f 388 337 387
f 388 389 337
f 388 387 493
f 388 389 493
f 388 333 387
f 388 389 333
f 388 387 496
f 388 389 496
f 388 333 387
f 388 389 333
f 388 387 497
f 388 389 497
f 388 387 329
f 388 387 497
f 388 389 497
f 388 330 329
f 388 389 330
f 388 389 330
f 388 387 329
f 388 389 329
f 388 387 499
f 388 389 499
f 388 387 323
f 388 389 323
f 388 387 500
f 388 389 500
f 388 322 387
f 388 389 322
f 388 387 500
f 388 389 500
f 388 322 387
f 388 389 322
f 388 387 502
f 388 389 502
f 388 318 387
f 388 389 318
f 388 503 387
f 388 389 503
f 388 389 318
f 388 503 387
f 388 389 503
f 388 318 314
f 388 318 314
f 388 389 314
f 388 387 505
f 388 389 505
f 388 314 387
f 388 389 314
f 388 387 506
f 388 389 506
f 388 312 387
f 388 389 312
f 388 311 312
f 388 311 389
f 388 311 387
f 388 311 389
f 388 387 309
f 388 389 309
f 388 387 309
f 388 389 309
f 388 387 307
f 388 389 307
f 388 387 306
f 388 389 306
f 388 387 284
f 388 387 305
f 388 389 305
f 388 387 288
f 388 389 288
f 388 387 305
f 388 389 305
f 388 387 289
f 388 389 289
f 388 389 304
f 388 387 290
f 388 389 290
f 388 299 304
f 388 387 299
f 388 389 299
f 388 387 293
f 388 389 293
f 388 387 299
f 388 389 299
f 388 387 293
f 388 389 293
f 388 387 298
f 388 389 298
f 467 408 468
f 467 407 408
f 467 407 408
f 467 411 468
f 467 412 411
f 467 334 333
f 467 407 335
f 467 334 335
f 467 334 407
f 467 413 412
f 467 333 332
f 467 413 468
f 467 330 565
f 467 419 468
f 467 468 418
f 467 563 565
f 467 563 565
f 467 419 468
f 467 414 415
f 467 468 415
f 467 468 414
f 467 563 465
f 467 563 468
f 467 468 421
f 467 468 561
f 467 468 421
f 467 468 559
f 467 560 559
f 467 468 422
f 467 468 559
f 467 468 557
f 467 541 543
f 467 468 557
f 467 545 543
f 467 468 556
f 467 468 546
f 467 545 546
f 467 468 546
f 467 468 554
f 467 549 468
f 467 468 553
f 467 549 468
f 467 468 550
f 467 553 552
f 467 468 552
f 467 468 553
f 642 643 680
f 642 641 680
f 642 643 681
f 642 641 681
f 642 679 643
f 642 641 679
f 642 643 530
f 642 641 530
f 642 679 643
f 642 643 530
f 642 641 530
f 642 679 677
f 642 641 679
f 642 643 529
f 642 641 529
f 642 676 677
f 642 643 676
f 642 643 676
f 642 643 655
f 642 641 655
f 129 128 168
f 129 128 130
f 129 168 125
f 129 130 125
f 129 130 168
f 129 130 125
f 129 17 125
f 129 128 17
f 129 128 17
f 129 130 15
f 129 128 15
f 129 130 14
f 129 128 14
f 129 130 13
f 129 128 13
f 129 130 13
f 129 128 13
f 129 130 11
f 129 128 11
f 129 130 10
f 129 128 10
f 129 9 130
f 129 9 128
f 129 9 130
f 129 9 128
f 129 130 7
f 129 128 7
f 129 130 7
f 129 128 7
f 129 130 5
f 129 128 5
f 129 130 5
f 129 128 5
f 129 130 3
f 129 128 3
f 129 130 3
f 129 128 3
f 129 130 728
f 129 128 728
f 129 128 130
f 254 327 253
f 254 255 253
f 254 255 327
f 254 328 327
f 254 328 255
f 254 328 253
f 254 328 255
f 254 330 253
f 254 255 330
f 254 333 253
f 254 255 333
f 254 333 253
f 254 255 333
f 254 337 253
f 254 255 337
f 254 337 253
f 254 255 337
f 254 340 253
f 254 340 255
f 254 340 341
f 254 340 255
f 254 341 253
f 254 255 341
f 254 345 253
f 254 255 345
f 254 253 348
f 254 255 348
f 254 348 350
f 254 253 348
f 254 348 350
f 254 255 348
f 254 352 350
f 254 352 350
f 254 361 366
f 254 367 366
f 254 171 256
f 254 173 256
f 254 174 252
f 254 171 170
f 254 174 173
f 254 174 252
f 254 169 170
f 254 174 175
f 254 177 252
f 254 168 169
f 254 177 175
f 254 178 177
f 254 168 167
f 254 178 177
f 254 255 178
f 254 178 252
f 254 253 252
f 254 255 178
f 254 166 167
f 254 253 180
f 254 255 180
f 254 166 165
f 254 253 180
f 254 255 180
f 254 253 182
f 254 255 182
f 254 183 253
f 254 255 183
f 254 183 253
f 254 255 253
f 254 255 183
f 597 596 569
f 597 598 567
f 597 569 567
f 597 598 601
f 597 598 594
f 597 569 594
f 597 601 698
f 597 596 698
f 597 598 601
f 597 596 570
f 597 596 569
f 597 598 698
f 597 596 698
f 597 725 598
f 597 725 595
f 597 570 595
f 597 569 570
f 597 723 722
f 597 723 595
f 597 720 722
f 597 720 595
f 597 701 598
f 597 596 701
f 597 725 724
f 597 725 724
f 597 723 724
f 597 723 724
f 597 719 720
f 597 719 720
f 597 719 596
f 597 702 701
f 597 596 702
f 597 719 598
f 597 719 596
f 597 702 598
f 597 596 702
f 597 717 598
f 597 596 717
f 597 704 598
f 597 596 704
f 597 704 705
f 597 596 704
f 597 706 705
f 597 596 706
f 597 713 598
f 597 596 713
f 597 706 598
f 597 596 706
f 597 711 598
f 597 596 711
f 597 708 598
f 597 596 708
f 597 711 598
f 597 596 711
f 597 709 708
f 597 596 709
f 597 709 598
f 597 596 709
f 714 713 19
f 714 715 19
f 714 715 713
f 714 713 19
f 714 19 23
f 714 713 23
f 714 23 712
f 714 713 23
f 714 29 712
f 714 29 126
f 714 29 126
f 714 126 127
f 714 314 313
f 714 127 315
f 714 314 127
f 714 312 313
f 714 314 313
f 714 581 315
f 714 581 314
f 714 581 582
f 714 581 314
f 714 583 582
f 714 312 313
f 714 583 712
f 714 715 585
f 714 585 712
f 714 715 585
f 714 585 712
f 714 713 712
f 714 713 588
f 714 715 588
f 714 713 590
f 714 715 590
f 714 713 592
f 714 592 590
f 714 715 590
f 714 715 592
f 714 713 592
f 714 715 592
f 714 713 593
f 714 715 593
f 714 713 595
f 714 715 595
f 714 596 713
f 714 715 596
f 714 597 596
f 714 597 715
f 714 597 713
f 714 597 715
f 714 713 599
f 714 715 599
f 714 713 599
f 714 715 599
f 714 713 601
f 714 715 601
f 714 713 601
f 714 715 601
f 714 713 603
f 714 715 603
f 714 713 604
f 714 715 604
f 714 715 713
f 716 717 603
f 716 715 603
f 716 715 717
f 716 717 601
f 716 715 601
f 716 717 601
f 716 715 601
f 716 599 717
f 716 715 599
f 716 599 717
f 716 715 599
f 716 597 717
f 716 597 715
f 716 597 596
f 716 597 715
f 716 596 595
f 716 715 596
f 716 595 717
f 716 715 595
f 716 717 593
f 716 715 593
f 716 592 717
f 716 715 592
f 716 592 717
f 716 715 592
f 716 717 590
f 716 715 590
f 716 717 590
f 716 590 588
f 716 715 590
f 716 717 588
f 716 717 588
f 716 715 588
f 716 715 585
f 716 585 587
f 716 717 587
f 716 717 585
f 716 717 585
f 716 715 585
f 716 717 718
f 716 583 718
f 716 714 583
f 716 714 715
f 716 583 582
f 716 714 583
f 716 582 718
f 716 714 312
f 716 311 582
f 716 311 312
f 716 128 311
f 716 128 311
f 716 131 718
f 716 128 131
f 716 128 131
f 716 128 127
f 716 128 312
f 716 714 312
f 716 126 127
f 716 714 126
f 716 714 126
f 716 714 23
f 716 19 23
f 716 126 23
f 716 126 23
f 716 714 19
f 716 714 715
f 716 17 717
f 716 19 17
f 716 715 19
f 716 17 717
f 716 715 17
f 716 717 13
f 716 715 13
f 716 715 717
f 729 723 724
f 729 725 724
f 729 1 722
f 729 723 722
f 729 723 724
f 729 725 726
f 729 725 724
f 729 723 722
f 729 724 728
f 729 725 728
f 729 722 3
f 729 1 3
f 729 1 131
f 729 687 726
f 729 1 687
f 729 727 728
f 729 722 3
f 729 1 3
f 729 1 722
f 729 130 131
f 729 130 728
f 729 130 728
f 729 132 728
f 729 132 1
f 729 687 611
f 729 727 611
f 729 1 687
f 729 133 132
f 729 1 610
f 729 727 610
f 729 1 610
f 729 727 610
f 729 1 606
f 729 727 606
f 729 728 136
f 729 1 136
f 729 1 606
f 729 727 606
f 729 728 136
f 729 1 136
f 729 1 603
f 729 727 603
f 729 728 138
f 729 1 138
f 729 1 599
f 729 727 599
f 729 728 138
f 729 1 138
f 729 727 599
f 729 728 140
f 729 1 140
f 729 599 598
f 729 1 599
f 729 727 598
f 729 728 140
f 729 1 140
f 729 1 594
f 729 727 594
f 729 728 141
f 729 1 141
f 729 1 591
f 729 727 591
f 729 728 143
f 729 1 143
f 729 1 588
f 729 727 588
f 729 728 144
f 729 1 144
f 729 1 588
f 729 727 588
f 729 728 144
f 729 1 144
f 729 1 585
f 729 727 585
f 729 727 728
f 729 1 146
f 729 728 585
f 729 1 585
f 729 583 728
f 729 583 728
f 729 1 583
f 729 441 146
f 729 583 441
f 729 441 146
f 729 1 146
f 729 583 441
f 729 1 583
f 134 721 132
f 134 721 723
f 134 721 723
f 134 723 724
f 134 723 132
f 134 725 724
f 134 725 132
f 134 725 135
f 134 725 132
f 134 727 135
f 134 727 132
f 134 132 135
f 134 133 132
f 134 727 728
f 134 727 132
f 134 135 164
f 134 133 164
f 134 729 728
f 134 729 132
f 134 729 133
f 134 133 125
f 134 729 1
f 134 729 133
f 134 162 125
f 134 162 135
f 134 162 135
f 134 124 135
f 134 133 124
f 134 1 135
f 134 133 1
f 134 124 135
f 134 3 135
f 134 133 3
f 134 11 135
f 134 133 11
f 134 124 14
f 134 133 14
f 134 133 124
f 134 3 135
f 134 133 3
f 134 10 11
f 134 133 10
f 134 135 5
f 134 133 5
f 134 9 10
f 134 133 9
f 134 135 5
f 134 133 5
f 134 9 135
f 134 133 9
f 134 135 7
f 134 133 7
f 134 135 7
f 134 133 7
f 357 503 358
f 357 356 503
f 357 358 502
f 357 356 502
f 357 503 358
f 357 356 503
f 357 358 500
f 357 356 500
f 357 358 505
f 357 356 505
f 357 358 500
f 357 356 500
f 357 358 506
f 357 356 506
f 357 358 499
f 357 356 499
f 357 358 506
f 357 356 506
f 357 358 497
f 357 356 497
f 357 358 508
f 357 356 508
f 357 358 497
f 357 356 497
f 357 356 218
f 357 358 495
f 357 356 495
f 357 218 508
f 357 358 508
f 357 358 218
f 357 358 219
f 357 356 219
f 357 358 493
f 357 356 493
f 357 358 219
f 357 356 219
f 357 358 493
f 357 356 493
f 357 358 221
f 357 356 221
f 357 358 492
f 357 356 492
f 357 222 358
f 357 356 222
f 357 358 489
f 357 356 489
f 357 222 358
f 357 356 222
f 357 358 489
f 357 356 489
f 357 358 223
f 357 356 223
f 357 358 486
f 357 356 486
f 357 358 226
f 357 356 226
f 357 358 486
f 357 356 486
f 357 358 226
f 357 356 226
f 357 358 484
f 357 356 484
f 357 356 233
f 357 358 484
f 357 356 484
f 357 236 356
f 357 358 482
f 357 356 482
f 357 236 356
f 357 358 482
f 357 356 482
f 357 356 237
f 357 384 356
f 357 356 241
f 357 356 241
f 357 378 358
f 357 356 244
f 357 378 379
f 357 356 379
f 357 356 378
f 357 378 358
f 357 356 378
f 357 245 356
f 357 358 365
f 357 356 365
f 357 254 356
f 355 502 353
f 355 356 502
f 355 500 353
f 355 356 500
f 355 503 502
f 355 356 503
f 355 500 499
f 355 356 500
f 355 503 353
f 355 356 503
f 355 499 353
f 355 356 499
f 355 353 505
f 355 356 505
f 355 353 497
f 355 356 497
f 355 353 506
f 355 356 506
f 355 353 497
f 355 356 497
f 355 217 353
f 355 495 353
f 355 356 495
f 355 217 506
f 355 356 506
f 355 356 217
f 355 356 217
f 355 493 495
f 355 356 493
f 355 356 219
f 355 493 492
f 355 356 493
f 355 356 219
f 355 492 353
f 355 356 492
f 355 356 221
f 355 489 353
f 355 356 489
f 355 356 222
f 355 489 488
f 355 356 489
f 355 356 222
f 355 486 488
f 355 356 486
f 355 356 223
f 355 486 484
f 355 356 486
f 355 356 224
f 355 484 353
f 355 356 484
f 355 356 226
f 355 482 353
f 355 356 482
f 355 356 482
f 355 356 226
f 355 356 229
f 355 356 231
f 355 356 231
f 355 236 356
f 355 236 356
f 355 356 237
f 355 356 241
f 355 356 241
f 355 356 244
f 355 245 356
f 355 254 356
f 355 254 356
f 355 356 258
f 355 356 258
f 355 356 374
f 355 374 365
f 355 356 374
f 355 356 378
f 355 378 379
f 355 356 378
f 355 379 353
f 355 356 353
f 355 356 379
f 360 361 503
f 360 361 502
f 360 361 503
f 360 361 500
f 360 361 505
f 360 361 500
f 360 361 506
f 360 361 499
f 360 361 506
f 360 358 497
f 360 361 497
f 360 361 508
f 360 358 497
f 360 361 497
f 360 361 508
f 360 358 495
f 360 361 495
f 360 361 218
f 360 358 493
f 360 361 493
f 360 361 219
f 360 358 493
f 360 361 493
f 360 361 219
f 360 358 492
f 360 361 492
f 360 361 221
f 360 358 489
f 360 361 489
f 360 361 222
f 360 358 489
f 360 361 489
f 360 361 222
f 360 358 486
f 360 361 486
f 360 361 358
f 360 361 223
f 360 361 226
f 360 361 226
f 360 236 361
f 360 236 237
f 360 236 361
f 360 361 241
f 360 361 241
f 360 361 244
f 360 245 361
f 360 254 361
f 360 254 366
f 360 254 361
f 360 366 258
f 360 366 258
f 360 361 358
f 360 364 365
f 360 361 364
f 360 364 366
f 360 361 366
f 360 361 364
f 362 502 363
f 362 361 502
f 362 500 363
f 362 361 500
f 362 503 502
f 362 361 503
f 362 500 499
f 362 361 500
f 362 503 504
f 362 361 503
f 362 499 498
f 362 361 499
f 362 505 504
f 362 361 505
f 362 497 498
f 362 361 497
f 362 506 505
f 362 361 506
f 362 497 496
f 362 361 497
f 362 506 507
f 362 361 506
f 362 495 496
f 362 361 495
f 362 508 507
f 362 361 508
f 362 493 495
f 362 361 493
f 362 508 509
f 362 361 508
f 362 493 492
f 362 361 493
f 362 510 509
f 362 361 510
f 362 492 491
f 362 361 492
f 362 510 363
f 362 361 510
f 362 361 489
f 362 219 363
f 362 361 219
f 362 491 490
f 362 489 490
f 362 489 491
f 362 489 488
f 362 361 489
f 362 219 220
f 362 361 219
f 362 486 488
f 362 361 486
f 362 222 220
f 362 361 222
f 362 486 485
f 362 361 486
f 362 361 222
f 362 484 485
f 362 361 484
f 362 222 366
f 362 222 366
f 362 361 223
f 362 484 483
f 362 366 223
f 362 361 366
f 362 358 484
f 362 361 358
f 362 366 227
f 362 482 483
f 362 358 482
f 362 358 482
f 362 358 365
f 362 361 358
f 362 226 227
f 362 361 226
f 362 361 226
f 362 236 366
f 362 236 361
f 362 364 365
f 362 361 364
f 362 361 364
f 362 361 239
f 362 236 239
f 362 236 361
f 650 651 676
f 650 649 676
f 650 649 651
f 650 651 676
f 650 649 676
f 650 651 674
f 650 649 674
f 650 649 654
f 650 654 674
f 650 651 674
f 650 651 654
f 650 651 654
f 650 654 522
f 650 649 654
f 650 651 522
f 650 651 522
f 650 649 522
f 650 651 524
f 650 649 524
f 650 649 651
f 657 680 681
f 657 659 680
f 657 659 680
f 657 682 681
f 657 659 682
f 657 683 682
f 657 683 656
f 657 656 40
f 657 656 42
f 657 367 366
f 657 656 513
f 657 656 513
f 657 656 515
f 657 654 515
f 657 654 656
f 657 654 656
f 212 213 84
f 212 211 84
f 212 213 82
f 212 211 82
f 212 211 213
f 212 213 84
f 212 211 84
f 212 213 86
f 212 211 86
f 212 213 86
f 212 211 86
f 212 211 88
f 212 88 87
f 212 213 87
f 212 211 88
f 212 211 206
f 212 206 690
f 212 213 690
f 212 213 206
f 212 211 206
f 212 206 690
f 212 213 206
f 212 213 228
f 212 211 228
f 212 343 690
f 212 343 213
f 212 213 228
f 212 341 213
f 212 343 341
f 212 343 341
f 212 228 226
f 212 211 228
f 212 213 224
f 212 226 224
f 212 211 226
f 212 213 216
f 212 211 216
f 212 215 213
f 212 215 211
f 214 213 82
f 214 215 82
f 214 211 213
f 214 215 211
f 214 213 82
f 214 215 82
f 214 212 211
f 214 212 215
f 214 212 215
f 214 213 84
f 214 215 84
f 214 213 84
f 214 84 85
f 214 215 84
f 214 86 85
f 214 213 86
f 214 213 86
f 214 345 347
f 214 345 213
f 214 347 349
f 214 215 349
f 214 215 347
f 214 215 345
f 214 343 341
f 214 343 341
f 214 343 215
f 214 340 341
f 214 215 221
f 214 341 221
f 214 340 341
f 214 215 221
f 214 340 221
f 214 213 224
f 214 213 228
f 214 340 228
f 214 340 213
f 214 223 224
f 214 215 223
f 214 215 223
f 214 213 216
f 214 215 216
f 214 215 213
f 30 702 701
f 30 29 702
f 30 701 31
f 30 702 31
f 30 29 702
f 30 31 699
f 30 701 699
f 30 29 701
f 30 704 31
f 30 29 704
f 30 697 31
f 30 29 697
f 30 704 31
f 30 29 704
f 30 697 31
f 30 29 697
f 30 706 31
f 30 29 706
f 30 29 688
f 30 706 31
f 30 29 706
f 30 688 695
f 30 31 695
f 30 31 688
f 30 31 687
f 30 31 708
f 30 29 708
f 30 31 687
f 30 31 708
f 30 29 708
f 30 31 118
f 30 126 31
f 30 119 118
f 30 117 31
f 30 29 117
f 30 126 711
f 30 29 711
f 30 29 126
f 30 29 115
f 30 117 31
f 30 29 117
f 30 114 126
f 30 115 114
f 30 115 114
f 30 115 31
f 30 29 115
f 27 701 699
f 27 29 701
f 27 699 688
f 27 29 699
f 27 702 701
f 27 29 702
f 27 702 703
f 27 29 702
f 27 25 688
f 27 25 687
f 27 704 703
f 27 29 704
f 27 25 687
f 27 704 705
f 27 29 704
f 27 25 37
f 27 37 121
f 27 119 26
f 27 706 705
f 27 29 706
f 27 29 706
f 27 25 121
f 27 25 26
f 27 119 118
f 27 126 118
f 27 117 126
f 27 29 126
f 249 250 187
f 249 250 187
f 249 250 186
f 249 250 183
f 249 250 333
f 249 250 183
f 249 250 334
f 249 250 334
f 249 250 336
f 249 250 336
f 249 250 337
f 249 250 339
f 249 250 340
f 249 250 340
f 249 250 341
f 249 250 345
f 249 250 348
f 249 250 348
f 251 187 186
f 251 250 187
f 251 250 187
f 251 186 185
f 251 250 186
f 251 184 185
f 251 183 184
f 251 183 184
f 251 250 183
f 251 183 182
f 251 250 183
f 251 182 252
f 251 180 252
f 251 249 182
f 251 249 250
f 251 249 180
f 251 180 252
f 251 249 180
f 251 178 252
f 251 249 178
f 251 249 178
f 251 177 252
f 251 178 177
f 251 178 177
f 251 174 252
f 251 249 174
f 251 174 252
f 251 249 174
f 251 361 366
f 251 249 367
f 251 249 361
f 251 249 173
f 251 360 361
f 251 254 366
f 251 254 367
f 251 249 360
f 251 254 173
f 251 254 252
f 251 249 171
f 251 254 171
f 251 249 171
f 251 254 171
f 251 249 169
f 251 357 356
f 251 249 357
f 251 254 169
f 251 249 168
f 251 355 356
f 251 249 355
f 251 254 168
f 251 249 168
f 251 254 168
f 251 254 166
f 251 352 350
f 251 249 352
f 251 249 250
f 251 348 350
f 251 250 348
f 251 348 252
f 251 250 348
f 251 345 252
f 251 250 345
f 251 341 342
f 251 250 341
f 251 340 341
f 251 250 340
f 251 340 338
f 251 250 340
f 251 337 338
f 251 250 337
f 251 336 337
f 251 250 336
f 251 336 335
f 251 250 336
f 251 334 335
f 251 250 334
f 251 334 333
f 251 250 334
f 251 333 252
f 251 250 333
f 251 330 329
f 251 250 329
f 251 250 330
f 383 482 481
f 383 384 482
f 383 358 481
f 383 482 483
f 383 384 482
f 383 357 358
f 383 357 358
f 383 357 384
f 383 484 483
f 383 384 484
f 383 357 356
f 383 357 384
f 383 484 485
f 383 384 484
f 383 356 353
f 383 384 356
f 383 486 485
f 383 384 486
f 383 353 351
f 383 384 353
f 383 486 487
f 383 384 486
f 383 350 351
f 383 384 350
f 383 488 487
f 383 384 488
f 383 350 349
f 383 384 350
f 383 489 488
f 383 384 489
f 383 348 349
f 383 384 348
f 383 489 490
f 383 384 489
f 383 384 348
f 383 491 490
f 383 384 491
f 383 348 346
f 383 348 347
f 383 384 347
f 383 492 491
f 383 384 492
f 383 345 346
f 383 384 345
f 383 493 492
f 383 384 493
f 383 493 382
f 383 384 493
f 383 341 342
f 383 384 341
f 383 495 382
f 383 384 495
f 383 341 338
f 383 384 341
f 383 495 382
f 383 384 495
f 383 335 338
f 383 384 335
f 383 497 382
f 383 384 497
f 383 335 332
f 383 384 335
f 383 497 498
f 383 384 497
f 383 329 332
f 383 384 329
f 383 384 499
f 383 329 326
f 383 384 329
f 383 381 498
f 383 499 381
f 383 384 500
f 383 500 499
f 383 384 500
f 383 326 381
f 383 322 326
f 383 384 322
f 383 322 323
f 383 384 323
f 383 384 322
f 383 500 381
f 383 322 318
f 383 502 381
f 383 384 502
f 383 318 314
f 383 384 318
f 383 503 502
f 383 384 503
f 383 314 313
f 383 384 314
f 383 503 381
f 383 384 503
f 383 312 313
f 383 384 312
f 383 381 505
f 383 384 505
f 383 311 312
f 383 384 311
f 383 506 381
f 383 384 506
f 383 311 381
f 383 384 311
f 383 381 309
f 383 384 309
f 383 381 309
f 383 384 309
f 383 381 307
f 383 384 307
f 383 381 306
f 383 384 306
f 383 305 381
f 383 384 305
f 383 305 381
f 383 384 305
f 383 381 304
f 383 384 304
f 383 293 381
f 383 384 293
f 383 293 381
f 383 384 293
f 383 381 288
f 383 384 288
f 383 381 284
f 383 384 284
f 383 384 381
f 466 411 410
f 466 467 411
f 466 407 410
f 466 467 407
f 466 412 411
f 466 467 412
f 466 334 407
f 466 467 334
f 466 413 412
f 466 467 413
f 466 334 333
f 466 467 333
f 466 467 334
f 466 413 414
f 466 467 413
f 466 419 418
f 466 467 419
f 466 418 414
f 466 467 414
f 466 467 418
f 466 464 414
f 466 464 419
f 466 467 419
f 466 464 419
f 466 467 421
f 466 464 421
f 466 467 421
f 466 464 421
f 466 467 422
f 466 464 460
f 466 464 549
f 466 467 549
f 466 464 546
f 466 467 546
f 466 480 422
f 466 460 480
f 466 524 528
f 466 532 528
f 466 464 549
f 466 467 549
f 466 464 546
f 466 460 480
f 466 523 470
f 466 460 523
f 466 524 523
f 466 460 524
f 466 460 524
f 466 534 532
f 466 460 532
f 466 464 460
f 466 464 534
f 466 464 550
f 466 467 550
f 466 545 546
f 466 467 545
f 466 467 545
f 466 464 541
f 466 467 541
f 466 480 470
f 466 480 487
f 466 460 487
f 466 460 512
f 466 534 470
f 466 464 534
f 466 464 553
f 466 467 553
f 466 464 538
f 466 487 512
f 466 538 470
f 466 464 538
f 466 464 465
f 466 464 553
f 466 467 553
f 466 538 541
f 466 467 541
f 466 465 554
f 466 467 554
f 466 465 556
f 466 467 556
f 466 557 465
f 466 467 557
f 466 557 465
f 466 467 557
f 466 559 465
f 466 467 559
f 466 560 559
f 466 467 560
f 466 560 561
f 466 467 560
f 466 561 465
f 466 467 465
f 466 467 561
f 331 255 330
f 331 254 255
f 331 254 255
f 331 254 253
f 331 254 330
f 331 253 252
f 331 330 253
f 331 251 252
f 331 251 330
f 331 251 250
f 331 251 250
f 331 249 250
f 331 245 332
f 331 245 330
f 331 243 245
f 331 243 245
f 331 243 241
f 331 243 330
f 331 240 241
f 331 240 330
f 331 240 238
f 331 240 200
f 331 240 330
f 331 201 238
f 331 201 200
f 331 235 332
f 331 235 238
f 331 235 238
f 331 333 332
f 331 333 201
f 331 333 201
f 331 330 198
f 331 333 200
f 331 697 198
f 331 697 200
f 331 333 469
f 331 697 198
f 331 697 468
f 331 469 468
f 331 333 469
f 331 697 565
f 331 196 198
f 331 330 196
f 331 330 196
f 331 697 565
f 331 330 565
f 331 467 333
f 331 467 333
f 331 467 332
f 331 467 330
f 331 467 565
f 331 467 330
f 331 410 332
f 331 464 410
f 331 464 463
f 331 330 463
f 331 464 463
f 331 330 408
f 331 411 463
f 331 330 411
f 331 407 410
f 331 407 408
f 331 407 330
f 331 412 411
f 331 330 412
f 331 330 412
f 331 407 405
f 331 407 330
f 331 405 403
f 331 330 405
f 331 402 403
f 331 330 402
f 331 402 332
f 331 330 402
f 331 399 332
f 331 330 399
f 331 399 332
f 331 330 399
f 331 332 398
f 331 330 398
f 331 330 332
f 344 254 255
f 344 254 255
f 344 345 342
f 344 255 342
f 344 255 345
f 344 254 253
f 344 254 345
f 344 253 342
f 344 345 253
f 344 251 342
f 344 251 345
f 344 251 250
f 344 251 250
f 344 249 250
f 344 249 250
f 344 384 385
f 344 384 385
f 344 386 385
f 344 386 385
f 344 383 384
f 344 383 384
f 344 343 387
f 344 386 387
f 344 386 345
f 344 245 345
f 344 343 245
f 344 345 342
f 344 383 342
f 344 383 345
f 344 388 345
f 344 388 343
f 344 245 345
f 344 343 245
f 344 388 389
f 344 388 343
f 344 243 345
f 344 343 243
f 344 390 389
f 344 390 343
f 344 243 345
f 344 343 243
f 344 390 345
f 344 390 343
f 344 345 241
f 344 343 241
f 344 345 392
f 344 343 392
f 344 240 345
f 344 343 240
f 344 345 392
f 344 343 392
f 344 240 345
f 344 343 240
f 344 345 393
f 344 343 393
f 344 345 239
f 344 343 239
f 344 345 395
f 344 343 395
f 344 345 237
f 344 343 237
f 344 343 474
f 344 236 345
f 344 343 236
f 344 474 475
f 344 345 475
f 344 343 474
f 344 236 345
f 344 343 236
f 344 345 475
f 344 343 475
f 344 345 235
f 344 343 235
f 344 345 477
f 344 343 477
f 344 345 233
f 344 343 479
f 344 232 233
f 344 343 232
f 344 232 345
f 344 479 478
f 344 345 478
f 344 345 479
f 344 345 479
f 344 343 479
f 344 232 345
f 344 343 232
f 344 345 482
f 344 343 482
f 344 345 231
f 344 343 231
f 344 345 482
f 344 343 482
f 344 345 229
f 344 343 229
f 344 345 228
f 344 343 228
f 344 486 484
f 344 345 486
f 344 345 486
f 344 484 690
f 344 343 690
f 344 343 484
f 344 345 213
f 344 343 213
f 344 345 228
f 344 343 228
f 344 214 345
f 344 214 343
f 344 345 221
f 344 343 221
f 344 214 215
f 344 214 343
f 344 345 219
f 344 343 219
f 344 215 345
f 344 343 215
f 344 345 219
f 344 343 219
f 344 345 217
f 344 343 217
f 354 217 218
f 354 355 217
f 354 355 217
f 354 219 218
f 354 355 219
f 354 219 353
f 354 355 219
f 354 221 353
f 354 355 221
f 354 222 221
f 354 355 222
f 354 222 353
f 354 355 222
f 354 353 223
f 354 355 223
f 354 353 224
f 354 355 224
f 354 353 226
f 354 355 226
f 354 353 226
f 354 355 226
f 354 353 229
f 354 355 229
f 354 231 353
f 354 355 231
f 354 231 233
f 354 355 231
f 354 236 233
f 354 355 236
f 354 236 237
f 354 355 236
f 354 237 239
f 354 355 237
f 354 241 239
f 354 355 241
f 354 355 241
f 354 241 352
f 354 241 352
f 354 355 244
f 354 244 352
f 354 355 245
f 354 245 244
f 354 251 249
f 354 251 249
f 354 251 355
f 354 251 352
f 354 254 352
f 354 355 254
f 354 352 353
f 354 254 352
f 354 355 254
f 354 378 353
f 354 355 378
f 354 355 378
f 354 355 374
f 354 352 258
f 354 355 258
f 354 374 375
f 354 352 375
f 354 352 374
f 354 352 374
f 354 355 374
f 354 352 258
f 354 355 258
f 354 352 371
f 354 352 262
f 354 355 262
f 354 371 373
f 354 352 371
f 354 352 262
f 354 365 373
f 354 355 365
f 354 352 366
f 354 352 264
f 354 369 365
f 354 369 366
f 354 369 365
f 354 369 366
f 354 267 366
f 354 352 267
f 354 365 366
f 354 268 267
f 354 348 268
f 354 350 268
f 354 352 350
f 354 348 350
f 354 352 350
f 354 348 350
f 359 503 358
f 359 360 503
f 359 358 502
f 359 360 502
f 359 503 358
f 359 360 503
f 359 358 500
f 359 360 500
f 359 358 505
f 359 360 505
f 359 358 500
f 359 360 500
f 359 358 506
f 359 360 506
f 359 358 499
f 359 360 499
f 359 360 358
f 359 358 506
f 359 360 506
f 359 358 508
f 359 360 508
f 359 358 508
f 359 360 508
f 359 358 218
f 359 360 218
f 359 358 219
f 359 360 219
f 359 358 219
f 359 360 219
f 359 358 221
f 359 360 221
f 359 222 358
f 359 360 222
f 359 222 358
f 359 360 222
f 359 358 223
f 359 360 223
f 359 358 226
f 359 360 226
f 359 358 226
f 359 360 226
f 359 357 358
f 359 357 233
f 359 236 233
f 359 360 236
f 359 357 236
f 359 360 236
f 359 357 236
f 359 360 237
f 359 357 237
f 359 360 241
f 359 357 241
f 359 360 241
f 359 357 241
f 359 360 244
f 359 357 244
f 359 360 245
f 359 357 245
f 359 251 249
f 359 251 249
f 359 251 360
f 359 251 357
f 359 360 254
f 359 357 254
f 359 357 358
f 359 360 358
f 359 360 254
f 359 357 356
f 359 254 356
f 359 357 254
f 359 360 258
f 359 355 356
f 359 356 258
f 359 360 258
f 359 360 365
f 359 356 258
f 359 354 365
f 359 354 355
f 359 355 262
f 359 355 356
f 359 366 262
f 359 360 366
f 359 366 262
f 359 354 262
f 359 354 355
f 359 366 264
f 359 354 264
f 359 354 366
f 658 659 683
f 658 657 683
f 658 657 659
f 658 659 683
f 658 657 683
f 658 659 40
f 658 657 40
f 658 659 42
f 658 657 42
f 658 659 42
f 658 657 42
f 658 659 51
f 658 659 53
f 658 659 54
f 658 659 54
f 658 659 56
f 658 659 57
f 658 659 57
f 658 659 60
f 658 659 60
f 658 659 62
f 658 659 62
f 658 659 64
f 658 659 65
f 658 659 65
f 658 659 68
f 658 659 68
f 658 659 71
f 658 659 71
f 658 659 73
f 658 74 366
f 658 659 74
f 658 659 74
f 658 659 366
f 658 657 366
f 658 659 511
f 658 511 510
f 658 657 510
f 658 659 511
f 658 659 513
f 658 657 513
f 658 659 513
f 658 657 513
f 658 659 654
f 658 657 654
f 658 657 654
f 658 654 655
f 658 659 655
f 658 659 654
f 658 659 656
f 658 657 656
f 658 657 659
f 28 27 687
f 28 27 29
f 28 30 687
f 28 30 29
f 28 27 687
f 28 30 687
f 28 30 119
f 28 119 37
f 28 27 37
f 28 27 119
f 28 27 119
f 28 30 119
f 28 30 29
f 28 29 117
f 28 27 117
f 28 29 117
f 28 117 126
f 28 27 117
f 28 29 126
f 28 27 29
f 248 333 332
f 248 249 333
f 248 331 332
f 248 331 249
f 248 249 334
f 248 331 330
f 248 249 334
f 248 330 329
f 248 331 250
f 248 331 249
f 248 249 336
f 248 328 329
f 248 250 330
f 248 249 336
f 248 328 327
f 248 250 328
f 248 249 337
f 248 327 326
f 248 250 328
f 248 249 339
f 248 325 326
f 248 250 327
f 248 249 340
f 248 250 325
f 248 249 340
f 248 194 192
f 248 325 194
f 248 325 194
f 248 191 192
f 248 249 341
f 248 250 191
f 248 325 324
f 248 250 324
f 248 250 325
f 248 344 249
f 248 250 190
f 248 344 249
f 248 250 190
f 248 249 345
f 248 250 188
f 248 249 250
f 248 249 187
f 248 249 348
f 248 249 187
f 248 249 348
f 248 249 186
f 247 334 333
f 247 248 333
f 247 248 334
f 247 334 335
f 247 248 334
f 247 336 335
f 247 248 336
f 247 336 337
f 247 248 336
f 247 337 338
f 247 248 337
f 247 339 338
f 247 248 339
f 247 340 339
f 247 248 340
f 247 340 341
f 247 248 340
f 247 341 342
f 247 248 341
f 247 343 342
f 247 344 343
f 247 344 343
f 247 248 344
f 247 344 345
f 247 248 344
f 247 345 246
f 247 248 345
f 247 348 246
f 247 248 348
f 247 348 350
f 247 248 348
f 247 245 350
f 247 245 352
f 247 249 352
f 247 248 249
f 247 354 245
f 247 354 249
f 247 354 355
f 247 354 249
f 247 355 245
f 247 249 355
f 247 357 245
f 247 249 357
f 247 359 357
f 247 359 249
f 247 359 360
f 247 359 249
f 247 360 245
f 247 249 360
f 247 249 361
f 247 361 244
f 247 245 361
f 247 244 367
f 247 249 367
f 247 244 180
f 247 249 180
f 247 249 178
f 247 244 174
f 247 244 173
f 247 249 173
f 247 249 174
f 247 245 182
f 247 244 180
f 247 245 244
f 247 244 178
f 247 249 180
f 247 249 178
f 247 244 174
f 247 244 171
f 247 249 171
f 247 249 174
f 247 245 182
f 247 244 178
f 247 249 182
f 247 244 171
f 247 249 171
f 247 245 186
f 247 249 183
f 247 248 186
f 247 183 182
f 247 244 169
f 247 249 169
f 247 245 187
f 247 245 187
f 247 249 183
f 247 248 249
f 247 248 187
f 247 244 168
f 247 249 168
f 247 248 187
f 247 187 188
f 247 187 246
f 247 248 188
f 247 190 246
f 247 248 190
f 247 190 191
f 247 248 191
f 247 248 190
