# King Wen sovereign avatar mesh
# hex24_phase5.ply
# vertices=729 faces=11321
o kingwen_avatar
v 0.180956 0.000205 0.090465 0.313725 0.309804 0.317647
v 0.182819 0.001783 0.090462 0.313725 0.309804 0.317647
v 0.184663 0.003393 0.090452 0.313725 0.309804 0.317647
v 0.186483 0.005035 0.090435 0.313725 0.309804 0.317647
v 0.188273 0.006707 0.090412 0.313725 0.309804 0.317647
v 0.189489 0.008387 0.090125 0.313725 0.309804 0.317647
v 0.191199 0.010114 0.090088 0.313725 0.309804 0.317647
v 0.193413 0.011904 0.090301 0.313725 0.309804 0.317647
v 0.195032 0.013692 0.090250 0.313725 0.309804 0.317647
v 0.196038 0.015461 0.089937 0.313725 0.309804 0.317647
v 0.197538 0.017294 0.089874 0.313725 0.309804 0.317647
v 0.199538 0.019203 0.090059 0.313725 0.309804 0.317647
v 0.200908 0.021084 0.089982 0.313725 0.309804 0.317647
v 0.202203 0.022984 0.089898 0.313725 0.309804 0.317647
v 0.203421 0.024900 0.089807 0.313725 0.309804 0.317647
v 0.204557 0.026830 0.089710 0.313725 0.309804 0.317647
v 0.205608 0.028772 0.089606 0.313725 0.309804 0.317647
v 0.206570 0.030724 0.089496 0.313725 0.309804 0.317647
v 0.207440 0.032683 0.089379 0.313725 0.309804 0.317647
v 0.208215 0.034647 0.089255 0.313725 0.309804 0.317647
v 0.208891 0.036613 0.089124 0.313725 0.309804 0.317647
v 0.209468 0.038577 0.088987 0.313725 0.309804 0.317647
v 0.209941 0.040538 0.088844 0.313725 0.309804 0.317647
v 0.210311 0.042493 0.088693 0.313725 0.309804 0.317647
v 0.210574 0.044438 0.088537 0.313725 0.309804 0.317647
v 0.210730 0.046372 0.088373 0.313725 0.309804 0.317647
v 0.210777 0.048291 0.088203 0.313725 0.309804 0.317647
v 0.210715 0.050192 0.088027 0.313725 0.309804 0.317647
v 0.210544 0.052072 0.087844 0.313725 0.309804 0.317647
v 0.210858 0.054083 0.087903 0.313725 0.309804 0.317647
v 0.210466 0.055920 0.087706 0.313725 0.309804 0.317647
v 0.209964 0.057729 0.087503 0.313725 0.309804 0.317647
v 0.209353 0.059506 0.087293 0.313725 0.309804 0.317647
v 0.208634 0.061251 0.087077 0.313725 0.309804 0.317647
v 0.207809 0.062959 0.086854 0.313725 0.309804 0.317647
v 0.206879 0.064629 0.086625 0.313725 0.309804 0.317647
v 0.205845 0.066259 0.086390 0.313725 0.309804 0.317647
v 0.205290 0.068039 0.086391 0.313725 0.309804 0.317647
v 0.204053 0.069587 0.086142 0.313725 0.309804 0.317647
v 0.202721 0.071089 0.085887 0.313725 0.309804 0.317647
v 0.201295 0.072543 0.085625 0.313725 0.309804 0.317647
v 0.199778 0.073949 0.085357 0.313725 0.309804 0.317647
v 0.198176 0.075304 0.085082 0.313725 0.309804 0.317647
v 0.197044 0.076824 0.085041 0.313725 0.309804 0.317647
v 0.195273 0.078080 0.084753 0.313725 0.309804 0.317647
v 0.193427 0.079283 0.084458 0.313725 0.309804 0.317647
v 0.191509 0.080432 0.084158 0.313725 0.309804 0.317647
v 0.189524 0.081527 0.083851 0.313725 0.309804 0.317647
v 0.187476 0.082569 0.083538 0.313725 0.309804 0.317647
v 0.185370 0.083556 0.083219 0.313725 0.309804 0.317647
v 0.183725 0.084728 0.083126 0.313725 0.309804 0.317647
v 0.181510 0.085612 0.082794 0.313725 0.309804 0.317647
v 0.179252 0.086444 0.082455 0.313725 0.309804 0.317647
v 0.176954 0.087224 0.082111 0.313725 0.309804 0.317647
v 0.174622 0.087954 0.081760 0.313725 0.309804 0.317647
v 0.172744 0.088883 0.081631 0.313725 0.309804 0.317647
v 0.170353 0.089518 0.081267 0.313725 0.309804 0.317647
v 0.167942 0.090108 0.080897 0.313725 0.309804 0.317647
v 0.165518 0.090653 0.080521 0.313725 0.309804 0.317647
v 0.163540 0.091412 0.080363 0.313725 0.309804 0.317647
v 0.161096 0.091877 0.079974 0.313725 0.309804 0.317647
v 0.158653 0.092305 0.079579 0.313725 0.309804 0.317647
v 0.156216 0.092699 0.079178 0.313725 0.309804 0.317647
v 0.154218 0.093320 0.078991 0.313725 0.309804 0.317647
v 0.151800 0.093654 0.078577 0.313725 0.309804 0.317647
v 0.149402 0.093962 0.078157 0.313725 0.309804 0.317647
v 0.147028 0.094248 0.077732 0.313725 0.309804 0.317647
v 0.144683 0.094514 0.077301 0.313725 0.309804 0.317647
v 0.142766 0.095027 0.077078 0.313725 0.309804 0.317647
v 0.140483 0.095265 0.076634 0.313725 0.309804 0.317647
v 0.138241 0.095494 0.076184 0.313725 0.309804 0.317647
v 0.136043 0.095718 0.075729 0.313725 0.309804 0.317647
v 0.134263 0.096206 0.075477 0.313725 0.309804 0.317647
v 0.132156 0.096432 0.075009 0.313725 0.309804 0.317647
v 0.130103 0.096662 0.074536 0.313725 0.309804 0.317647
v 0.128105 0.096903 0.074057 0.313725 0.309804 0.317647
v 0.126515 0.097426 0.073776 0.313725 0.309804 0.317647
v 0.124632 0.097698 0.073285 0.313725 0.309804 0.317647
v 0.122811 0.097991 0.072788 0.313725 0.309804 0.317647
v 0.121055 0.098309 0.072286 0.313725 0.309804 0.317647
v 0.119694 0.098928 0.071976 0.313725 0.309804 0.317647
v 0.118066 0.099307 0.071462 0.313725 0.309804 0.317647
v 0.116506 0.099722 0.070943 0.313725 0.309804 0.317647
v 0.115015 0.100176 0.070418 0.313725 0.309804 0.317647
v 0.113906 0.100948 0.070080 0.313725 0.309804 0.317647
v 0.112549 0.101491 0.069544 0.313725 0.309804 0.317647
v 0.111567 0.102362 0.069191 0.313725 0.309804 0.317647
v 0.113665 0.106105 0.070708 0.313725 0.309804 0.317647
v 0.129501 0.122993 0.080753 0.313725 0.309804 0.317647
v 0.128212 0.123888 0.080091 0.313725 0.309804 0.317647
v 0.131689 0.129460 0.082353 0.313725 0.309804 0.317647
v 0.131095 0.131116 0.082017 0.313725 0.309804 0.317647
v 0.130281 0.132567 0.081489 0.313725 0.309804 0.317647
v 0.129253 0.133808 0.080773 0.313725 0.309804 0.317647
v 0.128298 0.135130 0.080051 0.313725 0.309804 0.317647
v 0.127132 0.136234 0.079147 0.313725 0.309804 0.317647
v 0.126317 0.137721 0.078415 0.313725 0.309804 0.317647
v 0.125566 0.139292 0.077677 0.313725 0.309804 0.317647
v 0.124876 0.140950 0.076933 0.313725 0.309804 0.317647
v 0.124243 0.142694 0.076184 0.313725 0.309804 0.317647
v 0.123389 0.144203 0.075261 0.313725 0.309804 0.317647
v 0.122859 0.146114 0.074502 0.313725 0.309804 0.317647
v 0.122103 0.147781 0.073574 0.313725 0.309804 0.317647
v 0.121660 0.149856 0.072806 0.313725 0.309804 0.317647
v 0.120983 0.151674 0.071871 0.313725 0.309804 0.317647
v 0.120339 0.153563 0.070936 0.313725 0.309804 0.317647
v 0.119992 0.155868 0.070155 0.313725 0.309804 0.317647
v 0.119400 0.157895 0.069213 0.313725 0.309804 0.317647
v 0.118560 0.159625 0.068117 0.313725 0.309804 0.317647
v 0.118002 0.161768 0.067175 0.313725 0.309804 0.317647
v 0.116127 0.162113 0.065483 0.313725 0.309804 0.317647
v 0.115851 0.164708 0.064694 0.313725 0.309804 0.317647
v 0.111348 0.161241 0.061565 0.313725 0.309804 0.317647
v 0.099748 0.147138 0.054595 0.313725 0.309804 0.317647
v 0.098706 0.148339 0.053474 0.313725 0.309804 0.317647
v 0.098443 0.150745 0.052781 0.313725 0.309804 0.317647
v 0.098165 0.153185 0.052084 0.313725 0.309804 0.317647
v 0.097606 0.155242 0.051246 0.313725 0.309804 0.317647
v 0.097285 0.157733 0.050544 0.313725 0.309804 0.317647
v 0.096938 0.160246 0.049837 0.313725 0.309804 0.317647
v 0.096562 0.162776 0.049127 0.313725 0.309804 0.317647
v 0.096410 0.165759 0.048543 0.313725 0.309804 0.317647
v 0.095965 0.168315 0.047824 0.313725 0.309804 0.317647
v 0.095481 0.170873 0.047101 0.313725 0.309804 0.317647
v 0.094957 0.173429 0.046374 0.313725 0.309804 0.317647
v 0.094389 0.175976 0.045645 0.313725 0.309804 0.317647
v 0.093776 0.178509 0.044911 0.313725 0.309804 0.317647
v 0.093115 0.181024 0.044175 0.313725 0.309804 0.317647
v 0.092404 0.183515 0.043435 0.313725 0.309804 0.317647
v 0.091643 0.185976 0.042692 0.313725 0.309804 0.317647
v 0.090828 0.188402 0.041946 0.313725 0.309804 0.317647
v 0.089960 0.190789 0.041197 0.313725 0.309804 0.317647
v 0.089275 0.193644 0.040552 0.313725 0.309804 0.317647
v 0.088059 0.195421 0.039689 0.313725 0.309804 0.317647
v 0.087025 0.197657 0.038931 0.313725 0.309804 0.317647
v 0.086162 0.200364 0.038271 0.313725 0.309804 0.317647
v 0.085011 0.202479 0.037505 0.313725 0.309804 0.317647
v 0.083803 0.204524 0.036736 0.313725 0.309804 0.317647
v 0.082539 0.206494 0.035965 0.313725 0.309804 0.317647
v 0.081219 0.208385 0.035190 0.313725 0.309804 0.317647
v 0.079843 0.210193 0.034414 0.313725 0.309804 0.317647
v 0.078621 0.212476 0.033723 0.313725 0.309804 0.317647
v 0.077134 0.214109 0.032939 0.313725 0.309804 0.317647
v 0.075594 0.215646 0.032153 0.313725 0.309804 0.317647
v 0.074004 0.217086 0.031364 0.313725 0.309804 0.317647
v 0.072556 0.219001 0.030654 0.313725 0.309804 0.317647
v 0.070864 0.220237 0.029858 0.313725 0.309804 0.317647
v 0.069128 0.221366 0.029061 0.313725 0.309804 0.317647
v 0.067347 0.222385 0.028261 0.313725 0.309804 0.317647
v 0.065699 0.223881 0.027531 0.313725 0.309804 0.317647
v 0.063834 0.224676 0.026725 0.313725 0.309804 0.317647
v 0.061933 0.225356 0.025917 0.313725 0.309804 0.317647
v 0.059999 0.225918 0.025107 0.313725 0.309804 0.317647
v 0.058033 0.226364 0.024295 0.313725 0.309804 0.317647
v 0.056187 0.227288 0.023543 0.313725 0.309804 0.317647
v 0.054162 0.227498 0.022725 0.313725 0.309804 0.317647
v 0.052116 0.227589 0.021906 0.313725 0.309804 0.317647
v 0.050049 0.227562 0.021085 0.313725 0.309804 0.317647
v 0.047966 0.227418 0.020262 0.313725 0.309804 0.317647
v 0.045991 0.227755 0.019489 0.313725 0.309804 0.317647
v 0.043879 0.227378 0.018661 0.313725 0.309804 0.317647
v 0.041759 0.226889 0.017832 0.313725 0.309804 0.317647
v 0.039635 0.226288 0.017002 0.313725 0.309804 0.317647
v 0.037510 0.225577 0.016170 0.313725 0.309804 0.317647
v 0.035479 0.225349 0.015378 0.313725 0.309804 0.317647
v 0.033354 0.224427 0.014541 0.313725 0.309804 0.317647
v 0.031237 0.223403 0.013704 0.313725 0.309804 0.317647
v 0.029129 0.222282 0.012866 0.313725 0.309804 0.317647
v 0.027105 0.221646 0.012058 0.313725 0.309804 0.317647
v 0.025020 0.220338 0.011216 0.313725 0.309804 0.317647
v 0.022952 0.218946 0.010372 0.313725 0.309804 0.317647
v 0.020904 0.217471 0.009529 0.313725 0.309804 0.317647
v 0.018928 0.216484 0.008706 0.313725 0.309804 0.317647
v 0.016921 0.214857 0.007859 0.313725 0.309804 0.317647
v 0.014940 0.213164 0.007011 0.313725 0.309804 0.317647
v 0.012987 0.211409 0.006162 0.313725 0.309804 0.317647
v 0.011092 0.210142 0.005327 0.313725 0.309804 0.317647
v 0.009194 0.208275 0.004475 0.313725 0.309804 0.317647
v 0.007328 0.206363 0.003623 0.313725 0.309804 0.317647
v 0.005496 0.204411 0.002771 0.313725 0.309804 0.317647
v 0.003697 0.202426 0.001919 0.313725 0.309804 0.317647
v 0.001937 0.200932 0.001069 0.313725 0.309804 0.317647
v 0.000203 0.198891 0.000214 0.313725 0.309804 0.317647
v -0.001496 0.196834 -0.000641 0.313725 0.309804 0.317647
v -0.003159 0.194767 -0.001496 0.313725 0.309804 0.317647
v -0.004800 0.193193 -0.002357 0.313725 0.309804 0.317647
v -0.006397 0.191118 -0.003214 0.313725 0.309804 0.317647
v -0.007959 0.189050 -0.004070 0.313725 0.309804 0.317647
v -0.009488 0.186996 -0.004927 0.313725 0.309804 0.317647
v -0.011013 0.185437 -0.005798 0.313725 0.309804 0.317647
v -0.012480 0.183421 -0.006655 0.313725 0.309804 0.317647
v -0.013917 0.181435 -0.007512 0.313725 0.309804 0.317647
v -0.015325 0.179484 -0.008369 0.313725 0.309804 0.317647
v -0.016748 0.178031 -0.009249 0.313725 0.309804 0.317647
v -0.018105 0.176161 -0.010106 0.313725 0.309804 0.317647
v -0.019438 0.174343 -0.010963 0.313725 0.309804 0.317647
v -0.020749 0.172579 -0.011819 0.313725 0.309804 0.317647
v -0.022097 0.171314 -0.012707 0.313725 0.309804 0.317647
v -0.023374 0.169670 -0.013563 0.313725 0.309804 0.317647
v -0.024635 0.168094 -0.014419 0.313725 0.309804 0.317647
v -0.025883 0.166590 -0.015273 0.313725 0.309804 0.317647
v -0.027121 0.165161 -0.016126 0.313725 0.309804 0.317647
v -0.028424 0.164229 -0.017022 0.313725 0.309804 0.317647
v -0.029652 0.162956 -0.017875 0.313725 0.309804 0.317647
v -0.030879 0.161766 -0.018726 0.313725 0.309804 0.317647
v -0.032188 0.161073 -0.019626 0.313725 0.309804 0.317647
v -0.033422 0.160056 -0.020477 0.313725 0.309804 0.317647
v -0.034662 0.159128 -0.021327 0.313725 0.309804 0.317647
v -0.035912 0.158291 -0.022174 0.313725 0.309804 0.317647
v -0.037268 0.157948 -0.023079 0.313725 0.309804 0.317647
v -0.038548 0.157294 -0.023926 0.313725 0.309804 0.317647
v -0.039846 0.156735 -0.024771 0.313725 0.309804 0.317647
v -0.041269 0.156665 -0.025679 0.313725 0.309804 0.317647
v -0.042614 0.156291 -0.026522 0.313725 0.309804 0.317647
v -0.043985 0.156009 -0.027363 0.313725 0.309804 0.317647
v -0.045500 0.156214 -0.028274 0.313725 0.309804 0.317647
v -0.046934 0.156114 -0.029113 0.313725 0.309804 0.317647
v -0.048524 0.156497 -0.030026 0.313725 0.309804 0.317647
v -0.050031 0.156573 -0.030863 0.313725 0.309804 0.317647
v -0.051575 0.156735 -0.031697 0.313725 0.309804 0.317647
v -0.053293 0.157374 -0.032612 0.313725 0.309804 0.317647
v -0.054922 0.157698 -0.033444 0.313725 0.309804 0.317647
v -0.056594 0.158099 -0.034273 0.313725 0.309804 0.317647
v -0.058310 0.158574 -0.035100 0.313725 0.309804 0.317647
v -0.060223 0.159518 -0.036015 0.313725 0.309804 0.317647
v -0.062035 0.160130 -0.036839 0.313725 0.309804 0.317647
v -0.064056 0.161207 -0.037754 0.313725 0.309804 0.317647
v -0.065968 0.161940 -0.038574 0.313725 0.309804 0.317647
v -0.067929 0.162727 -0.039392 0.313725 0.309804 0.317647
v -0.070114 0.163971 -0.040307 0.313725 0.309804 0.317647
v -0.072178 0.164853 -0.041120 0.313725 0.309804 0.317647
v -0.074475 0.166187 -0.042035 0.313725 0.309804 0.317647
v -0.076640 0.167144 -0.042845 0.313725 0.309804 0.317647
v -0.078852 0.168129 -0.043651 0.313725 0.309804 0.317647
v -0.081312 0.169558 -0.044565 0.313725 0.309804 0.317647
v -0.083621 0.170587 -0.045366 0.313725 0.309804 0.317647
v -0.086187 0.172055 -0.046279 0.313725 0.309804 0.317647
v -0.088588 0.173106 -0.047076 0.313725 0.309804 0.317647
v -0.091254 0.174589 -0.047988 0.313725 0.309804 0.317647
v -0.093738 0.175639 -0.048780 0.313725 0.309804 0.317647
v -0.096496 0.177116 -0.049690 0.313725 0.309804 0.317647
v -0.099056 0.178143 -0.050476 0.313725 0.309804 0.317647
v -0.101897 0.179591 -0.051385 0.313725 0.309804 0.317647
v -0.104521 0.180572 -0.052166 0.313725 0.309804 0.317647
v -0.107170 0.181522 -0.052943 0.313725 0.309804 0.317647
v -0.110110 0.182883 -0.053848 0.313725 0.309804 0.317647
v -0.112804 0.183755 -0.054619 0.313725 0.309804 0.317647
v -0.115795 0.185033 -0.055521 0.313725 0.309804 0.317647
v -0.118520 0.185806 -0.056286 0.313725 0.309804 0.317647
v -0.121548 0.186979 -0.057186 0.313725 0.309804 0.317647
v -0.124288 0.187635 -0.057944 0.313725 0.309804 0.317647
v -0.127336 0.188684 -0.058841 0.313725 0.309804 0.317647
v -0.130074 0.189204 -0.059592 0.313725 0.309804 0.317647
v -0.133125 0.190112 -0.060485 0.313725 0.309804 0.317647
v -0.136175 0.190943 -0.061378 0.313725 0.309804 0.317647
v -0.138881 0.191229 -0.062119 0.313725 0.309804 0.317647
v -0.141906 0.191894 -0.063008 0.313725 0.309804 0.317647
v -0.144567 0.192007 -0.063742 0.313725 0.309804 0.317647
v -0.147549 0.192493 -0.064627 0.313725 0.309804 0.317647
v -0.150144 0.192420 -0.065353 0.313725 0.309804 0.317647
v -0.153065 0.192716 -0.066233 0.313725 0.309804 0.317647
v -0.155952 0.192912 -0.067112 0.313725 0.309804 0.317647
v -0.158418 0.192544 -0.067827 0.313725 0.309804 0.317647
v -0.161215 0.192536 -0.068701 0.313725 0.309804 0.317647
v -0.163571 0.191964 -0.069407 0.313725 0.309804 0.317647
v -0.166261 0.191747 -0.070276 0.313725 0.309804 0.317647
v -0.168490 0.190966 -0.070974 0.313725 0.309804 0.317647
v -0.170646 0.190082 -0.071666 0.313725 0.309804 0.317647
v -0.173140 0.189547 -0.072526 0.313725 0.309804 0.317647
v -0.175146 0.188454 -0.073209 0.313725 0.309804 0.317647
v -0.177069 0.187260 -0.073887 0.313725 0.309804 0.317647
v -0.179332 0.186408 -0.074736 0.313725 0.309804 0.317647
v -0.181084 0.185010 -0.075405 0.313725 0.309804 0.317647
v -0.182743 0.183514 -0.076067 0.313725 0.309804 0.317647
v -0.184747 0.182354 -0.076907 0.313725 0.309804 0.317647
v -0.186219 0.180665 -0.077560 0.313725 0.309804 0.317647
v -0.188038 0.179308 -0.078392 0.313725 0.309804 0.317647
v -0.189314 0.177434 -0.079035 0.313725 0.309804 0.317647
v -0.190487 0.175474 -0.079672 0.313725 0.309804 0.317647
v -0.192011 0.173842 -0.080493 0.313725 0.309804 0.317647
v -0.192980 0.171715 -0.081120 0.313725 0.309804 0.317647
v -0.194302 0.169913 -0.081934 0.313725 0.309804 0.317647
v -0.195063 0.167633 -0.082549 0.313725 0.309804 0.317647
v -0.195718 0.165285 -0.083159 0.313725 0.309804 0.317647
v -0.196731 0.163256 -0.083960 0.313725 0.309804 0.317647
v -0.197179 0.160778 -0.084559 0.313725 0.309804 0.317647
v -0.197988 0.158616 -0.085352 0.313725 0.309804 0.317647
v -0.198232 0.156025 -0.085939 0.313725 0.309804 0.317647
v -0.198375 0.153387 -0.086520 0.313725 0.309804 0.317647
v -0.198419 0.150707 -0.087095 0.313725 0.309804 0.317647
v -0.198832 0.148335 -0.087869 0.313725 0.309804 0.317647
v -0.198686 0.145578 -0.088432 0.313725 0.309804 0.317647
v -0.198449 0.142792 -0.088989 0.313725 0.309804 0.317647
v -0.198588 0.140310 -0.089748 0.313725 0.309804 0.317647
v -0.198177 0.137475 -0.090292 0.313725 0.309804 0.317647
v -0.197686 0.134625 -0.090830 0.313725 0.309804 0.317647
v -0.197577 0.132073 -0.091575 0.313725 0.309804 0.317647
v -0.196935 0.129202 -0.092100 0.313725 0.309804 0.317647
v -0.196680 0.126624 -0.092834 0.313725 0.309804 0.317647
v -0.195902 0.123749 -0.093347 0.313725 0.309804 0.317647
v -0.195519 0.121162 -0.094071 0.313725 0.309804 0.317647
v -0.194626 0.118299 -0.094572 0.313725 0.309804 0.317647
v -0.193684 0.115453 -0.095065 0.313725 0.309804 0.317647
v -0.193144 0.112887 -0.095772 0.313725 0.309804 0.317647
v -0.192118 0.110077 -0.096252 0.313725 0.309804 0.317647
v -0.191500 0.107542 -0.096949 0.313725 0.309804 0.317647
v -0.190412 0.104783 -0.097416 0.313725 0.309804 0.317647
v -0.189739 0.102292 -0.098101 0.313725 0.309804 0.317647
v -0.188611 0.099596 -0.098555 0.313725 0.309804 0.317647
v -0.187906 0.097163 -0.099228 0.313725 0.309804 0.317647
v -0.186764 0.094541 -0.099668 0.313725 0.309804 0.317647
v -0.186051 0.092175 -0.100330 0.313725 0.309804 0.317647
v -0.184918 0.089638 -0.100756 0.313725 0.309804 0.317647
v -0.184221 0.087347 -0.101406 0.313725 0.309804 0.317647
v -0.183121 0.084901 -0.101818 0.313725 0.309804 0.317647
v -0.182465 0.082694 -0.102456 0.313725 0.309804 0.317647
v -0.181423 0.080344 -0.102853 0.313725 0.309804 0.317647
v -0.180830 0.078225 -0.103479 0.313725 0.309804 0.317647
v -0.179869 0.075976 -0.103862 0.313725 0.309804 0.317647
v -0.179364 0.073948 -0.104474 0.313725 0.309804 0.317647
v -0.178505 0.071800 -0.104843 0.313725 0.309804 0.317647
v -0.178110 0.069864 -0.105442 0.313725 0.309804 0.317647
v -0.177375 0.067818 -0.105796 0.313725 0.309804 0.317647
v -0.177110 0.065973 -0.106382 0.313725 0.309804 0.317647
v -0.176518 0.064026 -0.106721 0.313725 0.309804 0.317647
v -0.176403 0.062269 -0.107293 0.313725 0.309804 0.317647
v -0.175972 0.060417 -0.107617 0.313725 0.309804 0.317647
v -0.175627 0.058611 -0.107933 0.313725 0.309804 0.317647
v -0.175768 0.056980 -0.108484 0.313725 0.309804 0.317647
v -0.175607 0.055259 -0.108784 0.313725 0.309804 0.317647
v -0.175541 0.053580 -0.109076 0.313725 0.309804 0.317647
v -0.175574 0.051940 -0.109360 0.313725 0.309804 0.317647
v -0.176103 0.050450 -0.109883 0.313725 0.309804 0.317647
v -0.176340 0.048878 -0.110151 0.313725 0.309804 0.317647
v -0.176680 0.047336 -0.110411 0.313725 0.309804 0.317647
v -0.177523 0.045926 -0.110912 0.313725 0.309804 0.317647
v -0.178075 0.044434 -0.111156 0.313725 0.309804 0.317647
v -0.178733 0.042966 -0.111392 0.313725 0.309804 0.317647
v -0.179498 0.041516 -0.111620 0.313725 0.309804 0.317647
v -0.180367 0.040083 -0.111839 0.313725 0.309804 0.317647
v -0.181342 0.038662 -0.112050 0.313725 0.309804 0.317647
v -0.182420 0.037251 -0.112253 0.313725 0.309804 0.317647
v -0.183600 0.035846 -0.112448 0.313725 0.309804 0.317647
v -0.184880 0.034444 -0.112634 0.313725 0.309804 0.317647
v -0.186257 0.033042 -0.112812 0.313725 0.309804 0.317647
v -0.187730 0.031637 -0.112981 0.313725 0.309804 0.317647
v -0.189294 0.030225 -0.113142 0.313725 0.309804 0.317647
v -0.190947 0.028803 -0.113295 0.313725 0.309804 0.317647
v -0.192685 0.027369 -0.113439 0.313725 0.309804 0.317647
v -0.194504 0.025919 -0.113575 0.313725 0.309804 0.317647
v -0.196399 0.024450 -0.113702 0.313725 0.309804 0.317647
v -0.198367 0.022960 -0.113821 0.313725 0.309804 0.317647
v -0.200401 0.021447 -0.113932 0.313725 0.309804 0.317647
v -0.202045 0.019863 -0.113779 0.313725 0.309804 0.317647
v -0.204193 0.018298 -0.113872 0.313725 0.309804 0.317647
v -0.206393 0.016703 -0.113957 0.313725 0.309804 0.317647
v -0.208637 0.015076 -0.114033 0.313725 0.309804 0.317647
v -0.210921 0.013414 -0.114101 0.313725 0.309804 0.317647
v -0.213237 0.011717 -0.114161 0.313725 0.309804 0.317647
v -0.215097 0.009960 -0.113955 0.313725 0.309804 0.317647
v -0.217455 0.008192 -0.113998 0.313725 0.309804 0.317647
v -0.219826 0.006384 -0.114032 0.313725 0.309804 0.317647
v -0.222204 0.004537 -0.114057 0.313725 0.309804 0.317647
v -0.224583 0.002649 -0.114074 0.313725 0.309804 0.317647
v -0.226954 0.000721 -0.114083 0.313725 0.309804 0.317647
v -0.238596 -0.001299 -0.118701 0.313725 0.309804 0.317647
v -0.241029 -0.003390 -0.118693 0.313725 0.309804 0.317647
v -0.243433 -0.005523 -0.118675 0.313725 0.309804 0.317647
v -0.245270 -0.007680 -0.118392 0.313725 0.309804 0.317647
v -0.247591 -0.009889 -0.118357 0.313725 0.309804 0.317647
v -0.249863 -0.012138 -0.118313 0.313725 0.309804 0.317647
v -0.252079 -0.014424 -0.118260 0.313725 0.309804 0.317647
v -0.254232 -0.016747 -0.118199 0.313725 0.309804 0.317647
v -0.256316 -0.019104 -0.118128 0.313725 0.309804 0.317647
v -0.258324 -0.021494 -0.118049 0.313725 0.309804 0.317647
v -0.260251 -0.023915 -0.117961 0.313725 0.309804 0.317647
v -0.262089 -0.026363 -0.117865 0.313725 0.309804 0.317647
v -0.263834 -0.028838 -0.117759 0.313725 0.309804 0.317647
v -0.264905 -0.031267 -0.117390 0.313725 0.309804 0.317647
v -0.266443 -0.033780 -0.117268 0.313725 0.309804 0.317647
v -0.267872 -0.036309 -0.117136 0.313725 0.309804 0.317647
v -0.269187 -0.038853 -0.116996 0.313725 0.309804 0.317647
v -0.270384 -0.041407 -0.116848 0.313725 0.309804 0.317647
v -0.271458 -0.043970 -0.116690 0.313725 0.309804 0.317647
v -0.272406 -0.046536 -0.116524 0.313725 0.309804 0.317647
v -0.273225 -0.049103 -0.116350 0.313725 0.309804 0.317647
v -0.273912 -0.051667 -0.116166 0.313725 0.309804 0.317647
v -0.274463 -0.054225 -0.115974 0.313725 0.309804 0.317647
v -0.274876 -0.056772 -0.115774 0.313725 0.309804 0.317647
v -0.275150 -0.059306 -0.115564 0.313725 0.309804 0.317647
v -0.275283 -0.061822 -0.115347 0.313725 0.309804 0.317647
v -0.275273 -0.064317 -0.115120 0.313725 0.309804 0.317647
v -0.275121 -0.066787 -0.114885 0.313725 0.309804 0.317647
v -0.274825 -0.069229 -0.114642 0.313725 0.309804 0.317647
v -0.274386 -0.071639 -0.114390 0.313725 0.309804 0.317647
v -0.273803 -0.074013 -0.114129 0.313725 0.309804 0.317647
v -0.273079 -0.076349 -0.113860 0.313725 0.309804 0.317647
v -0.272213 -0.078643 -0.113583 0.313725 0.309804 0.317647
v -0.271207 -0.080892 -0.113297 0.313725 0.309804 0.317647
v -0.270063 -0.083092 -0.113003 0.313725 0.309804 0.317647
v -0.268784 -0.085242 -0.112700 0.313725 0.309804 0.317647
v -0.267372 -0.087337 -0.112389 0.313725 0.309804 0.317647
v -0.265830 -0.089377 -0.112070 0.313725 0.309804 0.317647
v -0.264162 -0.091358 -0.111742 0.313725 0.309804 0.317647
v -0.262940 -0.093481 -0.111648 0.313725 0.309804 0.317647
v -0.261025 -0.095342 -0.111303 0.313725 0.309804 0.317647
v -0.258994 -0.097139 -0.110950 0.313725 0.309804 0.317647
v -0.257410 -0.099084 -0.110828 0.313725 0.309804 0.317647
v -0.255158 -0.100752 -0.110457 0.313725 0.309804 0.317647
v -0.252805 -0.102350 -0.110078 0.313725 0.309804 0.317647
v -0.250357 -0.103880 -0.109692 0.313725 0.309804 0.317647
v -0.248354 -0.105568 -0.109533 0.313725 0.309804 0.317647
v -0.245724 -0.106960 -0.109129 0.313725 0.309804 0.317647
v -0.243541 -0.108517 -0.108951 0.313725 0.309804 0.317647
v -0.241272 -0.110008 -0.108763 0.313725 0.309804 0.317647
v -0.238924 -0.111436 -0.108566 0.313725 0.309804 0.317647
v -0.236503 -0.112799 -0.108359 0.313725 0.309804 0.317647
v -0.234014 -0.114099 -0.108141 0.313725 0.309804 0.317647
v -0.232944 -0.116073 -0.108603 0.313725 0.309804 0.317647
v -0.231293 -0.117750 -0.108821 0.313725 0.309804 0.317647
v -0.228128 -0.118626 -0.108340 0.313725 0.309804 0.317647
v -0.226353 -0.120194 -0.108533 0.313725 0.309804 0.317647
v -0.224982 -0.121964 -0.108936 0.313725 0.309804 0.317647
v -0.222163 -0.122925 -0.108649 0.313725 0.309804 0.317647
v -0.219322 -0.123835 -0.108352 0.313725 0.309804 0.317647
v -0.216020 -0.124438 -0.107822 0.313725 0.309804 0.317647
v -0.212283 -0.124735 -0.107063 0.313725 0.309804 0.317647
v -0.209003 -0.125244 -0.106518 0.313725 0.309804 0.317647
v -0.205316 -0.125452 -0.105746 0.313725 0.309804 0.317647
v -0.202084 -0.125882 -0.105187 0.313725 0.309804 0.317647
v -0.198881 -0.126280 -0.104620 0.313725 0.309804 0.317647
v -0.195309 -0.126387 -0.103829 0.313725 0.309804 0.317647
v -0.192189 -0.126732 -0.103248 0.313725 0.309804 0.317647
v -0.188724 -0.126794 -0.102446 0.313725 0.309804 0.317647
v -0.185708 -0.127105 -0.101850 0.313725 0.309804 0.317647
v -0.182368 -0.127141 -0.101036 0.313725 0.309804 0.317647
v -0.179476 -0.127437 -0.100427 0.313725 0.309804 0.317647
v -0.176280 -0.127467 -0.099602 0.313725 0.309804 0.317647
v -0.173527 -0.127769 -0.098979 0.313725 0.309804 0.317647
v -0.170489 -0.127813 -0.098144 0.313725 0.309804 0.317647
v -0.167539 -0.127870 -0.097303 0.313725 0.309804 0.317647
v -0.165023 -0.128216 -0.096661 0.313725 0.309804 0.317647
v -0.162589 -0.128587 -0.096012 0.313725 0.309804 0.317647
v -0.159902 -0.128718 -0.095155 0.313725 0.309804 0.317647
v -0.157642 -0.129153 -0.094493 0.313725 0.309804 0.317647
v -0.155142 -0.129355 -0.093627 0.313725 0.309804 0.317647
v -0.152740 -0.129599 -0.092756 0.313725 0.309804 0.317647
v -0.150435 -0.129890 -0.091882 0.313725 0.309804 0.317647
v -0.148228 -0.130230 -0.091003 0.313725 0.309804 0.317647
v -0.146428 -0.130902 -0.090312 0.313725 0.309804 0.317647
v -0.144412 -0.131356 -0.089425 0.313725 0.309804 0.317647
v -0.142492 -0.131871 -0.088533 0.313725 0.309804 0.317647
v -0.140967 -0.132732 -0.087826 0.313725 0.309804 0.317647
v -0.139232 -0.133380 -0.086926 0.313725 0.309804 0.317647
v -0.137588 -0.134098 -0.086023 0.313725 0.309804 0.317647
v -0.136034 -0.134889 -0.085116 0.313725 0.309804 0.317647
v -0.134856 -0.136045 -0.084387 0.313725 0.309804 0.317647
v -0.133470 -0.136988 -0.083473 0.313725 0.309804 0.317647
v -0.132451 -0.138306 -0.082733 0.313725 0.309804 0.317647
v -0.131223 -0.139409 -0.081811 0.313725 0.309804 0.317647
v -0.130070 -0.140592 -0.080886 0.313725 0.309804 0.317647
v -0.128988 -0.141855 -0.079958 0.313725 0.309804 0.317647
v -0.128251 -0.143509 -0.079199 0.313725 0.309804 0.317647
v -0.127298 -0.144937 -0.078265 0.313725 0.309804 0.317647
v -0.126953 -0.147081 -0.077663 0.313725 0.309804 0.317647
v -0.126111 -0.148677 -0.076721 0.313725 0.309804 0.317647
v -0.125320 -0.150351 -0.075776 0.313725 0.309804 0.317647
v -0.124846 -0.152434 -0.074991 0.313725 0.309804 0.317647
v -0.124141 -0.154266 -0.074040 0.313725 0.309804 0.317647
v -0.123742 -0.156512 -0.073246 0.313725 0.309804 0.317647
v -0.123104 -0.158493 -0.072289 0.313725 0.309804 0.317647
v -0.122760 -0.160894 -0.071486 0.313725 0.309804 0.317647
v -0.122171 -0.163014 -0.070523 0.313725 0.309804 0.317647
v -0.121864 -0.165559 -0.069712 0.313725 0.309804 0.317647
v -0.121303 -0.167807 -0.068744 0.313725 0.309804 0.317647
v -0.121014 -0.170482 -0.067924 0.313725 0.309804 0.317647
v -0.120462 -0.172841 -0.066951 0.313725 0.309804 0.317647
v -0.119908 -0.175247 -0.065978 0.313725 0.309804 0.317647
v -0.119610 -0.178086 -0.065146 0.313725 0.309804 0.317647
v -0.119038 -0.180576 -0.064168 0.313725 0.309804 0.317647
v -0.118711 -0.183503 -0.063329 0.313725 0.309804 0.317647
v -0.118102 -0.186058 -0.062347 0.313725 0.309804 0.317647
v -0.117730 -0.189053 -0.061500 0.313725 0.309804 0.317647
v -0.117068 -0.191652 -0.060515 0.313725 0.309804 0.317647
v -0.116375 -0.194261 -0.059529 0.313725 0.309804 0.317647
v -0.115903 -0.197312 -0.058672 0.313725 0.309804 0.317647
v -0.115391 -0.200375 -0.057811 0.313725 0.309804 0.317647
v -0.114834 -0.203443 -0.056946 0.313725 0.309804 0.317647
v -0.113977 -0.206053 -0.055952 0.313725 0.309804 0.317647
v -0.113324 -0.209108 -0.055080 0.313725 0.309804 0.317647
v -0.112367 -0.211677 -0.054084 0.313725 0.309804 0.317647
v -0.111357 -0.214214 -0.053088 0.313725 0.309804 0.317647
v -0.110294 -0.216712 -0.052091 0.313725 0.309804 0.317647
v -0.109419 -0.219657 -0.051209 0.313725 0.309804 0.317647
v -0.108239 -0.222066 -0.050211 0.313725 0.309804 0.317647
v -0.107242 -0.224922 -0.049324 0.313725 0.309804 0.317647
v -0.105942 -0.227216 -0.048324 0.313725 0.309804 0.317647
v -0.104581 -0.229441 -0.047325 0.313725 0.309804 0.317647
v -0.103159 -0.231592 -0.046326 0.313725 0.309804 0.317647
v -0.101907 -0.234191 -0.045431 0.313725 0.309804 0.317647
v -0.100361 -0.236181 -0.044432 0.313725 0.309804 0.317647
v -0.098754 -0.238081 -0.043433 0.313725 0.309804 0.317647
v -0.097087 -0.239885 -0.042435 0.313725 0.309804 0.317647
v -0.095361 -0.241589 -0.041438 0.313725 0.309804 0.317647
v -0.093791 -0.243743 -0.040535 0.313725 0.309804 0.317647
v -0.091948 -0.245238 -0.039538 0.313725 0.309804 0.317647
v -0.090049 -0.246619 -0.038543 0.313725 0.309804 0.317647
v -0.088096 -0.247884 -0.037548 0.313725 0.309804 0.317647
v -0.086291 -0.249602 -0.036640 0.313725 0.309804 0.317647
v -0.084428 -0.251204 -0.035728 0.313725 0.309804 0.317647
v -0.082319 -0.252107 -0.034734 0.313725 0.309804 0.317647
v -0.080167 -0.252882 -0.033741 0.313725 0.309804 0.317647
v -0.077973 -0.253526 -0.032751 0.313725 0.309804 0.317647
v -0.075740 -0.254037 -0.031762 0.313725 0.309804 0.317647
v -0.073641 -0.255007 -0.030846 0.313725 0.309804 0.317647
v -0.071334 -0.255253 -0.029859 0.313725 0.309804 0.317647
v -0.068998 -0.255363 -0.028874 0.313725 0.309804 0.317647
v -0.066635 -0.255339 -0.027891 0.313725 0.309804 0.317647
v -0.064250 -0.255178 -0.026910 0.313725 0.309804 0.317647
v -0.061844 -0.254883 -0.025931 0.313725 0.309804 0.317647
v -0.059423 -0.254454 -0.024955 0.313725 0.309804 0.317647
v -0.056988 -0.253893 -0.023981 0.313725 0.309804 0.317647
v -0.054545 -0.253200 -0.023010 0.313725 0.309804 0.317647
v -0.052096 -0.252378 -0.022042 0.313725 0.309804 0.317647
v -0.049762 -0.252025 -0.021126 0.313725 0.309804 0.317647
v -0.047307 -0.250950 -0.020161 0.313725 0.309804 0.317647
v -0.044856 -0.249754 -0.019198 0.313725 0.309804 0.317647
v -0.042413 -0.248439 -0.018239 0.313725 0.309804 0.317647
v -0.039981 -0.247009 -0.017282 0.313725 0.309804 0.317647
v -0.037564 -0.245469 -0.016329 0.313725 0.309804 0.317647
v -0.035164 -0.243821 -0.015378 0.313725 0.309804 0.317647
v -0.032863 -0.242654 -0.014466 0.313725 0.309804 0.317647
v -0.030575 -0.241382 -0.013553 0.313725 0.309804 0.317647
v -0.028234 -0.239435 -0.012608 0.313725 0.309804 0.317647
v -0.025921 -0.237399 -0.011667 0.313725 0.309804 0.317647
v -0.023640 -0.235281 -0.010729 0.313725 0.309804 0.317647
v -0.021392 -0.233085 -0.009795 0.313725 0.309804 0.317647
v -0.019226 -0.231378 -0.008886 0.313725 0.309804 0.317647
v -0.017045 -0.229040 -0.007957 0.313725 0.309804 0.317647
v -0.014904 -0.226643 -0.007032 0.313725 0.309804 0.317647
v -0.012803 -0.224191 -0.006111 0.313725 0.309804 0.317647
v -0.010744 -0.221692 -0.005194 0.313725 0.309804 0.317647
v -0.008750 -0.219689 -0.004291 0.313725 0.309804 0.317647
v -0.006773 -0.217109 -0.003380 0.313725 0.309804 0.317647
v -0.004842 -0.214500 -0.002473 0.313725 0.309804 0.317647
v -0.002956 -0.211869 -0.001570 0.313725 0.309804 0.317647
v -0.001118 -0.209739 -0.000673 0.313725 0.309804 0.317647
v 0.000681 -0.207077 0.000224 0.313725 0.309804 0.317647
v 0.002434 -0.204411 0.001116 0.313725 0.309804 0.317647
v 0.004142 -0.201749 0.002003 0.313725 0.309804 0.317647
v 0.005805 -0.199097 0.002886 0.313725 0.309804 0.317647
v 0.007442 -0.196950 0.003774 0.313725 0.309804 0.317647
v 0.009021 -0.194328 0.004649 0.313725 0.309804 0.317647
v 0.010584 -0.192214 0.005534 0.313725 0.309804 0.317647
v 0.012083 -0.189648 0.006403 0.313725 0.309804 0.317647
v 0.013542 -0.187120 0.007266 0.313725 0.309804 0.317647
v 0.015001 -0.185100 0.008145 0.313725 0.309804 0.317647
v 0.016390 -0.182660 0.009001 0.313725 0.309804 0.317647
v 0.017743 -0.180274 0.009851 0.313725 0.309804 0.317647
v 0.019064 -0.177947 0.010697 0.313725 0.309804 0.317647
v 0.020355 -0.175683 0.011537 0.313725 0.309804 0.317647
v 0.021617 -0.173486 0.012372 0.313725 0.309804 0.317647
v 0.022912 -0.171797 0.013236 0.313725 0.309804 0.317647
v 0.024129 -0.169742 0.014062 0.313725 0.309804 0.317647
v 0.025326 -0.167765 0.014883 0.313725 0.309804 0.317647
v 0.026504 -0.165870 0.015699 0.313725 0.309804 0.317647
v 0.027738 -0.164479 0.016551 0.313725 0.309804 0.317647
v 0.028891 -0.162751 0.017358 0.313725 0.309804 0.317647
v 0.030035 -0.161111 0.018159 0.313725 0.309804 0.317647
v 0.031171 -0.159562 0.018955 0.313725 0.309804 0.317647
v 0.032304 -0.158105 0.019744 0.313725 0.309804 0.317647
v 0.033522 -0.157147 0.020581 0.313725 0.309804 0.317647
v 0.034657 -0.155874 0.021361 0.313725 0.309804 0.317647
v 0.035797 -0.154695 0.022136 0.313725 0.309804 0.317647
v 0.036944 -0.153611 0.022904 0.313725 0.309804 0.317647
v 0.038200 -0.153020 0.023728 0.313725 0.309804 0.317647
v 0.039372 -0.152122 0.024486 0.313725 0.309804 0.317647
v 0.040665 -0.151714 0.025305 0.313725 0.309804 0.317647
v 0.041872 -0.151000 0.026053 0.313725 0.309804 0.317647
v 0.043098 -0.150378 0.026795 0.313725 0.309804 0.317647
v 0.044346 -0.149843 0.027531 0.313725 0.309804 0.317647
v 0.045617 -0.149396 0.028260 0.313725 0.309804 0.317647
v 0.046914 -0.149033 0.028983 0.313725 0.309804 0.317647
v 0.048367 -0.149146 0.029779 0.313725 0.309804 0.317647
v 0.049724 -0.148944 0.030492 0.313725 0.309804 0.317647
v 0.051111 -0.148818 0.031198 0.313725 0.309804 0.317647
v 0.052530 -0.148764 0.031897 0.313725 0.309804 0.317647
v 0.053981 -0.148778 0.032590 0.313725 0.309804 0.317647
v 0.055467 -0.148858 0.033276 0.313725 0.309804 0.317647
v 0.056986 -0.148998 0.033956 0.313725 0.309804 0.317647
v 0.058540 -0.149196 0.034629 0.313725 0.309804 0.317647
v 0.060129 -0.149445 0.035296 0.313725 0.309804 0.317647
v 0.061753 -0.149743 0.035956 0.313725 0.309804 0.317647
v 0.063585 -0.150492 0.036708 0.313725 0.309804 0.317647
v 0.065284 -0.150873 0.037356 0.313725 0.309804 0.317647
v 0.067017 -0.151288 0.037998 0.313725 0.309804 0.317647
v 0.068783 -0.151731 0.038632 0.313725 0.309804 0.317647
v 0.070776 -0.152616 0.039367 0.313725 0.309804 0.317647
v 0.072612 -0.153104 0.039990 0.313725 0.309804 0.317647
v 0.074478 -0.153607 0.040606 0.313725 0.309804 0.317647
v 0.076373 -0.154117 0.041214 0.313725 0.309804 0.317647
v 0.078294 -0.154631 0.041816 0.313725 0.309804 0.317647
v 0.080241 -0.155144 0.042411 0.313725 0.309804 0.317647
v 0.082210 -0.155650 0.042998 0.313725 0.309804 0.317647
v 0.084200 -0.156144 0.043579 0.313725 0.309804 0.317647
v 0.086208 -0.156622 0.044152 0.313725 0.309804 0.317647
v 0.088232 -0.157078 0.044718 0.313725 0.309804 0.317647
v 0.090522 -0.157952 0.045404 0.313725 0.309804 0.317647
v 0.092574 -0.158355 0.045958 0.313725 0.309804 0.317647
v 0.094634 -0.158722 0.046504 0.313725 0.309804 0.317647
v 0.096697 -0.159050 0.047044 0.313725 0.309804 0.317647
v 0.098761 -0.159335 0.047576 0.313725 0.309804 0.317647
v 0.100821 -0.159572 0.048100 0.313725 0.309804 0.317647
v 0.102876 -0.159759 0.048617 0.313725 0.309804 0.317647
v 0.105221 -0.160347 0.049268 0.313725 0.309804 0.317647
v 0.107260 -0.160422 0.049772 0.313725 0.309804 0.317647
v 0.109281 -0.160436 0.050269 0.313725 0.309804 0.317647
v 0.111282 -0.160385 0.050759 0.313725 0.309804 0.317647
v 0.113259 -0.160267 0.051241 0.313725 0.309804 0.317647
v 0.115875 -0.161006 0.052016 0.313725 0.309804 0.317647
v 0.117806 -0.160748 0.052487 0.313725 0.309804 0.317647
v 0.119701 -0.160416 0.052950 0.313725 0.309804 0.317647
v 0.121558 -0.160009 0.053406 0.313725 0.309804 0.317647
v 0.123732 -0.159988 0.054011 0.313725 0.309804 0.317647
v 0.125507 -0.159424 0.054454 0.313725 0.309804 0.317647
v 0.127604 -0.159244 0.055050 0.313725 0.309804 0.317647
v 0.129283 -0.158520 0.055479 0.313725 0.309804 0.317647
v 0.131289 -0.158176 0.056065 0.313725 0.309804 0.317647
v 0.132859 -0.157288 0.056481 0.313725 0.309804 0.317647
v 0.134761 -0.156778 0.057056 0.313725 0.309804 0.317647
v 0.136208 -0.155726 0.057459 0.313725 0.309804 0.317647
v 0.137993 -0.155049 0.058024 0.313725 0.309804 0.317647
v 0.139308 -0.153835 0.058413 0.313725 0.309804 0.317647
v 0.140964 -0.152993 0.058968 0.313725 0.309804 0.317647
v 0.142555 -0.152067 0.059519 0.313725 0.309804 0.317647
v 0.143653 -0.150615 0.059888 0.313725 0.309804 0.317647
v 0.145099 -0.149529 0.060428 0.313725 0.309804 0.317647
v 0.146473 -0.148364 0.060964 0.313725 0.309804 0.317647
v 0.147335 -0.146686 0.061314 0.313725 0.309804 0.317647
v 0.148554 -0.145371 0.061839 0.313725 0.309804 0.317647
v 0.149693 -0.143981 0.062359 0.313725 0.309804 0.317647
v 0.150753 -0.142519 0.062875 0.313725 0.309804 0.317647
v 0.151732 -0.140987 0.063386 0.313725 0.309804 0.317647
v 0.152629 -0.139388 0.063892 0.313725 0.309804 0.317647
v 0.153443 -0.137725 0.064394 0.313725 0.309804 0.317647
v 0.154174 -0.135999 0.064891 0.313725 0.309804 0.317647
v 0.154821 -0.134214 0.065383 0.313725 0.309804 0.317647
v 0.155384 -0.132374 0.065870 0.313725 0.309804 0.317647
v 0.155864 -0.130481 0.066352 0.313725 0.309804 0.317647
v 0.156261 -0.128539 0.066830 0.313725 0.309804 0.317647
v 0.156575 -0.126550 0.067302 0.313725 0.309804 0.317647
v 0.156808 -0.124519 0.067770 0.313725 0.309804 0.317647
v 0.156961 -0.122450 0.068232 0.313725 0.309804 0.317647
v 0.157035 -0.120345 0.068689 0.313725 0.309804 0.317647
v 0.157497 -0.118558 0.069346 0.313725 0.309804 0.317647
v 0.157419 -0.116387 0.069795 0.313725 0.309804 0.317647
v 0.157267 -0.114191 0.070238 0.313725 0.309804 0.317647
v 0.157044 -0.111975 0.070676 0.313725 0.309804 0.317647
v 0.156753 -0.109743 0.071109 0.313725 0.309804 0.317647
v 0.156397 -0.107496 0.071536 0.313725 0.309804 0.317647
v 0.156438 -0.105551 0.072171 0.313725 0.309804 0.317647
v 0.155959 -0.103283 0.072589 0.313725 0.309804 0.317647
v 0.155423 -0.101012 0.073002 0.313725 0.309804 0.317647
v 0.154835 -0.098743 0.073409 0.313725 0.309804 0.317647
v 0.154198 -0.096477 0.073811 0.313725 0.309804 0.317647
v 0.153968 -0.094497 0.074425 0.313725 0.309804 0.317647
v 0.153243 -0.092244 0.074817 0.313725 0.309804 0.317647
v 0.152482 -0.090005 0.075204 0.313725 0.309804 0.317647
v 0.152134 -0.088040 0.075806 0.313725 0.309804 0.317647
v 0.151310 -0.085832 0.076183 0.313725 0.309804 0.317647
v 0.150462 -0.083645 0.076553 0.313725 0.309804 0.317647
v 0.150034 -0.081723 0.077143 0.313725 0.309804 0.317647
v 0.149150 -0.079583 0.077504 0.313725 0.309804 0.317647
v 0.148257 -0.077472 0.077858 0.313725 0.309804 0.317647
v 0.147790 -0.075614 0.078435 0.313725 0.309804 0.317647
v 0.146889 -0.073563 0.078779 0.313725 0.309804 0.317647
v 0.145994 -0.071548 0.079117 0.313725 0.309804 0.317647
v 0.145529 -0.069772 0.079681 0.313725 0.309804 0.317647
v 0.144655 -0.067825 0.080008 0.313725 0.309804 0.317647
v 0.143799 -0.065919 0.080329 0.313725 0.309804 0.317647
v 0.142967 -0.064052 0.080645 0.313725 0.309804 0.317647
v 0.142575 -0.062407 0.081189 0.313725 0.309804 0.317647
v 0.141801 -0.060618 0.081493 0.313725 0.309804 0.317647
v 0.141064 -0.058870 0.081792 0.313725 0.309804 0.317647
v 0.140774 -0.057330 0.082321 0.313725 0.309804 0.317647
v 0.140122 -0.055661 0.082608 0.313725 0.309804 0.317647
v 0.139519 -0.054034 0.082889 0.313725 0.309804 0.317647
v 0.139370 -0.052600 0.083403 0.313725 0.309804 0.317647
v 0.138875 -0.051050 0.083672 0.313725 0.309804 0.317647
v 0.138441 -0.049541 0.083935 0.313725 0.309804 0.317647
v 0.138468 -0.048208 0.084434 0.313725 0.309804 0.317647
v 0.138163 -0.046771 0.084685 0.313725 0.309804 0.317647
v 0.137927 -0.045370 0.084930 0.313725 0.309804 0.317647
v 0.137763 -0.044004 0.085169 0.313725 0.309804 0.317647
v 0.138069 -0.042794 0.085646 0.313725 0.309804 0.317647
v 0.138056 -0.041489 0.085873 0.313725 0.309804 0.317647
v 0.138122 -0.040214 0.086093 0.313725 0.309804 0.317647
v 0.138662 -0.039078 0.086553 0.313725 0.309804 0.317647
v 0.138889 -0.037853 0.086761 0.313725 0.309804 0.317647
v 0.139198 -0.036652 0.086963 0.313725 0.309804 0.317647
v 0.139590 -0.035471 0.087158 0.313725 0.309804 0.317647
v 0.140065 -0.034309 0.087346 0.313725 0.309804 0.317647
v 0.141025 -0.033259 0.087778 0.313725 0.309804 0.317647
v 0.141669 -0.032124 0.087954 0.313725 0.309804 0.317647
v 0.142395 -0.031001 0.088124 0.313725 0.309804 0.317647
v 0.143203 -0.029886 0.088287 0.313725 0.309804 0.317647
v 0.144092 -0.028778 0.088443 0.313725 0.309804 0.317647
v 0.145061 -0.027673 0.088593 0.313725 0.309804 0.317647
v 0.146107 -0.026570 0.088736 0.313725 0.309804 0.317647
v 0.147230 -0.025465 0.088873 0.313725 0.309804 0.317647
v 0.148426 -0.024356 0.089003 0.313725 0.309804 0.317647
v 0.149693 -0.023240 0.089126 0.313725 0.309804 0.317647
v 0.151028 -0.022116 0.089243 0.313725 0.309804 0.317647
v 0.152862 -0.021041 0.089607 0.313725 0.309804 0.317647
v 0.154329 -0.019888 0.089711 0.313725 0.309804 0.317647
v 0.155855 -0.018721 0.089808 0.313725 0.309804 0.317647
v 0.157436 -0.017535 0.089899 0.313725 0.309804 0.317647
v 0.159067 -0.016330 0.089982 0.313725 0.309804 0.317647
v 0.160746 -0.015103 0.090060 0.313725 0.309804 0.317647
v 0.162467 -0.013853 0.090130 0.313725 0.309804 0.317647
v 0.164226 -0.012578 0.090194 0.313725 0.309804 0.317647
v 0.166019 -0.011277 0.090251 0.313725 0.309804 0.317647
v 0.167839 -0.009948 0.090301 0.313725 0.309804 0.317647
v 0.169684 -0.008591 0.090345 0.313725 0.309804 0.317647
v 0.171547 -0.007203 0.090382 0.313725 0.309804 0.317647
v 0.173423 -0.005785 0.090412 0.313725 0.309804 0.317647
v 0.175308 -0.004335 0.090435 0.313725 0.309804 0.317647
v 0.177195 -0.002854 0.090452 0.313725 0.309804 0.317647
v 0.179079 -0.001340 0.090462 0.313725 0.309804 0.317647
f 579 577 212
f 389 365 577
f 586 698 516
f 458 462 365
f 472 470 516
f 472 470 516
f 490 494 516
f 490 494 516
f 490 472 465
f 496 494 516
f 496 494 516
f 496 490 494
f 496 490 465
f 496 490 472
f 496 494 424
f 496 494 424
f 562 636 458
f 390 577 575
f 390 389 577
f 390 365 575
f 390 389 365
f 390 577 212
f 390 389 577
f 452 449 462
f 578 579 516
f 428 490 431
f 428 496 431
f 32 31 29
f 585 586 516
f 585 586 698
f 585 586 516
f 585 697 586
f 587 698 516
f 587 586 516
f 587 586 698
f 587 697 586
f 639 636 458
f 639 640 577
f 639 636 577
f 639 640 577
f 639 636 577
f 639 458 457
f 639 458 640
f 639 645 640
f 639 457 456
f 639 640 456
f 639 640 457
f 571 639 458
f 486 421 485
f 580 394 699
f 580 516 581
f 580 579 516
f 580 577 212
f 580 579 577
f 468 470 516
f 468 465 516
f 468 470 516
f 468 465 516
f 468 447 470
f 474 476 516
f 474 472 516
f 474 476 516
f 474 472 516
f 561 486 562
f 561 486 562
f 561 562 462
f 563 585 586
f 563 587 586
f 215 365 577
f 215 365 575
f 215 462 575
f 300 215 298
f 455 640 456
f 455 457 456
f 455 452 460
f 392 365 575
f 392 577 575
f 392 579 577
f 392 580 579
f 359 431 358
f 363 215 362
f 363 362 462
f 363 362 458
f 363 362 452
f 363 362 458
f 363 362 452
f 357 431 358
f 429 428 365
f 157 158 230
f 26 25 212
f 641 455 640
f 641 640 457
f 641 458 640
f 641 571 458
f 641 640 577
f 641 640 577
f 52 91 51
f 52 51 93
f 584 585 516
f 584 585 697
f 584 585 516
f 584 533 580
f 584 578 548
f 584 563 578
f 584 563 585
f 422 486 424
f 422 486 485
f 422 486 421
f 420 496 494
f 420 422 490
f 420 422 421
f 427 428 365
f 427 421 418
f 427 429 418
f 427 429 428
f 427 429 421
f 637 639 458
f 637 639 636
f 637 458 457
f 524 578 527
f 524 563 561
f 495 561 562
f 495 561 493
f 574 486 485
f 574 486 575
f 574 495 493
f 574 462 575
f 574 571 462
f 574 458 460
f 574 571 458
f 574 641 640
f 574 641 571
f 574 639 640
f 574 571 639
f 574 639 636
f 574 571 639
f 482 561 562
f 482 574 485
f 503 561 562
f 503 561 562
f 503 574 504
f 503 504 576
f 503 504 576
f 503 578 504
f 503 578 504
f 488 490 418
f 488 420 421
f 488 422 421
f 488 422 490
f 488 422 424
f 488 490 424
f 488 490 424
f 488 524 527
f 488 490 516
f 488 490 516
f 488 474 465
f 488 474 490
f 488 490 472
f 488 474 472
f 488 474 490
f 514 496 516
f 514 496 516
f 514 561 522
f 514 563 522
f 514 574 576
f 514 578 579
f 514 578 516
f 514 578 576
f 514 580 579
f 514 580 516
f 514 585 698
f 514 584 585
f 505 501 428
f 505 501 424
f 543 584 580
f 556 482 485
f 556 482 553
f 556 486 485
f 556 553 486
f 556 486 559
f 556 553 486
f 556 495 493
f 556 495 553
f 556 495 499
f 556 495 553
f 556 503 499
f 556 503 553
f 556 503 504
f 556 503 553
f 556 514 524
f 529 624 533
f 529 524 504
f 534 624 533
f 534 468 533
f 534 533 472
f 534 474 533
f 534 533 587
f 534 533 585
f 534 584 533
f 534 584 533
f 534 533 580
f 441 471 472
f 441 418 462
f 441 449 462
f 441 418 462
f 441 418 449
f 214 577 212
f 214 215 577
f 214 215 577
f 374 300 298
f 303 300 215
f 386 215 298
f 404 471 365
f 404 390 389
f 404 390 365
f 404 392 365
f 404 486 485
f 404 482 485
f 404 486 575
f 453 474 465
f 453 474 472
f 453 472 465
f 335 215 32
f 335 31 29
f 335 32 31
f 325 237 324
f 463 452 449
f 463 451 452
f 463 453 451
f 463 453 451
f 463 449 462
f 463 534 533
f 463 465 449
f 463 451 465
f 450 451 465
f 450 468 465
f 450 468 447
f 450 468 447
f 450 453 465
f 450 453 451
f 450 453 472
f 450 472 470
f 450 447 470
f 450 453 474
f 450 453 488
f 450 453 496
f 450 474 472
f 450 453 474
f 450 496 490
f 450 488 490
f 450 474 476
f 393 394 365
f 393 392 365
f 393 394 577
f 393 392 577
f 393 404 394
f 393 404 392
f 393 394 579
f 393 392 579
f 393 580 394
f 393 392 580
f 393 580 394
f 393 392 580
f 393 700 394
f 393 279 700
f 701 699 698
f 701 700 699
f 701 700 697
f 361 362 431
f 361 359 431
f 361 362 452
f 361 362 452
f 361 362 458
f 361 362 458
f 361 362 462
f 361 215 462
f 361 215 362
f 434 363 436
f 434 361 436
f 434 436 418
f 434 471 436
f 448 363 362
f 448 363 362
f 448 361 362
f 448 361 362
f 448 441 449
f 448 465 449
f 448 450 465
f 448 450 447
f 430 428 431
f 430 429 428
f 430 362 431
f 430 363 362
f 430 363 362
f 430 428 490
f 430 488 490
f 430 488 428
f 430 429 418
f 243 323 242
f 243 324 323
f 243 324 323
f 245 303 300
f 245 300 298
f 232 177 178
f 232 157 230
f 232 157 230
f 232 155 331
f 232 230 155
f 232 230 155
f 227 177 178
f 227 158 230
f 227 157 158
f 227 157 230
f 227 230 155
f 227 230 155
f 239 177 237
f 239 157 237
f 38 32 91
f 38 91 31
f 38 32 31
f 38 26 25
f 16 17 91
f 16 38 91
f 16 38 15
f 16 38 17
f 16 38 44
f 16 38 15
f 14 38 44
f 14 38 15
f 14 38 15
f 18 17 91
f 18 19 91
f 18 38 17
f 18 38 19
f 18 38 44
f 18 38 19
f 20 91 21
f 20 19 91
f 20 38 21
f 20 38 19
f 20 21 665
f 27 26 212
f 24 38 25
f 24 38 23
f 24 25 212
f 24 23 212
f 24 25 665
f 24 23 665
f 594 529 595
f 594 534 590
f 594 574 595
f 594 590 563
f 11 20 21
f 11 20 665
f 11 20 19
f 11 18 19
f 11 18 17
f 11 16 17
f 11 52 10
f 56 52 91
f 589 534 590
f 589 590 580
f 589 584 580
f 589 590 580
f 589 584 578
f 589 590 578
f 589 590 563
f 589 594 590
f 696 589 697
f 696 589 590
f 696 594 595
f 696 587 697
f 696 585 697
f 87 700 697
f 87 701 700
f 87 697 699
f 87 580 699
f 291 301 324
f 161 239 237
f 161 227 230
f 161 232 230
f 678 685 645
f 678 675 645
f 678 691 685
f 678 691 675
f 678 624 675
f 678 685 698
f 678 675 698
f 678 675 714
f 678 715 675
f 678 715 675
f 678 717 675
f 678 717 675
f 688 685 645
f 688 691 645
f 688 678 691
f 688 624 685
f 688 624 691
f 688 691 707
f 688 685 714
f 688 685 698
f 688 691 698
f 688 691 685
f 695 691 698
f 695 696 594
f 695 696 594
f 695 696 589
f 614 619 639
f 614 574 619
f 614 574 619
f 614 607 577
f 614 619 577
f 593 597 639
f 593 619 639
f 593 614 619
f 593 580 577
f 593 580 592
f 593 580 579
f 593 580 579
f 593 597 577
f 593 578 579
f 593 578 579
f 593 578 576
f 593 576 577
f 593 594 595
f 593 594 578
f 593 594 578
f 593 695 594
f 603 597 577
f 519 520 468
f 519 520 468
f 519 520 472
f 519 520 474
f 519 520 474
f 519 488 520
f 519 520 590
f 519 589 590
f 519 589 520
f 519 520 587
f 519 495 520
f 519 520 585
f 519 520 584
f 519 520 580
f 519 520 504
f 519 520 580
f 519 574 520
f 519 520 578
f 519 520 578
f 521 522 465
f 521 468 522
f 521 520 468
f 521 468 522
f 521 520 468
f 521 522 472
f 521 520 472
f 521 474 522
f 521 520 474
f 521 474 522
f 521 520 474
f 521 695 696
f 521 695 696
f 521 594 520
f 521 696 594
f 521 696 594
f 521 488 522
f 521 488 520
f 521 589 590
f 521 589 520
f 521 495 493
f 521 495 522
f 521 495 520
f 521 520 493
f 521 495 493
f 521 495 520
f 521 522 587
f 521 520 587
f 521 522 504
f 521 520 504
f 521 522 585
f 521 520 585
f 521 584 522
f 521 520 584
f 521 514 563
f 521 584 522
f 521 580 522
f 521 520 580
f 521 580 522
f 521 520 580
f 521 522 578
f 521 520 578
f 521 574 522
f 521 574 520
f 521 522 578
f 521 520 578
f 523 468 522
f 523 468 522
f 523 522 472
f 523 474 522
f 523 474 522
f 523 488 524
f 523 524 490
f 523 488 490
f 523 488 522
f 523 495 493
f 523 495 524
f 523 495 522
f 523 495 524
f 523 594 595
f 523 522 504
f 523 524 504
f 523 589 590
f 523 514 561
f 523 522 587
f 523 561 522
f 523 524 561
f 523 522 585
f 523 524 585
f 523 563 522
f 523 524 563
f 523 584 522
f 523 524 584
f 523 584 522
f 523 524 584
f 523 580 522
f 523 524 580
f 523 580 522
f 523 524 580
f 523 522 578
f 523 524 578
f 523 522 578
f 523 524 578
f 565 495 493
f 565 495 493
f 565 486 566
f 565 486 562
f 565 503 566
f 565 503 562
f 565 486 485
f 565 486 562
f 565 503 504
f 565 503 562
f 565 482 485
f 565 482 562
f 565 636 458
f 565 521 514
f 565 458 460
f 565 566 462
f 565 562 462
f 573 486 571
f 573 574 486
f 573 482 571
f 573 482 574
f 573 482 574
f 573 486 571
f 573 574 486
f 573 495 571
f 573 574 495
f 573 503 571
f 573 503 574
f 573 519 574
f 573 521 574
f 573 521 574
f 573 574 522
f 573 523 522
f 573 523 524
f 573 529 524
f 573 594 578
f 573 594 574
f 573 594 574
f 573 614 574
f 480 565 566
f 480 565 482
f 480 574 571
f 480 482 574
f 480 565 562
f 480 565 482
f 480 574 478
f 480 482 574
f 480 561 562
f 480 482 561
f 480 404 478
f 480 404 482
f 480 556 478
f 480 556 482
f 480 556 553
f 480 556 482
f 480 429 421
f 569 482 485
f 569 486 485
f 569 480 482
f 569 486 566
f 569 480 566
f 569 566 462
f 569 458 460
f 569 639 458
f 569 639 636
f 484 482 411
f 484 421 485
f 484 422 421
f 484 427 422
f 484 427 486
f 484 429 486
f 484 430 429
f 484 430 486
f 560 503 504
f 560 503 561
f 560 503 499
f 560 503 561
f 560 495 499
f 560 495 561
f 560 514 524
f 560 495 493
f 560 495 561
f 560 524 563
f 560 523 524
f 560 523 514
f 560 523 514
f 560 486 559
f 560 561 486
f 560 486 485
f 560 561 486
f 560 594 563
f 560 482 485
f 560 482 561
f 560 480 482
f 560 480 482
f 560 480 478
f 560 480 561
f 560 462 559
f 560 561 462
f 487 486 421
f 487 488 421
f 487 422 486
f 487 488 422
f 487 404 486
f 487 488 527
f 487 422 486
f 487 488 422
f 487 488 524
f 487 486 424
f 487 488 424
f 487 523 524
f 487 523 488
f 487 523 488
f 487 427 486
f 487 488 427
f 487 430 488
f 487 521 488
f 487 429 486
f 487 430 429
f 487 430 429
f 487 430 486
f 487 430 488
f 508 514 504
f 508 505 501
f 508 523 522
f 508 523 514
f 508 523 524
f 508 523 514
f 508 521 522
f 508 521 514
f 508 521 520
f 508 521 514
f 508 509 578
f 508 519 520
f 508 519 514
f 508 509 580
f 508 509 580
f 508 565 504
f 508 556 553
f 508 556 514
f 508 565 514
f 508 556 504
f 508 560 514
f 508 561 562
f 508 560 504
f 508 560 514
f 508 514 561
f 508 560 561
f 510 468 470
f 510 468 465
f 510 468 465
f 510 472 470
f 510 474 472
f 510 474 476
f 510 488 476
f 510 453 505
f 510 488 490
f 510 488 490
f 510 474 490
f 510 450 453
f 510 450 505
f 510 509 584
f 512 496 490
f 512 508 576
f 512 508 576
f 512 508 574
f 512 508 578
f 512 508 509
f 626 534 533
f 626 534 624
f 626 529 533
f 626 529 624
f 626 688 691
f 626 688 624
f 626 688 628
f 626 688 624
f 626 678 675
f 626 678 624
f 542 463 543
f 542 463 543
f 542 543 465
f 542 543 578
f 621 624 675
f 528 463 527
f 528 463 465
f 528 463 529
f 528 468 465
f 528 529 468
f 528 626 628
f 528 626 529
f 528 468 527
f 528 529 468
f 528 626 624
f 528 626 529
f 528 472 527
f 528 529 472
f 528 624 527
f 528 529 624
f 528 474 472
f 528 529 474
f 528 474 527
f 528 529 474
f 528 594 595
f 528 594 529
f 528 484 485
f 528 484 529
f 528 486 485
f 528 529 486
f 528 589 590
f 528 589 529
f 528 487 486
f 528 487 529
f 528 487 527
f 528 487 529
f 528 587 527
f 528 529 587
f 528 585 527
f 528 529 585
f 528 529 495
f 528 584 585
f 528 529 584
f 528 524 493
f 528 495 524
f 528 584 527
f 528 529 584
f 528 524 578
f 528 495 524
f 528 529 524
f 528 529 495
f 528 580 527
f 528 529 580
f 528 578 527
f 528 529 578
f 528 524 578
f 528 529 578
f 528 529 524
f 528 580 527
f 528 529 580
f 531 480 534
f 531 484 534
f 531 484 534
f 531 487 486
f 531 508 514
f 531 542 514
f 531 542 508
f 531 560 563
f 531 560 524
f 531 560 524
f 535 626 628
f 535 626 534
f 535 463 534
f 535 626 624
f 535 626 534
f 535 621 624
f 535 534 468
f 535 621 538
f 535 534 624
f 535 621 624
f 535 471 472
f 535 534 472
f 535 480 534
f 535 594 590
f 535 594 534
f 535 589 590
f 535 589 534
f 535 484 534
f 535 484 534
f 535 531 486
f 535 531 534
f 535 587 586
f 535 534 587
f 535 531 486
f 535 534 585
f 535 534 584
f 535 534 584
f 535 531 534
f 535 534 580
f 535 534 578
f 475 531 474
f 475 535 534
f 475 535 534
f 475 556 553
f 475 404 411
f 475 556 478
f 475 404 478
f 475 560 478
f 475 574 478
f 475 434 436
f 475 434 474
f 475 560 561
f 475 574 571
f 475 561 562
f 475 565 562
f 475 569 566
f 475 565 566
f 444 448 447
f 444 448 449
f 444 448 441
f 444 448 441
f 444 361 362
f 444 361 441
f 444 449 462
f 444 441 462
f 444 441 449
f 444 448 363
f 444 363 362
f 444 441 363
f 437 357 436
f 437 475 436
f 321 239 323
f 321 243 242
f 367 427 365
f 367 303 365
f 367 424 425
f 367 368 424
f 367 424 423
f 367 368 424
f 426 422 421
f 426 427 422
f 426 367 368
f 426 484 427
f 426 367 425
f 426 367 427
f 426 422 485
f 426 484 422
f 426 427 428
f 426 486 485
f 426 484 486
f 426 484 427
f 426 487 486
f 426 487 427
f 426 488 490
f 426 488 428
f 426 488 427
f 426 487 488
f 426 487 488
f 426 496 494
f 426 428 496
f 426 505 501
f 426 505 501
f 376 379 298
f 371 420 422
f 371 420 422
f 413 411 379
f 413 462 365
f 413 452 365
f 413 462 365
f 413 411 365
f 413 452 449
f 413 452 449
f 413 441 449
f 413 441 418
f 413 475 411
f 413 480 411
f 413 480 482
f 413 411 490
f 413 484 482
f 413 484 411
f 413 487 411
f 413 487 488
f 413 411 486
f 413 487 411
f 305 303 215
f 305 245 303
f 302 301 300
f 302 303 300
f 302 256 303
f 302 367 368
f 302 367 303
f 302 367 368
f 302 367 301
f 302 367 303
f 397 398 577
f 397 396 577
f 397 396 365
f 397 404 365
f 397 404 396
f 397 398 579
f 397 396 579
f 397 580 398
f 397 396 580
f 397 580 398
f 397 396 580
f 397 699 398
f 397 396 699
f 397 396 700
f 397 392 398
f 397 393 392
f 397 393 396
f 397 393 394
f 397 393 396
f 395 397 394
f 395 397 396
f 395 397 396
f 395 404 394
f 395 404 396
f 395 394 365
f 395 396 365
f 395 394 577
f 395 396 577
f 395 394 579
f 395 396 579
f 395 580 394
f 395 396 580
f 395 580 394
f 395 396 580
f 395 394 699
f 395 396 699
f 395 700 394
f 395 396 700
f 395 701 700
f 395 701 91
f 395 393 396
f 402 495 577
f 526 626 628
f 526 463 527
f 526 463 465
f 526 463 465
f 526 468 465
f 526 626 624
f 526 468 527
f 526 624 527
f 526 472 527
f 526 474 472
f 526 474 527
f 526 594 595
f 526 484 524
f 526 487 486
f 526 487 524
f 526 487 524
f 526 486 485
f 526 484 485
f 526 484 486
f 526 589 590
f 526 587 527
f 526 585 527
f 526 584 585
f 526 584 527
f 526 524 584
f 526 580 527
f 526 524 580
f 526 580 527
f 526 524 527
f 526 524 580
f 459 455 452
f 459 463 452
f 459 463 453
f 459 463 465
f 459 463 453
f 459 455 457
f 459 455 460
f 459 458 457
f 459 458 460
f 459 510 505
f 459 510 505
f 459 488 490
f 459 453 488
f 459 488 465
f 459 453 465
f 459 453 488
f 459 526 527
f 459 526 527
f 459 528 527
f 459 528 527
f 459 510 465
f 459 496 490
f 459 453 496
f 459 528 529
f 459 528 529
f 459 457 516
f 459 465 516
f 459 529 533
f 459 457 516
f 459 465 516
f 459 521 522
f 459 521 522
f 459 534 533
f 459 521 520
f 459 535 534
f 459 519 520
f 459 519 520
f 459 521 465
f 459 521 520
f 459 636 458
f 354 452 449
f 354 448 449
f 354 448 447
f 354 452 355
f 354 455 452
f 354 348 458
f 354 444 447
f 354 444 447
f 354 348 458
f 354 328 323
f 354 348 328
f 354 437 436
f 346 325 324
f 340 448 450
f 332 335 215
f 332 354 328
f 332 227 155
f 336 455 456
f 336 455 29
f 336 335 29
f 336 335 31
f 336 335 32
f 461 463 452
f 461 463 452
f 461 452 462
f 461 452 460
f 461 458 462
f 461 458 460
f 461 463 538
f 461 535 534
f 461 535 463
f 461 534 533
f 461 463 534
f 461 215 462
f 461 335 458
f 461 335 215
f 461 335 215
f 461 458 460
f 461 215 458
f 461 542 543
f 461 542 543
f 461 574 462
f 461 574 460
f 461 528 529
f 461 528 463
f 461 528 463
f 461 574 571
f 461 574 571
f 461 569 566
f 461 569 460
f 461 565 566
f 461 565 460
f 461 565 562
f 461 560 462
f 461 560 460
f 461 561 562
f 461 561 562
f 461 560 561
f 461 560 561
f 532 463 533
f 532 461 463
f 532 461 533
f 532 468 533
f 532 531 468
f 532 533 585
f 532 584 533
f 532 459 533
f 532 459 529
f 532 533 472
f 532 531 472
f 532 533 587
f 532 584 533
f 532 531 584
f 532 474 533
f 532 531 474
f 532 533 580
f 532 531 580
f 532 475 531
f 532 533 580
f 532 531 580
f 532 534 474
f 532 475 534
f 532 475 531
f 532 534 533
f 532 475 534
f 532 534 578
f 532 531 578
f 532 531 534
f 532 531 480
f 310 361 362
f 310 361 359
f 310 359 358
f 356 452 449
f 356 357 431
f 356 448 449
f 356 448 447
f 356 444 447
f 356 437 436
f 356 437 357
f 356 444 441
f 356 444 441
f 432 363 362
f 432 361 362
f 432 361 359
f 432 434 418
f 432 359 431
f 432 430 431
f 432 430 418
f 432 357 431
f 432 475 434
f 432 480 430
f 432 430 429
f 432 430 429
f 360 432 361
f 360 359 436
f 360 313 357
f 360 310 361
f 360 444 441
f 360 444 361
f 360 444 361
f 360 356 317
f 360 448 361
f 360 356 444
f 360 356 444
f 360 448 361
f 360 356 448
f 360 361 452
f 360 356 452
f 360 356 448
f 360 361 452
f 360 361 458
f 360 452 355
f 360 356 452
f 360 354 355
f 360 354 458
f 360 361 458
f 360 361 215
f 360 354 215
f 360 354 458
f 311 363 362
f 311 313 363
f 311 361 362
f 311 313 361
f 311 310 361
f 311 360 313
f 311 360 310
f 311 245 242
f 311 360 310
f 217 363 215
f 217 313 363
f 217 361 215
f 217 313 361
f 217 360 361
f 217 311 309
f 217 360 354
f 217 360 354
f 217 305 303
f 217 354 321
f 217 303 300
f 217 354 323
f 217 354 215
f 217 325 328
f 217 300 215
f 217 328 323
f 217 332 328
f 217 332 215
f 217 332 335
f 217 335 215
f 364 430 431
f 364 430 363
f 364 432 431
f 364 432 363
f 364 430 363
f 364 432 434
f 364 429 365
f 364 430 429
f 364 430 429
f 364 434 436
f 364 434 363
f 364 311 309
f 364 311 363
f 364 217 311
f 364 444 441
f 364 444 441
f 364 217 215
f 364 217 363
f 364 311 313
f 364 217 313
f 364 217 311
f 364 444 448
f 364 444 448
f 364 215 365
f 364 363 215
f 364 448 449
f 364 448 363
f 364 462 365
f 364 363 462
f 364 452 449
f 364 363 452
f 364 458 462
f 364 363 458
f 364 452 365
f 364 363 452
f 364 458 365
f 364 363 458
f 247 245 215
f 247 245 279
f 247 245 300
f 247 245 303
f 247 305 245
f 247 311 245
f 247 311 313
f 247 311 245
f 244 243 317
f 244 311 313
f 244 311 245
f 244 311 245
f 244 183 243
f 244 321 243
f 244 321 245
f 244 243 177
f 244 243 324
f 235 177 237
f 235 232 177
f 235 161 237
f 235 161 232
f 235 157 237
f 235 232 157
f 235 157 237
f 235 232 157
f 235 329 237
f 231 329 328
f 231 232 329
f 231 232 329
f 228 227 230
f 238 321 237
f 238 321 239
f 238 237 324
f 238 239 324
f 238 325 237
f 238 239 325
f 240 311 313
f 240 311 242
f 240 238 311
f 240 238 311
f 240 245 215
f 240 238 215
f 240 238 245
f 240 305 303
f 240 238 305
f 240 238 321
f 240 300 298
f 240 238 300
f 240 321 239
f 240 303 300
f 240 238 303
f 240 239 323
f 240 239 324
f 240 239 325
f 110 154 155
f 34 38 26
f 34 27 26
f 42 20 19
f 46 47 91
f 46 47 91
f 46 47 51
f 46 47 93
f 46 14 47
f 46 16 47
f 46 16 47
f 48 51 93
f 48 47 93
f 48 47 51
f 48 14 47
f 48 16 47
f 48 91 51
f 48 47 91
f 48 47 91
f 48 16 47
f 704 705 714
f 704 705 691
f 704 695 691
f 706 707 714
f 706 705 714
f 706 691 707
f 706 705 691
f 708 707 714
f 708 688 714
f 708 688 707
f 708 688 691
f 9 44 91
f 9 8 44
f 9 46 51
f 9 11 51
f 9 11 10
f 9 52 10
f 9 8 52
f 5 8 91
f 5 8 52
f 13 44 91
f 13 14 44
f 13 46 47
f 13 46 14
f 13 48 47
f 13 48 14
f 68 63 11
f 713 715 685
f 644 643 641
f 644 26 645
f 644 691 645
f 644 645 640
f 644 641 640
f 644 643 641
f 644 27 26
f 644 639 645
f 644 643 639
f 644 335 645
f 644 643 335
f 644 645 577
f 644 643 577
f 644 643 335
f 644 645 577
f 644 643 577
f 644 335 458
f 644 335 645
f 644 643 458
f 644 574 645
f 644 643 574
f 644 571 645
f 644 643 571
f 644 574 571
f 644 643 574
f 654 577 212
f 654 214 212
f 654 214 215
f 642 643 641
f 642 455 29
f 642 641 455
f 642 455 456
f 642 641 455
f 642 336 456
f 642 643 335
f 642 336 335
f 642 643 335
f 642 336 335
f 642 641 457
f 642 458 457
f 642 643 458
f 642 641 458
f 642 641 571
f 642 643 571
f 642 574 641
f 642 643 574
f 642 574 641
f 642 643 574
f 642 641 577
f 642 643 577
f 642 641 577
f 642 643 577
f 642 641 639
f 642 643 639
f 642 643 641
f 591 529 590
f 591 594 590
f 591 594 529
f 591 528 529
f 591 528 594
f 591 528 590
f 591 528 594
f 591 526 590
f 591 526 594
f 591 523 590
f 591 523 594
f 591 521 590
f 591 521 594
f 591 521 520
f 591 521 594
f 591 520 590
f 591 594 578
f 591 594 590
f 591 594 520
f 591 696 590
f 591 578 579
f 591 590 578
f 591 696 594
f 591 696 594
f 591 695 696
f 591 695 696
f 591 580 579
f 591 590 580
f 591 580 592
f 591 590 580
f 115 114 183
f 115 181 183
f 115 181 114
f 115 176 116
f 115 176 114
f 54 56 93
f 588 587 698
f 588 587 697
f 588 589 697
f 588 519 520
f 588 519 589
f 588 696 587
f 588 696 589
f 588 521 520
f 588 521 589
f 588 695 696
f 588 521 522
f 588 521 589
f 588 523 522
f 588 523 589
f 588 526 587
f 588 526 589
f 588 528 587
f 588 528 589
f 588 528 529
f 588 528 589
f 588 532 533
f 588 534 533
f 588 589 534
f 588 535 534
f 588 535 589
f 588 535 587
f 588 535 589
f 588 584 580
f 588 589 580
f 588 589 584
f 588 589 584
f 588 563 587
f 588 589 563
f 89 708 707
f 89 706 707
f 89 715 714
f 89 715 716
f 89 706 705
f 89 717 716
f 89 704 705
f 89 717 91
f 89 704 91
f 296 386 215
f 296 217 215
f 296 376 379
f 296 295 374
f 296 240 238
f 296 240 298
f 296 245 298
f 296 240 245
f 296 247 245
f 293 390 389
f 293 296 389
f 293 296 215
f 293 296 217
f 293 296 240
f 293 296 240
f 293 296 247
f 284 87 700
f 284 87 580
f 284 286 87
f 284 279 215
f 284 393 700
f 284 393 392
f 284 286 392
f 284 392 580
f 284 286 392
f 284 217 279
f 284 286 390
f 284 286 390
f 284 247 245
f 280 282 390
f 100 161 95
f 100 157 156
f 241 161 243
f 241 161 239
f 241 243 157
f 241 239 157
f 241 243 329
f 241 243 177
f 241 239 177
f 241 243 324
f 241 240 239
f 241 240 325
f 241 324 323
f 241 240 324
f 241 323 242
f 241 240 323
f 241 321 242
f 241 240 321
f 258 259 183
f 258 293 296
f 258 296 256
f 258 256 300
f 258 302 256
f 258 259 301
f 258 302 301
f 258 302 259
f 258 302 256
f 258 302 259
f 672 626 675
f 672 626 669
f 672 626 624
f 672 626 669
f 672 691 675
f 672 621 624
f 672 621 669
f 672 675 698
f 672 669 698
f 672 621 675
f 672 621 669
f 672 675 714
f 672 669 714
f 672 715 675
f 672 669 715
f 672 715 675
f 672 669 715
f 672 717 675
f 672 669 717
f 672 717 675
f 672 669 717
f 668 593 597
f 668 593 592
f 668 591 592
f 668 591 590
f 668 589 590
f 668 588 589
f 668 588 587
f 668 11 665
f 668 11 10
f 690 594 691
f 690 593 594
f 690 593 594
f 676 722 678
f 608 686 688
f 608 683 685
f 554 461 553
f 554 578 548
f 596 593 597
f 596 574 597
f 596 593 576
f 596 593 595
f 596 574 576
f 596 574 595
f 596 573 574
f 596 573 574
f 596 690 691
f 596 690 597
f 694 593 695
f 694 695 594
f 694 593 695
f 694 591 695
f 694 591 695
f 694 695 589
f 694 588 695
f 694 588 696
f 694 588 695
f 694 690 587
f 694 696 587
f 694 696 585
f 601 574 597
f 601 560 563
f 601 668 597
f 605 593 597
f 605 608 688
f 498 495 520
f 498 519 520
f 498 519 495
f 498 406 404
f 498 402 577
f 498 402 495
f 498 577 499
f 498 495 577
f 498 574 499
f 498 574 495
f 498 573 574
f 498 573 574
f 498 573 571
f 498 573 495
f 498 565 566
f 498 565 495
f 498 495 562
f 498 565 562
f 498 565 495
f 610 668 607
f 491 523 524
f 491 524 490
f 491 523 522
f 491 524 527
f 491 521 522
f 491 411 490
f 491 521 520
f 491 413 411
f 491 519 520
f 491 420 490
f 491 490 424
f 491 494 424
f 491 490 424
f 491 426 494
f 491 426 490
f 491 428 490
f 491 426 428
f 491 426 428
f 479 429 418
f 479 480 418
f 479 480 429
f 479 430 429
f 479 480 430
f 479 432 430
f 479 432 480
f 479 432 434
f 479 526 527
f 479 528 527
f 479 523 524
f 479 523 522
f 479 521 522
f 479 532 531
f 479 532 531
f 479 521 520
f 479 519 520
f 479 532 534
f 479 532 480
f 479 535 534
f 479 535 480
f 479 535 480
f 481 482 421
f 481 480 421
f 481 480 482
f 481 480 429
f 481 427 429
f 481 482 427
f 481 482 427
f 481 430 482
f 481 480 430
f 481 480 430
f 481 432 480
f 481 479 432
f 481 479 526
f 481 479 528
f 481 528 529
f 481 479 480
f 481 479 528
f 481 531 480
f 481 479 523
f 481 479 523
f 481 479 521
f 481 479 521
f 481 479 519
f 481 450 476
f 481 450 453
f 481 488 476
f 481 476 516
f 481 476 516
f 570 482 571
f 570 569 482
f 570 486 571
f 570 569 486
f 570 480 482
f 570 569 480
f 570 486 571
f 570 569 486
f 570 480 571
f 570 569 480
f 570 475 571
f 570 475 569
f 570 495 571
f 570 569 495
f 570 498 495
f 570 498 569
f 570 498 571
f 570 498 569
f 570 571 462
f 570 569 462
f 570 503 571
f 570 569 503
f 570 461 571
f 570 461 569
f 570 508 571
f 570 508 569
f 570 461 571
f 570 461 569
f 570 508 569
f 570 571 458
f 570 569 458
f 570 569 519
f 570 571 639
f 570 569 639
f 570 569 519
f 570 571 639
f 570 569 639
f 570 569 521
f 570 569 521
f 570 614 619
f 570 569 614
f 568 495 493
f 568 569 493
f 568 569 495
f 568 498 495
f 568 498 569
f 568 498 566
f 568 498 569
f 568 503 504
f 568 569 503
f 568 508 504
f 568 508 569
f 568 508 569
f 568 569 521
f 568 519 514
f 568 569 519
f 568 569 519
f 568 569 521
f 568 569 523
f 568 569 523
f 568 531 569
f 568 569 594
f 568 589 594
f 568 584 587
f 568 610 569
f 568 614 619
f 568 569 614
f 483 482 421
f 483 484 421
f 483 482 427
f 483 484 427
f 483 484 427
f 483 427 429
f 483 482 427
f 483 484 429
f 483 430 482
f 483 484 430
f 483 484 430
f 483 481 430
f 483 481 430
f 483 481 432
f 483 484 486
f 483 487 486
f 483 487 523
f 483 526 484
f 483 481 523
f 483 523 524
f 483 484 524
f 483 487 523
f 483 526 484
f 483 481 526
f 483 481 523
f 483 487 521
f 483 437 487
f 483 528 484
f 483 481 528
f 483 481 528
f 483 481 521
f 483 487 521
f 483 528 529
f 483 528 484
f 483 481 521
f 483 521 488
f 483 531 484
f 483 519 488
f 483 481 519
f 483 450 488
f 483 481 450
f 483 450 453
f 483 481 450
f 483 488 516
f 483 481 516
f 483 453 488
f 483 481 488
f 483 481 453
f 483 488 516
f 483 481 516
f 483 481 488
f 572 573 571
f 572 570 514
f 572 570 519
f 572 573 519
f 572 570 519
f 572 573 521
f 572 570 521
f 572 573 521
f 572 570 521
f 572 573 523
f 572 569 523
f 572 570 569
f 572 573 523
f 572 596 573
f 572 596 573
f 572 569 523
f 572 573 594
f 572 596 569
f 572 531 569
f 572 573 529
f 572 573 603
f 572 569 594
f 572 568 531
f 572 594 590
f 572 573 594
f 572 568 594
f 572 568 569
f 572 573 578
f 572 568 584
f 572 589 590
f 572 568 589
f 572 588 589
f 572 588 584
f 572 568 584
f 572 531 573
f 572 568 588
f 572 588 584
f 572 568 588
f 572 554 548
f 572 554 578
f 506 580 504
f 506 580 504
f 506 578 504
f 506 510 505
f 564 565 562
f 564 508 562
f 564 508 565
f 564 514 563
f 564 508 514
f 564 508 565
f 564 521 514
f 564 565 521
f 564 521 563
f 564 565 521
f 564 523 563
f 564 565 523
f 564 562 636
f 564 565 636
f 564 523 524
f 564 565 523
f 564 562 458
f 564 565 458
f 564 531 524
f 564 461 562
f 564 461 565
f 564 461 565
f 564 608 563
f 564 608 565
f 564 594 595
f 582 508 509
f 582 514 516
f 582 699 398
f 582 699 398
f 582 516 581
f 582 584 516
f 582 584 516
f 582 514 516
f 582 514 584
f 582 697 699
f 582 697 699
f 582 87 697
f 582 694 87
f 582 519 520
f 582 519 520
f 582 521 584
f 582 521 520
f 582 521 520
f 582 87 212
f 582 588 584
f 582 665 212
f 582 668 665
f 582 644 645
f 582 644 643
f 582 639 636
f 582 642 643
f 582 642 641
f 582 588 589
f 582 639 640
f 582 641 640
f 582 641 639
f 582 614 619
f 582 614 607
f 582 589 590
f 582 591 590
f 582 593 577
f 582 605 593
f 582 593 592
f 582 591 592
f 513 514 496
f 513 512 496
f 513 514 698
f 513 512 699
f 513 514 585
f 513 572 573
f 513 572 508
f 513 573 514
f 513 508 573
f 513 512 508
f 513 584 585
f 513 512 584
f 513 514 584
f 513 572 514
f 513 572 508
f 513 514 574
f 513 512 574
f 513 582 514
f 513 582 512
f 513 570 514
f 513 570 508
f 513 570 508
f 513 514 576
f 513 512 576
f 513 582 514
f 513 582 512
f 513 512 576
f 513 514 580
f 513 512 580
f 513 578 576
f 513 514 578
f 513 512 578
f 513 514 580
f 513 512 580
f 513 514 578
f 513 512 578
f 511 510 496
f 511 512 496
f 511 510 490
f 511 512 490
f 511 582 509
f 511 582 510
f 511 509 580
f 511 512 580
f 511 582 512
f 511 509 580
f 511 512 580
f 511 509 578
f 511 512 578
f 511 512 509
f 511 510 584
f 511 512 584
f 511 512 699
f 511 450 453
f 511 510 450
f 511 699 398
f 511 510 398
f 511 512 699
f 511 453 457
f 511 510 453
f 511 459 457
f 511 459 510
f 511 459 510
f 545 542 480
f 545 542 482
f 545 542 486
f 545 542 486
f 545 542 495
f 549 461 548
f 549 461 550
f 549 461 548
f 549 461 550
f 549 626 628
f 549 463 548
f 549 463 550
f 549 626 624
f 549 626 550
f 549 463 548
f 549 463 550
f 549 621 548
f 549 621 550
f 549 605 608
f 549 475 548
f 549 475 550
f 549 480 550
f 549 480 550
f 549 550 482
f 549 550 486
f 549 550 486
f 549 594 590
f 549 550 495
f 549 589 590
f 549 550 495
f 549 588 589
f 549 572 554
f 549 588 587
f 549 587 548
f 549 585 548
f 549 584 585
f 549 554 578
f 552 626 550
f 552 461 553
f 552 461 553
f 552 621 550
f 552 554 621
f 552 605 554
f 552 549 608
f 552 549 605
f 552 549 554
f 552 554 594
f 552 549 594
f 552 554 589
f 552 549 589
f 552 554 588
f 552 549 588
f 552 554 588
f 552 549 588
f 552 554 587
f 552 549 587
f 552 554 585
f 552 549 585
f 552 554 584
f 552 549 584
f 552 554 584
f 552 549 554
f 552 584 578
f 552 549 578
f 552 549 584
f 557 621 619
f 557 621 556
f 557 554 594
f 557 554 589
f 557 554 588
f 557 554 588
f 557 554 587
f 557 554 585
f 557 554 584
f 557 554 584
f 557 572 554
f 557 549 554
f 682 626 624
f 682 626 678
f 682 624 685
f 682 678 624
f 682 626 628
f 682 626 678
f 682 685 714
f 682 678 714
f 682 678 685
f 682 715 685
f 682 683 715
f 682 608 683
f 682 678 715
f 682 683 715
f 682 678 715
f 682 608 680
f 682 608 683
f 682 683 717
f 466 529 468
f 466 532 531
f 466 532 533
f 466 532 468
f 466 534 533
f 466 534 468
f 466 535 534
f 466 535 534
f 466 542 543
f 466 545 465
f 466 549 548
f 466 549 550
f 466 468 447
f 466 448 465
f 466 448 447
f 466 448 447
f 466 468 447
f 469 535 468
f 469 542 471
f 469 549 471
f 469 549 550
f 469 441 471
f 469 556 471
f 469 444 468
f 469 560 471
f 469 471 436
f 469 560 561
f 469 561 471
f 469 565 471
f 469 413 411
f 469 565 471
f 469 569 471
f 469 471 365
f 469 404 471
f 469 404 411
f 469 404 411
f 469 570 569
f 469 574 471
f 469 570 471
f 469 574 471
f 473 534 474
f 473 535 534
f 473 535 534
f 473 549 475
f 473 549 471
f 473 549 550
f 473 549 475
f 473 434 471
f 473 475 434
f 473 434 474
f 473 434 471
f 473 432 434
f 473 432 475
f 473 432 475
f 473 475 556
f 473 413 411
f 473 413 475
f 473 556 471
f 473 475 556
f 473 404 411
f 473 475 404
f 473 560 471
f 473 475 560
f 473 404 471
f 473 475 404
f 473 560 561
f 473 475 560
f 473 574 471
f 473 475 574
f 473 561 471
f 473 475 561
f 473 574 471
f 473 475 574
f 473 565 471
f 473 475 565
f 473 570 471
f 473 570 475
f 473 565 471
f 473 475 565
f 473 570 569
f 473 570 475
f 473 569 471
f 473 475 569
f 445 468 470
f 445 444 468
f 445 444 468
f 445 472 470
f 445 474 472
f 445 474 476
f 445 481 476
f 445 481 479
f 445 483 481
f 445 483 488
f 445 488 490
f 445 496 490
f 445 510 505
f 443 445 472
f 443 445 444
f 443 445 474
f 443 445 474
f 443 445 479
f 443 445 481
f 443 445 483
f 443 445 483
f 443 445 488
f 443 496 490
f 443 445 496
f 443 445 510
f 375 376 379
f 375 413 379
f 375 413 374
f 375 374 298
f 375 376 298
f 375 413 376
f 375 374 298
f 375 296 298
f 375 296 376
f 375 296 374
f 375 296 295
f 375 296 376
f 375 374 420
f 375 376 420
f 375 374 368
f 375 376 368
f 381 404 411
f 381 293 296
f 412 413 411
f 412 413 496
f 412 495 496
f 412 495 411
f 412 495 411
f 412 411 493
f 412 413 493
f 412 413 411
f 373 374 300
f 373 374 300
f 373 413 374
f 373 374 298
f 373 295 374
f 373 374 420
f 373 374 368
f 370 301 300
f 370 371 300
f 370 371 418
f 370 371 421
f 370 371 368
f 370 371 422
f 370 371 422
f 370 371 368
f 304 303 365
f 304 305 365
f 304 305 303
f 304 302 303
f 304 302 301
f 304 302 259
f 304 258 259
f 304 305 256
f 409 412 505
f 408 409 505
f 408 406 505
f 500 408 409
f 500 409 412
f 500 408 498
f 500 408 409
f 500 498 514
f 500 412 420
f 500 508 514
f 500 420 501
f 500 501 504
f 500 508 504
f 500 508 501
f 500 513 508
f 500 513 514
f 500 501 424
f 500 513 512
f 500 513 512
f 500 501 424
f 500 512 508
f 500 426 428
f 500 426 501
f 500 426 496
f 500 426 501
f 500 511 512
f 500 508 505
f 500 508 505
f 500 511 512
f 500 428 496
f 500 501 428
f 500 511 510
f 500 510 505
f 500 511 510
f 500 459 496
f 500 496 465
f 500 459 505
f 500 496 472
f 500 510 472
f 500 510 465
f 500 510 505
f 500 443 445
f 500 459 505
f 500 510 474
f 500 443 445
f 500 445 496
f 500 459 453
f 500 459 453
f 500 453 505
f 500 496 490
f 500 474 490
f 500 510 496
f 500 510 474
f 500 445 505
f 500 450 496
f 500 450 453
f 500 450 453
f 500 450 505
f 400 506 504
f 400 506 505
f 400 580 504
f 400 580 504
f 400 503 504
f 403 404 392
f 403 402 392
f 403 404 390
f 403 402 390
f 403 393 404
f 403 402 393
f 403 404 390
f 403 402 390
f 403 393 404
f 403 402 393
f 403 395 404
f 403 402 395
f 403 395 404
f 403 402 395
f 403 397 404
f 403 402 397
f 403 506 402
f 403 402 397
f 403 506 402
f 403 397 398
f 403 397 404
f 403 402 398
f 403 404 505
f 403 404 493
f 403 505 503
f 403 402 503
f 403 402 505
f 403 495 493
f 403 402 495
f 403 404 495
f 403 402 501
f 403 498 402
f 403 500 501
f 403 500 404
f 403 500 404
f 403 498 404
f 403 498 402
f 525 459 522
f 525 459 526
f 525 459 522
f 525 459 526
f 525 522 465
f 525 523 522
f 525 526 465
f 525 523 468
f 525 526 468
f 525 523 468
f 525 526 468
f 525 523 594
f 525 526 594
f 525 523 472
f 525 526 472
f 525 591 523
f 525 591 526
f 525 523 474
f 525 526 474
f 525 591 523
f 525 591 526
f 525 523 474
f 525 523 524
f 525 526 474
f 525 523 589
f 525 526 589
f 525 479 524
f 525 479 526
f 525 588 523
f 525 588 526
f 525 481 479
f 525 481 479
f 525 588 523
f 525 588 526
f 525 483 526
f 525 483 481
f 525 483 481
f 525 523 587
f 525 523 524
f 525 526 587
f 525 524 585
f 525 526 585
f 525 524 584
f 525 526 584
f 525 526 524
f 518 459 457
f 518 459 519
f 518 459 465
f 518 459 519
f 518 468 465
f 518 519 468
f 518 468 470
f 518 519 468
f 518 472 470
f 518 519 472
f 518 474 472
f 518 519 474
f 518 474 476
f 518 519 474
f 518 479 519
f 518 481 476
f 518 481 479
f 518 481 479
f 518 588 698
f 518 483 481
f 518 483 481
f 518 588 587
f 518 588 519
f 518 519 589
f 518 588 589
f 518 588 519
f 518 483 488
f 518 483 519
f 518 587 586
f 518 519 587
f 518 488 490
f 518 519 488
f 518 585 586
f 518 519 585
f 518 491 519
f 518 584 585
f 518 519 584
f 518 490 494
f 518 491 490
f 518 491 519
f 518 582 584
f 518 582 519
f 518 496 494
f 518 582 581
f 518 582 519
f 518 495 496
f 518 519 495
f 518 519 495
f 518 580 581
f 518 519 580
f 518 498 519
f 518 580 579
f 518 519 580
f 518 498 514
f 518 498 514
f 518 578 579
f 518 519 578
f 518 514 504
f 518 519 504
f 518 578 576
f 518 519 578
f 518 573 514
f 518 573 519
f 518 572 519
f 518 572 573
f 518 572 573
f 518 508 514
f 518 508 519
f 518 508 519
f 518 519 574
f 518 514 576
f 518 514 574
f 536 535 632
f 536 459 460
f 536 459 535
f 536 461 460
f 536 461 535
f 536 461 463
f 536 461 535
f 536 535 463
f 536 466 535
f 536 466 535
f 536 469 535
f 536 469 535
f 536 535 471
f 536 535 471
f 536 473 535
f 536 473 535
f 536 475 535
f 536 475 535
f 536 535 480
f 536 535 480
f 536 535 486
f 536 484 482
f 536 535 484
f 536 535 484
f 536 535 486
f 536 535 531
f 536 531 495
f 536 531 578
f 536 535 531
f 536 535 578
f 536 580 579
f 536 535 580
f 536 584 580
f 536 535 584
f 536 584 585
f 536 535 584
f 536 585 586
f 536 535 586
f 536 535 585
f 540 543 584
f 540 463 465
f 540 543 584
f 540 543 585
f 540 543 587
f 540 588 543
f 540 588 589
f 540 589 543
f 540 594 543
f 635 536 459
f 635 536 459
f 635 459 535
f 635 632 534
f 635 459 534
f 635 632 529
f 635 459 533
f 635 528 632
f 635 459 458
f 635 459 636
f 635 637 458
f 635 637 636
f 635 672 632
f 635 672 675
f 635 672 632
f 635 678 675
f 635 632 678
f 635 678 685
f 635 688 685
f 635 632 688
f 635 682 678
f 635 682 632
f 635 682 632
f 635 688 691
f 635 632 688
f 350 354 452
f 350 426 428
f 350 354 321
f 347 348 452
f 347 346 452
f 347 448 348
f 347 346 448
f 347 348 455
f 347 346 455
f 347 448 348
f 347 346 448
f 347 348 455
f 347 346 455
f 347 348 447
f 347 346 447
f 347 348 458
f 347 346 458
f 347 444 348
f 347 348 458
f 347 346 458
f 347 445 444
f 347 445 346
f 347 445 346
f 347 443 444
f 347 443 346
f 347 354 348
f 347 332 354
f 347 332 346
f 347 354 348
f 347 332 354
f 347 332 346
f 347 346 325
f 347 348 328
f 347 325 328
f 347 346 325
f 347 348 428
f 347 346 428
f 347 346 324
f 347 426 348
f 347 346 426
f 347 324 323
f 347 348 323
f 347 426 348
f 347 336 346
f 345 451 452
f 345 346 452
f 345 346 448
f 345 346 455
f 345 346 448
f 345 346 455
f 345 346 447
f 345 346 458
f 345 445 346
f 345 346 458
f 345 445 346
f 345 332 346
f 345 443 346
f 345 332 346
f 345 346 325
f 345 336 346
f 345 346 428
f 345 346 426
f 339 335 458
f 339 340 458
f 339 340 335
f 339 340 455
f 339 332 340
f 339 332 340
f 339 336 340
f 339 340 451
f 339 340 450
f 339 340 448
f 339 340 448
f 339 340 447
f 339 336 340
f 342 343 458
f 342 343 458
f 342 332 343
f 342 332 335
f 342 343 455
f 342 343 455
f 342 332 328
f 342 332 343
f 342 451 343
f 342 329 343
f 342 451 343
f 342 448 343
f 342 336 343
f 342 448 343
f 342 343 447
f 342 445 343
f 342 443 445
f 153 110 154
f 454 336 455
f 454 641 455
f 454 641 455
f 454 339 453
f 454 455 640
f 454 459 455
f 454 459 453
f 454 339 340
f 454 339 340
f 454 459 455
f 454 459 453
f 454 521 520
f 454 519 520
f 454 518 519
f 454 518 519
f 454 518 457
f 454 518 453
f 454 457 516
f 454 453 516
f 454 457 516
f 454 453 516
f 454 453 457
f 152 110 151
f 152 153 110
f 149 181 176
f 530 463 529
f 530 532 463
f 530 461 463
f 530 532 461
f 530 466 529
f 530 466 532
f 530 466 532
f 530 532 531
f 530 461 529
f 530 532 461
f 530 466 529
f 530 466 531
f 530 529 584
f 530 531 584
f 530 529 584
f 530 532 584
f 530 459 529
f 530 532 459
f 530 532 459
f 530 529 468
f 530 531 468
f 530 529 580
f 530 531 580
f 530 529 585
f 530 532 585
f 530 529 472
f 530 531 472
f 530 529 580
f 530 531 580
f 530 529 587
f 530 532 587
f 530 529 474
f 530 531 474
f 530 529 578
f 530 531 578
f 530 588 529
f 530 588 532
f 530 529 474
f 530 531 474
f 530 529 578
f 530 531 578
f 530 532 529
f 530 588 532
f 530 573 529
f 530 531 573
f 530 588 589
f 530 588 589
f 530 479 480
f 530 479 531
f 530 572 573
f 530 572 531
f 530 529 590
f 530 589 590
f 530 589 529
f 530 481 480
f 530 481 531
f 530 572 529
f 530 572 531
f 530 481 529
f 530 481 531
f 530 531 508
f 530 483 529
f 530 483 531
f 530 529 524
f 530 508 524
f 530 531 508
f 530 483 484
f 530 483 531
f 530 529 504
f 530 531 504
f 530 484 529
f 530 531 484
f 530 529 495
f 530 531 495
f 530 529 486
f 530 531 486
f 530 529 495
f 530 531 495
f 530 487 529
f 530 531 487
f 530 487 529
f 530 531 487
f 314 301 324
f 314 247 313
f 435 356 357
f 435 356 434
f 435 357 436
f 435 434 357
f 435 356 436
f 435 356 434
f 435 359 436
f 435 434 359
f 435 360 359
f 435 360 434
f 435 434 361
f 435 360 361
f 435 360 434
f 435 347 437
f 435 483 481
f 435 483 437
f 435 347 346
f 435 481 479
f 435 479 437
f 435 481 479
f 435 437 487
f 435 345 346
f 435 437 488
f 435 434 436
f 435 437 490
f 435 437 496
f 435 500 437
f 435 500 437
f 312 310 359
f 312 311 310
f 312 360 359
f 312 360 313
f 312 311 360
f 312 311 360
f 312 313 357
f 312 314 313
f 312 357 358
f 312 310 358
f 312 314 252
f 312 314 356
f 312 310 336
f 312 314 336
f 312 314 301
f 315 360 313
f 315 217 313
f 315 217 360
f 315 217 360
f 315 360 313
f 315 314 313
f 315 360 356
f 315 360 356
f 315 314 356
f 315 356 317
f 315 314 356
f 315 240 317
f 315 240 313
f 315 244 317
f 315 244 313
f 315 240 238
f 315 240 238
f 315 244 245
f 315 244 245
f 315 314 247
f 315 314 247
f 319 217 360
f 319 217 360
f 319 360 354
f 319 354 317
f 319 360 317
f 319 360 354
f 319 240 238
f 319 240 238
f 319 241 240
f 319 244 243
f 319 241 321
f 319 240 317
f 319 241 240
f 319 243 317
f 307 305 215
f 307 217 215
f 307 217 305
f 307 217 309
f 307 364 309
f 307 364 363
f 307 240 238
f 307 240 238
f 307 240 242
f 307 240 305
f 307 245 242
f 307 305 245
f 307 247 245
f 307 247 305
f 224 245 279
f 224 214 215
f 216 214 157
f 216 214 157
f 216 214 154
f 216 153 214
f 216 152 153
f 216 152 151
f 216 149 214
f 216 149 151
f 216 34 217
f 246 247 245
f 246 244 183
f 246 183 248
f 246 244 177
f 246 177 248
f 246 244 324
f 246 244 245
f 246 244 243
f 246 324 248
f 246 321 245
f 246 161 248
f 246 161 243
f 246 247 245
f 246 315 245
f 246 315 247
f 234 319 231
f 234 315 231
f 234 319 231
f 234 315 231
f 234 224 245
f 234 296 231
f 234 231 311
f 234 231 300
f 234 235 325
f 234 231 311
f 234 284 245
f 234 224 245
f 234 224 284
f 234 231 303
f 234 307 231
f 234 231 305
f 234 307 231
f 330 228 227
f 330 228 230
f 330 228 329
f 330 228 227
f 330 224 328
f 330 232 230
f 330 232 329
f 330 339 340
f 330 339 340
f 330 235 329
f 330 232 331
f 330 235 232
f 330 339 336
f 330 235 237
f 330 157 237
f 330 329 157
f 330 239 157
f 330 239 329
f 330 155 331
f 330 241 329
f 330 241 239
f 330 241 239
f 179 176 116
f 179 115 116
f 179 115 114
f 179 227 178
f 179 232 178
f 179 235 232
f 179 235 237
f 179 239 237
f 179 241 239
f 179 241 243
f 179 244 243
f 179 246 248
f 179 246 244
f 182 241 183
f 182 183 239
f 182 179 239
f 182 179 241
f 182 241 183
f 182 235 183
f 182 179 235
f 182 179 241
f 182 244 183
f 182 235 183
f 182 179 235
f 182 179 244
f 182 183 227
f 182 179 227
f 182 246 244
f 182 183 232
f 182 179 232
f 182 179 246
f 182 246 183
f 182 179 246
f 182 258 259
f 236 319 238
f 236 315 238
f 236 234 319
f 236 238 321
f 236 319 238
f 236 234 315
f 236 238 215
f 236 234 215
f 236 321 237
f 236 234 319
f 236 315 238
f 236 234 315
f 236 238 245
f 236 234 245
f 236 325 237
f 236 235 325
f 236 234 321
f 236 234 235
f 236 238 311
f 236 234 311
f 236 284 238
f 236 234 284
f 236 238 311
f 236 234 311
f 236 307 238
f 236 234 307
f 236 307 238
f 236 234 307
f 236 293 296
f 236 234 293
f 236 238 305
f 236 234 305
f 236 296 238
f 236 234 296
f 236 238 303
f 236 234 303
f 236 238 300
f 236 234 300
f 108 110 151
f 108 110 151
f 108 110 155
f 108 110 157
f 108 48 51
f 108 48 110
f 108 110 52
f 108 48 47
f 108 48 110
f 108 157 158
f 108 110 158
f 108 110 157
f 108 110 161
f 108 46 47
f 108 46 110
f 108 54 110
f 108 110 164
f 40 44 91
f 40 20 19
f 112 154 157
f 112 110 157
f 112 110 154
f 112 154 157
f 112 110 157
f 112 153 110
f 112 149 153
f 112 110 164
f 112 152 153
f 112 149 152
f 112 152 110
f 112 149 152
f 112 110 151
f 112 149 151
f 112 46 110
f 112 110 52
f 112 48 110
f 112 54 110
f 168 164 181
f 168 149 164
f 33 38 32
f 33 34 38
f 33 217 335
f 33 32 29
f 33 217 215
f 33 34 217
f 33 215 32
f 33 214 215
f 33 34 214
f 33 214 212
f 33 34 212
f 33 34 214
f 35 34 214
f 35 34 214
f 35 216 34
f 35 216 34
f 35 34 212
f 35 34 38
f 35 34 27
f 43 24 23
f 43 42 20
f 43 42 20
f 43 18 19
f 43 42 19
f 43 48 47
f 43 48 18
f 43 46 47
f 45 46 91
f 45 8 91
f 45 8 44
f 45 9 46
f 45 44 91
f 45 46 91
f 45 9 8
f 45 9 8
f 45 9 44
f 45 9 46
f 45 44 93
f 45 46 93
f 45 13 44
f 45 13 46
f 45 108 44
f 45 108 46
f 45 13 14
f 45 13 46
f 45 108 110
f 45 108 46
f 45 14 15
f 45 46 14
f 45 112 110
f 45 112 46
f 45 16 15
f 45 46 16
f 45 16 44
f 45 46 16
f 45 43 46
f 45 18 44
f 45 43 18
f 45 43 18
f 49 43 18
f 49 43 48
f 49 48 18
f 49 43 20
f 49 48 16
f 49 48 16
f 49 48 51
f 49 48 14
f 49 13 48
f 49 13 48
f 49 48 110
f 49 112 110
f 49 112 48
f 727 672 669
f 4 5 91
f 4 56 91
f 4 56 3
f 4 5 52
f 4 56 52
f 4 5 56
f 7 54 8
f 7 54 5
f 7 668 10
f 7 68 63
f 73 89 715
f 73 89 715
f 22 21 665
f 22 23 665
f 22 11 21
f 22 38 21
f 22 38 23
f 22 23 212
f 22 11 212
f 22 43 23
f 22 43 42
f 22 43 42
f 653 654 18
f 653 654 20
f 653 654 20
f 653 22 654
f 653 22 654
f 653 654 24
f 653 654 24
f 653 654 26
f 653 654 27
f 653 214 215
f 653 654 214
f 653 654 214
f 653 654 215
f 653 654 577
f 653 654 577
f 653 582 654
f 653 588 654
f 653 654 589
f 653 591 654
f 653 591 654
f 653 654 593
f 653 654 593
f 653 654 597
f 653 654 614
f 653 654 614
f 28 642 643
f 28 644 643
f 28 644 643
f 28 642 29
f 28 644 645
f 28 644 27
f 28 34 27
f 28 33 29
f 28 33 34
f 28 33 34
f 28 35 34
f 28 35 34
f 28 653 654
f 28 653 654
f 28 27 212
f 28 654 27
f 28 214 212
f 28 654 214
f 28 654 214
f 53 5 8
f 53 54 5
f 53 9 8
f 53 5 56
f 53 54 5
f 53 9 52
f 53 9 8
f 53 54 8
f 53 56 52
f 53 11 52
f 53 54 11
f 53 52 91
f 53 56 91
f 53 54 56
f 53 52 93
f 53 54 93
f 53 108 110
f 53 108 54
f 53 112 110
f 53 112 54
f 88 87 701
f 88 704 87
f 88 89 704
f 88 89 704
f 277 91 394
f 277 276 91
f 277 312 310
f 277 282 324
f 277 312 314
f 162 232 165
f 162 235 232
f 162 235 161
f 162 161 232
f 162 227 165
f 162 163 227
f 162 235 165
f 162 235 161
f 162 161 227
f 162 108 110
f 162 108 110
f 162 246 165
f 162 246 161
f 162 239 165
f 162 161 239
f 162 112 110
f 162 112 110
f 162 246 243
f 162 246 161
f 162 241 239
f 162 241 161
f 162 241 243
f 162 241 161
f 260 259 183
f 260 182 259
f 260 258 284
f 260 179 259
f 260 258 293
f 260 258 296
f 260 258 300
f 260 258 259
f 260 259 301
f 260 302 259
f 260 304 302
f 166 216 164
f 166 108 164
f 166 227 165
f 166 169 227
f 166 246 165
f 166 246 169
f 166 232 165
f 166 169 232
f 166 246 243
f 166 246 169
f 166 235 232
f 166 235 169
f 166 241 243
f 166 241 169
f 166 235 165
f 166 235 169
f 166 241 239
f 166 241 169
f 166 239 165
f 166 169 239
f 709 89 710
f 709 89 708
f 709 710 714
f 709 688 710
f 709 708 688
f 709 688 710
f 709 708 688
f 709 694 690
f 709 690 708
f 712 688 685
f 712 686 688
f 712 713 685
f 712 686 713
f 712 694 690
f 377 296 295
f 377 296 376
f 377 296 376
f 377 376 420
f 377 413 376
f 377 415 376
f 377 376 368
f 292 377 376
f 387 293 296
f 387 296 215
f 387 296 386
f 387 215 365
f 387 386 215
f 387 404 386
f 387 403 404
f 385 293 296
f 385 293 296
f 385 296 384
f 385 296 386
f 385 384 298
f 385 386 298
f 385 404 384
f 385 404 386
f 385 406 404
f 385 408 384
f 385 408 386
f 283 276 282
f 283 284 276
f 283 284 390
f 283 282 390
f 283 284 390
f 283 387 282
f 172 100 171
f 172 115 114
f 172 168 132
f 172 216 171
f 172 149 176
f 172 168 149
f 172 168 181
f 172 168 164
f 172 168 164
f 96 177 95
f 96 179 95
f 96 182 181
f 96 182 183
f 96 183 95
f 96 66 89
f 170 168 169
f 170 168 216
f 170 171 95
f 170 227 230
f 170 169 227
f 170 232 230
f 170 169 232
f 170 235 232
f 170 235 169
f 170 235 237
f 170 235 169
f 170 239 237
f 170 169 239
f 170 246 248
f 170 246 169
f 170 241 239
f 170 241 169
f 170 246 243
f 170 246 169
f 170 241 243
f 170 241 169
f 250 183 248
f 250 182 183
f 250 182 252
f 250 182 179
f 250 179 248
f 250 179 252
f 250 177 248
f 250 252 177
f 250 170 248
f 250 170 252
f 250 170 169
f 250 170 252
f 250 166 169
f 250 166 252
f 250 166 165
f 250 166 252
f 250 162 165
f 250 162 252
f 250 162 161
f 250 162 252
f 250 161 248
f 250 252 161
f 250 324 248
f 250 252 324
f 254 179 252
f 254 252 177
f 254 256 300
f 254 256 303
f 254 305 256
f 257 256 183
f 257 258 183
f 257 182 256
f 257 182 258
f 257 179 259
f 257 179 258
f 257 259 177
f 257 170 259
f 257 170 259
f 257 312 314
f 257 166 259
f 257 312 310
f 257 166 259
f 257 162 259
f 257 259 324
f 257 162 259
f 257 259 161
f 257 304 305
f 257 258 256
f 257 304 256
f 257 304 258
f 616 668 614
f 616 678 675
f 616 682 678
f 616 552 550
f 616 549 550
f 616 549 548
f 616 614 561
f 616 614 563
f 671 610 668
f 671 7 668
f 671 668 11
f 671 582 668
f 671 601 668
f 671 668 593
f 671 668 593
f 671 668 588
f 671 668 591
f 671 668 588
f 671 668 591
f 671 668 589
f 687 712 686
f 687 690 593
f 687 596 593
f 687 712 686
f 687 712 690
f 687 690 591
f 687 690 591
f 687 690 589
f 687 686 603
f 687 690 588
f 687 690 588
f 687 690 587
f 677 676 722
f 677 608 678
f 677 596 593
f 627 554 628
f 627 554 626
f 627 552 628
f 627 552 626
f 627 549 550
f 627 549 626
f 627 549 626
f 555 627 554
f 555 461 556
f 555 554 461
f 555 461 556
f 555 461 553
f 555 554 461
f 555 621 556
f 555 554 621
f 555 553 462
f 555 556 462
f 555 557 556
f 555 557 554
f 555 557 556
f 555 469 471
f 555 469 556
f 555 473 471
f 555 473 556
f 555 473 556
f 555 605 554
f 555 557 605
f 602 603 574
f 602 601 574
f 602 603 597
f 602 601 597
f 602 573 603
f 602 601 573
f 602 601 597
f 602 572 573
f 602 572 601
f 602 668 603
f 602 601 668
f 602 572 603
f 602 572 601
f 602 671 668
f 602 671 601
f 602 570 603
f 602 570 601
f 602 570 569
f 602 570 601
f 602 568 569
f 602 568 601
f 602 677 680
f 602 677 601
f 602 564 565
f 602 564 601
f 602 564 603
f 602 564 601
f 602 686 603
f 602 601 686
f 602 603 563
f 602 601 563
f 602 687 686
f 602 687 601
f 602 560 603
f 602 601 560
f 602 687 603
f 602 687 601
f 602 560 603
f 602 601 560
f 602 557 554
f 602 557 601
f 602 525 603
f 602 525 601
f 602 552 554
f 602 552 601
f 602 525 526
f 602 525 601
f 602 552 549
f 602 552 549
f 602 526 603
f 602 601 526
f 602 549 603
f 602 549 601
f 602 528 603
f 602 601 528
f 602 528 603
f 602 601 528
f 602 603 529
f 602 601 529
f 602 540 603
f 602 540 601
f 602 603 534
f 602 601 534
f 602 535 603
f 602 601 535
f 602 535 603
f 602 601 535
f 600 573 574
f 600 601 574
f 600 601 573
f 600 572 601
f 600 570 601
f 600 570 601
f 600 572 601
f 600 572 570
f 600 568 601
f 600 564 601
f 600 564 601
f 600 601 560
f 600 601 560
f 600 557 601
f 600 552 601
f 600 552 549
f 600 549 601
f 600 540 601
f 600 601 535
f 600 601 535
f 600 601 534
f 600 601 529
f 600 601 528
f 600 601 528
f 600 601 526
f 600 525 601
f 600 525 601
f 600 687 601
f 600 687 601
f 600 677 680
f 600 677 601
f 600 671 601
f 606 593 597
f 606 605 593
f 606 654 597
f 606 605 654
f 606 582 607
f 606 582 605
f 606 668 607
f 606 605 668
f 606 607 577
f 606 605 577
f 606 671 668
f 606 671 605
f 606 574 607
f 606 605 574
f 606 573 574
f 606 605 573
f 606 573 571
f 606 605 573
f 606 570 571
f 606 570 605
f 606 570 569
f 606 570 605
f 606 568 569
f 606 568 605
f 606 682 683
f 606 682 605
f 606 683 685
f 606 605 683
f 606 565 607
f 606 608 685
f 606 564 565
f 606 564 605
f 606 608 563
f 606 608 686
f 606 605 686
f 606 564 563
f 606 564 605
f 606 608 563
f 606 605 563
f 606 608 686
f 606 605 686
f 606 605 608
f 606 608 560
f 606 605 560
f 606 608 560
f 606 605 560
f 606 605 608
f 604 654 603
f 604 605 654
f 604 603 597
f 604 605 597
f 604 603 577
f 604 605 577
f 604 668 603
f 604 605 668
f 604 603 574
f 604 605 574
f 604 671 668
f 604 671 605
f 604 573 603
f 604 605 573
f 604 573 603
f 604 605 573
f 604 570 603
f 604 570 605
f 604 677 680
f 604 570 569
f 604 570 605
f 604 568 569
f 604 568 605
f 604 682 605
f 604 686 603
f 604 605 686
f 604 564 565
f 604 564 605
f 604 686 603
f 604 605 686
f 604 564 603
f 604 564 605
f 604 605 688
f 604 603 563
f 604 605 563
f 604 560 603
f 604 605 560
f 604 605 608
f 604 560 603
f 604 605 560
f 604 525 603
f 604 525 608
f 604 525 526
f 604 525 608
f 604 557 554
f 604 526 603
f 604 608 526
f 604 552 554
f 604 552 605
f 604 555 605
f 604 555 557
f 604 555 557
f 604 528 603
f 604 608 528
f 604 552 549
f 604 552 549
f 604 528 603
f 604 608 528
f 604 549 603
f 604 549 605
f 604 603 529
f 604 608 529
f 604 603 534
f 604 608 534
f 604 535 603
f 604 608 535
f 604 540 603
f 604 535 603
f 604 608 535
f 604 540 608
f 497 519 495
f 497 498 519
f 497 518 519
f 497 518 498
f 497 406 495
f 497 406 404
f 497 498 406
f 497 403 404
f 497 403 498
f 497 403 498
f 497 518 496
f 497 518 498
f 497 514 496
f 497 498 514
f 497 408 409
f 497 408 409
f 497 500 514
f 497 500 498
f 497 412 411
f 497 420 496
f 497 496 424
f 497 500 424
f 497 500 420
f 497 415 420
f 497 496 424
f 497 500 424
f 497 500 496
f 497 500 415
f 497 500 412
f 609 608 695
f 609 610 695
f 609 608 688
f 609 610 688
f 609 608 688
f 609 610 688
f 609 525 608
f 609 525 610
f 609 682 608
f 609 682 610
f 609 608 526
f 609 610 526
f 609 682 608
f 609 682 610
f 609 608 528
f 609 610 528
f 609 608 528
f 609 610 528
f 609 677 608
f 609 677 610
f 609 608 529
f 609 610 529
f 609 677 610
f 609 608 534
f 609 610 534
f 609 677 676
f 609 677 608
f 609 608 535
f 609 610 535
f 609 608 565
f 609 608 535
f 609 610 535
f 609 671 610
f 609 565 607
f 609 610 565
f 609 564 608
f 609 564 610
f 609 564 608
f 609 564 610
f 609 540 608
f 609 540 610
f 609 608 563
f 609 610 563
f 609 608 560
f 609 610 560
f 609 608 560
f 609 610 560
f 609 549 608
f 609 549 610
f 609 549 608
f 609 549 610
f 609 555 557
f 609 555 557
f 609 552 608
f 609 552 610
f 609 555 554
f 609 555 610
f 609 552 554
f 609 552 610
f 674 609 671
f 674 610 676
f 674 609 610
f 674 609 671
f 674 609 676
f 674 606 671
f 674 677 676
f 674 677 727
f 674 606 671
f 674 677 676
f 674 606 677
f 674 604 671
f 674 606 677
f 674 600 671
f 674 600 677
f 674 671 593
f 674 677 593
f 674 604 677
f 674 604 671
f 674 600 671
f 674 600 677
f 674 671 593
f 674 677 593
f 674 604 677
f 674 602 671
f 674 602 671
f 674 602 677
f 674 671 591
f 674 677 591
f 674 602 677
f 674 671 591
f 674 677 591
f 674 671 589
f 674 677 589
f 674 671 588
f 674 677 588
f 674 671 588
f 674 677 588
f 492 523 524
f 492 491 523
f 492 524 493
f 492 491 524
f 492 523 493
f 492 491 523
f 492 528 493
f 492 521 493
f 492 491 521
f 492 528 527
f 492 491 527
f 492 528 529
f 492 521 520
f 492 491 521
f 492 528 529
f 492 520 493
f 492 530 529
f 492 530 529
f 492 519 520
f 492 491 519
f 492 491 519
f 492 530 531
f 492 530 531
f 492 574 575
f 492 574 493
f 492 404 575
f 492 491 404
f 492 404 493
f 492 536 531
f 492 536 531
f 492 573 574
f 492 573 574
f 492 413 411
f 492 491 413
f 492 573 571
f 492 573 571
f 492 420 494
f 492 491 420
f 492 570 571
f 492 570 571
f 492 494 424
f 492 491 424
f 492 491 494
f 492 545 542
f 492 545 542
f 492 570 569
f 492 570 569
f 492 569 566
f 492 569 493
f 492 565 566
f 492 565 493
f 492 549 550
f 492 549 550
f 492 565 562
f 492 565 493
f 492 561 562
f 492 561 493
f 492 556 553
f 492 556 553
f 492 560 561
f 492 560 561
f 492 556 559
f 492 556 493
f 492 560 559
f 492 560 493
f 502 570 569
f 502 570 569
f 502 568 569
f 502 568 569
f 502 570 571
f 502 570 503
f 502 503 566
f 502 568 566
f 502 568 503
f 502 573 571
f 502 573 503
f 502 573 574
f 502 573 503
f 502 574 499
f 502 503 574
f 502 577 499
f 502 501 577
f 502 501 504
f 502 503 504
f 502 576 577
f 502 503 576
f 502 503 576
f 502 503 578
f 502 505 501
f 502 505 503
f 502 408 505
f 502 503 578
f 502 408 406
f 502 408 406
f 502 408 409
f 502 408 409
f 502 403 402
f 502 403 402
f 502 409 412
f 502 409 412
f 502 403 404
f 502 403 404
f 502 412 420
f 502 412 505
f 502 420 501
f 502 505 420
f 502 501 424
f 502 505 424
f 502 505 501
f 567 508 514
f 567 568 508
f 567 568 508
f 567 568 514
f 567 565 514
f 567 565 514
f 567 568 521
f 567 565 521
f 567 568 521
f 567 565 521
f 567 568 523
f 567 565 523
f 567 565 523
f 567 568 523
f 567 600 601
f 567 600 568
f 567 568 531
f 567 602 601
f 567 602 568
f 567 564 565
f 567 564 531
f 567 602 565
f 567 602 568
f 567 564 531
f 567 604 565
f 567 604 568
f 567 568 594
f 567 564 594
f 567 568 589
f 567 531 542
f 567 604 605
f 567 604 568
f 567 589 594
f 567 564 594
f 567 568 588
f 567 572 568
f 567 584 563
f 567 568 584
f 567 584 563
f 567 606 565
f 567 606 605
f 567 606 568
f 567 588 589
f 567 568 588
f 567 545 572
f 567 572 568
f 567 563 585
f 567 584 585
f 567 568 584
f 567 606 607
f 567 606 568
f 567 588 563
f 567 568 587
f 567 557 563
f 567 557 572
f 567 563 587
f 567 568 610
f 567 557 549
f 567 549 572
f 567 557 572
f 567 609 607
f 567 609 610
f 567 609 610
f 567 549 572
f 567 568 614
f 507 508 505
f 507 506 505
f 507 508 505
f 507 506 505
f 507 574 504
f 507 508 574
f 507 504 576
f 507 508 576
f 507 400 508
f 507 573 574
f 507 508 573
f 507 504 576
f 507 508 576
f 507 572 573
f 507 572 508
f 507 578 504
f 507 506 578
f 507 508 578
f 507 402 510
f 507 506 510
f 507 506 402
f 507 508 580
f 507 506 580
f 507 582 508
f 507 508 571
f 507 572 571
f 507 572 508
f 507 508 578
f 507 506 578
f 507 508 580
f 507 506 580
f 583 510 509
f 583 582 510
f 583 582 508
f 583 511 510
f 583 511 582
f 583 509 584
f 583 508 509
f 583 582 512
f 583 511 512
f 583 511 582
f 583 584 697
f 583 582 697
f 583 584 585
f 583 582 694
f 583 584 585
f 583 696 585
f 583 694 696
f 583 694 696
f 583 584 587
f 583 694 585
f 583 694 690
f 583 582 694
f 583 588 584
f 583 582 588
f 583 687 690
f 583 653 582
f 583 674 677
f 583 668 587
f 583 582 668
f 583 653 588
f 583 582 588
f 583 674 671
f 583 671 582
f 583 671 582
f 583 674 671
f 583 671 668
f 583 589 639
f 583 644 639
f 583 582 644
f 583 589 590
f 583 582 589
f 583 644 643
f 583 582 644
f 583 642 643
f 583 582 642
f 583 591 590
f 583 582 639
f 583 582 591
f 583 642 641
f 583 582 641
f 583 582 642
f 583 593 619
f 583 593 639
f 583 591 639
f 583 593 614
f 583 582 614
f 583 582 593
f 583 582 591
f 583 593 614
f 583 582 614
f 583 606 593
f 583 606 582
f 583 582 605
f 583 606 605
f 583 606 582
f 547 626 628
f 547 545 626
f 547 626 624
f 547 545 626
f 547 461 548
f 547 545 621
f 547 461 548
f 547 621 548
f 547 545 621
f 547 463 548
f 547 616 548
f 547 616 545
f 547 463 548
f 547 609 610
f 547 609 608
f 547 605 608
f 547 604 605
f 547 604 605
f 547 604 603
f 547 602 603
f 547 602 601
f 547 600 601
f 547 594 590
f 547 589 590
f 547 588 589
f 547 588 587
f 547 587 548
f 547 585 548
f 547 584 585
f 547 584 548
f 547 578 548
f 547 578 548
f 547 545 578
f 547 572 548
f 547 545 572
f 630 547 545
f 630 547 628
f 630 535 628
f 630 535 632
f 630 535 534
f 630 535 632
f 630 534 533
f 630 632 534
f 630 529 533
f 630 632 529
f 630 528 529
f 630 528 632
f 630 528 628
f 630 528 632
f 630 688 691
f 630 632 688
f 630 688 628
f 630 632 688
f 630 672 669
f 630 672 632
f 630 682 628
f 630 682 632
f 630 672 675
f 630 672 632
f 630 682 678
f 630 682 632
f 630 678 675
f 630 632 678
f 633 549 550
f 633 549 632
f 633 549 548
f 633 549 632
f 633 552 553
f 633 547 548
f 633 547 632
f 633 554 553
f 633 555 554
f 633 555 556
f 633 459 636
f 633 560 561
f 633 560 460
f 633 562 636
f 633 561 562
f 633 564 562
f 633 564 565
f 633 570 571
f 633 574 571
f 633 565 636
f 633 570 569
f 633 574 636
f 633 568 569
f 633 583 639
f 633 583 619
f 633 569 636
f 633 636 577
f 633 583 582
f 633 583 582
f 633 582 619
f 633 619 577
f 633 636 577
f 633 582 577
f 633 582 636
f 625 552 624
f 625 552 626
f 625 552 626
f 625 554 624
f 625 554 626
f 625 555 554
f 625 555 554
f 625 555 556
f 625 555 627
f 625 555 627
f 625 627 557
f 625 627 560
f 625 627 560
f 625 627 561
f 625 627 564
f 625 627 653
f 625 627 564
f 625 627 568
f 625 627 565
f 625 627 568
f 625 633 627
f 625 627 570
f 625 627 570
f 625 627 574
f 625 627 619
f 625 627 574
f 622 552 550
f 622 552 621
f 622 549 550
f 622 549 621
f 622 552 554
f 622 549 624
f 622 549 621
f 622 555 554
f 622 552 554
f 622 547 624
f 622 547 621
f 622 547 621
f 622 555 621
f 622 557 621
f 622 560 619
f 681 600 601
f 681 600 601
f 681 682 680
f 681 602 601
f 681 602 601
f 681 600 680
f 681 683 717
f 681 682 717
f 681 682 683
f 681 602 680
f 681 602 683
f 681 604 680
f 681 604 683
f 681 604 682
f 681 677 680
f 681 677 596
f 681 604 605
f 681 604 682
f 681 677 596
f 681 606 605
f 681 606 682
f 681 677 593
f 681 677 724
f 681 682 680
f 681 606 680
f 681 606 682
f 681 677 591
f 681 677 727
f 681 677 591
f 681 677 589
f 681 583 677
f 681 583 587
f 681 677 588
f 681 677 588
f 442 444 441
f 442 469 441
f 442 469 444
f 442 469 441
f 442 469 444
f 442 443 444
f 442 441 472
f 442 443 472
f 442 441 474
f 442 443 474
f 442 443 474
f 442 444 441
f 442 354 441
f 442 354 444
f 442 347 348
f 442 347 443
f 442 347 443
f 442 345 443
f 438 475 474
f 438 437 475
f 438 475 474
f 438 437 475
f 438 473 474
f 438 473 471
f 438 473 471
f 438 469 471
f 438 469 441
f 438 354 437
f 438 436 418
f 438 441 418
f 438 364 436
f 438 364 441
f 438 356 437
f 438 436 418
f 438 441 418
f 438 364 363
f 438 364 441
f 438 356 437
f 438 363 436
f 438 437 357
f 438 361 436
f 438 360 357
f 438 360 361
f 438 437 436
f 438 360 436
f 439 483 437
f 439 443 483
f 439 437 488
f 439 443 488
f 439 437 490
f 439 443 490
f 439 483 481
f 439 443 483
f 439 437 496
f 439 443 496
f 439 481 479
f 439 443 481
f 439 500 437
f 439 500 443
f 439 479 437
f 439 438 437
f 439 342 443
f 439 443 479
f 439 500 437
f 439 500 443
f 439 345 346
f 439 438 474
f 439 347 346
f 439 347 437
f 439 438 350
f 439 438 354
f 419 375 374
f 419 373 374
f 419 492 420
f 419 420 496
f 419 492 491
f 419 491 490
f 419 491 420
f 419 488 490
f 419 488 420
f 419 420 421
f 419 488 421
f 419 488 420
f 372 371 300
f 372 373 300
f 372 371 418
f 372 419 373
f 372 373 298
f 372 419 420
f 372 419 373
f 372 373 295
f 372 420 421
f 372 371 421
f 372 371 420
f 372 371 420
f 372 373 420
f 372 371 368
f 372 373 368
f 414 373 415
f 414 373 413
f 414 375 415
f 414 375 413
f 414 413 415
f 414 373 415
f 414 373 413
f 414 375 415
f 414 375 413
f 414 377 415
f 414 377 413
f 414 377 412
f 414 412 413
f 414 377 415
f 414 377 412
f 414 415 496
f 414 413 496
f 414 497 415
f 414 497 412
f 414 500 415
f 414 500 412
f 414 413 493
f 414 497 500
f 414 497 500
f 414 492 493
f 414 492 415
f 414 492 413
f 414 492 491
f 414 492 491
f 414 491 415
f 414 491 413
f 414 415 490
f 414 413 490
f 414 415 488
f 414 413 488
f 414 415 487
f 414 413 487
f 414 415 487
f 414 413 487
f 414 415 486
f 414 413 486
f 414 415 484
f 414 413 484
f 414 415 484
f 414 413 484
f 414 415 480
f 414 413 480
f 414 415 480
f 414 413 480
f 414 415 475
f 414 413 475
f 414 473 415
f 414 473 413
f 414 473 415
f 414 473 413
f 414 469 415
f 414 469 413
f 414 415 462
f 414 413 462
f 414 415 462
f 414 413 462
f 414 415 449
f 414 413 449
f 414 415 441
f 414 413 441
f 414 413 415
f 369 302 301
f 369 370 301
f 369 302 368
f 369 302 368
f 369 370 418
f 369 421 418
f 369 370 421
f 369 427 421
f 369 370 422
f 369 367 427
f 369 367 368
f 369 426 427
f 369 422 421
f 369 426 367
f 369 426 367
f 369 426 421
f 369 426 368
f 369 422 424
f 369 368 424
f 369 422 424
f 369 370 422
f 369 368 424
f 369 370 368
f 410 500 409
f 410 500 412
f 410 500 409
f 410 497 412
f 410 497 412
f 410 497 409
f 410 497 411
f 410 497 409
f 410 495 411
f 410 409 495
f 410 495 411
f 410 409 495
f 410 487 411
f 410 411 493
f 410 409 493
f 410 491 411
f 410 492 411
f 410 492 491
f 407 406 404
f 407 410 381
f 407 410 487
f 407 410 491
f 407 482 411
f 407 404 482
f 407 404 486
f 407 411 486
f 407 491 404
f 407 487 404
f 407 410 492
f 407 409 493
f 407 480 482
f 407 480 404
f 407 487 404
f 407 487 411
f 407 410 487
f 407 492 491
f 407 410 409
f 407 410 492
f 407 492 404
f 407 495 493
f 407 409 495
f 407 404 411
f 407 480 411
f 407 480 404
f 407 404 495
f 407 406 404
f 407 406 495
f 407 409 495
f 407 408 409
f 407 497 406
f 407 497 408
f 407 497 498
f 407 497 408
f 407 498 406
f 407 408 498
f 407 500 406
f 407 500 408
f 407 408 406
f 407 500 406
f 407 500 408
f 405 500 404
f 405 500 406
f 405 502 404
f 405 502 406
f 405 406 404
f 405 500 404
f 405 500 406
f 405 502 404
f 405 502 406
f 405 404 505
f 405 406 505
f 405 403 404
f 405 403 506
f 405 408 406
f 405 403 404
f 405 403 506
f 405 385 404
f 405 385 406
f 405 387 403
f 405 385 408
f 405 387 403
f 405 408 406
f 405 385 406
f 405 385 408
f 405 408 386
f 405 387 386
f 405 397 398
f 405 390 389
f 405 397 396
f 405 397 398
f 405 400 390
f 405 390 423
f 405 395 396
f 405 390 398
f 405 392 423
f 405 395 394
f 405 397 392
f 405 397 396
f 405 393 392
f 405 393 394
f 405 395 393
f 405 393 396
f 405 395 393
f 399 392 398
f 399 400 392
f 399 390 398
f 399 400 390
f 399 393 392
f 399 400 393
f 399 405 390
f 399 405 400
f 399 393 394
f 399 400 393
f 399 405 398
f 399 405 400
f 399 395 394
f 399 400 395
f 399 395 396
f 399 400 395
f 399 397 396
f 399 400 397
f 399 400 397
f 399 511 510
f 399 400 510
f 399 510 398
f 399 510 509
f 399 400 508
f 399 508 509
f 399 583 508
f 399 583 582
f 399 582 398
f 399 507 582
f 399 507 400
f 399 582 398
f 399 583 582
f 399 580 398
f 399 400 580
f 399 507 582
f 399 580 398
f 399 400 580
f 399 400 506
f 399 507 506
f 399 507 400
f 399 398 579
f 399 400 579
f 399 398 577
f 399 400 577
f 399 402 398
f 401 402 392
f 401 400 392
f 401 402 390
f 401 400 390
f 401 402 393
f 401 400 393
f 401 402 390
f 401 400 390
f 401 402 393
f 401 400 393
f 401 405 400
f 401 402 395
f 401 400 395
f 401 402 395
f 401 400 395
f 401 402 397
f 401 400 397
f 401 402 510
f 401 400 510
f 401 402 397
f 401 400 397
f 401 507 402
f 401 507 400
f 401 399 402
f 401 399 400
f 401 507 506
f 401 507 400
f 401 399 402
f 401 399 400
f 401 506 402
f 401 400 506
f 401 402 577
f 401 400 577
f 401 402 505
f 401 400 505
f 401 402 503
f 401 400 503
f 401 501 577
f 401 402 577
f 401 402 501
f 401 502 501
f 401 502 402
f 401 502 402
f 401 502 578
f 401 400 503
f 401 502 503
f 401 578 579
f 401 400 579
f 401 502 578
f 537 463 465
f 537 536 463
f 537 536 463
f 537 466 465
f 537 536 466
f 537 469 468
f 537 536 469
f 537 469 470
f 537 536 469
f 537 536 471
f 537 536 471
f 537 536 473
f 537 536 473
f 537 473 475
f 537 536 475
f 537 536 475
f 537 536 480
f 537 536 480
f 537 540 482
f 537 536 482
f 537 540 486
f 537 536 486
f 537 536 486
f 537 540 486
f 537 578 579
f 537 536 579
f 537 536 578
f 537 536 578
f 537 540 578
f 537 492 536
f 537 492 540
f 537 540 572
f 537 492 536
f 537 492 540
f 537 572 531
f 537 536 531
f 537 536 495
f 537 540 495
f 537 567 531
f 537 567 572
f 537 567 572
f 537 531 542
f 537 531 495
f 537 536 531
f 537 542 508
f 537 531 508
f 537 531 504
f 541 542 543
f 541 459 543
f 541 635 540
f 541 540 459
f 541 461 542
f 541 540 461
f 541 461 542
f 541 540 461
f 541 630 632
f 541 630 540
f 541 542 543
f 541 542 463
f 541 540 463
f 541 630 543
f 541 630 540
f 541 543 578
f 541 540 578
f 541 542 578
f 541 540 578
f 541 542 463
f 541 540 463
f 541 626 543
f 541 540 626
f 541 543 580
f 541 540 580
f 541 540 543
f 541 572 542
f 541 540 572
f 541 542 465
f 541 540 465
f 541 626 543
f 541 540 626
f 541 537 572
f 541 537 540
f 541 466 542
f 541 540 466
f 541 621 543
f 541 540 621
f 541 621 543
f 541 540 543
f 541 540 621
f 541 542 495
f 541 542 504
f 541 537 504
f 541 537 542
f 541 537 495
f 541 537 540
f 541 469 542
f 541 540 469
f 541 542 495
f 541 540 495
f 541 469 542
f 541 540 469
f 541 492 542
f 541 492 540
f 541 542 471
f 541 540 471
f 541 492 542
f 541 492 540
f 541 473 542
f 541 542 486
f 541 540 486
f 541 473 471
f 541 540 471
f 541 540 473
f 541 473 475
f 541 540 473
f 541 542 486
f 541 540 486
f 541 542 482
f 541 540 482
f 541 542 480
f 541 540 480
f 541 542 480
f 541 540 480
f 539 630 632
f 539 630 540
f 539 635 459
f 539 635 540
f 539 630 628
f 539 630 540
f 539 459 460
f 539 540 459
f 539 626 628
f 539 540 626
f 539 461 460
f 539 540 461
f 539 626 624
f 539 540 626
f 539 461 538
f 539 540 461
f 539 621 624
f 539 540 621
f 539 463 538
f 539 540 463
f 539 621 538
f 539 540 621
f 539 463 465
f 539 540 463
f 539 466 465
f 539 540 466
f 539 469 468
f 539 540 469
f 539 609 610
f 539 609 540
f 539 469 470
f 539 540 469
f 539 609 608
f 539 609 540
f 539 540 471
f 539 604 608
f 539 604 540
f 539 537 470
f 539 537 471
f 539 540 471
f 539 604 603
f 539 604 540
f 539 537 471
f 539 540 473
f 539 602 603
f 539 602 540
f 539 537 473
f 539 602 601
f 539 602 540
f 539 537 578
f 539 537 540
f 539 540 473
f 539 537 473
f 539 600 601
f 539 600 540
f 539 578 579
f 539 540 578
f 539 580 579
f 539 540 580
f 539 540 480
f 539 537 480
f 539 584 580
f 539 540 584
f 539 540 480
f 539 537 480
f 539 537 540
f 539 584 585
f 539 540 584
f 539 594 590
f 539 540 594
f 539 585 586
f 539 540 585
f 539 589 590
f 539 540 589
f 539 587 586
f 539 540 587
f 539 588 589
f 539 540 588
f 539 588 587
f 539 540 588
f 349 348 452
f 349 350 452
f 349 448 348
f 349 350 448
f 349 348 455
f 349 448 348
f 349 350 448
f 349 354 455
f 349 350 354
f 349 348 455
f 349 348 447
f 349 350 447
f 349 354 455
f 349 354 348
f 349 444 348
f 349 350 444
f 349 354 348
f 349 350 354
f 349 443 444
f 349 350 321
f 349 442 443
f 349 442 443
f 349 442 350
f 349 348 323
f 349 321 323
f 349 442 348
f 349 442 350
f 349 439 437
f 349 439 350
f 349 426 348
f 349 350 426
f 349 435 437
f 349 435 350
f 349 426 348
f 349 350 426
f 349 348 428
f 349 350 428
f 351 354 448
f 351 350 448
f 351 350 354
f 351 354 448
f 351 350 448
f 351 354 447
f 351 350 447
f 351 354 444
f 351 350 444
f 351 442 350
f 351 442 350
f 351 439 438
f 351 438 350
f 351 435 350
f 351 350 428
f 351 350 428
f 351 350 354
f 351 319 354
f 344 451 343
f 344 345 451
f 344 448 343
f 344 345 448
f 344 451 343
f 344 345 451
f 344 448 343
f 344 345 448
f 344 343 455
f 344 345 455
f 344 343 447
f 344 345 447
f 344 343 455
f 344 345 455
f 344 445 343
f 344 345 445
f 344 343 458
f 344 345 458
f 344 443 445
f 344 343 458
f 344 345 458
f 344 442 345
f 344 443 445
f 344 345 445
f 344 345 443
f 344 332 343
f 344 345 332
f 344 439 443
f 344 332 343
f 344 345 332
f 344 439 437
f 344 439 345
f 344 345 325
f 344 435 437
f 344 435 345
f 344 336 343
f 344 345 336
f 337 336 335
f 337 336 455
f 337 454 336
f 341 340 335
f 341 335 458
f 341 342 458
f 341 342 335
f 341 340 458
f 341 342 458
f 341 332 340
f 341 342 332
f 341 340 455
f 341 342 455
f 341 332 340
f 341 342 332
f 341 454 340
f 341 330 340
f 341 342 455
f 341 454 455
f 341 454 340
f 341 342 328
f 341 330 328
f 341 330 340
f 341 340 451
f 341 342 451
f 341 342 329
f 341 330 329
f 341 336 340
f 341 342 336
f 341 340 450
f 341 336 340
f 341 342 336
f 341 450 451
f 341 342 451
f 341 340 450
f 341 340 448
f 341 342 448
f 341 340 448
f 341 342 448
f 341 340 447
f 341 342 447
f 341 445 340
f 341 342 445
f 341 342 443
f 477 479 434
f 477 435 479
f 477 435 434
f 477 435 479
f 477 432 434
f 477 432 434
f 477 435 436
f 477 437 436
f 477 479 437
f 477 479 437
f 477 429 418
f 477 432 429
f 477 432 429
f 477 432 475
f 477 432 475
f 477 530 531
f 477 479 531
f 477 530 479
f 477 530 529
f 477 530 479
f 477 537 475
f 477 415 475
f 477 532 531
f 477 532 531
f 477 528 529
f 477 479 528
f 477 479 528
f 477 537 536
f 477 537 536
f 477 539 537
f 477 539 537
f 477 532 534
f 477 532 534
f 477 536 535
f 477 536 535
f 477 539 540
f 477 539 540
f 477 535 534
f 477 535 534
f 477 541 540
f 477 541 540
f 477 541 542
f 477 541 475
f 477 545 475
f 320 349 321
f 320 349 350
f 320 351 350
f 320 351 319
f 320 250 248
f 320 250 252
f 320 349 348
f 320 246 248
f 320 246 321
f 320 347 348
f 320 246 247
f 320 246 319
f 320 246 321
f 320 246 319
f 320 257 259
f 320 244 321
f 320 319 244
f 320 277 282
f 320 347 336
f 320 244 321
f 320 319 244
f 320 321 243
f 320 319 243
f 320 319 321
f 320 291 301
f 320 314 301
f 306 364 363
f 306 364 365
f 306 307 364
f 306 305 365
f 306 307 305
f 306 304 305
f 306 304 301
f 306 304 258
f 306 257 304
f 306 257 304
f 306 257 258
f 306 257 305
f 306 254 307
f 229 224 215
f 229 234 215
f 229 234 231
f 229 234 224
f 229 296 231
f 229 224 293
f 229 231 300
f 229 234 296
f 229 234 293
f 229 231 325
f 229 231 321
f 229 231 303
f 229 231 328
f 229 228 325
f 229 319 231
f 229 234 224
f 229 231 305
f 229 329 328
f 229 228 329
f 229 319 231
f 229 307 231
f 229 330 329
f 229 330 228
f 229 330 228
f 229 315 231
f 229 307 231
f 229 315 231
f 229 231 311
f 229 231 311
f 225 332 227
f 225 224 332
f 225 182 183
f 225 182 179
f 225 179 227
f 225 153 227
f 225 227 177
f 225 227 155
f 225 227 157
f 225 170 227
f 225 227 157
f 225 170 169
f 225 227 158
f 225 166 169
f 225 161 227
f 225 166 227
f 225 162 161
f 225 163 227
f 225 162 163
f 220 315 217
f 220 224 315
f 220 217 311
f 220 224 311
f 220 315 217
f 220 224 315
f 220 217 311
f 220 224 311
f 220 319 217
f 220 307 217
f 220 224 307
f 220 319 217
f 220 307 217
f 220 224 307
f 220 217 321
f 220 217 305
f 220 224 305
f 220 217 325
f 220 217 303
f 220 224 303
f 220 217 325
f 220 217 300
f 220 224 300
f 220 296 217
f 220 224 296
f 220 332 328
f 220 217 332
f 220 293 296
f 220 224 293
f 220 284 217
f 220 224 284
f 220 217 279
f 220 224 279
f 220 224 214
f 220 216 214
f 220 216 217
f 327 234 235
f 327 235 237
f 327 236 235
f 327 231 232
f 327 231 232
f 327 229 325
f 327 229 231
f 327 229 231
f 327 329 237
f 327 239 329
f 327 241 239
f 327 241 243
f 327 246 243
f 327 344 325
f 327 329 343
f 327 344 343
f 107 108 155
f 107 108 157
f 107 100 95
f 107 108 157
f 107 108 161
f 107 54 56
f 107 108 54
f 107 162 108
f 107 53 54
f 107 53 108
f 107 162 108
f 107 53 52
f 107 53 108
f 107 52 51
f 107 108 51
f 107 108 52
f 107 164 163
f 107 108 164
f 107 108 164
f 107 166 105
f 107 166 108
f 39 38 91
f 39 40 91
f 39 38 44
f 39 40 44
f 39 38 19
f 39 40 19
f 39 20 38
f 39 40 20
f 39 20 38
f 39 40 20
f 39 22 38
f 39 22 40
f 39 24 38
f 39 22 38
f 39 22 40
f 159 149 164
f 159 162 132
f 159 181 176
f 159 164 181
f 159 162 112
f 159 172 176
f 159 172 164
f 159 172 164
f 159 110 158
f 159 112 110
f 159 110 161
f 159 112 110
f 159 216 214
f 135 112 154
f 135 159 112
f 41 40 110
f 41 112 110
f 41 112 40
f 41 42 20
f 41 40 20
f 41 42 20
f 41 40 20
f 41 22 42
f 41 22 40
f 41 22 40
f 111 112 110
f 111 166 110
f 102 170 100
f 102 170 100
f 102 166 100
f 102 162 100
f 102 162 100
f 102 100 161
f 102 100 157
f 102 100 157
f 334 33 217
f 334 33 34
f 334 217 332
f 334 33 335
f 37 27 26
f 37 26 25
f 37 24 38
f 37 39 24
f 37 24 25
f 37 39 24
f 37 39 40
f 37 39 132
f 37 41 40
f 37 43 24
f 37 135 214
f 37 43 24
f 37 43 42
f 37 22 42
f 37 41 22
f 37 41 22
f 50 37 43
f 50 53 54
f 50 37 212
f 50 37 43
f 50 53 11
f 50 22 43
f 50 11 52
f 50 11 20
f 50 11 20
f 50 49 20
f 50 22 43
f 50 11 51
f 50 49 51
f 50 11 18
f 50 49 18
f 50 43 20
f 50 49 43
f 50 13 11
f 50 49 13
f 50 11 18
f 50 49 18
f 50 13 11
f 50 49 13
f 50 11 16
f 50 49 16
f 50 11 14
f 50 49 14
f 50 11 16
f 50 49 16
f 719 89 91
f 719 720 89
f 719 672 669
f 719 720 672
f 719 672 675
f 719 720 672
f 719 678 675
f 719 720 678
f 719 687 720
f 719 681 680
f 719 681 720
f 721 89 722
f 721 720 89
f 721 66 720
f 721 672 722
f 721 720 672
f 721 672 722
f 721 720 672
f 721 722 678
f 721 720 678
f 721 681 680
f 721 681 720
f 721 687 720
f 725 672 669
f 725 724 672
f 725 724 672
f 725 724 676
f 725 674 676
f 725 674 676
f 725 677 676
f 725 677 724
f 725 681 677
f 725 681 677
f 723 89 722
f 723 724 89
f 723 672 722
f 723 724 672
f 723 672 722
f 723 724 672
f 723 676 722
f 723 724 676
f 723 677 676
f 723 677 724
f 723 677 680
f 723 677 724
f 723 681 680
f 723 681 724
f 2 56 3
f 2 668 669
f 60 729 56
f 60 727 726
f 60 725 726
f 60 102 100
f 55 54 5
f 55 7 54
f 55 7 54
f 55 112 54
f 55 54 11
f 55 50 54
f 55 50 212
f 55 22 11
f 55 50 22
f 55 22 11
f 55 50 11
f 55 50 22
f 6 671 7
f 6 55 5
f 6 55 7
f 6 4 668
f 6 2 671
f 6 674 671
f 6 2 674
f 6 7 68
f 6 681 677
f 76 713 715
f 76 713 717
f 76 713 715
f 76 713 717
f 76 88 114
f 655 653 654
f 655 656 18
f 655 656 654
f 655 656 16
f 655 656 16
f 655 656 14
f 655 630 656
f 655 656 13
f 655 656 13
f 655 656 9
f 655 656 9
f 655 635 672
f 655 635 672
f 655 656 4
f 655 656 5
f 655 675 645
f 655 672 675
f 655 656 4
f 655 678 675
f 655 2 656
f 655 688 678
f 655 688 678
f 657 654 20
f 657 654 18
f 657 656 654
f 657 627 656
f 657 625 627
f 657 656 18
f 657 627 656
f 657 656 16
f 657 656 16
f 657 656 14
f 657 656 13
f 657 656 13
f 657 656 9
f 657 656 9
f 657 656 5
f 90 276 91
f 90 277 276
f 90 277 88
f 90 89 701
f 90 96 88
f 90 88 89
f 702 88 89
f 702 701 91
f 702 89 91
f 702 89 701
f 702 88 87
f 702 88 87
f 702 90 89
f 702 90 88
f 702 90 88
f 702 701 698
f 702 704 695
f 702 695 698
f 702 695 696
f 702 696 697
f 702 704 695
f 702 694 706
f 702 697 699
f 702 701 699
f 702 701 697
f 702 694 696
f 702 694 695
f 702 694 695
f 702 694 706
f 702 694 708
f 702 709 694
f 702 709 694
f 85 89 706
f 85 88 89
f 79 88 114
f 79 76 114
f 79 88 89
f 79 76 713
f 79 712 713
f 79 89 710
f 79 709 89
f 278 701 91
f 278 277 91
f 278 701 700
f 278 90 701
f 278 90 277
f 278 279 700
f 278 88 701
f 278 90 88
f 278 90 277
f 278 393 279
f 278 277 393
f 278 393 279
f 278 277 393
f 278 87 279
f 278 88 87
f 278 277 88
f 278 280 279
f 278 276 87
f 278 88 276
f 278 276 282
f 278 277 276
f 278 280 282
f 278 277 280
f 99 100 161
f 99 162 161
f 99 162 100
f 99 162 165
f 99 162 100
f 99 166 100
f 99 166 100
f 99 170 100
f 99 100 95
f 99 170 100
f 99 100 171
f 99 100 176
f 99 90 88
f 99 100 177
f 99 179 100
f 99 114 183
f 131 162 132
f 131 162 112
f 131 159 112
f 131 159 162
f 131 159 162
f 131 132 164
f 131 168 132
f 131 172 132
f 131 45 132
f 131 43 132
f 131 132 179
f 131 43 132
f 131 41 132
f 131 132 181
f 131 41 132
f 131 37 132
f 131 37 132
f 233 330 232
f 233 330 235
f 233 330 235
f 233 232 329
f 233 235 329
f 233 234 235
f 233 205 234
f 233 327 232
f 233 327 234
f 233 231 232
f 233 327 232
f 233 327 234
f 233 231 325
f 233 234 325
f 233 231 321
f 233 234 321
f 233 234 231
f 202 276 87
f 202 205 87
f 202 205 276
f 202 205 115
f 202 131 205
f 209 284 279
f 209 284 286
f 209 284 286
f 209 271 260
f 209 286 87
f 209 580 212
f 209 87 212
f 209 87 580
f 209 580 579
f 209 55 50
f 209 50 43
f 209 247 245
f 209 240 245
f 209 240 238
f 209 240 245
f 209 236 238
f 209 236 234
f 209 234 231
f 209 229 231
f 180 135 179
f 180 131 132
f 180 131 132
f 180 260 179
f 180 260 182
f 180 179 258
f 180 182 258
f 180 179 115
f 180 96 181
f 180 96 179
f 180 257 179
f 180 257 182
f 180 115 181
f 180 179 115
f 180 99 100
f 180 99 179
f 180 254 179
f 180 254 182
f 180 250 179
f 180 250 182
f 180 250 182
f 109 108 110
f 109 166 110
f 109 166 108
f 109 60 111
f 711 89 714
f 711 712 89
f 711 710 714
f 711 89 710
f 711 688 710
f 711 712 688
f 711 89 710
f 711 79 710
f 711 79 712
f 711 694 690
f 711 712 694
f 711 687 712
f 711 687 712
f 711 702 694
f 711 702 712
f 294 377 376
f 294 375 376
f 294 293 295
f 294 377 295
f 294 292 377
f 294 375 295
f 294 375 376
f 294 292 376
f 294 373 295
f 294 375 291
f 294 373 291
f 294 372 373
f 294 372 373
f 294 372 295
f 294 372 371
f 294 367 291
f 294 372 291
f 294 372 371
f 294 371 368
f 294 367 368
f 294 367 291
f 294 367 297
f 294 291 301
f 380 410 409
f 380 410 381
f 380 411 379
f 380 381 411
f 380 292 291
f 380 292 381
f 380 379 298
f 380 381 298
f 380 292 293
f 380 292 381
f 380 296 379
f 380 381 296
f 380 293 295
f 380 381 293
f 380 296 295
f 380 381 296
f 382 408 409
f 382 407 408
f 382 381 404
f 382 381 404
f 382 407 404
f 382 407 381
f 382 410 409
f 382 407 410
f 382 407 410
f 382 381 298
f 382 292 381
f 382 381 296
f 382 292 381
f 382 381 293
f 378 292 293
f 378 294 293
f 378 294 377
f 378 292 291
f 378 292 377
f 378 294 292
f 378 294 292
f 378 380 291
f 378 412 413
f 378 377 413
f 378 377 412
f 378 412 411
f 378 410 412
f 378 380 411
f 378 380 410
f 378 410 409
f 378 380 410
f 378 409 412
f 378 377 412
f 378 408 409
f 378 408 409
f 378 380 409
f 378 408 420
f 378 377 420
f 378 382 408
f 378 385 384
f 378 385 386
f 378 387 386
f 378 377 368
f 388 389 365
f 388 387 365
f 388 389 577
f 388 404 389
f 388 387 404
f 388 215 577
f 388 387 215
f 388 387 215
f 388 296 389
f 388 387 296
f 388 403 404
f 388 387 403
f 388 293 296
f 388 387 293
f 388 403 402
f 388 387 403
f 388 401 402
f 388 401 405
f 388 405 387
f 388 401 405
f 388 405 389
f 388 405 387
f 388 284 286
f 388 378 387
f 388 283 284
f 388 283 282
f 388 283 387
f 285 387 286
f 285 283 387
f 285 388 284
f 285 388 387
f 285 388 283
f 285 388 283
f 285 385 282
f 285 283 282
f 285 283 284
f 285 283 276
f 287 285 286
f 287 285 385
f 287 285 385
f 287 378 380
f 287 375 291
f 287 373 291
f 287 285 277
f 287 372 291
f 287 372 373
f 287 372 373
f 287 367 291
f 287 294 291
f 287 277 282
f 287 367 291
f 287 312 314
f 287 312 310
f 287 312 310
f 287 320 291
f 287 312 314
f 287 320 291
f 287 291 324
f 287 320 282
f 287 282 324
f 281 283 282
f 281 280 279
f 281 280 282
f 281 393 279
f 281 280 392
f 281 284 393
f 281 283 284
f 281 284 392
f 281 283 284
f 281 283 390
f 281 283 282
f 281 280 390
f 281 280 282
f 281 393 279
f 281 284 393
f 281 87 279
f 281 284 87
f 281 205 87
f 281 205 284
f 281 209 284
f 174 172 114
f 174 172 115
f 174 172 115
f 174 99 100
f 174 225 227
f 174 225 227
f 174 257 259
f 174 257 259
f 174 227 230
f 174 227 177
f 174 232 230
f 174 232 177
f 174 235 232
f 174 235 232
f 174 254 252
f 174 254 252
f 174 235 237
f 174 235 177
f 174 250 252
f 174 250 252
f 174 239 237
f 174 239 177
f 174 250 248
f 174 250 177
f 174 241 239
f 174 241 239
f 174 246 248
f 174 246 177
f 174 241 243
f 174 241 243
f 174 246 243
f 174 246 243
f 249 247 305
f 249 247 303
f 249 307 247
f 249 247 300
f 249 307 247
f 249 296 247
f 249 247 311
f 249 247 311
f 249 250 311
f 249 293 296
f 249 250 312
f 249 209 247
f 249 284 247
f 249 311 313
f 249 312 311
f 249 250 312
f 249 314 313
f 249 250 314
f 249 315 314
f 249 250 315
f 249 247 215
f 251 252 183
f 251 250 183
f 251 250 252
f 251 249 303
f 251 249 305
f 251 249 300
f 251 249 307
f 251 307 252
f 251 249 296
f 251 249 307
f 251 249 250
f 251 252 310
f 251 249 293
f 251 249 284
f 251 311 310
f 251 250 311
f 251 252 311
f 251 249 209
f 251 312 252
f 251 250 312
f 251 312 252
f 251 250 312
f 251 314 252
f 251 250 314
f 251 249 215
f 253 252 183
f 253 254 183
f 253 182 252
f 253 254 182
f 253 254 182
f 253 254 256
f 253 254 303
f 253 251 303
f 253 254 300
f 253 251 300
f 253 254 305
f 253 251 305
f 253 251 296
f 253 254 307
f 253 251 307
f 253 251 307
f 253 296 256
f 253 254 256
f 253 251 293
f 253 251 284
f 253 202 258
f 253 307 252
f 253 293 296
f 253 258 284
f 253 258 284
f 253 252 310
f 253 254 310
f 253 251 209
f 253 254 312
f 253 209 260
f 253 209 260
f 253 252 311
f 253 312 311
f 253 312 252
f 253 312 314
f 253 254 314
f 253 254 312
f 253 271 260
f 253 251 215
f 255 256 183
f 255 254 183
f 255 182 256
f 255 254 182
f 255 180 254
f 255 257 182
f 255 180 257
f 255 180 254
f 255 180 257
f 255 254 179
f 255 257 179
f 255 254 177
f 255 257 177
f 255 174 254
f 255 174 257
f 255 174 254
f 255 174 257
f 255 257 170
f 255 170 252
f 255 254 252
f 255 257 170
f 255 320 257
f 255 170 252
f 255 257 166
f 255 257 324
f 255 320 252
f 255 320 254
f 255 166 252
f 255 257 166
f 255 254 312
f 255 257 312
f 255 252 324
f 255 166 252
f 255 257 162
f 255 254 312
f 255 257 310
f 255 257 312
f 255 162 252
f 255 257 162
f 255 162 252
f 255 257 161
f 255 252 161
f 255 306 307
f 255 306 254
f 255 254 305
f 255 306 305
f 255 306 254
f 617 616 668
f 617 616 614
f 617 672 675
f 617 616 675
f 617 616 672
f 617 555 616
f 617 555 616
f 617 564 565
f 617 564 614
f 617 616 614
f 617 552 554
f 617 616 552
f 617 616 552
f 617 616 563
f 617 616 560
f 617 616 561
f 617 616 560
f 670 616 614
f 670 668 614
f 670 2 668
f 670 617 672
f 670 617 616
f 670 617 616
f 670 671 672
f 670 2 668
f 670 2 671
f 670 6 668
f 670 6 671
f 670 6 671
f 615 671 672
f 615 616 672
f 615 670 616
f 615 670 671
f 615 670 616
f 615 670 671
f 615 614 678
f 615 616 678
f 615 616 682
f 615 612 682
f 615 682 685
f 615 616 682
f 615 612 688
f 615 688 685
f 615 612 688
f 615 616 549
f 615 612 549
f 615 616 549
f 615 612 549
f 615 688 691
f 615 616 552
f 615 612 552
f 615 547 616
f 615 547 612
f 615 695 691
f 615 616 552
f 615 612 552
f 615 547 616
f 615 555 616
f 615 525 526
f 615 555 616
f 615 526 527
f 615 540 543
f 615 616 543
f 615 528 527
f 615 560 614
f 615 616 560
f 615 539 540
f 615 528 529
f 615 560 614
f 615 616 614
f 615 616 560
f 615 539 538
f 615 529 533
f 615 535 538
f 615 534 533
f 615 535 534
f 684 602 601
f 684 602 601
f 684 600 601
f 684 602 603
f 684 602 683
f 684 601 686
f 684 600 601
f 684 604 603
f 684 604 683
f 684 681 600
f 684 605 683
f 684 604 605
f 684 604 605
f 684 686 713
f 684 681 596
f 684 687 686
f 684 687 686
f 684 687 596
f 684 681 596
f 684 713 715
f 684 713 715
f 684 683 715
f 684 683 715
f 684 713 717
f 684 683 717
f 684 687 596
f 684 681 593
f 684 713 717
f 684 683 717
f 684 687 593
f 684 681 591
f 684 719 713
f 684 719 687
f 684 687 591
f 684 681 591
f 684 681 683
f 684 719 681
f 684 719 687
f 684 687 591
f 684 681 589
f 684 719 681
f 684 687 589
f 684 681 588
f 684 721 687
f 684 721 681
f 684 687 588
f 684 681 588
f 684 687 588
f 684 687 587
f 684 681 587
f 684 721 687
f 684 721 681
f 684 583 687
f 684 681 583
f 684 723 681
f 684 723 681
f 684 725 681
f 692 602 601
f 692 602 601
f 692 600 601
f 692 602 603
f 692 602 603
f 692 604 603
f 692 604 603
f 692 604 605
f 692 604 605
f 692 706 705
f 692 706 695
f 692 706 691
f 692 596 597
f 692 608 695
f 692 605 608
f 692 605 608
f 692 704 705
f 692 704 695
f 692 704 695
f 692 708 691
f 692 596 691
f 692 690 708
f 692 594 691
f 692 593 594
f 692 690 591
f 692 690 591
f 692 690 593
f 692 690 593
f 599 600 687
f 599 600 690
f 599 687 686
f 599 600 687
f 599 692 600
f 599 684 686
f 599 684 600
f 599 681 600
f 599 684 681
f 599 684 681
f 599 600 525
f 599 600 525
f 599 600 526
f 599 600 528
f 599 600 528
f 599 600 560
f 599 600 529
f 599 600 560
f 599 600 557
f 599 600 534
f 599 600 564
f 599 600 552
f 599 600 535
f 599 600 552
f 599 600 535
f 599 567 600
f 599 600 564
f 599 567 564
f 599 567 600
f 599 600 549
f 599 539 600
f 599 600 568
f 599 547 600
f 599 539 600
f 599 600 570
f 599 600 540
f 599 600 572
f 599 572 573
f 599 600 573
f 599 600 572
f 689 600 601
f 689 599 600
f 689 599 600
f 689 600 690
f 689 600 601
f 689 688 710
f 689 602 601
f 689 602 601
f 689 709 710
f 689 709 690
f 689 709 690
f 689 711 688
f 689 711 690
f 689 602 603
f 689 602 603
f 689 687 688
f 689 711 687
f 689 711 687
f 689 604 688
f 689 604 603
f 689 604 603
f 689 596 690
f 689 687 596
f 689 596 690
f 689 687 596
f 689 690 593
f 689 687 593
f 689 687 690
f 613 668 614
f 613 612 668
f 613 670 668
f 613 670 671
f 613 612 671
f 613 670 671
f 613 574 607
f 613 614 607
f 613 614 574
f 613 573 574
f 613 573 614
f 613 671 672
f 613 573 571
f 613 612 571
f 613 573 614
f 613 570 614
f 613 612 570
f 613 612 674
f 613 570 569
f 613 612 570
f 613 614 678
f 613 568 569
f 613 612 568
f 613 676 678
f 613 612 676
f 613 612 676
f 613 615 614
f 613 567 568
f 613 567 612
f 613 615 612
f 613 567 614
f 613 567 612
f 613 612 555
f 613 615 555
f 613 565 614
f 613 612 565
f 613 560 614
f 613 612 560
f 613 612 555
f 613 615 555
f 613 615 612
f 613 564 565
f 613 612 564
f 613 560 614
f 613 612 560
f 613 564 614
f 613 612 564
f 613 614 561
f 613 612 561
f 613 614 563
f 613 612 563
f 611 610 668
f 611 612 668
f 611 610 607
f 611 612 607
f 611 671 610
f 611 612 671
f 611 610 569
f 611 570 569
f 611 612 570
f 611 568 610
f 611 612 568
f 611 674 610
f 611 612 674
f 611 570 571
f 611 612 571
f 611 612 570
f 611 567 568
f 611 567 612
f 611 610 676
f 611 612 676
f 611 567 610
f 611 567 612
f 611 612 676
f 611 610 565
f 611 612 565
f 611 677 676
f 611 677 610
f 611 677 610
f 611 564 610
f 611 612 564
f 611 564 610
f 611 612 564
f 611 682 610
f 611 612 682
f 611 612 563
f 611 610 688
f 611 612 688
f 611 563 561
f 611 610 563
f 611 612 561
f 611 610 688
f 611 612 688
f 611 610 560
f 611 612 560
f 611 615 612
f 611 610 560
f 611 612 560
f 611 610 695
f 611 615 695
f 611 610 534
f 611 610 529
f 611 615 529
f 611 615 534
f 611 555 557
f 611 612 555
f 611 525 610
f 611 615 525
f 611 610 535
f 611 610 528
f 611 615 528
f 611 615 535
f 611 555 610
f 611 612 555
f 611 610 526
f 611 615 526
f 611 610 535
f 611 610 528
f 611 615 528
f 611 615 535
f 611 552 610
f 611 612 552
f 611 539 610
f 611 615 539
f 611 552 610
f 611 612 552
f 611 539 540
f 611 615 539
f 611 549 610
f 611 612 549
f 611 540 610
f 611 615 540
f 611 615 612
f 611 549 610
f 611 612 549
f 611 547 610
f 611 547 612
f 544 630 632
f 544 630 545
f 544 633 545
f 544 630 543
f 544 630 545
f 544 626 543
f 544 545 626
f 544 461 543
f 544 545 461
f 544 626 543
f 544 545 626
f 544 461 543
f 544 545 461
f 544 621 543
f 544 545 621
f 544 463 543
f 544 545 463
f 544 621 543
f 544 545 621
f 544 463 543
f 544 545 463
f 544 616 543
f 544 616 545
f 544 543 465
f 544 545 465
f 544 615 616
f 544 615 616
f 544 466 543
f 544 466 545
f 544 615 612
f 544 611 612
f 544 615 547
f 544 615 547
f 544 469 545
f 544 611 610
f 544 611 547
f 544 469 542
f 544 609 610
f 544 611 547
f 544 542 543
f 544 469 542
f 544 469 545
f 544 609 608
f 544 547 609
f 544 543 578
f 544 545 578
f 544 572 542
f 544 545 572
f 544 545 572
f 544 473 542
f 544 473 545
f 544 604 608
f 544 547 609
f 544 547 545
f 544 473 475
f 544 473 545
f 544 604 603
f 544 547 604
f 544 543 578
f 544 547 578
f 544 477 475
f 544 477 545
f 544 602 603
f 544 547 604
f 544 543 584
f 544 547 584
f 544 602 601
f 544 547 602
f 544 547 602
f 544 477 542
f 544 477 545
f 544 543 584
f 544 547 584
f 544 600 601
f 544 547 600
f 544 542 480
f 544 545 480
f 544 545 542
f 544 543 585
f 544 547 585
f 544 599 600
f 544 599 547
f 544 543 587
f 544 547 587
f 544 588 543
f 544 547 588
f 544 588 589
f 544 547 588
f 544 594 543
f 544 547 594
f 544 589 543
f 544 547 589
f 631 547 632
f 631 630 547
f 631 630 547
f 631 549 632
f 631 630 549
f 631 549 632
f 631 630 549
f 631 630 552
f 631 633 552
f 631 633 554
f 631 633 555
f 631 633 555
f 631 655 630
f 631 633 560
f 631 655 653
f 631 633 560
f 631 633 561
f 631 633 564
f 631 633 564
f 631 633 565
f 631 633 568
f 631 633 568
f 631 633 570
f 631 633 570
f 631 633 574
f 631 633 574
f 631 633 619
f 631 625 633
f 629 549 628
f 629 630 628
f 629 630 549
f 629 549 550
f 629 630 549
f 629 552 628
f 629 630 552
f 629 554 628
f 629 631 554
f 629 631 630
f 629 631 555
f 629 627 554
f 629 555 627
f 629 631 555
f 629 555 627
f 629 631 557
f 629 627 557
f 629 655 630
f 629 631 655
f 629 631 655
f 629 627 653
f 629 631 653
f 629 627 560
f 629 631 560
f 629 627 656
f 629 655 656
f 629 627 656
f 629 655 656
f 629 631 633
f 629 631 633
f 629 627 560
f 629 631 560
f 629 627 561
f 629 631 561
f 629 627 564
f 629 631 564
f 629 627 564
f 629 631 564
f 629 627 565
f 629 631 565
f 629 627 568
f 629 631 568
f 629 627 568
f 629 631 568
f 629 627 570
f 629 631 570
f 629 627 570
f 629 631 570
f 629 627 574
f 629 631 574
f 629 627 574
f 629 631 574
f 629 627 619
f 629 631 619
f 629 631 625
f 546 633 545
f 546 633 547
f 546 630 545
f 546 630 547
f 546 630 547
f 546 633 545
f 546 633 547
f 546 545 461
f 546 547 461
f 546 545 461
f 546 547 461
f 546 545 463
f 546 547 463
f 546 545 463
f 546 547 463
f 546 466 545
f 546 466 548
f 546 547 548
f 546 469 545
f 546 469 471
f 546 473 545
f 546 473 471
f 546 473 545
f 546 473 475
f 546 545 475
f 546 475 548
f 546 545 480
f 546 549 548
f 546 549 480
f 546 545 480
f 546 549 480
f 546 545 482
f 546 567 549
f 546 567 572
f 546 547 572
f 546 567 545
f 546 547 545
f 546 549 482
f 546 545 486
f 546 549 486
f 546 545 486
f 546 549 495
f 546 567 542
f 546 567 545
f 546 549 486
f 546 492 545
f 546 542 495
f 546 545 542
f 546 545 495
f 546 549 495
f 546 503 504
f 546 550 503
f 546 549 550
f 546 567 557
f 546 557 549
f 546 567 557
f 546 492 549
f 546 492 545
f 546 542 504
f 546 492 549
f 546 550 503
f 546 508 550
f 546 542 508
f 546 531 542
f 546 542 514
f 546 542 508
f 546 531 542
f 558 633 556
f 558 633 460
f 558 631 557
f 558 631 633
f 558 461 460
f 558 461 556
f 558 631 633
f 558 461 462
f 558 461 556
f 558 629 631
f 558 629 631
f 558 462 559
f 558 556 462
f 558 563 578
f 558 557 563
f 558 629 627
f 558 629 627
f 558 584 578
f 558 557 584
f 558 625 627
f 558 625 627
f 558 584 585
f 558 557 584
f 558 469 556
f 558 585 586
f 558 557 585
f 558 587 586
f 558 557 587
f 558 622 557
f 558 588 587
f 558 557 588
f 558 557 621
f 558 622 619
f 558 622 621
f 558 588 589
f 558 557 588
f 558 589 590
f 558 557 589
f 558 617 616
f 558 617 616
f 558 594 590
f 558 557 594
f 558 615 616
f 558 615 616
f 558 615 614
f 558 613 614
f 558 613 615
f 558 613 615
f 558 599 600
f 558 599 600
f 558 613 612
f 558 613 612
f 558 600 601
f 558 600 557
f 558 611 612
f 558 611 612
f 558 602 601
f 558 602 557
f 558 611 610
f 558 611 557
f 558 602 603
f 558 602 557
f 558 609 610
f 558 609 557
f 558 604 603
f 558 604 557
f 558 609 608
f 558 609 557
f 558 604 605
f 558 604 557
f 558 605 608
f 558 557 605
f 623 622 557
f 623 625 556
f 623 625 557
f 623 555 556
f 623 622 555
f 623 558 622
f 623 558 625
f 623 555 554
f 623 622 555
f 623 558 622
f 623 558 625
f 623 554 624
f 623 622 554
f 623 552 624
f 623 622 552
f 623 622 552
f 623 625 560
f 623 622 560
f 623 625 560
f 623 560 619
f 623 622 560
f 623 625 561
f 623 619 561
f 623 625 564
f 623 653 654
f 623 625 653
f 623 625 564
f 623 565 619
f 623 625 565
f 623 564 565
f 623 619 563
f 623 564 563
f 623 564 619
f 623 633 619
f 623 625 633
f 623 568 619
f 623 625 568
f 623 631 633
f 623 631 625
f 623 568 569
f 623 625 568
f 623 629 631
f 623 629 631
f 623 570 569
f 623 625 570
f 623 625 627
f 623 629 627
f 623 629 625
f 623 570 619
f 623 625 570
f 623 574 619
f 623 625 574
f 623 574 619
f 623 625 619
f 623 625 574
f 440 442 443
f 440 439 443
f 440 442 474
f 440 439 474
f 440 344 442
f 440 344 439
f 440 442 441
f 440 344 442
f 440 344 439
f 440 441 474
f 440 442 345
f 440 439 345
f 440 473 474
f 440 442 347
f 440 442 347
f 440 439 347
f 440 438 473
f 440 438 473
f 440 439 438
f 440 441 471
f 440 438 471
f 440 438 441
f 440 347 348
f 440 439 347
f 440 356 441
f 440 438 356
f 440 356 441
f 440 438 356
f 440 439 438
f 440 349 348
f 440 349 439
f 440 360 441
f 440 438 360
f 440 354 441
f 440 439 354
f 440 349 350
f 440 349 439
f 440 360 361
f 440 438 360
f 440 351 350
f 440 351 439
f 440 361 441
f 440 438 361
f 440 441 363
f 440 438 363
f 440 438 441
f 299 373 300
f 299 372 373
f 299 372 373
f 299 372 371
f 299 370 371
f 299 372 298
f 299 372 371
f 299 370 371
f 299 370 368
f 299 369 370
f 299 260 300
f 299 369 368
f 299 370 301
f 299 369 370
f 299 367 368
f 299 367 368
f 299 367 297
f 299 367 301
f 299 294 297
f 299 287 277
f 299 287 294
f 417 372 373
f 417 372 418
f 417 419 373
f 417 419 373
f 417 413 418
f 417 413 441
f 417 419 491
f 417 419 492
f 417 419 492
f 417 441 418
f 417 491 490
f 417 418 449
f 417 490 418
f 417 418 462
f 417 488 418
f 417 418 462
f 417 487 488
f 417 487 486
f 417 469 471
f 417 486 485
f 417 473 471
f 417 484 485
f 417 473 475
f 417 477 475
f 417 483 482
f 417 483 484
f 417 483 484
f 417 480 482
f 417 477 418
f 417 480 418
f 467 536 466
f 467 537 536
f 467 537 536
f 467 537 468
f 467 537 466
f 467 539 468
f 467 539 466
f 467 539 540
f 467 539 540
f 467 541 540
f 467 541 540
f 467 541 542
f 467 541 466
f 467 544 542
f 467 544 545
f 467 544 466
f 467 466 542
f 467 544 542
f 467 544 466
f 467 546 466
f 467 469 545
f 467 546 469
f 467 546 466
f 467 546 469
f 467 466 549
f 467 469 549
f 467 466 549
f 467 469 549
f 467 555 469
f 467 555 553
f 467 555 469
f 467 555 556
f 467 558 469
f 467 558 556
f 467 558 469
f 467 558 559
f 467 560 559
f 467 469 560
f 467 469 441
f 467 560 561
f 467 469 560
f 467 444 441
f 467 561 562
f 467 469 561
f 467 444 468
f 467 466 468
f 467 444 441
f 467 438 441
f 467 438 469
f 467 565 562
f 467 469 565
f 467 444 447
f 467 466 447
f 467 444 447
f 467 466 447
f 467 438 436
f 467 438 469
f 467 565 566
f 467 569 566
f 467 469 569
f 467 469 565
f 467 436 418
f 467 469 436
f 467 570 569
f 467 469 570
f 467 417 418
f 467 417 469
f 467 570 571
f 467 469 570
f 467 574 571
f 467 469 574
f 467 414 415
f 467 414 469
f 467 574 575
f 467 469 574
f 467 414 413
f 467 414 469
f 467 365 575
f 467 469 365
f 467 413 411
f 467 469 413
f 467 411 365
f 467 469 411
f 634 541 632
f 634 544 632
f 634 544 633
f 634 541 459
f 634 541 635
f 634 541 540
f 634 541 635
f 634 459 543
f 634 544 543
f 634 633 459
f 634 635 459
f 634 633 459
f 634 539 540
f 634 539 635
f 634 633 545
f 634 544 545
f 634 544 633
f 634 539 632
f 634 539 635
f 634 536 632
f 634 635 536
f 634 536 535
f 634 635 536
f 634 535 632
f 634 635 632
f 634 635 535
f 318 320 349
f 318 320 347
f 318 320 349
f 318 320 347
f 318 320 351
f 318 320 324
f 318 320 351
f 318 319 354
f 318 320 257
f 318 255 320
f 318 320 254
f 318 320 250
f 318 255 320
f 318 320 250
f 318 320 277
f 318 247 317
f 318 249 250
f 318 320 247
f 318 320 319
f 318 287 320
f 318 246 247
f 318 246 319
f 318 287 320
f 318 246 245
f 318 246 319
f 318 244 245
f 318 319 244
f 318 319 244
f 316 349 350
f 316 351 350
f 316 351 314
f 316 318 349
f 316 318 351
f 316 314 336
f 316 349 348
f 316 318 349
f 316 347 336
f 316 318 347
f 316 347 348
f 316 318 347
f 316 314 324
f 316 318 324
f 316 315 314
f 316 320 314
f 316 318 320
f 316 354 317
f 316 315 317
f 316 251 314
f 316 254 314
f 316 318 254
f 316 320 314
f 316 318 320
f 316 318 250
f 316 251 250
f 316 250 315
f 316 251 250
f 316 255 254
f 316 318 255
f 316 287 314
f 316 318 287
f 316 249 250
f 316 318 249
f 316 255 257
f 316 318 255
f 316 287 314
f 316 318 287
f 316 249 315
f 316 318 317
f 316 318 249
f 316 257 314
f 316 318 257
f 316 277 314
f 316 318 277
f 316 247 317
f 316 315 247
f 316 246 247
f 316 246 315
f 316 315 245
f 316 246 245
f 316 246 315
f 352 442 354
f 352 351 354
f 352 351 442
f 352 442 354
f 352 351 442
f 352 440 354
f 352 440 351
f 352 440 351
f 352 351 439
f 352 351 438
f 352 435 437
f 352 351 435
f 352 351 428
f 352 351 428
f 352 351 314
f 352 316 351
f 352 316 318
f 352 351 319
f 352 318 319
f 352 318 351
f 338 339 335
f 338 337 335
f 338 339 455
f 338 337 455
f 338 454 339
f 338 337 454
f 338 339 332
f 338 454 339
f 338 337 454
f 338 339 453
f 338 339 336
f 338 337 336
f 338 453 451
f 338 337 453
f 338 339 451
f 338 339 450
f 308 307 364
f 308 306 364
f 308 306 307
f 308 306 363
f 308 363 362
f 308 363 362
f 308 307 363
f 308 310 336
f 308 310 362
f 308 336 301
f 308 306 301
f 308 257 310
f 308 306 257
f 308 306 307
f 308 306 257
f 308 361 362
f 308 310 361
f 308 310 361
f 308 257 310
f 308 306 277
f 308 255 310
f 308 255 307
f 308 277 282
f 308 277 310
f 308 254 310
f 308 255 254
f 308 255 254
f 308 287 282
f 308 287 310
f 308 287 310
f 308 253 307
f 308 253 254
f 308 253 254
f 223 224 319
f 223 220 319
f 223 220 224
f 223 224 319
f 223 220 319
f 223 224 321
f 223 220 321
f 223 224 325
f 223 220 325
f 223 224 325
f 223 220 325
f 223 224 328
f 223 220 328
f 223 224 332
f 223 225 224
f 223 225 152
f 223 225 152
f 223 225 153
f 223 225 155
f 223 225 157
f 223 225 157
f 223 225 158
f 218 220 216
f 218 216 177
f 218 174 216
f 218 179 216
f 218 216 171
f 218 182 179
f 218 170 216
f 218 182 216
f 218 170 216
f 218 168 216
f 218 166 216
f 218 216 164
f 218 216 164
f 218 164 163
f 218 162 216
f 218 162 216
f 218 159 161
f 218 159 216
f 218 159 216
f 218 216 157
f 218 216 157
f 218 154 155
f 218 216 154
f 218 216 153
f 218 216 152
f 218 216 152
f 218 216 149
f 218 216 149
f 218 149 151
f 218 35 34
f 218 334 34
f 326 234 235
f 326 327 234
f 326 327 234
f 326 236 235
f 326 327 236
f 326 236 325
f 326 327 236
f 326 238 325
f 326 238 239
f 326 327 239
f 326 238 239
f 326 241 239
f 326 327 241
f 326 327 241
f 326 241 325
f 326 241 243
f 326 244 243
f 326 246 244
f 326 327 246
f 326 246 244
f 326 246 324
f 326 246 329
f 326 327 246
f 326 250 324
f 326 250 329
f 326 250 252
f 326 346 325
f 326 345 346
f 326 344 345
f 326 327 344
f 326 250 252
f 326 255 252
f 326 345 336
f 326 344 345
f 326 255 252
f 326 255 257
f 326 344 336
f 326 327 329
f 326 327 344
f 326 255 257
f 326 257 259
f 326 347 324
f 326 347 346
f 326 320 324
f 326 320 336
f 326 277 282
f 326 257 259
f 326 320 347
f 326 320 347
f 326 318 320
f 326 318 320
f 326 342 329
f 326 342 336
f 326 342 336
f 326 287 282
f 326 316 318
f 326 316 318
f 326 312 314
f 326 312 314
f 326 312 310
f 326 287 291
f 326 316 314
f 326 316 314
f 326 312 301
f 326 312 310
f 326 308 310
f 326 294 291
f 326 308 310
f 326 336 329
f 326 308 336
f 326 294 301
f 106 172 114
f 106 172 171
f 106 170 171
f 106 107 170
f 106 60 107
f 106 170 168
f 106 107 170
f 142 41 112
f 142 41 112
f 142 112 40
f 133 45 112
f 133 45 132
f 133 45 112
f 133 131 112
f 133 131 45
f 133 131 45
f 133 43 132
f 133 112 46
f 133 131 46
f 133 131 112
f 133 43 42
f 133 43 132
f 133 41 132
f 139 135 154
f 139 135 159
f 139 142 112
f 139 142 41
f 139 142 41
f 139 180 135
f 139 180 135
f 134 159 112
f 134 135 159
f 134 133 112
f 134 133 135
f 134 159 132
f 134 135 159
f 134 132 164
f 134 135 164
f 134 39 132
f 134 135 39
f 134 41 132
f 134 133 41
f 134 41 135
f 134 168 132
f 134 135 168
f 134 37 39
f 134 37 135
f 134 41 135
f 134 133 135
f 134 133 41
f 134 172 168
f 134 135 172
f 134 37 132
f 134 37 135
f 134 135 172
f 134 132 179
f 134 135 179
f 134 180 132
f 134 180 135
f 134 202 205
f 134 180 132
f 134 180 135
f 134 132 181
f 134 135 181
f 119 50 53
f 113 107 168
f 113 107 170
f 113 109 168
f 113 109 111
f 113 107 170
f 113 106 107
f 113 106 107
f 113 172 171
f 113 106 172
f 113 106 172
f 113 111 166
f 113 111 112
f 113 112 164
f 113 129 164
f 113 53 112
f 113 55 112
f 113 55 112
f 104 168 169
f 104 170 169
f 104 102 170
f 104 170 171
f 104 166 105
f 104 102 166
f 104 172 171
f 104 174 172
f 104 107 163
f 104 107 105
f 104 162 163
f 104 102 162
f 104 107 162
f 104 102 162
f 104 107 162
f 104 102 161
f 104 107 161
f 104 107 157
f 104 102 157
f 104 107 157
f 104 102 157
f 104 107 56
f 104 107 100
f 104 102 100
f 104 107 155
f 104 107 100
f 104 100 155
f 104 102 100
f 147 334 34
f 147 334 33
f 147 110 146
f 147 112 110
f 147 112 110
f 71 723 68
f 71 89 717
f 71 73 717
f 71 73 89
f 71 115 68
f 65 721 89
f 65 721 66
f 65 721 66
f 65 723 66
f 65 66 89
f 65 723 66
f 65 725 66
f 65 725 66
f 65 727 63
f 65 66 727
f 65 66 727
f 65 96 95
f 65 96 66
f 65 99 66
f 65 66 114
f 65 106 114
f 65 113 106
f 65 115 63
f 65 66 115
f 65 66 115
f 728 60 729
f 728 60 727
f 728 66 727
f 728 670 729
f 728 727 672
f 728 670 672
f 728 670 672
f 728 76 6
f 728 671 672
f 728 674 677
f 728 674 677
f 728 681 677
f 728 681 677
f 728 6 681
f 59 6 2
f 59 6 4
f 59 6 7
f 59 7 63
f 59 55 7
f 59 63 11
f 59 55 11
f 59 68 63
f 59 209 55
f 59 113 111
f 59 113 60
f 59 109 60
f 59 60 111
f 59 109 60
f 74 73 715
f 74 73 717
f 74 73 715
f 74 73 89
f 74 90 73
f 74 90 73
f 77 712 89
f 77 712 713
f 77 76 713
f 77 712 713
f 77 76 713
f 77 711 89
f 77 711 712
f 77 711 712
f 77 90 89
f 77 76 88
f 77 90 88
f 652 655 18
f 652 655 653
f 652 655 16
f 652 653 18
f 652 653 20
f 652 653 20
f 652 653 22
f 652 653 22
f 652 653 24
f 652 653 24
f 652 633 627
f 652 653 593
f 652 653 597
f 652 631 633
f 652 631 655
f 652 631 633
f 652 631 655
f 652 653 26
f 652 625 627
f 652 625 627
f 652 629 627
f 652 629 633
f 652 629 633
f 652 653 593
f 652 653 614
f 652 653 27
f 652 623 625
f 652 623 625
f 652 653 591
f 652 653 614
f 652 28 653
f 652 623 619
f 652 623 653
f 652 653 591
f 652 28 653
f 652 653 589
f 652 653 215
f 652 653 215
f 652 583 653
f 652 653 588
f 652 583 653
f 652 653 577
f 652 653 582
f 652 653 577
f 648 635 637
f 648 215 458
f 667 2 669
f 667 668 669
f 667 669 619
f 667 4 668
f 667 617 616
f 667 617 616
f 667 6 4
f 667 6 4
f 667 668 614
f 667 616 614
f 667 616 668
f 667 7 668
f 667 6 7
f 667 6 7
f 659 623 654
f 659 22 654
f 659 654 24
f 659 654 24
f 659 654 26
f 659 654 27
f 659 654 27
f 664 621 619
f 664 7 10
f 664 6 7
f 664 6 7
f 664 11 10
f 664 11 16
f 664 16 17
f 664 18 17
f 658 627 626
f 658 657 627
f 658 625 627
f 658 659 625
f 658 657 625
f 658 659 623
f 658 657 625
f 658 623 625
f 658 659 623
f 658 657 654
f 658 654 20
f 658 659 20
f 658 657 20
f 658 659 20
f 658 22 654
f 658 659 22
f 658 659 22
f 658 657 18
f 658 659 18
f 658 657 18
f 658 659 18
f 658 657 16
f 658 659 16
f 658 657 16
f 658 659 16
f 658 657 9
f 658 657 14
f 658 659 14
f 658 657 13
f 658 659 13
f 658 657 13
f 658 659 13
f 666 669 717
f 666 669 717
f 666 719 669
f 666 669 715
f 666 719 720
f 666 669 715
f 666 721 720
f 666 630 669
f 666 721 722
f 666 723 722
f 666 626 669
f 666 723 724
f 666 626 669
f 666 728 727
f 666 727 669
f 666 725 724
f 666 725 669
f 666 728 729
f 666 621 669
f 666 622 621
f 666 664 622
f 666 667 2
f 666 621 669
f 666 667 669
f 666 667 2
f 666 664 621
f 666 667 4
f 666 667 619
f 666 664 619
f 666 664 619
f 666 667 4
f 666 667 6
f 666 667 6
f 666 664 6
f 666 664 6
f 661 666 717
f 661 666 719
f 661 666 717
f 661 666 719
f 661 666 715
f 661 666 721
f 661 666 715
f 661 666 721
f 661 666 723
f 661 669 714
f 661 666 669
f 661 630 656
f 661 657 656
f 661 655 630
f 661 666 723
f 661 669 698
f 661 658 657
f 661 655 630
f 661 666 630
f 661 630 632
f 661 666 630
f 661 655 635
f 661 666 725
f 661 655 725
f 661 655 691
f 661 655 635
f 661 635 632
f 661 658 626
f 661 658 659
f 661 666 725
f 661 655 727
f 661 672 691
f 661 672 669
f 661 655 672
f 661 666 626
f 661 666 728
f 661 666 728
f 661 666 727
f 661 728 655
f 661 655 678
f 661 728 655
f 661 678 691
f 661 672 691
f 661 655 678
f 661 655 672
f 661 625 626
f 661 659 625
f 661 2 656
f 661 623 625
f 661 656 4
f 661 656 4
f 661 657 656
f 661 657 5
f 661 657 9
f 661 658 657
f 661 658 9
f 661 658 659
f 661 9 11
f 661 9 11
f 67 96 66
f 67 90 96
f 67 90 89
f 67 721 66
f 67 721 68
f 67 721 66
f 67 723 68
f 67 723 66
f 67 723 724
f 67 723 66
f 67 725 724
f 67 725 66
f 67 115 68
f 67 66 115
f 67 725 68
f 67 725 66
f 67 115 68
f 67 66 115
f 67 727 68
f 67 66 727
f 67 728 727
f 67 728 66
f 67 728 729
f 67 728 66
f 67 728 68
f 67 6 68
f 94 271 88
f 94 90 88
f 94 90 88
f 94 65 95
f 94 90 93
f 94 90 91
f 94 96 95
f 94 90 96
f 94 65 93
f 94 65 91
f 94 96 89
f 94 90 89
f 94 90 96
f 274 90 88
f 274 88 276
f 274 271 88
f 274 90 88
f 274 202 276
f 274 90 93
f 274 202 205
f 274 202 271
f 274 209 271
f 274 209 279
f 274 279 215
f 274 253 215
f 274 253 271
f 274 287 285
f 274 271 284
f 274 253 271
f 274 285 284
f 274 285 284
f 274 284 276
f 274 253 251
f 274 253 251
f 274 260 284
f 274 251 249
f 274 251 249
f 274 260 258
f 274 253 258
f 274 253 260
f 274 247 279
f 274 249 247
f 274 249 247
f 268 271 88
f 268 94 88
f 268 183 95
f 268 182 183
f 268 182 181
f 268 202 205
f 268 202 271
f 268 180 181
f 268 209 271
f 268 180 179
f 268 179 95
f 268 177 95
f 268 274 271
f 268 274 271
f 83 89 706
f 98 166 169
f 98 99 166
f 98 99 170
f 98 166 165
f 98 99 165
f 98 99 166
f 98 99 170
f 98 99 171
f 98 174 99
f 98 65 99
f 98 99 176
f 98 67 99
f 98 99 177
f 98 99 179
f 98 99 90
f 98 67 90
f 98 67 99
f 98 180 99
f 98 180 99
f 98 99 183
f 98 182 181
f 98 99 181
f 200 197 115
f 200 274 271
f 200 131 197
f 200 134 197
f 200 134 135
f 200 139 135
f 200 236 234
f 204 205 260
f 204 202 260
f 204 202 205
f 204 253 205
f 204 253 202
f 204 253 251
f 204 253 251
f 204 251 249
f 204 251 249
f 204 249 205
f 204 249 202
f 204 205 247
f 204 202 247
f 204 205 245
f 204 202 245
f 204 205 240
f 204 202 240
f 204 205 240
f 204 205 236
f 204 205 236
f 204 233 205
f 204 233 205
f 204 229 231
f 204 149 153
f 204 134 135
f 204 134 202
f 204 134 202
f 290 209 286
f 290 209 286
f 290 392 580
f 290 286 392
f 290 286 392
f 290 286 390
f 290 209 580
f 290 580 579
f 290 209 579
f 290 293 215
f 290 284 215
f 290 284 286
f 290 579 212
f 290 390 212
f 290 293 390
f 290 293 390
f 290 268 292
f 290 284 217
f 290 293 217
f 290 388 293
f 290 220 284
f 290 220 293
f 290 260 258
f 290 388 387
f 290 271 284
f 290 268 271
f 290 220 224
f 290 220 224
f 290 258 293
f 290 260 258
f 290 387 293
f 290 229 224
f 290 229 224
f 290 253 293
f 290 258 284
f 290 385 293
f 290 229 234
f 290 229 234
f 290 253 284
f 290 253 251
f 290 292 293
f 290 385 293
f 290 236 234
f 290 236 234
f 290 253 251
f 290 251 249
f 290 382 292
f 290 236 284
f 290 236 293
f 290 251 249
f 290 249 293
f 290 382 381
f 290 284 238
f 290 293 240
f 290 249 284
f 290 293 247
f 290 240 238
f 290 284 247
f 290 293 240
f 211 209 229
f 211 134 135
f 211 134 209
f 211 134 132
f 211 134 209
f 211 131 132
f 211 209 131
f 211 37 43
f 211 37 43
f 211 209 43
f 211 37 41
f 211 50 43
f 211 209 50
f 211 55 50
f 211 209 55
f 211 209 55
f 226 211 209
f 226 224 319
f 226 229 319
f 226 224 319
f 226 229 319
f 226 229 224
f 226 211 224
f 226 211 229
f 226 224 321
f 226 229 321
f 226 224 315
f 226 229 315
f 226 224 325
f 226 224 325
f 226 229 325
f 226 229 228
f 226 224 315
f 226 229 315
f 226 228 325
f 226 228 227
f 226 330 224
f 226 224 311
f 226 229 311
f 226 330 227
f 226 330 224
f 226 225 224
f 226 224 311
f 226 229 311
f 226 330 227
f 226 225 227
f 226 224 307
f 226 229 307
f 226 224 307
f 226 229 307
f 226 224 305
f 226 229 305
f 226 224 303
f 226 229 303
f 226 224 300
f 226 229 300
f 226 224 296
f 226 229 296
f 226 229 224
f 383 378 382
f 383 382 407
f 383 408 384
f 383 378 384
f 383 378 408
f 383 408 406
f 383 407 406
f 383 407 408
f 383 407 404
f 383 382 407
f 383 404 384
f 383 382 404
f 383 287 285
f 383 287 285
f 383 384 298
f 383 382 298
f 383 296 384
f 383 382 296
f 383 290 292
f 383 290 382
f 383 293 296
f 383 382 293
f 383 292 293
f 383 382 292
f 208 281 205
f 208 281 209
f 208 205 284
f 208 209 284
f 208 281 205
f 208 281 209
f 208 205 115
f 208 209 115
f 208 274 209
f 208 205 276
f 208 274 276
f 208 274 205
f 208 274 271
f 208 274 209
f 208 268 271
f 208 268 209
f 208 268 205
f 208 268 209
f 208 209 131
f 208 205 260
f 208 209 260
f 208 134 209
f 208 253 205
f 208 253 209
f 208 134 209
f 208 253 251
f 208 253 251
f 208 251 249
f 208 251 249
f 208 249 205
f 208 249 209
f 208 205 247
f 208 209 247
f 208 209 245
f 208 209 240
f 208 209 240
f 208 209 236
f 208 209 236
f 208 209 234
f 208 209 229
f 208 226 229
f 208 226 209
f 101 102 176
f 101 174 100
f 101 174 102
f 101 176 177
f 101 100 177
f 101 100 176
f 101 179 100
f 101 172 100
f 101 102 172
f 101 179 114
f 101 102 114
f 101 180 179
f 101 172 100
f 101 102 100
f 101 102 172
f 101 180 179
f 101 180 181
f 101 180 100
f 101 71 90
f 101 99 100
f 101 99 90
f 101 181 114
f 101 99 114
f 101 99 181
f 101 67 99
f 101 99 66
f 101 67 99
f 101 65 66
f 693 600 601
f 693 692 601
f 693 692 600
f 693 599 600
f 693 599 692
f 693 596 695
f 693 694 695
f 693 692 706
f 693 692 596
f 693 706 695
f 693 694 695
f 693 694 706
f 693 694 706
f 693 692 706
f 693 694 594
f 693 692 594
f 693 694 708
f 693 692 708
f 693 694 593
f 693 692 593
f 693 692 690
f 693 694 593
f 693 692 593
f 693 709 690
f 693 709 694
f 693 709 694
f 693 694 591
f 693 692 591
f 693 690 588
f 693 694 588
f 693 690 589
f 693 692 690
f 693 694 589
f 693 694 591
f 693 692 591
f 693 690 588
f 693 694 588
f 693 694 690
f 598 689 690
f 598 689 599
f 598 690 597
f 598 599 690
f 598 689 688
f 598 689 599
f 598 692 597
f 598 599 692
f 598 687 688
f 598 599 687
f 598 599 687
f 598 693 599
f 598 692 596
f 598 693 692
f 598 693 599
f 598 693 596
f 598 599 568
f 598 599 567
f 598 596 695
f 598 525 695
f 598 599 525
f 598 596 569
f 598 568 569
f 598 599 570
f 598 567 568
f 598 599 567
f 598 696 595
f 598 695 696
f 598 695 696
f 598 523 595
f 598 525 523
f 598 572 596
f 598 572 596
f 598 572 570
f 598 599 572
f 598 599 572
f 598 567 564
f 598 599 564
f 598 525 523
f 598 599 525
f 598 564 595
f 598 525 526
f 598 599 526
f 598 599 560
f 598 526 595
f 598 599 528
f 598 594 595
f 598 560 594
f 598 599 560
f 598 528 595
f 598 528 529
f 598 599 528
f 598 560 594
f 598 558 599
f 598 529 595
f 598 599 529
f 598 558 594
f 598 558 599
f 598 599 534
f 598 558 557
f 598 599 557
f 598 594 595
f 598 594 534
f 598 599 535
f 598 557 554
f 598 599 552
f 598 535 594
f 598 599 535
f 598 552 554
f 598 599 552
f 598 535 594
f 598 599 539
f 598 552 549
f 598 599 549
f 598 539 594
f 598 599 539
f 598 549 594
f 598 599 547
f 598 539 540
f 598 599 540
f 598 547 594
f 598 544 599
f 598 540 594
f 598 544 599
f 598 544 547
f 598 544 594
f 673 613 612
f 673 613 672
f 673 613 671
f 673 613 612
f 673 728 671
f 673 611 612
f 673 611 612
f 673 613 614
f 673 613 674
f 673 728 727
f 673 728 674
f 673 674 671
f 673 728 671
f 673 728 674
f 673 674 671
f 673 611 671
f 673 611 674
f 673 615 614
f 673 615 672
f 673 615 672
f 673 727 672
f 673 674 727
f 673 725 672
f 673 725 672
f 673 725 674
f 673 725 674
f 679 613 612
f 679 613 612
f 679 611 612
f 679 611 612
f 679 615 682
f 679 613 615
f 679 613 615
f 679 682 680
f 679 611 610
f 679 682 610
f 679 611 682
f 679 719 678
f 679 719 680
f 679 678 717
f 679 682 717
f 679 609 610
f 679 609 610
f 679 719 720
f 679 719 720
f 679 678 717
f 679 682 717
f 679 682 678
f 679 609 608
f 679 609 608
f 679 721 720
f 679 721 720
f 679 608 678
f 679 608 680
f 679 721 722
f 679 721 680
f 679 606 680
f 679 677 722
f 679 677 680
f 679 677 678
f 679 606 677
f 679 606 605
f 679 606 677
f 679 604 605
f 679 604 677
f 679 604 677
f 551 631 630
f 551 631 630
f 551 629 630
f 551 629 630
f 551 631 632
f 551 629 550
f 551 629 552
f 551 633 632
f 551 631 633
f 551 631 633
f 551 627 550
f 551 627 552
f 551 633 550
f 551 633 552
f 551 552 626
f 551 627 626
f 551 627 552
f 551 461 550
f 551 552 461
f 551 461 550
f 551 552 461
f 551 463 550
f 551 463 462
f 551 463 550
f 551 553 462
f 551 552 553
f 551 467 553
f 551 466 550
f 551 467 466
f 551 467 466
f 551 467 469
f 551 467 469
f 551 469 550
f 551 469 471
f 551 473 550
f 551 473 471
f 551 473 475
f 551 473 475
f 551 475 553
f 551 475 550
f 551 552 554
f 551 552 554
f 551 480 553
f 551 480 550
f 551 557 554
f 551 557 554
f 551 480 482
f 551 480 550
f 551 482 553
f 551 550 482
f 551 557 556
f 551 558 557
f 551 546 557
f 551 553 486
f 551 550 486
f 551 546 557
f 551 558 557
f 551 553 486
f 551 550 486
f 551 558 556
f 551 546 531
f 551 558 563
f 551 492 553
f 551 492 550
f 551 556 514
f 551 556 524
f 551 531 524
f 551 546 514
f 551 531 563
f 551 546 531
f 551 492 553
f 551 492 550
f 551 508 556
f 551 508 556
f 551 546 508
f 551 546 508
f 551 495 553
f 551 550 495
f 551 508 553
f 551 508 550
f 551 495 553
f 551 550 495
f 551 503 553
f 551 550 503
f 551 503 553
f 551 550 503
f 416 413 415
f 416 417 413
f 416 373 415
f 416 413 415
f 416 417 413
f 416 372 373
f 416 417 372
f 416 417 372
f 416 373 415
f 416 417 373
f 416 415 441
f 416 417 441
f 416 375 415
f 416 415 449
f 416 417 449
f 416 419 375
f 416 417 419
f 416 415 462
f 416 417 462
f 416 419 375
f 416 417 419
f 416 415 462
f 416 417 462
f 416 415 376
f 416 375 376
f 416 375 415
f 416 415 420
f 416 419 420
f 416 415 496
f 416 419 496
f 416 492 415
f 416 417 492
f 416 467 415
f 416 467 417
f 416 492 491
f 416 417 492
f 416 467 469
f 416 467 417
f 416 491 415
f 416 417 491
f 416 469 415
f 416 417 469
f 416 415 490
f 416 417 490
f 416 473 415
f 416 417 473
f 416 415 488
f 416 417 488
f 416 473 415
f 416 417 473
f 416 415 487
f 416 417 487
f 416 477 415
f 416 417 477
f 416 415 487
f 416 417 487
f 416 477 415
f 416 417 477
f 416 415 486
f 416 417 486
f 416 415 480
f 416 417 480
f 416 415 484
f 416 417 484
f 416 415 480
f 416 417 480
f 416 415 484
f 416 417 484
f 353 354 437
f 353 352 437
f 353 352 435
f 353 438 354
f 353 352 438
f 353 354 436
f 353 435 436
f 353 439 438
f 353 352 439
f 353 435 434
f 353 440 439
f 353 352 440
f 353 352 440
f 353 316 354
f 353 316 314
f 353 352 316
f 353 352 318
f 353 352 316
f 353 314 356
f 353 318 354
f 353 316 354
f 353 316 318
f 353 356 431
f 353 428 431
f 353 352 428
f 353 352 428
f 353 312 314
f 353 312 314
f 353 352 314
f 353 356 357
f 353 312 357
f 353 312 356
f 433 352 351
f 433 352 351
f 433 351 435
f 433 353 434
f 433 353 435
f 433 353 352
f 433 353 352
f 433 351 350
f 433 435 483
f 433 435 487
f 433 356 434
f 433 353 356
f 433 353 356
f 433 483 481
f 433 483 487
f 433 483 432
f 433 435 481
f 433 435 483
f 433 487 488
f 433 349 350
f 433 349 435
f 433 356 434
f 433 356 357
f 433 432 357
f 433 479 432
f 433 481 479
f 433 481 479
f 433 488 490
f 433 435 488
f 433 349 348
f 433 349 435
f 433 434 357
f 433 432 357
f 433 490 431
f 433 435 490
f 433 347 348
f 433 435 347
f 433 434 359
f 433 432 359
f 433 496 431
f 433 435 496
f 433 347 346
f 433 435 347
f 433 360 434
f 433 360 432
f 433 500 496
f 433 435 500
f 433 345 346
f 433 435 345
f 433 360 434
f 433 360 432
f 433 500 501
f 433 344 345
f 433 344 435
f 433 434 361
f 433 432 361
f 433 505 501
f 433 500 505
f 433 435 500
f 433 434 363
f 433 432 363
f 433 364 434
f 433 364 432
f 433 364 432
f 222 220 332
f 222 223 332
f 222 223 220
f 222 223 152
f 222 223 152
f 222 223 153
f 222 223 155
f 222 223 157
f 222 223 157
f 222 223 158
f 222 225 161
f 222 223 225
f 222 225 162
f 222 225 162
f 222 225 163
f 222 225 166
f 222 225 166
f 222 225 170
f 222 225 170
f 222 174 225
f 222 174 225
f 222 225 177
f 222 225 179
f 222 225 182
f 213 220 224
f 213 223 220
f 213 222 223
f 213 224 214
f 213 211 224
f 213 220 216
f 213 218 220
f 213 159 214
f 213 211 159
f 213 214 157
f 213 211 157
f 213 159 162
f 213 159 162
f 213 211 154
f 213 162 216
f 213 159 216
f 213 159 216
f 213 162 216
f 213 153 214
f 213 154 157
f 213 214 157
f 213 214 154
f 213 211 153
f 213 216 164
f 213 152 153
f 213 211 152
f 213 166 216
f 213 211 149
f 213 211 149
f 213 170 168
f 213 152 151
f 213 149 151
f 213 149 152
f 213 170 168
f 213 170 216
f 213 172 216
f 213 182 216
f 213 172 216
f 213 174 172
f 213 182 179
f 213 174 216
f 213 179 216
f 213 180 182
f 213 216 177
f 219 218 220
f 219 218 334
f 219 220 217
f 219 334 217
f 219 334 220
f 219 147 220
f 219 147 218
f 219 218 334
f 219 218 149
f 219 218 151
f 219 218 152
f 219 218 152
f 219 218 153
f 219 218 154
f 219 218 155
f 219 218 157
f 219 218 157
f 219 218 159
f 219 218 159
f 143 112 110
f 143 142 112
f 143 142 39
f 143 218 35
f 138 135 112
f 138 139 112
f 138 139 135
f 138 139 112
f 138 139 41
f 138 139 41
f 138 139 39
f 138 139 39
f 138 139 37
f 138 139 214
f 138 213 214
f 138 213 139
f 138 213 139
f 138 211 135
f 138 211 139
f 138 211 209
f 138 211 139
f 138 208 209
f 138 208 139
f 138 204 135
f 138 204 139
f 138 204 202
f 138 204 139
f 140 142 39
f 140 139 39
f 140 139 142
f 140 142 39
f 140 139 39
f 140 139 37
f 140 139 214
f 140 213 139
f 140 213 139
f 140 211 139
f 140 211 139
f 140 208 139
f 140 204 139
f 140 139 142
f 140 204 139
f 140 200 139
f 140 139 135
f 140 135 168
f 140 139 180
f 140 135 172
f 140 139 180
f 140 135 172
f 140 139 135
f 117 119 170
f 117 113 170
f 117 113 119
f 117 119 170
f 117 113 170
f 117 113 114
f 117 113 171
f 117 172 114
f 117 172 171
f 117 113 60
f 117 59 60
f 117 59 113
f 120 113 119
f 120 170 168
f 120 119 170
f 120 119 170
f 120 119 172
f 120 119 50
f 120 119 50
f 120 119 53
f 120 119 179
f 120 119 49
f 120 119 55
f 120 119 180
f 120 113 55
f 120 119 180
f 120 119 43
f 120 119 181
f 120 119 209
f 120 200 119
f 120 208 119
f 120 208 119
f 120 119 202
f 124 53 112
f 124 50 52
f 124 43 46
f 130 113 129
f 130 131 112
f 130 131 112
f 130 113 112
f 130 113 129
f 130 112 48
f 130 129 48
f 130 129 112
f 130 129 46
f 130 131 46
f 130 129 164
f 130 131 164
f 130 129 45
f 130 131 45
f 130 131 45
f 130 129 168
f 130 131 168
f 130 45 43
f 130 129 45
f 130 131 43
f 130 129 172
f 130 131 172
f 130 129 43
f 130 131 43
f 130 41 129
f 130 131 41
f 130 129 179
f 130 131 179
f 130 41 129
f 130 131 41
f 130 180 129
f 130 180 131
f 130 37 129
f 130 131 37
f 130 180 129
f 130 180 131
f 130 37 129
f 130 131 37
f 130 129 181
f 130 131 181
f 130 211 129
f 130 211 131
f 130 211 209
f 130 211 209
f 130 208 209
f 130 208 209
f 130 200 129
f 130 200 131
f 130 202 129
f 130 202 131
f 167 104 102
f 167 104 168
f 167 104 166
f 167 104 168
f 167 104 102
f 167 218 168
f 167 166 100
f 167 102 100
f 167 102 166
f 167 107 166
f 167 218 168
f 167 218 166
f 167 106 168
f 167 106 107
f 167 106 107
f 167 107 168
f 167 107 166
f 167 222 166
f 167 213 168
f 167 213 166
f 167 109 168
f 167 109 166
f 167 213 168
f 167 213 166
f 167 109 111
f 167 113 111
f 167 113 111
f 167 111 166
f 167 109 166
f 167 109 111
f 167 113 166
f 167 124 113
f 167 130 129
f 167 130 129
f 167 130 131
f 167 130 131
f 167 168 132
f 167 131 132
f 167 131 168
f 103 102 170
f 103 104 170
f 103 104 102
f 103 102 172
f 103 104 172
f 103 102 172
f 103 174 172
f 103 104 174
f 103 174 102
f 103 176 114
f 103 102 114
f 103 102 176
f 103 67 68
f 103 104 114
f 103 101 102
f 103 101 67
f 103 66 114
f 103 67 66
f 103 101 67
f 103 65 66
f 103 65 104
f 103 101 65
f 103 101 65
f 175 115 176
f 175 174 115
f 175 103 176
f 175 103 104
f 175 174 114
f 175 104 114
f 175 104 174
f 175 103 104
f 175 115 176
f 175 174 115
f 175 103 102
f 175 103 174
f 175 101 102
f 175 101 174
f 175 101 100
f 175 101 174
f 175 120 119
f 175 99 100
f 175 174 99
f 175 120 119
f 175 98 99
f 175 98 174
f 175 98 176
f 175 213 174
f 175 213 176
f 175 130 129
f 175 130 129
f 175 213 216
f 175 213 174
f 175 130 131
f 175 130 131
f 175 218 216
f 175 218 174
f 175 218 174
f 175 268 177
f 175 268 174
f 175 131 132
f 175 131 172
f 175 134 132
f 175 134 172
f 175 134 172
f 148 147 334
f 148 112 149
f 148 147 112
f 148 219 147
f 148 219 218
f 148 219 147
f 148 218 149
f 148 147 218
f 148 216 149
f 148 147 216
f 148 216 149
f 148 147 216
f 148 149 214
f 148 147 214
f 148 213 149
f 148 213 147
f 148 208 209
f 148 213 149
f 148 211 149
f 69 67 721
f 69 67 721
f 69 67 89
f 69 719 720
f 69 719 89
f 69 66 720
f 69 67 66
f 69 67 66
f 69 89 717
f 69 90 89
f 69 101 99
f 69 101 99
f 69 98 90
f 69 98 99
f 69 98 99
f 69 103 68
f 69 103 101
f 69 103 101
f 64 723 89
f 64 65 89
f 64 65 723
f 64 723 724
f 64 65 723
f 64 65 89
f 64 65 725
f 64 724 89
f 64 65 91
f 64 65 63
f 64 65 725
f 64 725 724
f 64 65 93
f 64 727 63
f 64 94 95
f 64 94 65
f 64 94 65
f 64 98 99
f 64 65 96
f 64 98 65
f 64 99 100
f 64 65 99
f 64 101 100
f 64 101 65
f 64 101 102
f 64 101 65
f 64 103 102
f 64 103 65
f 64 103 104
f 64 103 65
f 64 104 63
f 64 65 104
f 64 106 63
f 64 65 106
f 64 113 106
f 64 65 113
f 64 113 63
f 64 65 63
f 64 65 113
f 1 655 2
f 1 661 2
f 1 661 655
f 1 661 655
f 1 661 666
f 1 666 729
f 1 666 2
f 1 670 729
f 1 670 2
f 1 670 671
f 1 670 2
f 1 674 671
f 1 2 674
f 1 6 2
f 1 674 677
f 1 6 677
f 1 6 674
f 1 6 68
f 1 67 68
f 1 67 6
f 1 67 729
f 1 6 2
f 1 67 6
f 1 59 60
f 1 729 56
f 1 2 56
f 61 728 60
f 61 728 60
f 61 60 727
f 61 1 60
f 61 60 91
f 61 60 725
f 61 64 725
f 61 60 725
f 61 64 725
f 61 1 59
f 61 60 93
f 61 1 59
f 61 60 100
f 61 59 115
f 61 59 60
f 61 60 102
f 61 115 114
f 61 113 114
f 61 113 60
f 61 104 60
f 61 103 104
f 61 109 60
f 61 109 60
f 61 113 60
f 61 113 109
f 61 104 60
f 61 60 107
f 61 106 60
f 61 106 60
f 57 2 56
f 57 4 56
f 57 1 2
f 57 1 60
f 57 56 91
f 57 60 56
f 57 56 93
f 57 60 729
f 57 1 729
f 57 1 60
f 57 4 5
f 57 6 5
f 57 6 4
f 57 6 55
f 57 104 56
f 57 104 102
f 57 120 55
f 57 120 119
f 57 104 107
f 57 120 113
f 57 120 113
f 57 113 112
f 57 107 108
f 57 112 110
f 57 108 110
f 58 6 55
f 58 59 55
f 58 59 6
f 58 57 6
f 58 59 6
f 58 57 6
f 58 59 4
f 58 57 4
f 58 55 115
f 58 59 115
f 58 59 55
f 58 57 113
f 58 59 2
f 58 57 2
f 58 59 113
f 58 57 113
f 58 59 60
f 58 57 60
f 58 57 112
f 58 111 112
f 58 59 111
f 58 59 111
f 58 59 109
f 58 104 60
f 58 104 60
f 58 57 104
f 58 109 108
f 58 57 108
f 58 59 109
f 58 60 107
f 58 60 102
f 58 57 102
f 58 104 107
f 58 57 104
f 58 57 107
f 58 60 107
f 58 59 60
f 58 60 93
f 58 57 93
f 58 60 91
f 58 57 91
f 58 57 60
f 75 76 715
f 75 74 715
f 75 76 717
f 75 74 717
f 75 76 715
f 75 74 715
f 75 76 717
f 75 77 76
f 75 76 719
f 75 74 89
f 75 77 89
f 75 74 90
f 75 77 90
f 75 77 76
f 75 77 90
f 75 76 88
f 75 90 88
f 75 74 90
f 72 74 73
f 72 71 717
f 72 71 73
f 72 75 717
f 72 75 74
f 72 71 719
f 72 75 719
f 72 74 73
f 72 71 719
f 72 76 719
f 72 75 76
f 72 90 73
f 72 71 90
f 72 75 74
f 72 76 721
f 72 71 721
f 72 90 73
f 72 71 73
f 72 71 90
f 72 71 115
f 72 76 721
f 72 71 721
f 72 76 115
f 72 75 76
f 72 76 723
f 72 71 723
f 72 71 115
f 72 76 723
f 72 6 7
f 72 76 6
f 72 6 68
f 72 76 6
f 72 723 724
f 72 71 723
f 72 76 725
f 72 7 68
f 72 728 68
f 72 728 76
f 72 725 724
f 72 76 725
f 72 68 11
f 72 728 727
f 72 728 76
f 72 725 68
f 72 76 727
f 72 727 68
f 647 655 688
f 647 655 688
f 647 655 678
f 647 655 635
f 647 648 655
f 647 635 637
f 647 648 635
f 647 648 593
f 647 637 639
f 647 648 639
f 647 648 637
f 647 648 593
f 647 648 591
f 647 648 591
f 647 648 589
f 647 648 583
f 647 648 583
f 647 648 582
f 647 648 577
f 647 648 577
f 647 648 458
f 647 648 215
f 647 648 215
f 647 648 28
f 647 648 28
f 647 648 27
f 647 648 26
f 647 648 24
f 647 648 24
f 647 648 22
f 647 648 22
f 649 648 655
f 649 634 635
f 649 648 635
f 649 648 639
f 649 597 639
f 649 648 20
f 649 593 597
f 649 648 593
f 649 648 20
f 649 648 593
f 649 648 22
f 649 648 591
f 649 648 22
f 649 648 591
f 649 648 24
f 649 648 589
f 649 648 24
f 649 648 26
f 649 648 583
f 649 648 27
f 649 648 583
f 649 648 28
f 649 648 582
f 649 648 28
f 649 648 577
f 649 648 215
f 649 648 577
f 649 648 215
f 618 617 668
f 618 667 668
f 618 667 617
f 618 667 669
f 618 669 619
f 618 667 617
f 618 672 669
f 618 617 672
f 618 617 672
f 618 664 619
f 618 666 619
f 618 666 667
f 618 666 667
f 618 557 619
f 618 555 557
f 618 555 554
f 618 617 554
f 618 617 555
f 618 617 555
f 618 617 614
f 618 664 614
f 618 664 614
f 618 558 557
f 618 558 617
f 618 614 619
f 618 558 619
f 618 558 617
f 618 565 619
f 618 565 614
f 618 617 565
f 618 560 619
f 618 617 560
f 618 564 565
f 618 617 564
f 618 560 619
f 618 617 560
f 618 564 619
f 618 617 564
f 618 619 561
f 618 617 561
f 618 619 563
f 618 617 563
f 663 666 4
f 663 666 664
f 663 7 5
f 663 664 7
f 663 666 622
f 663 666 664
f 663 7 8
f 663 664 7
f 663 9 8
f 663 623 622
f 663 664 11
f 663 622 621
f 663 664 621
f 663 664 622
f 660 659 623
f 660 661 623
f 660 661 659
f 660 659 623
f 660 654 614
f 660 659 654
f 660 664 614
f 660 663 664
f 660 661 11
f 660 661 659
f 660 654 614
f 660 13 11
f 660 659 13
f 660 11 14
f 660 659 14
f 660 11 16
f 660 659 16
f 660 613 614
f 660 606 654
f 660 613 614
f 660 664 614
f 660 659 20
f 660 659 18
f 660 13 11
f 660 659 13
f 660 664 11
f 660 663 664
f 660 659 16
f 660 613 612
f 660 606 605
f 660 613 612
f 660 20 19
f 660 659 20
f 660 659 18
f 660 18 19
f 660 664 18
f 660 664 18
f 660 664 16
f 660 606 607
f 660 604 605
f 660 612 607
f 660 20 21
f 660 659 22
f 660 606 605
f 660 604 654
f 660 22 21
f 660 659 22
f 660 604 605
f 660 654 603
f 660 22 23
f 660 659 24
f 660 604 603
f 660 602 603
f 660 654 593
f 660 24 23
f 660 659 24
f 660 602 603
f 660 654 593
f 660 24 25
f 660 602 597
f 660 593 597
f 660 591 654
f 660 25 665
f 660 26 25
f 660 659 26
f 660 593 592
f 660 591 592
f 660 591 654
f 660 27 26
f 660 659 27
f 660 659 27
f 660 665 212
f 660 591 590
f 660 654 589
f 660 577 212
f 660 582 665
f 660 589 590
f 660 588 654
f 660 654 577
f 660 654 577
f 660 659 654
f 660 582 654
f 660 583 582
f 660 588 589
f 660 583 588
f 660 583 582
f 660 583 587
f 660 588 587
f 660 583 588
f 270 268 94
f 270 94 271
f 270 268 271
f 270 268 94
f 270 290 268
f 273 271 88
f 273 274 88
f 273 274 271
f 275 90 276
f 275 274 90
f 275 274 90
f 275 274 93
f 275 277 276
f 275 273 274
f 275 274 285
f 275 274 287
f 275 273 274
f 275 277 276
f 275 285 276
f 275 285 277
f 275 287 285
f 188 96 88
f 188 88 87
f 195 268 271
f 82 89 708
f 82 83 708
f 82 83 89
f 82 83 709
f 82 83 88
f 82 83 88
f 84 85 88
f 84 83 88
f 84 85 89
f 84 83 89
f 84 85 88
f 84 83 88
f 84 83 706
f 84 702 706
f 84 702 706
f 84 85 706
f 84 702 708
f 84 83 708
f 84 674 671
f 84 6 674
f 84 702 709
f 84 83 709
f 84 702 694
f 84 702 712
f 84 671 11
f 84 671 7
f 84 6 674
f 84 6 681
f 84 702 709
f 84 83 709
f 84 712 694
f 84 711 702
f 84 694 690
f 84 59 55
f 84 728 6
f 84 684 725
f 84 711 702
f 84 83 711
f 84 687 690
f 84 59 68
f 84 72 11
f 84 72 7
f 84 72 76
f 84 728 681
f 84 725 681
f 84 684 725
f 84 684 687
f 84 721 687
f 84 72 68
f 84 59 68
f 84 681 727
f 84 684 723
f 84 721 687
f 84 684 723
f 84 721 720
f 97 170 169
f 97 98 169
f 97 98 170
f 97 170 171
f 97 98 170
f 97 171 95
f 97 98 171
f 97 174 95
f 97 98 174
f 97 64 96
f 97 64 98
f 97 175 174
f 97 175 98
f 97 64 65
f 97 64 98
f 97 96 177
f 97 175 177
f 97 175 98
f 97 65 96
f 97 98 65
f 97 96 177
f 97 98 177
f 97 67 96
f 97 98 67
f 97 96 179
f 97 98 179
f 97 67 90
f 97 98 67
f 97 180 96
f 97 98 180
f 97 90 96
f 97 98 90
f 97 180 96
f 97 98 180
f 97 96 182
f 97 98 182
f 97 96 183
f 97 98 183
f 97 96 182
f 97 98 182
f 199 271 197
f 199 200 197
f 199 200 271
f 199 268 271
f 199 200 268
f 199 197 260
f 199 200 260
f 199 197 258
f 199 200 258
f 199 253 197
f 199 200 253
f 199 200 253
f 199 200 251
f 199 200 249
f 199 200 247
f 199 200 245
f 199 200 240
f 199 200 240
f 199 236 238
f 199 200 236
f 199 200 236
f 199 200 234
f 199 200 233
f 199 200 233
f 199 231 232
f 199 200 231
f 199 200 231
f 199 228 227
f 199 200 228
f 199 200 228
f 199 200 225
f 199 200 159
f 199 197 149
f 199 200 149
f 201 274 202
f 201 200 274
f 201 202 115
f 201 200 115
f 201 274 202
f 201 200 274
f 201 268 202
f 201 200 268
f 201 120 119
f 201 120 200
f 201 202 260
f 201 200 260
f 201 202 258
f 201 200 258
f 201 253 202
f 201 200 253
f 201 130 202
f 201 130 200
f 201 253 251
f 201 200 253
f 201 130 202
f 201 130 200
f 201 251 249
f 201 200 251
f 201 202 131
f 201 200 131
f 201 249 202
f 201 200 249
f 201 134 202
f 201 200 134
f 201 202 247
f 201 200 247
f 201 134 202
f 201 200 134
f 201 202 245
f 201 200 245
f 201 200 139
f 201 202 240
f 201 200 240
f 201 138 202
f 201 138 139
f 201 138 139
f 201 140 139
f 201 140 200
f 201 202 240
f 201 200 240
f 201 202 236
f 201 200 236
f 201 202 236
f 201 200 236
f 201 200 233
f 201 200 233
f 201 202 149
f 201 200 149
f 201 200 231
f 201 200 231
f 203 202 240
f 203 204 240
f 203 204 202
f 203 202 236
f 203 204 236
f 203 202 236
f 203 204 236
f 203 204 233
f 203 201 233
f 203 201 202
f 203 201 233
f 203 233 231
f 203 204 233
f 203 201 231
f 203 204 231
f 203 201 231
f 203 201 202
f 203 229 228
f 203 204 229
f 203 204 229
f 203 200 228
f 203 201 200
f 203 202 149
f 203 204 149
f 203 200 228
f 203 200 159
f 203 201 200
f 203 200 225
f 203 199 159
f 203 199 200
f 206 204 205
f 206 204 229
f 206 204 229
f 206 205 234
f 206 203 228
f 206 203 204
f 206 226 228
f 206 203 225
f 206 226 225
f 206 213 218
f 206 203 159
f 206 203 168
f 206 203 159
f 206 203 204
f 206 204 153
f 206 203 172
f 206 203 172
f 206 204 149
f 206 204 205
f 206 180 179
f 206 180 181
f 206 203 181
f 206 180 182
f 206 182 181
f 206 181 183
f 206 203 181
f 289 286 390
f 289 290 390
f 289 290 286
f 289 388 286
f 289 290 388
f 289 388 387
f 289 290 388
f 289 290 387
f 289 290 385
f 289 290 271
f 289 290 385
f 289 383 290
f 289 270 290
f 289 270 290
f 289 290 381
f 289 383 290
f 289 380 381
f 289 290 382
f 289 378 380
f 210 226 211
f 210 226 211
f 210 208 226
f 210 226 225
f 210 213 223
f 210 213 211
f 210 223 225
f 210 211 159
f 210 208 159
f 210 213 222
f 210 208 154
f 210 159 164
f 210 154 157
f 210 211 157
f 210 211 154
f 210 211 153
f 210 208 153
f 210 213 164
f 210 213 159
f 210 213 211
f 210 213 168
f 210 206 213
f 210 211 152
f 210 208 149
f 210 208 209
f 210 206 172
f 210 149 152
f 210 211 149
f 210 172 168
f 210 213 168
f 210 213 172
f 210 175 213
f 210 206 172
f 210 148 209
f 210 148 211
f 210 175 172
f 210 175 213
f 210 213 182
f 210 206 182
f 210 179 176
f 210 206 179
f 210 213 180
f 210 206 180
f 210 176 177
f 210 213 177
f 210 213 176
f 210 213 179
f 210 206 180
f 210 213 180
f 207 205 245
f 207 208 245
f 207 208 205
f 207 205 240
f 207 208 240
f 207 205 240
f 207 208 240
f 207 205 236
f 207 208 236
f 207 205 236
f 207 208 236
f 207 206 205
f 207 208 234
f 207 206 234
f 207 208 229
f 207 206 229
f 207 140 139
f 207 140 208
f 207 208 229
f 207 206 229
f 207 138 139
f 207 138 208
f 207 208 226
f 207 206 226
f 207 138 135
f 207 138 208
f 207 206 226
f 207 134 135
f 207 208 134
f 207 210 226
f 207 210 208
f 207 134 205
f 207 208 134
f 207 148 208
f 207 210 208
f 207 131 205
f 207 208 131
f 207 208 149
f 207 206 149
f 207 222 223
f 207 210 223
f 207 210 222
f 207 206 159
f 207 206 159
f 207 210 159
f 207 130 131
f 207 130 208
f 207 208 153
f 207 206 153
f 207 159 154
f 207 208 154
f 207 208 159
f 207 206 168
f 207 210 168
f 207 210 206
f 207 130 129
f 207 130 208
f 207 124 208
f 36 143 142
f 36 142 37
f 36 143 142
f 36 140 139
f 36 35 38
f 36 140 139
f 36 38 26
f 36 37 26
f 36 37 38
f 36 35 27
f 36 37 27
f 36 35 214
f 36 138 139
f 36 138 139
f 36 28 35
f 36 138 214
f 36 35 214
f 36 37 214
f 36 28 27
f 36 37 27
f 36 28 35
f 36 35 212
f 36 37 212
f 136 133 112
f 136 133 135
f 136 133 42
f 136 133 135
f 136 41 135
f 136 41 135
f 136 135 39
f 136 37 39
f 136 37 135
f 141 142 37
f 141 140 37
f 141 140 142
f 141 36 142
f 141 36 140
f 141 36 142
f 141 36 35
f 141 36 140
f 141 35 216
f 141 35 216
f 141 143 216
f 141 143 35
f 141 143 142
f 141 143 216
f 141 140 214
f 141 143 214
f 141 140 213
f 141 143 213
f 141 140 213
f 141 143 213
f 141 140 211
f 141 143 142
f 141 140 142
f 141 140 211
f 141 210 211
f 141 140 208
f 141 139 112
f 141 140 139
f 141 207 140
f 141 159 154
f 141 139 154
f 141 159 164
f 141 140 168
f 141 207 140
f 141 139 159
f 141 140 139
f 141 135 164
f 141 140 135
f 141 135 159
f 141 140 135
f 141 140 172
f 141 140 204
f 141 140 172
f 141 140 204
f 141 140 180
f 141 201 140
f 141 140 180
f 141 201 140
f 141 140 200
f 118 119 172
f 118 117 172
f 118 117 119
f 118 175 174
f 118 175 119
f 118 174 172
f 118 117 172
f 118 175 174
f 118 175 119
f 118 175 176
f 118 119 179
f 118 179 176
f 118 180 179
f 118 119 180
f 118 119 180
f 118 58 55
f 118 57 119
f 118 180 115
f 118 180 115
f 118 119 181
f 118 55 115
f 118 55 50
f 118 55 50
f 118 119 50
f 118 119 55
f 118 117 59
f 118 58 59
f 118 58 57
f 118 58 57
f 118 115 181
f 118 50 43
f 118 50 49
f 118 119 50
f 118 117 59
f 118 58 59
f 118 117 113
f 118 58 113
f 118 209 43
f 118 119 209
f 118 49 43
f 118 119 43
f 118 119 49
f 118 202 205
f 118 119 202
f 118 208 205
f 118 208 119
f 118 208 209
f 118 208 119
f 118 201 202
f 118 201 119
f 118 200 119
f 118 201 200
f 118 201 200
f 118 200 197
f 122 113 55
f 145 148 147
f 145 147 112
f 145 148 112
f 145 112 149
f 145 141 112
f 145 199 200
f 145 199 197
f 145 207 148
f 145 159 149
f 145 141 159
f 145 149 181
f 145 172 149
f 145 141 172
f 145 141 200
f 145 199 200
f 145 148 208
f 145 207 148
f 145 207 206
f 145 207 206
f 145 159 149
f 145 141 159
f 145 172 168
f 145 141 172
f 145 180 181
f 145 141 180
f 145 141 180
f 145 141 201
f 145 201 200
f 145 210 148
f 145 141 204
f 145 206 205
f 145 168 149
f 145 141 168
f 145 141 201
f 145 201 202
f 145 210 148
f 145 204 205
f 145 141 204
f 145 203 202
f 145 203 204
f 145 148 211
f 145 203 204
f 145 148 213
f 145 148 213
f 145 213 147
f 145 147 214
f 145 147 216
f 145 147 216
f 145 147 218
f 145 147 218
f 145 219 218
f 145 219 334
f 145 334 34
f 145 219 334
f 145 35 34
f 333 334 220
f 333 148 147
f 333 147 220
f 333 147 334
f 333 148 149
f 333 148 334
f 333 222 151
f 333 219 220
f 333 219 334
f 333 219 334
f 333 222 223
f 333 222 223
f 333 225 152
f 333 223 225
f 333 223 225
f 333 225 152
f 333 152 153
f 333 332 155
f 333 225 332
f 333 225 153
f 333 332 227
f 333 153 227
f 333 339 332
f 333 338 339
f 333 334 332
f 333 338 332
f 333 330 336
f 333 330 339
f 333 330 339
f 333 338 339
f 333 338 337
f 333 338 337
f 333 337 336
f 333 334 336
f 70 71 719
f 70 69 719
f 70 71 721
f 70 69 721
f 70 71 719
f 70 69 719
f 70 69 721
f 70 71 717
f 70 69 717
f 70 721 68
f 70 71 68
f 70 71 721
f 70 71 68
f 70 69 68
f 70 71 89
f 70 69 89
f 70 101 71
f 70 69 101
f 70 71 90
f 70 69 90
f 70 101 71
f 70 69 101
f 662 1 666
f 662 1 661
f 662 1 661
f 662 666 2
f 662 661 2
f 662 666 4
f 662 663 666
f 662 661 4
f 662 663 666
f 662 661 4
f 662 663 4
f 662 666 626
f 662 661 626
f 662 661 666
f 662 661 623
f 662 663 623
f 662 661 5
f 662 663 5
f 662 660 661
f 662 661 9
f 662 663 9
f 662 660 623
f 662 660 663
f 662 660 661
f 662 660 663
f 662 661 9
f 662 663 9
f 662 623 622
f 662 663 622
f 662 663 623
f 662 661 11
f 662 663 11
f 62 59 115
f 62 61 59
f 62 115 63
f 62 61 115
f 62 61 59
f 62 113 63
f 62 61 113
f 62 6 2
f 62 59 6
f 62 59 6
f 62 1 2
f 62 61 1
f 62 1 729
f 62 61 1
f 62 113 107
f 62 113 107
f 62 61 107
f 62 113 109
f 62 61 109
f 62 61 113
f 62 728 729
f 62 61 728
f 62 106 107
f 62 61 106
f 62 728 727
f 62 61 728
f 62 106 63
f 62 61 106
f 62 64 727
f 62 104 63
f 62 61 104
f 62 61 64
f 62 64 727
f 62 61 727
f 62 61 64
f 62 103 104
f 62 61 103
f 62 64 91
f 62 61 91
f 62 103 102
f 62 61 103
f 62 64 93
f 62 61 93
f 62 61 102
f 62 64 95
f 62 101 100
f 62 101 102
f 62 101 102
f 62 99 100
f 62 99 95
f 62 64 99
f 62 64 99
f 62 99 100
f 62 61 100
f 646 688 691
f 646 647 688
f 646 688 685
f 646 647 688
f 646 678 685
f 646 647 678
f 646 655 678
f 646 647 655
f 646 655 645
f 646 647 655
f 646 647 22
f 646 639 645
f 646 647 24
f 646 637 639
f 646 647 637
f 646 647 637
f 646 24 645
f 646 647 24
f 646 591 590
f 646 647 591
f 646 591 639
f 646 647 591
f 646 26 645
f 646 647 26
f 646 589 639
f 646 589 590
f 646 647 589
f 646 593 639
f 646 647 593
f 646 647 593
f 646 27 26
f 646 647 27
f 646 583 589
f 646 647 583
f 646 28 27
f 646 647 28
f 646 583 582
f 646 647 583
f 646 28 645
f 646 647 28
f 646 582 645
f 646 647 582
f 646 335 645
f 646 645 577
f 646 647 577
f 646 335 215
f 646 647 215
f 646 335 645
f 646 645 577
f 646 647 577
f 646 335 215
f 646 647 215
f 646 574 645
f 646 571 645
f 646 574 571
f 646 574 571
f 646 574 458
f 646 647 458
f 650 649 655
f 650 649 634
f 650 649 18
f 650 649 18
f 650 634 633
f 650 649 634
f 650 649 20
f 650 633 639
f 650 649 639
f 650 649 20
f 650 614 619
f 650 649 22
f 650 614 639
f 650 649 639
f 650 649 22
f 650 649 597
f 650 649 24
f 650 649 593
f 650 649 24
f 650 649 593
f 650 649 26
f 650 649 591
f 650 649 27
f 650 649 591
f 650 649 28
f 650 649 589
f 650 649 28
f 650 649 215
f 650 583 588
f 650 649 583
f 650 649 215
f 650 649 583
f 650 649 577
f 650 649 582
f 650 649 577
f 269 270 268
f 269 170 169
f 269 166 169
f 269 170 95
f 269 166 165
f 269 174 95
f 269 268 174
f 269 268 174
f 269 299 294
f 269 294 292
f 269 268 292
f 269 290 268
f 269 270 290
f 269 270 290
f 272 273 271
f 272 94 271
f 272 270 94
f 272 270 94
f 272 269 270
f 272 275 273
f 272 287 294
f 272 269 294
f 272 275 287
f 272 299 287
f 272 299 287
f 272 269 299
f 272 299 277
f 272 269 299
f 272 277 312
f 272 308 277
f 272 269 308
f 272 269 312
f 272 306 277
f 272 269 306
f 272 277 312
f 272 308 306
f 272 269 308
f 272 269 312
f 272 269 326
f 272 316 277
f 272 269 316
f 272 326 277
f 272 269 324
f 272 316 318
f 272 269 316
f 272 277 324
f 272 269 320
f 272 318 320
f 272 269 318
f 272 320 277
f 265 199 268
f 265 199 200
f 265 201 200
f 265 268 202
f 265 201 268
f 265 294 293
f 265 268 292
f 265 290 292
f 265 290 268
f 186 258 259
f 186 260 259
f 186 260 258
f 186 257 258
f 186 257 256
f 186 257 258
f 186 255 256
f 186 255 254
f 186 253 254
f 186 253 252
f 186 251 252
f 186 251 250
f 186 250 248
f 186 249 250
f 186 246 248
f 186 246 247
f 186 246 244
f 186 244 243
f 186 183 243
f 186 241 183
f 186 241 183
f 186 183 239
f 186 235 183
f 186 235 183
f 186 183 232
f 186 183 227
f 186 225 183
f 186 218 216
f 186 213 216
f 186 210 213
f 186 206 183
f 186 210 206
f 186 206 203
f 196 268 271
f 196 195 268
f 196 271 197
f 196 195 271
f 196 265 268
f 196 265 195
f 196 197 115
f 196 115 87
f 196 118 197
f 196 197 260
f 196 195 260
f 196 118 119
f 196 197 258
f 196 195 258
f 196 120 119
f 196 253 197
f 196 195 253
f 196 253 251
f 196 195 253
f 196 251 249
f 196 195 251
f 196 249 197
f 196 195 249
f 196 130 129
f 196 197 247
f 196 195 247
f 196 130 131
f 196 197 244
f 196 195 244
f 196 131 197
f 196 197 244
f 196 195 244
f 196 134 197
f 196 134 135
f 196 241 240
f 196 195 241
f 196 195 241
f 196 195 240
f 196 139 135
f 196 195 238
f 196 140 139
f 196 195 238
f 196 141 140
f 196 195 236
f 196 145 141
f 196 195 236
f 196 145 197
f 196 195 233
f 196 197 149
f 196 195 233
f 196 195 159
f 194 195 260
f 194 195 258
f 194 195 253
f 194 195 253
f 194 195 251
f 194 195 249
f 194 247 245
f 194 195 247
f 194 244 245
f 194 195 244
f 194 244 243
f 194 243 192
f 194 244 243
f 194 195 244
f 194 241 192
f 194 195 241
f 194 241 240
f 194 195 241
f 194 240 239
f 194 195 240
f 194 195 238
f 194 239 192
f 194 238 239
f 194 195 238
f 194 235 192
f 194 236 235
f 194 195 236
f 194 195 236
f 194 195 233
f 194 195 233
f 194 195 232
f 194 195 227
f 194 195 225
f 194 195 159
f 193 87 114
f 193 115 114
f 193 196 87
f 193 196 195
f 193 118 115
f 193 196 115
f 193 88 87
f 193 194 159
f 193 194 195
f 193 195 268
f 193 118 119
f 193 196 118
f 193 268 88
f 193 268 88
f 193 195 159
f 193 265 195
f 193 120 119
f 193 196 118
f 193 265 268
f 193 196 120
f 193 196 149
f 193 196 195
f 193 260 258
f 193 194 260
f 193 196 145
f 193 258 256
f 193 194 258
f 193 141 140
f 193 196 145
f 193 130 129
f 193 253 256
f 193 194 253
f 193 140 139
f 193 196 141
f 193 130 131
f 193 196 130
f 193 253 251
f 193 194 253
f 193 139 135
f 193 196 140
f 193 131 132
f 193 196 130
f 193 251 249
f 193 194 251
f 193 134 135
f 193 196 139
f 193 134 132
f 193 196 131
f 193 249 247
f 193 194 247
f 193 194 249
f 193 196 134
f 193 196 134
f 80 82 88
f 80 79 709
f 80 88 87
f 80 79 88
f 80 82 83
f 80 83 709
f 80 82 83
f 80 711 79
f 80 79 76
f 80 84 83
f 80 83 711
f 80 711 79
f 80 79 712
f 80 84 712
f 80 84 711
f 80 84 83
f 80 76 725
f 80 76 725
f 80 84 725
f 80 84 725
f 80 719 713
f 80 719 720
f 80 84 720
f 80 76 723
f 80 76 727
f 80 84 727
f 80 84 723
f 80 76 713
f 80 79 76
f 80 76 719
f 80 76 719
f 80 84 721
f 80 76 723
f 80 728 76
f 80 84 728
f 80 84 723
f 80 76 721
f 80 84 721
f 80 76 721
f 80 728 76
f 80 84 728
f 80 76 6
f 80 84 6
f 80 84 76
f 198 253 251
f 198 199 253
f 198 199 253
f 198 251 249
f 198 199 251
f 198 249 197
f 198 199 249
f 198 197 247
f 198 199 247
f 198 199 245
f 198 244 245
f 198 197 244
f 198 197 244
f 198 199 240
f 198 196 240
f 198 196 197
f 198 199 240
f 198 196 240
f 198 240 238
f 198 199 238
f 198 196 238
f 198 196 238
f 198 199 236
f 198 196 236
f 198 199 236
f 198 196 236
f 198 199 234
f 198 199 233
f 198 233 234
f 198 196 233
f 198 199 233
f 198 196 233
f 198 199 232
f 198 195 232
f 198 196 195
f 198 199 227
f 198 199 197
f 198 199 159
f 198 196 197
f 198 196 159
f 198 196 195
f 198 195 227
f 198 199 225
f 198 195 159
f 198 199 159
f 198 195 225
f 198 194 195
f 198 194 164
f 198 194 195
f 198 168 164
f 198 194 218
f 198 172 168
f 198 203 168
f 198 203 199
f 198 203 181
f 198 206 218
f 198 194 213
f 198 172 181
f 198 203 172
f 198 203 181
f 198 206 213
f 198 203 199
f 198 206 203
f 198 203 172
f 198 210 206
f 198 194 210
f 198 194 210
f 288 387 286
f 288 289 387
f 288 289 387
f 288 287 286
f 288 287 385
f 288 289 385
f 288 289 271
f 288 287 385
f 288 289 385
f 288 274 271
f 288 274 287
f 288 383 287
f 288 289 383
f 288 273 274
f 288 273 274
f 288 272 273
f 288 272 273
f 288 289 270
f 288 272 270
f 288 272 287
f 288 383 287
f 288 289 383
f 288 289 270
f 288 272 270
f 288 289 378
f 288 287 382
f 288 289 382
f 288 378 377
f 288 287 378
f 288 287 378
f 288 289 378
f 288 287 380
f 288 289 380
f 288 377 376
f 288 287 377
f 288 375 376
f 288 287 375
f 288 287 375
f 221 210 213
f 221 210 213
f 221 213 218
f 221 213 222
f 221 210 206
f 221 219 218
f 221 206 203
f 221 207 210
f 221 207 210
f 221 203 199
f 221 206 203
f 221 207 222
f 221 207 206
f 221 219 159
f 221 222 161
f 221 218 177
f 221 222 177
f 221 218 174
f 221 222 174
f 221 198 199
f 221 159 158
f 221 222 158
f 221 219 159
f 221 218 161
f 221 219 218
f 221 222 162
f 221 218 179
f 221 222 179
f 221 218 174
f 221 222 174
f 221 198 194
f 221 198 199
f 221 199 200
f 221 203 200
f 221 203 199
f 221 222 157
f 221 219 157
f 221 218 162
f 221 222 162
f 221 218 182
f 221 222 182
f 221 218 171
f 221 222 170
f 221 198 194
f 221 222 157
f 221 219 157
f 221 218 162
f 221 222 163
f 221 218 182
f 221 170 171
f 221 218 170
f 221 222 170
f 221 222 155
f 221 219 155
f 221 218 163
f 221 222 166
f 221 225 182
f 221 222 225
f 221 186 218
f 221 218 170
f 221 167 222
f 221 219 154
f 221 218 166
f 221 167 222
f 221 186 225
f 221 167 218
f 221 153 154
f 221 222 153
f 221 219 153
f 221 167 218
f 221 222 152
f 221 219 152
f 221 222 152
f 221 219 152
f 221 222 151
f 221 219 151
f 221 219 149
f 221 333 149
f 221 333 222
f 221 148 219
f 221 148 219
f 221 333 148
f 221 222 220
f 221 333 220
f 221 333 222
f 221 148 147
f 221 333 147
f 221 333 148
f 137 138 135
f 137 136 135
f 137 138 112
f 137 136 112
f 137 136 37
f 137 136 42
f 137 37 135
f 137 138 37
f 137 136 37
f 137 41 42
f 137 138 41
f 137 136 41
f 137 135 214
f 137 138 214
f 137 138 135
f 137 36 37
f 137 36 138
f 137 36 138
f 137 138 39
f 137 136 39
f 137 138 41
f 137 136 41
f 137 138 39
f 137 136 39
f 127 126 113
f 127 126 167
f 127 126 113
f 127 126 167
f 127 126 168
f 127 49 112
f 127 126 112
f 127 126 49
f 127 126 172
f 127 50 49
f 127 126 50
f 127 126 50
f 127 126 48
f 127 126 175
f 127 126 46
f 127 126 175
f 127 126 179
f 127 45 43
f 127 126 43
f 127 126 180
f 127 126 43
f 127 126 180
f 127 126 41
f 127 126 181
f 127 126 37
f 127 126 211
f 127 211 37
f 127 126 211
f 127 193 126
f 127 126 208
f 127 193 196
f 127 126 207
f 127 196 126
f 127 126 207
f 127 126 200
f 127 126 202
f 127 126 201
f 127 126 201
f 125 124 113
f 125 126 113
f 125 167 124
f 125 126 167
f 125 124 113
f 125 126 113
f 125 167 124
f 125 126 167
f 125 126 112
f 125 124 168
f 125 126 168
f 125 112 52
f 125 124 52
f 125 124 112
f 125 124 50
f 125 126 50
f 125 124 172
f 125 126 172
f 125 124 50
f 125 126 50
f 125 175 124
f 125 126 175
f 125 124 49
f 125 126 49
f 125 175 124
f 125 126 175
f 125 124 48
f 125 126 48
f 125 124 179
f 125 126 179
f 125 124 46
f 125 126 46
f 125 124 180
f 125 126 180
f 125 124 43
f 125 126 43
f 125 124 180
f 125 126 180
f 125 124 43
f 125 126 43
f 125 124 181
f 125 126 181
f 125 126 41
f 125 211 41
f 125 211 209
f 125 124 209
f 125 211 37
f 125 126 37
f 125 126 211
f 125 126 211
f 125 193 124
f 125 193 126
f 125 124 208
f 125 126 208
f 125 193 196
f 125 193 196
f 125 207 124
f 125 126 207
f 125 196 124
f 125 196 126
f 125 207 124
f 125 126 207
f 125 124 200
f 125 126 200
f 125 124 202
f 125 126 202
f 125 201 124
f 125 126 201
f 125 201 124
f 125 126 201
f 121 120 113
f 121 122 113
f 121 120 168
f 121 122 168
f 121 120 113
f 121 122 113
f 121 120 172
f 121 120 55
f 121 122 55
f 121 175 120
f 121 120 53
f 121 122 53
f 121 175 120
f 121 122 53
f 121 120 179
f 121 50 53
f 121 120 50
f 121 122 50
f 121 124 179
f 121 120 180
f 121 120 50
f 121 124 180
f 121 120 180
f 121 120 49
f 121 124 180
f 121 120 181
f 121 124 181
f 121 43 48
f 121 120 43
f 121 124 43
f 121 209 43
f 121 120 209
f 121 124 209
f 121 193 120
f 121 193 124
f 121 120 208
f 121 124 208
f 121 193 196
f 121 193 196
f 121 120 208
f 121 124 208
f 121 196 120
f 121 196 124
f 121 120 202
f 121 124 202
f 121 120 200
f 121 124 200
f 121 201 120
f 121 201 124
f 121 201 120
f 121 201 124
f 123 122 113
f 123 167 113
f 123 167 124
f 123 167 124
f 123 124 168
f 123 122 168
f 123 124 172
f 123 113 53
f 123 124 53
f 123 124 113
f 123 113 53
f 123 122 53
f 123 122 113
f 123 124 53
f 123 122 53
f 123 121 172
f 123 121 122
f 123 124 50
f 123 122 50
f 123 175 124
f 123 121 175
f 123 124 50
f 123 175 124
f 123 121 124
f 123 121 175
f 123 124 49
f 123 121 49
f 123 121 50
f 123 121 122
f 123 124 48
f 123 121 48
f 123 124 43
f 123 121 43
f 123 121 124
f 144 143 112
f 144 145 112
f 144 145 35
f 144 141 143
f 144 145 141
f 144 36 35
f 144 36 143
f 144 145 35
f 144 143 146
f 144 36 146
f 144 36 143
f 144 218 35
f 144 143 218
f 144 141 210
f 144 145 210
f 144 141 210
f 144 145 210
f 144 219 218
f 144 145 219
f 144 145 219
f 144 143 218
f 144 145 218
f 144 141 211
f 144 141 143
f 144 145 211
f 144 141 208
f 144 145 208
f 144 143 216
f 144 145 216
f 144 143 213
f 144 145 213
f 144 141 207
f 144 145 207
f 144 143 216
f 144 145 216
f 144 143 213
f 144 145 213
f 144 141 207
f 144 145 207
f 144 145 141
f 144 143 214
f 144 145 214
f 651 655 14
f 651 650 14
f 651 655 16
f 651 652 655
f 651 650 16
f 651 652 655
f 651 652 16
f 651 650 16
f 651 655 635
f 651 650 655
f 651 652 633
f 651 652 18
f 651 650 18
f 651 634 635
f 651 650 634
f 651 634 633
f 651 650 634
f 651 652 633
f 651 650 633
f 651 652 18
f 651 650 18
f 651 652 619
f 651 650 619
f 651 652 20
f 651 650 20
f 651 652 614
f 651 650 614
f 651 652 20
f 651 650 20
f 651 652 614
f 651 650 614
f 651 652 22
f 651 650 22
f 651 652 597
f 651 650 597
f 651 652 22
f 651 650 22
f 651 652 593
f 651 650 593
f 651 652 24
f 651 650 24
f 651 652 593
f 651 650 593
f 651 652 24
f 651 650 24
f 651 652 591
f 651 650 591
f 651 652 26
f 651 650 26
f 651 652 591
f 651 650 591
f 651 652 27
f 651 650 27
f 651 652 589
f 651 650 589
f 651 652 28
f 651 650 28
f 651 652 588
f 651 650 588
f 651 652 28
f 651 650 28
f 651 652 583
f 651 650 583
f 651 652 215
f 651 650 215
f 651 652 583
f 651 650 583
f 651 652 215
f 651 650 215
f 651 652 582
f 651 650 582
f 651 652 577
f 651 650 577
f 651 652 577
f 651 650 577
f 261 260 183
f 261 260 182
f 261 180 260
f 261 180 260
f 261 260 179
f 261 259 177
f 261 260 259
f 261 174 259
f 261 174 259
f 261 170 259
f 261 170 259
f 261 308 310
f 261 308 306
f 261 260 304
f 261 306 304
f 261 260 302
f 261 260 304
f 261 260 301
f 261 299 301
f 261 299 260
f 261 299 260
f 261 296 298
f 261 260 296
f 261 260 293
f 189 188 88
f 189 268 88
f 189 188 88
f 189 188 268
f 189 261 188
f 189 188 87
f 189 188 260
f 189 115 114
f 189 188 115
f 189 188 258
f 189 118 115
f 189 118 188
f 189 188 254
f 189 118 119
f 189 118 188
f 189 120 119
f 189 188 120
f 189 121 120
f 189 121 188
f 189 121 124
f 189 121 188
f 189 125 124
f 189 125 188
f 189 125 126
f 189 125 126
f 189 127 126
f 189 127 126
f 189 130 129
f 189 188 130
f 189 130 131
f 189 188 130
f 189 131 132
f 189 188 131
f 189 134 132
f 189 188 134
f 189 134 135
f 189 188 134
f 189 139 135
f 189 140 139
f 189 141 140
f 189 193 141
f 189 193 145
f 189 193 145
f 189 193 149
f 189 193 159
f 189 193 159
f 189 194 159
f 189 194 159
f 266 265 183
f 266 265 182
f 266 265 180
f 266 265 180
f 266 265 179
f 266 265 177
f 266 269 162
f 266 269 162
f 266 269 294
f 266 269 299
f 266 294 295
f 266 265 295
f 266 265 294
f 266 265 294
f 266 269 299
f 266 306 304
f 266 269 306
f 266 269 308
f 266 269 308
f 266 269 312
f 266 269 312
f 266 269 326
f 266 269 316
f 266 269 324
f 266 269 316
f 266 269 320
f 266 269 318
f 185 96 95
f 185 186 96
f 185 268 95
f 185 186 268
f 185 97 96
f 185 97 96
f 185 97 98
f 185 97 98
f 185 98 99
f 185 98 99
f 185 99 114
f 185 99 88
f 185 115 114
f 185 186 260
f 185 261 260
f 185 261 186
f 185 118 115
f 185 118 119
f 185 118 188
f 185 120 119
f 185 118 188
f 185 121 120
f 185 188 120
f 185 121 188
f 185 121 124
f 185 121 188
f 185 186 203
f 185 198 203
f 185 198 186
f 185 125 124
f 185 125 188
f 185 198 181
f 185 198 194
f 185 125 126
f 185 125 126
f 185 127 126
f 185 127 126
f 185 194 164
f 185 189 194
f 185 159 181
f 185 189 159
f 185 159 164
f 185 189 159
f 185 189 149
f 185 130 129
f 185 188 130
f 185 149 181
f 185 189 145
f 185 130 131
f 185 188 130
f 185 145 149
f 185 189 145
f 185 131 132
f 185 188 131
f 185 145 141
f 185 189 141
f 185 134 132
f 185 188 134
f 185 141 140
f 185 189 140
f 185 134 135
f 185 188 134
f 185 140 139
f 185 189 139
f 185 189 188
f 185 135 181
f 185 139 135
f 187 188 96
f 187 186 96
f 187 188 268
f 187 186 268
f 187 188 96
f 187 185 96
f 187 185 186
f 187 188 88
f 187 185 88
f 187 261 188
f 187 261 186
f 187 188 115
f 187 185 115
f 187 185 188
f 187 185 198
f 187 188 260
f 187 186 260
f 187 188 258
f 187 186 258
f 187 186 255
f 187 255 254
f 187 188 254
f 187 186 255
f 187 188 253
f 187 186 253
f 187 221 186
f 187 188 253
f 187 186 253
f 187 186 225
f 187 188 251
f 187 186 251
f 187 186 227
f 187 188 251
f 187 186 251
f 187 186 232
f 187 188 249
f 187 186 249
f 187 186 235
f 187 188 249
f 187 186 249
f 187 186 235
f 187 188 247
f 187 186 247
f 187 186 239
f 187 188 246
f 187 186 246
f 187 188 241
f 187 186 241
f 187 188 246
f 187 188 241
f 187 186 241
f 187 246 244
f 187 186 246
f 187 188 244
f 187 188 244
f 187 186 244
f 263 194 195
f 263 193 194
f 263 193 194
f 263 193 265
f 263 196 195
f 263 196 265
f 263 196 197
f 263 196 265
f 263 193 260
f 263 193 265
f 263 199 197
f 263 265 199
f 263 290 260
f 263 290 260
f 263 261 260
f 263 265 290
f 263 199 200
f 263 265 199
f 263 265 268
f 263 290 268
f 263 265 290
f 263 265 293
f 263 189 265
f 263 189 261
f 263 201 200
f 263 265 201
f 263 274 260
f 263 268 274
f 263 268 274
f 263 293 296
f 263 261 293
f 263 187 265
f 263 187 261
f 263 201 202
f 263 265 202
f 263 265 201
f 263 261 296
f 263 187 186
f 263 187 261
f 263 185 186
f 263 185 261
f 263 299 298
f 263 185 265
f 81 82 88
f 81 80 82
f 81 79 88
f 81 80 79
f 81 82 89
f 81 79 709
f 81 80 79
f 81 709 89
f 81 82 709
f 81 80 82
f 86 80 87
f 86 80 84
f 86 115 87
f 86 209 115
f 86 76 115
f 86 80 76
f 86 80 84
f 86 209 87
f 86 59 209
f 86 72 76
f 86 84 72
f 86 59 115
f 86 84 59
f 86 72 115
f 86 84 72
f 86 583 674
f 86 674 671
f 86 84 674
f 86 84 674
f 86 209 55
f 86 59 209
f 86 84 59
f 86 115 68
f 86 84 68
f 86 582 87
f 86 583 582
f 86 583 582
f 86 583 674
f 86 671 668
f 86 84 681
f 86 55 212
f 86 681 583
f 86 668 11
f 86 671 668
f 86 84 671
f 86 84 684
f 86 11 212
f 86 55 11
f 86 84 55
f 86 684 681
f 86 84 684
f 86 684 583
f 86 84 687
f 86 583 687
f 86 84 694
f 86 583 694
f 86 583 694
f 86 694 87
f 86 84 694
f 86 84 702
f 86 87 701
f 86 702 701
f 86 702 87
f 86 84 85
f 86 704 87
f 86 702 87
f 86 702 704
f 86 88 704
f 86 85 88
f 86 702 704
f 86 84 702
f 86 84 85
f 86 88 704
f 86 85 88
f 128 113 129
f 128 127 113
f 128 167 129
f 128 127 167
f 128 113 129
f 128 127 113
f 128 167 129
f 128 127 167
f 128 127 49
f 128 129 168
f 128 127 168
f 128 49 112
f 128 129 112
f 128 127 49
f 128 129 172
f 128 127 172
f 128 129 48
f 128 127 48
f 128 175 129
f 128 127 175
f 128 129 46
f 128 127 46
f 128 175 129
f 128 127 175
f 128 129 45
f 128 127 45
f 128 129 179
f 128 127 179
f 128 129 45
f 128 127 45
f 128 180 129
f 128 127 180
f 128 129 43
f 128 127 43
f 128 180 129
f 128 127 180
f 128 41 129
f 128 127 41
f 128 129 181
f 128 127 181
f 128 127 37
f 128 185 129
f 128 185 127
f 128 41 129
f 128 37 129
f 128 37 41
f 128 37 129
f 128 127 37
f 128 185 188
f 128 185 127
f 128 211 129
f 128 127 211
f 128 189 188
f 128 189 127
f 128 211 209
f 128 127 211
f 128 189 129
f 128 189 127
f 128 208 209
f 128 127 208
f 128 193 129
f 128 127 193
f 128 207 208
f 128 127 207
f 128 193 196
f 128 127 193
f 128 207 129
f 128 127 207
f 128 196 129
f 128 127 196
f 128 202 129
f 128 127 202
f 128 200 129
f 128 127 200
f 128 201 202
f 128 127 201
f 128 201 200
f 128 127 201
f 191 265 268
f 191 268 88
f 191 263 265
f 191 88 87
f 191 189 88
f 191 263 260
f 191 87 114
f 191 189 114
f 191 189 87
f 191 260 258
f 191 258 256
f 191 254 256
f 191 253 254
f 191 253 251
f 191 251 249
f 191 249 247
f 191 249 247
f 191 246 247
f 191 246 245
f 191 244 245
f 191 244 243
f 191 243 192
f 191 241 192
f 191 240 239
f 191 241 240
f 191 241 240
f 191 239 192
f 191 235 192
f 191 194 235
f 191 194 233
f 191 194 233
f 191 194 232
f 191 194 227
f 191 194 225
f 191 221 194
f 191 189 194
f 267 187 186
f 267 187 186
f 267 185 186
f 267 185 186
f 267 187 188
f 267 187 265
f 267 189 188
f 267 189 265
f 267 189 265
f 267 265 268
f 267 266 265
f 267 185 268
f 267 266 265
f 267 185 265
f 267 268 292
f 267 268 183
f 267 266 183
f 267 294 292
f 267 266 294
f 267 268 182
f 267 266 182
f 267 269 294
f 267 269 268
f 267 266 269
f 267 268 182
f 267 180 182
f 267 266 180
f 267 268 180
f 267 269 170
f 267 269 268
f 267 266 170
f 267 269 170
f 267 266 170
f 267 268 180
f 267 266 180
f 267 268 174
f 267 266 174
f 267 269 166
f 267 266 166
f 267 268 179
f 267 266 179
f 267 175 268
f 267 266 175
f 267 269 166
f 267 266 166
f 267 266 269
f 267 268 177
f 267 266 177
f 267 175 268
f 267 266 175
f 262 185 261
f 262 263 185
f 262 263 185
f 262 261 183
f 262 263 183
f 262 261 182
f 262 263 182
f 262 261 180
f 262 263 180
f 262 261 180
f 262 263 180
f 262 261 179
f 262 263 179
f 262 261 177
f 262 263 177
f 262 175 174
f 262 261 174
f 262 261 174
f 262 261 170
f 262 261 170
f 262 166 259
f 262 261 259
f 262 166 259
f 262 162 259
f 262 162 259
f 262 259 161
f 262 304 302
f 262 261 302
f 262 261 304
f 262 261 299
f 262 261 306
f 262 261 299
f 262 263 299
f 262 261 308
f 262 261 298
f 262 263 298
f 262 263 261
f 262 261 308
f 262 326 259
f 262 312 310
f 262 261 310
f 262 326 259
f 262 312 314
f 262 259 324
f 262 316 314
f 262 320 259
f 262 316 318
f 262 318 320
f 264 265 183
f 264 263 183
f 264 263 265
f 264 265 182
f 264 263 182
f 264 265 180
f 264 263 180
f 264 265 180
f 264 263 180
f 264 265 179
f 264 263 179
f 264 265 177
f 264 263 177
f 264 266 175
f 264 266 265
f 264 262 175
f 264 262 263
f 264 266 175
f 264 262 175
f 264 266 174
f 264 262 174
f 264 266 170
f 264 262 170
f 264 266 170
f 264 262 170
f 264 266 166
f 264 262 166
f 264 262 299
f 264 262 263
f 264 266 166
f 264 262 166
f 264 266 299
f 264 266 304
f 264 262 304
f 264 263 299
f 264 266 162
f 264 262 162
f 264 266 299
f 264 266 265
f 264 266 306
f 264 262 306
f 264 263 296
f 264 266 162
f 264 262 162
f 264 266 308
f 264 262 308
f 264 296 295
f 264 265 295
f 264 263 296
f 264 263 265
f 264 266 161
f 264 262 161
f 264 266 308
f 264 262 308
f 264 266 312
f 264 262 312
f 264 266 312
f 264 262 312
f 264 266 316
f 264 262 316
f 264 266 316
f 264 262 316
f 264 266 318
f 264 262 318
f 264 266 326
f 264 262 326
f 264 266 320
f 264 262 320
f 264 266 324
f 264 262 324
f 190 189 265
f 190 191 265
f 190 189 268
f 190 191 268
f 190 191 189
f 190 263 189
f 190 191 263
f 190 263 189
f 190 189 261
f 190 263 261
f 190 191 263
f 190 189 260
f 190 191 260
f 190 189 258
f 190 191 258
f 190 189 254
f 190 191 254
f 190 191 253
f 190 188 253
f 190 189 188
f 190 191 253
f 190 188 253
f 190 253 251
f 190 188 251
f 190 188 251
f 190 251 249
f 190 191 251
f 190 188 249
f 190 191 249
f 190 188 249
f 190 191 247
f 190 188 247
f 190 191 246
f 190 188 246
f 190 191 246
f 190 188 246
f 190 191 244
f 190 188 244
f 190 191 244
f 190 188 244
f 190 188 241
f 190 241 243
f 190 191 243
f 190 191 241
f 190 191 241
f 190 188 241
f 190 191 239
f 190 191 189
f 190 187 239
f 190 187 188
f 190 191 235
f 190 185 189
f 190 185 189
f 190 187 235
f 190 187 185
f 190 187 235
f 190 233 235
f 190 191 233
f 190 191 233
f 190 191 232
f 190 185 198
f 190 187 185
f 190 187 221
f 190 191 221
f 190 198 194
f 190 194 210
f 190 187 232
f 190 191 227
f 190 187 225
f 190 191 225
f 190 221 186
f 190 187 221
f 190 221 194
f 190 191 221
f 190 187 198
f 190 194 210
f 190 186 210
f 190 187 227
f 190 186 218
f 190 194 218
f 190 186 206
f 190 198 206
f 190 198 186
f 190 194 213
f 190 186 210
f 190 186 213
