# King Wen sovereign avatar mesh
# hex25_phase1.ply
# vertices=729 faces=13270
o kingwen_avatar
v 0.205966 0.000047 0.091968 0.309804 0.360784 0.329412
v 0.208830 0.001955 0.091942 0.309804 0.356863 0.329412
v 0.211683 0.003900 0.091890 0.313725 0.356863 0.329412
v 0.214513 0.005880 0.091811 0.317647 0.356863 0.325490
v 0.217312 0.007895 0.091706 0.321569 0.352941 0.325490
v 0.220069 0.009943 0.091574 0.321569 0.352941 0.325490
v 0.222773 0.012023 0.091416 0.325490 0.349020 0.325490
v 0.225414 0.014133 0.091231 0.329412 0.349020 0.325490
v 0.227981 0.016272 0.091020 0.329412 0.349020 0.325490
v 0.230464 0.018436 0.090783 0.333333 0.345098 0.321569
v 0.232853 0.020625 0.090519 0.333333 0.345098 0.321569
v 0.235138 0.022836 0.090230 0.337255 0.341176 0.321569
v 0.236546 0.024986 0.089625 0.337255 0.341176 0.321569
v 0.238588 0.027227 0.089284 0.341176 0.341176 0.321569
v 0.240499 0.029481 0.088918 0.341176 0.337255 0.321569
v 0.242270 0.031747 0.088526 0.341176 0.337255 0.317647
v 0.243894 0.034022 0.088108 0.345098 0.337255 0.317647
v 0.245363 0.036301 0.087665 0.345098 0.333333 0.317647
v 0.246670 0.038584 0.087196 0.345098 0.333333 0.317647
v 0.248610 0.040997 0.086982 0.345098 0.329412 0.317647
v 0.248778 0.043144 0.086183 0.345098 0.329412 0.317647
v 0.249568 0.045415 0.085638 0.349020 0.329412 0.313725
v 0.250176 0.047675 0.085069 0.349020 0.325490 0.313725
v 0.250600 0.049922 0.084474 0.349020 0.325490 0.313725
v 0.250838 0.052152 0.083855 0.349020 0.325490 0.313725
v 0.250887 0.054363 0.083212 0.349020 0.325490 0.313725
v 0.250748 0.056549 0.082544 0.345098 0.321569 0.313725
v 0.250420 0.058710 0.081852 0.345098 0.321569 0.309804
v 0.250710 0.061037 0.081397 0.345098 0.321569 0.309804
v 0.249202 0.062938 0.080395 0.345098 0.321569 0.309804
v 0.249118 0.065210 0.079888 0.345098 0.317647 0.309804
v 0.247252 0.067023 0.078844 0.341176 0.317647 0.309804
v 0.246804 0.069227 0.078285 0.341176 0.317647 0.309804
v 0.244598 0.070942 0.077200 0.337255 0.317647 0.309804
v 0.243803 0.073067 0.076590 0.337255 0.313725 0.305882
v 0.242059 0.074913 0.075708 0.333333 0.313725 0.305882
v 0.240161 0.076707 0.074804 0.333333 0.313725 0.305882
v 0.238117 0.078447 0.073878 0.329412 0.313725 0.305882
v 0.235934 0.080130 0.072930 0.329412 0.313725 0.305882
v 0.233620 0.081755 0.071960 0.325490 0.309804 0.305882
v 0.231183 0.083319 0.070969 0.321569 0.309804 0.305882
v 0.229368 0.085095 0.070182 0.321569 0.309804 0.305882
v 0.225978 0.086261 0.068924 0.317647 0.309804 0.301961
v 0.223946 0.087918 0.068089 0.313725 0.309804 0.301961
v 0.221100 0.089232 0.067012 0.309804 0.309804 0.301961
v 0.218178 0.090479 0.065916 0.309804 0.305882 0.301961
v 0.215188 0.091659 0.064800 0.305882 0.305882 0.301961
v 0.212140 0.092772 0.063664 0.301961 0.305882 0.301961
v 0.209044 0.093817 0.062510 0.298039 0.305882 0.301961
v 0.205908 0.094794 0.061338 0.298039 0.305882 0.301961
v 0.202742 0.095704 0.060147 0.294118 0.301961 0.301961
v 0.199555 0.096547 0.058938 0.290196 0.301961 0.301961
v 0.196985 0.097636 0.057897 0.290196 0.301961 0.301961
v 0.193770 0.098350 0.056650 0.286275 0.301961 0.301961
v 0.190559 0.098999 0.055387 0.282353 0.298039 0.301961
v 0.187360 0.099585 0.054107 0.282353 0.298039 0.301961
v 0.184180 0.100110 0.052811 0.278431 0.298039 0.301961
v 0.181025 0.100575 0.051499 0.278431 0.294118 0.298039
v 0.177903 0.100983 0.050172 0.274510 0.294118 0.298039
v 0.174820 0.101334 0.048831 0.274510 0.294118 0.301961
v 0.171781 0.101633 0.047475 0.274510 0.290196 0.301961
v 0.168792 0.101882 0.046105 0.270588 0.290196 0.301961
v 0.165858 0.102083 0.044721 0.270588 0.286275 0.301961
v 0.162983 0.102239 0.043324 0.270588 0.286275 0.301961
v 0.160172 0.102354 0.041915 0.270588 0.286275 0.301961
v 0.157428 0.102431 0.040492 0.270588 0.282353 0.301961
v 0.154755 0.102474 0.039058 0.270588 0.282353 0.301961
v 0.152156 0.102486 0.037612 0.270588 0.278431 0.301961
v 0.149155 0.102145 0.036039 0.270588 0.278431 0.301961
v 0.146719 0.102109 0.034576 0.270588 0.274510 0.301961
v 0.144826 0.102382 0.033208 0.270588 0.270588 0.301961
v 0.143456 0.102968 0.031921 0.270588 0.270588 0.301961
v 0.192358 0.140126 0.041417 0.270588 0.266667 0.301961
v 0.215518 0.159273 0.044761 0.274510 0.266667 0.301961
v 0.214970 0.161108 0.042915 0.274510 0.262745 0.301961
v 0.212336 0.161322 0.040586 0.274510 0.258824 0.305882
v 0.209404 0.161230 0.038156 0.274510 0.258824 0.305882
v 0.206609 0.161167 0.035713 0.274510 0.254902 0.305882
v 0.204362 0.161466 0.033325 0.278431 0.254902 0.305882
v 0.201833 0.161487 0.030851 0.278431 0.250980 0.305882
v 0.199440 0.161564 0.028365 0.278431 0.247059 0.305882
v 0.197180 0.161707 0.025867 0.282353 0.247059 0.305882
v 0.195446 0.162252 0.023404 0.282353 0.243137 0.305882
v 0.193055 0.162228 0.020837 0.282353 0.243137 0.309804
v 0.191184 0.162624 0.018305 0.286275 0.239216 0.309804
v 0.189439 0.163123 0.015764 0.286275 0.239216 0.309804
v 0.187437 0.163403 0.013185 0.290196 0.239216 0.309804
v 0.185559 0.163800 0.010608 0.290196 0.235294 0.309804
v 0.183802 0.164319 0.008032 0.290196 0.235294 0.313725
v 0.181790 0.164632 0.005448 0.294118 0.235294 0.313725
v 0.179893 0.165076 0.002876 0.294118 0.235294 0.313725
v 0.178473 0.165992 0.000319 0.298039 0.235294 0.313725
v 0.176788 0.166708 -0.002229 0.298039 0.235294 0.313725
v 0.174839 0.167215 -0.004751 0.301961 0.235294 0.313725
v 0.173345 0.168204 -0.007261 0.305882 0.235294 0.317647
v 0.171576 0.168977 -0.009734 0.305882 0.235294 0.317647
v 0.170603 0.170594 -0.012229 0.309804 0.235294 0.317647
v 0.169342 0.171992 -0.014684 0.309804 0.239216 0.317647
v 0.168144 0.173522 -0.017119 0.313725 0.239216 0.321569
v 0.167002 0.175180 -0.019532 0.317647 0.243137 0.321569
v 0.165910 0.176962 -0.021923 0.317647 0.243137 0.321569
v 0.164506 0.178480 -0.024238 0.321569 0.247059 0.321569
v 0.163491 0.180487 -0.026575 0.325490 0.247059 0.321569
v 0.162150 0.182205 -0.028825 0.325490 0.250980 0.325490
v 0.161181 0.184413 -0.031105 0.329412 0.250980 0.325490
v 0.160224 0.186714 -0.033357 0.329412 0.254902 0.325490
v 0.159272 0.189101 -0.035581 0.333333 0.258824 0.325490
v 0.158317 0.191566 -0.037776 0.337255 0.258824 0.325490
v 0.157354 0.194104 -0.039941 0.337255 0.262745 0.329412
v 0.156375 0.196705 -0.042074 0.341176 0.266667 0.329412
v 0.155373 0.199363 -0.044176 0.341176 0.266667 0.329412
v 0.154344 0.202070 -0.046245 0.341176 0.270588 0.329412
v 0.153280 0.204819 -0.048281 0.345098 0.274510 0.329412
v 0.152521 0.208071 -0.050398 0.345098 0.274510 0.329412
v 0.150683 0.209929 -0.052132 0.345098 0.278431 0.329412
v 0.149829 0.213234 -0.054184 0.349020 0.278431 0.329412
v 0.148577 0.216071 -0.056081 0.349020 0.282353 0.333333
v 0.147607 0.219417 -0.058076 0.349020 0.286275 0.333333
v 0.146573 0.222776 -0.060044 0.349020 0.286275 0.333333
v 0.145471 0.226141 -0.061984 0.349020 0.290196 0.333333
v 0.144298 0.229505 -0.063897 0.345098 0.290196 0.333333
v 0.143053 0.232861 -0.065781 0.345098 0.294118 0.333333
v 0.141401 0.235650 -0.067478 0.345098 0.294118 0.333333
v 0.140005 0.238957 -0.069298 0.345098 0.298039 0.333333
v 0.138532 0.242234 -0.071089 0.341176 0.298039 0.333333
v 0.136659 0.244896 -0.072678 0.341176 0.298039 0.333333
v 0.135032 0.248083 -0.074403 0.337255 0.301961 0.333333
v 0.133011 0.250622 -0.075916 0.337255 0.301961 0.333333
v 0.130609 0.252481 -0.077205 0.333333 0.305882 0.333333
v 0.128762 0.255466 -0.078822 0.329412 0.305882 0.333333
v 0.126843 0.258379 -0.080407 0.329412 0.305882 0.333333
v 0.124550 0.260584 -0.081763 0.325490 0.309804 0.333333
v 0.122494 0.263326 -0.083278 0.321569 0.309804 0.333333
v 0.120079 0.265333 -0.084555 0.317647 0.309804 0.333333
v 0.117609 0.267227 -0.085790 0.313725 0.313725 0.329412
v 0.115089 0.269003 -0.086984 0.313725 0.313725 0.329412
v 0.112799 0.271327 -0.088354 0.309804 0.313725 0.329412
v 0.110184 0.272862 -0.089468 0.305882 0.317647 0.329412
v 0.107798 0.274948 -0.090766 0.301961 0.317647 0.329412
v 0.105103 0.276224 -0.091800 0.298039 0.317647 0.329412
v 0.102635 0.278056 -0.093024 0.298039 0.321569 0.329412
v 0.099879 0.279056 -0.093978 0.294118 0.321569 0.329412
v 0.097345 0.280618 -0.095129 0.290196 0.321569 0.325490
v 0.094303 0.280618 -0.095759 0.290196 0.325490 0.325490
v 0.091726 0.281892 -0.096832 0.286275 0.325490 0.325490
v 0.088900 0.282301 -0.097621 0.282353 0.325490 0.325490
v 0.086289 0.283283 -0.098620 0.282353 0.325490 0.325490
v 0.083449 0.283388 -0.099328 0.278431 0.329412 0.325490
v 0.080819 0.284070 -0.100252 0.278431 0.329412 0.325490
v 0.077978 0.283865 -0.100879 0.274510 0.329412 0.321569
v 0.075343 0.284244 -0.101728 0.274510 0.333333 0.321569
v 0.072705 0.284471 -0.102542 0.274510 0.333333 0.321569
v 0.069886 0.283802 -0.103049 0.270588 0.333333 0.321569
v 0.067261 0.283724 -0.103787 0.270588 0.333333 0.321569
v 0.064643 0.283495 -0.104489 0.270588 0.337255 0.321569
v 0.061869 0.282367 -0.104876 0.270588 0.337255 0.317647
v 0.059278 0.281838 -0.105503 0.270588 0.337255 0.317647
v 0.056851 0.281911 -0.106376 0.270588 0.341176 0.317647
v 0.054281 0.281089 -0.106932 0.270588 0.341176 0.317647
v 0.051590 0.279374 -0.107165 0.270588 0.341176 0.317647
v 0.049062 0.278268 -0.107645 0.270588 0.341176 0.317647
v 0.046429 0.276276 -0.107798 0.270588 0.345098 0.313725
v 0.043950 0.274898 -0.108204 0.270588 0.345098 0.313725
v 0.041492 0.273388 -0.108574 0.270588 0.345098 0.313725
v 0.039166 0.272492 -0.109204 0.274510 0.349020 0.313725
v 0.036551 0.269252 -0.108905 0.274510 0.349020 0.313725
v 0.034457 0.269579 -0.110064 0.274510 0.349020 0.313725
v 0.032177 0.268308 -0.110592 0.278431 0.349020 0.309804
v 0.029913 0.266919 -0.111087 0.278431 0.352941 0.309804
v 0.027666 0.265415 -0.111548 0.278431 0.352941 0.309804
v 0.025368 0.263084 -0.111670 0.282353 0.352941 0.309804
v 0.023100 0.260657 -0.111756 0.282353 0.352941 0.309804
v 0.020922 0.258850 -0.112112 0.286275 0.356863 0.309804
v 0.018867 0.258357 -0.113051 0.286275 0.356863 0.309804
v 0.016719 0.256357 -0.113340 0.290196 0.356863 0.305882
v 0.014594 0.254274 -0.113595 0.290196 0.360784 0.305882
v 0.012493 0.252114 -0.113816 0.294118 0.360784 0.305882
v 0.010416 0.249883 -0.114001 0.298039 0.360784 0.305882
v 0.008364 0.247589 -0.114152 0.298039 0.360784 0.305882
v 0.006339 0.245237 -0.114268 0.301961 0.360784 0.305882
v 0.004352 0.243496 -0.114661 0.301961 0.364706 0.305882
v 0.002376 0.241043 -0.114708 0.305882 0.364706 0.305882
v 0.000428 0.238554 -0.114720 0.309804 0.364706 0.301961
v -0.001494 0.236677 -0.115008 0.309804 0.364706 0.301961
v -0.003389 0.234130 -0.114951 0.313725 0.364706 0.301961
v -0.005268 0.232197 -0.115170 0.317647 0.368627 0.301961
v -0.007107 0.229621 -0.115042 0.317647 0.368627 0.301961
v -0.008940 0.227661 -0.115191 0.321569 0.368627 0.301961
v -0.010752 0.225694 -0.115305 0.321569 0.368627 0.301961
v -0.012476 0.222530 -0.114764 0.325490 0.368627 0.301961
v -0.014237 0.220589 -0.114809 0.329412 0.368627 0.301961
v -0.015977 0.218666 -0.114818 0.329412 0.368627 0.301961
v -0.017697 0.216766 -0.114791 0.333333 0.368627 0.301961
v -0.019345 0.214326 -0.114423 0.333333 0.368627 0.301961
v -0.021021 0.212504 -0.114328 0.337255 0.368627 0.301961
v -0.022618 0.210169 -0.113893 0.337255 0.372549 0.301961
v -0.024190 0.207898 -0.113425 0.341176 0.372549 0.301961
v -0.025805 0.206247 -0.113227 0.341176 0.372549 0.301961
v -0.027333 0.204119 -0.112694 0.341176 0.372549 0.301961
v -0.028840 0.202073 -0.112129 0.345098 0.372549 0.298039
v -0.030327 0.200114 -0.111532 0.345098 0.372549 0.301961
v -0.031796 0.198246 -0.110904 0.345098 0.372549 0.301961
v -0.033249 0.196474 -0.110245 0.345098 0.372549 0.301961
v -0.034688 0.194801 -0.109556 0.349020 0.372549 0.301961
v -0.036116 0.193229 -0.108836 0.349020 0.372549 0.301961
v -0.037535 0.191761 -0.108086 0.349020 0.372549 0.301961
v -0.038843 0.189892 -0.107020 0.349020 0.372549 0.301961
v -0.040247 0.188639 -0.106212 0.349020 0.372549 0.301961
v -0.041537 0.186993 -0.105093 0.349020 0.372549 0.301961
v -0.042936 0.185957 -0.104229 0.345098 0.372549 0.301961
v -0.044218 0.184531 -0.103058 0.345098 0.372549 0.301961
v -0.045621 0.183707 -0.102137 0.345098 0.372549 0.301961
v -0.046778 0.182003 -0.100644 0.345098 0.372549 0.301961
v -0.047931 0.180405 -0.099133 0.341176 0.368627 0.301961
v -0.049214 0.179397 -0.097870 0.341176 0.368627 0.301961
v -0.050503 0.178482 -0.096583 0.341176 0.368627 0.301961
v -0.051800 0.177657 -0.095273 0.337255 0.368627 0.301961
v -0.053108 0.176916 -0.093941 0.337255 0.368627 0.301961
v -0.054428 0.176254 -0.092586 0.333333 0.368627 0.301961
v -0.055915 0.176148 -0.091460 0.333333 0.368627 0.301961
v -0.057267 0.175625 -0.090057 0.333333 0.364706 0.301961
v -0.058636 0.175163 -0.088633 0.329412 0.364706 0.301961
v -0.060188 0.175240 -0.087429 0.325490 0.364706 0.301961
v -0.061769 0.175365 -0.086196 0.325490 0.360784 0.301961
v -0.063378 0.175534 -0.084936 0.321569 0.360784 0.301961
v -0.065017 0.175740 -0.083648 0.321569 0.360784 0.301961
v -0.066686 0.175978 -0.082333 0.317647 0.356863 0.301961
v -0.068388 0.176242 -0.080991 0.317647 0.356863 0.305882
v -0.070122 0.176527 -0.079621 0.313725 0.352941 0.305882
v -0.072088 0.177316 -0.078442 0.309804 0.349020 0.305882
v -0.073894 0.177628 -0.077016 0.309804 0.349020 0.305882
v -0.075735 0.177947 -0.075565 0.305882 0.345098 0.305882
v -0.077824 0.178760 -0.074292 0.301961 0.341176 0.305882
v -0.079741 0.179081 -0.072787 0.301961 0.341176 0.305882
v -0.081917 0.179890 -0.071454 0.298039 0.337255 0.305882
v -0.084140 0.180693 -0.070089 0.294118 0.333333 0.305882
v -0.086175 0.180991 -0.068506 0.294118 0.329412 0.305882
v -0.088487 0.181771 -0.067083 0.290196 0.325490 0.305882
v -0.090600 0.182039 -0.065452 0.290196 0.321569 0.305882
v -0.093001 0.182786 -0.063974 0.286275 0.317647 0.305882
v -0.095192 0.183014 -0.062298 0.282353 0.317647 0.305882
v -0.097683 0.183718 -0.060768 0.282353 0.313725 0.305882
v -0.099951 0.183898 -0.059050 0.278431 0.309804 0.305882
v -0.102530 0.184549 -0.057470 0.278431 0.305882 0.305882
v -0.104873 0.184672 -0.055714 0.274510 0.301961 0.305882
v -0.107539 0.185262 -0.054087 0.274510 0.298039 0.309804
v -0.109955 0.185319 -0.052294 0.274510 0.294118 0.309804
v -0.112704 0.185840 -0.050624 0.270588 0.290196 0.309804
v -0.115188 0.185823 -0.048798 0.270588 0.286275 0.309804
v -0.118017 0.186265 -0.047086 0.270588 0.282353 0.309804
v -0.120564 0.186165 -0.045231 0.270588 0.278431 0.309804
v -0.123466 0.186519 -0.043481 0.270588 0.274510 0.309804
v -0.126068 0.186327 -0.041598 0.270588 0.270588 0.309804
v -0.129036 0.186584 -0.039812 0.270588 0.266667 0.309804
v -0.132036 0.186788 -0.038006 0.270588 0.266667 0.309804
v -0.134708 0.186441 -0.036085 0.270588 0.262745 0.309804
v -0.137392 0.186039 -0.034156 0.274510 0.258824 0.309804
v -0.140459 0.186073 -0.032305 0.274510 0.254902 0.313725
v -0.143166 0.185553 -0.030357 0.274510 0.254902 0.313725
v -0.146261 0.185463 -0.028478 0.278431 0.250980 0.313725
v -0.149368 0.185308 -0.026583 0.278431 0.247059 0.313725
v -0.152482 0.185085 -0.024672 0.282353 0.247059 0.313725
v -0.155191 0.184307 -0.022688 0.282353 0.243137 0.313725
v -0.158298 0.183946 -0.020754 0.286275 0.243137 0.313725
v -0.160974 0.183033 -0.018757 0.290196 0.243137 0.313725
v -0.164051 0.182529 -0.016802 0.294118 0.239216 0.313725
v -0.166673 0.181476 -0.014796 0.294118 0.239216 0.313725
v -0.169254 0.180355 -0.012788 0.298039 0.239216 0.317647
v -0.172240 0.179634 -0.010808 0.301961 0.235294 0.317647
v -0.174730 0.178372 -0.008795 0.305882 0.235294 0.317647
v -0.177624 0.177504 -0.006799 0.309804 0.235294 0.317647
v -0.179997 0.176103 -0.004782 0.313725 0.235294 0.317647
v -0.182299 0.174636 -0.002767 0.313725 0.235294 0.317647
v -0.184522 0.173103 -0.000754 0.317647 0.235294 0.317647
v -0.186661 0.171506 0.001256 0.321569 0.235294 0.317647
v -0.189201 0.170289 0.003271 0.325490 0.235294 0.317647
v -0.191158 0.168564 0.005278 0.329412 0.235294 0.321569
v -0.193012 0.166781 0.007281 0.329412 0.235294 0.321569
v -0.195264 0.165370 0.009303 0.333333 0.235294 0.321569
v -0.196901 0.163472 0.011299 0.333333 0.235294 0.321569
v -0.198418 0.161521 0.013289 0.337255 0.239216 0.321569
v -0.199812 0.159521 0.015272 0.337255 0.239216 0.321569
v -0.201079 0.157475 0.017248 0.341176 0.239216 0.321569
v -0.202737 0.155788 0.019265 0.341176 0.239216 0.321569
v -0.203740 0.153653 0.021228 0.345098 0.243137 0.321569
v -0.204605 0.151480 0.023182 0.345098 0.243137 0.321569
v -0.205330 0.149272 0.025125 0.345098 0.247059 0.321569
v -0.205914 0.147032 0.027059 0.345098 0.247059 0.325490
v -0.206355 0.144765 0.028981 0.349020 0.250980 0.325490
v -0.206654 0.142472 0.030891 0.349020 0.250980 0.325490
v -0.206811 0.140157 0.032790 0.349020 0.254902 0.325490
v -0.206826 0.137823 0.034675 0.349020 0.254902 0.325490
v -0.206702 0.135473 0.036548 0.349020 0.258824 0.325490
v -0.206974 0.133453 0.038507 0.349020 0.262745 0.325490
v -0.206577 0.131073 0.040356 0.349020 0.262745 0.325490
v -0.206049 0.128686 0.042192 0.345098 0.266667 0.325490
v -0.205394 0.126294 0.044012 0.345098 0.270588 0.325490
v -0.204616 0.123899 0.045817 0.345098 0.274510 0.325490
v -0.203722 0.121504 0.047607 0.345098 0.278431 0.325490
v -0.202716 0.119111 0.049381 0.345098 0.282353 0.325490
v -0.201606 0.116722 0.051138 0.341176 0.282353 0.325490
v -0.200398 0.114340 0.052879 0.341176 0.286275 0.325490
v -0.199099 0.111966 0.054602 0.341176 0.290196 0.325490
v -0.197717 0.109602 0.056309 0.341176 0.294118 0.325490
v -0.196260 0.107249 0.057998 0.337255 0.298039 0.325490
v -0.194736 0.104909 0.059670 0.337255 0.301961 0.325490
v -0.193154 0.102584 0.061324 0.337255 0.305882 0.325490
v -0.192016 0.100533 0.063122 0.333333 0.313725 0.325490
v -0.190338 0.098235 0.064745 0.333333 0.317647 0.325490
v -0.188629 0.095955 0.066348 0.333333 0.321569 0.325490
v -0.186897 0.093694 0.067934 0.329412 0.325490 0.325490
v -0.185151 0.091455 0.069500 0.329412 0.329412 0.325490
v -0.183399 0.089237 0.071048 0.325490 0.333333 0.325490
v -0.181652 0.087042 0.072577 0.325490 0.337255 0.325490
v -0.179917 0.084871 0.074086 0.321569 0.341176 0.325490
v -0.178204 0.082725 0.075576 0.321569 0.345098 0.325490
v -0.176520 0.080605 0.077046 0.321569 0.349020 0.325490
v -0.175324 0.078715 0.078698 0.317647 0.349020 0.325490
v -0.173720 0.076647 0.080132 0.317647 0.352941 0.325490
v -0.172170 0.074608 0.081544 0.313725 0.356863 0.325490
v -0.170681 0.072600 0.082936 0.313725 0.360784 0.325490
v -0.169261 0.070623 0.084306 0.309804 0.360784 0.325490
v -0.167916 0.068679 0.085653 0.305882 0.364706 0.325490
v -0.166652 0.066768 0.086978 0.305882 0.364706 0.325490
v -0.165900 0.065058 0.088506 0.301961 0.368627 0.329412
v -0.164815 0.063211 0.089787 0.301961 0.368627 0.329412
v -0.163829 0.061398 0.091044 0.298039 0.368627 0.329412
v -0.162946 0.059620 0.092275 0.294118 0.368627 0.329412
v -0.162587 0.058024 0.093719 0.294118 0.372549 0.329412
v -0.161924 0.056310 0.094901 0.290196 0.372549 0.329412
v -0.161379 0.054629 0.096056 0.290196 0.372549 0.329412
v -0.160953 0.052981 0.097182 0.286275 0.372549 0.329412
v -0.161061 0.051494 0.098530 0.286275 0.372549 0.329412
v -0.160885 0.049902 0.099602 0.282353 0.372549 0.329412
v -0.160838 0.048338 0.100643 0.282353 0.372549 0.329412
v -0.160922 0.046800 0.101653 0.278431 0.372549 0.329412
v -0.161139 0.045285 0.102632 0.278431 0.372549 0.329412
v -0.161901 0.043903 0.103843 0.274510 0.372549 0.329412
v -0.162387 0.042424 0.104760 0.274510 0.368627 0.329412
v -0.163010 0.040961 0.105644 0.274510 0.368627 0.329412
v -0.163768 0.039511 0.106495 0.270588 0.368627 0.329412
v -0.164662 0.038071 0.107313 0.270588 0.368627 0.329412
v -0.165691 0.036638 0.108096 0.270588 0.368627 0.333333
v -0.167278 0.035297 0.109121 0.270588 0.368627 0.333333
v -0.168577 0.033864 0.109838 0.270588 0.368627 0.333333
v -0.170008 0.032427 0.110519 0.270588 0.368627 0.333333
v -0.171568 0.030985 0.111166 0.270588 0.368627 0.333333
v -0.173255 0.029533 0.111777 0.270588 0.368627 0.333333
v -0.175066 0.028069 0.112353 0.270588 0.368627 0.333333
v -0.176998 0.026589 0.112894 0.274510 0.368627 0.333333
v -0.179046 0.025091 0.113400 0.274510 0.368627 0.333333
v -0.181207 0.023571 0.113871 0.274510 0.368627 0.333333
v -0.183475 0.022028 0.114306 0.278431 0.372549 0.333333
v -0.185846 0.020458 0.114706 0.278431 0.372549 0.333333
v -0.188314 0.018860 0.115071 0.282353 0.372549 0.333333
v -0.190872 0.017231 0.115401 0.282353 0.372549 0.333333
v -0.193515 0.015569 0.115696 0.286275 0.372549 0.333333
v -0.196236 0.013873 0.115956 0.286275 0.372549 0.333333
v -0.199026 0.012141 0.116182 0.290196 0.372549 0.333333
v -0.202389 0.010399 0.116667 0.294118 0.372549 0.333333
v -0.205303 0.008587 0.116823 0.294118 0.372549 0.333333
v -0.208262 0.006737 0.116945 0.298039 0.372549 0.333333
v -0.211256 0.004847 0.117033 0.301961 0.372549 0.329412
v -0.214278 0.002918 0.117086 0.305882 0.372549 0.329412
v -0.217316 0.000950 0.117105 0.305882 0.372549 0.329412
v -0.228707 -0.001099 0.121524 0.309804 0.368627 0.329412
v -0.231863 -0.003224 0.121473 0.313725 0.368627 0.329412
v -0.235005 -0.005388 0.121387 0.317647 0.368627 0.329412
v -0.238120 -0.007591 0.121265 0.317647 0.368627 0.329412
v -0.241198 -0.009832 0.121108 0.321569 0.368627 0.329412
v -0.244227 -0.012110 0.120917 0.325490 0.368627 0.325490
v -0.246594 -0.014387 0.120396 0.325490 0.364706 0.325490
v -0.249485 -0.016726 0.120135 0.329412 0.364706 0.325490
v -0.252292 -0.019096 0.119840 0.329412 0.364706 0.325490
v -0.255005 -0.021495 0.119510 0.333333 0.360784 0.325490
v -0.257614 -0.023920 0.119145 0.333333 0.360784 0.325490
v -0.260107 -0.026369 0.118746 0.337255 0.360784 0.325490
v -0.262474 -0.028840 0.118313 0.337255 0.360784 0.321569
v -0.264705 -0.031328 0.117845 0.341176 0.356863 0.321569
v -0.266790 -0.033832 0.117344 0.341176 0.356863 0.321569
v -0.268722 -0.036349 0.116808 0.341176 0.356863 0.321569
v -0.270490 -0.038875 0.116239 0.345098 0.352941 0.321569
v -0.272089 -0.041407 0.115636 0.345098 0.352941 0.321569
v -0.273509 -0.043942 0.114999 0.345098 0.352941 0.317647
v -0.274745 -0.046476 0.114329 0.345098 0.349020 0.317647
v -0.275792 -0.049006 0.113625 0.349020 0.349020 0.317647
v -0.276645 -0.051529 0.112889 0.349020 0.349020 0.317647
v -0.277299 -0.054040 0.112119 0.349020 0.349020 0.317647
v -0.277751 -0.056537 0.111317 0.349020 0.345098 0.313725
v -0.278000 -0.059016 0.110482 0.349020 0.345098 0.313725
v -0.278043 -0.061473 0.109615 0.349020 0.345098 0.313725
v -0.277881 -0.063905 0.108715 0.345098 0.341176 0.313725
v -0.277513 -0.066309 0.107784 0.345098 0.341176 0.313725
v -0.276266 -0.068512 0.106560 0.345098 0.341176 0.313725
v -0.276167 -0.071016 0.105826 0.345098 0.341176 0.309804
v -0.275195 -0.073313 0.104800 0.341176 0.337255 0.309804
v -0.274027 -0.075568 0.103744 0.341176 0.337255 0.309804
v -0.272668 -0.077778 0.102657 0.341176 0.337255 0.309804
v -0.271124 -0.079941 0.101539 0.337255 0.337255 0.309804
v -0.269401 -0.082052 0.100391 0.337255 0.333333 0.309804
v -0.267505 -0.084110 0.099214 0.333333 0.333333 0.309804
v -0.265445 -0.086112 0.098008 0.333333 0.333333 0.305882
v -0.263227 -0.088055 0.096772 0.329412 0.333333 0.305882
v -0.260860 -0.089937 0.095508 0.325490 0.333333 0.305882
v -0.258353 -0.091756 0.094215 0.325490 0.329412 0.305882
v -0.256340 -0.093739 0.093122 0.321569 0.329412 0.305882
v -0.253574 -0.095431 0.091770 0.317647 0.329412 0.305882
v -0.250697 -0.097055 0.090392 0.317647 0.329412 0.305882
v -0.247719 -0.098609 0.088987 0.313725 0.325490 0.301961
v -0.245244 -0.100336 0.087768 0.309804 0.325490 0.301961
v -0.242673 -0.101998 0.086517 0.305882 0.325490 0.301961
v -0.241175 -0.104095 0.085644 0.305882 0.325490 0.301961
v -0.241855 -0.107151 0.085533 0.301961 0.325490 0.301961
v -0.247443 -0.112480 0.087132 0.298039 0.321569 0.301961
v -0.246063 -0.114714 0.086248 0.294118 0.321569 0.301961
v -0.242942 -0.116107 0.084735 0.294118 0.321569 0.301961
v -0.239243 -0.117163 0.083003 0.290196 0.317647 0.301961
v -0.235531 -0.118142 0.081246 0.286275 0.317647 0.301961
v -0.231818 -0.119046 0.079465 0.286275 0.317647 0.301961
v -0.228110 -0.119875 0.077661 0.282353 0.313725 0.301961
v -0.224419 -0.120632 0.075834 0.282353 0.313725 0.301961
v -0.220752 -0.121317 0.073984 0.278431 0.313725 0.301961
v -0.217117 -0.121934 0.072113 0.278431 0.309804 0.301961
v -0.213523 -0.122485 0.070221 0.274510 0.309804 0.301961
v -0.209976 -0.122973 0.068307 0.274510 0.309804 0.298039
v -0.206483 -0.123399 0.066374 0.274510 0.305882 0.301961
v -0.203050 -0.123769 0.064421 0.270588 0.305882 0.301961
v -0.199684 -0.124084 0.062449 0.270588 0.301961 0.301961
v -0.196389 -0.124348 0.060458 0.270588 0.298039 0.301961
v -0.192736 -0.124286 0.058318 0.270588 0.298039 0.301961
v -0.189606 -0.124462 0.056296 0.270588 0.294118 0.301961
v -0.186560 -0.124600 0.054258 0.270588 0.294118 0.301961
v -0.183188 -0.124423 0.052086 0.270588 0.290196 0.301961
v -0.180329 -0.124499 0.050020 0.270588 0.286275 0.301961
v -0.177563 -0.124553 0.047939 0.270588 0.286275 0.301961
v -0.174499 -0.124307 0.045739 0.270588 0.282353 0.301961
v -0.171934 -0.124331 0.043634 0.270588 0.278431 0.301961
v -0.169468 -0.124349 0.041515 0.270588 0.274510 0.301961
v -0.166725 -0.124085 0.039293 0.274510 0.274510 0.301961
v -0.164468 -0.124109 0.037152 0.274510 0.270588 0.301961
v -0.162313 -0.124147 0.034998 0.274510 0.266667 0.301961
v -0.159897 -0.123922 0.032758 0.274510 0.262745 0.305882
v -0.157953 -0.124006 0.030586 0.278431 0.258824 0.305882
v -0.155755 -0.123841 0.028337 0.278431 0.258824 0.305882
v -0.153668 -0.123717 0.026087 0.278431 0.254902 0.305882
v -0.152037 -0.123923 0.023892 0.282353 0.250980 0.305882
v -0.150162 -0.123902 0.021636 0.282353 0.247059 0.305882
v -0.148733 -0.124226 0.019425 0.282353 0.247059 0.305882
v -0.147064 -0.124335 0.017165 0.286275 0.243137 0.309804
v -0.145831 -0.124806 0.014941 0.286275 0.243137 0.309804
v -0.144359 -0.125073 0.012678 0.286275 0.239216 0.309804
v -0.143313 -0.125718 0.010441 0.290196 0.239216 0.309804
v -0.142028 -0.126167 0.008177 0.290196 0.235294 0.309804
v -0.140833 -0.126716 0.005917 0.294118 0.235294 0.313725
v -0.140048 -0.127664 0.003668 0.294118 0.235294 0.313725
v -0.139020 -0.128426 0.001409 0.298039 0.235294 0.313725
v -0.138072 -0.129299 -0.000845 0.298039 0.235294 0.313725
v -0.137198 -0.130286 -0.003093 0.301961 0.235294 0.313725
v -0.136713 -0.131696 -0.005348 0.301961 0.235294 0.317647
v -0.135975 -0.132919 -0.007588 0.305882 0.235294 0.317647
v -0.135298 -0.134259 -0.009821 0.305882 0.239216 0.317647
v -0.134677 -0.135717 -0.012045 0.309804 0.239216 0.317647
v -0.134108 -0.137292 -0.014260 0.313725 0.239216 0.321569
v -0.133900 -0.139309 -0.016503 0.313725 0.243137 0.321569
v -0.133416 -0.141116 -0.018701 0.317647 0.247059 0.321569
v -0.132968 -0.143033 -0.020887 0.321569 0.247059 0.321569
v -0.132550 -0.145057 -0.023060 0.321569 0.250980 0.321569
v -0.132154 -0.147185 -0.025219 0.325490 0.254902 0.325490
v -0.131777 -0.149411 -0.027362 0.329412 0.254902 0.325490
v -0.131412 -0.151733 -0.029490 0.329412 0.258824 0.325490
v -0.131366 -0.154514 -0.031676 0.333333 0.262745 0.325490
v -0.131006 -0.157018 -0.033774 0.333333 0.262745 0.325490
v -0.130642 -0.159603 -0.035853 0.337255 0.266667 0.329412
v -0.129953 -0.161872 -0.037822 0.337255 0.270588 0.329412
v -0.129560 -0.164594 -0.039856 0.341176 0.274510 0.329412
v -0.129145 -0.167380 -0.041869 0.341176 0.274510 0.329412
v -0.128702 -0.170224 -0.043861 0.345098 0.278431 0.329412
v -0.128227 -0.173120 -0.045830 0.345098 0.282353 0.329412
v -0.127714 -0.176063 -0.047776 0.345098 0.286275 0.329412
v -0.127159 -0.179046 -0.049699 0.345098 0.286275 0.329412
v -0.126558 -0.182065 -0.051597 0.349020 0.290196 0.333333
v -0.125906 -0.185111 -0.053469 0.349020 0.290196 0.333333
v -0.125200 -0.188181 -0.055317 0.349020 0.294118 0.333333
v -0.124437 -0.191267 -0.057138 0.349020 0.298039 0.333333
v -0.123613 -0.194363 -0.058933 0.349020 0.298039 0.333333
v -0.122727 -0.197463 -0.060700 0.345098 0.301961 0.333333
v -0.121775 -0.200562 -0.062440 0.345098 0.301961 0.333333
v -0.120757 -0.203651 -0.064152 0.345098 0.305882 0.333333
v -0.119670 -0.206726 -0.065836 0.341176 0.305882 0.333333
v -0.118217 -0.209255 -0.067322 0.341176 0.305882 0.333333
v -0.117288 -0.212808 -0.069116 0.337255 0.309804 0.333333
v -0.115992 -0.215802 -0.070712 0.337255 0.309804 0.333333
v -0.114627 -0.218756 -0.072278 0.333333 0.313725 0.333333
v -0.113192 -0.221665 -0.073813 0.333333 0.313725 0.333333
v -0.111689 -0.224522 -0.075318 0.329412 0.313725 0.333333
v -0.109839 -0.226743 -0.076596 0.325490 0.317647 0.333333
v -0.108207 -0.229471 -0.078034 0.321569 0.317647 0.333333
v -0.106512 -0.232130 -0.079441 0.321569 0.317647 0.329412
v -0.104756 -0.234714 -0.080815 0.317647 0.321569 0.329412
v -0.102941 -0.237218 -0.082158 0.313725 0.321569 0.329412
v -0.101069 -0.239636 -0.083468 0.309804 0.321569 0.329412
v -0.099145 -0.241965 -0.084745 0.305882 0.325490 0.329412
v -0.096917 -0.243563 -0.085766 0.305882 0.325490 0.329412
v -0.094900 -0.245688 -0.086974 0.301961 0.325490 0.329412
v -0.092838 -0.247709 -0.088148 0.298039 0.325490 0.329412
v -0.090736 -0.249622 -0.089288 0.294118 0.329412 0.329412
v -0.088830 -0.252083 -0.090633 0.294118 0.329412 0.325490
v -0.086651 -0.253772 -0.091709 0.290196 0.329412 0.325490
v -0.084442 -0.255340 -0.092752 0.286275 0.329412 0.325490
v -0.082205 -0.256785 -0.093760 0.286275 0.333333 0.325490
v -0.079944 -0.258104 -0.094733 0.282353 0.333333 0.325490
v -0.077662 -0.259293 -0.095672 0.282353 0.333333 0.325490
v -0.075362 -0.260351 -0.096575 0.278431 0.333333 0.325490
v -0.073048 -0.261275 -0.097444 0.278431 0.337255 0.321569
v -0.070721 -0.262063 -0.098278 0.274510 0.337255 0.321569
v -0.068385 -0.262714 -0.099077 0.274510 0.337255 0.321569
v -0.066043 -0.263228 -0.099841 0.274510 0.337255 0.321569
v -0.063697 -0.263602 -0.100569 0.270588 0.341176 0.321569
v -0.061515 -0.264552 -0.101536 0.270588 0.341176 0.321569
v -0.059162 -0.264650 -0.102196 0.270588 0.341176 0.317647
v -0.056812 -0.264608 -0.102820 0.270588 0.341176 0.317647
v -0.054466 -0.264427 -0.103408 0.270588 0.345098 0.317647
v -0.052128 -0.264108 -0.103961 0.270588 0.345098 0.317647
v -0.049797 -0.263652 -0.104478 0.270588 0.345098 0.317647
v -0.047607 -0.263783 -0.105247 0.270588 0.345098 0.317647
v -0.045291 -0.263057 -0.105695 0.270588 0.345098 0.313725
v -0.043107 -0.262922 -0.106398 0.270588 0.349020 0.313725
v -0.040813 -0.261934 -0.106776 0.270588 0.349020 0.313725
v -0.038534 -0.260820 -0.107117 0.274510 0.349020 0.313725
v -0.036373 -0.260300 -0.107721 0.274510 0.349020 0.313725
v -0.034123 -0.258940 -0.107992 0.274510 0.352941 0.313725
v -0.031891 -0.257462 -0.108228 0.274510 0.352941 0.309804
v -0.029762 -0.256584 -0.108730 0.278431 0.352941 0.309804
v -0.027565 -0.254881 -0.108895 0.278431 0.352941 0.309804
v -0.025462 -0.253781 -0.109330 0.282353 0.356863 0.309804
v -0.023304 -0.251870 -0.109425 0.282353 0.356863 0.309804
v -0.021229 -0.250565 -0.109791 0.286275 0.356863 0.309804
v -0.019167 -0.249161 -0.110125 0.286275 0.356863 0.309804
v -0.017072 -0.246974 -0.110115 0.290196 0.356863 0.305882
v -0.015045 -0.245394 -0.110380 0.290196 0.360784 0.305882
v -0.013034 -0.243733 -0.110612 0.294118 0.360784 0.305882
v -0.011040 -0.241995 -0.110809 0.294118 0.360784 0.305882
v -0.009064 -0.240185 -0.110973 0.298039 0.360784 0.305882
v -0.007106 -0.238312 -0.111103 0.298039 0.360784 0.305882
v -0.005169 -0.236379 -0.111199 0.301961 0.364706 0.305882
v -0.003251 -0.234394 -0.111261 0.305882 0.364706 0.305882
v -0.001359 -0.233015 -0.111601 0.305882 0.364706 0.301961
v 0.000520 -0.230940 -0.111596 0.309804 0.364706 0.301961
v 0.002377 -0.228834 -0.111556 0.313725 0.364706 0.301961
v 0.004211 -0.226702 -0.111484 0.313725 0.364706 0.301961
v 0.006038 -0.225180 -0.111688 0.317647 0.368627 0.301961
v 0.007850 -0.223636 -0.111859 0.321569 0.368627 0.301961
v 0.009622 -0.221462 -0.111685 0.321569 0.368627 0.301961
v 0.011401 -0.219901 -0.111788 0.325490 0.368627 0.301961
v 0.013165 -0.218340 -0.111856 0.325490 0.368627 0.301961
v 0.014873 -0.216189 -0.111581 0.329412 0.368627 0.301961
v 0.016603 -0.214656 -0.111581 0.333333 0.368627 0.301961
v 0.018319 -0.213145 -0.111547 0.333333 0.368627 0.301961
v 0.019965 -0.211083 -0.111173 0.337255 0.368627 0.301961
v 0.021649 -0.209644 -0.111071 0.337255 0.368627 0.301961
v 0.023257 -0.207679 -0.110632 0.337255 0.368627 0.301961
v 0.024844 -0.205776 -0.110162 0.341176 0.368627 0.301961
v 0.026485 -0.204498 -0.109960 0.341176 0.368627 0.301961
v 0.028040 -0.202729 -0.109425 0.345098 0.368627 0.301961
v 0.029579 -0.201039 -0.108860 0.345098 0.372549 0.298039
v 0.031104 -0.199432 -0.108264 0.345098 0.372549 0.298039
v 0.032617 -0.197913 -0.107638 0.345098 0.372549 0.301961
v 0.034119 -0.196486 -0.106982 0.349020 0.372549 0.301961
v 0.035614 -0.195154 -0.106296 0.349020 0.372549 0.301961
v 0.037102 -0.193921 -0.105580 0.349020 0.368627 0.301961
v 0.038586 -0.192789 -0.104835 0.349020 0.368627 0.301961
v 0.039960 -0.191236 -0.103777 0.349020 0.368627 0.301961
v 0.041440 -0.190313 -0.102976 0.349020 0.368627 0.301961
v 0.042923 -0.189495 -0.102146 0.345098 0.368627 0.301961
v 0.044413 -0.188781 -0.101288 0.345098 0.368627 0.301961
v 0.045785 -0.187656 -0.100126 0.345098 0.368627 0.301961
v 0.047159 -0.186636 -0.098940 0.345098 0.368627 0.301961
v 0.048538 -0.185718 -0.097731 0.345098 0.368627 0.301961
v 0.049925 -0.184900 -0.096499 0.341176 0.368627 0.301961
v 0.051463 -0.184690 -0.095509 0.341176 0.368627 0.301961
v 0.052874 -0.184059 -0.094230 0.341176 0.364706 0.301961
v 0.054298 -0.183514 -0.092927 0.337255 0.364706 0.301961
v 0.055738 -0.183051 -0.091603 0.337255 0.364706 0.301961
v 0.057195 -0.182665 -0.090257 0.333333 0.364706 0.301961
v 0.058506 -0.181837 -0.088639 0.333333 0.360784 0.301961
v 0.060166 -0.182097 -0.087499 0.329412 0.360784 0.301961
v 0.061509 -0.181389 -0.085846 0.329412 0.360784 0.301961
v 0.063044 -0.181246 -0.084418 0.325490 0.356863 0.301961
v 0.064420 -0.180632 -0.082733 0.325490 0.356863 0.301961
v 0.065999 -0.180572 -0.081269 0.321569 0.352941 0.301961
v 0.067604 -0.180545 -0.079785 0.317647 0.352941 0.301961
v 0.069036 -0.180025 -0.078056 0.317647 0.349020 0.301961
v 0.070484 -0.179523 -0.076316 0.313725 0.345098 0.301961
v 0.072370 -0.180080 -0.075003 0.313725 0.345098 0.301961
v 0.073863 -0.179601 -0.073236 0.309804 0.341176 0.305882
v 0.075373 -0.179125 -0.071460 0.305882 0.337255 0.305882
v 0.076900 -0.178647 -0.069676 0.305882 0.337255 0.305882
v 0.078677 -0.178692 -0.068088 0.301961 0.333333 0.305882
v 0.080244 -0.178200 -0.066288 0.298039 0.329412 0.305882
v 0.081826 -0.177695 -0.064483 0.298039 0.325490 0.305882
v 0.083677 -0.177709 -0.062863 0.294118 0.321569 0.305882
v 0.085555 -0.177707 -0.061232 0.290196 0.317647 0.305882
v 0.087196 -0.177148 -0.059409 0.290196 0.313725 0.305882
v 0.088851 -0.176566 -0.057585 0.286275 0.313725 0.305882
v 0.090798 -0.176500 -0.055933 0.286275 0.309804 0.305882
v 0.092486 -0.175866 -0.054106 0.282353 0.305882 0.305882
v 0.094478 -0.175748 -0.052443 0.282353 0.301961 0.305882
v 0.096494 -0.175600 -0.050774 0.278431 0.298039 0.305882
v 0.098535 -0.175423 -0.049100 0.278431 0.294118 0.305882
v 0.100598 -0.175213 -0.047420 0.274510 0.290196 0.305882
v 0.102683 -0.174969 -0.045737 0.274510 0.286275 0.305882
v 0.104460 -0.174141 -0.043913 0.274510 0.282353 0.305882
v 0.106577 -0.173824 -0.042230 0.270588 0.278431 0.309804
v 0.108712 -0.173467 -0.040545 0.270588 0.274510 0.309804
v 0.110863 -0.173070 -0.038859 0.270588 0.274510 0.309804
v 0.113028 -0.172630 -0.037174 0.270588 0.270588 0.309804
v 0.115206 -0.172146 -0.035489 0.270588 0.266667 0.309804
v 0.117770 -0.172168 -0.033914 0.270588 0.262745 0.309804
v 0.119973 -0.171590 -0.032228 0.270588 0.262745 0.309804
v 0.122180 -0.170963 -0.030544 0.270588 0.258824 0.309804
v 0.124791 -0.170836 -0.028957 0.270588 0.254902 0.309804
v 0.127007 -0.170105 -0.027275 0.274510 0.254902 0.309804
v 0.129219 -0.169319 -0.025598 0.274510 0.250980 0.309804
v 0.131849 -0.169028 -0.024003 0.274510 0.247059 0.313725
v 0.134049 -0.168130 -0.022332 0.278431 0.247059 0.313725
v 0.136677 -0.167721 -0.020734 0.282353 0.243137 0.313725
v 0.139301 -0.167250 -0.019132 0.282353 0.243137 0.313725
v 0.141455 -0.166174 -0.017470 0.286275 0.243137 0.313725
v 0.144050 -0.165580 -0.015867 0.290196 0.239216 0.313725
v 0.146148 -0.164382 -0.014216 0.290196 0.239216 0.313725
v 0.148694 -0.163660 -0.012615 0.294118 0.239216 0.313725
v 0.151211 -0.162874 -0.011012 0.298039 0.235294 0.317647
v 0.153190 -0.161490 -0.009378 0.301961 0.235294 0.317647
v 0.155625 -0.160576 -0.007780 0.305882 0.235294 0.317647
v 0.158014 -0.159596 -0.006182 0.305882 0.235294 0.317647
v 0.160351 -0.158551 -0.004584 0.309804 0.235294 0.317647
v 0.162631 -0.157442 -0.002988 0.313725 0.235294 0.317647
v 0.165931 -0.157298 -0.001403 0.317647 0.235294 0.317647
v 0.231258 -0.214698 0.000275 0.321569 0.235294 0.317647
v 0.255812 -0.232625 0.002707 0.321569 0.235294 0.317647
v 0.273449 -0.243604 0.005397 0.325490 0.235294 0.321569
v 0.278195 -0.242832 0.007977 0.329412 0.235294 0.321569
v 0.282253 -0.241449 0.010560 0.333333 0.235294 0.321569
v 0.286175 -0.239958 0.013157 0.333333 0.235294 0.321569
v 0.289952 -0.238361 0.015767 0.337255 0.235294 0.321569
v 0.292983 -0.236185 0.018352 0.337255 0.235294 0.321569
v 0.296435 -0.234390 0.020979 0.341176 0.239216 0.321569
v 0.298516 -0.231568 0.023522 0.341176 0.239216 0.321569
v 0.300400 -0.228675 0.026054 0.345098 0.239216 0.321569
v 0.300869 -0.224809 0.028460 0.345098 0.239216 0.321569
v 0.296854 -0.217776 0.030396 0.345098 0.243137 0.325490
v 0.248516 -0.179046 0.027374 0.345098 0.243137 0.325490
v 0.183044 -0.129547 0.021577 0.345098 0.247059 0.325490
v 0.183549 -0.127644 0.023053 0.349020 0.247059 0.325490
v 0.183308 -0.125294 0.024437 0.349020 0.247059 0.325490
v 0.183556 -0.123348 0.025890 0.349020 0.250980 0.325490
v 0.183677 -0.121381 0.027332 0.349020 0.250980 0.325490
v 0.183674 -0.119397 0.028764 0.349020 0.254902 0.325490
v 0.184165 -0.117792 0.030287 0.349020 0.254902 0.325490
v 0.183917 -0.115772 0.031702 0.345098 0.258824 0.325490
v 0.183551 -0.113742 0.033106 0.345098 0.262745 0.325490
v 0.183070 -0.111703 0.034499 0.345098 0.262745 0.325490
v 0.182480 -0.109659 0.035879 0.345098 0.266667 0.325490
v 0.181785 -0.107610 0.037247 0.345098 0.266667 0.325490
v 0.180989 -0.105560 0.038603 0.345098 0.270588 0.325490
v 0.180099 -0.103510 0.039947 0.341176 0.274510 0.325490
v 0.179121 -0.101462 0.041277 0.341176 0.278431 0.325490
v 0.178659 -0.099750 0.042738 0.341176 0.278431 0.325490
v 0.177520 -0.097704 0.044046 0.337255 0.282353 0.325490
v 0.176313 -0.095664 0.045341 0.337255 0.286275 0.325490
v 0.175046 -0.093632 0.046623 0.337255 0.290196 0.325490
v 0.174307 -0.091916 0.048051 0.333333 0.294118 0.325490
v 0.172937 -0.089898 0.049309 0.333333 0.298039 0.329412
v 0.171530 -0.087891 0.050553 0.333333 0.301961 0.329412
v 0.170661 -0.086184 0.051955 0.329412 0.305882 0.329412
v 0.169199 -0.084199 0.053174 0.329412 0.309804 0.329412
v 0.167724 -0.082229 0.054379 0.329412 0.313725 0.329412
v 0.166797 -0.080542 0.055754 0.325490 0.313725 0.329412
v 0.165316 -0.078600 0.056934 0.325490 0.317647 0.329412
v 0.163847 -0.076676 0.058098 0.321569 0.321569 0.329412
v 0.162934 -0.075021 0.059443 0.321569 0.325490 0.329412
v 0.161507 -0.073133 0.060581 0.317647 0.329412 0.329412
v 0.160114 -0.071267 0.061702 0.317647 0.333333 0.329412
v 0.158763 -0.069425 0.062808 0.313725 0.337255 0.329412
v 0.157982 -0.067831 0.064108 0.313725 0.341176 0.329412
v 0.156732 -0.066033 0.065185 0.309804 0.345098 0.329412
v 0.155545 -0.064262 0.066244 0.309804 0.345098 0.329412
v 0.154936 -0.062725 0.067507 0.305882 0.349020 0.329412
v 0.153890 -0.061004 0.068534 0.305882 0.352941 0.329412
v 0.152924 -0.059312 0.069542 0.301961 0.352941 0.329412
v 0.152544 -0.057839 0.070764 0.298039 0.356863 0.329412
v 0.151753 -0.056201 0.071737 0.298039 0.356863 0.329412
v 0.151552 -0.054771 0.072928 0.294118 0.360784 0.329412
v 0.150956 -0.053187 0.073864 0.294118 0.360784 0.329412
v 0.150464 -0.051632 0.074779 0.290196 0.364706 0.329412
v 0.150570 -0.050269 0.075919 0.286275 0.364706 0.329412
v 0.150297 -0.048765 0.076793 0.286275 0.364706 0.329412
v 0.150138 -0.047287 0.077644 0.282353 0.364706 0.329412
v 0.150584 -0.045983 0.078726 0.282353 0.368627 0.329412
v 0.150663 -0.044549 0.079533 0.278431 0.368627 0.329412
v 0.150863 -0.043137 0.080315 0.278431 0.368627 0.329412
v 0.151186 -0.041744 0.081072 0.274510 0.368627 0.329412
v 0.152125 -0.040499 0.082069 0.274510 0.368627 0.333333
v 0.152699 -0.039133 0.082778 0.274510 0.368627 0.333333
v 0.153399 -0.037779 0.083460 0.270588 0.368627 0.333333
v 0.154226 -0.036434 0.084117 0.270588 0.368627 0.333333
v 0.155678 -0.035209 0.085020 0.270588 0.368627 0.333333
v 0.156759 -0.033870 0.085625 0.270588 0.368627 0.333333
v 0.157965 -0.032532 0.086202 0.270588 0.368627 0.333333
v 0.159293 -0.031191 0.086753 0.270588 0.368627 0.333333
v 0.160743 -0.029845 0.087276 0.270588 0.368627 0.333333
v 0.162312 -0.028490 0.087771 0.270588 0.368627 0.333333
v 0.163998 -0.027124 0.088239 0.270588 0.368627 0.333333
v 0.165797 -0.025744 0.088678 0.270588 0.368627 0.333333
v 0.167707 -0.024347 0.089091 0.274510 0.368627 0.333333
v 0.170269 -0.023004 0.089763 0.274510 0.368627 0.333333
v 0.172394 -0.021560 0.090120 0.274510 0.368627 0.333333
v 0.174618 -0.020092 0.090450 0.278431 0.368627 0.333333
v 0.176934 -0.018597 0.090753 0.278431 0.368627 0.333333
v 0.179337 -0.017074 0.091027 0.282353 0.368627 0.333333
v 0.181821 -0.015519 0.091274 0.282353 0.368627 0.333333
v 0.184380 -0.013933 0.091493 0.286275 0.368627 0.333333
v 0.187007 -0.012313 0.091685 0.290196 0.364706 0.333333
v 0.189087 -0.010623 0.091555 0.290196 0.364706 0.333333
v 0.191818 -0.008938 0.091691 0.294118 0.364706 0.329412
v 0.194594 -0.007215 0.091800 0.298039 0.364706 0.329412
v 0.197406 -0.005456 0.091883 0.301961 0.360784 0.329412
v 0.200245 -0.003659 0.091938 0.301961 0.360784 0.329412
v 0.203101 -0.001825 0.091966 0.305882 0.360784 0.329412
f 415 392 393
f 262 155 264
f 262 153 264
f 526 525 524
f 523 525 524
f 523 639 525
f 521 525 527
f 159 153 158
f 159 262 264
f 159 262 264
f 414 415 392
f 414 415 392
f 640 519 639
f 640 521 639
f 640 639 525
f 640 523 639
f 621 639 525
f 621 523 639
f 621 639 525
f 621 526 525
f 621 521 639
f 154 153 158
f 154 155 158
f 154 153 264
f 154 262 153
f 154 262 155
f 382 414 381
f 379 414 415
f 380 414 381
f 380 379 414
f 156 262 155
f 156 154 155
f 156 154 153
f 156 159 153
f 424 644 645
f 424 647 645
f 424 649 647
f 712 382 381
f 712 382 711
f 712 380 381
f 712 380 711
f 712 380 379
f 712 380 379
f 712 379 716
f 712 379 711
f 712 342 711
f 706 712 711
f 641 640 519
f 641 640 521
f 641 640 525
f 517 640 639
f 517 640 519
f 517 641 519
f 517 641 640
f 517 641 640
f 646 114 647
f 646 647 645
f 646 640 644
f 515 640 639
f 515 641 640
f 624 519 639
f 624 621 639
f 624 621 519
f 624 517 639
f 624 515 639
f 148 149 262
f 150 149 262
f 150 148 149
f 150 159 153
f 150 149 159
f 648 421 649
f 648 649 647
f 648 646 647
f 145 143 147
f 145 144 143
f 109 648 646
f 116 641 114
f 376 712 371
f 376 712 371
f 383 382 716
f 383 712 716
f 383 712 382
f 383 712 711
f 383 712 382
f 383 414 415
f 383 382 414
f 383 414 384
f 285 286 392
f 285 286 392
f 728 727 723
f 728 342 729
f 728 727 342
f 2 342 341
f 2 45 341
f 385 712 716
f 385 712 386
f 385 712 711
f 385 712 386
f 385 414 415
f 385 386 414
f 385 414 392
f 385 414 384
f 385 386 392
f 385 414 392
f 385 386 392
f 385 386 414
f 387 712 388
f 387 712 386
f 387 712 711
f 387 712 386
f 387 285 388
f 387 414 388
f 387 386 414
f 387 388 392
f 387 386 392
f 387 388 392
f 387 386 392
f 344 2 342
f 344 338 342
f 344 728 342
f 344 728 727
f 422 421 644
f 422 421 647
f 422 421 649
f 422 641 513
f 422 421 649
f 416 415 644
f 416 415 647
f 416 648 415
f 416 648 649
f 416 649 415
f 416 707 415
f 420 421 644
f 420 421 647
f 420 648 421
f 420 641 513
f 420 648 421
f 420 421 649
f 389 712 388
f 389 712 711
f 389 711 388
f 389 414 388
f 389 387 414
f 389 285 388
f 389 388 392
f 389 388 392
f 713 712 716
f 713 712 342
f 651 646 640
f 651 422 421
f 651 728 729
f 651 707 703
f 651 644 645
f 651 646 645
f 651 646 644
f 651 648 646
f 651 420 421
f 651 728 723
f 651 728 727
f 651 416 415
f 651 416 703
f 651 648 649
f 651 2 3
f 651 711 415
f 651 712 711
f 651 392 650
f 651 415 392
f 651 415 392
f 651 389 712
f 651 389 388
f 651 389 388
f 651 387 388
f 651 387 388
f 651 387 386
f 651 387 386
f 651 385 386
f 651 385 386
f 651 385 384
f 651 385 716
f 651 383 384
f 651 383 716
f 651 383 716
f 652 651 640
f 652 651 707
f 652 651 728
f 652 651 728
f 652 651 727
f 652 651 2
f 71 713 712
f 71 713 706
f 71 712 711
f 71 706 712
f 71 73 70
f 688 652 691
f 688 691 712
f 688 713 712
f 688 713 691
f 638 652 105
f 511 439 621
f 522 641 640
f 522 640 523
f 522 640 521
f 522 640 523
f 522 641 640
f 522 621 523
f 522 621 521
f 522 523 525
f 522 521 525
f 642 651 641
f 642 422 641
f 642 641 519
f 642 420 641
f 642 515 641
f 642 416 641
f 514 513 640
f 514 515 640
f 514 641 513
f 514 515 641
f 514 642 641
f 514 642 515
f 514 416 513
f 514 642 416
f 514 642 416
f 518 621 519
f 518 517 519
f 518 624 519
f 518 624 517
f 518 519 527
f 518 521 527
f 518 522 523
f 518 522 521
f 518 523 524
f 623 439 624
f 268 73 269
f 553 593 594
f 266 155 264
f 266 159 264
f 266 269 159
f 266 269 155
f 266 159 264
f 266 269 159
f 266 154 155
f 266 269 154
f 266 269 154
f 266 154 264
f 266 150 149
f 266 148 149
f 266 148 149
f 266 148 147
f 146 148 147
f 146 148 262
f 146 266 147
f 146 145 147
f 151 262 264
f 151 150 262
f 151 266 264
f 151 266 150
f 151 262 153
f 151 266 150
f 151 159 153
f 151 150 159
f 151 149 159
f 151 150 149
f 151 266 269
f 151 266 269
f 131 133 644
f 131 642 641
f 107 652 651
f 120 114 75
f 120 114 649
f 377 712 716
f 377 376 712
f 377 712 711
f 377 376 712
f 377 414 415
f 377 376 414
f 377 376 371
f 377 709 371
f 377 401 414
f 375 371 414
f 375 376 414
f 375 376 371
f 284 285 392
f 284 285 392
f 396 382 414
f 396 397 414
f 396 397 382
f 396 397 383
f 396 397 414
f 396 397 383
f 396 385 397
f 396 284 397
f 396 397 285
f 1 651 729
f 1 651 2
f 1 652 651
f 1 652 651
f 1 344 342
f 1 344 2
f 1 342 729
f 1 2 342
f 722 651 723
f 722 652 651
f 722 376 371
f 722 344 342
f 722 342 341
f 708 709 371
f 708 651 707
f 708 651 709
f 708 652 651
f 708 652 651
f 708 652 709
f 708 709 342
f 708 706 342
f 708 71 709
f 710 387 386
f 710 387 386
f 710 385 386
f 710 385 386
f 710 711 388
f 710 387 388
f 710 387 711
f 710 385 415
f 710 385 711
f 710 383 415
f 710 383 711
f 710 383 382
f 710 383 382
f 710 651 711
f 710 651 709
f 710 382 381
f 710 382 711
f 710 652 651
f 710 380 381
f 710 380 711
f 710 652 709
f 710 651 711
f 710 652 651
f 710 380 379
f 710 380 379
f 710 379 415
f 710 379 711
f 710 377 415
f 710 377 709
f 710 377 711
f 710 688 691
f 710 377 709
f 710 376 371
f 710 377 376
f 710 377 376
f 710 71 706
f 710 71 709
f 710 342 711
f 710 709 342
f 340 344 341
f 340 344 338
f 340 728 727
f 340 728 729
f 340 1 729
f 340 722 341
f 340 713 712
f 340 712 711
f 340 710 711
f 340 710 709
f 340 708 709
f 340 708 706
f 340 701 341
f 77 266 265
f 77 146 145
f 77 131 132
f 585 553 550
f 585 216 589
f 585 589 105
f 466 268 259
f 157 156 159
f 157 156 262
f 315 314 318
f 315 268 314
f 315 314 445
f 451 452 306
f 451 315 314
f 451 612 452
f 423 424 644
f 423 422 644
f 423 424 647
f 423 422 647
f 423 424 649
f 423 422 649
f 423 642 641
f 423 642 422
f 423 424 649
f 423 422 649
f 423 641 424
f 423 422 641
f 423 651 424
f 423 651 422
f 423 701 424
f 423 701 422
f 417 418 644
f 417 416 644
f 417 418 647
f 417 416 647
f 417 648 418
f 417 416 648
f 417 642 641
f 417 642 416
f 417 648 418
f 417 416 648
f 417 641 418
f 417 416 641
f 417 418 649
f 417 416 649
f 417 651 418
f 417 651 416
f 417 651 416
f 705 707 706
f 705 706 342
f 705 340 706
f 704 707 703
f 704 416 703
f 704 416 707
f 704 705 707
f 704 417 416
f 704 416 707
f 704 705 707
f 704 417 416
f 704 417 418
f 704 417 418
f 704 705 342
f 704 705 340
f 419 418 644
f 419 420 644
f 419 418 647
f 419 420 647
f 419 648 418
f 419 420 648
f 419 642 641
f 419 642 420
f 419 648 418
f 419 420 648
f 419 641 418
f 419 420 641
f 419 418 649
f 419 420 649
f 419 651 418
f 419 651 420
f 419 418 361
f 370 712 371
f 370 369 712
f 370 710 371
f 370 710 369
f 370 712 371
f 370 369 712
f 370 710 709
f 370 710 369
f 370 708 709
f 370 708 369
f 370 708 371
f 370 708 369
f 370 722 371
f 370 722 369
f 370 371 414
f 370 369 414
f 367 707 415
f 367 708 707
f 367 708 709
f 367 710 709
f 367 710 711
f 367 712 711
f 367 712 716
f 367 722 723
f 367 728 723
f 714 713 342
f 714 351 713
f 714 340 713
f 714 688 713
f 714 71 713
f 399 380 379
f 390 389 712
f 390 651 712
f 390 651 389
f 390 651 711
f 390 711 415
f 390 389 711
f 390 651 650
f 390 651 389
f 390 414 415
f 390 389 414
f 390 389 387
f 390 386 414
f 390 387 386
f 390 387 386
f 390 387 388
f 390 389 388
f 390 389 387
f 390 284 285
f 390 284 389
f 390 285 286
f 390 389 285
f 390 389 392
f 431 432 513
f 431 513 640
f 431 429 640
f 431 429 513
f 431 688 432
f 104 638 652
f 104 593 597
f 104 593 597
f 104 589 105
f 104 593 589
f 104 593 589
f 322 321 73
f 322 321 73
f 322 451 321
f 326 71 73
f 326 71 73
f 690 439 691
f 690 714 713
f 687 688 439
f 687 623 445
f 687 690 71
f 687 690 71
f 687 724 720
f 632 594 639
f 681 638 432
f 681 431 432
f 681 431 652
f 681 708 652
f 681 708 652
f 681 708 709
f 681 722 724
f 681 722 724
f 681 710 709
f 512 511 621
f 512 431 432
f 512 431 511
f 512 431 429
f 512 431 429
f 512 423 424
f 512 423 511
f 512 423 422
f 512 423 511
f 512 422 513
f 512 511 422
f 512 420 513
f 512 511 420
f 512 419 420
f 512 419 511
f 512 419 418
f 512 419 511
f 512 417 418
f 512 417 511
f 512 417 416
f 512 417 511
f 512 416 513
f 512 511 416
f 271 269 159
f 271 155 158
f 271 269 155
f 271 155 272
f 271 151 269
f 271 154 155
f 271 269 154
f 271 269 154
f 271 149 272
f 271 151 149
f 271 151 269
f 271 149 147
f 271 269 149
f 271 147 75
f 271 269 147
f 271 318 75
f 271 315 314
f 695 694 439
f 695 694 445
f 695 451 453
f 695 458 72
f 695 71 72
f 695 593 458
f 695 593 597
f 695 593 458
f 695 71 713
f 695 714 71
f 695 713 712
f 695 712 711
f 695 694 712
f 695 710 694
f 695 706 711
f 695 710 706
f 695 710 709
f 435 452 450
f 435 512 436
f 435 512 624
f 435 512 436
f 435 695 436
f 425 642 641
f 425 642 651
f 425 641 424
f 425 652 651
f 425 424 644
f 425 651 644
f 425 651 424
f 425 512 424
f 425 512 511
f 425 701 424
f 627 514 513
f 627 435 513
f 627 594 639
f 627 435 436
f 627 624 621
f 627 594 621
f 627 594 624
f 626 624 515
f 626 514 515
f 626 514 624
f 626 627 624
f 626 627 514
f 626 514 624
f 626 627 514
f 626 435 624
f 626 627 435
f 626 435 436
f 626 627 435
f 626 627 439
f 253 254 150
f 253 146 254
f 253 254 156
f 253 254 150
f 253 157 254
f 257 315 314
f 257 253 315
f 257 322 321
f 257 253 322
f 257 253 254
f 459 448 446
f 622 518 517
f 622 518 624
f 622 517 621
f 622 624 517
f 622 624 621
f 622 518 621
f 622 518 624
f 622 515 621
f 622 624 515
f 622 514 515
f 622 514 624
f 622 514 621
f 622 514 624
f 622 512 621
f 622 512 624
f 622 512 621
f 622 623 624
f 622 439 621
f 622 623 439
f 622 623 445
f 726 652 727
f 726 340 727
f 726 727 342
f 726 344 342
f 726 344 727
f 618 621 639
f 618 621 526
f 618 526 525
f 618 621 525
f 618 621 526
f 618 621 523
f 618 518 521
f 600 104 597
f 600 104 597
f 600 695 597
f 600 695 458
f 301 268 259
f 301 284 285
f 301 458 259
f 301 452 300
f 301 367 300
f 301 451 410
f 301 370 369
f 301 370 300
f 301 375 376
f 301 300 382
f 301 383 300
f 301 377 376
f 301 300 380
f 301 383 300
f 301 377 300
f 301 300 380
f 301 300 379
f 301 385 300
f 301 385 300
f 301 387 300
f 460 593 597
f 460 593 458
f 460 600 597
f 460 600 458
f 460 593 458
f 460 257 253
f 460 257 253
f 460 257 259
f 460 257 458
f 460 459 435
f 460 459 431
f 460 459 431
f 460 425 424
f 460 459 425
f 596 593 550
f 571 181 143
f 571 131 641
f 546 596 550
f 546 593 550
f 170 149 159
f 170 148 149
f 170 146 148
f 170 146 145
f 170 146 145
f 552 555 640
f 552 547 640
f 552 641 555
f 552 547 641
f 592 593 550
f 592 553 593
f 592 553 593
f 592 107 593
f 166 150 156
f 166 146 150
f 139 571 181
f 139 571 137
f 134 571 133
f 134 132 181
f 173 166 120
f 108 107 651
f 108 109 649
f 108 651 649
f 108 109 648
f 108 651 648
f 108 109 648
f 108 651 648
f 108 651 646
f 108 107 651
f 108 646 640
f 108 109 646
f 108 109 640
f 108 640 644
f 108 109 644
f 108 109 640
f 108 652 640
f 108 107 652
f 108 107 652
f 108 638 109
f 108 107 638
f 108 632 107
f 106 93 107
f 106 107 651
f 106 652 651
f 106 107 652
f 106 652 105
f 106 107 652
f 106 638 105
f 106 107 638
f 106 593 597
f 106 596 593
f 106 593 589
f 106 107 593
f 106 585 589
f 106 592 107
f 106 585 105
f 110 109 649
f 110 111 649
f 110 109 648
f 110 111 648
f 110 109 648
f 110 111 648
f 110 109 646
f 110 111 646
f 110 109 646
f 110 111 646
f 110 109 644
f 110 111 644
f 110 109 640
f 110 111 640
f 110 642 641
f 110 111 641
f 110 111 642
f 112 114 649
f 112 111 649
f 112 111 114
f 112 648 114
f 112 111 648
f 112 648 114
f 112 111 648
f 112 646 114
f 112 111 646
f 112 646 114
f 112 111 646
f 112 114 644
f 112 111 644
f 112 642 641
f 112 111 642
f 112 641 114
f 112 111 641
f 112 114 640
f 112 111 640
f 128 131 647
f 128 127 647
f 128 131 644
f 128 127 644
f 128 131 642
f 128 127 642
f 128 77 131
f 121 120 75
f 121 120 649
f 121 120 648
f 121 120 648
f 121 120 647
f 121 120 644
f 121 120 642
f 373 301 300
f 288 383 382
f 288 383 289
f 288 385 289
f 288 385 386
f 288 387 386
f 288 387 289
f 288 389 289
f 288 390 389
f 288 390 289
f 288 289 392
f 288 289 392
f 288 396 397
f 395 383 382
f 395 396 382
f 395 396 383
f 395 383 414
f 395 414 415
f 395 396 414
f 395 383 384
f 395 396 383
f 395 415 393
f 395 385 384
f 395 396 385
f 395 385 386
f 395 396 385
f 395 387 386
f 395 281 284
f 395 281 396
f 395 284 285
f 395 396 284
f 395 285 286
f 395 396 285
f 395 288 289
f 395 288 396
f 69 65 728
f 69 65 728
f 69 73 70
f 69 714 713
f 721 720 380
f 721 720 379
f 721 720 380
f 721 377 720
f 721 722 377
f 721 651 720
f 721 722 651
f 721 377 720
f 721 722 377
f 721 652 651
f 721 722 652
f 721 720 376
f 721 722 376
f 721 370 720
f 721 370 722
f 721 370 369
f 721 370 722
f 721 681 720
f 721 681 722
f 721 367 720
f 721 367 722
f 721 687 724
f 721 724 720
f 721 69 720
f 721 69 724
f 721 720 342
f 721 722 342
f 721 340 720
f 721 340 722
f 76 146 266
f 76 77 266
f 76 77 146
f 76 266 147
f 76 146 147
f 76 146 266
f 76 146 145
f 76 77 146
f 76 145 144
f 76 77 145
f 76 268 73
f 76 77 268
f 76 144 143
f 76 77 144
f 76 73 269
f 76 77 73
f 76 77 140
f 76 139 141
f 76 139 140
f 76 139 77
f 76 139 137
f 76 134 133
f 76 134 77
f 76 108 109
f 76 108 107
f 76 131 133
f 76 77 131
f 76 110 109
f 76 107 101
f 76 128 131
f 76 128 77
f 76 110 111
f 76 128 127
f 76 128 77
f 76 111 114
f 76 121 120
f 48 340 728
f 319 268 73
f 319 76 73
f 319 318 74
f 319 76 74
f 319 76 318
f 319 344 338
f 320 266 73
f 320 319 266
f 320 319 266
f 320 321 73
f 320 76 73
f 320 319 76
f 320 319 76
f 320 257 321
f 320 319 257
f 320 257 253
f 320 451 321
f 30 662 661
f 33 99 93
f 91 146 148
f 91 146 150
f 91 146 90
f 91 146 150
f 16 662 661
f 16 661 652
f 16 652 651
f 20 652 651
f 20 19 659
f 20 30 28
f 580 121 120
f 471 416 414
f 87 85 73
f 87 85 254
f 87 253 254
f 87 253 146
f 87 121 120
f 87 112 111
f 81 131 132
f 210 208 262
f 210 212 262
f 210 266 208
f 210 212 266
f 214 110 197
f 214 110 197
f 356 315 314
f 356 425 424
f 317 319 257
f 317 320 257
f 317 320 319
f 317 320 451
f 307 268 265
f 307 310 268
f 307 257 259
f 307 257 253
f 307 451 306
f 307 451 310
f 307 451 450
f 307 445 444
f 307 375 376
f 307 370 369
f 276 315 314
f 276 279 74
f 276 315 318
f 276 279 147
f 276 279 149
f 276 279 149
f 276 155 272
f 263 315 314
f 263 307 310
f 263 307 265
f 263 307 259
f 263 320 319
f 263 319 318
f 263 317 318
f 263 317 319
f 263 73 265
f 263 320 73
f 263 320 321
f 263 321 73
f 364 315 314
f 364 315 314
f 364 310 365
f 364 419 365
f 364 419 363
f 364 317 444
f 364 317 363
f 364 419 420
f 364 419 420
f 364 420 421
f 364 420 363
f 364 422 421
f 364 422 363
f 364 423 422
f 364 423 422
f 364 423 424
f 364 423 363
f 364 425 424
f 364 425 363
f 447 307 445
f 447 315 314
f 447 317 320
f 447 320 321
f 447 322 321
f 447 342 341
f 447 695 694
f 447 687 623
f 362 419 420
f 362 419 420
f 362 420 361
f 362 420 363
f 362 419 361
f 362 419 363
f 362 422 361
f 362 422 363
f 362 423 422
f 362 423 422
f 362 423 424
f 362 423 363
f 362 315 314
f 362 315 314
f 362 425 424
f 362 425 363
f 362 317 363
f 411 370 369
f 411 370 369
f 411 367 365
f 411 460 410
f 411 460 459
f 411 452 410
f 411 431 452
f 411 436 439
f 411 451 410
f 411 451 452
f 411 451 452
f 411 310 439
f 411 301 410
f 411 307 410
f 411 447 448
f 411 307 444
f 411 307 410
f 411 446 445
f 411 445 444
f 368 367 707
f 368 708 707
f 368 708 369
f 368 369 414
f 368 367 414
f 368 367 708
f 368 708 369
f 368 367 708
f 368 411 369
f 368 411 367
f 368 710 369
f 368 367 710
f 368 710 369
f 368 367 710
f 368 369 712
f 368 367 712
f 368 369 712
f 368 367 712
f 368 301 369
f 368 301 367
f 368 721 369
f 368 721 367
f 368 721 722
f 368 721 367
f 368 722 369
f 368 367 722
f 715 342 341
f 715 714 342
f 715 340 341
f 715 714 340
f 715 714 344
f 715 69 714
f 715 69 718
f 715 714 688
f 715 687 688
f 715 714 71
f 715 695 714
f 403 377 376
f 409 405 377
f 409 377 376
f 409 405 377
f 409 307 410
f 409 307 376
f 409 301 405
f 409 307 375
f 409 301 452
f 409 307 410
f 409 307 375
f 409 452 410
f 409 451 452
f 409 301 451
f 409 301 451
f 409 460 459
f 409 460 410
f 409 370 371
f 409 370 410
f 409 370 410
f 409 471 410
f 398 397 383
f 398 399 383
f 398 397 382
f 398 399 382
f 398 397 383
f 398 399 380
f 398 380 414
f 398 397 414
f 398 399 380
f 398 397 414
f 398 399 414
f 398 284 397
f 398 399 284
f 398 397 285
f 398 399 285
f 398 288 397
f 398 288 399
f 400 401 383
f 400 399 383
f 400 401 382
f 400 399 382
f 400 401 380
f 400 399 380
f 400 401 380
f 400 399 380
f 400 399 379
f 400 379 414
f 400 401 414
f 400 401 379
f 400 401 414
f 400 399 414
f 400 288 401
f 400 288 399
f 428 429 652
f 428 652 640
f 428 652 640
f 428 429 640
f 428 688 652
f 428 429 688
f 428 641 640
f 428 688 691
f 428 429 688
f 428 641 513
f 428 641 513
f 428 429 513
f 428 512 513
f 428 512 429
f 428 512 511
f 428 512 429
f 428 460 461
f 428 460 429
f 428 362 361
f 428 460 459
f 428 460 459
f 428 362 363
f 428 364 363
f 428 411 365
f 428 364 365
f 430 429 652
f 430 431 652
f 430 431 429
f 430 429 688
f 430 431 688
f 430 362 431
f 430 428 362
f 430 362 431
f 430 428 362
f 430 364 431
f 430 428 364
f 430 364 431
f 430 428 364
f 430 411 431
f 430 428 411
f 430 428 411
f 430 411 431
f 430 459 431
f 23 652 651
f 23 20 651
f 23 20 651
f 23 659 652
f 23 20 30
f 23 20 30
f 23 20 28
f 23 662 661
f 26 25 652
f 26 651 29
f 26 25 651
f 26 662 661
f 26 30 25
f 719 652 651
f 719 718 652
f 719 651 720
f 719 718 651
f 719 718 381
f 719 681 720
f 719 681 718
f 719 380 381
f 719 720 380
f 719 718 380
f 719 720 380
f 719 718 380
f 719 715 687
f 719 720 379
f 719 718 379
f 719 715 718
f 719 715 687
f 719 377 720
f 719 718 377
f 719 69 720
f 719 69 718
f 719 715 690
f 719 687 720
f 719 687 690
f 719 377 720
f 719 718 377
f 719 720 376
f 719 718 376
f 719 370 720
f 719 718 370
f 719 718 338
f 719 370 369
f 719 718 370
f 719 368 369
f 719 368 718
f 719 340 720
f 719 718 340
f 719 368 367
f 719 368 718
f 719 720 342
f 719 718 342
f 719 367 720
f 719 718 367
f 719 356 718
f 12 652 651
f 12 16 651
f 12 16 651
f 232 322 321
f 232 317 321
f 717 681 682
f 717 681 718
f 717 715 687
f 717 715 687
f 717 652 651
f 717 718 652
f 717 651 716
f 717 718 651
f 717 382 716
f 717 382 381
f 717 718 381
f 717 382 381
f 717 340 341
f 717 718 340
f 717 380 381
f 717 718 380
f 717 342 341
f 717 718 342
f 717 380 379
f 717 718 380
f 717 379 716
f 717 718 379
f 717 377 716
f 717 718 377
f 717 377 376
f 717 718 377
f 717 356 716
f 717 356 718
f 717 376 371
f 717 718 376
f 717 367 716
f 717 718 367
f 717 370 371
f 717 718 370
f 717 368 367
f 717 368 718
f 717 370 369
f 717 718 370
f 717 368 369
f 717 368 718
f 635 632 638
f 635 108 638
f 630 439 438
f 630 600 597
f 630 106 597
f 630 106 596
f 437 512 436
f 437 626 624
f 437 626 436
f 437 622 624
f 437 622 512
f 437 622 512
f 437 512 511
f 437 512 436
f 437 626 627
f 437 626 627
f 437 435 436
f 437 627 436
f 437 630 438
f 437 630 436
f 437 687 688
f 437 690 691
f 437 690 436
f 437 695 694
f 437 695 436
f 437 695 439
f 437 411 439
f 437 411 436
f 437 411 436
f 437 362 363
f 437 362 436
f 437 364 363
f 437 364 436
f 437 436 439
f 437 364 439
f 437 364 436
f 222 593 461
f 222 585 461
f 222 460 593
f 222 593 589
f 222 460 593
f 222 460 458
f 578 196 197
f 578 580 121
f 316 315 318
f 316 271 318
f 316 271 315
f 316 268 269
f 316 317 268
f 316 362 315
f 316 362 317
f 316 362 315
f 316 362 317
f 316 263 315
f 316 263 317
f 316 364 315
f 316 364 317
f 316 364 315
f 316 364 317
f 316 257 315
f 316 317 257
f 316 317 444
f 316 257 253
f 316 317 257
f 316 315 445
f 316 317 445
f 316 447 315
f 316 447 317
f 316 315 239
f 316 451 315
f 316 317 451
f 697 431 432
f 697 430 431
f 697 435 436
f 697 437 436
f 697 437 439
f 697 445 444
f 697 695 445
f 697 447 445
f 697 447 695
f 697 447 695
f 697 695 706
f 696 431 694
f 696 697 431
f 696 430 431
f 696 697 430
f 696 430 429
f 696 435 695
f 696 697 435
f 696 697 430
f 696 437 695
f 696 697 437
f 696 697 428
f 696 437 695
f 696 697 695
f 696 697 437
f 696 697 428
f 696 710 694
f 696 695 710
f 696 695 710
f 696 708 707
f 696 708 709
f 696 695 709
f 696 697 695
f 696 423 651
f 696 651 422
f 434 435 436
f 434 697 435
f 434 696 697
f 434 362 436
f 434 696 435
f 434 364 436
f 434 435 695
f 434 364 436
f 434 411 435
f 434 435 452
f 434 435 452
f 434 435 448
f 434 411 448
f 434 411 435
f 434 681 638
f 434 432 513
f 434 435 513
f 434 512 432
f 434 435 512
f 434 627 639
f 434 627 435
f 434 627 435
f 434 512 511
f 434 435 512
f 693 435 436
f 693 437 436
f 693 434 435
f 693 434 435
f 693 437 694
f 693 694 439
f 693 431 432
f 693 431 694
f 693 430 431
f 693 430 431
f 693 430 429
f 693 430 429
f 693 428 429
f 693 428 691
f 693 696 429
f 693 696 428
f 693 696 428
f 693 696 425
f 693 425 652
f 693 688 652
f 693 696 652
f 693 652 651
f 693 423 651
f 693 696 423
f 693 696 423
f 693 696 708
f 693 708 688
f 693 696 694
f 693 696 708
f 693 708 688
f 693 710 694
f 693 710 688
f 693 710 688
f 693 710 691
f 693 710 694
f 693 691 712
f 693 694 712
f 685 717 682
f 685 717 718
f 685 431 688
f 685 681 432
f 685 681 431
f 685 430 431
f 685 630 439
f 685 681 682
f 685 712 711
f 685 688 712
f 685 688 712
f 685 681 431
f 685 430 429
f 685 430 431
f 685 710 711
f 685 681 710
f 685 710 688
f 685 429 688
f 685 430 429
f 685 710 688
f 685 681 710
f 685 693 688
f 685 708 688
f 685 681 708
f 685 681 652
f 685 693 688
f 685 708 688
f 685 681 708
f 426 651 641
f 426 425 651
f 426 641 640
f 426 651 640
f 426 641 513
f 426 425 641
f 426 652 651
f 426 425 652
f 426 512 513
f 426 425 512
f 426 693 425
f 426 512 511
f 426 425 512
f 426 652 691
f 426 693 691
f 426 693 652
f 426 693 696
f 426 693 696
f 426 460 461
f 426 460 425
f 426 460 459
f 426 460 459
f 426 411 459
f 426 362 361
f 426 362 425
f 426 411 365
f 426 411 425
f 426 362 363
f 426 362 425
f 426 364 365
f 426 364 425
f 426 364 363
f 426 364 425
f 628 439 438
f 628 627 439
f 628 437 438
f 628 437 627
f 628 437 627
f 628 630 439
f 628 626 627
f 628 630 596
f 628 630 596
f 625 439 624
f 625 626 624
f 625 626 439
f 625 687 623
f 625 630 600
f 625 628 630
f 625 104 623
f 625 630 104
f 625 102 104
f 625 630 102
f 625 102 623
f 625 630 102
f 258 259 73
f 258 257 73
f 258 257 259
f 258 81 146
f 258 146 259
f 258 257 146
f 258 259 150
f 258 257 150
f 258 257 150
f 258 151 150
f 258 156 154
f 258 257 156
f 84 85 73
f 84 85 146
f 160 157 156
f 160 258 159
f 160 159 153
f 160 156 159
f 160 150 153
f 160 150 156
f 160 150 156
f 660 30 659
f 660 30 661
f 660 26 25
f 660 26 661
f 660 23 659
f 660 23 661
f 660 16 661
f 725 69 724
f 725 69 726
f 725 340 341
f 725 726 340
f 725 342 341
f 725 726 342
f 725 726 342
f 615 614 687
f 615 614 451
f 615 614 447
f 615 614 447
f 615 614 512
f 615 614 512
f 615 614 514
f 615 614 514
f 615 614 515
f 615 614 517
f 615 614 518
f 615 518 522
f 615 614 518
f 615 614 522
f 615 614 523
f 615 614 526
f 615 618 526
f 615 535 618
f 613 614 526
f 613 614 523
f 613 614 522
f 613 518 522
f 613 614 518
f 613 612 518
f 613 614 518
f 613 612 517
f 613 614 517
f 613 612 515
f 613 614 515
f 613 612 514
f 613 614 514
f 613 612 514
f 613 614 514
f 613 512 612
f 613 614 512
f 613 512 612
f 613 614 512
f 613 614 447
f 613 451 612
f 613 614 451
f 613 451 612
f 613 614 451
f 613 687 690
f 613 614 687
f 613 615 614
f 668 662 661
f 668 660 659
f 668 660 661
f 668 652 2
f 668 1 652
f 668 1 652
f 606 104 623
f 606 625 623
f 606 102 104
f 606 102 612
f 606 102 104
f 606 687 690
f 606 687 690
f 606 460 458
f 598 625 626
f 598 625 628
f 598 594 624
f 598 626 627
f 598 628 626
f 598 627 594
f 598 546 596
f 598 628 596
f 598 628 596
f 598 552 594
f 304 268 259
f 304 263 259
f 304 257 253
f 304 411 447
f 304 405 380
f 304 405 380
f 299 458 259
f 299 285 300
f 299 452 300
f 299 409 452
f 299 409 452
f 299 409 405
f 299 387 300
f 299 387 300
f 299 385 300
f 299 385 300
f 299 383 300
f 299 383 300
f 299 300 382
f 299 300 380
f 299 300 380
f 299 300 379
f 299 377 300
f 299 377 376
f 299 375 376
f 299 373 300
f 299 370 300
f 299 370 369
f 299 368 369
f 299 368 367
f 299 367 300
f 294 288 289
f 294 285 300
f 294 301 285
f 294 299 300
f 296 288 297
f 296 409 297
f 296 400 297
f 296 400 297
f 296 297 390
f 296 297 390
f 296 297 389
f 296 297 387
f 296 297 387
f 296 297 385
f 296 297 385
f 296 297 383
f 296 297 383
f 296 297 382
f 296 297 380
f 296 297 380
f 296 297 379
f 296 297 377
f 296 297 377
f 296 297 375
f 296 297 370
f 296 297 370
f 296 368 297
f 296 368 297
f 296 297 367
f 595 593 594
f 595 596 593
f 595 598 594
f 595 598 596
f 595 106 593
f 595 106 596
f 595 598 627
f 595 598 596
f 595 630 106
f 595 627 594
f 595 630 594
f 595 630 596
f 595 628 627
f 595 628 596
f 595 628 596
f 177 571 181
f 177 181 143
f 177 258 181
f 177 181 262
f 177 266 181
f 174 170 149
f 174 170 159
f 174 175 149
f 174 170 149
f 174 159 158
f 174 170 145
f 174 145 143
f 174 175 143
f 174 145 144
f 174 170 145
f 174 175 143
f 174 140 175
f 174 173 140
f 174 258 175
f 174 175 262
f 174 170 262
f 174 266 175
f 174 170 266
f 193 552 555
f 193 552 189
f 193 552 547
f 193 552 189
f 193 262 195
f 193 189 262
f 558 193 189
f 558 193 555
f 558 641 555
f 558 555 640
f 558 594 555
f 574 196 195
f 574 571 133
f 574 571 131
f 574 196 197
f 574 131 132
f 572 196 197
f 572 196 571
f 572 196 195
f 572 196 571
f 572 193 571
f 572 578 580
f 169 170 149
f 169 149 159
f 169 170 148
f 169 168 148
f 169 168 146
f 169 170 146
f 169 150 149
f 169 150 148
f 169 150 148
f 169 168 266
f 169 168 146
f 169 170 146
f 169 168 266
f 169 170 266
f 169 166 168
f 169 166 170
f 169 168 262
f 169 170 262
f 206 552 205
f 206 572 205
f 206 205 519
f 206 205 512
f 206 514 513
f 206 205 514
f 206 205 514
f 206 205 512
f 206 266 208
f 206 208 262
f 206 205 262
f 551 210 552
f 551 598 594
f 551 598 552
f 551 553 594
f 551 552 553
f 530 206 205
f 530 206 519
f 530 515 519
f 530 514 515
f 530 641 640
f 530 517 519
f 530 514 513
f 530 518 519
f 530 518 517
f 506 606 518
f 506 512 612
f 506 512 518
f 506 518 514
f 506 518 514
f 506 518 515
f 506 518 517
f 506 613 612
f 506 613 614
f 506 615 614
f 590 553 550
f 590 592 550
f 590 592 553
f 590 108 109
f 590 108 107
f 590 106 107
f 590 106 592
f 590 592 593
f 590 106 593
f 590 106 592
f 591 592 553
f 591 590 592
f 591 592 107
f 591 108 107
f 591 590 108
f 591 590 592
f 591 590 108
f 591 635 108
f 591 635 638
f 591 638 109
f 591 635 632
f 591 110 109
f 591 632 638
f 591 632 594
f 643 131 133
f 643 131 642
f 643 128 131
f 643 128 131
f 643 128 127
f 643 128 127
f 643 121 120
f 643 121 120
f 643 112 114
f 643 112 642
f 643 112 111
f 643 112 111
f 643 110 111
f 643 110 111
f 643 110 642
f 643 651 640
f 643 642 651
f 643 109 640
f 643 110 109
f 643 110 109
f 643 425 651
f 643 425 642
f 643 416 415
f 643 642 416
f 643 425 424
f 643 425 642
f 643 417 416
f 643 417 642
f 643 423 424
f 643 423 642
f 643 417 418
f 643 417 642
f 643 423 422
f 643 423 642
f 643 419 418
f 643 419 642
f 643 422 421
f 643 642 422
f 643 419 420
f 643 419 642
f 643 420 421
f 643 642 420
f 135 134 571
f 135 134 571
f 135 76 134
f 135 134 137
f 135 76 137
f 135 76 134
f 588 108 109
f 588 590 109
f 588 591 110
f 588 591 590
f 588 110 111
f 588 591 110
f 103 106 101
f 103 106 651
f 103 104 101
f 103 652 651
f 103 104 652
f 103 102 104
f 103 107 101
f 103 106 107
f 103 652 651
f 103 102 652
f 587 106 107
f 587 106 585
f 587 106 585
f 587 108 107
f 587 108 585
f 587 588 108
f 587 108 585
f 587 588 108
f 587 588 110
f 129 128 189
f 129 84 85
f 129 173 166
f 129 173 166
f 129 166 156
f 129 150 156
f 372 370 410
f 372 307 373
f 372 409 410
f 372 409 373
f 372 409 410
f 372 307 370
f 372 411 410
f 372 411 370
f 372 411 370
f 372 307 373
f 372 307 370
f 372 373 301
f 280 395 281
f 280 395 396
f 280 395 281
f 280 281 396
f 280 471 279
f 280 304 281
f 280 279 147
f 280 284 147
f 280 279 74
f 280 284 74
f 280 310 279
f 280 310 284
f 282 396 284
f 282 281 396
f 282 281 396
f 66 726 65
f 66 69 65
f 66 69 726
f 66 725 726
f 66 725 69
f 66 725 65
f 66 725 69
f 66 721 65
f 66 721 69
f 66 721 65
f 66 721 69
f 66 719 65
f 66 719 69
f 66 719 718
f 66 717 718
f 66 717 715
f 66 65 73
f 66 91 65
f 66 91 93
f 66 69 65
f 63 69 70
f 343 722 344
f 343 721 722
f 343 721 722
f 343 721 720
f 343 721 344
f 343 719 720
f 343 719 344
f 343 719 718
f 343 719 718
f 343 717 718
f 343 717 718
f 343 717 342
f 343 717 344
f 343 715 342
f 343 715 344
f 343 715 714
f 343 715 714
f 343 714 713
f 343 714 713
f 343 713 712
f 343 713 344
f 343 712 342
f 343 344 712
f 343 710 342
f 343 710 344
f 343 710 709
f 343 710 344
f 343 708 709
f 343 708 344
f 343 708 344
f 343 344 707
f 343 708 706
f 343 708 707
f 343 705 706
f 343 705 344
f 343 704 705
f 343 447 342
f 343 447 445
f 343 447 445
f 343 445 444
f 343 344 338
f 50 51 73
f 50 51 338
f 50 85 51
f 50 84 85
f 50 726 340
f 50 726 51
f 50 726 51
f 50 51 728
f 50 91 51
f 50 51 728
f 50 51 1
f 50 51 1
f 50 51 2
f 50 660 661
f 50 662 661
f 100 93 101
f 100 99 93
f 100 33 101
f 100 33 99
f 100 102 99
f 100 99 104
f 100 102 104
f 100 102 99
f 96 247 104
f 96 66 65
f 96 102 104
f 96 102 99
f 96 106 104
f 96 106 104
f 35 33 74
f 35 33 344
f 35 12 33
f 35 12 16
f 35 12 20
f 35 12 20
f 53 51 338
f 53 51 73
f 53 725 724
f 53 725 726
f 21 659 652
f 21 20 652
f 21 20 659
f 21 20 19
f 21 660 659
f 21 660 19
f 21 20 30
f 21 660 661
f 21 660 661
f 21 662 661
f 21 662 661
f 498 551 210
f 267 317 318
f 267 317 268
f 267 319 318
f 267 319 266
f 267 319 268
f 267 316 317
f 267 316 317
f 267 319 268
f 267 319 266
f 267 76 269
f 267 76 268
f 267 269 147
f 267 266 147
f 267 76 266
f 267 315 268
f 267 316 315
f 267 316 315
f 267 77 268
f 267 77 266
f 267 269 149
f 267 266 149
f 267 266 269
f 267 76 77
f 267 76 77
f 482 593 550
f 474 572 578
f 474 258 257
f 474 263 265
f 270 307 310
f 270 271 314
f 270 307 268
f 270 315 268
f 270 271 315
f 270 316 268
f 270 316 315
f 270 316 271
f 270 316 269
f 270 316 271
f 270 271 318
f 270 271 269
f 270 76 318
f 270 76 269
f 270 76 269
f 457 411 459
f 457 409 459
f 457 296 459
f 457 296 409
f 457 296 297
f 457 299 458
f 457 695 458
f 457 301 458
f 457 458 72
f 457 307 458
f 457 322 321
f 457 315 458
f 457 317 321
f 457 317 320
f 457 316 315
f 457 316 317
f 441 411 439
f 441 452 450
f 441 435 450
f 441 435 436
f 441 411 436
f 441 411 435
f 441 625 623
f 441 628 626
f 88 73 90
f 88 87 73
f 88 253 90
f 88 87 253
f 88 87 253
f 88 146 148
f 88 253 148
f 88 253 146
f 88 146 90
f 88 87 146
f 88 50 87
f 88 129 87
f 88 87 120
f 88 87 116
f 88 87 112
f 88 87 112
f 86 85 146
f 86 87 146
f 86 87 85
f 86 85 146
f 86 87 146
f 86 129 87
f 86 87 121
f 86 121 85
f 86 87 121
f 86 87 116
f 86 87 111
f 86 87 110
f 86 76 108
f 86 76 107
f 86 50 85
f 86 50 87
f 86 85 51
f 86 87 51
f 86 87 85
f 47 48 73
f 47 84 48
f 47 86 48
f 47 340 1
f 47 86 87
f 47 48 1
f 47 340 1
f 47 48 1
f 47 48 340
f 47 88 87
f 47 48 2
f 47 91 48
f 209 214 585
f 209 214 106
f 209 210 212
f 209 214 106
f 209 214 108
f 357 713 716
f 357 356 716
f 357 356 713
f 357 713 712
f 357 356 713
f 357 712 711
f 357 356 712
f 357 710 711
f 357 356 710
f 357 356 710
f 357 356 708
f 357 356 708
f 357 356 315
f 357 356 705
f 357 356 704
f 357 356 315
f 357 356 704
f 357 356 319
f 357 356 320
f 357 356 320
f 357 423 422
f 357 356 322
f 357 423 424
f 357 356 424
f 357 356 425
f 357 356 445
f 357 324 356
f 357 426 356
f 357 426 356
f 357 428 356
f 357 437 356
f 357 437 356
f 357 430 356
f 357 428 356
f 357 430 356
f 357 430 428
f 357 434 356
f 274 276 315
f 274 276 315
f 274 270 307
f 274 318 74
f 274 276 74
f 274 276 318
f 308 279 278
f 308 307 278
f 308 280 279
f 308 367 306
f 308 280 281
f 308 367 365
f 308 368 367
f 308 368 367
f 308 307 369
f 308 368 369
f 308 282 281
f 308 282 304
f 308 282 304
f 308 284 285
f 308 368 369
f 308 294 301
f 308 370 369
f 308 307 370
f 308 307 370
f 308 301 300
f 308 294 301
f 308 285 286
f 308 294 286
f 308 294 285
f 308 299 300
f 308 294 299
f 308 296 297
f 260 315 314
f 260 263 315
f 260 316 315
f 260 316 263
f 260 316 317
f 260 316 263
f 260 317 319
f 260 320 319
f 260 320 321
f 260 259 73
f 260 322 259
f 260 322 321
f 260 322 321
f 260 263 471
f 260 81 259
f 260 81 146
f 260 258 157
f 260 146 259
f 260 258 157
f 260 156 154
f 260 258 156
f 260 259 150
f 260 258 159
f 260 258 154
f 260 258 159
f 260 258 151
f 260 258 259
f 260 258 151
f 79 263 73
f 79 76 111
f 79 76 121
f 79 135 134
f 79 134 77
f 79 128 77
f 79 77 132
f 79 128 77
f 79 77 131
f 79 77 131
f 249 247 315
f 249 316 247
f 249 247 307
f 249 316 247
f 249 247 460
f 249 247 317
f 249 247 460
f 249 247 320
f 249 247 322
f 249 324 247
f 249 96 247
f 249 150 156
f 249 96 247
f 413 368 367
f 413 368 369
f 413 471 416
f 413 411 369
f 413 416 415
f 413 416 414
f 413 367 415
f 413 367 414
f 413 471 410
f 413 417 416
f 413 370 410
f 413 370 369
f 413 370 369
f 413 417 418
f 402 401 380
f 402 403 380
f 402 401 382
f 402 403 382
f 402 401 380
f 402 403 380
f 402 401 379
f 402 403 379
f 402 377 401
f 402 403 377
f 402 377 401
f 402 403 377
f 402 403 301
f 402 299 401
f 402 299 403
f 402 296 297
f 402 296 403
f 402 288 401
f 404 405 380
f 404 403 380
f 404 405 382
f 404 403 382
f 404 405 380
f 404 403 380
f 404 405 379
f 404 403 379
f 404 405 377
f 404 403 377
f 404 405 377
f 404 403 377
f 404 301 405
f 404 403 301
f 404 405 375
f 404 299 405
f 404 299 403
f 404 375 376
f 404 403 376
f 404 296 297
f 404 296 403
f 408 405 375
f 408 409 375
f 408 409 405
f 408 409 471
f 408 409 371
f 408 372 373
f 408 372 409
f 408 372 409
f 408 460 405
f 408 409 460
f 700 430 431
f 700 430 429
f 700 428 429
f 700 428 701
f 700 426 701
f 700 437 436
f 700 426 425
f 700 437 439
f 700 425 701
f 700 343 342
f 700 343 701
f 700 423 701
f 700 342 341
f 700 701 341
f 700 701 342
f 700 423 701
f 700 422 703
f 700 701 422
f 700 420 703
f 700 419 420
f 700 704 705
f 24 25 652
f 24 23 652
f 24 25 651
f 24 23 651
f 24 25 652
f 24 660 25
f 24 660 23
f 24 660 661
f 24 660 23
f 24 662 661
f 24 23 662
f 24 30 25
f 24 23 30
f 24 23 28
f 24 20 25
f 24 23 20
f 27 26 25
f 27 26 25
f 27 24 28
f 27 24 25
f 27 24 25
f 27 652 28
f 27 652 651
f 27 26 651
f 27 26 652
f 27 660 659
f 27 660 26
f 27 660 661
f 27 660 26
f 27 662 661
f 27 26 662
f 27 26 30
f 11 12 652
f 11 12 651
f 11 35 12
f 14 661 652
f 14 12 652
f 14 662 661
f 14 662 661
f 14 12 662
f 14 12 37
f 353 12 20
f 353 11 12
f 353 430 429
f 348 20 25
f 348 726 727
f 348 700 439
f 348 700 437
f 348 700 437
f 7 50 6
f 7 6 652
f 7 47 6
f 7 6 651
f 7 6 342
f 7 6 344
f 4 668 652
f 4 50 51
f 4 652 651
f 4 651 3
f 4 47 48
f 4 342 341
f 4 344 342
f 5 668 6
f 5 4 668
f 5 50 6
f 5 4 50
f 5 6 652
f 5 4 652
f 5 6 651
f 5 4 651
f 5 47 6
f 5 4 47
f 5 6 342
f 5 4 342
f 5 6 344
f 5 4 344
f 323 322 73
f 323 324 73
f 323 322 73
f 323 322 259
f 323 257 259
f 323 257 322
f 323 257 253
f 323 324 253
f 323 257 253
f 323 249 247
f 323 249 324
f 323 357 356
f 323 357 324
f 323 232 322
f 323 447 322
f 323 324 447
f 323 457 322
f 323 457 232
f 323 457 232
f 323 322 451
f 323 324 451
f 325 326 73
f 325 324 73
f 325 324 326
f 325 326 73
f 325 323 73
f 325 323 324
f 325 323 322
f 325 322 321
f 325 353 324
f 325 323 353
f 325 320 321
f 325 320 319
f 325 319 318
f 325 319 344
f 325 320 319
f 325 319 338
f 229 232 106
f 229 328 232
f 229 232 106
f 229 232 108
f 229 457 232
f 229 457 232
f 229 232 108
f 229 232 460
f 229 232 110
f 229 232 460
f 236 210 212
f 637 103 102
f 637 103 104
f 637 103 102
f 637 104 638
f 637 106 638
f 637 106 107
f 633 435 632
f 633 437 632
f 633 685 437
f 633 685 437
f 633 630 106
f 633 630 104
f 633 630 102
f 633 630 102
f 633 632 107
f 243 244 166
f 243 244 173
f 223 460 461
f 223 222 460
f 223 460 458
f 223 222 460
f 223 457 458
f 223 222 458
f 223 457 458
f 223 106 72
f 223 222 106
f 223 106 107
f 223 222 106
f 223 108 107
f 223 222 108
f 223 200 197
f 223 222 200
f 223 108 109
f 223 222 108
f 223 110 109
f 223 222 110
f 223 110 111
f 223 222 110
f 463 222 585
f 463 466 593
f 463 600 466
f 463 460 458
f 463 460 459
f 469 457 459
f 469 471 284
f 469 471 285
f 469 402 403
f 469 471 288
f 469 402 288
f 469 402 471
f 469 404 403
f 469 404 471
f 469 408 409
f 469 409 471
f 469 413 471
f 469 413 411
f 469 471 417
f 469 471 417
f 469 413 471
f 469 471 419
f 201 578 579
f 201 578 200
f 201 574 202
f 201 574 200
f 201 112 197
f 201 200 112
f 201 572 202
f 201 572 200
f 201 110 111
f 201 110 197
f 201 110 197
f 201 572 571
f 201 572 200
f 201 214 197
f 201 222 200
f 201 223 222
f 201 223 202
f 201 223 200
f 201 558 202
f 201 558 200
f 201 552 202
f 201 200 552
f 201 552 547
f 201 200 552
f 201 530 202
f 201 530 200
f 201 200 525
f 201 525 527
f 201 202 527
f 201 200 525
f 201 202 519
f 201 200 519
f 201 202 515
f 201 200 515
f 201 202 262
f 201 200 262
f 201 514 202
f 201 200 514
f 201 514 202
f 201 200 514
f 201 512 202
f 201 200 512
f 201 512 511
f 201 200 512
f 199 578 197
f 199 578 200
f 199 574 200
f 199 572 200
f 199 572 200
f 199 558 200
f 199 200 552
f 199 200 552
f 199 530 200
f 199 200 525
f 199 200 525
f 199 200 515
f 199 200 519
f 199 200 514
f 199 200 514
f 199 200 262
f 433 362 431
f 433 434 362
f 433 362 431
f 433 357 434
f 433 434 364
f 433 357 356
f 433 364 431
f 433 434 364
f 433 364 431
f 433 411 431
f 433 411 431
f 433 411 436
f 433 434 436
f 433 434 411
f 433 434 411
f 433 411 452
f 433 411 452
f 433 434 452
f 433 434 452
f 433 697 432
f 433 434 697
f 433 696 697
f 433 434 696
f 433 434 696
f 433 696 694
f 433 696 695
f 433 434 695
f 433 693 694
f 433 693 434
f 433 693 432
f 433 693 434
f 433 685 688
f 433 685 434
f 433 685 432
f 433 685 434
f 433 681 432
f 433 434 681
f 433 681 638
f 433 434 681
f 433 434 635
f 433 638 432
f 433 635 638
f 433 434 432
f 433 434 632
f 689 434 435
f 689 434 435
f 689 433 434
f 689 433 434
f 689 690 714
f 689 690 436
f 689 435 436
f 689 435 436
f 689 688 432
f 689 433 432
f 689 433 688
f 689 688 713
f 689 714 713
f 689 714 688
f 689 715 714
f 689 715 690
f 689 437 436
f 689 437 690
f 689 715 687
f 689 715 687
f 689 437 688
f 689 437 690
f 689 688 439
f 689 690 439
f 689 690 445
f 689 687 445
f 689 447 690
f 689 447 687
f 631 434 435
f 631 434 435
f 631 632 639
f 631 434 639
f 631 434 632
f 631 632 594
f 631 630 594
f 631 435 436
f 631 630 436
f 631 435 632
f 631 633 632
f 631 437 632
f 631 437 630
f 631 595 630
f 631 633 685
f 631 685 437
f 631 595 106
f 631 595 630
f 631 633 630
f 631 633 630
f 631 437 630
f 631 685 630
f 631 685 437
f 631 106 107
f 631 633 107
f 631 633 106
f 692 439 691
f 692 693 439
f 692 437 691
f 692 693 437
f 692 437 436
f 692 693 437
f 692 435 436
f 692 693 435
f 692 693 435
f 692 441 690
f 692 690 445
f 692 694 445
f 692 447 690
f 692 447 694
f 692 690 713
f 692 713 691
f 692 693 691
f 692 693 694
f 692 695 713
f 692 695 694
f 692 690 714
f 692 695 714
f 692 690 451
f 692 715 690
f 692 715 695
f 692 457 695
f 692 695 451
f 692 715 695
f 692 457 606
f 692 457 606
f 692 600 695
f 692 690 71
f 692 695 71
f 692 690 71
f 692 715 71
f 692 715 690
f 692 600 690
f 692 600 695
f 686 435 436
f 686 685 435
f 686 437 436
f 686 685 437
f 686 434 435
f 686 685 434
f 686 685 434
f 686 437 687
f 686 437 687
f 686 685 437
f 686 687 688
f 686 717 687
f 686 685 688
f 686 685 717
f 686 717 687
f 686 685 717
f 686 687 439
f 686 685 439
f 686 719 687
f 686 685 719
f 686 719 687
f 686 685 630
f 686 628 630
f 686 628 685
f 686 625 687
f 686 628 626
f 686 625 626
f 686 625 628
f 636 434 635
f 636 685 635
f 636 685 434
f 636 685 635
f 636 685 434
f 636 434 638
f 636 434 635
f 636 681 638
f 636 637 681
f 636 635 681
f 636 637 107
f 636 108 107
f 636 635 108
f 636 635 108
f 636 635 106
f 636 637 106
f 636 635 106
f 636 637 106
f 636 635 104
f 636 637 104
f 636 635 102
f 636 637 102
f 702 356 425
f 702 426 356
f 702 425 701
f 702 426 425
f 702 343 701
f 702 343 704
f 702 701 342
f 702 704 342
f 702 340 701
f 702 704 340
f 702 700 701
f 702 700 704
f 702 700 704
f 702 700 705
f 702 700 701
f 702 71 72
f 702 701 72
f 702 71 706
f 702 705 706
f 702 71 713
f 702 71 713
f 702 706 712
f 702 713 712
f 702 713 706
f 599 630 600
f 599 628 630
f 599 628 630
f 599 598 628
f 599 625 628
f 599 598 625
f 599 598 546
f 599 545 546
f 667 625 630
f 667 633 630
f 667 625 623
f 667 636 635
f 667 636 637
f 82 81 259
f 82 258 259
f 82 258 81
f 82 81 48
f 82 258 257
f 82 84 257
f 82 258 81
f 82 47 81
f 82 258 257
f 82 81 146
f 82 81 140
f 82 81 132
f 82 81 134
f 82 135 134
f 82 135 81
f 82 129 81
f 42 79 76
f 42 76 74
f 42 340 341
f 42 7 6
f 42 7 342
f 42 5 6
f 42 5 4
f 604 625 600
f 604 606 625
f 604 600 104
f 604 606 104
f 604 625 600
f 604 606 625
f 604 600 104
f 604 606 104
f 604 600 690
f 604 606 690
f 604 692 600
f 604 692 606
f 604 692 600
f 604 692 606
f 604 460 600
f 604 606 460
f 604 460 600
f 604 606 460
f 604 463 600
f 604 463 606
f 616 615 687
f 616 613 615
f 616 690 451
f 616 615 451
f 616 615 690
f 616 613 615
f 616 615 447
f 616 615 447
f 616 615 446
f 616 615 445
f 616 615 512
f 616 615 512
f 616 618 514
f 616 615 514
f 616 618 514
f 616 615 514
f 616 618 515
f 616 615 515
f 616 618 517
f 616 615 517
f 616 618 518
f 616 615 518
f 616 618 518
f 616 615 518
f 616 618 522
f 616 615 522
f 616 618 522
f 616 615 522
f 616 618 523
f 616 615 523
f 616 618 526
f 616 615 526
f 616 615 618
f 609 615 614
f 609 613 614
f 609 616 615
f 609 506 518
f 609 506 517
f 609 506 515
f 609 506 514
f 302 282 301
f 302 282 281
f 302 301 268
f 302 301 284
f 302 308 284
f 302 308 301
f 302 257 458
f 302 301 458
f 302 301 367
f 302 457 301
f 302 368 301
f 302 368 301
f 302 301 452
f 302 301 370
f 302 301 451
f 302 301 370
f 302 301 451
f 302 372 301
f 302 372 373
f 302 411 301
f 302 411 301
f 302 301 375
f 302 409 301
f 302 301 377
f 302 409 301
f 302 301 377
f 302 404 301
f 302 301 379
f 302 301 380
f 302 301 383
f 302 301 383
f 302 301 380
f 302 301 382
f 302 404 403
f 302 301 385
f 290 380 289
f 290 382 289
f 290 383 382
f 290 383 289
f 290 385 289
f 290 385 386
f 290 387 386
f 290 387 289
f 290 389 289
f 290 390 389
f 290 390 289
f 290 289 392
f 290 289 392
f 290 395 396
f 290 396 397
f 290 398 397
f 290 398 399
f 290 400 399
f 290 400 401
f 290 402 401
f 290 402 403
f 290 403 466
f 287 294 286
f 287 294 288
f 287 296 288
f 287 294 297
f 287 296 294
f 287 469 471
f 287 469 471
f 287 471 288
f 287 288 385
f 287 400 288
f 287 400 471
f 287 400 471
f 287 288 385
f 287 400 399
f 287 400 288
f 287 387 386
f 287 288 387
f 287 398 399
f 287 398 288
f 287 387 388
f 287 288 387
f 287 398 397
f 287 398 288
f 287 389 388
f 287 288 389
f 287 396 397
f 287 288 396
f 287 390 389
f 287 288 390
f 287 395 396
f 287 395 288
f 287 390 286
f 287 288 390
f 287 395 286
f 287 395 288
f 287 286 392
f 287 288 392
f 287 286 392
f 287 288 392
f 295 294 379
f 295 296 379
f 295 294 377
f 295 296 377
f 295 294 380
f 295 296 380
f 295 294 377
f 295 296 377
f 295 294 380
f 295 296 380
f 295 294 375
f 295 296 375
f 295 294 382
f 295 296 382
f 295 294 383
f 295 296 383
f 295 294 370
f 295 296 370
f 295 294 383
f 295 296 383
f 295 294 370
f 295 296 370
f 295 294 385
f 295 296 385
f 295 294 368
f 295 296 368
f 295 294 385
f 295 296 385
f 295 294 368
f 295 296 368
f 295 294 387
f 295 296 387
f 295 296 367
f 295 294 387
f 295 296 387
f 295 294 389
f 295 296 389
f 295 308 294
f 295 308 296
f 295 294 390
f 295 296 390
f 295 296 294
f 295 308 294
f 295 308 296
f 295 294 390
f 295 296 390
f 295 294 392
f 295 294 398
f 295 294 398
f 295 296 398
f 295 294 400
f 295 296 400
f 295 294 400
f 295 296 400
f 295 402 294
f 295 402 296
f 295 402 294
f 295 402 296
f 295 404 294
f 295 404 296
f 295 404 294
f 295 404 296
f 295 294 409
f 295 296 409
f 295 294 409
f 295 296 409
f 295 290 294
f 295 290 296
f 295 294 288
f 295 296 288
f 295 287 294
f 295 287 296
f 295 287 296
f 176 177 571
f 176 175 143
f 176 177 143
f 176 140 175
f 176 139 140
f 176 177 139
f 176 177 244
f 176 258 175
f 176 177 258
f 176 175 262
f 176 177 262
f 176 266 175
f 176 177 266
f 178 139 181
f 178 177 181
f 178 177 139
f 178 135 173
f 178 129 173
f 171 174 170
f 171 174 140
f 171 166 140
f 171 166 140
f 171 166 170
f 171 169 166
f 192 189 571
f 192 193 571
f 192 574 193
f 560 177 563
f 560 558 177
f 560 193 189
f 560 558 193
f 560 176 177
f 560 176 558
f 560 193 563
f 560 558 193
f 560 176 175
f 560 176 558
f 560 174 175
f 560 558 174
f 560 199 558
f 560 174 563
f 560 174 170
f 560 201 558
f 560 563 159
f 560 201 558
f 560 206 558
f 560 563 641
f 560 558 641
f 560 563 594
f 560 594 640
f 560 558 640
f 560 558 594
f 560 591 563
f 560 591 558
f 182 134 181
f 182 132 181
f 187 121 120
f 187 185 120
f 194 193 571
f 194 572 571
f 194 572 193
f 194 572 195
f 194 572 193
f 194 574 195
f 194 574 193
f 194 236 193
f 194 223 197
f 194 223 222
f 554 206 555
f 554 206 552
f 554 206 552
f 554 209 555
f 554 210 552
f 554 210 552
f 554 552 594
f 554 552 553
f 554 209 210
f 554 209 210
f 557 206 205
f 557 206 558
f 557 206 555
f 557 206 558
f 557 209 558
f 557 209 558
f 557 558 594
f 557 591 558
f 548 552 205
f 548 206 205
f 548 206 552
f 548 206 547
f 548 206 552
f 548 551 552
f 548 210 547
f 548 598 546
f 533 199 200
f 533 199 530
f 533 201 200
f 533 201 530
f 533 201 535
f 533 201 530
f 533 206 535
f 533 530 206
f 533 530 206
f 533 535 641
f 533 530 641
f 533 535 640
f 533 535 618
f 533 615 535
f 533 615 614
f 533 530 514
f 533 530 535
f 533 530 514
f 528 530 518
f 528 526 524
f 528 518 524
f 528 613 614
f 528 615 526
f 528 615 614
f 528 615 618
f 528 618 639
f 528 530 618
f 528 640 639
f 528 530 640
f 528 530 640
f 510 423 511
f 510 511 422
f 510 423 511
f 510 511 420
f 510 425 511
f 510 419 511
f 510 426 425
f 510 419 511
f 510 426 511
f 510 417 511
f 510 428 511
f 510 417 511
f 510 428 429
f 510 511 416
f 510 431 429
f 510 431 511
f 510 434 511
f 510 434 435
f 510 435 436
f 510 437 436
f 510 437 511
f 510 511 439
f 510 511 439
f 510 506 615
f 510 616 615
f 510 616 506
f 510 201 511
f 510 206 205
f 163 164 146
f 163 164 166
f 167 168 146
f 167 166 146
f 167 166 168
f 31 33 101
f 31 103 101
f 31 103 107
f 31 108 107
f 31 103 106
f 31 103 651
f 31 108 109
f 31 30 652
f 31 20 30
f 31 100 33
f 31 652 651
f 31 652 651
f 31 103 106
f 31 108 107
f 31 106 107
f 31 100 652
f 31 12 20
f 31 100 33
f 31 651 29
f 31 106 651
f 31 110 109
f 31 74 75
f 31 33 74
f 31 108 109
f 31 100 99
f 31 12 33
f 31 20 344
f 31 12 20
f 31 110 111
f 31 110 109
f 31 33 344
f 31 111 114
f 31 110 111
f 31 75 29
f 31 114 75
f 31 111 114
f 586 588 110
f 586 587 588
f 586 110 585
f 586 584 585
f 586 110 585
f 586 587 585
f 586 587 110
f 586 112 111
f 586 588 111
f 586 584 112
f 586 584 114
f 586 584 640
f 586 588 591
f 586 560 591
f 586 560 588
f 586 594 640
f 586 591 594
f 586 591 563
f 586 563 594
f 586 584 580
f 283 301 284
f 283 284 285
f 283 301 300
f 283 282 301
f 283 302 301
f 283 302 282
f 283 299 285
f 283 299 285
f 283 287 463
f 283 463 282
f 283 290 461
f 283 288 461
f 67 719 69
f 67 66 719
f 67 66 719
f 67 715 69
f 67 717 715
f 67 66 717
f 67 66 717
f 67 715 69
f 67 66 73
f 67 66 73
f 67 66 91
f 67 66 69
f 64 63 69
f 64 69 65
f 64 63 69
f 64 63 1
f 64 96 65
f 64 96 63
f 64 65 728
f 64 63 728
f 64 65 728
f 64 63 728
f 64 91 93
f 64 726 65
f 64 63 726
f 64 91 65
f 64 63 91
f 64 725 726
f 64 63 725
f 64 65 73
f 64 63 73
f 64 725 65
f 64 63 725
f 64 721 65
f 64 63 721
f 64 721 65
f 64 63 721
f 64 719 65
f 64 63 719
f 64 717 715
f 64 719 718
f 64 63 719
f 64 717 715
f 64 717 718
f 64 63 717
f 327 326 73
f 327 69 73
f 327 326 73
f 327 328 69
f 327 326 71
f 327 328 71
f 327 326 71
f 327 328 71
f 327 324 326
f 327 229 232
f 327 229 328
f 327 229 457
f 327 229 457
f 327 324 447
f 327 328 447
f 327 324 451
f 327 328 451
f 49 48 73
f 49 50 73
f 49 50 84
f 49 84 48
f 49 50 84
f 49 48 340
f 49 86 48
f 49 86 50
f 49 340 728
f 49 50 728
f 49 50 340
f 49 48 728
f 49 50 728
f 49 86 87
f 49 86 50
f 49 48 1
f 49 50 1
f 49 88 87
f 49 88 50
f 49 48 1
f 49 50 1
f 49 48 2
f 49 50 2
f 49 91 48
f 49 50 91
f 49 4 48
f 49 4 50
f 49 5 4
f 49 5 4
f 49 5 6
f 49 5 50
f 49 7 6
f 49 7 50
f 49 660 48
f 49 50 660
f 49 48 662
f 49 50 662
f 97 96 104
f 97 106 101
f 97 100 93
f 52 96 660
f 52 660 661
f 52 660 661
f 52 662 661
f 52 5 4
f 52 5 6
f 52 4 51
f 52 91 51
f 52 53 91
f 52 7 6
f 52 7 6
f 52 51 2
f 52 51 1
f 52 88 87
f 52 88 53
f 52 51 1
f 52 87 51
f 52 53 51
f 52 53 87
f 52 51 728
f 52 51 728
f 52 726 51
f 52 53 726
f 52 726 51
f 52 53 51
f 52 53 726
f 36 86 37
f 36 86 35
f 36 88 87
f 36 86 87
f 36 86 88
f 36 37 74
f 36 35 74
f 36 344 37
f 36 35 344
f 36 11 35
f 36 344 37
f 36 11 344
f 36 11 12
f 36 11 35
f 36 12 37
f 36 35 12
f 36 16 37
f 36 35 16
f 502 210 547
f 502 548 210
f 490 612 452
f 490 451 612
f 490 451 612
f 490 446 445
f 490 545 546
f 490 546 593
f 215 214 220
f 215 572 216
f 215 572 214
f 215 574 214
f 215 576 216
f 215 576 574
f 215 576 574
f 215 578 579
f 215 578 214
f 215 585 216
f 215 214 585
f 215 106 216
f 215 214 106
f 215 106 107
f 215 214 106
f 215 108 107
f 215 214 108
f 215 108 109
f 215 214 108
f 215 110 109
f 215 214 110
f 215 110 111
f 215 214 110
f 215 201 197
f 215 201 214
f 215 201 216
f 215 201 214
f 472 471 452
f 472 474 452
f 472 471 452
f 472 471 448
f 472 471 448
f 472 441 471
f 472 471 435
f 472 471 435
f 472 471 431
f 472 471 431
f 472 428 471
f 472 428 471
f 472 426 471
f 472 426 471
f 472 471 425
f 472 471 423
f 472 471 423
f 472 471 422
f 472 471 420
f 472 471 419
f 472 471 419
f 472 471 417
f 472 471 417
f 472 471 416
f 472 471 414
f 472 404 471
f 472 404 403
f 472 402 403
f 472 402 471
f 472 400 471
f 472 400 471
f 472 471 285
f 472 471 284
f 472 283 471
f 472 283 282
f 472 282 471
f 472 280 471
f 472 280 471
f 472 471 279
f 472 270 471
f 472 270 471
f 472 471 268
f 472 267 268
f 472 263 471
f 472 260 263
f 472 260 471
f 472 471 257
f 472 471 257
f 472 249 247
f 472 223 471
f 221 472 474
f 221 223 220
f 221 223 220
f 221 201 220
f 221 201 223
f 221 201 223
f 221 201 222
f 256 163 258
f 256 160 258
f 256 258 157
f 256 258 257
f 256 160 157
f 256 160 258
f 256 257 156
f 256 157 159
f 256 258 159
f 256 258 157
f 256 257 150
f 256 257 150
f 256 257 146
f 256 84 257
f 256 257 254
f 256 84 85
f 256 257 73
f 256 84 73
f 256 84 257
f 305 270 268
f 305 270 304
f 305 268 265
f 305 304 268
f 305 263 265
f 305 304 263
f 305 263 259
f 305 304 263
f 305 280 304
f 305 257 259
f 305 304 257
f 305 279 278
f 305 280 279
f 305 280 279
f 305 308 280
f 305 257 253
f 305 304 257
f 305 308 306
f 305 308 304
f 305 280 304
f 305 308 304
f 305 308 280
f 305 253 458
f 305 304 253
f 305 367 306
f 305 304 367
f 305 457 458
f 305 457 304
f 305 368 367
f 305 304 368
f 305 368 369
f 305 304 368
f 305 452 306
f 305 304 452
f 305 370 369
f 305 304 370
f 305 451 452
f 305 304 451
f 305 304 370
f 305 451 450
f 305 304 451
f 305 372 370
f 305 372 370
f 305 372 304
f 305 372 373
f 305 372 304
f 305 447 448
f 305 304 447
f 305 304 447
f 305 375 376
f 305 304 375
f 305 447 445
f 305 447 446
f 305 377 376
f 305 304 377
f 305 411 445
f 305 411 446
f 305 304 411
f 305 304 377
f 305 411 410
f 305 304 411
f 305 409 377
f 305 409 377
f 305 409 410
f 305 304 409
f 305 409 405
f 305 304 409
f 305 405 379
f 305 304 379
f 305 304 405
f 443 472 441
f 443 472 446
f 443 472 471
f 443 459 446
f 443 411 446
f 443 441 452
f 443 411 448
f 443 448 452
f 443 448 446
f 443 411 435
f 443 441 411
f 443 435 448
f 443 441 435
f 443 622 623
f 443 625 623
f 443 625 687
f 443 689 687
f 443 689 690
f 440 441 411
f 440 364 439
f 440 364 363
f 440 362 363
f 440 357 356
f 440 697 439
f 440 697 695
f 440 695 694
f 440 693 694
f 440 692 693
f 440 692 693
f 440 692 439
f 440 692 441
f 440 690 439
f 440 441 690
f 440 689 690
f 440 689 441
f 440 689 688
f 440 689 441
f 440 687 688
f 440 441 687
f 440 686 687
f 440 686 628
f 440 441 628
f 440 686 628
f 440 628 626
f 440 441 628
f 440 625 626
f 440 441 625
f 440 625 439
f 440 441 625
f 440 623 439
f 440 441 623
f 440 622 623
f 440 441 622
f 440 622 439
f 440 441 622
f 440 510 439
f 440 441 439
f 565 571 641
f 207 206 572
f 207 209 572
f 207 572 205
f 207 206 572
f 207 209 574
f 207 574 205
f 207 206 558
f 207 576 209
f 207 576 574
f 207 209 578
f 207 578 205
f 207 206 212
f 207 209 212
f 207 106 585
f 207 106 585
f 207 209 585
f 207 209 106
f 207 209 106
f 207 220 212
f 207 209 108
f 207 214 108
f 207 209 214
f 207 214 220
f 207 214 110
f 188 189 571
f 188 574 189
f 188 129 189
f 217 572 216
f 217 218 572
f 217 578 579
f 217 218 578
f 217 218 585
f 217 585 216
f 217 218 585
f 217 201 216
f 217 201 218
f 217 216 589
f 217 218 589
f 217 201 197
f 217 201 218
f 217 106 216
f 217 218 106
f 217 106 107
f 217 218 106
f 217 108 107
f 217 218 108
f 217 108 109
f 217 218 108
f 217 110 111
f 217 218 110
f 217 110 109
f 217 218 110
f 89 88 73
f 89 52 53
f 89 52 88
f 89 52 51
f 89 52 88
f 89 50 51
f 89 88 50
f 89 49 50
f 89 49 88
f 89 49 48
f 89 49 88
f 89 47 48
f 89 47 88
f 89 36 88
f 89 36 86
f 89 36 86
f 89 35 33
f 89 86 35
f 89 76 101
f 89 86 76
f 89 86 76
f 89 86 107
f 89 86 108
f 89 86 108
f 89 86 110
f 89 86 87
f 89 86 88
f 89 87 110
f 89 88 87
f 89 112 111
f 89 88 112
f 89 88 112
f 89 88 116
f 89 88 129
f 118 86 116
f 118 114 644
f 118 114 647
f 118 89 129
f 118 643 114
f 118 643 642
f 118 116 641
f 118 642 641
f 118 116 641
f 46 86 85
f 46 47 86
f 46 84 85
f 46 47 84
f 46 86 87
f 46 47 86
f 46 88 87
f 46 47 88
f 46 82 81
f 46 82 47
f 46 89 88
f 46 89 47
f 46 89 90
f 46 89 47
f 46 91 90
f 46 47 91
f 46 77 45
f 46 47 77
f 46 340 45
f 46 340 45
f 46 47 340
f 46 47 1
f 46 2 45
f 46 1 2
f 46 47 1
f 46 2 45
f 46 47 2
f 46 4 45
f 46 4 47
f 46 5 4
f 46 5 4
f 46 5 6
f 46 5 47
f 46 7 6
f 46 7 47
f 211 578 214
f 211 209 214
f 211 209 578
f 211 576 574
f 211 576 209
f 211 574 214
f 211 209 574
f 211 572 214
f 211 209 572
f 211 209 210
f 211 209 567
f 211 557 558
f 211 557 558
f 211 554 212
f 211 554 210
f 211 554 210
f 582 209 214
f 582 209 214
f 582 215 214
f 582 215 214
f 582 207 209
f 582 215 579
f 582 215 585
f 582 207 205
f 582 217 579
f 582 217 585
f 582 217 585
f 582 201 111
f 582 201 112
f 582 110 111
f 582 118 116
f 360 315 314
f 360 705 707
f 360 708 707
f 360 316 315
f 360 704 705
f 360 708 709
f 360 418 361
f 360 704 418
f 360 704 418
f 360 419 418
f 360 419 418
f 360 419 420
f 360 419 420
f 360 420 703
f 360 420 361
f 360 422 361
f 360 423 422
f 360 423 424
f 360 425 424
f 360 426 425
f 273 315 314
f 273 274 315
f 273 315 318
f 273 274 315
f 273 274 270
f 273 318 75
f 273 274 318
f 273 270 471
f 273 274 276
f 273 472 471
f 273 472 274
f 273 147 75
f 273 276 147
f 273 274 482
f 273 149 147
f 273 276 149
f 273 149 272
f 273 276 272
f 273 276 149
f 312 260 263
f 312 357 356
f 312 360 361
f 312 362 361
f 277 308 307
f 277 472 471
f 277 472 276
f 277 312 276
f 303 304 268
f 303 302 268
f 303 304 257
f 303 302 257
f 303 304 281
f 303 302 281
f 303 304 257
f 303 302 257
f 303 282 304
f 303 302 282
f 303 457 304
f 303 302 457
f 303 282 304
f 303 308 304
f 303 302 308
f 303 283 282
f 303 283 302
f 303 283 302
f 303 304 452
f 303 302 452
f 303 308 304
f 303 302 308
f 303 304 451
f 303 302 451
f 303 304 367
f 303 302 367
f 303 304 451
f 303 302 451
f 303 304 368
f 303 302 368
f 303 304 368
f 303 302 368
f 303 304 370
f 303 302 370
f 303 411 447
f 303 304 447
f 303 304 411
f 303 304 411
f 303 302 411
f 303 304 370
f 303 302 370
f 303 304 409
f 303 302 409
f 303 372 304
f 303 302 372
f 303 304 409
f 303 302 409
f 303 372 304
f 303 302 372
f 303 405 382
f 303 304 405
f 303 302 383
f 303 302 382
f 303 304 375
f 303 302 375
f 303 302 404
f 303 304 380
f 303 302 380
f 303 304 377
f 303 302 377
f 303 304 380
f 303 302 380
f 303 304 377
f 303 302 377
f 303 304 379
f 303 302 379
f 298 457 297
f 298 457 299
f 298 287 297
f 298 287 288
f 298 283 299
f 298 283 287
f 298 294 297
f 298 294 299
f 298 409 297
f 298 299 409
f 298 308 294
f 298 308 294
f 298 404 297
f 298 404 299
f 298 308 297
f 298 308 299
f 298 404 403
f 298 404 299
f 298 402 403
f 298 402 299
f 298 297 367
f 298 299 367
f 298 402 297
f 298 402 299
f 298 368 297
f 298 299 368
f 298 400 297
f 298 299 400
f 298 368 297
f 298 299 368
f 298 400 297
f 298 297 370
f 298 299 370
f 298 297 370
f 298 299 370
f 298 299 373
f 298 297 375
f 298 299 375
f 298 297 377
f 298 299 377
f 298 297 377
f 298 299 377
f 298 297 379
f 298 299 379
f 298 297 380
f 298 299 380
f 298 297 390
f 298 297 380
f 298 299 380
f 298 297 389
f 298 299 389
f 298 297 382
f 298 299 382
f 298 297 387
f 298 299 387
f 298 297 383
f 298 299 383
f 298 297 387
f 298 299 387
f 298 297 383
f 298 299 383
f 298 297 385
f 298 299 385
f 298 297 385
f 298 299 385
f 261 263 317
f 261 260 317
f 261 260 263
f 261 263 320
f 261 260 320
f 261 263 320
f 261 260 320
f 261 263 321
f 261 260 321
f 261 263 73
f 261 263 73
f 261 260 73
f 261 474 263
f 261 260 81
f 261 79 146
f 261 146 148
f 261 260 146
f 261 169 168
f 261 169 258
f 261 150 148
f 261 260 150
f 261 169 170
f 261 169 258
f 261 260 258
f 261 151 150
f 261 260 151
f 261 174 170
f 261 174 258
f 261 174 258
f 261 159 262
f 261 260 159
f 261 151 262
f 261 260 151
f 261 159 262
f 261 260 159
f 261 154 262
f 261 260 154
f 261 157 262
f 261 260 157
f 261 154 262
f 261 260 154
f 261 157 156
f 261 260 157
f 261 156 262
f 261 260 156
f 78 79 47
f 78 77 73
f 78 47 73
f 78 47 77
f 78 46 47
f 78 46 79
f 78 266 73
f 78 77 266
f 78 77 266
f 78 73 265
f 78 77 265
f 78 46 77
f 78 46 79
f 78 263 73
f 78 79 263
f 78 42 79
f 78 263 262
f 78 79 263
f 78 146 262
f 78 77 146
f 78 79 146
f 78 77 146
f 78 79 146
f 78 77 140
f 78 139 77
f 78 79 139
f 78 79 135
f 80 47 48
f 80 79 47
f 80 81 48
f 80 47 81
f 80 261 81
f 80 46 47
f 80 46 79
f 80 79 73
f 80 261 73
f 80 261 79
f 80 261 79
f 80 46 81
f 80 46 79
f 80 81 146
f 80 79 146
f 80 260 81
f 80 261 260
f 80 261 260
f 80 81 140
f 80 135 81
f 80 79 135
f 80 79 134
f 80 134 132
f 80 81 134
f 80 79 132
f 80 81 131
f 80 79 131
f 80 79 121
f 80 81 131
f 80 79 131
f 80 129 81
f 80 129 128
f 80 79 128
f 80 129 81
f 80 81 128
f 80 79 128
f 38 86 87
f 38 88 87
f 38 76 37
f 38 89 88
f 38 37 74
f 38 89 37
f 38 344 37
f 38 344 341
f 38 42 341
f 38 344 37
f 38 344 342
f 38 42 342
f 38 9 37
f 38 11 12
f 38 14 12
f 38 14 37
f 38 16 37
f 250 249 96
f 250 249 150
f 250 249 156
f 250 169 166
f 250 171 169
f 250 171 174
f 250 174 173
f 162 247 166
f 162 166 150
f 162 250 249
f 162 250 249
f 162 250 163
f 162 150 156
f 162 160 156
f 162 146 150
f 162 166 146
f 162 163 146
f 162 163 166
f 162 160 157
f 162 253 157
f 162 160 157
f 412 368 411
f 412 413 368
f 412 411 367
f 412 413 367
f 412 368 411
f 412 413 411
f 412 413 368
f 412 411 365
f 412 419 365
f 412 419 418
f 412 413 418
f 412 419 420
f 412 420 421
f 412 419 466
f 412 422 421
f 412 423 422
f 412 423 424
f 412 425 424
f 412 411 425
f 412 423 424
f 412 459 425
f 412 460 424
f 412 411 460
f 412 460 459
f 412 411 460
f 412 426 459
f 412 426 411
f 412 426 411
f 406 404 375
f 406 404 405
f 406 472 471
f 406 469 471
f 374 408 409
f 374 408 409
f 374 409 375
f 374 409 373
f 374 307 375
f 374 307 373
f 374 406 375
f 374 406 373
f 374 307 375
f 374 307 373
f 374 375 371
f 374 373 371
f 374 305 375
f 374 305 373
f 374 305 304
f 374 305 304
f 374 295 296
f 374 295 296
f 374 296 297
f 374 296 297
f 374 303 304
f 374 303 304
f 374 295 294
f 374 295 294
f 374 298 297
f 374 298 373
f 374 298 297
f 374 303 302
f 374 303 302
f 374 298 299
f 374 298 299
f 374 302 301
f 374 302 373
f 374 299 375
f 374 299 373
f 374 301 375
f 374 373 301
f 699 434 436
f 699 700 436
f 699 700 434
f 699 433 434
f 699 433 700
f 699 433 432
f 699 433 700
f 699 431 432
f 699 700 431
f 699 430 431
f 699 700 430
f 699 700 430
f 699 697 430
f 699 697 430
f 699 700 428
f 699 697 428
f 699 700 428
f 699 697 428
f 699 700 426
f 699 696 697
f 699 426 696
f 699 697 706
f 699 700 426
f 699 426 696
f 699 702 706
f 699 702 700
f 699 702 700
f 699 700 425
f 699 696 425
f 699 696 697
f 699 705 706
f 699 700 705
f 699 700 705
f 699 700 423
f 699 696 423
f 699 707 706
f 699 696 707
f 699 700 423
f 699 696 423
f 699 693 696
f 699 693 696
f 699 652 651
f 699 696 652
f 699 696 422
f 699 700 422
f 699 652 707
f 699 417 651
f 699 700 420
f 699 685 652
f 699 685 693
f 699 685 693
f 699 417 418
f 699 417 651
f 699 651 420
f 699 696 651
f 699 419 651
f 699 700 419
f 699 419 418
f 699 700 419
f 699 419 651
f 10 9 652
f 10 11 652
f 10 9 651
f 10 11 651
f 10 38 9
f 10 38 11
f 10 9 37
f 10 36 37
f 10 36 11
f 10 36 11
f 10 9 344
f 10 11 344
f 10 353 11
f 352 12 20
f 352 353 12
f 352 353 20
f 352 11 12
f 352 353 11
f 352 310 351
f 352 353 310
f 352 10 11
f 352 10 353
f 352 10 9
f 352 10 353
f 352 353 314
f 352 7 6
f 352 7 353
f 352 319 351
f 352 353 319
f 352 5 6
f 352 5 353
f 352 320 319
f 352 353 320
f 352 5 4
f 352 5 4
f 352 320 351
f 352 353 320
f 352 4 351
f 352 4 353
f 352 322 351
f 352 353 322
f 352 351 2
f 352 353 2
f 352 325 322
f 352 351 1
f 352 353 1
f 352 325 326
f 352 325 353
f 352 323 353
f 352 325 323
f 352 325 323
f 352 351 1
f 352 353 1
f 352 327 326
f 352 327 353
f 352 351 728
f 352 353 728
f 352 327 328
f 352 327 353
f 352 351 728
f 352 353 728
f 352 353 328
f 352 351 727
f 352 353 727
f 352 351 445
f 352 353 445
f 352 351 722
f 352 353 722
f 352 721 351
f 352 353 721
f 352 721 351
f 352 353 721
f 352 719 351
f 352 353 719
f 352 440 351
f 352 440 353
f 352 719 718
f 352 353 719
f 352 437 351
f 352 353 437
f 352 717 718
f 352 353 717
f 352 437 351
f 352 353 437
f 352 717 351
f 352 353 717
f 352 434 351
f 352 353 434
f 352 351 713
f 352 353 713
f 352 433 434
f 352 433 353
f 352 351 713
f 352 353 713
f 352 433 353
f 352 351 712
f 352 353 712
f 352 433 431
f 352 351 710
f 352 353 710
f 352 700 351
f 352 700 431
f 352 702 351
f 352 702 353
f 352 430 431
f 352 353 430
f 352 353 430
f 352 700 431
f 352 433 700
f 352 433 700
f 352 351 710
f 352 353 710
f 352 702 351
f 352 702 353
f 352 351 708
f 352 353 708
f 352 704 351
f 352 353 704
f 352 351 708
f 352 353 708
f 352 704 705
f 352 353 704
f 352 353 705
f 352 351 707
f 352 705 707
f 352 705 351
f 355 728 727
f 355 727 723
f 355 722 723
f 355 312 356
f 355 721 722
f 355 721 720
f 355 356 314
f 355 719 720
f 355 719 356
f 355 356 319
f 355 356 320
f 355 719 356
f 355 356 320
f 355 717 356
f 355 356 322
f 355 717 356
f 355 323 356
f 355 356 713
f 355 323 324
f 355 356 713
f 355 356 712
f 355 324 356
f 355 327 324
f 355 356 710
f 355 327 328
f 355 356 710
f 355 356 445
f 355 356 708
f 355 356 708
f 355 356 705
f 355 356 704
f 355 440 356
f 355 356 704
f 355 437 356
f 355 702 356
f 355 437 356
f 355 434 356
f 355 702 426
f 355 702 426
f 355 433 434
f 355 426 701
f 355 426 356
f 355 428 356
f 355 433 356
f 355 428 356
f 355 430 356
f 355 430 356
f 350 12 20
f 350 11 12
f 350 10 11
f 350 10 9
f 350 7 6
f 350 5 6
f 350 5 4
f 350 4 351
f 350 351 2
f 350 319 351
f 350 351 1
f 350 320 319
f 350 351 1
f 350 320 351
f 350 351 728
f 350 351 728
f 350 322 351
f 350 325 322
f 350 325 322
f 350 325 326
f 350 351 727
f 350 327 326
f 350 351 722
f 350 327 328
f 350 721 351
f 350 721 351
f 350 719 351
f 350 719 718
f 350 351 445
f 350 717 718
f 350 717 351
f 350 714 351
f 350 714 351
f 350 440 351
f 350 351 713
f 350 437 351
f 350 351 712
f 350 437 351
f 350 351 710
f 350 351 710
f 350 434 351
f 350 700 434
f 350 700 351
f 350 351 708
f 350 433 434
f 350 433 700
f 350 433 700
f 350 702 351
f 350 351 708
f 350 702 351
f 350 351 707
f 350 704 351
f 350 705 351
f 350 704 705
f 346 343 445
f 346 702 704
f 233 187 185
f 233 194 192
f 233 194 196
f 233 199 236
f 233 201 236
f 233 201 236
f 233 236 206
f 233 236 206
f 233 236 212
f 238 187 236
f 238 188 187
f 238 188 236
f 238 192 236
f 238 236 193
f 238 199 236
f 238 201 236
f 238 201 236
f 238 236 210
f 238 236 210
f 238 236 220
f 238 236 206
f 238 236 206
f 683 685 635
f 683 631 633
f 683 631 633
f 683 631 630
f 683 628 630
f 683 722 724
f 683 721 722
f 683 721 722
f 683 721 720
f 683 719 720
f 683 719 718
f 683 685 718
f 683 685 719
f 677 616 615
f 677 615 614
f 677 613 614
f 677 613 612
f 677 69 65
f 677 69 728
f 677 64 63
f 677 64 65
f 677 64 1
f 677 63 1
f 462 222 585
f 462 463 222
f 462 585 461
f 462 463 585
f 462 223 222
f 462 463 223
f 462 593 461
f 462 463 593
f 462 223 461
f 462 463 223
f 462 593 597
f 462 463 593
f 462 600 597
f 462 463 600
f 462 604 600
f 462 604 463
f 462 229 232
f 462 463 229
f 462 604 606
f 462 604 463
f 462 463 458
f 462 609 458
f 462 609 463
f 462 249 247
f 462 463 249
f 462 257 253
f 462 463 257
f 462 257 259
f 462 463 257
f 462 268 259
f 462 463 268
f 462 283 461
f 462 283 463
f 462 283 287
f 462 287 463
f 462 283 288
f 462 283 287
f 462 288 461
f 462 463 288
f 462 290 461
f 462 290 463
f 462 408 405
f 462 408 409
f 462 409 410
f 462 411 410
f 465 466 593
f 465 463 593
f 465 463 466
f 465 466 585
f 465 463 585
f 465 466 585
f 465 463 585
f 465 222 466
f 465 463 222
f 465 223 222
f 465 463 223
f 465 223 466
f 465 463 223
f 465 229 232
f 465 463 229
f 465 249 247
f 465 257 253
f 465 257 466
f 465 466 268
f 465 270 466
f 465 281 466
f 465 282 281
f 465 282 281
f 465 283 282
f 465 287 466
f 465 466 285
f 465 283 285
f 465 283 466
f 465 287 288
f 465 288 466
f 465 290 466
f 465 404 405
f 465 404 403
f 465 290 403
f 465 290 404
f 465 408 409
f 465 409 466
f 465 411 466
f 465 412 411
f 465 423 466
f 465 466 422
f 465 423 466
f 465 466 420
f 465 412 420
f 465 412 466
f 465 425 466
f 465 426 425
f 465 426 466
f 465 428 466
f 465 428 429
f 465 431 429
f 465 431 466
f 465 435 466
f 465 435 466
f 465 441 466
f 465 463 459
f 465 443 441
f 465 443 466
f 465 448 466
f 465 466 452
f 465 448 466
f 467 578 466
f 467 466 585
f 467 466 585
f 467 466 593
f 467 223 222
f 467 466 593
f 467 223 466
f 467 600 466
f 467 604 600
f 467 604 606
f 467 229 232
f 467 463 459
f 467 249 247
f 467 466 452
f 467 257 253
f 467 257 466
f 467 448 466
f 467 448 466
f 467 443 441
f 467 441 466
f 467 466 259
f 467 263 259
f 467 443 466
f 467 435 466
f 467 466 268
f 467 435 466
f 467 270 466
f 467 431 466
f 467 274 270
f 467 431 429
f 467 428 429
f 467 428 466
f 467 426 466
f 467 281 466
f 467 280 281
f 467 426 425
f 467 282 281
f 467 425 466
f 467 283 282
f 467 423 466
f 467 283 466
f 467 423 466
f 467 466 285
f 467 466 422
f 467 287 466
f 467 466 420
f 467 287 288
f 467 419 466
f 467 288 466
f 467 412 419
f 467 412 419
f 467 403 466
f 467 402 403
f 467 412 413
f 467 404 403
f 467 412 411
f 467 404 405
f 467 411 466
f 467 409 466
f 467 408 409
f 470 474 585
f 470 469 585
f 470 474 578
f 470 469 578
f 470 474 585
f 470 469 585
f 470 474 572
f 470 474 593
f 470 469 593
f 470 469 572
f 470 474 593
f 470 469 593
f 470 472 474
f 470 474 600
f 470 469 600
f 470 457 474
f 470 469 457
f 470 604 474
f 470 604 469
f 470 469 463
f 470 604 474
f 470 604 469
f 470 221 472
f 470 469 223
f 470 609 474
f 470 609 463
f 470 472 223
f 470 472 223
f 470 223 471
f 470 469 223
f 470 469 229
f 470 249 247
f 470 469 249
f 470 471 257
f 470 469 257
f 470 471 257
f 470 469 257
f 470 263 471
f 470 469 263
f 470 263 471
f 470 469 263
f 470 471 268
f 470 469 268
f 470 270 471
f 470 469 270
f 470 273 270
f 470 273 469
f 470 273 274
f 470 273 469
f 470 277 471
f 470 277 469
f 470 280 471
f 470 469 280
f 470 280 471
f 470 469 280
f 470 282 471
f 470 469 282
f 470 283 282
f 470 283 469
f 470 469 471
f 470 283 471
f 470 283 469
f 569 192 193
f 569 174 175
f 569 175 149
f 569 174 149
f 569 174 158
f 569 134 137
f 569 134 641
f 634 433 434
f 634 433 434
f 634 635 632
f 634 433 632
f 634 433 635
f 634 633 632
f 634 434 435
f 634 633 435
f 634 434 635
f 634 108 632
f 634 635 108
f 634 635 106
f 634 633 106
f 634 685 635
f 634 108 632
f 634 635 106
f 634 633 106
f 634 685 435
f 634 633 435
f 634 633 685
f 634 683 685
f 634 683 633
f 634 591 632
f 634 591 635
f 634 591 108
f 634 591 635
f 634 635 104
f 634 633 104
f 634 683 635
f 634 683 633
f 634 635 102
f 634 633 102
f 634 635 681
f 634 633 681
f 634 667 635
f 634 667 633
f 684 686 719
f 684 686 685
f 684 683 719
f 684 683 685
f 684 683 721
f 684 721 687
f 684 686 687
f 684 683 721
f 684 721 687
f 684 687 724
f 684 687 71
f 684 725 724
f 684 683 725
f 684 683 725
f 684 683 71
f 684 686 628
f 684 686 625
f 684 683 625
f 684 686 625
f 684 683 625
f 684 628 685
f 684 683 628
f 684 687 71
f 684 683 71
f 684 631 685
f 684 683 631
f 684 683 631
f 684 606 687
f 684 616 615
f 684 686 687
f 684 606 612
f 684 606 687
f 684 615 614
f 684 613 687
f 684 613 614
f 653 636 637
f 653 637 102
f 653 636 635
f 653 103 102
f 653 634 635
f 653 103 102
f 653 634 633
f 653 104 638
f 653 103 104
f 653 103 104
f 653 102 652
f 653 633 102
f 653 100 652
f 653 100 102
f 653 100 99
f 653 31 99
f 653 31 30
f 611 618 621
f 611 615 618
f 611 615 535
f 611 615 614
f 611 616 615
f 611 533 614
f 611 528 613
f 611 613 526
f 611 613 523
f 611 518 523
f 611 613 518
f 611 613 612
f 611 612 518
f 611 612 517
f 611 612 515
f 611 612 514
f 611 612 514
f 611 512 612
f 611 506 512
f 611 506 512
f 658 662 661
f 658 662 661
f 658 667 623
f 658 660 661
f 658 667 625
f 658 667 625
f 658 96 660
f 658 667 633
f 658 47 660
f 658 47 96
f 658 49 660
f 658 49 96
f 658 49 50
f 658 49 96
f 658 50 660
f 658 96 50
f 658 52 660
f 658 52 96
f 658 52 96
f 658 30 659
f 658 27 659
f 658 27 26
f 658 26 25
f 62 667 63
f 62 677 63
f 62 63 69
f 62 1 2
f 62 63 1
f 62 70 61
f 62 63 70
f 62 1 729
f 62 63 1
f 62 96 61
f 62 96 63
f 62 728 729
f 62 63 728
f 62 728 727
f 62 63 728
f 62 726 727
f 62 63 726
f 62 91 90
f 62 63 91
f 62 725 726
f 62 63 725
f 62 73 90
f 62 63 73
f 62 725 724
f 62 63 725
f 62 722 724
f 62 721 722
f 62 721 722
f 62 63 721
f 62 718 338
f 62 721 720
f 62 63 721
f 62 719 718
f 62 63 719
f 62 717 718
f 62 63 717
f 62 63 717
f 62 719 720
f 62 63 719
f 13 49 667
f 13 47 48
f 13 49 667
f 13 49 48
f 13 49 50
f 13 50 9
f 13 10 667
f 13 52 9
f 13 38 14
f 13 14 12
f 83 82 48
f 83 82 84
f 83 49 48
f 83 49 84
f 83 49 84
f 83 47 84
f 83 82 47
f 83 46 47
f 83 46 82
f 83 46 84
f 83 46 82
f 83 42 84
f 83 42 86
f 83 80 42
f 83 38 76
f 83 38 86
f 83 86 111
f 83 79 111
f 83 80 79
f 83 76 108
f 83 86 108
f 83 86 76
f 83 76 110
f 83 86 110
f 83 76 37
f 83 86 37
f 83 86 76
f 83 86 110
f 83 118 86
f 83 76 110
f 83 79 76
f 83 80 121
f 83 86 85
f 83 121 85
f 83 84 85
f 83 81 128
f 83 129 128
f 83 129 81
f 83 82 129
f 83 129 84
f 83 82 135
f 83 129 132
f 83 82 132
f 83 82 129
f 83 84 140
f 83 82 140
f 83 84 146
f 83 82 146
f 83 84 257
f 83 82 257
f 83 82 84
f 43 42 91
f 43 89 42
f 43 89 42
f 43 42 88
f 43 46 47
f 43 658 47
f 43 658 47
f 43 660 48
f 43 47 660
f 43 48 662
f 43 667 14
f 43 13 47
f 43 13 667
f 43 13 667
f 43 46 47
f 43 13 47
f 43 13 10
f 43 10 42
f 43 13 10
f 602 622 623
f 602 625 623
f 602 598 625
f 602 599 598
f 602 622 624
f 602 598 624
f 602 611 618
f 602 611 621
f 602 545 546
f 602 594 621
f 602 598 594
f 602 598 546
f 602 594 555
f 602 598 594
f 602 552 555
f 602 598 552
f 602 552 547
f 602 548 552
f 602 548 598
f 602 548 598
f 620 602 622
f 620 684 687
f 620 604 606
f 620 602 622
f 620 447 687
f 620 689 447
f 620 689 687
f 620 622 623
f 620 447 623
f 620 689 447
f 620 622 445
f 620 447 446
f 620 667 623
f 620 443 622
f 620 443 622
f 608 609 616
f 608 609 457
f 608 609 457
f 608 609 458
f 608 462 609
f 608 462 609
f 608 470 469
f 608 470 609
f 608 470 609
f 608 609 518
f 608 609 506
f 478 440 441
f 478 437 435
f 291 294 379
f 291 290 379
f 291 294 380
f 291 290 380
f 291 294 380
f 291 290 380
f 291 294 382
f 291 290 382
f 291 294 383
f 291 290 383
f 291 294 383
f 291 290 383
f 291 290 385
f 291 290 385
f 291 290 387
f 291 290 387
f 291 290 389
f 291 290 390
f 291 290 390
f 291 290 392
f 291 290 392
f 291 290 395
f 291 290 396
f 291 290 398
f 291 290 398
f 291 290 400
f 291 290 400
f 291 290 402
f 291 290 402
f 291 290 404
f 291 462 290
f 291 462 290
f 291 283 290
f 291 295 290
f 291 295 290
f 138 176 177
f 138 178 177
f 138 178 177
f 138 139 137
f 138 178 137
f 138 178 139
f 138 176 140
f 138 176 139
f 138 174 140
f 138 174 173
f 138 174 173
f 138 80 81
f 138 79 139
f 138 80 79
f 138 173 140
f 138 82 81
f 138 78 79
f 138 78 79
f 138 166 140
f 138 83 82
f 138 78 77
f 138 78 139
f 138 166 140
f 138 83 84
f 138 76 77
f 138 76 139
f 138 76 139
f 138 84 140
f 138 84 85
f 138 86 87
f 138 86 85
f 538 193 535
f 538 199 200
f 538 535 641
f 538 201 200
f 538 535 640
f 538 201 535
f 538 206 535
f 538 510 206
f 538 608 609
f 538 535 512
f 538 206 512
f 538 535 512
f 538 206 512
f 538 206 513
f 538 530 513
f 538 530 535
f 538 530 206
f 538 530 206
f 179 178 137
f 179 135 134
f 179 178 135
f 179 178 129
f 179 178 129
f 136 178 177
f 136 138 177
f 136 179 178
f 136 179 178
f 136 178 177
f 136 178 135
f 136 138 176
f 136 135 137
f 136 179 137
f 136 179 135
f 136 176 177
f 136 80 135
f 136 138 80
f 136 82 135
f 136 138 82
f 136 80 79
f 136 138 79
f 136 138 80
f 136 83 82
f 136 138 83
f 136 138 173
f 136 176 173
f 136 138 173
f 136 138 176
f 136 78 79
f 136 78 79
f 136 138 83
f 136 173 166
f 136 138 166
f 136 78 77
f 136 78 135
f 136 83 84
f 136 83 135
f 136 138 84
f 136 173 166
f 136 135 173
f 136 76 77
f 136 135 76
f 136 135 76
f 136 84 85
f 136 138 86
f 136 129 166
f 136 129 166
f 136 138 166
f 136 129 85
f 136 86 129
f 136 138 86
f 136 88 129
f 136 88 129
f 136 86 129
f 136 91 90
f 136 129 91
f 136 88 87
f 136 138 87
f 136 88 90
f 142 171 140
f 142 171 174
f 142 171 174
f 142 174 140
f 142 174 143
f 142 174 144
f 142 78 79
f 142 78 140
f 142 78 79
f 142 80 140
f 142 80 79
f 142 80 79
f 142 77 144
f 142 78 77
f 142 78 77
f 142 76 77
f 142 76 77
f 142 143 141
f 142 76 141
f 142 76 143
f 191 574 189
f 191 192 189
f 191 192 574
f 191 576 192
f 191 192 121
f 191 192 121
f 191 238 192
f 191 238 192
f 191 233 194
f 186 560 558
f 186 558 189
f 186 560 189
f 186 189 262
f 186 188 189
f 186 188 571
f 186 188 574
f 186 574 132
f 186 574 131
f 186 238 187
f 186 574 131
f 186 129 185
f 186 187 129
f 186 188 129
f 186 188 187
f 198 560 199
f 198 199 558
f 198 560 558
f 198 558 555
f 198 199 552
f 198 196 563
f 198 560 563
f 198 552 555
f 198 199 552
f 198 552 547
f 198 233 196
f 198 233 199
f 198 238 199
f 198 236 196
f 198 238 236
f 198 538 535
f 198 538 199
f 198 533 535
f 198 533 199
f 198 572 571
f 198 199 572
f 198 533 530
f 198 533 199
f 198 572 197
f 198 199 572
f 198 530 195
f 198 199 530
f 198 574 197
f 198 199 574
f 198 199 525
f 198 576 199
f 198 521 525
f 198 199 525
f 198 262 195
f 198 199 262
f 198 199 519
f 561 199 200
f 561 560 199
f 561 201 200
f 561 560 201
f 561 198 199
f 561 198 560
f 561 198 560
f 561 201 563
f 561 560 201
f 561 560 206
f 561 207 560
f 561 207 560
f 561 560 209
f 561 560 209
f 561 211 560
f 561 586 560
f 561 586 560
f 203 560 558
f 203 558 202
f 203 561 560
f 203 552 202
f 203 561 563
f 203 552 547
f 203 538 535
f 203 533 535
f 203 533 530
f 203 572 571
f 203 530 202
f 203 572 202
f 203 202 527
f 203 574 202
f 203 202 519
f 203 576 574
f 203 202 515
f 203 514 515
f 203 514 202
f 203 514 202
f 203 578 579
f 203 512 202
f 203 512 511
f 203 510 511
f 203 582 110
f 203 110 585
f 203 207 110
f 203 214 110
f 203 207 214
f 203 215 214
f 203 223 202
f 203 223 220
f 203 223 220
f 203 215 216
f 203 215 214
f 203 207 214
f 203 218 220
f 203 217 218
f 203 217 218
f 203 217 216
f 203 207 220
f 203 217 220
f 203 202 262
f 203 233 236
f 203 238 236
f 183 182 132
f 183 182 129
f 183 185 120
f 183 238 236
f 183 233 185
f 183 223 185
f 183 223 185
f 115 183 185
f 115 183 223
f 115 112 197
f 115 223 222
f 115 229 232
f 115 183 223
f 115 194 196
f 115 223 111
f 115 199 197
f 115 200 112
f 115 199 200
f 115 247 166
f 115 229 110
f 115 229 232
f 115 199 200
f 115 249 247
f 115 249 150
f 115 249 247
f 115 249 96
f 115 96 150
f 115 582 116
f 115 89 116
f 115 247 104
f 115 249 96
f 115 243 108
f 115 112 93
f 115 96 110
f 115 96 108
f 115 106 104
f 115 106 104
f 115 96 104
f 115 96 108
f 231 187 185
f 231 187 229
f 231 183 185
f 231 183 229
f 231 183 229
f 231 191 233
f 231 233 194
f 231 233 196
f 231 233 474
f 231 472 232
f 231 472 229
f 231 470 232
f 231 470 229
f 231 470 229
f 577 576 580
f 577 578 580
f 577 578 121
f 577 572 578
f 577 576 572
f 577 192 121
f 577 576 572
f 577 192 121
f 577 576 192
f 577 194 192
f 577 576 192
f 577 470 572
f 577 470 572
f 577 194 192
f 577 194 576
f 577 470 469
f 577 470 469
f 577 217 218
f 577 217 218
f 577 194 578
f 577 576 216
f 577 217 216
f 577 217 578
f 577 578 196
f 577 576 196
f 577 576 196
f 577 194 196
f 577 194 576
f 577 215 578
f 577 215 576
f 577 199 578
f 577 576 199
f 577 215 578
f 577 215 576
f 577 199 578
f 577 576 199
f 577 211 578
f 577 211 576
f 577 201 578
f 577 576 201
f 577 211 209
f 577 211 576
f 577 201 578
f 577 576 201
f 577 207 209
f 577 207 576
f 577 203 578
f 577 203 576
f 577 207 578
f 577 207 576
f 575 192 574
f 575 576 192
f 575 194 574
f 575 194 576
f 575 191 192
f 575 191 576
f 575 194 574
f 575 194 576
f 575 191 574
f 575 574 196
f 575 576 196
f 575 574 196
f 575 576 196
f 575 128 189
f 575 198 574
f 575 198 576
f 575 128 127
f 575 129 128
f 575 198 199
f 575 198 576
f 575 128 131
f 575 188 574
f 575 188 129
f 575 129 128
f 575 571 641
f 575 580 641
f 575 576 580
f 575 199 574
f 575 576 199
f 575 571 131
f 575 574 571
f 575 128 131
f 575 574 131
f 575 188 129
f 575 586 580
f 575 201 574
f 575 576 201
f 575 186 574
f 575 186 188
f 575 186 188
f 575 571 563
f 575 586 563
f 575 201 574
f 575 576 574
f 575 576 201
f 575 576 572
f 575 586 584
f 575 574 571
f 575 572 571
f 575 576 574
f 575 576 572
f 575 586 567
f 549 551 598
f 549 548 598
f 549 548 551
f 549 551 598
f 549 548 598
f 549 546 596
f 549 598 596
f 549 598 546
f 549 548 498
f 549 551 210
f 549 548 210
f 549 548 551
f 532 518 517
f 532 518 515
f 532 518 514
f 532 533 514
f 532 518 514
f 532 533 514
f 532 506 518
f 532 506 512
f 532 512 518
f 532 506 512
f 532 604 506
f 532 611 533
f 529 528 518
f 529 528 530
f 529 532 518
f 529 530 518
f 529 528 526
f 529 611 530
f 529 609 526
f 529 608 609
f 529 532 606
f 529 532 608
f 529 611 528
f 529 530 615
f 529 528 615
f 529 528 613
f 529 611 613
f 529 611 528
f 529 530 615
f 529 528 615
f 529 528 530
f 507 502 420
f 507 502 422
f 507 502 419
f 507 502 423
f 507 502 419
f 507 502 423
f 507 502 417
f 507 502 425
f 507 502 417
f 507 502 426
f 507 502 416
f 507 502 426
f 507 502 428
f 507 502 428
f 507 506 437
f 507 506 437
f 507 502 206
f 507 502 206
f 165 164 166
f 165 167 166
f 165 164 146
f 165 164 166
f 165 167 166
f 165 168 146
f 165 167 168
f 165 163 164
f 165 168 148
f 165 162 163
f 165 162 163
f 165 261 262
f 165 261 168
f 165 262 264
f 165 167 258
f 165 261 258
f 165 150 148
f 165 162 150
f 165 162 150
f 165 266 264
f 165 168 266
f 165 168 262
f 165 163 258
f 165 261 258
f 165 266 269
f 165 168 266
f 113 586 584
f 113 586 584
f 113 112 114
f 113 586 114
f 113 586 112
f 113 115 582
f 113 89 112
f 113 115 89
f 113 89 112
f 113 115 89
f 113 201 200
f 113 115 200
f 68 327 69
f 68 327 328
f 68 327 328
f 68 69 73
f 68 67 69
f 68 73 90
f 68 67 73
f 68 91 90
f 68 67 91
f 334 62 73
f 334 343 338
f 329 327 73
f 329 327 328
f 329 73 330
f 329 68 328
f 329 327 326
f 329 67 73
f 329 68 67
f 329 68 67
f 329 68 69
f 329 68 328
f 329 325 326
f 329 69 330
f 329 328 69
f 329 325 318
f 329 71 330
f 329 328 71
f 329 325 344
f 329 325 348
f 329 71 330
f 329 328 330
f 329 328 71
f 234 328 232
f 234 327 328
f 234 327 328
f 234 327 232
f 234 323 324
f 234 323 232
f 234 232 106
f 234 467 232
f 234 323 322
f 234 323 232
f 234 232 106
f 234 470 469
f 234 465 232
f 234 322 239
f 234 232 322
f 234 232 108
f 234 470 232
f 234 465 463
f 234 320 239
f 234 232 108
f 234 472 232
f 234 462 463
f 234 462 463
f 234 317 320
f 234 232 317
f 234 317 320
f 234 232 110
f 234 462 239
f 234 462 232
f 234 232 317
f 234 115 232
f 234 460 239
f 234 232 460
f 234 316 239
f 234 316 317
f 234 316 317
f 234 460 239
f 234 232 460
f 234 115 173
f 234 115 232
f 234 183 233
f 234 183 233
f 234 233 187
f 339 49 50
f 339 50 51
f 339 50 51
f 339 49 48
f 339 50 338
f 339 49 50
f 339 53 51
f 339 53 51
f 339 49 48
f 339 344 338
f 339 340 344
f 339 340 344
f 339 47 48
f 339 47 48
f 339 340 722
f 339 725 340
f 339 53 725
f 339 53 725
f 339 46 340
f 339 46 47
f 339 46 47
f 339 721 340
f 339 721 340
f 339 719 338
f 339 719 340
f 339 719 718
f 339 719 718
f 339 717 718
f 339 717 718
f 339 717 338
f 339 717 340
f 339 715 338
f 339 715 340
f 339 715 714
f 339 715 714
f 339 714 713
f 339 714 340
f 339 713 338
f 339 340 713
f 339 340 712
f 339 340 710
f 339 340 710
f 339 340 708
f 339 340 708
f 339 705 340
f 339 704 705
f 339 702 704
f 339 702 340
f 339 340 701
f 98 33 99
f 98 97 33
f 98 100 99
f 98 97 100
f 98 100 99
f 98 97 100
f 98 97 101
f 98 104 101
f 98 99 104
f 98 97 104
f 98 97 96
f 98 96 99
f 98 658 96
f 98 658 97
f 98 102 99
f 98 96 102
f 98 96 102
f 57 52 96
f 57 662 661
f 57 52 661
f 57 52 662
f 57 5 6
f 57 339 721
f 8 52 9
f 8 52 7
f 8 50 9
f 8 7 50
f 8 52 9
f 8 52 7
f 8 49 50
f 8 49 7
f 8 49 48
f 8 49 7
f 8 47 48
f 8 7 47
f 8 46 47
f 8 46 7
f 8 9 652
f 8 7 652
f 8 46 7
f 8 9 651
f 8 7 651
f 8 43 7
f 8 43 46
f 8 43 46
f 8 43 42
f 8 42 7
f 8 9 344
f 8 7 344
f 8 38 9
f 8 38 42
f 8 38 42
f 8 350 9
f 8 350 7
f 8 352 9
f 8 352 7
f 8 352 353
f 8 352 7
f 34 97 35
f 34 36 35
f 34 97 96
f 34 36 96
f 34 97 35
f 34 38 96
f 34 98 97
f 34 658 660
f 34 36 16
f 34 38 16
f 501 502 546
f 501 502 548
f 501 502 548
f 501 502 210
f 501 502 206
f 501 502 437
f 501 502 437
f 501 502 434
f 501 502 434
f 501 502 431
f 501 502 431
f 501 502 428
f 501 502 428
f 501 502 426
f 501 502 426
f 501 502 425
f 501 502 423
f 501 502 416
f 501 502 423
f 501 502 417
f 501 502 422
f 501 502 417
f 501 502 420
f 501 502 419
f 501 502 419
f 484 490 612
f 484 490 452
f 484 608 490
f 484 561 215
f 484 217 218
f 496 611 490
f 496 490 447
f 496 490 447
f 496 608 490
f 496 490 446
f 496 490 604
f 496 490 539
f 496 490 545
f 496 490 546
f 496 549 546
f 496 551 552
f 496 210 552
f 496 211 210
f 213 215 214
f 213 220 212
f 213 215 220
f 213 207 220
f 213 207 209
f 213 211 209
f 213 211 209
f 213 207 214
f 213 207 209
f 213 569 211
f 473 474 452
f 473 472 452
f 473 472 474
f 473 472 448
f 473 472 448
f 473 472 446
f 473 443 472
f 473 443 472
f 473 472 441
f 473 472 435
f 473 472 435
f 473 472 431
f 473 472 431
f 473 472 428
f 473 472 428
f 473 472 426
f 473 472 426
f 473 472 425
f 473 472 423
f 473 472 423
f 473 472 422
f 473 472 420
f 473 472 419
f 473 472 419
f 473 472 417
f 473 472 417
f 473 472 416
f 473 472 414
f 473 406 472
f 473 406 404
f 473 472 404
f 473 472 404
f 473 406 404
f 473 406 472
f 473 472 402
f 473 472 402
f 473 472 400
f 473 400 399
f 473 472 400
f 473 399 285
f 473 472 285
f 473 472 284
f 473 472 283
f 473 283 282
f 473 472 283
f 473 472 282
f 473 472 280
f 473 472 280
f 473 472 279
f 473 277 472
f 473 277 472
f 473 273 274
f 473 273 472
f 473 273 474
f 473 273 472
f 473 474 271
f 473 270 271
f 473 472 270
f 473 270 474
f 473 472 270
f 473 474 268
f 473 270 268
f 473 270 474
f 473 474 267
f 473 472 267
f 473 472 267
f 473 267 266
f 473 474 266
f 473 474 267
f 473 474 263
f 473 472 263
f 473 261 474
f 473 472 260
f 473 261 260
f 473 261 260
f 473 260 474
f 473 472 260
f 473 474 257
f 473 472 257
f 473 472 257
f 473 257 253
f 473 474 253
f 473 256 257
f 473 256 474
f 473 256 474
f 473 472 249
f 473 243 474
f 473 238 474
f 473 234 233
f 473 233 474
f 473 234 472
f 473 234 233
f 473 231 474
f 473 231 472
f 473 231 472
f 473 223 474
f 473 472 223
f 473 223 474
f 473 472 474
f 473 472 223
f 559 560 206
f 559 207 206
f 559 207 560
f 559 207 558
f 559 207 560
f 559 209 558
f 559 560 209
f 559 209 558
f 559 560 209
f 559 211 558
f 559 211 560
f 559 211 558
f 559 561 211
f 559 561 211
f 559 557 558
f 559 213 557
f 559 213 561
f 559 213 557
f 559 213 561
f 559 561 560
f 559 560 591
f 559 560 588
f 559 557 591
f 559 588 591
f 92 89 37
f 92 89 36
f 92 36 93
f 92 36 35
f 92 89 36
f 92 38 37
f 92 38 93
f 92 110 93
f 92 89 110
f 92 108 93
f 92 89 108
f 92 35 33
f 92 89 35
f 92 110 93
f 92 89 111
f 92 89 110
f 92 108 93
f 92 89 108
f 92 33 93
f 92 89 33
f 92 112 111
f 92 112 93
f 92 43 42
f 92 93 107
f 92 89 107
f 92 93 101
f 92 89 101
f 92 113 112
f 92 115 112
f 92 43 93
f 92 43 91
f 92 115 91
f 92 113 115
f 92 113 115
f 92 46 93
f 92 46 91
f 92 46 47
f 92 46 47
f 92 47 48
f 92 47 91
f 92 49 48
f 92 49 91
f 92 49 50
f 92 49 50
f 92 50 93
f 92 50 91
f 92 52 93
f 92 52 91
f 92 62 93
f 92 62 91
f 92 62 63
f 92 62 63
f 92 64 91
f 92 64 63
f 92 64 63
f 119 86 87
f 119 118 86
f 119 88 87
f 119 118 88
f 119 83 86
f 119 83 118
f 119 88 120
f 119 83 118
f 119 166 120
f 119 88 129
f 119 83 79
f 119 83 79
f 119 129 166
f 119 118 129
f 119 173 166
f 119 118 173
f 119 89 88
f 119 118 89
f 119 118 89
f 119 648 114
f 119 120 114
f 119 120 648
f 119 648 114
f 119 118 114
f 119 120 648
f 119 79 76
f 119 79 76
f 119 120 647
f 119 118 647
f 119 120 114
f 119 76 114
f 119 76 120
f 119 120 644
f 119 118 644
f 119 183 185
f 119 183 118
f 119 643 120
f 119 118 643
f 119 187 185
f 119 118 187
f 119 643 120
f 119 118 643
f 119 120 642
f 119 118 642
f 119 191 192
f 119 191 118
f 119 118 641
f 119 194 192
f 119 118 194
f 119 580 641
f 119 580 120
f 119 118 194
f 119 578 580
f 119 577 578
f 119 577 194
f 119 577 194
f 119 578 580
f 119 118 580
f 119 118 578
f 117 129 91
f 117 118 129
f 117 115 91
f 117 118 89
f 117 115 89
f 117 136 129
f 117 115 89
f 117 136 91
f 117 136 129
f 117 129 150
f 117 115 150
f 117 89 88
f 117 118 89
f 117 115 96
f 117 129 150
f 117 115 150
f 117 88 87
f 117 118 88
f 117 115 191
f 117 129 166
f 117 118 129
f 117 115 166
f 117 86 87
f 117 118 86
f 117 118 86
f 117 118 194
f 117 191 194
f 117 191 118
f 117 115 194
f 117 118 187
f 117 115 187
f 117 118 173
f 117 115 173
f 117 194 578
f 117 118 194
f 117 115 196
f 117 183 118
f 117 115 183
f 117 196 197
f 117 118 580
f 117 578 196
f 117 118 578
f 117 115 197
f 117 115 580
f 117 115 580
f 556 211 210
f 556 211 557
f 556 209 210
f 556 557 209
f 556 211 212
f 556 211 557
f 556 209 555
f 556 557 555
f 556 557 209
f 556 213 557
f 556 213 490
f 556 213 490
f 556 490 554
f 556 554 594
f 556 557 594
f 556 557 591
f 556 591 553
f 556 554 553
f 556 591 590
f 556 590 553
f 556 559 591
f 556 559 557
f 556 588 590
f 556 559 588
f 556 585 553
f 556 587 585
f 556 559 587
f 556 587 588
f 556 559 587
f 581 207 209
f 581 582 209
f 581 582 207
f 581 207 205
f 581 582 207
f 581 203 579
f 581 203 582
f 581 201 579
f 581 582 201
f 581 201 200
f 581 113 201
f 581 113 115
f 581 582 201
f 581 113 201
f 581 113 582
f 581 115 200
f 581 113 115
f 581 115 580
f 581 115 580
f 581 115 582
f 581 572 580
f 581 117 580
f 581 582 118
f 581 117 118
f 581 117 118
f 581 582 118
f 581 119 580
f 581 119 118
f 581 119 118
f 581 584 580
f 581 582 584
f 359 360 703
f 359 360 422
f 359 360 423
f 359 360 423
f 359 360 425
f 359 360 426
f 359 426 361
f 359 360 426
f 359 428 361
f 359 430 428
f 359 430 431
f 359 433 431
f 359 433 362
f 359 433 434
f 359 434 362
f 359 437 362
f 359 437 362
f 359 440 362
f 359 322 321
f 359 320 321
f 359 323 322
f 359 317 445
f 359 317 320
f 359 362 317
f 359 323 324
f 359 317 320
f 359 362 317
f 359 317 319
f 359 316 317
f 359 360 316
f 359 316 317
f 359 360 316
f 358 360 709
f 358 360 357
f 358 710 709
f 358 357 710
f 358 357 710
f 358 357 708
f 358 360 708
f 358 357 708
f 358 360 708
f 358 357 705
f 358 360 705
f 358 359 360
f 358 357 704
f 358 360 704
f 358 357 315
f 358 360 315
f 358 360 357
f 358 357 315
f 358 357 704
f 358 360 704
f 358 359 360
f 358 316 315
f 358 359 316
f 358 359 316
f 358 357 319
f 358 359 319
f 358 357 422
f 358 357 320
f 358 359 320
f 358 422 703
f 358 359 703
f 358 359 422
f 358 357 423
f 358 359 423
f 358 357 320
f 358 359 320
f 358 357 423
f 358 359 423
f 358 357 322
f 358 359 322
f 358 357 425
f 358 359 425
f 358 323 357
f 358 359 323
f 358 357 426
f 358 359 426
f 358 323 357
f 358 359 323
f 358 357 426
f 358 359 426
f 358 357 324
f 358 359 324
f 358 357 428
f 358 359 428
f 358 357 445
f 358 359 445
f 358 357 430
f 358 359 430
f 358 357 430
f 358 359 430
f 358 433 357
f 358 359 433
f 358 433 357
f 358 359 433
f 358 440 357
f 358 359 440
f 358 357 434
f 358 359 434
f 358 357 437
f 358 359 437
f 358 357 437
f 358 359 437
f 275 277 308
f 275 274 307
f 275 307 278
f 275 277 307
f 275 470 469
f 275 470 277
f 275 305 278
f 275 274 270
f 275 305 270
f 275 470 274
f 275 277 276
f 275 470 277
f 275 467 274
f 275 277 469
f 275 305 270
f 275 305 304
f 275 472 276
f 275 472 274
f 275 467 466
f 275 303 304
f 275 465 466
f 275 473 472
f 275 473 472
f 275 270 304
f 275 303 304
f 275 303 302
f 275 274 270
f 275 465 270
f 275 473 474
f 275 473 274
f 275 465 270
f 275 303 302
f 275 302 301
f 275 462 463
f 275 302 301
f 275 301 300
f 275 462 461
f 275 462 463
f 275 301 268
f 275 462 268
f 275 283 461
f 275 283 460
f 275 268 259
f 275 460 259
f 313 312 279
f 313 276 279
f 313 276 314
f 313 314 318
f 313 312 318
f 313 312 276
f 313 274 276
f 313 350 351
f 313 350 312
f 313 273 274
f 313 312 273
f 313 275 274
f 313 275 312
f 313 275 312
f 313 352 314
f 313 352 351
f 313 346 312
f 313 352 312
f 313 273 314
f 313 312 273
f 313 352 353
f 313 352 312
f 313 270 314
f 313 312 270
f 313 270 268
f 313 312 270
f 313 355 356
f 313 355 312
f 313 268 314
f 313 312 268
f 313 357 356
f 313 312 357
f 313 263 314
f 313 312 263
f 313 360 357
f 313 260 263
f 313 312 260
f 313 360 314
f 313 312 360
f 313 360 357
f 313 312 357
f 313 312 360
f 313 260 314
f 313 312 260
f 313 362 314
f 313 312 362
f 313 257 314
f 313 312 257
f 313 362 314
f 313 312 362
f 313 257 253
f 313 312 257
f 313 364 314
f 313 312 364
f 313 364 314
f 313 312 364
f 313 249 247
f 313 312 249
f 313 243 458
f 313 312 243
f 313 314 445
f 313 312 445
f 313 457 458
f 313 312 457
f 313 447 314
f 313 312 447
f 313 451 314
f 313 312 451
f 309 277 276
f 309 275 276
f 309 277 310
f 309 275 277
f 309 275 277
f 309 275 308
f 309 280 310
f 309 308 280
f 309 308 279
f 309 277 279
f 309 277 308
f 309 308 307
f 309 275 274
f 309 275 274
f 309 280 310
f 309 308 280
f 309 411 310
f 309 411 307
f 309 310 365
f 309 308 365
f 309 273 274
f 309 273 274
f 309 310 284
f 309 308 284
f 309 411 310
f 309 411 307
f 309 310 351
f 309 270 307
f 309 273 270
f 309 273 270
f 309 310 318
f 309 308 318
f 309 350 351
f 309 350 308
f 309 350 310
f 309 310 344
f 309 308 344
f 309 310 445
f 309 307 445
f 309 447 310
f 309 447 307
f 309 307 451
f 449 303 302
f 449 411 448
f 449 302 411
f 449 303 304
f 449 303 304
f 449 303 411
f 449 303 302
f 449 305 304
f 449 305 304
f 449 305 450
f 449 305 448
f 449 307 450
f 449 447 448
f 449 447 307
f 449 309 447
f 449 307 451
f 449 309 307
f 449 309 447
f 449 309 451
f 449 313 312
f 449 313 312
f 449 313 447
f 449 313 451
f 449 447 315
f 449 451 315
f 449 316 447
f 449 316 451
f 449 316 447
f 449 316 317
f 449 447 317
f 449 317 320
f 449 447 320
f 449 320 451
f 449 447 322
f 449 322 451
f 449 323 447
f 449 323 322
f 449 323 324
f 449 323 324
f 449 327 324
f 449 327 324
f 449 327 328
f 449 327 328
f 449 447 340
f 449 340 341
f 449 447 341
f 449 695 451
f 449 447 695
f 449 692 695
f 449 447 695
f 449 692 695
f 449 692 690
f 449 692 447
f 449 692 447
f 449 620 447
f 449 616 615
f 449 616 615
f 449 614 451
f 449 615 614
f 449 615 614
f 449 613 614
f 449 613 614
f 449 613 612
f 449 496 613
f 449 496 613
f 449 490 612
f 449 496 490
f 449 496 490
f 394 303 383
f 394 303 405
f 394 404 405
f 394 303 404
f 394 404 403
f 394 402 403
f 394 302 383
f 394 303 302
f 394 303 302
f 394 401 383
f 394 402 401
f 394 302 404
f 394 302 385
f 394 400 401
f 394 400 399
f 394 402 403
f 394 302 403
f 394 398 383
f 394 398 399
f 394 301 385
f 394 302 301
f 394 301 387
f 394 402 401
f 394 402 301
f 394 385 397
f 394 398 397
f 394 299 401
f 394 299 400
f 394 396 385
f 394 396 385
f 394 387 300
f 394 301 387
f 394 298 400
f 394 298 299
f 394 395 387
f 394 395 396
f 394 299 300
f 394 299 389
f 394 298 297
f 394 387 388
f 394 395 387
f 394 296 297
f 394 296 398
f 394 389 388
f 394 298 390
f 394 298 299
f 394 295 398
f 394 295 296
f 394 389 392
f 394 390 389
f 394 297 390
f 394 298 297
f 394 390 392
f 394 295 294
f 394 296 297
f 394 295 392
f 394 295 296
f 394 291 395
f 394 295 294
f 394 291 290
f 394 291 290
f 394 395 289
f 394 290 289
f 394 290 395
f 94 38 93
f 94 36 93
f 94 46 47
f 94 46 93
f 94 43 93
f 94 43 46
f 94 47 48
f 94 49 48
f 94 49 50
f 94 108 93
f 94 50 93
f 94 108 93
f 94 52 93
f 94 110 93
f 94 96 110
f 94 115 96
f 94 110 93
f 94 115 93
f 94 115 110
f 94 62 93
f 94 92 91
f 94 92 115
f 94 92 115
f 94 117 115
f 94 117 115
f 94 62 63
f 94 68 91
f 94 117 91
f 94 117 96
f 94 64 63
f 94 68 67
f 94 68 67
f 94 249 96
f 94 91 150
f 94 96 150
f 94 64 93
f 94 66 91
f 94 67 66
f 94 67 66
f 94 66 93
f 252 253 148
f 252 91 148
f 252 253 150
f 252 253 150
f 252 253 156
f 252 253 157
f 252 162 253
f 252 162 253
f 252 162 163
f 252 163 164
f 252 163 164
f 252 164 166
f 252 167 166
f 252 167 166
f 252 250 166
f 252 167 168
f 252 250 169
f 252 169 168
f 252 250 169
f 252 169 170
f 252 250 174
f 252 171 174
f 252 250 171
f 252 250 171
f 252 250 176
f 252 250 176
f 252 250 178
f 252 250 178
f 252 186 250
f 252 250 193
f 252 250 193
f 252 250 206
f 252 198 250
f 252 198 250
f 252 203 250
f 252 250 199
f 252 250 201
f 252 250 201
f 246 244 210
f 246 244 210
f 246 206 244
f 246 206 244
f 246 203 244
f 246 201 244
f 246 201 244
f 246 199 244
f 246 198 199
f 246 198 244
f 246 193 244
f 246 193 244
f 246 473 474
f 246 186 244
f 246 182 244
f 246 176 177
f 246 179 244
f 246 176 173
f 246 176 244
f 246 178 177
f 246 179 178
f 246 244 173
f 248 162 247
f 248 162 249
f 248 249 247
f 248 162 247
f 248 162 249
f 248 246 166
f 248 246 247
f 248 171 166
f 248 246 173
f 248 250 171
f 248 250 249
f 248 250 173
f 248 171 169
f 248 250 169
f 248 250 171
f 248 250 174
f 248 174 173
f 248 246 173
f 248 250 174
f 248 246 474
f 248 250 176
f 248 246 176
f 248 250 249
f 248 473 474
f 248 473 249
f 248 473 249
f 248 250 176
f 248 246 176
f 248 250 178
f 248 246 178
f 248 246 179
f 248 250 178
f 248 179 178
f 248 246 179
f 248 250 210
f 248 246 210
f 248 250 210
f 248 246 210
f 248 186 250
f 248 246 186
f 248 250 206
f 248 246 206
f 248 250 193
f 248 246 193
f 248 250 206
f 248 246 206
f 248 250 193
f 248 246 193
f 248 198 250
f 248 246 198
f 248 203 250
f 248 246 203
f 248 198 250
f 248 246 198
f 248 250 201
f 248 246 201
f 248 250 199
f 248 246 199
f 248 250 201
f 248 246 201
f 407 374 408
f 407 374 406
f 407 406 373
f 407 374 408
f 407 374 406
f 407 373 371
f 407 408 371
f 407 408 373
f 407 408 471
f 407 408 405
f 407 406 405
f 407 472 471
f 407 406 472
f 407 406 472
f 407 469 408
f 407 406 469
f 407 465 405
f 407 465 408
f 407 467 405
f 407 467 406
f 407 467 408
f 354 10 9
f 354 10 353
f 354 10 353
f 354 8 9
f 354 8 353
f 354 8 7
f 354 8 7
f 354 7 6
f 354 7 353
f 354 5 6
f 354 5 353
f 354 5 4
f 354 5 4
f 354 355 312
f 354 4 3
f 354 4 353
f 354 313 312
f 354 313 355
f 354 2 3
f 354 353 2
f 354 313 353
f 354 313 355
f 354 1 2
f 354 353 1
f 354 353 314
f 354 355 314
f 354 1 729
f 354 353 1
f 354 353 319
f 354 355 319
f 354 728 729
f 354 355 728
f 354 353 728
f 354 353 320
f 354 355 320
f 354 353 728
f 354 355 728
f 354 353 320
f 354 355 320
f 354 353 727
f 354 355 727
f 354 353 322
f 354 355 322
f 354 353 722
f 354 355 722
f 354 323 353
f 354 355 323
f 354 353 721
f 354 355 721
f 354 323 353
f 354 355 323
f 354 353 721
f 354 355 721
f 354 355 327
f 354 353 719
f 354 355 719
f 354 353 324
f 354 327 324
f 354 327 353
f 354 327 353
f 354 355 327
f 354 353 719
f 354 355 719
f 354 353 328
f 354 355 328
f 354 353 717
f 354 355 717
f 354 353 445
f 354 355 445
f 354 353 717
f 354 355 717
f 354 353 713
f 354 355 713
f 354 353 713
f 354 355 713
f 354 353 712
f 354 355 712
f 354 440 353
f 354 355 440
f 354 353 710
f 354 355 710
f 354 353 437
f 354 355 437
f 354 353 710
f 354 355 710
f 354 353 437
f 354 355 437
f 354 353 708
f 354 355 708
f 354 353 434
f 354 355 434
f 354 353 708
f 354 355 708
f 354 433 353
f 354 355 433
f 354 353 705
f 354 355 705
f 354 433 353
f 354 355 433
f 354 353 704
f 354 355 704
f 354 353 430
f 354 355 430
f 354 353 704
f 354 355 704
f 354 353 430
f 354 355 430
f 354 702 353
f 354 355 702
f 354 355 428
f 354 702 353
f 354 355 702
f 354 428 429
f 354 353 429
f 354 428 701
f 354 355 701
f 354 355 428
f 349 348 12
f 349 350 12
f 349 350 24
f 349 348 11
f 349 350 11
f 349 24 20
f 349 348 20
f 349 350 24
f 349 10 348
f 349 350 10
f 349 348 25
f 349 350 25
f 349 10 348
f 349 350 10
f 349 8 348
f 349 8 350
f 349 8 7
f 349 8 350
f 349 348 308
f 349 350 308
f 349 7 348
f 349 350 7
f 349 309 348
f 349 309 350
f 349 5 348
f 349 350 5
f 349 309 348
f 349 309 350
f 349 5 4
f 349 350 5
f 349 4 348
f 349 350 4
f 349 313 312
f 349 313 350
f 349 348 2
f 349 350 2
f 349 313 348
f 349 313 350
f 349 348 1
f 349 350 1
f 349 348 319
f 349 350 319
f 349 348 1
f 349 350 1
f 349 348 320
f 349 350 320
f 349 348 728
f 349 350 728
f 349 348 320
f 349 350 320
f 349 348 728
f 349 350 728
f 349 325 348
f 349 350 325
f 349 348 727
f 349 350 727
f 349 325 348
f 349 350 325
f 349 348 722
f 349 350 722
f 349 350 327
f 349 348 721
f 349 350 721
f 349 329 348
f 349 329 327
f 349 348 721
f 349 350 721
f 349 350 327
f 349 329 327
f 349 348 719
f 349 350 719
f 349 329 328
f 349 329 348
f 349 348 719
f 349 350 719
f 349 348 717
f 349 350 717
f 349 348 343
f 349 350 343
f 349 348 717
f 349 350 717
f 349 348 445
f 349 350 445
f 349 348 714
f 349 350 714
f 349 348 714
f 349 350 714
f 349 348 713
f 349 350 713
f 349 348 712
f 349 350 712
f 349 440 348
f 349 350 440
f 349 348 710
f 349 350 710
f 349 348 437
f 349 350 437
f 349 348 710
f 349 350 710
f 349 348 437
f 349 350 437
f 349 348 708
f 349 350 708
f 349 348 700
f 349 350 700
f 349 348 708
f 349 350 708
f 349 348 700
f 349 350 700
f 349 348 707
f 349 350 707
f 349 702 348
f 349 350 702
f 349 348 705
f 349 350 705
f 349 702 348
f 349 350 702
f 349 348 704
f 349 350 704
f 349 348 704
f 349 350 704
f 345 20 344
f 345 346 20
f 345 31 344
f 345 346 31
f 345 12 20
f 345 346 12
f 345 31 344
f 345 346 31
f 345 11 12
f 345 346 11
f 345 10 11
f 345 346 10
f 345 10 9
f 345 346 10
f 345 8 9
f 345 8 346
f 345 8 7
f 345 8 346
f 345 346 302
f 345 7 6
f 345 346 7
f 345 309 308
f 345 309 346
f 345 5 6
f 345 346 5
f 345 309 310
f 345 309 346
f 345 5 4
f 345 346 5
f 345 4 344
f 345 346 4
f 345 312 344
f 345 346 312
f 345 344 2
f 345 346 2
f 345 319 344
f 345 346 319
f 345 1 344
f 345 346 1
f 345 320 319
f 345 346 320
f 345 1 344
f 345 346 1
f 345 325 320
f 345 346 325
f 345 344 728
f 345 346 728
f 345 329 325
f 345 329 346
f 345 344 728
f 345 346 728
f 345 329 346
f 345 726 344
f 345 346 726
f 345 726 344
f 345 346 726
f 345 722 344
f 345 346 722
f 345 721 722
f 345 346 721
f 345 702 343
f 345 346 702
f 345 702 343
f 345 346 702
f 345 721 344
f 345 346 721
f 345 343 705
f 345 343 704
f 345 346 704
f 345 700 343
f 345 346 700
f 345 719 344
f 345 346 719
f 345 705 344
f 345 346 705
f 345 700 343
f 345 346 700
f 345 719 718
f 345 346 719
f 345 344 707
f 345 346 707
f 345 717 718
f 345 346 717
f 345 708 344
f 345 346 708
f 345 717 344
f 345 346 717
f 345 708 344
f 345 346 708
f 345 714 344
f 345 346 714
f 345 710 344
f 345 346 710
f 345 714 713
f 345 346 714
f 345 710 344
f 345 346 710
f 345 713 344
f 345 346 713
f 345 344 712
f 345 346 712
f 347 348 20
f 347 346 20
f 347 346 31
f 347 348 12
f 347 346 12
f 347 346 31
f 347 348 11
f 347 346 11
f 347 10 348
f 347 346 10
f 347 348 308
f 347 10 348
f 347 346 10
f 347 302 308
f 347 346 302
f 347 309 348
f 347 309 346
f 347 8 348
f 347 8 346
f 347 309 348
f 347 309 346
f 347 8 7
f 347 8 346
f 347 7 348
f 347 346 7
f 347 313 312
f 347 313 346
f 347 5 348
f 347 346 5
f 347 313 348
f 347 313 346
f 347 5 4
f 347 346 5
f 347 348 319
f 347 346 319
f 347 4 348
f 347 346 4
f 347 348 320
f 347 346 320
f 347 348 2
f 347 346 2
f 347 348 320
f 347 348 1
f 347 346 1
f 347 325 320
f 347 346 325
f 347 325 348
f 347 348 1
f 347 346 1
f 347 329 325
f 347 329 346
f 347 348 728
f 347 346 728
f 347 329 348
f 347 329 346
f 347 348 728
f 347 346 728
f 347 348 726
f 347 346 726
f 347 348 343
f 347 346 343
f 347 348 726
f 347 346 726
f 347 348 445
f 347 346 445
f 347 348 722
f 347 346 722
f 347 348 721
f 347 346 721
f 347 348 721
f 347 346 721
f 347 348 719
f 347 346 719
f 347 440 348
f 347 348 719
f 347 346 719
f 347 348 439
f 347 440 439
f 347 346 440
f 347 348 717
f 347 346 717
f 347 348 700
f 347 346 700
f 347 348 717
f 347 346 717
f 347 348 700
f 347 346 700
f 347 348 714
f 347 346 714
f 347 702 348
f 347 346 702
f 347 348 714
f 347 346 714
f 347 702 348
f 347 346 702
f 347 348 713
f 347 346 713
f 347 348 704
f 347 346 704
f 347 348 712
f 347 346 712
f 347 348 704
f 347 346 704
f 347 348 710
f 347 346 710
f 347 348 705
f 347 346 705
f 347 348 710
f 347 346 710
f 347 348 707
f 347 346 707
f 347 348 708
f 347 346 708
f 347 348 708
f 347 346 708
f 226 227 106
f 226 227 106
f 226 227 328
f 226 227 108
f 226 227 457
f 226 227 108
f 226 227 457
f 226 227 110
f 226 227 460
f 226 227 110
f 226 227 460
f 226 115 227
f 226 462 227
f 226 115 183
f 226 462 227
f 226 183 227
f 226 465 227
f 226 227 187
f 226 465 227
f 226 467 227
f 226 227 194
f 226 470 227
f 226 227 200
f 226 470 227
f 226 227 201
f 226 227 472
f 226 227 201
f 226 473 227
f 226 203 227
f 226 473 227
f 226 227 206
f 226 207 206
f 226 227 206
f 228 229 106
f 228 227 106
f 228 229 328
f 228 227 328
f 228 229 106
f 228 227 106
f 228 229 457
f 228 227 457
f 228 229 108
f 228 227 108
f 228 229 457
f 228 227 457
f 228 229 108
f 228 227 108
f 228 229 460
f 228 227 460
f 228 229 110
f 228 227 110
f 228 229 460
f 228 227 460
f 228 229 110
f 228 227 110
f 228 462 229
f 228 462 227
f 228 115 229
f 228 115 227
f 228 462 463
f 228 462 227
f 228 115 183
f 228 115 183
f 228 465 463
f 228 465 227
f 228 183 229
f 228 183 227
f 228 465 229
f 228 465 227
f 228 187 229
f 228 227 187
f 228 467 229
f 228 467 227
f 228 191 194
f 228 470 469
f 228 470 227
f 228 227 194
f 228 470 229
f 228 470 227
f 228 472 229
f 228 227 472
f 228 199 200
f 228 227 200
f 228 473 472
f 228 473 227
f 228 227 201
f 228 473 229
f 228 473 227
f 228 227 201
f 228 203 227
f 672 653 638
f 672 653 668
f 672 726 652
f 672 726 652
f 672 652 728
f 672 652 728
f 675 672 638
f 675 719 652
f 675 721 652
f 675 721 722
f 675 722 652
f 675 672 652
f 675 725 726
f 675 672 726
f 675 672 726
f 675 672 728
f 251 462 463
f 251 462 463
f 251 465 253
f 251 465 249
f 251 462 253
f 251 462 249
f 251 467 253
f 251 467 249
f 251 460 253
f 251 249 460
f 251 460 253
f 251 249 460
f 251 470 469
f 251 470 469
f 251 249 307
f 251 470 471
f 251 470 249
f 251 253 458
f 251 307 458
f 251 307 253
f 251 472 471
f 251 472 249
f 251 313 312
f 251 313 312
f 251 473 472
f 251 473 472
f 251 313 253
f 251 313 249
f 251 253 315
f 251 249 315
f 251 250 249
f 251 473 249
f 251 316 253
f 251 249 316
f 251 324 253
f 251 249 324
f 251 94 249
f 251 473 474
f 251 252 474
f 251 252 250
f 251 316 317
f 251 249 316
f 251 323 324
f 251 323 249
f 251 253 90
f 251 252 253
f 251 94 91
f 251 250 249
f 251 94 249
f 251 317 320
f 251 249 317
f 251 323 253
f 251 323 249
f 251 91 90
f 251 252 91
f 251 94 91
f 251 250 96
f 251 94 96
f 251 320 253
f 251 249 320
f 251 253 322
f 251 249 322
f 251 91 150
f 251 252 150
f 251 252 91
f 251 250 150
f 251 252 150
f 251 250 156
f 251 252 156
f 251 162 250
f 251 162 157
f 251 252 157
f 251 252 162
f 251 162 250
f 251 252 162
f 251 250 163
f 251 252 163
f 251 252 250
f 464 463 460
f 464 465 463
f 464 463 460
f 464 441 459
f 464 443 441
f 464 465 443
f 464 465 441
f 464 462 463
f 464 459 435
f 464 460 459
f 464 443 459
f 464 465 443
f 464 465 435
f 464 459 448
f 464 465 448
f 464 460 435
f 464 465 435
f 464 465 431
f 464 462 411
f 464 465 411
f 464 465 412
f 464 459 448
f 464 460 431
f 464 465 431
f 464 462 409
f 464 465 409
f 464 412 411
f 464 462 411
f 464 448 452
f 464 465 452
f 464 465 448
f 464 460 429
f 464 460 431
f 464 428 429
f 464 465 428
f 464 462 408
f 464 465 408
f 464 412 423
f 464 412 423
f 464 465 423
f 464 465 423
f 464 465 459
f 464 428 461
f 464 465 428
f 464 462 408
f 464 423 424
f 464 412 422
f 464 465 422
f 464 465 412
f 464 465 425
f 464 426 461
f 464 465 426
f 464 291 462
f 464 407 408
f 464 407 465
f 464 407 465
f 464 425 424
f 464 465 426
f 464 426 425
f 464 465 404
f 464 291 404
f 464 291 290
f 464 465 290
f 464 291 290
f 464 290 463
f 464 465 290
f 464 463 288
f 464 465 288
f 464 287 463
f 464 465 287
f 464 287 463
f 464 465 287
f 464 283 463
f 464 465 283
f 464 283 463
f 464 465 283
f 464 463 282
f 464 465 282
f 464 275 463
f 464 275 465
f 464 275 463
f 464 275 465
f 464 463 268
f 464 465 268
f 464 463 257
f 464 465 257
f 464 463 257
f 464 465 257
f 464 251 463
f 464 251 465
f 464 251 463
f 464 251 465
f 464 463 249
f 464 465 249
f 464 465 463
f 468 469 578
f 468 467 578
f 468 469 585
f 468 467 585
f 468 577 469
f 468 577 467
f 468 469 585
f 468 467 585
f 468 577 469
f 468 469 593
f 468 467 593
f 468 469 593
f 468 467 593
f 468 469 572
f 468 469 600
f 468 467 600
f 468 604 469
f 468 467 604
f 468 469 223
f 468 467 223
f 468 604 469
f 468 467 604
f 468 469 223
f 468 467 223
f 468 608 469
f 468 608 467
f 468 226 227
f 468 226 467
f 468 467 463
f 468 228 227
f 468 228 467
f 468 463 459
f 468 469 459
f 468 469 463
f 468 228 469
f 468 228 467
f 468 469 229
f 468 467 229
f 468 234 469
f 468 234 467
f 468 469 471
f 468 471 452
f 468 467 452
f 468 471 448
f 468 467 448
f 468 428 471
f 468 471 431
f 468 467 431
f 468 467 428
f 468 471 448
f 468 467 448
f 468 428 471
f 468 471 431
f 468 467 431
f 468 467 428
f 468 469 249
f 468 467 249
f 468 443 471
f 468 467 443
f 468 426 471
f 468 471 435
f 468 467 435
f 468 467 426
f 468 251 469
f 468 251 467
f 468 443 441
f 468 467 443
f 468 426 471
f 468 471 435
f 468 467 435
f 468 467 426
f 468 251 469
f 468 251 467
f 468 441 471
f 468 467 441
f 468 471 425
f 468 467 425
f 468 469 257
f 468 467 257
f 468 471 423
f 468 467 423
f 468 469 257
f 468 467 257
f 468 471 423
f 468 467 423
f 468 469 263
f 468 467 263
f 468 471 422
f 468 467 422
f 468 469 263
f 468 467 263
f 468 471 420
f 468 467 420
f 468 469 268
f 468 467 268
f 468 471 419
f 468 469 471
f 468 467 419
f 468 469 270
f 468 467 270
f 468 469 419
f 468 467 419
f 468 273 469
f 468 469 417
f 468 273 274
f 468 467 274
f 468 273 469
f 468 413 417
f 468 467 413
f 468 275 469
f 468 275 467
f 468 413 417
f 468 469 417
f 468 469 413
f 468 467 412
f 468 275 469
f 468 275 467
f 468 469 413
f 468 412 413
f 468 467 412
f 468 469 280
f 468 467 280
f 468 469 411
f 468 467 411
f 468 469 280
f 468 467 280
f 468 469 409
f 468 467 409
f 468 469 282
f 468 467 282
f 468 469 408
f 468 467 408
f 468 283 469
f 468 467 283
f 468 407 469
f 468 407 467
f 468 283 469
f 468 407 406
f 468 407 467
f 468 469 284
f 468 283 284
f 468 467 283
f 468 406 469
f 468 467 406
f 468 469 285
f 468 467 285
f 468 469 404
f 468 467 404
f 468 287 469
f 468 467 287
f 468 469 404
f 468 467 404
f 468 287 469
f 468 467 287
f 468 469 402
f 468 467 402
f 468 469 402
f 468 402 288
f 468 467 288
f 468 467 402
f 219 470 469
f 219 468 469
f 219 470 474
f 219 218 572
f 219 468 572
f 219 569 218
f 219 569 474
f 219 569 474
f 219 470 472
f 219 470 221
f 219 470 469
f 219 470 221
f 219 468 469
f 219 221 472
f 219 577 218
f 219 468 577
f 219 468 467
f 219 577 218
f 219 468 577
f 219 221 201
f 219 218 578
f 219 577 467
f 219 467 222
f 219 467 578
f 219 218 220
f 219 201 220
f 219 201 218
f 219 201 218
f 219 221 201
f 219 218 585
f 219 222 466
f 219 578 466
f 219 222 585
f 219 221 222
f 219 222 585
f 219 218 585
f 219 222 589
f 219 218 589
f 219 115 222
f 219 222 106
f 219 218 106
f 219 222 110
f 219 218 110
f 219 222 106
f 219 218 106
f 219 222 110
f 219 218 110
f 219 222 108
f 219 218 108
f 219 222 108
f 219 218 108
f 241 470 469
f 241 470 469
f 241 468 469
f 241 468 469
f 241 470 471
f 241 470 243
f 241 468 467
f 241 468 467
f 241 472 471
f 241 472 243
f 241 467 239
f 241 467 243
f 241 473 472
f 241 473 472
f 241 465 239
f 241 465 243
f 241 465 463
f 241 465 463
f 241 462 463
f 241 462 463
f 241 462 239
f 241 462 243
f 241 460 239
f 241 243 460
f 241 460 239
f 241 243 460
f 241 243 458
f 241 315 458
f 241 315 239
f 241 243 315
f 241 316 315
f 241 243 316
f 241 316 317
f 241 243 316
f 241 317 320
f 241 243 317
f 241 320 239
f 241 243 320
f 241 322 239
f 241 243 322
f 241 323 322
f 241 243 323
f 241 323 324
f 241 243 323
f 241 115 166
f 241 115 243
f 241 327 324
f 241 115 239
f 241 327 239
f 241 243 324
f 241 327 324
f 241 108 239
f 241 115 108
f 241 115 243
f 241 239 105
f 241 108 239
f 241 243 108
f 241 104 105
f 241 243 104
f 241 243 104
f 241 106 239
f 241 243 106
f 241 106 239
f 241 243 106
f 245 470 469
f 245 470 469
f 245 468 469
f 245 468 469
f 245 470 247
f 245 470 243
f 245 468 467
f 245 468 467
f 245 472 247
f 245 472 243
f 245 467 247
f 245 467 243
f 245 473 472
f 245 473 472
f 245 465 247
f 245 465 243
f 245 473 243
f 245 464 465
f 245 464 465
f 245 246 473
f 245 464 463
f 245 464 463
f 245 324 247
f 245 243 324
f 245 243 104
f 245 473 474
f 245 246 474
f 245 246 473
f 245 462 463
f 245 462 463
f 245 247 104
f 245 323 324
f 245 243 323
f 245 243 104
f 245 462 247
f 245 462 243
f 245 247 104
f 245 323 247
f 245 243 323
f 245 243 106
f 245 247 460
f 245 243 460
f 245 115 247
f 245 247 322
f 245 243 322
f 245 243 106
f 245 247 460
f 245 243 460
f 245 115 106
f 245 115 247
f 245 246 247
f 245 247 320
f 245 243 320
f 245 115 106
f 245 115 243
f 245 312 243
f 245 247 317
f 245 243 317
f 245 243 244
f 245 115 243
f 245 247 307
f 245 313 312
f 245 313 312
f 245 244 166
f 245 246 166
f 245 246 244
f 245 316 247
f 245 243 316
f 245 313 247
f 245 313 243
f 245 316 247
f 245 243 316
f 245 247 315
f 245 243 315
f 570 199 200
f 570 569 199
f 570 201 200
f 570 569 201
f 570 198 199
f 570 198 569
f 570 201 571
f 570 569 201
f 570 198 571
f 570 203 571
f 570 203 569
f 570 196 571
f 570 198 196
f 570 198 569
f 570 196 571
f 570 569 196
f 570 206 205
f 570 569 206
f 570 193 571
f 570 569 193
f 570 207 206
f 570 569 207
f 570 192 193
f 570 569 192
f 570 192 189
f 570 569 192
f 570 207 572
f 570 207 209
f 570 207 209
f 570 569 209
f 570 569 207
f 570 186 189
f 570 186 569
f 570 575 572
f 570 575 569
f 570 211 209
f 570 569 211
f 570 569 572
f 570 575 572
f 570 575 569
f 570 211 572
f 570 569 211
f 570 177 571
f 570 569 177
f 570 215 572
f 570 569 215
f 570 176 177
f 570 569 176
f 570 215 572
f 570 569 215
f 570 569 176
f 570 217 572
f 570 569 217
f 570 176 175
f 570 176 571
f 570 217 218
f 570 569 218
f 570 569 217
f 570 175 143
f 570 569 143
f 570 569 175
f 570 571 143
f 570 569 143
f 570 139 571
f 570 569 139
f 570 139 571
f 570 569 139
f 570 134 571
f 570 569 134
f 570 134 571
f 570 569 134
f 570 571 641
f 570 569 641
f 570 569 571
f 568 199 567
f 568 569 199
f 568 201 567
f 568 569 201
f 568 198 199
f 568 198 569
f 568 201 567
f 568 569 201
f 568 198 567
f 568 198 569
f 568 203 567
f 568 203 569
f 568 567 196
f 568 569 196
f 568 567 193
f 568 569 193
f 568 567 206
f 568 569 206
f 568 567 193
f 568 569 193
f 568 207 567
f 568 569 207
f 568 186 567
f 568 186 569
f 568 207 567
f 568 569 207
f 568 209 567
f 568 569 209
f 568 567 177
f 568 569 177
f 568 211 209
f 568 569 211
f 568 176 567
f 568 569 176
f 568 213 211
f 568 213 569
f 568 176 567
f 568 569 176
f 568 213 567
f 568 213 569
f 568 567 174
f 568 569 174
f 568 215 567
f 568 569 215
f 568 567 174
f 568 215 567
f 568 569 215
f 568 174 159
f 568 569 174
f 568 567 159
f 568 217 567
f 568 569 217
f 568 567 158
f 568 569 158
f 568 217 567
f 568 569 217
f 568 567 149
f 568 569 149
f 568 569 474
f 568 567 149
f 568 569 149
f 568 567 143
f 568 569 143
f 568 567 143
f 568 569 143
f 568 567 139
f 568 569 139
f 568 567 572
f 568 581 572
f 568 569 572
f 568 581 572
f 568 567 139
f 568 569 139
f 568 582 567
f 568 581 582
f 568 575 567
f 568 575 569
f 568 582 567
f 568 581 582
f 568 567 137
f 568 569 137
f 568 575 567
f 568 575 569
f 568 567 571
f 568 569 571
f 679 634 677
f 679 636 635
f 679 636 637
f 679 681 722
f 679 677 726
f 679 677 728
f 679 681 724
f 655 653 667
f 655 667 636
f 655 653 636
f 655 667 636
f 655 653 636
f 655 658 662
f 655 662 661
f 655 653 662
f 655 634 667
f 655 653 634
f 655 658 667
f 655 660 661
f 655 634 667
f 655 653 634
f 655 658 633
f 655 660 659
f 655 658 625
f 655 633 630
f 655 653 633
f 655 625 630
f 655 658 625
f 655 625 623
f 655 658 623
f 655 99 656
f 655 100 99
f 655 100 102
f 655 653 102
f 655 653 100
f 655 653 100
f 655 98 99
f 655 98 97
f 655 34 97
f 655 34 98
f 655 30 656
f 670 667 637
f 670 653 667
f 670 653 637
f 670 672 637
f 670 672 637
f 670 672 653
f 670 8 9
f 670 52 9
f 670 13 52
f 670 13 52
f 670 13 50
f 670 672 4
f 670 672 4
f 670 672 2
f 670 8 7
f 670 5 4
f 670 7 6
f 670 5 6
f 670 62 671
f 670 62 667
f 670 62 63
f 670 62 667
f 670 63 69
f 670 667 63
f 670 69 671
f 670 667 69
f 670 671 71
f 670 667 71
f 670 671 71
f 670 667 71
f 670 667 671
f 610 609 613
f 610 611 613
f 610 609 613
f 610 611 613
f 610 484 612
f 610 609 615
f 610 611 615
f 610 611 490
f 610 484 490
f 610 609 616
f 610 611 616
f 610 484 490
f 610 496 490
f 610 496 611
f 610 602 611
f 610 602 547
f 610 602 609
f 610 611 506
f 610 506 514
f 610 609 506
f 610 611 514
f 610 609 514
f 610 611 514
f 610 609 515
f 610 611 515
f 610 609 517
f 610 611 517
f 610 536 611
f 610 609 518
f 610 611 518
f 610 609 518
f 610 611 518
f 610 609 526
f 610 611 526
f 610 529 532
f 610 529 532
f 610 529 609
f 610 529 611
f 657 660 661
f 657 658 661
f 657 658 660
f 657 660 659
f 657 658 660
f 657 24 23
f 657 24 25
f 657 24 25
f 657 658 25
f 657 659 652
f 657 23 659
f 657 24 652
f 657 24 23
f 657 26 25
f 657 658 26
f 657 27 26
f 657 658 27
f 657 27 656
f 657 658 27
f 657 30 656
f 657 658 30
f 657 34 96
f 657 34 38
f 657 97 96
f 657 658 97
f 657 98 97
f 657 98 658
f 657 98 658
f 657 655 656
f 657 655 658
f 657 655 658
f 657 99 656
f 657 98 99
f 657 98 99
f 40 83 42
f 40 42 86
f 40 42 79
f 40 80 42
f 40 83 80
f 40 83 80
f 40 42 76
f 40 42 74
f 40 657 658
f 40 34 660
f 40 34 662
f 122 83 80
f 122 83 80
f 122 80 79
f 122 83 85
f 122 83 121
f 122 79 76
f 122 86 85
f 122 86 121
f 122 86 121
f 122 76 121
f 122 79 76
f 122 121 75
f 122 121 649
f 122 121 648
f 122 121 648
f 122 121 647
f 122 121 644
f 122 643 121
f 122 643 121
f 122 121 642
f 122 575 576
f 122 577 576
f 122 577 121
f 122 577 576
f 122 580 121
f 122 577 580
f 122 577 580
f 126 83 81
f 126 83 129
f 126 83 129
f 126 129 84
f 126 80 81
f 126 188 129
f 126 188 187
f 126 187 129
f 126 86 85
f 126 86 129
f 126 86 129
f 126 188 189
f 126 183 129
f 126 183 129
f 126 575 189
f 44 91 90
f 44 43 91
f 44 43 91
f 44 89 90
f 44 43 89
f 44 89 88
f 44 43 89
f 44 88 87
f 44 43 88
f 44 86 87
f 44 86 85
f 44 42 86
f 44 43 42
f 44 84 85
f 44 42 86
f 44 83 84
f 44 42 84
f 44 83 82
f 44 83 42
f 44 82 81
f 44 83 82
f 44 83 42
f 44 80 81
f 44 80 42
f 44 80 79
f 44 80 42
f 44 78 79
f 44 78 42
f 44 78 77
f 44 78 42
f 44 42 76
f 44 43 7
f 44 77 45
f 44 76 77
f 44 42 76
f 44 7 6
f 44 42 7
f 44 8 42
f 44 8 43
f 44 8 43
f 44 340 45
f 44 42 340
f 44 5 6
f 44 42 5
f 44 340 45
f 44 42 340
f 44 5 4
f 44 42 5
f 44 42 4
f 44 45 341
f 44 4 341
f 44 4 45
f 601 604 600
f 601 625 600
f 601 602 625
f 601 599 625
f 601 602 599
f 601 496 490
f 601 599 545
f 601 602 545
f 601 599 598
f 601 602 598
f 601 602 599
f 605 610 602
f 605 602 611
f 605 610 602
f 605 536 604
f 605 532 606
f 605 532 604
f 605 506 606
f 605 604 506
f 619 602 618
f 619 620 602
f 619 605 602
f 619 605 620
f 619 514 515
f 619 618 514
f 619 514 621
f 619 618 514
f 619 515 621
f 619 618 515
f 619 512 621
f 619 618 512
f 619 517 621
f 619 618 517
f 619 512 511
f 619 618 512
f 619 620 447
f 619 518 517
f 619 618 518
f 619 510 511
f 619 510 618
f 619 620 446
f 619 518 621
f 619 618 518
f 619 440 510
f 619 618 445
f 619 620 445
f 619 621 521
f 619 618 521
f 619 440 441
f 619 620 441
f 619 440 510
f 619 441 506
f 619 443 618
f 619 620 443
f 619 522 621
f 619 618 522
f 619 522 621
f 619 618 621
f 619 618 522
f 499 498 545
f 499 548 498
f 499 549 548
f 499 498 446
f 499 498 445
f 499 498 551
f 499 549 551
f 499 549 498
f 499 498 551
f 499 443 498
f 499 498 210
f 499 498 206
f 499 440 441
f 499 440 498
f 499 498 437
f 499 498 437
f 499 498 434
f 499 498 434
f 499 498 431
f 499 498 431
f 499 498 428
f 499 498 428
f 499 498 426
f 499 498 398
f 499 498 426
f 499 498 399
f 499 498 425
f 499 498 416
f 499 498 423
f 499 498 417
f 499 498 423
f 499 498 417
f 499 498 422
f 499 498 419
f 499 498 420
f 499 498 419
f 476 609 457
f 476 473 448
f 476 473 446
f 476 473 443
f 476 399 284
f 476 473 443
f 476 473 441
f 476 473 435
f 476 473 435
f 476 568 569
f 476 434 435
f 476 473 431
f 476 277 279
f 476 473 414
f 476 473 431
f 476 473 416
f 476 473 428
f 476 275 274
f 476 473 417
f 476 217 567
f 476 473 428
f 476 473 417
f 476 473 426
f 476 473 419
f 476 473 426
f 476 473 419
f 476 473 425
f 476 270 271
f 476 473 420
f 476 473 423
f 476 473 422
f 476 473 423
f 476 267 268
f 476 266 265
f 476 263 262
f 292 294 385
f 292 291 385
f 292 291 294
f 292 294 385
f 292 291 385
f 292 294 387
f 292 291 387
f 292 294 387
f 292 291 387
f 292 294 389
f 292 291 389
f 292 294 390
f 292 291 390
f 292 294 390
f 292 291 390
f 292 291 392
f 292 291 392
f 292 394 392
f 292 394 291
f 292 394 291
f 292 291 396
f 292 291 398
f 292 291 398
f 292 291 400
f 292 291 400
f 292 291 402
f 292 291 402
f 292 291 404
f 292 291 404
f 292 462 405
f 292 291 462
f 292 464 462
f 292 464 291
f 292 464 291
f 292 283 460
f 292 291 283
f 292 291 295
f 292 275 283
f 292 291 295
f 292 291 283
f 542 538 193
f 542 198 538
f 542 198 538
f 542 538 199
f 542 538 201
f 542 538 201
f 542 203 538
f 542 538 206
f 542 510 206
f 542 538 510
f 542 605 608
f 180 135 134
f 180 179 135
f 180 179 135
f 180 134 132
f 180 179 134
f 180 182 132
f 180 182 132
f 180 129 132
f 180 179 129
f 180 182 129
f 180 183 182
f 180 183 129
f 180 179 244
f 180 129 173
f 180 179 129
f 180 183 120
f 180 238 173
f 180 179 173
f 180 173 120
f 180 119 183
f 180 119 173
f 180 119 183
f 180 234 183
f 180 119 118
f 180 117 183
f 180 234 232
f 180 183 229
f 180 117 118
f 180 117 115
f 180 229 232
f 180 117 115
f 180 115 229
f 180 115 183
f 184 186 558
f 184 560 558
f 184 186 560
f 184 560 563
f 184 186 560
f 184 568 567
f 184 568 186
f 184 568 569
f 184 568 186
f 184 570 569
f 184 570 186
f 184 570 571
f 184 570 186
f 184 571 137
f 184 186 571
f 184 135 137
f 184 135 571
f 184 248 250
f 184 252 250
f 184 252 186
f 184 248 186
f 184 135 571
f 184 135 134
f 184 182 134
f 184 246 182
f 184 248 246
f 184 248 246
f 184 135 134
f 184 134 133
f 184 574 133
f 184 186 574
f 184 186 574
f 184 182 134
f 184 246 182
f 184 246 186
f 184 186 132
f 184 182 132
f 184 183 182
f 184 186 131
f 184 181 262
f 184 186 262
f 184 186 131
f 184 186 185
f 184 131 132
f 184 183 132
f 184 129 185
f 184 183 129
f 184 183 129
f 564 198 196
f 564 198 565
f 564 196 563
f 564 565 196
f 564 198 199
f 564 198 565
f 564 193 563
f 564 565 193
f 564 199 200
f 564 565 199
f 564 193 189
f 564 565 193
f 564 201 200
f 564 565 201
f 564 186 189
f 564 186 565
f 564 201 563
f 564 565 201
f 564 184 186
f 564 184 186
f 564 203 563
f 564 203 565
f 564 184 563
f 564 184 565
f 564 177 563
f 564 565 177
f 564 206 205
f 564 565 206
f 564 176 177
f 564 565 176
f 564 207 206
f 564 207 565
f 564 176 175
f 564 565 176
f 564 207 563
f 564 207 565
f 564 174 175
f 564 565 174
f 564 209 563
f 564 565 209
f 564 174 563
f 564 565 174
f 564 209 210
f 564 565 209
f 564 563 159
f 564 565 159
f 564 211 565
f 564 563 158
f 564 565 158
f 564 213 211
f 564 563 149
f 564 565 149
f 564 213 565
f 564 563 149
f 564 565 149
f 564 565 215
f 564 563 143
f 564 565 143
f 564 565 215
f 564 565 143
f 564 563 641
f 564 565 641
f 564 575 586
f 564 575 565
f 564 571 563
f 564 565 571
f 564 575 571
f 564 575 565
f 566 198 567
f 566 198 565
f 566 567 196
f 566 565 196
f 566 198 199
f 566 198 565
f 566 567 193
f 566 565 193
f 566 199 567
f 566 565 199
f 566 567 193
f 566 565 193
f 566 201 567
f 566 565 201
f 566 186 567
f 566 186 565
f 566 201 567
f 566 565 201
f 566 184 186
f 566 184 186
f 566 203 567
f 566 203 565
f 566 184 567
f 566 184 565
f 566 567 177
f 566 565 177
f 566 567 206
f 566 565 206
f 566 176 567
f 566 565 176
f 566 207 567
f 566 207 565
f 566 176 567
f 566 565 176
f 566 207 567
f 566 207 565
f 566 567 174
f 566 565 174
f 566 209 567
f 566 565 209
f 566 567 174
f 566 565 174
f 566 209 567
f 566 565 209
f 566 567 159
f 566 565 159
f 566 211 567
f 566 211 565
f 566 567 158
f 566 565 158
f 566 213 211
f 566 213 211
f 566 567 149
f 566 565 149
f 566 213 567
f 566 213 565
f 566 567 149
f 566 565 149
f 566 215 567
f 566 565 215
f 566 567 143
f 566 565 143
f 566 215 567
f 566 565 215
f 566 567 143
f 566 565 143
f 566 217 567
f 566 217 565
f 566 567 139
f 566 565 139
f 566 478 217
f 566 567 571
f 566 565 571
f 566 575 567
f 566 575 565
f 566 575 586
f 566 575 565
f 566 586 567
f 566 565 586
f 566 567 585
f 562 206 205
f 562 561 205
f 562 561 206
f 562 207 206
f 562 561 207
f 562 207 563
f 562 561 207
f 562 209 563
f 562 561 209
f 562 209 210
f 562 561 209
f 562 561 211
f 562 564 210
f 562 564 211
f 562 564 213
f 562 213 561
f 562 561 211
f 562 213 211
f 562 213 561
f 562 564 213
f 562 561 215
f 562 564 215
f 562 564 215
f 562 484 561
f 562 561 586
f 562 564 586
f 562 559 484
f 562 586 587
f 562 564 565
f 562 556 559
f 562 559 587
f 562 586 584
f 562 565 586
f 562 566 584
f 562 566 565
f 562 566 585
f 562 586 587
f 562 559 587
f 562 561 586
f 562 559 561
f 562 566 567
f 562 556 585
f 562 556 559
f 562 567 572
f 204 560 558
f 204 203 560
f 204 203 558
f 204 561 560
f 204 203 561
f 204 557 205
f 204 557 558
f 204 557 558
f 204 552 205
f 204 203 552
f 204 561 205
f 204 203 561
f 204 552 205
f 204 203 552
f 204 564 205
f 204 564 203
f 204 564 565
f 204 564 203
f 204 542 538
f 204 542 203
f 204 566 565
f 204 566 203
f 204 538 535
f 204 203 538
f 204 566 567
f 204 566 203
f 204 533 535
f 204 203 533
f 204 568 567
f 204 568 203
f 204 533 530
f 204 203 533
f 204 568 569
f 204 568 203
f 204 530 205
f 204 203 530
f 204 570 569
f 204 570 203
f 204 203 527
f 204 570 205
f 204 570 203
f 204 519 527
f 204 205 519
f 204 203 519
f 204 572 205
f 204 203 572
f 204 205 514
f 204 203 514
f 204 572 205
f 204 203 572
f 204 205 514
f 204 203 514
f 204 574 205
f 204 203 574
f 204 205 512
f 204 203 512
f 204 576 574
f 204 203 576
f 204 205 512
f 204 203 512
f 204 577 576
f 204 577 203
f 204 510 205
f 204 203 510
f 204 577 578
f 204 577 203
f 204 578 205
f 204 203 578
f 204 581 205
f 204 581 203
f 204 581 582
f 204 581 203
f 204 582 205
f 204 205 262
f 204 203 262
f 204 108 585
f 204 108 585
f 204 203 585
f 204 207 585
f 204 207 205
f 204 207 108
f 204 207 108
f 204 203 207
f 204 207 220
f 204 203 220
f 204 203 207
f 204 226 227
f 204 226 203
f 204 252 250
f 204 252 203
f 204 248 250
f 204 248 203
f 204 248 246
f 204 248 246
f 204 246 244
f 204 246 203
f 204 233 236
f 204 203 233
f 204 238 236
f 204 203 238
f 583 203 110
f 583 203 582
f 583 110 585
f 583 582 110
f 583 204 582
f 583 204 203
f 583 204 203
f 583 584 585
f 583 584 112
f 583 582 112
f 583 566 584
f 583 113 584
f 583 113 582
f 583 566 567
f 583 566 567
f 583 113 584
f 583 113 582
f 583 567 585
f 583 582 585
f 583 582 567
f 583 575 567
f 583 582 584
f 583 575 584
f 583 582 567
f 583 575 567
f 583 114 640
f 583 584 640
f 583 584 114
f 583 116 114
f 583 582 116
f 583 582 116
f 583 581 584
f 583 581 582
f 583 581 582
f 230 191 194
f 230 231 191
f 230 228 194
f 230 228 194
f 230 194 196
f 230 231 196
f 230 231 194
f 230 228 199
f 230 198 199
f 230 228 199
f 230 198 233
f 230 231 233
f 230 198 233
f 230 233 199
f 230 228 201
f 230 233 201
f 230 233 201
f 230 228 201
f 230 203 233
f 230 228 203
f 230 204 203
f 230 473 229
f 230 473 231
f 230 473 231
f 230 476 231
f 230 204 233
f 230 228 203
f 230 204 203
f 230 233 206
f 230 227 206
f 230 204 227
f 230 233 206
f 230 226 220
f 230 226 227
f 230 227 206
f 230 206 212
f 230 233 212
f 230 236 220
f 230 233 236
f 230 484 236
f 531 530 517
f 531 532 517
f 531 530 515
f 531 532 515
f 531 529 530
f 531 533 530
f 531 532 533
f 531 532 518
f 531 529 518
f 531 529 532
f 531 529 611
f 531 529 532
f 531 611 530
f 531 532 611
f 531 530 618
f 531 533 618
f 531 530 615
f 531 533 615
f 531 530 615
f 531 530 640
f 531 533 640
f 531 533 530
f 531 533 615
f 531 532 533
f 534 533 535
f 534 532 533
f 534 535 512
f 534 532 512
f 534 610 532
f 534 535 512
f 534 536 535
f 534 532 512
f 534 610 536
f 534 610 536
f 534 611 533
f 534 610 611
f 534 532 608
f 534 536 608
f 534 532 611
f 534 610 532
f 534 536 510
f 534 510 506
f 534 532 506
f 534 536 510
f 534 605 532
f 534 532 604
f 534 605 532
f 534 605 536
f 509 510 420
f 509 510 422
f 509 510 419
f 509 510 423
f 509 510 419
f 509 510 423
f 509 510 417
f 509 510 425
f 509 510 417
f 509 510 426
f 509 510 416
f 509 510 426
f 509 510 428
f 509 510 428
f 509 510 431
f 509 510 431
f 509 510 434
f 509 510 434
f 509 437 435
f 509 510 435
f 509 510 437
f 509 510 437
f 509 510 439
f 509 440 510
f 509 536 510
f 509 440 441
f 509 440 510
f 509 542 538
f 509 619 441
f 509 619 510
f 509 542 510
f 509 510 506
f 509 619 506
f 509 619 510
f 509 510 206
f 509 510 206
f 509 204 510
f 509 204 203
f 509 203 510
f 537 538 510
f 537 536 510
f 537 538 535
f 537 536 535
f 537 509 538
f 537 509 536
f 537 536 611
f 537 611 535
f 537 538 535
f 537 538 611
f 537 610 538
f 537 610 536
f 537 538 608
f 537 536 539
f 537 610 538
f 537 610 536
f 537 605 608
f 537 605 536
f 537 538 608
f 537 536 608
f 336 68 67
f 336 708 71
f 336 708 71
f 336 71 706
f 336 57 73
f 336 705 706
f 336 338 342
f 331 66 73
f 331 66 65
f 331 73 330
f 331 67 66
f 331 68 67
f 331 68 69
f 331 69 330
f 331 71 330
f 331 71 330
f 331 328 451
f 331 328 330
f 331 226 328
f 331 349 348
f 331 349 328
f 331 349 350
f 331 347 346
f 331 347 348
f 332 331 65
f 332 331 66
f 332 331 67
f 332 331 68
f 332 331 68
f 332 331 69
f 332 331 71
f 332 334 71
f 332 331 71
f 332 701 72
f 332 457 72
f 332 702 701
f 332 223 457
f 332 223 72
f 332 223 457
f 332 331 457
f 332 331 451
f 332 449 328
f 332 331 328
f 332 449 328
f 332 336 449
f 332 328 447
f 332 352 328
f 332 345 346
f 332 350 343
f 332 352 351
f 332 352 328
f 332 347 346
f 332 331 347
f 332 350 351
f 332 349 350
f 332 331 349
f 332 350 328
f 332 331 350
f 332 347 348
f 332 331 347
f 332 349 348
f 332 331 349
f 333 62 63
f 333 334 62
f 333 334 62
f 333 64 63
f 333 334 73
f 333 334 64
f 333 64 65
f 333 332 65
f 333 331 73
f 333 332 331
f 333 334 64
f 333 331 330
f 333 334 66
f 333 332 66
f 333 329 330
f 333 332 334
f 333 332 345
f 333 332 345
f 333 332 331
f 333 334 67
f 333 332 67
f 333 345 343
f 333 345 346
f 333 331 346
f 333 334 68
f 333 332 68
f 333 308 338
f 333 334 338
f 333 308 318
f 333 329 318
f 333 345 329
f 333 345 329
f 333 329 344
f 333 343 344
f 333 334 343
f 333 334 68
f 333 332 68
f 333 309 308
f 333 309 308
f 333 334 69
f 333 332 69
f 333 325 338
f 333 329 325
f 333 329 325
f 333 334 71
f 333 332 71
f 333 332 334
f 333 310 338
f 333 309 310
f 333 309 310
f 237 327 239
f 237 234 327
f 237 327 324
f 237 234 324
f 237 234 327
f 237 234 106
f 237 239 105
f 237 106 105
f 237 106 239
f 237 106 239
f 237 234 106
f 237 472 471
f 237 470 471
f 237 234 470
f 237 108 239
f 237 234 108
f 237 470 469
f 237 234 470
f 237 234 108
f 237 473 472
f 237 473 238
f 237 468 469
f 237 468 234
f 237 108 239
f 237 234 110
f 237 238 236
f 237 473 236
f 237 473 238
f 237 468 467
f 237 468 234
f 237 234 115
f 237 467 239
f 237 234 467
f 237 115 239
f 237 115 110
f 237 465 239
f 237 234 465
f 237 115 166
f 237 465 463
f 237 234 463
f 237 234 465
f 237 238 173
f 237 166 239
f 237 173 239
f 237 173 166
f 237 180 238
f 237 183 238
f 237 180 183
f 237 180 183
f 32 34 98
f 32 31 20
f 32 31 20
f 32 31 33
f 32 98 33
f 32 21 20
f 32 21 30
f 32 34 21
f 32 34 33
f 32 34 21
f 32 98 653
f 32 653 31
f 32 653 31
f 32 20 33
f 32 21 20
f 32 23 30
f 32 34 23
f 32 655 30
f 32 655 34
f 32 24 23
f 32 34 24
f 32 657 30
f 32 657 34
f 32 24 30
f 32 657 658
f 32 657 34
f 32 658 30
f 32 34 658
f 32 26 30
f 32 30 662
f 32 34 662
f 32 660 30
f 32 34 660
f 32 660 30
f 32 34 660
f 17 36 35
f 17 34 36
f 17 34 36
f 17 35 20
f 17 660 16
f 17 16 652
f 17 660 16
f 17 16 651
f 17 20 651
f 17 20 16
f 17 16 662
f 442 441 506
f 442 443 506
f 442 499 441
f 442 499 443
f 442 619 441
f 442 619 443
f 442 496 443
f 442 619 620
f 442 619 620
f 442 620 441
f 442 620 443
f 442 441 622
f 442 443 622
f 442 441 622
f 442 443 622
f 442 441 625
f 442 443 625
f 442 443 625
f 442 625 626
f 442 441 626
f 442 441 625
f 442 441 687
f 442 689 687
f 442 443 689
f 442 689 441
f 442 689 441
f 442 443 689
f 442 692 441
f 442 692 690
f 442 443 690
f 442 692 694
f 442 440 692
f 442 440 692
f 442 695 694
f 442 440 695
f 442 697 695
f 442 440 697
f 442 697 444
f 442 440 697
f 442 346 440
f 442 345 346
f 442 343 444
f 442 345 343
f 442 347 346
f 442 347 346
f 442 346 343
f 442 345 346
f 442 347 440
f 442 347 348
f 442 349 440
f 442 349 348
f 442 349 350
f 442 349 350
f 442 350 440
f 442 350 351
f 442 352 440
f 442 352 351
f 442 352 440
f 442 352 353
f 442 354 440
f 442 354 353
f 442 354 355
f 442 354 355
f 442 355 440
f 442 355 356
f 442 440 357
f 442 357 356
f 442 358 440
f 442 358 357
f 442 358 359
f 442 358 359
f 442 359 440
f 442 359 362
f 442 440 362
f 442 362 363
f 442 440 364
f 442 364 363
f 442 440 364
f 442 364 444
f 442 313 312
f 442 313 314
f 442 313 314
f 442 313 312
f 442 443 441
f 442 440 441
f 442 440 439
f 442 315 314
f 442 315 314
f 442 309 310
f 442 316 444
f 442 316 315
f 442 316 315
f 442 309 310
f 442 411 307
f 442 443 411
f 442 411 307
f 442 440 411
f 442 309 307
f 442 309 307
f 485 490 451
f 485 484 451
f 485 484 490
f 485 490 451
f 485 484 451
f 485 449 484
f 485 449 484
f 485 484 448
f 485 484 446
f 485 484 443
f 485 484 443
f 485 484 440
f 485 484 440
f 485 484 437
f 485 484 437
f 485 484 434
f 485 484 434
f 485 484 431
f 485 484 431
f 485 484 428
f 485 484 428
f 485 484 426
f 485 484 426
f 485 484 425
f 485 484 423
f 485 484 423
f 485 484 422
f 485 484 420
f 485 484 419
f 485 484 419
f 485 484 417
f 485 484 417
f 485 484 416
f 485 484 414
f 485 484 401
f 485 484 400
f 485 484 400
f 485 484 398
f 485 484 398
f 485 484 281
f 485 484 280
f 485 484 280
f 485 484 276
f 485 484 273
f 485 484 273
f 485 484 271
f 485 484 271
f 485 484 266
f 485 484 266
f 485 484 262
f 485 484 236
f 485 484 238
f 485 484 217
f 485 484 217
f 485 484 215
f 485 484 215
f 485 484 561
f 485 559 561
f 485 559 484
f 485 556 559
f 485 556 484
f 485 484 553
f 485 484 593
f 485 546 593
f 485 490 546
f 485 490 546
f 485 490 593
f 485 484 593
f 485 490 599
f 485 599 600
f 485 484 600
f 485 490 599
f 485 601 490
f 485 601 484
f 485 490 604
f 485 484 604
f 255 485 484
f 255 248 250
f 255 246 244
f 255 248 246
f 255 250 210
f 255 485 484
f 255 250 210
f 255 238 220
f 255 250 206
f 255 252 250
f 255 210 212
f 255 238 236
f 255 256 474
f 255 210 208
f 255 252 206
f 255 261 258
f 255 478 261
f 255 198 262
f 255 198 199
f 255 206 208
f 255 204 252
f 255 193 262
f 255 199 200
f 255 206 205
f 255 204 252
f 255 193 189
f 255 201 200
f 255 252 198
f 255 252 198
f 255 204 205
f 255 252 203
f 255 186 189
f 255 201 202
f 255 252 199
f 255 252 193
f 255 204 203
f 255 252 201
f 255 184 186
f 255 203 202
f 255 252 201
f 255 252 193
f 255 258 181
f 255 184 181
f 255 252 186
f 255 184 252
f 255 177 258
f 255 184 252
f 255 178 177
f 255 176 177
f 255 252 178
f 255 176 258
f 255 252 178
f 255 174 258
f 255 252 176
f 255 174 258
f 255 252 176
f 255 252 174
f 255 169 258
f 255 252 170
f 255 252 174
f 255 169 170
f 255 169 258
f 255 169 168
f 255 167 258
f 255 167 168
f 255 165 167
f 255 165 167
f 255 256 163
f 255 165 163
f 255 165 164
f 255 165 163
f 255 163 164
f 255 162 163
f 255 162 160
f 255 256 163
f 255 162 163
f 255 160 157
f 255 256 160
f 255 256 160
f 255 162 160
f 255 157 254
f 255 256 157
f 255 254 156
f 255 256 156
f 255 254 150
f 255 256 150
f 255 254 150
f 255 256 150
f 255 146 254
f 255 256 146
f 255 85 146
f 255 85 254
f 255 256 254
f 255 256 85
f 255 84 85
f 255 256 84
f 255 256 84
f 497 496 613
f 497 496 611
f 497 496 613
f 497 610 496
f 497 496 447
f 497 610 496
f 497 498 447
f 497 496 447
f 497 496 608
f 497 498 446
f 497 496 446
f 497 498 445
f 497 496 445
f 497 443 498
f 497 496 443
f 497 442 443
f 497 442 496
f 497 442 441
f 497 442 496
f 497 440 441
f 497 496 440
f 497 440 498
f 497 496 440
f 497 498 545
f 497 496 545
f 497 498 437
f 497 549 498
f 497 496 549
f 497 498 437
f 497 549 498
f 497 496 549
f 497 498 434
f 497 498 551
f 497 496 551
f 497 498 434
f 497 498 551
f 497 496 551
f 497 498 431
f 497 498 210
f 497 496 210
f 493 490 445
f 493 496 445
f 493 496 490
f 493 496 443
f 493 395 396
f 493 496 490
f 493 551 553
f 311 275 276
f 311 275 312
f 311 277 276
f 311 277 312
f 311 275 274
f 311 275 312
f 311 277 310
f 311 277 312
f 311 273 274
f 311 312 273
f 311 310 279
f 311 312 279
f 311 273 270
f 311 310 318
f 311 312 318
f 311 270 310
f 311 312 270
f 311 273 270
f 311 312 270
f 311 312 273
f 311 312 344
f 311 310 268
f 311 312 268
f 311 344 338
f 311 310 338
f 311 310 344
f 311 345 310
f 311 345 312
f 311 263 310
f 311 312 263
f 311 345 346
f 311 345 346
f 311 312 263
f 311 347 346
f 311 347 346
f 311 263 307
f 311 263 307
f 311 312 257
f 311 347 348
f 311 347 312
f 311 307 257
f 311 312 257
f 311 349 348
f 311 349 312
f 311 307 257
f 311 349 350
f 311 349 350
f 311 251 307
f 311 251 312
f 311 350 310
f 311 350 312
f 311 457 307
f 311 457 307
f 311 312 457
f 311 245 307
f 311 245 312
f 311 251 249
f 311 251 312
f 311 352 310
f 311 352 312
f 311 245 247
f 311 245 312
f 311 249 247
f 311 312 249
f 311 352 353
f 311 352 312
f 311 451 310
f 311 312 451
f 311 353 310
f 311 449 451
f 311 449 312
f 311 354 353
f 311 354 312
f 311 354 312
f 311 449 447
f 311 449 312
f 311 364 363
f 311 364 310
f 311 362 363
f 311 312 362
f 311 312 362
f 311 312 364
f 311 447 310
f 311 312 447
f 311 364 310
f 311 312 364
f 311 310 445
f 311 312 445
f 311 442 312
f 311 442 310
f 311 442 312
f 311 310 439
f 311 442 439
f 311 442 310
f 95 36 96
f 95 94 36
f 95 38 96
f 95 94 38
f 95 36 35
f 95 97 35
f 95 36 35
f 95 94 36
f 95 43 46
f 95 94 43
f 95 96 106
f 95 97 106
f 95 97 96
f 95 96 106
f 95 35 33
f 95 97 33
f 95 97 35
f 95 46 47
f 95 94 46
f 95 106 93
f 95 94 93
f 95 96 108
f 95 94 108
f 95 106 93
f 95 97 93
f 95 97 106
f 95 47 96
f 95 94 47
f 95 96 108
f 95 94 108
f 95 94 96
f 95 49 96
f 95 94 49
f 95 49 96
f 95 94 49
f 95 96 50
f 95 94 50
f 95 52 96
f 95 94 52
f 95 62 96
f 95 94 62
f 95 62 96
f 95 94 62
f 95 64 96
f 95 94 64
f 95 64 96
f 95 94 64
f 95 96 66
f 95 94 66
f 95 96 66
f 95 94 66
f 95 94 96
f 225 106 72
f 225 226 106
f 225 331 226
f 225 106 107
f 225 226 106
f 225 332 72
f 225 332 331
f 225 332 331
f 225 331 457
f 225 108 107
f 225 226 108
f 225 457 458
f 225 226 457
f 225 226 457
f 225 331 457
f 225 331 226
f 225 108 109
f 225 226 108
f 225 460 458
f 225 226 460
f 225 110 109
f 225 226 110
f 225 460 461
f 225 226 460
f 225 110 111
f 225 226 110
f 225 462 461
f 225 226 462
f 225 115 111
f 225 226 115
f 225 462 463
f 225 226 462
f 225 115 183
f 225 226 115
f 225 465 463
f 225 226 465
f 225 183 185
f 225 226 183
f 225 465 466
f 225 226 465
f 225 187 185
f 225 226 187
f 225 467 466
f 225 226 467
f 225 468 467
f 225 468 226
f 225 468 469
f 225 468 226
f 225 194 197
f 225 226 194
f 225 470 469
f 225 226 470
f 225 200 197
f 225 226 200
f 225 470 471
f 225 226 470
f 225 201 200
f 225 226 201
f 225 472 471
f 225 226 472
f 225 201 202
f 225 226 201
f 225 473 472
f 225 226 473
f 225 203 202
f 225 226 203
f 225 473 474
f 225 226 473
f 225 204 203
f 225 204 226
f 225 204 226
f 225 204 207
f 225 204 207
f 225 207 212
f 225 226 207
f 225 207 206
f 225 226 206
f 225 226 207
f 225 220 212
f 225 226 220
f 225 482 220
f 225 230 484
f 225 230 226
f 225 230 226
f 673 672 637
f 673 675 637
f 673 675 672
f 673 672 637
f 673 672 4
f 673 672 4
f 673 5 4
f 673 57 5
f 673 672 2
f 673 672 1
f 673 672 1
f 673 672 728
f 673 675 728
f 673 675 672
f 680 677 633
f 680 679 677
f 680 677 628
f 680 633 681
f 680 633 630
f 680 634 633
f 680 679 634
f 680 628 630
f 680 677 625
f 680 634 635
f 680 679 635
f 680 679 634
f 680 677 625
f 680 681 724
f 680 679 725
f 680 679 681
f 680 679 725
f 680 683 628
f 680 683 625
f 680 620 677
f 680 683 724
f 680 683 725
f 680 725 726
f 680 683 625
f 680 683 725
f 680 69 726
f 680 69 726
f 680 679 726
f 680 684 683
f 680 620 684
f 680 677 616
f 680 683 71
f 680 677 69
f 680 69 728
f 680 679 728
f 680 683 71
f 680 677 615
f 680 677 71
f 680 677 69
f 680 679 677
f 680 677 71
f 680 684 612
f 680 684 683
f 680 677 612
f 680 684 616
f 680 677 613
f 680 684 613
f 680 677 613
f 680 684 615
f 680 684 613
f 678 634 677
f 678 679 634
f 678 679 634
f 678 677 636
f 678 679 636
f 678 677 636
f 678 679 636
f 678 637 681
f 678 679 637
f 678 675 638
f 678 638 652
f 678 681 652
f 678 681 638
f 678 675 725
f 678 679 724
f 678 675 722
f 678 679 722
f 678 681 652
f 678 725 724
f 678 679 725
f 678 675 721
f 678 717 652
f 678 717 681
f 678 717 681
f 678 679 725
f 678 679 677
f 678 721 681
f 678 679 681
f 678 675 721
f 678 717 718
f 678 719 681
f 678 721 681
f 678 675 719
f 678 719 718
f 678 675 719
f 678 719 681
f 664 8 9
f 664 10 9
f 664 71 70
f 664 13 11
f 664 34 21
f 664 34 21
f 664 34 23
f 664 34 24
f 666 653 667
f 666 655 653
f 666 667 668
f 666 655 658
f 666 8 668
f 666 10 667
f 666 658 667
f 666 8 7
f 666 667 71
f 666 13 10
f 666 13 10
f 666 667 71
f 666 13 667
f 666 667 14
f 666 62 70
f 666 62 667
f 666 667 69
f 666 62 69
f 666 62 667
f 666 57 52
f 666 43 16
f 666 43 667
f 666 52 667
f 666 17 43
f 666 667 50
f 666 43 667
f 666 49 667
f 666 49 667
f 654 98 653
f 654 655 653
f 654 655 98
f 654 32 98
f 654 32 653
f 654 32 655
f 654 655 34
f 654 32 34
f 654 32 655
f 654 655 30
f 654 30 28
f 654 652 28
f 654 30 652
f 654 653 30
f 654 27 652
f 654 27 656
f 654 655 656
f 654 27 26
f 654 27 26
f 654 659 652
f 654 655 659
f 654 25 652
f 654 26 25
f 654 26 25
f 654 668 659
f 654 653 668
f 654 655 660
f 654 668 660
f 654 655 660
f 654 655 653
f 654 668 660
f 654 668 662
f 654 653 662
f 654 653 668
f 669 653 667
f 669 670 653
f 669 667 668
f 669 672 653
f 669 670 672
f 669 8 668
f 669 670 8
f 669 13 667
f 669 670 13
f 669 8 7
f 669 670 8
f 669 13 667
f 669 670 13
f 669 668 1
f 669 672 1
f 669 668 1
f 669 672 1
f 669 670 672
f 669 7 668
f 669 670 7
f 669 667 50
f 669 670 50
f 669 668 652
f 669 672 652
f 669 672 668
f 669 668 2
f 669 670 2
f 669 5 668
f 669 670 5
f 669 52 667
f 669 670 52
f 669 4 668
f 669 670 4
f 669 5 4
f 669 670 5
f 669 57 52
f 669 670 57
f 455 470 474
f 455 472 471
f 455 472 474
f 455 472 474
f 455 470 469
f 455 471 452
f 455 469 471
f 455 468 469
f 455 468 467
f 455 464 459
f 455 467 459
f 455 467 466
f 455 464 465
f 455 464 459
f 455 430 431
f 455 435 452
f 455 459 435
f 455 435 452
f 455 459 435
f 455 465 466
f 455 464 465
f 455 411 452
f 455 430 411
f 455 430 411
f 455 430 459
f 455 431 452
f 455 430 459
f 455 441 452
f 455 441 459
f 455 459 431
f 455 411 410
f 455 428 411
f 455 428 459
f 455 443 459
f 455 443 441
f 455 443 441
f 455 409 410
f 455 428 411
f 455 428 459
f 455 411 459
f 455 299 409
f 455 298 299
f 455 298 409
f 456 609 457
f 456 610 609
f 456 610 609
f 456 457 690
f 456 692 457
f 456 692 457
f 456 457 695
f 456 470 457
f 456 455 470
f 456 332 457
f 456 470 469
f 456 455 470
f 456 332 331
f 456 455 468
f 456 331 457
f 456 469 457
f 456 468 469
f 456 327 457
f 456 457 411
f 456 455 411
f 456 468 467
f 456 455 467
f 456 455 468
f 456 327 457
f 456 457 411
f 456 455 411
f 456 323 457
f 456 457 409
f 456 455 409
f 456 323 457
f 456 455 409
f 456 457 322
f 456 296 409
f 456 457 296
f 456 457 296
f 456 298 457
f 456 455 298
f 456 457 320
f 456 298 457
f 456 455 298
f 456 457 317
f 456 457 299
f 456 455 299
f 456 457 316
f 456 457 301
f 456 455 301
f 456 457 316
f 456 302 457
f 456 455 302
f 456 457 315
f 456 303 302
f 456 455 303
f 456 313 457
f 456 303 457
f 456 455 303
f 456 313 312
f 456 305 457
f 456 311 312
f 456 305 457
f 456 311 457
f 456 457 307
f 456 457 307
f 483 610 484
f 483 482 452
f 483 484 452
f 483 610 609
f 483 610 484
f 483 482 451
f 483 484 451
f 483 608 609
f 483 484 608
f 483 482 451
f 483 484 451
f 483 482 448
f 483 604 482
f 483 484 604
f 483 449 448
f 483 449 484
f 483 449 484
f 483 482 448
f 483 484 448
f 483 482 446
f 483 484 446
f 483 601 482
f 483 601 484
f 483 443 482
f 483 484 443
f 483 482 600
f 483 484 600
f 483 443 441
f 483 484 443
f 483 482 593
f 483 484 593
f 483 440 441
f 483 484 440
f 483 482 593
f 483 484 593
f 483 440 482
f 483 484 440
f 483 482 553
f 483 484 553
f 483 482 437
f 483 484 437
f 483 556 482
f 483 556 484
f 483 482 437
f 483 484 437
f 483 556 559
f 483 556 559
f 483 482 434
f 483 484 434
f 483 562 559
f 483 562 559
f 483 482 434
f 483 484 434
f 483 562 215
f 483 562 484
f 483 482 431
f 483 484 431
f 483 215 482
f 483 484 215
f 483 482 431
f 483 484 431
f 483 217 482
f 483 484 217
f 483 482 428
f 483 484 428
f 483 217 482
f 483 484 217
f 483 482 428
f 483 484 428
f 483 482 218
f 483 484 218
f 483 482 426
f 483 484 426
f 483 225 482
f 483 225 484
f 483 482 426
f 483 484 426
f 483 225 226
f 483 225 226
f 483 482 425
f 483 484 425
f 483 230 226
f 483 230 226
f 483 482 423
f 483 484 423
f 483 230 236
f 483 230 484
f 483 482 423
f 483 484 423
f 483 238 236
f 483 484 238
f 483 482 422
f 483 484 422
f 483 482 420
f 483 484 420
f 483 255 482
f 483 255 484
f 483 482 419
f 483 484 419
f 483 482 262
f 483 484 262
f 483 482 419
f 483 484 419
f 483 482 266
f 483 484 266
f 483 482 417
f 483 484 417
f 483 482 266
f 483 484 266
f 483 482 417
f 483 484 417
f 483 482 271
f 483 484 271
f 483 482 416
f 483 484 416
f 483 482 271
f 483 484 271
f 483 482 414
f 483 484 414
f 483 273 482
f 483 484 273
f 483 484 401
f 483 273 482
f 483 484 273
f 483 402 401
f 483 402 482
f 483 402 482
f 483 482 400
f 483 484 400
f 483 484 276
f 483 482 400
f 483 484 400
f 483 277 276
f 483 277 482
f 483 277 482
f 483 482 280
f 483 484 280
f 483 482 398
f 483 484 398
f 483 482 280
f 483 484 280
f 483 482 398
f 483 484 398
f 483 482 282
f 483 282 281
f 483 484 281
f 483 282 284
f 483 482 284
f 483 482 282
f 481 610 609
f 481 608 609
f 481 604 482
f 481 482 452
f 481 482 451
f 481 601 482
f 481 482 451
f 481 482 600
f 481 482 448
f 481 482 593
f 481 482 448
f 481 482 593
f 481 482 446
f 481 443 482
f 481 585 550
f 481 482 550
f 481 443 441
f 481 585 553
f 481 482 553
f 481 440 441
f 481 556 585
f 481 556 482
f 481 562 556
f 481 440 482
f 481 482 437
f 481 482 437
f 481 217 482
f 481 215 482
f 481 562 215
f 481 562 215
f 481 482 434
f 481 217 482
f 481 482 434
f 481 482 431
f 481 482 218
f 481 219 218
f 481 482 431
f 481 482 428
f 481 482 220
f 481 221 220
f 481 482 428
f 481 221 223
f 481 482 426
f 481 225 482
f 481 482 426
f 481 225 226
f 481 482 425
f 481 482 423
f 481 230 226
f 481 482 423
f 481 230 236
f 481 482 422
f 481 238 236
f 481 482 420
f 481 482 419
f 481 482 419
f 481 255 246
f 481 482 417
f 481 255 482
f 481 482 417
f 481 482 262
f 481 482 416
f 481 482 266
f 481 482 414
f 481 482 266
f 481 402 482
f 481 482 271
f 481 402 482
f 481 482 271
f 481 482 400
f 481 273 482
f 481 482 400
f 481 273 274
f 481 482 398
f 481 274 482
f 481 277 482
f 481 398 284
f 481 482 284
f 481 482 398
f 481 482 282
f 481 277 482
f 481 482 282
f 481 482 280
f 481 482 280
f 39 83 38
f 39 40 83
f 39 38 86
f 39 40 86
f 39 40 83
f 39 38 88
f 39 40 88
f 39 83 79
f 39 83 38
f 39 40 79
f 39 38 89
f 39 40 89
f 39 38 76
f 39 40 76
f 39 38 89
f 39 40 89
f 39 38 74
f 39 40 74
f 39 92 38
f 39 38 42
f 39 40 42
f 39 92 91
f 39 40 91
f 39 40 92
f 39 92 38
f 39 40 92
f 39 40 10
f 39 94 38
f 39 40 94
f 39 38 42
f 39 10 42
f 39 10 38
f 39 10 38
f 39 40 10
f 39 95 94
f 39 95 40
f 39 38 11
f 39 40 11
f 39 95 38
f 39 95 40
f 39 13 38
f 39 40 13
f 39 657 38
f 39 40 657
f 39 13 38
f 39 40 13
f 39 40 657
f 39 38 14
f 39 40 14
f 39 657 34
f 39 657 34
f 39 38 16
f 39 40 16
f 39 34 38
f 39 34 658
f 39 40 658
f 39 40 34
f 39 17 34
f 39 17 40
f 39 17 40
f 41 42 88
f 41 40 88
f 41 40 42
f 41 89 42
f 41 40 89
f 41 89 42
f 41 40 89
f 41 42 91
f 41 40 91
f 41 92 42
f 41 40 92
f 41 40 92
f 41 92 43
f 41 92 43
f 41 94 43
f 41 40 94
f 41 95 94
f 41 95 40
f 41 43 10
f 41 43 10
f 41 40 10
f 41 40 10
f 41 43 13
f 41 95 43
f 41 95 40
f 41 13 11
f 41 40 11
f 41 40 13
f 41 43 13
f 41 40 13
f 41 43 658
f 41 40 658
f 41 43 14
f 41 40 14
f 41 43 658
f 41 40 658
f 41 43 16
f 41 40 16
f 41 43 660
f 41 40 660
f 41 17 43
f 41 17 40
f 41 43 662
f 41 40 662
f 41 17 40
f 41 40 34
f 124 83 84
f 124 126 83
f 124 84 85
f 124 126 85
f 124 126 84
f 124 122 83
f 124 122 83
f 124 122 80
f 124 122 80
f 124 122 79
f 124 122 76
f 124 122 642
f 124 122 643
f 124 122 575
f 124 122 576
f 124 122 575
f 124 191 576
f 124 188 187
f 124 126 188
f 124 187 185
f 124 126 187
f 124 183 185
f 124 126 183
f 124 126 183
f 190 575 191
f 190 126 575
f 190 124 191
f 190 126 188
f 190 124 126
f 190 575 191
f 190 124 191
f 190 124 575
f 190 124 188
f 190 191 121
f 190 188 236
f 190 187 121
f 190 188 187
f 190 238 236
f 190 191 238
f 190 191 238
f 190 188 187
f 190 187 121
f 190 191 121
f 190 119 187
f 190 119 191
f 190 234 233
f 190 119 118
f 190 119 191
f 190 233 187
f 190 117 118
f 190 117 191
f 190 231 187
f 190 231 233
f 190 231 191
f 190 117 115
f 190 117 115
f 190 230 231
f 190 230 191
f 190 231 187
f 190 230 231
f 190 219 115
f 190 219 115
f 190 228 187
f 190 228 191
f 190 219 222
f 190 115 185
f 190 115 187
f 190 115 197
f 190 219 218
f 190 228 227
f 190 223 185
f 190 194 223
f 190 194 222
f 190 219 218
f 190 115 194
f 190 115 191
f 190 217 218
f 190 226 227
f 190 228 227
f 190 228 191
f 190 223 185
f 190 187 185
f 190 194 223
f 190 225 187
f 190 217 218
f 190 214 197
f 190 215 214
f 190 215 214
f 190 215 111
f 190 215 197
f 190 217 111
f 190 225 226
f 190 226 227
f 190 225 194
f 190 217 197
f 190 225 226
f 503 496 539
f 503 601 539
f 503 601 496
f 503 497 496
f 503 601 536
f 503 497 539
f 503 496 604
f 503 497 496
f 503 542 499
f 503 605 604
f 503 497 608
f 503 497 610
f 503 497 610
f 503 497 611
f 503 615 445
f 503 499 445
f 503 499 443
f 503 501 502
f 503 497 613
f 503 545 546
f 503 502 546
f 503 615 446
f 503 499 446
f 503 615 614
f 503 497 613
f 503 613 614
f 503 614 447
f 503 501 440
f 503 613 447
f 503 497 447
f 503 497 498
f 503 498 447
f 503 499 498
f 503 501 502
f 503 501 440
f 503 440 439
f 503 502 437
f 503 502 437
f 603 605 620
f 603 605 620
f 603 620 604
f 603 620 602
f 603 605 604
f 603 601 604
f 603 601 602
f 603 536 604
f 603 601 602
f 603 601 536
f 603 503 536
f 603 503 496
f 603 503 601
f 603 503 601
f 603 496 490
f 603 601 496
f 603 485 490
f 603 485 601
f 603 485 484
f 603 485 601
f 603 483 484
f 603 483 601
f 603 483 604
f 603 483 601
f 603 481 604
f 603 481 601
f 603 478 604
f 603 601 604
f 603 601 478
f 617 620 606
f 617 620 604
f 617 605 604
f 617 605 620
f 617 619 605
f 617 606 104
f 617 608 616
f 617 608 609
f 617 605 608
f 617 619 605
f 617 606 104
f 617 102 104
f 617 610 609
f 617 605 610
f 617 449 620
f 617 449 620
f 617 619 620
f 617 611 616
f 617 605 611
f 617 102 104
f 617 102 623
f 617 610 611
f 617 605 610
f 617 616 687
f 617 620 687
f 617 616 690
f 617 449 690
f 617 449 616
f 617 616 447
f 617 449 447
f 617 449 616
f 617 616 447
f 617 619 447
f 617 102 612
f 617 667 623
f 617 620 667
f 617 684 616
f 617 620 684
f 617 616 446
f 617 619 446
f 617 619 618
f 617 613 612
f 617 616 613
f 617 667 671
f 617 620 667
f 617 680 684
f 617 680 620
f 617 618 445
f 617 616 445
f 617 613 614
f 617 616 613
f 617 677 616
f 617 680 677
f 617 680 620
f 617 443 618
f 617 443 616
f 617 615 614
f 617 616 615
f 617 616 615
f 617 443 506
f 617 443 616
f 617 510 506
f 617 510 616
f 617 510 618
f 617 510 616
f 617 618 512
f 617 616 512
f 617 618 512
f 617 616 512
f 617 616 618
f 475 457 474
f 475 476 457
f 475 609 474
f 475 476 609
f 475 456 457
f 475 456 476
f 475 608 609
f 475 476 608
f 475 456 455
f 475 456 455
f 475 455 474
f 475 604 474
f 475 476 604
f 475 474 452
f 475 476 452
f 475 604 474
f 475 476 604
f 475 474 452
f 475 476 452
f 475 474 600
f 475 476 600
f 475 473 474
f 475 474 593
f 475 476 593
f 475 473 448
f 475 476 448
f 475 476 473
f 475 474 593
f 475 476 593
f 475 473 280
f 475 476 280
f 475 473 280
f 475 476 280
f 475 474 585
f 475 476 585
f 475 473 279
f 475 476 279
f 475 473 282
f 475 476 282
f 475 474 585
f 475 476 585
f 475 473 277
f 475 476 277
f 475 473 282
f 475 476 282
f 475 474 572
f 475 476 572
f 475 473 474
f 475 473 277
f 475 476 277
f 475 473 284
f 475 476 284
f 475 569 474
f 475 476 569
f 475 275 474
f 475 476 275
f 475 473 399
f 475 476 399
f 475 568 569
f 475 476 568
f 475 275 274
f 475 476 275
f 475 473 400
f 475 476 400
f 475 568 474
f 475 273 274
f 475 476 273
f 475 473 400
f 475 476 400
f 475 219 474
f 475 476 219
f 475 568 567
f 475 476 567
f 475 476 568
f 475 273 474
f 475 476 273
f 475 473 402
f 475 476 402
f 475 219 221
f 475 476 219
f 475 474 271
f 475 476 271
f 475 473 402
f 475 476 402
f 475 221 474
f 475 476 221
f 475 270 474
f 475 476 270
f 475 473 404
f 475 476 404
f 475 223 474
f 475 476 223
f 475 270 474
f 475 476 270
f 475 473 404
f 475 476 404
f 475 476 473
f 475 223 474
f 475 476 223
f 475 474 268
f 475 476 268
f 475 225 474
f 475 225 476
f 475 474 267
f 475 476 267
f 475 225 226
f 475 225 476
f 475 474 267
f 475 476 267
f 475 226 227
f 475 476 226
f 475 474 266
f 475 476 266
f 475 228 227
f 475 476 228
f 475 474 265
f 475 476 265
f 475 228 229
f 475 474 263
f 475 476 263
f 475 230 229
f 475 230 228
f 475 230 476
f 475 474 263
f 475 476 263
f 475 230 231
f 475 230 476
f 475 261 474
f 475 476 261
f 475 231 233
f 475 476 231
f 475 261 260
f 475 476 261
f 475 476 233
f 475 260 474
f 475 238 236
f 475 476 238
f 475 474 258
f 475 260 258
f 475 476 260
f 475 474 258
f 475 256 258
f 475 256 474
f 475 255 256
f 475 255 476
f 475 255 256
f 475 246 474
f 475 476 246
f 475 255 474
f 475 248 246
f 475 476 248
f 475 255 252
f 475 255 476
f 475 248 250
f 475 476 248
f 475 474 253
f 475 252 253
f 475 252 474
f 475 252 250
f 475 476 252
f 477 610 609
f 477 476 609
f 477 456 610
f 477 456 476
f 477 610 478
f 477 456 610
f 477 478 608
f 477 476 608
f 477 456 455
f 477 456 455
f 477 478 604
f 477 476 604
f 477 478 452
f 477 476 452
f 477 478 604
f 477 476 604
f 477 478 452
f 477 476 452
f 477 478 600
f 477 476 600
f 477 478 448
f 477 476 448
f 477 478 593
f 477 476 593
f 477 478 448
f 477 476 448
f 477 478 593
f 477 476 593
f 477 478 446
f 477 476 446
f 477 478 585
f 477 476 585
f 477 478 443
f 477 476 443
f 477 478 585
f 477 476 585
f 477 478 443
f 477 476 443
f 477 478 572
f 477 476 572
f 477 478 441
f 477 476 441
f 477 568 478
f 477 476 568
f 477 478 435
f 477 476 435
f 477 568 478
f 477 476 568
f 477 478 434
f 477 476 434
f 477 566 478
f 477 478 434
f 477 476 434
f 477 476 217
f 477 566 217
f 477 566 478
f 477 478 431
f 477 476 431
f 477 478 217
f 477 476 217
f 477 478 431
f 477 476 431
f 477 219 478
f 477 476 219
f 477 478 428
f 477 476 428
f 477 219 478
f 477 478 428
f 477 476 428
f 477 478 221
f 477 219 221
f 477 476 219
f 477 478 426
f 477 476 426
f 477 478 221
f 477 476 221
f 477 478 426
f 477 476 426
f 477 478 223
f 477 476 223
f 477 478 425
f 477 476 425
f 477 478 223
f 477 476 223
f 477 478 423
f 477 476 423
f 477 225 478
f 477 225 476
f 477 478 423
f 477 476 423
f 477 225 226
f 477 225 476
f 477 478 422
f 477 476 422
f 477 226 478
f 477 476 226
f 477 478 420
f 477 476 420
f 477 476 228
f 477 478 419
f 477 476 419
f 477 230 478
f 477 230 228
f 477 230 476
f 477 478 419
f 477 476 419
f 477 230 478
f 477 230 476
f 477 478 417
f 477 476 417
f 477 478 233
f 477 476 233
f 477 478 417
f 477 476 417
f 477 478 238
f 477 476 238
f 477 478 416
f 477 476 416
f 477 478 414
f 477 476 414
f 477 246 478
f 477 476 246
f 477 478 403
f 477 248 246
f 477 476 248
f 477 404 403
f 477 476 404
f 477 476 404
f 477 478 402
f 477 476 402
f 477 248 478
f 477 476 248
f 477 478 402
f 477 476 402
f 477 476 252
f 477 478 400
f 477 476 400
f 477 255 478
f 477 255 252
f 477 255 476
f 477 478 400
f 477 476 400
f 477 255 478
f 477 255 476
f 477 478 398
f 477 478 261
f 477 398 399
f 477 476 399
f 477 478 398
f 477 261 260
f 477 476 260
f 477 476 261
f 477 478 261
f 477 476 261
f 477 478 282
f 477 476 282
f 477 478 262
f 477 476 262
f 477 478 282
f 477 476 282
f 477 478 266
f 477 476 266
f 477 478 280
f 477 476 280
f 477 478 267
f 477 476 267
f 477 478 280
f 477 476 280
f 477 478 267
f 477 476 267
f 477 478 277
f 477 476 277
f 477 478 271
f 477 476 271
f 477 478 277
f 477 476 277
f 477 478 271
f 477 476 271
f 477 478 274
f 477 476 274
f 477 478 273
f 477 476 273
f 477 478 273
f 477 476 273
f 293 294 392
f 293 292 392
f 293 292 294
f 293 394 294
f 293 292 394
f 293 394 294
f 293 294 398
f 293 292 398
f 293 394 396
f 293 292 396
f 293 292 394
f 293 294 398
f 293 292 398
f 293 294 400
f 293 292 400
f 293 294 400
f 293 292 400
f 293 402 294
f 293 292 402
f 293 402 294
f 293 292 402
f 293 404 294
f 293 292 404
f 293 404 294
f 293 292 404
f 293 408 460
f 293 460 405
f 293 292 405
f 293 292 460
f 293 292 295
f 293 294 409
f 293 408 409
f 293 408 409
f 293 295 294
f 293 409 460
f 293 294 409
f 293 460 459
f 293 295 296
f 293 292 295
f 293 296 459
f 293 460 458
f 293 296 297
f 293 299 458
f 293 275 460
f 293 292 275
f 293 298 297
f 293 298 299
f 293 275 268
f 293 298 288
f 293 296 297
f 293 290 296
f 293 291 290
f 293 292 291
f 293 292 291
f 293 268 259
f 293 299 259
f 293 298 283
f 293 288 297
f 293 283 290
f 293 292 283
f 293 275 268
f 293 283 288
f 293 283 287
f 293 298 287
f 293 298 283
f 293 275 300
f 293 275 283
f 293 292 275
f 293 283 300
f 293 283 299
f 543 193 547
f 543 542 193
f 543 198 547
f 543 542 198
f 543 198 199
f 543 542 198
f 543 199 200
f 543 542 199
f 543 201 200
f 543 542 201
f 543 201 547
f 543 542 201
f 543 203 547
f 543 542 203
f 543 204 203
f 543 204 542
f 543 204 205
f 543 204 542
f 543 206 205
f 543 542 206
f 543 542 206
f 543 509 542
f 543 542 507
f 543 542 640
f 543 547 641
f 543 542 641
f 543 610 611
f 543 542 611
f 543 542 610
f 543 542 610
f 543 503 542
f 543 542 605
f 543 542 499
f 543 542 605
f 543 497 542
f 543 542 601
f 543 497 542
f 543 542 601
f 543 542 496
f 543 490 599
f 543 542 490
f 540 507 539
f 540 538 609
f 540 610 538
f 540 610 538
f 540 608 609
f 540 503 539
f 540 605 608
f 540 497 539
f 540 497 496
f 540 603 602
f 540 603 605
f 540 603 605
f 540 601 602
f 540 496 490
f 540 601 539
f 540 490 539
f 508 507 420
f 508 509 420
f 508 507 422
f 508 509 422
f 508 507 419
f 508 509 419
f 508 507 423
f 508 509 423
f 508 507 419
f 508 509 419
f 508 507 423
f 508 509 423
f 508 507 417
f 508 509 417
f 508 507 425
f 508 509 425
f 508 507 417
f 508 509 417
f 508 507 426
f 508 509 426
f 508 507 416
f 508 509 416
f 508 507 426
f 508 509 426
f 508 507 428
f 508 509 428
f 508 507 428
f 508 509 428
f 508 507 431
f 508 509 431
f 508 507 431
f 508 509 431
f 508 507 434
f 508 509 434
f 508 507 434
f 508 509 434
f 508 507 437
f 508 509 437
f 508 507 437
f 508 509 437
f 508 507 506
f 508 506 439
f 508 509 439
f 508 507 539
f 508 440 506
f 508 509 440
f 508 509 440
f 508 537 539
f 508 509 536
f 508 537 536
f 508 537 509
f 508 537 538
f 508 537 509
f 508 540 538
f 508 540 507
f 508 543 542
f 508 543 509
f 508 543 507
f 508 543 509
f 508 507 206
f 508 509 206
f 508 507 206
f 508 509 206
f 508 509 203
f 508 204 507
f 508 509 204
f 508 204 507
f 508 509 204
f 337 336 67
f 337 67 66
f 337 336 66
f 337 66 715
f 337 715 714
f 337 67 715
f 337 336 64
f 337 714 713
f 337 67 69
f 337 336 67
f 337 64 715
f 337 336 64
f 337 713 338
f 337 69 714
f 337 715 338
f 337 64 715
f 337 63 717
f 337 64 63
f 337 62 63
f 337 336 62
f 337 713 712
f 337 69 713
f 337 336 69
f 337 717 338
f 337 64 717
f 337 62 338
f 337 336 62
f 337 339 712
f 337 339 338
f 337 712 711
f 337 336 57
f 337 339 710
f 337 71 711
f 337 336 71
f 337 710 71
f 337 339 710
f 337 710 71
f 337 336 71
f 337 336 708
f 337 339 708
f 337 336 708
f 337 339 708
f 337 336 705
f 337 339 705
f 337 339 704
f 337 702 704
f 337 336 702
f 337 339 702
f 337 336 702
f 337 339 702
f 337 339 340
f 337 339 701
f 337 336 701
f 337 340 338
f 337 336 338
f 337 447 340
f 337 449 447
f 337 336 449
f 337 339 340
f 337 451 453
f 337 336 451
f 337 336 449
f 337 449 340
f 337 449 451
f 337 447 342
f 337 447 445
f 337 336 342
f 337 332 447
f 337 332 336
f 337 343 445
f 337 336 343
f 337 332 343
f 337 332 336
f 335 334 67
f 335 336 67
f 335 334 66
f 335 336 66
f 335 334 68
f 335 336 68
f 335 334 64
f 335 336 64
f 335 334 68
f 335 336 68
f 335 334 64
f 335 336 64
f 335 334 69
f 335 336 69
f 335 334 62
f 335 336 62
f 335 334 71
f 335 336 71
f 335 334 62
f 335 336 62
f 335 334 71
f 335 336 71
f 335 334 73
f 335 336 73
f 335 332 702
f 335 332 334
f 335 702 705
f 335 336 705
f 335 336 702
f 335 336 702
f 335 334 338
f 335 336 338
f 335 332 702
f 335 336 701
f 335 334 338
f 335 336 338
f 335 332 701
f 335 334 343
f 335 336 343
f 335 332 334
f 335 332 336
f 335 336 451
f 335 332 451
f 335 336 449
f 335 332 449
f 335 332 336
f 235 234 115
f 235 237 115
f 235 237 234
f 235 234 173
f 235 237 173
f 235 180 234
f 235 237 180
f 235 237 180
f 235 180 183
f 235 180 234
f 235 473 234
f 235 237 473
f 235 237 473
f 235 234 472
f 235 237 472
f 235 237 234
f 235 183 236
f 235 234 183
f 235 473 236
f 235 473 234
f 235 187 236
f 235 234 187
f 235 234 233
f 235 190 187
f 235 190 234
f 235 475 236
f 235 475 233
f 235 475 233
f 235 190 234
f 235 190 191
f 235 190 191
f 235 191 192
f 235 191 233
f 235 192 236
f 235 233 192
f 235 194 236
f 235 233 194
f 235 194 236
f 235 233 194
f 235 236 196
f 235 233 196
f 235 198 236
f 235 198 233
f 235 198 233
f 486 449 490
f 486 485 490
f 486 485 449
f 486 449 490
f 486 485 449
f 486 447 448
f 486 485 448
f 486 485 446
f 486 485 443
f 486 485 443
f 486 485 440
f 486 485 440
f 486 485 437
f 486 485 437
f 486 485 434
f 486 485 434
f 486 485 431
f 486 485 431
f 486 485 428
f 486 485 428
f 486 485 426
f 486 485 426
f 486 485 425
f 486 485 423
f 486 485 423
f 486 485 422
f 486 485 420
f 486 485 419
f 486 485 419
f 486 485 417
f 486 485 417
f 486 485 416
f 486 485 400
f 486 485 400
f 486 485 414
f 486 485 401
f 486 485 398
f 486 485 398
f 486 280 396
f 486 280 281
f 486 485 281
f 486 485 280
f 486 485 280
f 486 485 276
f 486 485 273
f 486 485 273
f 486 485 271
f 486 485 271
f 486 485 266
f 486 485 266
f 486 485 262
f 486 255 485
f 486 485 236
f 486 255 236
f 486 485 215
f 486 485 559
f 486 485 215
f 486 217 220
f 486 485 217
f 486 485 217
f 486 485 238
f 486 255 238
f 486 255 485
f 486 485 556
f 486 485 556
f 486 485 553
f 486 485 490
f 492 443 490
f 492 493 490
f 492 493 443
f 492 493 443
f 492 493 440
f 492 493 440
f 492 493 437
f 492 493 437
f 492 493 434
f 492 493 434
f 492 493 431
f 492 493 431
f 492 493 428
f 492 493 428
f 492 493 426
f 492 493 426
f 492 493 425
f 492 493 423
f 492 493 423
f 492 493 422
f 492 493 420
f 492 493 419
f 492 493 419
f 492 493 417
f 492 493 417
f 492 493 416
f 492 493 400
f 492 493 400
f 492 493 398
f 492 493 398
f 492 493 396
f 492 493 396
f 492 493 276
f 492 493 273
f 492 493 273
f 492 493 271
f 492 493 271
f 492 493 266
f 492 493 266
f 492 493 212
f 492 556 212
f 492 556 490
f 492 554 212
f 492 493 554
f 492 556 554
f 492 490 554
f 492 493 554
f 492 490 553
f 492 493 553
f 492 493 490
f 494 496 443
f 494 493 443
f 494 493 496
f 494 493 440
f 494 493 440
f 494 493 437
f 494 493 437
f 494 493 434
f 494 493 434
f 494 493 431
f 494 493 431
f 494 493 428
f 494 493 428
f 494 493 426
f 494 493 426
f 494 493 425
f 494 493 423
f 494 493 423
f 494 493 422
f 494 493 420
f 494 493 419
f 494 493 419
f 494 493 417
f 494 493 417
f 494 493 416
f 494 493 400
f 494 493 400
f 494 493 398
f 494 493 398
f 494 493 396
f 494 493 395
f 494 493 276
f 494 493 273
f 494 493 273
f 494 493 271
f 494 493 271
f 494 493 266
f 494 212 266
f 494 493 266
f 494 493 212
f 494 211 554
f 494 493 554
f 494 211 554
f 494 493 554
f 494 496 551
f 494 493 551
f 494 496 551
f 494 493 551
f 494 493 496
f 55 95 94
f 55 95 52
f 55 52 1
f 55 52 1
f 55 52 2
f 55 339 722
f 59 89 88
f 59 719 338
f 59 339 338
f 674 673 1
f 674 673 675
f 674 673 1
f 674 673 2
f 674 2 61
f 674 62 2
f 674 62 677
f 674 62 677
f 674 673 4
f 674 59 4
f 674 62 671
f 674 677 64
f 674 62 63
f 674 677 64
f 674 673 5
f 674 673 57
f 674 64 63
f 674 677 69
f 674 64 69
f 674 64 69
f 674 677 69
f 674 69 671
f 674 671 71
f 674 677 71
f 674 671 71
f 674 677 71
f 674 634 677
f 674 677 633
f 674 633 630
f 674 634 633
f 674 617 671
f 674 617 677
f 674 625 630
f 674 634 635
f 674 617 620
f 674 617 620
f 674 625 623
f 674 677 625
f 674 625 628
f 674 677 628
f 674 677 625
f 674 636 635
f 674 673 675
f 674 620 623
f 674 620 677
f 674 636 637
f 674 673 637
f 676 678 677
f 676 677 636
f 676 675 637
f 676 678 637
f 676 678 675
f 676 678 677
f 676 674 636
f 676 674 675
f 676 677 726
f 676 675 726
f 676 675 725
f 676 678 725
f 676 678 675
f 676 677 636
f 676 674 636
f 676 674 675
f 676 677 728
f 676 675 728
f 676 634 677
f 676 674 634
f 676 674 634
f 676 677 728
f 676 675 728
f 676 677 1
f 676 674 1
f 676 677 1
f 676 674 1
f 676 674 677
f 663 653 668
f 663 664 653
f 663 668 662
f 663 664 668
f 663 655 653
f 663 664 655
f 663 655 658
f 663 664 655
f 663 12 662
f 663 11 12
f 663 10 11
f 663 664 10
f 663 664 10
f 663 664 11
f 663 658 662
f 663 664 658
f 663 13 12
f 663 664 13
f 663 59 664
f 663 13 14
f 663 664 13
f 663 14 662
f 663 664 14
f 663 57 52
f 663 664 57
f 663 16 662
f 663 664 16
f 663 52 662
f 663 664 52
f 663 17 16
f 663 664 17
f 663 50 662
f 663 664 50
f 663 49 50
f 663 664 49
f 663 21 662
f 663 664 21
f 663 49 48
f 663 664 49
f 663 21 662
f 663 664 21
f 663 43 48
f 663 664 43
f 663 23 662
f 663 664 23
f 663 41 43
f 663 41 664
f 663 24 23
f 663 664 24
f 663 41 34
f 663 41 664
f 663 24 662
f 663 32 34
f 663 26 662
f 663 32 24
f 663 32 30
f 663 32 34
f 663 664 34
f 663 32 26
f 663 27 26
f 663 30 662
f 663 32 26
f 663 27 662
f 663 27 26
f 663 27 30
f 665 664 653
f 665 666 653
f 665 664 668
f 665 664 655
f 665 666 655
f 665 668 6
f 665 664 655
f 665 666 655
f 665 7 6
f 665 7 668
f 665 666 7
f 665 8 7
f 665 664 8
f 665 666 8
f 665 664 658
f 665 666 658
f 665 664 8
f 665 666 8
f 665 664 71
f 665 666 71
f 665 664 10
f 665 666 10
f 665 664 71
f 665 666 71
f 665 664 10
f 665 666 10
f 665 666 70
f 665 664 13
f 665 666 13
f 665 664 13
f 665 666 13
f 665 664 14
f 665 666 14
f 665 664 57
f 665 666 57
f 665 664 16
f 665 666 16
f 665 664 52
f 665 666 52
f 665 664 17
f 665 666 17
f 665 664 50
f 665 666 50
f 665 664 49
f 665 666 49
f 665 664 34
f 665 664 49
f 665 666 49
f 665 666 17
f 665 41 664
f 665 664 43
f 665 666 43
f 665 41 664
f 454 456 610
f 454 456 455
f 454 610 612
f 454 456 690
f 454 456 692
f 454 613 612
f 454 613 690
f 454 692 690
f 454 481 482
f 454 481 610
f 454 456 692
f 454 613 614
f 454 613 614
f 454 692 695
f 454 483 482
f 454 483 610
f 454 483 610
f 454 477 478
f 454 477 455
f 454 456 695
f 454 615 690
f 454 615 614
f 454 615 614
f 454 695 453
f 454 477 476
f 454 477 455
f 454 456 332
f 454 475 476
f 454 475 455
f 454 475 455
f 454 335 332
f 454 456 332
f 454 335 336
f 454 335 336
f 454 335 332
f 454 332 331
f 454 456 331
f 454 337 453
f 454 337 336
f 454 337 336
f 454 331 328
f 454 456 327
f 454 327 328
f 454 456 327
f 454 327 324
f 454 456 323
f 454 323 324
f 454 456 323
f 454 323 322
f 454 456 322
f 454 322 321
f 454 456 320
f 454 320 321
f 454 456 317
f 454 317 320
f 454 456 316
f 454 316 317
f 454 456 316
f 454 316 315
f 454 456 315
f 454 315 314
f 454 456 313
f 454 313 314
f 454 456 313
f 454 313 312
f 454 456 311
f 454 311 312
f 454 456 311
f 454 311 310
f 454 456 307
f 454 307 310
f 454 456 307
f 454 307 306
f 454 456 305
f 454 305 306
f 454 456 305
f 454 456 455
f 454 305 304
f 454 303 304
f 454 455 303
f 454 303 302
f 454 455 303
f 454 302 301
f 454 455 302
f 454 301 300
f 454 455 301
f 454 299 300
f 454 455 299
f 454 455 299
f 18 41 17
f 18 17 34
f 18 665 34
f 18 665 41
f 18 34 33
f 18 34 35
f 18 665 664
f 18 665 664
f 18 41 17
f 18 665 17
f 18 665 41
f 18 20 33
f 18 35 20
f 18 17 35
f 18 663 664
f 18 663 664
f 18 20 19
f 18 663 662
f 18 663 17
f 18 19 659
f 18 20 652
f 18 17 652
f 18 17 20
f 18 662 661
f 18 17 662
f 18 660 659
f 18 17 660
f 18 660 19
f 18 660 661
f 18 17 660
f 125 126 83
f 125 124 83
f 125 124 126
f 125 126 80
f 125 124 80
f 125 124 80
f 125 80 79
f 125 126 80
f 125 124 79
f 125 79 77
f 125 124 76
f 125 76 77
f 125 76 127
f 125 122 76
f 125 124 122
f 125 122 75
f 125 122 649
f 125 575 127
f 125 126 575
f 125 127 642
f 125 124 642
f 125 124 575
f 125 122 648
f 125 127 648
f 125 643 127
f 125 124 643
f 125 190 126
f 125 190 124
f 125 190 124
f 125 122 648
f 125 127 648
f 125 643 127
f 125 122 647
f 125 127 647
f 125 127 644
f 125 122 643
f 125 124 122
f 125 122 644
f 504 503 536
f 504 540 503
f 504 503 536
f 504 503 605
f 504 543 503
f 504 503 605
f 504 503 545
f 504 503 608
f 504 503 610
f 504 503 502
f 504 503 610
f 504 502 547
f 504 507 502
f 504 503 611
f 504 502 431
f 504 502 434
f 504 503 613
f 504 502 431
f 504 502 434
f 504 503 502
f 504 503 613
f 504 503 437
f 504 503 615
f 504 503 437
f 504 503 439
f 504 616 615
f 504 503 615
f 504 503 440
f 504 503 443
f 504 503 440
f 504 503 442
f 504 503 442
f 500 442 499
f 500 503 499
f 500 503 442
f 500 442 499
f 500 503 442
f 500 503 501
f 500 501 440
f 500 499 440
f 500 503 501
f 500 501 440
f 500 499 440
f 500 501 546
f 500 499 545
f 500 503 545
f 500 503 499
f 500 501 437
f 500 499 437
f 500 548 546
f 500 499 548
f 500 501 548
f 500 501 437
f 500 499 437
f 500 499 549
f 500 501 434
f 500 499 434
f 500 549 548
f 500 501 548
f 500 501 434
f 500 499 434
f 500 549 551
f 500 499 551
f 500 499 549
f 500 501 210
f 500 499 210
f 500 501 431
f 500 499 431
f 500 501 206
f 500 499 206
f 500 501 431
f 500 499 431
f 500 501 428
f 500 499 428
f 500 501 428
f 500 499 428
f 500 501 426
f 500 499 426
f 500 501 426
f 500 499 426
f 500 501 425
f 500 499 425
f 500 501 423
f 500 499 423
f 500 501 423
f 500 499 423
f 500 501 422
f 500 499 422
f 500 501 420
f 500 499 420
f 500 501 419
f 500 499 419
f 500 501 419
f 500 499 419
f 500 499 399
f 500 501 417
f 500 499 417
f 500 501 416
f 500 499 416
f 500 501 417
f 500 499 417
f 607 617 605
f 607 617 605
f 607 617 606
f 607 617 608
f 607 534 536
f 607 534 605
f 607 534 605
f 607 537 536
f 607 537 605
f 607 537 605
f 607 608 457
f 607 534 532
f 607 534 532
f 607 606 690
f 607 457 690
f 607 457 606
f 607 457 606
f 607 608 457
f 607 529 532
f 607 529 532
f 607 606 458
f 607 608 458
f 607 529 606
f 607 529 608
f 607 462 606
f 607 608 462
f 607 606 518
f 607 608 518
f 607 462 463
f 607 608 462
f 607 506 606
f 607 608 506
f 607 608 467
f 607 463 606
f 607 467 606
f 607 467 463
f 607 468 467
f 607 468 608
f 607 504 503
f 607 504 503
f 607 468 469
f 607 468 608
f 607 503 496
f 607 503 496
f 607 470 469
f 607 608 470
f 607 496 490
f 607 496 608
f 607 470 474
f 607 608 470
f 607 485 490
f 607 475 474
f 607 475 608
f 607 485 484
f 607 484 608
f 607 485 484
f 607 475 476
f 607 475 476
f 607 483 484
f 607 483 484
f 607 477 476
f 607 477 476
f 607 483 482
f 607 483 608
f 607 477 478
f 607 477 478
f 607 481 482
f 607 481 608
f 240 477 476
f 240 477 478
f 240 475 476
f 240 238 206
f 240 238 206
f 240 475 238
f 240 481 238
f 240 238 210
f 240 204 238
f 240 238 474
f 240 483 238
f 240 238 210
f 240 204 203
f 240 473 474
f 240 241 473
f 240 241 473
f 240 483 255
f 240 255 238
f 240 203 238
f 240 186 238
f 240 186 238
f 240 255 484
f 240 483 484
f 240 483 255
f 240 238 201
f 240 183 238
f 240 238 188
f 240 186 188
f 240 238 201
f 240 184 183
f 240 180 238
f 240 180 183
f 240 238 188
f 240 238 199
f 240 180 183
f 240 198 238
f 240 180 179
f 240 192 193
f 240 238 192
f 240 238 192
f 240 238 193
f 240 198 238
f 240 179 173
f 240 173 239
f 240 241 173
f 240 179 178
f 240 241 178
f 240 241 179
f 240 166 239
f 240 241 166
f 240 241 166
f 544 206 547
f 544 543 206
f 544 543 206
f 544 507 547
f 544 543 507
f 544 504 545
f 544 602 545
f 544 602 609
f 544 601 602
f 544 543 601
f 544 610 609
f 544 543 610
f 544 605 602
f 544 543 605
f 544 543 605
f 544 543 601
f 544 504 503
f 544 504 543
f 544 610 547
f 544 543 610
f 544 601 599
f 544 601 599
f 544 543 599
f 544 503 499
f 544 543 503
f 544 547 640
f 544 543 640
f 544 543 547
f 544 599 545
f 544 499 498
f 544 543 499
f 544 490 545
f 544 490 599
f 544 543 490
f 544 497 498
f 544 543 497
f 544 496 490
f 544 543 496
f 544 497 496
f 544 543 497
f 541 508 542
f 541 508 540
f 541 542 507
f 541 540 507
f 541 508 540
f 541 509 542
f 541 508 509
f 541 508 509
f 541 504 503
f 541 504 540
f 541 538 641
f 541 542 641
f 541 542 538
f 541 538 640
f 541 542 640
f 541 503 542
f 541 540 503
f 541 538 611
f 541 540 538
f 541 542 611
f 541 497 542
f 541 540 497
f 541 542 610
f 541 540 610
f 541 497 542
f 541 540 497
f 541 542 610
f 541 540 610
f 541 542 496
f 541 540 496
f 541 542 608
f 541 540 608
f 541 542 490
f 541 540 490
f 541 542 605
f 541 540 605
f 541 542 601
f 541 540 601
f 541 542 605
f 541 540 605
f 541 542 601
f 541 540 601
f 487 490 447
f 487 486 447
f 487 486 490
f 487 490 447
f 487 486 447
f 487 486 446
f 487 486 443
f 487 486 443
f 487 486 440
f 487 486 440
f 487 486 437
f 487 486 437
f 487 486 434
f 487 486 434
f 487 486 431
f 487 486 431
f 487 486 428
f 487 486 428
f 487 486 426
f 487 486 426
f 487 486 425
f 487 486 423
f 487 486 423
f 487 486 422
f 487 486 420
f 487 486 419
f 487 486 419
f 487 486 417
f 487 486 417
f 487 486 416
f 487 486 400
f 487 486 400
f 487 401 414
f 487 486 414
f 487 486 401
f 487 486 398
f 487 486 398
f 487 486 396
f 487 486 280
f 487 486 280
f 487 486 276
f 487 486 273
f 487 486 273
f 487 486 271
f 487 486 271
f 487 486 266
f 487 486 266
f 487 486 262
f 487 255 212
f 487 486 255
f 487 255 220
f 487 486 255
f 487 213 212
f 487 220 212
f 487 486 220
f 487 213 215
f 487 486 215
f 487 486 559
f 487 213 215
f 487 486 215
f 487 556 559
f 487 486 556
f 487 556 490
f 487 486 556
f 487 490 553
f 487 486 553
f 487 486 490
f 491 443 490
f 491 492 443
f 491 492 443
f 491 492 440
f 491 492 440
f 491 492 437
f 491 492 437
f 491 492 434
f 491 492 434
f 491 492 431
f 491 492 431
f 491 492 428
f 491 492 428
f 491 492 271
f 491 492 271
f 491 492 426
f 491 492 266
f 491 492 273
f 491 492 426
f 491 492 266
f 491 492 273
f 491 492 425
f 491 492 276
f 491 492 423
f 491 212 262
f 491 492 212
f 491 492 423
f 491 556 490
f 491 492 556
f 491 492 556
f 491 492 396
f 491 492 422
f 491 492 396
f 491 492 420
f 491 492 398
f 491 492 419
f 491 492 398
f 491 492 419
f 491 492 400
f 491 492 417
f 491 492 400
f 491 492 417
f 491 492 416
f 495 496 440
f 495 494 440
f 495 494 496
f 495 496 440
f 495 494 440
f 495 494 437
f 495 497 437
f 495 497 496
f 495 494 437
f 495 497 437
f 495 494 434
f 495 497 434
f 495 494 434
f 495 497 434
f 495 494 431
f 495 497 431
f 495 494 431
f 495 497 496
f 495 498 431
f 495 497 498
f 495 494 428
f 495 496 211
f 495 498 428
f 495 494 428
f 495 211 210
f 495 494 211
f 495 496 211
f 495 494 211
f 495 494 496
f 495 498 210
f 495 497 498
f 495 210 266
f 495 498 428
f 495 494 426
f 495 210 212
f 495 494 212
f 495 494 266
f 495 498 426
f 495 494 426
f 495 206 266
f 495 498 206
f 495 494 271
f 495 498 426
f 495 494 425
f 495 494 271
f 495 498 425
f 495 494 423
f 495 498 423
f 495 494 423
f 495 273 276
f 495 494 273
f 495 494 273
f 495 498 423
f 495 494 422
f 495 498 422
f 495 494 420
f 495 498 420
f 495 494 419
f 495 494 396
f 495 498 419
f 495 494 419
f 495 494 398
f 495 498 419
f 495 494 417
f 495 494 398
f 495 498 417
f 495 494 417
f 495 498 398
f 495 498 417
f 495 494 416
f 495 498 399
f 495 400 399
f 495 494 400
f 495 494 400
f 495 498 416
f 56 95 94
f 56 55 95
f 56 94 57
f 56 55 94
f 56 95 57
f 56 55 95
f 56 92 57
f 56 55 92
f 56 57 52
f 56 55 52
f 56 92 57
f 56 55 92
f 56 57 91
f 56 55 91
f 56 52 5
f 56 57 5
f 56 52 4
f 56 55 52
f 56 57 4
f 56 57 89
f 56 55 89
f 56 52 5
f 56 57 5
f 56 57 2
f 56 55 2
f 56 57 89
f 56 55 89
f 56 52 6
f 56 57 6
f 56 57 1
f 56 55 1
f 56 57 88
f 56 55 88
f 56 670 52
f 56 670 57
f 56 670 57
f 56 57 1
f 56 55 1
f 56 57 73
f 56 55 73
f 56 57 728
f 56 55 728
f 56 336 57
f 56 57 728
f 56 55 728
f 56 336 338
f 56 55 338
f 56 336 57
f 56 57 726
f 56 55 726
f 56 57 339
f 56 55 339
f 56 57 725
f 56 55 725
f 56 57 339
f 56 55 339
f 56 57 725
f 56 55 725
f 56 57 722
f 56 55 722
f 56 57 724
f 56 55 724
f 54 94 52
f 54 55 94
f 54 55 94
f 54 92 52
f 54 55 92
f 54 52 53
f 54 52 53
f 54 92 52
f 54 55 92
f 54 53 726
f 54 55 726
f 54 52 728
f 54 55 728
f 54 53 91
f 54 55 91
f 54 53 725
f 54 55 725
f 54 52 728
f 54 55 728
f 54 55 52
f 54 89 53
f 54 55 89
f 54 53 725
f 54 55 725
f 54 89 88
f 54 55 89
f 54 53 724
f 54 55 724
f 54 55 88
f 54 339 53
f 54 55 339
f 54 53 87
f 54 88 87
f 54 88 53
f 54 53 73
f 54 55 73
f 54 339 53
f 54 55 339
f 54 53 338
f 54 55 338
f 58 95 94
f 58 59 95
f 58 94 57
f 58 59 94
f 58 95 57
f 58 59 95
f 58 92 57
f 58 59 92
f 58 57 96
f 58 59 96
f 58 92 57
f 58 59 92
f 58 57 662
f 58 57 91
f 58 59 91
f 58 663 662
f 58 663 59
f 58 663 57
f 58 57 89
f 58 59 89
f 58 663 664
f 58 663 59
f 58 57 89
f 58 59 89
f 58 665 664
f 58 665 59
f 58 57 88
f 58 59 88
f 58 665 666
f 58 665 59
f 58 336 57
f 58 666 57
f 58 59 666
f 58 335 336
f 58 59 335
f 58 59 335
f 58 337 336
f 58 59 337
f 58 669 57
f 58 337 57
f 58 59 337
f 58 669 670
f 58 59 670
f 58 669 670
f 58 57 339
f 58 59 339
f 58 670 57
f 58 59 670
f 58 59 339
f 58 673 57
f 58 59 673
f 58 339 721
f 58 57 339
f 58 59 721
f 58 674 673
f 58 674 59
f 58 57 721
f 58 59 721
f 58 674 59
f 58 59 722
f 58 57 4
f 58 59 4
f 58 57 5
f 58 674 5
f 58 674 57
f 58 722 724
f 58 57 724
f 58 57 722
f 58 57 725
f 58 59 725
f 58 57 2
f 58 59 2
f 58 57 725
f 58 59 725
f 58 57 1
f 58 59 1
f 58 57 726
f 58 59 726
f 58 57 1
f 58 59 1
f 58 57 728
f 58 59 728
f 58 57 728
f 58 59 728
f 60 96 61
f 60 59 96
f 60 70 61
f 60 95 96
f 60 59 95
f 60 664 70
f 60 59 664
f 60 95 94
f 60 59 95
f 60 665 70
f 60 665 664
f 60 665 59
f 60 94 93
f 60 59 94
f 60 665 666
f 60 665 59
f 60 92 93
f 60 59 92
f 60 666 667
f 60 59 666
f 60 92 91
f 60 59 92
f 60 670 667
f 60 59 670
f 60 91 90
f 60 59 91
f 60 670 671
f 60 59 670
f 60 73 90
f 60 674 671
f 60 59 335
f 60 89 73
f 60 59 89
f 60 59 89
f 60 674 61
f 60 674 59
f 60 59 673
f 60 674 673
f 60 674 59
f 60 334 73
f 60 335 334
f 60 335 334
f 60 335 336
f 60 59 335
f 60 2 61
f 60 59 2
f 60 337 336
f 60 59 337
f 60 1 2
f 60 59 1
f 60 337 338
f 60 59 337
f 60 1 729
f 60 59 1
f 60 719 338
f 60 59 719
f 60 728 729
f 60 59 728
f 60 719 720
f 60 59 719
f 60 728 727
f 60 59 728
f 60 721 720
f 60 59 721
f 60 726 727
f 60 59 726
f 60 721 722
f 60 59 721
f 60 725 726
f 60 59 725
f 60 722 724
f 60 59 722
f 60 725 724
f 60 59 725
f 480 454 481
f 480 481 610
f 480 454 481
f 480 481 608
f 480 481 452
f 480 607 481
f 480 607 481
f 480 451 452
f 480 481 451
f 480 481 451
f 480 481 448
f 480 481 604
f 480 481 448
f 480 603 481
f 480 481 446
f 480 603 481
f 480 481 443
f 480 481 601
f 480 481 443
f 480 481 600
f 480 481 440
f 480 481 593
f 480 481 440
f 480 481 593
f 480 481 437
f 480 481 585
f 480 481 437
f 480 481 434
f 480 556 585
f 480 481 556
f 480 481 434
f 480 562 556
f 480 481 562
f 480 562 572
f 480 481 431
f 480 562 567
f 480 481 431
f 480 562 566
f 480 481 428
f 480 562 566
f 480 481 428
f 480 562 564
f 480 564 565
f 480 481 217
f 480 481 426
f 480 562 564
f 480 481 562
f 480 481 217
f 480 481 426
f 480 481 219
f 480 481 425
f 480 481 219
f 480 481 423
f 480 481 221
f 480 481 423
f 480 481 221
f 480 481 422
f 480 481 223
f 480 481 420
f 480 481 225
f 480 481 419
f 480 481 225
f 480 481 419
f 480 481 417
f 480 230 226
f 480 481 230
f 480 481 417
f 480 481 230
f 480 481 416
f 480 481 238
f 480 481 414
f 480 240 481
f 480 481 402
f 480 481 402
f 480 481 246
f 480 481 400
f 480 481 400
f 480 255 248
f 480 481 255
f 480 481 398
f 480 481 255
f 480 481 398
f 480 481 262
f 480 481 282
f 480 481 266
f 480 481 282
f 480 481 266
f 480 481 280
f 480 481 271
f 480 481 280
f 480 481 271
f 480 481 277
f 480 481 273
f 480 481 277
f 480 481 273
f 480 481 274
f 505 536 539
f 505 504 536
f 505 540 539
f 505 504 540
f 505 504 536
f 505 541 540
f 505 541 504
f 505 534 604
f 505 534 536
f 505 534 536
f 505 605 604
f 505 504 605
f 505 541 542
f 505 541 504
f 505 605 506
f 505 504 605
f 505 543 542
f 505 504 543
f 505 607 506
f 505 607 504
f 505 544 504
f 505 607 608
f 505 607 504
f 505 543 507
f 505 544 543
f 505 608 609
f 505 504 608
f 505 544 507
f 505 544 504
f 505 610 609
f 505 504 610
f 505 507 434
f 505 504 434
f 505 507 431
f 505 504 431
f 505 507 547
f 505 504 547
f 505 504 507
f 505 610 611
f 505 504 610
f 505 507 434
f 505 507 506
f 505 504 434
f 505 507 431
f 505 504 431
f 505 611 506
f 505 504 611
f 505 506 437
f 505 504 437
f 505 507 502
f 505 504 502
f 505 504 507
f 505 506 613
f 505 504 613
f 505 506 437
f 505 504 437
f 505 506 613
f 505 504 613
f 505 506 439
f 505 504 439
f 505 506 615
f 505 504 615
f 505 440 506
f 505 504 440
f 505 616 506
f 505 504 616
f 505 440 441
f 505 504 440
f 505 504 616
f 505 442 441
f 505 504 442
f 505 443 616
f 505 443 616
f 505 504 443
f 505 442 443
f 505 504 442
f 242 240 255
f 242 481 255
f 242 481 255
f 242 240 481
f 242 255 244
f 242 240 255
f 242 480 481
f 242 480 240
f 242 244 210
f 242 240 210
f 242 244 210
f 242 240 210
f 242 477 478
f 242 240 477
f 242 206 244
f 242 240 206
f 242 477 476
f 242 240 477
f 242 206 244
f 242 240 206
f 242 475 476
f 242 240 475
f 242 204 244
f 242 240 204
f 242 475 474
f 242 240 475
f 242 204 203
f 242 240 204
f 242 243 474
f 242 203 244
f 242 240 203
f 242 240 241
f 242 201 244
f 242 240 201
f 242 184 186
f 242 240 184
f 242 473 243
f 242 241 473
f 242 241 473
f 242 201 244
f 242 240 201
f 242 184 182
f 242 184 183
f 242 240 186
f 242 184 186
f 242 240 186
f 242 240 184
f 242 240 183
f 242 199 244
f 242 240 199
f 242 182 244
f 242 186 244
f 242 186 188
f 242 240 188
f 242 240 180
f 242 198 199
f 242 240 198
f 242 180 244
f 242 193 244
f 242 240 193
f 242 180 182
f 242 240 241
f 242 240 180
f 242 198 244
f 242 240 198
f 242 180 179
f 242 193 244
f 242 240 193
f 242 179 178
f 242 241 179
f 242 178 177
f 242 241 178
f 242 177 244
f 242 243 244
f 242 178 177
f 242 243 173
f 242 241 173
f 242 243 166
f 242 241 166
f 242 241 243
f 488 490 446
f 488 487 446
f 488 487 490
f 488 443 490
f 488 487 443
f 488 487 443
f 488 487 440
f 488 487 440
f 488 487 437
f 488 487 437
f 488 487 213
f 488 487 212
f 488 487 434
f 488 213 490
f 488 487 262
f 488 487 434
f 488 556 490
f 488 487 556
f 488 487 556
f 488 213 557
f 488 487 213
f 488 487 266
f 488 487 431
f 488 559 557
f 488 487 559
f 488 487 559
f 488 487 266
f 488 487 431
f 488 487 271
f 488 487 428
f 488 487 271
f 488 487 428
f 488 487 273
f 488 487 426
f 488 487 273
f 488 487 426
f 488 487 276
f 488 487 425
f 488 487 280
f 488 487 423
f 488 487 280
f 488 487 423
f 488 487 396
f 488 487 422
f 488 487 398
f 488 487 420
f 488 487 398
f 488 487 419
f 488 487 400
f 488 487 419
f 488 487 417
f 488 400 401
f 488 487 401
f 488 487 400
f 488 487 416
f 488 487 417
f 479 480 454
f 479 454 455
f 479 454 455
f 479 610 478
f 479 480 610
f 479 454 478
f 479 480 454
f 479 456 610
f 479 456 455
f 479 456 455
f 479 478 608
f 479 480 608
f 479 478 452
f 479 480 452
f 479 607 478
f 479 480 607
f 479 478 452
f 479 480 452
f 479 607 478
f 479 480 607
f 479 478 448
f 479 480 448
f 479 478 604
f 479 480 604
f 479 478 448
f 479 480 448
f 479 603 478
f 479 480 603
f 479 478 446
f 479 480 446
f 479 603 601
f 479 480 603
f 479 478 443
f 479 480 443
f 479 601 478
f 479 480 601
f 479 478 443
f 479 480 443
f 479 478 600
f 479 480 600
f 479 478 440
f 479 480 440
f 479 478 593
f 479 480 593
f 479 478 440
f 479 480 440
f 479 478 593
f 479 480 593
f 479 478 437
f 479 480 437
f 479 478 585
f 479 480 585
f 479 478 437
f 479 480 437
f 479 478 585
f 479 480 585
f 479 478 434
f 479 480 434
f 479 478 572
f 479 480 572
f 479 478 434
f 479 480 434
f 479 480 567
f 479 478 431
f 479 480 431
f 479 568 567
f 479 568 478
f 479 568 478
f 479 566 478
f 479 480 566
f 479 478 431
f 479 480 431
f 479 566 478
f 479 480 566
f 479 478 428
f 479 480 428
f 479 480 565
f 479 478 428
f 479 480 428
f 479 217 565
f 479 478 217
f 479 480 217
f 479 478 426
f 479 480 426
f 479 478 217
f 479 480 217
f 479 478 426
f 479 480 426
f 479 219 478
f 479 480 219
f 479 478 425
f 479 480 425
f 479 219 478
f 479 480 219
f 479 478 423
f 479 480 423
f 479 478 221
f 479 480 221
f 479 478 423
f 479 480 423
f 479 480 221
f 479 478 422
f 479 480 422
f 479 221 223
f 479 478 223
f 479 478 221
f 479 478 223
f 479 480 223
f 479 478 420
f 479 480 420
f 479 225 478
f 479 480 225
f 479 478 419
f 479 480 419
f 479 225 226
f 479 480 225
f 479 478 419
f 479 480 419
f 479 226 478
f 479 480 226
f 479 478 417
f 479 480 417
f 479 230 478
f 479 480 230
f 479 478 417
f 479 480 417
f 479 230 478
f 479 478 416
f 479 480 416
f 479 478 233
f 479 230 233
f 479 480 230
f 479 478 414
f 479 480 414
f 479 478 238
f 479 480 238
f 479 478 403
f 479 240 478
f 479 480 240
f 479 402 403
f 479 480 402
f 479 478 402
f 479 242 240
f 479 242 480
f 479 478 402
f 479 480 402
f 479 242 478
f 479 242 480
f 479 478 400
f 479 480 400
f 479 246 478
f 479 480 246
f 479 478 400
f 479 480 400
f 479 248 246
f 479 480 248
f 479 478 398
f 479 480 398
f 479 480 255
f 479 478 398
f 479 480 398
f 479 248 478
f 479 255 478
f 479 255 248
f 479 480 255
f 479 478 282
f 479 480 282
f 479 478 261
f 479 255 261
f 479 255 478
f 479 478 262
f 479 480 262
f 479 478 282
f 479 480 282
f 479 478 266
f 479 480 266
f 479 478 280
f 479 480 280
f 479 480 266
f 479 478 280
f 479 480 280
f 479 267 266
f 479 478 267
f 479 478 267
f 479 478 271
f 479 480 271
f 479 478 277
f 479 480 277
f 479 478 271
f 479 480 271
f 479 478 277
f 479 480 277
f 479 478 273
f 479 480 273
f 479 478 274
f 479 480 274
f 479 478 273
f 479 480 273
f 489 443 490
f 489 488 443
f 489 488 443
f 489 488 440
f 489 491 490
f 489 491 440
f 489 491 490
f 489 491 440
f 489 488 440
f 489 213 490
f 489 488 213
f 489 488 213
f 489 491 212
f 489 488 212
f 489 491 437
f 489 488 437
f 489 491 262
f 489 488 262
f 489 491 437
f 489 488 437
f 489 491 266
f 489 488 266
f 489 491 434
f 489 488 434
f 489 491 266
f 489 488 266
f 489 491 434
f 489 488 434
f 489 491 271
f 489 488 271
f 489 491 431
f 489 488 431
f 489 491 271
f 489 488 271
f 489 491 431
f 489 488 431
f 489 491 273
f 489 488 273
f 489 491 428
f 489 488 428
f 489 491 273
f 489 488 273
f 489 491 428
f 489 488 428
f 489 491 276
f 489 488 276
f 489 491 426
f 489 488 426
f 489 488 280
f 489 491 426
f 489 488 426
f 489 280 396
f 489 491 396
f 489 488 280
f 489 491 425
f 489 488 425
f 489 491 396
f 489 488 396
f 489 491 423
f 489 488 423
f 489 491 398
f 489 488 398
f 489 491 423
f 489 488 423
f 489 491 398
f 489 488 398
f 489 491 422
f 489 488 422
f 489 491 400
f 489 488 400
f 489 491 420
f 489 488 420
f 489 491 400
f 489 488 400
f 489 491 419
f 489 488 419
f 489 491 416
f 489 488 416
f 489 491 419
f 489 488 419
f 489 491 417
f 489 488 417
f 489 491 417
f 489 488 417
