# King Wen sovereign avatar mesh
# hex32_phase7.ply
# vertices=729 faces=10704
o kingwen_avatar
v 0.169785 0.000270 0.084893 0.313725 0.309804 0.313725
v 0.171531 0.001751 0.084889 0.313725 0.309804 0.313725
v 0.173260 0.003262 0.084880 0.313725 0.309804 0.313725
v 0.174966 0.004803 0.084864 0.313725 0.309804 0.313725
v 0.176644 0.006373 0.084842 0.313725 0.309804 0.313725
v 0.177504 0.007937 0.084440 0.313725 0.309804 0.313725
v 0.179897 0.009598 0.084779 0.313725 0.309804 0.313725
v 0.181462 0.011251 0.084738 0.313725 0.309804 0.313725
v 0.182980 0.012929 0.084691 0.313725 0.309804 0.313725
v 0.184446 0.014631 0.084637 0.313725 0.309804 0.313725
v 0.185855 0.016356 0.084577 0.313725 0.309804 0.313725
v 0.187203 0.018102 0.084511 0.313725 0.309804 0.313725
v 0.188487 0.019867 0.084439 0.313725 0.309804 0.313725
v 0.189701 0.021650 0.084360 0.313725 0.309804 0.313725
v 0.190842 0.023448 0.084275 0.313725 0.309804 0.313725
v 0.191907 0.025260 0.084184 0.313725 0.309804 0.313725
v 0.192892 0.027082 0.084087 0.313725 0.309804 0.313725
v 0.193793 0.028914 0.083983 0.313725 0.309804 0.313725
v 0.194608 0.030753 0.083873 0.313725 0.309804 0.313725
v 0.195334 0.032596 0.083757 0.313725 0.309804 0.313725
v 0.195967 0.034440 0.083634 0.313725 0.309804 0.313725
v 0.197373 0.036443 0.083874 0.313725 0.309804 0.313725
v 0.197819 0.038292 0.083738 0.313725 0.309804 0.313725
v 0.198166 0.040134 0.083597 0.313725 0.309804 0.313725
v 0.198413 0.041967 0.083449 0.313725 0.309804 0.313725
v 0.198560 0.043789 0.083295 0.313725 0.309804 0.313725
v 0.198604 0.045598 0.083135 0.313725 0.309804 0.313725
v 0.198545 0.047389 0.082968 0.313725 0.309804 0.313725
v 0.199253 0.049377 0.083159 0.313725 0.309804 0.313725
v 0.198986 0.051135 0.082979 0.313725 0.309804 0.313725
v 0.198615 0.052869 0.082794 0.313725 0.309804 0.313725
v 0.198141 0.054576 0.082602 0.313725 0.309804 0.313725
v 0.197564 0.056253 0.082404 0.313725 0.309804 0.313725
v 0.196886 0.057899 0.082200 0.313725 0.309804 0.313725
v 0.196107 0.059511 0.081990 0.313725 0.309804 0.313725
v 0.196081 0.061354 0.082131 0.313725 0.309804 0.313725
v 0.195102 0.062899 0.081907 0.313725 0.309804 0.313725
v 0.194027 0.064403 0.081678 0.313725 0.309804 0.313725
v 0.192858 0.065866 0.081443 0.313725 0.309804 0.313725
v 0.192432 0.067578 0.081554 0.313725 0.309804 0.313725
v 0.191078 0.068958 0.081306 0.313725 0.309804 0.313725
v 0.189639 0.070292 0.081051 0.313725 0.309804 0.313725
v 0.188117 0.071578 0.080790 0.313725 0.309804 0.313725
v 0.186517 0.072816 0.080524 0.313725 0.309804 0.313725
v 0.185642 0.074324 0.080598 0.313725 0.309804 0.313725
v 0.183886 0.075467 0.080319 0.313725 0.309804 0.313725
v 0.182848 0.076889 0.080378 0.313725 0.309804 0.313725
v 0.195714 0.084291 0.086618 0.313725 0.309804 0.313725
v 0.252006 0.111120 0.112328 0.313725 0.309804 0.313725
v 0.256013 0.115533 0.114970 0.313725 0.309804 0.313725
v 0.253782 0.117169 0.114861 0.313725 0.309804 0.313725
v 0.251464 0.118739 0.114740 0.313725 0.309804 0.313725
v 0.248335 0.119890 0.114271 0.313725 0.309804 0.313725
v 0.245875 0.121326 0.114129 0.313725 0.309804 0.313725
v 0.242635 0.122339 0.113641 0.313725 0.309804 0.313725
v 0.240058 0.123646 0.113478 0.313725 0.309804 0.313725
v 0.236735 0.124527 0.112972 0.313725 0.309804 0.313725
v 0.233384 0.125345 0.112457 0.313725 0.309804 0.313725
v 0.230015 0.126102 0.111934 0.313725 0.309804 0.313725
v 0.226633 0.126800 0.111403 0.313725 0.309804 0.313725
v 0.223245 0.127444 0.110864 0.313725 0.309804 0.313725
v 0.219859 0.128036 0.110316 0.313725 0.309804 0.313725
v 0.216481 0.128580 0.109761 0.313725 0.309804 0.313725
v 0.213118 0.129080 0.109197 0.313725 0.309804 0.313725
v 0.209776 0.129540 0.108625 0.313725 0.309804 0.313725
v 0.206461 0.129964 0.108045 0.313725 0.309804 0.313725
v 0.202583 0.129974 0.107141 0.313725 0.309804 0.313725
v 0.199351 0.130339 0.106547 0.313725 0.309804 0.313725
v 0.196163 0.130682 0.105945 0.313725 0.309804 0.313725
v 0.192458 0.130623 0.105025 0.313725 0.309804 0.313725
v 0.189385 0.130935 0.104408 0.313725 0.309804 0.313725
v 0.185272 0.130466 0.103172 0.313725 0.309804 0.313725
v 0.180176 0.129215 0.101327 0.313725 0.309804 0.313725
v 0.150713 0.110064 0.085575 0.313725 0.309804 0.313725
v 0.134210 0.099798 0.076920 0.313725 0.309804 0.313725
v 0.129051 0.097700 0.074634 0.313725 0.309804 0.313725
v 0.127605 0.098347 0.074442 0.313725 0.309804 0.313725
v 0.125704 0.098620 0.073947 0.313725 0.309804 0.313725
v 0.123867 0.098916 0.073446 0.313725 0.309804 0.313725
v 0.122095 0.099236 0.072939 0.313725 0.309804 0.313725
v 0.120389 0.099584 0.072427 0.313725 0.309804 0.313725
v 0.119224 0.100364 0.072196 0.313725 0.309804 0.313725
v 0.117647 0.100782 0.071671 0.313725 0.309804 0.313725
v 0.116140 0.101240 0.071141 0.313725 0.309804 0.313725
v 0.114703 0.101740 0.070606 0.313725 0.309804 0.313725
v 0.113336 0.102286 0.070065 0.313725 0.309804 0.313725
v 0.112483 0.103289 0.069795 0.313725 0.309804 0.313725
v 0.111250 0.103938 0.069242 0.313725 0.309804 0.313725
v 0.110086 0.104642 0.068684 0.313725 0.309804 0.313725
v 0.108989 0.105403 0.068120 0.313725 0.309804 0.313725
v 0.107960 0.106223 0.067552 0.313725 0.309804 0.313725
v 0.106996 0.107105 0.066978 0.313725 0.309804 0.313725
v 0.106095 0.108050 0.066400 0.313725 0.309804 0.313725
v 0.105256 0.109061 0.065816 0.313725 0.309804 0.313725
v 0.104478 0.110138 0.065228 0.313725 0.309804 0.313725
v 0.103756 0.111283 0.064635 0.313725 0.309804 0.313725
v 0.103497 0.112941 0.064290 0.313725 0.309804 0.313725
v 0.102881 0.114230 0.063685 0.313725 0.309804 0.313725
v 0.102314 0.115588 0.063075 0.313725 0.309804 0.313725
v 0.101794 0.117018 0.062460 0.313725 0.309804 0.313725
v 0.101318 0.118517 0.061841 0.313725 0.309804 0.313725
v 0.100881 0.120087 0.061217 0.313725 0.309804 0.313725
v 0.100482 0.121727 0.060589 0.313725 0.309804 0.313725
v 0.100116 0.123435 0.059956 0.313725 0.309804 0.313725
v 0.099779 0.125211 0.059319 0.313725 0.309804 0.313725
v 0.099469 0.127053 0.058677 0.313725 0.309804 0.313725
v 0.099181 0.128960 0.058031 0.313725 0.309804 0.313725
v 0.098911 0.130929 0.057381 0.313725 0.309804 0.313725
v 0.098656 0.132959 0.056726 0.313725 0.309804 0.313725
v 0.098800 0.135578 0.056288 0.313725 0.309804 0.313725
v 0.098561 0.137730 0.055623 0.313725 0.309804 0.313725
v 0.097940 0.139385 0.054737 0.313725 0.309804 0.313725
v 0.097705 0.141630 0.054066 0.313725 0.309804 0.313725
v 0.097849 0.144487 0.053601 0.313725 0.309804 0.313725
v 0.097217 0.146253 0.052712 0.313725 0.309804 0.313725
v 0.097339 0.149210 0.052234 0.313725 0.309804 0.313725
v 0.097062 0.151625 0.051544 0.313725 0.309804 0.313725
v 0.096766 0.154071 0.050850 0.313725 0.309804 0.313725
v 0.096447 0.156543 0.050153 0.313725 0.309804 0.313725
v 0.096102 0.159036 0.049452 0.313725 0.309804 0.313725
v 0.095728 0.161546 0.048748 0.313725 0.309804 0.313725
v 0.095321 0.164069 0.048039 0.313725 0.309804 0.313725
v 0.094880 0.166598 0.047327 0.313725 0.309804 0.313725
v 0.094401 0.169130 0.046612 0.313725 0.309804 0.313725
v 0.093881 0.171659 0.045893 0.313725 0.309804 0.313725
v 0.093318 0.174179 0.045171 0.313725 0.309804 0.313725
v 0.092710 0.176686 0.044445 0.313725 0.309804 0.313725
v 0.092056 0.179175 0.043717 0.313725 0.309804 0.313725
v 0.091352 0.181640 0.042984 0.313725 0.309804 0.313725
v 0.090953 0.184798 0.042415 0.313725 0.309804 0.313725
v 0.090143 0.187208 0.041674 0.313725 0.309804 0.313725
v 0.089281 0.189579 0.040929 0.313725 0.309804 0.313725
v 0.088363 0.191905 0.040182 0.313725 0.309804 0.313725
v 0.087391 0.194181 0.039431 0.313725 0.309804 0.313725
v 0.086362 0.196402 0.038678 0.313725 0.309804 0.313725
v 0.085278 0.198562 0.037921 0.313725 0.309804 0.313725
v 0.084137 0.200658 0.037162 0.313725 0.309804 0.313725
v 0.082940 0.202684 0.036400 0.313725 0.309804 0.313725
v 0.081687 0.204636 0.035636 0.313725 0.309804 0.313725
v 0.080378 0.206510 0.034869 0.313725 0.309804 0.313725
v 0.079014 0.208301 0.034099 0.313725 0.309804 0.313725
v 0.077900 0.210825 0.033457 0.313725 0.309804 0.313725
v 0.076424 0.212445 0.032679 0.313725 0.309804 0.313725
v 0.074897 0.213970 0.031899 0.313725 0.309804 0.313725
v 0.073318 0.215397 0.031116 0.313725 0.309804 0.313725
v 0.071692 0.216724 0.030331 0.313725 0.309804 0.313725
v 0.070018 0.217946 0.029544 0.313725 0.309804 0.313725
v 0.068565 0.219915 0.028866 0.313725 0.309804 0.313725
v 0.066797 0.220927 0.028072 0.313725 0.309804 0.313725
v 0.064988 0.221827 0.027275 0.313725 0.309804 0.313725
v 0.063140 0.222614 0.026476 0.313725 0.309804 0.313725
v 0.061256 0.223286 0.025676 0.313725 0.309804 0.313725
v 0.059570 0.224711 0.024969 0.313725 0.309804 0.313725
v 0.057615 0.225154 0.024162 0.313725 0.309804 0.313725
v 0.055632 0.225479 0.023353 0.313725 0.309804 0.313725
v 0.053624 0.225686 0.022541 0.313725 0.309804 0.313725
v 0.051593 0.225776 0.021729 0.313725 0.309804 0.313725
v 0.049544 0.225748 0.020914 0.313725 0.309804 0.313725
v 0.047478 0.225605 0.020098 0.313725 0.309804 0.313725
v 0.045574 0.226216 0.019355 0.313725 0.309804 0.313725
v 0.043477 0.225842 0.018533 0.313725 0.309804 0.313725
v 0.041372 0.225355 0.017710 0.313725 0.309804 0.313725
v 0.039263 0.224757 0.016885 0.313725 0.309804 0.313725
v 0.037152 0.224051 0.016059 0.313725 0.309804 0.313725
v 0.035178 0.224098 0.015291 0.313725 0.309804 0.313725
v 0.033066 0.223180 0.014459 0.313725 0.309804 0.313725
v 0.030961 0.222161 0.013627 0.313725 0.309804 0.313725
v 0.028865 0.221046 0.012793 0.313725 0.309804 0.313725
v 0.026783 0.219838 0.011959 0.313725 0.309804 0.313725
v 0.024810 0.219378 0.011166 0.313725 0.309804 0.313725
v 0.022752 0.217991 0.010326 0.313725 0.309804 0.313725
v 0.020714 0.216522 0.009486 0.313725 0.309804 0.313725
v 0.018697 0.214978 0.008645 0.313725 0.309804 0.313725
v 0.016769 0.214176 0.007833 0.313725 0.309804 0.313725
v 0.014796 0.212488 0.006988 0.313725 0.309804 0.313725
v 0.012850 0.210738 0.006142 0.313725 0.309804 0.313725
v 0.010933 0.208932 0.005296 0.313725 0.309804 0.313725
v 0.009047 0.207075 0.004449 0.313725 0.309804 0.313725
v 0.007193 0.205173 0.003602 0.313725 0.309804 0.313725
v 0.005392 0.204005 0.002765 0.313725 0.309804 0.313725
v 0.003597 0.202022 0.001915 0.313725 0.309804 0.313725
v 0.001837 0.200012 0.001064 0.313725 0.309804 0.313725
v 0.000112 0.197980 0.000213 0.313725 0.309804 0.313725
v -0.001578 0.195932 -0.000638 0.313725 0.309804 0.313725
v -0.003245 0.194608 -0.001495 0.313725 0.309804 0.313725
v -0.004870 0.192537 -0.002349 0.313725 0.309804 0.313725
v -0.006461 0.190468 -0.003203 0.313725 0.309804 0.313725
v -0.008017 0.188407 -0.004056 0.313725 0.309804 0.313725
v -0.009576 0.187062 -0.004928 0.313725 0.309804 0.313725
v -0.011071 0.185025 -0.005784 0.313725 0.309804 0.313725
v -0.012535 0.183012 -0.006640 0.313725 0.309804 0.313725
v -0.013968 0.181030 -0.007495 0.313725 0.309804 0.313725
v -0.015371 0.179083 -0.008350 0.313725 0.309804 0.313725
v -0.016747 0.177176 -0.009204 0.313725 0.309804 0.313725
v -0.018165 0.175975 -0.010095 0.313725 0.309804 0.313725
v -0.019496 0.174157 -0.010951 0.313725 0.309804 0.313725
v -0.020804 0.172395 -0.011806 0.313725 0.309804 0.313725
v -0.022093 0.170693 -0.012661 0.313725 0.309804 0.313725
v -0.023364 0.169054 -0.013514 0.313725 0.309804 0.313725
v -0.024620 0.167483 -0.014366 0.313725 0.309804 0.313725
v -0.025960 0.166605 -0.015274 0.313725 0.309804 0.313725
v -0.027197 0.165175 -0.016127 0.313725 0.309804 0.313725
v -0.028427 0.163823 -0.016979 0.313725 0.309804 0.313725
v -0.029652 0.162552 -0.017830 0.313725 0.309804 0.313725
v -0.030875 0.161365 -0.018680 0.313725 0.309804 0.313725
v -0.032218 0.160862 -0.019601 0.313725 0.309804 0.313725
v -0.033450 0.159845 -0.020450 0.313725 0.309804 0.313725
v -0.034688 0.158917 -0.021299 0.313725 0.309804 0.313725
v -0.035936 0.158081 -0.022145 0.313725 0.309804 0.313725
v -0.037334 0.157922 -0.023076 0.313725 0.309804 0.313725
v -0.038613 0.157268 -0.023922 0.313725 0.309804 0.313725
v -0.039911 0.156707 -0.024767 0.313725 0.309804 0.313725
v -0.041229 0.156240 -0.025610 0.313725 0.309804 0.313725
v -0.042728 0.156443 -0.026549 0.313725 0.309804 0.313725
v -0.044101 0.156160 -0.027391 0.313725 0.309804 0.313725
v -0.045502 0.155969 -0.028231 0.313725 0.309804 0.313725
v -0.047107 0.156444 -0.029176 0.313725 0.309804 0.313725
v -0.048578 0.156432 -0.030015 0.313725 0.309804 0.313725
v -0.050084 0.156508 -0.030851 0.313725 0.309804 0.313725
v -0.051628 0.156668 -0.031686 0.313725 0.309804 0.313725
v -0.053408 0.157488 -0.032637 0.313725 0.309804 0.313725
v -0.055039 0.157811 -0.033470 0.313725 0.309804 0.313725
v -0.056712 0.158212 -0.034300 0.313725 0.309804 0.313725
v -0.058430 0.158686 -0.035127 0.313725 0.309804 0.313725
v -0.060415 0.159813 -0.036084 0.313725 0.309804 0.313725
v -0.062232 0.160425 -0.036910 0.313725 0.309804 0.313725
v -0.064096 0.161099 -0.037732 0.313725 0.309804 0.313725
v -0.066249 0.162422 -0.038693 0.313725 0.309804 0.313725
v -0.068217 0.163210 -0.039512 0.313725 0.309804 0.313725
v -0.070234 0.164047 -0.040329 0.313725 0.309804 0.313725
v -0.072563 0.165528 -0.041293 0.313725 0.309804 0.313725
v -0.074684 0.166451 -0.042107 0.313725 0.309804 0.313725
v -0.076854 0.167409 -0.042918 0.313725 0.309804 0.313725
v -0.079357 0.169005 -0.043884 0.313725 0.309804 0.313725
v -0.081629 0.170018 -0.044691 0.313725 0.309804 0.313725
v -0.083945 0.171049 -0.045495 0.313725 0.309804 0.313725
v -0.086617 0.172713 -0.046462 0.313725 0.309804 0.313725
v -0.089029 0.173767 -0.047262 0.313725 0.309804 0.313725
v -0.091809 0.175451 -0.048232 0.313725 0.309804 0.313725
v -0.094307 0.176506 -0.049027 0.313725 0.309804 0.313725
v -0.097189 0.178187 -0.049998 0.313725 0.309804 0.313725
v -0.099766 0.179219 -0.050789 0.313725 0.309804 0.313725
v -0.102373 0.180230 -0.051577 0.313725 0.309804 0.313725
v -0.105384 0.181862 -0.052547 0.313725 0.309804 0.313725
v -0.108053 0.182818 -0.053330 0.313725 0.309804 0.313725
v -0.110743 0.183736 -0.054108 0.313725 0.309804 0.313725
v -0.113855 0.185268 -0.055078 0.313725 0.309804 0.313725
v -0.116587 0.186098 -0.055851 0.313725 0.309804 0.313725
v -0.119329 0.186876 -0.056620 0.313725 0.309804 0.313725
v -0.122510 0.188260 -0.057589 0.313725 0.309804 0.313725
v -0.125270 0.188920 -0.058352 0.313725 0.309804 0.313725
v -0.128481 0.190182 -0.059320 0.313725 0.309804 0.313725
v -0.131242 0.190706 -0.060077 0.313725 0.309804 0.313725
v -0.133993 0.191154 -0.060830 0.313725 0.309804 0.313725
v -0.137210 0.192197 -0.061795 0.313725 0.309804 0.313725
v -0.139935 0.192484 -0.062541 0.313725 0.309804 0.313725
v -0.143137 0.193362 -0.063505 0.313725 0.309804 0.313725
v -0.145818 0.193475 -0.064244 0.313725 0.309804 0.313725
v -0.148985 0.194172 -0.065206 0.313725 0.309804 0.313725
v -0.151603 0.194098 -0.065939 0.313725 0.309804 0.313725
v -0.154179 0.193926 -0.066666 0.313725 0.309804 0.313725
v -0.157253 0.194331 -0.067624 0.313725 0.309804 0.313725
v -0.159739 0.193960 -0.068344 0.313725 0.309804 0.313725
v -0.162731 0.194158 -0.069299 0.313725 0.309804 0.313725
v -0.165107 0.193580 -0.070011 0.313725 0.309804 0.313725
v -0.167998 0.193565 -0.070963 0.313725 0.309804 0.313725
v -0.170248 0.192776 -0.071667 0.313725 0.309804 0.313725
v -0.172425 0.191882 -0.072366 0.313725 0.309804 0.313725
v -0.174526 0.190884 -0.073060 0.313725 0.309804 0.313725
v -0.177154 0.190437 -0.074003 0.313725 0.309804 0.313725
v -0.179097 0.189229 -0.074688 0.313725 0.309804 0.313725
v -0.180953 0.187919 -0.075367 0.313725 0.309804 0.313725
v -0.182718 0.186508 -0.076041 0.313725 0.309804 0.313725
v -0.185025 0.185634 -0.076973 0.313725 0.309804 0.313725
v -0.186607 0.184022 -0.077638 0.313725 0.309804 0.313725
v -0.188092 0.182316 -0.078297 0.313725 0.309804 0.313725
v -0.190126 0.181135 -0.079221 0.313725 0.309804 0.313725
v -0.191414 0.179240 -0.079870 0.313725 0.309804 0.313725
v -0.192599 0.177259 -0.080514 0.313725 0.309804 0.313725
v -0.194340 0.175792 -0.081429 0.313725 0.309804 0.313725
v -0.195319 0.173640 -0.082063 0.313725 0.309804 0.313725
v -0.196191 0.171411 -0.082690 0.313725 0.309804 0.313725
v -0.197628 0.169685 -0.083595 0.313725 0.309804 0.313725
v -0.198290 0.167307 -0.084213 0.313725 0.309804 0.313725
v -0.199520 0.165422 -0.085112 0.313725 0.309804 0.313725
v -0.199973 0.162909 -0.085719 0.313725 0.309804 0.313725
v -0.200321 0.160340 -0.086319 0.313725 0.309804 0.313725
v -0.201243 0.158252 -0.087207 0.313725 0.309804 0.313725
v -0.201386 0.155575 -0.087797 0.313725 0.309804 0.313725
v -0.201430 0.152854 -0.088380 0.313725 0.309804 0.313725
v -0.201375 0.150096 -0.088957 0.313725 0.309804 0.313725
v -0.201904 0.147800 -0.089829 0.313725 0.309804 0.313725
v -0.201662 0.144970 -0.090394 0.313725 0.309804 0.313725
v -0.201330 0.142116 -0.090953 0.313725 0.309804 0.313725
v -0.201587 0.139710 -0.091812 0.313725 0.309804 0.313725
v -0.201086 0.136812 -0.092358 0.313725 0.309804 0.313725
v -0.200507 0.133904 -0.092898 0.313725 0.309804 0.313725
v -0.200522 0.131430 -0.093744 0.313725 0.309804 0.313725
v -0.199797 0.128506 -0.094272 0.313725 0.309804 0.313725
v -0.199006 0.125586 -0.094793 0.313725 0.309804 0.313725
v -0.198816 0.123083 -0.095625 0.313725 0.309804 0.313725
v -0.197907 0.120174 -0.096133 0.313725 0.309804 0.313725
v -0.197603 0.117670 -0.096956 0.313725 0.309804 0.313725
v -0.196597 0.114787 -0.097451 0.313725 0.309804 0.313725
v -0.196199 0.112299 -0.098264 0.313725 0.309804 0.313725
v -0.195117 0.109457 -0.098747 0.313725 0.309804 0.313725
v -0.194008 0.106647 -0.099223 0.313725 0.309804 0.313725
v -0.193513 0.104214 -0.100020 0.313725 0.309804 0.313725
v -0.192363 0.101466 -0.100482 0.313725 0.309804 0.313725
v -0.191833 0.099082 -0.101269 0.313725 0.309804 0.313725
v -0.190667 0.096407 -0.101718 0.313725 0.309804 0.313725
v -0.190125 0.094084 -0.102494 0.313725 0.309804 0.313725
v -0.188967 0.091492 -0.102929 0.313725 0.309804 0.313725
v -0.188439 0.089240 -0.103695 0.313725 0.309804 0.313725
v -0.187314 0.086739 -0.104116 0.313725 0.309804 0.313725
v -0.186824 0.084564 -0.104870 0.313725 0.309804 0.313725
v -0.185757 0.082159 -0.105277 0.313725 0.309804 0.313725
v -0.185329 0.080068 -0.106019 0.313725 0.309804 0.313725
v -0.184343 0.077763 -0.106412 0.313725 0.309804 0.313725
v -0.184003 0.075758 -0.107142 0.313725 0.309804 0.313725
v -0.183122 0.073556 -0.107520 0.313725 0.309804 0.313725
v -0.182891 0.071639 -0.108238 0.313725 0.309804 0.313725
v -0.182136 0.069539 -0.108601 0.313725 0.309804 0.313725
v -0.181453 0.067492 -0.108956 0.313725 0.309804 0.313725
v -0.181429 0.065708 -0.109655 0.313725 0.309804 0.313725
v -0.180901 0.063759 -0.109995 0.313725 0.309804 0.313725
v -0.181038 0.062058 -0.110680 0.313725 0.309804 0.313725
v -0.180683 0.060202 -0.111005 0.313725 0.309804 0.313725
v -0.180998 0.058578 -0.111677 0.313725 0.309804 0.313725
v -0.180832 0.056807 -0.111986 0.313725 0.309804 0.313725
v -0.180764 0.055079 -0.112287 0.313725 0.309804 0.313725
v -0.180798 0.053391 -0.112579 0.313725 0.309804 0.313725
v -0.181512 0.051905 -0.113223 0.313725 0.309804 0.313725
v -0.181755 0.050284 -0.113499 0.313725 0.309804 0.313725
v -0.182106 0.048695 -0.113767 0.313725 0.309804 0.313725
v -0.182565 0.047136 -0.114027 0.313725 0.309804 0.313725
v -0.183714 0.045747 -0.114641 0.313725 0.309804 0.313725
v -0.184392 0.044232 -0.114884 0.313725 0.309804 0.313725
v -0.185180 0.042737 -0.115119 0.313725 0.309804 0.313725
v -0.186077 0.041258 -0.115346 0.313725 0.309804 0.313725
v -0.187082 0.039792 -0.115563 0.313725 0.309804 0.313725
v -0.188193 0.038336 -0.115773 0.313725 0.309804 0.313725
v -0.189410 0.036887 -0.115973 0.313725 0.309804 0.313725
v -0.190729 0.035440 -0.116165 0.313725 0.309804 0.313725
v -0.192150 0.033993 -0.116349 0.313725 0.309804 0.313725
v -0.193668 0.032543 -0.116523 0.313725 0.309804 0.313725
v -0.195281 0.031086 -0.116689 0.313725 0.309804 0.313725
v -0.196985 0.029619 -0.116847 0.313725 0.309804 0.313725
v -0.198776 0.028138 -0.116995 0.313725 0.309804 0.313725
v -0.200016 0.026558 -0.116765 0.313725 0.309804 0.313725
v -0.202606 0.025126 -0.117267 0.313725 0.309804 0.313725
v -0.203986 0.023514 -0.117018 0.313725 0.309804 0.313725
v -0.206077 0.021957 -0.117131 0.313725 0.309804 0.313725
v -0.208232 0.020373 -0.117236 0.313725 0.309804 0.313725
v -0.210445 0.018760 -0.117332 0.313725 0.309804 0.313725
v -0.212710 0.017116 -0.117420 0.313725 0.309804 0.313725
v -0.215021 0.015438 -0.117498 0.313725 0.309804 0.313725
v -0.216683 0.013681 -0.117195 0.313725 0.309804 0.313725
v -0.219061 0.011936 -0.117256 0.313725 0.309804 0.313725
v -0.221466 0.010154 -0.117308 0.313725 0.309804 0.313725
v -0.223892 0.008332 -0.117352 0.313725 0.309804 0.313725
v -0.226332 0.006470 -0.117387 0.313725 0.309804 0.313725
v -0.228779 0.004567 -0.117413 0.313725 0.309804 0.313725
v -0.230489 0.002614 -0.117056 0.313725 0.309804 0.313725
v -0.232921 0.000634 -0.117065 0.313725 0.309804 0.313725
v -0.241356 -0.001423 -0.120058 0.313725 0.309804 0.313725
v -0.243814 -0.003540 -0.120049 0.313725 0.309804 0.313725
v -0.246244 -0.005698 -0.120031 0.313725 0.309804 0.313725
v -0.248638 -0.007898 -0.120005 0.313725 0.309804 0.313725
v -0.250989 -0.010139 -0.119969 0.313725 0.309804 0.313725
v -0.253290 -0.012419 -0.119924 0.313725 0.309804 0.313725
v -0.255534 -0.014738 -0.119871 0.313725 0.309804 0.313725
v -0.256912 -0.017040 -0.119435 0.313725 0.309804 0.313725
v -0.259015 -0.019423 -0.119364 0.313725 0.309804 0.313725
v -0.261043 -0.021839 -0.119284 0.313725 0.309804 0.313725
v -0.262988 -0.024286 -0.119195 0.313725 0.309804 0.313725
v -0.264844 -0.026762 -0.119098 0.313725 0.309804 0.313725
v -0.266605 -0.029263 -0.118991 0.313725 0.309804 0.313725
v -0.268266 -0.031788 -0.118876 0.313725 0.309804 0.313725
v -0.269822 -0.034333 -0.118752 0.313725 0.309804 0.313725
v -0.271267 -0.036895 -0.118619 0.313725 0.309804 0.313725
v -0.272597 -0.039472 -0.118477 0.313725 0.309804 0.313725
v -0.272952 -0.041928 -0.117956 0.313725 0.309804 0.313725
v -0.274035 -0.044515 -0.117797 0.313725 0.309804 0.313725
v -0.274990 -0.047107 -0.117630 0.313725 0.309804 0.313725
v -0.275816 -0.049699 -0.117453 0.313725 0.309804 0.313725
v -0.276507 -0.052288 -0.117268 0.313725 0.309804 0.313725
v -0.277062 -0.054870 -0.117075 0.313725 0.309804 0.313725
v -0.277478 -0.057442 -0.116872 0.313725 0.309804 0.313725
v -0.277754 -0.060001 -0.116661 0.313725 0.309804 0.313725
v -0.277887 -0.062541 -0.116441 0.313725 0.309804 0.313725
v -0.277877 -0.065060 -0.116212 0.313725 0.309804 0.313725
v -0.277722 -0.067554 -0.115975 0.313725 0.309804 0.313725
v -0.277422 -0.070019 -0.115729 0.313725 0.309804 0.313725
v -0.276978 -0.072452 -0.115475 0.313725 0.309804 0.313725
v -0.276390 -0.074849 -0.115212 0.313725 0.309804 0.313725
v -0.275658 -0.077206 -0.114941 0.313725 0.309804 0.313725
v -0.274783 -0.079522 -0.114661 0.313725 0.309804 0.313725
v -0.273767 -0.081792 -0.114372 0.313725 0.309804 0.313725
v -0.273468 -0.084276 -0.114433 0.313725 0.309804 0.313725
v -0.272172 -0.086452 -0.114126 0.313725 0.309804 0.313725
v -0.270742 -0.088574 -0.113811 0.313725 0.309804 0.313725
v -0.269181 -0.090639 -0.113488 0.313725 0.309804 0.313725
v -0.267491 -0.092644 -0.113156 0.313725 0.309804 0.313725
v -0.266507 -0.094884 -0.113168 0.313725 0.309804 0.313725
v -0.264566 -0.096770 -0.112819 0.313725 0.309804 0.313725
v -0.262508 -0.098591 -0.112461 0.313725 0.309804 0.313725
v -0.261149 -0.100657 -0.112443 0.313725 0.309804 0.313725
v -0.258865 -0.102348 -0.112068 0.313725 0.309804 0.313725
v -0.256478 -0.103969 -0.111683 0.313725 0.309804 0.313725
v -0.254782 -0.105848 -0.111636 0.313725 0.309804 0.313725
v -0.252199 -0.107332 -0.111234 0.313725 0.309804 0.313725
v -0.250301 -0.109082 -0.111167 0.313725 0.309804 0.313725
v -0.248307 -0.110770 -0.111089 0.313725 0.309804 0.313725
v -0.245465 -0.112048 -0.110660 0.313725 0.309804 0.313725
v -0.243302 -0.113605 -0.110561 0.313725 0.309804 0.313725
v -0.241796 -0.115450 -0.110790 0.313725 0.309804 0.313725
v -0.239469 -0.116885 -0.110668 0.313725 0.309804 0.313725
v -0.238512 -0.118973 -0.111205 0.313725 0.309804 0.313725
v -0.240290 -0.122458 -0.113060 0.313725 0.309804 0.313725
v -0.237002 -0.123367 -0.112561 0.313725 0.309804 0.313725
v -0.237820 -0.126410 -0.114038 0.313725 0.309804 0.313725
v -0.237139 -0.128681 -0.114830 0.313725 0.309804 0.313725
v -0.235022 -0.130167 -0.114946 0.313725 0.309804 0.313725
v -0.232197 -0.131230 -0.114721 0.313725 0.309804 0.313725
v -0.228700 -0.131868 -0.114160 0.313725 0.309804 0.313725
v -0.224568 -0.132077 -0.113267 0.313725 0.309804 0.313725
v -0.221098 -0.132614 -0.112691 0.313725 0.309804 0.313725
v -0.217026 -0.132728 -0.111787 0.313725 0.309804 0.313725
v -0.213609 -0.133181 -0.111196 0.313725 0.309804 0.313725
v -0.210223 -0.133600 -0.110596 0.313725 0.309804 0.313725
v -0.206283 -0.133606 -0.109674 0.313725 0.309804 0.313725
v -0.202987 -0.133969 -0.109060 0.313725 0.309804 0.313725
v -0.199740 -0.134312 -0.108438 0.313725 0.309804 0.313725
v -0.195984 -0.134253 -0.107498 0.313725 0.309804 0.313725
v -0.192860 -0.134570 -0.106862 0.313725 0.309804 0.313725
v -0.189254 -0.134494 -0.105912 0.313725 0.309804 0.313725
v -0.186271 -0.134805 -0.105262 0.313725 0.309804 0.313725
v -0.182832 -0.134733 -0.104302 0.313725 0.309804 0.313725
v -0.179485 -0.134669 -0.103338 0.313725 0.309804 0.313725
v -0.176747 -0.135011 -0.102668 0.313725 0.309804 0.313725
v -0.173588 -0.134982 -0.101695 0.313725 0.309804 0.313725
v -0.171026 -0.135372 -0.101012 0.313725 0.309804 0.313725
v -0.168551 -0.135792 -0.100321 0.313725 0.309804 0.313725
v -0.165684 -0.135854 -0.099333 0.313725 0.309804 0.313725
v -0.162922 -0.135954 -0.098342 0.313725 0.309804 0.313725
v -0.160736 -0.136497 -0.097634 0.313725 0.309804 0.313725
v -0.158180 -0.136690 -0.096634 0.313725 0.309804 0.313725
v -0.155730 -0.136935 -0.095632 0.313725 0.309804 0.313725
v -0.153385 -0.137235 -0.094627 0.313725 0.309804 0.313725
v -0.151592 -0.138002 -0.093896 0.313725 0.309804 0.313725
v -0.149451 -0.138427 -0.092883 0.313725 0.309804 0.313725
v -0.147412 -0.138918 -0.091868 0.313725 0.309804 0.313725
v -0.145473 -0.139478 -0.090850 0.313725 0.309804 0.313725
v -0.144062 -0.140528 -0.090099 0.313725 0.309804 0.313725
v -0.142313 -0.141236 -0.089074 0.313725 0.309804 0.313725
v -0.140658 -0.142020 -0.088048 0.313725 0.309804 0.313725
v -0.139510 -0.143311 -0.087281 0.313725 0.309804 0.313725
v -0.138028 -0.144255 -0.086248 0.313725 0.309804 0.313725
v -0.136629 -0.145280 -0.085214 0.313725 0.309804 0.313725
v -0.135719 -0.146828 -0.084432 0.313725 0.309804 0.313725
v -0.134473 -0.148019 -0.083392 0.313725 0.309804 0.313725
v -0.133702 -0.149744 -0.082600 0.313725 0.309804 0.313725
v -0.132593 -0.151102 -0.081555 0.313725 0.309804 0.313725
v -0.131946 -0.153005 -0.080754 0.313725 0.309804 0.313725
v -0.131353 -0.155000 -0.079946 0.313725 0.309804 0.313725
v -0.130414 -0.156609 -0.078893 0.313725 0.309804 0.313725
v -0.129524 -0.158294 -0.077839 0.313725 0.309804 0.313725
v -0.129071 -0.160544 -0.077019 0.313725 0.309804 0.313725
v -0.128262 -0.162384 -0.075961 0.313725 0.309804 0.313725
v -0.127877 -0.164798 -0.075132 0.313725 0.309804 0.313725
v -0.127129 -0.166781 -0.074070 0.313725 0.309804 0.313725
v -0.126404 -0.168828 -0.073007 0.313725 0.309804 0.313725
v -0.126085 -0.171463 -0.072167 0.313725 0.309804 0.313725
v -0.125390 -0.173634 -0.071102 0.313725 0.309804 0.313725
v -0.125090 -0.176402 -0.070254 0.313725 0.309804 0.313725
v -0.124406 -0.178682 -0.069186 0.313725 0.309804 0.313725
v -0.124104 -0.181566 -0.068329 0.313725 0.309804 0.313725
v -0.123411 -0.183935 -0.067259 0.313725 0.309804 0.313725
v -0.123090 -0.186918 -0.066396 0.313725 0.309804 0.313725
v -0.122369 -0.189357 -0.065324 0.313725 0.309804 0.313725
v -0.122009 -0.192417 -0.064453 0.313725 0.309804 0.313725
v -0.121243 -0.194904 -0.063380 0.313725 0.309804 0.313725
v -0.120449 -0.197402 -0.062307 0.313725 0.309804 0.313725
v -0.120000 -0.200532 -0.061428 0.313725 0.309804 0.313725
v -0.119138 -0.203042 -0.060354 0.313725 0.309804 0.313725
v -0.118983 -0.206842 -0.059655 0.313725 0.309804 0.313725
v -0.118036 -0.209350 -0.058578 0.313725 0.309804 0.313725
v -0.117413 -0.212506 -0.057684 0.313725 0.309804 0.313725
v -0.116371 -0.214977 -0.056607 0.313725 0.309804 0.313725
v -0.115279 -0.217415 -0.055531 0.313725 0.309804 0.313725
v -0.114497 -0.220512 -0.054630 0.313725 0.309804 0.313725
v -0.113296 -0.222874 -0.053555 0.313725 0.309804 0.313725
v -0.112039 -0.225185 -0.052481 0.313725 0.309804 0.313725
v -0.111078 -0.228164 -0.051573 0.313725 0.309804 0.313725
v -0.109702 -0.230361 -0.050501 0.313725 0.309804 0.313725
v -0.108266 -0.232488 -0.049430 0.313725 0.309804 0.313725
v -0.107115 -0.235293 -0.048517 0.313725 0.309804 0.313725
v -0.105556 -0.237271 -0.047448 0.313725 0.309804 0.313725
v -0.103937 -0.239162 -0.046381 0.313725 0.309804 0.313725
v -0.102590 -0.241740 -0.045464 0.313725 0.309804 0.313725
v -0.100847 -0.243448 -0.044399 0.313725 0.309804 0.313725
v -0.099047 -0.245054 -0.043337 0.313725 0.309804 0.313725
v -0.097506 -0.247356 -0.042416 0.313725 0.309804 0.313725
v -0.095586 -0.248750 -0.041356 0.313725 0.309804 0.313725
v -0.093613 -0.250029 -0.040300 0.313725 0.309804 0.313725
v -0.091586 -0.251189 -0.039246 0.313725 0.309804 0.313725
v -0.089804 -0.253056 -0.038322 0.313725 0.309804 0.313725
v -0.087672 -0.253973 -0.037272 0.313725 0.309804 0.313725
v -0.085776 -0.255602 -0.036344 0.313725 0.309804 0.313725
v -0.083548 -0.256264 -0.035298 0.313725 0.309804 0.313725
v -0.081278 -0.256792 -0.034255 0.313725 0.309804 0.313725
v -0.079233 -0.258040 -0.033326 0.313725 0.309804 0.313725
v -0.076883 -0.258301 -0.032287 0.313725 0.309804 0.313725
v -0.074501 -0.258424 -0.031253 0.313725 0.309804 0.313725
v -0.072091 -0.258408 -0.030221 0.313725 0.309804 0.313725
v -0.069654 -0.258254 -0.029194 0.313725 0.309804 0.313725
v -0.067422 -0.258830 -0.028266 0.313725 0.309804 0.313725
v -0.064937 -0.258402 -0.027244 0.313725 0.309804 0.313725
v -0.062438 -0.257836 -0.026226 0.313725 0.309804 0.313725
v -0.059926 -0.257133 -0.025213 0.313725 0.309804 0.313725
v -0.057407 -0.256297 -0.024204 0.313725 0.309804 0.313725
v -0.055071 -0.256200 -0.023279 0.313725 0.309804 0.313725
v -0.052538 -0.255100 -0.022275 0.313725 0.309804 0.313725
v -0.050008 -0.253873 -0.021277 0.313725 0.309804 0.313725
v -0.047485 -0.252521 -0.020283 0.313725 0.309804 0.313725
v -0.044971 -0.251048 -0.019294 0.313725 0.309804 0.313725
v -0.042471 -0.249457 -0.018310 0.313725 0.309804 0.313725
v -0.040125 -0.248613 -0.017392 0.313725 0.309804 0.313725
v -0.037652 -0.246795 -0.016414 0.313725 0.309804 0.313725
v -0.035202 -0.244873 -0.015442 0.313725 0.309804 0.313725
v -0.032892 -0.243699 -0.014526 0.313725 0.309804 0.313725
v -0.030488 -0.241576 -0.013562 0.313725 0.309804 0.313725
v -0.028214 -0.240203 -0.012647 0.313725 0.309804 0.313725
v -0.025866 -0.237899 -0.011690 0.313725 0.309804 0.313725
v -0.023555 -0.235516 -0.010738 0.313725 0.309804 0.313725
v -0.021282 -0.233058 -0.009793 0.313725 0.309804 0.313725
v -0.019050 -0.230533 -0.008853 0.313725 0.309804 0.313725
v -0.016919 -0.228757 -0.007946 0.313725 0.309804 0.313725
v -0.014765 -0.226108 -0.007015 0.313725 0.309804 0.313725
v -0.012656 -0.223409 -0.006089 0.313725 0.309804 0.313725
v -0.010594 -0.220668 -0.005169 0.313725 0.309804 0.313725
v -0.008610 -0.218673 -0.004271 0.313725 0.309804 0.313725
v -0.006636 -0.215857 -0.003360 0.313725 0.309804 0.313725
v -0.004711 -0.213018 -0.002455 0.313725 0.309804 0.313725
v -0.002836 -0.210161 -0.001557 0.313725 0.309804 0.313725
v -0.001014 -0.208047 -0.000667 0.313725 0.309804 0.313725
v 0.000768 -0.205167 0.000222 0.313725 0.309804 0.313725
v 0.002501 -0.202288 0.001104 0.313725 0.309804 0.313725
v 0.004185 -0.199418 0.001980 0.313725 0.309804 0.313725
v 0.005841 -0.197285 0.002860 0.313725 0.309804 0.313725
v 0.007435 -0.194442 0.003725 0.313725 0.309804 0.313725
v 0.008982 -0.191625 0.004585 0.313725 0.309804 0.313725
v 0.010522 -0.189539 0.005457 0.313725 0.309804 0.313725
v 0.012029 -0.187475 0.006329 0.313725 0.309804 0.313725
v 0.013454 -0.184755 0.007174 0.313725 0.309804 0.313725
v 0.014838 -0.182083 0.008012 0.313725 0.309804 0.313725
v 0.016183 -0.179464 0.008843 0.313725 0.309804 0.313725
v 0.017491 -0.176903 0.009667 0.313725 0.309804 0.313725
v 0.018833 -0.175059 0.010523 0.313725 0.309804 0.313725
v 0.020077 -0.172620 0.011336 0.313725 0.309804 0.313725
v 0.021290 -0.170251 0.012142 0.313725 0.309804 0.313725
v 0.022475 -0.167956 0.012940 0.313725 0.309804 0.313725
v 0.023634 -0.165738 0.013731 0.313725 0.309804 0.313725
v 0.024770 -0.163601 0.014515 0.313725 0.309804 0.313725
v 0.025984 -0.162166 0.015349 0.313725 0.309804 0.313725
v 0.027086 -0.160191 0.016121 0.313725 0.309804 0.313725
v 0.028173 -0.158305 0.016885 0.313725 0.309804 0.313725
v 0.029247 -0.156508 0.017642 0.313725 0.309804 0.313725
v 0.030311 -0.154802 0.018391 0.313725 0.309804 0.313725
v 0.031490 -0.153783 0.019206 0.313725 0.309804 0.313725
v 0.032548 -0.152258 0.019943 0.313725 0.309804 0.313725
v 0.033603 -0.150826 0.020672 0.313725 0.309804 0.313725
v 0.034660 -0.149487 0.021393 0.313725 0.309804 0.313725
v 0.035861 -0.148826 0.022193 0.313725 0.309804 0.313725
v 0.037078 -0.148252 0.022992 0.313725 0.309804 0.313725
v 0.038162 -0.147187 0.023695 0.313725 0.309804 0.313725
v 0.039258 -0.146213 0.024391 0.313725 0.309804 0.313725
v 0.040366 -0.145329 0.025078 0.313725 0.309804 0.313725
v 0.041490 -0.144533 0.025758 0.313725 0.309804 0.313725
v 0.042632 -0.143823 0.026429 0.313725 0.309804 0.313725
v 0.043968 -0.143771 0.027201 0.313725 0.309804 0.313725
v 0.045154 -0.143225 0.027859 0.313725 0.309804 0.313725
v 0.046363 -0.142757 0.028509 0.313725 0.309804 0.313725
v 0.047596 -0.142365 0.029150 0.313725 0.309804 0.313725
v 0.048854 -0.142044 0.029784 0.313725 0.309804 0.313725
v 0.050138 -0.141792 0.030409 0.313725 0.309804 0.313725
v 0.051449 -0.141604 0.031025 0.313725 0.309804 0.313725
v 0.052787 -0.141477 0.031634 0.313725 0.309804 0.313725
v 0.054154 -0.141406 0.032233 0.313725 0.309804 0.313725
v 0.055549 -0.141388 0.032825 0.313725 0.309804 0.313725
v 0.056972 -0.141417 0.033408 0.313725 0.309804 0.313725
v 0.058424 -0.141490 0.033982 0.313725 0.309804 0.313725
v 0.059904 -0.141601 0.034548 0.313725 0.309804 0.313725
v 0.061152 -0.141149 0.034958 0.313725 0.309804 0.313725
v 0.062945 -0.141922 0.035655 0.313725 0.309804 0.313725
v 0.064505 -0.142122 0.036195 0.313725 0.309804 0.313725
v 0.066373 -0.142949 0.036884 0.313725 0.309804 0.313725
v 0.067989 -0.143187 0.037411 0.313725 0.309804 0.313725
v 0.069628 -0.143435 0.037928 0.313725 0.309804 0.313725
v 0.071288 -0.143689 0.038437 0.313725 0.309804 0.313725
v 0.072966 -0.143942 0.038938 0.313725 0.309804 0.313725
v 0.074987 -0.144819 0.039601 0.313725 0.309804 0.313725
v 0.076706 -0.145063 0.040087 0.313725 0.309804 0.313725
v 0.078438 -0.145294 0.040564 0.313725 0.309804 0.313725
v 0.080180 -0.145507 0.041032 0.313725 0.309804 0.313725
v 0.081930 -0.145698 0.041492 0.313725 0.309804 0.313725
v 0.083685 -0.145861 0.041943 0.313725 0.309804 0.313725
v 0.085822 -0.146644 0.042574 0.313725 0.309804 0.313725
v 0.087588 -0.146745 0.043011 0.313725 0.309804 0.313725
v 0.089350 -0.146808 0.043438 0.313725 0.309804 0.313725
v 0.091515 -0.147487 0.044054 0.313725 0.309804 0.313725
v 0.093271 -0.147464 0.044467 0.313725 0.309804 0.313725
v 0.095013 -0.147392 0.044871 0.313725 0.309804 0.313725
v 0.097178 -0.147934 0.045472 0.313725 0.309804 0.313725
v 0.098895 -0.147757 0.045861 0.313725 0.309804 0.313725
v 0.100589 -0.147522 0.046242 0.313725 0.309804 0.313725
v 0.102724 -0.147898 0.046827 0.313725 0.309804 0.313725
v 0.104373 -0.147541 0.047192 0.313725 0.309804 0.313725
v 0.106475 -0.147794 0.047767 0.313725 0.309804 0.313725
v 0.108560 -0.147982 0.048339 0.313725 0.309804 0.313725
v 0.110119 -0.147426 0.048684 0.313725 0.309804 0.313725
v 0.111635 -0.146800 0.049019 0.313725 0.309804 0.313725
v 0.113630 -0.146780 0.049575 0.313725 0.309804 0.313725
v 0.115061 -0.146011 0.049896 0.313725 0.309804 0.313725
v 0.116982 -0.145845 0.050442 0.313725 0.309804 0.313725
v 0.118866 -0.145605 0.050983 0.313725 0.309804 0.313725
v 0.120150 -0.144615 0.051283 0.313725 0.309804 0.313725
v 0.121940 -0.144223 0.051815 0.313725 0.309804 0.313725
v 0.123684 -0.143754 0.052343 0.313725 0.309804 0.313725
v 0.124795 -0.142542 0.052621 0.313725 0.309804 0.313725
v 0.126429 -0.141921 0.053139 0.313725 0.309804 0.313725
v 0.128007 -0.141223 0.053652 0.313725 0.309804 0.313725
v 0.129527 -0.140448 0.054162 0.313725 0.309804 0.313725
v 0.130375 -0.138945 0.054412 0.313725 0.309804 0.313725
v 0.131765 -0.138023 0.054912 0.313725 0.309804 0.313725
v 0.133090 -0.137027 0.055407 0.313725 0.309804 0.313725
v 0.134349 -0.135958 0.055898 0.313725 0.309804 0.313725
v 0.135538 -0.134818 0.056385 0.313725 0.309804 0.313725
v 0.136657 -0.133607 0.056868 0.313725 0.309804 0.313725
v 0.137057 -0.131707 0.057077 0.313725 0.309804 0.313725
v 0.138026 -0.130369 0.057549 0.313725 0.309804 0.313725
v 0.138920 -0.128966 0.058017 0.313725 0.309804 0.313725
v 0.139740 -0.127502 0.058481 0.313725 0.309804 0.313725
v 0.140483 -0.125979 0.058940 0.313725 0.309804 0.313725
v 0.141151 -0.124399 0.059395 0.313725 0.309804 0.313725
v 0.141741 -0.122766 0.059845 0.313725 0.309804 0.313725
v 0.142256 -0.121081 0.060291 0.313725 0.309804 0.313725
v 0.142693 -0.119348 0.060733 0.313725 0.309804 0.313725
v 0.143730 -0.118125 0.061458 0.313725 0.309804 0.313725
v 0.144018 -0.116296 0.061893 0.313725 0.309804 0.313725
v 0.144231 -0.114429 0.062323 0.313725 0.309804 0.313725
v 0.144370 -0.112525 0.062748 0.313725 0.309804 0.313725
v 0.144437 -0.110590 0.063168 0.313725 0.309804 0.313725
v 0.144433 -0.108625 0.063584 0.313725 0.309804 0.313725
v 0.144360 -0.106634 0.063995 0.313725 0.309804 0.313725
v 0.144219 -0.104621 0.064402 0.313725 0.309804 0.313725
v 0.144014 -0.102590 0.064803 0.313725 0.309804 0.313725
v 0.144421 -0.101015 0.065506 0.313725 0.309804 0.313725
v 0.144092 -0.098946 0.065900 0.313725 0.309804 0.313725
v 0.143705 -0.096868 0.066289 0.313725 0.309804 0.313725
v 0.143263 -0.094785 0.066673 0.313725 0.309804 0.313725
v 0.142770 -0.092700 0.067052 0.313725 0.309804 0.313725
v 0.142894 -0.091039 0.067741 0.313725 0.309804 0.313725
v 0.142306 -0.088949 0.068112 0.313725 0.309804 0.313725
v 0.141676 -0.086867 0.068478 0.313725 0.309804 0.313725
v 0.141009 -0.084794 0.068839 0.313725 0.309804 0.313725
v 0.140960 -0.083119 0.069516 0.313725 0.309804 0.313725
v 0.140226 -0.081066 0.069868 0.313725 0.309804 0.313725
v 0.139466 -0.079030 0.070215 0.313725 0.309804 0.313725
v 0.139327 -0.077373 0.070883 0.313725 0.309804 0.313725
v 0.138524 -0.075372 0.071221 0.313725 0.309804 0.313725
v 0.137708 -0.073397 0.071554 0.313725 0.309804 0.313725
v 0.137515 -0.071779 0.072212 0.313725 0.309804 0.313725
v 0.136682 -0.069852 0.072536 0.313725 0.309804 0.313725
v 0.135849 -0.067956 0.072854 0.313725 0.309804 0.313725
v 0.135020 -0.066093 0.073166 0.313725 0.309804 0.313725
v 0.134816 -0.064558 0.073811 0.313725 0.309804 0.313725
v 0.134006 -0.062756 0.074114 0.313725 0.309804 0.313725
v 0.133213 -0.060991 0.074412 0.313725 0.309804 0.313725
v 0.133047 -0.059533 0.075045 0.313725 0.309804 0.313725
v 0.132298 -0.057835 0.075333 0.313725 0.309804 0.313725
v 0.132178 -0.056430 0.075959 0.313725 0.309804 0.313725
v 0.131491 -0.054802 0.076237 0.313725 0.309804 0.313725
v 0.130843 -0.053213 0.076509 0.313725 0.309804 0.313725
v 0.130236 -0.051662 0.076776 0.313725 0.309804 0.313725
v 0.130263 -0.050378 0.077385 0.313725 0.309804 0.313725
v 0.129749 -0.048898 0.077641 0.313725 0.309804 0.313725
v 0.129289 -0.047456 0.077892 0.313725 0.309804 0.313725
v 0.129465 -0.046259 0.078489 0.313725 0.309804 0.313725
v 0.129119 -0.044884 0.078729 0.313725 0.309804 0.313725
v 0.129412 -0.043739 0.079317 0.313725 0.309804 0.313725
v 0.129191 -0.042427 0.079547 0.313725 0.309804 0.313725
v 0.129038 -0.041148 0.079770 0.313725 0.309804 0.313725
v 0.128954 -0.039901 0.079987 0.313725 0.309804 0.313725
v 0.129518 -0.038855 0.080557 0.313725 0.309804 0.313725
v 0.129579 -0.037659 0.080764 0.313725 0.309804 0.313725
v 0.129715 -0.036489 0.080964 0.313725 0.309804 0.313725
v 0.129927 -0.035343 0.081159 0.313725 0.309804 0.313725
v 0.130795 -0.034372 0.081709 0.313725 0.309804 0.313725
v 0.131163 -0.033262 0.081892 0.313725 0.309804 0.313725
v 0.131609 -0.032171 0.082069 0.313725 0.309804 0.313725
v 0.132134 -0.031095 0.082240 0.313725 0.309804 0.313725
v 0.132736 -0.030031 0.082405 0.313725 0.309804 0.313725
v 0.133416 -0.028979 0.082564 0.313725 0.309804 0.313725
v 0.134173 -0.027935 0.082717 0.313725 0.309804 0.313725
v 0.135603 -0.027015 0.083230 0.313725 0.309804 0.313725
v 0.136514 -0.025975 0.083371 0.313725 0.309804 0.313725
v 0.137498 -0.024937 0.083506 0.313725 0.309804 0.313725
v 0.138554 -0.023896 0.083634 0.313725 0.309804 0.313725
v 0.139678 -0.022852 0.083757 0.313725 0.309804 0.313725
v 0.140870 -0.021803 0.083873 0.313725 0.309804 0.313725
v 0.142126 -0.020744 0.083983 0.313725 0.309804 0.313725
v 0.143443 -0.019675 0.084087 0.313725 0.309804 0.313725
v 0.144819 -0.018594 0.084184 0.313725 0.309804 0.313725
v 0.146250 -0.017498 0.084275 0.313725 0.309804 0.313725
v 0.147732 -0.016385 0.084360 0.313725 0.309804 0.313725
v 0.149262 -0.015253 0.084439 0.313725 0.309804 0.313725
v 0.150836 -0.014102 0.084511 0.313725 0.309804 0.313725
v 0.152450 -0.012928 0.084577 0.313725 0.309804 0.313725
v 0.154099 -0.011731 0.084637 0.313725 0.309804 0.313725
v 0.155780 -0.010510 0.084691 0.313725 0.309804 0.313725
v 0.157487 -0.009262 0.084738 0.313725 0.309804 0.313725
v 0.159217 -0.007987 0.084779 0.313725 0.309804 0.313725
v 0.160964 -0.006685 0.084814 0.313725 0.309804 0.313725
v 0.162723 -0.005353 0.084842 0.313725 0.309804 0.313725
v 0.164490 -0.003993 0.084864 0.313725 0.309804 0.313725
v 0.166259 -0.002602 0.084880 0.313725 0.309804 0.313725
v 0.168026 -0.001181 0.084889 0.313725 0.309804 0.313725
f 393 400 394
f 396 393 394
f 396 393 400
f 396 393 400
f 399 401 400
f 399 393 394
f 399 396 397
f 287 209 291
f 287 291 581
f 287 209 282
f 287 209 291
f 389 382 424
f 385 399 365
f 677 680 213
f 663 667 213
f 663 658 213
f 649 213 574
f 649 658 213
f 460 364 365
f 455 451 513
f 324 350 321
f 497 494 574
f 392 424 423
f 392 393 424
f 392 400 423
f 392 393 400
f 392 393 400
f 392 287 581
f 392 399 574
f 392 399 393
f 277 278 91
f 277 278 394
f 277 278 393
f 277 392 278
f 279 278 393
f 279 392 393
f 279 392 278
f 279 209 282
f 402 389 399
f 402 497 500
f 395 396 400
f 395 400 394
f 395 399 394
f 395 399 396
f 395 396 394
f 510 447 451
f 510 455 451
f 408 501 411
f 412 460 365
f 570 460 574
f 286 288 385
f 290 287 387
f 578 365 383
f 578 579 365
f 578 392 574
f 578 392 579
f 578 392 393
f 578 392 579
f 578 393 394
f 578 579 393
f 578 395 394
f 578 395 579
f 578 395 396
f 578 395 579
f 578 396 397
f 578 579 396
f 578 530 528
f 578 516 579
f 216 579 383
f 216 579 365
f 216 300 383
f 216 300 365
f 216 578 579
f 216 578 365
f 216 579 213
f 216 578 579
f 216 364 365
f 216 279 282
f 216 324 350
f 216 287 282
f 216 287 291
f 216 460 574
f 216 649 213
f 580 579 387
f 580 209 213
f 580 213 574
f 580 579 213
f 580 209 291
f 580 392 581
f 580 392 579
f 580 392 393
f 580 392 579
f 580 393 394
f 580 579 393
f 580 395 394
f 580 395 579
f 580 395 396
f 580 395 579
f 580 515 514
f 580 396 397
f 580 579 396
f 580 516 515
f 580 516 579
f 363 364 365
f 363 431 365
f 670 667 213
f 686 680 213
f 641 642 574
f 347 346 337
f 347 346 426
f 347 431 346
f 347 436 346
f 347 324 346
f 347 436 346
f 336 216 460
f 358 460 350
f 358 460 350
f 358 460 364
f 358 216 364
f 358 216 574
f 358 216 350
f 358 324 350
f 358 216 324
f 450 453 350
f 450 358 354
f 450 453 346
f 450 347 346
f 522 578 579
f 433 363 364
f 430 431 365
f 351 436 438
f 351 436 349
f 351 441 350
f 351 431 349
f 351 436 354
f 351 436 354
f 351 433 431
f 351 433 354
f 351 426 425
f 351 426 349
f 440 441 353
f 440 351 441
f 440 351 441
f 442 440 364
f 442 440 354
f 442 440 441
f 442 441 353
f 442 441 350
f 442 351 350
f 442 351 441
f 442 351 441
f 442 347 441
f 398 392 400
f 398 392 393
f 398 392 399
f 398 399 400
f 398 392 400
f 398 392 399
f 398 510 399
f 398 393 394
f 398 399 393
f 398 395 394
f 398 395 399
f 398 399 582
f 398 580 397
f 398 580 399
f 398 399 396
f 398 395 396
f 398 395 399
f 398 580 579
f 398 580 579
f 398 578 579
f 398 578 579
f 398 399 397
f 398 578 397
f 398 578 399
f 284 392 282
f 284 392 287
f 284 392 282
f 284 392 287
f 273 290 287
f 273 287 291
f 273 286 288
f 281 392 282
f 281 279 392
f 280 279 392
f 280 281 279
f 280 281 392
f 280 281 279
f 512 497 516
f 512 497 516
f 512 578 579
f 512 580 514
f 512 580 515
f 512 580 579
f 506 399 401
f 504 501 447
f 504 510 447
f 504 455 501
f 504 510 455
f 504 501 447
f 504 510 447
f 504 501 438
f 504 436 501
f 504 436 501
f 504 431 501
f 504 501 426
f 504 501 424
f 504 501 424
f 504 408 501
f 511 512 580
f 409 408 382
f 409 408 411
f 409 408 382
f 409 408 501
f 405 382 387
f 405 408 382
f 405 401 400
f 480 430 481
f 480 530 528
f 480 515 514
f 492 489 424
f 492 489 426
f 492 489 431
f 492 489 516
f 492 489 436
f 492 489 515
f 492 489 436
f 492 489 514
f 492 489 438
f 492 489 510
f 492 489 447
f 492 504 489
f 492 504 489
f 492 489 447
f 492 489 455
f 479 480 530
f 479 480 481
f 483 530 528
f 485 483 484
f 485 483 430
f 572 570 497
f 573 484 574
f 573 484 570
f 573 491 574
f 573 570 491
f 573 484 481
f 573 484 570
f 573 491 494
f 573 570 491
f 573 479 481
f 573 479 570
f 573 497 494
f 573 570 497
f 573 572 570
f 573 497 500
f 573 572 497
f 573 570 574
f 473 573 570
f 473 573 475
f 133 53 54
f 137 54 55
f 316 351 354
f 294 216 291
f 294 293 291
f 289 288 385
f 289 290 385
f 289 273 288
f 289 273 290
f 289 288 382
f 289 290 382
f 384 578 579
f 384 578 579
f 384 579 383
f 384 579 385
f 384 578 383
f 384 578 385
f 384 300 383
f 384 365 383
f 384 385 365
f 384 399 365
f 384 385 399
f 384 294 291
f 384 294 385
f 384 290 291
f 384 290 385
f 384 289 290
f 384 289 290
f 384 289 288
f 384 289 288
f 384 408 382
f 384 408 385
f 384 288 382
f 384 286 288
f 386 578 579
f 386 578 579
f 386 579 387
f 386 579 385
f 386 578 387
f 386 578 385
f 386 294 387
f 386 399 387
f 386 385 399
f 386 294 387
f 386 294 385
f 386 290 387
f 386 290 385
f 386 290 287
f 386 290 385
f 386 405 382
f 386 405 385
f 386 286 287
f 386 286 385
f 388 578 579
f 388 578 579
f 388 580 579
f 388 580 579
f 388 578 387
f 388 578 389
f 388 580 387
f 388 580 389
f 388 399 387
f 388 389 399
f 388 294 387
f 388 389 399
f 388 389 291
f 388 294 291
f 388 294 387
f 388 402 389
f 388 287 387
f 388 389 287
f 388 405 387
f 388 405 402
f 388 284 389
f 388 402 389
f 388 405 402
f 388 286 287
f 388 284 286
f 388 284 286
f 388 389 400
f 388 405 400
f 388 405 387
f 388 389 401
f 388 405 401
f 388 382 387
f 388 389 382
f 390 578 579
f 390 578 579
f 390 580 579
f 390 580 579
f 390 578 574
f 390 578 389
f 390 399 574
f 390 389 399
f 390 287 291
f 390 389 287
f 390 291 581
f 390 580 581
f 390 580 291
f 390 580 209
f 390 399 401
f 390 284 287
f 390 284 389
f 390 209 291
f 390 389 291
f 390 580 209
f 390 580 389
f 390 401 400
f 390 389 401
f 390 402 399
f 390 402 389
f 390 402 389
f 390 284 282
f 390 284 389
f 390 400 423
f 390 389 400
f 390 281 282
f 390 424 423
f 390 389 424
f 390 280 281
f 390 280 281
f 377 300 365
f 362 363 364
f 362 433 434
f 362 433 363
f 362 431 361
f 362 363 431
f 673 677 213
f 673 670 213
f 529 530 528
f 595 649 658
f 595 580 574
f 595 580 582
f 595 580 579
f 595 580 579
f 595 578 579
f 595 578 579
f 699 695 209
f 699 392 282
f 699 287 209
f 699 287 209
f 699 398 582
f 699 392 393
f 699 392 393
f 699 284 282
f 699 284 287
f 699 284 287
f 699 398 397
f 699 393 394
f 699 279 393
f 699 396 397
f 699 395 394
f 699 279 393
f 699 395 396
f 212 686 689
f 212 695 689
f 212 686 680
f 212 686 680
f 212 686 213
f 212 686 689
f 212 209 213
f 212 695 209
f 212 695 689
f 212 677 680
f 212 677 680
f 212 673 677
f 212 673 677
f 212 673 670
f 212 670 667
f 682 595 686
f 635 460 633
f 635 632 460
f 635 632 460
f 635 641 649
f 635 570 631
f 635 641 570
f 635 631 574
f 635 641 574
f 635 595 631
f 635 595 641
f 456 455 639
f 456 641 455
f 456 641 455
f 648 649 574
f 648 595 649
f 648 216 649
f 648 595 641
f 648 635 641
f 648 216 649
f 348 337 349
f 348 347 337
f 348 426 349
f 348 347 426
f 348 431 349
f 348 347 431
f 348 436 349
f 348 347 436
f 348 436 438
f 348 347 436
f 348 442 441
f 348 442 347
f 428 347 346
f 428 347 431
f 428 344 431
f 428 348 347
f 428 348 347
f 428 348 426
f 428 348 431
f 428 351 426
f 428 351 431
f 428 492 489
f 428 489 430
f 428 492 489
f 428 504 501
f 428 504 431
f 439 347 346
f 439 347 441
f 439 348 347
f 439 348 347
f 439 348 438
f 439 440 441
f 439 348 441
f 439 351 438
f 439 440 351
f 439 480 441
f 439 473 440
f 439 351 438
f 439 354 438
f 439 440 354
f 439 351 353
f 439 440 353
f 439 440 351
f 439 440 364
f 439 440 364
f 446 347 448
f 446 348 347
f 446 347 448
f 446 450 364
f 446 442 364
f 446 450 460
f 446 442 460
f 446 442 450
f 343 344 337
f 343 329 337
f 343 344 329
f 343 344 436
f 343 336 460
f 343 436 438
f 343 344 436
f 343 344 460
f 343 336 460
f 343 336 344
f 343 441 438
f 343 344 441
f 343 441 342
f 343 344 441
f 343 450 453
f 343 446 344
f 343 448 447
f 343 344 448
f 345 346 337
f 345 344 337
f 345 344 329
f 345 428 346
f 345 428 344
f 345 324 346
f 345 428 431
f 345 428 344
f 345 431 346
f 345 344 431
f 345 436 346
f 345 344 436
f 345 450 453
f 345 450 453
f 345 436 346
f 345 344 436
f 345 439 346
f 345 446 448
f 345 344 441
f 345 439 441
f 345 439 441
f 345 344 448
f 345 446 448
f 345 446 344
f 449 450 339
f 449 343 448
f 449 343 450
f 449 343 344
f 449 343 450
f 449 450 350
f 449 446 350
f 449 446 448
f 449 450 353
f 449 446 353
f 449 345 344
f 449 345 450
f 449 347 448
f 449 450 347
f 449 450 354
f 449 446 354
f 449 345 448
f 449 345 450
f 449 347 448
f 449 450 347
f 449 450 358
f 449 446 358
f 449 446 450
f 338 449 339
f 338 449 339
f 338 339 448
f 49 53 54
f 49 51 52
f 49 48 131
f 49 54 56
f 49 54 55
f 49 54 52
f 49 53 54
f 49 135 51
f 49 53 135
f 49 133 53
f 435 362 434
f 435 362 364
f 435 433 364
f 435 433 364
f 435 433 365
f 435 480 436
f 332 216 324
f 332 324 350
f 332 216 460
f 332 336 216
f 332 460 350
f 332 336 460
f 332 336 344
f 332 343 336
f 332 331 336
f 332 343 336
f 332 328 343
f 332 345 344
f 526 529 603
f 526 485 483
f 526 522 491
f 526 522 497
f 432 362 431
f 432 362 433
f 432 362 363
f 432 362 433
f 432 433 363
f 432 363 364
f 432 363 431
f 432 433 364
f 432 433 365
f 432 430 365
f 432 430 431
f 432 480 430
f 432 479 480
f 432 479 480
f 432 480 430
f 432 435 433
f 357 430 431
f 357 428 430
f 357 428 430
f 357 432 433
f 357 435 358
f 437 351 438
f 437 351 436
f 437 351 436
f 437 354 438
f 437 436 354
f 437 357 358
f 437 357 358
f 437 439 358
f 437 439 364
f 437 362 364
f 437 439 364
f 437 435 362
f 437 435 362
f 437 435 364
f 437 435 365
f 437 439 440
f 437 439 473
f 437 473 474
f 437 473 440
f 437 439 473
f 437 473 418
f 437 435 418
f 443 441 474
f 443 442 441
f 443 344 441
f 443 345 344
f 443 345 344
f 443 345 346
f 443 442 441
f 443 345 441
f 443 347 346
f 443 442 347
f 443 442 350
f 443 442 350
f 443 348 347
f 443 348 442
f 443 348 350
f 443 348 442
f 443 442 353
f 487 485 418
f 487 426 421
f 487 489 426
f 487 428 489
f 487 421 424
f 487 489 424
f 487 428 489
f 487 489 424
f 487 520 489
f 487 489 430
f 487 485 430
f 487 489 519
f 487 485 433
f 487 433 431
f 487 489 431
f 487 485 433
f 487 489 436
f 487 489 436
f 487 516 515
f 487 489 516
f 487 489 516
f 487 489 515
f 487 489 447
f 487 489 514
f 487 489 447
f 487 441 438
f 487 489 438
f 487 489 510
f 487 489 455
f 490 489 417
f 490 520 492
f 490 489 424
f 490 492 424
f 490 492 489
f 563 559 497
f 563 559 491
f 563 559 491
f 2 49 56
f 22 48 65
f 70 22 48
f 657 649 658
f 657 656 649
f 651 635 633
f 651 635 632
f 90 89 277
f 90 277 91
f 90 277 394
f 90 89 394
f 88 89 73
f 72 70 48
f 276 277 278
f 276 90 277
f 276 279 209
f 276 273 209
f 276 216 279
f 276 273 216
f 276 273 279
f 276 284 287
f 276 284 286
f 276 273 287
f 276 273 286
f 333 336 337
f 333 338 336
f 333 332 336
f 333 332 331
f 333 331 336
f 333 338 336
f 323 347 324
f 323 324 350
f 323 347 324
f 323 348 347
f 502 501 500
f 502 402 500
f 502 405 504
f 558 559 491
f 558 559 491
f 558 559 484
f 558 559 484
f 558 479 559
f 558 473 559
f 558 559 460
f 558 559 460
f 503 502 501
f 503 502 504
f 503 506 578
f 503 580 579
f 503 506 580
f 503 506 580
f 503 578 579
f 503 578 399
f 503 402 399
f 503 504 402
f 503 572 570
f 503 402 399
f 503 502 402
f 503 504 402
f 503 502 402
f 503 502 504
f 503 573 572
f 503 573 500
f 508 504 510
f 508 506 402
f 508 510 401
f 508 506 401
f 472 529 530
f 472 473 440
f 472 473 440
f 472 440 441
f 472 442 441
f 472 442 440
f 410 492 412
f 410 490 412
f 410 412 365
f 410 473 412
f 410 484 412
f 410 484 412
f 410 479 412
f 493 410 492
f 493 410 492
f 493 412 411
f 493 410 411
f 493 410 412
f 496 409 408
f 496 497 516
f 498 409 408
f 498 409 408
f 498 409 501
f 498 496 409
f 498 501 411
f 498 410 409
f 498 496 410
f 498 496 410
f 498 512 497
f 498 512 497
f 498 496 497
f 498 496 512
f 498 501 424
f 498 501 424
f 498 501 426
f 498 504 510
f 498 428 501
f 498 455 501
f 498 501 447
f 498 428 431
f 498 501 447
f 498 431 501
f 498 492 489
f 498 501 438
f 498 436 501
f 498 436 501
f 406 408 385
f 406 405 385
f 406 405 408
f 406 384 408
f 406 386 405
f 406 405 501
f 406 504 408
f 406 405 504
f 406 405 504
f 477 573 570
f 477 573 479
f 477 573 475
f 477 573 479
f 477 558 559
f 477 558 479
f 477 410 412
f 477 410 479
f 477 432 435
f 477 432 435
f 569 479 570
f 569 484 570
f 569 477 479
f 569 484 570
f 569 477 570
f 569 473 570
f 569 570 491
f 569 570 491
f 569 635 570
f 569 570 497
f 569 635 570
f 569 570 460
f 569 570 497
f 569 503 570
f 566 567 522
f 566 563 522
f 566 567 603
f 566 563 603
f 482 430 481
f 482 483 430
f 482 432 430
f 482 432 430
f 482 432 433
f 482 432 480
f 482 432 480
f 482 485 433
f 482 485 483
f 482 480 433
f 482 485 433
f 482 480 528
f 482 483 528
f 482 480 436
f 482 487 485
f 482 487 436
f 482 480 436
f 482 487 485
f 482 487 436
f 482 480 441
f 482 520 480
f 482 487 520
f 482 487 441
f 482 480 441
f 482 480 447
f 482 487 447
f 482 487 441
f 482 480 519
f 482 487 519
f 482 480 447
f 482 487 447
f 482 480 515
f 482 487 515
f 482 480 455
f 482 487 455
f 482 480 515
f 482 487 515
f 482 480 514
f 482 487 514
f 482 487 480
f 551 632 460
f 622 558 559
f 622 558 621
f 317 358 216
f 317 358 354
f 317 316 354
f 319 350 321
f 319 324 321
f 319 358 324
f 319 358 353
f 319 317 353
f 319 317 358
f 319 317 358
f 319 358 216
f 132 49 48
f 132 49 133
f 132 49 131
f 132 49 133
f 132 62 63
f 132 62 133
f 132 63 64
f 132 133 63
f 132 65 64
f 132 133 65
f 132 65 131
f 132 133 65
f 132 69 131
f 132 133 69
f 132 72 131
f 132 72 133
f 132 72 73
f 132 72 133
f 74 11 48
f 74 88 87
f 74 97 88
f 74 88 89
f 74 97 88
f 74 90 89
f 74 97 90
f 74 90 73
f 74 97 73
f 74 97 90
f 136 212 135
f 136 212 137
f 136 49 48
f 136 49 135
f 136 135 51
f 136 137 51
f 136 137 51
f 136 49 51
f 136 49 137
f 136 53 135
f 136 137 53
f 136 53 135
f 136 137 53
f 136 135 54
f 136 137 54
f 136 135 55
f 136 137 55
f 136 62 135
f 136 62 137
f 136 135 63
f 136 137 63
f 136 135 65
f 136 137 65
f 136 135 65
f 136 137 65
f 136 135 69
f 136 137 69
f 136 135 69
f 136 137 69
f 136 72 135
f 136 72 137
f 136 72 135
f 136 72 137
f 111 74 110
f 111 74 75
f 320 348 347
f 320 319 350
f 320 351 350
f 320 351 350
f 320 319 350
f 283 280 281
f 283 281 279
f 283 284 389
f 283 388 284
f 283 280 277
f 283 280 281
f 283 281 279
f 283 390 389
f 283 390 281
f 283 390 281
f 113 111 75
f 125 70 48
f 125 72 70
f 134 212 135
f 134 49 48
f 134 49 133
f 134 49 53
f 134 49 133
f 134 53 135
f 134 133 53
f 134 72 135
f 134 72 133
f 134 135 54
f 134 133 54
f 134 72 135
f 134 72 133
f 134 135 55
f 134 133 55
f 134 135 69
f 134 133 69
f 134 135 65
f 134 133 65
f 134 135 65
f 134 133 65
f 134 62 135
f 134 62 133
f 134 135 63
f 134 133 63
f 138 212 139
f 138 212 137
f 138 49 139
f 138 49 137
f 138 51 139
f 138 137 51
f 138 72 137
f 138 51 139
f 138 137 51
f 138 72 137
f 138 139 54
f 138 137 69
f 138 53 54
f 138 137 53
f 138 137 53
f 138 139 54
f 138 137 54
f 138 137 69
f 138 65 139
f 138 137 65
f 138 65 139
f 138 137 65
f 138 63 139
f 138 137 63
f 138 62 63
f 138 62 137
f 376 375 300
f 376 377 300
f 376 377 365
f 376 410 365
f 376 410 377
f 376 375 412
f 376 410 412
f 376 410 377
f 376 377 292
f 376 377 292
f 376 375 424
f 376 377 424
f 420 376 377
f 420 498 411
f 420 376 375
f 420 493 492
f 420 490 417
f 420 490 492
f 380 289 292
f 380 294 293
f 380 292 293
f 380 410 412
f 374 375 417
f 374 375 412
f 374 375 300
f 374 373 300
f 602 595 663
f 602 595 663
f 602 595 670
f 602 682 680
f 592 691 595
f 698 699 582
f 698 699 695
f 698 398 399
f 698 699 398
f 698 398 510
f 690 691 595
f 690 709 691
f 662 661 623
f 624 622 623
f 624 671 621
f 457 456 641
f 457 641 642
f 457 456 336
f 457 641 639
f 457 456 639
f 457 456 641
f 457 343 460
f 457 456 336
f 457 343 344
f 457 344 460
f 457 460 350
f 457 345 344
f 457 358 460
f 457 358 460
f 457 460 364
f 643 642 574
f 643 644 574
f 643 641 642
f 643 644 641
f 643 457 642
f 643 644 216
f 643 644 640
f 643 49 640
f 643 49 644
f 645 646 574
f 645 644 574
f 645 644 641
f 645 646 216
f 645 644 216
f 645 595 641
f 645 595 646
f 645 595 646
f 645 49 646
f 645 49 644
f 647 646 574
f 647 648 574
f 647 595 646
f 647 648 595
f 647 646 216
f 647 648 216
f 647 595 646
f 647 648 595
f 647 648 635
f 429 428 430
f 429 430 365
f 429 482 483
f 429 485 483
f 429 428 485
f 429 487 485
f 429 487 428
f 429 487 428
f 427 428 426
f 427 487 426
f 427 487 428
f 427 428 485
f 427 487 485
f 427 487 428
f 445 347 346
f 445 446 347
f 445 345 346
f 445 345 446
f 445 348 347
f 445 446 348
f 445 345 344
f 445 345 446
f 445 446 348
f 445 343 344
f 445 343 446
f 445 443 348
f 445 443 348
f 445 343 342
f 445 446 350
f 445 443 350
f 445 343 447
f 445 343 446
f 445 446 353
f 445 443 353
f 445 446 442
f 445 446 354
f 445 442 354
f 445 443 442
f 454 338 453
f 454 453 455
f 454 338 453
f 454 461 453
f 454 456 336
f 454 456 336
f 454 338 336
f 454 336 455
f 454 338 336
f 454 457 456
f 454 343 453
f 454 457 343
f 454 343 453
f 454 461 460
f 454 453 350
f 454 457 350
f 454 457 345
f 454 457 343
f 454 345 453
f 454 450 460
f 454 450 453
f 454 453 346
f 454 345 346
f 454 345 453
f 454 457 345
f 454 442 450
f 454 450 353
f 454 450 453
f 454 358 353
f 454 457 358
f 454 450 358
f 454 457 358
f 454 450 364
f 454 457 364
f 452 338 337
f 452 338 453
f 452 338 339
f 452 338 453
f 452 343 453
f 452 343 450
f 452 343 450
f 330 333 331
f 330 339 329
f 330 333 329
f 330 333 155
f 330 338 339
f 330 333 338
f 330 333 338
f 335 332 216
f 335 332 336
f 335 332 336
f 335 336 337
f 335 645 646
f 335 645 644
f 335 643 644
f 335 336 216
f 335 643 216
f 335 457 336
f 335 643 457
f 335 457 336
f 335 643 336
f 335 643 457
f 228 333 155
f 228 333 332
f 326 332 216
f 326 332 345
f 326 332 343
f 326 332 328
f 326 345 324
f 326 332 324
f 326 332 345
f 341 332 336
f 341 454 457
f 341 336 460
f 341 457 460
f 341 457 336
f 341 332 328
f 341 332 328
f 341 454 453
f 341 330 328
f 341 452 453
f 341 329 337
f 341 328 329
f 341 330 328
f 341 452 450
f 341 449 450
f 341 449 448
f 341 448 447
f 341 445 447
f 341 445 342
f 341 441 342
f 341 441 438
f 521 522 578
f 521 520 578
f 521 522 579
f 521 520 579
f 521 522 497
f 521 522 497
f 521 493 520
f 521 522 491
f 521 493 491
f 521 490 522
f 521 490 520
f 521 520 492
f 521 493 492
f 521 493 520
f 521 490 489
f 521 490 520
f 521 487 489
f 521 487 520
f 521 482 487
f 521 482 487
f 521 482 480
f 521 482 520
f 527 522 528
f 527 526 522
f 527 578 528
f 527 526 578
f 527 503 528
f 527 503 522
f 527 497 528
f 527 522 497
f 527 526 522
f 527 497 528
f 527 526 497
f 527 491 528
f 527 526 491
f 527 526 485
f 527 484 528
f 527 485 484
f 527 526 485
f 527 482 480
f 527 482 526
f 527 483 484
f 527 526 483
f 527 482 483
f 527 482 526
f 525 522 578
f 525 526 578
f 525 526 603
f 525 529 621
f 525 526 529
f 525 482 526
f 525 482 526
f 525 526 485
f 525 526 485
f 525 487 485
f 525 526 522
f 356 428 426
f 356 357 428
f 356 351 426
f 356 357 351
f 356 357 428
f 356 357 433
f 356 357 433
f 356 439 440
f 356 357 435
f 356 439 358
f 356 357 358
f 356 357 435
f 356 437 357
f 356 437 357
f 564 497 494
f 564 563 497
f 564 491 494
f 564 563 491
f 564 497 565
f 564 563 497
f 564 491 565
f 564 563 491
f 564 503 565
f 564 503 563
f 564 484 565
f 564 563 484
f 564 484 481
f 564 563 484
f 564 479 481
f 564 563 479
f 564 477 479
f 564 477 563
f 564 566 512
f 564 477 565
f 564 477 563
f 564 473 565
f 564 563 473
f 564 460 565
f 564 563 460
f 564 563 460
f 564 635 565
f 564 635 460
f 564 635 460
f 562 559 497
f 562 563 497
f 562 563 559
f 562 503 559
f 562 503 563
f 562 563 522
f 562 566 563
f 562 563 603
f 562 563 460
f 562 559 460
f 562 563 460
f 562 473 559
f 562 563 473
f 562 477 559
f 562 477 563
f 562 477 479
f 562 477 563
f 562 479 559
f 562 563 479
f 562 559 484
f 562 563 484
f 562 559 484
f 562 563 484
f 562 563 559
f 14 657 659
f 14 662 661
f 721 722 686
f 721 722 677
f 721 678 722
f 721 722 52
f 721 74 75
f 721 722 52
f 721 74 722
f 721 72 722
f 721 72 722
f 721 62 722
f 721 70 69
f 721 70 722
f 721 70 722
f 721 722 63
f 721 722 65
f 721 722 65
f 3 2 659
f 3 74 75
f 3 2 49
f 3 74 2
f 3 2 49
f 3 72 2
f 3 72 2
f 3 70 2
f 3 70 2
f 3 62 2
f 3 2 63
f 3 2 65
f 3 2 65
f 727 54 52
f 67 22 48
f 67 48 65
f 67 128 65
f 67 132 131
f 67 3 2
f 23 48 65
f 23 22 65
f 23 22 48
f 23 48 63
f 23 22 63
f 23 62 22
f 23 22 49
f 274 90 73
f 93 699 209
f 93 699 279
f 93 97 88
f 297 384 300
f 297 384 294
f 297 216 300
f 297 294 216
f 297 384 294
f 297 376 377
f 297 384 385
f 297 384 300
f 297 376 375
f 297 386 385
f 297 386 294
f 297 386 294
f 57 138 139
f 57 138 58
f 57 138 137
f 57 138 58
f 57 136 137
f 57 136 58
f 57 136 135
f 57 136 58
f 57 134 135
f 57 134 58
f 57 134 133
f 57 134 58
f 57 132 58
f 57 133 55
f 57 132 133
f 57 132 58
f 57 132 131
f 57 49 55
f 57 48 131
f 57 58 48
f 57 3 49
f 57 49 48
f 57 58 49
f 57 3 2
f 57 3 58
f 57 58 49
f 57 721 722
f 57 721 58
f 57 707 58
f 59 707 58
f 59 721 722
f 59 721 58
f 59 138 60
f 59 138 58
f 59 138 137
f 59 138 58
f 59 3 2
f 59 3 58
f 59 136 137
f 59 136 58
f 59 136 60
f 59 136 58
f 59 134 60
f 59 134 58
f 59 134 133
f 59 134 58
f 59 49 60
f 59 58 49
f 59 11 49
f 59 132 133
f 59 132 58
f 59 132 60
f 59 132 58
f 61 721 722
f 61 721 62
f 61 138 60
f 61 138 62
f 61 138 137
f 61 138 62
f 61 136 137
f 61 136 62
f 61 3 2
f 61 3 62
f 61 136 60
f 61 136 62
f 61 134 60
f 61 134 62
f 61 134 133
f 61 134 62
f 61 132 133
f 61 132 62
f 61 132 60
f 61 132 62
f 61 23 22
f 61 23 62
f 61 49 60
f 505 503 504
f 505 503 504
f 505 506 402
f 505 504 402
f 505 506 399
f 505 503 399
f 505 503 506
f 505 508 506
f 505 508 504
f 505 508 405
f 505 504 402
f 505 405 402
f 505 405 504
f 509 498 511
f 509 508 510
f 509 498 510
f 509 498 511
f 509 508 504
f 509 564 563
f 509 564 512
f 509 512 578
f 509 562 563
f 509 566 512
f 509 580 582
f 509 511 580
f 509 512 580
f 509 511 512
f 509 573 572
f 509 562 512
f 509 566 567
f 509 698 510
f 509 510 399
f 509 508 399
f 509 508 510
f 466 504 489
f 466 498 489
f 466 487 489
f 466 461 510
f 466 482 480
f 466 482 487
f 466 482 487
f 466 480 455
f 466 452 455
f 466 514 513
f 466 449 450
f 466 449 448
f 466 449 446
f 466 448 447
f 466 446 448
f 466 527 526
f 488 410 490
f 488 527 526
f 488 527 526
f 488 525 526
f 488 525 526
f 488 410 412
f 488 490 489
f 488 410 490
f 488 491 528
f 488 527 528
f 488 527 491
f 488 490 522
f 488 525 522
f 488 525 487
f 488 490 489
f 488 487 489
f 488 525 487
f 488 487 489
f 495 410 409
f 495 496 410
f 495 410 411
f 495 496 410
f 495 412 411
f 495 493 412
f 495 420 493
f 495 420 498
f 495 498 424
f 495 492 516
f 495 496 516
f 495 492 424
f 495 493 492
f 495 498 424
f 495 492 515
f 495 492 424
f 495 492 426
f 495 498 426
f 495 512 515
f 495 496 512
f 495 428 492
f 495 498 428
f 495 512 514
f 495 492 514
f 495 498 496
f 495 428 492
f 495 498 428
f 495 492 431
f 495 498 431
f 495 511 512
f 495 498 511
f 495 492 510
f 495 492 436
f 495 498 436
f 495 511 510
f 495 498 511
f 495 492 504
f 495 498 504
f 495 492 436
f 495 498 436
f 495 492 504
f 495 498 504
f 495 498 492
f 495 492 438
f 495 498 438
f 495 492 447
f 495 498 447
f 495 492 447
f 495 498 447
f 495 492 455
f 495 498 455
f 495 498 492
f 495 466 492
f 495 466 498
f 499 498 497
f 499 406 405
f 499 406 501
f 499 498 408
f 404 406 386
f 404 386 385
f 404 406 386
f 404 384 385
f 404 386 399
f 404 405 387
f 404 386 405
f 404 384 399
f 404 388 387
f 404 388 399
f 404 388 399
f 404 406 498
f 404 497 500
f 404 499 497
f 404 499 405
f 404 499 498
f 404 497 494
f 404 496 497
f 404 499 406
f 404 499 406
f 404 399 365
f 404 410 365
f 404 477 479
f 404 479 481
f 404 501 500
f 404 405 501
f 404 399 574
f 404 473 399
f 404 477 475
f 404 484 481
f 404 502 501
f 404 502 405
f 404 494 574
f 404 491 494
f 404 473 475
f 404 484 574
f 404 405 504
f 404 502 504
f 404 502 405
f 404 491 574
f 407 384 408
f 407 406 384
f 407 409 408
f 407 404 384
f 407 406 384
f 407 404 384
f 407 404 406
f 407 410 409
f 407 404 410
f 407 495 409
f 407 496 409
f 407 495 496
f 407 495 496
f 407 410 409
f 407 493 410
f 407 493 491
f 407 493 410
f 407 488 410
f 407 488 410
f 407 410 484
f 407 404 484
f 407 404 491
f 407 404 496
f 407 496 408
f 407 404 491
f 407 488 491
f 407 410 484
f 407 404 484
f 407 404 496
f 407 404 406
f 407 498 408
f 407 406 498
f 407 410 479
f 407 404 479
f 407 499 498
f 407 499 406
f 407 477 410
f 407 404 477
f 407 406 408
f 407 499 408
f 407 499 406
f 407 477 410
f 407 404 477
f 407 410 473
f 407 404 473
f 407 404 410
f 476 435 418
f 476 477 418
f 476 477 435
f 476 437 435
f 476 437 439
f 476 437 474
f 476 437 439
f 476 527 528
f 476 440 441
f 476 439 440
f 476 439 440
f 476 441 474
f 476 529 528
f 476 529 530
f 476 529 530
f 476 527 526
f 476 525 526
f 476 474 447
f 476 521 520
f 476 520 519
f 476 519 474
f 478 432 479
f 478 477 432
f 478 477 435
f 478 432 479
f 478 477 479
f 478 477 432
f 478 479 480
f 478 480 433
f 478 435 433
f 478 435 480
f 478 435 480
f 478 437 435
f 478 476 437
f 478 476 477
f 478 480 436
f 478 437 436
f 478 476 437
f 478 479 530
f 478 476 527
f 478 476 530
f 478 476 477
f 478 439 480
f 478 476 439
f 478 479 480
f 478 527 480
f 478 439 480
f 478 476 439
f 478 527 526
f 478 476 527
f 478 480 441
f 478 476 441
f 478 525 526
f 478 476 525
f 478 480 447
f 478 476 447
f 478 480 447
f 478 476 447
f 478 466 480
f 478 521 520
f 478 476 521
f 478 520 480
f 478 476 520
f 478 487 480
f 478 480 519
f 478 476 519
f 478 480 514
f 478 476 514
f 478 487 510
f 478 480 514
f 478 476 514
f 568 484 481
f 568 569 484
f 568 479 481
f 568 569 479
f 568 484 565
f 568 569 484
f 568 477 479
f 568 569 477
f 568 491 565
f 568 569 491
f 568 477 565
f 568 569 477
f 568 491 494
f 568 569 491
f 568 473 565
f 568 569 473
f 568 497 494
f 568 569 497
f 568 497 565
f 568 569 497
f 568 503 565
f 568 503 567
f 568 635 565
f 568 569 635
f 568 569 503
f 568 460 565
f 568 569 460
f 568 567 623
f 568 635 460
f 568 569 635
f 568 567 603
f 568 569 603
f 568 509 567
f 568 509 569
f 533 476 477
f 533 472 473
f 531 578 530
f 531 578 530
f 531 491 528
f 531 497 528
f 531 533 491
f 531 503 528
f 531 491 528
f 531 497 528
f 531 533 491
f 531 484 528
f 531 533 484
f 531 483 484
f 531 483 530
f 531 533 484
f 531 483 484
f 531 483 530
f 531 533 479
f 531 480 530
f 531 479 480
f 531 479 480
f 531 478 479
f 531 472 530
f 531 533 472
f 531 478 477
f 531 478 477
f 531 533 477
f 531 533 474
f 531 476 477
f 531 533 476
f 531 476 474
f 531 476 530
f 531 533 476
f 630 544 632
f 630 629 659
f 630 653 632
f 630 653 632
f 630 653 659
f 545 544 633
f 545 544 460
f 545 544 632
f 545 544 461
f 545 630 544
f 545 544 461
f 545 630 544
f 545 544 472
f 679 721 677
f 679 721 678
f 296 374 298
f 296 297 374
f 296 297 374
f 296 297 376
f 296 297 376
f 302 216 300
f 311 216 364
f 308 362 363
f 308 362 361
f 308 362 363
f 98 74 99
f 98 74 97
f 98 74 99
f 98 74 97
f 270 289 292
f 270 289 292
f 142 132 73
f 142 132 133
f 142 134 133
f 142 134 135
f 142 136 135
f 142 136 137
f 142 138 137
f 142 138 72
f 142 138 72
f 142 138 69
f 142 138 69
f 142 138 139
f 142 65 139
f 142 65 139
f 142 63 139
f 142 62 63
f 142 61 62
f 142 61 60
f 142 59 60
f 142 59 58
f 142 57 58
f 142 57 139
f 142 139 54
f 142 139 54
f 142 51 139
f 142 51 139
f 142 49 139
f 148 153 110
f 148 142 110
f 148 144 72
f 148 144 72
f 148 153 111
f 148 142 111
f 148 144 69
f 148 144 69
f 148 144 65
f 148 142 132
f 148 144 65
f 148 142 132
f 148 142 134
f 148 144 63
f 148 144 62
f 148 61 144
f 148 61 144
f 148 59 144
f 148 59 144
f 148 57 144
f 148 57 144
f 148 144 54
f 148 144 54
f 148 144 51
f 318 320 280
f 318 274 316
f 318 274 320
f 318 270 274
f 318 270 274
f 318 319 317
f 318 316 351
f 318 317 316
f 318 316 351
f 318 320 351
f 318 351 353
f 318 317 353
f 318 348 316
f 318 320 348
f 318 319 317
f 318 320 351
f 318 320 319
f 318 348 316
f 318 320 348
f 318 316 329
f 322 320 280
f 322 274 320
f 322 270 274
f 322 292 288
f 322 323 347
f 322 345 346
f 322 345 329
f 322 347 346
f 322 320 347
f 322 318 329
f 322 318 320
f 322 323 348
f 322 320 348
f 322 318 316
f 322 320 245
f 322 323 350
f 322 323 348
f 322 320 348
f 322 348 350
f 322 320 350
f 322 320 350
f 285 388 284
f 285 283 388
f 285 283 388
f 285 284 286
f 285 386 286
f 285 276 284
f 285 386 286
f 285 276 277
f 285 283 277
f 285 276 279
f 285 276 284
f 285 283 279
f 285 283 284
f 285 276 279
f 285 283 279
f 285 384 385
f 285 384 286
f 285 274 286
f 285 283 280
f 285 384 288
f 285 384 286
f 285 318 280
f 285 318 316
f 285 318 316
f 285 322 320
f 285 322 320
f 285 322 288
f 285 318 320
f 285 318 320
f 130 152 155
f 130 72 73
f 130 111 110
f 130 72 131
f 130 148 142
f 130 142 73
f 130 142 110
f 130 142 111
f 130 70 128
f 130 69 131
f 130 70 69
f 130 70 128
f 130 67 131
f 130 67 128
f 130 65 131
f 130 128 65
f 130 65 64
f 130 128 65
f 130 63 64
f 130 62 63
f 130 48 63
f 130 128 48
f 130 62 48
f 130 61 62
f 130 61 62
f 130 61 60
f 130 61 60
f 130 59 60
f 130 59 60
f 130 58 48
f 130 59 58
f 130 59 58
f 157 130 158
f 157 158 132
f 157 158 132
f 157 134 158
f 157 134 158
f 157 152 134
f 157 136 158
f 157 152 136
f 157 136 158
f 157 152 136
f 157 138 158
f 157 152 138
f 414 495 420
f 414 420 493
f 414 495 420
f 381 289 288
f 381 380 289
f 381 285 288
f 381 289 290
f 381 380 289
f 381 290 291
f 381 290 382
f 381 292 290
f 381 380 292
f 381 380 292
f 381 293 291
f 381 380 293
f 381 380 293
f 381 380 410
f 381 409 382
f 381 410 409
f 381 382 424
f 381 380 424
f 381 410 409
f 381 380 410
f 381 409 382
f 381 409 411
f 381 420 411
f 381 380 420
f 381 380 420
f 379 380 289
f 379 380 289
f 379 380 292
f 379 380 294
f 379 380 424
f 379 380 294
f 379 297 294
f 379 380 420
f 379 380 410
f 379 380 410
f 379 380 420
f 379 380 412
f 422 374 420
f 422 420 489
f 422 374 375
f 422 374 420
f 422 487 489
f 422 487 489
f 422 490 489
f 422 420 490
f 422 376 375
f 422 420 376
f 422 420 376
f 422 487 424
f 422 487 421
f 422 490 492
f 422 420 492
f 422 420 490
f 372 296 374
f 372 296 298
f 372 376 292
f 372 376 292
f 372 376 377
f 372 421 424
f 372 376 375
f 372 375 424
f 372 374 375
f 372 422 424
f 372 422 374
f 372 422 421
f 372 376 377
f 372 422 374
f 372 379 380
f 372 381 380
f 668 624 671
f 668 624 671
f 668 630 671
f 668 721 671
f 668 630 671
f 597 595 673
f 597 602 673
f 597 602 595
f 597 595 673
f 597 602 673
f 597 595 677
f 597 682 595
f 597 682 595
f 597 690 595
f 597 602 595
f 575 509 512
f 575 509 573
f 575 509 573
f 575 597 595
f 575 573 572
f 575 595 578
f 575 503 506
f 575 503 500
f 575 497 500
f 575 497 574
f 575 399 574
f 593 592 576
f 593 595 578
f 593 592 595
f 593 592 566
f 593 592 691
f 593 525 592
f 593 592 526
f 590 566 576
f 590 595 677
f 590 595 686
f 697 698 516
f 697 698 516
f 697 698 699
f 700 698 699
f 700 698 514
f 700 699 398
f 700 511 398
f 700 698 515
f 700 511 512
f 700 698 512
f 700 698 511
f 700 698 511
f 700 699 396
f 700 511 398
f 700 698 398
f 700 698 699
f 700 699 395
f 700 697 698
f 700 697 698
f 700 516 515
f 700 698 516
f 700 698 516
f 700 395 394
f 700 699 395
f 700 699 279
f 700 278 394
f 700 279 278
f 700 699 91
f 700 278 91
f 700 279 278
f 700 651 659
f 700 707 659
f 687 690 603
f 687 602 686
f 201 169 195
f 554 460 631
f 554 632 460
f 554 460 556
f 539 624 621
f 459 641 570
f 459 457 641
f 459 570 460
f 459 336 460
f 459 457 336
f 459 457 336
f 459 635 570
f 459 635 641
f 459 635 460
f 459 544 460
f 459 454 461
f 459 454 457
f 636 459 635
f 636 637 457
f 636 459 457
f 636 459 637
f 636 459 635
f 650 651 49
f 650 49 646
f 650 23 49
f 650 23 647
f 650 645 646
f 650 647 646
f 650 22 49
f 650 23 22
f 650 645 646
f 650 23 647
f 650 647 648
f 650 636 637
f 650 647 635
f 650 636 635
f 650 23 648
f 650 648 635
f 650 651 635
f 650 634 639
f 650 645 644
f 650 636 637
f 650 651 635
f 650 636 635
f 650 659 634
f 650 651 659
f 650 643 644
f 650 645 644
f 650 643 642
f 650 643 644
f 650 641 639
f 650 641 642
f 650 643 641
f 415 454 457
f 415 412 460
f 415 457 460
f 415 454 450
f 415 446 450
f 415 412 460
f 415 374 412
f 415 374 373
f 415 374 375
f 415 376 375
f 415 473 412
f 415 420 376
f 415 376 377
f 415 477 412
f 415 420 492
f 415 414 420
f 415 420 376
f 415 414 420
f 415 477 479
f 415 479 412
f 415 490 492
f 415 484 412
f 415 483 484
f 415 488 489
f 415 484 412
f 415 485 484
f 415 488 487
f 415 488 412
f 224 330 328
f 191 188 113
f 191 188 113
f 230 224 216
f 340 332 336
f 340 341 332
f 340 457 336
f 340 341 457
f 340 332 331
f 340 341 332
f 340 454 457
f 340 341 454
f 340 330 331
f 340 341 330
f 340 454 453
f 340 341 454
f 340 330 339
f 340 341 330
f 340 452 453
f 340 341 452
f 340 339 329
f 340 341 329
f 340 452 339
f 340 450 339
f 340 452 450
f 340 341 452
f 340 449 450
f 340 341 449
f 340 449 339
f 340 341 449
f 340 339 448
f 340 341 448
f 340 339 447
f 340 445 447
f 340 341 445
f 340 341 445
f 355 428 351
f 355 356 351
f 355 356 428
f 355 428 351
f 355 356 428
f 355 351 433
f 355 351 433
f 355 356 433
f 355 433 354
f 355 356 433
f 355 356 435
f 355 317 358
f 355 436 354
f 355 435 436
f 355 356 435
f 355 437 436
f 355 356 437
f 355 446 358
f 355 446 442
f 355 446 442
f 355 442 440
f 355 442 440
f 355 356 440
f 355 437 354
f 355 356 437
f 355 439 440
f 355 356 439
f 355 439 354
f 355 356 439
f 561 559 522
f 561 562 522
f 561 562 603
f 561 562 566
f 561 566 576
f 561 559 460
f 561 562 460
f 561 562 559
f 609 526 529
f 609 525 526
f 619 562 563
f 619 564 563
f 619 561 562
f 619 564 623
f 619 567 623
f 619 662 623
f 619 662 663
f 619 662 663
f 619 649 623
f 619 568 567
f 619 568 569
f 619 569 570
f 619 573 570
f 619 573 623
f 702 707 69
f 702 707 69
f 702 88 73
f 702 88 87
f 702 88 89
f 702 90 89
f 702 699 91
f 702 90 91
f 702 698 699
f 702 697 698
f 702 697 698
f 702 700 707
f 702 700 697
f 708 709 69
f 708 707 69
f 708 709 65
f 708 707 65
f 708 709 69
f 708 707 69
f 708 709 65
f 708 707 65
f 708 72 709
f 708 707 72
f 708 709 63
f 708 707 63
f 708 72 709
f 708 707 72
f 708 62 709
f 708 707 62
f 708 74 709
f 708 707 74
f 708 61 62
f 708 61 707
f 708 61 709
f 708 61 707
f 708 59 709
f 708 59 707
f 708 59 58
f 708 59 707
f 708 57 58
f 708 57 707
f 708 57 709
f 708 57 707
f 708 709 52
f 708 707 52
f 708 709 52
f 708 707 52
f 708 707 709
f 39 132 212
f 39 134 212
f 39 134 212
f 683 708 707
f 683 708 687
f 683 708 687
f 683 687 621
f 683 687 621
f 4 668 3
f 4 3 74
f 4 74 5
f 4 3 74
f 4 5 659
f 4 3 659
f 4 72 5
f 4 3 72
f 4 49 5
f 4 3 49
f 4 72 5
f 4 3 72
f 4 57 49
f 4 57 3
f 4 70 5
f 4 3 70
f 4 57 58
f 4 57 3
f 4 70 5
f 4 3 70
f 4 59 58
f 4 59 3
f 4 59 60
f 4 59 3
f 4 67 5
f 4 67 3
f 4 61 60
f 4 61 3
f 4 5 65
f 4 3 65
f 4 61 62
f 4 61 3
f 4 5 65
f 4 3 65
f 4 62 5
f 4 3 62
f 4 5 63
f 4 3 63
f 725 54 52
f 729 672 673
f 729 672 671
f 68 22 48
f 68 67 22
f 68 70 48
f 68 125 70
f 68 130 128
f 68 130 67
f 68 4 5
f 68 4 67
f 68 130 69
f 68 130 67
f 68 4 3
f 68 4 67
f 68 132 69
f 68 67 132
f 68 3 2
f 68 67 3
f 68 67 132
f 68 132 133
f 68 132 133
f 68 134 133
f 68 134 133
f 68 721 722
f 68 721 722
f 68 135 69
f 68 134 135
f 68 134 135
f 68 725 67
f 24 23 48
f 24 23 62
f 24 61 23
f 24 23 49
f 24 61 49
f 24 61 23
f 24 23 647
f 24 23 647
f 24 645 49
f 24 23 49
f 24 23 648
f 654 653 659
f 654 630 653
f 654 630 653
f 654 653 649
f 652 651 659
f 652 653 659
f 652 651 659
f 652 653 659
f 652 651 633
f 652 630 633
f 652 630 653
f 652 630 653
f 652 651 632
f 652 653 632
f 652 651 635
f 652 651 635
f 652 635 649
f 652 653 649
f 652 635 632
f 652 653 632
f 275 276 90
f 275 274 90
f 275 93 276
f 275 90 89
f 275 276 90
f 275 90 89
f 275 274 90
f 275 274 273
f 275 285 276
f 275 285 274
f 275 273 286
f 275 276 273
f 275 274 286
f 275 285 276
f 275 285 274
f 94 93 276
f 94 93 276
f 94 93 97
f 94 93 699
f 94 93 721
f 94 93 97
f 711 668 707
f 299 374 375
f 299 297 375
f 299 297 374
f 299 297 374
f 299 374 373
f 299 374 298
f 299 372 298
f 507 498 512
f 507 509 498
f 507 509 498
f 507 512 516
f 507 503 501
f 507 499 501
f 507 499 498
f 507 499 498
f 507 503 522
f 507 503 504
f 507 503 504
f 507 509 504
f 507 508 504
f 507 509 508
f 507 527 522
f 507 527 503
f 507 527 503
f 507 531 503
f 507 506 580
f 507 509 580
f 507 509 580
f 507 580 399
f 507 506 580
f 507 506 578
f 507 509 578
f 507 509 582
f 507 399 582
f 507 509 399
f 507 509 508
f 507 506 399
f 507 508 399
f 507 508 506
f 507 575 506
f 507 575 509
f 507 575 509
f 507 509 573
f 507 575 503
f 507 575 503
f 507 503 573
f 507 509 573
f 507 509 562
f 507 503 573
f 507 562 503
f 507 509 562
f 507 503 572
f 507 509 569
f 507 562 503
f 507 509 564
f 507 569 503
f 507 568 509
f 507 564 503
f 507 509 564
f 507 568 569
f 507 568 509
f 507 564 503
f 507 568 503
f 507 503 567
f 507 566 567
f 507 509 566
f 507 509 566
f 471 504 489
f 471 466 504
f 471 466 504
f 471 487 489
f 471 466 487
f 471 466 510
f 471 478 487
f 471 466 447
f 471 476 514
f 471 478 510
f 471 478 476
f 471 476 447
f 471 476 474
f 471 474 447
f 471 478 466
f 471 478 476
f 471 466 487
f 471 478 487
f 471 478 466
f 471 476 514
f 471 476 474
f 471 519 474
f 471 445 447
f 471 443 474
f 471 520 519
f 471 445 443
f 471 443 442
f 471 472 442
f 471 521 520
f 471 472 442
f 471 525 526
f 471 527 526
f 471 527 528
f 471 529 528
f 471 472 529
f 471 527 529
f 471 472 529
f 471 531 472
f 463 466 452
f 463 461 453
f 463 452 453
f 463 452 450
f 463 452 450
f 463 466 452
f 463 450 453
f 463 454 453
f 463 454 461
f 463 454 461
f 463 466 529
f 463 526 529
f 463 466 526
f 463 525 526
f 463 466 525
f 463 539 461
f 463 545 544
f 463 519 461
f 463 466 519
f 463 461 513
f 463 466 513
f 463 466 461
f 625 568 569
f 625 569 570
f 625 568 623
f 625 631 574
f 625 573 623
f 625 573 570
f 625 573 570
f 625 564 623
f 625 595 631
f 625 657 656
f 625 641 649
f 625 649 623
f 625 657 649
f 625 564 563
f 625 635 595
f 625 635 641
f 625 619 649
f 625 561 562
f 625 661 623
f 625 660 661
f 625 660 659
f 625 624 661
f 625 660 624
f 625 562 563
f 625 635 595
f 625 558 559
f 625 624 558
f 532 533 534
f 532 531 533
f 532 531 530
f 532 533 466
f 532 463 461
f 532 463 466
f 532 459 461
f 532 463 529
f 532 463 529
f 532 531 533
f 532 471 533
f 532 471 531
f 532 593 592
f 532 593 592
f 532 603 534
f 532 529 603
f 532 637 534
f 532 609 534
f 532 609 529
f 532 630 534
f 532 630 529
f 532 630 627
f 532 630 529
f 532 621 615
f 532 529 621
f 532 621 627
f 532 529 621
f 547 624 544
f 547 624 544
f 547 545 544
f 547 545 630
f 547 545 630
f 547 609 544
f 547 545 632
f 547 544 603
f 547 460 633
f 547 593 592
f 547 544 576
f 547 545 544
f 304 307 216
f 304 302 216
f 309 307 216
f 309 311 216
f 309 307 364
f 309 311 364
f 309 308 307
f 309 308 362
f 309 362 364
f 309 311 364
f 309 308 362
f 313 311 216
f 107 74 75
f 102 153 110
f 104 74 110
f 104 105 74
f 104 105 74
f 104 181 105
f 104 191 188
f 164 169 134
f 164 169 136
f 164 169 136
f 164 169 138
f 164 169 138
f 164 201 169
f 173 169 134
f 173 169 134
f 173 169 136
f 173 169 136
f 173 169 138
f 173 169 138
f 173 113 111
f 173 201 169
f 254 287 291
f 254 309 308
f 271 270 274
f 271 270 289
f 271 94 270
f 271 270 289
f 264 299 301
f 264 296 297
f 143 148 144
f 143 148 142
f 143 148 142
f 143 144 72
f 143 142 72
f 143 144 72
f 143 142 72
f 143 144 69
f 143 142 69
f 143 144 69
f 143 142 69
f 143 144 65
f 143 142 65
f 143 144 65
f 143 142 65
f 143 144 63
f 143 142 63
f 143 144 62
f 143 142 62
f 143 61 144
f 143 142 61
f 143 61 144
f 143 142 61
f 143 59 144
f 143 142 59
f 143 59 144
f 143 142 59
f 143 57 144
f 143 142 57
f 143 57 144
f 143 142 57
f 143 144 54
f 143 142 54
f 143 144 54
f 143 142 54
f 143 144 51
f 143 142 51
f 143 144 51
f 143 142 51
f 143 144 49
f 143 142 49
f 143 215 144
f 149 153 72
f 149 148 72
f 149 148 153
f 149 153 72
f 149 148 72
f 149 153 69
f 149 148 69
f 149 153 69
f 149 148 69
f 149 153 65
f 149 148 65
f 149 153 65
f 149 148 65
f 149 153 63
f 149 148 63
f 149 153 62
f 149 148 62
f 149 61 153
f 149 148 61
f 149 61 153
f 149 148 61
f 149 59 153
f 149 148 59
f 149 59 153
f 149 148 59
f 149 57 153
f 149 148 57
f 149 57 153
f 149 148 57
f 149 148 54
f 149 148 54
f 149 148 51
f 149 148 51
f 149 130 148
f 149 130 148
f 149 148 132
f 149 148 132
f 149 148 134
f 149 148 142
f 147 142 136
f 147 142 136
f 147 152 136
f 147 142 138
f 147 152 138
f 147 149 148
f 147 142 138
f 147 173 152
f 147 173 152
f 147 148 333
f 156 130 155
f 156 157 130
f 156 157 132
f 156 152 155
f 156 152 132
f 156 111 110
f 156 157 111
f 156 152 212
f 156 152 132
f 156 157 132
f 156 104 157
f 156 152 134
f 156 157 134
f 156 157 152
f 156 155 99
f 156 98 99
f 156 72 155
f 156 157 330
f 156 330 155
f 141 157 152
f 141 147 138
f 141 147 152
f 141 138 158
f 141 157 138
f 141 157 152
f 141 147 152
f 141 147 164
f 141 147 173
f 141 147 142
f 141 147 143
f 141 144 212
f 141 143 215
f 141 143 215
f 378 379 289
f 378 289 292
f 378 377 292
f 378 379 289
f 378 377 292
f 378 379 292
f 378 372 377
f 378 372 379
f 378 377 294
f 378 379 294
f 378 377 424
f 378 379 424
f 378 296 377
f 378 420 377
f 378 379 420
f 378 296 297
f 378 379 297
f 378 296 297
f 378 414 420
f 378 297 377
f 378 377 300
f 378 297 300
f 378 379 297
f 378 410 377
f 378 379 410
f 378 410 377
f 378 379 410
f 295 372 296
f 295 296 374
f 295 372 374
f 295 372 292
f 295 296 376
f 295 376 292
f 295 376 292
f 295 372 296
f 295 377 294
f 295 376 377
f 295 296 377
f 295 296 376
f 295 270 292
f 295 298 337
f 295 274 298
f 295 270 274
f 295 270 274
f 295 298 329
f 295 322 292
f 295 322 292
f 295 322 320
f 419 427 428
f 419 372 373
f 419 429 428
f 419 429 428
f 419 374 373
f 419 372 374
f 419 372 374
f 419 374 420
f 419 485 483
f 419 482 483
f 419 429 482
f 419 429 485
f 419 429 485
f 419 420 489
f 419 374 375
f 419 374 420
f 419 487 485
f 419 487 485
f 419 482 430
f 419 429 430
f 419 429 482
f 419 487 489
f 419 487 489
f 419 490 489
f 419 420 490
f 419 420 490
f 419 375 417
f 419 420 417
f 419 420 375
f 674 672 671
f 674 671 621
f 674 721 671
f 674 683 621
f 674 683 678
f 674 630 671
f 674 711 707
f 674 683 630
f 674 630 671
f 674 683 630
f 674 700 707
f 674 683 700
f 674 671 634
f 674 683 634
f 674 650 671
f 674 683 650
f 674 650 671
f 674 683 650
f 669 729 671
f 669 729 668
f 669 668 3
f 669 3 2
f 669 668 3
f 664 662 661
f 664 624 661
f 664 668 624
f 664 624 622
f 664 660 624
f 664 624 622
f 664 668 624
f 664 662 663
f 664 660 659
f 664 3 2
f 664 630 659
f 664 668 630
f 664 4 3
f 664 8 662
f 664 630 659
f 664 668 630
f 664 660 5
f 664 4 5
f 664 8 662
f 664 668 671
f 664 659 634
f 664 671 634
f 664 668 721
f 664 650 659
f 664 650 671
f 664 650 671
f 664 674 671
f 664 700 707
f 664 668 707
f 664 700 707
f 664 721 722
f 664 711 668
f 664 707 659
f 601 602 677
f 601 597 677
f 601 597 602
f 601 602 682
f 601 687 602
f 601 602 573
f 601 597 602
f 601 602 573
f 596 690 691
f 596 597 690
f 596 597 690
f 591 592 566
f 591 590 566
f 591 592 576
f 591 590 576
f 591 562 592
f 591 590 562
f 591 592 595
f 591 590 595
f 591 561 562
f 591 561 590
f 591 592 595
f 591 595 686
f 591 590 686
f 591 590 595
f 591 592 691
f 591 590 691
f 591 547 592
f 591 547 590
f 591 525 592
f 591 590 525
f 591 592 526
f 591 590 526
f 591 532 592
f 591 532 590
f 591 532 592
f 591 532 590
f 517 519 582
f 517 489 516
f 517 492 489
f 517 489 519
f 517 580 579
f 517 580 516
f 517 580 516
f 517 520 579
f 517 520 519
f 517 578 516
f 517 490 492
f 517 495 492
f 517 495 493
f 517 493 520
f 517 520 578
f 517 520 489
f 517 490 520
f 517 490 520
f 517 495 493
f 517 493 520
f 517 495 496
f 517 495 496
f 517 496 497
f 517 496 497
f 517 521 497
f 517 521 520
f 517 497 516
f 517 521 522
f 517 521 497
f 517 572 522
f 517 507 516
f 517 575 572
f 517 507 512
f 517 521 522
f 517 507 522
f 517 512 516
f 517 575 512
f 517 575 573
f 517 507 522
f 517 575 573
f 517 573 572
f 517 568 567
f 517 568 569
f 517 566 567
f 517 568 567
f 517 566 567
f 517 564 566
f 517 566 563
f 517 564 566
f 517 562 563
f 517 564 563
f 517 561 562
f 517 562 563
f 517 561 559
f 517 562 512
f 517 561 562
f 696 697 520
f 696 591 590
f 696 591 592
f 696 525 603
f 696 609 525
f 696 700 651
f 696 650 700
f 696 702 700
f 180 98 97
f 180 181 98
f 180 98 99
f 180 181 99
f 180 181 98
f 114 157 111
f 114 156 157
f 114 156 111
f 114 148 153
f 114 173 113
f 114 111 74
f 114 111 74
f 114 113 111
f 114 130 111
f 114 148 142
f 114 130 142
f 114 130 148
f 184 201 195
f 184 201 195
f 184 141 147
f 184 147 152
f 184 147 188
f 184 141 147
f 184 169 195
f 184 164 169
f 184 164 169
f 184 188 138
f 184 188 138
f 184 188 136
f 184 188 136
f 184 188 134
f 184 188 134
f 183 184 201
f 183 184 185
f 183 184 201
f 183 184 118
f 183 184 113
f 183 184 113
f 183 184 98
f 183 184 104
f 183 184 98
f 183 134 133
f 183 184 134
f 183 134 135
f 183 184 134
f 183 136 135
f 183 184 136
f 183 136 137
f 183 184 136
f 183 138 137
f 183 184 138
f 183 138 139
f 183 184 138
f 182 113 112
f 182 183 113
f 182 113 115
f 182 183 113
f 182 118 115
f 182 183 118
f 182 104 181
f 182 183 104
f 182 181 98
f 182 183 98
f 182 181 98
f 182 183 98
f 200 147 201
f 210 182 181
f 210 180 181
f 210 156 157
f 210 141 144
f 552 551 629
f 552 624 551
f 552 554 624
f 552 630 551
f 552 630 551
f 552 551 632
f 552 551 632
f 543 624 544
f 543 624 544
f 543 630 544
f 543 609 544
f 543 630 544
f 543 544 603
f 543 544 633
f 543 459 544
f 543 547 544
f 543 459 544
f 543 544 461
f 543 539 593
f 543 544 461
f 543 547 593
f 543 591 539
f 543 463 544
f 543 591 547
f 543 591 539
f 543 591 547
f 543 547 544
f 543 544 576
f 535 621 615
f 535 621 627
f 535 609 534
f 535 609 539
f 535 630 627
f 535 603 534
f 535 539 603
f 535 630 534
f 535 459 461
f 535 463 461
f 535 593 592
f 535 591 592
f 535 591 590
f 535 471 533
f 535 471 533
f 535 533 472
f 535 533 473
f 535 533 534
f 535 533 474
f 535 533 477
f 535 533 477
f 458 459 637
f 458 532 459
f 458 637 534
f 458 535 534
f 458 535 459
f 458 636 637
f 458 636 459
f 458 636 459
f 458 454 457
f 458 459 454
f 458 459 539
f 458 459 454
f 458 532 529
f 458 532 459
f 458 525 529
f 458 454 461
f 458 454 456
f 458 525 526
f 458 526 529
f 458 525 526
f 458 504 510
f 458 510 455
f 458 461 510
f 458 519 455
f 458 455 513
f 458 466 461
f 458 466 504
f 458 461 513
f 458 519 461
f 458 463 461
f 458 463 466
f 458 463 466
f 458 504 455
f 458 466 504
f 458 498 455
f 458 466 498
f 458 495 498
f 458 495 466
f 458 495 492
f 458 495 466
f 458 492 489
f 458 466 489
f 458 466 492
f 638 650 634
f 638 650 637
f 638 650 641
f 638 650 637
f 638 457 641
f 638 637 457
f 638 458 637
f 638 456 455
f 638 457 456
f 638 458 457
f 416 376 375
f 416 415 376
f 416 415 376
f 416 374 375
f 416 415 374
f 416 374 417
f 416 374 373
f 416 415 374
f 416 488 487
f 416 487 418
f 416 415 487
f 416 415 488
f 416 415 373
f 416 489 417
f 416 488 489
f 416 485 418
f 416 415 485
f 416 415 488
f 416 485 484
f 416 415 485
f 416 490 489
f 416 415 490
f 416 437 365
f 416 437 440
f 416 437 440
f 416 442 440
f 416 442 440
f 416 483 484
f 416 415 483
f 416 490 492
f 416 415 492
f 416 415 490
f 416 446 442
f 416 415 446
f 416 415 483
f 416 454 442
f 416 415 454
f 416 446 442
f 416 415 446
f 416 482 481
f 416 482 483
f 416 482 483
f 416 479 481
f 416 415 479
f 416 454 442
f 416 477 479
f 416 415 477
f 416 442 460
f 416 415 460
f 416 454 457
f 416 415 457
f 416 415 454
f 416 477 418
f 416 415 477
f 416 473 418
f 416 415 473
f 413 415 377
f 413 415 414
f 413 378 377
f 413 378 414
f 413 378 379
f 413 492 412
f 413 490 412
f 413 415 490
f 413 415 492
f 413 415 414
f 413 379 412
f 413 378 414
f 413 378 379
f 413 493 492
f 413 414 493
f 413 490 489
f 413 415 489
f 413 415 490
f 413 495 412
f 413 379 420
f 413 495 493
f 413 414 495
f 413 414 495
f 413 420 498
f 413 414 420
f 413 498 496
f 413 495 496
f 413 495 498
f 225 224 332
f 225 228 333
f 225 228 153
f 225 156 228
f 225 156 157
f 225 180 181
f 225 181 228
f 225 228 185
f 225 191 228
f 221 147 148
f 221 149 148
f 221 225 180
f 221 225 181
f 221 225 191
f 221 225 185
f 119 188 118
f 119 191 188
f 119 183 184
f 119 183 184
f 119 182 183
f 119 182 183
f 119 182 120
f 119 182 118
f 119 120 74
f 119 118 74
f 119 130 120
f 119 118 130
f 119 157 120
f 119 118 157
f 119 130 120
f 119 156 157
f 119 156 118
f 119 130 148
f 119 118 148
f 119 118 130
f 119 156 120
f 119 156 118
f 126 184 188
f 126 183 184
f 126 183 125
f 126 39 125
f 126 173 169
f 126 68 125
f 126 68 67
f 126 130 125
f 126 68 70
f 126 68 125
f 126 125 72
f 126 72 70
f 126 125 72
f 129 184 188
f 129 183 184
f 129 184 188
f 129 183 128
f 129 183 184
f 129 183 133
f 129 173 169
f 129 132 133
f 129 173 169
f 129 164 132
f 129 164 132
f 129 39 128
f 129 39 212
f 129 39 132
f 129 39 132
f 129 130 128
f 231 230 326
f 231 230 328
f 231 230 330
f 231 156 157
f 231 156 155
f 231 156 228
f 231 228 155
f 231 180 181
f 231 181 228
f 231 228 185
f 231 191 228
f 232 230 326
f 232 231 230
f 232 231 326
f 232 231 328
f 232 231 330
f 560 561 559
f 560 561 603
f 560 561 566
f 560 561 566
f 560 622 559
f 560 561 622
f 560 561 576
f 560 591 592
f 560 591 561
f 560 625 559
f 560 625 561
f 560 625 561
f 560 591 590
f 560 591 561
f 587 561 566
f 587 527 526
f 587 697 519
f 587 696 697
f 587 595 658
f 587 595 663
f 589 590 562
f 589 561 562
f 589 561 590
f 589 590 566
f 589 560 561
f 589 560 590
f 589 590 595
f 589 547 590
f 589 595 673
f 589 595 670
f 589 543 547
f 589 595 673
f 589 590 595
f 589 543 539
f 589 590 677
f 589 590 686
f 589 535 590
f 589 590 686
f 589 532 590
f 589 590 691
f 589 532 590
f 589 590 526
f 589 696 590
f 589 590 525
f 589 696 521
f 612 609 561
f 612 560 609
f 612 560 558
f 612 547 544
f 612 547 609
f 612 543 544
f 612 543 609
f 612 535 609
f 612 535 615
f 612 535 609
f 612 532 615
f 612 532 609
f 612 532 529
f 612 532 609
f 612 526 529
f 612 609 526
f 612 525 526
f 612 609 525
f 612 681 678
f 612 687 690
f 612 609 687
f 612 683 681
f 612 683 687
f 612 683 609
f 606 609 564
f 606 609 564
f 606 609 562
f 606 609 561
f 606 602 573
f 606 602 673
f 606 681 682
f 606 609 687
f 617 619 562
f 617 619 564
f 617 619 561
f 617 619 564
f 617 619 567
f 617 619 568
f 617 619 568
f 617 619 569
f 617 619 573
f 617 619 573
f 617 619 663
f 617 619 649
f 617 619 668
f 617 669 668
f 617 625 574
f 617 625 595
f 617 625 641
f 617 625 619
f 617 669 671
f 617 669 668
f 617 619 623
f 617 625 623
f 617 625 619
f 617 625 595
f 620 558 621
f 620 619 558
f 620 560 619
f 620 668 671
f 620 622 621
f 620 560 622
f 620 664 622
f 620 560 561
f 620 560 619
f 620 664 622
f 620 561 622
f 620 619 561
f 620 619 663
f 620 664 663
f 620 664 619
f 703 707 72
f 703 702 72
f 703 702 707
f 703 702 72
f 703 702 87
f 703 702 88
f 703 702 88
f 703 702 90
f 703 702 90
f 703 702 699
f 703 702 697
f 703 696 702
f 703 702 700
f 703 696 702
f 76 111 110
f 76 111 75
f 76 111 75
f 76 721 75
f 21 24 39
f 21 652 653
f 21 24 23
f 21 654 653
f 21 212 667
f 21 652 651
f 21 650 23
f 21 650 23
f 21 663 658
f 21 104 105
f 21 663 667
f 21 212 670
f 21 650 651
f 21 650 651
f 124 39 125
f 124 125 48
f 124 130 125
f 124 156 157
f 124 184 188
f 124 130 125
f 124 157 130
f 124 183 184
f 124 183 125
f 121 120 74
f 121 48 122
f 121 74 48
f 121 120 74
f 121 130 122
f 121 130 120
f 121 130 153
f 121 130 120
f 121 184 188
f 121 183 184
f 121 183 184
f 121 156 155
f 121 156 120
f 121 182 183
f 121 182 183
f 121 156 157
f 121 156 157
f 121 182 122
f 121 182 120
f 121 157 158
f 121 157 120
f 31 335 336
f 724 725 677
f 724 725 686
f 724 674 725
f 724 94 725
f 724 725 668
f 724 664 725
f 724 664 725
f 724 725 659
f 724 725 52
f 724 725 52
f 724 725 57
f 724 76 725
f 724 725 57
f 724 725 74
f 724 725 59
f 724 725 74
f 724 725 59
f 724 725 72
f 724 725 61
f 724 725 72
f 724 725 61
f 724 725 70
f 724 725 62
f 724 725 70
f 724 725 63
f 724 68 725
f 724 725 65
f 724 68 725
f 724 725 65
f 726 727 677
f 726 725 677
f 726 94 725
f 726 674 725
f 726 672 727
f 726 674 672
f 726 672 727
f 726 674 672
f 726 674 725
f 726 668 727
f 726 725 668
f 726 664 668
f 726 664 725
f 726 664 727
f 726 664 725
f 726 727 659
f 726 725 659
f 726 76 727
f 726 76 725
f 726 727 52
f 726 725 52
f 726 727 74
f 726 725 74
f 726 727 54
f 726 725 54
f 726 727 74
f 726 725 74
f 726 727 54
f 726 725 54
f 726 727 72
f 726 725 72
f 726 57 727
f 726 725 57
f 726 727 72
f 726 725 72
f 726 57 727
f 726 725 57
f 726 727 70
f 726 725 70
f 726 59 727
f 726 725 59
f 726 727 70
f 726 725 70
f 726 59 727
f 726 725 59
f 726 68 727
f 726 68 725
f 726 61 727
f 726 725 61
f 726 68 67
f 726 68 725
f 726 61 727
f 726 725 61
f 726 67 727
f 726 725 67
f 726 727 62
f 726 725 62
f 726 727 65
f 726 725 65
f 726 727 63
f 726 725 63
f 726 727 65
f 726 725 65
f 1 729 673
f 1 669 2
f 1 669 729
f 1 669 668
f 1 669 729
f 1 664 668
f 1 664 729
f 1 664 2
f 1 664 729
f 1 2 659
f 1 729 659
f 1 76 75
f 1 76 729
f 1 2 56
f 1 74 75
f 1 729 74
f 1 54 56
f 1 729 54
f 1 729 54
f 1 57 2
f 1 729 57
f 1 74 2
f 1 729 74
f 1 57 58
f 1 729 57
f 1 72 2
f 1 729 72
f 1 59 58
f 1 729 59
f 1 72 2
f 1 729 72
f 1 59 2
f 1 729 59
f 1 70 2
f 1 729 70
f 1 61 2
f 1 729 61
f 1 70 2
f 1 729 70
f 1 61 62
f 1 729 61
f 1 68 2
f 1 68 729
f 1 62 2
f 1 729 62
f 1 68 67
f 1 68 729
f 1 2 63
f 1 729 63
f 1 67 2
f 1 729 67
f 1 2 65
f 1 729 65
f 1 2 65
f 1 729 65
f 728 727 677
f 728 727 673
f 728 729 673
f 728 672 727
f 728 729 672
f 728 672 727
f 728 729 672
f 728 668 727
f 728 729 668
f 728 664 668
f 728 664 729
f 728 664 727
f 728 664 729
f 728 727 659
f 728 729 659
f 728 727 54
f 728 729 54
f 728 76 727
f 728 76 729
f 728 727 54
f 728 729 54
f 728 727 74
f 728 729 74
f 728 57 727
f 728 729 57
f 728 727 74
f 728 729 74
f 728 57 727
f 728 729 57
f 728 727 72
f 728 729 72
f 728 59 727
f 728 729 59
f 728 727 72
f 728 729 72
f 728 59 727
f 728 729 59
f 728 727 70
f 728 729 70
f 728 61 727
f 728 729 61
f 728 727 70
f 728 729 70
f 728 61 727
f 728 729 61
f 728 68 727
f 728 68 729
f 728 727 62
f 728 729 62
f 728 68 67
f 728 68 729
f 728 727 63
f 728 729 63
f 728 67 727
f 728 729 67
f 728 727 65
f 728 729 65
f 728 727 65
f 728 729 65
f 16 651 49
f 16 662 663
f 12 68 67
f 12 67 11
f 12 68 11
f 12 11 65
f 12 70 11
f 12 11 65
f 12 11 63
f 12 70 11
f 12 72 11
f 12 72 70
f 12 72 11
f 12 62 11
f 12 11 48
f 12 61 62
f 12 61 11
f 12 11 49
f 12 11 49
f 12 653 11
f 12 652 653
f 12 654 653
f 12 660 11
f 12 660 11
f 12 662 11
f 12 662 11
f 12 11 663
f 9 68 67
f 9 67 8
f 9 68 8
f 9 8 65
f 9 8 70
f 9 8 65
f 9 8 70
f 9 8 63
f 9 8 72
f 9 8 62
f 9 8 72
f 9 61 8
f 9 8 74
f 9 61 8
f 9 59 8
f 9 59 8
f 9 8 49
f 9 8 659
f 9 654 659
f 9 660 8
f 9 660 8
f 9 8 662
f 9 8 662
f 7 68 67
f 7 68 67
f 7 67 5
f 7 67 8
f 7 68 5
f 7 68 8
f 7 5 65
f 7 8 65
f 7 70 5
f 7 8 70
f 7 5 65
f 7 8 65
f 7 70 5
f 7 8 70
f 7 5 63
f 7 8 63
f 7 72 5
f 7 8 72
f 7 62 5
f 7 8 62
f 7 72 5
f 7 8 72
f 7 61 62
f 7 61 8
f 7 74 5
f 7 8 74
f 7 61 60
f 7 61 8
f 7 59 60
f 7 59 8
f 7 59 58
f 7 58 49
f 7 59 58
f 7 59 8
f 7 49 5
f 7 8 49
f 7 5 659
f 7 8 659
f 7 660 5
f 7 660 8
f 7 664 660
f 7 660 8
f 7 664 8
f 7 664 660
f 29 62 48
f 29 24 48
f 29 24 62
f 29 61 62
f 29 24 61
f 29 61 49
f 29 24 61
f 29 643 49
f 29 643 642
f 29 641 642
f 29 641 455
f 29 641 455
f 29 456 336
f 29 336 455
f 29 456 455
f 29 456 336
f 266 295 270
f 266 264 301
f 266 295 296
f 266 318 270
f 266 264 318
f 266 318 270
f 266 264 318
f 266 322 270
f 266 264 322
f 717 683 681
f 710 690 709
f 710 687 690
f 710 683 687
f 710 711 683
f 710 674 711
f 710 683 707
f 710 674 683
f 710 674 711
f 710 707 709
f 710 711 707
f 710 709 52
f 710 711 52
f 710 709 52
f 710 711 52
f 710 57 709
f 710 711 57
f 710 74 709
f 710 711 74
f 710 57 58
f 710 711 57
f 710 72 709
f 710 711 72
f 710 59 58
f 710 711 59
f 710 72 709
f 710 711 72
f 710 59 709
f 710 711 59
f 710 709 69
f 710 711 69
f 710 61 709
f 710 711 61
f 710 709 69
f 710 711 69
f 710 61 62
f 710 711 61
f 710 709 65
f 710 711 65
f 710 62 709
f 710 711 62
f 710 709 65
f 710 711 65
f 710 709 63
f 710 711 63
f 688 710 711
f 688 710 711
f 688 595 686
f 688 597 595
f 688 597 595
f 688 710 690
f 688 710 687
f 688 687 690
f 688 601 690
f 688 687 602
f 688 601 602
f 688 601 687
f 685 687 603
f 685 687 686
f 685 717 682
f 685 602 686
f 685 601 602
f 685 601 602
f 685 597 682
f 571 507 572
f 571 507 509
f 571 507 509
f 571 509 572
f 571 517 572
f 571 509 569
f 571 509 569
f 571 517 569
f 571 517 572
f 571 601 602
f 571 517 568
f 571 517 568
f 571 601 602
f 571 569 603
f 571 568 569
f 571 602 603
f 571 522 528
f 571 572 522
f 571 567 522
f 571 568 567
f 571 531 528
f 571 566 567
f 571 531 566
f 571 566 567
f 571 560 566
f 469 466 514
f 469 471 514
f 469 471 466
f 469 466 514
f 469 471 514
f 469 466 519
f 469 471 519
f 469 466 520
f 469 471 520
f 469 466 525
f 469 471 525
f 469 466 527
f 469 471 527
f 469 466 527
f 469 471 527
f 469 466 529
f 469 471 529
f 469 471 531
f 469 532 471
f 469 532 471
f 469 471 533
f 469 445 446
f 469 466 446
f 469 471 466
f 469 445 443
f 469 471 443
f 469 471 445
f 469 445 446
f 469 471 445
f 465 466 450
f 465 463 450
f 465 463 466
f 465 466 449
f 465 466 449
f 465 535 466
f 465 535 463
f 465 532 466
f 465 532 463
f 465 532 463
f 628 570 631
f 628 625 631
f 628 625 570
f 628 569 570
f 628 625 569
f 628 568 569
f 628 625 568
f 628 568 565
f 628 625 568
f 628 564 565
f 628 625 564
f 628 564 563
f 628 625 564
f 628 562 563
f 628 625 649
f 628 625 656
f 628 625 657
f 628 625 562
f 628 561 562
f 628 625 561
f 628 561 559
f 628 629 659
f 628 629 656
f 628 657 656
f 628 625 561
f 628 558 559
f 628 625 558
f 628 657 659
f 628 625 659
f 628 625 657
f 628 552 629
f 555 628 627
f 555 628 554
f 555 625 624
f 555 628 629
f 555 628 554
f 555 624 622
f 555 629 631
f 555 554 631
f 555 554 629
f 555 622 621
f 555 624 622
f 555 554 624
f 555 620 621
f 555 612 615
f 555 552 554
f 555 612 609
f 555 612 551
f 555 612 609
f 555 603 604
f 555 609 551
f 555 551 603
f 555 589 590
f 555 589 590
f 555 591 590
f 555 591 590
f 555 591 592
f 555 591 592
f 555 547 576
f 555 547 551
f 555 560 576
f 555 593 592
f 555 571 560
f 555 571 560
f 548 547 624
f 548 547 624
f 548 612 551
f 548 612 547
f 548 612 609
f 548 612 547
f 548 630 629
f 548 547 630
f 548 609 551
f 548 547 609
f 548 547 630
f 548 551 603
f 548 547 603
f 548 547 551
f 548 547 632
f 548 547 460
f 548 547 461
f 548 547 461
f 548 547 463
f 548 555 547
f 546 545 633
f 546 547 633
f 546 547 545
f 546 545 460
f 546 547 460
f 546 545 461
f 546 547 461
f 546 545 461
f 546 547 461
f 546 463 545
f 546 547 463
f 546 548 547
f 546 545 473
f 546 548 555
f 546 545 477
f 546 545 477
f 546 547 545
f 546 571 545
f 546 555 571
f 546 555 547
f 546 555 571
f 546 555 560
f 546 545 479
f 546 545 484
f 546 545 484
f 546 507 509
f 305 364 365
f 305 363 364
f 305 298 337
f 305 337 349
f 305 266 264
f 305 298 329
f 305 351 349
f 305 312 337
f 305 312 329
f 305 312 270
f 305 295 298
f 305 295 322
f 305 312 274
f 305 295 322
f 305 285 274
f 305 312 285
f 305 322 318
f 305 322 318
f 305 295 298
f 305 274 298
f 305 285 274
f 305 318 320
f 305 295 320
f 305 318 316
f 303 304 302
f 303 305 365
f 303 305 304
f 303 305 304
f 303 301 298
f 303 305 298
f 303 266 301
f 303 266 270
f 303 270 274
f 303 305 274
f 303 305 270
f 303 305 266
f 303 266 264
f 303 305 266
f 219 332 216
f 219 221 152
f 219 221 147
f 219 221 149
f 359 442 440
f 359 446 442
f 359 312 313
f 359 312 313
f 359 439 440
f 359 449 446
f 359 449 446
f 359 312 357
f 359 437 439
f 359 449 450
f 359 449 450
f 359 437 358
f 359 454 358
f 359 454 450
f 359 454 450
f 359 357 433
f 359 357 435
f 359 357 435
f 359 435 358
f 315 355 317
f 315 317 358
f 315 355 356
f 315 317 316
f 315 355 316
f 315 355 317
f 315 359 358
f 315 359 313
f 315 359 313
f 315 317 216
f 315 313 216
f 106 105 74
f 106 107 74
f 106 76 105
f 106 76 107
f 106 105 74
f 106 107 74
f 106 107 169
f 106 21 105
f 106 182 107
f 106 181 105
f 106 182 181
f 106 182 181
f 106 182 183
f 106 182 183
f 106 183 184
f 106 183 184
f 106 191 188
f 106 107 191
f 100 153 99
f 100 74 99
f 100 156 155
f 100 181 99
f 100 182 181
f 100 182 183
f 100 183 184
f 100 191 188
f 154 111 110
f 154 153 111
f 154 114 111
f 154 114 153
f 154 100 155
f 154 100 153
f 154 155 99
f 154 153 99
f 154 119 118
f 154 119 118
f 154 72 155
f 154 153 72
f 154 119 120
f 154 119 120
f 154 153 72
f 154 121 120
f 154 121 120
f 154 121 155
f 154 121 153
f 154 130 153
f 154 130 152
f 154 130 152
f 154 219 221
f 154 219 221
f 154 225 228
f 154 225 228
f 154 228 333
f 154 228 153
f 103 102 110
f 103 104 110
f 103 102 74
f 103 104 74
f 103 102 74
f 103 104 74
f 103 102 153
f 103 154 153
f 103 154 102
f 103 154 110
f 103 154 102
f 103 156 110
f 103 156 104
f 103 156 102
f 103 156 104
f 103 102 181
f 103 104 181
f 103 182 102
f 103 182 104
f 103 673 677
f 103 102 677
f 103 182 183
f 103 182 183
f 103 183 184
f 103 183 184
f 103 102 191
f 103 104 191
f 159 158 132
f 159 130 158
f 159 158 132
f 159 134 158
f 159 164 134
f 159 129 130
f 159 134 158
f 159 164 134
f 159 130 125
f 159 126 130
f 159 136 158
f 159 164 136
f 159 124 125
f 159 136 158
f 159 164 136
f 159 138 158
f 159 164 138
f 159 121 158
f 159 138 158
f 159 164 138
f 159 121 120
f 159 141 158
f 159 119 120
f 159 141 147
f 159 141 147
f 159 119 118
f 159 147 152
f 159 147 152
f 159 147 164
f 159 164 169
f 159 184 152
f 159 173 169
f 159 173 152
f 159 173 152
f 159 184 164
f 159 184 188
f 159 193 188
f 165 164 111
f 174 103 173
f 174 100 173
f 170 106 169
f 170 104 169
f 170 103 104
f 170 103 102
f 170 94 97
f 170 94 93
f 170 270 93
f 170 94 270
f 170 174 225
f 170 174 231
f 187 184 188
f 187 188 98
f 187 188 98
f 187 100 188
f 187 103 102
f 187 103 184
f 187 103 104
f 187 103 184
f 187 104 188
f 187 184 104
f 187 106 188
f 187 106 184
f 187 106 107
f 187 106 184
f 187 188 113
f 187 184 113
f 187 188 113
f 187 184 113
f 187 188 118
f 187 184 118
f 187 119 188
f 187 119 184
f 187 119 188
f 187 119 184
f 187 121 188
f 187 121 184
f 187 121 184
f 256 187 254
f 256 254 279
f 256 254 291
f 256 254 276
f 256 254 294
f 256 254 297
f 256 254 297
f 256 254 302
f 256 254 304
f 247 322 320
f 247 322 323
f 247 318 320
f 247 315 317
f 247 182 181
f 247 182 185
f 272 274 73
f 272 274 273
f 272 271 274
f 272 94 93
f 272 271 94
f 272 289 273
f 272 271 289
f 272 289 273
f 272 271 289
f 262 322 259
f 262 264 322
f 262 318 259
f 262 264 318
f 262 318 259
f 262 264 318
f 262 305 259
f 262 305 264
f 262 303 305
f 262 303 264
f 262 299 301
f 32 31 49
f 32 335 49
f 151 130 152
f 151 130 152
f 151 152 132
f 151 152 132
f 151 221 152
f 151 152 134
f 151 219 221
f 151 152 134
f 151 147 142
f 151 152 136
f 151 147 136
f 151 147 152
f 145 148 142
f 145 143 142
f 145 141 144
f 145 144 49
f 145 148 49
f 145 210 144
f 145 144 51
f 145 148 51
f 145 148 144
f 145 215 144
f 145 144 212
f 214 141 144
f 214 141 215
f 214 145 144
f 214 145 215
f 214 147 149
f 214 151 215
f 214 147 212
f 214 151 152
f 214 152 212
f 214 156 215
f 214 154 152
f 214 154 215
f 214 154 215
f 214 156 212
f 214 224 212
f 214 156 157
f 214 215 216
f 214 210 201
f 214 210 195
f 214 210 185
f 214 210 181
f 214 210 180
f 369 299 301
f 369 416 365
f 369 419 428
f 369 419 427
f 600 597 682
f 600 601 682
f 600 601 597
f 600 685 597
f 600 685 601
f 600 685 597
f 600 685 601
f 600 601 687
f 600 688 687
f 600 688 601
f 600 688 690
f 600 688 601
f 600 568 567
f 600 571 568
f 600 571 601
f 600 571 601
f 600 575 573
f 600 575 597
f 600 601 597
f 600 601 573
f 600 575 573
f 600 601 573
f 692 596 597
f 692 596 691
f 692 601 690
f 692 600 601
f 692 600 601
f 692 690 603
f 692 696 603
f 692 696 700
f 692 696 609
f 692 708 687
f 692 612 609
f 692 612 696
f 692 687 690
f 692 708 690
f 692 708 687
f 692 683 700
f 692 683 687
f 692 612 690
f 692 612 696
f 692 674 683
f 692 696 621
f 692 683 630
f 692 683 630
f 692 683 687
f 692 683 650
f 692 683 650
f 692 674 700
f 692 674 683
f 692 687 621
f 692 687 690
f 692 687 621
f 692 683 634
f 692 650 651
f 692 696 651
f 692 696 650
f 692 664 700
f 692 664 674
f 692 664 674
f 692 664 700
f 692 696 700
f 594 593 595
f 594 692 596
f 594 593 525
f 594 593 526
f 524 591 590
f 524 589 590
f 524 591 525
f 524 525 522
f 524 593 525
f 524 594 593
f 524 463 525
f 524 458 525
f 524 463 466
f 524 458 525
f 524 469 466
f 524 696 525
f 524 469 471
f 524 471 525
f 524 696 609
f 524 612 609
f 524 612 696
f 524 476 525
f 524 478 476
f 524 478 525
f 524 525 482
f 524 482 485
f 524 487 485
f 524 525 487
f 524 525 487
f 524 482 485
f 524 525 485
f 524 525 482
f 116 114 173
f 116 114 74
f 116 114 157
f 116 114 130
f 116 114 156
f 116 114 130
f 116 114 156
f 116 114 148
f 116 154 114
f 116 154 114
f 206 159 210
f 206 221 225
f 206 159 152
f 206 164 201
f 206 210 164
f 206 157 152
f 206 173 201
f 206 210 173
f 206 173 201
f 206 183 201
f 206 182 183
f 206 182 181
f 206 210 181
f 206 210 182
f 206 210 182
f 206 182 183
f 206 210 185
f 206 183 185
f 206 183 201
f 206 201 195
f 206 210 195
f 206 210 201
f 204 94 276
f 557 612 609
f 557 612 560
f 557 612 560
f 557 558 473
f 557 612 615
f 557 612 558
f 557 603 604
f 557 560 603
f 557 560 603
f 557 460 556
f 557 558 460
f 557 460 631
f 557 558 460
f 557 628 558
f 557 629 631
f 557 628 629
f 557 628 629
f 557 620 621
f 557 620 558
f 557 625 624
f 557 625 624
f 557 622 621
f 557 622 558
f 557 624 623
f 557 624 558
f 557 622 623
f 557 622 558
f 540 539 624
f 540 543 624
f 540 539 621
f 540 543 621
f 540 539 624
f 540 543 624
f 540 612 539
f 540 612 543
f 540 539 630
f 540 543 630
f 540 612 609
f 540 612 543
f 540 539 630
f 540 609 539
f 540 543 609
f 540 539 633
f 540 539 603
f 540 543 603
f 540 543 539
f 540 459 539
f 540 459 539
f 540 539 461
f 540 463 539
f 540 465 539
f 540 539 576
f 540 543 576
f 540 587 543
f 536 539 621
f 536 535 621
f 536 612 539
f 536 612 535
f 536 612 535
f 536 539 621
f 536 535 621
f 536 539 630
f 536 535 630
f 536 539 630
f 536 630 633
f 536 535 630
f 536 539 633
f 536 458 539
f 536 458 535
f 536 458 535
f 536 535 459
f 536 535 463
f 536 465 535
f 536 465 535
f 536 535 471
f 536 535 472
f 536 473 474
f 536 535 474
f 536 535 473
f 536 535 477
f 536 535 477
f 536 533 479
f 536 535 533
f 536 533 484
f 536 533 484
f 536 533 491
f 536 535 533
f 536 589 539
f 536 589 535
f 536 591 539
f 536 535 591
f 536 591 539
f 536 535 591
f 536 539 593
f 536 535 593
f 226 228 332
f 226 225 332
f 226 225 228
f 226 224 330
f 226 225 224
f 226 224 330
f 226 225 210
f 226 206 225
f 196 221 225
f 196 225 228
f 196 231 228
f 196 232 231
f 196 164 201
f 196 159 164
f 196 159 164
f 196 256 254
f 127 183 128
f 127 126 183
f 127 173 169
f 127 126 173
f 127 183 184
f 127 126 183
f 127 184 188
f 127 126 184
f 127 159 130
f 127 159 126
f 127 126 130
f 127 130 72
f 127 126 72
f 127 130 128
f 127 130 72
f 127 126 72
f 127 70 128
f 127 126 70
f 127 70 128
f 127 126 70
f 127 68 128
f 127 126 68
f 127 39 128
f 127 126 39
f 127 68 67
f 127 126 68
f 127 126 67
f 127 67 48
f 127 67 128
f 127 48 65
f 127 128 65
f 127 128 48
f 47 126 125
f 47 124 125
f 47 127 126
f 47 127 128
f 47 121 48
f 47 129 128
f 47 121 120
f 47 120 74
f 47 119 120
f 47 119 118
f 47 116 114
f 47 116 114
f 47 114 74
f 47 114 113
f 47 114 113
f 47 113 75
f 47 74 11
f 47 12 11
f 47 9 8
f 47 76 75
f 47 7 8
f 47 7 74
f 47 76 110
f 47 106 76
f 47 106 76
f 47 76 104
f 47 103 76
f 167 126 164
f 167 124 164
f 167 121 164
f 167 121 164
f 167 119 164
f 167 119 164
f 167 170 221
f 167 170 225
f 167 170 98
f 167 170 97
f 167 170 270
f 177 129 173
f 177 127 173
f 177 129 173
f 177 127 126
f 177 173 134
f 177 126 173
f 177 173 134
f 177 124 173
f 177 173 136
f 177 173 136
f 177 173 138
f 168 129 169
f 168 129 164
f 168 169 134
f 168 164 134
f 168 164 169
f 168 167 214
f 168 129 169
f 168 129 164
f 168 210 164
f 168 214 210
f 168 214 210
f 168 127 169
f 168 127 164
f 168 127 126
f 168 127 126
f 168 167 126
f 168 126 169
f 168 167 126
f 168 170 102
f 168 167 170
f 168 124 169
f 168 167 124
f 168 103 102
f 168 167 103
f 168 103 104
f 168 167 103
f 168 170 100
f 168 167 100
f 168 121 169
f 168 167 121
f 168 104 169
f 168 167 104
f 168 170 98
f 168 167 98
f 168 167 170
f 168 121 169
f 168 167 121
f 168 106 169
f 168 167 106
f 168 119 169
f 168 167 119
f 168 106 169
f 168 167 106
f 168 119 118
f 168 167 119
f 168 169 111
f 168 167 111
f 168 114 169
f 168 167 114
f 168 116 114
f 168 167 116
f 267 266 180
f 267 266 182
f 267 266 295
f 267 295 292
f 267 295 294
f 267 266 295
f 229 231 230
f 229 228 330
f 229 228 330
f 229 231 330
f 229 231 228
f 229 231 201
f 229 231 230
f 229 330 328
f 229 230 328
f 229 230 330
f 229 230 326
f 190 231 228
f 190 231 191
f 190 225 228
f 190 225 191
f 190 221 225
f 190 221 225
f 190 221 191
f 190 191 188
f 190 184 195
f 190 184 188
f 190 184 188
f 190 214 195
f 190 256 254
f 190 256 254
f 190 188 98
f 190 191 98
f 190 191 188
f 236 224 279
f 236 323 324
f 586 560 561
f 586 587 561
f 586 587 560
f 586 555 587
f 586 587 560
f 586 555 587
f 586 587 547
f 586 587 543
f 586 540 587
f 586 540 587
f 586 536 587
f 586 536 587
f 586 587 535
f 586 587 532
f 586 587 532
f 586 587 527
f 586 587 527
f 586 587 525
f 586 524 587
f 586 587 521
f 586 587 520
f 586 587 519
f 586 587 697
f 586 697 516
f 586 517 516
f 586 587 697
f 586 587 686
f 586 691 695
f 586 587 691
f 586 587 691
f 586 587 686
f 586 677 680
f 586 587 677
f 586 673 677
f 586 587 673
f 586 673 670
f 586 587 673
f 586 670 667
f 586 587 670
f 586 663 667
f 586 587 663
f 586 663 658
f 586 587 658
f 586 587 663
f 588 587 561
f 588 589 561
f 588 587 566
f 588 589 566
f 588 587 560
f 588 589 560
f 588 587 560
f 588 589 560
f 588 586 587
f 588 555 587
f 588 555 589
f 588 587 595
f 588 589 595
f 588 555 587
f 588 555 589
f 588 587 595
f 588 587 547
f 588 589 547
f 588 595 663
f 588 589 595
f 588 587 663
f 588 587 543
f 588 589 543
f 588 587 670
f 588 589 670
f 588 587 543
f 588 589 543
f 588 587 673
f 588 589 673
f 588 536 587
f 588 536 589
f 588 587 673
f 588 589 673
f 588 536 587
f 588 536 589
f 588 587 677
f 588 589 677
f 588 587 535
f 588 589 535
f 588 587 686
f 588 589 686
f 588 587 532
f 588 589 532
f 588 587 686
f 588 589 686
f 588 587 532
f 588 589 532
f 588 587 691
f 588 589 691
f 588 587 526
f 588 589 526
f 588 587 691
f 588 587 525
f 588 589 525
f 588 587 696
f 588 589 696
f 588 524 587
f 588 524 589
f 588 587 696
f 588 696 697
f 588 589 696
f 588 587 697
f 588 697 520
f 588 587 520
f 588 587 521
f 588 589 521
f 614 562 563
f 614 561 562
f 614 617 564
f 614 566 567
f 614 617 567
f 614 617 568
f 614 617 568
f 614 672 671
f 614 672 671
f 614 674 672
f 614 669 670
f 614 617 669
f 614 617 669
f 614 617 663
f 614 617 569
f 614 674 672
f 614 617 573
f 614 617 663
f 614 617 573
f 614 617 649
f 610 609 562
f 610 612 562
f 610 612 609
f 610 609 564
f 610 609 564
f 610 612 681
f 610 679 681
f 610 609 679
f 610 609 679
f 610 683 609
f 610 612 683
f 610 612 683
f 676 678 722
f 676 724 725
f 676 726 725
f 676 727 673
f 676 726 727
f 676 726 727
f 605 606 564
f 605 566 563
f 605 564 566
f 605 566 567
f 605 606 566
f 605 606 564
f 605 568 567
f 605 606 568
f 605 562 563
f 605 606 562
f 605 568 569
f 605 606 568
f 605 561 562
f 605 606 561
f 605 571 569
f 605 560 561
f 605 571 602
f 605 606 569
f 605 571 569
f 605 571 606
f 605 560 609
f 605 606 609
f 605 602 680
f 605 606 602
f 605 571 602
f 605 571 606
f 605 557 560
f 605 557 560
f 605 692 609
f 605 682 680
f 605 606 682
f 605 602 677
f 605 606 677
f 605 606 602
f 605 557 604
f 605 557 609
f 605 692 690
f 605 606 609
f 605 692 609
f 605 683 682
f 605 606 683
f 605 555 604
f 605 555 609
f 605 555 609
f 605 687 690
f 605 606 687
f 605 685 687
f 607 606 566
f 607 606 609
f 607 606 568
f 607 606 568
f 607 606 569
f 607 571 572
f 607 571 606
f 607 571 606
f 607 606 573
f 607 606 673
f 607 602 673
f 607 606 602
f 607 602 573
f 607 606 602
f 607 679 677
f 607 606 677
f 607 606 681
f 607 683 681
f 607 606 681
f 607 606 683
f 607 606 609
f 616 562 563
f 616 617 562
f 616 614 563
f 616 561 562
f 616 617 561
f 616 614 671
f 616 617 564
f 616 614 564
f 616 614 617
f 616 560 561
f 616 617 560
f 616 674 671
f 616 617 671
f 616 614 671
f 616 614 617
f 616 560 558
f 618 560 619
f 618 617 619
f 618 617 560
f 618 619 558
f 618 560 558
f 618 560 619
f 618 616 560
f 618 616 617
f 618 620 619
f 618 557 620
f 618 557 620
f 618 557 558
f 618 616 558
f 618 557 615
f 618 616 674
f 618 616 617
f 618 555 620
f 618 555 615
f 618 617 668
f 618 617 619
f 618 616 674
f 618 620 668
f 618 620 619
f 618 674 671
f 618 620 671
f 618 555 620
f 618 674 678
f 618 674 678
f 618 555 551
f 618 683 621
f 618 683 678
f 618 548 551
f 618 548 551
f 618 552 551
f 618 555 552
f 618 555 552
f 618 681 678
f 618 683 681
f 618 683 681
f 618 548 547
f 618 548 547
f 618 547 544
f 618 547 544
f 618 543 621
f 618 543 544
f 618 543 544
f 665 620 664
f 665 664 668
f 665 620 668
f 665 620 664
f 665 664 619
f 665 664 4
f 665 664 4
f 665 668 3
f 665 664 3
f 665 664 668
f 704 707 72
f 704 703 72
f 704 703 707
f 704 703 87
f 704 703 88
f 704 703 88
f 704 703 90
f 704 703 90
f 704 696 697
f 704 703 696
f 704 703 700
f 704 703 696
f 704 697 699
f 704 703 697
f 704 703 699
f 81 728 76
f 81 726 76
f 81 726 76
f 81 724 76
f 108 107 75
f 108 76 107
f 108 47 76
f 108 183 184
f 108 182 183
f 108 187 184
f 108 182 107
f 108 187 107
f 108 107 191
f 108 173 107
f 20 21 670
f 20 21 663
f 20 21 663
f 20 21 657
f 20 21 657
f 20 21 654
f 20 21 652
f 20 21 652
f 20 21 651
f 20 650 651
f 19 20 670
f 19 22 48
f 19 47 48
f 19 650 22
f 19 20 650
f 19 18 663
f 19 20 663
f 19 650 651
f 19 20 650
f 19 18 663
f 19 20 663
f 19 652 651
f 19 20 652
f 19 657 18
f 19 20 657
f 19 652 653
f 19 20 652
f 19 657 656
f 19 20 657
f 19 654 653
f 19 20 654
f 123 124 39
f 123 47 48
f 123 47 124
f 123 48 122
f 123 124 48
f 123 130 122
f 123 124 130
f 123 154 155
f 123 154 130
f 123 154 130
f 123 156 155
f 123 156 130
f 123 124 156
f 123 156 157
f 123 124 156
f 123 184 188
f 123 124 184
f 123 157 158
f 123 124 157
f 123 183 184
f 123 124 183
f 123 159 158
f 123 159 124
f 123 124 183
f 123 182 122
f 123 182 183
f 123 182 183
f 123 167 164
f 123 167 124
f 123 168 167
f 123 168 167
f 123 168 169
f 123 168 124
f 172 173 169
f 172 124 169
f 172 124 173
f 172 123 124
f 172 123 124
f 172 123 169
f 172 123 173
f 172 121 169
f 172 121 173
f 172 121 169
f 172 121 173
f 172 119 169
f 172 119 173
f 172 119 118
f 172 119 173
f 172 116 114
f 172 116 114
f 172 114 173
f 172 173 111
f 172 173 107
f 172 106 173
f 172 210 173
f 172 214 210
f 172 214 210
f 172 214 174
f 172 106 173
f 172 173 104
f 172 174 98
f 172 103 173
f 172 174 98
f 172 174 173
f 172 103 173
f 172 100 173
f 28 335 646
f 28 647 646
f 28 32 335
f 28 32 31
f 28 335 645
f 28 647 648
f 28 335 645
f 28 648 216
f 28 215 216
f 28 32 215
f 28 648 649
f 28 32 29
f 28 335 643
f 28 21 212
f 28 335 643
f 28 656 649
f 28 643 336
f 28 29 336
f 28 29 643
f 28 657 656
f 28 21 657
f 28 657 658
f 28 21 658
f 28 21 657
f 723 722 677
f 723 724 677
f 723 722 686
f 723 724 686
f 723 676 722
f 723 676 724
f 723 94 93
f 723 724 94
f 723 674 671
f 723 724 674
f 723 668 671
f 723 724 668
f 723 664 668
f 723 724 664
f 723 724 664
f 723 81 724
f 723 664 659
f 723 664 722
f 723 724 659
f 723 76 75
f 723 724 76
f 723 722 52
f 723 724 52
f 723 74 75
f 723 724 74
f 723 722 52
f 723 724 52
f 723 74 722
f 723 724 74
f 723 57 722
f 723 724 57
f 723 72 722
f 723 724 72
f 723 57 58
f 723 724 57
f 723 72 722
f 723 724 72
f 723 59 58
f 723 724 59
f 723 70 722
f 723 724 70
f 723 59 722
f 723 724 59
f 723 70 722
f 723 724 70
f 723 61 722
f 723 724 61
f 723 68 722
f 723 724 68
f 723 61 62
f 723 724 61
f 723 68 722
f 723 724 68
f 723 62 722
f 723 724 62
f 723 722 65
f 723 724 65
f 723 722 63
f 723 724 63
f 723 722 65
f 723 724 65
f 15 68 67
f 15 16 68
f 15 67 14
f 15 16 67
f 15 68 14
f 15 16 68
f 15 14 65
f 15 16 65
f 15 14 70
f 15 16 70
f 15 14 65
f 15 16 65
f 15 14 72
f 15 14 63
f 15 16 63
f 15 72 70
f 15 16 70
f 15 14 62
f 15 16 62
f 15 72 48
f 15 14 48
f 15 14 72
f 15 47 14
f 15 47 16
f 15 61 14
f 15 16 61
f 15 61 14
f 15 16 61
f 15 14 49
f 15 16 49
f 15 14 49
f 15 16 49
f 15 16 651
f 15 652 651
f 15 652 14
f 15 16 652
f 15 652 653
f 15 16 652
f 15 654 653
f 15 16 654
f 15 14 663
f 15 16 663
f 15 14 657
f 15 16 657
f 15 14 662
f 15 16 662
f 15 14 657
f 15 16 657
f 15 14 662
f 15 16 662
f 17 70 22
f 17 16 70
f 17 68 22
f 17 16 68
f 17 70 22
f 17 16 70
f 17 68 67
f 17 16 68
f 17 22 48
f 17 67 22
f 17 16 67
f 17 47 48
f 17 47 16
f 17 22 49
f 17 22 65
f 17 16 65
f 17 650 49
f 17 22 49
f 17 16 49
f 17 22 65
f 17 16 65
f 17 650 651
f 17 650 651
f 17 16 651
f 17 61 22
f 17 16 61
f 17 22 63
f 17 16 63
f 17 652 651
f 17 16 652
f 17 61 62
f 17 16 61
f 17 62 22
f 17 16 62
f 17 652 653
f 17 16 652
f 17 654 653
f 17 16 654
f 17 657 656
f 17 16 657
f 17 657 18
f 17 16 657
f 17 18 663
f 17 16 663
f 17 18 663
f 17 16 663
f 13 68 67
f 13 12 68
f 13 67 14
f 13 12 67
f 13 68 14
f 13 12 68
f 13 14 65
f 13 12 65
f 13 14 70
f 13 12 70
f 13 14 65
f 13 12 65
f 13 14 72
f 13 12 72
f 13 14 63
f 13 12 63
f 13 14 72
f 13 12 72
f 13 14 62
f 13 12 62
f 13 14 48
f 13 12 48
f 13 61 14
f 13 12 61
f 13 47 14
f 13 47 12
f 13 61 14
f 13 12 61
f 13 14 49
f 13 12 49
f 13 14 49
f 13 12 49
f 13 652 14
f 13 12 652
f 13 652 653
f 13 12 652
f 13 654 653
f 13 12 654
f 13 657 656
f 13 14 657
f 13 14 657
f 13 14 659
f 13 14 663
f 13 12 663
f 13 660 659
f 13 12 660
f 13 14 662
f 13 12 662
f 13 14 661
f 13 660 661
f 13 12 660
f 13 14 662
f 13 12 662
f 655 654 11
f 655 12 11
f 655 12 654
f 655 654 630
f 655 13 656
f 655 13 12
f 655 13 12
f 655 629 656
f 655 630 629
f 655 13 14
f 655 13 654
f 655 630 629
f 655 654 630
f 655 15 14
f 655 15 654
f 655 628 629
f 655 628 629
f 655 15 16
f 655 15 16
f 655 654 649
f 655 628 649
f 655 628 656
f 655 17 16
f 655 17 16
f 655 21 654
f 655 17 656
f 655 17 654
f 655 28 656
f 655 28 21
f 655 20 21
f 655 20 21
f 655 19 656
f 655 19 654
f 655 19 20
f 655 19 20
f 10 70 11
f 10 9 70
f 10 68 11
f 10 9 68
f 10 70 11
f 10 9 70
f 10 68 67
f 10 9 68
f 10 72 11
f 10 9 72
f 10 67 11
f 10 9 67
f 10 72 11
f 10 9 72
f 10 11 65
f 10 9 65
f 10 74 11
f 10 9 74
f 10 11 65
f 10 9 65
f 10 47 74
f 10 47 9
f 10 11 63
f 10 9 63
f 10 62 11
f 10 9 62
f 10 61 62
f 10 9 61
f 10 61 11
f 10 9 61
f 10 59 11
f 10 9 59
f 10 59 11
f 10 9 59
f 10 11 49
f 10 9 49
f 10 653 11
f 10 654 653
f 10 9 654
f 10 654 653
f 10 654 11
f 10 9 654
f 10 660 11
f 10 9 660
f 10 662 11
f 10 9 662
f 10 660 11
f 10 9 660
f 10 662 11
f 10 9 662
f 30 31 49
f 30 29 49
f 30 31 336
f 30 29 336
f 30 28 29
f 30 28 29
f 30 453 455
f 30 29 455
f 30 31 335
f 30 28 335
f 30 28 31
f 26 643 49
f 26 29 643
f 265 264 296
f 265 266 296
f 265 266 264
f 265 266 295
f 265 295 296
f 265 266 295
f 265 267 266
f 265 294 293
f 265 267 184
f 265 183 184
f 265 267 183
f 265 182 183
f 265 267 182
f 265 267 266
f 265 182 264
f 265 266 182
f 265 180 264
f 265 266 180
f 325 266 264
f 325 262 264
f 325 262 322
f 325 326 345
f 325 326 345
f 325 322 345
f 325 322 323
f 325 247 322
f 325 345 324
f 325 323 324
f 325 247 323
f 716 717 686
f 716 685 717
f 716 717 94
f 716 717 683
f 716 685 717
f 716 683 681
f 716 717 681
f 716 717 683
f 716 717 674
f 716 717 674
f 716 717 668
f 716 717 664
f 716 717 664
f 716 717 76
f 716 717 52
f 716 717 74
f 716 717 52
f 716 717 74
f 716 717 57
f 716 717 72
f 716 717 57
f 716 717 72
f 716 717 59
f 716 717 69
f 716 717 59
f 716 717 68
f 716 717 61
f 716 717 68
f 716 717 61
f 716 717 65
f 716 717 62
f 716 717 65
f 716 717 63
f 719 682 686
f 719 679 681
f 719 679 681
f 467 469 466
f 467 469 531
f 467 532 466
f 467 532 531
f 467 469 532
f 467 532 533
f 467 469 532
f 467 533 466
f 467 469 533
f 467 535 466
f 467 469 535
f 467 536 535
f 467 540 539
f 467 465 466
f 467 465 545
f 467 546 465
f 467 546 548
f 467 469 466
f 467 465 466
f 470 535 471
f 470 469 471
f 470 469 535
f 470 536 535
f 470 536 469
f 470 545 544
f 470 545 472
f 470 546 545
f 470 471 472
f 470 472 440
f 470 471 442
f 470 469 471
f 470 472 473
f 470 416 473
f 470 416 415
f 470 562 563
f 470 564 563
f 470 415 473
f 470 557 558
f 470 562 473
f 470 564 473
f 470 410 473
f 470 558 473
f 470 568 473
f 470 404 410
f 470 568 569
f 470 404 473
f 470 569 473
f 470 473 573
f 470 399 365
f 470 473 399
f 470 473 573
f 464 463 450
f 464 465 463
f 464 446 450
f 464 446 442
f 464 449 446
f 464 465 449
f 464 465 449
f 464 558 559
f 464 562 559
f 464 467 465
f 464 557 558
f 464 562 563
f 464 416 442
f 464 416 442
f 464 557 556
f 464 564 563
f 464 416 415
f 464 564 565
f 464 415 412
f 464 568 565
f 464 410 412
f 464 568 569
f 464 410 365
f 464 548 463
f 464 569 570
f 464 546 548
f 464 546 548
f 464 573 570
f 464 546 463
f 464 546 465
f 464 364 365
f 464 364 365
f 464 573 574
f 464 463 545
f 464 465 545
f 464 358 574
f 464 358 364
f 464 358 364
f 464 543 463
f 464 465 543
f 464 540 463
f 464 540 465
f 626 628 659
f 626 628 625
f 626 660 659
f 626 625 660
f 626 625 660
f 626 557 625
f 626 628 627
f 626 557 628
f 626 628 625
f 626 557 625
f 626 557 628
f 626 664 624
f 626 664 660
f 626 664 660
f 626 555 627
f 626 555 625
f 626 552 554
f 626 552 554
f 626 555 554
f 626 555 554
f 626 555 625
f 626 624 551
f 626 552 551
f 626 552 624
f 553 628 554
f 553 628 552
f 553 552 630
f 553 552 554
f 553 628 554
f 553 628 552
f 553 630 629
f 553 554 629
f 553 552 630
f 553 554 632
f 553 552 632
f 553 554 632
f 553 552 632
f 553 554 460
f 553 461 460
f 553 552 461
f 553 552 461
f 553 464 552
f 553 554 556
f 553 464 556
f 553 464 465
f 553 464 557
f 553 467 465
f 553 555 554
f 553 555 552
f 553 557 560
f 553 557 560
f 553 470 557
f 553 558 491
f 553 558 484
f 553 557 473
f 553 503 559
f 553 507 503
f 553 558 491
f 553 558 484
f 553 560 559
f 553 560 558
f 553 559 497
f 553 507 509
f 553 558 479
f 553 477 558
f 553 557 558
f 553 559 522
f 553 559 497
f 553 558 559
f 553 509 512
f 553 477 558
f 553 517 559
f 553 517 512
f 549 624 551
f 549 548 551
f 549 548 624
f 549 624 551
f 549 548 624
f 549 551 629
f 549 548 629
f 549 630 551
f 549 548 630
f 549 630 632
f 549 548 630
f 549 548 632
f 549 548 460
f 549 548 461
f 549 548 461
f 549 464 548
f 549 464 548
f 549 467 548
f 549 470 546
f 549 470 546
f 549 546 473
f 549 546 477
f 549 546 477
f 549 546 479
f 549 546 484
f 549 546 484
f 549 548 555
f 549 546 548
f 306 304 307
f 306 305 304
f 306 307 364
f 306 305 364
f 306 256 305
f 306 305 363
f 306 254 304
f 306 256 254
f 306 256 308
f 306 308 363
f 306 308 307
f 306 305 259
f 306 308 363
f 306 305 363
f 306 305 308
f 220 313 224
f 220 309 224
f 220 313 311
f 220 315 313
f 220 309 311
f 220 309 224
f 220 315 313
f 220 315 224
f 220 309 307
f 220 304 224
f 220 315 317
f 220 224 319
f 220 304 307
f 220 304 224
f 220 319 317
f 220 224 319
f 220 304 302
f 220 224 302
f 220 319 216
f 220 319 324
f 220 224 324
f 220 302 216
f 220 224 297
f 220 326 216
f 220 224 326
f 220 297 216
f 220 224 297
f 220 326 332
f 220 219 332
f 220 297 294
f 220 224 294
f 220 326 332
f 220 294 216
f 220 224 287
f 220 332 328
f 220 216 287
f 220 224 287
f 220 221 333
f 220 216 287
f 220 333 332
f 220 219 332
f 220 219 333
f 220 216 279
f 220 224 279
f 220 224 216
f 220 214 216
f 220 214 224
f 220 214 215
f 220 276 216
f 220 224 276
f 220 236 224
f 360 313 311
f 360 359 313
f 360 359 313
f 360 311 364
f 360 440 364
f 360 442 440
f 360 359 442
f 360 446 442
f 360 359 446
f 360 359 446
f 360 439 440
f 360 359 439
f 360 437 439
f 360 359 437
f 360 308 361
f 360 359 437
f 360 431 361
f 360 357 431
f 360 432 431
f 360 357 432
f 360 437 435
f 360 437 435
f 360 359 435
f 360 432 433
f 360 357 432
f 360 359 357
f 360 435 434
f 360 359 435
f 360 433 434
f 360 359 433
f 314 315 355
f 314 315 355
f 314 315 356
f 314 315 313
f 314 312 356
f 314 356 357
f 314 355 356
f 314 312 356
f 314 312 357
f 314 312 313
f 314 316 351
f 314 355 351
f 314 355 316
f 314 316 351
f 314 312 351
f 314 312 337
f 314 262 259
f 314 262 312
f 314 348 337
f 314 348 316
f 314 348 316
f 314 316 329
f 314 312 329
f 314 262 264
f 314 262 264
f 314 322 316
f 314 266 264
f 314 266 264
f 314 305 322
f 314 305 312
f 314 305 322
f 314 266 270
f 314 266 312
f 314 305 316
f 314 270 274
f 314 312 270
f 314 285 316
f 314 305 285
f 314 305 312
f 314 274 316
f 314 312 274
f 314 285 316
f 314 312 285
f 101 102 153
f 101 100 153
f 101 102 74
f 101 100 74
f 101 154 102
f 101 154 100
f 101 102 74
f 101 100 74
f 101 154 102
f 101 154 100
f 101 156 102
f 101 100 156
f 101 168 167
f 101 168 167
f 101 168 170
f 101 168 170
f 101 172 173
f 101 172 100
f 101 174 173
f 101 174 100
f 101 102 181
f 101 100 181
f 101 182 102
f 101 100 182
f 101 182 183
f 101 100 182
f 101 183 184
f 101 100 183
f 101 187 102
f 101 187 100
f 101 102 191
f 101 100 191
f 163 164 132
f 163 159 132
f 163 159 130
f 163 164 132
f 163 159 132
f 163 159 164
f 163 129 130
f 163 129 164
f 163 159 129
f 163 129 164
f 163 159 129
f 163 127 164
f 163 127 159
f 163 127 126
f 163 126 164
f 163 124 164
f 163 123 124
f 163 123 164
f 163 121 164
f 163 121 164
f 163 119 164
f 163 119 164
f 163 116 114
f 163 114 164
f 163 164 111
f 163 165 105
f 163 165 164
f 163 165 104
f 163 165 103
f 163 165 103
f 163 159 210
f 140 159 164
f 140 159 141
f 140 159 141
f 140 164 169
f 140 141 164
f 140 173 169
f 140 141 173
f 140 183 139
f 140 184 141
f 140 183 184
f 140 183 184
f 140 184 188
f 140 184 141
f 140 212 139
f 140 141 212
f 140 215 139
f 140 214 215
f 140 214 141
f 140 214 141
f 140 141 142
f 140 37 141
f 140 142 49
f 140 37 49
f 140 37 142
f 218 163 165
f 218 159 221
f 218 221 157
f 218 221 156
f 218 154 219
f 218 221 156
f 218 219 221
f 218 151 219
f 218 219 152
f 218 154 219
f 218 219 149
f 218 219 147
f 218 145 219
f 218 219 216
f 186 184 185
f 186 187 184
f 186 184 185
f 186 247 245
f 186 247 187
f 186 247 185
f 186 184 98
f 186 187 98
f 186 184 98
f 186 187 98
f 186 256 187
f 186 265 267
f 186 265 267
f 186 100 184
f 186 187 100
f 186 101 100
f 186 101 187
f 186 187 184
f 186 101 184
f 186 101 187
f 257 256 183
f 257 256 182
f 257 256 182
f 257 177 180
f 257 325 322
f 257 322 259
f 257 318 259
f 257 318 259
f 257 314 259
f 257 314 312
f 257 306 259
f 257 306 256
f 257 306 256
f 257 256 305
f 192 256 254
f 192 256 193
f 192 191 188
f 192 159 193
f 192 159 193
f 192 231 191
f 192 159 164
f 192 129 188
f 192 129 188
f 192 193 129
f 192 193 129
f 192 184 188
f 192 184 164
f 192 159 184
f 192 159 184
f 192 127 188
f 192 188 134
f 192 193 134
f 192 127 193
f 192 191 98
f 192 193 98
f 192 127 126
f 192 188 134
f 192 193 134
f 192 127 193
f 192 100 191
f 192 100 193
f 192 126 188
f 192 188 136
f 192 193 136
f 192 193 126
f 192 101 100
f 192 101 100
f 192 124 188
f 192 188 136
f 192 193 136
f 192 124 193
f 192 101 102
f 192 101 193
f 192 123 124
f 192 188 138
f 192 193 138
f 192 123 124
f 192 103 102
f 192 103 193
f 192 123 188
f 192 188 138
f 192 193 138
f 192 123 193
f 192 103 104
f 192 103 193
f 192 121 188
f 192 140 188
f 192 140 193
f 192 121 193
f 192 104 191
f 192 193 104
f 192 121 188
f 192 140 141
f 192 140 193
f 192 121 193
f 192 106 191
f 192 106 193
f 192 119 188
f 192 119 191
f 192 141 147
f 192 193 141
f 192 193 119
f 192 106 107
f 192 106 193
f 192 147 188
f 192 193 188
f 192 193 147
f 192 119 191
f 192 193 119
f 192 108 107
f 192 108 193
f 192 191 113
f 192 193 113
f 192 191 113
f 192 193 113
f 246 320 319
f 246 247 320
f 246 247 320
f 246 318 319
f 246 247 318
f 246 318 317
f 246 247 318
f 246 315 317
f 246 247 315
f 246 315 313
f 246 247 315
f 246 236 216
f 246 193 195
f 246 192 193
f 246 192 191
f 246 190 191
f 246 190 247
f 246 247 245
f 246 190 245
f 246 190 247
f 92 272 271
f 92 272 93
f 92 272 73
f 92 272 271
f 92 97 73
f 92 93 97
f 92 270 93
f 92 271 270
f 92 271 270
f 92 272 274
f 92 272 274
f 92 97 90
f 92 275 274
f 92 275 274
f 92 275 93
f 92 97 90
f 92 93 97
f 92 275 276
f 92 275 93
f 92 93 276
f 92 279 278
f 92 276 278
f 92 276 279
f 92 93 699
f 92 700 279
f 92 700 699
f 92 700 699
f 92 704 699
f 92 716 717
f 92 93 721
f 92 723 93
f 92 723 724
f 92 726 725
f 92 724 725
f 263 264 299
f 263 262 299
f 263 262 264
f 263 264 299
f 263 299 297
f 263 264 297
f 263 264 296
f 263 296 297
f 263 265 264
f 263 265 296
f 263 265 294
f 263 186 265
f 263 265 187
f 263 186 265
f 263 265 188
f 263 262 183
f 263 265 183
f 263 265 183
f 263 265 190
f 263 182 183
f 263 262 182
f 263 265 190
f 263 182 264
f 263 262 182
f 263 192 265
f 263 180 264
f 263 262 180
f 263 192 265
f 263 177 180
f 263 177 262
f 263 177 262
f 38 37 49
f 38 138 49
f 38 37 138
f 38 37 49
f 38 39 138
f 38 37 138
f 38 39 136
f 38 39 136
f 38 39 134
f 38 39 134
f 150 149 132
f 150 151 132
f 150 149 130
f 150 151 130
f 150 149 132
f 150 151 132
f 150 149 130
f 150 151 130
f 150 149 134
f 150 151 134
f 150 151 153
f 150 149 142
f 150 221 149
f 150 142 134
f 150 151 134
f 150 151 142
f 150 147 149
f 150 151 147
f 150 219 221
f 150 151 219
f 150 214 147
f 150 218 219
f 150 218 151
f 150 214 149
f 150 214 151
f 150 214 147
f 150 214 151
f 146 141 147
f 146 147 143
f 146 145 143
f 146 141 143
f 146 145 143
f 146 145 141
f 146 147 148
f 146 145 148
f 146 204 145
f 146 147 148
f 146 145 148
f 146 147 333
f 146 210 147
f 146 145 210
f 146 219 333
f 146 145 219
f 146 220 219
f 146 218 219
f 146 218 145
f 146 147 212
f 146 145 212
f 146 221 147
f 146 220 221
f 146 219 221
f 146 220 219
f 146 214 147
f 146 214 145
f 146 147 215
f 146 145 215
f 146 214 147
f 146 214 145
f 33 32 49
f 33 32 215
f 33 218 216
f 33 148 49
f 33 32 49
f 33 335 216
f 33 32 335
f 33 32 335
f 33 28 215
f 33 28 32
f 33 28 32
f 371 295 372
f 371 372 292
f 371 295 372
f 371 299 372
f 371 299 373
f 371 299 372
f 371 373 300
f 371 372 373
f 371 372 424
f 371 419 372
f 371 419 372
f 371 426 421
f 371 372 421
f 368 369 292
f 368 369 295
f 368 369 295
f 368 369 301
f 368 303 302
f 368 369 302
f 368 369 365
f 368 303 302
f 368 369 302
f 368 429 428
f 368 369 428
f 368 369 427
f 368 369 427
f 368 369 426
f 368 369 424
f 599 688 597
f 599 600 597
f 599 600 688
f 599 688 597
f 599 600 688
f 599 600 690
f 599 692 600
f 599 692 600
f 599 575 597
f 599 600 575
f 599 600 575
f 599 600 571
f 599 573 572
f 599 600 573
f 599 600 573
f 599 600 568
f 599 600 571
f 599 566 567
f 599 600 567
f 599 566 563
f 599 562 563
f 599 561 562
f 693 593 691
f 693 692 691
f 693 594 593
f 693 594 692
f 693 593 592
f 693 591 592
f 693 594 692
f 693 692 696
f 693 599 696
f 693 599 692
f 577 594 595
f 577 575 595
f 577 594 593
f 577 594 593
f 577 594 596
f 577 594 596
f 577 575 597
f 577 575 597
f 577 593 576
f 577 593 578
f 577 596 597
f 577 596 597
f 577 503 578
f 577 575 503
f 577 575 503
f 577 575 497
f 577 503 506
f 577 503 506
f 577 402 497
f 577 536 535
f 577 536 535
f 577 535 533
f 577 535 533
f 577 507 506
f 577 507 506
f 577 402 399
f 577 578 399
f 577 402 497
f 577 575 497
f 577 539 576
f 577 531 578
f 577 531 533
f 577 531 533
f 577 507 509
f 577 507 509
f 577 402 399
f 577 575 399
f 577 578 399
f 577 575 399
f 577 575 578
f 577 531 528
f 577 531 578
f 577 509 512
f 577 509 512
f 577 527 528
f 577 527 578
f 577 512 578
f 577 527 526
f 577 527 526
f 577 578 516
f 577 512 516
f 577 512 516
f 577 525 526
f 577 517 516
f 577 517 578
f 577 525 522
f 577 526 522
f 577 525 526
f 577 517 520
f 577 521 522
f 577 521 522
f 577 521 520
f 577 517 521
f 577 517 521
f 523 524 458
f 523 458 519
f 523 524 458
f 523 458 519
f 523 524 463
f 523 463 519
f 523 466 520
f 523 463 466
f 523 524 463
f 523 469 466
f 523 696 521
f 523 524 469
f 523 471 521
f 523 469 471
f 523 524 469
f 523 589 696
f 523 589 696
f 523 524 589
f 523 696 591
f 523 524 591
f 523 696 591
f 523 524 591
f 523 471 521
f 523 524 471
f 523 588 589
f 523 588 524
f 523 696 593
f 523 524 593
f 523 476 521
f 523 524 476
f 523 588 587
f 523 588 524
f 523 594 696
f 523 524 594
f 523 478 476
f 523 524 478
f 523 586 587
f 523 586 524
f 523 521 480
f 523 478 521
f 523 524 478
f 523 524 522
f 523 482 480
f 523 524 482
f 523 524 482
f 202 159 164
f 202 206 164
f 202 206 159
f 202 159 201
f 202 147 201
f 202 225 201
f 202 229 201
f 202 200 147
f 202 221 225
f 202 206 221
f 202 206 221
f 202 229 230
f 202 146 200
f 202 231 230
f 202 232 231
f 202 232 231
f 203 200 94
f 203 204 94
f 203 140 200
f 203 140 204
f 203 146 200
f 203 202 146
f 203 146 204
f 203 256 200
f 203 202 200
f 203 204 256
f 203 100 200
f 203 204 100
f 203 140 200
f 203 140 204
f 203 146 204
f 203 202 146
f 203 101 100
f 203 101 204
f 203 200 138
f 203 204 138
f 203 204 147
f 203 202 147
f 203 101 200
f 203 101 204
f 203 200 138
f 203 204 138
f 203 202 159
f 203 103 200
f 203 204 103
f 203 200 136
f 203 204 136
f 203 206 159
f 203 204 206
f 203 202 206
f 203 103 200
f 203 204 103
f 203 200 136
f 203 204 136
f 203 204 232
f 203 202 232
f 203 200 104
f 203 204 104
f 203 200 134
f 203 204 134
f 203 204 206
f 203 229 206
f 203 229 206
f 203 202 229
f 203 202 229
f 203 106 200
f 203 204 106
f 203 200 134
f 203 204 134
f 203 206 225
f 203 202 225
f 203 202 206
f 203 106 200
f 203 204 106
f 203 129 200
f 203 204 129
f 203 108 200
f 203 108 204
f 203 129 200
f 203 204 129
f 203 127 200
f 203 127 204
f 203 200 113
f 203 204 113
f 203 127 126
f 203 127 204
f 203 200 113
f 203 204 113
f 203 126 200
f 203 204 126
f 203 119 200
f 203 204 119
f 203 124 200
f 203 204 124
f 203 119 200
f 203 204 119
f 203 123 124
f 203 123 204
f 203 121 200
f 203 204 121
f 203 123 200
f 203 123 204
f 203 121 200
f 203 204 121
f 205 276 273
f 205 204 276
f 205 276 279
f 205 279 209
f 205 94 276
f 205 204 94
f 205 204 256
f 205 93 209
f 205 93 279
f 205 94 93
f 205 94 93
f 205 204 113
f 205 204 119
f 205 204 113
f 205 204 119
f 205 204 100
f 205 204 121
f 205 101 204
f 205 108 204
f 205 204 121
f 205 101 204
f 205 204 106
f 205 123 204
f 205 204 103
f 205 204 106
f 205 123 204
f 205 204 103
f 205 204 104
f 205 204 124
f 205 204 126
f 205 127 204
f 205 127 204
f 205 204 129
f 205 204 129
f 205 204 134
f 205 204 134
f 205 204 136
f 205 204 136
f 205 204 138
f 205 204 138
f 205 140 204
f 205 140 204
f 205 204 145
f 205 146 204
f 205 146 204
f 205 206 147
f 205 204 147
f 205 204 206
f 541 543 630
f 541 540 630
f 541 540 543
f 541 543 633
f 541 540 633
f 541 543 459
f 541 540 459
f 541 543 459
f 541 459 461
f 541 540 459
f 541 543 461
f 541 540 461
f 541 540 463
f 541 464 540
f 541 464 540
f 541 540 465
f 541 467 540
f 541 470 540
f 541 540 472
f 541 540 473
f 541 540 477
f 541 540 543
f 227 228 330
f 227 226 330
f 227 226 228
f 227 228 330
f 227 226 330
f 227 229 228
f 227 229 326
f 227 224 326
f 227 226 224
f 227 224 326
f 227 226 206
f 227 229 206
f 227 224 324
f 227 230 326
f 227 229 230
f 227 224 319
f 227 229 206
f 227 230 324
f 227 230 319
f 227 224 319
f 227 226 210
f 227 230 319
f 227 315 224
f 227 315 230
f 227 315 313
f 227 212 209
f 227 230 209
f 227 224 212
f 227 230 224
f 227 304 224
f 227 304 230
f 227 309 224
f 227 309 230
f 227 315 313
f 227 313 224
f 227 304 224
f 227 304 230
f 227 309 224
f 227 309 230
f 227 313 230
f 227 224 302
f 227 230 302
f 227 224 297
f 227 230 297
f 227 224 297
f 227 230 297
f 227 224 294
f 227 230 294
f 227 224 287
f 227 230 287
f 227 224 287
f 227 230 287
f 227 236 224
f 197 196 231
f 197 225 201
f 197 196 225
f 197 196 232
f 197 221 225
f 197 196 221
f 197 196 221
f 197 196 159
f 197 196 159
f 197 196 256
f 197 263 265
f 194 159 193
f 194 196 159
f 194 193 147
f 194 159 193
f 194 196 159
f 194 197 147
f 194 197 196
f 194 193 141
f 194 146 141
f 194 193 113
f 194 193 119
f 194 197 113
f 194 140 193
f 194 193 113
f 194 193 119
f 194 197 113
f 194 193 98
f 194 140 193
f 194 121 193
f 194 263 265
f 194 263 265
f 194 197 98
f 194 100 193
f 194 193 138
f 194 108 193
f 194 121 193
f 194 197 108
f 194 196 256
f 194 197 100
f 194 101 100
f 194 193 138
f 194 106 193
f 194 123 193
f 194 197 106
f 194 197 101
f 194 101 193
f 194 193 136
f 194 106 193
f 194 123 124
f 194 197 106
f 194 256 254
f 194 256 193
f 194 197 101
f 194 103 193
f 194 193 136
f 194 193 104
f 194 124 193
f 194 197 104
f 194 197 103
f 194 103 193
f 194 193 134
f 194 193 126
f 194 197 103
f 194 193 134
f 194 127 193
f 194 193 129
f 194 127 193
f 194 193 129
f 40 23 22
f 40 39 134
f 40 136 48
f 40 39 136
f 40 38 37
f 40 38 49
f 40 24 39
f 40 136 49
f 40 24 23
f 40 38 138
f 40 38 39
f 40 136 49
f 40 39 136
f 40 29 24
f 40 138 49
f 40 39 138
f 45 130 48
f 45 19 22
f 45 19 47
f 45 19 20
f 45 19 47
f 46 10 47
f 46 10 47
f 46 47 12
f 46 13 47
f 46 103 76
f 46 47 103
f 46 13 47
f 46 15 47
f 46 17 47
f 46 15 47
f 46 47 103
f 46 45 19
f 46 17 47
f 46 45 47
f 46 47 104
f 46 47 106
f 46 47 106
f 46 108 47
f 46 47 113
f 46 47 113
f 46 47 119
f 46 47 119
f 46 47 121
f 46 47 121
f 46 123 47
f 46 123 47
f 46 47 124
f 46 47 126
f 46 47 127
f 46 47 127
f 46 47 129
f 46 45 129
f 46 47 129
f 46 45 47
f 46 129 130
f 46 45 130
f 46 45 129
f 166 116 114
f 166 167 116
f 166 114 164
f 166 167 114
f 166 165 164
f 166 165 111
f 166 167 111
f 166 167 214
f 166 167 106
f 166 106 105
f 166 165 105
f 166 167 106
f 166 218 165
f 166 165 104
f 166 167 104
f 166 165 103
f 166 167 103
f 166 165 225
f 166 167 225
f 166 165 103
f 166 167 103
f 166 165 231
f 166 101 165
f 166 101 167
f 166 170 231
f 166 167 170
f 166 101 165
f 166 101 167
f 166 165 100
f 166 167 100
f 166 165 98
f 166 167 98
f 166 165 98
f 166 167 98
f 166 165 97
f 166 167 97
f 166 165 270
f 166 167 270
f 166 257 165
f 166 257 170
f 166 262 165
f 166 167 170
f 166 267 165
f 166 262 170
f 166 262 165
f 166 267 170
f 166 165 266
f 166 262 170
f 166 170 266
f 178 129 128
f 178 177 129
f 178 127 128
f 178 177 127
f 178 129 133
f 178 177 129
f 178 127 126
f 178 177 127
f 178 134 133
f 178 177 134
f 178 126 125
f 178 177 126
f 178 134 135
f 178 177 134
f 178 124 125
f 178 177 124
f 178 136 135
f 178 177 136
f 178 123 124
f 178 123 177
f 178 136 137
f 178 177 136
f 178 123 122
f 178 123 177
f 178 138 137
f 178 177 138
f 178 121 122
f 178 177 121
f 178 138 139
f 178 121 120
f 178 177 121
f 178 140 139
f 178 173 138
f 178 177 173
f 178 119 120
f 178 177 119
f 178 140 141
f 178 140 173
f 178 119 118
f 178 177 119
f 178 140 141
f 178 147 173
f 178 141 147
f 178 141 147
f 178 206 173
f 178 113 115
f 178 177 113
f 178 206 210
f 178 206 210
f 178 177 210
f 178 113 112
f 178 177 113
f 178 210 180
f 178 177 111
f 178 180 97
f 178 214 210
f 178 177 214
f 178 177 214
f 178 110 112
f 178 111 110
f 178 177 111
f 178 98 97
f 178 177 98
f 178 98 99
f 178 177 98
f 178 267 266
f 178 267 177
f 178 108 107
f 178 108 177
f 178 100 99
f 178 177 100
f 178 265 266
f 178 265 177
f 178 106 107
f 178 177 106
f 178 101 100
f 178 101 177
f 178 177 180
f 178 265 180
f 178 265 177
f 178 106 105
f 178 177 106
f 178 101 102
f 178 101 177
f 178 104 105
f 178 177 104
f 178 103 102
f 178 177 103
f 178 103 104
f 178 177 103
f 175 108 173
f 175 108 173
f 175 106 173
f 175 106 173
f 175 173 104
f 175 214 174
f 175 103 173
f 175 174 103
f 175 214 210
f 175 174 103
f 175 101 174
f 175 174 221
f 175 101 174
f 175 174 225
f 175 174 100
f 175 174 231
f 175 174 98
f 175 174 98
f 175 174 94
f 175 267 174
f 175 174 266
f 175 262 174
f 175 257 174
f 258 190 256
f 258 192 256
f 258 190 256
f 258 192 256
f 258 194 256
f 258 256 187
f 258 187 188
f 258 186 256
f 258 256 297
f 258 256 297
f 258 194 196
f 258 186 256
f 258 257 256
f 258 256 302
f 258 256 294
f 258 197 196
f 258 183 259
f 258 257 183
f 258 303 259
f 258 256 304
f 258 257 256
f 258 182 183
f 258 257 182
f 258 303 304
f 258 303 304
f 258 182 181
f 258 257 182
f 258 305 304
f 258 257 305
f 258 180 181
f 258 257 180
f 258 257 180
f 258 306 305
f 258 257 306
f 258 257 306
f 233 230 302
f 233 236 302
f 233 230 297
f 233 236 297
f 233 304 230
f 233 236 304
f 233 230 297
f 233 236 297
f 233 304 230
f 233 236 304
f 233 230 294
f 233 236 294
f 233 230 287
f 233 236 287
f 233 309 230
f 233 236 309
f 233 230 287
f 233 236 287
f 233 309 230
f 233 236 309
f 233 230 209
f 233 236 209
f 233 227 230
f 233 227 236
f 233 313 230
f 233 236 313
f 233 204 232
f 233 204 206
f 233 230 216
f 233 236 216
f 233 227 230
f 233 227 236
f 233 315 313
f 233 236 315
f 233 205 204
f 233 230 224
f 233 236 224
f 233 205 236
f 233 315 230
f 233 236 315
f 233 203 204
f 233 203 236
f 233 230 319
f 233 236 319
f 233 203 202
f 233 203 202
f 233 230 319
f 233 236 319
f 233 202 232
f 233 230 324
f 233 232 230
f 233 232 326
f 233 232 326
f 237 236 326
f 237 325 326
f 237 182 181
f 237 236 196
f 237 197 236
f 584 698 514
f 584 698 512
f 584 698 695
f 584 589 590
f 613 612 562
f 613 614 562
f 613 612 564
f 613 614 564
f 613 612 561
f 613 614 561
f 613 614 564
f 613 614 561
f 613 614 566
f 613 560 561
f 613 612 560
f 613 612 560
f 613 612 678
f 613 614 674
f 613 614 674
f 611 612 564
f 611 610 564
f 611 610 612
f 611 613 564
f 611 613 612
f 611 564 566
f 611 610 564
f 611 613 566
f 611 610 566
f 611 614 566
f 611 613 614
f 611 613 674
f 611 614 568
f 611 613 614
f 611 614 568
f 611 614 670
f 611 610 612
f 611 676 612
f 611 672 673
f 611 614 672
f 611 614 672
f 611 614 569
f 611 614 663
f 611 610 678
f 611 676 678
f 611 676 610
f 611 614 573
f 611 614 663
f 611 614 573
f 611 614 649
f 611 614 617
f 608 610 566
f 608 610 609
f 608 607 566
f 608 607 609
f 608 607 568
f 608 611 568
f 608 611 610
f 608 611 568
f 608 607 568
f 608 610 678
f 608 610 609
f 608 676 610
f 608 607 569
f 608 611 569
f 608 679 678
f 608 607 679
f 608 609 679
f 608 676 673
f 608 607 673
f 608 607 572
f 608 611 676
f 608 607 673
f 608 611 673
f 608 609 679
f 608 573 572
f 608 611 573
f 608 607 573
f 608 611 670
f 608 679 681
f 608 607 681
f 608 607 679
f 608 683 609
f 608 607 683
f 608 607 683
f 608 607 573
f 608 611 573
f 608 602 670
f 608 607 602
f 608 611 663
f 608 602 663
f 608 611 663
f 608 602 595
f 608 607 602
f 608 595 574
f 608 602 663
f 608 611 649
f 608 617 574
f 608 617 595
f 608 595 641
f 608 617 595
f 608 595 649
f 608 602 595
f 608 614 617
f 608 611 614
f 608 611 614
f 608 617 641
f 608 611 617
f 684 607 606
f 684 607 606
f 684 683 609
f 684 607 609
f 684 607 683
f 684 605 606
f 684 605 685
f 684 605 606
f 684 605 683
f 684 605 685
f 684 716 683
f 684 716 685
f 684 685 602
f 684 602 682
f 684 683 682
f 684 602 603
f 684 685 603
f 684 685 602
f 666 620 619
f 666 665 620
f 666 665 620
f 666 619 668
f 666 4 668
f 666 617 619
f 666 665 4
f 666 4 668
f 666 665 668
f 666 665 4
f 666 617 663
f 666 617 619
f 666 665 619
f 705 704 707
f 705 692 696
f 705 693 692
f 705 696 700
f 705 704 700
f 705 704 696
f 705 704 90
f 705 704 696
f 705 704 90
f 705 704 699
f 705 92 704
f 705 92 93
f 705 92 704
f 84 81 710
f 84 81 710
f 84 705 707
f 84 74 87
f 96 81 98
f 96 84 81
f 96 81 98
f 96 81 100
f 96 205 204
f 96 81 100
f 96 203 204
f 96 205 100
f 96 46 81
f 96 203 200
f 96 686 680
f 96 677 680
f 96 101 100
f 96 194 197
f 96 686 689
f 96 101 100
f 96 101 76
f 96 46 76
f 96 194 193
f 96 695 689
f 96 102 677
f 96 101 102
f 96 192 193
f 96 721 722
f 96 724 725
f 96 192 191
f 96 723 722
f 96 723 724
f 96 190 191
f 96 188 98
f 96 190 188
f 96 187 188
f 96 186 187
f 96 186 185
f 96 184 185
f 96 183 184
f 96 182 183
f 80 76 721
f 80 81 721
f 80 723 76
f 80 723 81
f 80 723 81
f 80 716 81
f 80 81 710
f 80 81 710
f 80 81 100
f 80 101 100
f 80 81 100
f 109 76 75
f 109 108 75
f 109 108 76
f 109 47 76
f 109 108 47
f 109 47 110
f 109 110 112
f 109 46 47
f 109 46 108
f 109 182 112
f 109 108 182
f 109 178 110
f 109 178 108
f 109 182 183
f 109 108 182
f 109 178 177
f 109 178 108
f 109 183 184
f 109 108 183
f 109 205 204
f 109 205 108
f 109 187 184
f 109 108 187
f 109 203 204
f 109 203 108
f 109 187 188
f 109 108 187
f 109 203 200
f 109 203 108
f 109 191 188
f 109 108 191
f 109 192 191
f 109 192 108
f 109 194 197
f 109 194 197
f 109 192 193
f 109 192 108
f 109 194 193
f 109 194 108
f 176 177 124
f 176 123 124
f 176 123 177
f 176 123 173
f 176 123 177
f 176 121 173
f 176 177 121
f 176 121 173
f 176 177 121
f 176 119 173
f 176 177 119
f 176 119 173
f 176 177 119
f 176 177 113
f 176 177 210
f 176 175 210
f 176 114 113
f 176 114 173
f 176 114 173
f 176 173 113
f 176 177 113
f 176 177 214
f 176 175 214
f 176 173 111
f 176 177 111
f 176 173 111
f 176 175 173
f 176 177 111
f 176 175 108
f 176 175 221
f 176 109 177
f 176 109 108
f 176 109 108
f 176 108 177
f 176 175 108
f 176 221 225
f 176 175 225
f 176 177 106
f 176 175 106
f 176 225 180
f 176 175 231
f 176 177 106
f 176 175 106
f 176 231 180
f 176 177 104
f 176 175 104
f 176 177 103
f 176 175 103
f 176 177 103
f 176 175 103
f 176 101 177
f 176 175 101
f 176 101 177
f 176 175 101
f 176 177 100
f 176 175 100
f 176 177 98
f 176 175 98
f 176 257 177
f 176 175 257
f 176 177 98
f 176 175 98
f 176 177 262
f 176 175 262
f 176 175 266
f 176 265 266
f 176 265 177
f 176 265 177
f 176 267 177
f 176 175 267
f 117 172 173
f 117 172 116
f 117 176 173
f 117 172 118
f 117 172 116
f 117 116 173
f 117 176 173
f 117 168 118
f 117 168 116
f 117 47 116
f 117 176 177
f 117 176 177
f 117 168 167
f 117 168 167
f 117 46 118
f 117 46 47
f 117 46 47
f 117 47 118
f 117 47 116
f 117 178 177
f 117 178 177
f 117 167 164
f 117 118 74
f 117 116 74
f 117 118 115
f 117 178 115
f 117 178 118
f 117 163 164
f 117 163 116
f 117 166 116
f 117 166 167
f 117 166 167
f 117 118 130
f 117 116 130
f 117 118 130
f 117 116 130
f 117 159 118
f 117 116 159
f 117 118 148
f 117 116 148
f 117 118 157
f 117 116 157
f 117 154 118
f 117 116 154
f 117 156 118
f 117 116 156
f 117 154 118
f 117 116 154
f 117 156 118
f 117 116 156
f 171 114 169
f 171 172 114
f 171 172 114
f 171 169 111
f 171 172 111
f 171 107 169
f 171 172 107
f 171 172 214
f 171 106 107
f 171 170 106
f 171 172 106
f 171 170 106
f 171 172 106
f 171 170 104
f 171 172 104
f 171 170 103
f 171 172 103
f 171 174 94
f 171 170 94
f 171 174 221
f 171 170 221
f 171 170 174
f 171 170 103
f 171 172 103
f 171 267 174
f 171 267 170
f 171 174 94
f 171 172 174
f 171 170 94
f 171 101 170
f 171 101 172
f 171 174 266
f 171 170 266
f 171 170 98
f 171 172 98
f 171 101 170
f 171 101 172
f 171 262 174
f 171 262 170
f 171 170 98
f 171 172 98
f 171 170 100
f 171 172 100
f 171 262 174
f 171 262 170
f 171 257 174
f 171 257 170
f 171 257 170
f 25 29 24
f 25 26 29
f 25 24 645
f 25 40 29
f 25 645 49
f 25 26 49
f 25 26 645
f 25 24 645
f 25 26 645
f 25 26 37
f 25 40 37
f 25 24 647
f 25 26 647
f 25 38 26
f 25 40 24
f 25 40 38
f 25 38 26
f 25 40 38
f 25 24 647
f 25 26 647
f 25 21 24
f 25 24 648
f 25 26 648
f 25 28 21
f 25 26 28
f 25 26 28
f 25 21 24
f 25 26 21
f 27 26 643
f 27 26 29
f 27 28 643
f 27 28 29
f 27 28 645
f 27 26 645
f 27 26 37
f 27 28 645
f 27 26 645
f 27 38 26
f 27 28 647
f 27 26 647
f 27 26 28
f 27 28 647
f 27 26 647
f 27 28 648
f 27 26 648
f 27 26 21
f 27 26 28
f 27 655 21
f 27 655 28
f 27 655 28
f 718 717 686
f 718 719 686
f 718 717 94
f 718 719 94
f 718 717 682
f 718 719 682
f 718 92 717
f 718 92 719
f 718 719 682
f 718 681 682
f 718 717 681
f 718 719 681
f 718 717 681
f 718 719 681
f 718 717 674
f 718 719 674
f 718 717 674
f 718 719 674
f 718 717 668
f 718 719 668
f 718 80 81
f 718 80 719
f 718 717 664
f 718 719 664
f 718 80 719
f 718 717 664
f 718 719 664
f 718 717 76
f 718 719 76
f 718 717 52
f 718 719 52
f 718 717 74
f 718 719 74
f 718 717 52
f 718 719 52
f 718 717 74
f 718 719 74
f 718 717 57
f 718 719 57
f 718 717 72
f 718 719 72
f 718 717 57
f 718 719 57
f 718 717 72
f 718 719 72
f 718 717 59
f 718 719 59
f 718 717 69
f 718 719 69
f 718 717 59
f 718 719 59
f 718 717 68
f 718 719 68
f 718 717 61
f 718 719 61
f 718 717 68
f 718 719 68
f 718 717 61
f 718 719 61
f 718 717 65
f 718 719 65
f 718 717 62
f 718 719 62
f 718 717 65
f 718 719 65
f 718 717 63
f 718 719 63
f 468 536 469
f 468 467 469
f 468 467 536
f 468 467 540
f 468 541 467
f 468 470 540
f 468 541 470
f 468 467 545
f 468 470 545
f 468 467 546
f 468 470 546
f 468 467 546
f 468 470 546
f 468 549 467
f 468 549 470
f 468 470 469
f 468 469 446
f 468 467 469
f 468 470 442
f 468 464 446
f 468 464 467
f 468 470 440
f 468 553 467
f 468 442 440
f 468 464 442
f 468 470 416
f 468 553 470
f 468 464 416
f 468 470 557
f 468 553 464
f 468 470 416
f 468 464 416
f 468 464 557
f 468 470 558
f 468 464 467
f 468 553 467
f 468 553 464
f 468 470 415
f 468 464 415
f 468 470 573
f 468 464 573
f 468 470 365
f 468 464 365
f 468 464 558
f 468 470 562
f 468 470 410
f 468 464 410
f 468 470 573
f 468 464 573
f 468 464 562
f 468 470 562
f 468 470 404
f 468 470 569
f 468 464 569
f 468 404 399
f 468 470 399
f 468 470 404
f 468 404 410
f 468 464 410
f 468 464 562
f 468 470 564
f 468 470 568
f 468 464 568
f 468 464 564
f 468 470 564
f 468 470 568
f 468 464 568
f 468 464 564
f 550 630 551
f 550 549 630
f 550 549 630
f 550 551 632
f 550 549 632
f 550 551 632
f 550 549 632
f 550 551 460
f 550 549 460
f 550 549 461
f 550 552 461
f 550 552 551
f 550 549 461
f 550 552 461
f 550 549 464
f 550 464 552
f 550 549 464
f 550 464 465
f 550 549 467
f 550 467 465
f 550 468 549
f 550 468 467
f 550 555 552
f 550 549 555
f 550 468 549
f 550 553 555
f 550 549 470
f 550 468 553
f 550 468 553
f 550 553 555
f 550 553 470
f 550 549 473
f 550 553 484
f 550 549 484
f 550 553 491
f 550 555 560
f 550 553 560
f 550 553 473
f 550 549 477
f 550 553 484
f 550 549 484
f 550 546 491
f 550 549 546
f 550 553 491
f 550 546 555
f 550 549 546
f 550 553 477
f 550 549 477
f 550 553 479
f 550 549 479
f 550 546 491
f 550 553 497
f 550 546 560
f 550 553 560
f 550 553 477
f 550 546 497
f 550 553 497
f 550 546 517
f 550 546 517
f 550 553 517
f 550 546 497
f 550 553 503
f 550 517 522
f 550 553 522
f 550 553 517
f 550 546 509
f 550 553 509
f 550 546 503
f 550 553 507
f 550 546 507
f 550 553 507
f 550 546 507
f 223 224 326
f 223 220 326
f 223 220 224
f 223 224 328
f 223 220 328
f 223 224 332
f 223 220 332
f 223 220 214
f 223 225 333
f 223 225 224
f 223 225 210
f 223 225 153
f 223 151 153
f 310 309 308
f 310 360 308
f 310 257 256
f 310 257 259
f 310 257 312
f 310 309 311
f 310 360 311
f 310 360 357
f 310 360 308
f 310 359 312
f 310 360 359
f 310 359 312
f 310 360 359
f 310 262 259
f 310 262 312
f 310 357 351
f 310 262 264
f 310 262 264
f 310 356 357
f 310 312 356
f 310 312 356
f 310 305 351
f 310 305 308
f 310 266 264
f 310 266 264
f 310 312 351
f 310 305 351
f 310 305 312
f 310 305 266
f 310 266 312
f 310 305 312
f 310 305 266
f 162 127 159
f 162 163 127
f 162 163 127
f 162 159 126
f 162 163 126
f 162 159 124
f 162 163 124
f 162 123 159
f 162 163 123
f 162 123 159
f 162 163 123
f 162 163 121
f 162 163 121
f 162 163 119
f 162 163 119
f 162 117 163
f 162 117 163
f 162 163 116
f 162 163 114
f 162 163 111
f 162 163 105
f 162 163 104
f 162 163 103
f 162 163 103
f 162 101 165
f 162 163 165
f 162 101 165
f 162 165 100
f 162 165 98
f 162 165 98
f 162 165 97
f 162 165 231
f 162 165 225
f 162 163 165
f 162 218 163
f 162 163 214
f 211 163 159
f 211 163 214
f 211 214 210
f 211 163 210
f 211 163 214
f 211 159 210
f 211 214 224
f 211 214 159
f 211 210 157
f 211 223 210
f 211 223 214
f 211 223 214
f 211 214 157
f 211 214 157
f 211 156 157
f 211 210 156
f 211 227 212
f 211 227 224
f 211 210 141
f 211 227 210
f 211 227 210
f 211 156 152
f 211 210 156
f 211 140 141
f 211 140 141
f 211 141 144
f 211 210 141
f 211 151 152
f 211 151 210
f 211 140 139
f 211 140 212
f 211 145 144
f 211 145 210
f 211 150 151
f 211 138 139
f 211 138 212
f 211 146 145
f 211 146 145
f 211 150 147
f 211 151 210
f 211 150 151
f 211 138 137
f 211 138 212
f 211 146 147
f 211 146 210
f 211 136 137
f 211 136 212
f 211 136 135
f 211 136 212
f 211 134 135
f 211 134 212
f 211 134 133
f 211 134 212
f 211 132 133
f 211 132 212
f 211 129 212
f 211 129 132
f 211 129 132
f 255 186 254
f 255 186 256
f 255 186 256
f 255 256 183
f 255 182 254
f 255 182 183
f 255 256 182
f 255 256 182
f 255 257 180
f 255 257 256
f 255 257 177
f 255 176 257
f 255 176 175
f 255 175 257
f 255 257 170
f 255 166 257
f 255 257 318
f 255 257 318
f 255 166 257
f 255 257 322
f 255 257 314
f 255 257 325
f 255 257 314
f 255 310 254
f 255 310 257
f 255 310 257
f 255 310 256
f 255 254 308
f 255 256 308
f 255 254 309
f 255 310 309
f 255 310 254
f 255 306 254
f 255 306 256
f 255 306 256
f 252 310 309
f 252 314 312
f 252 255 176
f 252 255 175
f 252 255 170
f 252 255 166
f 252 255 318
f 252 255 325
f 252 255 166
f 252 255 322
f 241 322 323
f 241 176 177
f 239 237 192
f 239 237 192
f 239 237 190
f 239 241 190
f 239 237 190
f 239 241 190
f 239 241 325
f 239 237 186
f 239 241 186
f 239 237 186
f 239 241 186
f 239 237 182
f 239 241 182
f 239 237 330
f 239 237 182
f 239 241 182
f 239 157 330
f 239 237 180
f 239 241 180
f 239 156 157
f 239 237 156
f 239 237 156
f 239 176 237
f 239 241 176
f 239 176 237
f 239 241 176
f 239 237 175
f 239 241 175
f 239 237 170
f 239 241 170
f 239 237 166
f 239 241 166
f 239 237 166
f 239 241 166
f 242 241 193
f 242 241 319
f 242 241 192
f 242 241 322
f 242 241 192
f 242 241 322
f 242 241 190
f 242 241 190
f 242 325 323
f 242 241 323
f 242 241 325
f 242 241 186
f 242 241 186
f 238 236 294
f 238 236 297
f 238 236 297
f 238 205 236
f 238 236 302
f 238 236 304
f 238 203 236
f 238 236 304
f 238 203 202
f 238 236 309
f 238 202 236
f 238 236 309
f 238 236 313
f 238 236 315
f 238 236 315
f 238 237 197
f 238 236 319
f 238 237 196
f 238 239 196
f 238 239 237
f 238 236 319
f 238 236 323
f 238 239 323
f 238 236 323
f 238 237 236
f 238 239 323
f 238 237 325
f 238 239 325
f 238 237 325
f 238 239 325
f 238 239 237
f 243 236 287
f 243 246 287
f 243 238 236
f 243 236 287
f 243 246 287
f 243 246 236
f 243 246 294
f 243 238 294
f 243 246 236
f 243 246 297
f 243 238 297
f 243 236 209
f 243 238 236
f 243 246 209
f 243 246 297
f 243 246 302
f 243 205 246
f 243 246 304
f 243 203 246
f 243 246 304
f 243 203 202
f 243 202 246
f 243 246 309
f 243 202 200
f 243 246 309
f 243 246 313
f 243 246 313
f 243 197 246
f 243 242 197
f 243 315 313
f 243 246 195
f 243 246 196
f 243 242 196
f 243 315 317
f 243 242 315
f 243 193 195
f 243 242 193
f 243 242 319
f 243 192 193
f 243 242 192
f 243 242 192
f 243 320 319
f 243 242 319
f 243 242 190
f 243 242 322
f 243 242 190
f 86 92 90
f 86 92 90
f 86 92 93
f 86 94 93
f 86 93 88
f 86 81 726
f 86 81 726
f 86 718 719
f 86 97 88
f 86 94 97
f 86 92 726
f 86 81 724
f 86 718 92
f 86 718 81
f 86 81 721
f 86 704 88
f 86 704 88
f 86 705 704
f 86 705 90
f 86 92 724
f 86 723 81
f 86 718 92
f 86 716 81
f 86 92 721
f 86 723 81
f 86 92 723
f 86 92 716
f 86 92 716
f 86 92 723
f 34 146 145
f 34 146 148
f 34 33 148
f 34 146 145
f 34 145 219
f 34 146 148
f 34 33 148
f 34 145 219
f 34 218 219
f 34 218 219
f 34 33 218
f 34 33 218
f 34 33 215
f 34 33 215
f 34 33 28
f 34 33 28
f 370 369 295
f 370 371 295
f 370 369 292
f 370 371 292
f 370 369 295
f 370 371 295
f 370 369 299
f 370 371 299
f 370 369 299
f 370 299 301
f 370 371 299
f 370 369 302
f 370 302 301
f 370 369 302
f 370 369 424
f 370 371 424
f 370 302 300
f 370 371 300
f 370 371 373
f 370 369 426
f 370 371 426
f 370 416 373
f 370 369 416
f 370 369 427
f 370 416 373
f 370 371 373
f 370 369 416
f 370 427 426
f 370 371 426
f 370 369 419
f 370 369 419
f 370 371 419
f 370 419 427
f 370 371 419
f 367 368 292
f 367 295 292
f 367 368 295
f 367 295 298
f 367 368 295
f 367 301 298
f 367 368 301
f 367 303 301
f 367 368 303
f 367 303 365
f 367 368 303
f 367 430 365
f 367 429 430
f 367 429 430
f 367 429 428
f 367 368 429
f 367 429 365
f 367 368 365
f 367 368 429
f 367 427 428
f 367 368 427
f 367 427 426
f 367 368 427
f 367 426 425
f 367 368 426
f 367 424 425
f 367 368 424
f 598 597 690
f 598 599 690
f 598 599 597
f 598 597 690
f 598 692 690
f 598 599 692
f 598 692 597
f 598 692 596
f 598 596 597
f 598 599 597
f 598 693 692
f 598 693 599
f 598 594 596
f 598 693 599
f 598 693 594
f 598 571 567
f 598 571 572
f 598 599 572
f 598 599 571
f 598 594 593
f 598 571 568
f 598 599 568
f 598 599 571
f 598 599 566
f 598 523 594
f 598 523 524
f 598 523 524
f 598 524 696
f 598 599 696
f 598 524 594
f 598 566 567
f 598 593 566
f 598 524 525
f 598 594 525
f 598 562 566
f 598 599 566
f 598 599 562
f 598 599 561
f 598 525 526
f 598 594 526
f 598 562 592
f 598 593 592
f 598 526 529
f 598 561 562
f 598 560 561
f 598 599 561
f 598 532 529
f 598 532 593
f 598 594 593
f 598 560 561
f 598 560 603
f 598 532 603
f 598 532 593
f 598 560 592
f 598 555 603
f 598 535 603
f 598 535 593
f 598 555 592
f 598 555 593
f 598 555 593
f 598 555 551
f 598 535 539
f 598 536 535
f 598 536 535
f 598 547 593
f 598 547 551
f 598 543 539
f 598 536 539
f 598 543 547
f 598 543 547
f 598 543 539
f 537 577 539
f 537 577 536
f 537 536 539
f 537 577 539
f 537 577 536
f 537 536 491
f 537 536 484
f 537 533 491
f 537 536 533
f 537 531 533
f 537 536 533
f 537 536 484
f 537 536 479
f 537 531 497
f 537 531 533
f 537 536 477
f 537 536 477
f 537 536 473
f 537 536 472
f 537 536 471
f 537 470 536
f 537 470 536
f 537 468 536
f 537 468 467
f 537 467 536
f 537 536 465
f 537 536 465
f 537 464 465
f 537 463 539
f 537 536 463
f 537 459 539
f 537 536 459
f 537 458 459
f 537 536 458
f 537 536 458
f 269 203 263
f 269 203 200
f 269 263 265
f 269 203 204
f 269 203 263
f 269 273 291
f 269 263 291
f 269 263 273
f 269 205 204
f 269 272 94
f 269 197 265
f 269 205 273
f 269 197 196
f 269 194 265
f 269 273 290
f 269 272 273
f 269 272 271
f 269 194 265
f 269 272 271
f 269 271 270
f 269 271 94
f 269 192 265
f 269 292 290
f 269 270 292
f 269 292 293
f 269 174 94
f 269 175 174
f 249 203 202
f 249 203 202
f 249 202 200
f 249 202 246
f 249 203 204
f 249 203 246
f 249 205 204
f 249 205 246
f 249 205 254
f 249 197 246
f 249 254 209
f 249 246 209
f 249 246 297
f 249 246 216
f 249 246 297
f 249 246 302
f 249 246 196
f 249 273 216
f 249 254 273
f 249 254 294
f 249 246 294
f 249 246 304
f 249 246 193
f 249 276 273
f 249 254 276
f 249 220 276
f 249 220 236
f 249 246 236
f 249 254 287
f 249 246 287
f 249 246 304
f 249 194 193
f 249 254 276
f 249 254 287
f 249 246 287
f 249 246 309
f 249 220 224
f 249 220 236
f 249 254 279
f 249 224 276
f 249 236 224
f 249 236 279
f 249 246 236
f 249 314 315
f 249 318 317
f 542 543 544
f 542 541 543
f 542 545 544
f 542 571 545
f 542 541 477
f 542 541 473
f 542 545 473
f 542 545 544
f 542 544 472
f 542 545 477
f 542 541 477
f 542 541 472
f 542 545 484
f 542 541 484
f 542 546 571
f 542 546 571
f 542 470 544
f 542 545 477
f 542 541 479
f 542 541 470
f 542 545 484
f 542 541 484
f 542 546 491
f 542 546 545
f 542 468 470
f 542 545 479
f 542 468 541
f 542 546 560
f 542 546 491
f 542 546 503
f 542 546 507
f 542 468 467
f 542 468 541
f 542 560 566
f 542 546 560
f 542 546 497
f 542 546 497
f 542 467 466
f 542 541 467
f 542 517 507
f 542 546 517
f 542 465 466
f 542 465 543
f 542 541 465
f 542 517 507
f 542 546 507
f 542 546 517
f 542 464 465
f 542 541 464
f 542 464 543
f 542 541 464
f 542 543 463
f 542 541 463
f 542 543 461
f 542 541 461
f 542 541 543
f 198 231 201
f 198 197 201
f 198 197 231
f 198 232 231
f 198 197 232
f 198 233 232
f 198 197 159
f 198 197 159
f 198 197 147
f 198 237 197
f 198 238 237
f 198 238 237
f 198 194 146
f 198 194 197
f 198 194 146
f 198 243 197
f 198 194 140
f 198 249 197
f 198 194 140
f 198 194 138
f 198 197 256
f 198 194 138
f 198 258 197
f 198 194 136
f 198 194 136
f 198 194 134
f 198 269 197
f 198 197 263
f 198 269 263
f 198 269 197
f 198 194 134
f 198 194 129
f 198 194 129
f 198 197 100
f 198 197 98
f 198 96 98
f 198 96 197
f 198 194 127
f 198 197 101
f 198 194 127
f 198 197 101
f 198 194 126
f 198 197 103
f 198 194 124
f 198 197 103
f 198 194 123
f 198 197 104
f 198 194 123
f 198 197 106
f 198 194 121
f 198 197 106
f 198 194 121
f 198 197 108
f 198 194 119
f 198 109 197
f 198 194 119
f 198 194 197
f 198 197 113
f 198 109 197
f 198 197 113
f 43 132 48
f 43 129 130
f 43 129 39
f 43 20 21
f 43 45 20
f 43 127 39
f 43 127 126
f 261 197 263
f 261 258 197
f 261 194 263
f 261 258 194
f 261 198 197
f 261 198 258
f 261 194 263
f 261 258 194
f 261 263 192
f 261 258 192
f 261 203 263
f 261 263 192
f 261 258 192
f 261 203 256
f 261 258 256
f 261 203 263
f 261 203 204
f 261 263 190
f 261 258 190
f 261 205 204
f 261 269 263
f 261 269 205
f 261 263 190
f 261 258 190
f 261 269 205
f 261 263 188
f 261 263 299
f 261 263 262
f 261 258 297
f 261 263 297
f 261 258 297
f 261 205 254
f 261 205 256
f 261 269 263
f 261 263 187
f 261 299 297
f 261 262 299
f 261 263 294
f 261 258 294
f 261 269 273
f 261 276 273
f 261 256 276
f 261 256 279
f 261 273 279
f 261 263 273
f 261 263 186
f 261 262 301
f 261 263 291
f 261 273 209
f 261 254 209
f 261 254 273
f 261 254 276
f 261 256 254
f 261 256 291
f 261 258 256
f 261 263 262
f 261 263 186
f 261 262 303
f 261 262 183
f 261 262 182
f 261 262 182
f 261 262 180
f 207 233 205
f 207 233 205
f 207 233 206
f 207 205 140
f 207 205 145
f 207 227 206
f 207 205 140
f 207 205 146
f 207 205 138
f 207 205 206
f 207 205 146
f 207 227 226
f 207 227 226
f 207 205 138
f 207 210 157
f 207 206 157
f 207 206 225
f 207 226 225
f 207 226 206
f 207 151 147
f 207 206 147
f 207 210 157
f 207 206 157
f 207 159 210
f 207 206 159
f 207 206 159
f 235 236 324
f 235 233 324
f 235 233 236
f 235 236 326
f 235 237 328
f 235 237 192
f 235 237 236
f 235 237 192
f 235 236 196
f 235 197 236
f 235 198 197
f 235 202 236
f 235 233 202
f 235 233 202
f 583 555 560
f 583 584 560
f 583 584 555
f 583 555 551
f 583 584 555
f 583 547 551
f 583 584 547
f 583 543 547
f 583 584 543
f 583 540 543
f 583 584 540
f 583 540 539
f 583 584 540
f 583 536 539
f 583 584 536
f 583 536 535
f 583 584 536
f 583 535 534
f 583 584 535
f 583 532 534
f 583 584 532
f 583 532 530
f 583 584 532
f 583 529 530
f 583 584 529
f 583 584 527
f 583 529 528
f 583 527 528
f 583 527 529
f 583 527 526
f 583 584 527
f 583 525 526
f 583 584 525
f 583 524 525
f 583 584 524
f 583 523 524
f 583 584 523
f 583 523 522
f 583 584 523
f 583 521 522
f 583 584 521
f 583 521 520
f 583 584 521
f 583 520 519
f 583 584 520
f 583 519 582
f 583 584 519
f 583 517 582
f 583 584 517
f 583 517 516
f 583 584 517
f 583 516 515
f 583 584 516
f 583 515 514
f 583 584 515
f 583 584 514
f 583 512 514
f 583 512 514
f 583 584 512
f 583 511 512
f 583 698 511
f 583 584 698
f 583 698 511
f 583 698 582
f 583 584 698
f 583 509 511
f 583 509 511
f 583 509 698
f 583 584 590
f 583 698 399
f 583 509 399
f 583 509 698
f 583 595 582
f 583 590 595
f 583 590 595
f 583 589 590
f 583 584 589
f 583 588 589
f 583 584 588
f 583 588 587
f 583 584 588
f 583 586 587
f 583 584 586
f 585 584 555
f 585 555 560
f 585 586 560
f 585 586 555
f 585 586 560
f 585 584 560
f 585 586 555
f 585 584 555
f 585 583 586
f 585 583 584
f 585 583 584
f 585 586 547
f 585 584 547
f 585 586 543
f 585 584 543
f 585 586 540
f 585 584 540
f 585 586 540
f 585 584 540
f 585 586 536
f 585 584 536
f 585 586 536
f 585 584 536
f 585 586 535
f 585 584 535
f 585 586 532
f 585 584 532
f 585 584 532
f 585 532 529
f 585 586 532
f 585 584 529
f 585 586 527
f 585 584 527
f 585 586 527
f 585 584 527
f 585 586 525
f 585 584 525
f 585 586 524
f 585 584 524
f 585 523 586
f 585 584 523
f 585 523 586
f 585 586 521
f 585 584 521
f 585 523 521
f 585 584 521
f 585 584 523
f 585 586 520
f 585 584 520
f 585 586 519
f 585 584 519
f 585 586 517
f 585 584 517
f 585 586 517
f 585 584 517
f 585 584 516
f 585 697 516
f 585 586 697
f 585 697 698
f 585 586 697
f 585 698 515
f 585 584 515
f 585 584 698
f 585 697 698
f 585 584 698
f 585 584 695
f 585 695 689
f 585 586 695
f 585 588 586
f 585 686 689
f 585 586 686
f 585 588 589
f 585 584 589
f 585 584 588
f 585 588 586
f 585 584 586
f 585 584 588
f 585 686 680
f 585 586 680
f 585 586 686
f 675 611 676
f 675 611 613
f 675 611 613
f 675 676 612
f 675 613 612
f 675 611 674
f 675 676 678
f 675 674 678
f 675 613 678
f 675 613 674
f 675 674 725
f 675 608 676
f 675 608 611
f 675 608 611
f 675 721 678
f 675 674 721
f 675 674 721
f 675 723 674
f 675 723 676
f 675 726 725
f 675 676 726
f 675 676 726
f 675 724 674
f 675 676 724
f 675 723 724
f 675 723 676
f 714 68 69
f 83 84 97
f 83 81 98
f 83 84 81
f 83 84 74
f 83 707 74
f 83 84 74
f 83 84 707
f 83 84 708
f 83 84 708
f 83 84 81
f 6 96 21
f 6 103 21
f 6 46 13
f 6 103 21
f 6 103 104
f 6 46 12
f 6 19 21
f 6 21 104
f 6 103 673
f 6 46 10
f 6 21 212
f 6 17 16
f 6 13 14
f 6 212 673
f 6 212 673
f 6 15 14
f 6 15 16
f 6 46 10
f 6 19 20
f 6 17 18
f 6 13 12
f 6 103 102
f 6 96 102
f 6 19 18
f 6 19 670
f 6 19 20
f 6 21 212
f 6 20 21
f 6 12 11
f 6 103 673
f 6 86 94
f 6 11 663
f 6 10 11
f 6 47 9
f 6 46 47
f 6 86 46
f 6 10 9
f 6 47 7
f 6 666 663
f 6 47 7
f 6 46 81
f 6 9 8
f 6 46 47
f 6 666 665
f 6 96 677
f 6 4 3
f 6 666 4
f 6 666 4
f 6 666 665
f 6 3 2
f 6 47 76
f 6 669 670
f 6 669 3
f 6 669 3
f 6 7 664
f 6 665 664
f 6 664 8
f 6 7 664
f 6 665 664
f 6 1 673
f 6 1 2
f 6 729 673
f 6 1 729
f 6 4 3
f 6 4 74
f 6 4 74
f 6 47 74
f 6 47 74
f 6 728 677
f 6 728 729
f 6 3 75
f 6 76 75
f 6 1 76
f 6 728 727
f 6 1 76
f 6 86 92
f 6 726 94
f 6 726 727
f 6 728 76
f 6 81 728
f 6 81 728
f 6 86 81
f 6 92 726
f 6 96 686
f 6 86 726
f 6 86 92
f 6 725 686
f 6 726 725
f 6 96 725
f 6 96 726
f 720 94 93
f 720 719 94
f 720 92 93
f 720 92 719
f 720 721 686
f 720 719 686
f 720 86 92
f 720 86 92
f 720 721 686
f 720 719 686
f 720 86 81
f 720 86 719
f 720 679 721
f 720 719 679
f 720 80 81
f 720 80 719
f 720 679 721
f 720 719 679
f 720 80 76
f 720 80 719
f 720 674 721
f 720 719 674
f 720 76 721
f 720 719 76
f 720 674 721
f 720 719 674
f 720 721 74
f 720 719 74
f 720 668 721
f 720 719 668
f 720 721 74
f 720 719 74
f 720 664 668
f 720 719 664
f 720 721 72
f 720 719 72
f 720 664 721
f 720 719 664
f 720 721 72
f 720 719 72
f 720 721 52
f 720 719 52
f 720 721 69
f 720 719 69
f 720 721 52
f 720 719 52
f 720 68 721
f 720 719 68
f 720 57 721
f 720 719 57
f 720 68 721
f 720 719 68
f 720 57 721
f 720 719 57
f 720 721 65
f 720 719 65
f 720 59 721
f 720 719 59
f 720 721 65
f 720 719 65
f 720 59 721
f 720 719 59
f 720 721 63
f 720 719 63
f 720 61 721
f 720 719 61
f 720 721 62
f 720 719 62
f 720 61 721
f 720 719 61
f 77 103 104
f 77 103 76
f 77 104 105
f 77 76 105
f 77 76 104
f 79 718 717
f 79 718 80
f 79 718 80
f 79 716 717
f 79 80 716
f 79 101 76
f 79 80 101
f 79 710 711
f 79 80 710
f 79 80 101
f 79 710 74
f 79 80 74
f 79 80 710
f 222 220 221
f 222 223 220
f 222 221 333
f 222 223 333
f 222 220 214
f 222 223 220
f 222 150 221
f 222 214 221
f 222 223 214
f 222 150 151
f 222 223 151
f 222 150 151
f 222 221 225
f 222 223 225
f 222 151 221
f 222 223 151
f 222 154 221
f 222 225 157
f 222 221 157
f 222 225 156
f 222 221 156
f 222 154 225
f 222 223 225
f 222 154 221
f 222 225 156
f 222 221 156
f 222 154 225
f 222 162 165
f 222 162 165
f 222 166 165
f 222 166 165
f 222 167 221
f 222 166 167
f 222 166 167
f 161 159 121
f 161 162 121
f 161 162 159
f 161 159 121
f 161 162 121
f 161 159 119
f 161 162 119
f 161 159 119
f 161 162 119
f 161 162 117
f 161 162 117
f 161 162 116
f 161 162 114
f 161 162 111
f 161 104 105
f 161 162 105
f 161 162 104
f 161 162 103
f 161 162 103
f 161 162 101
f 161 162 101
f 161 162 100
f 161 162 98
f 161 162 98
f 161 239 241
f 161 239 237
f 161 162 97
f 161 162 165
f 161 162 231
f 161 252 255
f 161 162 225
f 161 255 257
f 161 222 162
f 161 257 165
f 161 222 162
f 161 165 266
f 161 262 165
f 161 162 218
f 161 262 165
f 208 243 238
f 208 243 238
f 208 238 236
f 208 238 205
f 208 243 246
f 208 243 205
f 208 207 205
f 208 249 246
f 208 249 205
f 208 249 205
f 208 233 236
f 208 207 233
f 208 233 230
f 208 207 233
f 208 127 128
f 208 205 127
f 208 129 128
f 208 205 129
f 208 227 230
f 208 207 227
f 208 127 126
f 208 205 127
f 208 129 133
f 208 205 129
f 208 227 210
f 208 207 227
f 208 126 125
f 208 205 126
f 208 134 133
f 208 205 134
f 208 207 210
f 208 124 125
f 208 205 124
f 208 134 135
f 208 205 134
f 208 151 210
f 208 207 151
f 208 123 124
f 208 205 123
f 208 136 135
f 208 205 136
f 208 210 147
f 208 151 210
f 208 207 151
f 208 123 122
f 208 205 123
f 208 136 137
f 208 205 136
f 208 207 205
f 208 146 147
f 208 207 146
f 208 121 122
f 208 205 121
f 208 138 137
f 208 207 138
f 208 146 145
f 208 207 146
f 208 121 120
f 208 205 121
f 208 138 139
f 208 207 138
f 208 145 141
f 208 207 145
f 208 119 120
f 208 205 119
f 208 140 139
f 208 207 140
f 208 140 141
f 208 207 140
f 208 119 115
f 208 205 119
f 208 113 115
f 208 205 113
f 208 113 112
f 208 205 113
f 208 109 112
f 208 109 205
f 208 109 108
f 208 109 205
f 208 108 107
f 208 205 108
f 208 106 107
f 208 205 106
f 208 106 105
f 208 205 106
f 208 104 105
f 208 205 104
f 208 103 104
f 208 205 103
f 208 103 102
f 208 205 103
f 208 101 102
f 208 205 101
f 208 101 100
f 208 205 101
f 208 96 100
f 208 96 205
f 208 96 205
f 240 238 297
f 240 243 297
f 240 243 238
f 240 238 302
f 240 243 302
f 240 238 304
f 240 243 304
f 240 238 304
f 240 243 304
f 240 238 309
f 240 243 309
f 240 238 309
f 240 243 309
f 240 238 313
f 240 243 313
f 240 243 315
f 240 243 242
f 240 238 200
f 240 243 200
f 240 238 315
f 240 243 242
f 240 198 243
f 240 238 202
f 240 243 202
f 240 238 315
f 240 198 238
f 240 238 203
f 240 243 203
f 240 242 315
f 240 238 319
f 240 238 197
f 240 238 239
f 240 242 197
f 240 238 203
f 240 243 203
f 240 242 319
f 240 242 241
f 240 238 319
f 240 238 239
f 240 242 196
f 240 242 241
f 240 238 205
f 240 243 205
f 240 243 238
f 240 241 319
f 240 239 196
f 240 241 323
f 240 239 323
f 240 241 193
f 240 241 323
f 240 239 323
f 240 192 193
f 240 239 192
f 240 241 192
f 240 241 325
f 240 239 325
f 240 239 241
f 240 241 192
f 240 239 192
f 240 239 241
f 244 319 317
f 244 243 317
f 244 243 319
f 244 320 319
f 244 243 320
f 244 320 245
f 244 243 320
f 244 322 245
f 244 243 322
f 244 322 323
f 244 325 323
f 244 242 322
f 244 243 242
f 244 242 325
f 244 242 241
f 244 182 185
f 244 186 185
f 244 242 186
f 244 182 181
f 244 241 182
f 244 242 241
f 244 186 245
f 244 242 186
f 244 243 242
f 244 325 247
f 244 241 182
f 244 190 245
f 244 243 190
f 244 247 181
f 244 247 180
f 244 241 180
f 244 190 191
f 244 243 190
f 244 241 166
f 244 241 170
f 244 177 247
f 244 241 177
f 244 192 191
f 244 243 192
f 244 243 192
f 244 161 247
f 244 161 241
f 244 166 247
f 244 241 166
f 244 247 170
f 244 241 175
f 244 176 177
f 244 241 176
f 244 166 247
f 244 175 247
f 244 241 176
f 244 176 175
f 36 145 144
f 36 34 145
f 36 34 145
f 36 143 144
f 36 37 49
f 36 143 142
f 36 37 142
f 36 33 49
f 36 34 33
f 36 33 32
f 36 34 33
f 36 37 141
f 36 32 31
f 36 33 32
f 36 34 28
f 36 140 37
f 36 30 31
f 36 32 29
f 36 27 37
f 36 27 28
f 36 27 28
f 36 30 29
f 36 30 29
f 36 40 29
f 36 40 37
f 36 40 37
f 217 141 143
f 217 34 218
f 217 143 144
f 217 218 143
f 217 145 144
f 217 218 145
f 217 146 145
f 217 146 218
f 217 146 147
f 217 146 218
f 217 147 215
f 217 147 149
f 217 150 218
f 217 147 149
f 217 218 149
f 217 218 147
f 217 150 149
f 217 150 218
f 217 150 151
f 217 218 151
f 217 151 215
f 217 154 215
f 217 218 154
f 217 154 152
f 217 218 152
f 217 218 154
f 217 154 215
f 217 218 156
f 217 156 215
f 217 220 215
f 217 218 156
f 217 220 219
f 217 218 219
f 217 220 214
f 217 214 156
f 217 214 156
f 217 218 157
f 217 220 219
f 217 218 219
f 217 220 214
f 217 214 157
f 217 218 159
f 217 166 214
f 217 166 167
f 217 214 221
f 217 214 159
f 217 163 214
f 217 166 165
f 217 166 218
f 217 168 167
f 217 166 167
f 217 166 218
f 217 206 221
f 217 161 162
f 217 162 163
f 217 162 218
f 217 163 165
f 217 218 163
f 217 168 214
f 217 168 167
f 217 206 221
f 217 214 210
f 217 206 210
f 217 162 214
f 217 161 162
f 217 168 170
f 217 168 170
f 217 196 221
f 217 171 170
f 217 171 214
f 217 171 170
f 217 196 221
f 217 214 201
f 217 196 201
f 217 171 172
f 217 171 174
f 217 190 221
f 217 190 214
f 217 172 214
f 217 171 172
f 217 175 174
f 217 190 221
f 217 190 214
f 217 175 214
f 217 176 175
f 217 221 185
f 217 214 185
f 217 176 175
f 217 176 221
f 217 221 181
f 217 214 181
f 217 176 177
f 217 221 180
f 217 176 177
f 217 214 180
f 217 177 214
f 694 598 594
f 694 598 693
f 694 598 693
f 694 594 696
f 694 693 594
f 694 696 592
f 694 696 593
f 694 693 593
f 694 705 696
f 694 705 693
f 694 591 592
f 694 693 591
f 694 591 590
f 694 591 590
f 694 693 591
f 694 589 590
f 694 589 590
f 694 588 691
f 694 588 589
f 694 588 589
f 538 571 531
f 538 537 531
f 538 542 571
f 538 571 531
f 538 542 541
f 538 542 571
f 538 541 540
f 538 531 566
f 538 542 566
f 538 540 539
f 538 537 539
f 538 542 497
f 538 542 503
f 538 507 531
f 538 542 507
f 538 537 491
f 538 537 491
f 538 531 497
f 538 537 531
f 538 537 497
f 538 542 497
f 538 531 503
f 538 542 507
f 538 507 531
f 538 540 477
f 538 537 477
f 538 537 477
f 538 542 491
f 538 542 541
f 538 541 484
f 538 537 484
f 538 542 491
f 538 540 473
f 538 537 473
f 538 541 477
f 538 541 540
f 538 537 479
f 538 541 484
f 538 537 484
f 538 540 472
f 538 537 472
f 538 541 479
f 538 470 540
f 538 470 540
f 538 470 471
f 538 537 471
f 538 537 470
f 538 537 470
f 538 468 540
f 538 468 540
f 538 537 468
f 538 468 467
f 538 537 468
f 538 467 539
f 538 537 467
f 538 465 539
f 538 537 465
f 538 464 465
f 538 537 464
f 538 464 463
f 538 537 463
f 538 537 464
f 95 269 194
f 95 96 194
f 95 269 192
f 95 269 196
f 95 269 194
f 95 96 192
f 95 96 194
f 95 269 192
f 95 197 196
f 95 194 197
f 95 96 192
f 95 198 197
f 95 198 96
f 95 269 190
f 95 96 190
f 95 269 190
f 95 96 190
f 95 203 200
f 95 96 203
f 95 203 204
f 95 96 203
f 95 96 187
f 95 205 204
f 95 96 205
f 95 96 186
f 95 205 94
f 95 96 205
f 95 96 186
f 95 180 181
f 95 182 181
f 95 96 182
f 95 96 182
f 95 94 699
f 95 96 184
f 95 86 94
f 95 178 180
f 95 96 183
f 95 699 695
f 95 96 695
f 95 94 699
f 95 86 96
f 95 175 94
f 95 176 175
f 95 176 177
f 95 269 175
f 95 269 176
f 95 178 177
f 95 94 695
f 95 96 695
f 95 96 46
f 95 86 46
f 95 86 46
f 95 718 719
f 95 718 719
f 95 720 719
f 95 720 719
f 95 6 726
f 95 6 96
f 95 717 94
f 95 718 717
f 95 718 717
f 95 720 721
f 95 720 94
f 95 726 94
f 95 96 726
f 95 721 686
f 95 96 686
f 95 96 721
f 95 94 721
f 95 96 721
f 95 724 94
f 95 96 724
f 95 723 94
f 95 96 723
f 95 723 724
f 95 96 723
f 268 265 190
f 268 269 190
f 268 192 265
f 268 269 192
f 268 269 192
f 268 265 190
f 268 190 188
f 268 269 190
f 268 265 188
f 268 265 187
f 268 265 267
f 268 269 265
f 268 95 187
f 268 95 269
f 268 186 267
f 268 265 293
f 268 269 293
f 268 95 186
f 268 186 267
f 268 267 294
f 268 265 294
f 268 265 267
f 268 267 292
f 268 269 292
f 268 95 186
f 268 267 184
f 268 269 270
f 268 95 184
f 268 267 183
f 268 295 270
f 268 267 295
f 268 267 295
f 268 269 174
f 268 95 183
f 268 267 182
f 268 171 174
f 268 171 267
f 268 175 267
f 268 269 175
f 268 95 182
f 268 267 182
f 268 171 170
f 268 171 267
f 268 176 175
f 268 269 176
f 268 95 182
f 268 267 180
f 268 166 170
f 268 166 267
f 268 176 267
f 268 95 180
f 268 178 267
f 268 267 165
f 268 166 165
f 268 166 267
f 268 178 267
f 268 95 176
f 268 95 269
f 268 95 178
f 268 95 178
f 250 249 313
f 250 249 314
f 250 249 314
f 250 314 315
f 250 249 315
f 250 252 318
f 250 249 318
f 250 252 318
f 250 252 322
f 250 325 247
f 250 252 325
f 250 176 175
f 250 252 176
f 250 176 177
f 250 252 176
f 250 175 247
f 250 252 175
f 250 177 247
f 250 252 177
f 250 247 170
f 250 252 170
f 250 252 180
f 250 166 247
f 250 252 166
f 250 252 182
f 250 161 247
f 250 161 252
f 250 166 247
f 250 252 166
f 250 252 182
f 250 249 186
f 250 249 186
f 250 249 187
f 253 190 254
f 253 190 254
f 253 187 254
f 253 252 187
f 253 254 309
f 253 186 187
f 253 252 186
f 253 310 254
f 253 252 310
f 253 186 254
f 253 252 186
f 253 252 310
f 253 182 254
f 253 252 182
f 253 310 312
f 253 310 254
f 253 252 312
f 253 252 182
f 253 252 314
f 253 255 182
f 253 255 182
f 253 255 254
f 253 255 314
f 253 255 180
f 253 252 180
f 253 255 314
f 253 252 314
f 253 255 177
f 253 252 177
f 253 255 318
f 253 252 318
f 253 252 255
f 253 255 176
f 253 252 176
f 253 252 255
f 248 246 192
f 248 249 192
f 248 249 246
f 248 246 192
f 248 249 192
f 248 246 247
f 248 190 247
f 248 249 190
f 248 246 247
f 248 190 247
f 248 249 190
f 248 247 315
f 248 249 315
f 248 246 313
f 248 249 313
f 248 247 187
f 248 249 187
f 248 247 315
f 248 249 315
f 248 246 309
f 248 249 309
f 248 249 246
f 248 186 247
f 248 249 186
f 248 247 317
f 248 249 317
f 248 186 247
f 248 249 186
f 248 247 318
f 248 249 318
f 248 250 249
f 248 247 318
f 248 247 182
f 248 250 182
f 248 250 318
f 248 250 249
f 248 247 182
f 248 250 182
f 248 247 322
f 248 250 322
f 248 250 247
f 248 247 180
f 248 250 180
f 248 250 247
f 251 198 197
f 251 198 249
f 251 197 196
f 251 249 197
f 251 249 200
f 251 196 254
f 251 249 196
f 251 194 254
f 251 249 194
f 251 194 193
f 251 249 194
f 251 192 193
f 251 254 302
f 251 249 302
f 251 254 304
f 251 249 304
f 251 249 192
f 251 192 254
f 251 253 254
f 251 254 297
f 251 249 297
f 251 254 304
f 251 253 254
f 251 254 297
f 251 249 297
f 251 249 254
f 251 249 304
f 251 249 192
f 251 249 309
f 251 249 190
f 251 253 190
f 251 253 309
f 251 253 252
f 251 249 309
f 251 250 249
f 251 249 190
f 251 250 249
f 251 253 190
f 251 253 252
f 251 252 309
f 251 252 187
f 251 250 187
f 251 252 312
f 251 252 186
f 251 250 186
f 251 312 313
f 251 250 313
f 251 252 312
f 251 252 186
f 251 250 186
f 251 250 252
f 251 252 314
f 251 250 314
f 251 252 314
f 251 250 314
f 251 250 252
f 44 45 48
f 44 43 48
f 44 43 45
f 44 45 130
f 44 43 130
f 44 45 129
f 44 43 129
f 44 45 129
f 44 43 129
f 44 43 127
f 44 46 127
f 44 46 45
f 44 46 127
f 44 43 127
f 44 43 45
f 44 46 126
f 44 45 19
f 44 46 45
f 44 43 20
f 44 126 39
f 44 43 126
f 44 46 124
f 44 19 20
f 44 124 39
f 44 46 123
f 44 19 21
f 44 46 19
f 44 103 21
f 44 46 103
f 44 21 104
f 44 46 104
f 44 123 124
f 44 46 123
f 44 6 21
f 44 103 21
f 44 46 103
f 44 106 21
f 44 46 106
f 44 46 121
f 44 46 17
f 44 6 17
f 44 6 96
f 44 96 21
f 44 96 46
f 44 106 21
f 44 46 106
f 44 123 122
f 44 123 39
f 44 121 122
f 44 46 121
f 44 46 17
f 44 6 17
f 44 95 96
f 44 95 6
f 44 43 21
f 44 106 107
f 44 46 108
f 44 121 120
f 44 46 119
f 44 46 15
f 44 6 15
f 44 95 46
f 44 95 6
f 44 108 107
f 44 109 46
f 44 119 120
f 44 46 15
f 44 6 15
f 44 86 46
f 44 6 86
f 44 6 86
f 44 109 108
f 44 109 46
f 44 119 115
f 44 119 118
f 44 46 118
f 44 46 119
f 44 46 113
f 44 46 13
f 44 6 13
f 44 6 46
f 44 109 112
f 44 46 113
f 44 113 115
f 44 113 112
f 42 43 132
f 42 129 39
f 42 43 129
f 42 43 129
f 42 132 133
f 42 43 132
f 42 43 21
f 42 43 21
f 42 134 133
f 42 21 23
f 42 21 39
f 42 45 22
f 42 43 45
f 42 43 45
f 260 258 188
f 260 261 188
f 260 261 258
f 260 258 187
f 260 261 187
f 260 258 186
f 260 261 186
f 260 258 186
f 260 261 186
f 260 258 259
f 260 183 259
f 260 261 183
f 260 261 258
f 260 182 183
f 260 261 182
f 260 258 302
f 260 258 259
f 260 261 301
f 260 182 181
f 260 261 182
f 260 302 301
f 260 180 181
f 260 261 180
f 260 303 302
f 260 261 303
f 260 303 259
f 260 177 180
f 260 303 305
f 260 177 262
f 260 261 262
f 260 262 305
f 260 262 303
f 260 261 262
f 260 176 177
f 260 176 177
f 260 176 175
f 260 176 175
f 260 262 174
f 260 175 174
f 260 175 262
f 234 233 326
f 234 235 326
f 234 235 233
f 234 235 328
f 234 232 328
f 234 233 232
f 234 232 330
f 234 237 330
f 234 235 237
f 234 196 232
f 234 235 192
f 234 235 196
f 234 237 156
f 234 232 231
f 234 197 196
f 234 232 231
f 234 192 231
f 234 235 192
f 234 235 197
f 234 237 156
f 234 156 330
f 234 231 330
f 234 231 156
f 234 231 156
f 234 198 197
f 234 198 233
f 234 192 231
f 234 235 198
f 234 190 231
f 234 237 190
f 234 235 237
f 234 198 233
f 234 235 233
f 234 190 231
f 234 237 190
f 234 161 237
f 234 161 162
f 234 231 185
f 234 237 186
f 234 186 185
f 234 237 166
f 234 161 162
f 234 176 175
f 234 175 174
f 234 162 165
f 234 231 181
f 234 237 186
f 234 166 165
f 234 237 166
f 234 176 231
f 234 170 174
f 234 237 175
f 234 176 237
f 234 231 180
f 234 237 181
f 234 166 170
f 234 237 170
f 234 176 237
f 234 237 180
f 199 235 236
f 199 235 198
f 199 238 236
f 199 198 238
f 199 234 198
f 199 234 235
f 199 234 235
f 199 238 200
f 199 200 201
f 199 240 238
f 199 240 198
f 199 159 201
f 199 198 159
f 199 198 159
f 199 200 147
f 199 198 147
f 199 240 243
f 199 240 198
f 199 146 200
f 199 198 146
f 199 243 246
f 199 198 243
f 199 146 200
f 199 198 146
f 199 249 246
f 199 198 249
f 199 140 200
f 199 198 140
f 199 251 249
f 199 251 198
f 199 140 200
f 199 198 140
f 199 251 200
f 199 251 198
f 199 200 138
f 199 198 138
f 199 256 200
f 199 198 256
f 199 200 138
f 199 198 138
f 199 258 256
f 199 198 258
f 199 200 136
f 199 198 136
f 199 261 258
f 199 261 198
f 199 200 136
f 199 198 136
f 199 261 263
f 199 261 198
f 199 200 134
f 199 198 134
f 199 269 263
f 199 198 269
f 199 200 134
f 199 198 134
f 199 269 200
f 199 129 200
f 199 198 129
f 199 200 94
f 199 269 94
f 199 198 269
f 199 129 200
f 199 198 129
f 199 95 200
f 199 95 198
f 199 127 200
f 199 198 127
f 199 95 96
f 199 95 198
f 199 127 126
f 199 198 127
f 199 96 200
f 199 198 96
f 199 126 200
f 199 198 126
f 199 100 200
f 199 198 100
f 199 124 200
f 199 198 124
f 199 101 100
f 199 198 101
f 199 123 124
f 199 198 123
f 199 101 200
f 199 198 101
f 199 123 200
f 199 198 123
f 199 103 200
f 199 198 103
f 199 121 200
f 199 198 121
f 199 103 200
f 199 198 103
f 199 121 200
f 199 198 121
f 199 200 104
f 199 198 104
f 199 119 200
f 199 198 119
f 199 106 200
f 199 198 106
f 199 119 200
f 199 198 119
f 199 106 200
f 199 198 106
f 199 200 113
f 199 198 113
f 199 108 200
f 199 198 108
f 199 200 113
f 199 198 113
f 199 109 108
f 199 198 109
f 199 109 200
f 199 198 109
f 713 714 686
f 713 685 687
f 713 714 685
f 713 714 80
f 713 684 685
f 713 714 684
f 713 714 684
f 713 79 714
f 713 674 683
f 713 714 683
f 713 714 674
f 713 714 674
f 713 77 714
f 713 714 668
f 713 714 74
f 713 714 664
f 713 714 74
f 713 714 664
f 713 714 72
f 713 714 52
f 713 714 72
f 713 714 52
f 713 714 69
f 713 714 57
f 713 714 69
f 713 714 57
f 713 714 65
f 713 714 59
f 713 714 65
f 713 714 59
f 713 714 63
f 713 714 61
f 713 714 62
f 713 714 61
f 715 716 686
f 715 714 686
f 715 716 685
f 715 714 685
f 715 92 716
f 715 684 716
f 715 714 684
f 715 92 716
f 715 684 716
f 715 714 684
f 715 86 716
f 715 714 86
f 715 716 683
f 715 714 683
f 715 86 716
f 715 716 674
f 715 714 674
f 715 80 716
f 715 714 80
f 715 716 674
f 715 714 674
f 715 79 80
f 715 79 714
f 715 716 668
f 715 714 668
f 715 716 664
f 715 714 664
f 715 716 76
f 715 716 664
f 715 714 664
f 715 77 76
f 715 77 714
f 715 77 714
f 715 716 74
f 715 714 74
f 715 716 52
f 715 714 52
f 715 716 74
f 715 714 74
f 715 716 52
f 715 714 52
f 715 716 72
f 715 714 72
f 715 716 57
f 715 714 57
f 715 716 72
f 715 714 72
f 715 716 57
f 715 714 57
f 715 716 69
f 715 714 69
f 715 716 59
f 715 714 59
f 715 716 68
f 715 714 68
f 715 716 59
f 715 714 59
f 715 716 68
f 715 714 68
f 715 716 61
f 715 714 61
f 715 716 65
f 715 714 65
f 715 716 61
f 715 714 61
f 715 716 65
f 715 714 65
f 715 716 62
f 715 714 62
f 715 716 63
f 715 714 63
f 82 98 97
f 82 83 97
f 82 83 98
f 82 98 99
f 82 81 98
f 82 83 81
f 82 74 99
f 82 83 74
f 82 80 81
f 82 100 74
f 82 100 74
f 82 80 100
f 82 101 100
f 82 79 74
f 82 79 80
f 82 79 80
f 82 79 101
f 82 101 102
f 82 79 101
f 82 708 74
f 82 80 74
f 82 80 81
f 82 708 707
f 82 83 707
f 82 83 708
f 82 83 708
f 82 83 81
f 160 117 159
f 160 161 159
f 160 161 117
f 160 117 116
f 160 161 117
f 160 161 116
f 160 116 114
f 160 116 159
f 160 161 114
f 160 114 111
f 160 161 111
f 160 157 111
f 160 157 111
f 160 161 104
f 160 104 157
f 160 161 103
f 160 222 225
f 160 161 225
f 160 161 222
f 160 103 104
f 160 161 103
f 160 159 221
f 160 222 221
f 160 225 157
f 160 225 157
f 160 161 231
f 160 161 222
f 160 161 101
f 160 231 157
f 160 234 161
f 160 218 159
f 160 161 218
f 160 103 156
f 160 103 156
f 160 234 231
f 160 234 161
f 160 217 218
f 160 217 161
f 160 217 161
f 160 101 156
f 160 161 101
f 160 234 237
f 160 161 239
f 160 101 100
f 160 161 239
f 160 244 161
f 160 161 100
f 160 239 237
f 160 100 156
f 160 239 157
f 160 239 241
f 160 244 241
f 160 244 161
f 160 161 98
f 160 156 98
f 160 156 157
f 160 250 161
f 160 156 98
f 160 250 161
f 160 98 97
f 160 161 97
f 160 161 98
f 160 156 72
f 160 161 252
f 160 161 255
f 160 161 257
f 160 161 262
f 160 161 266
f 160 161 262
f 35 36 143
f 35 36 34
f 35 218 143
f 35 34 218
f 35 36 143
f 35 217 218
f 35 217 34
f 35 141 143
f 35 36 141
f 35 217 141
f 35 36 140
f 35 217 141
f 35 217 34
f 35 140 141
f 35 141 215
f 35 34 215
f 35 140 215
f 35 140 37
f 35 36 140
f 35 215 139
f 35 34 215
f 35 138 139
f 35 37 138
f 35 36 28
f 35 36 34
f 35 138 137
f 35 37 138
f 35 38 39
f 35 136 137
f 35 136 135
f 35 38 136
f 35 38 136
f 35 38 37
f 35 39 212
f 35 27 28
f 35 27 38
f 35 134 135
f 35 38 134
f 35 38 134
f 35 28 212
f 35 34 28
f 35 39 212
f 35 27 28
f 35 44 39
f 35 38 26
f 35 27 26
f 35 27 38
f 35 28 21
f 35 44 21
f 35 21 212
f 35 28 21
f 35 44 21
f 41 39 132
f 41 42 132
f 41 42 39
f 41 39 132
f 41 42 132
f 41 39 134
f 41 40 39
f 41 42 134
f 41 40 39
f 41 42 39
f 41 42 134
f 41 40 23
f 41 42 23
f 41 134 48
f 41 40 48
f 41 40 134
f 41 40 22
f 41 42 22
f 327 234 235
f 327 234 235
f 327 235 237
f 327 233 326
f 327 234 233
f 327 234 233
f 327 239 237
f 327 237 236
f 327 235 236
f 327 235 237
f 327 239 241
f 327 237 328
f 327 239 237
f 327 239 241
f 327 244 241
f 327 241 325
f 327 244 241
f 327 326 328
f 327 325 326
f 327 244 247
f 327 244 325
f 327 343 329
f 327 328 329
f 327 328 343
f 327 343 344
f 327 326 343
f 327 345 344
f 327 325 345
f 327 250 247
f 327 250 325
f 327 322 345
f 327 325 322
f 327 250 252
f 327 250 252
f 327 252 255
f 327 252 255
f 327 270 274
f 327 322 270
f 327 266 270
f 327 266 322
f 327 325 266
f 327 255 257
f 327 255 257
f 327 274 277
f 327 322 274
f 327 266 264
f 327 325 266
f 327 257 259
f 327 257 325
f 327 280 277
f 327 322 280
f 327 262 264
f 327 325 262
f 327 262 259
f 327 325 262
f 327 285 280
f 327 285 322
f 327 285 322
f 712 713 686
f 712 688 686
f 712 688 711
f 712 713 687
f 712 688 687
f 712 688 711
f 712 713 684
f 712 711 683
f 712 684 683
f 712 713 684
f 712 80 81
f 712 713 80
f 712 674 711
f 712 713 674
f 712 79 80
f 712 713 79
f 712 674 711
f 712 713 674
f 712 711 668
f 712 713 668
f 712 713 77
f 712 664 711
f 712 713 664
f 712 711 74
f 712 713 74
f 712 713 664
f 712 711 74
f 712 713 74
f 712 711 707
f 712 664 707
f 712 664 711
f 712 711 52
f 712 713 52
f 712 711 72
f 712 713 72
f 712 711 52
f 712 713 52
f 712 711 72
f 712 713 72
f 712 711 57
f 712 713 57
f 712 711 69
f 712 713 69
f 712 711 57
f 712 713 57
f 712 711 69
f 712 713 69
f 712 711 59
f 712 713 59
f 712 711 65
f 712 713 65
f 712 711 59
f 712 713 59
f 712 711 65
f 712 713 65
f 712 711 61
f 712 713 61
f 712 711 63
f 712 713 63
f 712 711 61
f 712 713 61
f 712 711 62
f 712 713 62
f 706 714 86
f 706 713 714
f 706 705 90
f 706 86 90
f 706 86 705
f 706 705 92
f 706 712 713
f 706 715 92
f 706 715 714
f 706 712 86
f 706 712 713
f 706 715 92
f 706 705 92
f 706 713 714
f 706 86 710
f 706 712 711
f 706 715 714
f 706 710 711
f 706 715 716
f 706 710 709
f 706 94 93
f 706 705 93
f 706 716 94
f 706 715 716
f 706 709 691
f 706 84 708
f 706 94 699
f 706 705 699
f 706 717 94
f 706 716 717
f 706 716 717
f 706 94 695
f 706 691 695
f 706 690 709
f 706 708 690
f 706 84 708
f 706 84 705
f 706 694 691
f 706 694 705
f 706 692 690
f 706 692 708
f 706 693 692
f 706 705 693
f 706 692 708
f 706 705 692
f 706 694 693
f 706 694 705
f 85 715 86
f 85 715 714
f 85 715 714
f 85 713 714
f 85 713 714
f 85 96 84
f 85 86 96
f 85 712 713
f 85 712 713
f 85 96 84
f 85 84 81
f 85 712 81
f 85 712 86
f 85 84 97
f 85 86 97
f 85 95 96
f 85 95 86
f 85 95 86
f 85 84 710
f 85 86 710
f 85 86 704
f 85 706 86
f 85 704 87
f 85 84 87
f 85 86 705
f 85 84 710
f 85 706 710
f 85 706 84
f 85 706 84
f 85 706 86
f 85 705 704
f 85 84 705
f 78 715 714
f 78 715 79
f 78 77 714
f 78 79 716
f 78 715 716
f 78 715 79
f 78 79 76
f 78 713 77
f 78 713 79
f 78 103 76
f 78 77 103
f 78 712 713
f 78 712 713
f 78 103 102
f 78 77 103
f 78 82 102
f 78 82 79
f 78 82 79
f 78 712 79
f 78 712 711
f 78 712 77
f 78 711 74
f 78 79 74
f 78 79 711
