# King Wen sovereign avatar mesh
# hex30_phase2.ply
# vertices=729 faces=9448
o kingwen_avatar
v 0.189713 0.000086 0.086490 0.305882 0.345098 0.325490
v 0.191293 0.001804 0.085979 0.309804 0.341176 0.325490
v 0.193612 0.003554 0.085498 0.309804 0.341176 0.325490
v 0.195909 0.005336 0.084705 0.313725 0.341176 0.325490
v 0.198176 0.007146 0.083604 0.313725 0.337255 0.325490
v 0.200405 0.008982 0.082200 0.313725 0.337255 0.325490
v 0.201778 0.010798 0.080178 0.317647 0.333333 0.325490
v 0.203899 0.012669 0.078196 0.317647 0.329412 0.325490
v 0.205958 0.014555 0.075934 0.317647 0.329412 0.321569
v 0.207114 0.016385 0.073106 0.321569 0.325490 0.321569
v 0.209021 0.018278 0.070323 0.321569 0.321569 0.321569
v 0.209995 0.020090 0.067020 0.321569 0.317647 0.321569
v 0.211721 0.021971 0.063761 0.325490 0.313725 0.321569
v 0.213350 0.023843 0.060277 0.325490 0.305882 0.317647
v 0.214008 0.025598 0.056349 0.325490 0.301961 0.317647
v 0.215420 0.027432 0.052463 0.325490 0.298039 0.317647
v 0.216718 0.029249 0.048388 0.325490 0.290196 0.317647
v 0.217896 0.031048 0.044136 0.329412 0.286275 0.313725
v 0.218950 0.032829 0.039720 0.329412 0.282353 0.313725
v 0.218982 0.034456 0.035011 0.329412 0.274510 0.313725
v 0.222458 0.036650 0.030697 0.329412 0.270588 0.313725
v 0.341688 0.058834 0.039559 0.329412 0.266667 0.313725
v 0.361393 0.064945 0.033704 0.329412 0.262745 0.309804
v 0.363807 0.068164 0.025640 0.329412 0.262745 0.309804
v 0.365089 0.071265 0.017326 0.329412 0.258824 0.309804
v 0.365230 0.074238 0.008850 0.329412 0.258824 0.309804
v 0.366939 0.077644 0.000308 0.329412 0.258824 0.309804
v 0.366600 0.080740 -0.008317 0.329412 0.258824 0.305882
v 0.366020 0.083897 -0.016948 0.329412 0.258824 0.305882
v 0.365202 0.087114 -0.025552 0.329412 0.258824 0.305882
v 0.364147 0.090386 -0.034095 0.329412 0.262745 0.305882
v 0.362859 0.093704 -0.042542 0.329412 0.266667 0.305882
v 0.361341 0.097056 -0.050858 0.325490 0.270588 0.305882
v 0.360483 0.100673 -0.059153 0.325490 0.274510 0.305882
v 0.359397 0.104309 -0.067288 0.325490 0.282353 0.305882
v 0.358087 0.107945 -0.075227 0.325490 0.286275 0.305882
v 0.356558 0.111562 -0.082935 0.321569 0.290196 0.305882
v 0.353955 0.114861 -0.090161 0.321569 0.298039 0.305882
v 0.350304 0.117801 -0.096820 0.317647 0.301961 0.305882
v 0.346485 0.120640 -0.103091 0.317647 0.305882 0.305882
v 0.342509 0.123363 -0.108951 0.317647 0.313725 0.305882
v 0.338386 0.125961 -0.114377 0.313725 0.317647 0.305882
v 0.334128 0.128427 -0.119353 0.313725 0.321569 0.305882
v 0.329746 0.130753 -0.123861 0.309804 0.325490 0.305882
v 0.325253 0.132936 -0.127889 0.309804 0.325490 0.305882
v 0.318268 0.133969 -0.130444 0.305882 0.329412 0.309804
v 0.312827 0.135507 -0.133116 0.305882 0.333333 0.309804
v 0.307330 0.136891 -0.135268 0.301961 0.333333 0.309804
v 0.301790 0.138127 -0.136898 0.301961 0.337255 0.309804
v 0.296974 0.139574 -0.138359 0.298039 0.337255 0.309804
v 0.291371 0.140528 -0.138951 0.298039 0.341176 0.309804
v 0.285759 0.141347 -0.139028 0.298039 0.341176 0.309804
v 0.280150 0.142035 -0.138593 0.294118 0.341176 0.313725
v 0.273125 0.141855 -0.136940 0.294118 0.341176 0.313725
v 0.267573 0.142288 -0.135512 0.294118 0.341176 0.313725
v 0.262748 0.142980 -0.133957 0.290196 0.341176 0.313725
v 0.257262 0.143182 -0.131576 0.290196 0.341176 0.313725
v 0.251826 0.143272 -0.128739 0.290196 0.341176 0.313725
v 0.246451 0.143251 -0.125460 0.286275 0.341176 0.313725
v 0.241144 0.143118 -0.121756 0.286275 0.341176 0.313725
v 0.235911 0.142873 -0.117644 0.286275 0.341176 0.313725
v 0.230131 0.142128 -0.112834 0.286275 0.337255 0.317647
v 0.224461 0.141264 -0.107677 0.286275 0.337255 0.317647
v 0.219512 0.140671 -0.102480 0.286275 0.333333 0.317647
v 0.216454 0.141125 -0.097768 0.286275 0.329412 0.317647
v 0.212851 0.141066 -0.092409 0.286275 0.325490 0.317647
v 0.209318 0.140879 -0.086707 0.286275 0.321569 0.317647
v 0.205859 0.140565 -0.080681 0.286275 0.317647 0.317647
v 0.201920 0.139739 -0.074148 0.286275 0.313725 0.317647
v 0.199731 0.139955 -0.067936 0.286275 0.305882 0.317647
v 0.193807 0.137382 -0.060223 0.286275 0.301961 0.313725
v 0.191785 0.137425 -0.053522 0.286275 0.294118 0.313725
v 0.189298 0.137042 -0.046423 0.286275 0.286275 0.313725
v 0.187922 0.137417 -0.039341 0.286275 0.278431 0.313725
v 0.185581 0.137094 -0.031836 0.286275 0.270588 0.313725
v 0.184327 0.137642 -0.024331 0.286275 0.266667 0.313725
v 0.182146 0.137630 -0.016553 0.286275 0.262745 0.313725
v 0.180542 0.138245 -0.008737 0.290196 0.258824 0.313725
v 0.174223 0.135443 -0.000825 0.290196 0.258824 0.309804
v 0.171899 0.135955 0.006854 0.290196 0.258824 0.309804
v 0.170615 0.137569 0.014541 0.290196 0.258824 0.309804
v 0.169874 0.139914 0.022275 0.294118 0.266667 0.309804
v 0.168296 0.141821 0.029850 0.294118 0.270588 0.309804
v 0.167263 0.144382 0.037427 0.294118 0.278431 0.309804
v 0.164535 0.145579 0.044443 0.298039 0.286275 0.309804
v 0.137689 0.124890 0.043542 0.298039 0.294118 0.309804
v 0.119737 0.111301 0.043336 0.301961 0.301961 0.309804
v 0.117313 0.111673 0.047745 0.301961 0.309804 0.309804
v 0.116698 0.113655 0.052655 0.305882 0.317647 0.309804
v 0.115723 0.115181 0.057208 0.305882 0.325490 0.309804
v 0.115238 0.117084 0.061792 0.309804 0.329412 0.309804
v 0.114395 0.118515 0.065953 0.309804 0.333333 0.309804
v 0.114032 0.120343 0.070142 0.313725 0.337255 0.309804
v 0.113726 0.122153 0.074115 0.313725 0.341176 0.309804
v 0.113064 0.123514 0.077570 0.313725 0.345098 0.309804
v 0.112866 0.125333 0.081041 0.317647 0.345098 0.309804
v 0.112310 0.126727 0.083938 0.317647 0.349020 0.309804
v 0.112208 0.128622 0.086844 0.317647 0.349020 0.309804
v 0.111745 0.130109 0.089127 0.321569 0.349020 0.309804
v 0.111725 0.132134 0.091410 0.321569 0.349020 0.309804
v 0.111341 0.133760 0.093034 0.321569 0.349020 0.309804
v 0.111389 0.135950 0.094650 0.321569 0.349020 0.309804
v 0.111066 0.137739 0.095580 0.325490 0.349020 0.309804
v 0.110768 0.139610 0.096153 0.325490 0.349020 0.309804
v 0.110491 0.141560 0.096369 0.325490 0.349020 0.309804
v 0.110230 0.143585 0.096225 0.325490 0.349020 0.313725
v 0.109981 0.145679 0.095725 0.329412 0.349020 0.313725
v 0.109738 0.147831 0.094871 0.329412 0.349020 0.313725
v 0.109498 0.150030 0.093668 0.329412 0.349020 0.313725
v 0.109255 0.152260 0.092122 0.329412 0.349020 0.313725
v 0.109005 0.154506 0.090240 0.329412 0.345098 0.313725
v 0.108355 0.156186 0.087718 0.329412 0.345098 0.317647
v 0.108079 0.158393 0.085203 0.329412 0.341176 0.317647
v 0.107783 0.160553 0.082386 0.329412 0.337255 0.317647
v 0.107464 0.162645 0.079277 0.329412 0.337255 0.317647
v 0.106731 0.164056 0.075617 0.329412 0.333333 0.317647
v 0.106353 0.165946 0.071978 0.329412 0.329412 0.321569
v 0.105558 0.167113 0.067843 0.329412 0.321569 0.321569
v 0.105109 0.168754 0.063732 0.329412 0.317647 0.321569
v 0.104239 0.169656 0.059183 0.329412 0.309804 0.321569
v 0.103705 0.171055 0.054657 0.329412 0.305882 0.321569
v 0.103124 0.172362 0.049936 0.329412 0.298039 0.325490
v 0.102122 0.172974 0.044871 0.329412 0.294118 0.325490
v 0.101074 0.173549 0.039675 0.325490 0.286275 0.325490
v 0.100345 0.174768 0.034490 0.325490 0.278431 0.325490
v 0.099197 0.175401 0.029060 0.325490 0.274510 0.325490
v 0.098361 0.176775 0.023633 0.325490 0.266667 0.329412
v 0.097111 0.177636 0.018033 0.325490 0.262745 0.329412
v 0.095811 0.178660 0.012383 0.325490 0.258824 0.329412
v 0.094811 0.180536 0.006729 0.321569 0.258824 0.329412
v 0.093407 0.181944 0.001019 0.321569 0.258824 0.329412
v 0.092296 0.184227 -0.004697 0.321569 0.258824 0.329412
v 0.091129 0.186704 -0.010422 0.317647 0.258824 0.329412
v 0.089905 0.189354 -0.016133 0.317647 0.262745 0.329412
v 0.088626 0.192144 -0.021807 0.313725 0.266667 0.329412
v 0.086969 0.194315 -0.027319 0.313725 0.270588 0.329412
v 0.085587 0.197262 -0.032827 0.309804 0.274510 0.329412
v 0.084154 0.200231 -0.038229 0.309804 0.278431 0.329412
v 0.082980 0.203941 -0.043661 0.305882 0.286275 0.329412
v 0.081443 0.206849 -0.048799 0.305882 0.290196 0.329412
v 0.079859 0.209669 -0.053762 0.301961 0.298039 0.329412
v 0.078231 0.212372 -0.058530 0.301961 0.301961 0.329412
v 0.076844 0.215734 -0.063318 0.298039 0.305882 0.325490
v 0.075127 0.218148 -0.067656 0.298039 0.309804 0.325490
v 0.073642 0.221203 -0.072010 0.294118 0.313725 0.325490
v 0.071844 0.223269 -0.075848 0.294118 0.317647 0.325490
v 0.070270 0.225974 -0.079699 0.294118 0.321569 0.325490
v 0.068652 0.228499 -0.083280 0.290196 0.325490 0.325490
v 0.066746 0.229998 -0.086262 0.290196 0.325490 0.321569
v 0.065051 0.232148 -0.089252 0.290196 0.329412 0.321569
v 0.063087 0.233264 -0.091599 0.290196 0.329412 0.321569
v 0.061325 0.235042 -0.093951 0.286275 0.333333 0.321569
v 0.059528 0.236639 -0.095974 0.286275 0.333333 0.321569
v 0.057492 0.237196 -0.097304 0.286275 0.333333 0.321569
v 0.055643 0.238431 -0.098635 0.286275 0.333333 0.321569
v 0.053573 0.238627 -0.099255 0.286275 0.337255 0.317647
v 0.051679 0.239507 -0.099872 0.286275 0.337255 0.317647
v 0.049584 0.239350 -0.099768 0.286275 0.337255 0.317647
v 0.047484 0.239017 -0.099301 0.286275 0.337255 0.317647
v 0.045217 0.237654 -0.098119 0.286275 0.337255 0.317647
v 0.043276 0.237828 -0.097287 0.286275 0.333333 0.317647
v 0.041026 0.236120 -0.095401 0.286275 0.333333 0.317647
v 0.038933 0.235089 -0.093518 0.286275 0.333333 0.317647
v 0.036846 0.233879 -0.091292 0.286275 0.333333 0.317647
v 0.034767 0.232489 -0.088732 0.286275 0.329412 0.317647
v 0.032696 0.230917 -0.085847 0.286275 0.329412 0.317647
v 0.030635 0.229161 -0.082646 0.286275 0.325490 0.317647
v 0.028588 0.227221 -0.079140 0.290196 0.321569 0.313725
v 0.026554 0.225097 -0.075342 0.290196 0.321569 0.313725
v 0.024536 0.222793 -0.071266 0.290196 0.317647 0.313725
v 0.022536 0.220315 -0.066927 0.290196 0.313725 0.313725
v 0.020628 0.218458 -0.062565 0.294118 0.309804 0.313725
v 0.018659 0.215658 -0.057731 0.294118 0.301961 0.313725
v 0.016712 0.212730 -0.052686 0.294118 0.298039 0.313725
v 0.014841 0.210453 -0.047621 0.294118 0.294118 0.313725
v 0.012934 0.207345 -0.042196 0.298039 0.286275 0.317647
v 0.011052 0.204210 -0.036625 0.298039 0.282353 0.317647
v 0.009229 0.201815 -0.031041 0.298039 0.274510 0.317647
v 0.007421 0.199467 -0.025317 0.301961 0.270588 0.317647
v 0.005627 0.197223 -0.019477 0.301961 0.266667 0.317647
v 0.003836 0.194445 -0.013499 0.305882 0.262745 0.317647
v 0.002081 0.192572 -0.007524 0.305882 0.258824 0.317647
v 0.000345 0.190944 -0.001508 0.305882 0.258824 0.317647
v -0.001373 0.189591 0.004526 0.309804 0.258824 0.317647
v -0.003073 0.188526 0.010553 0.309804 0.258824 0.317647
v -0.004752 0.187746 0.016553 0.313725 0.262745 0.317647
v -0.006412 0.187228 0.022506 0.313725 0.266667 0.317647
v -0.008052 0.186934 0.028392 0.313725 0.274510 0.317647
v -0.009672 0.186814 0.034194 0.317647 0.282353 0.321569
v -0.011272 0.186808 0.039896 0.317647 0.290196 0.321569
v -0.012853 0.186854 0.045481 0.317647 0.298039 0.321569
v -0.014414 0.186894 0.050934 0.321569 0.305882 0.321569
v -0.015956 0.186877 0.056240 0.321569 0.313725 0.321569
v -0.017481 0.186764 0.061382 0.321569 0.317647 0.321569
v -0.018989 0.186526 0.066345 0.325490 0.325490 0.321569
v -0.020481 0.186151 0.071110 0.325490 0.329412 0.321569
v -0.021958 0.185638 0.075661 0.325490 0.337255 0.321569
v -0.023423 0.184998 0.079978 0.325490 0.341176 0.321569
v -0.024876 0.184248 0.084044 0.325490 0.341176 0.321569
v -0.026319 0.183412 0.087840 0.329412 0.345098 0.321569
v -0.027754 0.182519 0.091348 0.329412 0.349020 0.321569
v -0.029184 0.181596 0.094550 0.329412 0.349020 0.321569
v -0.030610 0.180671 0.097430 0.329412 0.349020 0.321569
v -0.032034 0.179771 0.099971 0.329412 0.349020 0.321569
v -0.033351 0.178333 0.101826 0.329412 0.349020 0.321569
v -0.034776 0.177552 0.103645 0.329412 0.349020 0.321569
v -0.036206 0.176855 0.105088 0.329412 0.349020 0.321569
v -0.037524 0.175684 0.105801 0.329412 0.349020 0.321569
v -0.038970 0.175195 0.106465 0.329412 0.349020 0.321569
v -0.040299 0.174253 0.106387 0.329412 0.349020 0.321569
v -0.041637 0.173433 0.105911 0.329412 0.349020 0.317647
v -0.042984 0.172733 0.105039 0.329412 0.349020 0.317647
v -0.044345 0.172147 0.103775 0.329412 0.349020 0.317647
v -0.045721 0.171667 0.102125 0.325490 0.349020 0.317647
v -0.047115 0.171280 0.100097 0.325490 0.349020 0.317647
v -0.048528 0.170973 0.097701 0.325490 0.349020 0.317647
v -0.049965 0.170724 0.094947 0.325490 0.349020 0.313725
v -0.051425 0.170511 0.091850 0.325490 0.349020 0.313725
v -0.052741 0.169758 0.088136 0.321569 0.349020 0.313725
v -0.054251 0.169542 0.084407 0.321569 0.345098 0.313725
v -0.055610 0.168732 0.080120 0.321569 0.341176 0.313725
v -0.057177 0.168406 0.075830 0.317647 0.337255 0.309804
v -0.058585 0.167443 0.071046 0.317647 0.333333 0.309804
v -0.060214 0.166928 0.066266 0.317647 0.329412 0.309804
v -0.061878 0.166308 0.061260 0.313725 0.321569 0.309804
v -0.063370 0.165052 0.055861 0.313725 0.317647 0.309804
v -0.065102 0.164272 0.050467 0.309804 0.309804 0.305882
v -0.066653 0.162927 0.044747 0.309804 0.301961 0.305882
v -0.068456 0.162147 0.039027 0.305882 0.290196 0.305882
v -0.070297 0.161456 0.033155 0.305882 0.282353 0.305882
v -0.072178 0.160921 0.027147 0.301961 0.274510 0.305882
v -0.073854 0.160077 0.020947 0.301961 0.266667 0.305882
v -0.075807 0.160038 0.014731 0.298039 0.262745 0.305882
v -0.077799 0.160312 0.008427 0.298039 0.258824 0.305882
v -0.079830 0.160918 0.002058 0.298039 0.258824 0.305882
v -0.081900 0.161854 -0.004356 0.294118 0.258824 0.305882
v -0.084007 0.163098 -0.010788 0.294118 0.258824 0.305882
v -0.086151 0.164611 -0.017213 0.294118 0.262745 0.305882
v -0.088624 0.166891 -0.023682 0.294118 0.270588 0.305882
v -0.090846 0.168787 -0.030030 0.290196 0.274510 0.309804
v -0.093103 0.170784 -0.036286 0.290196 0.282353 0.309804
v -0.095393 0.172826 -0.042423 0.290196 0.290196 0.309804
v -0.097715 0.174862 -0.048414 0.290196 0.298039 0.309804
v -0.100066 0.176849 -0.054232 0.290196 0.301961 0.309804
v -0.102445 0.178752 -0.059853 0.290196 0.309804 0.309804
v -0.105196 0.181141 -0.065469 0.286275 0.313725 0.313725
v -0.107634 0.182812 -0.070646 0.286275 0.321569 0.313725
v -0.110094 0.184342 -0.075561 0.286275 0.325490 0.313725
v -0.112943 0.186336 -0.080459 0.286275 0.329412 0.313725
v -0.115449 0.187573 -0.084811 0.286275 0.333333 0.313725
v -0.117969 0.188659 -0.088849 0.286275 0.333333 0.317647
v -0.120897 0.190217 -0.092863 0.286275 0.337255 0.317647
v -0.123850 0.191634 -0.096559 0.286275 0.337255 0.317647
v -0.126826 0.192911 -0.099922 0.286275 0.341176 0.317647
v -0.129822 0.194051 -0.102938 0.286275 0.341176 0.317647
v -0.132834 0.195055 -0.105594 0.286275 0.341176 0.317647
v -0.135859 0.195922 -0.107879 0.286275 0.341176 0.317647
v -0.139338 0.197284 -0.110135 0.286275 0.345098 0.321569
v -0.142838 0.198510 -0.112008 0.286275 0.345098 0.321569
v -0.145894 0.198967 -0.113128 0.286275 0.345098 0.321569
v -0.148946 0.199283 -0.113841 0.286275 0.345098 0.321569
v -0.151990 0.199454 -0.114142 0.286275 0.345098 0.321569
v -0.154535 0.198854 -0.113669 0.290196 0.341176 0.321569
v -0.157539 0.198727 -0.113136 0.290196 0.341176 0.321569
v -0.160520 0.198445 -0.112184 0.290196 0.341176 0.321569
v -0.162965 0.197385 -0.110468 0.294118 0.341176 0.321569
v -0.165876 0.196779 -0.108686 0.294118 0.337255 0.321569
v -0.168225 0.195394 -0.106161 0.294118 0.337255 0.325490
v -0.171047 0.194448 -0.103567 0.298039 0.333333 0.325490
v -0.173280 0.192728 -0.100261 0.298039 0.333333 0.325490
v -0.175989 0.191432 -0.096885 0.301961 0.329412 0.325490
v -0.178087 0.189373 -0.092841 0.301961 0.325490 0.325490
v -0.180106 0.187152 -0.088453 0.305882 0.321569 0.325490
v -0.182041 0.184775 -0.083738 0.305882 0.317647 0.325490
v -0.183889 0.182252 -0.078715 0.309804 0.313725 0.325490
v -0.185643 0.179594 -0.073401 0.309804 0.309804 0.325490
v -0.187881 0.177366 -0.068029 0.313725 0.301961 0.325490
v -0.189443 0.174483 -0.062182 0.313725 0.298039 0.325490
v -0.190901 0.171525 -0.056113 0.317647 0.290196 0.325490
v -0.192251 0.168516 -0.049845 0.317647 0.286275 0.325490
v -0.193490 0.165486 -0.043406 0.321569 0.278431 0.325490
v -0.194615 0.162463 -0.036822 0.321569 0.274510 0.325490
v -0.195624 0.159476 -0.030120 0.325490 0.266667 0.325490
v -0.197120 0.157037 -0.023402 0.325490 0.262745 0.325490
v -0.197893 0.154196 -0.016529 0.325490 0.258824 0.325490
v -0.198545 0.151465 -0.009623 0.325490 0.258824 0.325490
v -0.199075 0.148859 -0.002711 0.329412 0.258824 0.325490
v -0.199482 0.146387 0.004180 0.329412 0.258824 0.325490
v -0.199768 0.144048 0.011025 0.329412 0.258824 0.325490
v -0.199932 0.141835 0.017800 0.329412 0.262745 0.325490
v -0.199975 0.139734 0.024482 0.329412 0.266667 0.325490
v -0.199900 0.137726 0.031049 0.329412 0.270588 0.325490
v -0.199709 0.135785 0.037480 0.329412 0.274510 0.321569
v -0.199404 0.133886 0.043756 0.329412 0.282353 0.321569
v -0.199599 0.132406 0.050013 0.329412 0.290196 0.321569
v -0.199075 0.130502 0.055944 0.329412 0.294118 0.321569
v -0.198446 0.128561 0.061667 0.329412 0.301961 0.321569
v -0.197719 0.126564 0.067164 0.329412 0.309804 0.321569
v -0.196897 0.124498 0.072421 0.329412 0.313725 0.321569
v -0.195987 0.122351 0.077419 0.329412 0.321569 0.321569
v -0.194993 0.120122 0.082145 0.329412 0.325490 0.321569
v -0.194515 0.118171 0.086847 0.329412 0.329412 0.321569
v -0.193369 0.115774 0.090992 0.329412 0.337255 0.321569
v -0.192159 0.113308 0.094816 0.329412 0.337255 0.321569
v -0.191473 0.111122 0.098606 0.325490 0.341176 0.321569
v -0.190149 0.108544 0.101756 0.325490 0.345098 0.321569
v -0.188781 0.105933 0.104543 0.325490 0.345098 0.321569
v -0.187948 0.103617 0.107281 0.325490 0.349020 0.321569
v -0.186510 0.100971 0.109313 0.325490 0.349020 0.321569
v -0.185051 0.098331 0.110949 0.321569 0.349020 0.321569
v -0.184135 0.095998 0.112522 0.321569 0.349020 0.321569
v -0.182651 0.093392 0.113345 0.321569 0.349020 0.321569
v -0.181168 0.090820 0.113753 0.321569 0.349020 0.321569
v -0.179694 0.088287 0.113740 0.317647 0.349020 0.321569
v -0.178776 0.086059 0.113651 0.317647 0.349020 0.321569
v -0.177338 0.083612 0.112797 0.317647 0.349020 0.321569
v -0.175931 0.081215 0.111525 0.313725 0.349020 0.321569
v -0.174562 0.078869 0.109840 0.313725 0.349020 0.321569
v -0.173238 0.076572 0.107749 0.313725 0.349020 0.321569
v -0.171965 0.074322 0.105260 0.309804 0.349020 0.325490
v -0.170751 0.072117 0.102385 0.309804 0.349020 0.325490
v -0.169600 0.069951 0.099135 0.305882 0.349020 0.325490
v -0.168519 0.067819 0.095525 0.305882 0.349020 0.325490
v -0.167514 0.065716 0.091571 0.305882 0.349020 0.325490
v -0.166590 0.063636 0.087289 0.301961 0.349020 0.325490
v -0.165752 0.061571 0.082697 0.301961 0.345098 0.325490
v -0.165004 0.059518 0.077814 0.298039 0.341176 0.329412
v -0.164351 0.057472 0.072661 0.298039 0.337255 0.329412
v -0.163797 0.055433 0.067256 0.298039 0.333333 0.329412
v -0.163345 0.053401 0.061619 0.294118 0.325490 0.329412
v -0.162999 0.051383 0.055769 0.294118 0.317647 0.329412
v -0.162761 0.049388 0.049722 0.290196 0.309804 0.329412
v -0.162635 0.047430 0.043496 0.290196 0.301961 0.329412
v -0.163113 0.045664 0.037219 0.290196 0.290196 0.329412
v -0.163216 0.043829 0.030661 0.290196 0.282353 0.329412
v -0.163436 0.042085 0.023970 0.286275 0.274510 0.329412
v -0.164268 0.040569 0.017213 0.286275 0.266667 0.329412
v -0.164727 0.039042 0.010284 0.286275 0.258824 0.329412
v -0.165803 0.037746 0.003285 0.286275 0.258824 0.329412
v -0.166505 0.036445 -0.003802 0.286275 0.258824 0.325490
v -0.167328 0.035241 -0.010920 0.286275 0.258824 0.325490
v -0.168773 0.034216 -0.018093 0.286275 0.266667 0.325490
v -0.169838 0.033138 -0.025204 0.286275 0.274510 0.325490
v -0.171530 0.032183 -0.032348 0.286275 0.282353 0.321569
v -0.173346 0.031226 -0.039436 0.286275 0.294118 0.321569
v -0.175284 0.030245 -0.046435 0.286275 0.301961 0.321569
v -0.177344 0.029226 -0.053311 0.286275 0.309804 0.317647
v -0.179524 0.028155 -0.060032 0.286275 0.321569 0.317647
v -0.181820 0.027025 -0.066567 0.286275 0.325490 0.317647
v -0.184232 0.025833 -0.072889 0.286275 0.333333 0.313725
v -0.186754 0.024576 -0.078970 0.290196 0.337255 0.313725
v -0.189384 0.023256 -0.084787 0.290196 0.341176 0.313725
v -0.192119 0.021874 -0.090318 0.290196 0.345098 0.313725
v -0.194952 0.020432 -0.095541 0.290196 0.345098 0.309804
v -0.197881 0.018931 -0.100438 0.294118 0.349020 0.309804
v -0.200322 0.017325 -0.104688 0.294118 0.349020 0.309804
v -0.203416 0.015718 -0.108867 0.294118 0.349020 0.309804
v -0.206587 0.014058 -0.112670 0.298039 0.349020 0.309804
v -0.209231 0.012308 -0.115752 0.298039 0.349020 0.309804
v -0.211923 0.010516 -0.118414 0.298039 0.349020 0.309804
v -0.215271 0.008705 -0.120995 0.301961 0.349020 0.309804
v -0.218044 0.006822 -0.122800 0.301961 0.349020 0.305882
v -0.220843 0.004896 -0.124163 0.301961 0.349020 0.305882
v -0.223658 0.002928 -0.125079 0.305882 0.349020 0.305882
v -0.226480 0.000917 -0.125544 0.305882 0.349020 0.305882
v -0.233227 -0.001154 -0.127706 0.309804 0.349020 0.305882
v -0.236085 -0.003281 -0.127257 0.309804 0.349020 0.305882
v -0.238253 -0.005433 -0.125992 0.309804 0.349020 0.305882
v -0.241054 -0.007630 -0.124626 0.313725 0.349020 0.305882
v -0.243815 -0.009862 -0.122805 0.313725 0.349020 0.305882
v -0.245835 -0.012090 -0.120196 0.317647 0.345098 0.305882
v -0.248483 -0.014371 -0.117490 0.317647 0.345098 0.305882
v -0.251063 -0.016674 -0.114351 0.317647 0.345098 0.305882
v -0.253567 -0.018993 -0.110789 0.321569 0.341176 0.305882
v -0.255263 -0.021261 -0.106515 0.321569 0.337255 0.305882
v -0.257581 -0.023587 -0.102157 0.321569 0.333333 0.305882
v -0.259795 -0.025911 -0.097418 0.325490 0.329412 0.305882
v -0.261898 -0.028228 -0.092316 0.325490 0.325490 0.305882
v -0.263134 -0.030444 -0.086625 0.325490 0.317647 0.305882
v -0.264985 -0.032723 -0.080874 0.325490 0.313725 0.305882
v -0.266702 -0.034983 -0.074825 0.325490 0.305882 0.305882
v -0.268278 -0.037220 -0.068503 0.329412 0.298039 0.305882
v -0.269707 -0.039437 -0.061935 0.329412 0.294118 0.305882
v -0.270983 -0.041636 -0.055148 0.329412 0.286275 0.305882
v -0.272101 -0.043821 -0.048171 0.329412 0.278431 0.305882
v -0.273056 -0.045999 -0.041034 0.329412 0.274510 0.305882
v -0.274621 -0.048315 -0.033863 0.329412 0.270588 0.305882
v -0.275240 -0.050511 -0.026476 0.329412 0.262745 0.305882
v -0.275686 -0.052726 -0.019019 0.329412 0.258824 0.305882
v -0.276736 -0.055126 -0.011555 0.329412 0.258824 0.309804
v -0.276829 -0.057413 -0.004027 0.329412 0.258824 0.309804
v -0.277524 -0.059912 0.003493 0.329412 0.258824 0.309804
v -0.277259 -0.062296 0.010979 0.329412 0.258824 0.309804
v -0.277594 -0.064910 0.018447 0.329412 0.258824 0.309804
v -0.276971 -0.067396 0.025787 0.329412 0.262745 0.309804
v -0.276946 -0.070118 0.033099 0.329412 0.266667 0.309804
v -0.275971 -0.072685 0.040196 0.325490 0.270588 0.309804
v -0.275593 -0.075485 0.047259 0.325490 0.278431 0.309804
v -0.274276 -0.078092 0.054023 0.325490 0.282353 0.309804
v -0.272795 -0.080696 0.060579 0.325490 0.290196 0.309804
v -0.271912 -0.083516 0.067094 0.321569 0.294118 0.309804
v -0.270115 -0.086079 0.073192 0.321569 0.301961 0.309804
v -0.268916 -0.088844 0.079244 0.321569 0.305882 0.309804
v -0.266824 -0.091312 0.084805 0.317647 0.313725 0.309804
v -0.265332 -0.093972 0.090312 0.317647 0.317647 0.309804
v -0.262970 -0.096300 0.095261 0.313725 0.321569 0.309804
v -0.260488 -0.098542 0.099869 0.313725 0.325490 0.309804
v -0.258607 -0.100970 0.104410 0.309804 0.329412 0.309804
v -0.255899 -0.103030 0.108301 0.309804 0.333333 0.309804
v -0.253793 -0.105279 0.112114 0.305882 0.337255 0.309804
v -0.250891 -0.107143 0.115225 0.305882 0.337255 0.309804
v -0.247909 -0.108904 0.117923 0.301961 0.341176 0.309804
v -0.244854 -0.110565 0.120195 0.301961 0.341176 0.309804
v -0.241736 -0.112126 0.122032 0.301961 0.345098 0.305882
v -0.238563 -0.113589 0.123428 0.298039 0.345098 0.305882
v -0.235342 -0.114957 0.124374 0.298039 0.345098 0.305882
v -0.232084 -0.116231 0.124868 0.294118 0.345098 0.305882
v -0.228795 -0.117414 0.124906 0.294118 0.345098 0.305882
v -0.224863 -0.118182 0.124145 0.294118 0.345098 0.305882
v -0.222159 -0.119515 0.123614 0.290196 0.349020 0.305882
v -0.218828 -0.120436 0.122288 0.290196 0.349020 0.305882
v -0.215498 -0.121272 0.120515 0.290196 0.345098 0.305882
v -0.212176 -0.122023 0.118301 0.290196 0.345098 0.305882
v -0.209444 -0.123025 0.115974 0.286275 0.345098 0.305882
v -0.206151 -0.123604 0.112899 0.286275 0.345098 0.305882
v -0.203444 -0.124433 0.109715 0.286275 0.345098 0.305882
v -0.200205 -0.124828 0.105823 0.286275 0.341176 0.305882
v -0.198086 -0.125810 0.102105 0.286275 0.341176 0.305882
v -0.200753 -0.129778 0.100360 0.286275 0.337255 0.305882
v -0.206418 -0.135703 0.099475 0.286275 0.333333 0.305882
v -0.203125 -0.135678 0.093728 0.286275 0.333333 0.305882
v -0.199898 -0.135530 0.087648 0.286275 0.325490 0.305882
v -0.196245 -0.134919 0.081052 0.286275 0.321569 0.305882
v -0.192682 -0.134194 0.074202 0.286275 0.317647 0.305882
v -0.189214 -0.133368 0.067122 0.286275 0.309804 0.305882
v -0.185367 -0.132122 0.059684 0.286275 0.301961 0.305882
v -0.182103 -0.131164 0.052233 0.286275 0.294118 0.305882
v -0.178939 -0.130195 0.044623 0.286275 0.286275 0.305882
v -0.175426 -0.128928 0.036779 0.286275 0.278431 0.305882
v -0.172478 -0.128089 0.028932 0.286275 0.270588 0.309804
v -0.169195 -0.127071 0.020936 0.286275 0.266667 0.309804
v -0.166030 -0.126264 0.012907 0.286275 0.258824 0.309804
v -0.163414 -0.126050 0.004884 0.290196 0.258824 0.309804
v -0.160480 -0.125804 -0.003154 0.290196 0.258824 0.313725
v -0.157664 -0.125874 -0.011145 0.290196 0.258824 0.313725
v -0.154965 -0.126256 -0.019057 0.290196 0.262745 0.313725
v -0.152789 -0.127267 -0.026930 0.294118 0.270588 0.317647
v -0.149908 -0.127840 -0.034511 0.294118 0.278431 0.317647
v -0.147547 -0.128940 -0.041982 0.298039 0.290196 0.321569
v -0.145295 -0.130164 -0.049236 0.298039 0.298039 0.321569
v -0.142757 -0.131091 -0.056082 0.301961 0.309804 0.321569
v -0.140718 -0.132383 -0.062780 0.301961 0.317647 0.325490
v -0.138779 -0.133643 -0.069165 0.305882 0.325490 0.325490
v -0.136554 -0.134466 -0.075001 0.305882 0.333333 0.325490
v -0.135189 -0.135968 -0.080899 0.309804 0.337255 0.325490
v -0.133531 -0.137016 -0.086208 0.309804 0.341176 0.329412
v -0.131957 -0.137995 -0.091124 0.309804 0.345098 0.329412
v -0.130839 -0.139315 -0.095909 0.313725 0.349020 0.329412
v -0.129423 -0.140205 -0.100017 0.313725 0.349020 0.329412
v -0.128079 -0.141075 -0.103702 0.317647 0.349020 0.329412
v -0.127172 -0.142359 -0.107268 0.317647 0.349020 0.329412
v -0.126325 -0.143671 -0.110420 0.317647 0.349020 0.329412
v -0.125900 -0.145450 -0.113483 0.321569 0.349020 0.329412
v -0.125159 -0.146870 -0.115799 0.321569 0.349020 0.329412
v -0.124466 -0.148358 -0.117686 0.321569 0.349020 0.329412
v -0.123814 -0.149922 -0.119141 0.321569 0.349020 0.329412
v -0.123199 -0.151567 -0.120163 0.325490 0.349020 0.329412
v -0.122978 -0.153746 -0.121107 0.325490 0.349020 0.329412
v -0.122421 -0.155561 -0.121262 0.325490 0.349020 0.329412
v -0.122247 -0.157920 -0.121343 0.325490 0.349020 0.329412
v -0.121728 -0.159891 -0.120634 0.325490 0.349020 0.329412
v -0.121580 -0.162404 -0.119851 0.329412 0.349020 0.329412
v -0.121078 -0.164495 -0.118287 0.329412 0.349020 0.329412
v -0.120936 -0.167115 -0.116651 0.329412 0.349020 0.329412
v -0.120431 -0.169265 -0.114252 0.329412 0.349020 0.329412
v -0.120275 -0.171922 -0.111782 0.329412 0.349020 0.329412
v -0.120104 -0.174569 -0.108901 0.329412 0.349020 0.329412
v -0.119557 -0.176655 -0.105302 0.329412 0.349020 0.329412
v -0.119699 -0.179737 -0.101938 0.329412 0.345098 0.329412
v -0.119456 -0.182211 -0.097878 0.329412 0.341176 0.329412
v -0.119180 -0.184582 -0.093449 0.329412 0.337255 0.329412
v -0.118866 -0.186832 -0.088666 0.329412 0.333333 0.329412
v -0.118863 -0.189512 -0.083794 0.329412 0.329412 0.329412
v -0.118813 -0.192070 -0.078574 0.329412 0.325490 0.329412
v -0.118361 -0.193936 -0.072809 0.329412 0.317647 0.329412
v -0.118205 -0.196267 -0.066969 0.329412 0.309804 0.329412
v -0.117644 -0.197938 -0.060667 0.329412 0.301961 0.329412
v -0.117024 -0.199559 -0.054146 0.329412 0.294118 0.329412
v -0.117029 -0.202361 -0.047714 0.325490 0.286275 0.329412
v -0.116281 -0.204034 -0.040804 0.325490 0.278431 0.329412
v -0.115806 -0.206407 -0.033863 0.325490 0.274510 0.329412
v -0.114923 -0.208332 -0.026703 0.325490 0.266667 0.329412
v -0.114638 -0.211678 -0.019589 0.325490 0.262745 0.329412
v -0.113611 -0.214036 -0.012279 0.321569 0.258824 0.329412
v -0.112514 -0.216643 -0.004959 0.321569 0.258824 0.329412
v -0.111670 -0.220144 0.002351 0.321569 0.258824 0.329412
v -0.110108 -0.222621 0.009604 0.317647 0.258824 0.329412
v -0.108799 -0.225965 0.016798 0.317647 0.258824 0.329412
v -0.107420 -0.229507 0.023900 0.313725 0.262745 0.329412
v -0.106280 -0.233883 0.030979 0.313725 0.266667 0.329412
v -0.104760 -0.237704 0.037854 0.309804 0.274510 0.329412
v -0.102874 -0.240888 0.044445 0.309804 0.278431 0.329412
v -0.101521 -0.245482 0.051119 0.305882 0.286275 0.329412
v -0.099805 -0.249343 0.057468 0.305882 0.290196 0.329412
v -0.097743 -0.252393 0.063418 0.301961 0.294118 0.329412
v -0.095912 -0.256050 0.069302 0.301961 0.301961 0.329412
v -0.094023 -0.259560 0.074933 0.298039 0.305882 0.329412
v -0.092079 -0.262897 0.080294 0.298039 0.309804 0.329412
v -0.089822 -0.265267 0.085118 0.298039 0.313725 0.329412
v -0.087782 -0.268193 0.089871 0.294118 0.317647 0.329412
v -0.085446 -0.270111 0.094027 0.294118 0.321569 0.329412
v -0.083078 -0.271790 0.097821 0.294118 0.321569 0.329412
v -0.080919 -0.274031 0.101539 0.290196 0.325490 0.329412
v -0.078491 -0.275236 0.104584 0.290196 0.329412 0.329412
v -0.076264 -0.277016 0.107551 0.290196 0.329412 0.329412
v -0.073787 -0.277754 0.109805 0.286275 0.329412 0.329412
v -0.071294 -0.278263 0.111649 0.286275 0.333333 0.329412
v -0.068991 -0.279374 0.113412 0.286275 0.333333 0.329412
v -0.066467 -0.279442 0.114424 0.286275 0.333333 0.329412
v -0.063936 -0.279295 0.115014 0.286275 0.333333 0.329412
v -0.061583 -0.279769 0.115525 0.286275 0.333333 0.329412
v -0.059038 -0.279204 0.115272 0.286275 0.337255 0.329412
v -0.056494 -0.278435 0.114599 0.286275 0.333333 0.329412
v -0.053953 -0.277462 0.113513 0.286275 0.333333 0.329412
v -0.051264 -0.275456 0.111683 0.286275 0.333333 0.329412
v -0.048745 -0.274082 0.109795 0.286275 0.333333 0.329412
v -0.046236 -0.272506 0.107519 0.286275 0.333333 0.329412
v -0.043608 -0.269904 0.104547 0.286275 0.329412 0.329412
v -0.041136 -0.267927 0.101538 0.286275 0.329412 0.329412
v -0.038801 -0.266562 0.098482 0.286275 0.329412 0.329412
v -0.036247 -0.263359 0.094489 0.286275 0.325490 0.329412
v -0.033729 -0.259962 0.090199 0.290196 0.321569 0.329412
v -0.031347 -0.257173 0.085902 0.290196 0.321569 0.329412
v -0.028899 -0.253392 0.081069 0.290196 0.317647 0.329412
v -0.026576 -0.250219 0.076241 0.290196 0.313725 0.329412
v -0.024205 -0.246086 0.070945 0.290196 0.309804 0.329412
v -0.021948 -0.242572 0.065665 0.294118 0.305882 0.329412
v -0.019660 -0.238154 0.059991 0.294118 0.298039 0.325490
v -0.017474 -0.234387 0.054340 0.294118 0.294118 0.325490
v -0.015273 -0.229797 0.048370 0.298039 0.290196 0.325490
v -0.013121 -0.225186 0.042291 0.298039 0.282353 0.325490
v -0.011018 -0.220603 0.036126 0.298039 0.278431 0.325490
v -0.008965 -0.216100 0.029893 0.301961 0.270588 0.321569
v -0.006963 -0.211734 0.023614 0.301961 0.266667 0.321569
v -0.005028 -0.208249 0.017366 0.301961 0.262745 0.321569
v -0.003122 -0.204307 0.011034 0.305882 0.258824 0.321569
v -0.001267 -0.200649 0.004716 0.305882 0.258824 0.317647
v 0.000536 -0.197306 -0.001566 0.309804 0.258824 0.317647
v 0.002287 -0.194292 -0.007790 0.309804 0.258824 0.317647
v 0.003988 -0.191603 -0.013933 0.309804 0.262745 0.313725
v 0.005637 -0.189218 -0.019970 0.313725 0.266667 0.313725
v 0.007236 -0.187099 -0.025878 0.313725 0.270588 0.313725
v 0.008817 -0.185843 -0.031741 0.317647 0.278431 0.309804
v 0.010323 -0.184091 -0.037334 0.317647 0.286275 0.309804
v 0.011822 -0.183076 -0.042872 0.317647 0.294118 0.309804
v 0.013286 -0.182089 -0.048222 0.321569 0.301961 0.309804
v 0.014714 -0.181074 -0.053357 0.321569 0.309804 0.305882
v 0.016108 -0.179989 -0.058257 0.321569 0.317647 0.305882
v 0.017532 -0.179443 -0.063126 0.321569 0.325490 0.305882
v 0.019001 -0.179411 -0.067996 0.325490 0.329412 0.305882
v 0.020533 -0.179879 -0.072894 0.325490 0.333333 0.305882
v 0.022065 -0.180209 -0.077574 0.325490 0.341176 0.305882
v 0.023681 -0.181042 -0.082300 0.325490 0.341176 0.305882
v 0.025309 -0.181762 -0.086793 0.329412 0.345098 0.305882
v 0.026952 -0.182392 -0.091031 0.329412 0.349020 0.305882
v 0.028610 -0.182958 -0.094995 0.329412 0.349020 0.305882
v 0.030286 -0.183489 -0.098666 0.329412 0.349020 0.305882
v 0.031876 -0.183405 -0.101691 0.329412 0.349020 0.305882
v 0.033479 -0.183347 -0.104375 0.329412 0.349020 0.305882
v 0.035097 -0.183338 -0.106706 0.329412 0.349020 0.305882
v 0.036733 -0.183397 -0.108675 0.329412 0.349020 0.305882
v 0.038265 -0.182951 -0.109914 0.329412 0.349020 0.305882
v 0.039683 -0.182021 -0.110410 0.329412 0.349020 0.305882
v 0.041108 -0.181210 -0.110514 0.329412 0.349020 0.305882
v 0.042682 -0.181104 -0.110584 0.329412 0.349020 0.305882
v 0.043992 -0.179955 -0.109551 0.329412 0.349020 0.305882
v 0.045456 -0.179509 -0.108485 0.329412 0.349020 0.305882
v 0.046635 -0.178019 -0.106342 0.325490 0.349020 0.305882
v 0.047972 -0.177214 -0.104181 0.325490 0.349020 0.305882
v 0.049161 -0.175919 -0.101326 0.325490 0.349020 0.305882
v 0.050355 -0.174696 -0.098136 0.325490 0.349020 0.305882
v 0.051556 -0.173522 -0.094625 0.325490 0.349020 0.305882
v 0.052412 -0.171217 -0.090199 0.321569 0.349020 0.305882
v 0.053622 -0.170064 -0.086113 0.321569 0.345098 0.305882
v 0.054655 -0.168303 -0.081474 0.321569 0.345098 0.305882
v 0.055303 -0.165332 -0.076077 0.317647 0.341176 0.305882
v 0.056130 -0.162863 -0.070786 0.317647 0.337255 0.305882
v 0.056947 -0.160306 -0.065346 0.317647 0.333333 0.305882
v 0.057754 -0.157655 -0.059786 0.313725 0.325490 0.305882
v 0.058550 -0.154919 -0.054133 0.313725 0.317647 0.305882
v 0.059336 -0.152117 -0.048419 0.309804 0.309804 0.305882
v 0.060339 -0.149851 -0.042835 0.309804 0.301961 0.305882
v 0.061577 -0.148161 -0.037354 0.305882 0.294118 0.305882
v 0.063071 -0.147092 -0.031945 0.305882 0.286275 0.305882
v 0.064839 -0.146700 -0.026573 0.301961 0.278431 0.305882
v 0.066647 -0.146478 -0.021122 0.301961 0.270588 0.305882
v 0.068232 -0.145920 -0.015558 0.298039 0.262745 0.305882
v 0.069842 -0.145631 -0.010005 0.298039 0.258824 0.305882
v 0.071477 -0.145634 -0.004489 0.298039 0.258824 0.305882
v 0.073136 -0.145934 0.000970 0.294118 0.258824 0.305882
v 0.074819 -0.146519 0.006353 0.294118 0.258824 0.305882
v 0.076824 -0.147937 0.011688 0.294118 0.262745 0.305882
v 0.078558 -0.148992 0.016889 0.294118 0.266667 0.305882
v 0.080312 -0.150207 0.021966 0.290196 0.270588 0.305882
v 0.082085 -0.151527 0.026906 0.290196 0.274510 0.305882
v 0.084209 -0.153509 0.031822 0.290196 0.282353 0.305882
v 0.086366 -0.155510 0.036614 0.290196 0.286275 0.305882
v 0.088554 -0.157489 0.041269 0.290196 0.294118 0.305882
v 0.091133 -0.160042 0.045952 0.290196 0.298039 0.305882
v 0.093389 -0.161887 0.050306 0.290196 0.305882 0.305882
v 0.096050 -0.164272 0.054695 0.286275 0.309804 0.305882
v 0.097982 -0.165247 0.058458 0.286275 0.313725 0.305882
v 0.100710 -0.167398 0.062474 0.286275 0.317647 0.305882
v 0.103073 -0.168764 0.066036 0.286275 0.321569 0.305882
v 0.105455 -0.169995 0.069363 0.286275 0.325490 0.305882
v 0.107429 -0.170419 0.072155 0.286275 0.325490 0.305882
v 0.109832 -0.171379 0.074962 0.286275 0.329412 0.305882
v 0.112247 -0.172209 0.077498 0.286275 0.329412 0.305882
v 0.114670 -0.172912 0.079753 0.286275 0.333333 0.305882
v 0.116636 -0.172805 0.081398 0.286275 0.333333 0.305882
v 0.119057 -0.173257 0.083061 0.286275 0.333333 0.305882
v 0.120996 -0.172900 0.084088 0.286275 0.333333 0.305882
v 0.123402 -0.173108 0.085137 0.286275 0.333333 0.305882
v 0.125299 -0.172505 0.085535 0.286275 0.333333 0.305882
v 0.127676 -0.172470 0.085959 0.286275 0.333333 0.305882
v 0.129517 -0.171623 0.085727 0.286275 0.333333 0.305882
v 0.131849 -0.171340 0.085525 0.290196 0.333333 0.305882
v 0.133619 -0.170244 0.084671 0.290196 0.333333 0.305882
v 0.135891 -0.169705 0.083853 0.290196 0.333333 0.305882
v 0.137574 -0.168352 0.082397 0.290196 0.329412 0.305882
v 0.139203 -0.166868 0.080652 0.294118 0.329412 0.305882
v 0.140774 -0.165253 0.078629 0.294118 0.325490 0.305882
v 0.142866 -0.164174 0.076650 0.294118 0.325490 0.305882
v 0.144319 -0.162288 0.074092 0.298039 0.321569 0.305882
v 0.145702 -0.160268 0.071287 0.298039 0.317647 0.309804
v 0.147618 -0.158770 0.068530 0.301961 0.317647 0.309804
v 0.148859 -0.156485 0.065258 0.301961 0.313725 0.309804
v 0.150019 -0.154077 0.061778 0.305882 0.309804 0.309804
v 0.151096 -0.151554 0.058105 0.305882 0.305882 0.309804
v 0.152086 -0.148926 0.054252 0.309804 0.301961 0.313725
v 0.153628 -0.146820 0.050446 0.309804 0.294118 0.313725
v 0.154443 -0.144015 0.046262 0.313725 0.290196 0.313725
v 0.155816 -0.141746 0.042119 0.317647 0.286275 0.313725
v 0.156444 -0.138835 0.037661 0.317647 0.282353 0.317647
v 0.157637 -0.136484 0.033237 0.321569 0.278431 0.317647
v 0.158071 -0.133557 0.028563 0.321569 0.270588 0.317647
v 0.158401 -0.130663 0.023813 0.321569 0.266667 0.321569
v 0.158629 -0.127824 0.019002 0.325490 0.262745 0.321569
v 0.159433 -0.125598 0.014208 0.325490 0.262745 0.321569
v 0.160140 -0.123449 0.009343 0.325490 0.258824 0.321569
v 0.160748 -0.121391 0.004424 0.329412 0.258824 0.325490
v 0.160568 -0.118924 -0.000530 0.329412 0.258824 0.325490
v 0.160975 -0.117079 -0.005486 0.329412 0.258824 0.325490
v 0.161283 -0.115335 -0.010443 0.329412 0.258824 0.325490
v 0.162184 -0.114172 -0.015450 0.329412 0.262745 0.325490
v 0.163680 -0.113555 -0.020549 0.329412 0.266667 0.329412
v 0.167850 -0.114870 -0.026105 0.329412 0.270588 0.329412
v 0.172612 -0.116619 -0.031957 0.329412 0.274510 0.329412
v 0.178651 -0.119223 -0.038285 0.329412 0.282353 0.329412
v 0.181811 -0.119891 -0.044168 0.329412 0.286275 0.329412
v 0.183482 -0.119572 -0.049714 0.329412 0.294118 0.329412
v 0.185048 -0.119169 -0.055194 0.329412 0.298039 0.329412
v 0.186508 -0.118662 -0.060579 0.329412 0.305882 0.329412
v 0.189911 -0.119325 -0.066559 0.329412 0.309804 0.329412
v 0.271318 -0.168269 -0.101797 0.329412 0.317647 0.329412
v 0.282915 -0.173089 -0.112849 0.329412 0.321569 0.329412
v 0.281491 -0.169782 -0.118634 0.329412 0.325490 0.329412
v 0.281303 -0.167156 -0.124566 0.329412 0.329412 0.329412
v 0.279674 -0.163619 -0.129465 0.325490 0.333333 0.329412
v 0.277960 -0.159999 -0.133880 0.325490 0.337255 0.329412
v 0.276172 -0.156315 -0.137798 0.325490 0.341176 0.329412
v 0.274321 -0.152587 -0.141206 0.325490 0.341176 0.329412
v 0.273713 -0.149543 -0.144780 0.325490 0.345098 0.329412
v 0.273044 -0.146455 -0.147849 0.325490 0.345098 0.329412
v 0.272325 -0.143342 -0.150400 0.321569 0.345098 0.329412
v 0.270934 -0.139891 -0.152064 0.321569 0.349020 0.329412
v 0.269524 -0.136461 -0.153184 0.321569 0.349020 0.329412
v 0.267482 -0.132753 -0.153397 0.317647 0.349020 0.329412
v 0.266074 -0.129403 -0.153417 0.317647 0.349020 0.325490
v 0.264681 -0.126101 -0.152884 0.317647 0.349020 0.325490
v 0.262705 -0.122566 -0.151447 0.313725 0.349020 0.325490
v 0.261381 -0.119377 -0.149816 0.313725 0.349020 0.325490
v 0.260105 -0.116242 -0.147638 0.313725 0.349020 0.325490
v 0.258292 -0.112899 -0.144583 0.309804 0.349020 0.325490
v 0.257149 -0.109874 -0.141334 0.309804 0.349020 0.325490
v 0.255496 -0.106646 -0.137240 0.309804 0.349020 0.325490
v 0.254525 -0.103708 -0.132954 0.305882 0.345098 0.325490
v 0.253653 -0.100800 -0.128159 0.305882 0.345098 0.325490
v 0.252309 -0.097687 -0.122587 0.301961 0.341176 0.325490
v 0.251088 -0.094599 -0.116559 0.301961 0.341176 0.325490
v 0.249996 -0.091528 -0.110095 0.301961 0.337255 0.325490
v 0.248468 -0.088264 -0.102979 0.298039 0.333333 0.325490
v 0.247088 -0.085020 -0.095503 0.298039 0.329412 0.325490
v 0.245290 -0.081608 -0.087495 0.294118 0.321569 0.325490
v 0.243083 -0.078053 -0.079040 0.294118 0.313725 0.325490
v 0.241606 -0.074739 -0.070563 0.294118 0.305882 0.325490
v 0.240858 -0.071662 -0.062047 0.290196 0.298039 0.325490
v 0.239708 -0.068502 -0.053222 0.290196 0.290196 0.325490
v 0.237024 -0.064993 -0.043980 0.290196 0.282353 0.325490
v 0.233935 -0.061516 -0.034724 0.286275 0.274510 0.325490
v 0.231000 -0.058250 -0.025626 0.286275 0.266667 0.325490
v 0.211116 -0.051072 -0.015478 0.286275 0.262745 0.325490
v 0.135777 -0.031536 -0.004863 0.286275 0.258824 0.325490
v 0.136343 -0.030432 0.000180 0.286275 0.258824 0.329412
v 0.137008 -0.029414 0.005190 0.286275 0.258824 0.329412
v 0.138349 -0.028587 0.010194 0.286275 0.262745 0.329412
v 0.139796 -0.027805 0.015174 0.286275 0.266667 0.329412
v 0.140758 -0.026936 0.020033 0.286275 0.270588 0.329412
v 0.142409 -0.026187 0.024905 0.286275 0.278431 0.329412
v 0.144163 -0.025425 0.029714 0.286275 0.286275 0.329412
v 0.146020 -0.024633 0.034447 0.286275 0.294118 0.329412
v 0.147979 -0.023801 0.039091 0.286275 0.301961 0.329412
v 0.149425 -0.022826 0.043452 0.286275 0.309804 0.329412
v 0.151577 -0.021896 0.047855 0.286275 0.313725 0.329412
v 0.153826 -0.020910 0.052125 0.286275 0.321569 0.329412
v 0.156168 -0.019867 0.056244 0.290196 0.325490 0.329412
v 0.157961 -0.018693 0.059954 0.290196 0.329412 0.329412
v 0.160474 -0.017546 0.063709 0.290196 0.333333 0.329412
v 0.163071 -0.016347 0.067266 0.290196 0.337255 0.329412
v 0.165084 -0.015036 0.070325 0.294118 0.337255 0.329412
v 0.167828 -0.013742 0.073424 0.294118 0.341176 0.329412
v 0.169960 -0.012349 0.075975 0.294118 0.341176 0.329412
v 0.172141 -0.010920 0.078249 0.298039 0.341176 0.329412
v 0.175062 -0.009492 0.080560 0.298039 0.345098 0.329412
v 0.177329 -0.007985 0.082261 0.298039 0.345098 0.329412
v 0.179625 -0.006441 0.083660 0.301961 0.345098 0.329412
v 0.181943 -0.004862 0.084751 0.301961 0.345098 0.329412
v 0.184276 -0.003248 0.085531 0.305882 0.345098 0.329412
v 0.187362 -0.001605 0.086340 0.305882 0.345098 0.329412
f 665 575 577
f 519 417 518
f 312 414 311
f 513 414 515
f 513 414 511
f 513 416 515
f 513 511 416
f 513 417 416
f 513 417 511
f 105 3 104
f 22 85 19
f 22 105 85
f 22 3 23
f 22 105 23
f 22 105 85
f 22 107 23
f 22 107 85
f 671 670 665
f 671 670 575
f 516 414 515
f 516 414 518
f 516 416 515
f 516 518 416
f 516 417 416
f 516 417 518
f 210 312 311
f 210 312 211
f 210 309 311
f 210 309 211
f 210 309 308
f 210 309 211
f 522 105 104
f 522 523 518
f 522 519 518
f 522 519 523
f 366 372 371
f 581 583 664
f 689 578 64
f 689 578 664
f 676 675 575
f 676 677 575
f 53 55 54
f 362 366 276
f 401 309 308
f 406 309 405
f 406 309 405
f 406 312 311
f 406 312 405
f 430 513 512
f 409 312 410
f 440 396 395
f 510 531 511
f 510 414 511
f 510 430 414
f 510 511 416
f 510 430 416
f 510 417 511
f 510 430 417
f 510 430 417
f 310 309 211
f 25 26 666
f 25 26 85
f 572 671 670
f 572 665 575
f 572 522 523
f 572 522 666
f 572 518 666
f 539 665 575
f 539 572 575
f 539 572 665
f 539 572 665
f 573 676 677
f 573 676 675
f 573 572 676
f 678 573 575
f 678 573 677
f 678 48 677
f 678 575 577
f 678 677 575
f 678 664 577
f 678 676 677
f 367 366 267
f 367 271 366
f 66 151 67
f 62 61 158
f 580 581 664
f 580 578 664
f 580 581 583
f 580 581 664
f 576 63 64
f 576 578 686
f 576 62 63
f 576 575 577
f 576 62 61
f 576 62 158
f 576 62 63
f 576 578 570
f 576 578 574
f 576 573 574
f 576 572 575
f 576 573 572
f 669 670 665
f 669 670 575
f 669 572 670
f 667 669 689
f 667 665 577
f 667 575 577
f 56 689 55
f 56 158 157
f 56 155 157
f 56 53 155
f 56 53 55
f 56 53 55
f 56 53 48
f 672 671 665
f 672 671 575
f 34 676 677
f 34 676 675
f 34 669 675
f 34 63 64
f 34 68 67
f 34 66 67
f 29 22 30
f 29 701 30
f 29 701 22
f 268 366 267
f 45 155 157
f 45 68 61
f 41 66 61
f 41 46 55
f 37 669 38
f 37 29 28
f 37 38 676
f 37 29 30
f 37 38 676
f 37 38 677
f 685 53 54
f 685 55 54
f 685 56 55
f 685 56 686
f 685 45 46
f 685 62 61
f 685 576 62
f 685 576 686
f 685 578 686
f 685 578 664
f 685 37 38
f 685 34 683
f 685 676 683
f 685 676 683
f 51 685 686
f 51 155 157
f 688 689 55
f 688 56 689
f 688 56 689
f 688 62 689
f 688 62 689
f 688 689 63
f 688 689 578
f 688 37 38
f 688 689 578
f 688 689 664
f 688 34 689
f 688 685 34
f 688 672 671
f 688 671 670
f 688 669 670
f 688 669 689
f 688 685 676
f 688 685 683
f 688 671 670
f 688 669 670
f 688 685 676
f 275 362 366
f 275 362 366
f 275 367 366
f 275 366 276
f 275 367 366
f 275 372 277
f 275 372 274
f 275 372 277
f 275 372 274
f 275 374 277
f 275 374 274
f 275 374 274
f 153 45 155
f 153 51 155
f 153 56 53
f 153 56 155
f 148 56 53
f 154 153 63
f 154 62 63
f 154 153 62
f 154 62 61
f 154 153 62
f 399 398 308
f 399 315 398
f 402 315 312
f 402 315 401
f 402 312 403
f 402 401 312
f 402 309 403
f 402 401 309
f 402 309 308
f 402 401 308
f 402 401 309
f 514 421 513
f 408 309 308
f 408 309 410
f 408 409 410
f 408 406 309
f 408 406 311
f 408 406 309
f 408 312 311
f 408 409 312
f 408 430 406
f 408 409 430
f 408 409 430
f 408 430 406
f 397 398 308
f 411 309 308
f 411 309 410
f 411 312 410
f 411 412 312
f 411 513 410
f 411 412 513
f 411 409 430
f 411 412 513
f 411 510 513
f 411 510 513
f 411 510 412
f 413 312 414
f 413 412 312
f 413 516 414
f 413 513 414
f 413 412 513
f 413 513 414
f 413 412 513
f 413 510 414
f 413 510 412
f 413 510 430
f 272 271 362
f 272 367 271
f 272 271 372
f 272 271 372
f 272 271 374
f 332 397 399
f 453 480 481
f 453 386 481
f 453 480 385
f 453 454 488
f 238 237 181
f 528 514 513
f 418 522 105
f 418 519 417
f 418 519 417
f 418 516 417
f 418 513 417
f 418 430 417
f 418 430 513
f 418 513 417
f 418 516 417
f 313 210 312
f 313 210 312
f 313 312 416
f 313 315 416
f 313 312 414
f 313 315 414
f 313 413 312
f 313 413 315
f 313 413 412
f 313 413 315
f 313 411 412
f 313 411 315
f 313 411 312
f 313 411 315
f 313 409 312
f 313 315 409
f 313 408 409
f 313 408 315
f 313 408 312
f 313 408 315
f 313 406 312
f 313 315 406
f 313 406 312
f 313 315 406
f 313 315 312
f 429 430 512
f 429 510 430
f 429 510 430
f 323 411 412
f 102 107 85
f 102 101 107
f 102 105 85
f 102 105 85
f 87 233 234
f 87 183 234
f 80 87 86
f 637 701 22
f 629 22 3
f 49 678 50
f 49 678 48
f 49 678 48
f 49 685 686
f 49 685 48
f 49 688 48
f 49 688 51
f 49 688 51
f 49 51 54
f 49 53 48
f 49 51 53
f 49 56 48
f 49 56 53
f 49 56 53
f 369 367 366
f 369 366 371
f 369 267 370
f 369 367 267
f 369 271 370
f 369 367 271
f 369 272 271
f 369 272 367
f 369 275 274
f 369 275 367
f 369 367 277
f 369 275 277
f 369 275 367
f 70 71 69
f 70 45 53
f 70 45 68
f 70 37 68
f 70 71 21
f 70 34 68
f 65 63 64
f 65 34 64
f 65 34 66
f 65 148 63
f 65 148 62
f 65 66 151
f 65 62 66
f 65 148 66
f 65 148 62
f 156 62 63
f 156 62 61
f 156 62 63
f 156 158 155
f 156 154 63
f 156 154 63
f 156 61 158
f 156 62 61
f 588 663 664
f 582 581 583
f 582 584 583
f 582 581 664
f 582 584 664
f 579 580 664
f 579 580 578
f 579 578 664
f 579 672 665
f 579 672 664
f 579 582 665
f 579 578 570
f 579 678 664
f 579 580 581
f 579 582 581
f 645 701 646
f 696 66 67
f 696 41 46
f 696 67 69
f 4 701 1
f 4 701 5
f 4 5 22
f 4 105 3
f 4 22 3
f 4 22 105
f 4 105 3
f 4 5 105
f 4 102 101
f 4 102 101
f 4 101 100
f 4 101 5
f 668 667 669
f 668 688 669
f 668 34 35
f 668 34 669
f 668 572 575
f 668 667 575
f 668 669 572
f 668 669 575
f 668 667 575
f 668 37 669
f 668 669 665
f 668 667 665
f 668 667 669
f 673 672 575
f 673 579 678
f 673 579 672
f 673 572 671
f 673 672 671
f 673 672 678
f 673 579 678
f 673 579 672
f 673 685 672
f 700 701 30
f 700 29 701
f 700 66 67
f 700 29 28
f 700 29 701
f 700 68 67
f 700 68 21
f 700 701 22
f 700 701 646
f 680 49 48
f 680 49 50
f 680 51 50
f 680 37 38
f 680 53 366
f 680 53 366
f 680 55 366
f 680 34 683
f 680 37 677
f 680 364 55
f 680 34 677
f 680 678 677
f 680 576 575
f 680 676 683
f 680 678 676
f 680 678 676
f 680 576 577
f 691 49 48
f 691 46 43
f 691 49 51
f 691 51 54
f 691 55 54
f 691 37 38
f 691 55 692
f 691 34 35
f 691 62 61
f 691 62 63
f 691 63 64
f 691 668 30
f 691 64 692
f 691 29 692
f 691 29 30
f 691 29 30
f 691 668 667
f 691 664 692
f 691 665 692
f 691 667 665
f 691 664 665
f 265 158 264
f 265 267 269
f 265 367 366
f 265 266 366
f 265 367 366
f 47 45 48
f 47 53 48
f 47 45 53
f 47 680 45
f 47 53 48
f 47 680 48
f 47 680 45
f 47 56 48
f 47 45 677
f 47 56 55
f 47 46 55
f 47 685 48
f 47 685 46
f 47 678 677
f 47 678 48
f 47 678 48
f 47 56 55
f 47 56 48
f 47 46 55
f 47 696 48
f 47 696 46
f 47 688 48
f 47 688 46
f 47 691 48
f 47 691 46
f 42 148 41
f 42 676 43
f 42 41 676
f 42 676 43
f 42 41 676
f 42 70 68
f 42 70 41
f 42 43 677
f 42 41 677
f 42 68 67
f 42 41 68
f 42 680 43
f 42 680 41
f 42 61 67
f 42 41 61
f 42 685 683
f 42 685 41
f 42 685 43
f 42 685 41
f 42 691 43
f 42 691 41
f 42 41 46
f 42 688 689
f 42 688 41
f 40 148 41
f 40 41 676
f 40 41 676
f 40 41 677
f 40 70 41
f 40 680 41
f 40 41 68
f 40 41 66
f 40 685 41
f 40 62 66
f 40 41 66
f 40 688 41
f 40 691 41
f 684 53 683
f 684 685 53
f 684 683 55
f 684 685 55
f 684 56 683
f 684 685 56
f 684 51 683
f 684 51 685
f 684 56 683
f 684 685 56
f 684 49 683
f 684 49 685
f 684 49 48
f 684 49 685
f 684 47 48
f 684 47 685
f 684 576 683
f 684 47 46
f 684 47 685
f 684 576 62
f 684 685 62
f 684 685 576
f 684 576 683
f 684 685 576
f 684 45 46
f 684 685 45
f 684 685 578
f 684 685 683
f 684 685 578
f 684 685 672
f 684 672 664
f 684 664 665
f 684 685 664
f 684 672 665
f 684 685 672
f 687 53 54
f 687 55 54
f 687 688 55
f 687 56 55
f 687 688 56
f 687 51 686
f 687 688 51
f 687 56 686
f 687 688 56
f 687 49 686
f 687 49 688
f 687 49 48
f 687 49 688
f 687 62 61
f 687 688 62
f 687 47 48
f 687 47 688
f 687 62 63
f 687 688 62
f 687 47 46
f 687 47 688
f 687 63 64
f 687 688 63
f 687 45 46
f 687 688 578
f 687 576 64
f 687 576 578
f 687 576 578
f 687 578 664
f 687 688 578
f 687 42 43
f 687 42 688
f 687 664 665
f 687 688 664
f 687 42 41
f 687 42 688
f 687 672 665
f 687 688 672
f 687 40 688
f 687 685 672
f 687 685 41
f 687 40 685
f 687 673 685
f 687 673 688
f 687 685 37
f 687 688 37
f 687 688 672
f 687 673 672
f 687 673 688
f 32 688 676
f 32 688 676
f 32 668 34
f 32 34 85
f 263 366 264
f 363 263 362
f 363 364 366
f 363 263 366
f 363 263 362
f 363 263 366
f 363 265 362
f 363 265 366
f 363 265 266
f 363 265 362
f 363 266 366
f 363 362 266
f 363 268 366
f 363 268 362
f 363 268 366
f 363 268 362
f 363 271 362
f 152 151 63
f 152 153 63
f 152 154 151
f 152 154 153
f 152 153 62
f 152 153 62
f 400 401 308
f 400 399 308
f 400 401 312
f 400 305 399
f 400 315 312
f 400 399 315
f 400 315 401
f 400 399 401
f 344 238 237
f 594 552 448
f 235 183 234
f 384 453 385
f 384 480 385
f 384 383 480
f 478 480 560
f 477 384 383
f 365 363 362
f 365 363 364
f 365 454 375
f 365 375 372
f 365 453 454
f 434 399 401
f 434 433 399
f 434 402 401
f 434 433 402
f 434 399 435
f 434 433 402
f 331 395 330
f 331 332 395
f 331 396 395
f 331 332 396
f 331 397 396
f 331 332 397
f 331 397 398
f 331 332 397
f 331 332 440
f 331 399 398
f 331 332 399
f 331 400 399
f 331 400 332
f 331 400 402
f 331 400 332
f 334 332 395
f 284 384 285
f 284 384 285
f 452 453 386
f 452 384 453
f 452 384 453
f 452 552 488
f 452 379 451
f 452 453 379
f 452 453 488
f 452 453 454
f 240 284 285
f 348 591 347
f 348 460 591
f 348 452 454
f 348 452 451
f 348 284 285
f 348 384 383
f 348 384 385
f 143 70 69
f 143 70 68
f 143 51 53
f 260 56 158
f 260 363 56
f 260 363 362
f 260 263 266
f 270 357 268
f 270 363 362
f 270 363 271
f 270 271 366
f 270 363 366
f 270 363 271
f 606 646 605
f 606 645 646
f 639 611 640
f 639 611 613
f 639 611 640
f 639 4 1
f 639 4 5
f 639 701 5
f 420 315 210
f 420 210 104
f 420 421 522
f 420 522 625
f 420 421 625
f 420 421 522
f 420 421 519
f 420 418 519
f 420 421 430
f 420 418 430
f 420 418 516
f 420 421 513
f 420 418 513
f 420 421 516
f 420 418 516
f 314 315 210
f 314 313 210
f 314 418 315
f 314 313 418
f 314 315 210
f 314 313 210
f 314 418 315
f 314 313 418
f 314 315 417
f 314 313 417
f 314 313 315
f 404 331 402
f 404 434 402
f 404 434 433
f 404 434 402
f 404 313 315
f 404 313 315
f 404 313 312
f 404 313 312
f 404 312 403
f 404 312 405
f 404 309 403
f 404 309 405
f 404 405 308
f 404 309 308
f 404 309 405
f 520 522 519
f 520 522 519
f 520 420 421
f 520 420 421
f 520 418 519
f 520 420 418
f 520 420 418
f 306 323 307
f 306 305 210
f 306 210 211
f 306 210 308
f 306 305 210
f 306 397 398
f 306 305 397
f 306 399 398
f 306 305 399
f 306 400 399
f 306 400 305
f 306 400 401
f 306 400 305
f 306 408 406
f 306 305 408
f 306 401 308
f 306 305 401
f 306 406 405
f 306 305 406
f 306 405 308
f 306 305 405
f 724 101 210
f 724 102 101
f 721 724 645
f 427 429 409
f 427 404 331
f 427 404 406
f 427 429 512
f 427 429 430
f 78 29 28
f 78 40 70
f 78 28 22
f 78 42 70
f 78 42 70
f 83 86 20
f 633 665 23
f 627 22 23
f 627 629 22
f 627 629 22
f 627 522 625
f 627 522 625
f 627 629 665
f 627 535 625
f 537 535 625
f 537 539 665
f 537 535 665
f 537 539 572
f 537 535 572
f 150 151 63
f 150 148 63
f 150 148 62
f 150 152 151
f 150 152 62
f 150 148 62
f 150 152 62
f 150 164 152
f 150 148 56
f 150 164 152
f 150 153 56
f 150 148 56
f 150 153 56
f 150 153 45
f 150 148 45
f 150 153 51
f 150 148 51
f 150 42 153
f 150 42 148
f 150 42 153
f 150 42 148
f 150 40 153
f 150 40 148
f 341 235 234
f 341 238 342
f 341 238 342
f 341 240 342
f 341 240 285
f 341 240 285
f 382 452 383
f 382 452 453
f 382 284 285
f 382 477 383
f 585 663 664
f 585 584 664
f 661 585 664
f 661 585 664
f 659 645 646
f 659 700 701
f 659 700 646
f 569 579 578
f 569 578 574
f 569 568 578
f 569 568 580
f 569 579 580
f 569 579 568
f 569 477 570
f 569 480 570
f 569 568 480
f 569 478 568
f 569 477 478
f 569 477 478
f 569 480 481
f 569 568 480
f 360 365 453
f 360 365 363
f 360 365 453
f 360 365 363
f 360 365 375
f 360 452 453
f 360 365 372
f 461 360 460
f 461 363 460
f 461 363 460
f 461 365 460
f 461 369 371
f 461 369 460
f 461 460 372
f 461 460 372
f 246 275 274
f 246 275 276
f 376 452 453
f 376 453 454
f 376 284 375
f 18 17 701
f 18 22 19
f 18 701 19
f 18 701 22
f 18 22 85
f 18 17 22
f 18 17 86
f 18 86 20
f 18 87 86
f 18 17 87
f 18 17 87
f 702 18 17
f 702 18 20
f 702 18 701
f 702 721 724
f 702 20 19
f 702 701 19
f 702 645 701
f 702 724 645
f 702 704 21
f 702 4 5
f 702 4 701
f 702 4 701
f 702 71 21
f 702 704 654
f 702 700 701
f 702 71 69
f 702 71 21
f 702 700 21
f 702 659 658
f 702 659 700
f 702 696 69
f 702 658 663
f 702 658 663
f 702 661 658
f 702 661 700
f 702 663 664
f 702 696 664
f 702 68 67
f 644 606 645
f 694 26 666
f 636 4 637
f 636 4 637
f 636 637 5
f 636 4 5
f 636 637 22
f 636 22 665
f 636 633 665
f 636 633 22
f 636 585 637
f 636 585 637
f 674 676 675
f 674 675 575
f 674 673 575
f 674 678 676
f 674 673 678
f 674 676 683
f 674 573 675
f 674 678 676
f 674 685 683
f 674 673 685
f 674 573 572
f 674 673 572
f 674 573 572
f 674 688 685
f 674 673 688
f 674 688 671
f 674 673 688
f 674 671 670
f 699 34 64
f 699 66 64
f 699 700 66
f 699 34 63
f 699 34 63
f 699 700 66
f 699 700 29
f 699 700 68
f 699 702 68
f 699 700 29
f 699 700 68
f 699 702 68
f 699 702 700
f 699 702 663
f 699 702 700
f 699 661 700
f 699 28 22
f 699 700 28
f 699 22 665
f 699 700 22
f 36 680 677
f 36 680 37
f 36 676 677
f 36 37 676
f 36 680 683
f 36 680 37
f 36 676 675
f 36 37 676
f 36 685 683
f 36 685 37
f 36 669 675
f 36 37 669
f 36 687 685
f 36 668 669
f 36 668 37
f 36 687 688
f 36 688 685
f 36 687 688
f 36 688 689
f 36 688 37
f 36 37 29
f 36 37 30
f 36 691 35
f 36 691 37
f 36 70 68
f 36 70 37
f 36 68 67
f 36 66 67
f 36 65 66
f 36 62 63
f 36 65 63
f 36 65 62
f 44 150 153
f 44 150 153
f 44 150 148
f 44 150 148
f 44 676 43
f 44 676 43
f 44 45 676
f 44 43 677
f 44 45 677
f 44 78 70
f 44 78 70
f 44 680 43
f 44 680 45
f 44 70 68
f 44 70 45
f 44 68 67
f 44 45 68
f 44 684 683
f 44 684 45
f 44 61 67
f 44 45 61
f 44 684 685
f 44 684 685
f 44 685 43
f 44 685 45
f 44 687 43
f 44 687 45
f 44 688 689
f 44 688 46
f 44 687 688
f 44 687 45
f 44 687 688
f 682 47 46
f 682 45 46
f 682 47 48
f 682 44 45
f 682 44 680
f 682 49 48
f 682 44 683
f 682 44 680
f 682 49 683
f 682 42 683
f 682 42 680
f 682 51 683
f 682 42 41
f 682 42 680
f 682 40 41
f 682 40 680
f 682 53 683
f 682 683 55
f 682 37 38
f 682 680 37
f 682 680 37
f 682 56 683
f 682 56 683
f 682 363 362
f 682 576 683
f 682 576 683
f 682 684 578
f 682 684 683
f 682 684 578
f 682 684 672
f 682 680 678
f 682 673 672
f 682 674 678
f 682 674 673
f 690 47 46
f 690 47 691
f 690 691 46
f 690 47 48
f 690 47 691
f 690 44 689
f 690 44 46
f 690 44 46
f 690 42 689
f 690 42 691
f 690 49 48
f 690 691 49
f 690 42 41
f 690 42 691
f 690 49 51
f 690 691 49
f 690 40 41
f 690 40 691
f 690 689 55
f 690 691 55
f 690 37 38
f 690 691 37
f 690 689 55
f 690 691 55
f 690 36 37
f 690 36 691
f 690 36 689
f 690 36 691
f 690 62 689
f 690 691 62
f 690 34 689
f 690 691 34
f 690 62 689
f 690 691 62
f 690 689 63
f 690 691 63
f 690 689 64
f 690 691 64
f 690 691 668
f 690 689 664
f 690 691 664
f 690 668 667
f 690 691 668
f 690 689 664
f 690 691 664
f 690 667 689
f 690 691 667
f 39 150 153
f 39 150 40
f 39 150 148
f 39 150 40
f 39 38 676
f 39 40 676
f 39 148 38
f 39 40 148
f 39 38 676
f 39 40 676
f 39 38 677
f 39 40 677
f 39 680 38
f 39 40 680
f 39 70 68
f 39 40 70
f 39 682 680
f 39 682 40
f 39 40 68
f 39 682 38
f 39 682 40
f 39 37 68
f 39 40 66
f 39 685 38
f 39 40 685
f 39 36 68
f 39 36 37
f 39 36 66
f 39 687 685
f 39 687 40
f 39 36 694
f 39 36 65
f 39 687 688
f 39 687 40
f 39 65 62
f 39 40 62
f 39 36 65
f 39 688 38
f 39 40 688
f 39 691 38
f 39 40 691
f 39 40 62
f 39 36 62
f 39 36 40
f 39 690 38
f 39 690 40
f 39 690 691
f 39 690 40
f 59 42 46
f 59 70 45
f 59 143 70
f 59 684 683
f 52 687 53
f 52 687 688
f 52 687 688
f 52 49 53
f 52 49 51
f 52 49 51
f 52 688 689
f 52 688 51
f 52 687 53
f 52 687 51
f 52 690 689
f 52 690 51
f 52 685 53
f 52 51 685
f 52 691 51
f 52 690 691
f 52 690 691
f 52 684 685
f 52 684 51
f 52 684 53
f 52 684 51
f 52 682 53
f 52 682 51
f 52 680 53
f 52 680 51
f 52 53 366
f 52 53 366
f 52 53 157
f 52 53 155
f 52 51 155
f 52 153 53
f 52 153 51
f 52 150 153
f 52 150 153
f 52 150 148
f 52 150 148
f 52 143 51
f 33 34 676
f 33 32 676
f 33 34 676
f 33 32 676
f 33 680 683
f 33 680 34
f 33 680 34
f 33 688 683
f 33 32 688
f 33 685 34
f 33 34 669
f 33 32 669
f 33 688 685
f 33 688 685
f 33 668 34
f 33 32 668
f 33 32 668
f 33 688 34
f 33 32 688
f 33 690 34
f 33 690 32
f 33 690 691
f 33 690 32
f 33 691 34
f 33 32 691
f 33 699 34
f 33 32 700
f 33 699 700
f 33 699 32
f 33 68 67
f 33 34 68
f 33 68 21
f 33 66 67
f 33 34 66
f 33 70 21
f 33 32 70
f 33 70 68
f 33 70 34
f 33 66 64
f 33 34 64
f 33 74 70
f 33 74 32
f 33 65 66
f 33 65 34
f 33 65 34
f 31 688 669
f 31 32 669
f 31 32 688
f 31 668 688
f 31 32 668
f 31 668 688
f 31 32 688
f 31 668 30
f 31 32 668
f 31 690 668
f 31 690 668
f 31 690 32
f 31 690 691
f 31 690 32
f 31 34 35
f 31 32 34
f 31 32 34
f 31 32 85
f 31 691 30
f 31 32 691
f 31 36 85
f 31 36 30
f 31 36 30
f 31 74 30
f 31 74 32
f 31 699 700
f 31 699 32
f 31 700 30
f 31 32 700
f 468 682 362
f 468 682 363
f 468 680 364
f 468 372 371
f 558 478 460
f 555 585 556
f 555 491 556
f 555 485 556
f 555 452 451
f 555 452 556
f 555 452 454
f 555 452 556
f 345 344 238
f 345 452 344
f 345 344 238
f 345 240 238
f 345 240 344
f 345 452 344
f 345 284 344
f 345 344 386
f 345 344 289
f 592 345 344
f 592 345 344
f 592 555 556
f 592 555 591
f 343 344 237
f 343 341 594
f 343 238 342
f 343 344 238
f 343 341 342
f 343 238 342
f 343 344 238
f 343 452 344
f 343 240 342
f 343 240 344
f 343 452 344
f 343 344 342
f 343 284 344
f 343 344 342
f 449 594 451
f 449 594 448
f 449 552 448
f 449 341 594
f 449 341 594
f 449 552 448
f 449 341 342
f 449 341 448
f 449 343 342
f 449 343 448
f 449 550 448
f 449 343 344
f 449 345 344
f 449 448 386
f 449 348 448
f 449 384 448
f 449 384 448
f 449 382 448
f 182 235 183
f 182 87 181
f 182 87 183
f 182 238 237
f 182 238 183
f 182 238 181
f 182 238 183
f 182 240 181
f 182 240 183
f 710 331 605
f 710 331 605
f 710 644 606
f 333 334 233
f 333 296 334
f 333 400 332
f 333 400 332
f 333 334 400
f 333 332 397
f 333 334 397
f 333 332 397
f 333 334 397
f 333 332 396
f 333 334 396
f 333 334 332
f 438 397 399
f 438 397 396
f 438 491 440
f 294 296 331
f 294 331 332
f 304 306 323
f 273 362 366
f 273 272 362
f 273 367 366
f 273 272 367
f 273 369 367
f 273 369 272
f 273 369 274
f 273 369 272
f 273 374 274
f 273 272 374
f 273 372 274
f 273 272 372
f 273 372 274
f 273 272 372
f 288 289 233
f 288 235 289
f 288 287 235
f 288 287 237
f 288 341 342
f 288 341 287
f 288 343 342
f 288 343 287
f 288 343 344
f 288 343 287
f 288 284 285
f 288 345 344
f 288 345 287
f 288 289 386
f 288 384 289
f 288 287 384
f 288 384 383
f 288 348 383
f 288 348 287
f 288 287 384
f 288 382 287
f 288 382 348
f 288 382 348
f 286 287 235
f 286 238 237
f 286 287 238
f 286 341 285
f 286 288 287
f 286 341 285
f 286 341 287
f 286 343 285
f 286 343 287
f 286 343 344
f 286 343 287
f 286 345 344
f 286 345 287
f 286 348 285
f 286 348 287
f 286 285 379
f 286 382 285
f 286 382 287
f 286 384 285
f 286 287 384
f 286 384 285
f 286 287 384
f 278 367 366
f 278 367 277
f 278 372 277
f 278 372 277
f 278 374 277
f 278 382 383
f 482 558 460
f 482 569 568
f 561 482 560
f 561 482 562
f 561 480 560
f 561 562 480
f 561 478 480
f 561 478 562
f 561 461 460
f 561 461 562
f 563 561 485
f 563 561 585
f 563 482 564
f 563 482 562
f 563 564 480
f 563 562 480
f 563 556 584
f 563 585 556
f 563 584 564
f 563 478 562
f 563 564 480
f 563 478 480
f 563 478 564
f 243 348 242
f 243 177 242
f 243 345 344
f 241 348 242
f 241 240 347
f 241 348 347
f 241 348 242
f 241 345 344
f 241 345 240
f 241 177 242
f 241 177 240
f 241 343 344
f 241 343 240
f 241 182 240
f 587 588 664
f 587 588 663
f 587 561 562
f 587 563 461
f 587 588 663
f 587 561 588
f 587 562 588
f 587 461 588
f 587 461 562
f 587 661 588
f 587 659 645
f 587 555 556
f 587 555 585
f 587 550 588
f 587 585 550
f 590 348 591
f 590 591 663
f 590 348 460
f 590 658 663
f 590 658 591
f 590 661 658
f 590 460 591
f 590 561 460
f 590 555 556
f 590 555 591
f 167 148 153
f 167 150 148
f 162 578 64
f 162 66 64
f 162 66 151
f 162 152 154
f 259 260 158
f 259 260 362
f 259 268 267
f 259 258 268
f 259 267 269
f 259 268 266
f 259 258 268
f 259 265 267
f 259 260 265
f 259 265 266
f 259 260 265
f 259 263 258
f 259 260 263
f 259 260 263
f 261 363 56
f 261 260 363
f 261 56 55
f 261 363 364
f 261 56 158
f 261 260 56
f 261 363 364
f 261 55 54
f 261 158 157
f 261 364 366
f 261 364 55
f 261 363 362
f 261 260 363
f 261 53 157
f 261 53 54
f 261 55 366
f 261 53 366
f 261 53 366
f 261 263 264
f 261 260 263
f 261 265 264
f 261 260 265
f 261 265 266
f 261 260 266
f 261 260 265
f 446 550 448
f 446 552 597
f 446 552 448
f 446 341 448
f 446 343 448
f 446 386 385
f 446 348 385
f 446 348 384
f 638 639 613
f 638 639 611
f 638 585 611
f 638 585 637
f 638 639 611
f 638 585 611
f 638 4 637
f 638 639 4
f 638 585 665
f 638 585 637
f 638 4 637
f 638 639 4
f 638 701 665
f 638 639 701
f 638 637 701
f 638 637 5
f 638 637 701
f 638 639 701
f 610 611 640
f 610 608 642
f 610 642 640
f 610 611 640
f 524 627 625
f 524 627 629
f 524 572 523
f 524 518 515
f 524 523 518
f 524 516 518
f 524 520 525
f 419 418 315
f 419 420 315
f 419 418 105
f 419 105 104
f 419 420 104
f 419 418 522
f 419 522 105
f 419 420 522
f 419 418 522
f 419 420 522
f 419 420 418
f 419 323 416
f 419 430 416
f 419 430 417
f 419 418 430
f 419 420 418
f 419 420 421
f 419 430 414
f 419 413 430
f 419 413 412
f 329 404 406
f 329 427 404
f 329 427 404
f 329 404 402
f 329 400 402
f 329 400 399
f 329 399 398
f 329 397 398
f 329 397 396
f 329 396 395
f 329 395 330
f 319 411 409
f 319 310 309
f 319 419 418
f 319 419 420
f 319 724 210
f 727 639 640
f 616 638 635
f 616 427 323
f 720 12 87
f 720 721 637
f 720 638 721
f 720 638 721
f 720 721 642
f 720 721 639
f 720 721 640
f 9 22 105
f 9 22 85
f 9 102 100
f 526 427 525
f 526 524 525
f 526 524 627
f 526 524 627
f 526 525 528
f 526 524 516
f 526 524 525
f 526 514 516
f 526 525 514
f 428 512 511
f 428 427 512
f 428 427 429
f 428 528 514
f 428 427 514
f 428 404 434
f 428 510 511
f 428 429 510
f 428 429 510
f 428 427 525
f 428 404 402
f 428 404 434
f 428 616 427
f 428 404 331
f 428 427 404
f 428 404 433
f 428 427 404
f 428 427 520
f 428 427 406
f 428 427 429
f 428 333 400
f 428 333 332
f 428 331 332
f 428 427 331
f 428 329 606
f 428 329 427
f 223 329 226
f 223 331 226
f 88 87 233
f 88 87 704
f 216 215 296
f 216 329 92
f 216 304 217
f 216 304 215
f 216 306 217
f 216 215 306
f 216 306 217
f 216 215 306
f 216 217 307
f 216 215 307
f 216 314 217
f 216 215 314
f 216 217 309
f 216 215 309
f 216 217 313
f 216 215 313
f 216 217 310
f 216 215 310
f 216 215 312
f 216 215 310
f 216 310 312
f 216 217 310
f 214 304 215
f 214 215 306
f 214 215 306
f 214 215 307
f 214 215 309
f 214 215 314
f 214 215 310
f 214 215 314
f 214 215 310
f 214 215 313
f 214 215 312
f 79 78 80
f 79 87 75
f 79 75 21
f 79 87 704
f 79 704 21
f 79 80 20
f 79 80 87
f 540 539 665
f 540 582 665
f 540 539 613
f 540 428 610
f 441 494 495
f 441 494 495
f 441 332 440
f 441 333 332
f 441 333 334
f 441 333 334
f 441 440 395
f 441 440 338
f 630 629 3
f 630 629 22
f 630 4 22
f 630 629 22
f 630 633 22
f 630 629 23
f 630 633 23
f 630 629 665
f 630 633 665
f 630 633 629
f 634 4 3
f 634 633 3
f 634 633 4
f 634 636 4
f 634 633 4
f 634 636 4
f 634 636 633
f 634 727 636
f 634 720 721
f 534 428 616
f 533 535 665
f 533 627 665
f 533 627 535
f 533 627 531
f 533 627 535
f 533 535 572
f 533 627 625
f 571 537 535
f 571 533 535
f 571 537 539
f 571 537 568
f 571 539 572
f 571 540 539
f 571 569 537
f 571 569 579
f 571 569 579
f 571 579 570
f 571 510 513
f 571 576 570
f 571 576 572
f 571 542 582
f 571 545 542
f 571 579 582
f 571 518 515
f 571 572 518
f 571 572 518
f 571 524 523
f 571 524 572
f 571 576 573
f 571 480 481
f 571 572 480
f 571 522 523
f 571 572 522
f 571 572 522
f 571 573 574
f 571 576 574
f 571 576 573
f 571 480 570
f 571 572 480
f 571 477 570
f 571 477 572
f 432 428 429
f 432 402 401
f 432 433 402
f 432 433 402
f 432 404 433
f 432 428 406
f 432 428 433
f 432 404 405
f 432 404 406
f 432 404 433
f 72 70 71
f 72 71 21
f 72 32 70
f 72 74 32
f 72 74 32
f 595 656 594
f 595 597 338
f 595 446 597
f 595 446 448
f 595 594 552
f 595 590 659
f 595 446 552
f 595 446 552
f 595 590 658
f 595 592 658
f 655 656 597
f 655 702 654
f 655 702 656
f 602 645 597
f 602 652 650
f 651 652 658
f 651 659 658
f 651 659 650
f 651 702 650
f 651 702 652
f 651 710 702
f 653 600 654
f 653 704 654
f 653 652 704
f 653 651 652
f 653 651 652
f 653 652 658
f 653 702 658
f 653 702 652
f 660 659 645
f 660 661 585
f 660 587 585
f 660 587 659
f 660 587 661
f 660 659 700
f 660 699 700
f 660 699 661
f 660 587 661
f 660 587 659
f 660 702 661
f 660 702 659
f 660 702 661
f 660 702 659
f 660 590 661
f 660 590 659
f 359 259 360
f 359 461 360
f 359 259 360
f 359 261 360
f 359 357 453
f 359 360 453
f 359 261 360
f 359 452 357
f 359 360 452
f 359 360 263
f 359 452 357
f 359 360 452
f 359 360 263
f 359 360 375
f 359 360 265
f 359 360 372
f 359 360 265
f 359 360 266
f 359 360 268
f 359 360 268
f 359 360 270
f 359 360 270
f 359 360 272
f 359 273 360
f 353 449 379
f 377 452 379
f 377 376 452
f 377 452 453
f 377 376 452
f 377 376 453
f 377 278 374
f 377 374 274
f 377 273 374
f 377 273 272
f 16 87 717
f 16 702 17
f 16 87 86
f 16 17 87
f 16 17 701
f 16 86 15
f 16 17 86
f 16 17 22
f 13 12 86
f 13 87 86
f 13 12 87
f 13 12 87
f 607 644 606
f 607 710 644
f 607 428 542
f 697 696 63
f 697 696 66
f 697 696 62
f 697 696 66
f 697 696 67
f 697 702 67
f 697 702 696
f 697 702 663
f 697 702 696
f 697 36 696
f 697 59 40
f 697 696 34
f 697 39 40
f 697 39 36
f 697 39 36
f 697 40 41
f 697 40 696
f 697 661 664
f 697 33 696
f 697 41 55
f 697 696 55
f 697 696 41
f 697 696 664
f 697 661 664
f 697 33 32
f 697 31 32
f 697 694 665
f 697 31 696
f 697 25 24
f 697 25 26
f 697 694 26
f 697 694 26
f 697 694 29
f 697 694 28
f 693 36 37
f 693 36 694
f 693 37 38
f 693 36 35
f 693 36 694
f 693 39 38
f 693 39 37
f 693 39 694
f 693 34 35
f 693 694 34
f 693 39 40
f 693 39 694
f 693 33 34
f 693 33 694
f 693 40 41
f 693 694 40
f 693 33 32
f 693 33 694
f 693 42 41
f 693 694 42
f 693 31 32
f 693 31 694
f 693 694 42
f 693 31 30
f 693 31 694
f 693 46 43
f 693 42 43
f 693 42 46
f 693 47 46
f 693 694 47
f 693 29 30
f 693 694 29
f 693 47 48
f 693 694 47
f 693 694 29
f 693 49 48
f 693 694 49
f 693 29 692
f 693 29 28
f 693 49 54
f 693 694 49
f 693 665 692
f 693 694 665
f 693 28 666
f 693 694 666
f 693 694 28
f 693 55 54
f 693 694 55
f 693 664 665
f 693 694 664
f 693 55 692
f 693 694 55
f 693 664 692
f 693 694 664
f 693 64 692
f 693 694 64
f 693 63 64
f 693 694 63
f 693 62 61
f 693 694 62
f 693 62 63
f 693 694 62
f 695 36 696
f 695 36 694
f 695 696 34
f 695 694 34
f 695 39 36
f 695 39 36
f 695 33 696
f 695 33 694
f 695 39 40
f 695 39 694
f 695 33 32
f 695 33 694
f 695 40 696
f 695 694 40
f 695 31 32
f 695 31 694
f 695 694 42
f 695 31 696
f 695 31 694
f 695 696 41
f 695 42 41
f 695 694 42
f 695 694 29
f 695 47 696
f 695 694 47
f 695 697 29
f 695 697 696
f 695 697 694
f 695 47 696
f 695 694 47
f 695 697 696
f 695 697 694
f 695 694 49
f 695 696 664
f 695 694 664
f 695 49 48
f 695 696 48
f 695 694 49
f 695 696 664
f 695 694 664
f 695 696 55
f 695 694 55
f 695 694 64
f 695 694 55
f 695 66 64
f 695 696 66
f 695 696 66
f 695 696 63
f 695 694 63
f 695 696 62
f 695 694 62
f 695 694 62
f 681 47 680
f 681 682 47
f 681 680 45
f 681 682 45
f 681 682 680
f 681 47 680
f 681 682 47
f 681 680 49
f 681 682 49
f 681 680 49
f 681 682 49
f 681 680 51
f 681 682 51
f 681 52 680
f 681 52 682
f 681 52 680
f 681 52 682
f 681 680 53
f 681 682 53
f 681 680 55
f 681 682 55
f 681 682 56
f 681 363 56
f 681 680 364
f 681 363 364
f 681 363 56
f 681 682 56
f 681 682 363
f 681 468 682
f 681 468 680
f 681 468 363
f 681 468 680
f 681 468 682
f 681 680 576
f 681 682 576
f 681 680 576
f 681 682 576
f 681 664 577
f 681 680 577
f 681 578 664
f 681 682 578
f 681 682 578
f 681 678 664
f 681 680 678
f 681 682 680
f 681 672 678
f 681 684 672
f 681 682 684
f 681 682 684
f 681 673 672
f 681 682 673
f 681 674 673
f 681 682 674
f 681 682 674
f 58 40 41
f 58 59 40
f 58 59 40
f 58 42 41
f 58 59 42
f 58 46 55
f 58 42 46
f 58 59 42
f 58 695 55
f 58 695 696
f 58 695 59
f 58 697 696
f 58 697 59
f 58 697 59
f 58 47 46
f 58 695 694
f 58 695 59
f 58 47 53
f 58 47 45
f 58 59 45
f 58 693 694
f 58 693 59
f 58 59 143
f 58 47 45
f 58 59 45
f 58 693 692
f 58 693 59
f 58 691 692
f 58 59 691
f 58 150 148
f 58 59 150
f 58 690 691
f 58 59 690
f 58 150 153
f 58 690 689
f 58 59 690
f 58 153 155
f 58 59 153
f 58 150 152
f 58 59 152
f 58 59 150
f 58 688 689
f 58 59 688
f 58 59 156
f 58 687 688
f 58 59 687
f 58 155 157
f 58 156 155
f 58 59 156
f 58 687 686
f 58 59 687
f 58 158 157
f 58 59 158
f 58 685 686
f 58 59 685
f 58 684 685
f 58 59 684
f 58 259 158
f 58 259 362
f 58 259 362
f 58 59 158
f 58 684 683
f 58 59 684
f 58 682 362
f 58 682 362
f 58 682 683
f 58 682 683
f 58 59 683
f 467 468 574
f 467 468 362
f 467 359 360
f 467 468 363
f 467 468 363
f 467 365 364
f 467 468 364
f 467 468 367
f 467 468 573
f 467 571 573
f 467 468 573
f 467 571 573
f 467 571 468
f 470 573 575
f 470 573 574
f 470 680 575
f 470 678 573
f 470 678 366
f 470 678 573
f 470 468 369
f 470 468 372
f 470 468 372
f 470 468 374
f 470 376 375
f 470 468 375
f 470 468 376
f 470 377 468
f 470 468 379
f 84 18 86
f 84 18 85
f 84 83 86
f 84 18 86
f 84 85 19
f 84 20 19
f 84 83 20
f 84 83 20
f 84 22 85
f 84 83 22
f 84 78 143
f 84 31 30
f 84 31 78
f 84 29 30
f 84 78 29
f 84 78 70
f 84 31 32
f 84 31 78
f 84 29 28
f 84 78 29
f 84 25 26
f 84 25 22
f 84 26 85
f 84 78 22
f 84 70 45
f 84 143 45
f 84 70 53
f 84 143 53
f 84 143 70
f 84 44 45
f 84 44 78
f 84 33 78
f 84 28 85
f 84 25 85
f 84 25 22
f 84 44 43
f 84 44 78
f 84 32 34
f 84 33 32
f 84 33 78
f 84 28 26
f 84 78 28
f 84 85 24
f 84 22 24
f 84 22 85
f 84 42 43
f 84 78 42
f 84 34 85
f 84 78 34
f 84 42 41
f 84 78 42
f 84 36 85
f 84 36 78
f 84 40 41
f 84 78 40
f 84 36 37
f 84 36 78
f 84 39 40
f 84 39 78
f 84 37 38
f 84 78 37
f 84 39 38
f 84 39 78
f 81 80 86
f 81 80 20
f 81 78 80
f 559 478 560
f 559 558 478
f 559 482 560
f 559 482 558
f 559 558 478
f 559 461 460
f 559 461 478
f 559 461 478
f 559 590 591
f 559 590 558
f 559 592 454
f 559 592 558
f 559 592 558
f 559 587 588
f 559 587 558
f 559 558 585
f 486 563 561
f 486 561 485
f 486 563 485
f 486 559 485
f 486 559 558
f 486 485 452
f 486 485 452
f 489 491 556
f 489 563 556
f 489 555 556
f 489 555 491
f 489 555 488
f 489 486 569
f 489 486 396
f 489 486 569
f 489 441 491
f 489 440 396
f 489 491 440
f 489 486 396
f 489 571 569
f 489 486 571
f 493 489 569
f 493 489 571
f 493 489 396
f 493 489 491
f 493 434 435
f 493 434 494
f 493 438 396
f 493 438 491
f 493 434 399
f 493 438 494
f 493 438 491
f 493 399 401
f 493 441 494
f 493 434 433
f 493 434 494
f 493 441 494
f 493 441 491
f 493 433 399
f 493 432 433
f 493 432 494
f 346 592 345
f 346 345 238
f 346 591 347
f 346 592 591
f 346 592 345
f 346 240 347
f 346 240 238
f 346 345 240
f 346 452 454
f 346 345 452
f 346 241 240
f 346 241 345
f 346 452 451
f 346 345 452
f 346 241 242
f 346 241 345
f 346 243 242
f 346 243 345
f 346 449 448
f 346 449 345
f 346 446 386
f 346 386 385
f 346 345 386
f 346 284 285
f 346 345 284
f 346 384 385
f 346 286 285
f 346 286 345
f 346 384 289
f 346 345 289
f 346 286 287
f 346 286 345
f 346 288 384
f 346 288 384
f 346 288 345
f 346 288 287
f 346 288 345
f 593 592 344
f 593 343 344
f 593 343 594
f 593 592 344
f 593 343 344
f 593 656 594
f 593 592 656
f 593 343 452
f 593 341 594
f 593 343 341
f 593 343 341
f 593 343 452
f 593 558 452
f 593 592 558
f 593 595 594
f 593 595 592
f 593 594 451
f 593 555 451
f 593 555 556
f 593 592 555
f 593 592 555
f 593 452 556
f 236 343 342
f 236 341 342
f 236 343 237
f 236 343 341
f 236 182 235
f 236 341 235
f 236 343 341
f 236 237 181
f 236 182 181
f 236 182 237
f 236 182 183
f 236 182 235
f 236 288 237
f 236 288 235
f 236 288 287
f 236 288 287
f 236 286 237
f 236 286 285
f 236 286 287
f 236 286 287
f 450 552 451
f 450 449 451
f 450 449 552
f 450 552 451
f 450 449 552
f 450 489 449
f 450 486 485
f 450 449 386
f 450 485 452
f 450 452 386
f 450 449 384
f 450 452 384
f 450 449 384
f 450 452 383
f 450 452 384
f 450 382 383
f 450 449 382
f 450 379 451
f 450 449 379
f 450 353 449
f 450 348 451
f 450 449 348
f 450 346 451
f 450 346 449
f 450 346 345
f 450 346 449
f 450 345 344
f 450 449 345
f 450 343 344
f 450 449 343
f 450 449 343
f 707 651 652
f 707 653 702
f 335 334 235
f 335 336 235
f 335 334 233
f 335 336 233
f 335 334 395
f 335 336 395
f 335 336 397
f 335 397 396
f 335 334 396
f 335 334 397
f 335 334 397
f 335 438 397
f 335 438 336
f 335 333 334
f 335 441 334
f 335 441 336
f 335 334 400
f 335 438 400
f 335 441 334
f 335 441 336
f 599 600 704
f 599 600 654
f 599 653 600
f 599 602 600
f 599 653 600
f 599 602 600
f 599 651 600
f 599 651 600
f 227 194 241
f 227 288 229
f 227 288 229
f 227 304 323
f 439 333 334
f 439 438 333
f 439 335 334
f 439 335 438
f 439 333 332
f 439 438 333
f 439 335 336
f 439 335 438
f 439 331 332
f 439 438 331
f 439 438 336
f 439 438 331
f 439 438 440
f 439 438 397
f 439 331 605
f 439 440 396
f 439 397 396
f 439 605 440
f 439 331 440
f 439 331 605
f 439 329 605
f 439 329 438
f 439 329 438
f 439 494 495
f 439 438 494
f 439 438 494
f 500 434 499
f 500 439 438
f 500 439 542
f 500 430 405
f 295 296 331
f 295 294 331
f 295 294 296
f 295 333 296
f 295 294 333
f 295 333 296
f 295 294 333
f 295 335 296
f 295 335 294
f 295 296 396
f 295 216 217
f 295 216 296
f 295 216 296
f 293 333 332
f 293 294 332
f 293 294 333
f 293 333 233
f 293 294 333
f 293 335 294
f 293 227 294
f 390 293 295
f 557 452 556
f 557 558 452
f 557 593 452
f 557 593 558
f 557 486 485
f 557 486 558
f 557 593 592
f 557 593 592
f 557 592 556
f 557 592 558
f 557 486 561
f 557 590 556
f 557 590 558
f 557 563 585
f 557 563 561
f 557 558 585
f 557 561 585
f 557 559 558
f 557 486 559
f 557 486 559
f 557 587 556
f 557 587 558
f 557 489 556
f 557 489 563
f 483 482 453
f 483 453 386
f 483 452 453
f 483 571 572
f 483 571 481
f 483 569 481
f 483 482 569
f 483 482 569
f 483 563 482
f 483 563 482
f 483 561 482
f 483 561 482
f 483 559 482
f 483 559 482
f 483 557 558
f 483 557 482
f 483 482 485
f 483 557 485
f 483 557 482
f 172 143 171
f 172 259 260
f 172 259 260
f 172 261 169
f 172 261 260
f 172 261 260
f 174 171 245
f 174 171 142
f 179 238 181
f 179 87 181
f 281 227 241
f 281 382 284
f 281 284 384
f 586 583 664
f 586 587 664
f 586 563 461
f 586 587 563
f 586 584 583
f 586 585 584
f 586 585 663
f 586 587 663
f 586 563 584
f 586 563 585
f 586 585 663
f 586 587 663
f 586 563 585
f 586 587 563
f 586 661 585
f 586 587 661
f 586 587 661
f 586 561 585
f 586 587 561
f 586 561 585
f 586 587 561
f 586 559 585
f 586 559 587
f 586 559 558
f 586 559 587
f 586 557 558
f 586 557 587
f 586 587 585
f 586 557 585
f 586 557 587
f 553 587 585
f 553 587 588
f 553 587 555
f 553 555 585
f 553 555 588
f 553 587 555
f 553 489 555
f 553 489 555
f 553 491 550
f 553 489 488
f 553 585 550
f 553 585 550
f 553 555 582
f 553 555 491
f 553 452 488
f 553 452 552
f 553 594 552
f 553 595 594
f 553 590 591
f 553 595 590
f 553 493 491
f 553 552 451
f 553 452 451
f 553 452 552
f 553 593 594
f 553 593 595
f 553 592 591
f 553 595 592
f 553 593 592
f 553 593 595
f 589 588 663
f 589 590 663
f 589 588 663
f 589 590 663
f 589 461 588
f 589 562 588
f 589 661 588
f 589 590 661
f 589 561 562
f 589 590 561
f 589 561 562
f 589 660 661
f 589 660 590
f 589 561 588
f 589 590 561
f 589 660 659
f 589 660 590
f 589 559 588
f 589 559 590
f 589 559 558
f 589 559 590
f 589 557 558
f 589 557 590
f 589 659 645
f 589 659 645
f 589 553 588
f 589 557 556
f 589 557 590
f 589 602 645
f 589 550 588
f 589 602 550
f 589 553 588
f 589 553 590
f 589 555 556
f 589 590 555
f 589 607 602
f 589 555 588
f 589 590 555
f 168 169 578
f 168 167 578
f 168 353 169
f 168 353 167
f 168 172 169
f 168 172 194
f 168 172 194
f 168 167 148
f 168 194 148
f 168 194 167
f 168 261 169
f 168 261 167
f 168 167 265
f 168 259 260
f 168 259 167
f 168 261 260
f 168 261 167
f 166 167 578
f 166 353 576
f 166 353 167
f 166 167 150
f 166 167 150
f 166 167 153
f 166 259 167
f 166 259 167
f 166 261 167
f 166 261 167
f 166 167 265
f 163 164 578
f 163 162 578
f 163 164 151
f 163 162 151
f 163 164 576
f 163 162 576
f 163 164 152
f 163 162 152
f 163 164 152
f 163 259 164
f 160 576 578
f 160 162 578
f 160 162 576
f 160 576 63
f 160 156 63
f 160 156 154
f 160 576 63
f 160 156 63
f 160 154 151
f 160 66 151
f 160 162 66
f 160 162 66
f 160 152 154
f 160 162 152
f 160 162 152
f 160 576 574
f 160 576 158
f 160 357 576
f 160 360 574
f 160 359 360
f 159 265 158
f 159 261 158
f 159 261 260
f 159 259 260
f 159 158 155
f 159 156 158
f 159 160 156
f 159 259 258
f 159 156 154
f 159 160 156
f 159 360 158
f 159 160 158
f 159 160 360
f 444 335 336
f 444 599 336
f 447 489 449
f 447 448 386
f 447 446 386
f 447 449 448
f 447 384 448
f 447 446 384
f 447 446 348
f 447 384 448
f 447 348 448
f 447 446 348
f 447 346 448
f 447 346 446
f 447 346 345
f 447 346 446
f 447 345 344
f 447 446 345
f 447 343 344
f 447 446 343
f 447 446 343
f 715 610 608
f 715 610 717
f 715 639 640
f 715 638 639
f 715 638 635
f 715 88 87
f 715 616 635
f 715 17 87
f 715 16 702
f 715 16 17
f 609 610 642
f 609 610 611
f 609 610 608
f 609 587 550
f 609 607 644
f 609 607 644
f 609 545 610
f 609 602 645
f 609 607 602
f 609 610 542
f 609 589 550
f 609 589 607
f 609 589 602
f 609 589 607
f 517 524 525
f 517 524 520
f 517 428 520
f 517 524 516
f 517 525 514
f 517 428 427
f 517 427 514
f 517 428 427
f 517 525 528
f 517 428 528
f 517 428 525
f 517 519 523
f 517 524 523
f 517 520 519
f 517 524 520
f 517 420 516
f 517 420 421
f 517 420 421
f 328 329 406
f 328 329 404
f 328 329 404
f 328 329 427
f 328 400 402
f 328 329 400
f 328 428 329
f 328 329 400
f 328 329 399
f 328 329 397
f 328 428 329
f 328 607 428
f 328 329 397
f 328 216 329
f 328 329 92
f 328 214 92
f 328 329 606
f 328 329 396
f 297 329 296
f 297 227 296
f 297 296 331
f 297 296 331
f 297 296 396
f 297 216 296
f 297 296 334
f 297 216 215
f 297 215 296
f 297 214 215
f 300 329 395
f 300 329 330
f 317 314 313
f 317 313 310
f 317 310 312
f 321 397 308
f 728 420 421
f 728 420 421
f 728 420 210
f 728 727 210
f 728 727 102
f 728 727 101
f 103 727 210
f 103 210 104
f 103 102 210
f 103 728 727
f 103 728 727
f 103 101 105
f 103 102 105
f 103 3 104
f 103 101 105
f 103 102 105
f 103 102 101
f 103 4 3
f 103 4 102
f 103 4 5
f 103 4 102
f 103 102 85
f 103 9 85
f 103 9 102
f 614 638 613
f 614 616 638
f 614 616 638
f 614 638 637
f 614 638 637
f 614 428 616
f 614 540 539
f 614 636 637
f 614 636 637
f 614 636 585
f 614 636 585
f 614 545 585
f 718 616 717
f 718 616 323
f 718 720 616
f 718 88 87
f 718 88 720
f 718 87 717
f 718 720 87
f 718 720 12
f 718 13 702
f 718 645 717
f 718 644 645
f 718 638 717
f 718 638 637
f 718 638 639
f 718 639 717
f 718 642 640
f 718 717 642
f 8 702 721
f 8 9 702
f 8 9 22
f 8 9 105
f 8 98 9
f 8 103 9
f 8 9 102
f 8 103 9
f 10 9 702
f 10 8 9
f 10 88 12
f 10 9 100
f 10 98 100
f 10 98 9
f 527 526 627
f 527 622 526
f 527 526 627
f 527 526 524
f 527 528 514
f 527 526 528
f 527 526 524
f 527 514 513
f 527 526 514
f 508 571 533
f 508 428 429
f 508 510 531
f 508 533 531
f 508 486 571
f 508 429 430
f 508 411 430
f 508 411 510
f 508 411 412
f 508 408 510
f 508 411 510
f 508 510 430
f 508 408 510
f 508 413 412
f 508 413 510
f 508 413 510
f 436 500 499
f 436 400 399
f 436 428 402
f 436 428 400
f 436 399 435
f 436 402 401
f 436 400 401
f 436 400 402
f 436 333 334
f 436 428 333
f 436 428 333
f 505 436 428
f 505 428 434
f 505 428 434
f 232 88 233
f 232 88 704
f 232 336 338
f 232 336 704
f 232 335 336
f 232 338 233
f 232 704 338
f 232 335 334
f 232 333 334
f 232 335 333
f 232 333 332
f 232 331 332
f 232 294 331
f 232 294 331
f 232 294 296
f 232 293 294
f 99 101 210
f 99 720 101
f 99 728 727
f 99 728 98
f 99 4 100
f 99 98 4
f 99 4 5
f 99 98 4
f 547 553 493
f 547 606 605
f 544 545 611
f 544 545 610
f 544 609 545
f 544 609 545
f 544 607 545
f 544 607 545
f 544 545 606
f 544 438 606
f 544 439 438
f 544 439 605
f 544 605 440
f 544 545 605
f 544 441 545
f 544 441 545
f 544 545 497
f 498 441 499
f 498 441 497
f 498 439 499
f 498 439 497
f 498 441 497
f 498 439 438
f 498 439 438
f 498 544 497
f 498 544 441
f 498 544 441
f 498 436 499
f 498 436 497
f 498 434 499
f 498 500 434
f 498 500 434
f 498 500 432
f 496 441 495
f 496 441 497
f 496 439 495
f 496 439 497
f 496 497 495
f 496 441 495
f 496 441 497
f 496 439 438
f 496 439 438
f 496 436 497
f 496 438 494
f 496 434 494
f 496 498 434
f 496 498 497
f 496 434 494
f 496 498 434
f 496 432 494
f 496 498 432
f 496 432 401
f 496 493 432
f 496 493 432
f 496 498 500
f 496 500 430
f 496 500 401
f 496 498 500
f 496 493 401
f 496 500 540
f 496 498 497
f 496 493 540
f 496 545 494
f 496 544 545
f 631 633 3
f 631 630 3
f 631 633 4
f 631 630 4
f 631 633 4
f 631 630 4
f 631 630 633
f 628 630 724
f 628 728 727
f 628 728 727
f 628 631 622
f 628 631 720
f 541 571 542
f 541 571 540
f 541 496 493
f 541 496 493
f 541 542 582
f 541 540 582
f 541 496 498
f 541 496 498
f 541 498 542
f 541 540 582
f 541 500 542
f 541 498 500
f 541 498 500
f 541 614 542
f 541 614 540
f 541 540 613
f 541 540 438
f 541 500 439
f 541 500 439
f 541 611 613
f 541 542 611
f 541 540 610
f 541 439 438
f 541 439 438
f 541 610 611
f 541 610 542
f 541 610 542
f 541 540 610
f 541 436 540
f 541 428 542
f 541 540 428
f 530 524 515
f 530 571 515
f 530 571 524
f 530 571 510
f 530 510 513
f 530 527 513
f 530 527 524
f 530 508 510
f 530 508 571
f 530 510 513
f 530 510 531
f 530 508 533
f 530 508 571
f 530 571 524
f 530 527 528
f 530 513 512
f 530 571 533
f 530 524 572
f 530 527 524
f 530 533 531
f 530 533 572
f 530 627 531
f 530 527 627
f 530 627 625
f 530 527 627
f 567 571 579
f 567 571 579
f 567 579 582
f 567 571 545
f 567 579 580
f 567 579 568
f 567 571 545
f 567 493 545
f 567 541 571
f 567 541 493
f 567 541 571
f 567 541 493
f 567 571 568
f 567 571 540
f 567 493 489
f 567 493 489
f 567 493 540
f 567 489 486
f 567 496 493
f 567 496 500
f 567 537 568
f 567 483 482
f 567 482 568
f 567 568 480
f 567 568 480
f 567 478 568
f 567 477 478
f 596 656 597
f 596 595 597
f 596 595 656
f 596 655 656
f 596 595 659
f 596 655 597
f 596 651 659
f 596 595 590
f 596 653 597
f 596 653 651
f 596 653 651
f 596 651 650
f 596 651 659
f 596 589 590
f 596 553 595
f 596 589 659
f 596 589 553
f 596 595 552
f 596 553 595
f 596 645 597
f 596 589 645
f 596 589 553
f 596 552 597
f 596 553 552
f 596 602 645
f 596 589 602
f 596 589 602
f 596 550 597
f 596 602 550
f 596 602 550
f 657 595 594
f 657 595 656
f 657 593 594
f 657 593 656
f 657 596 595
f 657 596 595
f 657 593 592
f 657 593 592
f 657 596 655
f 657 592 658
f 657 655 702
f 657 596 655
f 657 658 591
f 657 592 591
f 657 592 656
f 657 702 658
f 657 702 656
f 657 655 702
f 657 596 653
f 657 596 653
f 657 591 663
f 657 658 663
f 657 653 702
f 657 653 702
f 340 341 594
f 340 595 594
f 340 341 594
f 340 595 594
f 340 446 341
f 340 595 338
f 340 341 234
f 340 233 234
f 340 338 233
f 340 338 233
f 340 341 235
f 340 236 341
f 340 236 341
f 340 341 238
f 340 288 341
f 340 286 287
f 340 286 341
f 340 288 341
f 340 341 238
f 340 286 238
f 340 286 341
f 603 602 650
f 603 645 646
f 603 602 645
f 603 606 645
f 603 607 606
f 603 607 602
f 603 441 332
f 603 441 333
f 603 607 602
f 603 441 333
f 603 547 441
f 643 585 665
f 643 660 585
f 643 660 645
f 643 660 585
f 643 701 665
f 643 587 585
f 643 701 1
f 643 645 701
f 643 609 642
f 643 585 611
f 643 587 585
f 643 587 645
f 643 609 611
f 643 609 587
f 643 609 587
f 643 702 701
f 643 702 645
f 643 609 645
f 643 609 644
f 643 644 608
f 643 609 608
f 643 609 644
f 643 720 721
f 643 718 717
f 643 718 644
f 457 348 460
f 457 460 591
f 457 346 591
f 457 346 592
f 457 460 591
f 457 559 591
f 457 559 460
f 457 557 482
f 351 580 578
f 351 580 583
f 351 580 578
f 351 171 245
f 351 278 276
f 351 286 379
f 249 172 194
f 249 246 272
f 249 250 272
f 249 250 275
f 249 273 246
f 249 273 250
f 249 259 269
f 249 250 275
f 249 273 250
f 378 377 353
f 378 377 284
f 378 285 379
f 378 284 285
f 378 377 278
f 378 470 468
f 378 470 377
f 378 377 274
f 378 377 273
f 378 377 453
f 378 377 453
f 14 13 702
f 14 13 702
f 14 16 702
f 14 16 702
f 14 13 701
f 14 16 701
f 14 13 22
f 14 16 22
f 14 16 15
f 14 86 15
f 14 13 86
f 14 13 86
f 698 699 63
f 698 697 63
f 698 699 66
f 698 697 66
f 698 697 62
f 698 699 66
f 698 697 66
f 698 62 63
f 698 699 63
f 698 699 702
f 698 697 702
f 698 697 36
f 698 699 34
f 698 697 34
f 698 699 702
f 698 697 702
f 698 33 699
f 698 697 33
f 698 699 663
f 698 33 699
f 698 697 33
f 698 663 664
f 698 697 664
f 698 697 663
f 698 699 661
f 698 697 661
f 698 697 36
f 698 697 59
f 698 31 699
f 698 697 31
f 698 660 699
f 698 31 699
f 698 697 31
f 698 660 661
f 698 697 661
f 698 660 699
f 698 699 29
f 698 697 29
f 698 697 665
f 698 699 29
f 698 697 29
f 698 665 23
f 698 699 665
f 698 697 28
f 698 24 23
f 698 697 24
f 698 28 26
f 698 699 28
f 698 697 26
f 698 22 24
f 698 699 22
f 698 697 25
f 698 697 25
f 698 25 22
f 698 25 22
f 698 699 22
f 361 467 362
f 361 360 158
f 361 360 574
f 361 467 574
f 361 467 360
f 361 58 158
f 361 58 362
f 361 58 362
f 361 360 258
f 361 259 362
f 361 259 258
f 361 259 360
f 361 259 260
f 361 259 360
f 361 261 260
f 361 261 360
f 361 261 362
f 361 261 360
f 361 263 362
f 361 360 263
f 361 263 362
f 361 360 263
f 361 265 362
f 361 360 265
f 361 265 362
f 361 360 265
f 361 362 266
f 361 360 266
f 361 268 362
f 361 360 268
f 361 268 362
f 361 360 268
f 361 270 362
f 361 360 270
f 361 270 271
f 361 360 270
f 361 272 271
f 361 360 272
f 361 273 272
f 361 273 360
f 361 273 362
f 361 275 362
f 361 359 273
f 361 359 273
f 361 359 275
f 361 275 362
f 361 359 275
f 361 362 276
f 361 359 276
f 361 359 278
f 361 362 366
f 361 278 366
f 361 360 365
f 361 359 372
f 361 359 360
f 361 365 366
f 361 365 362
f 361 365 372
f 361 360 365
f 466 467 359
f 466 467 359
f 466 361 467
f 466 467 569
f 466 467 569
f 466 361 467
f 466 467 573
f 466 467 573
f 466 467 363
f 466 467 563
f 466 467 363
f 466 467 563
f 466 467 365
f 466 467 367
f 466 467 365
f 466 468 369
f 466 467 468
f 466 468 371
f 466 468 372
f 466 468 372
f 466 468 374
f 466 468 375
f 466 468 376
f 368 467 468
f 368 467 468
f 368 470 369
f 368 470 468
f 368 470 468
f 368 466 467
f 368 466 467
f 368 369 367
f 368 365 367
f 368 365 369
f 368 461 369
f 368 461 365
f 368 369 366
f 368 365 366
f 368 365 369
f 469 468 574
f 469 470 574
f 469 468 680
f 469 470 680
f 469 468 573
f 469 470 573
f 469 470 680
f 469 468 573
f 469 470 573
f 469 680 366
f 469 468 680
f 469 470 366
f 469 571 468
f 469 470 571
f 469 468 367
f 469 470 367
f 469 470 468
f 469 470 571
f 469 467 571
f 469 467 571
f 469 467 569
f 469 467 569
f 469 567 467
f 469 466 467
f 469 467 563
f 469 467 563
f 472 573 676
f 472 470 573
f 472 573 572
f 472 572 676
f 472 470 372
f 472 470 372
f 472 470 374
f 472 470 376
f 472 470 377
f 472 378 470
f 472 470 379
f 472 378 379
f 472 378 470
f 139 72 74
f 90 223 331
f 90 331 332
f 90 88 332
f 90 223 331
f 90 710 331
f 90 710 92
f 90 715 92
f 90 715 88
f 90 718 92
f 90 718 88
f 90 718 720
f 225 243 246
f 225 243 278
f 225 194 241
f 225 227 241
f 225 227 194
f 225 227 284
f 225 227 286
f 225 227 286
f 225 227 288
f 225 227 288
f 225 293 227
f 225 293 295
f 225 295 227
f 225 227 296
f 225 295 227
f 225 297 296
f 225 321 304
f 196 112 101
f 196 101 107
f 196 99 112
f 196 225 246
f 196 246 274
f 196 168 167
f 196 225 243
f 196 273 246
f 196 168 265
f 196 273 246
f 196 168 169
f 196 246 272
f 196 249 246
f 82 83 86
f 82 81 86
f 82 83 20
f 82 81 20
f 82 81 78
f 82 78 22
f 82 83 22
f 82 84 78
f 82 84 83
f 487 555 485
f 487 486 485
f 487 555 556
f 487 557 556
f 487 557 486
f 487 555 488
f 487 557 486
f 487 454 488
f 487 555 454
f 487 555 485
f 487 453 454
f 487 485 453
f 487 486 485
f 487 486 563
f 487 557 563
f 487 452 453
f 487 486 452
f 487 486 563
f 487 557 489
f 487 557 489
f 487 452 488
f 487 486 452
f 487 489 563
f 487 450 488
f 487 450 486
f 487 567 489
f 487 489 449
f 487 450 449
f 487 450 486
f 487 447 486
f 487 447 489
f 487 447 489
f 492 449 550
f 492 449 491
f 492 447 491
f 492 491 550
f 492 449 550
f 492 447 446
f 492 493 446
f 244 346 243
f 244 281 243
f 244 281 346
f 244 281 346
f 244 346 245
f 244 346 243
f 244 348 245
f 244 243 348
f 244 278 246
f 244 243 246
f 244 243 278
f 244 174 245
f 244 174 243
f 337 236 336
f 337 236 237
f 337 236 237
f 337 236 235
f 337 236 336
f 337 288 289
f 337 288 237
f 337 288 237
f 337 235 338
f 337 336 235
f 337 390 293
f 337 293 335
f 337 293 335
f 337 338 233
f 337 336 233
f 337 336 338
f 337 295 335
f 337 336 395
f 337 336 397
f 337 439 397
f 337 439 336
f 337 440 338
f 337 439 440
f 337 439 336
f 337 441 440
f 337 441 336
f 337 441 338
f 337 441 336
f 381 450 449
f 381 450 449
f 381 450 451
f 381 450 382
f 381 449 382
f 381 351 382
f 381 351 449
f 381 452 451
f 381 382 452
f 381 452 453
f 381 382 452
f 381 286 382
f 381 286 285
f 381 286 382
f 381 284 285
f 381 382 284
f 381 472 470
f 381 281 382
f 381 382 477
f 381 378 281
f 381 278 382
f 381 378 278
f 77 79 78
f 77 78 22
f 77 78 29
f 77 78 29
f 73 134 87
f 73 139 72
f 73 87 75
f 73 72 21
f 73 72 74
f 73 72 71
f 73 75 21
f 73 74 75
f 708 707 605
f 708 603 707
f 708 707 651
f 708 707 651
f 708 88 333
f 708 707 87
f 598 599 704
f 598 597 338
f 598 704 338
f 598 655 597
f 598 655 654
f 598 599 654
f 598 655 597
f 598 446 597
f 598 336 704
f 598 599 336
f 598 653 597
f 598 599 653
f 598 446 597
f 598 337 336
f 598 653 652
f 598 599 653
f 598 550 597
f 598 446 550
f 598 651 652
f 598 599 651
f 598 602 550
f 598 599 602
f 598 651 650
f 598 599 651
f 598 602 597
f 647 603 602
f 647 598 602
f 647 598 599
f 647 603 646
f 647 598 597
f 647 646 605
f 647 596 597
f 647 596 659
f 647 606 646
f 647 659 701
f 647 710 606
f 647 702 701
f 291 334 235
f 291 335 334
f 387 390 286
f 387 286 287
f 387 390 286
f 387 288 386
f 387 288 287
f 387 286 285
f 387 288 289
f 387 390 284
f 387 284 285
f 387 284 384
f 387 281 284
f 387 291 342
f 387 343 342
f 387 343 344
f 387 386 481
f 387 483 386
f 387 480 481
f 387 483 480
f 387 450 449
f 387 450 452
f 387 483 452
f 387 483 450
f 387 447 446
f 387 384 480
f 387 447 449
f 392 390 288
f 392 390 288
f 392 291 295
f 392 390 293
f 392 297 296
f 392 489 486
f 392 447 444
f 392 447 489
f 484 450 485
f 484 483 450
f 484 485 452
f 484 483 452
f 484 387 483
f 484 485 453
f 484 483 453
f 484 483 485
f 484 450 486
f 484 450 486
f 484 392 390
f 484 387 483
f 484 447 486
f 484 486 571
f 484 508 486
f 484 392 486
f 484 486 571
f 484 571 510
f 484 483 571
f 484 486 569
f 484 483 571
f 484 483 569
f 484 486 396
f 484 486 569
f 484 571 513
f 484 571 572
f 484 483 569
f 484 567 486
f 484 567 486
f 484 567 483
f 484 563 485
f 484 483 563
f 484 563 485
f 484 483 563
f 484 561 485
f 484 483 561
f 484 561 485
f 484 483 561
f 484 559 485
f 484 483 559
f 484 559 558
f 484 483 558
f 484 483 559
f 173 172 171
f 173 174 171
f 173 172 143
f 173 174 171
f 173 246 171
f 173 174 246
f 180 179 241
f 180 182 240
f 180 241 182
f 180 240 181
f 180 179 240
f 180 238 181
f 180 179 238
f 180 179 238
f 180 134 182
f 180 179 241
f 180 134 182
f 180 241 182
f 180 179 243
f 180 188 243
f 180 244 179
f 180 244 179
f 178 241 177
f 178 179 241
f 178 241 177
f 178 179 241
f 178 240 238
f 178 177 240
f 178 240 238
f 178 179 238
f 178 179 240
f 178 179 238
f 178 243 177
f 178 179 243
f 178 244 179
f 283 241 343
f 283 343 344
f 283 343 284
f 283 345 284
f 283 343 285
f 283 343 284
f 283 343 240
f 283 241 343
f 283 346 345
f 283 240 285
f 283 240 284
f 283 346 284
f 283 348 284
f 283 366 372
f 283 367 366
f 283 366 372
f 283 284 374
f 283 376 284
f 280 227 241
f 280 281 241
f 280 281 227
f 280 225 227
f 280 225 281
f 280 281 243
f 280 244 281
f 280 244 281
f 280 346 245
f 280 281 346
f 280 281 346
f 280 281 348
f 280 387 281
f 280 387 281
f 280 281 384
f 280 281 382
f 280 381 281
f 280 381 378
f 280 361 281
f 280 378 281
f 280 281 367
f 280 281 377
f 280 281 367
f 280 281 376
f 280 281 372
f 280 281 374
f 280 281 372
f 490 553 489
f 490 553 552
f 490 553 491
f 490 553 552
f 490 553 489
f 490 552 488
f 490 450 489
f 490 552 451
f 490 450 488
f 490 450 489
f 490 450 451
f 490 449 491
f 490 489 449
f 490 450 449
f 490 447 491
f 490 447 489
f 490 492 491
f 490 492 449
f 490 492 449
f 165 164 578
f 165 166 578
f 165 164 576
f 165 166 576
f 165 150 164
f 165 150 164
f 165 166 150
f 165 259 164
f 165 166 259
f 165 259 260
f 165 166 259
f 165 261 260
f 165 166 261
f 165 166 265
f 165 261 164
f 165 166 261
f 144 143 69
f 144 143 68
f 144 71 142
f 144 71 69
f 144 71 69
f 144 171 142
f 144 143 171
f 144 172 143
f 252 273 250
f 252 351 275
f 252 250 272
f 358 160 357
f 358 160 359
f 358 466 357
f 358 466 359
f 358 461 357
f 358 359 357
f 358 359 461
f 358 359 259
f 358 260 357
f 358 259 260
f 358 359 259
f 358 261 260
f 358 359 261
f 358 261 263
f 358 263 357
f 358 359 263
f 358 261 263
f 358 359 263
f 358 359 261
f 358 357 266
f 358 265 266
f 358 359 265
f 358 359 265
f 358 359 266
f 358 268 266
f 358 357 268
f 358 359 268
f 358 357 268
f 358 359 268
f 358 270 357
f 358 359 270
f 358 270 357
f 358 359 270
f 358 357 272
f 358 359 272
f 358 273 357
f 358 359 273
f 358 273 357
f 358 359 273
f 358 357 275
f 358 359 275
f 358 357 275
f 358 359 275
f 358 357 276
f 358 359 276
f 358 278 357
f 358 359 278
f 358 280 281
f 358 280 361
f 358 361 281
f 358 283 366
f 358 361 366
f 358 361 359
f 358 366 372
f 358 366 372
f 358 359 372
f 358 359 372
f 358 283 284
f 358 359 375
f 358 359 357
f 358 284 374
f 358 375 374
f 358 357 375
f 257 359 360
f 257 160 359
f 257 159 160
f 257 159 160
f 257 358 359
f 257 360 258
f 257 159 258
f 257 159 360
f 257 358 357
f 257 353 270
f 257 258 268
f 257 353 268
f 257 263 258
f 161 163 259
f 161 257 160
f 161 159 259
f 161 159 160
f 161 257 163
f 161 159 259
f 161 259 260
f 161 163 259
f 161 159 261
f 161 162 154
f 161 160 162
f 161 159 160
f 161 261 260
f 161 159 261
f 161 162 152
f 161 163 152
f 161 163 162
f 161 163 164
f 161 154 153
f 161 159 154
f 161 261 164
f 161 159 265
f 161 153 155
f 161 159 155
f 161 165 164
f 161 165 265
f 161 165 164
f 161 166 153
f 161 165 166
f 161 165 196
f 161 166 167
f 161 194 167
f 445 598 446
f 445 598 599
f 445 444 599
f 445 598 599
f 445 547 446
f 445 547 444
f 445 337 444
f 445 598 337
f 445 446 494
f 445 444 494
f 445 337 444
f 445 598 446
f 445 598 337
f 445 493 446
f 445 444 493
f 445 492 493
f 445 492 444
f 445 340 446
f 445 340 444
f 445 492 446
f 445 492 444
f 445 446 341
f 445 444 341
f 445 490 444
f 445 446 343
f 445 444 343
f 445 447 446
f 445 490 447
f 445 446 343
f 445 444 343
f 445 447 444
f 445 490 444
f 445 490 447
f 445 446 345
f 445 392 447
f 445 387 446
f 445 346 345
f 445 346 446
f 445 346 446
f 713 329 605
f 713 328 329
f 713 329 92
f 713 328 606
f 713 328 329
f 713 608 642
f 713 610 608
f 716 616 717
f 716 715 717
f 716 715 616
f 716 616 717
f 716 715 616
f 716 638 717
f 716 715 638
f 716 638 639
f 716 715 638
f 716 639 717
f 716 715 639
f 716 717 642
f 716 715 642
f 716 715 644
f 716 643 717
f 716 643 644
f 716 643 644
f 716 644 645
f 716 715 644
f 716 645 717
f 716 715 645
f 716 647 715
f 716 718 717
f 716 647 718
f 716 718 717
f 716 718 702
f 716 16 717
f 716 16 702
f 716 715 16
f 716 16 87
f 716 715 87
f 716 715 16
f 326 428 610
f 326 715 608
f 298 396 395
f 298 297 396
f 298 297 331
f 298 297 331
f 298 297 396
f 298 297 329
f 298 297 334
f 298 297 328
f 298 297 227
f 298 225 297
f 298 210 211
f 298 297 216
f 298 297 216
f 298 297 214
f 302 328 329
f 302 300 396
f 302 397 396
f 302 399 401
f 302 305 399
f 302 300 210
f 302 305 401
f 302 300 210
f 302 300 216
f 302 300 214
f 302 300 216
f 316 404 315
f 316 317 404
f 316 315 406
f 316 317 406
f 316 404 315
f 316 317 404
f 316 315 406
f 316 317 406
f 316 402 315
f 316 317 402
f 316 408 315
f 316 317 408
f 316 402 315
f 316 317 402
f 316 408 315
f 316 317 408
f 316 400 315
f 316 317 400
f 316 315 409
f 316 317 409
f 316 400 399
f 316 317 400
f 316 411 315
f 316 317 411
f 316 399 315
f 316 317 315
f 316 317 399
f 316 411 315
f 316 317 411
f 316 413 315
f 316 317 413
f 316 413 315
f 316 317 413
f 316 315 414
f 316 317 414
f 316 315 416
f 316 317 416
f 316 315 417
f 316 317 417
f 316 418 315
f 316 317 418
f 316 419 418
f 316 317 419
f 316 419 420
f 316 317 419
f 316 317 420
f 316 420 421
f 316 420 315
f 316 728 421
f 316 315 210
f 316 317 210
f 316 317 727
f 316 728 727
f 316 728 727
f 316 214 215
f 316 317 214
f 316 317 216
f 316 215 314
f 316 216 215
f 316 314 313
f 316 317 314
f 316 216 314
f 316 317 216
f 316 313 315
f 316 317 313
f 316 315 312
f 316 317 312
f 316 317 315
f 318 319 404
f 318 317 404
f 318 319 406
f 318 317 406
f 318 319 404
f 318 317 404
f 318 319 406
f 318 317 406
f 318 319 402
f 318 317 402
f 318 319 408
f 318 317 408
f 318 319 402
f 318 317 402
f 318 319 408
f 318 317 408
f 318 319 400
f 318 317 400
f 318 319 409
f 318 317 409
f 318 319 400
f 318 317 400
f 318 319 411
f 318 317 411
f 318 319 399
f 318 317 399
f 318 319 411
f 318 317 411
f 318 319 315
f 318 317 315
f 318 319 413
f 318 317 413
f 318 319 315
f 318 317 315
f 318 319 413
f 318 317 413
f 318 319 310
f 318 317 310
f 318 319 414
f 318 317 414
f 318 317 314
f 318 319 416
f 318 317 416
f 318 223 314
f 318 223 319
f 318 319 417
f 318 317 417
f 318 319 418
f 318 317 418
f 318 216 319
f 318 317 216
f 318 319 419
f 318 317 419
f 318 216 319
f 318 317 216
f 318 319 419
f 318 317 419
f 318 214 319
f 318 317 214
f 318 319 420
f 318 317 420
f 318 319 210
f 318 317 210
f 320 319 404
f 320 321 404
f 320 319 406
f 320 321 406
f 320 319 404
f 320 321 404
f 320 319 406
f 320 321 406
f 320 319 402
f 320 321 402
f 320 321 409
f 320 319 402
f 320 321 402
f 320 408 409
f 320 319 408
f 320 319 408
f 320 319 411
f 320 321 411
f 320 319 400
f 320 321 400
f 320 319 411
f 320 321 411
f 320 319 400
f 320 321 400
f 320 319 413
f 320 321 413
f 320 319 399
f 320 321 399
f 320 319 413
f 320 321 413
f 320 319 315
f 320 319 414
f 320 321 414
f 320 315 398
f 320 319 315
f 320 319 416
f 320 321 416
f 320 397 398
f 320 321 397
f 320 321 397
f 320 319 309
f 320 319 417
f 320 321 417
f 320 309 308
f 320 321 308
f 320 319 419
f 320 321 419
f 320 307 309
f 320 321 307
f 320 310 307
f 320 319 310
f 320 319 310
f 320 319 419
f 320 321 419
f 320 216 319
f 320 321 216
f 320 216 319
f 320 321 216
f 320 214 319
f 320 321 214
f 322 404 406
f 322 321 406
f 322 321 404
f 322 404 323
f 322 323 406
f 322 321 406
f 322 404 323
f 322 321 404
f 322 323 409
f 322 321 409
f 322 323 402
f 322 321 402
f 322 323 411
f 322 321 411
f 322 323 402
f 322 321 402
f 322 323 411
f 322 321 411
f 322 400 323
f 322 321 400
f 322 323 413
f 322 321 413
f 322 400 323
f 322 321 400
f 322 323 413
f 322 321 413
f 322 323 399
f 322 321 399
f 322 323 414
f 322 321 414
f 322 323 397
f 322 321 397
f 322 323 416
f 322 321 416
f 322 323 397
f 322 321 397
f 322 419 323
f 322 323 307
f 322 321 307
f 322 419 417
f 322 321 417
f 322 321 419
f 322 419 323
f 322 321 419
f 322 306 323
f 322 304 306
f 322 321 304
f 322 304 306
f 322 616 427
f 322 304 323
f 322 720 616
f 322 225 323
f 322 225 304
f 322 225 321
f 322 720 323
f 322 321 720
f 322 214 215
f 322 321 214
f 322 216 217
f 322 321 216
f 322 216 215
f 322 321 216
f 620 622 720
f 620 718 622
f 722 620 622
f 722 620 320
f 722 628 631
f 722 628 631
f 722 720 101
f 722 321 720
f 722 321 720
f 722 99 720
f 722 634 721
f 722 721 637
f 722 636 637
f 722 638 721
f 722 638 721
f 722 88 720
f 722 724 639
f 722 721 639
f 722 720 12
f 722 720 721
f 722 724 640
f 722 721 640
f 722 10 721
f 722 8 721
f 722 10 8
f 722 10 8
f 722 724 642
f 722 721 642
f 722 643 724
f 722 643 721
f 722 643 644
f 722 643 644
f 722 721 724
f 722 644 724
f 722 644 721
f 729 420 522
f 729 728 420
f 729 522 625
f 729 420 522
f 729 728 420
f 729 627 625
f 729 522 104
f 729 627 629
f 729 103 104
f 729 103 728
f 729 630 629
f 729 628 627
f 729 628 728
f 729 628 728
f 729 103 102
f 729 103 728
f 729 631 630
f 729 630 727
f 729 728 727
f 729 102 101
f 729 728 102
f 729 631 633
f 729 631 630
f 729 101 100
f 729 728 101
f 729 634 633
f 729 631 727
f 729 99 100
f 729 99 728
f 729 634 636
f 729 634 727
f 729 99 98
f 729 99 728
f 729 636 637
f 729 634 727
f 729 638 637
f 729 727 636
f 729 638 639
f 729 727 638
f 729 639 1
f 729 727 638
f 729 643 1
f 729 727 639
f 729 727 642
f 729 643 642
f 729 643 727
f 729 4 3
f 729 643 644
f 729 643 702
f 729 643 702
f 729 4 5
f 538 614 539
f 538 539 613
f 538 614 613
f 538 540 539
f 538 428 610
f 538 540 610
f 538 540 428
f 538 436 540
f 538 540 502
f 538 505 436
f 617 634 616
f 617 538 616
f 617 322 616
f 617 322 321
f 617 322 720
f 617 322 321
f 617 718 616
f 617 620 616
f 617 620 718
f 543 545 542
f 543 496 544
f 543 614 542
f 543 614 545
f 543 544 545
f 543 493 545
f 543 496 493
f 543 496 497
f 543 496 544
f 543 542 611
f 543 544 611
f 543 493 545
f 543 496 545
f 543 496 493
f 543 498 497
f 543 498 544
f 543 610 542
f 543 544 610
f 543 498 542
f 543 498 544
f 543 609 610
f 543 544 609
f 543 609 542
f 543 544 609
f 543 439 499
f 543 439 542
f 543 441 499
f 543 544 441
f 543 544 441
f 543 544 439
f 543 607 542
f 543 544 607
f 543 439 438
f 543 544 439
f 543 544 607
f 543 607 428
f 543 607 428
f 543 544 438
f 6 729 724
f 6 729 702
f 6 702 701
f 6 702 5
f 6 729 5
f 6 729 702
f 6 9 702
f 6 8 9
f 6 638 5
f 6 638 701
f 6 638 701
f 6 5 22
f 6 8 22
f 6 9 701
f 6 8 9
f 6 5 105
f 6 8 105
f 6 103 5
f 6 8 103
f 6 103 102
f 6 8 103
f 6 101 5
f 6 102 101
f 6 102 101
f 6 99 5
f 6 99 98
f 2 729 3
f 2 99 98
f 2 99 98
f 2 729 98
f 2 729 727
f 2 729 728
f 2 99 100
f 2 99 100
f 2 101 100
f 2 101 100
f 2 102 101
f 2 102 101
f 2 103 3
f 2 103 102
f 2 103 102
f 11 702 721
f 11 10 721
f 11 10 702
f 11 13 702
f 11 13 702
f 11 9 702
f 11 10 9
f 11 9 701
f 11 13 701
f 11 9 22
f 11 10 9
f 11 13 22
f 11 13 12
f 11 12 86
f 11 10 12
f 7 10 8
f 7 10 88
f 7 728 88
f 7 6 724
f 7 2 727
f 7 2 728
f 7 2 728
f 7 92 4
f 7 8 702
f 7 6 702
f 7 6 8
f 7 90 4
f 7 6 99
f 7 8 98
f 7 99 98
f 7 6 99
f 7 8 102
f 7 6 102
f 7 6 8
f 431 432 429
f 431 409 430
f 431 429 409
f 431 429 409
f 431 430 406
f 431 432 406
f 431 430 406
f 431 432 406
f 431 430 405
f 431 432 405
f 431 496 500
f 431 496 500
f 431 496 430
f 431 496 432
f 501 439 438
f 501 500 439
f 501 500 439
f 501 436 502
f 501 436 500
f 501 502 434
f 501 500 434
f 501 502 434
f 501 500 434
f 501 432 502
f 501 500 432
f 501 431 500
f 501 431 500
f 501 500 430
f 501 500 405
f 501 500 401
f 501 567 537
f 501 567 500
f 501 540 502
f 501 500 540
f 501 496 401
f 501 496 500
f 501 541 540
f 501 541 500
f 501 541 500
f 501 567 493
f 501 496 493
f 501 567 496
f 501 567 496
f 504 571 537
f 504 571 569
f 504 569 537
f 504 489 486
f 504 508 486
f 504 489 486
f 504 567 537
f 504 493 489
f 504 508 401
f 504 538 505
f 504 431 505
f 504 431 505
f 504 408 430
f 504 505 432
f 504 505 434
f 504 505 434
f 230 188 88
f 230 232 335
f 230 335 229
f 230 229 333
f 230 229 331
f 230 227 286
f 230 227 229
f 230 227 286
f 230 288 229
f 230 229 331
f 230 227 284
f 230 288 229
f 230 329 229
f 230 227 284
f 230 328 329
f 230 293 294
f 230 298 297
f 230 297 229
f 230 295 229
f 230 295 294
f 230 295 294
f 549 553 582
f 549 553 550
f 549 585 550
f 549 567 553
f 549 587 585
f 549 587 585
f 549 553 491
f 549 609 587
f 549 609 587
f 549 609 607
f 549 492 491
f 549 492 493
f 549 603 607
f 549 603 607
f 549 603 606
f 549 445 446
f 549 492 447
f 549 603 602
f 549 446 550
f 549 447 446
f 549 492 550
f 549 492 447
f 549 602 600
f 549 445 599
f 549 445 444
f 549 599 600
f 549 444 599
f 437 496 494
f 437 496 436
f 437 496 438
f 437 493 494
f 437 493 438
f 437 436 435
f 437 496 438
f 437 496 436
f 437 493 435
f 437 493 438
f 437 438 399
f 437 436 399
f 437 498 438
f 437 498 436
f 437 438 400
f 437 436 400
f 437 498 438
f 437 498 436
f 437 436 334
f 437 500 438
f 437 436 500
f 437 335 334
f 437 335 438
f 437 335 438
f 437 438 333
f 437 436 333
f 437 501 500
f 437 501 436
f 437 438 333
f 437 436 333
f 437 501 438
f 437 501 436
f 437 438 331
f 437 540 438
f 437 428 331
f 437 436 428
f 437 538 540
f 437 538 436
f 437 538 436
f 437 541 540
f 437 541 436
f 437 438 331
f 437 428 331
f 437 541 438
f 437 329 438
f 437 428 329
f 437 543 438
f 437 543 428
f 437 543 438
f 437 543 428
f 437 541 428
f 437 541 436
f 437 329 438
f 437 428 329
f 437 438 606
f 437 428 606
f 632 631 727
f 632 722 631
f 632 722 634
f 632 634 720
f 632 631 720
f 632 617 634
f 632 634 720
f 632 628 631
f 632 718 717
f 632 620 631
f 632 617 616
f 632 617 620
f 632 620 622
f 632 616 717
f 632 620 616
f 529 528 513
f 529 530 513
f 529 530 528
f 529 428 528
f 529 530 512
f 529 530 531
f 529 428 427
f 546 567 545
f 546 567 547
f 546 545 582
f 546 547 582
f 546 545 585
f 546 547 585
f 546 545 585
f 546 493 545
f 546 547 493
f 546 585 611
f 546 547 585
f 546 545 611
f 546 545 494
f 546 547 494
f 546 609 545
f 546 547 609
f 546 609 545
f 546 496 497
f 546 496 545
f 546 496 545
f 546 444 497
f 546 547 444
f 546 607 545
f 546 609 607
f 546 547 609
f 546 607 545
f 546 547 607
f 546 441 545
f 546 547 441
f 546 545 606
f 546 547 606
f 546 545 605
f 546 547 605
f 546 441 440
f 546 441 545
f 546 603 441
f 546 603 547
f 546 603 547
f 546 544 440
f 546 544 545
f 546 544 545
f 339 595 448
f 339 340 595
f 339 340 595
f 339 446 448
f 339 340 446
f 339 445 446
f 339 445 340
f 339 445 444
f 339 445 340
f 339 441 338
f 339 340 441
f 339 441 338
f 339 337 390
f 339 288 289
f 339 340 288
f 339 288 287
f 339 340 288
f 339 340 287
f 339 287 237
f 339 287 238
f 339 340 238
f 339 236 237
f 339 340 236
f 339 236 235
f 339 340 236
f 339 235 338
f 339 340 338
f 339 340 235
f 705 603 650
f 705 652 650
f 705 603 602
f 705 653 652
f 705 653 704
f 705 335 336
f 705 599 600
f 705 599 336
f 705 599 336
f 705 230 335
f 705 230 335
f 705 702 704
f 705 232 336
f 705 230 232
f 705 88 87
f 705 232 88
f 705 230 232
f 705 230 88
f 705 335 229
f 705 79 20
f 705 79 704
f 705 79 87
f 705 79 87
f 456 457 359
f 456 457 359
f 456 457 363
f 456 360 363
f 456 457 363
f 456 457 360
f 456 457 365
f 456 457 365
f 456 457 372
f 456 348 454
f 456 457 348
f 456 457 372
f 456 346 454
f 456 457 346
f 456 457 375
f 456 346 592
f 456 457 346
f 456 457 376
f 456 592 454
f 456 457 592
f 456 457 377
f 456 559 454
f 456 457 559
f 456 559 558
f 456 457 559
f 456 557 558
f 456 457 557
f 456 557 556
f 456 557 482
f 456 457 557
f 456 482 485
f 456 483 482
f 456 457 480
f 456 457 480
f 456 457 482
f 458 457 365
f 458 457 363
f 458 457 365
f 458 457 363
f 458 457 372
f 458 457 360
f 458 457 372
f 458 457 359
f 458 457 359
f 458 375 374
f 458 457 375
f 458 457 376
f 458 457 377
f 458 456 457
f 458 456 378
f 458 456 378
f 458 456 379
f 458 456 381
f 458 456 381
f 458 381 472
f 458 477 478
f 458 456 477
f 458 456 457
f 458 457 480
f 458 478 480
f 458 457 480
f 458 456 477
f 458 456 382
f 352 353 461
f 352 351 461
f 352 171 578
f 352 351 578
f 352 351 171
f 352 351 171
f 352 456 457
f 352 456 351
f 352 456 351
f 352 353 453
f 352 351 453
f 352 353 452
f 352 351 452
f 352 353 452
f 352 351 452
f 352 257 353
f 352 450 353
f 352 351 450
f 352 450 353
f 352 351 450
f 352 273 270
f 352 353 270
f 352 353 273
f 352 353 273
f 352 351 273
f 352 353 449
f 352 353 275
f 352 351 275
f 352 381 449
f 352 381 351
f 352 381 351
f 352 353 379
f 352 351 379
f 352 353 275
f 352 351 275
f 352 353 276
f 352 351 276
f 352 378 285
f 352 378 353
f 352 378 353
f 352 286 285
f 352 351 286
f 352 351 286
f 352 353 284
f 352 351 284
f 352 353 278
f 352 351 278
f 352 283 353
f 352 283 351
f 352 280 281
f 352 280 351
f 350 586 583
f 350 351 583
f 350 586 587
f 350 587 461
f 350 587 588
f 350 351 461
f 350 244 243
f 350 456 351
f 350 351 245
f 350 244 245
f 350 456 351
f 350 351 453
f 350 351 452
f 350 351 452
f 350 351 450
f 350 351 278
f 350 351 450
f 350 351 275
f 350 252 351
f 350 351 449
f 350 280 351
f 350 382 448
f 350 351 382
f 350 283 351
f 350 381 351
f 350 351 284
f 350 351 286
f 350 381 286
f 350 351 286
f 350 381 286
f 350 381 351
f 60 36 62
f 60 698 62
f 60 698 36
f 60 36 62
f 60 698 697
f 60 697 696
f 60 698 697
f 60 36 40
f 60 698 36
f 60 698 59
f 60 695 62
f 60 695 696
f 60 697 59
f 60 40 41
f 60 59 40
f 60 695 59
f 60 42 41
f 60 59 42
f 60 695 694
f 60 695 59
f 60 42 61
f 60 59 42
f 60 693 694
f 60 693 59
f 60 44 61
f 60 693 61
f 60 693 59
f 60 44 46
f 60 59 46
f 60 44 45
f 60 691 61
f 60 59 691
f 60 44 45
f 60 59 45
f 60 70 45
f 60 59 70
f 60 690 691
f 60 59 690
f 60 143 70
f 60 59 143
f 60 690 689
f 60 59 690
f 60 688 689
f 60 59 688
f 60 150 148
f 60 59 150
f 60 687 688
f 60 59 687
f 60 150 152
f 60 59 150
f 60 687 61
f 60 59 687
f 60 152 153
f 60 59 152
f 60 685 61
f 60 59 685
f 60 59 153
f 60 684 685
f 60 59 684
f 60 154 61
f 60 154 153
f 60 154 153
f 60 156 61
f 60 59 156
f 60 59 684
f 60 156 61
f 60 59 156
f 60 576 61
f 60 684 576
f 60 684 576
f 60 61 158
f 60 59 158
f 60 61 158
f 60 59 158
f 464 353 576
f 464 468 379
f 464 368 365
f 464 378 468
f 471 470 573
f 471 472 573
f 471 472 470
f 471 470 571
f 471 472 571
f 471 470 571
f 471 472 571
f 471 472 569
f 471 469 569
f 471 469 470
f 471 469 569
f 471 469 567
f 471 464 472
f 471 469 563
f 471 469 470
f 471 469 466
f 471 469 563
f 471 469 467
f 474 472 572
f 474 472 376
f 474 472 377
f 474 472 378
f 474 378 477
f 474 472 378
f 474 381 477
f 474 381 472
f 474 381 382
f 474 381 472
f 474 458 472
f 474 382 477
f 474 458 477
f 474 458 382
f 207 214 215
f 207 204 272
f 207 216 215
f 207 204 216
f 207 204 273
f 207 216 217
f 207 204 216
f 207 297 296
f 207 295 296
f 207 204 273
f 207 204 278
f 207 204 286
f 207 295 278
f 207 286 288
f 207 204 286
f 207 295 278
f 207 204 284
f 207 286 288
f 207 291 295
f 207 291 295
f 207 284 285
f 207 288 289
f 207 288 285
f 213 207 214
f 213 326 715
f 213 297 214
f 213 298 297
f 213 298 297
f 213 322 214
f 213 302 300
f 213 322 321
f 213 320 321
f 213 320 214
f 213 214 306
f 213 318 214
f 213 214 306
f 213 318 317
f 213 214 307
f 213 316 317
f 213 214 309
f 213 316 214
f 213 214 310
f 213 214 314
f 213 214 310
f 213 214 314
f 213 214 312
f 213 214 313
f 218 280 204
f 218 280 281
f 218 204 284
f 218 204 286
f 218 204 286
f 218 207 204
f 218 207 204
f 218 207 217
f 218 207 288
f 218 207 288
f 218 288 289
f 218 295 217
f 218 295 296
f 218 297 296
f 218 298 297
f 218 304 217
f 218 306 217
f 218 306 217
f 218 307 309
f 218 217 309
f 218 217 307
f 218 217 310
f 218 217 310
f 218 217 313
f 218 314 217
f 218 316 314
f 218 316 317
f 218 318 317
f 218 318 319
f 218 320 319
f 129 80 87
f 129 81 80
f 126 90 188
f 228 188 88
f 228 88 332
f 228 88 333
f 228 331 332
f 228 229 333
f 228 708 88
f 228 331 226
f 228 229 331
f 228 329 226
f 228 229 331
f 228 329 229
f 228 328 329
f 228 328 227
f 228 328 329
f 228 298 297
f 228 298 297
f 228 297 229
f 228 297 227
f 228 295 229
f 228 295 227
f 228 227 294
f 228 295 294
f 228 295 227
f 187 188 237
f 187 188 240
f 187 188 236
f 187 188 241
f 187 188 236
f 187 188 241
f 187 188 235
f 187 180 188
f 187 188 233
f 187 230 232
f 187 230 188
f 187 126 188
f 140 84 143
f 140 139 84
f 140 84 78
f 140 139 84
f 140 78 143
f 140 72 70
f 140 139 72
f 140 139 72
f 119 118 86
f 119 148 38
f 119 150 148
f 119 37 38
f 119 150 148
f 190 228 88
f 190 180 244
f 190 180 244
f 89 123 87
f 89 88 123
f 89 90 12
f 89 12 87
f 89 88 12
f 89 10 88
f 89 90 10
f 89 7 10
f 89 7 90
f 89 7 90
f 89 2 90
f 89 7 2
f 89 7 2
f 89 2 728
f 89 2 90
f 89 728 88
f 89 90 728
f 89 722 88
f 89 722 90
f 89 718 88
f 89 90 718
f 89 90 718
f 224 223 329
f 224 328 329
f 224 328 223
f 224 322 223
f 224 322 225
f 224 322 321
f 224 322 225
f 224 320 321
f 224 225 321
f 224 320 321
f 224 225 304
f 224 320 319
f 224 320 223
f 224 304 306
f 224 223 306
f 224 223 304
f 224 319 310
f 224 223 310
f 224 223 319
f 224 225 286
f 224 225 288
f 224 298 225
f 224 225 288
f 224 225 297
f 224 225 295
f 224 225 293
f 109 99 101
f 109 99 112
f 109 102 100
f 109 22 85
f 195 99 194
f 195 196 99
f 195 116 118
f 195 119 118
f 195 119 196
f 195 224 194
f 195 224 196
f 195 224 225
f 195 224 196
f 195 196 225
f 195 196 148
f 195 194 243
f 195 225 243
f 195 225 194
f 195 244 194
f 195 148 153
f 195 194 148
f 195 196 153
f 195 196 243
f 195 244 243
f 195 244 194
f 195 161 194
f 195 161 196
f 195 249 194
f 195 196 249
f 195 161 194
f 195 249 194
f 195 168 194
f 195 196 168
f 195 196 166
f 195 161 166
f 195 161 196
f 195 249 259
f 195 168 194
f 195 196 168
f 195 172 259
f 195 172 194
f 195 249 269
f 195 172 194
f 195 172 169
f 195 196 169
f 195 265 269
f 195 196 265
f 195 249 271
f 195 196 271
f 195 196 249
f 195 265 267
f 195 196 267
f 195 196 265
f 76 139 74
f 76 140 78
f 76 140 139
f 76 140 139
f 76 79 75
f 76 77 79
f 76 36 70
f 76 36 78
f 76 36 70
f 76 36 78
f 76 70 34
f 76 74 70
f 76 31 74
f 76 33 74
f 76 77 22
f 76 70 37
f 76 78 37
f 76 78 34
f 76 33 74
f 76 31 74
f 76 31 78
f 76 33 78
f 76 22 30
f 76 39 70
f 76 39 78
f 76 33 78
f 76 74 30
f 76 74 75
f 76 31 78
f 76 77 78
f 76 29 22
f 76 77 29
f 76 77 29
f 76 78 40
f 76 39 40
f 76 39 78
f 709 710 605
f 709 708 605
f 709 708 603
f 709 710 606
f 709 603 332
f 709 708 603
f 709 647 606
f 709 647 710
f 709 331 332
f 709 710 331
f 709 90 331
f 709 90 710
f 709 90 88
f 709 708 88
f 709 90 88
f 709 651 710
f 709 708 651
f 709 88 710
f 709 708 88
f 709 651 710
f 709 708 651
f 709 710 87
f 709 708 87
f 709 710 702
f 709 710 702
f 709 707 702
f 709 708 707
f 709 707 702
f 709 708 707
f 601 603 333
f 601 603 333
f 601 708 333
f 601 708 603
f 601 603 547
f 601 603 547
f 601 335 333
f 601 705 335
f 601 705 600
f 601 705 602
f 601 549 602
f 601 600 704
f 601 652 704
f 601 602 652
f 601 653 652
f 601 653 600
f 601 653 600
f 601 651 600
f 601 602 652
f 601 651 652
f 601 602 600
f 601 651 600
f 649 599 602
f 649 647 599
f 649 603 602
f 649 598 599
f 649 647 598
f 649 598 650
f 649 647 598
f 649 705 603
f 649 705 603
f 649 596 650
f 649 647 596
f 649 708 707
f 649 596 659
f 649 647 596
f 649 709 708
f 649 659 650
f 649 647 659
f 649 709 710
f 649 702 650
f 649 716 715
f 290 289 233
f 290 291 233
f 290 235 289
f 290 291 235
f 290 236 235
f 290 236 336
f 290 236 336
f 290 337 336
f 290 291 337
f 290 335 336
f 290 291 335
f 290 291 335
f 290 230 229
f 290 230 291
f 290 337 289
f 290 291 337
f 290 227 229
f 290 291 227
f 290 339 289
f 290 339 291
f 290 225 227
f 290 291 225
f 290 339 340
f 290 339 291
f 290 224 225
f 290 224 291
f 290 340 341
f 290 341 342
f 290 340 341
f 290 291 340
f 290 344 342
f 290 218 289
f 290 218 291
f 290 344 342
f 290 291 342
f 290 207 289
f 290 207 291
f 290 289 386
f 290 344 386
f 290 344 289
f 290 387 289
f 290 387 291
f 290 207 284
f 290 207 291
f 290 295 284
f 290 291 295
f 290 392 390
f 290 392 291
f 292 293 233
f 292 291 233
f 292 293 333
f 292 232 293
f 292 291 232
f 292 333 334
f 292 291 334
f 292 293 333
f 292 293 335
f 292 291 335
f 292 230 293
f 292 230 291
f 292 293 335
f 292 291 335
f 292 293 227
f 292 291 227
f 292 337 293
f 292 291 337
f 292 225 293
f 292 291 225
f 292 339 337
f 292 224 225
f 292 224 291
f 292 291 337
f 292 339 337
f 292 339 291
f 292 339 291
f 292 392 390
f 292 392 291
f 292 218 293
f 292 392 293
f 292 392 291
f 292 291 295
f 292 218 295
f 292 218 291
f 388 390 288
f 388 387 288
f 388 387 390
f 388 390 288
f 388 387 288
f 388 290 390
f 388 290 387
f 388 290 291
f 388 290 387
f 388 292 291
f 388 292 339
f 388 291 340
f 388 387 291
f 388 387 343
f 388 387 343
f 388 445 444
f 388 387 344
f 388 445 387
f 388 445 387
f 388 345 344
f 388 445 345
f 388 445 345
f 388 387 447
f 388 387 447
f 388 387 450
f 388 484 450
f 388 484 387
f 388 484 387
f 393 295 296
f 393 392 295
f 393 392 295
f 393 297 296
f 393 392 297
f 393 298 297
f 393 392 297
f 393 298 297
f 393 334 332
f 393 331 332
f 393 298 331
f 393 298 334
f 393 335 334
f 393 392 335
f 393 335 336
f 393 337 336
f 393 337 335
f 393 392 337
f 393 392 337
f 393 337 395
f 393 337 338
f 393 339 392
f 393 339 338
f 393 441 395
f 393 339 441
f 393 339 340
f 393 340 441
f 391 340 341
f 391 393 340
f 391 393 392
f 391 340 390
f 391 393 339
f 391 393 339
f 391 339 340
f 391 445 444
f 391 445 392
f 391 339 392
f 391 445 447
f 391 445 392
f 391 392 337
f 391 339 337
f 391 339 337
f 391 447 390
f 391 392 390
f 391 392 447
f 391 392 390
f 391 390 295
f 391 337 295
f 391 337 390
f 391 337 295
f 391 392 337
f 391 295 335
f 391 392 295
f 391 335 296
f 391 392 296
f 391 392 335
f 137 178 139
f 137 73 72
f 137 76 74
f 137 76 139
f 282 281 241
f 282 283 241
f 282 281 243
f 282 281 241
f 282 283 241
f 282 243 344
f 282 283 344
f 282 281 243
f 282 283 240
f 282 243 345
f 282 283 345
f 282 281 346
f 282 283 346
f 282 281 227
f 282 281 346
f 282 283 346
f 282 240 284
f 282 227 284
f 282 227 240
f 282 225 227
f 282 225 281
f 282 225 281
f 282 378 284
f 282 378 281
f 282 378 377
f 282 378 281
f 282 281 348
f 282 283 348
f 282 381 284
f 282 381 281
f 282 381 281
f 282 377 376
f 282 283 376
f 282 281 377
f 282 281 376
f 282 283 376
f 282 350 351
f 282 350 283
f 282 281 374
f 282 283 374
f 282 352 351
f 282 352 283
f 282 281 372
f 282 283 372
f 282 352 281
f 282 352 283
f 282 281 372
f 282 283 372
f 282 281 367
f 282 283 367
f 282 358 281
f 282 281 367
f 282 283 367
f 282 358 281
f 282 358 283
f 279 280 225
f 279 225 243
f 279 225 243
f 279 280 243
f 279 244 243
f 279 280 244
f 279 280 244
f 279 244 246
f 279 244 278
f 279 246 245
f 279 280 245
f 279 280 204
f 279 280 348
f 279 207 278
f 279 207 204
f 279 207 204
f 279 350 351
f 279 350 280
f 279 352 351
f 279 352 280
f 279 280 387
f 279 352 353
f 279 352 280
f 279 278 384
f 279 280 384
f 279 278 382
f 279 280 382
f 279 358 278
f 279 358 280
f 279 381 278
f 279 280 381
f 279 358 359
f 279 381 378
f 279 280 381
f 279 361 359
f 279 358 361
f 279 358 280
f 279 378 377
f 279 280 378
f 279 361 278
f 279 280 361
f 279 280 377
f 279 278 367
f 279 280 367
f 279 377 376
f 279 377 278
f 279 280 376
f 279 278 367
f 279 280 367
f 279 278 374
f 279 280 374
f 279 278 372
f 279 280 372
f 279 278 372
f 279 280 372
f 145 66 61
f 145 172 169
f 145 68 61
f 145 144 143
f 145 60 148
f 145 60 143
f 145 144 172
f 145 144 172
f 145 70 68
f 145 143 70
f 145 143 70
f 145 60 59
f 145 60 59
f 145 58 59
f 145 58 59
f 145 195 194
f 145 195 194
f 145 58 148
f 145 148 53
f 145 58 53
f 145 58 143
f 145 195 196
f 145 52 148
f 145 52 143
f 145 52 148
f 145 52 143
f 145 148 51
f 145 143 51
f 145 44 45
f 145 44 148
f 145 84 45
f 145 84 143
f 145 84 143
f 145 148 45
f 145 143 45
f 145 44 43
f 145 44 148
f 145 42 43
f 145 42 148
f 145 42 148
f 146 165 166
f 146 165 164
f 146 166 167
f 146 145 68
f 146 145 144
f 146 67 69
f 146 144 69
f 146 168 167
f 146 68 67
f 146 144 68
f 146 168 169
f 146 144 169
f 251 252 163
f 251 252 165
f 251 352 353
f 251 352 252
f 251 252 163
f 251 252 165
f 251 352 351
f 251 352 252
f 251 166 167
f 251 252 166
f 251 350 351
f 251 350 252
f 251 168 167
f 251 252 168
f 251 168 250
f 251 252 250
f 251 252 168
f 251 250 275
f 251 350 275
f 251 350 252
f 251 250 275
f 251 252 275
f 251 273 250
f 251 252 273
f 251 252 273
f 255 358 160
f 255 358 160
f 255 352 351
f 255 259 167
f 255 168 259
f 255 168 259
f 711 710 605
f 711 713 605
f 711 710 92
f 711 713 92
f 711 710 606
f 711 713 606
f 711 90 710
f 711 713 90
f 711 607 710
f 711 90 88
f 711 713 90
f 711 88 710
f 711 713 88
f 711 607 644
f 711 607 710
f 711 710 87
f 711 644 608
f 711 710 644
f 711 710 702
f 711 647 710
f 711 651 702
f 711 651 710
f 711 651 710
f 711 649 710
f 714 328 607
f 714 713 607
f 714 713 328
f 714 713 607
f 714 95 713
f 714 715 610
f 714 713 610
f 714 95 213
f 714 715 610
f 714 90 715
f 714 713 90
f 714 610 640
f 714 713 610
f 714 715 640
f 714 90 715
f 714 713 90
f 714 715 642
f 714 713 642
f 714 715 88
f 714 713 88
f 714 715 644
f 714 713 644
f 714 715 87
f 714 713 87
f 714 713 644
f 714 644 645
f 714 715 645
f 714 715 644
f 714 647 715
f 714 713 647
f 714 18 17
f 714 715 17
f 714 702 18
f 714 715 702
f 714 649 715
f 325 326 404
f 325 326 406
f 325 326 409
f 325 404 402
f 325 326 404
f 325 326 402
f 325 413 412
f 325 326 400
f 325 419 413
f 325 326 419
f 325 326 400
f 325 419 413
f 325 326 399
f 325 326 397
f 325 326 428
f 325 305 397
f 325 326 397
f 325 326 305
f 325 326 304
f 325 428 610
f 325 326 428
f 325 610 717
f 325 228 326
f 325 610 608
f 325 326 608
f 325 326 610
f 325 213 326
f 325 326 227
f 325 326 214
f 325 326 216
f 325 224 225
f 325 224 326
f 325 326 216
f 325 224 326
f 327 328 404
f 327 326 404
f 327 328 406
f 327 326 406
f 327 328 404
f 327 326 404
f 327 328 402
f 327 326 402
f 327 419 409
f 327 326 409
f 327 326 419
f 327 328 400
f 327 326 400
f 327 328 400
f 327 326 400
f 327 328 428
f 327 326 428
f 327 328 399
f 327 326 399
f 327 326 428
f 327 328 397
f 327 326 397
f 327 607 428
f 327 328 607
f 327 328 397
f 327 326 397
f 327 714 607
f 327 714 328
f 327 328 396
f 327 326 715
f 327 714 715
f 327 302 328
f 327 213 326
f 327 714 213
f 327 213 326
f 327 714 95
f 327 714 95
f 327 328 214
f 327 326 214
f 327 95 328
f 327 95 213
f 327 326 300
f 327 328 216
f 327 326 216
f 327 230 328
f 327 228 328
f 327 228 326
f 327 228 328
f 327 228 326
f 327 328 227
f 327 326 227
f 327 224 328
f 327 224 326
f 327 224 328
f 327 224 326
f 299 300 395
f 299 298 395
f 299 300 396
f 299 298 396
f 299 331 330
f 299 300 330
f 299 393 331
f 299 393 298
f 299 393 298
f 299 298 331
f 299 298 396
f 299 300 329
f 299 298 329
f 299 302 396
f 299 302 300
f 299 300 328
f 299 298 328
f 299 327 300
f 299 230 298
f 299 327 230
f 299 230 298
f 299 327 300
f 299 327 230
f 299 300 210
f 299 298 210
f 299 228 300
f 299 228 298
f 299 300 210
f 299 298 210
f 299 228 300
f 299 228 298
f 299 300 227
f 299 298 227
f 299 213 300
f 299 213 298
f 299 225 300
f 299 298 225
f 299 300 214
f 299 298 214
f 299 224 225
f 299 224 298
f 299 300 216
f 299 298 216
f 299 300 216
f 299 298 216
f 299 218 300
f 299 218 298
f 301 300 328
f 301 302 328
f 301 300 329
f 301 302 329
f 301 302 300
f 301 327 300
f 301 327 302
f 301 327 326
f 301 327 302
f 301 325 228
f 301 326 300
f 301 228 300
f 301 228 326
f 301 228 300
f 301 300 227
f 301 225 300
f 301 224 225
f 301 224 300
f 301 224 302
f 301 302 300
f 301 218 300
f 301 218 302
f 624 316 317
f 624 316 727
f 624 316 317
f 624 728 421
f 624 728 727
f 624 728 727
f 624 421 625
f 624 722 622
f 624 524 625
f 624 622 720
f 624 718 622
f 624 632 622
f 624 628 631
f 624 632 631
f 726 317 727
f 726 318 317
f 726 624 317
f 726 103 727
f 726 103 727
f 726 624 727
f 726 727 102
f 726 727 101
f 726 628 727
f 726 99 727
f 726 628 727
f 726 99 98
f 726 630 727
f 726 631 630
f 726 632 631
f 726 632 727
f 726 89 90
f 726 634 727
f 726 89 88
f 726 634 727
f 726 727 636
f 726 727 636
f 726 727 638
f 726 7 4
f 726 7 727
f 726 727 638
f 726 729 4
f 726 729 727
f 726 727 639
f 726 729 702
f 726 727 640
f 726 729 644
f 726 727 642
f 726 729 643
f 726 729 643
f 726 643 727
f 423 318 622
f 423 325 326
f 423 524 525
f 423 327 326
f 423 520 522
f 423 419 412
f 423 419 409
f 423 327 419
f 423 327 328
f 423 411 412
f 423 419 413
f 423 413 412
f 621 622 526
f 621 620 526
f 621 622 526
f 621 620 526
f 621 529 620
f 621 529 530
f 621 529 620
f 621 533 534
f 621 627 629
f 621 628 630
f 621 628 622
f 621 631 622
f 621 620 631
f 719 620 622
f 719 620 718
f 719 624 622
f 719 624 718
f 719 617 620
f 719 617 620
f 719 718 720
f 719 617 720
f 719 617 718
f 719 632 628
f 719 632 628
f 719 632 720
f 719 632 718
f 719 720 637
f 719 718 637
f 719 720 638
f 719 718 638
f 719 720 638
f 719 718 638
f 719 720 639
f 719 718 639
f 719 720 640
f 719 718 640
f 719 720 642
f 719 718 642
f 719 643 720
f 719 643 718
f 719 643 718
f 719 718 644
f 719 643 644
f 719 643 720
f 719 644 721
f 719 718 645
f 719 721 645
f 719 647 718
f 719 647 718
f 719 702 721
f 719 647 702
f 719 718 720
f 719 702 721
f 719 720 721
f 719 13 702
f 719 718 13
f 719 13 12
f 719 718 12
f 719 718 13
f 626 628 627
f 626 624 724
f 626 722 628
f 626 624 722
f 626 726 727
f 626 726 727
f 626 628 720
f 626 624 720
f 626 728 727
f 626 728 727
f 626 719 628
f 626 719 624
f 626 729 627
f 626 729 728
f 626 729 728
f 626 719 628
f 626 719 624
f 626 632 628
f 626 632 718
f 626 624 718
f 626 624 632
f 626 632 628
f 626 624 628
f 626 624 632
f 723 320 321
f 723 722 321
f 723 722 320
f 723 319 724
f 723 320 319
f 723 724 101
f 723 722 101
f 723 622 319
f 723 320 622
f 723 724 101
f 723 624 622
f 723 624 722
f 723 620 320
f 723 722 620
f 723 722 620
f 723 99 101
f 723 722 99
f 723 99 724
f 723 626 624
f 723 626 624
f 723 626 628
f 723 626 722
f 723 628 630
f 723 722 628
f 723 631 630
f 723 722 631
f 723 632 631
f 723 632 722
f 723 89 722
f 723 632 722
f 723 89 722
f 723 634 724
f 723 722 634
f 723 634 633
f 723 632 633
f 723 632 634
f 723 726 89
f 723 636 724
f 723 722 636
f 723 722 10
f 723 722 88
f 723 636 724
f 723 722 636
f 723 7 10
f 723 7 88
f 723 638 724
f 723 722 638
f 723 7 10
f 723 10 12
f 723 722 12
f 723 722 10
f 723 7 88
f 723 726 88
f 723 726 7
f 723 638 724
f 723 722 724
f 723 722 638
f 615 538 614
f 615 538 614
f 615 614 540
f 615 617 538
f 615 617 538
f 615 617 634
f 615 541 614
f 615 617 634
f 615 541 614
f 615 634 636
f 615 634 616
f 615 614 636
f 615 614 616
f 615 634 636
f 615 636 633
f 615 614 636
f 615 543 542
f 615 543 614
f 615 582 584
f 615 543 545
f 615 543 614
f 615 585 584
f 615 614 585
f 615 545 582
f 615 545 585
f 615 614 545
f 536 621 537
f 536 617 616
f 536 617 534
f 536 617 534
f 536 538 616
f 536 538 614
f 536 614 428
f 536 538 614
f 536 534 428
f 536 614 428
f 536 538 428
f 536 538 436
f 536 504 537
f 536 504 505
f 536 504 505
f 536 505 436
f 536 538 505
f 536 538 505
f 618 620 427
f 618 529 427
f 618 529 617
f 618 529 620
f 618 620 321
f 618 617 321
f 618 617 321
f 618 617 620
f 618 321 720
f 618 620 720
f 618 722 321
f 618 722 620
f 618 722 620
f 618 617 534
f 618 536 617
f 618 536 617
f 618 617 538
f 618 617 538
f 618 615 540
f 618 615 617
f 618 632 617
f 618 617 634
f 618 632 634
f 618 632 617
f 618 615 617
f 506 504 505
f 506 504 505
f 506 536 534
f 506 536 505
f 506 431 505
f 506 504 430
f 506 536 534
f 506 536 505
f 506 431 432
f 506 431 505
f 506 432 428
f 506 432 428
f 506 505 428
f 506 505 432
f 503 501 567
f 503 504 567
f 503 504 569
f 503 501 567
f 503 504 567
f 503 493 569
f 503 501 493
f 503 504 571
f 503 501 537
f 503 493 571
f 503 538 537
f 503 504 538
f 503 501 502
f 503 493 489
f 503 504 489
f 503 504 493
f 503 501 493
f 503 504 493
f 503 538 502
f 503 501 401
f 503 504 401
f 503 538 505
f 503 504 538
f 503 501 432
f 503 501 431
f 503 504 431
f 503 501 431
f 503 504 431
f 503 501 401
f 503 504 401
f 503 505 436
f 503 432 502
f 503 504 432
f 503 501 430
f 503 501 405
f 503 504 405
f 503 436 502
f 503 505 436
f 503 504 505
f 503 502 434
f 503 504 434
f 503 408 430
f 503 504 408
f 503 504 408
f 503 502 434
f 503 504 434
f 231 187 232
f 231 187 188
f 231 187 230
f 231 187 230
f 231 288 289
f 231 230 288
f 231 230 288
f 231 188 233
f 231 290 289
f 231 288 233
f 231 288 287
f 231 290 230
f 231 291 232
f 231 290 291
f 231 286 287
f 231 230 286
f 231 290 230
f 231 286 235
f 231 292 291
f 231 292 230
f 231 230 286
f 231 190 236
f 231 292 232
f 231 292 230
f 231 236 286
f 231 236 286
f 231 236 285
f 231 232 293
f 231 230 293
f 231 284 285
f 231 230 284
f 231 230 284
f 231 232 294
f 231 230 294
f 231 230 297
f 231 297 329
f 231 329 296
f 231 232 296
f 231 297 328
f 231 230 328
f 231 230 329
f 231 298 297
f 231 230 298
f 231 230 298
f 231 232 331
f 231 230 331
f 231 232 331
f 231 230 331
f 231 232 333
f 231 230 333
f 231 232 335
f 231 230 335
f 231 230 232
f 548 567 547
f 548 549 567
f 548 547 582
f 548 549 582
f 548 547 585
f 548 549 585
f 548 547 585
f 548 549 585
f 548 549 553
f 548 547 609
f 548 549 609
f 548 553 493
f 548 547 553
f 548 549 493
f 548 547 609
f 548 549 609
f 548 547 493
f 548 547 607
f 548 549 607
f 548 492 493
f 548 549 492
f 548 547 606
f 548 549 606
f 548 492 446
f 548 549 492
f 548 446 494
f 548 547 494
f 548 547 446
f 548 445 547
f 548 549 445
f 548 603 547
f 548 549 603
f 548 445 547
f 548 549 445
f 548 603 547
f 548 549 603
f 548 601 547
f 548 601 549
f 548 601 547
f 548 549 444
f 548 601 444
f 548 601 549
f 565 547 493
f 565 546 547
f 565 547 553
f 565 548 547
f 565 546 493
f 565 493 491
f 565 553 555
f 565 553 555
f 565 489 491
f 565 555 582
f 565 584 564
f 565 582 584
f 565 487 489
f 565 556 584
f 565 555 556
f 565 555 556
f 565 487 486
f 565 580 578
f 565 466 467
f 565 486 485
f 565 469 467
f 565 484 485
f 565 471 469
f 565 484 483
f 565 483 482
f 565 482 564
f 565 564 480
f 565 564 480
f 565 478 564
f 706 702 704
f 706 705 704
f 706 705 702
f 706 653 702
f 706 707 653
f 706 705 653
f 706 707 702
f 706 707 653
f 706 705 653
f 706 702 20
f 706 705 20
f 706 705 702
f 706 707 87
f 706 705 87
f 706 707 652
f 706 705 652
f 706 705 88
f 706 649 707
f 706 649 705
f 706 708 88
f 706 708 707
f 706 649 705
f 706 705 88
f 706 603 707
f 706 705 603
f 706 228 88
f 706 228 708
f 706 705 229
f 706 708 603
f 706 601 708
f 706 601 705
f 706 601 708
f 706 705 603
f 706 228 229
f 706 228 708
f 706 601 603
f 706 705 335
f 706 601 335
f 706 601 705
f 455 359 360
f 455 456 359
f 455 456 360
f 455 359 357
f 455 456 359
f 455 360 363
f 455 456 363
f 455 360 365
f 455 360 365
f 455 456 365
f 455 352 353
f 455 352 456
f 455 352 456
f 455 365 454
f 455 456 372
f 455 365 372
f 455 456 372
f 455 456 365
f 455 375 372
f 455 454 375
f 455 456 375
f 455 376 454
f 455 456 376
f 455 377 376
f 455 456 377
f 455 378 377
f 455 456 378
f 455 456 378
f 455 378 453
f 455 378 453
f 455 456 379
f 455 453 379
f 455 381 453
f 455 456 381
f 455 381 382
f 455 456 381
f 455 482 453
f 455 456 482
f 455 453 480
f 455 456 480
f 455 382 453
f 455 456 382
f 455 483 453
f 455 483 482
f 455 456 483
f 455 453 480
f 455 456 480
f 455 384 453
f 455 483 485
f 455 456 483
f 455 384 453
f 455 477 384
f 455 456 477
f 455 485 556
f 455 456 556
f 455 456 485
f 455 477 384
f 455 456 477
f 459 365 460
f 459 458 365
f 459 363 460
f 459 458 363
f 459 458 365
f 459 363 460
f 459 458 363
f 459 369 460
f 459 365 369
f 459 365 369
f 459 460 372
f 459 458 372
f 459 360 460
f 459 458 360
f 459 460 372
f 459 458 372
f 459 359 360
f 459 458 359
f 459 458 374
f 459 359 357
f 459 458 359
f 459 461 374
f 459 461 460
f 459 458 375
f 459 461 375
f 459 458 376
f 459 376 461
f 459 352 353
f 459 352 457
f 459 458 457
f 459 458 377
f 459 352 351
f 459 352 351
f 459 482 460
f 459 457 482
f 459 478 460
f 459 458 378
f 459 350 351
f 459 350 351
f 459 482 558
f 459 457 482
f 459 478 480
f 459 458 480
f 459 458 478
f 459 477 478
f 459 458 477
f 459 559 558
f 459 457 559
f 459 457 559
f 248 249 172
f 248 352 351
f 248 168 353
f 248 352 353
f 248 350 351
f 248 168 250
f 248 249 250
f 248 353 167
f 248 168 167
f 248 168 353
f 248 279 278
f 248 278 348
f 248 249 250
f 349 589 461
f 349 350 461
f 349 589 461
f 349 350 461
f 349 590 348
f 349 589 590
f 349 459 350
f 349 589 588
f 349 350 588
f 349 590 348
f 349 589 590
f 349 457 348
f 349 459 457
f 349 459 350
f 349 350 243
f 349 456 457
f 349 350 456
f 349 348 242
f 349 243 242
f 349 243 348
f 349 244 243
f 349 350 244
f 349 456 348
f 349 350 456
f 349 244 348
f 349 350 244
f 349 350 453
f 349 452 453
f 349 348 452
f 349 350 452
f 349 248 350
f 349 348 452
f 349 350 452
f 349 251 350
f 349 248 348
f 349 248 250
f 349 450 348
f 349 350 450
f 349 251 250
f 349 251 350
f 349 450 449
f 349 350 450
f 349 278 348
f 349 350 278
f 349 449 348
f 349 350 449
f 349 279 278
f 349 279 350
f 349 447 348
f 349 279 280
f 349 279 350
f 349 447 448
f 349 350 448
f 349 280 281
f 349 350 280
f 349 348 384
f 349 447 384
f 349 447 348
f 349 382 348
f 349 350 382
f 349 282 281
f 349 282 350
f 349 350 381
f 349 282 283
f 349 282 350
f 349 382 348
f 349 381 382
f 349 350 381
f 349 283 348
f 349 350 283
f 349 286 348
f 349 350 286
f 349 348 284
f 349 350 284
f 349 286 348
f 349 350 286
f 465 466 576
f 465 464 576
f 465 464 569
f 465 569 574
f 465 466 569
f 465 466 569
f 465 464 569
f 465 358 466
f 465 464 358
f 465 573 574
f 465 466 573
f 465 466 573
f 465 358 466
f 465 464 358
f 465 565 466
f 465 565 464
f 465 466 359
f 465 464 359
f 465 466 563
f 465 466 361
f 465 464 361
f 465 466 563
f 465 466 361
f 465 464 361
f 465 466 363
f 465 464 363
f 465 466 363
f 465 464 363
f 465 471 466
f 465 466 365
f 465 464 365
f 465 471 464
f 465 466 365
f 465 464 470
f 465 471 470
f 465 365 367
f 465 464 365
f 465 466 367
f 465 469 466
f 465 471 469
f 465 471 469
f 465 368 466
f 465 464 368
f 465 377 468
f 465 466 468
f 465 378 377
f 465 464 378
f 465 464 378
f 465 464 377
f 465 368 466
f 465 464 368
f 465 466 376
f 465 464 376
f 465 466 369
f 465 464 369
f 465 466 375
f 465 464 375
f 465 466 371
f 465 464 371
f 465 466 374
f 465 464 374
f 465 466 372
f 465 464 372
f 465 466 372
f 465 464 372
f 356 461 357
f 356 465 464
f 356 459 357
f 356 465 466
f 356 465 466
f 356 456 457
f 356 458 457
f 356 459 458
f 356 459 458
f 356 163 162
f 356 357 576
f 356 466 576
f 356 466 357
f 356 455 456
f 356 160 357
f 356 160 162
f 356 251 163
f 356 251 163
f 356 455 357
f 356 251 252
f 356 357 453
f 356 452 357
f 356 257 357
f 356 376 452
f 356 260 357
f 356 377 376
f 356 452 357
f 356 376 452
f 356 377 379
f 356 261 263
f 356 261 260
f 356 261 260
f 356 357 266
f 356 263 266
f 356 263 357
f 356 357 268
f 356 270 357
f 356 357 272
f 356 270 272
f 356 270 357
f 356 273 357
f 356 273 357
f 356 357 275
f 356 357 275
f 356 357 276
f 356 278 357
f 463 464 363
f 463 464 365
f 463 464 363
f 463 464 368
f 463 464 361
f 463 464 368
f 463 464 361
f 463 464 369
f 463 464 359
f 463 464 371
f 463 464 358
f 463 464 372
f 463 464 358
f 463 461 372
f 463 464 372
f 463 356 464
f 463 461 374
f 463 464 374
f 463 461 375
f 463 464 375
f 463 376 461
f 463 464 376
f 463 464 377
f 463 459 376
f 463 459 377
f 463 464 378
f 463 459 378
f 463 459 474
f 463 459 458
f 463 458 378
f 463 464 378
f 463 474 458
f 463 459 474
f 463 458 379
f 463 464 379
f 463 464 472
f 463 458 381
f 463 381 472
f 463 458 381
f 463 381 470
f 463 470 468
f 463 464 468
f 463 464 470
f 475 474 571
f 475 474 569
f 475 474 569
f 475 474 567
f 475 459 474
f 475 561 478
f 475 561 478
f 475 463 474
f 473 472 571
f 473 474 571
f 473 474 472
f 473 472 571
f 473 474 571
f 473 472 569
f 473 474 569
f 473 474 569
f 473 471 569
f 473 471 472
f 473 474 567
f 473 471 567
f 473 475 474
f 473 471 464
f 473 565 471
f 473 475 565
f 473 463 464
f 473 463 474
f 473 475 463
f 473 471 563
f 473 475 563
f 473 465 464
f 473 465 471
f 473 465 471
f 473 471 467
f 473 471 563
f 473 475 563
f 473 467 561
f 473 475 561
f 473 475 467
f 476 571 477
f 476 474 571
f 476 475 474
f 476 475 459
f 476 571 477
f 476 475 571
f 476 474 458
f 476 459 458
f 476 459 474
f 476 459 477
f 476 569 477
f 476 475 569
f 476 459 461
f 476 475 459
f 476 569 477
f 476 475 569
f 476 477 478
f 476 461 478
f 476 475 461
f 476 567 477
f 476 475 567
f 476 565 478
f 476 565 477
f 476 563 478
f 476 475 563
f 476 475 565
f 476 563 478
f 476 475 478
f 476 475 563
f 208 107 106
f 208 207 107
f 208 207 107
f 208 105 106
f 208 207 105
f 208 105 104
f 208 207 105
f 208 103 104
f 208 103 102
f 208 103 102
f 208 102 210
f 208 102 101
f 208 99 101
f 208 210 211
f 208 99 210
f 220 279 218
f 220 218 280
f 220 218 281
f 220 218 284
f 220 218 286
f 220 218 286
f 220 218 288
f 220 218 288
f 220 290 218
f 220 290 218
f 220 292 218
f 220 292 218
f 220 218 293
f 220 218 295
f 220 218 297
f 220 218 298
f 220 299 218
f 220 299 218
f 220 301 218
f 220 304 306
f 220 301 218
f 219 325 326
f 219 216 92
f 219 326 216
f 219 327 326
f 219 329 92
f 219 216 329
f 219 328 216
f 219 322 217
f 219 327 328
f 219 322 321
f 219 320 321
f 219 218 320
f 219 220 320
f 219 218 320
f 219 220 320
f 219 218 318
f 219 220 318
f 219 218 318
f 219 220 318
f 219 218 316
f 219 316 317
f 219 220 317
f 219 218 316
f 219 218 314
f 219 220 314
f 219 218 313
f 219 313 310
f 219 220 313
f 219 218 310
f 219 218 310
f 219 220 310
f 219 218 307
f 219 220 307
f 219 218 306
f 219 220 306
f 219 218 306
f 219 220 306
f 219 218 304
f 219 220 304
f 219 220 218
f 133 134 84
f 133 77 134
f 133 187 188
f 133 76 77
f 133 76 77
f 133 79 87
f 133 134 87
f 133 76 79
f 133 76 134
f 133 134 87
f 133 134 182
f 133 134 182
f 185 180 241
f 185 88 87
f 185 232 88
f 141 173 143
f 141 143 70
f 141 140 143
f 141 173 174
f 141 70 71
f 141 140 70
f 141 174 142
f 141 71 142
f 141 140 71
f 138 141 174
f 138 141 140
f 138 141 140
f 138 140 71
f 138 140 139
f 138 137 177
f 138 137 71
f 138 178 139
f 138 137 178
f 138 137 178
f 138 139 72
f 138 137 72
f 138 73 139
f 138 137 73
f 138 73 139
f 138 137 139
f 138 137 73
f 117 118 86
f 117 116 86
f 117 119 118
f 117 28 85
f 117 119 196
f 117 37 28
f 117 37 28
f 117 119 37
f 117 195 196
f 117 195 116
f 117 195 116
f 117 119 37
f 117 150 153
f 117 119 150
f 117 119 150
f 94 95 116
f 94 117 116
f 94 117 116
f 94 11 10
f 94 11 86
f 94 95 7
f 94 10 8
f 94 95 8
f 94 95 10
f 94 95 7
f 94 95 4
f 94 95 4
f 94 95 2
f 94 95 2
f 94 95 728
f 94 726 95
f 97 99 98
f 97 99 194
f 97 116 194
f 97 8 98
f 97 195 196
f 97 195 95
f 97 195 99
f 97 195 95
f 97 95 116
f 97 7 8
f 97 7 6
f 97 208 99
f 97 6 98
f 97 98 4
f 97 98 4
f 97 99 718
f 97 95 718
f 97 213 715
f 97 95 715
f 97 95 213
f 97 2 98
f 97 99 718
f 97 95 718
f 97 722 99
f 97 95 722
f 97 729 728
f 97 2 729
f 97 2 729
f 97 728 98
f 97 723 99
f 97 723 722
f 97 723 95
f 97 726 98
f 91 90 12
f 91 118 92
f 91 119 118
f 91 119 118
f 91 10 12
f 91 10 92
f 91 90 10
f 91 10 8
f 91 7 8
f 91 7 10
f 91 7 90
f 91 7 92
f 91 7 90
f 91 92 4
f 91 90 4
f 91 2 92
f 91 2 90
f 91 2 728
f 91 2 90
f 91 728 727
f 91 90 728
f 91 726 727
f 91 726 90
f 91 723 722
f 91 723 722
f 91 90 720
f 91 722 720
f 91 722 90
f 189 190 90
f 189 190 123
f 189 90 188
f 189 190 90
f 189 228 188
f 189 190 228
f 189 228 188
f 189 190 228
f 189 230 188
f 189 190 230
f 189 133 188
f 189 231 230
f 189 231 190
f 189 190 180
f 189 188 236
f 189 188 235
f 189 231 235
f 189 231 188
f 189 231 236
f 189 231 190
f 189 180 188
f 189 190 180
f 189 190 236
f 189 188 243
f 189 190 243
f 189 236 237
f 189 188 237
f 189 188 236
f 189 188 240
f 189 190 240
f 189 188 241
f 189 190 241
f 189 188 241
f 189 190 241
f 93 195 194
f 93 195 95
f 93 195 196
f 93 195 95
f 93 94 95
f 93 118 92
f 93 219 92
f 93 214 92
f 93 95 214
f 93 10 92
f 93 94 10
f 93 117 118
f 93 94 117
f 93 94 117
f 93 718 720
f 93 95 718
f 93 722 720
f 93 95 722
f 93 328 214
f 93 95 328
f 93 10 8
f 93 94 10
f 93 718 92
f 93 95 718
f 93 723 722
f 93 723 95
f 93 94 723
f 93 713 328
f 93 95 713
f 93 7 8
f 93 94 7
f 93 715 92
f 93 95 715
f 93 714 713
f 93 714 95
f 93 7 92
f 93 94 7
f 93 714 715
f 93 714 95
f 93 726 727
f 93 94 726
f 93 92 4
f 93 94 4
f 93 728 727
f 93 94 728
f 93 92 4
f 93 94 4
f 93 2 728
f 93 94 2
f 93 2 92
f 93 94 2
f 192 97 95
f 192 90 223
f 192 224 223
f 192 230 227
f 192 230 227
f 192 231 230
f 122 89 123
f 122 89 90
f 122 123 86
f 122 195 194
f 122 140 139
f 122 140 194
f 122 145 195
f 122 145 195
f 122 140 139
f 122 145 143
f 122 119 148
f 122 145 148
f 122 140 143
f 122 145 196
f 175 180 139
f 175 190 180
f 175 190 180
f 175 173 174
f 175 141 173
f 175 141 140
f 175 192 140
f 175 174 246
f 175 244 246
f 175 244 174
f 175 141 173
f 175 141 140
f 175 173 172
f 175 192 172
f 175 173 249
f 124 126 90
f 124 89 90
f 124 89 88
f 124 89 90
f 124 88 123
f 124 126 90
f 124 123 87
f 124 189 90
f 124 123 86
f 124 189 123
f 124 189 90
f 124 189 190
f 124 91 123
f 124 91 90
f 124 91 90
f 222 224 297
f 222 220 297
f 222 224 295
f 222 224 298
f 222 220 295
f 222 220 298
f 222 224 293
f 222 299 224
f 222 220 293
f 222 220 299
f 222 292 224
f 222 224 300
f 222 299 224
f 222 220 292
f 222 220 299
f 222 301 300
f 222 220 301
f 222 224 196
f 222 292 224
f 222 220 292
f 222 301 302
f 222 220 301
f 222 290 224
f 222 220 290
f 222 290 224
f 222 220 290
f 222 223 304
f 222 225 278
f 222 220 279
f 222 224 288
f 222 220 288
f 222 223 306
f 222 279 225
f 222 220 279
f 222 224 288
f 222 220 288
f 222 223 310
f 222 279 280
f 222 220 280
f 222 224 286
f 222 220 286
f 222 223 314
f 222 322 321
f 222 280 225
f 222 220 281
f 222 220 286
f 222 320 321
f 222 225 281
f 222 220 284
f 222 225 286
f 222 224 225
f 222 318 223
f 222 320 223
f 222 225 284
f 222 318 223
f 108 196 112
f 108 112 101
f 108 109 112
f 108 109 101
f 108 102 101
f 108 102 101
f 108 109 102
f 108 207 107
f 108 102 107
f 108 109 102
f 108 22 107
f 108 109 22
f 108 22 107
f 108 109 22
f 110 98 111
f 110 99 98
f 110 109 99
f 110 99 98
f 110 109 99
f 110 98 100
f 110 98 111
f 110 109 100
f 110 111 85
f 110 109 85
f 648 647 603
f 648 649 603
f 648 649 647
f 648 647 603
f 648 649 603
f 648 647 605
f 648 707 605
f 648 706 707
f 648 706 649
f 648 706 649
f 648 708 707
f 648 649 708
f 648 709 708
f 648 709 647
f 648 649 709
f 648 709 647
f 648 649 709
f 648 711 647
f 648 711 649
f 648 714 713
f 648 714 649
f 648 714 647
f 648 714 649
f 648 716 647
f 648 649 716
f 648 649 716
f 648 647 718
f 648 716 718
f 648 716 647
f 648 647 702
f 648 649 702
f 648 649 647
f 389 340 341
f 389 388 340
f 389 340 390
f 389 391 341
f 389 391 390
f 389 388 343
f 389 339 340
f 389 388 339
f 389 339 390
f 389 444 343
f 389 388 343
f 389 388 444
f 389 445 444
f 389 388 445
f 389 292 390
f 389 292 339
f 389 388 292
f 389 388 445
f 389 292 291
f 389 388 291
f 389 388 292
f 389 445 447
f 389 445 447
f 389 388 447
f 389 388 484
f 389 447 390
f 389 484 390
f 389 484 447
f 389 484 447
f 389 388 447
f 389 388 484
f 136 180 134
f 136 180 179
f 136 134 87
f 136 179 87
f 136 179 87
f 136 178 179
f 136 137 178
f 136 73 87
f 136 73 134
f 136 73 71
f 136 137 71
f 136 137 73
f 136 137 73
f 136 178 177
f 136 137 177
f 136 137 178
f 136 73 74
f 136 137 74
f 149 165 150
f 149 165 164
f 149 146 165
f 149 146 165
f 149 166 150
f 149 165 166
f 149 66 151
f 149 146 66
f 149 164 151
f 149 146 164
f 149 166 167
f 149 65 66
f 149 65 148
f 149 151 67
f 149 146 67
f 149 65 151
f 149 150 151
f 149 65 148
f 149 150 148
f 256 257 358
f 256 255 358
f 256 257 160
f 256 255 160
f 256 257 358
f 256 255 358
f 256 161 257
f 256 356 257
f 256 356 255
f 256 161 160
f 256 255 160
f 256 161 163
f 256 161 257
f 256 255 163
f 256 352 257
f 256 255 352
f 256 255 163
f 256 255 352
f 256 163 164
f 256 257 163
f 256 352 273
f 256 352 257
f 256 165 164
f 256 255 165
f 256 273 270
f 256 255 270
f 256 255 273
f 256 255 270
f 256 165 166
f 256 255 165
f 256 258 268
f 256 257 258
f 256 259 258
f 256 255 259
f 256 255 259
f 256 270 268
f 256 257 270
f 256 166 167
f 256 255 167
f 256 255 166
f 253 356 160
f 253 356 160
f 253 356 252
f 253 252 163
f 253 352 252
f 253 252 163
f 253 352 252
f 253 252 165
f 253 252 351
f 253 252 165
f 253 252 273
f 253 252 166
f 253 252 273
f 253 252 168
f 253 252 272
f 253 252 168
f 253 249 271
f 253 249 259
f 253 249 250
f 253 252 250
f 253 249 172
f 253 249 172
f 253 252 172
f 712 713 607
f 712 711 607
f 712 711 713
f 712 713 607
f 712 711 607
f 712 713 608
f 712 711 608
f 712 713 644
f 712 711 644
f 712 713 644
f 712 711 644
f 712 713 647
f 712 711 647
f 712 648 713
f 712 648 711
f 712 648 649
f 712 648 711
f 712 711 649
f 712 649 702
f 712 711 702
f 712 714 649
f 712 714 649
f 712 711 702
f 712 714 702
f 712 702 18
f 712 713 87
f 712 711 87
f 712 711 713
f 712 714 18
f 712 714 713
f 324 404 323
f 324 325 404
f 324 323 406
f 324 325 406
f 324 404 323
f 324 325 404
f 324 323 409
f 324 325 409
f 324 323 402
f 324 325 402
f 324 323 412
f 324 325 412
f 324 323 402
f 324 325 402
f 324 323 413
f 324 325 413
f 324 400 323
f 324 325 400
f 324 323 413
f 324 325 413
f 324 400 323
f 324 325 400
f 324 323 414
f 324 323 399
f 324 325 399
f 324 419 414
f 324 325 419
f 324 419 323
f 324 323 397
f 324 325 397
f 324 323 397
f 324 306 397
f 324 306 323
f 324 306 305
f 324 325 305
f 324 306 323
f 324 325 428
f 324 304 323
f 324 325 304
f 324 427 323
f 324 428 427
f 324 325 428
f 324 325 717
f 324 227 304
f 324 301 227
f 324 718 717
f 324 718 323
f 324 227 323
f 324 325 227
f 324 325 228
f 324 301 228
f 324 301 325
f 324 225 323
f 324 325 225
f 324 213 214
f 324 325 213
f 324 224 225
f 324 325 224
f 324 214 215
f 324 325 214
f 324 224 223
f 324 325 224
f 324 216 215
f 324 325 216
f 324 216 217
f 324 325 216
f 324 219 217
f 324 219 325
f 303 326 304
f 303 326 305
f 303 327 326
f 303 327 302
f 303 325 326
f 303 305 397
f 303 302 397
f 303 302 396
f 303 327 396
f 303 327 302
f 303 301 302
f 303 301 325
f 303 305 397
f 303 302 397
f 303 305 210
f 303 302 210
f 303 324 325
f 303 324 301
f 303 324 301
f 303 305 399
f 303 302 399
f 303 302 305
f 303 214 304
f 303 213 214
f 303 305 210
f 303 302 210
f 303 213 302
f 303 224 225
f 303 225 304
f 303 301 225
f 303 301 224
f 303 301 224
f 303 214 304
f 303 302 214
f 303 224 223
f 303 224 302
f 303 227 304
f 303 301 227
f 303 301 227
f 303 216 304
f 303 302 216
f 303 222 223
f 303 222 302
f 303 216 304
f 303 302 216
f 303 218 304
f 303 218 302
f 303 220 218
f 303 220 218
f 623 726 318
f 623 726 624
f 623 423 318
f 623 624 622
f 623 624 524
f 623 423 524
f 623 423 524
f 623 423 622
f 623 524 525
f 623 624 524
f 623 622 526
f 623 526 525
f 623 527 622
f 623 527 526
f 623 527 622
f 623 530 527
f 623 530 527
f 623 621 622
f 623 621 529
f 623 529 530
f 623 621 529
f 623 624 628
f 623 621 628
f 623 530 625
f 623 621 530
f 623 626 624
f 623 626 624
f 623 533 625
f 623 533 535
f 623 621 533
f 623 626 627
f 623 626 628
f 623 537 535
f 623 621 537
f 623 627 625
f 623 621 627
f 623 628 627
f 623 621 627
f 623 621 628
f 623 621 537
f 623 621 539
f 623 537 625
f 623 537 539
f 425 423 320
f 425 620 321
f 425 620 320
f 425 322 321
f 425 423 322
f 425 322 427
f 425 423 322
f 425 620 320
f 425 324 427
f 425 324 423
f 425 620 526
f 425 620 526
f 425 320 622
f 425 621 620
f 425 324 325
f 425 324 423
f 425 621 620
f 425 621 622
f 425 325 326
f 425 423 325
f 425 327 326
f 425 423 327
f 425 327 328
f 425 423 327
f 425 328 427
f 425 423 328
f 425 427 409
f 425 423 409
f 425 411 409
f 532 621 620
f 532 623 533
f 532 623 621
f 532 623 621
f 532 529 620
f 532 618 529
f 532 618 533
f 532 618 617
f 532 529 617
f 532 617 616
f 532 617 534
f 532 529 428
f 532 533 531
f 532 534 428
f 532 534 616
f 532 534 428
f 532 533 534
f 532 428 512
f 532 529 428
f 532 512 511
f 532 531 511
f 532 529 512
f 532 529 531
f 507 506 504
f 507 508 571
f 507 504 571
f 507 504 508
f 507 506 534
f 507 533 534
f 507 508 533
f 507 508 405
f 507 504 405
f 507 508 408
f 507 504 408
f 507 533 534
f 507 508 533
f 507 534 428
f 507 506 534
f 507 508 428
f 507 508 401
f 507 504 401
f 507 504 508
f 507 508 408
f 507 504 408
f 507 506 504
f 507 508 428
f 507 506 428
f 507 508 430
f 507 506 430
f 507 506 431
f 507 506 431
f 507 508 429
f 507 431 429
f 443 548 547
f 443 548 547
f 443 546 547
f 443 546 547
f 443 548 601
f 443 548 601
f 443 546 444
f 443 601 335
f 443 497 495
f 443 444 497
f 443 545 497
f 443 546 545
f 443 546 545
f 443 335 336
f 443 444 335
f 443 444 335
f 443 601 335
f 443 601 444
f 443 494 495
f 443 444 494
f 443 337 336
f 443 337 444
f 443 493 494
f 443 444 493
f 443 337 338
f 443 337 444
f 443 339 338
f 443 339 444
f 443 493 441
f 443 493 441
f 443 492 493
f 443 492 444
f 443 492 444
f 443 339 340
f 443 339 340
f 443 489 441
f 443 490 489
f 443 490 444
f 443 490 444
f 443 340 341
f 443 340 444
f 443 393 441
f 443 444 341
f 443 393 392
f 443 393 441
f 443 441 440
f 443 489 440
f 443 489 441
f 443 391 341
f 443 391 341
f 443 391 392
f 443 391 392
f 443 392 444
f 443 392 489
f 443 393 392
f 443 389 391
f 443 444 343
f 443 389 343
f 443 389 444
f 443 391 444
f 443 389 444
f 443 389 391
f 566 546 567
f 566 565 546
f 566 548 567
f 566 565 548
f 566 546 567
f 566 565 546
f 566 548 549
f 566 567 493
f 566 565 493
f 566 549 567
f 566 548 549
f 566 565 548
f 566 567 493
f 566 565 493
f 566 567 553
f 566 565 553
f 566 567 489
f 566 565 489
f 566 567 582
f 566 487 567
f 566 565 487
f 566 582 581
f 566 565 582
f 566 487 567
f 566 565 487
f 566 580 581
f 566 565 580
f 566 567 580
f 566 567 568
f 566 567 467
f 566 567 486
f 566 565 486
f 566 568 580
f 566 565 580
f 566 466 467
f 566 565 466
f 566 469 567
f 566 565 469
f 566 484 567
f 566 565 484
f 566 568 578
f 566 565 578
f 566 465 466
f 566 465 565
f 566 471 469
f 566 565 471
f 566 484 567
f 566 565 484
f 566 569 568
f 566 565 569
f 566 565 569
f 566 465 464
f 566 465 565
f 566 473 471
f 566 473 565
f 566 567 483
f 566 565 483
f 566 473 475
f 566 473 475
f 566 567 482
f 566 565 482
f 566 476 475
f 566 476 475
f 566 567 480
f 566 565 480
f 566 476 567
f 566 476 565
f 566 567 480
f 566 565 480
f 566 567 477
f 566 565 477
f 566 567 478
f 566 565 478
f 247 248 172
f 247 173 246
f 247 173 172
f 247 246 171
f 247 248 249
f 247 173 249
f 247 352 171
f 247 248 352
f 247 248 249
f 247 175 249
f 247 175 173
f 247 175 173
f 247 352 351
f 247 248 352
f 247 349 348
f 247 349 350
f 247 349 248
f 247 349 248
f 247 246 275
f 247 249 275
f 247 246 276
f 247 350 351
f 247 248 350
f 247 348 245
f 247 246 245
f 247 246 275
f 247 249 275
f 247 278 276
f 247 248 278
f 247 278 246
f 247 279 348
f 247 248 279
f 247 279 246
f 247 273 246
f 247 249 273
f 247 249 273
f 247 279 278
f 247 248 279
f 170 248 352
f 170 352 171
f 170 248 249
f 170 248 249
f 170 248 353
f 170 248 352
f 170 169 578
f 170 171 578
f 170 353 169
f 170 352 353
f 170 249 172
f 170 144 169
f 170 144 171
f 170 145 172
f 170 145 172
f 170 249 250
f 170 249 172
f 170 145 144
f 170 252 250
f 170 252 172
f 170 146 144
f 170 146 145
f 170 146 145
f 170 253 252
f 170 253 252
f 170 172 259
f 462 461 365
f 462 463 365
f 462 461 363
f 462 463 363
f 462 368 461
f 462 463 368
f 462 461 363
f 462 463 363
f 462 368 461
f 462 463 368
f 462 463 361
f 462 461 369
f 462 463 369
f 462 461 360
f 462 361 360
f 462 463 361
f 462 461 371
f 462 463 371
f 462 359 461
f 462 463 359
f 462 461 372
f 462 463 372
f 462 463 461
f 462 358 359
f 462 463 358
f 462 358 461
f 462 463 358
f 462 356 461
f 462 463 356
f 462 352 353
f 462 463 356
f 462 352 351
f 462 352 351
f 462 352 353
f 462 464 353
f 462 351 578
f 462 565 578
f 462 565 578
f 462 350 351
f 462 350 351
f 462 565 569
f 462 576 578
f 462 464 576
f 462 464 576
f 462 464 569
f 462 565 564
f 462 586 461
f 462 350 586
f 462 565 569
f 462 464 569
f 462 563 564
f 462 563 461
f 462 586 587
f 462 350 587
f 462 350 586
f 462 566 565
f 462 566 464
f 462 565 464
f 462 566 565
f 462 563 461
f 462 465 563
f 462 465 464
f 462 465 563
f 462 561 461
f 462 475 463
f 462 473 463
f 462 473 475
f 462 465 466
f 462 465 464
f 462 473 464
f 462 473 475
f 462 467 561
f 462 466 467
f 462 465 466
f 462 561 461
f 462 461 478
f 462 475 478
f 462 475 461
f 462 475 561
f 462 475 467
f 212 208 213
f 212 213 207
f 212 208 211
f 212 208 207
f 212 298 211
f 212 213 298
f 212 97 95
f 212 97 208
f 212 97 208
f 212 299 298
f 212 299 213
f 212 97 213
f 212 299 300
f 212 299 213
f 212 97 99
f 212 97 99
f 212 302 300
f 212 213 302
f 212 324 718
f 212 324 213
f 212 324 325
f 212 324 325
f 212 99 718
f 212 303 302
f 212 303 213
f 212 324 718
f 212 322 323
f 212 213 322
f 212 213 326
f 212 325 326
f 212 325 213
f 212 99 720
f 212 99 718
f 212 303 305
f 212 303 213
f 212 720 323
f 212 718 720
f 212 322 321
f 212 213 322
f 212 306 305
f 212 213 306
f 212 320 321
f 212 213 320
f 212 306 211
f 212 320 319
f 212 213 320
f 212 309 211
f 212 213 309
f 212 306 307
f 212 213 307
f 212 213 306
f 212 318 319
f 212 213 318
f 212 310 309
f 212 213 310
f 212 318 317
f 212 213 318
f 212 310 211
f 212 213 310
f 212 316 317
f 212 213 316
f 212 312 211
f 212 213 312
f 212 316 315
f 212 213 316
f 212 313 312
f 212 213 313
f 212 314 315
f 212 213 314
f 212 314 313
f 212 213 314
f 132 133 182
f 132 133 79
f 132 182 87
f 132 133 87
f 132 133 182
f 132 77 79
f 132 133 77
f 132 133 77
f 132 133 84
f 184 133 134
f 184 185 133
f 184 180 241
f 184 185 180
f 184 132 133
f 184 132 185
f 184 241 240
f 184 185 241
f 184 240 183
f 184 185 240
f 184 185 237
f 184 87 183
f 184 129 88
f 184 185 88
f 184 185 129
f 184 238 237
f 184 238 183
f 184 238 183
f 184 236 183
f 184 185 236
f 184 235 183
f 184 185 235
f 184 87 233
f 184 185 233
f 184 185 87
f 184 236 235
f 184 185 236
f 186 133 187
f 186 185 133
f 186 187 180
f 186 185 180
f 186 187 241
f 186 185 241
f 186 187 241
f 186 185 241
f 186 187 240
f 186 185 240
f 186 185 129
f 186 187 126
f 186 187 237
f 186 185 237
f 186 187 232
f 186 185 232
f 186 187 236
f 186 185 236
f 186 187 232
f 186 185 232
f 186 187 236
f 186 185 236
f 186 187 233
f 186 185 233
f 186 187 235
f 186 185 235
f 200 117 119
f 200 117 153
f 200 93 95
f 200 219 216
f 200 93 219
f 200 93 219
f 200 219 220
f 114 111 85
f 114 195 116
f 128 186 129
f 128 186 126
f 128 129 88
f 128 126 88
f 128 129 87
f 128 129 82
f 128 129 81
f 121 190 123
f 121 195 119
f 121 122 195
f 121 91 123
f 121 195 119
f 121 122 195
f 121 91 90
f 121 122 90
f 121 122 86
f 121 122 119
f 121 89 90
f 121 122 89
f 121 122 89
f 193 97 95
f 193 192 97
f 193 93 95
f 193 192 93
f 193 97 116
f 193 93 194
f 193 192 93
f 193 116 118
f 193 97 116
f 193 192 97
f 193 194 223
f 193 119 118
f 193 90 223
f 193 192 90
f 193 192 90
f 193 224 194
f 193 192 224
f 193 224 225
f 193 121 122
f 193 121 122
f 193 224 225
f 193 192 224
f 193 122 139
f 193 225 227
f 193 225 227
f 193 192 227
f 193 140 139
f 193 192 140
f 193 227 194
f 193 140 194
f 193 192 140
f 193 194 241
f 193 192 241
f 193 227 240
f 193 192 240
f 193 192 227
f 193 145 194
f 193 194 241
f 193 192 241
f 193 145 172
f 193 192 172
f 193 194 243
f 193 192 243
f 193 172 194
f 193 145 194
f 193 145 172
f 193 175 192
f 193 244 194
f 193 192 244
f 193 249 172
f 193 175 249
f 193 244 194
f 193 192 244
f 193 249 194
f 193 175 249
f 193 175 192
f 120 93 95
f 120 93 190
f 120 121 190
f 120 119 118
f 120 93 118
f 120 193 119
f 120 193 192
f 120 193 121
f 120 91 119
f 120 121 91
f 120 121 119
f 120 193 119
f 120 193 121
f 120 91 119
f 120 119 86
f 120 121 86
f 120 121 119
f 120 91 90
f 120 121 90
f 120 121 91
f 191 190 90
f 191 192 90
f 191 93 190
f 191 192 93
f 191 192 90
f 191 120 93
f 191 90 88
f 191 190 88
f 191 190 90
f 191 192 227
f 191 120 121
f 191 120 121
f 191 192 93
f 191 120 93
f 191 228 227
f 191 190 228
f 191 121 122
f 191 192 95
f 191 120 95
f 191 120 192
f 191 228 227
f 191 192 227
f 191 190 228
f 191 122 192
f 191 121 190
f 191 121 122
f 191 190 230
f 191 192 230
f 191 231 190
f 191 192 231
f 191 231 190
f 191 192 231
f 191 190 240
f 191 192 240
f 191 190 241
f 191 192 241
f 191 175 190
f 191 190 241
f 191 192 241
f 191 192 140
f 191 175 140
f 191 175 192
f 191 175 192
f 191 190 243
f 191 192 243
f 191 190 244
f 191 192 244
f 191 175 179
f 191 175 190
f 191 190 244
f 191 192 244
f 191 180 179
f 191 190 180
f 191 190 180
f 176 178 139
f 176 175 139
f 176 175 179
f 176 178 139
f 176 244 179
f 176 178 244
f 176 175 244
f 176 138 139
f 176 138 140
f 176 175 140
f 176 178 243
f 176 178 244
f 176 138 177
f 176 138 174
f 176 138 140
f 176 175 140
f 176 244 174
f 176 175 244
f 176 243 177
f 176 174 243
f 221 219 325
f 221 219 327
f 221 195 196
f 221 195 196
f 221 219 92
f 221 327 328
f 221 219 327
f 221 327 326
f 221 324 219
f 221 325 326
f 221 194 223
f 221 195 194
f 221 195 194
f 221 90 92
f 221 90 223
f 221 90 223
f 221 223 329
f 221 219 329
f 221 328 223
f 221 219 328
f 221 324 219
f 221 324 325
f 221 219 322
f 221 324 223
f 221 219 322
f 221 219 220
f 221 322 223
f 221 222 322
f 221 222 322
f 221 220 320
f 221 222 320
f 221 220 320
f 221 222 320
f 221 220 318
f 221 222 318
f 221 220 318
f 221 318 317
f 221 222 318
f 221 220 317
f 221 222 314
f 221 314 313
f 221 220 313
f 221 220 314
f 221 222 310
f 221 310 307
f 221 220 307
f 221 220 310
f 221 220 306
f 221 222 306
f 221 220 304
f 221 222 304
f 221 303 220
f 221 303 222
f 221 222 220
f 221 303 220
f 221 303 222
f 206 110 109
f 206 108 109
f 206 207 204
f 206 110 204
f 206 110 207
f 206 108 207
f 206 207 107
f 206 207 105
f 206 207 105
f 206 208 103
f 206 208 207
f 206 208 103
f 206 207 214
f 206 207 204
f 206 213 207
f 206 208 213
f 147 149 167
f 147 168 167
f 147 146 168
f 147 149 148
f 147 149 146
f 147 146 166
f 147 149 166
f 147 149 146
f 147 168 169
f 147 146 168
f 147 145 169
f 147 146 145
f 147 148 66
f 147 145 66
f 147 145 148
f 147 145 66
f 147 146 66
f 147 146 145
f 254 255 160
f 254 253 160
f 254 356 255
f 254 253 356
f 254 255 160
f 254 253 160
f 254 255 163
f 254 253 163
f 254 255 352
f 254 253 352
f 254 255 163
f 254 253 163
f 254 255 352
f 254 253 352
f 254 255 165
f 254 253 165
f 254 253 351
f 254 255 165
f 254 253 165
f 254 351 273
f 254 255 351
f 254 253 273
f 254 255 166
f 254 253 166
f 254 255 273
f 254 253 273
f 254 255 168
f 254 253 168
f 254 253 272
f 254 255 168
f 254 253 168
f 254 270 272
f 254 255 270
f 254 253 271
f 254 255 259
f 254 270 271
f 254 255 270
f 254 255 259
f 254 253 259
f 254 170 259
f 254 170 253
f 254 253 172
f 254 170 172
f 254 170 253
f 422 423 325
f 422 324 325
f 422 324 423
f 422 419 421
f 422 419 323
f 422 324 419
f 422 324 423
f 422 421 430
f 422 423 430
f 422 419 413
f 422 423 413
f 422 423 419
f 422 322 323
f 422 423 322
f 422 514 421
f 422 423 514
f 422 322 321
f 422 423 322
f 422 514 421
f 422 423 514
f 422 320 321
f 422 423 320
f 422 421 516
f 422 423 516
f 422 320 319
f 422 423 320
f 422 517 421
f 422 423 517
f 422 318 319
f 422 423 318
f 422 517 421
f 422 423 517
f 422 318 317
f 422 421 519
f 422 423 519
f 422 624 317
f 422 623 318
f 422 623 423
f 422 520 421
f 422 423 520
f 422 623 624
f 422 520 421
f 422 423 520
f 422 624 421
f 422 623 624
f 422 623 423
f 422 421 522
f 422 423 522
f 422 421 522
f 422 423 522
f 725 623 318
f 725 623 726
f 725 623 622
f 725 622 319
f 725 318 622
f 725 726 318
f 725 623 624
f 725 623 726
f 725 319 724
f 725 318 319
f 725 724 102
f 725 624 724
f 725 726 624
f 725 103 102
f 725 726 103
f 725 726 103
f 725 724 102
f 725 726 102
f 725 626 724
f 725 626 726
f 725 724 101
f 725 726 101
f 725 626 627
f 725 626 726
f 725 99 724
f 725 726 99
f 725 628 627
f 725 726 628
f 725 726 99
f 725 628 724
f 725 726 628
f 725 723 99
f 725 723 99
f 725 97 726
f 725 630 724
f 725 726 630
f 725 97 723
f 725 631 630
f 725 726 631
f 725 632 631
f 725 726 632
f 725 723 7
f 725 723 726
f 725 94 726
f 725 94 723
f 725 632 633
f 725 726 632
f 725 726 7
f 725 93 94
f 725 93 94
f 725 634 633
f 725 726 634
f 725 7 4
f 725 7 724
f 725 726 729
f 725 93 726
f 725 93 723
f 725 634 724
f 725 726 634
f 725 729 4
f 725 729 724
f 725 729 702
f 725 726 729
f 725 91 726
f 725 91 723
f 725 636 724
f 725 726 636
f 725 702 724
f 725 726 702
f 725 91 726
f 725 91 723
f 725 636 724
f 725 726 636
f 725 644 724
f 725 726 644
f 725 726 89
f 725 723 89
f 725 723 726
f 725 638 724
f 725 726 638
f 725 643 644
f 725 726 643
f 725 638 724
f 725 726 638
f 725 643 724
f 725 726 643
f 725 724 639
f 725 726 639
f 725 724 642
f 725 726 642
f 725 724 640
f 725 726 640
f 426 620 427
f 426 425 620
f 426 425 620
f 426 526 427
f 426 425 526
f 426 526 427
f 426 425 526
f 426 425 525
f 426 520 525
f 426 427 520
f 426 520 522
f 426 425 522
f 426 425 520
f 426 425 520
f 426 517 520
f 426 517 427
f 426 425 517
f 426 517 427
f 426 425 517
f 426 427 514
f 426 514 516
f 426 425 516
f 426 425 514
f 426 425 514
f 426 514 513
f 426 427 514
f 426 430 513
f 426 425 430
f 426 427 430
f 426 427 429
f 426 429 409
f 426 425 409
f 426 427 429
f 426 425 427
f 424 423 320
f 424 425 320
f 424 425 423
f 424 423 622
f 424 425 622
f 424 423 622
f 424 425 622
f 424 423 525
f 424 425 525
f 424 423 522
f 424 425 522
f 424 423 520
f 424 425 520
f 424 423 520
f 424 425 520
f 424 423 519
f 424 517 519
f 424 425 517
f 424 423 517
f 424 423 517
f 424 425 517
f 424 423 516
f 424 425 516
f 424 423 514
f 424 425 514
f 424 423 514
f 424 425 514
f 424 423 430
f 424 425 430
f 424 423 412
f 424 411 412
f 424 425 411
f 424 423 411
f 424 423 411
f 424 425 411
f 424 425 423
f 619 618 529
f 619 532 529
f 619 532 618
f 619 532 618
f 619 618 533
f 619 532 621
f 619 532 621
f 619 621 533
f 619 618 534
f 619 621 534
f 619 618 536
f 619 536 621
f 619 621 620
f 619 536 621
f 619 618 536
f 619 632 620
f 619 618 632
f 619 621 631
f 619 621 537
f 619 632 631
f 619 618 632
f 619 631 630
f 619 621 630
f 619 538 537
f 619 618 538
f 619 618 538
f 619 618 540
f 619 630 633
f 619 621 629
f 619 540 539
f 619 621 539
f 619 618 615
f 619 541 540
f 619 633 629
f 619 615 633
f 619 615 582
f 619 541 582
f 619 615 541
f 619 618 615
f 619 541 542
f 619 615 542
f 619 615 541
f 354 462 464
f 354 462 353
f 354 464 353
f 354 465 464
f 354 353 461
f 354 459 353
f 354 166 353
f 354 165 166
f 354 165 164
f 354 459 457
f 354 251 165
f 354 251 165
f 354 251 252
f 354 456 457
f 354 251 353
f 354 251 166
f 354 253 252
f 354 455 456
f 354 353 167
f 354 166 167
f 354 166 353
f 354 254 253
f 354 455 353
f 354 254 255
f 354 353 453
f 354 256 255
f 354 353 452
f 354 256 257
f 354 353 452
f 354 257 263
f 354 257 353
f 354 450 379
f 354 450 353
f 354 450 353
f 354 353 268
f 354 378 353
f 354 378 377
f 354 378 377
f 354 353 270
f 354 377 376
f 354 353 270
f 354 353 284
f 354 377 284
f 354 377 353
f 354 283 353
f 354 353 273
f 354 282 283
f 354 353 273
f 354 282 281
f 354 353 275
f 354 280 281
f 354 353 275
f 354 279 280
f 354 353 276
f 354 279 353
f 354 353 278
f 131 184 132
f 131 184 87
f 131 184 129
f 131 182 87
f 131 132 182
f 131 132 182
f 131 132 79
f 131 132 79
f 198 153 155
f 198 161 165
f 198 165 166
f 198 221 222
f 202 103 101
f 202 273 274
f 201 110 111
f 201 200 110
f 201 202 111
f 201 202 110
f 201 200 110
f 201 202 110
f 201 200 108
f 201 202 108
f 201 200 108
f 201 202 108
f 201 200 117
f 201 202 117
f 201 200 107
f 201 202 107
f 201 200 155
f 201 202 155
f 201 200 105
f 201 202 105
f 201 200 158
f 201 202 158
f 201 200 105
f 201 202 105
f 201 200 159
f 201 202 159
f 201 200 101
f 201 202 101
f 201 200 161
f 201 202 161
f 201 200 99
f 201 202 99
f 201 200 161
f 201 202 161
f 201 200 97
f 201 202 97
f 201 200 267
f 201 202 267
f 201 200 97
f 201 200 271
f 201 202 271
f 201 200 272
f 201 202 272
f 201 200 273
f 201 202 273
f 201 200 216
f 201 202 216
f 201 200 273
f 201 202 273
f 201 200 219
f 201 200 274
f 201 202 274
f 201 219 216
f 201 202 216
f 201 200 219
f 201 200 278
f 201 202 278
f 201 219 218
f 201 202 218
f 201 202 279
f 201 202 279
f 201 220 279
f 201 200 220
f 201 220 279
f 201 200 220
f 115 94 95
f 115 114 95
f 115 114 94
f 115 94 116
f 115 114 94
f 115 116 86
f 115 114 86
f 115 117 116
f 115 25 85
f 115 85 24
f 115 114 85
f 115 25 85
f 115 117 85
f 115 201 202
f 115 201 202
f 115 201 200
f 115 201 114
f 115 198 117
f 113 97 116
f 113 114 97
f 113 114 195
f 113 116 194
f 113 195 194
f 113 195 116
f 113 195 196
f 113 114 195
f 113 114 86
f 113 111 112
f 113 114 111
f 113 201 200
f 113 201 114
f 113 202 111
f 113 201 202
f 113 201 202
f 113 114 204
f 96 97 95
f 96 114 95
f 96 114 97
f 96 113 114
f 96 113 114
f 96 113 86
f 96 114 94
f 96 114 94
f 96 94 11
f 96 11 10
f 96 94 86
f 96 10 98
f 96 113 112
f 96 97 98
f 96 113 97
f 96 94 11
f 96 94 95
f 96 95 10
f 96 10 98
f 96 97 98
f 96 111 112
f 96 98 111
f 96 98 111
f 96 95 8
f 96 97 8
f 96 95 7
f 96 97 7
f 96 95 7
f 96 7 6
f 96 97 6
f 96 97 7
f 96 95 4
f 96 97 4
f 96 95 4
f 96 97 4
f 96 95 2
f 96 97 2
f 96 95 2
f 96 97 2
f 96 95 728
f 96 97 728
f 96 726 95
f 96 97 726
f 96 725 726
f 96 725 97
f 96 97 723
f 96 725 723
f 96 725 97
f 130 189 133
f 130 189 133
f 130 133 187
f 130 132 133
f 130 133 134
f 130 186 133
f 130 128 186
f 130 132 185
f 130 186 185
f 130 128 186
f 130 82 84
f 130 132 84
f 130 82 84
f 130 131 132
f 130 128 84
f 130 184 132
f 130 131 184
f 130 186 185
f 130 82 81
f 130 128 82
f 130 128 129
f 130 184 185
f 130 131 184
f 130 129 82
f 130 81 78
f 130 129 81
f 130 79 78
f 130 131 79
f 130 129 80
f 130 131 129
f 130 79 80
f 130 131 79
f 127 134 84
f 127 130 134
f 127 130 128
f 127 126 84
f 127 128 84
f 127 189 190
f 127 130 189
f 127 189 126
f 127 128 82
f 127 130 189
f 127 187 126
f 127 82 83
f 127 126 83
f 127 130 187
f 127 130 128
f 127 186 187
f 127 128 186
f 127 128 186
f 127 82 81
f 127 128 81
f 127 128 82
f 127 126 87
f 127 128 87
f 127 128 126
f 205 206 107
f 205 206 105
f 205 108 204
f 205 206 108
f 205 206 105
f 205 108 109
f 205 206 108
f 205 206 103
f 205 110 109
f 205 206 110
f 205 206 110
f 205 206 103
f 205 202 99
f 205 208 99
f 205 206 208
f 205 97 208
f 205 202 97
f 205 206 204
f 205 97 208
f 205 204 216
f 205 202 216
f 205 206 214
f 205 206 208
f 205 201 97
f 205 201 202
f 205 201 202
f 205 206 213
f 205 212 95
f 205 212 208
f 205 212 208
f 205 201 200
f 205 95 213
f 205 95 214
f 205 200 95
f 205 201 200
f 355 462 356
f 355 354 462
f 355 356 465
f 355 354 465
f 355 462 356
f 355 354 462
f 355 356 465
f 355 354 465
f 355 356 461
f 355 354 461
f 355 354 164
f 355 356 459
f 355 354 459
f 355 163 164
f 355 356 163
f 355 356 163
f 355 356 251
f 355 354 251
f 355 356 459
f 355 354 459
f 355 356 251
f 355 354 251
f 355 356 456
f 355 354 456
f 355 253 356
f 355 354 253
f 355 356 455
f 355 354 455
f 355 254 253
f 355 354 254
f 355 356 455
f 355 354 455
f 355 254 356
f 355 354 254
f 355 356 453
f 355 354 453
f 355 256 356
f 355 354 256
f 355 356 452
f 355 354 452
f 355 256 356
f 355 354 256
f 355 356 452
f 355 354 452
f 355 356 257
f 355 356 379
f 355 354 379
f 355 257 263
f 355 354 257
f 355 356 377
f 355 354 377
f 355 260 263
f 355 356 260
f 355 356 260
f 355 356 263
f 355 354 263
f 355 356 377
f 355 354 377
f 355 356 268
f 355 354 268
f 355 356 376
f 355 356 270
f 355 354 270
f 355 376 284
f 355 354 376
f 355 356 357
f 355 356 270
f 355 354 270
f 355 284 375
f 355 357 375
f 355 356 273
f 355 354 273
f 355 354 283
f 355 354 282
f 355 356 273
f 355 354 273
f 355 358 357
f 355 358 284
f 355 282 358
f 355 282 358
f 355 282 281
f 355 358 283
f 355 354 282
f 355 356 275
f 355 354 275
f 355 280 281
f 355 354 280
f 355 356 275
f 355 354 275
f 355 279 280
f 355 354 279
f 355 356 276
f 355 354 276
f 355 279 278
f 355 356 278
f 355 354 279
f 355 356 278
f 355 354 278
f 197 117 116
f 197 198 117
f 197 115 198
f 197 117 119
f 197 198 117
f 197 114 116
f 197 115 114
f 197 115 198
f 197 113 114
f 197 113 198
f 197 121 119
f 197 121 122
f 197 121 122
f 197 122 196
f 197 122 119
f 197 113 196
f 197 113 198
f 197 196 148
f 197 119 148
f 197 198 119
f 197 108 196
f 197 196 153
f 197 198 153
f 197 108 109
f 197 198 109
f 197 198 108
f 197 108 196
f 197 198 108
f 197 198 158
f 197 196 107
f 197 198 107
f 197 159 158
f 197 198 159
f 197 196 101
f 197 161 159
f 197 161 196
f 197 198 161
f 197 101 105
f 197 198 105
f 197 198 101
f 197 196 99
f 197 198 99
f 197 161 165
f 197 198 161
f 197 97 196
f 197 198 97
f 197 165 196
f 197 198 165
f 197 97 95
f 197 198 97
f 197 196 166
f 197 93 95
f 197 198 93
f 197 166 167
f 197 198 166
f 197 196 167
f 197 93 196
f 197 198 93
f 197 196 265
f 197 198 265
f 197 221 196
f 197 196 267
f 197 198 267
f 197 221 219
f 197 198 219
f 197 198 221
f 197 198 221
f 197 196 271
f 197 198 271
f 197 222 196
f 197 221 196
f 197 221 222
f 197 222 224
f 197 196 272
f 197 198 272
f 197 224 196
f 197 222 224
f 197 196 273
f 197 198 273
f 197 196 225
f 197 222 225
f 197 198 222
f 197 196 273
f 197 198 273
f 197 196 274
f 197 198 274
f 199 115 200
f 199 115 198
f 199 200 117
f 199 198 117
f 199 115 114
f 199 115 198
f 199 200 119
f 199 198 119
f 199 113 114
f 199 113 198
f 199 200 153
f 199 198 153
f 199 113 200
f 199 113 198
f 199 200 155
f 199 198 155
f 199 200 110
f 199 200 158
f 199 198 158
f 199 110 109
f 199 198 109
f 199 200 110
f 199 200 159
f 199 198 159
f 199 200 108
f 199 198 108
f 199 200 161
f 199 198 161
f 199 200 108
f 199 198 108
f 199 198 161
f 199 200 107
f 199 198 107
f 199 161 265
f 199 200 161
f 199 198 265
f 199 200 105
f 199 198 105
f 199 200 267
f 199 198 267
f 199 200 105
f 199 200 271
f 199 198 271
f 199 101 105
f 199 198 101
f 199 200 101
f 199 200 272
f 199 198 272
f 199 200 99
f 199 198 99
f 199 200 273
f 199 198 273
f 199 200 97
f 199 198 97
f 199 200 273
f 199 198 273
f 199 200 97
f 199 198 97
f 199 200 274
f 199 198 274
f 199 200 93
f 199 198 93
f 199 198 222
f 199 200 93
f 199 198 93
f 199 222 278
f 199 200 278
f 199 198 222
f 199 200 219
f 199 198 219
f 199 222 220
f 199 200 220
f 199 200 219
f 199 221 219
f 199 198 221
f 199 198 221
f 203 113 204
f 203 113 202
f 203 110 204
f 203 202 110
f 203 113 114
f 203 113 202
f 203 110 109
f 203 202 110
f 203 115 114
f 203 115 202
f 203 108 109
f 203 202 108
f 203 115 202
f 203 108 204
f 203 202 108
f 203 202 107
f 203 205 107
f 203 205 204
f 203 202 105
f 203 205 105
f 203 205 204
f 203 205 202
f 203 202 105
f 203 205 105
f 203 204 216
f 203 202 216
f 203 202 103
f 203 205 103
f 203 218 204
f 203 202 218
f 203 202 103
f 203 205 103
f 203 205 202
f 203 202 279
f 203 202 267
f 203 218 280
f 203 279 280
f 203 279 218
f 203 279 204
f 203 202 279
f 203 204 271
f 203 202 271
f 203 204 278
f 203 202 278
f 203 204 272
f 203 202 272
f 203 204 273
f 203 202 273
f 203 204 273
f 203 202 273
f 135 127 191
f 135 191 192
f 135 127 190
f 135 127 191
f 135 191 190
f 135 127 134
f 135 189 190
f 135 189 190
f 135 134 84
f 135 139 84
f 135 189 180
f 135 134 84
f 135 139 84
f 135 189 188
f 135 189 180
f 135 136 180
f 135 180 139
f 135 137 139
f 135 187 188
f 135 187 180
f 135 76 139
f 135 137 76
f 135 136 180
f 135 136 137
f 135 186 187
f 135 186 187
f 135 186 185
f 135 186 185
f 135 77 134
f 135 76 77
f 135 76 77
f 135 76 134
f 135 137 76
f 135 136 137
f 135 184 185
f 135 184 185
f 135 73 134
f 135 136 73
f 135 136 73
f 135 180 134
f 135 184 134
f 135 184 180
f 125 193 192
f 125 135 192
f 125 135 127
f 125 135 139
f 125 135 127
f 125 193 122
f 125 122 192
f 125 193 122
f 125 191 192
f 125 127 191
f 125 122 139
f 125 122 123
f 125 124 123
f 125 124 190
f 125 191 190
f 125 127 191
f 125 127 84
f 125 127 126
f 125 124 189
f 125 127 189
f 125 127 189
f 125 84 86
f 125 124 86
f 125 189 126
f 125 124 126
f 125 124 189
f 125 84 83
f 125 126 83
f 125 126 84
f 125 126 87
f 125 124 87
f 125 126 88
f 125 124 88
f 125 124 126
