# King Wen sovereign avatar mesh
# hex40_phase3.ply
# vertices=729 faces=11446
o kingwen_avatar
v 0.182713 0.000124 0.089048 0.313725 0.317647 0.321569
v 0.184752 0.001736 0.089042 0.313725 0.317647 0.321569
v 0.186774 0.003380 0.089029 0.313725 0.317647 0.321569
v 0.188773 0.005056 0.089010 0.313725 0.317647 0.321569
v 0.190742 0.006764 0.088984 0.313725 0.317647 0.321569
v 0.192676 0.008501 0.088952 0.317647 0.317647 0.321569
v 0.194567 0.010269 0.088913 0.317647 0.317647 0.321569
v 0.196411 0.012064 0.088868 0.317647 0.317647 0.321569
v 0.198763 0.013927 0.089069 0.317647 0.317647 0.321569
v 0.219806 0.017300 0.097584 0.317647 0.317647 0.321569
v 0.248549 0.021710 0.109356 0.317647 0.317647 0.321569
v 0.262631 0.025210 0.114555 0.317647 0.317647 0.321569
v 0.265750 0.027807 0.114959 0.321569 0.317647 0.321569
v 0.267608 0.030318 0.114851 0.321569 0.317647 0.321569
v 0.269941 0.032922 0.114985 0.321569 0.317647 0.321569
v 0.270975 0.035400 0.114609 0.321569 0.313725 0.321569
v 0.272474 0.037965 0.114476 0.321569 0.313725 0.321569
v 0.273840 0.040543 0.114334 0.321569 0.313725 0.321569
v 0.274469 0.043035 0.113934 0.321569 0.313725 0.321569
v 0.275556 0.045621 0.113776 0.321569 0.313725 0.317647
v 0.276498 0.048209 0.113610 0.321569 0.313725 0.317647
v 0.277291 0.050795 0.113435 0.321569 0.313725 0.317647
v 0.277932 0.053376 0.113252 0.321569 0.313725 0.317647
v 0.277808 0.055825 0.112812 0.321569 0.313725 0.317647
v 0.278137 0.058380 0.112613 0.321569 0.313725 0.317647
v 0.278307 0.060918 0.112405 0.321569 0.313725 0.317647
v 0.277706 0.063297 0.111942 0.321569 0.313725 0.317647
v 0.277557 0.065786 0.111718 0.321569 0.313725 0.317647
v 0.276637 0.068099 0.111241 0.321569 0.313725 0.317647
v 0.276168 0.070526 0.111001 0.321569 0.313725 0.317647
v 0.274933 0.072758 0.110508 0.321569 0.313725 0.317647
v 0.273544 0.074943 0.110008 0.321569 0.313725 0.317647
v 0.272003 0.077078 0.109501 0.321569 0.313725 0.317647
v 0.270917 0.079335 0.109230 0.321569 0.313725 0.317647
v 0.269082 0.081365 0.108709 0.321569 0.313725 0.317647
v 0.266510 0.083150 0.107939 0.317647 0.313725 0.317647
v 0.263810 0.084865 0.107164 0.317647 0.313725 0.317647
v 0.253329 0.083968 0.103262 0.317647 0.313725 0.317647
v 0.236398 0.080686 0.096739 0.317647 0.313725 0.317647
v 0.213758 0.075083 0.087858 0.317647 0.313725 0.317647
v 0.210928 0.076203 0.087114 0.317647 0.313725 0.317647
v 0.208591 0.077468 0.086604 0.317647 0.313725 0.317647
v 0.206738 0.078888 0.086325 0.313725 0.313725 0.317647
v 0.204798 0.080256 0.086040 0.313725 0.313725 0.313725
v 0.202777 0.081569 0.085749 0.313725 0.313725 0.313725
v 0.201228 0.083054 0.085685 0.313725 0.313725 0.313725
v 0.199052 0.084259 0.085380 0.313725 0.313725 0.313725
v 0.196811 0.085409 0.085069 0.309804 0.313725 0.313725
v 0.194508 0.086503 0.084751 0.309804 0.313725 0.313725
v 0.192676 0.087780 0.084658 0.309804 0.313725 0.313725
v 0.190263 0.088764 0.084327 0.309804 0.313725 0.313725
v 0.187807 0.089694 0.083990 0.309804 0.313725 0.313725
v 0.185313 0.090568 0.083646 0.309804 0.313725 0.313725
v 0.183285 0.091638 0.083523 0.309804 0.313725 0.313725
v 0.180725 0.092409 0.083166 0.305882 0.313725 0.313725
v 0.178146 0.093128 0.082803 0.305882 0.313725 0.313725
v 0.176028 0.094053 0.082658 0.305882 0.313725 0.313725
v 0.173417 0.094676 0.082282 0.305882 0.313725 0.313725
v 0.170802 0.095253 0.081900 0.305882 0.313725 0.313725
v 0.168188 0.095786 0.081512 0.305882 0.317647 0.313725
v 0.166030 0.096538 0.081337 0.305882 0.317647 0.313725
v 0.163428 0.096992 0.080936 0.305882 0.317647 0.313725
v 0.161278 0.097672 0.080746 0.305882 0.317647 0.313725
v 0.158707 0.098056 0.080331 0.305882 0.317647 0.313725
v 0.156163 0.098410 0.079911 0.301961 0.317647 0.313725
v 0.154064 0.099002 0.079699 0.301961 0.317647 0.313725
v 0.151579 0.099304 0.079265 0.301961 0.317647 0.313725
v 0.149133 0.099586 0.078826 0.301961 0.317647 0.313725
v 0.147124 0.100119 0.078592 0.301961 0.317647 0.313725
v 0.144762 0.100370 0.078140 0.301961 0.317647 0.313725
v 0.142450 0.100611 0.077682 0.301961 0.317647 0.313725
v 0.140567 0.101116 0.077425 0.305882 0.317647 0.313725
v 0.138358 0.101349 0.076954 0.305882 0.317647 0.313725
v 0.136209 0.101584 0.076478 0.305882 0.317647 0.313725
v 0.134122 0.101824 0.075996 0.305882 0.317647 0.313725
v 0.132452 0.102346 0.075710 0.305882 0.317647 0.313725
v 0.130489 0.102609 0.075215 0.305882 0.317647 0.313725
v 0.128594 0.102890 0.074714 0.305882 0.317647 0.313725
v 0.126769 0.103192 0.074208 0.305882 0.317647 0.313725
v 0.125348 0.103795 0.073893 0.305882 0.317647 0.313725
v 0.123660 0.104152 0.073374 0.305882 0.317647 0.313725
v 0.122045 0.104541 0.072850 0.305882 0.317647 0.313725
v 0.120504 0.104966 0.072320 0.309804 0.317647 0.313725
v 0.119352 0.105712 0.071976 0.309804 0.317647 0.313725
v 0.117952 0.106221 0.071434 0.309804 0.317647 0.313725
v 0.116626 0.106776 0.070886 0.309804 0.317647 0.313725
v 0.115373 0.107381 0.070334 0.309804 0.317647 0.313725
v 0.114191 0.108038 0.069776 0.309804 0.317647 0.313725
v 0.113080 0.108750 0.069212 0.309804 0.317647 0.313725
v 0.112335 0.109810 0.068826 0.313725 0.317647 0.313725
v 0.111359 0.110641 0.068251 0.313725 0.317647 0.313725
v 0.110449 0.111534 0.067671 0.313725 0.317647 0.313725
v 0.109603 0.112490 0.067086 0.313725 0.317647 0.313725
v 0.108819 0.113512 0.066495 0.313725 0.317647 0.317647
v 0.108095 0.114600 0.065901 0.313725 0.313725 0.317647
v 0.107428 0.115755 0.065301 0.317647 0.313725 0.317647
v 0.106815 0.116980 0.064696 0.317647 0.313725 0.317647
v 0.106253 0.118273 0.064087 0.317647 0.313725 0.317647
v 0.105739 0.119635 0.063474 0.317647 0.313725 0.317647
v 0.105270 0.121067 0.062856 0.317647 0.313725 0.317647
v 0.104842 0.122568 0.062233 0.317647 0.313725 0.317647
v 0.104451 0.124138 0.061606 0.317647 0.313725 0.317647
v 0.104094 0.125775 0.060975 0.317647 0.313725 0.317647
v 0.103767 0.127480 0.060339 0.321569 0.313725 0.317647
v 0.103466 0.129250 0.059700 0.321569 0.313725 0.317647
v 0.103186 0.131084 0.059056 0.321569 0.313725 0.317647
v 0.102925 0.132981 0.058408 0.321569 0.309804 0.317647
v 0.102678 0.134938 0.057755 0.321569 0.309804 0.317647
v 0.102440 0.136953 0.057099 0.321569 0.309804 0.317647
v 0.102207 0.139024 0.056439 0.321569 0.309804 0.317647
v 0.101976 0.141148 0.055775 0.321569 0.309804 0.317647
v 0.101743 0.143321 0.055107 0.321569 0.309804 0.317647
v 0.101502 0.145542 0.054435 0.321569 0.309804 0.317647
v 0.101251 0.147806 0.053759 0.321569 0.309804 0.321569
v 0.100985 0.150110 0.053080 0.321569 0.309804 0.321569
v 0.100968 0.152854 0.052535 0.321569 0.305882 0.321569
v 0.100661 0.155233 0.051846 0.321569 0.305882 0.321569
v 0.100328 0.157640 0.051153 0.321569 0.305882 0.321569
v 0.099967 0.160071 0.050456 0.321569 0.305882 0.321569
v 0.099573 0.162522 0.049756 0.321569 0.305882 0.321569
v 0.098882 0.164553 0.048923 0.321569 0.305882 0.321569
v 0.098676 0.167464 0.048344 0.321569 0.305882 0.321569
v 0.098167 0.169946 0.047633 0.321569 0.305882 0.321569
v 0.097615 0.172428 0.046918 0.321569 0.301961 0.321569
v 0.097017 0.174905 0.046200 0.321569 0.301961 0.321569
v 0.096371 0.177374 0.045478 0.321569 0.301961 0.321569
v 0.095676 0.179827 0.044752 0.317647 0.301961 0.321569
v 0.094929 0.182261 0.044023 0.317647 0.301961 0.321569
v 0.094129 0.184670 0.043291 0.317647 0.301961 0.321569
v 0.093276 0.187049 0.042555 0.317647 0.301961 0.321569
v 0.092367 0.189393 0.041816 0.317647 0.301961 0.321569
v 0.091403 0.191696 0.041074 0.317647 0.301961 0.321569
v 0.090383 0.193953 0.040329 0.317647 0.301961 0.321569
v 0.089542 0.196678 0.039684 0.313725 0.301961 0.321569
v 0.088406 0.198835 0.038931 0.313725 0.298039 0.321569
v 0.087214 0.200931 0.038174 0.313725 0.298039 0.321569
v 0.085966 0.202962 0.037414 0.313725 0.298039 0.321569
v 0.084663 0.204923 0.036651 0.313725 0.298039 0.321569
v 0.083305 0.206809 0.035885 0.313725 0.298039 0.321569
v 0.081893 0.208617 0.035116 0.309804 0.298039 0.325490
v 0.080430 0.210342 0.034345 0.309804 0.298039 0.325490
v 0.079123 0.212537 0.033659 0.309804 0.298039 0.325490
v 0.077554 0.214088 0.032880 0.309804 0.298039 0.325490
v 0.075938 0.215545 0.032098 0.309804 0.298039 0.325490
v 0.074275 0.216904 0.031314 0.309804 0.298039 0.325490
v 0.072568 0.218162 0.030527 0.309804 0.298039 0.325490
v 0.071005 0.219892 0.029816 0.305882 0.298039 0.325490
v 0.069211 0.220943 0.029023 0.305882 0.298039 0.325490
v 0.067379 0.221885 0.028227 0.305882 0.298039 0.325490
v 0.065512 0.222716 0.027428 0.305882 0.294118 0.325490
v 0.063611 0.223435 0.026628 0.305882 0.294118 0.325490
v 0.061680 0.224040 0.025825 0.305882 0.294118 0.321569
v 0.059877 0.225117 0.025086 0.305882 0.294118 0.321569
v 0.057888 0.225492 0.024277 0.305882 0.294118 0.321569
v 0.055875 0.225751 0.023466 0.305882 0.294118 0.321569
v 0.053842 0.225893 0.022653 0.305882 0.294118 0.321569
v 0.051791 0.225918 0.021839 0.301961 0.294118 0.321569
v 0.049725 0.225827 0.021022 0.301961 0.294118 0.321569
v 0.047772 0.226210 0.020257 0.301961 0.294118 0.321569
v 0.045679 0.225890 0.019435 0.301961 0.294118 0.321569
v 0.043579 0.225456 0.018611 0.301961 0.294118 0.321569
v 0.041475 0.224910 0.017786 0.301961 0.294118 0.321569
v 0.039370 0.224256 0.016960 0.301961 0.294118 0.321569
v 0.037362 0.224076 0.016174 0.301961 0.294118 0.321569
v 0.035255 0.223208 0.015342 0.305882 0.294118 0.321569
v 0.033154 0.222239 0.014509 0.305882 0.294118 0.321569
v 0.031061 0.221171 0.013675 0.305882 0.294118 0.321569
v 0.028979 0.220009 0.012840 0.305882 0.294118 0.321569
v 0.026980 0.219323 0.012035 0.305882 0.294118 0.321569
v 0.024920 0.217978 0.011195 0.305882 0.294118 0.321569
v 0.022877 0.216551 0.010355 0.305882 0.294118 0.321569
v 0.020853 0.215045 0.009513 0.305882 0.294118 0.321569
v 0.018899 0.214017 0.008694 0.305882 0.294118 0.321569
v 0.016914 0.212364 0.007848 0.305882 0.294118 0.321569
v 0.014953 0.210646 0.007002 0.309804 0.294118 0.321569
v 0.013018 0.208869 0.006155 0.309804 0.294118 0.321569
v 0.011110 0.207038 0.005308 0.309804 0.294118 0.321569
v 0.009231 0.205159 0.004460 0.309804 0.294118 0.321569
v 0.007381 0.203237 0.003611 0.309804 0.294118 0.321569
v 0.005576 0.201799 0.002769 0.309804 0.294118 0.317647
v 0.003783 0.199804 0.001918 0.309804 0.294118 0.317647
v 0.002022 0.197784 0.001065 0.313725 0.294118 0.317647
v 0.000294 0.195744 0.000213 0.313725 0.294118 0.317647
v -0.001405 0.194190 -0.000641 0.313725 0.294118 0.317647
v -0.003072 0.192123 -0.001496 0.313725 0.294118 0.317647
v -0.004705 0.190055 -0.002351 0.313725 0.294118 0.317647
v -0.006306 0.187991 -0.003206 0.313725 0.294118 0.317647
v -0.007875 0.185937 -0.004062 0.317647 0.294118 0.317647
v -0.009435 0.184371 -0.004929 0.317647 0.294118 0.317647
v -0.010944 0.182349 -0.005787 0.317647 0.294118 0.317647
v -0.012422 0.180353 -0.006644 0.317647 0.294118 0.317647
v -0.013871 0.178390 -0.007501 0.317647 0.294118 0.317647
v -0.015292 0.176464 -0.008358 0.317647 0.294118 0.317647
v -0.016685 0.174581 -0.009214 0.317647 0.294118 0.317647
v -0.018099 0.173188 -0.010096 0.321569 0.294118 0.317647
v -0.019447 0.171400 -0.010953 0.321569 0.294118 0.317647
v -0.020772 0.169669 -0.011811 0.321569 0.294118 0.317647
v -0.022078 0.167999 -0.012667 0.321569 0.294118 0.317647
v -0.023365 0.166395 -0.013523 0.321569 0.294118 0.317647
v -0.024699 0.165281 -0.014415 0.321569 0.294118 0.313725
v -0.025959 0.163814 -0.015272 0.321569 0.294118 0.313725
v -0.027208 0.162423 -0.016128 0.321569 0.294118 0.313725
v -0.028448 0.161112 -0.016983 0.321569 0.294118 0.313725
v -0.029681 0.159881 -0.017837 0.321569 0.294118 0.313725
v -0.030989 0.159140 -0.018737 0.321569 0.294118 0.313725
v -0.032220 0.158077 -0.019591 0.321569 0.298039 0.313725
v -0.033453 0.157102 -0.020444 0.321569 0.298039 0.313725
v -0.034689 0.156216 -0.021295 0.321569 0.298039 0.313725
v -0.035932 0.155421 -0.022145 0.321569 0.298039 0.313725
v -0.037279 0.155110 -0.023052 0.321569 0.298039 0.313725
v -0.038547 0.154496 -0.023901 0.321569 0.298039 0.313725
v -0.039829 0.153974 -0.024748 0.321569 0.298039 0.313725
v -0.041129 0.153544 -0.025594 0.321569 0.298039 0.313725
v -0.042448 0.153205 -0.026438 0.321569 0.298039 0.313725
v -0.043901 0.153345 -0.027349 0.321569 0.298039 0.313725
v -0.045270 0.153185 -0.028191 0.321569 0.298039 0.313725
v -0.046666 0.153114 -0.029031 0.317647 0.298039 0.313725
v -0.048092 0.153129 -0.029869 0.317647 0.301961 0.313725
v -0.049674 0.153616 -0.030782 0.317647 0.301961 0.313725
v -0.051167 0.153798 -0.031618 0.317647 0.301961 0.313725
v -0.052695 0.154060 -0.032451 0.317647 0.301961 0.313725
v -0.054397 0.154788 -0.033366 0.317647 0.301961 0.313725
v -0.056003 0.155201 -0.034196 0.317647 0.301961 0.313725
v -0.057650 0.155685 -0.035024 0.317647 0.301961 0.313725
v -0.059337 0.156236 -0.035849 0.313725 0.301961 0.313725
v -0.061219 0.157245 -0.036764 0.313725 0.301961 0.313725
v -0.062994 0.157920 -0.037585 0.313725 0.301961 0.313725
v -0.064813 0.158650 -0.038404 0.313725 0.301961 0.313725
v -0.066675 0.159431 -0.039220 0.313725 0.301961 0.313725
v -0.068754 0.160660 -0.040134 0.313725 0.301961 0.313725
v -0.070709 0.161531 -0.040946 0.309804 0.301961 0.313725
v -0.072708 0.162438 -0.041754 0.309804 0.301961 0.313725
v -0.074938 0.163786 -0.042667 0.309804 0.301961 0.313725
v -0.077030 0.164753 -0.043471 0.309804 0.305882 0.313725
v -0.079164 0.165743 -0.044272 0.309804 0.305882 0.313725
v -0.081543 0.167165 -0.045183 0.309804 0.305882 0.313725
v -0.083765 0.168183 -0.045979 0.309804 0.305882 0.313725
v -0.086241 0.169629 -0.046889 0.305882 0.305882 0.313725
v -0.088326 0.170232 -0.047561 0.305882 0.305882 0.313725
v -0.090889 0.171678 -0.048468 0.305882 0.305882 0.317647
v -0.093266 0.172689 -0.049252 0.305882 0.305882 0.317647
v -0.095913 0.174116 -0.050157 0.305882 0.305882 0.317647
v -0.098360 0.175092 -0.050936 0.305882 0.305882 0.317647
v -0.101085 0.176478 -0.051839 0.305882 0.305882 0.317647
v -0.103593 0.177398 -0.052612 0.305882 0.305882 0.317647
v -0.106123 0.178281 -0.053381 0.305882 0.305882 0.317647
v -0.108943 0.179565 -0.054280 0.305882 0.305882 0.317647
v -0.111519 0.180362 -0.055043 0.305882 0.305882 0.317647
v -0.114390 0.181554 -0.055939 0.301961 0.305882 0.317647
v -0.116998 0.182245 -0.056696 0.301961 0.305882 0.317647
v -0.119908 0.183326 -0.057590 0.301961 0.305882 0.317647
v -0.122534 0.183893 -0.058340 0.301961 0.305882 0.317647
v -0.125161 0.184391 -0.059085 0.301961 0.305882 0.317647
v -0.127786 0.184817 -0.059827 0.301961 0.305882 0.317647
v -0.130724 0.185622 -0.060712 0.301961 0.305882 0.317647
v -0.133337 0.185894 -0.061447 0.305882 0.305882 0.317647
v -0.136268 0.186539 -0.062329 0.305882 0.305882 0.317647
v -0.138854 0.186643 -0.063056 0.305882 0.305882 0.317647
v -0.141762 0.187115 -0.063934 0.305882 0.305882 0.317647
v -0.144304 0.187040 -0.064653 0.305882 0.305882 0.317647
v -0.147172 0.187329 -0.065527 0.305882 0.305882 0.317647
v -0.149651 0.187067 -0.066239 0.305882 0.305882 0.317647
v -0.152461 0.187164 -0.067109 0.305882 0.305882 0.317647
v -0.155237 0.187161 -0.067977 0.305882 0.305882 0.321569
v -0.157593 0.186605 -0.068677 0.305882 0.305882 0.321569
v -0.160283 0.186401 -0.069540 0.305882 0.305882 0.321569
v -0.162534 0.185646 -0.070232 0.309804 0.305882 0.321569
v -0.164722 0.184791 -0.070919 0.309804 0.305882 0.321569
v -0.167247 0.184282 -0.071774 0.309804 0.305882 0.321569
v -0.169303 0.183227 -0.072452 0.309804 0.305882 0.321569
v -0.171285 0.182074 -0.073125 0.309804 0.309804 0.321569
v -0.173606 0.181260 -0.073970 0.309804 0.309804 0.321569
v -0.175432 0.179911 -0.074633 0.313725 0.309804 0.321569
v -0.177172 0.178469 -0.075292 0.313725 0.309804 0.321569
v -0.179253 0.177360 -0.076127 0.313725 0.309804 0.321569
v -0.180817 0.175732 -0.076775 0.313725 0.309804 0.321569
v -0.182722 0.174434 -0.077604 0.313725 0.309804 0.321569
v -0.184096 0.172628 -0.078243 0.313725 0.309804 0.321569
v -0.185370 0.170741 -0.078876 0.317647 0.309804 0.321569
v -0.186988 0.169178 -0.079694 0.317647 0.309804 0.321569
v -0.188059 0.167130 -0.080317 0.317647 0.309804 0.321569
v -0.189024 0.165009 -0.080934 0.317647 0.309804 0.321569
v -0.190335 0.163207 -0.081740 0.317647 0.309804 0.321569
v -0.191087 0.160946 -0.082346 0.317647 0.309804 0.321569
v -0.192188 0.159000 -0.083144 0.317647 0.309804 0.321569
v -0.192725 0.156613 -0.083740 0.321569 0.309804 0.321569
v -0.193153 0.154173 -0.084329 0.321569 0.309804 0.321569
v -0.193933 0.152042 -0.085114 0.321569 0.309804 0.321569
v -0.194148 0.149501 -0.085692 0.321569 0.313725 0.321569
v -0.194256 0.146917 -0.086264 0.321569 0.313725 0.321569
v -0.194721 0.144639 -0.087035 0.321569 0.313725 0.321569
v -0.194624 0.141981 -0.087595 0.321569 0.313725 0.321569
v -0.194426 0.139294 -0.088149 0.321569 0.313725 0.325490
v -0.194591 0.136906 -0.088905 0.321569 0.313725 0.325490
v -0.194202 0.134170 -0.089447 0.321569 0.313725 0.325490
v -0.193723 0.131419 -0.089981 0.321569 0.313725 0.325490
v -0.193613 0.128961 -0.090722 0.321569 0.313725 0.325490
v -0.192964 0.126187 -0.091244 0.321569 0.313725 0.325490
v -0.192236 0.123411 -0.091759 0.321569 0.313725 0.325490
v -0.191886 0.120920 -0.092484 0.321569 0.313725 0.325490
v -0.191015 0.118145 -0.092986 0.321569 0.313725 0.325490
v -0.190527 0.115652 -0.093700 0.321569 0.313725 0.325490
v -0.189532 0.112894 -0.094188 0.321569 0.317647 0.325490
v -0.188928 0.110412 -0.094891 0.321569 0.317647 0.321569
v -0.187833 0.107687 -0.095366 0.321569 0.317647 0.321569
v -0.187134 0.105232 -0.096057 0.321569 0.317647 0.321569
v -0.185963 0.102552 -0.096518 0.321569 0.317647 0.321569
v -0.185195 0.100137 -0.097197 0.321569 0.317647 0.321569
v -0.183972 0.097515 -0.097643 0.317647 0.317647 0.321569
v -0.183160 0.095151 -0.098310 0.317647 0.317647 0.321569
v -0.181912 0.092599 -0.098743 0.317647 0.317647 0.321569
v -0.181082 0.090297 -0.099397 0.317647 0.317647 0.321569
v -0.179835 0.087823 -0.099815 0.317647 0.317647 0.321569
v -0.179013 0.085591 -0.100456 0.317647 0.317647 0.321569
v -0.177793 0.083203 -0.100859 0.317647 0.317647 0.321569
v -0.177006 0.081050 -0.101488 0.313725 0.317647 0.321569
v -0.175839 0.078754 -0.101876 0.313725 0.317647 0.321569
v -0.175112 0.076683 -0.102492 0.313725 0.317647 0.321569
v -0.174023 0.074483 -0.102865 0.313725 0.317647 0.321569
v -0.173381 0.072499 -0.103468 0.313725 0.317647 0.321569
v -0.172395 0.070396 -0.103826 0.313725 0.317647 0.321569
v -0.171862 0.068501 -0.104416 0.313725 0.317647 0.321569
v -0.171000 0.066496 -0.104759 0.309804 0.317647 0.321569
v -0.170598 0.064689 -0.105336 0.309804 0.317647 0.321569
v -0.169881 0.062779 -0.105665 0.309804 0.317647 0.321569
v -0.169631 0.061057 -0.106228 0.309804 0.317647 0.321569
v -0.169078 0.059240 -0.106542 0.309804 0.317647 0.321569
v -0.168998 0.057600 -0.107092 0.309804 0.317647 0.321569
v -0.168626 0.055870 -0.107392 0.305882 0.317647 0.321569
v -0.168731 0.054305 -0.107929 0.305882 0.317647 0.317647
v -0.168553 0.052655 -0.108214 0.305882 0.317647 0.317647
v -0.168859 0.051159 -0.108737 0.305882 0.317647 0.317647
v -0.168886 0.049579 -0.109008 0.305882 0.317647 0.317647
v -0.169020 0.048033 -0.109271 0.305882 0.317647 0.317647
v -0.169645 0.046624 -0.109775 0.305882 0.317647 0.317647
v -0.169996 0.045134 -0.110024 0.305882 0.317647 0.317647
v -0.170458 0.043670 -0.110265 0.305882 0.317647 0.317647
v -0.171030 0.042228 -0.110498 0.305882 0.317647 0.317647
v -0.171713 0.040805 -0.110725 0.305882 0.317647 0.317647
v -0.172507 0.039398 -0.110943 0.301961 0.317647 0.317647
v -0.173411 0.038004 -0.111154 0.301961 0.317647 0.317647
v -0.174818 0.036702 -0.111609 0.301961 0.317647 0.317647
v -0.175942 0.035321 -0.111805 0.301961 0.317647 0.317647
v -0.176773 0.033867 -0.111741 0.301961 0.317647 0.317647
v -0.178105 0.032492 -0.111921 0.301961 0.317647 0.317647
v -0.179538 0.031114 -0.112093 0.301961 0.317647 0.317647
v -0.181071 0.029729 -0.112257 0.305882 0.317647 0.317647
v -0.182699 0.028335 -0.112414 0.305882 0.317647 0.317647
v -0.184420 0.026929 -0.112562 0.305882 0.317647 0.317647
v -0.186230 0.025507 -0.112702 0.305882 0.317647 0.317647
v -0.188124 0.024067 -0.112835 0.305882 0.317647 0.317647
v -0.190099 0.022607 -0.112958 0.305882 0.317647 0.317647
v -0.191716 0.021075 -0.112819 0.305882 0.317647 0.317647
v -0.194271 0.019613 -0.113181 0.305882 0.317647 0.317647
v -0.196014 0.018035 -0.113025 0.305882 0.317647 0.317647
v -0.198254 0.016471 -0.113115 0.305882 0.317647 0.317647
v -0.200549 0.014876 -0.113197 0.305882 0.317647 0.313725
v -0.202891 0.013247 -0.113270 0.309804 0.317647 0.313725
v -0.205274 0.011583 -0.113335 0.309804 0.317647 0.313725
v -0.207221 0.009861 -0.113135 0.309804 0.317647 0.313725
v -0.209661 0.008128 -0.113182 0.309804 0.317647 0.313725
v -0.212122 0.006357 -0.113221 0.309804 0.317647 0.313725
v -0.214596 0.004547 -0.113251 0.309804 0.317647 0.313725
v -0.217077 0.002697 -0.113273 0.313725 0.317647 0.313725
v -0.219557 0.000809 -0.113285 0.313725 0.317647 0.313725
v -0.213973 -0.001079 -0.109180 0.313725 0.317647 0.313725
v -0.215830 -0.002968 -0.108918 0.313725 0.317647 0.313725
v -0.218168 -0.004896 -0.108906 0.313725 0.317647 0.313725
v -0.220476 -0.006862 -0.108885 0.313725 0.317647 0.313725
v -0.222747 -0.008864 -0.108855 0.317647 0.317647 0.313725
v -0.224973 -0.010900 -0.108817 0.317647 0.317647 0.313725
v -0.227147 -0.012971 -0.108771 0.317647 0.317647 0.313725
v -0.228722 -0.015038 -0.108461 0.317647 0.317647 0.313725
v -0.230767 -0.017166 -0.108398 0.317647 0.317647 0.313725
v -0.232739 -0.019324 -0.108327 0.317647 0.317647 0.313725
v -0.234631 -0.021508 -0.108248 0.317647 0.317647 0.313725
v -0.236439 -0.023718 -0.108161 0.321569 0.317647 0.313725
v -0.238154 -0.025950 -0.108065 0.321569 0.317647 0.313725
v -0.239771 -0.028203 -0.107961 0.321569 0.317647 0.313725
v -0.241284 -0.030474 -0.107849 0.321569 0.317647 0.313725
v -0.242689 -0.032760 -0.107729 0.321569 0.317647 0.313725
v -0.243979 -0.035058 -0.107601 0.321569 0.317647 0.313725
v -0.245151 -0.037366 -0.107465 0.321569 0.317647 0.313725
v -0.246199 -0.039680 -0.107320 0.321569 0.317647 0.313725
v -0.247120 -0.041999 -0.107168 0.321569 0.317647 0.313725
v -0.247324 -0.044213 -0.106754 0.321569 0.317647 0.313725
v -0.247979 -0.046523 -0.106586 0.321569 0.317647 0.313725
v -0.248498 -0.048828 -0.106410 0.321569 0.313725 0.313725
v -0.248878 -0.051124 -0.106226 0.321569 0.313725 0.313725
v -0.249117 -0.053407 -0.106034 0.321569 0.313725 0.313725
v -0.249215 -0.055675 -0.105834 0.321569 0.313725 0.313725
v -0.249170 -0.057924 -0.105626 0.321569 0.313725 0.313725
v -0.248982 -0.060151 -0.105410 0.321569 0.313725 0.313725
v -0.248651 -0.062352 -0.105187 0.321569 0.313725 0.313725
v -0.248177 -0.064526 -0.104956 0.321569 0.313725 0.313725
v -0.248148 -0.066826 -0.104965 0.321569 0.313725 0.313725
v -0.247390 -0.068939 -0.104717 0.321569 0.313725 0.313725
v -0.246494 -0.071014 -0.104462 0.321569 0.313725 0.313725
v -0.245461 -0.073049 -0.104199 0.321569 0.313725 0.313725
v -0.244294 -0.075042 -0.103928 0.317647 0.313725 0.313725
v -0.242996 -0.076989 -0.103650 0.317647 0.313725 0.313725
v -0.241570 -0.078888 -0.103364 0.317647 0.313725 0.313725
v -0.240589 -0.080928 -0.103314 0.317647 0.313725 0.313725
v -0.238916 -0.082730 -0.103012 0.317647 0.313725 0.313725
v -0.237128 -0.084477 -0.102702 0.317647 0.313725 0.313725
v -0.235229 -0.086169 -0.102385 0.317647 0.313725 0.313725
v -0.233775 -0.088010 -0.102300 0.313725 0.313725 0.313725
v -0.231665 -0.089589 -0.101967 0.313725 0.313725 0.313725
v -0.229461 -0.091109 -0.101626 0.313725 0.313725 0.313725
v -0.227701 -0.092785 -0.101516 0.313725 0.313725 0.313725
v -0.225318 -0.094184 -0.101160 0.313725 0.313725 0.313725
v -0.223381 -0.095746 -0.101032 0.313725 0.313725 0.313725
v -0.220843 -0.097024 -0.100659 0.309804 0.313725 0.317647
v -0.218751 -0.098469 -0.100514 0.309804 0.313725 0.317647
v -0.216588 -0.099857 -0.100359 0.309804 0.317647 0.317647
v -0.214359 -0.101188 -0.100196 0.309804 0.317647 0.317647
v -0.212072 -0.102462 -0.100022 0.309804 0.317647 0.317647
v -0.209731 -0.103679 -0.099840 0.309804 0.317647 0.317647
v -0.207823 -0.105083 -0.099878 0.305882 0.317647 0.317647
v -0.206333 -0.106681 -0.100134 0.305882 0.317647 0.317647
v -0.205248 -0.108478 -0.100604 0.305882 0.317647 0.317647
v -0.204094 -0.110233 -0.101059 0.305882 0.317647 0.317647
v -0.201974 -0.111449 -0.101046 0.305882 0.317647 0.317647
v -0.198935 -0.112117 -0.100571 0.305882 0.317647 0.317647
v -0.195900 -0.112735 -0.100089 0.305882 0.317647 0.317647
v -0.192876 -0.113305 -0.099599 0.305882 0.317647 0.317647
v -0.189868 -0.113832 -0.099102 0.305882 0.317647 0.317647
v -0.186882 -0.114319 -0.098597 0.305882 0.317647 0.317647
v -0.183513 -0.114511 -0.097866 0.301961 0.317647 0.317647
v -0.180594 -0.114925 -0.097348 0.301961 0.317647 0.317647
v -0.177712 -0.115310 -0.096822 0.301961 0.317647 0.317647
v -0.174874 -0.115668 -0.096290 0.301961 0.317647 0.317647
v -0.171697 -0.115745 -0.095535 0.301961 0.317647 0.317647
v -0.168964 -0.116063 -0.094989 0.301961 0.317647 0.317647
v -0.166286 -0.116368 -0.094437 0.301961 0.317647 0.321569
v -0.163300 -0.116401 -0.093666 0.301961 0.317647 0.321569
v -0.160751 -0.116691 -0.093100 0.305882 0.317647 0.321569
v -0.158267 -0.116982 -0.092528 0.305882 0.317647 0.321569
v -0.155503 -0.117012 -0.091742 0.305882 0.317647 0.321569
v -0.153166 -0.117315 -0.091157 0.305882 0.317647 0.321569
v -0.150563 -0.117365 -0.090361 0.305882 0.317647 0.321569
v -0.148382 -0.117699 -0.089765 0.305882 0.317647 0.321569
v -0.145948 -0.117787 -0.088960 0.305882 0.317647 0.321569
v -0.143930 -0.118169 -0.088351 0.305882 0.317647 0.321569
v -0.141992 -0.118582 -0.087737 0.305882 0.317647 0.321569
v -0.139819 -0.118760 -0.086918 0.305882 0.317647 0.321569
v -0.137736 -0.118976 -0.086096 0.305882 0.317647 0.321569
v -0.136054 -0.119506 -0.085465 0.309804 0.317647 0.321569
v -0.134148 -0.119809 -0.084634 0.309804 0.317647 0.321569
v -0.132332 -0.120160 -0.083800 0.309804 0.317647 0.321569
v -0.130904 -0.120839 -0.083154 0.309804 0.317647 0.321569
v -0.129261 -0.121298 -0.082312 0.309804 0.317647 0.321569
v -0.127704 -0.121815 -0.081467 0.309804 0.317647 0.321569
v -0.126521 -0.122673 -0.080806 0.313725 0.317647 0.321569
v -0.125127 -0.123313 -0.079953 0.313725 0.317647 0.321569
v -0.123813 -0.124018 -0.079099 0.313725 0.317647 0.321569
v -0.123144 -0.125366 -0.078603 0.313725 0.317647 0.321569
v -0.121978 -0.126210 -0.077739 0.313725 0.317647 0.321569
v -0.120883 -0.127122 -0.076873 0.313725 0.317647 0.321569
v -0.120135 -0.128402 -0.076180 0.313725 0.317647 0.321569
v -0.119173 -0.129457 -0.075307 0.317647 0.317647 0.321569
v -0.118547 -0.130888 -0.074605 0.317647 0.317647 0.321569
v -0.117702 -0.132089 -0.073725 0.317647 0.313725 0.321569
v -0.117184 -0.133671 -0.073013 0.317647 0.313725 0.321569
v -0.116442 -0.135017 -0.072127 0.317647 0.313725 0.321569
v -0.116016 -0.136751 -0.071405 0.317647 0.313725 0.321569
v -0.115629 -0.138562 -0.070677 0.317647 0.313725 0.321569
v -0.115278 -0.140449 -0.069944 0.317647 0.313725 0.321569
v -0.114690 -0.142079 -0.069044 0.321569 0.313725 0.321569
v -0.114397 -0.144109 -0.068302 0.321569 0.313725 0.321569
v -0.113860 -0.145869 -0.067396 0.321569 0.313725 0.321569
v -0.113607 -0.148034 -0.066645 0.321569 0.313725 0.321569
v -0.113102 -0.149915 -0.065734 0.321569 0.313725 0.321569
v -0.112872 -0.152206 -0.064974 0.321569 0.309804 0.321569
v -0.112380 -0.154196 -0.064059 0.321569 0.309804 0.321569
v -0.112154 -0.156601 -0.063290 0.321569 0.309804 0.321569
v -0.111658 -0.158687 -0.062370 0.321569 0.309804 0.321569
v -0.111680 -0.161573 -0.061739 0.321569 0.309804 0.325490
v -0.111162 -0.163746 -0.060813 0.321569 0.309804 0.325490
v -0.110889 -0.166342 -0.060028 0.321569 0.309804 0.325490
v -0.110594 -0.168978 -0.059237 0.321569 0.309804 0.325490
v -0.110013 -0.171244 -0.058305 0.321569 0.305882 0.325490
v -0.109662 -0.173938 -0.057508 0.321569 0.305882 0.325490
v -0.109019 -0.176241 -0.056572 0.321569 0.305882 0.325490
v -0.108599 -0.178975 -0.055768 0.321569 0.305882 0.325490
v -0.107882 -0.181294 -0.054830 0.321569 0.305882 0.325490
v -0.107379 -0.184048 -0.054020 0.321569 0.305882 0.325490
v -0.106576 -0.186363 -0.053080 0.321569 0.305882 0.325490
v -0.105979 -0.189115 -0.052263 0.321569 0.305882 0.325490
v -0.105330 -0.191861 -0.051444 0.321569 0.301961 0.325490
v -0.104380 -0.194132 -0.050500 0.321569 0.301961 0.325490
v -0.103624 -0.196843 -0.049674 0.317647 0.301961 0.325490
v -0.102567 -0.199056 -0.048729 0.317647 0.301961 0.325490
v -0.101698 -0.201710 -0.047899 0.317647 0.301961 0.325490
v -0.100529 -0.203841 -0.046953 0.317647 0.301961 0.325490
v -0.099543 -0.206415 -0.046118 0.317647 0.301961 0.325490
v -0.098260 -0.208444 -0.045171 0.317647 0.301961 0.325490
v -0.097155 -0.210917 -0.044332 0.317647 0.301961 0.325490
v -0.095757 -0.212822 -0.043385 0.313725 0.301961 0.321569
v -0.094531 -0.215172 -0.042542 0.313725 0.298039 0.321569
v -0.093019 -0.216932 -0.041595 0.313725 0.298039 0.321569
v -0.091454 -0.218610 -0.040649 0.313725 0.298039 0.321569
v -0.090053 -0.220737 -0.039801 0.313725 0.298039 0.321569
v -0.088594 -0.222782 -0.038951 0.313725 0.298039 0.321569
v -0.086867 -0.224198 -0.038005 0.309804 0.298039 0.321569
v -0.085297 -0.226063 -0.037151 0.309804 0.298039 0.321569
v -0.083470 -0.227282 -0.036207 0.309804 0.298039 0.321569
v -0.081598 -0.228394 -0.035264 0.309804 0.298039 0.321569
v -0.079878 -0.229959 -0.034407 0.309804 0.298039 0.321569
v -0.077919 -0.230854 -0.033466 0.309804 0.298039 0.321569
v -0.076107 -0.232203 -0.032606 0.305882 0.298039 0.321569
v -0.074070 -0.232871 -0.031667 0.305882 0.298039 0.321569
v -0.071999 -0.233419 -0.030729 0.305882 0.298039 0.321569
v -0.070070 -0.234424 -0.029867 0.305882 0.298039 0.321569
v -0.067936 -0.234734 -0.028932 0.305882 0.298039 0.321569
v -0.065777 -0.234921 -0.027999 0.305882 0.294118 0.321569
v -0.063753 -0.235566 -0.027136 0.305882 0.294118 0.321569
v -0.061548 -0.235508 -0.026206 0.305882 0.294118 0.321569
v -0.059327 -0.235326 -0.025278 0.305882 0.294118 0.321569
v -0.057234 -0.235606 -0.024414 0.305882 0.294118 0.321569
v -0.054983 -0.235180 -0.023489 0.305882 0.294118 0.321569
v -0.052725 -0.234632 -0.022567 0.301961 0.294118 0.321569
v -0.050588 -0.234549 -0.021702 0.301961 0.294118 0.321569
v -0.048318 -0.233762 -0.020784 0.301961 0.294118 0.321569
v -0.046164 -0.233443 -0.019918 0.301961 0.294118 0.321569
v -0.043893 -0.232425 -0.019004 0.301961 0.294118 0.321569
v -0.041628 -0.231295 -0.018092 0.301961 0.294118 0.321569
v -0.039472 -0.230636 -0.017227 0.301961 0.294118 0.321569
v -0.037223 -0.229291 -0.016320 0.305882 0.294118 0.321569
v -0.035076 -0.228419 -0.015455 0.305882 0.294118 0.321569
v -0.032936 -0.227444 -0.014589 0.305882 0.294118 0.321569
v -0.030803 -0.226369 -0.013722 0.305882 0.294118 0.321569
v -0.028610 -0.224631 -0.012822 0.305882 0.294118 0.321569
v -0.026506 -0.223371 -0.011956 0.305882 0.294118 0.321569
v -0.024357 -0.221462 -0.011061 0.305882 0.294118 0.321569
v -0.022291 -0.220035 -0.010195 0.305882 0.294118 0.321569
v -0.020193 -0.217975 -0.009306 0.305882 0.294118 0.321569
v -0.018173 -0.216399 -0.008441 0.305882 0.294118 0.321569
v -0.016175 -0.214753 -0.007576 0.305882 0.294118 0.321569
v -0.014165 -0.212504 -0.006694 0.309804 0.294118 0.321569
v -0.012222 -0.210741 -0.005831 0.309804 0.294118 0.321569
v -0.010306 -0.208925 -0.004967 0.309804 0.294118 0.317647
v -0.008397 -0.206536 -0.004093 0.309804 0.294118 0.317647
v -0.006543 -0.204636 -0.003231 0.309804 0.294118 0.317647
v -0.004720 -0.202701 -0.002369 0.309804 0.294118 0.317647
v -0.002919 -0.200224 -0.001504 0.313725 0.294118 0.317647
v -0.001163 -0.198241 -0.000644 0.313725 0.294118 0.317647
v 0.000561 -0.195737 0.000214 0.313725 0.294118 0.317647
v 0.002249 -0.193729 0.001071 0.313725 0.294118 0.317647
v 0.003905 -0.191714 0.001927 0.313725 0.294118 0.317647
v 0.005516 -0.189213 0.002776 0.313725 0.294118 0.317647
v 0.007104 -0.187210 0.003630 0.317647 0.294118 0.317647
v 0.008639 -0.184741 0.004471 0.317647 0.294118 0.317647
v 0.010161 -0.182771 0.005321 0.317647 0.294118 0.317647
v 0.011653 -0.180824 0.006170 0.317647 0.294118 0.317647
v 0.013083 -0.178444 0.007001 0.317647 0.294118 0.317647
v 0.014514 -0.176564 0.007846 0.317647 0.294118 0.317647
v 0.015919 -0.174722 0.008691 0.317647 0.294118 0.317647
v 0.017299 -0.172924 0.009535 0.321569 0.294118 0.317647
v 0.018607 -0.170732 0.010351 0.321569 0.294118 0.317647
v 0.019937 -0.169040 0.011190 0.321569 0.294118 0.317647
v 0.021192 -0.166972 0.011998 0.321569 0.294118 0.317647
v 0.022481 -0.165404 0.012833 0.321569 0.294118 0.317647
v 0.023691 -0.163475 0.013631 0.321569 0.294118 0.317647
v 0.024946 -0.162044 0.014461 0.321569 0.294118 0.317647
v 0.026122 -0.160268 0.015250 0.321569 0.294118 0.317647
v 0.027352 -0.158989 0.016076 0.321569 0.294118 0.317647
v 0.028800 -0.159023 0.017032 0.321569 0.294118 0.317647
v 0.031118 -0.163620 0.018509 0.321569 0.294118 0.317647
v 0.039434 -0.197885 0.023578 0.321569 0.294118 0.317647
v 0.042750 -0.205154 0.025681 0.321569 0.298039 0.317647
v 0.044807 -0.206012 0.027029 0.321569 0.298039 0.317647
v 0.046542 -0.205368 0.028177 0.321569 0.298039 0.317647
v 0.048107 -0.204044 0.029213 0.321569 0.298039 0.317647
v 0.049874 -0.203635 0.030360 0.321569 0.298039 0.317647
v 0.051467 -0.202555 0.031387 0.321569 0.298039 0.317647
v 0.052867 -0.200809 0.032280 0.321569 0.298039 0.313725
v 0.042604 -0.156367 0.026030 0.321569 0.298039 0.313725
v 0.040328 -0.143172 0.024639 0.321569 0.298039 0.313725
v 0.041378 -0.142240 0.025265 0.321569 0.298039 0.313725
v 0.042439 -0.141393 0.025881 0.321569 0.298039 0.313725
v 0.043755 -0.141409 0.026634 0.317647 0.298039 0.313725
v 0.044974 -0.141112 0.027309 0.317647 0.301961 0.313725
v 0.046215 -0.140891 0.027978 0.317647 0.301961 0.313725
v 0.047747 -0.141530 0.028801 0.317647 0.301961 0.313725
v 0.049046 -0.141454 0.029462 0.317647 0.301961 0.313725
v 0.050514 -0.141840 0.030200 0.317647 0.301961 0.313725
v 0.051872 -0.141896 0.030850 0.317647 0.301961 0.313725
v 0.053260 -0.142013 0.031494 0.313725 0.301961 0.313725
v 0.054831 -0.142585 0.032221 0.313725 0.301961 0.313725
v 0.056283 -0.142812 0.032854 0.313725 0.301961 0.313725
v 0.057928 -0.143491 0.033575 0.313725 0.301961 0.313725
v 0.059447 -0.143813 0.034197 0.313725 0.301961 0.313725
v 0.060996 -0.144174 0.034813 0.313725 0.301961 0.313725
v 0.062753 -0.144981 0.035522 0.313725 0.301961 0.313725
v 0.064369 -0.145411 0.036127 0.309804 0.301961 0.313725
v 0.066202 -0.146281 0.036829 0.309804 0.301961 0.313725
v 0.068075 -0.147178 0.037528 0.309804 0.301961 0.313725
v 0.069987 -0.148097 0.038225 0.309804 0.301961 0.313725
v 0.071735 -0.148611 0.038809 0.309804 0.301961 0.313725
v 0.073510 -0.149132 0.039386 0.309804 0.301961 0.313725
v 0.075525 -0.150083 0.040070 0.305882 0.301961 0.313725
v 0.077576 -0.151037 0.040751 0.305882 0.305882 0.313725
v 0.079434 -0.151556 0.041312 0.305882 0.305882 0.313725
v 0.081546 -0.152498 0.041985 0.305882 0.305882 0.313725
v 0.083449 -0.152990 0.042534 0.305882 0.305882 0.313725
v 0.085615 -0.153902 0.043199 0.305882 0.305882 0.313725
v 0.087557 -0.154350 0.043735 0.305882 0.305882 0.313725
v 0.089769 -0.155213 0.044392 0.305882 0.305882 0.313725
v 0.092003 -0.156046 0.045046 0.305882 0.305882 0.313725
v 0.093987 -0.156394 0.045565 0.305882 0.305882 0.313725
v 0.096253 -0.157152 0.046210 0.305882 0.305882 0.313725
v 0.098251 -0.157412 0.046717 0.301961 0.305882 0.313725
v 0.100538 -0.158079 0.047353 0.301961 0.305882 0.313725
v 0.102538 -0.158236 0.047847 0.301961 0.305882 0.313725
v 0.104834 -0.158796 0.048474 0.301961 0.305882 0.313725
v 0.107134 -0.159298 0.049098 0.301961 0.305882 0.313725
v 0.109116 -0.159277 0.049574 0.301961 0.305882 0.313725
v 0.111406 -0.159652 0.050189 0.301961 0.305882 0.313725
v 0.113359 -0.159496 0.050652 0.301961 0.305882 0.313725
v 0.115626 -0.159734 0.051257 0.305882 0.305882 0.313725
v 0.117536 -0.159434 0.051707 0.305882 0.305882 0.313725
v 0.119765 -0.159525 0.052303 0.305882 0.305882 0.313725
v 0.121974 -0.159540 0.052895 0.305882 0.305882 0.313725
v 0.123796 -0.159010 0.053326 0.305882 0.305882 0.313725
v 0.125946 -0.158867 0.053908 0.305882 0.305882 0.313725
v 0.128065 -0.158642 0.054486 0.305882 0.305882 0.313725
v 0.129766 -0.157871 0.054899 0.305882 0.305882 0.313725
v 0.131804 -0.157482 0.055467 0.305882 0.305882 0.313725
v 0.133800 -0.157010 0.056030 0.305882 0.305882 0.313725
v 0.135349 -0.155994 0.056424 0.309804 0.305882 0.313725
v 0.137243 -0.155355 0.056977 0.309804 0.305882 0.313725
v 0.139083 -0.154632 0.057527 0.309804 0.305882 0.313725
v 0.140866 -0.153826 0.058072 0.309804 0.305882 0.317647
v 0.142168 -0.152486 0.058440 0.309804 0.305882 0.317647
v 0.143823 -0.151517 0.058974 0.309804 0.305882 0.317647
v 0.145411 -0.150467 0.059504 0.309804 0.305882 0.317647
v 0.146930 -0.149338 0.060030 0.313725 0.305882 0.317647
v 0.148376 -0.148130 0.060551 0.313725 0.305882 0.317647
v 0.149305 -0.146411 0.060887 0.313725 0.305882 0.317647
v 0.150595 -0.145056 0.061398 0.313725 0.309804 0.317647
v 0.151805 -0.143628 0.061903 0.313725 0.309804 0.317647
v 0.152934 -0.142130 0.062405 0.313725 0.309804 0.317647
v 0.153979 -0.140564 0.062901 0.317647 0.309804 0.317647
v 0.154939 -0.138932 0.063393 0.317647 0.309804 0.317647
v 0.155812 -0.137238 0.063880 0.317647 0.309804 0.317647
v 0.156597 -0.135484 0.064362 0.317647 0.309804 0.317647
v 0.157294 -0.133673 0.064840 0.317647 0.309804 0.317647
v 0.157901 -0.131809 0.065312 0.317647 0.309804 0.317647
v 0.158419 -0.129894 0.065780 0.317647 0.309804 0.317647
v 0.158848 -0.127932 0.066243 0.321569 0.309804 0.317647
v 0.159187 -0.125927 0.066701 0.321569 0.309804 0.317647
v 0.159438 -0.123881 0.067154 0.321569 0.309804 0.317647
v 0.160074 -0.122159 0.067802 0.321569 0.309804 0.317647
v 0.160151 -0.120037 0.068247 0.321569 0.309804 0.317647
v 0.160142 -0.117886 0.068686 0.321569 0.309804 0.317647
v 0.160050 -0.115708 0.069120 0.321569 0.313725 0.317647
v 0.159877 -0.113508 0.069550 0.321569 0.313725 0.317647
v 0.159625 -0.111289 0.069974 0.321569 0.313725 0.317647
v 0.159767 -0.109378 0.070601 0.321569 0.313725 0.317647
v 0.159365 -0.107126 0.071017 0.321569 0.313725 0.317647
v 0.158892 -0.104867 0.071427 0.321569 0.313725 0.317647
v 0.158353 -0.102603 0.071832 0.321569 0.313725 0.317647
v 0.157750 -0.100337 0.072232 0.321569 0.313725 0.317647
v 0.157553 -0.098364 0.072841 0.321569 0.313725 0.321569
v 0.156835 -0.096100 0.073232 0.321569 0.313725 0.321569
v 0.156067 -0.093845 0.073618 0.321569 0.313725 0.321569
v 0.155254 -0.091602 0.073998 0.321569 0.313725 0.321569
v 0.154853 -0.089637 0.074592 0.321569 0.313725 0.321569
v 0.153960 -0.087420 0.074963 0.321569 0.317647 0.321569
v 0.153036 -0.085224 0.075329 0.321569 0.317647 0.321569
v 0.152532 -0.083294 0.075912 0.321569 0.317647 0.321569
v 0.151559 -0.081140 0.076268 0.321569 0.317647 0.321569
v 0.151010 -0.079245 0.076844 0.317647 0.317647 0.321569
v 0.150009 -0.077142 0.077190 0.317647 0.317647 0.321569
v 0.149003 -0.075072 0.077532 0.317647 0.317647 0.321569
v 0.148429 -0.073249 0.078095 0.317647 0.317647 0.321569
v 0.147428 -0.071242 0.078426 0.317647 0.317647 0.321569
v 0.146438 -0.069272 0.078752 0.317647 0.317647 0.321569
v 0.145888 -0.067536 0.079303 0.317647 0.317647 0.321569
v 0.144935 -0.065638 0.079618 0.313725 0.317647 0.321569
v 0.144009 -0.063780 0.079928 0.313725 0.317647 0.321569
v 0.143116 -0.061962 0.080233 0.313725 0.317647 0.321569
v 0.142673 -0.060361 0.080765 0.313725 0.317647 0.321569
v 0.141857 -0.058621 0.081058 0.313725 0.317647 0.321569
v 0.141088 -0.056923 0.081346 0.313725 0.317647 0.321569
v 0.140776 -0.055426 0.081864 0.309804 0.317647 0.321569
v 0.140113 -0.053806 0.082140 0.309804 0.317647 0.321569
v 0.139509 -0.052227 0.082410 0.309804 0.317647 0.321569
v 0.139369 -0.050833 0.082913 0.309804 0.317647 0.321569
v 0.138895 -0.049329 0.083171 0.309804 0.317647 0.321569
v 0.138491 -0.047862 0.083423 0.309804 0.317647 0.321569
v 0.138559 -0.046566 0.083909 0.309804 0.317647 0.321569
v 0.138305 -0.045168 0.084149 0.305882 0.317647 0.321569
v 0.138131 -0.043804 0.084383 0.305882 0.317647 0.321569
v 0.138039 -0.042471 0.084609 0.305882 0.317647 0.321569
v 0.138426 -0.041287 0.085072 0.305882 0.317647 0.321569
v 0.138504 -0.040010 0.085286 0.305882 0.317647 0.321569
v 0.138670 -0.038759 0.085493 0.305882 0.317647 0.321569
v 0.138924 -0.037532 0.085693 0.305882 0.317647 0.321569
v 0.139267 -0.036327 0.085886 0.305882 0.317647 0.321569
v 0.140100 -0.035241 0.086319 0.305882 0.317647 0.321569
v 0.140625 -0.034069 0.086499 0.305882 0.317647 0.321569
v 0.141241 -0.032910 0.086672 0.305882 0.317647 0.321569
v 0.141948 -0.031763 0.086838 0.301961 0.317647 0.321569
v 0.142744 -0.030625 0.086997 0.301961 0.317647 0.321569
v 0.143629 -0.029494 0.087150 0.301961 0.317647 0.321569
v 0.144602 -0.028366 0.087295 0.301961 0.317647 0.321569
v 0.145661 -0.027239 0.087433 0.301961 0.317647 0.325490
v 0.146804 -0.026111 0.087565 0.301961 0.317647 0.325490
v 0.148030 -0.024978 0.087689 0.301961 0.317647 0.325490
v 0.149760 -0.023907 0.088057 0.305882 0.317647 0.325490
v 0.151147 -0.022756 0.088169 0.305882 0.317647 0.325490
v 0.152608 -0.021592 0.088273 0.305882 0.317647 0.325490
v 0.154140 -0.020415 0.088371 0.305882 0.317647 0.325490
v 0.155740 -0.019222 0.088462 0.305882 0.317647 0.325490
v 0.157403 -0.018010 0.088547 0.305882 0.317647 0.325490
v 0.159127 -0.016778 0.088624 0.305882 0.317647 0.325490
v 0.160906 -0.015524 0.088696 0.305882 0.317647 0.325490
v 0.162737 -0.014246 0.088760 0.305882 0.317647 0.325490
v 0.164614 -0.012943 0.088818 0.305882 0.317647 0.321569
v 0.166532 -0.011612 0.088869 0.309804 0.317647 0.321569
v 0.168486 -0.010254 0.088914 0.309804 0.317647 0.321569
v 0.170472 -0.008865 0.088953 0.309804 0.317647 0.321569
v 0.172483 -0.007447 0.088985 0.309804 0.317647 0.321569
v 0.174513 -0.005997 0.089010 0.309804 0.317647 0.321569
v 0.176557 -0.004515 0.089029 0.309804 0.317647 0.321569
v 0.178609 -0.003001 0.089042 0.309804 0.317647 0.321569
v 0.180663 -0.001455 0.089048 0.313725 0.317647 0.321569
f 392 279 280
f 392 397 395
f 278 279 280
f 278 280 285
f 278 279 280
f 278 394 702
f 22 34 23
f 27 29 28
f 27 29 646
f 27 29 25
f 322 280 285
f 322 280 320
f 396 394 393
f 396 392 393
f 396 392 397
f 396 392 397
f 398 397 395
f 281 392 280
f 281 392 279
f 281 279 280
f 281 283 280
f 30 34 23
f 30 29 23
f 30 29 28
f 30 25 23
f 30 29 25
f 30 29 25
f 33 34 35
f 343 322 342
f 343 442 342
f 403 398 423
f 21 33 34
f 24 29 25
f 24 29 23
f 24 27 29
f 24 650 22
f 24 21 33
f 24 21 33
f 575 576 633
f 90 278 702
f 640 631 635
f 640 631 628
f 38 24 27
f 38 24 33
f 38 24 33
f 38 33 34
f 38 24 21
f 32 22 34
f 32 24 33
f 32 21 22
f 32 21 33
f 32 21 33
f 32 22 23
f 32 24 23
f 32 24 22
f 32 24 29
f 32 24 33
f 32 38 29
f 32 38 33
f 350 321 322
f 444 343 442
f 407 365 403
f 573 575 523
f 573 575 633
f 573 575 627
f 680 654 646
f 15 30 23
f 12 13 11
f 701 90 278
f 701 90 278
f 701 278 279
f 701 278 702
f 701 90 279
f 701 394 702
f 701 394 702
f 701 396 702
f 434 432 433
f 288 278 285
f 288 278 279
f 288 322 285
f 304 280 285
f 361 425 362
f 400 505 504
f 363 362 423
f 644 24 25
f 636 637 640
f 636 640 635
f 641 642 654
f 641 640 654
f 641 642 654
f 641 640 654
f 36 33 35
f 36 38 33
f 36 38 33
f 36 15 13
f 648 27 25
f 652 640 654
f 272 322 320
f 349 432 350
f 349 432 350
f 349 350 441
f 349 350 441
f 349 321 322
f 349 350 321
f 349 350 321
f 349 343 322
f 349 350 322
f 349 350 343
f 352 434 432
f 352 434 354
f 424 352 354
f 424 352 425
f 424 362 423
f 424 425 362
f 424 363 362
f 424 363 425
f 426 352 425
f 426 367 425
f 426 361 425
f 426 361 425
f 426 363 425
f 356 430 428
f 506 407 504
f 506 424 504
f 506 424 425
f 506 426 425
f 506 400 505
f 506 400 505
f 506 432 504
f 506 505 398
f 506 432 504
f 506 504 438
f 506 504 438
f 506 504 442
f 506 442 509
f 506 504 442
f 506 448 509
f 506 504 448
f 422 407 365
f 422 412 365
f 422 506 407
f 422 407 365
f 422 506 504
f 422 506 504
f 422 365 396
f 422 365 403
f 422 396 423
f 422 403 423
f 422 403 396
f 572 573 523
f 572 573 633
f 572 573 627
f 630 573 575
f 630 575 576
f 630 572 573
f 630 573 575
f 630 575 627
f 630 572 573
f 630 577 627
f 630 576 633
f 630 577 576
f 19 36 35
f 19 652 654
f 18 30 34
f 18 15 30
f 18 15 30
f 18 22 34
f 18 21 22
f 18 21 34
f 18 34 35
f 18 19 35
f 18 15 34
f 18 19 36
f 18 19 652
f 704 701 697
f 704 697 703
f 677 12 680
f 677 680 654
f 677 680 634
f 677 630 680
f 677 630 680
f 690 12 680
f 690 630 577
f 660 12 680
f 660 677 680
f 660 636 637
f 660 636 635
f 660 633 635
f 88 87 703
f 88 704 87
f 86 704 87
f 86 92 87
f 91 90 278
f 91 90 278
f 91 92 278
f 91 90 279
f 91 392 279
f 91 92 392
f 91 701 90
f 91 92 87
f 91 88 87
f 91 88 92
f 169 91 272
f 581 398 397
f 447 349 350
f 447 373 413
f 318 272 320
f 318 280 320
f 318 350 343
f 318 280 285
f 318 343 342
f 318 288 285
f 521 575 523
f 521 575 576
f 574 570 575
f 574 570 577
f 500 498 408
f 500 407 408
f 500 407 504
f 500 412 498
f 500 498 407
f 500 422 504
f 500 422 412
f 500 422 412
f 500 406 498
f 500 422 504
f 500 422 498
f 500 424 504
f 500 424 498
f 500 424 425
f 500 424 498
f 500 426 425
f 500 426 498
f 500 432 504
f 500 498 432
f 500 432 504
f 500 498 432
f 500 504 438
f 500 498 438
f 500 506 498
f 500 504 438
f 500 498 438
f 500 504 442
f 500 498 442
f 500 504 442
f 500 498 442
f 500 504 448
f 500 498 448
f 276 288 278
f 276 288 278
f 276 91 278
f 276 91 92
f 276 92 278
f 276 91 90
f 286 288 279
f 286 388 387
f 382 407 365
f 382 407 365
f 382 406 407
f 384 365 403
f 385 365 396
f 385 365 403
f 385 384 365
f 385 388 387
f 385 403 396
f 385 403 398
f 385 388 398
f 385 286 387
f 385 286 288
f 385 286 288
f 385 384 288
f 385 388 400
f 385 388 400
f 385 403 398
f 385 400 403
f 364 365 423
f 364 363 423
f 364 363 304
f 364 424 365
f 364 424 363
f 364 424 363
f 364 424 367
f 364 424 367
f 310 361 360
f 310 361 360
f 310 360 312
f 310 360 312
f 310 352 354
f 310 352 343
f 310 343 312
f 310 272 312
f 310 312 280
f 310 312 280
f 310 288 312
f 310 312 322
f 415 422 416
f 415 416 413
f 379 407 365
f 379 407 408
f 379 409 408
f 488 415 487
f 645 654 646
f 645 644 654
f 645 644 12
f 645 12 13
f 645 644 12
f 645 15 13
f 645 644 15
f 645 18 646
f 645 18 644
f 645 21 646
f 645 644 21
f 645 21 22
f 645 644 21
f 645 22 646
f 645 644 22
f 645 24 646
f 645 644 24
f 645 24 25
f 645 644 24
f 645 25 646
f 645 644 25
f 645 27 646
f 645 644 27
f 645 27 646
f 645 644 27
f 645 29 646
f 645 644 29
f 645 641 640
f 645 641 644
f 645 641 642
f 645 641 644
f 643 642 654
f 643 644 654
f 643 648 644
f 643 18 644
f 643 645 642
f 643 645 644
f 643 645 644
f 643 18 644
f 643 644 21
f 643 644 21
f 643 644 22
f 643 642 25
f 643 644 25
f 643 642 25
f 643 644 25
f 643 642 27
f 643 644 27
f 643 642 27
f 643 644 27
f 643 596 640
f 643 644 596
f 643 641 640
f 643 641 644
f 643 641 644
f 638 640 654
f 638 637 640
f 638 660 634
f 638 660 637
f 37 12 38
f 37 36 15
f 37 36 13
f 37 36 38
f 37 19 38
f 37 19 36
f 649 648 27
f 649 24 650
f 649 648 24
f 649 641 640
f 649 648 641
f 649 24 650
f 649 648 24
f 649 641 642
f 649 648 641
f 649 650 22
f 649 648 22
f 649 642 654
f 649 21 650
f 649 648 21
f 649 12 654
f 649 648 12
f 649 643 642
f 649 643 648
f 649 643 648
f 649 21 650
f 649 648 21
f 649 12 13
f 649 648 12
f 649 19 650
f 649 19 648
f 649 15 13
f 649 648 15
f 649 18 19
f 649 18 19
f 647 648 644
f 647 645 654
f 647 645 644
f 647 645 644
f 647 648 12
f 647 643 644
f 647 643 648
f 647 12 13
f 647 648 12
f 647 643 642
f 647 643 648
f 647 15 13
f 647 648 15
f 647 641 642
f 647 648 641
f 647 641 640
f 647 648 641
f 647 18 646
f 647 21 646
f 647 648 21
f 647 19 648
f 647 18 19
f 647 18 19
f 647 21 22
f 647 648 21
f 647 22 646
f 647 648 22
f 647 24 646
f 647 648 24
f 647 24 25
f 647 648 24
f 647 25 646
f 647 648 25
f 647 27 646
f 647 648 27
f 647 27 29
f 134 42 132
f 657 660 12
f 657 631 635
f 269 266 322
f 269 272 322
f 269 310 312
f 269 310 272
f 269 318 266
f 269 318 272
f 275 276 288
f 275 276 90
f 275 276 91
f 275 91 92
f 275 276 92
f 275 276 91
f 324 343 322
f 324 326 343
f 324 269 266
f 324 269 326
f 324 269 272
f 324 269 326
f 324 272 322
f 324 326 272
f 324 322 280
f 324 326 280
f 324 322 280
f 324 326 280
f 324 288 322
f 324 326 288
f 324 310 312
f 324 310 326
f 324 326 322
f 324 318 322
f 324 318 326
f 346 432 343
f 346 343 438
f 346 441 442
f 346 324 326
f 346 324 326
f 351 318 350
f 351 318 352
f 351 424 352
f 351 350 321
f 351 426 352
f 351 432 350
f 351 352 434
f 351 432 350
f 351 434 432
f 351 352 434
f 353 352 354
f 353 350 441
f 353 351 350
f 353 318 352
f 353 447 350
f 353 351 321
f 353 351 352
f 353 447 349
f 353 349 350
f 353 350 321
f 353 351 350
f 353 349 325
f 427 506 504
f 427 506 426
f 427 500 504
f 427 500 426
f 427 500 498
f 427 500 426
f 427 351 350
f 427 351 426
f 427 351 352
f 427 351 426
f 427 352 428
f 427 426 352
f 427 426 361
f 427 426 367
f 427 360 428
f 427 361 360
f 427 361 360
f 427 426 361
f 348 349 432
f 348 349 343
f 348 349 432
f 348 349 322
f 348 324 322
f 348 349 325
f 348 349 441
f 348 447 349
f 348 441 442
f 348 349 441
f 358 426 425
f 358 426 425
f 358 424 425
f 358 424 425
f 358 427 426
f 358 354 423
f 358 424 423
f 358 424 354
f 358 427 428
f 358 310 312
f 358 310 354
f 358 310 354
f 358 430 360
f 429 360 428
f 429 430 360
f 429 358 428
f 429 358 430
f 429 361 360
f 429 427 367
f 429 427 367
f 429 418 367
f 429 418 430
f 429 418 430
f 436 353 352
f 436 418 367
f 436 351 352
f 436 351 350
f 507 398 509
f 507 506 398
f 507 400 509
f 507 506 400
f 507 506 400
f 507 506 505
f 507 581 505
f 507 506 505
f 420 367 425
f 420 424 367
f 420 426 425
f 405 382 406
f 405 382 406
f 405 500 406
f 405 500 406
f 303 262 260
f 303 260 304
f 40 336 32
f 40 336 30
f 40 30 29
f 40 336 30
f 40 647 27
f 40 645 336
f 40 647 29
f 40 647 648
f 40 645 29
f 40 645 336
f 40 647 336
f 40 649 648
f 40 647 648
f 40 24 650
f 40 649 648
f 40 649 27
f 40 649 650
f 40 41 336
f 40 649 336
f 40 41 652
f 666 627 626
f 532 636 637
f 571 574 570
f 571 572 627
f 629 556 631
f 629 662 631
f 629 630 662
f 629 630 627
f 629 630 572
f 629 571 572
f 629 571 630
f 684 630 680
f 684 630 680
f 684 680 634
f 14 12 13
f 14 12 38
f 14 12 38
f 14 13 11
f 14 37 38
f 14 37 15
f 14 652 13
f 14 652 15
f 14 15 13
f 17 36 15
f 17 18 15
f 17 18 36
f 17 18 19
f 17 37 19
f 17 37 19
f 17 18 19
f 17 18 652
f 17 649 18
f 17 649 648
f 17 649 18
f 17 647 648
f 17 647 18
f 17 647 15
f 17 647 18
f 17 645 15
f 17 645 18
f 17 18 644
f 17 645 644
f 17 645 18
f 674 677 12
f 674 677 12
f 674 660 12
f 674 660 677
f 674 669 634
f 674 677 634
f 674 677 654
f 674 660 654
f 674 660 677
f 674 630 669
f 674 677 630
f 674 677 630
f 687 680 654
f 687 690 654
f 687 690 680
f 687 680 646
f 687 645 646
f 687 645 690
f 687 645 690
f 687 684 680
f 687 690 634
f 687 684 634
f 687 684 680
f 687 690 630
f 687 684 630
f 687 690 630
f 687 684 630
f 661 630 662
f 661 660 633
f 661 660 659
f 661 659 631
f 661 662 631
f 661 662 659
f 661 660 12
f 89 701 90
f 89 88 90
f 89 701 703
f 89 88 703
f 89 91 701
f 89 91 88
f 89 704 701
f 89 88 704
f 89 91 701
f 89 91 88
f 85 86 704
f 85 95 90
f 700 91 92
f 700 91 701
f 700 581 92
f 700 91 392
f 700 91 701
f 700 581 392
f 700 701 394
f 700 581 394
f 700 701 394
f 700 581 394
f 700 701 396
f 700 701 396
f 332 324 330
f 332 330 322
f 332 324 326
f 332 324 326
f 332 318 330
f 332 310 330
f 314 269 312
f 314 269 272
f 314 352 354
f 314 272 312
f 314 312 280
f 314 352 343
f 314 351 352
f 314 312 280
f 314 343 312
f 314 288 312
f 314 332 330
f 314 324 326
f 314 324 312
f 314 312 322
f 314 318 312
f 580 392 395
f 580 581 392
f 580 392 393
f 580 581 392
f 580 581 388
f 580 394 393
f 580 581 394
f 580 581 394
f 580 400 399
f 580 398 399
f 580 581 398
f 580 581 505
f 580 581 641
f 580 581 641
f 580 507 581
f 580 643 581
f 580 581 640
f 580 581 631
f 580 581 631
f 247 321 322
f 214 41 42
f 214 41 652
f 214 41 652
f 651 41 336
f 651 41 652
f 651 40 41
f 651 40 41
f 651 40 24
f 651 24 650
f 651 652 24
f 651 21 650
f 651 652 21
f 651 21 650
f 651 652 21
f 651 640 654
f 651 652 640
f 651 19 650
f 651 19 652
f 651 12 654
f 651 18 19
f 651 18 19
f 651 12 13
f 651 12 13
f 651 652 13
f 651 17 18
f 651 17 18
f 651 14 13
f 651 14 652
f 651 14 15
f 651 14 652
f 374 214 580
f 368 447 367
f 368 447 373
f 368 373 413
f 368 441 413
f 368 367 441
f 368 367 441
f 368 415 373
f 368 415 416
f 368 415 373
f 368 418 367
f 368 420 367
f 368 424 367
f 368 420 424
f 368 420 424
f 552 551 627
f 552 551 627
f 552 629 551
f 552 630 551
f 552 629 630
f 552 629 630
f 552 551 633
f 695 694 697
f 693 694 697
f 693 630 577
f 693 690 630
f 693 690 630
f 693 690 634
f 693 645 12
f 693 645 690
f 693 690 12
f 693 645 12
f 693 645 690
f 693 704 697
f 693 12 697
f 693 12 680
f 693 647 12
f 693 687 680
f 693 687 690
f 693 687 690
f 693 690 654
f 693 647 654
f 693 690 12
f 693 647 12
f 518 516 577
f 518 576 517
f 518 577 576
f 287 286 288
f 287 276 288
f 287 276 288
f 287 286 288
f 287 276 274
f 287 276 289
f 287 286 388
f 390 385 365
f 390 385 396
f 390 396 397
f 390 398 397
f 390 580 581
f 390 398 395
f 390 398 399
f 390 580 395
f 308 361 362
f 308 310 361
f 308 310 361
f 308 310 354
f 308 269 310
f 308 269 310
f 308 352 343
f 308 310 352
f 308 310 352
f 308 310 343
f 308 310 272
f 308 310 280
f 308 310 280
f 308 332 310
f 308 310 288
f 308 324 310
f 308 324 310
f 414 422 412
f 414 415 422
f 414 415 373
f 414 374 373
f 414 374 415
f 414 488 487
f 414 488 415
f 380 407 365
f 380 379 407
f 380 379 407
f 380 406 407
f 380 406 407
f 380 406 409
f 380 379 409
f 380 379 406
f 411 488 487
f 491 405 406
f 491 406 409
f 421 422 365
f 421 418 365
f 421 420 365
f 421 424 365
f 421 420 424
f 372 415 416
f 372 415 373
f 372 374 415
f 372 374 415
f 522 570 575
f 522 521 575
f 522 521 575
f 522 570 577
f 522 574 570
f 337 645 336
f 337 645 644
f 337 644 29
f 337 643 644
f 337 336 30
f 10 41 42
f 10 40 41
f 10 661 662
f 10 666 11
f 10 661 660
f 10 19 11
f 10 19 654
f 10 17 11
f 10 17 19
f 10 17 19
f 10 19 652
f 10 19 652
f 10 652 21
f 10 652 21
f 10 24 21
f 10 40 24
f 10 652 24
f 712 12 680
f 712 12 680
f 712 684 680
f 712 12 703
f 712 687 684
f 712 704 703
f 712 704 12
f 712 687 690
f 712 693 690
f 133 41 42
f 133 134 42
f 133 134 41
f 655 636 635
f 655 636 637
f 655 640 654
f 655 636 640
f 655 636 640
f 655 10 11
f 655 638 637
f 655 638 660
f 655 660 12
f 655 12 11
f 655 660 654
f 655 638 654
f 655 638 660
f 296 380 214
f 296 380 214
f 273 91 272
f 273 275 91
f 273 275 91
f 273 91 92
f 273 91 272
f 153 149 91
f 153 149 91
f 345 343 438
f 345 346 438
f 345 346 343
f 345 343 442
f 345 346 442
f 345 346 442
f 345 346 444
f 345 346 326
f 345 346 326
f 431 351 432
f 431 351 352
f 431 351 352
f 431 352 428
f 431 430 428
f 431 352 432
f 431 430 487
f 431 356 432
f 431 356 430
f 431 432 478
f 431 358 430
f 431 418 367
f 431 418 430
f 431 418 430
f 439 353 351
f 439 351 350
f 439 353 351
f 439 349 350
f 439 349 350
f 439 350 441
f 439 351 350
f 439 348 438
f 439 348 349
f 439 348 349
f 439 418 367
f 439 436 418
f 347 346 432
f 347 346 324
f 347 324 343
f 347 348 343
f 347 348 324
f 347 346 324
f 347 346 432
f 347 348 432
f 347 324 325
f 347 348 325
f 347 348 324
f 347 346 438
f 347 348 438
f 347 346 438
f 347 348 438
f 347 346 441
f 347 348 441
f 347 348 447
f 347 346 444
f 347 346 441
f 347 348 441
f 347 346 442
f 347 348 442
f 357 427 426
f 357 358 426
f 357 358 427
f 357 427 428
f 357 358 427
f 357 356 428
f 357 358 354
f 357 356 430
f 357 314 354
f 357 314 356
f 357 314 358
f 357 429 430
f 357 429 358
f 357 429 358
f 357 431 356
f 357 431 358
f 357 314 356
f 357 314 358
f 357 431 356
f 357 431 358
f 357 356 432
f 357 358 432
f 355 436 353
f 355 353 354
f 355 436 434
f 355 436 356
f 355 434 354
f 355 434 433
f 355 356 434
f 355 432 433
f 355 356 432
f 355 356 432
f 437 436 351
f 437 353 351
f 437 353 351
f 437 436 353
f 437 351 350
f 437 436 351
f 437 439 353
f 437 436 350
f 437 355 436
f 437 349 350
f 437 349 350
f 437 436 478
f 437 348 438
f 437 348 349
f 437 348 349
f 404 407 403
f 404 384 403
f 404 382 407
f 404 405 382
f 404 405 382
f 404 506 504
f 404 506 407
f 404 405 407
f 503 500 407
f 503 405 407
f 503 404 405
f 503 500 505
f 503 404 504
f 503 505 504
f 503 400 504
f 503 502 400
f 503 502 580
f 503 505 398
f 503 580 398
f 503 580 505
f 417 488 487
f 417 421 418
f 417 416 413
f 417 372 416
f 417 422 416
f 417 421 422
f 417 441 413
f 417 418 441
f 417 368 416
f 417 372 373
f 417 367 441
f 417 418 367
f 417 368 367
f 417 368 418
f 261 260 304
f 261 303 260
f 261 303 262
f 261 303 262
f 261 308 260
f 261 308 310
f 261 310 259
f 261 314 259
f 261 318 259
f 261 259 322
f 261 324 259
f 261 324 326
f 302 303 304
f 302 364 304
f 302 303 373
f 302 372 373
f 302 269 304
f 302 303 262
f 302 303 262
f 302 269 272
f 302 364 304
f 302 272 304
f 302 304 354
f 302 304 343
f 302 304 285
f 302 304 343
f 39 334 144
f 39 40 334
f 39 334 33
f 39 40 334
f 39 38 34
f 39 38 33
f 39 32 38
f 39 40 32
f 39 40 134
f 39 32 38
f 39 40 32
f 39 134 41
f 39 40 41
f 39 38 29
f 39 40 29
f 39 41 42
f 39 134 42
f 39 38 27
f 39 40 27
f 39 134 132
f 39 134 38
f 39 38 24
f 39 10 11
f 39 19 11
f 39 19 38
f 39 19 38
f 39 38 21
f 39 24 27
f 39 40 27
f 39 40 24
f 39 38 24
f 39 40 24
f 39 10 21
f 39 10 40
f 335 40 41
f 335 40 334
f 335 214 41
f 335 214 334
f 335 214 334
f 335 40 334
f 335 40 32
f 335 40 336
f 335 32 33
f 335 334 33
f 335 336 32
f 335 336 30
f 335 337 334
f 335 337 334
f 335 337 336
f 335 337 338
f 335 338 339
f 335 308 310
f 335 308 332
f 335 302 304
f 335 310 312
f 335 332 310
f 335 314 312
f 335 314 332
f 335 318 342
f 335 332 318
f 335 322 342
f 335 332 322
f 335 324 322
f 335 332 324
f 335 332 324
f 658 10 660
f 658 657 660
f 658 657 660
f 658 10 660
f 658 10 657
f 658 657 631
f 658 581 659
f 658 214 581
f 658 214 581
f 658 660 659
f 658 657 631
f 658 631 628
f 658 659 628
f 658 659 631
f 147 335 334
f 147 36 144
f 147 37 36
f 531 571 572
f 531 528 572
f 531 532 572
f 531 528 572
f 531 532 637
f 531 528 637
f 531 532 638
f 531 528 638
f 663 629 662
f 16 37 36
f 16 17 36
f 16 17 37
f 16 17 37
f 16 14 37
f 16 14 37
f 16 14 38
f 16 19 38
f 16 17 19
f 16 17 19
f 16 14 11
f 16 14 15
f 16 17 11
f 16 652 15
f 16 17 652
f 16 651 652
f 16 651 17
f 16 651 15
f 16 651 17
f 16 649 15
f 16 17 649
f 16 17 649
f 672 12 11
f 672 674 12
f 672 674 12
f 672 10 11
f 672 627 626
f 672 674 627
f 672 630 627
f 672 674 630
f 672 674 630
f 624 687 684
f 624 684 680
f 624 687 690
f 624 677 680
f 624 690 577
f 624 674 627
f 624 674 677
f 624 577 627
f 624 575 627
f 624 575 627
f 624 672 674
f 624 672 626
f 624 573 575
f 624 572 573
f 624 571 572
f 613 678 679
f 665 661 660
f 665 660 634
f 665 661 633
f 665 661 660
f 665 669 634
f 665 630 633
f 665 630 669
f 665 674 669
f 665 674 660
f 665 661 630
f 665 674 12
f 665 674 660
f 665 12 11
f 665 666 11
f 665 661 12
f 665 661 662
f 665 629 630
f 665 666 627
f 665 629 627
f 665 629 630
f 665 663 629
f 665 10 662
f 665 663 10
f 665 10 666
f 665 629 627
f 665 663 629
f 665 627 626
f 665 666 627
f 665 663 664
f 665 664 626
f 83 89 88
f 83 85 95
f 142 37 36
f 142 36 38
f 142 39 38
f 142 147 85
f 142 85 90
f 142 147 85
f 142 147 91
f 142 147 91
f 699 581 397
f 699 700 581
f 699 396 397
f 699 700 396
f 699 700 396
f 699 700 701
f 161 164 91
f 161 164 91
f 161 261 164
f 166 169 91
f 166 169 91
f 166 261 169
f 171 173 272
f 316 269 318
f 316 314 269
f 316 269 318
f 316 314 269
f 316 261 318
f 316 261 314
f 316 318 272
f 316 314 272
f 316 318 280
f 316 314 280
f 316 318 280
f 316 314 280
f 316 314 356
f 316 314 356
f 316 318 352
f 316 314 352
f 316 318 288
f 316 314 288
f 316 355 356
f 316 351 318
f 316 314 351
f 316 314 351
f 316 314 318
f 316 318 350
f 316 351 350
f 316 351 318
f 316 318 343
f 316 314 343
f 316 335 318
f 316 335 314
f 316 335 332
f 316 335 314
f 316 332 318
f 316 314 332
f 316 324 318
f 316 314 324
f 316 324 318
f 316 314 324
f 316 318 322
f 316 314 322
f 316 314 318
f 590 592 697
f 594 664 668
f 594 664 596
f 594 580 581
f 594 596 659
f 594 652 596
f 594 596 640
f 594 649 648
f 594 649 596
f 594 651 652
f 594 596 640
f 594 641 640
f 594 596 631
f 594 647 648
f 594 651 596
f 594 643 596
f 594 647 596
f 594 643 644
f 594 645 596
f 594 645 644
f 123 142 147
f 479 482 406
f 479 411 482
f 479 429 478
f 479 429 430
f 484 482 406
f 484 411 482
f 484 411 482
f 484 414 482
f 484 414 482
f 495 404 405
f 495 405 406
f 249 251 322
f 249 324 251
f 249 247 324
f 249 324 251
f 249 247 324
f 249 247 332
f 249 161 164
f 249 161 247
f 249 166 251
f 249 166 247
f 218 368 367
f 218 368 303
f 218 368 373
f 218 368 303
f 218 303 373
f 218 374 214
f 218 214 274
f 470 444 442
f 470 444 442
f 470 439 441
f 470 522 521
f 470 506 478
f 470 506 478
f 378 379 365
f 378 296 214
f 378 379 409
f 378 411 409
f 553 522 527
f 553 502 505
f 553 502 556
f 553 624 552
f 553 491 488
f 553 491 488
f 553 495 551
f 553 495 556
f 553 491 551
f 553 491 556
f 553 484 482
f 553 484 482
f 553 479 482
f 553 479 482
f 553 552 627
f 553 552 627
f 553 552 629
f 553 552 629
f 553 552 633
f 560 502 556
f 560 502 562
f 560 479 562
f 560 484 562
f 560 495 556
f 560 495 562
f 560 491 562
f 560 491 562
f 560 562 631
f 560 562 631
f 560 559 631
f 564 502 562
f 564 495 562
f 564 491 562
f 564 491 562
f 564 484 562
f 564 479 562
f 564 562 631
f 564 562 631
f 569 522 527
f 569 560 522
f 569 522 527
f 569 560 522
f 569 553 527
f 569 552 570
f 569 553 552
f 569 553 552
f 511 448 509
f 511 470 478
f 515 577 576
f 515 516 577
f 696 592 697
f 696 695 697
f 696 699 700
f 696 704 701
f 696 695 704
f 696 699 700
f 692 594 693
f 692 594 596
f 284 287 286
f 284 286 388
f 209 287 388
f 209 390 581
f 209 276 274
f 389 580 581
f 389 390 580
f 389 209 390
f 389 580 388
f 389 390 580
f 389 209 287
f 389 388 400
f 389 284 287
f 389 209 284
f 389 209 284
f 389 400 399
f 389 390 399
f 389 388 400
f 389 284 388
f 389 388 398
f 389 390 398
f 389 284 283
f 389 284 390
f 389 390 398
f 389 390 385
f 389 385 398
f 389 385 388
f 389 390 396
f 389 385 396
f 366 308 364
f 366 364 367
f 366 364 363
f 366 364 367
f 366 426 367
f 366 426 363
f 366 426 363
f 366 427 426
f 366 427 426
f 366 310 361
f 366 427 361
f 366 310 361
f 366 427 367
f 366 427 361
f 366 361 360
f 366 429 367
f 366 429 361
f 366 360 312
f 366 429 361
f 366 429 430
f 366 429 430
f 366 431 430
f 366 431 430
f 366 314 358
f 366 431 358
f 366 357 358
f 366 431 367
f 366 357 356
f 366 357 358
f 366 358 432
f 366 431 432
f 366 431 358
f 366 357 356
f 366 355 436
f 366 356 434
f 366 436 356
f 366 437 355
f 366 436 367
f 366 436 434
f 366 439 436
f 366 437 439
f 366 437 439
f 366 437 355
f 366 218 321
f 366 353 321
f 366 439 367
f 366 439 353
f 366 218 325
f 366 353 325
f 366 367 441
f 366 353 441
f 366 447 367
f 366 353 447
f 366 347 348
f 366 353 349
f 366 348 349
f 366 353 447
f 366 347 346
f 306 368 365
f 306 368 367
f 306 368 367
f 306 366 367
f 306 304 365
f 306 364 304
f 306 364 363
f 306 308 364
f 306 261 304
f 306 261 262
f 306 363 304
f 306 261 260
f 306 261 308
f 306 269 304
f 306 308 269
f 306 304 354
f 306 308 354
f 306 363 362
f 306 308 362
f 306 308 363
f 306 260 305
f 306 308 260
f 306 269 272
f 306 308 269
f 306 304 343
f 306 308 343
f 306 272 304
f 306 308 272
f 306 304 343
f 306 308 343
f 306 304 280
f 306 308 280
f 306 335 304
f 306 335 308
f 306 304 280
f 306 308 280
f 306 335 332
f 306 335 308
f 306 304 288
f 306 308 288
f 306 308 332
f 254 218 214
f 489 405 488
f 489 491 405
f 489 488 406
f 489 491 406
f 489 411 488
f 489 411 488
f 489 414 488
f 489 414 488
f 489 488 415
f 489 417 488
f 489 417 488
f 489 417 418
f 489 418 487
f 489 420 487
f 489 421 420
f 489 421 422
f 489 422 487
f 489 424 487
f 489 424 487
f 489 426 487
f 489 522 488
f 489 491 527
f 492 409 408
f 492 491 409
f 492 406 408
f 492 491 406
f 492 491 406
f 492 491 411
f 492 409 493
f 492 411 493
f 492 411 409
f 492 491 411
f 492 491 412
f 492 417 422
f 492 417 421
f 370 418 365
f 370 303 304
f 370 302 303
f 300 372 373
f 300 372 374
f 300 372 374
f 300 302 372
f 300 302 372
f 300 364 365
f 300 302 364
f 300 302 364
f 300 302 269
f 524 527 574
f 524 522 574
f 524 522 527
f 524 574 573
f 524 522 575
f 524 522 574
f 524 522 488
f 524 573 523
f 524 573 575
f 524 522 478
f 524 489 527
f 524 489 522
f 524 489 491
f 524 489 522
f 524 491 527
f 524 522 491
f 524 495 527
f 524 495 522
f 524 522 502
f 519 518 516
f 519 492 516
f 519 495 522
f 519 564 562
f 519 564 516
f 519 569 516
f 519 569 564
f 519 522 570
f 519 522 577
f 519 522 521
f 519 522 491
f 519 560 562
f 519 560 522
f 519 492 491
f 519 521 576
f 519 518 576
f 519 518 577
f 519 560 556
f 519 560 522
f 519 522 521
f 519 489 522
f 519 553 556
f 519 553 522
f 519 518 478
f 519 522 527
f 510 511 512
f 510 699 577
f 510 511 699
f 510 699 509
f 510 511 699
f 510 398 509
f 510 511 398
f 510 511 398
f 549 629 627
f 535 495 537
f 535 537 491
f 535 537 491
f 535 537 571
f 535 484 537
f 720 674 677
f 720 679 681
f 716 677 680
f 713 714 680
f 713 712 680
f 713 714 12
f 713 712 12
f 713 684 714
f 713 712 684
f 713 687 684
f 713 712 687
f 707 712 693
f 707 692 693
f 707 692 695
f 707 692 696
f 707 83 85
f 656 10 657
f 656 655 10
f 656 657 12
f 656 655 12
f 656 657 660
f 656 655 660
f 656 657 635
f 656 655 635
f 656 660 636
f 656 657 660
f 656 660 636
f 656 655 636
f 656 655 660
f 656 655 636
f 270 171 173
f 270 166 169
f 270 166 269
f 297 296 298
f 297 300 269
f 297 270 269
f 297 300 269
f 297 270 269
f 297 275 272
f 297 302 272
f 297 300 302
f 297 302 285
f 297 302 304
f 297 335 332
f 297 335 302
f 297 335 302
f 297 302 343
f 297 302 343
f 297 300 365
f 297 300 298
f 297 306 332
f 297 306 332
f 297 302 354
f 297 300 302
f 297 306 308
f 295 297 296
f 295 297 270
f 295 296 380
f 295 378 296
f 295 297 378
f 265 300 298
f 265 300 302
f 155 91 90
f 155 92 156
f 155 91 92
f 344 444 442
f 344 345 442
f 344 345 444
f 344 444 343
f 344 345 343
f 344 444 343
f 344 345 444
f 344 447 343
f 344 345 326
f 446 347 346
f 446 347 346
f 446 345 346
f 446 345 346
f 446 347 444
f 446 347 447
f 446 345 444
f 446 344 345
f 446 344 345
f 446 344 343
f 446 344 447
f 446 447 448
f 446 343 342
f 446 447 343
f 401 385 400
f 401 385 400
f 401 388 400
f 401 388 400
f 401 503 502
f 401 503 400
f 401 506 504
f 401 506 400
f 401 506 400
f 402 404 384
f 402 404 405
f 402 404 384
f 402 385 384
f 402 401 385
f 402 405 488
f 402 491 405
f 402 404 405
f 402 489 491
f 402 404 498
f 402 495 404
f 402 401 495
f 402 388 387
f 402 401 388
f 402 401 388
f 402 489 405
f 402 489 491
f 402 484 482
f 402 479 482
f 402 503 502
f 402 401 503
f 402 503 504
f 402 401 504
f 402 401 503
f 499 405 500
f 499 404 405
f 499 404 405
f 499 404 498
f 499 404 500
f 499 402 498
f 499 402 500
f 499 402 401
f 499 502 500
f 499 564 502
f 499 560 502
f 499 560 502
f 499 553 502
f 499 553 502
f 499 535 537
f 499 524 522
f 499 524 502
f 501 405 500
f 501 503 500
f 501 503 405
f 501 404 405
f 501 503 404
f 501 404 500
f 501 503 404
f 501 503 502
f 501 503 502
f 501 402 500
f 501 402 502
f 501 402 401
f 501 402 401
f 501 499 502
f 501 499 401
f 501 401 502
f 501 499 401
f 501 502 400
f 501 499 400
f 501 499 502
f 98 97 156
f 98 155 97
f 98 97 153
f 98 142 147
f 98 209 97
f 98 97 90
f 98 97 91
f 98 97 91
f 96 95 156
f 96 97 156
f 96 155 95
f 96 155 97
f 96 161 164
f 96 153 149
f 96 97 153
f 96 142 147
f 96 142 147
f 96 171 173
f 96 106 116
f 96 98 97
f 96 209 95
f 96 209 97
f 96 696 95
f 96 692 696
f 96 692 696
f 96 83 89
f 96 83 79
f 96 83 97
f 96 83 95
f 96 83 97
f 96 95 90
f 96 97 90
f 96 95 91
f 96 97 91
f 96 95 91
f 96 97 91
f 170 261 169
f 170 261 173
f 170 249 251
f 170 249 173
f 170 249 247
f 170 249 247
f 170 270 269
f 170 270 173
f 170 270 171
f 170 270 169
f 170 270 171
f 170 169 272
f 170 171 272
f 170 96 95
f 170 96 171
f 170 96 97
f 170 96 171
f 170 98 97
f 170 98 171
f 174 261 175
f 174 261 173
f 174 249 251
f 174 249 173
f 174 249 247
f 174 249 247
f 174 270 269
f 174 270 173
f 174 96 95
f 174 96 173
f 174 96 97
f 174 96 97
f 174 98 97
f 174 98 97
f 46 39 10
f 46 10 40
f 46 39 10
f 145 334 144
f 145 144 34
f 145 147 34
f 145 147 144
f 145 142 147
f 145 142 147
f 148 335 149
f 148 147 335
f 148 147 34
f 148 335 149
f 148 147 335
f 148 85 149
f 148 147 85
f 148 149 91
f 148 147 91
f 148 149 91
f 148 147 91
f 148 96 149
f 148 96 147
f 148 96 97
f 148 96 147
f 148 98 97
f 148 98 147
f 619 574 573
f 619 618 571
f 619 618 571
f 619 672 618
f 625 659 628
f 625 662 659
f 625 663 662
f 625 663 662
f 625 664 626
f 625 663 664
f 625 665 664
f 625 640 628
f 625 652 640
f 625 665 666
f 625 665 664
f 625 640 631
f 625 564 562
f 625 666 626
f 625 667 666
f 625 624 626
f 625 560 559
f 625 553 552
f 625 553 624
f 625 624 552
f 625 552 571
f 625 552 571
f 625 624 571
f 625 624 571
f 598 695 694
f 603 605 690
f 603 693 605
f 603 693 605
f 603 605 570
f 614 613 570
f 614 613 681
f 614 613 678
f 614 613 678
f 610 693 690
f 137 142 90
f 582 581 398
f 582 699 398
f 582 699 581
f 582 507 581
f 698 699 701
f 698 697 703
f 698 701 703
f 698 701 697
f 698 696 701
f 698 696 699
f 160 91 92
f 160 161 91
f 160 91 90
f 160 161 91
f 160 96 95
f 160 96 161
f 160 96 97
f 160 96 161
f 160 98 97
f 160 98 161
f 160 261 259
f 160 161 261
f 160 249 251
f 160 249 161
f 160 249 247
f 160 249 161
f 165 164 91
f 165 166 91
f 165 164 91
f 165 166 91
f 165 96 164
f 165 96 166
f 165 270 164
f 165 270 166
f 165 96 97
f 165 96 166
f 165 270 164
f 165 270 166
f 165 98 97
f 165 98 166
f 165 261 164
f 165 166 261
f 165 249 164
f 165 249 166
f 165 249 247
f 165 249 166
f 167 96 95
f 167 96 166
f 167 96 97
f 167 96 166
f 167 98 97
f 167 98 166
f 181 182 260
f 181 261 182
f 181 261 182
f 181 249 182
f 181 265 182
f 181 182 269
f 181 270 182
f 181 96 182
f 181 96 97
f 181 98 97
f 587 698 697
f 587 698 586
f 587 698 586
f 587 696 586
f 688 712 687
f 688 713 712
f 688 610 687
f 683 594 679
f 119 96 97
f 104 150 153
f 158 160 161
f 163 165 106
f 163 165 166
f 163 167 133
f 480 411 482
f 480 479 411
f 480 479 411
f 480 414 482
f 480 479 414
f 480 414 482
f 480 479 414
f 480 482 415
f 480 479 415
f 480 417 482
f 480 479 417
f 480 417 482
f 480 479 417
f 480 479 418
f 480 429 427
f 480 479 429
f 480 479 429
f 480 431 430
f 480 479 430
f 480 431 432
f 480 432 478
f 480 434 478
f 480 434 478
f 480 479 537
f 480 535 537
f 480 535 479
f 485 524 522
f 485 484 414
f 485 522 521
f 485 484 414
f 485 519 521
f 485 484 415
f 485 519 518
f 485 484 417
f 485 484 417
f 485 518 487
f 485 484 418
f 485 420 487
f 485 484 420
f 485 421 420
f 485 487 442
f 485 421 420
f 485 487 442
f 485 422 487
f 485 421 422
f 485 421 422
f 485 424 487
f 485 421 424
f 485 487 438
f 485 424 487
f 485 487 438
f 485 426 487
f 485 487 432
f 485 427 426
f 485 431 487
f 485 427 487
f 485 431 430
f 485 430 487
f 483 482 415
f 483 484 415
f 483 484 482
f 483 417 482
f 483 484 417
f 483 417 482
f 483 484 417
f 483 482 418
f 483 484 418
f 483 482 420
f 483 484 420
f 483 420 426
f 483 482 420
f 483 420 424
f 483 485 424
f 483 485 420
f 483 485 484
f 483 485 426
f 483 482 427
f 483 485 427
f 483 485 427
f 483 485 430
f 483 429 430
f 483 485 431
f 483 485 431
f 483 485 432
f 483 434 432
f 483 485 438
f 483 485 522
f 483 485 524
f 483 485 524
f 483 485 438
f 483 485 519
f 483 485 442
f 483 485 519
f 483 485 442
f 483 518 516
f 483 485 518
f 483 485 448
f 483 485 515
f 483 485 511
f 494 406 408
f 494 495 406
f 494 409 408
f 494 495 409
f 494 406 407
f 494 495 407
f 494 495 406
f 494 409 493
f 494 411 493
f 494 492 411
f 494 492 411
f 494 492 412
f 494 414 412
f 494 492 414
f 494 492 414
f 494 492 415
f 494 415 422
f 494 492 422
f 494 492 516
f 494 492 422
f 494 519 516
f 494 519 495
f 494 519 495
f 494 492 424
f 494 492 424
f 494 492 426
f 494 492 427
f 494 492 511
f 494 510 511
f 494 492 432
f 494 492 427
f 494 492 506
f 494 492 511
f 494 510 511
f 494 492 438
f 494 431 432
f 494 492 431
f 494 492 431
f 494 492 506
f 494 492 438
f 494 492 500
f 494 492 500
f 494 492 442
f 494 492 442
f 494 492 448
f 250 318 251
f 250 249 251
f 250 249 318
f 250 316 251
f 250 249 316
f 250 314 251
f 250 254 303
f 317 250 249
f 317 250 249
f 317 316 318
f 317 250 318
f 317 250 316
f 317 316 356
f 317 316 355
f 317 366 356
f 317 366 355
f 317 316 318
f 317 316 355
f 317 366 355
f 317 218 315
f 317 366 315
f 317 366 218
f 317 353 318
f 317 355 353
f 313 366 312
f 313 250 314
f 313 250 314
f 313 250 249
f 313 366 314
f 313 366 360
f 313 254 314
f 313 366 367
f 313 366 315
f 313 314 358
f 313 366 358
f 313 366 314
f 313 218 367
f 313 218 315
f 313 360 312
f 313 358 312
f 313 358 360
f 184 261 182
f 184 182 260
f 184 261 182
f 184 265 182
f 184 249 182
f 184 181 249
f 184 181 249
f 184 270 269
f 217 218 40
f 217 214 373
f 217 218 373
f 217 218 214
f 217 145 218
f 246 254 218
f 246 317 247
f 246 247 321
f 246 247 321
f 246 317 247
f 472 470 448
f 472 470 442
f 472 441 442
f 472 470 441
f 472 470 441
f 472 470 439
f 472 437 439
f 472 470 531
f 472 470 528
f 472 524 470
f 472 524 470
f 472 470 522
f 472 470 522
f 472 470 521
f 472 518 478
f 472 470 518
f 472 518 478
f 472 470 518
f 472 511 470
f 199 265 262
f 199 250 254
f 375 374 409
f 375 411 409
f 375 374 214
f 375 414 412
f 375 414 374
f 375 218 374
f 375 414 412
f 375 374 415
f 375 414 415
f 375 414 374
f 375 297 298
f 375 300 298
f 375 300 374
f 557 491 556
f 557 560 556
f 557 560 491
f 557 491 488
f 557 560 491
f 557 484 482
f 557 560 484
f 557 479 482
f 557 560 479
f 557 569 560
f 557 569 556
f 557 556 631
f 557 556 626
f 557 625 626
f 557 625 556
f 561 569 560
f 561 569 613
f 561 569 613
f 561 560 559
f 561 569 559
f 561 569 560
f 561 614 613
f 561 560 562
f 561 625 562
f 561 625 560
f 529 569 553
f 529 569 527
f 529 569 537
f 529 535 537
f 529 527 574
f 529 499 502
f 529 499 535
f 529 535 537
f 529 574 570
f 529 527 574
f 529 571 570
f 529 571 530
f 529 527 572
f 529 495 527
f 529 571 572
f 529 571 572
f 529 528 572
f 529 528 527
f 529 491 527
f 529 491 527
f 529 479 530
f 529 472 528
f 529 480 527
f 529 480 479
f 529 480 479
f 529 472 470
f 529 472 470
f 529 480 482
f 529 484 482
f 529 483 482
f 529 483 484
f 529 483 484
f 555 569 556
f 555 625 556
f 555 556 626
f 555 629 556
f 555 629 556
f 555 556 633
f 514 515 577
f 514 483 511
f 514 472 511
f 514 483 485
f 514 483 485
f 514 515 478
f 514 472 478
f 514 472 511
f 514 472 470
f 595 696 695
f 595 594 695
f 595 693 694
f 595 594 693
f 595 692 693
f 595 692 594
f 595 692 594
f 593 696 695
f 593 695 592
f 593 594 695
f 593 595 594
f 593 595 696
f 593 692 594
f 593 696 592
f 593 595 696
f 591 696 695
f 591 696 590
f 591 695 592
f 591 590 592
f 591 696 592
f 591 696 590
f 591 593 592
f 591 593 692
f 591 593 692
f 591 594 580
f 591 683 594
f 591 594 664
f 591 594 664
f 282 287 286
f 282 284 287
f 282 286 279
f 282 284 286
f 282 287 274
f 282 281 279
f 282 281 283
f 282 284 283
f 282 262 260
f 282 287 262
f 282 287 262
f 282 281 283
f 282 218 214
f 282 390 283
f 282 284 390
f 282 218 287
f 282 284 287
f 282 246 254
f 282 246 254
f 282 281 392
f 282 92 392
f 282 281 392
f 282 92 392
f 213 284 287
f 213 581 388
f 213 214 581
f 213 282 284
f 213 389 581
f 213 282 214
f 213 664 581
f 213 214 274
f 213 214 581
f 213 664 581
f 213 214 262
f 213 209 262
f 213 214 41
f 213 133 41
f 213 133 214
f 213 246 254
f 213 246 254
f 213 145 214
f 143 217 218
f 143 40 334
f 143 142 40
f 143 39 40
f 143 142 39
f 143 142 39
f 143 144 34
f 143 39 34
f 143 39 144
f 143 36 144
f 143 142 36
f 143 37 36
f 143 142 37
f 143 147 37
f 143 142 147
f 309 308 363
f 309 366 363
f 309 366 308
f 309 308 310
f 309 366 310
f 309 366 367
f 309 366 310
f 309 218 367
f 309 254 310
f 307 366 364
f 307 366 308
f 307 306 364
f 307 306 308
f 307 306 366
f 307 306 366
f 307 309 366
f 307 309 366
f 307 306 367
f 307 218 367
f 307 309 218
f 307 306 308
f 327 345 346
f 327 366 346
f 327 366 345
f 327 344 366
f 327 329 344
f 327 345 326
f 327 344 345
f 454 337 643
f 454 641 640
f 454 337 643
f 454 643 642
f 454 642 27
f 454 531 532
f 256 310 312
f 256 307 309
f 256 307 309
f 256 307 254
f 256 254 303
f 256 254 303
f 256 282 254
f 256 213 254
f 256 282 254
f 256 213 254
f 256 254 274
f 256 254 214
f 176 249 251
f 176 249 247
f 176 261 175
f 176 269 175
f 176 270 269
f 176 96 95
f 176 96 97
f 176 98 97
f 176 133 175
f 490 491 411
f 490 489 411
f 490 489 491
f 490 489 411
f 490 411 412
f 490 491 412
f 490 491 411
f 490 489 414
f 490 492 414
f 490 492 491
f 490 489 414
f 490 492 414
f 490 489 415
f 490 492 415
f 490 489 417
f 490 492 417
f 490 489 417
f 490 492 417
f 490 417 421
f 490 492 421
f 490 421 418
f 490 489 418
f 490 489 421
f 490 492 422
f 490 421 420
f 490 489 420
f 490 489 421
f 490 489 422
f 490 489 424
f 490 492 424
f 490 519 492
f 490 489 424
f 490 492 424
f 490 489 522
f 490 519 522
f 490 519 489
f 490 519 492
f 490 489 426
f 490 492 426
f 490 492 515
f 490 519 518
f 490 492 427
f 490 518 487
f 490 519 518
f 490 519 489
f 490 427 426
f 490 489 426
f 490 492 427
f 490 485 487
f 490 485 515
f 490 427 487
f 490 492 431
f 490 514 485
f 490 487 442
f 490 492 448
f 490 492 442
f 490 431 487
f 490 492 431
f 490 514 485
f 490 492 511
f 490 487 442
f 490 485 448
f 490 485 487
f 490 492 442
f 490 431 487
f 490 492 432
f 490 485 511
f 490 487 438
f 490 492 438
f 490 487 432
f 490 492 438
f 490 492 511
f 490 487 438
f 490 483 511
f 490 483 485
f 490 492 506
f 490 483 506
f 490 492 506
f 490 492 500
f 490 492 500
f 369 417 368
f 369 370 417
f 369 368 418
f 369 370 418
f 369 370 417
f 369 370 365
f 369 368 373
f 369 417 373
f 369 417 368
f 369 368 303
f 369 370 303
f 369 420 365
f 369 368 420
f 369 368 420
f 369 370 304
f 369 368 303
f 369 304 365
f 369 368 365
f 369 303 304
f 369 370 303
f 371 370 417
f 371 417 418
f 371 417 372
f 371 370 418
f 371 417 372
f 371 370 417
f 371 302 372
f 371 370 302
f 371 370 303
f 371 370 302
f 371 302 303
f 371 302 372
f 526 527 574
f 526 524 574
f 526 524 527
f 526 524 573
f 526 572 573
f 526 527 572
f 526 524 478
f 526 528 572
f 526 528 527
f 526 480 527
f 526 472 470
f 526 472 470
f 526 483 484
f 526 483 524
f 526 485 484
f 526 485 524
f 526 485 524
f 563 519 564
f 563 519 569
f 563 569 613
f 563 569 522
f 563 519 522
f 563 519 569
f 550 549 570
f 550 549 571
f 550 552 570
f 550 552 571
f 550 552 551
f 550 552 571
f 550 551 627
f 550 571 627
f 550 549 571
f 550 551 627
f 550 549 627
f 550 629 551
f 550 549 629
f 550 629 630
f 550 549 629
f 550 630 551
f 550 549 630
f 550 549 633
f 550 633 635
f 550 551 633
f 550 549 635
f 539 571 630
f 533 571 530
f 533 531 571
f 533 529 530
f 533 529 535
f 533 535 571
f 533 484 482
f 533 535 484
f 533 535 491
f 533 529 491
f 533 531 532
f 533 531 571
f 533 480 482
f 533 480 535
f 533 535 491
f 533 529 491
f 533 480 535
f 533 480 479
f 533 535 495
f 533 529 495
f 533 531 530
f 533 479 530
f 533 470 531
f 533 472 470
f 536 535 571
f 536 535 537
f 536 630 572
f 536 539 630
f 536 539 630
f 723 674 722
f 723 724 674
f 723 724 64
f 723 674 677
f 723 678 677
f 723 678 679
f 723 724 678
f 723 83 79
f 723 724 83
f 723 683 679
f 723 683 724
f 723 83 89
f 723 724 83
f 723 683 724
f 723 96 97
f 723 96 724
f 723 96 95
f 723 96 724
f 727 672 10
f 727 672 10
f 721 720 66
f 721 674 722
f 721 720 674
f 721 674 677
f 721 720 674
f 721 678 677
f 721 83 79
f 721 720 83
f 721 678 679
f 721 678 677
f 721 720 677
f 721 83 88
f 721 720 83
f 721 678 679
f 721 720 679
f 721 89 88
f 721 720 89
f 721 720 679
f 721 96 95
f 721 96 720
f 719 718 66
f 719 720 66
f 719 718 677
f 719 720 677
f 719 718 677
f 719 720 677
f 719 718 681
f 719 720 681
f 719 83 718
f 719 720 83
f 719 83 718
f 719 720 83
f 719 718 89
f 719 720 89
f 719 96 720
f 717 718 66
f 717 718 677
f 717 716 677
f 717 718 677
f 717 716 677
f 717 718 681
f 717 716 681
f 717 83 718
f 717 716 83
f 717 716 684
f 717 83 718
f 717 683 716
f 717 718 89
f 715 714 12
f 715 714 680
f 715 716 680
f 715 684 714
f 715 716 83
f 715 684 681
f 715 716 681
f 715 716 684
f 82 83 97
f 82 98 97
f 82 83 97
f 82 98 97
f 706 707 693
f 706 707 712
f 706 707 693
f 706 707 712
f 706 707 695
f 706 707 696
f 706 707 696
f 706 82 83
f 706 82 707
f 706 707 89
f 706 83 85
f 706 707 83
f 706 707 85
f 706 707 89
f 706 707 86
f 706 707 88
f 710 83 86
f 708 712 693
f 708 707 712
f 708 692 693
f 708 707 692
f 708 707 712
f 708 707 692
f 708 82 707
f 708 707 696
f 708 707 83
f 708 707 89
f 708 707 86
f 708 707 89
f 708 707 88
f 189 270 190
f 189 190 262
f 189 256 254
f 189 250 187
f 189 250 190
f 189 250 187
f 189 250 190
f 189 246 190
f 94 209 95
f 94 181 182
f 94 696 95
f 94 696 700
f 94 696 700
f 94 710 89
f 94 176 95
f 94 83 89
f 94 83 89
f 94 174 95
f 94 83 88
f 94 174 173
f 94 83 86
f 94 719 720
f 94 719 720
f 94 171 173
f 94 83 85
f 94 83 85
f 94 85 95
f 94 721 720
f 94 721 720
f 94 170 171
f 94 95 91
f 94 95 91
f 94 721 95
f 94 721 89
f 94 170 95
f 94 723 95
f 94 723 89
f 94 167 95
f 94 723 724
f 94 723 724
f 94 167 166
f 94 165 166
f 94 165 164
f 94 161 164
f 94 160 161
f 94 160 95
f 94 95 156
f 94 155 95
f 94 153 149
f 94 148 149
f 94 148 147
f 94 142 147
f 94 106 116
f 94 98 97
f 94 96 97
f 291 273 275
f 291 276 289
f 291 275 276
f 291 276 288
f 291 275 276
f 291 275 288
f 291 382 365
f 291 380 365
f 291 288 285
f 291 384 288
f 291 384 288
f 291 306 304
f 291 306 308
f 291 332 288
f 291 308 310
f 291 310 288
f 291 324 326
f 291 314 288
f 291 324 288
f 291 316 314
f 291 288 322
f 291 316 318
f 291 318 288
f 271 295 270
f 271 174 270
f 271 270 173
f 271 174 270
f 271 189 270
f 271 209 262
f 271 282 287
f 271 282 287
f 271 282 262
f 271 282 262
f 271 213 209
f 271 213 209
f 271 213 214
f 271 213 214
f 271 262 260
f 271 214 260
f 271 214 262
f 263 296 262
f 263 265 296
f 263 265 296
f 263 300 262
f 263 302 262
f 263 302 262
f 263 306 262
f 263 306 261
f 263 306 261
f 263 261 308
f 263 261 310
f 263 170 261
f 263 170 261
f 263 174 261
f 263 174 261
f 263 176 261
f 263 181 182
f 263 184 182
f 263 189 190
f 263 189 265
f 154 153 91
f 154 155 91
f 154 153 91
f 154 155 91
f 154 94 153
f 154 94 155
f 154 96 153
f 154 96 155
f 154 96 97
f 154 96 155
f 154 98 97
f 154 98 155
f 151 150 153
f 333 218 334
f 333 334 339
f 333 332 339
f 333 151 150
f 333 148 149
f 333 335 149
f 333 150 335
f 333 334 338
f 333 148 147
f 333 335 338
f 333 335 332
f 333 335 334
f 341 329 366
f 341 329 344
f 341 329 334
f 341 329 344
f 341 329 330
f 341 329 330
f 341 332 330
f 341 344 447
f 341 449 344
f 341 332 330
f 341 447 448
f 341 449 447
f 579 580 400
f 579 401 400
f 579 402 401
f 579 401 495
f 579 402 401
f 579 401 495
f 579 402 491
f 579 580 400
f 579 499 400
f 579 567 495
f 579 402 479
f 579 567 491
f 579 402 491
f 579 502 580
f 579 499 502
f 579 567 499
f 579 567 479
f 579 402 484
f 579 567 491
f 579 567 502
f 579 567 484
f 579 503 580
f 579 503 502
f 579 503 502
f 579 580 507
f 579 580 640
f 579 567 640
f 579 580 641
f 579 580 631
f 579 567 631
f 579 580 641
f 579 580 631
f 579 567 631
f 579 594 580
f 579 567 625
f 579 591 594
f 579 591 593
f 579 580 581
f 579 625 581
f 579 591 593
f 579 580 581
f 386 402 384
f 386 402 385
f 386 382 406
f 386 405 406
f 386 402 405
f 386 402 405
f 386 401 385
f 386 402 401
f 386 402 401
f 386 382 406
f 386 402 387
f 386 385 288
f 386 385 288
f 386 213 214
f 386 380 406
f 386 287 288
f 386 287 288
f 386 380 214
f 386 380 379
f 386 296 214
f 386 379 406
f 386 378 379
f 386 380 214
f 386 214 581
f 386 580 581
f 386 378 214
f 386 214 580
f 386 378 214
f 496 494 495
f 496 495 404
f 496 495 405
f 496 412 498
f 496 494 414
f 496 495 406
f 496 422 412
f 496 414 422
f 496 494 414
f 496 411 412
f 496 494 411
f 496 494 411
f 496 494 409
f 496 494 495
f 496 498 407
f 496 495 407
f 496 510 498
f 496 494 510
f 496 409 408
f 496 498 408
f 496 495 409
f 496 414 415
f 496 494 415
f 496 506 498
f 496 494 506
f 496 422 498
f 496 494 422
f 496 506 498
f 496 494 506
f 496 424 498
f 496 494 424
f 496 500 498
f 496 494 500
f 496 494 500
f 496 424 498
f 496 494 424
f 496 426 498
f 496 494 426
f 496 427 426
f 496 494 427
f 496 427 498
f 496 494 427
f 496 498 432
f 496 494 432
f 496 498 432
f 496 494 432
f 496 498 438
f 496 494 438
f 496 498 438
f 496 494 438
f 496 498 442
f 496 494 442
f 496 498 442
f 496 494 442
f 496 498 448
f 496 494 448
f 496 494 492
f 496 490 492
f 496 490 494
f 513 499 502
f 513 499 502
f 513 496 510
f 513 564 516
f 513 564 562
f 513 510 564
f 513 494 510
f 513 496 494
f 513 560 562
f 513 510 560
f 513 522 527
f 513 560 556
f 513 510 560
f 513 529 527
f 513 496 494
f 513 494 492
f 513 553 556
f 513 510 553
f 513 529 537
f 513 492 515
f 513 494 492
f 513 553 516
f 513 510 553
f 513 515 516
f 513 514 512
f 513 514 515
f 513 490 492
f 513 490 514
f 513 490 492
f 513 490 514
f 99 100 156
f 99 98 156
f 99 160 100
f 99 160 98
f 99 155 100
f 99 98 155
f 99 160 161
f 99 160 98
f 99 154 155
f 99 154 98
f 99 154 153
f 99 154 98
f 99 165 164
f 99 165 98
f 99 153 149
f 99 98 153
f 99 165 166
f 99 165 98
f 99 148 149
f 99 148 98
f 99 167 166
f 99 167 98
f 99 148 147
f 99 148 98
f 99 142 147
f 99 98 142
f 99 170 100
f 99 170 98
f 99 170 171
f 99 170 98
f 99 116 134
f 99 104 98
f 99 98 123
f 99 174 173
f 99 174 98
f 99 174 100
f 99 174 98
f 99 176 100
f 99 176 98
f 99 181 182
f 99 181 98
f 99 98 209
f 99 683 98
f 99 679 581
f 99 683 679
f 99 727 683
f 99 100 90
f 99 98 90
f 99 100 91
f 99 98 91
f 99 100 91
f 99 98 91
f 99 94 95
f 99 94 98
f 99 96 95
f 99 96 98
f 99 98 97
f 99 96 97
f 99 96 98
f 162 98 97
f 162 98 161
f 162 96 97
f 162 96 161
f 162 96 161
f 162 99 98
f 162 99 98
f 162 99 164
f 162 99 161
f 162 112 161
f 162 112 163
f 162 158 133
f 162 163 133
f 162 163 158
f 172 98 97
f 172 98 171
f 172 96 97
f 172 96 171
f 172 96 171
f 172 99 98
f 172 99 98
f 172 99 173
f 172 99 171
f 172 133 175
f 172 176 133
f 172 176 137
f 75 98 97
f 75 96 97
f 75 99 98
f 75 96 79
f 75 96 68
f 75 99 79
f 75 723 724
f 75 723 79
f 75 721 79
f 75 721 720
f 75 719 720
f 267 170 173
f 267 170 173
f 267 170 169
f 267 170 269
f 267 300 269
f 267 174 173
f 267 174 173
f 267 166 169
f 267 166 269
f 267 300 298
f 267 302 269
f 267 300 302
f 267 300 302
f 267 174 175
f 267 269 175
f 267 174 269
f 267 165 166
f 267 165 166
f 267 265 298
f 267 297 298
f 267 297 300
f 267 297 300
f 267 176 175
f 267 176 175
f 267 164 269
f 267 165 164
f 267 165 164
f 267 296 298
f 267 265 296
f 267 265 296
f 267 184 182
f 267 189 190
f 267 189 265
f 267 181 182
f 267 181 182
f 129 50 39
f 51 39 54
f 51 50 39
f 51 129 54
f 51 129 50
f 51 39 54
f 51 50 39
f 51 54 10
f 51 50 10
f 146 147 334
f 146 145 334
f 146 145 147
f 146 217 145
f 146 217 148
f 146 213 145
f 146 145 147
f 146 148 147
f 146 213 214
f 146 148 149
f 146 150 149
f 146 151 150
f 146 145 142
f 146 151 199
f 621 624 690
f 621 619 690
f 621 619 577
f 621 624 687
f 621 619 687
f 621 619 575
f 621 624 687
f 621 619 687
f 621 619 573
f 621 624 684
f 621 619 684
f 621 619 572
f 621 624 677
f 621 619 677
f 621 619 571
f 621 619 674
f 621 555 556
f 597 692 596
f 597 598 692
f 597 692 693
f 597 598 692
f 597 693 694
f 597 598 693
f 597 595 694
f 597 598 695
f 597 595 695
f 597 598 695
f 597 595 695
f 599 600 690
f 599 598 690
f 599 692 600
f 599 598 692
f 599 692 600
f 599 598 692
f 599 598 693
f 599 693 694
f 599 600 693
f 599 598 694
f 602 603 690
f 602 692 600
f 602 692 693
f 602 603 693
f 602 692 600
f 602 688 603
f 602 600 693
f 602 603 693
f 616 574 570
f 616 614 687
f 616 614 684
f 616 560 559
f 616 614 681
f 616 561 560
f 616 561 562
f 607 605 690
f 607 693 690
f 607 610 693
f 607 693 605
f 607 688 605
f 607 693 605
f 607 610 693
f 607 605 570
f 612 614 690
f 612 610 690
f 612 614 613
f 612 614 687
f 612 610 687
f 612 613 570
f 612 569 613
f 612 614 687
f 612 614 613
f 612 613 681
f 612 613 679
f 676 613 678
f 676 723 678
f 676 723 724
f 676 723 724
f 676 724 678
f 676 591 594
f 676 597 679
f 676 594 679
f 676 679 581
f 673 727 672
f 673 672 618
f 673 616 618
f 673 676 594
f 673 676 591
f 139 163 158
f 508 582 507
f 508 507 398
f 508 398 509
f 508 699 509
f 508 699 398
f 508 582 507
f 508 699 577
f 508 580 507
f 508 579 580
f 508 507 506
f 508 510 498
f 508 579 507
f 508 579 567
f 508 506 498
f 508 500 506
f 508 500 506
f 508 507 506
f 508 502 500
f 508 500 505
f 508 507 505
f 508 503 500
f 508 513 502
f 508 513 510
f 508 503 502
f 508 503 502
f 508 510 564
f 508 529 537
f 508 513 529
f 508 564 562
f 508 510 560
f 508 519 522
f 508 519 502
f 508 513 502
f 508 522 502
f 508 529 502
f 508 513 529
f 508 560 562
f 508 510 560
f 508 519 522
f 508 513 522
f 508 513 522
f 508 553 505
f 508 510 553
f 508 560 556
f 508 510 553
f 508 553 556
f 585 698 586
f 585 698 699
f 585 579 587
f 588 590 697
f 588 587 697
f 588 587 696
f 588 696 695
f 588 587 696
f 588 579 587
f 588 579 587
f 604 688 605
f 604 688 603
f 604 603 605
f 604 602 603
f 105 160 106
f 105 104 160
f 105 155 106
f 105 104 155
f 105 160 106
f 105 104 160
f 105 154 155
f 105 154 104
f 105 162 106
f 105 162 104
f 105 154 106
f 105 154 104
f 105 162 163
f 105 162 163
f 105 150 106
f 105 104 150
f 105 163 106
f 105 163 104
f 105 150 106
f 105 104 150
f 105 165 106
f 105 104 165
f 105 148 106
f 105 104 148
f 105 165 106
f 105 104 165
f 105 148 106
f 105 104 148
f 105 167 106
f 105 104 167
f 105 106 142
f 105 104 142
f 105 106 142
f 105 142 116
f 105 104 116
f 105 104 142
f 105 170 106
f 105 104 170
f 105 96 97
f 105 96 106
f 105 98 97
f 105 104 98
f 105 104 98
f 105 104 96
f 105 172 106
f 105 172 104
f 105 96 106
f 105 104 96
f 105 172 174
f 105 172 104
f 105 94 106
f 105 94 104
f 105 174 106
f 105 104 174
f 105 176 106
f 105 176 104
f 105 106 91
f 105 104 91
f 105 106 91
f 105 104 91
f 105 106 90
f 105 104 90
f 105 181 106
f 105 104 181
f 117 155 116
f 117 158 161
f 117 154 155
f 117 162 161
f 117 154 153
f 117 162 163
f 117 163 166
f 117 151 150
f 117 167 166
f 117 150 116
f 117 148 116
f 117 148 147
f 117 172 171
f 117 142 147
f 117 142 116
f 117 116 64
f 117 116 90
f 117 116 91
f 117 116 91
f 117 94 116
f 120 119 155
f 120 158 119
f 120 154 119
f 120 162 119
f 120 162 163
f 120 151 119
f 120 163 119
f 120 119 150
f 120 119 167
f 120 119 148
f 120 119 148
f 120 119 142
f 120 119 142
f 120 119 116
f 120 119 97
f 120 119 96
f 120 119 96
f 120 94 119
f 120 119 91
f 120 119 91
f 120 119 90
f 566 564 484
f 566 567 484
f 566 564 479
f 566 567 479
f 566 564 491
f 566 567 491
f 566 564 491
f 566 567 491
f 566 564 495
f 566 567 495
f 566 564 640
f 566 567 640
f 566 579 567
f 566 499 564
f 566 567 499
f 566 564 502
f 566 567 502
f 566 564 631
f 566 567 631
f 566 508 564
f 566 508 567
f 566 564 631
f 566 567 631
f 566 508 510
f 566 508 567
f 566 625 564
f 566 567 625
f 566 513 564
f 566 513 510
f 566 513 567
f 566 513 516
f 566 513 567
f 481 482 418
f 481 480 418
f 481 480 482
f 481 420 426
f 481 482 420
f 481 482 420
f 481 427 426
f 481 480 427
f 481 482 427
f 481 483 427
f 481 483 482
f 481 429 427
f 481 480 429
f 481 483 429
f 481 480 429
f 481 483 429
f 481 480 431
f 481 483 431
f 481 480 431
f 481 483 431
f 481 483 434
f 481 434 432
f 481 480 432
f 481 480 434
f 481 480 434
f 481 483 434
f 481 526 483
f 481 483 524
f 481 483 438
f 481 526 480
f 481 526 524
f 481 526 480
f 481 483 482
f 481 526 483
f 481 524 522
f 481 483 522
f 481 437 438
f 481 483 438
f 481 529 482
f 481 529 480
f 481 529 480
f 481 522 521
f 481 483 519
f 481 437 478
f 481 480 478
f 481 437 478
f 481 478 438
f 481 483 442
f 481 521 478
f 481 519 521
f 481 483 519
f 481 478 442
f 481 483 442
f 481 519 478
f 481 519 518
f 481 483 518
f 481 478 442
f 481 518 478
f 481 478 448
f 481 483 448
f 481 515 478
f 481 515 516
f 481 483 516
f 481 483 515
f 481 514 515
f 481 514 483
f 481 514 511
f 481 514 483
f 481 511 478
f 481 483 511
f 481 506 478
f 481 483 506
f 481 496 490
f 481 496 490
f 481 490 500
f 481 490 500
f 481 506 478
f 481 470 478
f 481 490 506
f 481 490 483
f 319 366 218
f 319 317 366
f 319 366 353
f 319 317 366
f 319 317 353
f 319 246 317
f 319 353 321
f 319 246 247
f 319 246 247
f 319 318 352
f 319 353 352
f 319 353 318
f 319 249 318
f 109 150 153
f 109 150 116
f 328 329 330
f 328 326 343
f 328 344 343
f 328 329 344
f 328 332 330
f 328 332 326
f 328 332 326
f 328 327 329
f 328 344 326
f 328 327 344
f 328 249 251
f 328 249 251
f 328 249 247
f 328 249 247
f 328 261 330
f 328 261 326
f 328 269 326
f 328 269 326
f 328 326 272
f 328 326 280
f 328 326 280
f 328 288 330
f 328 326 288
f 328 291 288
f 328 291 326
f 328 297 306
f 328 297 306
f 328 306 308
f 328 306 308
f 328 308 310
f 328 308 310
f 328 310 330
f 328 310 326
f 328 314 330
f 328 314 326
f 328 316 314
f 328 316 314
f 328 316 318
f 328 316 318
f 328 318 330
f 328 318 326
f 328 330 322
f 328 326 322
f 328 324 330
f 328 324 326
f 328 324 326
f 216 217 40
f 216 217 214
f 216 40 334
f 216 214 334
f 216 214 40
f 216 139 217
f 216 143 217
f 216 217 145
f 216 146 217
f 216 146 217
f 216 217 148
f 216 217 150
f 216 151 217
f 216 154 217
f 216 217 155
f 216 158 160
f 216 217 160
f 216 217 158
f 216 217 218
f 180 181 249
f 180 181 249
f 180 178 261
f 180 261 260
f 180 181 260
f 180 181 261
f 180 181 261
f 180 263 261
f 180 263 178
f 180 263 181
f 180 265 178
f 180 181 265
f 180 267 178
f 180 267 181
f 180 267 178
f 180 267 181
f 180 178 269
f 180 181 269
f 180 270 178
f 180 181 270
f 180 94 181
f 180 181 96
f 180 181 96
f 180 181 98
f 299 375 300
f 299 375 218
f 299 250 254
f 299 300 262
f 299 375 300
f 299 218 373
f 299 218 374
f 299 256 254
f 299 250 254
f 299 218 296
f 299 378 296
f 299 378 218
f 299 262 260
f 299 263 262
f 299 263 300
f 299 300 373
f 299 300 374
f 299 256 254
f 299 296 262
f 299 296 262
f 299 265 300
f 299 263 265
f 299 263 265
f 210 184 181
f 210 172 176
f 210 146 150
f 210 146 150
f 210 146 145
f 210 145 209
f 474 478 448
f 474 472 448
f 474 472 478
f 474 478 442
f 474 472 442
f 474 478 442
f 474 472 442
f 474 439 438
f 474 472 439
f 474 472 439
f 474 472 437
f 474 533 472
f 474 472 531
f 474 529 472
f 474 529 472
f 474 526 527
f 474 526 472
f 474 526 478
f 474 526 472
f 474 524 478
f 474 472 524
f 474 524 478
f 474 472 524
f 474 522 478
f 474 472 522
f 474 522 521
f 474 472 522
f 474 521 478
f 474 472 478
f 474 472 521
f 471 472 437
f 471 472 470
f 471 437 439
f 471 472 437
f 471 386 387
f 471 535 470
f 471 472 535
f 471 533 535
f 471 533 472
f 471 533 472
f 93 276 92
f 93 199 276
f 93 273 92
f 93 271 273
f 93 273 272
f 93 271 273
f 93 271 270
f 93 209 581
f 93 94 209
f 93 173 272
f 93 271 173
f 93 94 174
f 93 176 270
f 93 94 176
f 93 271 174
f 93 94 189
f 93 271 189
f 93 700 581
f 93 94 700
f 93 271 174
f 93 94 174
f 93 700 701
f 93 94 700
f 93 171 173
f 93 94 171
f 93 180 270
f 93 89 701
f 93 94 89
f 93 170 171
f 93 94 170
f 93 180 181
f 93 180 94
f 93 89 88
f 93 94 89
f 93 170 169
f 93 94 170
f 93 181 270
f 93 94 181
f 93 88 92
f 93 94 88
f 93 166 169
f 93 86 92
f 93 94 86
f 93 165 166
f 93 94 165
f 93 167 166
f 93 94 167
f 93 94 167
f 93 86 92
f 93 165 164
f 93 94 165
f 93 91 92
f 93 94 91
f 93 94 91
f 93 85 86
f 93 94 85
f 93 94 85
f 93 161 164
f 93 94 161
f 93 160 161
f 93 94 160
f 93 160 92
f 93 94 160
f 93 92 156
f 93 94 156
f 93 155 92
f 93 94 155
f 93 154 155
f 93 154 94
f 93 154 153
f 93 154 94
f 93 153 149
f 93 94 153
f 93 148 149
f 93 94 148
f 93 148 147
f 93 94 148
f 93 142 147
f 93 94 142
f 93 120 119
f 93 120 94
f 93 117 116
f 93 117 94
f 93 105 106
f 93 105 94
f 93 105 104
f 93 105 94
f 93 99 100
f 93 99 94
f 93 99 98
f 93 99 94
f 93 98 97
f 93 94 98
f 93 96 97
f 93 94 96
f 93 96 95
f 93 94 95
f 93 94 96
f 377 297 296
f 377 297 378
f 377 297 378
f 377 299 296
f 377 299 378
f 377 299 378
f 377 378 218
f 377 412 365
f 377 378 365
f 377 378 214
f 377 411 412
f 377 378 411
f 377 378 411
f 377 386 378
f 377 386 378
f 377 471 386
f 558 559 618
f 558 619 618
f 558 569 559
f 558 557 569
f 558 569 560
f 558 557 569
f 558 625 559
f 558 557 625
f 558 560 559
f 558 559 631
f 558 557 631
f 554 569 553
f 554 555 569
f 554 569 553
f 554 555 569
f 554 553 624
f 554 553 633
f 554 555 633
f 554 625 553
f 554 555 625
f 554 625 553
f 554 555 625
f 554 553 629
f 554 555 629
f 554 555 626
f 554 553 629
f 554 555 629
f 554 627 626
f 554 553 627
f 554 553 627
f 686 591 683
f 686 683 594
f 686 597 688
f 686 597 683
f 686 597 688
f 686 597 683
f 686 713 687
f 686 688 713
f 686 717 683
f 686 688 598
f 686 717 683
f 686 98 97
f 686 683 98
f 686 683 98
f 686 719 683
f 686 96 97
f 686 604 605
f 686 602 603
f 686 604 603
f 686 604 602
f 686 719 683
f 686 723 97
f 686 723 683
f 686 723 683
f 686 721 96
f 686 721 683
f 686 721 96
f 686 721 683
f 207 282 390
f 207 92 392
f 207 581 392
f 207 581 92
f 207 210 163
f 208 209 284
f 208 282 284
f 208 282 209
f 208 207 282
f 208 209 390
f 208 207 390
f 208 282 209
f 208 207 282
f 208 209 581
f 208 207 581
f 208 209 276
f 208 207 276
f 208 209 581
f 208 207 581
f 208 209 276
f 208 207 276
f 208 93 209
f 208 207 93
f 208 271 209
f 208 207 271
f 208 93 94
f 208 207 93
f 208 271 209
f 208 207 271
f 208 94 209
f 208 207 94
f 208 209 262
f 208 207 262
f 208 96 209
f 208 207 96
f 208 209 262
f 208 207 262
f 208 96 209
f 208 207 96
f 208 98 209
f 208 207 98
f 208 256 254
f 208 207 256
f 208 99 98
f 208 207 99
f 208 99 209
f 208 207 99
f 208 105 104
f 208 207 105
f 208 210 150
f 208 210 151
f 208 207 151
f 208 105 209
f 208 207 105
f 208 146 150
f 208 207 146
f 208 207 210
f 208 146 145
f 208 207 146
f 208 145 209
f 208 207 145
f 208 209 133
f 208 207 133
f 212 209 388
f 212 213 388
f 212 209 284
f 212 213 284
f 212 389 209
f 212 213 389
f 212 282 209
f 212 213 282
f 212 389 209
f 212 213 389
f 212 282 209
f 212 213 282
f 212 209 274
f 212 213 274
f 212 213 209
f 212 673 676
f 212 99 581
f 212 99 209
f 212 99 209
f 212 213 581
f 212 105 104
f 212 105 209
f 212 129 213
f 212 213 246
f 212 213 133
f 212 213 145
f 212 146 213
f 212 146 213
f 212 213 150
f 212 151 213
f 212 213 155
f 253 307 309
f 253 307 254
f 253 307 250
f 253 309 254
f 253 254 303
f 253 250 303
f 253 250 254
f 253 254 312
f 253 189 254
f 253 313 254
f 253 189 254
f 253 313 254
f 253 254 316
f 463 217 214
f 463 217 218
f 463 374 409
f 463 375 374
f 463 439 418
f 463 558 557
f 463 439 436
f 453 366 347
f 453 366 345
f 453 454 337
f 453 454 27
f 255 254 310
f 255 256 310
f 255 254 312
f 255 256 312
f 255 309 254
f 255 256 309
f 255 256 309
f 255 254 314
f 255 256 314
f 255 254 316
f 255 253 316
f 255 253 254
f 255 253 318
f 255 253 322
f 255 253 174
f 255 253 174
f 255 253 176
f 255 328 251
f 255 253 180
f 255 160 251
f 255 256 181
f 255 253 181
f 255 256 184
f 255 253 184
f 255 253 184
f 255 189 254
f 255 189 256
f 255 189 256
f 257 256 310
f 257 314 259
f 257 256 314
f 257 316 314
f 257 256 307
f 257 309 308
f 257 256 309
f 257 256 309
f 257 316 318
f 257 255 316
f 257 255 256
f 257 255 316
f 257 318 259
f 257 255 318
f 257 259 322
f 257 255 322
f 257 174 173
f 257 170 173
f 257 255 170
f 257 255 174
f 257 324 259
f 257 255 324
f 257 174 175
f 257 170 169
f 257 255 170
f 257 255 174
f 257 324 326
f 257 255 324
f 257 176 175
f 257 166 169
f 257 255 166
f 257 255 176
f 257 328 326
f 257 255 328
f 257 165 166
f 257 255 165
f 257 328 330
f 257 255 328
f 257 180 178
f 257 165 164
f 257 255 165
f 257 189 256
f 257 161 164
f 257 255 161
f 257 255 256
f 257 255 180
f 257 256 181
f 257 160 161
f 257 255 160
f 257 256 184
f 257 160 259
f 257 255 160
f 293 256 254
f 293 296 262
f 293 218 296
f 293 265 296
f 293 386 296
f 293 265 262
f 293 295 296
f 293 265 296
f 293 271 295
f 293 386 382
f 293 386 296
f 293 386 382
f 293 296 380
f 293 295 296
f 102 162 163
f 102 212 673
f 102 212 676
f 632 550 549
f 632 550 549
f 632 550 551
f 632 550 551
f 632 552 551
f 632 552 551
f 632 661 630
f 632 539 630
f 632 553 552
f 632 553 552
f 632 661 660
f 632 661 660
f 632 665 630
f 632 665 661
f 632 665 661
f 632 554 553
f 632 554 553
f 632 660 633
f 632 554 555
f 632 554 555
f 632 556 633
f 632 658 631
f 632 658 660
f 632 658 660
f 632 555 556
f 632 555 556
f 632 557 556
f 632 557 556
f 632 558 557
f 632 558 557
f 632 560 631
f 632 558 560
f 632 558 560
f 540 569 537
f 540 543 569
f 540 529 569
f 540 543 529
f 540 539 571
f 540 543 529
f 540 537 491
f 540 543 491
f 540 529 527
f 540 529 537
f 540 484 537
f 540 537 491
f 540 543 491
f 540 543 484
f 540 519 527
f 540 543 519
f 540 513 537
f 540 513 543
f 540 479 537
f 540 495 537
f 540 543 495
f 540 543 479
f 540 519 522
f 540 543 522
f 540 543 519
f 540 508 513
f 540 508 513
f 540 508 537
f 540 508 543
f 540 499 537
f 540 543 499
f 546 543 569
f 546 508 513
f 546 508 543
f 546 543 499
f 546 543 495
f 546 543 491
f 546 543 479
f 546 543 491
f 546 543 484
f 534 535 571
f 534 533 571
f 534 533 535
f 534 536 535
f 534 533 532
f 534 536 572
f 534 572 633
f 534 532 572
f 534 536 633
f 534 533 535
f 534 532 636
f 534 536 636
f 534 532 636
f 534 536 636
f 726 727 10
f 726 672 674
f 726 727 672
f 726 727 672
f 726 673 727
f 726 676 727
f 726 727 683
f 726 727 683
f 726 75 727
f 726 727 98
f 726 727 83
f 726 727 96
f 726 727 83
f 726 727 96
f 726 727 89
f 728 727 10
f 728 727 672
f 728 673 727
f 728 673 676
f 728 676 727
f 728 727 683
f 728 99 683
f 728 99 727
f 728 99 727
f 728 727 98
f 728 727 96
f 728 727 89
f 728 727 96
f 728 75 727
f 728 727 83
f 728 727 83
f 69 719 720
f 69 719 718
f 69 717 718
f 69 721 68
f 69 717 66
f 69 717 716
f 69 66 12
f 69 715 716
f 69 715 12
f 69 37 66
f 69 715 714
f 69 134 37
f 69 120 119
f 69 117 116
f 705 693 704
f 705 706 693
f 705 712 704
f 705 706 712
f 705 706 693
f 705 712 704
f 705 706 712
f 705 693 704
f 705 693 694
f 705 706 695
f 705 695 704
f 705 695 694
f 705 696 695
f 705 706 696
f 705 696 704
f 705 706 696
f 705 85 704
f 705 706 85
f 705 89 704
f 705 706 89
f 705 85 86
f 705 706 85
f 705 89 88
f 705 706 89
f 705 86 704
f 705 706 86
f 705 88 704
f 705 706 88
f 689 710 690
f 689 710 692
f 689 594 596
f 689 597 596
f 689 692 594
f 689 591 692
f 689 686 591
f 689 597 688
f 689 686 594
f 689 686 688
f 689 598 690
f 689 597 598
f 689 597 688
f 689 686 97
f 689 96 692
f 689 688 598
f 689 96 97
f 689 96 692
f 689 686 96
f 689 599 600
f 689 599 598
f 689 599 598
f 689 719 96
f 689 686 96
f 689 686 719
f 689 602 603
f 689 602 688
f 689 604 603
f 689 604 688
f 689 688 605
f 689 604 605
f 689 604 688
f 711 688 712
f 711 710 712
f 711 689 688
f 711 689 710
f 711 688 713
f 711 686 688
f 711 689 686
f 711 686 713
f 711 713 79
f 711 710 82
f 711 686 715
f 711 82 83
f 711 686 715
f 711 715 79
f 711 715 83
f 711 686 717
f 711 715 716
f 711 83 88
f 711 710 88
f 711 710 83
f 711 710 89
f 711 686 717
f 711 717 83
f 711 717 716
f 711 717 89
f 711 717 718
f 711 686 719
f 711 689 686
f 711 94 710
f 711 689 692
f 711 689 710
f 711 719 718
f 711 94 719
f 711 94 719
f 711 94 696
f 711 719 96
f 711 689 96
f 711 689 719
f 711 692 696
f 711 710 692
f 711 710 696
f 711 94 696
f 711 94 710
f 709 693 690
f 709 708 693
f 709 708 693
f 709 710 690
f 709 710 692
f 709 708 692
f 709 710 712
f 709 708 712
f 709 710 692
f 709 708 692
f 709 710 696
f 709 708 696
f 709 710 89
f 709 708 89
f 709 708 712
f 709 710 82
f 709 708 82
f 709 710 89
f 709 708 89
f 709 710 83
f 709 708 83
f 709 710 88
f 709 708 88
f 709 710 86
f 709 708 86
f 188 94 187
f 188 96 187
f 188 94 190
f 188 94 189
f 188 93 94
f 188 93 94
f 188 96 190
f 188 96 187
f 188 93 271
f 188 93 271
f 188 96 190
f 188 98 187
f 188 271 270
f 188 271 189
f 188 98 190
f 188 99 98
f 188 270 187
f 188 189 270
f 188 99 98
f 188 99 187
f 188 267 187
f 188 267 189
f 188 99 190
f 188 267 265
f 188 267 189
f 188 263 265
f 188 263 189
f 188 263 187
f 188 263 189
f 188 105 104
f 188 189 200
f 188 189 200
f 188 187 262
f 188 189 262
f 188 105 187
f 188 146 151
f 188 146 145
f 188 137 187
f 188 187 133
f 185 93 184
f 185 93 94
f 185 93 271
f 185 184 270
f 185 94 184
f 185 267 184
f 185 184 96
f 185 184 265
f 185 267 265
f 185 267 184
f 185 263 184
f 185 184 261
f 185 184 261
f 185 184 260
f 185 257 256
f 185 255 256
f 185 255 184
f 185 253 184
f 185 250 249
f 185 184 249
f 185 184 249
f 264 263 300
f 264 263 265
f 264 300 302
f 264 265 300
f 264 263 302
f 264 263 302
f 264 302 304
f 264 265 302
f 264 263 306
f 264 306 304
f 264 263 306
f 264 306 308
f 264 308 310
f 264 263 308
f 264 310 312
f 264 263 310
f 264 170 169
f 264 166 169
f 264 263 170
f 264 314 312
f 264 170 173
f 264 165 166
f 264 166 261
f 264 263 261
f 264 263 170
f 264 316 314
f 264 261 314
f 264 263 261
f 264 174 173
f 264 165 164
f 264 165 166
f 264 263 174
f 264 316 318
f 264 316 261
f 264 174 175
f 264 161 164
f 264 165 261
f 264 263 174
f 264 318 266
f 264 316 261
f 264 176 175
f 264 176 265
f 264 160 161
f 264 161 261
f 264 263 176
f 264 266 322
f 264 261 318
f 264 160 161
f 264 261 322
f 264 324 266
f 264 160 261
f 264 180 265
f 264 180 263
f 264 261 324
f 264 324 326
f 264 180 181
f 264 180 263
f 264 261 324
f 264 328 326
f 264 181 265
f 264 263 181
f 264 328 261
f 264 328 330
f 264 184 265
f 264 263 184
f 264 328 261
f 264 185 184
f 264 185 263
f 264 185 263
f 152 216 151
f 152 216 154
f 152 120 154
f 152 120 151
f 152 117 154
f 152 120 154
f 152 212 151
f 152 151 153
f 152 117 153
f 152 117 151
f 152 212 213
f 152 212 155
f 152 133 134
f 152 208 210
f 152 208 207
f 152 146 151
f 152 146 163
f 152 151 199
f 152 188 151
f 152 172 158
f 152 188 146
f 497 579 495
f 497 579 499
f 497 401 495
f 497 499 401
f 497 579 567
f 497 579 567
f 497 566 567
f 497 566 567
f 497 402 401
f 497 496 495
f 497 566 564
f 497 566 499
f 497 402 495
f 497 496 495
f 497 519 495
f 497 513 499
f 497 513 496
f 497 499 402
f 497 499 402
f 497 513 499
f 497 513 496
f 497 564 495
f 497 499 564
f 497 402 404
f 497 519 502
f 497 499 502
f 497 519 495
f 497 560 495
f 497 499 560
f 497 404 405
f 497 496 404
f 497 519 522
f 497 499 522
f 497 524 495
f 497 499 524
f 497 560 495
f 497 499 560
f 497 405 406
f 497 496 405
f 497 524 495
f 497 499 524
f 497 553 495
f 497 499 553
f 497 406 498
f 497 496 498
f 497 496 406
f 497 529 495
f 497 529 499
f 497 553 495
f 497 499 553
f 497 529 499
f 497 535 495
f 497 499 535
f 497 533 535
f 497 533 529
f 497 533 529
f 497 540 495
f 497 540 499
f 497 546 543
f 497 546 543
f 497 540 543
f 497 540 543
f 486 579 402
f 486 579 402
f 486 402 488
f 486 402 484
f 486 579 567
f 486 579 567
f 486 566 567
f 486 566 567
f 486 484 406
f 486 566 564
f 486 566 564
f 486 488 406
f 486 484 411
f 486 533 529
f 486 529 527
f 486 485 484
f 486 529 484
f 486 564 562
f 486 564 484
f 486 411 488
f 486 411 488
f 486 524 488
f 486 524 527
f 486 485 524
f 486 485 524
f 486 484 411
f 486 485 484
f 486 533 535
f 486 533 535
f 486 529 484
f 486 533 484
f 486 533 529
f 486 560 562
f 486 560 484
f 486 411 487
f 486 535 537
f 486 535 484
f 486 557 560
f 486 557 560
f 486 414 487
f 486 485 414
f 486 540 537
f 486 540 484
f 486 557 488
f 486 557 484
f 486 414 415
f 486 485 414
f 486 540 543
f 486 540 543
f 486 553 488
f 486 553 484
f 486 415 487
f 486 485 415
f 486 546 543
f 486 546 543
f 486 553 488
f 486 553 484
f 486 417 487
f 486 485 417
f 486 417 418
f 486 485 417
f 486 418 487
f 486 485 487
f 486 485 418
f 71 98 68
f 71 75 98
f 71 96 68
f 71 75 96
f 71 75 96
f 71 99 98
f 71 75 99
f 71 99 68
f 71 75 99
f 71 105 104
f 71 105 106
f 71 723 724
f 71 75 723
f 71 726 727
f 71 726 75
f 71 728 727
f 71 728 75
f 136 137 90
f 136 137 37
f 136 137 39
f 136 142 91
f 136 137 142
f 136 137 39
f 136 142 91
f 136 93 142
f 136 137 214
f 136 93 94
f 136 213 137
f 136 94 142
f 136 212 213
f 136 212 213
f 136 96 142
f 136 96 142
f 136 208 209
f 136 208 137
f 136 208 207
f 136 208 207
f 77 75 715
f 77 75 715
f 77 709 710
f 183 267 182
f 183 267 184
f 183 267 184
f 183 182 269
f 183 184 269
f 183 270 182
f 183 184 270
f 183 93 270
f 183 93 184
f 183 93 94
f 183 93 94
f 183 94 182
f 183 94 184
f 183 96 182
f 183 184 96
f 183 96 97
f 183 98 97
f 183 185 96
f 183 185 184
f 183 99 98
f 183 185 98
f 183 99 182
f 183 185 99
f 183 185 99
f 183 105 104
f 183 185 105
f 183 105 106
f 183 185 105
f 183 210 184
f 183 188 200
f 183 188 158
f 183 152 188
f 183 137 187
f 183 188 146
f 183 152 188
f 183 133 182
f 131 39 38
f 131 134 38
f 131 134 37
f 131 152 134
f 131 152 132
f 131 42 132
f 131 162 158
f 131 41 42
f 131 213 41
f 131 212 213
f 131 162 163
f 131 163 167
f 131 208 209
f 131 208 207
f 131 172 175
f 131 176 175
f 131 188 187
f 131 183 182
f 47 46 39
f 47 50 39
f 47 46 10
f 47 50 10
f 47 45 46
f 44 131 132
f 44 39 132
f 44 131 39
f 44 131 46
f 44 131 45
f 44 39 40
f 44 46 40
f 44 46 39
f 44 46 10
f 44 45 46
f 126 150 149
f 126 148 149
f 126 93 94
f 126 94 95
f 126 96 95
f 623 624 577
f 623 621 577
f 623 621 624
f 623 624 575
f 623 621 575
f 623 624 573
f 623 621 573
f 623 624 572
f 623 621 572
f 623 624 571
f 623 621 571
f 623 624 571
f 623 554 624
f 623 554 555
f 623 554 555
f 623 555 625
f 623 555 625
f 623 557 625
f 623 558 557
f 623 625 667
f 623 625 624
f 623 625 667
f 623 624 672
f 623 624 672
f 623 624 674
f 623 621 674
f 623 621 624
f 620 619 571
f 620 621 571
f 620 621 619
f 620 558 619
f 620 558 557
f 620 557 556
f 620 621 556
f 620 621 557
f 620 558 559
f 620 558 619
f 620 560 559
f 620 561 560
f 620 561 562
f 620 667 618
f 620 563 562
f 620 619 672
f 620 667 664
f 620 563 564
f 620 619 672
f 620 621 672
f 620 621 619
f 620 664 618
f 620 663 664
f 620 564 618
f 620 566 618
f 620 566 564
f 620 566 567
f 601 600 690
f 601 602 690
f 601 602 600
f 601 689 600
f 601 689 602
f 601 689 688
f 601 689 602
f 601 686 688
f 601 602 688
f 601 686 688
f 601 686 602
f 601 686 598
f 601 686 683
f 601 597 683
f 601 676 597
f 601 604 602
f 601 604 676
f 601 604 673
f 601 676 597
f 601 673 676
f 601 597 579
f 601 604 664
f 601 664 668
f 601 604 579
f 601 604 664
f 601 664 596
f 601 579 581
f 601 596 659
f 601 652 596
f 601 651 652
f 601 651 596
f 601 596 631
f 601 649 596
f 601 596 640
f 601 649 648
f 601 647 648
f 601 644 596
f 601 645 644
f 601 645 644
f 601 645 640
f 601 645 596
f 601 647 596
f 615 614 570
f 615 616 570
f 615 616 614
f 615 561 560
f 615 561 614
f 615 560 559
f 615 616 559
f 615 616 560
f 615 616 561
f 615 616 561
f 615 561 613
f 615 561 614
f 615 563 613
f 615 563 562
f 615 616 562
f 615 563 564
f 615 563 564
f 615 564 618
f 615 564 613
f 615 566 618
f 615 613 664
f 615 673 616
f 615 566 613
f 615 566 567
f 615 613 664
f 615 566 567
f 615 614 613
f 615 676 613
f 615 667 618
f 615 667 664
f 615 667 664
f 615 664 618
f 615 676 616
f 615 579 567
f 615 613 659
f 615 614 678
f 615 616 678
f 615 579 613
f 615 620 567
f 615 620 579
f 615 620 659
f 615 620 618
f 615 614 678
f 615 616 678
f 615 616 614
f 615 620 579
f 615 613 652
f 615 613 651
f 615 649 640
f 615 649 648
f 617 619 687
f 617 616 687
f 617 619 687
f 617 616 684
f 617 614 687
f 617 616 614
f 617 619 690
f 617 684 681
f 617 619 684
f 617 616 681
f 617 619 577
f 617 614 690
f 617 616 614
f 617 619 677
f 617 619 618
f 617 619 575
f 617 574 577
f 617 616 574
f 617 678 677
f 617 616 678
f 617 616 678
f 617 616 618
f 617 619 574
f 617 574 575
f 617 619 574
f 617 571 574
f 617 619 572
f 617 619 618
f 617 571 574
f 617 616 574
f 617 618 571
f 617 571 572
f 617 618 571
f 617 559 618
f 617 616 559
f 617 616 559
f 609 688 610
f 609 607 610
f 609 607 688
f 609 688 610
f 609 607 688
f 609 683 610
f 609 610 569
f 609 610 570
f 609 607 610
f 606 688 605
f 606 607 688
f 606 607 688
f 606 686 605
f 606 686 607
f 606 607 683
f 606 604 679
f 606 604 676
f 606 604 673
f 606 604 569
f 606 604 579
f 606 569 605
f 606 607 605
f 606 607 569
f 606 604 664
f 606 604 664
f 606 601 579
f 606 601 604
f 606 601 659
f 606 601 604
f 606 601 652
f 606 601 651
f 606 601 647
f 606 601 651
f 606 601 649
f 606 601 649
f 611 610 570
f 611 612 570
f 611 612 610
f 611 610 569
f 611 612 569
f 611 569 564
f 611 612 569
f 611 609 569
f 611 609 610
f 611 563 564
f 611 563 569
f 611 563 569
f 611 564 613
f 611 566 613
f 611 609 566
f 611 676 613
f 611 566 567
f 611 609 676
f 611 613 678
f 611 612 613
f 611 609 678
f 611 612 679
f 611 613 664
f 611 609 679
f 611 612 681
f 611 613 664
f 611 609 681
f 611 609 610
f 611 612 610
f 140 142 37
f 140 139 37
f 140 139 142
f 140 139 39
f 140 139 39
f 140 217 218
f 140 139 217
f 140 216 139
f 140 139 213
f 140 212 139
f 140 210 139
f 140 208 139
f 140 208 207
f 140 183 139
f 140 139 172
f 140 188 139
f 140 188 139
f 140 139 163
f 138 137 142
f 138 139 142
f 138 137 37
f 138 139 37
f 138 137 39
f 138 139 39
f 138 137 39
f 138 139 39
f 138 216 137
f 138 216 139
f 138 163 167
f 138 139 163
f 138 139 163
f 138 172 137
f 138 213 137
f 138 139 213
f 138 172 176
f 138 139 172
f 138 212 213
f 138 212 139
f 138 208 137
f 138 208 139
f 138 183 137
f 138 183 139
f 138 208 207
f 138 208 207
f 138 188 137
f 138 188 139
f 138 188 139
f 583 582 699
f 583 508 699
f 583 508 582
f 583 582 699
f 578 582 580
f 578 508 580
f 578 508 582
f 578 508 579
f 578 508 579
f 578 579 582
f 578 510 577
f 578 508 577
f 578 508 510
f 578 583 508
f 578 510 512
f 578 585 579
f 578 583 585
f 578 508 699
f 578 583 508
f 578 513 512
f 578 513 510
f 578 585 699
f 578 583 585
f 578 585 579
f 578 513 516
f 578 513 569
f 578 587 586
f 578 585 586
f 578 585 587
f 578 579 587
f 578 519 516
f 578 519 569
f 578 590 592
f 578 588 590
f 578 588 587
f 578 588 587
f 578 519 570
f 578 591 590
f 578 579 591
f 578 579 591
f 578 579 593
f 578 569 522
f 578 519 522
f 578 519 569
f 578 597 595
f 578 595 594
f 578 579 594
f 578 593 592
f 578 593 595
f 578 597 595
f 578 579 593
f 578 603 570
f 578 602 603
f 578 602 600
f 578 602 603
f 578 597 598
f 578 593 595
f 578 599 600
f 578 601 602
f 578 601 602
f 578 604 603
f 578 599 598
f 578 599 598
f 578 569 605
f 578 604 569
f 578 603 605
f 578 604 603
f 568 508 567
f 568 508 579
f 568 508 579
f 568 578 579
f 568 578 579
f 568 513 567
f 568 578 513
f 568 578 513
f 568 578 601
f 568 597 579
f 568 578 597
f 568 513 569
f 568 513 567
f 568 601 602
f 568 578 601
f 568 601 579
f 568 601 597
f 568 578 597
f 568 566 567
f 568 604 602
f 568 601 604
f 568 601 604
f 568 601 598
f 568 578 598
f 568 601 597
f 568 569 516
f 568 566 516
f 568 566 569
f 568 606 604
f 568 606 604
f 589 696 590
f 589 588 590
f 589 588 696
f 589 696 590
f 589 588 696
f 589 591 695
f 589 591 590
f 589 692 695
f 589 591 692
f 589 692 695
f 589 588 695
f 589 579 591
f 589 588 579
f 589 689 591
f 589 579 591
f 589 689 686
f 589 591 580
f 589 579 580
f 589 588 579
f 589 686 591
f 589 591 683
f 589 676 591
f 589 673 676
f 589 594 652
f 589 594 659
f 589 591 594
f 589 591 664
f 589 594 651
f 589 594 651
f 589 591 664
f 589 594 649
f 589 594 645
f 589 594 649
f 589 594 647
f 589 594 647
f 118 119 155
f 118 117 155
f 118 158 119
f 118 117 158
f 118 154 119
f 118 117 154
f 118 162 119
f 118 117 162
f 118 152 154
f 118 152 117
f 118 162 163
f 118 117 162
f 118 152 151
f 118 152 117
f 118 163 119
f 118 117 163
f 118 151 119
f 118 117 151
f 118 119 167
f 118 117 167
f 118 119 150
f 118 117 150
f 118 119 148
f 118 117 148
f 118 119 148
f 118 117 148
f 118 117 172
f 118 119 142
f 118 117 142
f 118 117 172
f 118 119 142
f 118 117 142
f 118 117 176
f 118 119 116
f 118 117 116
f 118 119 96
f 118 96 116
f 118 117 116
f 118 119 96
f 118 94 119
f 118 117 94
f 118 93 94
f 118 93 117
f 118 93 119
f 118 93 117
f 118 119 91
f 118 117 91
f 118 119 91
f 118 117 91
f 118 119 90
f 118 117 90
f 118 69 119
f 118 69 117
f 118 117 64
f 122 155 123
f 122 120 155
f 122 152 155
f 122 152 120
f 122 158 123
f 122 120 158
f 122 152 151
f 122 152 120
f 122 162 123
f 122 120 162
f 122 151 150
f 122 120 151
f 122 162 163
f 122 120 162
f 122 150 123
f 122 120 150
f 122 163 123
f 122 148 123
f 122 120 148
f 122 167 123
f 122 148 123
f 122 120 148
f 122 123 142
f 122 120 142
f 122 123 142
f 122 120 142
f 122 123 116
f 122 120 116
f 122 98 123
f 122 98 97
f 122 120 97
f 122 98 123
f 122 96 123
f 122 120 96
f 122 96 123
f 122 120 96
f 122 94 123
f 122 120 94
f 122 93 94
f 122 93 120
f 122 93 123
f 122 93 120
f 122 123 91
f 122 120 91
f 122 123 91
f 122 120 91
f 122 123 90
f 122 120 90
f 122 69 123
f 122 69 120
f 122 55 123
f 53 55 120
f 53 55 120
f 53 118 55
f 53 122 123
f 232 328 327
f 157 105 106
f 157 158 106
f 157 105 106
f 157 117 116
f 157 117 158
f 157 105 104
f 157 105 104
f 157 118 117
f 157 118 117
f 157 118 119
f 157 118 158
f 157 216 217
f 157 216 217
f 157 120 119
f 157 120 158
f 157 122 120
f 157 122 120
f 157 122 123
f 157 122 158
f 157 212 213
f 157 212 213
f 157 152 210
f 157 208 210
f 157 152 208
f 157 131 132
f 157 131 158
f 157 158 133
f 157 152 132
f 157 152 133
f 157 208 207
f 157 152 208
f 113 183 112
f 113 183 114
f 113 176 112
f 113 114 176
f 113 188 112
f 113 188 114
f 113 114 172
f 113 112 174
f 113 172 174
f 113 172 112
f 113 172 112
f 113 114 172
f 113 112 170
f 113 112 167
f 113 208 207
f 113 208 207
f 113 167 166
f 113 114 167
f 113 208 112
f 113 208 114
f 113 165 166
f 113 112 165
f 113 69 114
f 113 45 112
f 113 114 45
f 113 163 165
f 113 112 163
f 113 112 163
f 115 172 171
f 115 114 172
f 115 114 172
f 115 117 172
f 115 117 172
f 115 114 176
f 115 117 176
f 115 114 116
f 115 183 114
f 115 114 45
f 115 44 45
f 115 188 114
f 115 44 209
f 115 208 114
f 115 208 207
f 179 94 178
f 179 180 94
f 179 96 178
f 179 180 96
f 179 93 94
f 179 93 180
f 179 93 180
f 179 96 178
f 179 180 96
f 179 98 178
f 179 180 98
f 179 99 98
f 179 99 178
f 179 99 181
f 179 180 181
f 179 99 181
f 179 105 104
f 179 105 104
f 179 105 106
f 179 105 181
f 179 113 112
f 179 210 180
f 179 113 112
f 179 113 114
f 179 210 181
f 179 113 114
f 179 115 114
f 179 115 114
f 179 115 118
f 179 137 178
f 179 133 182
f 179 178 133
f 179 183 133
f 179 183 137
f 179 138 137
f 179 131 182
f 179 131 178
f 179 138 183
f 179 138 139
f 179 152 146
f 179 183 152
f 179 183 158
f 179 138 183
f 179 140 139
f 179 152 158
f 179 183 152
f 179 140 183
f 248 299 250
f 248 299 246
f 248 293 246
f 248 299 250
f 248 299 246
f 248 250 254
f 248 293 254
f 248 250 303
f 248 246 303
f 248 250 303
f 248 246 303
f 248 208 207
f 248 208 207
f 248 307 250
f 248 307 246
f 248 246 254
f 248 208 254
f 248 208 246
f 248 199 250
f 248 199 246
f 248 307 309
f 248 307 309
f 248 309 246
f 248 250 249
f 248 309 250
f 248 246 313
f 248 313 250
f 248 313 250
f 248 246 247
f 248 246 313
f 248 189 190
f 248 189 190
f 248 313 249
f 248 189 187
f 248 189 187
f 248 249 316
f 248 317 247
f 248 317 316
f 248 317 249
f 248 317 247
f 248 317 249
f 248 319 247
f 248 319 249
f 248 319 247
f 248 319 249
f 248 247 322
f 248 249 322
f 248 249 247
f 215 210 189
f 215 185 210
f 215 185 210
f 215 216 218
f 215 157 213
f 215 157 216
f 215 216 158
f 215 216 176
f 215 212 176
f 215 157 213
f 215 157 216
f 215 162 158
f 215 216 162
f 215 216 174
f 215 213 155
f 215 216 155
f 215 212 213
f 215 212 162
f 215 216 162
f 215 172 174
f 215 212 172
f 215 152 213
f 215 212 162
f 215 172 174
f 215 216 174
f 215 216 172
f 215 216 172
f 215 152 151
f 215 152 216
f 215 216 154
f 215 152 154
f 215 152 216
f 215 212 163
f 215 163 167
f 215 216 167
f 215 216 170
f 215 151 213
f 215 216 151
f 215 163 165
f 215 216 165
f 215 216 163
f 215 213 214
f 215 213 150
f 215 216 150
f 215 216 148
f 215 146 214
f 215 146 148
f 215 216 146
f 215 146 145
f 215 216 146
f 215 145 214
f 215 216 145
f 215 143 214
f 215 216 143
f 215 140 139
f 215 140 216
f 215 138 139
f 215 138 216
f 215 138 137
f 215 138 216
f 215 137 214
f 215 216 214
f 215 216 137
f 476 478 438
f 476 474 438
f 476 474 478
f 476 437 478
f 476 474 437
f 476 437 436
f 476 474 437
f 476 436 478
f 476 434 478
f 476 434 478
f 476 529 530
f 476 474 529
f 476 529 527
f 476 474 527
f 476 474 529
f 473 472 437
f 473 474 437
f 473 474 472
f 473 474 436
f 473 436 434
f 473 474 434
f 473 471 436
f 473 471 472
f 473 471 418
f 473 418 430
f 473 471 417
f 473 471 417
f 473 471 415
f 473 471 414
f 473 471 553
f 473 471 414
f 473 472 535
f 473 474 535
f 473 471 553
f 473 471 411
f 473 533 472
f 473 474 533
f 473 474 533
f 473 471 557
f 473 471 411
f 473 471 557
f 473 471 406
f 473 471 560
f 473 471 402
f 473 471 564
f 473 471 402
f 473 471 566
f 473 471 566
f 473 579 580
f 473 580 388
f 473 471 579
f 473 471 579
f 473 388 387
f 473 471 387
f 473 580 388
f 473 386 580
f 473 471 386
f 473 471 386
f 194 93 271
f 194 136 137
f 191 93 271
f 191 93 271
f 191 271 192
f 191 93 94
f 191 93 94
f 191 265 192
f 191 270 190
f 191 271 270
f 191 271 270
f 191 94 192
f 191 94 190
f 191 267 190
f 191 267 265
f 191 267 265
f 191 265 192
f 191 96 192
f 191 96 190
f 191 192 262
f 191 190 262
f 191 263 190
f 191 263 265
f 191 263 265
f 191 96 97
f 191 96 190
f 191 98 97
f 191 98 190
f 191 99 98
f 191 99 98
f 191 99 192
f 191 99 190
f 191 256 254
f 191 256 254
f 191 253 254
f 191 253 254
f 191 105 104
f 191 105 106
f 191 188 105
f 191 250 249
f 191 250 190
f 191 188 105
f 191 248 249
f 191 248 190
f 191 248 192
f 191 248 190
f 191 113 112
f 191 246 192
f 191 246 190
f 191 113 114
f 191 113 188
f 191 115 114
f 191 113 188
f 191 115 188
f 191 131 192
f 191 131 188
f 191 133 192
f 191 188 133
f 191 137 133
f 191 188 137
f 191 138 137
f 191 138 188
f 191 138 188
f 376 375 297
f 376 377 297
f 376 299 375
f 376 377 299
f 376 375 297
f 376 377 297
f 376 299 375
f 376 377 299
f 376 375 412
f 376 377 412
f 376 375 218
f 376 377 218
f 376 375 412
f 376 375 214
f 376 377 214
f 376 411 412
f 376 377 411
f 376 375 411
f 376 377 471
f 376 375 411
f 376 377 411
f 204 282 92
f 204 207 92
f 204 207 282
f 204 282 92
f 204 207 282
f 204 207 276
f 204 207 93
f 204 207 276
f 204 207 93
f 204 207 271
f 204 207 94
f 204 207 271
f 204 207 96
f 204 207 262
f 204 207 96
f 204 207 262
f 204 207 98
f 204 207 99
f 204 207 99
f 204 248 250
f 204 207 105
f 204 207 105
f 204 113 207
f 204 113 207
f 204 115 207
f 252 307 309
f 252 253 307
f 252 253 307
f 252 309 250
f 252 253 309
f 252 313 250
f 252 313 250
f 252 253 312
f 252 313 312
f 252 253 313
f 252 250 190
f 252 191 250
f 252 191 253
f 252 191 250
f 252 191 253
f 252 313 314
f 252 253 313
f 252 189 190
f 252 253 189
f 252 314 251
f 252 189 187
f 252 253 189
f 252 316 251
f 252 316 314
f 252 253 316
f 252 316 318
f 252 253 316
f 252 185 184
f 252 185 253
f 252 318 251
f 252 253 318
f 252 184 182
f 252 253 184
f 252 251 322
f 252 253 322
f 252 181 182
f 252 253 181
f 252 324 251
f 252 180 181
f 252 253 180
f 252 255 324
f 252 255 253
f 252 324 251
f 252 255 324
f 252 328 251
f 252 255 328
f 252 255 328
f 252 170 251
f 252 166 251
f 252 255 166
f 252 255 170
f 252 176 251
f 252 253 176
f 252 170 173
f 252 165 166
f 252 255 165
f 252 255 170
f 252 255 253
f 252 174 251
f 252 253 174
f 252 174 173
f 252 253 174
f 252 165 164
f 252 255 165
f 252 161 164
f 252 255 161
f 252 160 161
f 252 255 160
f 252 255 160
f 461 366 218
f 461 463 218
f 461 463 373
f 461 374 373
f 461 463 374
f 461 463 374
f 461 463 414
f 461 463 414
f 461 463 447
f 461 463 217
f 461 463 415
f 461 463 441
f 461 463 217
f 461 463 417
f 461 463 418
f 461 463 417
f 461 214 580
f 461 463 214
f 461 463 579
f 461 463 566
f 461 463 579
f 461 463 566
f 461 463 564
f 461 463 560
f 461 463 558
f 461 463 558
f 461 463 557
f 461 550 549
f 461 463 554
f 461 463 554
f 461 463 553
f 465 214 373
f 465 463 373
f 465 463 214
f 465 214 580
f 465 463 374
f 465 463 214
f 465 463 375
f 465 463 579
f 465 463 375
f 465 376 375
f 465 463 579
f 465 376 377
f 465 463 566
f 465 463 436
f 465 463 417
f 465 377 386
f 465 463 566
f 465 463 439
f 465 463 417
f 465 386 406
f 465 386 402
f 465 463 564
f 465 463 439
f 465 463 415
f 465 386 402
f 465 463 560
f 465 463 441
f 465 463 414
f 465 411 409
f 465 463 409
f 465 463 557
f 465 463 414
f 465 463 557
f 465 463 554
f 465 446 447
f 465 463 447
f 465 463 554
f 465 463 553
f 465 463 549
f 450 453 366
f 450 366 447
f 450 453 366
f 450 368 447
f 450 453 368
f 450 366 347
f 450 453 347
f 450 348 447
f 450 366 447
f 450 366 348
f 450 347 348
f 450 368 447
f 450 453 368
f 450 463 449
f 450 461 463
f 450 347 346
f 450 453 345
f 450 447 373
f 450 453 373
f 450 345 346
f 450 453 344
f 450 344 345
f 450 449 344
f 450 341 449
f 450 453 341
f 450 447 413
f 450 415 413
f 450 414 415
f 450 453 414
f 450 453 414
f 450 453 415
f 450 415 416
f 450 453 417
f 450 417 416
f 450 453 417
f 450 417 418
f 450 453 418
f 340 334 339
f 340 341 334
f 340 332 339
f 340 341 332
f 340 450 449
f 340 450 341
f 340 335 332
f 340 449 339
f 340 341 449
f 340 335 339
f 340 335 332
f 340 341 332
f 340 341 448
f 177 255 253
f 177 252 253
f 177 257 255
f 177 255 253
f 177 252 176
f 177 252 253
f 177 257 178
f 177 257 176
f 177 257 180
f 177 257 255
f 177 176 249
f 177 252 180
f 177 178 261
f 177 176 261
f 177 180 249
f 177 176 249
f 177 263 178
f 177 263 176
f 177 180 249
f 177 264 263
f 177 264 263
f 177 264 265
f 177 264 176
f 177 265 178
f 177 176 265
f 177 267 178
f 177 267 176
f 177 267 178
f 177 267 176
f 177 215 216
f 177 215 180
f 177 215 180
f 177 178 269
f 177 176 269
f 177 215 212
f 177 270 178
f 177 176 270
f 177 93 270
f 177 93 176
f 177 210 172
f 177 210 172
f 177 93 94
f 177 93 94
f 177 94 178
f 177 94 176
f 177 152 172
f 177 152 146
f 177 152 146
f 177 96 178
f 177 176 96
f 177 140 139
f 177 140 139
f 177 96 178
f 177 176 96
f 177 138 139
f 177 138 139
f 177 98 178
f 177 176 98
f 177 138 137
f 177 138 176
f 177 99 98
f 177 99 176
f 177 137 178
f 177 176 137
f 177 99 178
f 177 99 176
f 177 178 133
f 177 176 133
f 177 131 178
f 177 131 176
f 177 105 104
f 177 105 176
f 177 105 106
f 177 105 176
f 177 113 112
f 177 113 176
f 177 113 114
f 177 113 114
f 177 115 114
f 177 115 114
f 177 115 118
f 177 118 117
f 177 115 117
f 177 115 118
f 258 310 259
f 258 257 259
f 258 257 310
f 258 308 310
f 258 257 308
f 258 307 308
f 258 257 307
f 258 307 306
f 258 306 305
f 258 307 306
f 258 256 307
f 258 257 256
f 258 260 305
f 258 303 260
f 258 256 303
f 258 303 260
f 258 256 303
f 258 191 190
f 258 191 192
f 258 189 190
f 258 191 256
f 258 191 256
f 258 299 260
f 258 299 256
f 258 187 260
f 258 257 189
f 258 189 256
f 258 257 189
f 258 299 296
f 258 299 256
f 258 188 187
f 258 188 189
f 258 188 189
f 258 293 296
f 258 293 256
f 258 185 184
f 258 185 257
f 258 184 182
f 258 257 184
f 258 282 287
f 258 256 282
f 258 181 182
f 258 257 181
f 258 256 282
f 258 180 181
f 258 257 180
f 258 257 180
f 258 208 207
f 258 208 207
f 258 282 274
f 258 282 260
f 258 256 274
f 258 208 209
f 258 208 256
f 258 214 260
f 258 256 214
f 258 213 209
f 258 256 213
f 258 213 214
f 258 256 213
f 290 287 262
f 290 293 262
f 290 258 287
f 290 258 293
f 290 287 262
f 290 293 262
f 290 258 256
f 290 258 293
f 290 271 287
f 290 293 271
f 290 256 254
f 290 293 256
f 290 271 287
f 290 248 293
f 290 287 289
f 290 246 254
f 290 248 246
f 290 248 293
f 290 291 289
f 290 218 287
f 290 293 218
f 290 291 384
f 290 293 386
f 290 293 386
f 290 213 287
f 290 385 384
f 290 386 385
f 290 386 385
f 290 291 384
f 290 386 384
f 290 386 213
f 290 386 287
f 290 386 287
f 290 386 213
f 290 212 213
f 290 212 213
f 290 209 287
f 290 212 209
f 290 212 209
f 294 293 271
f 294 271 270
f 294 271 295
f 294 271 273
f 294 297 270
f 294 295 297
f 294 293 295
f 294 297 275
f 294 273 275
f 294 291 273
f 294 295 380
f 294 291 380
f 294 293 380
f 294 297 275
f 294 291 275
f 294 297 378
f 294 295 297
f 294 380 379
f 294 291 380
f 294 297 285
f 294 291 285
f 294 378 379
f 294 295 378
f 294 297 304
f 294 304 288
f 294 291 288
f 294 291 304
f 294 297 306
f 294 291 306
f 294 297 306
f 294 291 306
f 294 291 308
f 294 297 335
f 294 308 310
f 294 291 310
f 294 297 332
f 294 291 332
f 294 310 322
f 294 308 324
f 294 291 314
f 294 328 297
f 294 328 291
f 294 291 322
f 294 291 324
f 294 308 324
f 294 297 308
f 294 318 312
f 294 310 312
f 294 316 318
f 294 316 314
f 294 291 316
f 294 328 297
f 294 328 291
f 294 291 318
f 294 291 324
f 294 291 316
f 538 540 537
f 538 540 539
f 538 537 571
f 538 539 571
f 538 536 537
f 538 471 470
f 538 540 471
f 538 539 571
f 538 536 571
f 538 536 539
f 538 473 540
f 538 471 472
f 538 473 472
f 538 473 471
f 538 539 636
f 538 536 636
f 538 539 633
f 538 536 633
f 538 536 539
f 542 543 571
f 548 546 569
f 548 569 570
f 548 549 570
f 548 569 553
f 548 529 569
f 548 543 529
f 548 546 543
f 548 513 516
f 548 529 553
f 548 543 529
f 548 513 510
f 548 553 516
f 548 519 553
f 548 543 519
f 548 513 543
f 548 546 513
f 548 549 630
f 548 553 522
f 548 543 522
f 548 508 510
f 548 519 553
f 548 543 519
f 548 508 513
f 548 546 508
f 548 632 549
f 548 546 508
f 548 632 549
f 548 499 502
f 548 502 505
f 548 508 505
f 548 508 502
f 548 546 499
f 548 549 633
f 548 497 499
f 548 497 546
f 548 497 495
f 548 497 546
f 548 495 551
f 548 546 495
f 548 465 463
f 548 491 551
f 548 546 491
f 548 491 488
f 548 546 491
f 548 486 488
f 548 486 546
f 548 473 546
f 548 486 484
f 548 486 546
f 548 471 549
f 548 473 471
f 548 484 482
f 548 546 484
f 548 479 482
f 548 546 479
f 545 546 571
f 545 629 571
f 545 632 630
f 545 546 632
f 545 546 633
f 725 724 10
f 725 726 10
f 725 724 674
f 725 726 674
f 725 724 64
f 725 676 724
f 725 726 676
f 725 683 724
f 725 726 683
f 725 71 724
f 725 71 726
f 725 726 683
f 725 71 75
f 725 71 726
f 725 683 724
f 725 683 98
f 725 726 98
f 725 75 724
f 725 726 75
f 725 96 724
f 725 726 96
f 725 724 83
f 725 726 83
f 725 96 724
f 725 726 96
f 725 724 83
f 725 726 83
f 725 94 724
f 725 94 724
f 725 94 89
f 725 726 89
f 63 726 727
f 63 728 727
f 63 725 726
f 63 725 726
f 63 725 724
f 63 725 724
f 63 724 10
f 63 723 724
f 63 723 724
f 63 66 12
f 63 723 722
f 63 37 66
f 63 37 12
f 63 723 66
f 63 723 64
f 63 721 722
f 63 721 66
f 63 721 66
f 63 129 37
f 63 122 123
f 63 122 120
f 63 120 119
f 63 118 64
f 63 118 119
f 63 118 117
f 63 117 116
f 63 115 116
f 63 115 114
f 675 673 676
f 675 726 676
f 675 726 673
f 675 726 673
f 675 615 673
f 675 725 726
f 675 725 726
f 675 615 616
f 675 615 676
f 675 615 676
f 675 615 673
f 675 725 724
f 675 725 676
f 675 617 616
f 675 611 676
f 675 611 673
f 675 611 673
f 675 676 724
f 675 676 616
f 675 617 616
f 675 723 674
f 675 723 724
f 675 723 724
f 675 617 618
f 675 617 618
f 675 619 674
f 675 619 618
f 675 619 618
f 67 725 726
f 67 725 724
f 67 725 724
f 67 723 724
f 67 723 724
f 67 723 66
f 67 723 68
f 67 113 112
f 67 721 66
f 67 721 68
f 67 69 112
f 67 113 69
f 67 69 721
f 67 113 114
f 67 113 69
f 67 721 720
f 67 69 720
f 67 69 721
f 67 114 116
f 67 69 116
f 67 69 114
f 671 620 672
f 671 615 616
f 671 673 672
f 671 673 616
f 671 615 613
f 671 611 613
f 671 611 673
f 671 615 673
f 671 212 581
f 671 212 673
f 671 102 212
f 671 615 673
f 671 606 604
f 671 606 604
f 671 601 604
f 671 601 604
f 671 589 591
f 671 589 673
f 671 601 668
f 671 601 673
f 671 591 594
f 671 673 591
f 671 594 668
f 671 673 594
f 9 51 50
f 9 47 45
f 9 44 45
f 9 212 42
f 9 44 212
f 9 44 10
f 9 212 213
f 9 10 42
f 9 44 212
f 9 10 41
f 9 213 214
f 9 213 214
f 9 10 40
f 9 658 214
f 9 663 662
f 9 663 10
f 9 214 42
f 9 658 214
f 9 658 10
f 9 658 657
f 9 41 42
f 9 658 10
f 9 661 662
f 9 10 661
f 9 656 657
f 9 656 10
f 9 661 660
f 9 10 660
f 9 10 661
f 9 40 41
f 9 656 655
f 9 656 655
f 9 40 652
f 9 10 652
f 9 10 654
f 9 655 654
f 9 655 10
f 9 10 652
f 9 10 40
f 9 651 652
f 9 651 40
f 9 651 40
f 80 77 709
f 80 77 708
f 80 706 707
f 80 77 707
f 80 105 104
f 80 77 105
f 80 99 79
f 80 105 106
f 80 77 105
f 80 142 147
f 80 137 142
f 80 136 137
f 80 117 116
f 80 118 117
f 80 118 119
f 80 120 119
f 80 122 123
f 80 122 120
f 186 271 270
f 186 185 271
f 186 270 187
f 186 185 270
f 186 93 271
f 186 185 93
f 186 267 187
f 186 185 267
f 186 93 94
f 186 185 93
f 186 267 265
f 186 185 267
f 186 94 187
f 186 185 94
f 186 263 265
f 186 185 263
f 186 96 187
f 186 185 96
f 186 263 187
f 186 185 263
f 186 96 187
f 186 185 96
f 186 185 261
f 186 98 187
f 186 185 98
f 186 261 262
f 186 187 262
f 186 185 261
f 186 99 98
f 186 185 99
f 186 187 260
f 186 185 260
f 186 99 187
f 186 185 99
f 186 258 187
f 186 258 185
f 186 258 257
f 186 258 185
f 186 257 256
f 186 185 257
f 186 105 104
f 186 185 105
f 186 255 256
f 186 185 255
f 186 105 187
f 186 185 105
f 186 255 254
f 186 185 255
f 186 253 254
f 186 185 253
f 186 252 253
f 186 252 185
f 186 113 112
f 186 252 187
f 186 252 185
f 186 113 114
f 186 113 183
f 186 250 187
f 186 185 250
f 186 115 114
f 186 113 183
f 186 250 187
f 186 185 250
f 186 115 183
f 186 248 187
f 186 185 249
f 186 248 249
f 186 248 187
f 186 185 210
f 186 131 187
f 186 131 183
f 186 187 133
f 186 183 133
f 186 183 187
f 70 69 109
f 70 69 68
f 70 723 68
f 70 71 723
f 70 71 723
f 70 69 721
f 70 71 721
f 70 69 721
f 70 71 721
f 70 69 719
f 70 71 719
f 70 69 719
f 70 71 719
f 70 69 717
f 70 69 717
f 74 75 719
f 74 75 721
f 74 71 721
f 74 75 719
f 74 75 721
f 74 71 721
f 74 75 717
f 74 75 723
f 74 71 723
f 74 71 75
f 74 75 717
f 74 75 715
f 74 75 715
f 74 105 75
f 74 71 105
f 78 713 79
f 78 77 713
f 78 715 79
f 78 77 715
f 78 77 713
f 78 715 716
f 78 77 715
f 78 711 713
f 78 711 713
f 78 77 710
f 78 717 716
f 78 711 710
f 78 711 710
f 78 80 710
f 78 75 717
f 78 77 75
f 78 77 709
f 78 80 709
f 78 80 77
f 78 717 718
f 78 75 717
f 78 75 79
f 78 719 718
f 78 75 719
f 78 75 719
f 78 77 102
f 76 77 713
f 76 77 75
f 76 74 713
f 76 74 75
f 76 77 713
f 76 74 713
f 76 709 712
f 76 77 709
f 76 77 105
f 76 74 105
f 76 74 105
f 76 709 708
f 76 77 709
f 76 37 12
f 76 105 75
f 76 77 105
f 76 80 77
f 76 708 707
f 76 77 707
f 76 77 708
f 76 80 77
f 76 136 137
f 76 80 142
f 76 137 142
f 76 80 136
f 76 80 112
f 76 113 112
f 76 80 137
f 76 80 129
f 76 80 117
f 76 80 118
f 76 80 118
f 76 80 122
f 76 80 120
f 76 80 122
f 130 129 39
f 130 131 39
f 130 129 37
f 130 131 37
f 130 131 134
f 130 129 50
f 130 131 46
f 130 47 46
f 130 47 129
f 130 134 37
f 130 129 37
f 130 152 129
f 130 131 152
f 130 129 45
f 130 131 45
f 130 69 134
f 130 69 129
f 130 69 129
f 130 152 129
f 130 131 152
f 130 44 129
f 130 44 131
f 130 157 129
f 130 157 131
f 130 44 129
f 130 44 131
f 130 157 129
f 130 157 131
f 130 129 42
f 130 131 42
f 130 129 162
f 130 131 162
f 130 129 213
f 130 129 162
f 130 131 162
f 130 213 41
f 130 131 41
f 130 131 213
f 130 212 129
f 130 131 212
f 130 129 163
f 130 131 163
f 130 208 129
f 130 131 208
f 130 208 207
f 130 131 208
f 130 129 172
f 130 129 172
f 130 131 172
f 130 129 176
f 130 131 176
f 130 177 129
f 130 177 131
f 130 177 129
f 130 177 131
f 130 191 129
f 130 191 131
f 130 179 129
f 130 179 131
f 130 191 188
f 130 191 131
f 130 179 129
f 130 179 131
f 130 188 129
f 130 131 188
f 130 183 129
f 130 131 183
f 130 186 129
f 130 186 131
f 130 186 183
f 130 186 131
f 52 51 54
f 52 9 54
f 52 9 53
f 52 9 51
f 52 122 51
f 52 53 122
f 52 53 118
f 49 122 51
f 49 9 51
f 49 52 118
f 49 115 118
f 49 9 50
f 49 115 118
f 49 52 9
f 49 53 118
f 49 52 53
f 49 115 114
f 49 52 9
f 49 115 53
f 49 115 53
f 49 113 114
f 49 113 53
f 49 53 105
f 49 113 45
f 49 113 53
f 622 621 571
f 622 623 571
f 622 623 621
f 622 621 555
f 622 623 555
f 622 621 555
f 622 623 555
f 622 621 557
f 622 623 557
f 622 623 558
f 622 620 621
f 622 620 558
f 622 620 558
f 622 558 625
f 622 623 558
f 622 620 560
f 622 625 560
f 622 620 561
f 622 620 667
f 622 620 667
f 622 561 625
f 622 620 561
f 622 667 668
f 622 623 667
f 622 620 668
f 622 667 664
f 622 623 667
f 622 620 663
f 622 561 625
f 622 620 563
f 622 625 664
f 622 623 625
f 622 625 663
f 622 620 663
f 622 620 563
f 622 621 672
f 622 623 672
f 622 623 621
f 622 620 621
f 622 625 663
f 622 625 564
f 622 563 564
f 622 620 566
f 622 625 659
f 622 620 659
f 622 566 625
f 622 625 652
f 622 566 567
f 622 620 566
f 622 615 652
f 622 615 620
f 622 579 567
f 622 620 579
f 622 615 651
f 622 651 652
f 622 625 652
f 622 579 625
f 622 620 579
f 622 615 651
f 622 651 640
f 622 615 620
f 622 615 640
f 622 625 640
f 622 640 631
f 622 615 640
f 622 601 596
f 622 581 631
f 622 625 631
f 622 625 581
f 685 601 602
f 685 601 686
f 685 601 686
f 685 604 602
f 685 686 604
f 685 606 683
f 685 606 604
f 685 683 716
f 685 686 683
f 685 715 716
f 685 686 715
f 685 606 607
f 685 606 686
f 685 686 604
f 685 606 604
f 685 606 686
f 685 715 684
f 685 686 715
f 685 687 684
f 685 686 687
f 685 686 607
f 685 609 610
f 685 609 610
f 685 612 687
f 685 612 610
f 685 612 610
f 682 683 610
f 682 611 610
f 682 611 610
f 682 717 684
f 682 717 683
f 682 611 612
f 682 611 612
f 682 609 610
f 682 609 683
f 682 717 718
f 682 717 683
f 682 612 613
f 682 612 613
f 682 719 718
f 682 719 683
f 682 614 684
f 682 614 613
f 682 614 613
f 682 719 720
f 682 719 683
f 682 606 604
f 682 606 604
f 682 721 720
f 682 721 683
f 682 604 602
f 682 721 679
f 682 601 602
f 682 604 679
f 682 604 602
f 682 683 679
f 682 721 679
f 682 721 683
f 682 601 602
f 682 601 597
f 682 601 597
f 682 683 679
f 682 597 679
f 682 597 683
f 141 142 39
f 141 140 39
f 141 140 142
f 141 142 39
f 141 140 39
f 141 140 218
f 141 142 40
f 141 140 217
f 141 143 217
f 141 140 216
f 141 216 143
f 141 215 140
f 141 215 216
f 141 215 140
f 141 215 143
f 141 140 213
f 141 213 214
f 141 143 214
f 141 143 142
f 141 140 212
f 141 212 213
f 141 145 142
f 141 146 145
f 141 140 210
f 141 210 209
f 141 140 188
f 141 140 183
f 141 208 207
f 141 140 208
f 141 140 208
f 141 208 209
f 141 188 145
f 141 188 146
f 141 188 146
f 141 140 188
f 141 183 146
f 141 179 140
f 141 146 142
f 141 136 137
f 141 179 146
f 141 179 140
f 141 177 146
f 141 177 140
f 141 179 183
f 141 152 146
f 141 138 137
f 141 152 146
f 141 177 140
f 141 140 139
f 141 138 139
f 141 138 137
f 141 136 137
f 141 136 152
f 141 146 163
f 141 140 163
f 141 157 152
f 141 140 172
f 141 177 172
f 141 177 146
f 141 138 139
f 141 157 152
f 141 157 158
f 141 139 158
f 141 140 139
f 584 585 698
f 584 583 585
f 584 698 696
f 584 585 698
f 584 696 699
f 584 583 699
f 584 583 585
f 584 692 696
f 584 696 586
f 584 698 586
f 584 698 696
f 584 696 695
f 584 585 579
f 584 585 579
f 584 689 692
f 584 692 696
f 584 692 695
f 584 579 580
f 584 579 582
f 584 589 580
f 584 582 580
f 584 583 582
f 584 689 686
f 584 589 580
f 584 686 683
f 584 589 692
f 584 589 689
f 584 589 664
f 584 589 664
f 584 683 679
f 584 589 689
f 584 664 581
f 584 671 589
f 584 664 581
f 584 589 659
f 584 594 581
f 584 591 594
f 584 589 591
f 584 589 591
f 584 676 679
f 584 589 686
f 584 671 581
f 584 671 589
f 584 581 659
f 584 589 652
f 584 594 596
f 584 594 640
f 584 594 641
f 584 673 676
f 584 589 683
f 584 671 673
f 584 589 673
f 584 581 652
f 584 589 651
f 584 601 581
f 584 622 615
f 584 622 596
f 584 594 631
f 584 581 640
f 584 594 641
f 584 581 641
f 584 589 676
f 584 651 581
f 584 589 651
f 584 622 581
f 584 581 631
f 584 594 643
f 584 581 641
f 584 651 581
f 584 589 649
f 584 594 643
f 584 643 581
f 584 649 581
f 584 589 649
f 584 594 645
f 584 589 594
f 584 643 581
f 584 649 581
f 584 589 647
f 584 645 581
f 584 589 645
f 584 647 581
f 584 589 647
f 584 645 581
f 584 647 581
f 121 120 167
f 121 122 167
f 121 120 163
f 121 122 163
f 121 122 120
f 121 122 167
f 121 118 119
f 121 118 172
f 121 118 172
f 121 118 176
f 121 177 118
f 121 177 118
f 121 179 118
f 121 179 115
f 121 179 115
f 121 115 183
f 121 186 115
f 121 186 115
f 121 115 188
f 121 191 115
f 121 191 115
f 121 204 115
f 121 115 208
f 121 115 208
f 121 115 209
f 121 209 42
f 121 44 123
f 121 115 44
f 121 44 45
f 121 115 44
f 121 115 118
f 121 49 122
f 121 49 118
f 121 49 118
f 121 49 52
f 121 52 53
f 121 52 122
f 121 49 122
f 121 49 52
f 121 53 120
f 121 52 53
f 121 53 120
f 121 53 122
f 121 55 120
f 121 122 55
f 121 122 55
f 56 53 118
f 56 53 118
f 56 115 53
f 56 118 55
f 56 115 117
f 56 115 53
f 56 55 120
f 56 113 53
f 56 59 115
f 56 122 55
f 56 59 113
f 56 113 53
f 56 53 105
f 56 53 105
f 239 324 325
f 239 232 282
f 239 282 246
f 239 254 274
f 239 246 254
f 239 254 218
f 239 246 254
f 239 246 218
f 225 239 274
f 211 232 212
f 211 136 209
f 211 209 133
f 211 212 133
f 211 136 212
f 211 136 137
f 211 131 209
f 211 131 212
f 211 136 212
f 211 138 137
f 211 130 131
f 211 130 131
f 211 138 212
f 211 210 180
f 211 210 184
f 211 215 184
f 211 215 210
f 211 215 180
f 211 210 139
f 211 138 139
f 211 130 129
f 211 130 212
f 211 138 212
f 211 179 210
f 211 140 210
f 211 140 212
f 211 179 210
f 211 179 180
f 211 215 180
f 211 141 140
f 211 141 140
f 211 177 210
f 211 177 215
f 211 177 215
f 211 141 210
f 211 141 212
f 211 177 210
f 211 177 212
f 211 121 209
f 211 121 212
f 211 210 145
f 211 212 145
f 211 210 176
f 211 212 176
f 211 209 42
f 211 212 42
f 211 210 146
f 211 212 146
f 211 210 172
f 211 212 172
f 211 44 209
f 211 44 212
f 211 210 146
f 211 212 146
f 211 212 45
f 211 44 45
f 211 44 212
f 211 210 150
f 211 212 150
f 211 210 151
f 211 212 151
f 211 152 210
f 211 152 212
f 211 210 163
f 211 152 210
f 211 152 212
f 211 162 163
f 211 212 162
f 211 212 162
f 211 157 210
f 211 157 212
f 211 157 210
f 211 157 212
f 124 157 158
f 124 158 123
f 124 157 123
f 124 162 123
f 124 155 123
f 124 162 163
f 124 152 155
f 124 163 123
f 124 152 151
f 124 167 123
f 124 151 150
f 124 150 123
f 124 148 123
f 124 148 123
f 124 121 172
f 124 123 147
f 124 121 172
f 124 121 176
f 124 99 98
f 124 99 98
f 124 98 123
f 124 121 177
f 124 123 116
f 124 99 116
f 124 99 123
f 124 96 123
f 124 121 177
f 124 96 123
f 124 121 179
f 124 94 123
f 124 121 179
f 124 121 204
f 124 93 94
f 124 121 183
f 124 121 208
f 124 93 123
f 124 121 186
f 124 121 208
f 124 123 91
f 124 121 186
f 124 211 121
f 124 121 191
f 124 123 91
f 124 121 188
f 124 211 121
f 124 121 191
f 124 123 90
f 124 121 212
f 124 80 123
f 124 121 42
f 124 121 123
f 124 76 80
f 124 44 123
f 124 44 45
f 124 69 123
f 124 63 123
f 124 49 51
f 124 49 51
f 124 52 51
f 124 55 123
f 124 53 123
f 124 52 53
f 124 52 53
f 127 157 126
f 127 126 162
f 127 157 126
f 127 126 162
f 127 126 152
f 127 126 163
f 127 126 152
f 127 126 167
f 127 151 150
f 127 126 150
f 127 126 151
f 127 134 91
f 127 126 91
f 127 126 90
f 127 126 172
f 127 134 91
f 127 126 91
f 127 80 126
f 127 126 172
f 127 93 134
f 127 126 93
f 127 126 93
f 127 76 80
f 127 126 176
f 127 177 126
f 127 126 69
f 127 177 126
f 127 63 126
f 127 179 126
f 127 179 126
f 127 126 183
f 127 186 126
f 127 186 126
f 127 52 126
f 127 126 188
f 127 52 126
f 127 191 126
f 127 126 51
f 127 191 126
f 127 49 126
f 127 47 45
f 127 126 47
f 127 204 126
f 127 126 44
f 127 126 208
f 127 126 44
f 127 126 208
f 127 126 42
f 127 211 126
f 127 126 212
f 127 211 126
f 168 179 172
f 168 207 210
f 168 172 158
f 168 179 158
f 168 179 163
f 168 152 146
f 168 152 146
f 168 152 163
f 168 152 172
f 168 211 210
f 168 211 210
f 168 141 146
f 168 141 146
f 168 212 163
f 168 211 212
f 168 141 140
f 168 211 212
f 168 139 163
f 168 140 139
f 168 141 140
f 168 215 212
f 168 215 172
f 168 215 212
f 168 140 139
f 168 215 170
f 168 138 139
f 168 138 139
f 168 138 167
f 168 138 172
f 168 130 129
f 168 130 131
f 168 130 129
f 168 216 170
f 168 215 216
f 168 215 216
f 168 167 133
f 168 172 133
f 168 131 167
f 168 130 172
f 168 130 131
f 168 113 114
f 168 131 172
f 168 127 126
f 168 127 126
f 168 113 112
f 168 113 170
f 168 113 114
f 168 113 112
f 168 115 114
f 168 114 167
f 168 115 114
f 168 117 167
f 168 115 171
f 168 124 121
f 168 124 167
f 168 117 171
f 168 118 117
f 168 121 119
f 168 124 121
f 168 121 167
f 168 105 170
f 168 105 167
f 168 118 117
f 168 118 119
f 168 118 119
f 168 105 104
f 168 105 104
f 168 120 119
f 168 121 120
f 168 121 120
f 168 99 100
f 168 99 167
f 168 167 98
f 168 99 98
f 168 99 167
f 475 476 436
f 475 476 474
f 475 436 434
f 475 474 436
f 475 476 434
f 475 474 434
f 475 476 434
f 475 473 430
f 475 473 474
f 475 431 430
f 475 476 431
f 475 476 431
f 475 473 418
f 475 418 430
f 475 429 430
f 475 476 429
f 475 476 429
f 475 473 417
f 475 473 417
f 475 473 415
f 475 473 414
f 475 538 473
f 475 548 473
f 475 473 414
f 475 473 474
f 475 538 473
f 475 548 473
f 475 473 411
f 475 474 535
f 475 473 553
f 475 473 411
f 475 474 533
f 475 476 533
f 475 473 553
f 475 473 406
f 475 474 533
f 475 476 533
f 475 473 557
f 475 473 402
f 475 474 531
f 475 476 531
f 475 476 474
f 475 473 557
f 475 473 560
f 475 579 402
f 475 473 402
f 475 473 579
f 475 473 579
f 475 473 564
f 475 473 566
f 475 473 566
f 477 431 478
f 477 476 478
f 477 476 431
f 477 431 430
f 477 476 431
f 477 429 430
f 477 476 429
f 477 429 478
f 477 476 429
f 477 479 478
f 477 479 418
f 477 475 418
f 477 475 476
f 477 475 417
f 477 479 417
f 477 475 417
f 477 533 479
f 477 533 535
f 477 476 533
f 477 535 479
f 477 479 417
f 477 475 415
f 477 533 531
f 477 476 533
f 477 540 479
f 477 475 535
f 477 475 476
f 477 479 415
f 477 475 414
f 477 531 530
f 477 476 530
f 477 476 531
f 477 538 540
f 477 540 543
f 477 475 538
f 477 479 414
f 477 475 414
f 477 475 538
f 477 546 543
f 477 479 414
f 477 475 411
f 477 548 546
f 477 475 546
f 477 479 411
f 477 475 411
f 477 548 479
f 477 475 548
f 477 479 411
f 477 475 406
f 477 553 479
f 477 475 548
f 477 479 406
f 477 475 402
f 477 475 553
f 477 553 479
f 477 402 479
f 477 475 579
f 477 475 553
f 477 557 479
f 477 579 402
f 477 475 579
f 477 475 557
f 477 557 560
f 477 579 567
f 477 475 566
f 477 475 557
f 477 560 479
f 477 566 567
f 477 475 566
f 477 475 560
f 477 564 479
f 477 566 564
f 477 475 564
f 193 93 271
f 193 194 93
f 193 271 192
f 193 194 271
f 193 93 94
f 193 194 93
f 193 265 192
f 193 194 265
f 193 94 192
f 193 194 94
f 193 265 192
f 193 194 265
f 193 96 192
f 193 194 96
f 193 192 262
f 193 194 262
f 193 96 97
f 193 194 96
f 193 258 192
f 193 258 194
f 193 98 97
f 193 194 98
f 193 258 256
f 193 258 194
f 193 99 98
f 193 194 99
f 193 256 254
f 193 194 256
f 193 99 192
f 193 194 99
f 193 253 254
f 193 194 253
f 193 252 253
f 193 252 194
f 193 252 250
f 193 252 194
f 193 105 104
f 193 194 105
f 193 248 250
f 193 194 248
f 193 105 106
f 193 194 105
f 193 246 192
f 193 248 192
f 193 248 246
f 193 113 112
f 193 194 113
f 193 113 114
f 193 194 113
f 193 115 114
f 193 194 115
f 193 121 115
f 193 121 194
f 193 124 121
f 193 124 121
f 193 127 126
f 193 127 194
f 193 130 129
f 193 130 194
f 193 152 188
f 193 152 188
f 193 130 131
f 193 130 194
f 193 152 151
f 193 194 152
f 193 131 192
f 193 194 131
f 193 146 151
f 193 194 146
f 193 133 192
f 193 194 133
f 193 146 145
f 193 194 146
f 193 137 133
f 193 194 137
f 193 141 145
f 193 141 194
f 193 138 137
f 193 194 138
f 193 141 140
f 193 141 194
f 193 138 139
f 193 194 138
f 193 140 139
f 193 194 140
f 197 194 98
f 197 194 99
f 197 194 99
f 197 194 105
f 197 194 105
f 197 194 152
f 197 194 146
f 197 194 146
f 197 194 113
f 197 141 194
f 197 194 113
f 197 141 194
f 197 194 115
f 197 194 140
f 197 121 194
f 197 194 138
f 197 124 121
f 197 194 138
f 197 194 136
f 197 127 194
f 197 194 136
f 197 194 133
f 197 130 194
f 197 194 131
f 197 130 194
f 107 191 188
f 107 188 187
f 107 191 106
f 107 186 187
f 107 193 106
f 107 186 185
f 107 193 194
f 107 183 185
f 107 197 194
f 107 183 106
f 107 181 106
f 107 179 181
f 107 204 207
f 107 179 106
f 107 208 207
f 107 177 106
f 107 208 209
f 107 177 176
f 107 212 209
f 107 176 106
f 107 174 106
f 107 172 174
f 107 49 45
f 107 172 106
f 107 49 53
f 107 170 106
f 107 56 53
f 107 168 170
f 107 168 167
f 107 167 106
f 107 165 106
f 107 163 165
f 107 71 106
f 107 70 71
f 107 162 163
f 107 162 106
f 107 76 74
f 107 160 106
f 107 76 80
f 107 160 106
f 107 80 106
f 107 158 106
f 107 106 90
f 107 157 158
f 107 106 91
f 107 157 106
f 107 106 91
f 107 155 106
f 107 154 155
f 107 93 116
f 107 93 106
f 107 154 106
f 107 94 106
f 107 93 94
f 107 93 94
f 107 142 147
f 107 106 142
f 107 106 142
f 107 148 106
f 107 150 106
f 107 148 106
f 107 150 106
f 110 191 188
f 110 188 109
f 110 191 109
f 110 186 109
f 110 193 109
f 110 186 183
f 110 193 194
f 110 183 109
f 110 197 194
f 110 109 181
f 110 179 181
f 110 179 109
f 110 179 109
f 110 177 109
f 110 204 207
f 110 177 109
f 110 208 207
f 110 109 176
f 110 208 109
f 110 109 174
f 110 109 172
f 110 212 45
f 110 212 109
f 110 49 109
f 110 109 172
f 110 9 212
f 110 49 53
f 110 109 170
f 110 56 53
f 110 168 109
f 110 168 109
f 110 109 167
f 110 109 165
f 110 109 163
f 110 67 109
f 110 109 162
f 110 69 109
f 110 109 162
f 110 70 69
f 110 109 160
f 110 158 160
f 110 109 160
f 110 109 158
f 110 157 109
f 110 76 80
f 110 157 116
f 110 157 109
f 110 116 90
f 110 109 90
f 110 109 116
f 110 80 109
f 110 155 116
f 110 109 155
f 110 154 155
f 110 109 154
f 110 154 153
f 110 109 153
f 110 109 154
f 202 276 92
f 202 93 276
f 202 93 94
f 202 94 199
f 202 199 96
f 202 199 96
f 202 141 140
f 202 199 98
f 202 140 139
f 202 99 199
f 202 138 139
f 202 99 199
f 202 146 151
f 202 138 199
f 202 136 199
f 202 136 199
f 202 105 199
f 202 199 133
f 202 105 199
f 202 131 199
f 202 107 199
f 202 130 131
f 202 130 129
f 202 110 109
f 202 127 126
f 202 113 199
f 202 113 114
f 202 124 121
f 202 115 114
f 202 121 115
f 456 453 366
f 456 368 373
f 456 453 368
f 456 453 368
f 456 453 373
f 456 461 373
f 456 329 366
f 456 327 329
f 456 453 414
f 456 461 414
f 456 341 366
f 456 327 366
f 456 327 329
f 456 329 334
f 456 453 414
f 456 461 414
f 456 340 341
f 456 340 453
f 456 341 344
f 456 453 341
f 456 366 218
f 456 327 218
f 456 329 218
f 456 218 334
f 456 453 415
f 456 461 415
f 456 340 334
f 456 340 453
f 456 344 366
f 456 453 366
f 456 453 344
f 456 217 218
f 456 337 334
f 456 337 334
f 456 217 214
f 456 453 417
f 456 461 417
f 456 334 338
f 456 453 338
f 456 214 334
f 456 453 417
f 456 461 417
f 456 214 581
f 456 461 418
f 456 214 652
f 456 214 652
f 456 647 336
f 456 645 581
f 456 581 652
f 456 580 643
f 456 418 441
f 456 453 418
f 456 461 441
f 456 651 652
f 456 647 581
f 456 647 648
f 456 645 581
f 456 651 581
f 456 643 581
f 456 461 447
f 456 651 336
f 456 647 581
f 456 649 648
f 456 651 581
f 456 580 643
f 456 579 580
f 456 579 641
f 456 579 641
f 456 450 447
f 456 450 453
f 456 450 461
f 456 450 461
f 456 649 336
f 456 649 581
f 456 649 581
f 456 566 579
f 456 638 637
f 456 638 640
f 469 374 580
f 469 465 580
f 469 465 374
f 469 375 374
f 469 471 579
f 469 465 579
f 469 465 375
f 469 376 375
f 469 376 471
f 469 471 579
f 469 465 376
f 469 471 566
f 469 376 377
f 469 465 376
f 469 471 566
f 469 377 471
f 469 465 377
f 469 471 564
f 469 471 386
f 469 465 386
f 469 471 560
f 469 471 402
f 469 465 402
f 469 471 557
f 469 471 402
f 469 465 402
f 469 471 557
f 469 471 406
f 469 465 406
f 469 471 411
f 469 465 411
f 469 471 553
f 469 471 411
f 469 465 411
f 469 471 553
f 469 471 439
f 469 471 470
f 469 471 414
f 469 465 414
f 469 471 549
f 469 470 439
f 469 436 418
f 469 471 418
f 469 471 436
f 469 471 417
f 469 465 417
f 469 471 414
f 469 465 414
f 469 548 471
f 469 471 417
f 469 465 417
f 469 471 415
f 469 465 415
f 469 548 546
f 469 540 471
f 469 538 540
f 469 538 470
f 469 535 470
f 464 465 463
f 464 449 447
f 464 463 449
f 464 529 528
f 464 538 463
f 464 538 465
f 464 538 463
f 464 538 465
f 464 540 463
f 464 465 540
f 464 542 463
f 464 542 465
f 464 548 546
f 464 548 465
f 464 548 465
f 451 450 449
f 451 340 450
f 451 464 449
f 451 454 517
f 451 454 514
f 451 514 511
f 451 506 448
f 451 506 504
f 451 454 514
f 451 511 448
f 451 500 504
f 451 454 511
f 451 472 478
f 451 472 470
f 451 472 470
f 451 481 478
f 451 500 498
f 451 481 483
f 451 496 498
f 451 496 494
f 451 483 485
f 451 490 485
f 451 490 483
f 451 490 492
f 451 494 492
f 452 450 453
f 452 340 453
f 452 340 450
f 452 451 340
f 452 340 453
f 452 451 340
f 452 453 338
f 452 451 338
f 452 451 338
f 452 454 641
f 452 337 338
f 452 453 337
f 452 453 337
f 452 453 27
f 452 454 642
f 452 453 454
f 452 642 27
f 101 177 176
f 101 177 102
f 101 176 100
f 101 102 176
f 101 177 178
f 101 177 102
f 101 174 100
f 101 102 174
f 101 179 178
f 101 179 102
f 101 174 173
f 101 179 181
f 101 179 102
f 101 172 173
f 101 172 174
f 101 102 172
f 101 181 182
f 101 102 181
f 101 172 171
f 101 102 172
f 101 183 182
f 101 183 102
f 101 170 171
f 101 102 170
f 101 183 185
f 101 183 185
f 101 170 100
f 101 102 170
f 101 186 185
f 101 186 185
f 101 168 100
f 101 168 102
f 101 186 187
f 101 186 102
f 101 168 167
f 101 168 102
f 101 188 187
f 101 188 102
f 101 167 166
f 101 102 167
f 101 188 190
f 101 188 102
f 101 165 166
f 101 102 165
f 101 191 190
f 101 191 102
f 101 165 164
f 101 102 165
f 101 191 192
f 101 191 102
f 101 162 164
f 101 102 162
f 101 193 192
f 101 193 102
f 101 162 161
f 101 102 162
f 101 193 194
f 101 193 194
f 101 160 161
f 101 102 160
f 101 197 194
f 101 197 194
f 101 160 100
f 101 102 160
f 101 100 156
f 101 202 199
f 101 202 102
f 101 157 156
f 101 157 102
f 101 157 102
f 101 155 100
f 101 102 155
f 101 154 155
f 101 102 154
f 101 204 207
f 101 204 102
f 101 154 153
f 101 102 154
f 101 208 207
f 101 102 208
f 101 153 149
f 101 102 153
f 101 208 209
f 101 102 208
f 101 148 149
f 101 102 148
f 101 212 209
f 101 102 212
f 101 148 147
f 101 102 148
f 101 212 581
f 101 102 212
f 101 142 147
f 101 102 142
f 101 676 581
f 101 102 676
f 101 102 142
f 101 116 134
f 101 102 116
f 101 102 116
f 101 71 68
f 101 71 102
f 101 71 75
f 101 71 102
f 101 78 75
f 101 78 102
f 101 78 79
f 101 80 79
f 101 78 80
f 101 78 80
f 101 80 100
f 101 80 102
f 101 100 90
f 101 102 90
f 101 100 91
f 101 102 91
f 101 100 91
f 101 102 91
f 101 93 100
f 101 102 93
f 101 93 94
f 101 102 93
f 101 94 95
f 101 102 94
f 101 96 95
f 101 102 96
f 101 96 97
f 101 102 96
f 101 98 97
f 101 102 98
f 101 99 98
f 101 102 99
f 101 102 99
f 103 177 176
f 103 177 102
f 103 176 104
f 103 102 176
f 103 177 104
f 103 177 102
f 103 104 174
f 103 102 174
f 103 179 104
f 103 179 102
f 103 172 104
f 103 102 172
f 103 179 104
f 103 179 102
f 103 172 104
f 103 102 172
f 103 104 181
f 103 102 181
f 103 104 170
f 103 102 170
f 103 183 104
f 103 183 102
f 103 102 170
f 103 183 185
f 103 183 185
f 103 168 170
f 103 168 104
f 103 168 102
f 103 186 185
f 103 186 185
f 103 168 104
f 103 168 102
f 103 186 104
f 103 186 102
f 103 104 167
f 103 102 167
f 103 188 104
f 103 188 102
f 103 104 165
f 103 102 165
f 103 188 102
f 103 104 165
f 103 102 165
f 103 191 102
f 103 191 188
f 103 191 188
f 103 163 104
f 103 102 163
f 103 191 104
f 103 191 102
f 103 162 163
f 103 102 162
f 103 193 104
f 103 193 102
f 103 162 104
f 103 102 162
f 103 193 194
f 103 193 194
f 103 104 160
f 103 102 160
f 103 197 194
f 103 197 194
f 103 104 160
f 103 102 160
f 103 157 104
f 103 157 102
f 103 202 199
f 103 202 102
f 103 157 104
f 103 157 102
f 103 104 155
f 103 102 155
f 103 204 207
f 103 204 102
f 103 154 104
f 103 102 154
f 103 208 207
f 103 102 208
f 103 154 104
f 103 102 154
f 103 208 104
f 103 102 208
f 103 104 153
f 103 102 153
f 103 212 104
f 103 102 212
f 103 104 148
f 103 102 148
f 103 104 148
f 103 102 148
f 103 104 142
f 103 102 142
f 103 56 53
f 103 104 142
f 103 102 142
f 103 104 116
f 103 102 116
f 103 102 116
f 103 99 116
f 103 99 104
f 103 102 99
f 103 71 104
f 103 71 102
f 103 99 104
f 103 102 99
f 103 71 102
f 103 104 98
f 103 102 98
f 103 76 75
f 103 74 75
f 103 74 71
f 103 74 71
f 103 104 96
f 103 102 96
f 103 76 77
f 103 77 102
f 103 76 77
f 103 104 96
f 103 102 96
f 103 80 77
f 103 94 104
f 103 102 94
f 103 80 104
f 103 80 102
f 103 78 77
f 103 78 80
f 103 78 80
f 103 93 94
f 103 102 93
f 103 104 90
f 103 102 90
f 103 93 104
f 103 102 93
f 103 104 91
f 103 102 91
f 103 104 91
f 103 102 91
f 206 258 207
f 206 258 204
f 206 207 256
f 206 204 256
f 206 204 207
f 206 258 207
f 206 258 204
f 206 248 207
f 206 204 248
f 206 248 207
f 206 204 248
f 206 207 163
f 206 168 207
f 206 157 207
f 206 157 152
f 206 157 152
f 206 152 207
f 206 207 151
f 206 168 210
f 206 168 207
f 206 207 146
f 206 210 172
f 206 179 210
f 206 207 146
f 206 207 145
f 206 141 145
f 206 141 207
f 206 141 140
f 206 141 204
f 206 140 207
f 206 204 140
f 206 138 207
f 206 204 138
f 206 138 207
f 206 204 138
f 206 136 207
f 206 204 136
f 206 136 207
f 206 204 136
f 206 207 133
f 206 204 133
f 206 131 207
f 206 204 131
f 206 130 131
f 206 130 204
f 206 204 207
f 206 130 207
f 206 130 204
f 292 290 291
f 292 290 271
f 292 290 293
f 292 290 291
f 292 290 293
f 292 291 273
f 292 294 291
f 292 294 291
f 292 294 293
f 292 271 273
f 292 291 382
f 292 293 382
f 292 294 271
f 292 294 293
f 292 291 382
f 292 293 382
f 541 540 543
f 541 542 543
f 541 540 571
f 541 542 571
f 541 540 539
f 541 469 471
f 541 469 540
f 541 542 465
f 541 539 571
f 541 542 571
f 541 473 471
f 541 473 540
f 541 464 465
f 541 464 542
f 541 632 539
f 541 542 632
f 541 475 473
f 541 475 473
f 541 464 540
f 541 464 542
f 541 632 539
f 541 542 632
f 541 539 633
f 541 542 633
f 541 477 540
f 541 477 475
f 541 477 475
f 547 546 571
f 547 548 546
f 547 549 571
f 547 548 549
f 547 549 571
f 547 629 571
f 547 549 629
f 547 545 629
f 547 545 546
f 547 549 629
f 547 548 549
f 547 545 629
f 547 548 630
f 547 545 630
f 547 548 632
f 547 545 632
f 547 545 546
f 547 546 632
f 547 548 632
f 547 546 633
f 547 548 633
f 547 548 546
f 544 546 543
f 544 545 546
f 544 543 571
f 544 545 571
f 544 542 543
f 544 464 465
f 544 464 465
f 544 542 571
f 544 545 571
f 544 469 471
f 544 469 546
f 544 464 463
f 544 545 546
f 544 464 546
f 544 542 632
f 544 545 632
f 544 542 633
f 544 545 633
f 544 542 632
f 544 545 632
f 544 473 471
f 544 473 546
f 544 475 546
f 544 475 473
f 544 475 473
f 670 623 672
f 670 622 623
f 670 622 623
f 670 622 620
f 670 671 620
f 670 622 620
f 670 620 668
f 670 620 618
f 670 671 620
f 670 615 618
f 670 671 615
f 670 671 615
f 8 75 68
f 8 96 68
f 8 75 79
f 8 71 75
f 8 96 89
f 8 96 68
f 8 56 53
f 8 665 663
f 8 9 663
f 8 667 664
f 8 53 55
f 8 9 53
f 8 665 663
f 8 667 664
f 8 103 53
f 8 671 212
f 8 663 664
f 8 9 663
f 8 213 664
f 8 53 105
f 8 103 212
f 8 212 213
f 8 9 212
f 8 213 664
f 8 9 213
f 8 212 105
f 8 49 53
f 8 49 9
f 8 212 105
f 8 49 105
f 8 107 212
f 8 49 45
f 8 49 9
f 8 107 45
f 8 110 212
f 8 110 9
f 8 110 109
f 8 110 9
f 81 709 708
f 81 80 709
f 81 708 82
f 81 80 708
f 81 709 710
f 81 80 709
f 81 706 82
f 81 80 706
f 81 80 710
f 81 80 705
f 81 711 82
f 81 711 710
f 81 711 710
f 81 80 99
f 81 706 82
f 81 705 706
f 81 82 98
f 81 99 98
f 81 82 98
f 81 99 98
f 81 99 100
f 81 80 100
f 81 80 99
f 73 71 719
f 73 74 719
f 73 74 71
f 73 74 719
f 73 74 717
f 73 74 717
f 73 74 715
f 73 74 715
f 73 74 713
f 73 74 713
f 73 76 712
f 73 76 74
f 73 110 76
f 73 107 71
f 73 107 74
f 73 71 105
f 73 74 105
f 73 74 71
f 135 76 80
f 135 76 80
f 135 80 134
f 135 80 136
f 135 134 90
f 135 136 90
f 135 134 37
f 135 136 37
f 135 134 91
f 135 136 91
f 135 39 134
f 135 136 39
f 135 134 91
f 135 136 91
f 135 39 40
f 135 136 39
f 135 93 134
f 135 136 93
f 135 93 94
f 135 136 93
f 135 40 134
f 135 133 134
f 135 152 133
f 135 136 152
f 135 94 95
f 135 136 94
f 135 141 152
f 135 141 136
f 135 214 40
f 135 136 214
f 135 133 214
f 135 96 95
f 135 136 96
f 135 141 142
f 135 141 136
f 135 213 133
f 135 136 213
f 135 136 213
f 135 96 97
f 135 136 96
f 135 98 97
f 135 99 134
f 135 99 142
f 135 99 98
f 135 99 98
f 135 98 142
f 135 136 142
f 135 101 134
f 135 101 142
f 135 101 142
f 48 130 129
f 48 130 47
f 48 47 50
f 48 130 50
f 48 130 47
f 48 47 50
f 48 49 50
f 48 9 47
f 48 49 9
f 48 127 126
f 48 127 49
f 48 9 47
f 48 49 9
f 48 124 49
f 48 124 45
f 48 124 47
f 48 121 45
f 48 121 49
f 48 121 49
f 608 609 607
f 608 685 607
f 608 685 609
f 608 685 607
f 608 685 609
f 608 607 683
f 608 609 683
f 608 682 609
f 608 606 607
f 608 682 606
f 608 682 609
f 608 682 606
f 608 606 679
f 608 679 681
f 608 609 681
f 608 609 679
f 608 609 678
f 608 606 676
f 608 676 678
f 608 609 676
f 608 606 673
f 608 568 606
f 608 606 579
f 608 611 673
f 608 611 609
f 608 671 606
f 608 568 566
f 608 606 607
f 608 568 606
f 608 671 611
f 608 671 606
f 608 611 566
f 608 611 609
f 608 568 566
f 608 607 569
f 608 609 569
f 608 579 567
f 608 611 567
f 608 606 579
f 608 671 611
f 608 606 664
f 608 566 569
f 608 609 569
f 608 609 566
f 608 607 570
f 608 609 570
f 608 609 607
f 608 579 613
f 608 606 664
f 608 611 664
f 608 606 659
f 608 611 664
f 608 615 613
f 608 613 659
f 608 611 613
f 608 606 652
f 608 584 615
f 608 606 649
f 608 606 649
f 608 613 652
f 608 606 651
f 608 606 601
f 608 584 601
f 608 615 648
f 608 615 640
f 608 615 649
f 608 615 649
f 608 606 651
f 608 613 651
f 608 584 601
f 608 647 648
f 608 606 647
f 608 601 640
f 608 615 651
f 608 615 613
f 608 622 601
f 608 622 601
f 608 584 622
f 608 584 622
f 608 647 640
f 608 601 631
f 608 601 640
f 608 622 631
f 608 622 615
f 608 601 647
f 608 606 601
f 62 113 112
f 62 63 728
f 62 113 114
f 62 63 114
f 62 63 115
f 62 63 115
f 62 63 117
f 58 59 115
f 58 56 115
f 58 56 59
f 58 59 117
f 58 56 117
f 58 59 118
f 58 56 118
f 58 59 118
f 58 56 118
f 58 59 120
f 58 59 122
f 243 319 321
f 243 309 246
f 243 307 309
f 243 307 246
f 243 246 303
f 243 246 303
f 243 299 246
f 243 299 246
f 243 293 246
f 243 199 246
f 243 206 204
f 243 206 207
f 243 208 207
f 235 232 319
f 235 232 317
f 235 232 319
f 235 232 313
f 235 239 313
f 235 232 313
f 235 239 313
f 235 232 309
f 235 239 309
f 235 232 307
f 235 239 307
f 235 327 326
f 235 232 307
f 235 239 307
f 235 232 303
f 235 239 303
f 235 232 303
f 235 239 303
f 235 232 299
f 235 239 299
f 235 232 299
f 235 239 299
f 235 232 293
f 235 239 293
f 235 290 232
f 235 239 290
f 235 290 232
f 235 239 232
f 235 239 290
f 235 206 232
f 235 206 239
f 235 232 208
f 235 239 208
f 235 232 208
f 235 239 208
f 235 232 212
f 235 239 212
f 235 232 212
f 235 239 212
f 235 232 213
f 235 239 213
f 235 232 218
f 235 239 218
f 235 239 232
f 221 317 218
f 221 313 218
f 221 225 313
f 221 319 317
f 221 313 218
f 221 225 313
f 221 319 218
f 221 309 218
f 221 225 309
f 221 218 321
f 221 307 309
f 221 225 307
f 221 218 325
f 221 307 218
f 221 225 307
f 221 327 218
f 221 218 303
f 221 225 303
f 221 327 329
f 221 218 303
f 221 225 303
f 221 329 218
f 221 299 218
f 221 225 299
f 221 299 218
f 221 225 299
f 221 293 218
f 221 225 293
f 221 290 293
f 221 225 290
f 221 290 218
f 221 225 290
f 221 282 218
f 221 225 282
f 221 282 218
f 221 225 282
f 221 218 274
f 221 225 274
f 221 239 218
f 221 225 239
f 221 215 218
f 221 225 218
f 221 215 213
f 221 225 213
f 221 215 212
f 229 232 317
f 229 232 313
f 229 225 313
f 229 232 319
f 229 232 313
f 229 225 313
f 229 232 319
f 229 232 309
f 229 225 309
f 229 232 321
f 229 232 307
f 229 225 307
f 229 232 307
f 229 225 307
f 229 232 303
f 229 225 303
f 229 232 303
f 229 225 303
f 229 232 299
f 229 225 299
f 229 232 299
f 229 225 299
f 229 232 293
f 229 225 293
f 229 290 232
f 229 225 290
f 229 290 232
f 229 225 290
f 229 232 282
f 229 225 282
f 229 239 232
f 229 239 282
f 229 225 282
f 229 225 239
f 229 239 232
f 229 232 218
f 229 225 218
f 229 221 239
f 229 221 225
f 229 221 225
f 229 232 213
f 229 225 213
f 229 232 212
f 229 225 212
f 229 211 232
f 229 211 225
f 229 211 210
f 229 211 232
f 229 208 210
f 229 232 208
f 229 232 208
f 125 157 126
f 125 124 157
f 125 124 158
f 125 157 126
f 125 124 157
f 125 162 158
f 125 126 162
f 125 124 162
f 125 124 155
f 125 126 162
f 125 124 162
f 125 152 155
f 125 126 152
f 125 124 152
f 125 126 163
f 125 124 163
f 125 126 152
f 125 124 152
f 125 126 167
f 125 124 167
f 125 126 151
f 125 124 151
f 125 168 126
f 125 168 124
f 125 126 150
f 125 124 150
f 125 168 126
f 125 168 124
f 125 126 148
f 125 124 148
f 125 126 172
f 125 124 172
f 125 124 148
f 125 126 172
f 125 124 172
f 125 148 147
f 125 126 148
f 125 124 147
f 125 126 176
f 125 124 176
f 125 177 126
f 125 124 177
f 125 96 97
f 125 126 96
f 125 98 97
f 125 124 98
f 125 124 98
f 125 124 96
f 125 177 126
f 125 124 177
f 125 126 96
f 125 124 96
f 125 179 126
f 125 124 179
f 125 126 94
f 125 124 94
f 125 179 126
f 125 124 179
f 125 126 93
f 125 124 93
f 125 126 183
f 125 124 183
f 125 126 93
f 125 124 93
f 125 186 126
f 125 124 186
f 125 126 91
f 125 124 91
f 125 186 126
f 125 124 186
f 125 126 91
f 125 124 91
f 125 126 188
f 125 124 188
f 125 126 90
f 125 124 90
f 125 191 126
f 125 124 191
f 125 80 126
f 125 124 80
f 125 191 126
f 125 124 191
f 125 76 80
f 125 124 76
f 125 193 126
f 125 193 124
f 125 193 194
f 125 193 124
f 125 197 194
f 125 197 124
f 125 126 69
f 125 124 69
f 125 63 126
f 125 124 63
f 125 202 126
f 125 202 124
f 125 204 126
f 125 124 204
f 125 124 55
f 125 126 208
f 125 124 208
f 125 52 126
f 125 124 52
f 125 126 208
f 125 124 208
f 125 52 126
f 125 124 52
f 125 211 126
f 125 124 211
f 125 126 51
f 125 124 51
f 125 211 126
f 125 124 211
f 125 49 126
f 125 124 49
f 125 126 212
f 125 124 212
f 125 48 49
f 125 48 124
f 125 126 42
f 125 124 42
f 125 48 126
f 125 48 124
f 125 126 44
f 125 124 44
f 125 126 47
f 125 124 47
f 125 126 44
f 125 124 44
f 128 157 129
f 128 127 157
f 128 129 162
f 128 127 162
f 128 157 129
f 128 127 157
f 128 129 162
f 128 127 162
f 128 152 129
f 128 127 152
f 128 129 163
f 128 127 152
f 128 163 167
f 128 127 167
f 128 127 163
f 128 168 129
f 128 168 127
f 128 152 151
f 128 152 129
f 128 127 151
f 128 168 129
f 128 168 127
f 128 129 172
f 128 127 172
f 128 80 134
f 128 80 129
f 128 134 90
f 128 127 90
f 128 127 134
f 128 127 80
f 128 129 172
f 128 127 172
f 128 76 80
f 128 127 76
f 128 129 176
f 128 127 176
f 128 177 129
f 128 127 177
f 128 177 129
f 128 127 177
f 128 69 129
f 128 127 69
f 128 179 129
f 128 127 179
f 128 63 129
f 128 127 63
f 128 179 129
f 128 127 179
f 128 63 129
f 128 183 129
f 128 127 183
f 128 129 37
f 128 186 183
f 128 127 186
f 128 129 54
f 128 186 129
f 128 127 186
f 128 51 129
f 128 188 129
f 128 127 188
f 128 52 51
f 128 127 52
f 128 127 52
f 128 51 129
f 128 127 51
f 128 191 188
f 128 127 191
f 128 48 129
f 128 191 129
f 128 127 191
f 128 127 49
f 128 48 49
f 128 48 127
f 128 48 47
f 128 48 127
f 128 193 129
f 128 193 127
f 128 47 129
f 128 127 47
f 128 193 194
f 128 193 127
f 128 129 45
f 128 127 45
f 128 197 194
f 128 197 127
f 128 44 129
f 128 127 44
f 128 44 129
f 128 127 44
f 128 202 129
f 128 202 127
f 128 129 42
f 128 127 42
f 128 212 129
f 128 127 212
f 128 204 207
f 128 127 204
f 128 211 212
f 128 127 211
f 128 208 207
f 128 127 208
f 128 211 129
f 128 127 211
f 128 208 129
f 128 127 208
f 198 199 265
f 198 197 265
f 198 271 199
f 198 197 271
f 198 199 265
f 198 197 265
f 198 271 199
f 198 197 271
f 198 199 262
f 198 197 262
f 198 93 199
f 198 197 93
f 198 258 199
f 198 197 258
f 198 93 94
f 198 197 93
f 198 258 256
f 198 197 258
f 198 94 199
f 198 197 94
f 198 256 199
f 198 197 256
f 198 199 96
f 198 197 96
f 198 199 250
f 198 199 96
f 198 197 96
f 198 253 250
f 198 197 253
f 198 197 253
f 198 248 199
f 198 197 248
f 198 199 98
f 198 197 98
f 198 248 199
f 198 197 248
f 198 99 199
f 198 197 99
f 198 243 199
f 198 99 199
f 198 197 99
f 198 101 199
f 198 101 197
f 198 101 102
f 198 101 197
f 198 152 199
f 198 197 152
f 198 103 102
f 198 103 197
f 198 152 151
f 198 197 152
f 198 103 199
f 198 103 197
f 198 146 151
f 198 197 146
f 198 105 199
f 198 197 105
f 198 146 199
f 198 197 146
f 198 105 199
f 198 197 105
f 198 141 199
f 198 197 141
f 198 107 199
f 198 107 197
f 198 141 140
f 198 197 141
f 198 140 139
f 198 197 140
f 198 110 109
f 198 110 197
f 198 138 139
f 198 197 138
f 198 138 199
f 198 197 138
f 198 113 199
f 198 197 113
f 198 136 199
f 198 197 136
f 198 113 114
f 198 197 113
f 198 136 199
f 198 197 136
f 198 115 114
f 198 197 115
f 198 199 133
f 198 197 133
f 198 121 115
f 198 197 121
f 198 131 199
f 198 197 131
f 198 124 121
f 198 197 124
f 198 130 131
f 198 197 130
f 198 125 124
f 198 125 197
f 198 130 129
f 198 197 130
f 198 125 126
f 198 125 197
f 198 128 129
f 198 128 197
f 198 127 126
f 198 197 127
f 198 128 127
f 198 128 197
f 196 194 265
f 196 197 265
f 196 194 271
f 196 197 271
f 196 197 265
f 196 194 271
f 196 197 271
f 196 197 262
f 196 194 93
f 196 197 93
f 196 197 258
f 196 194 93
f 196 197 93
f 196 197 258
f 196 194 94
f 196 197 94
f 196 197 256
f 196 194 96
f 196 197 96
f 196 197 253
f 196 194 96
f 196 197 96
f 196 197 194
f 196 197 253
f 196 197 248
f 196 197 248
f 196 197 194
f 196 152 158
f 196 197 152
f 108 191 188
f 108 107 191
f 108 188 109
f 108 107 188
f 108 191 109
f 108 107 191
f 108 186 109
f 108 107 186
f 108 193 109
f 108 107 193
f 108 186 183
f 108 193 194
f 108 107 193
f 108 183 109
f 108 107 183
f 108 186 183
f 108 107 183
f 108 107 186
f 108 197 194
f 108 107 197
f 108 109 181
f 108 107 181
f 108 198 197
f 108 198 107
f 108 179 109
f 108 107 179
f 108 198 109
f 108 198 107
f 108 179 109
f 108 107 179
f 108 202 109
f 108 202 107
f 108 177 109
f 108 107 177
f 108 177 109
f 108 107 177
f 108 204 207
f 108 107 204
f 108 109 176
f 108 107 176
f 108 208 207
f 108 107 208
f 108 109 174
f 108 107 174
f 108 208 109
f 108 107 208
f 108 109 172
f 108 107 172
f 108 212 109
f 108 107 212
f 108 109 172
f 108 107 172
f 108 8 212
f 108 8 107
f 108 109 170
f 108 107 170
f 108 8 109
f 108 8 107
f 108 168 109
f 108 107 168
f 108 49 109
f 108 107 49
f 108 168 109
f 108 107 168
f 108 49 53
f 108 107 49
f 108 109 167
f 108 107 167
f 108 56 53
f 108 107 56
f 108 109 165
f 108 107 165
f 108 109 163
f 108 107 163
f 108 109 162
f 108 107 162
f 108 109 162
f 108 107 162
f 108 109 160
f 108 107 160
f 108 109 160
f 108 107 160
f 108 70 109
f 108 107 70
f 108 109 158
f 108 107 158
f 108 70 71
f 108 107 70
f 108 157 109
f 108 107 157
f 108 157 109
f 108 107 157
f 108 73 76
f 108 109 155
f 108 107 155
f 108 76 80
f 108 107 76
f 108 107 76
f 108 73 76
f 108 73 107
f 108 109 154
f 108 107 154
f 108 80 109
f 108 107 80
f 108 109 154
f 108 107 154
f 108 109 90
f 108 107 90
f 108 109 150
f 108 107 150
f 108 107 91
f 108 109 150
f 108 107 150
f 108 116 91
f 108 109 116
f 108 107 148
f 108 116 91
f 108 107 91
f 108 107 116
f 108 107 147
f 108 148 116
f 108 109 116
f 108 107 148
f 108 148 147
f 111 186 112
f 111 110 186
f 111 188 112
f 111 110 188
f 111 186 183
f 111 110 186
f 111 191 188
f 111 110 191
f 111 183 112
f 111 110 183
f 111 191 112
f 111 110 191
f 111 179 112
f 111 110 179
f 111 193 112
f 111 110 193
f 111 179 112
f 111 110 179
f 111 193 194
f 111 110 193
f 111 177 112
f 111 110 177
f 111 197 194
f 111 110 197
f 111 177 176
f 111 110 177
f 111 198 197
f 111 198 110
f 111 176 112
f 111 110 176
f 111 198 199
f 111 198 110
f 111 112 174
f 111 110 174
f 111 202 199
f 111 202 110
f 111 172 112
f 111 110 172
f 111 172 112
f 111 110 172
f 111 204 207
f 111 110 204
f 111 112 170
f 111 110 170
f 111 208 207
f 111 110 208
f 111 168 112
f 111 110 168
f 111 208 112
f 111 110 208
f 111 168 112
f 111 110 168
f 111 45 112
f 111 110 45
f 111 112 167
f 111 110 167
f 111 49 45
f 111 110 49
f 111 112 165
f 111 110 165
f 111 49 53
f 111 110 49
f 111 112 163
f 111 110 163
f 111 56 53
f 111 110 56
f 111 162 112
f 111 110 162
f 111 162 112
f 111 110 162
f 111 110 160
f 111 160 161
f 111 112 161
f 111 110 158
f 111 158 160
f 111 157 158
f 111 110 157
f 111 110 157
f 111 110 116
f 111 67 112
f 111 110 67
f 111 80 116
f 111 80 112
f 111 110 80
f 111 69 112
f 111 110 69
f 111 76 80
f 111 110 76
f 111 70 69
f 111 110 70
f 111 73 76
f 111 73 110
f 203 204 276
f 203 202 276
f 203 204 92
f 203 202 92
f 203 204 276
f 203 202 276
f 203 204 93
f 203 202 93
f 203 204 271
f 203 202 271
f 203 204 93
f 203 202 93
f 203 204 271
f 203 202 271
f 203 204 94
f 203 202 94
f 203 204 262
f 203 202 262
f 203 204 96
f 203 202 96
f 203 204 262
f 203 202 262
f 203 204 96
f 203 202 96
f 203 258 204
f 203 202 258
f 203 204 98
f 203 202 98
f 203 258 204
f 203 202 258
f 203 204 99
f 203 202 99
f 203 204 256
f 203 202 256
f 203 204 99
f 203 202 99
f 203 204 250
f 203 202 250
f 203 101 204
f 203 101 202
f 203 204 248
f 203 202 248
f 203 101 204
f 203 101 202
f 203 204 248
f 203 202 248
f 203 103 204
f 203 103 202
f 203 243 204
f 203 243 202
f 203 103 204
f 203 103 202
f 203 204 105
f 203 202 105
f 203 204 105
f 203 202 105
f 203 107 204
f 203 202 107
f 203 108 107
f 203 108 202
f 203 108 204
f 203 108 202
f 203 110 204
f 203 202 110
f 203 202 152
f 203 111 110
f 203 111 202
f 203 204 151
f 203 202 151
f 203 111 204
f 203 111 202
f 203 204 146
f 203 202 146
f 203 204 113
f 203 202 113
f 203 204 146
f 203 202 146
f 203 204 113
f 203 202 113
f 203 141 204
f 203 202 141
f 203 204 115
f 203 202 115
f 203 141 204
f 203 202 141
f 203 121 204
f 203 202 121
f 203 204 140
f 203 202 140
f 203 124 121
f 203 202 124
f 203 204 138
f 203 202 138
f 203 125 124
f 203 125 202
f 203 204 138
f 203 202 138
f 203 125 204
f 203 125 202
f 203 204 136
f 203 202 136
f 203 127 204
f 203 202 127
f 203 204 136
f 203 202 136
f 203 128 127
f 203 128 202
f 203 204 133
f 203 202 133
f 203 128 204
f 203 128 202
f 203 204 131
f 203 202 131
f 203 130 204
f 203 202 130
f 203 130 204
f 203 202 130
f 201 93 199
f 201 202 93
f 201 202 93
f 201 199 276
f 201 202 276
f 201 271 199
f 201 202 271
f 201 271 199
f 201 202 271
f 201 199 262
f 201 202 262
f 201 199 262
f 201 202 262
f 201 258 199
f 201 202 258
f 201 258 256
f 201 146 199
f 201 202 258
f 201 199 254
f 201 256 199
f 201 146 151
f 201 202 146
f 201 146 199
f 201 202 146
f 201 202 256
f 201 152 151
f 201 202 152
f 201 141 199
f 201 202 141
f 201 202 141
f 201 250 254
f 201 202 250
f 201 152 158
f 201 202 152
f 201 248 250
f 201 202 248
f 201 248 246
f 201 202 248
f 201 243 246
f 201 243 202
f 459 461 366
f 459 456 366
f 459 461 373
f 459 456 373
f 459 456 461
f 459 461 366
f 459 456 366
f 459 461 217
f 459 456 217
f 459 461 217
f 459 456 217
f 459 461 214
f 459 456 214
f 459 461 580
f 459 456 580
f 459 461 579
f 459 456 579
f 459 566 579
f 459 461 579
f 459 461 566
f 459 461 566
f 459 461 564
f 459 564 562
f 459 461 560
f 459 560 562
f 459 461 558
f 459 558 560
f 459 461 558
f 459 558 557
f 459 461 557
f 459 549 635
f 459 557 556
f 459 550 549
f 459 553 552
f 459 554 553
f 459 555 556
f 459 554 555
f 459 550 551
f 459 552 551
f 459 554 555
f 459 456 461
f 466 465 579
f 466 469 579
f 466 469 465
f 466 465 566
f 466 469 566
f 466 465 566
f 466 469 566
f 466 465 564
f 466 469 564
f 466 465 560
f 466 469 560
f 466 465 557
f 466 469 557
f 466 465 557
f 466 469 557
f 466 469 553
f 466 554 553
f 466 465 554
f 466 465 554
f 466 465 553
f 466 465 549
f 466 548 465
f 466 548 465
f 466 544 465
f 466 544 465
f 466 541 465
f 466 541 465
f 466 465 540
f 466 538 465
f 466 538 465
f 466 464 536
f 466 464 465
f 466 464 536
f 466 464 534
f 466 464 534
f 466 464 533
f 466 464 531
f 466 464 531
f 466 465 446
f 466 464 465
f 466 464 447
f 466 446 444
f 466 465 446
f 466 465 441
f 466 465 439
f 466 465 439
f 466 469 439
f 466 465 436
f 466 469 436
f 466 469 465
f 462 450 463
f 462 464 463
f 462 450 461
f 462 451 450
f 462 451 464
f 462 464 531
f 462 464 528
f 462 464 531
f 462 464 526
f 462 464 533
f 462 464 526
f 462 534 533
f 462 464 534
f 462 464 523
f 462 464 534
f 462 534 536
f 462 464 523
f 462 464 514
f 462 464 536
f 462 464 517
f 462 464 514
f 462 464 536
f 462 464 463
f 462 538 463
f 462 538 463
f 462 540 463
f 462 461 540
f 462 541 540
f 462 541 461
f 462 541 542
f 462 541 542
f 462 542 463
f 462 542 461
f 462 544 463
f 462 544 461
f 462 544 545
f 462 544 545
f 462 545 546
f 462 545 461
f 462 547 546
f 462 547 461
f 462 547 548
f 462 547 548
f 462 548 463
f 462 548 461
f 462 463 549
f 462 461 549
f 462 461 463
f 5 102 673
f 5 671 102
f 5 55 54
f 72 71 719
f 72 73 719
f 72 73 71
f 72 73 717
f 72 70 717
f 72 70 71
f 72 73 717
f 72 70 717
f 72 73 715
f 72 69 715
f 72 70 69
f 72 73 715
f 72 69 715
f 72 73 713
f 72 111 110
f 72 111 73
f 72 111 70
f 72 111 73
f 72 70 71
f 72 110 70
f 72 73 110
f 72 713 714
f 72 69 714
f 72 713 712
f 72 73 712
f 72 73 713
f 72 108 71
f 72 108 73
f 72 113 69
f 72 70 69
f 72 76 113
f 72 73 76
f 72 69 37
f 72 73 107
f 72 108 107
f 72 108 73
f 72 113 69
f 72 76 113
f 72 76 37
f 72 73 76
f 72 69 134
f 72 69 117
f 72 76 117
f 72 135 134
f 72 69 129
f 72 118 69
f 72 76 118
f 72 76 136
f 72 135 136
f 72 135 76
f 72 135 76
f 72 76 129
f 72 128 69
f 72 118 69
f 72 76 118
f 72 128 76
f 72 128 127
f 72 69 120
f 72 76 120
f 72 128 127
f 72 127 126
f 72 122 69
f 72 76 122
f 72 127 76
f 72 125 126
f 72 122 69
f 72 76 122
f 72 125 76
f 72 125 124
f 72 124 69
f 72 124 76
f 72 125 124
f 65 105 104
f 65 62 105
f 65 103 104
f 65 103 102
f 65 105 106
f 65 62 105
f 65 101 102
f 65 107 106
f 65 62 107
f 65 101 68
f 65 108 107
f 65 8 68
f 65 108 62
f 65 99 68
f 65 728 727
f 65 728 727
f 65 98 68
f 65 108 62
f 65 99 98
f 65 67 109
f 65 108 109
f 65 726 727
f 65 67 726
f 65 62 110
f 65 110 67
f 65 726 727
f 65 111 62
f 65 725 64
f 65 725 726
f 65 111 110
f 65 67 725
f 65 67 725
f 65 62 112
f 65 111 62
f 65 67 112
f 65 111 67
f 65 113 112
f 65 113 112
f 65 113 114
f 65 113 114
f 65 116 64
f 65 114 116
f 65 114 116
f 60 65 103
f 60 8 103
f 60 103 56
f 60 65 101
f 60 65 103
f 60 65 62
f 60 62 105
f 60 8 101
f 60 8 56
f 60 103 56
f 60 8 56
f 60 8 103
f 60 56 105
f 60 65 101
f 60 8 101
f 60 62 105
f 60 56 105
f 60 65 99
f 60 8 99
f 60 62 107
f 60 107 56
f 60 65 99
f 60 8 99
f 60 108 62
f 60 108 107
f 60 65 62
f 60 108 62
f 60 108 56
f 60 8 98
f 60 65 98
f 60 65 8
f 60 62 110
f 60 110 56
f 60 111 62
f 60 111 110
f 60 59 118
f 60 111 62
f 60 111 56
f 60 59 118
f 60 62 113
f 60 56 113
f 60 56 59
f 60 59 117
f 60 59 113
f 60 62 113
f 60 59 115
f 60 62 115
f 60 59 115
f 60 62 115
f 245 319 246
f 245 246 317
f 245 243 317
f 245 319 246
f 245 246 313
f 245 243 313
f 245 246 321
f 245 246 313
f 245 243 313
f 245 243 246
f 245 246 321
f 245 324 322
f 245 247 324
f 245 246 247
f 245 247 324
f 245 328 247
f 245 177 180
f 245 180 181
f 245 184 181
f 245 185 184
f 245 186 185
f 245 186 187
f 245 189 187
f 245 189 246
f 245 189 246
f 245 191 246
f 245 191 246
f 245 193 246
f 245 196 197
f 245 196 243
f 245 198 197
f 245 198 243
f 245 198 243
f 241 239 319
f 241 243 319
f 241 239 317
f 241 243 317
f 241 239 319
f 241 239 313
f 241 243 313
f 241 239 313
f 241 243 313
f 241 321 322
f 241 239 309
f 241 243 309
f 241 239 307
f 241 243 307
f 241 239 307
f 241 243 307
f 241 239 303
f 241 243 303
f 241 239 303
f 241 243 303
f 241 239 299
f 241 243 299
f 241 239 299
f 241 243 299
f 241 239 293
f 241 243 293
f 241 239 290
f 241 290 293
f 241 243 293
f 241 290 246
f 241 239 290
f 241 282 246
f 241 239 282
f 241 239 282
f 241 212 246
f 241 239 212
f 241 208 246
f 241 243 208
f 241 239 208
f 241 212 213
f 241 239 212
f 241 239 208
f 241 243 208
f 241 213 246
f 241 239 246
f 241 239 213
f 241 206 239
f 241 243 206
f 241 206 239
f 241 243 206
f 241 203 239
f 241 203 243
f 241 203 202
f 241 203 243
f 241 201 202
f 241 201 243
f 241 201 239
f 241 201 243
f 241 198 239
f 241 243 199
f 241 198 199
f 241 198 243
f 241 198 243
f 241 196 243
f 237 239 319
f 237 235 319
f 237 239 317
f 237 235 317
f 237 235 239
f 237 239 319
f 237 235 319
f 237 239 321
f 237 235 321
f 237 239 325
f 237 235 325
f 237 198 239
f 237 201 239
f 237 201 235
f 237 201 202
f 237 201 235
f 237 203 202
f 237 203 235
f 237 235 239
f 237 203 239
f 237 203 235
f 234 232 321
f 234 235 321
f 234 235 232
f 234 232 325
f 234 235 325
f 234 232 327
f 234 235 327
f 234 235 328
f 234 235 328
f 234 201 235
f 234 198 235
f 234 198 235
f 234 201 235
f 234 203 235
f 205 206 239
f 205 235 239
f 205 235 206
f 205 203 235
f 205 234 203
f 205 235 206
f 205 234 235
f 205 234 203
f 205 206 152
f 205 203 152
f 205 203 204
f 205 206 152
f 205 204 151
f 205 206 151
f 205 202 152
f 205 203 202
f 205 204 146
f 205 206 146
f 205 206 163
f 205 204 146
f 205 206 146
f 205 201 202
f 205 141 204
f 205 206 141
f 205 206 141
f 205 179 163
f 205 168 179
f 205 206 168
f 205 179 158
f 205 201 158
f 205 168 179
f 205 206 168
f 205 179 183
f 205 215 210
f 205 179 172
f 205 206 172
f 205 206 179
f 205 179 183
f 205 183 200
f 205 186 183
f 205 186 183
f 205 183 210
f 205 179 210
f 205 206 179
f 205 189 200
f 205 186 189
f 205 183 185
f 205 186 185
f 205 183 210
f 205 189 200
f 205 210 189
f 205 186 210
f 205 185 210
f 224 225 317
f 224 221 317
f 224 221 225
f 224 225 319
f 224 221 319
f 224 225 319
f 224 221 319
f 224 225 321
f 224 221 321
f 224 225 325
f 224 221 325
f 224 225 327
f 224 221 327
f 224 225 327
f 224 221 327
f 224 225 329
f 224 225 332
f 224 225 333
f 224 211 225
f 224 211 225
f 224 225 212
f 224 221 212
f 224 221 225
f 219 215 216
f 219 221 215
f 219 216 217
f 219 205 215
f 219 215 189
f 219 191 215
f 219 205 215
f 219 215 184
f 219 215 185
f 219 186 185
f 219 215 185
f 219 177 180
f 219 215 180
f 219 215 180
f 219 177 216
f 219 216 176
f 219 216 174
f 219 216 174
f 219 216 172
f 219 172 171
f 219 216 172
f 219 216 170
f 219 216 170
f 219 168 216
f 219 168 167
f 219 168 216
f 219 216 167
f 219 216 165
f 219 216 163
f 219 163 165
f 219 216 162
f 219 216 217
f 219 216 162
f 219 217 160
f 219 217 158
f 219 158 160
f 219 157 217
f 219 157 217
f 219 217 155
f 219 154 217
f 219 152 154
f 219 152 151
f 219 152 154
f 219 151 217
f 219 217 150
f 219 217 148
f 219 217 148
f 219 146 148
f 219 146 148
f 219 146 145
f 219 145 218
f 219 143 218
f 219 143 334
f 219 143 142
f 219 141 142
f 219 141 143
f 219 141 143
f 219 218 40
f 219 141 40
f 219 141 218
f 222 211 215
f 222 219 221
f 222 211 215
f 222 219 215
f 222 205 206
f 222 219 205
f 222 219 189
f 222 219 191
f 222 219 186
f 222 205 201
f 222 219 205
f 222 219 186
f 222 219 196
f 222 219 185
f 222 219 184
f 222 219 180
f 222 219 177
f 222 219 177
f 222 219 176
f 222 219 174
f 222 219 174
f 222 219 171
f 222 170 171
f 222 219 170
f 222 219 170
f 222 219 167
f 222 219 167
f 222 219 165
f 222 219 165
f 222 219 163
f 222 162 163
f 222 219 162
f 222 219 162
f 222 157 158
f 222 333 148
f 222 333 148
f 222 333 147
f 222 221 333
f 222 146 147
f 222 221 146
f 222 221 146
f 228 225 317
f 228 229 317
f 228 229 225
f 228 225 319
f 228 229 319
f 228 225 319
f 228 229 319
f 228 225 321
f 228 229 321
f 228 225 325
f 228 229 325
f 228 225 327
f 228 229 327
f 228 229 327
f 228 329 330
f 228 229 330
f 228 229 329
f 228 205 229
f 228 229 206
f 228 208 207
f 228 229 208
f 228 229 208
f 228 211 225
f 228 229 211
f 228 229 211
f 231 232 325
f 231 229 325
f 231 229 232
f 231 232 327
f 231 229 327
f 231 232 327
f 231 229 327
f 231 232 329
f 231 201 232
f 231 201 202
f 231 203 202
f 231 205 203
f 231 205 206
f 231 205 229
f 231 206 232
f 231 229 232
f 231 229 206
f 195 194 265
f 195 196 265
f 195 196 194
f 195 194 262
f 195 196 262
f 195 258 194
f 195 196 258
f 195 258 194
f 195 196 258
f 195 194 256
f 195 196 256
f 195 194 253
f 195 196 253
f 195 196 253
f 195 252 253
f 195 252 194
f 195 252 194
f 195 194 248
f 195 196 248
f 195 196 248
f 195 193 248
f 195 193 194
f 195 245 196
f 195 245 193
f 195 245 196
f 195 193 152
f 195 193 194
f 195 196 152
f 195 196 194
f 195 193 188
f 195 188 158
f 195 196 158
f 195 193 188
f 195 191 188
f 195 188 200
f 195 191 188
f 195 222 219
f 195 205 200
f 195 205 210
f 195 219 191
f 195 222 219
f 195 205 210
f 195 215 210
f 195 219 215
f 195 219 196
f 195 215 210
f 195 191 215
f 455 453 454
f 455 453 337
f 455 456 337
f 455 456 453
f 455 337 645
f 455 454 337
f 455 337 645
f 455 456 337
f 455 456 645
f 455 645 336
f 455 456 336
f 455 456 645
f 455 454 643
f 455 456 643
f 455 454 643
f 455 456 643
f 455 454 641
f 455 456 641
f 455 454 641
f 455 456 641
f 455 454 640
f 455 456 640
f 460 459 461
f 460 450 461
f 460 452 450
f 460 462 450
f 460 452 451
f 460 462 451
f 460 462 531
f 460 462 531
f 460 462 500
f 460 462 534
f 460 462 528
f 460 462 517
f 460 462 506
f 460 462 534
f 460 462 523
f 460 462 514
f 460 462 506
f 460 462 536
f 460 526 528
f 460 462 526
f 460 462 526
f 460 462 523
f 460 462 514
f 460 462 511
f 460 538 536
f 460 462 538
f 460 462 461
f 460 462 538
f 460 461 540
f 460 541 540
f 460 459 541
f 460 541 461
f 460 541 542
f 460 459 541
f 460 542 461
f 460 459 542
f 460 544 461
f 460 459 544
f 460 544 545
f 460 459 544
f 460 545 461
f 460 459 545
f 460 547 461
f 460 459 547
f 460 547 548
f 460 459 547
f 460 548 461
f 460 459 548
f 460 461 550
f 460 459 550
f 460 461 550
f 460 459 550
f 460 459 552
f 460 553 552
f 460 461 553
f 460 459 553
f 460 461 554
f 460 459 554
f 460 461 554
f 460 459 554
f 460 459 461
f 467 469 553
f 467 466 553
f 467 466 469
f 467 469 549
f 467 466 549
f 467 469 548
f 467 466 548
f 467 469 548
f 467 466 548
f 467 544 469
f 467 466 544
f 467 544 469
f 467 466 544
f 467 466 541
f 467 466 541
f 467 538 540
f 467 466 540
f 467 466 538
f 467 466 538
f 467 466 536
f 467 466 536
f 467 466 534
f 467 466 534
f 467 466 533
f 467 466 531
f 467 466 531
f 467 464 529
f 467 466 464
f 467 464 529
f 467 464 526
f 467 464 526
f 467 464 523
f 467 451 464
f 467 466 464
f 467 446 447
f 467 466 447
f 467 466 446
f 467 446 444
f 467 466 446
f 467 466 444
f 467 466 441
f 467 469 439
f 467 466 439
f 467 466 469
f 6 83 79
f 6 5 83
f 6 5 83
f 6 5 89
f 6 5 75
f 6 5 96
f 6 5 71
f 6 5 96
f 6 5 71
f 6 5 98
f 6 65 5
f 6 5 99
f 6 65 5
f 6 5 99
f 6 60 5
f 6 5 101
f 6 60 5
f 6 5 101
f 6 58 56
f 6 5 58
f 6 5 58
f 6 5 56
f 6 671 102
f 6 5 671
f 6 5 55
f 6 5 671
f 6 5 54
f 6 5 667
f 6 5 665
f 6 5 667
f 6 5 665
f 2 101 676
f 61 62 117
f 61 60 117
f 61 60 62
f 61 60 118
f 61 63 118
f 61 62 63
f 61 60 118
f 61 63 118
f 61 63 120
f 61 59 120
f 61 60 59
f 61 62 63
f 61 63 122
f 61 59 122
f 61 63 728
f 61 63 122
f 61 58 122
f 61 58 59
f 61 124 63
f 61 726 727
f 61 63 726
f 61 63 726
f 61 728 727
f 61 63 10
f 61 58 124
f 61 125 124
f 61 58 728
f 61 58 59
f 61 58 10
f 61 125 58
f 61 63 12
f 61 125 63
f 61 125 58
f 61 63 12
f 61 127 63
f 61 58 127
f 61 63 37
f 61 128 127
f 61 128 58
f 61 128 63
f 244 243 319
f 244 245 319
f 244 245 243
f 244 243 319
f 244 245 319
f 244 243 321
f 244 245 321
f 244 243 321
f 244 245 321
f 244 243 322
f 244 245 322
f 244 243 324
f 244 245 324
f 244 245 324
f 244 324 326
f 244 243 324
f 244 245 328
f 244 328 247
f 244 245 328
f 244 247 332
f 244 160 247
f 244 160 161
f 244 161 247
f 244 165 247
f 244 165 166
f 244 166 247
f 244 170 247
f 244 170 247
f 244 174 247
f 244 174 247
f 244 176 247
f 244 177 176
f 244 245 177
f 244 245 177
f 244 245 180
f 244 245 184
f 244 245 185
f 244 245 186
f 244 245 186
f 244 245 189
f 244 243 189
f 244 245 189
f 244 243 191
f 244 245 191
f 244 243 191
f 244 245 191
f 244 243 193
f 244 245 193
f 244 195 243
f 244 195 245
f 244 195 245
f 242 243 319
f 242 241 319
f 242 241 243
f 242 243 321
f 242 241 321
f 242 243 322
f 242 241 322
f 242 243 324
f 242 241 324
f 242 243 324
f 242 241 324
f 242 241 326
f 242 244 326
f 242 244 243
f 242 244 328
f 242 328 327
f 242 244 328
f 242 244 332
f 242 244 332
f 242 244 176
f 242 244 174
f 242 244 160
f 242 244 177
f 242 244 174
f 242 244 160
f 242 244 177
f 242 244 170
f 242 244 161
f 242 244 180
f 242 244 170
f 242 244 165
f 242 244 184
f 242 244 166
f 242 244 165
f 242 244 185
f 242 244 186
f 242 244 186
f 242 186 189
f 242 244 189
f 242 244 243
f 242 243 189
f 242 243 191
f 242 243 191
f 242 241 191
f 242 243 193
f 242 241 193
f 242 195 243
f 242 195 241
f 242 241 196
f 242 195 196
f 242 195 241
f 240 239 321
f 240 241 321
f 240 241 239
f 240 239 324
f 240 241 324
f 240 239 324
f 240 241 324
f 240 239 326
f 240 241 326
f 240 242 327
f 240 242 241
f 240 242 328
f 240 242 328
f 240 242 176
f 240 242 177
f 240 242 174
f 240 242 170
f 240 242 174
f 240 242 177
f 240 242 180
f 240 242 184
f 240 242 185
f 240 242 186
f 240 242 186
f 240 242 189
f 240 242 191
f 240 242 241
f 240 241 191
f 240 241 193
f 240 195 241
f 240 195 196
f 240 195 241
f 240 196 197
f 240 241 196
f 240 198 197
f 240 241 198
f 240 241 198
f 238 239 326
f 238 237 326
f 238 237 239
f 238 237 327
f 238 240 327
f 238 240 239
f 238 237 328
f 238 240 328
f 238 240 328
f 238 328 329
f 238 240 191
f 238 240 191
f 238 242 332
f 238 240 242
f 238 240 193
f 238 240 189
f 238 242 332
f 238 332 156
f 238 240 195
f 238 240 195
f 238 240 186
f 238 242 160
f 238 195 196
f 238 195 237
f 238 240 186
f 238 242 160
f 238 196 197
f 238 237 196
f 238 240 185
f 238 242 161
f 238 198 197
f 238 237 198
f 238 237 198
f 238 240 184
f 238 242 165
f 238 240 180
f 238 242 165
f 238 240 177
f 238 242 166
f 238 240 177
f 238 242 170
f 238 240 242
f 238 240 176
f 238 240 170
f 238 240 174
f 238 240 174
f 236 235 326
f 236 237 326
f 236 237 235
f 236 235 327
f 236 237 327
f 236 235 328
f 236 237 328
f 236 235 328
f 236 238 328
f 236 238 237
f 236 238 329
f 236 234 329
f 236 234 235
f 236 238 332
f 236 234 332
f 236 234 189
f 236 238 332
f 236 238 189
f 236 234 191
f 236 238 186
f 236 238 156
f 236 238 184
f 236 238 180
f 236 238 191
f 236 234 191
f 236 238 186
f 236 238 160
f 236 238 185
f 236 238 177
f 236 238 191
f 236 195 234
f 236 238 160
f 236 238 177
f 236 238 193
f 236 195 193
f 236 195 237
f 236 195 234
f 236 238 161
f 236 238 176
f 236 238 195
f 236 238 195
f 236 237 196
f 236 234 235
f 236 234 196
f 236 238 165
f 236 238 174
f 236 198 235
f 236 237 198
f 236 238 165
f 236 238 174
f 236 198 235
f 236 237 235
f 236 237 198
f 236 238 166
f 236 238 170
f 236 238 170
f 233 232 328
f 233 234 328
f 233 234 232
f 233 232 328
f 233 234 328
f 233 232 329
f 233 234 329
f 233 231 330
f 233 231 232
f 233 332 330
f 233 234 332
f 233 231 332
f 233 155 332
f 233 195 234
f 233 234 191
f 233 236 332
f 233 236 234
f 233 195 234
f 233 195 231
f 233 234 191
f 233 236 156
f 233 234 196
f 233 231 196
f 233 234 189
f 233 236 160
f 233 231 232
f 233 231 197
f 233 236 160
f 233 201 232
f 233 234 201
f 233 198 197
f 233 234 198
f 233 234 198
f 233 236 186
f 233 236 234
f 233 236 161
f 233 201 202
f 233 234 201
f 233 236 186
f 233 236 165
f 233 203 202
f 233 234 203
f 233 234 203
f 233 236 185
f 233 236 165
f 233 236 184
f 233 236 166
f 233 236 180
f 233 236 170
f 233 236 177
f 233 236 170
f 233 236 177
f 233 236 174
f 233 236 176
f 233 236 174
f 223 221 329
f 223 224 329
f 223 224 221
f 223 221 333
f 223 222 221
f 223 224 221
f 223 333 332
f 223 224 332
f 223 224 333
f 223 222 333
f 223 221 215
f 223 222 215
f 223 222 221
f 223 224 211
f 223 222 211
f 223 333 150
f 223 224 333
f 223 222 150
f 223 224 211
f 223 222 211
f 223 224 151
f 223 222 151
f 223 222 206
f 223 224 151
f 223 222 205
f 223 152 151
f 223 222 152
f 223 222 152
f 223 224 154
f 223 222 154
f 223 224 154
f 223 222 154
f 223 224 155
f 223 222 155
f 223 224 157
f 223 222 157
f 223 224 157
f 223 222 157
f 223 222 160
f 223 222 160
f 223 222 162
f 223 222 162
f 223 222 186
f 223 222 165
f 223 222 186
f 223 222 165
f 223 222 185
f 223 222 167
f 223 222 184
f 223 222 167
f 223 222 180
f 223 222 170
f 223 222 177
f 223 222 170
f 223 222 177
f 223 222 174
f 223 222 176
f 223 222 174
f 220 219 218
f 220 219 221
f 220 333 218
f 220 221 333
f 220 333 218
f 220 221 218
f 220 221 333
f 220 146 145
f 220 221 146
f 220 145 334
f 220 219 334
f 220 219 145
f 220 219 146
f 220 221 146
f 220 219 146
f 220 219 148
f 220 222 148
f 220 222 221
f 220 219 148
f 220 222 148
f 220 219 150
f 220 222 150
f 220 222 219
f 220 219 151
f 220 222 151
f 220 219 152
f 220 222 152
f 220 219 152
f 220 222 152
f 220 219 154
f 220 222 154
f 220 219 154
f 220 222 154
f 220 219 155
f 220 222 155
f 220 219 157
f 220 222 157
f 220 219 157
f 220 222 157
f 220 219 158
f 220 222 158
f 220 219 160
f 220 222 160
f 220 219 160
f 220 222 160
f 220 222 219
f 227 225 327
f 227 228 327
f 227 228 225
f 227 225 329
f 227 228 329
f 227 228 332
f 227 228 153
f 227 228 154
f 227 228 154
f 227 228 201
f 227 228 201
f 227 228 205
f 227 228 205
f 227 228 206
f 227 228 207
f 227 228 225
f 230 229 329
f 230 231 329
f 230 231 229
f 230 229 330
f 230 231 330
f 230 231 332
f 230 228 332
f 230 228 229
f 230 154 153
f 230 228 153
f 230 228 154
f 230 154 155
f 230 228 154
f 230 228 201
f 230 231 201
f 230 231 197
f 230 233 155
f 230 233 231
f 230 228 201
f 230 231 201
f 230 227 197
f 230 227 228
f 230 231 196
f 230 233 155
f 230 227 155
f 230 227 228
f 230 228 205
f 230 228 205
f 230 231 205
f 230 227 196
f 230 195 231
f 230 233 156
f 230 227 157
f 230 157 156
f 230 205 203
f 230 231 203
f 230 231 205
f 230 227 195
f 230 233 160
f 230 227 157
f 230 227 195
f 230 233 195
f 230 233 195
f 230 233 160
f 230 227 160
f 230 227 191
f 230 233 191
f 230 233 161
f 230 227 160
f 230 227 191
f 230 233 191
f 230 233 165
f 230 227 161
f 230 227 189
f 230 233 189
f 230 233 165
f 230 227 165
f 230 227 186
f 230 233 186
f 230 233 166
f 230 227 165
f 230 227 186
f 230 233 186
f 230 233 170
f 230 227 166
f 230 227 185
f 230 233 185
f 230 233 170
f 230 227 170
f 230 227 184
f 230 233 184
f 230 233 174
f 230 227 170
f 230 227 180
f 230 233 180
f 230 233 174
f 230 227 174
f 230 227 177
f 230 233 177
f 230 233 176
f 230 227 174
f 230 227 177
f 230 233 177
f 230 227 176
f 457 455 453
f 457 452 453
f 457 460 452
f 457 460 523
f 457 452 451
f 457 460 452
f 457 454 523
f 457 454 517
f 457 460 517
f 457 460 523
f 457 454 531
f 457 460 528
f 457 454 528
f 457 454 523
f 457 454 514
f 457 460 514
f 457 454 531
f 457 460 462
f 457 454 514
f 457 460 514
f 457 534 532
f 457 462 451
f 457 454 511
f 457 460 511
f 457 534 536
f 457 532 638
f 457 454 532
f 457 456 638
f 457 451 481
f 457 460 506
f 457 536 636
f 457 538 536
f 457 454 638
f 457 455 454
f 457 456 638
f 457 455 456
f 457 451 481
f 457 451 506
f 457 451 454
f 457 460 506
f 457 538 539
f 457 481 490
f 457 451 490
f 457 451 506
f 457 460 500
f 457 539 636
f 457 451 490
f 457 451 500
f 457 460 500
f 457 636 635
f 457 541 539
f 457 451 494
f 457 451 500
f 457 541 542
f 457 451 496
f 457 451 496
f 468 541 469
f 468 467 469
f 468 467 541
f 468 541 469
f 468 467 541
f 468 469 538
f 468 467 538
f 468 469 538
f 468 467 538
f 468 467 536
f 468 536 535
f 468 469 535
f 468 467 536
f 468 467 534
f 468 534 535
f 468 469 535
f 468 467 534
f 468 534 533
f 468 467 533
f 468 533 470
f 468 467 531
f 468 470 531
f 468 467 531
f 468 470 531
f 468 467 529
f 468 529 470
f 468 529 470
f 468 467 529
f 468 470 528
f 468 470 444
f 468 470 448
f 468 467 444
f 468 526 528
f 468 467 526
f 468 526 470
f 468 470 444
f 468 446 448
f 468 467 446
f 468 467 446
f 468 451 470
f 468 467 451
f 468 467 444
f 468 526 470
f 468 467 526
f 468 470 442
f 468 467 441
f 468 467 469
f 468 467 523
f 468 441 442
f 468 470 441
f 468 469 470
f 468 451 470
f 468 457 451
f 468 467 451
f 468 457 451
f 468 524 523
f 468 524 470
f 468 524 470
f 468 470 521
f 468 481 470
f 468 457 481
f 468 457 462
f 468 521 523
f 468 470 521
f 468 457 481
f 468 464 523
f 468 467 464
f 468 481 490
f 468 490 494
f 468 457 490
f 468 462 506
f 468 462 506
f 468 464 517
f 468 518 517
f 468 470 518
f 468 470 518
f 468 514 470
f 468 481 496
f 468 457 494
f 468 462 511
f 468 462 464
f 468 470 506
f 468 470 506
f 468 462 500
f 468 464 514
f 468 514 511
f 468 481 496
f 468 457 460
f 468 511 470
f 468 464 514
f 468 481 500
f 468 457 496
f 468 481 500
f 468 481 470
f 468 460 500
f 468 460 462
f 468 457 496
f 468 457 460
f 7 8 79
f 7 6 79
f 7 8 89
f 7 6 89
f 7 8 75
f 7 6 75
f 7 8 96
f 7 6 96
f 7 8 71
f 7 6 71
f 7 8 96
f 7 6 96
f 7 8 71
f 7 6 71
f 7 8 98
f 7 6 98
f 7 65 8
f 7 6 65
f 7 8 99
f 7 6 99
f 7 65 62
f 7 6 65
f 7 8 99
f 7 6 99
f 7 60 62
f 7 6 60
f 7 8 101
f 7 6 101
f 7 60 8
f 7 6 60
f 7 8 101
f 7 6 101
f 7 8 56
f 7 6 56
f 7 8 103
f 7 8 56
f 7 6 56
f 7 103 102
f 7 6 102
f 7 8 103
f 7 8 55
f 7 6 55
f 7 8 671
f 7 6 671
f 7 8 9
f 7 8 671
f 7 6 671
f 7 9 54
f 7 6 54
f 7 8 9
f 7 8 667
f 7 6 667
f 7 8 665
f 7 6 665
f 7 8 667
f 7 6 667
f 7 6 665
f 7 665 664
f 7 8 664
f 7 8 665
f 729 728 83
f 729 728 89
f 729 728 83
f 729 728 96
f 729 728 75
f 729 728 96
f 729 71 728
f 729 728 98
f 729 71 728
f 729 728 99
f 729 65 728
f 729 99 679
f 729 728 99
f 729 62 728
f 729 65 728
f 729 65 62
f 729 61 62
f 729 728 676
f 729 61 59
f 729 728 673
f 729 58 59
f 729 58 728
f 729 728 673
f 729 671 673
f 729 728 10
f 729 670 671
f 729 728 672
f 729 670 672
f 3 2 83
f 3 2 89
f 3 2 83
f 3 2 96
f 3 2 75
f 3 2 96
f 3 2 71
f 3 2 98
f 3 2 71
f 3 2 99
f 3 2 65
f 3 2 99
f 3 2 65
f 3 2 101
f 3 2 60
f 3 2 101
f 3 2 60
f 3 2 673
f 3 2 58
f 3 2 671
f 3 2 670
f 3 670 668
f 3 2 670
f 3 10 666
f 3 2 10
f 3 667 668
f 3 667 666
f 226 225 332
f 226 227 332
f 226 227 225
f 226 225 333
f 226 333 153
f 226 227 153
f 226 333 151
f 226 227 154
f 226 224 151
f 226 224 225
f 226 224 154
f 226 227 154
f 226 333 151
f 226 224 151
f 226 224 333
f 226 224 154
f 226 227 155
f 226 224 155
f 226 227 157
f 226 224 157
f 226 227 157
f 226 224 157
f 226 227 160
f 226 223 160
f 226 223 224
f 226 227 160
f 226 227 205
f 226 223 160
f 226 223 205
f 226 227 206
f 226 205 201
f 226 227 201
f 226 227 205
f 226 223 162
f 226 162 161
f 226 227 161
f 226 224 225
f 226 206 207
f 226 223 206
f 226 223 224
f 226 227 207
f 226 227 225
f 226 222 205
f 226 223 222
f 226 227 201
f 226 223 162
f 226 227 165
f 226 222 201
f 226 227 191
f 226 227 191
f 226 223 165
f 226 227 165
f 226 222 196
f 226 196 197
f 226 227 197
f 226 227 196
f 226 227 195
f 226 222 191
f 226 227 189
f 226 195 191
f 226 227 195
f 226 223 165
f 226 227 166
f 226 195 222
f 226 222 189
f 226 223 222
f 226 195 222
f 226 223 186
f 226 227 186
f 226 223 167
f 226 167 166
f 226 227 170
f 226 223 186
f 226 227 186
f 226 223 167
f 226 223 170
f 226 227 170
f 226 223 185
f 226 227 185
f 226 223 170
f 226 227 174
f 226 223 184
f 226 227 184
f 226 223 174
f 226 227 174
f 226 223 180
f 226 227 180
f 226 223 174
f 226 227 176
f 226 223 177
f 226 227 177
f 226 223 176
f 226 227 177
f 226 223 177
f 458 460 459
f 458 457 460
f 458 459 456
f 458 455 456
f 458 457 455
f 458 457 455
f 458 460 538
f 458 457 538
f 458 460 534
f 458 457 534
f 458 457 636
f 458 457 456
f 458 457 636
f 458 460 538
f 458 460 459
f 458 457 538
f 458 460 534
f 458 457 534
f 458 636 637
f 458 456 637
f 458 636 640
f 458 459 635
f 458 457 635
f 458 459 541
f 458 457 541
f 458 460 531
f 458 457 531
f 458 456 566
f 458 564 640
f 458 459 564
f 458 459 541
f 458 457 541
f 458 460 531
f 458 566 564
f 458 459 566
f 458 456 566
f 458 459 566
f 458 459 456
f 458 545 546
f 458 459 545
f 458 544 545
f 458 459 544
f 458 459 542
f 458 531 528
f 458 457 531
f 458 460 528
f 458 457 460
f 458 547 546
f 458 459 547
f 458 544 542
f 458 457 542
f 458 459 544
f 458 544 542
f 458 547 548
f 458 459 547
f 458 548 549
f 458 459 549
f 458 459 548
f 1 2 83
f 1 729 83
f 1 2 89
f 1 729 89
f 1 2 83
f 1 729 83
f 1 2 96
f 1 729 96
f 1 2 75
f 1 729 75
f 1 2 96
f 1 729 96
f 1 2 71
f 1 729 71
f 1 2 98
f 1 729 98
f 1 2 71
f 1 729 71
f 1 2 99
f 1 729 99
f 1 2 65
f 1 729 65
f 1 2 99
f 1 729 99
f 1 2 65
f 1 729 65
f 1 729 679
f 1 2 60
f 1 676 679
f 1 2 676
f 1 729 676
f 1 61 60
f 1 729 61
f 1 2 60
f 1 2 673
f 1 729 673
f 1 61 60
f 1 729 61
f 1 2 58
f 1 729 58
f 1 2 671
f 1 729 671
f 1 729 58
f 1 2 670
f 1 729 670
f 1 2 10
f 1 729 10
f 1 2 670
f 1 729 670
f 4 5 83
f 4 3 83
f 4 5 89
f 4 3 89
f 4 5 83
f 4 3 83
f 4 5 96
f 4 3 96
f 4 5 75
f 4 3 75
f 4 5 96
f 4 3 96
f 4 5 71
f 4 3 71
f 4 5 98
f 4 3 98
f 4 5 71
f 4 3 71
f 4 5 99
f 4 3 99
f 4 65 5
f 4 3 65
f 4 5 99
f 4 3 99
f 4 65 5
f 4 3 65
f 4 5 101
f 4 3 101
f 4 60 5
f 4 3 60
f 4 3 101
f 4 60 5
f 4 3 60
f 4 101 102
f 4 5 102
f 4 5 101
f 4 5 673
f 4 3 673
f 4 5 58
f 4 3 58
f 4 5 671
f 4 3 671
f 4 5 671
f 4 670 671
f 4 3 670
f 4 3 670
f 4 5 667
f 4 3 667
f 4 5 667
f 4 3 667
f 4 3 10
f 4 665 10
f 4 5 665
f 4 5 665
f 57 4 3
f 57 5 58
f 57 4 5
f 57 4 3
f 57 3 2
f 57 3 2
f 57 5 56
f 57 58 10
f 57 1 58
f 57 1 2
f 57 1 2
f 57 5 55
f 57 4 5
f 57 54 10
f 57 55 54
f 57 125 124
f 57 125 58
f 57 125 58
f 57 12 38
f 57 124 55
f 57 58 127
f 57 125 126
f 57 125 55
f 57 58 124
f 57 39 38
f 57 39 54
f 57 39 54
f 57 128 54
f 57 61 12
f 57 61 58
f 57 61 12
f 57 128 37
f 57 128 58
f 57 122 55
f 57 56 122
f 57 127 126
f 57 58 122
f 57 128 127
f 57 61 37
f 57 61 128
f 57 61 128
f 57 56 122
f 57 58 122
f 57 56 120
f 57 58 120
f 57 58 56
