# King Wen sovereign avatar mesh
# hex53_phase4.ply
# vertices=729 faces=13347
o kingwen_avatar
v 0.166936 0.000152 0.083280 0.301961 0.301961 0.309804
v 0.168138 0.001603 0.082913 0.301961 0.301961 0.309804
v 0.169837 0.003084 0.082580 0.301961 0.301961 0.309804
v 0.171512 0.004595 0.082026 0.301961 0.301961 0.309804
v 0.174230 0.006172 0.081755 0.301961 0.301961 0.309804
v 0.211446 0.009316 0.097103 0.301961 0.301961 0.309804
v 0.253078 0.013338 0.113451 0.301961 0.301961 0.309804
v 0.256931 0.015763 0.112138 0.301961 0.301961 0.309804
v 0.259638 0.018177 0.110027 0.301961 0.301961 0.309804
v 0.262281 0.020635 0.107612 0.301961 0.301961 0.309804
v 0.264289 0.023087 0.104675 0.301961 0.301961 0.309804
v 0.266211 0.025568 0.101458 0.301961 0.301961 0.309804
v 0.268040 0.028076 0.097970 0.301961 0.301961 0.309804
v 0.269771 0.030608 0.094219 0.301961 0.301961 0.309804
v 0.270820 0.033091 0.090026 0.301961 0.301961 0.309804
v 0.272335 0.035658 0.085792 0.301961 0.301961 0.309804
v 0.273152 0.038159 0.081155 0.301961 0.301961 0.309804
v 0.273845 0.040661 0.076321 0.301961 0.301961 0.309804
v 0.274999 0.043253 0.071457 0.301961 0.301961 0.309804
v 0.275435 0.045753 0.066259 0.301961 0.301961 0.309804
v 0.275738 0.048243 0.060906 0.301961 0.301961 0.309804
v 0.275905 0.050721 0.055413 0.301961 0.301961 0.309804
v 0.275933 0.053182 0.049794 0.301961 0.301961 0.309804
v 0.275822 0.055624 0.044067 0.301961 0.301961 0.309804
v 0.274971 0.057916 0.038163 0.301961 0.301961 0.309804
v 0.273978 0.060171 0.032207 0.301961 0.301961 0.309804
v 0.272842 0.062386 0.026216 0.301961 0.301961 0.309804
v 0.271565 0.064556 0.020206 0.301961 0.301961 0.309804
v 0.270147 0.066680 0.014193 0.301961 0.301961 0.309804
v 0.267994 0.068600 0.008176 0.301961 0.301961 0.309804
v 0.266303 0.070616 0.002222 0.301961 0.301961 0.309804
v 0.264477 0.072575 -0.003686 0.301961 0.301961 0.309804
v 0.261928 0.074309 -0.009510 0.301961 0.301961 0.309804
v 0.259846 0.076145 -0.015265 0.301961 0.301961 0.309804
v 0.256463 0.077562 -0.020831 0.301961 0.301961 0.309804
v 0.254141 0.079261 -0.026360 0.301961 0.301961 0.309804
v 0.251704 0.080892 -0.031766 0.301961 0.301961 0.309804
v 0.249156 0.082455 -0.037037 0.301961 0.301961 0.309804
v 0.246500 0.083947 -0.042160 0.301961 0.301961 0.309804
v 0.243743 0.085367 -0.047121 0.301961 0.301961 0.309804
v 0.240890 0.086715 -0.051908 0.301961 0.301961 0.309804
v 0.237945 0.087987 -0.056510 0.301961 0.301961 0.309804
v 0.234914 0.089185 -0.060916 0.301961 0.301961 0.309804
v 0.231249 0.090092 -0.064960 0.301961 0.301961 0.309804
v 0.228618 0.091354 -0.069098 0.301961 0.301961 0.309804
v 0.225909 0.092547 -0.073032 0.301961 0.301961 0.309804
v 0.222589 0.093445 -0.076566 0.301961 0.301961 0.309804
v 0.219212 0.094267 -0.079859 0.301961 0.301961 0.309804
v 0.215785 0.095015 -0.082903 0.301961 0.301961 0.309804
v 0.212836 0.095923 -0.085903 0.301961 0.301961 0.309804
v 0.209322 0.096527 -0.088441 0.301961 0.301961 0.309804
v 0.206287 0.097299 -0.090939 0.301961 0.301961 0.309804
v 0.203214 0.098007 -0.093180 0.301961 0.301961 0.309804
v 0.200110 0.098651 -0.095161 0.301961 0.301961 0.309804
v 0.196980 0.099234 -0.096877 0.301961 0.301961 0.309804
v 0.194315 0.100005 -0.098570 0.301961 0.301961 0.309804
v 0.191622 0.100723 -0.099999 0.301961 0.301961 0.309804
v 0.188908 0.101388 -0.101161 0.301961 0.301961 0.309804
v 0.185716 0.101750 -0.101799 0.301961 0.301961 0.309804
v 0.182983 0.102317 -0.102416 0.301961 0.301961 0.309804
v 0.180247 0.102839 -0.102759 0.301961 0.301961 0.309804
v 0.177511 0.103319 -0.102828 0.301961 0.301961 0.309804
v 0.174783 0.103760 -0.102621 0.301961 0.301961 0.309804
v 0.172066 0.104166 -0.102141 0.301961 0.301961 0.309804
v 0.168945 0.104278 -0.101134 0.301961 0.301961 0.309804
v 0.166690 0.104882 -0.100362 0.301961 0.301961 0.309804
v 0.163631 0.104938 -0.098822 0.301961 0.301961 0.309804
v 0.160617 0.104971 -0.097025 0.301961 0.301961 0.309804
v 0.157653 0.104984 -0.094977 0.301961 0.301961 0.309804
v 0.154741 0.104981 -0.092685 0.301961 0.301961 0.309804
v 0.151887 0.104967 -0.090156 0.301961 0.301961 0.309804
v 0.149094 0.104946 -0.087398 0.301961 0.301961 0.309804
v 0.145993 0.104654 -0.084206 0.301961 0.301961 0.309804
v 0.142971 0.104362 -0.080817 0.301961 0.301961 0.309804
v 0.140029 0.104073 -0.077244 0.301961 0.301961 0.309804
v 0.137171 0.103791 -0.073498 0.301961 0.301961 0.309804
v 0.134746 0.103789 -0.069772 0.301961 0.301961 0.309804
v 0.132052 0.103532 -0.065706 0.301961 0.301961 0.309804
v 0.129785 0.103564 -0.061665 0.301961 0.301961 0.309804
v 0.127595 0.103619 -0.057480 0.301961 0.301961 0.309804
v 0.125484 0.103701 -0.053163 0.301961 0.301961 0.309804
v 0.123453 0.103813 -0.048725 0.301961 0.301961 0.309804
v 0.121181 0.103685 -0.044064 0.301961 0.301961 0.309804
v 0.117732 0.102489 -0.038914 0.301961 0.301961 0.309804
v 0.103153 0.091358 -0.030480 0.301961 0.301961 0.309804
v 0.101307 0.091279 -0.026198 0.301961 0.301961 0.309804
v 0.100454 0.092078 -0.022098 0.301961 0.301961 0.309804
v 0.099354 0.092645 -0.017859 0.301961 0.301961 0.309804
v 0.098316 0.093263 -0.013573 0.301961 0.301961 0.309804
v 0.097634 0.094219 -0.009279 0.301961 0.301961 0.309804
v 0.097007 0.095235 -0.004934 0.301961 0.301961 0.309804
v 0.096432 0.096313 -0.000550 0.301961 0.301961 0.309804
v 0.095910 0.097457 0.003861 0.301961 0.301961 0.309804
v 0.095439 0.098668 0.008288 0.301961 0.301961 0.309804
v 0.095018 0.099949 0.012719 0.301961 0.301961 0.309804
v 0.094926 0.101600 0.017193 0.301961 0.301961 0.309804
v 0.094598 0.103026 0.021608 0.301961 0.301961 0.309804
v 0.094314 0.104523 0.025991 0.301961 0.301961 0.309804
v 0.094073 0.106093 0.030329 0.301961 0.301961 0.309804
v 0.093871 0.107735 0.034611 0.301961 0.301961 0.309804
v 0.093981 0.109771 0.038938 0.301961 0.301961 0.309804
v 0.093850 0.111563 0.043084 0.301961 0.301961 0.309804
v 0.093752 0.113428 0.047137 0.301961 0.301961 0.309804
v 0.093411 0.115032 0.050940 0.301961 0.301961 0.309804
v 0.093368 0.117036 0.054764 0.301961 0.301961 0.309804
v 0.093348 0.119110 0.058463 0.301961 0.301961 0.309804
v 0.093347 0.121253 0.062026 0.301961 0.301961 0.309804
v 0.093362 0.123465 0.065442 0.301961 0.301961 0.309804
v 0.093389 0.125744 0.068701 0.301961 0.301961 0.309804
v 0.093424 0.128087 0.071794 0.301961 0.301961 0.309804
v 0.093465 0.130494 0.074710 0.301961 0.301961 0.309804
v 0.093243 0.132584 0.077223 0.301961 0.301961 0.309804
v 0.093020 0.134721 0.079529 0.301961 0.301961 0.309804
v 0.093056 0.137290 0.081854 0.301961 0.301961 0.309804
v 0.092819 0.139516 0.083734 0.301961 0.301961 0.309804
v 0.092834 0.142180 0.085633 0.301961 0.301961 0.309804
v 0.092570 0.144482 0.087065 0.301961 0.301961 0.309804
v 0.092288 0.146812 0.088264 0.301961 0.301961 0.309804
v 0.092244 0.149588 0.089479 0.301961 0.301961 0.309804
v 0.091914 0.151969 0.090206 0.301961 0.301961 0.309804
v 0.091557 0.154367 0.090692 0.301961 0.301961 0.309804
v 0.091168 0.156775 0.090935 0.301961 0.301961 0.309804
v 0.090746 0.159190 0.090934 0.301961 0.301961 0.309804
v 0.090288 0.161606 0.090691 0.301961 0.301961 0.309804
v 0.089791 0.164019 0.090205 0.301961 0.301961 0.309804
v 0.089253 0.166424 0.089478 0.301961 0.301961 0.309804
v 0.088672 0.168815 0.088512 0.301961 0.301961 0.309804
v 0.088046 0.171187 0.087309 0.301961 0.301961 0.309804
v 0.087373 0.173536 0.085873 0.301961 0.301961 0.309804
v 0.086651 0.175856 0.084207 0.301961 0.301961 0.309804
v 0.085881 0.178141 0.082316 0.301961 0.301961 0.309804
v 0.084819 0.179880 0.079979 0.301961 0.301961 0.309804
v 0.083948 0.182076 0.077661 0.301961 0.301961 0.309804
v 0.083024 0.184223 0.075134 0.301961 0.301961 0.309804
v 0.082048 0.186316 0.072407 0.301961 0.301961 0.309804
v 0.080789 0.187818 0.069291 0.301961 0.301961 0.309804
v 0.079709 0.189784 0.066193 0.301961 0.301961 0.309804
v 0.078576 0.191683 0.062919 0.301961 0.301961 0.309804
v 0.077170 0.192962 0.059308 0.301961 0.301961 0.309804
v 0.075935 0.194709 0.055716 0.301961 0.301961 0.309804
v 0.074648 0.196377 0.051976 0.301961 0.301961 0.309804
v 0.073310 0.197962 0.048097 0.301961 0.301961 0.309804
v 0.071719 0.198896 0.043964 0.301961 0.301961 0.309804
v 0.070287 0.200303 0.039850 0.301961 0.301961 0.309804
v 0.068807 0.201619 0.035629 0.301961 0.301961 0.309804
v 0.067091 0.202263 0.031224 0.301961 0.301961 0.309804
v 0.065527 0.203386 0.026836 0.301961 0.301961 0.309804
v 0.063921 0.204411 0.022376 0.301961 0.301961 0.309804
v 0.062275 0.205337 0.017857 0.301961 0.301961 0.309804
v 0.060418 0.205573 0.013251 0.301961 0.301961 0.309804
v 0.058703 0.206294 0.008661 0.301961 0.301961 0.309804
v 0.056955 0.206911 0.004047 0.301961 0.301961 0.309804
v 0.055019 0.206830 -0.000577 0.301961 0.301961 0.309804
v 0.053217 0.207237 -0.005187 0.301961 0.301961 0.309804
v 0.051389 0.207539 -0.009784 0.301961 0.301961 0.309804
v 0.049538 0.207736 -0.014356 0.301961 0.301961 0.309804
v 0.047667 0.207828 -0.018889 0.301961 0.301961 0.309804
v 0.045647 0.207217 -0.023305 0.301961 0.301961 0.309804
v 0.043748 0.207098 -0.027713 0.301961 0.301961 0.309804
v 0.041838 0.206875 -0.032047 0.301961 0.301961 0.309804
v 0.039918 0.206550 -0.036296 0.301961 0.301961 0.309804
v 0.037991 0.206122 -0.040448 0.301961 0.301961 0.309804
v 0.036061 0.205593 -0.044492 0.301961 0.301961 0.309804
v 0.034129 0.204965 -0.048417 0.301961 0.301961 0.309804
v 0.032199 0.204240 -0.052212 0.301961 0.301961 0.309804
v 0.030360 0.204007 -0.056029 0.301961 0.301961 0.309804
v 0.028435 0.203093 -0.059546 0.301961 0.301961 0.309804
v 0.026519 0.202089 -0.062903 0.301961 0.301961 0.309804
v 0.024615 0.201000 -0.066092 0.301961 0.301961 0.309804
v 0.022789 0.200401 -0.069303 0.301961 0.301961 0.309804
v 0.020909 0.199146 -0.072138 0.301961 0.301961 0.309804
v 0.019102 0.198382 -0.074995 0.301961 0.301961 0.309804
v 0.017304 0.197539 -0.077666 0.301961 0.301961 0.309804
v 0.015474 0.196062 -0.079915 0.301961 0.301961 0.309804
v 0.013745 0.195631 -0.082417 0.301961 0.301961 0.309804
v 0.012021 0.195125 -0.084720 0.301961 0.301961 0.309804
v 0.010304 0.194547 -0.086816 0.301961 0.301961 0.309804
v 0.008596 0.193901 -0.088697 0.301961 0.301961 0.309804
v 0.006898 0.193193 -0.090355 0.301961 0.301961 0.309804
v 0.005241 0.193487 -0.092288 0.301961 0.301961 0.309804
v 0.003559 0.192657 -0.093483 0.301961 0.301961 0.309804
v 0.001890 0.191780 -0.094435 0.301961 0.301961 0.309804
v 0.000238 0.190860 -0.095137 0.301961 0.301961 0.309804
v -0.001391 0.188885 -0.095073 0.301961 0.301961 0.309804
v -0.002995 0.187403 -0.095011 0.301961 0.301961 0.309804
v -0.004560 0.185408 -0.094438 0.301961 0.301961 0.309804
v -0.006108 0.183907 -0.093864 0.301961 0.301961 0.309804
v -0.007611 0.181914 -0.092786 0.301961 0.301961 0.309804
v -0.009057 0.179452 -0.091214 0.301961 0.301961 0.309804
v -0.010492 0.177495 -0.089648 0.301961 0.301961 0.309804
v -0.011832 0.174618 -0.087369 0.301961 0.301961 0.309804
v -0.013057 0.170856 -0.084417 0.301961 0.301961 0.309804
v -0.014342 0.168553 -0.081958 0.301961 0.301961 0.309804
v -0.015552 0.165840 -0.079076 0.301961 0.301961 0.309804
v -0.016769 0.163641 -0.076221 0.301961 0.301961 0.309804
v -0.017908 0.161050 -0.072974 0.301961 0.301961 0.309804
v -0.019065 0.158970 -0.069759 0.301961 0.301961 0.309804
v -0.020253 0.157391 -0.066559 0.301961 0.301961 0.309804
v -0.021426 0.155869 -0.063182 0.301961 0.301961 0.309804
v -0.022584 0.154408 -0.059636 0.301961 0.301961 0.309804
v -0.023730 0.153011 -0.055930 0.301961 0.301961 0.309804
v -0.024866 0.151682 -0.052075 0.301961 0.301961 0.309804
v -0.026068 0.150841 -0.048214 0.301961 0.301961 0.309804
v -0.027197 0.149652 -0.044079 0.301961 0.301961 0.309804
v -0.028401 0.148950 -0.039936 0.301961 0.301961 0.309804
v -0.029531 0.147912 -0.035565 0.301961 0.301961 0.309804
v -0.030749 0.147361 -0.031184 0.301961 0.301961 0.309804
v -0.031979 0.146889 -0.026696 0.301961 0.301961 0.309804
v -0.033224 0.146498 -0.022111 0.301961 0.301961 0.309804
v -0.034486 0.146191 -0.017441 0.301961 0.301961 0.309804
v -0.035671 0.145570 -0.012664 0.301961 0.301961 0.309804
v -0.036974 0.145437 -0.007876 0.301961 0.301961 0.309804
v -0.038302 0.145393 -0.003040 0.301961 0.301961 0.309804
v -0.039659 0.145438 0.001829 0.301961 0.301961 0.309804
v -0.041046 0.145572 0.006720 0.301961 0.301961 0.309804
v -0.042467 0.145796 0.011618 0.301961 0.301961 0.309804
v -0.043925 0.146107 0.016512 0.301961 0.301961 0.309804
v -0.045420 0.146504 0.021386 0.301961 0.301961 0.309804
v -0.046956 0.146986 0.026229 0.301961 0.301961 0.309804
v -0.048535 0.147550 0.031028 0.301961 0.301961 0.309804
v -0.050159 0.148194 0.035768 0.301961 0.301961 0.309804
v -0.051830 0.148914 0.040437 0.301961 0.301961 0.309804
v -0.053549 0.149707 0.045021 0.301961 0.301961 0.309804
v -0.055319 0.150571 0.049509 0.301961 0.301961 0.309804
v -0.057141 0.151503 0.053888 0.301961 0.301961 0.309804
v -0.059015 0.152498 0.058144 0.301961 0.301961 0.309804
v -0.060944 0.153554 0.062267 0.301961 0.301961 0.309804
v -0.062763 0.154262 0.066070 0.301961 0.301961 0.309804
v -0.064798 0.155425 0.069879 0.301961 0.301961 0.309804
v -0.066889 0.156638 0.073520 0.301961 0.301961 0.309804
v -0.069036 0.157896 0.076983 0.301961 0.301961 0.309804
v -0.071240 0.159194 0.080256 0.301961 0.301961 0.309804
v -0.073310 0.160113 0.083114 0.301961 0.301961 0.309804
v -0.075621 0.161476 0.085972 0.301961 0.301961 0.309804
v -0.077786 0.162445 0.088385 0.301961 0.301961 0.309804
v -0.080201 0.163854 0.090796 0.301961 0.301961 0.309804
v -0.082456 0.164854 0.092736 0.301961 0.301961 0.309804
v -0.084751 0.165859 0.094427 0.301961 0.301961 0.309804
v -0.087310 0.167297 0.096114 0.301961 0.301961 0.309804
v -0.089686 0.168301 0.097299 0.301961 0.301961 0.309804
v -0.092096 0.169296 0.098225 0.301961 0.301961 0.309804
v -0.094538 0.170275 0.098887 0.301961 0.301961 0.309804
v -0.097009 0.171234 0.099285 0.301961 0.301961 0.309804
v -0.099763 0.172611 0.099674 0.301961 0.301961 0.309804
v -0.102290 0.173515 0.099541 0.301961 0.301961 0.309804
v -0.104837 0.174384 0.099141 0.301961 0.301961 0.309804
v -0.107401 0.175211 0.098477 0.301961 0.301961 0.309804
v -0.109978 0.175992 0.097549 0.301961 0.301961 0.309804
v -0.112565 0.176722 0.096360 0.301961 0.301961 0.309804
v -0.115158 0.177396 0.094913 0.301961 0.301961 0.309804
v -0.117753 0.178011 0.093213 0.301961 0.301961 0.309804
v -0.120347 0.178562 0.091264 0.301961 0.301961 0.309804
v -0.122618 0.178585 0.088842 0.301961 0.301961 0.309804
v -0.125189 0.178994 0.086417 0.301961 0.301961 0.309804
v -0.127746 0.179329 0.083761 0.301961 0.301961 0.309804
v -0.130284 0.179585 0.080881 0.301961 0.301961 0.309804
v -0.132800 0.179760 0.077785 0.301961 0.301961 0.309804
v -0.135289 0.179850 0.074481 0.301961 0.301961 0.309804
v -0.137392 0.179390 0.070795 0.301961 0.301961 0.309804
v -0.139808 0.179305 0.067112 0.301961 0.301961 0.309804
v -0.142185 0.179130 0.063250 0.301961 0.301961 0.309804
v -0.144518 0.178863 0.059218 0.301961 0.301961 0.309804
v -0.146804 0.178503 0.055029 0.301961 0.301961 0.309804
v -0.149038 0.178050 0.050692 0.301961 0.301961 0.309804
v -0.151217 0.177502 0.046219 0.301961 0.301961 0.309804
v -0.153336 0.176859 0.041623 0.301961 0.301961 0.309804
v -0.155392 0.176122 0.036915 0.301961 0.301961 0.309804
v -0.157382 0.175290 0.032108 0.301961 0.301961 0.309804
v -0.159301 0.174365 0.027216 0.301961 0.301961 0.309804
v -0.161564 0.173795 0.022308 0.301961 0.301961 0.309804
v -0.163338 0.172683 0.017269 0.301961 0.301961 0.309804
v -0.165033 0.171480 0.012184 0.301961 0.301961 0.309804
v -0.166646 0.170188 0.007066 0.301961 0.301961 0.309804
v -0.168608 0.169243 0.001934 0.301961 0.301961 0.309804
v -0.170053 0.167774 -0.003222 0.301961 0.301961 0.309804
v -0.171408 0.166221 -0.008370 0.301961 0.301961 0.309804
v -0.173117 0.165009 -0.013531 0.301961 0.301961 0.309804
v -0.174292 0.163291 -0.018634 0.301961 0.301961 0.309804
v -0.175823 0.161909 -0.023749 0.301961 0.301961 0.309804
v -0.176812 0.160035 -0.028752 0.301961 0.301961 0.309804
v -0.178159 0.158492 -0.033765 0.301961 0.301961 0.309804
v -0.178958 0.156472 -0.038615 0.301961 0.301961 0.309804
v -0.180117 0.154779 -0.043472 0.301961 0.301961 0.309804
v -0.180723 0.152625 -0.048114 0.301961 0.301961 0.309804
v -0.181693 0.150794 -0.052762 0.301961 0.301961 0.309804
v -0.182569 0.148895 -0.057291 0.301961 0.301961 0.309804
v -0.182889 0.146562 -0.061533 0.301961 0.301961 0.309804
v -0.183577 0.144546 -0.065777 0.301961 0.301961 0.309804
v -0.183709 0.142114 -0.069690 0.301961 0.301961 0.309804
v -0.184214 0.139994 -0.073601 0.301961 0.301961 0.309804
v -0.184630 0.137826 -0.077333 0.301961 0.301961 0.309804
v -0.184957 0.135613 -0.080876 0.301961 0.301961 0.309804
v -0.184736 0.133026 -0.084009 0.301961 0.301961 0.309804
v -0.184895 0.130743 -0.087134 0.301961 0.301961 0.309804
v -0.184974 0.128428 -0.090041 0.301961 0.301961 0.309804
v -0.184514 0.125772 -0.092488 0.301961 0.301961 0.309804
v -0.184441 0.123412 -0.094925 0.301961 0.301961 0.309804
v -0.184297 0.121033 -0.097118 0.301961 0.301961 0.309804
v -0.184086 0.118640 -0.099060 0.301961 0.301961 0.309804
v -0.183357 0.115948 -0.100497 0.301961 0.301961 0.309804
v -0.183024 0.113544 -0.101916 0.301961 0.301961 0.309804
v -0.182637 0.111137 -0.103068 0.301961 0.301961 0.309804
v -0.181751 0.108464 -0.103692 0.301961 0.301961 0.309804
v -0.181269 0.106070 -0.104296 0.301961 0.301961 0.309804
v -0.180304 0.103430 -0.104366 0.301961 0.301961 0.309804
v -0.179748 0.101063 -0.104412 0.301961 0.301961 0.309804
v -0.178725 0.098471 -0.103923 0.301961 0.301961 0.309804
v -0.178116 0.096144 -0.103409 0.301961 0.301961 0.309804
v -0.177056 0.093611 -0.102364 0.301961 0.301961 0.309804
v -0.175987 0.091114 -0.101045 0.301961 0.301961 0.309804
v -0.174915 0.088655 -0.099456 0.301961 0.301961 0.309804
v -0.173845 0.086238 -0.097601 0.301961 0.301961 0.309804
v -0.172784 0.083863 -0.095486 0.301961 0.301961 0.309804
v -0.171737 0.081533 -0.093115 0.301961 0.301961 0.309804
v -0.170293 0.079055 -0.090274 0.301961 0.301961 0.309804
v -0.169293 0.076823 -0.087419 0.301961 0.301961 0.309804
v -0.168323 0.074639 -0.084330 0.301961 0.301961 0.309804
v -0.167390 0.072503 -0.081016 0.301961 0.301961 0.309804
v -0.166089 0.070243 -0.077295 0.301961 0.301961 0.309804
v -0.165245 0.068209 -0.073566 0.301961 0.301961 0.309804
v -0.164047 0.066062 -0.069469 0.301961 0.301961 0.309804
v -0.163311 0.064131 -0.065367 0.301961 0.301961 0.309804
v -0.162234 0.062094 -0.060940 0.301961 0.301961 0.309804
v -0.161624 0.060263 -0.056511 0.301961 0.301961 0.309804
v -0.160684 0.058334 -0.051802 0.301961 0.301961 0.309804
v -0.159819 0.056459 -0.046977 0.301961 0.301961 0.309804
v -0.159426 0.054772 -0.042155 0.301961 0.301961 0.309804
v -0.158717 0.052997 -0.037128 0.301961 0.301961 0.309804
v -0.158486 0.051399 -0.032107 0.301961 0.301961 0.309804
v -0.157944 0.049717 -0.026933 0.301961 0.301961 0.309804
v -0.157884 0.048202 -0.021766 0.301961 0.301961 0.309804
v -0.157518 0.046606 -0.016501 0.301961 0.301961 0.309804
v -0.157637 0.045165 -0.011246 0.301961 0.301961 0.309804
v -0.157847 0.043755 -0.005962 0.301961 0.301961 0.309804
v -0.158150 0.042375 -0.000663 0.301961 0.301961 0.309804
v -0.158548 0.041022 0.004638 0.301961 0.301961 0.309804
v -0.159040 0.039693 0.009926 0.301961 0.301961 0.309804
v -0.159228 0.038289 0.015148 0.301961 0.301961 0.309804
v -0.159908 0.037003 0.020355 0.301961 0.301961 0.309804
v -0.160683 0.035730 0.025506 0.301961 0.301961 0.309804
v -0.161550 0.034470 0.030589 0.301961 0.301961 0.309804
v -0.162510 0.033218 0.035590 0.301961 0.301961 0.309804
v -0.163561 0.031971 0.040496 0.301961 0.301961 0.309804
v -0.164701 0.030727 0.045294 0.301961 0.301961 0.309804
v -0.165929 0.029482 0.049970 0.301961 0.301961 0.309804
v -0.167241 0.028233 0.054513 0.301961 0.301961 0.309804
v -0.168635 0.026978 0.058910 0.301961 0.301961 0.309804
v -0.170108 0.025713 0.063150 0.301961 0.301961 0.309804
v -0.172087 0.024498 0.067390 0.301961 0.301961 0.309804
v -0.173712 0.023204 0.071291 0.301961 0.301961 0.309804
v -0.175406 0.021893 0.075002 0.301961 0.301961 0.309804
v -0.177164 0.020563 0.078512 0.301961 0.301961 0.309804
v -0.178983 0.019211 0.081813 0.301961 0.301961 0.309804
v -0.181309 0.017881 0.085107 0.301961 0.301961 0.309804
v -0.183238 0.016476 0.087969 0.301961 0.301961 0.309804
v -0.185214 0.015044 0.090596 0.301961 0.301961 0.309804
v -0.187230 0.013583 0.092981 0.301961 0.301961 0.309804
v -0.189281 0.012092 0.095117 0.301961 0.301961 0.309804
v -0.191839 0.010594 0.097240 0.301961 0.301961 0.309804
v -0.193949 0.009033 0.098866 0.301961 0.301961 0.309804
v -0.196078 0.007437 0.100228 0.301961 0.301961 0.309804
v -0.198218 0.005807 0.101322 0.301961 0.301961 0.309804
v -0.200365 0.004140 0.102145 0.301961 0.301961 0.309804
v -0.202512 0.002437 0.102695 0.301961 0.301961 0.309804
v -0.204654 0.000697 0.102970 0.301961 0.301961 0.309804
v -0.204211 -0.001066 0.101690 0.301961 0.301961 0.309804
v -0.206296 -0.002857 0.101417 0.301961 0.301961 0.309804
v -0.208356 -0.004683 0.100874 0.301961 0.301961 0.309804
v -0.210386 -0.006544 0.100061 0.301961 0.301961 0.309804
v -0.211845 -0.008419 0.098731 0.301961 0.301961 0.309804
v -0.213792 -0.010343 0.097390 0.301961 0.301961 0.309804
v -0.215691 -0.012300 0.095787 0.301961 0.301961 0.309804
v -0.217536 -0.014288 0.093929 0.301961 0.301961 0.309804
v -0.219322 -0.016305 0.091820 0.301961 0.301961 0.309804
v -0.221043 -0.018350 0.089465 0.301961 0.301961 0.309804
v -0.222694 -0.020420 0.086872 0.301961 0.301961 0.309804
v -0.223704 -0.022458 0.083834 0.301961 0.301961 0.309804
v -0.225196 -0.024569 0.080791 0.301961 0.301961 0.309804
v -0.226603 -0.026699 0.077532 0.301961 0.301961 0.309804
v -0.227921 -0.028846 0.074066 0.301961 0.301961 0.309804
v -0.229145 -0.031007 0.070402 0.301961 0.301961 0.309804
v -0.229689 -0.033095 0.066382 0.301961 0.301961 0.309804
v -0.230712 -0.035272 0.062362 0.301961 0.301961 0.309804
v -0.231631 -0.037454 0.058176 0.301961 0.301961 0.309804
v -0.232442 -0.039639 0.053834 0.301961 0.301961 0.309804
v -0.233142 -0.041824 0.049348 0.301961 0.301961 0.309804
v -0.233136 -0.043895 0.044617 0.301961 0.301961 0.309804
v -0.233606 -0.046066 0.039891 0.301961 0.301961 0.309804
v -0.233959 -0.048229 0.035058 0.301961 0.301961 0.309804
v -0.234193 -0.050380 0.030132 0.301961 0.301961 0.309804
v -0.234307 -0.052516 0.025125 0.301961 0.301961 0.309804
v -0.234300 -0.054634 0.020050 0.301961 0.301961 0.309804
v -0.234171 -0.056732 0.014921 0.301961 0.301961 0.309804
v -0.233920 -0.058807 0.009752 0.301961 0.301961 0.309804
v -0.233546 -0.060855 0.004557 0.301961 0.301961 0.309804
v -0.233050 -0.062873 -0.000651 0.301961 0.301961 0.309804
v -0.232433 -0.064860 -0.005858 0.301961 0.301961 0.309804
v -0.231696 -0.066813 -0.011049 0.301961 0.301961 0.309804
v -0.230840 -0.068728 -0.016212 0.301961 0.301961 0.309804
v -0.229867 -0.070603 -0.021331 0.301961 0.301961 0.309804
v -0.228778 -0.072436 -0.026393 0.301961 0.301961 0.309804
v -0.227575 -0.074224 -0.031386 0.301961 0.301961 0.309804
v -0.226262 -0.075965 -0.036294 0.301961 0.301961 0.309804
v -0.225414 -0.077855 -0.041211 0.301961 0.301961 0.309804
v -0.223884 -0.079501 -0.045925 0.301961 0.301961 0.309804
v -0.222817 -0.081299 -0.050644 0.301961 0.301961 0.309804
v -0.221083 -0.082841 -0.055112 0.301961 0.301961 0.309804
v -0.219810 -0.084541 -0.059583 0.301961 0.301961 0.309804
v -0.218436 -0.086191 -0.063916 0.301961 0.301961 0.309804
v -0.216421 -0.087568 -0.067927 0.301961 0.301961 0.309804
v -0.214864 -0.089110 -0.071938 0.301961 0.301961 0.309804
v -0.212685 -0.090372 -0.075585 0.301961 0.301961 0.309804
v -0.210961 -0.091803 -0.079228 0.301961 0.301961 0.309804
v -0.209158 -0.093179 -0.082677 0.301961 0.301961 0.309804
v -0.207798 -0.094736 -0.086134 0.301961 0.301961 0.309804
v -0.205845 -0.096005 -0.089168 0.301961 0.301961 0.309804
v -0.203827 -0.097219 -0.091978 0.301961 0.301961 0.309804
v -0.201750 -0.098378 -0.094554 0.301961 0.301961 0.309804
v -0.199128 -0.099239 -0.096649 0.301961 0.301961 0.309804
v -0.196954 -0.100290 -0.098728 0.301961 0.301961 0.309804
v -0.195216 -0.101538 -0.100800 0.301961 0.301961 0.309804
v -0.192012 -0.101988 -0.101865 0.301961 0.301961 0.309804
v -0.190197 -0.103140 -0.103410 0.301961 0.301961 0.309804
v -0.188342 -0.104249 -0.104688 0.301961 0.301961 0.309804
v -0.185551 -0.104806 -0.105180 0.301961 0.301961 0.309804
v -0.183202 -0.105576 -0.105648 0.301961 0.301961 0.309804
v -0.180406 -0.106049 -0.105577 0.301961 0.301961 0.309804
v -0.177189 -0.106225 -0.104968 0.301961 0.301961 0.309804
v -0.174424 -0.106624 -0.104336 0.301961 0.301961 0.309804
v -0.171680 -0.106992 -0.103424 0.301961 0.301961 0.309804
v -0.168961 -0.107331 -0.102236 0.301961 0.301961 0.309804
v -0.166272 -0.107646 -0.100774 0.301961 0.301961 0.309804
v -0.163618 -0.107941 -0.099043 0.301961 0.301961 0.309804
v -0.161003 -0.108219 -0.097048 0.301961 0.301961 0.309804
v -0.158433 -0.108485 -0.094793 0.301961 0.301961 0.309804
v -0.155910 -0.108742 -0.092284 0.301961 0.301961 0.309804
v -0.153066 -0.108730 -0.089311 0.301961 0.301961 0.309804
v -0.150656 -0.108982 -0.086324 0.301961 0.301961 0.309804
v -0.148306 -0.109238 -0.083106 0.301961 0.301961 0.309804
v -0.146017 -0.109501 -0.079666 0.301961 0.301961 0.309804
v -0.143794 -0.109777 -0.076012 0.301961 0.301961 0.309804
v -0.141292 -0.109801 -0.071979 0.301961 0.301961 0.309804
v -0.139210 -0.110112 -0.067939 0.301961 0.301961 0.309804
v -0.137536 -0.110718 -0.063873 0.301961 0.301961 0.309804
v -0.135595 -0.111083 -0.059470 0.301961 0.301961 0.309804
v -0.133728 -0.111481 -0.054908 0.301961 0.301961 0.309804
v -0.131938 -0.111915 -0.050199 0.301961 0.301961 0.309804
v -0.130225 -0.112390 -0.045355 0.301961 0.301961 0.309804
v -0.128589 -0.112910 -0.040391 0.301961 0.301961 0.309804
v -0.127032 -0.113478 -0.035318 0.301961 0.301961 0.309804
v -0.125551 -0.114099 -0.030151 0.301961 0.301961 0.309804
v -0.124452 -0.115057 -0.024965 0.301961 0.301961 0.309804
v -0.123123 -0.115797 -0.019638 0.301961 0.301961 0.309804
v -0.121870 -0.116601 -0.014260 0.301961 0.301961 0.309804
v -0.120985 -0.117759 -0.008865 0.301961 0.301961 0.309804
v -0.119878 -0.118705 -0.003413 0.301961 0.301961 0.309804
v -0.118843 -0.119723 0.002048 0.301961 0.301961 0.309804
v -0.118164 -0.121111 0.007521 0.301961 0.301961 0.309804
v -0.117548 -0.122581 0.013000 0.301961 0.301961 0.309804
v -0.116712 -0.123838 0.018425 0.301961 0.301961 0.309804
v -0.116219 -0.125476 0.023858 0.301961 0.301961 0.309804
v -0.115783 -0.127201 0.029252 0.301961 0.301961 0.309804
v -0.115124 -0.128704 0.034511 0.301961 0.301961 0.309804
v -0.114794 -0.130599 0.039772 0.301961 0.301961 0.309804
v -0.114512 -0.132583 0.044952 0.301961 0.301961 0.309804
v -0.114275 -0.134653 0.050036 0.301961 0.301961 0.309804
v -0.113808 -0.136484 0.054878 0.301961 0.301961 0.309804
v -0.113650 -0.138723 0.059716 0.301961 0.301961 0.309804
v -0.113257 -0.140712 0.064263 0.301961 0.301961 0.309804
v -0.112895 -0.142775 0.068638 0.301961 0.301961 0.309804
v -0.112829 -0.145256 0.073004 0.301961 0.301961 0.309804
v -0.112517 -0.147468 0.077011 0.301961 0.301961 0.309804
v -0.112223 -0.149748 0.080813 0.301961 0.301961 0.309804
v -0.111678 -0.151734 0.084198 0.301961 0.301961 0.309804
v -0.111410 -0.154138 0.087550 0.301961 0.301961 0.309804
v -0.111147 -0.156602 0.090667 0.301961 0.301961 0.309804
v -0.110885 -0.159124 0.093543 0.301961 0.301961 0.309804
v -0.110357 -0.161314 0.095939 0.301961 0.301961 0.309804
v -0.110085 -0.163932 0.098302 0.301961 0.301961 0.309804
v -0.109801 -0.166595 0.100402 0.301961 0.301961 0.309804
v -0.109241 -0.168895 0.101989 0.301961 0.301961 0.309804
v -0.108923 -0.171629 0.103543 0.301961 0.301961 0.309804
v -0.108581 -0.174395 0.104820 0.301961 0.301961 0.309804
v -0.107953 -0.176763 0.105564 0.301961 0.301961 0.309804
v -0.107296 -0.179139 0.106021 0.301961 0.301961 0.309804
v -0.106863 -0.181955 0.106448 0.301961 0.301961 0.309804
v -0.106136 -0.184337 0.106335 0.301961 0.301961 0.309804
v -0.105626 -0.187162 0.106192 0.301961 0.301961 0.309804
v -0.104819 -0.189528 0.105511 0.301961 0.301961 0.309804
v -0.103968 -0.191873 0.104550 0.301961 0.301961 0.309804
v -0.103071 -0.194193 0.103315 0.301961 0.301961 0.309804
v -0.102127 -0.196481 0.101808 0.301961 0.301961 0.309804
v -0.101132 -0.198730 0.100036 0.301961 0.301961 0.309804
v -0.100087 -0.200937 0.098004 0.301961 0.301961 0.309804
v -0.098989 -0.203094 0.095720 0.301961 0.301961 0.309804
v -0.097838 -0.205197 0.093191 0.301961 0.301961 0.309804
v -0.096395 -0.206729 0.090202 0.301961 0.301961 0.309804
v -0.095137 -0.208699 0.087214 0.301961 0.301961 0.309804
v -0.093825 -0.210599 0.084007 0.301961 0.301961 0.309804
v -0.092457 -0.212424 0.080591 0.301961 0.301961 0.309804
v -0.090808 -0.213634 0.076784 0.301961 0.301961 0.309804
v -0.089334 -0.215288 0.072990 0.301961 0.301961 0.309804
v -0.087587 -0.216308 0.068846 0.301961 0.301961 0.309804
v -0.086010 -0.217775 0.064721 0.301961 0.301961 0.309804
v -0.084169 -0.218591 0.060289 0.301961 0.301961 0.309804
v -0.082494 -0.219857 0.055882 0.301961 0.301961 0.309804
v -0.080565 -0.220456 0.051215 0.301961 0.301961 0.309804
v -0.078799 -0.221510 0.046577 0.301961 0.301961 0.309804
v -0.076988 -0.222456 0.041838 0.301961 0.301961 0.309804
v -0.074940 -0.222717 0.036915 0.301961 0.301961 0.309804
v -0.073050 -0.223438 0.032026 0.301961 0.301961 0.309804
v -0.070936 -0.223465 0.027005 0.301961 0.301961 0.309804
v -0.068976 -0.223957 0.022020 0.301961 0.301961 0.309804
v -0.066983 -0.224333 0.017002 0.301961 0.301961 0.309804
v -0.064788 -0.224005 0.011933 0.301961 0.301961 0.309804
v -0.062741 -0.224149 0.006902 0.301961 0.301961 0.309804
v -0.060669 -0.224176 0.001879 0.301961 0.301961 0.309804
v -0.058575 -0.224087 -0.003123 0.301961 0.301961 0.309804
v -0.056462 -0.223883 -0.008091 0.301961 0.301961 0.309804
v -0.054334 -0.223563 -0.013011 0.301961 0.301961 0.309804
v -0.052052 -0.222532 -0.017822 0.301961 0.301961 0.309804
v -0.049906 -0.221984 -0.022595 0.301961 0.301961 0.309804
v -0.047753 -0.221323 -0.027282 0.301961 0.301961 0.309804
v -0.045596 -0.220552 -0.031871 0.301961 0.301961 0.309804
v -0.043439 -0.219671 -0.036350 0.301961 0.301961 0.309804
v -0.041284 -0.218683 -0.040707 0.301961 0.301961 0.309804
v -0.039241 -0.218183 -0.045054 0.301961 0.301961 0.309804
v -0.037094 -0.216985 -0.049147 0.301961 0.301961 0.309804
v -0.034959 -0.215688 -0.053086 0.301961 0.301961 0.309804
v -0.032837 -0.214293 -0.056861 0.301961 0.301961 0.309804
v -0.030732 -0.212806 -0.060463 0.301961 0.301961 0.309804
v -0.028724 -0.211809 -0.064060 0.301961 0.301961 0.309804
v -0.026655 -0.210143 -0.067299 0.301961 0.301961 0.309804
v -0.024677 -0.208969 -0.070534 0.301961 0.301961 0.309804
v -0.022652 -0.207139 -0.073379 0.301961 0.301961 0.309804
v -0.020655 -0.205236 -0.076010 0.301961 0.301961 0.309804
v -0.018740 -0.203830 -0.078641 0.301961 0.301961 0.309804
v -0.016847 -0.202352 -0.081062 0.301961 0.301961 0.309804
v -0.014978 -0.200807 -0.083265 0.301961 0.301961 0.309804
v -0.013097 -0.198649 -0.085010 0.301961 0.301961 0.309804
v -0.011285 -0.196991 -0.086758 0.301961 0.301961 0.309804
v -0.009527 -0.195824 -0.088519 0.301961 0.301961 0.309804
v -0.007766 -0.194063 -0.089803 0.301961 0.301961 0.309804
v -0.006053 -0.192794 -0.091098 0.301961 0.301961 0.309804
v -0.004350 -0.190952 -0.091901 0.301961 0.301961 0.309804
v -0.002685 -0.189603 -0.092713 0.301961 0.301961 0.309804
v -0.001042 -0.187702 -0.093024 0.301961 0.301961 0.309804
v 0.000570 -0.186294 -0.093342 0.301961 0.301961 0.309804
v 0.002152 -0.184356 -0.093155 0.301961 0.301961 0.309804
v 0.003711 -0.182912 -0.092973 0.301961 0.301961 0.309804
v 0.005360 -0.185421 -0.094562 0.301961 0.301961 0.309804
v 0.007012 -0.186856 -0.095358 0.301961 0.301961 0.309804
v 0.008352 -0.180952 -0.092153 0.301961 0.301961 0.309804
v 0.009807 -0.178986 -0.090704 0.301961 0.301961 0.309804
v 0.011110 -0.175142 -0.088058 0.301961 0.301961 0.309804
v 0.012455 -0.172773 -0.085916 0.301961 0.301961 0.309804
v 0.013839 -0.171374 -0.084011 0.301961 0.301961 0.309804
v 0.015285 -0.170918 -0.082310 0.301961 0.301961 0.309804
v 0.018110 -0.184561 -0.086990 0.301961 0.301961 0.309804
v 0.020328 -0.190283 -0.087430 0.301961 0.301961 0.309804
v 0.022792 -0.197236 -0.087964 0.301961 0.301961 0.309804
v 0.024436 -0.196581 -0.084700 0.301961 0.301961 0.309804
v 0.026019 -0.195533 -0.080975 0.301961 0.301961 0.309804
v 0.027597 -0.194541 -0.076996 0.301961 0.301961 0.309804
v 0.029171 -0.193611 -0.072772 0.301961 0.301961 0.309804
v 0.030745 -0.192748 -0.068311 0.301961 0.301961 0.309804
v 0.032321 -0.191958 -0.063625 0.301961 0.301961 0.309804
v 0.033902 -0.191244 -0.058724 0.301961 0.301961 0.309804
v 0.035492 -0.190612 -0.053620 0.301961 0.301961 0.309804
v 0.037174 -0.190477 -0.048430 0.301961 0.301961 0.309804
v 0.038793 -0.190019 -0.042945 0.301961 0.301961 0.309804
v 0.040431 -0.189656 -0.037297 0.301961 0.301961 0.309804
v 0.042091 -0.189392 -0.031498 0.301961 0.301961 0.309804
v 0.043777 -0.189232 -0.025565 0.301961 0.301961 0.309804
v 0.045395 -0.188778 -0.019470 0.301961 0.301961 0.309804
v 0.047140 -0.188836 -0.013327 0.301961 0.301961 0.309804
v 0.048817 -0.188609 -0.007080 0.301961 0.301961 0.309804
v 0.050422 -0.188102 -0.000787 0.301961 0.301961 0.309804
v 0.052057 -0.187713 0.005507 0.301961 0.301961 0.309804
v 0.053837 -0.187836 0.011811 0.301961 0.301961 0.309804
v 0.055660 -0.188073 0.018109 0.301961 0.301961 0.309804
v 0.057650 -0.188816 0.024435 0.301961 0.301961 0.309804
v 0.043442 -0.138025 0.022375 0.301961 0.301961 0.309804
v 0.042357 -0.130654 0.025378 0.301961 0.301961 0.309804
v 0.043926 -0.131634 0.029705 0.301961 0.301961 0.309804
v 0.045273 -0.131893 0.033799 0.301961 0.301961 0.309804
v 0.046795 -0.132614 0.037917 0.301961 0.301961 0.309804
v 0.048218 -0.133001 0.041832 0.301961 0.301961 0.309804
v 0.049827 -0.133847 0.045771 0.301961 0.301961 0.309804
v 0.051331 -0.134350 0.049464 0.301961 0.301961 0.309804
v 0.052874 -0.134906 0.053024 0.301961 0.301961 0.309804
v 0.054457 -0.135510 0.056442 0.301961 0.301961 0.309804
v 0.056081 -0.136159 0.059709 0.301961 0.301961 0.309804
v 0.057745 -0.136850 0.062817 0.301961 0.301961 0.309804
v 0.059450 -0.137578 0.065758 0.301961 0.301961 0.309804
v 0.061196 -0.138340 0.068522 0.301961 0.301961 0.309804
v 0.063169 -0.139547 0.071315 0.301961 0.301961 0.309804
v 0.064807 -0.139948 0.073494 0.301961 0.301961 0.309804
v 0.066671 -0.140786 0.075689 0.301961 0.301961 0.309804
v 0.068574 -0.141640 0.077681 0.301961 0.301961 0.309804
v 0.070303 -0.142081 0.079229 0.301961 0.301961 0.309804
v 0.072272 -0.142952 0.080796 0.301961 0.301961 0.309804
v 0.074053 -0.143396 0.081901 0.301961 0.301961 0.309804
v 0.075854 -0.143833 0.082780 0.301961 0.301961 0.309804
v 0.077908 -0.144695 0.083684 0.301961 0.301961 0.309804
v 0.079749 -0.145107 0.084110 0.301961 0.301961 0.309804
v 0.081851 -0.145940 0.084562 0.301961 0.301961 0.309804
v 0.083723 -0.146310 0.084533 0.301961 0.301961 0.309804
v 0.085604 -0.146651 0.084277 0.301961 0.301961 0.309804
v 0.087756 -0.147406 0.084051 0.301961 0.301961 0.309804
v 0.089651 -0.147679 0.083347 0.301961 0.301961 0.309804
v 0.091546 -0.147911 0.082423 0.301961 0.301961 0.309804
v 0.093437 -0.148097 0.081284 0.301961 0.301961 0.309804
v 0.095322 -0.148236 0.079933 0.301961 0.301961 0.309804
v 0.097197 -0.148322 0.078376 0.301961 0.301961 0.309804
v 0.099365 -0.148813 0.076856 0.301961 0.301961 0.309804
v 0.101217 -0.148788 0.074898 0.301961 0.301961 0.309804
v 0.103049 -0.148702 0.072752 0.301961 0.301961 0.309804
v 0.105184 -0.149016 0.070643 0.301961 0.301961 0.309804
v 0.106973 -0.148802 0.068133 0.301961 0.301961 0.309804
v 0.108732 -0.148521 0.065455 0.301961 0.301961 0.309804
v 0.110457 -0.148170 0.062619 0.301961 0.301961 0.309804
v 0.112146 -0.147749 0.059632 0.301961 0.301961 0.309804
v 0.113795 -0.147255 0.056504 0.301961 0.301961 0.309804
v 0.115401 -0.146688 0.053244 0.301961 0.301961 0.309804
v 0.116961 -0.146047 0.049862 0.301961 0.301961 0.309804
v 0.118471 -0.145332 0.046367 0.301961 0.301961 0.309804
v 0.119930 -0.144544 0.042770 0.301961 0.301961 0.309804
v 0.121333 -0.143681 0.039081 0.301961 0.301961 0.309804
v 0.122679 -0.142744 0.035310 0.301961 0.301961 0.309804
v 0.123964 -0.141735 0.031469 0.301961 0.301961 0.309804
v 0.125592 -0.141108 0.027656 0.301961 0.301961 0.309804
v 0.126755 -0.139953 0.023693 0.301961 0.301961 0.309804
v 0.127850 -0.138729 0.019692 0.301961 0.301961 0.309804
v 0.129296 -0.137883 0.015715 0.301961 0.301961 0.309804
v 0.130680 -0.136965 0.011695 0.301961 0.301961 0.309804
v 0.131999 -0.135975 0.007644 0.301961 0.301961 0.309804
v 0.133685 -0.135352 0.003583 0.301961 0.301961 0.309804
v 0.134874 -0.134219 -0.000512 0.301961 0.301961 0.309804
v 0.135992 -0.133018 -0.004606 0.301961 0.301961 0.309804
v 0.137926 -0.132604 -0.008744 0.301961 0.301961 0.309804
v 0.139799 -0.132108 -0.012912 0.301961 0.301961 0.309804
v 0.141160 -0.131114 -0.017044 0.301961 0.301961 0.309804
v 0.206190 -0.188242 -0.030623 0.301961 0.301961 0.309804
v 0.225020 -0.201917 -0.039529 0.301961 0.301961 0.309804
v 0.227010 -0.200211 -0.045896 0.301961 0.301961 0.309804
v 0.229343 -0.198797 -0.052295 0.301961 0.301961 0.309804
v 0.230643 -0.196484 -0.058393 0.301961 0.301961 0.309804
v 0.231822 -0.194082 -0.064359 0.301961 0.301961 0.309804
v 0.234269 -0.192738 -0.070595 0.301961 0.301961 0.309804
v 0.237528 -0.192027 -0.077031 0.301961 0.301961 0.309804
v 0.238351 -0.189335 -0.082586 0.301961 0.301961 0.309804
v 0.239053 -0.186571 -0.087940 0.301961 0.301961 0.309804
v 0.240565 -0.184452 -0.093441 0.301961 0.301961 0.309804
v 0.240565 -0.181195 -0.098178 0.301961 0.301961 0.309804
v 0.240449 -0.177893 -0.102653 0.301961 0.301961 0.309804
v 0.240221 -0.174552 -0.106853 0.301961 0.301961 0.309804
v 0.239884 -0.171178 -0.110767 0.301961 0.301961 0.309804
v 0.238980 -0.167452 -0.114164 0.301961 0.301961 0.309804
v 0.238440 -0.164035 -0.117470 0.301961 0.301961 0.309804
v 0.237804 -0.160602 -0.120461 0.301961 0.301961 0.309804
v 0.237077 -0.157159 -0.123130 0.301961 0.301961 0.309804
v 0.236266 -0.153711 -0.125470 0.301961 0.301961 0.309804
v 0.234918 -0.149972 -0.127228 0.301961 0.301961 0.309804
v 0.233953 -0.146537 -0.128888 0.301961 0.301961 0.309804
v 0.232921 -0.143113 -0.130204 0.301961 0.301961 0.309804
v 0.231826 -0.139705 -0.131171 0.301961 0.301961 0.309804
v 0.230228 -0.136053 -0.131532 0.301961 0.301961 0.309804
v 0.229031 -0.132697 -0.131796 0.301961 0.301961 0.309804
v 0.227791 -0.129370 -0.131708 0.301961 0.301961 0.309804
v 0.226076 -0.125832 -0.131012 0.301961 0.301961 0.309804
v 0.224774 -0.122583 -0.130222 0.301961 0.301961 0.309804
v 0.223016 -0.119143 -0.128833 0.301961 0.301961 0.309804
v 0.221681 -0.115985 -0.127353 0.301961 0.301961 0.309804
v 0.220339 -0.112875 -0.125532 0.301961 0.301961 0.309804
v 0.218997 -0.109814 -0.123376 0.301961 0.301961 0.309804
v 0.217236 -0.106598 -0.120654 0.301961 0.301961 0.309804
v 0.215917 -0.103651 -0.117851 0.301961 0.301961 0.309804
v 0.214619 -0.100760 -0.114732 0.301961 0.301961 0.309804
v 0.212931 -0.097735 -0.111089 0.301961 0.301961 0.309804
v 0.211699 -0.094967 -0.107373 0.301961 0.301961 0.309804
v 0.210507 -0.092259 -0.103370 0.301961 0.301961 0.309804
v 0.208953 -0.089436 -0.098897 0.301961 0.301961 0.309804
v 0.207867 -0.086855 -0.094361 0.301961 0.301961 0.309804
v 0.206841 -0.084335 -0.089573 0.301961 0.301961 0.309804
v 0.205882 -0.081877 -0.084546 0.301961 0.301961 0.309804
v 0.204592 -0.079322 -0.079136 0.301961 0.301961 0.309804
v 0.203384 -0.076837 -0.073536 0.301961 0.301961 0.309804
v 0.202662 -0.074567 -0.067895 0.301961 0.301961 0.309804
v 0.201629 -0.072212 -0.061949 0.301961 0.301961 0.309804
v 0.200294 -0.069784 -0.055751 0.301961 0.301961 0.309804
v 0.199456 -0.067561 -0.049550 0.301961 0.301961 0.309804
v 0.198720 -0.065399 -0.043241 0.301961 0.301961 0.309804
v 0.197693 -0.063171 -0.036768 0.301961 0.301961 0.309804
v 0.195194 -0.060516 -0.030005 0.301961 0.301961 0.309804
v 0.191226 -0.057479 -0.023126 0.301961 0.301961 0.309804
v 0.190131 -0.055364 -0.016688 0.301961 0.301961 0.309804
v 0.189539 -0.053421 -0.010307 0.301961 0.301961 0.309804
v 0.189453 -0.051638 -0.003960 0.301961 0.301961 0.309804
v 0.189080 -0.049791 0.002366 0.301961 0.301961 0.309804
v 0.188817 -0.047988 0.008631 0.301961 0.301961 0.309804
v 0.189460 -0.046421 0.014883 0.301961 0.301961 0.309804
v 0.189814 -0.044783 0.021050 0.301961 0.301961 0.309804
v 0.190681 -0.043261 0.027191 0.301961 0.301961 0.309804
v 0.191254 -0.041667 0.033189 0.301961 0.301961 0.309804
v 0.192748 -0.040262 0.039238 0.301961 0.301961 0.309804
v 0.194765 -0.038940 0.045303 0.301961 0.301961 0.309804
v 0.197726 -0.037768 0.051510 0.301961 0.301961 0.309804
v 0.199154 -0.036269 0.057199 0.301961 0.301961 0.309804
v 0.132409 -0.022939 0.041391 0.301961 0.301961 0.309804
v 0.133486 -0.021944 0.044933 0.301961 0.301961 0.309804
v 0.135052 -0.021009 0.048507 0.301961 0.301961 0.309804
v 0.136688 -0.020060 0.051974 0.301961 0.301961 0.309804
v 0.138390 -0.019093 0.055321 0.301961 0.301961 0.309804
v 0.139720 -0.018051 0.058358 0.301961 0.301961 0.309804
v 0.141545 -0.017047 0.061430 0.301961 0.301961 0.309804
v 0.143428 -0.016021 0.064356 0.301961 0.301961 0.309804
v 0.144916 -0.014923 0.066918 0.301961 0.301961 0.309804
v 0.146903 -0.013848 0.069517 0.301961 0.301961 0.309804
v 0.148478 -0.012705 0.071722 0.301961 0.301961 0.309804
v 0.150553 -0.011576 0.073964 0.301961 0.301961 0.309804
v 0.152198 -0.010382 0.075785 0.301961 0.301961 0.309804
v 0.153870 -0.009163 0.077404 0.301961 0.301961 0.309804
v 0.156044 -0.007942 0.079060 0.301961 0.301961 0.309804
v 0.157759 -0.006666 0.080264 0.301961 0.301961 0.309804
v 0.159487 -0.005361 0.081254 0.301961 0.301961 0.309804
v 0.161222 -0.004027 0.082027 0.301961 0.301961 0.309804
v 0.163462 -0.002672 0.082835 0.301961 0.301961 0.309804
v 0.164695 -0.001271 0.082913 0.301961 0.301961 0.309804
f 7 709 8
f 16 651 19
f 647 16 14
f 647 16 651
f 488 491 490
f 558 583 643
f 291 183 290
f 10 11 709
f 12 11 709
f 12 11 7
f 12 6 7
f 12 6 11
f 63 180 64
f 63 177 180
f 20 651 19
f 20 21 651
f 20 694 21
f 20 694 651
f 20 6 21
f 644 7 709
f 652 561 651
f 652 561 651
f 652 653 561
f 652 21 651
f 502 406 500
f 395 394 494
f 395 491 394
f 393 491 394
f 393 394 494
f 393 294 292
f 393 394 292
f 390 491 490
f 390 291 290
f 390 291 292
f 385 491 386
f 371 365 372
f 489 376 488
f 489 380 488
f 489 380 488
f 489 385 386
f 489 385 488
f 489 390 490
f 489 390 488
f 489 393 394
f 489 393 488
f 489 395 394
f 489 395 488
f 489 488 490
f 483 727 728
f 483 489 488
f 483 395 488
f 657 644 656
f 655 653 561
f 693 644 694
f 693 694 649
f 693 694 651
f 693 652 651
f 693 652 654
f 693 694 21
f 692 76 78
f 692 76 696
f 692 643 696
f 692 693 643
f 692 644 643
f 692 693 644
f 692 693 649
f 692 55 59
f 692 693 651
f 692 693 652
f 77 76 696
f 77 177 178
f 77 177 178
f 79 77 78
f 176 63 177
f 176 79 78
f 176 79 177
f 176 77 78
f 176 77 177
f 176 77 76
f 176 77 177
f 36 692 35
f 36 692 693
f 36 693 694
f 36 710 35
f 36 710 703
f 149 50 72
f 44 693 694
f 296 193 294
f 298 395 394
f 298 395 394
f 185 183 294
f 185 183 294
f 185 291 183
f 185 298 183
f 185 291 183
f 185 183 290
f 185 183 288
f 185 183 180
f 664 561 663
f 664 677 661
f 664 660 673
f 664 660 661
f 664 668 673
f 664 665 668
f 329 210 330
f 281 180 279
f 281 185 283
f 179 72 180
f 179 185 180
f 179 77 76
f 179 77 178
f 179 77 178
f 69 692 55
f 25 6 709
f 9 709 8
f 9 10 709
f 9 7 709
f 9 11 7
f 9 10 11
f 9 6 11
f 9 10 6
f 125 10 126
f 125 12 126
f 125 9 10
f 125 9 126
f 125 20 126
f 125 20 126
f 436 419 420
f 436 440 418
f 436 419 418
f 671 668 561
f 671 668 673
f 451 86 330
f 293 291 193
f 640 710 643
f 711 710 705
f 702 36 710
f 702 36 35
f 702 36 703
f 702 710 84
f 702 33 35
f 702 33 703
f 702 33 31
f 702 33 703
f 704 33 703
f 704 702 644
f 704 33 705
f 704 33 703
f 704 702 25
f 517 516 421
f 517 436 516
f 646 644 694
f 646 647 16
f 646 647 561
f 646 693 694
f 646 693 644
f 646 693 644
f 499 612 500
f 499 602 500
f 495 602 494
f 495 602 496
f 495 395 394
f 398 298 397
f 398 298 299
f 398 495 496
f 398 495 494
f 398 329 330
f 398 494 493
f 417 436 419
f 613 612 500
f 613 502 500
f 613 502 612
f 613 612 6
f 613 612 6
f 610 489 7
f 610 489 488
f 405 407 448
f 405 329 403
f 405 407 329
f 396 494 493
f 396 395 494
f 396 495 494
f 396 495 395
f 396 491 490
f 396 395 491
f 396 495 496
f 396 489 490
f 396 489 395
f 396 489 488
f 396 489 395
f 396 483 395
f 396 298 397
f 396 298 395
f 396 298 299
f 396 298 395
f 392 489 488
f 392 489 393
f 392 489 490
f 392 489 393
f 392 491 490
f 392 393 491
f 392 393 294
f 392 393 294
f 392 393 494
f 389 491 386
f 389 390 491
f 389 489 390
f 389 489 390
f 389 291 386
f 389 390 291
f 389 390 291
f 384 385 491
f 384 489 381
f 384 489 385
f 384 489 488
f 384 489 385
f 384 283 381
f 384 385 283
f 349 380 346
f 486 365 488
f 486 371 488
f 486 365 369
f 486 371 488
f 486 380 488
f 486 380 488
f 486 384 385
f 486 385 488
f 486 483 385
f 486 389 390
f 486 389 483
f 486 390 488
f 486 483 390
f 486 392 488
f 486 392 483
f 486 392 393
f 486 392 483
f 486 393 488
f 486 483 488
f 486 483 393
f 480 483 491
f 480 483 488
f 480 483 395
f 480 483 393
f 480 392 483
f 480 392 483
f 480 389 483
f 480 483 390
f 482 483 365
f 482 483 369
f 482 483 371
f 482 480 483
f 482 483 380
f 482 480 380
f 482 483 380
f 482 480 380
f 482 384 483
f 482 480 384
f 482 483 385
f 482 480 385
f 482 480 483
f 659 660 561
f 659 657 561
f 659 677 644
f 659 660 673
f 659 677 673
f 659 677 660
f 659 657 644
f 22 652 654
f 22 652 21
f 22 652 651
f 22 652 21
f 22 693 651
f 22 693 21
f 22 693 694
f 22 693 694
f 22 704 702
f 22 125 126
f 22 125 126
f 22 6 709
f 22 6 21
f 5 33 705
f 5 25 6
f 5 711 710
f 5 710 705
f 5 704 33
f 5 704 33
f 5 35 84
f 5 710 35
f 5 704 710
f 5 710 703
f 5 704 703
f 5 704 710
f 1 6 728
f 1 5 6
f 18 20 19
f 18 20 6
f 18 694 647
f 18 125 126
f 15 16 709
f 15 126 16
f 15 125 126
f 15 125 126
f 13 125 126
f 13 125 12
f 13 12 6
f 13 15 709
f 13 15 6
f 13 15 6
f 13 709 14
f 13 12 709
f 13 647 651
f 13 647 14
f 122 22 123
f 122 22 21
f 122 20 21
f 122 20 19
f 122 10 11
f 122 12 11
f 122 18 19
f 122 7 123
f 122 9 123
f 122 9 10
f 122 13 12
f 122 13 123
f 122 15 16
f 122 15 123
f 51 692 52
f 51 692 693
f 51 52 696
f 51 50 72
f 197 296 196
f 197 293 196
f 197 293 196
f 197 196 291
f 306 413 415
f 85 558 643
f 85 76 78
f 85 643 696
f 85 692 78
f 85 692 696
f 85 710 643
f 85 558 643
f 85 710 643
f 85 86 558
f 85 86 710
f 85 692 696
f 85 79 696
f 85 77 76
f 85 77 196
f 85 77 196
f 85 86 448
f 85 710 84
f 89 211 584
f 89 710 584
f 89 5 710
f 89 5 84
f 695 51 52
f 695 51 693
f 695 51 693
f 695 693 643
f 695 693 694
f 695 644 694
f 695 702 644
f 695 44 42
f 695 44 694
f 695 22 694
f 695 22 702
f 695 36 35
f 695 36 694
f 695 22 694
f 695 22 702
f 48 693 694
f 48 695 694
f 48 692 693
f 48 695 696
f 48 692 691
f 48 77 78
f 48 44 77
f 48 79 80
f 48 79 77
f 48 79 77
f 48 667 47
f 48 667 50
f 75 692 691
f 75 692 76
f 75 692 76
f 75 51 696
f 75 51 76
f 75 693 696
f 75 692 693
f 75 692 693
f 75 179 178
f 75 179 178
f 75 177 178
f 75 177 178
f 75 176 74
f 75 176 76
f 75 176 177
f 75 176 177
f 648 693 644
f 648 692 693
f 648 692 693
f 648 692 649
f 648 692 644
f 648 693 694
f 648 693 694
f 648 561 649
f 648 694 647
f 648 561 651
f 648 647 561
f 648 20 694
f 648 647 651
f 648 694 649
f 648 20 694
f 648 20 651
f 648 20 651
f 192 75 76
f 192 75 193
f 192 179 178
f 192 177 178
f 192 79 177
f 192 176 79
f 192 176 79
f 192 79 80
f 39 84 38
f 39 40 84
f 39 695 696
f 39 695 40
f 39 695 694
f 39 695 40
f 39 693 694
f 39 40 693
f 39 692 693
f 39 40 692
f 39 692 691
f 39 40 692
f 39 667 38
f 39 667 40
f 41 695 42
f 41 695 40
f 41 44 82
f 41 695 694
f 41 695 40
f 41 693 694
f 41 40 693
f 41 692 693
f 41 40 692
f 41 692 42
f 41 40 692
f 41 667 42
f 41 667 40
f 83 39 40
f 83 39 84
f 83 41 82
f 83 41 82
f 83 44 82
f 83 85 82
f 161 89 204
f 161 85 86
f 43 692 693
f 43 44 693
f 43 44 692
f 43 692 42
f 43 44 692
f 43 667 42
f 43 83 44
f 46 667 47
f 46 43 667
f 81 41 44
f 81 46 80
f 81 46 82
f 81 48 80
f 32 33 31
f 32 695 694
f 32 695 33
f 32 693 694
f 32 33 693
f 32 692 693
f 32 33 692
f 32 33 692
f 32 665 663
f 32 29 663
f 32 125 126
f 32 125 33
f 32 122 123
f 34 693 694
f 34 33 693
f 34 695 694
f 34 695 33
f 34 695 33
f 34 692 693
f 34 33 692
f 34 692 35
f 34 33 692
f 34 32 665
f 94 5 33
f 157 48 50
f 195 296 196
f 195 293 196
f 195 293 196
f 195 196 291
f 195 196 287
f 195 193 287
f 195 196 287
f 297 185 183
f 297 185 298
f 297 197 296
f 297 195 296
f 297 195 298
f 182 63 64
f 182 63 183
f 182 183 288
f 182 283 181
f 182 283 183
f 182 281 283
f 182 281 283
f 182 281 279
f 182 281 183
f 182 179 181
f 285 283 183
f 285 185 183
f 285 185 283
f 285 195 193
f 285 195 196
f 285 287 199
f 285 386 334
f 285 385 386
f 285 385 283
f 37 667 38
f 37 34 667
f 37 83 84
f 37 692 691
f 37 36 692
f 37 692 693
f 37 36 692
f 37 84 38
f 37 702 84
f 37 702 36
f 37 36 710
f 37 702 710
f 37 702 36
f 37 693 694
f 37 36 693
f 37 695 694
f 37 695 36
f 37 695 696
f 37 695 36
f 277 180 279
f 277 182 279
f 277 182 183
f 277 376 279
f 277 380 279
f 272 274 180
f 272 182 274
f 272 182 274
f 201 293 291
f 206 207 86
f 206 207 89
f 206 207 285
f 315 201 296
f 315 293 296
f 315 197 196
f 315 195 196
f 280 185 183
f 280 281 183
f 280 281 185
f 280 195 193
f 280 195 281
f 280 195 279
f 280 195 281
f 280 281 329
f 280 281 381
f 280 380 381
f 282 281 185
f 282 195 283
f 282 195 281
f 282 280 206
f 282 280 210
f 282 281 329
f 282 280 281
f 73 179 181
f 73 179 72
f 73 182 181
f 73 182 72
f 73 179 178
f 73 179 72
f 73 177 178
f 73 177 72
f 73 185 72
f 73 176 177
f 73 176 177
f 73 176 74
f 73 176 72
f 73 192 193
f 73 192 72
f 73 692 691
f 73 149 77
f 73 48 77
f 73 48 149
f 73 692 693
f 73 51 50
f 73 693 696
f 73 51 52
f 73 51 72
f 73 55 696
f 73 693 55
f 680 659 644
f 680 659 657
f 127 9 126
f 127 9 10
f 127 10 126
f 127 128 10
f 127 12 126
f 127 128 12
f 127 13 12
f 127 13 128
f 127 13 126
f 127 13 128
f 127 32 33
f 127 32 33
f 127 126 16
f 127 128 16
f 127 32 126
f 127 32 128
f 127 18 126
f 127 20 126
f 127 128 20
f 127 20 126
f 127 128 20
f 127 22 126
f 127 22 128
f 127 22 126
f 127 22 128
f 619 644 620
f 619 620 7
f 619 620 7
f 619 617 7
f 492 482 480
f 492 389 491
f 492 389 390
f 492 398 493
f 492 390 493
f 492 390 491
f 492 396 493
f 492 396 491
f 492 392 493
f 492 392 491
f 492 396 395
f 492 396 395
f 492 392 393
f 492 392 393
f 492 395 394
f 492 395 491
f 492 393 394
f 492 393 491
f 129 128 12
f 129 13 128
f 129 13 130
f 129 13 128
f 129 16 130
f 129 128 16
f 129 20 130
f 129 128 20
f 129 34 33
f 129 20 21
f 129 128 20
f 129 32 33
f 129 32 33
f 129 22 21
f 129 22 128
f 129 32 130
f 129 32 128
f 129 22 130
f 129 22 128
f 124 12 11
f 124 125 12
f 124 10 11
f 124 125 10
f 124 13 12
f 124 13 125
f 124 9 10
f 124 125 9
f 124 13 123
f 124 13 125
f 124 9 123
f 124 125 9
f 124 15 123
f 124 15 125
f 124 7 123
f 124 125 7
f 124 15 16
f 124 15 125
f 124 18 19
f 124 18 125
f 124 20 19
f 124 125 20
f 124 20 21
f 124 125 20
f 124 22 21
f 124 22 125
f 124 22 123
f 124 22 125
f 124 32 123
f 124 32 125
f 131 16 130
f 131 20 130
f 131 20 21
f 131 22 21
f 131 22 130
f 131 32 130
f 131 32 33
f 131 34 33
f 131 34 35
f 131 34 133
f 134 22 135
f 134 22 135
f 134 131 22
f 134 131 22
f 134 131 20
f 134 131 20
f 134 36 35
f 134 34 35
f 134 34 133
f 134 34 33
f 134 32 135
f 134 131 32
f 134 32 33
f 134 131 34
f 134 131 34
f 134 131 32
f 426 436 516
f 674 63 673
f 674 675 63
f 674 555 675
f 674 59 673
f 674 675 59
f 674 57 673
f 674 675 57
f 674 677 673
f 674 675 677
f 674 675 664
f 674 664 677
f 674 664 665
f 674 675 664
f 674 50 673
f 674 675 50
f 674 677 660
f 674 677 660
f 674 664 660
f 674 664 660
f 674 665 668
f 674 48 675
f 674 48 675
f 674 46 675
f 674 34 675
f 674 46 43
f 674 37 675
f 674 43 675
f 674 37 675
f 674 41 675
f 674 39 675
f 674 41 675
f 674 39 675
f 552 674 430
f 552 674 673
f 552 668 561
f 552 667 668
f 552 561 663
f 552 664 561
f 552 664 665
f 552 664 665
f 67 555 677
f 439 519 440
f 439 436 519
f 439 412 413
f 439 414 413
f 439 414 440
f 439 440 415
f 439 417 440
f 439 436 440
f 439 417 440
f 439 417 436
f 453 517 516
f 453 515 516
f 453 515 455
f 453 405 406
f 453 407 406
f 522 439 523
f 522 523 520
f 524 439 523
f 328 412 440
f 328 439 412
f 328 405 407
f 328 405 329
f 328 86 448
f 328 206 86
f 328 206 207
f 328 206 86
f 328 282 329
f 328 329 210
f 328 282 280
f 637 640 710
f 637 702 710
f 641 583 643
f 641 640 643
f 641 640 583
f 641 574 583
f 641 640 710
f 604 482 483
f 604 489 488
f 604 489 490
f 28 702 703
f 28 702 29
f 28 704 703
f 28 704 29
f 28 704 27
f 28 695 694
f 28 695 29
f 28 5 707
f 28 693 694
f 28 29 693
f 28 692 693
f 28 29 692
f 28 122 27
f 28 122 29
f 28 124 27
f 28 124 29
f 28 29 663
f 28 124 125
f 28 124 125
f 28 27 661
f 28 29 661
f 28 125 27
f 28 125 29
f 28 127 27
f 28 127 29
f 28 660 661
f 28 660 27
f 28 660 27
f 28 127 128
f 28 127 29
f 28 129 128
f 28 129 29
f 28 129 27
f 28 129 29
f 28 131 27
f 28 131 29
f 28 134 131
f 28 134 131
f 28 134 27
f 28 134 29
f 24 704 702
f 24 704 702
f 24 695 694
f 24 695 25
f 24 693 694
f 24 25 693
f 24 25 692
f 24 693 654
f 24 25 655
f 24 25 657
f 24 25 657
f 24 134 135
f 24 134 25
f 24 134 131
f 24 134 131
f 24 131 130
f 24 131 25
f 24 129 130
f 24 129 25
f 24 129 128
f 24 129 25
f 24 127 128
f 24 127 25
f 24 127 126
f 24 127 25
f 24 125 126
f 24 125 25
f 24 124 125
f 24 124 125
f 24 124 123
f 24 124 25
f 24 122 123
f 24 122 25
f 26 704 703
f 26 704 25
f 26 702 703
f 26 702 25
f 26 704 27
f 26 5 707
f 26 695 694
f 26 695 25
f 26 693 694
f 26 25 693
f 26 5 25
f 26 692 693
f 26 25 692
f 26 122 27
f 26 122 25
f 26 124 27
f 26 124 25
f 26 124 125
f 26 124 125
f 26 25 657
f 26 125 27
f 26 125 25
f 26 127 27
f 26 127 25
f 26 127 128
f 26 127 25
f 26 129 128
f 26 129 25
f 26 129 27
f 26 129 25
f 26 134 27
f 26 134 25
f 26 131 27
f 26 131 25
f 26 134 131
f 26 134 131
f 518 517 436
f 518 439 519
f 518 439 436
f 518 439 436
f 633 704 644
f 633 581 632
f 633 704 710
f 633 632 710
f 708 644 709
f 708 633 707
f 708 633 632
f 708 633 632
f 708 704 702
f 708 646 694
f 708 22 21
f 708 644 694
f 708 702 644
f 708 646 16
f 708 646 694
f 708 22 709
f 708 20 21
f 708 22 702
f 708 22 704
f 708 22 704
f 708 709 14
f 708 16 14
f 708 16 709
f 708 20 19
f 708 20 694
f 708 20 694
f 708 24 704
f 708 18 19
f 708 18 694
f 708 695 694
f 708 695 702
f 708 695 702
f 708 25 709
f 708 24 25
f 708 24 704
f 708 26 707
f 708 25 6
f 708 26 25
f 708 26 5
f 708 5 6
f 708 26 5
f 626 644 627
f 626 708 627
f 626 708 707
f 626 711 627
f 626 711 710
f 498 496 612
f 498 499 612
f 498 499 602
f 399 398 298
f 399 398 298
f 399 398 495
f 399 398 329
f 511 509 417
f 511 509 417
f 511 509 415
f 511 413 415
f 511 509 415
f 504 502 415
f 504 502 411
f 504 502 406
f 607 610 502
f 607 499 500
f 607 498 499
f 607 610 602
f 607 495 496
f 607 495 494
f 607 494 493
f 607 492 493
f 607 492 491
f 607 491 490
f 607 489 490
f 607 489 488
f 607 6 7
f 611 502 612
f 611 610 502
f 611 499 612
f 611 610 499
f 611 498 499
f 611 498 610
f 611 498 496
f 611 498 610
f 611 602 612
f 611 610 602
f 611 610 495
f 611 607 610
f 611 610 495
f 611 610 494
f 611 612 727
f 611 610 727
f 611 612 6
f 611 610 6
f 611 612 6
f 611 610 6
f 388 489 386
f 388 389 386
f 388 389 489
f 388 489 488
f 388 389 489
f 388 486 488
f 388 486 389
f 388 486 483
f 388 486 389
f 388 480 483
f 388 480 389
f 388 386 288
f 388 389 386
f 388 329 287
f 388 287 288
f 388 329 287
f 388 389 329
f 458 459 389
f 458 459 390
f 458 388 459
f 458 459 392
f 458 459 392
f 458 459 393
f 458 459 583
f 458 459 395
f 458 459 396
f 458 459 396
f 458 522 523
f 458 459 398
f 458 399 459
f 458 518 459
f 458 518 459
f 458 459 406
f 458 459 405
f 458 459 517
f 458 459 515
f 458 459 515
f 458 459 509
f 408 407 406
f 408 459 406
f 408 504 406
f 408 453 407
f 408 328 407
f 347 380 381
f 347 349 380
f 347 349 380
f 347 384 385
f 347 591 711
f 347 270 346
f 347 349 270
f 347 349 274
f 375 486 376
f 375 486 374
f 375 482 483
f 375 482 374
f 375 482 480
f 375 482 480
f 375 272 374
f 375 277 349
f 375 277 374
f 373 486 488
f 373 486 374
f 373 272 374
f 373 482 483
f 373 482 374
f 373 272 365
f 373 272 274
f 487 489 602
f 487 604 488
f 487 604 486
f 487 483 489
f 487 486 483
f 487 483 489
f 487 598 489
f 487 492 595
f 378 482 483
f 378 482 483
f 378 376 488
f 378 486 488
f 378 486 376
f 378 482 480
f 378 482 480
f 378 349 346
f 378 376 279
f 378 349 346
f 378 349 376
f 383 482 483
f 383 482 384
f 383 384 488
f 383 486 488
f 383 486 384
f 383 482 480
f 383 482 480
f 383 347 384
f 383 281 283
f 383 384 283
f 383 282 281
f 350 349 380
f 350 378 349
f 350 349 270
f 350 375 349
f 367 482 365
f 471 399 398
f 471 399 495
f 501 499 500
f 501 602 500
f 501 602 502
f 501 607 500
f 501 607 502
f 501 607 502
f 370 483 371
f 370 482 483
f 370 482 483
f 370 362 369
f 370 367 360
f 370 371 365
f 221 220 334
f 221 220 710
f 219 272 220
f 219 218 710
f 219 220 710
f 219 263 161
f 87 5 710
f 87 85 710
f 87 85 86
f 87 85 86
f 3 1 5
f 3 1 5
f 601 723 602
f 601 604 711
f 601 482 483
f 601 487 486
f 601 487 489
f 601 487 489
f 601 489 490
f 601 489 602
f 601 491 490
f 601 602 491
f 601 492 491
f 601 492 602
f 601 492 600
f 601 492 602
f 601 494 600
f 601 602 494
f 601 602 494
f 120 6 7
f 559 674 555
f 559 674 555
f 559 674 673
f 559 552 673
f 62 674 675
f 62 674 675
f 62 674 673
f 62 674 63
f 62 671 63
f 62 182 183
f 62 182 63
f 62 182 61
f 62 182 63
f 62 61 180
f 62 63 180
f 62 177 61
f 62 63 177
f 62 176 177
f 62 176 63
f 62 63 64
f 62 63 61
f 60 674 675
f 60 674 675
f 60 674 673
f 60 674 59
f 60 59 673
f 60 182 61
f 60 180 181
f 60 61 180
f 60 177 61
f 56 674 675
f 56 674 57
f 56 67 55
f 53 674 675
f 53 674 673
f 53 692 52
f 53 692 693
f 53 695 693
f 53 695 52
f 53 52 696
f 53 73 52
f 53 73 72
f 53 157 50
f 184 306 671
f 184 306 671
f 184 671 63
f 184 671 185
f 184 63 183
f 184 185 63
f 184 73 185
f 184 73 182
f 184 185 183
f 184 182 183
f 184 73 182
f 184 179 185
f 184 182 179
f 184 73 186
f 184 73 185
f 184 75 186
f 184 75 179
f 184 182 179
f 184 179 185
f 184 179 76
f 184 75 76
f 184 75 179
f 672 306 185
f 672 306 671
f 672 63 673
f 672 185 63
f 672 671 185
f 672 62 63
f 672 62 671
f 672 62 673
f 672 62 671
f 672 671 673
f 672 60 673
f 672 60 671
f 672 60 673
f 672 60 671
f 672 57 673
f 672 57 671
f 672 56 57
f 672 56 57
f 672 53 673
f 672 50 673
f 672 674 50
f 672 674 48
f 672 674 48
f 672 674 46
f 672 674 46
f 672 674 43
f 672 674 41
f 672 674 41
f 672 674 39
f 672 674 39
f 672 674 37
f 672 674 37
f 672 37 34
f 672 674 34
f 672 671 668
f 672 674 668
f 672 34 32
f 672 674 34
f 672 675 665
f 672 674 665
f 672 674 675
f 571 558 583
f 571 572 583
f 571 572 558
f 571 572 644
f 571 572 644
f 571 572 527
f 573 574 583
f 573 572 583
f 573 574 644
f 573 572 644
f 573 574 644
f 573 572 644
f 573 574 527
f 573 572 527
f 699 85 82
f 699 83 82
f 699 81 41
f 699 81 41
f 699 28 695
f 699 26 695
f 699 26 695
f 699 28 695
f 699 24 695
f 699 695 702
f 699 24 695
f 45 695 694
f 45 695 44
f 45 693 694
f 45 44 693
f 45 695 696
f 45 695 44
f 45 692 693
f 45 44 692
f 45 48 696
f 45 48 44
f 45 48 78
f 45 48 44
f 45 692 691
f 45 46 80
f 45 44 692
f 45 79 78
f 45 44 79
f 45 79 80
f 45 44 79
f 45 81 44
f 45 81 46
f 45 81 44
f 45 81 46
f 45 46 43
f 30 695 694
f 30 695 29
f 30 693 694
f 30 29 693
f 30 699 695
f 30 692 693
f 30 29 692
f 30 702 31
f 30 702 703
f 30 702 29
f 30 704 703
f 30 704 29
f 30 704 705
f 30 5 705
f 30 28 704
f 30 28 704
f 30 122 123
f 30 122 29
f 30 124 123
f 30 124 29
f 30 124 125
f 30 124 125
f 30 125 126
f 30 125 29
f 30 127 126
f 30 127 29
f 30 127 128
f 30 127 29
f 30 129 128
f 30 129 29
f 30 129 130
f 30 129 29
f 30 131 130
f 30 131 29
f 30 134 131
f 30 134 131
f 30 29 135
f 30 134 135
f 30 134 29
f 49 51 693
f 49 48 693
f 49 695 51
f 49 48 695
f 49 51 692
f 49 48 692
f 49 695 51
f 49 48 695
f 49 51 76
f 49 51 692
f 49 48 692
f 49 75 51
f 49 75 51
f 49 48 44
f 49 48 44
f 49 75 77
f 49 73 51
f 49 73 51
f 49 73 48
f 49 48 77
f 49 75 77
f 49 73 50
f 49 149 50
f 49 48 149
f 49 73 149
f 49 73 48
f 92 5 711
f 156 157 46
f 156 157 48
f 156 157 48
f 156 157 50
f 156 53 157
f 156 53 157
f 156 157 57
f 156 157 63
f 156 62 157
f 156 157 61
f 156 62 61
f 156 62 157
f 156 73 157
f 156 73 157
f 156 157 75
f 156 157 75
f 156 157 79
f 156 157 79
f 156 157 81
f 156 157 81
f 156 157 83
f 156 157 83
f 156 89 84
f 156 157 217
f 156 219 157
f 156 219 157
f 156 221 157
f 194 296 193
f 194 195 296
f 194 293 193
f 194 195 293
f 194 297 296
f 194 297 195
f 194 293 291
f 194 195 293
f 194 297 298
f 194 297 195
f 194 291 193
f 194 195 291
f 194 193 287
f 194 195 287
f 194 195 193
f 194 75 193
f 194 73 193
f 194 75 76
f 194 75 196
f 194 192 76
f 194 192 77
f 194 77 196
f 194 192 77
f 194 77 196
f 194 192 79
f 194 85 79
f 194 85 196
f 194 192 79
f 194 85 79
f 194 81 85
f 302 299 411
f 302 406 299
f 302 408 406
f 302 399 398
f 302 398 299
f 302 396 299
f 302 396 395
f 309 419 420
f 309 419 418
f 666 552 426
f 666 552 665
f 666 552 667
f 666 665 668
f 666 667 668
f 666 675 665
f 666 672 667
f 666 672 675
f 666 667 29
f 666 665 663
f 666 29 663
f 666 667 29
f 666 41 667
f 666 32 665
f 666 32 667
f 666 39 667
f 666 34 32
f 666 34 32
f 666 39 667
f 666 34 665
f 666 37 667
f 666 37 34
f 666 37 34
f 284 285 185
f 284 195 283
f 284 285 195
f 284 206 207
f 284 282 206
f 284 328 329
f 284 285 385
f 284 285 385
f 275 274 180
f 275 277 180
f 275 277 274
f 275 182 274
f 275 277 182
f 275 182 274
f 275 277 182
f 275 349 274
f 275 350 349
f 275 373 274
f 275 373 374
f 275 373 374
f 275 375 374
f 275 375 277
f 275 277 274
f 275 375 274
f 275 375 277
f 278 185 183
f 278 277 183
f 278 277 185
f 278 195 279
f 278 277 195
f 278 280 207
f 278 280 210
f 278 214 328
f 278 328 280
f 278 280 329
f 278 349 346
f 278 277 349
f 278 349 376
f 278 277 376
f 278 277 349
f 273 272 274
f 273 272 217
f 273 219 272
f 273 347 274
f 273 347 272
f 273 347 349
f 273 347 272
f 273 350 349
f 273 350 272
f 273 272 274
f 200 85 86
f 200 201 85
f 200 315 313
f 200 315 201
f 200 293 296
f 200 201 293
f 200 293 291
f 200 201 293
f 200 291 290
f 200 201 291
f 200 277 195
f 200 278 277
f 200 278 201
f 200 278 279
f 200 278 201
f 200 285 287
f 200 201 285
f 200 280 279
f 200 280 201
f 200 284 285
f 200 284 201
f 200 280 281
f 200 280 201
f 200 284 283
f 200 284 201
f 200 282 281
f 200 282 201
f 200 282 283
f 200 282 201
f 314 297 296
f 314 297 296
f 314 315 296
f 314 297 298
f 314 298 313
f 314 395 394
f 314 302 395
f 314 396 313
f 314 398 313
f 314 399 398
f 314 405 313
f 314 407 313
f 314 408 407
f 314 408 313
f 314 313 410
f 314 313 410
f 314 412 313
f 314 315 412
f 314 412 313
f 314 315 412
f 314 414 313
f 314 315 414
f 314 414 313
f 314 315 414
f 314 313 415
f 314 315 415
f 314 417 313
f 314 315 417
f 314 417 313
f 314 315 417
f 314 313 419
f 314 315 419
f 314 313 419
f 314 315 419
f 314 313 420
f 314 192 313
f 314 315 192
f 314 194 313
f 314 194 315
f 314 315 195
f 314 194 195
f 314 194 315
f 198 315 313
f 198 315 197
f 198 297 296
f 198 297 197
f 198 197 296
f 198 284 285
f 198 284 283
f 198 284 195
f 198 284 285
f 198 285 195
f 198 293 296
f 198 293 296
f 198 197 293
f 198 285 199
f 198 282 283
f 198 282 195
f 198 285 196
f 198 293 291
f 198 197 293
f 198 287 199
f 198 195 281
f 198 282 281
f 198 282 195
f 198 196 287
f 198 197 196
f 198 291 290
f 198 197 291
f 316 315 195
f 316 194 315
f 316 315 197
f 316 198 315
f 316 198 315
f 316 200 315
f 316 200 315
f 316 315 419
f 316 315 414
f 316 315 417
f 316 315 415
f 316 315 414
f 316 315 412
f 316 315 419
f 316 315 417
f 316 315 412
f 316 314 410
f 316 314 315
f 316 315 293
f 316 314 410
f 316 314 408
f 316 314 408
f 316 314 407
f 316 314 405
f 316 296 294
f 316 315 296
f 316 314 315
f 337 383 281
f 337 383 282
f 337 383 384
f 337 383 282
f 337 384 385
f 337 399 398
f 331 282 281
f 331 280 281
f 331 282 329
f 331 282 329
f 331 278 280
f 331 278 280
f 331 284 285
f 331 284 329
f 331 285 334
f 331 284 285
f 331 285 329
f 331 388 329
f 331 273 275
f 331 386 334
f 331 388 389
f 331 388 389
f 331 389 329
f 331 329 390
f 331 392 329
f 331 392 329
f 331 329 393
f 331 329 395
f 331 396 329
f 331 329 330
f 331 396 329
f 331 398 330
f 331 399 398
f 331 405 403
f 685 75 558
f 685 75 76
f 685 57 59
f 71 185 72
f 71 184 185
f 71 184 182
f 71 184 182
f 71 182 72
f 71 73 692
f 71 72 180
f 71 73 692
f 71 692 693
f 71 179 72
f 71 73 55
f 71 73 693
f 71 53 72
f 71 179 72
f 71 177 72
f 71 176 177
f 71 176 72
f 71 156 157
f 557 559 677
f 557 559 675
f 557 71 73
f 557 75 558
f 557 194 75
f 557 194 75
f 557 75 76
f 557 75 196
f 557 85 76
f 557 85 196
f 557 85 197
f 557 439 197
f 557 198 85
f 557 198 85
f 557 200 85
f 557 201 85
f 557 200 201
f 556 557 680
f 556 559 555
f 556 557 559
f 556 559 555
f 556 557 559
f 556 71 192
f 556 557 71
f 556 315 192
f 556 192 72
f 556 194 315
f 556 314 315
f 556 73 72
f 556 557 73
f 556 194 73
f 556 555 192
f 556 314 192
f 556 194 73
f 556 557 73
f 556 557 194
f 556 439 555
f 556 557 439
f 556 194 195
f 556 557 194
f 189 71 192
f 189 73 192
f 189 73 192
f 189 75 186
f 189 192 75
f 189 75 76
f 189 192 75
f 189 77 76
f 189 192 77
f 189 179 77
f 189 192 179
f 189 179 77
f 189 192 77
f 189 192 179
f 543 559 555
f 159 71 157
f 159 157 63
f 159 62 157
f 159 62 157
f 159 157 61
f 229 347 230
f 229 230 122
f 229 124 230
f 229 124 230
f 229 230 125
f 229 127 230
f 229 127 230
f 229 129 230
f 229 129 230
f 229 134 230
f 229 134 230
f 17 127 128
f 17 127 126
f 17 127 18
f 17 127 128
f 17 127 18
f 17 129 128
f 17 129 128
f 17 18 647
f 17 125 126
f 17 18 125
f 17 129 130
f 17 129 16
f 17 16 651
f 17 647 651
f 17 647 16
f 17 18 694
f 17 124 125
f 17 124 18
f 17 131 130
f 17 131 16
f 17 646 647
f 17 646 694
f 17 646 694
f 17 708 694
f 17 708 18
f 17 124 16
f 17 124 18
f 17 708 16
f 17 708 18
f 17 122 16
f 17 122 18
f 17 18 6
f 17 15 16
f 17 15 6
f 618 619 617
f 618 622 711
f 618 598 711
f 618 622 598
f 618 601 598
f 114 113 727
f 114 5 113
f 114 18 20
f 114 17 18
f 109 139 221
f 422 433 420
f 422 433 419
f 422 316 315
f 422 314 420
f 422 314 315
f 422 314 313
f 670 671 561
f 670 552 561
f 670 552 671
f 670 62 671
f 670 62 671
f 670 60 671
f 670 60 671
f 670 57 671
f 670 56 57
f 670 56 57
f 670 53 52
f 670 50 52
f 670 672 53
f 670 672 53
f 670 48 50
f 670 672 50
f 670 48 47
f 670 672 48
f 670 46 47
f 670 672 48
f 670 46 43
f 670 672 46
f 670 43 42
f 670 672 46
f 670 41 42
f 670 672 43
f 670 41 40
f 670 672 41
f 670 39 40
f 670 672 41
f 670 39 38
f 670 672 39
f 670 37 38
f 670 672 39
f 670 37 34
f 670 672 37
f 670 672 37
f 670 671 668
f 670 672 671
f 670 672 34
f 670 667 668
f 670 672 667
f 670 34 667
f 670 34 32
f 670 672 32
f 670 32 667
f 670 667 29
f 66 309 552
f 66 67 185
f 66 184 67
f 66 184 67
f 66 182 183
f 66 67 182
f 66 182 64
f 66 67 182
f 66 180 64
f 66 67 180
f 66 177 180
f 66 176 177
f 66 67 176
f 66 177 178
f 66 67 178
f 66 67 177
f 66 159 157
f 66 159 67
f 66 156 157
f 66 156 67
f 66 60 59
f 66 57 59
f 66 53 57
f 66 60 61
f 66 60 61
f 66 56 57
f 66 56 67
f 66 62 64
f 66 62 61
f 66 62 61
f 66 56 67
f 678 66 67
f 678 556 557
f 678 556 555
f 678 557 677
f 678 677 63
f 678 680 558
f 678 62 677
f 678 559 677
f 678 677 644
f 678 680 644
f 678 62 677
f 678 659 677
f 678 680 659
f 678 60 677
f 678 659 677
f 678 60 677
f 678 677 660
f 678 677 59
f 678 677 661
f 678 57 677
f 678 56 57
f 678 56 677
f 678 53 677
f 678 677 50
f 678 51 50
f 678 48 677
f 678 49 48
f 678 48 677
f 678 46 677
f 432 314 433
f 432 314 433
f 432 524 433
f 432 316 433
f 432 522 433
f 432 522 433
f 432 433 519
f 432 422 433
f 432 518 433
f 432 422 433
f 435 556 555
f 435 556 314
f 435 524 523
f 435 556 315
f 435 556 314
f 435 522 523
f 435 522 436
f 435 436 519
f 435 518 436
f 435 518 517
f 435 414 419
f 435 436 414
f 435 436 419
f 435 417 419
f 435 417 436
f 435 417 436
f 435 436 420
f 454 519 520
f 454 453 519
f 454 518 519
f 454 518 453
f 454 522 523
f 454 522 453
f 454 453 517
f 454 518 517
f 454 518 453
f 454 524 523
f 454 524 453
f 454 558 455
f 454 453 558
f 454 396 395
f 454 395 394
f 454 396 455
f 454 453 396
f 454 398 455
f 454 453 398
f 454 399 398
f 454 399 453
f 521 439 440
f 521 522 439
f 521 439 436
f 521 522 436
f 521 522 439
f 521 454 453
f 521 454 522
f 521 454 520
f 521 454 522
f 521 519 520
f 521 458 459
f 521 458 459
f 521 458 522
f 424 524 426
f 424 519 520
f 424 426 519
f 424 522 523
f 424 522 426
f 424 522 426
f 424 518 519
f 424 518 426
f 424 518 517
f 424 518 426
f 424 517 516
f 424 426 517
f 424 516 421
f 424 426 516
f 424 436 440
f 424 435 436
f 424 435 426
f 424 433 426
f 424 422 426
f 526 439 440
f 526 572 558
f 526 573 572
f 526 573 572
f 526 573 574
f 438 524 523
f 438 524 439
f 438 522 523
f 438 522 439
f 438 522 439
f 438 526 436
f 438 526 439
f 438 556 439
f 438 556 557
f 438 556 557
f 438 439 412
f 438 557 197
f 438 557 439
f 438 439 414
f 438 414 415
f 438 439 415
f 438 439 414
f 438 417 436
f 438 439 417
f 438 439 417
f 202 85 86
f 202 201 85
f 202 201 85
f 202 316 315
f 202 87 86
f 202 87 201
f 202 557 201
f 202 201 293
f 202 201 293
f 202 315 293
f 202 315 201
f 202 201 285
f 202 284 201
f 636 583 635
f 636 637 583
f 636 710 635
f 636 637 710
f 636 637 702
f 636 710 703
f 636 702 710
f 636 704 644
f 636 704 703
f 636 704 644
f 639 640 583
f 639 637 583
f 639 637 640
f 639 640 710
f 639 637 710
f 639 637 640
f 576 574 644
f 576 574 527
f 579 517 516
f 579 518 517
f 579 636 583
f 616 613 7
f 616 619 7
f 616 619 617
f 616 6 7
f 616 617 7
f 152 43 149
f 152 46 43
f 152 66 53
f 152 53 57
f 152 66 64
f 152 79 77
f 152 75 77
f 628 644 627
f 628 629 644
f 628 708 627
f 628 708 629
f 628 708 707
f 628 708 629
f 628 711 627
f 628 629 711
f 628 711 710
f 628 629 711
f 706 633 632
f 706 633 632
f 706 633 707
f 706 711 705
f 706 628 629
f 706 633 704
f 706 633 704
f 706 30 5
f 706 708 707
f 706 708 704
f 706 30 28
f 706 28 5
f 706 30 28
f 706 26 707
f 706 26 704
f 706 26 704
f 706 708 707
f 706 708 704
f 706 28 27
f 706 28 707
f 706 26 27
f 706 26 707
f 634 704 710
f 634 633 704
f 634 710 703
f 634 704 703
f 634 633 704
f 634 710 635
f 634 583 635
f 634 585 583
f 634 585 633
f 634 579 583
f 634 633 581
f 630 708 632
f 630 629 644
f 630 708 644
f 630 708 629
f 630 708 629
f 630 706 629
f 630 706 711
f 630 629 591
f 630 629 711
f 630 629 711
f 630 706 711
f 630 706 629
f 625 624 644
f 625 626 644
f 625 624 711
f 625 626 711
f 625 626 708
f 625 626 708
f 625 624 711
f 625 626 711
f 625 624 595
f 497 607 496
f 497 607 498
f 497 607 498
f 497 602 496
f 497 498 602
f 497 495 496
f 512 458 511
f 512 511 453
f 510 585 583
f 510 512 583
f 510 512 467
f 510 458 459
f 510 458 511
f 506 509 415
f 506 509 415
f 506 504 415
f 506 504 411
f 506 408 504
f 506 408 504
f 506 408 459
f 503 501 471
f 608 610 499
f 608 607 499
f 608 607 610
f 608 498 610
f 608 607 498
f 608 498 610
f 608 607 498
f 608 610 495
f 608 607 495
f 608 610 495
f 608 607 495
f 608 610 494
f 608 607 494
f 608 492 610
f 608 607 492
f 608 492 610
f 608 607 492
f 608 610 491
f 608 607 491
f 608 610 489
f 608 607 489
f 608 610 489
f 608 607 489
f 608 610 488
f 608 487 488
f 608 487 607
f 608 607 6
f 608 607 486
f 608 487 486
f 608 487 607
f 608 607 6
f 608 607 727
f 457 458 390
f 457 458 392
f 457 458 392
f 457 458 393
f 457 458 583
f 457 458 395
f 457 458 396
f 457 458 396
f 457 524 523
f 457 458 523
f 457 458 398
f 457 458 522
f 457 458 399
f 457 521 458
f 457 521 458
f 457 458 518
f 457 458 518
f 457 458 517
f 457 458 515
f 363 362 369
f 363 367 362
f 363 370 362
f 363 370 362
f 363 362 482
f 363 273 362
f 363 273 362
f 246 134 131
f 481 363 362
f 481 363 362
f 481 360 604
f 481 367 480
f 481 367 482
f 481 601 480
f 481 601 482
f 481 367 480
f 481 367 482
f 481 601 480
f 481 601 482
f 481 480 369
f 481 482 369
f 481 370 480
f 481 370 482
f 481 370 480
f 481 370 482
f 481 480 371
f 481 482 371
f 481 373 480
f 481 373 482
f 481 482 480
f 481 373 480
f 481 373 482
f 481 480 494
f 481 492 480
f 481 492 482
f 387 388 459
f 387 347 385
f 387 388 480
f 387 331 386
f 387 331 388
f 387 388 386
f 387 331 386
f 387 331 388
f 271 375 274
f 271 375 272
f 271 375 376
f 271 272 274
f 271 375 374
f 271 375 272
f 271 270 183
f 271 373 374
f 271 373 272
f 271 183 180
f 271 272 180
f 271 373 270
f 271 373 272
f 271 182 183
f 271 272 182
f 271 272 182
f 271 365 270
f 271 272 365
f 271 363 362
f 271 363 362
f 271 272 217
f 271 217 270
f 271 217 218
f 271 219 218
f 271 219 272
f 271 350 349
f 271 350 272
f 271 219 220
f 271 219 272
f 271 347 349
f 271 347 272
f 271 220 334
f 271 272 220
f 271 347 270
f 271 347 272
f 606 487 486
f 606 487 607
f 606 607 488
f 606 487 488
f 606 487 607
f 606 483 728
f 606 727 728
f 606 607 727
f 348 383 347
f 348 347 384
f 348 387 384
f 348 387 347
f 348 347 591
f 348 350 230
f 348 229 350
f 348 229 347
f 359 373 374
f 359 373 365
f 359 371 365
f 359 360 371
f 359 275 274
f 359 370 360
f 359 273 360
f 359 273 360
f 359 271 360
f 359 271 360
f 359 360 270
f 359 481 360
f 356 359 373
f 356 359 270
f 356 359 271
f 382 352 380
f 382 349 380
f 382 350 349
f 382 350 383
f 382 348 383
f 382 383 480
f 382 347 349
f 382 348 347
f 382 348 383
f 382 347 381
f 382 383 347
f 465 464 399
f 465 464 398
f 465 464 510
f 465 464 396
f 465 464 510
f 465 464 396
f 465 464 395
f 465 512 583
f 465 464 583
f 465 464 512
f 465 464 393
f 465 464 392
f 465 464 347
f 465 464 392
f 465 348 467
f 465 464 348
f 465 464 390
f 465 464 348
f 465 464 389
f 465 464 388
f 465 464 387
f 465 464 387
f 465 464 384
f 465 464 383
f 465 464 382
f 465 464 378
f 465 464 382
f 465 382 380
f 473 398 494
f 473 492 398
f 473 398 495
f 473 492 398
f 473 492 491
f 473 488 491
f 473 497 498
f 473 501 499
f 351 465 464
f 351 465 464
f 351 229 352
f 351 229 352
f 351 229 350
f 351 382 352
f 351 382 350
f 351 352 380
f 351 350 380
f 351 352 378
f 351 350 378
f 351 352 270
f 351 350 270
f 351 271 350
f 351 271 350
f 351 273 350
f 351 273 350
f 361 370 362
f 361 370 360
f 361 367 362
f 361 367 360
f 361 370 360
f 361 360 371
f 361 370 371
f 361 370 362
f 361 363 362
f 361 363 360
f 361 481 362
f 361 481 360
f 361 273 362
f 361 273 360
f 361 481 362
f 361 481 360
f 361 273 362
f 361 273 360
f 361 271 362
f 361 271 360
f 361 482 483
f 361 362 482
f 361 604 482
f 361 360 604
f 361 271 362
f 361 271 360
f 361 360 270
f 213 92 214
f 213 331 214
f 213 214 329
f 213 214 328
f 213 278 214
f 213 156 214
f 213 273 275
f 213 273 214
f 213 271 214
f 213 271 214
f 213 214 270
f 88 89 5
f 88 87 5
f 88 89 5
f 88 87 5
f 88 87 86
f 88 86 710
f 88 89 710
f 88 202 87
f 88 206 207
f 88 206 207
f 88 206 89
f 88 206 86
f 88 87 86
f 603 723 602
f 603 613 602
f 603 481 482
f 603 481 604
f 603 481 480
f 603 359 481
f 603 481 360
f 603 359 360
f 603 359 481
f 603 495 496
f 603 495 602
f 603 495 494
f 603 495 602
f 603 482 483
f 603 604 482
f 603 497 496
f 603 497 602
f 603 494 493
f 603 602 494
f 603 497 498
f 603 497 498
f 603 492 493
f 603 492 602
f 603 487 486
f 603 487 604
f 603 498 499
f 603 498 499
f 603 492 491
f 603 492 602
f 603 487 602
f 603 487 604
f 603 499 500
f 603 499 602
f 603 491 490
f 603 604 490
f 603 602 491
f 603 489 602
f 603 604 489
f 603 501 500
f 603 501 602
f 603 489 602
f 603 604 489
f 603 501 502
f 603 501 602
f 615 601 604
f 615 618 601
f 615 618 711
f 615 604 711
f 615 618 601
f 621 620 7
f 621 644 7
f 621 622 644
f 621 620 7
f 621 644 7
f 621 644 620
f 621 622 711
f 621 618 711
f 621 618 622
f 621 618 622
f 623 624 711
f 623 622 711
f 623 624 644
f 623 622 644
f 623 624 711
f 623 622 711
f 121 229 230
f 121 229 120
f 121 120 122
f 121 120 124
f 121 122 7
f 121 120 7
f 121 122 9
f 121 120 9
f 121 122 9
f 121 120 9
f 121 122 10
f 121 120 10
f 121 122 12
f 121 120 12
f 121 122 13
f 121 120 13
f 121 122 13
f 121 120 13
f 121 122 15
f 121 120 15
f 121 122 15
f 121 120 15
f 121 17 122
f 121 17 120
f 121 17 122
f 121 17 120
f 121 122 18
f 121 120 18
f 121 122 20
f 121 120 20
f 121 122 20
f 121 120 20
f 121 122 22
f 121 120 22
f 121 122 22
f 121 120 22
f 121 24 122
f 121 120 24
f 121 24 122
f 121 120 24
f 121 26 122
f 121 120 26
f 121 26 122
f 121 120 26
f 121 28 122
f 121 120 28
f 121 28 122
f 121 120 28
f 121 30 122
f 121 30 120
f 121 30 122
f 121 30 120
f 565 659 660
f 565 659 644
f 565 660 661
f 565 659 657
f 565 664 661
f 565 657 644
f 565 644 656
f 565 644 653
f 565 646 644
f 54 678 677
f 54 678 53
f 54 53 674
f 54 56 674
f 54 53 674
f 54 56 674
f 54 672 56
f 54 672 53
f 54 66 56
f 54 692 55
f 54 53 692
f 54 672 56
f 54 672 53
f 54 66 67
f 54 66 53
f 54 66 56
f 54 66 53
f 54 692 693
f 54 53 692
f 54 670 56
f 54 670 53
f 54 53 695
f 54 670 56
f 54 670 53
f 54 693 55
f 54 695 693
f 54 53 695
f 54 71 55
f 54 71 53
f 54 55 696
f 54 53 696
f 54 73 55
f 54 53 73
f 54 73 55
f 54 53 73
f 569 568 558
f 569 568 644
f 700 699 83
f 700 40 84
f 700 83 40
f 700 85 84
f 700 699 85
f 700 85 710
f 700 699 85
f 700 39 40
f 700 699 39
f 700 83 82
f 700 699 83
f 700 640 710
f 700 699 640
f 700 39 38
f 700 699 39
f 700 41 82
f 700 699 41
f 700 699 41
f 700 639 640
f 700 37 38
f 700 699 37
f 700 699 641
f 700 639 641
f 700 37 36
f 700 699 37
f 700 639 641
f 700 36 35
f 700 699 36
f 700 695 702
f 700 699 695
f 700 699 695
f 700 33 35
f 700 699 33
f 700 28 702
f 700 699 28
f 700 28 702
f 700 699 28
f 700 32 33
f 700 699 32
f 700 30 702
f 700 30 702
f 700 30 699
f 700 26 702
f 700 699 26
f 700 32 31
f 700 699 32
f 700 30 31
f 700 30 699
f 700 26 702
f 700 699 26
f 700 24 702
f 700 699 24
f 700 24 702
f 700 699 702
f 700 699 24
f 698 81 85
f 698 699 85
f 698 699 81
f 698 81 85
f 698 81 44
f 698 699 81
f 698 699 85
f 698 44 79
f 698 44 79
f 698 641 710
f 698 699 695
f 698 641 640
f 698 699 640
f 698 699 641
f 698 41 44
f 698 699 41
f 698 699 33
f 698 32 695
f 698 699 32
f 698 699 41
f 698 699 36
f 698 32 695
f 698 699 32
f 698 699 39
f 698 699 37
f 698 30 695
f 698 30 699
f 698 30 699
f 698 699 39
f 698 699 37
f 168 210 270
f 162 161 217
f 162 219 161
f 162 219 263
f 162 219 263
f 162 213 214
f 162 206 207
f 162 88 87
f 162 87 161
f 162 88 161
f 162 88 202
f 162 161 85
f 162 53 161
f 162 161 85
f 162 53 161
f 162 161 83
f 162 161 57
f 162 161 83
f 162 81 161
f 162 161 61
f 162 60 61
f 162 81 161
f 162 62 161
f 162 161 79
f 162 62 161
f 162 161 79
f 162 161 63
f 162 161 77
f 162 66 161
f 162 66 67
f 162 75 77
f 162 161 75
f 162 161 75
f 162 73 161
f 162 71 161
f 162 73 161
f 164 213 166
f 164 213 166
f 164 202 87
f 164 88 202
f 164 66 166
f 164 66 166
f 164 166 63
f 164 166 62
f 164 166 62
f 164 166 60
f 164 166 60
f 136 229 134
f 136 229 230
f 141 221 143
f 141 83 41
f 141 32 29
f 148 229 149
f 148 221 220
f 148 229 230
f 148 219 220
f 148 83 149
f 148 83 149
f 148 81 82
f 148 81 149
f 148 46 149
f 148 48 149
f 148 81 48
f 148 81 149
f 148 81 48
f 148 46 43
f 148 45 46
f 148 149 77
f 148 48 77
f 148 48 149
f 148 43 149
f 148 39 149
f 148 41 149
f 148 39 149
f 148 41 149
f 144 229 143
f 144 221 143
f 144 146 221
f 144 229 230
f 144 219 143
f 144 146 219
f 144 219 143
f 144 146 219
f 144 143 217
f 144 146 217
f 144 146 143
f 144 43 83
f 144 143 83
f 91 35 84
f 91 92 35
f 91 5 35
f 91 92 5
f 91 5 710
f 91 710 584
f 91 92 710
f 91 5 711
f 91 92 711
f 91 92 5
f 91 213 92
f 91 206 207
f 91 92 206
f 91 159 204
f 93 94 35
f 93 92 35
f 93 94 5
f 93 92 5
f 93 92 5
f 93 94 711
f 93 92 711
f 93 94 711
f 93 92 711
f 93 94 210
f 93 92 210
f 93 94 710
f 93 92 710
f 93 92 214
f 93 213 214
f 93 213 92
f 225 347 711
f 225 348 347
f 225 136 134
f 232 136 233
f 232 233 134
f 232 233 134
f 232 233 131
f 232 233 129
f 232 233 129
f 232 233 127
f 232 233 127
f 232 233 125
f 232 233 124
f 232 233 124
f 232 233 122
f 232 121 233
f 232 121 233
f 304 302 185
f 304 184 185
f 304 670 426
f 304 424 426
f 304 424 306
f 304 306 418
f 304 302 418
f 304 306 417
f 304 302 417
f 304 306 417
f 304 302 417
f 304 306 415
f 304 302 415
f 304 306 415
f 304 302 415
f 304 306 411
f 304 302 411
f 304 408 306
f 304 302 408
f 304 408 306
f 304 302 408
f 304 399 306
f 304 302 399
f 304 306 398
f 304 302 398
f 304 306 396
f 304 302 396
f 308 309 192
f 308 185 64
f 308 424 306
f 308 306 418
f 308 309 418
f 308 306 417
f 308 309 417
f 308 306 417
f 308 309 417
f 308 306 415
f 308 309 415
f 308 306 413
f 308 309 413
f 308 306 413
f 308 309 413
f 308 306 411
f 308 309 411
f 308 408 306
f 308 309 408
f 308 408 306
f 308 309 408
f 308 399 306
f 308 309 399
f 308 306 398
f 308 309 398
f 308 306 396
f 308 314 396
f 308 302 396
f 308 314 396
f 308 304 306
f 308 304 302
f 308 314 302
f 308 314 313
f 308 314 302
f 311 200 201
f 311 432 433
f 209 282 280
f 209 278 280
f 209 329 210
f 209 328 329
f 209 328 329
f 209 210 330
f 209 275 274
f 209 273 274
f 209 89 211
f 209 273 272
f 209 91 211
f 209 271 272
f 209 92 210
f 209 91 92
f 209 271 210
f 209 93 92
f 209 93 94
f 209 162 161
f 276 277 185
f 276 275 185
f 276 275 277
f 276 200 277
f 276 209 275
f 276 275 210
f 276 209 278
f 276 209 278
f 276 278 210
f 276 213 275
f 276 213 278
f 276 331 278
f 276 278 329
f 276 278 214
f 276 331 275
f 276 277 349
f 276 275 349
f 276 350 277
f 276 275 350
f 276 277 374
f 276 275 374
f 276 275 277
f 205 285 204
f 205 206 285
f 205 284 285
f 205 284 206
f 205 284 282
f 205 284 282
f 205 282 280
f 205 282 280
f 205 280 207
f 205 280 206
f 205 278 207
f 205 278 277
f 205 276 277
f 205 276 275
f 205 275 207
f 205 273 207
f 205 162 161
f 205 162 206
f 205 91 159
f 205 91 159
f 205 91 204
f 205 91 206
f 205 89 204
f 205 206 89
f 205 206 89
f 327 328 412
f 327 408 328
f 327 408 328
f 327 328 439
f 327 438 439
f 327 328 405
f 327 328 405
f 327 328 439
f 327 399 398
f 327 399 328
f 327 398 329
f 327 396 329
f 327 396 329
f 327 329 395
f 327 329 393
f 327 392 329
f 327 209 328
f 327 284 285
f 327 284 328
f 327 392 329
f 327 285 329
f 327 329 390
f 327 328 210
f 327 328 282
f 327 284 282
f 327 284 328
f 327 329 287
f 327 329 287
f 327 328 282
f 327 390 290
f 327 389 390
f 327 389 329
f 327 389 329
f 327 278 328
f 327 213 278
f 327 213 278
f 336 337 280
f 336 337 282
f 336 337 280
f 336 337 282
f 336 337 278
f 336 337 278
f 336 284 385
f 336 337 385
f 336 276 337
f 336 284 285
f 336 284 385
f 336 337 385
f 336 276 337
f 336 387 337
f 336 387 337
f 336 337 273
f 336 273 275
f 336 337 275
f 336 337 273
f 336 337 388
f 336 271 337
f 336 337 389
f 336 271 337
f 336 337 390
f 336 337 392
f 336 337 221
f 336 337 392
f 336 337 219
f 336 337 393
f 336 337 219
f 336 337 395
f 336 337 217
f 336 337 396
f 336 337 396
f 336 337 398
f 336 213 214
f 336 337 399
f 336 337 399
f 336 454 337
f 342 280 281
f 342 280 380
f 342 280 380
f 342 457 392
f 342 219 220
f 333 284 283
f 333 331 284
f 333 331 284
f 333 282 283
f 333 331 282
f 333 282 281
f 333 331 282
f 333 280 281
f 333 331 280
f 333 280 279
f 333 278 279
f 333 278 277
f 333 276 277
f 333 276 278
f 333 276 275
f 333 273 275
f 333 219 218
f 333 273 219
f 333 217 218
f 333 219 272
f 333 273 272
f 333 273 219
f 333 213 214
f 333 334 211
f 333 454 334
f 333 454 453
f 333 454 453
f 333 453 451
f 333 403 448
f 333 399 398
f 333 398 334
f 333 396 334
f 333 396 395
f 333 395 394
f 333 331 395
f 333 393 394
f 333 331 393
f 333 392 393
f 333 331 392
f 333 392 334
f 333 331 392
f 333 390 334
f 333 331 390
f 333 389 390
f 333 331 389
f 333 331 389
f 683 557 71
f 688 56 57
f 688 49 51
f 450 557 451
f 450 451 558
f 450 451 86
f 450 451 86
f 450 524 523
f 450 333 451
f 450 522 523
f 450 521 522
f 450 521 451
f 450 336 399
f 452 557 451
f 452 557 453
f 452 451 558
f 452 453 558
f 452 453 451
f 452 524 523
f 452 524 453
f 452 522 523
f 452 522 453
f 452 521 522
f 452 521 522
f 452 521 451
f 452 521 453
f 452 453 519
f 452 450 519
f 452 450 451
f 452 518 453
f 452 450 518
f 452 518 453
f 452 450 518
f 452 453 517
f 452 450 517
f 452 453 515
f 452 450 515
f 452 453 515
f 452 450 515
f 452 512 511
f 452 450 408
f 452 408 455
f 452 408 453
f 452 408 453
f 452 450 408
f 452 509 411
f 452 410 411
f 452 511 509
f 452 511 413
f 452 509 455
f 452 453 407
f 452 450 407
f 452 510 511
f 452 510 509
f 452 453 405
f 452 450 405
f 452 450 405
f 452 511 453
f 452 510 511
f 452 399 398
f 452 399 453
f 452 453 398
f 452 336 337
f 452 336 337
f 452 453 451
f 676 557 675
f 676 556 557
f 676 556 557
f 676 556 555
f 676 556 555
f 676 555 677
f 676 555 675
f 676 66 67
f 676 677 63
f 676 675 63
f 676 62 677
f 676 62 675
f 676 62 677
f 676 62 675
f 676 60 677
f 676 60 675
f 676 60 677
f 676 60 675
f 676 677 59
f 676 675 59
f 676 57 677
f 676 675 57
f 676 56 57
f 676 56 675
f 676 54 56
f 676 54 53
f 676 54 53
f 676 56 677
f 676 54 677
f 676 54 56
f 676 53 677
f 676 53 675
f 676 677 50
f 676 675 50
f 676 48 677
f 676 48 675
f 676 48 677
f 676 48 675
f 676 46 677
f 676 46 675
f 676 45 46
f 676 45 43
f 676 678 46
f 676 678 45
f 676 43 675
f 676 678 45
f 676 41 675
f 676 678 43
f 676 678 41
f 676 41 675
f 676 678 41
f 676 39 675
f 676 678 39
f 676 39 675
f 676 678 39
f 676 37 675
f 676 678 37
f 676 37 675
f 676 678 37
f 676 34 675
f 676 678 34
f 676 675 664
f 676 34 32
f 676 664 677
f 676 678 677
f 676 678 664
f 676 675 664
f 676 664 665
f 676 666 675
f 676 672 32
f 676 672 32
f 676 666 665
f 676 666 672
f 676 666 672
f 676 670 29
f 676 670 672
f 676 670 667
f 676 670 672
f 70 556 71
f 70 189 192
f 70 189 71
f 70 555 192
f 70 556 555
f 70 556 555
f 70 556 557
f 70 556 557
f 70 557 680
f 70 69 185
f 70 71 185
f 70 184 69
f 70 71 184
f 70 184 69
f 70 71 184
f 70 182 69
f 70 71 182
f 70 182 69
f 70 71 182
f 70 69 692
f 70 71 692
f 70 69 180
f 70 71 180
f 70 69 692
f 70 71 692
f 70 71 179
f 70 54 69
f 70 54 71
f 70 179 178
f 70 69 178
f 70 71 179
f 70 54 53
f 70 54 71
f 70 69 177
f 70 71 177
f 70 66 53
f 70 69 176
f 70 71 176
f 70 152 66
f 70 71 53
f 70 66 53
f 70 66 71
f 70 69 176
f 70 71 176
f 70 156 157
f 70 71 156
f 70 159 157
f 70 159 71
f 70 164 166
f 70 164 71
f 70 162 161
f 70 162 71
f 191 555 192
f 191 189 192
f 191 189 555
f 191 308 309
f 191 192 298
f 191 297 298
f 191 297 296
f 191 296 193
f 191 193 294
f 191 293 193
f 191 293 193
f 191 291 193
f 191 291 193
f 191 193 287
f 191 193 287
f 191 285 193
f 191 284 285
f 191 284 283
f 191 282 283
f 191 282 281
f 191 280 281
f 191 280 193
f 191 192 176
f 191 192 176
f 191 195 193
f 191 278 195
f 191 192 177
f 191 189 177
f 191 189 192
f 191 278 277
f 191 276 277
f 191 276 200
f 191 276 200
f 68 189 555
f 68 556 555
f 68 678 556
f 68 69 185
f 68 67 185
f 68 556 680
f 68 67 555
f 68 678 555
f 68 678 67
f 68 184 69
f 68 184 67
f 68 184 69
f 68 184 67
f 68 182 69
f 68 67 182
f 68 182 69
f 68 67 182
f 68 69 180
f 68 67 180
f 68 69 178
f 68 67 178
f 68 69 177
f 68 67 177
f 68 69 176
f 68 67 176
f 68 69 176
f 68 67 176
f 68 69 55
f 68 67 55
f 68 54 69
f 68 54 67
f 68 164 166
f 68 164 166
f 68 54 53
f 68 54 53
f 68 66 53
f 68 66 53
f 68 162 161
f 68 162 67
f 68 152 66
f 68 152 66
f 68 159 157
f 68 159 67
f 68 156 157
f 68 156 67
f 444 412 410
f 444 418 421
f 444 424 421
f 549 559 555
f 427 672 306
f 427 670 306
f 427 670 426
f 427 670 426
f 427 670 552
f 427 524 523
f 427 524 426
f 427 426 668
f 427 552 668
f 427 522 523
f 427 522 426
f 427 308 309
f 427 426 667
f 427 552 667
f 427 552 426
f 427 522 430
f 427 522 426
f 427 426 519
f 427 314 426
f 427 518 426
f 427 432 518
f 427 314 426
f 427 432 518
f 427 422 426
f 427 432 422
f 427 518 426
f 427 433 426
f 427 432 433
f 427 435 518
f 427 435 517
f 427 435 426
f 427 517 436
f 427 426 436
f 427 426 517
f 160 221 161
f 160 159 221
f 160 219 161
f 160 159 219
f 160 219 161
f 160 159 219
f 160 161 217
f 160 159 217
f 160 53 161
f 160 53 157
f 160 53 161
f 160 53 157
f 160 213 214
f 160 213 159
f 160 161 57
f 160 157 57
f 160 159 157
f 160 161 61
f 160 159 61
f 160 62 161
f 160 159 62
f 160 209 161
f 160 209 159
f 160 62 161
f 160 159 62
f 160 161 63
f 160 159 63
f 160 206 207
f 160 159 206
f 160 66 161
f 160 66 159
f 160 205 206
f 160 205 159
f 160 66 67
f 160 66 159
f 160 205 161
f 160 205 159
f 160 68 67
f 160 68 159
f 160 161 204
f 160 159 204
f 160 68 161
f 160 68 159
f 160 161 89
f 160 159 89
f 160 70 161
f 160 70 159
f 160 88 161
f 160 88 159
f 160 70 71
f 160 70 159
f 160 88 87
f 160 88 159
f 160 71 161
f 160 159 71
f 160 159 87
f 160 73 161
f 160 159 73
f 160 161 86
f 160 87 86
f 160 87 161
f 160 161 83
f 160 159 83
f 160 73 161
f 160 159 73
f 160 161 83
f 160 159 83
f 160 161 75
f 160 159 75
f 160 81 161
f 160 159 81
f 160 161 75
f 160 159 75
f 160 81 161
f 160 159 81
f 160 159 79
f 160 161 79
f 160 159 79
f 160 79 77
f 160 161 77
f 160 161 79
f 158 219 157
f 158 159 219
f 158 221 157
f 158 159 221
f 158 219 157
f 158 159 219
f 158 157 217
f 158 159 217
f 158 213 214
f 158 213 159
f 158 159 210
f 158 156 210
f 158 209 159
f 158 209 156
f 158 93 92
f 158 93 156
f 158 93 156
f 158 92 206
f 158 159 206
f 158 91 156
f 158 91 159
f 158 91 92
f 158 91 159
f 158 91 156
f 158 159 89
f 158 156 89
f 158 88 159
f 158 156 89
f 158 88 89
f 158 156 157
f 158 157 83
f 158 159 83
f 158 159 87
f 158 88 87
f 158 88 159
f 158 157 83
f 158 159 83
f 158 157 81
f 158 159 81
f 158 157 81
f 158 159 81
f 158 157 79
f 158 159 79
f 158 157 79
f 158 159 79
f 158 157 75
f 158 159 75
f 158 157 75
f 158 159 75
f 158 73 157
f 158 159 73
f 158 73 157
f 158 159 157
f 158 159 73
f 235 347 346
f 235 233 347
f 235 348 347
f 235 348 233
f 235 348 349
f 235 348 233
f 235 350 349
f 235 233 350
f 235 351 350
f 235 351 233
f 235 351 352
f 235 351 233
f 597 618 619
f 597 618 598
f 597 615 616
f 597 503 501
f 597 497 498
f 597 598 494
f 597 598 495
f 597 497 495
f 597 497 598
f 597 598 492
f 597 598 492
f 597 598 491
f 597 487 491
f 597 487 598
f 597 481 598
f 118 225 121
f 118 225 122
f 118 229 120
f 118 121 120
f 118 121 122
f 118 121 124
f 119 127 33
f 119 127 33
f 119 118 127
f 119 125 33
f 119 32 125
f 119 118 125
f 119 30 120
f 119 30 120
f 119 124 32
f 119 32 122
f 119 118 124
f 119 118 120
f 119 120 28
f 119 124 32
f 119 120 124
f 119 121 122
f 119 121 120
f 119 121 120
f 119 32 122
f 119 120 122
f 119 120 28
f 119 120 26
f 119 120 26
f 119 120 24
f 119 120 24
f 119 120 22
f 119 120 22
f 119 120 20
f 119 120 20
f 119 120 18
f 119 17 120
f 119 17 120
f 119 120 15
f 119 120 15
f 119 120 13
f 119 120 13
f 119 120 12
f 119 120 10
f 119 10 6
f 119 120 9
f 119 9 10
f 119 120 9
f 119 9 6
f 119 9 7
f 119 120 7
f 119 120 6
f 119 118 1
f 119 1 6
f 119 120 6
f 119 118 727
f 119 483 727
f 119 120 483
f 119 483 727
f 119 361 483
f 119 232 233
f 119 118 232
f 119 118 232
f 4 114 5
f 4 114 3
f 4 3 5
f 4 708 5
f 4 708 5
f 4 3 5
f 4 3 728
f 4 725 728
f 111 131 133
f 111 134 133
f 111 131 35
f 111 134 36
f 111 114 131
f 111 114 129
f 111 34 35
f 111 129 34
f 111 34 33
f 111 114 30
f 111 114 30
f 111 129 34
f 111 114 28
f 111 114 32
f 111 129 33
f 111 114 28
f 111 114 26
f 111 114 26
f 111 24 25
f 111 20 6
f 108 109 36
f 108 109 33
f 108 134 36
f 108 109 134
f 108 109 134
f 108 109 32
f 108 109 32
f 108 109 30
f 108 136 109
f 108 139 219
f 108 109 139
f 108 4 109
f 108 109 221
f 108 109 28
f 108 109 28
f 108 109 30
f 108 4 109
f 108 109 26
f 108 109 26
f 108 109 725
f 108 109 25
f 108 109 5
f 108 22 6
f 108 109 22
f 108 109 22
f 715 351 229
f 715 603 601
f 65 552 674
f 65 66 552
f 65 674 675
f 65 552 674
f 65 66 552
f 65 676 675
f 65 676 66
f 65 308 674
f 65 676 677
f 65 676 66
f 65 674 673
f 65 308 673
f 65 308 674
f 65 308 64
f 65 66 309
f 65 308 309
f 65 308 66
f 65 678 677
f 65 678 66
f 65 185 64
f 65 66 185
f 65 184 185
f 65 66 184
f 65 678 66
f 65 184 183
f 65 66 183
f 65 66 184
f 65 683 63
f 65 66 67
f 65 68 685
f 65 66 60
f 65 66 60
f 65 60 61
f 65 68 67
f 65 688 62
f 65 63 61
f 65 60 59
f 65 62 63
f 65 60 61
f 65 68 69
f 65 68 69
f 65 692 59
f 65 69 692
f 65 69 692
f 431 309 552
f 431 309 552
f 431 314 313
f 431 432 314
f 431 314 315
f 431 432 314
f 431 316 315
f 431 432 316
f 431 524 523
f 431 432 524
f 431 522 523
f 431 432 522
f 431 522 430
f 431 432 522
f 431 427 422
f 431 427 432
f 431 427 430
f 431 432 519
f 431 427 519
f 431 427 432
f 425 427 422
f 425 427 426
f 425 427 316
f 425 314 426
f 425 314 426
f 425 424 314
f 425 308 309
f 425 308 424
f 425 424 426
f 525 432 524
f 525 432 433
f 525 431 432
f 525 435 524
f 525 431 432
f 525 435 436
f 525 526 436
f 525 438 524
f 525 438 526
f 525 526 574
f 525 431 430
f 525 431 524
f 525 438 524
f 525 438 526
f 525 576 574
f 525 576 524
f 525 524 574
f 525 427 524
f 525 524 439
f 525 526 439
f 525 524 527
f 525 576 527
f 525 576 524
f 525 573 574
f 525 526 573
f 525 526 573
f 525 457 524
f 525 457 526
f 525 427 426
f 525 427 524
f 525 424 426
f 525 424 524
f 525 424 524
f 525 454 524
f 525 526 454
f 525 454 524
f 525 526 454
f 525 450 524
f 525 450 526
f 525 452 524
f 525 452 526
f 525 452 524
f 525 452 526
f 318 414 415
f 318 293 291
f 318 393 394
f 318 314 395
f 318 298 394
f 318 314 396
f 318 297 298
f 318 314 297
f 318 314 297
f 318 298 394
f 318 314 394
f 318 314 298
f 318 314 396
f 318 314 398
f 575 574 644
f 575 576 574
f 575 576 641
f 575 641 574
f 575 641 640
f 575 576 640
f 575 524 574
f 575 524 523
f 575 522 523
f 575 576 522
f 575 576 524
f 575 576 524
f 575 521 522
f 575 576 521
f 575 576 521
f 577 639 641
f 577 639 641
f 577 576 641
f 577 576 644
f 577 639 640
f 577 576 640
f 577 639 637
f 577 576 524
f 577 576 524
f 577 576 522
f 577 576 521
f 577 521 522
f 577 576 521
f 580 581 517
f 580 579 517
f 580 581 515
f 580 518 581
f 580 579 518
f 580 515 516
f 580 579 516
f 580 581 515
f 580 518 581
f 580 579 518
f 580 634 579
f 580 579 519
f 580 633 581
f 580 634 633
f 580 634 633
f 580 634 581
f 580 634 579
f 580 636 581
f 580 579 636
f 580 636 581
f 614 613 6
f 614 616 6
f 614 616 613
f 614 616 6
f 614 615 616
f 614 613 602
f 614 601 602
f 614 615 601
f 614 603 613
f 614 603 601
f 614 603 604
f 614 603 601
f 614 615 601
f 151 46 149
f 151 152 46
f 151 152 46
f 151 48 149
f 151 152 48
f 151 48 149
f 151 152 48
f 151 149 50
f 151 152 50
f 151 66 71
f 151 66 53
f 151 152 53
f 151 152 66
f 151 149 72
f 151 71 72
f 151 152 71
f 151 70 66
f 151 70 152
f 151 70 152
f 151 73 149
f 151 152 73
f 151 73 149
f 151 152 73
f 151 149 77
f 151 152 77
f 151 152 77
f 151 152 81
f 151 152 81
f 151 152 83
f 151 152 83
f 151 93 92
f 151 152 217
f 151 152 219
f 151 152 219
f 151 152 221
f 151 152 230
f 151 229 230
f 154 152 50
f 154 152 53
f 154 152 53
f 154 152 57
f 154 62 63
f 154 63 64
f 154 152 64
f 154 152 66
f 154 152 66
f 154 68 152
f 154 68 152
f 154 70 152
f 154 70 152
f 154 152 71
f 154 152 73
f 154 91 84
f 154 152 230
f 588 628 629
f 588 465 347
f 588 465 467
f 588 348 467
f 631 706 632
f 631 630 706
f 631 708 632
f 631 630 708
f 631 630 708
f 631 706 632
f 631 630 706
f 631 632 710
f 631 711 710
f 631 630 711
f 631 630 711
f 631 633 632
f 631 634 633
f 631 588 634
f 631 633 632
f 631 585 633
f 631 581 632
f 593 626 710
f 402 401 302
f 402 304 401
f 402 304 401
f 402 308 401
f 402 308 401
f 402 458 459
f 402 401 458
f 402 401 454
f 402 314 403
f 402 401 314
f 402 453 403
f 402 454 453
f 402 401 454
f 402 316 314
f 402 452 453
f 402 452 401
f 402 452 451
f 402 452 401
f 402 450 451
f 402 450 401
f 402 327 328
f 402 327 401
f 402 328 329
f 402 401 328
f 402 403 448
f 402 329 403
f 402 401 329
f 402 333 403
f 402 333 401
f 402 331 403
f 402 401 331
f 404 401 499
f 404 401 499
f 404 402 401
f 404 402 401
f 404 402 502
f 404 502 406
f 404 402 302
f 404 504 502
f 404 302 406
f 404 402 304
f 404 304 302
f 404 402 304
f 404 304 306
f 404 402 308
f 404 308 306
f 404 402 309
f 404 402 308
f 404 458 459
f 404 458 459
f 404 308 309
f 404 453 403
f 404 453 405
f 404 452 453
f 404 452 453
f 404 314 403
f 404 314 405
f 404 452 451
f 404 452 405
f 404 316 314
f 404 316 314
f 404 450 451
f 404 450 405
f 404 450 405
f 404 327 405
f 468 471 399
f 468 471 398
f 468 471 499
f 468 401 499
f 468 471 396
f 468 501 502
f 468 471 396
f 468 467 390
f 468 467 389
f 468 585 467
f 468 510 467
f 468 467 388
f 468 387 467
f 468 387 467
f 468 351 467
f 468 467 385
f 468 351 467
f 468 467 384
f 468 467 383
f 468 382 467
f 468 382 467
f 468 467 380
f 468 467 378
f 468 370 467
f 468 467 371
f 468 467 373
f 468 467 373
f 513 512 581
f 513 581 515
f 513 464 515
f 513 464 512
f 513 511 418
f 513 511 417
f 513 511 417
f 513 458 459
f 513 512 458
f 513 444 418
f 513 511 415
f 513 512 511
f 513 453 455
f 513 512 453
f 513 452 453
f 513 452 512
f 507 468 506
f 507 465 464
f 609 610 6
f 609 608 6
f 609 608 610
f 609 610 6
f 609 608 6
f 609 610 727
f 609 608 727
f 609 611 607
f 609 608 607
f 609 611 607
f 609 611 612
f 609 715 613
f 609 606 607
f 609 606 608
f 609 606 604
f 609 603 604
f 609 603 613
f 609 603 604
f 609 614 604
f 609 602 612
f 609 603 602
f 609 603 602
f 609 614 615
f 609 606 604
f 609 615 604
f 364 365 369
f 364 363 369
f 364 367 365
f 364 363 367
f 364 370 365
f 364 363 370
f 364 363 370
f 364 481 480
f 364 481 363
f 364 481 482
f 364 481 363
f 364 482 483
f 364 363 482
f 364 486 365
f 364 271 365
f 364 271 363
f 364 271 272
f 364 271 363
f 364 273 272
f 364 363 273
f 364 273 274
f 364 363 273
f 364 363 360
f 364 359 274
f 364 359 360
f 364 359 360
f 364 361 360
f 364 361 363
f 364 363 362
f 364 361 362
f 364 361 363
f 242 121 120
f 242 121 122
f 243 242 347
f 243 242 348
f 243 348 246
f 243 242 348
f 243 246 350
f 243 242 350
f 243 242 351
f 243 242 351
f 243 242 359
f 243 242 361
f 243 242 361
f 243 242 363
f 243 242 364
f 243 242 124
f 243 242 124
f 243 242 122
f 243 242 122
f 479 601 480
f 479 603 480
f 479 601 480
f 479 359 360
f 479 481 480
f 479 361 360
f 479 597 481
f 479 361 362
f 479 363 362
f 479 364 363
f 479 367 480
f 479 364 480
f 479 480 369
f 479 481 480
f 479 481 497
f 479 370 480
f 479 497 495
f 479 370 480
f 479 480 371
f 479 480 494
f 479 373 480
f 479 373 480
f 479 375 480
f 479 375 480
f 479 378 480
f 479 480 380
f 479 480 380
f 479 382 480
f 479 382 383
f 479 383 480
f 479 480 384
f 479 480 385
f 357 359 371
f 357 356 371
f 357 356 359
f 357 356 370
f 357 468 356
f 357 235 356
f 357 243 242
f 463 464 393
f 463 464 392
f 463 464 392
f 463 464 390
f 463 464 389
f 463 464 510
f 463 464 388
f 463 464 387
f 463 510 512
f 463 464 510
f 463 464 387
f 463 513 464
f 463 464 384
f 463 513 464
f 463 464 383
f 463 464 348
f 463 515 516
f 463 464 515
f 463 464 347
f 463 348 350
f 463 464 348
f 463 464 583
f 463 464 382
f 463 351 382
f 463 351 464
f 463 351 382
f 463 351 464
f 377 465 464
f 377 351 352
f 377 351 352
f 377 351 350
f 377 351 350
f 377 356 373
f 377 356 373
f 377 378 349
f 377 350 349
f 377 350 378
f 377 468 467
f 377 467 373
f 377 465 356
f 377 473 375
f 377 468 467
f 377 356 371
f 377 356 370
f 377 378 480
f 377 479 480
f 377 479 378
f 472 471 398
f 472 473 398
f 472 471 495
f 472 473 495
f 472 471 398
f 472 473 398
f 472 471 498
f 472 473 498
f 472 471 396
f 472 473 396
f 472 471 498
f 472 473 498
f 472 471 396
f 472 473 396
f 472 471 499
f 472 473 499
f 472 471 395
f 472 473 395
f 472 501 471
f 472 473 501
f 472 471 393
f 472 473 393
f 472 503 501
f 472 473 503
f 472 471 392
f 472 473 392
f 472 471 392
f 472 473 392
f 472 471 390
f 472 473 390
f 472 471 389
f 472 473 389
f 472 471 388
f 472 473 388
f 472 387 471
f 472 473 387
f 472 387 471
f 472 473 387
f 472 471 385
f 472 473 385
f 472 471 384
f 472 473 384
f 472 357 356
f 472 357 473
f 472 471 383
f 472 473 383
f 472 382 471
f 472 473 382
f 472 382 471
f 472 473 382
f 472 361 471
f 472 361 473
f 472 471 380
f 472 473 380
f 472 471 380
f 472 473 380
f 472 471 378
f 472 473 378
f 472 473 367
f 472 377 471
f 472 377 473
f 472 370 367
f 472 370 471
f 472 473 370
f 472 377 471
f 472 377 473
f 472 370 471
f 472 473 370
f 472 471 375
f 472 473 375
f 472 471 371
f 472 473 371
f 472 471 373
f 472 473 373
f 472 471 373
f 472 473 373
f 212 329 330
f 212 213 329
f 212 331 330
f 212 213 331
f 212 328 329
f 212 213 328
f 212 327 328
f 212 327 213
f 212 333 334
f 212 333 213
f 212 327 213
f 212 334 211
f 212 278 280
f 212 213 278
f 212 211 584
f 212 276 278
f 212 276 213
f 212 91 584
f 212 91 213
f 212 91 211
f 212 276 275
f 212 276 213
f 212 91 92
f 212 91 213
f 212 93 92
f 212 93 213
f 212 275 210
f 212 275 274
f 212 273 275
f 212 213 273
f 212 93 94
f 212 93 213
f 212 273 274
f 212 273 272
f 212 213 273
f 212 159 210
f 212 160 159
f 212 160 213
f 212 160 161
f 212 160 213
f 212 271 272
f 212 213 271
f 212 158 159
f 212 158 213
f 212 162 161
f 212 162 213
f 212 271 210
f 212 213 271
f 212 158 156
f 212 164 213
f 212 210 270
f 212 213 270
f 212 213 210
f 212 213 156
f 212 158 156
f 212 158 213
f 724 603 604
f 724 603 725
f 724 604 723
f 724 725 604
f 724 603 723
f 724 606 723
f 724 606 725
f 724 606 607
f 724 606 725
f 724 608 607
f 724 608 725
f 724 114 723
f 724 114 725
f 724 609 608
f 724 609 608
f 724 609 723
f 724 609 725
f 724 611 723
f 724 725 611
f 724 611 723
f 724 725 611
f 724 723 613
f 724 725 613
f 724 614 723
f 724 614 725
f 724 614 615
f 724 614 615
f 724 615 616
f 724 615 616
f 724 616 725
f 724 4 725
f 724 4 725
f 724 723 617
f 724 616 617
f 724 616 723
f 724 4 708
f 724 4 708
f 599 615 601
f 599 615 601
f 599 615 616
f 599 597 616
f 599 597 615
f 599 597 598
f 599 597 615
f 599 598 711
f 599 601 711
f 599 601 598
f 599 503 502
f 599 597 503
f 599 618 598
f 599 615 618
f 599 615 618
f 599 501 502
f 599 597 501
f 599 357 601
f 599 357 356
f 599 501 499
f 599 597 501
f 599 479 481
f 599 479 481
f 599 498 499
f 599 597 498
f 599 597 498
f 599 481 482
f 599 481 598
f 599 497 498
f 599 497 498
f 599 497 495
f 599 497 598
f 599 495 494
f 599 598 495
f 599 494 600
f 599 598 494
f 599 487 489
f 599 487 598
f 599 492 600
f 599 598 492
f 599 489 490
f 599 598 489
f 599 492 491
f 599 598 492
f 599 491 490
f 599 598 491
f 596 623 622
f 596 621 622
f 596 621 622
f 596 622 598
f 596 623 622
f 596 595 711
f 596 598 711
f 596 624 595
f 596 623 624
f 596 623 624
f 596 621 595
f 596 597 595
f 596 621 618
f 596 597 618
f 596 595 711
f 596 598 711
f 596 621 618
f 596 597 618
f 596 479 481
f 596 479 597
f 596 229 352
f 596 229 352
f 596 597 481
f 596 487 595
f 596 597 487
f 596 492 595
f 596 597 492
f 596 492 595
f 596 597 492
f 596 595 494
f 596 597 494
f 596 497 595
f 596 597 497
f 596 497 498
f 596 597 497
f 596 498 499
f 596 597 498
f 596 501 499
f 596 597 501
f 596 503 501
f 596 597 503
f 567 568 558
f 567 568 644
f 567 568 644
f 564 565 558
f 564 565 559
f 564 678 558
f 564 678 559
f 564 678 677
f 564 678 559
f 564 675 677
f 564 674 675
f 564 674 673
f 564 671 673
f 564 671 668
f 564 664 668
f 564 565 664
f 564 565 646
f 564 565 664
f 564 646 644
f 564 565 646
f 564 565 660
f 564 648 644
f 564 565 659
f 564 648 644
f 564 565 659
f 564 644 649
f 564 565 644
f 564 565 653
f 564 565 657
f 564 565 656
f 570 571 558
f 570 569 558
f 570 571 644
f 570 569 644
f 570 571 644
f 570 568 644
f 570 569 568
f 570 567 568
f 570 564 565
f 570 571 527
f 697 698 85
f 697 85 79
f 697 85 79
f 697 698 79
f 697 85 710
f 697 698 85
f 697 79 696
f 697 698 79
f 697 710 643
f 697 698 710
f 697 698 44
f 697 695 643
f 697 77 696
f 697 44 77
f 697 44 42
f 697 698 44
f 697 695 35
f 697 695 644
f 697 698 644
f 697 698 695
f 697 49 44
f 697 49 44
f 697 41 42
f 697 698 41
f 697 36 35
f 697 698 36
f 697 695 33
f 697 698 33
f 697 698 695
f 697 77 76
f 697 49 76
f 697 49 77
f 697 41 40
f 697 698 41
f 697 37 36
f 697 698 37
f 697 39 40
f 697 698 39
f 697 37 696
f 697 698 37
f 697 39 696
f 697 698 39
f 167 168 210
f 167 168 270
f 167 209 166
f 167 209 168
f 167 166 270
f 167 205 166
f 167 166 57
f 167 166 60
f 167 168 200
f 167 166 60
f 167 168 200
f 167 166 62
f 167 168 62
f 167 166 62
f 167 168 62
f 167 166 63
f 167 168 63
f 167 168 85
f 167 66 166
f 167 168 66
f 167 168 83
f 167 66 166
f 167 168 66
f 167 168 83
f 167 68 166
f 167 68 168
f 167 168 81
f 167 68 166
f 167 68 168
f 167 168 81
f 167 70 166
f 167 70 168
f 167 166 79
f 167 168 79
f 167 70 71
f 167 70 168
f 167 166 79
f 167 168 79
f 167 71 166
f 167 168 71
f 167 166 77
f 167 168 77
f 167 166 73
f 167 168 73
f 167 166 77
f 167 168 77
f 167 166 73
f 167 168 73
f 167 166 75
f 167 168 75
f 167 166 75
f 167 168 75
f 173 176 183
f 173 62 176
f 173 176 177
f 173 62 176
f 173 176 177
f 173 60 177
f 173 60 180
f 173 60 177
f 173 176 63
f 173 66 176
f 173 67 176
f 173 66 67
f 173 68 67
f 173 68 69
f 173 70 69
f 173 70 71
f 163 162 213
f 163 164 213
f 163 212 162
f 163 212 164
f 163 166 53
f 163 162 53
f 163 166 57
f 163 164 166
f 163 162 57
f 163 212 162
f 163 212 164
f 163 166 53
f 163 162 53
f 163 162 60
f 163 164 60
f 163 209 162
f 163 209 164
f 163 162 60
f 163 164 60
f 163 162 62
f 163 164 62
f 163 162 206
f 163 162 62
f 163 164 62
f 163 205 206
f 163 205 164
f 163 205 162
f 163 162 63
f 163 164 63
f 163 205 162
f 163 205 164
f 163 162 66
f 163 164 66
f 163 162 66
f 163 164 66
f 163 162 88
f 163 164 88
f 163 68 162
f 163 68 164
f 163 162 88
f 163 164 88
f 163 68 162
f 163 68 164
f 163 162 87
f 163 164 87
f 163 70 162
f 163 70 164
f 163 162 85
f 163 164 85
f 163 70 162
f 163 70 164
f 163 162 85
f 163 164 85
f 163 162 71
f 163 164 71
f 163 162 83
f 163 164 83
f 163 162 73
f 163 164 73
f 163 162 83
f 163 164 83
f 163 162 73
f 163 164 73
f 163 162 81
f 163 164 81
f 163 162 75
f 163 164 75
f 163 162 81
f 163 164 81
f 163 162 75
f 163 164 75
f 163 162 79
f 163 164 79
f 163 162 77
f 163 164 77
f 163 162 79
f 163 164 79
f 163 162 77
f 163 164 77
f 138 229 139
f 138 32 33
f 138 34 33
f 138 34 32
f 138 32 135
f 138 141 34
f 138 34 36
f 138 29 135
f 138 141 32
f 138 141 34
f 138 141 29
f 138 28 29
f 138 28 27
f 138 24 25
f 138 26 27
f 138 83 39
f 138 26 25
f 226 156 157
f 226 225 156
f 226 151 152
f 226 151 225
f 226 148 149
f 226 225 148
f 226 225 347
f 226 225 348
f 226 225 348
f 226 144 143
f 226 225 144
f 226 108 225
f 226 136 134
f 226 225 136
f 226 134 133
f 226 225 134
f 226 118 121
f 226 118 225
f 226 121 122
f 226 225 121
f 226 129 128
f 226 122 227
f 226 225 122
f 226 127 128
f 226 225 127
f 226 124 227
f 226 225 124
f 226 127 227
f 226 225 127
f 226 124 125
f 226 225 124
f 226 125 227
f 226 225 125
f 224 159 157
f 224 156 157
f 224 225 156
f 224 151 152
f 224 151 225
f 224 711 223
f 224 148 149
f 224 225 148
f 224 347 711
f 224 225 347
f 224 225 347
f 224 108 109
f 224 108 225
f 224 144 143
f 224 225 144
f 224 141 143
f 224 136 133
f 224 225 136
f 224 225 127
f 224 225 125
f 224 118 125
f 224 225 124
f 224 118 124
f 224 225 124
f 224 118 124
f 224 118 225
f 264 224 225
f 264 226 225
f 264 224 263
f 264 226 263
f 264 347 263
f 264 348 347
f 264 221 263
f 264 348 263
f 264 219 263
f 264 350 263
f 264 219 263
f 264 351 350
f 264 351 352
f 264 162 217
f 264 162 263
f 264 163 162
f 264 357 356
f 264 357 359
f 264 359 360
f 264 373 263
f 264 361 360
f 264 263 372
f 264 162 263
f 264 361 362
f 264 263 365
f 264 363 362
f 264 364 263
f 264 364 363
f 231 154 230
f 231 156 255
f 231 232 156
f 231 154 152
f 231 154 232
f 231 151 152
f 231 151 232
f 231 148 230
f 231 232 148
f 231 347 230
f 231 233 347
f 231 348 347
f 231 348 233
f 231 348 230
f 231 348 233
f 231 144 230
f 231 232 144
f 231 350 230
f 231 233 350
f 231 351 350
f 231 351 233
f 231 351 352
f 231 351 233
f 231 138 139
f 231 138 232
f 231 136 230
f 231 232 136
f 231 134 230
f 231 232 134
f 231 134 230
f 231 232 134
f 231 232 233
f 231 232 131
f 231 118 120
f 231 118 232
f 231 129 230
f 231 232 129
f 231 121 120
f 231 232 121
f 231 129 230
f 231 232 129
f 231 121 230
f 231 232 121
f 231 127 230
f 231 232 127
f 231 230 122
f 231 232 122
f 231 127 230
f 231 232 127
f 231 124 230
f 231 232 124
f 231 230 125
f 231 232 125
f 231 124 230
f 231 232 124
f 300 311 297
f 300 311 200
f 300 297 296
f 300 200 296
f 300 198 297
f 300 198 297
f 300 297 298
f 300 297 197
f 300 195 298
f 300 194 195
f 300 194 298
f 300 192 298
f 300 191 298
f 300 191 192
f 312 197 196
f 312 311 197
f 312 195 196
f 312 311 195
f 312 198 197
f 312 311 198
f 312 194 195
f 312 311 194
f 312 198 313
f 312 311 198
f 312 194 313
f 312 311 194
f 312 200 313
f 312 311 200
f 312 192 313
f 312 311 192
f 312 200 201
f 312 311 200
f 312 555 192
f 312 201 296
f 312 311 201
f 312 311 433
f 312 191 555
f 312 191 311
f 312 191 311
f 312 297 296
f 312 311 297
f 312 432 433
f 312 311 432
f 312 297 298
f 312 431 432
f 312 431 311
f 312 298 313
f 312 300 297
f 312 300 311
f 312 431 313
f 312 431 311
f 312 308 313
f 312 311 308
f 312 300 298
f 312 300 311
f 312 308 396
f 312 427 426
f 312 427 311
f 312 396 313
f 312 308 396
f 312 311 308
f 312 425 426
f 312 425 311
f 312 398 313
f 312 311 398
f 312 425 424
f 312 425 311
f 312 399 398
f 312 311 399
f 312 422 313
f 312 311 422
f 312 402 401
f 312 402 311
f 312 313 420
f 312 311 420
f 312 402 403
f 312 402 311
f 312 313 419
f 312 311 419
f 312 404 403
f 312 404 311
f 312 313 419
f 312 311 419
f 312 404 405
f 312 404 311
f 312 417 313
f 312 311 417
f 312 405 313
f 312 311 405
f 312 417 313
f 312 311 417
f 312 407 313
f 312 311 407
f 312 313 415
f 312 311 415
f 312 408 407
f 312 311 408
f 312 414 313
f 312 311 414
f 312 408 313
f 312 311 408
f 312 414 313
f 312 311 414
f 312 313 410
f 312 311 410
f 312 412 313
f 312 311 412
f 312 313 410
f 312 311 410
f 312 412 313
f 312 311 412
f 423 424 422
f 423 311 422
f 423 312 311
f 423 312 311
f 423 308 309
f 423 308 424
f 423 308 424
f 423 312 422
f 423 312 424
f 423 422 314
f 423 424 314
f 423 422 314
f 423 425 314
f 423 425 424
f 423 422 316
f 423 425 316
f 423 425 422
f 423 424 422
f 423 425 422
f 423 425 424
f 208 284 282
f 208 209 284
f 208 282 280
f 208 209 282
f 208 278 280
f 208 209 278
f 208 278 277
f 208 209 278
f 208 327 328
f 208 327 209
f 208 276 277
f 208 276 209
f 208 328 207
f 208 209 328
f 208 276 275
f 208 276 209
f 208 275 207
f 208 209 275
f 208 273 207
f 208 209 273
f 208 88 207
f 208 209 273
f 208 88 207
f 208 209 88
f 208 205 273
f 208 205 273
f 208 207 89
f 208 209 89
f 208 209 271
f 208 205 271
f 208 91 207
f 208 209 91
f 208 167 209
f 208 167 205
f 208 167 205
f 208 91 92
f 208 209 91
f 208 167 166
f 208 167 209
f 208 93 92
f 208 209 93
f 208 209 271
f 208 209 93
f 208 163 164
f 208 163 209
f 208 158 93
f 208 158 93
f 208 163 162
f 208 163 209
f 208 158 156
f 208 158 209
f 208 162 207
f 208 209 162
f 208 158 159
f 208 158 209
f 208 160 207
f 208 160 209
f 208 160 159
f 208 160 209
f 332 331 330
f 332 209 330
f 332 208 209
f 332 212 331
f 332 212 333
f 332 209 89
f 332 208 207
f 332 212 213
f 332 212 333
f 332 89 211
f 332 333 211
f 332 209 88
f 332 208 209
f 332 207 86
f 332 208 207
f 332 213 331
f 332 333 213
f 332 88 89
f 332 208 88
f 332 86 330
f 332 88 86
f 332 451 330
f 332 333 217
f 332 453 451
f 332 333 453
f 332 333 453
f 332 450 333
f 332 450 451
f 332 273 217
f 332 331 273
f 332 333 273
f 332 331 273
f 332 333 273
f 332 276 331
f 332 333 276
f 332 276 331
f 332 333 276
f 332 402 331
f 332 402 333
f 332 331 405
f 332 331 278
f 332 333 278
f 332 402 401
f 332 402 333
f 332 331 280
f 332 333 280
f 332 333 331
f 332 331 399
f 332 333 399
f 332 331 398
f 332 333 398
f 332 331 396
f 332 333 396
f 332 331 396
f 332 333 396
f 332 333 331
f 170 168 210
f 170 209 210
f 170 209 168
f 170 208 209
f 170 270 183
f 170 208 205
f 170 167 270
f 170 167 168
f 170 167 57
f 170 173 60
f 170 167 60
f 170 173 60
f 170 167 60
f 170 167 168
f 170 168 62
f 170 168 62
f 170 168 63
f 170 168 66
f 170 168 66
f 170 68 168
f 170 68 168
f 170 70 168
f 335 280 281
f 335 336 280
f 335 282 281
f 335 336 282
f 335 280 279
f 335 336 280
f 335 282 283
f 335 336 282
f 335 278 279
f 335 336 278
f 335 284 283
f 335 336 284
f 335 278 277
f 335 336 278
f 335 284 285
f 335 336 284
f 335 276 277
f 335 336 276
f 335 285 386
f 335 336 285
f 335 276 275
f 335 336 276
f 335 387 386
f 335 336 387
f 335 273 275
f 335 336 273
f 335 387 388
f 335 336 387
f 335 273 272
f 335 336 273
f 335 388 389
f 335 336 388
f 335 271 272
f 335 336 271
f 335 389 390
f 335 336 389
f 335 271 334
f 335 336 271
f 335 390 334
f 335 336 390
f 335 221 334
f 335 392 334
f 335 336 392
f 335 221 220
f 335 336 221
f 335 392 393
f 335 336 392
f 335 219 220
f 335 336 219
f 335 393 394
f 335 336 393
f 335 219 218
f 335 336 219
f 335 395 394
f 335 336 395
f 335 217 218
f 335 336 217
f 335 396 395
f 335 336 396
f 335 396 334
f 335 336 396
f 335 213 214
f 335 336 213
f 335 398 334
f 335 336 398
f 335 212 213
f 335 399 398
f 335 336 399
f 335 212 334
f 335 336 213
f 335 212 213
f 335 454 334
f 335 454 453
f 335 336 454
f 335 450 451
f 335 450 336
f 335 452 453
f 335 452 336
f 335 452 451
f 335 452 336
f 216 335 336
f 216 335 217
f 216 333 217
f 216 332 333
f 216 332 331
f 216 276 331
f 216 276 331
f 216 151 152
f 216 276 275
f 216 273 275
f 216 273 272
f 216 156 157
f 216 271 272
f 216 158 157
f 216 271 217
f 216 158 159
f 216 217 270
f 216 160 159
f 216 160 161
f 216 162 161
f 216 163 162
f 340 337 280
f 340 337 281
f 340 337 280
f 340 337 383
f 340 382 383
f 340 337 383
f 340 271 270
f 340 454 394
f 340 454 395
f 340 217 218
f 344 380 279
f 344 387 385
f 344 458 389
f 344 457 458
f 456 342 457
f 456 457 392
f 456 342 392
f 456 393 394
f 456 457 393
f 456 395 394
f 456 457 395
f 456 396 395
f 456 457 396
f 456 396 455
f 456 457 396
f 456 335 336
f 456 336 457
f 456 335 336
f 456 398 455
f 456 457 398
f 456 454 455
f 456 335 454
f 456 558 455
f 456 399 398
f 456 457 399
f 456 558 583
f 456 457 583
f 456 526 558
f 456 526 558
f 456 457 526
f 456 525 526
f 456 525 457
f 456 457 458
f 456 525 524
f 456 525 457
f 456 402 401
f 456 402 401
f 456 524 523
f 456 457 524
f 456 402 403
f 456 402 458
f 456 513 512
f 456 513 512
f 456 513 455
f 456 513 458
f 456 522 523
f 456 457 522
f 456 404 403
f 456 404 458
f 456 512 511
f 456 512 458
f 456 515 455
f 456 458 515
f 456 457 458
f 456 521 522
f 456 457 521
f 456 404 405
f 456 404 458
f 456 510 511
f 456 510 458
f 456 515 516
f 456 457 515
f 456 521 519
f 456 457 521
f 456 405 406
f 456 458 406
f 456 458 405
f 456 458 509
f 456 510 509
f 456 510 458
f 456 517 516
f 456 457 517
f 456 518 519
f 456 457 518
f 456 518 517
f 456 457 518
f 259 231 232
f 259 344 235
f 259 231 342
f 449 557 448
f 449 450 557
f 449 450 558
f 449 556 557
f 449 86 558
f 449 86 448
f 449 450 86
f 449 328 86
f 449 328 448
f 449 328 86
f 449 450 86
f 449 331 448
f 449 525 526
f 449 525 450
f 449 332 331
f 449 332 450
f 449 332 331
f 449 525 524
f 449 525 450
f 449 332 333
f 449 332 450
f 449 524 523
f 449 450 524
f 449 333 448
f 449 450 333
f 449 522 523
f 449 450 522
f 449 335 450
f 449 521 522
f 449 450 521
f 449 335 401
f 449 335 450
f 449 521 448
f 449 450 521
f 449 402 448
f 449 402 401
f 449 402 450
f 449 448 519
f 449 450 519
f 449 402 403
f 449 402 450
f 449 518 448
f 449 450 518
f 449 405 403
f 449 450 405
f 449 518 517
f 449 450 518
f 449 405 448
f 449 450 405
f 449 517 516
f 449 450 517
f 449 407 448
f 449 450 407
f 449 515 516
f 449 450 515
f 449 408 407
f 449 450 408
f 449 515 448
f 449 450 515
f 449 408 448
f 449 450 408
f 449 513 448
f 449 448 410
f 449 452 450
f 449 513 452
f 449 513 512
f 449 452 410
f 449 452 450
f 449 448 410
f 449 513 452
f 449 512 511
f 449 452 410
f 449 452 512
f 449 448 413
f 449 452 413
f 449 511 448
f 449 448 413
f 449 511 413
f 449 452 511
f 188 70 189
f 188 189 71
f 188 70 189
f 188 189 73
f 188 68 189
f 188 73 186
f 188 189 186
f 188 189 73
f 188 68 189
f 188 308 189
f 188 300 189
f 188 189 298
f 188 189 297
f 188 189 297
f 188 189 296
f 188 189 179
f 188 189 179
f 188 177 178
f 188 189 177
f 188 176 183
f 188 176 177
f 188 173 176
f 188 173 176
f 188 271 270
f 188 170 270
f 684 70 71
f 684 70 683
f 684 71 685
f 684 683 71
f 684 70 685
f 684 70 683
f 684 685 73
f 684 68 685
f 684 68 683
f 684 557 73
f 684 683 557
f 684 685 558
f 684 68 685
f 684 68 683
f 684 557 558
f 684 683 557
f 684 685 558
f 684 683 558
f 684 65 685
f 684 65 683
f 684 685 644
f 684 683 644
f 684 65 685
f 684 65 683
f 684 685 644
f 684 685 62
f 684 683 62
f 684 644 649
f 684 683 644
f 684 685 649
f 684 685 62
f 684 683 62
f 684 685 653
f 684 683 653
f 684 685 60
f 684 683 60
f 684 683 656
f 684 685 60
f 684 683 60
f 684 655 656
f 684 685 655
f 684 685 655
f 684 685 657
f 684 685 59
f 684 683 59
f 684 685 657
f 684 685 57
f 684 683 57
f 684 685 659
f 684 685 56
f 684 683 56
f 684 685 56
f 684 683 56
f 684 54 685
f 684 683 54
f 684 54 685
f 684 683 54
f 684 685 53
f 684 683 53
f 684 685 51
f 684 683 51
f 684 685 51
f 684 683 51
f 684 685 49
f 684 683 49
f 684 685 49
f 684 683 49
f 684 685 48
f 684 683 48
f 684 685 32
f 684 685 46
f 684 683 46
f 684 685 34
f 684 685 45
f 684 683 45
f 684 685 34
f 684 685 45
f 684 685 37
f 684 45 43
f 684 683 45
f 684 685 43
f 684 685 37
f 684 685 43
f 684 683 43
f 684 685 39
f 684 685 41
f 684 683 41
f 684 685 39
f 684 685 41
f 684 683 41
f 687 70 688
f 687 688 71
f 687 70 688
f 687 688 73
f 687 68 688
f 687 688 75
f 687 65 68
f 687 688 75
f 687 65 688
f 687 688 62
f 687 85 76
f 687 688 85
f 687 688 85
f 687 688 558
f 687 688 62
f 687 688 644
f 687 688 60
f 687 688 644
f 687 688 60
f 687 688 649
f 687 688 57
f 687 688 56
f 687 688 56
f 687 688 54
f 687 688 54
f 687 688 53
f 687 688 51
f 687 688 51
f 687 688 49
f 687 688 49
f 687 688 48
f 687 688 46
f 687 688 45
f 687 688 45
f 687 688 43
f 687 688 43
f 687 688 37
f 687 688 41
f 687 688 37
f 687 688 41
f 687 688 39
f 687 688 39
f 190 311 189
f 190 191 189
f 190 191 311
f 190 308 189
f 190 191 308
f 190 300 189
f 190 300 191
f 190 189 298
f 190 191 298
f 190 189 297
f 190 191 297
f 190 189 297
f 190 191 297
f 190 189 296
f 190 191 296
f 190 191 294
f 190 188 294
f 190 188 189
f 190 191 293
f 190 188 293
f 190 191 293
f 190 188 293
f 190 191 291
f 190 188 291
f 190 191 291
f 190 188 291
f 190 191 287
f 190 188 287
f 190 191 287
f 190 188 287
f 190 191 285
f 190 188 285
f 190 191 284
f 190 188 284
f 190 191 284
f 190 188 284
f 190 191 282
f 190 188 282
f 190 191 282
f 190 188 282
f 190 191 280
f 190 188 280
f 190 191 280
f 190 188 280
f 190 191 278
f 190 188 278
f 190 191 278
f 190 188 278
f 190 191 276
f 190 188 276
f 190 191 276
f 190 188 276
f 190 191 275
f 190 188 275
f 190 188 273
f 190 188 273
f 190 205 273
f 190 188 271
f 190 188 173
f 190 205 271
f 190 191 176
f 190 188 176
f 190 208 205
f 190 208 271
f 190 188 271
f 190 191 176
f 190 191 189
f 190 188 176
f 190 188 189
f 190 170 208
f 190 208 209
f 190 170 208
f 190 170 209
f 190 188 170
f 679 68 67
f 679 68 678
f 679 65 67
f 679 65 678
f 679 68 556
f 679 68 678
f 679 65 680
f 679 65 678
f 679 556 557
f 679 678 556
f 679 680 63
f 679 678 63
f 679 557 680
f 679 678 680
f 679 678 557
f 679 62 680
f 679 678 62
f 679 62 680
f 679 678 62
f 679 60 680
f 679 678 60
f 679 60 680
f 679 678 60
f 679 680 59
f 679 678 59
f 679 680 57
f 679 678 57
f 679 56 680
f 679 678 56
f 679 56 680
f 679 678 56
f 679 54 680
f 679 54 678
f 679 54 53
f 679 54 678
f 679 53 680
f 679 678 53
f 679 680 51
f 679 678 51
f 679 680 51
f 679 678 51
f 679 49 680
f 679 678 49
f 679 49 680
f 679 678 49
f 679 680 48
f 679 678 48
f 679 680 46
f 679 678 46
f 679 45 680
f 679 678 45
f 679 45 680
f 679 678 45
f 679 680 43
f 679 678 43
f 679 678 41
f 679 678 41
f 679 678 39
f 679 678 39
f 679 678 37
f 679 678 37
f 679 678 34
f 679 34 32
f 679 676 34
f 679 676 678
f 679 676 32
f 679 676 29
f 679 676 667
f 679 666 667
f 679 676 666
f 679 676 666
f 679 676 664
f 679 676 678
f 679 664 663
f 679 678 664
f 679 678 661
f 679 678 660
f 679 678 659
f 679 678 680
f 681 68 67
f 681 65 67
f 681 68 680
f 681 65 680
f 681 70 680
f 681 680 63
f 681 70 557
f 681 62 680
f 681 557 680
f 681 70 557
f 681 62 680
f 681 680 558
f 681 60 680
f 681 680 644
f 681 60 680
f 681 680 59
f 681 644 653
f 681 680 644
f 681 680 57
f 681 56 680
f 681 657 656
f 681 680 657
f 681 56 680
f 681 680 659
f 681 54 680
f 681 54 53
f 681 679 659
f 681 679 680
f 681 53 680
f 681 679 660
f 681 680 51
f 681 679 34
f 681 680 51
f 681 679 37
f 681 49 680
f 681 679 37
f 681 49 680
f 681 679 39
f 681 680 48
f 681 679 39
f 681 680 46
f 681 679 41
f 681 45 680
f 681 679 41
f 681 679 680
f 681 45 680
f 681 680 43
f 690 68 69
f 690 70 69
f 690 65 68
f 690 70 71
f 690 65 61
f 690 71 73
f 690 60 61
f 690 73 691
f 690 60 59
f 690 75 691
f 690 75 76
f 690 55 59
f 690 56 55
f 690 85 76
f 690 54 55
f 690 85 558
f 690 54 53
f 690 558 643
f 690 53 52
f 690 644 643
f 690 51 52
f 690 49 51
f 690 648 649
f 690 648 644
f 690 648 644
f 690 49 48
f 690 692 649
f 690 692 649
f 690 48 691
f 690 692 651
f 690 692 652
f 690 45 691
f 690 45 46
f 690 45 44
f 690 652 653
f 690 43 44
f 690 693 652
f 690 692 693
f 690 24 655
f 690 43 42
f 690 24 693
f 690 24 692
f 690 24 25
f 690 41 42
f 690 26 25
f 690 41 40
f 690 26 692
f 690 39 40
f 690 28 692
f 690 39 691
f 690 28 29
f 690 37 691
f 690 30 29
f 690 37 36
f 690 30 692
f 690 36 35
f 690 32 692
f 690 32 692
f 690 34 35
f 690 32 33
f 690 34 33
f 533 452 557
f 446 513 415
f 446 332 405
f 446 513 511
f 550 439 555
f 550 549 439
f 550 549 556
f 550 438 439
f 550 549 438
f 550 435 555
f 550 549 435
f 550 549 555
f 550 549 559
f 550 549 559
f 550 549 432
f 550 549 432
f 550 431 432
f 443 550 549
f 443 550 444
f 443 444 556
f 443 557 200
f 443 557 200
f 443 202 557
f 443 444 408
f 443 444 408
f 443 405 407
f 443 444 405
f 443 444 412
f 443 331 405
f 443 444 331
f 443 444 331
f 437 550 549
f 437 550 549
f 437 550 555
f 437 550 438
f 437 556 555
f 437 438 556
f 437 556 315
f 437 435 315
f 437 435 316
f 437 316 194
f 437 556 194
f 437 438 556
f 437 316 194
f 437 556 194
f 437 316 195
f 437 556 195
f 437 435 436
f 437 438 414
f 437 438 412
f 437 436 414
f 437 438 414
f 437 438 436
f 428 427 672
f 428 427 308
f 428 670 552
f 428 427 670
f 428 427 670
f 428 312 427
f 428 312 427
f 428 427 314
f 428 427 314
f 428 427 316
f 428 425 427
f 428 425 427
f 428 318 425
f 505 596 597
f 505 596 503
f 505 596 597
f 505 472 503
f 505 507 468
f 505 468 506
f 505 465 464
f 505 465 464
f 115 224 113
f 115 224 118
f 115 224 225
f 115 224 118
f 115 226 225
f 115 226 113
f 115 229 230
f 115 231 230
f 115 231 232
f 115 232 233
f 115 235 114
f 115 724 114
f 115 724 114
f 115 114 727
f 115 114 5
f 115 4 114
f 115 4 114
f 132 111 131
f 132 111 114
f 132 114 131
f 132 115 114
f 132 226 133
f 132 136 133
f 132 115 136
f 132 226 129
f 132 226 225
f 132 229 230
f 132 229 230
f 132 136 133
f 132 231 230
f 132 231 131
f 132 231 230
f 132 224 225
f 132 118 129
f 132 115 118
f 132 226 129
f 132 226 225
f 132 231 232
f 132 231 232
f 132 224 133
f 132 224 118
f 132 232 233
f 132 232 233
f 132 225 127
f 132 224 225
f 132 118 127
f 132 118 127
f 132 224 127
f 132 224 118
f 132 131 133
f 110 109 36
f 110 111 36
f 110 109 33
f 110 111 33
f 110 109 134
f 110 111 134
f 110 109 32
f 110 111 32
f 110 109 134
f 110 109 32
f 110 111 32
f 110 136 134
f 110 111 136
f 110 136 109
f 110 109 30
f 110 111 30
f 110 136 109
f 110 109 30
f 110 111 30
f 110 109 139
f 110 109 28
f 110 111 28
f 110 109 28
f 110 111 28
f 110 224 109
f 110 109 26
f 110 111 26
f 110 224 225
f 110 109 26
f 110 111 26
f 110 226 225
f 110 109 25
f 110 111 25
f 110 226 109
f 110 109 22
f 110 111 22
f 110 109 22
f 110 109 229
f 110 22 6
f 110 111 6
f 110 111 22
f 110 109 5
f 110 111 5
f 110 4 109
f 110 111 4
f 110 4 109
f 110 111 4
f 110 109 725
f 110 111 725
f 429 525 430
f 429 525 427
f 429 525 427
f 429 427 422
f 429 428 427
f 429 316 315
f 429 428 316
f 429 552 430
f 429 672 552
f 429 672 552
f 429 428 552
f 429 428 672
f 429 314 315
f 429 428 314
f 429 308 672
f 429 314 313
f 429 428 314
f 429 674 430
f 429 308 674
f 429 308 674
f 429 308 309
f 429 428 308
f 429 312 313
f 429 428 312
f 429 312 311
f 429 428 312
f 317 438 197
f 317 316 197
f 317 316 198
f 317 437 316
f 317 437 438
f 317 316 198
f 317 437 435
f 317 437 318
f 317 316 200
f 317 316 200
f 317 432 316
f 317 318 432
f 317 202 316
f 317 431 432
f 317 318 431
f 317 431 316
f 317 318 431
f 317 429 316
f 317 429 318
f 317 316 293
f 317 429 428
f 317 429 428
f 317 293 291
f 317 318 291
f 317 318 293
f 317 316 293
f 317 318 293
f 317 428 425
f 317 428 318
f 317 316 294
f 317 318 294
f 317 425 422
f 317 318 425
f 317 318 314
f 317 422 316
f 317 318 422
f 317 314 296
f 317 316 296
f 317 316 314
f 317 316 419
f 317 318 419
f 317 402 316
f 317 402 401
f 317 402 318
f 317 316 419
f 317 314 399
f 317 318 399
f 317 318 314
f 317 402 316
f 317 402 318
f 317 417 419
f 317 318 417
f 317 316 417
f 317 404 316
f 317 404 318
f 317 316 417
f 317 318 417
f 317 404 316
f 317 404 318
f 317 316 415
f 317 318 415
f 317 316 405
f 317 318 405
f 317 316 414
f 317 318 414
f 317 316 407
f 317 318 407
f 317 316 414
f 317 318 414
f 317 316 408
f 317 318 408
f 317 316 412
f 317 318 412
f 317 316 408
f 317 318 408
f 317 316 412
f 317 318 412
f 317 316 410
f 317 318 410
f 317 316 410
f 317 318 410
f 323 432 422
f 323 431 432
f 323 431 422
f 323 443 200
f 323 208 209
f 642 575 576
f 642 641 574
f 642 575 574
f 642 575 641
f 642 575 644
f 642 575 576
f 642 577 641
f 642 577 576
f 642 577 576
f 642 698 644
f 642 698 699
f 642 698 641
f 642 698 699
f 642 700 641
f 642 700 699
f 642 700 699
f 638 577 639
f 638 577 639
f 638 580 579
f 638 702 644
f 638 700 702
f 638 700 639
f 638 637 702
f 638 639 637
f 638 580 636
f 638 579 636
f 638 580 579
f 638 636 644
f 638 636 702
f 638 636 637
f 638 700 702
f 638 700 639
f 582 524 523
f 582 577 524
f 582 577 524
f 582 522 523
f 582 577 522
f 582 522 520
f 582 580 581
f 582 577 644
f 582 577 522
f 582 519 520
f 582 619 644
f 582 580 519
f 582 580 581
f 582 518 519
f 582 518 581
f 582 616 619
f 582 619 644
f 582 518 517
f 582 518 581
f 582 616 613
f 582 616 619
f 582 621 644
f 582 597 619
f 582 517 645
f 582 614 616
f 582 618 619
f 582 597 616
f 582 621 595
f 582 621 622
f 582 597 595
f 582 597 618
f 582 511 645
f 582 517 516
f 582 581 517
f 582 613 502
f 582 504 502
f 582 506 504
f 582 614 613
f 582 614 615
f 582 597 618
f 582 597 616
f 582 623 622
f 582 505 597
f 582 513 511
f 582 511 509
f 582 515 516
f 582 581 515
f 582 613 502
f 582 506 509
f 582 505 506
f 582 613 602
f 582 613 602
f 582 614 615
f 582 615 616
f 582 599 597
f 582 623 624
f 582 593 623
f 582 513 515
f 582 513 581
f 582 513 512
f 582 513 512
f 582 510 511
f 582 505 507
f 582 611 602
f 582 611 502
f 582 503 504
f 582 505 507
f 582 625 624
f 582 510 512
f 582 611 610
f 582 611 610
f 582 602 502
f 582 503 502
f 582 599 503
f 582 625 626
f 582 625 624
f 582 599 597
f 582 505 503
f 582 505 597
f 582 512 581
f 582 510 512
f 582 607 610
f 582 607 610
f 582 607 502
f 582 603 602
f 582 603 602
f 582 626 644
f 582 588 510
f 582 607 602
f 582 603 502
f 582 628 644
f 582 628 627
f 582 628 629
f 582 628 629
f 582 630 629
f 582 630 629
f 582 630 632
f 582 631 581
f 582 631 630
f 582 633 632
f 582 633 581
f 582 631 581
f 582 631 630
f 582 633 644
f 582 633 581
f 582 636 644
f 582 636 581
f 582 636 581
f 578 579 518
f 578 518 583
f 578 577 637
f 578 579 518
f 578 521 583
f 578 577 521
f 578 636 637
f 578 579 636
f 578 579 636
f 578 638 579
f 578 638 577
f 578 579 519
f 578 521 519
f 578 577 521
f 578 638 579
f 578 638 577
f 578 580 579
f 578 580 579
f 578 582 577
f 578 582 580
f 578 582 577
f 578 582 580
f 150 149 77
f 150 151 77
f 150 151 149
f 150 81 149
f 150 151 81
f 150 81 149
f 150 151 81
f 150 83 149
f 150 151 83
f 150 83 149
f 150 151 83
f 150 93 94
f 150 151 93
f 150 151 93
f 150 151 213
f 150 212 151
f 150 100 213
f 150 100 148
f 150 216 151
f 150 216 148
f 150 151 217
f 150 148 217
f 150 151 219
f 150 148 219
f 150 148 219
f 150 219 220
f 150 151 219
f 150 221 220
f 150 151 221
f 150 224 149
f 150 224 151
f 150 224 225
f 150 224 151
f 150 226 225
f 150 226 151
f 150 226 149
f 150 226 151
f 150 229 149
f 150 151 229
f 150 229 230
f 150 151 229
f 150 231 230
f 150 231 151
f 150 151 232
f 150 231 232
f 150 231 151
f 153 152 73
f 153 154 73
f 153 154 152
f 153 152 75
f 153 154 75
f 153 152 75
f 153 154 75
f 153 152 79
f 153 154 79
f 153 152 79
f 153 154 79
f 153 152 81
f 153 154 81
f 153 152 81
f 153 154 81
f 153 152 83
f 153 154 83
f 153 152 83
f 153 154 83
f 153 151 92
f 153 151 152
f 153 91 92
f 153 154 91
f 153 154 91
f 153 154 93
f 153 151 93
f 153 154 93
f 153 151 93
f 153 154 210
f 153 212 154
f 153 212 154
f 153 212 151
f 153 154 213
f 153 151 213
f 153 216 151
f 153 216 152
f 153 216 154
f 153 152 217
f 153 154 217
f 153 152 219
f 153 154 219
f 153 152 219
f 153 154 219
f 153 152 221
f 153 154 221
f 153 224 152
f 153 224 154
f 153 224 225
f 153 224 154
f 153 226 225
f 153 226 154
f 153 154 152
f 153 226 152
f 153 226 154
f 155 251 154
f 155 156 46
f 155 152 46
f 155 156 48
f 155 152 48
f 155 231 232
f 155 231 154
f 155 156 48
f 155 152 48
f 155 154 152
f 155 231 156
f 155 231 154
f 155 156 50
f 155 154 50
f 155 226 156
f 155 226 154
f 155 156 53
f 155 154 53
f 155 226 225
f 155 226 154
f 155 156 53
f 155 154 53
f 155 224 225
f 155 224 154
f 155 156 57
f 155 154 57
f 155 224 156
f 155 224 154
f 155 156 62
f 155 154 62
f 155 156 62
f 155 154 62
f 155 156 221
f 155 154 221
f 155 156 63
f 155 154 63
f 155 156 219
f 155 154 219
f 155 66 156
f 155 154 66
f 155 156 219
f 155 154 219
f 155 66 156
f 155 154 66
f 155 156 217
f 155 154 217
f 155 68 156
f 155 154 68
f 155 216 156
f 155 216 154
f 155 68 156
f 155 154 68
f 155 70 156
f 155 154 70
f 155 213 156
f 155 154 213
f 155 70 71
f 155 154 70
f 155 212 213
f 155 212 154
f 155 71 156
f 155 154 71
f 155 212 156
f 155 212 154
f 155 156 73
f 155 154 73
f 155 156 210
f 155 154 210
f 155 156 73
f 155 154 73
f 155 209 156
f 155 154 209
f 155 156 75
f 155 154 75
f 155 208 209
f 155 156 75
f 155 154 75
f 155 208 156
f 155 208 209
f 155 156 79
f 155 154 79
f 155 93 156
f 155 154 93
f 155 156 79
f 155 154 79
f 155 93 156
f 155 154 93
f 155 156 81
f 155 154 81
f 155 91 156
f 155 154 91
f 155 156 81
f 155 154 81
f 155 91 156
f 155 154 91
f 155 156 83
f 155 154 83
f 155 156 84
f 155 154 84
f 155 156 83
f 155 154 83
f 590 628 629
f 590 630 629
f 590 628 591
f 590 626 591
f 590 630 591
f 590 631 630
f 590 591 711
f 590 588 711
f 590 625 626
f 590 582 625
f 590 582 625
f 590 582 507
f 590 347 591
f 590 505 507
f 590 347 711
f 590 588 711
f 590 588 347
f 590 348 347
f 590 588 348
f 590 505 503
f 590 348 467
f 590 588 348
f 590 503 501
f 587 630 629
f 587 588 629
f 587 588 630
f 587 631 630
f 587 631 588
f 587 588 510
f 587 631 588
f 587 505 507
f 587 588 634
f 587 468 588
f 587 472 588
f 587 505 472
f 587 505 472
f 594 593 625
f 594 625 595
f 594 625 626
f 594 593 626
f 594 625 624
f 594 593 625
f 594 595 711
f 594 593 711
f 594 623 624
f 594 593 623
f 594 595 711
f 594 593 711
f 594 623 622
f 594 593 623
f 594 621 622
f 594 582 621
f 594 582 621
f 594 582 593
f 594 715 351
f 594 593 351
f 594 715 348
f 594 593 348
f 594 593 715
f 594 582 505
f 594 582 505
f 594 351 352
f 594 505 503
f 594 505 593
f 594 472 352
f 594 503 501
f 594 593 503
f 594 593 501
f 594 498 499
f 594 501 499
f 594 501 498
f 594 497 498
f 594 593 497
f 594 479 481
f 594 479 593
f 594 595 494
f 594 497 494
f 594 497 595
f 594 492 595
f 466 402 465
f 466 404 465
f 466 404 402
f 466 404 465
f 466 404 402
f 466 402 502
f 466 468 502
f 466 468 503
f 466 402 401
f 466 468 401
f 466 402 465
f 466 503 504
f 466 465 504
f 466 468 503
f 466 465 399
f 466 468 399
f 466 505 465
f 466 505 468
f 466 505 468
f 466 465 398
f 466 468 398
f 466 505 506
f 466 505 465
f 466 465 396
f 466 468 396
f 466 507 506
f 466 507 465
f 466 465 396
f 466 468 396
f 466 465 395
f 466 468 395
f 466 465 393
f 466 468 393
f 466 510 512
f 466 465 510
f 466 465 392
f 466 468 392
f 466 512 467
f 466 465 512
f 466 465 392
f 466 468 392
f 466 468 467
f 466 467 390
f 466 465 390
f 466 467 389
f 466 465 389
f 466 467 388
f 466 465 388
f 466 387 467
f 466 465 387
f 466 465 387
f 466 467 385
f 466 387 385
f 466 387 467
f 466 467 384
f 466 465 384
f 466 467 383
f 466 465 383
f 466 382 467
f 466 465 382
f 466 382 467
f 466 465 382
f 466 467 380
f 466 465 380
f 466 467 378
f 466 465 378
f 466 377 467
f 466 377 465
f 466 467 371
f 466 467 373
f 466 377 373
f 466 377 467
f 466 377 371
f 466 370 467
f 466 377 370
f 466 377 465
f 466 357 356
f 466 465 356
f 466 357 356
f 466 351 467
f 466 351 465
f 466 351 467
f 466 351 465
f 466 348 467
f 466 465 348
f 466 465 348
f 469 471 395
f 469 468 395
f 469 468 471
f 469 471 393
f 469 468 393
f 469 471 392
f 469 468 392
f 469 471 392
f 469 468 392
f 469 471 390
f 469 468 390
f 469 471 389
f 469 468 389
f 469 471 388
f 469 468 388
f 469 468 387
f 469 468 387
f 469 468 385
f 469 468 384
f 469 468 383
f 469 468 382
f 469 468 382
f 469 468 380
f 469 468 378
f 469 377 468
f 469 377 375
f 469 377 468
f 469 468 373
f 469 468 373
f 469 468 371
f 469 468 370
f 469 357 468
f 469 468 351
f 469 468 351
f 469 348 467
f 469 348 467
f 469 468 467
f 469 590 467
f 469 468 588
f 469 590 588
f 469 587 468
f 469 505 507
f 469 510 585
f 469 468 585
f 469 468 510
f 469 503 471
f 469 468 503
f 469 468 503
f 469 505 503
f 469 505 468
f 469 501 471
f 469 468 501
f 469 501 471
f 469 468 471
f 469 468 501
f 484 364 363
f 484 364 483
f 484 242 364
f 484 363 362
f 484 483 365
f 484 242 120
f 484 483 369
f 484 607 7
f 484 120 7
f 484 120 483
f 484 483 371
f 484 486 371
f 484 606 483
f 484 606 607
f 484 606 483
f 484 483 371
f 484 486 371
f 484 604 483
f 484 373 483
f 484 373 486
f 484 603 604
f 484 373 374
f 484 373 486
f 484 603 483
f 484 375 374
f 484 375 486
f 484 601 483
f 484 375 483
f 484 375 486
f 484 378 483
f 484 378 486
f 484 601 482
f 484 601 482
f 484 378 483
f 484 378 486
f 484 599 482
f 484 483 380
f 484 486 380
f 484 599 598
f 484 483 380
f 484 486 380
f 484 597 598
f 484 383 483
f 484 383 486
f 484 383 384
f 484 383 486
f 484 384 483
f 484 486 483
f 484 486 384
f 240 119 361
f 240 119 118
f 240 361 362
f 240 119 361
f 238 243 242
f 238 347 346
f 238 242 347
f 238 348 347
f 238 235 346
f 238 348 349
f 238 240 348
f 238 350 349
f 238 240 350
f 238 351 350
f 238 240 351
f 238 351 352
f 238 240 351
f 238 357 356
f 238 359 360
f 238 603 359
f 238 603 725
f 238 119 118
f 238 724 603
f 238 724 603
f 238 119 120
f 238 121 120
f 238 121 122
f 238 122 237
f 238 124 237
f 238 124 125
f 238 125 126
f 238 127 126
f 238 127 128
f 238 129 128
f 238 129 237
f 238 131 237
f 238 131 133
f 245 351 246
f 245 243 246
f 245 243 351
f 245 351 246
f 245 243 351
f 245 357 356
f 245 359 246
f 245 361 246
f 245 361 246
f 245 246 363
f 245 364 246
f 245 364 246
f 245 246 129
f 245 246 131
f 245 246 131
f 245 246 134
f 245 246 134
f 245 148 246
f 245 151 246
f 245 151 246
f 476 599 356
f 476 590 501
f 476 501 498
f 476 473 495
f 476 473 392
f 476 473 392
f 476 473 390
f 476 473 389
f 358 359 370
f 358 357 370
f 358 357 359
f 358 357 468
f 358 469 357
f 358 472 357
f 358 472 471
f 358 472 357
f 358 472 473
f 358 479 601
f 358 479 603
f 358 601 602
f 358 603 359
f 358 479 359
f 358 479 603
f 358 603 602
f 358 238 603
f 358 238 603
f 358 238 357
f 358 243 242
f 358 357 243
f 358 245 359
f 358 245 357
f 462 464 398
f 462 464 396
f 462 464 399
f 462 464 396
f 462 464 395
f 462 463 464
f 462 465 464
f 462 402 465
f 462 463 393
f 462 402 465
f 462 463 392
f 462 404 465
f 462 463 392
f 462 465 464
f 462 505 464
f 462 463 390
f 462 404 504
f 462 465 504
f 462 404 504
f 462 404 465
f 462 505 506
f 462 505 464
f 462 463 389
f 462 506 459
f 462 506 504
f 462 459 405
f 462 404 405
f 462 404 459
f 462 507 464
f 462 463 388
f 462 463 464
f 462 463 387
f 462 463 510
f 462 463 510
f 462 463 348
f 462 463 512
f 462 463 347
f 462 463 384
f 462 463 387
f 462 463 383
f 462 463 513
f 462 463 348
f 462 463 513
f 462 350 383
f 462 463 350
f 462 463 515
f 462 382 350
f 462 463 382
f 462 463 382
f 462 463 583
f 462 517 516
f 462 463 516
f 353 472 352
f 353 596 352
f 353 469 468
f 353 468 467
f 353 231 233
f 353 599 233
f 353 235 233
f 353 231 352
f 353 466 467
f 353 235 352
f 353 466 465
f 353 238 352
f 353 465 464
f 353 238 240
f 353 377 465
f 353 377 352
f 353 377 464
f 353 243 242
f 353 352 378
f 353 464 378
f 353 245 243
f 353 382 352
f 353 464 382
f 353 245 246
f 353 463 382
f 353 463 464
f 353 463 464
f 249 238 240
f 252 251 359
f 252 251 361
f 252 358 251
f 252 251 361
f 252 358 251
f 252 251 363
f 252 251 357
f 252 251 364
f 252 251 364
f 252 251 148
f 252 152 255
f 252 151 152
f 252 251 151
f 252 251 151
f 252 154 152
f 252 251 154
f 252 155 154
f 252 155 251
f 252 155 156
f 252 155 232
f 252 155 251
f 714 596 715
f 714 599 715
f 714 599 715
f 714 715 601
f 714 715 606
f 714 609 715
f 714 614 715
f 714 614 715
f 714 609 715
f 714 609 614
f 714 715 615
f 714 715 621
f 714 621 618
f 714 715 618
f 714 715 621
f 714 715 623
f 714 715 623
f 714 715 625
f 714 715 625
f 714 626 707
f 714 715 626
f 714 628 707
f 714 706 628
f 714 715 706
f 714 706 5
f 718 596 229
f 718 109 229
f 718 110 109
f 718 108 109
f 718 110 231
f 718 353 231
f 718 596 352
f 718 353 352
f 718 353 596
f 718 353 596
f 718 353 233
f 718 353 231
f 718 623 622
f 718 618 619
f 566 565 558
f 566 567 558
f 566 565 644
f 566 567 644
f 566 565 644
f 566 567 644
f 566 570 565
f 566 570 567
f 560 559 675
f 560 552 671
f 560 672 671
f 560 672 552
f 560 672 673
f 560 559 552
f 560 672 552
f 560 559 674
f 560 674 673
f 560 559 674
f 174 173 191
f 174 191 192
f 174 191 192
f 174 190 191
f 174 190 173
f 174 190 173
f 174 194 192
f 174 194 81
f 174 194 85
f 174 192 80
f 174 194 192
f 174 194 81
f 174 81 85
f 174 194 195
f 174 79 80
f 174 79 78
f 174 77 78
f 174 77 76
f 174 75 76
f 174 173 75
f 174 75 74
f 174 173 75
f 174 73 74
f 174 173 73
f 174 73 72
f 174 173 73
f 174 71 72
f 174 173 71
f 174 173 71
f 147 226 225
f 147 226 225
f 147 224 225
f 147 224 225
f 147 226 146
f 147 226 148
f 147 224 146
f 147 224 148
f 147 229 146
f 147 148 229
f 147 229 146
f 147 148 229
f 147 146 221
f 147 148 221
f 147 231 146
f 147 231 148
f 147 146 219
f 147 148 219
f 147 231 232
f 147 231 232
f 147 146 219
f 147 148 219
f 147 146 217
f 147 148 217
f 147 216 146
f 147 216 148
f 147 100 148
f 147 245 148
f 147 146 83
f 147 148 83
f 147 146 83
f 147 148 83
f 147 46 82
f 147 148 82
f 147 148 46
f 147 148 45
f 147 148 45
f 147 148 43
f 145 226 225
f 145 226 225
f 145 224 225
f 145 224 225
f 145 226 146
f 145 226 144
f 145 224 146
f 145 224 144
f 145 229 146
f 145 144 229
f 145 229 146
f 145 144 229
f 145 231 146
f 145 231 144
f 145 231 232
f 145 231 232
f 145 245 144
f 145 147 245
f 145 144 41
f 145 144 41
f 145 147 249
f 145 144 43
f 145 148 41
f 145 147 148
f 145 147 43
f 145 148 41
f 145 144 39
f 145 252 251
f 145 147 45
f 145 148 39
f 145 45 43
f 145 43 83
f 145 144 43
f 145 147 45
f 145 148 39
f 145 148 34
f 145 45 44
f 145 83 44
f 145 146 83
f 145 45 46
f 145 147 46
f 145 147 146
f 145 37 34
f 145 146 83
f 145 144 83
f 142 226 225
f 142 226 225
f 142 224 141
f 142 224 225
f 142 224 225
f 142 226 143
f 142 226 141
f 142 229 230
f 142 141 229
f 142 231 230
f 142 231 141
f 142 231 232
f 142 231 232
f 142 245 144
f 142 245 141
f 142 141 39
f 142 144 39
f 142 141 39
f 142 141 41
f 142 144 41
f 142 145 39
f 142 145 144
f 142 141 37
f 142 141 83
f 142 144 41
f 142 145 37
f 142 145 252
f 142 83 41
f 142 143 83
f 142 141 83
f 142 144 83
f 142 144 143
f 142 145 37
f 142 37 34
f 142 141 34
f 142 141 37
f 142 141 34
f 142 145 34
f 142 141 32
f 140 226 225
f 140 226 225
f 140 224 225
f 140 224 225
f 140 226 139
f 140 226 141
f 140 224 139
f 140 224 141
f 140 229 139
f 140 141 229
f 140 139 221
f 140 141 221
f 140 231 139
f 140 231 141
f 140 139 219
f 140 231 232
f 140 231 232
f 140 219 143
f 140 141 143
f 140 108 139
f 140 139 83
f 140 141 83
f 140 138 83
f 140 138 139
f 140 83 39
f 140 141 39
f 140 141 83
f 140 141 39
f 140 138 39
f 140 141 37
f 140 138 37
f 140 141 37
f 140 138 37
f 140 138 141
f 140 138 141
f 140 245 141
f 140 245 138
f 137 226 225
f 137 226 225
f 137 138 139
f 137 226 139
f 137 226 136
f 137 136 109
f 137 108 109
f 137 108 136
f 137 224 225
f 137 224 225
f 137 138 83
f 137 136 139
f 137 224 139
f 137 224 136
f 137 136 229
f 137 138 229
f 137 138 37
f 137 231 136
f 137 231 138
f 137 231 232
f 137 231 138
f 137 37 36
f 137 138 37
f 137 232 136
f 137 138 232
f 137 36 35
f 137 138 36
f 137 34 35
f 137 138 34
f 137 138 34
f 137 138 246
f 137 245 246
f 137 245 138
f 303 300 308
f 303 308 304
f 303 308 304
f 303 300 198
f 303 300 198
f 303 300 195
f 303 300 197
f 303 191 304
f 303 190 191
f 303 190 191
f 303 190 189
f 303 190 304
f 303 188 189
f 303 188 304
f 303 302 185
f 303 304 185
f 303 304 302
f 165 208 209
f 165 208 209
f 165 164 166
f 165 209 166
f 165 209 164
f 165 208 166
f 165 208 164
f 165 205 166
f 165 205 164
f 165 205 164
f 165 164 202
f 165 167 202
f 165 167 200
f 165 200 201
f 165 87 201
f 165 164 87
f 165 164 87
f 165 200 86
f 165 167 200
f 165 164 85
f 165 167 85
f 165 164 85
f 165 85 86
f 165 164 83
f 165 167 83
f 165 167 168
f 165 167 168
f 165 164 83
f 165 167 83
f 165 198 85
f 165 168 198
f 165 168 198
f 165 164 81
f 165 167 81
f 165 164 81
f 165 167 81
f 165 167 166
f 165 166 79
f 165 164 79
f 165 166 79
f 165 164 79
f 165 166 77
f 165 164 77
f 165 166 77
f 165 164 77
f 165 166 75
f 165 164 75
f 165 166 75
f 165 164 75
f 165 166 73
f 165 164 73
f 165 166 73
f 165 164 73
f 165 71 166
f 165 164 71
f 165 164 71
f 169 170 205
f 169 168 200
f 169 170 200
f 169 168 200
f 169 170 200
f 169 168 198
f 169 170 198
f 169 198 85
f 169 168 198
f 169 168 85
f 169 168 83
f 169 168 83
f 169 168 81
f 169 168 81
f 169 168 79
f 169 168 79
f 169 168 77
f 169 170 77
f 169 168 77
f 169 170 77
f 169 168 75
f 169 170 75
f 169 168 75
f 169 170 75
f 169 168 73
f 169 170 73
f 169 168 73
f 169 170 73
f 169 168 71
f 169 170 71
f 169 70 168
f 169 170 70
f 169 170 70
f 215 335 336
f 215 216 335
f 215 93 214
f 215 335 214
f 215 216 335
f 215 93 94
f 215 216 94
f 215 93 214
f 215 333 214
f 215 216 333
f 215 332 333
f 215 216 332
f 215 332 331
f 215 216 332
f 215 147 216
f 215 331 214
f 215 216 331
f 215 147 148
f 215 147 216
f 215 216 276
f 215 150 148
f 215 150 216
f 215 214 329
f 215 276 329
f 215 276 214
f 215 276 275
f 215 216 276
f 215 150 151
f 215 150 216
f 215 273 275
f 215 216 273
f 215 153 151
f 215 153 216
f 215 273 214
f 215 216 273
f 215 153 154
f 215 153 216
f 215 271 214
f 215 216 271
f 215 155 154
f 215 155 216
f 215 271 214
f 215 216 271
f 215 155 156
f 215 155 216
f 215 214 270
f 215 216 270
f 215 156 214
f 215 216 156
f 215 158 214
f 215 216 158
f 215 158 159
f 215 216 158
f 215 164 166
f 215 163 164
f 215 216 163
f 215 160 159
f 215 216 160
f 215 163 162
f 215 216 163
f 215 160 214
f 215 216 160
f 215 162 214
f 215 216 162
f 341 342 280
f 341 340 280
f 341 342 281
f 341 340 281
f 341 342 280
f 341 340 280
f 341 342 382
f 341 340 382
f 341 342 278
f 341 340 278
f 341 342 382
f 341 340 382
f 341 342 278
f 341 340 278
f 341 342 383
f 341 340 383
f 341 342 276
f 341 340 276
f 341 342 384
f 341 340 384
f 341 342 276
f 341 340 276
f 341 342 385
f 341 340 385
f 341 342 275
f 341 340 275
f 341 342 387
f 341 340 387
f 341 342 273
f 341 340 273
f 341 342 387
f 341 340 387
f 341 342 273
f 341 340 273
f 341 342 388
f 341 340 388
f 341 342 271
f 341 340 271
f 341 342 389
f 341 340 389
f 341 342 271
f 341 340 271
f 341 342 390
f 341 340 390
f 341 342 270
f 341 340 270
f 341 342 392
f 341 340 392
f 341 342 392
f 341 340 392
f 341 264 342
f 341 340 264
f 341 456 393
f 341 456 342
f 341 393 394
f 341 340 394
f 341 340 393
f 341 456 340
f 341 456 342
f 341 456 340
f 341 342 229
f 341 340 226
f 341 342 457
f 341 340 457
f 341 226 342
f 341 340 226
f 341 342 458
f 341 224 342
f 341 340 224
f 341 224 342
f 341 340 224
f 341 342 219
f 341 219 218
f 341 340 218
f 341 340 219
f 341 342 219
f 341 340 219
f 341 342 221
f 341 340 221
f 339 337 278
f 339 340 278
f 339 340 337
f 339 337 278
f 339 340 278
f 339 276 337
f 339 340 276
f 339 276 337
f 339 340 276
f 339 337 275
f 339 340 275
f 339 340 273
f 339 340 273
f 339 340 271
f 339 340 271
f 339 340 224
f 339 340 226
f 339 340 224
f 339 264 226
f 339 340 226
f 339 340 264
f 339 340 221
f 339 340 219
f 339 340 219
f 339 340 217
f 339 216 217
f 339 340 217
f 339 340 457
f 339 456 340
f 339 456 340
f 339 340 454
f 339 454 453
f 339 454 396
f 339 340 454
f 339 340 395
f 339 340 393
f 339 340 392
f 339 340 392
f 339 340 390
f 339 337 389
f 339 340 389
f 339 337 388
f 339 340 388
f 339 387 337
f 339 340 387
f 339 387 337
f 339 340 387
f 339 337 385
f 339 340 385
f 339 337 384
f 339 340 384
f 339 340 337
f 228 259 229
f 228 264 263
f 228 340 264
f 228 340 264
f 228 341 340
f 228 341 342
f 228 341 226
f 228 341 226
f 228 229 347
f 228 226 347
f 228 348 229
f 228 226 348
f 228 348 229
f 228 715 348
f 228 108 109
f 228 351 229
f 228 715 351
f 228 226 109
f 228 226 108
f 228 110 109
f 228 110 109
f 228 594 351
f 228 594 715
f 228 594 715
f 228 115 113
f 228 115 229
f 228 118 229
f 228 121 229
f 228 118 121
f 228 118 121
f 228 121 122
f 228 121 229
f 228 122 227
f 228 229 122
f 228 124 227
f 228 229 124
f 228 124 125
f 228 229 124
f 228 125 227
f 228 229 125
f 228 127 227
f 228 229 127
f 228 127 128
f 228 229 127
f 228 129 128
f 228 229 129
f 228 229 129
f 228 132 129
f 228 132 129
f 228 132 229
f 228 132 133
f 228 132 229
f 228 134 133
f 228 229 134
f 228 136 134
f 228 136 229
f 228 137 136
f 228 137 136
f 228 137 138
f 228 137 138
f 228 138 139
f 228 138 229
f 228 140 139
f 228 140 229
f 228 140 141
f 228 140 141
f 228 142 141
f 228 142 141
f 228 229 143
f 228 142 143
f 228 142 229
f 345 380 381
f 345 344 380
f 345 382 381
f 345 344 382
f 345 380 346
f 345 344 380
f 345 382 383
f 345 344 382
f 345 378 346
f 345 383 384
f 345 344 383
f 345 378 279
f 345 344 279
f 345 378 346
f 345 384 385
f 345 344 384
f 345 278 346
f 345 344 278
f 345 387 385
f 345 344 387
f 345 278 277
f 345 344 278
f 345 387 388
f 345 344 387
f 345 276 277
f 345 344 276
f 345 344 388
f 345 276 275
f 345 344 276
f 345 458 388
f 345 344 458
f 345 275 274
f 345 344 275
f 345 388 459
f 345 458 388
f 345 344 458
f 345 273 274
f 345 344 273
f 345 273 272
f 345 344 273
f 345 462 463
f 345 462 344
f 345 271 272
f 345 344 271
f 345 463 464
f 345 271 270
f 345 344 271
f 345 463 464
f 345 344 463
f 345 270 346
f 345 344 270
f 345 264 263
f 345 344 264
f 345 711 223
f 345 588 711
f 345 588 711
f 345 224 223
f 345 344 224
f 345 224 225
f 345 344 224
f 345 226 225
f 345 344 226
f 345 238 235
f 345 228 226
f 345 228 344
f 345 235 233
f 345 344 235
f 345 228 229
f 345 228 344
f 345 231 233
f 345 344 231
f 345 229 230
f 345 344 229
f 345 231 230
f 345 344 231
f 343 342 380
f 343 344 380
f 343 342 382
f 343 344 382
f 343 342 380
f 343 344 380
f 343 342 382
f 343 344 382
f 343 342 278
f 343 344 278
f 343 342 383
f 343 344 383
f 343 342 278
f 343 344 278
f 343 342 384
f 343 344 384
f 343 342 276
f 343 344 276
f 343 342 385
f 343 344 385
f 343 342 276
f 343 344 276
f 343 342 387
f 343 344 387
f 343 342 275
f 343 344 275
f 343 342 387
f 343 344 387
f 343 342 273
f 343 344 273
f 343 342 388
f 343 344 388
f 343 342 273
f 343 344 273
f 343 342 389
f 343 344 389
f 343 342 271
f 343 344 271
f 343 342 390
f 343 342 271
f 343 344 271
f 343 457 390
f 343 344 457
f 343 342 457
f 343 342 270
f 343 344 270
f 343 342 457
f 343 344 457
f 343 342 458
f 343 344 458
f 343 264 342
f 343 344 264
f 343 259 344
f 343 344 463
f 343 344 231
f 343 259 231
f 343 259 231
f 343 231 342
f 343 344 231
f 343 221 220
f 343 342 220
f 343 342 221
f 343 342 229
f 343 344 229
f 343 224 342
f 343 344 224
f 343 228 342
f 343 228 344
f 343 224 342
f 343 344 224
f 343 228 226
f 343 228 344
f 343 226 342
f 343 344 226
f 261 341 229
f 261 341 342
f 261 160 159
f 258 259 351
f 258 259 351
f 258 353 259
f 258 259 357
f 258 259 357
f 258 259 359
f 258 261 365
f 258 261 372
f 258 224 159
f 258 259 224
f 258 226 157
f 258 259 226
f 258 224 225
f 258 259 224
f 258 259 229
f 258 259 229
f 258 226 225
f 258 259 226
f 187 71 72
f 187 188 71
f 187 73 72
f 187 188 73
f 187 188 73
f 187 70 71
f 187 188 70
f 187 70 69
f 187 188 70
f 187 68 69
f 187 188 68
f 187 68 67
f 187 188 68
f 187 66 67
f 187 308 66
f 187 188 308
f 187 66 309
f 187 66 552
f 187 65 66
f 187 65 308
f 187 65 308
f 187 309 552
f 187 431 309
f 187 188 431
f 187 188 431
f 187 303 304
f 187 303 188
f 187 303 302
f 187 303 188
f 187 302 185
f 187 188 300
f 187 300 185
f 187 188 298
f 187 185 298
f 187 188 297
f 187 297 185
f 187 188 297
f 187 297 185
f 187 297 296
f 187 188 296
f 187 185 294
f 187 188 294
f 187 185 294
f 187 188 293
f 187 293 294
f 187 185 291
f 187 188 293
f 187 188 291
f 187 185 291
f 187 188 291
f 187 185 290
f 187 188 287
f 187 287 288
f 187 185 288
f 187 188 287
f 187 179 185
f 187 188 179
f 187 285 185
f 187 188 285
f 187 179 185
f 187 284 285
f 187 188 284
f 187 185 183
f 187 188 183
f 187 179 178
f 187 188 178
f 187 188 179
f 187 284 185
f 187 188 284
f 187 282 185
f 187 188 282
f 187 275 185
f 187 275 274
f 187 273 274
f 187 188 273
f 187 188 275
f 187 282 281
f 187 188 282
f 187 273 272
f 187 188 273
f 187 276 275
f 187 188 276
f 187 280 281
f 187 188 280
f 187 271 272
f 187 188 271
f 187 188 271
f 187 276 277
f 187 188 276
f 187 280 185
f 187 188 280
f 187 278 277
f 187 188 278
f 187 278 185
f 187 188 278
f 172 188 173
f 172 188 170
f 172 173 183
f 172 170 183
f 172 170 173
f 172 190 188
f 172 190 188
f 172 190 173
f 172 173 191
f 172 194 195
f 172 174 194
f 172 174 173
f 172 174 194
f 172 174 79
f 172 174 79
f 172 174 77
f 172 174 77
f 172 174 173
f 172 173 75
f 172 173 75
f 172 173 73
f 172 173 73
f 172 173 71
f 172 173 70
f 172 173 70
f 172 170 70
f 172 173 68
f 172 170 68
f 172 173 68
f 172 170 68
f 172 173 66
f 172 170 66
f 172 173 66
f 172 170 66
f 172 173 63
f 172 170 63
f 172 173 62
f 172 170 62
f 172 173 62
f 172 170 62
f 172 170 173
f 686 70 71
f 686 687 70
f 686 71 685
f 686 687 71
f 686 70 685
f 686 687 70
f 686 685 73
f 686 687 73
f 686 68 685
f 686 687 68
f 686 685 75
f 686 687 75
f 686 65 68
f 686 687 65
f 686 685 75
f 686 687 75
f 686 65 685
f 686 687 65
f 686 685 76
f 686 687 76
f 686 685 62
f 686 687 62
f 686 685 558
f 686 687 558
f 686 685 62
f 686 687 62
f 686 685 644
f 686 687 644
f 686 685 60
f 686 687 60
f 686 685 644
f 686 687 644
f 686 685 60
f 686 687 60
f 686 685 649
f 686 687 649
f 686 685 57
f 686 687 57
f 686 685 653
f 686 685 56
f 686 687 56
f 686 652 653
f 686 687 652
f 686 687 652
f 686 685 655
f 686 685 56
f 686 687 56
f 686 655 653
f 686 687 653
f 686 687 655
f 686 685 655
f 686 687 655
f 686 54 685
f 686 687 54
f 686 685 657
f 686 54 685
f 686 687 54
f 686 685 657
f 686 685 53
f 686 687 53
f 686 26 657
f 686 685 51
f 686 687 51
f 686 26 27
f 686 660 27
f 686 685 51
f 686 687 51
f 686 659 660
f 686 685 659
f 686 685 659
f 686 660 27
f 686 685 660
f 686 28 27
f 686 685 49
f 686 687 49
f 686 27 661
f 686 685 661
f 686 28 663
f 686 685 30
f 686 687 30
f 686 685 49
f 686 687 49
f 686 685 30
f 686 687 30
f 686 685 48
f 686 687 48
f 686 685 32
f 686 687 32
f 686 685 46
f 686 687 46
f 686 685 32
f 686 687 32
f 686 685 45
f 686 687 45
f 686 685 34
f 686 687 34
f 686 685 45
f 686 687 45
f 686 685 34
f 686 685 43
f 686 687 43
f 686 34 36
f 686 687 36
f 686 687 34
f 686 685 37
f 686 687 37
f 686 685 43
f 686 687 43
f 686 685 37
f 686 687 37
f 686 685 41
f 686 687 41
f 686 685 39
f 686 687 39
f 686 685 41
f 686 687 41
f 686 685 39
f 686 687 39
f 682 68 683
f 682 681 68
f 682 65 683
f 682 681 65
f 682 68 683
f 682 681 68
f 682 65 683
f 682 681 65
f 682 70 683
f 682 681 70
f 682 683 63
f 682 681 63
f 682 70 683
f 682 681 70
f 682 683 62
f 682 681 62
f 682 683 557
f 682 681 557
f 682 683 62
f 682 681 62
f 682 683 557
f 682 681 557
f 682 683 60
f 682 681 60
f 682 683 558
f 682 681 558
f 682 683 60
f 682 681 60
f 682 683 644
f 682 681 644
f 682 683 59
f 682 681 59
f 682 683 644
f 682 681 644
f 682 683 57
f 682 681 57
f 682 683 653
f 682 681 653
f 682 683 56
f 682 681 56
f 682 683 656
f 682 681 656
f 682 683 56
f 682 681 56
f 682 681 657
f 682 683 54
f 682 681 54
f 682 684 657
f 682 684 683
f 682 681 659
f 682 683 54
f 682 681 54
f 682 684 657
f 682 659 657
f 682 683 53
f 682 681 53
f 682 684 659
f 682 681 659
f 682 683 51
f 682 681 51
f 682 685 659
f 682 684 685
f 682 681 660
f 682 684 32
f 682 683 51
f 682 681 51
f 682 685 660
f 682 684 34
f 682 679 32
f 682 685 32
f 682 684 685
f 682 679 32
f 682 683 49
f 682 681 49
f 682 685 661
f 682 679 661
f 682 681 679
f 682 684 34
f 682 679 34
f 682 681 679
f 682 681 34
f 682 685 30
f 682 679 29
f 682 30 29
f 682 683 49
f 682 681 49
f 682 679 663
f 682 684 37
f 682 681 37
f 682 685 30
f 682 683 48
f 682 681 48
f 682 686 663
f 682 686 685
f 682 684 37
f 682 681 37
f 682 28 29
f 682 683 46
f 682 681 46
f 682 686 28
f 682 684 39
f 682 681 39
f 682 667 29
f 682 679 667
f 682 679 667
f 682 686 28
f 682 686 685
f 682 683 45
f 682 681 45
f 682 684 39
f 682 684 683
f 682 681 39
f 682 683 45
f 682 681 45
f 682 683 41
f 682 681 41
f 682 683 43
f 682 681 43
f 682 683 41
f 682 681 41
f 689 68 688
f 689 690 68
f 689 70 688
f 689 690 70
f 689 65 68
f 689 690 65
f 689 70 688
f 689 690 70
f 689 65 688
f 689 688 71
f 689 690 71
f 689 688 62
f 689 65 62
f 689 690 65
f 689 688 73
f 689 690 73
f 689 688 60
f 689 690 60
f 689 688 75
f 689 690 75
f 689 688 60
f 689 690 60
f 689 688 75
f 689 690 75
f 689 688 56
f 689 690 56
f 689 688 85
f 689 690 85
f 689 688 56
f 689 690 56
f 689 688 85
f 689 690 85
f 689 688 54
f 689 690 54
f 689 688 558
f 689 690 558
f 689 688 54
f 689 690 54
f 689 688 644
f 689 690 644
f 689 688 53
f 689 690 53
f 689 688 644
f 689 690 644
f 689 688 51
f 689 690 51
f 689 688 649
f 689 690 649
f 689 688 49
f 689 690 49
f 689 688 49
f 689 690 49
f 689 687 652
f 689 687 688
f 689 652 651
f 689 690 651
f 689 690 652
f 689 690 652
f 689 688 48
f 689 690 48
f 689 687 652
f 689 690 653
f 689 688 46
f 689 690 46
f 689 687 653
f 689 690 655
f 689 688 45
f 689 690 45
f 689 687 655
f 689 688 45
f 689 690 45
f 689 687 655
f 689 688 43
f 689 690 43
f 689 25 655
f 689 690 28
f 689 690 28
f 689 688 43
f 689 690 43
f 689 25 657
f 689 24 25
f 689 690 24
f 689 690 24
f 689 686 657
f 689 686 687
f 689 686 28
f 689 686 687
f 689 687 30
f 689 690 30
f 689 686 28
f 689 690 26
f 689 688 41
f 689 690 41
f 689 686 26
f 689 26 25
f 689 690 26
f 689 687 30
f 689 690 30
f 689 686 26
f 689 688 41
f 689 690 41
f 689 687 32
f 689 690 32
f 689 688 39
f 689 690 39
f 689 687 32
f 689 690 32
f 689 688 39
f 689 690 39
f 689 687 34
f 689 690 34
f 689 688 37
f 689 690 37
f 689 687 34
f 689 690 34
f 689 688 37
f 689 690 37
f 689 687 36
f 689 687 688
f 689 690 36
f 530 454 558
f 530 571 572
f 530 570 569
f 447 526 448
f 447 446 526
f 447 525 526
f 447 446 525
f 447 525 524
f 447 446 525
f 447 524 523
f 447 446 524
f 447 522 523
f 447 446 522
f 447 446 549
f 447 521 522
f 447 446 521
f 447 556 557
f 447 446 556
f 447 521 448
f 447 446 521
f 447 557 448
f 447 446 557
f 447 448 519
f 447 446 519
f 447 85 448
f 447 446 85
f 447 518 448
f 447 446 518
f 447 518 517
f 447 446 518
f 447 86 448
f 447 85 86
f 447 85 86
f 447 202 85
f 447 446 202
f 447 517 516
f 447 446 517
f 447 328 448
f 447 515 516
f 447 446 515
f 447 446 328
f 447 515 448
f 447 446 515
f 447 328 448
f 447 328 329
f 447 446 329
f 447 513 448
f 447 446 513
f 447 331 448
f 447 446 331
f 447 513 511
f 447 446 513
f 447 332 331
f 447 446 332
f 447 511 448
f 447 446 511
f 447 332 333
f 447 448 413
f 447 446 413
f 447 333 403
f 447 332 333
f 447 446 332
f 447 448 413
f 447 405 403
f 447 446 405
f 447 412 413
f 447 446 412
f 447 446 412
f 447 448 410
f 447 446 410
f 447 405 407
f 447 446 405
f 447 448 410
f 447 446 410
f 447 408 407
f 447 446 408
f 447 408 448
f 447 446 408
f 445 444 526
f 445 446 526
f 445 525 444
f 445 446 525
f 445 525 444
f 445 446 525
f 445 444 524
f 445 446 524
f 445 444 522
f 445 446 522
f 445 550 549
f 445 444 521
f 445 446 521
f 445 550 444
f 445 446 549
f 445 550 549
f 445 444 521
f 445 446 521
f 445 444 556
f 445 446 556
f 445 444 519
f 445 446 519
f 445 443 444
f 445 444 518
f 445 446 518
f 445 446 557
f 445 444 518
f 445 446 518
f 445 202 557
f 445 443 202
f 445 443 327
f 445 444 517
f 445 446 517
f 445 202 85
f 445 446 85
f 445 446 202
f 445 446 328
f 445 443 328
f 445 444 515
f 445 446 515
f 445 446 329
f 445 443 329
f 445 443 444
f 445 444 515
f 445 446 515
f 445 444 331
f 445 446 331
f 445 513 444
f 445 446 513
f 445 444 331
f 445 332 331
f 445 446 332
f 445 446 332
f 445 444 405
f 445 446 405
f 445 444 417
f 445 513 417
f 445 513 444
f 445 444 417
f 445 513 417
f 445 446 513
f 445 444 408
f 445 446 408
f 445 444 415
f 445 446 415
f 445 444 408
f 445 446 413
f 445 408 410
f 445 446 410
f 445 446 408
f 445 444 410
f 445 446 410
f 445 414 413
f 445 444 414
f 445 444 414
f 445 444 412
f 445 446 412
f 445 444 412
f 445 446 412
f 441 556 555
f 441 550 555
f 441 550 556
f 441 550 549
f 441 526 440
f 441 412 440
f 441 444 526
f 441 525 526
f 441 525 444
f 441 412 413
f 441 444 412
f 441 525 524
f 441 525 444
f 441 414 413
f 441 444 414
f 441 524 523
f 441 444 524
f 441 414 440
f 441 444 414
f 441 522 523
f 441 444 522
f 441 440 415
f 441 444 415
f 441 521 522
f 441 444 521
f 441 417 440
f 441 444 417
f 441 521 440
f 441 444 521
f 441 417 440
f 441 444 417
f 441 519 440
f 441 444 519
f 441 440 418
f 441 444 418
f 441 518 519
f 441 444 518
f 441 424 440
f 441 444 424
f 441 518 517
f 441 444 518
f 441 444 424
f 441 517 516
f 441 444 517
f 441 424 426
f 441 426 436
f 441 424 436
f 441 424 426
f 441 436 516
f 441 436 516
f 441 515 516
f 441 444 515
f 441 444 515
f 553 550 555
f 553 550 433
f 553 432 433
f 553 550 432
f 553 311 432
f 553 311 189
f 553 550 431
f 553 68 189
f 553 188 189
f 553 550 559
f 553 550 559
f 553 188 431
f 553 550 431
f 553 67 555
f 553 68 67
f 553 68 189
f 553 187 188
f 553 187 188
f 553 559 552
f 553 559 552
f 553 66 552
f 553 676 66
f 553 187 66
f 553 187 66
f 553 66 552
f 553 67 677
f 553 676 677
f 553 676 67
f 553 676 675
f 553 676 66
f 553 674 675
f 553 552 674
f 553 552 674
f 434 550 549
f 434 550 549
f 434 550 433
f 434 550 435
f 434 312 555
f 434 312 433
f 434 312 433
f 434 556 555
f 434 435 556
f 434 435 556
f 434 314 433
f 434 435 314
f 434 314 433
f 434 435 314
f 434 525 433
f 434 525 435
f 434 316 433
f 434 435 316
f 434 525 524
f 434 525 435
f 434 317 316
f 434 317 435
f 434 524 433
f 434 435 524
f 434 317 318
f 434 317 318
f 434 522 433
f 434 435 522
f 434 522 433
f 434 435 522
f 434 433 519
f 434 435 519
f 434 433 414
f 434 435 414
f 434 518 433
f 434 435 518
f 434 433 419
f 434 435 419
f 434 427 518
f 434 427 435
f 434 433 420
f 434 435 420
f 434 427 433
f 434 427 435
f 434 424 433
f 434 424 435
f 434 424 433
f 434 424 435
f 545 443 444
f 545 445 444
f 545 445 446
f 545 441 543
f 545 447 549
f 545 447 446
f 545 447 446
f 545 543 439
f 545 560 543
f 545 543 559
f 545 549 559
f 545 543 556
f 545 549 556
f 545 549 543
f 117 226 118
f 117 115 118
f 117 115 226
f 117 226 118
f 117 115 226
f 117 228 118
f 117 228 115
f 117 228 118
f 117 228 115
f 117 118 229
f 117 115 229
f 117 231 118
f 117 115 231
f 117 231 118
f 117 115 231
f 117 118 232
f 117 115 232
f 117 238 118
f 117 238 724
f 117 238 724
f 117 118 725
f 117 238 725
f 117 238 118
f 117 118 727
f 117 118 1
f 117 119 15
f 117 119 15
f 117 119 13
f 117 13 12
f 117 119 17
f 117 119 13
f 117 119 118
f 117 119 17
f 117 12 6
f 117 119 6
f 117 119 12
f 117 119 18
f 117 119 20
f 117 119 20
f 117 119 22
f 117 118 127
f 117 119 118
f 117 118 129
f 117 132 118
f 117 132 115
f 112 132 114
f 112 132 111
f 112 114 113
f 112 132 133
f 112 132 111
f 112 5 113
f 112 111 5
f 112 114 18
f 112 136 133
f 112 4 5
f 112 111 4
f 112 18 20
f 112 111 20
f 112 114 18
f 112 110 111
f 112 136 134
f 112 111 134
f 112 111 136
f 112 4 3
f 112 111 4
f 112 114 20
f 112 111 20
f 112 136 221
f 112 114 22
f 112 111 22
f 112 136 139
f 112 110 139
f 112 110 136
f 112 228 229
f 112 228 113
f 112 228 110
f 112 228 110
f 112 114 22
f 112 111 22
f 112 224 113
f 112 110 224
f 112 229 230
f 112 226 113
f 112 110 226
f 112 110 229
f 112 114 24
f 112 111 24
f 112 224 225
f 112 110 224
f 112 231 230
f 112 226 225
f 112 110 226
f 112 110 231
f 112 114 24
f 112 111 24
f 112 111 114
f 112 231 233
f 112 718 110
f 112 724 725
f 112 724 723
f 112 111 725
f 112 724 725
f 726 110 111
f 726 110 111
f 726 112 111
f 726 112 111
f 726 110 109
f 726 110 109
f 726 112 113
f 726 112 725
f 726 108 109
f 726 108 109
f 726 114 113
f 726 114 725
f 726 115 114
f 726 115 114
f 726 4 723
f 726 4 725
f 726 117 118
f 726 117 118
f 726 4 3
f 726 118 725
f 726 3 727
f 726 4 3
f 726 4 725
f 726 725 604
f 726 118 604
f 726 725 728
f 726 606 727
f 726 606 725
f 726 119 727
f 726 119 118
f 726 119 118
f 726 6 728
f 726 616 725
f 726 606 607
f 726 606 725
f 726 614 6
f 726 614 616
f 726 614 616
f 726 608 607
f 726 608 725
f 726 613 6
f 726 614 613
f 726 614 725
f 726 609 608
f 726 609 608
f 726 612 727
f 726 613 612
f 726 725 613
f 726 609 610
f 726 609 725
f 726 611 612
f 726 725 611
f 726 611 610
f 726 725 611
f 104 224 711
f 104 146 143
f 104 216 146
f 104 144 146
f 104 225 711
f 104 224 225
f 98 219 220
f 98 153 212
f 98 150 212
f 98 153 212
f 98 144 143
f 203 323 202
f 203 317 316
f 203 317 202
f 203 202 316
f 203 316 315
f 203 202 315
f 203 316 204
f 203 316 293
f 203 202 293
f 203 285 204
f 203 202 285
f 203 284 285
f 203 202 284
f 203 284 282
f 203 284 282
f 203 205 282
f 203 205 282
f 203 282 201
f 203 282 201
f 203 284 201
f 203 202 284
f 203 205 280
f 203 280 201
f 203 205 280
f 203 280 201
f 203 205 278
f 203 278 201
f 203 205 278
f 203 278 201
f 203 205 276
f 203 200 201
f 203 276 200
f 203 205 276
f 203 276 200
f 203 169 170
f 203 169 168
f 203 169 170
f 203 205 275
f 203 191 200
f 203 169 205
f 203 167 202
f 203 167 168
f 203 170 200
f 203 170 191
f 203 190 170
f 203 190 170
f 203 191 275
f 203 167 205
f 203 205 273
f 203 190 205
f 203 167 205
f 203 165 167
f 203 165 167
f 203 190 273
f 203 190 191
f 203 165 205
f 203 165 205
f 203 165 164
f 203 165 164
f 203 163 164
f 203 163 164
f 203 163 162
f 203 163 162
f 203 162 161
f 203 161 89
f 203 162 161
f 203 162 202
f 203 88 89
f 203 88 202
f 203 88 202
f 326 437 412
f 326 327 438
f 326 437 438
f 326 327 438
f 326 327 412
f 326 327 439
f 326 327 408
f 326 327 408
f 326 327 405
f 326 445 443
f 326 404 327
f 326 404 327
f 326 445 446
f 326 402 327
f 326 447 202
f 326 447 446
f 326 445 327
f 326 445 446
f 326 402 327
f 326 447 328
f 326 328 206
f 326 447 446
f 326 328 206
f 326 327 328
f 326 208 327
f 326 208 327
f 326 327 209
f 326 327 210
f 326 282 280
f 326 327 282
f 326 327 284
f 326 212 280
f 326 212 327
f 326 212 327
f 326 327 284
f 319 318 291
f 319 203 317
f 319 203 317
f 319 317 202
f 319 317 200
f 319 317 200
f 319 317 198
f 319 317 198
f 319 317 438
f 319 439 197
f 319 438 439
f 319 317 437
f 319 317 437
f 319 437 318
f 319 434 318
f 319 434 318
f 319 318 432
f 319 318 431
f 319 318 431
f 319 429 318
f 319 429 428
f 319 428 318
f 319 422 419
f 319 318 419
f 319 318 422
f 319 318 417
f 319 318 417
f 319 318 414
f 319 318 414
f 319 318 412
f 319 318 412
f 319 318 410
f 319 318 410
f 319 318 408
f 319 318 408
f 508 582 506
f 508 582 507
f 508 582 510
f 508 509 411
f 508 506 411
f 508 506 509
f 508 509 455
f 508 506 408
f 508 590 582
f 508 408 455
f 508 459 509
f 508 506 408
f 508 507 506
f 508 466 510
f 508 466 507
f 508 468 510
f 508 507 468
f 508 408 459
f 508 465 510
f 508 466 465
f 508 466 507
f 508 469 468
f 508 469 507
f 508 587 588
f 508 587 507
f 508 462 464
f 508 462 507
f 508 465 464
f 508 507 465
f 508 469 510
f 508 469 507
f 592 582 593
f 592 593 623
f 592 582 624
f 592 582 623
f 592 582 507
f 592 582 507
f 592 625 624
f 592 593 625
f 592 505 507
f 592 505 507
f 592 625 626
f 592 593 625
f 592 505 503
f 592 505 593
f 592 626 591
f 592 593 626
f 592 503 501
f 592 593 503
f 592 628 591
f 592 501 498
f 592 593 501
f 592 628 710
f 592 593 710
f 592 593 497
f 592 629 591
f 592 628 629
f 592 628 629
f 592 591 711
f 592 593 711
f 592 591 711
f 592 593 711
f 592 593 481
f 592 348 591
f 592 593 348
f 592 469 348
f 592 469 348
f 589 588 628
f 589 590 628
f 589 588 630
f 589 590 630
f 589 590 628
f 589 631 588
f 589 590 631
f 589 628 627
f 589 588 628
f 589 631 588
f 589 590 588
f 589 590 631
f 589 582 627
f 589 582 588
f 589 582 626
f 589 590 626
f 589 590 582
f 589 582 588
f 589 508 588
f 589 508 582
f 589 508 590
f 589 508 507
f 589 508 590
f 589 505 507
f 589 590 505
f 589 590 505
f 589 472 588
f 589 469 590
f 586 631 585
f 586 587 631
f 586 510 585
f 586 587 510
f 586 631 585
f 586 508 510
f 586 508 587
f 586 634 585
f 586 631 634
f 586 587 631
f 586 508 507
f 586 508 587
f 586 587 634
f 586 634 710
f 586 634 585
f 586 469 468
f 586 469 587
f 586 221 710
f 586 468 585
f 586 587 468
f 586 587 588
f 586 585 467
f 586 465 464
f 586 343 221
f 586 343 344
f 586 343 344
f 586 345 344
f 586 466 467
f 586 466 465
f 586 466 465
f 586 345 464
f 586 588 465
f 586 587 588
f 586 345 344
f 586 345 464
f 586 465 464
f 586 588 465
f 586 345 588
f 713 594 593
f 713 594 593
f 713 592 593
f 713 592 348
f 713 593 715
f 713 592 593
f 713 594 595
f 713 594 715
f 713 228 715
f 713 596 595
f 713 596 715
f 713 714 596
f 713 226 348
f 713 228 226
f 713 228 226
f 713 596 598
f 713 714 596
f 713 714 94
f 713 599 598
f 713 714 599
f 713 93 5
f 713 93 94
f 713 93 94
f 713 5 705
f 713 714 5
f 713 599 601
f 713 714 599
f 713 706 705
f 713 714 706
f 713 601 604
f 713 714 601
f 713 706 629
f 713 606 604
f 713 714 606
f 713 628 629
f 713 706 628
f 713 714 706
f 713 609 606
f 713 714 609
f 713 628 627
f 713 714 628
f 713 714 609
f 713 626 627
f 713 714 626
f 713 609 615
f 713 609 614
f 713 714 614
f 713 625 626
f 713 714 625
f 713 615 618
f 713 714 615
f 713 625 624
f 713 714 625
f 713 621 618
f 713 714 621
f 713 623 624
f 713 714 623
f 713 621 622
f 713 714 621
f 713 623 622
f 713 714 623
f 400 466 468
f 400 466 468
f 400 468 401
f 400 466 465
f 400 466 465
f 400 401 499
f 400 468 471
f 400 468 471
f 400 465 464
f 400 465 464
f 400 498 499
f 400 471 498
f 400 462 464
f 400 462 464
f 400 471 498
f 400 471 399
f 400 399 298
f 400 458 399
f 400 401 458
f 400 399 298
f 400 401 298
f 400 456 458
f 400 456 401
f 400 302 399
f 400 401 302
f 400 456 399
f 400 456 401
f 400 304 302
f 400 304 401
f 400 454 399
f 400 401 454
f 400 304 399
f 400 304 401
f 400 454 399
f 400 401 454
f 400 308 399
f 400 308 401
f 400 452 399
f 400 452 401
f 400 308 309
f 400 308 401
f 400 452 399
f 400 452 401
f 400 450 399
f 400 450 401
f 400 312 311
f 400 312 311
f 400 450 336
f 400 312 399
f 400 312 401
f 400 335 336
f 400 335 450
f 400 335 450
f 400 314 399
f 400 401 314
f 400 335 399
f 400 335 401
f 400 317 314
f 400 317 401
f 400 333 399
f 400 333 401
f 400 317 318
f 400 317 318
f 400 332 333
f 400 332 333
f 400 332 331
f 400 332 401
f 400 331 399
f 400 401 331
f 400 399 329
f 400 401 329
f 400 326 327
f 400 399 328
f 400 401 328
f 400 327 399
f 400 327 401
f 470 505 503
f 470 469 503
f 470 469 505
f 470 469 505
f 470 587 505
f 470 587 505
f 470 586 587
f 470 586 469
f 470 469 507
f 470 586 507
f 470 586 469
f 470 587 588
f 470 469 587
f 470 589 588
f 470 589 469
f 470 589 469
f 470 469 590
f 470 589 472
f 470 589 590
f 470 590 472
f 470 592 469
f 470 592 472
f 470 592 472
f 470 592 593
f 470 592 469
f 470 594 472
f 470 594 593
f 470 469 351
f 470 593 351
f 470 469 351
f 470 594 472
f 470 594 351
f 470 353 469
f 470 353 472
f 470 353 472
f 470 357 356
f 470 469 357
f 470 358 357
f 470 358 469
f 470 358 471
f 470 370 471
f 470 370 471
f 470 469 370
f 470 471 371
f 470 469 371
f 470 471 373
f 470 469 373
f 470 471 373
f 470 469 373
f 470 471 375
f 470 469 375
f 470 377 471
f 470 469 377
f 470 377 471
f 470 469 377
f 470 471 378
f 470 469 378
f 470 471 380
f 470 469 380
f 470 471 380
f 470 382 380
f 470 469 382
f 470 382 471
f 470 382 471
f 470 469 382
f 470 471 383
f 470 469 383
f 470 471 384
f 470 469 384
f 470 471 385
f 470 469 385
f 470 387 471
f 470 469 387
f 470 387 471
f 470 469 471
f 470 469 387
f 485 486 365
f 485 484 365
f 485 486 369
f 485 484 369
f 485 484 486
f 485 364 486
f 485 484 364
f 485 364 486
f 485 607 486
f 485 484 607
f 485 484 242
f 485 484 242
f 485 606 607
f 485 484 606
f 485 243 364
f 485 243 242
f 485 243 242
f 485 606 486
f 485 484 606
f 485 604 486
f 485 484 604
f 485 603 604
f 485 484 603
f 485 603 486
f 485 484 603
f 485 601 486
f 485 484 601
f 485 484 601
f 485 601 487
f 485 601 487
f 485 484 599
f 485 599 487
f 485 484 599
f 485 599 487
f 485 484 597
f 485 597 487
f 485 487 486
f 485 484 486
f 485 596 597
f 485 596 487
f 485 596 597
f 485 484 597
f 485 483 491
f 485 487 491
f 485 487 483
f 485 482 483
f 485 484 482
f 485 487 492
f 485 596 481
f 485 596 481
f 485 492 482
f 485 487 492
f 485 594 492
f 485 594 481
f 485 481 492
f 485 481 492
f 485 594 492
f 485 594 497
f 485 497 494
f 485 481 494
f 485 481 497
f 485 593 481
f 485 594 593
f 485 594 593
f 241 242 348
f 241 238 348
f 241 238 242
f 241 238 240
f 241 242 348
f 241 240 348
f 241 238 243
f 241 238 240
f 241 242 350
f 241 240 350
f 241 242 351
f 241 240 351
f 241 242 351
f 241 240 351
f 241 353 242
f 241 353 240
f 241 147 240
f 241 145 147
f 241 357 242
f 241 240 357
f 241 145 240
f 241 358 357
f 241 358 240
f 241 142 240
f 241 358 242
f 241 358 240
f 241 142 242
f 241 142 240
f 241 242 359
f 241 240 359
f 241 140 242
f 241 140 240
f 241 242 361
f 241 240 361
f 241 140 138
f 241 140 240
f 241 242 361
f 241 240 361
f 241 137 138
f 241 137 240
f 241 137 242
f 241 137 240
f 241 242 363
f 241 484 363
f 241 484 242
f 241 484 362
f 241 240 362
f 241 484 242
f 241 242 134
f 241 240 134
f 241 484 120
f 241 242 121
f 241 240 121
f 241 242 134
f 241 240 134
f 241 119 120
f 241 240 119
f 241 240 119
f 241 242 121
f 241 240 121
f 241 242 131
f 241 240 131
f 241 242 122
f 241 240 122
f 241 242 131
f 241 240 131
f 241 242 124
f 241 240 124
f 241 242 129
f 241 240 129
f 241 242 124
f 241 240 124
f 241 242 129
f 241 240 129
f 241 242 125
f 241 240 125
f 241 242 127
f 241 240 127
f 241 242 127
f 241 240 127
f 477 358 476
f 477 358 476
f 477 476 359
f 477 476 361
f 477 476 361
f 477 476 363
f 477 476 367
f 477 476 369
f 477 476 370
f 477 497 495
f 477 476 495
f 477 476 497
f 477 479 495
f 477 476 370
f 477 473 495
f 477 476 473
f 477 479 494
f 477 476 371
f 477 473 494
f 477 479 480
f 477 476 373
f 477 473 492
f 477 492 480
f 477 476 373
f 477 473 492
f 477 492 480
f 477 480 390
f 477 480 392
f 477 476 392
f 477 476 390
f 477 476 375
f 477 473 488
f 477 480 389
f 477 480 392
f 477 476 392
f 477 476 389
f 477 476 375
f 477 488 491
f 477 480 491
f 477 480 488
f 477 480 483
f 477 388 480
f 477 480 393
f 477 476 388
f 477 476 377
f 477 396 483
f 477 387 388
f 477 473 393
f 477 476 473
f 477 480 395
f 477 476 387
f 477 476 377
f 477 396 488
f 477 473 488
f 477 473 396
f 477 473 396
f 477 396 483
f 477 480 483
f 477 387 480
f 477 479 480
f 477 473 395
f 477 476 387
f 477 479 378
f 477 476 378
f 477 479 385
f 477 476 385
f 477 479 380
f 477 476 380
f 477 479 384
f 477 476 384
f 477 479 380
f 477 476 380
f 477 479 383
f 477 476 383
f 477 479 382
f 477 476 382
f 477 479 382
f 477 476 382
f 474 473 498
f 474 473 501
f 474 473 503
f 474 589 505
f 474 589 590
f 474 472 473
f 474 505 472
f 474 589 505
f 474 589 590
f 474 505 472
f 474 589 472
f 474 590 472
f 474 592 472
f 474 592 472
f 474 594 472
f 474 594 472
f 474 353 472
f 474 353 596
f 474 353 596
f 474 357 473
f 474 358 357
f 474 358 473
f 474 361 473
f 474 473 367
f 474 473 370
f 474 473 370
f 474 473 371
f 474 473 373
f 474 473 373
f 474 473 375
f 474 473 375
f 474 377 473
f 474 377 473
f 474 473 378
f 474 473 380
f 474 473 380
f 474 473 382
f 475 473 497
f 475 476 497
f 475 476 473
f 475 473 497
f 475 474 473
f 475 476 497
f 475 476 498
f 475 474 498
f 475 473 385
f 475 476 385
f 475 473 384
f 475 476 384
f 475 476 501
f 475 474 501
f 475 473 387
f 475 476 387
f 475 473 383
f 475 476 383
f 475 474 503
f 475 473 387
f 475 476 387
f 475 473 382
f 475 474 473
f 475 476 382
f 475 590 503
f 475 476 590
f 475 474 590
f 475 473 388
f 475 476 388
f 475 476 473
f 475 476 382
f 475 474 382
f 475 476 590
f 475 474 590
f 475 476 380
f 475 474 380
f 475 592 476
f 475 474 592
f 475 476 380
f 475 474 380
f 475 592 476
f 475 474 592
f 475 476 378
f 475 474 378
f 475 476 594
f 475 474 594
f 475 476 377
f 475 474 377
f 475 476 594
f 475 474 594
f 475 476 377
f 475 474 377
f 475 476 596
f 475 474 596
f 475 476 375
f 475 474 375
f 475 476 596
f 475 474 596
f 475 476 375
f 475 474 375
f 475 476 373
f 475 474 373
f 475 474 353
f 475 476 357
f 475 474 357
f 475 476 373
f 475 474 373
f 475 358 476
f 475 474 358
f 475 476 371
f 475 474 371
f 475 474 358
f 475 476 370
f 475 474 370
f 475 476 359
f 475 358 359
f 475 358 476
f 475 476 361
f 475 474 361
f 475 474 370
f 475 476 361
f 475 474 361
f 475 370 369
f 475 476 369
f 475 476 370
f 475 476 367
f 475 474 367
f 366 358 468
f 366 468 370
f 366 358 469
f 366 469 468
f 366 358 359
f 366 466 370
f 366 470 358
f 366 470 370
f 366 470 469
f 366 370 367
f 366 359 370
f 366 358 359
f 366 466 357
f 366 358 357
f 366 466 357
f 366 358 357
f 366 470 358
f 366 361 367
f 366 361 471
f 366 470 471
f 366 470 471
f 366 472 471
f 366 472 361
f 366 361 367
f 366 472 473
f 366 472 361
f 366 474 473
f 366 474 361
f 366 474 361
f 366 363 367
f 366 475 474
f 366 475 474
f 366 476 363
f 366 475 476
f 366 475 476
f 366 364 363
f 366 477 476
f 366 477 476
f 366 364 367
f 366 479 364
f 366 367 480
f 366 479 480
f 366 479 367
f 461 462 395
f 461 462 393
f 461 462 396
f 461 462 392
f 461 462 396
f 461 462 392
f 461 459 398
f 461 462 398
f 461 462 390
f 461 399 459
f 461 462 399
f 461 462 389
f 461 400 399
f 461 400 462
f 461 462 388
f 461 400 401
f 461 400 462
f 461 462 387
f 461 402 401
f 461 462 402
f 461 402 459
f 461 462 402
f 461 462 348
f 461 348 387
f 461 404 459
f 461 462 404
f 461 462 404
f 461 462 347
f 461 387 384
f 461 462 384
f 461 462 387
f 461 348 383
f 461 462 383
f 461 345 462
f 461 348 383
f 461 462 383
f 461 462 348
f 461 345 462
f 461 462 344
f 461 343 344
f 461 343 342
f 461 462 463
f 461 343 463
f 461 462 583
f 461 518 517
f 461 462 517
f 461 462 517
f 461 462 515
f 461 513 515
f 461 462 513
f 461 462 513
f 461 512 511
f 461 462 512
f 461 510 511
f 461 462 510
f 461 510 459
f 461 462 510
f 461 508 459
f 461 508 462
f 461 508 507
f 461 508 462
f 461 507 506
f 461 462 506
f 461 462 507
f 239 240 357
f 239 238 357
f 239 358 240
f 239 358 238
f 239 358 240
f 239 358 238
f 239 240 359
f 239 238 359
f 239 238 360
f 239 361 360
f 239 240 361
f 239 238 118
f 239 361 604
f 239 240 361
f 239 118 604
f 239 240 118
f 239 240 119
f 239 238 119
f 239 240 119
f 239 238 119
f 239 240 121
f 239 238 121
f 239 240 121
f 239 238 121
f 239 240 122
f 239 238 122
f 239 240 124
f 239 238 124
f 239 240 124
f 239 238 124
f 239 240 125
f 239 238 125
f 239 240 127
f 239 238 127
f 239 240 127
f 239 238 127
f 239 240 129
f 239 238 129
f 239 240 129
f 239 238 129
f 239 240 131
f 239 238 131
f 239 240 131
f 239 238 131
f 239 240 134
f 239 134 133
f 239 238 133
f 239 240 134
f 239 134 135
f 239 137 240
f 239 137 135
f 239 137 240
f 239 137 138
f 239 140 240
f 239 140 138
f 239 140 240
f 239 140 141
f 239 142 240
f 239 142 141
f 239 142 240
f 239 142 144
f 239 145 240
f 239 249 238
f 239 145 147
f 239 147 240
f 239 240 148
f 244 357 243
f 244 245 357
f 244 358 357
f 244 358 245
f 244 358 243
f 244 358 245
f 244 243 359
f 244 245 359
f 244 243 361
f 244 245 361
f 244 243 361
f 244 245 361
f 244 243 363
f 244 245 363
f 244 243 364
f 244 245 364
f 244 245 364
f 244 364 365
f 244 243 364
f 244 122 7
f 244 243 122
f 244 243 122
f 244 124 7
f 244 243 124
f 244 124 125
f 244 243 124
f 244 242 125
f 244 243 242
f 244 245 127
f 244 242 127
f 244 245 127
f 244 242 127
f 244 245 129
f 244 242 129
f 244 245 129
f 244 242 129
f 244 245 131
f 244 242 131
f 244 245 131
f 244 242 131
f 244 245 134
f 244 242 134
f 244 245 134
f 244 242 134
f 244 137 245
f 244 137 242
f 244 137 245
f 244 137 138
f 244 140 245
f 244 140 138
f 244 140 245
f 244 140 242
f 244 142 245
f 244 142 242
f 244 241 243
f 244 142 245
f 244 241 240
f 244 145 245
f 244 241 142
f 244 241 142
f 244 245 148
f 244 240 243
f 244 245 243
f 244 241 145
f 244 145 147
f 244 147 245
f 244 240 148
f 244 241 240
f 244 241 147
f 244 245 151
f 244 239 240
f 244 241 145
f 244 239 151
f 244 239 240
f 244 245 246
f 244 245 151
f 244 239 151
f 248 249 361
f 248 249 359
f 248 249 361
f 248 249 358
f 248 249 363
f 248 249 358
f 248 249 364
f 248 249 357
f 248 249 364
f 248 249 353
f 248 249 351
f 248 249 351
f 248 249 350
f 248 249 348
f 248 243 348
f 248 249 348
f 248 249 243
f 248 249 138
f 248 249 240
f 248 239 249
f 248 249 138
f 248 249 154
f 248 142 249
f 248 249 151
f 248 249 151
f 248 142 145
f 248 142 145
f 248 249 148
f 248 145 147
f 248 147 249
f 250 251 361
f 250 249 361
f 250 251 359
f 250 249 359
f 250 251 361
f 250 249 361
f 250 358 251
f 250 249 358
f 250 251 363
f 250 249 363
f 250 358 251
f 250 249 358
f 250 251 364
f 250 249 364
f 250 251 357
f 250 249 357
f 250 251 364
f 250 249 364
f 250 353 251
f 250 249 353
f 250 251 351
f 250 249 351
f 250 251 351
f 250 249 351
f 250 249 350
f 250 249 348
f 250 249 238
f 250 239 238
f 250 239 249
f 250 249 138
f 250 142 249
f 250 251 154
f 250 142 145
f 250 142 145
f 250 251 154
f 250 249 154
f 250 145 251
f 250 145 249
f 250 251 151
f 250 249 151
f 250 251 148
f 250 249 148
f 250 251 151
f 250 249 151
f 254 359 360
f 254 361 360
f 254 252 361
f 254 358 359
f 254 361 362
f 254 252 361
f 254 358 357
f 254 363 362
f 254 252 363
f 254 357 356
f 254 364 363
f 254 252 364
f 254 364 255
f 254 252 364
f 254 353 352
f 254 351 352
f 254 351 350
f 254 350 349
f 254 348 349
f 254 348 347
f 254 347 255
f 254 345 255
f 254 344 235
f 254 345 344
f 254 345 344
f 254 232 156
f 254 252 156
f 254 252 232
f 234 252 251
f 234 250 251
f 234 232 233
f 234 254 232
f 234 235 233
f 234 254 235
f 234 151 232
f 234 250 154
f 234 145 232
f 234 145 232
f 234 154 232
f 234 151 232
f 234 232 144
f 234 147 232
f 234 145 147
f 234 232 148
f 234 142 232
f 234 147 232
f 234 142 232
f 234 140 232
f 234 140 232
f 234 138 232
f 234 138 232
f 234 137 138
f 234 137 136
f 234 137 235
f 234 136 233
f 234 235 136
f 234 233 134
f 234 235 134
f 234 233 134
f 234 235 134
f 234 132 233
f 234 132 235
f 234 132 233
f 234 132 235
f 234 233 131
f 234 235 131
f 234 233 129
f 234 235 129
f 234 233 129
f 234 235 129
f 234 233 127
f 234 235 127
f 234 233 127
f 234 235 127
f 234 233 125
f 234 235 125
f 234 233 124
f 234 235 124
f 234 233 124
f 234 235 124
f 234 233 122
f 234 235 122
f 234 121 233
f 234 235 121
f 234 121 233
f 234 235 121
f 234 119 233
f 234 119 235
f 234 119 118
f 234 119 118
f 234 117 118
f 234 117 118
f 234 235 233
f 234 115 233
f 234 115 235
f 716 596 229
f 716 718 596
f 716 715 229
f 716 596 715
f 716 718 108
f 716 596 715
f 716 718 596
f 716 228 108
f 716 228 715
f 716 228 715
f 716 599 715
f 716 718 599
f 716 599 715
f 716 715 603
f 716 715 603
f 716 715 4
f 716 715 606
f 716 609 715
f 716 714 706
f 716 714 715
f 716 714 715
f 716 715 706
f 716 609 715
f 716 715 613
f 716 625 708
f 716 614 715
f 716 625 626
f 716 715 626
f 716 715 625
f 716 625 708
f 716 614 715
f 716 715 625
f 716 715 623
f 716 715 623
f 716 615 618
f 716 715 615
f 716 715 621
f 716 715 618
f 716 715 621
f 721 618 619
f 721 619 620
f 562 560 543
f 562 560 674
f 562 674 673
f 562 560 674
f 562 671 673
f 562 671 668
f 562 561 527
f 562 570 527
f 562 665 668
f 562 646 561
f 562 664 665
f 562 646 647
f 562 648 647
f 562 661 561
f 562 664 561
f 562 664 661
f 562 660 661
f 562 648 561
f 562 659 660
f 562 561 649
f 562 659 657
f 562 657 656
f 562 652 561
f 562 652 653
f 562 652 653
f 562 655 653
f 562 655 656
f 562 655 656
f 563 564 559
f 563 560 559
f 563 560 564
f 563 564 675
f 563 560 675
f 563 562 560
f 563 564 674
f 563 562 674
f 563 564 674
f 563 562 674
f 563 564 671
f 563 562 671
f 563 564 671
f 563 562 671
f 563 564 664
f 563 664 665
f 563 562 665
f 563 562 664
f 563 564 664
f 563 562 664
f 563 564 660
f 563 562 660
f 563 564 659
f 563 562 659
f 563 564 659
f 563 562 659
f 563 564 657
f 563 562 657
f 563 564 656
f 563 562 656
f 563 564 653
f 563 562 653
f 563 564 649
f 563 562 649
f 563 564 648
f 563 562 648
f 563 564 648
f 563 562 648
f 563 564 646
f 563 562 646
f 563 564 646
f 563 562 646
f 563 570 564
f 563 562 570
f 563 562 570
f 307 303 308
f 307 309 197
f 307 309 195
f 307 309 194
f 307 300 311
f 307 303 300
f 307 309 194
f 307 308 309
f 307 308 192
f 307 191 192
f 307 191 308
f 307 190 191
f 307 190 191
f 307 190 189
f 307 190 308
f 307 188 189
f 307 188 308
f 307 187 188
f 307 187 188
f 307 187 306
f 307 187 308
f 307 306 185
f 307 308 185
f 307 306 185
f 307 308 185
f 307 308 673
f 307 672 673
f 307 672 306
f 307 308 672
f 307 427 672
f 307 428 427
f 307 428 427
f 307 429 308
f 307 429 428
f 307 429 428
f 307 427 426
f 307 427 308
f 307 425 426
f 307 425 308
f 307 308 424
f 307 425 424
f 307 425 308
f 301 303 308
f 301 303 300
f 301 308 302
f 301 308 309
f 301 300 308
f 301 300 192
f 301 303 192
f 301 300 194
f 301 303 194
f 301 185 183
f 301 300 185
f 301 302 185
f 301 300 191
f 301 303 191
f 301 303 191
f 301 300 194
f 301 303 194
f 301 303 300
f 301 187 302
f 301 187 300
f 301 190 191
f 301 190 300
f 301 187 188
f 301 187 188
f 301 190 189
f 301 190 300
f 301 188 189
f 301 188 300
f 267 357 356
f 267 213 166
f 267 213 166
f 267 373 270
f 267 365 372
f 267 373 374
f 267 375 374
f 222 341 340
f 222 341 340
f 222 339 340
f 222 339 340
f 222 341 342
f 222 341 342
f 222 343 342
f 222 343 342
f 222 336 337
f 222 336 337
f 222 343 344
f 222 343 344
f 222 336 223
f 222 586 344
f 222 335 221
f 222 335 336
f 222 335 336
f 222 586 221
f 222 586 344
f 222 100 221
f 222 586 588
f 222 345 588
f 222 345 344
f 222 345 344
f 222 264 263
f 222 264 221
f 222 100 711
f 222 100 711
f 222 588 711
f 222 588 711
f 222 261 160
f 222 108 109
f 222 108 109
f 222 160 159
f 222 261 160
f 222 110 109
f 222 110 109
f 222 158 159
f 222 112 110
f 222 112 110
f 222 158 221
f 222 159 157
f 222 158 159
f 222 112 113
f 222 112 221
f 222 156 157
f 222 156 221
f 222 136 221
f 222 155 156
f 222 155 156
f 222 115 113
f 222 115 136
f 222 136 139
f 222 136 139
f 222 155 154
f 222 155 154
f 222 132 136
f 222 132 115
f 222 132 115
f 222 140 139
f 222 140 139
f 222 153 154
f 222 153 154
f 222 140 141
f 222 140 141
f 222 153 152
f 222 153 152
f 222 141 143
f 222 141 221
f 222 151 152
f 222 151 152
f 222 144 143
f 222 144 221
f 222 150 151
f 222 150 151
f 222 144 146
f 222 150 149
f 222 150 221
f 222 147 146
f 222 147 146
f 222 145 146
f 222 145 144
f 222 145 144
f 222 148 149
f 222 148 221
f 222 147 148
f 222 147 148
f 338 337 392
f 338 339 392
f 338 337 390
f 338 339 390
f 338 339 337
f 338 337 392
f 338 339 392
f 338 337 393
f 338 339 393
f 338 337 395
f 338 339 395
f 338 337 396
f 338 339 396
f 338 337 396
f 338 453 396
f 338 339 453
f 338 452 453
f 338 337 398
f 338 452 398
f 338 452 337
f 338 337 398
f 338 452 398
f 338 452 337
f 338 454 337
f 338 339 454
f 338 339 454
f 338 456 454
f 338 339 456
f 338 336 454
f 338 456 336
f 338 339 456
f 338 456 336
f 338 336 457
f 338 457 458
f 338 339 458
f 338 339 457
f 338 336 214
f 338 215 214
f 338 215 216
f 338 339 216
f 338 215 336
f 338 215 216
f 338 339 216
f 338 336 337
f 338 216 336
f 338 337 217
f 338 339 217
f 338 337 219
f 338 339 219
f 338 337 219
f 338 339 219
f 338 337 221
f 338 339 221
f 338 222 337
f 338 222 339
f 338 222 337
f 338 222 339
f 338 224 337
f 338 339 224
f 338 339 224
f 338 267 224
f 338 271 337
f 338 339 271
f 338 271 337
f 338 339 271
f 338 337 273
f 338 339 273
f 338 337 273
f 338 339 273
f 338 339 337
f 262 226 263
f 262 261 226
f 262 228 263
f 262 261 228
f 262 226 225
f 262 261 226
f 262 224 225
f 262 261 224
f 262 341 340
f 262 228 340
f 262 228 341
f 262 341 342
f 262 261 341
f 262 228 341
f 262 261 341
f 262 261 228
f 262 224 263
f 262 261 224
f 262 343 342
f 262 261 343
f 262 222 263
f 262 222 261
f 262 343 344
f 262 261 343
f 262 222 221
f 262 222 261
f 262 345 344
f 262 261 345
f 262 221 263
f 262 345 263
f 262 261 345
f 262 263 161
f 262 221 161
f 262 347 263
f 262 261 347
f 262 160 263
f 262 160 221
f 262 261 160
f 262 348 347
f 262 261 348
f 262 160 263
f 262 261 160
f 262 348 263
f 262 261 348
f 262 350 263
f 262 261 350
f 262 351 350
f 262 261 351
f 262 351 352
f 262 261 351
f 262 261 353
f 262 357 356
f 262 261 357
f 262 357 359
f 262 261 357
f 262 263 372
f 262 261 372
f 262 359 360
f 262 261 359
f 262 263 365
f 262 261 365
f 262 361 360
f 262 261 361
f 262 364 263
f 262 261 364
f 262 361 362
f 262 261 361
f 262 364 363
f 262 261 364
f 262 363 362
f 262 261 363
f 260 343 259
f 260 261 343
f 260 345 259
f 260 261 345
f 260 343 259
f 260 261 343
f 260 345 259
f 260 261 345
f 260 259 342
f 260 261 342
f 260 259 347
f 260 261 347
f 260 259 229
f 260 261 229
f 260 259 348
f 260 261 348
f 260 228 259
f 260 261 228
f 260 259 348
f 260 261 348
f 260 228 259
f 260 261 228
f 260 259 350
f 260 261 350
f 260 259 226
f 260 261 226
f 260 259 351
f 260 261 351
f 260 259 226
f 260 261 226
f 260 259 351
f 260 261 351
f 260 259 224
f 260 261 224
f 260 353 259
f 260 261 353
f 260 261 224
f 260 224 159
f 260 259 224
f 260 259 357
f 260 261 357
f 260 222 159
f 260 222 261
f 260 222 261
f 260 258 259
f 260 259 357
f 260 261 357
f 260 261 159
f 260 258 159
f 260 258 261
f 260 259 359
f 260 261 359
f 260 261 363
f 260 258 363
f 260 261 364
f 260 258 364
f 260 261 361
f 260 261 361
f 260 258 361
f 260 261 364
f 260 258 364
f 260 258 261
f 260 258 361
f 260 258 259
f 257 258 157
f 257 258 156
f 257 229 230
f 257 258 229
f 257 258 229
f 257 258 155
f 257 259 231
f 257 258 259
f 257 258 155
f 257 259 231
f 257 259 232
f 257 259 348
f 257 259 348
f 257 259 347
f 257 259 350
f 257 258 259
f 257 258 351
f 257 258 351
f 257 258 353
f 257 258 357
f 257 358 357
f 257 258 357
f 257 258 364
f 257 258 359
f 257 258 364
f 257 258 361
f 257 258 363
f 257 258 361
f 171 190 170
f 171 172 190
f 171 172 190
f 171 191 200
f 171 170 191
f 171 191 195
f 171 172 195
f 171 172 191
f 171 200 195
f 171 170 200
f 171 198 195
f 171 174 195
f 171 172 174
f 171 198 195
f 171 170 198
f 171 198 197
f 171 174 85
f 171 169 198
f 171 169 170
f 171 174 85
f 171 85 197
f 171 169 85
f 171 169 85
f 171 169 81
f 171 169 81
f 171 83 85
f 171 174 81
f 171 83 85
f 171 169 83
f 171 169 79
f 171 174 81
f 171 172 174
f 171 172 79
f 171 169 83
f 171 169 79
f 171 169 170
f 171 172 79
f 171 170 77
f 171 172 77
f 171 170 77
f 171 172 77
f 171 170 75
f 171 172 75
f 171 170 75
f 171 172 75
f 171 170 73
f 171 172 73
f 171 170 73
f 171 172 73
f 171 170 71
f 171 172 71
f 171 170 70
f 171 172 70
f 171 172 170
f 528 526 448
f 528 449 526
f 528 447 448
f 528 449 450
f 528 447 446
f 528 450 526
f 528 445 446
f 528 445 444
f 528 526 572
f 528 452 526
f 528 443 444
f 528 571 572
f 528 452 526
f 528 570 571
f 528 441 440
f 528 439 440
f 528 566 570
f 528 438 439
f 528 566 570
f 528 438 436
f 528 570 564
f 528 435 436
f 528 562 570
f 528 562 570
f 528 434 435
f 528 563 562
f 528 434 433
f 528 562 561
f 528 432 433
f 528 561 527
f 528 431 432
f 528 647 527
f 528 431 430
f 528 647 651
f 528 429 430
f 528 429 427
f 528 427 426
f 528 424 426
f 531 533 449
f 531 530 449
f 531 447 533
f 531 447 530
f 531 533 449
f 531 530 449
f 531 447 446
f 531 447 530
f 531 533 450
f 531 530 450
f 531 445 446
f 531 445 530
f 531 533 452
f 531 530 452
f 531 445 530
f 531 530 452
f 531 530 443
f 531 452 557
f 531 533 452
f 531 557 453
f 531 533 557
f 531 454 453
f 531 530 454
f 531 530 454
f 531 441 530
f 531 570 569
f 531 533 569
f 531 570 571
f 531 530 571
f 531 530 570
f 531 530 570
f 531 530 439
f 531 530 569
f 531 530 438
f 531 530 567
f 531 530 438
f 531 530 435
f 442 443 550
f 442 441 550
f 442 443 556
f 442 443 550
f 442 441 550
f 442 556 557
f 442 441 556
f 442 557 197
f 442 557 198
f 442 443 557
f 442 557 198
f 442 545 443
f 442 545 441
f 442 443 200
f 442 323 200
f 442 323 443
f 442 326 443
f 442 443 327
f 442 326 327
f 442 327 328
f 442 443 328
f 442 531 530
f 442 531 441
f 442 328 440
f 442 441 440
f 442 328 407
f 442 328 407
f 442 407 329
f 442 443 329
f 442 443 407
f 442 528 443
f 442 528 441
f 442 408 407
f 442 443 408
f 442 443 408
f 442 443 412
f 442 441 412
f 442 443 444
f 442 441 444
f 442 443 444
f 442 441 444
f 547 443 549
f 547 545 443
f 547 445 549
f 547 545 445
f 547 442 443
f 547 442 545
f 547 445 446
f 547 545 446
f 547 545 445
f 547 442 441
f 547 442 545
f 547 441 549
f 547 545 441
f 547 549 439
f 547 545 439
f 547 549 438
f 547 545 549
f 544 438 543
f 544 545 543
f 544 545 438
f 544 437 438
f 544 545 437
f 544 437 543
f 544 545 437
f 544 435 543
f 544 545 435
f 544 434 435
f 544 545 434
f 544 434 543
f 544 545 434
f 544 432 543
f 544 545 432
f 544 545 431
f 544 429 428
f 544 427 552
f 544 552 663
f 544 545 552
f 544 552 561
f 544 560 543
f 544 545 560
f 544 545 560
f 544 661 561
f 729 115 114
f 729 115 114
f 729 117 118
f 729 117 118
f 729 114 113
f 729 114 1
f 729 119 1
f 729 119 118
f 729 119 118
f 729 113 727
f 729 112 113
f 729 112 111
f 729 110 111
f 729 110 109
f 729 108 109
f 729 4 723
f 729 4 3
f 2 115 114
f 2 115 114
f 2 3 1
f 2 117 1
f 2 117 3
f 2 114 1
f 2 114 3
f 2 112 3
f 2 729 1
f 2 729 112
f 2 112 111
f 2 729 112
f 2 729 1
f 2 110 111
f 2 729 110
f 2 1 728
f 2 3 728
f 2 3 1
f 2 3 727
f 2 729 727
f 2 729 3
f 2 110 109
f 2 729 110
f 2 108 109
f 2 729 108
f 720 718 231
f 720 112 231
f 720 112 718
f 720 112 233
f 720 718 233
f 720 112 718
f 720 599 233
f 720 718 599
f 720 718 110
f 720 599 235
f 720 718 599
f 720 718 108
f 720 599 235
f 720 721 603
f 720 721 603
f 720 606 604
f 720 721 604
f 720 721 606
f 720 100 4
f 720 606 608
f 720 721 608
f 720 721 606
f 720 721 609
f 720 609 611
f 720 721 611
f 720 721 609
f 720 721 611
f 720 721 613
f 720 721 620
f 720 721 614
f 720 721 619
f 720 721 614
f 720 721 618
f 720 721 615
f 720 721 618
f 720 721 616
f 106 219 143
f 106 140 141
f 106 228 226
f 106 30 28
f 102 100 219
f 102 104 219
f 102 100 221
f 102 104 221
f 102 100 219
f 102 104 219
f 102 222 100
f 102 222 104
f 102 222 100
f 102 222 104
f 102 100 711
f 102 104 711
f 102 100 711
f 102 104 711
f 102 215 216
f 102 713 100
f 102 713 104
f 102 215 147
f 102 713 104
f 102 140 139
f 102 729 4
f 102 729 723
f 102 729 4
f 102 139 83
f 102 138 139
f 102 2 729
f 102 28 5
f 99 100 219
f 99 98 219
f 99 98 220
f 99 100 219
f 99 98 219
f 99 221 220
f 99 100 221
f 99 100 221
f 99 100 711
f 99 98 711
f 99 100 217
f 99 98 217
f 99 100 711
f 99 98 711
f 99 100 216
f 99 98 216
f 99 713 100
f 99 713 98
f 99 215 100
f 99 98 215
f 99 713 100
f 99 713 98
f 99 215 100
f 99 98 215
f 99 716 100
f 99 716 98
f 99 100 213
f 99 98 213
f 99 716 718
f 99 716 98
f 99 150 100
f 99 720 718
f 99 150 212
f 99 98 212
f 99 98 150
f 99 150 100
f 99 98 150
f 99 720 100
f 99 98 718
f 99 720 718
f 99 147 100
f 99 98 147
f 99 100 4
f 99 98 4
f 99 147 100
f 99 98 147
f 99 100 30
f 99 98 30
f 99 98 145
f 99 98 30
f 99 98 145
f 99 98 33
f 99 98 144
f 99 98 33
f 99 98 143
f 99 36 35
f 99 98 35
f 97 219 218
f 97 98 219
f 97 98 219
f 97 218 710
f 97 98 711
f 97 98 217
f 97 98 711
f 97 98 216
f 97 713 98
f 97 98 215
f 97 98 215
f 97 713 98
f 97 98 213
f 97 98 212
f 97 98 4
f 97 716 98
f 97 98 212
f 97 98 718
f 97 716 718
f 97 716 98
f 97 98 153
f 97 30 5
f 97 98 30
f 97 98 30
f 97 98 33
f 97 98 153
f 97 98 33
f 97 98 150
f 97 98 35
f 97 98 150
f 97 98 147
f 97 98 147
f 97 145 146
f 97 98 145
f 97 145 144
f 97 98 144
f 97 98 145
f 325 434 435
f 325 437 435
f 325 326 437
f 325 437 414
f 325 326 437
f 325 326 438
f 325 326 412
f 325 326 439
f 325 326 412
f 325 442 326
f 325 326 408
f 325 442 323
f 325 442 326
f 325 326 408
f 325 443 202
f 325 323 202
f 325 323 443
f 325 445 443
f 325 326 445
f 325 326 445
f 325 323 202
f 325 326 202
f 325 326 405
f 325 323 205
f 325 326 404
f 325 205 206
f 325 326 206
f 325 323 205
f 325 326 404
f 325 326 206
f 325 326 402
f 325 326 208
f 325 326 402
f 325 326 208
f 325 400 326
f 325 326 209
f 325 400 327
f 325 400 326
f 325 282 210
f 325 326 210
f 325 326 282
f 325 326 284
f 325 327 399
f 325 326 284
f 325 327 398
f 325 327 396
f 325 327 285
f 325 326 327
f 325 327 396
f 325 327 287
f 325 327 395
f 325 327 287
f 325 327 393
f 289 327 290
f 289 203 204
f 289 203 204
f 289 205 204
f 289 205 206
f 289 319 206
f 289 319 205
f 289 319 205
f 289 203 202
f 289 203 202
f 289 319 317
f 289 202 201
f 289 202 201
f 289 316 204
f 289 317 316
f 289 317 316
f 289 317 318
f 289 319 318
f 289 319 317
f 289 200 201
f 289 200 201
f 289 200 287
f 289 200 290
f 289 198 287
f 289 198 290
f 289 198 197
f 289 198 197
f 289 196 287
f 289 197 196
f 289 197 196
f 289 195 196
f 289 195 196
f 289 194 195
f 289 194 195
f 289 194 193
f 289 194 193
f 289 191 193
f 289 191 193
f 289 190 191
f 289 190 191
f 289 190 188
f 289 190 188
f 289 187 290
f 289 187 188
f 289 187 188
f 321 319 439
f 321 442 323
f 321 319 197
f 321 442 197
f 321 319 198
f 321 442 198
f 321 319 198
f 321 442 198
f 321 442 323
f 321 429 428
f 321 323 200
f 321 319 200
f 321 323 200
f 321 319 200
f 321 414 419
f 321 417 419
f 321 323 202
f 321 319 202
f 321 203 323
f 321 319 203
f 321 203 323
f 321 319 203
f 321 319 205
f 321 412 410
f 321 319 205
f 321 206 207
f 321 207 285
f 321 284 207
f 321 208 284
f 478 358 479
f 478 358 357
f 478 479 601
f 478 357 601
f 478 477 358
f 478 599 479
f 478 599 357
f 478 358 479
f 478 477 358
f 478 599 479
f 478 599 357
f 478 479 359
f 478 477 359
f 478 476 599
f 478 476 357
f 478 477 476
f 478 476 599
f 478 479 361
f 478 477 361
f 478 479 597
f 478 596 597
f 478 596 479
f 478 476 596
f 478 596 479
f 478 479 361
f 478 477 361
f 478 476 596
f 478 594 479
f 478 479 363
f 478 477 363
f 478 476 594
f 478 594 479
f 478 366 477
f 478 476 594
f 478 479 364
f 478 366 364
f 478 366 479
f 478 366 479
f 478 366 477
f 478 592 476
f 478 479 593
f 478 592 593
f 478 479 367
f 478 477 367
f 478 592 476
f 478 479 481
f 478 592 481
f 478 479 369
f 478 477 369
f 478 476 501
f 478 592 498
f 478 592 497
f 478 501 498
f 478 479 370
f 478 477 370
f 478 476 501
f 478 479 370
f 478 477 370
f 478 476 497
f 478 477 476
f 478 479 497
f 478 477 497
f 478 477 479
f 478 479 371
f 478 477 371
f 478 479 373
f 478 477 373
f 478 479 373
f 478 477 373
f 478 479 375
f 478 477 375
f 478 479 375
f 478 477 375
f 478 377 479
f 478 477 377
f 478 377 479
f 478 477 479
f 478 477 377
f 355 474 353
f 355 472 356
f 355 353 472
f 355 472 473
f 355 474 473
f 355 474 472
f 355 475 474
f 355 475 474
f 355 470 356
f 355 470 353
f 355 475 353
f 355 470 469
f 355 470 353
f 355 599 356
f 355 353 599
f 355 476 356
f 355 475 476
f 355 475 476
f 355 469 468
f 355 353 469
f 355 353 599
f 355 468 356
f 355 353 468
f 355 599 235
f 355 466 356
f 355 353 466
f 355 235 356
f 355 599 356
f 355 599 235
f 355 466 465
f 355 353 466
f 355 238 356
f 355 377 465
f 355 353 377
f 355 239 238
f 355 239 240
f 355 377 375
f 355 377 356
f 355 241 240
f 355 241 242
f 355 243 242
f 355 359 273
f 355 359 271
f 355 356 359
f 355 356 271
f 355 244 243
f 355 356 270
f 355 244 245
f 355 359 373
f 355 356 373
f 355 356 359
f 355 245 356
f 355 264 356
f 355 248 249
f 355 262 356
f 355 250 249
f 355 262 261
f 355 250 251
f 355 260 261
f 355 252 251
f 355 260 259
f 355 258 259
f 355 254 356
f 355 257 258
f 460 459 395
f 460 461 395
f 460 459 393
f 460 461 393
f 460 459 396
f 460 461 396
f 460 459 392
f 460 461 392
f 460 459 396
f 460 461 396
f 460 461 459
f 460 459 392
f 460 461 392
f 460 459 390
f 460 461 390
f 460 459 389
f 460 461 389
f 460 388 459
f 460 461 388
f 460 387 388
f 460 461 387
f 460 387 459
f 460 387 347
f 460 461 347
f 460 348 387
f 460 461 348
f 460 461 348
f 460 345 459
f 460 461 345
f 460 345 344
f 460 461 345
f 460 343 344
f 460 461 343
f 460 343 342
f 460 461 343
f 460 341 342
f 460 341 342
f 460 461 342
f 460 341 458
f 460 341 340
f 460 341 340
f 460 339 340
f 460 339 340
f 460 459 583
f 460 461 583
f 460 458 459
f 460 339 458
f 460 521 459
f 460 521 583
f 460 521 459
f 460 518 583
f 460 461 518
f 460 518 459
f 460 518 459
f 460 461 518
f 460 459 517
f 460 461 517
f 460 459 515
f 460 461 515
f 460 459 515
f 460 461 515
f 460 513 459
f 460 461 513
f 460 513 512
f 460 461 512
f 460 461 513
f 247 361 246
f 247 248 361
f 247 359 246
f 247 248 359
f 247 361 246
f 247 248 361
f 247 358 359
f 247 248 358
f 247 246 363
f 247 248 363
f 247 358 357
f 247 248 358
f 247 364 246
f 247 248 364
f 247 357 356
f 247 248 357
f 247 364 246
f 247 248 364
f 247 355 356
f 247 355 248
f 247 353 246
f 247 248 353
f 247 351 246
f 247 248 351
f 247 351 246
f 247 248 351
f 247 246 350
f 247 248 350
f 247 246 134
f 247 348 246
f 247 248 348
f 247 246 134
f 247 243 348
f 247 248 243
f 247 138 246
f 247 248 138
f 247 240 243
f 247 248 240
f 247 138 141
f 247 248 138
f 247 239 240
f 247 248 239
f 247 142 141
f 247 248 142
f 247 244 239
f 247 142 144
f 247 248 142
f 247 244 246
f 247 145 144
f 247 248 145
f 247 151 246
f 247 248 151
f 247 145 147
f 247 248 145
f 247 151 246
f 247 248 151
f 247 147 148
f 247 248 147
f 247 148 246
f 247 248 148
f 253 252 359
f 253 254 359
f 253 254 252
f 253 252 358
f 253 254 358
f 253 252 358
f 253 254 358
f 253 252 357
f 253 254 357
f 253 355 252
f 253 355 254
f 253 254 353
f 253 353 251
f 253 252 353
f 253 254 351
f 253 251 351
f 253 254 351
f 253 251 351
f 253 254 350
f 253 250 350
f 253 250 251
f 253 254 348
f 253 250 348
f 253 254 348
f 253 250 251
f 253 250 238
f 253 238 235
f 253 234 254
f 253 249 348
f 253 250 249
f 253 254 347
f 253 345 238
f 253 254 345
f 253 250 238
f 253 254 252
f 253 234 252
f 253 234 254
f 253 345 238
f 253 254 345
f 253 238 243
f 253 243 347
f 253 249 243
f 253 250 249
f 116 234 115
f 116 234 117
f 116 117 115
f 116 234 115
f 116 234 117
f 116 117 724
f 116 724 723
f 116 115 723
f 116 115 724
f 116 115 724
f 116 117 724
f 116 726 115
f 116 726 117
f 116 726 115
f 116 726 117
f 116 115 727
f 116 117 727
f 116 729 115
f 116 729 117
f 116 729 115
f 116 729 117
f 116 2 115
f 116 2 117
f 116 2 115
f 116 2 117
f 116 115 4
f 116 4 3
f 116 117 3
f 116 115 4
f 116 4 5
f 116 115 5
f 116 17 15
f 116 15 6
f 116 117 15
f 116 114 17
f 116 115 114
f 116 13 6
f 116 117 13
f 116 117 13
f 116 17 15
f 116 117 15
f 116 117 17
f 116 117 17
f 116 114 17
f 116 117 18
f 116 114 18
f 116 117 20
f 116 114 20
f 116 117 20
f 116 114 20
f 116 117 22
f 116 114 22
f 116 114 22
f 116 119 22
f 116 117 119
f 116 119 24
f 116 114 24
f 116 119 24
f 116 114 24
f 116 114 129
f 116 117 129
f 116 117 132
f 116 117 132
f 116 119 26
f 116 114 26
f 116 132 129
f 116 132 114
f 116 132 115
f 116 111 129
f 116 111 114
f 116 119 26
f 116 114 26
f 116 119 127
f 116 117 127
f 116 117 119
f 116 119 28
f 116 114 28
f 116 119 33
f 116 111 33
f 116 114 32
f 116 119 32
f 116 114 30
f 116 119 30
f 116 119 28
f 116 114 28
f 116 119 32
f 116 111 32
f 116 111 114
f 116 114 30
f 116 119 30
f 717 718 599
f 717 716 599
f 717 716 718
f 717 718 603
f 717 716 603
f 717 718 603
f 717 716 603
f 717 718 606
f 717 716 606
f 717 718 606
f 717 609 606
f 717 716 609
f 717 718 609
f 717 716 609
f 717 609 611
f 717 718 611
f 717 718 609
f 717 718 613
f 717 716 613
f 717 718 614
f 717 716 614
f 717 718 614
f 717 716 614
f 717 718 615
f 717 716 615
f 717 718 618
f 717 716 618
f 717 718 618
f 717 716 618
f 717 718 621
f 717 716 621
f 717 718 621
f 717 716 621
f 717 718 623
f 717 716 623
f 717 716 623
f 717 623 624
f 717 718 623
f 717 625 624
f 717 716 625
f 717 716 625
f 717 716 708
f 717 716 708
f 717 716 706
f 717 706 5
f 717 716 706
f 717 716 4
f 717 716 718
f 722 235 233
f 722 720 233
f 722 720 235
f 722 720 112
f 722 114 723
f 722 235 114
f 722 112 723
f 722 235 601
f 722 720 235
f 722 720 721
f 722 720 112
f 722 115 114
f 722 115 235
f 722 115 235
f 722 601 723
f 722 720 110
f 722 110 111
f 722 112 111
f 722 112 110
f 722 110 109
f 722 603 723
f 722 603 601
f 722 721 603
f 722 720 108
f 722 108 109
f 722 603 604
f 722 721 603
f 722 604 723
f 722 721 604
f 722 720 4
f 722 720 721
f 722 606 723
f 722 721 606
f 722 724 4
f 722 606 607
f 722 721 606
f 722 102 720
f 722 724 723
f 722 724 4
f 722 721 4
f 722 608 607
f 722 721 608
f 722 721 618
f 722 724 708
f 722 721 708
f 722 724 708
f 722 721 708
f 722 609 608
f 722 721 609
f 722 723 617
f 722 618 617
f 722 721 618
f 722 609 723
f 722 721 609
f 722 616 723
f 722 721 616
f 722 611 723
f 722 721 611
f 722 615 616
f 722 721 615
f 722 611 723
f 722 721 611
f 722 614 615
f 722 721 614
f 722 723 613
f 722 721 613
f 722 614 723
f 722 721 614
f 305 303 308
f 305 307 308
f 305 307 303
f 305 303 195
f 305 307 195
f 305 303 197
f 305 307 197
f 305 303 304
f 305 307 194
f 305 303 198
f 305 307 198
f 305 303 194
f 305 307 194
f 305 303 198
f 305 307 198
f 305 303 194
f 305 307 192
f 305 307 192
f 305 303 300
f 305 307 303
f 305 303 192
f 305 303 304
f 305 300 200
f 305 307 200
f 305 307 300
f 305 191 192
f 305 191 304
f 305 190 191
f 305 190 191
f 305 190 189
f 305 190 304
f 305 188 189
f 305 188 304
f 305 187 188
f 305 187 188
f 305 187 306
f 305 187 304
f 305 306 185
f 305 304 185
f 305 184 306
f 305 304 184
f 305 184 306
f 305 304 184
f 305 306 671
f 305 670 671
f 305 304 670
f 305 670 306
f 305 304 670
f 310 307 300
f 310 307 300
f 310 300 311
f 310 308 309
f 310 311 308
f 310 301 309
f 310 301 300
f 310 301 300
f 310 311 198
f 310 307 309
f 310 307 198
f 310 311 198
f 310 307 198
f 310 308 309
f 310 311 308
f 310 309 197
f 310 311 197
f 310 311 200
f 310 307 200
f 310 307 311
f 310 309 398
f 310 311 398
f 310 309 195
f 310 311 195
f 310 309 399
f 310 311 399
f 310 309 194
f 310 311 194
f 310 400 309
f 310 400 311
f 310 309 194
f 310 311 194
f 310 400 401
f 310 400 311
f 310 309 192
f 310 311 192
f 310 402 401
f 310 402 311
f 310 191 309
f 310 191 311
f 310 402 309
f 310 402 311
f 310 190 191
f 310 190 191
f 310 404 309
f 310 404 311
f 310 190 189
f 310 190 311
f 310 404 311
f 310 188 189
f 310 311 405
f 310 404 405
f 310 404 309
f 310 553 311
f 310 553 188
f 310 311 407
f 310 188 431
f 310 553 188
f 310 408 407
f 310 309 408
f 310 311 408
f 310 431 309
f 310 431 311
f 310 431 311
f 310 553 311
f 310 553 431
f 310 309 408
f 310 311 408
f 310 429 309
f 310 429 311
f 310 311 410
f 310 429 428
f 310 429 428
f 310 410 411
f 310 309 411
f 310 311 410
f 310 428 427
f 310 428 427
f 310 311 412
f 310 427 309
f 310 427 311
f 310 412 413
f 310 309 413
f 310 311 412
f 310 425 309
f 310 425 311
f 310 311 414
f 310 425 424
f 310 425 311
f 310 414 413
f 310 309 413
f 310 311 414
f 310 423 424
f 310 423 311
f 310 309 415
f 310 311 415
f 310 423 309
f 310 423 311
f 310 309 417
f 310 311 417
f 310 309 420
f 310 311 420
f 310 309 417
f 310 311 417
f 310 309 419
f 310 311 419
f 310 309 419
f 310 311 419
f 266 267 341
f 266 267 339
f 266 267 341
f 266 338 267
f 266 267 343
f 266 267 343
f 266 338 224
f 266 338 267
f 266 267 345
f 266 267 224
f 266 267 345
f 266 222 267
f 266 267 347
f 266 222 267
f 266 267 221
f 266 348 347
f 266 267 347
f 266 267 219
f 266 267 350
f 266 267 219
f 266 267 351
f 266 267 217
f 266 267 351
f 266 267 216
f 266 267 215
f 266 355 267
f 266 215 164
f 266 267 357
f 266 163 164
f 266 215 166
f 266 267 166
f 266 267 215
f 266 267 357
f 266 267 359
f 266 267 361
f 266 267 361
f 266 267 373
f 266 267 363
f 266 267 373
f 266 267 364
f 266 267 372
f 266 267 364
f 266 267 365
f 268 224 337
f 268 267 224
f 268 267 224
f 268 336 223
f 268 336 337
f 268 336 337
f 268 222 223
f 268 222 267
f 268 338 337
f 268 338 267
f 268 222 221
f 268 222 267
f 268 338 339
f 268 338 267
f 268 221 220
f 268 267 221
f 268 339 340
f 268 267 339
f 268 219 220
f 268 267 219
f 268 341 340
f 268 267 341
f 268 219 218
f 268 267 219
f 268 341 342
f 268 267 341
f 268 217 218
f 268 267 217
f 268 343 342
f 268 267 343
f 268 216 217
f 268 267 216
f 268 343 344
f 268 267 343
f 268 215 216
f 268 267 215
f 268 345 344
f 268 267 345
f 268 215 214
f 268 267 215
f 268 345 346
f 268 267 345
f 268 213 214
f 268 267 213
f 268 347 346
f 268 267 347
f 268 213 210
f 268 267 213
f 268 347 349
f 268 267 347
f 268 167 210
f 268 350 349
f 268 267 350
f 268 167 166
f 268 267 166
f 268 351 350
f 268 267 351
f 268 167 270
f 268 167 166
f 268 267 166
f 268 351 352
f 268 267 351
f 268 364 365
f 268 267 364
f 268 365 270
f 268 267 270
f 268 267 365
f 268 364 363
f 268 267 364
f 268 355 356
f 268 355 267
f 268 363 362
f 268 267 363
f 268 356 359
f 268 267 356
f 268 361 270
f 268 361 362
f 268 267 361
f 268 359 360
f 268 267 359
f 268 361 360
f 268 267 361
f 256 257 157
f 256 156 255
f 256 156 157
f 256 257 230
f 256 257 156
f 256 231 255
f 256 231 230
f 256 257 231
f 256 155 156
f 256 257 155
f 256 231 232
f 256 257 231
f 256 257 155
f 256 232 233
f 256 257 232
f 256 154 152
f 256 155 154
f 256 155 154
f 256 152 255
f 256 257 259
f 256 235 233
f 256 259 235
f 256 344 235
f 256 259 344
f 256 345 344
f 256 345 259
f 256 345 255
f 256 345 259
f 256 257 259
f 256 347 255
f 256 257 347
f 256 348 347
f 256 257 348
f 256 348 349
f 256 257 348
f 256 350 349
f 256 257 350
f 256 351 350
f 256 257 351
f 256 351 352
f 256 257 351
f 256 353 352
f 256 257 353
f 256 364 255
f 256 257 364
f 256 364 363
f 256 257 364
f 256 355 356
f 256 355 257
f 256 363 362
f 256 257 363
f 256 357 356
f 256 257 357
f 256 361 362
f 256 257 361
f 256 358 357
f 256 257 358
f 256 361 360
f 256 257 361
f 256 358 359
f 256 257 358
f 256 359 360
f 256 257 359
f 529 530 449
f 529 528 449
f 529 447 530
f 529 528 447
f 529 530 449
f 529 528 449
f 529 447 530
f 529 528 447
f 529 530 450
f 529 528 450
f 529 445 530
f 529 528 445
f 529 530 452
f 529 528 452
f 529 445 530
f 529 528 445
f 529 530 452
f 529 528 452
f 529 530 443
f 529 528 443
f 529 530 454
f 529 442 530
f 529 442 528
f 529 526 454
f 529 528 526
f 529 442 441
f 529 442 528
f 529 526 454
f 529 530 454
f 529 441 530
f 529 528 441
f 529 526 558
f 529 530 558
f 529 526 572
f 529 528 526
f 529 530 572
f 529 530 439
f 529 528 439
f 529 530 571
f 529 528 571
f 529 530 438
f 529 528 438
f 529 530 570
f 529 528 570
f 529 530 438
f 529 528 438
f 529 530 570
f 529 530 435
f 529 528 435
f 529 570 567
f 529 528 570
f 529 530 567
f 529 434 530
f 529 528 434
f 529 530 566
f 529 528 566
f 529 434 530
f 529 528 434
f 529 530 566
f 529 528 566
f 529 530 432
f 529 528 432
f 529 530 564
f 529 528 564
f 529 530 431
f 529 528 431
f 529 563 530
f 529 528 563
f 529 530 431
f 529 528 431
f 529 563 562
f 529 528 563
f 529 530 429
f 529 528 429
f 529 562 530
f 529 528 562
f 529 530 429
f 529 528 429
f 529 528 561
f 529 530 427
f 529 528 427
f 529 528 647
f 529 528 424
f 529 528 647
f 532 445 533
f 532 531 445
f 532 531 445
f 532 443 533
f 532 531 443
f 532 442 443
f 532 442 531
f 532 442 441
f 532 442 531
f 532 441 533
f 532 531 441
f 532 533 439
f 532 531 439
f 532 533 438
f 532 531 438
f 532 437 533
f 532 437 438
f 532 531 438
f 532 437 533
f 532 533 435
f 532 531 435
f 532 434 530
f 532 531 530
f 532 434 530
f 532 530 432
f 532 530 431
f 532 530 431
f 532 530 429
f 532 530 429
f 532 530 427
f 532 529 424
f 532 529 530
f 532 562 530
f 532 647 561
f 532 563 562
f 532 529 647
f 532 647 561
f 532 563 530
f 532 529 647
f 532 529 561
f 532 529 530
f 532 533 564
f 532 530 564
f 532 566 533
f 532 530 566
f 532 566 533
f 532 530 566
f 532 531 530
f 532 533 567
f 532 531 567
f 532 533 569
f 532 531 569
f 532 531 533
f 536 537 445
f 536 537 447
f 536 537 445
f 536 447 533
f 536 537 443
f 536 533 449
f 536 442 537
f 536 533 449
f 536 442 537
f 536 533 450
f 536 537 441
f 536 450 557
f 536 533 557
f 536 537 439
f 536 533 557
f 536 537 557
f 536 537 438
f 536 537 437
f 536 569 568
f 536 533 569
f 536 567 568
f 536 537 567
f 536 537 437
f 536 537 566
f 536 537 435
f 536 537 566
f 536 537 434
f 536 537 564
f 536 537 563
f 536 537 563
f 536 537 562
f 540 536 449
f 540 536 447
f 540 536 537
f 540 537 447
f 540 536 537
f 540 449 556
f 540 537 445
f 540 449 450
f 540 536 450
f 540 536 449
f 540 537 557
f 540 566 567
f 540 537 567
f 546 545 438
f 546 547 438
f 546 547 545
f 546 545 437
f 546 547 437
f 546 545 437
f 546 547 437
f 546 545 435
f 546 547 435
f 546 545 434
f 546 547 434
f 546 545 434
f 546 547 434
f 546 545 432
f 546 547 432
f 546 545 431
f 546 547 431
f 546 547 431
f 546 544 431
f 546 544 545
f 546 544 429
f 546 429 552
f 546 547 552
f 546 544 429
f 546 429 428
f 546 547 560
f 546 544 428
f 546 428 427
f 546 560 552
f 546 545 552
f 546 545 560
f 546 545 560
f 546 547 560
f 546 547 545
f 546 544 427
f 546 544 545
f 548 437 549
f 548 547 549
f 548 547 437
f 548 437 549
f 548 547 437
f 548 549 435
f 548 547 435
f 548 434 549
f 548 547 434
f 548 434 549
f 548 547 434
f 548 549 432
f 548 547 432
f 548 547 431
f 548 549 432
f 548 431 432
f 548 549 559
f 548 547 549
f 548 431 552
f 548 559 552
f 548 431 552
f 548 547 552
f 548 547 431
f 548 560 559
f 548 547 560
f 548 547 560
f 719 718 603
f 719 720 603
f 719 720 718
f 719 718 603
f 719 720 603
f 719 718 606
f 719 720 606
f 719 718 606
f 719 720 606
f 719 718 609
f 719 720 609
f 719 718 609
f 719 720 609
f 719 718 611
f 719 720 611
f 719 718 613
f 719 720 613
f 719 718 614
f 719 720 614
f 719 718 614
f 719 720 614
f 719 718 615
f 719 615 616
f 719 720 616
f 719 720 615
f 719 718 618
f 719 720 618
f 719 718 618
f 719 720 618
f 719 718 619
f 719 720 619
f 719 718 621
f 719 621 620
f 719 720 620
f 719 621 622
f 719 718 622
f 719 718 621
f 719 717 708
f 719 717 718
f 719 721 708
f 719 720 721
f 719 717 708
f 719 721 708
f 719 717 5
f 719 721 4
f 719 720 721
f 719 4 5
f 719 720 718
f 719 717 4
f 719 717 718
f 107 108 219
f 107 106 219
f 107 108 221
f 107 106 221
f 107 140 108
f 107 222 108
f 107 106 222
f 107 140 219
f 107 106 219
f 107 106 140
f 107 140 108
f 107 106 140
f 107 222 108
f 107 106 222
f 107 137 108
f 107 224 108
f 107 106 224
f 107 137 138
f 107 106 138
f 107 106 137
f 107 137 108
f 107 106 137
f 107 224 108
f 107 106 224
f 107 108 136
f 107 106 136
f 107 226 108
f 107 106 226
f 107 228 226
f 107 106 228
f 107 37 36
f 107 108 36
f 107 228 715
f 107 106 228
f 107 108 36
f 107 106 36
f 107 716 715
f 107 106 716
f 107 108 33
f 107 106 33
f 107 716 718
f 107 106 716
f 107 108 32
f 107 106 32
f 107 720 718
f 107 106 720
f 107 108 32
f 107 106 32
f 107 722 720
f 107 722 106
f 107 108 30
f 107 106 30
f 107 722 108
f 107 722 106
f 107 108 30
f 107 106 30
f 107 108 725
f 107 106 725
f 107 108 28
f 107 106 28
f 107 726 108
f 107 106 726
f 107 108 28
f 107 106 28
f 107 726 108
f 107 106 726
f 107 108 26
f 107 106 26
f 107 729 108
f 107 106 729
f 107 108 26
f 107 106 26
f 107 2 729
f 107 106 2
f 107 108 25
f 107 2 108
f 107 106 2
f 107 5 25
f 107 106 5
f 107 108 6
f 107 108 4
f 107 106 4
f 107 5 6
f 107 108 5
f 107 108 4
f 107 106 4
f 105 104 219
f 105 106 219
f 105 104 221
f 105 106 221
f 105 104 219
f 105 106 219
f 105 222 104
f 105 106 222
f 105 104 217
f 105 222 104
f 105 106 222
f 105 143 217
f 105 106 143
f 105 104 143
f 105 104 224
f 105 106 224
f 105 104 141
f 105 106 141
f 105 104 224
f 105 106 224
f 105 104 140
f 105 106 140
f 105 106 226
f 105 106 140
f 105 226 225
f 105 104 225
f 105 106 138
f 105 713 226
f 105 713 104
f 105 713 226
f 105 106 226
f 105 713 104
f 105 716 104
f 105 106 716
f 105 716 104
f 105 106 716
f 105 720 104
f 105 106 720
f 105 722 720
f 105 722 106
f 105 106 32
f 105 722 104
f 105 722 106
f 105 106 32
f 105 106 725
f 105 106 30
f 105 726 725
f 105 104 726
f 105 106 726
f 105 106 30
f 105 104 726
f 105 106 726
f 105 106 28
f 105 729 104
f 105 106 729
f 105 106 26
f 105 2 729
f 105 106 2
f 105 2 104
f 105 106 2
f 105 26 5
f 105 106 5
f 105 106 26
f 105 104 4
f 105 106 4
f 105 104 4
f 105 106 4
f 101 100 217
f 101 102 217
f 101 102 100
f 101 100 216
f 101 102 216
f 101 215 100
f 101 102 215
f 101 102 215
f 101 147 100
f 101 215 100
f 101 215 147
f 101 147 100
f 101 102 147
f 101 102 144
f 101 145 144
f 101 102 144
f 101 99 100
f 101 99 145
f 101 99 145
f 101 99 144
f 101 102 142
f 101 142 143
f 101 99 143
f 101 142 141
f 101 102 142
f 101 99 36
f 101 37 36
f 101 102 37
f 101 102 36
f 101 140 141
f 101 102 140
f 101 102 140
f 101 99 36
f 101 37 83
f 101 102 83
f 101 102 37
f 101 102 33
f 101 99 33
f 101 102 33
f 101 99 33
f 101 102 30
f 101 99 30
f 101 99 100
f 101 100 30
f 101 30 28
f 101 102 28
f 101 102 30
f 101 100 4
f 101 102 4
f 101 100 4
f 101 102 4
f 101 720 100
f 101 102 720
f 101 720 718
f 101 102 720
f 101 716 718
f 101 102 716
f 101 716 100
f 101 102 716
f 101 713 100
f 101 102 713
f 101 102 713
f 103 104 217
f 103 102 217
f 103 102 104
f 103 104 216
f 103 102 216
f 103 104 216
f 103 102 216
f 103 104 144
f 103 102 144
f 103 104 144
f 103 102 144
f 103 104 141
f 103 142 141
f 103 102 142
f 103 102 142
f 103 104 140
f 103 102 140
f 103 102 140
f 103 105 140
f 103 105 104
f 103 102 138
f 103 105 138
f 103 105 32
f 103 102 33
f 103 137 138
f 103 102 138
f 103 106 137
f 103 105 106
f 103 32 33
f 103 102 33
f 103 105 32
f 103 106 33
f 103 105 106
f 103 102 36
f 103 137 83
f 103 137 37
f 103 102 30
f 103 105 30
f 103 106 36
f 103 102 37
f 103 37 83
f 103 102 37
f 103 137 37
f 103 137 136
f 103 106 136
f 103 106 137
f 103 102 30
f 103 105 30
f 103 107 37
f 103 107 106
f 103 102 28
f 103 105 28
f 103 107 37
f 103 107 106
f 103 102 5
f 103 105 26
f 103 26 5
f 103 104 4
f 103 102 4
f 103 105 26
f 103 105 104
f 103 104 4
f 103 102 4
f 103 2 104
f 103 102 2
f 103 2 729
f 103 102 2
f 103 729 104
f 103 102 729
f 103 104 726
f 103 726 723
f 103 102 723
f 103 104 726
f 103 722 104
f 103 722 102
f 103 722 720
f 103 722 102
f 103 720 104
f 103 102 720
f 103 716 104
f 103 102 716
f 103 716 104
f 103 102 104
f 103 102 716
f 95 94 710
f 95 97 710
f 95 94 711
f 95 216 217
f 95 216 94
f 95 217 218
f 95 97 218
f 95 97 217
f 95 97 216
f 95 94 711
f 95 215 216
f 95 97 215
f 95 713 94
f 95 215 214
f 95 97 215
f 95 713 714
f 95 213 214
f 95 212 213
f 95 714 94
f 95 714 715
f 95 212 94
f 95 715 4
f 95 94 210
f 95 94 5
f 95 94 33
f 95 209 94
f 95 153 151
f 95 154 209
f 95 153 154
f 95 153 154
f 95 150 151
f 95 155 209
f 95 155 154
f 95 155 154
f 324 434 323
f 324 325 434
f 324 323 437
f 324 325 437
f 324 434 323
f 324 323 437
f 324 325 437
f 324 434 433
f 324 325 434
f 324 323 438
f 324 325 438
f 324 433 414
f 324 323 414
f 324 323 414
f 324 325 414
f 324 323 439
f 324 325 439
f 324 432 433
f 324 323 432
f 324 323 432
f 324 323 412
f 324 325 412
f 324 442 323
f 324 325 442
f 324 325 442
f 324 323 412
f 324 325 412
f 324 323 408
f 324 325 408
f 324 323 408
f 324 325 408
f 324 323 407
f 324 405 407
f 324 325 405
f 324 323 405
f 324 323 404
f 324 325 404
f 324 323 404
f 324 325 404
f 324 325 402
f 324 325 402
f 324 325 400
f 324 325 400
f 324 325 399
f 324 325 398
f 324 325 396
f 324 325 396
f 324 325 395
f 324 325 393
f 324 327 392
f 324 325 327
f 324 327 392
f 324 392 292
f 324 327 390
f 324 291 292
f 324 390 291
f 324 390 291
f 324 327 390
f 324 289 327
f 324 325 327
f 324 289 327
f 324 325 287
f 324 323 285
f 324 285 287
f 324 325 287
f 324 325 285
f 324 323 284
f 324 325 284
f 324 325 284
f 324 209 284
f 324 323 209
f 324 209 282
f 324 325 282
f 324 325 209
f 324 323 208
f 324 325 208
f 324 323 208
f 324 325 208
f 324 323 206
f 324 325 206
f 324 325 323
f 322 434 323
f 322 321 434
f 322 323 437
f 322 321 437
f 322 434 323
f 322 321 434
f 322 323 437
f 322 321 437
f 322 323 432
f 322 321 432
f 322 323 438
f 322 321 438
f 322 323 431
f 322 321 431
f 322 323 439
f 322 321 439
f 322 321 323
f 322 323 431
f 322 321 431
f 322 323 422
f 322 429 422
f 322 321 429
f 322 321 429
f 322 323 422
f 322 321 422
f 322 323 414
f 322 321 414
f 322 323 414
f 322 321 414
f 322 323 412
f 322 321 412
f 322 323 412
f 322 321 412
f 322 321 410
f 322 408 410
f 322 323 408
f 322 321 408
f 322 323 408
f 322 321 408
f 322 323 407
f 322 321 407
f 322 323 405
f 322 321 405
f 322 323 404
f 322 323 404
f 322 324 402
f 322 324 323
f 322 324 402
f 322 324 400
f 322 324 400
f 322 324 399
f 322 324 398
f 322 324 396
f 322 324 396
f 322 324 291
f 322 324 291
f 322 324 395
f 322 324 289
f 322 324 393
f 322 321 289
f 322 324 289
f 322 392 294
f 322 324 392
f 322 324 392
f 322 289 287
f 322 323 285
f 322 321 285
f 322 324 287
f 322 324 323
f 322 392 294
f 322 392 393
f 322 323 284
f 322 321 284
f 322 323 208
f 322 321 208
f 322 323 208
f 322 321 208
f 322 323 206
f 322 321 206
f 322 323 205
f 322 321 205
f 322 323 205
f 322 321 205
f 322 321 323
f 320 319 434
f 320 321 434
f 320 319 437
f 320 321 437
f 320 319 434
f 320 321 434
f 320 319 437
f 320 321 437
f 320 319 432
f 320 321 432
f 320 319 438
f 320 321 438
f 320 321 319
f 320 319 431
f 320 321 431
f 320 319 431
f 320 321 431
f 320 319 429
f 320 321 429
f 320 319 429
f 320 321 429
f 320 319 428
f 320 321 428
f 320 319 422
f 320 321 422
f 320 319 417
f 320 321 417
f 320 319 417
f 320 321 417
f 320 319 414
f 320 321 414
f 320 319 414
f 320 321 414
f 320 319 412
f 320 321 412
f 320 319 412
f 320 321 412
f 320 319 410
f 320 321 410
f 320 319 410
f 320 321 410
f 320 319 408
f 320 321 408
f 320 319 408
f 320 321 408
f 320 321 407
f 320 318 407
f 320 319 318
f 320 321 405
f 320 318 405
f 320 404 318
f 320 322 404
f 320 322 321
f 320 404 318
f 320 322 404
f 320 402 318
f 320 322 402
f 320 402 318
f 320 322 402
f 320 400 318
f 320 322 400
f 320 400 318
f 320 322 400
f 320 318 399
f 320 322 399
f 320 318 398
f 320 322 398
f 320 318 396
f 320 322 396
f 320 318 291
f 320 319 318
f 320 322 294
f 320 322 291
f 320 318 396
f 320 322 396
f 320 319 291
f 320 293 294
f 320 318 293
f 320 318 293
f 320 318 294
f 320 322 294
f 320 322 291
f 320 318 395
f 320 322 395
f 320 289 319
f 320 318 393
f 320 322 393
f 320 322 289
f 320 322 321
f 320 318 393
f 320 322 393
f 320 289 319
f 320 321 289
f 320 319 206
f 320 321 206
f 320 321 319
f 354 353 235
f 354 355 235
f 354 355 353
f 354 353 235
f 354 355 235
f 354 353 238
f 354 355 238
f 354 355 239
f 354 353 238
f 354 239 238
f 354 355 239
f 354 241 353
f 354 355 241
f 354 241 353
f 354 355 241
f 354 353 243
f 354 355 243
f 354 355 244
f 354 353 245
f 354 244 245
f 354 355 244
f 354 353 245
f 354 355 245
f 354 247 353
f 354 247 355
f 354 247 248
f 354 247 355
f 354 248 249
f 354 355 248
f 354 250 249
f 354 355 250
f 354 250 353
f 354 355 250
f 354 252 353
f 354 355 252
f 354 253 252
f 354 253 355
f 354 253 254
f 354 253 355
f 354 254 353
f 354 355 254
f 354 256 353
f 354 256 355
f 354 256 257
f 354 256 355
f 354 257 258
f 354 355 257
f 354 258 353
f 354 355 258
f 354 260 353
f 354 355 260
f 354 260 261
f 354 355 260
f 354 262 261
f 354 355 262
f 354 355 262
f 354 262 352
f 354 262 353
f 354 355 264
f 354 264 352
f 354 266 355
f 354 266 267
f 354 268 355
f 354 268 267
f 354 268 355
f 354 268 352
f 354 355 270
f 354 352 270
f 354 355 271
f 354 351 352
f 354 351 271
f 354 355 271
f 354 351 271
f 354 355 273
f 354 351 352
f 354 377 352
f 354 353 377
f 354 377 375
f 354 355 377
f 354 355 353
f 354 351 273
f 354 350 375
f 354 351 350
f 354 351 273
f 354 359 273
f 354 355 359
f 354 375 277
f 354 375 374
f 354 355 375
f 354 275 350
f 354 351 350
f 354 276 275
f 354 359 275
f 354 375 277
f 354 350 277
f 354 350 375
f 354 359 374
f 354 355 359
f 354 276 277
f 354 276 350
f 354 276 275
f 354 359 275
f 236 234 252
f 236 253 252
f 236 253 234
f 236 253 251
f 236 250 251
f 236 234 250
f 236 253 235
f 236 253 234
f 236 250 239
f 236 250 239
f 236 234 145
f 236 234 145
f 236 239 151
f 236 234 151
f 236 248 239
f 236 250 249
f 236 234 250
f 236 142 144
f 236 239 144
f 236 239 145
f 236 239 145
f 236 234 147
f 236 239 151
f 236 234 151
f 236 247 248
f 236 247 248
f 236 248 154
f 236 234 154
f 236 248 249
f 236 142 141
f 236 239 147
f 236 234 148
f 236 142 144
f 236 234 144
f 236 234 142
f 236 234 142
f 236 239 148
f 236 244 239
f 236 247 244
f 236 247 244
f 236 140 141
f 236 234 140
f 236 234 140
f 236 140 138
f 236 140 138
f 236 234 138
f 236 137 138
f 236 234 137
f 236 234 137
f 236 137 235
f 236 235 136
f 236 137 135
f 236 137 136
f 236 134 135
f 236 235 134
f 236 134 133
f 236 235 134
f 236 132 133
f 236 132 235
f 236 132 131
f 236 132 235
f 236 131 237
f 236 235 131
f 236 129 237
f 236 235 129
f 236 129 128
f 236 235 129
f 236 127 128
f 236 235 127
f 236 127 126
f 236 235 127
f 236 125 126
f 236 235 125
f 236 124 125
f 236 235 124
f 236 124 237
f 236 235 124
f 236 122 237
f 236 235 122
f 236 121 122
f 236 235 121
f 236 121 120
f 236 235 121
f 236 119 120
f 236 119 235
f 236 119 118
f 236 119 118
f 236 117 118
f 236 117 118
f 236 116 117
f 236 116 117
f 236 116 115
f 236 116 115
f 236 115 723
f 236 115 235
f 236 601 723
f 236 235 601
f 236 357 235
f 236 358 601
f 236 358 357
f 236 358 357
f 236 357 356
f 236 357 235
f 236 355 356
f 236 355 235
f 236 355 235
f 265 341 340
f 265 266 341
f 265 339 340
f 265 266 339
f 265 341 264
f 265 266 341
f 265 339 264
f 265 343 264
f 265 266 343
f 265 264 226
f 265 339 226
f 265 343 344
f 265 266 343
f 265 264 224
f 265 266 224
f 265 338 339
f 265 266 338
f 265 266 338
f 265 345 344
f 265 266 345
f 265 264 224
f 265 266 224
f 265 345 264
f 265 266 345
f 265 222 264
f 265 266 222
f 265 264 347
f 265 266 347
f 265 222 264
f 265 266 222
f 265 264 348
f 265 266 348
f 265 264 221
f 265 266 221
f 265 264 348
f 265 266 348
f 265 264 219
f 265 266 219
f 265 264 350
f 265 266 350
f 265 264 219
f 265 266 219
f 265 264 351
f 265 266 351
f 265 264 217
f 265 266 217
f 265 264 351
f 265 266 351
f 265 266 216
f 265 354 264
f 265 354 266
f 265 264 163
f 265 216 163
f 265 354 355
f 265 354 266
f 265 264 163
f 265 216 163
f 265 266 163
f 265 355 264
f 265 266 355
f 265 266 163
f 265 215 216
f 265 266 215
f 265 266 215
f 265 264 357
f 265 266 357
f 265 264 357
f 265 266 357
f 265 264 359
f 265 266 359
f 265 264 361
f 265 266 361
f 265 264 361
f 265 266 361
f 265 264 363
f 265 266 363
f 265 266 373
f 265 264 364
f 265 266 364
f 265 264 373
f 265 266 373
f 265 264 364
f 265 266 364
f 265 264 372
f 265 266 372
f 265 264 365
f 265 266 365
f 535 445 446
f 535 536 445
f 535 447 446
f 535 536 447
f 535 536 447
f 535 445 533
f 535 536 445
f 535 536 443
f 535 536 442
f 535 536 442
f 535 536 441
f 535 536 439
f 535 536 438
f 535 536 437
f 535 536 437
f 535 536 435
f 535 536 434
f 535 537 434
f 535 536 537
f 535 537 432
f 535 537 431
f 535 537 431
f 535 537 429
f 535 537 429
f 535 537 427
f 535 536 537
f 535 536 562
f 535 536 563
f 535 536 563
f 535 536 564
f 535 536 566
f 535 536 566
f 535 536 567
f 535 533 569
f 535 536 569
f 535 536 533
f 541 447 556
f 541 449 556
f 541 540 449
f 541 540 449
f 541 540 447
f 541 540 556
f 541 549 543
f 541 447 549
f 541 447 549
f 541 447 446
f 541 540 447
f 541 556 557
f 541 540 557
f 541 445 446
f 541 540 445
f 541 556 555
f 541 543 555
f 541 543 556
f 541 543 559
f 541 445 444
f 541 540 445
f 541 565 559
f 541 443 444
f 541 540 443
f 541 566 565
f 541 540 566
f 541 540 566
f 541 564 565
f 541 540 564
f 541 560 543
f 541 560 564
f 541 540 563
f 541 442 443
f 541 540 442
f 541 563 560
f 541 540 563
f 541 442 441
f 541 540 442
f 541 540 562
f 541 441 543
f 541 540 441
f 541 540 439
f 541 540 438
f 541 540 437
f 541 540 437
f 541 540 435
f 541 540 434
f 541 540 434
f 538 537 445
f 538 540 445
f 538 540 537
f 538 537 443
f 538 540 443
f 538 442 537
f 538 540 442
f 538 442 537
f 538 540 442
f 538 537 441
f 538 537 439
f 538 537 438
f 538 537 437
f 538 537 437
f 538 537 435
f 538 537 434
f 538 537 434
f 538 537 432
f 538 537 431
f 538 537 431
f 538 537 429
f 538 537 429
f 538 537 427
f 538 535 537
f 538 537 562
f 538 537 563
f 538 537 563
f 538 535 537
f 538 537 564
f 538 537 566
f 538 540 566
f 538 537 566
f 538 540 566
f 538 540 537
f 96 97 711
f 96 95 711
f 96 95 97
f 96 97 711
f 96 95 711
f 96 97 713
f 96 95 713
f 96 95 713
f 96 713 714
f 96 97 713
f 96 95 714
f 96 95 715
f 96 716 715
f 96 97 716
f 96 97 716
f 96 97 4
f 96 95 4
f 96 95 5
f 96 5 33
f 96 97 33
f 96 97 5
f 96 97 33
f 96 95 33
f 96 97 35
f 96 94 35
f 96 95 94
f 96 147 148
f 96 97 147
f 96 148 149
f 96 147 146
f 96 97 146
f 96 97 147
f 96 150 148
f 96 97 150
f 96 150 149
f 96 150 94
f 96 95 150
f 96 97 150
f 96 95 150
f 96 97 153
f 96 95 153
f 96 97 153
f 96 153 210
f 96 95 210
f 96 95 153
f 96 97 212
f 96 95 212
f 96 97 212
f 96 95 212
f 96 97 213
f 96 95 213
f 96 95 97
f 534 443 533
f 534 535 533
f 534 535 443
f 534 442 443
f 534 535 442
f 534 442 441
f 534 535 442
f 534 441 533
f 534 535 441
f 534 533 439
f 534 535 439
f 534 533 438
f 534 535 438
f 534 437 533
f 534 535 437
f 534 437 533
f 534 535 437
f 534 533 435
f 534 535 435
f 534 535 434
f 534 532 533
f 534 532 434
f 534 535 434
f 534 532 434
f 534 535 432
f 534 532 432
f 534 535 431
f 534 532 431
f 534 535 431
f 534 532 431
f 534 535 429
f 534 532 429
f 534 535 429
f 534 532 429
f 534 535 427
f 534 532 427
f 534 532 424
f 534 538 424
f 534 538 535
f 534 532 562
f 534 535 562
f 534 532 561
f 534 532 563
f 534 535 563
f 534 561 651
f 534 532 533
f 534 532 563
f 534 535 563
f 534 538 535
f 534 533 564
f 534 535 564
f 534 566 533
f 534 535 566
f 534 566 533
f 534 535 566
f 534 533 567
f 534 535 567
f 534 535 533
f 542 543 439
f 542 541 439
f 542 541 543
f 542 438 543
f 542 541 438
f 542 437 438
f 542 541 437
f 542 437 543
f 542 541 437
f 542 435 543
f 542 541 435
f 542 434 435
f 542 541 434
f 542 434 543
f 542 541 434
f 542 432 543
f 542 541 540
f 542 544 432
f 542 544 431
f 542 544 431
f 542 544 429
f 542 544 429
f 542 544 427
f 542 541 540
f 542 544 543
f 542 562 543
f 542 541 562
f 542 541 563
f 542 562 560
f 542 563 562
f 542 541 560
f 542 541 563
f 539 540 441
f 539 538 441
f 539 538 540
f 539 540 439
f 539 538 439
f 539 540 438
f 539 538 438
f 539 540 437
f 539 538 437
f 539 540 437
f 539 538 437
f 539 540 435
f 539 538 435
f 539 540 434
f 539 538 434
f 539 540 434
f 539 538 434
f 539 538 432
f 539 542 432
f 539 542 540
f 539 538 431
f 539 542 431
f 539 538 431
f 539 542 431
f 539 538 429
f 539 542 429
f 539 538 429
f 539 542 429
f 539 538 427
f 539 542 427
f 539 542 540
f 539 540 562
f 539 538 562
f 539 540 563
f 539 538 563
f 539 540 563
f 539 538 563
f 539 540 564
f 539 538 564
f 539 538 540
