# King Wen sovereign avatar mesh
# hex54_phase5.ply
# vertices=729 faces=10185
o kingwen_avatar
v 0.177627 0.000202 0.088802 0.309804 0.305882 0.317647
v 0.179456 0.001750 0.088640 0.309804 0.305882 0.317647
v 0.181266 0.003331 0.088156 0.309804 0.305882 0.317647
v 0.183052 0.004942 0.087351 0.309804 0.305882 0.317647
v 0.184809 0.006584 0.086228 0.309804 0.305882 0.317647
v 0.186064 0.008235 0.084579 0.309804 0.305882 0.317647
v 0.187744 0.009931 0.082838 0.309804 0.305882 0.317647
v 0.188903 0.011626 0.080594 0.309804 0.305882 0.317647
v 0.190484 0.013372 0.078263 0.309804 0.305882 0.317647
v 0.191528 0.015105 0.075458 0.309804 0.305882 0.317647
v 0.192993 0.016896 0.072575 0.309804 0.305882 0.317647
v 0.194394 0.018708 0.069427 0.309804 0.305882 0.317647
v 0.195234 0.020488 0.065861 0.309804 0.305882 0.317647
v 0.196493 0.022334 0.062230 0.309804 0.305882 0.317647
v 0.206677 0.025297 0.061031 0.309804 0.305882 0.317647
v 0.248055 0.032534 0.067764 0.309804 0.305882 0.317647
v 0.251350 0.035172 0.062945 0.309804 0.305882 0.317647
v 0.252526 0.037558 0.057348 0.309804 0.305882 0.317647
v 0.253589 0.039953 0.051542 0.309804 0.305882 0.317647
v 0.254536 0.042353 0.045548 0.309804 0.305882 0.317647
v 0.255363 0.044755 0.039389 0.309804 0.305882 0.317647
v 0.255553 0.047062 0.033020 0.309804 0.305882 0.317647
v 0.255615 0.049354 0.026556 0.309804 0.305882 0.317647
v 0.255031 0.051525 0.019981 0.309804 0.305882 0.317647
v 0.254315 0.053665 0.013386 0.309804 0.305882 0.317647
v 0.252949 0.055658 0.006781 0.309804 0.305882 0.317647
v 0.251970 0.057724 0.000233 0.309804 0.305882 0.317647
v 0.250860 0.059749 -0.006263 0.309804 0.305882 0.317647
v 0.250138 0.061860 -0.012708 0.309804 0.305882 0.317647
v 0.248253 0.063670 -0.019002 0.309804 0.305882 0.317647
v 0.246760 0.065559 -0.025200 0.309804 0.305882 0.317647
v 0.244627 0.067255 -0.031189 0.309804 0.305882 0.317647
v 0.242890 0.069034 -0.037066 0.309804 0.305882 0.317647
v 0.241033 0.070758 -0.042758 0.309804 0.305882 0.317647
v 0.239061 0.072423 -0.048245 0.309804 0.305882 0.317647
v 0.236977 0.074028 -0.053509 0.309804 0.305882 0.317647
v 0.234784 0.075571 -0.058532 0.309804 0.305882 0.317647
v 0.232487 0.077050 -0.063299 0.309804 0.305882 0.317647
v 0.230588 0.078634 -0.067939 0.309804 0.305882 0.317647
v 0.227596 0.079810 -0.071999 0.309804 0.305882 0.317647
v 0.225011 0.081089 -0.075905 0.309804 0.305882 0.317647
v 0.222828 0.082480 -0.079674 0.309804 0.305882 0.317647
v 0.220556 0.083808 -0.083137 0.309804 0.305882 0.317647
v 0.217720 0.084885 -0.086092 0.309804 0.305882 0.317647
v 0.215288 0.086082 -0.088902 0.309804 0.305882 0.317647
v 0.212781 0.087215 -0.091376 0.309804 0.305882 0.317647
v 0.210205 0.088284 -0.093507 0.309804 0.305882 0.317647
v 0.207564 0.089287 -0.095287 0.309804 0.305882 0.317647
v 0.205321 0.090428 -0.096929 0.309804 0.305882 0.317647
v 0.203015 0.091510 -0.098218 0.309804 0.305882 0.317647
v 0.200650 0.092533 -0.099149 0.309804 0.305882 0.317647
v 0.198231 0.093499 -0.099720 0.309804 0.305882 0.317647
v 0.195329 0.094197 -0.099705 0.309804 0.305882 0.317647
v 0.192825 0.095047 -0.099550 0.309804 0.305882 0.317647
v 0.190284 0.095842 -0.099032 0.309804 0.305882 0.317647
v 0.187293 0.096369 -0.097935 0.309804 0.305882 0.317647
v 0.184700 0.097057 -0.096702 0.309804 0.305882 0.317647
v 0.182087 0.097696 -0.095118 0.309804 0.305882 0.317647
v 0.179057 0.098068 -0.092979 0.309804 0.305882 0.317647
v 0.176030 0.098392 -0.090511 0.309804 0.305882 0.317647
v 0.173010 0.098670 -0.087725 0.309804 0.305882 0.317647
v 0.169619 0.098684 -0.084441 0.309804 0.305882 0.317647
v 0.166636 0.098880 -0.081061 0.309804 0.305882 0.317647
v 0.163676 0.099041 -0.077401 0.309804 0.305882 0.317647
v 0.160744 0.099169 -0.073476 0.309804 0.305882 0.317647
v 0.157844 0.099269 -0.069301 0.309804 0.305882 0.317647
v 0.155336 0.099569 -0.065041 0.309804 0.305882 0.317647
v 0.152858 0.099850 -0.060544 0.309804 0.305882 0.317647
v 0.150415 0.100113 -0.055827 0.309804 0.305882 0.317647
v 0.148348 0.100592 -0.051023 0.309804 0.305882 0.317647
v 0.145980 0.100833 -0.045906 0.309804 0.305882 0.317647
v 0.143985 0.101299 -0.040715 0.309804 0.305882 0.317647
v 0.141065 0.101072 -0.035111 0.309804 0.305882 0.317647
v 0.128715 0.093912 -0.027405 0.309804 0.305882 0.317647
v 0.126715 0.094136 -0.022163 0.309804 0.305882 0.317647
v 0.124770 0.094370 -0.016841 0.309804 0.305882 0.317647
v 0.123184 0.094849 -0.011485 0.309804 0.305882 0.317647
v 0.121648 0.095348 -0.006061 0.309804 0.305882 0.317647
v 0.120164 0.095868 -0.000588 0.309804 0.305882 0.317647
v 0.118735 0.096414 0.004913 0.309804 0.305882 0.317647
v 0.117362 0.096990 0.010424 0.309804 0.305882 0.317647
v 0.116048 0.097599 0.015923 0.309804 0.305882 0.317647
v 0.115070 0.098483 0.021442 0.309804 0.305882 0.317647
v 0.113871 0.099170 0.026870 0.309804 0.305882 0.317647
v 0.112734 0.099902 0.032227 0.309804 0.305882 0.317647
v 0.111926 0.100923 0.037581 0.309804 0.305882 0.317647
v 0.110910 0.101755 0.042745 0.309804 0.305882 0.317647
v 0.109957 0.102640 0.047778 0.309804 0.305882 0.317647
v 0.109066 0.103583 0.052660 0.309804 0.305882 0.317647
v 0.108494 0.104833 0.057509 0.309804 0.305882 0.317647
v 0.107724 0.105899 0.062044 0.309804 0.305882 0.317647
v 0.107015 0.107032 0.066374 0.309804 0.305882 0.317647
v 0.106365 0.108231 0.070481 0.309804 0.305882 0.317647
v 0.105772 0.109501 0.074350 0.309804 0.305882 0.317647
v 0.105237 0.110842 0.077966 0.309804 0.305882 0.317647
v 0.104755 0.112257 0.081312 0.309804 0.305882 0.317647
v 0.104326 0.113746 0.084377 0.309804 0.305882 0.317647
v 0.103947 0.115312 0.087148 0.309804 0.305882 0.317647
v 0.103375 0.116684 0.089405 0.309804 0.305882 0.317647
v 0.103089 0.118402 0.091549 0.309804 0.305882 0.317647
v 0.102608 0.119920 0.093153 0.309804 0.305882 0.317647
v 0.102404 0.121790 0.094635 0.309804 0.305882 0.317647
v 0.101999 0.123454 0.095558 0.309804 0.305882 0.317647
v 0.101629 0.125187 0.096134 0.309804 0.305882 0.317647
v 0.101522 0.127282 0.096581 0.309804 0.305882 0.317647
v 0.101208 0.129155 0.096456 0.309804 0.305882 0.317647
v 0.100916 0.131094 0.095979 0.309804 0.305882 0.317647
v 0.100411 0.132790 0.094934 0.309804 0.305882 0.317647
v 0.100153 0.134849 0.093765 0.309804 0.305882 0.317647
v 0.099906 0.136967 0.092254 0.309804 0.305882 0.317647
v 0.099437 0.138821 0.090199 0.309804 0.305882 0.317647
v 0.099200 0.141043 0.088029 0.309804 0.305882 0.317647
v 0.098963 0.143315 0.085538 0.309804 0.305882 0.317647
v 0.098493 0.145296 0.082545 0.309804 0.305882 0.317647
v 0.098016 0.147309 0.079265 0.309804 0.305882 0.317647
v 0.097755 0.149698 0.075888 0.309804 0.305882 0.317647
v 0.097251 0.151768 0.072067 0.309804 0.305882 0.317647
v 0.096730 0.153856 0.068002 0.309804 0.305882 0.317647
v 0.096412 0.156324 0.063857 0.309804 0.305882 0.317647
v 0.095845 0.158443 0.059340 0.309804 0.305882 0.317647
v 0.095249 0.160567 0.054629 0.309804 0.305882 0.317647
v 0.094846 0.163073 0.049858 0.309804 0.305882 0.317647
v 0.094187 0.165198 0.044800 0.309804 0.305882 0.317647
v 0.093492 0.167313 0.039602 0.309804 0.305882 0.317647
v 0.092759 0.169414 0.034285 0.309804 0.305882 0.317647
v 0.091987 0.171495 0.028868 0.309804 0.305882 0.317647
v 0.091389 0.173963 0.023427 0.309804 0.305882 0.317647
v 0.090530 0.175995 0.017858 0.309804 0.305882 0.317647
v 0.089626 0.177993 0.012251 0.309804 0.305882 0.317647
v 0.088888 0.180380 0.006641 0.309804 0.305882 0.317647
v 0.087888 0.182299 0.001005 0.309804 0.305882 0.317647
v 0.086841 0.184168 -0.004609 0.309804 0.305882 0.317647
v 0.085950 0.186429 -0.010203 0.309804 0.305882 0.317647
v 0.084803 0.188190 -0.015722 0.309804 0.305882 0.317647
v 0.083806 0.190344 -0.021209 0.309804 0.305882 0.317647
v 0.082557 0.191979 -0.026554 0.309804 0.305882 0.317647
v 0.081455 0.194007 -0.031854 0.309804 0.305882 0.317647
v 0.080104 0.195497 -0.036949 0.309804 0.305882 0.317647
v 0.078896 0.197382 -0.041987 0.309804 0.305882 0.317647
v 0.077634 0.199191 -0.046871 0.309804 0.305882 0.317647
v 0.076319 0.200921 -0.051585 0.309804 0.305882 0.317647
v 0.074952 0.202566 -0.056111 0.309804 0.305882 0.317647
v 0.073534 0.204124 -0.060433 0.309804 0.305882 0.317647
v 0.072066 0.205592 -0.064535 0.309804 0.305882 0.317647
v 0.070550 0.206965 -0.068402 0.309804 0.305882 0.317647
v 0.069153 0.208743 -0.072194 0.309804 0.305882 0.317647
v 0.067541 0.209922 -0.075558 0.309804 0.305882 0.317647
v 0.066044 0.211505 -0.078836 0.309804 0.305882 0.317647
v 0.064344 0.212479 -0.081646 0.309804 0.305882 0.317647
v 0.062754 0.213857 -0.084360 0.309804 0.305882 0.317647
v 0.061118 0.215130 -0.086779 0.309804 0.305882 0.317647
v 0.059440 0.216296 -0.088892 0.309804 0.305882 0.317647
v 0.057720 0.217353 -0.090689 0.309804 0.305882 0.317647
v 0.055829 0.217782 -0.091945 0.309804 0.305882 0.317647
v 0.054039 0.218615 -0.093087 0.309804 0.305882 0.317647
v 0.052092 0.218816 -0.093672 0.309804 0.305882 0.317647
v 0.050242 0.219423 -0.094139 0.309804 0.305882 0.317647
v 0.048250 0.219397 -0.094041 0.309804 0.305882 0.317647
v 0.046242 0.219258 -0.093601 0.309804 0.305882 0.317647
v 0.044117 0.218490 -0.092601 0.309804 0.305882 0.317647
v 0.042091 0.218129 -0.091485 0.309804 0.305882 0.317647
v 0.040057 0.217659 -0.090036 0.309804 0.305882 0.317647
v 0.037930 0.216568 -0.088051 0.309804 0.305882 0.317647
v 0.035811 0.215375 -0.085754 0.309804 0.305882 0.317647
v 0.033784 0.214595 -0.083355 0.309804 0.305882 0.317647
v 0.031760 0.213716 -0.080652 0.309804 0.305882 0.317647
v 0.029744 0.212741 -0.077655 0.309804 0.305882 0.317647
v 0.027737 0.211673 -0.074376 0.309804 0.305882 0.317647
v 0.025803 0.211016 -0.070995 0.309804 0.305882 0.317647
v 0.023818 0.209771 -0.067179 0.309804 0.305882 0.317647
v 0.021902 0.208938 -0.063267 0.309804 0.305882 0.317647
v 0.019948 0.207530 -0.058967 0.309804 0.305882 0.317647
v 0.018057 0.206537 -0.054580 0.309804 0.305882 0.317647
v 0.016143 0.204984 -0.049855 0.309804 0.305882 0.317647
v 0.014287 0.203848 -0.045055 0.309804 0.305882 0.317647
v 0.012448 0.202644 -0.040068 0.309804 0.305882 0.317647
v 0.010629 0.201379 -0.034910 0.309804 0.305882 0.317647
v 0.008831 0.200057 -0.029601 0.309804 0.305882 0.317647
v 0.007056 0.198682 -0.024158 0.309804 0.305882 0.317647
v 0.005303 0.197262 -0.018602 0.309804 0.305882 0.317647
v 0.003575 0.195800 -0.012951 0.309804 0.305882 0.317647
v 0.001873 0.194302 -0.007227 0.309804 0.305882 0.317647
v 0.000197 0.193220 -0.001453 0.309804 0.305882 0.317647
v -0.001456 0.191663 0.004369 0.309804 0.305882 0.317647
v -0.003083 0.190087 0.010202 0.309804 0.305882 0.317647
v -0.004683 0.188498 0.016025 0.309804 0.305882 0.317647
v -0.006270 0.187328 0.021866 0.309804 0.305882 0.317647
v -0.007819 0.185726 0.027616 0.309804 0.305882 0.317647
v -0.009342 0.184127 0.033292 0.309804 0.305882 0.317647
v -0.010864 0.182951 0.038960 0.309804 0.305882 0.317647
v -0.012340 0.181373 0.044435 0.309804 0.305882 0.317647
v -0.013823 0.180220 0.049885 0.309804 0.305882 0.317647
v -0.015256 0.178684 0.055075 0.309804 0.305882 0.317647
v -0.016666 0.177180 0.060088 0.309804 0.305882 0.317647
v -0.018098 0.176105 0.065048 0.309804 0.305882 0.317647
v -0.019474 0.174676 0.069658 0.309804 0.305882 0.317647
v -0.020833 0.173294 0.074033 0.309804 0.305882 0.317647
v -0.022178 0.171964 0.078157 0.309804 0.305882 0.317647
v -0.023511 0.170690 0.082014 0.309804 0.305882 0.317647
v -0.024835 0.169478 0.085587 0.309804 0.305882 0.317647
v -0.026150 0.168331 0.088864 0.309804 0.305882 0.317647
v -0.027461 0.167254 0.091830 0.309804 0.305882 0.317647
v -0.028770 0.166249 0.094473 0.309804 0.305882 0.317647
v -0.030079 0.165320 0.096783 0.309804 0.305882 0.317647
v -0.031392 0.164472 0.098748 0.309804 0.305882 0.317647
v -0.032639 0.163350 0.100144 0.309804 0.305882 0.317647
v -0.033964 0.162670 0.101395 0.309804 0.305882 0.317647
v -0.035301 0.162078 0.102280 0.309804 0.305882 0.317647
v -0.036573 0.161226 0.102574 0.309804 0.305882 0.317647
v -0.037858 0.160467 0.102494 0.309804 0.305882 0.317647
v -0.039159 0.159803 0.102041 0.309804 0.305882 0.317647
v -0.040565 0.159579 0.101436 0.309804 0.305882 0.317647
v -0.041816 0.158760 0.100024 0.309804 0.305882 0.317647
v -0.043180 0.158381 0.098467 0.309804 0.305882 0.317647
v -0.044569 0.158095 0.096552 0.309804 0.305882 0.317647
v -0.045987 0.157902 0.094286 0.309804 0.305882 0.317647
v -0.047437 0.157801 0.091676 0.309804 0.305882 0.317647
v -0.048814 0.157447 0.088541 0.309804 0.305882 0.317647
v -0.050330 0.157523 0.085282 0.309804 0.305882 0.317647
v -0.051770 0.157342 0.081536 0.309804 0.305882 0.317647
v -0.053360 0.157586 0.077678 0.309804 0.305882 0.317647
v -0.054872 0.157566 0.073377 0.309804 0.305882 0.317647
v -0.056419 0.157621 0.068828 0.309804 0.305882 0.317647
v -0.058003 0.157747 0.064048 0.309804 0.305882 0.317647
v -0.059624 0.157940 0.059056 0.309804 0.305882 0.317647
v -0.061419 0.158544 0.053989 0.309804 0.305882 0.317647
v -0.063121 0.158860 0.048619 0.309804 0.305882 0.317647
v -0.064863 0.159229 0.043096 0.309804 0.305882 0.317647
v -0.066644 0.159648 0.037440 0.309804 0.305882 0.317647
v -0.068464 0.160111 0.031672 0.309804 0.305882 0.317647
v -0.070323 0.160613 0.025815 0.309804 0.305882 0.317647
v -0.072220 0.161150 0.019890 0.309804 0.305882 0.317647
v -0.074320 0.162076 0.013949 0.309804 0.305882 0.317647
v -0.076295 0.162668 0.007940 0.309804 0.305882 0.317647
v -0.078305 0.163278 0.001929 0.309804 0.305882 0.317647
v -0.080528 0.164269 -0.004072 0.309804 0.305882 0.317647
v -0.082609 0.164903 -0.010035 0.309804 0.305882 0.317647
v -0.084910 0.165910 -0.015971 0.309804 0.305882 0.317647
v -0.087053 0.166545 -0.021800 0.309804 0.305882 0.317647
v -0.089424 0.167548 -0.027585 0.309804 0.305882 0.317647
v -0.091828 0.168541 -0.033271 0.309804 0.305882 0.317647
v -0.094052 0.169139 -0.038747 0.309804 0.305882 0.317647
v -0.096512 0.170096 -0.044158 0.309804 0.305882 0.317647
v -0.098997 0.171027 -0.049408 0.309804 0.305882 0.317647
v -0.101278 0.171541 -0.054356 0.309804 0.305882 0.317647
v -0.103801 0.172404 -0.059216 0.309804 0.305882 0.317647
v -0.106340 0.173227 -0.063862 0.309804 0.305882 0.317647
v -0.108893 0.174005 -0.068275 0.309804 0.305882 0.317647
v -0.111456 0.174733 -0.072440 0.309804 0.305882 0.317647
v -0.114024 0.175408 -0.076341 0.309804 0.305882 0.317647
v -0.116594 0.176024 -0.079964 0.309804 0.305882 0.317647
v -0.119163 0.176577 -0.083296 0.309804 0.305882 0.317647
v -0.122000 0.177464 -0.086520 0.309804 0.305882 0.317647
v -0.124558 0.177882 -0.089241 0.309804 0.305882 0.317647
v -0.127103 0.178226 -0.091637 0.309804 0.305882 0.317647
v -0.129920 0.178896 -0.093911 0.309804 0.305882 0.317647
v -0.132727 0.179486 -0.095852 0.309804 0.305882 0.317647
v -0.135215 0.179592 -0.097232 0.309804 0.305882 0.317647
v -0.137980 0.180014 -0.098480 0.309804 0.305882 0.317647
v -0.140720 0.180349 -0.099372 0.309804 0.305882 0.317647
v -0.143432 0.180592 -0.099905 0.309804 0.305882 0.317647
v -0.145786 0.180342 -0.099854 0.309804 0.305882 0.317647
v -0.148421 0.180398 -0.099659 0.309804 0.305882 0.317647
v -0.150680 0.179959 -0.098881 0.309804 0.305882 0.317647
v -0.153221 0.179822 -0.097959 0.309804 0.305882 0.317647
v -0.155712 0.179586 -0.096675 0.309804 0.305882 0.317647
v -0.157800 0.178855 -0.094822 0.309804 0.305882 0.317647
v -0.160173 0.178420 -0.092829 0.309804 0.305882 0.317647
v -0.162126 0.177493 -0.090289 0.309804 0.305882 0.317647
v -0.164366 0.176858 -0.087612 0.309804 0.305882 0.317647
v -0.166170 0.175736 -0.084418 0.309804 0.305882 0.317647
v -0.167893 0.174520 -0.080917 0.309804 0.305882 0.317647
v -0.169907 0.173591 -0.077291 0.309804 0.305882 0.317647
v -0.171464 0.172187 -0.073205 0.309804 0.305882 0.317647
v -0.173312 0.171067 -0.069004 0.309804 0.305882 0.317647
v -0.174693 0.169480 -0.064392 0.309804 0.305882 0.317647
v -0.175981 0.167809 -0.059545 0.309804 0.305882 0.317647
v -0.177563 0.166417 -0.054601 0.309804 0.305882 0.317647
v -0.178664 0.164578 -0.049327 0.309804 0.305882 0.317647
v -0.179668 0.162661 -0.043875 0.309804 0.305882 0.317647
v -0.180969 0.161021 -0.038346 0.309804 0.305882 0.317647
v -0.181779 0.158955 -0.032582 0.309804 0.305882 0.317647
v -0.182491 0.156821 -0.026699 0.309804 0.305882 0.317647
v -0.183504 0.154961 -0.020764 0.309804 0.305882 0.317647
v -0.184020 0.152698 -0.014696 0.309804 0.305882 0.317647
v -0.184439 0.150380 -0.008574 0.309804 0.305882 0.317647
v -0.185163 0.148332 -0.002426 0.309804 0.305882 0.317647
v -0.185391 0.145909 0.003749 0.309804 0.305882 0.317647
v -0.185524 0.143442 0.009910 0.309804 0.305882 0.317647
v -0.185969 0.141241 0.016071 0.309804 0.305882 0.317647
v -0.185920 0.138694 0.022151 0.309804 0.305882 0.317647
v -0.185784 0.136117 0.028150 0.309804 0.305882 0.317647
v -0.185562 0.133513 0.034047 0.309804 0.305882 0.317647
v -0.185660 0.131170 0.039907 0.309804 0.305882 0.317647
v -0.185276 0.128520 0.045547 0.309804 0.305882 0.317647
v -0.184817 0.125857 0.051022 0.309804 0.305882 0.317647
v -0.184684 0.123452 0.056432 0.309804 0.305882 0.317647
v -0.184083 0.120768 0.061527 0.309804 0.305882 0.317647
v -0.183418 0.118084 0.066398 0.309804 0.305882 0.317647
v -0.182693 0.115404 0.071028 0.309804 0.305882 0.317647
v -0.181913 0.112730 0.075399 0.309804 0.305882 0.317647
v -0.181473 0.110305 0.079667 0.309804 0.305882 0.317647
v -0.180594 0.107651 0.083483 0.309804 0.305882 0.317647
v -0.179675 0.105016 0.086995 0.309804 0.305882 0.317647
v -0.178720 0.102402 0.090190 0.309804 0.305882 0.317647
v -0.177735 0.099813 0.093057 0.309804 0.305882 0.317647
v -0.176725 0.097252 0.095586 0.309804 0.305882 0.317647
v -0.176073 0.094926 0.097977 0.309804 0.305882 0.317647
v -0.175027 0.092425 0.099806 0.309804 0.305882 0.317647
v -0.173973 0.089959 0.101272 0.309804 0.305882 0.317647
v -0.172916 0.087532 0.102369 0.309804 0.305882 0.317647
v -0.171861 0.085146 0.103094 0.309804 0.305882 0.317647
v -0.170814 0.082802 0.103443 0.309804 0.305882 0.317647
v -0.169782 0.080502 0.103416 0.309804 0.305882 0.317647
v -0.168769 0.078247 0.103013 0.309804 0.305882 0.317647
v -0.167780 0.076039 0.102235 0.309804 0.305882 0.317647
v -0.166822 0.073879 0.101085 0.309804 0.305882 0.317647
v -0.165900 0.071766 0.099567 0.309804 0.305882 0.317647
v -0.164663 0.069553 0.097477 0.309804 0.305882 0.317647
v -0.163828 0.067543 0.095246 0.309804 0.305882 0.317647
v -0.163044 0.065581 0.092668 0.309804 0.305882 0.317647
v -0.162315 0.063668 0.089754 0.309804 0.305882 0.317647
v -0.161645 0.061803 0.086512 0.309804 0.305882 0.317647
v -0.161039 0.059986 0.082956 0.309804 0.305882 0.317647
v -0.160501 0.058215 0.079098 0.309804 0.305882 0.317647
v -0.160035 0.056490 0.074952 0.309804 0.305882 0.317647
v -0.159644 0.054809 0.070534 0.309804 0.305882 0.317647
v -0.159332 0.053171 0.065858 0.309804 0.305882 0.317647
v -0.159101 0.051574 0.060944 0.309804 0.305882 0.317647
v -0.158955 0.050017 0.055807 0.309804 0.305882 0.317647
v -0.158896 0.048497 0.050467 0.309804 0.305882 0.317647
v -0.158926 0.047012 0.044944 0.309804 0.305882 0.317647
v -0.159389 0.045659 0.039342 0.309804 0.305882 0.317647
v -0.159604 0.044235 0.033500 0.309804 0.305882 0.317647
v -0.159912 0.042839 0.027535 0.309804 0.305882 0.317647
v -0.160315 0.041469 0.021471 0.309804 0.305882 0.317647
v -0.161159 0.040209 0.015361 0.309804 0.305882 0.317647
v -0.161755 0.038879 0.009150 0.309804 0.305882 0.317647
v -0.162447 0.037568 0.002905 0.309804 0.305882 0.317647
v -0.163234 0.036270 -0.003351 0.309804 0.305882 0.317647
v -0.164116 0.034985 -0.009595 0.309804 0.305882 0.317647
v -0.165091 0.033708 -0.015804 0.309804 0.305882 0.317647
v -0.166516 0.032507 -0.022002 0.309804 0.305882 0.317647
v -0.167676 0.031236 -0.028087 0.309804 0.305882 0.317647
v -0.169287 0.030029 -0.034142 0.309804 0.305882 0.317647
v -0.170625 0.028752 -0.040013 0.309804 0.305882 0.317647
v -0.172414 0.027528 -0.045836 0.309804 0.305882 0.317647
v -0.173920 0.026233 -0.051407 0.309804 0.305882 0.317647
v -0.175877 0.024980 -0.056912 0.309804 0.305882 0.317647
v -0.177914 0.023707 -0.062232 0.309804 0.305882 0.317647
v -0.180029 0.022411 -0.067347 0.309804 0.305882 0.317647
v -0.182217 0.021090 -0.072238 0.309804 0.305882 0.317647
v -0.184086 0.019700 -0.076723 0.309804 0.305882 0.317647
v -0.186405 0.018325 -0.081100 0.309804 0.305882 0.317647
v -0.188784 0.016917 -0.085199 0.309804 0.305882 0.317647
v -0.190818 0.015442 -0.088817 0.309804 0.305882 0.317647
v -0.193298 0.013967 -0.092306 0.309804 0.305882 0.317647
v -0.195414 0.012428 -0.095272 0.309804 0.305882 0.317647
v -0.197975 0.010878 -0.098097 0.309804 0.305882 0.317647
v -0.200150 0.009268 -0.100364 0.309804 0.305882 0.317647
v -0.202768 0.007638 -0.102481 0.309804 0.305882 0.317647
v -0.204979 0.005953 -0.104015 0.309804 0.305882 0.317647
v -0.207196 0.004230 -0.105170 0.309804 0.305882 0.317647
v -0.209414 0.002470 -0.105942 0.309804 0.305882 0.317647
v -0.211183 0.000671 -0.106107 0.309804 0.305882 0.317647
v -0.212483 -0.001157 -0.105662 0.309804 0.305882 0.317647
v -0.214649 -0.003019 -0.105278 0.309804 0.305882 0.317647
v -0.216333 -0.004908 -0.104291 0.309804 0.305882 0.317647
v -0.218438 -0.006840 -0.103145 0.309804 0.305882 0.317647
v -0.220505 -0.008807 -0.101624 0.309804 0.305882 0.317647
v -0.222059 -0.010787 -0.099523 0.309804 0.305882 0.317647
v -0.224028 -0.012819 -0.097275 0.309804 0.305882 0.317647
v -0.225464 -0.014852 -0.094472 0.309804 0.305882 0.317647
v -0.227312 -0.016942 -0.091531 0.309804 0.305882 0.317647
v -0.228608 -0.019021 -0.088070 0.309804 0.305882 0.317647
v -0.230313 -0.021163 -0.084482 0.309804 0.305882 0.317647
v -0.231940 -0.023330 -0.080587 0.309804 0.305882 0.317647
v -0.232988 -0.025466 -0.076237 0.309804 0.305882 0.317647
v -0.234442 -0.027671 -0.071780 0.309804 0.305882 0.317647
v -0.235803 -0.029894 -0.067062 0.309804 0.305882 0.317647
v -0.236563 -0.032064 -0.061967 0.309804 0.305882 0.317647
v -0.237724 -0.034310 -0.056790 0.309804 0.305882 0.317647
v -0.238781 -0.036566 -0.051407 0.309804 0.305882 0.317647
v -0.239730 -0.038828 -0.045836 0.309804 0.305882 0.317647
v -0.240567 -0.041094 -0.040098 0.309804 0.305882 0.317647
v -0.241290 -0.043361 -0.034215 0.309804 0.305882 0.317647
v -0.241896 -0.045625 -0.028207 0.309804 0.305882 0.317647
v -0.242899 -0.047985 -0.022143 0.309804 0.305882 0.317647
v -0.243265 -0.050239 -0.015939 0.309804 0.305882 0.317647
v -0.244025 -0.052593 -0.009698 0.309804 0.305882 0.317647
v -0.244143 -0.054824 -0.003387 0.309804 0.305882 0.317647
v -0.244653 -0.057158 0.002942 0.309804 0.305882 0.317647
v -0.244517 -0.059353 0.009267 0.309804 0.305882 0.317647
v -0.244772 -0.061654 0.015592 0.309804 0.305882 0.317647
v -0.244380 -0.063800 0.021840 0.309804 0.305882 0.317647
v -0.244377 -0.066054 0.028068 0.309804 0.305882 0.317647
v -0.243730 -0.068139 0.034148 0.309804 0.305882 0.317647
v -0.243470 -0.070335 0.040188 0.309804 0.305882 0.317647
v -0.242570 -0.072347 0.046009 0.309804 0.305882 0.317647
v -0.241548 -0.074315 0.051663 0.309804 0.305882 0.317647
v -0.240910 -0.076398 0.057250 0.309804 0.305882 0.317647
v -0.239644 -0.078277 0.062519 0.309804 0.305882 0.317647
v -0.238763 -0.080274 0.067703 0.309804 0.305882 0.317647
v -0.237761 -0.082226 0.072661 0.309804 0.305882 0.317647
v -0.236149 -0.083954 0.077212 0.309804 0.305882 0.317647
v -0.234919 -0.085806 0.081653 0.309804 0.305882 0.317647
v -0.233092 -0.087423 0.085636 0.309804 0.305882 0.317647
v -0.231166 -0.088982 0.089307 0.309804 0.305882 0.317647
v -0.229622 -0.090668 0.092846 0.309804 0.305882 0.317647
v -0.227505 -0.092107 0.095861 0.309804 0.305882 0.317647
v -0.225302 -0.093484 0.098527 0.309804 0.305882 0.317647
v -0.223017 -0.094798 0.100835 0.309804 0.305882 0.317647
v -0.220656 -0.096049 0.102776 0.309804 0.305882 0.317647
v -0.218225 -0.097236 0.104343 0.309804 0.305882 0.317647
v -0.215728 -0.098362 0.105530 0.309804 0.305882 0.317647
v -0.213171 -0.099424 0.106333 0.309804 0.305882 0.317647
v -0.210560 -0.100425 0.106750 0.309804 0.305882 0.317647
v -0.208333 -0.101577 0.107000 0.309804 0.305882 0.317647
v -0.205625 -0.102460 0.106638 0.309804 0.305882 0.317647
v -0.202880 -0.103285 0.105889 0.309804 0.305882 0.317647
v -0.200104 -0.104053 0.104754 0.309804 0.305882 0.317647
v -0.197302 -0.104767 0.103238 0.309804 0.305882 0.317647
v -0.194482 -0.105429 0.101346 0.309804 0.305882 0.317647
v -0.191649 -0.106040 0.099085 0.309804 0.305882 0.317647
v -0.189200 -0.106826 0.096664 0.309804 0.305882 0.317647
v -0.186351 -0.107346 0.093686 0.309804 0.305882 0.317647
v -0.183506 -0.107824 0.090367 0.309804 0.305882 0.317647
v -0.181046 -0.108488 0.086899 0.309804 0.305882 0.317647
v -0.178220 -0.108893 0.082927 0.309804 0.305882 0.317647
v -0.175777 -0.109493 0.078816 0.309804 0.305882 0.317647
v -0.174064 -0.110518 0.074707 0.309804 0.305882 0.317647
v -0.187811 -0.121530 0.076572 0.309804 0.305882 0.317647
v -0.185503 -0.122317 0.071221 0.309804 0.305882 0.317647
v -0.182197 -0.122402 0.065201 0.309804 0.305882 0.317647
v -0.178951 -0.122472 0.058967 0.309804 0.305882 0.317647
v -0.175769 -0.122532 0.052541 0.309804 0.305882 0.317647
v -0.172657 -0.122586 0.045948 0.309804 0.305882 0.317647
v -0.169618 -0.122639 0.039213 0.309804 0.305882 0.317647
v -0.166340 -0.122465 0.032299 0.309804 0.305882 0.317647
v -0.163461 -0.122531 0.025368 0.309804 0.305882 0.317647
v -0.160664 -0.122610 0.018370 0.309804 0.305882 0.317647
v -0.157652 -0.122475 0.011310 0.309804 0.305882 0.317647
v -0.155031 -0.122595 0.004270 0.309804 0.305882 0.317647
v -0.152207 -0.122508 -0.002753 0.309804 0.305882 0.317647
v -0.149768 -0.122688 -0.009731 0.309804 0.305882 0.317647
v -0.147137 -0.122667 -0.016615 0.309804 0.305882 0.317647
v -0.144884 -0.122921 -0.023431 0.309804 0.305882 0.317647
v -0.142448 -0.122982 -0.030078 0.309804 0.305882 0.317647
v -0.140111 -0.123089 -0.036563 0.309804 0.305882 0.317647
v -0.138141 -0.123485 -0.042948 0.309804 0.305882 0.317647
v -0.136262 -0.123936 -0.049151 0.309804 0.305882 0.317647
v -0.134210 -0.124201 -0.055044 0.309804 0.305882 0.317647
v -0.132514 -0.124769 -0.060809 0.309804 0.305882 0.317647
v -0.130647 -0.125153 -0.066200 0.309804 0.305882 0.317647
v -0.129125 -0.125849 -0.071447 0.309804 0.305882 0.317647
v -0.127688 -0.126612 -0.076414 0.309804 0.305882 0.317647
v -0.126331 -0.127445 -0.081083 0.309804 0.305882 0.317647
v -0.125053 -0.128350 -0.085438 0.309804 0.305882 0.317647
v -0.123605 -0.129070 -0.089287 0.309804 0.305882 0.317647
v -0.122478 -0.130120 -0.092965 0.309804 0.305882 0.317647
v -0.121420 -0.131244 -0.096289 0.309804 0.305882 0.317647
v -0.120429 -0.132444 -0.099250 0.309804 0.305882 0.317647
v -0.119500 -0.133720 -0.101838 0.309804 0.305882 0.317647
v -0.118630 -0.135071 -0.104045 0.309804 0.305882 0.317647
v -0.117815 -0.136498 -0.105864 0.309804 0.305882 0.317647
v -0.117287 -0.138278 -0.107508 0.309804 0.305882 0.317647
v -0.116569 -0.139856 -0.108541 0.309804 0.305882 0.317647
v -0.115893 -0.141507 -0.109174 0.309804 0.305882 0.317647
v -0.115255 -0.143228 -0.109408 0.309804 0.305882 0.317647
v -0.114884 -0.145314 -0.109465 0.309804 0.305882 0.317647
v -0.114308 -0.147175 -0.108902 0.309804 0.305882 0.317647
v -0.113989 -0.149405 -0.108165 0.309804 0.305882 0.317647
v -0.113458 -0.151396 -0.106817 0.309804 0.305882 0.317647
v -0.113173 -0.153760 -0.105300 0.309804 0.305882 0.317647
v -0.112899 -0.156189 -0.103400 0.309804 0.305882 0.317647
v -0.112400 -0.158356 -0.100917 0.309804 0.305882 0.317647
v -0.112133 -0.160899 -0.098278 0.309804 0.305882 0.317647
v -0.111863 -0.163497 -0.095282 0.309804 0.305882 0.317647
v -0.111585 -0.166146 -0.091938 0.309804 0.305882 0.317647
v -0.111296 -0.168841 -0.088260 0.309804 0.305882 0.317647
v -0.110991 -0.171577 -0.084261 0.309804 0.305882 0.317647
v -0.110666 -0.174350 -0.079956 0.309804 0.305882 0.317647
v -0.110316 -0.177156 -0.075359 0.309804 0.305882 0.317647
v -0.110164 -0.180356 -0.070632 0.309804 0.305882 0.317647
v -0.109755 -0.183216 -0.065494 0.309804 0.305882 0.317647
v -0.109310 -0.186092 -0.060118 0.309804 0.305882 0.317647
v -0.109271 -0.189750 -0.054745 0.309804 0.305882 0.317647
v -0.108744 -0.192654 -0.048928 0.309804 0.305882 0.317647
v -0.108392 -0.195956 -0.043020 0.309804 0.305882 0.317647
v -0.107771 -0.198859 -0.036856 0.309804 0.305882 0.317647
v -0.107316 -0.202160 -0.030620 0.309804 0.305882 0.317647
v -0.106805 -0.205453 -0.024247 0.309804 0.305882 0.317647
v -0.106022 -0.208314 -0.017724 0.309804 0.305882 0.317647
v -0.105393 -0.211571 -0.011159 0.309804 0.305882 0.317647
v -0.104492 -0.214370 -0.004518 0.309804 0.305882 0.317647
v -0.103737 -0.217565 0.002145 0.309804 0.305882 0.317647
v -0.102710 -0.220279 0.008808 0.309804 0.305882 0.317647
v -0.101824 -0.223387 0.015470 0.309804 0.305882 0.317647
v -0.100667 -0.225992 0.022059 0.309804 0.305882 0.317647
v -0.099645 -0.228988 0.028624 0.309804 0.305882 0.317647
v -0.098355 -0.231459 0.035041 0.309804 0.305882 0.317647
v -0.097000 -0.233852 0.041330 0.309804 0.305882 0.317647
v -0.095580 -0.236162 0.047469 0.309804 0.305882 0.317647
v -0.094095 -0.238383 0.053435 0.309804 0.305882 0.317647
v -0.092731 -0.240993 0.059325 0.309804 0.305882 0.317647
v -0.091116 -0.243027 0.064892 0.309804 0.305882 0.317647
v -0.089439 -0.244957 0.070224 0.309804 0.305882 0.317647
v -0.087701 -0.246780 0.075299 0.309804 0.305882 0.317647
v -0.085903 -0.248492 0.080101 0.309804 0.305882 0.317647
v -0.084049 -0.250089 0.084611 0.309804 0.305882 0.317647
v -0.082139 -0.251566 0.088813 0.309804 0.305882 0.317647
v -0.080015 -0.252417 0.092507 0.309804 0.305882 0.317647
v -0.078005 -0.253646 0.096042 0.309804 0.305882 0.317647
v -0.075947 -0.254748 0.099227 0.309804 0.305882 0.317647
v -0.073843 -0.255721 0.102051 0.309804 0.305882 0.317647
v -0.071552 -0.256049 0.104295 0.309804 0.305882 0.317647
v -0.069370 -0.256757 0.106363 0.309804 0.305882 0.317647
v -0.067016 -0.256815 0.107828 0.309804 0.305882 0.317647
v -0.064768 -0.257255 0.109114 0.309804 0.305882 0.317647
v -0.062363 -0.257042 0.109781 0.309804 0.305882 0.317647
v -0.059941 -0.256694 0.110046 0.309804 0.305882 0.317647
v -0.057505 -0.256213 0.109910 0.309804 0.305882 0.317647
v -0.055058 -0.255599 0.109374 0.309804 0.305882 0.317647
v -0.052603 -0.254854 0.108442 0.309804 0.305882 0.317647
v -0.050145 -0.253981 0.107119 0.309804 0.305882 0.317647
v -0.047686 -0.252982 0.105412 0.309804 0.305882 0.317647
v -0.045231 -0.251860 0.103328 0.309804 0.305882 0.317647
v -0.042782 -0.250618 0.100876 0.309804 0.305882 0.317647
v -0.040342 -0.249259 0.098068 0.309804 0.305882 0.317647
v -0.037838 -0.247278 0.094718 0.309804 0.305882 0.317647
v -0.035432 -0.245700 0.091238 0.309804 0.305882 0.317647
v -0.032977 -0.243513 0.087260 0.309804 0.305882 0.317647
v -0.030617 -0.241734 0.083168 0.309804 0.305882 0.317647
v -0.028223 -0.239361 0.078626 0.309804 0.305882 0.317647
v -0.025866 -0.236905 0.073834 0.309804 0.305882 0.317647
v -0.023597 -0.234865 0.068957 0.309804 0.305882 0.317647
v -0.021315 -0.232256 0.063715 0.309804 0.305882 0.317647
v -0.019075 -0.229582 0.058284 0.309804 0.305882 0.317647
v -0.016881 -0.226848 0.052685 0.309804 0.305882 0.317647
v -0.014733 -0.224062 0.046941 0.309804 0.305882 0.317647
v -0.012633 -0.221229 0.041074 0.309804 0.305882 0.317647
v -0.010582 -0.218357 0.035107 0.309804 0.305882 0.317647
v -0.008581 -0.215451 0.029062 0.309804 0.305882 0.317647
v -0.006630 -0.212518 0.022963 0.309804 0.305882 0.317647
v -0.004741 -0.210022 0.016870 0.309804 0.305882 0.317647
v -0.002888 -0.207051 0.010718 0.309804 0.305882 0.317647
v -0.001088 -0.204073 0.004580 0.309804 0.305882 0.317647
v 0.000661 -0.201094 -0.001521 0.309804 0.305882 0.317647
v 0.002365 -0.198559 -0.007579 0.309804 0.305882 0.317647
v 0.004016 -0.195592 -0.013553 0.309804 0.305882 0.317647
v 0.005629 -0.193072 -0.019468 0.309804 0.305882 0.317647
v 0.007184 -0.190141 -0.025230 0.309804 0.305882 0.317647
v 0.008692 -0.187239 -0.030848 0.309804 0.305882 0.317647
v 0.010175 -0.184788 -0.036384 0.309804 0.305882 0.317647
v 0.011592 -0.181956 -0.041669 0.309804 0.305882 0.317647
v 0.012996 -0.179576 -0.046860 0.309804 0.305882 0.317647
v 0.014330 -0.176835 -0.051740 0.309804 0.305882 0.317647
v 0.015660 -0.174546 -0.056514 0.309804 0.305882 0.317647
v 0.016958 -0.172308 -0.061061 0.309804 0.305882 0.317647
v 0.018183 -0.169735 -0.065215 0.309804 0.305882 0.317647
v 0.019418 -0.167615 -0.069251 0.309804 0.305882 0.317647
v 0.020675 -0.165940 -0.073186 0.309804 0.305882 0.317647
v 0.022014 -0.165082 -0.077207 0.309804 0.305882 0.317647
v 0.023296 -0.163897 -0.080796 0.309804 0.305882 0.317647
v 0.024681 -0.163517 -0.084489 0.309804 0.305882 0.317647
v 0.026013 -0.162819 -0.087717 0.309804 0.305882 0.317647
v 0.027470 -0.162914 -0.091058 0.309804 0.305882 0.317647
v 0.028879 -0.162702 -0.093902 0.309804 0.305882 0.317647
v 0.030233 -0.162196 -0.096218 0.309804 0.305882 0.317647
v 0.031598 -0.161764 -0.098199 0.309804 0.305882 0.317647
v 0.032976 -0.161410 -0.099835 0.309804 0.305882 0.317647
v 0.034294 -0.160784 -0.100896 0.309804 0.305882 0.317647
v 0.035626 -0.160245 -0.101593 0.309804 0.305882 0.317647
v 0.036974 -0.159796 -0.101921 0.309804 0.305882 0.317647
v 0.038758 -0.161172 -0.102986 0.309804 0.305882 0.317647
v 0.041284 -0.165392 -0.105429 0.309804 0.305882 0.317647
v 0.044892 -0.173467 -0.109838 0.309804 0.305882 0.317647
v 0.046734 -0.174376 -0.109199 0.309804 0.305882 0.317647
v 0.048342 -0.174354 -0.107500 0.309804 0.305882 0.317647
v 0.049987 -0.174433 -0.105403 0.309804 0.305882 0.317647
v 0.051671 -0.174613 -0.102912 0.309804 0.305882 0.317647
v 0.053398 -0.174893 -0.100035 0.309804 0.305882 0.317647
v 0.055169 -0.175272 -0.096781 0.309804 0.305882 0.317647
v 0.056877 -0.175405 -0.092980 0.309804 0.305882 0.317647
v 0.058742 -0.175974 -0.089013 0.309804 0.305882 0.317647
v 0.060778 -0.176979 -0.084871 0.309804 0.305882 0.317647
v 0.063118 -0.178763 -0.080694 0.309804 0.305882 0.317647
v 0.065412 -0.180293 -0.076002 0.309804 0.305882 0.317647
v 0.068037 -0.182604 -0.071242 0.309804 0.305882 0.317647
v 0.070886 -0.185351 -0.066240 0.309804 0.305882 0.317647
v 0.073701 -0.187840 -0.060752 0.309804 0.305882 0.317647
v 0.076752 -0.190764 -0.055027 0.309804 0.305882 0.317647
v 0.079765 -0.193420 -0.048870 0.309804 0.305882 0.317647
v 0.082729 -0.195801 -0.042336 0.309804 0.305882 0.317647
v 0.085633 -0.197896 -0.035484 0.309804 0.305882 0.317647
v 0.088463 -0.199695 -0.028374 0.309804 0.305882 0.317647
v 0.091206 -0.201186 -0.021072 0.309804 0.305882 0.317647
v 0.094352 -0.203443 -0.013715 0.309804 0.305882 0.317647
v 0.097410 -0.205381 -0.006217 0.309804 0.305882 0.317647
v 0.100011 -0.206255 0.001350 0.309804 0.305882 0.317647
v 0.078559 -0.158521 0.006799 0.309804 0.305882 0.317647
v 0.076443 -0.150966 0.011872 0.309804 0.305882 0.317647
v 0.078753 -0.152260 0.017307 0.309804 0.305882 0.317647
v 0.080910 -0.153182 0.022650 0.309804 0.305882 0.317647
v 0.083304 -0.154476 0.027980 0.309804 0.305882 0.317647
v 0.085738 -0.155762 0.033232 0.309804 0.305882 0.317647
v 0.087996 -0.156656 0.038296 0.309804 0.305882 0.317647
v 0.090500 -0.157912 0.043325 0.309804 0.305882 0.317647
v 0.092813 -0.158761 0.048104 0.309804 0.305882 0.317647
v 0.095376 -0.159967 0.052835 0.309804 0.305882 0.317647
v 0.097731 -0.160752 0.057258 0.309804 0.305882 0.317647
v 0.100100 -0.161498 0.061472 0.309804 0.305882 0.317647
v 0.102480 -0.162199 0.065462 0.309804 0.305882 0.317647
v 0.104867 -0.162852 0.069214 0.309804 0.305882 0.317647
v 0.107257 -0.163453 0.072714 0.309804 0.305882 0.317647
v 0.109382 -0.163600 0.075766 0.309804 0.305882 0.317647
v 0.111763 -0.164083 0.078718 0.309804 0.305882 0.317647
v 0.114137 -0.164503 0.081384 0.309804 0.305882 0.317647
v 0.116217 -0.164456 0.083550 0.309804 0.305882 0.317647
v 0.118559 -0.164740 0.085609 0.309804 0.305882 0.317647
v 0.120587 -0.164548 0.087145 0.309804 0.305882 0.317647
v 0.122882 -0.164684 0.088572 0.309804 0.305882 0.317647
v 0.124845 -0.164339 0.089457 0.309804 0.305882 0.317647
v 0.127077 -0.164318 0.090233 0.309804 0.305882 0.317647
v 0.128958 -0.163813 0.090459 0.309804 0.305882 0.317647
v 0.130791 -0.163227 0.090355 0.309804 0.305882 0.317647
v 0.132899 -0.162958 0.090143 0.309804 0.305882 0.317647
v 0.134629 -0.162205 0.089383 0.309804 0.305882 0.317647
v 0.136300 -0.161367 0.088302 0.309804 0.305882 0.317647
v 0.137909 -0.160446 0.086904 0.309804 0.305882 0.317647
v 0.139800 -0.159837 0.085408 0.309804 0.305882 0.317647
v 0.141281 -0.158747 0.083394 0.309804 0.305882 0.317647
v 0.142691 -0.157575 0.081087 0.309804 0.305882 0.317647
v 0.144028 -0.156321 0.078495 0.309804 0.305882 0.317647
v 0.145653 -0.155374 0.075820 0.309804 0.305882 0.317647
v 0.146840 -0.153958 0.072687 0.309804 0.305882 0.317647
v 0.147947 -0.152465 0.069305 0.309804 0.305882 0.317647
v 0.148973 -0.150897 0.065688 0.309804 0.305882 0.317647
v 0.149915 -0.149255 0.061849 0.309804 0.305882 0.317647
v 0.150773 -0.147542 0.057804 0.309804 0.305882 0.317647
v 0.151546 -0.145761 0.053570 0.309804 0.305882 0.317647
v 0.152232 -0.143914 0.049161 0.309804 0.305882 0.317647
v 0.152441 -0.141642 0.044482 0.309804 0.305882 0.317647
v 0.152950 -0.139677 0.039790 0.309804 0.305882 0.317647
v 0.153372 -0.137655 0.034976 0.309804 0.305882 0.317647
v 0.153706 -0.135580 0.030060 0.309804 0.305882 0.317647
v 0.153954 -0.133456 0.025059 0.309804 0.305882 0.317647
v 0.154115 -0.131285 0.019993 0.309804 0.305882 0.317647
v 0.154190 -0.129072 0.014880 0.309804 0.305882 0.317647
v 0.154182 -0.126820 0.009739 0.309804 0.305882 0.317647
v 0.154492 -0.124858 0.004602 0.309804 0.305882 0.317647
v 0.154722 -0.122854 -0.000552 0.309804 0.305882 0.317647
v 0.154872 -0.120812 -0.005705 0.309804 0.305882 0.317647
v 0.154945 -0.118736 -0.010837 0.309804 0.305882 0.317647
v 0.155749 -0.117235 -0.016012 0.309804 0.305882 0.317647
v 0.156477 -0.115684 -0.021181 0.309804 0.305882 0.317647
v 0.194969 -0.141560 -0.032666 0.309804 0.305882 0.317647
v 0.221223 -0.157729 -0.044081 0.309804 0.305882 0.317647
v 0.221616 -0.155146 -0.051070 0.309804 0.305882 0.317647
v 0.221512 -0.152247 -0.057818 0.309804 0.305882 0.317647
v 0.220918 -0.149053 -0.064262 0.309804 0.305882 0.317647
v 0.220241 -0.145851 -0.070473 0.309804 0.305882 0.317647
v 0.219484 -0.142645 -0.076428 0.309804 0.305882 0.317647
v 0.218259 -0.139189 -0.081956 0.309804 0.305882 0.317647
v 0.216967 -0.135750 -0.087165 0.309804 0.305882 0.317647
v 0.215617 -0.132334 -0.092039 0.309804 0.305882 0.317647
v 0.214212 -0.128944 -0.096560 0.309804 0.305882 0.317647
v 0.212760 -0.125586 -0.100713 0.309804 0.305882 0.317647
v 0.211653 -0.122485 -0.104676 0.309804 0.305882 0.317647
v 0.210506 -0.119413 -0.108257 0.309804 0.305882 0.317647
v 0.208946 -0.116159 -0.111241 0.309804 0.305882 0.317647
v 0.207363 -0.112951 -0.113810 0.309804 0.305882 0.317647
v 0.205765 -0.109792 -0.115955 0.309804 0.305882 0.317647
v 0.204158 -0.106685 -0.117670 0.309804 0.305882 0.317647
v 0.202549 -0.103632 -0.118951 0.309804 0.305882 0.317647
v 0.200945 -0.100636 -0.119794 0.309804 0.305882 0.317647
v 0.199351 -0.097698 -0.120199 0.309804 0.305882 0.317647
v 0.197775 -0.094821 -0.120164 0.309804 0.305882 0.317647
v 0.196223 -0.092005 -0.119692 0.309804 0.305882 0.317647
v 0.194701 -0.089253 -0.118787 0.309804 0.305882 0.317647
v 0.193574 -0.086725 -0.117671 0.309804 0.305882 0.317647
v 0.192485 -0.084254 -0.116127 0.309804 0.305882 0.317647
v 0.191085 -0.081686 -0.113948 0.309804 0.305882 0.317647
v 0.189738 -0.079183 -0.111363 0.309804 0.305882 0.317647
v 0.188450 -0.076745 -0.108382 0.309804 0.305882 0.317647
v 0.187577 -0.074512 -0.105214 0.309804 0.305882 0.317647
v 0.186421 -0.072199 -0.101474 0.309804 0.305882 0.317647
v 0.185687 -0.070080 -0.097561 0.309804 0.305882 0.317647
v 0.184682 -0.067888 -0.093118 0.309804 0.305882 0.317647
v 0.184104 -0.065880 -0.088519 0.309804 0.305882 0.317647
v 0.183267 -0.063804 -0.083441 0.309804 0.305882 0.317647
v 0.182520 -0.061785 -0.078078 0.309804 0.305882 0.317647
v 0.182209 -0.059934 -0.072588 0.309804 0.305882 0.317647
v 0.181993 -0.058130 -0.066834 0.309804 0.305882 0.317647
v 0.181876 -0.056369 -0.060837 0.309804 0.305882 0.317647
v 0.181517 -0.054547 -0.054516 0.309804 0.305882 0.317647
v 0.181603 -0.052870 -0.048110 0.309804 0.305882 0.317647
v 0.179051 -0.050457 -0.040903 0.309804 0.305882 0.317647
v 0.179345 -0.048874 -0.034273 0.309804 0.305882 0.317647
v 0.179400 -0.047232 -0.027466 0.309804 0.305882 0.317647
v 0.178525 -0.045359 -0.020466 0.309804 0.305882 0.317647
v 0.178440 -0.043704 -0.013550 0.309804 0.305882 0.317647
v 0.178804 -0.042163 -0.006651 0.309804 0.305882 0.317647
v 0.179271 -0.040645 0.000246 0.309804 0.305882 0.317647
v 0.179137 -0.038995 0.007087 0.309804 0.305882 0.317647
v 0.179801 -0.037519 0.013876 0.309804 0.305882 0.317647
v 0.177365 -0.035419 0.020224 0.309804 0.305882 0.317647
v 0.138866 -0.026489 0.020819 0.309804 0.305882 0.317647
v 0.139148 -0.025302 0.025702 0.309804 0.305882 0.317647
v 0.140579 -0.024312 0.030677 0.309804 0.305882 0.317647
v 0.142453 -0.023374 0.035657 0.309804 0.305882 0.317647
v 0.144038 -0.022361 0.040453 0.309804 0.305882 0.317647
v 0.145323 -0.021279 0.045010 0.309804 0.305882 0.317647
v 0.147046 -0.020239 0.049529 0.309804 0.305882 0.317647
v 0.148837 -0.019180 0.053891 0.309804 0.305882 0.317647
v 0.150308 -0.018054 0.057930 0.309804 0.305882 0.317647
v 0.152219 -0.016954 0.061915 0.309804 0.305882 0.317647
v 0.154188 -0.015829 0.065694 0.309804 0.305882 0.317647
v 0.156210 -0.014677 0.069252 0.309804 0.305882 0.317647
v 0.158282 -0.013496 0.072575 0.309804 0.305882 0.317647
v 0.159995 -0.012254 0.075458 0.309804 0.305882 0.317647
v 0.162150 -0.011014 0.078263 0.309804 0.305882 0.317647
v 0.163928 -0.009716 0.080594 0.309804 0.305882 0.317647
v 0.166147 -0.008411 0.082839 0.309804 0.305882 0.317647
v 0.167971 -0.007053 0.084579 0.309804 0.305882 0.317647
v 0.170234 -0.005678 0.086228 0.309804 0.305882 0.317647
v 0.172083 -0.004255 0.087351 0.309804 0.305882 0.317647
v 0.173936 -0.002801 0.088156 0.309804 0.305882 0.317647
v 0.175785 -0.001316 0.088640 0.309804 0.305882 0.317647
f 30 699 29
f 17 107 106
f 341 340 561
f 341 342 562
f 341 561 562
f 341 340 561
f 341 390 391
f 341 340 390
f 341 387 342
f 341 340 387
f 564 342 562
f 564 566 574
f 370 364 361
f 370 371 361
f 299 208 300
f 299 298 208
f 299 393 300
f 299 298 393
f 105 3 104
f 105 106 208
f 105 104 208
f 105 17 106
f 103 3 104
f 103 104 208
f 103 101 202
f 5 103 105
f 583 676 584
f 18 17 107
f 18 105 107
f 18 105 107
f 18 105 17
f 110 18 17
f 110 18 107
f 110 107 19
f 569 575 574
f 569 583 575
f 344 564 342
f 344 564 342
f 417 520 416
f 417 412 327
f 514 412 515
f 268 365 367
f 268 364 267
f 268 365 364
f 363 364 267
f 363 268 364
f 392 340 391
f 392 299 298
f 445 446 341
f 445 446 341
f 445 446 387
f 328 299 329
f 522 105 209
f 632 16 658
f 632 631 16
f 632 2 16
f 632 631 2
f 273 365 364
f 273 365 364
f 273 365 367
f 273 365 271
f 273 370 275
f 273 370 271
f 477 561 562
f 656 698 699
f 656 698 699
f 656 698 574
f 640 3 2
f 369 268 367
f 369 273 271
f 369 273 370
f 369 273 367
f 369 273 370
f 369 278 370
f 369 370 371
f 369 363 370
f 369 365 364
f 369 365 370
f 369 365 370
f 695 30 29
f 695 656 698
f 57 575 682
f 57 56 575
f 54 679 53
f 678 682 35
f 678 679 53
f 678 583 584
f 678 583 679
f 681 54 53
f 681 56 575
f 691 54 56
f 687 54 53
f 687 54 686
f 687 39 686
f 687 57 56
f 687 57 686
f 687 57 688
f 687 57 686
f 687 575 688
f 687 686 575
f 276 370 275
f 276 278 370
f 276 369 370
f 276 369 278
f 276 369 367
f 276 369 278
f 276 365 367
f 276 278 365
f 276 365 364
f 276 363 364
f 287 341 340
f 287 341 288
f 287 384 383
f 339 340 387
f 339 294 387
f 339 294 340
f 339 340 390
f 339 392 340
f 339 287 340
f 339 392 340
f 339 445 446
f 411 514 412
f 158 57 157
f 158 57 574
f 158 57 575
f 158 57 56
f 158 57 56
f 158 681 56
f 22 659 21
f 27 25 663
f 27 25 663
f 27 663 26
f 567 477 566
f 567 569 566
f 563 477 562
f 563 477 564
f 563 463 564
f 706 18 17
f 706 17 16
f 706 18 17
f 706 18 19
f 706 19 20
f 109 17 107
f 109 110 17
f 109 110 17
f 570 569 575
f 345 344 564
f 345 446 387
f 345 445 344
f 345 445 446
f 345 445 446
f 345 384 383
f 345 287 344
f 345 282 344
f 335 397 336
f 335 336 393
f 335 392 336
f 401 400 402
f 401 328 327
f 401 328 400
f 401 328 329
f 401 328 400
f 418 419 314
f 418 522 209
f 418 522 419
f 418 522 419
f 418 419 520
f 418 417 520
f 418 419 520
f 418 417 416
f 418 517 416
f 418 517 515
f 418 514 419
f 418 514 515
f 418 419 417
f 422 417 412
f 453 384 383
f 662 663 26
f 662 25 26
f 662 25 663
f 270 370 271
f 270 369 370
f 270 369 268
f 270 369 271
f 270 369 268
f 270 365 271
f 270 268 365
f 270 365 364
f 270 268 365
f 270 363 364
f 289 345 344
f 289 341 288
f 289 341 340
f 289 339 340
f 389 390 391
f 389 341 342
f 389 341 390
f 389 445 446
f 389 445 446
f 389 445 387
f 389 341 340
f 389 341 340
f 389 339 340
f 389 339 340
f 389 294 390
f 426 328 327
f 426 427 328
f 426 328 424
f 426 427 328
f 426 522 427
f 426 427 520
f 429 427 328
f 429 427 328
f 274 363 364
f 274 273 364
f 274 273 363
f 302 208 300
f 210 419 314
f 210 103 104
f 210 522 419
f 210 105 104
f 210 522 105
f 210 522 105
f 469 678 365
f 469 678 679
f 459 564 346
f 669 583 670
f 669 687 688
f 669 691 693
f 386 287 288
f 386 446 387
f 386 341 340
f 386 345 387
f 386 345 344
f 582 563 578
f 582 669 581
f 582 669 583
f 582 581 676
f 582 583 676
f 582 684 575
f 582 678 581
f 582 678 583
f 582 678 679
f 582 678 583
f 580 669 581
f 580 581 676
f 580 678 581
f 580 678 679
f 580 567 578
f 599 598 659
f 599 522 520
f 607 328 327
f 657 656 699
f 657 660 659
f 657 599 598
f 657 662 695
f 713 607 328
f 713 328 329
f 265 365 364
f 265 363 364
f 265 365 367
f 265 260 267
f 362 265 361
f 362 265 363
f 362 267 361
f 362 363 267
f 362 268 267
f 362 363 268
f 362 369 370
f 362 369 363
f 362 270 271
f 362 270 363
f 362 370 364
f 362 363 370
f 362 282 364
f 362 282 363
f 362 274 273
f 362 274 273
f 362 274 275
f 362 274 363
f 362 276 275
f 362 276 363
f 261 265 260
f 261 265 263
f 261 166 260
f 261 158 679
f 261 678 679
f 261 678 679
f 261 363 364
f 261 678 365
f 261 362 363
f 261 362 260
f 694 695 30
f 694 667 30
f 694 695 667
f 694 657 656
f 694 657 695
f 694 656 693
f 694 695 656
f 694 693 574
f 694 698 574
f 694 695 698
f 694 695 698
f 34 669 33
f 34 669 33
f 34 676 35
f 34 682 35
f 34 682 676
f 34 33 686
f 34 686 688
f 34 33 686
f 34 691 33
f 34 694 693
f 34 694 33
f 34 694 695
f 34 694 33
f 34 33 699
f 34 698 35
f 34 698 699
f 34 698 699
f 34 70 702
f 696 695 30
f 696 34 33
f 696 34 33
f 696 34 35
f 696 34 695
f 696 656 698
f 696 695 656
f 696 657 656
f 696 657 695
f 696 657 662
f 696 657 662
f 696 695 663
f 696 662 663
f 696 662 695
f 664 27 663
f 664 695 663
f 664 695 665
f 664 580 581
f 664 580 665
f 664 694 695
f 664 582 581
f 664 582 665
f 664 657 695
f 664 694 657
f 664 657 591
f 664 657 693
f 664 694 693
f 664 694 657
f 664 582 583
f 666 34 33
f 666 695 665
f 666 695 667
f 666 694 695
f 666 694 695
f 666 694 693
f 666 694 667
f 666 580 665
f 666 580 667
f 666 657 691
f 666 582 665
f 666 582 667
f 666 582 583
f 666 582 667
f 666 657 656
f 673 33 686
f 36 70 69
f 36 698 699
f 36 698 35
f 36 696 35
f 36 696 695
f 36 694 695
f 36 694 693
f 36 686 688
f 36 678 682
f 36 678 679
f 36 678 35
f 36 676 35
f 31 691 693
f 31 694 693
f 31 694 695
f 31 696 695
f 31 669 33
f 31 669 691
f 31 696 30
f 31 669 667
f 31 669 33
f 31 30 699
f 31 666 33
f 31 667 30
f 31 666 667
f 31 666 665
f 55 687 686
f 55 687 54
f 55 54 56
f 55 687 56
f 55 687 54
f 55 681 56
f 55 681 54
f 55 158 681
f 55 158 56
f 55 54 56
f 55 49 56
f 279 278 370
f 279 365 370
f 279 365 280
f 279 278 365
f 279 365 370
f 279 278 370
f 279 278 365
f 279 363 280
f 279 363 278
f 279 362 363
f 279 362 363
f 279 362 280
f 279 362 278
f 277 278 365
f 277 276 365
f 277 276 278
f 277 363 278
f 277 276 363
f 277 362 363
f 277 362 276
f 277 362 278
f 277 362 276
f 277 279 349
f 277 279 248
f 281 238 282
f 281 282 370
f 281 279 370
f 281 279 370
f 281 282 370
f 281 365 280
f 281 365 370
f 281 365 370
f 281 363 280
f 281 282 363
f 281 362 363
f 281 362 282
f 281 362 280
f 281 362 282
f 281 345 280
f 281 345 282
f 281 345 282
f 283 282 364
f 283 370 364
f 283 282 370
f 283 282 370
f 283 345 282
f 283 345 282
f 283 238 282
f 231 335 232
f 337 445 446
f 337 231 232
f 337 397 336
f 337 439 336
f 337 336 393
f 337 392 336
f 337 335 392
f 337 335 392
f 337 389 296
f 337 335 390
f 337 296 335
f 297 298 208
f 297 298 393
f 297 392 393
f 297 392 298
f 297 392 298
f 297 335 298
f 297 335 390
f 297 337 296
f 297 337 335
f 297 337 296
f 405 426 427
f 159 158 574
f 159 158 574
f 159 261 158
f 159 261 158
f 159 265 263
f 1 632 631
f 1 632 2
f 1 522 105
f 1 105 104
f 1 103 104
f 4 105 3
f 4 5 105
f 4 105 3
f 4 5 105
f 4 103 3
f 4 5 103
f 94 3 2
f 94 1 2
f 94 4 3
f 94 18 19
f 94 713 328
f 94 713 328
f 94 19 93
f 94 21 93
f 206 205 107
f 206 105 104
f 206 109 205
f 722 632 721
f 722 632 630
f 565 563 583
f 565 582 567
f 565 582 563
f 565 567 566
f 565 567 583
f 565 582 567
f 565 582 563
f 565 477 566
f 565 477 564
f 565 567 578
f 565 563 578
f 707 4 5
f 707 4 3
f 707 14 709
f 707 1 728
f 707 649 709
f 15 706 18
f 15 18 19
f 15 706 19
f 15 707 706
f 15 706 21
f 15 706 18
f 15 707 706
f 15 94 14
f 15 94 18
f 15 706 22
f 15 706 22
f 15 706 24
f 15 706 24
f 15 706 25
f 15 706 27
f 642 706 16
f 642 707 706
f 704 21 20
f 704 706 20
f 704 706 21
f 704 22 21
f 704 657 706
f 704 706 22
f 704 706 22
f 704 706 24
f 108 103 101
f 108 206 205
f 108 206 109
f 203 109 110
f 203 108 109
f 203 108 104
f 203 108 202
f 203 103 202
f 203 103 101
f 203 281 202
f 111 108 109
f 111 109 110
f 111 203 110
f 111 203 112
f 114 22 116
f 114 203 116
f 242 345 346
f 242 345 240
f 242 345 344
f 242 345 344
f 242 283 243
f 242 283 282
f 242 281 282
f 77 14 709
f 76 77 14
f 76 344 342
f 76 77 342
f 76 344 564
f 382 453 383
f 382 287 383
f 382 289 383
f 513 426 427
f 513 426 427
f 513 418 419
f 513 418 514
f 513 411 514
f 513 418 514
f 513 514 412
f 66 694 693
f 66 694 67
f 66 694 695
f 66 694 67
f 66 696 695
f 66 696 67
f 66 696 65
f 66 696 67
f 66 145 65
f 66 67 698
f 66 41 65
f 247 345 280
f 247 270 273
f 247 279 280
f 247 279 248
f 247 273 248
f 247 276 248
f 247 277 276
f 247 277 279
f 247 277 279
f 437 400 436
f 399 335 397
f 399 437 400
f 399 437 400
f 399 328 400
f 399 328 400
f 399 297 401
f 399 401 299
f 399 302 401
f 442 340 391
f 442 341 340
f 442 341 391
f 442 392 391
f 415 517 416
f 415 517 515
f 415 514 515
f 415 513 514
f 313 418 417
f 313 417 314
f 313 418 314
f 313 415 314
f 313 415 312
f 313 210 314
f 313 210 312
f 313 412 314
f 313 312 412
f 313 411 412
f 313 312 411
f 313 401 314
f 313 312 401
f 313 401 400
f 313 312 401
f 313 399 400
f 313 399 312
f 518 418 419
f 518 418 517
f 518 418 517
f 518 426 427
f 518 522 520
f 518 522 520
f 518 427 520
f 518 429 522
f 516 418 419
f 516 418 517
f 516 418 517
f 516 426 514
f 516 426 427
f 516 518 426
f 516 526 517
f 516 526 514
f 516 513 429
f 516 513 526
f 354 279 353
f 354 279 353
f 354 66 65
f 354 66 353
f 354 277 353
f 354 277 276
f 354 276 353
f 354 274 353
f 354 274 273
f 348 459 346
f 348 346 566
f 348 382 349
f 348 247 349
f 348 283 349
f 348 281 349
f 348 277 279
f 348 277 349
f 348 281 349
f 348 279 349
f 348 274 349
f 348 252 274
f 348 252 274
f 661 657 660
f 661 657 662
f 661 662 25
f 661 24 660
f 661 24 25
f 661 24 25
f 432 422 412
f 432 418 419
f 432 415 419
f 432 426 427
f 560 563 583
f 560 582 563
f 560 582 563
f 269 363 268
f 269 270 268
f 269 270 363
f 269 362 363
f 269 362 270
f 269 362 268
f 269 362 270
f 269 356 268
f 269 354 353
f 269 354 353
f 447 550 446
f 447 389 446
f 447 445 446
f 447 389 446
f 447 446 387
f 447 445 390
f 447 445 392
f 447 386 446
f 447 337 446
f 447 339 446
f 447 446 341
f 447 386 446
f 447 446 341
f 447 345 446
f 447 345 446
f 293 294 387
f 293 294 340
f 293 386 340
f 293 386 341
f 293 339 294
f 293 337 294
f 293 335 294
f 293 231 232
f 343 445 446
f 343 445 446
f 343 389 342
f 343 447 446
f 343 447 446
f 343 387 342
f 343 389 387
f 343 389 344
f 343 386 344
f 343 341 387
f 343 386 341
f 343 344 342
f 343 289 288
f 343 289 344
f 343 289 345
f 343 287 288
f 343 287 344
f 343 283 243
f 343 242 243
f 343 242 344
f 343 283 282
f 343 76 344
f 430 400 402
f 430 328 329
f 430 429 328
f 430 432 405
f 430 328 327
f 430 429 328
f 430 432 508
f 430 513 429
f 430 516 513
f 430 516 518
f 272 252 274
f 272 252 274
f 272 274 273
f 272 354 353
f 272 354 273
f 272 269 351
f 272 362 271
f 272 362 273
f 272 362 363
f 272 362 273
f 272 363 364
f 272 273 364
f 272 273 363
f 311 210 310
f 311 210 312
f 311 399 310
f 311 399 312
f 311 401 310
f 311 312 401
f 311 401 310
f 311 312 401
f 311 310 412
f 311 312 412
f 311 411 310
f 311 312 411
f 91 22 116
f 91 15 19
f 719 718 630
f 719 94 93
f 719 94 718
f 423 432 411
f 423 432 411
f 423 432 422
f 423 417 412
f 423 422 417
f 423 422 417
f 423 432 424
f 423 432 422
f 423 522 424
f 423 422 522
f 423 513 424
f 423 513 422
f 423 424 520
f 423 422 520
f 423 513 514
f 423 513 422
f 423 424 520
f 423 422 520
f 423 514 515
f 423 422 514
f 423 518 424
f 423 518 422
f 423 516 515
f 423 516 422
f 423 518 517
f 423 518 422
f 423 516 517
f 423 516 422
f 577 678 578
f 577 469 678
f 577 678 578
f 577 578 676
f 577 580 567
f 577 477 569
f 577 570 569
f 577 565 567
f 577 565 563
f 368 358 371
f 368 362 369
f 368 362 369
f 368 369 364
f 368 369 363
f 259 158 681
f 259 362 260
f 259 362 363
f 259 159 158
f 259 265 260
f 259 260 267
f 461 561 562
f 461 477 561
f 458 354 459
f 458 358 459
f 458 459 371
f 458 459 369
f 458 368 459
f 451 384 383
f 451 386 387
f 451 386 453
f 451 382 383
f 451 387 450
f 451 555 557
f 451 348 349
f 451 345 346
f 451 345 344
f 451 343 344
f 451 343 450
f 668 582 667
f 668 582 669
f 668 669 583
f 668 582 667
f 668 582 669
f 668 580 667
f 668 580 669
f 668 669 667
f 668 687 656
f 668 669 687
f 668 691 667
f 668 669 691
f 668 669 687
f 668 694 667
f 668 669 693
f 668 694 693
f 668 669 667
f 668 694 667
f 568 582 569
f 568 582 567
f 568 569 583
f 568 567 583
f 568 582 569
f 568 582 567
f 568 569 574
f 568 567 569
f 568 580 569
f 568 580 567
f 568 577 580
f 568 577 580
f 568 477 569
f 568 567 477
f 576 681 575
f 576 681 581
f 576 580 681
f 576 582 575
f 576 580 569
f 576 582 569
f 576 570 569
f 576 577 570
f 576 577 580
f 576 469 575
f 576 569 583
f 576 582 583
f 576 582 569
f 524 423 623
f 524 516 518
f 529 599 598
f 579 664 578
f 579 664 580
f 579 664 578
f 579 664 580
f 579 666 578
f 579 666 580
f 579 666 667
f 579 666 580
f 579 668 667
f 579 668 580
f 579 668 669
f 579 668 580
f 579 669 578
f 579 580 669
f 579 578 676
f 579 580 676
f 579 678 578
f 579 580 678
f 579 678 578
f 579 580 678
f 579 576 580
f 579 577 580
f 579 576 577
f 579 576 577
f 609 607 327
f 700 657 656
f 700 657 659
f 700 657 699
f 700 657 659
f 700 22 659
f 700 22 659
f 700 660 659
f 700 660 659
f 700 36 699
f 700 24 660
f 700 24 660
f 700 24 25
f 700 25 702
f 700 34 699
f 700 25 26
f 700 27 702
f 700 34 33
f 700 27 26
f 700 699 29
f 700 30 699
f 700 31 30
f 596 598 659
f 596 599 598
f 596 599 598
f 596 529 598
f 647 606 607
f 593 661 657
f 593 661 662
f 593 661 578
f 639 640 16
f 639 640 2
f 639 1 640
f 639 719 718
f 639 722 640
f 635 632 658
f 635 16 658
f 635 636 16
f 635 2 16
f 635 636 2
f 635 1 2
f 635 1 636
f 635 722 636
f 634 635 636
f 634 719 718
f 634 719 636
f 634 635 636
f 634 722 721
f 634 635 722
f 634 635 1
f 537 599 598
f 537 538 599
f 537 596 598
f 537 596 538
f 537 609 538
f 264 263 365
f 264 265 365
f 264 265 263
f 264 263 363
f 264 265 363
f 264 362 263
f 264 362 265
f 264 362 263
f 264 362 265
f 264 354 353
f 264 354 265
f 264 259 265
f 264 259 265
f 264 261 265
f 264 261 265
f 264 269 351
f 68 696 67
f 68 696 67
f 68 69 698
f 68 67 698
f 68 700 69
f 68 700 67
f 60 61 145
f 60 61 687
f 60 61 158
f 60 159 158
f 60 61 687
f 60 61 160
f 42 673 39
f 42 43 676
f 42 39 676
f 42 41 696
f 42 678 43
f 42 39 678
f 42 41 694
f 42 678 43
f 42 41 678
f 42 41 694
f 42 681 43
f 42 41 681
f 42 681 43
f 42 41 681
f 42 687 43
f 42 41 687
f 42 687 43
f 42 41 687
f 590 664 582
f 590 664 591
f 590 582 581
f 590 664 582
f 590 582 578
f 590 582 583
f 590 664 583
f 590 664 591
f 590 580 578
f 590 579 580
f 590 657 591
f 590 666 657
f 590 657 591
f 590 666 657
f 590 666 656
f 592 664 591
f 592 664 657
f 592 664 657
f 592 657 662
f 592 593 657
f 592 657 591
f 592 593 657
f 592 580 581
f 592 579 580
f 592 662 578
f 592 593 662
f 592 590 581
f 592 590 591
f 592 590 580
f 592 579 578
f 592 590 579
f 592 590 591
f 592 590 579
f 592 591 578
f 671 34 670
f 671 36 670
f 671 34 33
f 671 687 688
f 671 687 686
f 671 669 687
f 671 669 687
f 671 583 670
f 671 582 583
f 671 579 578
f 671 582 581
f 671 579 580
f 671 580 581
f 155 159 158
f 680 681 43
f 680 54 679
f 680 681 54
f 680 55 681
f 680 54 679
f 680 55 54
f 680 55 158
f 680 158 679
f 680 55 158
f 680 158 681
f 680 681 363
f 680 261 158
f 680 261 158
f 680 363 364
f 680 261 364
f 680 261 679
f 680 577 578
f 680 579 578
f 680 576 577
f 680 576 577
f 680 579 580
f 680 579 580
f 680 579 576
f 680 579 576
f 680 580 679
f 680 580 681
f 680 582 679
f 680 582 681
f 680 582 583
f 680 582 681
f 680 583 679
f 680 681 583
f 680 673 684
f 680 681 679
f 680 682 676
f 680 679 676
f 680 678 682
f 680 678 679
f 680 678 679
f 683 42 43
f 683 42 684
f 683 42 41
f 683 42 41
f 683 54 53
f 683 684 54
f 683 55 54
f 683 55 684
f 683 36 682
f 683 55 56
f 683 55 684
f 683 36 686
f 683 36 684
f 683 57 56
f 683 684 57
f 683 34 682
f 683 34 686
f 683 34 686
f 683 684 57
f 683 57 574
f 683 57 682
f 683 680 682
f 683 575 682
f 683 684 575
f 683 680 681
f 683 576 575
f 683 576 581
f 683 684 575
f 683 576 575
f 683 681 583
f 683 684 583
f 683 582 684
f 683 582 681
f 683 582 684
f 683 681 581
f 683 582 681
f 685 42 43
f 685 42 684
f 685 42 41
f 685 42 41
f 685 54 686
f 685 684 54
f 685 55 54
f 685 55 684
f 685 55 686
f 685 55 684
f 685 57 686
f 685 684 57
f 685 57 686
f 685 684 57
f 685 60 61
f 685 60 684
f 685 60 61
f 685 686 575
f 685 684 575
f 685 583 575
f 685 582 583
f 685 582 684
f 685 582 684
f 685 684 583
f 685 687 575
f 685 687 686
f 685 668 687
f 685 668 687
f 685 668 669
f 685 668 669
f 685 671 669
f 685 671 669
f 685 673 684
f 692 42 691
f 692 49 693
f 692 42 41
f 692 42 41
f 692 693 56
f 692 691 56
f 692 691 57
f 692 36 693
f 692 36 691
f 692 34 693
f 692 34 691
f 692 34 691
f 692 66 693
f 692 66 691
f 692 66 67
f 692 656 693
f 692 691 656
f 692 657 656
f 692 657 691
f 692 657 693
f 692 666 693
f 692 666 657
f 692 666 657
f 692 691 667
f 692 666 667
f 692 666 691
f 690 42 691
f 690 42 41
f 690 51 691
f 690 691 54
f 690 691 54
f 690 36 688
f 690 36 691
f 690 691 57
f 690 34 688
f 690 34 691
f 690 34 33
f 690 34 691
f 690 60 61
f 690 669 688
f 690 671 688
f 690 671 31
f 690 671 31
f 690 31 669
f 690 31 669
f 690 66 691
f 690 668 669
f 690 66 691
f 690 668 691
f 690 691 575
f 690 657 656
f 690 657 691
f 690 657 691
f 37 36 70
f 37 68 36
f 37 68 700
f 37 700 36
f 37 36 698
f 37 36 698
f 37 36 696
f 37 36 696
f 37 36 694
f 37 36 694
f 37 692 36
f 37 692 36
f 37 690 36
f 37 690 36
f 37 36 686
f 37 36 684
f 37 683 36
f 37 683 36
f 37 681 679
f 37 36 679
f 37 36 678
f 37 36 678
f 37 36 676
f 37 671 39
f 37 671 36
f 32 691 33
f 32 31 691
f 32 694 33
f 32 31 694
f 32 690 691
f 32 690 31
f 32 694 33
f 32 31 694
f 32 690 33
f 32 690 31
f 32 696 33
f 32 31 696
f 32 671 31
f 32 696 33
f 32 31 696
f 32 673 33
f 32 31 33
f 32 671 33
f 32 671 31
f 32 33 699
f 32 31 699
f 32 700 33
f 32 700 31
f 284 205 287
f 284 203 205
f 284 203 281
f 284 203 281
f 284 281 384
f 284 283 238
f 284 283 238
f 284 343 283
f 284 343 283
f 284 283 345
f 284 283 345
f 284 348 283
f 284 364 361
f 284 283 364
f 284 283 364
f 395 439 397
f 395 337 397
f 395 337 439
f 395 337 336
f 395 337 397
f 395 335 336
f 395 302 329
f 395 302 300
f 395 299 300
f 338 339 294
f 338 389 339
f 338 293 339
f 338 293 337
f 338 389 339
f 338 337 389
f 338 339 390
f 338 337 390
f 338 339 392
f 338 337 392
f 338 289 339
f 338 238 289
f 338 339 392
f 338 337 392
f 338 395 339
f 338 337 231
f 338 337 393
f 338 395 393
f 338 395 337
f 338 395 337
f 338 339 445
f 338 337 445
f 338 447 339
f 338 447 337
f 295 392 294
f 295 297 294
f 295 297 392
f 295 297 392
f 295 392 390
f 295 392 294
f 295 297 390
f 295 297 296
f 295 389 294
f 295 389 296
f 295 297 294
f 295 337 389
f 295 231 232
f 295 231 296
f 295 337 294
f 295 337 296
f 295 338 337
f 295 338 337
f 295 335 294
f 295 296 335
f 295 389 294
f 295 338 294
f 295 338 389
f 295 293 232
f 408 426 424
f 408 328 424
f 408 328 327
f 408 432 426
f 408 423 327
f 408 423 411
f 408 411 412
f 408 423 412
f 408 423 411
f 404 313 405
f 404 313 405
f 404 311 405
f 404 311 405
f 404 430 405
f 403 328 329
f 403 405 328
f 403 430 429
f 403 430 405
f 403 404 430
f 403 328 327
f 403 405 328
f 403 404 405
f 403 430 402
f 403 404 430
f 403 308 401
f 403 313 314
f 403 404 313
f 403 313 312
f 403 404 313
f 403 311 310
f 403 404 311
f 403 302 401
f 403 311 312
f 403 404 311
f 258 259 159
f 258 159 158
f 258 259 159
f 258 259 362
f 258 259 354
f 258 264 269
f 258 272 269
f 258 264 269
f 258 264 259
f 117 24 116
f 117 22 116
f 117 94 118
f 28 76 77
f 28 77 15
f 28 15 706
f 28 15 706
f 28 702 30
f 28 700 29
f 28 700 27
f 28 664 27
f 28 664 665
f 28 664 665
f 28 27 663
f 28 664 663
f 28 664 27
f 28 695 29
f 28 695 665
f 28 695 665
f 200 111 108
f 195 284 281
f 729 728 630
f 729 1 630
f 729 728 632
f 729 1 632
f 729 728 632
f 729 1 632
f 729 634 728
f 729 634 1
f 729 1 522
f 729 634 635
f 729 634 635
f 729 1 105
f 729 635 636
f 729 635 1
f 729 728 103
f 729 1 103
f 729 639 728
f 729 639 1
f 729 707 1
f 729 94 728
f 729 94 1
f 729 1 728
f 626 719 718
f 626 719 623
f 95 96 3
f 95 94 3
f 95 1 96
f 95 94 1
f 95 4 96
f 95 94 4
f 95 729 1
f 95 729 94
f 95 729 96
f 95 729 94
f 95 15 96
f 95 15 94
f 95 719 96
f 95 719 94
f 95 15 94
f 95 719 718
f 95 719 94
f 95 96 18
f 95 94 18
f 95 96 18
f 95 15 18
f 95 15 96
f 95 96 19
f 95 94 19
f 95 94 21
f 95 94 713
f 95 203 206
f 95 203 206
f 95 203 96
f 95 203 94
f 207 107 106
f 207 206 107
f 207 105 106
f 207 206 105
f 207 108 206
f 207 105 104
f 207 206 105
f 207 109 107
f 207 108 109
f 207 108 206
f 207 103 104
f 207 206 103
f 207 109 110
f 207 206 109
f 207 206 103
f 207 206 205
f 207 103 208
f 207 103 101
f 473 563 564
f 473 563 562
f 473 469 563
f 465 469 563
f 465 565 564
f 465 469 563
f 465 473 469
f 465 567 569
f 465 473 562
f 9 15 707
f 9 15 707
f 727 728 3
f 727 707 3
f 727 707 728
f 727 639 728
f 727 94 728
f 727 635 636
f 727 95 94
f 727 634 635
f 727 95 96
f 727 634 728
f 727 728 632
f 727 728 632
f 727 728 630
f 727 623 210
f 12 15 707
f 12 719 707
f 12 95 11
f 12 95 94
f 12 94 11
f 644 642 706
f 644 657 706
f 644 657 706
f 644 642 657
f 644 707 706
f 600 639 640
f 600 657 599
f 600 642 657
f 600 644 642
f 600 635 636
f 600 644 657
f 600 635 632
f 600 632 631
f 600 606 607
f 600 635 632
f 600 537 538
f 600 537 599
f 705 706 24
f 705 704 24
f 705 704 706
f 705 706 25
f 705 704 25
f 705 706 27
f 705 704 27
f 705 28 706
f 705 28 704
f 705 28 704
f 705 28 14
f 705 28 706
f 705 32 704
f 705 707 14
f 705 707 706
f 705 704 657
f 204 111 203
f 204 112 205
f 204 111 112
f 204 111 203
f 204 114 205
f 204 114 203
f 204 109 205
f 204 203 109
f 204 108 109
f 204 203 108
f 204 203 108
f 204 205 107
f 204 108 107
f 204 108 205
f 204 203 104
f 204 206 104
f 204 206 205
f 204 206 103
f 204 203 103
f 204 206 103
f 204 203 103
f 204 281 205
f 204 203 281
f 204 203 281
f 115 114 116
f 115 114 94
f 115 117 116
f 115 117 94
f 115 95 114
f 115 95 195
f 115 200 114
f 115 95 114
f 454 382 453
f 454 375 453
f 454 358 356
f 454 375 358
f 454 354 353
f 454 354 453
f 454 348 349
f 454 348 453
f 454 345 455
f 454 453 345
f 454 345 344
f 454 453 345
f 454 343 344
f 454 564 455
f 454 344 564
f 454 344 564
f 454 343 342
f 454 455 561
f 454 560 455
f 357 375 358
f 357 277 356
f 357 277 356
f 357 356 276
f 357 274 356
f 357 358 274
f 357 274 356
f 357 358 274
f 357 272 356
f 357 272 358
f 357 272 356
f 357 272 358
f 357 270 356
f 357 358 270
f 357 269 270
f 357 269 358
f 357 269 356
f 357 269 358
f 357 356 268
f 357 358 268
f 357 265 356
f 357 265 267
f 357 358 267
f 357 358 265
f 357 264 265
f 357 264 358
f 357 264 358
f 357 259 356
f 357 259 358
f 357 258 259
f 357 258 259
f 357 465 356
f 357 465 358
f 357 358 459
f 40 66 698
f 40 66 41
f 40 41 698
f 40 66 41
f 40 41 696
f 40 67 39
f 40 66 67
f 40 41 696
f 40 42 61
f 40 42 41
f 40 41 694
f 40 42 39
f 40 42 41
f 40 694 39
f 40 41 694
f 40 39 678
f 40 41 678
f 40 692 39
f 40 692 41
f 40 681 39
f 40 41 681
f 40 692 691
f 40 692 41
f 40 681 39
f 40 41 681
f 40 690 691
f 40 690 41
f 40 683 39
f 40 683 41
f 40 683 684
f 40 683 41
f 40 687 39
f 40 41 687
f 40 684 39
f 40 687 39
f 40 41 687
f 40 685 684
f 40 685 41
f 40 685 41
f 168 145 146
f 571 570 575
f 571 572 575
f 571 572 570
f 571 576 570
f 571 576 572
f 571 576 577
f 571 576 577
f 438 439 397
f 438 399 397
f 438 399 437
f 332 430 400
f 332 295 293
f 398 399 437
f 398 438 399
f 398 438 399
f 398 438 437
f 398 399 297
f 398 399 297
f 398 399 299
f 398 302 299
f 398 399 302
f 398 311 399
f 398 328 397
f 398 399 328
f 398 311 399
f 398 328 397
f 398 399 328
f 440 439 336
f 440 335 336
f 440 337 439
f 440 338 337
f 440 338 395
f 440 338 395
f 440 395 339
f 440 395 393
f 444 337 445
f 444 335 445
f 444 338 337
f 444 338 339
f 444 339 445
f 444 445 341
f 444 445 341
f 444 343 445
f 444 343 389
f 444 389 445
f 444 343 445
f 444 343 389
f 444 445 390
f 444 445 344
f 444 389 344
f 444 389 445
f 444 445 392
f 355 354 453
f 355 454 453
f 355 454 354
f 355 357 375
f 355 454 356
f 355 454 354
f 355 354 283
f 355 357 283
f 355 284 354
f 355 357 284
f 355 458 459
f 355 458 354
f 355 354 281
f 355 357 281
f 355 354 281
f 355 357 281
f 355 354 279
f 355 357 279
f 355 354 279
f 355 357 356
f 355 357 279
f 355 465 356
f 355 465 354
f 355 277 356
f 355 354 277
f 355 354 65
f 355 277 356
f 355 354 277
f 355 354 252
f 355 356 276
f 355 354 276
f 355 274 356
f 355 354 274
f 355 258 259
f 355 258 259
f 355 274 356
f 355 354 274
f 355 259 356
f 355 259 354
f 355 272 356
f 355 272 354
f 355 272 356
f 355 272 354
f 355 269 354
f 355 270 356
f 355 269 270
f 355 269 270
f 355 269 356
f 355 269 354
f 355 264 265
f 355 264 354
f 355 265 356
f 355 354 265
f 507 432 508
f 507 508 411
f 507 432 411
f 507 432 506
f 507 508 412
f 507 432 412
f 507 432 508
f 484 389 390
f 484 451 450
f 435 401 402
f 435 400 436
f 435 401 400
f 435 399 400
f 435 398 399
f 428 405 429
f 428 432 405
f 428 513 427
f 428 513 429
f 428 513 427
f 428 513 429
f 428 516 427
f 428 516 429
f 428 516 518
f 428 516 518
f 428 518 427
f 428 518 429
f 428 522 427
f 428 429 522
f 553 447 446
f 553 592 593
f 493 447 492
f 493 492 445
f 493 444 492
f 493 440 438
f 491 447 492
f 491 490 447
f 491 492 445
f 491 490 445
f 491 444 492
f 491 444 490
f 449 490 552
f 449 553 552
f 449 553 555
f 449 555 557
f 449 560 561
f 449 341 340
f 449 341 450
f 449 343 450
f 449 343 344
f 449 345 344
f 449 345 346
f 449 348 349
f 449 382 383
f 449 382 349
f 449 384 383
f 449 386 387
f 241 242 344
f 241 343 344
f 241 343 242
f 241 343 240
f 241 343 242
f 241 240 341
f 241 242 341
f 241 284 283
f 241 284 242
f 241 283 282
f 241 242 283
f 241 281 282
f 241 242 281
f 241 281 238
f 241 281 279
f 241 281 279
f 241 279 238
f 241 279 278
f 241 279 280
f 241 281 280
f 241 242 281
f 241 276 278
f 433 430 405
f 433 430 432
f 433 430 432
f 433 404 405
f 433 404 432
f 433 403 404
f 433 507 506
f 433 507 432
f 433 507 432
f 433 432 505
f 433 403 401
f 511 428 429
f 511 432 427
f 511 428 427
f 511 428 432
f 511 418 419
f 511 432 418
f 511 513 418
f 511 513 418
f 511 432 422
f 511 415 513
f 511 513 412
f 511 513 411
f 511 529 513
f 511 529 514
f 511 529 513
f 234 339 232
f 234 235 339
f 234 338 339
f 234 338 235
f 234 235 341
f 234 338 235
f 234 235 337
f 234 235 335
f 234 235 289
f 234 235 287
f 237 238 339
f 237 238 341
f 237 338 238
f 237 238 341
f 237 235 341
f 237 338 238
f 237 338 337
f 237 343 76
f 237 76 77
f 237 235 77
f 237 238 289
f 237 337 289
f 237 343 76
f 237 238 287
f 414 311 312
f 414 313 312
f 414 313 415
f 414 313 314
f 414 313 415
f 414 517 515
f 414 415 517
f 414 417 327
f 414 514 515
f 414 415 514
f 414 422 417
f 414 513 514
f 414 415 513
f 414 511 513
f 414 511 415
f 414 432 508
f 421 414 422
f 421 414 415
f 421 422 522
f 421 511 432
f 421 432 422
f 421 414 422
f 421 414 432
f 421 422 520
f 421 511 422
f 421 422 520
f 421 513 422
f 421 518 422
f 421 513 422
f 421 518 422
f 421 422 514
f 421 516 422
f 421 516 422
f 425 522 424
f 425 426 522
f 425 424 520
f 425 426 520
f 425 518 426
f 425 424 520
f 425 518 520
f 425 518 424
f 425 518 517
f 425 516 517
f 425 516 518
f 425 516 518
f 425 516 515
f 425 516 426
f 425 514 515
f 425 426 514
f 425 513 514
f 425 513 426
f 425 513 424
f 425 513 426
f 425 432 424
f 425 432 426
f 425 408 426
f 425 408 432
f 720 626 623
f 720 626 719
f 720 632 630
f 720 632 721
f 720 632 630
f 720 719 630
f 720 634 721
f 720 634 719
f 720 634 636
f 720 634 719
f 720 639 640
f 720 639 719
f 720 719 642
f 720 642 707
f 720 719 707
f 619 719 718
f 619 720 719
f 619 720 617
f 619 634 716
f 462 463 564
f 462 461 564
f 462 463 564
f 462 461 564
f 462 463 569
f 462 570 569
f 462 570 463
f 462 572 570
f 462 461 572
f 462 572 570
f 462 463 562
f 462 461 562
f 462 351 463
f 462 354 463
f 462 461 354
f 462 355 354
f 462 355 461
f 462 355 356
f 462 355 461
f 462 357 356
f 462 357 461
f 462 463 371
f 462 461 371
f 462 357 358
f 462 357 461
f 462 463 370
f 462 461 370
f 462 369 463
f 462 461 369
f 462 362 463
f 462 461 362
f 462 368 369
f 462 461 368
f 462 362 463
f 462 461 362
f 462 368 463
f 462 461 368
f 462 463 363
f 462 463 365
f 460 459 564
f 460 461 564
f 460 459 564
f 460 461 564
f 460 348 459
f 460 459 561
f 460 461 561
f 460 348 349
f 460 461 349
f 460 348 459
f 460 461 477
f 460 461 477
f 460 458 459
f 460 354 459
f 460 461 354
f 460 355 354
f 460 355 461
f 460 355 459
f 460 355 461
f 460 357 459
f 460 357 461
f 460 459 371
f 460 461 371
f 460 357 358
f 460 357 461
f 460 461 370
f 460 369 370
f 460 459 369
f 460 461 369
f 460 368 459
f 460 461 368
f 460 461 362
f 456 368 371
f 456 358 356
f 456 355 356
f 456 382 383
f 456 355 354
f 456 384 383
f 456 354 353
f 456 348 349
f 456 560 455
f 456 455 561
f 456 564 455
f 456 345 455
f 456 345 564
f 456 344 564
f 456 345 344
f 456 345 344
f 457 368 369
f 457 458 369
f 457 458 368
f 457 456 368
f 457 458 358
f 457 456 358
f 457 458 382
f 457 456 382
f 457 355 458
f 457 456 355
f 457 458 384
f 457 456 384
f 457 355 458
f 457 456 355
f 457 458 354
f 457 456 354
f 457 456 560
f 457 458 351
f 457 456 348
f 457 560 459
f 457 456 561
f 457 348 459
f 457 459 561
f 457 459 564
f 457 456 564
f 457 459 564
f 457 456 564
f 452 453 384
f 452 451 384
f 452 451 453
f 452 382 453
f 452 451 382
f 452 354 453
f 452 354 378
f 452 451 378
f 452 354 453
f 452 348 453
f 452 451 348
f 452 453 345
f 452 451 345
f 452 453 345
f 452 451 345
f 452 451 343
f 452 454 453
f 452 454 343
f 452 451 343
f 452 454 343
f 452 454 342
f 452 341 342
f 452 454 561
f 452 341 561
f 452 341 450
f 452 451 450
f 452 454 560
f 452 454 560
f 452 341 561
f 452 560 561
f 452 451 560
f 452 451 555
f 452 484 451
f 381 452 451
f 381 451 382
f 381 452 382
f 381 449 382
f 381 348 382
f 381 382 287
f 381 454 382
f 381 454 382
f 381 382 289
f 381 456 382
f 381 457 456
f 381 457 458
f 381 458 461
f 381 462 461
f 533 599 598
f 533 596 598
f 533 600 599
f 533 507 506
f 528 529 515
f 528 529 599
f 528 529 514
f 528 600 529
f 528 529 513
f 528 529 513
f 528 619 427
f 539 609 610
f 539 609 538
f 539 600 613
f 539 609 538
f 539 600 599
f 539 600 538
f 539 439 540
f 539 607 540
f 539 609 607
f 539 599 598
f 539 538 599
f 539 596 598
f 539 596 538
f 653 705 704
f 608 711 609
f 608 644 609
f 608 600 607
f 608 600 644
f 608 600 607
f 608 539 607
f 608 539 609
f 608 539 609
f 701 657 656
f 701 700 657
f 701 700 657
f 701 656 702
f 701 656 699
f 701 700 656
f 701 70 702
f 701 70 69
f 701 34 702
f 701 700 34
f 701 36 69
f 701 700 36
f 701 34 33
f 701 700 34
f 701 68 36
f 701 68 700
f 701 32 33
f 701 32 700
f 701 37 700
f 701 37 68
f 701 37 68
f 701 32 31
f 701 32 700
f 701 31 702
f 701 700 31
f 701 702 30
f 701 700 30
f 701 28 702
f 701 28 700
f 701 700 27
f 701 28 27
f 701 28 700
f 703 704 22
f 703 700 22
f 703 704 22
f 703 700 22
f 703 704 657
f 703 700 657
f 703 700 657
f 703 653 704
f 703 704 24
f 703 700 24
f 703 704 24
f 703 700 25
f 703 700 24
f 703 25 702
f 703 704 25
f 703 27 702
f 703 704 27
f 703 28 27
f 703 28 704
f 703 32 33
f 703 32 31
f 703 28 702
f 703 28 704
f 703 31 702
f 703 32 31
f 703 32 704
f 597 657 598
f 597 596 598
f 597 596 657
f 597 596 657
f 646 657 706
f 646 647 657
f 646 707 706
f 646 647 707
f 646 600 657
f 646 600 647
f 646 707 713
f 646 600 647
f 646 647 606
f 646 600 607
f 646 600 606
f 646 647 607
f 594 661 657
f 594 593 661
f 594 593 661
f 594 657 660
f 594 593 578
f 594 593 657
f 594 553 593
f 594 507 508
f 594 507 506
f 594 505 506
f 615 635 636
f 615 600 635
f 615 600 635
f 615 600 537
f 615 600 537
f 615 537 536
f 717 634 636
f 717 639 640
f 717 639 718
f 717 619 634
f 717 718 630
f 717 634 630
f 717 634 718
f 717 626 718
f 717 626 623
f 717 626 623
f 717 644 707
f 717 619 716
f 717 619 718
f 717 707 716
f 717 95 96
f 717 95 718
f 717 94 716
f 717 94 718
f 717 95 94
f 717 95 94
f 62 60 694
f 62 60 694
f 62 692 60
f 62 60 61
f 62 692 60
f 62 690 61
f 62 61 687
f 62 61 160
f 62 687 686
f 62 61 687
f 62 61 158
f 62 685 686
f 62 685 61
f 62 685 61
f 62 61 145
f 674 42 673
f 674 42 673
f 674 37 673
f 674 37 36
f 674 36 673
f 674 673 34
f 674 673 34
f 674 33 686
f 674 673 33
f 674 683 686
f 674 579 673
f 674 680 673
f 674 680 673
f 674 683 680
f 674 673 684
f 674 683 684
f 674 579 673
f 674 673 580
f 674 673 582
f 674 673 583
f 674 673 582
f 587 666 583
f 587 590 583
f 587 590 666
f 587 666 667
f 587 668 583
f 587 668 667
f 587 590 583
f 587 671 669
f 587 680 679
f 587 680 684
f 587 679 676
f 587 685 684
f 587 678 679
f 672 673 34
f 672 671 34
f 672 36 673
f 672 671 36
f 672 673 34
f 672 671 34
f 672 37 36
f 672 37 671
f 672 32 673
f 672 32 671
f 672 37 673
f 672 37 671
f 672 32 673
f 672 32 671
f 672 673 39
f 672 673 686
f 672 671 686
f 672 685 673
f 672 685 671
f 672 685 671
f 672 673 684
f 672 685 684
f 672 685 673
f 672 673 583
f 672 671 583
f 672 673 582
f 672 671 582
f 672 673 582
f 672 671 582
f 672 579 673
f 672 671 579
f 672 673 580
f 672 671 580
f 672 579 673
f 672 671 579
f 46 62 696
f 50 49 676
f 50 49 678
f 50 51 678
f 50 55 49
f 50 51 55
f 50 49 678
f 50 51 678
f 50 51 691
f 50 680 49
f 50 680 51
f 50 692 691
f 50 692 49
f 50 692 49
f 50 690 49
f 50 690 51
f 50 680 49
f 50 680 51
f 50 49 681
f 50 51 681
f 50 49 687
f 50 51 687
f 50 683 49
f 50 683 51
f 50 49 687
f 50 51 687
f 50 683 49
f 50 683 51
f 50 685 49
f 50 685 51
f 50 685 49
f 50 685 51
f 52 155 54
f 52 678 53
f 52 51 678
f 52 55 54
f 52 51 55
f 52 678 679
f 52 51 678
f 52 680 679
f 52 680 51
f 52 680 681
f 52 680 51
f 52 681 53
f 52 51 681
f 52 683 53
f 52 683 51
f 52 50 51
f 52 683 684
f 52 683 51
f 52 50 55
f 52 685 684
f 52 685 51
f 52 685 686
f 52 685 51
f 52 687 686
f 52 51 687
f 52 687 53
f 52 51 53
f 52 51 687
f 156 54 53
f 156 155 54
f 156 52 53
f 156 52 155
f 156 52 155
f 156 55 54
f 156 155 55
f 156 55 56
f 156 155 55
f 156 57 56
f 156 155 57
f 156 57 157
f 156 155 57
f 156 155 60
f 156 60 158
f 156 60 61
f 156 62 61
f 156 155 158
f 156 62 158
f 156 66 160
f 156 159 158
f 156 155 159
f 38 68 70
f 38 68 67
f 38 37 68
f 38 68 70
f 38 37 70
f 38 37 68
f 38 40 67
f 38 40 66
f 38 37 696
f 38 40 696
f 38 37 696
f 38 40 696
f 38 66 67
f 38 40 66
f 38 37 694
f 38 40 694
f 38 40 694
f 38 37 698
f 38 40 698
f 38 700 67
f 38 37 700
f 38 37 700
f 38 37 698
f 38 40 698
f 38 694 39
f 38 37 694
f 38 692 39
f 38 37 692
f 38 692 691
f 38 37 692
f 38 690 691
f 38 37 690
f 38 39 686
f 38 37 686
f 38 684 39
f 38 37 684
f 38 683 684
f 38 37 683
f 38 683 39
f 38 37 683
f 38 681 39
f 38 37 681
f 38 681 39
f 38 37 681
f 38 39 678
f 38 37 678
f 38 39 678
f 38 37 678
f 38 39 676
f 38 37 676
f 38 37 39
f 285 287 384
f 285 284 384
f 285 284 287
f 285 382 287
f 285 284 382
f 285 355 284
f 285 284 348
f 285 284 345
f 285 284 345
f 285 284 343
f 285 284 343
f 285 242 341
f 285 242 283
f 285 284 283
f 285 284 242
f 285 241 242
f 285 241 284
f 285 241 284
f 285 284 205
f 373 357 375
f 373 454 375
f 373 456 371
f 373 456 375
f 373 454 375
f 373 358 371
f 373 454 358
f 373 457 456
f 373 457 456
f 373 458 371
f 373 457 458
f 373 458 459
f 373 460 459
f 373 460 461
f 373 462 461
f 373 462 463
f 218 94 202
f 407 405 426
f 407 408 426
f 407 405 328
f 407 408 328
f 407 405 426
f 407 408 426
f 407 405 328
f 407 408 328
f 407 428 405
f 407 408 432
f 407 428 432
f 407 408 313
f 407 408 313
f 407 408 311
f 360 159 160
f 360 159 574
f 360 258 159
f 360 258 259
f 360 259 260
f 360 462 463
f 360 261 260
f 360 462 461
f 360 264 263
f 360 460 358
f 360 461 362
f 360 460 461
f 360 264 265
f 360 458 358
f 360 460 362
f 360 265 361
f 360 458 362
f 360 457 458
f 360 267 361
f 360 457 456
f 360 268 267
f 360 269 268
f 360 368 358
f 360 368 358
f 360 456 358
f 360 456 368
f 360 269 270
f 360 369 371
f 360 368 369
f 360 368 369
f 360 270 271
f 360 272 271
f 360 272 273
f 255 269 270
f 255 272 252
f 255 258 272
f 255 272 269
f 255 258 272
f 162 261 166
f 162 159 261
f 162 261 263
f 162 261 166
f 162 159 263
f 162 263 266
f 162 159 268
f 162 159 157
f 201 117 116
f 201 200 117
f 201 114 116
f 201 200 114
f 201 281 202
f 201 200 281
f 201 111 112
f 201 200 111
f 201 284 281
f 201 200 284
f 201 111 109
f 201 200 111
f 201 285 200
f 201 108 109
f 201 200 108
f 201 284 205
f 201 285 284
f 201 285 200
f 201 108 202
f 201 200 108
f 201 285 205
f 201 101 202
f 201 200 101
f 201 218 202
f 201 218 200
f 201 95 96
f 201 95 200
f 201 94 202
f 201 200 94
f 201 95 94
f 201 95 200
f 194 94 118
f 194 117 94
f 194 195 117
f 194 115 117
f 194 115 195
f 194 115 195
f 92 218 200
f 92 218 329
f 92 194 118
f 92 117 118
f 92 117 91
f 92 117 116
f 92 117 91
f 92 114 116
f 92 717 716
f 92 717 91
f 92 114 22
f 92 91 22
f 92 717 718
f 92 717 91
f 92 22 21
f 92 91 22
f 92 719 718
f 92 719 91
f 92 21 93
f 92 91 21
f 92 719 93
f 92 719 91
f 92 19 93
f 92 91 19
f 92 15 19
f 92 91 15
f 92 15 14
f 92 91 15
f 92 727 728
f 92 729 728
f 92 729 91
f 92 12 11
f 92 12 91
f 92 729 1
f 92 729 91
f 92 1 2
f 92 91 1
f 92 3 2
f 228 328 299
f 228 328 327
f 102 729 1
f 102 729 1
f 102 1 101
f 102 1 103
f 102 729 728
f 102 729 728
f 102 101 3
f 102 103 3
f 102 727 728
f 102 727 728
f 102 4 101
f 102 4 103
f 102 4 5
f 102 4 5
f 102 103 101
f 102 210 101
f 102 210 103
f 102 105 17
f 102 103 105
f 102 15 11
f 102 18 105
f 102 105 107
f 102 108 103
f 102 108 107
f 102 105 104
f 102 103 105
f 102 108 104
f 102 108 103
f 98 18 17
f 98 111 112
f 98 110 107
f 98 18 105
f 98 102 18
f 98 107 19
f 98 105 107
f 113 95 94
f 113 95 21
f 113 95 114
f 113 94 21
f 113 114 94
f 113 95 96
f 113 114 112
f 113 95 114
f 113 116 21
f 113 114 116
f 113 22 21
f 113 114 22
f 113 116 19
f 113 110 19
f 113 92 22
f 113 92 114
f 113 92 114
f 113 98 112
f 113 18 116
f 113 110 18
f 113 110 18
f 113 114 205
f 113 204 112
f 113 204 114
f 113 204 203
f 113 204 114
f 113 203 112
f 113 114 203
f 113 201 112
f 113 201 114
f 113 201 200
f 113 201 200
f 474 565 564
f 474 473 564
f 474 473 565
f 474 565 566
f 474 473 565
f 474 473 567
f 474 473 568
f 474 473 568
f 474 473 570
f 474 571 577
f 474 571 473
f 474 571 473
f 474 473 463
f 474 462 463
f 471 565 469
f 471 473 565
f 471 469 563
f 471 473 563
f 471 473 469
f 471 565 469
f 471 473 565
f 471 469 567
f 471 473 567
f 471 568 469
f 471 473 568
f 471 568 469
f 471 465 473
f 468 565 469
f 468 465 469
f 468 465 565
f 468 565 469
f 468 465 565
f 468 469 567
f 468 568 469
f 468 568 469
f 468 469 570
f 468 571 469
f 468 571 572
f 468 469 575
f 468 259 362
f 468 576 469
f 468 259 363
f 468 680 363
f 468 469 365
f 468 158 681
f 468 576 681
f 468 259 158
f 468 681 363
f 468 259 681
f 468 469 679
f 468 680 679
f 468 680 681
f 468 469 365
f 468 576 577
f 468 576 577
f 468 577 469
f 468 680 577
f 468 680 577
f 468 368 469
f 468 368 469
f 468 370 371
f 464 563 463
f 464 465 563
f 464 463 564
f 464 465 564
f 464 563 463
f 464 465 563
f 464 463 569
f 464 465 569
f 464 463 562
f 464 465 562
f 464 570 463
f 464 465 570
f 464 473 463
f 464 465 473
f 464 572 570
f 464 465 572
f 464 463 353
f 464 354 353
f 464 465 354
f 464 354 463
f 464 355 354
f 464 355 465
f 464 355 356
f 464 355 465
f 464 357 356
f 464 357 465
f 464 373 463
f 464 357 358
f 464 357 465
f 464 463 371
f 464 465 371
f 464 463 370
f 464 465 370
f 464 360 463
f 464 360 465
f 464 369 463
f 464 465 369
f 464 362 463
f 464 465 362
f 464 368 369
f 464 465 368
f 464 362 463
f 464 465 362
f 464 368 463
f 464 465 368
f 464 463 363
f 464 465 363
f 464 463 365
f 464 465 365
f 7 707 5
f 7 9 707
f 7 103 105
f 7 102 103
f 10 15 11
f 10 9 15
f 10 9 15
f 10 102 11
f 10 102 9
f 10 95 11
f 10 9 95
f 10 95 94
f 10 9 95
f 10 94 11
f 10 92 11
f 10 92 91
f 10 720 11
f 10 720 722
f 10 9 707
f 10 720 707
f 10 9 707
f 10 720 707
f 712 707 713
f 712 711 707
f 712 711 647
f 712 646 707
f 712 646 647
f 712 646 711
f 712 711 713
f 712 646 713
f 712 646 711
f 712 644 713
f 712 644 711
f 712 609 713
f 712 711 609
f 710 707 14
f 710 711 707
f 710 707 649
f 710 91 89
f 710 646 647
f 710 646 711
f 710 91 713
f 710 711 713
f 710 646 711
f 710 92 91
f 710 646 607
f 710 646 607
f 710 92 329
f 710 92 713
f 710 608 609
f 710 608 711
f 710 644 609
f 710 644 711
f 710 644 711
f 710 608 607
f 710 606 607
f 710 713 329
f 710 608 711
f 726 707 4
f 726 727 4
f 726 727 707
f 726 707 4
f 726 7 707
f 726 727 639
f 726 727 635
f 726 727 634
f 726 727 634
f 726 727 632
f 726 727 632
f 726 727 630
f 726 102 727
f 726 727 623
f 726 727 210
f 726 102 727
f 13 12 719
f 13 720 11
f 13 720 719
f 13 720 719
f 13 12 91
f 13 718 14
f 13 719 718
f 13 10 11
f 13 719 707
f 13 12 719
f 13 92 91
f 13 92 12
f 13 717 718
f 13 717 707
f 13 717 707
f 13 15 707
f 13 12 15
f 13 92 14
f 13 92 12
f 13 15 96
f 13 94 14
f 13 12 94
f 13 95 96
f 13 12 95
f 13 95 94
f 13 12 95
f 643 642 707
f 643 644 707
f 643 644 642
f 643 719 707
f 643 719 642
f 643 719 642
f 643 717 707
f 643 717 644
f 643 717 642
f 643 717 642
f 643 717 644
f 643 712 644
f 643 712 644
f 643 600 642
f 643 600 609
f 643 644 711
f 643 600 644
f 643 712 609
f 643 712 711
f 643 608 644
f 643 608 600
f 643 608 600
f 641 600 640
f 641 600 642
f 641 640 16
f 641 642 16
f 641 600 642
f 641 642 707
f 641 640 3
f 641 707 3
f 641 640 3
f 641 707 3
f 641 726 727
f 641 726 727
f 641 642 707
f 641 613 713
f 641 1 640
f 641 707 1
f 641 727 728
f 641 727 707
f 641 722 640
f 641 729 1
f 641 729 707
f 641 729 728
f 641 729 707
f 641 720 640
f 641 720 722
f 641 720 642
f 641 717 640
f 641 717 642
f 641 720 719
f 641 720 719
f 641 717 718
f 641 717 642
f 641 719 718
f 641 719 642
f 611 641 600
f 611 641 600
f 611 539 610
f 611 643 642
f 611 641 642
f 611 641 643
f 611 539 538
f 611 643 712
f 611 643 712
f 611 712 609
f 611 712 609
f 611 609 538
f 611 537 609
f 611 325 609
f 611 325 609
f 611 609 430
f 611 537 430
f 611 537 609
f 648 600 657
f 648 600 647
f 648 657 706
f 648 647 657
f 648 707 706
f 648 647 707
f 648 711 647
f 648 649 709
f 648 606 709
f 648 647 606
f 648 710 707
f 648 710 711
f 648 710 711
f 648 710 649
f 648 710 647
f 525 600 599
f 525 600 524
f 525 599 526
f 525 524 599
f 525 526 517
f 525 524 517
f 525 516 526
f 525 524 516
f 525 524 430
f 525 516 513
f 525 430 513
f 525 430 516
f 525 430 526
f 525 524 430
f 525 425 524
f 525 428 526
f 525 428 524
f 525 425 526
f 525 425 524
f 525 428 526
f 525 428 524
f 525 526 426
f 525 524 426
f 523 600 599
f 523 600 524
f 523 524 599
f 523 522 520
f 523 599 520
f 523 599 522
f 523 518 522
f 523 518 517
f 523 524 517
f 523 524 518
f 523 518 429
f 523 430 518
f 523 524 430
f 523 430 516
f 523 524 516
f 523 524 430
f 523 428 429
f 523 428 524
f 523 428 522
f 523 428 524
f 523 421 422
f 523 524 623
f 523 421 623
f 523 426 522
f 523 524 426
f 523 423 422
f 523 524 423
f 523 425 426
f 523 425 524
f 523 423 522
f 523 524 423
f 523 425 522
f 523 425 524
f 71 703 33
f 71 34 33
f 71 34 70
f 71 34 70
f 71 36 70
f 71 701 70
f 82 186 231
f 82 338 337
f 82 338 336
f 82 338 339
f 82 338 339
f 82 338 231
f 82 712 713
f 135 71 136
f 135 136 68
f 135 136 67
f 135 136 68
f 135 42 61
f 135 60 61
f 59 145 146
f 59 60 145
f 59 135 43
f 59 135 60
f 59 156 155
f 59 156 155
f 59 156 157
f 59 156 60
f 59 158 157
f 59 60 158
f 59 690 691
f 59 690 60
f 59 692 691
f 59 692 60
f 59 159 158
f 59 60 159
f 59 57 688
f 59 692 60
f 59 692 693
f 59 692 57
f 59 694 693
f 59 60 694
f 59 60 694
f 59 60 159
f 59 687 688
f 59 60 687
f 59 159 574
f 59 159 160
f 59 60 160
f 59 687 686
f 59 60 687
f 59 60 684
f 59 685 686
f 59 685 60
f 59 683 574
f 59 683 684
f 59 683 684
f 59 685 684
f 59 685 60
f 175 174 242
f 352 454 453
f 352 454 351
f 352 452 453
f 352 452 351
f 352 454 353
f 352 454 351
f 352 452 451
f 352 452 451
f 352 456 353
f 352 456 351
f 352 381 451
f 352 457 456
f 352 457 456
f 352 451 351
f 352 381 351
f 352 381 451
f 352 457 458
f 352 457 458
f 352 458 459
f 352 458 351
f 352 285 284
f 352 351 378
f 352 460 459
f 352 460 351
f 352 285 284
f 352 284 351
f 352 460 461
f 352 460 461
f 352 284 354
f 352 285 355
f 352 351 283
f 352 462 461
f 352 462 461
f 352 354 283
f 352 351 281
f 352 462 463
f 352 462 351
f 352 354 281
f 352 351 281
f 352 463 353
f 352 351 463
f 352 354 353
f 352 354 281
f 352 279 353
f 352 351 279
f 352 279 353
f 352 351 279
f 352 277 353
f 352 351 277
f 352 277 276
f 352 351 277
f 352 276 353
f 352 255 258
f 352 274 353
f 352 274 276
f 352 351 274
f 352 258 264
f 352 272 274
f 352 272 351
f 352 264 353
f 352 264 351
f 352 272 353
f 352 272 351
f 352 269 353
f 352 269 351
f 352 269 353
f 352 269 351
f 350 454 453
f 350 454 351
f 350 452 453
f 350 452 351
f 350 454 349
f 350 454 351
f 350 452 451
f 350 452 451
f 350 456 349
f 350 456 351
f 350 451 349
f 350 451 351
f 350 457 456
f 350 457 456
f 350 449 349
f 350 457 459
f 350 457 351
f 350 381 351
f 350 381 449
f 350 449 382
f 350 460 459
f 350 460 351
f 350 381 449
f 350 381 382
f 350 460 461
f 350 460 461
f 350 462 461
f 350 462 351
f 350 461 349
f 350 462 461
f 350 285 284
f 350 285 284
f 350 284 283
f 350 284 351
f 350 247 349
f 350 351 247
f 350 283 349
f 350 351 283
f 350 281 349
f 350 351 281
f 350 255 252
f 350 281 349
f 350 351 281
f 350 255 272
f 350 255 272
f 350 279 349
f 350 351 279
f 350 272 274
f 350 272 351
f 350 279 349
f 350 351 279
f 350 274 349
f 350 351 274
f 350 277 349
f 350 351 277
f 350 277 349
f 350 351 277
f 347 454 453
f 347 454 348
f 347 452 453
f 347 452 348
f 347 454 455
f 347 454 348
f 347 452 451
f 347 452 451
f 347 456 455
f 347 456 348
f 347 451 346
f 347 451 348
f 347 457 456
f 347 457 456
f 347 449 346
f 347 449 348
f 347 348 459
f 347 457 459
f 347 457 348
f 347 447 386
f 347 384 383
f 347 348 384
f 347 348 382
f 347 345 383
f 347 382 345
f 347 381 348
f 347 382 289
f 347 381 382
f 347 289 345
f 347 381 289
f 347 381 348
f 347 345 287
f 347 345 287
f 347 349 287
f 347 285 348
f 347 285 284
f 347 285 284
f 347 284 283
f 347 284 348
f 347 283 282
f 347 348 283
f 347 281 282
f 347 348 281
f 347 281 280
f 347 348 281
f 347 279 280
f 347 348 279
f 347 277 279
f 347 348 277
f 347 247 248
f 347 348 247
f 347 242 346
f 347 348 242
f 559 456 560
f 559 560 582
f 559 560 563
f 559 577 563
f 559 577 565
f 559 577 565
f 559 484 565
f 559 484 577
f 559 582 583
f 559 560 582
f 559 560 583
f 556 454 557
f 556 454 555
f 556 452 557
f 556 452 555
f 556 452 555
f 556 557 583
f 556 587 583
f 556 587 557
f 556 590 591
f 556 590 555
f 556 592 591
f 556 592 555
f 556 592 593
f 359 284 361
f 359 357 284
f 359 373 357
f 359 373 357
f 359 371 361
f 359 360 371
f 359 360 358
f 359 284 283
f 359 357 284
f 359 373 371
f 359 373 358
f 359 281 280
f 359 357 281
f 359 357 279
f 359 279 280
f 359 283 282
f 359 357 283
f 359 281 282
f 359 357 281
f 359 357 279
f 359 279 278
f 359 357 277
f 359 277 278
f 359 357 277
f 359 277 276
f 359 357 276
f 359 357 358
f 359 276 275
f 359 274 275
f 359 358 274
f 359 274 273
f 359 360 273
f 359 358 274
f 359 272 358
f 359 360 272
f 359 272 358
f 359 360 272
f 359 358 270
f 359 360 270
f 359 269 358
f 359 360 269
f 359 269 358
f 359 360 269
f 359 358 268
f 359 360 268
f 359 358 267
f 359 360 267
f 359 358 265
f 359 360 265
f 359 264 358
f 359 360 264
f 359 264 358
f 359 360 264
f 359 358 261
f 359 360 261
f 359 259 358
f 359 360 259
f 359 258 259
f 359 360 258
f 359 255 358
f 359 360 160
f 359 255 160
f 359 464 465
f 359 464 360
f 359 464 358
f 359 464 360
f 359 462 358
f 359 360 462
f 359 462 461
f 359 360 462
f 359 460 461
f 359 360 460
f 359 360 460
f 262 357 358
f 262 359 358
f 262 359 358
f 262 358 261
f 262 357 358
f 262 359 360
f 262 359 360
f 262 357 264
f 262 357 264
f 262 357 356
f 262 360 263
f 262 360 261
f 262 355 264
f 262 264 261
f 262 355 356
f 262 362 263
f 262 261 362
f 262 355 264
f 262 355 354
f 262 362 263
f 262 261 362
f 262 264 261
f 262 263 363
f 262 261 363
f 262 264 354
f 262 263 365
f 262 261 365
f 262 259 354
f 262 259 354
f 262 264 259
f 262 352 264
f 262 258 259
f 262 352 258
f 262 258 264
f 262 352 258
f 167 66 166
f 167 66 67
f 167 166 260
f 167 162 166
f 246 350 351
f 246 350 247
f 246 348 247
f 246 175 174
f 246 347 348
f 246 347 247
f 246 247 345
f 246 345 344
f 246 247 345
f 246 247 276
f 246 247 279
f 246 247 279
f 246 247 277
f 246 247 277
f 501 594 505
f 501 594 539
f 331 332 399
f 331 332 400
f 331 398 332
f 331 398 332
f 331 403 429
f 331 430 429
f 331 332 430
f 331 332 430
f 331 332 299
f 331 710 91
f 331 332 297
f 331 91 89
f 331 332 89
f 331 332 297
f 331 231 296
f 331 332 231
f 331 295 296
f 331 332 295
f 331 332 295
f 334 399 400
f 334 399 335
f 334 399 335
f 334 398 399
f 334 440 335
f 334 395 335
f 334 335 393
f 334 335 392
f 334 392 298
f 334 335 298
f 334 335 392
f 334 297 335
f 334 231 335
f 334 297 296
f 334 295 296
f 334 295 335
f 334 293 335
f 88 332 89
f 88 710 87
f 88 710 89
f 88 334 87
f 88 334 332
f 88 710 711
f 88 710 711
f 88 334 225
f 88 334 332
f 88 194 225
f 88 712 711
f 88 712 711
f 88 712 713
f 88 712 713
f 88 717 716
f 88 717 89
f 88 717 718
f 88 717 718
f 88 24 87
f 88 719 718
f 88 719 718
f 88 22 87
f 88 719 89
f 88 13 719
f 88 13 719
f 88 15 22
f 88 15 22
f 88 10 89
f 88 13 10
f 88 13 14
f 88 13 89
f 88 15 14
f 88 15 89
f 88 10 11
f 88 13 11
f 88 13 10
f 290 287 288
f 290 287 392
f 290 287 288
f 290 287 390
f 290 386 288
f 290 384 383
f 290 289 383
f 290 345 384
f 290 234 235
f 290 343 345
f 290 343 289
f 290 382 345
f 290 382 289
f 290 382 289
f 290 289 341
f 290 289 341
f 290 343 341
f 290 343 289
f 290 337 289
f 290 289 339
f 290 338 337
f 290 338 289
f 309 398 308
f 309 398 399
f 309 398 308
f 309 399 310
f 309 308 399
f 309 401 310
f 309 308 401
f 309 401 310
f 309 308 401
f 309 210 310
f 309 308 210
f 309 403 310
f 309 403 308
f 309 403 404
f 309 403 404
f 309 404 405
f 309 411 310
f 322 398 399
f 322 399 323
f 322 309 398
f 322 309 398
f 322 323 401
f 322 309 308
f 322 323 401
f 322 403 323
f 322 403 404
f 322 404 405
f 322 407 408
f 322 323 411
f 322 323 412
f 322 323 426
f 322 414 323
f 322 323 429
f 322 414 415
f 322 323 426
f 322 415 323
f 322 423 323
f 322 323 417
f 322 423 323
f 322 323 419
f 322 421 323
f 318 313 399
f 318 398 399
f 318 313 399
f 318 322 398
f 318 398 311
f 318 398 311
f 318 322 398
f 318 319 311
f 318 309 319
f 318 322 309
f 318 319 411
f 318 319 412
f 318 414 319
f 318 414 319
f 318 319 415
f 318 319 417
f 318 319 418
f 318 319 418
f 318 421 319
f 318 423 319
f 318 423 319
f 441 442 335
f 441 440 335
f 441 442 337
f 441 440 337
f 441 334 442
f 441 334 440
f 441 338 442
f 441 440 338
f 441 334 442
f 441 334 440
f 441 338 442
f 441 440 338
f 441 440 544
f 441 442 339
f 441 339 340
f 441 440 339
f 441 442 340
f 441 442 393
f 441 440 393
f 441 440 395
f 441 493 442
f 441 493 440
f 396 440 438
f 396 441 440
f 396 441 440
f 396 440 395
f 396 440 438
f 396 398 438
f 396 398 438
f 396 395 439
f 396 438 439
f 396 441 491
f 396 491 492
f 396 441 395
f 396 441 491
f 396 297 294
f 396 398 297
f 396 297 298
f 396 398 297
f 396 299 298
f 396 395 299
f 396 398 299
f 396 395 299
f 396 398 299
f 396 395 302
f 396 398 302
f 396 398 302
f 396 328 397
f 396 304 328
f 396 304 395
f 396 328 397
f 396 395 328
f 396 331 332
f 396 331 332
f 396 334 335
f 396 334 395
f 396 335 397
f 396 395 397
f 396 395 335
f 443 442 337
f 443 444 337
f 443 442 335
f 443 444 335
f 443 338 442
f 443 444 338
f 443 334 442
f 443 334 444
f 443 338 442
f 443 444 338
f 443 442 339
f 443 444 339
f 443 442 341
f 443 444 341
f 443 442 341
f 443 444 341
f 443 442 391
f 443 442 497
f 443 444 497
f 443 389 391
f 443 444 389
f 443 442 392
f 443 444 392
f 443 389 390
f 443 444 390
f 443 444 389
f 443 442 392
f 443 392 393
f 443 442 393
f 443 493 442
f 443 493 444
f 443 491 444
f 443 444 445
f 443 444 490
f 443 441 442
f 443 491 444
f 443 441 442
f 443 441 491
f 496 444 497
f 496 443 444
f 496 443 444
f 496 443 442
f 496 443 495
f 496 441 442
f 496 441 495
f 496 441 440
f 496 441 440
f 496 440 439
f 496 440 495
f 496 438 439
f 496 438 495
f 496 438 437
f 496 438 495
f 496 437 497
f 496 495 437
f 496 435 497
f 496 398 399
f 496 433 399
f 376 355 453
f 376 454 453
f 376 454 375
f 376 355 354
f 376 375 453
f 376 355 453
f 376 355 375
f 376 454 378
f 376 454 375
f 376 352 355
f 376 456 375
f 376 352 285
f 376 457 456
f 376 457 458
f 376 460 461
f 376 458 375
f 376 460 375
f 376 460 458
f 376 462 461
f 376 462 375
f 376 464 375
f 483 484 577
f 483 484 565
f 483 559 565
f 483 559 484
f 483 454 557
f 483 484 454
f 483 484 451
f 486 454 555
f 486 452 555
f 486 452 553
f 554 451 555
f 554 553 555
f 554 553 451
f 554 452 451
f 554 452 553
f 554 486 452
f 554 486 452
f 554 556 577
f 554 556 590
f 554 556 590
f 554 590 555
f 554 491 578
f 554 491 490
f 554 491 490
f 554 591 578
f 554 590 591
f 554 592 555
f 554 592 591
f 554 553 592
f 554 592 593
f 554 553 592
f 554 594 593
f 554 594 553
f 494 495 445
f 494 493 445
f 494 444 495
f 494 493 444
f 494 443 444
f 494 443 493
f 494 443 495
f 494 443 493
f 494 441 495
f 494 441 493
f 494 396 398
f 494 396 492
f 494 496 396
f 494 441 440
f 494 441 493
f 494 496 398
f 494 493 440
f 494 398 437
f 494 398 437
f 494 435 398
f 494 433 398
f 494 496 433
f 494 438 495
f 494 440 495
f 494 440 438
f 494 438 495
f 494 495 437
f 494 438 437
f 494 493 438
f 494 496 495
f 494 496 435
f 488 554 556
f 488 554 486
f 488 490 552
f 488 553 552
f 488 553 451
f 488 486 451
f 488 486 553
f 434 403 402
f 434 433 403
f 434 433 403
f 434 435 402
f 434 435 401
f 434 433 401
f 434 505 506
f 434 433 506
f 434 433 505
f 434 435 401
f 434 399 401
f 434 433 399
f 434 435 399
f 434 496 435
f 434 496 433
f 434 435 398
f 434 433 398
f 434 494 496
f 434 494 496
f 434 494 435
f 434 494 433
f 480 565 563
f 480 457 458
f 487 484 577
f 487 488 556
f 487 484 390
f 487 392 390
f 487 486 556
f 487 447 390
f 487 447 392
f 487 554 556
f 487 488 554
f 487 554 486
f 487 488 554
f 487 488 449
f 487 488 486
f 487 447 445
f 487 488 447
f 487 443 445
f 233 338 337
f 233 234 338
f 233 234 338
f 233 337 232
f 233 234 337
f 233 335 232
f 233 234 335
f 233 334 335
f 233 334 234
f 233 334 234
f 233 290 234
f 233 234 289
f 233 290 231
f 233 290 231
f 233 231 289
f 233 234 287
f 233 231 287
f 233 285 234
f 233 234 185
f 233 186 185
f 233 186 234
f 236 235 339
f 236 237 339
f 236 235 341
f 236 237 341
f 236 237 235
f 236 338 235
f 236 237 338
f 236 338 235
f 236 237 338
f 236 235 337
f 236 237 337
f 236 237 289
f 236 290 235
f 236 235 289
f 236 237 289
f 236 235 287
f 236 237 287
f 236 234 235
f 236 285 234
f 236 285 284
f 236 285 237
f 236 284 238
f 236 234 235
f 236 186 234
f 236 233 284
f 236 233 234
f 236 233 281
f 236 281 238
f 236 281 279
f 236 279 238
f 324 325 308
f 324 398 308
f 324 398 308
f 324 325 398
f 324 398 399
f 324 325 398
f 324 304 225
f 324 399 323
f 324 325 399
f 324 323 401
f 324 325 401
f 324 323 401
f 324 325 401
f 324 403 323
f 324 325 403
f 324 403 404
f 324 325 403
f 324 717 325
f 324 404 405
f 324 325 404
f 324 613 430
f 324 613 323
f 324 717 613
f 324 430 323
f 324 325 430
f 324 407 408
f 324 407 325
f 324 323 429
f 324 325 429
f 324 323 426
f 324 325 426
f 324 323 411
f 324 325 411
f 324 323 426
f 324 325 426
f 324 323 412
f 324 325 412
f 324 423 323
f 324 325 423
f 324 414 323
f 324 325 414
f 324 423 323
f 324 325 423
f 324 414 415
f 324 325 414
f 324 421 323
f 324 421 325
f 324 415 323
f 324 325 415
f 324 323 417
f 324 325 417
f 410 425 408
f 410 432 411
f 410 425 432
f 410 408 411
f 410 425 408
f 410 432 506
f 410 432 505
f 410 507 506
f 410 507 508
f 410 511 513
f 410 513 411
f 410 309 411
f 410 311 411
f 410 311 312
f 410 313 312
f 410 313 411
f 410 318 319
f 410 322 323
f 410 322 408
f 410 324 323
f 410 324 408
f 410 324 325
f 410 324 325
f 621 719 623
f 621 619 719
f 621 717 623
f 621 717 619
f 621 720 719
f 621 619 720
f 621 717 623
f 621 720 623
f 621 619 720
f 621 717 634
f 621 717 619
f 621 722 623
f 621 619 722
f 621 634 630
f 621 619 634
f 621 632 630
f 621 318 319
f 621 425 319
f 621 525 524
f 621 525 425
f 621 524 423
f 621 525 425
f 618 619 634
f 618 619 634
f 618 634 635
f 618 634 635
f 618 600 635
f 618 600 635
f 618 600 632
f 618 600 632
f 618 537 536
f 618 600 537
f 618 600 537
f 618 528 619
f 573 460 461
f 573 460 461
f 573 461 572
f 573 348 566
f 573 460 348
f 573 460 348
f 573 569 566
f 573 462 461
f 573 462 461
f 573 570 569
f 573 572 570
f 573 570 569
f 573 572 570
f 573 462 463
f 573 462 572
f 573 464 463
f 573 464 572
f 573 464 465
f 573 464 465
f 573 468 469
f 573 468 572
f 573 576 469
f 573 576 577
f 573 576 577
f 573 572 575
f 573 576 575
f 573 576 572
f 366 462 461
f 366 461 368
f 366 460 461
f 366 460 461
f 366 462 463
f 366 462 463
f 366 462 461
f 366 460 368
f 366 464 463
f 366 464 463
f 366 462 365
f 366 462 363
f 366 458 368
f 366 460 362
f 366 460 362
f 366 464 465
f 366 464 465
f 366 365 364
f 366 457 458
f 366 458 362
f 366 468 365
f 366 368 364
f 366 368 363
f 366 368 362
f 366 360 458
f 366 360 457
f 366 457 456
f 366 360 456
f 366 360 457
f 366 368 362
f 366 360 362
f 366 360 368
f 558 452 451
f 558 452 451
f 558 451 557
f 558 451 560
f 558 452 557
f 558 452 560
f 558 449 557
f 558 449 560
f 558 454 557
f 558 454 560
f 558 454 557
f 558 454 560
f 558 559 560
f 558 559 456
f 558 590 591
f 558 559 590
f 558 483 557
f 558 483 456
f 558 483 484
f 558 483 559
f 558 587 557
f 558 559 587
f 558 557 583
f 558 559 583
f 558 559 577
f 558 556 557
f 558 556 577
f 558 487 556
f 558 487 486
f 531 529 599
f 531 533 599
f 531 596 529
f 531 533 596
f 531 600 529
f 531 533 600
f 509 594 508
f 509 430 508
f 509 430 432
f 509 430 432
f 509 414 432
f 509 414 432
f 509 432 415
f 509 414 508
f 509 508 412
f 509 508 411
f 509 410 508
f 534 533 600
f 534 618 533
f 534 533 507
f 534 507 508
f 534 533 507
f 527 528 515
f 527 517 515
f 527 526 517
f 527 526 517
f 527 599 526
f 527 528 599
f 527 526 514
f 527 528 514
f 527 600 599
f 527 528 600
f 527 513 526
f 527 528 513
f 527 528 513
f 527 430 513
f 527 430 513
f 527 430 526
f 527 528 430
f 527 428 526
f 527 528 428
f 527 528 619
f 527 428 526
f 527 528 428
f 527 526 426
f 527 619 426
f 527 619 526
f 651 600 657
f 651 705 707
f 651 705 704
f 651 705 707
f 651 705 657
f 542 600 609
f 654 703 653
f 654 653 657
f 654 597 657
f 654 597 653
f 654 703 702
f 654 653 704
f 654 703 704
f 654 703 653
f 551 597 596
f 551 594 593
f 551 592 593
f 551 592 578
f 551 491 578
f 551 491 492
f 551 491 492
f 551 494 492
f 551 491 490
f 551 491 490
f 551 449 490
f 551 449 490
f 595 657 659
f 595 594 657
f 595 596 659
f 595 596 657
f 595 596 657
f 595 594 657
f 595 596 599
f 595 596 599
f 595 529 515
f 595 596 529
f 595 517 515
f 595 594 511
f 595 511 529
f 595 531 596
f 595 531 511
f 595 509 594
f 595 531 533
f 595 531 533
f 595 509 533
f 595 594 507
f 595 594 553
f 595 533 507
f 595 551 596
f 595 551 594
f 595 533 596
f 595 533 507
f 595 594 507
f 595 551 596
f 595 551 594
f 595 537 596
f 595 533 506
f 595 537 505
f 595 537 596
f 595 505 506
f 595 594 505
f 595 537 505
f 595 594 505
f 595 539 596
f 595 594 539
f 595 539 596
f 595 594 539
f 616 615 636
f 616 634 716
f 616 634 636
f 616 717 716
f 616 717 718
f 616 719 718
f 616 719 323
f 616 720 719
f 616 322 720
f 616 322 719
f 616 720 617
f 616 322 617
f 616 322 720
f 616 322 427
f 616 322 429
f 616 322 323
f 616 428 427
f 616 428 429
f 616 534 533
f 616 615 536
f 638 600 639
f 638 600 639
f 638 639 16
f 638 639 2
f 638 717 639
f 638 639 1
f 638 717 639
f 638 729 639
f 638 639 719
f 638 729 639
f 638 720 639
f 638 727 639
f 638 720 639
f 638 726 727
f 638 639 722
f 63 42 41
f 63 62 42
f 63 135 136
f 63 62 145
f 63 62 696
f 63 62 694
f 63 62 694
f 63 62 692
f 63 62 692
f 63 156 62
f 63 62 690
f 63 62 687
f 63 62 687
f 150 62 149
f 150 149 60
f 150 63 62
f 150 59 149
f 150 59 149
f 150 149 66
f 150 149 57
f 150 149 66
f 147 62 61
f 147 60 61
f 147 63 62
f 147 59 60
f 147 59 146
f 147 66 65
f 147 149 66
f 147 149 66
f 147 66 145
f 147 66 67
f 147 149 68
f 147 68 67
f 147 68 145
f 147 168 145
f 147 167 168
f 147 168 146
f 147 167 168
f 675 42 43
f 675 674 42
f 675 42 39
f 675 674 42
f 675 37 39
f 675 674 37
f 675 37 36
f 675 674 37
f 675 36 676
f 675 674 36
f 675 34 676
f 675 674 34
f 675 674 34
f 675 34 682
f 675 34 33
f 675 674 33
f 675 683 682
f 675 674 683
f 675 683 680
f 675 674 683
f 675 577 578
f 675 674 577
f 675 674 680
f 675 579 578
f 675 674 579
f 675 587 680
f 675 587 680
f 675 587 674
f 675 579 580
f 675 674 579
f 675 580 581
f 675 674 580
f 675 583 676
f 675 674 583
f 675 582 581
f 675 674 582
f 675 582 583
f 675 674 582
f 589 590 666
f 589 587 666
f 589 587 590
f 589 668 656
f 589 590 656
f 589 559 590
f 589 558 559
f 589 558 590
f 589 556 590
f 589 556 587
f 589 587 590
f 589 556 590
f 589 556 587
f 586 587 560
f 586 559 587
f 586 587 563
f 586 563 561
f 586 587 561
f 586 587 563
f 586 565 564
f 586 564 566
f 586 687 656
f 586 685 687
f 586 587 685
f 586 587 685
f 586 683 680
f 586 587 680
f 586 587 680
f 586 587 678
f 586 587 678
f 586 587 676
f 586 675 587
f 586 675 587
f 586 587 674
f 586 672 587
f 586 672 587
f 586 587 671
f 586 587 669
f 153 50 49
f 153 50 51
f 153 50 155
f 153 152 39
f 153 52 51
f 153 52 155
f 153 52 152
f 153 52 155
f 153 55 152
f 153 155 55
f 153 55 152
f 153 152 57
f 153 152 57
f 153 59 152
f 153 59 60
f 153 60 61
f 153 62 61
f 153 155 159
f 153 162 159
f 153 162 157
f 689 50 49
f 689 50 690
f 689 50 51
f 689 50 690
f 689 42 43
f 689 690 42
f 689 51 53
f 689 690 51
f 689 42 41
f 689 690 42
f 689 54 53
f 689 690 54
f 689 40 41
f 689 40 690
f 689 54 56
f 689 690 54
f 689 40 39
f 689 40 690
f 689 57 56
f 689 690 57
f 689 38 39
f 689 38 690
f 689 59 57
f 689 59 690
f 689 37 690
f 689 38 37
f 689 38 37
f 689 59 60
f 689 59 690
f 689 60 61
f 689 690 60
f 689 62 61
f 689 62 690
f 689 63 62
f 689 63 62
f 689 575 688
f 689 690 575
f 689 66 65
f 689 690 66
f 689 690 66
f 689 586 656
f 689 668 656
f 689 668 669
f 689 690 669
f 689 690 668
f 689 668 656
f 689 690 656
f 689 690 668
f 374 285 355
f 374 355 357
f 374 373 357
f 374 355 357
f 374 376 285
f 374 376 355
f 374 376 285
f 374 284 283
f 374 357 284
f 374 373 357
f 374 284 283
f 374 376 284
f 374 283 282
f 374 376 281
f 374 281 282
f 374 376 281
f 374 281 279
f 374 376 279
f 374 279 278
f 374 276 278
f 374 276 275
f 374 273 275
f 374 468 373
f 374 464 375
f 374 464 373
f 374 462 375
f 374 373 462
f 374 462 461
f 374 373 462
f 374 460 461
f 374 373 460
f 374 460 375
f 374 373 460
f 374 458 375
f 374 373 458
f 374 457 458
f 374 373 457
f 374 373 457
f 211 95 206
f 211 207 206
f 211 207 208
f 211 207 210
f 211 318 319
f 211 102 210
f 211 313 210
f 211 313 210
f 211 311 210
f 211 311 210
f 213 95 206
f 213 211 95
f 213 211 95
f 213 211 207
f 213 211 324
f 213 211 322
f 219 201 218
f 219 203 205
f 219 295 297
f 219 322 218
f 219 218 313
f 219 218 313
f 219 218 311
f 219 218 311
f 219 309 218
f 219 309 218
f 215 94 328
f 215 218 94
f 215 94 328
f 215 218 94
f 165 162 166
f 165 66 67
f 165 150 162
f 165 68 67
f 165 147 149
f 161 153 162
f 161 258 259
f 161 162 258
f 161 62 160
f 161 63 62
f 161 63 62
f 161 153 159
f 161 153 162
f 161 162 259
f 161 259 159
f 161 259 159
f 161 159 261
f 161 162 261
f 161 162 159
f 90 194 91
f 90 117 91
f 90 117 24
f 90 117 91
f 90 88 24
f 90 91 22
f 90 24 116
f 90 91 116
f 90 88 22
f 90 91 22
f 90 88 22
f 90 91 21
f 90 88 15
f 90 88 15
f 90 15 21
f 90 91 15
f 90 15 89
f 90 91 15
f 90 13 89
f 90 13 91
f 90 13 11
f 90 13 91
f 90 10 11
f 90 10 91
f 90 719 89
f 90 719 91
f 90 719 718
f 90 719 91
f 90 717 718
f 90 717 91
f 90 717 89
f 90 717 91
f 90 91 713
f 188 82 186
f 188 233 231
f 188 236 233
f 227 334 225
f 227 334 228
f 227 331 332
f 227 331 228
f 227 228 287
f 227 228 285
f 227 290 228
f 227 228 195
f 227 228 285
f 227 228 328
f 227 228 328
f 227 228 293
f 227 228 295
f 227 228 295
f 227 228 297
f 227 228 299
f 227 228 297
f 227 228 299
f 97 729 1
f 97 98 729
f 97 1 96
f 97 98 1
f 97 729 96
f 97 98 729
f 97 96 3
f 97 98 3
f 97 727 96
f 97 98 727
f 97 4 96
f 97 98 4
f 97 726 727
f 97 726 98
f 97 4 96
f 97 98 4
f 97 722 96
f 97 98 722
f 97 719 96
f 97 98 719
f 97 10 9
f 97 10 98
f 97 719 718
f 97 10 11
f 97 10 98
f 97 717 718
f 97 12 11
f 97 98 12
f 97 717 96
f 97 13 12
f 97 325 96
f 97 324 717
f 97 13 15
f 97 98 12
f 97 13 12
f 97 324 325
f 97 213 325
f 97 15 96
f 97 98 15
f 97 213 324
f 97 213 211
f 97 96 18
f 97 98 18
f 97 96 18
f 97 98 18
f 97 211 206
f 97 211 206
f 97 96 19
f 97 98 19
f 97 203 206
f 97 113 96
f 97 203 96
f 97 98 110
f 97 113 110
f 97 113 98
f 97 113 112
f 97 113 98
f 97 201 96
f 97 98 111
f 97 201 200
f 97 114 112
f 97 114 111
f 97 115 114
f 100 101 3
f 100 1 101
f 100 4 101
f 100 729 1
f 100 4 5
f 100 729 728
f 100 727 728
f 100 726 727
f 100 10 98
f 100 7 102
f 100 10 102
f 100 10 98
f 100 722 101
f 100 10 102
f 100 102 15
f 100 98 15
f 100 12 15
f 100 98 12
f 100 98 12
f 100 102 15
f 100 102 17
f 100 98 17
f 100 102 18
f 100 98 18
f 100 98 102
f 100 108 109
f 100 102 108
f 100 108 109
f 100 102 108
f 100 111 109
f 100 109 110
f 100 98 110
f 100 102 105
f 100 98 105
f 100 98 102
f 475 567 566
f 475 474 566
f 475 474 567
f 475 568 567
f 475 474 568
f 475 568 569
f 475 474 568
f 475 570 569
f 475 474 570
f 475 577 570
f 475 474 577
f 475 577 477
f 475 577 477
f 475 460 477
f 475 460 458
f 475 460 461
f 475 460 458
f 475 457 458
f 475 458 384
f 475 462 461
f 475 474 462
f 472 473 568
f 472 471 568
f 472 471 473
f 472 473 570
f 472 471 570
f 472 571 473
f 472 471 571
f 472 571 473
f 472 571 577
f 472 471 577
f 472 471 571
f 472 474 473
f 472 474 473
f 472 464 473
f 472 471 465
f 472 464 465
f 472 474 462
f 472 475 382
f 472 475 458
f 472 475 474
f 472 475 458
f 472 475 462
f 470 469 570
f 470 471 570
f 470 471 469
f 470 571 469
f 470 471 571
f 470 571 572
f 470 471 571
f 470 573 572
f 470 573 577
f 470 471 577
f 470 573 577
f 470 577 678
f 470 577 469
f 470 469 365
f 470 368 469
f 470 469 678
f 470 368 469
f 470 468 369
f 470 468 469
f 470 468 370
f 470 472 370
f 470 374 468
f 470 472 374
f 470 374 376
f 470 472 374
f 467 465 567
f 467 468 567
f 467 468 465
f 467 465 567
f 467 568 567
f 467 468 568
f 467 468 568
f 467 465 570
f 467 468 570
f 467 468 571
f 467 465 572
f 467 571 572
f 467 468 571
f 467 573 468
f 467 573 468
f 467 359 360
f 467 360 574
f 467 158 574
f 467 258 158
f 467 158 575
f 467 468 575
f 467 468 158
f 467 258 362
f 467 468 362
f 467 258 259
f 467 468 259
f 467 258 259
f 467 468 259
f 467 468 363
f 467 468 365
f 467 366 468
f 467 366 468
f 467 468 368
f 467 468 368
f 467 468 369
f 467 468 370
f 467 468 371
f 467 468 373
f 467 374 468
f 467 374 376
f 467 374 376
f 467 468 465
f 467 470 468
f 6 5 105
f 6 7 105
f 6 7 5
f 6 5 103
f 6 7 103
f 6 102 5
f 6 7 102
f 6 102 5
f 6 7 102
f 6 100 5
f 6 100 7
f 6 97 98
f 6 97 7
f 6 97 96
f 6 97 7
f 6 7 95
f 6 4 96
f 6 95 4
f 6 95 94
f 6 94 4
f 6 726 4
f 6 726 7
f 6 4 3
f 6 92 3
f 6 726 727
f 6 727 4
f 6 727 728
f 6 92 3
f 6 92 91
f 6 91 1
f 6 728 3
f 6 729 728
f 6 729 1
f 6 729 91
f 8 102 9
f 8 7 9
f 8 7 102
f 8 100 102
f 8 100 7
f 8 97 98
f 8 97 7
f 8 97 9
f 8 97 7
f 8 9 95
f 8 7 95
f 8 9 95
f 8 6 95
f 8 6 7
f 8 6 94
f 8 10 94
f 8 10 9
f 8 6 92
f 8 10 92
f 8 10 92
f 8 6 92
f 8 9 707
f 8 7 9
f 8 10 9
f 8 90 10
f 724 726 7
f 724 8 707
f 724 8 7
f 724 641 707
f 724 641 726
f 724 641 722
f 724 641 726
f 724 6 726
f 724 8 6
f 724 639 722
f 724 726 639
f 724 638 726
f 724 211 102
f 628 626 722
f 628 600 631
f 625 726 727
f 625 727 626
f 625 729 728
f 625 626 729
f 625 722 623
f 625 626 623
f 625 626 722
f 625 729 105
f 625 522 105
f 625 523 626
f 625 729 522
f 625 729 1
f 625 626 1
f 625 626 729
f 715 643 644
f 715 644 707
f 715 644 707
f 715 641 640
f 715 643 642
f 715 641 642
f 715 641 643
f 715 707 716
f 715 639 640
f 715 638 639
f 715 88 716
f 715 88 89
f 715 90 89
f 715 611 609
f 612 611 600
f 612 639 613
f 612 600 639
f 612 600 639
f 612 641 613
f 612 611 641
f 612 600 613
f 612 611 600
f 612 611 641
f 612 539 613
f 612 611 539
f 612 641 613
f 612 641 643
f 612 611 643
f 612 539 613
f 612 611 539
f 612 537 613
f 612 611 537
f 612 715 613
f 612 715 611
f 612 717 613
f 612 717 325
f 612 611 325
f 612 324 717
f 612 324 717
f 612 324 613
f 612 611 325
f 612 324 325
f 230 188 189
f 230 188 82
f 230 188 82
f 230 231 335
f 230 337 231
f 230 82 337
f 230 334 231
f 230 338 337
f 230 82 338
f 230 82 338
f 230 233 285
f 230 331 332
f 230 233 231
f 230 233 285
f 230 231 287
f 230 231 289
f 230 296 298
f 230 290 231
f 230 295 231
f 230 295 231
f 230 293 231
f 79 234 235
f 79 234 341
f 79 341 340
f 133 153 135
f 133 135 25
f 133 135 31
f 133 135 31
f 133 135 34
f 133 135 34
f 133 135 36
f 133 135 37
f 133 38 70
f 133 38 37
f 133 135 37
f 133 68 70
f 133 42 61
f 133 135 42
f 133 135 42
f 44 59 60
f 44 60 61
f 44 59 43
f 44 42 61
f 44 62 42
f 44 42 696
f 44 63 62
f 44 63 62
f 44 42 694
f 44 42 41
f 44 63 42
f 44 42 694
f 44 63 696
f 44 63 41
f 44 692 42
f 44 692 42
f 44 696 698
f 44 41 698
f 44 41 696
f 44 692 691
f 44 690 691
f 44 689 690
f 44 689 43
f 44 687 43
f 44 687 43
f 44 685 43
f 44 685 684
f 44 683 684
f 44 683 43
f 44 681 43
f 44 680 681
f 44 680 43
f 48 59 60
f 48 60 694
f 48 62 60
f 48 60 694
f 48 59 57
f 48 59 57
f 48 62 60
f 48 694 693
f 48 55 57
f 48 55 49
f 48 55 57
f 48 55 49
f 48 692 49
f 48 693 56
f 48 49 56
f 48 49 693
f 48 692 49
f 48 690 49
f 48 689 690
f 48 689 49
f 48 49 687
f 48 49 687
f 48 685 49
f 48 685 49
f 48 683 49
f 48 683 49
f 48 49 681
f 48 680 49
f 48 680 49
f 171 145 146
f 171 246 172
f 171 153 157
f 171 172 247
f 171 159 157
f 171 162 159
f 171 261 260
f 171 261 263
f 171 162 270
f 171 263 266
f 171 162 266
f 171 162 268
f 176 241 242
f 176 175 242
f 176 175 242
f 176 246 175
f 176 175 247
f 250 270 273
f 250 354 66
f 250 274 276
f 250 347 348
f 140 31 34
f 140 50 46
f 286 352 351
f 286 352 285
f 286 350 351
f 286 350 285
f 286 350 349
f 286 350 285
f 286 347 349
f 286 347 285
f 286 347 287
f 286 347 285
f 286 345 287
f 286 285 345
f 286 345 287
f 286 285 345
f 286 343 287
f 286 285 343
f 286 343 287
f 286 285 343
f 286 287 341
f 286 285 341
f 286 287 341
f 286 240 341
f 286 241 240
f 286 285 241
f 286 285 241
f 286 339 287
f 286 237 238
f 286 285 237
f 286 339 287
f 286 236 237
f 286 236 285
f 286 236 234
f 286 236 285
f 286 233 234
f 286 233 285
f 286 233 285
f 380 350 381
f 380 350 349
f 380 350 381
f 380 286 285
f 380 381 382
f 380 285 382
f 380 349 287
f 380 381 287
f 380 285 284
f 380 347 349
f 380 347 381
f 380 347 381
f 380 284 281
f 380 284 281
f 380 284 382
f 380 472 475
f 380 472 475
f 380 470 381
f 380 470 472
f 380 381 462
f 380 460 458
f 380 381 458
f 380 381 457
f 380 381 457
f 380 381 456
f 380 381 454
f 380 381 454
f 380 381 452
f 585 587 583
f 585 559 583
f 585 559 587
f 585 586 559
f 585 586 587
f 585 559 560
f 585 586 559
f 585 668 669
f 585 587 668
f 585 587 668
f 585 669 670
f 585 586 669
f 585 586 560
f 585 671 670
f 585 586 671
f 585 560 563
f 585 560 563
f 585 586 563
f 585 672 671
f 585 586 672
f 585 565 563
f 585 672 673
f 585 586 672
f 585 565 566
f 585 586 565
f 585 565 563
f 585 586 563
f 585 586 565
f 585 674 673
f 585 586 674
f 585 567 566
f 585 675 674
f 585 586 675
f 585 567 566
f 585 586 566
f 585 675 676
f 585 586 675
f 585 568 574
f 585 568 567
f 585 568 567
f 585 575 574
f 585 676 584
f 585 586 676
f 585 691 575
f 585 678 584
f 585 586 678
f 585 689 575
f 585 689 586
f 585 689 690
f 585 691 656
f 585 586 656
f 585 690 691
f 585 678 679
f 585 586 678
f 585 687 575
f 585 687 575
f 585 586 687
f 585 689 690
f 585 689 586
f 585 690 691
f 585 680 679
f 585 586 680
f 585 685 687
f 585 586 685
f 585 680 681
f 585 685 684
f 585 586 685
f 585 683 681
f 585 683 680
f 585 586 683
f 585 683 684
f 585 586 683
f 257 359 360
f 257 359 258
f 257 258 159
f 257 360 159
f 257 360 258
f 257 161 258
f 257 161 162
f 257 162 258
f 257 165 166
f 257 165 259
f 257 167 166
f 257 167 260
f 257 171 260
f 257 258 259
f 257 268 267
f 257 259 267
f 257 269 268
f 257 258 269
f 257 269 270
f 257 261 260
f 257 259 260
f 257 171 261
f 170 171 246
f 170 168 145
f 170 171 145
f 170 246 168
f 170 171 246
f 170 168 248
f 170 168 247
f 170 171 247
f 170 250 171
f 244 172 174
f 244 175 174
f 244 176 175
f 244 176 246
f 244 345 344
f 244 247 270
f 244 343 344
f 244 246 276
f 244 247 273
f 244 246 247
f 244 283 282
f 244 343 283
f 244 343 283
f 244 281 280
f 244 281 282
f 244 279 280
f 244 241 276
f 244 279 278
f 244 241 278
f 244 241 276
f 244 277 276
f 244 246 277
f 244 246 277
f 173 246 174
f 173 246 172
f 173 172 247
f 173 175 247
f 173 175 174
f 173 171 172
f 173 257 171
f 173 171 261
f 173 257 176
f 173 257 176
f 173 171 153
f 173 176 261
f 173 171 263
f 173 176 263
f 173 171 153
f 173 176 153
f 173 171 268
f 173 176 268
f 173 171 159
f 173 171 270
f 173 171 162
f 499 542 441
f 504 435 436
f 504 434 505
f 504 434 435
f 504 434 433
f 504 433 432
f 504 537 538
f 504 537 505
f 504 505 506
f 502 539 439
f 502 501 539
f 502 440 439
f 502 501 440
f 502 501 440
f 502 501 438
f 502 501 438
f 502 594 539
f 502 501 594
f 502 501 437
f 502 594 505
f 502 501 594
f 502 501 435
f 502 434 501
f 502 501 433
f 502 434 501
f 330 399 400
f 330 331 399
f 330 401 400
f 330 398 399
f 330 331 398
f 330 401 329
f 330 401 400
f 330 331 400
f 330 398 397
f 330 331 398
f 330 403 329
f 330 331 403
f 330 396 397
f 330 396 331
f 330 403 405
f 330 396 395
f 330 396 331
f 330 405 427
f 330 403 405
f 330 331 403
f 330 395 329
f 330 331 395
f 330 429 427
f 330 405 429
f 330 302 329
f 330 331 302
f 330 430 429
f 330 331 430
f 330 430 329
f 330 331 430
f 330 299 329
f 330 331 299
f 330 299 298
f 330 331 299
f 330 296 298
f 330 710 92
f 330 230 296
f 330 297 296
f 330 331 297
f 330 331 297
f 330 92 218
f 330 710 92
f 330 331 710
f 330 331 231
f 330 230 231
f 330 230 331
f 330 227 228
f 330 227 331
f 333 332 399
f 333 334 399
f 333 332 430
f 333 398 332
f 333 334 398
f 333 430 400
f 333 334 400
f 333 332 430
f 333 398 332
f 333 334 398
f 333 332 442
f 333 334 442
f 333 396 332
f 333 396 334
f 333 443 332
f 333 443 334
f 333 443 334
f 333 396 332
f 333 396 334
f 333 334 395
f 333 331 395
f 333 331 332
f 333 334 393
f 333 331 393
f 333 299 393
f 333 331 299
f 333 331 332
f 333 392 299
f 333 334 392
f 333 332 299
f 333 392 299
f 333 334 392
f 333 332 297
f 333 334 297
f 333 332 297
f 333 334 297
f 333 332 295
f 333 334 295
f 333 334 295
f 333 295 293
f 333 332 295
f 333 334 293
f 333 233 334
f 333 332 293
f 333 233 293
f 333 233 334
f 333 332 231
f 333 334 231
f 333 230 332
f 333 230 334
f 333 227 228
f 333 227 334
f 333 334 332
f 333 227 332
f 333 227 334
f 191 88 189
f 191 227 225
f 292 392 294
f 292 294 390
f 292 293 294
f 292 293 387
f 292 293 386
f 292 293 386
f 292 343 386
f 292 293 341
f 292 227 228
f 292 293 339
f 292 338 293
f 292 230 293
f 292 338 293
f 292 293 231
f 292 293 337
f 292 233 293
f 292 293 335
f 292 233 234
f 292 234 235
f 292 334 293
f 292 334 234
f 292 334 234
f 317 318 313
f 317 318 313
f 317 318 311
f 317 318 319
f 317 219 218
f 317 211 318
f 317 318 418
f 317 726 623
f 317 318 726
f 317 318 726
f 317 421 623
f 317 318 421
f 317 318 418
f 317 423 623
f 317 318 423
f 317 318 423
f 317 318 417
f 317 318 415
f 317 318 414
f 317 318 414
f 317 318 412
f 317 318 411
f 317 410 318
f 317 318 407
f 317 318 404
f 317 318 403
f 317 318 403
f 317 318 401
f 317 318 401
f 317 318 399
f 317 318 399
f 321 318 322
f 321 322 309
f 321 322 403
f 321 322 403
f 321 322 404
f 321 322 401
f 321 322 401
f 321 318 401
f 321 219 322
f 321 322 407
f 321 322 399
f 321 318 399
f 321 318 322
f 321 410 322
f 321 213 211
f 321 322 411
f 321 322 412
f 321 100 211
f 321 322 414
f 321 100 101
f 321 322 414
f 321 619 722
f 321 322 415
f 321 619 617
f 321 322 617
f 321 322 417
f 321 619 427
f 321 322 427
f 321 322 426
f 321 322 419
f 321 425 426
f 321 322 426
f 321 322 421
f 321 322 423
f 321 322 423
f 291 396 294
f 291 392 294
f 291 292 392
f 291 290 392
f 291 292 294
f 291 290 392
f 291 292 392
f 291 290 390
f 291 292 390
f 291 290 386
f 291 386 387
f 291 292 387
f 291 292 386
f 291 290 343
f 291 227 290
f 291 292 227
f 291 290 343
f 291 292 343
f 291 290 341
f 291 292 341
f 291 230 290
f 291 292 230
f 291 290 339
f 291 292 339
f 291 290 231
f 291 292 231
f 291 290 338
f 291 292 338
f 291 233 290
f 291 292 233
f 291 290 338
f 291 292 338
f 291 233 290
f 291 292 233
f 291 290 337
f 291 292 337
f 291 290 234
f 291 292 234
f 291 236 235
f 291 236 290
f 291 235 335
f 291 292 335
f 291 292 235
f 291 290 289
f 291 236 289
f 291 236 290
f 305 396 304
f 305 324 304
f 305 396 304
f 305 324 304
f 305 304 398
f 305 304 398
f 305 304 225
f 305 322 225
f 305 399 401
f 305 304 399
f 305 304 403
f 305 304 403
f 305 219 304
f 305 304 210
f 548 444 445
f 548 445 550
f 548 493 447
f 377 456 378
f 377 376 378
f 377 376 456
f 377 457 456
f 377 376 457
f 377 457 458
f 377 376 457
f 377 460 458
f 377 376 460
f 377 460 461
f 377 376 460
f 377 462 461
f 377 376 462
f 377 462 378
f 377 376 462
f 377 376 464
f 377 467 376
f 377 470 376
f 377 467 470
f 377 470 472
f 377 472 376
f 377 276 278
f 377 376 279
f 377 374 276
f 377 374 276
f 377 374 376
f 377 376 281
f 377 281 279
f 377 380 281
f 377 376 281
f 377 376 284
f 377 376 285
f 377 376 352
f 377 286 352
f 377 376 354
f 377 376 352
f 377 352 378
f 377 286 378
f 377 286 352
f 377 354 378
f 377 352 378
f 377 352 354
f 481 480 577
f 481 568 577
f 481 480 568
f 481 480 568
f 481 480 565
f 481 484 386
f 481 480 565
f 481 386 387
f 481 451 387
f 481 386 453
f 481 480 386
f 481 451 453
f 481 563 561
f 481 480 561
f 481 480 563
f 481 480 560
f 481 454 453
f 481 480 453
f 481 480 456
f 481 457 560
f 481 480 560
f 481 480 457
f 481 480 457
f 479 480 577
f 479 480 568
f 479 480 568
f 479 480 565
f 479 380 382
f 479 480 565
f 479 480 384
f 479 480 563
f 479 480 563
f 479 480 561
f 479 480 457
f 479 480 386
f 479 480 457
f 479 456 453
f 479 480 453
f 479 480 456
f 479 560 459
f 479 480 560
f 479 480 560
f 479 480 458
f 489 491 492
f 489 491 490
f 489 487 577
f 489 487 488
f 489 492 392
f 489 491 492
f 489 487 392
f 489 554 490
f 489 554 577
f 489 488 554
f 489 488 554
f 489 487 443
f 489 441 491
f 489 554 490
f 489 554 553
f 489 488 490
f 489 488 553
f 489 443 392
f 489 487 443
f 489 487 488
f 489 443 441
f 489 443 491
f 489 443 441
f 489 443 490
f 489 490 445
f 489 447 445
f 489 488 447
f 489 490 447
f 489 449 490
f 489 488 490
f 489 488 449
f 485 487 484
f 485 558 487
f 485 558 487
f 485 487 486
f 485 559 484
f 485 558 559
f 485 558 559
f 485 558 484
f 485 484 451
f 485 486 451
f 485 558 556
f 485 558 486
f 485 452 484
f 485 486 452
f 485 483 454
f 485 483 484
f 485 483 484
f 485 556 454
f 485 484 454
f 485 486 454
f 485 452 484
f 485 486 452
f 485 484 447
f 485 487 447
f 485 487 484
f 485 556 454
f 485 486 454
f 485 486 556
f 303 324 304
f 303 324 304
f 303 302 328
f 303 304 328
f 303 302 328
f 303 395 328
f 303 304 395
f 303 395 302
f 303 396 395
f 303 396 304
f 303 210 302
f 303 304 210
f 303 396 302
f 303 396 304
f 303 302 208
f 303 398 302
f 303 304 398
f 303 398 399
f 303 304 398
f 303 399 302
f 303 304 399
f 303 403 302
f 303 304 403
f 303 403 404
f 303 304 403
f 406 407 325
f 406 324 325
f 406 324 407
f 406 324 405
f 406 324 407
f 406 322 405
f 406 322 407
f 406 321 322
f 406 321 322
f 406 317 318
f 406 317 318
f 406 313 405
f 406 407 313
f 406 313 405
f 406 407 313
f 406 311 405
f 406 407 311
f 406 311 405
f 406 407 311
f 406 309 405
f 406 309 407
f 406 309 407
f 406 309 404
f 406 309 404
f 406 305 304
f 406 303 304
f 406 404 432
f 406 428 432
f 406 407 428
f 406 407 428
f 406 502 501
f 406 502 501
f 406 502 404
f 420 421 325
f 420 324 325
f 420 324 421
f 420 419 417
f 420 323 419
f 420 324 323
f 420 324 421
f 420 415 417
f 420 421 415
f 420 415 419
f 420 322 323
f 420 322 421
f 420 432 415
f 420 321 322
f 420 321 322
f 420 511 432
f 420 421 511
f 420 414 432
f 420 421 414
f 420 421 414
f 420 511 419
f 420 421 511
f 420 318 319
f 420 318 421
f 420 513 419
f 420 421 513
f 420 317 318
f 420 317 318
f 420 513 514
f 420 421 513
f 420 514 419
f 420 421 514
f 420 210 522
f 420 516 419
f 420 421 516
f 420 522 419
f 420 421 522
f 420 523 210
f 420 523 421
f 420 516 517
f 420 421 516
f 420 419 520
f 420 421 520
f 420 518 517
f 420 421 518
f 420 419 520
f 420 421 520
f 420 518 419
f 420 421 518
f 409 407 408
f 409 410 408
f 409 410 432
f 409 410 505
f 409 406 407
f 409 406 502
f 409 406 505
f 409 410 507
f 409 406 507
f 409 410 507
f 409 406 507
f 409 509 410
f 409 406 509
f 409 309 407
f 409 410 309
f 409 309 407
f 409 410 309
f 409 407 311
f 409 407 408
f 409 410 311
f 409 408 311
f 409 410 311
f 409 408 313
f 409 410 313
f 409 408 313
f 409 410 313
f 409 317 318
f 409 317 410
f 409 318 408
f 409 410 318
f 409 410 322
f 409 321 322
f 409 321 410
f 620 621 425
f 620 621 619
f 620 425 526
f 620 619 526
f 620 621 425
f 620 527 619
f 620 527 621
f 620 527 528
f 620 527 621
f 620 528 619
f 620 621 528
f 620 618 533
f 620 534 618
f 620 534 533
f 620 618 600
f 620 618 632
f 620 632 630
f 620 621 632
f 620 621 632
f 620 621 619
f 620 618 632
f 620 618 619
f 530 620 621
f 530 620 619
f 530 620 531
f 530 531 618
f 530 528 619
f 530 618 528
f 530 531 618
f 530 618 528
f 530 528 427
f 530 616 428
f 530 428 427
f 530 528 428
f 530 616 428
f 530 528 428
f 530 528 430
f 530 430 512
f 530 528 529
f 530 527 430
f 530 527 528
f 530 527 528
f 530 511 529
f 530 531 511
f 532 620 533
f 532 620 531
f 532 618 533
f 532 531 618
f 532 618 533
f 532 531 618
f 532 616 533
f 532 530 531
f 532 530 616
f 532 530 616
f 532 530 430
f 532 530 430
f 532 534 430
f 532 509 531
f 532 616 534
f 532 534 508
f 532 534 533
f 532 509 508
f 532 509 533
f 532 530 512
f 650 651 600
f 650 600 657
f 650 651 600
f 650 707 649
f 650 651 707
f 650 657 706
f 650 651 657
f 650 707 706
f 650 651 707
f 652 651 657
f 652 657 599
f 652 653 657
f 652 651 599
f 652 653 704
f 652 651 704
f 652 597 653
f 652 653 705
f 652 651 705
f 652 653 705
f 652 651 705
f 541 608 609
f 541 542 608
f 541 609 610
f 541 542 609
f 541 608 607
f 541 542 608
f 541 611 610
f 541 607 540
f 541 611 600
f 541 611 600
f 541 542 600
f 541 439 540
f 541 542 606
f 541 600 599
f 541 542 600
f 541 440 439
f 541 542 440
f 541 440 439
f 541 599 598
f 541 542 599
f 541 501 440
f 541 596 598
f 541 542 596
f 541 499 501
f 541 595 596
f 541 595 542
f 541 595 594
f 541 595 542
f 541 542 441
f 541 499 441
f 541 499 542
f 601 594 593
f 601 594 593
f 601 556 593
f 601 592 593
f 601 595 594
f 601 554 594
f 601 592 591
f 601 556 592
f 601 556 592
f 601 554 594
f 601 595 594
f 601 590 591
f 601 592 591
f 601 654 597
f 601 654 597
f 601 595 596
f 601 595 553
f 601 589 590
f 601 558 591
f 601 589 561
f 601 652 597
f 601 559 590
f 601 559 590
f 601 558 559
f 601 551 596
f 601 551 597
f 601 589 560
f 601 589 590
f 601 652 597
f 601 652 651
f 601 551 597
f 601 651 599
f 601 650 651
f 601 548 599
f 601 650 600
f 601 548 600
f 601 650 600
f 601 648 600
f 601 600 647
f 601 648 600
f 614 638 600
f 614 539 600
f 614 638 639
f 614 539 613
f 614 539 600
f 614 615 600
f 614 638 616
f 614 638 616
f 614 537 613
f 614 615 537
f 614 537 613
f 614 615 537
f 614 715 613
f 614 715 616
f 614 613 430
f 614 717 613
f 614 616 717
f 614 534 613
f 614 532 534
f 614 430 323
f 614 616 323
f 614 613 323
f 614 616 323
f 614 532 430
f 614 532 616
f 614 616 534
f 614 532 616
f 614 717 613
f 614 616 717
f 637 615 600
f 637 600 636
f 637 638 600
f 637 616 615
f 637 638 616
f 637 614 615
f 637 614 638
f 637 614 638
f 637 636 16
f 637 638 16
f 637 616 634
f 637 636 2
f 637 638 2
f 637 715 638
f 637 1 636
f 637 638 1
f 637 717 634
f 637 717 634
f 637 638 717
f 637 715 638
f 637 616 634
f 637 715 616
f 637 729 1
f 637 638 729
f 637 717 636
f 637 638 717
f 637 729 636
f 637 638 729
f 637 719 636
f 637 638 719
f 637 727 636
f 637 638 727
f 637 720 719
f 637 638 720
f 637 726 727
f 637 638 726
f 637 720 636
f 637 638 720
f 637 724 638
f 637 722 636
f 637 638 722
f 64 40 41
f 64 63 41
f 64 40 61
f 64 40 41
f 64 40 39
f 64 41 65
f 64 63 41
f 64 133 61
f 64 696 65
f 64 63 696
f 64 67 39
f 64 133 67
f 64 63 135
f 64 133 135
f 64 696 695
f 64 63 696
f 64 68 67
f 64 133 68
f 64 133 68
f 64 135 136
f 64 63 135
f 64 694 695
f 64 63 694
f 64 694 693
f 64 63 694
f 64 692 693
f 64 63 692
f 64 145 65
f 64 63 145
f 64 692 691
f 64 63 692
f 64 147 65
f 64 147 63
f 64 690 691
f 64 63 690
f 64 147 149
f 64 689 690
f 64 689 63
f 64 150 149
f 64 150 63
f 64 689 63
f 64 63 687
f 64 689 688
f 64 689 65
f 64 687 688
f 64 63 687
f 64 63 356
f 64 156 160
f 64 63 156
f 64 355 65
f 64 355 356
f 64 63 252
f 64 161 63
f 64 355 252
f 64 355 252
f 151 62 61
f 151 150 62
f 151 60 61
f 151 150 60
f 151 63 62
f 151 150 63
f 151 59 60
f 151 150 59
f 151 64 63
f 151 64 150
f 151 59 152
f 151 150 59
f 151 64 152
f 151 64 150
f 151 152 57
f 151 150 57
f 151 150 66
f 151 150 55
f 151 152 57
f 151 55 57
f 151 55 152
f 151 55 152
f 151 150 55
f 151 161 152
f 151 52 152
f 151 150 52
f 151 52 51
f 151 150 52
f 151 150 162
f 151 50 51
f 151 150 50
f 151 50 49
f 151 150 50
f 151 152 39
f 45 151 150
f 45 151 150
f 45 151 152
f 45 151 46
f 45 153 152
f 45 153 46
f 45 52 43
f 45 52 46
f 45 44 43
f 45 59 46
f 45 44 59
f 45 59 46
f 45 44 59
f 45 675 674
f 45 675 46
f 45 675 43
f 45 675 46
f 45 46 60
f 45 44 60
f 45 43 676
f 45 46 676
f 45 46 62
f 45 44 62
f 45 678 43
f 45 46 678
f 45 46 62
f 45 44 62
f 45 678 43
f 45 44 43
f 45 46 678
f 45 46 696
f 45 44 696
f 45 46 680
f 45 44 680
f 45 46 694
f 45 44 694
f 45 46 680
f 45 44 680
f 45 46 694
f 45 44 694
f 45 46 681
f 45 44 681
f 45 46 692
f 45 44 692
f 45 46 683
f 45 44 683
f 45 46 692
f 45 44 692
f 45 46 683
f 45 44 683
f 45 46 690
f 45 44 690
f 45 46 685
f 45 44 685
f 45 689 46
f 45 44 689
f 45 46 685
f 45 44 685
f 45 689 46
f 45 44 689
f 45 46 687
f 45 44 687
f 45 46 687
f 45 44 687
f 148 62 149
f 148 147 62
f 148 149 60
f 148 147 60
f 148 63 62
f 148 147 63
f 148 59 149
f 148 147 59
f 148 64 63
f 148 64 147
f 148 64 147
f 148 59 149
f 148 147 59
f 148 149 57
f 148 57 146
f 148 147 146
f 148 55 57
f 148 150 55
f 148 150 149
f 148 55 54
f 148 150 55
f 148 52 54
f 148 150 52
f 148 52 51
f 148 150 52
f 148 50 51
f 148 150 50
f 148 150 50
f 148 45 46
f 148 45 150
f 148 45 43
f 148 45 150
f 148 39 43
f 148 147 146
f 148 147 167
f 148 36 39
f 148 151 39
f 148 151 150
f 148 147 149
f 148 147 167
f 148 36 146
f 148 167 162
f 148 151 150
f 148 165 149
f 148 165 150
f 148 165 150
f 148 34 146
f 148 171 146
f 148 171 153
f 148 171 153
f 148 31 34
f 148 151 162
f 148 167 162
f 148 151 162
f 148 153 162
f 148 153 162
f 588 587 668
f 588 589 668
f 588 589 587
f 588 587 668
f 588 668 669
f 588 589 668
f 588 671 669
f 588 587 671
f 588 601 589
f 588 672 671
f 588 672 587
f 588 586 587
f 588 601 589
f 588 672 673
f 588 672 587
f 588 587 561
f 588 589 561
f 588 674 673
f 588 587 674
f 588 587 674
f 588 586 564
f 588 586 587
f 588 587 560
f 588 589 560
f 588 563 564
f 588 587 563
f 588 587 563
f 588 559 587
f 588 589 559
f 588 558 559
f 588 589 558
f 588 558 587
f 588 589 587
f 588 589 558
f 47 153 49
f 47 153 46
f 47 151 49
f 47 151 46
f 47 151 150
f 47 151 150
f 47 148 150
f 47 148 150
f 47 148 46
f 47 50 46
f 47 148 50
f 47 148 50
f 47 48 49
f 47 675 49
f 47 675 46
f 47 52 50
f 47 52 46
f 47 59 46
f 47 48 59
f 47 49 676
f 47 46 676
f 47 50 46
f 47 52 46
f 47 52 50
f 47 55 49
f 47 52 55
f 47 52 55
f 47 59 46
f 47 48 59
f 47 49 678
f 47 46 678
f 47 46 60
f 47 48 60
f 47 49 678
f 47 48 49
f 47 46 678
f 47 46 62
f 47 48 62
f 47 46 680
f 47 48 680
f 47 46 62
f 47 48 62
f 47 46 680
f 47 48 680
f 47 46 694
f 47 48 694
f 47 46 681
f 47 48 681
f 47 46 694
f 47 48 694
f 47 46 683
f 47 48 683
f 47 46 692
f 47 48 692
f 47 46 683
f 47 48 683
f 47 46 692
f 47 48 692
f 47 46 685
f 47 48 685
f 47 46 690
f 47 48 690
f 47 46 685
f 47 48 685
f 47 689 46
f 47 48 689
f 47 46 687
f 47 48 687
f 47 689 46
f 47 48 689
f 47 46 687
f 47 48 687
f 154 155 55
f 154 153 55
f 154 153 155
f 154 155 57
f 154 153 57
f 154 155 57
f 154 153 57
f 154 59 155
f 154 153 59
f 154 59 155
f 154 153 59
f 154 155 60
f 154 153 60
f 154 153 62
f 154 156 155
f 154 156 62
f 154 63 156
f 154 63 62
f 154 153 62
f 154 64 63
f 154 64 63
f 154 156 159
f 154 156 155
f 154 153 159
f 154 153 155
f 154 64 152
f 154 64 156
f 154 151 152
f 154 161 152
f 154 161 153
f 154 161 153
f 154 156 66
f 154 156 66
f 154 151 152
f 154 151 66
f 220 92 218
f 220 219 218
f 220 331 91
f 220 330 92
f 220 330 92
f 220 330 331
f 220 330 218
f 220 218 328
f 220 218 328
f 220 324 218
f 220 324 218
f 220 219 218
f 220 219 322
f 220 321 219
f 220 317 219
f 220 219 313
f 220 219 313
f 220 219 311
f 220 219 311
f 220 219 309
f 220 305 219
f 220 303 219
f 220 303 219
f 216 215 328
f 216 215 218
f 216 328 329
f 216 218 329
f 216 218 328
f 216 218 328
f 216 215 328
f 216 324 218
f 216 215 324
f 216 324 218
f 216 215 324
f 216 322 218
f 216 215 322
f 216 321 322
f 216 321 215
f 216 215 318
f 216 317 318
f 216 317 215
f 216 215 313
f 216 215 313
f 216 215 311
f 216 215 311
f 216 215 309
f 216 215 309
f 216 305 215
f 216 303 215
f 216 303 215
f 216 215 299
f 216 215 204
f 216 215 204
f 216 215 203
f 216 215 218
f 214 203 94
f 214 215 94
f 214 215 203
f 214 203 206
f 214 213 206
f 214 213 95
f 214 95 94
f 214 215 94
f 214 204 203
f 214 215 204
f 214 204 206
f 214 215 204
f 214 213 324
f 214 215 324
f 214 213 324
f 214 215 324
f 214 213 322
f 214 215 322
f 214 321 213
f 214 321 215
f 214 213 318
f 214 215 318
f 214 317 213
f 214 317 215
f 214 213 313
f 214 215 313
f 214 303 215
f 214 213 313
f 214 215 313
f 214 303 215
f 214 213 311
f 214 215 311
f 214 305 215
f 214 213 311
f 214 215 311
f 214 213 309
f 214 215 309
f 214 213 309
f 214 215 309
f 164 64 252
f 164 64 63
f 164 250 165
f 164 66 160
f 164 151 150
f 164 150 66
f 164 165 66
f 164 154 66
f 164 154 151
f 164 154 151
f 164 150 149
f 164 165 150
f 164 149 68
f 164 165 68
f 164 165 149
f 187 236 185
f 187 236 186
f 187 241 185
f 187 241 238
f 187 236 186
f 187 188 236
f 187 241 278
f 187 233 186
f 187 188 233
f 187 233 186
f 187 188 233
f 187 186 231
f 187 188 231
f 187 188 186
f 226 194 195
f 226 191 227
f 226 227 285
f 226 227 287
f 226 285 195
f 226 227 195
f 226 227 285
f 226 227 290
f 226 291 227
f 226 291 292
f 226 292 227
f 226 227 293
f 226 227 295
f 226 227 295
f 226 227 297
f 226 225 297
f 226 227 297
f 226 225 299
f 226 227 299
f 226 225 299
f 226 227 299
f 226 303 324
f 226 324 325
f 226 225 328
f 226 227 328
f 226 225 328
f 226 227 328
f 226 330 225
f 226 330 227
f 226 227 331
f 226 330 331
f 226 330 227
f 301 228 327
f 301 227 228
f 301 328 327
f 301 302 328
f 301 226 227
f 301 226 227
f 301 328 329
f 301 302 328
f 301 226 225
f 301 330 329
f 301 330 302
f 301 226 303
f 301 303 324
f 301 226 324
f 301 226 303
f 301 330 331
f 301 330 331
f 301 333 331
f 301 333 393
f 301 333 331
f 301 393 300
f 301 302 300
f 301 331 393
f 301 331 302
f 301 215 302
f 301 216 215
f 301 216 215
f 99 98 727
f 99 100 727
f 99 98 729
f 99 100 729
f 99 726 98
f 99 100 726
f 99 98 729
f 99 100 729
f 99 98 1
f 99 100 1
f 99 98 3
f 99 100 3
f 99 98 722
f 99 100 722
f 99 98 4
f 99 100 4
f 99 98 4
f 99 100 4
f 99 720 719
f 99 98 719
f 99 322 720
f 99 6 98
f 99 6 100
f 99 321 322
f 99 321 100
f 99 322 720
f 99 6 7
f 99 6 100
f 99 321 211
f 99 321 100
f 99 322 719
f 99 719 323
f 99 8 7
f 99 8 100
f 99 211 322
f 99 324 323
f 99 97 719
f 99 97 98
f 99 211 324
f 99 100 98
f 99 8 98
f 99 8 100
f 99 324 717
f 99 97 717
f 99 213 211
f 99 97 211
f 99 211 210
f 99 100 211
f 99 97 324
f 99 97 213
f 99 97 213
f 99 97 206
f 99 207 206
f 99 210 101
f 99 97 203
f 99 207 210
f 99 207 206
f 99 204 203
f 99 204 206
f 99 207 101
f 99 97 203
f 99 204 203
f 99 97 201
f 99 203 101
f 99 97 201
f 99 201 101
f 99 97 98
f 99 201 200
f 99 111 109
f 99 100 109
f 99 100 111
f 99 98 111
f 99 100 111
f 99 100 98
f 466 573 465
f 466 467 465
f 466 467 573
f 466 573 465
f 466 467 573
f 466 465 358
f 466 359 358
f 466 467 359
f 466 359 465
f 466 359 360
f 466 467 359
f 466 360 465
f 466 467 360
f 466 465 362
f 466 467 362
f 466 465 362
f 466 467 362
f 466 465 363
f 466 467 363
f 466 465 365
f 466 467 365
f 466 366 465
f 466 467 366
f 466 366 465
f 466 467 366
f 466 465 368
f 466 467 368
f 466 465 368
f 466 467 368
f 466 465 369
f 466 467 369
f 466 465 370
f 466 467 370
f 466 465 371
f 466 467 371
f 466 467 373
f 466 464 465
f 466 464 373
f 466 467 374
f 466 374 464
f 466 467 374
f 466 374 464
f 466 467 376
f 466 376 464
f 466 377 467
f 466 377 376
f 466 472 464
f 466 377 467
f 466 472 471
f 466 472 464
f 466 377 378
f 466 377 464
f 466 471 465
f 466 467 465
f 466 470 472
f 466 472 462
f 466 470 471
f 466 467 470
f 466 470 472
f 466 470 381
f 466 380 462
f 466 380 381
f 466 380 470
f 466 380 467
f 466 381 462
f 466 472 382
f 466 458 382
f 466 472 458
f 466 458 461
f 466 462 461
f 466 472 458
f 466 472 462
f 725 729 91
f 725 6 729
f 725 6 729
f 725 8 6
f 725 6 727
f 725 92 91
f 725 92 727
f 725 724 8
f 725 8 90
f 725 6 726
f 725 724 6
f 725 92 727
f 725 727 94
f 725 727 95
f 725 727 95
f 725 726 727
f 725 97 726
f 725 724 97
f 725 97 726
f 725 724 97
f 725 99 726
f 725 99 724
f 725 99 100
f 725 99 724
f 725 100 726
f 725 724 100
f 725 726 102
f 725 724 102
f 725 102 210
f 725 726 210
f 725 726 102
f 725 211 102
f 725 724 211
f 725 318 726
f 725 211 319
f 725 724 211
f 725 318 319
f 725 318 726
f 725 724 621
f 725 625 726
f 725 625 724
f 725 726 630
f 725 724 630
f 725 726 632
f 725 724 632
f 725 726 632
f 725 724 632
f 725 726 634
f 725 724 634
f 725 726 634
f 725 724 634
f 725 726 635
f 725 724 635
f 725 637 726
f 725 637 724
f 725 637 724
f 723 638 639
f 723 724 639
f 723 724 638
f 723 637 638
f 723 637 724
f 723 637 722
f 723 637 724
f 723 635 722
f 723 724 635
f 723 634 635
f 723 724 634
f 723 634 722
f 723 724 634
f 723 722 632
f 723 724 632
f 723 722 632
f 723 632 630
f 723 724 630
f 723 724 632
f 723 628 626
f 723 628 724
f 723 625 626
f 723 625 724
f 723 625 722
f 723 625 724
f 723 621 722
f 723 724 621
f 723 621 619
f 723 100 722
f 723 724 100
f 723 724 211
f 723 724 211
f 723 99 100
f 723 99 724
f 723 99 98
f 723 99 724
f 723 97 98
f 723 724 97
f 723 97 722
f 723 724 97
f 723 722 96
f 723 95 96
f 723 725 95
f 723 725 724
f 723 95 94
f 723 725 95
f 723 94 93
f 723 725 94
f 723 92 93
f 723 725 92
f 723 92 91
f 723 725 92
f 723 90 91
f 723 725 90
f 723 90 89
f 723 90 10
f 723 10 89
f 723 10 722
f 723 8 90
f 723 725 8
f 723 725 724
f 723 8 10
f 723 724 8
f 627 726 727
f 627 628 726
f 627 727 626
f 627 628 727
f 627 725 726
f 627 725 628
f 627 626 729
f 627 628 729
f 627 628 724
f 627 725 724
f 627 725 628
f 627 626 729
f 627 628 729
f 627 628 1
f 627 1 522
f 627 626 1
f 627 628 2
f 627 523 626
f 627 625 523
f 627 625 523
f 627 625 525
f 627 625 525
f 627 525 600
f 627 628 600
f 627 525 600
f 627 625 527
f 627 527 600
f 627 527 528
f 627 625 528
f 627 625 527
f 627 628 600
f 629 722 630
f 629 628 722
f 629 720 630
f 629 723 722
f 629 723 628
f 629 720 626
f 629 628 626
f 629 723 724
f 629 723 628
f 629 626 719
f 629 720 719
f 629 720 626
f 629 626 623
f 629 725 724
f 629 725 628
f 629 725 726
f 629 725 628
f 629 726 727
f 629 628 726
f 629 631 2
f 629 628 631
f 629 628 2
f 629 727 728
f 629 628 727
f 629 1 631
f 629 1 630
f 629 628 1
f 629 729 728
f 629 628 729
f 629 729 1
f 629 628 729
f 714 643 644
f 714 715 643
f 714 644 713
f 714 715 644
f 714 641 643
f 714 715 641
f 714 707 713
f 714 715 707
f 714 641 713
f 714 715 641
f 714 707 713
f 714 715 707
f 714 715 639
f 714 613 713
f 714 639 613
f 714 614 639
f 714 614 715
f 714 614 616
f 714 614 715
f 714 88 713
f 714 715 88
f 714 612 613
f 714 612 715
f 714 638 616
f 714 715 638
f 714 715 638
f 714 88 713
f 714 715 88
f 714 612 611
f 714 612 715
f 714 90 713
f 714 715 90
f 714 611 609
f 714 715 611
f 714 90 91
f 714 609 713
f 714 92 91
f 714 90 91
f 714 715 90
f 714 713 607
f 714 92 713
f 714 92 91
f 714 95 713
f 714 715 609
f 714 94 713
f 714 92 716
f 714 95 94
f 714 94 716
f 714 95 94
f 229 230 82
f 229 228 335
f 229 230 335
f 229 228 195
f 229 230 195
f 229 334 228
f 229 230 334
f 229 228 285
f 229 230 285
f 229 333 334
f 229 333 230
f 229 228 285
f 229 230 285
f 229 333 228
f 229 333 230
f 229 228 287
f 229 230 287
f 229 331 228
f 229 230 331
f 229 230 289
f 229 330 331
f 229 330 230
f 229 290 289
f 229 290 228
f 229 230 290
f 229 330 228
f 229 330 230
f 229 291 290
f 229 291 230
f 229 228 328
f 229 291 292
f 229 291 292
f 229 328 299
f 229 228 328
f 229 292 228
f 229 292 230
f 229 299 298
f 229 230 298
f 229 228 299
f 229 228 293
f 229 230 293
f 229 228 297
f 229 228 295
f 229 230 295
f 229 297 296
f 229 230 296
f 229 228 297
f 229 228 295
f 229 230 295
f 119 22 116
f 119 117 22
f 119 117 22
f 119 117 24
f 119 201 117
f 119 90 117
f 119 90 117
f 119 24 25
f 119 203 116
f 119 117 116
f 119 201 200
f 119 204 203
f 119 90 88
f 119 88 24
f 119 90 88
f 119 194 195
f 119 90 91
f 130 133 25
f 130 133 31
f 130 187 186
f 130 32 31
f 178 241 242
f 178 244 246
f 178 136 76
f 74 176 175
f 74 175 242
f 74 242 240
f 74 175 174
f 74 347 242
f 74 174 242
f 74 347 348
f 74 347 348
f 74 348 242
f 74 172 174
f 74 348 346
f 74 346 566
f 74 348 349
f 74 566 574
f 74 350 349
f 74 170 168
f 74 693 574
f 74 350 351
f 74 694 693
f 74 692 693
f 74 246 350
f 74 167 168
f 74 694 695
f 74 246 168
f 74 147 145
f 74 147 167
f 74 69 698
f 74 698 699
f 74 695 698
f 74 692 67
f 74 352 351
f 74 246 351
f 74 147 167
f 74 700 69
f 74 68 69
f 74 71 701
f 74 701 699
f 74 701 700
f 74 694 67
f 74 692 691
f 74 352 353
f 74 352 351
f 74 351 247
f 74 168 247
f 74 165 147
f 74 165 68
f 74 68 67
f 74 167 67
f 74 167 168
f 74 701 70
f 74 701 700
f 74 696 695
f 74 68 696
f 74 68 696
f 74 701 702
f 74 71 701
f 74 694 67
f 74 68 67
f 74 66 691
f 74 692 66
f 74 692 66
f 74 66 353
f 74 352 353
f 74 147 68
f 74 167 66
f 74 167 66
f 74 703 702
f 74 71 703
f 74 66 353
f 74 147 149
f 74 165 149
f 74 165 147
f 74 703 704
f 74 705 704
f 74 703 32
f 74 705 14
f 74 705 32
f 74 705 14
f 74 705 32
f 138 74 175
f 142 173 153
f 142 173 176
f 142 37 36
f 379 352 381
f 379 380 381
f 379 352 351
f 379 351 378
f 379 352 378
f 379 352 381
f 379 286 378
f 379 380 286
f 379 350 351
f 379 380 350
f 379 380 350
f 379 451 378
f 379 381 451
f 379 452 451
f 379 381 452
f 379 380 381
f 379 380 286
f 379 452 453
f 379 380 452
f 379 377 286
f 379 377 286
f 379 454 453
f 379 380 454
f 379 380 285
f 379 377 285
f 379 454 378
f 379 380 454
f 379 380 470
f 379 377 470
f 379 380 472
f 379 377 472
f 379 380 284
f 379 377 284
f 379 456 378
f 379 380 456
f 379 380 467
f 379 377 467
f 379 377 467
f 379 380 475
f 379 377 475
f 379 380 281
f 379 377 281
f 379 377 380
f 379 457 456
f 379 380 457
f 379 466 467
f 379 466 380
f 379 457 458
f 379 380 457
f 379 466 378
f 379 466 380
f 379 460 458
f 379 380 460
f 379 462 378
f 379 380 462
f 379 460 461
f 379 380 460
f 379 462 461
f 379 380 462
f 163 257 162
f 163 257 165
f 163 162 259
f 163 165 259
f 163 165 162
f 163 165 150
f 163 151 150
f 163 164 165
f 163 164 151
f 163 161 162
f 163 161 162
f 163 151 162
f 163 151 161
f 163 151 161
f 163 164 151
f 163 64 161
f 163 164 63
f 163 64 160
f 163 164 160
f 163 164 64
f 163 64 161
f 163 164 64
f 251 250 273
f 251 252 274
f 251 250 274
f 251 173 250
f 251 252 274
f 251 250 274
f 251 250 171
f 251 348 252
f 251 168 252
f 251 250 168
f 251 348 277
f 251 250 277
f 251 250 348
f 251 348 252
f 251 250 348
f 251 167 168
f 251 250 167
f 251 350 252
f 251 250 350
f 251 167 252
f 251 250 167
f 251 350 351
f 251 250 350
f 251 165 252
f 251 250 165
f 251 352 351
f 251 250 352
f 251 164 165
f 251 164 250
f 251 352 252
f 251 250 352
f 251 164 252
f 251 354 252
f 251 250 354
f 251 354 252
f 251 164 66
f 251 164 250
f 251 354 66
f 251 250 354
f 245 246 348
f 245 74 348
f 245 246 347
f 245 74 348
f 245 246 350
f 245 74 350
f 245 74 246
f 245 347 348
f 245 246 347
f 245 244 172
f 245 74 172
f 245 170 246
f 245 170 246
f 245 74 246
f 245 74 170
f 245 74 170
f 245 347 346
f 245 246 345
f 245 173 246
f 245 345 346
f 245 244 345
f 245 246 345
f 245 244 345
f 245 244 172
f 245 173 172
f 245 173 246
f 245 246 175
f 245 244 175
f 245 244 246
f 245 282 344
f 245 246 344
f 245 343 282
f 245 244 343
f 245 244 343
f 245 281 282
f 245 244 281
f 245 244 281
f 245 246 279
f 245 244 279
f 245 246 279
f 245 244 279
f 245 244 246
f 498 438 437
f 498 499 438
f 498 437 497
f 498 499 437
f 498 438 439
f 498 499 438
f 498 435 497
f 498 499 435
f 498 440 439
f 498 499 440
f 498 434 435
f 498 499 434
f 498 441 440
f 498 499 441
f 498 434 433
f 498 499 434
f 498 441 442
f 498 499 441
f 498 433 403
f 498 433 404
f 498 403 404
f 498 496 433
f 498 433 403
f 498 496 433
f 498 496 398
f 498 496 593
f 498 496 396
f 500 501 438
f 500 499 438
f 500 501 437
f 500 499 437
f 500 501 438
f 500 499 438
f 500 501 435
f 500 499 435
f 500 501 440
f 500 499 440
f 500 499 501
f 500 434 501
f 500 499 434
f 500 434 501
f 500 499 434
f 500 501 433
f 500 498 433
f 500 498 499
f 500 498 404
f 500 406 404
f 500 406 501
f 500 406 501
f 500 501 404
f 500 498 404
f 500 498 398
f 500 498 594
f 500 541 542
f 500 541 499
f 500 541 499
f 500 594 593
f 500 501 594
f 500 498 593
f 500 501 594
f 500 541 594
f 500 541 501
f 500 501 505
f 503 539 439
f 503 502 539
f 503 438 439
f 503 502 438
f 503 438 437
f 503 502 438
f 503 539 538
f 503 504 538
f 503 502 539
f 503 437 436
f 503 504 436
f 503 502 437
f 503 502 505
f 503 504 435
f 503 502 435
f 503 537 505
f 503 504 537
f 503 504 537
f 503 504 432
f 503 504 434
f 503 502 434
f 503 409 432
f 503 409 502
f 503 504 433
f 503 502 433
f 503 504 434
f 503 502 434
f 503 406 502
f 503 409 406
f 503 409 406
f 193 88 194
f 193 191 88
f 193 90 194
f 193 191 88
f 193 90 194
f 193 88 225
f 193 88 194
f 193 191 225
f 193 226 194
f 193 226 191
f 193 92 91
f 193 92 194
f 193 92 194
f 193 226 194
f 193 226 227
f 193 227 228
f 316 317 313
f 316 317 313
f 316 319 311
f 316 317 311
f 316 317 319
f 316 220 317
f 316 317 219
f 316 216 317
f 316 214 317
f 316 214 317
f 316 317 211
f 316 420 317
f 316 420 421
f 316 420 317
f 316 317 418
f 316 317 421
f 316 317 418
f 316 317 417
f 316 317 415
f 316 317 414
f 316 317 414
f 316 317 412
f 316 317 411
f 316 317 410
f 316 409 317
f 316 409 317
f 316 317 407
f 316 406 317
f 316 406 317
f 316 317 404
f 316 317 403
f 316 317 403
f 316 317 401
f 316 317 401
f 316 317 399
f 320 318 309
f 320 321 318
f 320 321 309
f 320 406 318
f 320 406 321
f 320 318 404
f 320 321 404
f 320 406 318
f 320 406 321
f 320 318 403
f 320 321 403
f 320 318 408
f 320 318 407
f 320 321 407
f 320 318 403
f 320 321 403
f 320 220 219
f 320 220 321
f 320 409 408
f 320 409 321
f 320 318 401
f 320 321 401
f 320 321 318
f 320 219 218
f 320 321 219
f 320 409 410
f 320 409 321
f 320 410 319
f 320 321 410
f 320 216 215
f 320 216 321
f 320 319 411
f 320 321 411
f 320 214 215
f 320 214 321
f 320 319 412
f 320 321 412
f 320 214 213
f 320 214 321
f 320 414 319
f 320 321 414
f 320 213 211
f 320 321 213
f 320 414 319
f 320 321 414
f 320 321 211
f 320 319 415
f 320 321 415
f 320 723 211
f 320 723 211
f 320 319 417
f 320 321 417
f 320 723 722
f 320 319 418
f 320 722 101
f 320 321 101
f 320 321 722
f 320 321 619
f 320 723 619
f 320 723 621
f 320 723 621
f 320 418 419
f 320 321 419
f 320 319 418
f 320 621 619
f 320 321 425
f 320 619 426
f 320 321 426
f 320 321 619
f 320 420 319
f 320 420 321
f 320 621 425
f 320 621 425
f 320 425 319
f 320 321 425
f 320 420 421
f 320 420 321
f 320 423 319
f 320 321 423
f 320 421 319
f 320 321 421
f 320 423 319
f 320 321 423
f 306 325 308
f 306 324 325
f 306 305 324
f 306 305 396
f 306 305 324
f 306 398 308
f 306 305 398
f 306 305 322
f 306 398 308
f 306 305 398
f 306 308 399
f 306 305 399
f 306 321 322
f 306 305 322
f 306 308 401
f 306 305 401
f 306 403 308
f 306 305 403
f 306 403 404
f 306 305 403
f 306 406 404
f 306 406 305
f 306 220 305
f 306 406 407
f 306 406 305
f 306 305 219
f 306 409 407
f 306 216 305
f 306 214 305
f 306 308 210
f 306 305 210
f 546 444 495
f 546 496 593
f 546 597 596
f 482 484 577
f 482 481 577
f 482 481 484
f 482 483 484
f 482 483 577
f 482 481 577
f 482 483 484
f 482 483 565
f 482 481 565
f 482 484 451
f 482 481 451
f 482 481 484
f 482 483 451
f 482 481 451
f 482 483 565
f 482 481 565
f 482 483 454
f 482 481 454
f 482 481 563
f 482 483 454
f 482 481 454
f 482 560 563
f 482 481 560
f 482 483 456
f 482 481 456
f 482 559 560
f 482 483 559
f 482 558 483
f 482 559 456
f 482 558 483
f 482 558 559
f 482 457 456
f 482 481 457
f 482 481 457
f 385 481 480
f 385 481 480
f 385 479 480
f 385 479 480
f 385 481 484
f 385 481 484
f 385 484 386
f 385 456 384
f 385 457 456
f 385 479 386
f 385 479 456
f 385 453 384
f 385 456 453
f 385 386 287
f 385 284 287
f 385 284 287
f 385 451 453
f 385 451 386
f 385 287 384
f 385 386 287
f 385 451 384
f 385 451 386
f 385 290 384
f 385 290 386
f 385 449 384
f 385 449 386
f 385 291 290
f 385 291 290
f 385 291 343
f 385 347 447
f 385 343 386
f 385 292 343
f 385 291 292
f 385 291 292
f 385 347 384
f 385 347 386
f 385 347 348
f 385 347 447
f 385 386 345
f 385 343 345
f 385 343 345
f 385 345 384
f 385 386 345
f 478 577 477
f 478 479 577
f 478 479 380
f 478 479 568
f 478 380 475
f 478 479 382
f 478 577 477
f 478 568 477
f 478 568 577
f 478 568 567
f 478 479 568
f 478 475 382
f 478 479 384
f 478 567 477
f 478 475 384
f 478 385 479
f 478 565 477
f 478 565 567
f 478 479 565
f 478 475 457
f 478 385 457
f 478 565 477
f 478 479 565
f 478 475 458
f 478 475 457
f 478 479 457
f 478 479 457
f 478 385 457
f 478 385 479
f 478 563 477
f 478 479 563
f 478 458 459
f 478 479 458
f 478 563 477
f 478 479 563
f 478 460 459
f 478 477 561
f 478 479 561
f 478 460 477
f 478 460 459
f 478 479 459
f 448 485 487
f 448 487 488
f 448 487 488
f 448 487 449
f 448 485 487
f 448 489 488
f 448 489 488
f 448 485 484
f 448 485 484
f 448 489 490
f 448 489 449
f 448 447 389
f 448 387 450
f 448 449 387
f 448 447 387
f 448 491 490
f 448 484 450
f 448 484 389
f 448 447 386
f 448 449 386
f 448 447 389
f 448 484 389
f 448 484 447
f 448 491 490
f 448 449 490
f 448 385 447
f 448 385 449
f 448 551 449
f 448 385 449
f 448 447 550
f 448 551 550
f 448 551 449
f 448 385 348
f 448 385 447
f 448 553 447
f 448 449 553
f 448 348 384
f 448 449 384
f 448 347 447
f 448 347 449
f 448 449 553
f 448 348 349
f 448 449 349
f 448 449 348
f 448 347 447
f 448 347 449
f 448 447 345
f 448 449 345
f 448 447 345
f 448 449 345
f 448 343 447
f 448 449 343
f 448 338 447
f 448 449 338
f 448 343 447
f 448 449 343
f 448 447 337
f 448 338 447
f 448 447 339
f 448 449 339
f 448 447 341
f 448 449 341
f 448 447 341
f 448 449 341
f 535 620 534
f 535 618 536
f 535 534 618
f 535 618 600
f 535 620 618
f 535 534 600
f 535 620 534
f 535 616 536
f 535 616 534
f 535 616 615
f 535 616 534
f 535 614 615
f 535 614 534
f 535 614 613
f 535 614 534
f 535 537 613
f 535 612 537
f 535 534 613
f 535 612 613
f 535 612 611
f 535 534 430
f 535 612 611
f 535 611 537
f 535 537 430
f 535 504 537
f 535 504 537
f 535 504 506
f 535 507 506
f 535 534 507
f 535 507 506
f 535 534 507
f 535 505 506
f 535 504 505
f 535 504 505
f 510 532 530
f 510 532 530
f 510 530 511
f 510 530 531
f 510 532 509
f 510 532 512
f 510 532 509
f 510 531 533
f 510 509 531
f 510 430 429
f 510 511 429
f 510 430 512
f 510 509 430
f 510 509 430
f 510 595 533
f 510 595 509
f 510 511 428
f 510 595 594
f 510 595 509
f 510 428 432
f 510 509 432
f 510 511 428
f 510 594 511
f 510 509 594
f 510 511 432
f 510 432 418
f 510 509 432
f 510 511 418
f 510 511 415
f 510 509 415
f 510 414 511
f 510 509 414
f 510 414 511
f 510 509 414
f 510 511 412
f 510 509 412
f 510 511 411
f 510 509 411
f 510 410 511
f 510 509 410
f 510 409 410
f 510 409 509
f 602 556 555
f 602 601 556
f 602 601 556
f 602 449 555
f 602 448 449
f 602 448 553
f 602 448 553
f 602 448 449
f 602 553 447
f 602 448 447
f 602 449 560
f 602 558 449
f 602 558 449
f 602 601 560
f 602 601 558
f 602 338 339
f 602 449 338
f 602 338 336
f 602 553 446
f 602 601 553
f 602 554 553
f 602 601 554
f 602 601 554
f 602 447 446
f 602 340 561
f 602 561 562
f 602 601 561
f 602 558 559
f 602 601 559
f 602 601 558
f 602 339 340
f 602 449 339
f 602 338 337
f 602 448 337
f 602 448 338
f 602 550 446
f 602 335 336
f 602 340 561
f 602 449 561
f 602 449 340
f 602 564 562
f 602 551 550
f 602 601 551
f 602 601 551
f 602 445 550
f 602 335 709
f 602 445 446
f 602 335 445
f 602 588 564
f 602 588 601
f 602 444 445
f 602 564 574
f 602 656 574
f 602 588 564
f 602 334 335
f 602 444 335
f 602 654 653
f 602 601 654
f 602 586 656
f 602 588 586
f 602 548 444
f 602 652 651
f 602 652 653
f 602 601 652
f 602 601 652
f 602 334 332
f 602 334 444
f 602 588 586
f 602 588 601
f 602 548 443
f 602 650 651
f 602 601 650
f 602 331 332
f 602 331 710
f 602 331 332
f 602 443 334
f 602 443 334
f 602 443 332
f 602 546 442
f 602 330 331
f 602 332 442
f 602 330 331
f 602 441 544
f 602 441 442
f 602 441 442
f 655 595 596
f 655 601 595
f 655 601 595
f 655 601 654
f 655 597 596
f 655 654 597
f 655 602 601
f 655 602 601
f 655 597 657
f 655 654 597
f 655 602 656
f 655 602 654
f 655 657 656
f 655 656 702
f 655 654 702
f 655 703 657
f 655 654 703
f 655 654 703
f 549 601 548
f 549 548 597
f 549 601 597
f 549 601 597
f 549 602 548
f 549 602 601
f 549 602 601
f 549 597 596
f 549 548 597
f 549 595 596
f 549 548 595
f 549 595 594
f 549 551 594
f 549 551 594
f 549 551 592
f 549 592 593
f 549 551 592
f 549 551 494
f 549 494 496
f 549 548 494
f 549 551 492
f 549 494 493
f 549 551 494
f 549 491 492
f 549 493 447
f 549 548 493
f 549 491 447
f 549 448 447
f 549 448 491
f 549 448 491
f 549 447 550
f 549 548 550
f 549 548 447
f 221 220 219
f 221 219 295
f 221 292 219
f 221 201 200
f 221 219 201
f 221 226 287
f 221 291 219
f 221 226 290
f 221 219 295
f 221 291 292
f 221 201 205
f 221 287 288
f 221 219 297
f 221 205 287
f 221 201 205
f 221 219 205
f 221 219 201
f 221 220 324
f 221 219 297
f 221 220 324
f 221 219 299
f 221 220 322
f 221 219 299
f 221 220 321
f 221 301 219
f 221 320 220
f 221 220 219
f 221 301 219
f 221 220 303
f 221 320 220
f 221 220 303
f 221 220 305
f 221 220 311
f 221 220 311
f 221 306 220
f 221 220 313
f 221 220 309
f 221 220 313
f 221 220 317
f 221 316 317
f 221 316 220
f 212 214 215
f 212 216 215
f 212 207 205
f 212 292 294
f 212 211 207
f 212 213 211
f 212 207 206
f 212 213 207
f 212 214 206
f 212 214 213
f 212 295 294
f 212 291 290
f 212 291 292
f 212 211 208
f 212 297 208
f 212 295 297
f 212 216 297
f 212 211 210
f 212 216 299
f 212 216 215
f 212 297 298
f 212 215 299
f 212 299 298
f 212 215 302
f 212 214 215
f 212 299 300
f 212 302 300
f 212 210 302
f 212 214 303
f 212 214 303
f 212 303 210
f 212 214 305
f 212 303 304
f 212 306 214
f 212 305 304
f 212 214 213
f 212 306 305
f 212 306 308
f 212 213 309
f 212 309 308
f 212 213 309
f 212 309 210
f 212 211 210
f 212 211 311
f 212 213 311
f 212 211 311
f 212 213 311
f 212 211 313
f 212 213 313
f 212 211 313
f 212 213 313
f 212 316 317
f 212 316 317
f 212 317 211
f 212 317 213
f 212 211 318
f 212 213 318
f 212 213 211
f 253 164 165
f 253 165 252
f 253 163 164
f 253 167 252
f 253 168 252
f 253 167 168
f 253 167 168
f 253 251 252
f 253 251 171
f 253 257 171
f 253 251 173
f 253 173 257
f 253 173 257
f 253 257 268
f 253 257 176
f 253 173 250
f 253 251 173
f 253 250 270
f 253 251 250
f 253 250 270
f 253 257 261
f 253 250 176
f 253 272 273
f 253 251 273
f 253 272 252
f 253 251 252
f 624 625 724
f 624 725 724
f 624 725 625
f 624 725 726
f 624 725 625
f 624 726 727
f 624 625 726
f 624 727 623
f 624 623 210
f 624 727 728
f 624 625 727
f 624 210 103
f 624 728 103
f 624 625 728
f 624 210 522
f 624 625 522
f 624 316 421
f 624 316 421
f 624 420 421
f 624 523 421
f 624 523 210
f 624 625 523
f 624 317 623
f 624 316 317
f 624 316 317
f 624 420 523
f 624 420 523
f 624 523 524
f 624 625 523
f 624 525 524
f 624 625 525
f 624 525 623
f 624 625 525
f 624 527 623
f 624 625 527
f 624 625 527
f 624 528 600
f 624 625 528
f 624 530 531
f 624 531 600
f 624 627 625
f 624 627 600
f 624 625 626
f 624 627 628
f 624 627 625
f 624 629 626
f 624 629 628
f 624 627 628
f 624 629 628
f 622 725 724
f 622 725 724
f 622 723 621
f 622 723 724
f 622 723 724
f 622 725 318
f 622 318 423
f 622 621 318
f 622 725 318
f 622 725 621
f 622 524 423
f 622 621 524
f 622 318 423
f 622 621 423
f 622 621 318
f 622 525 524
f 622 621 525
f 622 525 623
f 622 621 525
f 622 527 623
f 622 527 621
f 622 527 621
f 622 621 528
f 622 624 527
f 622 624 527
f 622 624 528
f 622 530 621
f 622 624 530
f 622 624 530
f 622 530 620
f 622 530 620
f 622 532 620
f 622 532 531
f 622 532 620
f 622 531 533
f 622 624 531
f 622 620 533
f 622 621 623
f 622 629 623
f 622 624 629
f 622 620 600
f 622 624 600
f 622 629 630
f 622 624 629
f 622 620 630
f 622 620 621
f 190 191 88
f 190 191 88
f 190 130 187
f 190 188 189
f 190 188 233
f 190 188 236
f 190 130 187
f 190 230 189
f 190 236 233
f 190 187 188
f 190 187 278
f 190 187 133
f 190 229 230
f 190 236 281
f 190 281 279
f 190 236 279
f 190 236 238
f 190 187 238
f 190 187 236
f 190 191 228
f 190 229 228
f 190 229 191
f 190 187 273
f 190 187 153
f 190 187 153
f 122 119 22
f 122 119 22
f 122 119 201
f 122 119 201
f 122 193 194
f 131 130 187
f 131 133 37
f 131 133 38
f 131 133 36
f 131 130 36
f 131 133 34
f 131 130 34
f 131 133 34
f 131 130 34
f 131 133 31
f 131 130 31
f 131 130 133
f 177 176 241
f 177 178 241
f 177 176 241
f 177 178 241
f 177 176 242
f 177 178 242
f 177 178 136
f 177 244 176
f 177 178 244
f 177 138 136
f 177 138 176
f 177 244 176
f 177 178 244
f 177 176 246
f 177 178 246
f 177 176 247
f 177 178 247
f 177 142 176
f 177 142 178
f 177 176 153
f 177 178 153
f 177 253 250
f 177 178 159
f 177 253 257
f 177 173 159
f 177 173 176
f 177 257 176
f 177 253 257
f 177 253 178
f 177 173 162
f 177 178 162
f 177 178 173
f 177 178 173
f 177 178 261
f 177 173 270
f 177 173 176
f 177 178 270
f 177 261 263
f 177 176 263
f 177 176 261
f 177 176 268
f 177 178 268
f 181 236 237
f 181 237 235
f 181 237 76
f 75 74 176
f 75 138 176
f 75 138 176
f 75 138 74
f 75 177 176
f 75 177 74
f 75 138 136
f 75 138 74
f 75 177 178
f 75 135 136
f 75 74 135
f 75 76 344
f 75 345 344
f 75 344 564
f 75 76 564
f 75 564 346
f 75 74 346
f 75 564 566
f 75 74 566
f 75 76 14
f 75 74 14
f 75 28 76
f 75 28 14
f 75 74 14
f 139 140 176
f 139 138 176
f 139 140 175
f 139 138 175
f 139 177 140
f 139 177 138
f 139 74 140
f 139 138 74
f 139 177 178
f 139 74 140
f 139 140 71
f 139 138 71
f 139 140 70
f 139 138 70
f 139 140 68
f 139 138 68
f 139 140 68
f 139 138 68
f 139 140 66
f 139 140 39
f 139 66 67
f 139 138 67
f 139 140 66
f 139 45 140
f 139 64 140
f 139 138 64
f 139 45 140
f 139 64 140
f 139 138 64
f 139 140 46
f 139 140 63
f 139 138 63
f 139 140 52
f 139 140 60
f 139 140 52
f 139 140 59
f 139 140 55
f 139 140 59
f 143 173 171
f 143 142 173
f 143 173 171
f 143 142 173
f 143 170 171
f 143 142 52
f 143 142 52
f 143 74 170
f 143 142 74
f 143 142 50
f 143 142 50
f 143 55 57
f 143 142 55
f 143 142 68
f 143 74 70
f 143 142 70
f 143 142 74
f 143 142 45
f 143 142 59
f 143 142 68
f 143 142 45
f 143 142 59
f 143 142 66
f 143 39 43
f 143 142 39
f 143 142 60
f 143 142 66
f 143 36 39
f 143 142 36
f 143 142 62
f 143 142 64
f 143 36 146
f 143 142 36
f 143 142 63
f 143 142 64
f 143 34 146
f 143 142 34
f 143 31 34
f 143 142 31
f 143 31 146
f 143 142 31
f 256 163 162
f 256 163 257
f 256 161 162
f 256 257 161
f 256 163 257
f 256 161 255
f 256 257 161
f 256 257 165
f 256 164 165
f 256 163 164
f 256 163 164
f 256 359 255
f 256 257 167
f 256 359 360
f 256 257 360
f 256 257 359
f 256 359 255
f 256 257 359
f 256 255 357
f 256 257 167
f 256 357 258
f 256 257 258
f 256 255 357
f 256 255 269
f 256 257 269
f 256 357 258
f 256 255 258
f 256 257 258
f 256 355 258
f 256 255 355
f 256 355 258
f 256 255 355
f 256 258 354
f 256 255 354
f 256 352 258
f 256 352 255
f 256 352 255
f 543 500 499
f 543 500 498
f 543 499 542
f 543 498 499
f 543 595 542
f 543 441 442
f 543 542 441
f 543 442 497
f 543 498 497
f 543 498 442
f 543 595 542
f 543 441 440
f 543 542 441
f 543 542 596
f 543 440 544
f 543 542 440
f 543 542 599
f 543 600 599
f 543 542 600
f 543 608 600
f 543 606 607
f 543 542 606
f 543 608 607
f 543 542 608
f 543 608 600
f 543 542 600
f 543 542 608
f 192 191 90
f 192 193 90
f 192 193 191
f 192 191 90
f 192 193 90
f 192 190 233
f 192 190 130
f 192 230 233
f 192 190 233
f 192 190 230
f 192 190 229
f 192 190 229
f 192 233 281
f 192 190 281
f 192 130 133
f 192 190 133
f 192 230 195
f 192 230 233
f 192 229 230
f 192 229 191
f 192 195 281
f 192 233 284
f 192 195 281
f 192 190 278
f 192 133 135
f 192 190 153
f 192 195 284
f 192 229 228
f 192 193 228
f 192 191 227
f 192 193 227
f 192 195 278
f 192 153 135
f 192 190 153
f 192 226 191
f 192 193 226
f 192 193 226
f 192 195 273
f 192 190 273
f 192 195 158
f 192 195 155
f 192 153 155
f 192 153 195
f 192 187 270
f 192 190 187
f 192 187 158
f 192 190 187
f 192 187 159
f 315 319 313
f 315 316 313
f 315 316 319
f 315 319 313
f 315 316 313
f 315 221 220
f 315 221 316
f 315 220 219
f 315 316 220
f 315 219 218
f 315 316 219
f 315 216 215
f 315 316 216
f 315 214 215
f 315 316 214
f 315 214 213
f 315 316 214
f 315 212 213
f 315 212 316
f 315 212 211
f 315 212 316
f 315 211 210
f 315 316 211
f 315 210 419
f 315 418 419
f 315 316 418
f 315 420 210
f 315 316 420
f 315 316 420
f 315 418 417
f 315 316 418
f 315 417 314
f 315 316 417
f 315 415 314
f 315 316 415
f 315 414 415
f 315 316 414
f 315 414 314
f 315 316 414
f 315 412 314
f 315 316 412
f 315 411 412
f 315 316 411
f 315 410 411
f 315 316 410
f 315 409 410
f 315 316 409
f 315 409 408
f 315 316 409
f 315 407 408
f 315 316 407
f 315 406 407
f 315 316 406
f 315 406 405
f 315 316 406
f 315 404 405
f 315 316 404
f 315 403 404
f 315 316 403
f 315 403 314
f 315 316 403
f 315 401 314
f 315 316 401
f 315 401 400
f 315 316 401
f 315 399 400
f 315 316 399
f 315 317 399
f 315 316 317
f 315 316 317
f 217 216 321
f 217 320 321
f 217 320 216
f 217 320 218
f 217 320 216
f 217 317 218
f 217 216 317
f 217 316 317
f 217 316 216
f 217 315 316
f 217 315 316
f 217 315 218
f 217 315 216
f 217 218 313
f 217 216 313
f 217 218 313
f 217 216 313
f 217 218 311
f 217 216 311
f 217 218 311
f 217 216 311
f 217 309 218
f 217 216 309
f 217 309 218
f 217 216 309
f 217 306 305
f 217 306 216
f 217 305 304
f 217 216 305
f 217 216 303
f 217 219 304
f 217 303 219
f 217 216 303
f 217 303 219
f 217 301 216
f 217 301 219
f 217 301 216
f 217 301 219
f 217 219 299
f 217 216 299
f 217 219 299
f 217 216 299
f 217 219 203
f 217 216 203
f 217 216 218
f 217 216 204
f 217 219 297
f 217 216 297
f 217 201 218
f 217 219 201
f 217 219 201
f 217 204 203
f 217 219 203
f 217 216 204
f 217 219 295
f 217 212 216
f 217 212 295
f 217 212 216
f 217 219 295
f 217 212 205
f 217 212 295
f 217 292 219
f 217 221 205
f 217 221 219
f 217 212 290
f 217 291 292
f 217 291 219
f 217 212 291
f 217 212 291
f 217 212 292
f 217 221 288
f 217 290 288
f 217 221 290
f 217 221 219
f 326 306 305
f 326 306 305
f 326 305 396
f 326 306 325
f 326 306 396
f 326 396 397
f 326 305 304
f 326 305 304
f 326 398 397
f 326 325 398
f 326 303 304
f 326 303 304
f 326 398 399
f 326 325 398
f 326 303 302
f 326 399 400
f 326 325 399
f 326 301 302
f 326 301 303
f 326 301 303
f 326 401 400
f 326 325 401
f 326 301 227
f 326 401 327
f 326 325 401
f 326 226 227
f 326 226 227
f 326 227 228
f 326 301 228
f 326 301 227
f 326 403 327
f 326 325 403
f 326 226 225
f 326 226 325
f 326 403 404
f 326 325 403
f 326 404 405
f 326 325 404
f 326 407 405
f 326 407 325
f 326 220 218
f 326 220 218
f 326 407 408
f 326 407 325
f 326 216 218
f 326 216 218
f 326 408 411
f 326 216 215
f 326 216 215
f 326 411 412
f 326 325 411
f 326 410 408
f 326 410 325
f 326 410 325
f 326 214 215
f 326 214 215
f 326 412 327
f 326 325 412
f 326 214 213
f 326 414 327
f 326 325 414
f 326 213 325
f 326 214 95
f 326 214 213
f 326 325 414
f 326 325 96
f 326 213 95
f 326 414 417
f 326 414 415
f 326 325 415
f 326 95 96
f 326 325 609
f 326 415 417
f 326 325 417
f 326 714 95
f 326 714 95
f 326 714 609
f 326 325 609
f 326 421 325
f 326 609 607
f 326 714 607
f 326 714 609
f 326 430 327
f 326 609 327
f 326 609 430
f 326 430 429
f 326 325 430
f 326 422 417
f 326 421 422
f 326 421 325
f 326 429 427
f 326 325 429
f 326 423 422
f 326 325 423
f 326 426 427
f 326 325 426
f 326 423 327
f 326 325 423
f 326 426 327
f 326 325 426
f 307 324 308
f 307 306 324
f 307 306 324
f 307 322 308
f 307 306 322
f 307 321 322
f 307 306 321
f 307 320 321
f 307 320 309
f 307 320 309
f 307 221 220
f 307 221 306
f 307 309 319
f 307 221 309
f 307 219 309
f 307 220 219
f 307 306 220
f 307 319 311
f 307 219 218
f 307 306 219
f 307 217 218
f 307 217 306
f 307 217 216
f 307 217 306
f 307 216 215
f 307 306 216
f 307 214 215
f 307 306 214
f 307 212 214
f 307 212 306
f 307 212 306
f 545 443 444
f 545 546 443
f 545 546 444
f 545 443 442
f 545 546 442
f 545 546 443
f 545 496 444
f 545 496 444
f 545 546 496
f 545 496 497
f 545 498 497
f 545 498 496
f 545 543 498
f 545 498 496
f 545 546 496
f 545 498 594
f 545 546 594
f 545 546 595
f 545 543 595
f 545 500 498
f 545 543 500
f 545 546 595
f 545 543 595
f 545 500 542
f 545 543 542
f 545 543 500
f 545 546 596
f 545 543 596
f 545 546 599
f 545 543 599
f 545 543 599
f 545 600 599
f 545 546 600
f 545 600 606
f 545 602 546
f 547 548 443
f 547 546 443
f 547 548 444
f 547 546 444
f 547 546 443
f 547 546 495
f 547 602 443
f 547 602 548
f 547 602 546
f 547 495 445
f 547 548 445
f 547 602 601
f 547 494 495
f 547 549 548
f 547 546 496
f 547 601 548
f 547 546 601
f 547 494 493
f 547 548 493
f 547 548 494
f 547 494 496
f 547 549 494
f 547 546 496
f 547 549 496
f 547 546 595
f 547 549 595
f 547 549 548
f 547 546 594
f 547 549 594
f 547 548 600
f 547 546 600
f 547 546 593
f 547 549 593
f 547 548 595
f 547 546 595
f 547 548 599
f 547 546 599
f 547 548 597
f 547 546 597
f 547 548 597
f 547 546 597
f 604 601 648
f 604 650 649
f 604 602 544
f 604 543 544
f 604 602 710
f 604 543 542
f 604 330 329
f 604 602 330
f 604 710 713
f 604 330 710
f 604 602 330
f 604 713 328
f 224 330 331
f 224 331 332
f 224 330 225
f 224 225 328
f 224 88 225
f 224 88 332
f 224 88 332
f 224 194 225
f 224 225 328
f 224 194 195
f 224 326 225
f 224 226 195
f 224 326 325
f 224 324 325
f 224 226 295
f 224 324 225
f 224 226 295
f 224 322 225
f 224 226 297
f 224 226 225
f 224 321 322
f 224 225 297
f 224 225 299
f 224 307 320
f 224 225 299
f 224 306 321
f 224 307 306
f 224 307 320
f 224 301 225
f 224 306 305
f 224 301 303
f 224 301 303
f 224 305 304
f 224 303 304
f 222 220 330
f 222 220 330
f 222 220 328
f 222 331 332
f 222 220 331
f 222 220 328
f 222 220 91
f 222 326 220
f 222 221 220
f 222 326 220
f 222 221 291
f 222 221 226
f 222 221 291
f 222 221 324
f 222 221 324
f 222 292 293
f 222 221 292
f 222 221 322
f 222 221 295
f 222 221 321
f 222 221 295
f 222 221 320
f 222 221 297
f 222 221 320
f 222 221 297
f 222 221 299
f 222 315 221
f 222 221 313
f 222 221 299
f 222 221 316
f 222 315 316
f 222 315 221
f 222 221 313
f 222 221 301
f 222 221 311
f 222 221 301
f 222 221 303
f 222 221 311
f 222 307 311
f 222 307 221
f 222 307 221
f 222 221 303
f 222 221 306
f 222 221 305
f 254 164 165
f 254 253 164
f 254 253 165
f 254 163 164
f 254 253 163
f 254 256 165
f 254 256 165
f 254 163 161
f 254 253 167
f 254 256 167
f 254 256 255
f 254 253 163
f 254 253 167
f 254 256 167
f 254 255 270
f 254 253 270
f 254 256 257
f 254 255 357
f 254 255 355
f 254 163 63
f 254 163 161
f 254 253 257
f 254 256 257
f 254 255 272
f 254 253 272
f 254 257 270
f 254 253 270
f 254 253 257
f 254 357 356
f 254 355 252
f 254 255 355
f 254 63 356
f 254 161 63
f 254 63 252
f 254 255 272
f 254 253 272
f 254 357 358
f 254 255 358
f 254 255 357
f 254 255 160
f 254 161 160
f 254 161 255
f 254 355 354
f 254 354 252
f 254 255 354
f 254 352 252
f 254 352 255
f 254 352 351
f 254 352 255
f 254 350 351
f 254 350 255
f 254 350 255
f 127 130 24
f 127 192 130
f 127 130 24
f 127 192 190
f 127 27 25
f 127 130 25
f 127 190 188
f 127 31 30
f 120 119 24
f 120 122 24
f 120 122 119
f 120 119 24
f 120 122 24
f 120 119 25
f 120 122 25
f 120 119 88
f 120 119 88
f 120 119 90
f 120 119 90
f 120 192 191
f 120 192 193
f 120 119 91
f 120 193 91
f 120 119 194
f 120 193 194
f 120 119 194
f 141 177 178
f 141 177 142
f 141 142 178
f 141 177 140
f 141 177 142
f 141 140 176
f 141 142 153
f 141 173 176
f 141 142 173
f 141 140 175
f 141 173 175
f 141 142 173
f 141 173 172
f 141 142 74
f 141 140 31
f 141 142 31
f 141 74 172
f 141 74 140
f 141 74 140
f 141 140 31
f 141 142 31
f 141 140 71
f 141 74 71
f 141 142 74
f 141 140 34
f 141 142 34
f 141 140 70
f 141 142 70
f 141 140 36
f 141 142 36
f 141 140 68
f 141 142 68
f 141 140 37
f 141 142 37
f 141 140 68
f 141 142 68
f 141 140 37
f 141 142 37
f 141 140 66
f 141 142 66
f 141 140 39
f 141 142 39
f 141 140 66
f 141 142 66
f 141 45 140
f 141 142 45
f 141 64 140
f 141 142 64
f 141 45 140
f 141 142 45
f 141 64 140
f 141 142 64
f 141 140 50
f 141 142 50
f 141 140 63
f 141 140 50
f 141 142 50
f 141 63 62
f 141 142 62
f 141 142 63
f 141 140 60
f 141 142 60
f 141 140 52
f 141 142 52
f 141 140 59
f 141 142 59
f 141 140 52
f 141 142 52
f 141 140 59
f 141 142 59
f 141 140 55
f 141 142 55
f 249 177 178
f 249 177 176
f 249 177 250
f 249 177 253
f 249 177 253
f 249 176 175
f 249 250 176
f 249 268 248
f 249 253 261
f 249 253 268
f 249 253 250
f 249 173 175
f 249 173 250
f 249 270 268
f 249 250 270
f 249 173 171
f 249 173 250
f 249 270 273
f 249 250 270
f 249 170 171
f 249 170 250
f 249 250 274
f 249 170 248
f 249 170 250
f 249 273 248
f 249 274 273
f 249 250 274
f 249 168 248
f 249 250 168
f 249 276 248
f 249 250 276
f 249 167 168
f 249 250 167
f 249 277 276
f 249 250 277
f 249 167 166
f 249 250 167
f 249 250 347
f 249 66 166
f 249 277 248
f 249 347 248
f 249 347 277
f 249 347 348
f 249 250 347
f 249 66 353
f 249 250 66
f 249 165 66
f 249 250 165
f 249 250 165
f 249 348 349
f 249 250 348
f 249 352 353
f 249 250 352
f 249 350 349
f 249 250 350
f 249 352 351
f 249 250 352
f 249 350 351
f 249 250 350
f 182 181 237
f 182 181 236
f 182 181 236
f 182 79 234
f 182 181 235
f 180 181 241
f 180 181 237
f 180 181 241
f 180 181 237
f 180 181 244
f 180 181 76
f 180 249 248
f 180 268 248
f 184 187 133
f 184 131 187
f 184 130 187
f 184 131 130
f 184 187 241
f 184 187 241
f 184 182 79
f 184 241 238
f 184 241 185
f 184 234 235
f 184 182 234
f 184 236 235
f 184 236 185
f 184 236 237
f 132 182 181
f 132 182 181
f 132 133 76
f 132 75 133
f 239 75 177
f 239 74 176
f 239 177 176
f 239 177 74
f 239 74 240
f 239 75 74
f 239 177 178
f 239 75 177
f 239 345 240
f 239 75 345
f 239 345 344
f 239 75 345
f 239 75 178
f 239 180 181
f 239 180 181
f 239 343 344
f 239 75 76
f 239 182 238
f 239 182 181
f 239 182 181
f 239 343 240
f 239 237 343
f 239 237 76
f 239 240 341
f 239 238 341
f 239 237 238
f 239 237 343
f 239 240 341
f 239 238 341
f 239 238 339
f 239 286 240
f 239 286 339
f 239 286 285
f 239 286 285
f 239 286 339
f 239 284 238
f 239 285 284
f 239 285 284
f 239 338 339
f 239 338 238
f 239 338 238
f 239 238 287
f 239 286 287
f 239 286 238
f 137 139 177
f 137 139 177
f 137 177 178
f 137 177 138
f 137 135 37
f 137 135 36
f 137 139 178
f 137 140 37
f 137 135 37
f 137 140 36
f 137 135 34
f 137 140 37
f 137 139 140
f 137 139 39
f 137 140 34
f 137 135 34
f 137 135 31
f 137 140 31
f 137 135 31
f 137 140 31
f 137 139 45
f 137 42 39
f 137 135 42
f 137 135 42
f 137 135 43
f 137 140 34
f 137 187 153
f 137 45 52
f 137 139 45
f 137 52 43
f 137 59 135
f 137 141 140
f 137 141 153
f 137 45 52
f 137 52 55
f 137 59 135
f 137 139 52
f 137 52 46
f 137 139 46
f 137 139 52
f 137 139 59
f 137 135 60
f 137 135 136
f 137 139 55
f 137 139 59
f 137 139 60
f 137 139 138
f 137 63 136
f 137 138 63
f 137 64 63
f 137 138 64
f 137 64 136
f 137 138 64
f 137 136 67
f 137 138 67
f 137 136 68
f 137 138 68
f 137 138 68
f 137 68 70
f 137 136 68
f 137 138 70
f 137 71 136
f 137 138 71
f 137 138 74
f 144 171 145
f 144 143 171
f 144 170 171
f 144 143 170
f 144 55 57
f 144 143 52
f 144 143 55
f 144 74 170
f 144 143 74
f 144 57 146
f 144 145 146
f 144 55 54
f 144 52 54
f 144 52 55
f 144 52 51
f 144 143 52
f 144 143 57
f 144 74 145
f 144 143 74
f 144 50 51
f 144 143 50
f 144 59 145
f 144 143 59
f 144 68 145
f 144 143 68
f 144 50 46
f 144 143 50
f 144 59 60
f 144 143 59
f 144 68 67
f 144 143 68
f 144 45 46
f 144 143 45
f 144 60 61
f 144 143 60
f 144 66 67
f 144 143 66
f 144 45 43
f 144 143 43
f 144 143 45
f 144 62 61
f 144 143 62
f 144 66 145
f 144 143 66
f 144 63 62
f 144 143 63
f 144 64 145
f 144 143 64
f 144 64 63
f 144 143 64
f 605 604 546
f 605 604 601
f 605 604 545
f 605 601 600
f 605 545 600
f 605 546 601
f 605 545 546
f 605 648 647
f 605 601 647
f 605 601 648
f 605 648 606
f 605 545 606
f 605 604 545
f 605 606 709
f 605 604 709
f 605 648 649
f 605 604 649
f 605 604 648
f 605 543 606
f 605 604 543
f 605 710 606
f 605 604 710
f 605 543 542
f 605 604 543
f 605 604 542
f 605 710 606
f 605 710 711
f 605 710 711
f 605 604 710
f 605 541 542
f 605 541 542
f 605 712 711
f 605 712 711
f 605 604 713
f 605 541 607
f 605 541 606
f 605 607 328
f 605 328 329
f 605 604 329
f 605 604 328
f 605 712 713
f 605 713 607
f 603 547 602
f 603 545 602
f 603 604 545
f 603 547 546
f 603 604 546
f 603 547 602
f 603 545 602
f 603 604 602
f 603 604 545
f 603 602 601
f 603 601 650
f 603 604 650
f 603 604 601
f 603 602 650
f 603 604 650
f 603 602 709
f 603 604 709
f 603 604 602
f 223 224 330
f 223 222 330
f 223 224 331
f 223 222 331
f 223 224 330
f 223 222 330
f 223 224 332
f 223 222 332
f 223 224 328
f 223 222 328
f 223 224 194
f 223 224 328
f 223 222 328
f 223 224 326
f 223 222 326
f 223 224 326
f 223 222 326
f 223 224 324
f 223 222 324
f 223 226 292
f 223 226 291
f 223 222 291
f 223 222 292
f 223 224 324
f 223 222 324
f 223 226 293
f 223 224 226
f 223 226 291
f 223 222 291
f 223 222 226
f 223 222 293
f 223 224 322
f 223 222 322
f 223 224 295
f 223 222 295
f 223 224 321
f 223 222 321
f 223 224 295
f 223 222 295
f 223 224 320
f 223 222 320
f 223 224 297
f 223 222 297
f 223 224 320
f 223 222 320
f 223 224 297
f 223 222 297
f 223 224 307
f 223 224 299
f 223 222 299
f 223 307 319
f 223 222 307
f 223 224 307
f 223 222 307
f 223 224 299
f 223 222 299
f 223 319 311
f 223 222 311
f 223 224 306
f 223 222 306
f 223 224 301
f 223 222 301
f 223 319 313
f 223 222 313
f 223 224 305
f 223 222 305
f 223 224 301
f 223 222 301
f 223 319 313
f 223 222 313
f 223 224 303
f 223 222 303
f 223 224 303
f 223 222 303
f 223 315 319
f 223 222 315
f 223 222 315
f 123 122 193
f 123 192 193
f 123 192 122
f 123 192 122
f 123 190 88
f 123 190 88
f 123 122 88
f 123 122 28
f 123 27 25
f 123 122 25
f 123 122 27
f 123 122 24
f 123 122 24
f 128 130 31
f 128 127 31
f 128 127 130
f 128 130 32
f 128 127 32
f 128 130 32
f 128 127 32
f 128 130 34
f 128 127 187
f 128 130 187
f 128 127 187
f 128 190 130
f 128 127 190
f 128 127 190
f 121 120 122
f 121 122 27
f 121 122 88
f 121 120 88
f 121 120 88
f 121 123 88
f 121 123 122
f 121 123 122
f 121 191 90
f 121 120 90
f 121 192 122
f 121 120 192
f 121 190 191
f 121 123 190
f 121 123 190
f 121 191 90
f 121 120 90
f 121 120 191
f 121 192 122
f 121 120 192
f 121 122 193
f 121 120 193
f 121 122 194
f 121 120 194
f 121 120 122
f 80 131 130
f 80 184 182
f 80 132 131
f 80 132 182
f 80 132 182
f 80 128 127
f 80 184 234
f 80 184 79
f 80 234 185
f 80 234 232
f 80 79 234
f 80 79 340
f 80 79 709
f 80 79 710
f 80 710 711
f 80 79 710
f 80 15 27
f 80 79 15
f 80 79 15
f 78 180 181
f 78 180 181
f 78 132 131
f 78 132 131
f 78 182 181
f 78 182 181
f 78 131 130
f 78 131 130
f 78 182 235
f 78 182 79
f 78 235 77
f 78 77 342
f 78 235 341
f 78 79 235
f 78 341 342
f 78 79 341
f 78 77 709
f 78 79 709
f 78 77 14
f 78 79 28
f 78 710 14
f 78 79 710
f 78 79 710
f 78 77 15
f 78 79 15
f 78 28 15
f 78 28 77
f 78 79 15
f 134 132 181
f 134 181 133
f 134 180 181
f 134 180 181
f 134 132 181
f 134 132 133
f 134 78 132
f 134 78 180
f 134 78 132
f 134 133 76
f 134 136 76
f 134 135 136
f 134 75 135
f 134 75 133
f 134 75 74
f 134 135 68
f 134 133 68
f 134 135 68
f 134 133 68
f 134 135 67
f 134 133 67
f 134 64 135
f 134 64 133
f 134 64 133
f 179 239 178
f 179 239 180
f 179 178 241
f 179 180 241
f 179 178 241
f 179 180 241
f 179 180 237
f 179 239 237
f 179 239 178
f 179 180 237
f 179 239 237
f 179 239 180
f 179 178 244
f 179 180 244
f 179 178 76
f 179 180 76
f 179 178 244
f 179 180 244
f 179 178 247
f 179 180 247
f 179 178 136
f 179 134 136
f 179 78 180
f 179 134 78
f 179 134 78
f 179 134 180
f 179 249 178
f 179 180 249
f 179 134 135
f 179 137 180
f 179 249 253
f 179 137 135
f 179 137 178
f 179 137 178
f 179 253 178
f 179 249 253
f 179 141 178
f 179 137 141
f 179 178 261
f 179 249 261
f 179 180 249
f 179 141 178
f 179 178 268
f 179 180 268
f 179 178 153
f 179 178 270
f 179 180 270
f 179 178 159
f 183 137 141
f 183 179 141
f 183 179 137
f 183 179 137
f 183 179 153
f 183 137 187
f 183 179 159
f 183 187 153
f 183 184 187
f 183 137 187
f 183 180 181
f 183 137 180
f 183 187 158
f 183 159 158
f 183 180 270
f 183 179 180
f 183 187 159
f 183 270 268
f 183 180 268
f 183 244 247
f 183 244 270
f 183 179 178
f 183 181 133
f 183 182 181
f 183 184 133
f 183 187 162
f 183 178 162
f 183 179 178
f 183 247 270
f 183 180 247
f 183 180 244
f 183 180 181
f 183 187 270
f 183 244 273
f 183 132 182
f 183 187 273
f 183 184 187
f 183 244 241
f 183 184 241
f 183 244 241
f 183 181 241
f 183 181 244
f 183 181 241
f 183 182 181
f 183 184 241
f 183 171 162
f 183 184 131
f 183 132 131
f 183 132 182
f 183 182 238
f 183 184 238
f 183 173 171
f 183 178 173
f 183 173 171
f 183 178 173
f 183 182 237
f 183 184 237
f 183 182 236
f 183 184 236
f 183 182 236
f 183 184 236
f 183 184 182
f 198 120 122
f 198 114 111
f 198 99 111
f 198 221 226
f 198 220 92
f 198 222 221
f 198 222 220
f 84 82 336
f 84 229 82
f 84 229 230
f 84 229 230
f 84 82 709
f 84 715 716
f 84 714 715
f 126 127 31
f 126 127 188
f 126 127 187
f 126 127 190
f 126 127 187
f 126 128 127
f 126 84 128
f 125 127 27
f 125 127 27
f 125 127 30
f 125 126 127
f 125 127 192
f 125 126 127
f 125 126 31
f 125 126 190
f 125 126 188
f 124 127 24
f 124 123 24
f 124 123 127
f 124 127 24
f 124 123 24
f 124 125 127
f 124 123 27
f 124 125 27
f 124 123 28
f 124 127 192
f 124 125 127
f 124 123 192
f 124 28 27
f 124 125 27
f 124 123 28
f 124 123 192
f 124 125 30
f 124 192 190
f 124 125 192
f 124 123 190
f 124 123 190
f 124 125 190
f 124 125 189
f 124 88 189
f 124 123 88
f 124 123 88
f 129 128 130
f 129 78 130
f 129 80 130
f 129 80 128
f 129 184 82
f 129 184 130
f 129 184 131
f 129 183 184
f 129 130 186
f 129 128 186
f 129 183 182
f 129 130 187
f 129 128 187
f 129 128 130
f 81 80 182
f 81 129 182
f 81 80 184
f 81 129 183
f 81 129 128
f 81 129 80
f 81 80 131
f 81 129 131
f 81 129 80
f 81 183 184
f 81 184 82
f 81 80 184
f 81 129 184
f 81 129 183
f 81 128 127
f 81 80 128
f 81 82 186
f 81 126 127
f 81 126 80
f 81 186 185
f 81 80 185
f 81 82 186
f 81 125 126
f 81 82 339
f 81 339 232
f 81 80 232
f 81 82 339
f 81 339 340
f 81 80 340
f 81 82 709
f 81 80 709
f 81 82 710
f 81 80 710
f 81 82 710
f 81 80 710
f 81 82 712
f 81 80 27
f 81 712 711
f 81 80 711
f 81 82 712
f 81 82 15
f 81 80 15
f 81 82 15
f 81 80 15
f 199 198 123
f 199 122 119
f 199 198 122
f 199 119 200
f 199 198 119
f 199 200 117
f 199 198 117
f 199 115 200
f 199 198 115
f 199 115 200
f 199 198 115
f 199 113 200
f 199 113 114
f 199 198 114
f 199 113 200
f 199 200 111
f 199 198 111
f 199 200 278
f 199 198 278
f 199 200 111
f 199 200 281
f 199 198 281
f 199 111 108
f 199 198 111
f 199 200 284
f 199 198 284
f 199 108 101
f 199 200 101
f 199 200 108
f 199 99 200
f 199 198 99
f 199 285 200
f 199 198 285
f 199 99 97
f 199 198 99
f 199 285 200
f 199 198 285
f 199 97 200
f 199 198 97
f 199 221 200
f 199 198 221
f 199 95 200
f 199 198 95
f 199 221 220
f 199 198 221
f 199 95 200
f 199 198 95
f 199 220 92
f 199 198 220
f 199 200 94
f 199 198 94
f 199 92 200
f 199 198 92
f 72 128 127
f 72 129 128
f 72 129 130
f 72 127 32
f 72 71 34
f 72 128 34
f 72 131 130
f 72 71 34
f 72 130 34
f 72 703 32
f 72 74 703
f 72 71 703
f 72 74 71
f 72 71 36
f 72 130 36
f 72 131 37
f 72 134 133
f 72 132 131
f 72 37 36
f 72 71 36
f 72 135 71
f 72 134 135
f 72 135 71
f 72 38 37
f 72 131 38
f 72 133 38
f 72 131 133
f 72 137 71
f 72 137 138
f 72 139 74
f 72 139 138
f 72 139 138
f 86 121 122
f 86 84 122
f 86 121 27
f 86 84 27
f 86 121 122
f 86 121 120
f 86 123 122
f 86 121 120
f 86 124 123
f 86 120 119
f 86 120 119
f 86 84 25
f 86 124 125
f 86 119 25
f 86 119 25
f 86 24 25
f 86 84 24
f 86 24 87
f 86 15 24
f 86 84 15
f 86 125 189
f 86 125 188
f 86 22 87
f 86 15 22
f 86 15 22
f 86 15 14
f 86 191 189
f 86 717 716
f 86 715 716
f 86 718 14
f 86 717 718
f 86 717 718
f 86 714 715
f 86 714 713
f 86 710 87
f 86 712 713
f 86 710 711
f 86 712 711
f 83 125 126
f 83 125 126
f 83 126 127
f 83 124 125
f 83 128 127
f 83 126 128
f 83 126 84
f 83 124 84
f 83 81 125
f 83 81 124
f 83 129 82
f 83 129 128
f 83 129 128
f 83 82 186
f 83 128 186
f 83 84 128
f 83 188 82
f 83 84 188
f 83 84 123
f 83 188 82
f 83 84 188
f 83 122 28
f 83 84 122
f 83 84 27
f 83 81 27
f 83 81 82
f 83 230 82
f 83 84 230
f 83 84 230
f 83 84 25
f 83 15 25
f 83 82 15
f 83 15 24
f 83 84 24
f 83 84 15
f 83 82 15
f 83 84 15
f 83 84 714
f 83 82 713
f 83 714 713
f 83 84 714
f 83 82 712
f 83 84 712
f 83 82 712
f 83 84 712
f 83 82 710
f 83 84 710
f 83 82 710
f 83 84 710
f 83 84 82
f 197 198 123
f 197 124 123
f 197 198 123
f 197 198 120
f 197 198 120
f 197 119 117
f 197 198 119
f 197 198 117
f 197 198 115
f 197 198 95
f 197 97 115
f 197 198 97
f 197 198 278
f 197 198 95
f 197 97 115
f 197 198 115
f 197 198 281
f 197 198 94
f 197 97 114
f 197 198 114
f 197 198 284
f 197 198 92
f 197 99 97
f 197 198 99
f 197 198 99
f 197 198 285
f 197 198 92
f 197 198 285
f 197 198 226
f 197 222 91
f 197 198 222
f 197 223 222
f 197 223 222
f 197 222 221
f 197 198 221
f 197 198 222
f 85 84 15
f 85 86 15
f 85 86 84
f 85 84 716
f 85 717 716
f 85 86 717
f 85 86 717
f 85 84 715
f 85 86 715
f 85 84 714
f 85 86 714
f 85 84 714
f 85 86 714
f 85 84 712
f 85 86 712
f 85 84 712
f 85 86 712
f 85 84 710
f 85 86 710
f 85 84 710
f 85 86 710
f 85 335 709
f 85 84 709
f 85 334 335
f 85 335 336
f 85 84 336
f 85 334 87
f 85 86 87
f 85 334 225
f 85 227 228
f 85 227 225
f 85 228 335
f 85 334 225
f 85 227 225
f 85 191 227
f 85 229 228
f 85 84 229
f 85 191 227
f 85 86 191
f 85 191 228
f 85 86 191
f 85 229 228
f 85 84 229
f 85 84 188
f 85 86 188
f 85 187 188
f 85 84 188
f 85 126 187
f 85 126 187
f 85 126 84
f 85 125 126
f 85 86 125
f 85 125 126
f 85 124 125
f 85 86 124
f 85 124 84
f 85 86 124
f 85 84 123
f 85 86 123
f 85 86 84
f 73 83 81
f 73 81 124
f 73 83 124
f 73 124 125
f 73 124 123
f 73 83 28
f 73 83 81
f 73 125 31
f 73 124 30
f 73 81 126
f 73 81 125
f 73 123 28
f 73 123 122
f 73 83 122
f 73 83 123
f 73 81 80
f 73 32 31
f 73 125 126
f 73 28 30
f 73 126 80
f 73 79 28
f 73 80 79
f 73 78 79
f 73 80 127
f 73 74 32
f 73 72 74
f 73 127 32
f 73 72 127
f 73 126 127
f 73 75 28
f 73 78 28
f 73 128 127
f 73 72 128
f 73 75 74
f 73 75 28
f 73 28 76
f 73 78 130
f 73 129 128
f 73 129 78
f 73 72 129
f 73 132 75
f 73 131 130
f 73 72 131
f 73 129 78
f 73 72 129
f 73 134 75
f 73 134 75
f 73 72 134
f 73 132 75
f 73 72 132
f 73 72 132
f 73 132 76
f 73 132 131
f 73 134 74
f 73 72 134
f 73 74 135
f 73 72 135
f 73 137 74
f 73 72 137
f 73 137 138
f 73 72 138
f 73 72 137
f 196 124 127
f 196 197 124
f 196 127 130
f 196 124 123
f 196 197 124
f 196 123 122
f 196 197 123
f 196 120 122
f 196 197 120
f 196 120 119
f 196 197 120
f 196 119 195
f 196 197 119
f 196 195 117
f 196 197 117
f 196 115 195
f 196 115 117
f 196 197 117
f 196 197 115
f 196 115 95
f 196 95 195
f 196 197 95
f 196 115 95
f 196 197 95
f 196 197 115
f 196 195 278
f 196 197 278
f 196 197 94
f 196 195 281
f 196 197 281
f 196 194 94
f 196 194 195
f 196 197 92
f 196 195 284
f 196 197 284
f 196 92 194
f 196 197 92
f 196 285 195
f 196 197 285
f 196 92 194
f 196 197 285
f 196 194 91
f 196 197 91
f 196 226 285
f 196 226 285
f 196 197 226
f 196 223 194
f 196 197 223
f 196 224 194
f 196 223 224
f 196 224 226
f 196 223 224
f 196 197 223
