# King Wen sovereign avatar mesh
# hex54_phase3.ply
# vertices=729 faces=10473
o kingwen_avatar
v 0.186336 0.000127 0.091079 0.309804 0.313725 0.321569
v 0.188398 0.001770 0.090911 0.313725 0.313725 0.321569
v 0.190443 0.003446 0.090413 0.313725 0.313725 0.321569
v 0.192463 0.005155 0.089585 0.313725 0.313725 0.321569
v 0.194454 0.006894 0.088431 0.313725 0.313725 0.321569
v 0.196408 0.008663 0.086956 0.313725 0.313725 0.321569
v 0.197822 0.010434 0.084951 0.313725 0.313725 0.321569
v 0.199680 0.012253 0.082856 0.313725 0.309804 0.321569
v 0.200977 0.014060 0.080258 0.317647 0.309804 0.317647
v 0.202714 0.015921 0.077577 0.317647 0.309804 0.317647
v 0.204385 0.017800 0.074615 0.317647 0.309804 0.317647
v 0.205465 0.019647 0.071203 0.317647 0.305882 0.317647
v 0.206982 0.021553 0.067720 0.317647 0.305882 0.317647
v 0.208417 0.023470 0.063993 0.317647 0.305882 0.317647
v 0.225111 0.027253 0.064425 0.317647 0.301961 0.317647
v 0.263725 0.034153 0.069807 0.317647 0.301961 0.317647
v 0.266778 0.036793 0.064722 0.317647 0.301961 0.317647
v 0.268105 0.039230 0.058978 0.317647 0.298039 0.317647
v 0.269301 0.041667 0.053020 0.317647 0.298039 0.317647
v 0.270360 0.044104 0.046866 0.317647 0.294118 0.317647
v 0.271278 0.046539 0.040540 0.317647 0.294118 0.317647
v 0.271506 0.048874 0.033996 0.321569 0.294118 0.317647
v 0.271037 0.051094 0.027295 0.321569 0.290196 0.317647
v 0.270963 0.053400 0.020586 0.321569 0.290196 0.317647
v 0.270187 0.055581 0.013796 0.321569 0.290196 0.317647
v 0.269256 0.057740 0.007006 0.321569 0.290196 0.317647
v 0.268172 0.059877 0.000241 0.317647 0.290196 0.317647
v 0.266936 0.061990 -0.006476 0.317647 0.290196 0.317647
v 0.265549 0.064078 -0.013118 0.317647 0.290196 0.317647
v 0.264013 0.066138 -0.019663 0.317647 0.290196 0.317647
v 0.261785 0.068024 -0.026032 0.317647 0.290196 0.317647
v 0.259962 0.070013 -0.032297 0.317647 0.294118 0.317647
v 0.257999 0.071961 -0.038395 0.317647 0.294118 0.317647
v 0.255902 0.073866 -0.044304 0.317647 0.294118 0.317647
v 0.253673 0.075720 -0.050003 0.317647 0.298039 0.317647
v 0.251318 0.077520 -0.055472 0.317647 0.298039 0.317647
v 0.248841 0.079259 -0.060693 0.317647 0.298039 0.317647
v 0.246248 0.080935 -0.065647 0.317647 0.301961 0.317647
v 0.243545 0.082541 -0.070319 0.313725 0.301961 0.317647
v 0.240738 0.084074 -0.074692 0.313725 0.305882 0.317647
v 0.237831 0.085531 -0.078754 0.313725 0.305882 0.317647
v 0.234833 0.086910 -0.082491 0.313725 0.305882 0.317647
v 0.232258 0.088402 -0.086081 0.313725 0.305882 0.317647
v 0.229091 0.089622 -0.089145 0.313725 0.309804 0.317647
v 0.226350 0.090960 -0.092058 0.313725 0.309804 0.317647
v 0.223533 0.092221 -0.094622 0.309804 0.309804 0.317647
v 0.220647 0.093406 -0.096829 0.309804 0.309804 0.317647
v 0.217698 0.094515 -0.098674 0.309804 0.309804 0.317647
v 0.215170 0.095761 -0.100373 0.309804 0.313725 0.317647
v 0.212109 0.096722 -0.101481 0.309804 0.313725 0.317647
v 0.209471 0.097828 -0.102442 0.309804 0.313725 0.317647
v 0.206784 0.098866 -0.103031 0.309804 0.313725 0.317647
v 0.204054 0.099837 -0.103245 0.305882 0.313725 0.317647
v 0.200840 0.100520 -0.102853 0.305882 0.313725 0.317647
v 0.198051 0.101361 -0.102318 0.305882 0.313725 0.317647
v 0.195238 0.102141 -0.101411 0.305882 0.313725 0.317647
v 0.191978 0.102630 -0.099912 0.305882 0.313725 0.317647
v 0.189143 0.103289 -0.098275 0.305882 0.313725 0.317647
v 0.185885 0.103659 -0.096066 0.305882 0.313725 0.317647
v 0.182641 0.103970 -0.093517 0.305882 0.313725 0.317647
v 0.179415 0.104225 -0.090640 0.305882 0.313725 0.317647
v 0.176214 0.104426 -0.087444 0.301961 0.313725 0.317647
v 0.172650 0.104337 -0.083755 0.301961 0.309804 0.317647
v 0.169519 0.104432 -0.079973 0.301961 0.309804 0.317647
v 0.166427 0.104477 -0.075917 0.301961 0.309804 0.317647
v 0.163379 0.104475 -0.071601 0.301961 0.309804 0.317647
v 0.160746 0.104665 -0.067197 0.301961 0.305882 0.317647
v 0.158153 0.104814 -0.062547 0.301961 0.305882 0.317647
v 0.155605 0.104924 -0.057668 0.301961 0.305882 0.317647
v 0.153455 0.105239 -0.052699 0.301961 0.301961 0.317647
v 0.151002 0.105287 -0.047405 0.301961 0.301961 0.317647
v 0.149281 0.105794 -0.042130 0.301961 0.298039 0.317647
v 0.146267 0.105334 -0.036322 0.301961 0.298039 0.317647
v 0.133503 0.097682 -0.028346 0.301961 0.294118 0.317647
v 0.131452 0.097719 -0.022916 0.301961 0.294118 0.317647
v 0.129463 0.097788 -0.017405 0.305882 0.290196 0.317647
v 0.127852 0.098143 -0.011864 0.305882 0.290196 0.317647
v 0.126297 0.098561 -0.006258 0.305882 0.290196 0.317647
v 0.124801 0.099054 -0.000607 0.305882 0.290196 0.317647
v 0.123365 0.099632 0.005067 0.305882 0.290196 0.317647
v 0.121991 0.100301 0.010745 0.305882 0.290196 0.317647
v 0.120681 0.101063 0.016405 0.305882 0.290196 0.317647
v 0.119723 0.102159 0.022080 0.305882 0.294118 0.317647
v 0.118539 0.103093 0.027658 0.305882 0.294118 0.317647
v 0.117420 0.104099 0.033159 0.305882 0.298039 0.317647
v 0.116368 0.105167 0.038564 0.309804 0.301961 0.317647
v 0.115656 0.106541 0.043957 0.309804 0.301961 0.317647
v 0.114733 0.107708 0.049123 0.309804 0.305882 0.317647
v 0.113875 0.108914 0.054136 0.309804 0.305882 0.317647
v 0.113082 0.110155 0.058976 0.309804 0.309804 0.317647
v 0.112617 0.111694 0.063775 0.309804 0.309804 0.317647
v 0.111948 0.113012 0.068227 0.309804 0.313725 0.317647
v 0.111341 0.114372 0.072451 0.313725 0.313725 0.317647
v 0.110792 0.115778 0.076433 0.313725 0.313725 0.317647
v 0.110301 0.117238 0.080154 0.313725 0.313725 0.317647
v 0.109865 0.118757 0.083601 0.313725 0.313725 0.317647
v 0.109481 0.120341 0.086759 0.313725 0.313725 0.317647
v 0.108895 0.121712 0.089407 0.313725 0.313725 0.317647
v 0.108610 0.123436 0.091941 0.313725 0.313725 0.317647
v 0.108368 0.125237 0.094151 0.317647 0.313725 0.317647
v 0.107918 0.126826 0.095804 0.317647 0.313725 0.317647
v 0.107756 0.128786 0.097331 0.317647 0.313725 0.317647
v 0.107379 0.130529 0.098281 0.317647 0.313725 0.317647
v 0.107034 0.132346 0.098872 0.317647 0.313725 0.317647
v 0.106716 0.134236 0.099102 0.317647 0.313725 0.317647
v 0.106422 0.136198 0.098970 0.317647 0.313725 0.317647
v 0.106146 0.138227 0.098477 0.317647 0.313725 0.317647
v 0.105885 0.140321 0.097624 0.317647 0.313725 0.317647
v 0.105392 0.142146 0.096194 0.317647 0.313725 0.317647
v 0.105148 0.144346 0.094637 0.317647 0.313725 0.317647
v 0.104907 0.146593 0.092736 0.317647 0.313725 0.317647
v 0.104422 0.148535 0.090290 0.317647 0.313725 0.317647
v 0.104173 0.150847 0.087729 0.321569 0.313725 0.317647
v 0.103913 0.153180 0.084851 0.321569 0.313725 0.317647
v 0.103400 0.155168 0.081477 0.321569 0.313725 0.317647
v 0.102869 0.157150 0.077823 0.321569 0.309804 0.317647
v 0.102557 0.159489 0.074077 0.321569 0.309804 0.317647
v 0.101981 0.161443 0.069900 0.317647 0.309804 0.317647
v 0.101379 0.163372 0.065491 0.317647 0.305882 0.317647
v 0.100981 0.165660 0.061008 0.317647 0.305882 0.317647
v 0.100314 0.167537 0.056172 0.317647 0.301961 0.317647
v 0.099610 0.169388 0.051156 0.317647 0.301961 0.317647
v 0.098868 0.171216 0.045977 0.317647 0.298039 0.321569
v 0.098086 0.173028 0.040654 0.317647 0.298039 0.321569
v 0.097490 0.175243 0.035289 0.317647 0.294118 0.321569
v 0.096618 0.177049 0.029724 0.317647 0.294118 0.321569
v 0.095699 0.178863 0.024073 0.317647 0.294118 0.321569
v 0.094958 0.181119 0.018402 0.317647 0.290196 0.321569
v 0.093941 0.182971 0.012629 0.317647 0.290196 0.321569
v 0.092875 0.184844 0.006833 0.317647 0.290196 0.321569
v 0.091977 0.187182 0.001037 0.313725 0.290196 0.321569
v 0.090807 0.189097 -0.004757 0.313725 0.290196 0.321569
v 0.089801 0.191478 -0.010535 0.313725 0.290196 0.321569
v 0.088526 0.193407 -0.016241 0.313725 0.290196 0.321569
v 0.087410 0.195791 -0.021916 0.313725 0.290196 0.321569
v 0.086032 0.197686 -0.027450 0.313725 0.294118 0.321569
v 0.084605 0.199540 -0.032860 0.313725 0.294118 0.321569
v 0.083329 0.201823 -0.038218 0.309804 0.294118 0.321569
v 0.081999 0.204048 -0.043438 0.309804 0.298039 0.321569
v 0.080616 0.206202 -0.048502 0.309804 0.298039 0.321569
v 0.079181 0.208271 -0.053389 0.309804 0.301961 0.321569
v 0.077696 0.210247 -0.058083 0.309804 0.301961 0.321569
v 0.076162 0.212119 -0.062565 0.309804 0.301961 0.321569
v 0.074580 0.213879 -0.066819 0.305882 0.305882 0.321569
v 0.072952 0.215522 -0.070829 0.305882 0.305882 0.321569
v 0.071451 0.217564 -0.074760 0.305882 0.305882 0.321569
v 0.069734 0.218962 -0.078248 0.305882 0.305882 0.321569
v 0.068139 0.220758 -0.081645 0.305882 0.309804 0.317647
v 0.066339 0.221898 -0.084558 0.305882 0.309804 0.317647
v 0.064658 0.223438 -0.087370 0.305882 0.309804 0.317647
v 0.062935 0.224849 -0.089876 0.305882 0.309804 0.317647
v 0.061173 0.226128 -0.092064 0.305882 0.309804 0.317647
v 0.059232 0.226738 -0.093704 0.305882 0.309804 0.317647
v 0.057401 0.227752 -0.095227 0.301961 0.309804 0.317647
v 0.055406 0.228094 -0.096181 0.301961 0.309804 0.317647
v 0.053518 0.228842 -0.097015 0.301961 0.309804 0.317647
v 0.051480 0.228916 -0.097268 0.301961 0.309804 0.317647
v 0.049427 0.228858 -0.097167 0.301961 0.309804 0.317647
v 0.047362 0.228668 -0.096712 0.301961 0.309804 0.317647
v 0.045287 0.228347 -0.095905 0.301961 0.309804 0.317647
v 0.043204 0.227895 -0.094750 0.301961 0.309804 0.317647
v 0.041021 0.226778 -0.093029 0.301961 0.309804 0.317647
v 0.038937 0.226071 -0.091193 0.301961 0.309804 0.317647
v 0.036767 0.224704 -0.088815 0.301961 0.309804 0.317647
v 0.034692 0.223747 -0.086328 0.301961 0.309804 0.317647
v 0.032623 0.222667 -0.083528 0.301961 0.309804 0.317647
v 0.030563 0.221464 -0.080422 0.305882 0.309804 0.317647
v 0.028512 0.220143 -0.077024 0.305882 0.305882 0.317647
v 0.026537 0.219223 -0.073518 0.305882 0.305882 0.317647
v 0.024510 0.217668 -0.069561 0.305882 0.305882 0.317647
v 0.022552 0.216516 -0.065506 0.305882 0.305882 0.317647
v 0.020556 0.214745 -0.061046 0.305882 0.301961 0.317647
v 0.018624 0.213382 -0.056497 0.305882 0.301961 0.317647
v 0.016666 0.211425 -0.051598 0.305882 0.301961 0.317647
v 0.014768 0.209886 -0.046621 0.305882 0.298039 0.317647
v 0.012886 0.208275 -0.041451 0.305882 0.298039 0.317647
v 0.011022 0.206605 -0.036106 0.309804 0.294118 0.317647
v 0.009178 0.204893 -0.030605 0.309804 0.294118 0.317647
v 0.007355 0.203158 -0.024969 0.309804 0.294118 0.317647
v 0.005555 0.201417 -0.019219 0.309804 0.290196 0.317647
v 0.003777 0.199690 -0.013376 0.309804 0.290196 0.317647
v 0.002024 0.197993 -0.007461 0.309804 0.290196 0.317647
v 0.000296 0.196796 -0.001500 0.309804 0.290196 0.317647
v -0.001412 0.195199 0.004506 0.313725 0.290196 0.317647
v -0.003093 0.193667 0.010518 0.313725 0.290196 0.317647
v -0.004760 0.192644 0.016551 0.313725 0.290196 0.317647
v -0.006393 0.191245 0.022521 0.313725 0.294118 0.317647
v -0.008001 0.189906 0.028432 0.313725 0.294118 0.317647
v -0.009583 0.188619 0.034263 0.313725 0.294118 0.317647
v -0.011165 0.187794 0.040082 0.313725 0.298039 0.317647
v -0.012700 0.186569 0.045702 0.317647 0.301961 0.317647
v -0.014244 0.185774 0.051294 0.317647 0.301961 0.317647
v -0.015737 0.184565 0.056621 0.317647 0.305882 0.317647
v -0.017208 0.183353 0.061766 0.317647 0.305882 0.317647
v -0.018659 0.182136 0.066709 0.317647 0.309804 0.317647
v -0.020091 0.180914 0.071434 0.317647 0.309804 0.317647
v -0.021555 0.180088 0.076088 0.317647 0.309804 0.317647
v -0.022958 0.178865 0.080329 0.317647 0.313725 0.317647
v -0.024349 0.177656 0.084296 0.317647 0.313725 0.317647
v -0.025728 0.176470 0.087975 0.317647 0.313725 0.317647
v -0.027099 0.175318 0.091350 0.317647 0.313725 0.317647
v -0.028464 0.174210 0.094407 0.317647 0.313725 0.317647
v -0.029825 0.173158 0.097133 0.317647 0.313725 0.317647
v -0.031185 0.172169 0.099516 0.321569 0.313725 0.317647
v -0.032546 0.171254 0.101545 0.321569 0.313725 0.317647
v -0.033839 0.170050 0.102987 0.321569 0.313725 0.317647
v -0.035209 0.169305 0.104279 0.321569 0.313725 0.317647
v -0.036510 0.168287 0.104966 0.321569 0.313725 0.317647
v -0.037901 0.167732 0.105498 0.317647 0.313725 0.317647
v -0.039222 0.166914 0.105416 0.317647 0.313725 0.317647
v -0.040556 0.166200 0.104949 0.317647 0.313725 0.317647
v -0.041906 0.165589 0.104099 0.317647 0.313725 0.317647
v -0.043275 0.165080 0.102868 0.317647 0.313725 0.317647
v -0.044664 0.164670 0.101261 0.317647 0.313725 0.317647
v -0.046077 0.164356 0.099284 0.317647 0.313725 0.317647
v -0.047517 0.164132 0.096946 0.317647 0.313725 0.317647
v -0.048985 0.163992 0.094254 0.317647 0.313725 0.317647
v -0.050374 0.163574 0.091022 0.317647 0.313725 0.317647
v -0.051903 0.163580 0.087664 0.317647 0.313725 0.317647
v -0.053350 0.163290 0.083806 0.317647 0.313725 0.317647
v -0.054828 0.163049 0.079662 0.317647 0.313725 0.317647
v -0.056460 0.163204 0.075412 0.313725 0.313725 0.317647
v -0.058005 0.163035 0.070736 0.313725 0.309804 0.317647
v -0.059584 0.162892 0.065826 0.313725 0.309804 0.317647
v -0.061198 0.162770 0.060700 0.313725 0.305882 0.317647
v -0.062985 0.163027 0.055499 0.313725 0.305882 0.317647
v -0.064675 0.162953 0.049988 0.313725 0.301961 0.317647
v -0.066401 0.162912 0.044320 0.313725 0.301961 0.317647
v -0.068164 0.162915 0.038515 0.309804 0.298039 0.317647
v -0.069964 0.162975 0.032593 0.309804 0.298039 0.317647
v -0.071800 0.163108 0.026577 0.309804 0.294118 0.317647
v -0.073672 0.163327 0.020486 0.309804 0.290196 0.317647
v -0.075748 0.164006 0.014374 0.309804 0.290196 0.317647
v -0.077695 0.164426 0.008186 0.309804 0.290196 0.317647
v -0.079676 0.164949 0.001990 0.305882 0.290196 0.317647
v -0.081872 0.165940 -0.004202 0.305882 0.290196 0.317647
v -0.083921 0.166652 -0.010361 0.305882 0.290196 0.317647
v -0.086193 0.167813 -0.016497 0.305882 0.290196 0.317647
v -0.088305 0.168656 -0.022528 0.305882 0.294118 0.317647
v -0.090647 0.169914 -0.028518 0.305882 0.294118 0.317647
v -0.092815 0.170810 -0.034329 0.305882 0.294118 0.317647
v -0.095218 0.172088 -0.040082 0.305882 0.298039 0.317647
v -0.097651 0.173349 -0.045690 0.305882 0.298039 0.317647
v -0.099888 0.174187 -0.051018 0.305882 0.301961 0.317647
v -0.102370 0.175369 -0.056263 0.305882 0.301961 0.317647
v -0.104874 0.176496 -0.061302 0.301961 0.305882 0.317647
v -0.107398 0.177559 -0.066118 0.301961 0.305882 0.317647
v -0.109938 0.178551 -0.070693 0.301961 0.305882 0.317647
v -0.112493 0.179466 -0.075009 0.301961 0.309804 0.317647
v -0.115058 0.180301 -0.079052 0.301961 0.309804 0.317647
v -0.117630 0.181053 -0.082806 0.301961 0.309804 0.317647
v -0.120205 0.181718 -0.086258 0.301961 0.309804 0.317647
v -0.122781 0.182295 -0.089395 0.301961 0.309804 0.317647
v -0.125635 0.183194 -0.092415 0.301961 0.309804 0.317647
v -0.128205 0.183589 -0.094896 0.301961 0.309804 0.317647
v -0.130763 0.183891 -0.097032 0.301961 0.313725 0.317647
v -0.133606 0.184511 -0.099037 0.301961 0.313725 0.317647
v -0.136440 0.185033 -0.100689 0.301961 0.313725 0.317647
v -0.138950 0.185043 -0.101752 0.301961 0.313725 0.317647
v -0.141750 0.185365 -0.102674 0.305882 0.313725 0.317647
v -0.144527 0.185584 -0.103225 0.305882 0.313725 0.317647
v -0.147280 0.185696 -0.103401 0.305882 0.313725 0.317647
v -0.149669 0.185287 -0.102972 0.305882 0.313725 0.317647
v -0.152352 0.185181 -0.102394 0.305882 0.313725 0.317647
v -0.154652 0.184552 -0.101215 0.305882 0.309804 0.317647
v -0.157246 0.184219 -0.099888 0.305882 0.309804 0.317647
v -0.159792 0.183769 -0.098190 0.305882 0.309804 0.317647
v -0.161929 0.182798 -0.095913 0.305882 0.309804 0.317647
v -0.164361 0.182112 -0.093492 0.309804 0.309804 0.321569
v -0.166366 0.180908 -0.090519 0.309804 0.309804 0.321569
v -0.168667 0.179985 -0.087407 0.309804 0.309804 0.321569
v -0.170525 0.178550 -0.083778 0.309804 0.305882 0.321569
v -0.172679 0.177393 -0.080018 0.309804 0.305882 0.321569
v -0.174375 0.175734 -0.075782 0.309804 0.305882 0.321569
v -0.175983 0.173970 -0.071269 0.313725 0.301961 0.321569
v -0.177889 0.172482 -0.066643 0.313725 0.301961 0.321569
v -0.179316 0.170519 -0.061617 0.313725 0.301961 0.321569
v -0.181041 0.168836 -0.056491 0.313725 0.298039 0.321569
v -0.182277 0.166701 -0.051024 0.313725 0.298039 0.321569
v -0.183412 0.164496 -0.045374 0.313725 0.298039 0.321569
v -0.184848 0.162583 -0.039645 0.313725 0.294118 0.321569
v -0.185780 0.160261 -0.033676 0.317647 0.294118 0.321569
v -0.186607 0.157899 -0.027587 0.317647 0.290196 0.321569
v -0.187737 0.155845 -0.021448 0.317647 0.290196 0.321569
v -0.188356 0.153427 -0.015174 0.317647 0.290196 0.321569
v -0.189278 0.151325 -0.008869 0.317647 0.290196 0.317647
v -0.189686 0.148883 -0.002503 0.317647 0.290196 0.317647
v -0.189989 0.146442 0.003867 0.317647 0.290196 0.317647
v -0.190188 0.144004 0.010217 0.317647 0.290196 0.317647
v -0.190698 0.141878 0.016561 0.317647 0.290196 0.317647
v -0.190693 0.139443 0.022819 0.317647 0.290196 0.317647
v -0.190590 0.137010 0.028989 0.317647 0.294118 0.317647
v -0.190802 0.134867 0.035125 0.317647 0.294118 0.317647
v -0.190508 0.132422 0.041068 0.321569 0.294118 0.317647
v -0.190124 0.129968 0.046859 0.321569 0.298039 0.317647
v -0.189652 0.127501 0.052478 0.321569 0.298039 0.317647
v -0.189505 0.125287 0.058031 0.321569 0.301961 0.317647
v -0.188868 0.122779 0.063259 0.321569 0.301961 0.317647
v -0.188157 0.120252 0.068257 0.321569 0.305882 0.317647
v -0.187375 0.117706 0.073008 0.317647 0.305882 0.317647
v -0.186527 0.115143 0.077494 0.317647 0.309804 0.317647
v -0.186019 0.112808 0.081877 0.317647 0.309804 0.317647
v -0.185053 0.110216 0.085796 0.317647 0.309804 0.317647
v -0.184038 0.107618 0.089404 0.317647 0.309804 0.317647
v -0.182978 0.105021 0.092689 0.317647 0.313725 0.317647
v -0.181881 0.102430 0.095638 0.317647 0.313725 0.317647
v -0.180752 0.099851 0.098241 0.317647 0.313725 0.317647
v -0.179982 0.097498 0.100702 0.317647 0.313725 0.317647
v -0.178805 0.094953 0.102587 0.317647 0.313725 0.317647
v -0.177613 0.092437 0.104099 0.317647 0.313725 0.317647
v -0.176415 0.089953 0.105231 0.317647 0.313725 0.317647
v -0.175216 0.087505 0.105981 0.317647 0.313725 0.317647
v -0.174022 0.085098 0.106344 0.313725 0.313725 0.317647
v -0.172840 0.082734 0.106319 0.313725 0.313725 0.317647
v -0.171676 0.080415 0.105906 0.313725 0.313725 0.317647
v -0.170537 0.078142 0.105107 0.313725 0.313725 0.317647
v -0.169427 0.075918 0.103924 0.313725 0.313725 0.317647
v -0.168353 0.073743 0.102362 0.313725 0.313725 0.317647
v -0.167321 0.071617 0.100426 0.313725 0.313725 0.317647
v -0.165980 0.069390 0.097914 0.309804 0.313725 0.321569
v -0.165050 0.067364 0.095259 0.309804 0.313725 0.321569
v -0.164178 0.065384 0.092258 0.309804 0.313725 0.321569
v -0.163368 0.063449 0.088922 0.309804 0.313725 0.321569
v -0.162627 0.061556 0.085262 0.309804 0.313725 0.321569
v -0.161957 0.059704 0.081293 0.309804 0.313725 0.321569
v -0.161364 0.057889 0.077029 0.309804 0.313725 0.321569
v -0.160851 0.056109 0.072487 0.305882 0.313725 0.321569
v -0.160421 0.054363 0.067683 0.305882 0.309804 0.321569
v -0.160079 0.052649 0.062635 0.305882 0.309804 0.321569
v -0.159828 0.050966 0.057361 0.305882 0.305882 0.321569
v -0.159670 0.049314 0.051880 0.305882 0.305882 0.321569
v -0.159607 0.047693 0.046211 0.305882 0.301961 0.321569
v -0.159985 0.046207 0.040461 0.305882 0.301961 0.321569
v -0.160121 0.044654 0.034464 0.305882 0.298039 0.321569
v -0.160357 0.043142 0.028339 0.305882 0.294118 0.321569
v -0.160696 0.041674 0.022108 0.305882 0.294118 0.321569
v -0.161484 0.040336 0.015825 0.301961 0.290196 0.321569
v -0.162031 0.038955 0.009431 0.301961 0.290196 0.321569
v -0.162683 0.037619 0.002995 0.301961 0.290196 0.321569
v -0.163438 0.036322 -0.003458 0.301961 0.290196 0.321569
v -0.164296 0.035060 -0.009906 0.301961 0.290196 0.321569
v -0.165257 0.033825 -0.016325 0.301961 0.290196 0.321569
v -0.166676 0.032677 -0.022739 0.301961 0.294118 0.317647
v -0.167840 0.031467 -0.029040 0.301961 0.294118 0.317647
v -0.169463 0.030321 -0.035313 0.301961 0.298039 0.317647
v -0.170823 0.029103 -0.041398 0.301961 0.301961 0.317647
v -0.172644 0.027930 -0.047435 0.301961 0.301961 0.317647
v -0.174562 0.026734 -0.053323 0.301961 0.305882 0.317647
v -0.176199 0.025456 -0.058916 0.301961 0.305882 0.317647
v -0.178298 0.024205 -0.064430 0.305882 0.309804 0.317647
v -0.180484 0.022920 -0.069730 0.305882 0.309804 0.317647
v -0.182754 0.021602 -0.074796 0.305882 0.309804 0.317647
v -0.185104 0.020247 -0.079608 0.305882 0.313725 0.317647
v -0.187529 0.018856 -0.084148 0.305882 0.313725 0.317647
v -0.189626 0.017389 -0.088214 0.305882 0.313725 0.317647
v -0.192182 0.015923 -0.092151 0.305882 0.313725 0.317647
v -0.194392 0.014387 -0.095567 0.305882 0.313725 0.317647
v -0.197058 0.012843 -0.098841 0.305882 0.313725 0.317647
v -0.199356 0.011233 -0.101556 0.305882 0.313725 0.317647
v -0.202108 0.009606 -0.104119 0.309804 0.313725 0.317647
v -0.204470 0.007919 -0.106091 0.309804 0.313725 0.317647
v -0.206851 0.006194 -0.107678 0.309804 0.313725 0.317647
v -0.209244 0.004431 -0.108874 0.309804 0.313725 0.317647
v -0.211644 0.002629 -0.109674 0.309804 0.313725 0.317647
v -0.214042 0.000788 -0.110076 0.309804 0.313725 0.317647
v -0.215076 -0.001084 -0.109389 0.309804 0.313725 0.317647
v -0.217435 -0.002989 -0.108993 0.313725 0.313725 0.317647
v -0.219309 -0.004922 -0.107974 0.313725 0.313725 0.317647
v -0.221609 -0.006896 -0.106791 0.313725 0.313725 0.317647
v -0.223872 -0.008906 -0.105219 0.313725 0.313725 0.317647
v -0.225614 -0.010926 -0.103046 0.313725 0.313725 0.317647
v -0.227775 -0.012996 -0.100719 0.313725 0.313725 0.317647
v -0.229878 -0.015094 -0.098025 0.313725 0.313725 0.317647
v -0.231426 -0.017184 -0.094773 0.317647 0.309804 0.317647
v -0.233387 -0.019328 -0.091381 0.317647 0.309804 0.317647
v -0.234772 -0.021449 -0.087471 0.317647 0.309804 0.317647
v -0.236565 -0.023628 -0.083433 0.317647 0.309804 0.317647
v -0.237762 -0.025767 -0.078924 0.317647 0.305882 0.317647
v -0.239363 -0.027967 -0.074302 0.317647 0.305882 0.317647
v -0.240862 -0.030177 -0.069410 0.317647 0.301961 0.317647
v -0.241739 -0.032323 -0.064127 0.317647 0.301961 0.317647
v -0.243015 -0.034538 -0.058759 0.317647 0.301961 0.317647
v -0.244174 -0.036754 -0.053177 0.317647 0.298039 0.317647
v -0.245211 -0.038970 -0.047403 0.317647 0.298039 0.317647
v -0.246123 -0.041186 -0.041458 0.317647 0.294118 0.317647
v -0.246907 -0.043401 -0.035364 0.317647 0.294118 0.317647
v -0.247558 -0.045614 -0.029145 0.321569 0.294118 0.317647
v -0.248602 -0.047927 -0.022872 0.321569 0.290196 0.317647
v -0.248983 -0.050141 -0.016458 0.321569 0.290196 0.317647
v -0.249754 -0.052465 -0.010010 0.321569 0.290196 0.317647
v -0.249856 -0.054680 -0.003495 0.321569 0.290196 0.317647
v -0.250346 -0.057013 0.003034 0.317647 0.290196 0.317647
v -0.250164 -0.059226 0.009554 0.317647 0.290196 0.317647
v -0.250368 -0.061563 0.016069 0.317647 0.290196 0.317647
v -0.249901 -0.063765 0.022500 0.317647 0.290196 0.317647
v -0.249818 -0.066093 0.028907 0.317647 0.290196 0.317647
v -0.249068 -0.068270 0.035157 0.317647 0.294118 0.317647
v -0.248701 -0.070574 0.041363 0.317647 0.294118 0.317647
v -0.247674 -0.072707 0.047342 0.317647 0.298039 0.317647
v -0.247030 -0.074964 0.053259 0.317647 0.298039 0.317647
v -0.245735 -0.077031 0.058882 0.317647 0.298039 0.317647
v -0.244312 -0.079055 0.064289 0.317647 0.301961 0.317647
v -0.243273 -0.081200 0.069609 0.317647 0.301961 0.317647
v -0.242107 -0.083300 0.074696 0.313725 0.301961 0.317647
v -0.240315 -0.085173 0.079367 0.313725 0.305882 0.317647
v -0.238909 -0.087167 0.083924 0.313725 0.305882 0.317647
v -0.236895 -0.088918 0.088012 0.313725 0.305882 0.317647
v -0.234779 -0.090602 0.091780 0.313725 0.309804 0.317647
v -0.233051 -0.092410 0.095414 0.313725 0.309804 0.317647
v -0.230743 -0.093959 0.098510 0.313725 0.309804 0.317647
v -0.228350 -0.095436 0.101249 0.309804 0.309804 0.317647
v -0.225878 -0.096842 0.103621 0.309804 0.309804 0.317647
v -0.223333 -0.098176 0.105616 0.309804 0.313725 0.317647
v -0.220722 -0.099439 0.107227 0.309804 0.313725 0.317647
v -0.218051 -0.100631 0.108448 0.309804 0.313725 0.317647
v -0.215325 -0.101754 0.109274 0.309804 0.313725 0.317647
v -0.212994 -0.103021 0.109931 0.305882 0.313725 0.317647
v -0.210174 -0.104010 0.109960 0.305882 0.313725 0.317647
v -0.207320 -0.104932 0.109589 0.305882 0.313725 0.317647
v -0.204438 -0.105790 0.108819 0.305882 0.313725 0.317647
v -0.201534 -0.106585 0.107653 0.305882 0.313725 0.317647
v -0.198615 -0.107319 0.106094 0.305882 0.313725 0.317647
v -0.195686 -0.107992 0.104149 0.305882 0.313725 0.317647
v -0.192755 -0.108608 0.101825 0.305882 0.313725 0.317647
v -0.190220 -0.109393 0.099336 0.305882 0.313725 0.317647
v -0.187294 -0.109897 0.096274 0.305882 0.313725 0.317647
v -0.184764 -0.110575 0.093055 0.301961 0.313725 0.317647
v -0.181867 -0.110972 0.089298 0.301961 0.309804 0.317647
v -0.178995 -0.111318 0.085217 0.301961 0.309804 0.317647
v -0.176517 -0.111844 0.080994 0.301961 0.309804 0.317647
v -0.175496 -0.113247 0.077087 0.301961 0.309804 0.317647
v -0.187840 -0.123399 0.078387 0.301961 0.305882 0.317647
v -0.186578 -0.124731 0.073323 0.301961 0.305882 0.317647
v -0.182927 -0.124400 0.067009 0.301961 0.305882 0.317647
v -0.179693 -0.124263 0.060612 0.301961 0.301961 0.317647
v -0.176863 -0.124330 0.054119 0.301961 0.301961 0.317647
v -0.173450 -0.123915 0.047252 0.301961 0.298039 0.317647
v -0.170447 -0.123728 0.040338 0.301961 0.298039 0.317647
v -0.167529 -0.123554 0.033300 0.301961 0.294118 0.317647
v -0.164385 -0.123177 0.026115 0.301961 0.294118 0.317647
v -0.161646 -0.123082 0.018920 0.305882 0.290196 0.317647
v -0.158695 -0.122821 0.011654 0.305882 0.290196 0.317647
v -0.156141 -0.122879 0.004403 0.305882 0.290196 0.317647
v -0.153388 -0.122799 -0.002840 0.305882 0.290196 0.317647
v -0.151025 -0.123060 -0.010044 0.305882 0.290196 0.317647
v -0.148472 -0.123193 -0.017158 0.305882 0.290196 0.317647
v -0.146020 -0.123430 -0.024162 0.305882 0.294118 0.317647
v -0.143949 -0.124002 -0.031090 0.305882 0.294118 0.317647
v -0.141696 -0.124420 -0.037809 0.305882 0.298039 0.317647
v -0.139815 -0.125151 -0.044427 0.305882 0.298039 0.317647
v -0.138026 -0.125942 -0.050858 0.309804 0.301961 0.317647
v -0.136063 -0.126534 -0.056968 0.309804 0.305882 0.317647
v -0.134458 -0.127412 -0.062945 0.309804 0.305882 0.321569
v -0.132680 -0.128072 -0.068531 0.309804 0.309804 0.321569
v -0.131250 -0.129014 -0.073967 0.309804 0.309804 0.321569
v -0.129648 -0.129732 -0.078954 0.309804 0.313725 0.321569
v -0.128384 -0.130741 -0.083775 0.313725 0.313725 0.321569
v -0.127198 -0.131791 -0.088271 0.313725 0.313725 0.321569
v -0.126087 -0.132887 -0.092425 0.313725 0.313725 0.321569
v -0.125047 -0.134037 -0.096225 0.313725 0.313725 0.321569
v -0.124074 -0.135246 -0.099659 0.313725 0.313725 0.321569
v -0.122920 -0.136245 -0.102510 0.313725 0.313725 0.321569
v -0.122318 -0.137860 -0.105387 0.313725 0.313725 0.321569
v -0.121526 -0.139274 -0.107665 0.317647 0.313725 0.321569
v -0.120786 -0.140762 -0.109542 0.317647 0.313725 0.321569
v -0.120336 -0.142614 -0.111239 0.317647 0.313725 0.321569
v -0.119686 -0.144260 -0.112306 0.317647 0.313725 0.321569
v -0.119075 -0.145983 -0.112962 0.317647 0.313725 0.321569
v -0.118498 -0.147781 -0.113206 0.317647 0.313725 0.321569
v -0.118189 -0.149955 -0.113267 0.317647 0.313725 0.321569
v -0.117665 -0.151900 -0.112690 0.317647 0.313725 0.321569
v -0.117400 -0.154224 -0.111933 0.317647 0.313725 0.321569
v -0.116910 -0.156299 -0.110544 0.317647 0.313725 0.321569
v -0.116668 -0.158750 -0.108982 0.317647 0.313725 0.321569
v -0.116431 -0.161259 -0.107023 0.317647 0.313725 0.321569
v -0.115958 -0.163483 -0.104461 0.317647 0.313725 0.321569
v -0.115717 -0.166076 -0.101737 0.321569 0.313725 0.321569
v -0.115467 -0.168700 -0.098641 0.321569 0.313725 0.321569
v -0.115203 -0.171345 -0.095184 0.321569 0.313725 0.321569
v -0.114921 -0.174003 -0.091379 0.321569 0.313725 0.321569
v -0.114617 -0.176664 -0.087240 0.321569 0.309804 0.321569
v -0.114520 -0.179685 -0.082950 0.321569 0.309804 0.321569
v -0.114158 -0.182335 -0.078177 0.317647 0.309804 0.321569
v -0.113762 -0.184968 -0.073118 0.317647 0.305882 0.321569
v -0.113558 -0.187965 -0.067929 0.317647 0.305882 0.321569
v -0.113082 -0.190568 -0.062343 0.317647 0.301961 0.321569
v -0.112560 -0.193155 -0.056529 0.317647 0.301961 0.321569
v -0.112218 -0.196131 -0.050612 0.317647 0.298039 0.321569
v -0.111823 -0.199117 -0.044488 0.317647 0.298039 0.321569
v -0.111147 -0.201712 -0.038102 0.317647 0.294118 0.321569
v -0.110638 -0.204739 -0.031644 0.317647 0.294118 0.321569
v -0.110068 -0.207802 -0.025048 0.317647 0.290196 0.321569
v -0.109214 -0.210485 -0.018302 0.317647 0.290196 0.321569
v -0.108517 -0.213636 -0.011518 0.317647 0.290196 0.321569
v -0.107536 -0.216403 -0.004661 0.317647 0.290196 0.321569
v -0.106705 -0.219646 0.002212 0.313725 0.290196 0.321569
v -0.105593 -0.222485 0.009080 0.313725 0.290196 0.321569
v -0.104624 -0.225796 0.015942 0.313725 0.290196 0.321569
v -0.103377 -0.228668 0.022722 0.313725 0.290196 0.321569
v -0.102268 -0.231996 0.029474 0.313725 0.294118 0.321569
v -0.100886 -0.234842 0.036070 0.313725 0.294118 0.321569
v -0.099438 -0.237646 0.042532 0.309804 0.294118 0.321569
v -0.097925 -0.240391 0.048837 0.309804 0.298039 0.321569
v -0.096540 -0.243546 0.055072 0.309804 0.298039 0.321569
v -0.094897 -0.246131 0.061008 0.309804 0.298039 0.321569
v -0.093191 -0.248611 0.066722 0.309804 0.301961 0.321569
v -0.091426 -0.250976 0.072193 0.309804 0.301961 0.321569
v -0.089602 -0.253214 0.077402 0.309804 0.301961 0.321569
v -0.087721 -0.255317 0.082330 0.305882 0.305882 0.321569
v -0.085786 -0.257279 0.086959 0.305882 0.305882 0.321569
v -0.083799 -0.259095 0.091272 0.305882 0.305882 0.321569
v -0.081598 -0.260240 0.095064 0.305882 0.305882 0.321569
v -0.079518 -0.261748 0.098693 0.305882 0.309804 0.321569
v -0.077393 -0.263101 0.101964 0.305882 0.309804 0.321569
v -0.075226 -0.264297 0.104864 0.305882 0.309804 0.321569
v -0.072874 -0.264805 0.107169 0.305882 0.309804 0.321569
v -0.070637 -0.265684 0.109294 0.305882 0.309804 0.321569
v -0.068229 -0.265872 0.110799 0.301961 0.309804 0.321569
v -0.065933 -0.266435 0.112120 0.301961 0.309804 0.321569
v -0.063482 -0.266306 0.112806 0.301961 0.309804 0.321569
v -0.061016 -0.266021 0.113079 0.301961 0.309804 0.321569
v -0.058540 -0.265580 0.112939 0.301961 0.309804 0.321569
v -0.056055 -0.264985 0.112389 0.301961 0.309804 0.321569
v -0.053565 -0.264239 0.111432 0.301961 0.309804 0.321569
v -0.051074 -0.263343 0.110073 0.301961 0.309804 0.321569
v -0.048585 -0.262299 0.108319 0.301961 0.309804 0.321569
v -0.046100 -0.261109 0.106178 0.301961 0.309804 0.321569
v -0.043622 -0.259774 0.103660 0.301961 0.309804 0.321569
v -0.041071 -0.257769 0.100569 0.301961 0.309804 0.321569
v -0.038622 -0.256155 0.097335 0.301961 0.309804 0.321569
v -0.036115 -0.253880 0.093569 0.301961 0.309804 0.321569
v -0.033706 -0.251998 0.089677 0.305882 0.309804 0.321569
v -0.031254 -0.249468 0.085298 0.305882 0.305882 0.321569
v -0.028835 -0.246820 0.080644 0.305882 0.305882 0.321569
v -0.026506 -0.244570 0.075894 0.305882 0.305882 0.321569
v -0.024156 -0.241700 0.070739 0.305882 0.301961 0.321569
v -0.021845 -0.238733 0.065370 0.305882 0.301961 0.321569
v -0.019575 -0.235680 0.059806 0.305882 0.301961 0.321569
v -0.017385 -0.233048 0.054186 0.305882 0.298039 0.321569
v -0.015198 -0.229857 0.048289 0.305882 0.298039 0.321569
v -0.013056 -0.226622 0.042264 0.305882 0.298039 0.321569
v -0.010962 -0.223362 0.036134 0.309804 0.294118 0.317647
v -0.008915 -0.220095 0.029923 0.309804 0.294118 0.317647
v -0.006931 -0.217311 0.023703 0.309804 0.290196 0.317647
v -0.004978 -0.214087 0.017382 0.309804 0.290196 0.317647
v -0.003073 -0.210916 0.011048 0.309804 0.290196 0.317647
v -0.001219 -0.207814 0.004724 0.309804 0.290196 0.317647
v 0.000587 -0.204795 -0.001569 0.309804 0.290196 0.317647
v 0.002347 -0.202314 -0.007823 0.313725 0.290196 0.317647
v 0.004058 -0.199480 -0.013996 0.313725 0.290196 0.317647
v 0.005732 -0.197178 -0.020114 0.313725 0.290196 0.317647
v 0.007350 -0.194525 -0.026078 0.313725 0.294118 0.317647
v 0.008920 -0.191951 -0.031898 0.313725 0.294118 0.317647
v 0.010468 -0.189872 -0.037636 0.313725 0.298039 0.317647
v 0.011951 -0.187417 -0.043117 0.313725 0.298039 0.317647
v 0.013420 -0.185422 -0.048501 0.317647 0.301961 0.317647
v 0.014820 -0.183035 -0.053562 0.317647 0.301961 0.317647
v 0.016217 -0.181080 -0.058514 0.317647 0.305882 0.317647
v 0.017582 -0.179135 -0.063229 0.317647 0.309804 0.317647
v 0.018915 -0.177197 -0.067691 0.317647 0.309804 0.317647
v 0.020174 -0.174866 -0.071718 0.317647 0.309804 0.317647
v 0.021499 -0.173354 -0.075791 0.317647 0.313725 0.317647
v 0.022910 -0.172644 -0.079952 0.317647 0.313725 0.317647
v 0.024261 -0.171554 -0.083663 0.317647 0.313725 0.317647
v 0.025662 -0.170878 -0.087281 0.317647 0.313725 0.317647
v 0.027124 -0.170617 -0.090813 0.317647 0.313725 0.317647
v 0.028593 -0.170391 -0.094051 0.317647 0.313725 0.317647
v 0.030006 -0.169832 -0.096763 0.321569 0.313725 0.317647
v 0.031496 -0.169711 -0.099363 0.321569 0.313725 0.317647
v 0.032928 -0.169280 -0.101401 0.321569 0.313725 0.317647
v 0.034373 -0.168927 -0.103084 0.321569 0.313725 0.317647
v 0.035754 -0.168290 -0.104174 0.321569 0.313725 0.317647
v 0.037148 -0.167745 -0.104890 0.321569 0.313725 0.317647
v 0.038557 -0.167297 -0.105227 0.317647 0.313725 0.317647
v 0.040332 -0.168402 -0.106099 0.317647 0.313725 0.317647
v 0.042783 -0.172132 -0.108169 0.317647 0.313725 0.317647
v 0.046811 -0.181714 -0.113408 0.317647 0.313725 0.317647
v 0.048726 -0.182708 -0.112753 0.317647 0.313725 0.317647
v 0.050493 -0.183085 -0.111225 0.317647 0.313725 0.317647
v 0.051994 -0.182485 -0.108636 0.317647 0.313725 0.317647
v 0.053837 -0.183059 -0.106286 0.317647 0.313725 0.317647
v 0.055618 -0.183364 -0.103324 0.317647 0.313725 0.317647
v 0.057331 -0.183391 -0.099778 0.317647 0.313725 0.317647
v 0.059198 -0.183848 -0.096054 0.317647 0.313725 0.317647
v 0.061233 -0.184726 -0.092143 0.317647 0.313725 0.317647
v 0.063448 -0.186016 -0.088029 0.313725 0.313725 0.317647
v 0.065731 -0.187350 -0.083537 0.313725 0.309804 0.317647
v 0.068214 -0.189082 -0.078828 0.313725 0.309804 0.317647
v 0.070777 -0.190845 -0.073745 0.313725 0.309804 0.317647
v 0.073699 -0.193364 -0.068560 0.313725 0.305882 0.317647
v 0.076722 -0.195919 -0.062985 0.313725 0.305882 0.317647
v 0.079703 -0.198156 -0.056932 0.313725 0.301961 0.317647
v 0.082783 -0.200450 -0.050548 0.309804 0.298039 0.317647
v 0.085807 -0.202452 -0.043775 0.309804 0.298039 0.317647
v 0.088766 -0.204179 -0.036675 0.309804 0.294118 0.317647
v 0.091645 -0.205648 -0.029314 0.309804 0.294118 0.317647
v 0.094601 -0.207241 -0.021798 0.309804 0.290196 0.317647
v 0.097634 -0.208973 -0.014155 0.309804 0.290196 0.317647
v 0.100565 -0.210476 -0.006402 0.309804 0.290196 0.317647
v 0.101547 -0.207991 0.001367 0.305882 0.290196 0.317647
v 0.081208 -0.162907 0.007011 0.305882 0.290196 0.317647
v 0.078993 -0.155310 0.012238 0.305882 0.290196 0.317647
v 0.081343 -0.156847 0.017833 0.305882 0.290196 0.317647
v 0.083537 -0.158052 0.023329 0.305882 0.294118 0.317647
v 0.085974 -0.159674 0.028807 0.305882 0.294118 0.317647
v 0.088454 -0.161314 0.034205 0.305882 0.298039 0.317647
v 0.090756 -0.162557 0.039406 0.305882 0.298039 0.317647
v 0.093313 -0.164177 0.044570 0.305882 0.298039 0.317647
v 0.095676 -0.165365 0.049477 0.305882 0.301961 0.317647
v 0.098301 -0.166910 0.054335 0.301961 0.301961 0.317647
v 0.100714 -0.167997 0.058876 0.301961 0.305882 0.317647
v 0.103147 -0.169020 0.063203 0.301961 0.305882 0.317647
v 0.105595 -0.169974 0.067301 0.301961 0.305882 0.317647
v 0.108056 -0.170853 0.071156 0.301961 0.309804 0.317647
v 0.110527 -0.171654 0.074752 0.301961 0.309804 0.317647
v 0.113003 -0.172375 0.078076 0.301961 0.309804 0.317647
v 0.115204 -0.172595 0.080921 0.301961 0.309804 0.317647
v 0.117677 -0.173147 0.083661 0.301961 0.309804 0.317647
v 0.120145 -0.173612 0.086097 0.301961 0.309804 0.317647
v 0.122309 -0.173567 0.088005 0.301961 0.309804 0.317647
v 0.124752 -0.173854 0.089803 0.301961 0.309804 0.317647
v 0.126871 -0.173626 0.091052 0.301961 0.309804 0.317647
v 0.129273 -0.173728 0.092187 0.301961 0.313725 0.317647
v 0.131332 -0.173313 0.092761 0.305882 0.313725 0.317647
v 0.133351 -0.172801 0.092994 0.305882 0.313725 0.317647
v 0.135661 -0.172616 0.093114 0.305882 0.313725 0.317647
v 0.137598 -0.171909 0.092669 0.305882 0.309804 0.317647
v 0.139484 -0.171103 0.091888 0.305882 0.309804 0.317647
v 0.141666 -0.170618 0.091000 0.305882 0.309804 0.317647
v 0.143447 -0.169611 0.089561 0.305882 0.309804 0.317647
v 0.145167 -0.168503 0.087802 0.305882 0.309804 0.317647
v 0.146823 -0.167293 0.085733 0.305882 0.309804 0.317647
v 0.148411 -0.165983 0.083363 0.305882 0.309804 0.317647
v 0.149928 -0.164571 0.080701 0.309804 0.309804 0.317647
v 0.151371 -0.163060 0.077759 0.309804 0.305882 0.317647
v 0.153120 -0.161855 0.074735 0.309804 0.305882 0.317647
v 0.154411 -0.160147 0.071263 0.309804 0.305882 0.317647
v 0.155229 -0.157947 0.067379 0.309804 0.305882 0.317647
v 0.156349 -0.156058 0.063447 0.309804 0.301961 0.317647
v 0.157382 -0.154085 0.059305 0.313725 0.301961 0.317647
v 0.158327 -0.152031 0.054968 0.313725 0.301961 0.317647
v 0.159181 -0.149905 0.050453 0.313725 0.298039 0.317647
v 0.159944 -0.147712 0.045777 0.313725 0.298039 0.317647
v 0.160613 -0.145461 0.040957 0.313725 0.298039 0.317647
v 0.161188 -0.143161 0.036011 0.313725 0.294118 0.317647
v 0.161254 -0.140460 0.030878 0.317647 0.294118 0.317647
v 0.161638 -0.138094 0.025749 0.317647 0.294118 0.317647
v 0.161926 -0.135708 0.020550 0.317647 0.290196 0.317647
v 0.162541 -0.133655 0.015340 0.317647 0.290196 0.317647
v 0.162642 -0.131246 0.010044 0.317647 0.290196 0.317647
v 0.163073 -0.129174 0.004748 0.317647 0.290196 0.317647
v 0.163412 -0.127099 -0.000570 0.317647 0.290196 0.317647
v 0.163237 -0.124700 -0.005875 0.317647 0.290196 0.321569
v 0.163822 -0.122953 -0.011193 0.317647 0.290196 0.321569
v 0.164320 -0.121197 -0.016502 0.317647 0.290196 0.321569
v 0.165582 -0.120049 -0.021894 0.317647 0.290196 0.321569
v 0.210110 -0.149770 -0.034385 0.317647 0.294118 0.321569
v 0.233653 -0.163776 -0.045478 0.317647 0.294118 0.321569
v 0.234130 -0.161390 -0.052704 0.321569 0.298039 0.321569
v 0.234492 -0.158967 -0.059791 0.321569 0.298039 0.321569
v 0.233901 -0.155940 -0.066471 0.321569 0.298039 0.321569
v 0.233208 -0.152889 -0.072910 0.321569 0.301961 0.321569
v 0.232419 -0.149814 -0.079083 0.321569 0.301961 0.321569
v 0.231122 -0.146448 -0.084814 0.317647 0.305882 0.321569
v 0.229743 -0.143070 -0.090215 0.317647 0.305882 0.321569
v 0.228289 -0.139682 -0.095266 0.317647 0.309804 0.321569
v 0.226767 -0.136290 -0.099949 0.317647 0.309804 0.321569
v 0.225594 -0.133140 -0.104440 0.317647 0.309804 0.321569
v 0.223955 -0.129750 -0.108352 0.317647 0.309804 0.321569
v 0.222270 -0.126373 -0.111853 0.317647 0.313725 0.321569
v 0.220948 -0.123243 -0.115143 0.317647 0.313725 0.321569
v 0.219190 -0.119909 -0.117797 0.317647 0.313725 0.321569
v 0.217805 -0.116824 -0.120232 0.317647 0.313725 0.321569
v 0.216005 -0.113561 -0.122005 0.317647 0.313725 0.321569
v 0.214196 -0.110344 -0.123328 0.317647 0.313725 0.321569
v 0.212386 -0.107179 -0.124198 0.317647 0.313725 0.321569
v 0.210583 -0.104071 -0.124613 0.313725 0.313725 0.321569
v 0.208795 -0.101021 -0.124574 0.313725 0.313725 0.321569
v 0.207029 -0.098035 -0.124083 0.313725 0.313725 0.321569
v 0.205292 -0.095113 -0.123144 0.313725 0.313725 0.321569
v 0.203970 -0.092428 -0.121987 0.313725 0.313725 0.321569
v 0.202311 -0.089634 -0.120165 0.313725 0.313725 0.321569
v 0.200703 -0.086908 -0.117913 0.313725 0.313725 0.321569
v 0.199151 -0.084248 -0.115242 0.313725 0.313725 0.321569
v 0.198031 -0.081807 -0.112371 0.309804 0.313725 0.321569
v 0.196610 -0.079273 -0.108889 0.309804 0.313725 0.321569
v 0.195629 -0.076944 -0.105220 0.309804 0.313725 0.321569
v 0.194362 -0.074528 -0.100980 0.309804 0.313725 0.321569
v 0.193181 -0.072168 -0.096386 0.309804 0.313725 0.321569
v 0.192450 -0.069993 -0.091630 0.309804 0.313725 0.321569
v 0.191453 -0.067735 -0.086376 0.309804 0.313725 0.321569
v 0.190556 -0.065524 -0.080825 0.305882 0.309804 0.321569
v 0.190118 -0.063478 -0.075140 0.305882 0.309804 0.321569
v 0.189785 -0.061469 -0.069179 0.305882 0.305882 0.321569
v 0.189560 -0.059496 -0.062964 0.305882 0.305882 0.321569
v 0.189091 -0.057452 -0.056413 0.305882 0.301961 0.321569
v 0.189093 -0.055558 -0.049773 0.305882 0.301961 0.321569
v 0.186362 -0.052897 -0.042306 0.305882 0.298039 0.321569
v 0.186594 -0.051117 -0.035436 0.305882 0.298039 0.321569
v 0.186588 -0.049291 -0.028386 0.305882 0.294118 0.321569
v 0.185625 -0.047249 -0.021142 0.301961 0.290196 0.321569
v 0.185492 -0.045460 -0.013990 0.301961 0.290196 0.321569
v 0.185833 -0.043821 -0.006863 0.301961 0.290196 0.321569
v 0.186290 -0.042235 0.000254 0.301961 0.290196 0.321569
v 0.186134 -0.040540 0.007305 0.301961 0.290196 0.321569
v 0.186814 -0.039048 0.014296 0.301961 0.290196 0.321569
v 0.184291 -0.036924 0.020826 0.301961 0.290196 0.321569
v 0.144378 -0.027686 0.021441 0.301961 0.294118 0.321569
v 0.144688 -0.026507 0.026459 0.301961 0.294118 0.321569
v 0.146198 -0.025533 0.031570 0.301961 0.298039 0.321569
v 0.148175 -0.024608 0.036684 0.301961 0.301961 0.321569
v 0.149860 -0.023598 0.041609 0.301961 0.301961 0.321569
v 0.151243 -0.022507 0.046288 0.301961 0.305882 0.321569
v 0.153089 -0.021451 0.050929 0.301961 0.305882 0.321569
v 0.154619 -0.020314 0.055268 0.305882 0.309804 0.321569
v 0.156614 -0.019201 0.059559 0.305882 0.309804 0.321569
v 0.158681 -0.018057 0.063655 0.305882 0.309804 0.321569
v 0.160816 -0.016880 0.067540 0.305882 0.309804 0.321569
v 0.163015 -0.015670 0.071198 0.305882 0.313725 0.321569
v 0.164858 -0.014389 0.074427 0.305882 0.313725 0.321569
v 0.167168 -0.013111 0.077582 0.305882 0.313725 0.321569
v 0.169528 -0.011797 0.080468 0.305882 0.313725 0.321569
v 0.171504 -0.010420 0.082866 0.305882 0.313725 0.321569
v 0.173946 -0.009034 0.085176 0.309804 0.313725 0.321569
v 0.175983 -0.007590 0.086967 0.309804 0.313725 0.321569
v 0.178039 -0.006113 0.088441 0.309804 0.313725 0.321569
v 0.180108 -0.004603 0.089593 0.309804 0.313725 0.321569
v 0.182185 -0.003060 0.090419 0.309804 0.313725 0.321569
v 0.184724 -0.001487 0.091142 0.309804 0.313725 0.321569
f 415 417 517
f 700 24 697
f 700 703 658
f 74 693 574
f 565 74 75
f 565 74 574
f 66 354 574
f 268 354 270
f 516 417 517
f 326 304 325
f 326 305 304
f 301 326 325
f 301 326 302
f 301 326 227
f 301 330 302
f 301 300 302
f 226 304 225
f 226 301 225
f 226 326 325
f 226 326 227
f 226 301 300
f 226 301 300
f 226 227 330
f 226 300 225
f 226 300 227
f 306 326 305
f 17 706 18
f 17 706 658
f 17 706 658
f 405 432 431
f 690 669 668
f 414 415 517
f 414 326 415
f 519 518 417
f 519 415 417
f 707 643 706
f 704 703 658
f 704 21 658
f 704 706 21
f 704 74 703
f 701 74 700
f 23 24 660
f 23 700 658
f 23 700 703
f 23 700 24
f 23 704 703
f 23 704 24
f 23 704 706
f 23 704 706
f 73 704 32
f 73 704 74
f 73 704 74
f 721 707 643
f 527 519 517
f 664 27 663
f 664 695 663
f 33 669 668
f 33 669 32
f 33 669 671
f 33 669 671
f 33 73 32
f 33 701 700
f 33 701 700
f 33 690 688
f 33 690 32
f 581 666 665
f 581 669 579
f 29 664 663
f 29 664 665
f 29 666 665
f 29 666 695
f 29 695 30
f 29 701 700
f 29 704 703
f 470 468 372
f 470 468 375
f 470 377 468
f 467 468 372
f 467 470 377
f 564 565 583
f 568 565 74
f 360 270 361
f 360 359 270
f 360 270 361
f 360 359 270
f 360 268 361
f 360 268 359
f 360 268 361
f 360 268 359
f 360 467 574
f 360 467 359
f 699 33 34
f 699 33 700
f 699 33 32
f 699 33 700
f 699 74 700
f 699 29 30
f 699 29 700
f 699 29 700
f 699 701 700
f 419 520 420
f 419 519 520
f 419 513 512
f 419 519 518
f 419 518 517
f 419 516 420
f 419 516 517
f 416 419 325
f 416 432 415
f 416 326 325
f 416 326 415
f 416 432 415
f 416 419 432
f 416 414 422
f 347 568 565
f 228 301 326
f 228 301 300
f 228 301 326
f 228 300 229
f 228 300 227
f 400 300 302
f 273 372 373
f 433 405 432
f 477 455 458
f 478 477 564
f 478 382 380
f 365 268 267
f 365 270 271
f 365 282 360
f 365 360 372
f 575 568 574
f 575 682 574
f 575 467 468
f 575 467 468
f 575 574 361
f 575 467 574
f 659 700 697
f 659 23 700
f 659 23 660
f 659 23 658
f 659 700 24
f 659 23 24
f 659 23 700
f 659 21 660
f 659 21 658
f 1 729 728
f 421 326 325
f 421 422 326
f 421 520 420
f 421 422 520
f 421 416 326
f 421 416 422
f 421 519 520
f 421 519 422
f 421 416 415
f 421 416 422
f 421 519 518
f 421 519 422
f 421 414 422
f 421 518 517
f 421 422 518
f 421 432 415
f 421 414 432
f 421 414 422
f 421 516 517
f 421 422 516
f 421 516 420
f 421 422 516
f 421 513 512
f 421 422 513
f 424 519 520
f 657 659 697
f 657 661 697
f 657 695 662
f 657 661 662
f 657 659 700
f 657 659 700
f 657 699 700
f 657 664 665
f 657 700 703
f 657 704 703
f 657 704 706
f 657 706 658
f 657 643 658
f 709 84 82
f 14 709 707
f 14 73 74
f 14 74 75
f 705 704 74
f 705 657 704
f 705 14 74
f 705 14 707
f 705 14 707
f 705 704 706
f 702 33 701
f 702 33 32
f 702 33 701
f 702 74 703
f 702 701 74
f 702 29 703
f 702 29 701
f 702 701 27
f 702 657 700
f 702 657 701
f 336 84 82
f 582 664 665
f 582 581 665
f 582 581 666
f 582 564 565
f 582 669 583
f 582 581 669
f 522 520 518
f 522 519 520
f 522 421 422
f 522 421 420
f 522 419 420
f 71 702 33
f 71 702 33
f 71 702 74
f 71 702 701
f 675 33 674
f 675 674 583
f 675 582 674
f 675 582 581
f 675 581 674
f 681 685 682
f 681 33 685
f 681 33 34
f 681 675 685
f 681 675 33
f 681 575 576
f 681 575 576
f 681 576 682
f 696 33 32
f 696 33 695
f 696 695 30
f 696 33 34
f 696 33 695
f 696 695 74
f 696 657 662
f 696 657 695
f 696 662 663
f 696 695 663
f 696 695 662
f 694 33 693
f 694 33 695
f 694 33 693
f 694 33 695
f 694 693 668
f 694 29 695
f 694 666 665
f 694 666 695
f 694 664 665
f 694 664 695
f 694 657 664
f 694 54 693
f 694 664 695
f 694 657 695
f 694 657 664
f 694 693 574
f 694 695 574
f 694 74 693
f 694 695 74
f 580 576 682
f 580 681 682
f 580 681 581
f 580 581 579
f 28 664 27
f 28 29 664
f 28 664 27
f 28 664 695
f 28 29 695
f 28 664 695
f 28 29 695
f 28 29 664
f 28 27 700
f 28 29 700
f 28 701 27
f 28 29 701
f 28 702 701
f 28 702 29
f 28 14 29
f 28 702 27
f 28 702 29
f 28 705 14
f 28 704 27
f 28 29 704
f 28 705 704
f 28 705 29
f 28 14 27
f 28 705 27
f 28 705 14
f 472 470 372
f 472 470 375
f 472 470 377
f 472 382 380
f 472 381 470
f 472 382 381
f 472 382 381
f 460 360 359
f 374 468 375
f 374 467 468
f 374 467 468
f 374 372 373
f 376 377 468
f 376 467 468
f 376 467 377
f 379 467 470
f 379 472 470
f 379 472 470
f 452 382 381
f 452 379 381
f 452 379 381
f 452 555 451
f 563 564 583
f 563 582 564
f 563 582 581
f 563 478 477
f 563 478 477
f 567 568 467
f 567 478 477
f 567 582 568
f 567 582 568
f 567 568 583
f 252 253 354
f 158 264 159
f 356 268 270
f 356 270 355
f 356 357 270
f 356 268 270
f 356 357 270
f 356 357 268
f 356 357 253
f 356 357 63
f 356 279 354
f 356 374 375
f 356 376 374
f 356 376 354
f 356 376 375
f 356 376 374
f 358 268 359
f 358 357 268
f 358 268 359
f 358 357 268
f 358 359 270
f 358 357 270
f 358 359 270
f 358 357 270
f 358 275 360
f 358 357 359
f 358 360 372
f 358 374 372
f 358 356 374
f 358 356 374
f 277 358 356
f 502 433 504
f 502 409 433
f 507 432 431
f 418 313 417
f 418 416 432
f 418 416 419
f 418 522 209
f 418 522 419
f 418 522 419
f 418 520 417
f 418 419 520
f 418 419 513
f 418 519 520
f 418 419 519
f 418 519 518
f 418 419 519
f 418 516 417
f 418 419 516
f 418 518 417
f 418 419 518
f 418 516 417
f 418 419 516
f 223 221 326
f 321 306 305
f 249 248 271
f 249 273 248
f 249 277 347
f 352 66 74
f 352 249 248
f 216 326 218
f 212 307 306
f 207 205 214
f 110 111 17
f 110 207 111
f 108 111 17
f 108 110 111
f 108 110 17
f 108 110 207
f 398 433 400
f 398 400 300
f 398 400 300
f 398 400 302
f 404 400 504
f 404 502 504
f 404 433 405
f 404 405 326
f 272 252 253
f 272 270 355
f 272 354 270
f 272 273 354
f 272 356 355
f 272 356 273
f 272 356 357
f 272 356 273
f 272 358 357
f 272 358 273
f 272 358 359
f 272 358 273
f 272 360 359
f 272 273 360
f 272 360 361
f 272 273 360
f 272 365 273
f 383 452 382
f 383 478 382
f 383 472 382
f 44 696 63
f 44 681 43
f 148 33 146
f 148 33 146
f 176 264 262
f 72 33 73
f 72 71 33
f 72 33 73
f 72 71 33
f 72 73 74
f 72 71 74
f 126 72 73
f 126 72 33
f 129 184 185
f 61 694 695
f 61 696 695
f 61 696 48
f 61 694 693
f 61 358 359
f 61 358 357
f 258 259 360
f 258 158 159
f 258 158 259
f 258 158 259
f 258 259 360
f 258 358 259
f 258 358 259
f 469 567 568
f 469 467 470
f 266 360 361
f 266 360 359
f 266 358 359
f 266 358 357
f 266 357 268
f 266 356 357
f 266 356 268
f 266 268 354
f 266 258 268
f 266 264 262
f 266 258 262
f 673 581 674
f 673 582 581
f 673 33 674
f 673 33 671
f 673 582 674
f 673 33 674
f 673 33 671
f 673 674 583
f 673 690 671
f 56 575 682
f 56 681 575
f 56 575 468
f 56 681 575
f 56 158 157
f 56 158 259
f 56 158 681
f 53 681 682
f 53 681 54
f 53 54 52
f 53 54 679
f 53 148 146
f 53 56 135
f 49 681 48
f 49 53 56
f 625 104 729
f 625 522 104
f 406 502 409
f 406 404 502
f 406 404 502
f 406 502 433
f 406 404 433
f 406 433 405
f 406 404 304
f 406 404 305
f 406 404 306
f 406 404 306
f 410 409 433
f 410 409 433
f 644 707 643
f 644 643 706
f 644 657 706
f 644 657 643
f 595 657 659
f 656 657 666
f 656 694 657
f 656 694 693
f 656 694 657
f 656 694 695
f 656 696 657
f 656 696 657
f 656 657 699
f 656 657 699
f 656 699 701
f 656 699 701
f 656 657 701
f 656 702 657
f 635 637 721
f 560 563 583
f 560 582 583
f 560 582 559
f 560 563 582
f 560 582 559
f 560 563 582
f 558 452 451
f 558 582 559
f 488 452 451
f 725 707 729
f 725 726 707
f 727 726 729
f 727 728 3
f 727 729 3
f 727 729 728
f 727 729 728
f 727 726 707
f 15 23 706
f 15 23 706
f 15 706 21
f 15 706 18
f 15 707 706
f 15 14 707
f 15 17 18
f 81 15 14
f 81 709 82
f 81 339 82
f 81 184 185
f 76 14 73
f 76 14 75
f 76 565 75
f 230 336 84
f 230 336 84
f 239 74 178
f 335 230 336
f 294 335 336
f 294 230 293
f 294 228 293
f 294 228 293
f 294 226 293
f 291 335 336
f 670 582 581
f 670 582 581
f 670 581 671
f 670 581 669
f 670 582 671
f 670 582 669
f 670 671 583
f 670 669 583
f 670 690 671
f 670 690 669
f 670 690 669
f 524 595 519
f 524 519 518
f 524 516 518
f 105 522 104
f 105 522 209
f 105 104 1
f 105 522 1
f 105 104 1
f 105 522 1
f 105 522 104
f 105 104 3
f 105 17 106
f 105 104 17
f 105 17 106
f 105 104 17
f 344 564 562
f 344 564 565
f 344 76 565
f 344 76 565
f 344 239 76
f 548 595 547
f 340 341 79
f 676 33 34
f 676 675 33
f 676 681 33
f 676 681 675
f 676 681 682
f 676 681 675
f 676 583 584
f 676 675 583
f 676 582 583
f 676 675 582
f 676 582 581
f 676 675 582
f 676 581 579
f 676 675 581
f 47 694 695
f 47 694 48
f 47 696 695
f 47 696 48
f 47 694 693
f 47 694 48
f 47 61 696
f 47 61 696
f 47 49 56
f 47 49 56
f 47 681 682
f 47 681 48
f 47 676 675
f 47 676 49
f 47 676 46
f 47 676 49
f 47 148 146
f 47 49 148
f 78 28 73
f 78 28 14
f 78 14 27
f 78 28 27
f 78 28 14
f 78 129 73
f 78 709 79
f 78 14 709
f 78 341 342
f 78 341 79
f 78 341 235
f 78 341 235
f 474 567 568
f 474 377 375
f 474 472 377
f 474 379 377
f 474 379 472
f 474 472 380
f 474 379 380
f 474 379 472
f 566 567 568
f 566 467 565
f 566 567 467
f 566 568 565
f 566 567 568
f 566 469 565
f 566 469 567
f 566 565 583
f 566 567 583
f 566 582 565
f 566 567 582
f 566 567 582
f 566 474 567
f 566 582 564
f 566 567 581
f 566 563 582
f 566 563 582
f 566 563 581
f 566 478 477
f 566 567 478
f 459 564 565
f 459 460 564
f 459 568 565
f 459 564 458
f 459 460 564
f 459 347 568
f 459 566 568
f 459 566 460
f 459 566 460
f 459 478 477
f 459 460 478
f 459 354 458
f 459 460 354
f 459 477 458
f 459 460 477
f 459 356 458
f 459 356 460
f 459 383 460
f 459 356 357
f 459 356 460
f 459 383 382
f 459 383 460
f 459 358 357
f 459 358 460
f 459 382 381
f 459 460 382
f 459 358 359
f 459 358 460
f 459 381 380
f 459 460 381
f 459 359 458
f 459 460 359
f 459 379 380
f 459 379 460
f 459 376 377
f 459 376 460
f 459 376 375
f 459 376 460
f 459 374 375
f 459 374 460
f 459 372 373
f 459 460 372
f 459 374 373
f 459 374 460
f 378 467 470
f 378 379 470
f 378 379 467
f 378 459 460
f 378 459 379
f 378 459 377
f 378 459 379
f 378 452 376
f 378 452 354
f 378 452 379
f 378 376 354
f 378 376 377
f 378 352 379
f 378 379 377
f 378 352 377
f 454 381 380
f 454 379 380
f 454 382 381
f 454 378 379
f 454 376 374
f 454 376 377
f 454 378 377
f 454 378 376
f 454 356 357
f 454 357 359
f 454 356 455
f 454 558 557
f 454 455 354
f 454 558 559
f 454 344 564
f 454 452 342
f 573 467 468
f 573 572 467
f 573 469 468
f 573 469 572
f 573 469 572
f 573 575 576
f 573 572 575
f 573 572 575
f 573 459 460
f 577 580 581
f 577 567 581
f 577 567 580
f 577 573 572
f 577 573 572
f 577 573 469
f 577 469 679
f 577 573 576
f 577 573 469
f 577 681 576
f 577 575 576
f 577 575 576
f 577 575 468
f 577 469 468
f 251 66 354
f 251 252 354
f 251 272 273
f 251 272 252
f 251 272 252
f 260 158 681
f 260 158 259
f 260 259 360
f 260 259 360
f 260 358 259
f 260 358 259
f 260 259 354
f 260 356 259
f 260 356 259
f 65 164 162
f 65 164 251
f 65 164 251
f 65 66 574
f 65 251 66
f 65 251 252
f 65 694 66
f 65 694 695
f 65 696 695
f 281 356 282
f 281 358 356
f 281 358 282
f 281 282 360
f 281 279 372
f 281 282 372
f 281 279 375
f 281 282 375
f 281 228 282
f 281 377 279
f 281 282 377
f 281 228 282
f 281 379 282
f 281 377 279
f 281 379 377
f 281 379 282
f 281 282 226
f 284 356 375
f 284 356 375
f 284 358 356
f 284 282 377
f 284 358 360
f 284 379 282
f 284 379 380
f 284 379 282
f 284 382 380
f 284 383 382
f 284 383 382
f 284 230 229
f 284 281 282
f 284 281 383
f 284 228 229
f 284 228 282
f 284 228 227
f 284 228 282
f 284 226 227
f 284 282 226
f 254 258 262
f 254 251 267
f 254 252 253
f 254 270 271
f 254 251 271
f 254 251 252
f 254 258 176
f 254 272 270
f 254 272 253
f 276 275 354
f 276 277 354
f 276 356 275
f 276 277 356
f 276 356 275
f 276 277 356
f 276 358 275
f 276 277 358
f 276 358 275
f 276 277 358
f 276 275 360
f 276 277 360
f 276 246 273
f 276 249 248
f 276 249 277
f 276 249 277
f 278 358 356
f 278 277 358
f 278 356 279
f 278 277 356
f 278 358 360
f 278 277 358
f 278 279 354
f 278 277 354
f 278 360 279
f 278 277 360
f 278 276 277
f 278 279 372
f 278 276 372
f 278 279 375
f 278 276 375
f 278 377 279
f 278 276 377
f 278 377 279
f 278 276 246
f 278 281 279
f 434 502 433
f 434 498 433
f 434 502 433
f 434 404 433
f 434 433 504
f 434 433 400
f 511 418 419
f 511 421 422
f 511 421 422
f 511 419 512
f 511 418 513
f 511 418 513
f 511 421 512
f 511 421 432
f 511 513 415
f 511 414 513
f 511 410 409
f 506 433 432
f 506 507 432
f 506 410 507
f 506 406 507
f 506 406 404
f 510 511 418
f 510 511 415
f 510 418 419
f 510 511 418
f 510 511 414
f 510 419 432
f 510 511 432
f 510 511 419
f 510 511 410
f 510 511 406
f 508 507 431
f 508 507 432
f 508 432 415
f 508 414 432
f 508 507 414
f 508 410 507
f 508 406 507
f 508 406 404
f 514 418 419
f 514 418 419
f 514 419 420
f 514 419 513
f 514 418 417
f 514 418 513
f 514 421 420
f 514 421 513
f 514 415 417
f 514 513 415
f 514 421 422
f 514 421 422
f 514 414 415
f 514 414 513
f 514 410 409
f 320 223 307
f 320 307 306
f 320 321 306
f 320 321 307
f 320 620 722
f 320 620 721
f 320 620 321
f 320 321 421
f 320 321 421
f 320 321 419
f 320 321 418
f 320 418 416
f 320 321 418
f 320 321 416
f 320 321 414
f 320 410 321
f 224 326 325
f 224 223 326
f 224 320 321
f 224 320 321
f 224 320 307
f 224 320 223
f 224 307 306
f 224 223 307
f 224 306 305
f 224 223 306
f 224 305 304
f 224 223 305
f 224 304 225
f 224 223 304
f 224 223 302
f 224 301 225
f 224 301 302
f 224 223 301
f 224 300 225
f 224 223 300
f 224 294 226
f 224 294 223
f 224 301 300
f 224 223 301
f 224 291 226
f 224 291 223
f 224 291 223
f 314 315 223
f 314 418 313
f 314 418 419
f 314 315 418
f 314 418 313
f 314 315 418
f 314 416 313
f 314 315 416
f 314 416 313
f 314 315 416
f 314 414 313
f 314 315 414
f 314 410 409
f 314 410 315
f 314 406 405
f 314 406 315
f 314 404 405
f 314 404 315
f 329 223 221
f 329 328 223
f 329 216 328
f 329 224 223
f 329 224 328
f 329 224 330
f 329 224 328
f 329 226 330
f 329 328 226
f 329 226 227
f 329 328 226
f 329 228 227
f 329 328 228
f 329 228 229
f 329 328 228
f 329 230 229
f 329 230 328
f 329 230 296
f 329 330 302
f 329 328 302
f 329 301 330
f 329 328 301
f 329 300 330
f 329 328 300
f 329 301 300
f 329 328 301
f 327 216 326
f 327 216 328
f 327 223 221
f 327 328 223
f 327 224 223
f 327 224 328
f 327 224 326
f 327 224 328
f 327 226 326
f 327 328 226
f 327 226 326
f 327 328 226
f 327 228 326
f 327 328 228
f 327 328 228
f 327 416 422
f 327 228 300
f 327 228 326
f 327 300 229
f 327 328 229
f 327 328 300
f 327 301 326
f 327 328 301
f 327 414 326
f 327 416 326
f 327 416 414
f 327 301 326
f 327 328 301
f 327 326 302
f 327 328 302
f 327 326 304
f 327 328 304
f 327 404 405
f 327 326 305
f 311 310 223
f 311 310 307
f 311 404 310
f 311 406 310
f 311 410 310
f 353 66 354
f 353 352 66
f 353 352 249
f 353 459 460
f 353 459 352
f 353 251 252
f 353 251 352
f 353 459 354
f 353 459 352
f 353 252 253
f 353 352 252
f 353 454 455
f 353 454 352
f 353 352 452
f 353 260 259
f 353 378 452
f 353 378 452
f 353 378 352
f 353 378 377
f 353 378 352
f 353 377 354
f 353 352 377
f 353 268 354
f 353 352 268
f 353 272 354
f 353 272 352
f 353 281 282
f 353 281 352
f 353 278 279
f 353 278 352
f 353 276 275
f 353 276 352
f 353 278 277
f 353 278 352
f 353 276 277
f 353 276 352
f 349 573 460
f 349 573 459
f 349 573 568
f 349 573 459
f 349 251 252
f 349 252 275
f 349 278 277
f 351 259 268
f 351 352 268
f 351 352 259
f 351 272 352
f 351 352 252
f 351 251 352
f 351 276 277
f 351 276 352
f 351 276 352
f 351 278 352
f 351 352 249
f 351 278 352
f 351 281 352
f 351 352 74
f 351 459 352
f 351 378 379
f 351 378 352
f 351 378 352
f 351 459 352
f 351 379 381
f 351 352 379
f 351 454 352
f 351 352 452
f 217 306 218
f 217 216 306
f 217 218 305
f 217 216 305
f 217 307 306
f 217 216 307
f 217 216 304
f 217 307 218
f 217 216 307
f 217 216 302
f 217 216 301
f 217 311 310
f 217 311 216
f 217 216 301
f 217 216 300
f 217 314 218
f 217 314 216
f 217 314 315
f 217 314 216
f 217 294 216
f 217 216 321
f 217 320 321
f 217 320 216
f 217 216 293
f 217 291 293
f 217 216 205
f 215 214 306
f 215 216 306
f 215 214 305
f 215 216 305
f 215 307 214
f 215 216 307
f 215 214 304
f 215 216 304
f 215 307 214
f 215 216 307
f 215 214 302
f 215 216 302
f 215 214 300
f 215 311 310
f 215 311 216
f 215 301 300
f 215 216 301
f 215 216 301
f 215 214 300
f 215 216 300
f 215 314 214
f 215 314 216
f 215 314 315
f 215 314 216
f 215 294 216
f 215 216 293
f 215 294 293
f 215 294 214
f 215 205 214
f 215 216 205
f 215 320 321
f 215 320 216
f 215 214 326
f 215 216 326
f 215 327 214
f 215 327 216
f 215 327 328
f 215 327 216
f 215 329 216
f 210 305 304
f 210 304 303
f 210 306 305
f 210 302 303
f 210 306 308
f 210 300 302
f 210 300 299
f 210 311 310
f 210 294 212
f 210 314 313
f 210 314 419
f 210 314 315
f 210 315 419
f 210 522 419
f 210 522 419
f 210 727 726
f 210 522 104
f 213 214 305
f 213 212 305
f 213 214 304
f 213 212 304
f 213 214 306
f 213 212 306
f 213 214 302
f 213 212 302
f 213 307 214
f 213 212 307
f 213 214 300
f 213 212 300
f 213 307 214
f 213 212 307
f 213 214 300
f 213 212 300
f 213 311 310
f 213 311 212
f 213 294 214
f 213 294 212
f 213 314 214
f 213 314 212
f 213 207 214
f 213 207 212
f 213 314 315
f 213 314 212
f 213 320 321
f 213 320 212
f 213 214 326
f 213 327 214
f 114 115 23
f 114 115 21
f 114 111 17
f 191 226 227
f 170 145 74
f 170 246 74
f 169 264 262
f 169 145 146
f 169 170 145
f 169 251 252
f 169 249 248
f 169 170 248
f 169 170 249
f 107 17 106
f 107 108 17
f 107 17 106
f 107 108 17
f 396 294 293
f 396 398 492
f 396 398 300
f 396 398 300
f 396 327 328
f 396 327 305
f 396 327 326
f 396 306 326
f 399 398 400
f 399 329 400
f 399 329 398
f 399 329 328
f 399 329 398
f 399 327 328
f 399 327 398
f 399 327 400
f 399 327 398
f 399 400 326
f 399 398 326
f 399 314 315
f 399 314 315
f 399 314 400
f 399 311 310
f 399 311 398
f 399 400 306
f 399 398 306
f 399 400 306
f 399 398 306
f 399 400 305
f 399 398 305
f 399 400 304
f 399 398 304
f 399 398 400
f 323 226 304
f 323 226 304
f 323 418 416
f 322 323 399
f 322 321 307
f 322 323 307
f 322 323 399
f 322 321 307
f 322 323 307
f 322 321 306
f 322 323 306
f 322 404 321
f 322 323 404
f 322 321 305
f 322 406 321
f 322 323 406
f 322 305 304
f 322 323 304
f 322 323 305
f 322 224 321
f 322 323 224
f 322 224 321
f 322 323 224
f 322 410 321
f 322 321 414
f 322 323 414
f 322 216 321
f 322 323 216
f 322 321 416
f 322 323 416
f 322 215 216
f 322 323 215
f 322 321 418
f 322 323 418
f 322 215 321
f 322 323 215
f 322 321 418
f 322 323 418
f 322 213 321
f 322 323 213
f 322 321 419
f 322 323 419
f 322 213 212
f 322 323 213
f 322 321 421
f 322 323 421
f 322 321 421
f 322 323 421
f 390 340 391
f 390 340 391
f 390 391 341
f 691 44 43
f 691 47 690
f 691 47 48
f 691 33 693
f 691 33 690
f 691 33 693
f 691 33 690
f 691 54 690
f 691 693 668
f 691 690 668
f 691 657 666
f 691 656 657
f 691 657 666
f 691 65 690
f 691 575 690
f 691 66 74
f 691 690 66
f 689 44 43
f 689 44 43
f 689 47 46
f 689 47 690
f 689 47 48
f 689 47 48
f 689 49 48
f 689 54 52
f 689 54 690
f 689 575 574
f 689 575 690
f 689 690 66
f 689 65 66
f 689 65 690
f 689 575 688
f 689 690 669
f 689 690 669
f 687 44 43
f 687 47 46
f 687 47 48
f 687 33 688
f 687 33 685
f 687 49 48
f 687 33 32
f 687 33 674
f 687 53 52
f 687 690 32
f 687 673 690
f 687 673 674
f 687 673 685
f 687 675 685
f 687 675 33
f 687 675 33
f 687 53 54
f 687 690 671
f 687 673 690
f 687 670 671
f 687 56 688
f 687 656 669
f 687 670 669
f 687 670 656
f 687 575 688
f 687 575 574
f 687 63 574
f 683 44 43
f 683 47 682
f 683 47 48
f 683 49 48
f 683 53 682
f 683 53 54
f 683 56 682
f 683 682 574
f 683 575 682
f 683 575 576
f 683 580 576
f 683 580 581
f 683 580 581
f 683 582 581
f 683 582 682
f 683 682 583
f 683 675 685
f 683 675 685
f 680 681 43
f 680 44 43
f 680 44 681
f 680 47 679
f 680 47 681
f 680 47 48
f 680 47 681
f 680 49 48
f 680 49 681
f 680 53 679
f 680 53 681
f 680 53 54
f 680 53 681
f 680 54 679
f 680 260 158
f 680 260 363
f 680 363 681
f 680 577 679
f 680 577 681
f 680 580 679
f 680 580 681
f 680 580 581
f 680 580 681
f 680 582 581
f 680 582 679
f 680 582 581
f 680 681 581
f 680 679 583
f 680 582 682
f 680 682 583
f 680 681 682
f 680 676 682
f 680 676 679
f 680 683 675
f 680 676 675
f 678 44 43
f 678 47 46
f 678 47 679
f 678 47 49
f 678 681 34
f 678 49 48
f 678 47 48
f 678 47 49
f 678 680 679
f 678 680 681
f 678 680 681
f 678 53 679
f 678 53 679
f 678 679 262
f 678 365 679
f 678 469 365
f 678 577 469
f 678 469 365
f 678 577 470
f 678 577 469
f 678 580 579
f 678 580 679
f 678 580 581
f 678 580 581
f 678 582 581
f 678 582 581
f 678 582 583
f 678 582 679
f 678 583 584
f 678 679 583
f 69 701 700
f 69 701 74
f 69 699 700
f 69 699 74
f 37 701 700
f 37 38 700
f 37 69 38
f 37 38 699
f 37 38 696
f 37 38 696
f 37 38 694
f 37 38 694
f 37 148 38
f 37 691 38
f 37 148 38
f 37 687 38
f 37 689 690
f 37 689 38
f 37 689 38
f 37 687 38
f 37 683 38
f 37 683 38
f 37 38 681
f 37 38 681
f 37 678 38
f 37 678 38
f 37 676 38
f 37 673 38
f 37 676 38
f 37 673 38
f 37 38 675
f 177 142 146
f 177 76 178
f 177 74 178
f 177 176 74
f 177 178 267
f 177 176 267
f 177 239 74
f 177 262 178
f 177 176 262
f 177 254 262
f 177 254 176
f 177 249 248
f 177 176 249
f 175 176 249
f 175 254 251
f 25 15 84
f 25 15 706
f 25 705 706
f 25 705 704
f 25 704 24
f 25 700 24
f 25 702 700
f 25 700 24
f 25 24 697
f 25 661 697
f 25 661 24
f 143 28 29
f 143 142 28
f 143 29 146
f 143 142 29
f 143 33 146
f 143 142 33
f 143 33 146
f 143 142 33
f 143 37 38
f 143 37 142
f 143 49 142
f 143 47 49
f 143 49 142
f 143 53 142
f 143 53 56
f 143 142 172
f 143 170 172
f 143 69 142
f 143 69 142
f 143 65 142
f 139 135 32
f 139 135 33
f 139 135 33
f 139 175 74
f 247 273 248
f 247 276 277
f 247 276 246
f 247 177 248
f 247 177 246
f 247 277 347
f 247 278 277
f 247 278 246
f 247 278 246
f 247 177 176
f 247 177 176
f 247 175 176
f 247 175 176
f 247 175 246
f 247 351 246
f 247 248 74
f 247 246 74
f 247 352 248
f 247 351 352
f 247 351 352
f 247 170 246
f 247 170 248
f 247 170 246
f 31 29 73
f 31 14 29
f 31 73 74
f 31 14 73
f 31 705 14
f 31 705 14
f 31 704 703
f 31 704 32
f 31 29 704
f 31 705 29
f 31 704 74
f 31 705 704
f 31 702 703
f 31 702 32
f 31 702 701
f 31 702 701
f 31 701 700
f 31 701 700
f 31 699 700
f 31 699 700
f 31 699 30
f 31 699 32
f 31 696 30
f 31 696 32
f 31 696 695
f 31 696 695
f 31 694 695
f 31 694 695
f 31 694 693
f 31 694 693
f 31 691 693
f 31 691 693
f 31 691 690
f 31 691 690
f 31 690 671
f 31 669 671
f 31 690 669
f 31 690 669
f 31 32 668
f 31 669 668
f 31 669 32
f 128 129 73
f 128 129 72
f 128 81 129
f 128 126 72
f 128 72 33
f 128 129 33
f 128 126 33
f 128 129 33
f 128 31 32
f 128 31 126
f 128 31 126
f 128 142 135
f 39 40 699
f 39 699 66
f 39 38 699
f 39 38 696
f 39 40 696
f 39 143 142
f 39 143 40
f 39 38 696
f 39 40 696
f 39 143 38
f 39 143 40
f 39 38 694
f 39 40 694
f 39 148 38
f 39 40 148
f 39 38 694
f 39 40 694
f 39 148 38
f 39 40 148
f 39 691 38
f 39 691 40
f 39 689 38
f 39 689 40
f 39 689 38
f 39 689 40
f 39 687 38
f 39 687 40
f 39 687 38
f 39 683 38
f 39 683 40
f 39 673 38
f 39 683 38
f 39 683 40
f 39 673 38
f 39 673 40
f 39 38 681
f 39 40 681
f 39 38 675
f 39 40 675
f 39 38 681
f 39 40 681
f 39 676 38
f 39 676 40
f 39 678 38
f 39 678 40
f 39 676 38
f 39 676 40
f 39 678 38
f 39 678 40
f 62 61 135
f 62 61 44
f 62 143 142
f 62 143 61
f 62 145 146
f 62 61 145
f 62 158 157
f 62 61 158
f 62 158 159
f 62 61 158
f 62 357 63
f 62 61 357
f 62 687 63
f 62 687 61
f 62 689 63
f 62 689 61
f 62 689 690
f 62 689 61
f 62 691 690
f 62 691 61
f 45 44 696
f 45 61 696
f 45 61 696
f 45 62 44
f 45 62 61
f 45 62 61
f 45 696 695
f 45 44 696
f 45 694 695
f 45 44 694
f 45 56 135
f 45 694 693
f 45 44 694
f 45 675 674
f 45 675 43
f 45 676 675
f 45 676 675
f 45 676 46
f 45 676 43
f 45 691 690
f 45 691 44
f 45 678 46
f 45 678 43
f 45 678 44
f 45 143 142
f 45 143 142
f 45 689 690
f 45 689 44
f 45 678 679
f 45 678 44
f 45 689 46
f 45 689 44
f 45 680 679
f 45 680 44
f 45 148 146
f 45 148 43
f 45 687 46
f 45 687 44
f 45 680 681
f 45 680 44
f 45 681 682
f 45 44 681
f 45 683 682
f 45 683 44
f 362 268 361
f 362 363 268
f 362 270 361
f 362 363 270
f 362 268 361
f 362 363 268
f 362 270 361
f 362 363 270
f 362 266 361
f 362 266 363
f 362 272 361
f 362 363 272
f 362 272 273
f 362 363 272
f 362 276 275
f 362 276 363
f 362 260 259
f 362 276 277
f 362 276 363
f 362 260 681
f 362 260 363
f 362 278 277
f 362 278 363
f 362 56 259
f 362 56 681
f 362 278 279
f 362 278 363
f 362 158 361
f 362 158 259
f 362 158 259
f 362 56 468
f 362 363 467
f 362 363 681
f 362 56 681
f 362 467 468
f 362 281 282
f 362 281 363
f 362 575 361
f 362 575 467
f 362 575 467
f 362 365 282
f 362 363 365
f 362 459 460
f 362 459 363
f 362 363 369
f 362 459 458
f 364 365 268
f 364 363 268
f 364 365 270
f 364 363 270
f 364 365 268
f 364 363 268
f 364 365 270
f 364 363 270
f 364 266 365
f 364 266 363
f 364 272 365
f 364 363 272
f 364 272 365
f 364 363 272
f 364 276 365
f 364 276 363
f 364 276 277
f 364 276 363
f 364 680 260
f 364 278 277
f 364 278 363
f 364 469 679
f 364 469 365
f 364 469 365
f 364 680 679
f 364 680 363
f 364 365 467
f 364 363 467
f 364 278 365
f 364 278 363
f 364 363 365
f 364 281 365
f 364 281 363
f 364 363 369
f 257 356 259
f 257 258 259
f 257 356 259
f 257 258 358
f 257 259 354
f 257 258 358
f 257 353 259
f 257 360 159
f 257 258 360
f 257 360 159
f 257 258 159
f 257 258 360
f 257 258 259
f 257 258 268
f 366 459 363
f 366 362 459
f 366 362 459
f 366 360 359
f 570 577 474
f 570 573 568
f 570 573 572
f 570 573 572
f 471 469 564
f 471 566 469
f 471 469 563
f 471 566 469
f 471 469 563
f 471 469 567
f 471 577 572
f 471 577 572
f 367 266 365
f 367 365 267
f 367 369 267
f 367 469 365
f 367 365 271
f 367 369 271
f 367 365 273
f 367 369 273
f 367 369 365
f 367 366 364
f 367 469 365
f 367 365 467
f 367 366 365
f 370 472 470
f 370 369 467
f 370 469 470
f 370 469 369
f 370 469 369
f 370 369 267
f 370 369 271
f 370 273 372
f 370 369 273
f 370 278 276
f 370 278 279
f 370 276 369
f 370 278 276
f 370 281 279
f 370 278 365
f 370 365 360
f 370 281 282
f 370 281 365
f 370 365 360
f 370 369 360
f 370 362 365
f 370 362 369
f 370 362 369
f 672 581 671
f 672 673 581
f 672 582 581
f 672 673 582
f 672 582 671
f 672 673 582
f 672 671 583
f 672 673 583
f 672 673 685
f 672 683 685
f 672 683 675
f 672 680 683
f 672 687 673
f 672 687 673
f 672 680 683
f 672 687 670
f 672 680 676
f 672 676 679
f 672 680 656
f 672 680 676
f 672 678 679
f 50 49 56
f 50 56 54
f 50 56 48
f 50 694 54
f 50 49 53
f 50 694 695
f 50 694 48
f 50 694 54
f 50 694 48
f 50 691 48
f 50 689 48
f 50 689 49
f 50 689 49
f 50 687 49
f 50 683 49
f 50 49 681
f 50 680 49
f 50 680 49
f 50 678 49
f 50 678 49
f 628 725 629
f 628 625 721
f 628 725 726
f 628 631 721
f 628 727 726
f 628 727 629
f 628 629 729
f 628 629 729
f 622 620 721
f 622 620 722
f 622 620 721
f 425 322 321
f 425 320 321
f 425 320 620
f 425 522 424
f 425 424 520
f 425 424 520
f 425 516 518
f 425 424 518
f 425 424 516
f 425 514 424
f 425 424 516
f 425 514 424
f 425 424 513
f 425 511 424
f 425 511 424
f 617 321 721
f 298 210 299
f 298 398 400
f 298 213 212
f 298 396 398
f 298 213 214
f 298 396 299
f 298 215 214
f 298 215 216
f 298 217 216
f 298 329 330
f 298 329 296
f 298 329 230
f 298 230 296
f 298 329 328
f 298 329 230
f 298 224 223
f 298 228 229
f 298 328 229
f 298 230 328
f 298 224 225
f 298 228 227
f 298 226 225
f 298 226 227
f 407 502 409
f 407 406 502
f 407 406 502
f 407 406 433
f 407 406 405
f 407 329 328
f 407 327 328
f 407 327 405
f 407 405 326
f 407 322 323
f 407 322 406
f 407 320 406
f 407 314 406
f 407 314 406
f 407 311 310
f 407 311 406
f 407 406 306
f 550 551 549
f 550 493 549
f 530 511 513
f 528 527 519
f 528 514 527
f 528 514 511
f 528 514 527
f 528 514 511
f 528 530 511
f 556 452 555
f 554 556 488
f 554 452 451
f 554 452 555
f 600 548 599
f 600 650 599
f 600 599 547
f 600 545 599
f 600 644 657
f 600 545 544
f 600 545 599
f 600 599 657
f 600 599 629
f 600 530 599
f 600 528 530
f 600 528 599
f 541 600 599
f 541 439 431
f 541 600 610
f 651 705 657
f 651 652 657
f 651 652 705
f 651 705 657
f 651 650 657
f 651 705 707
f 651 650 707
f 651 650 599
f 651 652 599
f 651 705 707
f 651 652 705
f 651 650 707
f 651 600 650
f 651 600 652
f 594 656 595
f 594 657 661
f 594 552 595
f 594 552 595
f 594 657 659
f 594 595 659
f 594 595 657
f 594 550 551
f 594 550 595
f 594 550 595
f 594 545 595
f 594 595 547
f 594 595 547
f 594 528 519
f 594 545 595
f 594 528 511
f 594 595 527
f 594 528 527
f 594 528 595
f 594 528 530
f 594 528 530
f 594 595 544
f 594 541 544
f 594 541 595
f 594 530 595
f 594 530 511
f 594 595 535
f 589 670 656
f 655 702 701
f 655 656 701
f 655 656 702
f 655 702 703
f 655 702 657
f 655 656 702
f 717 622 620
f 717 622 625
f 717 628 625
f 632 723 724
f 632 631 723
f 632 725 724
f 632 725 631
f 632 722 723
f 632 631 722
f 632 725 726
f 632 725 631
f 632 721 722
f 632 631 721
f 632 727 726
f 632 727 631
f 632 721 720
f 632 631 721
f 632 727 728
f 632 727 631
f 632 729 728
f 632 631 729
f 632 717 628
f 632 729 2
f 632 631 729
f 632 622 628
f 632 3 2
f 632 631 3
f 632 622 620
f 632 622 631
f 632 628 625
f 632 622 625
f 632 622 628
f 632 3 16
f 632 631 3
f 632 658 16
f 632 631 658
f 632 600 658
f 632 600 631
f 630 631 723
f 630 628 723
f 630 628 629
f 630 725 629
f 630 725 631
f 630 631 722
f 630 628 722
f 630 725 726
f 630 725 631
f 630 727 726
f 630 727 631
f 630 631 721
f 630 628 721
f 630 628 631
f 630 622 628
f 630 727 629
f 630 727 631
f 630 629 729
f 630 631 729
f 630 629 729
f 630 631 729
f 630 600 629
f 630 600 631
f 630 629 3
f 630 631 3
f 630 629 3
f 630 631 3
f 561 459 458
f 561 459 460
f 561 454 452
f 561 558 452
f 561 558 452
f 561 478 477
f 561 452 342
f 561 342 562
f 561 341 342
f 456 558 559
f 456 558 557
f 456 454 559
f 456 561 454
f 456 561 454
f 456 454 564
f 456 454 344
f 456 349 454
f 456 351 352
f 456 353 352
f 456 353 455
f 456 455 354
f 456 356 455
f 456 356 357
f 456 357 359
f 456 366 359
f 456 366 359
f 456 374 372
f 456 376 374
f 456 376 374
f 456 376 377
f 456 378 377
f 456 378 379
f 456 379 380
f 479 459 478
f 479 459 460
f 479 561 460
f 479 561 459
f 479 563 478
f 479 561 478
f 479 563 478
f 479 566 567
f 479 478 564
f 479 566 478
f 479 478 382
f 479 383 478
f 102 725 726
f 102 727 726
f 102 727 101
f 102 210 101
f 102 725 101
f 102 210 725
f 102 101 729
f 102 1 101
f 102 1 101
f 102 101 3
f 102 104 17
f 102 107 108
f 102 107 106
f 102 107 101
f 102 105 106
f 102 105 104
f 20 15 706
f 20 704 21
f 20 704 706
f 20 704 706
f 20 114 111
f 91 20 15
f 91 114 115
f 10 721 707
f 10 102 15
f 80 14 27
f 80 81 73
f 80 28 27
f 80 28 73
f 80 28 73
f 80 81 126
f 80 709 79
f 80 81 709
f 80 340 79
f 80 128 129
f 80 128 81
f 80 81 339
f 80 340 339
f 80 81 184
f 232 80 81
f 232 81 185
f 232 80 81
f 232 81 339
f 232 80 340
f 241 175 176
f 241 177 176
f 241 177 239
f 393 298 299
f 393 300 299
f 393 335 336
f 292 291 335
f 292 335 336
f 292 291 335
f 292 230 293
f 292 291 230
f 292 340 339
f 292 340 291
f 292 228 293
f 292 291 228
f 292 340 291
f 292 228 293
f 292 291 228
f 292 226 293
f 292 291 226
f 292 291 226
f 289 291 336
f 525 524 629
f 525 524 599
f 525 524 595
f 525 524 519
f 525 622 524
f 525 524 516
f 525 425 620
f 525 425 524
f 525 513 516
f 525 524 516
f 523 524 595
f 523 522 520
f 523 595 520
f 523 595 522
f 523 522 519
f 523 524 519
f 523 522 421
f 523 522 421
f 523 522 519
f 523 524 519
f 523 425 522
f 523 425 524
f 523 524 516
f 208 105 104
f 208 105 207
f 208 105 106
f 208 105 207
f 208 102 101
f 208 107 106
f 208 107 207
f 208 210 101
f 208 108 207
f 208 107 108
f 208 107 108
f 208 207 212
f 441 439 493
f 441 393 340
f 437 502 501
f 437 503 431
f 437 502 503
f 437 502 503
f 437 400 431
f 437 399 400
f 437 399 400
f 437 399 398
f 343 452 451
f 343 344 452
f 343 454 452
f 343 454 344
f 343 454 342
f 343 454 344
f 343 342 562
f 343 344 562
f 343 76 342
f 343 344 76
f 343 292 291
f 346 452 347
f 346 456 454
f 346 456 564
f 346 568 565
f 346 347 568
f 346 565 74
f 346 281 347
f 346 568 74
f 346 347 74
f 346 347 568
f 346 239 74
f 346 241 347
f 346 241 239
f 346 247 246
f 346 247 246
f 346 277 347
f 346 247 277
f 346 247 277
f 500 541 544
f 500 437 501
f 500 434 433
f 500 396 498
f 500 498 404
f 500 400 504
f 500 498 398
f 500 406 433
f 500 406 404
f 500 406 404
f 500 404 400
f 500 498 404
f 496 545 498
f 496 396 498
f 496 498 398
f 496 547 549
f 496 547 495
f 263 364 365
f 263 364 264
f 263 364 363
f 263 364 363
f 263 362 363
f 263 362 363
f 263 362 262
f 263 362 264
f 263 360 262
f 263 264 360
f 263 360 262
f 263 264 360
f 263 358 262
f 263 358 264
f 263 260 354
f 263 353 260
f 263 353 260
f 59 50 48
f 59 50 695
f 59 694 695
f 59 694 693
f 59 45 44
f 59 691 690
f 59 689 690
f 59 689 688
f 59 360 359
f 59 360 159
f 77 76 14
f 77 78 14
f 77 76 14
f 77 78 14
f 77 76 342
f 77 78 342
f 77 78 235
f 465 358 357
f 465 356 357
f 465 356 574
f 465 570 568
f 465 566 568
f 465 566 467
f 465 467 565
f 465 469 565
f 465 469 564
f 465 469 467
f 465 469 563
f 465 469 563
f 461 460 360
f 461 358 460
f 461 460 360
f 461 358 460
f 461 362 460
f 461 356 460
f 461 362 363
f 461 356 460
f 461 366 363
f 461 370 460
f 461 460 372
f 461 463 372
f 461 374 460
f 461 463 374
f 461 374 460
f 461 463 374
f 461 376 460
f 461 463 376
f 461 376 460
f 461 463 376
f 461 378 460
f 461 378 463
f 461 378 379
f 461 378 463
f 461 379 460
f 461 463 379
f 461 460 381
f 461 463 381
f 461 460 382
f 461 383 472
f 461 383 460
f 461 474 472
f 461 463 474
f 461 463 474
f 461 383 460
f 578 580 576
f 578 577 580
f 578 577 580
f 578 681 576
f 578 577 681
f 578 680 681
f 578 680 577
f 578 680 679
f 578 680 577
f 578 678 679
f 578 678 577
f 578 678 579
f 578 678 577
f 578 676 579
f 578 577 676
f 578 676 675
f 578 577 676
f 578 675 674
f 578 577 675
f 578 673 674
f 578 672 673
f 578 672 671
f 578 672 673
f 578 670 671
f 578 670 669
f 578 670 669
f 578 669 579
f 578 666 579
f 578 666 665
f 578 577 477
f 578 577 478
f 578 664 665
f 578 479 577
f 578 664 579
f 578 519 517
f 578 500 504
f 578 552 551
f 578 552 551
f 578 500 504
f 578 552 554
f 578 554 556
f 578 556 558
f 578 556 577
f 578 500 498
f 578 496 498
f 578 558 559
f 578 577 558
f 578 496 545
f 578 496 549
f 578 560 559
f 578 577 560
f 578 496 545
f 578 560 563
f 578 577 560
f 578 566 563
f 578 577 566
f 578 566 567
f 578 577 567
f 578 577 566
f 482 577 566
f 485 577 558
f 261 360 262
f 261 260 360
f 261 362 262
f 261 362 260
f 261 360 262
f 261 260 360
f 261 362 363
f 261 362 260
f 261 358 262
f 261 260 358
f 261 364 363
f 261 364 260
f 261 260 358
f 261 263 358
f 261 263 358
f 261 679 262
f 261 365 679
f 261 364 365
f 261 364 365
f 261 364 680
f 261 364 680
f 261 260 356
f 261 263 356
f 261 158 262
f 261 680 679
f 261 260 356
f 261 263 356
f 261 263 260
f 261 680 158
f 261 680 260
f 261 158 159
f 261 260 158
f 261 169 262
f 261 169 258
f 161 257 258
f 161 260 258
f 165 251 252
f 165 164 251
f 165 252 253
f 165 164 252
f 165 254 253
f 165 254 164
f 165 257 258
f 165 261 258
f 67 165 164
f 67 165 164
f 67 165 166
f 67 165 166
f 67 143 142
f 67 143 142
f 67 74 68
f 67 248 74
f 67 248 66
f 67 352 66
f 67 352 248
f 67 352 248
f 67 695 74
f 67 694 695
f 67 694 695
f 67 694 74
f 67 694 66
f 67 696 695
f 67 696 695
f 67 65 40
f 67 39 40
f 67 39 40
f 67 62 65
f 67 39 38
f 67 699 700
f 67 699 66
f 67 38 700
f 67 39 66
f 67 39 38
f 283 356 282
f 283 284 356
f 283 353 282
f 283 353 284
f 283 358 356
f 283 284 358
f 283 353 352
f 283 353 284
f 283 358 282
f 283 284 358
f 283 351 352
f 283 351 284
f 283 365 282
f 283 365 360
f 283 284 360
f 283 365 372
f 283 370 282
f 283 370 365
f 283 370 365
f 283 282 372
f 283 346 347
f 283 346 284
f 283 282 375
f 283 284 375
f 283 284 282
f 283 343 284
f 283 343 284
f 274 273 375
f 274 276 375
f 274 273 372
f 274 276 372
f 274 370 273
f 274 370 276
f 274 370 369
f 274 370 276
f 274 247 273
f 274 276 248
f 274 247 276
f 274 276 246
f 274 247 246
f 274 247 276
f 274 369 365
f 274 276 365
f 274 276 369
f 274 249 248
f 274 249 273
f 274 364 365
f 274 364 365
f 274 364 363
f 274 364 363
f 274 251 252
f 274 251 252
f 274 362 363
f 274 362 363
f 274 272 252
f 274 362 275
f 274 362 273
f 274 252 275
f 274 272 252
f 274 275 360
f 274 273 360
f 274 353 352
f 274 351 352
f 274 351 272
f 274 353 272
f 274 349 275
f 274 275 360
f 274 273 360
f 274 353 275
f 274 272 273
f 274 353 272
f 274 358 275
f 274 358 273
f 274 275 354
f 274 273 354
f 274 358 275
f 274 358 273
f 274 356 275
f 274 356 273
f 274 356 275
f 274 356 273
f 244 281 282
f 244 283 282
f 244 283 344
f 244 343 344
f 244 283 343
f 244 283 343
f 244 172 74
f 244 175 243
f 244 175 176
f 244 177 176
f 505 434 433
f 505 506 433
f 505 434 504
f 505 434 433
f 505 410 433
f 505 504 503
f 505 410 409
f 505 506 410
f 505 506 433
f 505 406 409
f 505 506 406
f 505 406 404
f 505 506 406
f 509 508 432
f 509 418 432
f 509 510 418
f 509 510 418
f 509 510 415
f 509 508 415
f 509 510 414
f 509 508 414
f 509 510 410
f 509 508 410
f 509 510 406
f 509 508 406
f 318 217 218
f 318 217 320
f 318 320 223
f 318 217 216
f 318 215 216
f 318 215 214
f 318 213 214
f 318 213 212
f 318 210 726
f 318 210 725
f 318 210 725
f 318 622 725
f 318 622 725
f 318 622 422
f 318 421 422
f 318 421 317
f 318 419 317
f 318 418 419
f 318 418 317
f 318 416 317
f 318 416 415
f 318 414 415
f 318 410 409
f 318 407 406
f 318 406 405
f 318 404 405
f 318 399 400
f 318 310 307
f 318 320 307
f 318 314 313
f 318 399 314
f 318 399 314
f 318 311 310
f 220 320 321
f 220 322 321
f 220 318 320
f 220 322 323
f 220 318 221
f 220 326 218
f 220 221 326
f 220 314 315
f 220 327 326
f 220 327 221
f 220 314 221
f 220 327 328
f 220 327 328
f 220 329 328
f 220 329 328
f 220 311 310
f 220 329 218
f 220 329 221
f 220 307 221
f 220 221 306
f 220 221 305
f 220 221 304
f 220 221 302
f 220 221 301
f 222 320 321
f 222 320 321
f 222 322 321
f 222 322 321
f 222 318 320
f 222 318 320
f 222 322 323
f 222 322 323
f 222 318 221
f 222 318 223
f 222 223 221
f 222 314 315
f 222 314 315
f 222 314 221
f 222 314 223
f 222 311 310
f 222 311 310
f 222 310 223
f 222 307 221
f 222 223 307
f 222 221 306
f 222 223 306
f 222 221 305
f 222 223 305
f 222 221 304
f 222 223 304
f 222 221 302
f 222 223 302
f 222 221 301
f 222 223 301
f 222 223 301
f 222 220 301
f 222 220 221
f 222 223 300
f 222 220 300
f 222 298 223
f 222 220 298
f 222 220 199
f 222 294 223
f 222 196 223
f 222 291 223
f 222 223 226
f 222 284 226
f 309 322 323
f 309 323 398
f 309 220 307
f 309 220 310
f 309 399 398
f 309 399 398
f 309 217 218
f 309 217 310
f 309 222 307
f 309 222 310
f 309 222 310
f 309 399 400
f 309 399 310
f 309 217 216
f 309 217 216
f 309 215 216
f 309 215 216
f 309 215 214
f 309 215 310
f 309 406 404
f 309 213 214
f 309 213 310
f 309 407 406
f 309 407 406
f 309 404 310
f 309 406 310
f 309 406 404
f 309 213 212
f 309 213 212
f 309 407 409
f 309 407 310
f 309 410 409
f 309 410 310
f 309 210 308
f 309 210 310
f 412 506 507
f 411 412 327
f 411 425 424
f 411 425 410
f 411 425 410
f 411 410 326
f 411 412 326
f 411 410 433
f 411 505 433
f 411 505 410
f 411 505 506
f 411 412 506
f 411 505 506
f 411 506 410
f 411 412 506
f 411 322 323
f 411 412 322
f 411 508 410
f 411 412 508
f 411 322 410
f 411 412 322
f 411 509 508
f 411 412 509
f 411 320 410
f 411 412 320
f 411 509 510
f 411 412 509
f 411 510 511
f 411 412 510
f 411 318 410
f 411 412 318
f 411 511 410
f 411 412 511
f 411 514 410
f 411 412 514
f 411 314 410
f 411 412 314
f 411 514 410
f 411 412 514
f 411 314 410
f 411 412 314
f 411 311 410
f 411 412 311
f 411 309 410
f 411 412 309
f 316 314 313
f 316 314 315
f 316 314 315
f 316 311 307
f 316 223 307
f 316 222 223
f 316 222 315
f 316 222 221
f 316 222 315
f 316 220 221
f 316 220 315
f 316 217 218
f 316 217 315
f 316 217 216
f 316 217 216
f 316 215 216
f 316 215 216
f 316 215 214
f 316 215 315
f 316 213 214
f 316 213 315
f 316 213 212
f 316 213 212
f 316 421 317
f 316 210 421
f 316 210 315
f 316 419 317
f 316 315 419
f 316 418 419
f 316 315 418
f 316 418 317
f 316 315 418
f 316 416 317
f 316 315 416
f 316 416 415
f 316 315 416
f 316 414 415
f 316 315 414
f 316 411 412
f 316 411 412
f 316 411 410
f 316 411 410
f 316 410 409
f 316 410 315
f 316 407 406
f 316 407 406
f 316 406 405
f 316 406 315
f 316 404 405
f 316 404 315
f 316 399 400
f 316 399 315
f 316 399 315
f 250 353 249
f 250 251 66
f 250 353 66
f 250 353 251
f 250 353 352
f 250 353 251
f 250 249 166
f 250 165 166
f 250 164 251
f 250 165 164
f 250 165 164
f 250 165 251
f 250 351 352
f 250 351 251
f 250 169 249
f 250 169 251
f 250 169 170
f 250 169 170
f 250 274 249
f 250 274 251
f 250 274 249
f 250 274 251
f 250 249 277
f 250 249 273
f 250 251 273
f 250 249 271
f 250 251 271
f 250 175 176
f 250 175 251
f 250 249 267
f 250 251 267
f 250 177 176
f 250 177 249
f 250 254 251
f 250 177 254
f 250 262 178
f 250 254 262
f 250 254 251
f 250 177 254
f 250 254 262
f 285 353 352
f 285 353 284
f 285 351 352
f 285 351 284
f 285 353 354
f 285 353 284
f 285 284 375
f 285 376 375
f 285 346 347
f 285 346 284
f 285 377 354
f 285 376 377
f 285 376 377
f 285 284 377
f 285 379 377
f 285 284 379
f 285 284 379
f 285 343 344
f 285 343 284
f 285 343 286
f 285 343 284
f 285 341 286
f 285 241 341
f 285 283 284
f 285 283 241
f 285 283 241
f 285 340 341
f 280 353 352
f 280 353 281
f 280 351 352
f 280 351 281
f 280 353 279
f 280 353 281
f 280 356 279
f 280 281 356
f 280 358 356
f 280 281 358
f 280 346 347
f 280 346 281
f 280 358 360
f 280 281 358
f 280 346 246
f 280 360 279
f 280 281 360
f 280 362 279
f 280 362 281
f 280 244 243
f 280 244 281
f 280 362 363
f 280 362 281
f 280 244 344
f 280 244 281
f 280 364 363
f 280 364 281
f 280 364 365
f 280 364 281
f 280 370 365
f 280 370 281
f 280 370 281
f 348 347 74
f 348 349 74
f 348 347 568
f 348 349 568
f 348 459 347
f 348 349 459
f 348 459 347
f 348 349 459
f 348 456 454
f 348 456 349
f 348 247 246
f 348 247 349
f 348 247 347
f 348 247 349
f 348 452 347
f 348 349 452
f 348 249 347
f 348 349 249
f 348 250 349
f 348 383 382
f 348 349 383
f 348 249 277
f 348 250 249
f 348 349 382
f 348 250 277
f 348 349 277
f 348 349 251
f 348 250 251
f 348 250 349
f 348 277 347
f 348 349 277
f 348 280 347
f 348 280 349
f 348 280 281
f 348 280 349
f 348 285 347
f 348 281 347
f 348 349 281
f 348 285 284
f 348 285 349
f 348 283 347
f 348 283 349
f 348 283 284
f 348 283 349
f 350 349 74
f 350 351 74
f 350 351 246
f 350 244 349
f 350 247 349
f 350 247 351
f 350 349 459
f 350 351 459
f 350 247 349
f 350 247 351
f 350 349 459
f 350 351 459
f 350 349 249
f 350 351 249
f 350 250 349
f 350 250 351
f 350 456 349
f 350 456 351
f 350 250 349
f 350 250 351
f 350 349 454
f 350 351 454
f 350 349 251
f 350 351 251
f 350 349 252
f 350 351 252
f 350 349 452
f 350 351 452
f 350 274 272
f 350 274 349
f 350 274 351
f 350 349 382
f 350 274 349
f 350 274 351
f 350 351 381
f 350 349 277
f 350 351 277
f 350 348 381
f 350 348 349
f 350 349 278
f 350 351 278
f 350 349 278
f 350 351 278
f 350 351 379
f 350 285 351
f 350 348 285
f 350 348 285
f 350 280 349
f 350 280 351
f 350 285 349
f 350 285 351
f 350 280 349
f 350 280 351
f 350 283 349
f 350 283 351
f 350 349 281
f 350 351 281
f 350 283 349
f 350 283 351
f 211 212 305
f 211 210 305
f 211 212 304
f 211 210 304
f 211 212 306
f 211 210 306
f 211 212 302
f 211 210 302
f 211 212 306
f 211 210 306
f 211 212 300
f 211 210 300
f 211 309 212
f 211 309 210
f 211 212 300
f 211 210 300
f 211 309 212
f 211 309 210
f 211 298 212
f 211 298 210
f 211 311 212
f 211 210 311
f 211 210 294
f 211 314 212
f 211 210 314
f 211 314 212
f 211 210 314
f 211 316 212
f 211 316 210
f 211 316 212
f 211 316 210
f 211 318 212
f 211 318 210
f 211 320 212
f 211 322 212
f 211 320 321
f 211 101 723
f 211 320 722
f 211 210 212
f 211 208 212
f 211 208 210
f 211 321 721
f 211 721 101
f 211 320 721
f 211 101 722
f 211 102 101
f 211 102 210
f 211 102 210
f 103 210 727
f 103 102 727
f 103 727 104
f 103 102 727
f 103 210 104
f 103 102 210
f 103 210 725
f 103 102 725
f 103 102 210
f 103 104 729
f 103 102 729
f 103 208 104
f 103 208 102
f 103 104 1
f 103 102 1
f 103 104 1
f 103 102 1
f 103 208 102
f 103 104 3
f 103 102 3
f 103 105 104
f 103 102 105
f 103 105 101
f 103 102 101
f 103 102 105
f 103 104 17
f 103 102 17
f 103 102 104
f 202 217 216
f 202 215 216
f 202 103 104
f 197 196 115
f 197 161 271
f 197 284 281
f 197 281 282
f 197 284 282
f 197 222 284
f 197 224 223
f 197 224 196
f 197 222 223
f 197 222 196
f 197 222 284
f 197 222 196
f 187 232 185
f 173 177 176
f 173 176 267
f 173 176 264
f 173 176 264
f 173 258 176
f 173 143 142
f 173 177 142
f 173 177 142
f 173 143 142
f 173 254 258
f 173 175 254
f 173 175 254
f 173 250 175
f 173 250 175
f 173 249 172
f 173 175 249
f 173 247 172
f 173 247 175
f 173 247 175
f 173 247 246
f 173 247 246
f 109 107 101
f 109 102 107
f 109 102 107
f 109 108 110
f 109 105 101
f 109 199 105
f 206 108 207
f 206 107 108
f 206 107 108
f 206 107 205
f 206 107 207
f 206 105 207
f 206 105 207
f 206 208 207
f 206 103 208
f 206 103 208
f 206 207 205
f 206 213 207
f 206 213 207
f 206 208 207
f 206 208 213
f 438 396 398
f 438 437 398
f 438 396 492
f 438 396 439
f 438 493 492
f 438 439 493
f 438 437 399
f 438 437 399
f 438 437 502
f 438 496 495
f 438 496 437
f 438 496 439
f 438 439 502
f 438 437 502
f 438 500 439
f 438 500 437
f 395 441 396
f 395 441 396
f 395 441 393
f 395 335 336
f 395 396 335
f 395 329 330
f 395 396 329
f 395 329 302
f 395 329 302
f 395 396 302
f 395 329 328
f 395 396 329
f 395 300 302
f 395 396 300
f 395 328 304
f 395 396 304
f 395 396 328
f 395 300 299
f 395 396 299
f 395 396 300
f 397 438 439
f 397 438 396
f 397 395 396
f 397 395 396
f 397 438 396
f 397 396 335
f 397 335 336
f 397 399 335
f 397 438 399
f 397 438 399
f 397 329 398
f 397 396 329
f 397 329 398
f 397 396 329
f 397 327 398
f 397 396 327
f 397 327 398
f 397 396 327
f 397 398 326
f 397 306 326
f 397 396 306
f 397 306 325
f 397 323 398
f 397 398 306
f 397 398 306
f 397 396 306
f 397 398 305
f 397 396 305
f 397 398 304
f 397 396 304
f 397 398 302
f 397 396 302
f 397 396 398
f 401 402 431
f 401 399 431
f 401 399 400
f 401 400 431
f 401 402 431
f 401 332 399
f 401 434 433
f 401 402 434
f 401 329 400
f 401 402 329
f 401 329 328
f 401 402 329
f 401 496 433
f 401 327 328
f 401 402 327
f 401 498 404
f 401 496 498
f 401 400 302
f 401 400 304
f 401 327 400
f 401 402 327
f 401 400 305
f 401 400 326
f 401 402 326
f 401 400 306
f 401 400 306
f 401 322 323
f 401 402 322
f 401 309 400
f 401 309 402
f 401 322 321
f 401 402 322
f 401 309 310
f 401 309 402
f 401 311 310
f 401 402 311
f 401 318 400
f 401 318 402
f 401 314 400
f 401 402 314
f 401 316 400
f 401 316 402
f 401 314 315
f 401 402 314
f 401 316 315
f 401 316 402
f 388 390 291
f 388 292 291
f 388 294 339
f 392 294 293
f 392 390 294
f 392 390 294
f 392 393 335
f 392 393 298
f 392 340 391
f 392 393 340
f 392 393 340
f 55 689 690
f 55 56 54
f 55 56 688
f 55 689 688
f 55 689 54
f 55 691 690
f 55 691 54
f 55 689 54
f 55 687 54
f 55 687 56
f 55 683 54
f 55 683 56
f 55 681 54
f 55 56 681
f 55 680 681
f 55 56 158
f 55 680 158
f 55 56 158
f 55 680 54
f 55 680 158
f 55 53 154
f 55 50 56
f 55 50 53
f 55 50 53
f 55 56 148
f 55 53 148
f 55 143 53
f 667 689 690
f 667 689 656
f 667 656 666
f 667 689 656
f 667 589 669
f 667 589 656
f 667 691 690
f 667 691 666
f 667 656 669
f 667 689 669
f 667 689 669
f 667 691 693
f 667 691 666
f 667 582 581
f 667 582 581
f 667 694 693
f 667 694 666
f 667 666 579
f 667 581 579
f 667 581 666
f 667 666 668
f 667 29 666
f 667 694 668
f 667 694 29
f 667 29 666
f 667 694 666
f 667 694 29
f 686 44 43
f 686 687 44
f 686 45 44
f 686 45 687
f 686 39 40
f 686 39 687
f 686 39 687
f 686 45 685
f 686 45 687
f 686 47 685
f 686 687 47
f 686 47 48
f 686 687 47
f 686 49 48
f 686 687 49
f 686 50 49
f 686 50 687
f 686 53 685
f 686 687 53
f 686 53 54
f 686 687 53
f 686 55 54
f 686 55 687
f 686 55 56
f 686 55 687
f 686 56 685
f 686 687 56
f 686 61 685
f 686 575 685
f 686 687 575
f 686 62 61
f 686 62 687
f 686 575 685
f 686 687 63
f 686 62 63
f 686 62 687
f 686 575 583
f 686 687 575
f 686 687 670
f 686 672 670
f 686 672 687
f 686 672 687
f 684 44 43
f 684 683 44
f 684 683 40
f 684 45 44
f 684 45 683
f 684 45 685
f 684 45 683
f 684 47 685
f 684 683 47
f 684 47 48
f 684 683 47
f 684 49 48
f 684 683 49
f 684 50 49
f 684 50 683
f 684 53 685
f 684 683 53
f 684 53 54
f 684 683 53
f 684 55 54
f 684 55 683
f 684 55 56
f 684 55 683
f 684 56 685
f 684 683 56
f 684 575 685
f 684 683 575
f 684 683 575
f 684 575 576
f 684 575 685
f 684 582 576
f 684 582 581
f 684 683 581
f 684 683 582
f 684 683 582
f 684 683 583
f 684 686 583
f 684 686 685
f 684 686 670
f 684 686 670
f 684 672 670
f 684 672 683
f 684 672 670
f 684 672 683
f 36 69 701
f 36 37 701
f 36 37 69
f 36 37 701
f 36 37 699
f 36 37 696
f 36 37 696
f 36 139 37
f 36 37 694
f 36 37 694
f 36 143 37
f 36 143 37
f 36 37 691
f 36 37 148
f 36 37 690
f 36 37 148
f 36 37 687
f 36 37 687
f 36 37 683
f 36 37 683
f 36 37 681
f 36 37 678
f 36 678 681
f 36 37 681
f 36 37 678
f 36 37 676
f 36 37 676
f 36 37 675
f 36 37 673
f 36 37 673
f 70 37 72
f 70 37 69
f 70 39 72
f 70 69 38
f 70 39 38
f 70 36 37
f 70 36 37
f 70 39 40
f 70 71 702
f 70 69 142
f 70 71 702
f 70 69 702
f 70 71 701
f 70 69 701
f 692 37 38
f 692 37 691
f 692 39 38
f 692 39 691
f 692 36 37
f 692 36 37
f 692 39 40
f 692 39 691
f 692 691 693
f 692 691 44
f 692 45 44
f 692 45 691
f 692 45 693
f 692 45 691
f 692 47 693
f 692 691 47
f 692 47 48
f 692 691 47
f 692 50 48
f 692 50 691
f 692 50 54
f 692 54 693
f 692 59 693
f 692 59 691
f 692 55 54
f 692 55 691
f 692 55 691
f 692 62 691
f 692 61 693
f 692 62 61
f 692 62 691
f 692 65 66
f 692 691 65
f 692 67 66
f 692 67 74
f 692 691 66
f 692 67 66
f 692 74 693
f 692 691 74
f 692 656 693
f 692 656 575
f 692 691 575
f 692 691 656
f 692 656 657
f 692 691 656
f 692 657 665
f 692 691 657
f 692 666 665
f 692 691 666
f 692 691 666
f 26 81 15
f 26 81 15
f 26 25 15
f 26 14 27
f 26 15 14
f 26 80 14
f 26 80 81
f 26 80 81
f 26 705 27
f 26 25 705
f 26 705 704
f 26 25 705
f 26 704 27
f 26 25 704
f 26 702 27
f 26 25 702
f 26 702 27
f 26 25 702
f 26 27 700
f 26 25 700
f 26 662 663
f 26 27 663
f 26 661 662
f 26 25 661
f 26 25 661
f 83 25 15
f 83 15 14
f 83 15 14
f 83 26 25
f 83 26 15
f 83 26 25
f 83 714 14
f 83 26 84
f 83 709 84
f 83 26 81
f 83 26 81
f 83 81 73
f 83 28 73
f 83 28 84
f 83 28 84
f 83 81 126
f 83 128 129
f 83 129 185
f 83 129 84
f 83 230 84
f 144 143 40
f 144 45 43
f 144 45 143
f 144 45 146
f 144 45 143
f 144 47 146
f 144 143 47
f 144 47 49
f 144 143 47
f 144 49 146
f 144 143 49
f 144 53 146
f 144 143 53
f 144 55 53
f 144 55 143
f 144 55 56
f 144 55 143
f 144 170 145
f 144 143 170
f 144 69 145
f 144 143 69
f 144 69 145
f 144 143 69
f 144 62 61
f 144 62 143
f 144 67 145
f 144 67 143
f 144 62 145
f 144 62 143
f 144 67 145
f 144 67 143
f 144 65 145
f 144 143 65
f 138 139 37
f 138 139 37
f 138 39 139
f 138 39 139
f 138 45 139
f 138 45 139
f 138 139 49
f 138 139 49
f 138 139 53
f 138 62 139
f 138 67 139
f 138 139 65
f 138 67 65
f 138 67 139
f 138 139 69
f 138 70 139
f 138 70 139
f 138 72 71
f 138 139 71
f 138 139 177
f 138 175 176
f 138 139 175
f 138 139 175
f 138 139 177
f 132 76 73
f 237 344 239
f 237 343 344
f 237 77 235
f 237 77 76
f 237 343 76
f 698 39 40
f 698 39 40
f 698 39 38
f 698 39 38
f 698 37 38
f 698 37 38
f 698 44 63
f 698 36 37
f 698 36 37
f 698 696 63
f 698 67 699
f 698 65 696
f 698 67 696
f 698 67 699
f 698 67 696
f 698 656 699
f 698 656 696
f 698 696 74
f 698 656 699
f 698 69 74
f 698 69 699
f 698 69 699
f 698 699 74
f 698 656 574
f 698 695 74
f 698 696 695
f 698 695 574
f 698 656 695
f 698 656 696
f 41 138 139
f 41 138 139
f 41 143 142
f 41 143 40
f 41 698 40
f 41 65 40
f 41 698 65
f 41 144 143
f 41 144 143
f 41 40 696
f 41 40 699
f 41 698 699
f 41 698 40
f 41 144 43
f 41 144 40
f 41 40 696
f 41 148 43
f 41 40 148
f 41 40 694
f 41 148 151
f 41 40 148
f 41 40 694
f 41 692 40
f 41 692 691
f 41 691 40
f 41 689 40
f 41 689 40
f 41 687 40
f 41 686 687
f 41 686 40
f 41 684 40
f 41 684 683
f 41 683 40
f 41 40 681
f 41 40 681
f 41 678 40
f 41 678 43
f 41 678 40
f 41 676 43
f 41 676 40
f 41 676 675
f 41 676 40
f 41 675 43
f 41 40 675
f 41 673 43
f 41 673 40
f 147 62 61
f 147 62 61
f 147 62 146
f 147 62 148
f 147 65 145
f 147 65 145
f 147 67 145
f 147 67 145
f 147 69 145
f 147 165 166
f 147 145 146
f 147 69 145
f 147 169 146
f 147 169 148
f 149 62 61
f 149 62 148
f 149 147 65
f 149 147 67
f 149 67 164
f 149 67 164
f 149 147 67
f 149 147 148
f 149 147 165
f 149 165 164
f 149 147 165
f 153 62 151
f 153 56 154
f 153 55 56
f 155 62 61
f 155 62 157
f 155 153 61
f 155 153 62
f 155 153 62
f 155 56 154
f 155 55 56
f 155 158 157
f 155 55 154
f 155 153 65
f 155 53 154
f 155 65 158
f 155 153 162
f 155 65 162
f 155 65 162
f 265 364 363
f 265 364 266
f 265 362 363
f 265 362 266
f 265 266 264
f 265 364 264
f 265 364 266
f 265 362 264
f 265 362 266
f 265 264 360
f 265 266 360
f 265 264 360
f 265 266 360
f 265 358 264
f 265 266 358
f 265 266 358
f 265 263 358
f 265 263 358
f 265 266 356
f 265 263 356
f 265 266 356
f 265 263 356
f 265 266 354
f 265 263 354
f 265 263 353
f 265 266 264
f 265 263 264
f 265 261 263
f 265 261 263
f 265 266 268
f 265 353 268
f 265 266 258
f 265 261 258
f 265 263 260
f 265 261 260
f 265 353 352
f 265 353 352
f 265 263 353
f 265 260 258
f 265 352 259
f 265 258 259
f 265 266 258
f 256 257 356
f 256 257 358
f 256 257 356
f 256 257 354
f 256 61 358
f 256 257 358
f 256 257 353
f 256 257 159
f 256 161 257
f 256 353 352
f 256 257 353
f 256 351 352
f 256 351 352
f 256 351 259
f 256 350 351
f 256 259 268
f 256 257 259
f 256 350 272
f 256 351 272
f 256 350 351
f 167 257 258
f 167 257 169
f 167 261 258
f 167 261 169
f 167 261 169
f 167 254 253
f 167 169 252
f 167 169 254
f 167 252 253
f 167 254 252
f 167 147 148
f 167 147 169
f 167 147 169
f 167 251 252
f 167 251 252
f 167 250 251
f 167 250 251
f 167 74 68
f 167 145 74
f 167 147 145
f 167 147 145
f 167 147 69
f 167 250 249
f 167 250 249
f 167 67 68
f 167 67 166
f 167 69 74
f 167 147 166
f 167 147 69
f 167 249 248
f 167 67 66
f 167 67 166
f 167 248 66
f 167 249 166
f 167 249 248
f 569 570 469
f 569 471 469
f 569 471 469
f 569 471 570
f 569 469 568
f 569 570 469
f 569 471 472
f 569 471 570
f 569 568 467
f 569 570 467
f 569 570 568
f 569 474 568
f 569 570 474
f 569 478 477
f 569 577 478
f 569 479 577
f 569 567 478
f 569 479 567
f 569 479 577
f 569 577 567
f 569 577 580
f 569 570 577
f 569 567 568
f 569 567 580
f 569 582 568
f 569 580 581
f 569 582 581
f 569 582 568
f 569 582 576
f 569 575 576
f 569 570 575
f 569 568 583
f 569 575 583
f 569 575 568
f 569 575 568
f 569 570 568
f 569 570 575
f 571 469 572
f 571 570 469
f 571 471 572
f 571 471 570
f 571 469 572
f 571 570 469
f 571 471 572
f 571 471 570
f 571 572 467
f 571 570 467
f 571 577 572
f 571 465 572
f 571 465 570
f 571 465 570
f 571 570 577
f 571 577 572
f 571 570 577
f 571 572 575
f 571 570 575
f 571 572 575
f 571 570 575
f 571 570 572
f 368 469 369
f 368 367 469
f 368 469 369
f 368 367 469
f 368 369 467
f 368 367 467
f 368 461 460
f 368 459 460
f 368 461 366
f 368 461 367
f 368 459 369
f 368 366 459
f 368 366 459
f 368 456 366
f 368 362 369
f 368 366 362
f 368 362 363
f 368 366 362
f 368 366 359
f 368 369 360
f 368 366 360
f 368 364 363
f 368 366 364
f 368 367 366
f 368 366 360
f 368 364 369
f 368 367 369
f 368 367 364
f 371 470 468
f 371 370 470
f 371 370 470
f 371 467 468
f 371 370 467
f 371 461 463
f 371 461 460
f 371 461 370
f 371 459 460
f 371 459 372
f 371 459 460
f 371 370 460
f 371 459 369
f 371 370 360
f 371 370 369
f 371 456 372
f 371 368 456
f 371 368 360
f 371 368 369
f 371 358 360
f 371 358 360
f 371 454 357
f 371 454 359
f 371 368 359
f 371 358 357
f 371 374 372
f 371 454 374
f 371 454 374
f 371 358 374
f 371 358 374
f 51 53 54
f 51 50 53
f 51 692 50
f 51 49 53
f 51 50 49
f 51 691 54
f 51 692 691
f 51 692 50
f 51 691 690
f 51 50 691
f 51 689 690
f 51 50 689
f 51 689 52
f 51 50 689
f 51 687 52
f 51 50 687
f 51 148 146
f 51 49 146
f 51 49 148
f 51 686 687
f 51 686 50
f 51 678 52
f 51 50 678
f 51 50 49
f 51 686 685
f 51 686 50
f 51 678 679
f 51 50 678
f 51 684 685
f 51 684 50
f 51 680 679
f 51 50 680
f 51 684 683
f 51 684 50
f 51 680 681
f 51 50 680
f 51 683 682
f 51 50 683
f 51 681 682
f 51 50 681
f 627 625 722
f 627 628 722
f 627 625 723
f 627 628 723
f 627 625 721
f 627 628 721
f 627 628 625
f 627 628 725
f 627 628 725
f 627 628 727
f 627 628 727
f 627 628 729
f 627 1 729
f 627 628 729
f 627 629 3
f 627 628 629
f 627 629 3
f 627 525 524
f 624 625 721
f 624 622 721
f 624 625 722
f 624 622 722
f 624 625 721
f 624 622 721
f 624 622 625
f 624 625 723
f 624 725 625
f 624 725 625
f 624 727 625
f 624 210 727
f 624 316 210
f 624 103 210
f 624 316 421
f 624 316 210
f 624 103 727
f 624 103 210
f 624 523 421
f 624 523 524
f 624 210 421
f 624 625 104
f 624 727 104
f 624 727 625
f 624 625 522
f 624 210 522
f 624 523 522
f 624 523 625
f 624 210 522
f 624 627 628
f 621 622 620
f 621 525 620
f 621 525 622
f 621 528 620
f 621 528 622
f 621 622 631
f 621 630 622
f 423 622 524
f 423 622 524
f 423 523 524
f 423 523 524
f 423 318 622
f 423 318 622
f 423 523 522
f 423 523 522
f 423 522 422
f 423 522 424
f 423 320 321
f 423 320 321
f 423 422 520
f 423 424 520
f 423 322 321
f 423 322 321
f 423 519 422
f 423 424 519
f 423 322 323
f 423 322 323
f 423 519 422
f 423 424 519
f 423 422 518
f 423 424 518
f 423 422 326
f 423 424 326
f 423 422 516
f 423 424 516
f 423 327 422
f 423 327 424
f 423 422 516
f 423 424 516
f 423 514 422
f 423 514 424
f 423 514 422
f 423 514 424
f 423 511 422
f 423 511 424
f 423 411 424
f 423 411 412
f 423 422 513
f 423 424 513
f 423 511 422
f 423 511 424
f 618 620 321
f 618 617 321
f 618 620 721
f 618 617 721
f 618 717 617
f 428 322 321
f 428 617 321
f 428 522 518
f 428 407 405
f 428 509 510
f 428 510 511
f 408 409 433
f 408 407 433
f 408 407 409
f 408 410 409
f 408 425 410
f 408 425 410
f 408 411 410
f 408 329 328
f 408 407 329
f 408 407 327
f 408 407 327
f 408 423 411
f 408 410 326
f 408 411 410
f 408 411 327
f 408 407 326
f 408 327 328
f 408 423 327
f 408 411 412
f 408 423 412
f 408 423 411
f 408 322 410
f 408 322 323
f 408 407 322
f 408 322 321
f 408 407 322
f 408 320 321
f 408 407 320
f 408 318 409
f 408 318 407
f 408 316 409
f 408 316 407
f 408 316 315
f 408 316 407
f 408 314 315
f 408 407 314
f 408 314 409
f 408 407 314
f 408 407 311
f 641 729 3
f 711 80 81
f 543 545 544
f 543 599 544
f 543 600 599
f 543 600 599
f 531 510 512
f 531 509 510
f 531 509 510
f 531 510 511
f 531 530 511
f 531 510 511
f 531 530 511
f 531 618 617
f 531 621 620
f 531 621 530
f 645 644 657
f 645 646 657
f 645 644 707
f 645 646 707
f 645 600 644
f 645 600 646
f 645 646 714
f 490 552 554
f 607 600 646
f 607 645 600
f 607 543 606
f 607 600 544
f 607 543 544
f 607 541 431
f 607 541 431
f 607 327 328
f 607 327 326
f 608 600 644
f 608 645 600
f 608 607 645
f 608 645 646
f 608 607 645
f 608 607 543
f 608 543 600
f 608 607 600
f 608 607 543
f 608 607 541
f 616 618 617
f 533 599 535
f 533 600 599
f 533 600 599
f 533 621 600
f 533 618 617
f 533 531 617
f 533 531 509
f 533 531 509
f 533 508 535
f 533 509 508
f 533 509 508
f 540 500 541
f 540 439 502
f 540 541 439
f 540 594 541
f 540 438 439
f 540 438 502
f 540 541 439
f 540 438 439
f 540 541 431
f 540 541 600
f 540 607 541
f 540 608 607
f 587 672 675
f 587 556 558
f 587 563 564
f 587 680 683
f 587 684 683
f 587 684 686
f 605 648 709
f 605 600 545
f 605 600 545
f 605 607 431
f 605 329 328
f 605 607 328
f 605 607 431
f 605 607 606
f 605 543 431
f 605 543 606
f 605 545 544
f 605 543 544
f 591 656 657
f 591 657 666
f 591 667 656
f 591 664 579
f 591 582 664
f 591 662 579
f 591 552 551
f 591 554 556
f 591 578 551
f 591 578 551
f 591 552 554
f 591 578 549
f 591 578 545
f 598 599 657
f 598 597 657
f 598 652 599
f 598 595 659
f 598 600 652
f 598 595 520
f 598 599 522
f 598 595 522
f 598 597 656
f 598 655 656
f 598 655 597
f 598 523 599
f 598 523 595
f 598 600 548
f 598 600 548
f 598 597 548
f 598 597 550
f 598 523 524
f 598 523 524
f 598 548 599
f 598 597 548
f 598 525 524
f 598 525 524
f 598 599 547
f 598 597 547
f 598 545 599
f 598 597 545
f 598 528 599
f 598 528 595
f 598 545 599
f 598 597 545
f 598 528 530
f 598 528 530
f 598 599 544
f 598 597 544
f 598 530 599
f 598 541 599
f 598 597 541
f 598 599 535
f 598 597 535
f 598 540 541
f 598 540 597
f 654 655 657
f 654 657 704
f 654 598 652
f 654 598 655
f 654 655 703
f 654 598 655
f 596 655 656
f 596 655 597
f 596 656 595
f 596 597 656
f 596 654 655
f 596 595 657
f 596 597 657
f 596 598 595
f 596 598 597
f 596 598 530
f 596 552 595
f 596 530 595
f 596 598 530
f 596 598 597
f 596 550 595
f 596 597 550
f 596 595 535
f 596 597 535
f 596 550 595
f 596 597 550
f 596 548 595
f 596 597 548
f 596 540 541
f 596 540 597
f 596 548 595
f 596 597 548
f 596 541 595
f 596 597 541
f 596 595 547
f 596 597 547
f 596 595 544
f 596 597 544
f 596 545 595
f 596 597 545
f 596 545 595
f 596 597 545
f 457 479 478
f 457 479 478
f 457 382 381
f 457 382 381
f 457 381 380
f 457 381 380
f 457 456 380
f 457 477 455
f 457 478 477
f 457 478 477
f 457 383 382
f 457 383 382
f 457 379 380
f 457 456 379
f 457 456 561
f 457 456 558
f 457 378 379
f 457 456 378
f 457 560 559
f 457 561 560
f 457 561 560
f 457 561 458
f 457 456 561
f 457 378 377
f 457 456 378
f 457 564 458
f 457 456 564
f 457 376 377
f 457 456 376
f 457 564 565
f 457 456 564
f 457 376 375
f 457 456 376
f 457 346 456
f 457 374 375
f 457 456 374
f 457 347 565
f 457 346 347
f 457 346 456
f 457 374 372
f 457 456 374
f 457 348 347
f 457 348 456
f 457 371 372
f 457 371 456
f 457 348 349
f 457 348 456
f 457 371 368
f 457 350 349
f 457 350 456
f 457 368 366
f 457 368 456
f 457 368 369
f 457 371 369
f 457 371 368
f 457 350 351
f 457 350 456
f 457 456 366
f 457 351 352
f 457 456 351
f 457 362 458
f 457 366 362
f 457 366 362
f 457 359 458
f 457 456 359
f 457 353 352
f 457 456 353
f 457 357 359
f 457 456 357
f 457 353 354
f 457 456 353
f 457 356 357
f 457 456 356
f 457 354 458
f 457 456 354
f 457 356 458
f 457 456 356
f 19 706 658
f 19 20 706
f 19 15 706
f 19 20 15
f 19 114 111
f 19 20 114
f 19 102 108
f 19 108 111
f 19 20 108
f 87 120 26
f 87 120 26
f 93 114 21
f 93 202 215
f 93 215 216
f 93 329 216
f 93 215 329
f 93 215 329
f 92 114 23
f 92 91 23
f 92 91 114
f 92 93 114
f 92 91 21
f 92 93 21
f 92 91 114
f 92 93 114
f 92 91 20
f 92 93 20
f 92 91 20
f 92 19 20
f 92 93 19
f 92 93 19
f 92 91 15
f 92 93 15
f 92 91 3
f 92 93 3
f 92 220 199
f 92 220 199
f 92 91 1
f 92 93 1
f 92 93 329
f 92 91 1
f 92 93 1
f 92 329 218
f 92 91 727
f 92 93 727
f 92 91 727
f 92 93 727
f 92 91 725
f 92 93 725
f 92 91 725
f 92 93 725
f 92 91 721
f 92 93 721
f 92 91 721
f 92 93 721
f 12 92 10
f 5 707 729
f 5 725 729
f 5 105 104
f 8 707 722
f 8 10 15
f 8 103 102
f 127 80 126
f 127 126 72
f 127 128 72
f 127 128 126
f 127 128 73
f 127 80 73
f 127 80 128
f 127 80 81
f 127 80 128
f 127 81 126
f 127 128 81
f 127 83 126
f 127 83 128
f 127 83 126
f 127 83 129
f 127 83 128
f 127 129 84
f 127 128 129
f 233 281 282
f 233 284 282
f 233 284 230
f 233 284 230
f 233 232 80
f 233 292 232
f 233 232 335
f 233 332 232
f 233 232 294
f 233 292 294
f 233 292 232
f 338 232 339
f 338 339 82
f 338 233 232
f 338 292 291
f 338 292 339
f 338 395 393
f 338 395 393
f 338 294 339
f 338 392 393
f 338 392 391
f 338 390 391
f 338 388 294
f 240 177 239
f 240 241 177
f 240 241 177
f 240 283 241
f 240 283 241
f 240 285 284
f 240 285 241
f 240 285 241
f 240 239 341
f 240 241 341
f 240 340 239
f 240 285 340
f 240 285 340
f 240 343 239
f 240 343 241
f 240 241 344
f 240 343 344
f 240 343 241
f 331 228 229
f 331 332 228
f 331 230 229
f 331 332 230
f 331 228 227
f 331 332 228
f 331 227 330
f 331 332 227
f 331 224 330
f 331 332 224
f 331 224 223
f 331 332 224
f 331 298 330
f 331 332 298
f 331 223 221
f 331 332 223
f 331 300 330
f 331 301 330
f 331 301 300
f 331 301 300
f 331 395 330
f 331 393 300
f 331 395 396
f 331 395 332
f 331 397 396
f 331 397 332
f 331 330 431
f 331 332 431
f 331 397 398
f 331 397 332
f 331 332 402
f 331 399 398
f 331 332 399
f 331 401 402
f 331 401 332
f 331 399 400
f 331 332 399
f 331 401 400
f 331 401 332
f 334 335 228
f 334 335 230
f 334 233 232
f 334 292 335
f 334 292 335
f 334 294 335
f 334 392 335
f 334 392 393
f 334 399 431
f 334 399 335
f 334 393 335
f 334 401 399
f 334 395 335
f 334 395 396
f 334 397 399
f 334 397 399
f 334 397 396
f 287 340 239
f 287 285 239
f 287 285 340
f 287 285 340
f 287 340 341
f 287 341 286
f 287 343 286
f 287 343 344
f 287 230 229
f 287 228 229
f 287 346 347
f 287 228 227
f 287 348 347
f 287 226 227
f 287 223 226
f 287 350 348
f 287 350 348
f 287 222 223
f 287 382 380
f 287 382 381
f 287 379 380
f 287 350 379
f 287 383 382
f 287 351 379
f 287 350 351
f 287 350 351
f 287 388 390
f 526 599 629
f 526 525 629
f 526 525 599
f 526 600 599
f 526 600 599
f 526 627 525
f 526 598 599
f 526 598 525
f 526 598 595
f 526 598 525
f 526 595 527
f 526 525 595
f 526 527 519
f 526 525 519
f 526 621 622
f 526 621 525
f 526 527 517
f 526 621 620
f 526 621 525
f 526 516 517
f 526 525 516
f 526 525 425
f 526 514 516
f 526 514 527
f 526 525 513
f 526 514 513
f 526 514 527
f 526 525 513
f 442 393 443
f 442 441 443
f 442 441 393
f 442 392 393
f 442 392 391
f 442 392 393
f 442 393 340
f 442 441 393
f 442 341 443
f 442 391 443
f 442 391 341
f 442 340 341
f 442 340 391
f 442 340 443
f 442 441 340
f 442 338 443
f 442 338 441
f 442 335 443
f 442 441 335
f 442 334 335
f 442 334 441
f 442 441 332
f 442 443 547
f 442 548 443
f 442 545 443
f 442 441 545
f 442 441 545
f 442 543 441
f 442 496 443
f 442 496 441
f 442 493 443
f 442 441 443
f 442 441 493
f 494 438 439
f 494 438 439
f 494 442 441
f 494 442 441
f 494 438 495
f 494 438 493
f 494 442 443
f 494 442 493
f 494 496 495
f 494 496 433
f 494 398 433
f 494 548 493
f 494 496 433
f 494 493 492
f 494 398 492
f 494 398 433
f 494 548 547
f 494 548 547
f 494 496 398
f 494 578 496
f 494 578 551
f 494 496 547
f 494 496 547
f 494 551 549
f 494 493 549
f 494 578 551
f 494 396 398
f 494 496 396
f 494 578 500
f 494 578 500
f 494 578 496
f 345 344 452
f 345 346 452
f 345 454 344
f 345 346 454
f 345 456 454
f 345 346 456
f 345 456 344
f 345 346 456
f 345 346 383
f 345 344 564
f 345 346 564
f 345 343 289
f 345 383 382
f 345 289 382
f 345 289 383
f 345 287 346
f 345 287 344
f 345 287 346
f 345 344 565
f 345 346 565
f 345 285 344
f 345 285 346
f 345 344 239
f 345 346 239
f 345 285 284
f 345 285 346
f 345 241 344
f 345 346 241
f 345 283 284
f 345 283 346
f 345 283 344
f 345 283 346
f 345 244 344
f 345 244 346
f 345 280 344
f 345 280 244
f 345 346 281
f 345 280 281
f 345 280 346
f 345 280 346
f 435 434 498
f 435 500 501
f 435 500 434
f 435 502 501
f 435 434 502
f 435 502 503
f 435 434 502
f 435 503 431
f 435 402 431
f 435 402 434
f 435 504 503
f 435 434 504
f 435 434 504
f 435 401 402
f 435 401 402
f 435 434 400
f 435 401 400
f 435 401 434
f 403 498 404
f 403 496 498
f 403 401 496
f 403 401 498
f 403 401 496
f 403 401 402
f 403 434 404
f 403 402 434
f 403 434 404
f 403 402 434
f 403 404 306
f 403 404 305
f 403 401 305
f 403 401 306
f 403 402 431
f 403 404 306
f 403 404 304
f 403 401 304
f 403 401 306
f 403 401 402
f 403 405 431
f 403 404 405
f 403 309 404
f 403 309 402
f 403 404 302
f 403 401 302
f 403 309 404
f 403 309 402
f 403 329 328
f 403 329 405
f 403 402 329
f 403 402 329
f 403 311 404
f 403 402 311
f 403 401 404
f 403 331 402
f 403 327 328
f 403 327 404
f 403 402 327
f 403 327 404
f 403 402 327
f 403 314 404
f 403 402 314
f 403 404 326
f 403 402 326
f 403 314 404
f 403 402 314
f 403 316 404
f 403 316 402
f 403 322 323
f 403 402 322
f 403 316 404
f 403 316 402
f 403 322 404
f 403 402 322
f 403 318 404
f 403 318 402
f 58 59 48
f 58 59 47
f 58 56 48
f 58 47 56
f 58 47 56
f 58 59 47
f 58 143 56
f 58 59 143
f 58 45 56
f 58 59 45
f 58 144 143
f 58 144 59
f 58 138 139
f 58 138 59
f 58 59 45
f 58 144 56
f 58 45 135
f 58 45 56
f 58 59 135
f 58 56 148
f 58 147 59
f 58 59 145
f 58 144 145
f 58 144 59
f 58 147 148
f 58 149 56
f 58 147 59
f 58 149 59
f 58 153 154
f 58 153 59
f 58 155 154
f 58 155 59
f 58 158 157
f 58 59 158
f 58 59 158
f 58 158 361
f 58 158 159
f 58 574 361
f 58 360 159
f 58 59 360
f 58 683 574
f 58 360 574
f 58 59 360
f 58 684 683
f 58 684 683
f 58 684 59
f 58 684 685
f 58 684 59
f 58 686 685
f 58 686 59
f 58 686 687
f 58 686 59
f 58 687 688
f 58 59 688
f 58 59 687
f 60 47 61
f 60 59 47
f 60 61 48
f 60 47 61
f 60 59 47
f 60 50 48
f 60 59 50
f 60 59 50
f 60 61 694
f 60 59 694
f 60 45 61
f 60 59 45
f 60 61 694
f 60 59 694
f 60 45 61
f 60 59 45
f 60 692 61
f 60 692 59
f 60 61 44
f 60 59 44
f 60 692 691
f 60 692 59
f 60 61 135
f 60 59 135
f 60 691 61
f 60 59 691
f 60 689 61
f 60 59 689
f 60 138 139
f 60 138 59
f 60 689 61
f 60 59 689
f 60 687 61
f 60 59 687
f 60 143 61
f 60 59 143
f 60 686 687
f 60 686 59
f 60 144 143
f 60 144 59
f 60 686 61
f 60 686 59
f 60 144 61
f 60 144 59
f 60 61 685
f 60 61 145
f 60 59 145
f 60 684 685
f 60 684 59
f 60 684 59
f 60 61 359
f 60 59 359
f 60 147 61
f 60 147 59
f 60 256 61
f 60 147 61
f 60 147 59
f 60 59 159
f 60 256 159
f 60 149 61
f 60 149 59
f 60 61 158
f 60 59 158
f 60 61 158
f 60 59 158
f 60 155 61
f 60 153 61
f 60 153 59
f 60 155 61
f 60 155 59
f 179 77 180
f 179 138 139
f 179 138 139
f 179 76 178
f 179 239 178
f 179 239 76
f 179 180 239
f 179 240 239
f 179 240 180
f 179 178 267
f 179 240 241
f 179 240 241
f 179 180 249
f 179 250 178
f 179 250 249
f 179 250 249
f 179 249 248
f 179 180 249
f 179 247 248
f 179 247 180
f 179 247 246
f 179 247 180
f 466 360 467
f 466 465 360
f 466 467 359
f 466 360 467
f 466 465 360
f 466 358 359
f 466 465 358
f 466 465 358
f 466 573 467
f 466 465 573
f 466 362 467
f 466 465 362
f 466 573 572
f 466 465 572
f 466 465 573
f 466 362 363
f 466 465 362
f 466 364 363
f 466 465 364
f 466 364 365
f 466 465 364
f 466 366 365
f 466 465 366
f 466 367 366
f 466 465 367
f 466 368 367
f 466 368 465
f 466 368 369
f 466 368 465
f 466 370 369
f 466 465 370
f 466 371 370
f 466 371 465
f 466 371 467
f 466 371 465
f 466 467 372
f 466 374 467
f 466 374 467
f 466 376 467
f 466 376 467
f 466 378 467
f 466 378 463
f 466 378 379
f 466 378 463
f 466 379 467
f 466 463 379
f 466 463 381
f 466 461 463
f 466 465 471
f 466 467 470
f 466 381 470
f 466 471 472
f 466 465 469
f 466 465 471
f 466 382 381
f 466 461 382
f 466 461 463
f 466 472 382
f 466 383 472
f 466 461 383
f 466 461 383
f 466 469 467
f 466 471 469
f 464 463 360
f 464 465 360
f 464 463 358
f 464 465 358
f 464 463 360
f 464 465 360
f 464 463 358
f 464 465 358
f 464 362 463
f 464 465 362
f 464 463 356
f 464 465 356
f 464 362 463
f 464 465 362
f 464 463 356
f 464 465 356
f 464 364 463
f 464 465 364
f 464 366 364
f 464 354 574
f 464 465 574
f 464 367 366
f 464 465 367
f 464 366 364
f 464 465 364
f 464 465 366
f 464 353 354
f 464 368 367
f 464 368 465
f 464 465 573
f 464 368 463
f 464 368 465
f 464 465 573
f 464 370 463
f 464 465 370
f 464 465 570
f 464 371 370
f 464 371 465
f 464 465 570
f 464 371 463
f 464 371 465
f 464 465 566
f 464 463 372
f 464 465 566
f 464 466 372
f 464 466 465
f 464 463 374
f 464 465 564
f 464 466 374
f 464 463 374
f 464 466 374
f 464 463 376
f 464 466 376
f 464 466 463
f 464 466 465
f 464 463 376
f 464 466 376
f 464 466 463
f 480 479 577
f 480 479 566
f 480 578 479
f 480 482 578
f 480 479 566
f 480 479 564
f 480 479 563
f 480 479 563
f 480 479 561
f 480 561 459
f 480 479 459
f 480 479 561
f 480 457 479
f 480 457 456
f 480 457 479
f 484 485 558
f 484 485 558
f 484 577 560
f 484 485 577
f 484 456 557
f 484 454 557
f 484 556 454
f 484 485 556
f 484 556 454
f 484 485 452
f 486 578 577
f 486 485 578
f 486 556 577
f 486 485 577
f 486 484 556
f 486 484 485
f 486 556 558
f 486 485 558
f 486 485 556
f 486 485 452
f 486 484 454
f 486 484 485
f 486 392 485
f 486 392 390
f 486 392 485
f 245 175 176
f 245 244 175
f 245 177 176
f 245 244 177
f 245 175 246
f 245 244 175
f 245 244 177
f 245 173 246
f 245 177 243
f 245 177 246
f 245 244 172
f 245 173 172
f 245 173 246
f 245 179 243
f 245 179 246
f 245 276 246
f 245 278 276
f 245 278 276
f 245 278 243
f 245 244 243
f 245 278 246
f 245 170 246
f 245 180 246
f 245 179 180
f 245 179 180
f 245 280 246
f 245 280 244
f 245 170 172
f 245 244 172
f 245 170 246
f 245 345 280
f 245 345 280
f 245 350 246
f 245 350 244
f 245 345 346
f 245 345 244
f 245 350 349
f 245 350 244
f 245 346 246
f 245 244 346
f 245 348 349
f 245 348 244
f 245 348 246
f 245 348 244
f 319 217 320
f 319 318 217
f 319 318 217
f 319 215 320
f 319 318 215
f 319 215 320
f 319 318 215
f 319 213 320
f 319 318 213
f 319 213 320
f 319 318 213
f 319 211 320
f 319 211 318
f 319 318 622
f 319 211 723
f 319 211 320
f 319 318 210
f 319 211 210
f 319 211 318
f 319 622 723
f 319 318 622
f 319 621 622
f 319 621 622
f 319 423 320
f 319 423 318
f 319 320 620
f 319 621 620
f 319 320 620
f 319 621 620
f 319 423 320
f 319 423 318
f 319 320 421
f 319 318 421
f 319 320 421
f 319 318 421
f 319 320 419
f 319 318 419
f 319 320 418
f 319 318 418
f 319 320 418
f 319 318 418
f 319 320 416
f 319 318 416
f 319 320 416
f 319 318 416
f 319 320 414
f 319 318 414
f 319 411 412
f 319 411 412
f 319 411 320
f 319 411 318
f 319 320 410
f 319 318 410
f 319 408 320
f 319 408 318
f 319 408 407
f 319 408 318
f 319 407 320
f 319 318 407
f 319 318 406
f 319 406 321
f 319 320 406
f 319 318 404
f 319 404 321
f 319 403 318
f 319 403 404
f 319 403 318
f 319 403 402
f 319 401 318
f 319 401 402
f 319 401 321
f 319 401 318
f 319 318 320
f 319 318 399
f 319 321 307
f 319 320 321
f 319 322 321
f 319 309 322
f 319 309 307
f 319 318 310
f 319 309 310
f 319 322 321
f 319 322 399
f 319 322 399
f 319 309 398
f 319 318 399
f 319 311 398
f 319 318 311
f 319 322 323
f 319 309 323
f 319 309 322
f 312 220 221
f 312 220 311
f 312 222 221
f 312 222 311
f 312 222 223
f 312 222 311
f 312 217 218
f 312 217 311
f 312 315 223
f 312 217 216
f 312 217 311
f 312 316 315
f 312 316 315
f 312 215 216
f 312 215 311
f 312 316 313
f 312 316 311
f 312 311 223
f 312 316 223
f 312 316 311
f 312 215 214
f 312 215 311
f 312 318 313
f 312 318 311
f 312 213 214
f 312 213 311
f 312 319 318
f 312 319 318
f 312 213 212
f 312 213 311
f 312 319 311
f 312 211 212
f 312 211 311
f 312 399 311
f 312 319 399
f 312 319 399
f 312 211 210
f 312 211 210
f 312 399 400
f 312 399 311
f 312 210 313
f 312 210 311
f 312 401 400
f 312 401 311
f 312 401 402
f 312 401 402
f 312 416 313
f 312 403 402
f 312 403 402
f 312 416 313
f 312 403 404
f 312 403 311
f 312 414 313
f 312 311 414
f 312 404 405
f 312 311 404
f 312 406 405
f 312 311 406
f 312 411 412
f 312 411 412
f 312 407 406
f 312 407 311
f 312 411 410
f 312 411 311
f 312 408 407
f 312 408 407
f 312 410 409
f 312 311 410
f 312 408 409
f 312 408 311
f 413 414 422
f 413 423 422
f 413 423 412
f 413 507 414
f 413 412 507
f 413 416 414
f 413 508 507
f 413 412 508
f 413 327 416
f 413 327 416
f 413 423 327
f 413 423 412
f 413 509 508
f 413 412 509
f 413 327 414
f 413 412 327
f 413 509 510
f 413 412 509
f 413 414 326
f 413 412 326
f 413 510 511
f 413 412 510
f 413 511 414
f 413 412 511
f 413 322 323
f 413 412 322
f 413 514 414
f 413 412 514
f 413 322 321
f 413 412 322
f 413 514 414
f 413 412 514
f 413 320 321
f 413 412 320
f 413 414 517
f 413 319 320
f 413 319 412
f 413 319 318
f 413 319 412
f 413 318 414
f 413 412 318
f 413 316 414
f 413 316 412
f 413 316 315
f 413 316 412
f 413 314 315
f 413 412 314
f 413 412 311
f 413 314 414
f 413 412 314
f 413 312 311
f 413 312 412
f 413 312 414
f 413 312 412
f 219 316 315
f 219 316 220
f 219 314 315
f 219 220 314
f 219 316 218
f 219 316 220
f 219 314 218
f 219 220 314
f 219 318 218
f 219 220 318
f 219 312 218
f 219 312 220
f 219 318 320
f 219 220 318
f 219 312 311
f 219 312 220
f 219 320 321
f 219 220 320
f 219 311 310
f 219 220 311
f 219 322 321
f 219 220 322
f 219 309 310
f 219 309 220
f 219 322 323
f 219 220 323
f 219 220 322
f 219 309 218
f 219 307 218
f 219 309 307
f 219 309 220
f 219 307 306
f 219 220 307
f 219 306 218
f 219 220 306
f 219 218 305
f 219 220 305
f 219 220 304
f 219 217 304
f 219 217 218
f 219 220 302
f 219 217 302
f 219 220 301
f 219 217 301
f 219 220 301
f 219 217 301
f 219 220 300
f 219 217 300
f 219 298 217
f 219 220 298
f 219 222 220
f 219 217 294
f 219 287 222
f 219 202 205
f 219 222 294
f 219 217 291
f 219 222 291
f 219 287 205
f 219 287 217
f 242 241 347
f 242 348 347
f 242 348 349
f 242 346 241
f 242 348 244
f 242 244 74
f 242 244 243
f 242 175 74
f 242 241 175
f 242 175 243
f 242 244 349
f 242 348 244
f 242 244 346
f 242 244 346
f 242 345 346
f 242 345 346
f 242 175 176
f 242 241 175
f 242 345 344
f 242 345 241
f 242 177 176
f 242 241 177
f 242 343 344
f 242 343 241
f 242 177 243
f 242 241 177
f 242 283 343
f 242 179 243
f 242 179 241
f 242 283 282
f 242 283 241
f 242 343 241
f 242 283 241
f 242 283 343
f 242 179 180
f 242 179 241
f 242 281 282
f 242 240 241
f 242 240 281
f 242 240 241
f 242 240 281
f 242 280 243
f 242 280 281
f 242 280 281
f 242 278 243
f 242 240 278
f 242 240 278
f 203 202 217
f 203 202 215
f 203 219 217
f 203 219 202
f 203 219 202
f 203 202 215
f 203 202 103
f 203 202 103
f 203 202 105
f 203 202 105
f 203 202 107
f 203 109 107
f 203 109 202
f 203 109 202
f 203 202 110
f 203 202 114
f 203 202 114
f 203 202 276
f 203 202 278
f 203 202 278
f 203 202 284
f 203 284 205
f 203 202 205
f 203 202 284
f 112 203 111
f 112 203 202
f 112 203 202
f 112 197 196
f 112 109 199
f 112 196 115
f 231 187 232
f 231 230 336
f 231 338 232
f 231 335 230
f 231 232 335
f 231 334 335
f 231 334 232
f 231 331 332
f 231 331 332
f 231 292 291
f 231 292 232
f 231 233 230
f 231 287 230
f 231 287 233
f 231 331 230
f 231 292 230
f 231 292 232
f 231 230 296
f 231 331 296
f 231 331 232
f 231 294 230
f 231 232 294
f 189 230 84
f 171 169 267
f 171 173 267
f 171 169 264
f 171 173 264
f 171 169 264
f 171 173 264
f 171 169 258
f 171 173 258
f 171 173 254
f 171 169 148
f 171 169 254
f 171 169 145
f 171 169 170
f 171 173 143
f 171 144 143
f 171 173 143
f 171 169 254
f 171 254 251
f 171 173 254
f 171 144 145
f 171 144 170
f 171 143 170
f 171 144 143
f 171 169 251
f 171 169 170
f 171 173 250
f 171 250 170
f 171 173 249
f 171 173 250
f 171 250 170
f 171 249 172
f 171 170 249
f 171 247 172
f 171 247 170
f 171 247 170
f 324 397 398
f 324 397 323
f 324 399 398
f 324 323 399
f 324 397 325
f 324 397 323
f 324 399 400
f 324 323 399
f 324 306 325
f 324 401 400
f 324 401 323
f 324 307 306
f 324 323 307
f 324 323 307
f 324 306 305
f 324 323 306
f 324 401 402
f 324 401 402
f 324 305 304
f 324 323 305
f 324 403 402
f 324 403 402
f 324 304 325
f 324 323 304
f 324 403 404
f 324 403 323
f 324 301 325
f 324 404 405
f 324 323 404
f 324 226 301
f 324 323 226
f 324 301 227
f 324 323 406
f 324 226 301
f 324 226 227
f 324 407 405
f 324 407 406
f 324 407 323
f 324 226 325
f 324 323 226
f 324 408 407
f 324 408 407
f 324 224 325
f 324 323 224
f 324 408 410
f 324 408 323
f 324 224 223
f 324 323 224
f 324 411 410
f 324 411 323
f 324 222 223
f 324 222 323
f 324 411 412
f 324 411 412
f 324 222 221
f 324 222 323
f 324 413 412
f 324 413 412
f 324 220 221
f 324 220 323
f 324 413 414
f 324 413 323
f 324 220 218
f 324 220 323
f 324 414 415
f 324 323 414
f 324 216 218
f 324 323 216
f 324 416 415
f 324 323 416
f 324 215 216
f 324 323 215
f 324 416 419
f 324 323 416
f 324 215 214
f 324 323 215
f 324 419 325
f 324 323 419
f 324 213 214
f 324 323 213
f 324 421 325
f 324 323 421
f 324 213 212
f 324 323 213
f 324 421 422
f 324 323 421
f 324 423 422
f 324 423 323
f 324 717 325
f 324 423 424
f 324 423 323
f 384 284 281
f 384 284 383
f 384 287 383
f 384 482 479
f 384 480 482
f 384 479 383
f 384 478 477
f 384 345 346
f 384 477 455
f 384 478 477
f 384 383 478
f 384 383 452
f 384 455 458
f 384 346 383
f 384 459 458
f 384 459 383
f 384 459 383
f 384 457 455
f 384 457 383
f 384 457 383
f 384 348 383
f 384 348 349
f 389 390 294
f 389 388 294
f 389 388 390
f 389 338 388
f 389 338 390
f 389 338 388
f 389 390 340
f 389 388 340
f 389 390 340
f 389 388 340
f 389 390 341
f 389 388 341
f 389 388 343
f 389 391 443
f 389 390 391
f 389 390 391
f 389 388 485
f 295 392 294
f 295 390 391
f 295 390 294
f 295 392 294
f 295 389 390
f 295 389 338
f 295 294 335
f 295 334 335
f 295 334 294
f 295 210 294
f 295 211 210
f 295 331 332
f 295 211 294
f 295 331 232
f 295 332 232
f 295 331 332
f 295 213 294
f 295 231 232
f 295 231 232
f 295 213 294
f 295 231 230
f 295 231 294
f 295 215 294
f 295 230 296
f 295 294 230
f 295 215 294
f 295 296 228
f 295 294 228
f 295 217 294
f 295 296 228
f 295 294 228
f 295 219 217
f 295 296 226
f 295 294 226
f 295 219 222
f 295 219 222
f 295 224 296
f 295 224 294
f 295 222 223
f 295 222 294
f 295 224 223
f 295 224 294
f 35 69 702
f 35 36 69
f 35 702 701
f 35 70 69
f 35 70 36
f 35 701 700
f 35 36 701
f 35 70 702
f 35 699 700
f 35 36 699
f 35 70 71
f 35 698 36
f 35 72 71
f 35 70 72
f 35 70 36
f 35 699 34
f 35 698 699
f 35 698 36
f 35 128 72
f 35 696 34
f 35 36 696
f 35 128 129
f 35 128 129
f 35 36 129
f 35 696 695
f 35 36 696
f 35 694 695
f 35 36 694
f 35 694 693
f 35 36 694
f 35 139 135
f 35 36 139
f 35 692 693
f 35 692 36
f 35 692 691
f 35 692 36
f 35 143 142
f 35 36 143
f 35 691 690
f 35 36 691
f 35 143 146
f 35 36 143
f 35 690 688
f 35 36 690
f 35 148 146
f 35 36 148
f 35 687 688
f 35 36 687
f 35 36 148
f 35 687 685
f 35 36 687
f 35 685 682
f 35 681 682
f 35 36 681
f 35 683 685
f 35 36 683
f 35 36 683
f 35 678 681
f 35 36 678
f 35 678 34
f 35 36 678
f 35 676 34
f 35 36 676
f 35 676 675
f 35 36 676
f 35 675 674
f 35 36 675
f 35 673 674
f 35 36 673
f 35 673 671
f 35 36 673
f 35 669 668
f 35 669 671
f 35 36 669
f 141 26 135
f 141 142 28
f 141 142 28
f 141 142 29
f 141 142 33
f 141 142 33
f 141 35 142
f 141 177 142
f 141 35 36
f 141 177 142
f 141 36 37
f 141 37 142
f 141 173 142
f 141 173 175
f 141 39 142
f 141 173 175
f 141 39 40
f 141 173 172
f 141 173 142
f 141 172 74
f 141 142 172
f 141 41 40
f 141 70 71
f 141 70 142
f 141 41 142
f 141 70 69
f 141 45 142
f 141 69 142
f 141 45 142
f 141 67 142
f 141 49 142
f 141 67 142
f 141 49 142
f 141 65 142
f 141 53 142
f 141 53 56
f 141 62 142
f 141 58 56
f 141 62 61
f 141 58 59
f 141 60 61
f 141 60 59
f 125 83 126
f 125 83 124
f 125 83 124
f 125 81 126
f 125 83 81
f 125 83 81
f 125 126 73
f 125 31 73
f 125 31 126
f 125 124 73
f 125 31 73
f 125 31 126
f 125 128 29
f 125 128 126
f 125 128 28
f 125 128 28
f 125 26 128
f 125 26 128
f 125 128 25
f 125 128 142
f 136 37 38
f 136 138 37
f 136 138 37
f 136 39 38
f 136 138 39
f 136 39 40
f 136 138 39
f 136 41 40
f 136 41 138
f 136 41 135
f 136 41 138
f 136 45 135
f 136 138 45
f 136 45 135
f 136 138 45
f 136 138 49
f 136 53 135
f 136 49 53
f 136 138 49
f 136 53 56
f 136 138 53
f 136 58 56
f 136 58 138
f 136 58 59
f 136 58 138
f 136 60 59
f 136 60 138
f 136 60 61
f 136 60 138
f 136 62 61
f 136 138 62
f 136 67 65
f 136 67 135
f 136 70 135
f 136 70 69
f 136 70 72
f 136 70 72
f 136 72 135
f 136 135 73
f 136 135 74
f 136 76 135
f 136 179 76
f 136 179 138
f 136 179 138
f 134 77 180
f 134 179 180
f 134 179 77
f 134 136 179
f 134 136 76
f 134 76 135
f 134 179 77
f 134 136 179
f 134 135 74
f 134 73 74
f 134 135 73
f 134 72 135
f 134 70 72
f 134 70 135
f 134 67 135
f 134 67 65
f 130 78 129
f 130 80 129
f 130 80 81
f 130 78 129
f 130 77 78
f 130 129 72
f 130 129 184
f 130 81 184
f 130 81 129
f 130 129 184
f 131 77 76
f 131 132 76
f 131 132 77
f 131 130 77
f 131 132 72
f 131 130 72
f 131 132 77
f 131 130 77
f 131 132 78
f 131 130 78
f 131 39 72
f 131 37 72
f 131 132 80
f 131 130 80
f 131 130 132
f 131 36 37
f 131 36 129
f 131 130 129
f 131 35 36
f 131 35 129
f 131 129 33
f 131 129 33
f 131 128 32
f 131 128 129
f 131 187 128
f 131 130 184
f 131 128 29
f 131 128 28
f 131 128 28
f 236 184 235
f 236 237 77
f 236 233 284
f 236 285 284
f 236 233 281
f 236 287 237
f 236 233 281
f 236 233 278
f 236 289 336
f 236 338 235
f 236 338 237
f 236 340 235
f 236 237 340
f 236 340 341
f 236 237 340
f 236 341 235
f 236 237 235
f 236 237 341
f 238 180 239
f 238 237 239
f 238 237 180
f 238 236 237
f 238 236 281
f 238 236 284
f 238 240 281
f 238 240 281
f 238 236 281
f 238 240 283
f 238 283 284
f 238 236 285
f 238 240 278
f 238 236 278
f 238 240 284
f 238 240 283
f 238 285 284
f 238 236 285
f 238 236 237
f 238 285 239
f 238 287 239
f 238 287 237
f 238 287 239
f 238 340 239
f 238 237 340
f 238 338 237
f 238 340 239
f 238 237 340
f 238 239 341
f 238 237 341
f 238 343 239
f 238 237 343
f 238 343 344
f 238 237 344
f 238 237 343
f 117 23 24
f 117 115 23
f 117 115 21
f 117 91 23
f 117 91 115
f 117 92 91
f 117 114 115
f 117 203 202
f 42 41 62
f 42 62 44
f 42 62 44
f 42 698 44
f 42 41 698
f 42 44 696
f 42 41 696
f 42 44 696
f 42 41 696
f 42 698 44
f 42 41 698
f 42 44 694
f 42 41 694
f 42 44 694
f 42 41 694
f 42 692 44
f 42 692 44
f 42 41 692
f 42 692 691
f 42 41 692
f 42 691 43
f 42 41 691
f 42 689 43
f 42 41 689
f 42 689 43
f 42 41 689
f 42 687 43
f 42 41 687
f 42 686 687
f 42 41 686
f 42 686 43
f 42 41 686
f 42 684 43
f 42 41 684
f 42 684 683
f 42 41 684
f 42 683 43
f 42 41 683
f 42 681 43
f 42 41 681
f 42 681 43
f 42 41 681
f 42 678 43
f 42 41 678
f 42 41 678
f 150 56 151
f 150 58 151
f 150 58 56
f 150 58 149
f 150 55 56
f 150 58 59
f 150 58 149
f 150 55 56
f 150 149 56
f 150 60 59
f 150 60 149
f 150 55 53
f 150 55 53
f 150 60 61
f 150 60 149
f 150 53 151
f 150 53 148
f 150 148 151
f 150 165 151
f 150 149 165
f 150 149 148
f 150 149 165
f 150 62 61
f 150 149 62
f 150 51 151
f 150 51 148
f 150 62 151
f 150 149 62
f 150 51 49
f 150 51 49
f 150 164 162
f 150 153 162
f 150 149 164
f 150 47 49
f 150 47 49
f 150 164 162
f 150 153 162
f 150 149 65
f 150 153 65
f 150 153 65
f 150 47 151
f 150 47 148
f 150 45 151
f 150 45 148
f 150 148 151
f 150 45 151
f 150 45 148
f 152 56 151
f 152 153 56
f 152 58 151
f 152 58 153
f 152 55 56
f 152 153 55
f 152 58 59
f 152 58 153
f 152 55 53
f 152 60 59
f 152 60 153
f 152 53 151
f 152 55 53
f 152 153 55
f 152 60 61
f 152 60 153
f 152 51 151
f 152 53 154
f 152 62 61
f 152 153 62
f 152 153 62
f 152 51 154
f 152 51 49
f 152 51 49
f 152 47 49
f 152 47 49
f 152 47 151
f 152 47 154
f 152 45 151
f 152 45 151
f 152 41 151
f 152 41 40
f 152 39 40
f 152 153 161
f 152 39 38
f 152 153 162
f 152 153 161
f 152 37 38
f 152 171 169
f 152 148 151
f 152 167 148
f 152 167 169
f 152 167 169
f 152 171 148
f 152 171 173
f 152 142 135
f 152 128 135
f 152 173 177
f 152 141 142
f 152 125 148
f 152 125 128
f 152 197 128
f 152 177 146
f 152 142 146
f 152 125 197
f 255 256 356
f 255 356 357
f 255 256 356
f 255 357 253
f 255 356 253
f 255 62 357
f 255 62 61
f 255 162 253
f 255 254 162
f 255 62 162
f 255 61 358
f 255 256 358
f 255 256 61
f 255 253 354
f 255 256 354
f 255 254 272
f 255 256 272
f 255 165 254
f 255 353 253
f 255 256 353
f 255 254 272
f 255 256 272
f 255 353 352
f 255 256 352
f 255 256 353
f 255 254 270
f 255 165 254
f 255 165 257
f 255 256 257
f 255 268 270
f 255 256 268
f 255 167 254
f 255 167 257
f 255 257 268
f 255 268 267
f 255 254 267
f 255 167 169
f 255 167 257
f 255 254 258
f 255 257 258
f 255 169 254
f 255 257 169
f 163 256 257
f 163 257 258
f 163 255 256
f 163 255 256
f 163 165 257
f 163 255 254
f 163 255 254
f 163 255 165
f 163 255 165
f 163 161 258
f 163 161 260
f 163 164 162
f 163 254 162
f 163 254 164
f 163 161 261
f 163 261 260
f 163 165 261
f 163 152 161
f 163 164 162
f 163 152 162
f 163 161 261
f 163 261 262
f 163 165 261
f 163 161 264
f 163 150 164
f 163 150 165
f 163 150 165
f 163 165 151
f 163 152 151
f 163 152 169
f 163 152 161
f 163 264 262
f 163 161 264
f 163 169 264
f 163 169 264
f 163 169 267
f 163 161 267
f 163 197 169
f 163 197 161
f 473 577 474
f 473 571 577
f 473 571 577
f 473 571 570
f 473 571 570
f 473 569 570
f 473 569 570
f 473 569 472
f 473 569 474
f 473 474 567
f 473 471 472
f 473 471 567
f 473 566 474
f 473 471 566
f 473 566 474
f 473 471 566
f 473 474 564
f 473 471 564
f 473 471 563
f 473 463 474
f 473 464 463
f 473 465 471
f 473 464 465
f 473 471 563
f 473 471 469
f 473 465 469
f 473 465 471
f 626 725 625
f 626 627 625
f 626 627 725
f 626 725 625
f 626 627 725
f 626 727 625
f 626 627 727
f 626 727 625
f 626 627 727
f 626 625 729
f 626 627 729
f 626 625 522
f 626 522 1
f 626 627 1
f 626 523 625
f 626 522 1
f 626 627 1
f 626 523 524
f 626 627 523
f 626 627 525
f 626 624 524
f 626 624 525
f 626 526 627
f 626 526 624
f 626 526 624
f 626 526 600
f 626 624 528
f 626 600 528
f 626 624 627
f 626 526 600
f 626 526 627
f 626 600 528
f 626 624 528
f 626 627 628
f 623 622 723
f 623 624 723
f 623 624 622
f 623 622 725
f 623 624 725
f 623 622 725
f 623 624 725
f 623 318 726
f 623 318 622
f 623 318 622
f 623 727 726
f 623 624 727
f 623 624 727
f 623 622 422
f 623 421 422
f 623 624 421
f 623 523 421
f 623 624 523
f 623 622 524
f 623 523 524
f 623 624 523
f 623 525 622
f 623 624 525
f 623 526 525
f 623 526 624
f 623 526 622
f 623 526 624
f 623 528 622
f 623 624 528
f 623 624 528
f 623 621 528
f 623 531 621
f 623 531 530
f 623 600 530
f 623 531 621
f 623 621 600
f 623 626 600
f 623 626 624
f 623 621 630
f 623 621 630
f 623 621 600
f 623 626 600
f 623 630 628
f 623 630 622
f 623 626 628
f 623 622 628
f 623 624 628
f 623 624 622
f 623 624 627
f 623 626 627
f 623 626 624
f 619 531 530
f 619 531 618
f 619 531 620
f 619 531 618
f 619 533 618
f 619 621 620
f 619 533 621
f 619 621 600
f 619 632 631
f 619 621 631
f 619 632 620
f 619 618 620
f 619 632 600
f 619 632 600
f 619 630 600
f 619 621 630
f 619 616 618
f 619 630 600
f 619 621 600
f 619 621 630
f 429 322 323
f 429 428 322
f 429 428 322
f 429 324 323
f 429 324 428
f 429 428 617
f 429 324 325
f 429 324 428
f 429 533 531
f 429 326 325
f 429 428 326
f 429 531 428
f 429 327 326
f 429 428 327
f 429 327 328
f 429 428 327
f 429 526 428
f 429 329 328
f 429 428 329
f 429 526 525
f 429 526 428
f 429 329 330
f 429 428 329
f 429 525 524
f 429 428 525
f 429 331 330
f 429 428 523
f 429 403 331
f 429 524 516
f 429 523 524
f 429 403 405
f 429 331 402
f 429 403 402
f 429 403 331
f 429 428 405
f 429 403 405
f 429 523 516
f 429 428 516
f 429 523 522
f 429 428 522
f 429 428 523
f 429 405 432
f 429 428 405
f 429 513 516
f 429 508 432
f 429 513 512
f 429 428 513
f 429 514 513
f 429 428 514
f 429 428 514
f 429 509 508
f 429 509 508
f 429 428 509
f 429 510 512
f 429 428 510
f 429 509 510
f 429 428 509
f 426 618 617
f 426 618 620
f 426 425 322
f 426 320 620
f 426 425 320
f 426 425 320
f 426 619 618
f 426 428 322
f 426 619 618
f 426 619 620
f 426 322 323
f 426 425 322
f 426 324 428
f 426 526 620
f 426 526 425
f 426 526 525
f 426 324 323
f 426 324 428
f 426 525 425
f 426 324 424
f 426 428 326
f 426 523 425
f 426 424 326
f 426 428 327
f 426 523 425
f 426 327 424
f 426 428 327
f 426 425 522
f 426 327 328
f 426 428 329
f 426 425 520
f 426 329 328
f 426 425 520
f 426 329 405
f 426 428 405
f 426 428 329
f 426 428 407
f 426 425 516
f 426 407 329
f 426 408 329
f 426 408 407
f 426 408 425
f 426 408 425
f 426 514 516
f 426 425 516
f 426 425 514
f 426 425 514
f 426 425 513
f 426 510 511
f 426 425 511
f 426 425 511
f 612 540 541
f 715 714 644
f 715 645 714
f 715 645 714
f 715 714 14
f 715 83 14
f 715 83 714
f 715 83 714
f 715 607 326
f 715 607 327
f 719 707 643
f 719 632 720
f 719 628 625
f 719 628 631
f 719 632 631
f 719 632 628
f 719 721 707
f 719 10 721
f 719 622 625
f 719 622 620
f 719 618 620
f 719 618 617
f 719 429 614
f 719 429 323
f 712 711 644
f 712 711 646
f 712 645 646
f 712 608 607
f 712 711 14
f 712 605 607
f 712 711 81
f 712 711 81
f 712 711 83
f 712 711 83
f 499 543 544
f 499 543 498
f 499 500 544
f 499 500 498
f 499 543 441
f 499 442 441
f 499 442 543
f 499 442 543
f 499 438 498
f 499 438 500
f 499 438 437
f 499 438 500
f 499 437 498
f 499 500 437
f 499 435 498
f 499 435 500
f 499 435 434
f 499 435 500
f 499 434 498
f 499 500 498
f 499 500 434
f 649 650 657
f 649 648 657
f 649 650 707
f 649 648 707
f 649 600 650
f 649 648 600
f 649 709 707
f 649 650 707
f 649 648 709
f 649 648 650
f 647 646 657
f 647 648 657
f 647 646 707
f 647 648 707
f 647 600 646
f 647 648 600
f 647 712 646
f 647 648 711
f 647 712 711
f 647 712 711
f 647 600 646
f 647 605 600
f 647 605 709
f 647 605 648
f 647 607 709
f 647 607 646
f 647 607 646
f 491 490 552
f 491 578 552
f 491 578 552
f 491 552 551
f 491 490 552
f 491 550 551
f 491 490 550
f 491 396 492
f 491 441 396
f 491 396 439
f 491 441 443
f 491 490 441
f 491 441 396
f 491 441 439
f 609 712 711
f 609 600 610
f 609 608 600
f 609 711 644
f 609 608 644
f 609 712 608
f 609 608 543
f 609 608 646
f 609 600 610
f 609 543 600
f 609 608 543
f 609 712 608
f 609 541 610
f 609 608 541
f 609 715 607
f 609 540 541
f 609 540 608
f 609 715 607
f 609 540 607
f 609 540 608
f 710 608 607
f 710 608 607
f 710 607 646
f 710 609 608
f 710 609 608
f 710 647 646
f 710 647 711
f 710 607 709
f 710 711 646
f 710 609 646
f 710 609 711
f 710 647 648
f 710 647 648
f 710 605 709
f 710 605 607
f 710 605 607
f 710 648 711
f 710 14 709
f 710 711 14
f 710 649 709
f 710 649 648
f 710 649 648
f 710 92 329
f 710 78 709
f 710 78 14
f 710 78 14
f 710 80 709
f 710 80 14
f 710 711 80
f 710 80 81
f 710 711 80
f 710 83 709
f 710 711 83
f 710 81 709
f 710 711 81
f 710 83 709
f 710 711 83
f 636 600 637
f 636 637 658
f 636 600 658
f 636 637 3
f 636 637 3
f 636 637 729
f 636 727 637
f 636 727 635
f 636 727 726
f 636 727 635
f 636 725 726
f 636 725 635
f 636 725 637
f 636 725 635
f 636 637 723
f 636 635 723
f 636 637 722
f 636 635 722
f 636 637 721
f 636 635 721
f 636 635 637
f 634 616 617
f 634 616 618
f 634 618 617
f 634 618 620
f 634 636 616
f 634 619 618
f 634 619 616
f 634 717 620
f 634 636 600
f 634 636 616
f 634 619 600
f 634 619 616
f 634 3 16
f 634 658 16
f 634 636 658
f 634 636 658
f 634 636 3
f 634 719 720
f 634 719 635
f 634 3 2
f 634 636 3
f 634 721 720
f 634 635 721
f 634 729 2
f 634 636 729
f 634 636 635
f 634 721 722
f 634 635 721
f 634 727 729
f 634 727 635
f 634 722 723
f 634 635 722
f 634 727 726
f 634 727 635
f 634 723 724
f 634 635 723
f 634 725 726
f 634 725 635
f 634 725 724
f 634 725 635
f 534 621 600
f 534 533 600
f 534 533 621
f 534 619 621
f 534 619 533
f 534 619 618
f 534 619 533
f 534 618 617
f 534 533 618
f 534 616 617
f 534 533 616
f 534 429 614
f 534 429 533
f 534 429 533
f 534 508 431
f 534 533 508
f 534 508 507
f 534 506 507
f 534 506 507
f 534 508 507
f 534 533 508
f 539 540 594
f 539 596 540
f 539 596 540
f 539 598 540
f 539 502 504
f 539 502 504
f 539 540 502
f 539 598 540
f 539 502 503
f 539 540 502
f 539 540 500
f 539 540 600
f 539 609 540
f 586 587 669
f 586 587 670
f 586 667 582
f 586 587 667
f 586 587 560
f 586 558 582
f 586 587 558
f 586 667 582
f 586 587 667
f 586 672 670
f 586 587 672
f 586 558 582
f 586 582 666
f 586 587 672
f 586 587 563
f 586 561 560
f 586 587 561
f 586 556 558
f 586 587 556
f 586 587 556
f 586 587 675
f 586 587 564
f 586 561 563
f 586 587 563
f 586 587 561
f 586 587 676
f 586 587 676
f 586 566 565
f 586 587 565
f 586 587 678
f 586 587 678
f 586 656 575
f 586 587 656
f 586 587 680
f 586 587 680
f 586 689 656
f 586 587 683
f 586 687 656
f 586 587 684
f 586 686 687
f 586 587 686
f 586 587 684
f 588 589 669
f 588 587 669
f 588 667 589
f 588 587 667
f 588 589 670
f 588 587 670
f 588 587 667
f 588 587 672
f 588 672 670
f 588 589 670
f 588 586 666
f 588 586 587
f 588 672 656
f 588 586 582
f 588 680 656
f 588 587 680
f 588 672 678
f 588 587 678
f 588 587 564
f 588 586 582
f 588 586 587
f 588 680 683
f 588 587 683
f 588 587 680
f 588 672 678
f 588 587 678
f 588 561 589
f 588 587 561
f 588 587 556
f 588 672 676
f 588 587 676
f 588 561 589
f 588 587 561
f 588 589 556
f 588 587 556
f 588 672 676
f 588 587 676
f 588 587 672
f 588 589 560
f 588 587 560
f 588 589 558
f 588 587 558
f 588 589 558
f 588 587 558
f 590 667 589
f 590 591 667
f 590 591 667
f 590 588 667
f 590 588 667
f 590 591 666
f 590 588 666
f 590 589 560
f 590 561 589
f 590 589 558
f 590 588 582
f 590 588 589
f 590 589 558
f 590 591 558
f 590 582 664
f 590 591 664
f 590 591 582
f 590 591 582
f 590 588 582
f 590 589 556
f 590 591 556
f 590 591 554
f 590 591 554
f 590 554 556
f 590 588 556
f 592 657 664
f 592 591 664
f 592 591 657
f 592 657 664
f 592 591 664
f 592 591 662
f 592 591 656
f 592 661 662
f 592 591 662
f 592 591 578
f 592 591 556
f 592 591 556
f 592 591 554
f 592 578 500
f 592 552 554
f 592 591 552
f 592 500 541
f 592 578 545
f 592 591 578
f 592 591 552
f 592 591 551
f 592 591 545
f 592 591 549
f 653 704 703
f 653 654 703
f 653 654 704
f 653 705 704
f 653 652 705
f 653 652 705
f 653 652 657
f 653 654 657
f 653 654 652
f 653 651 652
f 653 654 598
f 653 654 598
f 481 457 456
f 481 457 558
f 481 480 457
f 481 482 456
f 481 480 456
f 481 480 482
f 481 482 560
f 481 457 559
f 481 480 457
f 481 560 559
f 481 561 560
f 481 480 561
f 481 561 560
f 481 482 560
f 481 480 561
f 481 561 563
f 481 480 563
f 481 480 563
f 481 566 563
f 481 482 566
f 481 480 564
f 481 566 564
f 481 480 566
f 481 482 566
f 481 480 566
f 481 482 577
f 481 480 577
f 481 480 482
f 85 15 14
f 85 87 15
f 85 15 23
f 85 15 84
f 85 87 23
f 85 715 714
f 85 25 84
f 85 87 25
f 85 26 25
f 85 87 26
f 85 712 711
f 85 26 84
f 85 87 26
f 85 710 711
f 85 710 709
f 85 125 124
f 85 709 84
f 85 335 709
f 85 125 126
f 85 336 84
f 85 335 336
f 85 335 228
f 85 336 84
f 85 335 336
f 85 189 84
f 85 189 228
f 85 127 126
f 85 127 84
f 89 91 15
f 89 15 21
f 89 91 21
f 89 91 15
f 89 91 23
f 89 91 23
f 89 117 91
f 89 332 224
f 89 332 223
f 89 331 332
f 89 331 332
f 95 114 111
f 95 114 111
f 95 114 115
f 95 19 15
f 95 211 208
f 95 213 327
f 95 715 327
f 95 213 327
f 95 721 722
f 95 725 723
f 198 92 93
f 198 92 93
f 198 92 199
f 198 197 196
f 198 222 199
f 198 197 222
f 198 112 197
f 198 109 199
f 198 222 199
f 198 197 222
f 198 112 109
f 198 199 284
f 198 197 284
f 198 112 199
f 198 112 197
f 198 199 284
f 198 197 284
f 198 199 114
f 198 199 278
f 198 197 278
f 198 114 115
f 198 197 115
f 198 199 114
f 198 199 278
f 198 197 278
f 198 199 276
f 198 197 276
f 198 197 273
f 198 152 197
f 198 152 125
f 13 15 14
f 13 12 15
f 13 717 14
f 13 92 93
f 13 12 92
f 13 719 12
f 13 92 91
f 13 12 92
f 11 10 15
f 11 12 15
f 11 719 10
f 11 719 12
f 11 12 10
f 11 719 10
f 11 10 102
f 11 12 721
f 11 719 721
f 11 719 12
f 11 92 93
f 11 12 92
f 11 12 92
f 4 725 726
f 4 5 725
f 4 5 725
f 4 726 729
f 4 707 729
f 4 5 707
f 4 727 726
f 4 707 3
f 4 5 707
f 4 105 3
f 4 5 105
f 4 105 104
f 4 5 105
f 4 92 91
f 4 103 104
f 4 5 103
f 4 92 93
f 4 5 92
f 4 103 102
f 4 5 103
f 4 102 101
f 4 5 102
f 6 5 707
f 6 5 707
f 6 15 707
f 6 8 15
f 6 8 15
f 6 103 104
f 6 5 104
f 6 5 103
f 6 5 103
f 6 5 102
f 7 725 723
f 7 5 725
f 7 6 5
f 7 8 707
f 7 6 707
f 7 6 8
f 7 5 725
f 7 4 5
f 7 5 92
f 7 4 727
f 7 4 92
f 7 4 5
f 7 6 95
f 7 4 91
f 7 727 728
f 7 4 727
f 7 8 102
f 7 6 102
f 7 728 3
f 7 1 728
f 7 8 103
f 7 6 103
f 7 8 103
f 7 6 103
f 7 6 8
f 234 80 184
f 234 233 80
f 234 184 235
f 234 184 235
f 234 80 184
f 234 80 340
f 234 340 235
f 234 232 80
f 234 233 232
f 234 236 287
f 234 341 235
f 234 340 341
f 234 340 341
f 234 338 235
f 234 338 233
f 234 232 340
f 234 233 232
f 234 287 233
f 234 236 287
f 234 233 284
f 234 236 284
f 234 236 233
f 234 335 336
f 234 233 335
f 234 292 291
f 234 233 292
f 234 334 335
f 234 334 233
f 234 334 292
f 290 289 291
f 290 338 291
f 290 338 289
f 290 340 291
f 290 289 340
f 290 340 291
f 290 289 340
f 290 289 341
f 290 343 341
f 290 343 291
f 290 343 289
f 290 345 343
f 290 384 345
f 290 345 289
f 290 384 289
f 290 384 345
f 290 388 390
f 290 287 388
f 290 390 291
f 290 392 390
f 290 392 293
f 290 217 205
f 290 217 291
f 290 219 217
f 290 207 205
f 290 207 205
f 290 287 205
f 290 219 222
f 290 207 293
f 290 291 293
f 290 222 291
f 290 291 223
f 290 291 226
f 290 291 228
f 290 291 228
f 290 289 228
f 290 291 230
f 290 289 230
f 290 231 291
f 290 231 289
f 290 231 233
f 290 234 233
f 290 234 233
f 290 233 232
f 290 231 232
f 290 231 233
f 290 289 291
f 290 234 291
f 290 234 289
f 440 395 441
f 440 338 441
f 440 338 395
f 440 441 335
f 440 441 393
f 440 395 393
f 440 395 441
f 440 335 336
f 440 439 336
f 440 334 335
f 440 334 441
f 440 439 431
f 440 543 431
f 440 543 544
f 440 543 441
f 440 543 441
f 440 545 544
f 440 441 545
f 440 499 441
f 440 499 500
f 440 499 500
f 440 499 498
f 440 499 441
f 440 541 439
f 440 500 541
f 440 541 439
f 440 500 439
f 440 500 541
f 440 496 439
f 440 496 441
f 440 494 439
f 440 494 441
f 440 441 439
f 440 494 439
f 440 494 441
f 333 332 228
f 333 334 228
f 333 332 230
f 333 334 230
f 333 332 228
f 333 334 228
f 333 231 332
f 333 231 334
f 333 332 227
f 333 334 227
f 333 334 332
f 333 231 332
f 333 231 334
f 333 233 332
f 333 334 233
f 333 233 332
f 333 233 292
f 333 234 233
f 333 234 334
f 333 234 334
f 333 295 332
f 333 295 334
f 333 292 294
f 333 334 294
f 333 334 292
f 333 295 332
f 333 295 334
f 333 332 298
f 333 392 298
f 333 334 392
f 333 392 393
f 333 334 392
f 333 393 300
f 333 334 393
f 333 331 300
f 333 331 332
f 333 331 393
f 333 331 393
f 333 334 395
f 333 331 395
f 333 331 395
f 333 395 332
f 333 334 395
f 333 397 332
f 333 334 397
f 333 397 332
f 333 334 397
f 333 332 399
f 333 334 399
f 333 401 332
f 333 334 401
f 333 401 332
f 333 332 402
f 333 401 402
f 333 334 401
f 333 332 431
f 333 334 431
f 333 441 332
f 333 440 441
f 333 440 334
f 333 440 334
f 333 442 441
f 333 442 334
f 333 334 332
f 497 496 545
f 497 545 498
f 497 442 545
f 497 442 441
f 497 442 496
f 497 442 545
f 497 442 496
f 497 543 498
f 497 442 543
f 497 442 543
f 497 440 441
f 497 440 496
f 497 496 545
f 497 440 498
f 497 440 496
f 497 438 498
f 497 438 496
f 497 438 437
f 497 438 496
f 497 437 498
f 497 496 437
f 497 498 433
f 497 496 433
f 497 496 498
f 156 60 59
f 156 60 155
f 156 60 155
f 156 58 59
f 156 58 155
f 156 58 157
f 156 58 155
f 156 56 157
f 156 155 56
f 156 55 56
f 156 155 55
f 156 55 54
f 156 155 55
f 156 53 54
f 156 155 53
f 156 53 154
f 156 155 53
f 156 51 154
f 156 51 49
f 156 155 154
f 156 158 159
f 156 155 158
f 156 155 158
f 156 152 161
f 156 198 197
f 156 152 171
f 156 171 173
f 156 171 161
f 156 152 161
f 156 152 171
f 156 152 173
f 156 152 177
f 483 484 558
f 483 481 558
f 483 481 482
f 483 482 560
f 483 484 560
f 483 482 560
f 483 481 456
f 483 481 482
f 483 577 560
f 483 484 577
f 483 456 558
f 483 484 558
f 483 484 456
f 483 482 456
f 483 484 456
f 483 577 566
f 483 482 566
f 483 482 577
f 483 484 485
f 483 482 454
f 483 484 454
f 483 482 578
f 483 485 578
f 483 388 485
f 483 388 482
f 483 484 485
f 483 484 452
f 483 389 485
f 483 389 388
f 483 389 388
f 487 556 577
f 487 486 577
f 487 486 556
f 487 556 488
f 487 486 556
f 487 554 488
f 487 554 452
f 487 488 452
f 487 554 452
f 487 554 488
f 487 488 452
f 487 486 452
f 445 392 488
f 445 486 392
f 445 487 486
f 445 486 392
f 445 491 490
f 200 220 199
f 200 219 220
f 200 219 220
f 200 92 199
f 200 92 93
f 200 92 93
f 200 199 284
f 200 222 199
f 200 219 222
f 200 219 222
f 200 199 284
f 200 199 278
f 200 105 104
f 200 199 105
f 200 199 278
f 200 199 276
f 200 109 105
f 200 109 199
f 200 109 199
f 200 112 199
f 200 112 199
f 200 199 114
f 200 199 114
f 200 117 199
f 204 114 205
f 204 203 114
f 204 203 114
f 204 117 114
f 204 117 203
f 204 203 276
f 204 111 205
f 204 203 111
f 204 278 276
f 204 203 278
f 204 110 111
f 204 203 110
f 204 278 281
f 204 203 278
f 204 109 110
f 204 203 109
f 204 284 281
f 204 203 284
f 204 203 284
f 204 109 108
f 204 203 109
f 204 107 108
f 204 203 107
f 204 107 205
f 204 203 107
f 204 203 105
f 204 206 205
f 204 206 105
f 204 203 105
f 204 206 105
f 204 206 103
f 204 203 103
f 204 215 205
f 204 206 205
f 204 215 216
f 204 203 215
f 204 203 215
f 204 203 206
f 204 206 103
f 204 203 103
f 204 217 216
f 204 203 217
f 204 203 217
f 337 231 232
f 337 231 338
f 337 233 232
f 337 338 233
f 337 231 336
f 337 231 338
f 337 234 233
f 337 234 338
f 337 336 82
f 337 338 82
f 337 234 336
f 337 234 338
f 337 236 336
f 337 236 338
f 337 236 338
f 337 442 443
f 337 442 338
f 337 338 237
f 337 236 289
f 337 236 237
f 337 442 441
f 337 442 338
f 337 290 289
f 337 290 338
f 337 440 441
f 337 440 338
f 337 290 291
f 337 290 338
f 337 440 439
f 337 292 291
f 337 338 292
f 337 440 395
f 337 440 338
f 337 292 336
f 337 338 292
f 337 439 336
f 337 397 336
f 337 397 439
f 337 397 395
f 337 397 395
f 337 294 336
f 337 338 294
f 337 395 336
f 337 338 395
f 337 295 294
f 337 295 338
f 337 393 336
f 337 338 393
f 337 392 393
f 337 338 392
f 337 295 335
f 337 295 335
f 337 295 390
f 337 338 392
f 337 338 390
f 337 389 338
f 337 295 389
f 337 295 389
f 337 392 335
f 337 392 335
f 385 388 284
f 385 384 284
f 385 384 287
f 385 290 343
f 385 290 384
f 385 345 343
f 385 384 345
f 385 384 345
f 385 384 346
f 385 384 480
f 385 384 480
f 385 479 478
f 385 384 478
f 385 384 479
f 140 28 135
f 140 141 135
f 140 141 28
f 140 28 135
f 140 141 28
f 140 135 29
f 140 141 29
f 140 139 135
f 140 141 33
f 140 33 32
f 140 139 32
f 140 139 33
f 140 139 33
f 140 141 33
f 140 35 139
f 140 141 35
f 140 35 36
f 140 141 35
f 140 179 139
f 140 141 179
f 140 36 139
f 140 141 36
f 140 139 177
f 140 141 177
f 140 139 37
f 140 141 37
f 140 139 177
f 140 141 177
f 140 39 139
f 140 141 39
f 140 139 175
f 140 141 175
f 140 39 139
f 140 141 39
f 140 139 175
f 140 141 175
f 140 41 139
f 140 141 41
f 140 139 74
f 140 141 74
f 140 41 139
f 140 141 41
f 140 139 71
f 140 141 71
f 140 45 139
f 140 141 45
f 140 70 139
f 140 141 70
f 140 45 139
f 140 141 45
f 140 70 139
f 140 141 70
f 140 139 49
f 140 141 49
f 140 139 69
f 140 141 69
f 140 141 49
f 140 67 139
f 140 141 67
f 140 49 53
f 140 139 49
f 140 141 53
f 140 67 139
f 140 141 67
f 140 139 53
f 140 141 53
f 140 139 65
f 140 141 65
f 140 58 139
f 140 141 58
f 140 58 59
f 140 141 58
f 140 141 62
f 140 60 59
f 140 141 60
f 140 62 139
f 140 141 62
f 140 60 139
f 140 141 60
f 122 125 25
f 122 125 26
f 122 125 26
f 122 198 125
f 122 28 29
f 122 83 84
f 190 125 124
f 190 125 189
f 190 125 189
f 190 131 187
f 190 240 187
f 190 238 240
f 190 276 273
f 190 187 273
f 190 231 233
f 190 189 231
f 190 189 230
f 190 191 228
f 190 189 228
f 190 189 191
f 188 125 189
f 188 189 87
f 188 125 124
f 188 125 189
f 188 127 187
f 188 85 187
f 188 85 189
f 188 127 128
f 188 127 187
f 188 189 230
f 188 190 128
f 188 190 189
f 188 190 187
f 188 83 230
f 188 83 187
f 188 189 231
f 188 83 230
f 188 83 187
f 188 231 230
f 188 231 187
f 188 231 187
f 188 233 187
f 188 190 236
f 188 190 231
f 188 190 189
f 188 231 233
f 188 234 233
f 188 234 236
f 188 234 236
f 188 238 236
f 188 190 238
f 188 190 238
f 64 136 65
f 64 136 62
f 64 138 139
f 64 138 62
f 64 134 65
f 64 42 41
f 64 42 62
f 64 42 41
f 64 62 65
f 64 41 65
f 64 41 62
f 64 140 139
f 64 140 62
f 64 140 62
f 64 42 698
f 64 42 698
f 64 140 141
f 64 140 141
f 64 698 696
f 64 698 65
f 64 141 142
f 64 141 65
f 64 696 695
f 64 65 696
f 64 143 142
f 64 143 65
f 64 694 695
f 64 65 694
f 64 144 143
f 64 144 143
f 64 694 693
f 64 65 694
f 64 144 145
f 64 144 65
f 64 692 693
f 64 692 65
f 64 145 146
f 64 65 145
f 64 692 691
f 64 692 691
f 64 147 146
f 64 147 65
f 64 691 690
f 64 691 65
f 64 149 147
f 64 689 690
f 64 689 65
f 64 150 149
f 64 150 149
f 64 147 148
f 64 149 148
f 64 149 147
f 64 689 63
f 64 150 151
f 64 150 65
f 64 63 574
f 64 689 574
f 64 689 65
f 64 153 151
f 64 153 65
f 64 65 574
f 64 155 153
f 64 155 153
f 64 356 574
f 64 356 63
f 64 155 158
f 64 155 65
f 64 356 253
f 64 356 253
f 64 252 253
f 64 65 252
f 64 158 159
f 64 65 158
f 64 164 252
f 64 65 164
f 64 65 162
f 64 162 253
f 64 164 162
f 64 65 164
f 133 132 77
f 133 134 77
f 133 134 132
f 133 132 77
f 133 134 77
f 133 132 76
f 133 134 76
f 133 132 73
f 133 134 73
f 133 132 72
f 133 134 72
f 133 134 70
f 133 70 39
f 133 134 70
f 133 131 39
f 133 131 132
f 133 70 39
f 133 70 40
f 133 134 67
f 133 131 39
f 133 131 37
f 133 39 40
f 133 67 40
f 133 67 62
f 133 67 62
f 133 134 67
f 133 39 38
f 133 131 36
f 133 41 40
f 133 41 62
f 133 64 62
f 133 64 134
f 133 37 38
f 133 131 35
f 133 41 135
f 133 41 62
f 133 64 62
f 133 64 134
f 133 36 37
f 133 62 135
f 133 35 36
f 133 35 135
f 133 131 35
f 133 135 33
f 133 131 33
f 133 190 131
f 133 135 33
f 133 131 33
f 133 135 32
f 133 131 32
f 133 135 29
f 133 131 29
f 133 197 128
f 133 28 135
f 133 131 28
f 133 28 135
f 133 131 28
f 133 26 25
f 133 26 128
f 133 26 135
f 133 26 128
f 133 131 128
f 288 238 338
f 288 238 287
f 288 338 289
f 288 289 340
f 288 287 340
f 288 338 237
f 288 238 338
f 288 238 287
f 288 289 340
f 288 287 340
f 288 236 237
f 288 236 287
f 288 289 341
f 288 287 341
f 288 236 289
f 288 236 287
f 288 343 289
f 288 287 343
f 288 234 289
f 288 234 287
f 288 343 289
f 288 287 343
f 288 234 233
f 288 234 287
f 288 345 289
f 288 345 287
f 288 231 233
f 288 231 287
f 288 345 289
f 288 345 287
f 288 231 289
f 288 231 287
f 288 287 348
f 288 289 230
f 288 287 230
f 288 289 382
f 288 348 382
f 288 289 228
f 288 287 228
f 288 348 382
f 288 287 382
f 288 348 381
f 288 287 381
f 288 287 348
f 288 287 228
f 288 289 383
f 288 287 383
f 288 290 228
f 288 290 289
f 288 287 226
f 288 384 289
f 288 384 287
f 288 290 226
f 288 385 384
f 288 287 223
f 288 290 223
f 288 290 384
f 288 385 290
f 288 287 222
f 288 290 222
f 288 290 287
f 288 219 287
f 288 290 219
f 288 219 287
f 288 290 219
f 288 287 217
f 288 290 217
f 288 290 287
f 118 120 24
f 118 117 24
f 118 117 120
f 118 120 25
f 118 117 25
f 118 87 120
f 118 89 117
f 118 117 92
f 118 117 92
f 118 117 197
f 118 198 120
f 118 198 117
f 118 198 120
f 118 198 117
f 118 200 120
f 118 200 117
f 118 200 117
f 116 92 93
f 116 117 92
f 116 117 92
f 116 118 117
f 116 197 196
f 116 117 197
f 116 198 197
f 116 198 117
f 116 117 199
f 116 198 199
f 116 198 117
f 160 255 256
f 160 60 61
f 160 60 256
f 160 60 256
f 160 62 61
f 160 255 62
f 160 255 62
f 160 256 257
f 160 256 161
f 160 256 161
f 160 255 256
f 160 62 159
f 160 62 162
f 160 155 162
f 160 257 258
f 160 161 257
f 160 64 159
f 160 64 162
f 160 64 162
f 160 155 154
f 160 153 161
f 160 155 153
f 160 258 259
f 160 161 258
f 160 156 154
f 160 156 161
f 160 153 161
f 160 155 153
f 160 260 259
f 160 161 260
f 160 261 260
f 160 161 261
f 160 261 159
f 160 161 261
f 160 264 159
f 160 161 264
f 160 161 264
f 462 473 465
f 462 473 464
f 462 465 563
f 462 473 464
f 462 563 564
f 462 465 563
f 462 464 465
f 462 464 564
f 462 473 463
f 462 460 564
f 462 464 566
f 462 461 463
f 462 463 474
f 462 561 460
f 462 460 564
f 462 464 566
f 462 461 460
f 462 566 460
f 462 464 570
f 462 460 478
f 462 561 478
f 462 561 460
f 462 566 460
f 462 570 572
f 462 464 570
f 462 573 460
f 462 573 572
f 462 464 573
f 462 573 460
f 462 464 573
f 462 349 460
f 462 464 353
f 462 350 349
f 462 350 349
f 462 351 352
f 462 350 351
f 462 353 352
f 462 464 353
f 462 350 351
f 462 351 352
f 462 464 354
f 462 464 463
f 462 353 352
f 462 353 460
f 462 460 354
f 462 461 460
f 462 463 356
f 462 461 356
f 462 463 356
f 462 461 356
f 462 463 358
f 462 461 358
f 462 463 358
f 462 461 358
f 462 463 360
f 462 461 360
f 462 463 360
f 462 461 360
f 462 362 463
f 462 461 362
f 462 362 463
f 462 461 362
f 462 364 463
f 462 366 364
f 462 461 366
f 462 366 364
f 462 367 366
f 462 461 367
f 462 368 367
f 462 368 461
f 462 368 463
f 462 368 461
f 462 370 463
f 462 461 370
f 462 371 370
f 462 371 461
f 462 371 461
f 529 623 528
f 529 623 621
f 529 623 621
f 529 621 530
f 529 621 528
f 529 619 530
f 529 528 620
f 529 619 620
f 529 619 618
f 529 619 618
f 529 426 618
f 529 531 618
f 529 531 618
f 529 531 428
f 529 429 428
f 529 429 531
f 529 429 531
f 529 531 512
f 529 531 530
f 529 528 527
f 529 530 513
f 529 528 530
f 529 429 526
f 529 429 526
f 529 513 512
f 529 526 513
f 529 526 527
f 427 428 617
f 427 426 617
f 427 428 322
f 427 426 322
f 427 426 428
f 427 529 428
f 427 426 618
f 427 529 618
f 427 529 426
f 427 529 428
f 427 529 426
f 427 526 428
f 427 426 526
f 427 526 428
f 427 426 526
f 427 428 525
f 427 426 525
f 427 428 523
f 427 426 523
f 427 428 523
f 427 426 523
f 427 428 522
f 427 426 522
f 427 428 518
f 427 520 518
f 427 426 520
f 427 426 520
f 427 428 516
f 427 426 516
f 427 428 514
f 427 426 514
f 427 428 514
f 427 426 514
f 427 428 513
f 427 426 513
f 427 428 511
f 427 426 511
f 427 428 510
f 427 426 510
f 427 428 510
f 427 426 510
f 427 426 408
f 427 428 407
f 427 408 407
f 427 426 428
f 427 426 408
f 639 600 637
f 639 637 658
f 639 637 3
f 639 715 714
f 639 637 3
f 639 637 729
f 642 600 610
f 642 641 600
f 642 609 610
f 642 609 712
f 642 609 712
f 642 600 657
f 642 715 714
f 642 715 641
f 642 657 643
f 642 600 657
f 642 641 600
f 642 643 658
f 642 641 658
f 642 707 643
f 642 719 643
f 642 719 641
f 642 707 3
f 642 641 3
f 642 721 643
f 642 641 721
f 642 707 729
f 642 641 729
f 642 707 722
f 642 641 722
f 642 725 707
f 642 641 725
f 642 641 721
f 642 727 707
f 642 641 727
f 642 721 707
f 642 721 707
f 642 725 726
f 642 641 725
f 642 727 726
f 642 641 727
f 489 491 578
f 489 491 578
f 489 491 490
f 489 554 556
f 489 578 554
f 489 554 488
f 489 490 554
f 489 491 441
f 489 491 490
f 489 556 577
f 489 578 577
f 489 578 556
f 489 552 488
f 489 490 552
f 489 392 485
f 489 491 492
f 489 393 443
f 489 441 443
f 489 490 441
f 489 445 488
f 489 445 490
f 489 392 393
f 489 486 578
f 489 486 485
f 489 486 485
f 489 392 488
f 489 392 393
f 536 594 595
f 536 539 594
f 536 596 595
f 536 539 596
f 536 596 597
f 536 539 596
f 536 505 504
f 536 598 597
f 536 539 598
f 536 598 599
f 536 505 506
f 536 505 506
f 536 600 599
f 536 534 506
f 536 534 506
f 536 534 431
f 536 534 612
f 536 616 618
f 536 616 618
f 536 534 535
f 536 619 600
f 536 619 618
f 536 619 618
f 585 582 669
f 585 586 669
f 585 586 582
f 585 582 669
f 585 670 669
f 585 586 670
f 585 582 559
f 585 586 582
f 585 670 671
f 585 586 670
f 585 560 559
f 585 586 560
f 585 672 671
f 585 586 672
f 585 560 563
f 585 586 560
f 585 586 672
f 585 563 564
f 585 586 563
f 585 673 674
f 585 672 673
f 585 672 673
f 585 675 674
f 585 586 675
f 585 564 565
f 585 586 564
f 585 676 675
f 585 586 676
f 585 566 565
f 585 586 566
f 585 676 584
f 585 586 676
f 585 586 566
f 585 678 584
f 585 586 678
f 585 566 567
f 585 566 567
f 585 575 574
f 585 586 575
f 585 678 679
f 585 586 678
f 585 568 574
f 585 567 568
f 585 567 568
f 585 689 575
f 585 680 679
f 585 586 680
f 585 689 688
f 585 586 689
f 585 689 575
f 585 680 682
f 585 586 680
f 585 687 688
f 585 586 687
f 585 691 575
f 585 689 656
f 585 586 689
f 585 683 682
f 585 586 683
f 585 686 687
f 585 586 686
f 585 691 656
f 585 691 656
f 585 586 656
f 585 684 683
f 585 586 684
f 585 684 686
f 585 586 684
f 602 588 589
f 602 588 564
f 602 588 587
f 602 587 656
f 602 588 587
f 602 564 562
f 602 587 565
f 602 587 564
f 602 565 574
f 602 656 574
f 602 564 565
f 602 561 562
f 602 655 656
f 602 654 655
f 602 561 558
f 602 653 654
f 602 653 651
f 602 340 339
f 602 340 341
f 602 561 341
f 602 556 555
f 602 651 650
f 602 653 651
f 602 338 339
f 602 335 336
f 602 337 336
f 602 554 555
f 602 337 338
f 602 335 709
f 602 552 550
f 602 334 335
f 602 333 334
f 602 442 334
f 602 442 548
f 602 550 548
f 602 333 332
f 602 333 442
f 602 442 548
f 602 331 332
f 602 333 442
f 602 442 547
f 602 710 331
f 602 331 332
f 602 442 332
f 602 442 441
f 602 710 331
f 602 331 330
f 602 442 441
f 602 441 545
f 602 440 441
f 602 440 441
f 602 440 545
f 602 543 545
f 593 657 662
f 593 592 662
f 593 592 657
f 593 657 661
f 593 594 657
f 593 592 661
f 593 594 656
f 593 592 656
f 593 594 661
f 593 661 579
f 593 592 661
f 593 592 578
f 593 594 554
f 593 592 554
f 593 592 556
f 593 594 554
f 593 592 554
f 593 594 519
f 593 594 519
f 593 578 519
f 593 578 519
f 593 594 511
f 593 578 511
f 593 509 578
f 593 509 578
f 593 594 552
f 593 592 552
f 593 578 510
f 593 509 510
f 593 509 508
f 593 578 508
f 593 594 552
f 593 592 552
f 593 510 511
f 593 594 511
f 593 508 535
f 593 594 535
f 593 508 507
f 593 578 506
f 593 594 551
f 593 592 551
f 593 506 507
f 593 505 578
f 593 594 547
f 593 505 506
f 593 505 578
f 593 547 549
f 593 592 549
f 593 594 547
f 593 505 504
f 593 578 504
f 593 594 545
f 593 592 545
f 593 536 504
f 593 536 594
f 593 536 539
f 593 536 539
f 593 539 504
f 593 539 540
f 593 578 500
f 593 592 578
f 593 594 545
f 593 592 545
f 593 539 500
f 593 540 594
f 593 539 540
f 593 594 541
f 593 592 541
f 593 540 500
f 593 592 500
f 86 87 15
f 86 85 15
f 86 85 87
f 86 13 87
f 86 85 717
f 86 719 87
f 86 13 719
f 86 12 87
f 86 13 12
f 86 13 12
f 86 715 87
f 86 85 715
f 86 712 87
f 86 85 712
f 86 710 87
f 86 85 710
f 86 85 710
f 86 334 332
f 86 334 335
f 86 85 335
f 86 334 332
f 86 334 335
f 86 85 335
f 86 334 227
f 86 334 228
f 86 191 227
f 86 191 228
f 86 189 87
f 86 189 191
f 86 85 189
f 86 188 189
f 86 188 85
f 86 188 124
f 86 188 87
f 86 188 187
f 86 188 85
f 86 125 124
f 86 85 125
f 86 85 125
f 86 122 85
f 86 127 187
f 86 85 127
f 86 85 127
f 186 85 127
f 186 85 127
f 186 127 128
f 186 127 187
f 186 85 84
f 186 85 187
f 186 128 129
f 186 187 128
f 186 83 84
f 186 83 187
f 186 131 187
f 186 187 185
f 186 83 185
f 186 83 187
f 186 130 129
f 186 131 130
f 186 131 130
f 186 131 184
f 186 133 131
f 186 133 131
f 186 238 240
f 186 238 240
f 186 240 187
f 186 236 184
f 186 238 236
f 186 238 236
f 186 242 240
f 186 133 190
f 186 133 190
f 186 234 236
f 186 246 273
f 186 187 273
f 186 190 140
f 186 234 233
f 186 234 233
f 186 236 235
f 186 234 235
f 186 234 236
f 186 247 246
f 186 190 140
f 186 187 232
f 186 233 232
f 186 233 187
f 186 247 273
f 186 247 248
f 186 190 141
f 186 190 273
f 186 190 187
f 186 190 271
f 186 190 152
f 186 190 156
f 186 156 152
f 186 177 178
f 186 156 177
f 186 156 173
f 186 156 173
f 186 190 173
f 186 190 156
f 88 87 15
f 88 89 15
f 88 13 87
f 88 13 89
f 88 89 15
f 88 13 12
f 88 13 89
f 88 15 23
f 88 87 15
f 88 89 23
f 88 87 23
f 88 89 23
f 88 12 721
f 88 12 87
f 88 89 721
f 88 87 25
f 88 719 87
f 88 89 719
f 88 89 721
f 88 117 25
f 88 89 117
f 88 118 87
f 88 118 117
f 88 118 89
f 88 118 87
f 88 715 87
f 88 89 715
f 88 189 87
f 88 89 189
f 88 712 87
f 88 189 87
f 88 710 87
f 88 89 710
f 88 190 189
f 88 190 89
f 88 190 89
f 88 89 710
f 88 86 191
f 88 86 87
f 88 86 710
f 88 86 710
f 88 89 332
f 88 86 332
f 88 332 224
f 88 89 224
f 88 89 332
f 88 86 332
f 194 89 224
f 194 88 89
f 194 281 226
f 194 197 281
f 194 122 125
f 194 197 278
f 194 125 197
f 194 197 278
f 194 197 276
f 194 133 197
f 194 133 197
f 194 152 197
f 194 152 197
f 194 156 197
f 94 93 114
f 94 95 114
f 94 93 20
f 94 95 20
f 94 93 114
f 94 95 114
f 94 93 19
f 94 95 19
f 94 116 93
f 94 116 95
f 94 93 19
f 94 95 19
f 94 93 15
f 94 95 15
f 94 116 118
f 94 194 118
f 94 194 116
f 94 13 93
f 94 13 95
f 94 198 93
f 94 198 95
f 94 13 12
f 94 13 95
f 94 198 93
f 94 198 95
f 94 11 12
f 94 11 95
f 94 200 93
f 94 200 95
f 94 11 93
f 94 11 95
f 94 95 203
f 94 7 95
f 94 203 202
f 94 95 203
f 94 7 5
f 94 7 95
f 94 202 215
f 94 93 202
f 94 203 206
f 94 4 5
f 94 4 95
f 94 215 328
f 94 93 215
f 94 206 213
f 94 206 208
f 94 95 206
f 94 95 213
f 94 4 93
f 94 4 95
f 94 208 213
f 94 95 213
f 94 95 208
f 94 93 3
f 94 95 3
f 94 327 328
f 94 95 327
f 94 93 1
f 94 95 1
f 94 95 715
f 94 93 1
f 94 95 1
f 94 93 727
f 94 95 727
f 94 93 727
f 94 95 727
f 94 93 725
f 94 95 725
f 94 93 721
f 94 95 721
f 94 93 725
f 94 95 725
f 94 93 721
f 94 95 721
f 96 20 111
f 96 95 111
f 96 95 20
f 96 95 19
f 96 95 19
f 96 95 111
f 96 198 95
f 96 112 115
f 96 95 115
f 96 95 15
f 96 198 95
f 96 116 196
f 96 116 95
f 96 116 95
f 96 13 95
f 96 95 15
f 96 13 95
f 96 200 95
f 96 11 95
f 96 11 95
f 96 95 203
f 96 95 203
f 96 7 95
f 96 95 206
f 96 7 6
f 96 6 95
f 96 95 211
f 96 4 95
f 96 95 211
f 96 4 95
f 96 95 3
f 96 95 1
f 96 95 1
f 96 95 721
f 96 95 213
f 96 95 727
f 96 95 721
f 96 213 326
f 96 95 213
f 96 715 326
f 96 95 715
f 96 95 727
f 96 95 722
f 96 95 725
f 96 95 723
f 96 95 725
f 90 13 12
f 90 13 89
f 90 12 10
f 90 89 12
f 90 89 91
f 90 13 91
f 90 13 89
f 90 91 1
f 90 91 1
f 90 7 1
f 90 7 1
f 90 91 727
f 90 91 3
f 90 7 3
f 90 7 91
f 90 7 727
f 90 91 727
f 90 89 727
f 90 91 725
f 90 725 726
f 90 89 726
f 90 91 725
f 90 91 721
f 90 89 721
f 90 91 721
f 90 89 721
f 90 89 719
f 90 89 715
f 90 715 92
f 90 710 92
f 90 710 331
f 90 92 218
f 90 220 221
f 90 331 221
f 90 89 331
f 90 710 331
f 90 89 331
f 90 89 710
f 90 220 218
f 90 92 220
f 90 92 220
f 90 196 223
f 90 89 223
f 90 198 196
f 90 198 92
f 90 198 92
f 90 224 196
f 90 89 224
f 90 190 89
f 90 190 122
f 90 190 122
f 297 333 334
f 297 333 334
f 297 334 335
f 297 333 332
f 297 333 332
f 297 334 335
f 297 331 332
f 297 331 332
f 297 337 335
f 297 337 335
f 297 334 392
f 297 334 392
f 297 298 296
f 297 331 296
f 297 331 298
f 297 390 391
f 297 337 390
f 297 337 390
f 297 295 391
f 297 295 392
f 297 295 392
f 297 298 396
f 297 393 298
f 297 392 393
f 297 392 393
f 297 396 294
f 297 295 294
f 297 298 396
f 297 298 210
f 297 295 210
f 297 298 398
f 297 211 298
f 297 295 211
f 297 295 294
f 297 211 298
f 297 295 211
f 297 298 213
f 297 295 213
f 297 298 213
f 297 295 213
f 297 298 215
f 297 295 215
f 297 298 215
f 297 295 215
f 297 298 217
f 297 295 217
f 297 219 298
f 297 295 219
f 297 295 219
f 297 219 220
f 297 222 220
f 297 219 222
f 297 219 222
f 297 222 223
f 297 222 298
f 297 224 223
f 297 298 224
f 297 298 224
f 297 224 226
f 297 224 296
f 297 298 226
f 297 296 226
f 297 298 226
f 297 296 228
f 297 298 228
f 297 296 228
f 297 298 228
f 297 298 296
f 448 384 349
f 448 349 383
f 448 384 348
f 444 491 443
f 444 445 491
f 444 445 491
f 444 493 443
f 444 445 493
f 444 494 493
f 444 445 494
f 444 494 443
f 444 445 494
f 444 496 495
f 444 496 443
f 444 547 495
f 444 445 547
f 444 443 547
f 444 497 496
f 444 497 496
f 444 548 443
f 444 445 548
f 444 545 443
f 444 497 545
f 444 497 545
f 444 602 548
f 444 602 550
f 444 602 445
f 444 335 443
f 444 334 335
f 444 602 334
f 444 602 334
f 444 602 335
f 444 602 445
f 444 550 548
f 444 445 548
f 444 445 550
f 444 337 443
f 444 337 445
f 444 337 338
f 444 337 445
f 444 338 443
f 444 445 338
f 444 340 443
f 444 445 340
f 444 340 341
f 444 445 340
f 444 341 443
f 444 445 341
f 444 445 343
f 444 389 443
f 444 389 343
f 444 389 390
f 444 445 389
f 444 389 343
f 444 445 343
f 444 390 391
f 444 445 390
f 444 392 391
f 444 445 392
f 444 445 392
f 201 200 219
f 201 202 217
f 201 219 217
f 201 219 202
f 201 93 202
f 201 200 93
f 201 219 202
f 201 200 219
f 201 94 93
f 201 94 200
f 201 202 284
f 201 200 284
f 201 94 95
f 201 94 200
f 201 202 284
f 201 200 284
f 201 96 95
f 201 96 200
f 201 202 278
f 201 200 278
f 201 202 278
f 201 200 278
f 201 202 104
f 201 200 104
f 201 202 276
f 201 200 276
f 201 202 105
f 201 200 105
f 201 202 105
f 201 200 105
f 201 200 109
f 201 202 107
f 201 109 107
f 201 109 202
f 201 109 202
f 201 200 109
f 201 202 110
f 201 112 110
f 201 200 112
f 201 112 202
f 201 112 202
f 201 200 112
f 201 202 114
f 201 200 114
f 201 202 114
f 201 200 114
f 201 117 202
f 201 200 117
f 201 117 120
f 201 200 117
f 386 287 388
f 386 385 388
f 386 385 287
f 386 288 287
f 386 288 385
f 386 288 290
f 386 288 385
f 386 385 290
f 386 343 292
f 386 385 343
f 386 343 292
f 386 385 343
f 386 385 345
f 386 385 345
f 386 385 346
f 386 385 388
f 386 385 480
f 386 385 480
f 453 385 384
f 453 384 383
f 453 383 382
f 453 454 382
f 453 384 383
f 453 385 479
f 453 386 385
f 453 384 452
f 453 385 384
f 453 383 452
f 453 482 454
f 453 480 482
f 453 480 479
f 453 386 480
f 453 386 480
f 453 386 385
f 453 452 382
f 453 454 382
f 453 483 482
f 453 452 381
f 453 454 381
f 453 483 484
f 453 483 484
f 453 483 452
f 453 483 482
f 453 388 482
f 453 452 379
f 453 454 379
f 453 484 485
f 453 484 485
f 453 378 452
f 453 454 378
f 453 486 485
f 453 486 485
f 453 378 452
f 453 454 378
f 453 487 486
f 453 487 452
f 453 486 454
f 453 487 486
f 453 356 376
f 453 376 374
f 453 454 374
f 453 454 376
f 453 454 356
f 453 556 452
f 453 556 454
f 453 452 376
f 453 356 376
f 453 454 356
f 453 556 452
f 453 556 454
f 453 452 354
f 453 454 354
f 453 558 452
f 453 454 558
f 453 353 452
f 453 353 454
f 453 558 452
f 453 454 558
f 453 353 352
f 453 353 454
f 453 561 452
f 453 561 454
f 453 561 454
f 453 351 352
f 453 351 454
f 453 350 351
f 453 350 351
f 453 350 349
f 453 350 349
f 453 348 349
f 453 348 349
f 453 348 452
f 453 348 454
f 453 346 452
f 453 346 454
f 453 346 454
f 121 122 125
f 121 120 25
f 121 122 25
f 121 120 26
f 121 122 26
f 121 120 26
f 121 122 26
f 121 198 152
f 121 122 198
f 121 85 84
f 121 28 84
f 121 122 28
f 121 122 85
f 121 198 120
f 121 198 120
f 121 122 198
f 121 87 120
f 121 85 87
f 121 28 84
f 121 122 84
f 121 122 28
f 121 122 85
f 121 88 87
f 121 88 122
f 121 88 89
f 121 88 122
f 121 90 122
f 121 90 89
f 121 90 122
f 123 125 28
f 123 122 28
f 123 122 125
f 123 125 28
f 123 122 28
f 123 125 29
f 123 125 124
f 123 122 29
f 123 194 122
f 123 29 73
f 123 124 73
f 123 83 124
f 123 122 83
f 123 83 124
f 123 122 83
f 123 190 124
f 123 190 122
f 123 85 124
f 123 122 85
f 123 190 189
f 123 86 85
f 123 86 122
f 123 89 189
f 123 190 89
f 123 190 122
f 123 86 87
f 123 86 122
f 123 88 89
f 123 88 122
f 123 88 87
f 123 88 122
f 137 136 138
f 137 64 138
f 137 64 136
f 137 64 138
f 137 64 136
f 137 138 67
f 137 136 67
f 137 138 67
f 137 136 67
f 137 138 69
f 137 136 69
f 137 138 70
f 137 136 70
f 137 138 70
f 137 136 70
f 137 138 72
f 137 136 72
f 137 136 72
f 137 72 73
f 137 138 72
f 137 136 73
f 137 136 74
f 137 176 74
f 137 138 176
f 137 177 176
f 137 138 177
f 137 177 76
f 137 136 76
f 137 138 177
f 137 136 138
f 137 177 76
f 137 136 76
f 182 80 184
f 182 130 132
f 182 132 80
f 182 130 80
f 182 131 130
f 182 184 235
f 182 78 235
f 182 77 78
f 182 236 77
f 182 236 237
f 181 133 134
f 181 134 180
f 181 134 132
f 181 182 133
f 181 134 180
f 181 133 134
f 181 132 78
f 181 182 132
f 181 182 78
f 181 77 180
f 181 182 77
f 181 77 180
f 181 242 180
f 181 237 180
f 181 237 77
f 181 182 237
f 181 242 240
f 181 238 237
f 181 182 238
f 181 240 180
f 181 182 240
f 181 238 180
f 181 182 238
f 476 462 473
f 476 561 477
f 476 462 561
f 476 462 561
f 476 462 473
f 476 563 477
f 476 473 563
f 476 462 474
f 476 473 563
f 476 473 474
f 476 462 461
f 476 462 461
f 476 563 477
f 476 460 477
f 476 461 460
f 476 461 460
f 476 477 564
f 476 474 564
f 476 566 477
f 476 566 474
f 476 566 474
f 476 566 567
f 476 566 567
f 476 567 568
f 476 567 477
f 476 569 568
f 476 569 477
f 476 577 477
f 476 569 577
f 476 570 577
f 476 569 570
f 476 569 570
f 640 639 612
f 640 641 600
f 640 639 600
f 640 641 658
f 640 639 658
f 640 715 641
f 640 639 715
f 640 641 3
f 640 639 3
f 640 641 3
f 640 639 3
f 640 641 729
f 640 639 729
f 640 719 641
f 640 639 719
f 640 641 727
f 640 639 727
f 640 641 721
f 640 639 721
f 640 641 727
f 640 639 727
f 640 641 721
f 640 639 721
f 640 641 725
f 640 639 725
f 640 641 722
f 640 641 725
f 640 639 725
f 640 722 723
f 640 639 723
f 640 639 722
f 638 600 637
f 638 639 600
f 638 639 715
f 638 715 617
f 638 635 637
f 638 719 635
f 638 639 719
f 638 637 721
f 638 639 721
f 638 637 721
f 638 639 721
f 638 637 722
f 638 639 722
f 638 637 723
f 638 639 723
f 638 725 637
f 638 639 725
f 638 725 726
f 638 639 725
f 638 727 726
f 638 639 727
f 638 727 637
f 638 639 637
f 638 639 727
f 613 639 612
f 613 612 540
f 613 638 600
f 613 638 639
f 613 638 639
f 613 639 714
f 613 539 600
f 613 539 540
f 613 539 612
f 613 715 714
f 613 715 612
f 613 640 612
f 613 640 639
f 613 640 639
f 613 536 534
f 613 536 534
f 613 612 717
f 613 534 614
f 613 534 612
f 613 429 614
f 713 642 641
f 713 640 641
f 713 640 612
f 713 640 612
f 713 642 714
f 713 642 712
f 713 609 712
f 713 714 644
f 713 712 644
f 713 609 607
f 713 609 712
f 713 645 714
f 713 712 645
f 713 712 605
f 713 645 646
f 713 712 645
f 713 605 607
f 713 646 714
f 713 712 646
f 713 715 607
f 713 714 14
f 713 712 14
f 713 607 327
f 713 715 607
f 713 94 93
f 713 93 329
f 713 714 14
f 713 94 327
f 713 94 715
f 713 94 715
f 713 92 93
f 713 715 92
f 713 710 92
f 713 712 605
f 713 81 14
f 713 712 81
f 713 712 81
f 713 83 714
f 713 712 83
f 713 90 715
f 713 90 715
f 713 90 89
f 713 90 710
f 713 83 714
f 713 712 83
f 713 88 89
f 713 89 710
f 713 90 89
f 713 85 714
f 713 85 712
f 713 88 87
f 713 88 712
f 713 88 712
f 713 88 89
f 713 86 85
f 713 86 85
f 713 86 87
f 713 86 712
f 537 539 598
f 537 536 598
f 537 536 539
f 537 536 600
f 537 536 616
f 537 613 536
f 537 613 536
f 537 536 612
f 537 536 431
f 537 505 503
f 537 536 505
f 537 536 539
f 537 505 504
f 537 536 505
f 601 590 589
f 601 602 589
f 601 590 591
f 601 590 561
f 601 592 591
f 601 590 591
f 601 561 589
f 601 602 561
f 601 590 561
f 601 593 592
f 601 592 591
f 601 591 558
f 601 602 558
f 601 590 558
f 601 602 558
f 601 588 589
f 601 602 588
f 601 602 588
f 601 561 560
f 601 602 561
f 601 590 560
f 601 593 594
f 601 593 592
f 601 592 556
f 601 602 556
f 601 594 656
f 601 593 594
f 601 602 556
f 601 593 556
f 601 655 656
f 601 602 655
f 601 594 554
f 601 602 554
f 601 596 655
f 601 594 595
f 601 594 554
f 601 602 554
f 601 596 654
f 601 602 654
f 601 552 595
f 601 596 552
f 601 602 552
f 601 596 654
f 601 596 552
f 601 602 552
f 601 653 654
f 601 602 653
f 601 596 597
f 601 653 598
f 601 597 550
f 601 602 550
f 601 598 597
f 601 653 598
f 601 602 653
f 601 598 550
f 601 602 550
f 601 598 600
f 601 598 600
f 601 651 600
f 601 602 651
f 601 600 548
f 601 602 548
f 601 651 600
f 601 602 651
f 601 600 548
f 601 602 548
f 601 649 600
f 601 600 547
f 601 605 600
f 601 649 648
f 601 647 648
f 601 647 605
f 601 647 605
f 9 12 10
f 9 88 12
f 9 88 721
f 9 89 12
f 9 88 89
f 9 721 722
f 9 10 721
f 9 88 89
f 9 722 723
f 9 8 722
f 9 10 707
f 9 8 707
f 9 8 10
f 9 89 726
f 9 90 89
f 9 7 723
f 9 7 8
f 9 725 726
f 9 7 725
f 9 7 725
f 9 89 727
f 9 7 727
f 9 90 89
f 9 90 7
f 9 90 10
f 9 90 7
f 9 92 10
f 9 7 92
f 9 92 93
f 9 7 92
f 9 94 93
f 9 94 7
f 9 94 7
f 9 94 95
f 9 94 95
f 9 96 95
f 9 96 95
f 9 10 102
f 9 8 102
f 9 10 15
f 9 8 15
f 9 8 10
f 119 88 89
f 119 88 118
f 119 88 118
f 119 90 89
f 119 118 89
f 119 90 89
f 119 118 92
f 119 121 90
f 119 92 91
f 119 90 91
f 119 121 90
f 119 118 92
f 119 194 118
f 119 120 197
f 119 118 197
f 119 118 120
f 195 224 226
f 195 194 226
f 195 194 224
f 195 197 224
f 195 197 224
f 195 194 197
f 195 194 89
f 195 120 197
f 195 90 224
f 195 90 89
f 195 90 194
f 195 119 120
f 195 119 194
f 195 121 120
f 195 121 194
f 195 90 92
f 195 119 118
f 195 119 194
f 195 194 122
f 195 121 122
f 195 121 194
f 195 92 93
f 195 194 92
f 195 194 92
f 195 90 92
f 195 90 194
f 195 194 116
f 195 94 93
f 195 94 194
f 195 118 117
f 195 116 117
f 195 116 118
f 195 116 95
f 195 94 95
f 195 94 116
f 195 94 194
f 97 20 108
f 97 96 20
f 97 96 19
f 97 96 19
f 97 112 111
f 97 96 111
f 97 96 112
f 97 15 17
f 97 96 15
f 97 96 11
f 97 13 12
f 97 96 13
f 97 15 17
f 97 96 11
f 97 13 15
f 97 96 15
f 97 96 13
f 97 9 96
f 97 9 96
f 97 96 7
f 97 96 7
f 97 96 6
f 97 96 4
f 97 96 4
f 97 96 3
f 97 96 1
f 97 96 1
f 97 96 727
f 97 96 727
f 97 96 725
f 97 96 721
f 97 96 725
f 97 96 721
f 97 96 723
f 97 96 722
f 193 90 89
f 193 90 194
f 193 88 89
f 193 194 88
f 193 90 194
f 193 88 191
f 193 194 88
f 193 194 92
f 193 194 226
f 193 194 226
f 193 119 194
f 193 194 92
f 193 119 92
f 193 119 194
f 193 121 194
f 193 281 228
f 193 194 281
f 193 121 194
f 193 123 194
f 193 123 194
f 193 194 125
f 193 278 281
f 193 194 278
f 193 194 278
f 193 194 133
f 193 194 276
f 193 194 133
f 193 197 273
f 193 194 197
f 193 152 141
f 193 194 152
f 193 197 271
f 193 197 169
f 193 171 169
f 193 156 152
f 193 194 152
f 193 194 156
f 193 163 161
f 193 163 197
f 193 163 197
f 193 160 197
f 193 160 197
f 193 197 158
f 193 156 197
f 193 194 156
f 193 197 158
f 446 445 487
f 446 448 487
f 446 489 445
f 446 445 487
f 446 448 487
f 446 489 445
f 446 448 486
f 446 445 491
f 446 486 485
f 446 448 485
f 446 445 491
f 446 486 390
f 446 445 390
f 446 445 486
f 446 445 389
f 446 448 389
f 446 445 493
f 446 445 389
f 446 494 548
f 446 445 494
f 446 445 548
f 446 494 548
f 446 445 494
f 446 445 550
f 446 386 385
f 446 548 547
f 446 445 547
f 446 445 548
f 446 386 346
f 446 602 552
f 446 602 445
f 446 445 345
f 446 337 445
f 446 602 445
f 446 337 445
f 446 445 343
f 446 445 338
f 446 445 343
f 446 445 340
f 446 445 341
f 446 445 340
f 450 448 485
f 450 389 485
f 450 389 485
f 450 448 389
f 450 486 485
f 450 448 486
f 450 389 388
f 450 448 389
f 450 487 486
f 450 487 488
f 450 386 385
f 450 385 384
f 450 489 552
f 450 384 383
f 450 488 451
f 450 552 488
f 450 489 490
f 450 383 382
f 450 382 381
f 450 554 451
f 450 554 555
f 450 554 555
f 450 555 451
f 450 351 352
f 450 351 352
f 450 350 351
f 450 558 451
f 450 379 381
f 450 352 379
f 450 352 379
f 450 350 349
f 450 561 558
f 450 348 349
f 450 348 347
f 450 602 561
f 450 346 347
f 450 561 341
f 450 345 346
f 450 452 451
f 450 561 452
f 450 561 452
f 450 345 344
f 450 343 451
f 450 343 344
f 387 290 388
f 387 386 290
f 387 386 290
f 387 388 292
f 387 386 292
f 387 388 292
f 387 292 340
f 387 292 340
f 387 386 292
f 387 340 339
f 387 388 339
f 387 388 340
f 387 388 340
f 387 388 341
f 387 343 341
f 387 386 343
f 387 388 343
f 387 386 343
f 387 389 343
f 387 389 388
f 387 386 345
f 387 444 389
f 387 445 345
f 387 444 445
f 387 445 389
f 387 444 445
f 387 446 445
f 387 446 445
f 387 386 345
f 387 446 345
f 387 446 386
f 387 450 448
f 387 450 388
f 387 450 386
f 387 453 388
f 387 453 386
f 387 386 388
f 387 453 388
f 387 453 386
f 183 181 180
f 183 181 133
f 183 181 182
f 183 186 133
f 183 186 133
f 183 182 133
f 183 181 242
f 183 133 131
f 183 133 131
f 183 182 131
f 183 179 139
f 183 179 180
f 183 247 180
f 183 186 242
f 183 186 246
f 183 180 246
f 183 181 180
f 183 181 242
f 183 181 182
f 183 140 139
f 183 186 140
f 183 131 130
f 183 182 131
f 183 140 179
f 183 248 271
f 183 249 248
f 183 180 249
f 183 186 247
f 183 247 180
f 183 186 240
f 183 186 242
f 183 238 240
f 183 186 247
f 183 130 81
f 183 182 130
f 183 186 271
f 183 186 248
f 183 249 267
f 183 180 249
f 183 238 237
f 183 182 238
f 183 238 240
f 183 182 240
f 183 182 238
f 183 80 81
f 183 182 80
f 183 182 80
f 183 140 141
f 183 186 140
f 183 179 267
f 183 179 180
f 183 179 178
f 183 186 178
f 183 236 237
f 183 182 236
f 183 141 179
f 183 236 184
f 183 182 184
f 183 182 236
f 183 141 142
f 183 186 141
f 183 152 142
f 183 186 152
f 183 186 152
f 716 640 639
f 716 640 639
f 716 638 639
f 716 638 639
f 716 640 641
f 716 640 715
f 716 638 717
f 716 638 715
f 716 642 641
f 716 642 715
f 716 715 617
f 716 642 717
f 716 642 715
f 716 634 617
f 716 634 717
f 716 717 644
f 716 715 644
f 716 717 617
f 716 634 617
f 716 634 717
f 716 613 717
f 716 613 715
f 716 717 644
f 716 613 612
f 716 613 715
f 716 645 644
f 716 715 645
f 716 715 645
f 716 717 14
f 716 715 14
f 716 715 14
f 716 85 14
f 716 85 717
f 716 85 715
f 716 609 715
f 716 86 85
f 716 86 85
f 716 717 325
f 716 86 87
f 716 86 715
f 716 326 325
f 716 715 326
f 716 715 326
f 716 96 715
f 716 88 87
f 716 88 715
f 716 96 95
f 716 96 95
f 716 88 89
f 716 88 89
f 716 94 95
f 716 94 95
f 716 90 89
f 716 90 89
f 716 94 93
f 716 94 715
f 716 90 91
f 716 90 715
f 716 92 93
f 716 715 92
f 716 92 91
f 716 715 92
f 718 640 639
f 718 640 639
f 718 638 639
f 718 638 639
f 718 640 641
f 718 640 719
f 718 638 717
f 718 638 719
f 718 642 641
f 718 642 719
f 718 634 717
f 718 634 719
f 718 642 717
f 718 642 719
f 718 634 717
f 718 634 719
f 718 719 707
f 718 632 717
f 718 719 632
f 718 644 707
f 718 717 644
f 718 717 644
f 718 13 717
f 718 632 717
f 718 719 632
f 718 719 12
f 718 13 12
f 718 13 719
f 718 86 13
f 718 717 628
f 718 719 628
f 718 86 87
f 718 86 719
f 718 13 717
f 718 86 717
f 718 86 13
f 718 717 622
f 718 719 622
f 718 88 87
f 718 88 719
f 718 717 622
f 718 719 622
f 718 88 89
f 718 88 89
f 718 618 717
f 718 719 618
f 718 90 89
f 718 90 89
f 718 618 717
f 718 719 618
f 718 90 91
f 718 92 91
f 718 90 91
f 718 90 719
f 718 719 429
f 718 92 93
f 718 92 91
f 718 613 717
f 718 613 429
f 718 719 429
f 718 94 93
f 718 92 93
f 718 613 717
f 718 613 429
f 718 429 323
f 718 94 95
f 718 94 93
f 718 324 323
f 718 324 717
f 718 719 323
f 718 96 95
f 718 94 95
f 718 96 95
f 611 713 612
f 611 713 642
f 611 642 641
f 611 641 600
f 611 713 612
f 611 642 712
f 611 713 712
f 611 713 642
f 611 541 600
f 611 612 541
f 611 640 641
f 611 640 612
f 611 640 612
f 611 715 612
f 611 713 609
f 611 713 609
f 611 540 541
f 611 612 540
f 611 609 715
f 611 716 715
f 611 539 540
f 611 539 612
f 611 716 609
f 611 716 609
f 611 537 612
f 611 612 717
f 611 716 717
f 611 716 612
f 538 539 600
f 538 537 600
f 538 537 539
f 538 537 616
f 538 613 539
f 538 537 613
f 538 613 539
f 538 537 613
f 538 611 539
f 538 611 537
f 538 611 539
f 538 539 609
f 538 611 609
f 538 611 609
f 538 611 537
f 538 609 540
f 538 539 609
f 538 537 431
f 538 540 431
f 538 539 540
f 538 539 503
f 538 537 503
f 538 539 504
f 538 537 504
f 538 537 539
f 615 537 536
f 615 537 536
f 615 536 535
f 615 536 616
f 615 538 537
f 615 538 537
f 615 534 535
f 615 534 616
f 615 538 616
f 615 534 533
f 615 534 533
f 615 600 637
f 615 539 600
f 615 538 539
f 615 538 539
f 615 638 637
f 615 636 600
f 615 636 616
f 615 429 533
f 615 429 533
f 615 533 531
f 615 533 616
f 615 638 635
f 615 636 635
f 615 636 616
f 615 429 531
f 615 638 715
f 615 638 715
f 615 616 617
f 615 638 617
f 615 429 614
f 615 429 617
f 615 716 715
f 615 716 715
f 615 719 614
f 615 719 617
f 615 716 717
f 615 716 717
f 615 718 719
f 615 718 719
f 615 718 717
f 615 718 717
f 604 649 648
f 604 601 605
f 604 601 649
f 604 648 650
f 604 605 648
f 604 605 709
f 604 601 547
f 604 601 605
f 604 710 605
f 604 602 710
f 604 605 545
f 604 602 710
f 604 605 545
f 604 710 329
f 604 602 330
f 604 605 543
f 604 329 330
f 604 605 329
f 604 713 710
f 604 330 431
f 604 605 431
f 604 605 543
f 604 605 329
f 604 713 329
f 604 713 605
f 604 710 605
f 604 713 605
f 604 713 710
f 100 108 110
f 100 97 108
f 100 109 108
f 100 109 102
f 100 19 102
f 100 109 102
f 100 19 20
f 100 97 20
f 100 97 19
f 100 19 102
f 100 97 19
f 100 11 102
f 100 102 15
f 100 97 15
f 100 102 17
f 100 97 17
f 100 11 10
f 100 102 17
f 100 97 17
f 100 9 10
f 100 8 102
f 100 9 8
f 100 7 8
f 100 7 6
f 100 6 5
f 100 4 5
f 100 4 101
f 100 101 3
f 100 1 101
f 100 1 101
f 100 101 729
f 100 727 101
f 100 727 726
f 100 725 726
f 100 725 101
f 100 101 723
f 100 101 722
f 100 721 101
f 100 211 721
f 100 211 721
f 100 211 321
f 98 112 110
f 98 97 112
f 98 112 109
f 98 198 112
f 98 198 112
f 98 97 96
f 98 96 198
f 98 112 196
f 98 96 196
f 98 96 112
f 98 96 198
f 98 96 200
f 98 201 96
f 98 201 96
f 98 96 203
f 98 96 203
f 98 204 203
f 98 96 206
f 98 96 211
f 98 211 208
f 98 96 211
f 98 213 212
f 98 96 213
f 98 96 213
f 98 324 212
f 98 716 96
f 98 324 323
f 98 324 717
f 98 716 717
f 98 716 96
f 98 718 324
f 98 718 323
f 98 718 324
f 98 718 96
f 98 97 96
f 98 718 96
f 98 97 721
f 98 97 721
f 98 97 722
f 98 97 723
f 98 97 725
f 98 97 725
f 98 97 727
f 98 97 727
f 98 97 1
f 98 97 1
f 98 97 3
f 98 97 4
f 98 97 4
f 98 97 6
f 98 97 7
f 98 97 7
f 98 97 9
f 98 97 9
f 192 90 91
f 192 193 90
f 192 193 90
f 192 92 91
f 192 193 92
f 192 119 92
f 192 193 119
f 192 119 121
f 192 121 122
f 192 193 121
f 192 119 121
f 192 193 121
f 192 193 119
f 192 123 122
f 192 193 123
f 192 193 123
f 192 125 124
f 192 123 124
f 192 123 125
f 192 193 125
f 192 125 128
f 192 190 128
f 192 190 125
f 192 190 125
f 192 190 131
f 192 190 233
f 192 190 236
f 192 133 131
f 192 193 133
f 192 133 190
f 192 190 230
f 192 190 191
f 192 233 230
f 192 236 233
f 192 190 238
f 192 133 190
f 192 193 133
f 192 191 228
f 192 233 281
f 192 233 278
f 192 193 278
f 192 238 236
f 192 190 238
f 192 193 141
f 192 281 228
f 192 193 281
f 192 191 228
f 192 193 228
f 192 233 281
f 192 193 281
f 192 238 240
f 192 140 141
f 192 190 140
f 192 190 140
f 192 190 141
f 192 191 226
f 192 193 226
f 192 240 278
f 192 190 240
f 192 193 278
f 192 152 141
f 192 193 152
f 192 190 152
f 192 191 226
f 192 193 226
f 192 193 191
f 192 278 276
f 192 190 276
f 192 190 276
f 192 193 276
f 192 190 156
f 192 193 156
f 192 190 273
f 192 193 273
f 192 190 156
f 192 190 271
f 192 193 271
f 192 160 156
f 192 193 160
f 192 160 156
f 192 193 160
f 192 171 173
f 192 190 173
f 192 171 161
f 192 193 161
f 192 193 171
f 192 173 177
f 192 171 173
f 192 193 171
f 192 156 159
f 192 193 156
f 192 186 177
f 192 186 190
f 192 186 173
f 192 186 190
f 192 158 159
f 192 193 158
f 192 193 158
f 447 448 489
f 447 446 489
f 447 446 448
f 447 448 489
f 447 446 489
f 447 448 491
f 447 446 491
f 447 446 491
f 447 491 550
f 447 448 491
f 447 446 493
f 447 550 493
f 447 550 493
f 447 548 493
f 447 446 548
f 447 446 548
f 447 446 550
f 447 448 550
f 447 552 550
f 447 446 552
f 447 448 552
f 447 448 552
f 447 602 552
f 447 446 602
f 447 602 555
f 447 448 555
f 447 448 602
f 447 602 338
f 447 448 602
f 447 602 337
f 447 446 337
f 447 446 338
f 447 602 337
f 447 446 337
f 447 446 602
f 447 448 340
f 447 446 340
f 447 448 340
f 447 446 340
f 447 448 341
f 447 446 341
f 447 448 343
f 447 446 343
f 447 448 343
f 447 446 343
f 447 448 345
f 447 446 345
f 447 448 345
f 447 446 345
f 447 448 346
f 447 446 346
f 447 446 385
f 447 385 384
f 447 448 385
f 447 386 448
f 447 446 386
f 447 384 348
f 447 448 348
f 447 448 384
f 447 387 386
f 447 387 446
f 447 387 448
f 447 387 446
f 447 448 389
f 447 446 389
f 447 446 448
f 449 386 448
f 449 450 386
f 449 448 385
f 449 450 385
f 449 387 386
f 449 387 450
f 449 387 450
f 449 448 384
f 449 450 384
f 449 448 383
f 449 450 383
f 449 450 382
f 449 350 382
f 449 350 349
f 449 448 349
f 449 350 351
f 449 450 351
f 449 450 350
f 449 450 350
f 449 448 348
f 449 450 348
f 449 448 348
f 449 450 348
f 449 448 346
f 449 450 346
f 449 448 345
f 449 450 345
f 449 448 345
f 449 450 345
f 449 448 343
f 449 450 343
f 449 448 343
f 449 450 343
f 449 448 341
f 449 450 341
f 449 448 340
f 449 602 340
f 449 450 602
f 449 602 340
f 449 448 340
f 449 448 602
f 449 602 555
f 449 448 602
f 449 602 558
f 449 450 558
f 449 450 555
f 449 602 561
f 449 450 561
f 449 450 602
f 449 448 555
f 449 450 555
f 449 448 552
f 449 450 552
f 449 448 552
f 449 490 552
f 449 450 490
f 449 490 550
f 449 448 550
f 449 448 489
f 449 450 489
f 449 491 490
f 449 448 491
f 449 448 491
f 449 448 489
f 449 450 489
f 449 448 487
f 449 450 487
f 449 448 487
f 449 450 487
f 449 450 448
f 603 601 602
f 603 604 601
f 603 602 547
f 603 604 547
f 603 601 602
f 603 602 545
f 603 604 545
f 603 602 650
f 603 604 650
f 603 601 649
f 603 604 649
f 603 604 601
f 603 602 543
f 603 602 709
f 603 604 709
f 603 604 602
f 603 543 545
f 603 604 545
f 603 604 543
f 603 602 543
f 603 604 543
f 603 604 602
f 99 98 110
f 99 98 97
f 99 100 110
f 99 100 97
f 99 100 109
f 99 98 109
f 99 100 109
f 99 97 11
f 99 97 11
f 99 98 97
f 99 100 11
f 99 198 109
f 99 98 198
f 99 11 12
f 99 100 11
f 99 97 12
f 99 100 97
f 99 100 9
f 99 98 9
f 99 198 199
f 99 98 198
f 99 208 210
f 99 206 208
f 99 98 206
f 99 98 208
f 99 100 9
f 99 98 9
f 99 200 199
f 99 98 200
f 99 211 210
f 99 100 211
f 99 204 206
f 99 98 204
f 99 98 211
f 99 100 7
f 99 98 7
f 99 201 200
f 99 98 201
f 99 204 203
f 99 98 204
f 99 100 7
f 99 98 7
f 99 201 202
f 99 98 201
f 99 203 202
f 99 98 203
f 99 211 322
f 99 100 211
f 99 211 322
f 99 98 211
f 99 100 6
f 99 98 6
f 99 322 321
f 99 100 321
f 99 322 323
f 99 98 323
f 99 322 323
f 99 98 323
f 99 100 721
f 99 98 721
f 99 100 4
f 99 98 4
f 99 100 721
f 99 98 721
f 99 100 4
f 99 98 4
f 99 100 722
f 99 98 722
f 99 100 3
f 99 98 3
f 99 100 723
f 99 98 723
f 99 100 1
f 99 98 1
f 99 100 725
f 99 98 725
f 99 100 1
f 99 100 725
f 99 98 725
f 99 1 729
f 99 98 1
f 99 100 729
f 99 100 727
f 99 98 727
f 99 100 727
f 99 98 727
