# King Wen sovereign avatar mesh
# hex58_phase4.ply
# vertices=729 faces=21568
o kingwen_avatar
v 0.179909 0.000163 0.089677 0.301961 0.305882 0.309804
v 0.181766 0.001733 0.089646 0.301961 0.305882 0.309804
v 0.183605 0.003334 0.089556 0.301961 0.305882 0.309804
v 0.185420 0.004966 0.089406 0.301961 0.305882 0.309804
v 0.187205 0.006630 0.089196 0.301961 0.305882 0.309804
v 0.188956 0.008324 0.088927 0.301961 0.305882 0.309804
v 0.190666 0.010047 0.088598 0.301961 0.305882 0.309804
v 0.192331 0.011798 0.088210 0.301961 0.305882 0.309804
v 0.193946 0.013576 0.087763 0.301961 0.305882 0.309804
v 0.195506 0.015379 0.087257 0.301961 0.305882 0.309804
v 0.197006 0.017207 0.086693 0.301961 0.305882 0.309804
v 0.198440 0.019056 0.086071 0.301961 0.305882 0.309804
v 0.199806 0.020927 0.085392 0.301961 0.305882 0.309804
v 0.201098 0.022815 0.084655 0.301961 0.305882 0.309804
v 0.202313 0.024720 0.083862 0.301961 0.305882 0.309804
v 0.202953 0.026575 0.082812 0.301961 0.305882 0.309804
v 0.203999 0.028502 0.081910 0.301961 0.305882 0.309804
v 0.204955 0.030438 0.080953 0.301961 0.305882 0.309804
v 0.205820 0.032380 0.079942 0.301961 0.305882 0.309804
v 0.206590 0.034328 0.078877 0.301961 0.305882 0.309804
v 0.207262 0.036277 0.077760 0.301961 0.305882 0.309804
v 0.214393 0.039431 0.079007 0.301961 0.305882 0.309804
v 0.244201 0.047091 0.088359 0.301961 0.305882 0.309804
v 0.259824 0.052429 0.092264 0.301961 0.305882 0.309804
v 0.266741 0.056220 0.092917 0.301961 0.305882 0.309804
v 0.267952 0.058890 0.091516 0.301961 0.305882 0.309804
v 0.268010 0.061327 0.089700 0.301961 0.305882 0.309804
v 0.268436 0.063862 0.087991 0.301961 0.305882 0.309804
v 0.267707 0.066130 0.085891 0.301961 0.305882 0.309804
v 0.267346 0.068489 0.083900 0.301961 0.305882 0.309804
v 0.266844 0.070816 0.081852 0.301961 0.305882 0.309804
v 0.266203 0.073105 0.079750 0.301961 0.305882 0.309804
v 0.265424 0.075356 0.077595 0.301961 0.305882 0.309804
v 0.264507 0.077564 0.075387 0.301961 0.305882 0.309804
v 0.262956 0.079575 0.072991 0.301961 0.305882 0.309804
v 0.261773 0.081685 0.070689 0.301961 0.305882 0.309804
v 0.259964 0.083585 0.068210 0.301961 0.305882 0.309804
v 0.258033 0.085423 0.065694 0.301961 0.305882 0.309804
v 0.256472 0.087365 0.063264 0.301961 0.305882 0.309804
v 0.254305 0.089079 0.060676 0.301961 0.305882 0.309804
v 0.252026 0.090726 0.058056 0.301961 0.305882 0.309804
v 0.249642 0.092305 0.055408 0.301961 0.305882 0.309804
v 0.247157 0.093815 0.052732 0.301961 0.305882 0.309804
v 0.244576 0.095254 0.050031 0.301961 0.305882 0.309804
v 0.242371 0.096808 0.047398 0.301961 0.305882 0.309804
v 0.239610 0.098107 0.044647 0.301961 0.305882 0.309804
v 0.236312 0.099143 0.041795 0.301961 0.305882 0.309804
v 0.233403 0.100296 0.039012 0.301961 0.305882 0.309804
v 0.229978 0.101181 0.036143 0.301961 0.305882 0.309804
v 0.226945 0.102189 0.033336 0.301961 0.305882 0.309804
v 0.223419 0.102926 0.030457 0.301961 0.305882 0.309804
v 0.220287 0.103794 0.027634 0.301961 0.305882 0.309804
v 0.216686 0.104388 0.024754 0.301961 0.305882 0.309804
v 0.213060 0.104913 0.021880 0.301961 0.305882 0.309804
v 0.209830 0.105580 0.019051 0.301961 0.305882 0.309804
v 0.205758 0.105763 0.016155 0.301961 0.305882 0.309804
v 0.202095 0.106092 0.013308 0.301961 0.305882 0.309804
v 0.198433 0.106362 0.010475 0.301961 0.305882 0.309804
v 0.194778 0.106575 0.007657 0.301961 0.305882 0.309804
v 0.191136 0.106733 0.004855 0.301961 0.305882 0.309804
v 0.187894 0.107059 0.002077 0.301961 0.305882 0.309804
v 0.184666 0.107339 -0.000691 0.301961 0.305882 0.309804
v 0.181456 0.107578 -0.003448 0.301961 0.305882 0.309804
v 0.178270 0.107779 -0.006192 0.301961 0.305882 0.309804
v 0.175114 0.107945 -0.008920 0.301961 0.305882 0.309804
v 0.171992 0.108080 -0.011632 0.301961 0.305882 0.309804
v 0.168911 0.108188 -0.014325 0.301961 0.305882 0.309804
v 0.165873 0.108273 -0.016997 0.301961 0.305882 0.309804
v 0.162884 0.108339 -0.019647 0.301961 0.305882 0.309804
v 0.159617 0.108166 -0.022227 0.301961 0.305882 0.309804
v 0.156418 0.107981 -0.024771 0.301961 0.305882 0.309804
v 0.153290 0.107789 -0.027276 0.301961 0.305882 0.309804
v 0.150236 0.107593 -0.029742 0.301961 0.305882 0.309804
v 0.147569 0.107624 -0.032234 0.301961 0.305882 0.309804
v 0.144360 0.107207 -0.034547 0.301961 0.305882 0.309804
v 0.141844 0.107253 -0.036963 0.301961 0.305882 0.309804
v 0.139106 0.107084 -0.039260 0.301961 0.305882 0.309804
v 0.136453 0.106932 -0.041510 0.301961 0.305882 0.309804
v 0.133886 0.106801 -0.043712 0.301961 0.305882 0.309804
v 0.131406 0.106694 -0.045864 0.301961 0.305882 0.309804
v 0.129014 0.106614 -0.047966 0.301961 0.305882 0.309804
v 0.126986 0.106797 -0.050124 0.301961 0.305882 0.309804
v 0.124766 0.106783 -0.052125 0.301961 0.305882 0.309804
v 0.122903 0.107040 -0.054191 0.301961 0.305882 0.309804
v 0.121120 0.107340 -0.056211 0.301961 0.305882 0.309804
v 0.119417 0.107685 -0.058184 0.301961 0.305882 0.309804
v 0.117794 0.108079 -0.060109 0.301961 0.305882 0.309804
v 0.116506 0.108763 -0.062121 0.301961 0.305882 0.309804
v 0.115290 0.109503 -0.064092 0.301961 0.305882 0.309804
v 0.114145 0.110303 -0.066020 0.301961 0.305882 0.309804
v 0.113319 0.111409 -0.068052 0.301961 0.305882 0.309804
v 0.112556 0.112583 -0.070048 0.301961 0.305882 0.309804
v 0.111857 0.113827 -0.072004 0.301961 0.305882 0.309804
v 0.111218 0.115144 -0.073920 0.301961 0.305882 0.309804
v 0.110639 0.116537 -0.075794 0.301961 0.305882 0.309804
v 0.109878 0.117749 -0.077456 0.301961 0.305882 0.309804
v 0.109413 0.119293 -0.079238 0.301961 0.305882 0.309804
v 0.109000 0.120917 -0.080974 0.301961 0.305882 0.309804
v 0.108637 0.122620 -0.082663 0.301961 0.305882 0.309804
v 0.108321 0.124405 -0.084303 0.301961 0.305882 0.309804
v 0.108049 0.126271 -0.085892 0.301961 0.305882 0.309804
v 0.107587 0.127944 -0.087243 0.301961 0.305882 0.309804
v 0.107163 0.129690 -0.088535 0.301961 0.305882 0.309804
v 0.107005 0.131793 -0.089961 0.301961 0.305882 0.309804
v 0.106648 0.133688 -0.091137 0.301961 0.305882 0.309804
v 0.106318 0.135654 -0.092252 0.301961 0.305882 0.309804
v 0.106012 0.137689 -0.093305 0.301961 0.305882 0.309804
v 0.105725 0.139791 -0.094296 0.301961 0.305882 0.309804
v 0.105680 0.142262 -0.095428 0.301961 0.305882 0.309804
v 0.105420 0.144494 -0.096294 0.301961 0.305882 0.309804
v 0.104942 0.146472 -0.096888 0.301961 0.305882 0.309804
v 0.104692 0.148815 -0.097623 0.301961 0.305882 0.309804
v 0.104217 0.150886 -0.098082 0.301961 0.305882 0.309804
v 0.103962 0.153324 -0.098686 0.301961 0.305882 0.309804
v 0.103475 0.155473 -0.099009 0.301961 0.305882 0.309804
v 0.103198 0.157992 -0.099479 0.301961 0.305882 0.309804
v 0.102682 0.160202 -0.099667 0.301961 0.305882 0.309804
v 0.102148 0.162433 -0.099787 0.301961 0.305882 0.309804
v 0.101811 0.165037 -0.100056 0.301961 0.305882 0.309804
v 0.101226 0.167300 -0.100041 0.301961 0.305882 0.309804
v 0.100613 0.169570 -0.099958 0.301961 0.305882 0.309804
v 0.099967 0.171840 -0.099807 0.301961 0.305882 0.309804
v 0.099286 0.174107 -0.099590 0.301961 0.305882 0.309804
v 0.098568 0.176364 -0.099307 0.301961 0.305882 0.309804
v 0.097810 0.178606 -0.098957 0.301961 0.305882 0.309804
v 0.097009 0.180828 -0.098542 0.301961 0.305882 0.309804
v 0.096164 0.183024 -0.098063 0.301961 0.305882 0.309804
v 0.095273 0.185189 -0.097519 0.301961 0.305882 0.309804
v 0.094126 0.186904 -0.096696 0.301961 0.305882 0.309804
v 0.093140 0.188986 -0.096027 0.301961 0.305882 0.309804
v 0.092105 0.191021 -0.095295 0.301961 0.305882 0.309804
v 0.090815 0.192574 -0.094291 0.301961 0.305882 0.309804
v 0.089680 0.194496 -0.093439 0.301961 0.305882 0.309804
v 0.088492 0.196356 -0.092528 0.301961 0.305882 0.309804
v 0.087057 0.197703 -0.091351 0.301961 0.305882 0.309804
v 0.085380 0.198519 -0.089917 0.301961 0.305882 0.309804
v 0.083854 0.199697 -0.088636 0.301961 0.305882 0.309804
v 0.082283 0.200786 -0.087304 0.301961 0.305882 0.309804
v 0.080853 0.202249 -0.086120 0.301961 0.305882 0.309804
v 0.079557 0.204094 -0.085079 0.301961 0.305882 0.309804
v 0.078027 0.205383 -0.083788 0.301961 0.305882 0.309804
v 0.076627 0.207056 -0.082637 0.301961 0.305882 0.309804
v 0.075176 0.208640 -0.081430 0.301961 0.305882 0.309804
v 0.073673 0.210130 -0.080169 0.301961 0.305882 0.309804
v 0.072121 0.211524 -0.078854 0.301961 0.305882 0.309804
v 0.070522 0.212819 -0.077486 0.301961 0.305882 0.309804
v 0.068876 0.214011 -0.076067 0.301961 0.305882 0.309804
v 0.067187 0.215099 -0.074597 0.301961 0.305882 0.309804
v 0.065607 0.216577 -0.073245 0.301961 0.305882 0.309804
v 0.063832 0.217451 -0.071672 0.301961 0.305882 0.309804
v 0.062019 0.218213 -0.070052 0.301961 0.305882 0.309804
v 0.060310 0.219367 -0.068541 0.301961 0.305882 0.309804
v 0.058426 0.219905 -0.066824 0.301961 0.305882 0.309804
v 0.056512 0.220328 -0.065062 0.301961 0.305882 0.309804
v 0.054695 0.221142 -0.063402 0.301961 0.305882 0.309804
v 0.052725 0.221336 -0.061550 0.301961 0.305882 0.309804
v 0.050733 0.221414 -0.059657 0.301961 0.305882 0.309804
v 0.048834 0.221884 -0.057856 0.301961 0.305882 0.309804
v 0.046803 0.221732 -0.055880 0.301961 0.305882 0.309804
v 0.044861 0.221973 -0.053990 0.301961 0.305882 0.309804
v 0.042802 0.221595 -0.051936 0.301961 0.305882 0.309804
v 0.040736 0.221107 -0.049847 0.301961 0.305882 0.309804
v 0.038754 0.221013 -0.047834 0.301961 0.305882 0.309804
v 0.036678 0.220308 -0.045675 0.301961 0.305882 0.309804
v 0.034683 0.219998 -0.043585 0.301961 0.305882 0.309804
v 0.032608 0.219086 -0.041361 0.301961 0.305882 0.309804
v 0.030610 0.218570 -0.039199 0.301961 0.305882 0.309804
v 0.028547 0.217463 -0.036917 0.301961 0.305882 0.309804
v 0.026557 0.216753 -0.034688 0.301961 0.305882 0.309804
v 0.024573 0.215951 -0.032426 0.301961 0.305882 0.309804
v 0.022546 0.214575 -0.030064 0.301961 0.305882 0.309804
v 0.020585 0.213600 -0.027744 0.301961 0.305882 0.309804
v 0.018636 0.212544 -0.025395 0.301961 0.305882 0.309804
v 0.016665 0.210937 -0.022967 0.301961 0.305882 0.309804
v 0.014752 0.209735 -0.020570 0.301961 0.305882 0.309804
v 0.012830 0.208000 -0.018107 0.301961 0.305882 0.309804
v 0.010961 0.206671 -0.015668 0.301961 0.305882 0.309804
v 0.009093 0.204827 -0.013177 0.301961 0.305882 0.309804
v 0.007273 0.203392 -0.010702 0.301961 0.305882 0.309804
v 0.005465 0.201462 -0.008190 0.301961 0.305882 0.309804
v 0.003699 0.199944 -0.005686 0.301961 0.305882 0.309804
v 0.001959 0.198390 -0.003167 0.301961 0.305882 0.309804
v 0.000246 0.196806 -0.000635 0.301961 0.305882 0.309804
v -0.001437 0.194768 0.001905 0.301961 0.305882 0.309804
v -0.003091 0.193146 0.004452 0.301961 0.305882 0.309804
v -0.004718 0.191512 0.007008 0.301961 0.305882 0.309804
v -0.006303 0.189455 0.009549 0.301961 0.305882 0.309804
v -0.007871 0.187818 0.012110 0.301961 0.305882 0.309804
v -0.009412 0.186186 0.014674 0.301961 0.305882 0.309804
v -0.010903 0.184162 0.017202 0.301961 0.305882 0.309804
v -0.012389 0.182562 0.019760 0.301961 0.305882 0.309804
v -0.013851 0.180984 0.022317 0.301961 0.305882 0.309804
v -0.015290 0.179434 0.024869 0.301961 0.305882 0.309804
v -0.016707 0.177917 0.027415 0.301961 0.305882 0.309804
v -0.018065 0.176055 0.029889 0.301961 0.305882 0.309804
v -0.019441 0.174623 0.032413 0.301961 0.305882 0.309804
v -0.020800 0.173239 0.034926 0.301961 0.305882 0.309804
v -0.022145 0.171907 0.037425 0.301961 0.305882 0.309804
v -0.023477 0.170633 0.039910 0.301961 0.305882 0.309804
v -0.024746 0.169055 0.042288 0.301961 0.305882 0.309804
v -0.026058 0.167911 0.044733 0.301961 0.305882 0.309804
v -0.027365 0.166836 0.047159 0.301961 0.305882 0.309804
v -0.028670 0.165833 0.049563 0.301961 0.305882 0.309804
v -0.029974 0.164907 0.051944 0.301961 0.305882 0.309804
v -0.031215 0.163709 0.054184 0.301961 0.305882 0.309804
v -0.032526 0.162946 0.056508 0.301961 0.305882 0.309804
v -0.033846 0.162267 0.058804 0.301961 0.305882 0.309804
v -0.035178 0.161674 0.061070 0.301961 0.305882 0.309804
v -0.036524 0.161170 0.063304 0.301961 0.305882 0.309804
v -0.037808 0.160415 0.065367 0.301961 0.305882 0.309804
v -0.039189 0.160093 0.067528 0.301961 0.305882 0.309804
v -0.040595 0.159862 0.069653 0.301961 0.305882 0.309804
v -0.042026 0.159724 0.071740 0.301961 0.305882 0.309804
v -0.043396 0.159344 0.073632 0.301961 0.305882 0.309804
v -0.044886 0.159392 0.075633 0.301961 0.305882 0.309804
v -0.046411 0.159532 0.077592 0.301961 0.305882 0.309804
v -0.047974 0.159764 0.079507 0.301961 0.305882 0.309804
v -0.049473 0.159752 0.081205 0.301961 0.305882 0.309804
v -0.051115 0.160163 0.083023 0.301961 0.305882 0.309804
v -0.052692 0.160327 0.084615 0.301961 0.305882 0.309804
v -0.054422 0.160910 0.086331 0.301961 0.305882 0.309804
v -0.056085 0.161239 0.087812 0.301961 0.305882 0.309804
v -0.057790 0.161647 0.089235 0.301961 0.305882 0.309804
v -0.059665 0.162468 0.090786 0.301961 0.305882 0.309804
v -0.061466 0.163023 0.092091 0.301961 0.305882 0.309804
v -0.063446 0.163986 0.093529 0.301961 0.305882 0.309804
v -0.065346 0.164673 0.094712 0.301961 0.305882 0.309804
v -0.067295 0.165420 0.095832 0.301961 0.305882 0.309804
v -0.069438 0.166566 0.097089 0.301961 0.305882 0.309804
v -0.071490 0.167418 0.098082 0.301961 0.305882 0.309804
v -0.073744 0.168664 0.099214 0.301961 0.305882 0.309804
v -0.075899 0.169603 0.100078 0.301961 0.305882 0.309804
v -0.078102 0.170576 0.100874 0.301961 0.305882 0.309804
v -0.080354 0.171579 0.101602 0.301961 0.305882 0.309804
v -0.082653 0.172605 0.102263 0.301961 0.305882 0.309804
v -0.085172 0.174008 0.103067 0.301961 0.305882 0.309804
v -0.087566 0.175067 0.103592 0.301961 0.305882 0.309804
v -0.090002 0.176133 0.104047 0.301961 0.305882 0.309804
v -0.092479 0.177200 0.104433 0.301961 0.305882 0.309804
v -0.094994 0.178263 0.104749 0.301961 0.305882 0.309804
v -0.097545 0.179315 0.104994 0.301961 0.305882 0.309804
v -0.100337 0.180723 0.105387 0.301961 0.305882 0.309804
v -0.102746 0.181366 0.105275 0.301961 0.305882 0.309804
v -0.105390 0.182354 0.105310 0.301961 0.305882 0.309804
v -0.108281 0.183687 0.105491 0.301961 0.305882 0.309804
v -0.110976 0.184606 0.105385 0.301961 0.305882 0.309804
v -0.113689 0.185482 0.105208 0.301961 0.305882 0.309804
v -0.116416 0.186310 0.104961 0.301961 0.305882 0.309804
v -0.119154 0.187085 0.104644 0.301961 0.305882 0.309804
v -0.121898 0.187801 0.104257 0.301961 0.305882 0.309804
v -0.124644 0.188456 0.103801 0.301961 0.305882 0.309804
v -0.127388 0.189043 0.103275 0.301961 0.305882 0.309804
v -0.130127 0.189559 0.102680 0.301961 0.305882 0.309804
v -0.132855 0.190000 0.102016 0.301961 0.305882 0.309804
v -0.135568 0.190362 0.101284 0.301961 0.305882 0.309804
v -0.138262 0.190643 0.100485 0.301961 0.305882 0.309804
v -0.140932 0.190837 0.099618 0.301961 0.305882 0.309804
v -0.143574 0.190944 0.098685 0.301961 0.305882 0.309804
v -0.145882 0.190566 0.097485 0.301961 0.305882 0.309804
v -0.148449 0.190488 0.096423 0.301961 0.305882 0.309804
v -0.150974 0.190315 0.095296 0.301961 0.305882 0.309804
v -0.153452 0.190045 0.094106 0.301961 0.305882 0.309804
v -0.155559 0.189286 0.092661 0.301961 0.305882 0.309804
v -0.157928 0.188818 0.091349 0.301961 0.305882 0.309804
v -0.159907 0.187861 0.089789 0.301961 0.305882 0.309804
v -0.162150 0.187194 0.088359 0.301961 0.305882 0.309804
v -0.164326 0.186425 0.086869 0.301961 0.305882 0.309804
v -0.166432 0.185555 0.085321 0.301961 0.305882 0.309804
v -0.168115 0.184203 0.083543 0.301961 0.305882 0.309804
v -0.170065 0.183134 0.081886 0.301961 0.305882 0.309804
v -0.171935 0.181966 0.080174 0.301961 0.305882 0.309804
v -0.173722 0.180700 0.078408 0.301961 0.305882 0.309804
v -0.175422 0.179338 0.076590 0.301961 0.305882 0.309804
v -0.177033 0.177881 0.074721 0.301961 0.305882 0.309804
v -0.178552 0.176331 0.072802 0.301961 0.305882 0.309804
v -0.179979 0.174690 0.070835 0.301961 0.305882 0.309804
v -0.181309 0.172960 0.068820 0.301961 0.305882 0.309804
v -0.182542 0.171146 0.066759 0.301961 0.305882 0.309804
v -0.183677 0.169248 0.064653 0.301961 0.305882 0.309804
v -0.184713 0.167271 0.062504 0.301961 0.305882 0.309804
v -0.185648 0.165218 0.060313 0.301961 0.305882 0.309804
v -0.186482 0.163092 0.058082 0.301961 0.305882 0.309804
v -0.187214 0.160897 0.055812 0.301961 0.305882 0.309804
v -0.187846 0.158636 0.053505 0.301961 0.305882 0.309804
v -0.188377 0.156314 0.051162 0.301961 0.305882 0.309804
v -0.188808 0.153935 0.048785 0.301961 0.305882 0.309804
v -0.189140 0.151503 0.046375 0.301961 0.305882 0.309804
v -0.189767 0.149330 0.044025 0.301961 0.305882 0.309804
v -0.189905 0.146799 0.041550 0.301961 0.305882 0.309804
v -0.189949 0.144228 0.039046 0.301961 0.305882 0.309804
v -0.189900 0.141621 0.036517 0.301961 0.305882 0.309804
v -0.189761 0.138983 0.033963 0.301961 0.305882 0.309804
v -0.189534 0.136318 0.031386 0.301961 0.305882 0.309804
v -0.189224 0.133631 0.028788 0.301961 0.305882 0.309804
v -0.188832 0.130927 0.026171 0.301961 0.305882 0.309804
v -0.188753 0.128474 0.023585 0.301961 0.305882 0.309804
v -0.188209 0.125741 0.020929 0.301961 0.305882 0.309804
v -0.187595 0.123004 0.018258 0.301961 0.305882 0.309804
v -0.186915 0.120266 0.015576 0.301961 0.305882 0.309804
v -0.186174 0.117533 0.012882 0.301961 0.305882 0.309804
v -0.185376 0.114807 0.010180 0.301961 0.305882 0.309804
v -0.184908 0.112324 0.007487 0.301961 0.305882 0.309804
v -0.184010 0.109620 0.004767 0.301961 0.305882 0.309804
v -0.183070 0.106935 0.002044 0.301961 0.305882 0.309804
v -0.182093 0.104273 -0.000681 0.301961 0.305882 0.309804
v -0.181085 0.101637 -0.003406 0.301961 0.305882 0.309804
v -0.180423 0.099234 -0.006141 0.301961 0.305882 0.309804
v -0.179367 0.096653 -0.008865 0.301961 0.305882 0.309804
v -0.178297 0.094107 -0.011584 0.301961 0.305882 0.309804
v -0.177217 0.091599 -0.014295 0.301961 0.305882 0.309804
v -0.176498 0.089314 -0.017032 0.301961 0.305882 0.309804
v -0.175416 0.086882 -0.019728 0.301961 0.305882 0.309804
v -0.174342 0.084493 -0.022411 0.301961 0.305882 0.309804
v -0.173283 0.082150 -0.025080 0.301961 0.305882 0.309804
v -0.172597 0.080017 -0.027789 0.301961 0.305882 0.309804
v -0.171580 0.077763 -0.030427 0.301961 0.305882 0.309804
v -0.170595 0.075558 -0.033046 0.301961 0.305882 0.309804
v -0.169993 0.073553 -0.035716 0.301961 0.305882 0.309804
v -0.169084 0.071443 -0.038294 0.301961 0.305882 0.309804
v -0.168565 0.069524 -0.040931 0.301961 0.305882 0.309804
v -0.167752 0.067510 -0.043461 0.301961 0.305882 0.309804
v -0.166997 0.065545 -0.045963 0.301961 0.305882 0.309804
v -0.166642 0.063760 -0.048533 0.301961 0.305882 0.309804
v -0.166012 0.061890 -0.050976 0.301961 0.305882 0.309804
v -0.165789 0.060190 -0.053494 0.301961 0.305882 0.309804
v -0.165302 0.058410 -0.055873 0.301961 0.305882 0.309804
v -0.165228 0.056791 -0.058332 0.301961 0.305882 0.309804
v -0.164900 0.055098 -0.060639 0.301961 0.305882 0.309804
v -0.164991 0.053555 -0.063033 0.301961 0.305882 0.309804
v -0.165169 0.052047 -0.065393 0.301961 0.305882 0.309804
v -0.165103 0.050468 -0.067582 0.301961 0.305882 0.309804
v -0.165130 0.048927 -0.069726 0.301961 0.305882 0.309804
v -0.165586 0.047515 -0.071968 0.301961 0.305882 0.309804
v -0.166140 0.046129 -0.074171 0.301961 0.305882 0.309804
v -0.166458 0.044676 -0.076178 0.301961 0.305882 0.309804
v -0.167210 0.043337 -0.078292 0.301961 0.305882 0.309804
v -0.167728 0.041932 -0.080200 0.301961 0.305882 0.309804
v -0.168684 0.040629 -0.082219 0.301961 0.305882 0.309804
v -0.169403 0.039260 -0.084022 0.301961 0.305882 0.309804
v -0.170564 0.037982 -0.085941 0.301961 0.305882 0.309804
v -0.171485 0.036638 -0.087634 0.301961 0.305882 0.309804
v -0.172848 0.035373 -0.089447 0.301961 0.305882 0.309804
v -0.173966 0.034041 -0.091025 0.301961 0.305882 0.309804
v -0.175178 0.032712 -0.092542 0.301961 0.305882 0.309804
v -0.176836 0.031445 -0.094185 0.301961 0.305882 0.309804
v -0.178235 0.030109 -0.095580 0.301961 0.305882 0.309804
v -0.179721 0.028768 -0.096911 0.301961 0.305882 0.309804
v -0.181292 0.027417 -0.098177 0.301961 0.305882 0.309804
v -0.183308 0.026106 -0.099576 0.301961 0.305882 0.309804
v -0.185041 0.024725 -0.100713 0.301961 0.305882 0.309804
v -0.186847 0.023327 -0.101782 0.301961 0.305882 0.309804
v -0.188721 0.021909 -0.102784 0.301961 0.305882 0.309804
v -0.190660 0.020468 -0.103717 0.301961 0.305882 0.309804
v -0.192659 0.019002 -0.104580 0.301961 0.305882 0.309804
v -0.194711 0.017509 -0.105374 0.301961 0.305882 0.309804
v -0.196813 0.015987 -0.106097 0.301961 0.305882 0.309804
v -0.198958 0.014434 -0.106750 0.301961 0.305882 0.309804
v -0.201140 0.012849 -0.107331 0.301961 0.305882 0.309804
v -0.203354 0.011230 -0.107840 0.301961 0.305882 0.309804
v -0.205594 0.009575 -0.108278 0.301961 0.305882 0.309804
v -0.207854 0.007883 -0.108643 0.301961 0.305882 0.309804
v -0.210126 0.006155 -0.108935 0.301961 0.305882 0.309804
v -0.212406 0.004388 -0.109155 0.301961 0.305882 0.309804
v -0.214686 0.002583 -0.109301 0.301961 0.305882 0.309804
v -0.216959 0.000739 -0.109375 0.301961 0.305882 0.309804
v -0.217041 -0.001133 -0.108288 0.301961 0.305882 0.309804
v -0.219260 -0.003036 -0.108216 0.301961 0.305882 0.309804
v -0.221453 -0.004976 -0.108072 0.301961 0.305882 0.309804
v -0.223166 -0.006940 -0.107638 0.301961 0.305882 0.309804
v -0.225284 -0.008951 -0.107350 0.301961 0.305882 0.309804
v -0.227358 -0.010997 -0.106990 0.301961 0.305882 0.309804
v -0.229381 -0.013078 -0.106559 0.301961 0.305882 0.309804
v -0.231347 -0.015192 -0.106056 0.301961 0.305882 0.309804
v -0.233249 -0.017337 -0.105482 0.301961 0.305882 0.309804
v -0.235083 -0.019512 -0.104838 0.301961 0.305882 0.309804
v -0.236365 -0.021671 -0.103914 0.301961 0.305882 0.309804
v -0.238041 -0.023895 -0.103132 0.301961 0.305882 0.309804
v -0.239631 -0.026142 -0.102280 0.301961 0.305882 0.309804
v -0.241131 -0.028410 -0.101360 0.301961 0.305882 0.309804
v -0.242536 -0.030696 -0.100372 0.301961 0.305882 0.309804
v -0.243841 -0.032998 -0.099318 0.301961 0.305882 0.309804
v -0.245042 -0.035313 -0.098196 0.301961 0.305882 0.309804
v -0.246136 -0.037637 -0.097009 0.301961 0.305882 0.309804
v -0.247117 -0.039969 -0.095758 0.301961 0.305882 0.309804
v -0.247483 -0.042219 -0.094251 0.301961 0.305882 0.309804
v -0.248230 -0.044550 -0.092875 0.301961 0.305882 0.309804
v -0.248856 -0.046878 -0.091436 0.301961 0.305882 0.309804
v -0.249358 -0.049200 -0.089937 0.301961 0.305882 0.309804
v -0.249735 -0.051513 -0.088377 0.301961 0.305882 0.309804
v -0.249985 -0.053813 -0.086758 0.301961 0.305882 0.309804
v -0.250106 -0.056098 -0.085081 0.301961 0.305882 0.309804
v -0.250098 -0.058363 -0.083347 0.301961 0.305882 0.309804
v -0.249959 -0.060605 -0.081558 0.301961 0.305882 0.309804
v -0.249689 -0.062821 -0.079714 0.301961 0.305882 0.309804
v -0.249289 -0.065009 -0.077816 0.301961 0.305882 0.309804
v -0.248758 -0.067164 -0.075867 0.301961 0.305882 0.309804
v -0.248098 -0.069284 -0.073866 0.301961 0.305882 0.309804
v -0.247309 -0.071365 -0.071817 0.301961 0.305882 0.309804
v -0.246393 -0.073406 -0.069719 0.301961 0.305882 0.309804
v -0.245351 -0.075403 -0.067575 0.301961 0.305882 0.309804
v -0.244679 -0.077509 -0.065518 0.301961 0.305882 0.309804
v -0.243391 -0.079414 -0.063280 0.301961 0.305882 0.309804
v -0.241983 -0.081268 -0.061000 0.301961 0.305882 0.309804
v -0.240946 -0.083236 -0.058797 0.301961 0.305882 0.309804
v -0.239307 -0.084985 -0.056433 0.301961 0.305882 0.309804
v -0.238038 -0.086851 -0.054139 0.301961 0.305882 0.309804
v -0.236183 -0.088487 -0.051696 0.301961 0.305882 0.309804
v -0.234697 -0.090243 -0.049317 0.301961 0.305882 0.309804
v -0.232640 -0.091761 -0.046801 0.301961 0.305882 0.309804
v -0.230952 -0.093403 -0.044343 0.301961 0.305882 0.309804
v -0.229169 -0.094987 -0.041844 0.301961 0.305882 0.309804
v -0.227293 -0.096513 -0.039308 0.301961 0.305882 0.309804
v -0.225331 -0.097980 -0.036735 0.301961 0.305882 0.309804
v -0.223287 -0.099387 -0.034126 0.301961 0.305882 0.309804
v -0.221604 -0.100935 -0.031547 0.301961 0.305882 0.309804
v -0.220272 -0.102629 -0.028982 0.301961 0.305882 0.309804
v -0.220562 -0.105087 -0.026572 0.301961 0.305882 0.309804
v -0.221993 -0.108126 -0.024205 0.301961 0.305882 0.309804
v -0.222020 -0.110517 -0.021591 0.301961 0.305882 0.309804
v -0.219875 -0.111824 -0.018710 0.301961 0.305882 0.309804
v -0.216864 -0.112656 -0.015736 0.301961 0.305882 0.309804
v -0.214226 -0.113641 -0.012776 0.301961 0.305882 0.309804
v -0.211162 -0.114359 -0.009777 0.301961 0.305882 0.309804
v -0.208084 -0.115023 -0.006773 0.301961 0.305882 0.309804
v -0.205381 -0.115852 -0.003771 0.301961 0.305882 0.309804
v -0.202288 -0.116418 -0.000754 0.301961 0.305882 0.309804
v -0.199570 -0.117157 0.002267 0.301961 0.305882 0.309804
v -0.196487 -0.117638 0.005288 0.301961 0.305882 0.309804
v -0.193780 -0.118300 0.008320 0.301961 0.305882 0.309804
v -0.190731 -0.118710 0.011337 0.301961 0.305882 0.309804
v -0.187710 -0.119089 0.014346 0.301961 0.305882 0.309804
v -0.185065 -0.119664 0.017377 0.301961 0.305882 0.309804
v -0.182111 -0.119996 0.020370 0.301961 0.305882 0.309804
v -0.179533 -0.120534 0.023392 0.301961 0.305882 0.309804
v -0.176667 -0.120836 0.026361 0.301961 0.305882 0.309804
v -0.173855 -0.121130 0.029312 0.301961 0.305882 0.309804
v -0.171101 -0.121420 0.032243 0.301961 0.305882 0.309804
v -0.168720 -0.121936 0.035217 0.301961 0.305882 0.309804
v -0.166089 -0.122233 0.038108 0.301961 0.305882 0.309804
v -0.163527 -0.122541 0.040973 0.301961 0.305882 0.309804
v -0.161038 -0.122863 0.043811 0.301961 0.305882 0.309804
v -0.158918 -0.123433 0.046705 0.301961 0.305882 0.309804
v -0.156579 -0.123800 0.049488 0.301961 0.305882 0.309804
v -0.154604 -0.124425 0.052333 0.301961 0.305882 0.309804
v -0.152424 -0.124855 0.055052 0.301961 0.305882 0.309804
v -0.150328 -0.125324 0.057735 0.301961 0.305882 0.309804
v -0.148318 -0.125835 0.060379 0.301961 0.305882 0.309804
v -0.146395 -0.126393 0.062983 0.301961 0.305882 0.309804
v -0.144558 -0.127003 0.065544 0.301961 0.305882 0.309804
v -0.142810 -0.127667 0.068062 0.301961 0.305882 0.309804
v -0.141148 -0.128390 0.070535 0.301961 0.305882 0.309804
v -0.139574 -0.129175 0.072960 0.301961 0.305882 0.309804
v -0.138086 -0.130027 0.075337 0.301961 0.305882 0.309804
v -0.136683 -0.130948 0.077664 0.301961 0.305882 0.309804
v -0.135365 -0.131941 0.079939 0.301961 0.305882 0.309804
v -0.134129 -0.133009 0.082160 0.301961 0.305882 0.309804
v -0.132729 -0.133908 0.084172 0.301961 0.305882 0.309804
v -0.131653 -0.135132 0.086279 0.301961 0.305882 0.309804
v -0.130654 -0.136437 0.088328 0.301961 0.305882 0.309804
v -0.129488 -0.137572 0.090151 0.301961 0.305882 0.309804
v -0.128633 -0.139043 0.092077 0.301961 0.305882 0.309804
v -0.127844 -0.140599 0.093942 0.301961 0.305882 0.309804
v -0.126885 -0.141980 0.095567 0.301961 0.305882 0.309804
v -0.126220 -0.143708 0.097302 0.301961 0.305882 0.309804
v -0.125379 -0.145253 0.098788 0.301961 0.305882 0.309804
v -0.124823 -0.147151 0.100389 0.301961 0.305882 0.309804
v -0.124315 -0.149135 0.101922 0.301961 0.305882 0.309804
v -0.123620 -0.150924 0.103195 0.301961 0.305882 0.309804
v -0.122965 -0.152790 0.104395 0.301961 0.305882 0.309804
v -0.122574 -0.155017 0.105715 0.301961 0.305882 0.309804
v -0.121986 -0.157033 0.106767 0.301961 0.305882 0.309804
v -0.121650 -0.159415 0.107943 0.301961 0.305882 0.309804
v -0.121108 -0.161571 0.108844 0.301961 0.305882 0.309804
v -0.120808 -0.164097 0.109873 0.301961 0.305882 0.309804
v -0.120294 -0.166381 0.110622 0.301961 0.305882 0.309804
v -0.120011 -0.169038 0.111502 0.301961 0.305882 0.309804
v -0.119505 -0.171435 0.112098 0.301961 0.305882 0.309804
v -0.119220 -0.174207 0.112827 0.301961 0.305882 0.309804
v -0.118704 -0.176701 0.113268 0.301961 0.305882 0.309804
v -0.118177 -0.179234 0.113630 0.301961 0.305882 0.309804
v -0.117634 -0.181800 0.113915 0.301961 0.305882 0.309804
v -0.117071 -0.184394 0.114122 0.301961 0.305882 0.309804
v -0.116703 -0.187366 0.114467 0.301961 0.305882 0.309804
v -0.116087 -0.190006 0.114519 0.301961 0.305882 0.309804
v -0.115438 -0.192659 0.114494 0.301961 0.305882 0.309804
v -0.114754 -0.195317 0.114391 0.301961 0.305882 0.309804
v -0.114032 -0.197976 0.114212 0.301961 0.305882 0.309804
v -0.113483 -0.201010 0.114173 0.301961 0.305882 0.309804
v -0.112672 -0.203657 0.113842 0.301961 0.305882 0.309804
v -0.111814 -0.206285 0.113434 0.301961 0.305882 0.309804
v -0.110906 -0.208889 0.112952 0.301961 0.305882 0.309804
v -0.109945 -0.211462 0.112396 0.301961 0.305882 0.309804
v -0.108721 -0.213588 0.111551 0.301961 0.305882 0.309804
v -0.107652 -0.216076 0.110849 0.301961 0.305882 0.309804
v -0.106525 -0.218516 0.110074 0.301961 0.305882 0.309804
v -0.105340 -0.220900 0.109229 0.301961 0.305882 0.309804
v -0.104096 -0.223225 0.108313 0.301961 0.305882 0.309804
v -0.102791 -0.225483 0.107328 0.301961 0.305882 0.309804
v -0.101228 -0.227226 0.106067 0.301961 0.305882 0.309804
v -0.099805 -0.229330 0.104947 0.301961 0.305882 0.309804
v -0.098321 -0.231351 0.103761 0.301961 0.305882 0.309804
v -0.096777 -0.233284 0.102509 0.301961 0.305882 0.309804
v -0.095173 -0.235125 0.101194 0.301961 0.305882 0.309804
v -0.093327 -0.236403 0.099618 0.301961 0.305882 0.309804
v -0.091610 -0.238041 0.098180 0.301961 0.305882 0.309804
v -0.089837 -0.239573 0.096681 0.301961 0.305882 0.309804
v -0.088009 -0.240996 0.095123 0.301961 0.305882 0.309804
v -0.085957 -0.241824 0.093321 0.301961 0.305882 0.309804
v -0.084029 -0.243015 0.091651 0.301961 0.305882 0.309804
v -0.082051 -0.244086 0.089926 0.301961 0.305882 0.309804
v -0.080027 -0.245035 0.088147 0.301961 0.305882 0.309804
v -0.077959 -0.245860 0.086316 0.301961 0.305882 0.309804
v -0.075697 -0.246062 0.084264 0.301961 0.305882 0.309804
v -0.073553 -0.246631 0.082336 0.301961 0.305882 0.309804
v -0.071372 -0.247070 0.080360 0.301961 0.305882 0.309804
v -0.069018 -0.246877 0.078179 0.301961 0.305882 0.309804
v -0.066779 -0.247054 0.076117 0.301961 0.305882 0.309804
v -0.064382 -0.246596 0.073860 0.301961 0.305882 0.309804
v -0.062097 -0.246511 0.071716 0.301961 0.305882 0.309804
v -0.059792 -0.246295 0.069533 0.301961 0.305882 0.309804
v -0.057352 -0.245443 0.067174 0.301961 0.305882 0.309804
v -0.055022 -0.244970 0.064921 0.301961 0.305882 0.309804
v -0.052572 -0.243863 0.062504 0.301961 0.305882 0.309804
v -0.050229 -0.243139 0.060188 0.301961 0.305882 0.309804
v -0.047783 -0.241787 0.057721 0.301961 0.305882 0.309804
v -0.045441 -0.240820 0.055349 0.301961 0.305882 0.309804
v -0.043012 -0.239234 0.052839 0.301961 0.305882 0.309804
v -0.040684 -0.238038 0.050419 0.301961 0.305882 0.309804
v -0.038366 -0.236731 0.047975 0.301961 0.305882 0.309804
v -0.035984 -0.234820 0.045413 0.301961 0.305882 0.309804
v -0.033698 -0.233306 0.042932 0.301961 0.305882 0.309804
v -0.031431 -0.231693 0.040432 0.301961 0.305882 0.309804
v -0.029184 -0.229986 0.037915 0.301961 0.305882 0.309804
v -0.026962 -0.228189 0.035383 0.301961 0.305882 0.309804
v -0.024712 -0.225824 0.032768 0.301961 0.305882 0.309804
v -0.022548 -0.223866 0.030217 0.301961 0.305882 0.309804
v -0.020414 -0.221834 0.027656 0.301961 0.305882 0.309804
v -0.018313 -0.219734 0.025087 0.301961 0.305882 0.309804
v -0.016211 -0.217099 0.022464 0.301961 0.305882 0.309804
v -0.014184 -0.214882 0.019891 0.301961 0.305882 0.309804
v -0.012195 -0.212613 0.017315 0.301961 0.305882 0.309804
v -0.010244 -0.210299 0.014739 0.301961 0.305882 0.309804
v -0.008333 -0.207944 0.012164 0.301961 0.305882 0.309804
v -0.006463 -0.205557 0.009591 0.301961 0.305882 0.309804
v -0.004634 -0.203141 0.007024 0.301961 0.305882 0.309804
v -0.002847 -0.200704 0.004462 0.301961 0.305882 0.309804
v -0.001103 -0.198252 0.001909 0.301961 0.305882 0.309804
v 0.000600 -0.195791 -0.000635 0.301961 0.305882 0.309804
v 0.002265 -0.193754 -0.003174 0.301961 0.305882 0.309804
v 0.003887 -0.191288 -0.005699 0.301961 0.305882 0.309804
v 0.005466 -0.188829 -0.008209 0.301961 0.305882 0.309804
v 0.007005 -0.186385 -0.010702 0.301961 0.305882 0.309804
v 0.008504 -0.183961 -0.013177 0.301961 0.305882 0.309804
v 0.009985 -0.181968 -0.015668 0.301961 0.305882 0.309804
v 0.011410 -0.179596 -0.018108 0.301961 0.305882 0.309804
v 0.012826 -0.177657 -0.020571 0.301961 0.305882 0.309804
v 0.014181 -0.175358 -0.022968 0.301961 0.305882 0.309804
v 0.015503 -0.173104 -0.025340 0.301961 0.305882 0.309804
v 0.016792 -0.170901 -0.027684 0.301961 0.305882 0.309804
v 0.018092 -0.169134 -0.030067 0.301961 0.305882 0.309804
v 0.019326 -0.167042 -0.032356 0.301961 0.305882 0.309804
v 0.020580 -0.165385 -0.034692 0.301961 0.305882 0.309804
v 0.021768 -0.163419 -0.036921 0.301961 0.305882 0.309804
v 0.022985 -0.161889 -0.039204 0.301961 0.305882 0.309804
v 0.024135 -0.160062 -0.041367 0.301961 0.305882 0.309804
v 0.025325 -0.158672 -0.043591 0.301961 0.305882 0.309804
v 0.026506 -0.157355 -0.045785 0.301961 0.305882 0.309804
v 0.027682 -0.156114 -0.047949 0.301961 0.305882 0.309804
v 0.028854 -0.154951 -0.050081 0.301961 0.305882 0.309804
v 0.029958 -0.153519 -0.052062 0.301961 0.305882 0.309804
v 0.031200 -0.152868 -0.054243 0.301961 0.305882 0.309804
v 0.032378 -0.151953 -0.056270 0.301961 0.305882 0.309804
v 0.033640 -0.151465 -0.058392 0.301961 0.305882 0.309804
v 0.034917 -0.151061 -0.060483 0.301961 0.305882 0.309804
v 0.036295 -0.151081 -0.062683 0.301961 0.305882 0.309804
v 0.037615 -0.150846 -0.064714 0.301961 0.305882 0.309804
v 0.039133 -0.151372 -0.067008 0.301961 0.305882 0.309804
v 0.040599 -0.151645 -0.069128 0.301961 0.305882 0.309804
v 0.042751 -0.154354 -0.072318 0.301961 0.305882 0.309804
v 0.048149 -0.168199 -0.080844 0.301961 0.305882 0.309804
v 0.052940 -0.179096 -0.088151 0.301961 0.305882 0.309804
v 0.055113 -0.180712 -0.090926 0.301961 0.305882 0.309804
v 0.056937 -0.181090 -0.092988 0.301961 0.305882 0.309804
v 0.058917 -0.181904 -0.095170 0.301961 0.305882 0.309804
v 0.060844 -0.182480 -0.097124 0.301961 0.305882 0.309804
v 0.062709 -0.182815 -0.098837 0.301961 0.305882 0.309804
v 0.064623 -0.183241 -0.100484 0.301961 0.305882 0.309804
v 0.066587 -0.183754 -0.102064 0.301961 0.305882 0.309804
v 0.068603 -0.184350 -0.103576 0.301961 0.305882 0.309804
v 0.070672 -0.185025 -0.105019 0.301961 0.305882 0.309804
v 0.072796 -0.185774 -0.106391 0.301961 0.305882 0.309804
v 0.075113 -0.186935 -0.107890 0.301961 0.305882 0.309804
v 0.077351 -0.187819 -0.109122 0.301961 0.305882 0.309804
v 0.079646 -0.188762 -0.110281 0.301961 0.305882 0.309804
v 0.082147 -0.190107 -0.111570 0.301961 0.305882 0.309804
v 0.084558 -0.191153 -0.112583 0.301961 0.305882 0.309804
v 0.087184 -0.192594 -0.113728 0.301961 0.305882 0.309804
v 0.089710 -0.193721 -0.114591 0.301961 0.305882 0.309804
v 0.092458 -0.195233 -0.115589 0.301961 0.305882 0.309804
v 0.095095 -0.196416 -0.116300 0.301961 0.305882 0.309804
v 0.098141 -0.198337 -0.117360 0.301961 0.305882 0.309804
v 0.100889 -0.199552 -0.117917 0.301961 0.305882 0.309804
v 0.104061 -0.201502 -0.118825 0.301961 0.305882 0.309804
v 0.107299 -0.203459 -0.119658 0.301961 0.305882 0.309804
v 0.110403 -0.205047 -0.120196 0.301961 0.305882 0.309804
v 0.113761 -0.206996 -0.120873 0.301961 0.305882 0.309804
v 0.117178 -0.208932 -0.121469 0.301961 0.305882 0.309804
v 0.120435 -0.210473 -0.121769 0.301961 0.305882 0.309804
v 0.123955 -0.212361 -0.122204 0.301961 0.305882 0.309804
v 0.127524 -0.214216 -0.122557 0.301961 0.305882 0.309804
v 0.131137 -0.216032 -0.122828 0.301961 0.305882 0.309804
v 0.134318 -0.217035 -0.122582 0.301961 0.305882 0.309804
v 0.137756 -0.218364 -0.122469 0.301961 0.305882 0.309804
v 0.140967 -0.219244 -0.122059 0.301961 0.305882 0.309804
v 0.144438 -0.220442 -0.121781 0.301961 0.305882 0.309804
v 0.147660 -0.221177 -0.121206 0.301961 0.305882 0.309804
v 0.151144 -0.222222 -0.120763 0.301961 0.305882 0.309804
v 0.154358 -0.222792 -0.120025 0.301961 0.305882 0.309804
v 0.157558 -0.223271 -0.119207 0.301961 0.305882 0.309804
v 0.161020 -0.224049 -0.118517 0.301961 0.305882 0.309804
v 0.164468 -0.224730 -0.117745 0.301961 0.305882 0.309804
v 0.167603 -0.224915 -0.116686 0.301961 0.305882 0.309804
v 0.171001 -0.225389 -0.115752 0.301961 0.305882 0.309804
v 0.174065 -0.225359 -0.114535 0.301961 0.305882 0.309804
v 0.177392 -0.225612 -0.113440 0.301961 0.305882 0.309804
v 0.180677 -0.225750 -0.112264 0.301961 0.305882 0.309804
v 0.183596 -0.225378 -0.110816 0.301961 0.305882 0.309804
v 0.186777 -0.225281 -0.109483 0.301961 0.305882 0.309804
v 0.189901 -0.225062 -0.108072 0.301961 0.305882 0.309804
v 0.193296 -0.225109 -0.106768 0.301961 0.305882 0.309804
v 0.196294 -0.224642 -0.105198 0.301961 0.305882 0.309804
v 0.199218 -0.224050 -0.103552 0.301961 0.305882 0.309804
v 0.202065 -0.223333 -0.101831 0.301961 0.305882 0.309804
v 0.204828 -0.222490 -0.100034 0.301961 0.305882 0.309804
v 0.207149 -0.221142 -0.097996 0.301961 0.305882 0.309804
v 0.209729 -0.220051 -0.096056 0.301961 0.305882 0.309804
v 0.211851 -0.218463 -0.093884 0.301961 0.305882 0.309804
v 0.214234 -0.217130 -0.091807 0.301961 0.305882 0.309804
v 0.216143 -0.215308 -0.089507 0.301961 0.305882 0.309804
v 0.217940 -0.213374 -0.087147 0.301961 0.305882 0.309804
v 0.219622 -0.211331 -0.084729 0.301961 0.305882 0.309804
v 0.221187 -0.209182 -0.082254 0.301961 0.305882 0.309804
v 0.222633 -0.206931 -0.079724 0.301961 0.305882 0.309804
v 0.223958 -0.204581 -0.077141 0.301961 0.305882 0.309804
v 0.225548 -0.202482 -0.074634 0.301961 0.305882 0.309804
v 0.226631 -0.199941 -0.071945 0.301961 0.305882 0.309804
v 0.227591 -0.197315 -0.069208 0.301961 0.305882 0.309804
v 0.228038 -0.194273 -0.066311 0.301961 0.305882 0.309804
v 0.228750 -0.191491 -0.063488 0.301961 0.305882 0.309804
v 0.229341 -0.188637 -0.060623 0.301961 0.305882 0.309804
v 0.229811 -0.185716 -0.057717 0.301961 0.305882 0.309804
v 0.230160 -0.182733 -0.054773 0.301961 0.305882 0.309804
v 0.230392 -0.179692 -0.051792 0.301961 0.305882 0.309804
v 0.230507 -0.176600 -0.048776 0.301961 0.305882 0.309804
v 0.230115 -0.173164 -0.045650 0.301961 0.305882 0.309804
v 0.168462 -0.124506 -0.031184 0.301961 0.305882 0.309804
v 0.157268 -0.114145 -0.027017 0.301961 0.305882 0.309804
v 0.156655 -0.111648 -0.024814 0.301961 0.305882 0.309804
v 0.155975 -0.109145 -0.022605 0.301961 0.305882 0.309804
v 0.155232 -0.106641 -0.020392 0.301961 0.305882 0.309804
v 0.154036 -0.103875 -0.018131 0.301961 0.305882 0.309804
v 0.153176 -0.101383 -0.015920 0.301961 0.305882 0.309804
v 0.152264 -0.098901 -0.013709 0.301961 0.305882 0.309804
v 0.151302 -0.096432 -0.011501 0.301961 0.305882 0.309804
v 0.150295 -0.093979 -0.009296 0.301961 0.305882 0.309804
v 0.149632 -0.091780 -0.007114 0.301961 0.305882 0.309804
v 0.148928 -0.089592 -0.004928 0.301961 0.305882 0.309804
v 0.148188 -0.087418 -0.002739 0.301961 0.305882 0.309804
v 0.147417 -0.085261 -0.000548 0.301961 0.305882 0.309804
v 0.146618 -0.083123 0.001643 0.301961 0.305882 0.309804
v 0.145797 -0.081008 0.003833 0.301961 0.305882 0.309804
v 0.144585 -0.078714 0.006005 0.301961 0.305882 0.309804
v 0.143732 -0.076656 0.008182 0.301961 0.305882 0.309804
v 0.142871 -0.074626 0.010354 0.301961 0.305882 0.309804
v 0.142369 -0.072813 0.012550 0.301961 0.305882 0.309804
v 0.141500 -0.070842 0.014712 0.301961 0.305882 0.309804
v 0.140996 -0.069081 0.016907 0.301961 0.305882 0.309804
v 0.140138 -0.067175 0.019052 0.301961 0.305882 0.309804
v 0.139650 -0.065472 0.021239 0.301961 0.305882 0.309804
v 0.138822 -0.063636 0.023363 0.301961 0.305882 0.309804
v 0.138368 -0.061996 0.025536 0.301961 0.305882 0.309804
v 0.137937 -0.060387 0.027702 0.301961 0.305882 0.309804
v 0.137186 -0.058660 0.029785 0.301961 0.305882 0.309804
v 0.136471 -0.056974 0.031848 0.301961 0.305882 0.309804
v 0.136140 -0.055468 0.033976 0.301961 0.305882 0.309804
v 0.135506 -0.053858 0.036000 0.301961 0.305882 0.309804
v 0.135262 -0.052421 0.038096 0.301961 0.305882 0.309804
v 0.135067 -0.051015 0.040177 0.301961 0.305882 0.309804
v 0.134924 -0.049641 0.042240 0.301961 0.305882 0.309804
v 0.134838 -0.048298 0.044286 0.301961 0.305882 0.309804
v 0.134475 -0.046868 0.046196 0.301961 0.305882 0.309804
v 0.134513 -0.045588 0.048195 0.301961 0.305882 0.309804
v 0.134281 -0.044226 0.050046 0.301961 0.305882 0.309804
v 0.134456 -0.043005 0.051994 0.301961 0.305882 0.309804
v 0.134702 -0.041810 0.053916 0.301961 0.305882 0.309804
v 0.134687 -0.040538 0.055673 0.301961 0.305882 0.309804
v 0.135085 -0.039393 0.057535 0.301961 0.305882 0.309804
v 0.135561 -0.038268 0.059367 0.301961 0.305882 0.309804
v 0.135782 -0.037071 0.061017 0.301961 0.305882 0.309804
v 0.136420 -0.035985 0.062781 0.301961 0.305882 0.309804
v 0.137141 -0.034914 0.064511 0.301961 0.305882 0.309804
v 0.137608 -0.033772 0.066043 0.301961 0.305882 0.309804
v 0.138496 -0.032727 0.067697 0.301961 0.305882 0.309804
v 0.139128 -0.031612 0.069144 0.301961 0.305882 0.309804
v 0.140185 -0.030584 0.070717 0.301961 0.305882 0.309804
v 0.140981 -0.029486 0.072074 0.301961 0.305882 0.309804
v 0.142205 -0.028464 0.073562 0.301961 0.305882 0.309804
v 0.143162 -0.027373 0.074824 0.301961 0.305882 0.309804
v 0.144196 -0.026283 0.076036 0.301961 0.305882 0.309804
v 0.145660 -0.025253 0.077386 0.301961 0.305882 0.309804
v 0.146845 -0.024155 0.078498 0.301961 0.305882 0.309804
v 0.148100 -0.023051 0.079558 0.301961 0.305882 0.309804
v 0.149788 -0.021992 0.080761 0.301961 0.305882 0.309804
v 0.151180 -0.020865 0.081716 0.301961 0.305882 0.309804
v 0.152633 -0.019725 0.082617 0.301961 0.305882 0.309804
v 0.154145 -0.018569 0.083462 0.301961 0.305882 0.309804
v 0.155712 -0.017396 0.084251 0.301961 0.305882 0.309804
v 0.157712 -0.016243 0.085190 0.301961 0.305882 0.309804
v 0.159380 -0.015026 0.085868 0.301961 0.305882 0.309804
v 0.161090 -0.013785 0.086488 0.301961 0.305882 0.309804
v 0.162839 -0.012520 0.087051 0.301961 0.305882 0.309804
v 0.164620 -0.011229 0.087555 0.301961 0.305882 0.309804
v 0.166430 -0.009911 0.088000 0.301961 0.305882 0.309804
v 0.168264 -0.008564 0.088387 0.301961 0.305882 0.309804
v 0.170116 -0.007187 0.088715 0.301961 0.305882 0.309804
v 0.171982 -0.005780 0.088983 0.301961 0.305882 0.309804
v 0.173856 -0.004342 0.089192 0.301961 0.305882 0.309804
v 0.176159 -0.002879 0.089557 0.301961 0.305882 0.309804
v 0.178038 -0.001374 0.089647 0.301961 0.305882 0.309804
f 527 469 471
f 655 26 27
f 662 663 73
f 667 655 23
f 24 655 26
f 24 655 26
f 535 655 671
f 146 145 73
f 144 145 73
f 40 655 23
f 35 36 655
f 31 221 32
f 31 32 655
f 31 24 655
f 33 35 655
f 33 221 32
f 33 32 655
f 33 35 655
f 33 35 221
f 33 35 221
f 660 543 662
f 664 663 73
f 677 535 655
f 682 677 535
f 693 73 72
f 693 694 73
f 696 694 73
f 696 543 469
f 654 655 26
f 654 655 26
f 654 31 655
f 654 526 528
f 654 31 32
f 654 528 655
f 654 33 32
f 654 33 655
f 654 36 655
f 141 142 73
f 690 701 655
f 690 682 701
f 222 31 221
f 222 33 221
f 222 33 221
f 222 35 221
f 222 35 221
f 481 701 702
f 481 482 527
f 560 662 559
f 560 664 559
f 549 662 663
f 549 664 663
f 320 319 394
f 320 319 394
f 320 319 392
f 531 481 701
f 531 481 701
f 531 654 655
f 536 535 469
f 536 690 682
f 536 682 677
f 536 677 535
f 536 535 671
f 536 535 655
f 700 535 701
f 700 535 701
f 700 702 469
f 541 664 663
f 541 664 667
f 39 654 40
f 119 645 116
f 661 660 662
f 661 662 73
f 661 660 73
f 661 560 662
f 661 549 662
f 661 549 660
f 658 73 656
f 670 671 73
f 670 669 73
f 670 655 671
f 670 669 655
f 670 549 671
f 670 549 669
f 668 667 73
f 668 669 73
f 668 667 655
f 668 669 655
f 668 560 667
f 668 560 669
f 668 549 667
f 668 549 669
f 666 667 73
f 666 664 667
f 666 560 667
f 666 549 667
f 666 541 664
f 672 673 21
f 672 671 73
f 672 673 73
f 672 549 671
f 672 549 673
f 674 675 73
f 674 673 73
f 674 673 675
f 674 549 675
f 674 549 673
f 679 680 73
f 679 682 677
f 679 549 680
f 679 536 682
f 676 677 675
f 676 675 73
f 676 677 73
f 676 674 553
f 676 549 675
f 676 549 677
f 683 682 73
f 692 690 21
f 692 541 693
f 697 696 469
f 695 696 694
f 695 697 696
f 695 692 694
f 695 690 701
f 695 536 535
f 695 696 543
f 695 536 690
f 695 692 536
f 139 138 73
f 139 141 73
f 30 31 24
f 30 222 24
f 30 31 221
f 30 222 221
f 30 222 31
f 30 31 655
f 30 31 24
f 472 462 470
f 255 481 483
f 397 320 398
f 399 320 398
f 403 320 405
f 463 462 469
f 457 696 693
f 438 437 527
f 438 437 528
f 438 536 535
f 532 535 469
f 532 531 469
f 532 535 701
f 532 531 701
f 532 531 654
f 532 438 531
f 530 531 469
f 530 527 469
f 530 531 481
f 530 481 527
f 530 481 482
f 530 481 702
f 530 531 481
f 530 438 437
f 530 531 655
f 530 438 531
f 537 539 469
f 537 536 469
f 537 536 539
f 537 438 437
f 537 438 536
f 537 536 654
f 537 536 655
f 537 536 671
f 537 670 671
f 537 536 677
f 537 679 536
f 537 679 536
f 537 536 690
f 537 692 536
f 537 695 692
f 537 697 539
f 537 695 536
f 537 695 697
f 699 536 535
f 699 700 535
f 699 537 536
f 699 537 536
f 699 537 539
f 699 697 539
f 699 700 469
f 699 697 469
f 699 697 21
f 699 700 702
f 699 702 73
f 699 696 73
f 699 697 696
f 542 438 543
f 542 438 541
f 542 543 469
f 542 541 469
f 542 541 654
f 542 697 541
f 542 543 655
f 542 541 655
f 542 696 543
f 542 697 696
f 542 697 541
f 542 541 663
f 542 695 696
f 542 695 541
f 542 662 663
f 542 543 662
f 542 543 662
f 542 664 543
f 542 541 664
f 542 695 543
f 542 695 541
f 542 666 664
f 542 666 541
f 542 693 543
f 542 541 693
f 542 666 543
f 542 666 541
f 542 692 693
f 542 692 541
f 542 668 543
f 542 668 541
f 542 692 543
f 542 668 669
f 542 668 541
f 542 690 543
f 542 692 690
f 542 692 541
f 542 670 669
f 542 670 541
f 542 670 543
f 542 670 541
f 542 688 541
f 542 543 675
f 542 541 675
f 542 541 682
f 542 677 543
f 542 541 677
f 542 683 543
f 542 683 682
f 542 683 682
f 542 679 682
f 542 679 541
f 542 679 677
f 542 679 541
f 147 146 73
f 147 148 73
f 147 144 146
f 147 148 146
f 147 148 144
f 151 148 73
f 136 133 134
f 136 135 134
f 41 42 152
f 41 155 40
f 41 42 155
f 41 654 40
f 41 42 654
f 41 40 655
f 41 42 655
f 41 40 23
f 41 42 23
f 238 30 31
f 37 222 221
f 37 35 221
f 37 35 221
f 37 35 655
f 37 35 36
f 37 654 36
f 37 39 654
f 37 39 654
f 224 39 40
f 224 41 40
f 224 37 222
f 224 41 42
f 224 37 222
f 224 222 35
f 224 222 35
f 224 222 33
f 224 222 33
f 224 222 31
f 224 30 222
f 224 24 26
f 224 24 26
f 224 222 24
f 125 138 124
f 125 138 338
f 118 121 122
f 118 123 122
f 143 355 135
f 143 142 73
f 143 144 73
f 143 147 144
f 143 147 148
f 143 147 148
f 659 660 73
f 659 658 73
f 659 549 660
f 659 658 549
f 659 661 560
f 659 658 560
f 665 664 73
f 665 666 73
f 665 560 664
f 665 666 560
f 665 549 664
f 665 666 549
f 22 666 664
f 22 667 23
f 22 666 667
f 22 664 663
f 22 668 669
f 22 668 669
f 22 41 42
f 22 224 222
f 22 222 221
f 22 41 40
f 681 679 21
f 681 679 682
f 681 680 73
f 681 682 73
f 681 683 682
f 678 679 677
f 678 677 73
f 678 679 73
f 678 676 677
f 678 679 553
f 678 549 677
f 678 679 549
f 19 673 675
f 19 22 222
f 684 683 685
f 684 683 73
f 684 686 73
f 684 565 683
f 636 526 528
f 636 634 526
f 636 528 638
f 636 634 528
f 636 531 638
f 636 634 531
f 636 532 531
f 636 532 634
f 636 119 120
f 636 119 116
f 636 634 119
f 636 114 116
f 636 634 114
f 636 114 112
f 636 634 114
f 633 632 526
f 633 634 526
f 633 632 528
f 633 634 528
f 633 531 632
f 633 634 531
f 633 532 531
f 633 532 634
f 633 537 536
f 633 537 634
f 633 542 541
f 633 119 632
f 633 634 119
f 633 114 632
f 633 634 114
f 633 114 632
f 633 634 114
f 626 526 528
f 626 630 526
f 626 528 625
f 626 630 528
f 626 531 625
f 626 532 531
f 626 537 536
f 626 542 541
f 626 114 625
f 626 630 114
f 626 114 116
f 626 630 114
f 626 119 116
f 626 630 119
f 626 630 119
f 631 632 526
f 631 630 526
f 631 632 528
f 631 630 528
f 631 531 632
f 631 630 531
f 631 532 531
f 631 532 630
f 631 537 536
f 631 537 630
f 631 542 541
f 631 542 632
f 631 114 632
f 631 630 114
f 631 114 632
f 631 630 114
f 631 119 632
f 631 630 119
f 651 650 26
f 651 652 26
f 651 31 650
f 651 652 31
f 651 526 528
f 651 652 526
f 651 31 650
f 651 652 31
f 651 528 650
f 651 652 528
f 651 33 650
f 651 652 33
f 651 531 650
f 651 652 531
f 651 33 650
f 651 652 33
f 651 532 531
f 651 532 652
f 651 650 36
f 651 652 36
f 651 39 650
f 651 652 39
f 651 39 40
f 651 652 39
f 651 537 536
f 651 537 652
f 651 41 40
f 651 41 652
f 651 41 42
f 651 41 652
f 651 542 541
f 651 542 652
f 651 542 543
f 651 542 652
f 651 549 650
f 651 652 549
f 653 654 26
f 653 654 26
f 653 652 26
f 653 654 31
f 653 652 31
f 653 654 526
f 653 652 526
f 653 654 31
f 653 652 31
f 653 654 528
f 653 652 528
f 653 654 33
f 653 652 33
f 653 531 654
f 653 652 531
f 653 654 33
f 653 652 33
f 653 532 531
f 653 532 652
f 653 654 36
f 653 652 36
f 653 39 654
f 653 652 39
f 653 39 654
f 653 652 39
f 653 537 536
f 653 537 652
f 653 41 654
f 653 41 652
f 653 41 42
f 653 41 652
f 653 542 541
f 653 542 652
f 653 542 652
f 653 542 543
f 653 542 654
f 653 654 655
f 653 549 655
f 653 652 549
f 639 526 528
f 639 528 638
f 639 531 638
f 639 532 531
f 639 537 536
f 639 114 112
f 639 114 116
f 639 119 120
f 639 119 116
f 642 641 526
f 642 641 528
f 642 641 531
f 642 532 641
f 642 537 641
f 642 542 641
f 642 542 641
f 642 641 119
f 642 641 119
f 642 641 114
f 642 641 114
f 646 645 526
f 646 647 526
f 646 645 528
f 646 647 528
f 646 531 645
f 646 647 531
f 646 532 531
f 646 532 647
f 646 537 536
f 646 537 647
f 646 647 36
f 646 39 645
f 646 647 39
f 646 39 645
f 646 647 39
f 646 41 645
f 646 41 647
f 646 41 42
f 646 41 647
f 646 114 645
f 646 114 645
f 646 647 114
f 649 526 528
f 649 647 526
f 649 528 650
f 649 647 528
f 649 531 650
f 649 647 531
f 649 532 531
f 649 532 647
f 649 537 536
f 649 542 541
f 649 542 543
f 649 549 650
f 649 41 42
f 649 41 647
f 649 41 40
f 649 41 647
f 649 39 40
f 649 647 39
f 649 39 650
f 649 647 39
f 649 650 36
f 649 647 36
f 649 33 650
f 649 647 33
f 649 33 650
f 649 647 33
f 649 31 650
f 649 647 31
f 649 31 650
f 649 647 650
f 649 647 31
f 100 101 654
f 100 653 101
f 100 653 101
f 100 651 101
f 100 651 101
f 100 649 101
f 100 642 101
f 687 686 685
f 687 542 543
f 687 542 688
f 687 542 688
f 687 686 73
f 687 688 73
f 214 699 697
f 729 24 655
f 689 720 690
f 689 690 682
f 689 542 541
f 689 542 688
f 689 542 690
f 689 542 688
f 689 73 72
f 689 688 73
f 689 688 559
f 315 313 390
f 315 316 390
f 315 313 390
f 315 316 390
f 315 313 392
f 315 316 392
f 315 313 392
f 315 316 392
f 315 313 394
f 315 316 394
f 315 313 394
f 315 316 394
f 315 397 313
f 315 316 397
f 315 316 399
f 315 316 403
f 382 315 313
f 382 315 316
f 396 315 313
f 396 315 397
f 396 315 316
f 396 315 316
f 396 320 319
f 396 397 320
f 385 382 316
f 385 382 315
f 385 382 315
f 434 438 478
f 434 438 474
f 434 438 472
f 434 438 472
f 465 463 469
f 465 527 469
f 465 463 527
f 465 530 527
f 465 530 463
f 465 464 462
f 465 463 462
f 465 463 464
f 465 530 531
f 465 530 463
f 465 532 531
f 465 532 463
f 465 532 535
f 465 532 463
f 465 536 535
f 465 463 536
f 465 537 536
f 465 537 463
f 465 537 539
f 465 537 463
f 465 542 463
f 465 542 463
f 465 696 694
f 465 463 696
f 465 463 697
f 465 699 463
f 465 699 463
f 465 463 700
f 441 542 440
f 441 542 541
f 441 537 440
f 441 537 536
f 441 536 440
f 441 532 531
f 441 530 531
f 441 440 527
f 441 440 528
f 441 530 440
f 564 659 565
f 564 659 565
f 564 565 661
f 564 565 662
f 564 565 664
f 564 665 565
f 459 472 462
f 459 472 462
f 439 440 527
f 439 438 527
f 439 440 528
f 439 438 528
f 439 530 440
f 439 530 438
f 439 530 531
f 439 530 438
f 439 532 531
f 439 532 438
f 439 438 483
f 439 438 483
f 439 536 440
f 439 438 536
f 439 479 438
f 439 537 536
f 439 537 438
f 439 479 438
f 439 537 440
f 439 537 438
f 439 542 541
f 439 542 438
f 439 542 440
f 439 542 438
f 439 438 437
f 621 617 119
f 615 617 537
f 615 617 532
f 615 617 531
f 615 617 526
f 615 617 114
f 615 617 114
f 615 617 119
f 615 617 119
f 150 151 148
f 154 156 338
f 154 73 157
f 154 151 73
f 137 136 129
f 45 655 46
f 45 44 46
f 45 44 655
f 45 654 655
f 45 653 654
f 45 42 654
f 45 653 652
f 45 653 42
f 45 651 652
f 45 653 652
f 45 651 650
f 45 651 652
f 45 649 650
f 45 651 42
f 45 649 42
f 45 649 647
f 45 649 647
f 45 131 46
f 45 135 46
f 45 646 647
f 45 646 647
f 45 131 46
f 45 135 144
f 45 646 645
f 45 646 42
f 45 127 46
f 45 144 145
f 45 42 144
f 45 127 126
f 45 146 145
f 45 42 146
f 45 125 126
f 45 146 149
f 45 42 146
f 45 119 120
f 45 119 645
f 45 119 645
f 45 121 120
f 45 121 122
f 45 125 124
f 45 152 149
f 45 42 152
f 45 123 122
f 45 123 124
f 45 155 152
f 45 42 155
f 473 245 472
f 473 700 702
f 473 700 701
f 473 699 700
f 473 536 539
f 473 536 535
f 473 532 535
f 473 459 472
f 473 532 531
f 473 530 531
f 473 530 527
f 473 527 471
f 473 459 462
f 473 465 463
f 475 473 701
f 475 473 700
f 475 473 699
f 475 473 699
f 475 699 536
f 475 699 536
f 475 473 536
f 475 473 536
f 475 473 532
f 475 473 532
f 475 473 530
f 475 473 530
f 475 473 527
f 475 473 463
f 38 224 39
f 38 224 37
f 38 224 37
f 38 22 40
f 38 37 655
f 38 37 39
f 38 40 655
f 38 39 40
f 29 30 222
f 29 224 222
f 29 224 30
f 29 30 655
f 29 30 24
f 29 224 27
f 29 224 24
f 29 655 27
f 29 24 655
f 117 119 116
f 356 355 114
f 356 357 114
f 356 117 355
f 356 117 357
f 356 117 355
f 356 117 357
f 356 355 119
f 356 357 119
f 356 121 355
f 356 357 121
f 356 121 355
f 356 357 121
f 356 123 355
f 356 357 123
f 356 123 355
f 356 357 123
f 356 125 355
f 356 357 125
f 356 125 355
f 356 357 125
f 356 127 355
f 356 357 127
f 356 355 155
f 356 357 155
f 356 127 355
f 356 357 127
f 356 355 152
f 356 357 152
f 356 355 131
f 356 357 131
f 356 355 146
f 356 357 146
f 356 355 131
f 356 357 131
f 356 355 146
f 356 357 146
f 356 355 135
f 356 357 135
f 356 355 144
f 356 357 144
f 356 355 135
f 356 357 135
f 376 315 313
f 376 385 399
f 376 385 397
f 580 376 399
f 580 376 397
f 580 385 396
f 580 385 396
f 580 385 394
f 580 385 394
f 580 385 392
f 580 385 392
f 540 626 541
f 540 631 541
f 540 438 437
f 540 438 541
f 540 633 541
f 540 439 438
f 540 439 438
f 540 439 440
f 540 439 541
f 540 441 440
f 540 441 541
f 540 642 641
f 540 465 463
f 540 465 463
f 540 465 539
f 540 465 541
f 540 539 469
f 540 541 469
f 540 473 539
f 540 473 699
f 540 473 699
f 540 649 541
f 540 697 541
f 540 699 697
f 540 699 697
f 540 651 541
f 540 697 696
f 540 697 541
f 540 651 652
f 540 695 696
f 540 695 541
f 540 653 652
f 540 695 694
f 540 695 541
f 540 653 541
f 540 692 694
f 540 692 541
f 540 541 654
f 540 692 690
f 540 692 541
f 540 539 655
f 540 541 655
f 540 689 690
f 540 689 541
f 540 541 667
f 540 689 688
f 540 668 539
f 540 668 667
f 540 668 541
f 540 688 541
f 540 689 685
f 540 689 688
f 540 668 669
f 540 668 541
f 540 682 685
f 540 541 682
f 540 670 669
f 540 670 541
f 540 679 682
f 540 679 541
f 540 670 539
f 540 670 541
f 540 679 677
f 540 679 541
f 540 675 539
f 540 541 675
f 540 677 675
f 540 541 677
f 43 22 44
f 43 42 655
f 43 44 655
f 43 42 23
f 43 22 23
f 43 22 42
f 43 45 42
f 43 45 44
f 43 224 42
f 43 45 44
f 43 45 224
f 43 45 42
f 20 683 685
f 20 19 683
f 20 687 685
f 20 687 19
f 20 687 19
f 20 683 682
f 20 19 683
f 20 681 682
f 20 19 681
f 20 681 679
f 20 19 681
f 20 679 677
f 20 19 679
f 20 677 675
f 20 19 677
f 20 673 675
f 20 19 673
f 20 673 21
f 20 19 673
f 20 670 21
f 20 19 670
f 20 670 669
f 20 19 670
f 20 22 669
f 20 19 22
f 20 22 221
f 20 19 22
f 637 537 536
f 637 636 537
f 637 540 639
f 637 639 542
f 637 636 109
f 635 537 634
f 635 636 537
f 635 540 633
f 635 637 540
f 635 633 542
f 635 637 542
f 635 637 542
f 635 542 632
f 635 633 542
f 635 636 634
f 628 630 531
f 628 626 531
f 628 626 630
f 628 532 630
f 628 626 532
f 628 626 630
f 55 651 109
f 55 150 152
f 55 147 146
f 643 645 526
f 643 642 526
f 643 645 528
f 643 642 528
f 643 531 645
f 643 642 531
f 643 532 531
f 643 642 532
f 643 642 537
f 643 540 642
f 643 642 542
f 643 642 542
f 643 100 642
f 643 114 645
f 643 642 114
f 643 114 645
f 643 642 114
f 643 119 645
f 643 642 119
f 643 119 645
f 643 642 119
f 643 45 645
f 643 45 642
f 648 537 647
f 648 649 537
f 648 540 649
f 648 649 542
f 648 540 646
f 648 540 646
f 648 646 542
f 648 649 542
f 648 646 101
f 648 100 646
f 648 100 649
f 648 649 647
f 102 646 101
f 102 643 642
f 102 642 101
f 102 637 639
f 102 635 637
f 102 635 101
f 102 100 103
f 99 100 654
f 99 100 653
f 99 100 653
f 99 100 651
f 99 100 651
f 99 100 649
f 99 648 100
f 99 643 100
f 99 103 139
f 108 100 103
f 323 356 357
f 323 356 325
f 323 356 355
f 323 356 325
f 323 399 398
f 323 385 399
f 323 403 322
f 323 397 398
f 323 385 397
f 323 385 397
f 330 323 325
f 330 403 331
f 324 441 440
f 324 439 440
f 324 439 437
f 324 325 403
f 324 323 403
f 324 376 385
f 324 323 376
f 324 323 376
f 18 687 19
f 18 214 21
f 18 214 19
f 18 688 21
f 18 687 688
f 18 687 688
f 18 687 685
f 18 687 19
f 18 683 685
f 18 19 683
f 18 222 221
f 18 19 222
f 18 683 682
f 18 19 683
f 18 22 222
f 18 19 22
f 18 681 682
f 18 19 681
f 18 22 669
f 18 19 22
f 18 681 679
f 18 19 681
f 18 670 669
f 18 19 670
f 18 679 677
f 18 19 679
f 18 670 17
f 18 19 670
f 18 677 675
f 18 19 677
f 18 675 17
f 18 19 675
f 504 439 440
f 504 439 438
f 485 482 527
f 485 729 25
f 485 439 438
f 712 470 469
f 8 24 655
f 8 668 669
f 3 687 688
f 726 725 697
f 726 725 699
f 726 725 695
f 726 725 695
f 726 725 222
f 726 725 699
f 726 725 692
f 726 725 700
f 726 689 725
f 726 689 725
f 726 725 688
f 726 725 682
f 726 479 725
f 726 479 725
f 726 725 679
f 726 725 481
f 726 725 481
f 726 725 483
f 726 485 725
f 477 238 478
f 477 475 701
f 477 475 700
f 477 701 702
f 477 479 702
f 477 700 701
f 477 699 700
f 477 475 699
f 477 475 699
f 477 700 535
f 477 475 532
f 477 532 535
f 477 475 532
f 477 532 531
f 477 481 527
f 477 530 531
f 477 530 527
f 477 475 530
f 477 475 530
f 477 481 527
f 477 475 527
f 477 475 459
f 477 481 482
f 477 475 482
f 205 726 725
f 205 699 206
f 205 712 73
f 205 699 206
f 205 206 696
f 205 202 696
f 205 202 693
f 205 324 206
f 205 324 206
f 205 324 202
f 317 205 206
f 317 205 316
f 317 450 214
f 317 441 440
f 317 441 316
f 317 439 440
f 317 439 316
f 317 439 437
f 317 439 316
f 317 396 316
f 317 396 316
f 317 316 397
f 317 316 403
f 317 316 399
f 318 356 357
f 318 356 355
f 318 356 315
f 318 356 315
f 318 365 315
f 318 376 373
f 318 385 316
f 318 316 390
f 318 320 390
f 318 316 390
f 318 320 390
f 318 316 392
f 318 320 392
f 318 320 319
f 318 316 392
f 318 319 392
f 318 316 394
f 318 319 394
f 318 316 394
f 318 317 316
f 318 319 394
f 318 396 319
f 318 317 396
f 318 396 397
f 318 317 396
f 318 397 398
f 318 317 397
f 318 399 398
f 318 317 399
f 318 403 405
f 318 317 403
f 314 315 316
f 314 205 313
f 314 205 316
f 314 317 316
f 314 317 450
f 314 441 313
f 314 441 316
f 314 439 313
f 314 439 316
f 314 439 313
f 314 439 316
f 314 403 313
f 314 315 403
f 314 399 313
f 314 315 313
f 314 315 399
f 293 205 204
f 293 205 206
f 293 439 440
f 293 439 438
f 293 399 401
f 293 399 398
f 293 397 398
f 293 396 397
f 293 396 292
f 293 292 394
f 293 292 394
f 293 292 392
f 293 292 392
f 293 390 292
f 293 390 389
f 293 382 381
f 293 296 382
f 293 356 357
f 293 356 296
f 293 296 355
f 293 356 355
f 293 356 296
f 386 385 394
f 386 385 394
f 386 318 385
f 386 385 392
f 386 318 385
f 386 385 392
f 386 385 315
f 386 385 390
f 386 385 315
f 407 330 331
f 407 324 325
f 407 324 323
f 407 323 322
f 407 320 405
f 407 318 405
f 407 318 317
f 407 317 316
f 407 315 316
f 407 314 315
f 407 314 313
f 419 526 528
f 419 532 531
f 435 434 542
f 435 540 434
f 435 434 542
f 435 540 434
f 435 434 549
f 435 434 537
f 435 434 536
f 435 434 532
f 435 434 530
f 435 434 528
f 435 530 528
f 435 434 528
f 435 434 530
f 435 526 527
f 435 434 526
f 435 434 526
f 435 504 434
f 435 504 434
f 435 293 434
f 435 314 315
f 435 485 438
f 435 485 434
f 435 438 483
f 435 434 483
f 435 438 483
f 435 434 483
f 435 479 438
f 435 479 434
f 435 434 438
f 435 479 438
f 435 479 434
f 321 439 437
f 321 439 437
f 321 407 322
f 321 407 320
f 321 439 440
f 321 439 440
f 321 403 322
f 321 403 320
f 321 205 206
f 321 205 206
f 321 441 440
f 321 441 440
f 321 323 385
f 321 376 373
f 321 399 398
f 321 399 320
f 321 386 385
f 321 397 398
f 321 397 320
f 321 386 385
f 321 396 397
f 321 396 320
f 321 320 394
f 321 386 394
f 321 385 396
f 321 385 397
f 321 385 396
f 321 320 394
f 321 320 392
f 321 389 392
f 321 320 392
f 321 390 389
f 321 320 390
f 321 320 390
f 341 127 126
f 341 129 132
f 538 435 434
f 538 435 434
f 538 537 437
f 538 540 424
f 538 615 617
f 538 626 537
f 538 540 626
f 538 631 537
f 538 540 631
f 538 631 537
f 538 540 631
f 538 633 537
f 538 540 633
f 538 633 537
f 538 635 540
f 538 635 537
f 538 635 633
f 538 635 637
f 538 635 636
f 538 637 540
f 538 635 637
f 538 637 636
f 538 637 639
f 538 637 537
f 538 540 642
f 538 639 537
f 538 642 537
f 538 643 540
f 538 643 642
f 538 646 537
f 538 540 646
f 538 646 537
f 538 648 540
f 538 648 537
f 538 648 540
f 538 648 649
f 538 540 649
f 538 649 537
f 538 540 651
f 538 651 537
f 538 540 651
f 538 651 537
f 538 540 653
f 538 653 537
f 538 540 653
f 538 653 537
f 538 540 539
f 538 540 654
f 538 537 654
f 538 539 655
f 538 537 655
f 538 668 539
f 538 668 669
f 538 668 669
f 538 670 669
f 538 537 670
f 538 670 669
f 538 670 539
f 538 537 670
f 538 537 677
f 538 675 539
f 538 677 675
f 538 677 675
f 538 679 677
f 538 537 679
f 538 679 682
f 538 537 679
f 538 537 690
f 538 689 690
f 538 689 690
f 538 692 690
f 538 537 692
f 538 682 685
f 538 689 685
f 538 689 682
f 538 695 692
f 538 537 695
f 538 695 697
f 538 537 697
f 538 537 695
f 467 464 462
f 467 434 438
f 467 470 469
f 467 462 469
f 467 462 470
f 467 434 438
f 467 459 462
f 467 438 472
f 467 459 472
f 551 693 694
f 551 465 694
f 551 465 463
f 551 465 463
f 350 133 131
f 348 108 347
f 348 347 111
f 348 117 347
f 348 117 347
f 348 347 118
f 348 347 119
f 348 347 121
f 348 347 121
f 348 347 123
f 348 347 123
f 348 347 125
f 348 347 125
f 348 347 127
f 348 347 127
f 348 347 130
f 348 347 130
f 466 542 541
f 466 465 541
f 466 465 542
f 466 542 543
f 466 465 542
f 466 465 697
f 466 465 699
f 466 465 699
f 466 465 700
f 466 465 464
f 466 467 464
f 466 467 275
f 506 435 434
f 506 435 434
f 534 435 434
f 534 536 424
f 534 419 537
f 534 615 617
f 534 626 536
f 534 628 626
f 534 631 630
f 534 631 536
f 534 633 536
f 534 633 634
f 534 635 634
f 534 635 636
f 534 635 636
f 534 637 636
f 534 637 636
f 534 639 536
f 534 637 536
f 534 642 641
f 534 643 642
f 534 646 536
f 534 646 647
f 534 648 647
f 534 648 649
f 534 649 536
f 534 651 536
f 534 651 652
f 534 653 652
f 534 653 536
f 534 536 535
f 534 536 654
f 534 701 655
f 534 535 701
f 534 690 655
f 534 695 535
f 534 695 690
f 534 695 690
f 534 682 535
f 534 690 682
f 534 690 682
f 170 321 323
f 246 245 463
f 246 245 465
f 246 466 245
f 246 245 481
f 246 466 467
f 246 245 481
f 246 245 479
f 246 245 470
f 246 245 479
f 246 245 478
f 246 245 470
f 246 245 472
f 246 245 472
f 246 245 474
f 244 246 463
f 244 246 245
f 244 245 463
f 244 245 465
f 244 466 245
f 244 466 467
f 244 245 470
f 458 477 475
f 458 477 481
f 458 477 459
f 458 457 527
f 458 530 457
f 458 530 457
f 458 532 457
f 458 532 457
f 458 457 536
f 458 537 457
f 458 537 457
f 458 540 457
f 458 540 457
f 458 542 457
f 458 542 457
f 458 457 693
f 458 457 696
f 458 457 697
f 458 699 457
f 458 699 457
f 458 457 700
f 460 475 463
f 460 475 459
f 460 475 473
f 460 475 473
f 460 458 459
f 460 463 527
f 460 458 527
f 460 530 463
f 460 458 530
f 460 530 463
f 460 458 530
f 460 532 463
f 460 458 542
f 460 458 532
f 460 532 463
f 460 458 542
f 460 458 532
f 460 458 540
f 460 458 536
f 460 458 540
f 460 458 537
f 460 458 693
f 460 458 537
f 460 458 696
f 460 458 697
f 460 458 699
f 460 458 699
f 460 458 700
f 460 458 218
f 460 244 246
f 236 170 39
f 236 726 479
f 236 726 725
f 229 231 39
f 229 231 41
f 229 231 37
f 229 231 41
f 229 231 37
f 229 231 36
f 229 231 33
f 229 231 33
f 229 231 31
f 229 231 30
f 229 231 30
f 229 231 26
f 229 231 26
f 229 231 24
f 229 8 231
f 568 659 658
f 568 659 661
f 415 568 580
f 400 580 376
f 400 324 325
f 400 376 385
f 400 376 385
f 400 324 323
f 400 324 385
f 400 314 399
f 400 314 403
f 400 323 399
f 400 323 403
f 400 323 385
f 400 324 323
f 400 314 315
f 400 314 315
f 400 321 399
f 400 321 403
f 400 315 316
f 400 315 316
f 400 321 399
f 400 321 403
f 400 317 316
f 400 317 316
f 400 399 320
f 400 403 320
f 400 318 317
f 400 318 317
f 400 318 399
f 400 318 403
f 402 293 401
f 402 293 404
f 613 540 541
f 613 540 615
f 613 542 541
f 613 538 540
f 613 538 540
f 613 538 537
f 613 538 615
f 613 537 536
f 613 615 537
f 613 534 536
f 613 534 615
f 613 615 532
f 613 532 529
f 613 532 531
f 613 615 531
f 613 526 529
f 613 615 526
f 613 114 112
f 613 615 114
f 613 114 116
f 613 615 114
f 613 119 116
f 613 615 119
f 613 119 120
f 613 615 119
f 613 121 120
f 616 540 617
f 616 540 615
f 616 542 617
f 616 615 542
f 616 538 615
f 616 538 540
f 616 538 540
f 616 542 617
f 616 615 542
f 629 537 630
f 629 628 537
f 629 534 630
f 629 534 628
f 629 534 628
f 629 538 537
f 629 538 628
f 629 538 540
f 629 538 628
f 629 628 540
f 629 540 631
f 629 540 631
f 629 628 542
f 629 631 542
f 629 628 542
f 629 631 542
f 629 631 632
f 629 102 628
f 629 635 101
f 629 635 637
f 629 102 101
f 629 102 631
f 629 637 101
f 629 628 630
f 629 100 101
f 629 628 100
f 629 643 628
f 629 100 642
f 629 628 100
f 627 626 537
f 627 628 537
f 627 628 626
f 627 538 626
f 627 538 628
f 627 538 540
f 627 538 628
f 627 540 626
f 627 628 540
f 627 626 542
f 627 628 542
f 627 628 542
f 627 542 543
f 627 626 542
f 627 102 628
f 627 628 100
f 627 628 626
f 627 99 643
f 627 628 100
f 627 99 100
f 627 643 628
f 627 99 643
f 512 515 653
f 512 515 651
f 512 515 653
f 512 515 651
f 512 515 654
f 512 515 647
f 512 515 725
f 512 419 515
f 520 404 401
f 50 647 114
f 50 646 647
f 50 143 135
f 65 147 148
f 65 150 151
f 65 699 702
f 65 699 697
f 65 697 696
f 65 692 693
f 110 649 647
f 110 55 649
f 110 649 109
f 110 55 109
f 110 55 649
f 110 646 647
f 110 646 647
f 110 646 645
f 110 646 109
f 110 643 645
f 110 643 109
f 110 643 642
f 110 643 642
f 110 642 641
f 110 642 641
f 110 631 630
f 110 631 630
f 110 628 630
f 110 628 630
f 110 639 112
f 110 639 109
f 110 631 632
f 110 631 109
f 110 628 626
f 110 628 626
f 110 636 112
f 110 636 109
f 110 633 632
f 110 633 109
f 110 626 625
f 110 626 109
f 110 636 634
f 110 636 634
f 110 633 634
f 110 633 634
f 110 615 617
f 110 613 615
f 110 616 617
f 110 616 615
f 110 616 615
f 110 613 112
f 110 348 347
f 110 348 347
f 58 661 662
f 58 661 660
f 58 55 653
f 58 55 653
f 58 55 651
f 58 110 55
f 58 110 55
f 58 672 21
f 58 672 673
f 58 143 135
f 58 143 140
f 335 568 439
f 335 118 121
f 335 121 122
f 335 148 141
f 335 154 148
f 335 154 151
f 97 653 652
f 115 99 100
f 115 99 118
f 115 99 103
f 115 108 103
f 115 118 139
f 115 348 347
f 115 348 347
f 486 487 527
f 486 485 527
f 486 485 482
f 486 726 485
f 486 485 439
f 486 435 485
f 486 485 729
f 492 495 729
f 492 439 438
f 492 439 493
f 210 699 700
f 210 450 324
f 210 450 324
f 210 321 322
f 216 458 457
f 216 458 218
f 216 458 218
f 216 314 218
f 216 293 218
f 220 726 725
f 220 460 458
f 220 460 458
f 220 458 218
f 220 458 457
f 220 18 221
f 220 18 19
f 220 20 19
f 220 20 221
f 220 22 221
f 220 293 218
f 488 486 487
f 488 486 726
f 488 486 729
f 488 435 485
f 488 486 435
f 488 486 435
f 488 486 439
f 497 439 499
f 444 467 438
f 444 467 438
f 444 438 472
f 444 434 438
f 444 438 474
f 444 481 483
f 444 488 486
f 563 565 693
f 563 565 688
f 563 441 565
f 563 687 565
f 563 439 565
f 563 687 565
f 563 439 565
f 563 684 565
f 563 684 565
f 563 565 683
f 563 681 683
f 563 678 565
f 563 678 565
f 563 565 676
f 563 565 674
f 563 565 672
f 563 565 672
f 563 564 659
f 563 565 670
f 563 564 659
f 563 565 668
f 563 564 661
f 563 565 668
f 563 564 662
f 563 565 666
f 563 564 664
f 563 665 565
f 563 564 665
f 563 564 665
f 307 402 400
f 307 403 404
f 307 407 408
f 307 435 434
f 307 438 437
f 307 439 438
f 307 439 438
f 307 439 440
f 423 293 422
f 423 542 424
f 423 422 542
f 423 542 541
f 423 422 542
f 423 540 541
f 423 540 422
f 423 538 540
f 423 538 540
f 423 422 503
f 423 538 537
f 423 538 422
f 423 506 422
f 423 537 536
f 423 422 537
f 423 506 422
f 423 534 536
f 423 534 422
f 423 532 531
f 423 422 532
f 423 531 424
f 423 422 531
f 423 424 528
f 423 422 528
f 423 424 526
f 423 422 526
f 16 214 21
f 16 693 694
f 16 695 694
f 16 692 693
f 16 220 221
f 16 692 690
f 16 222 221
f 16 689 690
f 16 688 21
f 16 689 688
f 16 687 688
f 16 687 685
f 16 683 685
f 16 683 682
f 16 681 682
f 16 670 17
f 16 681 679
f 16 675 17
f 16 679 677
f 16 677 675
f 454 477 479
f 454 214 697
f 454 214 699
f 722 700 701
f 722 506 503
f 706 220 463
f 309 205 310
f 309 216 310
f 309 220 310
f 309 310 441
f 309 310 439
f 309 310 439
f 309 407 310
f 309 310 403
f 309 402 310
f 309 402 400
f 305 205 206
f 305 216 218
f 305 220 218
f 305 386 385
f 305 307 385
f 305 307 386
f 305 307 382
f 305 307 390
f 305 307 390
f 305 307 392
f 305 307 392
f 305 307 394
f 305 307 394
f 305 441 440
f 305 307 396
f 305 439 440
f 305 307 396
f 305 439 438
f 305 307 397
f 305 438 437
f 305 307 399
f 305 307 400
f 305 435 434
f 305 307 400
f 305 307 402
f 305 307 402
f 305 307 403
f 305 423 424
f 305 307 404
f 305 407 408
f 378 321 323
f 378 293 296
f 378 293 375
f 295 205 298
f 295 205 298
f 295 216 218
f 295 220 218
f 295 441 296
f 295 439 296
f 295 439 296
f 295 435 434
f 372 293 296
f 372 293 365
f 372 293 373
f 372 293 365
f 372 580 376
f 372 321 323
f 372 376 325
f 372 323 325
f 372 323 376
f 372 321 376
f 372 321 323
f 372 321 320
f 372 321 373
f 372 315 313
f 372 315 373
f 372 318 320
f 372 318 373
f 372 315 316
f 372 315 316
f 372 318 316
f 372 318 316
f 272 273 472
f 272 467 273
f 272 273 472
f 272 466 467
f 272 273 474
f 272 466 273
f 272 273 478
f 272 273 479
f 272 273 464
f 272 460 273
f 272 458 273
f 284 419 404
f 284 205 204
f 406 419 408
f 406 305 407
f 406 307 407
f 406 307 407
f 406 305 307
f 406 305 307
f 406 293 404
f 406 419 293
f 406 419 515
f 409 309 407
f 409 309 410
f 409 307 407
f 409 407 314
f 409 410 314
f 409 307 408
f 409 307 410
f 409 407 314
f 409 410 314
f 409 305 408
f 409 305 410
f 409 407 315
f 409 410 315
f 409 410 356
f 409 366 356
f 409 407 317
f 409 410 317
f 409 410 356
f 409 366 356
f 409 410 408
f 409 407 318
f 409 410 318
f 409 407 318
f 409 410 318
f 409 407 330
f 409 410 330
f 409 407 320
f 409 410 320
f 409 321 407
f 409 321 410
f 409 407 324
f 409 410 324
f 409 321 407
f 409 321 410
f 409 407 324
f 409 410 324
f 409 407 323
f 409 410 323
f 421 422 542
f 421 422 542
f 421 540 422
f 421 538 540
f 421 538 422
f 421 422 537
f 421 534 422
f 421 422 532
f 421 422 531
f 421 422 528
f 421 422 526
f 411 419 410
f 411 305 410
f 411 307 410
f 411 309 410
f 411 410 356
f 411 410 356
f 411 410 314
f 411 410 314
f 411 410 315
f 411 410 317
f 411 410 318
f 411 410 318
f 411 410 320
f 411 321 410
f 411 410 330
f 411 321 410
f 411 410 323
f 411 410 324
f 411 410 324
f 544 421 422
f 544 423 422
f 544 423 424
f 544 616 615
f 544 616 617
f 544 435 434
f 544 627 543
f 544 627 628
f 544 438 543
f 544 629 628
f 544 439 438
f 544 439 440
f 544 643 642
f 544 642 641
f 544 441 440
f 544 648 649
f 544 635 637
f 544 649 543
f 544 635 632
f 544 629 632
f 544 629 635
f 544 651 543
f 544 651 652
f 544 458 457
f 544 653 652
f 544 460 458
f 544 653 543
f 544 543 655
f 544 465 463
f 544 660 543
f 544 466 465
f 544 466 543
f 544 660 543
f 544 696 543
f 544 543 662
f 544 696 543
f 544 664 543
f 544 693 543
f 544 666 664
f 544 692 693
f 544 666 543
f 544 692 543
f 544 668 543
f 544 690 543
f 544 668 669
f 544 689 690
f 544 670 669
f 544 689 688
f 544 670 543
f 544 687 688
f 544 543 675
f 544 687 543
f 544 687 686
f 544 677 543
f 544 679 677
f 544 683 543
f 544 681 679
f 544 683 682
f 544 681 682
f 436 542 541
f 436 435 542
f 436 540 541
f 436 435 540
f 436 542 543
f 436 435 542
f 436 540 437
f 436 435 540
f 436 544 543
f 436 544 435
f 436 538 437
f 436 538 435
f 436 538 537
f 436 538 435
f 436 537 536
f 436 435 537
f 436 536 535
f 436 435 536
f 436 534 535
f 436 534 435
f 436 532 531
f 436 435 532
f 436 530 531
f 436 435 530
f 436 530 437
f 436 435 530
f 436 563 565
f 436 563 435
f 436 437 528
f 436 435 528
f 436 437 527
f 436 435 527
f 436 506 435
f 436 324 437
f 436 435 324
f 436 506 438
f 436 435 504
f 436 321 437
f 436 321 435
f 436 504 438
f 436 435 504
f 436 321 437
f 436 321 435
f 436 504 438
f 436 317 437
f 436 435 317
f 436 317 316
f 436 435 317
f 436 296 438
f 436 295 296
f 436 295 435
f 436 314 316
f 436 435 314
f 436 293 438
f 436 435 293
f 436 314 313
f 436 435 314
f 436 309 310
f 436 309 435
f 436 305 437
f 436 305 435
f 436 307 437
f 436 307 435
f 387 386 394
f 387 321 394
f 387 321 386
f 387 386 392
f 387 321 386
f 387 386 392
f 387 386 318
f 387 386 390
f 387 386 390
f 387 386 318
f 387 386 315
f 387 386 315
f 387 305 307
f 387 386 296
f 387 293 384
f 339 411 341
f 339 409 341
f 339 409 366
f 339 366 355
f 339 366 348
f 339 341 99
f 339 341 102
f 339 341 102
f 339 115 117
f 339 117 118
f 339 118 121
f 339 118 121
f 339 121 122
f 339 123 122
f 339 123 338
f 339 125 338
f 339 125 338
f 339 125 126
f 339 138 338
f 339 139 138
f 339 139 141
f 339 141 338
f 339 143 338
f 339 143 338
f 339 338 144
f 339 338 146
f 339 147 338
f 339 147 148
f 339 150 148
f 339 150 151
f 339 154 338
f 345 133 132
f 345 137 135
f 153 339 154
f 153 55 155
f 153 154 151
f 153 339 151
f 153 339 151
f 276 467 275
f 276 467 277
f 276 275 472
f 276 277 472
f 276 467 275
f 276 467 277
f 276 275 472
f 276 277 472
f 276 275 464
f 276 277 464
f 276 275 474
f 276 277 474
f 276 275 478
f 276 277 478
f 276 479 275
f 276 277 479
f 276 458 459
f 276 458 277
f 276 458 275
f 276 458 277
f 274 467 275
f 274 467 273
f 274 275 472
f 274 273 472
f 274 466 467
f 274 466 467
f 274 275 472
f 274 273 472
f 274 466 275
f 274 466 273
f 274 275 474
f 274 273 474
f 274 275 464
f 274 273 464
f 274 275 478
f 274 273 478
f 274 479 275
f 274 273 479
f 274 460 459
f 274 460 273
f 274 458 459
f 274 458 273
f 550 435 434
f 550 551 435
f 550 423 424
f 550 423 551
f 550 436 551
f 550 423 422
f 550 423 551
f 550 435 549
f 550 436 435
f 550 436 551
f 550 421 422
f 550 421 551
f 550 436 437
f 550 551 439
f 550 439 437
f 550 439 440
f 550 551 439
f 550 686 685
f 550 687 686
f 550 551 687
f 550 441 440
f 550 551 441
f 550 684 685
f 550 687 688
f 550 551 687
f 550 684 686
f 550 551 684
f 550 684 683
f 550 689 688
f 550 551 689
f 550 551 684
f 550 683 682
f 550 689 548
f 550 551 689
f 550 551 683
f 550 681 682
f 550 693 548
f 550 551 693
f 550 551 693
f 550 551 681
f 550 549 680
f 550 681 680
f 550 551 681
f 550 458 457
f 550 458 551
f 550 679 549
f 550 551 679
f 550 460 551
f 550 460 458
f 550 460 458
f 550 678 679
f 550 551 678
f 550 678 549
f 550 551 678
f 550 627 648
f 550 627 648
f 550 676 549
f 550 551 676
f 550 659 658
f 550 551 659
f 550 649 549
f 550 648 649
f 550 648 649
f 550 676 549
f 550 551 676
f 550 659 549
f 550 551 659
f 550 674 549
f 550 551 674
f 550 661 549
f 550 551 661
f 550 674 549
f 550 551 674
f 550 661 549
f 550 551 661
f 550 672 549
f 550 551 672
f 550 549 662
f 550 551 662
f 550 672 549
f 550 551 672
f 550 549 664
f 550 551 664
f 550 670 549
f 550 551 670
f 550 665 549
f 550 551 665
f 550 670 549
f 550 551 670
f 550 665 666
f 550 551 665
f 550 668 549
f 550 551 668
f 550 666 549
f 550 551 666
f 550 668 549
f 550 551 668
f 552 421 551
f 552 421 551
f 552 423 551
f 552 423 551
f 552 659 658
f 552 551 659
f 552 551 435
f 552 659 660
f 552 551 659
f 552 436 435
f 552 436 551
f 552 661 660
f 552 551 661
f 552 436 437
f 552 436 551
f 552 661 553
f 552 551 661
f 552 439 437
f 552 551 439
f 552 553 662
f 552 551 662
f 552 439 440
f 552 551 439
f 552 664 553
f 552 551 664
f 552 441 440
f 552 551 441
f 552 665 664
f 552 551 665
f 552 665 666
f 552 551 665
f 552 666 553
f 552 551 666
f 552 668 553
f 552 551 668
f 552 668 669
f 552 551 668
f 552 458 457
f 552 458 551
f 552 670 669
f 552 551 670
f 552 460 458
f 552 460 458
f 552 670 553
f 552 551 670
f 552 672 553
f 552 551 672
f 552 463 693
f 552 672 673
f 552 551 672
f 552 693 553
f 552 551 693
f 552 463 693
f 552 551 693
f 552 551 463
f 552 674 673
f 552 551 674
f 552 689 553
f 552 551 689
f 552 674 553
f 552 551 674
f 552 689 688
f 552 551 689
f 552 676 553
f 552 551 676
f 552 687 688
f 552 551 687
f 552 676 677
f 552 551 676
f 552 687 686
f 552 551 687
f 552 678 677
f 552 551 678
f 552 684 686
f 552 551 684
f 552 678 679
f 552 551 678
f 552 684 683
f 552 551 684
f 552 679 553
f 552 551 679
f 552 681 683
f 552 681 553
f 552 551 681
f 552 681 683
f 552 551 683
f 552 551 681
f 555 436 435
f 555 436 437
f 555 439 437
f 555 439 440
f 555 441 440
f 555 458 457
f 555 460 458
f 555 460 693
f 555 693 553
f 555 689 553
f 555 689 688
f 555 687 688
f 555 687 686
f 555 684 686
f 555 684 683
f 555 681 683
f 555 681 553
f 555 678 553
f 555 678 676
f 555 676 674
f 555 556 672
f 555 672 670
f 555 556 672
f 555 556 670
f 555 556 668
f 555 556 668
f 555 556 666
f 555 556 665
f 555 556 665
f 555 556 664
f 555 556 662
f 555 556 661
f 555 556 661
f 555 556 659
f 555 556 659
f 581 552 551
f 581 550 419
f 581 544 419
f 581 411 410
f 581 419 542
f 581 409 410
f 581 409 407
f 581 409 407
f 581 407 580
f 581 406 407
f 581 580 403
f 581 400 580
f 581 402 400
f 581 400 580
f 581 580 399
f 581 580 397
f 581 580 396
f 581 580 396
f 581 580 394
f 581 580 394
f 581 580 392
f 581 580 392
f 581 385 390
f 581 580 385
f 581 386 385
f 581 386 390
f 581 387 386
f 581 378 580
f 581 580 376
f 581 372 580
f 581 372 580
f 297 356 296
f 297 356 298
f 297 356 296
f 297 356 298
f 297 372 365
f 297 372 365
f 297 372 296
f 297 372 298
f 297 378 296
f 297 378 298
f 297 441 296
f 297 441 298
f 297 439 296
f 297 439 298
f 297 296 382
f 297 298 382
f 297 439 296
f 297 439 298
f 297 296 438
f 297 298 438
f 297 386 296
f 297 386 298
f 297 436 296
f 297 436 298
f 297 387 386
f 297 387 386
f 297 436 435
f 297 436 435
f 297 435 434
f 297 435 434
f 297 296 390
f 297 298 390
f 297 296 390
f 297 298 390
f 297 296 392
f 297 298 392
f 297 296 392
f 297 298 392
f 297 423 298
f 297 296 394
f 297 298 394
f 297 423 422
f 297 423 422
f 297 296 394
f 297 298 394
f 297 396 296
f 297 396 298
f 297 396 296
f 297 396 298
f 297 419 408
f 297 419 408
f 297 296 397
f 297 298 397
f 297 406 408
f 297 406 408
f 297 296 399
f 297 298 399
f 297 406 296
f 297 406 298
f 297 296 399
f 297 298 399
f 297 402 296
f 297 402 298
f 297 402 296
f 297 402 298
f 349 350 108
f 349 348 108
f 349 110 350
f 349 110 348
f 349 110 350
f 349 110 348
f 349 350 111
f 349 348 111
f 349 115 350
f 349 115 348
f 349 115 350
f 349 115 348
f 349 350 117
f 349 348 117
f 349 350 117
f 349 348 117
f 349 350 118
f 349 348 118
f 349 350 119
f 349 348 119
f 349 350 121
f 349 348 121
f 349 350 121
f 349 348 121
f 349 350 123
f 349 348 123
f 349 350 123
f 349 348 123
f 349 350 125
f 349 348 125
f 349 350 125
f 349 348 125
f 349 350 127
f 349 348 127
f 349 350 127
f 349 348 127
f 349 350 130
f 349 348 130
f 349 350 130
f 349 348 130
f 349 350 133
f 349 347 133
f 349 348 347
f 349 350 133
f 349 347 133
f 349 350 135
f 349 347 135
f 349 347 135
f 349 143 135
f 349 350 143
f 349 347 140
f 349 143 140
f 349 347 143
f 349 350 143
f 349 347 143
f 349 350 144
f 349 347 144
f 349 350 146
f 349 347 146
f 349 347 147
f 349 147 146
f 349 350 146
f 349 347 147
f 349 150 347
f 349 150 152
f 349 350 152
f 349 150 347
f 349 345 348
f 349 350 155
f 349 153 155
f 349 348 350
f 349 297 350
f 349 297 350
f 349 345 330
f 349 350 323
f 349 345 323
f 349 350 323
f 349 345 323
f 349 307 350
f 349 345 307
f 349 350 318
f 349 345 318
f 349 350 318
f 349 345 318
f 620 534 621
f 620 621 537
f 620 538 621
f 620 621 532
f 620 538 540
f 620 621 531
f 620 540 621
f 620 621 526
f 620 621 542
f 620 621 542
f 620 110 621
f 620 110 621
f 620 621 114
f 620 621 114
f 620 621 119
f 620 621 617
f 623 534 536
f 623 534 621
f 623 537 536
f 623 621 537
f 623 538 621
f 623 532 531
f 623 621 532
f 623 531 625
f 623 621 531
f 623 621 526
f 623 528 625
f 623 526 528
f 623 526 528
f 623 110 109
f 623 110 621
f 623 110 625
f 623 110 621
f 623 114 625
f 623 621 114
f 623 114 116
f 623 621 114
f 623 119 116
f 623 621 119
f 623 621 119
f 623 626 119
f 623 626 119
f 644 534 536
f 644 534 643
f 644 534 643
f 644 537 536
f 644 643 537
f 644 538 537
f 644 538 643
f 644 538 643
f 644 643 540
f 644 538 646
f 644 538 540
f 644 540 646
f 644 643 542
f 644 646 542
f 644 643 542
f 644 646 101
f 644 100 646
f 644 643 100
f 644 99 643
f 644 648 542
f 644 648 646
f 644 102 101
f 644 102 643
f 644 648 100
f 644 99 648
f 644 544 643
f 644 544 648
f 644 99 643
f 644 99 648
f 644 627 643
f 644 627 648
f 644 643 109
f 644 627 648
f 644 627 628
f 644 627 643
f 644 629 628
f 644 629 643
f 177 229 43
f 177 229 231
f 177 305 307
f 242 37 39
f 242 245 36
f 242 245 33
f 242 245 33
f 242 245 31
f 242 245 26
f 242 483 25
f 242 245 483
f 242 245 481
f 242 245 31
f 242 245 481
f 242 245 479
f 242 245 479
f 242 245 478
f 242 245 474
f 242 475 474
f 242 473 245
f 242 473 245
f 242 245 472
f 242 245 470
f 242 244 245
f 461 473 459
f 461 460 473
f 461 460 473
f 461 276 277
f 461 276 277
f 461 276 275
f 461 460 459
f 461 276 459
f 461 463 462
f 461 473 462
f 461 473 463
f 461 279 459
f 461 274 275
f 461 274 460
f 461 274 273
f 461 274 460
f 461 220 463
f 461 220 460
f 461 272 273
f 461 272 460
f 461 463 700
f 461 460 700
f 461 699 463
f 461 460 699
f 461 244 246
f 461 460 244
f 461 699 463
f 461 460 699
f 461 463 697
f 461 460 697
f 461 463 696
f 461 460 696
f 461 463 693
f 461 460 693
f 461 463 693
f 461 460 693
f 461 552 463
f 461 552 460
f 461 552 551
f 461 552 460
f 461 551 463
f 461 460 551
f 461 544 463
f 461 544 460
f 461 542 463
f 461 460 542
f 461 542 463
f 461 460 542
f 461 540 463
f 461 460 540
f 461 540 463
f 461 460 540
f 461 537 463
f 461 460 537
f 461 537 463
f 461 460 537
f 461 463 536
f 461 460 536
f 461 460 463
f 232 231 39
f 232 231 37
f 232 231 41
f 232 231 37
f 232 231 36
f 232 231 33
f 232 231 33
f 232 231 31
f 232 231 30
f 232 231 30
f 232 231 26
f 232 231 26
f 232 231 24
f 232 726 231
f 232 475 720
f 232 231 473
f 232 231 473
f 232 231 472
f 232 231 470
f 232 466 231
f 232 231 470
f 232 466 467
f 237 170 238
f 237 236 170
f 237 37 238
f 237 236 37
f 237 37 238
f 237 236 37
f 237 238 36
f 237 236 36
f 237 238 33
f 237 236 33
f 237 238 33
f 237 236 33
f 237 238 31
f 237 236 31
f 237 238 30
f 237 236 30
f 237 238 30
f 237 236 30
f 237 238 26
f 237 236 26
f 237 238 26
f 237 236 26
f 237 236 24
f 237 479 238
f 237 479 238
f 237 236 479
f 237 458 238
f 237 477 238
f 237 236 477
f 237 458 459
f 237 477 238
f 237 236 477
f 237 460 459
f 237 475 238
f 237 236 475
f 237 461 460
f 237 475 238
f 237 236 475
f 237 461 238
f 237 473 238
f 237 236 473
f 237 238 463
f 237 473 238
f 237 236 473
f 237 238 463
f 237 236 463
f 237 238 472
f 237 236 472
f 237 465 238
f 237 236 465
f 237 238 470
f 237 236 470
f 237 466 465
f 237 236 466
f 237 238 470
f 237 236 470
f 237 466 467
f 237 236 466
f 227 229 33
f 227 229 31
f 227 229 30
f 227 229 30
f 227 229 26
f 227 229 26
f 227 229 24
f 227 229 24
f 230 726 231
f 230 229 726
f 230 231 473
f 230 231 472
f 230 231 470
f 230 229 470
f 230 231 470
f 230 229 470
f 230 466 467
f 230 229 466
f 230 466 231
f 230 229 466
f 230 232 465
f 230 232 231
f 230 232 463
f 230 232 463
f 230 461 463
f 230 232 461
f 230 232 461
f 230 232 460
f 230 232 458
f 363 121 120
f 363 366 321
f 363 366 321
f 567 568 659
f 567 568 659
f 567 415 568
f 567 568 661
f 567 568 662
f 567 568 664
f 567 568 665
f 567 568 665
f 567 436 568
f 567 568 666
f 567 436 568
f 567 568 668
f 567 568 439
f 567 568 668
f 567 568 670
f 567 335 439
f 567 335 568
f 567 568 672
f 567 335 441
f 567 568 672
f 567 568 674
f 567 568 676
f 567 568 678
f 567 568 678
f 567 568 684
f 369 330 403
f 369 366 330
f 369 366 323
f 614 615 542
f 614 613 542
f 614 613 615
f 614 615 542
f 614 613 542
f 614 544 615
f 614 544 613
f 614 550 616
f 614 550 616
f 614 616 100
f 614 616 99
f 614 552 616
f 614 616 102
f 614 616 99
f 614 110 615
f 614 110 613
f 614 110 613
f 612 542 543
f 612 613 542
f 612 613 542
f 612 544 543
f 612 544 613
f 612 614 550
f 612 614 550
f 612 614 99
f 612 614 100
f 612 614 102
f 612 110 109
f 612 110 613
f 612 110 613
f 640 641 526
f 640 639 526
f 640 641 528
f 640 639 528
f 640 641 531
f 640 639 531
f 640 532 641
f 640 639 532
f 640 534 641
f 640 534 639
f 640 537 641
f 640 639 537
f 640 538 537
f 640 538 639
f 640 538 540
f 640 538 540
f 640 540 641
f 640 540 639
f 640 542 641
f 640 639 542
f 640 542 641
f 640 637 542
f 640 637 639
f 640 544 641
f 640 544 637
f 640 544 637
f 640 637 101
f 640 637 639
f 640 102 101
f 640 102 639
f 640 641 119
f 640 639 119
f 640 641 119
f 640 639 119
f 640 641 114
f 640 639 114
f 640 110 641
f 640 110 639
f 640 641 114
f 640 639 114
f 640 110 641
f 640 110 639
f 513 510 439
f 513 510 439
f 513 436 438
f 425 506 427
f 425 423 506
f 425 506 427
f 425 526 528
f 425 424 526
f 425 423 506
f 425 427 503
f 425 424 528
f 425 423 503
f 425 531 424
f 425 530 531
f 425 532 531
f 425 534 424
f 425 293 427
f 425 423 293
f 425 492 495
f 425 423 497
f 425 536 424
f 425 492 495
f 425 537 536
f 425 538 537
f 425 297 427
f 425 297 423
f 425 297 423
f 425 422 483
f 425 427 483
f 425 422 483
f 425 427 483
f 425 488 485
f 425 538 424
f 425 297 298
f 425 479 422
f 425 479 427
f 425 485 422
f 425 485 427
f 425 467 422
f 425 467 427
f 425 488 485
f 425 540 424
f 425 479 422
f 425 479 427
f 425 422 472
f 425 427 472
f 425 540 541
f 425 422 478
f 425 427 478
f 425 422 472
f 425 427 472
f 425 542 541
f 425 422 474
f 425 427 474
f 425 542 424
f 425 305 424
f 425 544 424
f 425 307 424
f 425 550 424
f 425 550 551
f 425 552 551
f 425 552 424
f 425 555 556
f 425 424 560
f 517 722 515
f 517 515 654
f 517 515 653
f 517 520 653
f 517 515 653
f 517 520 653
f 517 515 651
f 517 520 651
f 517 515 651
f 517 520 651
f 517 515 647
f 517 520 647
f 517 515 646
f 517 520 646
f 517 515 646
f 517 520 646
f 517 515 642
f 517 520 642
f 517 515 642
f 517 520 642
f 517 640 515
f 517 640 520
f 517 640 515
f 517 640 520
f 517 515 639
f 517 520 639
f 517 515 636
f 517 520 636
f 517 520 636
f 517 425 515
f 517 520 633
f 517 425 423
f 517 520 633
f 517 423 515
f 517 520 631
f 517 520 631
f 517 520 626
f 517 406 419
f 517 406 520
f 517 623 520
f 517 406 515
f 517 406 520
f 517 520 404
f 522 520 654
f 522 520 653
f 522 520 653
f 522 520 651
f 522 520 651
f 522 649 647
f 522 520 647
f 522 520 646
f 522 520 646
f 522 643 642
f 522 520 642
f 522 520 642
f 522 640 520
f 522 640 520
f 522 520 639
f 522 520 636
f 522 520 636
f 522 520 633
f 522 520 633
f 522 520 631
f 522 520 631
f 522 425 423
f 522 520 626
f 522 423 520
f 522 425 423
f 522 623 626
f 522 623 520
f 522 623 520
f 522 406 520
f 522 520 621
f 522 520 615
f 522 520 613
f 522 406 520
f 522 520 613
f 48 653 652
f 48 50 653
f 48 651 652
f 48 50 651
f 48 653 654
f 48 50 653
f 48 651 650
f 48 50 651
f 48 654 655
f 48 50 654
f 48 649 650
f 48 50 649
f 48 649 647
f 48 50 649
f 48 646 647
f 48 50 646
f 48 645 116
f 48 646 645
f 48 646 645
f 48 119 116
f 48 50 119
f 48 646 114
f 48 50 114
f 48 50 646
f 48 119 120
f 48 50 119
f 48 121 120
f 48 50 121
f 48 121 122
f 48 50 121
f 48 123 122
f 48 50 123
f 48 123 124
f 48 50 123
f 48 125 124
f 48 50 125
f 48 125 126
f 48 50 125
f 48 127 126
f 48 50 127
f 48 127 46
f 48 50 127
f 48 131 46
f 48 50 131
f 48 155 152
f 48 50 155
f 48 131 46
f 48 50 131
f 48 152 149
f 48 50 152
f 48 135 46
f 48 50 135
f 48 146 149
f 48 50 146
f 48 135 144
f 48 50 135
f 48 146 145
f 48 50 146
f 48 144 145
f 48 50 144
f 52 55 653
f 52 50 653
f 52 55 651
f 52 50 651
f 52 55 653
f 52 50 653
f 52 55 651
f 52 50 651
f 52 50 654
f 52 55 649
f 52 50 649
f 52 55 649
f 52 50 649
f 52 110 55
f 52 662 663
f 52 50 647
f 52 110 647
f 52 110 55
f 52 55 114
f 52 50 114
f 52 55 114
f 52 50 114
f 52 55 119
f 52 50 119
f 52 55 119
f 52 50 119
f 52 55 121
f 52 50 121
f 52 55 121
f 52 50 121
f 52 55 123
f 52 50 123
f 52 55 123
f 52 50 123
f 52 55 125
f 52 50 125
f 52 50 125
f 52 50 127
f 52 50 127
f 52 50 131
f 52 50 131
f 52 50 135
f 52 50 143
f 52 50 155
f 52 50 143
f 52 50 152
f 52 50 144
f 52 50 146
f 52 50 146
f 104 651 101
f 104 653 101
f 104 651 101
f 104 102 103
f 104 649 101
f 104 648 649
f 104 648 101
f 104 646 101
f 104 102 646
f 104 102 646
f 104 644 102
f 104 644 102
f 104 102 643
f 104 102 642
f 104 640 102
f 104 640 102
f 104 102 637
f 104 637 639
f 104 102 635
f 104 635 637
f 104 635 633
f 104 635 633
f 104 102 635
f 104 102 631
f 104 629 102
f 104 629 631
f 104 629 102
f 104 627 102
f 104 627 102
f 104 627 626
f 104 614 616
f 104 612 614
f 104 614 616
f 104 612 614
f 69 104 653
f 69 653 101
f 69 104 653
f 69 137 136
f 69 137 139
f 69 137 139
f 69 150 148
f 69 153 154
f 69 154 156
f 56 55 662
f 56 55 655
f 56 55 662
f 56 55 664
f 56 55 666
f 56 670 21
f 56 55 156
f 61 679 21
f 61 681 21
f 61 205 206
f 332 102 100
f 332 99 100
f 332 102 103
f 332 441 331
f 332 439 331
f 332 439 331
f 332 436 331
f 332 436 435
f 332 411 410
f 332 409 410
f 332 409 407
f 332 407 331
f 332 403 331
f 332 369 403
f 332 369 403
f 332 369 366
f 98 99 654
f 98 97 654
f 98 99 653
f 98 97 653
f 98 99 653
f 98 97 653
f 98 99 651
f 98 651 652
f 98 97 652
f 98 99 651
f 98 651 650
f 98 649 650
f 98 99 649
f 98 648 649
f 98 99 648
f 98 99 648
f 98 614 99
f 98 612 614
f 98 612 614
f 98 339 341
f 98 339 97
f 98 332 99
f 98 332 97
f 98 99 139
f 98 97 139
f 98 99 139
f 98 97 139
f 98 99 118
f 98 115 99
f 657 580 589
f 657 567 568
f 657 567 568
f 657 568 658
f 657 568 580
f 657 564 565
f 657 580 564
f 657 563 564
f 657 560 559
f 657 658 560
f 657 555 556
f 657 555 556
f 657 552 553
f 657 552 658
f 657 552 551
f 657 552 551
f 657 550 551
f 657 550 551
f 657 550 549
f 657 550 658
f 657 549 548
f 657 658 548
f 657 658 549
f 85 123 138
f 85 118 123
f 113 108 100
f 113 115 100
f 113 115 108
f 113 108 100
f 113 115 99
f 113 115 108
f 113 108 139
f 113 108 111
f 113 115 139
f 113 339 111
f 113 339 115
f 113 348 347
f 113 348 347
f 113 349 348
f 113 349 348
f 113 349 350
f 113 349 350
f 491 444 492
f 491 490 729
f 491 492 729
f 491 490 439
f 491 492 439
f 491 490 439
f 491 492 439
f 491 436 490
f 491 436 492
f 491 436 435
f 491 436 492
f 491 435 490
f 491 492 435
f 491 425 490
f 491 425 492
f 491 425 490
f 491 425 492
f 717 205 720
f 717 65 712
f 717 722 65
f 717 726 725
f 717 230 229
f 717 230 472
f 1 220 729
f 1 729 222
f 1 689 729
f 1 729 688
f 1 230 229
f 1 683 682
f 1 729 682
f 1 230 231
f 1 729 679
f 1 232 231
f 1 729 679
f 1 729 677
f 1 237 236
f 1 729 675
f 1 237 729
f 1 729 670
f 1 729 670
f 1 729 24
f 1 729 24
f 1 483 25
f 1 729 25
f 1 729 483
f 4 210 3
f 4 3 692
f 4 3 692
f 4 3 689
f 4 220 3
f 4 3 689
f 4 3 222
f 4 3 687
f 4 3 687
f 4 3 683
f 4 3 683
f 4 3 679
f 4 230 3
f 4 230 229
f 4 230 229
f 4 3 679
f 4 232 3
f 4 3 24
f 4 3 677
f 4 236 3
f 4 3 675
f 4 670 669
f 4 3 670
f 4 3 670
f 312 216 218
f 312 216 310
f 312 205 313
f 312 205 310
f 312 220 218
f 312 220 310
f 312 441 313
f 312 310 441
f 312 439 313
f 312 310 439
f 312 439 313
f 312 310 439
f 312 436 313
f 312 436 435
f 312 356 315
f 312 356 315
f 312 365 315
f 312 372 313
f 312 411 410
f 312 372 373
f 312 409 410
f 312 409 407
f 312 376 313
f 312 407 313
f 312 403 313
f 312 400 403
f 312 382 313
f 312 400 399
f 312 399 313
f 312 386 385
f 312 397 313
f 312 387 386
f 312 396 397
f 312 396 313
f 312 313 390
f 312 313 394
f 312 313 390
f 312 313 394
f 312 313 392
f 312 313 392
f 301 216 218
f 301 216 303
f 301 205 300
f 301 205 303
f 301 220 218
f 301 220 303
f 301 205 204
f 301 441 300
f 301 439 300
f 301 439 438
f 301 438 300
f 301 436 300
f 301 436 435
f 301 435 434
f 301 425 300
f 301 423 300
f 301 423 422
f 301 421 422
f 728 220 729
f 728 729 222
f 728 230 229
f 728 230 229
f 728 230 231
f 728 230 726
f 728 232 231
f 728 232 726
f 728 237 236
f 728 236 726
f 728 237 236
f 728 726 479
f 728 237 479
f 728 726 481
f 728 237 238
f 728 237 729
f 728 238 481
f 728 729 238
f 728 729 481
f 728 726 481
f 728 729 483
f 728 726 483
f 728 485 729
f 728 726 485
f 728 486 485
f 728 486 726
f 728 488 486
f 728 488 486
f 728 491 490
f 728 488 726
f 728 491 492
f 728 491 490
f 728 492 495
f 728 491 492
f 728 495 729
f 728 506 503
f 728 506 725
f 728 506 507
f 728 506 725
f 728 510 507
f 728 510 725
f 728 729 655
f 728 512 655
f 728 512 725
f 728 725 655
f 728 670 655
f 728 729 670
f 728 729 670
f 728 729 675
f 728 725 675
f 728 729 677
f 728 725 677
f 728 729 679
f 728 725 679
f 728 726 725
f 728 729 679
f 728 726 679
f 728 729 682
f 489 490 439
f 489 488 439
f 489 490 439
f 489 488 439
f 489 728 490
f 489 728 488
f 489 488 435
f 489 728 490
f 489 728 488
f 489 436 490
f 489 436 435
f 489 436 435
f 489 435 490
f 489 488 435
f 489 490 729
f 489 488 729
f 489 425 490
f 489 425 488
f 489 425 490
f 489 425 488
f 496 495 439
f 496 497 439
f 496 495 439
f 496 497 439
f 496 728 495
f 496 728 497
f 496 436 495
f 496 436 497
f 496 728 495
f 496 728 497
f 496 436 435
f 496 436 497
f 496 435 495
f 496 497 435
f 496 425 495
f 496 425 497
f 496 425 495
f 496 425 497
f 502 504 438
f 502 436 438
f 502 436 501
f 502 504 439
f 502 501 439
f 502 436 435
f 502 436 501
f 502 504 439
f 502 501 439
f 502 501 504
f 502 435 434
f 502 501 435
f 502 728 725
f 502 728 501
f 502 728 503
f 502 728 501
f 502 425 427
f 502 425 501
f 502 425 423
f 502 425 423
f 502 423 422
f 502 423 501
f 500 444 501
f 500 439 499
f 500 501 439
f 500 439 499
f 500 501 439
f 500 436 499
f 500 436 501
f 500 436 435
f 500 436 501
f 500 435 434
f 500 501 435
f 500 425 501
f 443 314 441
f 443 312 441
f 443 314 441
f 443 312 310
f 443 317 441
f 443 309 310
f 443 317 441
f 443 321 441
f 443 321 441
f 443 305 441
f 443 324 441
f 443 301 444
f 443 301 444
f 443 332 441
f 443 297 444
f 443 332 567
f 443 297 444
f 443 295 444
f 443 563 441
f 443 555 441
f 443 552 441
f 443 552 551
f 443 550 551
f 443 550 441
f 443 444 542
f 443 444 540
f 443 444 540
f 443 444 537
f 443 444 537
f 443 444 536
f 443 444 532
f 443 444 530
f 443 444 530
f 443 444 528
f 443 444 527
f 533 443 444
f 533 443 444
f 533 532 457
f 533 441 440
f 533 441 532
f 533 439 440
f 533 532 535
f 533 534 535
f 533 439 532
f 533 439 438
f 533 534 701
f 533 439 532
f 533 438 535
f 533 534 535
f 533 532 654
f 533 534 654
f 533 532 438
f 533 653 532
f 533 534 653
f 533 436 532
f 533 436 534
f 533 653 532
f 533 534 653
f 533 436 435
f 533 436 534
f 533 651 532
f 533 534 651
f 533 435 434
f 533 534 435
f 533 651 532
f 533 534 651
f 533 649 532
f 533 534 649
f 533 649 532
f 533 646 532
f 533 534 646
f 533 648 649
f 533 534 648
f 533 534 648
f 533 425 532
f 533 425 534
f 533 646 532
f 533 534 646
f 533 423 532
f 533 423 534
f 533 643 532
f 533 534 643
f 533 423 422
f 533 423 534
f 533 643 642
f 533 534 643
f 533 421 422
f 533 421 534
f 533 642 532
f 533 534 642
f 533 640 532
f 533 640 534
f 533 640 639
f 533 640 534
f 533 639 532
f 533 534 639
f 533 636 532
f 533 534 636
f 533 613 532
f 533 613 534
f 533 636 532
f 533 534 636
f 533 613 615
f 533 613 534
f 533 633 532
f 533 534 633
f 533 615 617
f 533 534 615
f 533 633 532
f 533 534 633
f 533 631 532
f 533 534 631
f 533 620 621
f 533 620 534
f 533 631 532
f 533 534 631
f 533 623 621
f 533 623 534
f 533 628 532
f 533 534 628
f 533 623 532
f 533 623 534
f 533 628 626
f 533 534 628
f 533 626 532
f 533 534 626
f 447 481 483
f 447 489 490
f 447 297 295
f 416 556 422
f 416 423 556
f 416 305 423
f 416 305 423
f 416 305 415
f 416 424 560
f 416 581 556
f 416 307 415
f 416 307 424
f 416 423 424
f 416 415 303
f 416 581 415
f 416 309 415
f 416 415 580
f 416 581 580
f 416 581 415
f 416 425 309
f 416 312 415
f 416 567 415
f 416 415 314
f 416 415 314
f 416 415 568
f 416 415 315
f 416 415 317
f 416 415 321
f 416 324 323
f 416 415 323
f 416 415 324
f 416 415 318
f 416 415 321
f 416 415 318
f 416 332 415
f 416 415 320
f 416 339 341
f 416 339 415
f 11 16 683
f 452 563 565
f 452 210 696
f 456 475 474
f 456 477 475
f 456 458 475
f 456 458 477
f 456 475 473
f 456 475 473
f 456 454 472
f 456 458 477
f 456 477 481
f 456 473 472
f 456 473 459
f 456 467 459
f 456 458 481
f 456 458 457
f 456 467 459
f 456 487 457
f 456 459 434
f 456 444 434
f 456 444 467
f 721 205 720
f 721 722 205
f 721 717 722
f 721 717 720
f 721 720 695
f 721 722 695
f 721 722 701
f 721 717 701
f 721 717 722
f 721 720 695
f 721 722 695
f 721 220 720
f 721 722 220
f 721 720 692
f 721 722 692
f 721 720 222
f 721 722 222
f 721 689 720
f 721 722 689
f 721 689 720
f 721 722 689
f 721 720 682
f 721 722 682
f 721 720 679
f 721 722 679
f 721 230 229
f 721 230 722
f 721 720 679
f 721 722 679
f 721 230 231
f 721 230 722
f 721 720 677
f 721 722 677
f 721 232 231
f 721 232 722
f 721 720 675
f 721 722 675
f 721 232 475
f 721 720 655
f 721 722 655
f 721 475 720
f 721 517 720
f 721 517 722
f 721 477 720
f 721 722 477
f 721 517 515
f 721 517 722
f 721 477 478
f 721 722 477
f 721 479 478
f 721 722 479
f 721 479 720
f 721 722 479
f 721 720 481
f 721 722 481
f 721 506 720
f 721 722 506
f 721 720 481
f 721 722 481
f 721 506 720
f 721 722 506
f 721 720 483
f 721 722 483
f 721 720 503
f 721 722 503
f 721 720 483
f 721 722 483
f 721 502 720
f 721 502 722
f 721 485 720
f 721 722 485
f 721 502 501
f 721 502 722
f 721 486 485
f 721 722 486
f 721 500 501
f 721 500 722
f 721 488 486
f 721 722 488
f 721 489 488
f 721 489 722
f 721 489 490
f 721 489 722
f 721 496 497
f 721 496 722
f 721 491 490
f 721 491 722
f 721 496 495
f 721 496 722
f 721 491 492
f 721 491 722
f 723 722 205
f 723 722 65
f 723 722 65
f 723 717 722
f 723 717 701
f 723 717 722
f 723 722 220
f 723 722 700
f 723 722 222
f 723 722 700
f 723 722 695
f 723 722 695
f 723 722 692
f 723 230 722
f 723 722 689
f 723 230 722
f 723 722 689
f 723 232 722
f 723 722 682
f 723 722 679
f 723 722 679
f 723 722 477
f 723 722 477
f 723 722 677
f 723 722 479
f 723 722 675
f 723 722 479
f 723 722 655
f 723 722 481
f 723 722 515
f 723 481 483
f 723 722 483
f 723 722 481
f 723 722 483
f 723 722 485
f 723 722 486
f 723 722 506
f 723 722 488
f 723 722 506
f 723 489 722
f 723 502 722
f 723 489 722
f 723 502 722
f 723 491 722
f 723 500 722
f 723 491 722
f 723 496 722
f 723 496 722
f 704 205 206
f 704 706 205
f 704 702 73
f 704 706 73
f 704 216 218
f 704 706 216
f 704 706 220
f 704 460 218
f 704 220 460
f 704 65 702
f 704 706 65
f 704 461 460
f 704 461 220
f 704 461 463
f 704 706 220
f 704 461 220
f 704 717 726
f 704 717 706
f 704 726 725
f 704 465 463
f 704 706 465
f 704 717 726
f 704 466 465
f 704 706 466
f 704 717 706
f 704 702 469
f 704 706 469
f 704 487 527
f 704 486 487
f 709 205 712
f 709 706 205
f 709 205 712
f 709 712 73
f 709 706 73
f 709 65 712
f 709 706 65
f 709 717 712
f 709 717 706
f 709 717 706
f 308 205 206
f 308 309 205
f 308 216 218
f 308 309 216
f 308 220 218
f 308 309 220
f 308 443 441
f 308 443 309
f 308 441 440
f 308 307 440
f 308 309 441
f 308 307 439
f 308 309 439
f 308 307 439
f 308 309 439
f 308 436 307
f 308 436 309
f 308 436 307
f 308 436 309
f 308 307 435
f 308 309 435
f 308 307 356
f 308 307 356
f 308 425 307
f 308 425 309
f 308 416 307
f 308 416 309
f 308 416 307
f 308 416 309
f 308 307 365
f 308 309 365
f 308 372 307
f 308 372 309
f 308 411 307
f 308 411 309
f 308 372 307
f 308 372 309
f 308 409 307
f 308 409 309
f 308 409 307
f 308 409 309
f 308 307 407
f 308 309 407
f 308 307 403
f 308 309 403
f 308 307 402
f 308 309 402
f 308 307 382
f 308 309 382
f 308 307 402
f 308 309 402
f 308 307 400
f 308 309 400
f 308 307 385
f 308 309 385
f 308 307 399
f 308 309 399
f 308 307 386
f 308 309 386
f 308 307 397
f 308 309 397
f 308 387 307
f 308 387 309
f 308 307 396
f 308 309 396
f 308 307 396
f 308 309 396
f 308 307 390
f 308 309 390
f 308 307 394
f 308 309 394
f 308 307 390
f 308 309 390
f 308 307 394
f 308 309 394
f 308 307 392
f 308 309 392
f 308 307 392
f 308 309 392
f 304 216 303
f 304 305 216
f 304 205 303
f 304 305 205
f 304 220 303
f 304 305 220
f 304 452 301
f 304 303 365
f 304 307 365
f 304 443 444
f 304 372 303
f 304 372 307
f 304 372 303
f 304 372 307
f 304 303 441
f 304 305 441
f 304 303 439
f 304 305 439
f 304 303 356
f 304 307 356
f 304 303 439
f 304 305 439
f 304 303 356
f 304 307 356
f 304 303 438
f 304 305 438
f 304 303 382
f 304 305 382
f 304 436 303
f 304 436 305
f 304 436 435
f 304 436 305
f 304 386 303
f 304 305 386
f 304 435 303
f 304 305 435
f 304 387 386
f 304 387 305
f 304 303 390
f 304 305 390
f 304 303 390
f 304 305 390
f 304 425 303
f 304 425 305
f 304 303 392
f 304 305 392
f 304 423 303
f 304 305 423
f 304 303 392
f 304 305 392
f 304 423 303
f 304 305 423
f 304 303 394
f 304 305 394
f 304 303 394
f 304 305 394
f 304 421 422
f 304 421 303
f 304 421 303
f 304 416 422
f 304 416 305
f 304 416 303
f 304 303 396
f 304 305 396
f 304 416 415
f 304 416 305
f 304 303 396
f 304 305 396
f 304 303 397
f 304 305 397
f 304 411 410
f 304 411 305
f 304 303 399
f 304 305 399
f 304 409 410
f 304 409 305
f 304 400 303
f 304 305 400
f 304 409 303
f 304 409 305
f 304 400 303
f 304 305 400
f 304 407 303
f 304 305 407
f 304 402 303
f 304 305 402
f 304 406 407
f 304 406 305
f 304 402 303
f 304 305 402
f 304 406 303
f 304 406 305
f 304 303 403
f 304 305 403
f 304 303 404
f 304 305 404
f 380 318 385
f 380 318 385
f 380 318 316
f 380 315 316
f 380 315 313
f 380 312 313
f 380 308 309
f 380 308 307
f 380 305 307
f 380 304 305
f 380 304 303
f 380 297 298
f 380 297 296
f 380 293 296
f 380 293 381
f 379 321 385
f 379 378 321
f 379 378 321
f 379 380 385
f 379 378 318
f 379 380 318
f 379 581 378
f 379 380 581
f 379 378 318
f 379 380 318
f 379 378 315
f 379 380 315
f 379 378 315
f 379 380 315
f 379 312 378
f 379 380 312
f 379 308 378
f 379 380 308
f 379 308 378
f 379 380 308
f 379 378 305
f 379 380 305
f 379 304 378
f 379 380 304
f 379 304 378
f 379 380 304
f 379 297 378
f 379 380 297
f 379 297 378
f 379 380 297
f 379 378 293
f 379 380 293
f 379 378 293
f 379 380 293
f 377 321 323
f 377 378 321
f 377 323 376
f 377 378 323
f 377 321 376
f 377 378 321
f 377 378 580
f 377 318 376
f 377 378 318
f 377 376 385
f 377 580 385
f 377 580 376
f 377 581 580
f 377 581 378
f 377 318 376
f 377 378 318
f 377 376 315
f 377 378 315
f 377 376 589
f 377 376 315
f 377 378 315
f 377 312 376
f 377 312 378
f 377 308 307
f 377 305 307
f 377 378 305
f 377 308 378
f 377 308 309
f 377 304 305
f 377 304 378
f 377 308 378
f 377 304 303
f 377 304 378
f 468 467 470
f 468 246 245
f 468 246 467
f 468 244 245
f 468 244 467
f 468 237 238
f 468 237 467
f 468 237 236
f 468 237 236
f 468 232 231
f 468 232 467
f 468 230 231
f 468 230 467
f 468 230 229
f 468 230 229
f 468 227 466
f 468 466 467
f 468 704 706
f 468 704 706
f 468 704 702
f 468 704 466
f 468 700 702
f 468 466 700
f 468 699 700
f 468 466 699
f 468 699 697
f 468 466 699
f 468 697 696
f 468 466 697
f 468 544 466
f 262 466 465
f 288 435 434
f 288 372 365
f 344 366 348
f 344 409 366
f 344 409 366
f 344 345 348
f 344 409 341
f 344 409 348
f 344 411 341
f 344 411 348
f 344 416 415
f 344 416 415
f 344 416 341
f 344 108 111
f 344 345 108
f 344 110 111
f 344 345 110
f 344 345 110
f 344 345 111
f 344 113 111
f 344 113 345
f 344 345 115
f 344 113 115
f 344 113 345
f 344 345 117
f 344 345 117
f 344 345 115
f 344 345 118
f 344 345 119
f 344 345 121
f 344 345 121
f 344 345 123
f 344 345 123
f 344 345 125
f 344 345 125
f 344 345 127
f 344 345 129
f 344 345 127
f 344 345 129
f 344 345 130
f 344 345 132
f 344 345 133
f 344 345 133
f 344 345 135
f 344 137 136
f 344 345 137
f 344 345 137
f 344 345 140
f 420 421 303
f 420 421 551
f 420 550 421
f 420 301 419
f 420 301 421
f 420 550 419
f 420 550 421
f 420 297 419
f 420 421 422
f 420 297 422
f 420 297 419
f 420 544 419
f 420 544 421
f 420 297 422
f 420 419 542
f 420 421 542
f 420 419 542
f 420 421 542
f 420 419 293
f 420 419 540
f 420 421 540
f 420 293 422
f 420 538 419
f 420 421 538
f 420 538 419
f 420 421 538
f 420 419 537
f 420 421 537
f 420 534 419
f 420 421 534
f 420 533 534
f 420 533 421
f 420 422 474
f 420 422 472
f 420 279 472
f 420 533 419
f 420 533 421
f 420 422 478
f 420 422 472
f 420 279 472
f 420 279 422
f 420 419 532
f 420 421 532
f 420 479 422
f 420 277 479
f 420 419 531
f 420 421 531
f 420 479 422
f 420 419 528
f 420 421 528
f 420 422 483
f 420 419 526
f 420 421 526
f 420 422 483
f 420 485 422
f 420 488 419
f 420 421 422
f 420 488 485
f 420 489 488
f 420 522 520
f 420 489 488
f 420 489 419
f 420 522 520
f 420 489 490
f 420 491 419
f 420 517 419
f 420 491 490
f 420 491 492
f 420 517 515
f 420 512 419
f 420 491 492
f 420 492 419
f 420 492 495
f 420 496 419
f 420 510 419
f 420 496 495
f 420 496 497
f 420 506 419
f 420 496 497
f 420 506 422
f 420 506 419
f 420 502 419
f 420 502 501
f 420 422 503
f 420 506 503
f 420 506 422
f 420 502 422
f 420 502 501
f 353 409 366
f 353 339 348
f 353 304 307
f 351 348 350
f 351 350 108
f 351 110 350
f 351 350 323
f 351 110 350
f 351 350 323
f 351 350 111
f 351 350 318
f 351 113 350
f 351 350 318
f 351 113 350
f 351 115 350
f 351 115 350
f 351 350 117
f 351 307 350
f 351 117 118
f 351 350 118
f 351 350 117
f 351 350 119
f 351 350 121
f 351 297 350
f 351 350 121
f 351 297 350
f 351 350 123
f 351 350 123
f 351 350 125
f 351 350 125
f 351 350 155
f 351 350 127
f 351 350 152
f 351 350 127
f 351 350 146
f 351 350 130
f 351 350 146
f 351 350 130
f 351 350 144
f 351 350 131
f 351 350 143
f 351 350 135
f 351 350 143
f 388 387 321
f 388 321 392
f 388 321 389
f 388 387 392
f 388 321 320
f 388 387 321
f 388 389 392
f 388 387 392
f 388 318 320
f 388 387 318
f 388 390 389
f 388 387 390
f 388 387 390
f 388 318 316
f 388 387 318
f 388 315 316
f 388 387 315
f 388 315 313
f 388 387 315
f 388 312 313
f 388 312 387
f 388 308 309
f 388 308 387
f 388 308 307
f 388 308 387
f 388 305 307
f 388 387 305
f 388 304 305
f 388 304 387
f 388 304 303
f 388 304 387
f 388 297 298
f 388 297 387
f 388 297 296
f 388 297 387
f 388 293 389
f 388 387 293
f 388 581 387
f 340 341 108
f 340 339 108
f 340 339 341
f 340 113 341
f 340 113 339
f 340 113 115
f 340 113 339
f 340 115 341
f 340 339 115
f 340 341 117
f 340 339 117
f 340 341 118
f 340 339 118
f 340 341 121
f 340 339 121
f 340 341 121
f 340 339 121
f 340 341 123
f 340 339 123
f 340 341 123
f 340 339 123
f 340 341 125
f 340 339 125
f 340 341 125
f 340 339 125
f 340 341 126
f 340 339 126
f 340 341 129
f 340 137 129
f 340 341 136
f 340 137 136
f 340 137 138
f 340 339 138
f 340 341 137
f 340 341 137
f 340 341 139
f 340 339 139
f 340 341 139
f 340 339 139
f 340 341 141
f 340 339 141
f 340 341 143
f 340 339 143
f 340 341 143
f 340 339 143
f 340 341 144
f 340 339 144
f 340 341 146
f 340 339 146
f 340 341 147
f 340 339 147
f 340 341 147
f 340 339 147
f 340 341 148
f 340 150 148
f 340 339 150
f 340 341 150
f 340 339 150
f 340 339 151
f 340 153 339
f 340 153 339
f 340 339 154
f 340 153 154
f 340 156 338
f 340 339 338
f 340 156 338
f 340 339 348
f 340 339 348
f 340 344 348
f 340 315 320
f 340 330 320
f 280 467 422
f 280 279 422
f 280 279 467
f 280 425 467
f 280 425 467
f 280 420 279
f 280 279 467
f 280 420 279
f 280 279 464
f 280 279 419
f 280 279 459
f 280 279 458
f 280 279 458
f 278 467 277
f 278 279 467
f 278 277 472
f 278 279 472
f 278 467 277
f 278 279 467
f 278 277 472
f 278 279 472
f 278 277 464
f 278 279 464
f 278 277 474
f 278 461 277
f 278 461 279
f 278 420 474
f 278 420 279
f 278 461 277
f 278 461 279
f 278 277 478
f 278 420 478
f 278 420 277
f 278 420 419
f 278 420 279
f 278 458 277
f 278 279 458
f 278 458 277
f 278 279 458
f 554 425 424
f 554 425 555
f 554 552 424
f 554 552 423
f 554 423 556
f 554 555 556
f 554 552 423
f 554 423 556
f 554 552 421
f 554 421 422
f 554 556 422
f 554 552 421
f 554 581 552
f 554 581 556
f 554 555 556
f 554 581 556
f 554 614 552
f 554 657 553
f 554 657 555
f 554 614 616
f 554 552 553
f 554 657 658
f 554 657 555
f 554 659 658
f 554 555 659
f 554 659 660
f 554 555 659
f 554 661 660
f 554 555 661
f 554 661 553
f 554 555 661
f 554 553 662
f 554 555 662
f 554 664 553
f 554 555 664
f 554 665 664
f 554 555 665
f 554 665 666
f 554 555 665
f 554 666 553
f 554 555 666
f 554 668 553
f 554 555 668
f 554 668 669
f 554 555 668
f 554 670 669
f 554 555 670
f 554 670 553
f 554 555 670
f 554 672 553
f 554 555 672
f 554 672 673
f 554 555 672
f 554 674 673
f 554 555 674
f 554 555 674
f 557 555 436
f 557 555 436
f 557 555 439
f 557 555 439
f 557 425 556
f 557 555 441
f 557 423 556
f 557 416 423
f 557 416 423
f 557 443 555
f 557 555 684
f 557 555 684
f 557 416 581
f 557 555 687
f 557 555 681
f 557 581 556
f 557 555 687
f 557 555 681
f 557 657 556
f 557 555 689
f 557 555 678
f 557 657 556
f 557 555 689
f 557 555 678
f 557 556 659
f 557 555 676
f 557 556 659
f 557 555 674
f 557 555 556
f 557 556 661
f 557 556 672
f 557 556 661
f 557 556 672
f 557 556 662
f 557 556 670
f 557 556 664
f 557 556 668
f 557 556 665
f 557 556 668
f 557 556 665
f 557 556 666
f 588 580 589
f 588 356 589
f 588 356 589
f 588 366 365
f 588 351 350
f 588 372 589
f 588 372 589
f 588 376 589
f 588 377 376
f 588 377 378
f 588 379 378
f 588 379 380
f 588 380 589
f 588 382 589
f 588 386 589
f 588 387 386
f 588 388 387
f 588 388 589
f 588 589 390
f 588 589 390
f 588 589 392
f 588 589 392
f 588 589 394
f 588 589 394
f 588 396 589
f 588 396 589
f 588 589 397
f 588 589 399
f 588 589 399
f 588 402 589
f 588 402 589
f 582 581 544
f 582 581 542
f 582 581 550
f 582 581 550
f 582 419 542
f 582 581 419
f 582 581 552
f 582 419 540
f 582 554 581
f 582 538 419
f 582 538 419
f 582 534 419
f 582 534 537
f 582 533 534
f 582 409 410
f 582 581 409
f 582 581 409
f 582 411 419
f 582 581 411
f 582 406 407
f 582 581 407
f 582 581 406
f 582 406 404
f 582 581 406
f 582 403 404
f 582 581 403
f 582 581 402
f 582 402 400
f 582 581 402
f 582 581 400
f 582 581 399
f 582 581 397
f 582 581 396
f 582 581 396
f 582 581 394
f 582 581 394
f 582 581 392
f 582 581 392
f 582 581 390
f 582 581 390
f 582 388 581
f 582 388 581
f 582 581 387
f 582 581 386
f 582 380 385
f 582 380 581
f 582 379 380
f 582 379 581
f 582 377 581
f 582 377 581
f 582 581 376
f 582 581 372
f 582 581 372
f 582 581 366
f 413 344 348
f 299 356 298
f 299 356 298
f 299 205 204
f 299 205 298
f 299 205 300
f 299 205 298
f 299 372 365
f 299 372 298
f 299 216 218
f 299 216 218
f 299 378 298
f 299 377 378
f 299 220 218
f 299 220 218
f 299 379 378
f 299 379 380
f 299 379 380
f 299 380 300
f 299 380 298
f 299 382 300
f 299 298 382
f 299 386 300
f 299 386 298
f 299 387 386
f 299 387 386
f 299 388 387
f 299 388 387
f 299 388 300
f 299 388 298
f 299 300 390
f 299 298 390
f 299 443 444
f 299 443 444
f 299 300 390
f 299 298 390
f 299 300 392
f 299 298 392
f 299 441 300
f 299 441 298
f 299 300 392
f 299 298 392
f 299 439 300
f 299 439 298
f 299 300 394
f 299 298 394
f 299 439 438
f 299 439 298
f 299 300 394
f 299 298 394
f 299 438 300
f 299 298 438
f 299 396 300
f 299 396 298
f 299 436 300
f 299 436 298
f 299 396 397
f 299 396 298
f 299 436 435
f 299 436 435
f 299 397 300
f 299 298 397
f 299 435 434
f 299 435 434
f 299 399 300
f 299 298 399
f 299 399 300
f 299 298 399
f 299 402 300
f 299 402 298
f 299 402 300
f 299 402 298
f 299 425 300
f 299 425 298
f 299 406 300
f 299 406 298
f 299 423 300
f 299 423 298
f 299 406 408
f 299 406 408
f 299 423 422
f 299 423 422
f 299 410 408
f 299 421 422
f 299 421 422
f 299 419 410
f 299 419 408
f 299 419 410
f 299 420 421
f 299 420 421
f 299 420 419
f 299 420 419
f 618 534 617
f 618 620 534
f 618 617 537
f 618 620 537
f 618 533 534
f 618 533 620
f 618 538 617
f 618 620 538
f 618 533 617
f 618 533 620
f 618 538 540
f 618 617 532
f 618 620 532
f 618 540 617
f 618 617 531
f 618 620 531
f 618 542 617
f 618 617 526
f 618 620 526
f 618 620 617
f 618 542 617
f 618 544 617
f 618 616 102
f 618 104 616
f 618 104 616
f 618 110 617
f 618 620 110
f 618 110 617
f 618 620 110
f 618 617 114
f 618 620 114
f 618 617 114
f 618 620 114
f 618 617 119
f 618 620 119
f 618 620 617
f 624 538 537
f 624 623 537
f 624 623 538
f 624 538 540
f 624 623 538
f 624 540 541
f 624 623 540
f 624 542 541
f 624 623 542
f 624 542 543
f 624 623 542
f 624 544 543
f 624 550 627
f 624 550 627
f 624 550 551
f 624 627 99
f 624 627 99
f 624 627 102
f 624 627 102
f 624 104 102
f 624 627 100
f 624 623 109
f 622 538 540
f 622 623 538
f 622 623 538
f 622 540 621
f 622 623 540
f 622 621 542
f 622 623 542
f 622 621 542
f 622 623 542
f 622 620 621
f 622 620 544
f 622 624 544
f 622 624 623
f 622 624 102
f 622 624 104
f 622 624 104
f 622 104 620
f 622 104 620
f 622 620 102
f 622 624 550
f 622 624 100
f 622 623 621
f 622 624 550
f 622 624 99
f 622 624 551
f 622 624 99
f 183 45 224
f 183 56 55
f 183 272 273
f 183 274 273
f 183 274 275
f 183 276 275
f 183 276 277
f 183 278 277
f 183 278 279
f 183 280 279
f 173 170 45
f 173 48 170
f 173 170 43
f 173 48 50
f 173 170 43
f 173 170 41
f 173 232 231
f 173 170 41
f 173 232 41
f 173 236 170
f 173 237 236
f 173 237 170
f 173 242 170
f 173 246 170
f 173 321 323
f 294 177 295
f 294 406 419
f 294 406 419
f 294 420 419
f 294 420 419
f 294 170 293
f 294 406 296
f 294 406 293
f 294 420 422
f 294 420 293
f 294 402 296
f 294 402 293
f 294 423 422
f 294 423 293
f 294 402 296
f 294 402 293
f 294 425 423
f 294 425 423
f 294 293 205
f 294 295 205
f 294 296 399
f 294 293 399
f 294 295 427
f 294 425 427
f 294 425 293
f 294 293 205
f 294 295 205
f 294 296 399
f 294 293 399
f 294 296 397
f 294 293 397
f 294 396 296
f 294 293 396
f 294 435 293
f 294 295 435
f 294 396 296
f 294 293 396
f 294 436 435
f 294 436 295
f 294 216 293
f 294 295 216
f 294 296 394
f 294 293 394
f 294 436 293
f 294 436 295
f 294 220 293
f 294 295 220
f 294 296 394
f 294 293 394
f 294 293 439
f 294 295 439
f 294 296 392
f 294 293 392
f 294 293 439
f 294 295 439
f 294 296 392
f 294 293 392
f 294 296 390
f 294 293 390
f 294 296 390
f 294 293 390
f 294 443 295
f 294 388 296
f 294 388 293
f 294 388 387
f 294 388 387
f 294 293 296
f 294 387 296
f 294 387 293
f 239 170 238
f 239 242 170
f 239 37 238
f 239 242 37
f 239 173 170
f 239 173 242
f 239 37 238
f 239 242 37
f 239 238 36
f 239 242 36
f 239 238 33
f 239 242 33
f 239 238 33
f 239 242 33
f 239 238 31
f 239 242 31
f 239 238 31
f 239 242 31
f 239 238 26
f 239 242 26
f 239 238 26
f 239 242 26
f 239 456 238
f 239 458 238
f 239 458 459
f 239 1 483
f 239 1 238
f 239 460 459
f 239 1 729
f 239 1 729
f 239 729 481
f 239 729 238
f 239 238 481
f 239 293 238
f 239 461 460
f 239 479 238
f 239 461 238
f 239 479 238
f 239 238 463
f 239 238 478
f 239 238 463
f 239 475 238
f 239 465 238
f 239 475 238
f 239 466 465
f 239 473 238
f 239 466 467
f 239 473 238
f 239 468 467
f 239 238 472
f 239 468 238
f 239 238 470
f 239 238 470
f 243 244 204
f 243 458 244
f 243 458 244
f 243 460 244
f 243 456 244
f 243 461 460
f 243 461 244
f 243 244 463
f 243 244 463
f 243 244 465
f 243 244 466
f 243 242 466
f 243 244 466
f 243 242 466
f 243 468 244
f 243 468 242
f 243 468 244
f 243 468 242
f 243 244 470
f 243 242 470
f 243 242 244
f 254 173 170
f 254 183 185
f 254 460 459
f 254 255 481
f 254 461 460
f 254 255 481
f 254 461 255
f 254 479 255
f 254 463 255
f 254 479 255
f 254 463 464
f 254 255 478
f 254 465 464
f 254 255 474
f 254 466 465
f 254 255 472
f 254 466 467
f 254 255 472
f 254 468 467
f 254 468 255
f 247 173 246
f 247 173 248
f 247 244 246
f 247 458 244
f 247 248 458
f 247 458 244
f 247 248 458
f 247 246 481
f 247 248 481
f 247 460 246
f 247 248 460
f 247 246 481
f 247 248 481
f 247 461 460
f 247 461 248
f 247 246 479
f 247 248 479
f 247 461 246
f 247 461 248
f 247 246 479
f 247 248 479
f 247 246 463
f 247 248 463
f 247 246 478
f 247 248 478
f 247 246 463
f 247 248 463
f 247 246 474
f 247 248 474
f 247 246 465
f 247 248 465
f 247 246 472
f 247 248 472
f 247 246 466
f 247 248 466
f 247 246 472
f 247 248 472
f 247 246 466
f 247 248 466
f 247 246 470
f 247 248 470
f 247 468 246
f 247 468 248
f 247 246 470
f 247 248 470
f 247 468 246
f 247 468 248
f 233 236 39
f 233 232 39
f 233 173 236
f 233 173 232
f 233 236 37
f 233 232 37
f 233 232 177
f 233 236 37
f 233 232 37
f 233 236 36
f 233 232 36
f 233 236 33
f 233 232 33
f 233 236 33
f 233 232 33
f 233 236 31
f 233 232 31
f 233 236 30
f 233 232 30
f 233 236 30
f 233 232 30
f 233 236 26
f 233 232 26
f 233 232 26
f 233 232 24
f 233 4 232
f 233 1 232
f 233 728 232
f 233 728 232
f 233 232 726
f 233 723 232
f 233 721 475
f 233 721 232
f 233 232 475
f 233 721 722
f 233 721 232
f 233 232 473
f 233 232 473
f 233 232 472
f 233 232 470
f 233 232 470
f 233 468 232
f 233 468 232
f 233 232 466
f 233 232 466
f 233 232 465
f 233 232 463
f 233 232 463
f 233 232 461
f 233 232 461
f 233 232 460
f 233 232 458
f 233 294 230
f 233 230 295
f 233 294 230
f 233 299 230
f 233 230 232
f 225 4 3
f 225 1 729
f 225 728 729
f 225 726 725
f 225 723 722
f 225 721 722
f 225 721 224
f 225 468 227
f 225 468 712
f 225 227 466
f 225 227 465
f 225 227 461
f 225 227 461
f 225 227 460
f 225 227 458
f 225 452 305
f 358 357 123
f 358 359 123
f 358 357 125
f 358 359 125
f 358 357 123
f 358 359 123
f 358 357 125
f 358 359 125
f 358 357 121
f 358 359 121
f 358 357 127
f 358 359 127
f 358 357 121
f 358 359 121
f 358 357 127
f 358 359 127
f 358 357 119
f 358 359 119
f 358 357 131
f 358 359 131
f 358 117 357
f 358 359 117
f 358 357 131
f 358 359 131
f 358 117 357
f 358 359 117
f 358 357 135
f 358 359 135
f 358 357 135
f 358 359 135
f 358 357 144
f 358 359 144
f 358 588 589
f 358 588 359
f 358 357 146
f 358 359 146
f 358 357 146
f 358 359 146
f 358 357 152
f 358 359 152
f 358 357 155
f 358 359 155
f 358 411 410
f 358 411 366
f 358 359 411
f 358 409 410
f 358 409 366
f 358 409 366
f 358 359 366
f 358 293 357
f 358 359 293
f 358 330 357
f 358 366 330
f 358 293 296
f 358 359 293
f 358 323 325
f 358 359 323
f 358 297 296
f 358 359 297
f 358 323 357
f 358 359 323
f 358 297 298
f 358 359 297
f 358 318 357
f 358 359 318
f 358 299 298
f 358 299 359
f 358 318 315
f 358 359 318
f 358 312 315
f 358 312 359
f 358 304 303
f 358 304 359
f 358 304 307
f 358 304 359
f 358 308 307
f 358 308 359
f 360 361 123
f 360 359 123
f 360 361 125
f 360 359 125
f 360 361 123
f 360 359 123
f 360 361 125
f 360 359 125
f 360 361 121
f 360 359 121
f 360 361 127
f 360 359 127
f 360 361 121
f 360 359 121
f 360 361 127
f 360 359 127
f 360 361 119
f 360 359 119
f 360 361 131
f 360 359 131
f 360 361 131
f 360 359 131
f 360 359 117
f 360 361 135
f 360 359 135
f 360 588 361
f 360 588 359
f 360 361 135
f 360 359 135
f 360 361 144
f 360 359 144
f 360 361 146
f 360 359 146
f 360 361 146
f 360 359 146
f 360 359 366
f 360 361 152
f 360 359 152
f 360 361 155
f 360 359 155
f 360 361 323
f 360 359 323
f 360 361 323
f 360 359 323
f 360 361 318
f 360 359 318
f 360 361 318
f 360 359 318
f 360 361 293
f 360 359 293
f 360 312 361
f 360 312 359
f 360 361 293
f 360 359 293
f 360 297 361
f 360 359 297
f 360 297 361
f 360 359 297
f 360 308 307
f 360 308 359
f 360 299 361
f 360 299 359
f 360 304 307
f 360 304 359
f 360 304 361
f 360 304 359
f 364 363 123
f 364 363 123
f 364 363 121
f 364 363 121
f 364 588 365
f 364 588 363
f 364 588 366
f 364 366 365
f 364 363 366
f 364 318 365
f 364 363 318
f 364 318 365
f 364 363 318
f 364 312 365
f 364 312 363
f 364 308 307
f 364 308 363
f 364 304 307
f 364 304 363
f 364 304 303
f 364 304 363
f 364 293 365
f 364 363 293
f 364 293 365
f 364 363 293
f 364 299 365
f 364 299 363
f 364 297 365
f 364 363 297
f 364 297 365
f 364 363 297
f 362 361 123
f 362 363 123
f 362 361 125
f 362 363 125
f 362 361 123
f 362 363 123
f 362 361 125
f 362 363 125
f 362 361 121
f 362 363 121
f 362 361 127
f 362 363 127
f 362 361 121
f 362 363 121
f 362 361 127
f 362 363 127
f 362 361 119
f 362 361 131
f 362 363 131
f 362 361 131
f 362 361 135
f 362 588 361
f 362 588 363
f 362 361 135
f 362 361 144
f 362 361 146
f 362 363 366
f 362 366 361
f 362 361 146
f 362 361 323
f 362 366 323
f 362 366 361
f 362 363 321
f 362 361 152
f 362 321 323
f 362 361 323
f 362 363 321
f 362 361 155
f 362 361 318
f 362 363 318
f 362 361 318
f 362 363 318
f 362 288 361
f 362 312 361
f 362 312 363
f 362 361 293
f 362 363 293
f 362 361 293
f 362 363 293
f 362 308 307
f 362 308 363
f 362 297 361
f 362 363 297
f 362 304 307
f 362 304 363
f 362 297 361
f 362 363 297
f 362 304 361
f 362 304 363
f 362 299 361
f 362 299 363
f 566 657 564
f 566 657 580
f 566 416 564
f 566 657 567
f 566 415 580
f 566 567 415
f 566 416 415
f 566 416 567
f 566 657 565
f 566 657 567
f 566 659 565
f 566 567 659
f 566 659 565
f 566 567 659
f 566 565 661
f 566 567 661
f 566 436 435
f 566 567 436
f 566 565 662
f 566 567 662
f 566 436 565
f 566 567 436
f 566 565 664
f 566 567 664
f 566 439 565
f 566 567 439
f 566 665 565
f 566 567 665
f 566 439 565
f 566 567 439
f 566 665 565
f 566 567 665
f 566 441 565
f 566 567 441
f 566 565 666
f 566 567 666
f 566 443 441
f 566 443 567
f 566 565 668
f 566 567 668
f 566 565 668
f 566 567 668
f 566 565 670
f 566 567 670
f 566 332 567
f 566 443 332
f 566 443 332
f 566 565 672
f 566 567 672
f 566 565 672
f 566 567 672
f 566 450 565
f 566 450 324
f 566 565 693
f 566 567 693
f 566 565 674
f 566 567 674
f 566 565 688
f 566 567 688
f 566 565 676
f 566 567 676
f 566 687 565
f 566 567 687
f 566 678 565
f 566 567 678
f 566 687 565
f 566 567 687
f 566 678 565
f 566 567 678
f 566 684 565
f 566 567 684
f 566 684 565
f 566 567 684
f 370 369 400
f 370 581 580
f 370 369 581
f 370 400 376
f 370 582 581
f 370 582 369
f 370 323 325
f 370 369 323
f 370 588 589
f 370 588 369
f 370 321 323
f 370 369 321
f 370 321 320
f 370 369 321
f 370 318 320
f 370 369 318
f 370 312 313
f 370 318 316
f 370 369 318
f 370 315 313
f 370 315 316
f 370 369 315
f 367 581 366
f 367 369 366
f 367 369 581
f 367 582 581
f 367 582 369
f 367 588 366
f 367 366 365
f 367 318 365
f 367 366 365
f 367 366 321
f 367 369 321
f 367 366 321
f 367 369 321
f 367 369 366
f 511 512 655
f 511 728 512
f 511 728 510
f 511 728 512
f 511 728 510
f 511 723 722
f 511 723 510
f 511 721 722
f 511 721 510
f 511 721 512
f 511 721 510
f 511 510 435
f 511 513 435
f 511 513 512
f 511 510 436
f 511 513 436
f 511 510 436
f 511 513 436
f 511 513 510
f 511 425 512
f 511 425 510
f 511 425 423
f 511 425 510
f 511 423 512
f 511 510 423
f 511 420 512
f 511 420 510
f 511 420 512
f 511 420 510
f 432 513 512
f 432 513 512
f 432 511 512
f 432 511 512
f 432 511 510
f 432 511 510
f 432 506 430
f 432 506 434
f 432 506 430
f 432 506 434
f 432 430 503
f 432 504 503
f 432 504 434
f 432 504 434
f 432 502 430
f 432 502 434
f 432 502 501
f 432 502 501
f 432 500 501
f 432 500 501
f 432 496 497
f 432 496 497
f 432 496 495
f 432 496 495
f 432 491 492
f 432 491 490
f 432 489 490
f 432 489 488
f 432 488 485
f 432 485 434
f 432 434 483
f 432 434 483
f 432 479 434
f 432 479 434
f 432 434 478
f 432 434 474
f 432 434 472
f 432 434 472
f 432 467 434
f 432 293 430
f 432 293 434
f 432 294 293
f 432 294 293
f 432 294 295
f 432 294 295
f 432 295 296
f 432 295 434
f 432 297 296
f 432 297 434
f 429 513 512
f 429 511 512
f 429 511 512
f 429 511 510
f 429 511 510
f 429 430 526
f 429 506 430
f 429 506 427
f 429 430 526
f 429 506 430
f 429 506 427
f 429 430 528
f 429 430 503
f 429 427 503
f 429 430 528
f 429 502 430
f 429 502 427
f 429 530 430
f 429 502 501
f 429 502 501
f 429 530 430
f 429 500 501
f 429 500 501
f 429 532 430
f 429 533 532
f 429 533 534
f 429 496 497
f 429 496 497
f 429 534 430
f 429 496 495
f 429 496 495
f 429 430 536
f 429 492 495
f 429 537 430
f 429 491 492
f 429 538 537
f 429 491 490
f 429 432 492
f 429 432 491
f 429 538 430
f 429 489 490
f 429 432 491
f 429 540 430
f 429 489 488
f 429 432 489
f 429 540 430
f 429 488 485
f 429 432 489
f 429 542 430
f 429 485 427
f 429 432 488
f 429 542 430
f 429 427 483
f 429 432 485
f 429 544 430
f 429 432 483
f 429 427 483
f 429 432 483
f 429 479 427
f 429 430 549
f 429 432 479
f 429 479 427
f 429 550 430
f 429 432 479
f 429 427 478
f 429 550 551
f 429 432 478
f 429 427 474
f 429 552 551
f 429 432 474
f 429 427 472
f 429 552 430
f 429 432 472
f 429 427 472
f 429 554 430
f 429 432 472
f 429 467 427
f 429 554 555
f 429 432 467
f 429 555 556
f 429 467 464
f 429 467 434
f 429 432 467
f 429 293 430
f 429 293 427
f 429 294 293
f 429 294 293
f 429 294 295
f 429 294 295
f 429 295 296
f 429 295 427
f 429 297 296
f 429 297 427
f 429 297 298
f 429 299 298
f 429 299 430
f 429 301 430
f 429 304 303
f 429 304 305
f 429 305 430
f 429 307 430
f 429 308 307
f 429 308 309
f 429 309 310
f 519 520 654
f 519 517 654
f 519 517 520
f 519 429 520
f 519 425 520
f 519 517 425
f 519 425 423
f 519 517 425
f 519 423 520
f 519 517 423
f 519 420 520
f 519 420 517
f 519 517 520
f 519 420 520
f 519 420 517
f 426 425 520
f 426 522 520
f 426 522 425
f 426 427 526
f 426 425 526
f 426 427 526
f 426 425 526
f 426 427 528
f 426 425 528
f 426 427 528
f 426 425 528
f 426 427 530
f 426 425 530
f 426 427 530
f 426 425 530
f 426 427 532
f 426 425 532
f 426 533 427
f 426 533 425
f 426 533 534
f 426 533 425
f 426 534 427
f 426 425 534
f 426 427 536
f 426 425 536
f 426 427 537
f 426 425 537
f 426 538 427
f 426 425 538
f 426 538 427
f 426 425 538
f 426 540 427
f 426 425 540
f 426 540 427
f 426 425 540
f 426 427 542
f 426 425 542
f 426 427 542
f 426 425 542
f 426 544 427
f 426 425 544
f 426 427 549
f 426 425 549
f 426 550 427
f 426 425 550
f 426 550 551
f 426 425 550
f 426 552 551
f 426 425 552
f 426 552 427
f 426 425 552
f 426 554 427
f 426 554 425
f 426 554 555
f 426 554 425
f 426 555 556
f 426 425 555
f 426 557 556
f 426 557 425
f 426 425 560
f 426 425 424
f 426 416 425
f 426 416 563
f 426 416 564
f 426 566 416
f 426 416 312
f 426 416 314
f 426 416 309
f 426 416 425
f 426 308 309
f 426 308 425
f 426 416 314
f 426 308 307
f 426 308 425
f 426 416 315
f 426 307 427
f 426 425 307
f 426 305 427
f 426 425 305
f 426 304 305
f 426 304 425
f 426 304 303
f 426 304 425
f 426 301 427
f 426 301 425
f 426 299 427
f 426 299 425
f 426 299 427
f 426 299 425
f 426 297 427
f 426 425 297
f 426 425 297
f 47 655 46
f 47 48 655
f 47 48 655
f 47 48 663
f 47 22 663
f 47 44 46
f 47 22 44
f 47 22 664
f 47 48 664
f 47 48 22
f 47 48 177
f 49 50 655
f 49 48 655
f 49 48 50
f 49 50 663
f 49 48 663
f 49 50 664
f 49 48 664
f 49 50 666
f 49 22 666
f 49 48 22
f 49 50 22
f 49 50 22
f 49 47 48
f 49 173 48
f 53 55 654
f 53 52 654
f 53 52 55
f 53 52 655
f 53 52 662
f 53 52 662
f 53 52 664
f 53 52 666
f 53 52 666
f 53 52 668
f 53 22 668
f 53 52 22
f 53 52 22
f 53 52 204
f 53 173 52
f 53 55 155
f 53 52 155
f 53 55 152
f 53 52 152
f 53 55 146
f 53 52 146
f 53 55 146
f 53 52 146
f 53 55 144
f 53 52 144
f 53 55 143
f 53 52 143
f 53 55 143
f 53 52 143
f 53 55 135
f 53 52 135
f 53 55 131
f 53 52 131
f 53 55 131
f 53 52 131
f 53 55 127
f 53 52 127
f 53 55 127
f 53 52 127
f 53 55 125
f 53 52 125
f 53 52 55
f 51 50 655
f 51 52 655
f 51 52 50
f 51 50 663
f 51 52 663
f 51 50 664
f 51 52 664
f 51 50 666
f 51 52 666
f 51 52 666
f 51 22 666
f 51 50 22
f 51 22 668
f 51 52 668
f 51 52 22
f 51 50 22
f 51 52 22
f 51 49 50
f 51 53 210
f 51 53 52
f 51 52 50
f 51 173 50
f 51 173 52
f 163 330 315
f 105 104 651
f 105 65 651
f 105 104 651
f 105 104 649
f 105 104 648
f 105 104 648
f 105 104 646
f 105 104 646
f 105 104 644
f 105 104 644
f 105 104 643
f 105 104 642
f 105 104 640
f 105 104 640
f 105 104 639
f 105 104 637
f 105 104 637
f 105 104 635
f 105 104 635
f 105 104 633
f 105 104 633
f 105 104 631
f 105 104 631
f 105 104 629
f 105 104 629
f 105 104 627
f 105 104 627
f 105 104 626
f 105 624 104
f 105 624 104
f 105 622 104
f 105 622 104
f 105 104 620
f 105 618 104
f 105 104 616
f 105 104 616
f 105 104 614
f 105 104 614
f 105 104 612
f 105 104 612
f 105 339 341
f 105 104 103
f 105 332 103
f 67 137 135
f 67 154 156
f 57 58 662
f 57 56 662
f 57 58 655
f 57 56 655
f 57 58 662
f 57 56 662
f 57 56 55
f 57 58 664
f 57 56 664
f 57 55 654
f 57 58 654
f 57 58 55
f 57 58 666
f 57 56 666
f 57 55 135
f 57 58 135
f 57 55 143
f 57 58 143
f 57 58 666
f 57 56 666
f 57 55 131
f 57 58 131
f 57 55 143
f 57 58 143
f 57 58 668
f 57 56 668
f 57 55 131
f 57 58 131
f 57 55 144
f 57 58 144
f 57 58 668
f 57 56 668
f 57 55 127
f 57 58 127
f 57 55 146
f 57 58 146
f 57 58 670
f 57 56 670
f 57 55 127
f 57 58 127
f 57 55 147
f 57 58 147
f 57 58 670
f 57 56 670
f 57 55 125
f 57 58 125
f 57 55 147
f 57 58 147
f 57 58 21
f 57 56 21
f 57 55 125
f 57 58 125
f 57 55 150
f 57 58 150
f 57 55 123
f 57 58 123
f 57 55 150
f 57 58 150
f 57 58 205
f 57 56 205
f 57 55 123
f 57 58 123
f 57 153 55
f 57 153 58
f 57 58 205
f 57 56 205
f 57 55 121
f 57 58 121
f 57 153 55
f 57 56 55
f 57 153 58
f 57 55 121
f 57 58 121
f 57 58 156
f 57 56 156
f 57 55 119
f 57 58 119
f 57 183 58
f 57 183 56
f 57 55 119
f 57 58 119
f 57 55 114
f 57 58 114
f 57 55 114
f 57 58 114
f 57 58 55
f 59 58 660
f 59 58 655
f 59 61 655
f 59 58 661
f 59 58 661
f 59 58 662
f 59 58 664
f 59 58 666
f 59 58 666
f 59 58 668
f 59 58 668
f 59 58 670
f 59 58 670
f 59 58 672
f 59 58 672
f 59 673 675
f 59 58 673
f 59 58 205
f 59 58 205
f 59 183 58
f 59 58 156
f 59 153 58
f 59 153 58
f 59 61 153
f 59 58 150
f 59 61 150
f 59 58 150
f 59 61 150
f 59 58 147
f 59 61 147
f 59 58 147
f 59 61 147
f 59 58 146
f 59 61 146
f 59 58 144
f 59 61 144
f 59 58 143
f 59 61 143
f 59 58 143
f 59 61 143
f 59 58 140
f 59 61 140
f 59 58 135
f 59 61 135
f 59 58 135
f 59 61 135
f 59 58 131
f 59 61 131
f 59 58 131
f 59 61 131
f 59 58 127
f 59 61 127
f 59 58 127
f 59 61 127
f 59 58 125
f 59 61 125
f 59 58 125
f 59 61 125
f 59 58 123
f 59 61 123
f 59 58 123
f 59 61 123
f 59 58 121
f 59 58 121
f 59 58 119
f 62 61 655
f 62 61 660
f 62 61 661
f 62 58 654
f 62 61 661
f 62 59 58
f 62 59 61
f 62 58 653
f 62 61 662
f 62 59 58
f 62 61 664
f 62 58 119
f 62 59 119
f 62 61 665
f 62 58 114
f 62 59 121
f 62 61 665
f 62 58 114
f 62 59 121
f 62 59 61
f 62 58 110
f 62 61 666
f 62 61 668
f 62 61 123
f 62 61 668
f 62 61 123
f 62 61 670
f 62 61 125
f 62 61 670
f 62 61 125
f 62 61 672
f 62 61 127
f 62 61 672
f 62 61 127
f 62 61 674
f 62 61 131
f 62 61 674
f 62 61 131
f 62 61 676
f 62 61 135
f 62 61 676
f 62 61 135
f 62 61 678
f 62 61 140
f 62 61 678
f 62 61 143
f 62 61 679
f 62 61 143
f 62 61 681
f 62 61 144
f 62 61 146
f 62 681 682
f 62 61 681
f 62 61 147
f 62 683 682
f 62 61 147
f 62 61 150
f 62 61 150
f 62 61 205
f 62 61 153
f 62 61 153
f 62 61 156
f 333 335 102
f 333 332 102
f 333 335 99
f 333 332 99
f 333 335 102
f 333 332 102
f 333 98 335
f 333 98 332
f 333 105 335
f 333 105 332
f 333 98 97
f 333 98 332
f 333 335 108
f 333 332 108
f 333 113 335
f 333 113 332
f 333 113 115
f 333 113 332
f 333 567 335
f 333 332 567
f 333 115 335
f 333 332 115
f 333 335 441
f 333 332 441
f 333 332 118
f 333 335 439
f 333 332 439
f 333 118 139
f 333 335 139
f 333 335 118
f 333 335 439
f 333 332 439
f 333 436 335
f 333 332 436
f 333 436 335
f 333 332 436
f 333 332 366
f 333 332 369
f 333 369 366
f 333 332 369
f 333 369 407
f 333 332 407
f 333 416 335
f 333 416 332
f 333 332 409
f 333 409 335
f 333 332 409
f 333 411 335
f 333 332 411
f 605 98 97
f 605 582 554
f 605 582 554
f 605 582 552
f 605 582 550
f 605 582 550
f 79 113 114
f 79 115 117
f 79 125 126
f 79 154 148
f 79 136 129
f 79 147 148
f 79 137 136
f 79 148 146
f 578 339 97
f 578 98 97
f 578 98 341
f 578 659 658
f 578 344 102
f 578 360 359
f 578 369 407
f 578 369 403
f 88 202 688
f 94 85 115
f 337 113 115
f 337 113 111
f 337 113 335
f 337 118 121
f 337 117 118
f 337 115 117
f 337 115 117
f 337 335 108
f 337 121 122
f 337 339 111
f 337 339 108
f 337 123 122
f 337 105 335
f 337 123 122
f 337 105 339
f 337 335 102
f 337 123 338
f 337 123 138
f 337 139 138
f 337 339 102
f 337 335 102
f 337 125 338
f 337 125 138
f 337 125 138
f 337 139 141
f 337 339 102
f 337 335 99
f 337 141 338
f 337 339 99
f 337 98 335
f 337 143 338
f 337 148 141
f 337 98 339
f 337 98 97
f 337 143 147
f 337 143 338
f 337 147 148
f 337 98 339
f 337 143 147
f 337 338 144
f 337 143 144
f 337 147 148
f 337 147 338
f 337 144 146
f 337 338 146
f 337 151 148
f 337 154 151
f 337 156 338
f 337 154 156
f 337 154 156
f 337 436 335
f 337 339 436
f 337 436 335
f 337 339 436
f 337 416 335
f 337 416 339
f 337 416 335
f 337 416 339
f 337 411 335
f 337 339 411
f 337 409 335
f 337 339 409
f 337 339 366
f 337 339 409
f 337 335 366
f 337 409 366
f 337 409 335
f 719 717 216
f 719 220 720
f 719 717 220
f 719 720 222
f 719 717 222
f 719 225 224
f 719 230 229
f 719 230 231
f 719 231 473
f 719 232 720
f 719 232 231
f 719 232 231
f 719 475 720
f 719 475 720
f 719 477 720
f 719 477 478
f 719 479 478
f 719 479 720
f 719 720 481
f 719 720 481
f 719 720 483
f 719 720 483
f 719 485 720
f 719 486 485
f 719 486 487
f 719 488 487
f 719 489 488
f 719 489 490
f 719 491 490
f 719 491 492
f 719 496 495
f 719 496 497
f 719 500 501
f 719 502 501
f 719 502 720
f 719 720 503
f 719 506 720
f 719 506 720
f 719 511 510
f 719 511 512
f 719 517 515
f 719 517 720
f 719 519 517
f 719 519 520
f 719 720 655
f 719 720 675
f 719 720 677
f 719 720 679
f 719 720 679
f 719 720 682
f 719 720 690
f 719 720 692
f 719 720 695
f 719 720 695
f 719 717 720
f 212 719 717
f 212 719 214
f 212 719 717
f 212 704 706
f 212 721 214
f 212 704 214
f 212 721 722
f 212 214 700
f 212 723 722
f 212 214 699
f 212 214 699
f 212 726 725
f 212 450 214
f 212 317 214
f 212 317 316
f 212 314 316
f 212 16 8
f 212 314 214
f 212 51 49
f 212 312 214
f 212 51 49
f 212 312 310
f 212 309 310
f 212 308 309
f 212 308 214
f 212 305 214
f 212 304 305
f 212 304 303
f 212 301 303
f 212 301 214
f 212 299 214
f 212 299 298
f 212 295 298
f 212 294 295
f 212 293 214
f 212 294 293
f 215 719 717
f 215 719 717
f 215 719 214
f 215 719 216
f 215 704 706
f 215 704 706
f 215 721 214
f 215 721 216
f 215 704 214
f 215 704 216
f 215 721 722
f 215 721 722
f 215 214 700
f 215 723 722
f 215 723 722
f 215 457 700
f 215 216 457
f 215 214 699
f 215 699 457
f 215 214 699
f 215 726 725
f 215 216 726
f 215 1 216
f 215 314 317
f 215 4 3
f 215 4 216
f 215 314 214
f 215 216 314
f 215 312 214
f 215 312 216
f 215 312 310
f 215 312 216
f 215 11 16
f 215 309 310
f 215 309 216
f 215 16 214
f 215 16 216
f 215 308 309
f 215 308 309
f 215 18 214
f 215 216 18
f 215 308 214
f 215 308 216
f 215 18 214
f 215 216 18
f 215 305 214
f 215 305 216
f 215 216 20
f 215 304 305
f 215 304 305
f 215 214 19
f 215 20 19
f 215 216 20
f 215 304 303
f 215 304 216
f 215 214 22
f 215 216 22
f 215 301 303
f 215 301 216
f 215 301 214
f 215 301 216
f 215 216 22
f 215 47 22
f 215 299 214
f 215 299 216
f 215 47 44
f 215 299 298
f 215 299 216
f 215 45 44
f 215 216 45
f 215 216 45
f 215 295 298
f 215 295 216
f 215 294 295
f 215 294 295
f 215 294 293
f 215 294 216
f 215 293 214
f 215 216 293
f 524 522 654
f 524 654 526
f 524 522 653
f 524 653 654
f 524 522 653
f 524 653 652
f 524 522 651
f 524 651 652
f 524 522 651
f 524 651 526
f 524 522 649
f 524 649 526
f 524 522 649
f 524 649 647
f 524 522 646
f 524 646 647
f 524 522 646
f 524 646 645
f 524 522 643
f 524 643 645
f 524 522 643
f 524 643 642
f 524 522 642
f 524 642 641
f 524 522 640
f 524 640 641
f 524 522 640
f 524 640 639
f 524 522 639
f 524 639 526
f 524 522 636
f 524 636 526
f 524 522 636
f 524 636 634
f 524 633 634
f 524 522 633
f 524 420 419
f 524 420 522
f 524 406 419
f 524 522 406
f 524 633 632
f 524 522 633
f 524 420 422
f 524 420 522
f 524 631 632
f 524 522 631
f 524 423 422
f 524 522 423
f 524 631 630
f 524 522 631
f 524 423 424
f 524 522 423
f 524 613 526
f 524 522 613
f 524 626 630
f 524 522 626
f 524 425 526
f 524 425 424
f 524 522 425
f 524 613 615
f 524 522 613
f 524 626 526
f 524 522 626
f 524 426 425
f 524 426 522
f 524 615 617
f 524 522 615
f 524 623 526
f 524 522 623
f 524 426 427
f 524 522 621
f 524 623 621
f 524 522 623
f 524 620 617
f 524 620 621
f 524 620 621
f 524 429 430
f 508 439 440
f 508 436 506
f 508 439 438
f 508 506 438
f 508 506 435
f 508 436 506
f 508 435 434
f 508 432 434
f 508 432 430
f 727 1 689
f 727 1 689
f 727 726 692
f 727 215 726
f 727 726 689
f 727 215 1
f 727 215 1
f 727 205 206
f 727 205 726
f 727 689 729
f 727 726 689
f 727 215 216
f 727 215 216
f 727 3 692
f 727 695 692
f 727 726 695
f 727 4 3
f 727 697 696
f 727 729 688
f 727 728 729
f 727 726 688
f 727 695 696
f 727 4 695
f 727 697 21
f 727 726 697
f 727 695 697
f 727 726 695
f 727 4 695
f 727 4 3
f 727 726 682
f 727 728 682
f 727 728 726
f 727 728 220
f 727 699 21
f 727 726 699
f 727 220 726
f 727 728 220
f 727 699 700
f 727 726 699
f 727 726 222
f 727 728 222
f 727 700 702
f 727 726 700
f 727 704 702
f 727 704 726
f 727 704 726
f 727 225 726
f 727 225 728
f 727 728 229
f 228 4 229
f 228 4 227
f 228 227 229
f 228 1 229
f 228 1 227
f 228 728 229
f 228 728 227
f 228 727 728
f 228 727 728
f 228 727 229
f 228 727 227
f 228 229 726
f 228 227 726
f 228 723 722
f 228 723 227
f 228 721 722
f 228 721 227
f 228 721 229
f 228 721 227
f 228 719 229
f 228 719 227
f 228 229 470
f 228 229 470
f 228 468 229
f 228 468 227
f 228 468 229
f 228 468 227
f 228 229 466
f 228 227 466
f 228 229 466
f 228 227 466
f 228 227 465
f 228 465 463
f 228 227 461
f 228 230 463
f 228 230 465
f 228 230 229
f 228 230 461
f 228 227 461
f 228 230 461
f 228 227 460
f 228 230 460
f 228 227 458
f 228 230 458
f 228 301 230
f 228 304 452
f 228 225 227
f 228 299 230
f 228 225 301
f 228 225 304
f 228 304 452
f 228 230 293
f 228 225 293
f 228 225 299
f 228 299 230
f 228 225 304
f 228 225 452
f 228 225 452
f 228 294 230
f 228 225 294
f 228 225 299
f 228 230 295
f 228 294 230
f 228 225 294
f 228 225 295
f 442 544 441
f 442 443 544
f 442 443 544
f 442 441 542
f 442 443 542
f 442 441 542
f 442 443 542
f 442 540 441
f 442 443 540
f 442 540 441
f 442 443 540
f 442 441 537
f 442 443 537
f 442 441 537
f 442 443 537
f 442 441 536
f 442 443 536
f 442 533 441
f 442 533 443
f 442 533 441
f 442 533 443
f 442 441 532
f 442 443 532
f 442 441 530
f 442 443 530
f 442 441 530
f 442 443 530
f 442 441 528
f 442 443 528
f 442 441 527
f 442 443 527
f 442 508 504
f 442 508 444
f 442 508 443
f 442 501 504
f 442 444 501
f 442 504 440
f 442 508 440
f 442 508 441
f 442 500 501
f 442 500 444
f 442 500 499
f 442 500 444
f 442 497 499
f 442 496 497
f 442 496 497
f 442 496 444
f 442 496 495
f 442 496 444
f 442 492 493
f 442 444 492
f 442 491 492
f 442 491 444
f 442 491 490
f 442 491 444
f 442 489 490
f 442 489 444
f 442 489 488
f 442 489 444
f 442 444 293
f 442 293 440
f 442 294 444
f 442 294 443
f 442 444 488
f 442 294 293
f 442 294 443
f 442 488 439
f 442 488 486
f 442 444 486
f 442 295 441
f 442 294 295
f 442 288 439
f 442 295 441
f 442 443 295
f 442 486 485
f 442 444 485
f 442 439 483
f 442 444 483
f 442 439 483
f 442 444 483
f 442 439 438
f 442 297 441
f 442 443 297
f 442 485 439
f 442 439 479
f 442 444 479
f 442 438 478
f 442 444 478
f 442 444 438
f 442 439 479
f 442 444 479
f 442 297 441
f 442 443 297
f 442 299 441
f 442 299 443
f 442 299 441
f 442 299 443
f 442 301 441
f 442 443 301
f 442 304 303
f 442 304 443
f 442 443 305
f 442 304 305
f 442 304 443
f 448 447 478
f 448 447 474
f 448 447 479
f 448 447 472
f 448 447 479
f 448 447 467
f 448 447 481
f 448 456 447
f 448 447 481
f 448 447 483
f 448 447 483
f 448 447 485
f 448 447 486
f 448 447 486
f 448 490 487
f 448 447 490
f 448 447 490
f 448 447 495
f 448 447 504
f 448 508 447
f 448 508 447
f 448 447 527
f 448 447 530
f 448 447 530
f 448 447 532
f 448 447 533
f 448 447 533
f 448 447 536
f 448 447 537
f 448 447 537
f 448 447 540
f 448 447 540
f 448 447 542
f 448 447 542
f 448 447 544
f 448 447 550
f 448 447 550
f 448 447 552
f 448 447 552
f 448 447 555
f 448 557 447
f 448 447 563
f 448 566 447
f 448 447 324
f 448 447 321
f 448 447 321
f 448 447 317
f 448 447 317
f 448 447 314
f 448 447 314
f 448 447 312
f 448 447 312
f 448 447 309
f 448 308 447
f 448 308 447
f 448 447 305
f 448 304 447
f 448 304 447
f 448 447 301
f 448 447 301
f 448 299 447
f 448 299 447
f 448 447 297
f 448 447 297
f 448 294 447
f 448 294 447
f 448 447 293
f 445 444 478
f 445 444 474
f 445 444 479
f 445 444 472
f 445 444 479
f 445 444 467
f 445 444 481
f 445 456 444
f 445 444 481
f 445 444 483
f 445 444 485
f 445 444 486
f 445 444 486
f 445 444 488
f 445 489 488
f 445 489 444
f 445 489 444
f 445 444 293
f 445 491 444
f 445 294 444
f 445 491 444
f 445 294 295
f 445 295 444
f 445 297 444
f 445 496 495
f 445 496 444
f 445 496 444
f 445 297 444
f 445 500 504
f 445 500 444
f 445 500 444
f 445 508 444
f 445 299 444
f 445 508 513
f 445 299 444
f 445 301 444
f 445 301 444
f 445 304 444
f 445 444 527
f 445 304 443
f 445 304 443
f 445 443 305
f 445 530 528
f 445 444 528
f 445 444 530
f 445 444 530
f 445 308 443
f 445 444 532
f 445 308 443
f 445 533 444
f 445 443 309
f 445 533 444
f 445 443 312
f 445 444 536
f 445 443 312
f 445 444 537
f 445 443 314
f 445 444 537
f 445 443 314
f 445 444 540
f 445 443 317
f 445 444 540
f 445 443 317
f 445 444 542
f 445 443 321
f 445 443 321
f 445 557 443
f 445 443 542
f 445 443 444
f 445 443 324
f 445 443 555
f 445 443 563
f 445 443 544
f 445 443 552
f 445 566 443
f 445 443 552
f 445 443 550
f 445 443 550
f 562 426 416
f 562 426 416
f 562 416 581
f 562 563 665
f 562 416 563
f 562 416 581
f 562 563 665
f 562 581 560
f 562 581 580
f 562 581 580
f 562 563 664
f 562 657 560
f 562 580 564
f 562 563 662
f 562 657 564
f 562 657 563
f 562 657 563
f 562 563 661
f 562 563 659
f 562 563 659
f 9 215 216
f 9 220 8
f 9 215 8
f 9 8 222
f 9 225 8
f 9 8 689
f 9 16 689
f 9 8 687
f 9 8 689
f 9 16 689
f 9 16 8
f 9 8 687
f 9 227 229
f 9 8 683
f 9 8 683
f 9 8 24
f 9 229 24
f 9 229 8
f 9 8 655
f 9 8 681
f 9 8 668
f 9 8 681
f 9 8 668
f 9 8 679
f 9 8 670
f 9 8 677
f 9 8 670
f 9 8 675
f 12 11 16
f 12 11 220
f 12 11 222
f 12 225 11
f 12 11 655
f 12 11 668
f 12 11 668
f 12 11 670
f 12 11 670
f 12 11 675
f 12 11 677
f 12 11 679
f 12 11 681
f 12 11 681
f 12 16 683
f 12 11 683
f 12 11 16
f 451 450 474
f 451 452 474
f 451 450 478
f 451 452 478
f 451 450 472
f 451 452 472
f 451 450 479
f 451 452 479
f 451 467 450
f 451 450 479
f 451 452 479
f 451 456 467
f 451 456 452
f 451 456 467
f 451 450 481
f 451 452 481
f 451 450 481
f 451 452 481
f 451 452 485
f 451 485 482
f 451 450 482
f 451 450 485
f 451 486 450
f 451 452 486
f 451 486 450
f 451 452 486
f 451 450 487
f 451 452 487
f 451 450 499
f 451 452 499
f 451 508 452
f 451 450 504
f 451 508 504
f 451 508 450
f 451 450 527
f 451 452 527
f 451 450 530
f 451 452 530
f 451 450 530
f 451 452 530
f 451 450 532
f 451 452 532
f 451 533 450
f 451 452 533
f 451 533 450
f 451 452 533
f 451 450 536
f 451 452 536
f 451 450 537
f 451 452 537
f 451 450 537
f 451 452 537
f 451 450 540
f 451 452 540
f 451 450 540
f 451 452 540
f 451 450 542
f 451 452 542
f 451 450 542
f 451 452 542
f 451 544 450
f 451 452 544
f 451 550 450
f 451 452 550
f 451 550 551
f 451 452 550
f 451 552 551
f 451 452 552
f 451 552 450
f 451 452 552
f 451 555 450
f 451 452 555
f 451 557 555
f 451 557 452
f 451 563 450
f 451 452 563
f 451 450 565
f 451 452 565
f 451 210 450
f 451 452 210
f 451 212 450
f 451 212 452
f 451 215 452
f 451 317 450
f 451 215 317
f 451 215 452
f 451 314 317
f 451 215 314
f 451 452 216
f 451 215 216
f 451 216 314
f 451 452 220
f 451 314 218
f 451 314 450
f 451 220 218
f 451 312 450
f 451 312 220
f 451 312 310
f 451 312 220
f 451 309 310
f 451 220 310
f 451 452 220
f 451 308 309
f 451 308 452
f 451 308 450
f 451 308 452
f 451 305 450
f 451 452 305
f 451 304 305
f 451 304 452
f 451 304 303
f 451 304 452
f 451 301 303
f 451 452 301
f 451 301 450
f 451 452 301
f 451 299 450
f 451 299 452
f 451 299 450
f 451 299 452
f 451 297 450
f 451 452 297
f 451 297 295
f 451 452 297
f 451 294 295
f 451 294 452
f 451 294 293
f 451 294 452
f 451 293 450
f 451 452 293
f 451 445 452
f 451 448 447
f 451 448 452
f 453 454 474
f 453 452 474
f 453 452 478
f 453 454 472
f 453 452 472
f 453 477 478
f 453 454 477
f 453 454 477
f 453 454 479
f 453 452 479
f 453 456 454
f 453 456 452
f 453 454 479
f 453 452 479
f 453 454 481
f 453 452 481
f 453 454 481
f 453 452 481
f 453 454 486
f 453 486 485
f 453 452 485
f 453 452 486
f 453 454 486
f 453 452 486
f 453 454 487
f 453 452 487
f 453 452 499
f 453 508 452
f 453 454 527
f 453 452 527
f 453 454 530
f 453 452 530
f 453 454 530
f 453 452 530
f 453 454 532
f 453 452 532
f 453 533 454
f 453 452 533
f 453 533 454
f 453 452 533
f 453 454 536
f 453 452 536
f 453 454 537
f 453 452 537
f 453 454 537
f 453 452 537
f 453 454 540
f 453 452 540
f 453 454 540
f 453 452 540
f 453 454 542
f 453 452 542
f 453 454 542
f 453 452 542
f 453 544 454
f 453 452 544
f 453 550 454
f 453 452 550
f 453 550 454
f 453 452 550
f 453 552 454
f 453 452 552
f 453 552 454
f 453 452 552
f 453 555 454
f 453 452 555
f 453 557 452
f 453 454 563
f 453 452 563
f 453 454 696
f 453 452 696
f 453 454 214
f 453 212 214
f 453 212 452
f 453 215 454
f 453 215 452
f 453 215 454
f 453 215 452
f 453 454 216
f 453 452 216
f 453 454 220
f 453 452 220
f 453 454 220
f 453 452 220
f 453 225 227
f 453 225 452
f 453 228 227
f 453 228 452
f 453 228 230
f 453 228 301
f 453 228 452
f 453 299 230
f 453 299 452
f 453 301 230
f 453 452 301
f 453 233 230
f 453 233 299
f 453 299 452
f 453 233 299
f 453 297 295
f 453 452 297
f 453 452 297
f 453 294 295
f 453 294 452
f 453 294 454
f 453 294 452
f 453 454 293
f 453 452 293
f 453 445 454
f 453 445 452
f 453 448 447
f 453 448 452
f 453 451 454
f 453 451 452
f 453 451 452
f 455 454 474
f 455 456 474
f 455 456 454
f 455 454 477
f 455 456 477
f 455 454 477
f 455 477 479
f 455 456 477
f 455 454 479
f 455 454 481
f 455 456 481
f 455 454 481
f 455 456 481
f 455 456 487
f 455 486 487
f 455 454 486
f 455 454 486
f 455 454 487
f 455 454 527
f 455 457 527
f 455 456 457
f 455 454 530
f 455 530 457
f 455 530 457
f 455 454 530
f 455 532 457
f 455 454 532
f 455 228 227
f 455 228 227
f 455 228 230
f 455 228 230
f 455 533 532
f 455 533 454
f 455 225 227
f 455 225 227
f 455 230 232
f 455 230 232
f 455 533 457
f 455 533 454
f 455 233 232
f 455 233 232
f 455 457 536
f 455 454 536
f 455 537 457
f 455 454 537
f 455 220 457
f 455 454 220
f 455 537 457
f 455 454 537
f 455 220 218
f 455 454 220
f 455 456 238
f 455 540 457
f 455 454 540
f 455 216 218
f 455 454 216
f 455 239 456
f 455 540 457
f 455 454 540
f 455 215 216
f 455 215 454
f 455 454 293
f 455 239 293
f 455 542 457
f 455 454 542
f 455 215 214
f 455 215 454
f 455 454 293
f 455 239 293
f 455 542 457
f 455 454 542
f 455 214 699
f 455 454 214
f 455 544 457
f 455 544 454
f 455 699 457
f 455 454 699
f 455 457 697
f 455 454 697
f 455 445 454
f 455 445 456
f 455 550 457
f 455 550 454
f 455 457 696
f 455 454 696
f 455 550 551
f 455 550 454
f 455 448 447
f 455 448 456
f 455 552 551
f 455 552 454
f 455 552 457
f 455 552 454
f 455 451 454
f 455 451 456
f 455 555 457
f 455 555 454
f 455 451 452
f 455 451 456
f 455 453 452
f 455 453 456
f 455 453 456
f 509 721 722
f 509 721 510
f 509 723 722
f 509 723 510
f 509 723 510
f 509 721 720
f 509 721 510
f 509 719 720
f 509 719 510
f 509 429 427
f 509 429 510
f 509 429 430
f 509 508 430
f 509 429 510
f 509 425 427
f 509 425 510
f 509 432 510
f 509 508 432
f 509 425 423
f 509 425 510
f 509 432 510
f 509 508 432
f 509 423 422
f 509 510 423
f 509 510 435
f 509 508 435
f 509 442 513
f 509 442 508
f 509 442 443
f 509 442 508
f 509 420 422
f 509 420 510
f 509 420 510
f 509 510 436
f 509 508 436
f 509 513 441
f 509 513 510
f 509 508 441
f 509 443 513
f 509 508 513
f 509 508 443
f 509 510 436
f 509 508 436
f 509 510 439
f 509 508 439
f 509 510 439
f 509 508 439
f 724 205 725
f 724 723 205
f 724 65 205
f 724 723 65
f 724 723 65
f 724 212 725
f 724 212 723
f 724 717 725
f 724 723 717
f 724 215 725
f 724 215 723
f 724 704 717
f 724 215 216
f 724 215 723
f 724 704 725
f 724 723 717
f 724 704 717
f 724 725 700
f 724 700 701
f 724 723 701
f 724 723 700
f 724 723 700
f 724 220 725
f 724 723 220
f 724 699 700
f 724 725 699
f 724 725 699
f 724 723 695
f 724 725 222
f 724 723 222
f 724 695 697
f 724 725 697
f 724 725 695
f 724 725 695
f 724 723 695
f 724 725 692
f 724 723 692
f 724 225 725
f 724 225 723
f 724 689 725
f 724 723 689
f 724 723 689
f 724 228 227
f 724 228 723
f 724 725 688
f 724 689 688
f 724 689 725
f 724 725 682
f 724 723 682
f 724 228 229
f 724 228 723
f 724 725 679
f 724 723 679
f 724 230 229
f 724 723 230
f 724 725 679
f 724 723 679
f 724 230 231
f 724 723 230
f 724 725 677
f 724 723 677
f 724 232 231
f 724 723 232
f 724 725 675
f 724 723 675
f 724 233 232
f 724 233 723
f 724 725 655
f 724 723 655
f 724 515 725
f 724 723 515
f 724 236 725
f 724 512 515
f 724 479 725
f 724 723 479
f 724 236 477
f 724 723 477
f 724 511 512
f 724 511 723
f 724 479 725
f 724 723 479
f 724 511 510
f 724 511 723
f 724 725 481
f 724 723 481
f 724 510 725
f 724 723 510
f 724 725 481
f 724 723 481
f 724 506 725
f 724 723 506
f 724 725 483
f 724 723 483
f 724 506 725
f 724 723 506
f 724 485 725
f 724 723 485
f 724 502 725
f 724 723 502
f 724 486 485
f 724 723 486
f 724 502 501
f 724 723 502
f 724 488 486
f 724 723 488
f 724 489 488
f 724 723 489
f 724 489 490
f 724 723 489
f 724 496 497
f 724 723 496
f 724 491 490
f 724 723 491
f 724 496 495
f 724 723 496
f 724 491 492
f 724 723 491
f 208 723 722
f 208 721 722
f 208 724 723
f 208 721 210
f 208 724 210
f 208 717 210
f 208 210 726
f 208 727 210
f 208 709 210
f 208 727 210
f 208 709 706
f 208 704 706
f 208 57 56
f 208 704 210
f 208 210 699
f 208 210 699
f 208 210 696
f 208 49 50
f 208 210 321
f 208 210 321
f 208 210 317
f 208 210 317
f 208 210 314
f 208 232 231
f 208 210 314
f 208 233 232
f 208 312 210
f 208 312 210
f 208 309 210
f 208 308 309
f 208 308 210
f 208 305 210
f 208 304 305
f 208 304 210
f 208 301 210
f 208 301 210
f 208 299 210
f 208 299 210
f 208 295 210
f 217 723 722
f 217 723 722
f 217 721 722
f 217 721 722
f 217 724 723
f 217 724 723
f 217 721 218
f 217 721 216
f 217 724 218
f 217 724 216
f 217 719 218
f 217 719 216
f 217 719 216
f 217 726 218
f 217 216 726
f 217 727 726
f 217 727 216
f 217 727 218
f 217 727 216
f 217 1 218
f 217 1 216
f 217 4 3
f 217 4 216
f 217 9 8
f 217 9 216
f 217 12 11
f 217 12 11
f 217 12 16
f 217 16 218
f 217 16 216
f 217 218 18
f 217 216 18
f 217 218 18
f 217 216 18
f 217 218 20
f 217 216 20
f 217 218 20
f 217 216 20
f 217 218 22
f 217 216 22
f 217 22 41
f 217 43 22
f 217 22 41
f 217 43 22
f 217 216 22
f 217 216 45
f 217 228 216
f 217 216 45
f 217 228 230
f 217 228 230
f 219 723 722
f 219 723 722
f 219 721 722
f 219 721 722
f 219 724 723
f 219 724 723
f 219 721 218
f 219 721 220
f 219 724 218
f 219 724 220
f 219 719 218
f 219 719 220
f 219 726 218
f 219 220 726
f 219 717 220
f 219 719 717
f 219 719 717
f 219 727 726
f 219 727 220
f 219 727 218
f 219 727 220
f 219 1 218
f 219 1 220
f 219 4 3
f 219 4 220
f 219 9 8
f 219 9 220
f 219 12 11
f 219 12 11
f 219 16 218
f 219 16 220
f 219 218 18
f 219 220 18
f 219 218 18
f 219 220 18
f 219 218 20
f 219 220 20
f 219 218 20
f 219 220 20
f 219 218 22
f 219 220 22
f 219 38 22
f 219 22 221
f 219 220 22
f 219 38 22
f 219 37 221
f 219 38 37
f 219 217 22
f 219 217 218
f 219 38 39
f 219 38 37
f 219 38 39
f 219 217 41
f 219 39 40
f 219 41 40
f 219 41 42
f 219 217 41
f 219 43 42
f 219 217 43
f 219 228 225
f 219 43 44
f 219 217 43
f 219 228 227
f 219 45 44
f 219 217 45
f 514 723 722
f 514 723 722
f 514 721 722
f 514 721 722
f 514 724 512
f 514 724 723
f 514 724 723
f 514 721 515
f 514 721 512
f 514 719 515
f 514 719 512
f 514 425 515
f 514 425 512
f 514 429 515
f 514 429 512
f 514 429 513
f 514 425 423
f 514 425 423
f 514 429 515
f 514 429 513
f 514 423 515
f 514 423 512
f 514 432 515
f 514 432 513
f 514 420 515
f 514 420 512
f 514 420 512
f 514 432 513
f 514 513 435
f 514 513 438
f 514 513 436
f 514 513 436
f 498 723 722
f 498 721 722
f 498 724 723
f 498 723 500
f 498 721 497
f 498 721 500
f 498 719 497
f 498 721 500
f 498 724 497
f 498 723 500
f 498 724 723
f 498 719 500
f 498 425 497
f 498 500 425
f 498 425 423
f 498 728 497
f 498 724 501
f 498 429 497
f 498 429 500
f 498 423 497
f 498 425 423
f 498 500 425
f 498 728 501
f 498 728 497
f 498 429 497
f 498 429 500
f 498 420 497
f 498 423 501
f 498 728 501
f 498 432 497
f 498 432 500
f 498 420 501
f 498 420 497
f 498 432 497
f 498 500 434
f 498 432 500
f 498 420 501
f 498 435 434
f 498 497 435
f 498 436 435
f 498 436 497
f 498 436 499
f 498 436 497
f 498 439 499
f 498 497 439
f 498 497 439
f 703 473 702
f 703 704 702
f 703 704 473
f 703 475 473
f 703 704 475
f 703 477 475
f 703 704 477
f 703 477 479
f 703 704 477
f 703 479 702
f 703 704 479
f 703 481 702
f 703 704 481
f 703 481 702
f 703 704 481
f 703 530 482
f 703 530 702
f 703 485 482
f 703 704 485
f 703 486 485
f 703 704 486
f 703 704 486
f 703 530 528
f 703 530 531
f 703 531 701
f 703 717 701
f 703 704 717
f 703 532 531
f 703 533 701
f 703 533 532
f 703 533 532
f 703 682 701
f 705 706 473
f 705 704 473
f 705 704 706
f 705 706 475
f 705 704 475
f 705 706 477
f 705 704 477
f 705 706 477
f 705 704 477
f 705 706 479
f 705 704 479
f 705 706 481
f 705 704 481
f 705 706 481
f 705 704 481
f 705 706 482
f 705 485 482
f 705 704 485
f 705 706 485
f 705 706 486
f 705 704 486
f 705 706 486
f 705 704 486
f 705 704 487
f 705 706 487
f 705 704 527
f 705 703 528
f 705 703 704
f 705 530 528
f 705 703 530
f 705 704 706
f 705 703 530
f 705 709 706
f 705 704 717
f 705 703 717
f 705 703 704
f 705 703 682
f 705 532 531
f 705 703 532
f 705 703 532
f 705 690 682
f 705 703 682
f 710 468 709
f 710 709 469
f 710 709 473
f 710 709 475
f 710 709 477
f 710 709 477
f 710 709 479
f 710 709 481
f 710 709 481
f 710 709 482
f 710 709 485
f 710 709 486
f 710 709 486
f 710 709 489
f 710 709 489
f 710 491 490
f 710 496 495
f 710 496 497
f 710 500 504
f 710 500 501
f 710 508 504
f 710 509 508
f 710 509 513
f 710 511 513
f 710 526 528
f 710 526 528
f 710 528 655
f 707 706 469
f 707 706 473
f 707 706 475
f 707 706 477
f 707 706 477
f 707 706 479
f 707 706 481
f 707 706 481
f 707 706 482
f 707 706 485
f 707 706 486
f 707 706 486
f 707 490 487
f 707 706 487
f 707 489 490
f 707 508 504
f 707 710 524
f 707 710 526
f 707 526 527
f 707 705 527
f 707 710 526
f 707 705 709
f 707 705 528
f 707 710 528
f 707 705 709
f 707 710 709
f 707 705 528
f 707 710 528
f 707 705 703
f 707 710 655
f 707 705 703
f 707 530 655
f 707 705 530
f 707 705 682
f 707 705 690
f 707 530 531
f 707 705 531
f 707 705 530
f 707 679 682
f 707 710 679
f 707 705 690
f 707 710 690
f 707 695 690
f 707 710 695
f 707 710 695
f 707 679 677
f 707 710 677
f 707 710 679
f 383 308 309
f 383 308 309
f 383 308 307
f 383 308 307
f 383 305 307
f 383 305 307
f 383 304 305
f 383 304 305
f 383 385 382
f 383 312 382
f 383 312 385
f 383 304 303
f 383 304 303
f 383 588 589
f 383 588 382
f 383 299 300
f 383 299 382
f 383 299 298
f 383 299 298
f 383 297 298
f 383 297 298
f 383 297 296
f 383 297 296
f 383 293 296
f 383 293 296
f 383 293 384
f 383 293 382
f 256 255 483
f 256 173 170
f 256 479 255
f 256 479 255
f 256 255 478
f 256 183 185
f 256 255 474
f 256 255 472
f 256 255 472
f 256 468 255
f 256 468 467
f 256 461 460
f 256 466 467
f 256 461 255
f 256 466 465
f 256 463 255
f 256 465 464
f 256 463 464
f 285 284 434
f 285 284 444
f 285 432 284
f 285 445 284
f 285 429 432
f 285 429 284
f 285 448 447
f 285 425 284
f 285 425 284
f 285 451 284
f 285 420 284
f 285 451 452
f 285 420 284
f 285 453 452
f 285 284 419
f 285 453 284
f 285 284 404
f 285 455 284
f 285 284 398
f 285 288 398
f 285 455 456
f 285 284 397
f 285 288 397
f 285 284 396
f 285 288 396
f 285 284 396
f 285 288 396
f 285 284 244
f 285 456 284
f 285 284 394
f 285 288 394
f 285 284 394
f 285 288 394
f 285 284 392
f 285 288 392
f 285 284 392
f 285 288 392
f 285 284 205
f 285 284 390
f 285 288 390
f 285 284 205
f 285 284 390
f 285 288 390
f 285 388 284
f 285 388 288
f 285 388 387
f 285 388 288
f 285 183 284
f 285 387 284
f 285 288 387
f 285 383 284
f 285 383 288
f 285 383 284
f 285 383 288
f 285 284 382
f 285 288 382
f 285 380 284
f 285 288 380
f 285 379 380
f 285 288 379
f 285 379 284
f 285 288 379
f 285 288 378
f 285 362 288
f 342 341 108
f 342 113 341
f 342 113 115
f 342 115 341
f 342 341 117
f 342 341 118
f 342 341 121
f 342 341 121
f 342 341 123
f 342 341 123
f 342 341 125
f 342 341 125
f 342 341 127
f 342 341 127
f 342 341 129
f 342 341 132
f 342 136 133
f 342 341 136
f 342 136 133
f 342 341 137
f 342 136 135
f 342 341 137
f 342 341 139
f 342 139 141
f 342 341 139
f 342 341 141
f 342 341 143
f 342 341 143
f 342 341 144
f 342 341 146
f 342 341 147
f 342 147 148
f 342 341 148
f 342 341 147
f 342 341 150
f 342 150 151
f 342 340 151
f 342 340 150
f 342 340 341
f 342 340 153
f 342 340 153
f 342 345 156
f 342 340 156
f 342 340 344
f 342 344 345
f 342 340 344
f 342 349 345
f 342 163 340
f 342 349 348
f 342 340 348
f 342 345 307
f 342 163 307
f 342 345 330
f 342 330 323
f 342 345 323
f 342 345 318
f 342 330 323
f 342 340 330
f 342 345 323
f 342 318 315
f 342 340 315
f 342 345 318
f 546 614 616
f 546 629 643
f 546 629 642
f 546 659 660
f 546 468 466
f 546 468 696
f 546 692 693
f 546 681 679
f 354 339 355
f 354 353 339
f 354 339 366
f 354 409 366
f 354 353 409
f 354 339 366
f 354 353 366
f 354 353 339
f 354 409 410
f 354 353 409
f 354 411 410
f 354 353 411
f 354 323 325
f 354 353 323
f 354 323 355
f 354 353 323
f 354 318 355
f 354 353 318
f 354 318 315
f 354 353 318
f 354 312 315
f 354 353 312
f 354 588 589
f 354 588 353
f 354 308 307
f 354 353 308
f 354 304 307
f 354 353 304
f 354 113 355
f 354 353 113
f 354 353 111
f 354 304 303
f 354 353 304
f 354 113 355
f 354 353 113
f 354 355 114
f 354 115 114
f 354 353 115
f 354 353 115
f 354 117 355
f 354 353 117
f 354 297 298
f 354 353 297
f 354 117 355
f 354 353 117
f 354 297 296
f 354 353 297
f 354 355 119
f 354 353 119
f 354 296 355
f 354 353 296
f 354 121 355
f 354 353 121
f 354 121 355
f 354 353 121
f 354 123 355
f 354 353 123
f 354 123 355
f 354 353 123
f 354 355 155
f 354 353 155
f 354 125 355
f 354 353 125
f 354 355 152
f 354 353 152
f 354 125 355
f 354 353 125
f 354 355 146
f 354 353 146
f 354 127 355
f 354 353 127
f 354 355 146
f 354 353 146
f 354 127 355
f 354 353 127
f 354 355 144
f 354 353 144
f 354 355 131
f 354 353 131
f 354 143 355
f 354 353 143
f 354 355 131
f 354 353 131
f 354 143 355
f 354 353 143
f 354 355 135
f 354 353 135
f 352 411 348
f 352 351 411
f 352 409 348
f 352 353 411
f 352 353 409
f 352 353 409
f 352 353 348
f 352 351 348
f 352 588 353
f 352 588 351
f 352 353 323
f 352 351 323
f 352 353 323
f 352 351 323
f 352 351 110
f 352 353 110
f 352 351 110
f 352 353 318
f 352 351 318
f 352 353 111
f 352 351 111
f 352 353 318
f 352 351 318
f 352 353 113
f 352 351 113
f 352 353 312
f 352 351 312
f 352 353 113
f 352 351 113
f 352 353 115
f 352 351 115
f 352 353 115
f 352 351 115
f 352 353 308
f 352 353 117
f 352 351 117
f 352 353 307
f 352 351 307
f 352 353 117
f 352 351 117
f 352 353 119
f 352 351 119
f 352 353 121
f 352 351 121
f 352 353 297
f 352 351 297
f 352 353 121
f 352 351 121
f 352 353 297
f 352 351 297
f 352 353 123
f 352 351 123
f 352 353 296
f 352 353 123
f 352 351 123
f 352 353 125
f 352 351 125
f 352 353 125
f 352 351 125
f 352 353 127
f 352 351 127
f 352 353 155
f 352 351 155
f 352 353 127
f 352 351 127
f 352 353 152
f 352 351 152
f 352 353 131
f 352 353 146
f 352 351 146
f 352 130 131
f 352 351 130
f 352 351 130
f 352 353 131
f 352 351 131
f 352 353 146
f 352 351 146
f 352 353 135
f 352 351 135
f 352 353 144
f 352 351 144
f 352 353 143
f 352 351 143
f 352 353 143
f 352 351 143
f 282 456 444
f 282 247 248
f 282 247 248
f 374 285 288
f 374 293 375
f 374 293 373
f 374 293 296
f 374 293 296
f 374 297 296
f 374 297 296
f 374 297 298
f 374 297 298
f 374 299 298
f 374 299 298
f 374 304 303
f 374 304 303
f 374 304 305
f 374 305 307
f 374 304 307
f 374 304 305
f 374 588 589
f 374 588 589
f 374 308 307
f 374 308 307
f 374 308 309
f 374 308 309
f 374 376 315
f 374 315 313
f 374 315 373
f 374 315 316
f 374 376 315
f 374 312 313
f 374 312 373
f 374 318 316
f 374 318 376
f 374 318 376
f 558 555 460
f 558 460 458
f 558 555 458
f 558 555 460
f 558 455 555
f 558 555 693
f 558 557 555
f 558 457 693
f 558 458 457
f 558 693 559
f 558 455 457
f 558 455 555
f 558 689 559
f 558 557 689
f 558 455 454
f 558 453 555
f 558 453 557
f 558 689 688
f 558 557 689
f 558 453 454
f 558 687 688
f 558 557 687
f 558 453 452
f 558 453 557
f 558 687 686
f 558 557 687
f 558 451 452
f 558 451 557
f 558 684 686
f 558 557 684
f 558 451 450
f 558 451 557
f 558 684 683
f 558 557 684
f 558 681 683
f 558 557 681
f 558 448 447
f 558 448 557
f 558 681 559
f 558 557 681
f 558 678 559
f 558 557 678
f 558 445 443
f 558 445 557
f 558 678 676
f 558 557 678
f 558 443 441
f 558 557 443
f 558 676 674
f 558 557 676
f 558 441 440
f 558 557 441
f 558 674 673
f 558 557 674
f 558 439 440
f 558 557 439
f 558 672 673
f 558 557 672
f 558 439 437
f 558 557 439
f 558 672 670
f 558 557 672
f 558 436 437
f 558 557 436
f 558 670 669
f 558 557 670
f 558 436 435
f 558 557 436
f 558 668 669
f 558 557 668
f 558 668 667
f 558 557 668
f 558 666 667
f 558 557 666
f 558 665 666
f 558 557 665
f 558 665 664
f 558 557 665
f 558 664 559
f 558 557 664
f 558 426 557
f 558 662 559
f 558 557 662
f 558 426 425
f 558 426 557
f 558 661 662
f 558 557 661
f 558 425 424
f 558 557 425
f 558 659 661
f 558 416 424
f 558 557 416
f 558 659 658
f 558 557 659
f 558 659 661
f 558 557 661
f 558 557 659
f 558 416 560
f 558 657 658
f 558 557 657
f 558 416 581
f 558 557 416
f 558 657 559
f 558 557 657
f 558 560 559
f 558 581 560
f 558 557 581
f 583 581 580
f 583 588 580
f 583 588 589
f 583 582 581
f 583 582 581
f 583 360 361
f 583 362 361
f 583 582 366
f 583 362 366
f 583 367 582
f 583 367 582
f 583 370 582
f 583 370 582
f 583 582 372
f 583 582 372
f 583 582 376
f 583 374 376
f 583 582 377
f 583 582 377
f 583 582 379
f 583 582 379
f 583 582 380
f 583 385 382
f 583 582 385
f 583 582 386
f 583 582 387
f 583 582 388
f 583 582 388
f 583 582 390
f 583 582 390
f 583 582 392
f 583 582 392
f 583 582 394
f 583 582 394
f 583 582 396
f 583 582 396
f 583 582 397
f 583 582 399
f 583 582 400
f 412 581 411
f 412 413 581
f 412 582 581
f 412 413 582
f 412 358 411
f 412 358 413
f 412 411 356
f 412 413 356
f 412 411 356
f 412 413 356
f 412 304 411
f 412 413 304
f 412 354 411
f 412 354 413
f 412 304 411
f 412 413 304
f 412 354 353
f 412 354 413
f 412 411 305
f 412 413 305
f 412 352 353
f 412 352 413
f 412 411 307
f 412 413 307
f 412 352 351
f 412 352 413
f 412 308 411
f 412 413 308
f 412 351 411
f 412 413 351
f 412 308 411
f 412 413 308
f 412 344 411
f 412 413 344
f 412 411 309
f 412 413 309
f 412 344 411
f 412 413 344
f 412 339 411
f 412 413 339
f 412 312 411
f 412 413 312
f 412 337 339
f 412 337 413
f 412 411 314
f 412 413 314
f 412 337 411
f 412 337 413
f 412 411 314
f 412 413 314
f 412 333 411
f 412 333 413
f 412 411 315
f 412 413 315
f 412 333 332
f 412 333 413
f 412 411 317
f 412 413 317
f 412 332 411
f 412 413 332
f 412 411 318
f 412 413 318
f 412 411 330
f 412 413 330
f 412 411 318
f 412 413 318
f 412 411 320
f 412 413 320
f 412 411 324
f 412 413 324
f 412 411 321
f 412 413 321
f 412 411 324
f 412 413 324
f 412 411 321
f 412 413 321
f 412 411 323
f 412 413 323
f 414 581 415
f 414 413 581
f 414 413 356
f 414 354 413
f 414 413 356
f 414 354 413
f 414 352 413
f 414 304 415
f 414 413 304
f 414 352 351
f 414 352 413
f 414 304 305
f 414 413 304
f 414 351 415
f 414 413 351
f 414 305 415
f 414 413 305
f 414 415 348
f 414 413 348
f 414 307 415
f 414 413 307
f 414 344 415
f 414 413 344
f 414 308 307
f 414 413 308
f 414 344 415
f 414 413 344
f 414 308 309
f 414 413 308
f 414 339 415
f 414 413 339
f 414 309 415
f 414 413 309
f 414 337 339
f 414 337 413
f 414 337 335
f 414 337 413
f 414 312 415
f 414 413 312
f 414 333 335
f 414 333 413
f 414 415 314
f 414 413 314
f 414 333 332
f 414 333 413
f 414 415 314
f 414 413 314
f 414 332 415
f 414 413 332
f 414 415 315
f 414 413 315
f 414 413 330
f 414 415 317
f 414 413 317
f 414 415 318
f 414 413 318
f 414 415 324
f 414 413 324
f 414 415 318
f 414 413 318
f 414 415 324
f 414 413 324
f 414 415 320
f 414 413 320
f 414 415 323
f 414 413 323
f 414 415 321
f 414 413 321
f 414 415 321
f 414 413 321
f 619 620 538
f 619 618 538
f 619 618 620
f 619 620 540
f 619 618 540
f 619 620 542
f 619 618 542
f 619 620 542
f 619 618 542
f 619 620 544
f 619 618 544
f 619 622 550
f 619 550 616
f 619 618 616
f 619 622 550
f 619 550 616
f 619 622 551
f 619 552 616
f 619 552 551
f 619 622 99
f 619 622 99
f 619 554 616
f 619 554 552
f 619 554 552
f 619 616 99
f 619 622 100
f 619 622 620
f 619 616 99
f 619 616 100
f 619 618 616
f 619 620 102
f 619 618 102
f 619 104 620
f 619 618 104
f 619 105 104
f 619 105 618
f 619 618 620
f 179 177 45
f 179 183 45
f 179 47 177
f 179 47 183
f 179 177 43
f 179 47 48
f 179 47 183
f 179 49 48
f 179 49 183
f 179 49 177
f 179 177 229
f 179 183 229
f 179 51 177
f 179 232 177
f 179 183 232
f 179 51 52
f 179 232 177
f 179 183 232
f 179 53 52
f 179 237 177
f 179 183 237
f 179 237 177
f 179 183 237
f 179 56 177
f 179 239 177
f 179 239 183
f 179 57 56
f 179 239 242
f 179 57 177
f 179 242 177
f 179 59 177
f 179 177 246
f 179 247 177
f 179 247 248
f 179 254 177
f 179 256 177
f 179 177 272
f 179 177 274
f 179 177 274
f 179 177 276
f 179 177 276
f 179 278 177
f 179 278 177
f 179 280 177
f 179 285 177
f 179 177 293
f 179 294 177
f 179 294 177
f 179 177 295
f 179 177 297
f 175 177 45
f 175 173 45
f 175 48 177
f 175 173 48
f 175 177 43
f 175 173 43
f 175 49 48
f 175 49 173
f 175 177 43
f 175 173 43
f 175 49 177
f 175 49 173
f 175 177 231
f 175 51 177
f 175 51 173
f 175 231 41
f 175 173 41
f 175 173 231
f 175 232 177
f 175 173 232
f 175 51 52
f 175 51 173
f 175 233 232
f 175 233 173
f 175 53 52
f 175 53 173
f 175 233 177
f 175 233 173
f 175 237 177
f 175 173 237
f 175 56 177
f 175 173 56
f 175 237 177
f 175 173 237
f 175 57 56
f 175 57 173
f 175 239 177
f 175 239 173
f 175 57 177
f 175 57 173
f 175 239 242
f 175 239 173
f 175 59 177
f 175 59 173
f 175 242 177
f 175 173 242
f 175 177 246
f 175 173 246
f 175 247 177
f 175 247 173
f 175 247 248
f 175 247 173
f 175 254 177
f 175 254 173
f 175 256 177
f 175 256 173
f 175 177 272
f 175 173 272
f 175 177 274
f 175 173 274
f 175 177 274
f 175 173 274
f 175 177 276
f 175 173 276
f 175 177 276
f 175 173 276
f 175 278 177
f 175 173 278
f 175 278 177
f 175 173 278
f 175 280 177
f 175 173 280
f 175 285 177
f 175 285 173
f 175 177 293
f 175 173 293
f 175 294 177
f 175 294 173
f 175 294 177
f 175 294 173
f 175 177 297
f 175 173 297
f 175 177 297
f 175 173 297
f 175 318 320
f 175 299 177
f 175 173 299
f 175 299 177
f 175 173 299
f 175 318 317
f 175 173 304
f 172 56 170
f 172 173 170
f 172 173 56
f 172 57 56
f 172 57 173
f 172 57 58
f 172 57 173
f 172 59 58
f 172 59 173
f 172 62 173
f 172 324 323
f 172 173 324
f 172 173 324
f 172 173 321
f 172 173 321
f 172 173 318
f 172 173 318
f 172 173 315
f 172 173 315
f 172 312 315
f 172 173 312
f 172 173 308
f 172 308 307
f 172 173 308
f 172 173 305
f 172 304 307
f 172 304 305
f 172 173 304
f 172 304 170
f 172 173 304
f 172 299 170
f 172 173 299
f 172 299 170
f 172 173 299
f 172 297 170
f 172 173 297
f 172 297 170
f 172 173 297
f 172 294 170
f 172 294 173
f 172 294 170
f 172 294 173
f 172 170 293
f 172 173 293
f 172 285 284
f 172 285 173
f 172 280 279
f 172 173 280
f 172 278 279
f 172 173 278
f 172 278 170
f 172 173 278
f 172 276 170
f 172 173 276
f 172 276 170
f 172 173 276
f 172 274 170
f 172 173 274
f 172 274 170
f 172 173 274
f 172 272 170
f 172 173 272
f 172 173 272
f 240 242 483
f 240 239 483
f 240 239 242
f 240 242 481
f 240 239 481
f 240 242 481
f 240 239 481
f 240 242 479
f 240 239 479
f 240 242 479
f 240 239 479
f 240 242 478
f 240 239 478
f 240 242 475
f 240 239 475
f 240 242 475
f 240 239 475
f 240 242 473
f 240 239 473
f 240 242 473
f 240 239 473
f 240 239 472
f 240 239 470
f 240 239 470
f 240 239 468
f 240 239 468
f 240 239 466
f 240 239 466
f 240 239 465
f 240 239 463
f 240 239 463
f 240 239 461
f 240 239 461
f 240 239 460
f 240 239 458
f 240 239 458
f 240 239 456
f 240 455 239
f 240 455 239
f 251 458 275
f 251 276 275
f 251 276 277
f 234 236 26
f 234 233 26
f 234 233 236
f 234 236 24
f 234 233 24
f 234 4 236
f 234 233 4
f 234 4 236
f 234 233 4
f 234 1 236
f 234 233 1
f 234 728 236
f 234 233 728
f 234 728 236
f 234 233 728
f 234 236 726
f 234 233 726
f 234 724 236
f 234 724 233
f 234 724 233
f 234 723 477
f 234 233 475
f 234 723 722
f 234 233 722
f 234 233 723
f 234 233 475
f 234 233 473
f 234 233 473
f 234 233 472
f 234 233 470
f 234 233 470
f 234 233 468
f 234 233 468
f 234 233 466
f 234 233 466
f 234 233 465
f 234 233 463
f 234 233 463
f 234 233 461
f 234 233 461
f 234 460 458
f 234 233 460
f 234 233 458
f 234 455 233
f 234 455 233
f 234 233 294
f 234 453 295
f 234 453 233
f 234 233 294
f 234 233 295
f 234 453 295
f 234 453 233
f 234 230 293
f 234 233 230
f 234 208 233
f 226 224 33
f 226 224 33
f 226 229 33
f 226 227 229
f 226 227 33
f 226 225 224
f 226 225 227
f 226 224 31
f 226 229 36
f 226 227 31
f 226 35 36
f 226 224 35
f 226 224 35
f 226 224 37
f 226 224 30
f 226 229 37
f 226 227 30
f 226 224 37
f 226 29 224
f 226 229 37
f 226 224 39
f 226 219 227
f 226 219 217
f 226 29 224
f 226 229 39
f 226 29 30
f 226 227 30
f 226 224 41
f 226 219 228
f 226 219 217
f 226 228 227
f 226 217 228
f 226 224 27
f 226 229 41
f 226 224 41
f 226 224 26
f 226 229 41
f 226 26 27
f 226 227 26
f 226 43 224
f 226 224 26
f 226 229 43
f 226 227 26
f 226 179 183
f 226 183 45
f 226 179 183
f 226 224 24
f 226 177 229
f 226 227 24
f 226 43 45
f 226 179 43
f 226 179 177
f 226 179 177
f 226 224 24
f 226 225 224
f 226 227 24
f 226 11 227
f 226 12 11
f 226 12 225
f 226 9 227
f 226 9 225
f 226 4 227
f 226 225 4
f 226 1 227
f 226 225 1
f 226 728 227
f 226 225 728
f 226 727 728
f 226 727 225
f 226 727 227
f 226 727 225
f 226 227 726
f 226 225 726
f 226 724 227
f 226 724 225
f 226 724 723
f 226 724 225
f 226 723 227
f 226 225 723
f 226 721 227
f 226 225 721
f 226 721 227
f 226 225 721
f 226 719 227
f 226 719 225
f 226 227 712
f 226 225 712
f 226 468 227
f 226 225 468
f 226 225 468
f 223 224 222
f 223 225 224
f 223 219 225
f 223 220 222
f 223 219 220
f 223 225 305
f 223 225 452
f 223 219 228
f 223 308 452
f 223 453 452
f 223 305 220
f 223 225 304
f 223 453 225
f 223 220 293
f 223 225 293
f 223 219 220
f 223 308 220
f 223 308 452
f 223 453 454
f 223 304 305
f 223 453 225
f 223 294 220
f 223 225 294
f 223 217 228
f 223 219 217
f 223 219 217
f 223 308 309
f 223 451 452
f 223 451 452
f 223 455 454
f 223 304 220
f 223 304 301
f 223 225 304
f 223 455 225
f 223 294 295
f 223 225 294
f 223 220 310
f 223 309 220
f 223 451 310
f 223 451 309
f 223 455 457
f 223 301 220
f 223 225 301
f 223 455 225
f 223 295 220
f 223 225 295
f 223 458 457
f 223 301 220
f 223 225 299
f 223 225 458
f 223 299 220
f 223 225 299
f 223 460 458
f 223 299 220
f 223 225 460
f 223 461 460
f 223 225 461
f 223 461 463
f 223 225 461
f 223 225 465
f 223 709 466
f 223 225 466
f 223 225 709
f 223 225 712
f 223 719 720
f 223 719 224
f 223 721 720
f 223 721 224
f 223 721 722
f 223 721 722
f 223 723 722
f 223 723 722
f 223 724 723
f 223 724 723
f 223 724 725
f 223 724 725
f 223 726 725
f 223 726 725
f 223 727 726
f 223 727 726
f 223 727 728
f 223 727 728
f 223 728 729
f 223 728 729
f 223 1 729
f 223 1 729
f 223 4 3
f 223 4 3
f 223 9 8
f 223 9 8
f 223 12 11
f 223 12 11
f 223 22 222
f 223 22 224
f 223 22 224
f 368 588 369
f 368 367 588
f 368 365 315
f 368 365 315
f 368 369 315
f 368 312 365
f 368 370 312
f 368 370 312
f 368 370 315
f 368 370 369
f 368 318 365
f 368 367 318
f 368 369 318
f 368 369 318
f 368 367 318
f 368 367 369
f 433 514 515
f 433 514 432
f 433 514 432
f 433 519 520
f 433 519 432
f 433 524 434
f 433 524 432
f 433 434 526
f 433 432 526
f 433 434 526
f 433 432 526
f 433 434 528
f 433 432 528
f 433 434 528
f 433 432 528
f 433 434 530
f 433 432 530
f 433 434 530
f 433 432 530
f 433 434 532
f 433 432 532
f 433 533 434
f 433 432 533
f 433 533 534
f 433 432 533
f 433 534 434
f 433 432 534
f 433 434 536
f 433 432 536
f 433 434 537
f 433 432 537
f 433 538 434
f 433 432 538
f 433 538 434
f 433 432 538
f 433 540 434
f 433 432 540
f 433 540 434
f 433 432 540
f 433 434 542
f 433 432 542
f 433 434 542
f 433 432 542
f 433 544 434
f 433 432 544
f 433 434 549
f 433 432 549
f 433 550 434
f 433 432 550
f 433 550 551
f 433 432 550
f 433 552 551
f 433 432 552
f 433 432 552
f 433 552 435
f 433 552 435
f 433 555 435
f 433 554 555
f 433 557 555
f 433 558 557
f 433 557 555
f 433 558 435
f 433 563 435
f 433 566 435
f 433 566 567
f 433 567 568
f 433 337 339
f 433 337 335
f 433 333 335
f 433 333 332
f 433 332 435
f 433 435 324
f 433 321 435
f 433 321 435
f 433 435 317
f 433 435 317
f 433 435 315
f 433 435 314
f 433 435 314
f 433 312 435
f 433 309 435
f 433 309 435
f 433 308 309
f 433 432 308
f 433 308 307
f 433 432 308
f 433 307 434
f 433 432 307
f 433 305 434
f 433 432 305
f 433 304 305
f 433 432 304
f 433 304 303
f 433 432 304
f 433 301 434
f 433 432 301
f 433 299 434
f 433 432 299
f 433 299 434
f 433 432 299
f 433 297 434
f 433 432 297
f 433 432 297
f 431 430 526
f 431 432 526
f 431 524 430
f 431 524 432
f 431 430 526
f 431 432 526
f 431 430 528
f 431 432 528
f 431 430 528
f 431 432 528
f 431 519 520
f 431 519 432
f 431 530 430
f 431 432 530
f 431 530 430
f 431 432 530
f 431 532 430
f 431 432 532
f 431 533 532
f 431 432 533
f 431 533 534
f 431 432 533
f 431 534 430
f 431 432 534
f 431 430 536
f 431 432 536
f 431 537 430
f 431 432 537
f 431 538 537
f 431 432 538
f 431 538 430
f 431 432 538
f 431 540 430
f 431 432 540
f 431 540 430
f 431 432 540
f 431 542 430
f 431 432 542
f 431 542 430
f 431 432 542
f 431 544 430
f 431 432 544
f 431 430 549
f 431 432 549
f 431 550 430
f 431 432 550
f 431 550 551
f 431 432 550
f 431 552 551
f 431 432 552
f 431 552 430
f 431 432 552
f 431 554 430
f 431 433 554
f 431 433 432
f 431 554 555
f 431 433 554
f 431 555 556
f 431 433 555
f 431 557 556
f 431 433 557
f 431 558 557
f 431 433 558
f 431 558 430
f 431 433 558
f 431 430 560
f 431 563 565
f 431 433 563
f 431 566 565
f 431 433 566
f 431 566 567
f 431 433 566
f 431 567 568
f 431 433 567
f 431 344 416
f 431 344 341
f 431 339 341
f 431 433 339
f 431 337 339
f 431 433 337
f 431 337 335
f 431 433 337
f 431 333 335
f 431 433 333
f 431 333 332
f 431 433 333
f 431 332 430
f 431 433 332
f 431 324 430
f 431 433 324
f 431 321 430
f 431 433 321
f 431 433 321
f 431 430 320
f 431 321 320
f 431 321 430
f 431 318 430
f 431 318 317
f 431 318 317
f 431 433 317
f 431 317 316
f 431 433 317
f 431 315 316
f 431 433 315
f 431 314 315
f 431 433 314
f 431 314 430
f 431 433 314
f 431 312 430
f 431 433 312
f 431 309 310
f 431 433 309
f 431 433 432
f 431 308 309
f 431 432 308
f 431 308 307
f 431 432 308
f 431 307 430
f 431 432 307
f 431 305 430
f 431 432 305
f 431 304 305
f 431 432 304
f 431 304 303
f 431 432 304
f 431 301 430
f 431 432 301
f 431 299 430
f 431 432 299
f 431 299 298
f 431 432 299
f 431 297 298
f 431 432 297
f 431 432 297
f 428 519 520
f 428 519 429
f 428 519 429
f 428 524 427
f 428 524 429
f 428 427 526
f 428 429 526
f 428 427 526
f 428 429 526
f 428 427 528
f 428 429 528
f 428 427 528
f 428 429 528
f 428 427 530
f 428 429 530
f 428 427 530
f 428 429 530
f 428 427 532
f 428 429 532
f 428 533 427
f 428 429 533
f 428 533 534
f 428 429 533
f 428 534 427
f 428 429 534
f 428 427 536
f 428 429 536
f 428 427 537
f 428 429 537
f 428 538 427
f 428 429 538
f 428 538 427
f 428 429 538
f 428 540 427
f 428 429 540
f 428 540 427
f 428 429 540
f 428 427 542
f 428 429 542
f 428 427 542
f 428 429 542
f 428 544 427
f 428 429 544
f 428 427 549
f 428 429 549
f 428 550 427
f 428 429 550
f 428 550 551
f 428 429 550
f 428 552 551
f 428 429 552
f 428 552 427
f 428 429 552
f 428 554 427
f 428 429 554
f 428 554 555
f 428 429 554
f 428 555 556
f 428 429 555
f 428 557 556
f 428 558 557
f 428 557 556
f 428 429 556
f 428 558 557
f 428 558 426
f 428 558 426
f 428 558 430
f 428 426 560
f 428 430 560
f 428 562 426
f 428 562 563
f 428 426 563
f 428 563 565
f 428 563 564
f 428 426 564
f 428 566 565
f 428 426 566
f 428 566 567
f 428 567 568
f 428 566 416
f 428 426 566
f 428 416 567
f 428 416 318
f 428 416 317
f 428 426 416
f 428 416 321
f 428 416 321
f 428 416 318
f 428 426 315
f 428 324 430
f 428 416 324
f 428 416 320
f 428 321 430
f 428 321 430
f 428 318 317
f 428 317 316
f 428 426 314
f 428 332 430
f 428 416 332
f 428 430 320
f 428 318 430
f 428 315 316
f 428 426 314
f 428 333 332
f 428 333 416
f 428 314 315
f 428 426 312
f 428 416 335
f 428 333 335
f 428 333 416
f 428 314 430
f 428 312 430
f 428 426 309
f 428 426 309
f 428 429 310
f 428 429 309
f 428 308 309
f 428 429 308
f 428 308 307
f 428 429 308
f 428 307 427
f 428 429 307
f 428 305 427
f 428 429 305
f 428 304 305
f 428 429 304
f 428 304 303
f 428 429 304
f 428 301 427
f 428 429 301
f 428 299 427
f 428 429 299
f 428 299 427
f 428 429 299
f 428 297 427
f 428 429 297
f 428 429 297
f 281 280 467
f 281 429 467
f 281 282 429
f 281 280 467
f 281 429 467
f 281 280 425
f 281 282 425
f 281 280 464
f 281 429 464
f 281 280 425
f 281 282 425
f 281 280 459
f 281 429 434
f 281 282 429
f 281 280 420
f 281 282 420
f 281 459 434
f 281 280 458
f 281 280 420
f 281 282 420
f 281 456 459
f 281 282 456
f 281 456 458
f 281 280 458
f 281 280 419
f 281 282 419
f 281 456 458
f 281 282 456
f 281 282 248
f 281 280 398
f 281 282 398
f 281 282 248
f 281 280 397
f 281 282 397
f 281 280 244
f 281 282 244
f 281 282 396
f 281 280 204
f 281 282 204
f 281 282 396
f 281 282 394
f 281 282 394
f 281 183 280
f 281 282 183
f 281 179 280
f 281 179 282
f 281 175 280
f 281 175 282
f 281 175 173
f 281 175 282
f 281 172 173
f 281 172 282
f 281 172 280
f 281 172 282
f 290 425 423
f 54 55 655
f 54 53 655
f 54 53 55
f 54 55 662
f 54 53 662
f 54 55 662
f 54 53 662
f 54 55 664
f 54 53 664
f 54 55 666
f 54 53 666
f 54 53 666
f 54 56 666
f 54 56 55
f 54 53 668
f 54 56 668
f 54 56 668
f 54 668 669
f 54 53 668
f 54 670 669
f 54 56 670
f 54 56 670
f 54 208 56
f 54 53 204
f 54 56 55
f 54 205 204
f 54 56 205
f 54 56 205
f 54 179 177
f 54 179 53
f 54 175 177
f 54 175 53
f 54 175 173
f 54 175 53
f 54 173 170
f 54 53 173
f 54 163 53
f 203 51 52
f 203 51 52
f 203 53 52
f 203 53 52
f 203 51 50
f 203 54 53
f 203 54 53
f 203 54 55
f 203 54 55
f 203 56 55
f 203 56 55
f 203 57 56
f 203 57 56
f 203 57 58
f 203 57 58
f 203 59 58
f 203 59 58
f 203 62 61
f 203 61 205
f 203 62 61
f 203 305 202
f 203 308 202
f 203 308 205
f 203 305 205
f 203 304 305
f 203 308 309
f 203 308 309
f 203 304 305
f 203 304 303
f 203 309 310
f 203 309 205
f 203 304 205
f 203 202 73
f 203 205 73
f 203 301 303
f 203 312 310
f 203 312 205
f 203 301 205
f 203 301 205
f 203 301 300
f 203 301 204
f 203 312 313
f 203 312 205
f 203 709 706
f 203 299 300
f 203 299 204
f 203 314 313
f 203 314 205
f 203 704 706
f 203 299 298
f 203 299 298
f 203 314 316
f 203 314 205
f 203 79 704
f 203 704 202
f 203 704 205
f 203 297 298
f 203 317 316
f 203 317 205
f 203 699 202
f 203 205 699
f 203 297 295
f 203 295 298
f 203 297 295
f 203 317 202
f 203 317 205
f 203 699 202
f 203 205 202
f 203 205 699
f 203 294 295
f 203 294 295
f 203 321 202
f 203 321 205
f 203 294 293
f 203 294 293
f 203 205 202
f 203 321 202
f 203 321 205
f 203 293 202
f 203 293 204
f 203 285 284
f 203 285 284
f 203 281 282
f 203 281 282
f 203 281 280
f 203 281 280
f 203 280 279
f 203 280 279
f 203 278 279
f 203 278 279
f 203 278 277
f 203 247 248
f 203 247 244
f 203 248 244
f 203 247 248
f 203 243 244
f 203 243 244
f 203 240 239
f 203 240 239
f 203 239 238
f 203 239 204
f 203 237 238
f 203 237 204
f 203 237 236
f 203 237 236
f 203 234 236
f 203 234 233
f 203 234 233
f 203 233 232
f 203 232 231
f 194 242 244
f 194 243 242
f 167 52 50
f 167 48 50
f 167 53 52
f 167 48 170
f 167 54 53
f 167 170 45
f 167 54 170
f 167 170 43
f 167 170 43
f 167 170 41
f 167 170 41
f 167 170 39
f 167 242 170
f 167 242 170
f 167 246 170
f 167 247 246
f 167 247 248
f 167 254 170
f 167 256 170
f 167 272 170
f 167 274 170
f 167 274 170
f 167 276 170
f 167 276 170
f 167 278 170
f 160 163 53
f 160 163 52
f 160 163 48
f 160 163 48
f 160 163 45
f 160 163 43
f 160 163 43
f 160 163 41
f 160 163 41
f 160 163 39
f 160 163 272
f 160 163 274
f 160 163 274
f 160 163 276
f 160 163 276
f 160 163 278
f 160 163 278
f 160 163 280
f 160 281 163
f 160 281 282
f 160 285 163
f 160 285 163
f 160 290 354
f 160 352 296
f 160 293 296
f 160 163 293
f 160 163 293
f 160 352 353
f 160 352 351
f 160 351 350
f 160 349 350
f 160 349 297
f 160 349 345
f 160 349 297
f 106 651 109
f 106 105 651
f 106 649 109
f 106 105 649
f 106 105 69
f 106 648 649
f 106 105 648
f 106 648 647
f 106 105 648
f 106 646 647
f 106 105 646
f 106 646 109
f 106 105 646
f 106 644 109
f 106 105 644
f 106 644 643
f 106 105 644
f 106 643 642
f 106 105 643
f 106 642 641
f 106 105 642
f 106 640 641
f 106 105 640
f 106 105 640
f 106 105 639
f 106 105 637
f 106 105 637
f 106 105 635
f 106 105 635
f 106 105 633
f 106 105 633
f 106 105 631
f 106 105 631
f 106 105 629
f 106 105 629
f 106 105 627
f 106 105 627
f 106 105 626
f 106 105 624
f 106 105 624
f 106 105 104
f 106 105 622
f 106 105 104
f 106 105 622
f 106 105 103
f 106 105 620
f 106 619 105
f 106 103 139
f 106 619 105
f 106 105 618
f 106 105 616
f 106 105 616
f 106 105 614
f 106 105 614
f 106 105 612
f 106 333 105
f 106 105 332
f 106 105 612
f 106 333 105
f 106 337 105
f 106 337 105
f 106 105 339
f 106 105 348
f 106 105 344
f 70 105 69
f 70 69 104
f 70 105 69
f 70 69 101
f 70 69 110
f 70 69 654
f 70 69 110
f 70 69 655
f 70 69 114
f 70 69 659
f 70 69 114
f 70 69 659
f 70 69 119
f 70 69 661
f 70 69 119
f 70 69 661
f 70 69 121
f 70 69 662
f 70 69 121
f 70 69 664
f 70 69 123
f 70 69 665
f 70 69 123
f 70 69 665
f 70 69 125
f 70 69 666
f 70 69 125
f 70 69 668
f 70 69 127
f 70 69 668
f 70 69 127
f 70 69 670
f 70 69 130
f 70 69 670
f 70 69 130
f 70 69 672
f 70 69 672
f 70 133 132
f 70 69 133
f 70 69 674
f 70 69 133
f 70 69 674
f 70 69 135
f 70 69 136
f 70 69 137
f 70 69 137
f 70 69 139
f 70 69 139
f 70 69 141
f 70 69 141
f 70 69 143
f 70 69 143
f 70 69 144
f 70 69 146
f 70 69 147
f 70 69 147
f 70 69 154
f 70 150 151
f 70 69 150
f 70 69 150
f 70 69 154
f 66 110 65
f 66 67 110
f 66 106 65
f 66 106 67
f 66 110 65
f 66 67 110
f 66 106 105
f 66 106 67
f 66 65 114
f 66 67 114
f 66 67 105
f 66 65 114
f 66 67 114
f 66 105 65
f 66 105 104
f 66 67 104
f 66 65 119
f 66 67 119
f 66 65 653
f 66 67 653
f 66 65 119
f 66 67 119
f 66 65 653
f 66 67 653
f 66 65 121
f 66 67 121
f 66 65 654
f 66 67 654
f 66 65 121
f 66 67 121
f 66 65 655
f 66 67 655
f 66 65 123
f 66 67 123
f 66 65 660
f 66 67 660
f 66 65 123
f 66 67 123
f 66 65 661
f 66 67 661
f 66 65 125
f 66 67 125
f 66 65 661
f 66 67 661
f 66 65 125
f 66 67 125
f 66 65 662
f 66 67 662
f 66 65 127
f 66 67 127
f 66 65 664
f 66 67 664
f 66 65 127
f 66 67 127
f 66 65 665
f 66 67 665
f 66 65 131
f 66 65 665
f 66 67 665
f 66 130 131
f 66 67 130
f 66 67 130
f 66 65 133
f 66 67 133
f 66 65 666
f 66 67 666
f 66 65 133
f 66 67 133
f 66 65 668
f 66 67 668
f 66 65 135
f 66 67 135
f 66 65 668
f 66 67 668
f 66 65 135
f 66 67 135
f 66 65 670
f 66 67 670
f 66 65 140
f 66 67 140
f 66 65 670
f 66 67 670
f 66 65 143
f 66 67 143
f 66 65 672
f 66 67 672
f 66 65 143
f 66 67 143
f 66 65 672
f 66 67 672
f 66 65 144
f 66 67 144
f 66 65 674
f 66 67 674
f 66 65 146
f 66 67 146
f 66 65 674
f 66 67 674
f 66 65 147
f 66 67 147
f 66 65 676
f 66 67 676
f 66 65 147
f 66 67 147
f 66 65 676
f 66 67 676
f 66 65 148
f 66 67 148
f 66 65 678
f 66 67 678
f 66 65 150
f 66 67 150
f 66 65 678
f 66 67 678
f 66 65 150
f 66 67 150
f 66 65 679
f 66 67 679
f 66 65 151
f 66 67 151
f 66 65 681
f 66 67 681
f 66 153 65
f 66 67 153
f 66 65 681
f 66 67 681
f 66 153 65
f 66 67 153
f 66 65 683
f 66 67 683
f 66 65 154
f 66 67 154
f 66 65 684
f 66 67 684
f 66 65 156
f 66 67 156
f 66 65 684
f 66 67 684
f 66 65 156
f 66 67 156
f 66 65 686
f 66 67 686
f 66 65 687
f 66 67 687
f 66 65 687
f 66 67 687
f 66 65 689
f 66 67 689
f 66 65 689
f 66 689 690
f 66 67 689
f 66 65 690
f 66 172 173
f 66 172 67
f 66 65 693
f 66 67 693
f 66 65 693
f 66 67 693
f 66 65 696
f 66 67 696
f 66 65 697
f 66 67 697
f 66 65 699
f 66 67 699
f 66 65 699
f 66 67 699
f 66 704 65
f 66 67 704
f 66 704 706
f 66 67 704
f 66 203 65
f 66 203 67
f 66 709 706
f 66 67 709
f 66 203 65
f 66 203 67
f 66 709 65
f 66 67 709
f 66 717 65
f 66 722 65
f 66 721 722
f 66 721 722
f 66 721 205
f 66 721 717
f 66 717 205
f 66 67 717
f 66 721 717
f 68 69 110
f 68 67 110
f 68 106 69
f 68 106 67
f 68 69 110
f 68 67 110
f 68 106 105
f 68 106 67
f 68 69 114
f 68 67 114
f 68 105 69
f 68 67 105
f 68 69 114
f 68 67 114
f 68 69 104
f 68 67 104
f 68 69 119
f 68 67 119
f 68 69 653
f 68 67 653
f 68 69 119
f 68 67 119
f 68 69 653
f 68 67 653
f 68 69 121
f 68 67 121
f 68 69 654
f 68 67 654
f 68 69 121
f 68 67 121
f 68 69 655
f 68 67 655
f 68 69 123
f 68 67 123
f 68 67 660
f 68 69 123
f 68 67 123
f 68 659 660
f 68 69 659
f 68 69 659
f 68 69 661
f 68 67 661
f 68 69 125
f 68 67 125
f 68 69 661
f 68 67 661
f 68 69 125
f 68 67 125
f 68 69 662
f 68 67 662
f 68 69 127
f 68 67 127
f 68 69 664
f 68 67 664
f 68 69 127
f 68 67 127
f 68 69 665
f 68 67 665
f 68 69 130
f 68 67 130
f 68 69 665
f 68 67 665
f 68 69 130
f 68 67 130
f 68 69 666
f 68 67 666
f 68 69 133
f 68 67 133
f 68 69 668
f 68 67 668
f 68 69 133
f 68 67 133
f 68 69 668
f 68 67 668
f 68 69 135
f 68 67 135
f 68 69 670
f 68 67 670
f 68 69 137
f 68 67 137
f 68 69 670
f 68 67 670
f 68 69 137
f 68 67 137
f 68 69 672
f 68 67 672
f 68 69 141
f 68 69 672
f 68 67 672
f 68 141 140
f 68 67 140
f 68 69 141
f 68 69 674
f 68 67 674
f 68 69 143
f 68 67 143
f 68 69 674
f 68 67 674
f 68 69 143
f 68 67 143
f 68 67 676
f 68 69 144
f 68 67 144
f 68 70 676
f 68 70 69
f 68 67 676
f 68 69 146
f 68 67 146
f 68 70 676
f 68 67 678
f 68 69 147
f 68 67 147
f 68 70 678
f 68 67 678
f 68 69 147
f 68 67 147
f 68 70 678
f 68 67 679
f 68 69 148
f 68 67 148
f 68 70 679
f 68 67 681
f 68 69 150
f 68 67 150
f 68 70 681
f 68 67 681
f 68 69 150
f 68 67 150
f 68 70 681
f 68 67 683
f 68 69 153
f 68 70 683
f 68 67 684
f 68 153 151
f 68 67 151
f 68 67 153
f 68 69 153
f 68 67 153
f 68 70 684
f 68 67 684
f 68 69 154
f 68 67 154
f 68 70 684
f 68 67 686
f 68 69 156
f 68 67 156
f 68 70 686
f 68 67 687
f 68 70 687
f 68 67 687
f 68 70 687
f 68 67 689
f 68 70 689
f 68 67 689
f 68 70 689
f 68 203 67
f 68 70 203
f 68 67 693
f 68 70 693
f 68 203 67
f 68 70 203
f 68 172 67
f 68 67 693
f 68 70 693
f 68 67 717
f 68 70 717
f 68 67 696
f 68 70 696
f 68 67 697
f 68 70 697
f 68 67 709
f 68 70 709
f 68 67 699
f 68 70 699
f 68 67 709
f 68 70 709
f 68 67 699
f 68 70 699
f 68 67 704
f 68 70 704
f 68 67 704
f 68 70 704
f 60 61 660
f 60 59 660
f 60 59 61
f 60 61 661
f 60 59 661
f 60 61 661
f 60 59 661
f 60 61 662
f 60 59 662
f 60 61 664
f 60 59 664
f 60 61 665
f 60 665 666
f 60 59 666
f 60 61 665
f 60 61 666
f 60 59 666
f 60 61 668
f 60 59 668
f 60 61 668
f 60 59 668
f 60 61 670
f 60 59 670
f 60 61 670
f 60 59 670
f 60 61 672
f 60 59 672
f 60 61 672
f 60 59 672
f 60 61 674
f 60 674 673
f 60 59 673
f 60 61 674
f 60 61 676
f 60 676 675
f 60 59 675
f 60 61 676
f 60 676 677
f 60 678 677
f 60 61 678
f 60 61 206
f 60 59 206
f 60 678 679
f 60 61 679
f 60 61 678
f 60 61 205
f 60 59 205
f 60 61 205
f 60 59 205
f 60 203 61
f 60 203 59
f 60 203 61
f 60 203 59
f 60 59 183
f 60 179 61
f 60 179 59
f 60 175 61
f 60 175 59
f 60 175 173
f 60 175 59
f 60 172 173
f 60 172 59
f 60 172 61
f 60 172 59
f 60 61 156
f 60 59 156
f 60 61 153
f 60 59 153
f 60 59 61
f 64 110 65
f 64 110 65
f 64 106 651
f 64 106 65
f 64 65 651
f 64 65 114
f 64 105 65
f 64 106 105
f 64 106 105
f 64 65 653
f 64 65 114
f 64 65 653
f 64 65 119
f 64 65 654
f 64 65 119
f 64 65 655
f 64 65 121
f 64 65 660
f 64 65 121
f 64 65 661
f 64 65 123
f 64 65 661
f 64 65 123
f 64 65 662
f 64 65 125
f 64 65 664
f 64 65 125
f 64 65 665
f 64 65 127
f 64 65 665
f 64 65 127
f 64 65 666
f 64 65 131
f 64 65 668
f 64 65 668
f 64 133 131
f 64 65 133
f 64 65 133
f 64 65 135
f 64 65 670
f 64 65 135
f 64 65 670
f 64 65 140
f 64 65 672
f 64 65 143
f 64 65 672
f 64 65 143
f 64 65 674
f 64 65 144
f 64 65 674
f 64 65 146
f 64 65 676
f 64 65 147
f 64 65 676
f 64 65 147
f 64 65 678
f 64 65 150
f 64 65 678
f 64 65 150
f 64 65 679
f 64 153 65
f 64 65 681
f 64 65 681
f 64 65 154
f 64 153 154
f 64 153 65
f 64 65 156
f 64 65 683
f 64 65 156
f 64 65 684
f 64 65 684
f 64 65 686
f 64 65 687
f 64 65 687
f 64 172 173
f 64 689 688
f 64 65 689
f 64 689 690
f 64 65 689
f 64 727 205
f 64 203 65
f 64 690 21
f 64 65 690
f 64 727 726
f 64 727 205
f 64 203 65
f 64 692 21
f 64 65 692
f 64 726 725
f 64 205 726
f 64 65 205
f 64 692 693
f 64 65 692
f 64 724 725
f 64 724 65
f 64 724 65
f 64 693 694
f 64 65 693
f 64 696 694
f 64 65 696
f 64 65 696
f 63 58 110
f 63 62 58
f 63 64 110
f 63 58 55
f 63 64 651
f 63 62 110
f 63 64 110
f 63 55 651
f 63 58 55
f 63 64 651
f 63 62 114
f 63 64 114
f 63 58 651
f 63 64 653
f 63 62 114
f 63 64 114
f 63 58 653
f 63 62 58
f 63 62 653
f 63 64 653
f 63 62 119
f 63 64 119
f 63 62 654
f 63 64 654
f 63 62 119
f 63 64 119
f 63 62 655
f 63 64 655
f 63 62 121
f 63 64 121
f 63 62 660
f 63 64 660
f 63 62 121
f 63 64 121
f 63 62 661
f 63 64 661
f 63 62 123
f 63 64 123
f 63 62 661
f 63 64 661
f 63 62 123
f 63 64 123
f 63 62 662
f 63 64 662
f 63 62 125
f 63 64 125
f 63 62 664
f 63 64 664
f 63 62 125
f 63 64 125
f 63 62 665
f 63 64 665
f 63 62 127
f 63 64 127
f 63 62 665
f 63 64 665
f 63 62 127
f 63 64 127
f 63 62 666
f 63 64 666
f 63 62 131
f 63 64 131
f 63 62 668
f 63 64 668
f 63 62 131
f 63 64 131
f 63 62 668
f 63 64 668
f 63 62 135
f 63 64 135
f 63 62 670
f 63 64 670
f 63 62 135
f 63 64 135
f 63 62 670
f 63 64 670
f 63 62 140
f 63 64 140
f 63 62 672
f 63 64 672
f 63 62 143
f 63 64 143
f 63 62 672
f 63 64 672
f 63 62 143
f 63 64 143
f 63 62 674
f 63 64 674
f 63 62 144
f 63 64 144
f 63 62 674
f 63 64 674
f 63 62 146
f 63 64 146
f 63 62 676
f 63 64 676
f 63 62 147
f 63 64 147
f 63 62 676
f 63 64 676
f 63 62 147
f 63 64 147
f 63 62 678
f 63 64 678
f 63 62 150
f 63 64 150
f 63 62 678
f 63 64 678
f 63 62 150
f 63 64 150
f 63 62 679
f 63 64 679
f 63 62 153
f 63 64 153
f 63 62 681
f 63 64 681
f 63 62 153
f 63 64 153
f 63 62 681
f 63 64 681
f 63 62 156
f 63 64 156
f 63 62 683
f 63 64 683
f 63 64 156
f 63 64 684
f 63 684 683
f 63 62 683
f 63 64 684
f 63 684 685
f 63 686 685
f 63 64 686
f 63 62 205
f 63 64 205
f 63 687 686
f 63 64 687
f 63 203 62
f 63 64 203
f 63 687 688
f 63 64 688
f 63 64 687
f 63 203 62
f 63 64 203
f 63 172 62
f 63 64 172
f 184 62 61
f 184 62 183
f 184 60 61
f 184 60 183
f 184 60 183
f 184 63 62
f 184 63 62
f 184 63 64
f 184 63 64
f 184 64 65
f 184 64 183
f 184 66 65
f 184 66 183
f 184 66 67
f 184 66 67
f 184 68 67
f 184 68 67
f 184 68 69
f 184 68 183
f 184 70 69
f 184 185 73
f 184 324 185
f 184 321 185
f 184 321 185
f 184 183 318
f 184 321 320
f 184 317 185
f 184 318 317
f 184 183 318
f 184 317 316
f 184 183 317
f 184 315 316
f 184 183 315
f 184 314 315
f 184 183 314
f 184 314 185
f 184 183 314
f 184 312 185
f 184 183 312
f 184 309 310
f 184 183 309
f 184 308 309
f 184 183 308
f 184 308 307
f 184 183 308
f 184 307 185
f 184 183 307
f 184 305 185
f 184 183 305
f 184 304 305
f 184 183 304
f 184 304 303
f 184 183 304
f 184 301 185
f 184 183 301
f 184 299 185
f 184 183 299
f 184 299 298
f 184 183 299
f 184 297 298
f 184 183 297
f 184 297 296
f 184 183 297
f 184 295 296
f 184 183 295
f 184 294 295
f 184 294 183
f 184 294 293
f 184 294 183
f 184 293 185
f 184 183 293
f 334 335 139
f 334 333 139
f 334 333 335
f 334 163 330
f 334 330 315
f 334 349 345
f 334 349 350
f 334 342 345
f 334 351 350
f 334 352 351
f 334 340 330
f 334 342 340
f 334 352 353
f 334 354 330
f 334 354 353
f 334 330 356
f 334 330 356
f 334 366 356
f 334 330 357
f 334 333 330
f 334 358 366
f 334 335 366
f 334 333 366
f 334 358 357
f 334 358 366
f 334 333 366
f 334 409 335
f 334 333 409
f 334 333 409
f 602 657 97
f 602 582 581
f 608 554 614
f 608 554 581
f 608 554 614
f 76 117 118
f 76 129 132
f 81 689 688
f 81 699 202
f 81 704 202
f 574 88 684
f 574 414 356
f 574 414 413
f 574 358 413
f 574 412 358
f 574 412 358
f 574 358 359
f 574 359 411
f 574 411 366
f 346 344 345
f 346 105 344
f 346 105 344
f 346 104 347
f 346 105 104
f 346 105 104
f 346 106 105
f 346 106 105
f 346 108 347
f 346 345 108
f 346 110 347
f 346 345 110
f 346 110 347
f 346 345 110
f 346 347 111
f 346 345 111
f 346 113 347
f 346 113 345
f 346 113 347
f 346 113 345
f 346 115 347
f 346 345 115
f 346 115 347
f 346 345 115
f 346 117 347
f 346 345 117
f 346 117 347
f 346 345 117
f 346 347 118
f 346 345 118
f 346 347 119
f 346 345 119
f 346 347 121
f 346 345 121
f 346 347 121
f 346 345 121
f 346 347 123
f 346 345 123
f 346 347 123
f 346 345 123
f 346 347 125
f 346 345 125
f 346 347 125
f 346 345 125
f 346 347 127
f 346 345 127
f 346 347 127
f 346 345 127
f 346 347 130
f 346 129 130
f 346 345 129
f 346 345 129
f 346 347 130
f 346 345 130
f 346 347 133
f 346 345 133
f 346 347 133
f 346 345 133
f 346 347 135
f 346 345 135
f 346 347 135
f 346 345 135
f 346 347 140
f 346 345 140
f 346 347 143
f 346 345 143
f 346 347 143
f 346 345 143
f 346 347 144
f 346 345 144
f 346 347 146
f 346 345 146
f 346 347 147
f 346 345 147
f 346 347 147
f 346 345 147
f 346 150 347
f 346 345 150
f 346 150 347
f 346 345 150
f 346 153 345
f 346 349 347
f 346 349 153
f 346 153 345
f 346 349 153
f 346 349 345
f 346 345 156
f 346 349 156
f 346 160 349
f 86 85 657
f 86 88 657
f 86 88 85
f 86 85 657
f 86 85 659
f 86 85 661
f 86 85 659
f 86 85 661
f 86 85 662
f 86 85 664
f 86 85 665
f 86 85 665
f 86 85 666
f 86 85 668
f 86 85 668
f 86 85 670
f 86 85 672
f 86 85 672
f 86 85 674
f 86 85 676
f 86 85 678
f 86 85 678
f 86 85 684
f 86 85 684
f 86 85 687
f 86 85 687
f 86 85 688
f 86 85 693
f 86 202 696
f 86 85 696
f 86 85 202
f 86 184 85
f 86 85 148
f 86 85 139
f 86 85 139
f 86 88 118
f 86 118 123
f 86 85 123
f 86 85 118
f 86 94 85
f 95 94 655
f 95 654 655
f 95 97 654
f 95 94 657
f 95 653 654
f 95 97 653
f 95 97 653
f 95 98 97
f 95 98 118
f 95 98 97
f 95 94 118
f 95 98 115
f 95 94 115
f 95 98 115
f 95 113 115
f 95 113 99
f 95 113 85
f 95 94 85
f 95 113 100
f 95 85 108
f 95 113 108
f 95 113 85
f 93 94 655
f 93 94 79
f 93 94 657
f 93 86 94
f 93 86 94
f 93 94 118
f 93 94 139
f 93 94 139
f 93 337 94
f 93 94 332
f 93 94 333
f 93 94 333
f 336 113 115
f 336 337 113
f 336 337 113
f 336 115 335
f 336 337 115
f 336 335 118
f 336 337 118
f 336 335 121
f 336 337 121
f 336 335 122
f 336 337 122
f 336 335 139
f 336 337 139
f 336 335 139
f 336 337 139
f 336 335 148
f 336 337 148
f 336 335 151
f 336 337 151
f 336 335 154
f 336 337 154
f 336 335 154
f 336 337 154
f 336 334 356
f 336 366 355
f 336 337 366
f 336 354 355
f 336 334 354
f 336 366 356
f 336 337 335
f 336 334 366
f 336 334 335
f 336 315 320
f 336 334 315
f 336 354 353
f 336 334 354
f 336 330 320
f 336 334 330
f 336 334 330
f 336 352 353
f 336 334 352
f 336 352 351
f 336 334 352
f 336 351 350
f 336 334 351
f 336 349 350
f 336 334 349
f 336 334 349
f 336 342 349
f 336 342 349
f 336 334 342
f 336 342 340
f 336 334 340
f 336 334 342
f 715 208 210
f 715 205 712
f 715 68 70
f 715 220 222
f 715 228 470
f 715 228 470
f 715 504 503
f 715 509 508
f 711 709 210
f 711 212 712
f 711 212 709
f 711 215 712
f 711 215 709
f 711 215 216
f 711 215 709
f 711 216 712
f 711 709 216
f 711 220 712
f 711 709 220
f 711 220 712
f 711 709 220
f 711 710 709
f 711 223 712
f 711 223 709
f 711 223 225
f 711 223 225
f 711 225 709
f 711 225 468
f 711 225 468
f 711 468 709
f 711 710 468
f 711 468 712
f 711 710 468
f 711 712 469
f 711 710 469
f 711 710 473
f 711 473 472
f 711 712 472
f 711 712 473
f 711 710 475
f 711 475 473
f 711 712 473
f 711 712 475
f 711 712 475
f 711 477 475
f 711 710 477
f 711 477 712
f 711 477 712
f 711 712 479
f 711 477 479
f 711 710 477
f 711 712 479
f 711 710 479
f 711 712 481
f 711 710 481
f 711 712 481
f 711 710 481
f 711 712 483
f 711 483 482
f 711 710 482
f 711 712 483
f 711 712 485
f 711 710 485
f 711 710 486
f 711 710 486
f 711 710 489
f 711 710 489
f 711 710 491
f 711 710 491
f 711 710 496
f 711 710 496
f 711 710 497
f 711 710 500
f 711 710 500
f 711 502 501
f 711 710 501
f 711 710 504
f 711 508 506
f 711 710 508
f 711 710 509
f 711 710 509
f 711 710 511
f 711 710 511
f 711 710 514
f 711 710 514
f 708 709 706
f 708 212 706
f 708 212 709
f 708 215 706
f 708 215 709
f 708 215 706
f 708 215 709
f 708 706 216
f 708 709 216
f 708 706 220
f 708 709 220
f 708 706 220
f 708 709 220
f 708 223 709
f 708 706 463
f 708 223 463
f 708 706 465
f 708 223 465
f 708 223 709
f 708 707 709
f 708 706 466
f 708 709 466
f 708 468 706
f 708 468 709
f 708 468 706
f 708 707 706
f 708 468 709
f 708 709 469
f 708 707 469
f 708 709 473
f 708 707 473
f 708 709 475
f 708 707 475
f 708 709 477
f 708 707 477
f 708 709 477
f 708 707 477
f 708 709 479
f 708 707 479
f 708 709 481
f 708 707 481
f 708 709 481
f 708 707 481
f 708 709 482
f 708 707 482
f 708 709 485
f 708 707 485
f 708 709 486
f 708 707 486
f 708 709 486
f 708 707 486
f 708 709 489
f 708 707 489
f 708 709 489
f 708 707 489
f 708 707 490
f 708 710 490
f 708 710 709
f 708 707 495
f 708 710 495
f 708 707 504
f 708 710 504
f 708 707 508
f 708 710 508
f 708 707 508
f 708 710 508
f 708 707 710
f 708 707 710
f 2 210 3
f 2 727 3
f 2 727 210
f 2 727 1
f 2 215 3
f 2 215 1
f 2 3 689
f 2 1 689
f 2 3 692
f 2 727 692
f 2 727 3
f 2 215 216
f 2 215 1
f 2 3 689
f 2 1 689
f 2 217 216
f 2 217 1
f 2 3 688
f 2 1 688
f 2 217 3
f 2 217 1
f 2 3 683
f 2 1 683
f 2 219 3
f 2 219 1
f 2 3 683
f 2 1 683
f 2 219 220
f 2 219 1
f 2 3 679
f 2 1 679
f 2 220 3
f 2 1 220
f 2 3 679
f 2 1 679
f 2 3 222
f 2 1 222
f 2 3 677
f 2 1 677
f 2 223 3
f 2 223 1
f 2 3 675
f 2 1 675
f 2 223 3
f 2 223 1
f 2 3 670
f 2 1 670
f 2 225 3
f 2 225 1
f 2 3 670
f 2 1 670
f 2 226 225
f 2 226 225
f 2 3 24
f 2 1 24
f 2 226 227
f 2 226 1
f 2 1 24
f 2 228 227
f 2 228 1
f 2 237 24
f 2 228 229
f 2 228 1
f 2 236 3
f 2 237 236
f 2 237 238
f 2 1 238
f 2 1 237
f 2 1 237
f 2 230 229
f 2 1 230
f 2 234 236
f 2 234 1
f 2 230 3
f 2 1 230
f 2 234 233
f 2 234 233
f 2 232 3
f 2 1 232
f 2 233 232
f 2 233 1
f 6 16 692
f 6 692 693
f 6 16 693
f 6 232 231
f 213 212 726
f 213 727 726
f 213 727 212
f 213 727 1
f 213 727 212
f 213 2 1
f 213 2 212
f 213 2 3
f 213 2 212
f 213 4 3
f 213 212 4
f 213 212 16
f 213 9 8
f 213 9 16
f 213 9 16
f 213 16 214
f 213 212 16
f 213 214 22
f 213 49 22
f 213 212 49
f 213 49 47
f 213 215 214
f 213 215 47
f 213 49 47
f 213 212 49
f 213 215 47
f 213 215 216
f 213 234 233
f 213 234 230
f 213 217 216
f 213 217 230
f 213 233 230
f 213 194 217
f 213 217 230
f 213 230 232
f 213 230 229
f 213 226 217
f 449 450 478
f 449 448 478
f 449 450 474
f 449 448 474
f 449 450 479
f 449 448 479
f 449 450 472
f 449 448 472
f 449 450 479
f 449 448 479
f 449 467 450
f 449 448 467
f 449 450 481
f 449 448 481
f 449 456 467
f 449 448 456
f 449 450 481
f 449 448 481
f 449 455 456
f 449 455 448
f 449 448 483
f 449 455 454
f 449 455 448
f 449 483 482
f 449 450 482
f 449 448 483
f 449 453 454
f 449 453 448
f 449 450 485
f 449 448 485
f 449 453 452
f 449 453 448
f 449 486 450
f 449 448 486
f 449 451 452
f 449 451 448
f 449 451 448
f 449 486 450
f 449 448 486
f 449 450 487
f 449 448 487
f 449 450 504
f 449 448 504
f 449 508 450
f 449 448 508
f 449 508 513
f 449 448 508
f 449 450 527
f 449 448 527
f 449 450 530
f 449 448 530
f 449 450 530
f 449 448 530
f 449 450 532
f 449 448 532
f 449 533 450
f 449 448 533
f 449 533 450
f 449 448 533
f 449 450 536
f 449 448 536
f 449 450 537
f 449 448 537
f 449 450 537
f 449 448 537
f 449 450 540
f 449 448 540
f 449 450 540
f 449 448 540
f 449 450 542
f 449 448 542
f 449 450 542
f 449 448 542
f 449 544 450
f 449 448 544
f 449 550 450
f 449 448 550
f 449 550 551
f 449 448 550
f 449 552 551
f 449 448 552
f 449 552 450
f 449 448 552
f 449 555 450
f 449 448 555
f 449 557 555
f 449 448 557
f 449 558 557
f 449 558 448
f 449 558 450
f 449 558 448
f 449 563 450
f 449 448 563
f 449 566 450
f 449 448 566
f 449 566 450
f 449 450 324
f 449 448 324
f 449 448 321
f 449 450 322
f 449 321 322
f 449 448 321
f 449 317 450
f 449 448 317
f 449 317 450
f 449 448 317
f 449 314 450
f 449 448 314
f 449 314 450
f 449 448 314
f 449 312 450
f 449 448 312
f 449 312 310
f 449 448 312
f 449 309 310
f 449 448 309
f 449 308 309
f 449 448 308
f 449 308 450
f 449 448 308
f 449 305 450
f 449 448 305
f 449 304 305
f 449 448 304
f 449 304 303
f 449 448 304
f 449 301 303
f 449 448 301
f 449 301 450
f 449 448 301
f 449 299 450
f 449 448 299
f 449 299 450
f 449 448 299
f 449 297 450
f 449 448 297
f 449 297 295
f 449 448 297
f 449 294 295
f 449 448 294
f 449 294 293
f 449 448 294
f 449 293 450
f 449 448 293
f 449 285 284
f 449 285 448
f 449 448 447
f 561 448 447
f 561 448 447
f 561 449 448
f 561 449 448
f 561 449 450
f 561 449 563
f 561 688 559
f 561 563 688
f 561 563 687
f 561 445 443
f 561 451 450
f 561 451 563
f 561 693 559
f 561 563 693
f 561 687 688
f 561 563 687
f 561 445 443
f 561 443 563
f 561 451 452
f 561 451 452
f 561 687 686
f 561 563 684
f 561 443 441
f 561 563 441
f 561 453 452
f 561 453 452
f 561 457 693
f 561 455 457
f 561 455 457
f 561 455 454
f 561 454 563
f 561 455 454
f 561 684 686
f 561 563 684
f 561 441 440
f 561 563 439
f 561 453 454
f 561 453 454
f 561 684 683
f 561 563 681
f 561 439 440
f 561 563 439
f 561 681 683
f 561 563 681
f 561 439 437
f 561 436 563
f 561 681 559
f 561 563 678
f 561 436 437
f 561 436 563
f 561 678 559
f 561 563 678
f 561 436 435
f 561 433 563
f 561 678 676
f 561 563 676
f 561 433 435
f 561 431 433
f 561 676 674
f 561 563 674
f 561 431 560
f 561 431 433
f 561 562 563
f 561 431 563
f 561 674 673
f 561 563 672
f 561 431 430
f 561 672 673
f 561 563 672
f 561 428 430
f 561 428 562
f 561 672 670
f 561 563 670
f 561 428 426
f 561 428 562
f 561 560 669
f 561 670 669
f 561 563 668
f 561 426 424
f 561 562 426
f 561 668 560
f 561 563 668
f 561 416 424
f 561 562 416
f 561 562 416
f 561 668 560
f 561 563 666
f 561 562 563
f 561 666 560
f 561 665 666
f 561 562 665
f 561 665 560
f 561 562 665
f 561 560 664
f 561 562 664
f 561 560 662
f 561 562 662
f 561 661 560
f 561 562 661
f 561 659 661
f 561 562 659
f 561 659 658
f 561 562 659
f 561 657 658
f 561 562 657
f 561 562 657
f 446 447 478
f 446 445 478
f 446 447 474
f 446 445 474
f 446 447 479
f 446 445 479
f 446 447 472
f 446 445 472
f 446 447 479
f 446 445 479
f 446 447 467
f 446 445 467
f 446 447 481
f 446 445 481
f 446 456 447
f 446 445 456
f 446 447 481
f 446 445 481
f 446 455 456
f 446 455 445
f 446 447 483
f 446 445 483
f 446 455 447
f 446 455 445
f 446 447 485
f 446 445 485
f 446 453 447
f 446 453 445
f 446 447 486
f 446 445 486
f 446 453 452
f 446 453 445
f 446 447 486
f 446 445 486
f 446 451 452
f 446 451 445
f 446 447 489
f 446 445 489
f 446 451 447
f 446 451 445
f 446 447 489
f 446 445 489
f 446 447 490
f 446 449 447
f 446 491 490
f 446 445 491
f 446 445 491
f 446 285 447
f 446 285 445
f 446 447 495
f 446 445 495
f 446 447 504
f 446 445 504
f 446 508 447
f 446 445 508
f 446 508 447
f 446 445 508
f 446 447 293
f 446 445 293
f 446 294 447
f 446 445 294
f 446 294 447
f 446 445 294
f 446 447 295
f 446 445 295
f 446 447 297
f 446 445 297
f 446 447 527
f 446 445 527
f 446 447 297
f 446 445 297
f 446 447 530
f 446 445 530
f 446 299 447
f 446 445 299
f 446 447 530
f 446 445 530
f 446 299 447
f 446 445 299
f 446 447 532
f 446 445 532
f 446 447 301
f 446 445 301
f 446 447 533
f 446 445 533
f 446 447 301
f 446 445 301
f 446 447 533
f 446 445 533
f 446 304 447
f 446 445 304
f 446 447 536
f 446 445 536
f 446 304 447
f 446 445 304
f 446 447 537
f 446 445 537
f 446 447 305
f 446 445 305
f 446 447 537
f 446 445 537
f 446 308 447
f 446 445 308
f 446 447 540
f 446 445 540
f 446 308 447
f 446 445 308
f 446 447 540
f 446 445 540
f 446 447 309
f 446 445 309
f 446 447 542
f 446 445 542
f 446 447 312
f 446 445 312
f 446 447 542
f 446 445 542
f 446 447 312
f 446 445 312
f 446 447 544
f 446 445 544
f 446 447 314
f 446 445 314
f 446 447 314
f 446 445 314
f 446 447 317
f 446 445 317
f 446 447 550
f 446 445 550
f 446 447 317
f 446 445 317
f 446 447 550
f 446 445 550
f 446 447 321
f 446 445 321
f 446 447 552
f 446 445 552
f 446 447 321
f 446 445 321
f 446 447 552
f 446 445 552
f 446 447 324
f 446 445 324
f 446 447 555
f 446 445 555
f 446 557 447
f 446 445 557
f 446 558 557
f 446 558 445
f 446 558 447
f 446 558 445
f 446 566 447
f 446 445 566
f 446 561 447
f 446 561 445
f 446 447 563
f 446 445 563
f 446 561 447
f 446 561 445
f 15 16 220
f 15 16 222
f 15 16 222
f 15 223 222
f 15 223 224
f 15 22 224
f 15 22 224
f 15 22 668
f 15 22 667
f 15 667 655
f 15 668 669
f 15 22 668
f 15 670 669
f 15 16 670
f 15 16 670
f 15 16 675
f 14 16 679
f 14 16 677
f 14 15 16
f 14 15 675
f 14 219 16
f 14 15 16
f 14 15 670
f 14 15 220
f 14 15 670
f 14 15 222
f 14 15 668
f 14 15 223
f 14 15 668
f 14 15 223
f 14 15 667
f 14 15 655
f 14 225 224
f 14 15 224
f 14 226 225
f 207 717 720
f 207 208 717
f 207 721 720
f 207 208 721
f 207 721 722
f 207 208 721
f 207 715 712
f 207 715 208
f 207 723 722
f 207 208 723
f 207 709 712
f 207 208 709
f 207 724 723
f 207 208 724
f 207 709 706
f 207 208 709
f 207 724 725
f 207 208 724
f 207 704 706
f 207 208 704
f 207 726 725
f 207 208 726
f 207 704 206
f 207 208 704
f 207 727 726
f 207 208 727
f 207 699 206
f 207 208 699
f 207 727 206
f 207 208 727
f 207 699 206
f 207 208 699
f 207 206 696
f 207 208 696
f 207 59 206
f 207 59 58
f 207 59 58
f 207 57 58
f 207 208 57
f 207 57 58
f 207 324 206
f 207 57 56
f 207 208 57
f 207 210 324
f 207 208 210
f 207 324 206
f 207 54 56
f 207 54 208
f 207 210 324
f 207 208 210
f 207 321 206
f 207 208 321
f 207 54 53
f 207 54 208
f 207 321 206
f 207 208 321
f 207 53 52
f 207 208 53
f 207 317 206
f 207 208 317
f 207 208 51
f 207 317 316
f 207 208 317
f 207 52 204
f 207 51 52
f 207 314 316
f 207 208 314
f 207 51 50
f 207 208 50
f 207 208 51
f 207 314 313
f 207 208 314
f 207 239 204
f 207 208 239
f 207 237 204
f 207 208 237
f 207 312 313
f 207 208 312
f 207 240 239
f 207 240 208
f 207 237 236
f 207 312 310
f 207 208 312
f 207 309 310
f 207 208 309
f 207 243 244
f 207 208 243
f 207 308 309
f 207 208 308
f 207 282 244
f 207 308 206
f 207 208 308
f 207 305 206
f 207 208 305
f 207 285 284
f 207 285 208
f 207 304 305
f 207 208 304
f 207 304 303
f 207 208 304
f 207 301 303
f 207 208 301
f 207 301 300
f 207 208 301
f 207 293 206
f 207 208 293
f 207 299 300
f 207 208 299
f 207 294 293
f 207 208 294
f 207 299 298
f 207 208 299
f 207 294 295
f 207 208 294
f 207 295 298
f 207 208 295
f 10 217 11
f 10 217 9
f 10 215 11
f 10 9 215
f 10 217 11
f 10 217 9
f 10 9 215
f 10 219 11
f 10 219 9
f 10 215 16
f 10 215 11
f 10 9 16
f 10 219 11
f 10 219 9
f 10 11 220
f 10 9 220
f 10 16 687
f 10 11 16
f 10 16 687
f 10 9 687
f 10 9 16
f 10 9 687
f 10 11 222
f 10 9 222
f 10 11 683
f 10 9 683
f 10 223 11
f 10 223 9
f 10 11 683
f 10 9 683
f 10 223 11
f 10 223 9
f 10 11 681
f 10 9 681
f 10 225 11
f 10 9 225
f 10 11 681
f 10 9 681
f 10 226 225
f 10 226 9
f 10 11 679
f 10 9 679
f 10 226 11
f 10 226 9
f 10 11 677
f 10 9 677
f 10 11 227
f 10 11 675
f 10 9 675
f 10 227 229
f 10 9 229
f 10 9 227
f 10 11 655
f 10 9 655
f 10 11 670
f 10 9 670
f 10 11 668
f 10 9 668
f 10 11 670
f 10 9 670
f 10 11 668
f 10 9 668
f 268 463 464
f 494 707 495
f 494 708 707
f 494 708 707
f 494 450 499
f 494 449 450
f 494 449 450
f 494 449 448
f 494 448 495
f 494 449 448
f 494 708 710
f 494 708 710
f 494 448 447
f 494 448 447
f 494 711 710
f 494 711 710
f 494 446 447
f 494 446 447
f 494 446 445
f 494 446 445
f 494 445 444
f 494 445 444
f 494 442 444
f 494 442 444
f 494 442 493
f 494 442 495
f 494 439 493
f 494 495 439
f 494 719 495
f 494 719 492
f 494 439 438
f 494 495 439
f 494 436 495
f 494 492 438
f 494 436 492
f 494 436 435
f 494 436 492
f 494 721 495
f 494 721 492
f 494 435 495
f 494 492 435
f 494 721 722
f 494 721 722
f 494 432 495
f 494 432 492
f 494 723 722
f 494 723 722
f 494 432 495
f 494 432 492
f 494 724 723
f 494 724 723
f 494 429 495
f 494 429 492
f 494 429 492
f 494 724 495
f 494 724 492
f 494 728 495
f 494 728 492
f 494 728 492
f 518 707 706
f 518 705 706
f 518 494 707
f 518 494 499
f 518 494 707
f 518 455 487
f 518 453 499
f 518 453 454
f 518 455 454
f 518 455 456
f 518 487 457
f 518 453 508
f 518 708 707
f 518 456 487
f 518 453 508
f 518 708 710
f 518 451 508
f 518 711 710
f 518 711 710
f 518 451 508
f 518 519 438
f 518 519 436
f 518 519 436
f 518 519 435
f 518 433 517
f 518 433 519
f 518 433 432
f 518 433 519
f 518 431 432
f 518 431 519
f 518 431 517
f 518 431 519
f 518 429 517
f 518 519 429
f 518 429 517
f 518 519 517
f 518 519 429
f 257 256 483
f 257 258 483
f 257 256 479
f 257 258 479
f 257 167 256
f 257 167 258
f 257 256 479
f 257 258 479
f 257 256 173
f 257 258 173
f 257 256 478
f 257 258 478
f 257 175 256
f 257 175 258
f 257 256 474
f 257 258 474
f 257 175 256
f 257 175 258
f 257 256 472
f 257 258 472
f 257 179 256
f 257 179 258
f 257 256 472
f 257 258 472
f 257 256 468
f 257 258 468
f 257 256 183
f 257 258 183
f 257 256 468
f 257 258 468
f 257 256 466
f 257 258 466
f 257 256 466
f 257 258 466
f 257 256 465
f 257 258 465
f 257 256 463
f 257 258 463
f 257 256 463
f 261 167 262
f 261 167 258
f 261 173 262
f 261 258 173
f 261 262 483
f 261 258 483
f 261 175 173
f 261 175 258
f 261 262 479
f 261 258 479
f 261 175 262
f 261 262 479
f 261 258 479
f 261 179 262
f 261 262 478
f 261 258 478
f 261 262 474
f 261 258 474
f 261 183 262
f 261 262 472
f 261 258 472
f 261 262 472
f 261 262 468
f 261 262 468
f 261 262 466
f 261 262 466
f 261 262 465
f 261 262 463
f 287 449 448
f 287 449 288
f 287 451 288
f 287 451 288
f 287 453 288
f 287 290 455
f 287 455 243
f 287 243 456
f 287 290 240
f 287 456 244
f 287 290 239
f 287 213 290
f 287 213 290
f 287 223 228
f 287 223 220
f 287 207 290
f 287 207 290
f 287 290 205
f 287 290 205
f 287 203 290
f 287 203 290
f 287 183 288
f 286 429 288
f 286 285 429
f 286 288 425
f 286 285 425
f 286 429 432
f 286 285 429
f 286 288 425
f 286 285 425
f 286 432 288
f 286 285 432
f 286 420 288
f 286 285 420
f 286 288 434
f 286 285 434
f 286 420 288
f 286 285 420
f 286 442 288
f 286 288 419
f 286 285 419
f 286 442 444
f 286 285 444
f 286 442 288
f 286 288 404
f 286 285 404
f 286 285 288
f 286 445 288
f 286 285 445
f 286 446 445
f 286 446 285
f 286 175 288
f 286 175 285
f 286 179 288
f 286 287 179
f 286 179 285
f 286 446 288
f 286 446 285
f 286 175 173
f 286 175 285
f 286 448 288
f 286 287 448
f 286 285 448
f 286 172 173
f 286 172 285
f 286 285 183
f 286 287 183
f 286 449 285
f 286 287 449
f 286 285 288
f 286 172 288
f 286 172 285
f 286 449 285
f 286 287 449
f 286 285 451
f 286 287 451
f 286 203 285
f 286 287 203
f 286 285 451
f 286 287 451
f 286 203 285
f 286 287 203
f 286 285 453
f 286 287 453
f 286 285 205
f 286 287 205
f 286 285 453
f 286 287 453
f 286 285 205
f 286 287 205
f 286 285 455
f 286 287 455
f 286 207 285
f 286 287 207
f 286 285 455
f 286 287 455
f 286 207 285
f 286 287 207
f 286 285 456
f 286 287 456
f 286 285 244
f 286 287 244
f 286 287 243
f 343 342 344
f 343 345 147
f 343 345 150
f 343 342 150
f 343 342 147
f 343 345 147
f 343 345 150
f 343 342 150
f 343 342 147
f 343 345 146
f 343 153 345
f 343 342 153
f 343 342 146
f 343 345 144
f 343 153 345
f 343 342 345
f 343 342 153
f 343 342 144
f 343 345 143
f 343 342 143
f 343 345 143
f 343 344 345
f 343 342 143
f 343 342 141
f 343 141 140
f 343 344 140
f 343 342 141
f 343 342 139
f 343 137 139
f 343 344 137
f 343 342 139
f 343 137 139
f 343 342 137
f 343 344 137
f 343 342 137
f 343 344 136
f 343 342 136
f 343 344 135
f 343 342 135
f 343 344 133
f 343 342 133
f 343 344 133
f 343 342 133
f 343 344 132
f 343 132 130
f 343 342 132
f 343 344 130
f 343 344 129
f 343 342 129
f 343 344 129
f 343 127 129
f 343 342 127
f 343 344 127
f 343 344 127
f 343 342 127
f 343 344 125
f 343 342 125
f 343 344 125
f 343 342 125
f 343 344 123
f 343 342 123
f 343 344 123
f 343 342 123
f 343 344 121
f 343 342 121
f 343 344 121
f 343 342 121
f 343 344 119
f 343 118 119
f 343 342 118
f 343 344 118
f 343 344 117
f 343 342 117
f 343 342 115
f 343 115 117
f 343 344 117
f 343 344 115
f 343 344 113
f 343 342 113
f 343 344 113
f 343 342 113
f 343 344 108
f 343 342 108
f 343 106 105
f 343 105 344
f 343 106 105
f 343 344 102
f 343 105 341
f 343 341 102
f 343 344 102
f 343 341 102
f 343 341 99
f 343 578 99
f 343 578 344
f 343 342 344
f 343 578 341
f 547 420 421
f 547 546 420
f 547 421 422
f 547 546 421
f 547 420 419
f 547 546 420
f 547 423 422
f 547 546 423
f 547 581 419
f 547 546 581
f 547 582 581
f 547 546 582
f 547 423 424
f 547 546 423
f 547 425 549
f 547 425 424
f 547 644 648
f 547 546 644
f 547 644 629
f 547 546 425
f 547 648 649
f 547 546 648
f 547 629 628
f 547 546 629
f 547 644 629
f 547 546 629
f 547 546 644
f 547 426 425
f 547 546 426
f 547 649 549
f 547 546 649
f 547 627 628
f 547 546 627
f 547 426 427
f 547 546 426
f 547 546 612
f 547 651 549
f 547 546 651
f 547 624 627
f 547 546 624
f 547 428 427
f 547 428 546
f 547 612 614
f 547 651 652
f 547 546 651
f 547 622 624
f 547 546 622
f 547 428 429
f 547 428 546
f 547 614 616
f 547 546 614
f 547 612 614
f 547 546 614
f 547 546 612
f 547 653 652
f 547 546 653
f 547 619 622
f 547 429 430
f 547 546 429
f 547 618 616
f 547 546 618
f 547 653 549
f 547 546 653
f 547 619 618
f 547 619 546
f 547 546 622
f 547 619 622
f 547 619 546
f 547 431 430
f 547 431 546
f 547 549 548
f 547 549 655
f 547 546 655
f 547 431 432
f 547 431 546
f 547 546 659
f 547 433 432
f 547 433 546
f 547 658 548
f 547 659 658
f 547 659 658
f 547 659 660
f 547 546 659
f 547 433 434
f 547 433 546
f 547 661 660
f 547 546 661
f 547 435 434
f 547 546 435
f 547 661 662
f 547 546 661
f 547 436 435
f 547 546 436
f 547 662 663
f 547 546 662
f 547 436 437
f 547 546 436
f 547 664 663
f 547 546 664
f 547 438 437
f 547 546 438
f 547 546 666
f 547 439 438
f 547 546 439
f 547 665 664
f 547 665 666
f 547 665 666
f 547 666 667
f 547 546 666
f 547 439 440
f 547 546 439
f 547 668 667
f 547 546 668
f 547 441 440
f 547 546 441
f 547 668 669
f 547 546 668
f 547 443 441
f 547 546 443
f 547 670 669
f 547 546 670
f 547 445 443
f 547 546 445
f 547 670 671
f 547 546 670
f 547 446 445
f 547 446 546
f 547 672 671
f 547 446 447
f 547 446 546
f 547 672 673
f 547 672 673
f 547 546 673
f 547 448 447
f 547 546 448
f 547 673 675
f 547 546 673
f 547 449 448
f 547 449 546
f 547 546 677
f 547 449 450
f 547 449 546
f 547 676 675
f 547 676 677
f 547 676 677
f 547 678 677
f 547 451 450
f 547 546 451
f 547 678 679
f 547 678 679
f 547 546 679
f 547 451 452
f 547 546 451
f 547 679 680
f 547 546 679
f 547 453 452
f 547 546 453
f 547 681 680
f 547 546 681
f 547 453 454
f 547 546 453
f 547 681 682
f 547 546 681
f 547 455 454
f 547 546 455
f 547 683 682
f 547 546 683
f 547 455 457
f 547 546 455
f 547 684 683
f 547 546 684
f 547 458 457
f 547 546 458
f 547 684 685
f 547 546 684
f 547 460 458
f 547 546 460
f 547 686 685
f 547 546 686
f 547 461 460
f 547 546 461
f 547 687 686
f 547 546 687
f 547 461 463
f 547 546 461
f 547 687 688
f 547 546 687
f 547 465 463
f 547 546 465
f 547 689 688
f 547 546 689
f 547 465 696
f 547 546 689
f 547 696 694
f 547 546 696
f 547 466 465
f 547 546 466
f 547 546 466
f 547 689 548
f 547 689 690
f 547 546 690
f 547 693 694
f 547 546 693
f 547 693 548
f 547 546 693
f 545 581 544
f 545 546 581
f 545 420 544
f 545 546 420
f 545 582 581
f 545 546 582
f 545 420 544
f 545 546 420
f 545 544 421
f 545 546 421
f 545 544 423
f 545 546 423
f 545 544 423
f 545 546 423
f 545 612 544
f 545 546 612
f 545 425 544
f 545 546 425
f 545 612 544
f 545 546 612
f 545 426 425
f 545 546 426
f 545 614 544
f 545 546 614
f 545 426 544
f 545 546 426
f 545 614 544
f 545 546 614
f 545 428 544
f 545 428 546
f 545 544 616
f 545 546 616
f 545 428 429
f 545 428 546
f 545 546 618
f 545 429 544
f 545 546 429
f 545 544 616
f 545 618 616
f 545 618 544
f 545 619 618
f 545 619 546
f 545 431 544
f 545 431 546
f 545 619 620
f 545 619 546
f 545 431 432
f 545 431 546
f 545 622 620
f 545 546 622
f 545 433 432
f 545 433 546
f 545 622 624
f 545 546 622
f 545 433 544
f 545 433 546
f 545 546 624
f 545 544 435
f 545 546 435
f 545 544 627
f 545 624 627
f 545 624 544
f 545 544 627
f 545 546 627
f 545 436 544
f 545 546 436
f 545 544 629
f 545 546 629
f 545 436 544
f 545 546 436
f 545 544 438
f 545 546 438
f 545 629 635
f 545 544 635
f 545 544 629
f 545 629 637
f 545 546 629
f 545 544 637
f 545 544 439
f 545 546 439
f 545 544 642
f 545 546 642
f 545 544 439
f 545 546 439
f 545 544 643
f 545 546 643
f 545 544 441
f 545 546 441
f 545 644 544
f 545 546 644
f 545 443 544
f 545 546 443
f 545 644 544
f 545 546 644
f 545 445 443
f 545 546 445
f 545 544 648
f 545 546 648
f 545 446 445
f 545 446 546
f 545 544 649
f 545 546 649
f 545 446 447
f 545 446 546
f 545 544 651
f 545 546 651
f 545 448 447
f 545 546 448
f 545 544 651
f 545 546 651
f 545 449 448
f 545 449 546
f 545 544 653
f 545 546 653
f 545 449 544
f 545 449 546
f 545 544 653
f 545 546 653
f 545 451 544
f 545 546 451
f 545 544 655
f 545 546 655
f 545 451 452
f 545 546 451
f 545 544 660
f 545 546 660
f 545 453 452
f 545 546 453
f 545 544 660
f 545 453 544
f 545 546 453
f 545 661 660
f 545 546 661
f 545 546 661
f 545 544 662
f 545 546 662
f 545 455 544
f 545 546 455
f 545 544 664
f 545 546 664
f 545 455 544
f 545 546 455
f 545 544 666
f 545 546 666
f 545 544 458
f 545 546 458
f 545 544 666
f 545 546 666
f 545 544 460
f 545 546 460
f 545 544 668
f 545 546 668
f 545 461 544
f 545 546 461
f 545 544 668
f 545 546 668
f 545 461 544
f 545 546 461
f 545 544 670
f 545 546 670
f 545 544 465
f 545 546 465
f 545 544 670
f 545 546 670
f 545 544 466
f 545 546 466
f 545 546 673
f 545 468 544
f 545 546 468
f 545 673 675
f 545 544 675
f 545 546 673
f 545 468 544
f 545 546 468
f 545 544 677
f 545 546 677
f 545 544 696
f 545 546 696
f 545 544 679
f 545 546 679
f 545 544 696
f 545 546 696
f 545 544 681
f 545 546 681
f 545 544 693
f 545 546 693
f 545 544 681
f 545 546 681
f 545 544 692
f 545 546 692
f 545 544 683
f 545 546 683
f 545 544 692
f 545 546 692
f 545 544 683
f 545 544 690
f 545 546 690
f 545 684 683
f 545 546 684
f 545 546 684
f 545 544 686
f 545 546 686
f 545 544 689
f 545 546 689
f 545 544 687
f 545 546 687
f 545 544 689
f 545 546 689
f 545 544 687
f 545 546 687
f 283 425 284
f 283 282 425
f 283 429 284
f 283 282 429
f 283 425 284
f 283 282 425
f 283 429 432
f 283 420 284
f 283 282 420
f 283 432 284
f 283 429 432
f 283 282 429
f 283 420 284
f 283 282 420
f 283 284 434
f 283 284 419
f 283 282 419
f 283 444 434
f 283 282 444
f 283 284 444
f 283 284 398
f 283 282 398
f 283 445 284
f 283 284 397
f 283 282 397
f 283 451 445
f 283 446 445
f 283 284 396
f 283 282 396
f 283 451 452
f 283 451 445
f 283 446 447
f 283 446 445
f 283 284 396
f 283 282 396
f 283 453 452
f 283 451 452
f 283 451 284
f 283 448 447
f 283 446 449
f 283 446 449
f 283 284 394
f 283 282 394
f 283 453 454
f 283 453 452
f 283 449 284
f 283 449 448
f 283 449 448
f 283 284 394
f 283 282 394
f 283 455 454
f 283 453 284
f 283 284 392
f 283 282 392
f 283 455 456
f 283 282 456
f 283 455 284
f 283 284 392
f 283 282 392
f 283 455 456
f 283 284 390
f 283 282 390
f 283 456 284
f 283 282 456
f 283 284 390
f 283 282 390
f 283 284 244
f 283 388 284
f 283 247 244
f 283 282 247
f 283 282 247
f 283 207 282
f 283 388 387
f 283 208 284
f 283 207 208
f 283 207 208
f 283 207 284
f 283 207 282
f 283 387 284
f 283 284 204
f 283 282 204
f 283 203 284
f 283 203 282
f 283 203 284
f 283 203 282
f 283 183 284
f 283 282 183
f 283 179 177
f 283 179 282
f 283 175 177
f 283 175 282
f 283 175 173
f 283 175 282
f 283 172 173
f 283 172 282
f 283 172 284
f 283 172 282
f 283 160 163
f 283 160 282
f 587 583 588
f 587 588 356
f 587 588 356
f 587 354 588
f 587 358 588
f 587 354 588
f 587 358 588
f 587 360 588
f 587 352 588
f 587 360 588
f 587 362 588
f 587 362 588
f 587 364 363
f 587 364 588
f 587 364 588
f 587 367 588
f 587 368 367
f 587 368 588
f 587 370 588
f 587 370 588
f 587 588 372
f 587 588 372
f 587 374 588
f 587 588 376
f 587 374 588
f 587 588 377
f 587 588 377
f 587 588 379
f 587 588 379
f 587 588 380
f 587 588 382
f 587 383 588
f 587 383 588
f 587 386 385
f 587 588 386
f 587 588 387
f 587 588 388
f 587 588 388
f 587 588 390
f 587 588 390
f 587 588 392
f 587 588 392
f 587 588 394
f 587 588 394
f 587 588 396
f 587 588 396
f 587 588 397
f 587 588 399
f 587 588 399
f 587 588 402
f 587 588 402
f 587 588 406
f 418 412 413
f 418 582 581
f 418 413 582
f 418 582 411
f 418 412 411
f 418 412 582
f 418 414 413
f 418 420 303
f 418 420 419
f 418 415 303
f 418 414 415
f 418 420 551
f 418 581 415
f 418 414 581
f 418 581 551
f 418 420 550
f 418 420 550
f 418 581 550
f 418 581 550
f 182 49 183
f 182 179 49
f 182 179 49
f 182 51 183
f 182 179 51
f 182 51 183
f 182 179 51
f 182 53 183
f 182 179 53
f 182 54 53
f 182 54 179
f 182 54 183
f 182 54 179
f 182 183 56
f 182 57 183
f 182 57 183
f 182 59 183
f 182 60 59
f 182 60 183
f 182 62 183
f 182 63 62
f 182 63 64
f 182 64 183
f 182 66 183
f 182 66 67
f 182 68 67
f 182 68 183
f 182 184 183
f 182 184 70
f 182 184 73
f 182 86 184
f 182 184 324
f 182 184 321
f 182 184 321
f 182 184 320
f 182 184 183
f 182 183 318
f 182 183 318
f 182 183 317
f 182 183 315
f 182 183 314
f 182 183 314
f 182 183 312
f 182 183 309
f 182 183 308
f 182 183 308
f 182 183 307
f 182 183 305
f 182 183 304
f 182 183 304
f 182 183 301
f 182 183 299
f 182 183 299
f 182 183 297
f 182 183 297
f 182 183 295
f 182 294 183
f 182 294 183
f 182 183 293
f 182 287 183
f 182 286 287
f 182 286 285
f 182 285 183
f 182 283 183
f 182 283 282
f 182 281 282
f 182 281 183
f 182 183 280
f 182 183 278
f 182 183 278
f 182 183 276
f 182 183 276
f 182 183 274
f 182 183 274
f 182 183 272
f 182 261 183
f 182 257 258
f 182 257 179
f 182 257 256
f 182 257 179
f 182 256 183
f 182 179 256
f 182 254 183
f 182 179 254
f 182 247 183
f 182 179 247
f 182 247 183
f 182 179 247
f 182 183 246
f 182 179 246
f 182 183 242
f 182 179 242
f 182 239 183
f 182 179 239
f 182 179 239
f 178 62 61
f 178 179 61
f 178 179 62
f 178 63 62
f 178 63 179
f 178 63 64
f 178 63 64
f 178 64 177
f 178 64 179
f 178 66 177
f 178 66 179
f 178 66 67
f 178 66 179
f 178 68 67
f 178 68 179
f 178 99 100
f 178 106 332
f 178 177 324
f 178 177 323
f 178 177 321
f 178 179 321
f 178 177 321
f 178 179 321
f 178 177 320
f 178 179 320
f 178 177 318
f 178 179 318
f 178 177 318
f 178 179 318
f 178 177 317
f 178 179 317
f 178 177 315
f 178 179 315
f 178 177 314
f 178 179 314
f 178 177 314
f 178 179 314
f 178 312 177
f 178 179 312
f 178 177 309
f 178 179 309
f 178 308 177
f 178 179 308
f 178 308 177
f 178 179 308
f 178 177 307
f 178 179 307
f 178 177 305
f 178 179 305
f 178 304 177
f 178 179 304
f 178 304 177
f 178 179 304
f 178 301 177
f 178 179 301
f 178 299 177
f 178 179 299
f 178 299 177
f 178 179 299
f 178 177 297
f 178 179 297
f 178 179 177
f 176 62 61
f 176 175 61
f 176 175 62
f 176 63 62
f 176 63 175
f 176 63 64
f 176 63 64
f 176 64 177
f 176 64 175
f 176 66 177
f 176 66 175
f 176 66 67
f 176 66 175
f 176 68 67
f 176 68 175
f 176 178 68
f 176 178 68
f 176 178 70
f 176 178 73
f 176 178 86
f 176 178 332
f 176 175 324
f 176 178 324
f 176 178 177
f 176 178 93
f 176 177 324
f 176 175 324
f 176 178 106
f 176 177 323
f 176 175 323
f 176 178 99
f 176 177 321
f 176 175 321
f 176 178 98
f 176 178 98
f 176 177 321
f 176 175 321
f 176 177 320
f 176 175 320
f 176 177 318
f 176 175 318
f 176 177 318
f 176 175 318
f 176 177 317
f 176 175 317
f 176 177 315
f 176 175 315
f 176 175 315
f 176 314 315
f 176 177 314
f 176 177 314
f 176 312 177
f 176 175 312
f 176 308 177
f 176 175 308
f 176 308 177
f 176 175 308
f 176 177 305
f 176 175 305
f 176 304 177
f 176 175 304
f 176 304 177
f 176 175 304
f 176 175 177
f 174 62 173
f 174 175 173
f 174 175 62
f 174 63 62
f 174 63 175
f 174 63 64
f 174 63 64
f 174 64 173
f 174 64 175
f 174 66 173
f 174 66 175
f 174 66 67
f 174 66 175
f 174 68 67
f 174 68 175
f 174 68 172
f 174 68 172
f 174 176 68
f 174 176 68
f 174 70 172
f 174 176 70
f 174 172 73
f 174 176 73
f 174 176 175
f 174 173 324
f 174 175 324
f 174 173 324
f 174 175 324
f 174 176 332
f 174 173 323
f 174 175 323
f 174 176 332
f 174 176 86
f 174 173 321
f 174 175 321
f 174 332 108
f 174 173 321
f 174 175 321
f 174 176 106
f 174 173 318
f 174 175 318
f 174 176 99
f 174 176 93
f 174 173 318
f 174 175 318
f 174 176 98
f 174 173 315
f 174 175 315
f 174 176 98
f 174 173 315
f 174 175 315
f 174 173 312
f 174 175 312
f 174 173 308
f 174 175 308
f 174 173 308
f 174 175 308
f 174 173 305
f 174 175 305
f 174 173 304
f 174 175 304
f 174 175 173
f 171 62 61
f 171 172 61
f 171 172 62
f 171 63 62
f 171 63 172
f 171 63 64
f 171 63 64
f 171 64 65
f 171 64 172
f 171 66 65
f 171 66 172
f 171 66 67
f 171 66 172
f 171 68 172
f 171 68 172
f 171 70 172
f 171 172 73
f 171 174 86
f 171 174 93
f 171 174 98
f 171 174 98
f 171 174 99
f 171 174 106
f 171 174 108
f 171 113 332
f 171 174 332
f 171 174 332
f 171 174 330
f 171 174 172
f 171 170 323
f 171 172 323
f 171 170 321
f 171 172 321
f 171 170 321
f 171 172 321
f 171 170 318
f 171 172 318
f 171 172 318
f 171 318 315
f 171 170 318
f 171 172 315
f 171 312 170
f 171 172 312
f 241 242 472
f 241 240 472
f 241 240 242
f 241 242 470
f 241 240 470
f 241 242 470
f 241 240 470
f 241 468 242
f 241 240 468
f 241 468 242
f 241 240 468
f 241 242 466
f 241 240 466
f 241 242 466
f 241 240 466
f 241 240 465
f 241 243 465
f 241 243 242
f 241 243 463
f 241 240 463
f 241 243 463
f 241 240 463
f 241 203 243
f 241 203 240
f 241 243 461
f 241 240 461
f 241 203 243
f 241 203 240
f 241 243 461
f 241 240 461
f 241 243 204
f 241 243 460
f 241 240 460
f 241 207 204
f 241 207 240
f 241 207 243
f 241 243 458
f 241 240 458
f 241 207 208
f 241 207 240
f 241 243 458
f 241 240 458
f 241 243 456
f 241 240 456
f 241 455 243
f 241 240 455
f 241 287 455
f 241 286 212
f 241 286 287
f 241 286 287
f 241 213 240
f 241 287 213
f 241 287 213
f 241 287 290
f 241 287 290
f 249 248 470
f 249 468 248
f 249 468 248
f 249 472 470
f 249 248 470
f 249 248 472
f 249 248 472
f 249 248 466
f 249 248 474
f 249 248 466
f 249 248 478
f 249 248 465
f 249 248 479
f 249 248 463
f 249 248 479
f 249 248 463
f 249 248 481
f 249 461 248
f 249 248 481
f 249 461 248
f 249 248 460
f 249 248 458
f 249 248 458
f 249 280 279
f 249 281 248
f 249 281 280
f 249 280 279
f 249 203 248
f 249 281 248
f 249 281 280
f 249 280 204
f 249 203 248
f 249 280 244
f 249 244 204
f 249 248 244
f 249 182 183
f 249 182 179
f 249 179 248
f 249 175 248
f 249 167 248
f 249 175 173
f 249 173 248
f 252 251 470
f 252 251 468
f 252 251 472
f 252 251 468
f 252 251 472
f 252 251 466
f 252 251 474
f 252 251 466
f 252 251 478
f 252 251 465
f 252 251 479
f 252 251 463
f 252 251 479
f 252 251 463
f 252 251 481
f 252 251 461
f 252 251 481
f 252 251 461
f 252 251 460
f 252 251 458
f 252 203 251
f 252 182 251
f 252 182 251
f 252 251 179
f 252 251 175
f 252 251 175
f 252 251 173
f 252 167 251
f 235 234 724
f 235 234 724
f 235 724 236
f 235 724 723
f 235 234 723
f 235 236 477
f 235 234 477
f 235 236 475
f 235 234 475
f 235 236 475
f 235 234 475
f 235 236 473
f 235 234 473
f 235 236 473
f 235 234 473
f 235 236 472
f 235 234 472
f 235 236 470
f 235 234 470
f 235 236 470
f 235 234 470
f 235 468 236
f 235 234 468
f 235 468 236
f 235 234 468
f 235 236 466
f 235 234 466
f 235 236 466
f 235 234 466
f 235 236 465
f 235 234 465
f 235 236 463
f 235 234 463
f 235 234 463
f 235 237 463
f 235 237 236
f 235 234 461
f 235 237 461
f 235 234 461
f 235 237 461
f 235 234 460
f 235 237 460
f 235 234 458
f 235 237 458
f 235 234 458
f 235 237 458
f 235 234 455
f 235 237 238
f 235 455 238
f 235 234 455
f 235 455 454
f 235 207 237
f 235 207 208
f 235 234 295
f 235 234 236
f 235 207 236
f 235 234 208
f 235 207 208
f 235 294 295
f 235 234 294
f 235 454 293
f 235 294 454
f 235 234 294
f 235 293 238
f 235 213 234
f 235 234 293
f 235 287 290
f 235 240 212
f 235 213 240
f 235 287 239
f 235 287 228
f 235 213 215
f 235 287 240
f 235 287 213
f 235 287 213
f 235 287 215
f 235 228 230
f 235 234 230
f 235 287 228
f 235 213 215
f 235 213 234
f 235 287 215
f 235 228 216
f 235 287 216
f 718 223 717
f 718 223 719
f 718 225 717
f 718 719 225
f 718 719 717
f 718 223 717
f 718 223 719
f 718 226 225
f 718 226 719
f 718 226 717
f 718 226 719
f 718 228 717
f 718 228 719
f 718 228 717
f 718 228 719
f 718 717 230
f 718 719 230
f 718 230 473
f 718 717 473
f 718 717 230
f 718 230 231
f 718 719 231
f 718 719 230
f 718 717 473
f 718 719 473
f 718 717 475
f 718 719 475
f 718 717 475
f 718 719 475
f 718 717 477
f 718 719 477
f 718 717 477
f 718 719 477
f 718 717 479
f 718 719 479
f 718 719 479
f 718 719 481
f 718 719 481
f 718 719 483
f 718 719 483
f 718 719 485
f 718 719 486
f 718 719 486
f 718 719 488
f 718 719 489
f 718 719 489
f 718 719 491
f 718 719 491
f 718 494 492
f 718 494 719
f 718 494 719
f 718 719 496
f 718 719 496
f 718 498 719
f 718 498 719
f 718 719 500
f 718 719 502
f 718 719 502
f 718 719 503
f 718 719 506
f 718 719 506
f 718 509 719
f 718 509 719
f 718 715 509
f 718 719 511
f 718 715 511
f 718 719 511
f 718 715 511
f 718 514 719
f 718 715 514
f 718 514 719
f 718 715 514
f 718 719 517
f 718 715 517
f 718 719 519
f 718 715 519
f 718 719 519
f 718 715 519
f 718 719 695
f 718 719 692
f 718 715 522
f 718 719 695
f 718 719 717
f 718 522 520
f 718 719 520
f 718 715 522
f 718 690 682
f 718 719 682
f 718 719 690
f 718 719 679
f 718 719 655
f 718 719 679
f 718 677 675
f 718 719 675
f 718 719 677
f 291 429 427
f 291 290 429
f 291 425 427
f 291 290 425
f 291 429 430
f 291 425 423
f 291 290 425
f 291 432 430
f 291 429 432
f 291 290 429
f 291 423 422
f 291 290 423
f 291 432 434
f 291 290 432
f 291 420 422
f 291 290 420
f 291 435 434
f 291 290 435
f 291 420 419
f 291 290 420
f 291 436 435
f 291 290 419
f 291 436 438
f 291 436 435
f 291 290 435
f 291 406 404
f 291 406 419
f 291 406 419
f 291 290 404
f 291 439 438
f 291 290 439
f 291 402 401
f 291 402 404
f 291 402 404
f 291 290 398
f 291 439 440
f 291 399 401
f 291 399 398
f 291 399 398
f 291 397 398
f 291 290 397
f 291 442 440
f 291 442 439
f 291 290 442
f 291 396 397
f 291 290 396
f 291 442 444
f 291 290 442
f 291 396 292
f 291 290 396
f 291 445 444
f 291 290 445
f 291 292 394
f 291 290 394
f 291 446 445
f 291 446 290
f 291 292 394
f 291 290 394
f 291 446 447
f 291 446 290
f 291 292 392
f 291 290 392
f 291 448 447
f 291 290 448
f 291 292 392
f 291 290 392
f 291 449 448
f 291 449 290
f 291 390 292
f 291 290 390
f 291 449 450
f 291 449 290
f 291 390 389
f 291 290 390
f 291 451 450
f 291 290 451
f 291 388 389
f 291 290 388
f 291 451 452
f 291 290 451
f 291 388 387
f 291 290 388
f 291 453 452
f 291 290 453
f 291 387 384
f 291 290 387
f 291 453 454
f 291 290 453
f 291 383 384
f 291 290 383
f 291 455 454
f 291 290 455
f 291 383 382
f 291 290 383
f 291 240 455
f 291 382 381
f 291 290 382
f 291 240 239
f 291 290 240
f 291 241 240
f 291 241 290
f 291 241 290
f 291 380 381
f 291 290 380
f 291 239 238
f 291 290 239
f 291 379 380
f 291 290 379
f 291 235 238
f 291 235 290
f 291 379 378
f 291 290 379
f 291 378 375
f 291 290 378
f 291 228 230
f 291 234 230
f 291 235 234
f 291 235 234
f 291 235 287
f 291 235 287
f 291 374 375
f 291 290 374
f 291 287 228
f 291 374 373
f 291 290 374
f 291 228 225
f 291 223 225
f 291 223 228
f 291 223 220
f 291 287 223
f 291 372 373
f 291 290 372
f 291 220 218
f 291 287 223
f 291 372 365
f 291 290 372
f 291 216 218
f 291 287 220
f 291 364 365
f 291 290 364
f 291 215 216
f 291 287 216
f 291 364 363
f 291 290 364
f 291 215 214
f 291 287 215
f 291 362 363
f 291 290 362
f 291 213 290
f 291 287 215
f 291 287 290
f 291 362 361
f 291 290 362
f 291 212 214
f 291 213 212
f 291 213 290
f 291 360 361
f 291 290 360
f 291 360 359
f 291 290 360
f 291 358 359
f 291 290 358
f 291 207 208
f 291 207 290
f 291 358 357
f 291 290 358
f 291 207 206
f 291 207 290
f 291 356 357
f 291 290 356
f 291 205 206
f 291 290 205
f 291 356 355
f 291 290 356
f 291 205 204
f 291 290 205
f 291 354 355
f 291 290 354
f 291 203 204
f 291 203 290
f 291 160 290
f 291 203 202
f 291 203 290
f 291 354 353
f 291 160 353
f 291 160 354
f 291 160 163
f 291 160 290
f 291 184 185
f 291 184 290
f 291 172 170
f 291 290 172
f 291 184 183
f 291 184 290
f 291 172 173
f 291 290 172
f 291 182 183
f 291 182 290
f 291 175 173
f 291 290 175
f 291 175 177
f 291 290 175
f 291 179 177
f 291 290 179
f 289 429 288
f 289 290 429
f 289 288 425
f 289 290 425
f 289 429 432
f 289 290 429
f 289 288 425
f 289 290 425
f 289 432 288
f 289 290 432
f 289 420 288
f 289 290 420
f 289 288 435
f 289 290 435
f 289 420 288
f 289 290 420
f 289 288 435
f 289 290 435
f 289 288 419
f 289 290 419
f 289 288 439
f 289 290 439
f 289 288 404
f 289 290 404
f 289 442 288
f 289 290 442
f 289 288 398
f 289 290 398
f 289 442 288
f 289 290 442
f 289 288 397
f 289 290 397
f 289 445 288
f 289 290 445
f 289 288 396
f 289 290 396
f 289 446 445
f 289 446 290
f 289 288 396
f 289 290 396
f 289 446 288
f 289 446 290
f 289 288 394
f 289 290 394
f 289 448 288
f 289 290 448
f 289 288 394
f 289 290 394
f 289 449 448
f 289 449 290
f 289 288 392
f 289 290 392
f 289 449 288
f 289 449 290
f 289 288 392
f 289 290 392
f 289 451 288
f 289 290 451
f 289 288 390
f 289 290 390
f 289 451 288
f 289 290 451
f 289 288 390
f 289 290 390
f 289 453 288
f 289 290 453
f 289 388 288
f 289 290 388
f 289 287 453
f 289 388 288
f 289 290 388
f 289 287 288
f 289 290 453
f 289 287 453
f 289 287 290
f 289 288 387
f 289 290 387
f 289 183 288
f 289 383 288
f 289 290 383
f 289 184 183
f 289 184 290
f 289 184 290
f 289 182 183
f 289 182 290
f 289 383 288
f 289 290 383
f 289 288 382
f 289 290 382
f 289 179 288
f 289 290 179
f 289 288 380
f 289 290 380
f 289 175 288
f 289 290 175
f 289 288 379
f 289 290 379
f 289 175 173
f 289 290 175
f 289 288 379
f 289 290 379
f 289 172 173
f 289 290 172
f 289 288 378
f 289 290 378
f 289 172 288
f 289 290 172
f 289 374 288
f 289 290 374
f 289 374 288
f 289 290 374
f 289 288 372
f 289 290 372
f 289 160 163
f 289 160 290
f 289 288 372
f 289 290 372
f 289 364 288
f 289 290 364
f 289 290 356
f 289 290 356
f 289 364 288
f 289 290 364
f 289 358 288
f 289 290 358
f 289 362 288
f 289 290 362
f 289 358 288
f 289 290 358
f 289 362 288
f 289 290 362
f 289 360 288
f 289 290 360
f 289 360 288
f 289 290 360
f 209 54 208
f 209 208 53
f 209 53 210
f 209 54 53
f 209 208 210
f 209 54 208
f 209 51 53
f 209 51 53
f 209 208 51
f 209 208 51
f 209 208 49
f 209 212 49
f 209 235 234
f 209 235 234
f 209 49 48
f 209 208 49
f 209 213 212
f 209 240 208
f 209 208 239
f 209 235 239
f 209 234 208
f 209 47 48
f 209 213 47
f 209 241 240
f 209 208 237
f 209 235 237
f 209 235 208
f 209 208 233
f 209 213 234
f 209 213 234
f 209 47 204
f 209 213 47
f 209 213 233
f 209 208 232
f 209 213 232
f 209 241 208
f 209 213 229
f 209 208 243
f 209 213 194
f 209 213 217
f 209 229 231
f 209 208 231
f 209 213 226
f 209 286 243
f 209 286 243
f 209 213 226
f 209 226 229
f 209 286 285
f 209 208 284
f 209 285 284
f 209 285 208
f 209 286 285
f 209 217 204
f 209 226 204
f 209 226 217
f 209 286 287
f 209 286 287
f 209 287 290
f 209 287 290
f 209 291 290
f 209 291 290
f 209 291 210
f 209 291 208
f 209 210 293
f 209 208 293
f 209 294 210
f 209 208 294
f 209 294 295
f 209 208 295
f 209 208 294
f 189 194 49
f 189 194 49
f 189 194 47
f 189 194 47
f 189 194 217
f 189 194 219
f 189 194 219
f 189 226 224
f 189 194 226
f 189 194 226
f 189 194 229
f 189 240 239
f 195 60 194
f 195 60 194
f 195 194 62
f 195 63 194
f 195 63 64
f 195 64 194
f 195 66 194
f 195 194 309
f 195 194 308
f 195 194 308
f 195 194 305
f 195 194 304
f 195 194 304
f 195 194 301
f 195 194 301
f 195 194 299
f 195 194 299
f 195 194 297
f 195 194 297
f 195 194 294
f 195 194 294
f 195 194 293
f 195 291 194
f 195 291 194
f 195 287 194
f 195 286 287
f 195 286 194
f 195 194 285
f 195 283 194
f 198 194 51
f 198 194 51
f 198 194 232
f 198 194 233
f 198 194 233
f 198 241 240
f 165 163 52
f 165 167 52
f 165 163 48
f 165 167 48
f 165 163 53
f 165 167 53
f 165 163 48
f 165 167 48
f 165 54 163
f 165 167 54
f 165 163 45
f 165 167 45
f 165 54 163
f 165 167 54
f 165 163 43
f 165 167 43
f 165 163 56
f 165 167 56
f 165 163 43
f 165 167 43
f 165 57 163
f 165 167 57
f 165 163 41
f 165 167 41
f 165 57 163
f 165 167 57
f 165 163 41
f 165 167 41
f 165 59 163
f 165 167 59
f 165 163 39
f 165 167 39
f 165 60 59
f 165 60 167
f 165 163 39
f 165 60 163
f 165 60 167
f 165 62 163
f 165 167 62
f 165 242 39
f 165 242 245
f 165 167 242
f 165 167 242
f 165 167 246
f 165 167 247
f 165 167 247
f 165 249 167
f 165 252 251
f 165 252 167
f 165 163 254
f 165 167 254
f 165 256 163
f 165 167 256
f 165 257 256
f 165 257 167
f 165 257 258
f 165 257 167
f 165 261 258
f 165 261 167
f 165 261 163
f 165 261 167
f 165 163 272
f 165 167 272
f 165 163 274
f 165 167 274
f 165 163 274
f 165 167 274
f 165 163 276
f 165 167 276
f 165 163 276
f 165 167 276
f 165 163 278
f 165 167 278
f 165 163 278
f 165 167 278
f 165 163 280
f 165 167 280
f 165 333 330
f 165 281 163
f 165 167 281
f 165 334 163
f 165 334 333
f 165 281 282
f 165 167 281
f 165 330 325
f 165 163 330
f 165 283 282
f 165 283 167
f 165 323 325
f 165 167 323
f 165 167 323
f 165 163 315
f 165 283 163
f 165 283 167
f 165 318 315
f 165 167 318
f 165 167 318
f 165 285 163
f 165 167 285
f 165 285 163
f 165 167 285
f 165 289 163
f 165 289 167
f 165 163 307
f 165 289 290
f 165 289 167
f 165 304 307
f 165 167 304
f 165 167 304
f 165 291 290
f 165 291 167
f 165 291 163
f 165 291 167
f 165 163 299
f 165 167 299
f 165 163 293
f 165 167 293
f 165 163 297
f 165 167 297
f 165 163 293
f 165 167 293
f 165 163 297
f 165 167 297
f 169 56 170
f 169 167 170
f 169 167 56
f 169 57 56
f 169 167 57
f 169 57 58
f 169 167 57
f 169 59 58
f 169 167 59
f 169 60 59
f 169 60 167
f 169 60 61
f 169 60 167
f 169 62 61
f 169 63 62
f 169 63 64
f 169 64 65
f 169 66 65
f 169 66 67
f 169 171 67
f 169 171 68
f 169 171 68
f 169 171 70
f 169 171 330
f 169 170 323
f 169 170 323
f 169 170 318
f 169 167 318
f 169 170 318
f 169 167 318
f 169 312 170
f 169 167 312
f 169 308 307
f 169 167 308
f 169 304 307
f 169 167 304
f 169 304 170
f 169 167 304
f 169 299 170
f 169 167 299
f 169 297 170
f 169 167 297
f 169 297 170
f 169 167 297
f 169 170 293
f 169 167 293
f 169 170 293
f 169 167 293
f 169 291 170
f 169 291 167
f 169 291 290
f 169 291 167
f 169 289 290
f 169 289 167
f 169 289 288
f 169 289 167
f 169 285 288
f 169 167 285
f 169 285 284
f 169 167 285
f 169 283 284
f 169 283 167
f 169 283 282
f 169 283 167
f 169 281 282
f 169 167 281
f 169 281 280
f 169 167 281
f 169 280 279
f 169 167 280
f 169 278 279
f 169 167 278
f 169 167 278
f 158 160 56
f 158 56 55
f 158 160 57
f 158 57 56
f 158 160 53
f 158 160 57
f 158 57 58
f 158 346 349
f 158 346 160
f 158 160 349
f 158 55 156
f 158 53 55
f 158 160 53
f 158 160 59
f 158 59 58
f 158 346 345
f 158 346 160
f 158 349 156
f 158 349 350
f 158 160 351
f 158 53 52
f 158 160 52
f 158 60 160
f 158 60 59
f 158 342 345
f 158 160 342
f 158 351 350
f 158 160 352
f 158 52 50
f 158 160 48
f 158 60 160
f 158 60 61
f 158 340 156
f 158 342 340
f 158 160 342
f 158 352 351
f 158 160 352
f 158 48 50
f 158 160 48
f 158 160 62
f 158 62 61
f 158 340 338
f 158 160 340
f 158 352 353
f 158 160 354
f 158 48 155
f 158 160 45
f 158 63 160
f 158 63 156
f 158 63 62
f 158 354 353
f 158 160 354
f 158 45 155
f 158 160 43
f 158 63 64
f 158 337 338
f 158 336 337
f 158 354 355
f 158 43 45
f 158 160 43
f 158 64 65
f 158 356 355
f 158 289 356
f 158 43 42
f 158 160 41
f 158 66 65
f 158 356 357
f 158 289 356
f 158 160 290
f 158 289 290
f 158 289 160
f 158 41 42
f 158 160 41
f 158 66 67
f 158 358 357
f 158 358 288
f 158 289 288
f 158 289 160
f 158 41 155
f 158 160 39
f 158 358 359
f 158 358 288
f 158 160 285
f 158 39 155
f 158 360 359
f 158 360 288
f 158 285 288
f 158 160 285
f 158 285 284
f 158 283 160
f 158 288 361
f 158 360 361
f 158 360 288
f 158 283 160
f 158 160 281
f 158 160 281
f 158 160 280
f 158 160 278
f 158 160 278
f 161 163 56
f 161 160 56
f 161 163 53
f 161 160 53
f 161 160 163
f 161 57 163
f 161 160 57
f 161 57 163
f 161 160 57
f 161 59 163
f 161 160 59
f 161 60 59
f 161 60 160
f 161 60 163
f 161 60 160
f 161 62 163
f 161 160 62
f 161 63 160
f 161 63 64
f 161 64 160
f 161 66 160
f 161 66 160
f 161 336 163
f 161 336 160
f 161 163 340
f 161 160 340
f 161 342 163
f 161 160 342
f 161 342 163
f 161 160 342
f 161 163 297
f 161 160 297
f 161 163 297
f 161 160 297
f 161 160 163
f 107 640 639
f 107 106 640
f 107 106 640
f 107 639 109
f 107 106 639
f 107 637 109
f 107 106 637
f 107 637 636
f 107 106 637
f 107 635 636
f 107 106 635
f 107 635 634
f 107 106 635
f 107 633 634
f 107 106 633
f 107 633 109
f 107 106 633
f 107 631 109
f 107 106 631
f 107 631 630
f 107 106 631
f 107 629 630
f 107 106 629
f 107 629 628
f 107 106 629
f 107 627 628
f 107 106 627
f 107 627 626
f 107 106 627
f 107 626 109
f 107 106 626
f 107 624 109
f 107 106 624
f 107 624 623
f 107 106 624
f 107 622 623
f 107 106 622
f 107 622 621
f 107 106 622
f 107 620 621
f 107 106 620
f 107 619 620
f 107 106 619
f 107 619 618
f 107 106 619
f 107 618 617
f 107 106 618
f 107 616 617
f 107 106 616
f 107 616 615
f 107 106 616
f 107 614 615
f 107 106 614
f 107 614 613
f 107 106 614
f 107 612 613
f 107 106 612
f 107 612 109
f 107 106 612
f 107 106 104
f 107 108 103
f 107 106 103
f 107 108 103
f 107 106 103
f 107 108 139
f 107 106 139
f 107 349 350
f 107 349 348
f 107 106 349
f 107 171 174
f 107 171 174
f 107 348 108
f 107 106 348
f 107 174 176
f 107 174 176
f 107 346 108
f 107 346 106
f 107 176 178
f 107 346 345
f 107 346 106
f 107 178 106
f 107 176 332
f 107 176 178
f 107 344 345
f 107 106 344
f 107 333 332
f 107 106 333
f 107 343 344
f 107 343 106
f 107 333 335
f 107 106 333
f 107 343 342
f 107 337 335
f 107 106 337
f 107 342 341
f 107 343 342
f 107 343 106
f 107 337 339
f 107 106 337
f 107 339 341
f 107 106 339
f 71 70 104
f 71 70 105
f 71 655 656
f 71 70 655
f 71 101 654
f 71 70 654
f 71 70 101
f 71 70 105
f 71 70 659
f 71 110 109
f 71 70 110
f 71 658 656
f 71 659 658
f 71 659 658
f 71 659 660
f 71 70 659
f 71 110 112
f 71 70 110
f 71 661 660
f 71 70 661
f 71 114 112
f 71 70 114
f 71 661 662
f 71 70 661
f 71 114 116
f 71 70 114
f 71 662 663
f 71 70 662
f 71 119 116
f 71 70 119
f 71 664 663
f 71 70 664
f 71 119 120
f 71 70 119
f 71 665 664
f 71 70 665
f 71 121 120
f 71 70 121
f 71 665 666
f 71 70 665
f 71 121 122
f 71 70 121
f 71 666 667
f 71 70 666
f 71 123 122
f 71 70 123
f 71 668 667
f 71 70 668
f 71 123 124
f 71 70 123
f 71 668 669
f 71 70 668
f 71 125 124
f 71 70 125
f 71 670 669
f 71 70 670
f 71 125 126
f 71 70 125
f 71 670 671
f 71 70 670
f 71 127 126
f 71 70 127
f 71 672 671
f 71 70 672
f 71 127 72
f 71 70 127
f 71 672 673
f 71 70 672
f 71 129 72
f 71 674 673
f 71 70 674
f 71 129 130
f 71 70 130
f 71 129 130
f 71 674 675
f 71 70 674
f 71 130 131
f 71 70 130
f 71 676 675
f 71 70 676
f 71 132 131
f 71 70 132
f 71 676 677
f 71 70 676
f 71 133 132
f 71 70 133
f 71 678 677
f 71 70 678
f 71 133 134
f 71 70 133
f 71 678 679
f 71 70 678
f 71 135 134
f 71 70 135
f 71 679 680
f 71 70 679
f 71 136 135
f 71 70 136
f 71 681 680
f 71 70 681
f 71 137 136
f 71 70 137
f 71 681 682
f 71 70 681
f 71 137 138
f 71 70 137
f 71 683 682
f 71 70 683
f 71 139 138
f 71 70 139
f 71 684 683
f 71 70 684
f 71 139 141
f 71 684 686
f 71 141 142
f 71 70 141
f 71 139 141
f 71 70 141
f 71 70 139
f 71 687 686
f 71 70 687
f 71 684 686
f 71 70 686
f 71 70 684
f 71 143 142
f 71 70 143
f 71 687 688
f 71 70 687
f 71 143 144
f 71 70 143
f 71 689 688
f 71 70 689
f 71 144 145
f 71 70 144
f 71 689 72
f 71 70 689
f 71 146 145
f 71 70 146
f 71 693 72
f 71 70 693
f 71 147 146
f 71 70 147
f 71 693 694
f 71 70 693
f 71 147 148
f 71 70 147
f 71 696 694
f 71 70 696
f 71 151 148
f 71 70 151
f 71 697 696
f 71 70 697
f 71 154 151
f 71 70 154
f 71 699 697
f 71 70 699
f 71 154 157
f 71 70 154
f 71 699 702
f 71 70 699
f 71 704 702
f 71 70 704
f 71 704 706
f 71 70 704
f 71 709 706
f 71 70 709
f 71 709 712
f 71 70 709
f 71 715 70
f 71 169 171
f 71 169 171
f 71 205 712
f 71 715 205
f 71 171 172
f 71 171 70
f 71 203 205
f 71 70 203
f 71 70 717
f 71 174 172
f 71 174 70
f 71 203 202
f 71 70 203
f 71 174 176
f 71 174 176
f 71 176 178
f 71 176 178
f 71 182 184
f 71 182 184
f 71 184 185
f 71 184 70
f 603 605 97
f 603 602 97
f 603 605 581
f 603 602 581
f 603 605 98
f 603 602 98
f 603 605 582
f 603 602 582
f 603 605 98
f 603 602 98
f 603 605 99
f 603 602 99
f 603 605 100
f 603 602 100
f 603 602 102
f 603 602 102
f 603 602 104
f 603 602 105
f 603 602 106
f 603 107 602
f 603 107 602
f 603 602 108
f 603 602 110
f 603 602 110
f 603 358 359
f 596 95 94
f 596 354 353
f 596 354 111
f 609 98 612
f 609 608 98
f 609 612 614
f 609 608 614
f 609 98 612
f 609 608 98
f 609 612 614
f 609 612 99
f 609 608 99
f 609 614 552
f 609 608 552
f 609 608 614
f 609 612 550
f 609 608 550
f 609 608 100
f 609 608 550
f 609 608 102
f 609 547 608
f 609 547 608
f 609 608 105
f 609 104 102
f 609 608 102
f 609 608 104
f 609 545 608
f 609 608 106
f 609 545 608
f 609 107 608
f 609 608 544
f 609 107 608
f 609 608 110
f 609 608 110
f 606 605 98
f 606 608 98
f 606 605 581
f 606 608 581
f 606 605 98
f 606 608 98
f 606 605 554
f 606 608 554
f 606 605 99
f 606 608 99
f 606 605 554
f 606 608 554
f 606 605 100
f 606 608 100
f 606 605 552
f 606 608 552
f 606 605 102
f 606 605 550
f 606 608 550
f 606 605 102
f 606 605 550
f 606 605 104
f 606 547 605
f 606 605 105
f 606 547 546
f 606 106 605
f 606 107 106
f 606 605 110
f 606 605 108
f 606 107 108
f 606 107 605
f 606 605 110
f 606 605 114
f 75 76 665
f 75 76 666
f 75 76 665
f 75 668 667
f 75 76 668
f 75 76 664
f 75 668 669
f 75 76 668
f 75 76 662
f 75 670 669
f 75 76 670
f 75 76 661
f 75 670 671
f 75 76 670
f 75 76 661
f 75 672 671
f 75 76 672
f 75 76 659
f 75 672 673
f 75 674 673
f 75 674 675
f 75 676 675
f 75 676 674
f 75 676 677
f 75 678 677
f 75 678 676
f 75 679 680
f 75 678 679
f 75 678 679
f 75 681 680
f 75 681 683
f 75 684 683
f 75 684 686
f 75 687 686
f 75 687 688
f 75 689 688
f 75 689 73
f 75 693 73
f 75 693 694
f 75 696 694
f 75 696 693
f 75 699 696
f 75 699 702
f 75 704 702
f 75 704 706
f 75 709 706
f 75 203 709
f 75 203 202
f 75 709 205
f 75 203 205
f 75 203 709
f 75 184 185
f 75 76 184
f 75 182 184
f 75 182 76
f 75 176 178
f 75 174 176
f 75 171 174
f 75 76 154
f 75 76 154
f 75 76 151
f 75 76 147
f 75 76 147
f 75 76 146
f 75 76 144
f 75 76 143
f 75 76 143
f 77 76 665
f 77 76 666
f 77 76 665
f 77 76 668
f 77 76 664
f 77 76 668
f 77 76 662
f 77 76 670
f 77 76 661
f 77 76 670
f 77 76 661
f 77 76 672
f 77 76 659
f 77 76 659
f 77 75 672
f 77 75 76
f 77 76 657
f 77 75 674
f 77 76 657
f 77 75 676
f 77 76 655
f 77 75 678
f 77 95 76
f 77 75 678
f 77 95 76
f 77 75 681
f 77 76 98
f 77 75 681
f 77 76 99
f 77 75 684
f 77 76 100
f 77 75 684
f 77 76 104
f 77 75 687
f 77 76 105
f 77 75 687
f 77 76 105
f 77 75 689
f 77 76 110
f 77 75 689
f 77 76 110
f 77 75 693
f 77 75 203
f 77 76 114
f 77 75 696
f 77 75 203
f 77 76 114
f 77 75 699
f 77 75 704
f 77 75 76
f 77 76 117
f 77 75 699
f 77 76 184
f 77 75 704
f 77 76 117
f 77 182 76
f 77 76 118
f 77 76 119
f 77 76 121
f 77 176 178
f 77 76 121
f 77 174 176
f 77 76 123
f 77 171 174
f 77 76 123
f 77 76 125
f 77 76 125
f 77 127 126
f 77 76 127
f 77 76 127
f 77 76 129
f 77 76 136
f 77 76 137
f 77 76 154
f 77 76 137
f 77 76 154
f 77 76 139
f 77 76 151
f 77 76 139
f 77 76 147
f 77 76 141
f 77 76 147
f 77 76 143
f 77 76 146
f 77 76 143
f 77 76 144
f 83 81 668
f 83 81 668
f 83 81 670
f 83 81 672
f 83 81 672
f 83 81 674
f 83 81 676
f 83 81 678
f 83 81 678
f 83 81 681
f 83 81 681
f 83 81 684
f 83 81 684
f 83 81 687
f 83 81 687
f 83 81 688
f 83 81 693
f 83 81 696
f 83 81 699
f 83 699 202
f 83 81 699
f 83 81 184
f 83 182 81
f 80 79 665
f 80 81 665
f 80 79 666
f 80 81 666
f 80 79 665
f 80 81 665
f 80 79 668
f 80 81 668
f 80 79 664
f 80 81 664
f 80 79 668
f 80 81 668
f 80 79 662
f 80 81 662
f 80 79 670
f 80 81 670
f 80 79 661
f 80 81 661
f 80 81 672
f 80 79 661
f 80 81 661
f 80 672 670
f 80 79 670
f 80 79 672
f 80 79 672
f 80 81 672
f 80 79 659
f 80 81 659
f 80 79 674
f 80 81 674
f 80 79 659
f 80 81 659
f 80 79 676
f 80 81 676
f 80 79 657
f 80 81 657
f 80 79 678
f 80 81 678
f 80 79 657
f 80 79 678
f 80 81 678
f 80 79 681
f 80 81 681
f 80 79 681
f 80 81 681
f 80 79 684
f 80 81 684
f 80 95 79
f 80 79 684
f 80 81 684
f 80 79 99
f 80 79 687
f 80 81 687
f 80 79 100
f 80 79 687
f 80 81 687
f 80 79 104
f 80 79 689
f 80 81 689
f 80 79 689
f 80 81 689
f 80 105 104
f 80 79 105
f 80 79 105
f 80 79 110
f 80 79 693
f 80 81 693
f 80 79 110
f 80 79 696
f 80 81 696
f 80 79 113
f 80 79 699
f 80 81 699
f 80 79 699
f 80 81 699
f 80 113 115
f 80 79 115
f 80 79 113
f 80 79 115
f 80 79 704
f 80 81 704
f 80 79 117
f 80 79 704
f 80 81 704
f 80 118 121
f 80 79 121
f 80 79 118
f 80 79 121
f 80 79 123
f 80 79 123
f 80 79 125
f 80 79 125
f 80 184 79
f 80 81 184
f 80 79 137
f 80 182 184
f 80 182 81
f 80 137 138
f 80 79 137
f 80 79 139
f 80 81 139
f 80 79 139
f 80 81 139
f 80 176 178
f 80 176 178
f 80 79 141
f 80 174 176
f 80 174 176
f 80 148 141
f 80 81 148
f 80 171 174
f 80 171 174
f 80 143 148
f 80 79 143
f 80 79 148
f 80 81 148
f 80 143 148
f 80 79 143
f 80 148 144
f 80 79 144
f 80 79 148
f 572 672 670
f 572 414 352
f 572 351 415
f 572 352 351
f 572 414 352
f 572 351 348
f 572 414 354
f 576 578 665
f 576 574 665
f 576 578 666
f 576 574 666
f 576 578 665
f 576 574 665
f 576 578 668
f 576 574 668
f 576 578 664
f 576 574 664
f 576 578 668
f 576 574 668
f 576 578 662
f 576 574 662
f 576 578 672
f 576 574 672
f 576 578 661
f 576 574 661
f 576 578 672
f 576 574 672
f 576 578 659
f 576 574 659
f 576 578 674
f 576 574 674
f 576 578 659
f 576 574 659
f 576 574 676
f 576 578 657
f 576 574 657
f 576 574 678
f 576 574 678
f 576 337 578
f 576 574 337
f 576 93 94
f 576 93 337
f 576 574 337
f 576 93 337
f 576 578 339
f 576 574 339
f 576 343 578
f 576 343 574
f 576 343 578
f 576 343 574
f 576 346 578
f 576 346 574
f 576 346 578
f 576 346 574
f 576 578 348
f 576 574 348
f 576 578 348
f 576 574 348
f 576 578 351
f 576 574 351
f 576 352 578
f 576 574 352
f 576 574 352
f 576 574 354
f 576 574 354
f 87 88 657
f 87 86 657
f 87 86 88
f 87 88 659
f 87 86 659
f 87 88 659
f 87 659 661
f 87 86 661
f 87 86 659
f 87 88 661
f 87 86 661
f 87 88 662
f 87 86 662
f 87 88 664
f 87 86 664
f 87 88 665
f 87 86 665
f 87 88 665
f 87 86 665
f 87 88 666
f 87 86 666
f 87 88 668
f 87 86 668
f 87 88 668
f 87 86 668
f 87 86 670
f 87 672 670
f 87 88 672
f 87 86 672
f 87 88 672
f 87 86 672
f 87 88 674
f 87 86 674
f 87 88 676
f 87 86 676
f 87 88 678
f 87 86 678
f 87 88 678
f 87 86 678
f 87 88 684
f 87 86 684
f 87 88 684
f 87 86 684
f 87 88 687
f 87 86 687
f 87 88 687
f 87 86 687
f 87 88 688
f 87 86 688
f 87 86 693
f 87 202 693
f 87 88 202
f 87 86 202
f 87 184 88
f 87 86 184
f 87 176 178
f 87 176 178
f 87 174 176
f 87 174 176
f 87 171 174
f 87 171 174
f 87 88 139
f 87 86 139
f 87 88 139
f 87 86 139
f 87 86 88
f 96 657 97
f 96 95 97
f 96 95 657
f 96 602 657
f 96 578 339
f 96 337 339
f 96 337 578
f 96 337 97
f 96 576 337
f 96 333 97
f 96 337 94
f 96 576 94
f 96 576 337
f 96 94 333
f 96 333 332
f 96 94 333
f 96 332 97
f 96 94 332
f 96 176 178
f 96 176 178
f 96 174 176
f 96 174 176
f 96 171 174
f 96 171 174
f 96 97 139
f 96 94 139
f 96 97 139
f 96 95 97
f 96 94 139
f 96 95 94
f 579 96 94
f 579 96 95
f 579 96 578
f 579 93 94
f 579 93 94
f 579 578 98
f 579 588 580
f 579 657 580
f 579 578 657
f 579 578 98
f 579 587 588
f 579 578 99
f 579 349 348
f 579 349 350
f 579 588 350
f 579 578 348
f 579 349 348
f 579 578 348
f 579 354 578
f 579 587 354
f 579 352 578
f 579 587 352
f 579 588 351
f 579 578 351
f 579 352 588
f 579 587 352
f 579 352 578
f 579 102 100
f 579 578 102
f 579 105 348
f 579 105 104
f 579 104 347
f 579 354 578
f 579 344 102
f 579 578 344
f 579 346 347
f 579 346 578
f 579 578 356
f 579 411 410
f 579 412 411
f 579 346 344
f 579 346 578
f 579 578 356
f 579 409 410
f 579 358 580
f 579 578 358
f 579 409 407
f 579 578 409
f 579 358 359
f 579 578 358
f 579 407 580
f 579 578 407
f 579 360 359
f 579 578 360
f 579 580 403
f 579 578 403
f 579 360 361
f 579 400 580
f 579 366 361
f 579 360 366
f 579 578 360
f 579 370 400
f 579 400 580
f 579 369 366
f 579 578 369
f 579 370 369
f 579 578 369
f 579 370 400
f 579 400 376
f 579 370 369
f 579 370 580
f 579 372 376
f 579 372 580
f 579 372 580
f 91 579 657
f 91 579 578
f 91 578 658
f 91 576 574
f 91 574 333
f 91 574 333
f 714 715 210
f 714 212 712
f 714 715 212
f 714 215 712
f 714 715 215
f 714 215 216
f 714 715 215
f 714 216 712
f 714 715 216
f 714 220 712
f 714 715 220
f 714 220 712
f 714 715 220
f 714 223 712
f 714 715 223
f 714 715 223
f 714 715 225
f 714 715 226
f 714 715 226
f 714 715 470
f 714 228 227
f 714 715 228
f 714 715 228
f 714 715 470
f 714 715 472
f 714 715 473
f 714 715 473
f 714 715 475
f 714 715 475
f 714 715 477
f 714 715 477
f 714 715 479
f 714 715 479
f 714 715 481
f 714 715 481
f 714 715 483
f 714 715 483
f 714 715 485
f 714 715 486
f 714 715 486
f 714 715 488
f 714 715 489
f 714 715 489
f 714 715 491
f 714 715 491
f 714 715 492
f 714 494 715
f 714 494 715
f 714 715 496
f 714 715 496
f 714 715 498
f 714 715 498
f 714 715 500
f 714 715 500
f 714 715 502
f 714 715 502
f 714 715 504
f 714 715 504
f 714 715 506
f 714 715 506
f 714 715 508
f 714 715 509
f 714 715 509
f 714 715 511
f 714 715 511
f 714 514 513
f 714 715 514
f 714 715 514
f 714 715 517
f 714 715 519
f 714 715 519
f 714 715 522
f 714 524 522
f 714 715 522
f 714 715 703
f 714 715 703
f 714 715 701
f 714 715 695
f 714 718 715
f 714 718 715
f 211 717 210
f 211 212 717
f 211 714 715
f 211 714 715
f 211 721 210
f 211 212 721
f 211 714 210
f 211 714 212
f 211 721 722
f 211 212 721
f 211 711 210
f 211 711 212
f 211 723 722
f 211 212 723
f 211 711 709
f 211 711 212
f 211 724 723
f 211 724 212
f 211 708 709
f 211 708 212
f 211 724 210
f 211 724 212
f 211 708 706
f 211 708 212
f 211 210 726
f 211 212 726
f 211 704 706
f 211 212 704
f 211 727 210
f 211 727 212
f 211 704 210
f 211 212 704
f 211 727 212
f 211 210 700
f 211 212 700
f 211 2 212
f 211 2 727
f 211 2 727
f 211 210 699
f 211 212 699
f 211 2 210
f 211 2 212
f 211 210 699
f 211 212 699
f 211 4 210
f 211 212 4
f 211 453 212
f 211 452 210
f 211 453 452
f 211 453 212
f 211 451 452
f 211 451 212
f 211 51 210
f 211 212 51
f 211 451 210
f 211 451 212
f 211 212 51
f 211 210 450
f 211 209 51
f 211 209 51
f 211 450 322
f 211 212 450
f 211 210 322
f 211 212 49
f 211 209 49
f 211 209 212
f 211 210 317
f 211 212 317
f 211 241 212
f 211 209 243
f 211 209 241
f 211 241 240
f 211 209 241
f 211 210 317
f 211 212 317
f 211 286 243
f 211 286 212
f 211 240 212
f 211 209 240
f 211 210 314
f 211 212 314
f 211 286 287
f 211 286 287
f 211 235 212
f 211 209 235
f 211 209 235
f 211 210 314
f 211 212 314
f 211 287 290
f 211 287 290
f 211 312 210
f 211 212 312
f 211 291 290
f 211 291 290
f 211 312 210
f 211 212 312
f 211 291 210
f 211 291 212
f 211 309 210
f 211 212 309
f 211 210 293
f 211 212 293
f 211 308 309
f 211 212 308
f 211 294 210
f 211 212 294
f 211 308 210
f 211 212 308
f 211 294 295
f 211 212 294
f 211 305 210
f 211 212 305
f 211 295 210
f 211 212 295
f 211 304 305
f 211 212 304
f 211 299 210
f 211 212 299
f 211 304 210
f 211 212 304
f 211 299 210
f 211 212 299
f 211 301 210
f 211 212 301
f 211 301 210
f 211 212 301
f 516 711 710
f 516 711 710
f 516 710 514
f 516 518 710
f 516 714 517
f 516 514 438
f 516 518 708
f 516 518 438
f 516 514 436
f 516 518 439
f 516 513 439
f 516 514 513
f 516 518 439
f 516 710 514
f 516 708 710
f 516 518 436
f 516 514 436
f 516 513 439
f 516 708 707
f 516 518 708
f 516 518 436
f 516 514 515
f 516 514 435
f 516 513 441
f 516 518 441
f 516 707 508
f 516 518 435
f 516 518 517
f 516 433 515
f 516 433 517
f 516 442 513
f 516 518 442
f 516 508 513
f 516 518 508
f 516 707 508
f 516 518 508
f 516 518 707
f 516 433 432
f 516 433 432
f 516 442 443
f 516 518 442
f 516 449 513
f 516 518 449
f 516 432 515
f 516 443 513
f 516 518 443
f 516 449 448
f 516 518 449
f 516 429 515
f 516 429 517
f 516 431 517
f 516 431 432
f 516 431 432
f 516 445 513
f 516 518 445
f 516 448 447
f 516 518 448
f 516 517 515
f 516 429 515
f 516 429 517
f 516 446 445
f 516 518 446
f 516 446 447
f 516 518 446
f 523 708 710
f 523 708 710
f 523 708 707
f 523 708 707
f 523 707 705
f 523 707 524
f 523 707 705
f 523 445 444
f 523 443 444
f 523 705 487
f 523 705 487
f 523 446 445
f 523 442 443
f 523 446 447
f 523 442 441
f 523 486 482
f 523 486 487
f 523 486 487
f 523 448 447
f 523 441 440
f 523 460 463
f 523 460 463
f 523 460 458
f 523 449 448
f 523 439 440
f 523 473 463
f 523 458 457
f 523 449 450
f 523 439 438
f 523 475 482
f 523 475 473
f 523 475 473
f 523 465 463
f 523 473 465
f 523 456 457
f 523 451 450
f 523 438 437
f 523 473 471
f 523 473 465
f 523 455 456
f 523 451 452
f 523 436 437
f 523 469 471
f 523 465 469
f 523 465 469
f 523 455 454
f 523 453 452
f 523 436 435
f 523 453 454
f 523 435 434
f 523 524 434
f 523 433 522
f 523 433 524
f 523 433 432
f 523 433 524
f 523 431 432
f 523 431 524
f 523 431 522
f 523 431 524
f 523 429 522
f 523 524 429
f 523 428 429
f 523 428 524
f 523 428 522
f 523 428 524
f 523 426 522
f 523 524 426
f 523 524 426
f 5 213 212
f 5 213 6
f 5 211 212
f 5 211 6
f 5 213 4
f 5 213 6
f 5 211 4
f 5 215 4
f 5 6 215
f 5 4 210
f 5 211 210
f 5 211 6
f 5 215 4
f 5 6 215
f 5 6 16
f 5 217 4
f 5 6 217
f 5 16 695
f 5 4 695
f 5 217 4
f 5 6 217
f 5 16 695
f 5 6 16
f 5 4 695
f 5 219 4
f 5 6 219
f 5 4 692
f 5 6 692
f 5 219 4
f 5 6 219
f 5 4 692
f 5 6 692
f 5 4 220
f 5 6 220
f 5 4 689
f 5 6 689
f 5 4 222
f 5 6 222
f 5 4 689
f 5 6 689
f 5 223 4
f 5 6 223
f 5 4 687
f 5 6 687
f 5 223 4
f 5 6 223
f 5 4 687
f 5 6 687
f 5 225 4
f 5 6 225
f 5 4 683
f 5 6 683
f 5 226 225
f 5 6 226
f 5 4 683
f 5 6 683
f 5 226 4
f 5 6 226
f 5 4 679
f 5 6 679
f 5 228 4
f 5 6 228
f 5 4 679
f 5 6 679
f 5 228 4
f 5 6 228
f 5 4 677
f 5 6 677
f 5 4 229
f 5 6 229
f 5 4 675
f 5 6 675
f 5 4 232
f 5 6 232
f 5 4 670
f 5 6 670
f 5 6 232
f 5 4 670
f 5 6 670
f 5 233 232
f 5 233 4
f 5 233 4
f 5 4 24
f 5 6 24
f 5 4 669
f 5 6 669
f 7 213 212
f 7 213 6
f 7 212 8
f 7 213 8
f 7 213 6
f 7 16 8
f 7 6 16
f 7 211 212
f 7 211 6
f 7 211 6
f 7 215 8
f 7 6 215
f 7 6 16
f 7 215 216
f 7 6 215
f 7 16 692
f 7 16 8
f 7 6 692
f 7 217 216
f 7 6 217
f 7 8 689
f 7 6 689
f 7 217 8
f 7 6 217
f 7 8 689
f 7 6 689
f 7 219 8
f 7 6 219
f 7 8 687
f 7 6 687
f 7 219 220
f 7 6 219
f 7 8 687
f 7 6 687
f 7 220 8
f 7 6 220
f 7 8 683
f 7 6 683
f 7 8 222
f 7 6 222
f 7 8 683
f 7 6 683
f 7 223 8
f 7 6 223
f 7 6 679
f 7 223 8
f 7 6 223
f 7 681 679
f 7 8 681
f 7 8 681
f 7 8 679
f 7 6 679
f 7 225 8
f 7 6 225
f 7 8 677
f 7 6 677
f 7 226 225
f 7 6 226
f 7 8 675
f 7 6 675
f 7 226 227
f 7 6 226
f 7 8 670
f 7 6 670
f 7 228 227
f 7 6 228
f 7 8 670
f 7 6 670
f 7 228 229
f 7 6 228
f 7 8 669
f 7 6 669
f 7 229 8
f 7 6 229
f 7 8 24
f 7 6 24
f 7 8 231
f 7 6 231
f 13 12 679
f 13 14 679
f 13 12 677
f 13 14 677
f 13 14 16
f 13 12 675
f 13 14 675
f 13 16 681
f 13 12 681
f 13 12 670
f 13 14 670
f 13 16 681
f 13 12 681
f 13 12 16
f 13 217 16
f 13 217 12
f 13 217 12
f 13 219 16
f 13 14 219
f 13 219 12
f 13 12 670
f 13 14 670
f 13 219 12
f 13 14 219
f 13 12 668
f 13 14 668
f 13 12 220
f 13 14 220
f 13 12 668
f 13 12 222
f 13 14 222
f 13 668 667
f 13 14 667
f 13 14 668
f 13 12 655
f 13 14 655
f 13 223 12
f 13 14 223
f 13 226 12
f 13 14 226
f 13 223 12
f 13 14 223
f 13 226 12
f 13 14 226
f 13 12 225
f 13 14 225
f 264 160 163
f 264 165 163
f 264 165 167
f 264 167 262
f 264 173 262
f 264 175 173
f 264 262 479
f 264 175 262
f 264 262 479
f 264 179 262
f 264 262 478
f 264 262 474
f 264 182 183
f 264 262 472
f 264 262 472
f 264 262 468
f 264 262 468
f 264 262 466
f 264 262 466
f 271 160 163
f 271 268 160
f 271 165 163
f 271 165 268
f 271 165 167
f 271 165 268
f 271 167 272
f 271 268 167
f 271 173 272
f 271 175 173
f 271 272 479
f 271 268 479
f 271 175 177
f 271 272 478
f 271 268 478
f 271 179 177
f 271 272 474
f 271 268 474
f 271 272 472
f 271 268 472
f 271 182 183
f 271 272 472
f 271 268 472
f 271 183 272
f 271 272 467
f 271 468 467
f 271 272 466
f 271 272 466
f 271 272 464
f 271 461 272
f 271 461 272
f 271 272 460
f 271 272 458
f 260 258 472
f 260 261 472
f 260 261 258
f 260 258 468
f 260 261 468
f 260 258 468
f 260 261 468
f 260 258 466
f 260 261 466
f 260 261 466
f 260 261 465
f 260 261 463
f 260 261 463
f 260 261 183
f 260 182 258
f 260 182 261
f 260 179 258
f 260 261 179
f 260 175 258
f 260 261 175
f 260 261 175
f 586 587 360
f 586 587 358
f 586 587 360
f 586 587 358
f 586 587 362
f 586 587 583
f 586 587 356
f 586 587 363
f 586 587 362
f 586 587 367
f 586 579 587
f 586 587 356
f 586 579 356
f 586 587 368
f 586 587 368
f 586 587 370
f 586 587 354
f 586 579 354
f 586 579 587
f 586 587 370
f 586 587 372
f 586 587 372
f 586 587 374
f 586 587 376
f 586 587 374
f 586 587 377
f 586 587 377
f 586 587 379
f 586 587 379
f 586 587 380
f 586 587 382
f 586 587 383
f 586 587 385
f 586 587 383
f 586 587 386
f 586 587 387
f 586 587 388
f 586 587 388
f 586 587 390
f 586 587 390
f 586 587 392
f 586 587 392
f 586 587 394
f 586 587 394
f 586 587 396
f 586 587 396
f 586 587 397
f 586 587 399
f 586 587 399
f 586 587 402
f 586 587 402
f 586 587 406
f 181 179 56
f 181 182 56
f 181 182 179
f 181 179 57
f 181 182 57
f 181 179 57
f 181 182 57
f 181 179 59
f 181 182 59
f 181 60 179
f 181 182 60
f 181 182 60
f 181 182 62
f 181 182 63
f 181 182 63
f 181 182 64
f 181 182 66
f 181 182 66
f 181 182 68
f 181 182 68
f 181 182 70
f 181 71 182
f 181 71 182
f 181 182 73
f 181 75 182
f 181 75 182
f 181 77 182
f 181 80 182
f 181 80 182
f 181 83 182
f 181 182 86
f 181 182 86
f 181 87 86
f 181 87 184
f 181 93 184
f 181 96 184
f 181 96 184
f 181 184 98
f 181 184 98
f 181 184 99
f 181 102 100
f 181 184 102
f 181 184 102
f 181 182 324
f 181 182 321
f 181 182 321
f 181 182 320
f 181 182 318
f 181 182 318
f 181 182 317
f 181 182 315
f 181 182 314
f 181 182 314
f 181 182 312
f 181 182 309
f 181 182 308
f 181 182 308
f 181 182 307
f 181 182 305
f 181 182 304
f 181 182 304
f 181 182 301
f 181 182 299
f 181 182 299
f 181 182 297
f 181 182 297
f 181 182 295
f 181 182 294
f 181 179 294
f 181 182 294
f 181 179 293
f 181 182 293
f 181 291 179
f 181 291 182
f 181 291 290
f 181 291 182
f 181 289 290
f 181 289 182
f 181 289 179
f 181 289 182
f 181 287 179
f 181 182 287
f 181 286 287
f 181 182 286
f 181 286 179
f 181 182 286
f 181 179 285
f 181 182 285
f 181 283 179
f 181 182 283
f 181 283 179
f 181 182 283
f 181 281 179
f 181 182 281
f 181 281 179
f 181 182 281
f 181 179 280
f 181 182 280
f 181 179 278
f 181 182 278
f 181 179 278
f 181 182 278
f 181 179 276
f 181 182 276
f 181 179 276
f 181 182 276
f 181 179 274
f 181 182 274
f 181 179 274
f 181 182 274
f 181 179 272
f 181 182 272
f 181 271 179
f 181 271 182
f 181 264 179
f 181 264 182
f 181 261 179
f 181 182 261
f 181 260 261
f 181 260 182
f 181 182 179
f 181 260 179
f 181 260 182
f 328 181 182
f 328 184 98
f 328 88 687
f 328 88 687
f 328 572 687
f 328 572 88
f 328 448 566
f 328 446 566
f 328 446 445
f 328 445 566
f 328 370 369
f 328 370 400
f 311 174 175
f 311 176 175
f 311 174 173
f 311 174 175
f 311 176 312
f 311 176 175
f 311 172 173
f 311 174 173
f 311 178 177
f 311 178 312
f 311 177 309
f 311 176 177
f 311 172 173
f 311 178 179
f 311 178 179
f 311 370 312
f 311 364 312
f 311 169 312
f 311 172 308
f 311 172 308
f 311 171 312
f 311 171 172
f 311 171 172
f 311 181 182
f 311 181 182
f 311 309 365
f 311 370 365
f 311 370 312
f 311 308 309
f 311 364 308
f 311 364 312
f 311 169 308
f 311 169 167
f 311 182 183
f 311 182 183
f 311 372 309
f 311 312 372
f 311 364 308
f 311 362 312
f 311 169 167
f 311 184 183
f 311 184 183
f 311 372 309
f 311 312 372
f 311 362 308
f 311 362 312
f 311 184 310
f 311 184 312
f 311 374 309
f 311 374 312
f 311 362 308
f 311 360 312
f 311 352 353
f 311 352 353
f 311 352 351
f 311 167 312
f 311 165 167
f 311 167 308
f 311 165 167
f 311 374 309
f 311 374 312
f 311 360 308
f 311 360 312
f 311 354 353
f 311 354 353
f 311 352 308
f 311 352 351
f 311 165 163
f 311 165 163
f 311 312 376
f 311 360 308
f 311 358 312
f 311 354 312
f 311 354 308
f 311 351 350
f 311 351 312
f 311 351 307
f 311 334 163
f 311 377 376
f 311 377 309
f 311 377 312
f 311 358 308
f 311 358 312
f 311 312 356
f 311 308 356
f 311 349 350
f 311 349 307
f 311 342 340
f 311 163 340
f 311 163 340
f 311 336 163
f 311 336 334
f 311 336 334
f 311 377 378
f 311 377 312
f 311 358 308
f 311 312 356
f 311 308 356
f 311 349 345
f 311 349 345
f 311 340 315
f 311 342 345
f 311 342 340
f 311 336 315
f 311 379 378
f 311 379 312
f 311 342 345
f 311 379 380
f 311 379 380
f 311 380 309
f 311 380 312
f 311 309 382
f 311 312 382
f 311 383 309
f 311 383 312
f 311 383 309
f 311 383 312
f 311 309 385
f 311 383 385
f 311 312 386
f 311 309 386
f 311 312 387
f 311 387 309
f 311 388 312
f 311 388 387
f 311 388 312
f 311 388 309
f 311 312 390
f 311 309 390
f 311 312 390
f 311 309 390
f 311 312 392
f 311 309 392
f 311 312 392
f 311 309 392
f 311 312 394
f 311 309 394
f 311 312 394
f 311 309 394
f 311 312 396
f 311 309 396
f 311 312 396
f 311 309 396
f 311 312 397
f 311 309 397
f 311 312 399
f 311 309 399
f 311 312 400
f 311 309 400
f 311 309 400
f 311 312 400
f 311 402 310
f 311 402 400
f 311 402 400
f 311 310 403
f 311 312 403
f 311 407 310
f 311 312 407
f 311 409 407
f 311 312 409
f 311 409 410
f 311 312 409
f 311 411 410
f 311 312 411
f 311 412 411
f 311 412 312
f 311 412 413
f 311 412 413
f 311 414 413
f 311 414 413
f 311 414 415
f 311 414 312
f 311 416 415
f 311 416 312
f 311 426 416
f 311 426 416
f 311 428 426
f 311 428 426
f 311 428 310
f 311 428 312
f 311 431 310
f 311 431 312
f 311 431 433
f 311 431 433
f 311 433 435
f 311 433 312
f 311 436 435
f 311 312 436
f 311 436 310
f 311 312 310
f 311 312 436
f 250 251 470
f 250 249 470
f 250 251 468
f 250 249 468
f 250 251 472
f 250 249 472
f 250 251 468
f 250 249 468
f 250 251 472
f 250 249 472
f 250 251 466
f 250 249 466
f 250 251 474
f 250 249 474
f 250 251 466
f 250 249 466
f 250 251 478
f 250 249 478
f 250 251 465
f 250 249 465
f 250 251 479
f 250 249 479
f 250 251 463
f 250 249 463
f 250 251 479
f 250 249 479
f 250 251 463
f 250 249 463
f 250 251 481
f 250 249 481
f 250 251 461
f 250 249 461
f 250 251 481
f 250 249 481
f 250 251 461
f 250 249 461
f 250 251 460
f 250 249 460
f 250 251 458
f 250 249 458
f 250 251 458
f 250 249 458
f 250 278 277
f 250 251 277
f 250 278 279
f 250 249 279
f 250 249 279
f 250 203 251
f 250 249 203
f 250 203 251
f 250 249 203
f 250 182 251
f 250 249 182
f 250 182 251
f 250 249 182
f 250 165 251
f 250 165 249
f 250 251 179
f 250 249 179
f 250 165 167
f 250 165 249
f 250 251 175
f 250 249 175
f 250 167 251
f 250 249 167
f 250 251 175
f 250 249 175
f 250 251 173
f 250 249 173
f 253 468 470
f 253 252 470
f 253 252 468
f 253 254 468
f 253 254 472
f 253 252 472
f 253 254 468
f 253 252 468
f 253 254 472
f 253 252 472
f 253 254 466
f 253 252 466
f 253 254 474
f 253 252 474
f 253 254 466
f 253 252 466
f 253 254 478
f 253 252 478
f 253 254 465
f 253 252 465
f 253 254 479
f 253 252 479
f 253 254 463
f 253 252 463
f 253 254 479
f 253 252 479
f 253 254 463
f 253 252 463
f 253 254 481
f 253 252 481
f 253 254 461
f 253 252 461
f 253 254 481
f 253 252 481
f 253 254 461
f 253 252 461
f 253 254 460
f 253 252 460
f 253 254 458
f 253 252 458
f 253 182 254
f 253 252 182
f 253 182 179
f 253 252 182
f 253 179 254
f 253 252 179
f 253 175 254
f 253 252 175
f 253 175 254
f 253 252 175
f 253 165 163
f 253 165 252
f 253 254 173
f 253 252 173
f 253 165 167
f 253 165 252
f 253 167 254
f 253 252 167
f 186 189 51
f 186 51 183
f 186 189 53
f 186 189 51
f 186 53 183
f 186 51 183
f 186 189 54
f 186 189 49
f 186 54 53
f 186 49 183
f 186 189 54
f 186 189 49
f 186 183 55
f 186 54 183
f 186 49 183
f 186 56 55
f 186 189 47
f 186 47 183
f 186 57 56
f 186 189 47
f 186 47 183
f 186 57 58
f 186 183 45
f 186 59 58
f 186 217 45
f 186 189 217
f 186 60 59
f 186 189 219
f 186 219 217
f 186 60 61
f 186 189 219
f 186 183 45
f 186 219 45
f 186 62 61
f 186 189 224
f 186 183 224
f 186 63 62
f 186 189 226
f 186 226 183
f 186 63 64
f 186 189 226
f 186 226 183
f 186 64 65
f 186 189 229
f 186 183 229
f 186 66 65
f 186 189 232
f 186 183 232
f 186 66 67
f 186 189 233
f 186 68 67
f 186 189 233
f 186 183 232
f 186 233 232
f 186 189 237
f 186 183 237
f 186 189 237
f 186 183 237
f 186 189 239
f 186 239 183
f 186 189 239
f 186 239 183
f 186 189 242
f 186 183 242
f 186 189 246
f 186 183 246
f 186 189 247
f 186 247 183
f 186 189 247
f 186 247 183
f 186 189 249
f 186 249 183
f 186 250 189
f 186 250 249
f 186 250 189
f 186 250 251
f 186 252 251
f 186 253 252
f 186 254 183
f 186 253 254
f 186 254 185
f 186 256 185
f 186 257 256
f 186 257 258
f 186 260 261
f 186 261 262
f 186 271 272
f 186 272 273
f 186 274 273
f 186 317 316
f 186 274 275
f 186 314 316
f 186 276 275
f 186 314 185
f 186 276 277
f 186 312 185
f 186 278 277
f 186 278 279
f 186 311 310
f 186 311 312
f 186 309 310
f 186 280 279
f 186 308 309
f 186 281 280
f 186 308 307
f 186 281 282
f 186 307 185
f 186 283 282
f 186 305 185
f 186 283 284
f 186 304 305
f 186 285 284
f 186 304 303
f 186 286 285
f 186 286 287
f 186 301 185
f 186 289 287
f 186 299 185
f 186 289 290
f 186 299 298
f 186 291 290
f 186 297 298
f 186 291 185
f 186 293 185
f 186 295 296
f 186 297 296
f 186 297 295
f 186 294 295
f 186 294 293
f 193 194 51
f 193 189 51
f 193 194 53
f 193 194 51
f 193 189 51
f 193 189 194
f 193 194 54
f 193 194 54
f 193 194 56
f 193 194 57
f 193 194 57
f 193 194 59
f 193 60 194
f 193 60 194
f 193 194 62
f 193 63 194
f 193 63 64
f 193 64 194
f 193 66 194
f 193 195 66
f 193 195 66
f 193 195 68
f 193 195 68
f 193 68 70
f 193 71 195
f 193 71 195
f 193 195 73
f 193 75 195
f 193 77 75
f 193 80 195
f 193 80 195
f 193 83 195
f 193 195 86
f 193 87 195
f 193 87 195
f 193 195 324
f 193 195 321
f 193 195 321
f 193 195 317
f 193 195 317
f 193 195 314
f 193 195 314
f 193 195 312
f 193 195 312
f 193 195 194
f 193 194 309
f 193 194 308
f 193 194 308
f 193 194 305
f 193 194 304
f 193 194 304
f 193 194 301
f 193 194 301
f 193 194 299
f 193 194 299
f 193 194 297
f 193 194 297
f 193 194 294
f 193 194 294
f 193 194 293
f 193 291 194
f 193 291 194
f 193 287 194
f 193 286 287
f 193 286 194
f 193 194 285
f 193 283 194
f 193 283 194
f 193 194 281
f 193 194 281
f 193 194 280
f 193 194 278
f 193 194 278
f 193 194 276
f 193 194 276
f 193 194 274
f 193 194 274
f 193 194 272
f 193 271 194
f 193 194 256
f 193 194 254
f 193 253 194
f 193 253 252
f 193 252 194
f 193 250 194
f 193 250 249
f 193 249 194
f 193 194 247
f 193 194 247
f 193 194 246
f 193 194 242
f 193 194 240
f 193 194 240
f 193 194 239
f 193 194 237
f 193 194 237
f 193 194 233
f 193 189 233
f 193 194 233
f 193 189 233
f 193 194 232
f 193 189 232
f 193 189 194
f 199 209 213
f 199 213 194
f 199 209 213
f 199 194 219
f 199 213 217
f 199 209 204
f 199 209 194
f 199 219 217
f 199 194 219
f 199 217 204
f 199 47 204
f 199 194 47
f 199 194 226
f 199 226 204
f 199 47 48
f 199 194 47
f 199 194 226
f 199 226 229
f 199 49 48
f 199 194 49
f 199 194 229
f 199 198 194
f 199 194 49
f 199 198 194
f 199 229 231
f 199 203 231
f 199 49 50
f 199 203 50
f 199 203 232
f 199 198 232
f 199 203 51
f 199 203 51
f 199 198 51
f 199 203 233
f 199 198 233
f 199 51 52
f 199 198 51
f 199 203 236
f 199 203 233
f 199 198 233
f 199 53 52
f 199 198 53
f 199 237 236
f 199 198 237
f 199 54 53
f 199 198 54
f 199 237 238
f 199 198 237
f 199 198 54
f 199 239 238
f 199 198 239
f 199 198 56
f 199 240 239
f 199 198 240
f 199 198 57
f 199 241 240
f 199 198 241
f 199 198 57
f 199 241 243
f 199 198 59
f 199 198 243
f 199 241 243
f 199 198 243
f 199 198 241
f 199 198 60
f 199 198 60
f 199 247 244
f 199 198 247
f 199 244 246
f 199 198 246
f 199 198 244
f 199 198 62
f 199 198 247
f 199 198 63
f 199 198 249
f 199 198 63
f 199 250 198
f 199 250 198
f 199 198 252
f 199 253 198
f 199 253 198
f 199 198 254
f 199 198 274
f 199 198 272
f 199 271 198
f 199 198 274
f 199 198 276
f 199 198 276
f 199 198 278
f 199 198 278
f 199 198 280
f 199 198 281
f 199 198 281
f 199 198 283
f 199 198 283
f 199 198 285
f 199 198 286
f 199 198 286
f 199 198 287
f 199 198 291
f 199 198 291
f 199 198 293
f 199 198 294
f 199 198 294
f 199 198 297
f 199 198 297
f 199 198 299
f 199 198 299
f 199 198 301
f 199 198 305
f 199 198 301
f 199 198 304
f 199 198 304
f 197 194 53
f 197 198 53
f 197 198 194
f 197 194 54
f 197 198 54
f 197 194 54
f 197 198 54
f 197 198 56
f 197 198 57
f 197 198 57
f 197 198 252
f 197 253 198
f 197 198 59
f 197 250 198
f 197 253 198
f 197 198 60
f 197 250 198
f 197 198 254
f 197 198 60
f 197 198 249
f 197 198 62
f 197 198 247
f 197 198 63
f 197 198 247
f 197 198 63
f 197 194 246
f 197 198 246
f 197 198 64
f 197 194 244
f 197 198 244
f 197 198 66
f 197 194 243
f 197 198 243
f 197 271 198
f 197 198 66
f 197 194 243
f 197 198 243
f 197 198 272
f 197 198 68
f 197 194 240
f 197 198 240
f 197 198 274
f 197 198 68
f 197 194 240
f 197 198 240
f 197 198 274
f 197 71 198
f 197 194 239
f 197 198 239
f 197 198 276
f 197 71 198
f 197 194 237
f 197 198 237
f 197 198 276
f 197 198 73
f 197 194 237
f 197 198 237
f 197 198 194
f 197 198 278
f 197 75 198
f 197 198 278
f 197 77 75
f 197 198 280
f 197 198 281
f 197 80 198
f 197 198 281
f 197 80 198
f 197 198 283
f 197 83 198
f 197 198 283
f 197 198 285
f 197 198 86
f 197 198 286
f 197 87 198
f 197 198 286
f 197 198 287
f 197 198 291
f 197 198 291
f 197 198 293
f 197 198 294
f 197 198 324
f 197 198 294
f 197 198 321
f 197 198 297
f 197 198 321
f 197 198 297
f 197 198 317
f 197 198 299
f 197 198 317
f 197 198 299
f 197 198 314
f 197 198 301
f 197 198 314
f 197 198 301
f 197 198 312
f 197 198 304
f 197 198 312
f 197 198 304
f 197 198 309
f 197 198 305
f 197 198 308
f 197 198 308
f 164 63 62
f 164 165 62
f 164 165 63
f 164 63 64
f 164 165 63
f 164 64 163
f 164 165 64
f 164 66 163
f 164 165 66
f 164 66 67
f 164 165 66
f 164 93 94
f 164 165 334
f 164 165 334
f 164 96 94
f 166 63 167
f 166 165 167
f 166 165 63
f 166 63 64
f 166 165 63
f 166 64 167
f 166 165 64
f 166 66 167
f 166 165 66
f 166 66 167
f 166 165 66
f 166 164 68
f 166 164 165
f 166 164 68
f 166 164 70
f 166 164 71
f 166 164 71
f 166 164 165
f 166 164 73
f 166 333 332
f 166 165 333
f 166 167 330
f 166 165 330
f 166 165 167
f 166 333 332
f 166 164 333
f 166 164 75
f 166 107 106
f 166 164 77
f 166 106 103
f 166 99 103
f 166 164 80
f 166 99 139
f 166 164 139
f 166 164 80
f 166 98 99
f 166 98 97
f 166 96 97
f 166 164 96
f 166 164 96
f 166 164 86
f 166 164 93
f 166 164 87
f 166 164 87
f 168 167 62
f 168 169 62
f 168 169 167
f 168 63 167
f 168 169 63
f 168 63 64
f 168 169 63
f 168 64 167
f 168 169 64
f 168 66 167
f 168 169 66
f 168 66 167
f 168 169 66
f 168 169 68
f 168 166 167
f 168 166 68
f 168 169 68
f 168 166 68
f 168 169 70
f 168 166 70
f 168 71 169
f 168 166 71
f 168 71 169
f 168 166 71
f 168 166 332
f 168 166 167
f 168 166 73
f 168 171 332
f 168 169 171
f 168 167 330
f 168 169 330
f 168 332 115
f 168 171 73
f 168 169 171
f 168 113 332
f 168 171 113
f 168 115 118
f 168 332 118
f 168 166 332
f 168 113 115
f 168 166 75
f 168 171 113
f 168 113 111
f 168 75 171
f 168 166 77
f 168 167 323
f 168 169 323
f 168 171 108
f 168 108 111
f 168 77 171
f 168 167 323
f 168 169 323
f 168 169 167
f 168 107 171
f 168 107 108
f 168 166 107
f 168 166 107
f 168 166 80
f 168 107 171
f 168 166 106
f 168 80 171
f 168 166 80
f 168 171 106
f 168 166 99
f 168 80 171
f 168 171 99
f 168 166 98
f 168 171 98
f 168 166 98
f 168 166 86
f 168 171 98
f 168 166 96
f 168 171 86
f 168 166 87
f 168 96 171
f 168 166 96
f 168 87 171
f 168 166 87
f 168 96 171
f 168 166 93
f 168 87 171
f 168 171 93
f 159 63 64
f 159 158 63
f 159 158 63
f 159 64 160
f 159 158 64
f 159 66 160
f 159 158 66
f 159 66 160
f 159 158 66
f 159 161 160
f 159 161 68
f 159 68 67
f 159 158 67
f 159 161 68
f 159 68 69
f 159 158 336
f 159 70 69
f 159 161 70
f 159 336 335
f 159 336 160
f 159 158 160
f 159 71 70
f 159 161 336
f 159 161 336
f 159 336 337
f 159 158 337
f 159 158 336
f 159 71 157
f 159 73 157
f 159 75 76
f 159 77 76
f 162 63 62
f 162 161 62
f 162 161 63
f 162 63 64
f 162 161 63
f 162 64 163
f 162 161 64
f 162 66 163
f 162 161 66
f 162 66 67
f 162 161 66
f 162 161 68
f 162 164 67
f 162 164 68
f 162 161 68
f 162 164 68
f 162 161 70
f 162 164 70
f 162 164 334
f 162 164 71
f 162 336 334
f 162 161 336
f 162 159 161
f 162 159 71
f 162 164 71
f 162 336 334
f 162 161 336
f 162 159 161
f 162 159 71
f 162 164 73
f 162 159 335
f 162 334 333
f 162 164 334
f 162 164 80
f 162 159 73
f 162 335 141
f 162 334 335
f 162 333 139
f 162 164 139
f 162 164 333
f 162 148 141
f 162 164 77
f 162 159 77
f 162 159 77
f 162 80 79
f 162 164 80
f 162 164 75
f 162 159 75
f 162 80 81
f 162 86 85
f 162 164 86
f 162 164 87
f 162 86 148
f 162 87 86
f 162 87 88
f 162 164 87
f 162 164 91
f 604 605 102
f 604 603 102
f 604 603 605
f 604 605 102
f 604 603 102
f 604 605 104
f 604 603 104
f 604 605 105
f 604 603 105
f 604 106 605
f 604 603 106
f 604 107 106
f 604 603 107
f 604 107 605
f 604 603 107
f 604 605 108
f 604 603 108
f 604 605 110
f 604 603 110
f 604 605 110
f 604 603 110
f 604 605 114
f 604 603 114
f 604 603 114
f 604 606 114
f 604 606 605
f 604 603 359
f 604 606 117
f 604 359 117
f 604 603 360
f 604 606 117
f 604 360 359
f 604 603 360
f 604 360 117
f 604 606 360
f 604 606 360
f 604 603 362
f 604 606 362
f 604 603 362
f 604 606 362
f 604 603 364
f 604 606 364
f 604 603 364
f 604 606 364
f 604 606 365
f 604 606 372
f 604 606 372
f 604 606 374
f 604 606 374
f 604 606 378
f 604 606 379
f 604 606 379
f 604 606 380
f 604 606 382
f 604 606 383
f 604 606 383
f 604 606 387
f 604 606 388
f 604 606 388
f 604 606 390
f 604 606 390
f 604 606 392
f 604 606 392
f 604 606 394
f 604 606 394
f 604 606 396
f 604 606 396
f 604 606 397
f 604 606 398
f 604 402 404
f 604 606 532
f 604 606 526
f 604 522 406
f 604 606 533
f 604 524 522
f 604 606 533
f 604 606 534
f 604 606 537
f 604 606 538
f 604 606 538
f 604 606 540
f 604 606 542
f 604 606 542
f 604 606 544
f 604 582 544
f 604 606 545
f 604 545 582
f 604 606 546
f 604 606 545
f 604 545 546
f 604 603 605
f 604 547 546
f 604 547 546
f 604 605 582
f 604 547 582
f 604 547 605
f 591 583 582
f 591 579 657
f 591 579 96
f 591 579 98
f 591 579 98
f 591 579 99
f 591 579 100
f 591 579 102
f 591 106 349
f 591 107 106
f 591 107 349
f 591 368 370
f 600 602 657
f 600 602 582
f 600 96 602
f 600 96 602
f 600 602 98
f 600 602 98
f 600 602 99
f 600 602 100
f 600 602 102
f 600 602 102
f 600 602 104
f 610 612 100
f 610 609 100
f 610 609 612
f 610 612 102
f 610 609 102
f 610 104 612
f 610 609 104
f 610 104 612
f 610 105 104
f 610 609 105
f 610 547 612
f 610 547 612
f 610 609 547
f 610 612 550
f 610 609 550
f 610 609 612
f 610 106 105
f 610 609 106
f 610 547 546
f 610 609 547
f 610 107 106
f 610 609 107
f 610 545 546
f 610 609 545
f 610 107 109
f 610 609 107
f 610 545 544
f 610 609 545
f 610 110 109
f 610 609 110
f 610 544 543
f 610 609 544
f 610 110 112
f 610 609 110
f 610 542 543
f 610 609 542
f 610 114 112
f 610 609 114
f 610 542 541
f 610 609 542
f 610 114 116
f 610 609 114
f 610 540 541
f 610 609 540
f 610 117 116
f 610 609 117
f 610 538 540
f 610 609 538
f 610 117 119
f 610 609 117
f 610 538 537
f 610 609 538
f 610 119 120
f 610 537 536
f 610 609 537
f 610 363 120
f 610 362 119
f 610 609 362
f 610 534 536
f 610 609 534
f 610 364 363
f 610 609 364
f 610 362 363
f 610 609 362
f 610 533 534
f 610 609 533
f 610 364 365
f 610 609 364
f 610 533 532
f 610 609 533
f 610 372 365
f 610 532 529
f 610 609 532
f 610 372 373
f 610 609 372
f 610 372 365
f 610 609 365
f 610 609 372
f 610 526 529
f 610 609 526
f 610 374 373
f 610 609 374
f 610 524 526
f 610 609 524
f 610 374 375
f 610 609 374
f 610 524 522
f 610 378 375
f 610 609 378
f 610 522 520
f 610 379 378
f 610 609 379
f 610 520 404
f 610 379 380
f 610 609 379
f 610 404 401
f 610 380 381
f 610 609 380
f 610 398 401
f 610 382 381
f 610 609 382
f 610 397 398
f 610 383 382
f 610 609 383
f 610 396 397
f 610 383 384
f 610 609 383
f 610 396 395
f 610 387 384
f 610 609 387
f 610 394 395
f 610 388 387
f 610 609 388
f 610 394 393
f 610 609 394
f 610 388 389
f 610 609 388
f 610 392 393
f 610 609 392
f 610 390 389
f 610 609 390
f 610 392 611
f 610 609 392
f 610 390 611
f 610 609 390
f 607 608 102
f 607 606 102
f 607 606 608
f 607 608 102
f 607 606 102
f 607 608 104
f 607 606 104
f 607 608 105
f 607 606 105
f 607 608 106
f 607 606 106
f 607 107 608
f 607 606 107
f 607 107 608
f 607 606 107
f 607 608 110
f 607 606 110
f 607 608 110
f 607 606 110
f 607 606 114
f 607 609 114
f 607 609 608
f 607 606 114
f 607 609 114
f 607 606 117
f 607 609 117
f 607 606 117
f 607 609 117
f 607 609 362
f 607 362 361
f 607 360 361
f 607 606 360
f 607 606 360
f 607 606 362
f 607 609 362
f 607 606 362
f 607 609 364
f 607 606 364
f 607 609 364
f 607 606 364
f 607 609 365
f 607 606 365
f 607 609 372
f 607 606 372
f 607 609 372
f 607 606 372
f 607 609 374
f 607 606 374
f 607 609 374
f 607 606 374
f 607 609 378
f 607 606 378
f 607 609 379
f 607 606 379
f 607 609 379
f 607 606 379
f 607 609 380
f 607 606 380
f 607 609 382
f 607 606 382
f 607 609 383
f 607 606 383
f 607 609 383
f 607 606 383
f 607 609 387
f 607 606 387
f 607 609 388
f 607 606 388
f 607 609 388
f 607 606 388
f 607 609 390
f 607 606 390
f 607 609 390
f 607 606 390
f 607 609 392
f 607 606 392
f 607 609 392
f 607 606 392
f 607 609 394
f 607 606 394
f 607 606 394
f 607 610 394
f 607 610 609
f 607 606 396
f 607 610 396
f 607 610 396
f 607 606 396
f 607 610 397
f 607 606 397
f 607 609 524
f 607 610 398
f 607 606 398
f 607 609 526
f 607 604 524
f 607 604 606
f 607 606 526
f 607 610 524
f 607 610 609
f 607 604 524
f 607 610 404
f 607 609 532
f 607 606 532
f 607 610 522
f 607 604 522
f 607 522 520
f 607 610 520
f 607 604 404
f 607 604 606
f 607 609 533
f 607 606 533
f 607 609 533
f 607 606 533
f 607 609 534
f 607 606 534
f 607 609 537
f 607 606 537
f 607 609 538
f 607 606 538
f 607 609 538
f 607 606 538
f 607 609 540
f 607 606 540
f 607 609 542
f 607 606 542
f 607 609 542
f 607 609 608
f 607 606 542
f 607 608 544
f 607 606 544
f 607 545 608
f 607 606 545
f 607 545 608
f 607 606 545
f 607 547 608
f 607 606 547
f 607 547 608
f 607 606 547
f 607 608 550
f 607 606 550
f 607 606 608
f 74 665 666
f 74 75 665
f 74 666 667
f 74 75 667
f 74 75 666
f 74 665 664
f 74 75 665
f 74 664 663
f 74 75 664
f 74 662 663
f 74 75 662
f 74 661 662
f 74 75 661
f 74 661 660
f 74 75 661
f 74 659 660
f 74 75 659
f 74 659 658
f 74 658 73
f 74 76 659
f 74 75 76
f 74 657 658
f 74 76 657
f 74 76 655
f 74 76 657
f 74 73 656
f 74 655 656
f 74 76 123
f 74 76 125
f 74 76 99
f 74 98 99
f 74 76 98
f 74 123 124
f 74 76 123
f 74 125 124
f 74 76 125
f 74 99 100
f 74 76 100
f 74 95 98
f 74 95 76
f 74 95 76
f 74 123 122
f 74 76 121
f 74 125 126
f 74 76 127
f 74 71 655
f 74 76 104
f 74 121 122
f 74 76 121
f 74 127 126
f 74 100 101
f 74 71 101
f 74 76 105
f 74 121 120
f 74 76 119
f 74 127 72
f 74 127 129
f 74 76 127
f 74 71 104
f 74 76 105
f 74 119 120
f 74 76 117
f 74 129 72
f 74 76 129
f 74 71 105
f 74 76 110
f 74 119 116
f 74 117 119
f 74 76 117
f 74 129 130
f 74 76 132
f 74 110 109
f 74 71 109
f 74 71 105
f 74 76 110
f 74 114 116
f 74 76 114
f 74 130 131
f 74 132 130
f 74 76 136
f 74 110 112
f 74 76 114
f 74 114 112
f 74 132 131
f 74 136 133
f 74 76 137
f 74 133 132
f 74 136 133
f 74 137 136
f 74 76 137
f 74 138 73
f 74 137 138
f 74 139 138
f 74 76 139
f 74 139 141
f 74 76 139
f 74 141 142
f 74 76 141
f 74 75 76
f 74 143 142
f 74 75 143
f 74 143 144
f 74 75 143
f 74 144 145
f 74 75 144
f 74 146 145
f 74 75 146
f 74 147 146
f 74 75 147
f 74 147 148
f 74 75 147
f 74 151 148
f 74 75 151
f 74 154 151
f 74 75 154
f 74 154 73
f 74 75 154
f 74 159 73
f 74 159 75
f 74 162 159
f 74 162 159
f 74 162 164
f 74 162 164
f 74 166 164
f 74 166 164
f 74 168 166
f 74 168 166
f 74 168 171
f 74 168 75
f 74 75 171
f 74 174 172
f 74 171 172
f 74 171 174
f 74 174 176
f 74 75 174
f 74 176 178
f 74 75 176
f 78 79 665
f 78 77 665
f 78 79 666
f 78 77 666
f 78 79 665
f 78 77 665
f 78 79 668
f 78 77 668
f 78 79 664
f 78 77 664
f 78 79 668
f 78 77 668
f 78 79 662
f 78 77 662
f 78 79 670
f 78 77 670
f 78 79 661
f 78 77 661
f 78 79 670
f 78 77 670
f 78 79 661
f 78 77 661
f 78 79 672
f 78 77 672
f 78 79 659
f 78 77 659
f 78 79 672
f 78 77 672
f 78 79 659
f 78 77 659
f 78 79 674
f 78 77 674
f 78 79 657
f 78 77 657
f 78 79 676
f 78 77 676
f 78 79 657
f 78 77 657
f 78 79 678
f 78 77 678
f 78 79 655
f 78 77 655
f 78 79 678
f 78 77 678
f 78 94 79
f 78 79 681
f 78 77 681
f 78 95 94
f 78 77 95
f 78 95 94
f 78 79 681
f 78 77 681
f 78 95 79
f 78 79 684
f 78 77 684
f 78 79 99
f 78 77 99
f 78 95 98
f 78 77 98
f 78 77 95
f 78 79 684
f 78 77 684
f 78 79 100
f 78 77 100
f 78 79 687
f 78 77 687
f 78 79 104
f 78 77 104
f 78 79 687
f 78 77 687
f 78 79 105
f 78 77 105
f 78 79 689
f 78 77 689
f 78 79 105
f 78 77 105
f 78 79 689
f 78 77 689
f 78 79 110
f 78 77 110
f 78 79 693
f 78 77 693
f 78 79 110
f 78 77 110
f 78 79 696
f 78 77 696
f 78 79 114
f 78 77 114
f 78 79 699
f 78 77 699
f 78 79 115
f 78 79 699
f 78 77 699
f 78 115 114
f 78 77 114
f 78 79 115
f 78 79 704
f 78 77 704
f 78 79 117
f 78 77 117
f 78 77 704
f 78 79 117
f 78 77 117
f 78 203 704
f 78 203 79
f 78 77 203
f 78 77 118
f 78 203 79
f 78 77 203
f 78 118 119
f 78 79 118
f 78 77 119
f 78 79 121
f 78 77 121
f 78 79 121
f 78 77 121
f 78 197 198
f 78 197 77
f 78 79 123
f 78 77 123
f 78 79 123
f 78 77 123
f 78 193 195
f 78 193 77
f 78 79 125
f 78 77 125
f 78 79 125
f 78 77 125
f 78 79 126
f 78 77 126
f 78 79 129
f 78 77 129
f 78 184 79
f 78 77 184
f 78 79 136
f 78 77 136
f 78 182 184
f 78 77 182
f 78 79 137
f 78 77 137
f 78 181 182
f 78 181 77
f 78 79 137
f 78 77 137
f 78 79 139
f 78 77 139
f 78 79 139
f 78 77 139
f 78 176 178
f 78 77 176
f 78 79 141
f 78 77 141
f 78 174 176
f 78 77 174
f 78 79 143
f 78 77 143
f 78 171 174
f 78 77 171
f 78 79 143
f 78 77 143
f 78 168 171
f 78 168 77
f 78 79 144
f 78 77 144
f 78 168 166
f 78 168 166
f 78 79 146
f 78 77 146
f 78 166 164
f 78 166 164
f 78 79 147
f 78 77 147
f 78 162 164
f 78 162 164
f 78 79 147
f 78 77 147
f 78 162 79
f 78 162 77
f 78 77 151
f 78 79 154
f 78 77 154
f 78 154 151
f 78 79 154
f 78 77 154
f 84 85 665
f 84 83 665
f 84 85 666
f 84 83 666
f 84 85 665
f 84 83 665
f 84 85 668
f 84 83 668
f 84 85 664
f 84 83 664
f 84 85 668
f 84 83 668
f 84 85 662
f 84 83 662
f 84 85 670
f 84 83 670
f 84 85 661
f 84 83 661
f 84 85 672
f 84 83 672
f 84 85 661
f 84 83 661
f 84 85 672
f 84 83 672
f 84 85 659
f 84 83 659
f 84 85 674
f 84 83 674
f 84 85 659
f 84 83 659
f 84 85 676
f 84 83 676
f 84 85 657
f 84 83 657
f 84 85 678
f 84 83 678
f 84 85 657
f 84 85 678
f 84 83 678
f 84 684 683
f 84 85 684
f 84 681 683
f 84 83 681
f 84 83 681
f 84 83 684
f 84 93 94
f 84 85 684
f 84 83 684
f 84 95 94
f 84 85 687
f 84 83 687
f 84 95 85
f 84 85 687
f 84 83 687
f 84 85 108
f 84 85 688
f 84 83 688
f 84 107 108
f 84 85 693
f 84 83 693
f 84 107 104
f 84 113 108
f 84 113 85
f 84 85 696
f 84 83 696
f 84 113 85
f 84 85 202
f 84 83 202
f 84 85 115
f 84 85 118
f 84 85 123
f 84 197 198
f 84 197 83
f 84 85 123
f 84 85 138
f 84 193 195
f 84 193 83
f 84 85 139
f 84 83 139
f 84 85 139
f 84 83 139
f 84 85 148
f 84 83 148
f 84 162 85
f 84 184 85
f 84 83 184
f 84 83 148
f 84 162 148
f 84 162 83
f 84 162 164
f 84 162 164
f 84 182 184
f 84 83 182
f 84 166 164
f 84 166 164
f 84 181 182
f 84 181 83
f 84 168 166
f 84 168 166
f 84 168 171
f 84 168 83
f 84 176 178
f 84 83 176
f 84 171 174
f 84 83 171
f 84 174 176
f 84 83 174
f 82 81 665
f 82 83 665
f 82 81 666
f 82 83 666
f 82 83 81
f 82 81 665
f 82 83 665
f 82 81 664
f 82 83 664
f 82 81 662
f 82 83 662
f 82 81 661
f 82 83 661
f 82 81 661
f 82 83 661
f 82 81 659
f 82 83 659
f 82 81 659
f 82 83 659
f 82 81 657
f 82 83 657
f 82 80 657
f 82 80 81
f 82 84 657
f 82 84 83
f 82 84 93
f 82 84 95
f 82 80 79
f 82 84 85
f 82 84 93
f 82 79 655
f 82 93 655
f 82 93 79
f 82 93 94
f 82 95 94
f 82 80 95
f 82 80 95
f 82 95 99
f 82 95 100
f 82 84 95
f 82 80 99
f 82 80 100
f 82 84 104
f 82 80 104
f 82 84 107
f 82 80 104
f 82 107 106
f 82 84 107
f 82 106 104
f 82 80 110
f 82 107 106
f 82 107 108
f 82 110 111
f 82 108 111
f 82 84 108
f 82 110 111
f 82 80 110
f 82 84 113
f 82 113 111
f 82 80 113
f 82 84 113
f 82 80 113
f 82 84 115
f 82 84 118
f 82 115 117
f 82 80 117
f 82 80 115
f 82 80 118
f 82 118 121
f 82 84 123
f 82 80 121
f 82 84 123
f 82 80 123
f 82 80 123
f 82 125 124
f 82 138 124
f 82 84 138
f 82 84 83
f 82 80 125
f 82 80 125
f 82 80 138
f 82 80 81
f 82 81 139
f 82 83 139
f 82 81 139
f 82 83 139
f 82 81 148
f 82 83 148
f 82 81 148
f 82 83 148
f 82 162 81
f 82 162 83
f 82 162 164
f 82 162 164
f 82 166 164
f 82 166 164
f 82 168 166
f 82 168 166
f 82 168 171
f 82 168 83
f 82 171 174
f 82 83 171
f 82 174 176
f 82 83 174
f 82 176 178
f 82 83 178
f 82 83 176
f 570 572 665
f 570 568 665
f 570 572 666
f 570 572 665
f 570 568 666
f 570 568 665
f 570 572 668
f 570 572 664
f 570 568 668
f 570 568 664
f 570 572 668
f 570 572 662
f 570 568 668
f 570 568 662
f 570 572 670
f 570 572 661
f 570 568 670
f 570 568 661
f 570 568 661
f 570 572 672
f 570 659 661
f 570 572 659
f 570 568 672
f 570 572 672
f 570 659 658
f 570 572 659
f 570 568 672
f 570 572 674
f 570 657 658
f 570 568 674
f 570 572 676
f 570 568 676
f 570 572 678
f 570 568 678
f 570 572 678
f 570 568 678
f 570 572 684
f 570 568 684
f 570 572 684
f 570 572 687
f 570 567 684
f 570 567 568
f 570 567 687
f 570 328 687
f 570 328 572
f 570 567 687
f 570 567 688
f 570 572 332
f 570 572 333
f 570 332 567
f 570 572 333
f 570 333 332
f 570 572 337
f 570 567 335
f 570 333 567
f 570 572 337
f 570 335 568
f 570 337 335
f 570 572 339
f 570 337 339
f 570 433 339
f 570 572 343
f 570 431 433
f 570 433 568
f 570 433 339
f 570 436 568
f 570 339 436
f 570 431 433
f 570 343 344
f 570 572 343
f 570 431 568
f 570 436 568
f 570 339 436
f 570 431 344
f 570 428 568
f 570 431 416
f 570 431 344
f 570 344 416
f 570 346 344
f 570 572 346
f 570 572 346
f 570 428 416
f 570 416 568
f 570 428 416
f 570 416 415
f 570 416 415
f 570 415 348
f 570 572 348
f 570 572 415
f 573 574 665
f 573 572 665
f 573 574 666
f 573 572 666
f 573 574 665
f 573 572 665
f 573 574 668
f 573 572 668
f 573 574 664
f 573 572 664
f 573 574 668
f 573 572 668
f 573 574 662
f 573 572 662
f 573 574 672
f 573 572 672
f 573 574 661
f 573 572 661
f 573 574 672
f 573 572 672
f 573 574 659
f 573 572 659
f 573 574 674
f 573 572 674
f 573 574 659
f 573 572 659
f 573 574 676
f 573 572 676
f 573 574 657
f 573 572 657
f 573 574 678
f 573 572 678
f 573 574 678
f 573 572 678
f 573 574 684
f 573 572 684
f 573 574 88
f 573 88 684
f 573 572 684
f 573 572 88
f 573 414 356
f 573 574 356
f 573 574 414
f 573 414 354
f 573 572 414
f 573 574 354
f 573 574 354
f 573 572 354
f 573 574 333
f 573 572 333
f 573 574 352
f 573 572 352
f 573 574 333
f 573 572 333
f 573 574 352
f 573 572 352
f 573 574 337
f 573 572 337
f 573 574 351
f 573 572 351
f 573 574 337
f 573 572 337
f 573 574 348
f 573 572 348
f 573 574 339
f 573 572 339
f 573 574 348
f 573 572 348
f 573 343 574
f 573 572 343
f 573 346 574
f 573 572 346
f 573 343 574
f 573 572 343
f 573 346 574
f 573 572 346
f 575 576 574
f 575 573 574
f 575 573 414
f 575 573 574
f 575 414 413
f 575 574 414
f 575 574 412
f 575 574 412
f 575 576 412
f 575 574 411
f 575 576 411
f 575 574 366
f 575 409 366
f 575 576 409
f 575 576 409
f 575 574 359
f 575 576 359
f 575 574 358
f 575 576 358
f 575 574 358
f 575 576 358
f 575 574 356
f 575 576 356
f 575 574 356
f 575 576 356
f 575 576 574
f 89 88 85
f 89 91 85
f 89 88 657
f 89 86 88
f 89 91 86
f 89 91 86
f 89 88 657
f 89 88 659
f 89 88 659
f 89 88 661
f 89 88 662
f 89 88 664
f 89 88 665
f 89 88 665
f 89 88 666
f 89 88 668
f 89 576 578
f 89 88 668
f 89 578 674
f 89 88 674
f 89 88 676
f 89 576 676
f 89 574 88
f 89 576 574
f 89 573 574
f 89 88 672
f 89 578 672
f 89 88 672
f 89 88 678
f 89 576 678
f 89 88 678
f 89 576 678
f 89 573 572
f 89 328 572
f 89 181 184
f 89 176 178
f 89 174 176
f 89 171 174
f 89 168 171
f 89 168 166
f 89 166 164
f 89 162 164
f 89 162 88
f 89 88 139
f 89 88 139
f 713 223 712
f 713 714 223
f 713 714 223
f 713 225 712
f 713 714 225
f 713 226 225
f 713 714 226
f 713 226 227
f 713 714 226
f 713 227 712
f 713 714 227
f 713 712 470
f 713 714 470
f 713 712 470
f 713 714 470
f 713 712 472
f 713 714 472
f 713 712 473
f 713 714 473
f 713 712 473
f 713 714 473
f 713 712 475
f 713 714 475
f 713 712 475
f 713 714 475
f 713 477 712
f 713 714 477
f 713 477 712
f 713 714 477
f 713 712 479
f 713 714 479
f 713 712 479
f 713 714 479
f 713 712 481
f 713 714 481
f 713 712 481
f 713 714 481
f 713 712 483
f 713 714 483
f 713 712 483
f 713 714 483
f 713 712 485
f 713 714 485
f 713 714 486
f 713 711 712
f 713 711 486
f 713 714 486
f 713 711 486
f 713 714 488
f 713 714 489
f 713 489 488
f 713 711 489
f 713 714 489
f 713 711 489
f 713 714 491
f 713 711 491
f 713 711 491
f 713 714 494
f 713 491 492
f 713 714 492
f 713 714 491
f 713 494 711
f 713 714 494
f 713 494 711
f 713 714 496
f 713 711 496
f 713 714 496
f 713 711 496
f 713 711 497
f 713 714 500
f 713 498 497
f 713 714 498
f 713 714 498
f 713 711 500
f 713 714 500
f 713 711 500
f 713 714 502
f 713 711 502
f 713 711 502
f 713 714 504
f 713 502 504
f 713 714 504
f 713 714 502
f 713 711 504
f 713 714 506
f 713 711 506
f 713 711 508
f 713 714 509
f 713 508 506
f 713 714 506
f 713 714 508
f 713 711 509
f 713 714 509
f 713 711 509
f 713 714 511
f 713 711 511
f 713 714 511
f 713 714 513
f 713 511 513
f 713 711 511
f 713 714 514
f 713 711 514
f 713 714 514
f 713 711 514
f 713 516 714
f 713 516 711
f 713 516 714
f 713 516 711
f 713 711 710
f 713 518 711
f 713 707 710
f 713 518 519
f 713 714 519
f 713 518 711
f 713 707 703
f 713 714 703
f 713 707 710
f 713 710 526
f 713 714 519
f 713 707 703
f 713 714 703
f 713 714 701
f 713 524 526
f 713 710 526
f 713 710 524
f 713 523 710
f 713 524 526
f 713 714 524
f 713 710 677
f 713 710 519
f 713 711 710
f 713 714 522
f 713 695 701
f 713 710 695
f 713 714 695
f 713 523 710
f 713 677 655
f 713 710 679
f 713 714 524
f 713 523 524
f 713 710 695
f 713 718 655
f 713 714 718
f 713 718 677
f 713 718 679
f 713 710 679
f 713 695 692
f 713 710 690
f 713 718 679
f 713 718 692
f 713 718 695
f 713 714 718
f 713 718 690
f 716 211 212
f 716 211 715
f 716 212 717
f 716 715 212
f 716 211 717
f 716 211 715
f 716 215 717
f 716 715 215
f 716 208 717
f 716 715 208
f 716 215 717
f 716 715 215
f 716 207 208
f 716 207 715
f 716 717 216
f 716 715 216
f 716 207 717
f 716 207 715
f 716 717 220
f 716 715 220
f 716 717 205
f 716 715 205
f 716 717 220
f 716 715 220
f 716 71 717
f 716 71 715
f 716 717 222
f 716 715 222
f 716 71 70
f 716 71 715
f 716 223 717
f 716 715 223
f 716 68 70
f 716 715 68
f 716 223 717
f 716 715 223
f 716 68 67
f 716 225 717
f 716 715 225
f 716 68 67
f 716 715 68
f 716 226 225
f 716 715 226
f 716 66 717
f 716 66 67
f 716 66 67
f 716 703 717
f 716 715 703
f 716 226 717
f 716 715 226
f 716 703 717
f 716 715 703
f 716 228 717
f 716 715 228
f 716 717 701
f 716 715 701
f 716 228 717
f 716 718 717
f 716 717 229
f 716 228 229
f 716 715 228
f 716 715 695
f 716 718 695
f 716 718 715
f 716 717 472
f 716 715 472
f 716 715 485
f 716 718 485
f 716 715 486
f 716 718 486
f 716 717 473
f 716 715 473
f 716 715 483
f 716 718 483
f 716 715 486
f 716 718 486
f 716 717 473
f 716 715 473
f 716 715 483
f 716 718 483
f 716 715 488
f 716 718 488
f 716 717 475
f 716 715 475
f 716 715 481
f 716 718 481
f 716 715 489
f 716 718 489
f 716 717 475
f 716 715 475
f 716 715 481
f 716 718 481
f 716 715 489
f 716 718 489
f 716 717 477
f 716 715 477
f 716 715 479
f 716 718 479
f 716 718 717
f 716 715 491
f 716 718 491
f 716 717 477
f 716 715 477
f 716 717 479
f 716 715 479
f 716 715 491
f 716 718 491
f 716 715 492
f 716 718 492
f 716 494 715
f 716 718 494
f 716 494 715
f 716 718 494
f 716 715 496
f 716 718 496
f 716 715 496
f 716 718 496
f 716 715 498
f 716 718 498
f 716 718 498
f 716 498 500
f 716 715 500
f 716 715 498
f 716 715 500
f 716 718 500
f 716 715 502
f 716 718 502
f 716 715 502
f 716 718 502
f 716 715 503
f 716 718 503
f 716 715 506
f 716 718 506
f 716 715 506
f 716 718 506
f 716 715 509
f 716 718 509
f 716 718 715
f 521 518 707
f 521 523 707
f 521 518 707
f 521 523 707
f 521 518 442
f 521 523 442
f 521 518 443
f 521 523 443
f 521 518 705
f 521 523 705
f 521 708 707
f 521 708 707
f 521 523 441
f 521 523 442
f 521 518 442
f 521 518 445
f 521 523 445
f 521 518 705
f 521 523 705
f 521 708 710
f 521 710 519
f 521 708 710
f 521 518 441
f 521 523 439
f 521 518 446
f 521 523 446
f 521 518 487
f 521 523 487
f 521 523 439
f 521 518 439
f 521 518 519
f 521 519 438
f 521 518 439
f 521 713 522
f 521 713 710
f 521 713 710
f 521 518 446
f 521 523 446
f 521 518 487
f 521 523 487
f 521 523 438
f 521 519 436
f 521 518 448
f 521 523 448
f 521 523 436
f 521 519 436
f 521 518 449
f 521 523 449
f 521 458 457
f 521 518 457
f 521 460 458
f 521 523 460
f 521 523 460
f 521 523 458
f 521 523 436
f 521 519 435
f 521 519 520
f 521 518 449
f 521 523 449
f 521 518 456
f 521 523 456
f 521 523 435
f 521 523 522
f 521 433 520
f 521 433 522
f 521 518 451
f 521 523 451
f 521 518 455
f 521 523 455
f 521 433 432
f 521 433 432
f 521 518 451
f 521 523 451
f 521 518 455
f 521 523 455
f 521 431 432
f 521 431 432
f 521 518 453
f 521 523 453
f 521 518 453
f 521 523 453
f 521 431 520
f 521 431 522
f 521 429 520
f 521 429 522
f 521 428 429
f 521 428 429
f 521 522 520
f 521 428 520
f 521 428 522
f 267 268 160
f 267 264 160
f 267 165 268
f 267 264 165
f 267 165 268
f 267 264 165
f 267 268 167
f 267 264 167
f 267 268 173
f 267 264 173
f 267 268 175
f 267 268 479
f 267 264 479
f 267 268 175
f 267 268 479
f 267 264 479
f 267 268 179
f 267 268 478
f 267 264 478
f 267 181 268
f 267 268 474
f 267 264 474
f 267 181 182
f 267 268 472
f 267 264 472
f 267 182 268
f 267 268 472
f 267 264 472
f 267 268 183
f 267 268 468
f 267 186 268
f 267 268 468
f 267 268 466
f 267 268 466
f 267 268 463
f 267 268 463
f 263 262 463
f 263 264 463
f 263 264 262
f 263 264 463
f 263 261 463
f 263 261 262
f 263 260 461
f 263 260 261
f 263 186 262
f 263 186 264
f 263 193 260
f 263 183 262
f 263 264 183
f 263 264 183
f 270 268 468
f 270 271 468
f 270 271 268
f 270 268 468
f 270 271 468
f 270 268 466
f 270 271 466
f 270 268 466
f 270 271 466
f 270 271 464
f 270 271 461
f 270 271 461
f 270 271 460
f 270 271 458
f 270 186 271
f 270 193 271
f 270 271 183
f 270 199 271
f 270 271 182
f 270 197 271
f 270 181 182
f 270 181 271
f 270 181 268
f 270 181 271
f 270 268 179
f 270 271 179
f 270 268 175
f 270 271 175
f 270 268 175
f 270 271 175
f 270 268 173
f 270 271 173
f 270 271 268
f 259 258 466
f 259 260 466
f 259 260 258
f 259 258 465
f 259 260 465
f 259 258 463
f 259 260 463
f 259 260 463
f 259 257 463
f 259 257 258
f 259 260 461
f 259 256 461
f 259 257 256
f 259 189 257
f 259 193 260
f 259 256 461
f 259 193 194
f 259 193 257
f 259 263 461
f 259 263 260
f 259 186 258
f 259 186 260
f 259 460 459
f 259 256 460
f 259 263 260
f 259 258 183
f 259 260 183
f 259 260 258
f 259 197 198
f 259 199 198
f 259 254 459
f 259 254 458
f 259 199 254
f 180 60 179
f 180 181 60
f 180 181 60
f 180 179 62
f 180 181 62
f 180 63 179
f 180 181 63
f 180 63 64
f 180 181 63
f 180 64 179
f 180 181 64
f 180 66 179
f 180 181 66
f 180 66 179
f 180 181 66
f 180 68 179
f 180 181 68
f 180 181 68
f 180 178 68
f 180 178 68
f 180 181 70
f 180 178 70
f 180 181 71
f 180 71 178
f 180 181 71
f 180 71 178
f 180 181 73
f 180 178 73
f 180 74 178
f 180 181 75
f 180 74 75
f 180 74 75
f 180 181 75
f 180 75 178
f 180 181 77
f 180 77 178
f 180 78 181
f 180 78 77
f 180 78 181
f 180 78 178
f 180 181 80
f 180 80 178
f 180 181 80
f 180 80 178
f 180 83 178
f 180 181 83
f 180 84 83
f 180 84 181
f 180 178 324
f 180 84 178
f 180 84 181
f 180 178 324
f 180 105 103
f 180 178 100
f 180 181 100
f 180 178 86
f 180 181 86
f 180 178 323
f 180 178 179
f 180 324 323
f 180 181 324
f 180 106 105
f 180 178 106
f 180 106 105
f 180 178 106
f 180 178 99
f 180 181 99
f 180 87 178
f 180 181 87
f 180 179 321
f 180 181 321
f 180 178 98
f 180 181 98
f 180 87 178
f 180 181 87
f 180 179 321
f 180 181 321
f 180 178 98
f 180 181 98
f 180 89 178
f 180 89 181
f 180 179 320
f 180 181 320
f 180 96 178
f 180 181 96
f 180 179 318
f 180 181 318
f 180 96 178
f 180 181 96
f 180 179 318
f 180 181 318
f 180 178 93
f 180 181 93
f 180 179 317
f 180 181 317
f 180 179 315
f 180 181 315
f 180 179 314
f 180 181 314
f 180 179 314
f 180 181 314
f 180 179 312
f 180 181 312
f 180 311 179
f 180 311 181
f 180 311 179
f 180 311 181
f 180 179 309
f 180 181 309
f 180 179 308
f 180 181 308
f 180 179 308
f 180 181 308
f 180 179 307
f 180 181 307
f 180 179 305
f 180 181 305
f 180 179 304
f 180 181 304
f 180 179 304
f 180 181 304
f 180 179 301
f 180 181 301
f 180 179 299
f 180 181 299
f 180 179 299
f 180 181 299
f 180 179 297
f 180 181 297
f 180 179 297
f 180 181 297
f 180 179 295
f 180 181 295
f 180 179 294
f 180 181 294
f 180 181 179
f 302 181 182
f 302 181 182
f 302 182 183
f 302 182 183
f 302 180 181
f 302 180 181
f 302 184 183
f 302 184 183
f 302 180 179
f 302 180 179
f 302 184 303
f 302 184 301
f 302 178 179
f 302 178 179
f 302 186 303
f 302 186 301
f 302 178 177
f 302 178 301
f 302 176 177
f 302 176 175
f 302 301 177
f 302 176 177
f 302 175 173
f 302 176 175
f 302 172 173
f 302 175 173
f 302 172 170
f 302 172 173
f 302 172 170
f 302 169 170
f 302 169 167
f 302 299 170
f 302 169 299
f 302 377 378
f 302 379 378
f 302 165 167
f 302 169 167
f 302 377 303
f 302 299 377
f 302 299 379
f 302 299 379
f 302 379 380
f 302 379 380
f 302 165 167
f 302 374 303
f 302 299 377
f 302 380 300
f 302 380 303
f 302 165 163
f 302 165 163
f 302 374 299
f 302 374 303
f 302 382 300
f 302 303 382
f 302 303 356
f 302 299 356
f 302 354 303
f 302 374 299
f 302 372 303
f 302 383 382
f 302 383 303
f 302 303 356
f 302 299 356
f 302 299 298
f 302 354 298
f 302 354 353
f 302 161 163
f 302 163 299
f 302 161 163
f 302 299 372
f 302 383 300
f 302 383 303
f 302 358 303
f 302 358 299
f 302 354 353
f 302 352 353
f 302 161 160
f 302 161 160
f 302 342 345
f 302 342 163
f 302 342 163
f 302 299 372
f 302 364 303
f 302 303 365
f 302 372 365
f 302 372 303
f 302 386 300
f 302 386 303
f 302 358 359
f 302 358 299
f 302 352 353
f 302 352 351
f 302 349 345
f 302 160 345
f 302 364 299
f 302 364 363
f 302 387 386
f 302 387 386
f 302 360 359
f 302 360 299
f 302 352 351
f 302 351 350
f 302 349 350
f 302 349 345
f 302 364 299
f 302 362 363
f 302 388 387
f 302 388 387
f 302 360 361
f 302 360 299
f 302 351 350
f 302 349 350
f 302 362 299
f 302 362 361
f 302 388 300
f 302 388 303
f 302 362 299
f 302 300 390
f 302 303 390
f 302 300 390
f 302 303 390
f 302 300 392
f 302 303 392
f 302 300 392
f 302 303 392
f 302 300 394
f 302 303 394
f 302 300 394
f 302 303 394
f 302 396 300
f 302 303 396
f 302 396 397
f 302 303 396
f 302 397 300
f 302 303 397
f 302 399 300
f 302 303 399
f 302 399 300
f 302 402 300
f 302 400 399
f 302 400 303
f 302 400 303
f 302 402 303
f 302 402 300
f 302 402 303
f 302 406 300
f 302 402 403
f 302 303 403
f 302 406 404
f 302 303 404
f 302 406 303
f 302 406 408
f 302 406 407
f 302 406 407
f 302 409 408
f 302 407 303
f 302 409 410
f 302 409 303
f 302 411 410
f 302 409 410
f 302 411 419
f 302 301 419
f 302 411 410
f 302 412 411
f 302 412 411
f 302 418 412
f 302 418 419
f 302 412 413
f 302 418 412
f 302 420 419
f 302 420 301
f 302 414 413
f 302 418 414
f 302 418 414
f 302 420 421
f 302 420 301
f 302 421 303
f 302 301 421
f 302 423 303
f 302 301 423
f 302 423 303
f 302 301 423
f 302 425 303
f 302 301 425
f 302 426 425
f 302 426 301
f 302 426 303
f 302 426 301
f 302 428 303
f 302 428 301
f 302 428 429
f 302 428 429
f 302 429 303
f 302 429 301
f 302 431 303
f 302 431 301
f 302 431 432
f 302 431 432
f 302 433 432
f 302 433 432
f 302 433 303
f 302 433 301
f 302 435 303
f 302 301 435
f 302 436 435
f 302 301 436
f 302 436 303
f 302 301 436
f 302 303 438
f 302 301 438
f 302 303 439
f 302 301 439
f 302 303 439
f 302 301 439
f 302 303 441
f 302 301 441
f 302 442 303
f 302 442 301
f 302 443 301
f 302 442 443
f 302 442 443
f 329 328 174
f 329 174 330
f 329 174 176
f 329 328 176
f 329 174 172
f 329 328 174
f 329 176 178
f 329 171 172
f 329 328 171
f 329 180 178
f 329 180 328
f 329 328 171
f 329 414 330
f 329 414 415
f 329 416 415
f 329 328 416
f 329 328 414
f 329 180 328
f 329 169 171
f 329 169 171
f 329 328 169
f 329 428 416
f 329 328 428
f 329 414 413
f 329 328 414
f 329 180 103
f 329 180 181
f 329 168 169
f 329 428 430
f 329 328 428
f 329 412 413
f 329 328 412
f 329 102 103
f 329 181 184
f 329 328 181
f 329 168 167
f 329 431 430
f 329 328 431
f 329 412 411
f 329 328 412
f 329 102 100
f 329 184 102
f 329 431 433
f 329 328 431
f 329 411 410
f 329 328 411
f 329 99 100
f 329 184 102
f 329 433 435
f 329 328 433
f 329 409 410
f 329 328 409
f 329 98 99
f 329 328 98
f 329 184 99
f 329 328 184
f 329 436 435
f 329 328 436
f 329 409 407
f 329 328 409
f 329 98 97
f 329 328 98
f 329 369 366
f 329 436 331
f 329 328 436
f 329 407 330
f 329 328 407
f 329 96 97
f 329 328 96
f 329 369 330
f 329 439 331
f 329 328 439
f 329 330 403
f 329 328 403
f 329 96 94
f 329 328 96
f 329 369 400
f 329 328 400
f 329 328 369
f 329 439 331
f 329 328 439
f 329 93 94
f 329 328 93
f 329 441 331
f 329 328 441
f 329 443 441
f 329 328 443
f 329 566 443
f 329 328 566
f 329 566 567
f 329 328 566
f 329 570 572
f 329 570 328
f 329 570 567
f 329 570 328
f 188 189 56
f 188 186 56
f 188 186 189
f 188 189 57
f 188 186 57
f 188 189 57
f 188 186 57
f 188 189 59
f 188 186 59
f 188 189 60
f 188 186 60
f 188 189 60
f 188 189 62
f 188 189 63
f 188 189 63
f 188 189 64
f 188 189 66
f 188 189 66
f 188 189 68
f 188 189 314
f 188 189 312
f 188 189 312
f 188 189 309
f 188 189 308
f 188 189 308
f 188 189 305
f 188 189 304
f 188 189 304
f 188 189 301
f 188 189 301
f 188 189 299
f 188 189 299
f 188 189 297
f 188 189 297
f 188 189 294
f 188 189 294
f 188 189 293
f 188 189 291
f 188 189 291
f 188 189 289
f 188 189 289
f 188 189 286
f 188 186 286
f 188 189 286
f 188 186 286
f 188 189 285
f 188 186 285
f 188 189 283
f 188 186 283
f 188 189 283
f 188 186 283
f 188 189 281
f 188 186 281
f 188 189 281
f 188 186 281
f 188 189 280
f 188 186 280
f 188 189 278
f 188 186 278
f 188 189 278
f 188 186 278
f 188 189 276
f 188 186 276
f 188 189 276
f 188 186 276
f 188 189 274
f 188 186 274
f 188 189 274
f 188 186 274
f 188 189 272
f 188 186 272
f 188 271 189
f 188 186 271
f 188 270 271
f 188 270 186
f 188 263 186
f 188 186 261
f 188 263 261
f 188 263 189
f 188 260 189
f 188 186 260
f 188 259 260
f 188 259 186
f 188 259 189
f 188 259 186
f 188 189 257
f 188 186 257
f 188 189 257
f 188 186 257
f 188 189 256
f 188 186 256
f 188 189 254
f 188 186 254
f 188 253 189
f 188 186 253
f 188 253 189
f 188 186 253
f 188 189 252
f 188 186 252
f 188 186 189
f 192 189 53
f 192 193 53
f 192 193 189
f 192 189 54
f 192 193 54
f 192 189 54
f 192 193 54
f 192 193 56
f 192 193 57
f 192 193 57
f 192 193 59
f 192 193 60
f 192 193 60
f 192 193 62
f 192 193 63
f 192 193 63
f 192 193 64
f 192 193 66
f 192 193 66
f 192 193 68
f 192 193 68
f 192 193 70
f 192 193 71
f 192 193 71
f 192 193 73
f 192 193 75
f 192 193 77
f 192 78 193
f 192 78 193
f 192 193 80
f 192 193 80
f 192 193 83
f 192 84 193
f 192 84 193
f 192 193 86
f 192 193 87
f 192 193 87
f 192 193 195
f 192 89 195
f 192 193 324
f 192 193 321
f 192 193 321
f 192 193 317
f 192 193 317
f 192 193 314
f 192 193 314
f 192 193 312
f 192 193 312
f 192 193 309
f 192 193 308
f 192 193 308
f 192 193 305
f 192 193 304
f 192 193 304
f 192 193 301
f 192 193 301
f 192 193 299
f 192 193 299
f 192 193 297
f 192 193 297
f 192 193 294
f 192 193 294
f 192 193 293
f 192 193 291
f 192 193 291
f 192 289 287
f 192 193 287
f 192 193 286
f 192 193 286
f 192 193 285
f 192 193 283
f 192 193 283
f 192 193 281
f 192 193 281
f 192 193 280
f 192 193 278
f 192 193 278
f 192 193 276
f 192 193 276
f 192 193 274
f 192 193 274
f 192 193 272
f 192 193 271
f 192 270 193
f 192 263 193
f 192 259 193
f 192 259 193
f 192 193 257
f 192 193 256
f 192 193 254
f 192 193 253
f 192 193 253
f 192 193 252
f 192 193 250
f 192 193 250
f 192 189 249
f 192 193 249
f 192 189 247
f 192 193 247
f 192 189 247
f 192 193 247
f 192 189 246
f 192 193 246
f 192 189 242
f 192 193 242
f 192 189 240
f 192 193 240
f 192 189 240
f 192 193 240
f 192 189 239
f 192 193 239
f 192 189 237
f 192 193 237
f 192 189 237
f 192 193 237
f 192 193 189
f 201 243 244
f 201 199 243
f 201 199 243
f 201 247 244
f 201 199 247
f 201 247 248
f 201 199 247
f 201 249 248
f 201 199 249
f 201 250 249
f 201 199 250
f 201 250 251
f 201 199 250
f 201 252 251
f 201 199 252
f 201 253 252
f 201 199 253
f 201 199 253
f 201 259 253
f 201 259 253
f 201 259 199
f 201 199 276
f 201 199 274
f 201 276 277
f 201 199 276
f 201 278 277
f 201 199 278
f 201 278 279
f 201 199 278
f 201 280 279
f 201 199 280
f 201 281 280
f 201 199 281
f 201 281 282
f 201 199 281
f 201 283 282
f 201 199 283
f 201 283 284
f 201 285 284
f 201 286 285
f 201 286 287
f 201 287 290
f 201 291 290
f 201 291 202
f 201 293 202
f 201 294 293
f 201 294 295
f 201 297 295
f 201 297 298
f 201 299 298
f 201 299 300
f 201 301 300
f 201 301 303
f 201 304 303
f 201 304 305
f 201 305 202
f 201 308 202
f 201 308 309
f 201 309 310
f 201 312 310
f 201 312 313
f 201 314 313
f 201 314 316
f 201 317 316
f 201 317 202
f 201 321 202
f 201 321 202
f 201 324 202
f 201 87 88
f 201 87 86
f 201 86 85
f 201 84 85
f 201 84 83
f 201 83 81
f 201 80 81
f 201 80 79
f 201 78 79
f 201 78 77
f 201 77 75
f 201 75 202
f 201 202 73
f 201 71 202
f 201 71 70
f 201 68 70
f 201 68 67
f 201 66 67
f 201 66 65
f 201 64 65
f 201 63 64
f 201 63 62
f 201 62 61
f 201 60 61
f 201 60 59
f 201 59 58
f 201 57 58
f 201 57 56
f 201 199 57
f 201 56 55
f 201 199 56
f 201 54 55
f 201 199 54
f 201 199 54
f 196 194 56
f 196 197 56
f 196 197 194
f 196 194 57
f 196 197 57
f 196 194 57
f 196 197 57
f 196 194 59
f 196 195 194
f 196 197 59
f 196 195 60
f 196 197 60
f 196 259 263
f 196 195 60
f 196 197 60
f 196 259 194
f 196 195 62
f 196 197 62
f 196 270 271
f 196 194 256
f 196 259 256
f 196 259 197
f 196 270 197
f 196 195 63
f 196 197 63
f 196 271 194
f 196 194 254
f 196 197 254
f 196 197 271
f 196 195 63
f 196 197 63
f 196 194 272
f 196 253 194
f 196 197 253
f 196 197 272
f 196 195 64
f 196 197 64
f 196 194 274
f 196 253 252
f 196 197 253
f 196 197 274
f 196 195 66
f 196 197 66
f 196 194 274
f 196 252 194
f 196 197 252
f 196 197 274
f 196 195 66
f 196 197 66
f 196 194 276
f 196 250 194
f 196 197 250
f 196 197 276
f 196 195 68
f 196 197 68
f 196 194 276
f 196 250 249
f 196 197 250
f 196 197 276
f 196 195 68
f 196 197 68
f 196 194 278
f 196 249 194
f 196 197 249
f 196 197 278
f 196 71 195
f 196 197 71
f 196 194 278
f 196 194 247
f 196 197 247
f 196 197 278
f 196 71 195
f 196 197 71
f 196 194 280
f 196 194 247
f 196 197 247
f 196 197 194
f 196 197 280
f 196 195 73
f 196 197 73
f 196 194 281
f 196 197 281
f 196 75 195
f 196 197 75
f 196 194 281
f 196 197 281
f 196 77 75
f 196 197 77
f 196 283 194
f 196 195 283
f 196 197 283
f 196 78 77
f 196 78 197
f 196 195 283
f 196 197 283
f 196 78 195
f 196 78 197
f 196 195 285
f 196 197 285
f 196 80 195
f 196 197 80
f 196 195 286
f 196 197 286
f 196 80 195
f 196 197 80
f 196 195 286
f 196 197 286
f 196 83 195
f 196 197 83
f 196 195 287
f 196 197 287
f 196 84 83
f 196 84 197
f 196 195 291
f 196 197 291
f 196 84 195
f 196 84 197
f 196 195 291
f 196 197 291
f 196 195 86
f 196 197 86
f 196 195 293
f 196 197 293
f 196 87 195
f 196 197 87
f 196 195 294
f 196 197 294
f 196 87 195
f 196 197 87
f 196 195 294
f 196 197 294
f 196 89 195
f 196 89 197
f 196 195 297
f 196 197 297
f 196 195 297
f 196 197 297
f 196 195 299
f 196 197 299
f 196 195 299
f 196 197 299
f 196 195 301
f 196 197 301
f 196 195 324
f 196 197 324
f 196 195 301
f 196 197 301
f 196 195 321
f 196 197 321
f 196 195 304
f 196 197 304
f 196 195 321
f 196 197 321
f 196 195 304
f 196 197 304
f 196 195 317
f 196 197 317
f 196 195 305
f 196 197 305
f 196 195 317
f 196 197 317
f 196 195 308
f 196 197 308
f 196 195 314
f 196 197 314
f 196 195 308
f 196 197 308
f 196 195 314
f 196 197 314
f 196 195 309
f 196 197 309
f 196 195 312
f 196 197 312
f 196 195 312
f 196 197 312
f 590 657 589
f 590 591 657
f 590 583 589
f 590 591 583
f 590 657 580
f 590 591 657
f 590 579 580
f 590 591 579
f 590 579 104
f 590 591 104
f 590 579 102
f 590 591 102
f 590 591 579
f 590 579 105
f 590 591 105
f 590 579 348
f 590 579 105
f 590 349 348
f 590 591 349
f 590 106 105
f 590 591 106
f 590 591 106
f 590 349 350
f 590 591 349
f 590 351 350
f 590 591 351
f 590 352 351
f 590 591 352
f 590 396 589
f 590 352 353
f 590 591 352
f 590 396 589
f 590 354 353
f 590 591 354
f 590 589 394
f 590 354 589
f 590 591 354
f 590 589 394
f 590 356 589
f 590 591 356
f 590 589 392
f 590 356 589
f 590 591 356
f 590 589 392
f 590 358 589
f 590 591 358
f 590 589 390
f 590 358 359
f 590 591 358
f 590 589 390
f 590 360 359
f 590 591 360
f 590 388 589
f 590 360 361
f 590 591 360
f 590 388 387
f 590 362 361
f 590 591 362
f 590 387 386
f 590 362 363
f 590 591 362
f 590 386 589
f 590 364 363
f 590 591 364
f 590 383 589
f 590 364 365
f 590 591 364
f 590 383 382
f 590 591 368
f 590 382 589
f 590 367 365
f 590 368 367
f 590 368 367
f 590 368 369
f 590 591 368
f 590 380 589
f 590 370 369
f 590 591 370
f 590 379 380
f 590 370 589
f 590 591 370
f 590 379 378
f 590 372 589
f 590 591 372
f 590 377 378
f 590 372 589
f 590 591 372
f 590 377 589
f 590 374 589
f 590 591 374
f 590 374 589
f 590 591 374
f 594 596 657
f 594 591 657
f 594 596 582
f 594 591 582
f 594 596 94
f 594 591 583
f 594 596 95
f 594 96 596
f 594 96 596
f 594 596 98
f 594 596 98
f 594 596 99
f 594 596 100
f 594 352 351
f 594 352 110
f 598 596 657
f 598 600 657
f 598 596 582
f 598 600 582
f 598 600 96
f 598 596 95
f 598 96 95
f 598 96 596
f 598 96 596
f 598 600 96
f 598 596 98
f 598 600 98
f 598 596 98
f 598 600 98
f 598 596 99
f 598 600 99
f 598 596 100
f 598 600 100
f 598 113 355
f 598 113 355
f 598 356 355
f 601 603 602
f 601 600 602
f 601 603 364
f 601 603 364
f 601 604 365
f 601 604 603
f 601 604 603
f 601 604 394
f 601 604 396
f 601 603 362
f 601 604 372
f 601 604 542
f 601 604 540
f 601 604 538
f 601 604 538
f 601 604 394
f 601 604 396
f 601 603 362
f 601 604 372
f 601 604 542
f 601 604 537
f 601 604 397
f 601 604 398
f 601 604 392
f 601 603 360
f 601 604 374
f 601 604 534
f 601 399 398
f 601 604 402
f 601 604 392
f 601 603 360
f 601 604 374
f 601 604 533
f 601 604 402
f 601 604 390
f 601 603 358
f 601 604 378
f 601 604 533
f 601 604 406
f 601 604 390
f 601 603 358
f 601 604 379
f 601 604 532
f 601 604 524
f 601 604 388
f 601 358 357
f 601 603 114
f 601 604 379
f 601 604 526
f 601 604 524
f 601 604 388
f 601 603 114
f 601 603 602
f 601 357 114
f 601 604 380
f 601 604 387
f 601 604 382
f 601 604 383
f 601 602 110
f 601 604 383
f 601 110 111
f 601 600 111
f 601 600 110
f 601 602 110
f 601 600 110
f 601 602 108
f 601 600 108
f 601 107 602
f 601 600 107
f 601 107 602
f 601 600 107
f 601 602 106
f 601 600 106
f 601 602 105
f 601 600 105
f 601 600 602
f 92 82 85
f 92 82 93
f 92 82 93
f 92 91 85
f 92 93 657
f 92 91 657
f 92 93 86
f 92 91 86
f 92 579 93
f 92 91 579
f 92 91 86
f 92 579 93
f 92 91 579
f 92 86 88
f 92 93 86
f 92 576 93
f 92 91 576
f 92 88 118
f 92 93 118
f 92 89 88
f 92 89 91
f 92 89 91
f 92 93 139
f 92 91 139
f 92 576 93
f 92 91 576
f 92 93 139
f 92 91 139
f 92 93 333
f 92 91 333
f 92 164 93
f 92 164 91
f 92 93 333
f 92 91 333
f 92 166 164
f 92 166 164
f 92 93 332
f 92 91 332
f 92 168 166
f 92 168 166
f 92 329 93
f 92 329 91
f 92 168 171
f 92 168 91
f 92 329 328
f 92 329 328
f 92 171 174
f 92 91 171
f 92 328 91
f 92 174 176
f 92 91 174
f 92 192 91
f 92 192 328
f 92 192 328
f 92 176 178
f 92 91 176
f 92 180 178
f 92 180 91
f 92 180 181
f 92 180 181
f 92 181 93
f 92 181 91
f 571 572 657
f 571 570 657
f 571 570 572
f 571 570 657
f 571 579 657
f 571 570 415
f 571 570 572
f 571 573 572
f 571 415 580
f 571 579 580
f 571 575 579
f 571 575 573
f 571 414 415
f 571 572 414
f 571 573 414
f 571 573 572
f 571 575 579
f 571 575 573
f 577 579 578
f 577 575 579
f 577 576 578
f 577 575 576
f 577 575 579
f 577 576 411
f 577 579 411
f 577 576 412
f 577 579 412
f 577 579 412
f 577 575 576
f 577 576 409
f 577 579 409
f 577 579 578
f 577 412 413
f 577 575 413
f 577 575 412
f 577 578 409
f 577 409 366
f 577 576 409
f 577 369 366
f 577 578 369
f 577 578 369
f 577 578 359
f 577 576 359
f 577 578 358
f 577 576 358
f 577 578 358
f 577 576 358
f 577 578 356
f 577 576 356
f 577 578 356
f 577 576 356
f 577 354 578
f 577 576 354
f 577 354 578
f 577 576 354
f 577 352 578
f 577 576 352
f 577 576 352
f 90 91 657
f 90 89 657
f 90 89 91
f 90 91 657
f 90 89 657
f 90 89 659
f 90 659 658
f 90 91 658
f 90 89 659
f 90 89 661
f 90 578 661
f 90 91 578
f 90 89 662
f 90 578 662
f 90 89 664
f 90 578 664
f 90 89 665
f 90 578 665
f 90 578 665
f 90 89 665
f 90 91 576
f 90 89 576
f 90 578 666
f 90 89 666
f 90 91 576
f 90 89 576
f 90 578 668
f 90 89 668
f 90 89 573
f 90 578 668
f 90 89 668
f 90 91 574
f 90 573 574
f 90 578 672
f 90 89 672
f 90 89 578
f 90 91 332
f 90 573 572
f 90 89 573
f 90 572 332
f 90 329 91
f 90 329 572
f 90 329 328
f 90 89 328
f 90 329 328
f 90 196 197
f 90 196 89
f 90 328 91
f 90 196 328
f 90 196 89
f 90 192 91
f 90 192 89
f 90 181 91
f 90 89 181
f 90 180 181
f 90 180 89
f 90 180 91
f 90 180 89
f 90 91 176
f 90 89 176
f 90 91 174
f 90 89 174
f 90 91 171
f 90 89 171
f 90 168 91
f 90 89 168
f 90 168 166
f 90 89 168
f 90 166 164
f 90 89 166
f 90 162 164
f 90 89 162
f 90 162 91
f 90 89 162
f 90 91 139
f 90 89 139
f 90 91 139
f 90 89 139
f 90 89 91
f 266 264 468
f 266 267 468
f 266 267 264
f 266 264 468
f 266 267 468
f 266 264 466
f 266 267 466
f 266 264 466
f 266 267 466
f 266 267 463
f 266 267 463
f 266 267 461
f 266 188 267
f 266 188 267
f 266 267 186
f 266 267 183
f 266 264 182
f 266 267 182
f 266 181 264
f 266 267 181
f 266 181 264
f 266 267 181
f 266 264 179
f 266 267 179
f 266 264 175
f 266 267 175
f 266 264 175
f 266 267 175
f 266 267 264
f 269 268 464
f 269 270 464
f 269 270 268
f 269 270 461
f 269 267 461
f 269 267 268
f 269 270 461
f 269 266 461
f 269 266 267
f 269 188 267
f 269 188 270
f 269 270 460
f 269 267 186
f 269 188 267
f 269 188 270
f 269 266 267
f 269 270 458
f 269 192 270
f 269 186 268
f 269 270 186
f 269 270 193
f 269 268 183
f 269 270 183
f 269 196 270
f 269 182 268
f 269 270 182
f 269 270 182
f 269 196 270
f 269 253 252
f 269 270 197
f 269 203 277
f 269 201 276
f 269 270 199
f 269 252 251
f 269 274 458
f 269 276 277
f 269 201 276
f 269 201 199
f 269 274 458
f 269 251 458
f 269 272 458
f 269 199 274
f 269 203 251
f 269 252 203
f 269 251 276
f 269 203 278
f 269 203 278
f 269 251 276
f 269 201 274
f 269 199 272
f 269 271 272
f 269 270 271
f 269 250 251
f 269 250 251
f 269 250 278
f 269 199 271
f 269 270 199
f 269 278 279
f 269 250 279
f 269 250 278
f 327 329 168
f 327 168 167
f 327 329 328
f 327 329 168
f 327 168 169
f 327 329 167
f 327 169 170
f 327 328 169
f 327 165 330
f 327 165 167
f 327 165 167
f 327 369 366
f 327 329 369
f 327 329 328
f 327 171 170
f 327 328 171
f 327 358 325
f 327 358 330
f 327 358 359
f 327 358 359
f 327 370 369
f 327 328 370
f 327 366 361
f 327 360 361
f 327 360 366
f 327 360 359
f 327 360 366
f 327 329 366
f 327 328 171
f 327 356 325
f 327 330 356
f 327 360 359
f 327 328 370
f 327 356 325
f 327 330 356
f 327 376 325
f 327 370 325
f 327 370 376
f 327 328 400
f 327 174 172
f 327 328 174
f 327 354 325
f 327 354 330
f 327 328 400
f 327 328 174
f 327 354 353
f 327 354 353
f 327 328 403
f 327 328 176
f 327 352 353
f 327 352 353
f 327 328 407
f 327 352 351
f 327 352 351
f 327 328 409
f 327 351 350
f 327 351 350
f 327 328 409
f 327 349 330
f 327 349 350
f 327 349 350
f 327 328 411
f 327 328 412
f 327 328 412
f 327 328 414
f 327 328 414
f 187 186 60
f 187 188 60
f 187 188 186
f 187 186 62
f 187 188 62
f 187 186 63
f 187 188 63
f 187 186 63
f 187 188 63
f 187 186 64
f 187 188 64
f 187 186 66
f 187 188 66
f 187 186 66
f 187 188 66
f 187 186 68
f 187 188 68
f 187 188 68
f 187 68 69
f 187 186 68
f 187 188 70
f 187 70 69
f 187 188 71
f 187 71 70
f 187 188 71
f 187 71 185
f 187 188 73
f 187 185 73
f 187 188 75
f 187 75 185
f 187 188 77
f 187 77 75
f 187 188 78
f 187 78 77
f 187 188 78
f 187 78 79
f 187 188 80
f 187 80 79
f 187 188 80
f 187 80 81
f 187 188 83
f 187 83 81
f 187 188 84
f 187 84 83
f 187 188 84
f 187 84 85
f 187 188 86
f 187 86 85
f 187 188 87
f 187 87 86
f 187 188 87
f 187 87 88
f 187 188 89
f 187 184 88
f 187 89 184
f 187 90 89
f 187 90 91
f 187 328 98
f 187 328 96
f 187 92 91
f 187 184 98
f 187 328 184
f 187 328 184
f 187 96 184
f 187 92 93
f 187 324 185
f 187 96 184
f 187 188 324
f 187 93 184
f 187 321 185
f 187 188 321
f 187 321 185
f 187 188 321
f 187 317 185
f 187 186 317
f 187 188 317
f 187 186 317
f 187 188 317
f 187 186 314
f 187 188 314
f 187 186 314
f 187 188 314
f 187 186 312
f 187 188 312
f 187 186 311
f 187 311 312
f 187 188 312
f 187 186 311
f 187 186 309
f 187 188 309
f 187 186 308
f 187 188 308
f 187 186 308
f 187 308 307
f 187 188 308
f 187 186 307
f 187 186 305
f 187 188 305
f 187 186 304
f 187 188 304
f 187 186 304
f 187 188 304
f 187 302 186
f 187 302 301
f 187 188 301
f 187 302 186
f 187 186 301
f 187 188 301
f 187 186 299
f 187 188 299
f 187 186 299
f 187 188 299
f 187 186 297
f 187 188 297
f 187 186 297
f 187 188 297
f 187 186 294
f 187 188 294
f 187 186 294
f 187 188 294
f 187 186 293
f 187 188 293
f 187 186 291
f 187 188 291
f 187 186 291
f 187 188 291
f 187 186 289
f 187 188 289
f 187 186 289
f 187 188 289
f 187 188 186
f 191 189 56
f 191 192 56
f 191 192 189
f 191 189 57
f 191 192 57
f 191 189 57
f 191 192 57
f 191 189 59
f 191 192 59
f 191 189 60
f 191 192 60
f 191 192 60
f 191 192 62
f 191 192 63
f 191 192 63
f 191 192 64
f 191 192 66
f 191 192 66
f 191 192 68
f 191 192 68
f 191 192 70
f 191 192 71
f 191 192 71
f 191 192 73
f 191 192 75
f 191 192 77
f 191 192 78
f 191 192 78
f 191 192 80
f 191 192 80
f 191 192 83
f 191 192 84
f 191 192 84
f 191 192 86
f 191 192 87
f 191 192 87
f 191 192 89
f 191 90 192
f 191 90 192
f 191 92 192
f 191 92 192
f 191 192 328
f 191 192 324
f 191 192 321
f 191 192 321
f 191 192 317
f 191 192 317
f 191 192 314
f 191 192 314
f 191 192 312
f 191 192 312
f 191 192 309
f 191 192 308
f 191 192 308
f 191 192 305
f 191 192 304
f 191 192 304
f 191 192 301
f 191 192 301
f 191 192 299
f 191 192 299
f 191 192 297
f 191 192 297
f 191 192 294
f 191 192 294
f 191 192 293
f 191 192 291
f 191 192 291
f 191 192 289
f 191 192 289
f 191 192 286
f 191 192 286
f 191 189 285
f 191 192 285
f 191 189 283
f 191 192 283
f 191 189 283
f 191 192 283
f 191 189 281
f 191 192 281
f 191 189 281
f 191 192 281
f 191 189 280
f 191 192 280
f 191 189 278
f 191 192 278
f 191 189 278
f 191 192 278
f 191 189 276
f 191 192 276
f 191 189 276
f 191 192 276
f 191 189 274
f 191 192 274
f 191 189 274
f 191 192 274
f 191 189 272
f 191 192 272
f 191 271 189
f 191 192 271
f 191 270 271
f 191 192 270
f 191 269 270
f 191 269 192
f 191 269 266
f 191 269 266
f 191 263 189
f 191 260 189
f 191 263 260
f 191 192 263
f 191 259 260
f 191 192 259
f 191 259 189
f 191 192 259
f 191 189 257
f 191 192 257
f 191 189 256
f 191 192 256
f 191 189 254
f 191 192 254
f 191 253 189
f 191 192 253
f 191 253 189
f 191 192 253
f 191 189 252
f 191 192 252
f 191 250 189
f 191 192 250
f 191 250 189
f 191 192 189
f 191 192 250
f 200 199 283
f 200 201 283
f 200 201 199
f 200 199 285
f 200 201 285
f 200 199 286
f 200 201 286
f 200 199 286
f 200 201 286
f 200 199 287
f 200 201 287
f 200 199 291
f 200 201 291
f 200 199 291
f 200 201 291
f 200 199 293
f 200 201 293
f 200 199 294
f 200 201 294
f 200 199 294
f 200 201 294
f 200 199 297
f 200 201 297
f 200 199 297
f 200 201 297
f 200 199 299
f 200 201 299
f 200 199 299
f 200 201 299
f 200 199 301
f 200 201 301
f 200 199 301
f 200 201 301
f 200 199 304
f 200 201 304
f 200 199 304
f 200 201 304
f 200 199 305
f 200 201 305
f 200 201 308
f 200 198 308
f 200 199 198
f 200 201 308
f 200 198 308
f 200 201 309
f 200 198 309
f 200 201 312
f 200 198 312
f 200 201 312
f 200 198 312
f 200 201 314
f 200 198 314
f 200 201 314
f 200 198 314
f 200 201 317
f 200 198 317
f 200 201 317
f 200 198 317
f 200 201 321
f 200 198 321
f 200 201 321
f 200 198 321
f 200 201 324
f 200 198 324
f 200 197 198
f 200 87 198
f 200 201 87
f 200 201 87
f 200 198 86
f 200 197 87
f 200 197 87
f 200 201 89
f 200 201 86
f 200 84 198
f 200 89 197
f 200 201 84
f 200 90 197
f 200 90 89
f 200 84 83
f 200 90 89
f 200 201 84
f 200 83 198
f 200 201 83
f 200 80 198
f 200 201 80
f 200 80 198
f 200 201 80
f 200 78 198
f 200 201 78
f 200 78 77
f 200 201 78
f 200 77 75
f 200 201 77
f 200 75 198
f 200 201 75
f 200 198 73
f 200 201 73
f 200 71 198
f 200 201 71
f 200 71 198
f 200 201 71
f 200 198 68
f 200 201 68
f 200 198 68
f 200 201 68
f 200 198 66
f 200 201 66
f 200 198 66
f 200 201 66
f 200 198 64
f 200 199 198
f 200 201 64
f 200 199 63
f 200 201 63
f 200 199 63
f 200 201 63
f 200 199 62
f 200 201 62
f 200 199 60
f 200 201 60
f 200 199 60
f 200 201 60
f 200 199 59
f 200 201 59
f 200 199 57
f 200 201 57
f 200 201 199
f 593 591 579
f 593 594 591
f 593 579 94
f 593 594 94
f 593 579 95
f 593 594 95
f 593 579 96
f 593 591 579
f 593 594 96
f 593 591 96
f 593 594 96
f 593 591 98
f 593 594 98
f 593 591 98
f 593 594 98
f 593 591 99
f 593 594 99
f 593 591 100
f 593 594 100
f 593 591 102
f 593 594 102
f 593 594 102
f 593 594 104
f 593 594 105
f 593 594 106
f 593 594 107
f 593 594 107
f 593 351 350
f 593 351 108
f 593 594 108
f 593 594 351
f 593 594 352
f 593 594 352
f 593 594 354
f 593 594 354
f 593 594 356
f 593 594 356
f 593 594 358
f 593 594 358
f 593 594 360
f 593 594 360
f 593 594 362
f 593 594 362
f 593 594 364
f 593 594 364
f 593 594 368
f 593 594 368
f 595 593 394
f 595 593 394
f 595 593 392
f 595 593 392
f 595 593 390
f 595 593 390
f 595 524 406
f 595 593 388
f 595 593 388
f 595 593 387
f 595 387 386
f 595 593 386
f 595 593 383
f 595 593 383
f 595 593 382
f 595 593 380
f 595 593 379
f 595 593 379
f 595 593 377
f 595 593 377
f 595 593 374
f 595 593 374
f 595 593 372
f 595 593 372
f 595 593 370
f 595 593 594
f 595 594 368
f 595 594 368
f 595 596 364
f 595 594 364
f 595 596 364
f 595 594 364
f 595 596 362
f 595 594 362
f 595 596 362
f 595 594 362
f 595 596 360
f 595 594 360
f 595 596 360
f 595 594 360
f 595 596 358
f 595 594 358
f 595 596 358
f 595 594 358
f 595 596 356
f 595 594 356
f 595 596 356
f 595 594 356
f 595 596 354
f 595 594 354
f 595 596 354
f 595 594 354
f 595 353 110
f 595 596 110
f 595 596 353
f 595 352 353
f 595 594 352
f 595 594 352
f 595 596 110
f 595 594 110
f 595 596 108
f 595 594 108
f 595 596 107
f 595 594 107
f 595 596 107
f 595 594 107
f 595 596 106
f 595 594 106
f 595 596 105
f 595 594 105
f 595 596 104
f 595 594 104
f 595 596 102
f 595 594 102
f 595 596 102
f 595 594 102
f 595 594 596
f 584 594 591
f 584 590 591
f 584 594 583
f 584 590 583
f 584 583 588
f 584 586 588
f 584 582 533
f 584 594 596
f 584 587 583
f 584 586 587
f 584 586 587
f 584 533 419
f 584 582 533
f 584 582 534
f 584 598 596
f 584 419 532
f 584 582 537
f 584 582 538
f 584 582 540
f 584 582 542
f 584 601 542
f 584 419 410
f 584 582 410
f 584 582 419
f 584 582 406
f 584 582 538
f 584 582 542
f 584 601 542
f 584 582 406
f 584 604 582
f 584 601 604
f 584 601 604
f 584 582 403
f 584 402 403
f 584 582 402
f 584 582 402
f 584 582 400
f 584 583 582
f 584 583 400
f 584 583 399
f 584 583 397
f 584 583 396
f 584 583 396
f 584 583 394
f 584 583 394
f 584 583 392
f 584 583 392
f 584 583 390
f 584 583 390
f 584 583 388
f 584 583 388
f 584 583 387
f 584 583 386
f 584 383 385
f 584 583 385
f 584 583 382
f 584 583 380
f 584 583 379
f 584 583 379
f 584 583 377
f 584 583 377
f 584 583 374
f 584 583 374
f 584 583 372
f 584 583 372
f 584 583 370
f 584 583 370
f 584 583 367
f 584 583 367
f 584 583 362
f 584 583 362
f 584 583 360
f 584 360 359
f 584 583 360
f 584 358 359
f 584 586 583
f 265 264 463
f 265 266 463
f 265 266 264
f 265 264 463
f 265 266 463
f 265 263 264
f 265 263 461
f 265 266 461
f 265 263 461
f 265 266 461
f 265 188 263
f 265 266 188
f 265 191 263
f 265 191 266
f 265 263 186
f 265 188 263
f 265 266 188
f 265 191 192
f 265 191 266
f 265 259 460
f 265 259 263
f 265 269 460
f 265 269 266
f 265 186 264
f 265 266 186
f 265 192 263
f 265 264 183
f 265 266 183
f 265 266 264
f 265 263 193
f 265 269 192
f 265 269 266
f 265 259 458
f 265 269 458
f 265 259 199
f 265 269 193
f 265 196 263
f 265 259 254
f 265 201 259
f 265 269 201
f 265 269 199
f 265 259 197
f 265 269 196
f 265 253 254
f 265 269 253
f 265 259 253
f 265 201 259
f 265 269 201
f 265 269 197
f 265 196 259
f 265 196 259
f 265 269 196
f 265 259 253
f 265 269 203
f 265 252 203
f 265 253 252
f 265 269 252
f 265 269 253
f 326 171 172
f 326 327 171
f 326 327 171
f 326 172 173
f 326 327 172
f 326 174 173
f 326 327 174
f 326 174 176
f 326 327 174
f 326 176 178
f 326 327 176
f 326 180 178
f 326 180 328
f 326 327 328
f 326 180 324
f 326 180 181
f 326 180 328
f 326 181 182
f 326 328 181
f 326 182 184
f 326 328 182
f 326 184 324
f 326 328 184
f 326 187 324
f 326 187 328
f 326 187 188
f 326 191 192
f 326 191 192
f 326 192 193
f 326 192 193
f 326 192 328
f 326 193 195
f 326 196 195
f 326 196 328
f 326 196 197
f 326 196 197
f 326 200 197
f 326 200 197
f 326 200 201
f 326 201 324
f 326 200 89
f 326 200 201
f 326 205 324
f 326 201 88
f 326 89 328
f 326 201 89
f 326 205 202
f 326 88 202
f 326 328 88
f 326 202 688
f 326 328 448
f 326 328 446
f 326 448 447
f 326 328 448
f 326 205 693
f 326 205 324
f 326 570 688
f 326 570 328
f 326 446 447
f 326 328 446
f 326 449 566
f 326 449 448
f 326 449 448
f 326 328 566
f 326 567 693
f 326 570 567
f 326 570 328
f 326 446 445
f 326 328 445
f 326 566 324
f 326 566 567
f 326 445 443
f 326 328 443
f 326 443 324
f 326 328 441
f 326 324 441
f 326 328 439
f 326 324 439
f 326 328 439
f 326 324 439
f 326 328 436
f 326 436 324
f 326 328 436
f 326 436 435
f 326 328 433
f 326 433 435
f 326 328 431
f 326 431 433
f 326 328 431
f 326 431 324
f 326 328 428
f 326 428 324
f 326 328 428
f 326 428 416
f 326 328 416
f 326 327 328
f 326 415 324
f 326 416 415
f 326 414 415
f 326 327 414
f 326 414 413
f 326 327 414
f 326 412 413
f 326 327 412
f 326 412 411
f 326 327 412
f 326 411 410
f 326 327 411
f 326 409 410
f 326 327 409
f 326 409 407
f 326 327 409
f 326 407 325
f 326 327 407
f 326 325 403
f 326 327 403
f 326 400 325
f 326 327 400
f 326 400 376
f 326 327 376
f 326 327 400
f 190 189 60
f 190 191 60
f 190 191 189
f 190 189 62
f 190 191 62
f 190 189 63
f 190 191 63
f 190 189 63
f 190 191 63
f 190 189 64
f 190 191 64
f 190 189 66
f 190 191 66
f 190 189 66
f 190 191 66
f 190 189 68
f 190 191 68
f 190 191 68
f 190 188 68
f 190 188 189
f 190 191 70
f 190 188 70
f 190 191 71
f 190 188 71
f 190 191 71
f 190 188 71
f 190 191 73
f 190 188 73
f 190 191 75
f 190 188 75
f 190 191 77
f 190 188 77
f 190 191 78
f 190 188 78
f 190 191 78
f 190 188 78
f 190 191 80
f 190 188 80
f 190 191 80
f 190 188 80
f 190 191 83
f 190 188 83
f 190 191 84
f 190 188 84
f 190 191 84
f 190 188 84
f 190 191 86
f 190 188 86
f 190 191 87
f 190 188 87
f 190 191 87
f 190 188 87
f 190 191 89
f 190 188 89
f 190 191 90
f 190 326 188
f 190 326 191
f 190 326 191
f 190 187 188
f 190 187 90
f 190 191 90
f 190 188 324
f 190 191 324
f 190 326 187
f 190 326 187
f 190 187 90
f 190 191 92
f 190 188 321
f 190 191 321
f 190 187 328
f 190 328 96
f 190 187 92
f 190 191 92
f 190 188 321
f 190 191 321
f 190 187 96
f 190 328 93
f 190 191 328
f 190 187 92
f 190 188 317
f 190 191 317
f 190 187 93
f 190 188 317
f 190 191 317
f 190 188 314
f 190 188 189
f 190 191 314
f 190 189 314
f 190 191 314
f 190 189 312
f 190 191 312
f 190 189 312
f 190 191 312
f 190 189 309
f 190 191 309
f 190 189 308
f 190 191 308
f 190 189 308
f 190 191 308
f 190 189 305
f 190 191 305
f 190 189 304
f 190 191 304
f 190 189 304
f 190 191 304
f 190 189 301
f 190 191 301
f 190 189 301
f 190 191 301
f 190 189 299
f 190 191 299
f 190 189 299
f 190 191 299
f 190 189 297
f 190 191 297
f 190 189 297
f 190 191 297
f 190 189 294
f 190 191 294
f 190 189 294
f 190 191 294
f 190 189 293
f 190 191 293
f 190 189 291
f 190 191 291
f 190 189 291
f 190 191 291
f 190 189 289
f 190 191 289
f 190 189 289
f 190 191 289
f 190 189 286
f 190 191 286
f 190 189 286
f 190 191 286
f 190 191 189
f 592 590 396
f 592 590 396
f 592 402 589
f 592 590 394
f 592 595 396
f 592 595 593
f 592 593 394
f 592 595 396
f 592 595 532
f 592 595 526
f 592 588 589
f 592 588 406
f 592 402 589
f 592 595 406
f 592 595 402
f 592 590 394
f 592 593 394
f 592 595 397
f 592 589 397
f 592 590 589
f 592 595 533
f 592 595 406
f 592 587 588
f 592 589 399
f 592 595 402
f 592 590 392
f 592 593 392
f 592 595 399
f 592 589 399
f 592 406 419
f 592 586 587
f 592 595 399
f 592 590 392
f 592 593 392
f 592 590 390
f 592 593 390
f 592 590 390
f 592 593 390
f 592 590 388
f 592 593 388
f 592 590 388
f 592 593 388
f 592 590 387
f 592 593 387
f 592 590 386
f 592 593 386
f 592 590 383
f 592 593 383
f 592 590 383
f 592 593 383
f 592 590 382
f 592 593 382
f 592 590 380
f 592 593 380
f 592 590 379
f 592 593 379
f 592 590 379
f 592 593 379
f 592 590 377
f 592 593 377
f 592 590 377
f 592 590 591
f 592 593 377
f 592 591 374
f 592 593 374
f 592 591 374
f 592 593 374
f 592 591 372
f 592 593 372
f 592 591 372
f 592 593 372
f 592 591 370
f 592 593 370
f 592 591 368
f 592 593 368
f 592 591 368
f 592 593 368
f 592 591 364
f 592 593 364
f 592 591 364
f 592 593 364
f 592 591 362
f 592 593 362
f 592 591 362
f 592 593 362
f 592 591 360
f 592 593 360
f 592 591 360
f 592 593 360
f 592 591 358
f 592 593 358
f 592 591 358
f 592 593 358
f 592 591 356
f 592 593 356
f 592 591 356
f 592 593 356
f 592 591 354
f 592 593 354
f 592 591 354
f 592 593 354
f 592 591 352
f 592 593 352
f 592 591 352
f 592 593 352
f 592 591 351
f 592 593 351
f 592 593 350
f 592 107 350
f 592 591 107
f 592 593 107
f 592 591 107
f 592 593 107
f 592 591 106
f 592 593 106
f 592 591 105
f 592 593 105
f 592 591 104
f 592 593 104
f 592 591 102
f 592 593 102
f 592 593 591
f 585 584 586
f 585 584 590
f 585 592 590
f 585 584 590
f 585 586 588
f 585 592 588
f 585 592 590
f 585 586 587
f 585 592 587
f 585 592 586
f 585 592 593
f 585 592 595
f 585 593 594
f 585 584 594
f 585 584 537
f 585 584 538
f 585 595 533
f 585 592 595
f 585 595 593
f 585 584 534
f 585 584 533
f 585 592 533
f 585 595 594
f 585 584 594
f 585 601 538
f 585 584 538
f 585 584 533
f 585 592 532
f 585 601 540
f 585 584 540
f 585 584 601
f 585 584 532
f 585 592 526
f 585 584 419
f 585 419 526
f 585 592 419
f 585 584 419
f 585 592 406
f 585 592 586
f 585 406 419
f 585 584 406
f 585 586 406
f 585 584 406
f 585 586 402
f 585 584 402
f 585 586 402
f 585 584 402
f 585 586 399
f 585 400 399
f 585 584 400
f 585 584 400
f 585 586 399
f 585 584 399
f 585 586 397
f 585 584 397
f 585 586 396
f 585 584 396
f 585 586 396
f 585 584 396
f 585 586 394
f 585 584 394
f 585 586 394
f 585 584 394
f 585 586 392
f 585 584 392
f 585 586 392
f 585 584 392
f 585 586 390
f 585 584 390
f 585 586 390
f 585 584 390
f 585 586 388
f 585 584 388
f 585 586 388
f 585 584 388
f 585 586 387
f 585 584 387
f 585 586 386
f 585 584 386
f 585 584 383
f 585 383 385
f 585 586 385
f 585 586 383
f 585 586 383
f 585 584 383
f 585 586 382
f 585 584 382
f 585 586 380
f 585 584 380
f 585 586 379
f 585 584 379
f 585 586 379
f 585 584 379
f 585 586 377
f 585 584 377
f 585 586 377
f 585 584 377
f 585 584 374
f 585 374 376
f 585 586 376
f 585 586 374
f 585 586 374
f 585 584 374
f 585 586 372
f 585 584 372
f 585 586 372
f 585 584 372
f 585 586 370
f 585 584 370
f 585 586 370
f 585 584 370
f 585 584 367
f 585 368 367
f 585 586 368
f 585 586 368
f 585 586 367
f 585 584 367
f 585 584 362
f 585 362 363
f 585 586 363
f 585 586 362
f 585 586 362
f 585 584 362
f 585 586 360
f 585 584 360
f 585 586 360
f 585 584 360
f 585 586 358
f 585 584 358
f 585 586 358
f 585 358 580
f 585 584 358
f 585 584 586
f 585 586 356
f 585 579 356
f 585 579 580
f 585 586 579
f 585 586 579
f 599 598 600
f 599 584 598
f 599 601 600
f 599 584 601
f 599 585 584
f 599 598 362
f 599 601 362
f 599 598 362
f 599 601 362
f 599 598 360
f 599 601 360
f 599 601 364
f 599 598 360
f 599 601 360
f 599 601 364
f 599 598 358
f 599 601 358
f 599 601 365
f 599 598 358
f 599 601 358
f 599 370 365
f 599 601 372
f 599 601 399
f 599 598 356
f 599 601 357
f 599 601 372
f 599 601 399
f 599 356 357
f 599 598 356
f 599 601 114
f 599 601 600
f 599 601 374
f 599 601 397
f 599 601 374
f 599 601 396
f 599 113 114
f 599 598 113
f 599 598 113
f 599 600 111
f 599 598 111
f 599 601 378
f 599 601 396
f 599 600 110
f 599 598 110
f 599 601 379
f 599 601 394
f 599 600 110
f 599 598 110
f 599 601 379
f 599 601 394
f 599 600 108
f 599 598 108
f 599 601 380
f 599 601 392
f 599 600 107
f 599 598 107
f 599 601 382
f 599 601 392
f 599 600 107
f 599 598 107
f 599 601 383
f 599 601 390
f 599 600 106
f 599 598 106
f 599 601 383
f 599 601 390
f 599 600 105
f 599 598 105
f 599 601 387
f 599 601 388
f 599 600 104
f 599 598 104
f 599 601 388
f 599 600 102
f 599 598 102
f 599 600 102
f 599 598 102
f 599 598 600
f 597 584 598
f 597 585 584
f 597 585 595
f 597 599 584
f 597 599 585
f 597 595 392
f 597 595 394
f 597 599 392
f 597 595 392
f 597 599 394
f 597 595 394
f 597 599 394
f 597 585 537
f 597 585 538
f 597 599 392
f 597 595 390
f 597 595 396
f 597 599 396
f 597 585 534
f 597 585 595
f 597 601 537
f 597 601 538
f 597 585 601
f 597 599 585
f 597 599 390
f 597 595 390
f 597 595 396
f 597 599 396
f 597 601 534
f 597 595 533
f 597 599 390
f 597 595 388
f 597 595 397
f 597 599 397
f 597 601 533
f 597 595 533
f 597 599 388
f 597 595 388
f 597 595 399
f 597 599 399
f 597 601 533
f 597 595 532
f 597 599 388
f 597 595 387
f 597 595 399
f 597 599 399
f 597 601 532
f 597 595 526
f 597 599 387
f 597 595 383
f 597 595 402
f 597 601 526
f 597 595 524
f 597 599 383
f 597 595 383
f 597 601 402
f 597 599 601
f 597 595 402
f 597 601 524
f 597 595 524
f 597 599 383
f 597 595 382
f 597 601 402
f 597 595 406
f 597 601 524
f 597 599 382
f 597 595 380
f 597 601 406
f 597 599 380
f 597 595 379
f 597 599 379
f 597 595 379
f 597 599 379
f 597 595 377
f 597 595 377
f 597 377 378
f 597 599 378
f 597 595 374
f 597 599 374
f 597 595 374
f 597 599 374
f 597 595 372
f 597 599 372
f 597 595 372
f 597 599 372
f 597 595 370
f 597 599 370
f 597 595 368
f 597 599 370
f 597 368 370
f 597 596 364
f 597 595 368
f 597 595 596
f 597 599 364
f 597 596 364
f 597 599 364
f 597 599 598
f 597 596 362
f 597 598 362
f 597 596 362
f 597 598 362
f 597 596 360
f 597 598 360
f 597 596 360
f 597 598 360
f 597 596 358
f 597 598 358
f 597 596 358
f 597 598 358
f 597 596 356
f 597 598 356
f 597 596 356
f 597 598 356
f 597 598 355
f 597 354 355
f 597 596 354
f 597 596 354
f 597 596 111
f 597 598 111
f 597 596 110
f 597 598 110
f 597 596 110
f 597 598 110
f 597 596 108
f 597 598 108
f 597 596 107
f 597 598 107
f 597 596 107
f 597 598 107
f 597 596 106
f 597 598 106
f 597 596 105
f 597 598 105
f 597 596 104
f 597 598 104
f 597 596 102
f 597 598 102
f 597 596 102
f 597 598 102
f 597 598 596
