# King Wen sovereign avatar mesh
# hex63_phase7.ply
# vertices=729 faces=8803
o kingwen_avatar
v 0.167354 0.000266 0.083677 0.309804 0.305882 0.317647
v 0.169076 0.001726 0.083479 0.309804 0.305882 0.317647
v 0.170244 0.003205 0.082623 0.309804 0.305882 0.317647
v 0.171921 0.004720 0.081637 0.309804 0.305882 0.317647
v 0.173569 0.006262 0.080262 0.309804 0.305882 0.317647
v 0.175186 0.007833 0.078506 0.309804 0.305882 0.317647
v 0.176209 0.009401 0.076137 0.309804 0.305882 0.317647
v 0.177742 0.011020 0.073653 0.309804 0.305882 0.317647
v 0.178663 0.012624 0.070596 0.309804 0.305882 0.317647
v 0.180094 0.014286 0.067435 0.309804 0.305882 0.317647
v 0.180895 0.015919 0.063751 0.309804 0.305882 0.317647
v 0.181629 0.017563 0.059788 0.309804 0.305882 0.317647
v 0.182874 0.019275 0.055743 0.309804 0.305882 0.317647
v 0.184052 0.021005 0.051433 0.309804 0.305882 0.317647
v 0.185160 0.022750 0.046878 0.309804 0.305882 0.317647
v 0.186193 0.024507 0.042101 0.309804 0.305882 0.317647
v 0.186551 0.026192 0.037005 0.309804 0.305882 0.317647
v 0.251553 0.037532 0.042772 0.309804 0.305882 0.317647
v 0.252610 0.039919 0.035674 0.309804 0.305882 0.317647
v 0.254761 0.042512 0.028541 0.309804 0.305882 0.317647
v 0.256799 0.045131 0.021203 0.309804 0.305882 0.317647
v 0.257507 0.047547 0.013629 0.309804 0.305882 0.317647
v 0.258088 0.049958 0.005990 0.309804 0.305882 0.317647
v 0.257931 0.052238 -0.001674 0.309804 0.305882 0.317647
v 0.257642 0.054495 -0.009293 0.309804 0.305882 0.317647
v 0.258443 0.056996 -0.016913 0.309804 0.305882 0.317647
v 0.258500 0.059349 -0.024429 0.309804 0.305882 0.317647
v 0.257812 0.061535 -0.031755 0.309804 0.305882 0.317647
v 0.256991 0.063685 -0.038895 0.309804 0.305882 0.317647
v 0.255427 0.065639 -0.045707 0.309804 0.305882 0.317647
v 0.254342 0.067703 -0.052361 0.309804 0.305882 0.317647
v 0.253127 0.069721 -0.058735 0.309804 0.305882 0.317647
v 0.251785 0.071692 -0.064799 0.309804 0.305882 0.317647
v 0.250920 0.073789 -0.070696 0.309804 0.305882 0.317647
v 0.249927 0.075844 -0.076257 0.309804 0.305882 0.317647
v 0.248210 0.077665 -0.081259 0.309804 0.305882 0.317647
v 0.246374 0.079428 -0.085852 0.309804 0.305882 0.317647
v 0.243832 0.080935 -0.089796 0.309804 0.305882 0.317647
v 0.241186 0.082371 -0.093273 0.309804 0.305882 0.317647
v 0.238441 0.083736 -0.096271 0.309804 0.305882 0.317647
v 0.236183 0.085236 -0.099023 0.309804 0.305882 0.317647
v 0.233828 0.086671 -0.101291 0.309804 0.305882 0.317647
v 0.231380 0.088040 -0.103067 0.309804 0.305882 0.317647
v 0.228278 0.089119 -0.104085 0.309804 0.305882 0.317647
v 0.225665 0.090348 -0.104857 0.309804 0.305882 0.317647
v 0.223531 0.091737 -0.105389 0.309804 0.305882 0.317647
v 0.220764 0.092833 -0.105158 0.309804 0.305882 0.317647
v 0.217931 0.093860 -0.104429 0.309804 0.305882 0.317647
v 0.215036 0.094819 -0.103206 0.309804 0.305882 0.317647
v 0.212087 0.095710 -0.101499 0.309804 0.305882 0.317647
v 0.209616 0.096778 -0.099569 0.309804 0.305882 0.317647
v 0.206569 0.097540 -0.096921 0.309804 0.305882 0.317647
v 0.203998 0.098485 -0.094063 0.309804 0.305882 0.317647
v 0.200876 0.099121 -0.090529 0.309804 0.305882 0.317647
v 0.198228 0.099949 -0.086802 0.309804 0.305882 0.317647
v 0.195548 0.100720 -0.082662 0.309804 0.305882 0.317647
v 0.192353 0.101182 -0.077932 0.309804 0.305882 0.317647
v 0.189631 0.101846 -0.073041 0.309804 0.305882 0.317647
v 0.186893 0.102461 -0.067802 0.309804 0.305882 0.317647
v 0.184145 0.103028 -0.062242 0.309804 0.305882 0.317647
v 0.181393 0.103551 -0.056385 0.309804 0.305882 0.317647
v 0.178642 0.104032 -0.050261 0.309804 0.305882 0.317647
v 0.176343 0.104739 -0.044009 0.309804 0.305882 0.317647
v 0.174480 0.105678 -0.037609 0.309804 0.305882 0.317647
v 0.172176 0.106321 -0.030886 0.309804 0.305882 0.317647
v 0.170305 0.107204 -0.024042 0.309804 0.305882 0.317647
v 0.168017 0.107797 -0.016970 0.309804 0.305882 0.317647
v 0.166570 0.108907 -0.009831 0.309804 0.305882 0.317647
v 0.164717 0.109733 -0.002531 0.309804 0.305882 0.317647
v 0.161684 0.109736 0.004818 0.309804 0.305882 0.317647
v 0.159494 0.110270 0.012168 0.309804 0.305882 0.317647
v 0.157343 0.110799 0.019496 0.309804 0.305882 0.317647
v 0.155613 0.111600 0.026832 0.309804 0.305882 0.317647
v 0.153918 0.112405 0.034111 0.309804 0.305882 0.317647
v 0.151894 0.112947 0.041197 0.309804 0.305882 0.317647
v 0.149923 0.113501 0.048120 0.309804 0.305882 0.317647
v 0.148367 0.114348 0.054979 0.309804 0.305882 0.317647
v 0.145805 0.114391 0.061197 0.309804 0.305882 0.317647
v 0.132242 0.105603 0.061904 0.309804 0.305882 0.317647
v 0.117715 0.095675 0.060675 0.309804 0.305882 0.317647
v 0.115060 0.095176 0.064590 0.309804 0.305882 0.317647
v 0.113494 0.095540 0.068726 0.309804 0.305882 0.317647
v 0.112321 0.096219 0.072749 0.309804 0.305882 0.317647
v 0.111206 0.096938 0.076446 0.309804 0.305882 0.317647
v 0.110149 0.097701 0.079800 0.309804 0.305882 0.317647
v 0.109152 0.098510 0.082791 0.309804 0.305882 0.317647
v 0.108214 0.099369 0.085404 0.309804 0.305882 0.317647
v 0.107337 0.100282 0.087623 0.309804 0.305882 0.317647
v 0.106213 0.100961 0.089180 0.309804 0.305882 0.317647
v 0.105458 0.101988 0.090573 0.309804 0.305882 0.317647
v 0.104462 0.102781 0.091278 0.309804 0.305882 0.317647
v 0.103826 0.103932 0.091813 0.309804 0.305882 0.317647
v 0.102952 0.104849 0.091649 0.309804 0.305882 0.317647
v 0.102138 0.105830 0.091050 0.309804 0.305882 0.317647
v 0.101382 0.106875 0.090018 0.309804 0.305882 0.317647
v 0.100682 0.107986 0.088558 0.309804 0.305882 0.317647
v 0.100036 0.109164 0.086678 0.309804 0.305882 0.317647
v 0.099155 0.110093 0.084144 0.309804 0.305882 0.317647
v 0.098609 0.111403 0.081458 0.309804 0.305882 0.317647
v 0.097827 0.112457 0.078161 0.309804 0.305882 0.317647
v 0.097369 0.113898 0.074725 0.309804 0.305882 0.317647
v 0.096949 0.115407 0.070934 0.309804 0.305882 0.317647
v 0.096288 0.116646 0.066614 0.309804 0.305882 0.317647
v 0.095660 0.117942 0.062002 0.309804 0.305882 0.317647
v 0.095063 0.119293 0.057122 0.309804 0.305882 0.317647
v 0.094493 0.120697 0.051999 0.309804 0.305882 0.317647
v 0.093945 0.122151 0.046658 0.309804 0.305882 0.317647
v 0.093416 0.123655 0.041126 0.309804 0.305882 0.317647
v 0.092902 0.125204 0.035431 0.309804 0.305882 0.317647
v 0.092400 0.126797 0.029600 0.309804 0.305882 0.317647
v 0.091906 0.128430 0.023663 0.309804 0.305882 0.317647
v 0.091416 0.130100 0.017649 0.309804 0.305882 0.317647
v 0.090927 0.131804 0.011586 0.309804 0.305882 0.317647
v 0.090434 0.133538 0.005504 0.309804 0.305882 0.317647
v 0.090204 0.135702 -0.000570 0.309804 0.305882 0.317647
v 0.089694 0.137492 -0.006621 0.309804 0.305882 0.317647
v 0.089439 0.139718 -0.012643 0.309804 0.305882 0.317647
v 0.088900 0.141547 -0.018549 0.309804 0.305882 0.317647
v 0.088607 0.143818 -0.024404 0.309804 0.305882 0.317647
v 0.088025 0.145671 -0.030053 0.309804 0.305882 0.317647
v 0.087683 0.147970 -0.035633 0.309804 0.305882 0.317647
v 0.087311 0.150280 -0.041043 0.309804 0.305882 0.317647
v 0.086906 0.152597 -0.046258 0.309804 0.305882 0.317647
v 0.086467 0.154916 -0.051253 0.309804 0.305882 0.317647
v 0.085991 0.157232 -0.056005 0.309804 0.305882 0.317647
v 0.085733 0.160021 -0.060672 0.309804 0.305882 0.317647
v 0.085430 0.162811 -0.065078 0.309804 0.305882 0.317647
v 0.085586 0.166584 -0.069610 0.309804 0.305882 0.317647
v 0.086190 0.171375 -0.074312 0.309804 0.305882 0.317647
v 0.085977 0.174687 -0.078084 0.309804 0.305882 0.317647
v 0.085706 0.177992 -0.081521 0.309804 0.305882 0.317647
v 0.085375 0.181286 -0.084604 0.309804 0.305882 0.317647
v 0.084740 0.184037 -0.087062 0.309804 0.305882 0.317647
v 0.084047 0.186752 -0.089119 0.309804 0.305882 0.317647
v 0.083058 0.188888 -0.090502 0.309804 0.305882 0.317647
v 0.082015 0.190966 -0.091456 0.309804 0.305882 0.317647
v 0.080918 0.192981 -0.091975 0.309804 0.305882 0.317647
v 0.079539 0.194374 -0.091795 0.309804 0.305882 0.317647
v 0.078113 0.195685 -0.091179 0.309804 0.305882 0.317647
v 0.076421 0.196344 -0.089874 0.309804 0.305882 0.317647
v 0.074691 0.196904 -0.088153 0.309804 0.305882 0.317647
v 0.072713 0.196787 -0.085779 0.309804 0.305882 0.317647
v 0.070918 0.197138 -0.083274 0.309804 0.305882 0.317647
v 0.069296 0.197969 -0.080637 0.309804 0.305882 0.317647
v 0.067635 0.198702 -0.077632 0.309804 0.305882 0.317647
v 0.066135 0.199925 -0.074496 0.309804 0.305882 0.317647
v 0.064591 0.201053 -0.071007 0.309804 0.305882 0.317647
v 0.063192 0.202681 -0.067378 0.309804 0.305882 0.317647
v 0.061562 0.203613 -0.063220 0.309804 0.305882 0.317647
v 0.060071 0.205046 -0.058934 0.309804 0.305882 0.317647
v 0.058364 0.205774 -0.054182 0.309804 0.305882 0.317647
v 0.056789 0.207003 -0.049316 0.309804 0.305882 0.317647
v 0.055174 0.208129 -0.044187 0.309804 0.305882 0.317647
v 0.053519 0.209149 -0.038815 0.309804 0.305882 0.317647
v 0.051828 0.210062 -0.033227 0.309804 0.305882 0.317647
v 0.050102 0.210866 -0.027447 0.309804 0.305882 0.317647
v 0.048345 0.211562 -0.021503 0.309804 0.305882 0.317647
v 0.046559 0.212149 -0.015420 0.309804 0.305882 0.317647
v 0.044618 0.212014 -0.009203 0.309804 0.305882 0.317647
v 0.042787 0.212381 -0.002950 0.309804 0.305882 0.317647
v 0.041052 0.213249 0.003363 0.309804 0.305882 0.317647
v 0.039177 0.213398 0.009704 0.309804 0.305882 0.317647
v 0.037286 0.213439 0.016035 0.309804 0.305882 0.317647
v 0.035382 0.213373 0.022325 0.309804 0.305882 0.317647
v 0.033468 0.213203 0.028545 0.309804 0.305882 0.317647
v 0.031547 0.212929 0.034663 0.309804 0.305882 0.317647
v 0.029705 0.213153 0.040765 0.309804 0.305882 0.317647
v 0.027772 0.212677 0.046607 0.309804 0.305882 0.317647
v 0.025841 0.212106 0.052260 0.309804 0.305882 0.317647
v 0.023912 0.211442 0.057694 0.309804 0.305882 0.317647
v 0.021990 0.210689 0.062883 0.309804 0.305882 0.317647
v 0.020131 0.210430 0.067987 0.309804 0.305882 0.317647
v 0.018221 0.209505 0.072619 0.309804 0.305882 0.317647
v 0.016325 0.208502 0.076930 0.309804 0.305882 0.317647
v 0.014443 0.207425 0.080896 0.309804 0.305882 0.317647
v 0.012578 0.206279 0.084498 0.309804 0.305882 0.317647
v 0.010731 0.205069 0.087715 0.309804 0.305882 0.317647
v 0.008880 0.203246 0.090285 0.309804 0.305882 0.317647
v 0.007079 0.201927 0.092678 0.309804 0.305882 0.317647
v 0.005301 0.200559 0.094640 0.309804 0.305882 0.317647
v 0.003546 0.199148 0.096161 0.309804 0.305882 0.317647
v 0.001811 0.197166 0.096969 0.309804 0.305882 0.317647
v 0.000111 0.195689 0.097578 0.309804 0.305882 0.317647
v -0.001560 0.193665 0.097462 0.309804 0.305882 0.317647
v -0.003204 0.192146 0.097143 0.309804 0.305882 0.317647
v -0.004809 0.190101 0.096101 0.309804 0.305882 0.317647
v -0.006379 0.188058 0.094602 0.309804 0.305882 0.317647
v -0.007916 0.186023 0.092653 0.309804 0.305882 0.317647
v -0.009445 0.184494 0.090506 0.309804 0.305882 0.317647
v -0.010919 0.182485 0.087681 0.309804 0.305882 0.317647
v -0.012330 0.180017 0.084213 0.309804 0.305882 0.317647
v -0.013739 0.178067 0.080579 0.309804 0.305882 0.317647
v -0.015120 0.176152 0.076562 0.309804 0.305882 0.317647
v -0.016473 0.174277 0.072182 0.309804 0.305882 0.317647
v -0.017753 0.171984 0.067277 0.309804 0.305882 0.317647
v -0.019054 0.170207 0.062247 0.309804 0.305882 0.317647
v -0.020278 0.168032 0.056767 0.309804 0.305882 0.317647
v -0.021476 0.165924 0.051047 0.309804 0.305882 0.317647
v -0.022712 0.164331 0.045238 0.309804 0.305882 0.317647
v -0.023867 0.162363 0.039107 0.309804 0.305882 0.317647
v -0.025004 0.160473 0.032824 0.309804 0.305882 0.317647
v -0.026125 0.158663 0.026419 0.309804 0.305882 0.317647
v -0.027232 0.156935 0.019923 0.309804 0.305882 0.317647
v -0.028328 0.155292 0.013367 0.309804 0.305882 0.317647
v -0.029415 0.153735 0.006784 0.309804 0.305882 0.317647
v -0.030581 0.152686 0.000206 0.309804 0.305882 0.317647
v -0.031662 0.151303 -0.006356 0.309804 0.305882 0.317647
v -0.032834 0.150426 -0.012888 0.309804 0.305882 0.317647
v -0.033922 0.149221 -0.019304 0.309804 0.305882 0.317647
v -0.035014 0.148108 -0.025594 0.309804 0.305882 0.317647
v -0.036214 0.147495 -0.031815 0.309804 0.305882 0.317647
v -0.037327 0.146562 -0.037780 0.309804 0.305882 0.317647
v -0.038560 0.146125 -0.043653 0.309804 0.305882 0.317647
v -0.039814 0.145775 -0.049320 0.309804 0.305882 0.317647
v -0.040979 0.145107 -0.054599 0.309804 0.305882 0.317647
v -0.042281 0.144929 -0.059756 0.309804 0.305882 0.317647
v -0.043612 0.144836 -0.064630 0.309804 0.305882 0.317647
v -0.045099 0.145228 -0.069389 0.309804 0.305882 0.317647
v -0.046497 0.145298 -0.073638 0.309804 0.305882 0.317647
v -0.048197 0.146256 -0.077968 0.309804 0.305882 0.317647
v -0.050088 0.147697 -0.082194 0.309804 0.305882 0.317647
v -0.051900 0.148812 -0.085852 0.309804 0.305882 0.317647
v -0.053770 0.150004 -0.089134 0.309804 0.305882 0.317647
v -0.055700 0.151269 -0.092020 0.309804 0.305882 0.317647
v -0.057690 0.152606 -0.094493 0.309804 0.305882 0.317647
v -0.059585 0.153602 -0.096278 0.309804 0.305882 0.317647
v -0.061534 0.154660 -0.097613 0.309804 0.305882 0.317647
v -0.063370 0.155363 -0.098226 0.309804 0.305882 0.317647
v -0.065078 0.155700 -0.098109 0.309804 0.305882 0.317647
v -0.066823 0.156080 -0.097527 0.309804 0.305882 0.317647
v -0.068604 0.156497 -0.096484 0.309804 0.305882 0.317647
v -0.070420 0.156947 -0.094989 0.309804 0.305882 0.317647
v -0.072075 0.156998 -0.092797 0.309804 0.305882 0.317647
v -0.073751 0.157066 -0.090186 0.309804 0.305882 0.317647
v -0.075655 0.157576 -0.087410 0.309804 0.305882 0.317647
v -0.077803 0.158532 -0.084465 0.309804 0.305882 0.317647
v -0.080209 0.159935 -0.081340 0.309804 0.305882 0.317647
v -0.082442 0.160911 -0.077598 0.309804 0.305882 0.317647
v -0.084942 0.162329 -0.073687 0.309804 0.305882 0.317647
v -0.087491 0.163749 -0.069403 0.309804 0.305882 0.317647
v -0.090086 0.165164 -0.064764 0.309804 0.305882 0.317647
v -0.092725 0.166571 -0.059790 0.309804 0.305882 0.317647
v -0.095405 0.167962 -0.054503 0.309804 0.305882 0.317647
v -0.098124 0.169334 -0.048927 0.309804 0.305882 0.317647
v -0.100879 0.170680 -0.043088 0.309804 0.305882 0.317647
v -0.103668 0.171997 -0.037011 0.309804 0.305882 0.317647
v -0.106203 0.172816 -0.030643 0.309804 0.305882 0.317647
v -0.109041 0.174054 -0.024194 0.309804 0.305882 0.317647
v -0.111903 0.175246 -0.017594 0.309804 0.305882 0.317647
v -0.114784 0.176387 -0.010876 0.309804 0.305882 0.317647
v -0.117680 0.177474 -0.004070 0.309804 0.305882 0.317647
v -0.120589 0.178501 0.002792 0.309804 0.305882 0.317647
v -0.123181 0.178992 0.009651 0.309804 0.305882 0.317647
v -0.126094 0.179885 0.016508 0.309804 0.305882 0.317647
v -0.129006 0.180705 0.023322 0.309804 0.305882 0.317647
v -0.131568 0.180975 0.029982 0.309804 0.305882 0.317647
v -0.134459 0.181639 0.036594 0.309804 0.305882 0.317647
v -0.137335 0.182220 0.043067 0.309804 0.305882 0.317647
v -0.139829 0.182239 0.049239 0.309804 0.305882 0.317647
v -0.142657 0.182644 0.055321 0.309804 0.305882 0.317647
v -0.145081 0.182483 0.061012 0.309804 0.305882 0.317647
v -0.147460 0.182229 0.066413 0.309804 0.305882 0.317647
v -0.149791 0.181881 0.071499 0.309804 0.305882 0.317647
v -0.152068 0.181437 0.076244 0.309804 0.305882 0.317647
v -0.154289 0.180896 0.080627 0.309804 0.305882 0.317647
v -0.156449 0.180259 0.084627 0.309804 0.305882 0.317647
v -0.158545 0.179524 0.088225 0.309804 0.305882 0.317647
v -0.160572 0.178691 0.091404 0.309804 0.305882 0.317647
v -0.162528 0.177762 0.094148 0.309804 0.305882 0.317647
v -0.164409 0.176736 0.096444 0.309804 0.305882 0.317647
v -0.166212 0.175615 0.098283 0.309804 0.305882 0.317647
v -0.167497 0.173945 0.099395 0.309804 0.305882 0.317647
v -0.169132 0.172639 0.100290 0.309804 0.305882 0.317647
v -0.170680 0.171242 0.100709 0.309804 0.305882 0.317647
v -0.172140 0.169755 0.100649 0.309804 0.305882 0.317647
v -0.173509 0.168181 0.100111 0.309804 0.305882 0.317647
v -0.174787 0.166521 0.099097 0.309804 0.305882 0.317647
v -0.175971 0.164780 0.097612 0.309804 0.305882 0.317647
v -0.177060 0.162958 0.095664 0.309804 0.305882 0.317647
v -0.178053 0.161060 0.093260 0.309804 0.305882 0.317647
v -0.178950 0.159088 0.090413 0.309804 0.305882 0.317647
v -0.179749 0.157046 0.087137 0.309804 0.305882 0.317647
v -0.180451 0.154937 0.083447 0.309804 0.305882 0.317647
v -0.181056 0.152765 0.079360 0.309804 0.305882 0.317647
v -0.181564 0.150534 0.074896 0.309804 0.305882 0.317647
v -0.181975 0.148248 0.070076 0.309804 0.305882 0.317647
v -0.182292 0.145910 0.064922 0.309804 0.305882 0.317647
v -0.182514 0.143525 0.059461 0.309804 0.305882 0.317647
v -0.182645 0.141096 0.053717 0.309804 0.305882 0.317647
v -0.182684 0.138629 0.047717 0.309804 0.305882 0.317647
v -0.182635 0.136127 0.041491 0.309804 0.305882 0.317647
v -0.182975 0.133943 0.035159 0.309804 0.305882 0.317647
v -0.182755 0.131379 0.028551 0.309804 0.305882 0.317647
v -0.182455 0.128792 0.021808 0.309804 0.305882 0.317647
v -0.182077 0.126188 0.014962 0.309804 0.305882 0.317647
v -0.181624 0.123571 0.008044 0.309804 0.305882 0.317647
v -0.181572 0.121259 0.001091 0.309804 0.305882 0.317647
v -0.180980 0.118621 -0.005888 0.309804 0.305882 0.317647
v -0.180793 0.116283 -0.012873 0.309804 0.305882 0.317647
v -0.180077 0.113641 -0.019781 0.309804 0.305882 0.317647
v -0.179308 0.111006 -0.026595 0.309804 0.305882 0.317647
v -0.178950 0.108662 -0.033369 0.309804 0.305882 0.317647
v -0.178542 0.106319 -0.040018 0.309804 0.305882 0.317647
v -0.178090 0.103981 -0.046510 0.309804 0.305882 0.317647
v -0.177143 0.101391 -0.052679 0.309804 0.305882 0.317647
v -0.176618 0.099080 -0.058747 0.309804 0.305882 0.317647
v -0.176063 0.096783 -0.064566 0.309804 0.305882 0.317647
v -0.175484 0.094504 -0.070107 0.309804 0.305882 0.317647
v -0.174885 0.092246 -0.075340 0.309804 0.305882 0.317647
v -0.174272 0.090012 -0.080240 0.309804 0.305882 0.317647
v -0.173213 0.087582 -0.084568 0.309804 0.305882 0.317647
v -0.173028 0.085624 -0.088942 0.309804 0.305882 0.317647
v -0.172408 0.083475 -0.092698 0.309804 0.305882 0.317647
v -0.171797 0.081359 -0.096030 0.309804 0.305882 0.317647
v -0.171200 0.079277 -0.098920 0.309804 0.305882 0.317647
v -0.170623 0.077231 -0.101353 0.309804 0.305882 0.317647
v -0.169648 0.075035 -0.103056 0.309804 0.305882 0.317647
v -0.169131 0.073070 -0.104529 0.309804 0.305882 0.317647
v -0.168650 0.071143 -0.105510 0.309804 0.305882 0.317647
v -0.167795 0.069085 -0.105730 0.309804 0.305882 0.317647
v -0.167407 0.067244 -0.105710 0.309804 0.305882 0.317647
v -0.166658 0.065280 -0.104924 0.309804 0.305882 0.317647
v -0.165970 0.063367 -0.103639 0.309804 0.305882 0.317647
v -0.165348 0.061502 -0.101863 0.309804 0.305882 0.317647
v -0.164795 0.059684 -0.099602 0.309804 0.305882 0.317647
v -0.163909 0.057770 -0.096627 0.309804 0.305882 0.317647
v -0.163509 0.056050 -0.093441 0.309804 0.305882 0.317647
v -0.162784 0.054238 -0.089587 0.309804 0.305882 0.317647
v -0.162143 0.052476 -0.085326 0.309804 0.305882 0.317647
v -0.161590 0.050763 -0.080681 0.309804 0.305882 0.317647
v -0.161529 0.049218 -0.075866 0.309804 0.305882 0.317647
v -0.161155 0.047590 -0.070513 0.309804 0.305882 0.317647
v -0.160873 0.046003 -0.064852 0.309804 0.305882 0.317647
v -0.160684 0.044455 -0.058911 0.309804 0.305882 0.317647
v -0.160588 0.042942 -0.052720 0.309804 0.305882 0.317647
v -0.160586 0.041461 -0.046310 0.309804 0.305882 0.317647
v -0.160677 0.040011 -0.039712 0.309804 0.305882 0.317647
v -0.160861 0.038587 -0.032958 0.309804 0.305882 0.317647
v -0.161137 0.037188 -0.026082 0.309804 0.305882 0.317647
v -0.161917 0.035901 -0.019166 0.309804 0.305882 0.317647
v -0.162376 0.034537 -0.012128 0.309804 0.305882 0.317647
v -0.163341 0.033273 -0.005082 0.309804 0.305882 0.317647
v -0.164397 0.032015 0.001989 0.309804 0.305882 0.317647
v -0.165542 0.030760 0.009051 0.309804 0.305882 0.317647
v -0.166348 0.029429 0.016028 0.309804 0.305882 0.317647
v -0.167662 0.028173 0.022952 0.309804 0.305882 0.317647
v -0.169058 0.026912 0.029767 0.309804 0.305882 0.317647
v -0.170534 0.025642 0.036441 0.309804 0.305882 0.317647
v -0.172085 0.024360 0.042942 0.309804 0.305882 0.317647
v -0.173262 0.023005 0.049112 0.309804 0.305882 0.317647
v -0.174950 0.021697 0.055159 0.309804 0.305882 0.317647
v -0.176701 0.020369 0.060943 0.309804 0.305882 0.317647
v -0.178512 0.019020 0.066439 0.309804 0.305882 0.317647
v -0.180379 0.017648 0.071618 0.309804 0.305882 0.317647
v -0.182765 0.016293 0.076654 0.309804 0.305882 0.317647
v -0.184732 0.014864 0.081141 0.309804 0.305882 0.317647
v -0.186739 0.013407 0.085243 0.309804 0.305882 0.317647
v -0.188782 0.011919 0.088939 0.309804 0.305882 0.317647
v -0.190854 0.010399 0.092213 0.309804 0.305882 0.317647
v -0.193444 0.008869 0.095292 0.309804 0.305882 0.317647
v -0.195563 0.007278 0.097682 0.309804 0.305882 0.317647
v -0.197694 0.005651 0.099608 0.309804 0.305882 0.317647
v -0.199832 0.003989 0.101060 0.309804 0.305882 0.317647
v -0.201969 0.002290 0.102033 0.309804 0.305882 0.317647
v -0.204100 0.000555 0.102520 0.309804 0.305882 0.317647
v -0.219942 -0.001297 0.109342 0.309804 0.305882 0.317647
v -0.222182 -0.003226 0.108822 0.309804 0.305882 0.317647
v -0.224396 -0.005192 0.107786 0.309804 0.305882 0.317647
v -0.226577 -0.007197 0.106236 0.309804 0.305882 0.317647
v -0.228720 -0.009239 0.104183 0.309804 0.305882 0.317647
v -0.230817 -0.011317 0.101634 0.309804 0.305882 0.317647
v -0.233421 -0.013463 0.098838 0.309804 0.305882 0.317647
v -0.235413 -0.015614 0.095329 0.309804 0.305882 0.317647
v -0.237340 -0.017798 0.091367 0.309804 0.305882 0.317647
v -0.239198 -0.020012 0.086971 0.309804 0.305882 0.317647
v -0.240980 -0.022254 0.082161 0.309804 0.305882 0.317647
v -0.242681 -0.024522 0.076961 0.309804 0.305882 0.317647
v -0.244295 -0.026814 0.071395 0.309804 0.305882 0.317647
v -0.245228 -0.029058 0.065333 0.309804 0.305882 0.317647
v -0.246651 -0.031384 0.059132 0.309804 0.305882 0.317647
v -0.247972 -0.033727 0.052649 0.309804 0.305882 0.317647
v -0.248590 -0.035996 0.045806 0.309804 0.305882 0.317647
v -0.249693 -0.038356 0.038872 0.309804 0.305882 0.317647
v -0.250684 -0.040722 0.031753 0.309804 0.305882 0.317647
v -0.250953 -0.042989 0.024425 0.309804 0.305882 0.317647
v -0.251706 -0.045355 0.017056 0.309804 0.305882 0.317647
v -0.251729 -0.047602 0.009583 0.309804 0.305882 0.317647
v -0.251624 -0.049833 0.002101 0.309804 0.305882 0.317647
v -0.252002 -0.052169 -0.005368 0.309804 0.305882 0.317647
v -0.251641 -0.054360 -0.012780 0.309804 0.305882 0.317647
v -0.251151 -0.056524 -0.020096 0.309804 0.305882 0.317647
v -0.251141 -0.058800 -0.027347 0.309804 0.305882 0.317647
v -0.250390 -0.060905 -0.034385 0.309804 0.305882 0.317647
v -0.250120 -0.063128 -0.041325 0.309804 0.305882 0.317647
v -0.249720 -0.065321 -0.048070 0.309804 0.305882 0.317647
v -0.249189 -0.067483 -0.054585 0.309804 0.305882 0.317647
v -0.248529 -0.069608 -0.060842 0.309804 0.305882 0.317647
v -0.247741 -0.071696 -0.066809 0.309804 0.305882 0.317647
v -0.246825 -0.073742 -0.072459 0.309804 0.305882 0.317647
v -0.245784 -0.075745 -0.077764 0.309804 0.305882 0.317647
v -0.245217 -0.077890 -0.082902 0.309804 0.305882 0.317647
v -0.243928 -0.079802 -0.087456 0.309804 0.305882 0.317647
v -0.242521 -0.081662 -0.091594 0.309804 0.305882 0.317647
v -0.241586 -0.083672 -0.095529 0.309804 0.305882 0.317647
v -0.239947 -0.085428 -0.098787 0.309804 0.305882 0.317647
v -0.238778 -0.087338 -0.101822 0.309804 0.305882 0.317647
v -0.236921 -0.088981 -0.104133 0.309804 0.305882 0.317647
v -0.235531 -0.090783 -0.106207 0.309804 0.305882 0.317647
v -0.234035 -0.092531 -0.107783 0.309804 0.305882 0.317647
v -0.231877 -0.093997 -0.108590 0.309804 0.305882 0.317647
v -0.229631 -0.095399 -0.108881 0.309804 0.305882 0.317647
v -0.227851 -0.096970 -0.108916 0.309804 0.305882 0.317647
v -0.225981 -0.098483 -0.108432 0.309804 0.305882 0.317647
v -0.224027 -0.099938 -0.107428 0.309804 0.305882 0.317647
v -0.221993 -0.101334 -0.105905 0.309804 0.305882 0.317647
v -0.219361 -0.102426 -0.103623 0.309804 0.305882 0.317647
v -0.217709 -0.103950 -0.101329 0.309804 0.305882 0.317647
v -0.215980 -0.105420 -0.098525 0.309804 0.305882 0.317647
v -0.216702 -0.108095 -0.096341 0.309804 0.305882 0.317647
v -0.217790 -0.110991 -0.093781 0.309804 0.305882 0.317647
v -0.215791 -0.112326 -0.089388 0.309804 0.305882 0.317647
v -0.215673 -0.114638 -0.085291 0.309804 0.305882 0.317647
v -0.214020 -0.116136 -0.080104 0.309804 0.305882 0.317647
v -0.211371 -0.117068 -0.074126 0.309804 0.305882 0.317647
v -0.208700 -0.117950 -0.067769 0.309804 0.305882 0.317647
v -0.206013 -0.118786 -0.061060 0.309804 0.305882 0.317647
v -0.203316 -0.119578 -0.054029 0.309804 0.305882 0.317647
v -0.200617 -0.120329 -0.046710 0.309804 0.305882 0.317647
v -0.197920 -0.121043 -0.039135 0.309804 0.305882 0.317647
v -0.195660 -0.121991 -0.031409 0.309804 0.305882 0.317647
v -0.192980 -0.122642 -0.023413 0.309804 0.305882 0.317647
v -0.190736 -0.123537 -0.015303 0.309804 0.305882 0.317647
v -0.188097 -0.124142 -0.007033 0.309804 0.305882 0.317647
v -0.185490 -0.124729 0.001306 0.309804 0.305882 0.317647
v -0.183315 -0.125575 0.009696 0.309804 0.305882 0.317647
v -0.180782 -0.126143 0.018073 0.309804 0.305882 0.317647
v -0.178679 -0.126979 0.026457 0.309804 0.305882 0.317647
v -0.176240 -0.127546 0.034711 0.309804 0.305882 0.317647
v -0.173857 -0.128119 0.042835 0.309804 0.305882 0.317647
v -0.171900 -0.128978 0.050898 0.309804 0.305882 0.317647
v -0.169637 -0.129580 0.058660 0.309804 0.305882 0.317647
v -0.167443 -0.130205 0.066176 0.309804 0.305882 0.317647
v -0.165670 -0.131132 0.073562 0.309804 0.305882 0.317647
v -0.163273 -0.131540 0.080319 0.309804 0.305882 0.317647
v -0.160964 -0.131983 0.086694 0.309804 0.305882 0.317647
v -0.158743 -0.132467 0.092658 0.309804 0.305882 0.317647
v -0.143087 -0.121509 0.089701 0.309804 0.305882 0.317647
v -0.136991 -0.118380 0.091493 0.309804 0.305882 0.317647
v -0.134623 -0.118376 0.095085 0.309804 0.305882 0.317647
v -0.132670 -0.118701 0.098425 0.309804 0.305882 0.317647
v -0.131119 -0.119365 0.101524 0.309804 0.305882 0.317647
v -0.129340 -0.119799 0.103891 0.309804 0.305882 0.317647
v -0.127647 -0.120292 0.105753 0.309804 0.305882 0.317647
v -0.126343 -0.121136 0.107362 0.309804 0.305882 0.317647
v -0.124816 -0.121754 0.108199 0.309804 0.305882 0.317647
v -0.123669 -0.122733 0.108781 0.309804 0.305882 0.317647
v -0.122596 -0.123784 0.108845 0.309804 0.305882 0.317647
v -0.121596 -0.124909 0.108393 0.309804 0.305882 0.317647
v -0.120666 -0.126110 0.107425 0.309804 0.305882 0.317647
v -0.120092 -0.127695 0.106202 0.309804 0.305882 0.317647
v -0.119292 -0.129056 0.104216 0.309804 0.305882 0.317647
v -0.119124 -0.131124 0.102224 0.309804 0.305882 0.317647
v -0.119575 -0.133922 0.100194 0.309804 0.305882 0.317647
v -0.131070 -0.149368 0.106571 0.309804 0.305882 0.317647
v -0.130992 -0.151900 0.102665 0.309804 0.305882 0.317647
v -0.130125 -0.153550 0.097603 0.309804 0.305882 0.317647
v -0.129309 -0.155281 0.092099 0.309804 0.305882 0.317647
v -0.128264 -0.156754 0.085995 0.309804 0.305882 0.317647
v -0.127263 -0.158295 0.079533 0.309804 0.305882 0.317647
v -0.126301 -0.159901 0.072748 0.309804 0.305882 0.317647
v -0.125099 -0.161217 0.065531 0.309804 0.305882 0.317647
v -0.123927 -0.162580 0.058094 0.309804 0.305882 0.317647
v -0.122780 -0.163989 0.050475 0.309804 0.305882 0.317647
v -0.121653 -0.165437 0.042714 0.309804 0.305882 0.317647
v -0.120542 -0.166920 0.034851 0.309804 0.305882 0.317647
v -0.119440 -0.168435 0.026927 0.309804 0.305882 0.317647
v -0.118343 -0.169974 0.018980 0.309804 0.305882 0.317647
v -0.117517 -0.171929 0.011075 0.309804 0.305882 0.317647
v -0.116417 -0.173511 0.003182 0.309804 0.305882 0.317647
v -0.115308 -0.175102 -0.004618 0.309804 0.305882 0.317647
v -0.114455 -0.177111 -0.012315 0.309804 0.305882 0.317647
v -0.113318 -0.178711 -0.019836 0.309804 0.305882 0.317647
v -0.112161 -0.180304 -0.027156 0.309804 0.305882 0.317647
v -0.110981 -0.181884 -0.034241 0.309804 0.305882 0.317647
v -0.110039 -0.183886 -0.041159 0.309804 0.305882 0.317647
v -0.108803 -0.185429 -0.047700 0.309804 0.305882 0.317647
v -0.108059 -0.187851 -0.054178 0.309804 0.305882 0.317647
v -0.107015 -0.189803 -0.060222 0.309804 0.305882 0.317647
v -0.105932 -0.191726 -0.065919 0.309804 0.305882 0.317647
v -0.104808 -0.193616 -0.071245 0.309804 0.305882 0.317647
v -0.103641 -0.195465 -0.076180 0.309804 0.305882 0.317647
v -0.102429 -0.197269 -0.080701 0.309804 0.305882 0.317647
v -0.101424 -0.199519 -0.085004 0.309804 0.305882 0.317647
v -0.100117 -0.201223 -0.088660 0.309804 0.305882 0.317647
v -0.098761 -0.202865 -0.091856 0.309804 0.305882 0.317647
v -0.097604 -0.204956 -0.094820 0.309804 0.305882 0.317647
v -0.096392 -0.206989 -0.097318 0.309804 0.305882 0.317647
v -0.095125 -0.208957 -0.099341 0.309804 0.305882 0.317647
v -0.093566 -0.210320 -0.100626 0.309804 0.305882 0.317647
v -0.092193 -0.212138 -0.101676 0.309804 0.305882 0.317647
v -0.090766 -0.213878 -0.102237 0.309804 0.305882 0.317647
v -0.089513 -0.216086 -0.102572 0.309804 0.305882 0.317647
v -0.087975 -0.217660 -0.102158 0.309804 0.305882 0.317647
v -0.086383 -0.219141 -0.101260 0.309804 0.305882 0.317647
v -0.084959 -0.221094 -0.100143 0.309804 0.305882 0.317647
v -0.083262 -0.222384 -0.098296 0.309804 0.305882 0.317647
v -0.081727 -0.224148 -0.096240 0.309804 0.305882 0.317647
v -0.079929 -0.225231 -0.093485 0.309804 0.305882 0.317647
v -0.078289 -0.226791 -0.090534 0.309804 0.305882 0.317647
v -0.076596 -0.228246 -0.087152 0.309804 0.305882 0.317647
v -0.074852 -0.229593 -0.083357 0.309804 0.305882 0.317647
v -0.073060 -0.230828 -0.079165 0.309804 0.305882 0.317647
v -0.071222 -0.231950 -0.074597 0.309804 0.305882 0.317647
v -0.069339 -0.232956 -0.069674 0.309804 0.305882 0.317647
v -0.067415 -0.233844 -0.064421 0.309804 0.305882 0.317647
v -0.065452 -0.234612 -0.058861 0.309804 0.305882 0.317647
v -0.063452 -0.235259 -0.053022 0.309804 0.305882 0.317647
v -0.061419 -0.235784 -0.046930 0.309804 0.305882 0.317647
v -0.059508 -0.236797 -0.040721 0.309804 0.305882 0.317647
v -0.057411 -0.237077 -0.034196 0.309804 0.305882 0.317647
v -0.055288 -0.237233 -0.027509 0.309804 0.305882 0.317647
v -0.053281 -0.237877 -0.020745 0.309804 0.305882 0.317647
v -0.051244 -0.238399 -0.013847 0.309804 0.305882 0.317647
v -0.049055 -0.238186 -0.006829 0.309804 0.305882 0.317647
v -0.046853 -0.237852 0.000220 0.309804 0.305882 0.317647
v -0.044641 -0.237399 0.007269 0.309804 0.305882 0.317647
v -0.042533 -0.237436 0.014320 0.309804 0.305882 0.317647
v -0.040307 -0.236748 0.021284 0.309804 0.305882 0.317647
v -0.038081 -0.235946 0.028148 0.309804 0.305882 0.317647
v -0.035950 -0.235637 0.034966 0.309804 0.305882 0.317647
v -0.033728 -0.234616 0.041547 0.309804 0.305882 0.317647
v -0.031595 -0.234088 0.048052 0.309804 0.305882 0.317647
v -0.029388 -0.232860 0.054223 0.309804 0.305882 0.317647
v -0.027265 -0.232126 0.060289 0.309804 0.305882 0.317647
v -0.025084 -0.230706 0.065931 0.309804 0.305882 0.317647
v -0.022923 -0.229200 0.071259 0.309804 0.305882 0.317647
v -0.020838 -0.228188 0.076442 0.309804 0.305882 0.317647
v -0.018718 -0.226516 0.081082 0.309804 0.305882 0.317647
v -0.016624 -0.224771 0.085335 0.309804 0.305882 0.317647
v -0.014523 -0.222394 0.088958 0.309804 0.305882 0.317647
v -0.012493 -0.220525 0.092373 0.309804 0.305882 0.317647
v -0.010494 -0.218599 0.095350 0.309804 0.305882 0.317647
v -0.008529 -0.216624 0.097874 0.309804 0.305882 0.317647
v -0.006581 -0.214058 0.099678 0.309804 0.305882 0.317647
v -0.004689 -0.212005 0.101258 0.309804 0.305882 0.317647
v -0.002826 -0.209385 0.102095 0.309804 0.305882 0.317647
v -0.001008 -0.206750 0.102444 0.309804 0.305882 0.317647
v 0.000764 -0.204106 0.102303 0.309804 0.305882 0.317647
v 0.002497 -0.201977 0.101938 0.309804 0.305882 0.317647
v 0.004183 -0.199328 0.100830 0.309804 0.305882 0.317647
v 0.005809 -0.196182 0.098992 0.309804 0.305882 0.317647
v 0.007401 -0.193563 0.096951 0.309804 0.305882 0.317647
v 0.008951 -0.190966 0.094460 0.309804 0.305882 0.317647
v 0.010459 -0.188397 0.091532 0.309804 0.305882 0.317647
v 0.011925 -0.185860 0.088185 0.309804 0.305882 0.317647
v 0.013318 -0.182881 0.084215 0.309804 0.305882 0.317647
v 0.014665 -0.179956 0.079883 0.309804 0.305882 0.317647
v 0.016011 -0.177560 0.075415 0.309804 0.305882 0.317647
v 0.017232 -0.174286 0.070236 0.309804 0.305882 0.317647
v 0.018456 -0.171549 0.064975 0.309804 0.305882 0.317647
v 0.019643 -0.168884 0.059458 0.309804 0.305882 0.317647
v 0.020795 -0.166293 0.053717 0.309804 0.305882 0.317647
v 0.021916 -0.163779 0.047780 0.309804 0.305882 0.317647
v 0.022945 -0.160904 0.041565 0.309804 0.305882 0.317647
v 0.024007 -0.158559 0.035347 0.309804 0.305882 0.317647
v 0.024975 -0.155865 0.028949 0.309804 0.305882 0.317647
v 0.025915 -0.153265 0.022515 0.309804 0.305882 0.317647
v 0.026830 -0.150760 0.016081 0.309804 0.305882 0.317647
v 0.027802 -0.148776 0.009704 0.309804 0.305882 0.317647
v 0.028760 -0.146882 0.003353 0.309804 0.305882 0.317647
v 0.029708 -0.145079 -0.002942 0.309804 0.305882 0.317647
v 0.030647 -0.143367 -0.009150 0.309804 0.305882 0.317647
v 0.031581 -0.141747 -0.015243 0.309804 0.305882 0.317647
v 0.032511 -0.140217 -0.021192 0.309804 0.305882 0.317647
v 0.033539 -0.139186 -0.027049 0.309804 0.305882 0.317647
v 0.034574 -0.138242 -0.032744 0.309804 0.305882 0.317647
v 0.035620 -0.137383 -0.038249 0.309804 0.305882 0.317647
v 0.036788 -0.137013 -0.043669 0.309804 0.305882 0.317647
v 0.038314 -0.137940 -0.049316 0.309804 0.305882 0.317647
v 0.040002 -0.139348 -0.054979 0.309804 0.305882 0.317647
v 0.041985 -0.141641 -0.060842 0.309804 0.305882 0.317647
v 0.043795 -0.143205 -0.066206 0.309804 0.305882 0.317647
v 0.045666 -0.144849 -0.071357 0.309804 0.305882 0.317647
v 0.047603 -0.146575 -0.076263 0.309804 0.305882 0.317647
v 0.049608 -0.148383 -0.080893 0.309804 0.305882 0.317647
v 0.051544 -0.149867 -0.084988 0.309804 0.305882 0.317647
v 0.053402 -0.151024 -0.088493 0.309804 0.305882 0.317647
v 0.055319 -0.152257 -0.091608 0.309804 0.305882 0.317647
v 0.057297 -0.153564 -0.094314 0.309804 0.305882 0.317647
v 0.059024 -0.154122 -0.096081 0.309804 0.305882 0.317647
v 0.060957 -0.155153 -0.097650 0.309804 0.305882 0.317647
v 0.062780 -0.155832 -0.098500 0.309804 0.305882 0.317647
v 0.064649 -0.156565 -0.098882 0.309804 0.305882 0.317647
v 0.066388 -0.156929 -0.098532 0.309804 0.305882 0.317647
v 0.068346 -0.157754 -0.097976 0.309804 0.305882 0.317647
v 0.069976 -0.157774 -0.096438 0.309804 0.305882 0.317647
v 0.071822 -0.158244 -0.094709 0.309804 0.305882 0.317647
v 0.073307 -0.157884 -0.092041 0.309804 0.305882 0.317647
v 0.075005 -0.157964 -0.089213 0.309804 0.305882 0.317647
v 0.076514 -0.157620 -0.085754 0.309804 0.305882 0.317647
v 0.077813 -0.156840 -0.081709 0.309804 0.305882 0.317647
v 0.079103 -0.156048 -0.077348 0.309804 0.305882 0.317647
v 0.080609 -0.155678 -0.072908 0.309804 0.305882 0.317647
v 0.081880 -0.154848 -0.067994 0.309804 0.305882 0.317647
v 0.083132 -0.153990 -0.062854 0.309804 0.305882 0.317647
v 0.085105 -0.154444 -0.058025 0.309804 0.305882 0.317647
v 0.087599 -0.155778 -0.053256 0.309804 0.305882 0.317647
v 0.109108 -0.190173 -0.058354 0.309804 0.305882 0.317647
v 0.128423 -0.219436 -0.059423 0.309804 0.305882 0.317647
v 0.134928 -0.226059 -0.052876 0.309804 0.305882 0.317647
v 0.138818 -0.228085 -0.044777 0.309804 0.305882 0.317647
v 0.143328 -0.230989 -0.036543 0.309804 0.305882 0.317647
v 0.147614 -0.233383 -0.027942 0.309804 0.305882 0.317647
v 0.151350 -0.234786 -0.019026 0.309804 0.305882 0.317647
v 0.155105 -0.236118 -0.009984 0.309804 0.305882 0.317647
v 0.158246 -0.236433 -0.000855 0.309804 0.305882 0.317647
v 0.161689 -0.237129 0.008258 0.309804 0.305882 0.317647
v 0.166105 -0.239150 0.017436 0.309804 0.305882 0.317647
v 0.170210 -0.240609 0.026586 0.309804 0.305882 0.317647
v 0.127900 -0.177534 0.026179 0.309804 0.305882 0.317647
v 0.106740 -0.145501 0.026725 0.309804 0.305882 0.317647
v 0.108770 -0.145620 0.031895 0.309804 0.305882 0.317647
v 0.111137 -0.146145 0.037034 0.309804 0.305882 0.317647
v 0.113123 -0.146125 0.041893 0.309804 0.305882 0.317647
v 0.115078 -0.146033 0.046553 0.309804 0.305882 0.317647
v 0.117380 -0.146341 0.051157 0.309804 0.305882 0.317647
v 0.119270 -0.146100 0.055367 0.309804 0.305882 0.317647
v 0.121511 -0.146254 0.059505 0.309804 0.305882 0.317647
v 0.123322 -0.145858 0.063182 0.309804 0.305882 0.317647
v 0.125086 -0.145384 0.066559 0.309804 0.305882 0.317647
v 0.126799 -0.144831 0.069619 0.309804 0.305882 0.317647
v 0.128459 -0.144200 0.072348 0.309804 0.305882 0.317647
v 0.130063 -0.143491 0.074733 0.309804 0.305882 0.317647
v 0.131608 -0.142704 0.076764 0.309804 0.305882 0.317647
v 0.133091 -0.141840 0.078429 0.309804 0.305882 0.317647
v 0.134076 -0.140444 0.079465 0.309804 0.305882 0.317647
v 0.135425 -0.139430 0.080375 0.309804 0.305882 0.317647
v 0.136705 -0.138342 0.080904 0.309804 0.305882 0.317647
v 0.137915 -0.137182 0.081049 0.309804 0.305882 0.317647
v 0.138603 -0.135510 0.080546 0.309804 0.305882 0.317647
v 0.139665 -0.134213 0.079924 0.309804 0.305882 0.317647
v 0.140652 -0.132849 0.078921 0.309804 0.305882 0.317647
v 0.141104 -0.130993 0.077292 0.309804 0.305882 0.317647
v 0.141936 -0.129506 0.075551 0.309804 0.305882 0.317647
v 0.142226 -0.127542 0.073212 0.309804 0.305882 0.317647
v 0.142902 -0.125943 0.070771 0.309804 0.305882 0.317647
v 0.143500 -0.124289 0.067995 0.309804 0.305882 0.317647
v 0.143549 -0.122182 0.064682 0.309804 0.305882 0.317647
v 0.143991 -0.120433 0.061285 0.309804 0.305882 0.317647
v 0.143882 -0.118250 0.057407 0.309804 0.305882 0.317647
v 0.143696 -0.116036 0.053282 0.309804 0.305882 0.317647
v 0.143908 -0.114173 0.049092 0.309804 0.305882 0.317647
v 0.143571 -0.111903 0.044522 0.309804 0.305882 0.317647
v 0.143161 -0.109613 0.039770 0.309804 0.305882 0.317647
v 0.142681 -0.107308 0.034860 0.309804 0.305882 0.317647
v 0.142133 -0.104990 0.029817 0.309804 0.305882 0.317647
v 0.141520 -0.102663 0.024666 0.309804 0.305882 0.317647
v 0.140844 -0.100331 0.019432 0.309804 0.305882 0.317647
v 0.140108 -0.097998 0.014140 0.309804 0.305882 0.317647
v 0.139315 -0.095666 0.008817 0.309804 0.305882 0.317647
v 0.138941 -0.093657 0.003500 0.309804 0.305882 0.317647
v 0.138514 -0.091643 -0.001834 0.309804 0.305882 0.317647
v 0.138038 -0.089627 -0.007159 0.309804 0.305882 0.317647
v 0.137981 -0.087909 -0.012492 0.309804 0.305882 0.317647
v 0.139272 -0.087053 -0.017982 0.309804 0.305882 0.317647
v 0.141431 -0.086716 -0.023682 0.309804 0.305882 0.317647
v 0.167471 -0.100707 -0.034394 0.309804 0.305882 0.317647
v 0.222075 -0.130950 -0.053907 0.309804 0.305882 0.317647
v 0.220919 -0.127714 -0.061721 0.309804 0.305882 0.317647
v 0.220175 -0.124765 -0.069385 0.309804 0.305882 0.317647
v 0.219392 -0.121835 -0.076749 0.309804 0.305882 0.317647
v 0.218128 -0.118685 -0.083606 0.309804 0.305882 0.317647
v 0.216843 -0.115575 -0.090065 0.309804 0.305882 0.317647
v 0.215544 -0.112508 -0.096097 0.309804 0.305882 0.317647
v 0.213799 -0.109263 -0.101463 0.309804 0.305882 0.317647
v 0.212058 -0.106078 -0.106324 0.309804 0.305882 0.317647
v 0.210765 -0.103170 -0.110890 0.309804 0.305882 0.317647
v 0.209053 -0.100107 -0.114691 0.309804 0.305882 0.317647
v 0.207796 -0.097313 -0.118176 0.309804 0.305882 0.317647
v 0.206993 -0.094771 -0.121350 0.309804 0.305882 0.317647
v 0.205795 -0.092085 -0.123702 0.309804 0.305882 0.317647
v 0.204215 -0.089273 -0.125208 0.309804 0.305882 0.317647
v 0.203107 -0.086711 -0.126374 0.309804 0.305882 0.317647
v 0.202051 -0.084209 -0.126940 0.309804 0.305882 0.317647
v 0.201054 -0.081767 -0.126902 0.309804 0.305882 0.317647
v 0.199709 -0.079221 -0.126000 0.309804 0.305882 0.317647
v 0.198849 -0.076903 -0.124762 0.309804 0.305882 0.317647
v 0.198065 -0.074644 -0.122931 0.309804 0.305882 0.317647
v 0.196954 -0.072293 -0.120266 0.309804 0.305882 0.317647
v 0.196338 -0.070153 -0.117284 0.309804 0.305882 0.317647
v 0.195812 -0.068067 -0.113744 0.309804 0.305882 0.317647
v 0.194975 -0.065898 -0.109437 0.309804 0.305882 0.317647
v 0.194642 -0.063922 -0.104845 0.309804 0.305882 0.317647
v 0.194411 -0.061995 -0.099755 0.309804 0.305882 0.317647
v 0.194285 -0.060115 -0.094192 0.309804 0.305882 0.317647
v 0.193863 -0.058158 -0.087997 0.309804 0.305882 0.317647
v 0.193954 -0.056368 -0.081579 0.309804 0.305882 0.317647
v 0.191729 -0.053934 -0.073839 0.309804 0.305882 0.317647
v 0.191637 -0.052130 -0.066628 0.309804 0.305882 0.317647
v 0.191251 -0.050259 -0.059005 0.309804 0.305882 0.317647
v 0.190974 -0.048430 -0.051165 0.309804 0.305882 0.317647
v 0.190806 -0.046641 -0.043147 0.309804 0.305882 0.317647
v 0.188283 -0.044308 -0.034541 0.309804 0.305882 0.317647
v 0.188729 -0.042700 -0.026452 0.309804 0.305882 0.317647
v 0.190110 -0.041293 -0.018353 0.309804 0.305882 0.317647
v 0.158262 -0.032950 -0.008368 0.309804 0.305882 0.317647
v 0.126533 -0.025208 -0.001195 0.309804 0.305882 0.317647
v 0.126960 -0.024157 0.004251 0.309804 0.305882 0.317647
v 0.128301 -0.023269 0.009705 0.309804 0.305882 0.317647
v 0.129714 -0.022372 0.015148 0.309804 0.305882 0.317647
v 0.131199 -0.021465 0.020555 0.309804 0.305882 0.317647
v 0.132754 -0.020546 0.025899 0.309804 0.305882 0.317647
v 0.134817 -0.019677 0.031257 0.309804 0.305882 0.317647
v 0.136510 -0.018724 0.036414 0.309804 0.305882 0.317647
v 0.138715 -0.017810 0.041564 0.309804 0.305882 0.317647
v 0.140538 -0.016814 0.046430 0.309804 0.305882 0.317647
v 0.142419 -0.015796 0.051105 0.309804 0.305882 0.317647
v 0.144356 -0.014752 0.055565 0.309804 0.305882 0.317647
v 0.146344 -0.013682 0.059788 0.309804 0.305882 0.317647
v 0.148382 -0.012583 0.063751 0.309804 0.305882 0.317647
v 0.150464 -0.011455 0.067435 0.309804 0.305882 0.317647
v 0.152105 -0.010262 0.070596 0.309804 0.305882 0.317647
v 0.154259 -0.009072 0.073653 0.309804 0.305882 0.317647
v 0.156445 -0.007848 0.076378 0.309804 0.305882 0.317647
v 0.158162 -0.006568 0.078506 0.309804 0.305882 0.317647
v 0.159890 -0.005260 0.080262 0.309804 0.305882 0.317647
v 0.162135 -0.003936 0.081894 0.309804 0.305882 0.317647
v 0.163879 -0.002565 0.082883 0.309804 0.305882 0.317647
v 0.165620 -0.001164 0.083479 0.309804 0.305882 0.317647
f 36 677 680
f 36 677 35
f 36 681 680
f 36 681 35
f 620 618 668
f 620 617 618
f 642 18 668
f 705 649 18
f 705 28 17
f 23 705 702
f 323 230 324
f 685 38 37
f 685 36 37
f 685 36 35
f 685 681 35
f 322 323 230
f 410 322 409
f 410 322 323
f 410 323 409
f 137 38 138
f 137 69 138
f 39 685 38
f 39 36 38
f 39 53 38
f 42 685 41
f 42 685 41
f 42 39 53
f 34 677 35
f 34 681 35
f 34 685 681
f 34 36 698
f 34 69 32
f 34 39 36
f 31 69 29
f 31 69 32
f 31 34 29
f 31 34 32
f 31 34 32
f 158 69 29
f 650 649 668
f 650 620 649
f 650 705 649
f 650 705 649
f 647 649 18
f 647 649 668
f 647 649 18
f 647 620 649
f 20 21 18
f 20 705 21
f 20 705 17
f 22 705 21
f 22 23 705
f 22 705 17
f 22 23 705
f 22 69 23
f 271 275 273
f 404 403 322
f 404 403 322
f 404 403 323
f 404 403 325
f 276 271 275
f 443 423 437
f 443 440 437
f 320 322 321
f 320 322 230
f 320 410 409
f 233 320 322
f 697 39 38
f 697 36 38
f 697 36 38
f 697 36 698
f 697 34 698
f 184 366 185
f 184 366 274
f 184 366 185
f 184 273 274
f 184 185 273
f 184 271 185
f 694 585 586
f 694 32 677
f 220 585 584
f 220 585 586
f 603 602 604
f 603 602 585
f 327 585 584
f 327 328 584
f 327 328 585
f 411 410 322
f 411 320 410
f 411 410 322
f 411 410 323
f 411 410 325
f 411 410 325
f 136 142 141
f 699 31 32
f 699 697 31
f 699 34 36
f 699 36 38
f 699 39 38
f 699 39 36
f 699 34 39
f 699 34 39
f 699 28 700
f 699 697 28
f 699 28 700
f 699 697 700
f 699 697 28
f 701 667 702
f 701 31 32
f 701 31 32
f 701 28 702
f 701 28 700
f 701 28 29
f 701 28 700
f 583 220 328
f 583 220 582
f 40 685 41
f 40 39 41
f 40 39 685
f 40 685 41
f 40 697 39
f 40 699 39
f 40 39 53
f 40 699 700
f 40 699 39
f 40 34 700
f 40 34 39
f 40 34 39
f 43 42 685
f 43 137 38
f 43 42 38
f 43 42 685
f 43 42 53
f 43 53 38
f 43 137 38
f 43 137 53
f 683 42 41
f 683 42 41
f 683 39 41
f 683 39 41
f 683 43 42
f 683 39 38
f 683 39 681
f 683 38 37
f 683 681 38
f 683 36 37
f 683 36 681
f 683 681 35
f 683 36 35
f 683 36 681
f 683 685 681
f 683 685 686
f 51 42 39
f 51 42 39
f 51 40 39
f 51 40 39
f 51 43 42
f 51 136 53
f 51 136 137
f 33 32 677
f 33 34 677
f 33 34 32
f 33 34 681
f 33 697 34
f 33 699 34
f 33 699 697
f 33 699 697
f 33 699 32
f 33 699 34
f 33 701 32
f 33 701 57
f 33 701 32
f 155 69 36
f 6 650 649
f 6 650 705
f 538 620 617
f 644 642 18
f 644 642 668
f 644 647 668
f 644 642 18
f 644 642 620
f 644 647 620
f 639 642 620
f 19 705 18
f 19 20 18
f 19 20 705
f 19 705 17
f 19 20 705
f 24 23 702
f 24 25 702
f 24 23 705
f 24 25 705
f 24 23 705
f 24 25 705
f 24 69 23
f 139 42 38
f 139 43 42
f 139 38 138
f 139 69 138
f 139 69 36
f 139 137 69
f 367 276 366
f 367 455 366
f 405 404 322
f 405 404 322
f 405 404 323
f 405 404 325
f 405 403 325
f 405 404 403
f 405 327 403
f 405 327 403
f 277 367 276
f 502 498 424
f 502 683 503
f 497 496 325
f 497 585 496
f 401 322 321
f 401 322 323
f 401 323 324
f 401 325 324
f 401 327 325
f 401 327 328
f 311 328 235
f 231 230 324
f 231 233 324
f 231 323 230
f 231 233 323
f 231 322 323
f 231 233 322
f 231 320 322
f 231 233 320
f 234 328 235
f 234 233 324
f 234 233 323
f 234 233 320
f 505 502 424
f 505 502 498
f 55 692 127
f 55 57 692
f 55 136 53
f 55 699 698
f 55 699 57
f 55 136 137
f 55 699 700
f 55 699 57
f 55 33 57
f 55 53 38
f 55 53 38
f 55 34 700
f 55 33 34
f 55 36 38
f 55 36 38
f 55 34 36
f 55 34 36
f 63 28 17
f 30 699 697
f 30 699 697
f 30 699 700
f 30 699 31
f 30 701 700
f 30 701 31
f 30 701 29
f 30 701 31
f 672 697 667
f 672 697 28
f 272 184 185
f 272 184 271
f 272 184 273
f 272 184 271
f 272 276 271
f 272 277 276
f 354 379 439
f 357 356 455
f 357 356 276
f 357 277 356
f 357 356 366
f 696 697 667
f 696 57 698
f 696 55 57
f 696 55 698
f 696 33 697
f 696 33 697
f 696 40 697
f 696 697 34
f 696 40 697
f 696 697 36
f 696 697 39
f 696 697 36
f 696 697 38
f 598 597 686
f 598 683 686
f 598 683 599
f 598 683 597
f 598 597 681
f 600 598 599
f 600 689 599
f 222 585 584
f 222 585 586
f 222 136 142
f 330 220 235
f 608 603 585
f 608 603 604
f 608 603 602
f 608 583 604
f 608 600 599
f 608 603 667
f 608 597 609
f 608 597 599
f 383 384 439
f 383 384 381
f 140 136 137
f 140 136 141
f 140 139 137
f 140 139 141
f 140 136 137
f 140 139 137
f 140 136 142
f 140 222 136
f 140 141 230
f 140 139 230
f 140 231 141
f 26 701 702
f 26 24 25
f 26 25 705
f 26 24 23
f 26 24 25
f 26 701 700
f 26 705 17
f 26 25 705
f 52 40 53
f 52 40 699
f 52 699 698
f 52 51 40
f 52 696 698
f 52 40 699
f 52 696 697
f 52 51 53
f 46 43 137
f 46 43 137
f 46 51 137
f 46 51 43
f 682 598 597
f 682 598 683
f 682 598 683
f 682 598 681
f 682 683 599
f 682 600 599
f 682 689 681
f 50 51 40
f 50 52 40
f 50 52 51
f 50 51 42
f 50 52 697
f 50 52 696
f 50 51 136
f 50 51 136
f 157 158 36
f 157 158 69
f 161 158 29
f 161 162 28
f 161 162 28
f 655 667 705
f 655 667 620
f 5 649 18
f 5 6 649
f 5 650 649
f 5 6 650
f 5 6 705
f 8 6 705
f 378 357 356
f 378 357 379
f 378 357 379
f 646 647 18
f 646 644 18
f 646 644 647
f 646 647 18
f 646 644 18
f 638 639 640
f 641 639 640
f 641 636 640
f 641 642 18
f 641 642 18
f 641 639 18
f 641 639 642
f 641 639 18
f 16 705 706
f 16 705 17
f 717 14 705
f 717 14 716
f 717 648 716
f 182 184 185
f 181 272 273
f 181 272 271
f 181 272 271
f 181 182 185
f 187 182 179
f 368 277 276
f 368 277 367
f 368 367 455
f 406 405 322
f 406 405 322
f 406 405 325
f 406 405 323
f 422 497 496
f 422 497 498
f 422 502 498
f 422 505 502
f 588 497 325
f 588 497 496
f 588 497 325
f 588 600 598
f 687 598 597
f 687 598 689
f 687 689 599
f 687 598 599
f 687 598 689
f 687 43 42
f 687 42 41
f 687 40 41
f 687 40 685
f 687 40 39
f 687 39 685
f 687 685 38
f 687 685 36
f 687 682 689
f 687 683 685
f 687 682 683
f 593 501 502
f 593 502 685
f 593 502 503
f 593 683 503
f 593 682 683
f 372 371 370
f 372 370 366
f 372 357 366
f 372 357 371
f 372 371 370
f 372 371 446
f 374 357 356
f 374 357 375
f 380 378 381
f 380 381 439
f 380 379 439
f 380 354 379
f 387 440 437
f 402 422 404
f 402 422 401
f 402 403 322
f 402 401 322
f 402 403 322
f 402 401 322
f 402 403 323
f 402 401 323
f 402 327 403
f 402 401 327
f 402 403 325
f 402 401 325
f 402 401 327
f 402 403 325
f 402 327 325
f 402 327 403
f 386 443 440
f 386 387 440
f 386 384 443
f 386 387 440
f 392 304 299
f 392 393 308
f 392 390 299
f 392 394 424
f 319 323 321
f 319 322 323
f 319 401 321
f 319 402 401
f 319 402 403
f 319 404 403
f 319 405 404
f 319 406 405
f 319 406 405
f 319 320 409
f 319 231 320
f 319 320 230
f 319 320 410
f 508 501 583
f 493 498 424
f 493 497 498
f 56 55 57
f 56 55 136
f 56 55 136
f 56 137 53
f 56 55 53
f 56 55 137
f 56 55 36
f 56 55 36
f 56 57 34
f 56 55 34
f 56 33 57
f 56 55 33
f 56 55 33
f 704 705 706
f 704 705 28
f 704 30 28
f 704 30 28
f 704 705 702
f 704 667 702
f 704 667 705
f 704 28 702
f 704 705 28
f 704 26 702
f 704 26 705
f 704 26 705
f 674 30 697
f 674 30 31
f 674 608 603
f 673 697 28
f 673 672 28
f 673 672 697
f 673 674 697
f 673 672 31
f 673 674 31
f 673 672 697
f 673 672 31
f 673 674 31
f 673 696 697
f 673 674 696
f 673 674 696
f 673 608 672
f 673 674 608
f 673 672 34
f 673 674 34
f 673 608 672
f 673 674 608
f 673 672 34
f 673 674 34
f 727 6 705
f 727 5 6
f 355 356 455
f 355 354 455
f 355 356 276
f 355 354 276
f 355 277 356
f 355 354 277
f 355 379 356
f 355 354 379
f 355 378 379
f 355 378 354
f 355 378 356
f 355 378 354
f 355 374 356
f 355 356 366
f 355 374 375
f 358 455 359
f 358 357 455
f 358 276 275
f 358 357 276
f 358 277 276
f 358 357 277
f 358 357 379
f 358 357 371
f 358 374 357
f 358 374 357
f 358 372 371
f 358 372 357
f 358 372 357
f 376 357 356
f 376 357 375
f 376 355 356
f 376 355 375
f 376 358 357
f 376 358 357
f 695 694 57
f 695 696 57
f 695 55 694
f 695 696 55
f 695 55 694
f 695 696 55
f 695 31 32
f 695 694 32
f 695 52 694
f 695 52 696
f 695 697 31
f 695 696 697
f 695 33 694
f 695 696 33
f 695 30 697
f 695 674 696
f 695 50 52
f 695 50 52
f 695 33 694
f 695 696 33
f 695 694 34
f 695 696 34
f 695 694 36
f 695 696 36
f 695 694 36
f 695 696 36
f 695 694 42
f 695 696 42
f 695 694 38
f 695 696 38
f 695 40 694
f 695 696 40
f 695 694 39
f 695 696 39
f 695 40 694
f 695 696 40
f 601 602 585
f 601 608 585
f 601 608 600
f 601 608 602
f 601 588 600
f 601 600 598
f 601 600 689
f 601 682 689
f 601 682 600
f 221 220 585
f 221 222 585
f 221 222 584
f 221 220 585
f 221 222 585
f 221 328 584
f 221 220 328
f 221 222 328
f 221 588 220
f 221 588 222
f 221 220 235
f 221 222 235
f 221 220 692
f 221 222 692
f 221 220 142
f 221 222 142
f 227 322 686
f 227 687 136
f 227 687 136
f 227 136 137
f 225 234 233
f 225 233 235
f 128 692 127
f 128 221 222
f 128 221 220
f 128 55 127
f 128 56 55
f 128 56 57
f 329 330 220
f 329 221 220
f 329 221 220
f 329 328 235
f 329 330 235
f 329 220 582
f 329 221 222
f 329 221 222
f 329 311 328
f 329 330 311
f 329 583 582
f 329 580 220
f 329 330 580
f 329 330 580
f 329 234 328
f 329 222 234
f 329 222 234
f 329 402 330
f 329 401 328
f 329 402 401
f 329 402 401
f 329 402 403
f 329 402 330
f 329 405 403
f 329 330 405
f 670 699 667
f 670 26 701
f 670 28 668
f 607 608 667
f 607 608 583
f 607 608 583
f 576 607 580
f 569 608 568
f 569 346 449
f 340 387 341
f 340 341 388
f 340 304 388
f 340 392 341
f 340 392 339
f 340 390 341
f 340 339 390
f 338 339 390
f 338 392 339
f 338 339 393
f 338 340 304
f 338 340 339
f 338 340 339
f 438 383 384
f 438 383 384
f 438 386 440
f 438 385 384
f 438 386 385
f 438 386 385
f 438 384 439
f 438 386 384
f 382 381 439
f 382 383 439
f 382 383 381
f 382 438 383
f 382 438 439
f 382 295 383
f 194 354 276
f 353 439 352
f 353 354 439
f 353 382 439
f 353 376 352
f 353 376 355
f 353 355 354
f 353 376 355
f 353 382 381
f 353 382 381
f 353 378 352
f 353 378 354
f 353 380 381
f 353 380 381
f 353 380 354
f 353 378 379
f 353 378 354
f 353 380 379
f 353 380 354
f 567 608 568
f 450 353 449
f 450 353 449
f 450 355 449
f 450 452 355
f 450 355 449
f 450 452 355
f 450 449 357
f 450 452 357
f 450 358 449
f 450 452 358
f 450 358 449
f 450 452 358
f 241 215 214
f 47 137 685
f 47 46 685
f 47 687 46
f 47 46 51
f 47 46 51
f 504 682 681
f 504 682 505
f 504 593 682
f 504 588 501
f 504 501 585
f 504 501 585
f 504 505 502
f 504 505 502
f 504 501 502
f 156 155 36
f 156 157 36
f 156 155 69
f 156 157 69
f 156 155 36
f 156 157 36
f 156 241 155
f 154 139 137
f 154 153 137
f 154 153 139
f 154 155 69
f 154 139 69
f 154 121 155
f 154 155 36
f 154 139 36
f 154 139 155
f 154 221 153
f 154 241 155
f 154 241 153
f 154 221 239
f 154 221 239
f 154 225 227
f 163 162 28
f 163 162 28
f 660 659 705
f 660 659 667
f 660 659 667
f 660 569 709
f 621 569 568
f 621 567 568
f 621 660 659
f 621 607 667
f 554 638 639
f 547 638 637
f 616 620 617
f 616 617 618
f 615 616 620
f 615 618 668
f 615 616 618
f 522 608 583
f 643 641 636
f 643 641 636
f 708 706 17
f 708 709 706
f 708 663 706
f 710 711 706
f 710 709 706
f 710 660 711
f 710 660 711
f 710 660 709
f 710 569 709
f 710 709 346
f 710 621 711
f 710 621 569
f 710 569 346
f 710 569 709
f 715 16 706
f 715 16 716
f 712 711 706
f 712 713 706
f 712 660 711
f 712 713 659
f 712 660 659
f 712 660 711
f 15 14 705
f 15 16 705
f 15 14 716
f 15 14 705
f 15 16 705
f 15 715 716
f 15 715 16
f 15 715 16
f 15 16 716
f 15 717 14
f 657 717 716
f 657 715 716
f 657 717 705
f 718 717 14
f 718 717 648
f 718 643 636
f 718 643 717
f 180 187 182
f 180 177 179
f 180 187 179
f 180 181 182
f 180 177 179
f 180 181 177
f 4 5 18
f 4 727 5
f 186 182 184
f 186 187 182
f 186 180 182
f 186 180 187
f 186 180 187
f 186 181 189
f 186 180 181
f 186 180 181
f 186 272 271
f 186 187 272
f 186 185 273
f 186 187 273
f 186 272 185
f 186 187 272
f 188 187 179
f 188 189 359
f 188 189 273
f 188 187 273
f 188 272 189
f 188 187 272
f 188 272 271
f 188 187 272
f 408 319 409
f 408 322 409
f 408 322 323
f 408 323 409
f 408 410 325
f 408 410 409
f 408 410 325
f 408 411 410
f 408 411 327
f 500 504 502
f 500 504 501
f 500 591 322
f 500 501 585
f 500 501 585
f 592 501 322
f 592 322 686
f 592 500 591
f 592 500 501
f 592 500 501
f 592 227 322
f 592 227 591
f 592 501 591
f 592 593 501
f 592 685 686
f 592 593 685
f 592 593 687
f 592 227 687
f 592 591 502
f 592 593 502
f 592 504 591
f 592 504 593
f 592 504 505
f 592 504 593
f 412 501 502
f 412 411 685
f 412 502 685
f 412 320 685
f 412 411 320
f 412 411 320
f 412 593 501
f 412 411 322
f 412 592 685
f 412 592 593
f 412 592 501
f 412 592 593
f 412 411 322
f 412 411 323
f 412 411 325
f 412 411 325
f 412 411 327
f 412 411 327
f 412 329 411
f 426 489 427
f 426 392 427
f 436 386 387
f 436 386 385
f 436 385 384
f 436 383 384
f 223 222 586
f 223 234 328
f 223 222 328
f 223 222 234
f 223 222 234
f 223 222 235
f 223 154 239
f 223 154 225
f 223 222 136
f 223 154 153
f 223 140 136
f 223 140 222
f 223 222 142
f 223 140 222
f 590 225 323
f 590 500 501
f 590 225 591
f 590 591 502
f 590 501 591
f 590 504 591
f 590 504 505
f 590 588 222
f 590 223 588
f 590 592 591
f 590 601 588
f 595 682 505
f 595 609 681
f 595 597 681
f 595 597 609
f 595 505 609
f 595 608 597
f 595 504 682
f 595 504 593
f 595 504 593
f 595 593 608
f 595 592 593
f 298 383 384
f 298 346 383
f 298 382 346
f 349 295 380
f 349 295 378
f 349 436 383
f 349 436 385
f 349 436 383
f 292 355 374
f 292 355 374
f 292 355 366
f 292 372 366
f 391 392 341
f 391 340 390
f 391 340 392
f 391 340 339
f 391 340 392
f 391 338 339
f 391 338 392
f 391 392 390
f 315 327 325
f 238 330 311
f 238 223 225
f 238 239 310
f 238 223 239
f 238 221 239
f 334 391 392
f 510 511 585
f 510 583 511
f 510 511 585
f 510 583 511
f 510 592 591
f 510 426 493
f 510 592 593
f 510 595 593
f 510 511 424
f 510 595 511
f 494 497 496
f 494 493 497
f 494 422 496
f 494 493 422
f 494 510 493
f 494 583 328
f 494 329 583
f 492 493 424
f 492 493 422
f 492 330 580
f 492 329 330
f 492 329 583
f 492 494 329
f 492 494 493
f 492 494 583
f 703 704 667
f 703 31 32
f 703 30 31
f 703 30 29
f 703 704 30
f 703 28 29
f 703 704 28
f 703 704 28
f 666 704 667
f 666 704 705
f 666 703 704
f 666 703 704
f 666 703 701
f 666 701 706
f 666 701 667
f 666 701 667
f 666 703 667
f 666 703 701
f 666 706 700
f 666 699 667
f 666 699 700
f 666 699 667
f 666 699 698
f 666 696 667
f 666 603 667
f 666 603 602
f 666 603 602
f 666 602 604
f 666 696 698
f 666 602 585
f 666 583 584
f 666 695 696
f 666 583 604
f 666 695 696
f 666 583 582
f 666 602 585
f 666 695 694
f 666 580 582
f 666 580 579
f 666 585 584
f 666 602 667
f 666 578 579
f 666 694 585
f 666 695 694
f 666 694 585
f 666 590 588
f 666 590 601
f 666 590 601
f 68 24 69
f 68 24 25
f 68 24 25
f 68 26 25
f 68 26 69
f 68 69 28
f 68 69 28
f 68 153 137
f 68 31 69
f 68 137 69
f 68 31 69
f 68 69 36
f 68 34 69
f 68 69 36
f 68 34 69
f 160 161 162
f 122 215 121
f 122 68 121
f 122 154 121
f 122 154 121
f 122 154 153
f 125 124 215
f 123 122 68
f 123 124 215
f 123 122 215
f 123 122 154
f 78 79 8
f 78 8 6
f 78 5 6
f 78 20 21
f 78 167 23
f 7 78 8
f 7 78 79
f 71 710 711
f 71 22 69
f 71 24 69
f 71 156 157
f 676 695 694
f 676 695 694
f 676 603 602
f 676 608 609
f 676 601 600
f 676 601 608
f 676 600 599
f 676 608 599
f 676 608 600
f 675 674 30
f 675 695 30
f 675 695 674
f 675 674 30
f 675 695 30
f 675 674 31
f 675 695 31
f 675 676 695
f 675 676 695
f 675 31 32
f 675 674 696
f 675 695 696
f 675 695 674
f 675 674 603
f 675 676 603
f 675 34 32
f 675 674 34
f 675 676 603
f 675 34 677
f 675 674 34
f 675 674 608
f 675 676 608
f 675 608 603
f 675 674 608
f 675 36 677
f 675 674 36
f 675 601 608
f 675 676 601
f 675 676 601
f 678 601 600
f 678 600 599
f 678 676 601
f 678 676 601
f 678 597 599
f 678 598 597
f 678 676 602
f 678 609 677
f 678 597 609
f 228 322 323
f 228 227 323
f 228 227 322
f 228 322 321
f 228 227 322
f 228 320 321
f 228 320 685
f 228 685 686
f 228 227 686
f 228 319 320
f 228 319 320
f 228 47 137
f 228 227 137
f 228 137 685
f 228 227 137
f 228 47 46
f 228 47 46
f 228 46 137
f 228 139 138
f 228 227 139
f 228 140 139
f 228 227 140
f 228 140 141
f 228 227 140
f 228 227 142
f 228 227 142
f 228 154 227
f 228 227 230
f 228 227 231
f 226 230 324
f 226 323 324
f 226 225 323
f 226 227 230
f 226 227 323
f 226 227 231
f 226 225 231
f 226 590 225
f 226 225 231
f 226 590 591
f 226 590 225
f 226 591 322
f 226 227 322
f 226 227 591
f 226 592 687
f 226 592 227
f 226 592 227
f 226 225 591
f 226 227 687
f 226 227 136
f 226 225 136
f 226 227 136
f 226 225 136
f 226 227 137
f 226 225 137
f 226 227 139
f 226 225 139
f 226 227 140
f 226 225 140
f 226 227 140
f 226 225 140
f 226 227 142
f 226 225 142
f 226 227 142
f 226 225 142
f 149 215 214
f 671 608 672
f 671 670 608
f 671 672 667
f 671 608 672
f 671 670 608
f 671 699 667
f 671 670 699
f 671 699 697
f 671 672 697
f 671 699 697
f 671 670 699
f 671 672 697
f 671 615 668
f 671 615 670
f 671 697 700
f 671 672 28
f 671 670 28
f 671 26 700
f 671 670 26
f 671 670 26
f 671 672 28
f 671 28 29
f 671 670 28
f 671 34 29
f 671 672 34
f 671 34 32
f 671 672 34
f 671 31 32
f 671 672 31
f 671 672 31
f 669 701 667
f 669 670 667
f 669 670 701
f 669 701 667
f 669 608 667
f 669 670 608
f 669 701 702
f 669 608 609
f 669 670 608
f 669 25 702
f 669 26 701
f 669 670 26
f 669 26 25
f 669 26 25
f 669 26 668
f 669 670 668
f 669 670 26
f 605 583 582
f 605 666 583
f 605 666 583
f 605 666 667
f 577 607 578
f 577 576 607
f 577 215 578
f 577 576 339
f 570 607 608
f 570 569 608
f 570 607 608
f 570 621 607
f 570 621 607
f 570 621 569
f 570 621 660
f 570 708 660
f 570 660 569
f 570 621 569
f 570 621 660
f 570 660 569
f 570 708 660
f 570 569 709
f 301 338 247
f 429 340 339
f 429 339 393
f 442 447 358
f 442 378 443
f 442 376 443
f 442 378 379
f 442 380 379
f 442 380 381
f 444 376 375
f 444 376 443
f 444 378 443
f 444 380 381
f 444 378 379
f 444 380 379
f 444 380 378
f 444 383 381
f 444 383 384
f 444 386 384
f 365 371 370
f 365 370 446
f 365 371 370
f 365 368 446
f 365 444 374
f 365 370 366
f 365 450 447
f 365 376 358
f 365 442 447
f 365 376 375
f 365 444 375
f 365 444 447
f 365 368 366
f 365 450 447
f 365 376 358
f 365 442 376
f 365 442 376
f 365 442 447
f 365 368 367
f 365 358 379
f 365 442 358
f 365 358 357
f 454 368 367
f 454 367 455
f 454 365 455
f 248 161 247
f 248 301 247
f 205 163 162
f 205 161 162
f 205 160 161
f 212 577 339
f 212 577 338
f 212 338 247
f 246 161 247
f 246 160 161
f 246 248 161
f 246 248 161
f 246 248 157
f 112 708 207
f 464 454 452
f 464 454 455
f 464 368 367
f 464 368 455
f 464 368 446
f 464 454 368
f 464 454 368
f 464 367 366
f 464 370 446
f 464 372 370
f 48 136 137
f 48 47 137
f 48 687 136
f 48 47 687
f 48 47 51
f 48 47 51
f 45 47 46
f 45 48 695
f 45 48 47
f 45 48 695
f 45 687 46
f 45 46 685
f 45 46 685
f 45 50 697
f 506 508 501
f 506 504 501
f 506 508 585
f 506 504 585
f 506 508 585
f 506 504 585
f 506 508 497
f 506 504 505
f 506 590 505
f 506 592 505
f 506 592 593
f 506 595 593
f 506 595 505
f 218 154 221
f 218 149 221
f 218 238 221
f 218 238 221
f 662 663 667
f 662 663 705
f 662 607 663
f 662 621 607
f 662 621 607
f 662 708 663
f 662 708 709
f 662 708 663
f 539 538 618
f 539 538 620
f 457 184 366
f 457 184 366
f 457 464 366
f 457 464 454
f 457 184 185
f 546 638 639
f 546 547 638
f 546 547 638
f 546 464 547
f 537 538 618
f 537 538 617
f 537 538 620
f 513 514 583
f 513 514 583
f 513 492 514
f 513 514 585
f 513 514 585
f 513 426 514
f 513 592 514
f 513 514 424
f 513 592 514
f 513 595 514
f 513 595 514
f 518 577 578
f 518 593 608
f 581 522 608
f 581 607 608
f 581 576 607
f 581 666 580
f 581 605 666
f 581 605 666
f 581 513 514
f 581 513 514
f 581 492 580
f 581 513 492
f 573 662 663
f 532 534 618
f 532 534 617
f 532 616 617
f 80 71 710
f 80 71 710
f 80 712 711
f 80 71 711
f 80 712 713
f 80 715 716
f 80 15 716
f 80 15 717
f 80 79 16
f 80 15 16
f 80 15 79
f 80 15 717
f 80 15 79
f 80 718 717
f 714 713 706
f 714 715 706
f 714 80 713
f 714 80 715
f 714 457 712
f 714 457 716
f 714 712 455
f 656 717 655
f 656 657 717
f 656 715 655
f 656 657 715
f 656 657 717
f 656 714 715
f 656 714 657
f 656 718 655
f 656 718 717
f 656 718 717
f 656 655 667
f 656 657 667
f 656 714 713
f 656 714 657
f 656 655 667
f 656 657 667
f 656 712 713
f 656 657 712
f 656 657 621
f 656 657 712
f 658 657 715
f 658 714 715
f 658 659 705
f 658 657 705
f 658 714 657
f 658 713 659
f 658 714 713
f 658 659 667
f 658 657 667
f 658 714 657
f 658 659 667
f 658 657 667
f 658 712 713
f 658 657 712
f 658 621 659
f 658 657 621
f 658 712 711
f 658 657 712
f 658 710 711
f 658 621 569
f 658 710 569
f 658 710 621
f 658 710 621
f 658 657 621
f 645 718 643
f 645 718 717
f 645 643 717
f 645 717 648
f 191 358 357
f 407 319 406
f 407 408 319
f 407 408 319
f 407 406 322
f 407 408 322
f 407 406 322
f 407 408 322
f 407 406 323
f 407 408 323
f 407 406 325
f 407 408 325
f 407 408 325
f 407 405 325
f 407 406 405
f 407 408 327
f 407 405 327
f 407 405 327
f 407 411 327
f 407 408 411
f 407 329 405
f 407 329 411
f 407 329 330
f 407 329 330
f 495 508 583
f 495 494 583
f 495 494 508
f 495 494 583
f 495 585 496
f 495 510 511
f 495 494 510
f 495 328 585
f 495 494 328
f 495 581 511
f 495 327 328
f 495 327 585
f 495 492 494
f 495 581 492
f 495 492 494
f 495 581 492
f 495 585 586
f 495 585 496
f 495 494 422
f 693 601 598
f 693 590 592
f 693 666 601
f 693 590 588
f 693 590 588
f 693 666 590
f 693 666 667
f 693 666 694
f 693 601 602
f 693 666 602
f 693 666 601
f 693 676 694
f 693 678 667
f 693 678 676
f 693 676 694
f 693 678 676
f 693 694 677
f 693 220 692
f 693 57 692
f 693 678 677
f 693 55 57
f 693 55 694
f 693 33 694
f 693 55 692
f 693 55 694
f 693 33 694
f 693 52 692
f 693 52 694
f 693 694 34
f 693 50 52
f 693 50 52
f 693 694 36
f 693 692 36
f 693 694 36
f 693 48 47
f 693 48 47
f 693 692 38
f 693 694 38
f 693 45 47
f 693 45 47
f 693 39 692
f 693 694 39
f 693 40 39
f 693 40 694
f 693 43 42
f 693 40 692
f 693 40 694
f 693 42 692
f 693 694 42
f 413 501 322
f 413 412 322
f 413 412 501
f 413 500 501
f 413 412 322
f 413 500 501
f 413 412 501
f 413 412 323
f 413 412 325
f 413 412 325
f 413 412 327
f 413 412 327
f 413 412 411
f 490 426 489
f 490 426 493
f 490 513 514
f 490 489 580
f 425 392 394
f 425 426 392
f 425 490 426
f 425 513 514
f 425 513 426
f 425 490 426
f 425 510 511
f 425 510 426
f 425 505 498
f 425 493 498
f 425 493 505
f 587 588 325
f 587 223 325
f 587 223 586
f 587 588 496
f 587 223 222
f 587 223 588
f 587 495 586
f 587 495 496
f 587 495 496
f 587 497 496
f 587 588 497
f 587 221 222
f 587 221 588
f 587 221 220
f 587 221 588
f 587 588 220
f 587 500 501
f 587 500 588
f 587 220 586
f 587 220 692
f 587 693 588
f 587 504 501
f 587 504 588
f 587 693 692
f 587 693 588
f 587 506 504
f 587 506 504
f 587 694 586
f 587 693 694
f 587 666 694
f 587 666 588
f 587 506 508
f 587 506 508
f 587 666 602
f 587 601 602
f 587 666 601
f 587 666 601
f 587 510 511
f 587 510 588
f 587 601 600
f 587 601 588
f 587 600 599
f 587 588 600
f 587 513 514
f 587 513 514
f 587 608 599
f 587 588 608
f 224 325 324
f 224 223 325
f 224 588 325
f 224 226 225
f 224 587 588
f 224 587 223
f 224 587 223
f 224 230 324
f 224 226 230
f 224 226 225
f 224 231 230
f 224 225 231
f 224 590 588
f 224 590 225
f 224 590 223
f 224 231 233
f 224 225 231
f 224 590 225
f 224 234 233
f 224 223 234
f 224 225 234
f 224 225 234
f 224 223 234
f 224 225 235
f 224 223 235
f 224 225 136
f 224 223 136
f 224 223 136
f 224 136 137
f 224 225 137
f 224 225 136
f 224 223 140
f 224 140 139
f 224 225 139
f 224 225 140
f 224 225 140
f 224 140 142
f 224 223 140
f 224 225 142
f 224 225 142
f 224 223 142
f 224 154 225
f 224 223 154
f 224 223 154
f 589 590 588
f 589 500 588
f 589 590 500
f 589 588 501
f 589 501 502
f 589 590 502
f 589 590 501
f 589 504 588
f 589 590 504
f 589 506 504
f 589 506 508
f 589 590 504
f 589 506 504
f 589 506 590
f 589 510 588
f 589 590 508
f 589 510 591
f 589 513 514
f 589 513 514
f 589 518 608
f 589 595 591
f 589 590 598
f 589 590 588
f 589 595 608
f 589 595 608
f 589 598 597
f 589 588 598
f 589 608 597
f 589 588 608
f 690 590 591
f 690 592 591
f 690 592 593
f 690 590 223
f 690 224 590
f 690 224 590
f 690 128 52
f 690 52 51
f 690 598 599
f 690 598 689
f 690 50 51
f 690 50 52
f 690 600 599
f 690 600 689
f 690 601 600
f 690 601 600
f 690 48 47
f 690 601 602
f 690 601 602
f 690 47 46
f 690 602 667
f 690 45 46
f 690 678 667
f 690 43 689
f 690 689 681
f 690 689 42
f 690 40 689
f 690 40 689
f 596 595 685
f 596 685 686
f 596 597 686
f 596 683 597
f 596 595 683
f 596 595 685
f 596 682 683
f 596 595 682
f 596 687 597
f 596 595 687
f 596 682 597
f 596 595 597
f 596 595 682
f 596 687 689
f 596 598 689
f 596 690 598
f 596 693 598
f 596 595 591
f 596 590 598
f 596 589 591
f 596 589 590
f 596 589 590
f 594 593 685
f 594 595 685
f 594 593 683
f 594 595 683
f 594 593 685
f 594 595 685
f 594 593 682
f 594 595 682
f 594 595 593
f 594 593 687
f 594 595 687
f 594 690 593
f 594 596 595
f 594 596 690
f 594 595 592
f 594 595 592
f 594 596 595
f 594 690 592
f 594 693 592
f 594 596 693
f 594 590 592
f 594 596 590
f 594 596 693
f 594 596 590
f 594 693 590
f 594 666 590
f 594 693 666
f 594 693 666
f 347 298 382
f 347 382 346
f 347 346 383
f 347 385 346
f 347 386 385
f 347 436 346
f 347 386 387
f 347 438 346
f 347 710 711
f 347 710 346
f 347 346 449
f 347 450 449
f 351 380 381
f 351 382 381
f 351 380 379
f 351 382 438
f 351 378 379
f 351 349 378
f 351 438 439
f 351 378 352
f 351 450 449
f 448 438 475
f 448 351 449
f 448 347 346
f 448 347 438
f 448 439 352
f 448 351 439
f 448 353 449
f 448 462 475
f 448 462 449
f 448 353 352
f 448 353 449
f 448 569 475
f 448 569 449
f 448 353 354
f 448 355 449
f 448 355 449
f 448 447 355
f 448 569 346
f 448 449 357
f 448 447 357
f 448 358 449
f 448 447 358
f 448 358 449
f 448 447 358
f 448 365 447
f 448 365 447
f 285 284 386
f 285 284 384
f 285 380 378
f 285 284 378
f 285 284 378
f 285 376 284
f 285 376 284
f 285 284 374
f 285 284 374
f 285 284 372
f 285 284 372
f 285 284 370
f 285 284 368
f 285 284 368
f 285 284 367
f 285 358 284
f 285 358 284
f 285 284 357
f 285 355 284
f 285 355 284
f 285 353 284
f 285 353 284
f 297 392 299
f 297 387 299
f 297 386 387
f 297 298 384
f 297 295 386
f 297 385 384
f 297 386 385
f 297 386 385
f 297 295 383
f 297 298 383
f 297 382 295
f 297 298 382
f 297 347 298
f 297 347 382
f 297 347 298
f 278 272 277
f 278 355 354
f 278 355 277
f 278 357 277
f 278 358 357
f 278 358 277
f 278 277 367
f 278 368 277
f 278 368 277
f 278 277 370
f 278 372 277
f 281 267 280
f 281 280 353
f 281 280 355
f 281 280 355
f 281 280 357
f 281 280 358
f 281 280 358
f 281 280 367
f 281 280 368
f 281 280 378
f 281 280 368
f 281 280 376
f 281 280 370
f 281 280 376
f 281 280 372
f 281 280 374
f 281 280 372
f 281 280 374
f 232 231 233
f 232 140 231
f 232 228 227
f 232 225 233
f 232 225 227
f 232 226 231
f 232 226 227
f 232 226 225
f 232 226 225
f 318 234 233
f 318 232 233
f 318 319 231
f 318 232 231
f 318 319 231
f 318 320 322
f 318 319 322
f 318 319 323
f 318 320 322
f 318 319 322
f 318 319 320
f 318 408 319
f 318 319 406
f 318 402 404
f 318 319 404
f 318 319 402
f 318 319 402
f 313 311 235
f 313 327 328
f 313 328 235
f 313 311 328
f 316 318 406
f 316 318 231
f 316 315 402
f 316 318 402
f 316 232 315
f 316 315 402
f 316 318 402
f 316 315 234
f 316 319 401
f 316 318 319
f 316 318 319
f 316 325 321
f 316 319 321
f 309 238 330
f 309 238 310
f 309 238 239
f 309 238 239
f 309 393 308
f 309 310 393
f 309 392 393
f 309 241 308
f 309 241 310
f 237 221 220
f 237 238 220
f 237 238 221
f 237 221 222
f 237 238 221
f 237 223 222
f 237 238 223
f 237 224 223
f 237 224 225
f 237 238 223
f 237 224 223
f 237 225 227
f 237 154 225
f 237 232 227
f 237 232 228
f 237 228 154
f 237 154 225
f 237 238 225
f 237 232 233
f 237 228 154
f 237 154 239
f 237 313 232
f 237 232 239
f 237 232 228
f 237 238 311
f 332 238 239
f 332 309 238
f 332 309 310
f 332 330 580
f 332 489 580
f 332 490 489
f 307 241 308
f 307 334 391
f 307 391 392
f 307 392 308
f 307 392 304
f 335 334 241
f 335 336 215
f 335 307 334
f 335 307 336
f 335 334 391
f 335 336 391
f 335 334 392
f 335 336 392
f 335 334 426
f 335 336 426
f 335 334 393
f 335 336 393
f 509 508 585
f 509 510 585
f 509 508 583
f 509 510 583
f 509 508 585
f 509 510 585
f 509 508 583
f 509 510 583
f 509 587 508
f 509 587 510
f 509 495 508
f 509 495 510
f 509 587 508
f 509 587 510
f 509 495 494
f 509 495 494
f 509 589 508
f 509 589 510
f 509 494 510
f 509 589 508
f 509 589 510
f 509 592 508
f 509 510 592
f 509 592 508
f 509 510 592
f 509 595 508
f 509 510 595
f 509 595 508
f 509 510 595
f 665 663 667
f 665 666 667
f 665 666 705
f 665 607 663
f 665 666 607
f 665 666 706
f 665 666 578
f 665 666 578
f 665 577 578
f 119 118 63
f 119 68 121
f 119 68 118
f 119 121 155
f 119 156 155
f 119 118 157
f 119 71 156
f 119 71 156
f 67 119 68
f 67 708 17
f 67 68 708
f 67 68 708
f 67 68 25
f 67 68 26
f 67 122 68
f 67 123 122
f 133 222 142
f 133 221 222
f 133 223 222
f 133 224 225
f 133 52 51
f 133 50 51
f 64 56 137
f 64 136 137
f 64 30 63
f 64 30 63
f 64 33 34
f 64 63 28
f 64 125 124
f 64 123 124
f 64 63 28
f 64 123 122
f 64 122 121
f 64 63 17
f 64 26 17
f 64 26 25
f 64 119 118
f 64 63 706
f 64 118 63
f 64 63 706
f 60 123 124
f 60 706 700
f 60 701 706
f 60 703 701
f 60 703 701
f 60 703 30
f 60 64 36
f 60 64 36
f 129 122 153
f 129 123 122
f 129 123 122
f 129 123 68
f 129 128 56
f 129 128 56
f 77 15 14
f 77 78 14
f 77 15 16
f 77 15 79
f 77 78 79
f 77 19 20
f 77 78 20
f 77 78 20
f 77 78 22
f 77 78 22
f 77 164 163
f 77 163 162
f 77 112 161
f 77 26 24
f 77 164 167
f 77 161 162
f 77 167 26
f 77 78 167
f 77 167 26
f 77 161 28
f 77 161 158
f 77 161 28
f 178 188 187
f 178 177 179
f 178 188 179
f 178 187 179
f 178 182 179
f 654 655 705
f 654 653 705
f 654 655 620
f 654 653 620
f 654 718 717
f 654 653 718
f 654 623 655
f 654 717 655
f 654 653 717
f 654 715 655
f 654 653 715
f 654 714 715
f 654 714 653
f 654 712 713
f 654 714 713
f 654 714 713
f 654 714 653
f 651 718 717
f 651 714 653
f 651 717 716
f 651 653 717
f 651 714 653
f 651 653 715
f 651 648 716
f 652 653 727
f 652 5 705
f 652 653 705
f 652 5 650
f 652 651 650
f 652 5 6
f 652 650 705
f 652 653 620
f 652 5 6
f 652 6 650
f 652 651 650
f 652 653 625
f 652 651 653
f 652 653 718
f 652 651 718
f 652 651 653
f 652 620 668
f 652 650 668
f 652 650 620
f 679 597 609
f 679 678 609
f 679 678 597
f 679 598 597
f 679 678 598
f 679 678 598
f 679 682 598
f 679 682 598
f 679 678 600
f 679 682 600
f 679 682 689
f 679 601 682
f 679 678 601
f 679 690 689
f 679 601 682
f 679 690 678
f 679 601 602
f 679 678 601
f 679 678 602
f 679 690 602
f 679 690 602
f 688 226 591
f 688 226 687
f 688 592 591
f 688 592 687
f 688 226 687
f 688 592 593
f 688 592 593
f 688 687 50
f 688 594 593
f 688 594 593
f 688 594 595
f 688 594 595
f 688 48 47
f 688 48 47
f 688 596 687
f 688 596 595
f 688 596 595
f 688 47 46
f 688 47 687
f 688 45 46
f 688 45 687
f 688 43 689
f 688 687 43
f 688 689 42
f 688 687 42
f 688 40 689
f 688 687 40
f 688 40 689
f 688 687 40
f 688 687 39
f 688 690 39
f 688 690 689
f 688 687 38
f 688 690 38
f 688 687 36
f 688 690 36
f 688 690 36
f 688 690 689
f 688 685 36
f 688 687 685
f 688 682 689
f 688 687 682
f 688 34 685
f 688 34 685
f 688 683 685
f 688 682 683
f 688 687 683
f 688 687 682
f 151 149 215
f 151 226 225
f 434 433 340
f 434 387 346
f 434 433 388
f 302 301 338
f 302 301 340
f 302 301 338
f 302 246 338
f 302 301 340
f 302 248 301
f 302 301 386
f 428 392 427
f 428 338 339
f 428 429 339
f 428 429 338
f 428 335 336
f 428 335 336
f 428 335 334
f 430 340 341
f 430 429 340
f 430 429 340
f 430 392 393
f 430 429 393
f 430 429 338
f 430 428 392
f 430 428 429
f 430 428 392
f 430 426 392
f 430 426 514
f 430 425 426
f 430 513 514
f 430 425 392
f 430 392 424
f 441 384 443
f 441 383 384
f 441 383 384
f 441 382 383
f 441 382 383
f 441 382 381
f 441 382 381
f 441 442 381
f 441 448 354
f 441 355 354
f 441 355 356
f 441 447 355
f 441 380 381
f 441 442 380
f 441 448 355
f 441 448 447
f 441 447 357
f 441 380 379
f 441 442 380
f 441 379 356
f 441 357 379
f 441 447 358
f 441 442 447
f 441 365 357
f 441 365 358
f 441 365 442
f 441 365 379
f 441 365 442
f 441 378 379
f 441 442 378
f 441 442 378
f 445 444 443
f 445 386 384
f 445 444 386
f 445 383 384
f 445 444 383
f 445 383 381
f 445 444 383
f 445 380 381
f 445 444 380
f 445 380 378
f 445 444 380
f 445 378 446
f 445 444 378
f 445 376 446
f 445 444 376
f 445 376 375
f 445 444 376
f 445 374 375
f 445 444 374
f 445 374 446
f 445 365 447
f 445 468 447
f 445 365 374
f 445 365 444
f 445 365 444
f 445 371 446
f 445 365 371
f 445 365 371
f 360 365 371
f 360 358 371
f 360 365 374
f 360 365 371
f 360 358 374
f 360 358 371
f 360 365 358
f 360 358 374
f 360 365 374
f 360 365 358
f 360 278 277
f 360 285 284
f 360 285 284
f 360 281 280
f 360 277 276
f 360 276 275
f 360 275 359
f 360 188 359
f 360 455 359
f 360 454 455
f 467 539 466
f 467 539 468
f 467 447 466
f 467 468 447
f 467 537 466
f 467 537 468
f 467 445 468
f 467 445 468
f 467 532 534
f 467 532 468
f 467 468 444
f 208 248 207
f 208 112 207
f 208 160 207
f 208 246 160
f 208 119 118
f 208 207 157
f 199 167 198
f 199 200 167
f 258 181 177
f 258 181 189
f 345 205 295
f 345 709 346
f 345 205 709
f 345 205 708
f 345 570 709
f 345 570 708
f 345 297 298
f 345 205 708
f 345 570 708
f 345 298 346
f 345 448 570
f 345 570 569
f 345 448 569
f 345 448 570
f 345 346 383
f 345 385 346
f 345 438 346
f 345 448 438
f 345 448 438
f 345 436 346
f 345 448 436
f 345 386 385
f 345 386 387
f 345 387 346
f 345 434 346
f 345 434 433
f 213 212 577
f 213 577 338
f 213 212 577
f 213 577 215
f 213 212 118
f 213 118 215
f 213 156 157
f 213 241 214
f 213 156 241
f 213 156 241
f 213 156 155
f 213 212 156
f 213 122 121
f 213 212 122
f 213 154 155
f 213 212 154
f 213 123 122
f 213 212 123
f 213 154 153
f 213 212 154
f 213 123 124
f 213 212 123
f 213 125 124
f 213 212 125
f 213 151 212
f 213 151 149
f 116 212 118
f 116 67 115
f 116 67 68
f 116 208 207
f 116 205 115
f 116 205 160
f 116 115 162
f 116 160 162
f 116 115 161
f 116 160 161
f 116 160 115
f 245 212 338
f 245 246 338
f 245 246 212
f 245 302 246
f 245 246 157
f 245 208 246
f 245 307 246
f 245 246 156
f 245 309 246
f 245 246 156
f 245 309 246
f 245 246 154
f 245 246 154
f 111 112 708
f 111 80 112
f 111 112 205
f 111 80 112
f 111 164 112
f 111 112 163
f 111 77 163
f 111 77 112
f 70 67 68
f 70 68 708
f 70 116 68
f 70 116 68
f 70 68 69
f 70 68 708
f 70 116 71
f 70 708 709
f 70 80 112
f 70 80 112
f 70 80 708
f 70 80 71
f 70 119 71
f 70 22 69
f 70 71 22
f 70 710 709
f 70 71 710
f 70 71 710
f 70 22 17
f 70 71 22
f 70 20 17
f 70 71 20
f 70 71 20
f 197 198 109
f 197 196 353
f 197 285 284
f 197 285 198
f 197 285 284
f 197 351 198
f 197 285 351
f 197 285 351
f 465 447 466
f 465 464 447
f 465 539 466
f 465 539 464
f 465 444 443
f 465 532 534
f 465 537 466
f 465 445 444
f 465 467 444
f 465 467 466
f 465 467 445
f 465 467 445
f 49 51 43
f 49 48 51
f 49 50 51
f 49 50 51
f 49 48 51
f 49 45 48
f 49 50 136
f 49 48 136
f 49 695 50
f 49 48 695
f 49 50 696
f 49 45 696
f 49 45 50
f 49 48 687
f 49 695 50
f 49 48 695
f 49 50 136
f 49 687 136
f 49 687 50
f 49 688 687
f 49 688 48
f 49 693 50
f 49 693 48
f 49 688 50
f 49 688 48
f 49 693 50
f 49 693 48
f 49 690 50
f 49 690 48
f 507 506 508
f 507 506 497
f 507 506 505
f 507 508 497
f 507 493 497
f 507 493 505
f 507 494 493
f 507 509 494
f 507 509 510
f 507 494 497
f 507 494 508
f 507 509 494
f 507 510 426
f 507 506 505
f 507 509 508
f 507 425 493
f 507 425 426
f 507 425 510
f 507 505 424
f 507 510 424
f 507 422 505
f 507 595 508
f 507 506 595
f 507 425 505
f 507 425 510
f 507 595 508
f 507 506 595
f 507 592 508
f 507 506 592
f 507 592 508
f 507 506 592
f 507 590 508
f 507 506 590
f 507 589 590
f 507 589 506
f 507 589 506
f 216 218 154
f 216 153 215
f 216 154 153
f 216 151 149
f 216 154 155
f 216 239 155
f 216 154 221
f 216 218 154
f 216 221 239
f 216 218 221
f 216 335 334
f 216 125 124
f 216 241 215
f 216 335 215
f 216 335 241
f 216 215 578
f 216 123 124
f 216 336 215
f 216 335 336
f 216 335 336
f 216 123 122
f 216 122 215
f 165 164 78
f 165 77 78
f 165 77 164
f 165 77 164
f 165 111 164
f 202 347 712
f 268 176 269
f 268 267 176
f 268 269 177
f 268 267 177
f 268 180 269
f 268 267 180
f 268 180 269
f 268 267 180
f 268 269 181
f 268 267 181
f 268 269 185
f 268 267 185
f 268 186 269
f 268 267 186
f 268 186 269
f 268 267 186
f 268 188 269
f 268 267 188
f 268 188 269
f 268 267 188
f 268 194 269
f 268 267 280
f 268 281 280
f 268 281 267
f 268 269 284
f 268 285 284
f 268 285 267
f 266 267 176
f 266 267 177
f 266 267 180
f 266 267 180
f 266 267 181
f 266 267 185
f 266 267 186
f 266 267 186
f 266 267 188
f 266 267 188
f 266 281 267
f 266 285 267
f 661 660 667
f 661 662 667
f 661 660 705
f 661 662 705
f 661 662 621
f 661 710 660
f 661 660 667
f 661 621 667
f 661 621 660
f 661 573 662
f 661 710 709
f 661 662 709
f 661 710 660
f 661 708 660
f 661 662 708
f 661 708 660
f 661 662 708
f 624 654 712
f 624 654 713
f 624 654 712
f 624 654 653
f 624 653 625
f 624 654 653
f 624 654 623
f 624 561 625
f 541 467 468
f 541 465 464
f 541 465 539
f 541 467 466
f 541 465 466
f 630 645 646
f 630 646 648
f 473 441 448
f 473 438 440
f 548 457 547
f 548 547 638
f 548 547 638
f 548 547 637
f 461 464 547
f 461 548 547
f 461 567 462
f 461 462 449
f 461 450 449
f 461 450 462
f 725 554 639
f 725 727 5
f 725 7 5
f 725 643 641
f 725 651 727
f 725 727 650
f 725 727 648
f 725 727 648
f 458 561 718
f 458 457 718
f 458 457 717
f 458 714 457
f 458 548 457
f 458 457 464
f 458 454 455
f 458 457 454
f 535 534 618
f 535 537 618
f 535 537 534
f 535 534 617
f 535 616 620
f 535 616 534
f 535 616 534
f 535 467 468
f 535 467 534
f 535 467 537
f 535 465 534
f 535 465 537
f 535 465 537
f 564 714 715
f 564 458 714
f 564 458 714
f 610 669 609
f 610 669 670
f 610 513 514
f 610 671 670
f 610 671 672
f 610 510 511
f 610 673 672
f 610 509 510
f 610 673 674
f 610 507 509
f 610 675 674
f 610 507 505
f 610 609 677
f 610 676 609
f 610 675 676
f 610 675 676
f 610 609 681
f 512 583 511
f 512 513 583
f 512 581 511
f 512 581 513
f 512 583 511
f 512 513 583
f 512 581 492
f 512 581 513
f 512 511 585
f 512 513 585
f 512 511 585
f 512 513 585
f 512 492 493
f 512 490 489
f 512 490 513
f 512 587 511
f 512 587 513
f 512 587 588
f 512 587 513
f 512 589 588
f 512 589 513
f 512 489 427
f 512 430 513
f 512 430 428
f 512 589 591
f 512 589 513
f 512 426 427
f 512 513 426
f 512 592 591
f 512 513 592
f 512 425 426
f 512 425 513
f 512 592 593
f 512 513 592
f 512 425 511
f 512 425 513
f 512 595 593
f 512 513 595
f 512 511 424
f 512 513 424
f 512 595 511
f 512 513 595
f 512 610 511
f 512 610 513
f 516 489 578
f 516 490 489
f 516 592 593
f 520 581 576
f 520 576 580
f 520 608 585
f 520 577 576
f 606 581 607
f 606 581 605
f 606 607 580
f 606 581 607
f 606 581 605
f 606 666 580
f 606 605 666
f 606 605 582
f 606 665 666
f 606 665 666
f 606 666 607
f 606 605 666
f 606 583 582
f 606 607 583
f 606 607 583
f 606 607 608
f 606 607 578
f 606 665 578
f 606 665 607
f 606 607 608
f 606 608 667
f 606 605 667
f 526 570 608
f 526 525 608
f 526 525 570
f 526 570 569
f 526 525 570
f 526 525 608
f 526 525 569
f 526 610 525
f 572 607 608
f 572 573 607
f 572 525 608
f 572 621 607
f 572 573 621
f 572 661 573
f 572 621 660
f 572 661 660
f 572 661 621
f 572 661 573
f 572 573 662
f 572 661 662
f 572 343 573
f 572 573 708
f 572 661 708
f 572 661 708
f 572 345 708
f 575 573 581
f 575 581 607
f 575 581 576
f 575 576 607
f 575 621 607
f 575 520 518
f 575 340 341
f 575 576 339
f 575 340 339
f 523 581 522
f 523 573 581
f 523 575 581
f 523 575 573
f 523 575 573
f 523 522 608
f 523 572 573
f 523 610 522
f 523 572 522
f 523 465 467
f 533 616 534
f 533 532 534
f 533 532 616
f 533 532 615
f 533 616 534
f 533 615 616
f 533 532 615
f 533 531 561
f 533 532 531
f 533 532 531
f 533 535 473
f 83 79 8
f 622 656 712
f 622 656 655
f 622 656 621
f 622 656 712
f 622 623 655
f 622 624 712
f 622 621 711
f 622 712 711
f 622 657 621
f 622 656 657
f 622 656 657
f 622 654 623
f 622 624 654
f 622 624 654
f 622 621 567
f 622 712 567
f 720 648 650
f 13 718 14
f 13 14 705
f 13 80 718
f 13 12 80
f 13 78 14
f 13 12 78
f 13 80 79
f 13 12 80
f 13 78 79
f 13 12 78
f 10 8 705
f 10 8 9
f 10 78 8
f 10 78 8
f 10 78 79
f 10 80 79
f 169 78 23
f 169 78 22
f 169 78 22
f 169 172 22
f 169 172 78
f 169 197 109
f 169 199 198
f 169 197 198
f 169 197 199
f 195 172 196
f 195 278 354
f 195 354 277
f 195 194 354
f 195 278 272
f 195 268 194
f 195 281 280
f 195 281 196
f 195 272 277
f 195 281 280
f 195 268 267
f 195 268 267
f 195 272 276
f 195 194 272
f 195 281 267
f 195 281 267
f 195 266 267
f 195 266 267
f 195 276 275
f 195 194 276
f 195 275 273
f 195 194 273
f 195 194 275
f 192 357 356
f 192 191 357
f 192 191 275
f 192 191 273
f 192 191 272
f 192 266 191
f 192 191 269
f 192 268 191
f 192 268 191
f 190 178 188
f 190 178 191
f 190 178 191
f 190 192 191
f 190 178 177
f 190 178 176
f 190 189 359
f 190 275 359
f 190 191 275
f 190 189 273
f 190 191 273
f 190 258 177
f 190 358 275
f 190 191 358
f 190 191 358
f 190 272 189
f 190 191 272
f 190 266 267
f 190 266 191
f 190 268 269
f 190 268 191
f 190 268 267
f 190 268 191
f 499 590 323
f 499 500 591
f 499 590 591
f 499 590 500
f 499 589 590
f 499 589 590
f 499 589 500
f 499 589 588
f 499 587 500
f 499 497 498
f 499 588 497
f 499 587 588
f 499 587 500
f 499 587 497
f 499 497 585
f 499 500 585
f 499 506 497
f 499 500 585
f 499 500 504
f 499 506 504
f 499 506 497
f 499 585 496
f 499 497 585
f 499 500 504
f 499 506 504
f 499 506 508
f 499 506 508
f 499 495 508
f 499 495 496
f 499 495 583
f 499 501 583
f 499 500 501
f 499 508 501
f 499 495 508
f 417 495 327
f 417 407 406
f 414 407 408
f 414 408 411
f 414 413 411
f 414 413 327
f 414 408 410
f 414 413 410
f 414 413 325
f 414 413 325
f 414 413 500
f 414 413 323
f 414 499 500
f 414 500 322
f 414 413 322
f 414 413 500
f 416 412 329
f 416 413 412
f 416 414 413
f 416 412 329
f 416 413 412
f 416 329 330
f 416 417 329
f 416 417 329
f 416 413 327
f 416 414 413
f 416 417 327
f 416 407 330
f 416 407 330
f 416 417 407
f 416 417 327
f 416 414 327
f 416 417 405
f 416 414 325
f 416 496 325
f 416 414 325
f 416 495 496
f 416 417 495
f 416 417 495
f 416 497 496
f 416 417 497
f 416 497 325
f 416 497 498
f 416 417 497
f 416 499 498
f 491 492 493
f 491 425 493
f 491 425 490
f 491 425 490
f 491 512 492
f 491 490 493
f 491 512 493
f 491 512 490
f 491 512 513
f 491 512 490
f 491 492 424
f 491 492 330
f 491 490 330
f 491 513 492
f 491 490 513
f 491 492 514
f 691 690 598
f 691 596 598
f 691 596 690
f 691 594 596
f 691 594 596
f 691 594 592
f 691 594 690
f 691 592 591
f 691 690 592
f 691 590 591
f 691 690 590
f 691 590 222
f 691 690 590
f 691 222 692
f 691 128 692
f 691 128 222
f 691 128 692
f 691 690 128
f 691 223 128
f 691 690 223
f 691 690 223
f 691 52 692
f 691 690 52
f 691 50 52
f 691 690 50
f 691 49 50
f 691 49 690
f 691 49 48
f 691 49 690
f 691 48 47
f 691 690 48
f 691 47 46
f 691 690 47
f 691 45 46
f 691 690 45
f 691 43 42
f 691 690 43
f 691 42 692
f 691 690 42
f 691 40 692
f 691 690 40
f 691 40 39
f 691 690 40
f 691 39 692
f 691 690 39
f 691 692 38
f 691 690 38
f 691 692 36
f 691 690 36
f 691 690 36
f 691 693 36
f 691 693 692
f 691 693 34
f 691 688 34
f 691 688 690
f 691 688 34
f 691 688 690
f 691 693 33
f 691 33 34
f 691 679 690
f 691 690 681
f 691 693 678
f 691 679 678
f 691 693 678
f 691 690 678
f 691 679 690
f 691 33 681
f 691 33 32
f 691 693 33
f 691 694 32
f 691 693 694
f 691 693 694
f 348 349 382
f 348 347 382
f 348 297 347
f 348 349 382
f 348 347 382
f 348 349 380
f 348 349 383
f 348 347 383
f 348 349 385
f 348 347 385
f 348 349 436
f 348 347 436
f 348 349 436
f 348 347 436
f 348 349 438
f 348 347 438
f 348 202 347
f 348 349 438
f 348 347 712
f 348 448 438
f 348 448 347
f 348 448 349
f 348 712 711
f 348 347 711
f 348 448 349
f 348 448 347
f 348 712 567
f 348 349 450
f 348 347 450
f 348 567 455
f 348 347 450
f 350 349 380
f 350 351 380
f 350 349 382
f 350 351 382
f 350 349 380
f 350 351 380
f 350 351 349
f 350 349 382
f 350 382 438
f 350 351 382
f 350 349 383
f 350 438 383
f 350 349 438
f 350 349 438
f 350 351 438
f 350 448 349
f 350 448 351
f 350 448 349
f 350 448 351
f 350 349 450
f 350 351 450
f 350 348 349
f 350 348 567
f 350 712 567
f 350 714 712
f 350 348 712
f 350 199 200
f 286 285 386
f 286 285 384
f 286 285 380
f 286 285 380
f 286 285 378
f 286 285 376
f 286 285 376
f 286 285 374
f 286 285 374
f 286 285 372
f 286 285 370
f 286 285 372
f 286 285 368
f 286 285 367
f 286 285 368
f 286 285 358
f 286 285 357
f 286 360 285
f 286 285 355
f 286 285 358
f 286 360 358
f 286 360 285
f 286 285 355
f 286 285 353
f 286 285 353
f 286 285 351
f 286 285 351
f 286 350 351
f 286 266 267
f 286 266 285
f 286 267 292
f 286 285 292
f 286 268 267
f 286 268 285
f 286 268 285
f 293 292 392
f 293 297 392
f 293 386 387
f 293 292 386
f 293 292 386
f 293 292 383
f 293 345 346
f 293 292 383
f 293 292 380
f 293 348 347
f 293 348 292
f 293 380 378
f 293 292 380
f 293 350 292
f 293 292 378
f 293 350 351
f 293 351 292
f 293 376 352
f 293 292 376
f 293 353 376
f 293 292 353
f 293 353 376
f 293 292 376
f 293 353 355
f 293 292 355
f 293 292 353
f 279 268 269
f 279 268 280
f 279 268 280
f 279 195 280
f 279 195 278
f 279 195 278
f 279 280 355
f 279 278 355
f 279 280 353
f 279 195 353
f 279 195 280
f 279 280 355
f 279 278 355
f 279 280 357
f 279 278 357
f 279 280 358
f 279 278 358
f 279 280 358
f 279 278 358
f 279 360 280
f 279 360 278
f 279 280 367
f 279 278 367
f 279 280 368
f 279 278 368
f 279 280 378
f 279 280 368
f 279 278 368
f 279 280 376
f 279 280 370
f 279 278 370
f 279 280 376
f 279 280 372
f 279 278 372
f 279 280 374
f 279 278 374
f 279 280 372
f 279 278 372
f 279 280 374
f 279 278 374
f 282 281 378
f 282 281 378
f 282 268 281
f 282 281 376
f 282 268 281
f 282 281 376
f 282 266 281
f 282 281 374
f 282 281 374
f 282 266 281
f 282 266 197
f 282 281 372
f 282 281 372
f 282 196 353
f 282 281 196
f 282 281 353
f 282 281 370
f 282 281 355
f 282 281 368
f 282 281 355
f 282 281 368
f 282 281 357
f 282 281 367
f 282 281 358
f 282 281 358
f 282 360 281
f 314 232 315
f 314 315 234
f 314 237 232
f 314 237 313
f 314 315 402
f 314 234 233
f 314 315 234
f 314 237 233
f 314 237 313
f 314 315 402
f 314 233 235
f 314 313 235
f 314 313 235
f 314 315 327
f 314 313 327
f 312 241 310
f 312 239 310
f 312 329 330
f 312 238 239
f 312 329 311
f 312 313 311
f 312 237 238
f 312 237 238
f 312 237 313
f 312 313 311
f 312 237 311
f 312 237 313
f 317 318 232
f 317 316 232
f 317 316 318
f 317 318 232
f 317 316 232
f 317 318 234
f 317 316 234
f 317 316 315
f 317 315 234
f 317 316 318
f 317 316 325
f 317 316 315
f 317 234 324
f 317 234 235
f 317 318 234
f 317 314 235
f 317 314 315
f 317 314 315
f 317 325 324
f 317 315 325
f 317 234 323
f 317 234 320
f 317 318 323
f 317 318 320
f 333 332 238
f 333 218 238
f 333 332 239
f 333 307 239
f 333 307 334
f 333 332 309
f 333 334 578
f 333 334 392
f 333 309 392
f 333 332 489
f 333 334 392
f 333 309 392
f 333 332 309
f 333 334 393
f 333 332 393
f 333 402 403
f 333 332 402
f 333 332 402
f 333 416 332
f 331 309 238
f 331 332 309
f 331 238 330
f 331 332 238
f 331 332 309
f 331 309 330
f 331 309 310
f 331 312 330
f 331 312 310
f 331 312 310
f 331 312 329
f 331 310 393
f 331 332 393
f 331 332 310
f 331 402 330
f 331 332 402
f 331 312 328
f 331 312 329
f 331 402 330
f 331 332 402
f 331 416 332
f 331 330 405
f 331 416 405
f 331 416 330
f 331 416 417
f 331 416 417
f 331 490 330
f 331 332 330
f 331 332 490
f 337 336 215
f 337 577 215
f 337 577 338
f 337 213 338
f 337 336 215
f 337 213 215
f 337 430 429
f 337 245 302
f 337 213 212
f 337 245 212
f 337 245 213
f 337 428 429
f 337 428 336
f 337 428 336
f 337 390 304
f 337 338 304
f 337 338 390
f 337 391 338
f 337 336 391
f 337 338 393
f 337 336 393
f 337 391 338
f 337 336 391
f 337 338 392
f 337 336 392
f 306 334 241
f 306 307 241
f 306 335 307
f 306 333 334
f 306 333 307
f 306 335 307
f 306 307 246
f 306 245 246
f 306 245 307
f 306 337 336
f 306 391 390
f 306 336 391
f 306 307 336
f 306 391 392
f 306 307 392
f 306 307 391
f 305 306 335
f 305 306 245
f 305 335 334
f 305 306 334
f 305 306 335
f 305 337 336
f 305 306 337
f 305 337 390
f 305 306 390
f 305 306 337
f 397 337 336
f 397 325 321
f 397 307 304
f 664 663 705
f 664 665 705
f 664 665 663
f 664 663 706
f 664 665 706
f 664 575 576
f 664 575 576
f 664 577 576
f 664 665 577
f 664 576 607
f 664 577 576
f 664 665 607
f 664 577 607
f 664 665 607
f 664 665 577
f 120 119 156
f 120 208 156
f 120 208 156
f 120 156 121
f 120 119 121
f 120 119 156
f 120 208 207
f 120 208 119
f 120 213 212
f 120 213 121
f 120 119 212
f 120 213 212
f 120 215 121
f 120 213 215
f 120 213 118
f 120 118 215
f 120 119 118
f 120 216 121
f 120 216 215
f 120 216 215
f 120 119 63
f 120 64 121
f 120 64 119
f 120 119 68
f 120 67 68
f 120 67 119
f 134 68 153
f 134 68 153
f 134 64 137
f 134 133 56
f 134 139 137
f 134 146 139
f 134 142 141
f 134 133 142
f 134 139 141
f 134 146 139
f 134 56 55
f 134 133 56
f 134 142 141
f 134 133 142
f 134 133 55
f 134 55 53
f 134 55 53
f 134 133 53
f 134 52 53
f 134 133 52
f 134 52 51
f 134 133 52
f 134 50 51
f 134 133 50
f 134 133 50
f 134 688 50
f 134 688 50
f 134 688 226
f 134 688 226
f 134 226 225
f 134 226 225
f 134 133 225
f 134 224 225
f 134 133 224
f 134 224 223
f 134 133 223
f 134 133 224
f 66 68 137
f 66 64 137
f 66 68 36
f 66 64 36
f 66 134 68
f 66 134 64
f 66 68 36
f 66 64 36
f 66 68 34
f 66 64 34
f 66 134 64
f 66 68 34
f 66 64 34
f 66 68 28
f 66 64 30
f 66 68 31
f 66 64 31
f 66 68 28
f 66 30 31
f 66 68 31
f 66 64 30
f 66 67 123
f 66 129 123
f 66 68 26
f 66 67 68
f 66 129 123
f 66 67 26
f 66 67 123
f 66 67 25
f 66 67 122
f 66 67 17
f 66 120 67
f 66 120 67
f 66 116 67
f 66 67 119
f 62 125 124
f 62 123 124
f 62 123 122
f 62 129 128
f 62 122 121
f 62 122 121
f 62 63 706
f 62 120 63
f 62 120 121
f 62 120 121
f 62 703 704
f 62 64 133
f 62 63 706
f 62 704 706
f 62 704 30
f 62 30 63
f 62 63 28
f 62 30 28
f 62 63 28
f 62 30 28
f 62 30 63
f 59 60 128
f 59 129 60
f 59 125 124
f 59 60 124
f 59 60 125
f 59 134 60
f 59 699 698
f 59 134 60
f 59 699 700
f 59 60 700
f 59 60 136
f 59 60 701
f 59 60 136
f 59 60 701
f 59 64 56
f 59 60 64
f 59 703 32
f 59 60 703
f 59 60 33
f 59 64 56
f 59 60 64
f 59 60 34
f 59 60 36
f 59 703 31
f 59 60 31
f 59 60 703
f 59 60 33
f 59 60 36
f 132 134 68
f 132 66 134
f 132 66 134
f 132 66 64
f 132 64 133
f 132 62 133
f 132 133 142
f 132 59 60
f 132 133 223
f 132 133 56
f 132 133 224
f 132 133 56
f 132 133 55
f 132 133 224
f 132 133 53
f 132 133 52
f 132 133 52
f 76 15 79
f 76 77 15
f 76 77 15
f 76 77 16
f 76 77 19
f 76 111 77
f 76 77 112
f 729 648 647
f 729 645 646
f 729 643 644
f 147 149 128
f 147 146 128
f 147 149 215
f 147 146 129
f 147 216 215
f 147 216 146
f 147 216 149
f 147 132 146
f 147 134 146
f 147 146 221
f 147 146 221
f 147 146 223
f 147 146 224
f 147 146 224
f 147 146 226
f 147 146 226
f 147 146 228
f 144 221 220
f 144 132 133
f 144 221 222
f 144 134 133
f 144 223 222
f 144 134 141
f 144 134 146
f 144 224 223
f 144 224 225
f 144 142 141
f 144 228 142
f 144 228 142
f 144 228 227
f 144 228 141
f 144 146 228
f 144 226 225
f 144 226 227
f 144 141 230
f 144 146 230
f 144 146 141
f 150 149 128
f 150 129 149
f 150 151 129
f 150 132 134
f 150 245 246
f 150 151 230
f 150 151 228
f 150 149 228
f 150 151 228
f 150 149 226
f 150 151 226
f 150 149 226
f 150 151 226
f 150 224 149
f 150 151 224
f 150 224 149
f 150 151 224
f 150 149 223
f 150 151 223
f 150 149 221
f 150 151 221
f 150 218 149
f 150 151 218
f 150 216 151
f 478 520 479
f 478 523 522
f 478 523 479
f 478 572 479
f 478 572 479
f 478 526 479
f 478 479 570
f 478 479 570
f 478 479 569
f 478 479 567
f 303 338 339
f 303 302 338
f 303 340 339
f 303 302 340
f 303 337 338
f 303 337 302
f 303 340 304
f 303 337 245
f 303 304 388
f 303 302 388
f 303 340 387
f 303 302 387
f 303 302 340
f 303 245 246
f 303 245 302
f 303 337 336
f 303 390 304
f 303 246 248
f 303 390 299
f 303 392 390
f 303 246 248
f 303 302 248
f 303 302 246
f 303 392 390
f 303 392 304
f 300 302 388
f 300 387 388
f 300 387 299
f 300 303 299
f 300 303 302
f 300 303 302
f 300 302 387
f 300 302 301
f 300 386 387
f 300 301 386
f 300 386 385
f 300 343 386
f 300 343 301
f 300 301 340
f 300 301 340
f 300 248 340
f 300 248 301
f 431 391 341
f 431 430 341
f 431 391 392
f 431 430 392
f 431 430 340
f 431 430 340
f 431 430 338
f 431 337 430
f 487 430 513
f 487 430 428
f 363 277 276
f 363 276 366
f 363 366 275
f 363 366 185
f 363 186 185
f 363 186 185
f 209 248 340
f 209 208 248
f 209 708 207
f 209 208 207
f 209 208 112
f 209 116 208
f 209 208 246
f 209 245 208
f 209 208 119
f 209 120 208
f 209 208 157
f 209 245 208
f 209 120 208
f 209 208 156
f 209 122 121
f 209 156 121
f 209 208 156
f 114 208 207
f 114 209 208
f 114 205 115
f 114 67 115
f 114 70 67
f 114 70 71
f 114 116 115
f 114 116 212
f 114 209 116
f 114 202 164
f 114 67 68
f 114 70 68
f 114 70 67
f 114 115 161
f 260 258 161
f 260 258 161
f 260 258 163
f 260 258 164
f 260 258 164
f 260 258 167
f 260 169 258
f 260 258 304
f 260 169 258
f 260 297 292
f 260 258 297
f 260 293 297
f 260 293 258
f 260 293 258
f 260 186 189
f 252 303 304
f 252 303 302
f 252 297 298
f 252 300 302
f 252 200 167
f 252 199 200
f 252 169 199
f 344 345 205
f 344 345 205
f 344 343 297
f 344 345 297
f 344 343 708
f 344 345 708
f 344 343 298
f 344 345 298
f 344 572 343
f 344 572 345
f 344 572 343
f 344 572 345
f 344 385 384
f 344 383 384
f 344 345 383
f 344 345 385
f 344 343 448
f 344 345 448
f 344 300 385
f 344 300 343
f 344 300 343
f 344 346 383
f 344 345 346
f 344 345 346
f 344 343 386
f 344 345 386
f 344 345 448
f 344 343 386
f 344 345 386
f 344 343 387
f 344 345 387
f 344 343 434
f 344 345 434
f 344 345 433
f 344 433 388
f 344 343 388
f 344 433 390
f 344 343 390
f 344 343 433
f 110 708 207
f 110 111 708
f 110 80 708
f 110 111 80
f 110 205 204
f 110 111 205
f 110 76 77
f 110 76 111
f 110 199 200
f 110 111 199
f 110 199 198
f 110 164 78
f 110 77 78
f 110 77 164
f 110 165 164
f 110 165 111
f 110 77 164
f 110 111 164
f 110 111 77
f 110 198 109
f 110 167 109
f 44 49 48
f 44 49 45
f 44 48 47
f 44 45 48
f 44 49 43
f 44 47 46
f 44 45 47
f 44 49 50
f 44 49 45
f 44 695 694
f 44 695 696
f 44 45 695
f 44 45 695
f 44 50 42
f 44 693 694
f 44 693 43
f 44 696 42
f 44 693 45
f 44 50 40
f 44 696 697
f 44 45 696
f 44 693 43
f 44 693 45
f 44 50 40
f 44 45 50
f 44 45 697
f 44 691 43
f 44 691 45
f 44 40 697
f 44 40 697
f 44 691 690
f 44 691 690
f 44 690 43
f 44 690 45
f 44 688 43
f 44 688 45
f 44 688 687
f 44 688 45
f 44 687 43
f 44 45 687
f 44 43 685
f 44 45 685
f 44 43 685
f 44 45 685
f 126 216 215
f 126 216 125
f 126 125 220
f 126 215 214
f 126 125 215
f 126 693 220
f 126 149 214
f 126 220 692
f 126 693 692
f 126 693 220
f 126 693 694
f 126 693 57
f 126 213 125
f 126 213 149
f 126 694 57
f 126 125 57
f 126 693 694
f 126 150 149
f 126 150 151
f 126 213 151
f 126 213 151
f 126 59 60
f 126 59 60
f 126 150 128
f 126 150 151
f 126 151 129
f 126 62 125
f 126 129 128
f 126 129 64
f 126 64 125
f 126 64 125
f 126 62 128
f 126 62 128
f 145 144 218
f 145 146 128
f 145 216 146
f 145 146 129
f 145 146 221
f 145 144 221
f 145 132 146
f 145 144 132
f 145 146 221
f 145 144 221
f 145 134 146
f 145 144 134
f 145 144 134
f 145 146 223
f 145 144 223
f 145 146 224
f 145 144 224
f 145 146 224
f 145 144 224
f 145 146 226
f 145 144 226
f 145 146 226
f 145 144 226
f 145 146 228
f 145 144 228
f 145 144 146
f 166 165 78
f 166 110 167
f 166 110 165
f 166 110 165
f 166 110 111
f 166 199 200
f 166 111 199
f 166 199 167
f 166 110 199
f 166 111 112
f 166 165 112
f 166 165 111
f 166 167 198
f 166 110 198
f 166 110 167
f 166 252 165
f 201 202 165
f 201 165 112
f 201 111 112
f 201 202 111
f 201 166 165
f 201 166 202
f 201 110 111
f 201 110 202
f 201 166 200
f 201 110 200
f 201 110 202
f 201 350 349
f 201 348 349
f 201 350 348
f 201 348 202
f 265 169 168
f 265 169 172
f 265 176 177
f 265 266 176
f 265 177 179
f 265 266 177
f 265 180 179
f 265 266 180
f 265 180 181
f 265 266 180
f 265 181 264
f 265 266 181
f 265 185 264
f 265 266 185
f 265 186 185
f 265 266 186
f 265 186 187
f 265 266 186
f 265 286 292
f 265 286 266
f 265 187 189
f 265 286 285
f 265 286 266
f 265 190 189
f 265 190 266
f 265 188 187
f 265 266 188
f 265 266 188
f 265 285 284
f 265 266 285
f 265 190 191
f 265 190 266
f 265 197 284
f 265 192 191
f 265 192 266
f 265 197 196
f 265 266 197
f 265 195 196
f 265 195 266
f 265 195 194
f 265 195 266
f 540 539 618
f 540 541 618
f 540 541 539
f 540 467 539
f 540 541 467
f 540 467 539
f 540 541 467
f 540 465 539
f 540 541 465
f 540 541 465
f 557 638 640
f 628 650 620
f 474 462 475
f 474 567 475
f 474 567 462
f 474 448 462
f 474 448 475
f 474 438 475
f 474 448 439
f 474 473 448
f 474 533 561
f 474 438 439
f 474 473 438
f 474 438 475
f 474 473 438
f 474 533 532
f 474 533 473
f 474 532 531
f 474 473 532
f 474 523 522
f 549 458 548
f 549 548 638
f 549 548 638
f 549 461 548
f 549 548 637
f 549 545 546
f 549 546 547
f 549 548 547
f 553 554 638
f 553 552 638
f 553 725 457
f 553 554 638
f 553 552 638
f 553 458 457
f 553 458 552
f 553 554 636
f 553 552 636
f 553 461 554
f 553 461 552
f 553 554 620
f 553 552 620
f 553 540 541
f 553 540 541
f 553 541 554
f 553 541 552
f 726 3 7
f 726 7 4
f 726 725 7
f 726 3 4
f 726 4 727
f 726 725 727
f 726 553 725
f 726 552 457
f 726 553 552
f 726 552 727
f 726 553 552
f 726 727 639
f 726 725 639
f 726 725 554
f 726 553 554
f 726 553 725
f 726 727 641
f 726 725 641
f 726 727 641
f 726 725 641
f 726 643 727
f 726 725 643
f 726 643 727
f 726 725 643
f 726 645 727
f 726 725 645
f 726 645 727
f 726 725 645
f 726 727 646
f 726 725 646
f 726 725 727
f 724 727 6
f 724 725 727
f 724 653 727
f 724 8 6
f 724 652 653
f 724 654 723
f 724 654 653
f 724 654 653
f 724 652 653
f 724 7 8
f 724 725 7
f 724 725 7
f 724 652 651
f 724 725 651
f 724 652 651
f 724 8 723
f 724 7 723
f 724 7 8
f 724 651 723
f 724 725 651
f 724 723 650
f 724 725 650
f 724 723 648
f 724 725 648
f 724 723 648
f 724 725 648
f 724 646 723
f 724 725 646
f 724 645 646
f 724 725 645
f 724 725 645
f 724 645 643
f 724 645 643
f 724 725 643
f 724 643 641
f 724 725 643
f 724 641 723
f 724 725 641
f 543 554 542
f 543 465 464
f 543 553 554
f 543 465 466
f 543 553 552
f 543 467 466
f 536 537 617
f 536 535 617
f 536 535 537
f 536 537 620
f 536 535 620
f 536 467 537
f 536 535 467
f 536 535 467
f 563 474 564
f 563 533 532
f 563 474 564
f 563 622 623
f 563 622 564
f 563 564 624
f 563 564 621
f 563 622 621
f 563 622 564
f 563 564 624
f 563 564 461
f 563 564 630
f 563 564 458
f 563 645 717
f 563 564 645
f 529 474 528
f 529 474 473
f 566 567 608
f 566 621 567
f 566 567 528
f 566 529 528
f 566 622 621
f 566 478 479
f 566 478 479
f 566 622 712
f 566 622 624
f 566 526 479
f 566 474 567
f 566 624 713
f 566 624 712
f 566 474 567
f 566 714 713
f 566 714 712
f 566 461 567
f 566 714 457
f 566 457 712
f 566 458 457
f 566 712 455
f 566 712 567
f 566 458 455
f 612 608 667
f 612 523 610
f 612 669 670
f 612 610 669
f 612 610 669
f 612 610 671
f 612 520 610
f 612 610 671
f 612 610 673
f 612 610 673
f 612 610 513
f 612 512 610
f 612 512 610
f 515 514 583
f 515 516 583
f 515 581 514
f 515 516 581
f 515 514 583
f 515 516 583
f 515 581 514
f 515 516 581
f 515 514 585
f 515 516 585
f 515 516 580
f 515 514 585
f 515 516 585
f 515 490 580
f 515 516 490
f 515 587 514
f 515 516 587
f 515 491 514
f 515 491 490
f 515 491 490
f 515 490 514
f 515 516 490
f 515 587 514
f 515 516 587
f 515 589 514
f 515 516 589
f 515 589 514
f 515 516 589
f 515 592 514
f 515 516 592
f 515 592 514
f 515 516 592
f 515 595 514
f 515 516 595
f 515 425 426
f 515 430 426
f 515 430 425
f 515 425 514
f 515 595 514
f 515 516 595
f 515 514 424
f 515 610 514
f 515 516 610
f 515 612 610
f 515 612 516
f 517 518 583
f 517 516 583
f 517 581 518
f 517 516 581
f 517 518 583
f 517 516 583
f 517 581 518
f 517 516 581
f 517 518 585
f 517 516 585
f 517 518 580
f 517 516 580
f 517 518 585
f 517 516 585
f 517 518 578
f 517 516 578
f 517 587 518
f 517 516 587
f 517 518 577
f 517 587 518
f 517 516 587
f 517 516 489
f 517 589 518
f 517 516 589
f 517 589 518
f 517 516 589
f 517 518 593
f 517 516 593
f 517 516 595
f 517 595 593
f 517 518 593
f 517 595 608
f 517 516 595
f 517 518 608
f 517 610 518
f 517 516 610
f 517 612 516
f 521 522 583
f 521 520 583
f 521 581 522
f 521 520 581
f 521 520 583
f 521 520 581
f 521 608 583
f 521 522 608
f 521 575 581
f 521 575 581
f 521 575 520
f 521 608 585
f 521 520 585
f 521 520 608
f 521 522 608
f 521 520 608
f 521 610 522
f 521 520 610
f 521 520 610
f 521 572 573
f 521 572 522
f 519 518 583
f 519 520 583
f 519 581 518
f 519 520 581
f 519 518 583
f 519 520 583
f 519 581 518
f 519 520 581
f 519 518 585
f 519 520 585
f 519 518 580
f 519 520 580
f 519 518 585
f 519 520 585
f 519 518 577
f 519 520 577
f 519 587 518
f 519 518 577
f 519 520 577
f 519 520 518
f 519 587 608
f 519 520 608
f 519 589 518
f 519 518 608
f 519 520 608
f 519 587 588
f 519 589 588
f 519 587 518
f 519 589 518
f 519 610 518
f 519 520 610
f 519 612 520
f 519 517 610
f 519 517 612
f 519 478 520
f 519 523 615
f 519 516 615
f 519 478 475
f 519 474 475
f 519 478 522
f 519 478 520
f 519 443 440
f 519 474 523
f 519 474 473
f 519 474 522
f 519 523 443
f 519 443 423
f 519 515 516
f 519 474 523
f 527 526 569
f 527 569 608
f 527 528 608
f 527 526 608
f 527 526 569
f 527 567 608
f 527 567 528
f 527 526 610
f 527 526 567
f 527 566 567
f 527 566 526
f 527 566 479
f 527 566 526
f 527 615 528
f 527 478 479
f 527 478 526
f 527 528 618
f 527 525 615
f 527 525 618
f 527 474 528
f 527 474 525
f 527 474 473
f 527 467 468
f 527 474 473
f 527 465 467
f 574 573 607
f 574 575 607
f 574 575 573
f 574 573 621
f 574 575 621
f 574 575 621
f 574 662 621
f 574 573 662
f 574 573 662
f 574 573 663
f 574 664 663
f 574 664 575
f 574 664 575
f 574 575 341
f 574 479 573
f 574 521 575
f 574 575 520
f 574 575 573
f 574 521 573
f 574 521 575
f 524 572 573
f 524 523 573
f 524 523 572
f 524 572 525
f 524 525 608
f 524 523 608
f 524 572 525
f 524 523 572
f 524 610 525
f 524 523 610
f 524 525 570
f 524 570 522
f 524 523 522
f 524 525 570
f 524 478 479
f 524 478 523
f 524 523 615
f 524 615 618
f 524 525 618
f 524 525 615
f 524 527 525
f 524 474 525
f 524 474 523
f 524 474 473
f 524 474 523
f 524 523 467
f 524 527 467
f 524 523 465
f 524 527 465
f 719 720 12
f 719 13 718
f 719 13 12
f 719 13 12
f 719 718 655
f 719 720 655
f 719 12 80
f 719 720 12
f 719 654 718
f 719 720 654
f 719 654 653
f 719 720 654
f 719 652 653
f 719 720 652
f 719 652 651
f 719 720 652
f 719 458 457
f 719 720 458
f 719 651 718
f 719 720 651
f 719 458 561
f 719 718 648
f 719 720 648
f 719 561 718
f 719 720 646
f 719 718 643
f 719 720 643
f 719 645 646
f 719 645 718
f 719 720 645
f 719 645 718
f 719 720 645
f 722 720 458
f 722 557 457
f 722 557 458
f 722 557 723
f 722 641 723
f 722 643 641
f 722 643 641
f 722 645 643
f 722 651 723
f 722 645 646
f 722 723 650
f 722 723 648
f 722 723 648
f 722 646 648
f 722 646 723
f 11 10 705
f 11 13 705
f 11 13 12
f 11 13 12
f 11 12 78
f 11 10 78
f 11 720 12
f 11 12 78
f 11 10 78
f 11 12 80
f 11 10 80
f 11 10 80
f 11 722 80
f 11 722 12
f 175 268 176
f 175 268 267
f 175 174 268
f 175 266 267
f 175 174 266
f 175 265 266
f 175 265 174
f 175 192 191
f 175 192 174
f 175 178 191
f 175 265 176
f 175 265 174
f 173 174 268
f 173 99 172
f 173 266 172
f 173 174 266
f 173 265 266
f 173 265 174
f 173 265 172
f 173 265 174
f 173 260 258
f 173 260 174
f 418 495 327
f 418 417 327
f 418 417 495
f 418 495 494
f 418 494 329
f 418 417 329
f 418 492 494
f 418 417 495
f 418 492 329
f 418 417 329
f 418 492 494
f 418 417 497
f 418 491 492
f 418 491 490
f 418 331 490
f 418 331 417
f 418 491 490
f 418 331 332
f 418 331 417
f 418 425 490
f 418 332 490
f 418 425 424
f 418 425 490
f 418 425 426
f 418 402 401
f 418 402 403
f 418 416 417
f 418 333 416
f 418 333 403
f 418 416 417
f 418 333 416
f 418 335 336
f 418 333 334
f 418 405 404
f 418 417 405
f 418 335 334
f 418 335 334
f 418 334 426
f 418 333 334
f 420 407 408
f 420 414 408
f 420 422 406
f 420 408 406
f 420 414 413
f 420 413 410
f 420 414 413
f 420 422 497
f 420 422 502
f 420 500 502
f 420 414 500
f 420 406 405
f 420 422 406
f 420 505 410
f 420 413 412
f 420 413 412
f 420 422 497
f 420 422 404
f 420 505 410
f 420 412 502
f 420 495 422
f 420 502 410
f 420 505 502
f 420 422 505
f 420 495 494
f 415 414 407
f 415 416 407
f 415 416 414
f 415 414 407
f 415 420 407
f 415 420 414
f 415 416 499
f 415 420 500
f 415 420 414
f 415 416 417
f 415 420 417
f 415 420 416
f 415 499 500
f 415 414 499
f 415 414 499
f 415 499 323
f 415 416 499
f 415 414 323
f 415 416 414
f 453 350 348
f 453 350 348
f 453 450 455
f 453 348 455
f 453 348 450
f 453 461 450
f 453 350 351
f 453 350 351
f 453 351 455
f 453 351 450
f 453 353 455
f 453 450 353
f 453 353 354
f 453 355 354
f 453 452 355
f 453 450 452
f 453 450 353
f 453 355 356
f 453 452 355
f 453 357 356
f 453 452 357
f 453 358 357
f 453 452 358
f 453 358 455
f 453 454 455
f 453 452 358
f 453 360 452
f 453 360 454
f 453 454 365
f 453 365 367
f 453 365 452
f 453 454 367
f 453 452 368
f 453 454 368
f 453 452 368
f 453 454 368
f 453 454 452
f 287 286 386
f 287 286 386
f 287 383 384
f 287 286 384
f 287 286 380
f 287 286 380
f 287 286 378
f 287 286 376
f 287 286 376
f 287 286 374
f 287 286 374
f 287 286 372
f 287 286 370
f 287 286 372
f 287 286 368
f 287 286 367
f 287 286 368
f 287 286 358
f 287 286 357
f 287 286 360
f 287 286 360
f 287 286 355
f 287 286 355
f 287 286 353
f 287 286 353
f 287 286 351
f 287 286 350
f 287 350 199
f 287 286 350
f 287 286 292
f 294 293 258
f 294 297 295
f 294 295 386
f 294 293 386
f 294 297 386
f 294 293 386
f 294 295 383
f 294 293 383
f 294 297 387
f 294 293 387
f 294 293 297
f 294 345 295
f 294 293 345
f 294 295 383
f 294 293 383
f 294 345 295
f 294 293 345
f 294 295 380
f 294 293 380
f 294 347 295
f 294 293 347
f 294 295 380
f 294 293 380
f 294 348 347
f 294 293 348
f 294 295 378
f 294 293 378
f 294 348 349
f 294 293 348
f 294 349 295
f 294 351 349
f 294 351 378
f 294 293 378
f 294 350 351
f 294 293 350
f 294 293 350
f 294 351 352
f 294 293 352
f 294 293 351
f 270 177 179
f 270 269 177
f 270 180 179
f 270 180 269
f 270 180 181
f 270 180 269
f 270 181 271
f 270 269 181
f 270 271 185
f 270 269 185
f 270 186 271
f 270 186 269
f 270 186 187
f 270 186 269
f 270 188 187
f 270 188 269
f 270 188 271
f 270 188 269
f 270 190 269
f 270 272 271
f 270 190 272
f 270 278 272
f 270 191 269
f 270 190 191
f 270 190 191
f 270 279 278
f 270 279 269
f 270 279 278
f 270 279 280
f 270 279 280
f 270 281 280
f 270 281 280
f 270 282 281
f 270 282 281
f 219 333 218
f 219 333 332
f 219 218 238
f 219 333 332
f 219 238 220
f 219 332 238
f 219 332 330
f 219 331 332
f 219 331 332
f 219 330 220
f 219 331 330
f 219 330 580
f 219 330 580
f 219 580 579
f 219 580 582
f 219 580 220
f 219 125 220
f 219 583 582
f 219 583 220
f 219 125 124
f 219 218 125
f 219 126 125
f 219 126 218
f 219 220 584
f 219 583 584
f 219 583 220
f 219 123 124
f 219 126 220
f 219 126 218
f 219 128 220
f 219 218 128
f 219 144 220
f 219 144 128
f 219 144 218
f 219 145 144
f 219 145 144
f 219 145 146
f 219 145 146
f 219 147 218
f 219 147 146
f 219 147 146
f 244 337 336
f 244 337 213
f 244 337 245
f 244 303 337
f 244 303 337
f 244 303 336
f 244 303 245
f 244 245 213
f 244 305 306
f 244 305 336
f 244 305 245
f 244 306 245
f 244 245 307
f 244 245 157
f 244 245 309
f 244 245 156
f 244 245 309
f 244 245 156
f 244 245 154
f 244 245 154
f 395 335 336
f 395 337 336
f 395 335 334
f 395 337 338
f 395 333 334
f 395 428 338
f 395 333 332
f 395 428 427
f 395 331 332
f 395 426 427
f 395 425 426
f 395 331 328
f 395 331 329
f 395 425 394
f 395 394 424
f 395 313 327
f 395 392 394
f 395 312 328
f 395 312 313
f 395 314 313
f 395 314 315
f 395 312 310
f 395 309 310
f 395 309 308
f 395 307 308
f 395 307 304
f 395 304 299
f 395 392 299
f 395 297 392
f 398 397 424
f 398 397 401
f 398 397 425
f 398 397 425
f 398 397 312
f 398 397 312
f 398 397 314
f 398 397 309
f 398 418 336
f 398 397 314
f 398 397 309
f 398 397 335
f 398 336 426
f 398 397 426
f 398 397 336
f 398 397 316
f 398 397 304
f 398 397 335
f 398 397 316
f 398 397 333
f 398 397 319
f 398 397 333
f 398 397 331
f 398 322 323
f 398 323 321
f 398 397 321
f 398 331 329
f 398 397 331
f 398 397 325
f 398 397 329
f 398 397 327
f 398 397 327
f 65 64 28
f 65 66 28
f 65 66 64
f 65 64 28
f 65 66 28
f 65 64 26
f 65 66 26
f 65 64 26
f 65 66 26
f 65 64 25
f 65 66 25
f 65 64 706
f 65 706 17
f 65 66 17
f 65 64 706
f 65 64 118
f 65 66 116
f 65 64 119
f 65 66 119
f 65 120 64
f 65 66 120
f 65 120 64
f 65 66 120
f 65 64 122
f 65 66 122
f 65 64 123
f 65 66 123
f 65 64 123
f 65 66 123
f 65 66 129
f 65 126 64
f 65 126 129
f 65 126 129
f 65 132 66
f 117 66 67
f 117 66 116
f 117 67 68
f 117 116 67
f 117 65 66
f 117 65 66
f 117 68 118
f 117 116 68
f 117 116 118
f 117 65 118
f 117 65 116
f 117 70 116
f 117 119 118
f 117 70 119
f 117 70 116
f 117 70 119
f 117 119 118
f 117 119 71
f 117 118 157
f 117 205 160
f 117 116 205
f 117 208 118
f 117 116 208
f 117 209 208
f 117 209 116
f 61 60 125
f 61 62 125
f 61 60 123
f 61 62 123
f 61 126 60
f 61 126 62
f 61 60 123
f 61 126 60
f 61 126 62
f 61 123 122
f 61 62 122
f 61 62 123
f 61 60 706
f 61 62 706
f 61 60 128
f 61 62 128
f 61 60 703
f 61 62 703
f 61 129 60
f 61 62 129
f 61 60 703
f 61 703 704
f 61 62 704
f 61 62 703
f 61 60 30
f 61 62 30
f 61 132 60
f 61 132 62
f 61 60 31
f 61 134 60
f 61 64 31
f 61 134 64
f 61 62 64
f 61 64 63
f 61 62 63
f 61 62 64
f 61 64 33
f 61 60 33
f 61 134 64
f 61 134 60
f 61 64 33
f 61 60 33
f 61 64 136
f 61 60 136
f 61 64 34
f 61 60 34
f 61 60 64
f 61 64 136
f 61 60 136
f 61 60 64
f 58 128 57
f 58 59 128
f 58 126 57
f 58 126 59
f 58 129 128
f 58 59 129
f 58 126 125
f 58 126 59
f 58 125 57
f 58 59 125
f 58 132 133
f 58 132 59
f 58 57 698
f 58 59 698
f 58 134 133
f 58 59 134
f 58 699 57
f 58 59 699
f 58 134 56
f 58 699 57
f 58 59 699
f 58 56 57
f 58 134 56
f 58 59 134
f 58 701 57
f 58 59 701
f 58 57 34
f 58 59 34
f 58 56 36
f 58 59 36
f 58 56 136
f 58 59 136
f 58 59 701
f 58 33 57
f 58 59 33
f 58 56 36
f 58 59 36
f 58 59 56
f 58 56 136
f 58 59 136
f 58 59 56
f 58 33 701
f 58 33 701
f 58 33 32
f 58 59 32
f 58 59 33
f 130 129 153
f 130 129 68
f 130 66 129
f 130 65 66
f 130 150 129
f 130 65 129
f 130 129 64
f 130 147 146
f 130 62 129
f 130 145 146
f 130 61 62
f 130 61 129
f 130 145 129
f 130 145 144
f 130 59 129
f 130 144 128
f 130 58 59
f 130 58 129
f 130 219 220
f 130 219 128
f 130 219 128
f 130 128 221
f 130 129 56
f 130 128 221
f 130 690 128
f 130 129 56
f 130 223 128
f 130 690 223
f 130 690 224
f 130 52 53
f 130 128 52
f 130 128 55
f 130 129 128
f 152 134 153
f 152 132 153
f 152 132 134
f 152 150 132
f 152 134 153
f 152 150 134
f 152 153 139
f 152 150 139
f 152 150 153
f 152 130 129
f 152 232 239
f 152 150 232
f 152 150 151
f 152 130 150
f 152 241 153
f 152 150 241
f 152 150 232
f 152 123 124
f 152 129 123
f 152 129 123
f 152 126 129
f 152 126 151
f 152 232 228
f 152 232 228
f 152 150 231
f 152 150 151
f 152 213 212
f 152 213 151
f 152 212 125
f 152 151 212
f 152 126 125
f 152 126 151
f 152 228 231
f 152 228 227
f 152 151 228
f 152 150 245
f 152 244 245
f 152 244 150
f 152 213 153
f 152 213 151
f 152 228 230
f 152 151 230
f 152 151 228
f 152 225 227
f 152 151 225
f 152 153 215
f 152 151 215
f 152 224 225
f 152 151 224
f 152 216 153
f 152 216 151
f 152 224 223
f 152 151 224
f 152 216 218
f 152 223 153
f 152 151 223
f 152 218 221
f 152 151 218
f 152 221 153
f 152 151 221
f 75 79 16
f 75 76 79
f 75 16 17
f 75 76 16
f 75 80 79
f 75 76 19
f 75 110 76
f 75 110 76
f 75 77 19
f 75 76 77
f 75 76 111
f 75 77 20
f 75 77 22
f 75 77 22
f 75 77 161
f 75 76 77
f 101 178 176
f 101 175 99
f 101 175 99
f 101 173 99
f 101 173 99
f 101 99 172
f 101 99 78
f 95 175 78
f 95 350 200
f 95 199 200
f 95 190 188
f 728 652 651
f 728 729 652
f 728 651 727
f 728 729 651
f 728 652 727
f 728 727 650
f 728 729 650
f 728 727 705
f 728 727 648
f 728 729 648
f 728 729 3
f 728 727 648
f 728 729 648
f 728 4 727
f 728 3 4
f 728 3 4
f 728 726 3
f 728 726 729
f 728 727 646
f 728 729 646
f 728 645 727
f 728 729 645
f 728 726 729
f 728 645 727
f 728 729 645
f 728 643 727
f 728 729 643
f 728 643 727
f 728 729 643
f 728 727 641
f 728 729 641
f 728 727 639
f 728 729 639
f 728 727 641
f 728 729 641
f 148 129 149
f 148 147 149
f 148 147 129
f 148 130 129
f 148 130 147
f 148 147 132
f 148 150 132
f 148 150 132
f 148 147 134
f 148 150 134
f 148 150 134
f 148 134 146
f 148 147 134
f 148 150 139
f 148 146 139
f 148 150 140
f 148 146 139
f 148 140 139
f 148 150 140
f 148 232 231
f 148 232 241
f 148 150 232
f 148 231 141
f 148 146 141
f 148 150 241
f 148 150 231
f 148 146 230
f 148 150 230
f 148 146 228
f 148 147 146
f 148 150 228
f 148 150 149
f 148 149 228
f 148 147 228
f 148 149 226
f 148 147 226
f 148 149 226
f 148 147 226
f 148 224 149
f 148 147 224
f 148 224 149
f 148 147 224
f 148 149 223
f 148 147 223
f 148 149 221
f 148 147 221
f 148 149 221
f 148 147 221
f 148 218 149
f 148 147 218
f 148 147 218
f 240 150 232
f 240 313 232
f 240 152 150
f 240 152 150
f 240 148 232
f 240 148 150
f 240 148 150
f 240 312 313
f 240 312 313
f 240 152 239
f 240 152 241
f 240 312 239
f 240 312 241
f 240 154 239
f 240 154 241
f 240 309 239
f 240 309 241
f 240 154 239
f 240 154 241
f 240 309 239
f 240 309 241
f 240 239 155
f 240 307 239
f 240 307 241
f 240 156 155
f 240 156 241
f 240 156 241
f 240 241 215
f 240 333 307
f 240 216 215
f 240 216 239
f 240 216 241
f 240 333 334
f 240 333 334
f 240 306 307
f 240 306 333
f 240 306 333
f 217 150 151
f 217 150 216
f 217 152 151
f 217 152 216
f 217 152 216
f 217 150 218
f 217 150 216
f 217 147 218
f 217 147 216
f 217 147 146
f 217 147 216
f 217 145 146
f 217 145 216
f 217 145 218
f 217 218 128
f 217 145 128
f 217 145 216
f 217 126 218
f 217 126 216
f 217 126 218
f 217 126 216
f 217 218 125
f 217 216 125
f 217 216 123
f 217 219 123
f 217 219 218
f 217 216 123
f 217 219 123
f 217 123 122
f 217 219 579
f 217 122 121
f 217 216 121
f 217 216 122
f 217 578 579
f 217 216 578
f 217 333 578
f 217 219 333
f 217 219 333
f 217 333 334
f 217 335 334
f 217 216 335
f 217 216 335
f 217 333 334
f 217 333 218
f 217 240 334
f 217 216 334
f 217 240 334
f 217 240 216
f 217 216 218
f 217 240 216
f 477 478 436
f 477 448 436
f 477 344 448
f 477 478 570
f 477 478 572
f 477 344 343
f 477 344 343
f 477 478 570
f 477 343 448
f 477 572 343
f 477 478 569
f 477 478 572
f 477 478 567
f 477 566 478
f 477 529 478
f 477 527 478
f 477 527 478
f 477 478 526
f 342 300 301
f 342 300 343
f 342 302 301
f 342 300 341
f 342 300 343
f 342 302 301
f 342 343 301
f 342 298 341
f 342 343 298
f 342 302 386
f 342 343 386
f 342 340 387
f 342 302 340
f 342 302 340
f 342 387 341
f 342 343 387
f 342 343 708
f 342 343 297
f 342 341 388
f 342 343 388
f 342 209 708
f 342 390 341
f 342 343 390
f 342 208 207
f 342 209 208
f 342 209 208
f 342 209 341
f 342 209 708
f 342 574 341
f 342 573 708
f 342 343 573
f 342 391 390
f 342 343 391
f 342 574 573
f 342 574 573
f 342 431 391
f 342 431 343
f 342 477 478
f 342 572 343
f 342 477 572
f 342 477 572
f 342 434 433
f 342 343 434
f 342 479 573
f 342 478 479
f 342 477 343
f 342 477 478
f 342 479 434
f 432 391 392
f 432 431 391
f 432 343 391
f 432 431 343
f 432 392 390
f 432 433 390
f 432 343 433
f 432 431 430
f 432 392 423
f 432 342 343
f 432 342 431
f 432 430 392
f 432 423 437
f 432 342 433
f 432 342 431
f 432 433 340
f 432 431 340
f 432 519 423
f 432 515 430
f 432 433 340
f 432 431 340
f 432 519 516
f 432 430 424
f 432 430 425
f 432 515 425
f 432 515 430
f 432 515 424
f 432 515 516
f 488 513 514
f 488 487 513
f 488 515 514
f 488 515 487
f 488 512 513
f 488 515 516
f 488 515 487
f 488 512 430
f 488 487 430
f 488 517 516
f 488 517 487
f 488 512 430
f 488 487 430
f 488 512 489
f 488 512 428
f 488 487 428
f 488 487 577
f 488 517 489
f 488 517 577
f 488 517 518
f 488 517 487
f 488 426 489
f 488 489 578
f 488 518 577
f 488 487 577
f 488 487 518
f 488 418 426
f 488 418 426
f 488 333 489
f 488 333 332
f 488 418 332
f 488 418 333
f 362 363 365
f 362 281 280
f 362 448 365
f 362 363 448
f 362 279 280
f 362 363 448
f 362 279 278
f 362 363 450
f 362 278 277
f 362 363 277
f 362 363 277
f 362 453 363
f 362 363 276
f 362 453 363
f 362 363 275
f 362 363 454
f 362 363 455
f 362 186 187
f 362 363 186
f 362 186 187
f 362 363 186
f 364 366 185
f 364 363 185
f 364 363 366
f 364 363 365
f 364 455 366
f 364 365 455
f 364 363 455
f 364 454 365
f 364 363 454
f 364 453 454
f 364 453 363
f 364 453 365
f 364 453 363
f 364 365 450
f 364 363 450
f 364 448 365
f 364 363 448
f 364 363 448
f 210 209 340
f 210 340 341
f 210 209 341
f 210 340 339
f 210 212 339
f 210 114 212
f 210 248 340
f 210 209 248
f 210 114 116
f 210 114 209
f 210 248 247
f 210 209 248
f 210 209 246
f 210 209 245
f 210 209 119
f 210 117 116
f 210 117 209
f 210 117 209
f 210 244 209
f 210 209 120
f 210 209 120
f 210 209 157
f 210 209 122
f 210 209 156
f 210 209 156
f 210 123 122
f 210 122 154
f 210 209 122
f 210 123 154
f 113 209 208
f 113 114 209
f 113 208 112
f 113 114 208
f 113 209 112
f 113 112 708
f 113 210 209
f 113 210 114
f 113 210 114
f 113 112 205
f 113 114 205
f 113 70 708
f 113 114 70
f 113 70 112
f 113 70 112
f 113 114 70
f 113 201 202
f 113 114 202
f 113 201 202
f 113 164 112
f 113 114 164
f 113 165 164
f 113 201 165
f 113 201 165
f 113 112 161
f 113 114 161
f 113 76 112
f 113 75 76
f 113 75 76
f 113 114 115
f 113 75 115
f 113 112 163
f 113 114 163
f 203 114 163
f 203 114 202
f 203 163 162
f 203 114 115
f 203 115 162
f 203 164 163
f 203 202 164
f 203 114 115
f 203 202 165
f 203 113 114
f 203 113 114
f 203 113 112
f 203 113 202
f 203 111 112
f 203 202 111
f 203 110 111
f 203 110 202
f 203 110 204
f 203 110 202
f 203 293 346
f 203 202 347
f 203 710 346
f 203 347 710
f 203 202 347
f 203 347 710
f 262 287 286
f 255 252 156
f 255 258 157
f 255 252 157
f 255 258 161
f 255 252 161
f 255 258 161
f 255 252 161
f 255 258 163
f 255 258 164
f 255 258 164
f 255 165 164
f 255 172 196
f 255 173 172
f 255 294 297
f 255 294 258
f 255 258 297
f 255 258 304
f 255 252 304
f 250 246 154
f 250 208 207
f 250 342 207
f 250 342 298
f 250 203 202
f 250 166 202
f 206 344 205
f 206 344 343
f 206 344 343
f 206 248 247
f 206 248 207
f 206 205 161
f 206 248 163
f 206 205 163
f 206 246 247
f 206 246 161
f 206 160 207
f 206 205 160
f 206 248 163
f 206 205 163
f 206 205 248
f 206 208 207
f 206 208 246
f 206 208 207
f 206 208 246
f 206 117 118
f 206 117 205
f 206 117 116
f 206 117 116
f 206 116 207
f 206 116 205
f 206 114 207
f 206 114 205
f 206 113 114
f 206 113 114
f 206 113 112
f 206 113 112
f 206 111 112
f 206 111 112
f 206 110 111
f 206 110 111
f 206 110 207
f 206 110 205
f 206 708 207
f 206 205 708
f 206 205 708
f 296 344 345
f 296 344 345
f 296 345 295
f 296 345 297
f 296 344 343
f 296 347 295
f 296 297 347
f 296 344 205
f 296 344 343
f 296 348 347
f 296 348 297
f 296 342 343
f 296 206 343
f 296 348 349
f 296 206 343
f 296 349 295
f 296 348 349
f 296 295 380
f 296 348 380
f 296 348 297
f 296 382 295
f 296 297 382
f 296 297 382
f 469 540 541
f 469 541 468
f 469 537 468
f 469 539 468
f 469 540 539
f 469 536 537
f 469 448 468
f 469 536 535
f 469 535 468
f 469 468 444
f 469 532 468
f 469 533 532
f 469 445 444
f 469 445 468
f 469 445 468
f 469 467 468
f 469 523 467
f 469 524 523
f 469 524 527
f 469 524 527
f 469 527 468
f 556 557 636
f 556 557 638
f 556 628 557
f 556 557 638
f 556 539 538
f 556 557 723
f 556 724 723
f 556 557 457
f 556 724 457
f 556 557 458
f 556 557 537
f 556 536 537
f 556 536 557
f 556 557 461
f 559 557 636
f 559 557 640
f 559 722 557
f 559 722 720
f 559 722 557
f 559 557 461
f 559 536 535
f 559 533 535
f 559 474 533
f 559 533 535
f 544 549 545
f 544 549 546
f 544 543 467
f 544 467 468
f 544 543 467
f 544 543 465
f 544 543 465
f 544 543 545
f 562 532 531
f 562 563 532
f 562 531 561
f 562 533 532
f 562 563 533
f 562 474 561
f 562 563 474
f 562 563 533
f 562 474 473
f 562 563 474
f 562 561 534
f 562 533 534
f 562 533 561
f 562 563 623
f 562 624 623
f 562 624 561
f 562 563 624
f 562 461 561
f 562 563 461
f 562 624 561
f 562 563 624
f 562 458 561
f 562 563 645
f 562 458 717
f 562 563 717
f 562 563 458
f 562 645 717
f 562 718 717
f 562 561 718
f 562 718 636
f 562 561 636
f 562 561 718
f 463 563 564
f 463 563 564
f 463 474 564
f 463 562 563
f 463 562 563
f 463 474 448
f 463 474 473
f 463 566 474
f 463 562 561
f 463 469 448
f 463 559 557
f 463 556 557
f 463 544 467
f 463 448 468
f 463 467 468
f 463 469 468
f 463 544 468
f 463 544 467
f 463 448 447
f 463 448 462
f 463 467 447
f 463 548 547
f 463 544 548
f 463 469 541
f 463 544 541
f 463 553 554
f 463 544 465
f 463 465 447
f 463 553 552
f 463 546 547
f 463 544 546
f 463 544 465
f 463 450 447
f 463 464 450
f 463 450 462
f 463 465 464
f 463 544 545
f 463 544 545
f 463 546 464
f 463 545 546
f 463 464 454
f 626 562 561
f 626 651 650
f 626 652 651
f 626 652 625
f 626 652 651
f 459 563 564
f 459 563 564
f 459 562 563
f 459 562 563
f 459 566 461
f 459 562 461
f 459 562 458
f 459 566 567
f 459 566 458
f 459 567 455
f 459 461 567
f 459 559 557
f 459 559 557
f 459 450 455
f 459 461 450
f 459 453 450
f 459 453 461
f 459 458 454
f 459 453 454
f 459 556 557
f 459 556 557
f 459 458 464
f 459 553 458
f 459 458 548
f 459 553 458
f 459 549 458
f 627 563 564
f 627 563 564
f 627 645 648
f 627 630 645
f 627 564 645
f 627 564 630
f 627 626 562
f 627 562 563
f 627 626 562
f 627 564 715
f 627 564 714
f 627 564 714
f 627 626 651
f 627 651 648
f 627 651 715
f 627 648 650
f 627 628 650
f 627 628 648
f 627 651 648
f 627 626 651
f 627 628 650
f 627 626 650
f 627 651 714
f 627 651 714
f 614 532 615
f 614 532 531
f 614 563 532
f 614 563 532
f 614 529 615
f 614 615 620
f 614 563 564
f 614 527 615
f 614 615 670
f 614 527 525
f 614 671 615
f 614 524 525
f 614 524 523
f 614 519 523
f 614 519 516
f 614 515 516
f 565 564 621
f 565 566 621
f 565 614 564
f 565 566 608
f 565 612 608
f 565 622 564
f 565 566 622
f 565 566 529
f 565 612 529
f 565 477 529
f 565 566 622
f 565 563 564
f 565 477 529
f 565 477 566
f 565 564 624
f 565 622 624
f 565 622 564
f 565 564 624
f 565 566 624
f 565 474 564
f 565 566 474
f 565 529 478
f 565 566 478
f 565 566 529
f 565 564 714
f 565 566 714
f 565 463 474
f 565 463 566
f 565 564 714
f 565 566 714
f 565 463 564
f 565 463 566
f 565 564 458
f 565 566 458
f 565 564 461
f 565 566 461
f 565 459 564
f 565 459 566
f 565 459 564
f 565 459 566
f 611 608 667
f 611 612 667
f 611 612 608
f 611 608 609
f 611 610 609
f 611 612 610
f 611 528 608
f 611 529 528
f 611 612 529
f 611 612 529
f 611 527 528
f 611 527 610
f 611 527 612
f 611 527 526
f 611 527 612
f 611 526 610
f 611 612 526
f 611 524 610
f 611 524 612
f 611 612 523
f 611 524 523
f 611 524 612
f 486 519 520
f 486 574 520
f 486 574 575
f 486 575 518
f 486 487 518
f 486 487 577
f 486 487 577
f 486 335 336
f 486 335 334
f 486 335 336
f 486 334 578
f 486 428 335
f 486 428 335
f 486 488 578
f 486 488 487
f 486 333 334
f 486 428 334
f 486 487 428
f 486 488 333
f 486 333 334
f 486 488 418
f 486 418 333
f 486 488 487
f 486 488 418
f 435 479 434
f 435 519 478
f 435 432 519
f 435 478 436
f 435 342 479
f 435 342 478
f 435 342 478
f 435 432 437
f 435 432 433
f 435 434 433
f 435 342 343
f 435 342 343
f 435 387 437
f 435 436 387
f 435 434 388
f 435 344 343
f 435 344 343
f 435 387 388
f 435 434 387
f 435 344 345
f 435 344 345
f 435 345 436
f 435 345 434
f 435 436 386
f 435 347 386
f 435 347 387
f 435 434 387
f 435 347 436
f 435 436 386
f 435 347 386
f 435 347 436
f 721 11 720
f 721 11 10
f 721 11 720
f 721 11 722
f 721 11 10
f 721 11 722
f 721 720 12
f 721 722 12
f 721 722 723
f 721 654 655
f 721 720 655
f 721 720 654
f 721 654 723
f 721 720 654
f 721 10 9
f 721 654 653
f 721 720 652
f 721 8 9
f 721 8 723
f 721 652 653
f 721 720 652
f 721 724 723
f 721 724 8
f 721 724 8
f 721 652 651
f 721 722 651
f 721 720 651
f 721 722 651
f 721 720 650
f 721 722 650
f 721 720 648
f 721 722 648
f 721 720 646
f 721 722 646
f 721 720 645
f 721 722 645
f 721 720 645
f 721 722 645
f 721 720 643
f 721 722 643
f 721 559 720
f 721 559 722
f 721 559 722
f 193 175 192
f 193 190 192
f 193 175 174
f 193 175 192
f 193 173 174
f 193 173 192
f 193 265 194
f 193 265 192
f 193 265 266
f 193 265 192
f 193 266 267
f 193 192 266
f 193 268 267
f 193 192 268
f 193 268 194
f 193 192 268
f 193 194 269
f 193 192 269
f 193 355 356
f 193 192 356
f 193 194 272
f 193 192 272
f 193 355 354
f 193 194 354
f 193 194 275
f 193 192 275
f 193 194 273
f 193 192 273
f 259 260 174
f 259 175 174
f 259 175 260
f 259 175 258
f 259 175 260
f 259 258 176
f 259 260 176
f 259 260 180
f 259 180 181
f 259 258 181
f 259 260 180
f 259 258 181
f 259 181 185
f 259 260 185
f 259 260 181
f 259 258 189
f 259 260 189
f 259 190 258
f 259 260 190
f 259 190 192
f 259 260 190
f 259 193 192
f 259 193 260
f 259 193 258
f 259 193 260
f 259 195 258
f 259 260 195
f 259 195 258
f 259 260 195
f 259 197 258
f 259 260 197
f 259 197 258
f 259 260 197
f 259 258 199
f 259 258 199
f 419 418 494
f 419 418 404
f 419 420 404
f 419 418 495
f 419 420 495
f 419 418 405
f 419 420 405
f 419 418 495
f 419 420 495
f 419 418 417
f 419 418 497
f 419 420 497
f 419 417 406
f 419 420 406
f 419 418 417
f 419 417 407
f 419 420 407
f 419 417 497
f 419 420 497
f 419 420 417
f 419 416 417
f 419 420 416
f 419 415 416
f 419 415 420
f 419 415 420
f 421 491 424
f 421 418 491
f 421 424 423
f 421 418 424
f 421 492 422
f 421 491 492
f 421 418 491
f 421 401 423
f 421 422 401
f 421 418 401
f 421 402 422
f 421 418 402
f 421 492 493
f 421 418 492
f 421 419 418
f 421 402 422
f 421 418 402
f 421 419 418
f 421 494 493
f 421 420 494
f 421 420 422
f 421 419 420
f 421 419 494
f 421 419 420
f 288 292 386
f 288 287 386
f 288 287 386
f 288 287 383
f 288 287 383
f 288 287 380
f 288 287 380
f 288 287 378
f 288 287 376
f 288 287 376
f 288 287 374
f 288 287 374
f 288 287 372
f 288 287 368
f 288 287 370
f 288 287 372
f 288 287 358
f 288 287 357
f 288 368 367
f 288 287 367
f 288 287 368
f 288 360 358
f 288 287 360
f 288 287 360
f 288 287 355
f 288 287 355
f 288 287 353
f 288 287 353
f 288 287 351
f 288 287 350
f 288 350 199
f 288 287 350
f 288 259 199
f 288 262 287
f 243 213 214
f 243 244 213
f 243 215 214
f 243 244 213
f 243 336 215
f 243 336 215
f 243 244 336
f 243 244 305
f 243 244 157
f 243 335 336
f 243 305 335
f 243 305 335
f 243 305 306
f 243 244 305
f 243 156 157
f 243 244 156
f 243 306 307
f 243 244 306
f 243 156 155
f 243 244 156
f 243 307 308
f 243 244 307
f 243 154 155
f 243 244 154
f 243 309 308
f 243 244 309
f 243 154 153
f 243 244 154
f 243 309 310
f 243 244 309
f 243 152 153
f 243 152 244
f 243 312 310
f 243 244 312
f 243 152 150
f 243 152 244
f 243 148 150
f 396 397 335
f 396 395 335
f 396 397 337
f 396 395 337
f 396 397 335
f 396 395 335
f 396 397 337
f 396 397 333
f 396 395 333
f 396 337 428
f 396 395 428
f 396 397 426
f 396 395 426
f 396 397 333
f 396 395 333
f 396 337 428
f 396 395 428
f 396 395 337
f 396 397 425
f 396 395 425
f 396 397 331
f 396 395 331
f 396 397 425
f 396 395 425
f 396 397 331
f 396 395 331
f 396 397 424
f 396 395 424
f 396 397 329
f 396 395 329
f 396 395 392
f 396 397 327
f 396 395 327
f 396 397 327
f 396 315 327
f 396 395 315
f 396 316 315
f 396 316 325
f 396 397 325
f 396 397 316
f 396 316 319
f 396 397 319
f 396 397 316
f 396 397 314
f 396 395 314
f 396 397 314
f 396 395 314
f 396 397 312
f 396 395 312
f 396 397 312
f 396 395 312
f 396 397 309
f 396 395 309
f 396 397 309
f 396 395 309
f 396 397 307
f 396 395 307
f 396 397 307
f 396 395 307
f 396 395 304
f 399 424 423
f 399 398 424
f 399 401 423
f 399 398 401
f 399 425 424
f 399 398 425
f 399 418 425
f 399 314 315
f 399 398 314
f 399 314 313
f 399 398 314
f 399 418 335
f 399 418 425
f 399 398 425
f 399 398 418
f 399 316 401
f 399 316 315
f 399 398 316
f 399 312 313
f 399 398 312
f 399 335 334
f 399 398 335
f 399 418 335
f 399 398 335
f 399 398 418
f 399 316 319
f 399 398 316
f 399 312 310
f 399 398 312
f 399 333 334
f 399 398 333
f 399 319 321
f 399 398 319
f 399 398 309
f 399 333 332
f 399 398 333
f 399 322 321
f 399 398 322
f 399 331 332
f 399 398 331
f 399 322 323
f 399 398 322
f 399 331 330
f 399 398 331
f 399 323 324
f 399 398 323
f 399 329 330
f 399 398 329
f 399 325 324
f 399 398 325
f 399 329 328
f 399 398 329
f 399 327 325
f 399 398 327
f 399 327 328
f 399 398 327
f 283 284 386
f 283 284 384
f 283 282 384
f 283 270 282
f 283 284 378
f 283 282 378
f 283 269 284
f 283 270 269
f 283 270 282
f 283 284 378
f 283 282 378
f 283 268 269
f 283 282 268
f 283 376 284
f 283 282 376
f 283 268 267
f 283 282 268
f 283 376 284
f 283 282 376
f 283 266 267
f 283 282 266
f 283 284 374
f 283 282 374
f 283 265 266
f 283 284 374
f 283 282 374
f 283 265 197
f 283 282 266
f 283 265 266
f 283 284 372
f 283 282 372
f 283 197 284
f 283 284 372
f 283 282 372
f 283 353 284
f 283 282 353
f 283 197 196
f 283 282 196
f 283 282 197
f 283 284 370
f 283 282 370
f 283 353 284
f 283 282 353
f 283 284 368
f 283 282 368
f 283 355 284
f 283 282 355
f 283 284 368
f 283 282 368
f 283 355 284
f 283 282 355
f 283 284 367
f 283 282 367
f 283 284 357
f 283 282 357
f 283 358 284
f 283 282 358
f 283 360 284
f 283 282 360
f 283 358 284
f 283 282 358
f 131 132 153
f 131 130 153
f 131 132 68
f 131 130 68
f 131 152 132
f 131 152 130
f 131 132 66
f 131 130 66
f 131 152 150
f 131 152 130
f 131 65 132
f 131 130 65
f 131 150 132
f 131 130 150
f 131 65 132
f 131 130 65
f 131 148 132
f 131 148 130
f 131 132 64
f 131 130 64
f 131 148 147
f 131 148 130
f 131 132 62
f 131 130 62
f 131 147 132
f 131 130 147
f 131 61 132
f 131 130 61
f 131 145 132
f 131 130 145
f 131 61 132
f 131 130 61
f 131 145 144
f 131 130 145
f 131 132 59
f 131 130 59
f 131 144 132
f 131 130 144
f 131 58 132
f 131 130 58
f 131 132 142
f 131 58 132
f 131 130 58
f 131 220 142
f 131 130 220
f 131 132 56
f 131 130 56
f 131 221 220
f 131 130 221
f 131 132 56
f 131 130 56
f 131 133 221
f 131 132 133
f 131 130 221
f 131 132 55
f 131 130 55
f 131 133 221
f 131 132 133
f 131 132 223
f 131 130 223
f 131 132 53
f 131 130 53
f 131 132 224
f 131 130 224
f 131 132 52
f 131 130 52
f 131 132 224
f 131 130 690
f 131 690 224
f 131 130 690
f 131 690 52
f 131 132 52
f 74 19 17
f 74 75 17
f 74 75 19
f 74 75 80
f 74 75 19
f 74 75 20
f 74 75 110
f 74 110 80
f 74 75 80
f 74 75 110
f 74 75 22
f 74 75 111
f 74 75 22
f 74 113 75
f 74 77 24
f 74 75 77
f 74 113 114
f 74 113 75
f 74 77 26
f 74 77 26
f 74 26 69
f 74 117 115
f 74 77 28
f 74 69 28
f 74 157 158
f 74 75 77
f 74 77 28
f 74 69 28
f 74 158 69
f 74 77 158
f 74 160 161
f 74 75 161
f 74 160 115
f 74 75 115
f 100 99 178
f 100 101 178
f 100 99 176
f 100 101 176
f 100 101 99
f 100 99 178
f 100 101 178
f 100 99 180
f 100 180 182
f 100 101 182
f 100 99 180
f 100 99 182
f 100 101 182
f 100 99 186
f 100 186 187
f 100 101 187
f 100 99 186
f 100 99 188
f 100 101 188
f 100 99 191
f 100 101 191
f 100 99 192
f 100 101 192
f 100 193 99
f 100 193 101
f 100 193 101
f 100 101 195
f 100 101 195
f 100 101 197
f 100 101 197
f 100 101 199
f 100 101 199
f 100 101 201
f 100 101 201
f 100 348 202
f 100 203 202
f 100 202 712
f 100 99 85
f 100 101 99
f 103 175 178
f 103 178 191
f 103 175 178
f 103 101 197
f 103 101 197
f 103 101 199
f 103 101 199
f 103 101 201
f 103 101 201
f 103 100 101
f 103 100 101
f 103 100 203
f 103 100 203
f 94 78 176
f 94 95 176
f 94 95 78
f 94 178 177
f 94 95 178
f 94 95 178
f 94 95 180
f 94 95 180
f 94 95 181
f 94 95 182
f 94 95 184
f 94 95 184
f 94 95 186
f 94 95 186
f 94 95 188
f 94 195 353
f 94 350 351
f 94 95 350
f 94 95 188
f 94 193 194
f 94 193 95
f 94 197 353
f 94 195 194
f 94 95 195
f 94 195 196
f 94 95 195
f 94 351 198
f 94 95 190
f 94 95 190
f 94 193 95
f 94 197 198
f 94 95 197
f 94 197 196
f 94 95 197
f 94 95 192
f 97 99 176
f 97 99 178
f 97 175 99
f 97 175 99
f 97 175 174
f 97 173 174
f 97 173 99
f 97 173 99
f 97 99 78
f 97 180 181
f 97 182 184
f 97 190 191
f 1 728 705
f 1 728 729
f 1 652 705
f 1 728 652
f 1 728 729
f 1 652 651
f 1 729 652
f 1 651 650
f 1 729 651
f 1 650 649
f 1 729 650
f 1 647 649
f 1 729 647
f 1 646 647
f 1 729 646
f 1 646 644
f 1 729 646
f 1 644 642
f 1 729 644
f 1 641 642
f 1 729 641
f 1 729 641
f 1 641 639
f 1 641 639
f 1 729 639
f 1 549 729
f 1 548 639
f 1 549 548
f 1 729 3
f 550 549 729
f 550 728 729
f 550 549 638
f 550 549 638
f 550 549 458
f 550 459 549
f 550 549 461
f 550 553 552
f 550 543 553
f 550 549 548
f 550 463 548
f 550 549 545
f 550 543 545
f 550 553 554
f 550 543 554
f 550 543 553
f 550 544 549
f 550 544 543
f 550 543 552
f 550 544 543
f 550 549 548
f 550 544 548
f 550 544 549
f 476 478 475
f 476 477 478
f 476 438 475
f 476 448 438
f 476 477 448
f 476 448 438
f 476 478 523
f 476 524 523
f 476 524 478
f 476 524 525
f 476 524 478
f 476 477 478
f 476 477 526
f 476 448 569
f 476 448 570
f 476 477 570
f 476 448 570
f 476 477 570
f 476 477 448
f 476 527 525
f 476 527 526
f 476 477 527
f 476 569 475
f 476 477 569
f 476 527 528
f 476 477 527
f 476 567 475
f 476 477 567
f 476 529 528
f 476 477 529
f 476 566 567
f 476 477 566
f 476 565 566
f 476 565 477
f 476 477 563
f 476 565 564
f 476 565 477
f 476 562 531
f 476 562 563
f 476 562 563
f 476 563 564
f 476 477 563
f 482 432 431
f 482 432 433
f 482 577 576
f 482 432 515
f 482 487 430
f 482 432 430
f 482 524 523
f 482 524 570
f 482 524 525
f 361 362 448
f 361 448 449
f 361 362 450
f 361 362 448
f 361 450 449
f 361 360 450
f 361 360 365
f 361 362 365
f 361 453 360
f 361 362 453
f 361 360 365
f 361 362 365
f 361 453 360
f 361 362 453
f 361 360 454
f 361 362 454
f 361 360 284
f 361 283 284
f 361 283 360
f 361 283 282
f 361 283 282
f 361 360 455
f 361 362 455
f 361 282 281
f 361 362 281
f 361 282 360
f 361 360 281
f 361 362 281
f 361 279 360
f 361 362 279
f 361 360 188
f 361 279 360
f 361 362 279
f 361 188 187
f 361 362 187
f 361 360 275
f 361 362 275
f 361 360 278
f 361 362 278
f 361 360 276
f 361 362 276
f 361 360 277
f 361 362 277
f 451 362 363
f 451 362 363
f 451 364 363
f 451 364 363
f 451 361 362
f 451 361 362
f 451 364 365
f 451 364 365
f 451 361 360
f 451 361 360
f 451 450 452
f 451 360 452
f 451 360 450
f 451 452 368
f 451 452 368
f 451 365 368
f 451 365 452
f 451 365 368
f 451 365 450
f 451 464 452
f 451 450 447
f 451 464 447
f 451 464 450
f 451 463 464
f 451 463 464
f 451 463 452
f 451 463 450
f 451 461 452
f 451 461 450
f 451 461 450
f 211 116 212
f 211 210 116
f 211 210 116
f 211 119 212
f 211 210 119
f 211 120 119
f 211 210 120
f 211 120 212
f 211 210 120
f 211 212 122
f 211 210 122
f 211 212 123
f 211 210 123
f 211 212 123
f 211 123 124
f 211 210 123
f 211 152 124
f 211 152 212
f 211 152 212
f 211 212 154
f 211 210 154
f 211 212 154
f 211 210 154
f 211 212 156
f 211 210 156
f 211 210 156
f 211 213 156
f 211 213 212
f 211 210 157
f 211 213 157
f 211 243 157
f 211 243 157
f 211 243 213
f 211 243 213
f 211 243 244
f 211 243 244
f 211 210 209
f 211 210 244
f 211 244 245
f 211 210 244
f 211 245 246
f 211 210 245
f 211 246 212
f 211 210 246
f 211 212 247
f 211 210 247
f 211 210 212
f 263 167 168
f 263 262 167
f 263 169 168
f 263 262 169
f 263 169 172
f 263 262 169
f 263 173 172
f 263 262 173
f 263 173 174
f 263 262 173
f 263 175 174
f 263 262 175
f 263 175 176
f 263 262 175
f 263 176 177
f 263 262 176
f 263 180 177
f 263 262 180
f 263 180 181
f 263 262 180
f 263 181 264
f 263 262 181
f 263 185 264
f 263 262 185
f 263 186 185
f 263 262 186
f 263 186 187
f 263 262 186
f 263 187 189
f 263 262 187
f 263 190 189
f 263 262 190
f 263 190 191
f 263 262 190
f 263 192 191
f 263 262 192
f 263 193 192
f 263 193 262
f 263 193 194
f 263 193 262
f 263 195 194
f 263 262 195
f 263 195 196
f 263 262 195
f 263 197 196
f 263 262 197
f 263 197 198
f 263 262 197
f 263 285 198
f 263 286 285
f 263 286 285
f 263 262 286
f 263 287 286
f 263 262 287
f 263 287 292
f 263 262 287
f 261 260 164
f 261 260 164
f 261 260 167
f 261 262 167
f 261 260 169
f 261 262 169
f 261 260 169
f 261 262 169
f 261 173 260
f 261 262 173
f 261 173 260
f 261 262 173
f 261 175 260
f 261 262 175
f 261 175 260
f 261 262 175
f 261 260 176
f 261 262 176
f 261 260 180
f 261 262 180
f 261 260 180
f 261 262 180
f 261 260 181
f 261 262 181
f 261 260 185
f 261 262 185
f 261 260 186
f 261 262 186
f 261 260 186
f 261 186 187
f 261 262 187
f 261 262 186
f 261 260 190
f 261 262 190
f 261 262 190
f 261 190 192
f 261 260 190
f 261 262 192
f 261 193 260
f 261 193 262
f 261 193 260
f 261 193 262
f 261 260 195
f 261 262 195
f 261 260 195
f 261 262 195
f 261 260 197
f 261 262 197
f 261 260 197
f 261 262 197
f 261 259 260
f 261 259 199
f 261 288 259
f 261 287 199
f 261 262 287
f 261 288 259
f 261 288 262
f 261 288 287
f 261 288 262
f 254 252 163
f 254 255 163
f 254 255 252
f 254 252 164
f 254 255 164
f 254 252 165
f 254 255 165
f 254 252 165
f 254 255 165
f 254 255 167
f 254 255 169
f 254 255 199
f 254 197 199
f 254 255 199
f 254 255 197
f 254 255 201
f 254 255 172
f 254 255 197
f 254 255 201
f 254 255 203
f 254 203 293
f 254 294 293
f 254 255 294
f 254 294 295
f 254 255 294
f 254 255 297
f 254 296 297
f 254 252 297
f 254 255 297
f 254 255 252
f 257 258 167
f 257 255 167
f 257 255 258
f 257 169 258
f 257 255 169
f 257 173 258
f 257 173 174
f 257 175 174
f 257 175 174
f 257 193 258
f 257 193 175
f 257 175 258
f 257 193 175
f 257 195 196
f 257 195 258
f 257 195 258
f 257 197 258
f 257 193 190
f 257 197 258
f 257 258 176
f 257 190 176
f 257 190 258
f 257 190 192
f 257 193 192
f 257 193 190
f 257 258 199
f 257 258 199
f 257 259 258
f 257 259 201
f 257 293 258
f 257 294 293
f 257 255 294
f 257 255 294
f 251 252 154
f 251 250 154
f 251 252 156
f 251 250 156
f 251 252 156
f 251 250 156
f 251 252 157
f 251 250 157
f 251 252 307
f 251 250 307
f 251 252 161
f 251 250 161
f 251 252 307
f 251 250 307
f 251 252 161
f 251 250 161
f 251 252 303
f 251 250 303
f 251 252 163
f 251 250 163
f 251 252 303
f 251 250 303
f 251 252 164
f 251 250 164
f 251 252 300
f 251 250 300
f 251 252 165
f 251 250 165
f 251 252 300
f 251 250 300
f 251 166 252
f 251 250 166
f 251 252 298
f 251 250 298
f 251 166 252
f 251 252 297
f 251 201 166
f 251 342 297
f 251 250 342
f 251 296 252
f 251 252 200
f 251 201 200
f 251 201 252
f 251 201 252
f 251 201 166
f 251 250 166
f 251 296 342
f 251 203 252
f 251 250 203
f 251 250 342
f 251 206 250
f 251 296 206
f 251 296 206
f 251 203 252
f 251 250 203
f 251 342 343
f 251 296 343
f 251 296 342
f 251 206 252
f 251 206 250
f 251 252 205
f 251 250 205
f 249 246 154
f 249 250 154
f 249 250 246
f 249 246 156
f 249 250 156
f 249 246 156
f 249 246 248
f 249 250 156
f 249 246 248
f 249 248 157
f 249 250 157
f 249 303 248
f 249 250 303
f 249 307 246
f 249 250 307
f 249 248 161
f 249 250 161
f 249 303 302
f 249 250 303
f 249 307 246
f 249 250 246
f 249 250 307
f 249 248 161
f 249 250 161
f 249 302 248
f 249 248 163
f 249 250 163
f 249 300 248
f 249 300 302
f 249 250 300
f 249 250 164
f 249 250 300
f 249 248 163
f 249 164 163
f 249 300 341
f 249 250 298
f 249 205 248
f 249 250 205
f 249 203 164
f 249 250 203
f 249 298 341
f 249 248 340
f 249 300 340
f 249 300 248
f 249 250 298
f 249 206 205
f 249 206 250
f 249 203 165
f 249 250 165
f 249 250 203
f 249 209 248
f 249 206 248
f 249 206 250
f 249 209 208
f 249 250 208
f 249 209 208
f 249 208 248
f 249 250 208
f 555 554 636
f 555 556 636
f 555 630 554
f 555 554 638
f 555 556 638
f 555 554 638
f 555 556 638
f 555 620 618
f 555 554 620
f 555 539 620
f 555 556 539
f 555 556 724
f 555 541 618
f 555 540 539
f 555 725 554
f 555 724 725
f 555 556 724
f 555 554 542
f 555 541 542
f 555 541 554
f 555 540 541
f 555 540 541
f 555 540 539
f 555 556 539
f 555 556 540
f 555 725 457
f 555 724 725
f 555 458 457
f 555 556 458
f 555 459 458
f 555 459 556
f 555 463 554
f 555 463 556
f 555 459 461
f 555 459 556
f 555 461 554
f 555 556 461
f 560 561 636
f 560 636 640
f 560 559 640
f 560 559 636
f 560 719 561
f 560 627 628
f 560 627 559
f 560 719 720
f 560 559 720
f 560 719 458
f 560 627 626
f 560 627 626
f 560 719 720
f 560 559 720
f 560 459 458
f 560 459 559
f 560 626 559
f 560 459 461
f 560 459 559
f 560 561 625
f 560 626 625
f 560 626 561
f 560 461 561
f 560 559 461
f 560 561 534
f 560 535 534
f 560 559 535
f 560 463 561
f 560 463 559
f 560 533 561
f 560 559 533
f 560 474 533
f 560 559 474
f 560 474 473
f 560 559 474
f 633 560 559
f 633 560 561
f 633 645 643
f 633 645 643
f 470 463 469
f 470 469 448
f 470 555 463
f 470 555 463
f 470 540 539
f 470 469 539
f 470 469 540
f 470 442 447
f 470 463 553
f 470 469 537
f 470 469 536
f 470 469 536
f 470 444 447
f 470 469 444
f 470 469 444
f 470 463 553
f 470 469 535
f 470 553 540
f 470 441 443
f 470 469 533
f 470 540 541
f 470 469 540
f 470 523 443
f 470 469 533
f 470 523 467
f 470 469 467
f 470 469 523
f 470 519 523
f 470 469 524
f 470 469 524
f 470 469 527
f 470 469 527
f 460 553 461
f 460 459 461
f 460 459 553
f 460 553 461
f 460 459 553
f 460 550 549
f 460 550 459
f 460 549 461
f 460 459 549
f 460 461 548
f 460 459 548
f 460 461 464
f 460 459 464
f 460 461 464
f 460 463 464
f 460 463 464
f 460 459 458
f 460 459 458
f 460 459 453
f 460 459 453
f 460 461 452
f 460 463 452
f 460 463 454
f 460 457 464
f 460 458 457
f 460 458 457
f 460 453 454
f 460 453 461
f 629 562 563
f 629 627 563
f 629 627 562
f 629 562 630
f 629 627 562
f 629 627 628
f 629 560 630
f 629 560 628
f 629 627 630
f 629 627 628
f 629 560 559
f 629 560 559
f 629 628 648
f 629 648 647
f 629 630 648
f 629 628 620
f 629 556 557
f 629 556 628
f 629 647 620
f 629 630 647
f 629 555 630
f 629 555 556
f 629 556 628
f 629 555 556
f 530 565 612
f 530 614 531
f 530 614 529
f 530 565 564
f 530 565 529
f 530 563 564
f 530 532 615
f 530 532 531
f 530 615 616
f 530 477 563
f 530 477 563
f 530 477 529
f 530 532 616
f 530 615 528
f 530 529 615
f 530 476 477
f 530 476 477
f 530 532 618
f 530 528 618
f 530 476 531
f 530 476 529
f 530 474 531
f 530 529 474
f 530 527 528
f 530 474 473
f 530 529 474
f 530 465 532
f 530 527 465
f 530 467 532
f 530 527 467
f 530 527 467
f 530 467 532
f 530 467 468
f 530 470 532
f 530 470 469
f 530 470 469
f 530 469 532
f 530 469 468
f 613 527 612
f 613 614 527
f 613 612 529
f 613 614 529
f 613 614 527
f 613 530 612
f 613 530 614
f 613 612 526
f 613 527 526
f 613 527 612
f 613 524 612
f 613 614 524
f 613 530 614
f 613 524 612
f 613 614 524
f 613 530 565
f 613 530 565
f 613 612 523
f 613 614 563
f 613 565 563
f 613 565 612
f 613 565 614
f 613 519 523
f 613 614 519
f 613 612 520
f 613 614 563
f 613 565 563
f 613 565 614
f 613 614 620
f 613 519 520
f 613 519 612
f 613 667 620
f 613 612 667
f 613 612 667
f 613 612 670
f 613 614 670
f 613 614 519
f 613 612 671
f 613 614 671
f 613 517 612
f 613 519 517
f 613 519 517
f 613 515 612
f 613 614 515
f 613 612 671
f 613 515 612
f 613 612 673
f 613 612 513
f 613 612 673
f 613 612 512
f 289 292 386
f 289 288 386
f 289 288 292
f 289 292 383
f 289 288 383
f 289 292 383
f 289 288 383
f 289 288 380
f 289 288 380
f 289 288 378
f 289 288 376
f 289 288 376
f 289 288 374
f 289 288 374
f 289 288 372
f 289 372 366
f 289 368 366
f 289 288 368
f 289 288 368
f 289 372 370
f 289 288 370
f 289 288 372
f 289 288 357
f 289 288 355
f 289 358 357
f 289 288 358
f 289 288 358
f 289 288 355
f 289 288 353
f 289 288 353
f 289 288 351
f 289 288 350
f 289 350 349
f 289 288 350
f 289 288 259
f 289 288 259
f 289 261 260
f 289 261 288
f 289 261 288
f 73 74 19
f 73 74 80
f 73 74 19
f 73 74 110
f 73 74 20
f 73 74 110
f 73 74 22
f 73 74 111
f 73 74 22
f 73 74 113
f 73 71 24
f 73 74 24
f 73 74 113
f 73 71 24
f 73 74 114
f 73 26 24
f 73 74 26
f 73 74 26
f 73 71 157
f 73 74 157
f 73 74 117
f 73 117 157
f 73 74 157
f 73 74 117
f 159 74 115
f 159 74 160
f 159 74 160
f 159 117 115
f 159 117 118
f 159 117 160
f 159 116 160
f 159 117 116
f 159 117 116
f 159 206 118
f 159 206 160
f 159 205 160
f 159 206 205
f 159 206 205
f 159 119 118
f 159 119 118
f 159 208 207
f 159 208 160
f 159 120 119
f 159 209 208
f 159 209 208
f 159 207 157
f 159 120 207
f 159 119 157
f 159 120 119
f 159 244 245
f 159 211 209
f 159 211 244
f 159 211 244
f 159 209 245
f 159 244 209
f 159 246 160
f 159 245 246
f 159 245 246
f 84 100 85
f 84 100 101
f 84 101 83
f 84 100 101
f 84 85 7
f 84 100 85
f 84 7 79
f 84 83 79
f 84 83 7
f 84 85 7
f 84 714 85
f 84 83 714
f 84 83 712
f 84 100 712
f 84 100 83
f 84 7 5
f 84 83 7
f 84 85 5
f 84 83 714
f 84 85 4
f 84 83 4
f 84 714 715
f 84 714 85
f 84 83 715
f 84 3 85
f 84 83 3
f 84 85 717
f 84 83 717
f 84 1 3
f 84 85 718
f 84 83 718
f 84 1 729
f 84 729 83
f 84 1 729
f 84 719 85
f 84 719 83
f 84 728 729
f 84 728 729
f 84 719 720
f 84 719 720
f 84 728 726
f 84 728 726
f 84 722 720
f 84 722 720
f 84 726 725
f 84 726 83
f 84 722 85
f 84 722 83
f 84 725 85
f 84 83 725
f 102 101 191
f 102 103 191
f 102 103 178
f 102 101 192
f 102 103 192
f 102 178 188
f 102 101 188
f 102 101 178
f 102 103 178
f 102 193 101
f 102 103 193
f 102 178 187
f 102 101 187
f 102 101 175
f 102 103 175
f 102 193 101
f 102 103 193
f 102 178 182
f 102 101 182
f 102 101 175
f 102 103 175
f 102 101 195
f 102 103 195
f 102 178 182
f 102 101 182
f 102 101 178
f 102 101 173
f 102 103 173
f 102 101 195
f 102 103 195
f 102 103 101
f 102 101 173
f 102 103 173
f 102 101 172
f 102 101 78
f 102 103 78
f 102 101 83
f 104 175 174
f 104 103 175
f 104 103 175
f 104 192 174
f 104 103 192
f 104 103 173
f 104 103 193
f 104 103 173
f 104 103 193
f 104 103 195
f 104 103 195
f 104 103 197
f 104 169 78
f 104 103 169
f 104 103 197
f 104 103 199
f 104 103 78
f 104 103 199
f 104 103 80
f 104 103 201
f 104 103 201
f 104 103 203
f 104 203 710
f 104 103 203
f 104 203 710
f 93 78 177
f 93 94 177
f 93 94 78
f 93 94 180
f 93 94 180
f 93 94 181
f 93 94 182
f 93 94 184
f 93 94 184
f 93 94 186
f 93 186 187
f 93 94 186
f 93 362 187
f 93 361 362
f 93 361 362
f 93 354 455
f 93 361 360
f 93 94 188
f 93 361 188
f 93 355 354
f 93 353 354
f 93 94 353
f 93 360 359
f 93 361 360
f 93 355 356
f 93 193 355
f 93 94 193
f 93 94 353
f 93 358 359
f 93 360 188
f 93 357 356
f 93 193 355
f 93 358 357
f 93 191 358
f 93 188 189
f 93 94 188
f 93 192 357
f 93 193 192
f 93 94 193
f 93 191 358
f 93 190 191
f 93 94 190
f 93 190 189
f 93 94 190
f 93 192 191
f 93 94 192
f 96 95 176
f 96 97 176
f 96 95 178
f 96 97 178
f 96 95 175
f 96 97 175
f 96 95 178
f 96 97 178
f 96 95 175
f 96 97 175
f 96 95 180
f 96 97 180
f 96 97 78
f 96 95 180
f 96 97 180
f 96 95 181
f 96 97 181
f 96 95 182
f 96 97 182
f 96 95 184
f 96 97 184
f 96 95 184
f 96 186 184
f 96 97 186
f 96 95 186
f 96 95 186
f 96 97 186
f 96 95 197
f 96 95 188
f 96 97 188
f 96 95 197
f 96 95 190
f 96 97 190
f 96 95 195
f 96 95 190
f 96 97 190
f 96 95 195
f 96 95 192
f 96 97 192
f 96 193 95
f 96 193 95
f 98 99 178
f 98 97 178
f 98 97 99
f 98 99 180
f 98 97 180
f 98 99 180
f 98 97 180
f 98 99 182
f 98 97 182
f 98 99 186
f 98 97 186
f 98 99 186
f 98 97 186
f 98 99 188
f 98 97 188
f 98 99 191
f 98 97 191
f 98 99 192
f 98 97 192
f 98 193 99
f 98 96 193
f 98 96 97
f 98 96 193
f 98 100 193
f 98 100 193
f 98 96 195
f 98 100 195
f 98 96 195
f 98 100 195
f 98 96 197
f 98 100 197
f 98 96 197
f 98 100 197
f 98 100 199
f 98 100 199
f 98 95 199
f 98 96 95
f 98 100 99
f 98 95 199
f 98 100 201
f 98 100 85
f 98 201 350
f 98 95 350
f 98 100 348
f 98 201 350
f 98 201 348
f 98 100 348
f 98 100 201
f 551 550 728
f 551 552 727
f 551 728 727
f 551 552 638
f 551 550 638
f 551 550 728
f 551 552 457
f 551 728 457
f 551 552 638
f 551 550 638
f 551 458 552
f 551 550 458
f 551 552 636
f 551 550 636
f 551 459 458
f 551 550 459
f 551 460 459
f 551 460 550
f 551 460 461
f 551 460 550
f 551 461 552
f 551 550 461
f 551 463 552
f 551 550 463
f 551 550 463
f 551 550 544
f 551 463 469
f 551 463 544
f 551 463 544
f 551 550 552
f 551 550 544
f 551 541 552
f 551 544 541
f 551 470 541
f 551 470 469
f 551 470 463
f 551 470 463
f 480 433 340
f 480 575 340
f 480 434 433
f 480 479 434
f 480 575 340
f 480 434 340
f 480 479 434
f 480 574 479
f 480 574 575
f 480 574 479
f 480 572 479
f 480 572 479
f 480 479 570
f 480 479 570
f 480 479 569
f 480 525 569
f 480 526 525
f 480 479 567
f 480 526 567
f 480 526 479
f 480 526 479
f 480 524 479
f 480 524 523
f 485 482 487
f 485 487 430
f 485 487 428
f 485 486 428
f 485 486 487
f 485 517 487
f 485 486 487
f 485 517 487
f 485 486 577
f 485 519 517
f 485 486 519
f 485 515 487
f 485 486 519
f 485 486 575
f 485 515 487
f 485 482 487
f 485 482 515
f 485 486 574
f 485 574 521
f 485 486 574
f 485 574 521
f 253 252 167
f 253 254 167
f 253 254 252
f 253 252 169
f 253 254 169
f 253 252 169
f 253 252 199
f 253 254 199
f 253 201 252
f 253 254 201
f 253 201 252
f 253 254 201
f 253 203 252
f 253 254 203
f 253 203 252
f 253 254 203
f 253 252 205
f 253 205 295
f 253 254 295
f 253 296 205
f 253 254 296
f 253 206 252
f 253 296 206
f 253 296 206
f 253 296 252
f 253 254 252
f 253 254 296
f 256 255 173
f 256 257 173
f 256 257 173
f 256 173 174
f 256 255 173
f 256 257 174
f 256 255 196
f 256 257 196
f 256 255 197
f 256 257 197
f 256 255 197
f 256 257 197
f 256 255 199
f 256 257 199
f 256 255 199
f 256 257 199
f 256 255 201
f 256 257 201
f 256 255 201
f 256 257 201
f 256 255 203
f 256 257 293
f 256 257 255
f 256 254 203
f 256 254 255
f 256 254 255
f 634 633 559
f 634 556 557
f 634 633 556
f 634 633 555
f 634 633 555
f 634 633 553
f 634 633 553
f 634 551 633
f 634 551 633
f 634 550 549
f 634 633 550
f 634 633 620
f 634 633 643
f 634 633 644
f 634 643 644
f 634 633 643
f 631 556 557
f 631 560 559
f 631 555 556
f 631 560 630
f 631 555 630
f 631 562 630
f 631 630 554
f 631 553 554
f 631 562 645
f 631 553 552
f 631 563 630
f 631 562 563
f 631 562 563
f 631 630 645
f 631 552 620
f 631 630 646
f 631 630 647
f 471 463 559
f 471 463 556
f 471 470 463
f 471 470 463
f 471 470 448
f 471 470 536
f 471 556 536
f 471 470 442
f 471 470 535
f 471 536 537
f 471 470 537
f 471 470 536
f 471 556 540
f 471 470 540
f 471 470 533
f 471 555 556
f 471 470 555
f 471 441 442
f 471 470 442
f 471 470 441
f 471 470 441
f 471 470 533
f 471 555 540
f 471 470 555
f 471 470 519
f 471 470 532
f 471 553 540
f 471 470 553
f 471 470 553
f 471 470 519
f 471 530 470
f 471 470 524
f 471 530 470
f 471 470 524
f 471 470 527
f 471 470 527
f 290 292 380
f 290 289 380
f 290 289 292
f 290 292 380
f 290 289 380
f 290 292 378
f 290 289 378
f 290 292 376
f 290 289 376
f 290 289 376
f 290 289 374
f 290 289 374
f 290 289 372
f 290 289 372
f 290 357 356
f 290 289 357
f 290 289 357
f 290 289 355
f 290 289 355
f 290 289 353
f 290 289 353
f 290 289 351
f 290 289 350
f 290 289 350
f 290 348 349
f 290 289 349
f 290 201 348
f 290 259 201
f 290 289 259
f 290 257 259
f 290 257 259
f 290 260 258
f 290 259 260
f 290 289 260
f 290 289 259
f 72 73 19
f 72 19 20
f 72 71 20
f 72 80 71
f 72 73 80
f 72 73 19
f 72 111 80
f 72 71 20
f 72 73 20
f 72 111 112
f 72 73 111
f 72 110 111
f 72 73 110
f 72 73 110
f 72 71 22
f 72 73 22
f 72 113 112
f 72 73 113
f 72 71 22
f 72 73 22
f 72 73 71
f 72 113 114
f 72 73 113
f 72 114 71
f 72 73 114
f 72 73 117
f 72 116 71
f 72 117 116
f 72 117 116
f 72 117 71
f 72 73 71
f 72 73 117
f 170 169 172
f 170 103 169
f 170 102 103
f 170 104 103
f 170 254 197
f 170 254 255
f 170 169 197
f 170 254 197
f 170 257 255
f 170 253 169
f 170 253 254
f 170 253 254
f 170 169 258
f 170 257 258
f 170 257 169
f 170 256 255
f 170 256 257
f 170 256 257
f 82 103 101
f 82 102 101
f 82 102 103
f 82 102 83
f 82 102 103
f 82 104 103
f 82 83 79
f 82 100 83
f 82 103 100
f 82 103 100
f 82 104 710
f 82 7 8
f 82 83 8
f 82 83 7
f 82 83 712
f 82 83 3
f 82 7 4
f 82 83 4
f 82 83 7
f 82 726 83
f 82 729 83
f 82 726 729
f 82 726 729
f 82 714 712
f 82 83 714
f 82 83 725
f 82 83 714
f 82 722 83
f 82 83 715
f 82 722 720
f 82 83 717
f 82 719 720
f 82 83 718
f 82 719 83
f 105 173 192
f 105 104 192
f 105 104 173
f 105 193 173
f 105 104 193
f 105 104 173
f 105 104 193
f 105 104 195
f 105 104 195
f 105 170 104
f 105 104 197
f 105 104 169
f 105 104 197
f 105 104 199
f 105 104 78
f 105 104 199
f 105 104 78
f 105 104 201
f 105 104 80
f 105 104 201
f 105 104 203
f 105 104 203
f 105 82 104
f 105 710 709
f 105 104 710
f 92 78 180
f 92 93 180
f 92 93 78
f 92 93 180
f 92 78 5
f 92 4 5
f 92 4 18
f 92 93 181
f 92 3 4
f 92 93 182
f 92 96 78
f 92 96 95
f 92 548 457
f 92 94 95
f 92 93 94
f 92 1 549
f 92 1 549
f 92 457 184
f 92 93 184
f 92 549 548
f 92 550 728
f 92 550 549
f 92 457 184
f 92 93 184
f 92 550 549
f 92 728 457
f 92 550 728
f 92 457 185
f 92 726 457
f 92 186 185
f 92 93 186
f 92 93 186
f 481 482 433
f 481 480 433
f 481 482 576
f 481 482 432
f 481 575 576
f 481 480 575
f 481 482 575
f 481 480 479
f 481 482 574
f 481 480 574
f 481 435 479
f 481 435 432
f 481 482 574
f 481 480 574
f 481 435 432
f 481 432 519
f 481 432 515
f 481 482 515
f 481 482 432
f 481 519 520
f 481 482 519
f 481 482 572
f 481 480 572
f 481 519 478
f 481 435 478
f 481 435 519
f 481 519 517
f 481 482 517
f 481 482 519
f 481 520 479
f 481 482 572
f 481 480 572
f 481 523 479
f 481 480 523
f 481 521 520
f 481 482 521
f 481 482 521
f 481 482 523
f 481 482 570
f 481 480 570
f 481 482 524
f 481 480 524
f 481 482 570
f 481 480 570
f 481 482 524
f 481 480 524
f 481 482 525
f 481 480 525
f 484 431 337
f 484 337 430
f 484 485 430
f 484 431 337
f 484 337 336
f 484 337 577
f 484 337 577
f 484 485 577
f 484 486 336
f 484 485 486
f 484 337 336
f 484 486 577
f 484 485 486
f 484 485 575
f 484 486 336
f 484 485 574
f 484 485 574
f 484 521 572
f 484 485 521
f 484 485 521
f 484 485 519
f 635 555 556
f 635 634 556
f 635 634 555
f 635 555 554
f 635 634 555
f 635 553 554
f 635 634 553
f 635 553 552
f 635 634 553
f 635 551 552
f 635 634 551
f 635 551 550
f 635 634 551
f 635 634 550
f 635 550 636
f 635 550 549
f 635 634 549
f 635 549 637
f 635 638 637
f 635 634 620
f 635 638 639
f 635 639 620
f 635 638 639
f 635 641 639
f 635 641 639
f 635 641 636
f 635 641 636
f 635 639 642
f 635 643 636
f 635 634 643
f 635 634 643
f 635 644 642
f 635 634 644
f 635 634 644
f 558 634 633
f 558 634 633
f 558 631 557
f 558 631 559
f 558 559 557
f 558 634 557
f 558 634 559
f 558 629 557
f 558 629 559
f 558 629 628
f 558 629 559
f 558 628 557
f 558 627 628
f 558 627 559
f 558 537 538
f 558 557 537
f 558 536 537
f 558 536 557
f 558 626 559
f 558 627 626
f 558 627 626
f 558 556 538
f 558 556 557
f 558 556 557
f 558 536 535
f 558 559 536
f 558 536 557
f 558 559 536
f 558 560 535
f 558 560 559
f 558 560 559
f 291 292 376
f 291 290 376
f 291 290 292
f 291 292 374
f 291 290 374
f 291 292 374
f 291 290 374
f 291 292 372
f 291 290 372
f 291 292 372
f 291 290 372
f 291 292 355
f 291 355 356
f 291 290 356
f 291 290 355
f 291 290 355
f 291 353 355
f 291 292 353
f 291 290 353
f 291 292 353
f 291 290 353
f 291 351 292
f 291 290 351
f 291 350 351
f 291 290 350
f 291 350 292
f 291 290 350
f 291 348 292
f 291 290 348
f 291 348 347
f 291 201 348
f 291 290 201
f 291 202 347
f 291 201 202
f 291 293 347
f 291 293 347
f 291 203 202
f 291 256 203
f 291 256 257
f 291 256 257
f 291 257 201
f 291 290 257
f 291 203 293
f 291 256 293
f 291 256 203
f 291 257 258
f 291 290 258
f 291 290 257
f 171 102 172
f 171 170 172
f 171 170 102
f 171 102 103
f 171 170 102
f 171 104 103
f 171 170 104
f 171 105 104
f 171 105 170
f 171 195 172
f 171 170 195
f 171 195 172
f 171 254 172
f 171 170 254
f 171 254 255
f 171 170 255
f 171 170 254
f 171 173 172
f 171 193 173
f 171 105 173
f 171 105 193
f 81 103 80
f 81 82 103
f 81 80 79
f 81 82 79
f 81 104 103
f 81 82 104
f 81 82 7
f 81 105 104
f 81 105 82
f 81 7 723
f 81 722 723
f 81 722 80
f 81 725 7
f 81 726 725
f 81 82 726
f 81 82 725
f 81 82 722
f 81 726 3
f 81 82 726
f 81 708 709
f 81 80 708
f 81 80 708
f 81 80 710
f 81 82 722
f 81 3 7
f 81 82 7
f 81 82 3
f 81 80 710
f 81 82 710
f 81 721 720
f 81 721 722
f 81 721 722
f 81 719 720
f 81 82 719
f 81 80 712
f 81 82 712
f 81 719 80
f 81 82 719
f 81 80 712
f 81 82 712
f 81 80 718
f 81 82 718
f 81 714 80
f 81 82 714
f 81 80 717
f 81 82 717
f 81 714 80
f 81 82 714
f 81 80 715
f 81 82 715
f 90 78 5
f 90 92 78
f 90 92 4
f 90 92 96
f 90 92 94
f 483 485 482
f 483 484 485
f 483 484 431
f 483 484 485
f 483 432 431
f 483 482 432
f 483 482 432
f 483 484 431
f 483 482 519
f 483 485 519
f 483 482 519
f 483 484 519
f 483 431 338
f 483 482 431
f 483 484 577
f 483 482 517
f 483 485 517
f 483 482 521
f 483 484 521
f 483 577 338
f 483 482 577
f 483 482 577
f 483 484 577
f 483 482 515
f 483 485 515
f 483 485 482
f 483 482 521
f 483 482 575
f 483 484 575
f 483 521 522
f 483 482 574
f 483 484 574
f 483 521 572
f 483 484 521
f 483 570 522
f 483 482 570
f 483 482 572
f 483 482 574
f 483 484 574
f 483 524 570
f 483 482 524
f 483 482 524
f 483 482 572
f 483 484 572
f 632 558 633
f 632 558 631
f 632 633 560
f 632 631 560
f 632 558 633
f 632 558 631
f 632 633 560
f 632 631 560
f 632 633 556
f 632 631 556
f 632 633 561
f 632 633 555
f 632 631 555
f 632 562 561
f 632 631 562
f 632 631 562
f 632 633 645
f 632 631 645
f 632 633 555
f 632 631 555
f 632 631 645
f 632 633 553
f 632 631 553
f 632 645 646
f 632 633 645
f 632 631 646
f 632 633 553
f 632 631 553
f 632 646 644
f 632 631 647
f 632 644 647
f 632 633 644
f 632 633 620
f 632 631 620
f 632 551 550
f 632 551 633
f 632 551 633
f 632 550 552
f 632 631 552
f 632 633 550
f 472 471 559
f 472 558 559
f 472 558 557
f 472 558 559
f 472 536 557
f 472 560 559
f 472 536 535
f 472 471 536
f 472 556 536
f 472 471 556
f 472 471 556
f 472 560 463
f 472 471 463
f 472 535 473
f 472 471 535
f 472 560 473
f 472 560 463
f 472 463 473
f 472 471 463
f 472 533 473
f 472 471 533
f 472 562 473
f 472 463 562
f 472 463 562
f 472 471 448
f 472 533 473
f 472 471 533
f 472 441 448
f 472 473 441
f 472 473 532
f 472 471 532
f 472 441 442
f 472 471 442
f 472 471 441
f 472 473 441
f 472 471 441
f 472 530 473
f 472 471 530
f 472 473 440
f 472 471 530
f 472 519 440
f 472 471 519
f 472 519 473
f 472 529 473
f 472 530 529
f 472 530 529
f 472 527 473
f 472 471 527
f 472 519 523
f 472 471 519
f 472 527 473
f 472 471 527
f 472 524 523
f 472 471 524
f 472 524 473
f 472 471 524
f 107 171 170
f 107 166 78
f 107 77 78
f 107 76 77
f 107 205 708
f 106 105 193
f 106 171 193
f 106 171 105
f 106 105 195
f 106 171 195
f 106 107 171
f 106 171 105
f 106 107 171
f 106 105 195
f 106 107 195
f 106 105 170
f 106 107 170
f 106 105 197
f 106 107 197
f 106 105 169
f 106 107 169
f 106 105 197
f 106 107 197
f 106 107 167
f 106 105 199
f 106 107 199
f 106 78 167
f 106 105 78
f 106 107 78
f 106 105 199
f 106 107 199
f 106 105 78
f 106 107 78
f 106 105 201
f 106 107 201
f 106 105 80
f 106 107 80
f 106 105 201
f 106 107 201
f 106 81 105
f 106 107 81
f 106 105 203
f 106 107 203
f 106 105 203
f 106 107 203
f 106 105 82
f 106 81 82
f 106 81 105
f 106 105 710
f 106 81 710
f 106 107 81
f 106 107 205
f 106 107 205
f 106 205 709
f 106 105 709
f 89 90 4
f 89 90 3
f 89 90 3
f 89 90 1
f 89 98 96
f 89 90 1
f 89 98 96
f 89 90 728
f 89 90 728
f 89 350 348
f 89 98 348
f 89 98 350
f 89 90 726
f 89 90 726
f 89 724 725
f 89 90 724
f 89 90 724
f 88 92 78
f 88 90 92
f 88 92 96
f 88 90 92
f 88 90 78
f 88 96 97
f 88 89 96
f 88 90 5
f 88 89 90
f 88 90 96
f 88 89 96
f 88 89 90
f 88 89 4
f 88 89 3
f 88 89 3
f 88 89 1
f 88 89 1
f 88 89 728
f 88 89 728
f 88 89 726
f 88 89 726
f 91 92 726
f 91 90 726
f 91 92 728
f 91 90 728
f 91 90 726
f 91 92 728
f 91 90 728
f 91 726 725
f 91 92 726
f 91 90 724
f 91 92 1
f 91 90 1
f 91 724 725
f 91 90 724
f 91 92 1
f 91 90 1
f 91 724 457
f 91 92 3
f 91 90 3
f 91 722 457
f 91 89 722
f 91 89 90
f 91 92 3
f 91 90 3
f 91 90 92
f 91 722 720
f 91 89 722
f 91 89 719
f 91 719 720
f 91 92 457
f 91 89 719
f 91 719 457
f 91 92 93
f 91 89 718
f 91 457 718
f 91 457 716
f 91 92 93
f 91 90 92
f 91 714 716
f 91 89 714
f 91 457 717
f 91 89 717
f 91 93 455
f 91 714 455
f 91 90 94
f 91 89 90
f 91 350 714
f 91 351 455
f 91 350 351
f 91 94 350
f 91 94 95
f 91 350 714
f 91 89 714
f 91 89 350
f 91 353 455
f 91 93 353
f 91 93 353
f 91 94 351
f 91 93 94
f 91 98 95
f 91 89 98
f 91 89 98
f 108 107 170
f 108 169 197
f 108 170 169
f 108 169 109
f 108 107 169
f 108 170 197
f 108 167 109
f 108 107 167
f 108 107 197
f 108 170 195
f 108 107 195
f 108 107 170
f 108 166 167
f 108 107 166
f 108 197 198
f 108 107 197
f 108 107 166
f 108 199 198
f 108 107 199
f 108 165 78
f 108 166 165
f 108 166 165
f 108 77 78
f 108 107 77
f 108 199 200
f 108 107 199
f 108 76 77
f 108 107 76
f 108 201 200
f 108 107 201
f 108 107 76
f 108 201 202
f 108 107 201
f 108 75 76
f 108 75 76
f 108 107 80
f 108 203 202
f 108 107 203
f 108 75 80
f 108 75 80
f 108 81 80
f 108 107 81
f 108 203 204
f 108 107 203
f 108 81 709
f 108 107 81
f 108 205 204
f 108 107 205
f 108 708 709
f 108 107 708
f 108 205 708
f 108 107 205
f 86 98 99
f 86 98 97
f 86 99 85
f 86 97 99
f 86 98 85
f 86 89 98
f 86 7 78
f 86 85 7
f 86 714 85
f 86 89 714
f 86 719 720
f 86 722 720
f 86 85 7
f 86 714 85
f 86 89 714
f 86 719 85
f 86 722 85
f 86 85 5
f 86 85 717
f 86 89 717
f 86 85 718
f 86 725 85
f 86 85 4
f 86 726 725
f 86 3 85
f 86 728 726
f 86 728 729
f 86 1 3
f 86 1 3
f 86 1 729
f 87 89 98
f 87 88 89
f 87 86 98
f 87 86 89
f 87 88 97
f 87 86 97
f 87 88 78
f 87 86 78
f 87 89 722
f 87 89 722
f 87 86 722
f 87 86 722
f 87 88 78
f 87 89 725
f 87 88 89
f 87 89 719
f 87 86 719
f 87 86 725
f 87 7 78
f 87 86 7
f 87 86 7
f 87 88 5
f 87 86 5
f 87 89 719
f 87 86 719
f 87 88 726
f 87 86 726
f 87 88 4
f 87 86 4
f 87 89 718
f 87 86 718
f 87 86 89
f 87 88 726
f 87 88 3
f 87 86 3
f 87 728 726
f 87 86 728
f 87 88 728
f 87 88 3
f 87 86 3
f 87 88 728
f 87 86 728
f 87 88 1
f 87 86 1
f 87 88 1
f 87 86 1
