# King Wen sovereign avatar mesh
# hex64_phase2.ply
# vertices=729 faces=11071
o kingwen_avatar
v 0.201062 0.000091 0.090066 0.305882 0.341176 0.329412
v 0.203522 0.001909 0.090048 0.309804 0.341176 0.329412
v 0.205966 0.003763 0.090025 0.309804 0.337255 0.329412
v 0.208386 0.005652 0.089995 0.309804 0.337255 0.329412
v 0.210773 0.007575 0.089960 0.313725 0.337255 0.329412
v 0.213120 0.009531 0.089920 0.313725 0.337255 0.325490
v 0.215418 0.011519 0.089873 0.317647 0.337255 0.325490
v 0.217659 0.013537 0.089821 0.317647 0.337255 0.325490
v 0.219835 0.015585 0.089763 0.317647 0.333333 0.325490
v 0.221938 0.017660 0.089700 0.317647 0.333333 0.325490
v 0.223960 0.019761 0.089630 0.321569 0.333333 0.321569
v 0.225894 0.021886 0.089555 0.321569 0.333333 0.321569
v 0.227732 0.024032 0.089473 0.321569 0.333333 0.321569
v 0.229467 0.026197 0.089386 0.325490 0.333333 0.321569
v 0.231093 0.028380 0.089293 0.325490 0.329412 0.321569
v 0.232602 0.030576 0.089193 0.325490 0.329412 0.317647
v 0.233990 0.032785 0.089088 0.325490 0.329412 0.317647
v 0.235250 0.035002 0.088976 0.325490 0.329412 0.317647
v 0.236377 0.037226 0.088858 0.325490 0.329412 0.317647
v 0.237366 0.039453 0.088734 0.325490 0.329412 0.317647
v 0.238214 0.041681 0.088604 0.329412 0.329412 0.313725
v 0.238916 0.043906 0.088467 0.329412 0.329412 0.313725
v 0.239470 0.046125 0.088324 0.329412 0.325490 0.313725
v 0.239872 0.048336 0.088175 0.329412 0.325490 0.313725
v 0.240121 0.050536 0.088019 0.329412 0.325490 0.313725
v 0.240216 0.052721 0.087857 0.329412 0.325490 0.309804
v 0.241097 0.055103 0.088032 0.329412 0.325490 0.309804
v 0.239937 0.057034 0.087513 0.325490 0.325490 0.309804
v 0.240505 0.059388 0.087674 0.325490 0.325490 0.309804
v 0.239975 0.061492 0.087485 0.325490 0.325490 0.309804
v 0.239292 0.063566 0.087290 0.325490 0.325490 0.305882
v 0.238457 0.065608 0.087088 0.325490 0.325490 0.305882
v 0.237472 0.067614 0.086880 0.325490 0.325490 0.305882
v 0.237265 0.069854 0.087003 0.321569 0.325490 0.305882
v 0.235986 0.071790 0.086781 0.321569 0.325490 0.305882
v 0.234568 0.073682 0.086552 0.321569 0.325490 0.305882
v 0.233016 0.075528 0.086317 0.317647 0.325490 0.301961
v 0.231333 0.077327 0.086075 0.317647 0.325490 0.301961
v 0.229526 0.079076 0.085827 0.317647 0.325490 0.301961
v 0.228486 0.081088 0.085906 0.313725 0.325490 0.301961
v 0.226440 0.082739 0.085644 0.313725 0.325490 0.301961
v 0.224286 0.084335 0.085375 0.313725 0.325490 0.301961
v 0.222893 0.086207 0.085430 0.309804 0.325490 0.301961
v 0.220536 0.087694 0.085148 0.309804 0.325490 0.298039
v 0.218092 0.089123 0.084859 0.309804 0.325490 0.298039
v 0.215568 0.090492 0.084564 0.305882 0.325490 0.298039
v 0.213794 0.092155 0.084588 0.305882 0.325490 0.298039
v 0.211122 0.093409 0.084280 0.301961 0.329412 0.298039
v 0.209193 0.094965 0.084288 0.301961 0.329412 0.298039
v 0.206401 0.096101 0.083965 0.298039 0.329412 0.298039
v 0.203564 0.097176 0.083637 0.298039 0.329412 0.298039
v 0.201460 0.098567 0.083621 0.298039 0.329412 0.298039
v 0.198547 0.099526 0.083279 0.294118 0.329412 0.294118
v 0.196358 0.100809 0.083248 0.294118 0.329412 0.294118
v 0.196338 0.103202 0.084154 0.294118 0.329412 0.294118
v 0.248369 0.133618 0.107645 0.290196 0.329412 0.294118
v 0.284420 0.156554 0.124667 0.290196 0.329412 0.294118
v 0.281318 0.158379 0.124723 0.290196 0.333333 0.294118
v 0.277497 0.159738 0.124454 0.290196 0.333333 0.294118
v 0.272999 0.160628 0.123865 0.290196 0.333333 0.294118
v 0.268535 0.161447 0.123267 0.286275 0.333333 0.294118
v 0.264113 0.162200 0.122661 0.286275 0.333333 0.294118
v 0.259742 0.162891 0.122045 0.286275 0.333333 0.294118
v 0.255429 0.163525 0.121421 0.286275 0.333333 0.294118
v 0.251180 0.164105 0.120788 0.286275 0.333333 0.294118
v 0.247003 0.164638 0.120146 0.286275 0.333333 0.294118
v 0.242904 0.165129 0.119495 0.286275 0.333333 0.294118
v 0.238889 0.165584 0.118835 0.286275 0.333333 0.294118
v 0.234963 0.166007 0.118167 0.286275 0.337255 0.294118
v 0.230556 0.165991 0.117198 0.286275 0.337255 0.294118
v 0.226267 0.165955 0.116223 0.286275 0.337255 0.294118
v 0.221541 0.165487 0.114954 0.286275 0.337255 0.294118
v 0.216408 0.164593 0.113396 0.290196 0.337255 0.294118
v 0.211435 0.163693 0.111841 0.290196 0.337255 0.294118
v 0.207153 0.163212 0.110570 0.290196 0.337255 0.294118
v 0.203016 0.162740 0.109299 0.290196 0.337255 0.294118
v 0.200054 0.163122 0.108586 0.290196 0.337255 0.294118
v 0.196191 0.162686 0.107308 0.294118 0.337255 0.294118
v 0.192973 0.162698 0.106306 0.294118 0.337255 0.294118
v 0.188896 0.161896 0.104750 0.294118 0.337255 0.298039
v 0.184974 0.161127 0.103198 0.298039 0.337255 0.298039
v 0.177349 0.156983 0.099486 0.298039 0.337255 0.298039
v 0.157108 0.141291 0.088560 0.298039 0.337255 0.298039
v 0.135044 0.123373 0.076446 0.298039 0.337255 0.298039
v 0.131683 0.122190 0.074811 0.301961 0.337255 0.298039
v 0.129827 0.122342 0.073974 0.301961 0.337255 0.298039
v 0.128519 0.122979 0.073395 0.301961 0.337255 0.298039
v 0.127291 0.123672 0.072811 0.305882 0.337255 0.298039
v 0.126590 0.124863 0.072477 0.305882 0.333333 0.301961
v 0.125515 0.125677 0.071879 0.305882 0.333333 0.301961
v 0.124514 0.126554 0.071276 0.309804 0.333333 0.301961
v 0.123587 0.127496 0.070668 0.309804 0.333333 0.301961
v 0.122729 0.128504 0.070054 0.309804 0.333333 0.301961
v 0.121938 0.129580 0.069436 0.313725 0.333333 0.301961
v 0.121211 0.130726 0.068813 0.313725 0.333333 0.301961
v 0.120544 0.131940 0.068185 0.313725 0.329412 0.305882
v 0.119934 0.133226 0.067553 0.313725 0.329412 0.305882
v 0.119378 0.134581 0.066917 0.317647 0.329412 0.305882
v 0.118870 0.136007 0.066277 0.317647 0.329412 0.305882
v 0.118408 0.137502 0.065632 0.317647 0.325490 0.305882
v 0.117986 0.139067 0.064984 0.321569 0.325490 0.305882
v 0.117600 0.140699 0.064332 0.321569 0.325490 0.309804
v 0.117247 0.142399 0.063677 0.321569 0.325490 0.309804
v 0.116920 0.144165 0.063018 0.321569 0.321569 0.309804
v 0.116616 0.145994 0.062356 0.321569 0.321569 0.309804
v 0.116330 0.147885 0.061690 0.325490 0.321569 0.313725
v 0.116056 0.149837 0.061021 0.325490 0.317647 0.313725
v 0.115791 0.151846 0.060348 0.325490 0.317647 0.313725
v 0.115528 0.153909 0.059673 0.325490 0.317647 0.313725
v 0.115264 0.156026 0.058994 0.325490 0.313725 0.313725
v 0.114994 0.158191 0.058312 0.325490 0.313725 0.317647
v 0.115118 0.160970 0.057830 0.325490 0.313725 0.317647
v 0.114819 0.163233 0.057139 0.329412 0.309804 0.317647
v 0.114500 0.165535 0.056444 0.329412 0.309804 0.317647
v 0.114157 0.167873 0.055746 0.329412 0.309804 0.321569
v 0.113785 0.170243 0.055044 0.329412 0.305882 0.321569
v 0.113380 0.172641 0.054338 0.329412 0.305882 0.321569
v 0.112938 0.175064 0.053629 0.329412 0.305882 0.321569
v 0.112456 0.177505 0.052917 0.329412 0.301961 0.321569
v 0.111930 0.179962 0.052200 0.325490 0.301961 0.325490
v 0.111358 0.182430 0.051480 0.325490 0.301961 0.325490
v 0.110736 0.184903 0.050755 0.325490 0.298039 0.325490
v 0.110062 0.187378 0.050027 0.325490 0.298039 0.325490
v 0.109333 0.189848 0.049295 0.325490 0.298039 0.325490
v 0.108548 0.192309 0.048559 0.325490 0.298039 0.329412
v 0.107705 0.194757 0.047818 0.321569 0.294118 0.329412
v 0.107178 0.197879 0.047240 0.321569 0.294118 0.329412
v 0.106211 0.200291 0.046489 0.321569 0.294118 0.329412
v 0.105182 0.202674 0.045734 0.321569 0.290196 0.329412
v 0.104091 0.205021 0.044974 0.317647 0.290196 0.329412
v 0.102937 0.207328 0.044211 0.317647 0.290196 0.333333
v 0.101720 0.209589 0.043443 0.317647 0.290196 0.333333
v 0.100441 0.211799 0.042672 0.313725 0.286275 0.333333
v 0.099100 0.213954 0.041896 0.313725 0.286275 0.333333
v 0.097699 0.216047 0.041117 0.313725 0.286275 0.333333
v 0.096237 0.218074 0.040333 0.309804 0.286275 0.333333
v 0.094717 0.220030 0.039546 0.309804 0.286275 0.333333
v 0.093466 0.222690 0.038890 0.309804 0.282353 0.333333
v 0.091827 0.224497 0.038092 0.305882 0.282353 0.333333
v 0.090135 0.226218 0.037291 0.305882 0.282353 0.337255
v 0.088390 0.227851 0.036485 0.301961 0.282353 0.337255
v 0.086595 0.229390 0.035676 0.301961 0.282353 0.337255
v 0.084753 0.230832 0.034863 0.301961 0.278431 0.337255
v 0.083156 0.232986 0.034166 0.298039 0.278431 0.337255
v 0.081219 0.234227 0.033344 0.298039 0.278431 0.337255
v 0.079242 0.235362 0.032518 0.298039 0.278431 0.337255
v 0.077227 0.236386 0.031688 0.294118 0.278431 0.337255
v 0.075177 0.237297 0.030856 0.294118 0.278431 0.337255
v 0.073094 0.238093 0.030020 0.294118 0.274510 0.337255
v 0.071230 0.239604 0.029283 0.290196 0.274510 0.337255
v 0.069083 0.240166 0.028438 0.290196 0.274510 0.337255
v 0.066912 0.240608 0.027591 0.290196 0.274510 0.337255
v 0.064719 0.240929 0.026740 0.290196 0.274510 0.333333
v 0.062725 0.241965 0.025976 0.290196 0.274510 0.333333
v 0.060489 0.242042 0.025117 0.286275 0.274510 0.333333
v 0.058239 0.241996 0.024256 0.286275 0.274510 0.333333
v 0.055979 0.241827 0.023391 0.286275 0.270588 0.333333
v 0.053709 0.241537 0.022524 0.286275 0.270588 0.333333
v 0.051612 0.241961 0.021730 0.286275 0.270588 0.333333
v 0.049325 0.241430 0.020855 0.286275 0.270588 0.333333
v 0.047036 0.240780 0.019978 0.286275 0.270588 0.333333
v 0.044749 0.240015 0.019099 0.286275 0.270588 0.333333
v 0.042465 0.239136 0.018218 0.286275 0.270588 0.329412
v 0.040325 0.238968 0.017394 0.286275 0.270588 0.329412
v 0.038046 0.237867 0.016506 0.286275 0.270588 0.329412
v 0.035777 0.236661 0.015615 0.286275 0.270588 0.329412
v 0.033520 0.235355 0.014723 0.286275 0.270588 0.329412
v 0.031384 0.234755 0.013876 0.290196 0.270588 0.329412
v 0.029149 0.233253 0.012977 0.290196 0.266667 0.325490
v 0.026931 0.231662 0.012076 0.290196 0.266667 0.325490
v 0.024732 0.229987 0.011173 0.290196 0.266667 0.325490
v 0.022554 0.228232 0.010269 0.294118 0.266667 0.325490
v 0.020469 0.227179 0.009396 0.294118 0.266667 0.325490
v 0.018331 0.225276 0.008485 0.294118 0.266667 0.321569
v 0.016217 0.223308 0.007573 0.294118 0.266667 0.321569
v 0.014131 0.221284 0.006660 0.298039 0.266667 0.321569
v 0.012114 0.219955 0.005765 0.298039 0.266667 0.321569
v 0.010079 0.217826 0.004846 0.298039 0.266667 0.321569
v 0.008073 0.215656 0.003926 0.301961 0.266667 0.317647
v 0.006099 0.213453 0.003004 0.301961 0.266667 0.317647
v 0.004156 0.211223 0.002081 0.301961 0.266667 0.317647
v 0.002254 0.209683 0.001161 0.305882 0.266667 0.317647
v 0.000372 0.207409 0.000232 0.305882 0.266667 0.313725
v -0.001477 0.205128 -0.000697 0.309804 0.266667 0.313725
v -0.003304 0.203532 -0.001633 0.309804 0.266667 0.313725
v -0.005091 0.201246 -0.002568 0.309804 0.266667 0.313725
v -0.006844 0.198970 -0.003504 0.313725 0.266667 0.309804
v -0.008562 0.196712 -0.004441 0.313725 0.266667 0.309804
v -0.010248 0.194477 -0.005379 0.313725 0.266667 0.309804
v -0.011940 0.192921 -0.006339 0.317647 0.266667 0.309804
v -0.013565 0.190743 -0.007282 0.317647 0.266667 0.305882
v -0.015159 0.188607 -0.008226 0.321569 0.266667 0.305882
v -0.016722 0.186517 -0.009170 0.321569 0.266667 0.305882
v -0.018255 0.184479 -0.010115 0.321569 0.266667 0.305882
v -0.019827 0.183113 -0.011098 0.321569 0.270588 0.305882
v -0.021311 0.181188 -0.012048 0.325490 0.270588 0.301961
v -0.022769 0.179329 -0.012998 0.325490 0.270588 0.301961
v -0.024204 0.177542 -0.013949 0.325490 0.270588 0.301961
v -0.025704 0.176420 -0.014950 0.325490 0.270588 0.301961
v -0.027103 0.174782 -0.015905 0.325490 0.270588 0.301961
v -0.028484 0.173226 -0.016859 0.325490 0.274510 0.298039
v -0.029851 0.171756 -0.017814 0.329412 0.274510 0.298039
v -0.031205 0.170375 -0.018769 0.329412 0.274510 0.298039
v -0.032658 0.169650 -0.019790 0.329412 0.274510 0.298039
v -0.033999 0.168448 -0.020747 0.329412 0.274510 0.298039
v -0.035334 0.167342 -0.021704 0.329412 0.278431 0.298039
v -0.036667 0.166332 -0.022661 0.329412 0.278431 0.298039
v -0.038127 0.165971 -0.023695 0.329412 0.278431 0.294118
v -0.039468 0.165153 -0.024654 0.325490 0.282353 0.294118
v -0.040814 0.164435 -0.025611 0.325490 0.282353 0.294118
v -0.042168 0.163815 -0.026567 0.325490 0.282353 0.294118
v -0.043678 0.163836 -0.027613 0.325490 0.282353 0.294118
v -0.045061 0.163410 -0.028569 0.325490 0.286275 0.294118
v -0.046461 0.163082 -0.029524 0.325490 0.286275 0.294118
v -0.048037 0.163388 -0.030577 0.321569 0.286275 0.294118
v -0.049480 0.163248 -0.031531 0.321569 0.290196 0.294118
v -0.050946 0.163201 -0.032483 0.321569 0.290196 0.294118
v -0.052438 0.163244 -0.033433 0.321569 0.290196 0.294118
v -0.054135 0.163914 -0.034493 0.317647 0.290196 0.294118
v -0.055689 0.164129 -0.035441 0.317647 0.294118 0.294118
v -0.057274 0.164427 -0.036386 0.317647 0.294118 0.294118
v -0.058892 0.164804 -0.037328 0.313725 0.294118 0.294118
v -0.060743 0.165800 -0.038393 0.313725 0.294118 0.294118
v -0.062437 0.166325 -0.039332 0.313725 0.298039 0.294118
v -0.064167 0.166918 -0.040268 0.309804 0.298039 0.294118
v -0.066153 0.168124 -0.041336 0.309804 0.298039 0.294118
v -0.067967 0.168842 -0.042269 0.309804 0.298039 0.294118
v -0.069821 0.169615 -0.043198 0.305882 0.298039 0.298039
v -0.071716 0.170438 -0.044124 0.305882 0.301961 0.298039
v -0.073892 0.171867 -0.045193 0.305882 0.301961 0.298039
v -0.075876 0.172779 -0.046114 0.301961 0.301961 0.298039
v -0.078155 0.174292 -0.047185 0.301961 0.301961 0.298039
v -0.080228 0.175273 -0.048102 0.301961 0.301961 0.298039
v -0.082343 0.176278 -0.049015 0.298039 0.301961 0.298039
v -0.084499 0.177302 -0.049924 0.298039 0.301961 0.298039
v -0.086977 0.178920 -0.050994 0.298039 0.305882 0.298039
v -0.089220 0.179971 -0.051898 0.298039 0.305882 0.301961
v -0.091503 0.181024 -0.052798 0.294118 0.305882 0.301961
v -0.094127 0.182664 -0.053868 0.294118 0.305882 0.301961
v -0.096493 0.183710 -0.054762 0.294118 0.305882 0.301961
v -0.099213 0.185338 -0.055832 0.294118 0.305882 0.301961
v -0.101657 0.186354 -0.056721 0.290196 0.305882 0.301961
v -0.104134 0.187345 -0.057605 0.290196 0.305882 0.301961
v -0.106985 0.188912 -0.058673 0.290196 0.305882 0.305882
v -0.109530 0.189840 -0.059552 0.290196 0.309804 0.305882
v -0.112103 0.190728 -0.060426 0.290196 0.309804 0.305882
v -0.115069 0.192185 -0.061492 0.286275 0.309804 0.305882
v -0.117698 0.192979 -0.062359 0.286275 0.309804 0.305882
v -0.120733 0.194336 -0.063425 0.286275 0.309804 0.305882
v -0.123409 0.195017 -0.064286 0.286275 0.309804 0.309804
v -0.126501 0.196257 -0.065350 0.286275 0.309804 0.309804
v -0.129213 0.196806 -0.066205 0.286275 0.309804 0.309804
v -0.132352 0.197908 -0.067267 0.286275 0.309804 0.309804
v -0.135086 0.198309 -0.068115 0.286275 0.309804 0.309804
v -0.137821 0.198629 -0.068958 0.286275 0.309804 0.313725
v -0.141000 0.199495 -0.070017 0.286275 0.309804 0.313725
v -0.143738 0.199646 -0.070852 0.286275 0.309804 0.313725
v -0.146465 0.199706 -0.071683 0.286275 0.313725 0.313725
v -0.149649 0.200304 -0.072737 0.286275 0.313725 0.313725
v -0.152353 0.200177 -0.073561 0.290196 0.313725 0.317647
v -0.155034 0.199954 -0.074379 0.290196 0.313725 0.317647
v -0.158184 0.200260 -0.075428 0.290196 0.313725 0.317647
v -0.161319 0.200464 -0.076477 0.290196 0.313725 0.317647
v -0.163920 0.199938 -0.077285 0.294118 0.313725 0.317647
v -0.167001 0.199933 -0.078331 0.294118 0.313725 0.321569
v -0.169522 0.199201 -0.079130 0.294118 0.313725 0.321569
v -0.171991 0.198365 -0.079924 0.294118 0.313725 0.321569
v -0.174946 0.198042 -0.080964 0.298039 0.317647 0.321569
v -0.177303 0.196997 -0.081749 0.298039 0.317647 0.321569
v -0.180151 0.196459 -0.082785 0.298039 0.317647 0.325490
v -0.182376 0.195207 -0.083561 0.301961 0.317647 0.325490
v -0.184523 0.193855 -0.084332 0.301961 0.317647 0.325490
v -0.187165 0.193001 -0.085360 0.305882 0.317647 0.325490
v -0.189149 0.191448 -0.086121 0.305882 0.317647 0.325490
v -0.191041 0.189800 -0.086876 0.305882 0.317647 0.329412
v -0.193432 0.188640 -0.087896 0.309804 0.321569 0.329412
v -0.195132 0.186803 -0.088642 0.309804 0.321569 0.329412
v -0.196727 0.184879 -0.089381 0.313725 0.321569 0.329412
v -0.198824 0.183431 -0.090391 0.313725 0.321569 0.329412
v -0.200203 0.181333 -0.091120 0.313725 0.321569 0.329412
v -0.201467 0.179156 -0.091842 0.317647 0.321569 0.333333
v -0.203234 0.177446 -0.092842 0.317647 0.325490 0.333333
v -0.204263 0.175115 -0.093553 0.317647 0.325490 0.333333
v -0.205168 0.172716 -0.094258 0.321569 0.325490 0.333333
v -0.206580 0.170773 -0.095246 0.321569 0.325490 0.333333
v -0.207238 0.168242 -0.095938 0.321569 0.325490 0.333333
v -0.207770 0.165654 -0.096624 0.321569 0.329412 0.333333
v -0.208810 0.163512 -0.097599 0.325490 0.329412 0.333333
v -0.209089 0.160817 -0.098272 0.325490 0.329412 0.333333
v -0.209880 0.158559 -0.099238 0.325490 0.329412 0.333333
v -0.209909 0.155773 -0.099897 0.325490 0.329412 0.337255
v -0.209816 0.152953 -0.100549 0.325490 0.333333 0.337255
v -0.210238 0.150557 -0.101500 0.325490 0.333333 0.337255
v -0.209905 0.147672 -0.102137 0.329412 0.333333 0.337255
v -0.209457 0.144766 -0.102766 0.329412 0.333333 0.337255
v -0.209529 0.142271 -0.103699 0.329412 0.333333 0.337255
v -0.208861 0.139327 -0.104313 0.329412 0.337255 0.337255
v -0.208091 0.136374 -0.104918 0.329412 0.337255 0.337255
v -0.207847 0.133819 -0.105832 0.329412 0.337255 0.337255
v -0.206884 0.130854 -0.106420 0.329412 0.337255 0.337255
v -0.206454 0.128277 -0.107321 0.325490 0.341176 0.337255
v -0.205321 0.125315 -0.107892 0.325490 0.341176 0.337255
v -0.204726 0.122732 -0.108778 0.325490 0.341176 0.337255
v -0.203449 0.119790 -0.109332 0.325490 0.341176 0.333333
v -0.202715 0.117217 -0.110203 0.325490 0.341176 0.333333
v -0.201321 0.114309 -0.110738 0.325490 0.345098 0.333333
v -0.200477 0.111760 -0.111594 0.325490 0.345098 0.333333
v -0.198996 0.108900 -0.112109 0.321569 0.345098 0.333333
v -0.198071 0.106388 -0.112949 0.321569 0.345098 0.333333
v -0.196534 0.103589 -0.113445 0.321569 0.345098 0.333333
v -0.195560 0.101127 -0.114268 0.321569 0.345098 0.333333
v -0.193998 0.098400 -0.114744 0.317647 0.345098 0.333333
v -0.193006 0.095999 -0.115550 0.317647 0.349020 0.329412
v -0.192016 0.093629 -0.116347 0.317647 0.349020 0.329412
v -0.190475 0.091024 -0.116795 0.317647 0.349020 0.329412
v -0.189514 0.088727 -0.117576 0.313725 0.349020 0.329412
v -0.188028 0.086216 -0.118003 0.313725 0.349020 0.329412
v -0.186582 0.083756 -0.118421 0.313725 0.349020 0.329412
v -0.185726 0.081588 -0.119176 0.309804 0.349020 0.325490
v -0.184918 0.079460 -0.119924 0.309804 0.349020 0.325490
v -0.184164 0.077374 -0.120664 0.309804 0.349020 0.325490
v -0.182941 0.075111 -0.121046 0.305882 0.349020 0.325490
v -0.182321 0.073115 -0.121771 0.305882 0.349020 0.325490
v -0.181252 0.070957 -0.122137 0.301961 0.345098 0.321569
v -0.180790 0.069051 -0.122847 0.301961 0.345098 0.321569
v -0.180416 0.067187 -0.123552 0.301961 0.345098 0.321569
v -0.179619 0.065177 -0.123894 0.298039 0.345098 0.321569
v -0.178924 0.063217 -0.124228 0.298039 0.345098 0.317647
v -0.178849 0.061484 -0.124913 0.298039 0.345098 0.317647
v -0.178370 0.059616 -0.125233 0.294118 0.345098 0.317647
v -0.178516 0.057960 -0.125906 0.294118 0.345098 0.317647
v -0.178269 0.056176 -0.126213 0.294118 0.345098 0.317647
v -0.178143 0.054433 -0.126514 0.294118 0.345098 0.313725
v -0.178649 0.052878 -0.127170 0.290196 0.345098 0.313725
v -0.178771 0.051203 -0.127459 0.290196 0.345098 0.313725
v -0.179531 0.049702 -0.128105 0.290196 0.345098 0.313725
v -0.179911 0.048084 -0.128381 0.290196 0.345098 0.309804
v -0.180420 0.046491 -0.128652 0.286275 0.345098 0.309804
v -0.181059 0.044920 -0.128916 0.286275 0.345098 0.309804
v -0.181829 0.043368 -0.129173 0.286275 0.345098 0.309804
v -0.182729 0.041831 -0.129424 0.286275 0.345098 0.309804
v -0.183758 0.040305 -0.129669 0.286275 0.345098 0.309804
v -0.184916 0.038787 -0.129907 0.286275 0.345098 0.305882
v -0.186200 0.037273 -0.130138 0.286275 0.345098 0.305882
v -0.187609 0.035759 -0.130361 0.286275 0.345098 0.305882
v -0.189140 0.034242 -0.130578 0.286275 0.345098 0.305882
v -0.190791 0.032719 -0.130787 0.286275 0.345098 0.305882
v -0.192560 0.031185 -0.130988 0.286275 0.345098 0.305882
v -0.194441 0.029638 -0.131181 0.286275 0.345098 0.301961
v -0.196432 0.028074 -0.131366 0.286275 0.345098 0.301961
v -0.198528 0.026491 -0.131542 0.290196 0.345098 0.301961
v -0.200154 0.024814 -0.131334 0.290196 0.345098 0.301961
v -0.202439 0.023187 -0.131492 0.290196 0.345098 0.301961
v -0.204814 0.021532 -0.131640 0.290196 0.345098 0.301961
v -0.207273 0.019847 -0.131778 0.294118 0.345098 0.301961
v -0.209212 0.018077 -0.131531 0.294118 0.345098 0.301961
v -0.211812 0.016330 -0.131649 0.294118 0.349020 0.301961
v -0.214477 0.014546 -0.131757 0.298039 0.349020 0.298039
v -0.217198 0.012724 -0.131854 0.298039 0.349020 0.298039
v -0.219339 0.010833 -0.131564 0.298039 0.349020 0.298039
v -0.222142 0.008937 -0.131639 0.301961 0.349020 0.298039
v -0.224979 0.007001 -0.131704 0.301961 0.349020 0.298039
v -0.227840 0.005023 -0.131758 0.301961 0.349020 0.298039
v -0.230055 0.002994 -0.131423 0.305882 0.349020 0.298039
v -0.232931 0.000938 -0.131455 0.305882 0.349020 0.298039
v -0.239194 -0.001178 -0.133365 0.309804 0.349020 0.298039
v -0.242097 -0.003348 -0.133375 0.309804 0.349020 0.298039
v -0.244980 -0.005561 -0.133373 0.309804 0.349020 0.298039
v -0.247130 -0.007793 -0.132982 0.313725 0.349020 0.298039
v -0.249934 -0.010080 -0.132958 0.313725 0.349020 0.294118
v -0.252689 -0.012407 -0.132923 0.313725 0.345098 0.294118
v -0.255384 -0.014770 -0.132876 0.317647 0.345098 0.294118
v -0.258011 -0.017170 -0.132818 0.317647 0.345098 0.294118
v -0.260560 -0.019604 -0.132749 0.317647 0.345098 0.294118
v -0.263022 -0.022069 -0.132669 0.321569 0.345098 0.294118
v -0.265388 -0.024565 -0.132579 0.321569 0.345098 0.294118
v -0.267649 -0.027088 -0.132477 0.321569 0.345098 0.294118
v -0.269796 -0.029636 -0.132364 0.321569 0.345098 0.294118
v -0.271821 -0.032207 -0.132241 0.325490 0.345098 0.294118
v -0.272940 -0.034698 -0.131732 0.325490 0.345098 0.294118
v -0.274694 -0.037298 -0.131588 0.325490 0.345098 0.294118
v -0.276305 -0.039911 -0.131433 0.325490 0.341176 0.294118
v -0.277767 -0.042535 -0.131268 0.325490 0.341176 0.294118
v -0.279073 -0.045166 -0.131093 0.325490 0.341176 0.294118
v -0.280218 -0.047802 -0.130908 0.329412 0.341176 0.294118
v -0.281197 -0.050437 -0.130712 0.329412 0.341176 0.294118
v -0.282007 -0.053070 -0.130507 0.329412 0.341176 0.294118
v -0.282644 -0.055696 -0.130291 0.329412 0.341176 0.294118
v -0.283911 -0.058479 -0.130436 0.329412 0.341176 0.294118
v -0.284194 -0.061090 -0.130200 0.329412 0.341176 0.294118
v -0.284297 -0.063683 -0.129955 0.329412 0.341176 0.294118
v -0.284218 -0.066256 -0.129699 0.325490 0.341176 0.294118
v -0.283958 -0.068805 -0.129434 0.325490 0.341176 0.294118
v -0.283518 -0.071327 -0.129159 0.325490 0.341176 0.294118
v -0.282897 -0.073817 -0.128874 0.325490 0.341176 0.294118
v -0.282099 -0.076273 -0.128580 0.325490 0.341176 0.294118
v -0.281126 -0.078692 -0.128277 0.325490 0.341176 0.294118
v -0.279980 -0.081070 -0.127964 0.321569 0.341176 0.294118
v -0.278665 -0.083404 -0.127641 0.321569 0.341176 0.294118
v -0.277974 -0.085936 -0.127671 0.321569 0.341176 0.298039
v -0.276330 -0.088180 -0.127329 0.321569 0.341176 0.298039
v -0.274532 -0.090372 -0.126978 0.317647 0.341176 0.298039
v -0.272585 -0.092510 -0.126617 0.317647 0.341176 0.298039
v -0.270495 -0.094590 -0.126247 0.317647 0.341176 0.298039
v -0.268269 -0.096611 -0.125867 0.313725 0.341176 0.298039
v -0.266668 -0.098850 -0.125834 0.313725 0.341176 0.298039
v -0.264184 -0.100753 -0.125435 0.313725 0.341176 0.298039
v -0.261585 -0.102590 -0.125027 0.309804 0.341176 0.298039
v -0.258880 -0.104362 -0.124610 0.309804 0.341176 0.301961
v -0.256077 -0.106067 -0.124183 0.305882 0.341176 0.301961
v -0.253898 -0.108008 -0.124097 0.305882 0.341176 0.301961
v -0.250914 -0.109581 -0.123650 0.301961 0.341176 0.301961
v -0.247855 -0.111084 -0.123194 0.301961 0.341176 0.301961
v -0.244732 -0.112519 -0.122730 0.301961 0.341176 0.301961
v -0.242232 -0.114205 -0.122600 0.298039 0.341176 0.305882
v -0.238993 -0.115506 -0.122115 0.298039 0.341176 0.305882
v -0.235715 -0.116738 -0.121622 0.298039 0.341176 0.305882
v -0.232404 -0.117903 -0.121119 0.294118 0.341176 0.305882
v -0.229713 -0.119336 -0.120945 0.294118 0.341176 0.309804
v -0.226353 -0.120373 -0.120423 0.294118 0.341176 0.309804
v -0.222985 -0.121347 -0.119891 0.290196 0.341176 0.309804
v -0.219616 -0.122260 -0.119350 0.290196 0.345098 0.309804
v -0.216860 -0.123459 -0.119132 0.290196 0.345098 0.309804
v -0.213502 -0.124258 -0.118571 0.290196 0.345098 0.313725
v -0.210752 -0.125353 -0.118331 0.286275 0.345098 0.313725
v -0.209745 -0.127454 -0.119063 0.286275 0.345098 0.313725
v -0.206992 -0.128463 -0.118794 0.286275 0.345098 0.313725
v -0.204260 -0.129430 -0.118512 0.286275 0.345098 0.317647
v -0.201006 -0.130003 -0.117894 0.286275 0.345098 0.317647
v -0.197804 -0.130537 -0.117268 0.286275 0.345098 0.317647
v -0.194658 -0.131038 -0.116633 0.286275 0.345098 0.317647
v -0.191574 -0.131510 -0.115989 0.286275 0.345098 0.317647
v -0.188556 -0.131956 -0.115336 0.286275 0.345098 0.321569
v -0.185608 -0.132382 -0.114675 0.286275 0.345098 0.321569
v -0.182735 -0.132793 -0.114005 0.286275 0.345098 0.321569
v -0.179939 -0.133192 -0.113327 0.286275 0.345098 0.321569
v -0.176738 -0.133220 -0.112332 0.290196 0.345098 0.321569
v -0.174114 -0.133611 -0.111639 0.290196 0.345098 0.325490
v -0.171576 -0.134007 -0.110938 0.290196 0.345098 0.325490
v -0.169126 -0.134411 -0.110229 0.290196 0.345098 0.325490
v -0.166309 -0.134460 -0.109212 0.290196 0.345098 0.325490
v -0.164048 -0.134897 -0.108489 0.294118 0.345098 0.325490
v -0.161881 -0.135358 -0.107759 0.294118 0.345098 0.325490
v -0.159807 -0.135849 -0.107022 0.294118 0.345098 0.325490
v -0.157394 -0.135998 -0.105984 0.294118 0.345098 0.329412
v -0.155516 -0.136561 -0.105234 0.298039 0.345098 0.329412
v -0.153734 -0.137167 -0.104476 0.298039 0.345098 0.329412
v -0.151626 -0.137440 -0.103425 0.298039 0.345098 0.329412
v -0.150038 -0.138145 -0.102655 0.301961 0.345098 0.329412
v -0.148132 -0.138521 -0.101596 0.301961 0.345098 0.329412
v -0.147142 -0.139728 -0.101095 0.301961 0.345098 0.329412
v -0.145428 -0.140224 -0.100026 0.305882 0.345098 0.329412
v -0.144211 -0.141175 -0.099230 0.305882 0.345098 0.329412
v -0.142685 -0.141801 -0.098153 0.305882 0.345098 0.333333
v -0.141644 -0.142893 -0.097345 0.305882 0.345098 0.333333
v -0.140294 -0.143659 -0.096260 0.309804 0.345098 0.333333
v -0.139808 -0.145306 -0.095707 0.309804 0.345098 0.333333
v -0.138620 -0.146222 -0.094612 0.309804 0.341176 0.333333
v -0.137895 -0.147625 -0.093777 0.313725 0.341176 0.333333
v -0.136857 -0.148694 -0.092674 0.313725 0.341176 0.333333
v -0.136270 -0.150258 -0.091826 0.313725 0.341176 0.333333
v -0.135365 -0.151481 -0.090715 0.317647 0.341176 0.333333
v -0.135279 -0.153639 -0.090106 0.317647 0.341176 0.333333
v -0.134488 -0.155021 -0.088985 0.317647 0.337255 0.333333
v -0.134125 -0.156916 -0.088108 0.317647 0.337255 0.333333
v -0.133806 -0.158894 -0.087223 0.321569 0.337255 0.333333
v -0.133150 -0.160503 -0.086088 0.321569 0.337255 0.333333
v -0.132904 -0.162638 -0.085190 0.321569 0.333333 0.333333
v -0.132687 -0.164852 -0.084283 0.321569 0.333333 0.333333
v -0.132120 -0.166673 -0.083135 0.325490 0.333333 0.333333
v -0.131944 -0.169034 -0.082215 0.325490 0.329412 0.333333
v -0.131780 -0.171467 -0.081289 0.325490 0.329412 0.333333
v -0.131251 -0.173479 -0.080127 0.325490 0.329412 0.333333
v -0.131096 -0.176043 -0.079188 0.325490 0.325490 0.333333
v -0.130937 -0.178672 -0.078242 0.325490 0.325490 0.337255
v -0.130397 -0.180848 -0.077069 0.325490 0.325490 0.337255
v -0.130214 -0.183588 -0.076111 0.329412 0.321569 0.337255
v -0.129641 -0.185852 -0.074933 0.329412 0.321569 0.337255
v -0.129413 -0.188688 -0.073965 0.329412 0.317647 0.337255
v -0.128786 -0.191024 -0.072783 0.329412 0.317647 0.337255
v -0.128494 -0.193939 -0.071805 0.329412 0.317647 0.337255
v -0.127796 -0.196328 -0.070618 0.329412 0.313725 0.337255
v -0.127421 -0.199304 -0.069632 0.329412 0.313725 0.337255
v -0.126999 -0.202308 -0.068640 0.329412 0.309804 0.337255
v -0.126162 -0.204746 -0.067449 0.325490 0.309804 0.337255
v -0.125634 -0.207780 -0.066449 0.325490 0.309804 0.337255
v -0.124689 -0.210221 -0.065257 0.325490 0.305882 0.337255
v -0.124043 -0.213265 -0.064251 0.325490 0.305882 0.337255
v -0.122978 -0.215687 -0.063059 0.325490 0.301961 0.337255
v -0.121851 -0.218086 -0.061868 0.325490 0.301961 0.337255
v -0.121012 -0.221099 -0.060855 0.321569 0.301961 0.337255
v -0.119756 -0.223444 -0.059665 0.321569 0.298039 0.337255
v -0.118779 -0.226409 -0.058648 0.321569 0.298039 0.337255
v -0.117388 -0.228678 -0.057460 0.321569 0.298039 0.337255
v -0.116270 -0.231571 -0.056439 0.317647 0.294118 0.337255
v -0.114744 -0.233740 -0.055253 0.317647 0.294118 0.337255
v -0.113152 -0.235846 -0.054070 0.317647 0.294118 0.337255
v -0.111496 -0.237883 -0.052890 0.313725 0.290196 0.337255
v -0.110100 -0.240555 -0.051865 0.313725 0.290196 0.337255
v -0.108313 -0.242447 -0.050689 0.309804 0.290196 0.337255
v -0.106781 -0.244978 -0.049662 0.309804 0.290196 0.333333
v -0.104869 -0.246703 -0.048489 0.309804 0.286275 0.333333
v -0.102901 -0.248334 -0.047320 0.305882 0.286275 0.333333
v -0.101178 -0.250610 -0.046292 0.305882 0.286275 0.333333
v -0.099097 -0.252044 -0.045127 0.305882 0.286275 0.333333
v -0.096966 -0.253371 -0.043966 0.301961 0.282353 0.333333
v -0.094788 -0.254586 -0.042809 0.301961 0.282353 0.333333
v -0.092843 -0.256453 -0.041781 0.298039 0.282353 0.333333
v -0.090573 -0.257439 -0.040629 0.298039 0.282353 0.333333
v -0.088264 -0.258303 -0.039482 0.298039 0.282353 0.333333
v -0.085919 -0.259042 -0.038338 0.294118 0.278431 0.333333
v -0.083795 -0.260441 -0.037312 0.294118 0.278431 0.333333
v -0.081381 -0.260928 -0.036175 0.294118 0.278431 0.333333
v -0.078941 -0.261284 -0.035042 0.290196 0.278431 0.333333
v -0.076712 -0.262304 -0.034017 0.290196 0.278431 0.333333
v -0.074222 -0.262397 -0.032890 0.290196 0.274510 0.329412
v -0.071714 -0.262355 -0.031768 0.290196 0.274510 0.329412
v -0.069193 -0.262178 -0.030651 0.290196 0.274510 0.329412
v -0.066866 -0.262673 -0.029629 0.286275 0.274510 0.329412
v -0.064319 -0.262228 -0.028519 0.286275 0.274510 0.329412
v -0.061766 -0.261650 -0.027413 0.286275 0.274510 0.329412
v -0.059395 -0.261748 -0.026395 0.286275 0.274510 0.329412
v -0.056833 -0.260907 -0.025296 0.286275 0.274510 0.329412
v -0.054274 -0.259937 -0.024203 0.286275 0.270588 0.329412
v -0.051721 -0.258840 -0.023116 0.286275 0.270588 0.325490
v -0.049331 -0.258425 -0.022102 0.286275 0.270588 0.325490
v -0.046790 -0.257081 -0.021022 0.286275 0.270588 0.325490
v -0.044262 -0.255619 -0.019948 0.286275 0.270588 0.325490
v -0.041750 -0.254043 -0.018879 0.286275 0.270588 0.325490
v -0.039380 -0.253153 -0.017873 0.286275 0.270588 0.325490
v -0.036898 -0.251357 -0.016813 0.286275 0.270588 0.325490
v -0.034439 -0.249460 -0.015758 0.290196 0.270588 0.325490
v -0.032105 -0.248251 -0.014757 0.290196 0.270588 0.321569
v -0.029689 -0.246160 -0.013711 0.290196 0.266667 0.321569
v -0.027300 -0.243983 -0.012672 0.290196 0.266667 0.321569
v -0.024941 -0.241724 -0.011639 0.290196 0.266667 0.321569
v -0.022686 -0.240158 -0.010646 0.294118 0.266667 0.321569
v -0.020384 -0.237749 -0.009623 0.294118 0.266667 0.321569
v -0.018116 -0.235276 -0.008606 0.294118 0.266667 0.321569
v -0.015935 -0.233498 -0.007620 0.298039 0.266667 0.317647
v -0.013733 -0.230911 -0.006613 0.298039 0.266667 0.317647
v -0.011568 -0.228281 -0.005613 0.298039 0.266667 0.317647
v -0.009474 -0.226345 -0.004635 0.301961 0.266667 0.317647
v -0.007382 -0.223639 -0.003646 0.301961 0.266667 0.317647
v -0.005330 -0.220908 -0.002664 0.301961 0.266667 0.317647
v -0.003331 -0.218873 -0.001694 0.305882 0.266667 0.317647
v -0.001361 -0.216813 -0.000726 0.305882 0.266667 0.313725
v 0.000576 -0.213336 0.000240 0.305882 0.266667 0.313725
v 0.002474 -0.211261 0.001200 0.309804 0.266667 0.313725
v 0.004328 -0.208495 0.002152 0.309804 0.266667 0.313725
v 0.006140 -0.205745 0.003095 0.313725 0.266667 0.313725
v 0.007935 -0.203690 0.004045 0.313725 0.266667 0.313725
v 0.009669 -0.200983 0.004976 0.313725 0.266667 0.313725
v 0.011361 -0.198311 0.005900 0.317647 0.266667 0.309804
v 0.013013 -0.195680 0.006815 0.317647 0.266667 0.309804
v 0.014674 -0.193741 0.007748 0.317647 0.266667 0.309804
v 0.016254 -0.191201 0.008650 0.321569 0.266667 0.309804
v 0.017797 -0.188719 0.009544 0.321569 0.266667 0.309804
v 0.019368 -0.186927 0.010465 0.321569 0.266667 0.309804
v 0.020846 -0.184568 0.011345 0.321569 0.270588 0.309804
v 0.022291 -0.182281 0.012217 0.325490 0.270588 0.309804
v 0.023786 -0.180680 0.013125 0.325490 0.270588 0.305882
v 0.025177 -0.178544 0.013983 0.325490 0.270588 0.305882
v 0.026541 -0.176491 0.014832 0.325490 0.270588 0.305882
v 0.027880 -0.174524 0.015673 0.325490 0.270588 0.305882
v 0.029298 -0.173238 0.016561 0.329412 0.270588 0.305882
v 0.030600 -0.171449 0.017388 0.329412 0.274510 0.305882
v 0.031885 -0.169754 0.018206 0.329412 0.274510 0.305882
v 0.033269 -0.168734 0.019081 0.329412 0.274510 0.305882
v 0.034532 -0.167229 0.019885 0.329412 0.274510 0.301961
v 0.035784 -0.165822 0.020681 0.329412 0.278431 0.301961
v 0.037159 -0.165086 0.021542 0.329412 0.278431 0.301961
v 0.038405 -0.163875 0.022324 0.325490 0.278431 0.301961
v 0.039648 -0.162763 0.023097 0.325490 0.278431 0.301961
v 0.041036 -0.162316 0.023945 0.325490 0.278431 0.301961
v 0.042289 -0.161401 0.024705 0.325490 0.282353 0.301961
v 0.043547 -0.160582 0.025456 0.325490 0.282353 0.301961
v 0.044813 -0.159860 0.026199 0.325490 0.282353 0.301961
v 0.046253 -0.159794 0.027029 0.321569 0.282353 0.298039
v 0.047547 -0.159258 0.027758 0.321569 0.286275 0.298039
v 0.048856 -0.158811 0.028480 0.321569 0.286275 0.298039
v 0.050182 -0.158452 0.029193 0.321569 0.286275 0.298039
v 0.051894 -0.159307 0.030112 0.317647 0.286275 0.298039
v 0.053270 -0.159116 0.030815 0.317647 0.286275 0.298039
v 0.054667 -0.159003 0.031510 0.317647 0.290196 0.298039
v 0.056289 -0.159535 0.032312 0.317647 0.290196 0.298039
v 0.057741 -0.159571 0.032994 0.313725 0.290196 0.298039
v 0.059219 -0.159673 0.033668 0.313725 0.290196 0.298039
v 0.060723 -0.159838 0.034334 0.313725 0.290196 0.298039
v 0.062481 -0.160642 0.035118 0.309804 0.294118 0.298039
v 0.064049 -0.160923 0.035771 0.309804 0.294118 0.298039
v 0.065884 -0.161840 0.036548 0.309804 0.294118 0.298039
v 0.067516 -0.162218 0.037188 0.305882 0.294118 0.294118
v 0.069177 -0.162637 0.037819 0.305882 0.294118 0.294118
v 0.071128 -0.163688 0.038583 0.305882 0.294118 0.294118
v 0.072856 -0.164175 0.039201 0.301961 0.294118 0.294118
v 0.074614 -0.164686 0.039810 0.301961 0.298039 0.294118
v 0.076681 -0.165827 0.040561 0.301961 0.298039 0.294118
v 0.078503 -0.166377 0.041157 0.298039 0.298039 0.294118
v 0.080650 -0.167553 0.041899 0.298039 0.298039 0.294118
v 0.082533 -0.168119 0.042481 0.298039 0.298039 0.294118
v 0.084757 -0.169311 0.043215 0.294118 0.298039 0.294118
v 0.086699 -0.169873 0.043782 0.294118 0.298039 0.294118
v 0.088664 -0.170423 0.044342 0.294118 0.298039 0.294118
v 0.090991 -0.171595 0.045061 0.294118 0.298039 0.294118
v 0.093007 -0.172110 0.045606 0.290196 0.298039 0.294118
v 0.095041 -0.172596 0.046142 0.290196 0.298039 0.294118
v 0.097459 -0.173704 0.046846 0.290196 0.298039 0.294118
v 0.099534 -0.174125 0.047368 0.290196 0.298039 0.294118
v 0.102006 -0.175166 0.048062 0.290196 0.298039 0.294118
v 0.104114 -0.175503 0.048569 0.286275 0.301961 0.294118
v 0.106633 -0.176458 0.049253 0.286275 0.301961 0.294118
v 0.108764 -0.176693 0.049745 0.286275 0.301961 0.294118
v 0.110898 -0.176869 0.050228 0.286275 0.301961 0.294118
v 0.113032 -0.176983 0.050702 0.286275 0.301961 0.294118
v 0.115607 -0.177712 0.051364 0.286275 0.301961 0.294118
v 0.117743 -0.177693 0.051822 0.286275 0.301961 0.294118
v 0.120334 -0.178288 0.052474 0.286275 0.301961 0.294118
v 0.122459 -0.178124 0.052917 0.286275 0.301961 0.294118
v 0.124570 -0.177882 0.053350 0.286275 0.301961 0.294118
v 0.127154 -0.178251 0.053985 0.286275 0.301961 0.294118
v 0.129234 -0.177849 0.054403 0.286275 0.301961 0.298039
v 0.131800 -0.178055 0.055026 0.286275 0.301961 0.298039
v 0.133834 -0.177484 0.055428 0.290196 0.301961 0.298039
v 0.136367 -0.177519 0.056040 0.290196 0.301961 0.298039
v 0.138340 -0.176773 0.056426 0.290196 0.301961 0.298039
v 0.139719 -0.175245 0.056580 0.290196 0.301961 0.298039
v 0.141594 -0.174322 0.056945 0.290196 0.301961 0.298039
v 0.143420 -0.173311 0.057301 0.294118 0.305882 0.298039
v 0.145774 -0.172901 0.057879 0.294118 0.305882 0.298039
v 0.148088 -0.172399 0.058452 0.294118 0.305882 0.298039
v 0.149759 -0.171120 0.058785 0.298039 0.305882 0.301961
v 0.151973 -0.170437 0.059347 0.298039 0.305882 0.301961
v 0.153516 -0.168983 0.059664 0.298039 0.305882 0.301961
v 0.155611 -0.168121 0.060213 0.301961 0.305882 0.301961
v 0.157644 -0.167168 0.060758 0.301961 0.305882 0.301961
v 0.158969 -0.165460 0.061052 0.301961 0.305882 0.301961
v 0.160858 -0.164335 0.061585 0.305882 0.305882 0.301961
v 0.162672 -0.163124 0.062113 0.305882 0.305882 0.305882
v 0.164407 -0.161829 0.062636 0.309804 0.309804 0.305882
v 0.165390 -0.159804 0.062899 0.309804 0.309804 0.305882
v 0.166950 -0.158352 0.063410 0.309804 0.309804 0.305882
v 0.168420 -0.156821 0.063916 0.313725 0.309804 0.305882
v 0.169797 -0.155215 0.064417 0.313725 0.309804 0.305882
v 0.170386 -0.152914 0.064650 0.317647 0.309804 0.309804
v 0.171563 -0.151172 0.065139 0.317647 0.309804 0.309804
v 0.172640 -0.149363 0.065623 0.317647 0.309804 0.309804
v 0.173614 -0.147489 0.066102 0.321569 0.313725 0.309804
v 0.174483 -0.145555 0.066576 0.321569 0.313725 0.309804
v 0.175246 -0.143563 0.067045 0.321569 0.313725 0.309804
v 0.175901 -0.141517 0.067509 0.321569 0.313725 0.313725
v 0.176448 -0.139420 0.067968 0.325490 0.313725 0.313725
v 0.176888 -0.137276 0.068422 0.325490 0.313725 0.313725
v 0.177219 -0.135088 0.068871 0.325490 0.317647 0.313725
v 0.177443 -0.132861 0.069315 0.325490 0.317647 0.313725
v 0.177561 -0.130597 0.069755 0.325490 0.317647 0.313725
v 0.177574 -0.128301 0.070189 0.325490 0.317647 0.313725
v 0.177484 -0.125977 0.070619 0.329412 0.321569 0.317647
v 0.177293 -0.123627 0.071044 0.329412 0.321569 0.317647
v 0.177005 -0.121257 0.071465 0.329412 0.321569 0.317647
v 0.176622 -0.118869 0.071880 0.329412 0.321569 0.317647
v 0.176148 -0.116468 0.072292 0.329412 0.321569 0.317647
v 0.175586 -0.114056 0.072698 0.329412 0.325490 0.317647
v 0.174942 -0.111638 0.073101 0.329412 0.325490 0.317647
v 0.174929 -0.109662 0.073798 0.329412 0.325490 0.321569
v 0.174130 -0.107232 0.074193 0.325490 0.325490 0.321569
v 0.173263 -0.104806 0.074584 0.325490 0.329412 0.321569
v 0.172333 -0.102388 0.074970 0.325490 0.329412 0.321569
v 0.171347 -0.099981 0.075353 0.325490 0.329412 0.321569
v 0.170999 -0.097983 0.076038 0.325490 0.333333 0.321569
v 0.169913 -0.095596 0.076414 0.325490 0.333333 0.321569
v 0.168789 -0.093230 0.076785 0.321569 0.333333 0.321569
v 0.167632 -0.090886 0.077152 0.321569 0.333333 0.321569
v 0.166451 -0.088567 0.077516 0.321569 0.337255 0.321569
v 0.165918 -0.086624 0.078189 0.321569 0.337255 0.325490
v 0.164701 -0.084354 0.078545 0.321569 0.337255 0.325490
v 0.163480 -0.082116 0.078897 0.317647 0.337255 0.325490
v 0.162912 -0.080233 0.079563 0.317647 0.341176 0.325490
v 0.161697 -0.078057 0.079908 0.317647 0.341176 0.325490
v 0.160496 -0.075919 0.080248 0.313725 0.341176 0.325490
v 0.159317 -0.073820 0.080583 0.313725 0.341176 0.325490
v 0.158800 -0.072049 0.081237 0.313725 0.341176 0.325490
v 0.157680 -0.070024 0.081564 0.309804 0.341176 0.325490
v 0.156600 -0.068042 0.081885 0.309804 0.345098 0.325490
v 0.155568 -0.066104 0.082201 0.309804 0.345098 0.329412
v 0.155204 -0.064465 0.082840 0.305882 0.345098 0.329412
v 0.154278 -0.062606 0.083146 0.305882 0.345098 0.329412
v 0.153416 -0.060792 0.083445 0.305882 0.345098 0.329412
v 0.153228 -0.059255 0.084071 0.301961 0.345098 0.329412
v 0.152505 -0.057520 0.084358 0.301961 0.345098 0.329412
v 0.151860 -0.055829 0.084639 0.301961 0.345098 0.329412
v 0.151298 -0.054178 0.084912 0.298039 0.345098 0.329412
v 0.151418 -0.052776 0.085515 0.298039 0.349020 0.329412
v 0.151029 -0.051199 0.085775 0.298039 0.349020 0.329412
v 0.150735 -0.049660 0.086026 0.294118 0.349020 0.329412
v 0.150536 -0.048156 0.086269 0.294118 0.349020 0.333333
v 0.150437 -0.046686 0.086505 0.294118 0.349020 0.333333
v 0.151031 -0.045426 0.087073 0.290196 0.349020 0.333333
v 0.151137 -0.044012 0.087292 0.290196 0.349020 0.333333
v 0.151348 -0.042624 0.087502 0.290196 0.349020 0.333333
v 0.151665 -0.041261 0.087704 0.290196 0.349020 0.333333
v 0.152091 -0.039920 0.087896 0.290196 0.349020 0.333333
v 0.153223 -0.038748 0.088426 0.286275 0.349020 0.333333
v 0.153868 -0.037437 0.088601 0.286275 0.349020 0.333333
v 0.154622 -0.036138 0.088768 0.286275 0.349020 0.333333
v 0.155485 -0.034849 0.088926 0.286275 0.349020 0.333333
v 0.156456 -0.033567 0.089075 0.286275 0.349020 0.333333
v 0.157534 -0.032289 0.089215 0.286275 0.349020 0.337255
v 0.158717 -0.031012 0.089347 0.286275 0.349020 0.337255
v 0.160004 -0.029732 0.089470 0.286275 0.349020 0.337255
v 0.161393 -0.028448 0.089585 0.286275 0.349020 0.337255
v 0.162882 -0.027156 0.089692 0.286275 0.349020 0.337255
v 0.164467 -0.025852 0.089791 0.286275 0.349020 0.337255
v 0.166145 -0.024535 0.089882 0.286275 0.349020 0.337255
v 0.167913 -0.023202 0.089966 0.290196 0.345098 0.337255
v 0.169768 -0.021850 0.090042 0.290196 0.345098 0.337255
v 0.171704 -0.020476 0.090111 0.290196 0.345098 0.337255
v 0.173718 -0.019079 0.090173 0.290196 0.345098 0.337255
v 0.175805 -0.017657 0.090229 0.290196 0.345098 0.337255
v 0.177959 -0.016207 0.090277 0.294118 0.345098 0.337255
v 0.180174 -0.014729 0.090319 0.294118 0.345098 0.333333
v 0.182446 -0.013219 0.090354 0.294118 0.345098 0.333333
v 0.184768 -0.011677 0.090383 0.298039 0.345098 0.333333
v 0.187134 -0.010102 0.090406 0.298039 0.345098 0.333333
v 0.189536 -0.008492 0.090423 0.298039 0.345098 0.333333
v 0.191969 -0.006847 0.090434 0.301961 0.341176 0.333333
v 0.194424 -0.005167 0.090439 0.301961 0.341176 0.333333
v 0.196125 -0.003437 0.090085 0.305882 0.341176 0.333333
v 0.198593 -0.001691 0.090079 0.305882 0.341176 0.333333
f 400 390 395
f 387 285 288
f 387 285 389
f 25 31 27
f 365 305 369
f 365 305 369
f 80 160 159
f 80 159 81
f 80 79 159
f 80 154 81
f 80 79 154
f 80 150 154
f 80 150 79
f 70 150 154
f 70 150 71
f 56 31 34
f 56 58 59
f 293 376 296
f 388 387 389
f 388 285 389
f 388 285 390
f 388 390 395
f 156 159 81
f 156 157 230
f 156 247 159
f 370 365 304
f 370 365 369
f 228 333 150
f 421 365 369
f 394 400 395
f 394 388 395
f 77 150 79
f 23 56 27
f 72 150 71
f 72 77 150
f 74 77 73
f 368 376 375
f 368 400 379
f 368 370 415
f 368 370 301
f 368 370 369
f 368 305 369
f 368 305 369
f 378 368 379
f 407 378 379
f 297 376 296
f 332 228 333
f 411 368 375
f 411 376 375
f 165 270 271
f 165 270 168
f 165 168 164
f 396 388 390
f 396 388 390
f 396 400 390
f 396 400 390
f 399 387 400
f 386 387 285
f 386 387 400
f 386 387 285
f 386 399 387
f 386 388 470
f 383 400 379
f 383 384 379
f 383 384 400
f 64 63 56
f 141 140 58
f 141 140 58
f 55 56 76
f 55 74 56
f 127 78 77
f 127 77 76
f 127 74 56
f 127 74 56
f 127 72 56
f 127 72 56
f 127 56 70
f 273 272 301
f 273 270 271
f 273 165 271
f 273 165 168
f 284 285 288
f 284 388 390
f 284 388 285
f 284 388 285
f 279 301 296
f 279 293 296
f 191 272 190
f 191 192 272
f 229 332 230
f 229 332 228
f 229 332 228
f 420 421 365
f 420 421 369
f 420 368 369
f 235 229 275
f 244 247 329
f 244 247 331
f 244 247 154
f 244 156 247
f 244 156 247
f 244 160 247
f 244 160 247
f 244 165 247
f 244 165 247
f 7 55 74
f 7 74 56
f 7 58 59
f 7 66 56
f 7 66 67
f 699 517 516
f 24 23 27
f 24 23 27
f 10 9 59
f 10 663 664
f 10 63 56
f 10 62 63
f 10 62 63
f 290 378 293
f 290 383 384
f 290 284 285
f 290 293 301
f 290 279 301
f 290 279 293
f 373 368 293
f 373 411 412
f 299 368 301
f 299 368 296
f 299 368 301
f 299 373 300
f 299 301 296
f 299 273 301
f 299 273 272
f 299 300 272
f 303 368 369
f 303 370 369
f 303 368 305
f 303 368 370
f 303 368 370
f 303 368 305
f 303 368 301
f 303 273 270
f 303 273 305
f 303 273 301
f 303 270 301
f 303 273 301
f 303 273 270
f 303 279 305
f 303 279 301
f 303 290 293
f 303 290 293
f 303 293 305
f 303 293 301
f 268 303 270
f 268 165 168
f 268 165 270
f 268 165 164
f 268 165 270
f 268 160 164
f 268 270 160
f 268 160 159
f 295 275 297
f 295 275 297
f 330 332 228
f 330 229 228
f 330 229 230
f 330 239 329
f 446 463 447
f 446 463 445
f 151 333 150
f 151 152 230
f 151 150 154
f 146 150 58
f 146 145 58
f 146 150 58
f 146 145 58
f 146 62 63
f 146 62 145
f 146 64 63
f 146 64 145
f 146 64 150
f 146 64 145
f 146 66 150
f 146 66 145
f 146 66 67
f 146 66 145
f 146 80 150
f 146 145 80
f 146 68 67
f 146 68 145
f 146 80 150
f 146 145 80
f 146 68 150
f 146 68 145
f 146 77 150
f 146 145 77
f 146 70 150
f 146 145 70
f 146 72 77
f 146 145 72
f 146 70 150
f 146 145 70
f 146 72 150
f 146 145 72
f 144 145 34
f 144 145 58
f 144 141 58
f 144 145 58
f 144 141 58
f 144 145 80
f 144 62 145
f 144 80 140
f 144 145 80
f 144 62 63
f 144 64 145
f 144 80 79
f 144 145 77
f 144 64 63
f 144 64 145
f 144 77 79
f 144 145 72
f 144 64 65
f 144 66 145
f 144 72 77
f 144 145 72
f 144 66 65
f 144 66 145
f 144 72 71
f 144 145 70
f 144 66 67
f 144 68 145
f 144 70 71
f 144 145 70
f 144 68 67
f 144 68 145
f 144 70 140
f 144 68 140
f 366 299 296
f 366 299 301
f 366 299 301
f 366 303 301
f 366 303 305
f 366 420 421
f 366 421 365
f 366 365 305
f 438 350 349
f 398 388 387
f 398 399 387
f 398 399 388
f 398 399 400
f 401 383 384
f 401 383 384
f 401 386 399
f 401 383 400
f 401 383 402
f 401 400 379
f 401 402 379
f 403 402 379
f 403 383 384
f 405 407 379
f 405 399 388
f 405 399 388
f 405 386 388
f 405 386 399
f 214 295 386
f 214 467 470
f 214 295 388
f 725 724 78
f 725 724 76
f 725 54 55
f 725 74 724
f 725 74 724
f 725 72 724
f 725 72 724
f 725 724 70
f 725 724 70
f 725 68 724
f 725 724 58
f 725 68 724
f 725 724 58
f 725 66 724
f 725 66 724
f 725 62 724
f 725 64 724
f 725 64 724
f 50 55 56
f 50 7 55
f 137 163 158
f 282 303 279
f 282 303 290
f 282 290 279
f 282 303 279
f 282 303 290
f 392 394 400
f 392 394 393
f 392 394 388
f 392 394 388
f 61 146 62
f 61 146 62
f 61 144 62
f 61 144 62
f 61 10 62
f 61 725 62
f 277 275 296
f 277 275 278
f 277 293 296
f 277 278 293
f 277 279 293
f 277 279 278
f 274 275 296
f 274 299 296
f 274 299 273
f 274 275 297
f 274 299 297
f 274 299 273
f 274 275 297
f 274 299 297
f 274 191 272
f 274 275 191
f 274 191 192
f 274 275 191
f 194 196 275
f 194 196 275
f 419 420 368
f 419 366 420
f 348 438 349
f 348 438 347
f 231 330 229
f 231 330 230
f 231 235 229
f 238 235 275
f 245 244 191
f 245 244 191
f 326 268 265
f 326 268 270
f 326 348 349
f 161 244 160
f 161 160 164
f 169 244 247
f 169 268 168
f 169 268 270
f 169 270 168
f 169 273 168
f 169 273 168
f 703 704 70
f 703 72 704
f 703 704 70
f 703 68 704
f 703 704 77
f 703 72 77
f 703 72 704
f 703 704 77
f 703 68 704
f 703 704 80
f 703 66 704
f 703 704 80
f 703 66 704
f 703 64 704
f 703 64 704
f 703 62 704
f 703 61 62
f 703 704 58
f 703 704 58
f 198 137 201
f 198 194 137
f 706 77 73
f 706 78 77
f 11 12 663
f 11 10 663
f 11 61 12
f 11 10 62
f 11 61 62
f 11 61 10
f 20 56 27
f 377 290 378
f 377 368 376
f 377 378 368
f 377 293 376
f 377 378 293
f 377 407 378
f 377 297 376
f 377 297 378
f 377 411 376
f 377 411 407
f 291 290 383
f 374 293 296
f 374 373 293
f 374 299 373
f 374 297 296
f 374 299 297
f 374 299 297
f 374 299 300
f 374 299 373
f 374 411 368
f 374 373 411
f 374 411 412
f 374 373 411
f 374 373 414
f 372 373 368
f 372 299 368
f 372 299 368
f 372 299 373
f 372 368 415
f 372 299 301
f 372 299 373
f 372 373 414
f 372 411 368
f 372 373 411
f 372 373 411
f 372 414 417
f 372 373 300
f 372 365 304
f 372 373 365
f 298 299 297
f 298 295 297
f 298 377 297
f 298 377 297
f 298 300 376
f 298 299 300
f 298 297 376
f 298 299 297
f 298 235 229
f 298 295 235
f 298 238 235
f 298 238 295
f 298 295 383
f 298 214 383
f 302 370 304
f 302 303 370
f 302 372 304
f 302 370 301
f 302 303 370
f 302 372 301
f 302 372 300
f 302 372 373
f 302 372 373
f 302 374 373
f 302 374 300
f 302 373 365
f 302 374 373
f 302 238 235
f 302 238 235
f 302 231 235
f 302 231 235
f 302 231 229
f 302 231 229
f 287 275 284
f 287 238 235
f 287 284 288
f 287 235 229
f 287 290 284
f 287 291 290
f 287 387 288
f 287 388 387
f 287 284 388
f 287 284 388
f 287 392 388
f 287 392 284
f 468 467 425
f 465 463 445
f 501 495 436
f 501 495 440
f 501 495 447
f 500 501 398
f 500 501 399
f 500 501 401
f 472 513 515
f 472 513 515
f 475 517 516
f 475 472 517
f 475 516 515
f 475 472 515
f 475 472 516
f 475 472 513
f 475 472 513
f 475 472 501
f 475 472 447
f 475 472 440
f 475 472 438
f 341 446 447
f 341 330 332
f 341 340 332
f 341 330 332
f 341 340 332
f 337 338 25
f 147 146 150
f 82 146 145
f 82 144 145
f 82 146 150
f 82 147 146
f 82 144 140
f 82 151 150
f 82 121 55
f 82 151 154
f 82 151 152
f 82 274 276
f 82 274 275
f 82 277 276
f 82 154 81
f 82 274 273
f 82 277 278
f 82 55 80
f 82 156 81
f 82 725 55
f 82 703 704
f 82 279 278
f 82 725 724
f 82 55 78
f 82 156 159
f 82 156 157
f 82 169 168
f 82 160 159
f 82 161 160
f 82 161 160
f 82 165 168
f 82 166 165
f 82 161 164
f 82 165 164
f 142 144 141
f 142 137 114
f 142 137 141
f 142 198 201
f 142 198 201
f 142 198 194
f 142 198 194
f 142 194 137
f 351 366 303
f 351 366 303
f 439 347 436
f 439 438 347
f 439 347 346
f 439 475 436
f 439 475 438
f 439 348 347
f 439 348 438
f 439 475 472
f 439 475 472
f 439 348 349
f 439 348 438
f 439 350 349
f 439 438 350
f 439 351 438
f 439 468 438
f 441 439 438
f 441 439 468
f 441 439 468
f 441 439 350
f 441 350 349
f 441 348 349
f 441 348 347
f 441 347 346
f 397 396 388
f 397 398 388
f 397 396 400
f 397 398 400
f 385 401 384
f 385 401 399
f 385 401 386
f 385 401 384
f 385 401 386
f 385 403 384
f 385 403 399
f 385 405 386
f 385 384 400
f 385 386 400
f 385 405 386
f 385 386 388
f 385 405 388
f 385 386 285
f 385 290 384
f 385 298 214
f 385 291 290
f 385 298 295
f 385 214 295
f 385 298 214
f 404 403 383
f 404 405 383
f 404 501 403
f 404 385 403
f 404 385 405
f 404 385 403
f 404 385 405
f 410 411 376
f 410 411 412
f 410 467 414
f 410 383 384
f 410 405 383
f 410 385 384
f 410 385 405
f 410 385 405
f 380 214 470
f 380 467 470
f 380 302 365
f 380 410 467
f 380 298 214
f 380 374 414
f 380 374 414
f 380 302 374
f 380 302 374
f 380 300 376
f 380 302 300
f 380 410 377
f 380 410 376
f 380 410 414
f 380 298 300
f 380 298 377
f 380 298 377
f 380 298 297
f 380 298 295
f 380 405 407
f 380 378 296
f 380 295 296
f 380 297 378
f 380 295 297
f 202 201 275
f 202 201 275
f 202 137 201
f 202 142 201
f 202 142 201
f 33 24 23
f 8 7 55
f 8 7 667
f 8 7 74
f 8 64 56
f 8 64 63
f 8 7 64
f 8 64 56
f 8 7 56
f 8 7 64
f 8 9 59
f 8 7 59
f 8 62 63
f 8 7 62
f 8 61 62
f 8 61 7
f 167 137 163
f 565 568 467
f 565 500 503
f 648 24 25
f 665 663 664
f 665 8 664
f 665 661 8
f 665 725 724
f 53 121 55
f 53 121 54
f 727 55 78
f 138 72 77
f 138 137 127
f 130 138 82
f 130 74 77
f 130 66 56
f 130 64 56
f 124 82 127
f 124 78 77
f 124 56 76
f 124 55 56
f 124 50 56
f 281 394 393
f 281 284 393
f 281 392 284
f 281 202 201
f 281 202 201
f 281 291 290
f 281 198 201
f 281 287 284
f 281 287 291
f 281 291 290
f 281 235 229
f 281 235 229
f 281 238 235
f 281 238 235
f 281 275 284
f 60 146 150
f 60 61 146
f 60 146 145
f 60 61 146
f 60 144 145
f 60 61 144
f 60 144 141
f 60 141 140
f 60 144 141
f 60 61 144
f 60 61 12
f 60 56 59
f 60 11 61
f 60 11 12
f 60 11 61
f 60 10 59
f 60 11 10
f 60 10 9
f 60 61 10
f 60 8 9
f 60 8 61
f 60 8 7
f 60 8 61
f 60 725 724
f 60 61 725
f 60 703 704
f 60 703 61
f 314 282 290
f 314 311 268
f 314 311 268
f 314 293 305
f 314 326 293
f 314 303 305
f 314 326 303
f 314 326 303
f 185 274 273
f 193 194 275
f 193 274 192
f 193 274 275
f 193 274 275
f 193 142 194
f 193 142 194
f 193 245 244
f 195 193 245
f 195 238 196
f 416 419 495
f 416 419 368
f 416 419 368
f 416 368 370
f 416 368 370
f 416 414 417
f 416 370 417
f 416 370 415
f 416 372 415
f 416 372 414
f 416 372 414
f 232 231 330
f 232 332 230
f 232 231 230
f 232 151 230
f 232 151 332
f 232 230 154
f 232 332 333
f 232 151 333
f 232 151 332
f 232 156 230
f 232 156 230
f 232 160 230
f 232 161 160
f 232 161 164
f 232 165 164
f 232 165 168
f 232 169 168
f 232 191 190
f 232 191 192
f 232 195 192
f 232 195 196
f 241 239 329
f 241 244 329
f 241 239 331
f 241 244 331
f 241 239 154
f 241 244 154
f 241 239 156
f 241 244 156
f 241 239 156
f 241 244 156
f 241 239 160
f 241 244 160
f 241 161 239
f 241 161 244
f 241 161 239
f 241 161 244
f 241 165 239
f 241 244 165
f 241 165 239
f 241 244 165
f 241 195 239
f 241 169 239
f 241 169 244
f 241 191 239
f 241 191 239
f 237 330 239
f 237 238 239
f 237 330 239
f 237 191 239
f 237 191 239
f 237 195 239
f 237 195 238
f 237 195 238
f 237 202 235
f 237 202 238
f 325 326 347
f 325 326 238
f 325 326 348
f 325 326 348
f 325 326 245
f 325 326 245
f 325 326 251
f 356 441 360
f 356 441 439
f 162 117 163
f 162 82 161
f 162 82 161
f 162 163 164
f 162 82 164
f 170 232 169
f 170 241 169
f 170 167 114
f 170 241 169
f 170 82 169
f 170 169 244
f 170 169 273
f 170 169 273
f 170 169 270
f 170 169 268
f 700 699 516
f 700 513 515
f 197 196 275
f 197 198 275
f 197 196 275
f 197 198 275
f 197 198 194
f 200 201 275
f 200 198 275
f 200 198 201
f 200 201 275
f 200 198 275
f 200 237 238
f 200 232 201
f 200 198 201
f 200 198 194
f 711 72 73
f 711 710 72
f 711 74 73
f 711 710 74
f 711 72 712
f 711 710 72
f 711 74 712
f 711 710 74
f 711 70 712
f 711 710 70
f 711 710 77
f 711 70 712
f 711 710 70
f 711 712 76
f 711 77 76
f 711 77 712
f 711 78 77
f 711 710 78
f 711 68 712
f 711 710 68
f 711 78 712
f 711 710 78
f 711 68 67
f 711 710 68
f 711 712 80
f 711 710 80
f 711 66 67
f 711 710 66
f 711 712 80
f 711 710 80
f 711 66 712
f 711 710 66
f 711 82 712
f 711 82 710
f 711 64 712
f 711 710 64
f 711 64 63
f 711 710 64
f 711 62 63
f 711 710 62
f 711 61 62
f 711 710 61
f 711 60 61
f 711 60 710
f 711 692 712
f 711 692 710
f 711 60 712
f 711 60 710
f 711 692 710
f 711 712 58
f 711 710 58
f 711 712 58
f 711 710 58
f 711 703 712
f 711 710 703
f 709 708 72
f 709 710 72
f 709 708 74
f 709 710 74
f 709 708 72
f 709 710 72
f 709 708 74
f 709 710 74
f 709 708 70
f 709 710 70
f 709 708 77
f 709 710 77
f 709 708 70
f 709 710 70
f 709 708 78
f 709 710 78
f 709 708 68
f 709 710 68
f 709 708 78
f 709 710 78
f 709 708 68
f 709 710 68
f 709 708 80
f 709 710 80
f 709 708 66
f 709 710 66
f 709 708 80
f 709 710 80
f 709 708 66
f 709 710 66
f 709 82 708
f 709 82 710
f 709 708 64
f 709 710 64
f 709 708 64
f 709 710 64
f 709 708 62
f 709 710 62
f 709 61 708
f 709 710 61
f 709 60 61
f 709 60 710
f 709 692 708
f 709 692 710
f 709 60 708
f 709 60 710
f 709 692 710
f 709 708 58
f 709 710 58
f 709 708 58
f 709 710 58
f 709 689 703
f 709 689 710
f 709 703 708
f 709 710 703
f 705 72 704
f 705 706 72
f 705 704 77
f 705 706 77
f 705 72 704
f 705 706 72
f 705 704 77
f 705 706 77
f 705 704 70
f 705 706 70
f 705 704 80
f 705 706 80
f 705 704 70
f 705 706 70
f 705 704 80
f 705 706 80
f 705 68 704
f 705 706 68
f 705 82 704
f 705 82 706
f 705 68 704
f 705 706 68
f 705 66 704
f 705 706 66
f 705 66 704
f 705 706 66
f 705 64 704
f 705 706 64
f 705 64 704
f 705 706 64
f 705 62 704
f 705 706 62
f 705 61 62
f 705 706 61
f 705 60 61
f 705 60 706
f 705 703 704
f 705 706 703
f 705 60 704
f 705 60 706
f 705 704 58
f 705 706 58
f 705 704 58
f 705 706 58
f 707 708 72
f 707 706 72
f 707 708 74
f 707 708 72
f 707 706 72
f 707 74 73
f 707 706 73
f 707 708 74
f 707 708 70
f 707 706 70
f 707 708 77
f 707 706 77
f 707 708 70
f 707 706 70
f 707 708 78
f 707 706 78
f 707 708 68
f 707 706 68
f 707 708 78
f 707 706 78
f 707 708 68
f 707 706 68
f 707 708 80
f 707 706 80
f 707 708 66
f 707 706 66
f 707 708 80
f 707 706 80
f 707 708 66
f 707 706 66
f 707 82 708
f 707 82 706
f 707 708 64
f 707 706 64
f 707 708 64
f 707 706 64
f 707 708 62
f 707 706 62
f 707 61 708
f 707 706 61
f 707 60 61
f 707 60 706
f 707 60 708
f 707 60 706
f 707 692 708
f 707 708 58
f 707 706 58
f 707 708 58
f 707 706 58
f 707 703 708
f 707 706 703
f 707 689 703
f 49 10 56
f 49 124 50
f 49 50 55
f 49 8 56
f 49 55 74
f 49 8 74
f 49 8 55
f 49 50 7
f 49 8 7
f 49 8 50
f 47 12 44
f 47 11 12
f 47 11 10
f 47 49 127
f 47 11 10
f 47 49 10
f 21 20 56
f 21 20 56
f 21 20 27
f 18 17 56
f 18 40 17
f 18 40 17
f 18 17 663
f 18 214 17
f 13 14 56
f 13 60 56
f 13 60 12
f 13 60 12
f 13 12 663
f 13 14 663
f 13 14 42
f 13 14 42
f 13 14 214
f 15 14 56
f 15 14 663
f 15 42 39
f 15 14 42
f 15 14 214
f 418 373 414
f 418 372 373
f 418 372 373
f 418 372 414
f 418 372 417
f 418 372 365
f 418 420 421
f 418 370 417
f 418 370 365
f 418 420 365
f 418 370 369
f 418 370 365
f 418 467 414
f 418 380 414
f 418 368 369
f 418 419 368
f 418 420 368
f 418 419 420
f 177 174 268
f 177 174 270
f 177 273 272
f 177 174 244
f 177 241 174
f 177 241 174
f 177 232 174
f 173 174 270
f 173 170 270
f 173 174 273
f 173 174 268
f 173 170 273
f 173 170 268
f 173 170 273
f 173 82 273
f 173 82 174
f 173 170 82
f 173 170 82
f 173 174 244
f 173 170 244
f 173 241 174
f 173 170 241
f 173 241 174
f 173 170 241
f 173 232 174
f 173 170 232
f 269 298 295
f 269 299 300
f 269 298 299
f 269 298 299
f 269 202 201
f 269 272 301
f 269 300 272
f 269 200 201
f 269 302 303
f 269 197 198
f 269 200 198
f 269 270 301
f 269 303 270
f 269 268 303
f 269 197 196
f 269 191 190
f 269 191 192
f 269 194 196
f 269 195 194
f 269 185 270
f 269 193 194
f 269 192 272
f 269 193 192
f 269 177 268
f 289 287 291
f 289 287 387
f 289 287 290
f 289 287 388
f 289 386 387
f 289 385 291
f 289 385 291
f 289 385 386
f 289 385 290
f 208 231 229
f 422 418 421
f 422 366 421
f 422 423 366
f 422 423 366
f 422 418 467
f 225 224 330
f 225 224 332
f 225 318 229
f 225 318 312
f 225 302 229
f 225 302 229
f 225 298 229
f 225 298 295
f 225 287 229
f 225 281 229
f 225 281 229
f 215 137 214
f 215 214 141
f 215 142 214
f 215 142 214
f 215 147 146
f 223 144 145
f 223 224 146
f 223 147 224
f 223 224 151
f 223 224 151
f 223 224 152
f 223 153 154
f 223 224 154
f 223 224 153
f 223 158 160
f 223 162 163
f 223 163 165
f 223 167 166
f 223 173 170
f 505 397 506
f 505 397 503
f 505 397 506
f 505 503 396
f 505 506 396
f 505 506 503
f 496 403 495
f 496 404 403
f 496 405 495
f 496 404 405
f 496 404 405
f 496 495 407
f 502 500 501
f 502 398 503
f 502 501 398
f 502 397 398
f 502 397 500
f 502 397 500
f 502 501 503
f 502 500 503
f 502 500 501
f 502 501 399
f 502 501 401
f 481 418 420
f 481 479 436
f 511 481 479
f 511 569 568
f 511 475 513
f 471 439 472
f 469 472 517
f 469 472 516
f 469 472 447
f 469 472 440
f 469 472 515
f 469 439 468
f 469 441 468
f 469 439 472
f 469 471 439
f 469 439 468
f 469 471 439
f 469 472 501
f 469 475 472
f 477 479 517
f 477 475 517
f 477 511 479
f 477 475 513
f 477 511 513
f 477 511 475
f 477 479 436
f 477 475 436
f 477 479 440
f 477 475 440
f 477 479 447
f 477 475 447
f 342 341 446
f 342 341 446
f 342 330 329
f 342 341 330
f 342 341 330
f 28 31 27
f 28 338 27
f 28 337 338
f 28 337 338
f 28 33 24
f 28 33 24
f 28 18 17
f 28 21 20
f 28 15 39
f 29 337 338
f 29 28 337
f 29 56 27
f 29 56 27
f 574 661 337
f 574 396 388
f 574 397 396
f 574 394 388
f 574 394 388
f 574 397 398
f 148 223 147
f 148 82 147
f 111 170 167
f 111 170 114
f 112 144 145
f 112 82 144
f 112 146 145
f 112 142 144
f 112 144 141
f 112 147 146
f 112 142 144
f 112 111 54
f 112 138 82
f 112 148 147
f 112 158 153
f 112 111 167
f 721 82 720
f 721 720 78
f 721 78 77
f 721 720 77
f 721 720 78
f 721 720 76
f 721 720 74
f 721 720 74
f 721 720 72
f 721 720 72
f 721 720 70
f 721 665 720
f 721 720 70
f 721 720 58
f 721 720 68
f 721 720 58
f 721 720 68
f 721 60 720
f 721 720 66
f 721 60 720
f 721 720 66
f 721 720 61
f 721 720 64
f 721 720 62
f 721 720 64
f 104 153 156
f 104 82 147
f 104 82 146
f 104 82 144
f 719 82 718
f 719 82 720
f 719 720 78
f 719 78 80
f 719 718 80
f 719 718 78
f 719 718 78
f 719 720 78
f 719 718 77
f 719 720 77
f 719 718 76
f 719 720 76
f 719 718 74
f 719 720 74
f 719 718 74
f 719 720 74
f 719 718 72
f 719 720 72
f 719 665 718
f 719 665 720
f 719 718 72
f 719 720 72
f 719 718 58
f 719 720 58
f 719 718 70
f 719 720 70
f 719 718 58
f 719 720 58
f 719 718 70
f 719 720 70
f 719 60 718
f 719 60 720
f 719 718 68
f 719 720 68
f 719 60 61
f 719 60 720
f 719 718 68
f 719 720 68
f 719 61 718
f 719 720 61
f 719 718 66
f 719 720 66
f 719 718 62
f 719 720 62
f 719 718 66
f 719 720 66
f 719 718 64
f 719 720 64
f 719 718 64
f 719 720 64
f 103 153 154
f 103 104 153
f 103 104 156
f 103 104 152
f 103 104 156
f 103 104 151
f 103 104 158
f 103 104 151
f 103 104 54
f 103 148 82
f 103 104 148
f 103 104 53
f 103 148 82
f 103 104 82
f 103 104 148
f 103 161 158
f 103 104 161
f 103 104 162
f 103 104 162
f 103 104 202
f 103 104 163
f 103 104 198
f 103 104 167
f 103 104 197
f 103 104 197
f 103 104 170
f 103 104 193
f 103 104 170
f 103 104 193
f 717 82 718
f 717 718 80
f 717 718 78
f 717 718 78
f 717 718 77
f 717 718 76
f 717 718 74
f 717 718 74
f 717 665 718
f 717 718 72
f 717 718 58
f 717 718 72
f 717 718 58
f 717 718 70
f 717 60 718
f 717 718 70
f 717 60 61
f 717 718 68
f 717 61 718
f 717 718 68
f 717 718 62
f 717 718 66
f 717 718 64
f 717 718 66
f 717 718 64
f 100 82 156
f 100 82 154
f 713 712 80
f 713 712 80
f 713 82 80
f 713 82 712
f 713 712 97
f 713 78 712
f 713 692 712
f 713 78 77
f 713 77 712
f 713 712 76
f 713 74 712
f 713 74 73
f 713 72 73
f 713 72 712
f 713 712 58
f 713 703 712
f 713 665 703
f 713 70 712
f 713 712 58
f 713 70 712
f 713 60 712
f 713 68 712
f 713 60 61
f 713 68 67
f 713 61 62
f 713 66 67
f 713 62 63
f 713 66 712
f 713 64 63
f 713 64 712
f 353 356 439
f 353 356 441
f 364 318 360
f 364 441 445
f 364 441 360
f 424 364 363
f 424 364 363
f 424 423 366
f 424 364 366
f 424 422 423
f 424 364 441
f 424 441 445
f 424 481 479
f 424 481 422
f 424 467 425
f 424 422 467
f 424 471 425
f 362 364 363
f 437 424 441
f 437 441 438
f 437 424 364
f 437 424 364
f 437 468 467
f 437 468 438
f 437 441 438
f 437 364 441
f 437 468 425
f 437 434 425
f 437 469 468
f 437 469 468
f 437 469 471
f 437 469 471
f 437 472 438
f 437 471 472
f 437 438 350
f 437 351 350
f 437 351 438
f 292 385 295
f 292 385 291
f 292 295 386
f 292 385 295
f 292 385 291
f 292 289 386
f 292 289 291
f 292 295 388
f 292 289 388
f 292 214 295
f 292 295 383
f 292 291 383
f 292 281 278
f 292 281 291
f 292 289 287
f 292 281 287
f 292 281 287
f 292 295 275
f 292 287 275
f 292 295 275
f 292 287 275
f 292 238 295
f 292 287 238
f 292 295 235
f 292 287 235
f 292 225 295
f 292 225 287
f 409 380 377
f 409 380 410
f 409 380 410
f 409 377 411
f 409 410 411
f 409 410 377
f 413 410 412
f 413 410 414
f 413 374 412
f 413 374 414
f 413 374 373
f 413 374 373
f 413 373 412
f 413 373 414
f 381 380 467
f 381 380 298
f 381 380 410
f 381 380 298
f 381 380 410
f 381 380 405
f 381 380 293
f 381 405 379
f 381 404 405
f 381 290 293
f 669 214 578
f 669 11 10
f 669 11 12
f 669 11 214
f 669 11 214
f 669 10 664
f 669 13 12
f 669 13 214
f 669 13 214
f 32 31 34
f 32 33 24
f 32 31 27
f 32 24 27
f 32 33 24
f 32 28 33
f 32 25 31
f 32 24 25
f 32 25 31
f 32 28 31
f 32 28 25
f 334 144 145
f 334 224 146
f 334 142 144
f 334 223 144
f 334 151 333
f 334 151 332
f 334 340 332
f 334 340 339
f 334 223 224
f 334 223 224
f 334 142 141
f 334 142 144
f 334 223 144
f 334 148 147
f 334 340 332
f 334 141 140
f 334 223 142
f 334 332 331
f 334 151 332
f 525 469 471
f 567 511 568
f 567 511 565
f 567 511 565
f 662 337 663
f 662 661 337
f 662 21 661
f 662 18 17
f 662 18 661
f 662 665 663
f 662 15 14
f 662 15 661
f 662 10 663
f 662 661 10
f 662 661 8
f 662 665 8
f 662 665 661
f 662 13 14
f 662 13 661
f 662 11 10
f 662 661 11
f 662 13 12
f 662 13 661
f 662 11 12
f 662 661 11
f 582 662 661
f 582 662 663
f 582 663 578
f 582 669 578
f 582 692 578
f 582 700 699
f 666 7 667
f 666 8 7
f 666 665 8
f 666 665 8
f 726 727 55
f 726 82 55
f 726 82 725
f 726 82 725
f 726 725 78
f 726 727 78
f 726 725 54
f 726 727 54
f 726 725 76
f 726 727 76
f 726 725 74
f 726 727 74
f 726 725 74
f 726 727 74
f 726 725 72
f 726 727 72
f 726 725 72
f 726 727 72
f 726 725 70
f 726 727 70
f 726 725 70
f 726 727 70
f 726 725 68
f 726 727 68
f 726 725 68
f 726 727 68
f 726 725 66
f 726 727 66
f 726 725 66
f 726 727 66
f 726 725 64
f 726 727 64
f 726 725 64
f 726 727 64
f 726 725 62
f 726 727 62
f 726 665 725
f 726 727 665
f 726 61 725
f 726 727 61
f 726 725 58
f 726 727 58
f 726 60 61
f 726 60 727
f 726 725 58
f 726 727 58
f 726 60 725
f 726 60 727
f 3 727 68
f 3 727 66
f 3 727 66
f 3 727 64
f 3 727 64
f 3 727 62
f 3 727 61
f 3 727 58
f 3 60 727
f 3 727 58
f 3 60 727
f 139 64 65
f 139 138 64
f 139 66 65
f 139 138 66
f 139 64 63
f 139 138 64
f 139 66 67
f 139 138 66
f 139 62 63
f 139 138 62
f 139 68 67
f 139 138 68
f 139 61 62
f 139 138 61
f 139 68 140
f 139 138 68
f 139 60 61
f 139 60 138
f 139 70 140
f 139 138 70
f 139 60 140
f 139 60 138
f 139 70 71
f 139 138 70
f 139 140 58
f 139 138 58
f 139 72 71
f 139 138 72
f 139 140 58
f 139 138 58
f 139 72 77
f 139 138 72
f 139 36 140
f 139 138 36
f 139 77 79
f 139 138 77
f 139 80 79
f 139 138 80
f 139 80 140
f 139 138 80
f 139 82 140
f 139 138 82
f 139 112 82
f 139 112 138
f 135 138 58
f 135 60 138
f 135 138 58
f 135 60 138
f 135 138 61
f 135 40 56
f 135 138 62
f 135 138 64
f 135 138 64
f 135 138 66
f 135 138 66
f 135 138 68
f 135 138 68
f 135 138 70
f 135 138 70
f 135 138 72
f 135 138 72
f 135 138 77
f 135 138 77
f 135 138 80
f 135 138 80
f 129 130 80
f 129 130 82
f 129 130 82
f 129 130 80
f 129 130 77
f 129 74 77
f 129 130 74
f 129 130 74
f 129 130 72
f 129 130 72
f 129 130 70
f 129 130 70
f 129 130 68
f 129 68 67
f 129 130 68
f 129 66 67
f 129 130 66
f 129 130 66
f 129 130 214
f 132 82 133
f 132 133 80
f 132 138 82
f 132 133 80
f 132 138 133
f 132 133 77
f 132 129 130
f 132 133 77
f 132 133 72
f 132 133 72
f 132 133 70
f 132 133 70
f 132 133 68
f 132 133 68
f 132 133 66
f 132 133 66
f 132 133 64
f 132 133 64
f 132 133 62
f 132 61 133
f 132 60 61
f 132 60 61
f 132 60 56
f 132 60 133
f 132 56 58
f 132 133 58
f 132 40 133
f 132 56 58
f 132 133 58
f 132 133 56
f 132 202 133
f 132 198 133
f 132 198 194
f 132 193 194
f 132 167 133
f 125 127 80
f 125 124 80
f 125 124 127
f 125 127 80
f 125 124 80
f 125 127 78
f 125 124 78
f 125 127 78
f 125 124 78
f 125 127 77
f 125 124 77
f 125 127 76
f 125 124 76
f 125 127 56
f 125 124 56
f 125 49 127
f 125 49 124
f 125 124 42
f 125 124 202
f 125 124 198
f 125 124 198
f 125 193 124
f 125 124 167
f 125 124 158
f 125 124 163
f 125 124 167
f 123 124 80
f 123 124 82
f 123 124 82
f 123 78 80
f 123 124 80
f 123 124 78
f 123 124 78
f 123 55 56
f 123 124 56
f 123 124 55
f 123 124 55
f 123 124 50
f 123 49 124
f 123 124 158
f 123 124 163
f 123 124 167
f 123 124 42
f 123 124 167
f 123 124 42
f 123 124 202
f 123 124 198
f 123 124 198
f 123 193 124
f 115 111 193
f 115 111 193
f 115 111 197
f 115 111 197
f 115 111 198
f 115 111 202
f 115 167 114
f 115 167 163
f 115 162 163
f 115 162 158
f 115 53 54
f 115 158 114
f 115 54 55
f 115 82 127
f 115 137 114
f 115 137 127
f 280 279 394
f 280 281 394
f 280 392 279
f 280 281 392
f 280 279 394
f 280 281 392
f 280 279 278
f 280 281 278
f 280 282 290
f 280 281 282
f 280 290 279
f 280 281 290
f 283 281 392
f 283 281 392
f 283 392 284
f 283 392 282
f 283 281 290
f 283 281 282
f 283 284 390
f 283 282 390
f 283 290 284
f 283 282 290
f 283 284 285
f 283 285 390
f 283 282 390
f 283 282 285
f 258 302 255
f 258 302 300
f 258 298 300
f 258 298 295
f 258 292 295
f 258 292 287
f 258 202 201
f 258 200 201
f 258 197 198
f 258 197 196
f 258 195 196
f 258 195 193
f 258 193 255
f 258 195 193
f 316 314 268
f 316 314 268
f 316 314 351
f 316 314 273
f 316 314 273
f 261 258 302
f 261 258 302
f 261 258 298
f 261 258 298
f 261 258 197
f 261 258 197
f 261 258 292
f 261 258 195
f 261 258 202
f 261 258 292
f 261 258 200
f 261 258 195
f 261 258 193
f 261 258 193
f 261 258 191
f 261 235 229
f 261 238 235
f 261 238 235
f 313 258 311
f 313 258 259
f 313 311 360
f 313 258 314
f 182 179 244
f 182 245 244
f 182 185 245
f 182 185 245
f 182 241 179
f 182 241 185
f 182 241 179
f 182 241 185
f 182 232 179
f 182 232 185
f 240 325 326
f 240 325 241
f 240 200 238
f 240 202 238
f 240 302 238
f 240 197 196
f 240 197 241
f 240 302 238
f 240 195 196
f 240 241 195
f 240 241 195
f 240 298 238
f 327 244 247
f 327 240 241
f 327 245 244
f 327 326 245
f 327 326 245
f 327 240 326
f 327 326 238
f 327 325 326
f 327 325 237
f 327 325 237
f 327 325 326
f 322 245 244
f 322 237 238
f 322 318 231
f 322 318 229
f 322 225 318
f 322 350 349
f 236 330 235
f 236 237 330
f 236 327 237
f 236 237 330
f 236 332 331
f 236 239 331
f 236 237 239
f 236 239 154
f 236 239 156
f 236 239 156
f 236 239 160
f 236 161 239
f 236 161 239
f 236 165 239
f 236 165 239
f 236 169 239
f 236 170 169
f 236 173 170
f 236 173 174
f 236 177 174
f 236 182 179
f 236 182 185
f 236 237 239
f 236 237 191
f 236 237 191
f 236 237 195
f 236 237 195
f 236 237 235
f 236 200 235
f 236 200 237
f 243 325 326
f 243 322 244
f 243 322 245
f 243 240 200
f 243 240 302
f 243 240 202
f 243 240 302
f 243 197 245
f 243 240 298
f 243 195 245
f 243 195 245
f 243 193 244
f 243 195 193
f 243 195 193
f 243 244 191
f 243 298 238
f 243 240 298
f 243 292 238
f 243 281 238
f 243 292 287
f 243 287 238
f 359 314 355
f 359 313 311
f 359 313 314
f 359 313 314
f 693 692 602
f 693 689 640
f 693 705 706
f 693 705 703
f 693 707 706
f 693 707 689
f 693 644 689
f 693 707 689
f 693 707 692
f 693 709 689
f 693 709 692
f 693 709 692
f 91 82 179
f 91 82 274
f 91 82 274
f 91 277 275
f 91 275 191
f 91 194 275
f 91 193 275
f 91 194 196
f 91 193 194
f 91 197 196
f 91 197 198
f 701 82 279
f 701 281 394
f 701 279 394
f 701 82 279
f 701 281 201
f 701 280 281
f 701 280 394
f 701 202 201
f 701 281 198
f 701 280 281
f 701 91 198
f 701 91 202
f 701 91 198
f 701 281 198
f 701 700 578
f 22 23 56
f 22 21 56
f 22 23 56
f 22 21 56
f 22 23 27
f 22 21 27
f 22 33 23
f 22 21 33
f 22 28 33
f 22 28 21
f 38 21 20
f 38 18 40
f 38 33 214
f 38 28 33
f 38 28 21
f 38 28 21
f 38 135 40
f 38 40 138
f 38 130 214
f 38 132 133
f 38 40 56
f 19 20 56
f 19 18 56
f 19 20 56
f 19 662 661
f 19 662 18
f 19 662 20
f 19 662 18
f 19 18 40
f 19 38 20
f 19 38 18
f 19 20 663
f 19 18 663
f 19 28 20
f 19 28 18
f 43 13 14
f 43 13 14
f 43 15 14
f 43 12 44
f 43 13 12
f 43 13 12
f 43 14 42
f 43 15 14
f 43 129 44
f 43 129 130
f 43 129 130
f 45 13 42
f 45 13 42
f 45 13 12
f 45 13 12
f 45 124 42
f 45 125 124
f 45 125 124
f 45 47 12
f 45 47 127
f 45 11 12
f 45 47 11
f 45 47 11
f 45 47 44
f 16 17 56
f 16 15 56
f 16 40 17
f 16 43 40
f 16 43 15
f 16 662 661
f 16 662 15
f 16 15 42
f 16 662 17
f 16 662 15
f 16 28 17
f 16 28 15
f 16 17 663
f 16 15 663
f 16 214 17
f 16 15 214
f 175 174 273
f 175 177 273
f 175 177 174
f 175 82 174
f 175 177 82
f 175 223 177
f 178 269 268
f 178 269 177
f 178 269 179
f 178 269 177
f 178 179 270
f 178 177 270
f 178 179 272
f 178 177 272
f 178 179 273
f 178 177 273
f 178 82 179
f 178 177 82
f 178 91 82
f 178 91 177
f 178 179 244
f 178 177 244
f 178 241 179
f 178 177 241
f 178 241 179
f 178 177 241
f 178 236 179
f 178 236 177
f 178 232 179
f 178 177 232
f 211 287 214
f 211 281 214
f 211 281 214
f 211 289 287
f 211 289 287
f 211 574 214
f 211 214 275
f 211 292 214
f 211 292 289
f 211 292 289
f 211 574 388
f 211 392 388
f 211 214 275
f 211 692 578
f 211 261 258
f 211 692 715
f 211 243 238
f 211 238 214
f 211 669 8
f 211 214 235
f 211 669 8
f 211 231 235
f 211 669 10
f 211 669 214
f 211 11 10
f 211 11 214
f 211 11 12
f 211 11 214
f 211 28 39
f 211 42 39
f 211 115 111
f 211 13 12
f 211 13 214
f 211 28 15
f 211 33 214
f 211 28 33
f 211 28 33
f 211 13 14
f 211 13 14
f 211 15 14
f 211 15 14
f 211 16 15
f 211 16 28
f 211 123 124
f 211 16 214
f 211 16 28
f 211 125 124
f 211 18 214
f 211 28 18
f 211 19 18
f 211 19 28
f 211 19 20
f 211 19 28
f 211 21 20
f 211 28 21
f 211 22 21
f 211 22 28
f 211 22 214
f 211 22 28
f 211 137 141
f 211 214 24
f 211 28 24
f 211 214 24
f 211 28 24
f 211 214 25
f 211 28 25
f 211 28 214
f 207 287 392
f 207 392 284
f 207 287 392
f 207 243 240
f 207 208 238
f 207 208 137
f 207 208 142
f 207 208 142
f 227 330 332
f 227 225 330
f 227 225 330
f 227 332 228
f 227 228 333
f 227 334 333
f 227 228 150
f 227 151 150
f 227 151 152
f 227 152 230
f 227 230 154
f 227 156 230
f 227 156 157
f 227 157 230
f 227 160 230
f 227 161 160
f 227 161 164
f 227 165 164
f 227 165 168
f 227 169 168
f 227 170 169
f 227 173 170
f 227 173 174
f 227 177 174
f 227 178 177
f 227 178 179
f 227 182 179
f 227 182 185
f 227 200 201
f 222 225 298
f 222 225 302
f 222 225 298
f 222 225 302
f 222 292 225
f 222 223 215
f 222 292 225
f 222 215 225
f 222 215 225
f 222 225 318
f 222 225 287
f 222 225 214
f 222 322 225
f 222 225 281
f 222 225 281
f 222 261 238
f 222 238 235
f 222 261 229
f 222 225 224
f 222 229 275
f 222 225 229
f 222 223 224
f 222 261 275
f 222 330 332
f 222 224 332
f 222 224 330
f 222 334 223
f 222 334 223
f 504 397 398
f 504 505 397
f 504 505 397
f 504 398 503
f 504 398 399
f 504 505 398
f 504 502 399
f 504 502 503
f 504 502 401
f 504 502 501
f 504 501 401
f 504 502 501
f 504 501 407
f 504 501 403
f 504 501 403
f 504 501 411
f 504 477 475
f 504 475 472
f 504 469 472
f 504 501 436
f 504 501 440
f 504 501 447
f 490 403 399
f 499 500 501
f 499 419 495
f 499 495 412
f 499 501 411
f 499 404 501
f 499 501 407
f 499 496 407
f 499 411 412
f 499 411 495
f 499 496 411
f 499 404 501
f 499 501 403
f 499 501 401
f 499 500 501
f 499 500 399
f 499 500 401
f 484 511 481
f 484 511 481
f 484 477 505
f 484 504 477
f 484 504 477
f 484 475 501
f 484 477 475
f 484 479 447
f 484 479 440
f 484 481 479
f 484 481 436
f 484 477 479
f 484 422 423
f 484 418 419
f 484 418 485
f 484 416 485
f 484 416 485
f 509 475 472
f 344 439 436
f 344 327 326
f 335 28 214
f 335 28 337
f 335 214 25
f 335 337 25
f 335 214 24
f 335 337 24
f 335 28 33
f 335 214 24
f 335 337 24
f 335 32 28
f 335 32 28
f 335 22 214
f 335 22 337
f 335 334 339
f 335 334 338
f 335 334 33
f 335 22 21
f 335 574 214
f 335 574 337
f 335 21 20
f 335 22 21
f 335 340 339
f 335 214 578
f 335 19 20
f 335 662 21
f 335 662 661
f 335 662 21
f 335 663 578
f 335 337 663
f 335 18 214
f 335 19 18
f 335 19 20
f 335 662 20
f 335 662 337
f 335 20 663
f 335 19 18
f 30 28 31
f 30 29 28
f 30 31 27
f 30 29 27
f 30 56 31
f 30 29 56
f 30 335 28
f 30 56 31
f 30 29 56
f 576 574 506
f 576 574 397
f 576 574 500
f 576 574 397
f 149 223 224
f 149 148 223
f 149 223 151
f 149 104 151
f 149 104 148
f 149 112 152
f 149 115 114
f 149 112 148
f 149 115 114
f 149 123 124
f 149 125 124
f 149 167 163
f 149 123 124
f 149 167 163
f 149 163 158
f 149 163 158
f 149 137 158
f 149 137 158
f 149 200 201
f 149 200 194
f 48 49 8
f 48 49 8
f 48 123 49
f 48 10 46
f 48 47 10
f 48 49 10
f 48 47 49
f 48 123 124
f 48 123 49
f 48 125 124
f 48 125 47
f 48 125 49
f 48 47 49
f 48 125 49
f 48 125 47
f 723 54 55
f 723 82 78
f 723 82 724
f 723 724 78
f 723 724 76
f 723 74 724
f 723 74 724
f 723 72 724
f 723 72 724
f 723 724 70
f 723 724 70
f 723 68 724
f 723 68 724
f 723 66 724
f 723 665 724
f 723 66 724
f 723 724 58
f 723 64 724
f 723 724 58
f 723 64 724
f 723 60 724
f 723 62 724
f 723 60 61
f 723 61 62
f 109 112 162
f 109 112 162
f 107 149 112
f 107 112 152
f 107 153 156
f 107 162 161
f 106 112 147
f 106 112 148
f 106 149 112
f 106 107 149
f 106 107 149
f 106 54 55
f 106 107 55
f 106 107 54
f 106 107 53
f 106 107 152
f 106 107 153
f 106 107 156
f 106 107 158
f 106 107 202
f 106 107 161
f 106 107 198
f 106 107 162
f 106 107 197
f 106 107 162
f 106 107 197
f 106 107 163
f 106 107 193
f 106 107 167
f 106 107 193
f 106 107 170
f 106 107 170
f 85 719 720
f 85 721 720
f 85 719 718
f 85 717 718
f 85 103 54
f 85 713 712
f 85 711 712
f 85 711 710
f 85 709 710
f 85 709 708
f 85 707 708
f 85 707 706
f 85 705 706
f 85 705 704
f 678 693 689
f 678 711 703
f 716 85 715
f 716 85 717
f 716 82 715
f 716 717 82
f 716 715 80
f 716 717 80
f 716 715 78
f 716 717 78
f 716 715 78
f 716 717 78
f 716 715 77
f 716 717 77
f 716 211 692
f 716 211 717
f 716 715 76
f 716 717 76
f 716 715 74
f 716 717 74
f 716 715 74
f 716 717 74
f 716 715 72
f 716 717 72
f 716 665 715
f 716 717 665
f 716 715 72
f 716 717 72
f 716 715 58
f 716 717 58
f 716 715 70
f 716 717 70
f 716 715 58
f 716 717 58
f 716 715 70
f 716 717 70
f 716 60 715
f 716 717 60
f 716 715 68
f 716 717 68
f 716 60 715
f 716 717 60
f 716 715 68
f 716 717 68
f 716 715 61
f 716 717 61
f 716 715 66
f 716 717 66
f 716 715 62
f 716 717 62
f 716 715 66
f 716 717 66
f 716 715 64
f 716 717 64
f 716 715 64
f 716 717 64
f 101 100 156
f 101 100 154
f 101 100 156
f 101 100 158
f 101 82 152
f 101 100 82
f 101 82 151
f 101 158 160
f 101 100 160
f 101 100 158
f 101 100 161
f 101 85 100
f 101 100 162
f 101 100 162
f 101 100 53
f 101 100 163
f 101 100 166
f 101 100 167
f 101 100 167
f 101 100 170
f 101 100 202
f 101 100 170
f 101 100 198
f 101 100 197
f 101 100 197
f 101 175 100
f 101 100 193
f 101 100 193
f 101 178 100
f 99 82 156
f 99 100 156
f 99 100 82
f 99 82 157
f 99 158 157
f 99 100 158
f 99 100 158
f 99 100 160
f 99 100 161
f 99 85 100
f 99 100 162
f 99 100 162
f 99 100 53
f 99 163 165
f 99 100 163
f 99 3 100
f 99 100 166
f 99 100 167
f 99 100 167
f 99 100 170
f 99 100 170
f 99 211 721
f 99 211 719
f 99 175 100
f 99 100 202
f 99 178 100
f 99 100 198
f 99 100 197
f 99 100 197
f 99 100 193
f 99 100 193
f 714 85 715
f 714 85 713
f 714 82 715
f 714 713 82
f 714 715 80
f 714 713 80
f 714 715 78
f 714 713 78
f 714 715 78
f 714 713 78
f 714 713 97
f 714 715 77
f 714 713 77
f 714 692 715
f 714 713 692
f 714 715 76
f 714 713 76
f 714 715 74
f 714 713 74
f 714 715 74
f 714 713 74
f 714 715 72
f 714 713 72
f 714 715 72
f 714 713 72
f 714 715 70
f 714 713 70
f 714 665 715
f 714 713 665
f 714 715 70
f 714 713 70
f 714 715 58
f 714 713 58
f 714 715 68
f 714 713 68
f 714 715 58
f 714 713 58
f 714 715 68
f 714 713 68
f 714 60 715
f 714 713 60
f 714 715 66
f 714 713 66
f 714 60 715
f 714 713 60
f 714 715 66
f 714 713 66
f 714 715 61
f 714 713 61
f 714 715 64
f 714 713 64
f 714 715 62
f 714 713 62
f 714 715 64
f 714 713 64
f 442 356 441
f 442 353 356
f 442 353 356
f 442 441 350
f 442 441 348
f 442 441 348
f 442 441 347
f 442 469 441
f 442 441 346
f 442 469 441
f 435 471 434
f 435 437 434
f 435 437 471
f 435 471 434
f 435 437 471
f 435 437 472
f 435 477 475
f 435 477 434
f 435 434 356
f 435 437 355
f 435 437 356
f 435 437 434
f 435 477 479
f 435 477 434
f 435 481 479
f 435 481 434
f 435 353 351
f 435 353 434
f 435 484 481
f 435 484 481
f 435 351 350
f 435 434 351
f 435 350 349
f 435 434 350
f 435 348 349
f 435 434 348
f 435 501 495
f 435 434 501
f 435 348 347
f 435 434 348
f 435 504 501
f 435 504 434
f 435 347 436
f 435 434 347
f 354 437 355
f 354 437 353
f 354 435 355
f 354 435 353
f 354 437 356
f 354 435 434
f 354 435 353
f 354 353 356
f 354 353 356
f 354 437 356
f 354 437 353
f 354 316 351
f 352 437 351
f 352 437 353
f 352 439 351
f 352 353 439
f 352 353 351
f 352 437 351
f 352 437 353
f 352 353 441
f 352 439 351
f 352 441 439
f 352 442 441
f 352 442 353
f 352 322 350
f 352 442 353
f 352 353 356
f 352 442 349
f 352 442 350
f 352 353 356
f 408 377 407
f 408 409 377
f 408 407 378
f 408 377 411
f 408 409 377
f 408 380 378
f 408 409 380
f 408 380 407
f 408 380 405
f 408 409 380
f 408 501 411
f 408 499 501
f 408 499 501
f 408 499 496
f 408 499 496
f 408 490 405
f 408 496 495
f 408 496 411
f 408 409 411
f 382 298 214
f 382 381 298
f 382 298 295
f 382 381 298
f 382 410 383
f 382 410 467
f 382 381 467
f 382 381 410
f 382 410 405
f 382 381 410
f 382 404 405
f 382 381 404
f 382 292 291
f 382 292 291
f 382 291 290
f 382 381 290
f 382 291 290
f 382 404 403
f 382 290 383
f 382 381 290
f 382 381 379
f 382 381 404
f 382 383 402
f 382 403 402
f 382 403 383
f 382 403 379
f 382 404 403
f 680 721 720
f 680 719 720
f 675 676 725
f 675 723 676
f 675 678 723
f 675 678 721
f 675 678 719
f 675 678 719
f 668 8 664
f 668 669 664
f 668 669 8
f 668 8 667
f 668 8 7
f 668 669 8
f 464 565 568
f 464 424 467
f 464 442 441
f 464 437 467
f 464 465 463
f 464 441 465
f 464 437 441
f 473 418 414
f 473 410 414
f 473 565 568
f 473 422 418
f 473 410 405
f 473 424 422
f 473 424 471
f 473 471 472
f 473 424 471
f 473 405 399
f 473 399 388
f 473 574 214
f 473 388 470
f 473 214 388
f 473 214 386
f 473 386 470
f 473 385 386
f 473 385 214
f 473 385 384
f 473 385 214
f 473 383 384
f 473 214 383
f 473 382 383
f 473 382 214
f 473 382 381
f 473 382 381
f 473 380 214
f 473 381 380
f 473 381 380
f 532 473 471
f 532 533 465
f 457 453 515
f 457 453 515
f 457 504 501
f 457 501 495
f 457 484 475
f 457 475 472
f 457 469 472
f 651 21 20
f 651 693 644
f 448 341 340
f 448 342 341
f 448 347 445
f 448 446 445
f 448 348 347
f 448 352 356
f 448 348 349
f 448 352 349
f 448 352 348
f 448 356 360
f 448 446 463
f 448 364 360
f 584 582 700
f 584 700 515
f 685 211 719
f 685 582 681
f 685 211 681
f 685 719 720
f 685 211 719
f 685 721 720
f 685 211 721
f 670 668 3
f 670 668 3
f 670 666 727
f 670 726 727
f 670 726 665
f 670 675 723
f 670 665 725
f 670 665 640
f 670 723 665
f 670 678 640
f 670 675 678
f 670 644 665
f 670 721 665
f 670 675 721
f 670 678 644
f 670 719 665
f 670 675 719
f 670 719 665
f 670 675 719
f 670 678 693
f 670 713 665
f 670 717 665
f 670 665 698
f 670 693 698
f 670 693 665
f 670 693 689
f 670 678 689
f 670 678 693
f 670 714 713
f 670 713 703
f 670 678 703
f 670 678 713
f 670 714 678
f 670 678 717
f 670 675 678
f 670 716 717
f 670 714 665
f 670 714 678
f 670 716 678
f 670 716 665
f 670 716 678
f 1 727 55
f 1 727 76
f 4 55 76
f 4 3 76
f 4 3 55
f 4 3 74
f 4 3 74
f 4 3 54
f 4 3 53
f 4 3 72
f 4 3 100
f 4 101 100
f 4 101 3
f 4 3 72
f 4 3 70
f 4 3 70
f 4 3 669
f 4 3 68
f 4 668 3
f 4 3 68
f 4 668 3
f 4 3 66
f 4 3 666
f 4 3 66
f 4 3 666
f 4 3 64
f 4 3 64
f 4 3 58
f 4 727 665
f 4 3 727
f 4 3 727
f 4 3 62
f 4 3 58
f 4 3 61
f 4 3 60
f 4 3 60
f 136 40 138
f 136 135 138
f 136 135 40
f 136 38 40
f 136 38 135
f 136 138 137
f 136 135 138
f 136 129 130
f 136 129 135
f 136 215 137
f 136 135 215
f 136 132 133
f 136 132 135
f 136 202 137
f 136 135 202
f 136 198 137
f 136 135 198
f 136 198 194
f 136 135 198
f 136 193 194
f 136 135 193
f 136 167 137
f 136 135 167
f 136 167 137
f 136 135 137
f 136 135 167
f 134 138 133
f 134 135 138
f 134 138 82
f 134 129 130
f 134 129 135
f 134 82 133
f 134 138 82
f 134 135 138
f 134 132 135
f 134 133 80
f 134 135 80
f 134 133 80
f 134 135 80
f 134 133 77
f 134 135 77
f 134 133 77
f 134 135 77
f 134 133 72
f 134 135 72
f 134 133 72
f 134 135 72
f 134 133 70
f 134 135 70
f 134 133 70
f 134 135 70
f 134 133 68
f 134 135 68
f 134 133 68
f 134 135 68
f 134 133 66
f 134 135 66
f 134 133 66
f 134 135 66
f 134 133 64
f 134 135 64
f 134 133 64
f 134 135 64
f 134 133 62
f 134 135 62
f 134 61 133
f 134 135 61
f 134 60 61
f 134 135 60
f 134 60 133
f 134 135 60
f 134 133 58
f 134 135 58
f 134 133 58
f 134 135 58
f 134 133 56
f 134 135 56
f 134 40 133
f 134 135 40
f 134 40 133
f 134 135 40
f 134 38 133
f 134 38 135
f 134 217 135
f 134 202 133
f 134 135 202
f 134 198 133
f 134 135 198
f 134 198 194
f 134 135 198
f 134 193 194
f 134 135 193
f 134 167 133
f 134 135 167
f 134 167 133
f 134 135 167
f 134 136 133
f 134 136 135
f 134 136 135
f 128 127 80
f 128 129 80
f 128 82 127
f 128 129 82
f 128 129 82
f 128 127 80
f 128 129 80
f 128 127 77
f 128 129 77
f 128 127 77
f 128 129 77
f 128 127 74
f 128 129 74
f 128 127 74
f 128 129 74
f 128 127 72
f 128 129 72
f 128 127 72
f 128 129 72
f 128 127 70
f 128 129 70
f 128 127 56
f 128 56 70
f 128 129 70
f 128 68 56
f 128 129 68
f 128 129 68
f 128 47 127
f 128 45 47
f 128 45 47
f 128 129 44
f 128 45 44
f 128 45 127
f 128 43 129
f 128 42 127
f 128 43 42
f 128 43 129
f 128 129 42
f 128 136 137
f 128 136 129
f 128 136 135
f 128 136 129
f 128 134 135
f 128 134 129
f 128 134 133
f 128 134 129
f 128 132 133
f 128 132 129
f 128 129 130
f 131 130 82
f 131 132 82
f 131 130 80
f 131 132 80
f 131 130 138
f 131 132 138
f 131 130 80
f 131 132 80
f 131 130 138
f 131 132 138
f 131 130 77
f 131 132 77
f 131 128 130
f 131 128 132
f 131 130 77
f 131 132 77
f 131 132 129
f 131 128 129
f 131 128 132
f 131 130 72
f 131 132 72
f 131 130 72
f 131 132 72
f 131 130 70
f 131 132 70
f 131 130 70
f 131 132 70
f 131 130 68
f 131 132 68
f 131 130 68
f 131 132 68
f 131 130 66
f 131 132 66
f 131 130 66
f 131 132 66
f 131 130 64
f 131 132 64
f 131 132 64
f 131 64 63
f 131 130 64
f 131 132 62
f 131 62 63
f 131 61 62
f 131 132 61
f 131 132 61
f 131 43 130
f 131 43 132
f 131 43 130
f 131 132 40
f 131 38 130
f 131 38 132
f 131 38 130
f 131 38 132
f 131 130 202
f 131 132 202
f 131 130 198
f 131 132 198
f 131 130 198
f 131 132 198
f 131 193 130
f 131 132 193
f 131 136 130
f 131 136 132
f 131 136 135
f 131 136 132
f 131 134 135
f 131 134 132
f 131 132 130
f 131 134 130
f 131 134 132
f 122 123 80
f 122 55 80
f 122 121 55
f 122 82 121
f 122 123 82
f 122 82 121
f 122 123 82
f 122 55 78
f 122 123 78
f 122 121 55
f 122 123 55
f 122 121 137
f 122 123 137
f 122 55 78
f 122 123 78
f 122 123 55
f 122 149 123
f 122 48 121
f 122 48 123
f 122 121 137
f 122 149 137
f 122 149 121
f 122 149 121
f 122 149 123
f 122 48 121
f 122 48 123
f 122 121 158
f 122 123 158
f 122 42 121
f 122 123 42
f 122 121 163
f 122 123 163
f 122 42 121
f 122 123 42
f 122 167 121
f 122 123 167
f 122 211 121
f 122 211 123
f 122 167 121
f 122 123 167
f 122 202 121
f 122 123 202
f 122 198 121
f 122 123 198
f 122 198 194
f 122 123 198
f 122 193 194
f 122 123 193
f 122 193 121
f 122 123 193
f 116 193 117
f 116 115 193
f 116 193 117
f 116 115 193
f 116 197 117
f 116 115 197
f 116 197 117
f 116 115 197
f 116 117 198
f 116 115 198
f 116 117 202
f 116 115 202
f 116 211 117
f 116 211 115
f 116 117 167
f 116 115 167
f 116 48 117
f 116 117 167
f 116 115 167
f 116 162 117
f 116 115 162
f 116 162 117
f 116 115 162
f 116 117 53
f 116 115 53
f 116 117 158
f 116 115 158
f 116 117 54
f 116 115 54
f 116 149 117
f 116 149 115
f 116 149 117
f 116 149 115
f 116 117 82
f 116 115 82
f 116 117 137
f 116 115 137
f 116 117 137
f 116 115 137
f 118 193 117
f 118 119 193
f 118 193 117
f 118 119 193
f 118 197 117
f 118 119 197
f 118 197 117
f 118 119 197
f 118 117 198
f 118 119 198
f 118 117 202
f 118 119 202
f 118 211 117
f 118 117 167
f 118 119 167
f 118 48 117
f 118 48 119
f 118 119 42
f 118 211 42
f 118 211 119
f 118 117 167
f 118 119 167
f 118 117 163
f 118 119 163
f 118 117 158
f 118 119 158
f 118 117 53
f 118 119 53
f 118 149 117
f 118 149 119
f 118 117 54
f 118 119 54
f 118 149 117
f 118 149 119
f 118 117 82
f 118 119 82
f 118 117 137
f 118 119 137
f 118 117 82
f 118 119 82
f 118 117 137
f 118 119 137
f 120 82 121
f 120 119 82
f 120 121 137
f 120 119 137
f 120 82 121
f 120 119 82
f 120 121 137
f 120 119 137
f 120 121 54
f 120 119 54
f 120 149 121
f 120 149 119
f 120 53 121
f 120 119 53
f 120 149 121
f 120 149 119
f 120 121 158
f 120 119 158
f 120 121 163
f 120 119 163
f 120 167 121
f 120 119 167
f 120 48 121
f 120 48 119
f 120 167 121
f 120 119 167
f 120 42 121
f 120 119 42
f 120 211 119
f 120 42 121
f 120 211 121
f 120 211 42
f 120 202 121
f 120 119 202
f 120 198 121
f 120 119 198
f 120 197 198
f 120 119 197
f 120 197 194
f 120 119 197
f 120 193 194
f 120 119 193
f 120 193 121
f 120 119 193
f 257 258 311
f 257 313 312
f 257 313 258
f 257 313 258
f 257 258 314
f 257 316 314
f 257 178 177
f 257 178 259
f 257 182 259
f 257 182 258
f 257 191 255
f 257 258 191
f 257 191 255
f 257 258 255
f 257 258 191
f 187 245 247
f 187 245 244
f 187 241 239
f 187 91 274
f 187 236 239
f 187 232 190
f 187 227 190
f 252 302 255
f 252 302 300
f 252 298 300
f 252 202 201
f 252 200 201
f 252 197 198
f 252 197 196
f 252 195 196
f 252 195 193
f 252 251 191
f 357 356 318
f 357 316 314
f 357 316 356
f 357 435 434
f 357 435 437
f 357 437 438
f 357 437 356
f 357 441 438
f 357 356 441
f 357 356 441
f 250 252 313
f 250 252 197
f 250 252 197
f 250 252 302
f 250 252 195
f 250 252 302
f 250 252 200
f 250 252 195
f 250 252 298
f 250 252 202
f 250 252 193
f 250 252 191
f 250 252 251
f 250 298 295
f 250 252 298
f 250 251 191
f 250 292 295
f 250 292 287
f 250 258 287
f 264 261 302
f 264 261 302
f 264 261 298
f 264 261 197
f 264 261 195
f 264 261 197
f 264 261 195
f 264 261 193
f 264 261 193
f 264 261 191
f 260 258 259
f 260 313 259
f 260 308 261
f 260 261 314
f 260 313 314
f 260 313 314
f 260 187 258
f 260 258 191
f 260 261 191
f 260 261 258
f 260 316 314
f 260 182 259
f 260 178 259
f 260 173 259
f 260 178 177
f 260 177 259
f 199 261 200
f 199 261 258
f 199 261 258
f 199 258 198
f 199 258 200
f 199 252 198
f 199 252 200
f 199 250 252
f 199 250 252
f 199 250 197
f 199 243 197
f 199 243 240
f 199 240 197
f 199 240 197
f 199 240 238
f 199 240 200
f 199 238 196
f 199 197 196
f 199 200 237
f 199 197 198
f 199 200 198
f 199 237 238
f 199 236 200
f 199 197 194
f 199 236 237
f 199 236 200
f 199 195 194
f 199 195 193
f 199 227 200
f 199 200 232
f 199 195 193
f 199 232 196
f 246 243 318
f 246 322 247
f 246 322 245
f 246 325 245
f 246 243 302
f 246 243 302
f 246 243 298
f 246 243 298
f 246 243 292
f 246 243 292
f 246 243 287
f 246 243 202
f 246 211 243
f 246 243 281
f 246 243 200
f 246 211 258
f 246 261 281
f 246 199 197
f 246 199 243
f 246 199 243
f 246 261 258
f 246 261 281
f 246 197 245
f 246 281 238
f 246 243 281
f 246 261 275
f 246 195 245
f 246 243 238
f 246 238 275
f 246 261 238
f 246 195 193
f 246 195 193
f 246 222 261
f 246 193 192
f 246 193 245
f 246 191 192
f 246 245 191
f 246 191 247
f 246 245 247
f 246 245 191
f 183 258 185
f 183 182 258
f 183 260 185
f 183 260 182
f 183 257 258
f 183 257 182
f 183 257 182
f 183 260 261
f 183 260 182
f 183 264 185
f 183 264 182
f 183 269 185
f 183 182 269
f 183 269 185
f 183 182 269
f 183 185 270
f 183 182 270
f 183 182 272
f 183 182 273
f 183 182 274
f 183 91 182
f 183 182 215
f 180 264 179
f 180 264 182
f 180 269 268
f 180 182 269
f 180 269 179
f 180 182 269
f 180 179 270
f 180 182 270
f 180 179 272
f 180 182 272
f 180 179 273
f 180 182 273
f 180 91 179
f 180 91 274
f 180 99 100
f 180 101 100
f 180 103 104
f 180 106 107
f 180 115 111
f 180 116 115
f 180 116 117
f 180 118 117
f 180 118 119
f 180 120 119
f 180 120 121
f 180 122 121
f 180 122 123
f 180 123 124
f 180 125 124
f 328 241 239
f 328 327 241
f 328 238 239
f 328 327 238
f 328 240 241
f 328 327 240
f 328 327 240
f 328 237 238
f 328 327 237
f 328 236 237
f 328 236 327
f 328 236 235
f 328 236 327
f 328 232 231
f 328 231 330
f 328 344 327
f 328 330 229
f 328 225 330
f 328 344 330
f 328 222 225
f 328 352 347
f 328 327 325
f 242 327 241
f 242 325 241
f 242 243 325
f 242 327 326
f 242 243 326
f 242 241 244
f 242 327 244
f 242 327 241
f 242 187 244
f 242 187 241
f 242 244 191
f 242 243 244
f 242 241 191
f 242 241 185
f 242 241 191
f 242 243 191
f 242 199 240
f 242 199 243
f 242 243 240
f 242 241 195
f 242 243 195
f 242 199 197
f 242 199 243
f 242 241 195
f 242 243 195
f 242 197 241
f 242 243 197
f 320 243 322
f 320 246 322
f 320 242 243
f 320 242 322
f 320 257 316
f 320 352 353
f 320 354 353
f 320 354 316
f 315 243 240
f 315 243 240
f 315 240 238
f 315 240 318
f 315 238 235
f 315 318 238
f 315 318 360
f 315 313 360
f 315 246 243
f 315 246 243
f 315 231 235
f 315 318 231
f 315 231 312
f 315 318 312
f 315 318 231
f 315 357 318
f 315 313 314
f 315 250 313
f 315 357 316
f 315 357 316
f 315 250 252
f 315 252 313
f 315 250 252
f 315 316 314
f 361 362 364
f 361 359 311
f 361 437 364
f 361 437 364
f 361 364 360
f 361 362 364
f 361 311 360
f 361 437 434
f 361 437 434
f 696 705 706
f 696 707 706
f 696 707 692
f 696 582 692
f 94 82 169
f 94 170 82
f 89 85 87
f 89 94 85
f 89 701 82
f 89 82 277
f 702 82 703
f 702 701 703
f 702 701 82
f 702 89 701
f 702 698 703
f 702 698 703
f 702 696 698
f 702 696 698
f 702 698 699
f 702 700 703
f 702 701 700
f 702 696 705
f 702 696 705
f 702 705 706
f 702 700 699
f 702 701 700
f 702 707 706
f 702 707 708
f 702 709 708
f 702 709 710
f 702 94 709
f 702 711 710
f 702 712 97
f 702 711 712
f 35 22 33
f 35 22 33
f 35 334 33
f 35 22 21
f 35 22 21
f 35 21 20
f 35 21 20
f 35 139 334
f 35 19 20
f 35 19 20
f 35 139 36
f 35 138 36
f 35 139 138
f 35 139 138
f 35 334 140
f 35 139 334
f 35 335 334
f 35 19 56
f 35 141 140
f 35 56 34
f 35 36 56
f 35 19 18
f 35 19 18
f 35 141 140
f 35 36 140
f 35 40 36
f 35 18 40
f 35 18 40
f 35 144 34
f 35 144 141
f 35 144 141
f 37 21 33
f 37 38 21
f 37 33 36
f 37 38 33
f 37 21 20
f 37 38 21
f 37 19 20
f 37 19 38
f 37 19 40
f 37 132 133
f 37 38 132
f 37 38 132
f 37 40 36
f 37 38 40
f 37 38 18
f 37 19 18
f 37 19 38
f 37 134 38
f 37 134 217
f 37 36 56
f 37 38 56
f 37 134 135
f 37 134 38
f 37 138 36
f 37 38 138
f 37 136 135
f 37 136 38
f 37 136 38
f 37 138 36
f 37 136 36
f 37 136 138
f 126 45 127
f 126 45 125
f 126 47 127
f 126 125 47
f 126 125 47
f 126 45 127
f 126 42 127
f 126 45 42
f 126 45 125
f 126 125 42
f 126 128 42
f 126 128 42
f 126 128 137
f 126 125 124
f 126 128 129
f 126 211 125
f 126 129 214
f 126 128 129
f 126 123 137
f 126 123 124
f 126 123 124
f 126 149 124
f 126 149 125
f 126 129 130
f 126 149 137
f 126 149 125
f 126 131 130
f 126 137 158
f 126 125 158
f 126 131 132
f 126 125 202
f 126 207 129
f 126 137 163
f 126 125 163
f 126 132 133
f 126 125 167
f 126 130 202
f 126 125 198
f 126 134 133
f 126 125 167
f 126 132 167
f 126 130 198
f 126 125 198
f 126 135 137
f 126 134 135
f 126 134 135
f 126 134 133
f 126 167 133
f 126 132 167
f 126 130 198
f 126 125 193
f 126 193 130
f 674 211 669
f 674 669 214
f 674 211 214
f 674 211 669
f 674 582 669
f 674 4 669
f 674 4 3
f 674 4 211
f 674 726 727
f 674 675 726
f 674 675 676
f 674 675 726
f 213 211 214
f 213 225 214
f 213 215 225
f 213 149 215
f 213 149 148
f 213 148 215
f 213 215 214
f 213 215 147
f 213 142 214
f 213 142 214
f 213 214 141
f 213 137 214
f 213 136 137
f 213 136 211
f 213 136 135
f 213 136 211
f 213 134 135
f 213 134 211
f 213 134 133
f 213 134 211
f 213 132 133
f 213 211 132
f 213 131 132
f 213 131 211
f 213 131 130
f 213 131 211
f 213 129 130
f 213 211 129
f 213 126 129
f 213 126 211
f 213 211 214
f 213 126 214
f 213 126 211
f 212 213 211
f 212 225 229
f 212 213 225
f 212 227 225
f 212 213 215
f 212 215 225
f 212 223 215
f 212 223 215
f 212 199 208
f 212 199 215
f 212 208 195
f 212 215 195
f 212 183 215
f 212 180 215
f 212 208 191
f 212 215 191
f 212 215 163
f 212 215 158
f 212 213 215
f 212 213 149
f 212 187 215
f 212 215 167
f 212 213 149
f 212 213 148
f 212 148 147
f 212 213 147
f 212 211 142
f 212 213 142
f 212 211 142
f 212 213 142
f 212 211 141
f 212 213 141
f 212 211 137
f 212 213 137
f 212 213 211
f 210 211 287
f 210 207 287
f 210 211 281
f 210 207 281
f 210 211 287
f 210 207 287
f 210 211 281
f 210 207 281
f 210 211 392
f 210 207 392
f 210 211 275
f 210 207 275
f 210 211 392
f 210 207 392
f 210 211 275
f 210 207 275
f 210 211 574
f 210 207 574
f 210 207 701
f 210 211 261
f 210 207 261
f 210 701 578
f 210 211 578
f 210 702 207
f 210 211 258
f 210 207 258
f 210 702 701
f 210 702 211
f 210 250 207
f 210 246 211
f 210 99 211
f 210 99 207
f 210 211 243
f 210 101 211
f 210 101 207
f 210 211 238
f 210 211 103
f 210 207 103
f 210 211 231
f 210 136 211
f 210 136 211
f 210 211 231
f 210 211 137
f 210 134 211
f 210 106 107
f 210 106 107
f 210 212 211
f 210 211 142
f 210 134 211
f 210 211 142
f 210 211 132
f 210 212 149
f 210 131 211
f 210 211 115
f 210 207 115
f 210 212 148
f 210 212 211
f 210 131 211
f 210 131 207
f 210 116 211
f 210 116 207
f 210 211 129
f 210 207 129
f 210 116 211
f 210 116 207
f 210 126 211
f 210 126 207
f 210 118 211
f 210 118 207
f 210 126 211
f 210 126 207
f 210 118 211
f 210 118 207
f 210 211 125
f 210 207 125
f 210 120 211
f 210 120 207
f 210 211 123
f 210 207 123
f 210 120 211
f 210 120 207
f 210 122 211
f 210 122 207
f 210 122 211
f 210 122 207
f 203 284 393
f 203 281 284
f 203 281 202
f 203 701 202
f 203 701 91
f 203 281 202
f 203 202 275
f 203 202 275
f 203 269 202
f 203 99 100
f 203 101 100
f 203 261 258
f 203 258 202
f 203 103 104
f 203 252 202
f 203 250 252
f 203 250 252
f 203 106 107
f 203 246 243
f 203 115 111
f 203 116 115
f 203 116 117
f 203 118 117
f 203 118 119
f 203 120 119
f 203 202 142
f 203 120 202
f 203 202 142
f 203 122 202
f 203 202 137
f 203 122 123
f 203 136 202
f 203 123 124
f 203 136 135
f 203 125 124
f 203 134 135
f 203 126 125
f 203 134 202
f 203 126 130
f 203 132 202
f 203 131 130
f 203 131 132
f 226 225 332
f 226 227 332
f 226 227 225
f 226 227 334
f 226 225 224
f 226 334 224
f 226 334 224
f 226 334 147
f 226 334 148
f 226 147 224
f 226 148 147
f 226 334 148
f 226 227 334
f 226 149 148
f 226 149 148
f 226 149 224
f 226 227 151
f 226 224 151
f 226 227 151
f 226 224 151
f 226 224 152
f 226 152 153
f 226 227 152
f 226 224 153
f 226 224 154
f 226 227 154
f 226 227 156
f 226 212 225
f 226 212 227
f 226 223 156
f 226 223 224
f 226 227 156
f 226 212 223
f 226 212 223
f 226 223 156
f 226 227 157
f 226 182 223
f 226 227 182
f 226 223 158
f 226 158 157
f 226 227 160
f 226 182 223
f 226 227 182
f 226 187 223
f 226 187 227
f 226 223 158
f 226 223 160
f 226 227 161
f 226 178 223
f 226 227 178
f 226 223 191
f 226 199 223
f 226 199 227
f 226 223 161
f 226 178 223
f 226 227 178
f 226 191 190
f 226 227 190
f 226 223 195
f 226 199 223
f 226 223 162
f 226 162 161
f 226 227 161
f 226 223 177
f 226 227 177
f 226 191 192
f 226 195 191
f 226 199 195
f 226 223 162
f 226 227 165
f 226 223 173
f 226 227 173
f 226 195 192
f 226 195 196
f 226 199 196
f 226 199 227
f 226 223 165
f 226 223 173
f 226 227 173
f 226 223 166
f 226 166 165
f 226 227 165
f 226 223 170
f 226 227 170
f 226 223 166
f 226 227 169
f 226 223 169
f 309 260 308
f 309 260 308
f 309 311 268
f 309 311 268
f 309 314 273
f 309 314 311
f 309 314 273
f 309 351 355
f 309 362 363
f 309 314 279
f 309 314 355
f 309 314 351
f 309 359 355
f 309 359 355
f 309 359 362
f 309 314 282
f 309 361 362
f 309 361 359
f 309 361 359
f 307 264 305
f 307 364 366
f 307 308 364
f 307 309 264
f 307 351 366
f 307 309 351
f 307 309 308
f 307 364 363
f 307 309 363
f 307 309 364
f 307 268 270
f 307 309 268
f 307 309 314
f 307 273 270
f 307 309 273
f 307 314 326
f 307 273 305
f 307 309 273
f 307 290 293
f 307 314 293
f 307 314 290
f 307 282 290
f 307 314 282
f 307 309 314
f 307 279 305
f 307 309 279
f 307 282 279
f 307 309 282
f 306 307 308
f 306 365 305
f 306 307 308
f 306 222 225
f 306 222 308
f 306 366 365
f 306 307 366
f 306 307 366
f 306 261 258
f 306 308 261
f 306 225 229
f 306 308 225
f 306 264 305
f 306 307 264
f 306 258 255
f 306 308 258
f 306 231 229
f 306 308 231
f 306 252 255
f 306 252 308
f 306 231 235
f 306 308 231
f 306 250 252
f 306 250 252
f 306 238 235
f 306 308 238
f 306 240 238
f 306 308 240
f 306 246 243
f 306 246 308
f 306 243 240
f 306 308 243
f 218 222 298
f 218 298 214
f 218 222 302
f 218 222 298
f 218 298 214
f 218 222 302
f 218 222 292
f 218 380 214
f 218 380 302
f 218 292 214
f 218 380 302
f 218 306 222
f 218 222 292
f 218 380 214
f 218 292 289
f 218 380 365
f 218 306 365
f 218 306 222
f 218 292 289
f 218 222 287
f 218 214 467
f 218 289 287
f 218 306 308
f 218 287 214
f 218 222 281
f 218 222 318
f 218 281 214
f 218 222 281
f 218 364 312
f 218 364 318
f 218 281 214
f 218 222 275
f 218 364 318
f 218 214 275
f 218 222 275
f 218 356 318
f 218 214 275
f 218 222 261
f 218 328 330
f 218 246 222
f 218 246 261
f 218 246 222
f 218 335 334
f 218 335 217
f 218 246 238
f 218 222 238
f 218 238 214
f 218 222 235
f 218 335 217
f 218 214 235
f 218 222 214
f 218 217 33
f 218 35 33
f 218 139 137
f 218 217 137
f 218 136 36
f 218 136 217
f 218 217 141
f 218 217 135
f 218 136 135
f 218 136 217
f 218 217 142
f 218 217 142
f 487 490 511
f 487 565 485
f 487 490 565
f 487 490 403
f 487 413 410
f 487 404 403
f 487 404 485
f 487 490 404
f 487 409 410
f 487 404 485
f 487 490 404
f 487 409 485
f 487 408 409
f 492 490 511
f 492 490 565
f 492 490 399
f 492 490 403
f 492 490 404
f 492 490 404
f 518 484 481
f 518 479 517
f 518 481 479
f 518 484 485
f 518 487 485
f 518 477 479
f 518 487 490
f 518 477 475
f 518 492 490
f 518 475 472
f 518 492 511
f 518 469 517
f 518 469 472
f 518 469 472
f 518 567 569
f 518 569 568
f 518 567 568
f 518 567 565
f 428 477 479
f 428 499 501
f 428 351 355
f 428 359 355
f 428 359 362
f 428 361 359
f 428 361 359
f 510 511 475
f 510 509 475
f 510 477 511
f 510 509 477
f 510 396 395
f 510 509 700
f 510 477 511
f 510 509 477
f 510 700 395
f 510 511 700
f 510 700 396
f 510 509 582
f 510 484 511
f 510 509 484
f 508 397 506
f 508 505 398
f 508 505 506
f 508 477 505
f 508 509 477
f 508 504 477
f 508 504 477
f 508 509 477
f 508 504 475
f 508 509 475
f 508 484 477
f 508 484 477
f 508 504 469
f 508 469 472
f 508 509 472
f 508 457 504
f 508 457 463
f 508 457 453
f 508 504 447
f 508 447 444
f 508 504 440
f 336 335 28
f 336 30 335
f 336 29 28
f 336 30 29
f 336 30 29
f 336 30 335
f 336 335 32
f 336 335 334
f 336 335 337
f 336 335 334
f 336 32 33
f 336 335 33
f 336 335 32
f 336 334 338
f 336 334 340
f 336 334 340
f 336 341 340
f 336 342 341
f 336 326 329
f 336 344 326
f 336 326 303
f 336 326 347
f 336 303 301
f 336 326 303
f 336 326 348
f 336 351 303
f 336 307 326
f 336 326 350
f 336 307 314
f 336 326 348
f 336 307 351
f 336 307 314
f 113 149 114
f 113 149 112
f 113 142 114
f 113 112 142
f 113 149 114
f 113 149 112
f 113 142 141
f 113 112 142
f 113 158 114
f 113 112 158
f 113 112 141
f 113 162 158
f 113 112 162
f 113 137 141
f 113 137 141
f 113 139 112
f 113 162 163
f 113 112 162
f 113 139 137
f 113 139 112
f 113 167 163
f 113 112 167
f 113 138 137
f 113 139 138
f 113 138 127
f 113 112 138
f 113 111 167
f 113 112 111
f 113 82 127
f 113 112 82
f 113 112 111
f 113 53 54
f 113 111 53
f 113 111 53
f 113 54 55
f 113 112 54
f 722 723 54
f 722 721 82
f 722 723 82
f 722 54 55
f 722 721 55
f 722 721 78
f 722 723 78
f 722 85 54
f 722 85 723
f 722 85 721
f 722 721 78
f 722 723 78
f 722 721 76
f 722 723 76
f 722 721 74
f 722 723 74
f 722 721 74
f 722 723 74
f 722 721 72
f 722 723 72
f 722 721 72
f 722 723 72
f 722 721 70
f 722 723 70
f 722 685 721
f 722 721 70
f 722 723 70
f 722 680 721
f 722 680 723
f 722 721 68
f 722 723 68
f 722 721 68
f 722 723 68
f 722 675 678
f 722 675 678
f 722 721 66
f 722 723 66
f 722 670 675
f 722 670 675
f 722 721 66
f 722 723 66
f 722 670 721
f 722 670 723
f 722 721 64
f 722 723 64
f 722 721 665
f 722 723 665
f 722 721 64
f 722 723 64
f 722 721 58
f 722 723 58
f 722 721 62
f 722 723 62
f 722 721 58
f 722 723 58
f 722 721 61
f 722 723 61
f 722 721 60
f 722 723 60
f 722 721 60
f 722 723 60
f 110 112 111
f 110 109 112
f 110 109 163
f 110 112 111
f 110 167 163
f 110 111 167
f 110 109 167
f 110 111 54
f 110 109 54
f 110 111 170
f 110 109 170
f 110 111 53
f 110 109 53
f 110 111 170
f 110 109 170
f 110 211 111
f 110 109 211
f 110 210 211
f 110 210 109
f 110 210 207
f 110 210 109
f 110 180 111
f 110 180 109
f 110 203 111
f 110 203 109
f 110 111 202
f 110 109 202
f 110 111 198
f 110 109 198
f 110 111 197
f 110 109 197
f 110 111 197
f 110 109 197
f 110 111 193
f 110 109 193
f 110 111 193
f 110 109 193
f 108 112 153
f 108 107 153
f 108 107 112
f 108 112 158
f 108 107 158
f 108 109 112
f 108 109 162
f 108 107 162
f 108 109 162
f 108 107 162
f 108 109 163
f 108 107 163
f 108 109 167
f 108 107 167
f 108 109 54
f 108 107 54
f 108 109 170
f 108 107 170
f 108 109 53
f 108 107 53
f 108 109 170
f 108 107 170
f 108 210 109
f 108 210 107
f 108 210 109
f 108 210 107
f 108 180 109
f 108 180 107
f 108 203 109
f 108 203 107
f 108 109 202
f 108 107 202
f 108 109 198
f 108 107 198
f 108 109 197
f 108 107 197
f 108 109 197
f 108 107 197
f 108 109 193
f 108 107 193
f 108 109 193
f 108 107 193
f 105 149 104
f 105 104 151
f 105 149 151
f 105 106 149
f 105 149 104
f 105 106 149
f 105 104 152
f 105 106 152
f 105 104 148
f 105 106 148
f 105 104 153
f 105 106 153
f 105 104 147
f 105 106 147
f 105 104 156
f 105 106 156
f 105 104 146
f 105 104 158
f 105 106 158
f 105 112 146
f 105 106 112
f 105 104 144
f 105 104 161
f 105 106 161
f 105 112 144
f 105 104 162
f 105 106 162
f 105 112 82
f 105 104 82
f 105 106 112
f 105 104 162
f 105 106 162
f 105 104 163
f 105 106 163
f 105 104 54
f 105 106 54
f 105 104 167
f 105 106 167
f 105 104 53
f 105 106 53
f 105 104 170
f 105 106 170
f 105 104 170
f 105 106 170
f 105 210 211
f 105 210 106
f 105 210 207
f 105 210 106
f 105 203 104
f 105 203 106
f 105 104 202
f 105 106 202
f 105 180 104
f 105 180 106
f 105 104 198
f 105 106 198
f 105 104 197
f 105 106 197
f 105 104 197
f 105 106 197
f 105 104 193
f 105 106 193
f 105 104 193
f 105 106 193
f 86 719 87
f 86 85 719
f 86 721 87
f 86 85 721
f 86 719 87
f 86 85 719
f 86 722 721
f 86 722 85
f 86 717 87
f 86 85 717
f 86 722 723
f 86 722 85
f 86 716 717
f 86 716 85
f 86 716 87
f 86 716 85
f 86 723 54
f 86 85 723
f 86 714 87
f 86 714 85
f 86 714 713
f 86 714 85
f 86 99 100
f 86 101 100
f 86 101 85
f 86 101 85
f 86 99 85
f 86 713 87
f 86 85 713
f 86 87 53
f 86 711 87
f 86 85 711
f 86 711 87
f 86 85 711
f 86 89 85
f 86 709 87
f 86 85 709
f 86 709 87
f 86 85 709
f 86 707 87
f 86 85 707
f 86 707 87
f 86 85 707
f 86 705 87
f 86 85 705
f 86 705 87
f 86 85 705
f 86 87 703
f 86 85 87
f 679 678 719
f 679 680 719
f 679 678 721
f 679 680 721
f 679 722 678
f 679 722 680
f 102 103 156
f 102 101 156
f 102 103 154
f 102 101 154
f 102 103 156
f 102 101 156
f 102 103 153
f 102 103 158
f 102 101 158
f 102 152 153
f 102 101 152
f 102 103 152
f 102 103 158
f 102 101 158
f 102 103 151
f 102 101 151
f 102 103 161
f 102 101 161
f 102 103 151
f 102 103 162
f 102 101 162
f 102 82 151
f 102 101 82
f 102 103 82
f 102 103 162
f 102 101 162
f 102 101 163
f 102 85 103
f 102 101 85
f 102 163 166
f 102 103 163
f 102 101 166
f 102 85 103
f 102 101 85
f 102 103 167
f 102 101 167
f 102 103 53
f 102 101 53
f 102 101 167
f 102 170 167
f 102 103 170
f 102 101 170
f 102 4 101
f 102 103 170
f 102 101 170
f 102 4 211
f 102 4 211
f 102 210 211
f 102 210 101
f 102 1 101
f 102 210 207
f 102 210 101
f 102 203 103
f 102 203 101
f 102 180 103
f 102 180 101
f 102 103 202
f 102 101 202
f 102 103 198
f 102 101 198
f 102 103 197
f 102 101 197
f 102 103 197
f 102 101 197
f 102 103 193
f 102 101 193
f 102 103 193
f 102 101 193
f 172 101 100
f 172 99 100
f 172 101 100
f 172 173 174
f 172 99 100
f 172 101 175
f 172 102 101
f 172 102 101
f 172 102 103
f 172 102 175
f 172 94 173
f 172 103 104
f 172 175 103
f 172 105 104
f 172 105 175
f 172 105 106
f 172 105 106
f 172 118 119
f 172 120 119
f 172 120 175
f 172 118 175
f 172 215 167
f 172 212 215
f 172 106 107
f 172 106 107
f 172 118 117
f 172 120 121
f 172 120 175
f 172 118 175
f 172 212 167
f 172 212 163
f 172 108 107
f 172 108 107
f 172 116 117
f 172 122 121
f 172 116 175
f 172 167 163
f 172 163 158
f 172 212 158
f 172 108 109
f 172 108 109
f 172 116 115
f 172 122 123
f 172 116 175
f 172 149 167
f 172 110 109
f 172 110 109
f 172 115 114
f 172 123 124
f 172 149 167
f 172 110 111
f 172 110 175
f 172 111 114
f 172 125 124
f 172 115 111
f 172 175 115
f 172 167 137
f 172 167 137
f 172 126 125
f 172 136 137
f 172 136 135
f 172 126 132
f 172 126 131
f 172 134 135
f 172 132 133
f 172 134 133
f 98 99 82
f 98 82 160
f 98 82 160
f 98 99 160
f 98 161 160
f 98 99 161
f 98 85 84
f 98 99 85
f 98 162 161
f 98 99 162
f 98 86 85
f 98 86 99
f 98 162 163
f 98 99 162
f 98 86 99
f 98 163 164
f 98 99 163
f 98 53 54
f 98 99 53
f 98 165 164
f 98 99 165
f 98 1 53
f 98 166 165
f 98 99 166
f 98 167 166
f 98 99 167
f 98 167 168
f 98 169 168
f 98 167 169
f 98 99 167
f 98 721 720
f 98 99 721
f 98 170 169
f 98 99 170
f 98 719 720
f 98 99 719
f 98 170 97
f 98 99 170
f 98 719 718
f 98 172 97
f 98 172 99
f 98 717 718
f 98 211 719
f 98 99 211
f 98 172 174
f 98 172 99
f 98 716 717
f 98 211 717
f 98 175 174
f 98 99 175
f 98 716 211
f 98 716 715
f 98 716 211
f 98 210 211
f 98 210 99
f 98 211 97
f 98 211 715
f 98 210 207
f 98 210 99
f 98 178 179
f 98 99 178
f 98 714 97
f 98 714 715
f 98 714 715
f 98 180 179
f 98 180 99
f 98 203 202
f 98 203 99
f 98 202 201
f 98 99 202
f 98 198 201
f 98 99 198
f 98 197 198
f 98 99 197
f 98 197 194
f 98 99 197
f 98 193 194
f 98 99 193
f 98 193 192
f 98 99 193
f 443 348 349
f 443 442 349
f 443 442 348
f 443 348 347
f 443 442 348
f 443 445 346
f 443 347 445
f 443 465 445
f 443 442 347
f 443 464 465
f 443 464 442
f 443 464 442
f 443 469 440
f 443 442 469
f 443 442 344
f 345 439 436
f 345 344 439
f 345 439 346
f 345 344 439
f 345 442 346
f 345 442 344
f 345 336 326
f 345 336 344
f 345 443 442
f 345 443 442
f 345 327 326
f 345 344 327
f 345 443 346
f 345 443 344
f 345 328 327
f 345 328 344
f 345 445 346
f 345 344 445
f 345 328 344
f 345 446 445
f 345 344 446
f 345 328 352
f 345 328 352
f 345 448 446
f 345 448 344
f 343 443 342
f 343 443 344
f 343 336 342
f 343 443 342
f 343 443 344
f 343 342 329
f 343 336 329
f 343 336 344
f 343 344 445
f 343 342 330
f 343 446 445
f 343 342 446
f 343 344 446
f 343 328 330
f 343 328 344
f 343 328 344
f 343 342 330
f 343 344 330
f 343 342 446
f 343 448 446
f 343 448 344
f 343 448 342
f 294 292 295
f 294 382 295
f 294 382 292
f 294 382 292
f 294 292 278
f 294 292 295
f 294 382 381
f 294 382 381
f 294 278 293
f 294 381 380
f 294 381 380
f 294 295 296
f 294 275 278
f 294 295 275
f 294 295 275
f 294 380 293
f 294 380 295
f 294 378 296
f 294 378 293
f 294 378 293
f 616 547 543
f 616 612 547
f 616 693 689
f 552 616 618
f 690 612 693
f 690 693 709
f 690 693 709
f 690 709 710
f 690 709 689
f 690 711 710
f 690 711 689
f 566 598 567
f 566 567 525
f 566 518 567
f 554 616 618
f 554 464 555
f 554 555 467
f 554 473 555
f 554 487 555
f 554 487 490
f 600 696 698
f 600 696 598
f 600 547 543
f 600 598 547
f 600 552 602
f 600 552 598
f 474 435 434
f 474 435 434
f 474 475 472
f 474 435 472
f 474 435 475
f 474 424 475
f 474 473 424
f 474 473 424
f 480 418 414
f 480 481 418
f 480 481 422
f 480 424 422
f 480 424 481
f 480 424 481
f 593 592 698
f 593 696 592
f 466 532 468
f 466 443 442
f 466 443 465
f 466 441 468
f 466 442 441
f 466 442 469
f 466 443 442
f 466 441 465
f 466 442 441
f 466 443 469
f 466 463 516
f 466 465 463
f 466 517 516
f 466 469 517
f 466 469 517
f 466 469 516
f 466 463 516
f 466 463 447
f 466 469 447
f 466 469 515
f 466 463 515
f 466 457 469
f 466 508 463
f 466 508 469
f 466 508 504
f 466 508 504
f 466 504 501
f 466 504 469
f 466 501 495
f 466 469 501
f 466 469 475
f 466 475 472
f 466 469 472
f 466 469 475
f 461 532 533
f 461 446 463
f 461 448 446
f 461 448 446
f 522 457 453
f 522 600 598
f 522 592 699
f 522 592 698
f 650 337 338
f 650 651 337
f 650 651 337
f 650 651 24
f 650 651 24
f 650 651 574
f 650 651 22
f 650 651 582
f 650 22 21
f 650 651 21
f 650 651 22
f 659 22 337
f 591 592 698
f 591 696 592
f 591 593 696
f 575 593 572
f 575 591 593
f 575 574 511
f 575 576 511
f 575 576 517
f 575 518 517
f 575 518 576
f 575 544 547
f 575 510 574
f 575 510 576
f 451 643 644
f 451 646 644
f 451 646 338
f 451 338 339
f 451 522 453
f 451 453 515
f 451 469 472
f 451 466 469
f 451 466 457
f 451 457 469
f 451 466 463
f 451 466 457
f 451 447 515
f 451 453 515
f 451 475 472
f 451 457 475
f 451 508 447
f 451 508 453
f 451 457 484
f 451 508 504
f 451 477 475
f 451 484 477
f 451 484 477
f 451 504 501
f 451 508 457
f 451 508 457
f 451 501 495
f 451 457 501
f 451 457 504
f 647 338 27
f 647 646 338
f 647 648 338
f 647 25 27
f 647 648 25
f 647 648 25
f 647 646 644
f 647 451 646
f 647 650 651
f 647 650 646
f 647 574 648
f 647 646 574
f 647 582 648
f 647 646 582
f 684 683 717
f 684 685 717
f 684 683 718
f 684 716 683
f 684 685 716
f 684 719 718
f 684 685 719
f 684 685 719
f 684 685 716
f 688 211 717
f 688 685 717
f 688 685 211
f 688 211 717
f 688 716 717
f 688 685 716
f 688 211 692
f 688 685 211
f 688 716 692
f 688 685 716
f 688 582 692
f 688 685 582
f 688 714 692
f 688 685 714
f 688 714 713
f 688 713 692
f 688 711 692
f 688 711 692
f 688 713 689
f 688 690 711
f 688 711 689
f 688 690 711
f 671 670 726
f 671 675 726
f 671 670 726
f 671 675 725
f 671 670 725
f 671 670 675
f 2 3 55
f 2 1 55
f 2 3 76
f 2 1 76
f 2 3 54
f 2 1 54
f 2 3 74
f 2 3 53
f 2 1 53
f 2 727 74
f 2 1 727
f 2 3 74
f 2 99 3
f 2 727 74
f 2 98 99
f 2 98 1
f 2 98 1
f 2 99 3
f 2 1 99
f 2 727 72
f 2 3 72
f 2 101 3
f 2 1 101
f 2 727 72
f 2 3 72
f 2 666 727
f 2 3 727
f 2 3 666
f 2 670 666
f 2 1 670
f 2 102 101
f 2 102 1
f 2 727 70
f 2 3 70
f 2 3 666
f 2 670 666
f 2 670 3
f 2 670 3
f 2 102 211
f 2 102 1
f 2 727 70
f 2 3 70
f 2 3 669
f 2 671 670
f 2 671 1
f 2 674 211
f 2 674 1
f 2 727 68
f 2 3 68
f 2 3 727
f 2 674 3
f 2 674 1
f 729 727 54
f 729 1 54
f 729 1 727
f 729 674 1
f 729 1 53
f 729 1 670
f 729 671 670
f 729 671 1
f 729 674 1
f 729 98 1
f 729 98 1
f 729 1 99
f 729 1 101
f 729 1 101
f 5 4 55
f 5 4 74
f 5 4 74
f 5 53 55
f 5 4 72
f 5 53 54
f 5 4 54
f 5 4 53
f 5 4 72
f 5 102 4
f 5 4 101
f 5 102 101
f 5 102 4
f 5 4 70
f 5 4 211
f 5 4 70
f 5 674 4
f 5 4 68
f 5 674 4
f 5 4 68
f 5 4 668
f 5 4 66
f 5 4 668
f 5 4 66
f 5 4 666
f 5 4 64
f 5 4 666
f 5 4 64
f 5 4 62
f 5 4 665
f 5 659 665
f 5 4 61
f 5 4 58
f 5 4 60
f 5 4 58
f 5 4 60
f 41 131 132
f 41 131 130
f 41 131 43
f 41 131 43
f 41 16 43
f 41 43 40
f 41 43 132
f 41 131 130
f 41 131 40
f 41 16 42
f 41 43 15
f 41 16 15
f 41 16 43
f 41 40 133
f 41 132 133
f 41 132 40
f 41 129 42
f 41 129 130
f 41 129 130
f 41 40 17
f 41 16 17
f 41 16 40
f 51 118 119
f 51 120 119
f 51 118 117
f 51 118 48
f 51 120 48
f 51 116 117
f 51 118 48
f 51 50 7
f 51 53 121
f 51 120 53
f 51 48 121
f 51 120 48
f 51 116 115
f 51 116 48
f 51 8 50
f 51 122 121
f 51 122 121
f 51 211 8
f 51 48 8
f 51 123 50
f 51 122 123
f 51 122 123
f 51 115 53
f 51 116 115
f 51 116 48
f 51 211 103
f 51 211 8
f 51 111 53
f 51 115 111
f 51 115 111
f 51 103 104
f 51 211 103
f 51 48 46
f 51 48 8
f 51 105 104
f 51 105 211
f 51 10 46
f 51 211 10
f 51 211 10
f 51 110 111
f 51 110 111
f 51 105 106
f 51 105 106
f 51 108 107
f 51 108 107
f 51 106 107
f 51 106 107
f 51 110 109
f 51 110 109
f 51 108 109
f 51 109 211
f 51 108 109
f 256 313 314
f 256 257 313
f 256 257 313
f 256 316 314
f 256 257 316
f 256 320 257
f 256 259 326
f 256 259 326
f 256 259 329
f 256 259 160
f 256 259 168
f 256 259 160
f 256 259 169
f 256 170 259
f 256 173 170
f 256 173 259
f 256 177 259
f 256 257 177
f 256 257 178
f 256 257 178
f 256 257 182
f 256 257 182
f 256 257 255
f 186 258 185
f 186 187 258
f 186 260 185
f 186 260 187
f 186 257 258
f 186 187 257
f 186 260 261
f 186 260 187
f 186 256 257
f 186 256 187
f 186 256 185
f 186 256 187
f 186 264 185
f 186 252 185
f 186 252 187
f 186 250 187
f 186 269 185
f 186 187 269
f 186 185 272
f 186 187 272
f 186 185 245
f 186 187 245
f 186 185 274
f 186 187 274
f 186 185 245
f 186 187 245
f 186 91 185
f 186 187 91
f 186 242 185
f 186 242 187
f 186 242 241
f 186 242 187
f 186 241 185
f 186 187 241
f 186 98 187
f 186 236 185
f 186 187 236
f 186 232 185
f 186 187 232
f 186 227 185
f 186 187 227
f 186 226 227
f 186 226 187
f 186 226 223
f 186 226 187
f 186 212 187
f 186 212 215
f 186 212 187
f 253 326 251
f 253 256 326
f 253 326 251
f 253 256 326
f 253 251 329
f 253 256 329
f 253 169 251
f 253 251 168
f 253 256 168
f 253 256 169
f 253 256 177
f 253 170 169
f 253 251 160
f 253 256 160
f 253 256 170
f 253 315 252
f 253 178 177
f 253 177 174
f 253 256 173
f 253 251 154
f 253 173 170
f 253 251 160
f 253 256 160
f 253 256 173
f 253 178 251
f 253 173 174
f 253 251 159
f 253 256 159
f 253 182 251
f 253 186 252
f 253 182 185
f 253 252 185
f 253 186 252
f 267 302 303
f 267 264 302
f 267 303 305
f 267 268 303
f 267 269 268
f 267 269 302
f 267 264 191
f 267 264 302
f 267 269 191
f 267 269 191
f 267 264 193
f 267 269 193
f 267 264 193
f 267 269 195
f 267 264 195
f 267 302 300
f 267 269 300
f 267 269 302
f 267 269 298
f 267 264 298
f 267 269 193
f 267 269 195
f 267 264 195
f 267 269 298
f 267 186 187
f 267 269 197
f 267 264 197
f 267 261 298
f 267 264 261
f 267 183 185
f 267 269 185
f 267 186 269
f 267 269 197
f 267 264 197
f 267 261 292
f 267 269 295
f 267 292 295
f 267 183 182
f 267 269 200
f 267 292 287
f 267 261 292
f 267 180 182
f 267 261 200
f 267 264 261
f 267 269 200
f 267 203 269
f 267 203 261
f 267 180 268
f 267 261 200
f 267 269 202
f 267 261 287
f 267 210 207
f 267 261 202
f 267 178 268
f 267 287 275
f 267 287 275
f 267 261 275
f 267 210 211
f 267 211 214
f 267 211 261
f 267 210 211
f 267 207 269
f 267 210 207
f 267 281 275
f 267 261 281
f 267 218 214
f 267 218 261
f 267 218 261
f 267 281 275
f 267 261 275
f 267 261 281
f 189 267 269
f 189 269 190
f 189 272 190
f 189 274 272
f 189 274 275
f 189 275 191
f 189 91 275
f 189 98 192
f 189 98 99
f 189 99 100
f 189 101 100
f 189 102 101
f 189 102 103
f 189 103 104
f 189 105 104
f 189 105 106
f 189 106 107
f 189 108 107
f 189 108 109
f 189 110 109
f 189 110 111
f 189 115 111
f 189 116 115
f 189 116 117
f 189 118 117
f 189 118 119
f 189 120 119
f 189 120 121
f 189 122 121
f 189 122 123
f 189 123 193
f 189 123 193
f 189 208 191
f 189 125 193
f 189 126 125
f 189 126 193
f 189 131 193
f 189 131 132
f 189 199 193
f 189 199 200
f 189 193 142
f 189 132 193
f 189 149 200
f 189 193 142
f 189 193 194
f 189 149 194
f 189 134 193
f 189 136 193
f 189 134 135
f 189 136 135
f 188 260 261
f 188 260 187
f 188 260 258
f 188 260 187
f 188 189 264
f 188 189 208
f 188 257 258
f 188 187 257
f 188 212 208
f 188 212 187
f 188 212 187
f 188 256 257
f 188 256 187
f 188 267 187
f 188 189 267
f 188 256 255
f 188 256 187
f 188 187 269
f 188 189 269
f 188 189 142
f 188 187 272
f 188 189 272
f 188 253 252
f 188 253 252
f 188 189 142
f 188 187 274
f 188 189 274
f 188 252 251
f 188 252 187
f 188 189 136
f 188 187 274
f 188 189 274
f 188 250 251
f 188 250 187
f 188 189 136
f 188 187 91
f 188 189 91
f 188 189 134
f 188 189 134
f 188 189 132
f 188 98 187
f 188 189 98
f 188 189 131
f 188 98 187
f 188 189 98
f 188 189 131
f 188 187 99
f 188 189 99
f 188 189 126
f 188 187 101
f 188 189 101
f 188 126 187
f 188 189 126
f 188 102 187
f 188 189 102
f 188 187 125
f 188 189 125
f 188 102 187
f 188 189 102
f 188 187 123
f 188 189 123
f 188 187 103
f 188 189 103
f 188 187 122
f 188 189 122
f 188 105 187
f 188 189 105
f 188 187 122
f 188 189 122
f 188 105 187
f 188 189 105
f 188 187 120
f 188 189 120
f 188 187 106
f 188 189 106
f 188 187 120
f 188 189 120
f 188 108 187
f 188 189 108
f 188 187 118
f 188 189 118
f 188 108 187
f 188 189 108
f 188 187 118
f 188 189 118
f 188 110 187
f 188 189 110
f 188 187 116
f 188 189 116
f 188 110 187
f 188 189 110
f 188 187 116
f 188 189 116
f 188 187 115
f 188 189 115
f 184 185 272
f 184 183 272
f 184 183 185
f 184 185 273
f 184 183 273
f 184 185 274
f 184 183 274
f 184 91 185
f 184 183 91
f 184 98 183
f 184 186 98
f 184 212 183
f 184 186 212
f 184 98 183
f 184 186 212
f 184 98 187
f 184 186 98
f 184 186 187
f 184 187 99
f 184 188 187
f 184 187 101
f 184 126 187
f 184 102 187
f 184 188 142
f 184 188 126
f 184 188 126
f 184 126 131
f 184 187 125
f 184 102 187
f 184 189 149
f 184 188 189
f 184 188 142
f 184 188 131
f 184 187 123
f 184 187 103
f 184 188 136
f 184 188 131
f 184 187 122
f 184 105 187
f 184 188 136
f 184 188 132
f 184 187 122
f 184 105 187
f 184 188 134
f 184 188 134
f 184 187 120
f 184 187 106
f 184 187 120
f 184 108 187
f 184 187 118
f 184 108 187
f 184 187 118
f 184 110 187
f 184 187 116
f 184 110 187
f 184 187 116
f 184 187 115
f 181 182 274
f 181 180 274
f 181 180 182
f 181 91 182
f 181 180 91
f 181 98 180
f 181 94 183
f 181 98 183
f 181 98 180
f 181 98 183
f 181 180 99
f 181 183 182
f 181 212 183
f 181 180 182
f 181 212 180
f 181 184 212
f 181 184 99
f 181 184 183
f 181 180 101
f 181 184 212
f 181 184 101
f 181 102 180
f 181 126 180
f 181 184 126
f 181 126 180
f 181 184 126
f 181 184 102
f 181 102 180
f 181 180 125
f 181 184 125
f 181 180 131
f 181 184 131
f 181 149 208
f 181 184 149
f 181 184 102
f 181 180 103
f 181 180 123
f 181 184 123
f 181 180 132
f 181 184 132
f 181 184 142
f 181 184 103
f 181 105 180
f 181 180 122
f 181 184 122
f 181 180 134
f 181 184 134
f 181 142 137
f 181 180 137
f 181 184 142
f 181 184 105
f 181 105 180
f 181 180 122
f 181 184 122
f 181 180 134
f 181 184 134
f 181 180 136
f 181 184 136
f 181 184 105
f 181 180 106
f 181 180 120
f 181 184 120
f 181 180 136
f 181 184 136
f 181 184 106
f 181 108 180
f 181 180 120
f 181 184 120
f 181 184 108
f 181 108 180
f 181 180 118
f 181 184 118
f 181 184 108
f 181 110 180
f 181 180 118
f 181 184 118
f 181 184 110
f 181 110 180
f 181 180 116
f 181 184 116
f 181 184 110
f 181 180 115
f 181 180 116
f 181 184 116
f 181 184 115
f 234 328 235
f 234 330 235
f 234 208 231
f 234 328 327
f 234 236 330
f 234 236 330
f 234 327 325
f 234 199 236
f 234 199 236
f 234 236 195
f 234 318 231
f 234 322 318
f 234 199 200
f 234 200 235
f 324 325 347
f 324 328 347
f 324 328 325
f 324 325 348
f 324 352 348
f 324 328 352
f 324 325 348
f 324 352 348
f 324 352 322
f 324 348 349
f 324 322 349
f 324 222 322
f 324 328 222
f 324 352 356
f 324 352 322
f 324 325 237
f 324 322 237
f 324 234 325
f 324 234 322
f 324 322 225
f 324 328 225
f 324 222 322
f 324 218 222
f 324 218 356
f 324 325 237
f 324 322 237
f 324 234 322
f 324 322 229
f 324 328 229
f 324 322 240
f 324 322 231
f 324 234 327
f 324 328 231
f 324 240 325
f 324 325 238
f 324 240 238
f 324 240 325
f 324 328 327
f 324 328 327
f 324 242 325
f 324 242 240
f 324 242 322
f 324 242 243
f 324 243 322
f 324 242 243
f 324 243 244
f 324 243 325
f 324 245 244
f 324 325 245
f 324 246 245
f 324 246 325
f 324 325 247
f 324 246 247
f 324 246 325
f 319 243 318
f 319 320 243
f 319 246 318
f 319 320 246
f 319 242 243
f 319 320 242
f 319 320 246
f 319 242 240
f 319 320 242
f 319 240 318
f 319 250 318
f 319 320 250
f 319 322 240
f 319 320 322
f 319 252 318
f 319 320 252
f 319 318 238
f 319 322 238
f 319 352 322
f 319 320 352
f 319 253 252
f 319 253 320
f 319 234 318
f 319 234 322
f 319 234 322
f 319 352 353
f 319 320 352
f 319 354 353
f 319 320 354
f 321 246 322
f 321 320 246
f 321 320 246
f 321 320 250
f 321 253 251
f 321 320 252
f 321 253 252
f 321 253 320
f 321 253 256
f 321 322 350
f 321 320 316
f 321 320 352
f 321 320 352
f 321 256 259
f 321 352 351
f 321 352 322
f 321 320 257
f 321 256 257
f 321 256 320
f 321 350 349
f 321 326 349
f 321 326 350
f 321 316 273
f 321 268 270
f 321 316 268
f 321 268 265
f 321 336 326
f 321 336 351
f 321 336 314
f 321 326 270
f 321 326 273
f 321 316 273
f 321 316 268
f 321 316 314
f 321 336 314
f 321 326 282
f 321 326 282
f 321 314 282
f 321 314 282
f 321 326 273
f 321 320 316
f 321 326 279
f 321 326 290
f 321 314 290
f 321 314 279
f 321 316 314
f 321 326 290
f 321 314 290
f 321 314 326
f 317 315 246
f 317 315 250
f 317 250 318
f 317 315 316
f 317 252 318
f 317 250 252
f 317 250 252
f 317 316 356
f 317 357 356
f 317 315 357
f 317 315 357
f 317 253 252
f 317 253 252
f 317 354 356
f 317 354 356
f 317 354 316
f 317 319 253
f 317 319 354
f 317 320 354
f 317 319 320
f 317 256 316
f 317 256 320
f 317 319 256
f 358 315 357
f 358 359 314
f 358 357 314
f 358 359 314
f 358 315 314
f 358 315 357
f 358 428 359
f 358 435 434
f 358 357 435
f 358 435 437
f 358 357 437
f 358 357 435
f 695 696 698
f 695 696 698
f 695 696 705
f 695 696 705
f 695 600 696
f 695 698 703
f 695 696 707
f 695 600 696
f 695 696 707
f 695 591 593
f 695 696 582
f 96 85 84
f 96 86 85
f 96 165 164
f 96 82 164
f 96 82 165
f 96 166 165
f 96 167 168
f 96 167 166
f 96 167 166
f 96 169 168
f 96 53 54
f 96 170 169
f 96 170 97
f 96 1 53
f 96 729 1
f 96 729 1
f 96 172 97
f 96 172 173
f 96 722 721
f 96 173 174
f 96 721 720
f 96 175 174
f 96 719 720
f 96 719 718
f 96 717 718
f 96 178 179
f 96 716 717
f 96 180 179
f 96 716 715
f 96 181 180
f 96 714 715
f 96 181 183
f 96 714 713
f 96 184 183
f 96 713 712
f 96 184 186
f 96 186 187
f 96 702 712
f 96 702 711
f 96 188 187
f 96 188 189
f 96 210 211
f 96 211 97
f 96 702 97
f 96 702 211
f 96 189 192
f 96 210 207
f 96 193 192
f 96 193 194
f 96 203 202
f 96 197 194
f 96 202 201
f 96 197 198
f 96 198 201
f 92 89 91
f 92 86 89
f 92 173 82
f 92 86 91
f 92 175 82
f 92 91 177
f 92 175 177
f 92 178 91
f 92 178 91
f 92 180 91
f 92 181 180
f 92 181 91
f 92 183 91
f 92 184 183
f 92 184 91
f 92 702 701
f 92 186 91
f 92 186 187
f 92 203 701
f 92 188 187
f 92 203 91
f 92 188 189
f 92 91 202
f 92 189 91
f 92 91 198
f 92 91 191
f 92 91 197
f 92 91 193
f 92 91 193
f 92 197 194
f 92 91 194
f 92 91 197
f 90 89 91
f 90 82 275
f 90 91 82
f 90 82 277
f 90 89 82
f 90 277 275
f 90 91 277
f 90 91 277
f 90 89 277
f 90 701 91
f 90 89 701
f 90 702 701
f 90 702 89
f 90 86 91
f 90 86 89
f 90 86 89
f 88 87 703
f 88 702 703
f 88 90 89
f 88 90 702
f 88 705 87
f 88 702 705
f 88 90 91
f 88 90 702
f 88 705 87
f 88 702 705
f 88 707 87
f 88 702 707
f 88 707 87
f 88 92 702
f 88 92 91
f 88 702 707
f 88 709 87
f 88 709 87
f 88 711 87
f 88 711 87
f 88 713 87
f 88 714 713
f 88 714 87
f 88 716 87
f 88 716 717
f 88 717 87
f 88 94 717
f 88 719 87
f 88 94 719
f 88 719 87
f 88 94 719
f 88 721 87
f 88 94 721
f 88 722 721
f 88 722 94
f 88 722 723
f 88 87 53
f 88 96 54
f 88 86 87
f 88 96 86
f 88 98 54
f 88 98 86
f 88 98 86
f 577 210 207
f 577 210 207
f 577 210 211
f 577 210 211
f 577 207 393
f 577 207 574
f 577 574 214
f 577 211 214
f 577 211 574
f 577 394 393
f 577 574 394
f 577 394 578
f 577 574 394
f 577 396 578
f 577 574 396
f 577 576 574
f 577 576 397
f 577 503 396
f 577 397 503
f 577 506 503
f 577 576 506
f 577 397 500
f 577 576 500
f 577 576 397
f 577 510 511
f 577 510 576
f 577 518 576
f 577 511 578
f 577 576 511
f 577 576 517
f 209 246 207
f 209 210 246
f 209 210 246
f 209 207 243
f 209 210 243
f 209 207 208
f 209 208 238
f 209 210 238
f 209 207 208
f 209 208 231
f 209 210 231
f 209 208 137
f 209 210 137
f 209 136 207
f 209 210 136
f 209 208 231
f 209 210 231
f 209 208 142
f 209 210 142
f 209 136 207
f 209 210 136
f 209 210 212
f 209 208 142
f 209 210 142
f 209 134 207
f 209 210 134
f 209 208 229
f 209 212 229
f 209 148 208
f 209 210 148
f 209 134 207
f 209 210 134
f 209 227 208
f 209 212 227
f 209 149 208
f 209 212 149
f 209 210 212
f 209 149 148
f 209 210 149
f 209 207 132
f 209 210 132
f 209 226 227
f 209 226 212
f 209 226 212
f 209 181 212
f 209 131 207
f 209 210 131
f 209 210 131
f 206 207 284
f 206 203 284
f 206 207 393
f 206 203 393
f 206 207 281
f 206 203 281
f 206 207 701
f 206 203 701
f 206 207 281
f 206 203 281
f 206 92 207
f 206 92 203
f 206 207 275
f 206 203 275
f 206 207 275
f 206 203 275
f 206 207 269
f 206 96 207
f 206 96 203
f 206 267 207
f 206 98 207
f 206 98 203
f 206 267 207
f 206 98 99
f 206 98 203
f 206 207 261
f 206 99 207
f 206 203 99
f 206 207 258
f 206 101 207
f 206 203 101
f 206 250 207
f 206 102 101
f 206 102 203
f 206 102 207
f 206 102 203
f 206 246 207
f 206 207 103
f 206 203 103
f 206 207 243
f 206 105 207
f 206 105 203
f 206 207 240
f 206 105 106
f 206 105 203
f 206 207 238
f 206 106 107
f 206 203 106
f 206 207 208
f 206 108 107
f 206 108 203
f 206 234 208
f 206 108 109
f 206 108 203
f 206 234 208
f 206 149 148
f 206 110 109
f 206 110 203
f 206 148 208
f 206 207 208
f 206 110 207
f 206 110 203
f 206 207 142
f 206 207 115
f 206 203 115
f 206 207 142
f 206 116 207
f 206 203 116
f 206 207 137
f 206 116 207
f 206 203 116
f 206 136 207
f 206 203 136
f 206 118 207
f 206 203 118
f 206 136 207
f 206 203 136
f 206 118 207
f 206 203 118
f 206 134 207
f 206 203 134
f 206 120 207
f 206 203 120
f 206 134 207
f 206 203 134
f 206 120 207
f 206 203 120
f 206 207 132
f 206 203 132
f 206 122 207
f 206 203 122
f 206 131 207
f 206 203 131
f 206 122 207
f 206 203 122
f 206 131 207
f 206 203 131
f 206 207 123
f 206 203 123
f 206 126 207
f 206 203 126
f 206 207 125
f 206 203 125
f 206 126 207
f 206 203 126
f 263 307 309
f 263 309 311
f 263 309 264
f 263 314 311
f 263 316 314
f 263 321 316
f 263 321 316
f 263 173 174
f 263 173 170
f 263 173 170
f 263 321 265
f 263 321 259
f 263 177 174
f 263 170 169
f 263 170 259
f 263 160 164
f 263 259 160
f 263 168 164
f 263 259 168
f 263 326 265
f 263 259 326
f 263 259 169
f 263 178 177
f 263 169 168
f 263 160 159
f 263 259 160
f 263 326 329
f 263 259 326
f 263 178 179
f 263 264 179
f 263 259 329
f 263 180 182
f 263 180 264
f 263 180 264
f 263 183 264
f 263 183 264
f 263 186 264
f 262 264 261
f 262 306 261
f 262 306 264
f 262 306 307
f 262 306 307
f 262 263 307
f 262 263 307
f 262 188 261
f 262 188 264
f 262 188 187
f 262 188 264
f 262 309 308
f 262 307 308
f 262 307 309
f 262 309 261
f 262 263 309
f 262 261 191
f 262 264 191
f 262 264 261
f 262 186 187
f 262 186 264
f 262 263 186
f 262 261 314
f 262 263 314
f 262 186 261
f 262 263 186
f 262 260 261
f 262 183 261
f 262 263 183
f 262 260 316
f 262 263 316
f 262 183 182
f 262 263 183
f 262 260 316
f 262 263 316
f 262 260 182
f 262 260 182
f 262 263 182
f 262 260 178
f 262 263 178
f 262 260 173
f 262 263 173
f 262 260 178
f 262 263 178
f 262 260 173
f 262 263 173
f 262 260 177
f 262 263 177
f 310 218 222
f 310 218 222
f 310 222 225
f 310 222 308
f 310 218 312
f 310 218 308
f 310 225 312
f 310 308 225
f 310 364 312
f 310 308 364
f 310 231 312
f 310 308 231
f 310 231 235
f 310 308 231
f 310 362 364
f 310 309 308
f 310 238 235
f 310 308 238
f 310 361 311
f 310 361 362
f 310 361 362
f 310 309 362
f 310 257 312
f 310 257 311
f 310 252 312
f 310 252 308
f 310 240 238
f 310 308 240
f 310 362 364
f 310 309 364
f 310 309 362
f 310 257 258
f 310 257 258
f 310 250 252
f 310 250 252
f 310 308 258
f 310 309 308
f 310 243 240
f 310 308 243
f 310 260 258
f 310 309 260
f 310 246 243
f 310 246 308
f 310 260 261
f 310 309 261
f 310 309 260
f 221 328 222
f 221 218 328
f 221 222 330
f 221 218 330
f 221 324 328
f 221 324 218
f 221 324 218
f 221 222 334
f 221 334 141
f 221 334 142
f 221 222 334
f 221 223 142
f 221 222 223
f 221 223 145
f 221 223 146
f 221 223 147
f 221 148 223
f 221 149 148
f 221 149 223
f 221 223 151
f 221 223 152
f 221 223 156
f 221 223 153
f 221 223 156
f 216 218 217
f 216 222 215
f 216 218 222
f 216 37 133
f 216 37 36
f 216 37 217
f 216 134 133
f 216 33 36
f 216 217 33
f 216 37 134
f 216 37 134
f 216 135 215
f 216 134 135
f 216 335 33
f 216 335 217
f 216 335 217
f 216 134 217
f 216 136 135
f 216 136 217
f 216 136 215
f 216 136 217
f 216 215 137
f 216 217 137
f 216 178 215
f 216 215 141
f 216 217 141
f 216 178 215
f 216 215 142
f 216 217 142
f 216 215 142
f 216 217 142
f 216 215 146
f 216 217 146
f 216 172 175
f 216 215 147
f 216 217 147
f 216 172 215
f 216 148 215
f 216 217 148
f 216 215 167
f 216 149 148
f 216 149 217
f 216 215 167
f 216 149 215
f 216 149 217
f 216 215 163
f 216 215 158
f 216 217 158
f 486 484 511
f 486 487 511
f 486 484 485
f 486 487 485
f 486 484 419
f 486 484 420
f 486 505 506
f 486 484 505
f 486 484 418
f 486 484 418
f 486 484 423
f 486 504 505
f 486 484 504
f 486 418 485
f 486 484 504
f 486 484 447
f 486 484 440
f 486 416 485
f 486 435 484
f 486 451 484
f 486 484 436
f 486 416 485
f 486 435 484
f 486 451 457
f 486 413 485
f 486 487 413
f 486 416 414
f 486 413 410
f 486 487 410
f 486 487 413
f 507 518 525
f 507 486 506
f 507 492 490
f 507 486 484
f 507 510 484
f 507 486 484
f 507 511 565
f 507 510 509
f 507 565 503
f 507 508 484
f 507 509 484
f 507 508 484
f 507 508 509
f 507 577 506
f 507 576 574
f 507 575 510
f 507 510 509
f 507 577 510
f 507 577 576
f 507 506 396
f 507 508 509
f 507 575 576
f 507 575 510
f 507 577 510
f 507 397 506
f 507 508 397
f 507 508 397
f 482 409 485
f 482 409 410
f 482 480 410
f 482 413 410
f 482 480 410
f 482 404 405
f 482 404 485
f 482 404 485
f 482 480 405
f 482 480 414
f 482 480 418
f 482 480 481
f 482 481 418
f 482 481 420
f 482 481 422
f 482 565 485
f 482 480 565
f 482 554 555
f 482 480 554
f 497 499 496
f 497 496 401
f 497 496 401
f 497 496 403
f 497 499 403
f 497 496 404
f 497 499 404
f 497 496 404
f 497 499 404
f 497 499 496
f 431 474 475
f 431 474 473
f 427 428 479
f 427 428 481
f 427 486 428
f 427 362 363
f 427 428 362
f 427 361 362
f 427 428 361
f 427 428 361
f 427 428 366
f 427 428 368
f 427 428 499
f 427 411 368
f 427 428 411
f 427 428 499
f 83 106 107
f 83 107 55
f 83 108 107
f 83 108 107
f 83 105 106
f 83 105 106
f 83 106 112
f 83 106 107
f 83 108 109
f 83 108 109
f 83 105 104
f 83 105 104
f 83 721 55
f 83 110 109
f 83 110 109
f 83 103 104
f 83 103 104
f 83 721 720
f 83 721 82
f 83 722 721
f 83 722 721
f 83 110 112
f 83 102 103
f 83 102 103
f 83 719 720
f 83 719 82
f 83 722 723
f 83 722 723
f 83 113 112
f 83 113 112
f 83 102 101
f 83 102 101
f 83 719 718
f 83 719 82
f 83 82 55
f 83 723 55
f 83 723 82
f 83 113 55
f 83 113 82
f 83 101 100
f 83 101 100
f 83 717 718
f 83 717 82
f 83 115 55
f 83 115 82
f 83 99 100
f 83 99 100
f 83 716 717
f 83 716 717
f 83 116 115
f 83 116 115
f 83 98 99
f 83 98 99
f 83 716 715
f 83 716 82
f 83 117 82
f 83 116 117
f 83 116 117
f 83 98 84
f 83 98 82
f 83 714 715
f 83 714 82
f 83 96 84
f 83 96 82
f 83 714 713
f 83 714 713
f 83 713 712
f 83 713 82
f 83 711 712
f 83 711 82
f 83 92 91
f 83 92 91
f 83 711 710
f 83 711 82
f 83 90 91
f 83 90 91
f 83 709 710
f 83 709 82
f 83 90 89
f 83 90 89
f 83 709 708
f 83 709 82
f 83 89 87
f 83 707 708
f 83 707 82
f 83 86 87
f 83 88 89
f 83 707 706
f 83 707 82
f 83 86 87
f 83 88 87
f 83 702 89
f 83 88 702
f 83 705 706
f 83 705 82
f 83 82 703
f 83 86 703
f 83 702 82
f 83 88 702
f 83 705 704
f 83 705 82
f 83 85 704
f 83 86 85
f 83 86 85
f 682 679 680
f 682 719 718
f 682 680 719
f 682 678 719
f 682 679 678
f 682 683 718
f 682 678 717
f 682 683 717
f 682 616 683
f 682 616 679
f 682 716 683
f 682 716 678
f 682 716 683
f 682 716 678
f 682 714 678
f 682 714 678
f 682 678 640
f 682 678 713
f 682 644 689
f 682 678 644
f 682 678 689
f 682 678 711
f 682 678 711
f 682 689 710
f 682 711 710
f 682 711 689
f 608 690 693
f 595 547 543
f 595 598 547
f 595 552 592
f 595 552 598
f 595 566 592
f 595 566 598
f 595 572 592
f 595 593 572
f 595 593 592
f 595 522 592
f 595 522 598
f 595 696 698
f 595 593 698
f 595 593 696
f 586 572 592
f 586 566 592
f 586 699 517
f 586 518 517
f 586 518 584
f 586 518 584
f 586 699 517
f 586 584 517
f 586 699 516
f 586 584 516
f 586 700 699
f 586 584 700
f 586 584 700
f 535 532 473
f 535 474 532
f 535 482 480
f 535 482 532
f 535 487 532
f 535 487 532
f 613 616 612
f 613 552 612
f 613 554 612
f 613 682 612
f 613 612 693
f 613 616 693
f 613 616 612
f 617 554 616
f 617 674 675
f 617 679 678
f 617 682 679
f 617 682 616
f 617 682 616
f 545 544 464
f 545 544 465
f 545 544 467
f 545 575 547
f 545 575 544
f 545 575 544
f 551 554 464
f 551 554 467
f 551 554 473
f 551 482 480
f 551 482 554
f 551 554 487
f 551 554 487
f 551 492 490
f 551 554 490
f 551 555 500
f 551 566 552
f 551 507 555
f 551 566 552
f 551 507 555
f 551 555 511
f 551 518 555
f 456 551 552
f 456 641 565
f 456 335 574
f 456 335 217
f 456 335 574
f 456 650 651
f 456 335 217
f 456 335 337
f 456 218 217
f 456 335 340
f 456 335 338
f 456 424 422
f 456 341 340
f 456 335 340
f 456 342 341
f 456 343 342
f 456 345 352
f 456 343 344
f 456 345 344
f 456 345 352
f 456 352 347
f 624 554 622
f 624 552 625
f 624 625 675
f 620 617 675
f 620 617 674
f 620 675 678
f 620 622 675
f 620 617 678
f 620 674 675
f 620 622 675
f 620 617 674
f 620 566 567
f 534 600 598
f 534 600 537
f 534 595 598
f 534 595 537
f 534 600 533
f 534 600 537
f 534 595 533
f 534 595 537
f 534 616 612
f 534 616 537
f 534 616 533
f 534 616 537
f 534 457 533
f 534 537 457
f 534 535 537
f 534 461 533
f 534 535 461
f 534 535 464
f 534 532 533
f 534 466 532
f 534 535 466
f 534 466 532
f 534 535 466
f 534 533 465
f 534 464 465
f 534 535 464
f 534 532 468
f 534 535 468
f 534 532 469
f 534 535 469
f 534 532 469
f 534 535 469
f 534 532 471
f 534 535 471
f 534 535 532
f 601 693 692
f 601 600 693
f 601 600 693
f 601 692 602
f 601 600 692
f 601 690 602
f 601 688 690
f 601 600 567
f 601 600 566
f 601 600 566
f 599 598 693
f 599 600 693
f 599 600 692
f 599 601 690
f 599 601 600
f 599 601 688
f 599 601 600
f 599 598 567
f 599 600 567
f 599 601 684
f 599 566 598
f 599 600 566
f 599 600 566
f 599 601 684
f 599 601 674
f 599 601 669
f 562 600 559
f 562 595 559
f 562 600 559
f 562 595 559
f 562 586 566
f 562 554 559
f 562 551 554
f 562 551 566
f 562 575 559
f 562 551 554
f 562 559 572
f 562 575 572
f 562 575 566
f 562 566 552
f 562 566 552
f 476 535 474
f 476 473 410
f 476 473 410
f 476 551 554
f 476 525 477
f 476 473 405
f 476 473 418
f 476 554 473
f 476 424 477
f 476 474 424
f 476 474 424
f 476 473 399
f 476 473 422
f 476 474 473
f 476 424 475
f 476 424 477
f 476 473 565
f 639 455 453
f 639 455 641
f 639 456 455
f 639 665 640
f 530 639 455
f 530 457 533
f 530 455 457
f 530 639 455
f 530 600 598
f 530 595 598
f 530 600 533
f 530 595 533
f 530 616 533
f 530 616 612
f 454 455 453
f 454 455 641
f 454 643 644
f 454 647 646
f 454 647 453
f 454 456 647
f 454 456 647
f 454 453 648
f 454 456 650
f 454 650 651
f 454 456 338
f 454 651 337
f 454 456 337
f 454 456 340
f 454 456 341
f 454 455 457
f 454 456 455
f 454 456 342
f 454 456 352
f 454 456 352
f 454 456 343
f 454 456 347
f 454 456 356
f 454 456 343
f 454 456 345
f 454 456 345
f 458 456 554
f 458 456 554
f 458 456 552
f 458 456 552
f 458 551 552
f 458 551 552
f 458 456 565
f 458 545 544
f 458 544 457
f 524 466 525
f 524 525 469
f 524 474 475
f 524 474 525
f 524 474 525
f 524 525 477
f 524 480 525
f 520 466 463
f 520 522 463
f 520 522 466
f 520 466 469
f 520 469 472
f 520 518 472
f 520 518 475
f 660 582 661
f 660 659 582
f 660 574 661
f 660 659 574
f 660 574 661
f 660 659 574
f 660 335 661
f 660 335 22
f 660 659 22
f 660 335 22
f 660 22 21
f 660 659 22
f 660 21 661
f 660 659 21
f 660 19 661
f 660 659 19
f 660 19 18
f 660 659 19
f 660 18 661
f 660 659 18
f 660 16 661
f 660 659 16
f 660 659 641
f 660 639 641
f 660 16 15
f 660 659 16
f 660 659 665
f 660 639 665
f 660 15 661
f 660 659 15
f 660 665 661
f 660 13 661
f 660 659 13
f 660 661 8
f 660 659 8
f 660 5 659
f 660 13 661
f 660 659 13
f 660 661 8
f 660 659 8
f 660 661 11
f 660 659 11
f 660 661 10
f 660 659 10
f 660 661 11
f 660 659 11
f 581 510 582
f 581 510 509
f 581 507 509
f 581 509 700
f 581 509 582
f 581 700 396
f 581 700 578
f 581 582 578
f 581 582 700
f 585 685 582
f 585 688 685
f 585 696 582
f 585 695 696
f 585 688 582
f 585 582 699
f 585 584 582
f 585 695 582
f 585 698 699
f 585 586 698
f 585 586 584
f 452 451 644
f 452 451 646
f 452 647 646
f 452 647 451
f 452 647 451
f 452 451 338
f 452 453 648
f 452 647 648
f 452 647 453
f 452 454 338
f 452 454 453
f 452 454 340
f 452 454 341
f 449 340 339
f 449 448 340
f 449 448 341
f 686 716 683
f 686 684 716
f 686 684 716
f 686 682 683
f 686 682 714
f 686 685 714
f 686 684 685
f 686 682 714
f 686 616 689
f 686 616 683
f 686 682 683
f 686 713 689
f 686 682 713
f 686 613 612
f 686 711 689
f 686 682 711
f 686 682 711
f 686 684 612
f 686 613 612
f 686 689 640
f 686 682 640
f 686 682 689
f 672 726 727
f 672 671 726
f 672 675 726
f 672 671 675
f 672 729 1
f 672 729 671
f 672 2 1
f 672 2 671
f 672 622 675
f 672 624 622
f 672 2 669
f 672 2 671
f 672 620 622
f 672 620 671
f 672 620 671
f 672 620 617
f 672 620 617
f 728 726 727
f 728 729 727
f 728 726 725
f 728 674 726
f 728 725 54
f 728 674 727
f 728 729 674
f 728 86 54
f 728 674 676
f 728 674 726
f 728 672 727
f 728 672 729
f 728 86 53
f 728 729 53
f 728 723 724
f 728 729 671
f 728 672 671
f 728 672 729
f 728 86 723
f 728 86 723
f 728 86 87
f 728 685 211
f 728 88 723
f 728 88 87
f 728 722 723
f 728 722 685
f 728 88 94
f 728 88 722
f 728 88 722
f 728 685 211
f 728 722 685
f 728 96 722
f 728 96 729
f 728 729 98
f 728 99 211
f 728 99 211
f 728 729 99
f 728 729 98
f 728 722 721
f 728 98 721
f 728 98 99
f 728 101 211
f 728 729 101
f 728 729 101
f 6 7 55
f 6 5 55
f 6 7 74
f 6 5 74
f 6 7 55
f 6 5 55
f 6 7 74
f 6 5 74
f 6 51 7
f 6 5 72
f 6 5 53
f 6 51 53
f 6 51 103
f 6 72 56
f 6 7 56
f 6 51 103
f 6 211 103
f 6 5 211
f 6 72 56
f 6 5 72
f 6 102 103
f 6 5 102
f 6 5 102
f 6 674 211
f 6 5 674
f 6 56 70
f 6 5 70
f 6 68 67
f 6 7 67
f 6 68 56
f 6 5 68
f 6 5 68
f 6 674 669
f 6 5 674
f 6 56 70
f 6 5 70
f 6 7 66
f 6 5 66
f 6 668 669
f 6 5 668
f 6 7 66
f 6 5 66
f 6 668 7
f 6 5 668
f 6 7 64
f 6 5 64
f 6 666 7
f 6 5 666
f 6 7 64
f 6 5 64
f 6 666 665
f 6 5 666
f 6 7 62
f 6 5 62
f 6 660 665
f 6 660 5
f 6 61 7
f 6 5 61
f 6 660 659
f 6 660 5
f 6 60 61
f 6 5 60
f 6 659 7
f 6 5 659
f 6 60 7
f 6 5 60
f 6 7 58
f 6 5 58
f 6 7 58
f 6 5 58
f 266 264 305
f 266 267 305
f 266 267 264
f 266 264 305
f 266 307 305
f 266 307 268
f 266 267 268
f 266 186 264
f 266 186 264
f 266 267 186
f 266 188 264
f 266 188 267
f 266 309 268
f 266 307 309
f 266 307 309
f 266 186 185
f 266 267 186
f 266 188 189
f 266 188 189
f 266 177 174
f 266 177 174
f 266 178 177
f 266 178 177
f 266 267 178
f 266 183 185
f 266 267 183
f 266 189 264
f 266 189 267
f 266 173 174
f 266 173 174
f 266 178 179
f 266 267 178
f 266 183 182
f 266 267 183
f 266 264 191
f 266 267 191
f 266 267 264
f 266 173 170
f 266 173 170
f 266 180 179
f 266 267 180
f 266 180 182
f 266 267 180
f 266 169 268
f 266 170 169
f 266 170 169
f 233 328 330
f 233 234 330
f 233 234 328
f 233 328 232
f 233 232 330
f 233 234 330
f 233 328 232
f 233 232 332
f 233 328 327
f 233 234 328
f 233 236 332
f 233 234 236
f 233 324 327
f 233 324 234
f 233 324 234
f 233 232 332
f 233 236 332
f 233 232 154
f 233 236 154
f 233 187 232
f 233 187 236
f 233 232 191
f 233 236 191
f 233 232 156
f 233 236 156
f 233 186 187
f 233 186 187
f 233 232 191
f 233 236 191
f 233 200 232
f 233 234 200
f 233 232 156
f 233 236 156
f 233 186 232
f 233 186 236
f 233 232 195
f 233 236 195
f 233 234 236
f 233 199 200
f 233 234 199
f 233 232 160
f 233 236 160
f 233 182 232
f 233 236 182
f 233 232 195
f 233 234 195
f 233 199 232
f 233 234 199
f 233 232 161
f 233 236 161
f 233 182 232
f 233 236 182
f 233 232 161
f 233 236 161
f 233 178 232
f 233 178 236
f 233 232 165
f 233 236 165
f 233 178 177
f 233 178 236
f 233 232 165
f 233 236 165
f 233 177 232
f 233 236 177
f 233 232 169
f 233 236 169
f 233 173 232
f 233 236 173
f 233 170 232
f 233 236 170
f 233 173 170
f 233 236 173
f 254 321 256
f 254 321 253
f 254 321 253
f 254 319 256
f 254 319 253
f 254 317 256
f 254 317 319
f 254 317 319
f 254 256 185
f 254 256 182
f 254 253 182
f 254 256 182
f 254 253 182
f 254 317 316
f 254 317 253
f 254 186 185
f 254 253 186
f 254 256 178
f 254 253 178
f 254 315 316
f 254 253 315
f 254 186 187
f 254 253 186
f 254 256 178
f 254 253 178
f 254 253 256
f 254 315 314
f 254 188 187
f 254 188 253
f 254 313 314
f 254 315 252
f 254 253 315
f 254 188 255
f 254 188 253
f 254 252 313
f 254 191 255
f 254 313 312
f 254 252 312
f 254 252 313
f 254 252 191
f 254 253 252
f 254 191 255
f 254 252 191
f 254 193 255
f 254 252 193
f 254 252 193
f 248 317 315
f 248 315 250
f 248 317 250
f 248 317 315
f 248 315 246
f 248 317 246
f 248 310 250
f 248 310 246
f 248 319 246
f 248 319 246
f 248 319 320
f 248 250 195
f 248 246 195
f 248 246 195
f 248 250 197
f 248 246 197
f 248 310 250
f 248 310 246
f 248 321 320
f 248 195 193
f 248 250 195
f 248 199 250
f 248 246 199
f 248 306 250
f 248 306 246
f 248 321 322
f 248 193 192
f 248 250 193
f 248 199 250
f 248 246 199
f 248 306 250
f 248 306 246
f 248 322 247
f 248 191 192
f 248 250 200
f 248 246 200
f 248 250 302
f 248 246 302
f 248 191 247
f 248 250 202
f 248 246 202
f 248 250 302
f 248 246 302
f 248 187 247
f 248 203 250
f 248 203 246
f 248 250 298
f 248 246 298
f 248 250 298
f 248 246 298
f 248 206 250
f 248 206 246
f 248 250 292
f 248 246 292
f 248 210 250
f 248 210 246
f 248 250 292
f 248 246 292
f 248 210 246
f 248 246 287
f 248 210 211
f 248 210 250
f 248 261 287
f 248 246 261
f 248 211 258
f 248 246 211
f 248 250 258
f 248 261 258
f 248 250 258
f 248 246 261
f 694 695 612
f 694 616 612
f 694 616 612
f 694 693 698
f 694 695 698
f 694 693 698
f 694 616 698
f 694 616 693
f 694 693 703
f 694 695 703
f 694 693 705
f 694 695 705
f 694 600 693
f 694 695 600
f 694 693 705
f 694 695 705
f 694 695 600
f 694 693 707
f 694 695 707
f 694 599 598
f 694 599 600
f 694 599 600
f 694 693 707
f 694 695 707
f 694 591 593
f 694 695 591
f 176 96 175
f 176 98 175
f 176 96 178
f 176 98 178
f 176 98 99
f 176 98 99
f 176 99 175
f 176 99 178
f 176 101 175
f 176 101 178
f 176 178 215
f 176 102 101
f 176 216 215
f 176 216 175
f 176 178 215
f 176 102 175
f 176 101 178
f 176 102 101
f 176 212 215
f 176 175 103
f 176 102 103
f 176 212 180
f 176 172 175
f 176 172 212
f 176 125 124
f 176 123 124
f 176 103 104
f 176 105 175
f 176 172 125
f 176 122 123
f 176 172 123
f 176 105 104
f 176 105 106
f 176 180 137
f 176 181 212
f 176 180 125
f 176 126 180
f 176 172 126
f 176 122 121
f 176 172 122
f 176 105 106
f 176 106 107
f 176 172 137
f 176 180 136
f 176 172 149
f 176 181 149
f 176 181 180
f 176 172 149
f 176 209 181
f 176 126 180
f 176 172 126
f 176 120 121
f 176 172 175
f 176 172 122
f 176 120 175
f 176 106 107
f 176 108 107
f 176 172 136
f 176 180 136
f 176 181 149
f 176 181 208
f 176 172 212
f 176 209 212
f 176 209 181
f 176 180 131
f 176 172 131
f 176 120 119
f 176 120 175
f 176 108 107
f 176 108 109
f 176 172 136
f 176 180 134
f 176 209 208
f 176 180 132
f 176 172 132
f 176 118 119
f 176 118 175
f 176 108 109
f 176 110 109
f 176 172 134
f 176 180 134
f 176 172 134
f 176 118 117
f 176 118 175
f 176 110 109
f 176 110 175
f 176 116 117
f 176 116 175
f 176 110 111
f 176 175 115
f 176 116 115
f 176 116 175
f 176 115 111
f 205 203 269
f 205 206 269
f 205 206 203
f 205 267 203
f 205 206 267
f 205 267 203
f 205 206 267
f 205 203 261
f 205 206 261
f 205 203 258
f 205 206 258
f 205 203 250
f 205 206 250
f 205 248 206
f 205 248 206
f 205 206 246
f 205 206 243
f 205 206 240
f 205 206 238
f 205 206 234
f 205 206 234
f 205 233 234
f 205 208 231
f 205 206 208
f 205 208 229
f 205 208 229
f 205 227 208
f 205 226 227
f 205 206 148
f 205 206 149
f 205 203 142
f 205 206 142
f 205 206 149
f 205 203 142
f 205 206 142
f 205 203 137
f 205 206 137
f 205 206 203
f 219 35 335
f 219 218 335
f 219 218 35
f 219 35 36
f 219 218 36
f 219 218 35
f 219 218 139
f 219 218 139
f 219 218 141
f 219 218 142
f 219 218 142
f 219 146 145
f 219 217 146
f 219 218 217
f 219 217 147
f 219 217 148
f 219 149 217
f 219 149 152
f 219 149 217
f 219 153 156
f 219 158 153
f 219 217 158
f 219 162 163
f 219 162 161
f 219 216 163
f 219 216 217
f 219 216 167
f 219 167 163
f 219 163 166
f 219 216 167
f 219 170 167
f 219 216 172
f 219 170 167
f 219 172 175
f 219 216 172
f 219 172 173
f 219 176 216
f 219 176 175
f 219 176 216
f 219 216 178
f 219 216 178
f 219 180 182
f 219 180 215
f 219 216 215
f 219 216 218
f 219 180 182
f 219 182 223
f 219 221 218
f 219 216 218
f 219 182 215
f 219 186 223
f 219 216 222
f 219 186 215
f 219 186 187
f 219 187 223
f 219 187 215
f 219 223 191
f 219 215 191
f 219 222 223
f 219 221 222
f 219 186 187
f 219 223 195
f 219 215 195
f 219 199 223
f 219 199 215
f 219 199 223
f 219 223 215
f 488 487 490
f 488 486 487
f 488 507 490
f 488 507 486
f 488 507 492
f 488 427 486
f 488 507 486
f 488 486 419
f 488 486 435
f 488 500 503
f 488 418 419
f 488 486 418
f 488 486 418
f 488 486 416
f 488 486 435
f 488 501 503
f 488 486 416
f 488 484 501
f 488 486 484
f 488 504 501
f 488 486 504
f 488 486 504
f 488 486 436
f 488 486 414
f 488 486 487
f 488 487 413
f 488 484 475
f 488 486 440
f 488 487 413
f 488 466 475
f 488 484 475
f 488 486 447
f 488 487 410
f 488 466 495
f 488 466 475
f 488 457 484
f 488 486 457
f 488 486 451
f 488 487 409
f 488 457 495
f 488 451 457
f 488 486 451
f 483 518 484
f 483 482 518
f 483 482 481
f 483 518 484
f 483 481 422
f 483 484 422
f 483 484 422
f 483 482 422
f 483 484 485
f 483 424 481
f 483 484 420
f 483 482 420
f 483 413 485
f 483 482 413
f 483 482 414
f 483 484 418
f 483 482 418
f 483 413 410
f 483 482 413
f 483 416 414
f 483 484 416
f 483 484 416
f 483 484 418
f 483 482 418
f 483 428 484
f 483 427 428
f 483 427 428
f 483 409 410
f 483 482 409
f 483 482 409
f 498 507 492
f 498 518 492
f 498 507 518
f 498 488 507
f 498 507 518
f 498 488 500
f 498 488 507
f 498 507 525
f 498 499 500
f 498 497 499
f 498 500 398
f 498 499 500
f 498 397 500
f 498 497 398
f 498 574 397
f 498 497 574
f 498 574 397
f 498 497 401
f 498 401 399
f 498 499 399
f 498 499 401
f 498 499 401
f 498 497 401
f 498 497 499
f 498 565 500
f 498 551 555
f 432 431 484
f 432 431 481
f 432 431 486
f 432 431 477
f 432 488 431
f 432 431 477
f 432 431 474
f 432 431 501
f 432 431 474
f 432 431 504
f 432 473 472
f 432 431 473
f 432 471 472
f 432 431 360
f 432 358 359
f 432 431 359
f 432 431 358
f 432 431 358
f 432 357 356
f 432 431 357
f 432 431 354
f 432 431 354
f 432 431 348
f 432 431 351
f 432 431 348
f 432 431 350
f 429 428 484
f 429 428 481
f 429 486 428
f 429 428 477
f 429 488 486
f 429 428 477
f 429 428 361
f 429 428 501
f 429 428 361
f 429 428 504
f 429 428 359
f 429 358 428
f 429 358 357
f 429 358 428
f 429 354 351
f 429 428 351
f 429 428 351
f 429 428 350
f 426 481 479
f 426 427 479
f 426 427 481
f 426 424 481
f 426 483 424
f 426 483 427
f 426 424 363
f 426 424 363
f 426 427 363
f 426 424 423
f 426 483 424
f 426 362 363
f 426 427 362
f 426 427 362
f 426 423 366
f 426 483 484
f 426 483 427
f 426 366 420
f 426 486 423
f 426 486 484
f 426 427 486
f 426 486 420
f 426 419 366
f 426 488 486
f 426 488 427
f 426 488 419
f 426 419 366
f 426 427 366
f 426 419 368
f 426 419 368
f 426 427 368
f 426 427 368
f 426 499 419
f 426 499 419
f 426 427 499
f 426 499 501
f 426 427 499
f 95 83 94
f 95 83 96
f 95 83 94
f 95 83 96
f 95 82 166
f 95 94 82
f 95 82 166
f 95 96 166
f 95 96 82
f 95 96 166
f 95 94 85
f 95 96 85
f 95 94 169
f 95 96 169
f 95 86 94
f 95 96 86
f 95 94 170
f 95 96 170
f 95 88 96
f 95 94 170
f 95 96 170
f 95 86 94
f 95 88 94
f 95 88 86
f 95 88 94
f 95 172 94
f 95 96 172
f 95 96 729
f 95 96 53
f 95 88 53
f 95 88 96
f 95 172 94
f 95 96 172
f 95 728 94
f 95 728 729
f 95 728 96
f 95 94 173
f 95 96 173
f 95 728 722
f 95 728 96
f 95 94 175
f 95 96 175
f 95 722 94
f 95 96 722
f 95 176 94
f 95 176 96
f 95 94 721
f 95 96 721
f 95 176 94
f 95 94 719
f 95 96 719
f 95 94 178
f 95 176 178
f 95 176 96
f 95 94 719
f 95 96 719
f 95 94 178
f 95 96 178
f 95 94 717
f 95 96 717
f 95 94 180
f 95 96 180
f 95 94 716
f 95 96 716
f 95 181 94
f 95 96 181
f 95 94 716
f 95 96 716
f 95 181 94
f 95 96 181
f 95 94 714
f 95 96 714
f 95 184 94
f 95 96 184
f 95 94 714
f 95 96 714
f 95 184 186
f 95 96 184
f 95 94 713
f 95 96 713
f 95 186 94
f 95 96 186
f 95 94 711
f 95 96 711
f 95 188 94
f 95 96 188
f 95 94 711
f 95 188 189
f 95 96 188
f 95 702 711
f 95 96 702
f 95 702 94
f 95 96 189
f 95 94 191
f 95 189 191
f 95 189 94
f 95 94 193
f 95 96 193
f 95 702 94
f 95 210 702
f 95 96 210
f 95 210 702
f 95 96 702
f 95 96 210
f 95 94 193
f 95 96 193
f 95 206 94
f 95 206 96
f 95 94 197
f 95 96 197
f 95 206 203
f 95 206 96
f 95 94 197
f 95 96 197
f 95 203 94
f 95 96 203
f 95 94 198
f 95 96 198
f 95 94 202
f 95 96 202
f 93 83 94
f 93 83 92
f 93 92 173
f 93 83 94
f 93 83 92
f 93 173 82
f 93 94 173
f 93 94 173
f 93 92 173
f 93 89 94
f 93 92 89
f 93 170 82
f 93 94 170
f 93 94 170
f 93 94 175
f 93 92 175
f 93 92 86
f 93 176 94
f 93 89 94
f 93 86 94
f 93 86 89
f 93 86 94
f 93 92 86
f 93 92 175
f 93 176 175
f 93 176 94
f 93 88 94
f 93 88 92
f 93 94 178
f 93 92 178
f 93 94 178
f 93 92 178
f 93 94 709
f 93 94 711
f 93 88 711
f 93 88 709
f 93 94 180
f 93 92 180
f 93 94 711
f 93 88 711
f 93 88 709
f 93 181 94
f 93 92 181
f 93 702 709
f 93 702 94
f 93 94 713
f 93 88 713
f 93 88 702
f 93 88 92
f 93 181 94
f 93 92 181
f 93 702 94
f 93 94 714
f 93 88 714
f 93 94 183
f 93 92 183
f 93 206 94
f 93 206 92
f 93 702 207
f 93 92 207
f 93 92 702
f 93 94 714
f 93 88 714
f 93 184 94
f 93 92 184
f 93 206 203
f 93 206 92
f 93 94 716
f 93 88 716
f 93 184 186
f 93 203 94
f 93 92 203
f 93 94 716
f 93 88 716
f 93 88 94
f 93 186 94
f 93 92 186
f 93 184 186
f 93 92 186
f 93 92 184
f 93 94 202
f 93 92 202
f 93 188 94
f 93 92 188
f 93 94 198
f 93 92 198
f 93 188 189
f 93 92 188
f 93 94 197
f 93 92 197
f 93 189 94
f 93 92 189
f 93 94 197
f 93 92 197
f 93 94 191
f 93 92 191
f 93 94 193
f 93 92 193
f 93 94 193
f 93 92 193
f 605 547 543
f 605 608 547
f 605 534 537
f 605 534 608
f 605 534 533
f 605 534 608
f 605 552 602
f 605 608 552
f 605 530 533
f 605 530 608
f 605 695 698
f 605 608 695
f 605 694 695
f 605 694 608
f 605 694 693
f 605 694 608
f 540 616 612
f 540 616 537
f 540 605 608
f 540 605 608
f 540 616 543
f 540 616 537
f 540 605 543
f 540 605 537
f 540 600 543
f 540 600 537
f 540 600 598
f 540 600 537
f 540 595 598
f 540 595 537
f 540 595 543
f 540 595 537
f 549 613 612
f 549 605 608
f 549 605 608
f 549 613 616
f 549 605 547
f 549 605 552
f 549 616 547
f 549 600 547
f 549 600 552
f 549 600 598
f 549 600 552
f 549 595 598
f 549 595 552
f 549 595 547
f 549 595 552
f 549 575 547
f 549 575 552
f 611 613 680
f 611 613 682
f 611 613 682
f 611 682 612
f 611 684 612
f 611 686 684
f 596 696 598
f 596 595 598
f 596 595 696
f 596 695 696
f 596 595 695
f 596 694 595
f 596 595 572
f 596 595 598
f 594 695 593
f 594 595 593
f 594 595 695
f 594 694 695
f 594 694 595
f 594 694 593
f 594 596 694
f 594 596 692
f 594 694 693
f 594 596 693
f 594 596 694
f 594 591 692
f 594 591 593
f 594 575 593
f 594 595 593
f 594 596 595
f 594 688 591
f 594 575 591
f 594 575 591
f 594 688 591
f 594 577 591
f 594 591 685
f 594 577 591
f 594 591 674
f 594 660 591
f 594 660 591
f 594 591 669
f 594 591 662
f 594 591 663
f 594 591 662
f 590 547 543
f 590 586 547
f 590 540 543
f 590 540 586
f 590 549 547
f 590 549 586
f 590 540 537
f 590 540 586
f 590 549 552
f 590 549 586
f 590 534 537
f 590 534 586
f 590 534 533
f 590 534 586
f 590 530 533
f 590 530 586
f 590 562 559
f 590 562 586
f 590 562 586
f 590 522 592
f 590 520 522
f 590 592 699
f 590 592 698
f 590 591 592
f 590 575 591
f 590 591 698
f 590 575 572
f 590 586 572
f 590 586 575
f 590 575 591
f 590 586 575
f 579 575 547
f 579 549 575
f 579 534 532
f 579 549 575
f 579 534 535
f 579 524 576
f 579 575 532
f 579 535 575
f 579 577 518
f 579 577 578
f 579 577 517
f 579 517 516
f 579 511 578
f 579 511 513
f 579 510 511
f 579 510 509
f 579 507 509
f 579 507 396
f 633 631 544
f 633 540 631
f 633 534 537
f 633 534 631
f 633 534 533
f 633 534 631
f 633 530 533
f 633 530 631
f 633 682 678
f 633 631 682
f 633 675 678
f 633 631 675
f 633 670 675
f 633 631 670
f 633 670 665
f 633 670 666
f 614 554 616
f 614 613 554
f 614 552 616
f 614 613 552
f 614 613 552
f 614 611 562
f 614 611 679
f 614 611 613
f 614 682 680
f 614 613 680
f 614 613 682
f 614 613 682
f 614 686 616
f 614 686 613
f 614 613 616
f 614 686 616
f 614 686 613
f 571 647 646
f 571 456 647
f 571 647 574
f 571 456 647
f 571 456 650
f 571 568 467
f 571 473 568
f 571 214 467
f 571 507 503
f 571 476 473
f 571 473 214
f 571 473 574
f 571 500 503
f 571 507 506
f 571 572 511
f 571 473 574
f 571 476 473
f 571 498 500
f 571 518 572
f 571 482 480
f 571 498 497
f 571 498 574
f 571 482 485
f 571 482 480
f 571 398 399
f 571 574 398
f 571 498 497
f 571 487 485
f 571 482 485
f 571 492 398
f 571 492 574
f 571 492 490
f 571 487 490
f 571 487 485
f 571 492 490
f 571 599 601
f 571 487 490
f 642 456 455
f 642 454 455
f 642 454 643
f 642 454 453
f 642 454 641
f 642 451 453
f 642 451 643
f 642 451 643
f 623 554 622
f 623 624 554
f 623 624 554
f 623 622 552
f 623 624 552
f 623 624 552
f 623 549 625
f 623 544 547
f 623 544 625
f 623 544 625
f 623 540 625
f 623 686 682
f 623 682 625
f 623 624 625
f 623 540 537
f 623 686 625
f 623 622 675
f 623 624 675
f 623 624 622
f 623 534 537
f 623 534 625
f 623 625 693
f 623 625 693
f 623 530 625
f 619 554 618
f 619 620 554
f 619 620 617
f 619 552 618
f 619 617 678
f 619 620 617
f 619 679 678
f 619 682 679
f 621 554 622
f 621 620 554
f 621 622 552
f 621 619 552
f 621 619 620
f 621 623 622
f 621 623 549
f 621 620 622
f 621 619 620
f 621 549 547
f 621 619 549
f 621 623 547
f 621 623 622
f 621 623 682
f 621 623 686
f 621 682 679
f 621 619 679
f 621 619 682
f 621 547 543
f 621 686 682
f 621 619 682
f 621 540 543
f 621 623 540
f 621 686 689
f 621 623 686
f 621 540 537
f 621 623 540
f 621 693 689
f 621 623 693
f 621 534 537
f 621 623 534
f 621 693 698
f 621 623 693
f 621 534 533
f 621 623 534
f 621 530 533
f 621 623 530
f 563 600 566
f 563 562 600
f 563 595 566
f 563 562 595
f 563 562 600
f 563 595 566
f 563 562 566
f 563 562 595
f 563 562 545
f 563 614 611
f 563 562 620
f 563 562 620
f 637 662 665
f 637 641 565
f 637 641 574
f 637 641 582
f 637 662 665
f 637 571 641
f 637 456 641
f 637 571 641
f 637 660 659
f 637 456 457
f 526 455 457
f 526 639 453
f 526 524 466
f 526 524 466
f 526 451 453
f 526 451 522
f 526 451 522
f 526 466 469
f 526 466 525
f 531 532 465
f 531 530 465
f 531 461 532
f 531 530 461
f 531 466 532
f 531 530 466
f 531 461 532
f 531 466 532
f 531 532 469
f 531 530 586
f 531 530 457
f 531 532 469
f 531 532 471
f 531 532 471
f 645 454 643
f 645 454 644
f 645 454 646
f 645 454 456
f 645 452 644
f 645 452 646
f 645 452 646
f 645 454 456
f 645 642 456
f 645 642 456
f 645 642 454
f 645 642 454
f 645 637 659
f 645 456 641
f 645 571 641
f 645 571 456
f 645 571 456
f 645 650 646
f 645 637 660
f 645 571 641
f 645 571 646
f 645 641 574
f 645 646 574
f 645 641 582
f 645 646 582
f 645 647 582
f 645 647 646
f 645 647 646
f 649 454 648
f 649 454 650
f 649 648 338
f 649 454 456
f 649 454 456
f 649 338 25
f 649 650 338
f 649 648 25
f 649 571 456
f 649 571 456
f 649 648 24
f 649 650 24
f 649 571 574
f 649 571 650
f 649 648 24
f 649 650 24
f 649 574 648
f 649 650 574
f 649 582 648
f 649 650 582
f 649 650 22
f 649 651 644
f 649 650 651
f 649 650 651
f 649 645 646
f 649 645 650
f 649 647 646
f 649 647 650
f 649 647 650
f 655 670 678
f 655 678 689
f 655 15 14
f 655 13 14
f 521 522 466
f 521 520 466
f 521 520 522
f 521 520 469
f 521 520 475
f 521 524 475
f 521 524 477
f 521 518 477
f 521 520 518
f 521 524 477
f 521 579 524
f 521 518 477
f 521 524 480
f 521 579 577
f 521 518 481
f 521 480 481
f 521 520 586
f 521 575 576
f 521 524 576
f 521 575 518
f 521 577 518
f 521 579 577
f 521 579 520
f 521 482 518
f 521 482 480
f 521 575 572
f 521 482 480
f 521 524 480
f 521 483 482
f 521 572 525
f 521 492 490
f 521 518 492
f 521 487 490
f 521 518 487
f 521 483 518
f 521 482 525
f 521 483 482
f 521 567 525
f 521 518 567
f 521 498 492
f 521 498 518
f 521 498 518
f 521 487 525
f 521 518 487
f 521 566 567
f 521 566 518
f 521 545 555
f 521 545 518
f 450 452 340
f 450 452 451
f 450 449 340
f 450 449 451
f 450 452 341
f 450 449 341
f 450 449 451
f 450 451 457
f 450 452 451
f 450 449 448
f 450 454 342
f 450 452 454
f 450 448 342
f 450 449 448
f 450 454 457
f 450 452 454
f 450 454 343
f 450 343 448
f 450 345 448
f 450 345 448
f 450 454 343
f 450 343 448
f 450 454 456
f 450 458 456
f 450 448 347
f 450 454 345
f 450 454 345
f 450 454 347
f 450 448 348
f 450 456 441
f 450 456 424
f 450 456 424
f 450 448 364
f 450 448 356
f 450 454 356
f 450 454 352
f 450 352 348
f 450 448 352
f 450 424 441
f 450 424 445
f 450 456 364
f 450 456 364
f 450 454 456
f 450 448 352
f 450 454 352
f 450 364 445
f 450 448 364
f 687 688 685
f 687 686 685
f 687 688 714
f 687 686 714
f 687 688 713
f 687 686 713
f 687 599 688
f 687 599 601
f 687 599 601
f 677 729 674
f 677 728 729
f 677 728 729
f 677 728 211
f 677 211 681
f 677 674 211
f 677 728 674
f 677 582 681
f 677 674 582
f 677 585 582
f 677 585 674
f 677 728 724
f 677 594 591
f 677 594 591
f 677 723 724
f 677 680 723
f 677 676 725
f 677 728 725
f 677 728 676
f 677 723 676
f 677 601 680
f 677 599 601
f 677 599 601
f 677 722 680
f 677 679 722
f 677 678 723
f 677 722 678
f 677 679 722
f 677 614 611
f 677 617 678
f 249 319 250
f 249 248 250
f 249 248 319
f 249 319 320
f 249 248 319
f 249 321 320
f 249 248 321
f 249 248 321
f 249 321 322
f 249 248 322
f 249 321 251
f 249 321 250
f 249 325 251
f 249 325 247
f 249 248 247
f 249 325 326
f 249 325 326
f 249 326 251
f 249 182 179
f 249 182 185
f 249 247 329
f 249 251 329
f 249 327 247
f 249 327 326
f 249 327 326
f 249 177 174
f 249 177 174
f 249 178 177
f 249 178 177
f 249 178 179
f 249 182 251
f 249 186 185
f 249 182 185
f 249 247 331
f 249 251 331
f 249 173 174
f 249 173 174
f 249 178 251
f 249 186 187
f 249 248 187
f 249 186 185
f 249 186 250
f 249 186 250
f 249 247 154
f 249 251 154
f 249 173 170
f 249 173 170
f 249 248 187
f 249 247 159
f 249 251 159
f 249 170 169
f 249 170 169
f 249 188 187
f 249 188 250
f 249 188 250
f 249 250 191
f 249 248 191
f 249 160 247
f 249 251 160
f 249 169 247
f 249 169 251
f 249 250 191
f 249 248 191
f 249 248 250
f 249 160 247
f 249 251 160
f 249 251 168
f 249 165 168
f 249 165 247
f 249 165 247
f 204 248 203
f 204 205 203
f 204 205 248
f 204 248 203
f 204 205 248
f 204 203 246
f 204 205 246
f 204 205 243
f 204 243 240
f 204 203 243
f 204 205 240
f 204 240 202
f 204 205 238
f 204 237 202
f 204 237 238
f 204 237 202
f 204 205 234
f 204 203 202
f 204 205 203
f 204 202 235
f 204 234 235
f 204 205 233
f 204 233 234
f 204 202 201
f 204 149 201
f 204 149 148
f 204 205 148
f 204 205 149
f 204 233 232
f 204 233 232
f 204 205 233
f 204 232 201
f 204 232 231
f 204 205 231
f 204 205 226
f 204 149 200
f 204 189 149
f 204 184 189
f 204 227 201
f 204 227 200
f 204 226 227
f 204 226 223
f 204 226 223
f 204 205 226
f 204 189 199
f 204 181 184
f 204 184 188
f 204 227 228
f 204 205 227
f 204 219 223
f 204 219 223
f 204 181 149
f 204 205 149
f 204 181 184
f 204 188 189
f 204 184 188
f 204 229 228
f 204 205 229
f 204 205 229
f 204 219 215
f 204 219 199
f 204 219 199
f 204 199 193
f 204 189 193
f 204 189 199
f 204 189 191
f 204 189 208
f 204 212 215
f 204 212 199
f 204 212 199
f 204 199 195
f 204 199 208
f 204 195 191
f 204 208 195
f 220 221 218
f 220 219 221
f 220 218 334
f 220 221 334
f 220 218 335
f 220 219 218
f 220 35 335
f 220 219 35
f 220 139 334
f 220 35 334
f 220 219 35
f 220 219 139
f 220 139 334
f 220 221 334
f 220 219 139
f 220 221 141
f 220 219 141
f 220 221 142
f 220 219 142
f 220 221 142
f 220 219 142
f 220 221 145
f 220 219 145
f 220 221 146
f 220 219 146
f 220 221 147
f 220 219 147
f 220 221 148
f 220 219 148
f 220 221 149
f 220 219 149
f 220 221 149
f 220 149 151
f 220 219 149
f 220 221 151
f 220 221 152
f 220 219 152
f 220 219 153
f 220 153 156
f 220 221 156
f 220 221 153
f 220 221 156
f 220 219 156
f 220 219 158
f 220 223 158
f 220 221 223
f 220 219 161
f 220 223 158
f 220 161 158
f 220 219 162
f 220 223 161
f 220 223 162
f 220 219 162
f 220 223 162
f 220 219 163
f 220 223 163
f 220 219 166
f 220 223 166
f 220 219 167
f 220 223 167
f 220 219 221
f 220 223 167
f 220 167 169
f 220 219 167
f 220 223 169
f 220 223 170
f 220 219 170
f 220 223 170
f 220 219 170
f 220 223 173
f 220 172 173
f 220 219 172
f 220 219 172
f 220 223 173
f 220 219 173
f 220 175 223
f 220 219 175
f 220 175 223
f 220 219 175
f 220 178 223
f 220 219 178
f 220 178 223
f 220 219 178
f 220 182 223
f 220 219 182
f 220 219 182
f 491 488 492
f 491 488 416
f 491 413 414
f 491 416 419
f 491 488 419
f 491 488 416
f 491 426 488
f 491 426 488
f 491 490 409
f 491 488 427
f 491 408 490
f 491 408 490
f 491 492 408
f 491 498 488
f 491 429 488
f 491 490 405
f 491 492 405
f 491 492 490
f 491 432 488
f 491 488 435
f 491 488 435
f 489 487 490
f 489 488 487
f 489 408 490
f 489 487 408
f 489 408 490
f 489 487 408
f 489 488 487
f 489 490 409
f 489 488 409
f 489 491 410
f 489 491 490
f 489 410 411
f 489 488 410
f 489 491 411
f 489 491 488
f 489 488 413
f 489 491 413
f 489 488 413
f 489 491 413
f 489 488 414
f 489 491 414
f 489 491 488
f 433 484 481
f 433 432 484
f 433 481 434
f 433 432 481
f 433 486 484
f 433 432 486
f 433 477 434
f 433 432 477
f 433 488 486
f 433 432 488
f 433 477 434
f 433 432 477
f 433 491 488
f 433 491 432
f 433 474 434
f 433 432 474
f 433 432 474
f 433 434 501
f 433 432 501
f 433 474 434
f 433 474 473
f 433 432 473
f 433 504 434
f 433 432 504
f 433 471 434
f 433 432 471
f 433 471 434
f 433 434 425
f 433 471 425
f 433 432 471
f 433 432 360
f 433 361 360
f 433 361 434
f 433 361 434
f 433 358 434
f 433 432 358
f 433 358 357
f 433 432 358
f 433 357 434
f 433 432 357
f 433 434 356
f 433 432 356
f 433 354 434
f 433 432 354
f 433 434 347
f 433 432 354
f 433 434 348
f 433 432 348
f 433 353 434
f 433 354 353
f 433 354 353
f 433 434 351
f 433 432 351
f 433 434 348
f 433 432 348
f 433 434 350
f 433 432 350
f 430 431 484
f 430 429 484
f 430 431 481
f 430 429 481
f 430 431 486
f 430 429 486
f 430 431 477
f 430 429 477
f 430 488 431
f 430 429 488
f 430 431 477
f 430 491 488
f 430 491 429
f 430 476 477
f 430 431 475
f 430 476 475
f 430 476 477
f 430 429 477
f 430 429 361
f 430 431 501
f 430 429 501
f 430 361 360
f 430 431 360
f 430 429 361
f 430 431 504
f 430 429 504
f 430 431 359
f 430 429 359
f 430 431 358
f 430 429 358
f 430 431 358
f 430 429 358
f 430 431 357
f 430 429 357
f 430 431 354
f 430 429 354
f 430 431 354
f 430 429 354
f 430 431 351
f 430 429 351
f 430 431 350
f 430 429 350
f 430 431 348
f 430 429 348
f 560 562 559
f 560 605 559
f 560 605 562
f 560 611 562
f 560 614 613
f 560 614 562
f 560 613 559
f 560 611 559
f 560 611 613
f 560 620 617
f 560 620 622
f 610 540 537
f 610 540 608
f 610 534 537
f 610 534 608
f 610 540 612
f 610 540 608
f 610 534 612
f 610 534 608
f 610 612 547
f 610 608 547
f 610 530 612
f 610 530 608
f 610 549 612
f 610 549 608
f 610 549 552
f 610 549 608
f 610 552 612
f 610 608 552
f 610 554 612
f 610 608 554
f 610 695 612
f 610 608 695
f 610 694 695
f 610 694 608
f 610 694 612
f 610 694 608
f 610 611 559
f 610 690 612
f 610 608 690
f 610 690 612
f 610 608 690
f 610 560 611
f 610 686 612
f 610 611 686
f 610 560 611
f 610 687 686
f 610 611 686
f 541 540 625
f 541 633 631
f 541 633 540
f 541 457 543
f 541 540 457
f 541 540 458
f 541 579 575
f 541 579 540
f 626 540 537
f 626 540 631
f 626 534 537
f 626 534 631
f 626 541 540
f 626 541 540
f 626 534 625
f 626 534 631
f 626 541 625
f 626 541 631
f 626 530 625
f 626 530 631
f 626 544 625
f 626 631 544
f 626 631 670
f 626 628 671
f 626 549 625
f 626 628 549
f 626 671 670
f 626 625 675
f 626 631 675
f 626 633 631
f 626 682 625
f 626 631 682
f 626 633 682
f 626 686 682
f 626 686 682
f 626 552 625
f 626 686 689
f 626 686 625
f 626 693 689
f 626 625 693
f 626 625 693
f 478 535 480
f 478 476 535
f 478 476 422
f 478 476 477
f 478 480 418
f 478 476 418
f 478 551 480
f 478 476 551
f 478 480 418
f 478 480 525
f 478 422 418
f 478 480 410
f 478 476 410
f 478 480 554
f 478 476 554
f 478 480 422
f 478 480 422
f 478 524 477
f 478 524 525
f 478 524 525
f 478 480 410
f 478 476 410
f 478 424 422
f 478 424 477
f 478 480 405
f 478 476 405
f 478 477 479
f 478 424 479
f 478 424 477
f 478 571 480
f 478 476 399
f 478 571 399
f 478 571 476
f 478 571 480
f 478 571 476
f 478 480 565
f 478 476 565
f 550 613 552
f 550 549 552
f 550 549 613
f 550 613 552
f 550 549 613
f 550 552 616
f 550 549 616
f 550 619 552
f 550 619 549
f 550 621 619
f 550 621 619
f 550 621 623
f 550 621 623
f 550 623 552
f 550 623 549
f 550 626 552
f 550 626 549
f 550 551 552
f 550 628 551
f 550 552 572
f 550 549 572
f 550 549 552
f 550 458 551
f 550 549 458
f 548 458 457
f 548 549 458
f 548 545 547
f 548 549 547
f 548 545 572
f 548 549 572
f 548 545 464
f 548 550 549
f 548 464 465
f 548 545 465
f 548 551 464
f 548 550 551
f 548 550 551
f 548 545 467
f 548 551 467
f 548 545 566
f 548 551 566
f 548 545 482
f 548 545 482
f 548 545 473
f 548 551 473
f 548 562 545
f 548 562 551
f 548 498 545
f 548 498 551
f 548 478 545
f 548 551 482
f 548 545 487
f 548 551 482
f 548 476 545
f 548 476 551
f 548 562 545
f 548 562 551
f 548 545 500
f 548 551 500
f 548 545 492
f 548 551 492
f 548 478 476
f 548 551 487
f 548 545 487
f 548 478 551
f 548 478 476
f 548 545 518
f 548 551 518
f 548 545 507
f 548 551 507
f 548 551 487
f 548 545 518
f 548 551 518
f 548 545 507
f 548 551 507
f 548 545 511
f 548 551 511
f 597 694 695
f 597 596 695
f 597 596 694
f 597 694 598
f 597 596 694
f 597 598 693
f 597 596 693
f 597 596 692
f 597 599 692
f 597 599 598
f 597 599 690
f 597 688 690
f 597 599 688
f 597 594 688
f 597 594 596
f 597 594 688
f 597 599 688
f 597 594 685
f 597 599 598
f 597 596 572
f 597 596 598
f 597 599 684
f 597 684 685
f 597 677 594
f 597 599 684
f 597 677 599
f 597 677 594
f 597 594 596
f 597 577 576
f 597 599 577
f 597 677 599
f 597 594 674
f 597 575 576
f 597 594 575
f 597 594 577
f 597 599 674
f 597 594 669
f 597 599 577
f 597 594 577
f 597 599 669
f 597 594 663
f 597 594 582
f 597 599 662
f 597 599 662
f 597 594 662
f 597 594 662
f 597 599 663
f 597 660 599
f 597 594 660
f 597 660 599
f 597 594 660
f 597 645 637
f 588 590 698
f 588 585 696
f 588 585 695
f 588 585 695
f 580 581 582
f 580 396 578
f 580 579 396
f 580 581 396
f 580 394 578
f 580 701 394
f 580 701 394
f 580 701 700
f 580 581 700
f 580 701 700
f 580 581 700
f 580 581 507
f 580 579 507
f 580 581 507
f 580 579 507
f 580 581 510
f 580 579 510
f 580 581 510
f 580 579 510
f 580 581 511
f 580 579 511
f 580 521 579
f 580 581 513
f 580 579 513
f 580 579 520
f 580 579 516
f 580 579 518
f 580 579 517
f 539 579 540
f 539 541 540
f 539 473 471
f 539 541 468
f 539 541 468
f 539 541 465
f 539 466 465
f 539 541 464
f 538 539 579
f 538 539 579
f 538 537 457
f 538 540 457
f 538 540 458
f 538 633 540
f 538 539 464
f 538 539 464
f 538 539 466
f 538 539 466
f 538 539 468
f 538 539 468
f 536 579 535
f 536 538 579
f 536 538 579
f 536 538 539
f 536 538 468
f 536 535 471
f 536 539 575
f 536 469 468
f 536 535 469
f 536 535 469
f 536 535 468
f 536 538 468
f 536 539 471
f 536 538 539
f 536 535 473
f 536 575 532
f 536 535 575
f 536 539 572
f 536 539 492
f 536 535 487
f 536 539 487
f 536 535 466
f 536 538 466
f 536 539 473
f 536 492 532
f 536 535 532
f 536 535 487
f 536 539 487
f 536 535 466
f 536 538 466
f 536 539 476
f 536 535 474
f 536 476 474
f 536 476 535
f 536 478 476
f 536 539 566
f 536 498 492
f 536 539 498
f 536 535 482
f 536 539 482
f 536 535 464
f 536 538 464
f 536 539 478
f 536 478 535
f 536 539 518
f 536 498 532
f 536 539 500
f 536 535 482
f 536 539 482
f 536 535 464
f 536 538 464
f 536 538 537
f 536 539 478
f 536 539 563
f 536 539 511
f 536 532 500
f 536 539 507
f 536 461 537
f 536 535 461
f 536 507 532
f 536 539 507
f 536 507 532
f 635 633 544
f 635 457 543
f 635 544 457
f 635 541 543
f 635 541 633
f 635 545 544
f 635 541 540
f 635 541 633
f 635 538 540
f 635 538 633
f 635 548 457
f 635 633 537
f 635 538 537
f 635 538 633
f 635 456 457
f 635 637 456
f 635 633 665
f 635 637 665
f 546 545 544
f 546 633 631
f 546 633 631
f 546 635 545
f 546 635 457
f 546 635 545
f 546 544 625
f 546 626 625
f 546 626 544
f 546 458 457
f 546 458 545
f 546 548 545
f 632 549 631
f 632 633 631
f 632 633 549
f 632 550 549
f 632 550 633
f 632 550 551
f 632 666 665
f 632 633 670
f 632 633 631
f 632 670 666
f 629 628 551
f 629 628 552
f 629 550 628
f 629 628 554
f 629 550 628
f 629 628 549
f 629 628 554
f 629 632 554
f 629 560 628
f 629 670 668
f 629 668 667
f 629 670 668
f 629 666 667
f 629 632 666
f 629 632 666
f 629 563 628
f 629 668 669
f 629 671 670
f 629 628 671
f 629 628 671
f 629 620 617
f 629 628 620
f 629 620 671
f 629 620 671
f 629 620 567
f 629 628 620
f 629 620 567
f 629 645 660
f 629 597 645
f 629 597 645
f 615 560 614
f 615 617 559
f 615 560 617
f 615 560 614
f 615 617 679
f 615 617 616
f 615 677 617
f 615 563 562
f 615 563 614
f 615 677 679
f 615 677 614
f 615 616 679
f 615 614 679
f 615 677 617
f 615 682 616
f 615 614 682
f 615 617 674
f 615 677 674
f 615 563 614
f 615 682 616
f 615 614 616
f 615 614 682
f 615 617 674
f 615 677 611
f 615 677 614
f 615 620 566
f 615 620 617
f 615 611 566
f 615 611 674
f 615 672 617
f 615 620 566
f 615 611 566
f 615 611 669
f 615 672 669
f 615 672 617
f 615 620 567
f 615 629 669
f 615 629 617
f 615 629 620
f 615 629 571
f 615 629 571
f 615 629 663
f 615 629 574
f 558 620 622
f 558 629 628
f 558 629 560
f 558 629 632
f 558 560 637
f 558 560 458
f 558 464 555
f 558 555 467
f 558 473 555
f 558 562 559
f 558 560 562
f 558 476 473
f 558 478 476
f 558 478 480
f 558 518 555
f 558 482 480
f 558 555 511
f 558 482 555
f 558 507 555
f 558 487 555
f 558 507 555
f 558 487 490
f 558 555 500
f 558 492 490
f 558 498 555
f 573 571 572
f 573 571 507
f 573 574 511
f 573 572 511
f 573 510 574
f 573 507 510
f 573 507 510
f 573 507 574
f 573 571 507
f 573 518 572
f 573 599 601
f 573 599 601
f 573 574 506
f 573 571 506
f 573 575 574
f 573 575 518
f 573 597 599
f 573 597 599
f 573 574 500
f 573 571 500
f 573 571 574
f 573 597 575
f 573 521 518
f 573 521 575
f 573 521 575
f 573 594 575
f 573 597 594
f 573 597 594
f 564 600 566
f 564 563 600
f 564 563 600
f 564 566 518
f 564 518 565
f 564 521 566
f 564 521 563
f 564 615 611
f 564 615 563
f 564 511 565
f 564 521 566
f 564 521 563
f 564 615 617
f 564 615 563
f 564 507 511
f 564 620 617
f 564 563 620
f 564 628 620
f 564 629 628
f 564 629 563
f 564 629 632
f 564 637 456
f 564 637 563
f 564 458 456
f 564 482 480
f 564 464 565
f 564 478 480
f 564 565 467
f 564 478 476
f 564 473 565
f 564 476 473
f 603 605 562
f 603 563 562
f 603 564 563
f 603 564 566
f 603 601 566
f 603 601 566
f 603 687 601
f 603 687 601
f 603 601 688
f 603 601 690
f 603 601 690
f 603 690 602
f 603 693 602
f 603 605 693
f 607 564 566
f 607 615 571
f 607 573 571
f 607 615 574
f 607 629 662
f 607 629 662
f 607 629 660
f 607 629 660
f 607 629 645
f 607 629 582
f 607 615 629
f 607 629 597
f 607 687 686
f 607 687 608
f 638 660 639
f 638 637 660
f 638 639 456
f 638 637 456
f 638 637 660
f 638 639 456
f 638 660 665
f 638 660 639
f 638 637 665
f 638 456 455
f 638 637 456
f 638 639 455
f 638 639 665
f 638 637 665
f 638 455 457
f 638 637 457
f 527 530 455
f 527 526 455
f 527 530 455
f 527 526 455
f 527 530 639
f 527 526 639
f 527 526 461
f 527 530 639
f 527 526 639
f 527 633 530
f 527 526 633
f 527 466 465
f 527 526 466
f 527 633 530
f 527 526 633
f 527 526 466
f 527 626 530
f 527 626 526
f 527 526 469
f 527 626 530
f 527 626 526
f 527 623 530
f 527 526 623
f 527 525 469
f 527 526 525
f 527 621 623
f 527 526 621
f 527 525 471
f 527 621 530
f 527 526 621
f 527 530 616
f 527 526 616
f 527 530 616
f 527 526 616
f 527 610 530
f 527 610 526
f 527 590 530
f 527 526 590
f 527 610 530
f 527 610 526
f 527 590 530
f 527 526 590
f 527 605 530
f 527 526 605
f 527 530 595
f 527 526 595
f 527 605 530
f 527 526 605
f 527 530 595
f 527 526 595
f 527 530 600
f 527 526 600
f 527 530 600
f 527 526 600
f 523 522 457
f 523 526 457
f 523 526 522
f 523 526 524
f 523 590 522
f 523 595 522
f 523 526 595
f 523 526 590
f 523 526 590
f 523 522 466
f 523 524 466
f 523 595 522
f 523 526 595
f 523 522 466
f 523 524 466
f 523 522 600
f 523 526 600
f 523 521 522
f 523 522 600
f 523 526 600
f 523 524 469
f 523 521 469
f 523 521 524
f 523 521 579
f 587 526 524
f 587 526 590
f 587 526 590
f 587 523 524
f 587 523 590
f 587 523 586
f 587 523 590
f 587 520 586
f 587 590 520
f 587 520 586
f 587 590 520
f 587 588 590
f 587 586 699
f 587 590 699
f 587 588 590
f 587 586 698
f 587 588 698
f 587 588 698
f 587 585 698
f 587 585 586
f 587 588 585
f 587 588 585
f 653 337 24
f 653 647 646
f 653 18 17
f 653 670 678
f 653 670 644
f 653 682 678
f 657 456 574
f 657 597 645
f 657 645 642
f 657 645 642
f 657 665 703
f 657 10 9
f 657 11 10
f 657 11 12
f 493 491 498
f 493 409 411
f 493 411 495
f 493 491 411
f 493 491 410
f 493 488 500
f 493 498 500
f 493 498 488
f 493 408 409
f 493 409 410
f 493 491 413
f 493 491 409
f 493 495 440
f 493 488 440
f 493 495 436
f 493 488 436
f 493 491 488
f 493 408 495
f 493 492 408
f 493 491 408
f 493 491 492
f 493 495 412
f 493 413 412
f 493 491 413
f 493 495 447
f 493 488 447
f 493 435 495
f 493 491 435
f 493 495 407
f 493 416 495
f 493 491 416
f 493 451 495
f 493 488 451
f 493 488 451
f 493 435 434
f 493 491 435
f 493 405 407
f 493 492 405
f 493 416 419
f 493 491 416
f 493 433 434
f 493 433 491
f 493 492 404
f 493 426 419
f 493 491 426
f 493 433 432
f 493 433 491
f 493 426 427
f 493 491 426
f 493 432 431
f 493 491 432
f 493 427 428
f 493 491 427
f 493 430 431
f 493 430 491
f 493 429 428
f 493 491 429
f 493 430 429
f 493 430 491
f 556 610 608
f 556 605 559
f 556 610 554
f 556 600 559
f 556 608 554
f 556 605 608
f 556 613 554
f 556 600 559
f 556 605 602
f 556 614 613
f 556 600 602
f 556 554 559
f 556 614 554
f 556 600 598
f 556 595 559
f 556 615 614
f 556 617 554
f 556 595 598
f 556 595 559
f 556 617 554
f 556 595 592
f 556 590 559
f 556 619 554
f 556 590 586
f 556 619 617
f 556 619 620
f 556 552 592
f 556 590 552
f 556 621 620
f 556 590 586
f 556 562 554
f 556 562 554
f 556 554 622
f 556 621 554
f 556 621 620
f 556 562 559
f 556 624 622
f 556 562 552
f 556 562 552
f 556 579 575
f 556 552 572
f 556 559 572
f 556 629 628
f 556 575 552
f 556 575 559
f 556 629 632
f 609 560 608
f 609 610 608
f 609 610 560
f 609 560 562
f 609 610 560
f 609 607 562
f 609 607 563
f 609 563 611
f 609 610 611
f 609 607 564
f 609 564 563
f 609 611 680
f 609 611 682
f 609 564 611
f 609 607 564
f 609 607 680
f 609 611 682
f 609 611 679
f 609 611 566
f 609 607 566
f 609 682 683
f 609 607 683
f 609 611 684
f 609 610 611
f 609 677 679
f 609 607 677
f 609 677 611
f 609 611 566
f 609 607 566
f 609 607 684
f 609 610 686
f 609 677 611
f 609 607 677
f 609 607 567
f 609 607 684
f 609 686 684
f 609 687 686
f 609 610 687
f 609 611 674
f 609 607 674
f 609 615 567
f 609 615 611
f 609 607 686
f 609 607 686
f 609 687 608
f 609 610 608
f 609 610 687
f 609 611 669
f 609 607 669
f 609 607 569
f 609 607 669
f 609 607 615
f 609 615 669
f 609 615 611
f 609 615 663
f 609 607 663
f 609 615 629
f 609 607 629
f 609 607 615
f 542 458 457
f 542 541 457
f 542 541 458
f 542 461 544
f 542 541 464
f 542 544 464
f 542 541 465
f 542 544 465
f 542 541 468
f 542 541 468
f 542 468 467
f 542 544 467
f 542 575 544
f 542 541 575
f 542 545 473
f 542 545 544
f 542 539 473
f 542 539 541
f 542 575 544
f 542 476 545
f 542 539 476
f 542 545 544
f 542 539 575
f 542 539 541
f 542 478 476
f 542 539 478
f 542 478 545
f 542 539 478
f 542 545 572
f 542 539 572
f 542 545 492
f 542 545 482
f 542 539 482
f 542 545 566
f 542 539 566
f 542 545 500
f 542 545 507
f 542 539 507
f 542 539 500
f 542 545 487
f 542 539 492
f 542 498 545
f 542 545 482
f 542 539 482
f 542 563 545
f 542 539 563
f 542 545 507
f 542 539 507
f 542 539 498
f 542 545 487
f 542 539 487
f 542 539 487
f 542 536 539
f 542 545 511
f 542 539 511
f 542 563 545
f 542 536 563
f 542 545 518
f 542 539 518
f 542 536 518
f 542 536 539
f 542 521 518
f 542 521 545
f 542 521 545
f 627 626 628
f 627 550 628
f 627 550 626
f 627 550 628
f 627 550 626
f 627 628 552
f 627 626 552
f 627 628 554
f 627 624 554
f 627 624 625
f 627 626 625
f 627 624 554
f 627 628 554
f 627 624 625
f 627 626 625
f 627 556 624
f 627 556 628
f 627 672 624
f 627 672 624
f 627 672 671
f 627 626 671
f 627 626 628
f 627 558 628
f 627 672 671
f 627 628 671
f 627 558 622
f 627 558 624
f 627 560 622
f 627 560 628
f 627 563 562
f 627 563 628
f 627 628 620
f 627 563 620
f 627 564 628
f 627 564 563
f 627 564 563
f 460 458 551
f 460 458 554
f 460 545 461
f 460 458 554
f 460 461 544
f 460 542 461
f 460 542 541
f 460 541 540
f 460 539 540
f 460 564 458
f 460 538 539
f 460 458 565
f 460 538 461
f 460 458 456
f 460 571 456
f 460 571 456
f 460 456 574
f 460 450 458
f 460 456 217
f 460 456 218
f 460 456 364
f 460 456 218
f 460 456 356
f 460 328 352
f 460 456 352
f 460 456 352
f 459 550 549
f 459 548 549
f 459 548 550
f 459 460 548
f 459 550 458
f 459 460 458
f 459 460 550
f 459 460 546
f 459 548 458
f 459 546 458
f 459 546 548
f 459 546 458
f 459 460 546
f 459 458 545
f 459 460 545
f 459 458 544
f 459 460 544
f 459 542 458
f 459 460 542
f 459 542 541
f 459 460 542
f 459 541 540
f 459 460 541
f 459 460 539
f 459 538 540
f 459 538 539
f 459 460 538
f 459 460 538
f 459 538 537
f 459 538 458
f 459 535 537
f 459 536 535
f 459 534 535
f 459 536 461
f 459 460 461
f 459 536 535
f 459 534 535
f 459 534 457
f 459 534 461
f 459 531 457
f 459 531 461
f 459 531 530
f 459 531 530
f 459 527 530
f 459 460 461
f 459 450 458
f 459 460 450
f 459 527 526
f 459 527 526
f 459 461 448
f 459 450 448
f 459 460 450
f 459 523 526
f 459 449 448
f 459 523 522
f 459 526 461
f 459 523 526
f 459 451 457
f 459 449 451
f 459 448 463
f 459 449 448
f 459 522 463
f 459 522 457
f 459 523 522
f 459 451 463
f 459 449 451
f 459 457 515
f 459 516 515
f 459 463 516
f 459 463 516
f 459 463 515
f 459 457 515
f 459 457 463
f 462 548 550
f 462 550 551
f 462 548 545
f 462 460 548
f 462 460 550
f 462 546 548
f 462 460 546
f 462 551 554
f 462 551 554
f 462 460 551
f 462 464 463
f 462 461 463
f 462 545 544
f 462 545 461
f 462 460 545
f 462 460 546
f 462 460 554
f 462 554 464
f 462 542 544
f 462 542 461
f 462 460 554
f 462 558 464
f 462 442 441
f 462 464 442
f 462 464 442
f 462 542 541
f 462 542 541
f 462 460 558
f 462 456 441
f 462 461 448
f 462 460 461
f 462 464 437
f 462 539 464
f 462 539 541
f 462 541 540
f 462 450 456
f 462 460 450
f 462 456 424
f 462 450 448
f 462 460 450
f 462 437 441
f 462 464 437
f 462 464 565
f 462 460 571
f 462 460 565
f 462 539 541
f 462 539 540
f 462 424 441
f 462 456 424
f 462 464 424
f 462 564 464
f 462 464 568
f 462 571 568
f 462 460 571
f 462 460 564
f 462 538 539
f 462 538 539
f 462 456 422
f 462 571 214
f 462 571 574
f 462 460 574
f 462 461 537
f 462 538 537
f 462 538 461
f 462 424 422
f 462 464 424
f 462 456 364
f 462 460 456
f 462 218 214
f 462 422 418
f 462 422 418
f 462 218 467
f 462 218 217
f 462 460 217
f 462 460 218
f 462 418 467
f 462 418 380
f 462 218 364
f 462 380 467
f 462 218 364
f 462 460 364
f 462 380 467
f 462 418 380
f 462 218 356
f 462 460 356
f 462 324 218
f 462 324 352
f 462 460 352
f 462 324 218
f 462 324 328
f 462 460 328
f 462 218 328
f 462 460 328
f 462 460 218
f 589 590 698
f 589 588 698
f 589 588 590
f 589 588 696
f 589 591 696
f 589 590 591
f 589 588 695
f 589 695 591
f 589 588 695
f 589 694 591
f 589 694 695
f 589 694 695
f 589 590 591
f 589 588 590
f 589 591 692
f 589 688 692
f 589 688 591
f 589 585 688
f 589 588 585
f 589 688 591
f 589 577 591
f 589 579 577
f 589 590 586
f 589 580 579
f 589 585 688
f 589 591 685
f 589 577 591
f 589 579 577
f 589 580 582
f 589 585 685
f 589 677 591
f 589 594 582
f 589 594 591
f 589 585 581
f 589 580 581
f 589 580 585
f 589 677 585
f 589 677 591
f 589 597 594
f 589 629 597
f 589 629 597
f 589 637 641
f 589 582 669
f 589 582 663
f 589 677 585
f 589 591 674
f 589 645 637
f 589 645 641
f 589 645 637
f 589 674 582
f 589 585 674
f 589 591 663
f 589 582 662
f 589 591 669
f 589 645 582
f 589 645 650
f 589 649 645
f 589 591 662
f 589 582 662
f 589 649 582
f 589 649 645
f 589 650 651
f 589 649 650
f 589 591 662
f 589 660 582
f 589 660 591
f 589 660 659
f 589 660 591
f 634 635 633
f 634 546 633
f 634 546 635
f 634 546 633
f 634 546 635
f 634 635 548
f 634 633 549
f 634 548 549
f 634 550 633
f 634 548 549
f 634 635 548
f 634 550 549
f 634 550 551
f 634 632 550
f 634 632 550
f 634 456 551
f 634 635 456
f 634 632 551
f 634 456 551
f 634 632 552
f 634 456 552
f 634 456 554
f 634 632 554
f 634 635 633
f 634 456 554
f 634 632 554
f 634 633 666
f 634 632 666
f 634 632 633
f 634 635 637
f 634 556 632
f 634 637 665
f 634 635 637
f 634 665 663
f 634 632 665
f 634 629 663
f 634 629 632
f 634 637 662
f 634 558 632
f 634 629 662
f 634 564 637
f 634 637 565
f 634 558 560
f 634 637 662
f 634 629 662
f 634 564 637
f 634 567 565
f 634 637 571
f 634 564 629
f 634 564 629
f 634 564 632
f 634 637 660
f 634 629 660
f 634 637 571
f 634 637 574
f 634 629 574
f 634 629 571
f 634 629 567
f 634 629 567
f 634 629 571
f 634 645 637
f 634 629 645
f 634 629 645
f 634 637 582
f 634 629 582
f 634 589 637
f 634 589 629
f 634 589 637
f 634 589 629
f 634 597 637
f 634 629 597
f 634 629 597
f 630 626 631
f 630 546 631
f 630 546 626
f 630 546 631
f 630 546 626
f 630 626 628
f 630 629 628
f 630 626 631
f 630 626 628
f 630 549 631
f 630 629 549
f 630 629 628
f 630 550 549
f 630 629 550
f 630 632 631
f 630 550 551
f 630 629 550
f 630 632 670
f 630 629 670
f 630 629 632
f 630 629 551
f 630 632 551
f 630 632 551
f 630 632 552
f 630 629 552
f 630 632 554
f 630 629 554
f 630 629 632
f 570 629 620
f 570 629 571
f 570 629 571
f 570 615 620
f 570 615 571
f 570 511 569
f 570 609 569
f 570 609 615
f 570 609 615
f 570 507 511
f 570 571 507
f 570 571 507
f 570 511 569
f 570 571 511
f 570 609 607
f 570 609 607
f 570 518 569
f 570 571 518
f 570 571 518
f 570 521 572
f 570 521 518
f 570 521 518
f 570 571 599
f 570 599 601
f 570 571 599
f 570 597 572
f 570 597 599
f 570 597 599
f 561 615 562
f 561 615 560
f 561 615 560
f 561 562 620
f 561 560 620
f 561 562 620
f 561 560 620
f 561 627 562
f 561 627 560
f 561 627 628
f 561 627 560
f 561 629 628
f 561 629 560
f 561 629 632
f 561 634 632
f 561 629 563
f 561 629 632
f 561 634 560
f 561 634 632
f 561 560 637
f 561 634 637
f 561 637 563
f 561 560 458
f 561 558 560
f 561 564 458
f 561 564 563
f 561 558 562
f 561 460 564
f 561 558 560
f 561 460 558
f 561 562 545
f 561 563 562
f 561 521 563
f 561 558 518
f 561 462 460
f 561 462 460
f 561 545 555
f 561 563 545
f 561 521 555
f 561 521 563
f 561 564 518
f 561 564 563
f 561 521 518
f 561 558 518
f 561 558 511
f 561 462 564
f 561 462 558
f 561 564 511
f 561 558 507
f 561 564 464
f 561 558 464
f 561 564 507
f 561 558 507
f 561 564 467
f 561 558 467
f 561 564 482
f 561 558 500
f 561 564 473
f 561 558 473
f 561 507 565
f 561 564 507
f 561 558 482
f 561 564 478
f 561 558 482
f 561 482 565
f 561 564 482
f 561 558 498
f 561 564 476
f 561 558 476
f 561 565 500
f 561 558 478
f 561 564 478
f 561 558 487
f 561 487 565
f 561 558 478
f 561 498 565
f 561 558 487
f 561 487 490
f 561 558 492
f 561 492 490
f 604 563 605
f 604 603 605
f 604 603 563
f 604 564 563
f 604 603 564
f 604 603 564
f 604 603 566
f 604 607 566
f 604 607 567
f 604 607 684
f 604 567 569
f 604 607 569
f 604 601 684
f 604 603 601
f 604 684 683
f 604 607 683
f 604 601 567
f 604 603 601
f 604 570 607
f 604 601 684
f 604 687 686
f 604 603 687
f 604 607 680
f 604 570 601
f 604 570 607
f 604 601 680
f 604 687 605
f 604 603 687
f 604 607 677
f 604 570 571
f 604 677 601
f 604 605 688
f 604 603 688
f 604 607 677
f 604 607 573
f 604 677 601
f 604 605 690
f 604 603 690
f 604 571 601
f 604 573 601
f 604 573 571
f 604 573 601
f 604 607 573
f 604 601 674
f 604 601 669
f 604 607 669
f 604 605 690
f 604 603 690
f 604 674 669
f 604 607 669
f 604 607 674
f 604 599 601
f 604 607 663
f 604 605 693
f 604 603 693
f 604 603 605
f 604 607 574
f 604 599 663
f 604 599 601
f 604 607 662
f 604 577 574
f 604 599 577
f 604 599 577
f 604 597 599
f 604 629 645
f 604 607 629
f 604 629 597
f 604 607 629
f 604 599 662
f 604 607 662
f 604 597 582
f 604 607 582
f 604 607 597
f 604 657 645
f 604 599 662
f 604 607 660
f 604 660 599
f 604 607 660
f 604 660 599
f 606 560 605
f 606 563 605
f 606 607 563
f 606 560 562
f 606 607 562
f 606 564 563
f 606 607 564
f 606 605 608
f 606 560 608
f 606 560 605
f 606 607 564
f 606 608 690
f 606 605 690
f 606 608 690
f 606 607 608
f 606 605 690
f 606 604 564
f 606 604 564
f 606 604 607
f 606 608 693
f 606 605 693
f 606 605 608
f 606 605 688
f 606 687 688
f 606 607 687
f 606 687 605
f 606 607 687
f 606 604 687
f 606 604 687
f 606 607 686
f 606 604 686
f 606 607 684
f 606 604 684
f 606 604 607
f 529 530 465
f 529 530 466
f 529 531 466
f 529 531 530
f 529 531 469
f 529 531 469
f 529 469 471
f 529 531 471
f 529 531 471
f 529 532 473
f 529 531 532
f 529 474 532
f 529 476 474
f 529 476 474
f 529 478 476
f 529 478 480
f 529 482 480
f 529 482 532
f 529 482 525
f 529 487 532
f 529 487 525
f 529 487 532
f 529 579 532
f 529 531 579
f 529 575 532
f 529 575 576
f 529 487 490
f 529 492 532
f 529 492 490
f 529 498 492
f 529 575 572
f 529 575 532
f 529 498 492
f 529 572 525
f 529 498 525
f 529 536 572
f 529 536 532
f 529 507 525
f 529 507 532
f 529 532 500
f 529 498 500
f 529 498 532
f 529 566 525
f 529 536 566
f 529 536 518
f 529 507 525
f 529 507 532
f 529 536 563
f 529 536 563
f 529 518 525
f 529 536 518
f 529 564 566
f 529 564 563
f 529 564 563
f 529 518 511
f 529 536 511
f 529 536 532
f 652 454 456
f 652 653 454
f 652 456 651
f 652 653 456
f 652 454 651
f 652 653 454
f 652 651 574
f 652 653 574
f 652 651 337
f 652 653 337
f 652 651 582
f 652 653 582
f 652 651 24
f 652 653 24
f 652 589 651
f 652 589 653
f 652 651 24
f 652 653 24
f 652 589 645
f 652 651 22
f 652 653 22
f 652 645 646
f 652 653 645
f 652 653 645
f 652 589 645
f 652 589 653
f 652 651 22
f 652 653 22
f 652 647 646
f 652 653 647
f 652 651 21
f 652 653 21
f 652 647 651
f 652 653 19
f 652 651 644
f 652 647 644
f 652 653 647
f 652 19 20
f 652 651 20
f 652 19 18
f 652 653 18
f 652 653 19
f 652 693 644
f 652 651 693
f 652 682 644
f 652 653 682
f 652 653 693
f 652 651 693
f 652 653 693
f 652 682 678
f 652 653 678
f 652 653 682
f 654 655 454
f 654 653 454
f 654 655 456
f 654 653 456
f 654 655 454
f 654 653 454
f 654 655 574
f 654 653 574
f 654 655 337
f 654 653 337
f 654 655 582
f 654 653 582
f 654 655 24
f 654 653 24
f 654 589 655
f 654 589 653
f 654 655 22
f 654 653 22
f 654 589 655
f 654 589 653
f 654 655 22
f 654 653 22
f 654 597 655
f 654 655 21
f 654 653 21
f 654 597 645
f 654 653 645
f 654 597 655
f 654 655 19
f 654 653 19
f 654 653 645
f 654 655 19
f 654 653 19
f 654 645 646
f 654 655 645
f 654 653 646
f 654 655 18
f 654 653 18
f 654 655 644
f 654 653 644
f 654 655 16
f 654 655 670
f 654 653 670
f 654 16 17
f 654 653 17
f 654 655 670
f 654 653 670
f 654 16 15
f 654 655 15
f 654 655 16
f 654 655 678
f 654 653 678
f 654 655 698
f 654 655 693
f 654 653 693
f 654 655 693
f 654 653 693
f 658 659 574
f 658 657 574
f 658 659 582
f 658 657 582
f 658 659 574
f 658 657 574
f 658 589 659
f 658 589 657
f 658 659 337
f 658 657 337
f 658 589 657
f 658 659 22
f 658 657 22
f 658 597 594
f 658 657 597
f 658 594 591
f 658 589 591
f 658 589 594
f 658 659 22
f 658 657 22
f 658 597 599
f 658 657 597
f 658 659 21
f 658 657 21
f 658 604 599
f 658 604 657
f 658 659 19
f 658 657 19
f 658 604 657
f 658 659 19
f 658 657 19
f 658 645 659
f 658 657 645
f 658 607 645
f 658 604 607
f 658 604 607
f 658 659 18
f 658 657 18
f 658 657 642
f 658 659 16
f 658 657 16
f 658 659 641
f 658 642 641
f 658 659 16
f 658 657 16
f 658 642 643
f 658 657 642
f 658 659 15
f 658 657 15
f 658 644 665
f 658 659 665
f 658 643 644
f 658 657 643
f 658 657 644
f 658 659 13
f 658 657 13
f 658 659 665
f 658 657 665
f 658 659 13
f 658 657 13
f 658 659 11
f 658 657 11
f 658 8 7
f 658 659 7
f 658 659 8
f 658 8 9
f 658 657 9
f 658 659 8
f 658 659 11
f 658 657 11
f 658 659 10
f 658 657 10
f 656 655 574
f 656 657 574
f 656 655 582
f 656 657 582
f 656 655 456
f 656 657 456
f 656 589 655
f 656 589 657
f 656 655 454
f 656 589 655
f 656 589 657
f 656 454 456
f 656 657 456
f 656 655 454
f 656 597 655
f 656 657 597
f 656 655 337
f 656 597 655
f 656 657 597
f 656 337 24
f 656 657 337
f 656 655 24
f 656 657 645
f 656 655 22
f 656 657 22
f 656 645 643
f 656 655 645
f 656 657 643
f 656 655 22
f 656 657 22
f 656 655 644
f 656 657 644
f 656 655 21
f 656 657 21
f 656 655 19
f 656 657 19
f 656 693 689
f 656 655 689
f 656 655 693
f 656 693 665
f 656 655 693
f 656 655 19
f 656 657 19
f 656 665 698
f 656 657 665
f 656 655 698
f 656 655 18
f 656 657 18
f 656 655 703
f 656 657 703
f 656 655 16
f 656 657 16
f 656 655 13
f 656 655 16
f 656 657 16
f 656 13 12
f 656 657 12
f 656 657 13
f 656 655 13
f 656 657 13
f 656 655 15
f 656 657 15
f 494 491 498
f 494 493 491
f 494 493 491
f 494 498 497
f 494 493 498
f 494 561 558
f 494 558 492
f 494 558 498
f 494 561 558
f 494 497 496
f 494 561 492
f 494 551 492
f 494 498 551
f 494 561 498
f 494 571 492
f 494 571 497
f 494 571 492
f 494 571 497
f 494 492 398
f 494 492 399
f 494 492 565
f 494 548 551
f 494 548 498
f 494 498 565
f 494 498 497
f 494 492 574
f 494 497 574
f 494 497 398
f 494 497 496
f 494 496 401
f 494 492 403
f 494 548 545
f 494 548 498
f 494 401 399
f 494 496 495
f 494 496 401
f 494 403 495
f 494 492 404
f 494 493 492
f 494 542 545
f 494 542 498
f 494 404 403
f 494 542 539
f 494 542 539
f 494 404 405
f 494 493 404
f 494 536 498
f 494 536 539
f 494 536 539
f 494 405 495
f 494 493 495
f 494 493 405
f 557 610 608
f 557 556 610
f 557 605 608
f 557 556 605
f 557 556 605
f 557 610 559
f 557 556 610
f 557 613 559
f 557 556 613
f 557 614 613
f 557 556 614
f 557 615 614
f 557 556 615
f 557 615 559
f 557 558 559
f 557 556 559
f 557 556 615
f 557 617 559
f 557 556 617
f 557 619 617
f 557 458 456
f 557 558 458
f 557 634 456
f 557 634 556
f 557 556 619
f 557 619 620
f 557 558 620
f 557 460 458
f 557 460 558
f 557 460 558
f 557 558 637
f 557 634 637
f 557 634 558
f 557 634 558
f 557 634 556
f 557 556 619
f 557 558 629
f 557 556 629
f 557 558 620
f 557 556 620
f 557 558 629
f 557 556 629
f 557 558 624
f 557 556 624
f 557 627 558
f 557 627 556
f 557 627 558
f 557 627 556
f 528 459 530
f 528 459 527
f 528 459 527
f 528 530 461
f 528 527 461
f 528 529 530
f 528 527 465
f 528 529 465
f 528 527 466
f 528 529 466
f 528 527 530
f 528 527 466
f 528 529 466
f 528 527 469
f 528 529 469
f 528 527 579
f 528 527 469
f 528 529 469
f 528 579 576
f 528 529 576
f 528 529 579
f 528 527 471
f 528 529 471
f 528 474 525
f 528 476 525
f 528 529 476
f 528 529 474
f 528 529 473
f 528 474 525
f 528 527 525
f 528 529 478
f 528 529 474
f 528 474 473
f 528 476 525
f 528 478 525
f 528 478 476
f 528 478 480
f 528 529 478
f 528 482 480
f 528 529 482
f 528 529 482
f 583 589 586
f 583 589 579
f 583 586 575
f 583 579 575
f 583 585 586
f 583 586 575
f 583 588 585
f 583 589 588
f 583 589 588
f 583 589 580
f 583 589 580
f 583 575 572
f 583 586 572
f 583 562 575
f 583 562 575
f 583 580 585
f 583 575 566
f 583 586 566
f 583 562 586
f 583 562 586
f 583 556 575
f 583 556 579
f 583 585 584
f 583 585 581
f 583 528 529
f 583 528 527
f 583 556 586
f 583 556 579
f 583 580 521
f 583 580 520
f 583 528 529
f 583 528 527
f 583 527 579
f 583 556 586
f 583 579 549
f 583 581 513
f 583 584 515
f 583 586 584
f 583 520 586
f 583 518 584
f 583 520 518
f 583 521 520
f 583 580 518
f 583 529 531
f 583 529 531
f 583 528 530
f 583 527 526
f 583 527 526
f 583 579 524
f 583 549 586
f 583 579 549
f 583 700 513
f 583 584 700
f 583 516 515
f 583 584 516
f 583 518 584
f 583 521 586
f 583 523 521
f 583 580 521
f 583 523 521
f 583 580 517
f 583 531 530
f 583 531 579
f 583 526 524
f 583 526 524
f 583 523 579
f 583 549 586
f 583 579 547
f 583 700 513
f 583 511 513
f 583 581 511
f 583 581 582
f 583 580 516
f 583 580 581
f 583 584 517
f 583 523 586
f 583 523 524
f 583 531 586
f 583 579 532
f 583 531 532
f 583 586 547
f 583 511 700
f 583 584 582
f 583 534 586
f 583 579 534
f 583 540 586
f 583 541 540
f 583 541 579
f 583 541 579
f 583 538 579
f 583 510 511
f 583 510 582
f 583 510 582
f 583 579 534
f 583 540 586
f 583 538 540
f 583 538 579
f 583 534 586
f 583 534 535
f 583 536 535
f 583 536 579
f 583 536 579
